experiment_id,run_file,node_height_m,target_distance_m,tag_rotation_deg,expected_tags,participating_tags,missing_tags,tag_bearing_deg,valid_position,time,tag,a16,seq,range_cm,pdoa_deg,x_cm,y_cm,clk_ppm,t_us
ground-height-2m-20260828-133428,d008m_r270_run01.csv,2,8,270,dw00;dw01;dw02;dw03;dw04;dw05;dw06;dw07;dw08,dw00;dw01;dw02;dw03;dw04;dw05;dw06;dw07;dw08,,90,1,2026-08-30T19:07:50.604+0200,dw04,0F85,23,783,2,-436,650,3.06,62255
ground-height-2m-20260828-133428,d008m_r270_run01.csv,2,8,270,dw00;dw01;dw02;dw03;dw04;dw05;dw06;dw07;dw08,dw00;dw01;dw02;dw03;dw04;dw05;dw06;dw07;dw08,,105,1,2026-08-30T19:07:50.614+0200,dw05,4B92,158,782,38,-262,736,2.95,72204
ground-height-2m-20260828-133428,d008m_r270_run01.csv,2,8,270,dw00;dw01;dw02;dw03;dw04;dw05;dw06;dw07;dw08,dw00;dw01;dw02;dw03;dw04;dw05;dw06;dw07;dw08,,125,1,2026-08-30T19:07:50.624+0200,dw06,0789,202,782,81,-56,780,3.01,82275
ground-height-2m-20260828-133428,d008m_r270_run01.csv,2,8,270,dw00;dw01;dw02;dw03;dw04;dw05;dw06;dw07;dw08,dw00;dw01;dw02;dw03;dw04;dw05;dw06;dw07;dw08,,35,1,2026-08-30T19:07:50.684+0200,dw01,1729,57,792,-116,732,302,1.51,42327
ground-height-2m-20260828-133428,d008m_r270_run01.csv,2,8,270,dw00;dw01;dw02;dw03;dw04;dw05;dw06;dw07;dw08,dw00;dw01;dw02;dw03;dw04;dw05;dw06;dw07;dw08,,55,1,2026-08-30T19:07:50.694+0200,dw02,8FB0,87,785,-85,-785,0,1.93,52398
ground-height-2m-20260828-133428,d008m_r270_run01.csv,2,8,270,dw00;dw01;dw02;dw03;dw04;dw05;dw06;dw07;dw08,dw00;dw01;dw02;dw03;dw04;dw05;dw06;dw07;dw08,,145,1,2026-08-30T19:07:50.734+0200,dw07,5783,67,780,122,141,768,3.45,2147483
ground-height-2m-20260828-133428,d008m_r270_run01.csv,2,8,270,dw00;dw01;dw02;dw03;dw04;dw05;dw06;dw07;dw08,dw00;dw01;dw02;dw03;dw04;dw05;dw06;dw07;dw08,,75,1,2026-08-30T19:07:50.753+0200,dw03,021B,46,772,-38,-624,455,2.08,12268
ground-height-2m-20260828-133428,d008m_r270_run01.csv,2,8,270,dw00;dw01;dw02;dw03;dw04;dw05;dw06;dw07;dw08,dw00;dw01;dw02;dw03;dw04;dw05;dw06;dw07;dw08,,165,1,2026-08-30T19:07:50.764+0200,dw08,028E,76,784,143,246,744,3.33,22277
ground-height-2m-20260828-133428,d008m_r270_run01.csv,2,8,270,dw00;dw01;dw02;dw03;dw04;dw05;dw06;dw07;dw08,dw00;dw01;dw02;dw03;dw04;dw05;dw06;dw07;dw08,,15,1,2026-08-30T19:07:50.774+0200,dw00,8103,2,801,-162,516,612,1.25,32318
ground-height-2m-20260828-133428,d008m_r270_run01.csv,2,8,270,dw00;dw01;dw02;dw03;dw04;dw05;dw06;dw07;dw08,dw00;dw01;dw02;dw03;dw04;dw05;dw06;dw07;dw08,,90,1,2026-08-30T19:07:50.804+0200,dw04,0F85,24,784,6,-417,664,3.01,62286
ground-height-2m-20260828-133428,d008m_r270_run01.csv,2,8,270,dw00;dw01;dw02;dw03;dw04;dw05;dw06;dw07;dw08,dw00;dw01;dw02;dw03;dw04;dw05;dw06;dw07;dw08,,105,1,2026-08-30T19:07:50.814+0200,dw05,4B92,159,787,43,-239,749,3.01,72265
ground-height-2m-20260828-133428,d008m_r270_run01.csv,2,8,270,dw00;dw01;dw02;dw03;dw04;dw05;dw06;dw07;dw08,dw00;dw01;dw02;dw03;dw04;dw05;dw06;dw07;dw08,,125,1,2026-08-30T19:07:50.824+0200,dw06,0789,203,780,81,-52,779,3.06,82305
ground-height-2m-20260828-133428,d008m_r270_run01.csv,2,8,270,dw00;dw01;dw02;dw03;dw04;dw05;dw06;dw07;dw08,dw00;dw01;dw02;dw03;dw04;dw05;dw06;dw07;dw08,,35,1,2026-08-30T19:07:50.884+0200,dw01,1729,58,790,-125,688,388,1.57,42388
ground-height-2m-20260828-133428,d008m_r270_run01.csv,2,8,270,dw00;dw01;dw02;dw03;dw04;dw05;dw06;dw07;dw08,dw00;dw01;dw02;dw03;dw04;dw05;dw06;dw07;dw08,,55,1,2026-08-30T19:07:50.894+0200,dw02,8FB0,88,786,-88,786,0,1.93,52368
ground-height-2m-20260828-133428,d008m_r270_run01.csv,2,8,270,dw00;dw01;dw02;dw03;dw04;dw05;dw06;dw07;dw08,dw00;dw01;dw02;dw03;dw04;dw05;dw06;dw07;dw08,,145,1,2026-08-30T19:07:50.934+0200,dw07,5783,68,786,129,177,765,3.33,2147483
ground-height-2m-20260828-133428,d008m_r270_run01.csv,2,8,270,dw00;dw01;dw02;dw03;dw04;dw05;dw06;dw07;dw08,dw00;dw01;dw02;dw03;dw04;dw05;dw06;dw07;dw08,,75,1,2026-08-30T19:07:50.954+0200,dw03,021B,47,772,-39,-629,448,2.08,12268
ground-height-2m-20260828-133428,d008m_r270_run01.csv,2,8,270,dw00;dw01;dw02;dw03;dw04;dw05;dw06;dw07;dw08,dw00;dw01;dw02;dw03;dw04;dw05;dw06;dw07;dw08,,165,1,2026-08-30T19:07:50.963+0200,dw08,028E,77,780,165,347,698,3.33,22277
ground-height-2m-20260828-133428,d008m_r270_run01.csv,2,8,270,dw00;dw01;dw02;dw03;dw04;dw05;dw06;dw07;dw08,dw00;dw01;dw02;dw03;dw04;dw05;dw06;dw07;dw08,,15,1,2026-08-30T19:07:50.974+0200,dw00,8103,3,801,-165,501,624,2.83,32318
ground-height-2m-20260828-133428,d008m_r270_run01.csv,2,8,270,dw00;dw01;dw02;dw03;dw04;dw05;dw06;dw07;dw08,dw00;dw01;dw02;dw03;dw04;dw05;dw06;dw07;dw08,,90,1,2026-08-30T19:07:51.003+0200,dw04,0F85,25,781,8,-407,667,2.95,62225
ground-height-2m-20260828-133428,d008m_r270_run01.csv,2,8,270,dw00;dw01;dw02;dw03;dw04;dw05;dw06;dw07;dw08,dw00;dw01;dw02;dw03;dw04;dw05;dw06;dw07;dw08,,105,1,2026-08-30T19:07:51.014+0200,dw05,4B92,160,787,44,-235,750,3.01,72235
ground-height-2m-20260828-133428,d008m_r270_run01.csv,2,8,270,dw00;dw01;dw02;dw03;dw04;dw05;dw06;dw07;dw08,dw00;dw01;dw02;dw03;dw04;dw05;dw06;dw07;dw08,,125,1,2026-08-30T19:07:51.024+0200,dw06,0789,204,785,86,-29,785,3.01,82305
ground-height-2m-20260828-133428,d008m_r270_run01.csv,2,8,270,dw00;dw01;dw02;dw03;dw04;dw05;dw06;dw07;dw08,dw00;dw01;dw02;dw03;dw04;dw05;dw06;dw07;dw08,,35,1,2026-08-30T19:07:51.083+0200,dw01,1729,59,791,-118,725,315,1.57,42388
ground-height-2m-20260828-133428,d008m_r270_run01.csv,2,8,270,dw00;dw01;dw02;dw03;dw04;dw05;dw06;dw07;dw08,dw00;dw01;dw02;dw03;dw04;dw05;dw06;dw07;dw08,,55,1,2026-08-30T19:07:51.094+0200,dw02,8FB0,89,786,-83,-786,0,1.87,52368
ground-height-2m-20260828-133428,d008m_r270_run01.csv,2,8,270,dw00;dw01;dw02;dw03;dw04;dw05;dw06;dw07;dw08,dw00;dw01;dw02;dw03;dw04;dw05;dw06;dw07;dw08,,145,1,2026-08-30T19:07:51.134+0200,dw07,5783,69,787,128,174,768,3.39,2147483
ground-height-2m-20260828-133428,d008m_r270_run01.csv,2,8,270,dw00;dw01;dw02;dw03;dw04;dw05;dw06;dw07;dw08,dw00;dw01;dw02;dw03;dw04;dw05;dw06;dw07;dw08,,75,1,2026-08-30T19:07:51.154+0200,dw03,021B,48,772,-34,-605,479,2.08,12268
ground-height-2m-20260828-133428,d008m_r270_run01.csv,2,8,270,dw00;dw01;dw02;dw03;dw04;dw05;dw06;dw07;dw08,dw00;dw01;dw02;dw03;dw04;dw05;dw06;dw07;dw08,,165,1,2026-08-30T19:07:51.164+0200,dw08,028E,78,784,141,237,747,3.33,22277
ground-height-2m-20260828-133428,d008m_r270_run01.csv,2,8,270,dw00;dw01;dw02;dw03;dw04;dw05;dw06;dw07;dw08,dw00;dw01;dw02;dw03;dw04;dw05;dw06;dw07;dw08,,15,1,2026-08-30T19:07:51.173+0200,dw00,8103,4,800,-166,496,627,2.65,32257
ground-height-2m-20260828-133428,d008m_r270_run01.csv,2,8,270,dw00;dw01;dw02;dw03;dw04;dw05;dw06;dw07;dw08,dw00;dw01;dw02;dw03;dw04;dw05;dw06;dw07;dw08,,90,1,2026-08-30T19:07:51.204+0200,dw04,0F85,26,783,5,-419,662,3.01,62286
ground-height-2m-20260828-133428,d008m_r270_run01.csv,2,8,270,dw00;dw01;dw02;dw03;dw04;dw05;dw06;dw07;dw08,dw00;dw01;dw02;dw03;dw04;dw05;dw06;dw07;dw08,,105,1,2026-08-30T19:07:51.213+0200,dw05,4B92,161,783,36,-271,734,3.01,72296
ground-height-2m-20260828-133428,d008m_r270_run01.csv,2,8,270,dw00;dw01;dw02;dw03;dw04;dw05;dw06;dw07;dw08,dw00;dw01;dw02;dw03;dw04;dw05;dw06;dw07;dw08,,125,1,2026-08-30T19:07:51.224+0200,dw06,0789,205,783,92,-1,783,3.01,82305
ground-height-2m-20260828-133428,d008m_r270_run01.csv,2,8,270,dw00;dw01;dw02;dw03;dw04;dw05;dw06;dw07;dw08,dw00;dw01;dw02;dw03;dw04;dw05;dw06;dw07;dw08,,35,1,2026-08-30T19:07:51.284+0200,dw01,1729,60,789,-120,712,340,1.51,42327
ground-height-2m-20260828-133428,d008m_r270_run01.csv,2,8,270,dw00;dw01;dw02;dw03;dw04;dw05;dw06;dw07;dw08,dw00;dw01;dw02;dw03;dw04;dw05;dw06;dw07;dw08,,55,1,2026-08-30T19:07:51.293+0200,dw02,8FB0,90,782,-91,782,0,1.87,52429
ground-height-2m-20260828-133428,d008m_r270_run01.csv,2,8,270,dw00;dw01;dw02;dw03;dw04;dw05;dw06;dw07;dw08,dw00;dw01;dw02;dw03;dw04;dw05;dw06;dw07;dw08,,145,1,2026-08-30T19:07:51.333+0200,dw07,5783,70,785,128,174,765,3.45,2147483
ground-height-2m-20260828-133428,d008m_r270_run01.csv,2,8,270,dw00;dw01;dw02;dw03;dw04;dw05;dw06;dw07;dw08,dw00;dw01;dw02;dw03;dw04;dw05;dw06;dw07;dw08,,75,1,2026-08-30T19:07:51.354+0200,dw03,021B,49,769,-36,-611,467,2.08,12298
ground-height-2m-20260828-133428,d008m_r270_run01.csv,2,8,270,dw00;dw01;dw02;dw03;dw04;dw05;dw06;dw07;dw08,dw00;dw01;dw02;dw03;dw04;dw05;dw06;dw07;dw08,,165,1,2026-08-30T19:07:51.364+0200,dw08,028E,79,785,156,305,723,3.33,22308
ground-height-2m-20260828-133428,d008m_r270_run01.csv,2,8,270,dw00;dw01;dw02;dw03;dw04;dw05;dw06;dw07;dw08,dw00;dw01;dw02;dw03;dw04;dw05;dw06;dw07;dw08,,15,1,2026-08-30T19:07:51.373+0200,dw00,8103,5,800,-159,530,599,2.71,32257
ground-height-2m-20260828-133428,d008m_r270_run01.csv,2,8,270,dw00;dw01;dw02;dw03;dw04;dw05;dw06;dw07;dw08,dw00;dw01;dw02;dw03;dw04;dw05;dw06;dw07;dw08,,90,1,2026-08-30T19:07:51.404+0200,dw04,0F85,27,781,10,-396,674,2.95,62255
ground-height-2m-20260828-133428,d008m_r270_run01.csv,2,8,270,dw00;dw01;dw02;dw03;dw04;dw05;dw06;dw07;dw08,dw00;dw01;dw02;dw03;dw04;dw05;dw06;dw07;dw08,,105,1,2026-08-30T19:07:51.413+0200,dw05,4B92,162,784,46,-221,752,2.83,72265
ground-height-2m-20260828-133428,d008m_r270_run01.csv,2,8,270,dw00;dw01;dw02;dw03;dw04;dw05;dw06;dw07;dw08,dw00;dw01;dw02;dw03;dw04;dw05;dw06;dw07;dw08,,125,1,2026-08-30T19:07:51.423+0200,dw06,0789,206,785,76,-78,781,2.89,82244
ground-height-2m-20260828-133428,d008m_r270_run01.csv,2,8,270,dw00;dw01;dw02;dw03;dw04;dw05;dw06;dw07;dw08,dw00;dw01;dw02;dw03;dw04;dw05;dw06;dw07;dw08,,35,1,2026-08-30T19:07:51.484+0200,dw01,1729,61,788,-117,726,308,1.51,42327
ground-height-2m-20260828-133428,d008m_r270_run01.csv,2,8,270,dw00;dw01;dw02;dw03;dw04;dw05;dw06;dw07;dw08,dw00;dw01;dw02;dw03;dw04;dw05;dw06;dw07;dw08,,55,1,2026-08-30T19:07:51.494+0200,dw02,8FB0,91,783,-91,783,0,1.93,52368
ground-height-2m-20260828-133428,d008m_r270_run01.csv,2,8,270,dw00;dw01;dw02;dw03;dw04;dw05;dw06;dw07;dw08,dw00;dw01;dw02;dw03;dw04;dw05;dw06;dw07;dw08,,145,1,2026-08-30T19:07:51.534+0200,dw07,5783,71,782,129,178,762,3.39,2147483
ground-height-2m-20260828-133428,d008m_r270_run01.csv,2,8,270,dw00;dw01;dw02;dw03;dw04;dw05;dw06;dw07;dw08,dw00;dw01;dw02;dw03;dw04;dw05;dw06;dw07;dw08,,75,1,2026-08-30T19:07:51.553+0200,dw03,021B,50,769,-38,-623,450,2.08,12237
ground-height-2m-20260828-133428,d008m_r270_run01.csv,2,8,270,dw00;dw01;dw02;dw03;dw04;dw05;dw06;dw07;dw08,dw00;dw01;dw02;dw03;dw04;dw05;dw06;dw07;dw08,,165,1,2026-08-30T19:07:51.564+0200,dw08,028E,80,780,155,303,719,3.33,22277
ground-height-2m-20260828-133428,d008m_r270_run01.csv,2,8,270,dw00;dw01;dw02;dw03;dw04;dw05;dw06;dw07;dw08,dw00;dw01;dw02;dw03;dw04;dw05;dw06;dw07;dw08,,15,1,2026-08-30T19:07:51.574+0200,dw00,8103,6,799,-152,565,565,2.77,32287
ground-height-2m-20260828-133428,d008m_r270_run01.csv,2,8,270,dw00;dw01;dw02;dw03;dw04;dw05;dw06;dw07;dw08,dw00;dw01;dw02;dw03;dw04;dw05;dw06;dw07;dw08,,90,1,2026-08-30T19:07:51.604+0200,dw04,0F85,28,786,4,-426,661,3.06,62255
ground-height-2m-20260828-133428,d008m_r270_run01.csv,2,8,270,dw00;dw01;dw02;dw03;dw04;dw05;dw06;dw07;dw08,dw00;dw01;dw02;dw03;dw04;dw05;dw06;dw07;dw08,,105,1,2026-08-30T19:07:51.614+0200,dw05,4B92,163,781,38,-261,736,2.89,72265
ground-height-2m-20260828-133428,d008m_r270_run01.csv,2,8,270,dw00;dw01;dw02;dw03;dw04;dw05;dw06;dw07;dw08,dw00;dw01;dw02;dw03;dw04;dw05;dw06;dw07;dw08,,125,1,2026-08-30T19:07:51.623+0200,dw06,0789,207,786,89,-13,786,2.95,82305
ground-height-2m-20260828-133428,d008m_r270_run01.csv,2,8,270,dw00;dw01;dw02;dw03;dw04;dw05;dw06;dw07;dw08,dw00;dw01;dw02;dw03;dw04;dw05;dw06;dw07;dw08,,35,1,2026-08-30T19:07:51.684+0200,dw01,1729,62,788,-130,660,430,1.57,42388
ground-height-2m-20260828-133428,d008m_r270_run01.csv,2,8,270,dw00;dw01;dw02;dw03;dw04;dw05;dw06;dw07;dw08,dw00;dw01;dw02;dw03;dw04;dw05;dw06;dw07;dw08,,55,1,2026-08-30T19:07:51.694+0200,dw02,8FB0,92,786,-86,-786,0,1.99,52368
ground-height-2m-20260828-133428,d008m_r270_run01.csv,2,8,270,dw00;dw01;dw02;dw03;dw04;dw05;dw06;dw07;dw08,dw00;dw01;dw02;dw03;dw04;dw05;dw06;dw07;dw08,,145,1,2026-08-30T19:07:51.734+0200,dw07,5783,72,783,125,159,766,3.45,2147483
ground-height-2m-20260828-133428,d008m_r270_run01.csv,2,8,270,dw00;dw01;dw02;dw03;dw04;dw05;dw06;dw07;dw08,dw00;dw01;dw02;dw03;dw04;dw05;dw06;dw07;dw08,,75,1,2026-08-30T19:07:51.753+0200,dw03,021B,51,774,-36,-616,469,2.08,12298
ground-height-2m-20260828-133428,d008m_r270_run01.csv,2,8,270,dw00;dw01;dw02;dw03;dw04;dw05;dw06;dw07;dw08,dw00;dw01;dw02;dw03;dw04;dw05;dw06;dw07;dw08,,165,1,2026-08-30T19:07:51.763+0200,dw08,028E,81,782,150,280,730,3.27,22277
ground-height-2m-20260828-133428,d008m_r270_run01.csv,2,8,270,dw00;dw01;dw02;dw03;dw04;dw05;dw06;dw07;dw08,dw00;dw01;dw02;dw03;dw04;dw05;dw06;dw07;dw08,,15,1,2026-08-30T19:07:51.774+0200,dw00,8103,7,800,-160,524,605,2.77,32287
ground-height-2m-20260828-133428,d008m_r270_run01.csv,2,8,270,dw00;dw01;dw02;dw03;dw04;dw05;dw06;dw07;dw08,dw00;dw01;dw02;dw03;dw04;dw05;dw06;dw07;dw08,,90,1,2026-08-30T19:07:51.803+0200,dw04,0F85,29,782,2,-433,651,3.01,62255
ground-height-2m-20260828-133428,d008m_r270_run01.csv,2,8,270,dw00;dw01;dw02;dw03;dw04;dw05;dw06;dw07;dw08,dw00;dw01;dw02;dw03;dw04;dw05;dw06;dw07;dw08,,105,1,2026-08-30T19:07:51.814+0200,dw05,4B92,164,785,41,-248,744,2.95,72235
ground-height-2m-20260828-133428,d008m_r270_run01.csv,2,8,270,dw00;dw01;dw02;dw03;dw04;dw05;dw06;dw07;dw08,dw00;dw01;dw02;dw03;dw04;dw05;dw06;dw07;dw08,,125,1,2026-08-30T19:07:51.824+0200,dw06,0789,208,783,84,-37,782,3.01,82275
ground-height-2m-20260828-133428,d008m_r270_run01.csv,2,8,270,dw00;dw01;dw02;dw03;dw04;dw05;dw06;dw07;dw08,dw00;dw01;dw02;dw03;dw04;dw05;dw06;dw07;dw08,,35,1,2026-08-30T19:07:51.883+0200,dw01,1729,63,791,-129,669,422,1.57,42358
ground-height-2m-20260828-133428,d008m_r270_run01.csv,2,8,270,dw00;dw01;dw02;dw03;dw04;dw05;dw06;dw07;dw08,dw00;dw01;dw02;dw03;dw04;dw05;dw06;dw07;dw08,,55,1,2026-08-30T19:07:51.894+0200,dw02,8FB0,93,784,-87,784,0,1.99,52429
ground-height-2m-20260828-133428,d008m_r270_run01.csv,2,8,270,dw00;dw01;dw02;dw03;dw04;dw05;dw06;dw07;dw08,dw00;dw01;dw02;dw03;dw04;dw05;dw06;dw07;dw08,,145,1,2026-08-30T19:07:51.934+0200,dw07,5783,73,785,133,197,759,3.45,2147483
ground-height-2m-20260828-133428,d008m_r270_run01.csv,2,8,270,dw00;dw01;dw02;dw03;dw04;dw05;dw06;dw07;dw08,dw00;dw01;dw02;dw03;dw04;dw05;dw06;dw07;dw08,,75,1,2026-08-30T19:07:51.953+0200,dw03,021B,52,771,-31,-591,495,2.08,12268
ground-height-2m-20260828-133428,d008m_r270_run01.csv,2,8,270,dw00;dw01;dw02;dw03;dw04;dw05;dw06;dw07;dw08,dw00;dw01;dw02;dw03;dw04;dw05;dw06;dw07;dw08,,165,1,2026-08-30T19:07:51.963+0200,dw08,028E,82,785,152,290,730,3.33,22277
ground-height-2m-20260828-133428,d008m_r270_run01.csv,2,8,270,dw00;dw01;dw02;dw03;dw04;dw05;dw06;dw07;dw08,dw00;dw01;dw02;dw03;dw04;dw05;dw06;dw07;dw08,,15,1,2026-08-30T19:07:51.973+0200,dw00,8103,8,800,-163,509,617,2.71,32257
ground-height-2m-20260828-133428,d008m_r270_run01.csv,2,8,270,dw00;dw01;dw02;dw03;dw04;dw05;dw06;dw07;dw08,dw00;dw01;dw02;dw03;dw04;dw05;dw06;dw07;dw08,,90,1,2026-08-30T19:07:52.003+0200,dw04,0F85,30,784,6,-416,665,2.95,62255
ground-height-2m-20260828-133428,d008m_r270_run01.csv,2,8,270,dw00;dw01;dw02;dw03;dw04;dw05;dw06;dw07;dw08,dw00;dw01;dw02;dw03;dw04;dw05;dw06;dw07;dw08,,105,1,2026-08-30T19:07:52.013+0200,dw05,4B92,165,782,42,-244,743,2.95,72265
ground-height-2m-20260828-133428,d008m_r270_run01.csv,2,8,270,dw00;dw01;dw02;dw03;dw04;dw05;dw06;dw07;dw08,dw00;dw01;dw02;dw03;dw04;dw05;dw06;dw07;dw08,,125,1,2026-08-30T19:07:52.024+0200,dw06,0789,209,785,80,-58,783,2.95,82244
ground-height-2m-20260828-133428,d008m_r270_run01.csv,2,8,270,dw00;dw01;dw02;dw03;dw04;dw05;dw06;dw07;dw08,dw00;dw01;dw02;dw03;dw04;dw05;dw06;dw07;dw08,,35,1,2026-08-30T19:07:52.083+0200,dw01,1729,64,790,-114,740,275,1.51,42327
ground-height-2m-20260828-133428,d008m_r270_run01.csv,2,8,270,dw00;dw01;dw02;dw03;dw04;dw05;dw06;dw07;dw08,dw00;dw01;dw02;dw03;dw04;dw05;dw06;dw07;dw08,,55,1,2026-08-30T19:07:52.093+0200,dw02,8FB0,94,785,-85,-785,0,1.99,52398
ground-height-2m-20260828-133428,d008m_r270_run01.csv,2,8,270,dw00;dw01;dw02;dw03;dw04;dw05;dw06;dw07;dw08,dw00;dw01;dw02;dw03;dw04;dw05;dw06;dw07;dw08,,145,1,2026-08-30T19:07:52.133+0200,dw07,5783,74,786,124,154,771,3.33,2147483
ground-height-2m-20260828-133428,d008m_r270_run01.csv,2,8,270,dw00;dw01;dw02;dw03;dw04;dw05;dw06;dw07;dw08,dw00;dw01;dw02;dw03;dw04;dw05;dw06;dw07;dw08,,75,1,2026-08-30T19:07:52.154+0200,dw03,021B,53,774,-35,-610,477,2.08,12268
ground-height-2m-20260828-133428,d008m_r270_run01.csv,2,8,270,dw00;dw01;dw02;dw03;dw04;dw05;dw06;dw07;dw08,dw00;dw01;dw02;dw03;dw04;dw05;dw06;dw07;dw08,,165,1,2026-08-30T19:07:52.163+0200,dw08,028E,83,785,151,281,732,3.33,22277
ground-height-2m-20260828-133428,d008m_r270_run01.csv,2,8,270,dw00;dw01;dw02;dw03;dw04;dw05;dw06;dw07;dw08,dw00;dw01;dw02;dw03;dw04;dw05;dw06;dw07;dw08,,15,1,2026-08-30T19:07:52.173+0200,dw00,8103,9,801,-168,487,636,2.71,32287
ground-height-2m-20260828-133428,d008m_r270_run01.csv,2,8,270,dw00;dw01;dw02;dw03;dw04;dw05;dw06;dw07;dw08,dw00;dw01;dw02;dw03;dw04;dw05;dw06;dw07;dw08,,90,1,2026-08-30T19:07:52.203+0200,dw04,0F85,31,787,7,-414,669,3.06,62255
ground-height-2m-20260828-133428,d008m_r270_run01.csv,2,8,270,dw00;dw01;dw02;dw03;dw04;dw05;dw06;dw07;dw08,dw00;dw01;dw02;dw03;dw04;dw05;dw06;dw07;dw08,,105,1,2026-08-30T19:07:52.213+0200,dw05,4B92,166,784,42,-244,745,3.01,72204
ground-height-2m-20260828-133428,d008m_r270_run01.csv,2,8,270,dw00;dw01;dw02;dw03;dw04;dw05;dw06;dw07;dw08,dw00;dw01;dw02;dw03;dw04;dw05;dw06;dw07;dw08,,125,1,2026-08-30T19:07:52.223+0200,dw06,0789,210,783,86,-32,783,3.15,82275
ground-height-2m-20260828-133428,d008m_r270_run01.csv,2,8,270,dw00;dw01;dw02;dw03;dw04;dw05;dw06;dw07;dw08,dw00;dw01;dw02;dw03;dw04;dw05;dw06;dw07;dw08,,35,1,2026-08-30T19:07:52.283+0200,dw01,1729,65,790,-124,696,375,1.57,42327
ground-height-2m-20260828-133428,d008m_r270_run01.csv,2,8,270,dw00;dw01;dw02;dw03;dw04;dw05;dw06;dw07;dw08,dw00;dw01;dw02;dw03;dw04;dw05;dw06;dw07;dw08,,55,1,2026-08-30T19:07:52.293+0200,dw02,8FB0,95,788,-85,-789,0,1.87,52398
ground-height-2m-20260828-133428,d008m_r270_run01.csv,2,8,270,dw00;dw01;dw02;dw03;dw04;dw05;dw06;dw07;dw08,dw00;dw01;dw02;dw03;dw04;dw05;dw06;dw07;dw08,,145,1,2026-08-30T19:07:52.333+0200,dw07,5783,75,784,126,164,766,3.33,2147483
ground-height-2m-20260828-133428,d008m_r270_run01.csv,2,8,270,dw00;dw01;dw02;dw03;dw04;dw05;dw06;dw07;dw08,dw00;dw01;dw02;dw03;dw04;dw05;dw06;dw07;dw08,,75,1,2026-08-30T19:07:52.353+0200,dw03,021B,54,770,-40,-631,442,2.02,12268
ground-height-2m-20260828-133428,d008m_r270_run01.csv,2,8,270,dw00;dw01;dw02;dw03;dw04;dw05;dw06;dw07;dw08,dw00;dw01;dw02;dw03;dw04;dw05;dw06;dw07;dw08,,165,1,2026-08-30T19:07:52.364+0200,dw08,028E,84,782,145,252,740,3.27,22277
ground-height-2m-20260828-133428,d008m_r270_run01.csv,2,8,270,dw00;dw01;dw02;dw03;dw04;dw05;dw06;dw07;dw08,dw00;dw01;dw02;dw03;dw04;dw05;dw06;dw07;dw08,,15,1,2026-08-30T19:07:52.373+0200,dw00,8103,10,806,-160,528,609,2.77,32257
ground-height-2m-20260828-133428,d008m_r270_run01.csv,2,8,270,dw00;dw01;dw02;dw03;dw04;dw05;dw06;dw07;dw08,dw00;dw01;dw02;dw03;dw04;dw05;dw06;dw07;dw08,,90,1,2026-08-30T19:07:52.404+0200,dw04,0F85,32,782,1,-437,648,3.06,62255
ground-height-2m-20260828-133428,d008m_r270_run01.csv,2,8,270,dw00;dw01;dw02;dw03;dw04;dw05;dw06;dw07;dw08,dw00;dw01;dw02;dw03;dw04;dw05;dw06;dw07;dw08,,105,1,2026-08-30T19:07:52.413+0200,dw05,4B92,167,786,39,-256,742,2.95,72265
ground-height-2m-20260828-133428,d008m_r270_run01.csv,2,8,270,dw00;dw01;dw02;dw03;dw04;dw05;dw06;dw07;dw08,dw00;dw01;dw02;dw03;dw04;dw05;dw06;dw07;dw08,,125,1,2026-08-30T19:07:52.423+0200,dw06,0789,211,786,86,-29,785,2.95,82275
ground-height-2m-20260828-133428,d008m_r270_run01.csv,2,8,270,dw00;dw01;dw02;dw03;dw04;dw05;dw06;dw07;dw08,dw00;dw01;dw02;dw03;dw04;dw05;dw06;dw07;dw08,,35,1,2026-08-30T19:07:52.484+0200,dw01,1729,66,789,-129,669,417,1.51,42358
ground-height-2m-20260828-133428,d008m_r270_run01.csv,2,8,270,dw00;dw01;dw02;dw03;dw04;dw05;dw06;dw07;dw08,dw00;dw01;dw02;dw03;dw04;dw05;dw06;dw07;dw08,,55,1,2026-08-30T19:07:52.493+0200,dw02,8FB0,96,784,-82,-784,0,1.99,52368
ground-height-2m-20260828-133428,d008m_r270_run01.csv,2,8,270,dw00;dw01;dw02;dw03;dw04;dw05;dw06;dw07;dw08,dw00;dw01;dw02;dw03;dw04;dw05;dw06;dw07;dw08,,145,1,2026-08-30T19:07:52.533+0200,dw07,5783,76,783,130,183,761,3.39,2147483
ground-height-2m-20260828-133428,d008m_r270_run01.csv,2,8,270,dw00;dw01;dw02;dw03;dw04;dw05;dw06;dw07;dw08,dw00;dw01;dw02;dw03;dw04;dw05;dw06;dw07;dw08,,75,1,2026-08-30T19:07:52.553+0200,dw03,021B,55,770,-40,-631,440,2.08,12268
ground-height-2m-20260828-133428,d008m_r270_run01.csv,2,8,270,dw00;dw01;dw02;dw03;dw04;dw05;dw06;dw07;dw08,dw00;dw01;dw02;dw03;dw04;dw05;dw06;dw07;dw08,,165,1,2026-08-30T19:07:52.563+0200,dw08,028E,85,783,147,265,736,3.33,22308
ground-height-2m-20260828-133428,d008m_r270_run01.csv,2,8,270,dw00;dw01;dw02;dw03;dw04;dw05;dw06;dw07;dw08,dw00;dw01;dw02;dw03;dw04;dw05;dw06;dw07;dw08,,15,1,2026-08-30T19:07:52.574+0200,dw00,8103,11,797,-167,488,630,2.71,32257
ground-height-2m-20260828-133428,d008m_r270_run01.csv,2,8,270,dw00;dw01;dw02;dw03;dw04;dw05;dw06;dw07;dw08,dw00;dw01;dw02;dw03;dw04;dw05;dw06;dw07;dw08,,90,1,2026-08-30T19:07:52.603+0200,dw04,0F85,33,786,10,-397,678,2.95,62255
ground-height-2m-20260828-133428,d008m_r270_run01.csv,2,8,270,dw00;dw01;dw02;dw03;dw04;dw05;dw06;dw07;dw08,dw00;dw01;dw02;dw03;dw04;dw05;dw06;dw07;dw08,,105,1,2026-08-30T19:07:52.614+0200,dw05,4B92,168,786,35,-277,736,2.89,72296
ground-height-2m-20260828-133428,d008m_r270_run01.csv,2,8,270,dw00;dw01;dw02;dw03;dw04;dw05;dw06;dw07;dw08,dw00;dw01;dw02;dw03;dw04;dw05;dw06;dw07;dw08,,125,1,2026-08-30T19:07:52.623+0200,dw06,0789,212,787,84,-41,786,3.06,82275
ground-height-2m-20260828-133428,d008m_r270_run01.csv,2,8,270,dw00;dw01;dw02;dw03;dw04;dw05;dw06;dw07;dw08,dw00;dw01;dw02;dw03;dw04;dw05;dw06;dw07;dw08,,35,1,2026-08-30T19:07:52.683+0200,dw01,1729,67,791,-126,685,397,1.57,42388
ground-height-2m-20260828-133428,d008m_r270_run01.csv,2,8,270,dw00;dw01;dw02;dw03;dw04;dw05;dw06;dw07;dw08,dw00;dw01;dw02;dw03;dw04;dw05;dw06;dw07;dw08,,55,1,2026-08-30T19:07:52.694+0200,dw02,8FB0,97,783,-89,783,0,1.93,52368
ground-height-2m-20260828-133428,d008m_r270_run01.csv,2,8,270,dw00;dw01;dw02;dw03;dw04;dw05;dw06;dw07;dw08,dw00;dw01;dw02;dw03;dw04;dw05;dw06;dw07;dw08,,145,1,2026-08-30T19:07:52.734+0200,dw07,5783,77,782,124,153,767,3.33,2147483
ground-height-2m-20260828-133428,d008m_r270_run01.csv,2,8,270,dw00;dw01;dw02;dw03;dw04;dw05;dw06;dw07;dw08,dw00;dw01;dw02;dw03;dw04;dw05;dw06;dw07;dw08,,75,1,2026-08-30T19:07:52.753+0200,dw03,021B,56,770,-35,-610,470,2.08,12268
ground-height-2m-20260828-133428,d008m_r270_run01.csv,2,8,270,dw00;dw01;dw02;dw03;dw04;dw05;dw06;dw07;dw08,dw00;dw01;dw02;dw03;dw04;dw05;dw06;dw07;dw08,,165,1,2026-08-30T19:07:52.763+0200,dw08,028E,86,781,156,305,719,3.33,22277
ground-height-2m-20260828-133428,d008m_r270_run01.csv,2,8,270,dw00;dw01;dw02;dw03;dw04;dw05;dw06;dw07;dw08,dw00;dw01;dw02;dw03;dw04;dw05;dw06;dw07;dw08,,15,1,2026-08-30T19:07:52.773+0200,dw00,8103,12,807,-164,508,627,2.71,32257
ground-height-2m-20260828-133428,d008m_r270_run01.csv,2,8,270,dw00;dw01;dw02;dw03;dw04;dw05;dw06;dw07;dw08,dw00;dw01;dw02;dw03;dw04;dw05;dw06;dw07;dw08,,90,1,2026-08-30T19:07:52.803+0200,dw04,0F85,34,785,7,-412,668,3.01,62255
ground-height-2m-20260828-133428,d008m_r270_run01.csv,2,8,270,dw00;dw01;dw02;dw03;dw04;dw05;dw06;dw07;dw08,dw00;dw01;dw02;dw03;dw04;dw05;dw06;dw07;dw08,,105,1,2026-08-30T19:07:52.813+0200,dw05,4B92,169,787,40,-251,746,2.89,72235
ground-height-2m-20260828-133428,d008m_r270_run01.csv,2,8,270,dw00;dw01;dw02;dw03;dw04;dw05;dw06;dw07;dw08,dw00;dw01;dw02;dw03;dw04;dw05;dw06;dw07;dw08,,125,1,2026-08-30T19:07:52.823+0200,dw06,0789,213,784,78,-68,781,3.06,82305
ground-height-2m-20260828-133428,d008m_r270_run01.csv,2,8,270,dw00;dw01;dw02;dw03;dw04;dw05;dw06;dw07;dw08,dw00;dw01;dw02;dw03;dw04;dw05;dw06;dw07;dw08,,35,1,2026-08-30T19:07:52.883+0200,dw01,1729,68,786,-125,684,386,1.51,42327
ground-height-2m-20260828-133428,d008m_r270_run01.csv,2,8,270,dw00;dw01;dw02;dw03;dw04;dw05;dw06;dw07;dw08,dw00;dw01;dw02;dw03;dw04;dw05;dw06;dw07;dw08,,55,1,2026-08-30T19:07:52.893+0200,dw02,8FB0,98,788,-88,787,0,2.02,52398
ground-height-2m-20260828-133428,d008m_r270_run01.csv,2,8,270,dw00;dw01;dw02;dw03;dw04;dw05;dw06;dw07;dw08,dw00;dw01;dw02;dw03;dw04;dw05;dw06;dw07;dw08,,145,1,2026-08-30T19:07:52.933+0200,dw07,5783,78,784,126,163,767,3.39,2147483
ground-height-2m-20260828-133428,d008m_r270_run01.csv,2,8,270,dw00;dw01;dw02;dw03;dw04;dw05;dw06;dw07;dw08,dw00;dw01;dw02;dw03;dw04;dw05;dw06;dw07;dw08,,75,1,2026-08-30T19:07:52.953+0200,dw03,021B,57,770,-41,-636,433,2.08,12268
ground-height-2m-20260828-133428,d008m_r270_run01.csv,2,8,270,dw00;dw01;dw02;dw03;dw04;dw05;dw06;dw07;dw08,dw00;dw01;dw02;dw03;dw04;dw05;dw06;dw07;dw08,,165,1,2026-08-30T19:07:52.963+0200,dw08,028E,87,785,149,274,736,3.39,22277
ground-height-2m-20260828-133428,d008m_r270_run01.csv,2,8,270,dw00;dw01;dw02;dw03;dw04;dw05;dw06;dw07;dw08,dw00;dw01;dw02;dw03;dw04;dw05;dw06;dw07;dw08,,15,1,2026-08-30T19:07:52.973+0200,dw00,8103,13,804,-165,505,626,2.71,32257
ground-height-2m-20260828-133428,d008m_r270_run01.csv,2,8,270,dw00;dw01;dw02;dw03;dw04;dw05;dw06;dw07;dw08,dw00;dw01;dw02;dw03;dw04;dw05;dw06;dw07;dw08,,90,1,2026-08-30T19:07:53.003+0200,dw04,0F85,35,785,2,-436,653,2.89,62255
ground-height-2m-20260828-133428,d008m_r270_run01.csv,2,8,270,dw00;dw01;dw02;dw03;dw04;dw05;dw06;dw07;dw08,dw00;dw01;dw02;dw03;dw04;dw05;dw06;dw07;dw08,,105,1,2026-08-30T19:07:53.013+0200,dw05,4B92,170,784,39,-256,741,2.95,72204
ground-height-2m-20260828-133428,d008m_r270_run01.csv,2,8,270,dw00;dw01;dw02;dw03;dw04;dw05;dw06;dw07;dw08,dw00;dw01;dw02;dw03;dw04;dw05;dw06;dw07;dw08,,125,1,2026-08-30T19:07:53.023+0200,dw06,0789,214,784,80,-58,782,3.01,82244
ground-height-2m-20260828-133428,d008m_r270_run01.csv,2,8,270,dw00;dw01;dw02;dw03;dw04;dw05;dw06;dw07;dw08,dw00;dw01;dw02;dw03;dw04;dw05;dw06;dw07;dw08,,35,1,2026-08-30T19:07:53.083+0200,dw01,1729,69,790,-125,690,385,1.57,42388
ground-height-2m-20260828-133428,d008m_r270_run01.csv,2,8,270,dw00;dw01;dw02;dw03;dw04;dw05;dw06;dw07;dw08,dw00;dw01;dw02;dw03;dw04;dw05;dw06;dw07;dw08,,55,1,2026-08-30T19:07:53.093+0200,dw02,8FB0,99,784,-83,-784,0,1.93,52337
ground-height-2m-20260828-133428,d008m_r270_run01.csv,2,8,270,dw00;dw01;dw02;dw03;dw04;dw05;dw06;dw07;dw08,dw00;dw01;dw02;dw03;dw04;dw05;dw06;dw07;dw08,,145,1,2026-08-30T19:07:53.133+0200,dw07,5783,79,783,129,175,763,3.45,2147483
ground-height-2m-20260828-133428,d008m_r270_run01.csv,2,8,270,dw00;dw01;dw02;dw03;dw04;dw05;dw06;dw07;dw08,dw00;dw01;dw02;dw03;dw04;dw05;dw06;dw07;dw08,,75,1,2026-08-30T19:07:53.153+0200,dw03,021B,58,773,-26,-568,523,2.14,12268
ground-height-2m-20260828-133428,d008m_r270_run01.csv,2,8,270,dw00;dw01;dw02;dw03;dw04;dw05;dw06;dw07;dw08,dw00;dw01;dw02;dw03;dw04;dw05;dw06;dw07;dw08,,165,1,2026-08-30T19:07:53.163+0200,dw08,028E,88,780,151,280,728,3.33,22277
ground-height-2m-20260828-133428,d008m_r270_run01.csv,2,8,270,dw00;dw01;dw02;dw03;dw04;dw05;dw06;dw07;dw08,dw00;dw01;dw02;dw03;dw04;dw05;dw06;dw07;dw08,,15,1,2026-08-30T19:07:53.173+0200,dw00,8103,14,805,-157,544,593,2.77,32287
ground-height-2m-20260828-133428,d008m_r270_run01.csv,2,8,270,dw00;dw01;dw02;dw03;dw04;dw05;dw06;dw07;dw08,dw00;dw01;dw02;dw03;dw04;dw05;dw06;dw07;dw08,,90,1,2026-08-30T19:07:53.203+0200,dw04,0F85,36,784,2,-435,652,3.01,62255
ground-height-2m-20260828-133428,d008m_r270_run01.csv,2,8,270,dw00;dw01;dw02;dw03;dw04;dw05;dw06;dw07;dw08,dw00;dw01;dw02;dw03;dw04;dw05;dw06;dw07;dw08,,105,1,2026-08-30T19:07:53.213+0200,dw05,4B92,171,785,39,-257,742,2.95,72235
ground-height-2m-20260828-133428,d008m_r270_run01.csv,2,8,270,dw00;dw01;dw02;dw03;dw04;dw05;dw06;dw07;dw08,dw00;dw01;dw02;dw03;dw04;dw05;dw06;dw07;dw08,,125,1,2026-08-30T19:07:53.223+0200,dw06,0789,215,788,83,-45,786,3.01,82275
ground-height-2m-20260828-133428,d008m_r270_run01.csv,2,8,270,dw00;dw01;dw02;dw03;dw04;dw05;dw06;dw07;dw08,dw00;dw01;dw02;dw03;dw04;dw05;dw06;dw07;dw08,,35,1,2026-08-30T19:07:53.283+0200,dw01,1729,70,788,-130,663,426,1.63,42358
ground-height-2m-20260828-133428,d008m_r270_run01.csv,2,8,270,dw00;dw01;dw02;dw03;dw04;dw05;dw06;dw07;dw08,dw00;dw01;dw02;dw03;dw04;dw05;dw06;dw07;dw08,,55,1,2026-08-30T19:07:53.293+0200,dw02,8FB0,100,786,-88,786,0,1.99,52368
ground-height-2m-20260828-133428,d008m_r270_run01.csv,2,8,270,dw00;dw01;dw02;dw03;dw04;dw05;dw06;dw07;dw08,dw00;dw01;dw02;dw03;dw04;dw05;dw06;dw07;dw08,,145,1,2026-08-30T19:07:53.333+0200,dw07,5783,80,781,128,172,762,3.33,2147483
ground-height-2m-20260828-133428,d008m_r270_run01.csv,2,8,270,dw00;dw01;dw02;dw03;dw04;dw05;dw06;dw07;dw08,dw00;dw01;dw02;dw03;dw04;dw05;dw06;dw07;dw08,,75,1,2026-08-30T19:07:53.353+0200,dw03,021B,59,771,-36,-617,463,2.14,12268
ground-height-2m-20260828-133428,d008m_r270_run01.csv,2,8,270,dw00;dw01;dw02;dw03;dw04;dw05;dw06;dw07;dw08,dw00;dw01;dw02;dw03;dw04;dw05;dw06;dw07;dw08,,165,1,2026-08-30T19:07:53.363+0200,dw08,028E,89,783,149,274,734,3.45,22277
ground-height-2m-20260828-133428,d008m_r270_run01.csv,2,8,270,dw00;dw01;dw02;dw03;dw04;dw05;dw06;dw07;dw08,dw00;dw01;dw02;dw03;dw04;dw05;dw06;dw07;dw08,,15,1,2026-08-30T19:07:53.373+0200,dw00,8103,15,803,-162,516,615,2.77,32287
ground-height-2m-20260828-133428,d008m_r270_run01.csv,2,8,270,dw00;dw01;dw02;dw03;dw04;dw05;dw06;dw07;dw08,dw00;dw01;dw02;dw03;dw04;dw05;dw06;dw07;dw08,,90,1,2026-08-30T19:07:53.403+0200,dw04,0F85,37,781,4,-427,654,2.95,62255
ground-height-2m-20260828-133428,d008m_r270_run01.csv,2,8,270,dw00;dw01;dw02;dw03;dw04;dw05;dw06;dw07;dw08,dw00;dw01;dw02;dw03;dw04;dw05;dw06;dw07;dw08,,105,1,2026-08-30T19:07:53.413+0200,dw05,4B92,172,788,39,-260,743,3.01,72265
ground-height-2m-20260828-133428,d008m_r270_run01.csv,2,8,270,dw00;dw01;dw02;dw03;dw04;dw05;dw06;dw07;dw08,dw00;dw01;dw02;dw03;dw04;dw05;dw06;dw07;dw08,,125,1,2026-08-30T19:07:53.423+0200,dw06,0789,216,784,87,-27,784,3.06,82305
ground-height-2m-20260828-133428,d008m_r270_run01.csv,2,8,270,dw00;dw01;dw02;dw03;dw04;dw05;dw06;dw07;dw08,dw00;dw01;dw02;dw03;dw04;dw05;dw06;dw07;dw08,,35,1,2026-08-30T19:07:53.483+0200,dw01,1729,71,790,-116,733,296,1.57,42358
ground-height-2m-20260828-133428,d008m_r270_run01.csv,2,8,270,dw00;dw01;dw02;dw03;dw04;dw05;dw06;dw07;dw08,dw00;dw01;dw02;dw03;dw04;dw05;dw06;dw07;dw08,,55,1,2026-08-30T19:07:53.493+0200,dw02,8FB0,101,783,-90,783,0,2.02,52368
ground-height-2m-20260828-133428,d008m_r270_run01.csv,2,8,270,dw00;dw01;dw02;dw03;dw04;dw05;dw06;dw07;dw08,dw00;dw01;dw02;dw03;dw04;dw05;dw06;dw07;dw08,,145,1,2026-08-30T19:07:53.533+0200,dw07,5783,81,782,126,161,766,3.39,2147483
ground-height-2m-20260828-133428,d008m_r270_run01.csv,2,8,270,dw00;dw01;dw02;dw03;dw04;dw05;dw06;dw07;dw08,dw00;dw01;dw02;dw03;dw04;dw05;dw06;dw07;dw08,,75,1,2026-08-30T19:07:53.553+0200,dw03,021B,60,772,-36,-614,467,2.02,12298
ground-height-2m-20260828-133428,d008m_r270_run01.csv,2,8,270,dw00;dw01;dw02;dw03;dw04;dw05;dw06;dw07;dw08,dw00;dw01;dw02;dw03;dw04;dw05;dw06;dw07;dw08,,165,1,2026-08-30T19:07:53.563+0200,dw08,028E,90,783,136,211,754,3.33,22277
ground-height-2m-20260828-133428,d008m_r270_run01.csv,2,8,270,dw00;dw01;dw02;dw03;dw04;dw05;dw06;dw07;dw08,dw00;dw01;dw02;dw03;dw04;dw05;dw06;dw07;dw08,,15,1,2026-08-30T19:07:53.573+0200,dw00,8103,16,803,-168,489,637,2.83,32257
ground-height-2m-20260828-133428,d008m_r270_run01.csv,2,8,270,dw00;dw01;dw02;dw03;dw04;dw05;dw06;dw07;dw08,dw00;dw01;dw02;dw03;dw04;dw05;dw06;dw07;dw08,,90,1,2026-08-30T19:07:53.603+0200,dw04,0F85,38,781,6,-416,661,3.06,62255
ground-height-2m-20260828-133428,d008m_r270_run01.csv,2,8,270,dw00;dw01;dw02;dw03;dw04;dw05;dw06;dw07;dw08,dw00;dw01;dw02;dw03;dw04;dw05;dw06;dw07;dw08,,105,1,2026-08-30T19:07:53.613+0200,dw05,4B92,173,783,38,-260,739,3.06,72204
ground-height-2m-20260828-133428,d008m_r270_run01.csv,2,8,270,dw00;dw01;dw02;dw03;dw04;dw05;dw06;dw07;dw08,dw00;dw01;dw02;dw03;dw04;dw05;dw06;dw07;dw08,,125,1,2026-08-30T19:07:53.623+0200,dw06,0789,217,781,89,-18,781,2.95,82275
ground-height-2m-20260828-133428,d008m_r270_run01.csv,2,8,270,dw00;dw01;dw02;dw03;dw04;dw05;dw06;dw07;dw08,dw00;dw01;dw02;dw03;dw04;dw05;dw06;dw07;dw08,,35,1,2026-08-30T19:07:53.683+0200,dw01,1729,72,791,-130,665,428,1.57,42358
ground-height-2m-20260828-133428,d008m_r270_run01.csv,2,8,270,dw00;dw01;dw02;dw03;dw04;dw05;dw06;dw07;dw08,dw00;dw01;dw02;dw03;dw04;dw05;dw06;dw07;dw08,,55,1,2026-08-30T19:07:53.693+0200,dw02,8FB0,102,786,-87,786,0,1.99,52429
ground-height-2m-20260828-133428,d008m_r270_run01.csv,2,8,270,dw00;dw01;dw02;dw03;dw04;dw05;dw06;dw07;dw08,dw00;dw01;dw02;dw03;dw04;dw05;dw06;dw07;dw08,,145,1,2026-08-30T19:07:53.733+0200,dw07,5783,82,781,132,192,757,3.45,2147483
ground-height-2m-20260828-133428,d008m_r270_run01.csv,2,8,270,dw00;dw01;dw02;dw03;dw04;dw05;dw06;dw07;dw08,dw00;dw01;dw02;dw03;dw04;dw05;dw06;dw07;dw08,,75,1,2026-08-30T19:07:53.753+0200,dw03,021B,61,771,-35,-609,472,2.08,12268
ground-height-2m-20260828-133428,d008m_r270_run01.csv,2,8,270,dw00;dw01;dw02;dw03;dw04;dw05;dw06;dw07;dw08,dw00;dw01;dw02;dw03;dw04;dw05;dw06;dw07;dw08,,165,1,2026-08-30T19:07:53.763+0200,dw08,028E,91,782,153,293,725,3.33,22277
ground-height-2m-20260828-133428,d008m_r270_run01.csv,2,8,270,dw00;dw01;dw02;dw03;dw04;dw05;dw06;dw07;dw08,dw00;dw01;dw02;dw03;dw04;dw05;dw06;dw07;dw08,,15,1,2026-08-30T19:07:53.773+0200,dw00,8103,17,806,-161,525,611,2.89,32257
ground-height-2m-20260828-133428,d008m_r270_run01.csv,2,8,270,dw00;dw01;dw02;dw03;dw04;dw05;dw06;dw07;dw08,dw00;dw01;dw02;dw03;dw04;dw05;dw06;dw07;dw08,,90,1,2026-08-30T19:07:53.803+0200,dw04,0F85,39,785,4,-427,658,3.01,62255
ground-height-2m-20260828-133428,d008m_r270_run01.csv,2,8,270,dw00;dw01;dw02;dw03;dw04;dw05;dw06;dw07;dw08,dw00;dw01;dw02;dw03;dw04;dw05;dw06;dw07;dw08,,105,1,2026-08-30T19:07:53.813+0200,dw05,4B92,174,787,38,-261,742,2.89,72265
ground-height-2m-20260828-133428,d008m_r270_run01.csv,2,8,270,dw00;dw01;dw02;dw03;dw04;dw05;dw06;dw07;dw08,dw00;dw01;dw02;dw03;dw04;dw05;dw06;dw07;dw08,,125,1,2026-08-30T19:07:53.822+0200,dw06,0789,218,788,85,-34,787,3.01,82275
ground-height-2m-20260828-133428,d008m_r270_run01.csv,2,8,270,dw00;dw01;dw02;dw03;dw04;dw05;dw06;dw07;dw08,dw00;dw01;dw02;dw03;dw04;dw05;dw06;dw07;dw08,,35,1,2026-08-30T19:07:53.883+0200,dw01,1729,73,789,-119,714,334,3.06,42388
ground-height-2m-20260828-133428,d008m_r270_run01.csv,2,8,270,dw00;dw01;dw02;dw03;dw04;dw05;dw06;dw07;dw08,dw00;dw01;dw02;dw03;dw04;dw05;dw06;dw07;dw08,,55,1,2026-08-30T19:07:53.893+0200,dw02,8FB0,103,786,-84,-786,0,1.93,52337
ground-height-2m-20260828-133428,d008m_r270_run01.csv,2,8,270,dw00;dw01;dw02;dw03;dw04;dw05;dw06;dw07;dw08,dw00;dw01;dw02;dw03;dw04;dw05;dw06;dw07;dw08,,145,1,2026-08-30T19:07:53.933+0200,dw07,5783,83,782,123,146,769,3.33,2147483
ground-height-2m-20260828-133428,d008m_r270_run01.csv,2,8,270,dw00;dw01;dw02;dw03;dw04;dw05;dw06;dw07;dw08,dw00;dw01;dw02;dw03;dw04;dw05;dw06;dw07;dw08,,75,1,2026-08-30T19:07:53.952+0200,dw03,021B,62,770,-35,-609,471,2.08,12268
ground-height-2m-20260828-133428,d008m_r270_run01.csv,2,8,270,dw00;dw01;dw02;dw03;dw04;dw05;dw06;dw07;dw08,dw00;dw01;dw02;dw03;dw04;dw05;dw06;dw07;dw08,,165,1,2026-08-30T19:07:53.963+0200,dw08,028E,92,785,153,291,729,3.33,22277
ground-height-2m-20260828-133428,d008m_r270_run01.csv,2,8,270,dw00;dw01;dw02;dw03;dw04;dw05;dw06;dw07;dw08,dw00;dw01;dw02;dw03;dw04;dw05;dw06;dw07;dw08,,15,1,2026-08-30T19:07:53.973+0200,dw00,8103,18,802,-169,482,641,2.95,32287
ground-height-2m-20260828-133428,d008m_r270_run01.csv,2,8,270,dw00;dw01;dw02;dw03;dw04;dw05;dw06;dw07;dw08,dw00;dw01;dw02;dw03;dw04;dw05;dw06;dw07;dw08,,90,1,2026-08-30T19:07:54.003+0200,dw04,0F85,40,780,2,-433,649,3.06,62255
ground-height-2m-20260828-133428,d008m_r270_run01.csv,2,8,270,dw00;dw01;dw02;dw03;dw04;dw05;dw06;dw07;dw08,dw00;dw01;dw02;dw03;dw04;dw05;dw06;dw07;dw08,,105,1,2026-08-30T19:07:54.013+0200,dw05,4B92,175,785,39,-257,741,3.06,72265
ground-height-2m-20260828-133428,d008m_r270_run01.csv,2,8,270,dw00;dw01;dw02;dw03;dw04;dw05;dw06;dw07;dw08,dw00;dw01;dw02;dw03;dw04;dw05;dw06;dw07;dw08,,125,1,2026-08-30T19:07:54.023+0200,dw06,0789,219,784,82,-50,783,3.06,82244
ground-height-2m-20260828-133428,d008m_r270_run01.csv,2,8,270,dw00;dw01;dw02;dw03;dw04;dw05;dw06;dw07;dw08,dw00;dw01;dw02;dw03;dw04;dw05;dw06;dw07;dw08,,35,1,2026-08-30T19:07:54.083+0200,dw01,1729,74,790,-113,746,261,3.06,42327
ground-height-2m-20260828-133428,d008m_r270_run01.csv,2,8,270,dw00;dw01;dw02;dw03;dw04;dw05;dw06;dw07;dw08,dw00;dw01;dw02;dw03;dw04;dw05;dw06;dw07;dw08,,55,1,2026-08-30T19:07:54.093+0200,dw02,8FB0,104,787,-87,787,0,1.99,52398
ground-height-2m-20260828-133428,d008m_r270_run01.csv,2,8,270,dw00;dw01;dw02;dw03;dw04;dw05;dw06;dw07;dw08,dw00;dw01;dw02;dw03;dw04;dw05;dw06;dw07;dw08,,145,1,2026-08-30T19:07:54.133+0200,dw07,5783,84,782,122,141,769,3.39,2147483
ground-height-2m-20260828-133428,d008m_r270_run01.csv,2,8,270,dw00;dw01;dw02;dw03;dw04;dw05;dw06;dw07;dw08,dw00;dw01;dw02;dw03;dw04;dw05;dw06;dw07;dw08,,75,1,2026-08-30T19:07:54.153+0200,dw03,021B,63,773,-33,-602,485,2.08,12268
ground-height-2m-20260828-133428,d008m_r270_run01.csv,2,8,270,dw00;dw01;dw02;dw03;dw04;dw05;dw06;dw07;dw08,dw00;dw01;dw02;dw03;dw04;dw05;dw06;dw07;dw08,,165,1,2026-08-30T19:07:54.162+0200,dw08,028E,93,782,150,279,731,3.33,22308
ground-height-2m-20260828-133428,d008m_r270_run01.csv,2,8,270,dw00;dw01;dw02;dw03;dw04;dw05;dw06;dw07;dw08,dw00;dw01;dw02;dw03;dw04;dw05;dw06;dw07;dw08,,15,1,2026-08-30T19:07:54.173+0200,dw00,8103,19,803,-160,526,607,2.83,32287
ground-height-2m-20260828-133428,d008m_r270_run01.csv,2,8,270,dw00;dw01;dw02;dw03;dw04;dw05;dw06;dw07;dw08,dw00;dw01;dw02;dw03;dw04;dw05;dw06;dw07;dw08,,90,1,2026-08-30T19:07:54.202+0200,dw04,0F85,41,783,2,-436,651,3.01,62286
ground-height-2m-20260828-133428,d008m_r270_run01.csv,2,8,270,dw00;dw01;dw02;dw03;dw04;dw05;dw06;dw07;dw08,dw00;dw01;dw02;dw03;dw04;dw05;dw06;dw07;dw08,,105,1,2026-08-30T19:07:54.213+0200,dw05,4B92,176,786,43,-239,748,2.95,72235
ground-height-2m-20260828-133428,d008m_r270_run01.csv,2,8,270,dw00;dw01;dw02;dw03;dw04;dw05;dw06;dw07;dw08,dw00;dw01;dw02;dw03;dw04;dw05;dw06;dw07;dw08,,125,1,2026-08-30T19:07:54.223+0200,dw06,0789,220,786,83,-43,784,2.95,82305
ground-height-2m-20260828-133428,d008m_r270_run01.csv,2,8,270,dw00;dw01;dw02;dw03;dw04;dw05;dw06;dw07;dw08,dw00;dw01;dw02;dw03;dw04;dw05;dw06;dw07;dw08,,35,1,2026-08-30T19:07:54.282+0200,dw01,1729,75,788,-124,691,379,3.06,42327
ground-height-2m-20260828-133428,d008m_r270_run01.csv,2,8,270,dw00;dw01;dw02;dw03;dw04;dw05;dw06;dw07;dw08,dw00;dw01;dw02;dw03;dw04;dw05;dw06;dw07;dw08,,55,1,2026-08-30T19:07:54.293+0200,dw02,8FB0,105,786,-87,786,0,1.99,52368
ground-height-2m-20260828-133428,d008m_r270_run01.csv,2,8,270,dw00;dw01;dw02;dw03;dw04;dw05;dw06;dw07;dw08,dw00;dw01;dw02;dw03;dw04;dw05;dw06;dw07;dw08,,145,1,2026-08-30T19:07:54.333+0200,dw07,5783,85,788,135,206,761,3.33,2147483
ground-height-2m-20260828-133428,d008m_r270_run01.csv,2,8,270,dw00;dw01;dw02;dw03;dw04;dw05;dw06;dw07;dw08,dw00;dw01;dw02;dw03;dw04;dw05;dw06;dw07;dw08,,75,1,2026-08-30T19:07:54.353+0200,dw03,021B,64,769,-47,-665,386,2.08,12268
ground-height-2m-20260828-133428,d008m_r270_run01.csv,2,8,270,dw00;dw01;dw02;dw03;dw04;dw05;dw06;dw07;dw08,dw00;dw01;dw02;dw03;dw04;dw05;dw06;dw07;dw08,,165,1,2026-08-30T19:07:54.362+0200,dw08,028E,94,784,151,285,730,3.45,22277
ground-height-2m-20260828-133428,d008m_r270_run01.csv,2,8,270,dw00;dw01;dw02;dw03;dw04;dw05;dw06;dw07;dw08,dw00;dw01;dw02;dw03;dw04;dw05;dw06;dw07;dw08,,15,1,2026-08-30T19:07:54.372+0200,dw00,8103,20,806,-163,514,620,2.77,32287
ground-height-2m-20260828-133428,d008m_r270_run01.csv,2,8,270,dw00;dw01;dw02;dw03;dw04;dw05;dw06;dw07;dw08,dw00;dw01;dw02;dw03;dw04;dw05;dw06;dw07;dw08,,90,1,2026-08-30T19:07:54.403+0200,dw04,0F85,42,785,4,-427,659,3.01,62255
ground-height-2m-20260828-133428,d008m_r270_run01.csv,2,8,270,dw00;dw01;dw02;dw03;dw04;dw05;dw06;dw07;dw08,dw00;dw01;dw02;dw03;dw04;dw05;dw06;dw07;dw08,,105,1,2026-08-30T19:07:54.412+0200,dw05,4B92,177,783,39,-256,740,2.95,72265
ground-height-2m-20260828-133428,d008m_r270_run01.csv,2,8,270,dw00;dw01;dw02;dw03;dw04;dw05;dw06;dw07;dw08,dw00;dw01;dw02;dw03;dw04;dw05;dw06;dw07;dw08,,125,1,2026-08-30T19:07:54.423+0200,dw06,0789,221,785,84,-41,784,3.06,82275
ground-height-2m-20260828-133428,d008m_r270_run01.csv,2,8,270,dw00;dw01;dw02;dw03;dw04;dw05;dw06;dw07;dw08,dw00;dw01;dw02;dw03;dw04;dw05;dw06;dw07;dw08,,35,1,2026-08-30T19:07:54.483+0200,dw01,1729,76,790,-125,690,385,3.06,42297
ground-height-2m-20260828-133428,d008m_r270_run01.csv,2,8,270,dw00;dw01;dw02;dw03;dw04;dw05;dw06;dw07;dw08,dw00;dw01;dw02;dw03;dw04;dw05;dw06;dw07;dw08,,55,1,2026-08-30T19:07:54.492+0200,dw02,8FB0,106,785,-81,-785,0,1.99,52429
ground-height-2m-20260828-133428,d008m_r270_run01.csv,2,8,270,dw00;dw01;dw02;dw03;dw04;dw05;dw06;dw07;dw08,dw00;dw01;dw02;dw03;dw04;dw05;dw06;dw07;dw08,,145,1,2026-08-30T19:07:54.532+0200,dw07,5783,86,784,124,155,769,3.45,2147483
ground-height-2m-20260828-133428,d008m_r270_run01.csv,2,8,270,dw00;dw01;dw02;dw03;dw04;dw05;dw06;dw07;dw08,dw00;dw01;dw02;dw03;dw04;dw05;dw06;dw07;dw08,,75,1,2026-08-30T19:07:54.553+0200,dw03,021B,65,773,-37,-621,460,2.02,12268
ground-height-2m-20260828-133428,d008m_r270_run01.csv,2,8,270,dw00;dw01;dw02;dw03;dw04;dw05;dw06;dw07;dw08,dw00;dw01;dw02;dw03;dw04;dw05;dw06;dw07;dw08,,165,1,2026-08-30T19:07:54.563+0200,dw08,028E,95,783,151,283,730,3.39,22277
ground-height-2m-20260828-133428,d008m_r270_run01.csv,2,8,270,dw00;dw01;dw02;dw03;dw04;dw05;dw06;dw07;dw08,dw00;dw01;dw02;dw03;dw04;dw05;dw06;dw07;dw08,,15,1,2026-08-30T19:07:54.572+0200,dw00,8103,21,805,-155,552,586,2.83,32287
ground-height-2m-20260828-133428,d008m_r270_run01.csv,2,8,270,dw00;dw01;dw02;dw03;dw04;dw05;dw06;dw07;dw08,dw00;dw01;dw02;dw03;dw04;dw05;dw06;dw07;dw08,,90,1,2026-08-30T19:07:54.603+0200,dw04,0F85,43,781,0,-443,643,3.06,62225
ground-height-2m-20260828-133428,d008m_r270_run01.csv,2,8,270,dw00;dw01;dw02;dw03;dw04;dw05;dw06;dw07;dw08,dw00;dw01;dw02;dw03;dw04;dw05;dw06;dw07;dw08,,105,1,2026-08-30T19:07:54.612+0200,dw05,4B92,178,784,42,-241,746,2.89,72235
ground-height-2m-20260828-133428,d008m_r270_run01.csv,2,8,270,dw00;dw01;dw02;dw03;dw04;dw05;dw06;dw07;dw08,dw00;dw01;dw02;dw03;dw04;dw05;dw06;dw07;dw08,,125,1,2026-08-30T19:07:54.622+0200,dw06,0789,222,786,88,-21,786,3.01,82305
ground-height-2m-20260828-133428,d008m_r270_run01.csv,2,8,270,dw00;dw01;dw02;dw03;dw04;dw05;dw06;dw07;dw08,dw00;dw01;dw02;dw03;dw04;dw05;dw06;dw07;dw08,,35,1,2026-08-30T19:07:54.683+0200,dw01,1729,77,788,-119,714,334,3.06,42327
ground-height-2m-20260828-133428,d008m_r270_run01.csv,2,8,270,dw00;dw01;dw02;dw03;dw04;dw05;dw06;dw07;dw08,dw00;dw01;dw02;dw03;dw04;dw05;dw06;dw07;dw08,,55,1,2026-08-30T19:07:54.693+0200,dw02,8FB0,107,786,-88,786,0,2.02,52307
ground-height-2m-20260828-133428,d008m_r270_run01.csv,2,8,270,dw00;dw01;dw02;dw03;dw04;dw05;dw06;dw07;dw08,dw00;dw01;dw02;dw03;dw04;dw05;dw06;dw07;dw08,,145,1,2026-08-30T19:07:54.733+0200,dw07,5783,87,783,124,153,768,3.39,2147483
ground-height-2m-20260828-133428,d008m_r270_run01.csv,2,8,270,dw00;dw01;dw02;dw03;dw04;dw05;dw06;dw07;dw08,dw00;dw01;dw02;dw03;dw04;dw05;dw06;dw07;dw08,,75,1,2026-08-30T19:07:54.752+0200,dw03,021B,66,769,-33,-600,480,2.02,12298
ground-height-2m-20260828-133428,d008m_r270_run01.csv,2,8,270,dw00;dw01;dw02;dw03;dw04;dw05;dw06;dw07;dw08,dw00;dw01;dw02;dw03;dw04;dw05;dw06;dw07;dw08,,165,1,2026-08-30T19:07:54.763+0200,dw08,028E,96,783,146,261,738,3.45,22277
ground-height-2m-20260828-133428,d008m_r270_run01.csv,2,8,270,dw00;dw01;dw02;dw03;dw04;dw05;dw06;dw07;dw08,dw00;dw01;dw02;dw03;dw04;dw05;dw06;dw07;dw08,,15,1,2026-08-30T19:07:54.773+0200,dw00,8103,22,801,-163,513,615,2.71,32257
ground-height-2m-20260828-133428,d008m_r270_run01.csv,2,8,270,dw00;dw01;dw02;dw03;dw04;dw05;dw06;dw07;dw08,dw00;dw01;dw02;dw03;dw04;dw05;dw06;dw07;dw08,,90,1,2026-08-30T19:07:54.803+0200,dw04,0F85,44,781,1,-439,646,3.06,62286
ground-height-2m-20260828-133428,d008m_r270_run01.csv,2,8,270,dw00;dw01;dw02;dw03;dw04;dw05;dw06;dw07;dw08,dw00;dw01;dw02;dw03;dw04;dw05;dw06;dw07;dw08,,105,1,2026-08-30T19:07:54.813+0200,dw05,4B92,179,783,40,-250,742,2.95,72265
ground-height-2m-20260828-133428,d008m_r270_run01.csv,2,8,270,dw00;dw01;dw02;dw03;dw04;dw05;dw06;dw07;dw08,dw00;dw01;dw02;dw03;dw04;dw05;dw06;dw07;dw08,,125,1,2026-08-30T19:07:54.822+0200,dw06,0789,223,785,90,-11,785,3.01,82275
ground-height-2m-20260828-133428,d008m_r270_run01.csv,2,8,270,dw00;dw01;dw02;dw03;dw04;dw05;dw06;dw07;dw08,dw00;dw01;dw02;dw03;dw04;dw05;dw06;dw07;dw08,,35,1,2026-08-30T19:07:54.883+0200,dw01,1729,78,788,-118,721,317,3.06,42266
ground-height-2m-20260828-133428,d008m_r270_run01.csv,2,8,270,dw00;dw01;dw02;dw03;dw04;dw05;dw06;dw07;dw08,dw00;dw01;dw02;dw03;dw04;dw05;dw06;dw07;dw08,,55,1,2026-08-30T19:07:54.893+0200,dw02,8FB0,108,787,-82,-787,0,1.99,52368
ground-height-2m-20260828-133428,d008m_r270_run01.csv,2,8,270,dw00;dw01;dw02;dw03;dw04;dw05;dw06;dw07;dw08,dw00;dw01;dw02;dw03;dw04;dw05;dw06;dw07;dw08,,145,1,2026-08-30T19:07:54.933+0200,dw07,5783,88,784,131,185,762,3.45,2147483
ground-height-2m-20260828-133428,d008m_r270_run01.csv,2,8,270,dw00;dw01;dw02;dw03;dw04;dw05;dw06;dw07;dw08,dw00;dw01;dw02;dw03;dw04;dw05;dw06;dw07;dw08,,75,1,2026-08-30T19:07:54.952+0200,dw03,021B,67,771,-32,-595,490,2.14,12237
ground-height-2m-20260828-133428,d008m_r270_run01.csv,2,8,270,dw00;dw01;dw02;dw03;dw04;dw05;dw06;dw07;dw08,dw00;dw01;dw02;dw03;dw04;dw05;dw06;dw07;dw08,,165,1,2026-08-30T19:07:54.962+0200,dw08,028E,97,779,154,297,720,3.45,22277
ground-height-2m-20260828-133428,d008m_r270_run01.csv,2,8,270,dw00;dw01;dw02;dw03;dw04;dw05;dw06;dw07;dw08,dw00;dw01;dw02;dw03;dw04;dw05;dw06;dw07;dw08,,15,1,2026-08-30T19:07:54.973+0200,dw00,8103,23,804,-161,524,610,2.77,32257
ground-height-2m-20260828-133428,d008m_r270_run01.csv,2,8,270,dw00;dw01;dw02;dw03;dw04;dw05;dw06;dw07;dw08,dw00;dw01;dw02;dw03;dw04;dw05;dw06;dw07;dw08,,90,1,2026-08-30T19:07:55.002+0200,dw04,0F85,45,778,1,-437,644,3.06,62255
ground-height-2m-20260828-133428,d008m_r270_run01.csv,2,8,270,dw00;dw01;dw02;dw03;dw04;dw05;dw06;dw07;dw08,dw00;dw01;dw02;dw03;dw04;dw05;dw06;dw07;dw08,,105,1,2026-08-30T19:07:55.013+0200,dw05,4B92,180,784,43,-239,746,2.89,72204
ground-height-2m-20260828-133428,d008m_r270_run01.csv,2,8,270,dw00;dw01;dw02;dw03;dw04;dw05;dw06;dw07;dw08,dw00;dw01;dw02;dw03;dw04;dw05;dw06;dw07;dw08,,125,1,2026-08-30T19:07:55.023+0200,dw06,0789,224,783,82,-47,782,3.01,82275
ground-height-2m-20260828-133428,d008m_r270_run01.csv,2,8,270,dw00;dw01;dw02;dw03;dw04;dw05;dw06;dw07;dw08,dw00;dw01;dw02;dw03;dw04;dw05;dw06;dw07;dw08,,35,1,2026-08-30T19:07:55.083+0200,dw01,1729,79,788,-125,684,390,3.09,42327
ground-height-2m-20260828-133428,d008m_r270_run01.csv,2,8,270,dw00;dw01;dw02;dw03;dw04;dw05;dw06;dw07;dw08,dw00;dw01;dw02;dw03;dw04;dw05;dw06;dw07;dw08,,55,1,2026-08-30T19:07:55.093+0200,dw02,8FB0,109,785,-89,785,0,1.99,52368
ground-height-2m-20260828-133428,d008m_r270_run01.csv,2,8,270,dw00;dw01;dw02;dw03;dw04;dw05;dw06;dw07;dw08,dw00;dw01;dw02;dw03;dw04;dw05;dw06;dw07;dw08,,145,1,2026-08-30T19:07:55.132+0200,dw07,5783,89,781,139,226,747,3.45,2147483
ground-height-2m-20260828-133428,d008m_r270_run01.csv,2,8,270,dw00;dw01;dw02;dw03;dw04;dw05;dw06;dw07;dw08,dw00;dw01;dw02;dw03;dw04;dw05;dw06;dw07;dw08,,75,1,2026-08-30T19:07:55.152+0200,dw03,021B,68,770,-41,-637,433,2.08,12268
ground-height-2m-20260828-133428,d008m_r270_run01.csv,2,8,270,dw00;dw01;dw02;dw03;dw04;dw05;dw06;dw07;dw08,dw00;dw01;dw02;dw03;dw04;dw05;dw06;dw07;dw08,,165,1,2026-08-30T19:07:55.162+0200,dw08,028E,98,785,149,272,736,3.45,22277
ground-height-2m-20260828-133428,d008m_r270_run01.csv,2,8,270,dw00;dw01;dw02;dw03;dw04;dw05;dw06;dw07;dw08,dw00;dw01;dw02;dw03;dw04;dw05;dw06;dw07;dw08,,15,1,2026-08-30T19:07:55.172+0200,dw00,8103,24,802,-159,530,602,2.95,32257
ground-height-2m-20260828-133428,d008m_r270_run01.csv,2,8,270,dw00;dw01;dw02;dw03;dw04;dw05;dw06;dw07;dw08,dw00;dw01;dw02;dw03;dw04;dw05;dw06;dw07;dw08,,90,1,2026-08-30T19:07:55.203+0200,dw04,0F85,46,786,7,-411,669,2.95,62255
ground-height-2m-20260828-133428,d008m_r270_run01.csv,2,8,270,dw00;dw01;dw02;dw03;dw04;dw05;dw06;dw07;dw08,dw00;dw01;dw02;dw03;dw04;dw05;dw06;dw07;dw08,,105,1,2026-08-30T19:07:55.212+0200,dw05,4B92,181,783,42,-242,745,2.95,72235
ground-height-2m-20260828-133428,d008m_r270_run01.csv,2,8,270,dw00;dw01;dw02;dw03;dw04;dw05;dw06;dw07;dw08,dw00;dw01;dw02;dw03;dw04;dw05;dw06;dw07;dw08,,125,1,2026-08-30T19:07:55.223+0200,dw06,0789,225,785,82,-47,783,2.95,82275
ground-height-2m-20260828-133428,d008m_r270_run01.csv,2,8,270,dw00;dw01;dw02;dw03;dw04;dw05;dw06;dw07;dw08,dw00;dw01;dw02;dw03;dw04;dw05;dw06;dw07;dw08,,35,1,2026-08-30T19:07:55.283+0200,dw01,1729,80,790,-125,687,390,3.09,42327
ground-height-2m-20260828-133428,d008m_r270_run01.csv,2,8,270,dw00;dw01;dw02;dw03;dw04;dw05;dw06;dw07;dw08,dw00;dw01;dw02;dw03;dw04;dw05;dw06;dw07;dw08,,55,1,2026-08-30T19:07:55.292+0200,dw02,8FB0,110,783,-83,-783,0,2.02,52398
ground-height-2m-20260828-133428,d008m_r270_run01.csv,2,8,270,dw00;dw01;dw02;dw03;dw04;dw05;dw06;dw07;dw08,dw00;dw01;dw02;dw03;dw04;dw05;dw06;dw07;dw08,,145,1,2026-08-30T19:07:55.333+0200,dw07,5783,90,785,125,158,769,3.45,2147483
ground-height-2m-20260828-133428,d008m_r270_run01.csv,2,8,270,dw00;dw01;dw02;dw03;dw04;dw05;dw06;dw07;dw08,dw00;dw01;dw02;dw03;dw04;dw05;dw06;dw07;dw08,,75,1,2026-08-30T19:07:55.353+0200,dw03,021B,69,770,-34,-605,476,2.08,12298
ground-height-2m-20260828-133428,d008m_r270_run01.csv,2,8,270,dw00;dw01;dw02;dw03;dw04;dw05;dw06;dw07;dw08,dw00;dw01;dw02;dw03;dw04;dw05;dw06;dw07;dw08,,165,1,2026-08-30T19:07:55.363+0200,dw08,028E,99,785,150,281,733,3.45,22277
ground-height-2m-20260828-133428,d008m_r270_run01.csv,2,8,270,dw00;dw01;dw02;dw03;dw04;dw05;dw06;dw07;dw08,dw00;dw01;dw02;dw03;dw04;dw05;dw06;dw07;dw08,,15,1,2026-08-30T19:07:55.373+0200,dw00,8103,25,802,-159,533,599,2.71,32257
ground-height-2m-20260828-133428,d008m_r270_run01.csv,2,8,270,dw00;dw01;dw02;dw03;dw04;dw05;dw06;dw07;dw08,dw00;dw01;dw02;dw03;dw04;dw05;dw06;dw07;dw08,,90,1,2026-08-30T19:07:55.403+0200,dw04,0F85,47,781,3,-428,653,3.06,62255
ground-height-2m-20260828-133428,d008m_r270_run01.csv,2,8,270,dw00;dw01;dw02;dw03;dw04;dw05;dw06;dw07;dw08,dw00;dw01;dw02;dw03;dw04;dw05;dw06;dw07;dw08,,105,1,2026-08-30T19:07:55.413+0200,dw05,4B92,182,784,46,-221,752,2.95,72235
ground-height-2m-20260828-133428,d008m_r270_run01.csv,2,8,270,dw00;dw01;dw02;dw03;dw04;dw05;dw06;dw07;dw08,dw00;dw01;dw02;dw03;dw04;dw05;dw06;dw07;dw08,,125,1,2026-08-30T19:07:55.423+0200,dw06,0789,226,784,81,-52,782,3.01,82305
ground-height-2m-20260828-133428,d008m_r270_run01.csv,2,8,270,dw00;dw01;dw02;dw03;dw04;dw05;dw06;dw07;dw08,dw00;dw01;dw02;dw03;dw04;dw05;dw06;dw07;dw08,,35,1,2026-08-30T19:07:55.483+0200,dw01,1729,81,793,-122,705,361,3.01,42297
ground-height-2m-20260828-133428,d008m_r270_run01.csv,2,8,270,dw00;dw01;dw02;dw03;dw04;dw05;dw06;dw07;dw08,dw00;dw01;dw02;dw03;dw04;dw05;dw06;dw07;dw08,,55,1,2026-08-30T19:07:55.493+0200,dw02,8FB0,111,785,-87,785,0,1.99,52337
ground-height-2m-20260828-133428,d008m_r270_run01.csv,2,8,270,dw00;dw01;dw02;dw03;dw04;dw05;dw06;dw07;dw08,dw00;dw01;dw02;dw03;dw04;dw05;dw06;dw07;dw08,,145,1,2026-08-30T19:07:55.533+0200,dw07,5783,91,786,127,169,768,3.39,2147483
ground-height-2m-20260828-133428,d008m_r270_run01.csv,2,8,270,dw00;dw01;dw02;dw03;dw04;dw05;dw06;dw07;dw08,dw00;dw01;dw02;dw03;dw04;dw05;dw06;dw07;dw08,,75,1,2026-08-30T19:07:55.553+0200,dw03,021B,70,771,-28,-577,511,1.99,12268
ground-height-2m-20260828-133428,d008m_r270_run01.csv,2,8,270,dw00;dw01;dw02;dw03;dw04;dw05;dw06;dw07;dw08,dw00;dw01;dw02;dw03;dw04;dw05;dw06;dw07;dw08,,165,1,2026-08-30T19:07:55.563+0200,dw08,028E,100,783,153,292,727,3.39,22277
ground-height-2m-20260828-133428,d008m_r270_run01.csv,2,8,270,dw00;dw01;dw02;dw03;dw04;dw05;dw06;dw07;dw08,dw00;dw01;dw02;dw03;dw04;dw05;dw06;dw07;dw08,,15,1,2026-08-30T19:07:55.573+0200,dw00,8103,26,802,-164,506,622,2.77,32257
ground-height-2m-20260828-133428,d008m_r270_run01.csv,2,8,270,dw00;dw01;dw02;dw03;dw04;dw05;dw06;dw07;dw08,dw00;dw01;dw02;dw03;dw04;dw05;dw06;dw07;dw08,,90,1,2026-08-30T19:07:55.603+0200,dw04,0F85,48,783,5,-422,660,3.01,62255
ground-height-2m-20260828-133428,d008m_r270_run01.csv,2,8,270,dw00;dw01;dw02;dw03;dw04;dw05;dw06;dw07;dw08,dw00;dw01;dw02;dw03;dw04;dw05;dw06;dw07;dw08,,105,1,2026-08-30T19:07:55.613+0200,dw05,4B92,183,782,43,-236,746,2.83,72265
ground-height-2m-20260828-133428,d008m_r270_run01.csv,2,8,270,dw00;dw01;dw02;dw03;dw04;dw05;dw06;dw07;dw08,dw00;dw01;dw02;dw03;dw04;dw05;dw06;dw07;dw08,,125,1,2026-08-30T19:07:55.623+0200,dw06,0789,227,784,87,-25,784,2.95,82244
ground-height-2m-20260828-133428,d008m_r270_run01.csv,2,8,270,dw00;dw01;dw02;dw03;dw04;dw05;dw06;dw07;dw08,dw00;dw01;dw02;dw03;dw04;dw05;dw06;dw07;dw08,,35,1,2026-08-30T19:07:55.683+0200,dw01,1729,82,788,-124,693,375,3.06,42297
ground-height-2m-20260828-133428,d008m_r270_run01.csv,2,8,270,dw00;dw01;dw02;dw03;dw04;dw05;dw06;dw07;dw08,dw00;dw01;dw02;dw03;dw04;dw05;dw06;dw07;dw08,,55,1,2026-08-30T19:07:55.693+0200,dw02,8FB0,112,785,-81,-785,0,1.93,52368
ground-height-2m-20260828-133428,d008m_r270_run01.csv,2,8,270,dw00;dw01;dw02;dw03;dw04;dw05;dw06;dw07;dw08,dw00;dw01;dw02;dw03;dw04;dw05;dw06;dw07;dw08,,145,1,2026-08-30T19:07:55.733+0200,dw07,5783,92,785,132,190,761,3.45,2147483
ground-height-2m-20260828-133428,d008m_r270_run01.csv,2,8,270,dw00;dw01;dw02;dw03;dw04;dw05;dw06;dw07;dw08,dw00;dw01;dw02;dw03;dw04;dw05;dw06;dw07;dw08,,75,1,2026-08-30T19:07:55.753+0200,dw03,021B,71,773,-38,-625,455,2.08,12268
ground-height-2m-20260828-133428,d008m_r270_run01.csv,2,8,270,dw00;dw01;dw02;dw03;dw04;dw05;dw06;dw07;dw08,dw00;dw01;dw02;dw03;dw04;dw05;dw06;dw07;dw08,,165,1,2026-08-30T19:07:55.763+0200,dw08,028E,101,781,143,245,742,3.39,22308
ground-height-2m-20260828-133428,d008m_r270_run01.csv,2,8,270,dw00;dw01;dw02;dw03;dw04;dw05;dw06;dw07;dw08,dw00;dw01;dw02;dw03;dw04;dw05;dw06;dw07;dw08,,15,1,2026-08-30T19:07:55.773+0200,dw00,8103,27,803,-165,503,626,2.83,32257
ground-height-2m-20260828-133428,d008m_r270_run01.csv,2,8,270,dw00;dw01;dw02;dw03;dw04;dw05;dw06;dw07;dw08,dw00;dw01;dw02;dw03;dw04;dw05;dw06;dw07;dw08,,90,1,2026-08-30T19:07:55.803+0200,dw04,0F85,49,783,4,-424,658,3.06,62255
ground-height-2m-20260828-133428,d008m_r270_run01.csv,2,8,270,dw00;dw01;dw02;dw03;dw04;dw05;dw06;dw07;dw08,dw00;dw01;dw02;dw03;dw04;dw05;dw06;dw07;dw08,,105,1,2026-08-30T19:07:55.813+0200,dw05,4B92,184,785,45,-230,750,2.95,72235
ground-height-2m-20260828-133428,d008m_r270_run01.csv,2,8,270,dw00;dw01;dw02;dw03;dw04;dw05;dw06;dw07;dw08,dw00;dw01;dw02;dw03;dw04;dw05;dw06;dw07;dw08,,125,1,2026-08-30T19:07:55.823+0200,dw06,0789,228,786,87,-25,785,2.95,82275
ground-height-2m-20260828-133428,d008m_r270_run01.csv,2,8,270,dw00;dw01;dw02;dw03;dw04;dw05;dw06;dw07;dw08,dw00;dw01;dw02;dw03;dw04;dw05;dw06;dw07;dw08,,35,1,2026-08-30T19:07:55.883+0200,dw01,1729,83,795,-125,693,388,3.09,42327
ground-height-2m-20260828-133428,d008m_r270_run01.csv,2,8,270,dw00;dw01;dw02;dw03;dw04;dw05;dw06;dw07;dw08,dw00;dw01;dw02;dw03;dw04;dw05;dw06;dw07;dw08,,55,1,2026-08-30T19:07:55.893+0200,dw02,8FB0,113,784,-88,784,0,1.93,52398
ground-height-2m-20260828-133428,d008m_r270_run01.csv,2,8,270,dw00;dw01;dw02;dw03;dw04;dw05;dw06;dw07;dw08,dw00;dw01;dw02;dw03;dw04;dw05;dw06;dw07;dw08,,145,1,2026-08-30T19:07:55.933+0200,dw07,5783,93,782,122,143,769,3.33,2147483
ground-height-2m-20260828-133428,d008m_r270_run01.csv,2,8,270,dw00;dw01;dw02;dw03;dw04;dw05;dw06;dw07;dw08,dw00;dw01;dw02;dw03;dw04;dw05;dw06;dw07;dw08,,75,1,2026-08-30T19:07:55.953+0200,dw03,021B,72,771,-41,-640,430,1.99,12268
ground-height-2m-20260828-133428,d008m_r270_run01.csv,2,8,270,dw00;dw01;dw02;dw03;dw04;dw05;dw06;dw07;dw08,dw00;dw01;dw02;dw03;dw04;dw05;dw06;dw07;dw08,,165,1,2026-08-30T19:07:55.963+0200,dw08,028E,102,779,150,278,727,3.45,22277
ground-height-2m-20260828-133428,d008m_r270_run01.csv,2,8,270,dw00;dw01;dw02;dw03;dw04;dw05;dw06;dw07;dw08,dw00;dw01;dw02;dw03;dw04;dw05;dw06;dw07;dw08,,15,1,2026-08-30T19:07:55.973+0200,dw00,8103,28,800,-161,520,608,2.65,32257
ground-height-2m-20260828-133428,d008m_r270_run01.csv,2,8,270,dw00;dw01;dw02;dw03;dw04;dw05;dw06;dw07;dw08,dw00;dw01;dw02;dw03;dw04;dw05;dw06;dw07;dw08,,90,1,2026-08-30T19:07:56.003+0200,dw04,0F85,50,786,3,-433,655,2.95,62255
ground-height-2m-20260828-133428,d008m_r270_run01.csv,2,8,270,dw00;dw01;dw02;dw03;dw04;dw05;dw06;dw07;dw08,dw00;dw01;dw02;dw03;dw04;dw05;dw06;dw07;dw08,,105,1,2026-08-30T19:07:56.013+0200,dw05,4B92,185,783,42,-242,744,3.06,72235
ground-height-2m-20260828-133428,d008m_r270_run01.csv,2,8,270,dw00;dw01;dw02;dw03;dw04;dw05;dw06;dw07;dw08,dw00;dw01;dw02;dw03;dw04;dw05;dw06;dw07;dw08,,125,1,2026-08-30T19:07:56.023+0200,dw06,0789,229,780,80,-58,778,3.06,82275
ground-height-2m-20260828-133428,d008m_r270_run01.csv,2,8,270,dw00;dw01;dw02;dw03;dw04;dw05;dw06;dw07;dw08,dw00;dw01;dw02;dw03;dw04;dw05;dw06;dw07;dw08,,35,1,2026-08-30T19:07:56.083+0200,dw01,1729,84,789,-120,713,339,3.06,42297
ground-height-2m-20260828-133428,d008m_r270_run01.csv,2,8,270,dw00;dw01;dw02;dw03;dw04;dw05;dw06;dw07;dw08,dw00;dw01;dw02;dw03;dw04;dw05;dw06;dw07;dw08,,55,1,2026-08-30T19:07:56.093+0200,dw02,8FB0,114,784,-83,-784,0,1.93,52368
ground-height-2m-20260828-133428,d008m_r270_run01.csv,2,8,270,dw00;dw01;dw02;dw03;dw04;dw05;dw06;dw07;dw08,dw00;dw01;dw02;dw03;dw04;dw05;dw06;dw07;dw08,,145,1,2026-08-30T19:07:56.133+0200,dw07,5783,94,787,131,185,764,3.39,2147483
ground-height-2m-20260828-133428,d008m_r270_run01.csv,2,8,270,dw00;dw01;dw02;dw03;dw04;dw05;dw06;dw07;dw08,dw00;dw01;dw02;dw03;dw04;dw05;dw06;dw07;dw08,,75,1,2026-08-30T19:07:56.153+0200,dw03,021B,73,773,-34,-605,480,2.02,12268
ground-height-2m-20260828-133428,d008m_r270_run01.csv,2,8,270,dw00;dw01;dw02;dw03;dw04;dw05;dw06;dw07;dw08,dw00;dw01;dw02;dw03;dw04;dw05;dw06;dw07;dw08,,165,1,2026-08-30T19:07:56.163+0200,dw08,028E,103,782,155,304,721,3.45,22277
ground-height-2m-20260828-133428,d008m_r270_run01.csv,2,8,270,dw00;dw01;dw02;dw03;dw04;dw05;dw06;dw07;dw08,dw00;dw01;dw02;dw03;dw04;dw05;dw06;dw07;dw08,,15,1,2026-08-30T19:07:56.173+0200,dw00,8103,29,805,-163,516,618,2.77,32287
ground-height-2m-20260828-133428,d008m_r270_run01.csv,2,8,270,dw00;dw01;dw02;dw03;dw04;dw05;dw06;dw07;dw08,dw00;dw01;dw02;dw03;dw04;dw05;dw06;dw07;dw08,,90,1,2026-08-30T19:07:56.203+0200,dw04,0F85,51,783,4,-428,656,3.15,62255
ground-height-2m-20260828-133428,d008m_r270_run01.csv,2,8,270,dw00;dw01;dw02;dw03;dw04;dw05;dw06;dw07;dw08,dw00;dw01;dw02;dw03;dw04;dw05;dw06;dw07;dw08,,105,1,2026-08-30T19:07:56.213+0200,dw05,4B92,186,786,39,-257,742,2.95,72265
ground-height-2m-20260828-133428,d008m_r270_run01.csv,2,8,270,dw00;dw01;dw02;dw03;dw04;dw05;dw06;dw07;dw08,dw00;dw01;dw02;dw03;dw04;dw05;dw06;dw07;dw08,,125,1,2026-08-30T19:07:56.222+0200,dw06,0789,230,783,79,-63,780,3.06,82275
ground-height-2m-20260828-133428,d008m_r270_run01.csv,2,8,270,dw00;dw01;dw02;dw03;dw04;dw05;dw06;dw07;dw08,dw00;dw01;dw02;dw03;dw04;dw05;dw06;dw07;dw08,,35,1,2026-08-30T19:07:56.283+0200,dw01,1729,85,790,-125,689,387,3.09,42297
ground-height-2m-20260828-133428,d008m_r270_run01.csv,2,8,270,dw00;dw01;dw02;dw03;dw04;dw05;dw06;dw07;dw08,dw00;dw01;dw02;dw03;dw04;dw05;dw06;dw07;dw08,,55,1,2026-08-30T19:07:56.293+0200,dw02,8FB0,115,784,-78,-784,0,1.99,52429
ground-height-2m-20260828-133428,d008m_r270_run01.csv,2,8,270,dw00;dw01;dw02;dw03;dw04;dw05;dw06;dw07;dw08,dw00;dw01;dw02;dw03;dw04;dw05;dw06;dw07;dw08,,145,1,2026-08-30T19:07:56.333+0200,dw07,5783,95,783,127,166,765,3.39,2147483
ground-height-2m-20260828-133428,d008m_r270_run01.csv,2,8,270,dw00;dw01;dw02;dw03;dw04;dw05;dw06;dw07;dw08,dw00;dw01;dw02;dw03;dw04;dw05;dw06;dw07;dw08,,75,1,2026-08-30T19:07:56.354+0200,dw03,021B,74,770,-41,-636,434,1.99,12298
ground-height-2m-20260828-133428,d008m_r270_run01.csv,2,8,270,dw00;dw01;dw02;dw03;dw04;dw05;dw06;dw07;dw08,dw00;dw01;dw02;dw03;dw04;dw05;dw06;dw07;dw08,,165,1,2026-08-30T19:07:56.363+0200,dw08,028E,104,785,146,257,742,3.57,22277
ground-height-2m-20260828-133428,d008m_r270_run01.csv,2,8,270,dw00;dw01;dw02;dw03;dw04;dw05;dw06;dw07;dw08,dw00;dw01;dw02;dw03;dw04;dw05;dw06;dw07;dw08,,15,1,2026-08-30T19:07:56.373+0200,dw00,8103,30,802,-164,508,620,2.77,32257
ground-height-2m-20260828-133428,d008m_r270_run01.csv,2,8,270,dw00;dw01;dw02;dw03;dw04;dw05;dw06;dw07;dw08,dw00;dw01;dw02;dw03;dw04;dw05;dw06;dw07;dw08,,90,1,2026-08-30T19:07:56.403+0200,dw04,0F85,52,783,3,-430,654,2.95,62255
ground-height-2m-20260828-133428,d008m_r270_run01.csv,2,8,270,dw00;dw01;dw02;dw03;dw04;dw05;dw06;dw07;dw08,dw00;dw01;dw02;dw03;dw04;dw05;dw06;dw07;dw08,,105,1,2026-08-30T19:07:56.413+0200,dw05,4B92,187,789,37,-269,742,2.89,72235
ground-height-2m-20260828-133428,d008m_r270_run01.csv,2,8,270,dw00;dw01;dw02;dw03;dw04;dw05;dw06;dw07;dw08,dw00;dw01;dw02;dw03;dw04;dw05;dw06;dw07;dw08,,125,1,2026-08-30T19:07:56.423+0200,dw06,0789,231,786,87,-25,786,3.01,82275
ground-height-2m-20260828-133428,d008m_r270_run01.csv,2,8,270,dw00;dw01;dw02;dw03;dw04;dw05;dw06;dw07;dw08,dw00;dw01;dw02;dw03;dw04;dw05;dw06;dw07;dw08,,35,1,2026-08-30T19:07:56.483+0200,dw01,1729,86,789,-122,702,360,3.06,42297
ground-height-2m-20260828-133428,d008m_r270_run01.csv,2,8,270,dw00;dw01;dw02;dw03;dw04;dw05;dw06;dw07;dw08,dw00;dw01;dw02;dw03;dw04;dw05;dw06;dw07;dw08,,55,1,2026-08-30T19:07:56.493+0200,dw02,8FB0,116,785,-86,-785,0,1.93,52337
ground-height-2m-20260828-133428,d008m_r270_run01.csv,2,8,270,dw00;dw01;dw02;dw03;dw04;dw05;dw06;dw07;dw08,dw00;dw01;dw02;dw03;dw04;dw05;dw06;dw07;dw08,,145,1,2026-08-30T19:07:56.533+0200,dw07,5783,96,783,126,161,767,3.45,2147483
ground-height-2m-20260828-133428,d008m_r270_run01.csv,2,8,270,dw00;dw01;dw02;dw03;dw04;dw05;dw06;dw07;dw08,dw00;dw01;dw02;dw03;dw04;dw05;dw06;dw07;dw08,,75,1,2026-08-30T19:07:56.553+0200,dw03,021B,75,768,-38,-621,453,2.14,12298
ground-height-2m-20260828-133428,d008m_r270_run01.csv,2,8,270,dw00;dw01;dw02;dw03;dw04;dw05;dw06;dw07;dw08,dw00;dw01;dw02;dw03;dw04;dw05;dw06;dw07;dw08,,165,1,2026-08-30T19:07:56.562+0200,dw08,028E,105,783,148,268,736,3.51,22308
ground-height-2m-20260828-133428,d008m_r270_run01.csv,2,8,270,dw00;dw01;dw02;dw03;dw04;dw05;dw06;dw07;dw08,dw00;dw01;dw02;dw03;dw04;dw05;dw06;dw07;dw08,,15,1,2026-08-30T19:07:56.573+0200,dw00,8103,31,802,-165,504,624,2.95,32226
ground-height-2m-20260828-133428,d008m_r270_run01.csv,2,8,270,dw00;dw01;dw02;dw03;dw04;dw05;dw06;dw07;dw08,dw00;dw01;dw02;dw03;dw04;dw05;dw06;dw07;dw08,,90,1,2026-08-30T19:07:56.602+0200,dw04,0F85,53,782,8,-407,667,2.95,62255
ground-height-2m-20260828-133428,d008m_r270_run01.csv,2,8,270,dw00;dw01;dw02;dw03;dw04;dw05;dw06;dw07;dw08,dw00;dw01;dw02;dw03;dw04;dw05;dw06;dw07;dw08,,105,1,2026-08-30T19:07:56.613+0200,dw05,4B92,188,784,40,-250,743,2.89,72235
ground-height-2m-20260828-133428,d008m_r270_run01.csv,2,8,270,dw00;dw01;dw02;dw03;dw04;dw05;dw06;dw07;dw08,dw00;dw01;dw02;dw03;dw04;dw05;dw06;dw07;dw08,,125,1,2026-08-30T19:07:56.623+0200,dw06,0789,232,786,85,-33,785,3.01,82275
ground-height-2m-20260828-133428,d008m_r270_run01.csv,2,8,270,dw00;dw01;dw02;dw03;dw04;dw05;dw06;dw07;dw08,dw00;dw01;dw02;dw03;dw04;dw05;dw06;dw07;dw08,,35,1,2026-08-30T19:07:56.682+0200,dw01,1729,87,792,-125,690,389,3.06,42327
ground-height-2m-20260828-133428,d008m_r270_run01.csv,2,8,270,dw00;dw01;dw02;dw03;dw04;dw05;dw06;dw07;dw08,dw00;dw01;dw02;dw03;dw04;dw05;dw06;dw07;dw08,,55,1,2026-08-30T19:07:56.693+0200,dw02,8FB0,117,786,-88,786,0,1.99,52429
ground-height-2m-20260828-133428,d008m_r270_run01.csv,2,8,270,dw00;dw01;dw02;dw03;dw04;dw05;dw06;dw07;dw08,dw00;dw01;dw02;dw03;dw04;dw05;dw06;dw07;dw08,,145,1,2026-08-30T19:07:56.733+0200,dw07,5783,97,785,129,175,765,3.33,2147483
ground-height-2m-20260828-133428,d008m_r270_run01.csv,2,8,270,dw00;dw01;dw02;dw03;dw04;dw05;dw06;dw07;dw08,dw00;dw01;dw02;dw03;dw04;dw05;dw06;dw07;dw08,,75,1,2026-08-30T19:07:56.753+0200,dw03,021B,76,771,-43,-648,417,2.14,12268
ground-height-2m-20260828-133428,d008m_r270_run01.csv,2,8,270,dw00;dw01;dw02;dw03;dw04;dw05;dw06;dw07;dw08,dw00;dw01;dw02;dw03;dw04;dw05;dw06;dw07;dw08,,165,1,2026-08-30T19:07:56.762+0200,dw08,028E,106,781,138,221,749,3.57,22247
ground-height-2m-20260828-133428,d008m_r270_run01.csv,2,8,270,dw00;dw01;dw02;dw03;dw04;dw05;dw06;dw07;dw08,dw00;dw01;dw02;dw03;dw04;dw05;dw06;dw07;dw08,,15,1,2026-08-30T19:07:56.772+0200,dw00,8103,32,803,-163,514,616,2.77,32287
ground-height-2m-20260828-133428,d008m_r270_run01.csv,2,8,270,dw00;dw01;dw02;dw03;dw04;dw05;dw06;dw07;dw08,dw00;dw01;dw02;dw03;dw04;dw05;dw06;dw07;dw08,,90,1,2026-08-30T19:07:56.802+0200,dw04,0F85,54,783,0,-449,641,3.01,62255
ground-height-2m-20260828-133428,d008m_r270_run01.csv,2,8,270,dw00;dw01;dw02;dw03;dw04;dw05;dw06;dw07;dw08,dw00;dw01;dw02;dw03;dw04;dw05;dw06;dw07;dw08,,105,1,2026-08-30T19:07:56.812+0200,dw05,4B92,189,786,37,-268,738,2.95,72265
ground-height-2m-20260828-133428,d008m_r270_run01.csv,2,8,270,dw00;dw01;dw02;dw03;dw04;dw05;dw06;dw07;dw08,dw00;dw01;dw02;dw03;dw04;dw05;dw06;dw07;dw08,,125,1,2026-08-30T19:07:56.823+0200,dw06,0789,233,784,82,-51,782,3.01,82305
ground-height-2m-20260828-133428,d008m_r270_run01.csv,2,8,270,dw00;dw01;dw02;dw03;dw04;dw05;dw06;dw07;dw08,dw00;dw01;dw02;dw03;dw04;dw05;dw06;dw07;dw08,,35,1,2026-08-30T19:07:56.883+0200,dw01,1729,88,789,-126,684,394,3.06,42297
ground-height-2m-20260828-133428,d008m_r270_run01.csv,2,8,270,dw00;dw01;dw02;dw03;dw04;dw05;dw06;dw07;dw08,dw00;dw01;dw02;dw03;dw04;dw05;dw06;dw07;dw08,,55,1,2026-08-30T19:07:56.892+0200,dw02,8FB0,118,784,-87,784,0,1.99,52368
ground-height-2m-20260828-133428,d008m_r270_run01.csv,2,8,270,dw00;dw01;dw02;dw03;dw04;dw05;dw06;dw07;dw08,dw00;dw01;dw02;dw03;dw04;dw05;dw06;dw07;dw08,,145,1,2026-08-30T19:07:56.932+0200,dw07,5783,98,784,130,182,763,3.45,2147483
ground-height-2m-20260828-133428,d008m_r270_run01.csv,2,8,270,dw00;dw01;dw02;dw03;dw04;dw05;dw06;dw07;dw08,dw00;dw01;dw02;dw03;dw04;dw05;dw06;dw07;dw08,,75,1,2026-08-30T19:07:56.953+0200,dw03,021B,77,772,-29,-581,508,2.08,12237
ground-height-2m-20260828-133428,d008m_r270_run01.csv,2,8,270,dw00;dw01;dw02;dw03;dw04;dw05;dw06;dw07;dw08,dw00;dw01;dw02;dw03;dw04;dw05;dw06;dw07;dw08,,165,1,2026-08-30T19:07:56.963+0200,dw08,028E,107,782,155,302,721,3.45,22277
ground-height-2m-20260828-133428,d008m_r270_run01.csv,2,8,270,dw00;dw01;dw02;dw03;dw04;dw05;dw06;dw07;dw08,dw00;dw01;dw02;dw03;dw04;dw05;dw06;dw07;dw08,,15,1,2026-08-30T19:07:56.972+0200,dw00,8103,33,804,-165,502,628,2.83,32287
ground-height-2m-20260828-133428,d008m_r270_run01.csv,2,8,270,dw00;dw01;dw02;dw03;dw04;dw05;dw06;dw07;dw08,dw00;dw01;dw02;dw03;dw04;dw05;dw06;dw07;dw08,,90,1,2026-08-30T19:07:57.003+0200,dw04,0F85,55,782,5,-419,661,3.01,62255
ground-height-2m-20260828-133428,d008m_r270_run01.csv,2,8,270,dw00;dw01;dw02;dw03;dw04;dw05;dw06;dw07;dw08,dw00;dw01;dw02;dw03;dw04;dw05;dw06;dw07;dw08,,105,1,2026-08-30T19:07:57.012+0200,dw05,4B92,190,785,41,-249,744,3.06,72235
ground-height-2m-20260828-133428,d008m_r270_run01.csv,2,8,270,dw00;dw01;dw02;dw03;dw04;dw05;dw06;dw07;dw08,dw00;dw01;dw02;dw03;dw04;dw05;dw06;dw07;dw08,,125,1,2026-08-30T19:07:57.022+0200,dw06,0789,234,781,85,-37,781,3.06,82275
ground-height-2m-20260828-133428,d008m_r270_run01.csv,2,8,270,dw00;dw01;dw02;dw03;dw04;dw05;dw06;dw07;dw08,dw00;dw01;dw02;dw03;dw04;dw05;dw06;dw07;dw08,,35,1,2026-08-30T19:07:57.083+0200,dw01,1729,89,789,-121,708,349,3.01,42297
ground-height-2m-20260828-133428,d008m_r270_run01.csv,2,8,270,dw00;dw01;dw02;dw03;dw04;dw05;dw06;dw07;dw08,dw00;dw01;dw02;dw03;dw04;dw05;dw06;dw07;dw08,,55,1,2026-08-30T19:07:57.093+0200,dw02,8FB0,119,784,-88,784,0,1.93,52337
ground-height-2m-20260828-133428,d008m_r270_run01.csv,2,8,270,dw00;dw01;dw02;dw03;dw04;dw05;dw06;dw07;dw08,dw00;dw01;dw02;dw03;dw04;dw05;dw06;dw07;dw08,,145,1,2026-08-30T19:07:57.133+0200,dw07,5783,99,788,123,146,774,3.39,2147483
ground-height-2m-20260828-133428,d008m_r270_run01.csv,2,8,270,dw00;dw01;dw02;dw03;dw04;dw05;dw06;dw07;dw08,dw00;dw01;dw02;dw03;dw04;dw05;dw06;dw07;dw08,,75,1,2026-08-30T19:07:57.152+0200,dw03,021B,78,774,-37,-621,462,2.08,12298
ground-height-2m-20260828-133428,d008m_r270_run01.csv,2,8,270,dw00;dw01;dw02;dw03;dw04;dw05;dw06;dw07;dw08,dw00;dw01;dw02;dw03;dw04;dw05;dw06;dw07;dw08,,165,1,2026-08-30T19:07:57.163+0200,dw08,028E,108,786,150,277,735,3.45,22277
ground-height-2m-20260828-133428,d008m_r270_run01.csv,2,8,270,dw00;dw01;dw02;dw03;dw04;dw05;dw06;dw07;dw08,dw00;dw01;dw02;dw03;dw04;dw05;dw06;dw07;dw08,,15,1,2026-08-30T19:07:57.173+0200,dw00,8103,34,804,-165,503,627,2.83,32257
ground-height-2m-20260828-133428,d008m_r270_run01.csv,2,8,270,dw00;dw01;dw02;dw03;dw04;dw05;dw06;dw07;dw08,dw00;dw01;dw02;dw03;dw04;dw05;dw06;dw07;dw08,,90,1,2026-08-30T19:07:57.203+0200,dw04,0F85,56,784,4,-428,657,3.01,62255
ground-height-2m-20260828-133428,d008m_r270_run01.csv,2,8,270,dw00;dw01;dw02;dw03;dw04;dw05;dw06;dw07;dw08,dw00;dw01;dw02;dw03;dw04;dw05;dw06;dw07;dw08,,105,1,2026-08-30T19:07:57.213+0200,dw05,4B92,191,788,42,-242,749,3.01,72265
ground-height-2m-20260828-133428,d008m_r270_run01.csv,2,8,270,dw00;dw01;dw02;dw03;dw04;dw05;dw06;dw07;dw08,dw00;dw01;dw02;dw03;dw04;dw05;dw06;dw07;dw08,,125,1,2026-08-30T19:07:57.222+0200,dw06,0789,235,787,84,-39,786,2.95,82275
ground-height-2m-20260828-133428,d008m_r270_run01.csv,2,8,270,dw00;dw01;dw02;dw03;dw04;dw05;dw06;dw07;dw08,dw00;dw01;dw02;dw03;dw04;dw05;dw06;dw07;dw08,,35,1,2026-08-30T19:07:57.283+0200,dw01,1729,90,790,-123,699,368,3.09,42327
ground-height-2m-20260828-133428,d008m_r270_run01.csv,2,8,270,dw00;dw01;dw02;dw03;dw04;dw05;dw06;dw07;dw08,dw00;dw01;dw02;dw03;dw04;dw05;dw06;dw07;dw08,,55,1,2026-08-30T19:07:57.293+0200,dw02,8FB0,120,785,-87,785,0,1.99,52398
ground-height-2m-20260828-133428,d008m_r270_run01.csv,2,8,270,dw00;dw01;dw02;dw03;dw04;dw05;dw06;dw07;dw08,dw00;dw01;dw02;dw03;dw04;dw05;dw06;dw07;dw08,,145,1,2026-08-30T19:07:57.333+0200,dw07,5783,100,784,136,210,755,3.33,2147483
ground-height-2m-20260828-133428,d008m_r270_run01.csv,2,8,270,dw00;dw01;dw02;dw03;dw04;dw05;dw06;dw07;dw08,dw00;dw01;dw02;dw03;dw04;dw05;dw06;dw07;dw08,,75,1,2026-08-30T19:07:57.352+0200,dw03,021B,79,769,-35,-608,470,2.02,12268
ground-height-2m-20260828-133428,d008m_r270_run01.csv,2,8,270,dw00;dw01;dw02;dw03;dw04;dw05;dw06;dw07;dw08,dw00;dw01;dw02;dw03;dw04;dw05;dw06;dw07;dw08,,165,1,2026-08-30T19:07:57.363+0200,dw08,028E,109,784,134,199,758,3.51,22308
ground-height-2m-20260828-133428,d008m_r270_run01.csv,2,8,270,dw00;dw01;dw02;dw03;dw04;dw05;dw06;dw07;dw08,dw00;dw01;dw02;dw03;dw04;dw05;dw06;dw07;dw08,,15,1,2026-08-30T19:07:57.373+0200,dw00,8103,35,803,-165,504,625,2.71,32257
ground-height-2m-20260828-133428,d008m_r270_run01.csv,2,8,270,dw00;dw01;dw02;dw03;dw04;dw05;dw06;dw07;dw08,dw00;dw01;dw02;dw03;dw04;dw05;dw06;dw07;dw08,,90,1,2026-08-30T19:07:57.402+0200,dw04,0F85,57,781,5,-421,658,3.06,62255
ground-height-2m-20260828-133428,d008m_r270_run01.csv,2,8,270,dw00;dw01;dw02;dw03;dw04;dw05;dw06;dw07;dw08,dw00;dw01;dw02;dw03;dw04;dw05;dw06;dw07;dw08,,105,1,2026-08-30T19:07:57.413+0200,dw05,4B92,192,785,39,-255,742,3.06,72204
ground-height-2m-20260828-133428,d008m_r270_run01.csv,2,8,270,dw00;dw01;dw02;dw03;dw04;dw05;dw06;dw07;dw08,dw00;dw01;dw02;dw03;dw04;dw05;dw06;dw07;dw08,,125,1,2026-08-30T19:07:57.423+0200,dw06,0789,236,785,89,-17,785,3.06,82275
ground-height-2m-20260828-133428,d008m_r270_run01.csv,2,8,270,dw00;dw01;dw02;dw03;dw04;dw05;dw06;dw07;dw08,dw00;dw01;dw02;dw03;dw04;dw05;dw06;dw07;dw08,,35,1,2026-08-30T19:07:57.482+0200,dw01,1729,91,789,-120,714,335,3.06,42327
ground-height-2m-20260828-133428,d008m_r270_run01.csv,2,8,270,dw00;dw01;dw02;dw03;dw04;dw05;dw06;dw07;dw08,dw00;dw01;dw02;dw03;dw04;dw05;dw06;dw07;dw08,,55,1,2026-08-30T19:07:57.493+0200,dw02,8FB0,121,785,-81,-785,0,1.81,52337
ground-height-2m-20260828-133428,d008m_r270_run01.csv,2,8,270,dw00;dw01;dw02;dw03;dw04;dw05;dw06;dw07;dw08,dw00;dw01;dw02;dw03;dw04;dw05;dw06;dw07;dw08,,145,1,2026-08-30T19:07:57.533+0200,dw07,5783,101,784,127,169,765,3.39,2147483
ground-height-2m-20260828-133428,d008m_r270_run01.csv,2,8,270,dw00;dw01;dw02;dw03;dw04;dw05;dw06;dw07;dw08,dw00;dw01;dw02;dw03;dw04;dw05;dw06;dw07;dw08,,75,1,2026-08-30T19:07:57.552+0200,dw03,021B,80,774,-43,-650,420,2.02,12268
ground-height-2m-20260828-133428,d008m_r270_run01.csv,2,8,270,dw00;dw01;dw02;dw03;dw04;dw05;dw06;dw07;dw08,dw00;dw01;dw02;dw03;dw04;dw05;dw06;dw07;dw08,,165,1,2026-08-30T19:07:57.562+0200,dw08,028E,110,787,155,304,726,3.39,22247
ground-height-2m-20260828-133428,d008m_r270_run01.csv,2,8,270,dw00;dw01;dw02;dw03;dw04;dw05;dw06;dw07;dw08,dw00;dw01;dw02;dw03;dw04;dw05;dw06;dw07;dw08,,15,1,2026-08-30T19:07:57.572+0200,dw00,8103,36,801,-165,499,626,2.83,32257
ground-height-2m-20260828-133428,d008m_r270_run01.csv,2,8,270,dw00;dw01;dw02;dw03;dw04;dw05;dw06;dw07;dw08,dw00;dw01;dw02;dw03;dw04;dw05;dw06;dw07;dw08,,90,1,2026-08-30T19:07:57.602+0200,dw04,0F85,58,781,5,-422,657,3.01,62255
ground-height-2m-20260828-133428,d008m_r270_run01.csv,2,8,270,dw00;dw01;dw02;dw03;dw04;dw05;dw06;dw07;dw08,dw00;dw01;dw02;dw03;dw04;dw05;dw06;dw07;dw08,,105,1,2026-08-30T19:07:57.612+0200,dw05,4B92,193,786,41,-249,745,2.89,72235
ground-height-2m-20260828-133428,d008m_r270_run01.csv,2,8,270,dw00;dw01;dw02;dw03;dw04;dw05;dw06;dw07;dw08,dw00;dw01;dw02;dw03;dw04;dw05;dw06;dw07;dw08,,125,1,2026-08-30T19:07:57.623+0200,dw06,0789,237,785,85,-33,784,3.06,82275
ground-height-2m-20260828-133428,d008m_r270_run01.csv,2,8,270,dw00;dw01;dw02;dw03;dw04;dw05;dw06;dw07;dw08,dw00;dw01;dw02;dw03;dw04;dw05;dw06;dw07;dw08,,35,1,2026-08-30T19:07:57.682+0200,dw01,1729,92,788,-123,698,365,3.01,42327
ground-height-2m-20260828-133428,d008m_r270_run01.csv,2,8,270,dw00;dw01;dw02;dw03;dw04;dw05;dw06;dw07;dw08,dw00;dw01;dw02;dw03;dw04;dw05;dw06;dw07;dw08,,55,1,2026-08-30T19:07:57.692+0200,dw02,8FB0,122,787,-74,-787,0,1.93,52429
ground-height-2m-20260828-133428,d008m_r270_run01.csv,2,8,270,dw00;dw01;dw02;dw03;dw04;dw05;dw06;dw07;dw08,dw00;dw01;dw02;dw03;dw04;dw05;dw06;dw07;dw08,,145,1,2026-08-30T19:07:57.732+0200,dw07,5783,102,782,119,127,772,3.39,2147483
ground-height-2m-20260828-133428,d008m_r270_run01.csv,2,8,270,dw00;dw01;dw02;dw03;dw04;dw05;dw06;dw07;dw08,dw00;dw01;dw02;dw03;dw04;dw05;dw06;dw07;dw08,,75,1,2026-08-30T19:07:57.753+0200,dw03,021B,81,771,-39,-628,447,1.99,12268
ground-height-2m-20260828-133428,d008m_r270_run01.csv,2,8,270,dw00;dw01;dw02;dw03;dw04;dw05;dw06;dw07;dw08,dw00;dw01;dw02;dw03;dw04;dw05;dw06;dw07;dw08,,165,1,2026-08-30T19:07:57.762+0200,dw08,028E,111,786,157,311,722,3.51,22308
ground-height-2m-20260828-133428,d008m_r270_run01.csv,2,8,270,dw00;dw01;dw02;dw03;dw04;dw05;dw06;dw07;dw08,dw00;dw01;dw02;dw03;dw04;dw05;dw06;dw07;dw08,,15,1,2026-08-30T19:07:57.772+0200,dw00,8103,37,804,-165,504,626,2.71,32257
ground-height-2m-20260828-133428,d008m_r270_run01.csv,2,8,270,dw00;dw01;dw02;dw03;dw04;dw05;dw06;dw07;dw08,dw00;dw01;dw02;dw03;dw04;dw05;dw06;dw07;dw08,,90,1,2026-08-30T19:07:57.802+0200,dw04,0F85,59,786,4,-428,659,3.06,62255
ground-height-2m-20260828-133428,d008m_r270_run01.csv,2,8,270,dw00;dw01;dw02;dw03;dw04;dw05;dw06;dw07;dw08,dw00;dw01;dw02;dw03;dw04;dw05;dw06;dw07;dw08,,105,1,2026-08-30T19:07:57.812+0200,dw05,4B92,194,784,37,-266,737,2.89,72235
ground-height-2m-20260828-133428,d008m_r270_run01.csv,2,8,270,dw00;dw01;dw02;dw03;dw04;dw05;dw06;dw07;dw08,dw00;dw01;dw02;dw03;dw04;dw05;dw06;dw07;dw08,,125,1,2026-08-30T19:07:57.822+0200,dw06,0789,238,784,87,-23,784,2.95,82275
ground-height-2m-20260828-133428,d008m_r270_run01.csv,2,8,270,dw00;dw01;dw02;dw03;dw04;dw05;dw06;dw07;dw08,dw00;dw01;dw02;dw03;dw04;dw05;dw06;dw07;dw08,,35,1,2026-08-30T19:07:57.882+0200,dw01,1729,93,791,-121,708,353,3.01,42297
ground-height-2m-20260828-133428,d008m_r270_run01.csv,2,8,270,dw00;dw01;dw02;dw03;dw04;dw05;dw06;dw07;dw08,dw00;dw01;dw02;dw03;dw04;dw05;dw06;dw07;dw08,,55,1,2026-08-30T19:07:57.892+0200,dw02,8FB0,123,787,-78,-787,0,2.02,52398
ground-height-2m-20260828-133428,d008m_r270_run01.csv,2,8,270,dw00;dw01;dw02;dw03;dw04;dw05;dw06;dw07;dw08,dw00;dw01;dw02;dw03;dw04;dw05;dw06;dw07;dw08,,145,1,2026-08-30T19:07:57.932+0200,dw07,5783,103,780,122,142,766,3.39,2147483
ground-height-2m-20260828-133428,d008m_r270_run01.csv,2,8,270,dw00;dw01;dw02;dw03;dw04;dw05;dw06;dw07;dw08,dw00;dw01;dw02;dw03;dw04;dw05;dw06;dw07;dw08,,75,1,2026-08-30T19:07:57.952+0200,dw03,021B,82,770,-37,-616,461,2.08,12268
ground-height-2m-20260828-133428,d008m_r270_run01.csv,2,8,270,dw00;dw01;dw02;dw03;dw04;dw05;dw06;dw07;dw08,dw00;dw01;dw02;dw03;dw04;dw05;dw06;dw07;dw08,,165,1,2026-08-30T19:07:57.963+0200,dw08,028E,112,782,150,275,732,3.45,22277
ground-height-2m-20260828-133428,d008m_r270_run01.csv,2,8,270,dw00;dw01;dw02;dw03;dw04;dw05;dw06;dw07;dw08,dw00;dw01;dw02;dw03;dw04;dw05;dw06;dw07;dw08,,15,1,2026-08-30T19:07:57.972+0200,dw00,8103,38,803,-153,561,575,2.71,32287
ground-height-2m-20260828-133428,d008m_r270_run01.csv,2,8,270,dw00;dw01;dw02;dw03;dw04;dw05;dw06;dw07;dw08,dw00;dw01;dw02;dw03;dw04;dw05;dw06;dw07;dw08,,90,1,2026-08-30T19:07:58.003+0200,dw04,0F85,60,783,5,-421,660,3.01,62286
ground-height-2m-20260828-133428,d008m_r270_run01.csv,2,8,270,dw00;dw01;dw02;dw03;dw04;dw05;dw06;dw07;dw08,dw00;dw01;dw02;dw03;dw04;dw05;dw06;dw07;dw08,,105,1,2026-08-30T19:07:58.012+0200,dw05,4B92,195,786,39,-259,742,2.95,72296
ground-height-2m-20260828-133428,d008m_r270_run01.csv,2,8,270,dw00;dw01;dw02;dw03;dw04;dw05;dw06;dw07;dw08,dw00;dw01;dw02;dw03;dw04;dw05;dw06;dw07;dw08,,125,1,2026-08-30T19:07:58.022+0200,dw06,0789,239,784,80,-60,782,3.06,82275
ground-height-2m-20260828-133428,d008m_r270_run01.csv,2,8,270,dw00;dw01;dw02;dw03;dw04;dw05;dw06;dw07;dw08,dw00;dw01;dw02;dw03;dw04;dw05;dw06;dw07;dw08,,35,1,2026-08-30T19:07:58.083+0200,dw01,1729,94,791,-125,689,388,3.09,42297
ground-height-2m-20260828-133428,d008m_r270_run01.csv,2,8,270,dw00;dw01;dw02;dw03;dw04;dw05;dw06;dw07;dw08,dw00;dw01;dw02;dw03;dw04;dw05;dw06;dw07;dw08,,55,1,2026-08-30T19:07:58.092+0200,dw02,8FB0,124,786,-86,-786,0,1.93,52398
ground-height-2m-20260828-133428,d008m_r270_run01.csv,2,8,270,dw00;dw01;dw02;dw03;dw04;dw05;dw06;dw07;dw08,dw00;dw01;dw02;dw03;dw04;dw05;dw06;dw07;dw08,,145,1,2026-08-30T19:07:58.132+0200,dw07,5783,104,781,135,207,753,3.33,2147483
ground-height-2m-20260828-133428,d008m_r270_run01.csv,2,8,270,dw00;dw01;dw02;dw03;dw04;dw05;dw06;dw07;dw08,dw00;dw01;dw02;dw03;dw04;dw05;dw06;dw07;dw08,,75,1,2026-08-30T19:07:58.152+0200,dw03,021B,83,771,-30,-588,498,2.02,12268
ground-height-2m-20260828-133428,d008m_r270_run01.csv,2,8,270,dw00;dw01;dw02;dw03;dw04;dw05;dw06;dw07;dw08,dw00;dw01;dw02;dw03;dw04;dw05;dw06;dw07;dw08,,165,1,2026-08-30T19:07:58.163+0200,dw08,028E,113,785,150,281,733,3.57,22308
ground-height-2m-20260828-133428,d008m_r270_run01.csv,2,8,270,dw00;dw01;dw02;dw03;dw04;dw05;dw06;dw07;dw08,dw00;dw01;dw02;dw03;dw04;dw05;dw06;dw07;dw08,,15,1,2026-08-30T19:07:58.172+0200,dw00,8103,39,802,-168,488,636,2.83,32226
ground-height-2m-20260828-133428,d008m_r270_run01.csv,2,8,270,dw00;dw01;dw02;dw03;dw04;dw05;dw06;dw07;dw08,dw00;dw01;dw02;dw03;dw04;dw05;dw06;dw07;dw08,,90,1,2026-08-30T19:07:58.202+0200,dw04,0F85,61,783,2,-437,650,2.95,62255
ground-height-2m-20260828-133428,d008m_r270_run01.csv,2,8,270,dw00;dw01;dw02;dw03;dw04;dw05;dw06;dw07;dw08,dw00;dw01;dw02;dw03;dw04;dw05;dw06;dw07;dw08,,105,1,2026-08-30T19:07:58.212+0200,dw05,4B92,196,785,45,-227,752,2.95,72204
ground-height-2m-20260828-133428,d008m_r270_run01.csv,2,8,270,dw00;dw01;dw02;dw03;dw04;dw05;dw06;dw07;dw08,dw00;dw01;dw02;dw03;dw04;dw05;dw06;dw07;dw08,,125,1,2026-08-30T19:07:58.222+0200,dw06,0789,240,786,86,-29,786,3.09,82275
ground-height-2m-20260828-133428,d008m_r270_run01.csv,2,8,270,dw00;dw01;dw02;dw03;dw04;dw05;dw06;dw07;dw08,dw00;dw01;dw02;dw03;dw04;dw05;dw06;dw07;dw08,,35,1,2026-08-30T19:07:58.282+0200,dw01,1729,95,788,-127,675,407,3.06,42327
ground-height-2m-20260828-133428,d008m_r270_run01.csv,2,8,270,dw00;dw01;dw02;dw03;dw04;dw05;dw06;dw07;dw08,dw00;dw01;dw02;dw03;dw04;dw05;dw06;dw07;dw08,,55,1,2026-08-30T19:07:58.293+0200,dw02,8FB0,125,787,-85,-787,0,2.02,52368
ground-height-2m-20260828-133428,d008m_r270_run01.csv,2,8,270,dw00;dw01;dw02;dw03;dw04;dw05;dw06;dw07;dw08,dw00;dw01;dw02;dw03;dw04;dw05;dw06;dw07;dw08,,145,1,2026-08-30T19:07:58.333+0200,dw07,5783,105,785,129,176,765,3.39,2147483
ground-height-2m-20260828-133428,d008m_r270_run01.csv,2,8,270,dw00;dw01;dw02;dw03;dw04;dw05;dw06;dw07;dw08,dw00;dw01;dw02;dw03;dw04;dw05;dw06;dw07;dw08,,75,1,2026-08-30T19:07:58.352+0200,dw03,021B,84,771,-33,-600,484,2.14,12268
ground-height-2m-20260828-133428,d008m_r270_run01.csv,2,8,270,dw00;dw01;dw02;dw03;dw04;dw05;dw06;dw07;dw08,dw00;dw01;dw02;dw03;dw04;dw05;dw06;dw07;dw08,,165,1,2026-08-30T19:07:58.362+0200,dw08,028E,114,784,141,236,748,3.57,22247
ground-height-2m-20260828-133428,d008m_r270_run01.csv,2,8,270,dw00;dw01;dw02;dw03;dw04;dw05;dw06;dw07;dw08,dw00;dw01;dw02;dw03;dw04;dw05;dw06;dw07;dw08,,15,1,2026-08-30T19:07:58.372+0200,dw00,8103,40,803,-158,538,596,2.83,32287
ground-height-2m-20260828-133428,d008m_r270_run01.csv,2,8,270,dw00;dw01;dw02;dw03;dw04;dw05;dw06;dw07;dw08,dw00;dw01;dw02;dw03;dw04;dw05;dw06;dw07;dw08,,90,1,2026-08-30T19:07:58.402+0200,dw04,0F85,62,785,3,-432,656,3.06,62255
ground-height-2m-20260828-133428,d008m_r270_run01.csv,2,8,270,dw00;dw01;dw02;dw03;dw04;dw05;dw06;dw07;dw08,dw00;dw01;dw02;dw03;dw04;dw05;dw06;dw07;dw08,,105,1,2026-08-30T19:07:58.412+0200,dw05,4B92,197,786,40,-253,744,2.95,72265
ground-height-2m-20260828-133428,d008m_r270_run01.csv,2,8,270,dw00;dw01;dw02;dw03;dw04;dw05;dw06;dw07;dw08,dw00;dw01;dw02;dw03;dw04;dw05;dw06;dw07;dw08,,125,1,2026-08-30T19:07:58.422+0200,dw06,0789,241,782,84,-37,781,3.06,82275
ground-height-2m-20260828-133428,d008m_r270_run01.csv,2,8,270,dw00;dw01;dw02;dw03;dw04;dw05;dw06;dw07;dw08,dw00;dw01;dw02;dw03;dw04;dw05;dw06;dw07;dw08,,35,1,2026-08-30T19:07:58.482+0200,dw01,1729,96,790,-126,686,392,3.09,42297
ground-height-2m-20260828-133428,d008m_r270_run01.csv,2,8,270,dw00;dw01;dw02;dw03;dw04;dw05;dw06;dw07;dw08,dw00;dw01;dw02;dw03;dw04;dw05;dw06;dw07;dw08,,55,1,2026-08-30T19:07:58.492+0200,dw02,8FB0,126,786,-86,-786,0,1.99,52398
ground-height-2m-20260828-133428,d008m_r270_run01.csv,2,8,270,dw00;dw01;dw02;dw03;dw04;dw05;dw06;dw07;dw08,dw00;dw01;dw02;dw03;dw04;dw05;dw06;dw07;dw08,,145,1,2026-08-30T19:07:58.532+0200,dw07,5783,106,784,118,123,774,3.33,2147483
ground-height-2m-20260828-133428,d008m_r270_run01.csv,2,8,270,dw00;dw01;dw02;dw03;dw04;dw05;dw06;dw07;dw08,dw00;dw01;dw02;dw03;dw04;dw05;dw06;dw07;dw08,,75,1,2026-08-30T19:07:58.552+0200,dw03,021B,85,770,-37,-616,462,1.99,12298
ground-height-2m-20260828-133428,d008m_r270_run01.csv,2,8,270,dw00;dw01;dw02;dw03;dw04;dw05;dw06;dw07;dw08,dw00;dw01;dw02;dw03;dw04;dw05;dw06;dw07;dw08,,165,1,2026-08-30T19:07:58.562+0200,dw08,028E,115,783,165,352,700,3.63,22277
ground-height-2m-20260828-133428,d008m_r270_run01.csv,2,8,270,dw00;dw01;dw02;dw03;dw04;dw05;dw06;dw07;dw08,dw00;dw01;dw02;dw03;dw04;dw05;dw06;dw07;dw08,,15,1,2026-08-30T19:07:58.572+0200,dw00,8103,41,803,-159,533,600,2.77,32287
ground-height-2m-20260828-133428,d008m_r270_run01.csv,2,8,270,dw00;dw01;dw02;dw03;dw04;dw05;dw06;dw07;dw08,dw00;dw01;dw02;dw03;dw04;dw05;dw06;dw07;dw08,,90,1,2026-08-30T19:07:58.602+0200,dw04,0F85,63,783,4,-428,656,3.06,62255
ground-height-2m-20260828-133428,d008m_r270_run01.csv,2,8,270,dw00;dw01;dw02;dw03;dw04;dw05;dw06;dw07;dw08,dw00;dw01;dw02;dw03;dw04;dw05;dw06;dw07;dw08,,105,1,2026-08-30T19:07:58.612+0200,dw05,4B92,198,784,43,-236,748,2.95,72235
ground-height-2m-20260828-133428,d008m_r270_run01.csv,2,8,270,dw00;dw01;dw02;dw03;dw04;dw05;dw06;dw07;dw08,dw00;dw01;dw02;dw03;dw04;dw05;dw06;dw07;dw08,,125,1,2026-08-30T19:07:58.622+0200,dw06,0789,242,783,86,-31,782,3.06,82275
ground-height-2m-20260828-133428,d008m_r270_run01.csv,2,8,270,dw00;dw01;dw02;dw03;dw04;dw05;dw06;dw07;dw08,dw00;dw01;dw02;dw03;dw04;dw05;dw06;dw07;dw08,,35,1,2026-08-30T19:07:58.682+0200,dw01,1729,97,794,-128,679,412,3.09,42327
ground-height-2m-20260828-133428,d008m_r270_run01.csv,2,8,270,dw00;dw01;dw02;dw03;dw04;dw05;dw06;dw07;dw08,dw00;dw01;dw02;dw03;dw04;dw05;dw06;dw07;dw08,,55,1,2026-08-30T19:07:58.692+0200,dw02,8FB0,127,784,-82,-784,0,1.99,52368
ground-height-2m-20260828-133428,d008m_r270_run01.csv,2,8,270,dw00;dw01;dw02;dw03;dw04;dw05;dw06;dw07;dw08,dw00;dw01;dw02;dw03;dw04;dw05;dw06;dw07;dw08,,145,1,2026-08-30T19:07:58.732+0200,dw07,5783,107,785,129,177,764,3.33,2147483
ground-height-2m-20260828-133428,d008m_r270_run01.csv,2,8,270,dw00;dw01;dw02;dw03;dw04;dw05;dw06;dw07;dw08,dw00;dw01;dw02;dw03;dw04;dw05;dw06;dw07;dw08,,75,1,2026-08-30T19:07:58.751+0200,dw03,021B,86,773,-41,-640,432,2.02,12268
ground-height-2m-20260828-133428,d008m_r270_run01.csv,2,8,270,dw00;dw01;dw02;dw03;dw04;dw05;dw06;dw07;dw08,dw00;dw01;dw02;dw03;dw04;dw05;dw06;dw07;dw08,,165,1,2026-08-30T19:07:58.762+0200,dw08,028E,116,783,151,282,731,3.69,22308
ground-height-2m-20260828-133428,d008m_r270_run01.csv,2,8,270,dw00;dw01;dw02;dw03;dw04;dw05;dw06;dw07;dw08,dw00;dw01;dw02;dw03;dw04;dw05;dw06;dw07;dw08,,15,1,2026-08-30T19:07:58.772+0200,dw00,8103,42,802,-163,514,616,2.95,32287
ground-height-2m-20260828-133428,d008m_r270_run01.csv,2,8,270,dw00;dw01;dw02;dw03;dw04;dw05;dw06;dw07;dw08,dw00;dw01;dw02;dw03;dw04;dw05;dw06;dw07;dw08,,90,1,2026-08-30T19:07:58.802+0200,dw04,0F85,64,781,2,-435,649,3.06,62255
ground-height-2m-20260828-133428,d008m_r270_run01.csv,2,8,270,dw00;dw01;dw02;dw03;dw04;dw05;dw06;dw07;dw08,dw00;dw01;dw02;dw03;dw04;dw05;dw06;dw07;dw08,,105,1,2026-08-30T19:07:58.812+0200,dw05,4B92,199,787,44,-233,752,2.89,72265
ground-height-2m-20260828-133428,d008m_r270_run01.csv,2,8,270,dw00;dw01;dw02;dw03;dw04;dw05;dw06;dw07;dw08,dw00;dw01;dw02;dw03;dw04;dw05;dw06;dw07;dw08,,125,1,2026-08-30T19:07:58.822+0200,dw06,0789,243,786,85,-35,785,2.95,82305
ground-height-2m-20260828-133428,d008m_r270_run01.csv,2,8,270,dw00;dw01;dw02;dw03;dw04;dw05;dw06;dw07;dw08,dw00;dw01;dw02;dw03;dw04;dw05;dw06;dw07;dw08,,35,1,2026-08-30T19:07:58.882+0200,dw01,1729,98,790,-125,690,384,3.15,42297
ground-height-2m-20260828-133428,d008m_r270_run01.csv,2,8,270,dw00;dw01;dw02;dw03;dw04;dw05;dw06;dw07;dw08,dw00;dw01;dw02;dw03;dw04;dw05;dw06;dw07;dw08,,55,1,2026-08-30T19:07:58.892+0200,dw02,8FB0,128,788,-89,788,0,2.02,52337
ground-height-2m-20260828-133428,d008m_r270_run01.csv,2,8,270,dw00;dw01;dw02;dw03;dw04;dw05;dw06;dw07;dw08,dw00;dw01;dw02;dw03;dw04;dw05;dw06;dw07;dw08,,145,1,2026-08-30T19:07:58.932+0200,dw07,5783,108,786,123,149,771,3.33,2147483
ground-height-2m-20260828-133428,d008m_r270_run01.csv,2,8,270,dw00;dw01;dw02;dw03;dw04;dw05;dw06;dw07;dw08,dw00;dw01;dw02;dw03;dw04;dw05;dw06;dw07;dw08,,75,1,2026-08-30T19:07:58.952+0200,dw03,021B,87,774,-39,-630,449,2.02,12268
ground-height-2m-20260828-133428,d008m_r270_run01.csv,2,8,270,dw00;dw01;dw02;dw03;dw04;dw05;dw06;dw07;dw08,dw00;dw01;dw02;dw03;dw04;dw05;dw06;dw07;dw08,,165,1,2026-08-30T19:07:58.961+0200,dw08,028E,117,784,156,307,721,3.63,22277
ground-height-2m-20260828-133428,d008m_r270_run01.csv,2,8,270,dw00;dw01;dw02;dw03;dw04;dw05;dw06;dw07;dw08,dw00;dw01;dw02;dw03;dw04;dw05;dw06;dw07;dw08,,15,1,2026-08-30T19:07:58.972+0200,dw00,8103,43,804,-156,547,589,2.71,32257
ground-height-2m-20260828-133428,d008m_r270_run01.csv,2,8,270,dw00;dw01;dw02;dw03;dw04;dw05;dw06;dw07;dw08,dw00;dw01;dw02;dw03;dw04;dw05;dw06;dw07;dw08,,90,1,2026-08-30T19:07:59.001+0200,dw04,0F85,65,783,4,-425,658,3.06,62255
ground-height-2m-20260828-133428,d008m_r270_run01.csv,2,8,270,dw00;dw01;dw02;dw03;dw04;dw05;dw06;dw07;dw08,dw00;dw01;dw02;dw03;dw04;dw05;dw06;dw07;dw08,,105,1,2026-08-30T19:07:59.012+0200,dw05,4B92,200,781,41,-249,741,2.95,72235
ground-height-2m-20260828-133428,d008m_r270_run01.csv,2,8,270,dw00;dw01;dw02;dw03;dw04;dw05;dw06;dw07;dw08,dw00;dw01;dw02;dw03;dw04;dw05;dw06;dw07;dw08,,125,1,2026-08-30T19:07:59.022+0200,dw06,0789,244,784,85,-37,783,2.95,82244
ground-height-2m-20260828-133428,d008m_r270_run01.csv,2,8,270,dw00;dw01;dw02;dw03;dw04;dw05;dw06;dw07;dw08,dw00;dw01;dw02;dw03;dw04;dw05;dw06;dw07;dw08,,35,1,2026-08-30T19:07:59.082+0200,dw01,1729,99,786,-130,661,424,3.06,42327
ground-height-2m-20260828-133428,d008m_r270_run01.csv,2,8,270,dw00;dw01;dw02;dw03;dw04;dw05;dw06;dw07;dw08,dw00;dw01;dw02;dw03;dw04;dw05;dw06;dw07;dw08,,55,1,2026-08-30T19:07:59.092+0200,dw02,8FB0,129,785,-80,-785,0,1.99,52429
ground-height-2m-20260828-133428,d008m_r270_run01.csv,2,8,270,dw00;dw01;dw02;dw03;dw04;dw05;dw06;dw07;dw08,dw00;dw01;dw02;dw03;dw04;dw05;dw06;dw07;dw08,,145,1,2026-08-30T19:07:59.132+0200,dw07,5783,109,782,129,178,762,3.33,2147483
ground-height-2m-20260828-133428,d008m_r270_run01.csv,2,8,270,dw00;dw01;dw02;dw03;dw04;dw05;dw06;dw07;dw08,dw00;dw01;dw02;dw03;dw04;dw05;dw06;dw07;dw08,,75,1,2026-08-30T19:07:59.152+0200,dw03,021B,88,775,-35,-610,477,2.08,12268
ground-height-2m-20260828-133428,d008m_r270_run01.csv,2,8,270,dw00;dw01;dw02;dw03;dw04;dw05;dw06;dw07;dw08,dw00;dw01;dw02;dw03;dw04;dw05;dw06;dw07;dw08,,165,1,2026-08-30T19:07:59.162+0200,dw08,028E,118,784,154,295,726,3.51,22277
ground-height-2m-20260828-133428,d008m_r270_run01.csv,2,8,270,dw00;dw01;dw02;dw03;dw04;dw05;dw06;dw07;dw08,dw00;dw01;dw02;dw03;dw04;dw05;dw06;dw07;dw08,,15,1,2026-08-30T19:07:59.171+0200,dw00,8103,44,805,-164,508,624,2.71,32287
ground-height-2m-20260828-133428,d008m_r270_run01.csv,2,8,270,dw00;dw01;dw02;dw03;dw04;dw05;dw06;dw07;dw08,dw00;dw01;dw02;dw03;dw04;dw05;dw06;dw07;dw08,,90,1,2026-08-30T19:07:59.202+0200,dw04,0F85,66,785,11,-393,680,3.06,62255
ground-height-2m-20260828-133428,d008m_r270_run01.csv,2,8,270,dw00;dw01;dw02;dw03;dw04;dw05;dw06;dw07;dw08,dw00;dw01;dw02;dw03;dw04;dw05;dw06;dw07;dw08,,105,1,2026-08-30T19:07:59.211+0200,dw05,4B92,201,783,45,-226,750,2.95,72265
ground-height-2m-20260828-133428,d008m_r270_run01.csv,2,8,270,dw00;dw01;dw02;dw03;dw04;dw05;dw06;dw07;dw08,dw00;dw01;dw02;dw03;dw04;dw05;dw06;dw07;dw08,,125,1,2026-08-30T19:07:59.222+0200,dw06,0789,245,785,93,3,785,3.06,82275
ground-height-2m-20260828-133428,d008m_r270_run01.csv,2,8,270,dw00;dw01;dw02;dw03;dw04;dw05;dw06;dw07;dw08,dw00;dw01;dw02;dw03;dw04;dw05;dw06;dw07;dw08,,35,1,2026-08-30T19:07:59.282+0200,dw01,1729,100,787,-120,710,339,3.06,42327
ground-height-2m-20260828-133428,d008m_r270_run01.csv,2,8,270,dw00;dw01;dw02;dw03;dw04;dw05;dw06;dw07;dw08,dw00;dw01;dw02;dw03;dw04;dw05;dw06;dw07;dw08,,55,1,2026-08-30T19:07:59.291+0200,dw02,8FB0,130,788,-86,-788,0,1.93,52368
ground-height-2m-20260828-133428,d008m_r270_run01.csv,2,8,270,dw00;dw01;dw02;dw03;dw04;dw05;dw06;dw07;dw08,dw00;dw01;dw02;dw03;dw04;dw05;dw06;dw07;dw08,,145,1,2026-08-30T19:07:59.331+0200,dw07,5783,110,784,129,178,764,3.45,2147483
ground-height-2m-20260828-133428,d008m_r270_run01.csv,2,8,270,dw00;dw01;dw02;dw03;dw04;dw05;dw06;dw07;dw08,dw00;dw01;dw02;dw03;dw04;dw05;dw06;dw07;dw08,,75,1,2026-08-30T19:07:59.352+0200,dw03,021B,89,773,-40,-635,440,2.02,12268
ground-height-2m-20260828-133428,d008m_r270_run01.csv,2,8,270,dw00;dw01;dw02;dw03;dw04;dw05;dw06;dw07;dw08,dw00;dw01;dw02;dw03;dw04;dw05;dw06;dw07;dw08,,165,1,2026-08-30T19:07:59.362+0200,dw08,028E,119,785,145,255,742,3.45,22277
ground-height-2m-20260828-133428,d008m_r270_run01.csv,2,8,270,dw00;dw01;dw02;dw03;dw04;dw05;dw06;dw07;dw08,dw00;dw01;dw02;dw03;dw04;dw05;dw06;dw07;dw08,,15,1,2026-08-30T19:07:59.372+0200,dw00,8103,45,802,-163,513,616,2.83,32226
ground-height-2m-20260828-133428,d008m_r270_run01.csv,2,8,270,dw00;dw01;dw02;dw03;dw04;dw05;dw06;dw07;dw08,dw00;dw01;dw02;dw03;dw04;dw05;dw06;dw07;dw08,,90,1,2026-08-30T19:07:59.402+0200,dw04,0F85,67,784,1,-439,650,3.06,62255
ground-height-2m-20260828-133428,d008m_r270_run01.csv,2,8,270,dw00;dw01;dw02;dw03;dw04;dw05;dw06;dw07;dw08,dw00;dw01;dw02;dw03;dw04;dw05;dw06;dw07;dw08,,105,1,2026-08-30T19:07:59.412+0200,dw05,4B92,202,785,38,-263,740,2.89,72265
ground-height-2m-20260828-133428,d008m_r270_run01.csv,2,8,270,dw00;dw01;dw02;dw03;dw04;dw05;dw06;dw07;dw08,dw00;dw01;dw02;dw03;dw04;dw05;dw06;dw07;dw08,,125,1,2026-08-30T19:07:59.421+0200,dw06,0789,246,786,84,-39,785,3.06,82305
ground-height-2m-20260828-133428,d008m_r270_run01.csv,2,8,270,dw00;dw01;dw02;dw03;dw04;dw05;dw06;dw07;dw08,dw00;dw01;dw02;dw03;dw04;dw05;dw06;dw07;dw08,,35,1,2026-08-30T19:07:59.482+0200,dw01,1729,101,786,-131,654,435,3.06,42297
ground-height-2m-20260828-133428,d008m_r270_run01.csv,2,8,270,dw00;dw01;dw02;dw03;dw04;dw05;dw06;dw07;dw08,dw00;dw01;dw02;dw03;dw04;dw05;dw06;dw07;dw08,,55,1,2026-08-30T19:07:59.492+0200,dw02,8FB0,131,782,-81,-782,0,1.87,52368
ground-height-2m-20260828-133428,d008m_r270_run01.csv,2,8,270,dw00;dw01;dw02;dw03;dw04;dw05;dw06;dw07;dw08,dw00;dw01;dw02;dw03;dw04;dw05;dw06;dw07;dw08,,145,1,2026-08-30T19:07:59.532+0200,dw07,5783,111,786,130,183,764,3.39,2147483
ground-height-2m-20260828-133428,d008m_r270_run01.csv,2,8,270,dw00;dw01;dw02;dw03;dw04;dw05;dw06;dw07;dw08,dw00;dw01;dw02;dw03;dw04;dw05;dw06;dw07;dw08,,75,1,2026-08-30T19:07:59.551+0200,dw03,021B,90,774,-43,-648,422,2.08,12268
ground-height-2m-20260828-133428,d008m_r270_run01.csv,2,8,270,dw00;dw01;dw02;dw03;dw04;dw05;dw06;dw07;dw08,dw00;dw01;dw02;dw03;dw04;dw05;dw06;dw07;dw08,,165,1,2026-08-30T19:07:59.562+0200,dw08,028E,120,783,148,269,736,3.51,22277
ground-height-2m-20260828-133428,d008m_r270_run01.csv,2,8,270,dw00;dw01;dw02;dw03;dw04;dw05;dw06;dw07;dw08,dw00;dw01;dw02;dw03;dw04;dw05;dw06;dw07;dw08,,15,1,2026-08-30T19:07:59.572+0200,dw00,8103,46,801,-159,530,600,2.83,32257
ground-height-2m-20260828-133428,d008m_r270_run01.csv,2,8,270,dw00;dw01;dw02;dw03;dw04;dw05;dw06;dw07;dw08,dw00;dw01;dw02;dw03;dw04;dw05;dw06;dw07;dw08,,90,1,2026-08-30T19:07:59.602+0200,dw04,0F85,68,782,3,-431,652,2.95,62255
ground-height-2m-20260828-133428,d008m_r270_run01.csv,2,8,270,dw00;dw01;dw02;dw03;dw04;dw05;dw06;dw07;dw08,dw00;dw01;dw02;dw03;dw04;dw05;dw06;dw07;dw08,,105,1,2026-08-30T19:07:59.612+0200,dw05,4B92,203,783,38,-261,738,3.06,72235
ground-height-2m-20260828-133428,d008m_r270_run01.csv,2,8,270,dw00;dw01;dw02;dw03;dw04;dw05;dw06;dw07;dw08,dw00;dw01;dw02;dw03;dw04;dw05;dw06;dw07;dw08,,125,1,2026-08-30T19:07:59.621+0200,dw06,0789,247,784,77,-72,781,2.95,82275
ground-height-2m-20260828-133428,d008m_r270_run01.csv,2,8,270,dw00;dw01;dw02;dw03;dw04;dw05;dw06;dw07;dw08,dw00;dw01;dw02;dw03;dw04;dw05;dw06;dw07;dw08,,35,1,2026-08-30T19:07:59.682+0200,dw01,1729,102,790,-133,648,453,3.15,42327
ground-height-2m-20260828-133428,d008m_r270_run01.csv,2,8,270,dw00;dw01;dw02;dw03;dw04;dw05;dw06;dw07;dw08,dw00;dw01;dw02;dw03;dw04;dw05;dw06;dw07;dw08,,55,1,2026-08-30T19:07:59.692+0200,dw02,8FB0,132,786,-82,-786,0,1.93,52398
ground-height-2m-20260828-133428,d008m_r270_run01.csv,2,8,270,dw00;dw01;dw02;dw03;dw04;dw05;dw06;dw07;dw08,dw00;dw01;dw02;dw03;dw04;dw05;dw06;dw07;dw08,,145,1,2026-08-30T19:07:59.732+0200,dw07,5783,112,783,117,119,774,3.39,2147483
ground-height-2m-20260828-133428,d008m_r270_run01.csv,2,8,270,dw00;dw01;dw02;dw03;dw04;dw05;dw06;dw07;dw08,dw00;dw01;dw02;dw03;dw04;dw05;dw06;dw07;dw08,,75,1,2026-08-30T19:07:59.751+0200,dw03,021B,91,773,-33,-602,485,2.08,12268
ground-height-2m-20260828-133428,d008m_r270_run01.csv,2,8,270,dw00;dw01;dw02;dw03;dw04;dw05;dw06;dw07;dw08,dw00;dw01;dw02;dw03;dw04;dw05;dw06;dw07;dw08,,165,1,2026-08-30T19:07:59.761+0200,dw08,028E,121,784,154,299,725,3.57,22277
ground-height-2m-20260828-133428,d008m_r270_run01.csv,2,8,270,dw00;dw01;dw02;dw03;dw04;dw05;dw06;dw07;dw08,dw00;dw01;dw02;dw03;dw04;dw05;dw06;dw07;dw08,,15,1,2026-08-30T19:07:59.772+0200,dw00,8103,47,802,-160,527,604,2.89,32287
ground-height-2m-20260828-133428,d008m_r270_run01.csv,2,8,270,dw00;dw01;dw02;dw03;dw04;dw05;dw06;dw07;dw08,dw00;dw01;dw02;dw03;dw04;dw05;dw06;dw07;dw08,,90,1,2026-08-30T19:07:59.801+0200,dw04,0F85,69,780,7,-409,663,3.01,62255
ground-height-2m-20260828-133428,d008m_r270_run01.csv,2,8,270,dw00;dw01;dw02;dw03;dw04;dw05;dw06;dw07;dw08,dw00;dw01;dw02;dw03;dw04;dw05;dw06;dw07;dw08,,105,1,2026-08-30T19:07:59.812+0200,dw05,4B92,204,786,42,-245,746,2.83,72235
ground-height-2m-20260828-133428,d008m_r270_run01.csv,2,8,270,dw00;dw01;dw02;dw03;dw04;dw05;dw06;dw07;dw08,dw00;dw01;dw02;dw03;dw04;dw05;dw06;dw07;dw08,,125,1,2026-08-30T19:07:59.822+0200,dw06,0789,248,786,87,-26,785,2.95,82275
ground-height-2m-20260828-133428,d008m_r270_run01.csv,2,8,270,dw00;dw01;dw02;dw03;dw04;dw05;dw06;dw07;dw08,dw00;dw01;dw02;dw03;dw04;dw05;dw06;dw07;dw08,,35,1,2026-08-30T19:07:59.881+0200,dw01,1729,103,787,-121,707,345,3.01,42327
ground-height-2m-20260828-133428,d008m_r270_run01.csv,2,8,270,dw00;dw01;dw02;dw03;dw04;dw05;dw06;dw07;dw08,dw00;dw01;dw02;dw03;dw04;dw05;dw06;dw07;dw08,,55,1,2026-08-30T19:07:59.892+0200,dw02,8FB0,133,784,-83,-784,0,1.93,52368
ground-height-2m-20260828-133428,d008m_r270_run01.csv,2,8,270,dw00;dw01;dw02;dw03;dw04;dw05;dw06;dw07;dw08,dw00;dw01;dw02;dw03;dw04;dw05;dw06;dw07;dw08,,145,1,2026-08-30T19:07:59.932+0200,dw07,5783,113,781,124,154,766,3.33,2147483
ground-height-2m-20260828-133428,d008m_r270_run01.csv,2,8,270,dw00;dw01;dw02;dw03;dw04;dw05;dw06;dw07;dw08,dw00;dw01;dw02;dw03;dw04;dw05;dw06;dw07;dw08,,75,1,2026-08-30T19:07:59.952+0200,dw03,021B,92,769,-40,-634,435,2.02,12298
ground-height-2m-20260828-133428,d008m_r270_run01.csv,2,8,270,dw00;dw01;dw02;dw03;dw04;dw05;dw06;dw07;dw08,dw00;dw01;dw02;dw03;dw04;dw05;dw06;dw07;dw08,,165,1,2026-08-30T19:07:59.961+0200,dw08,028E,122,783,150,277,733,3.69,22277
ground-height-2m-20260828-133428,d008m_r270_run01.csv,2,8,270,dw00;dw01;dw02;dw03;dw04;dw05;dw06;dw07;dw08,dw00;dw01;dw02;dw03;dw04;dw05;dw06;dw07;dw08,,15,1,2026-08-30T19:07:59.971+0200,dw00,8103,48,805,-161,521,613,2.71,32257
ground-height-2m-20260828-133428,d008m_r270_run01.csv,2,8,270,dw00;dw01;dw02;dw03;dw04;dw05;dw06;dw07;dw08,dw00;dw01;dw02;dw03;dw04;dw05;dw06;dw07;dw08,,90,1,2026-08-30T19:08:00.001+0200,dw04,0F85,70,781,1,-441,645,2.95,62255
ground-height-2m-20260828-133428,d008m_r270_run01.csv,2,8,270,dw00;dw01;dw02;dw03;dw04;dw05;dw06;dw07;dw08,dw00;dw01;dw02;dw03;dw04;dw05;dw06;dw07;dw08,,105,1,2026-08-30T19:08:00.011+0200,dw05,4B92,205,782,38,-262,737,2.95,72235
ground-height-2m-20260828-133428,d008m_r270_run01.csv,2,8,270,dw00;dw01;dw02;dw03;dw04;dw05;dw06;dw07;dw08,dw00;dw01;dw02;dw03;dw04;dw05;dw06;dw07;dw08,,125,1,2026-08-30T19:08:00.022+0200,dw06,0789,249,782,81,-55,780,3.01,82275
ground-height-2m-20260828-133428,d008m_r270_run01.csv,2,8,270,dw00;dw01;dw02;dw03;dw04;dw05;dw06;dw07;dw08,dw00;dw01;dw02;dw03;dw04;dw05;dw06;dw07;dw08,,35,1,2026-08-30T19:08:00.081+0200,dw01,1729,104,789,-121,706,353,3.06,42327
ground-height-2m-20260828-133428,d008m_r270_run01.csv,2,8,270,dw00;dw01;dw02;dw03;dw04;dw05;dw06;dw07;dw08,dw00;dw01;dw02;dw03;dw04;dw05;dw06;dw07;dw08,,55,1,2026-08-30T19:08:00.091+0200,dw02,8FB0,134,783,-93,783,0,1.93,52368
ground-height-2m-20260828-133428,d008m_r270_run01.csv,2,8,270,dw00;dw01;dw02;dw03;dw04;dw05;dw06;dw07;dw08,dw00;dw01;dw02;dw03;dw04;dw05;dw06;dw07;dw08,,145,1,2026-08-30T19:08:00.131+0200,dw07,5783,114,782,127,166,764,3.33,2147483
ground-height-2m-20260828-133428,d008m_r270_run01.csv,2,8,270,dw00;dw01;dw02;dw03;dw04;dw05;dw06;dw07;dw08,dw00;dw01;dw02;dw03;dw04;dw05;dw06;dw07;dw08,,75,1,2026-08-30T19:08:00.152+0200,dw03,021B,93,771,-35,-609,473,1.99,12237
ground-height-2m-20260828-133428,d008m_r270_run01.csv,2,8,270,dw00;dw01;dw02;dw03;dw04;dw05;dw06;dw07;dw08,dw00;dw01;dw02;dw03;dw04;dw05;dw06;dw07;dw08,,165,1,2026-08-30T19:08:00.161+0200,dw08,028E,123,786,159,323,716,3.57,22277
ground-height-2m-20260828-133428,d008m_r270_run01.csv,2,8,270,dw00;dw01;dw02;dw03;dw04;dw05;dw06;dw07;dw08,dw00;dw01;dw02;dw03;dw04;dw05;dw06;dw07;dw08,,15,1,2026-08-30T19:08:00.171+0200,dw00,8103,49,802,-161,519,611,2.83,32257
ground-height-2m-20260828-133428,d008m_r270_run01.csv,2,8,270,dw00;dw01;dw02;dw03;dw04;dw05;dw06;dw07;dw08,dw00;dw01;dw02;dw03;dw04;dw05;dw06;dw07;dw08,,90,1,2026-08-30T19:08:00.201+0200,dw04,0F85,71,782,5,-418,660,2.95,62255
ground-height-2m-20260828-133428,d008m_r270_run01.csv,2,8,270,dw00;dw01;dw02;dw03;dw04;dw05;dw06;dw07;dw08,dw00;dw01;dw02;dw03;dw04;dw05;dw06;dw07;dw08,,105,1,2026-08-30T19:08:00.211+0200,dw05,4B92,206,788,41,-249,748,2.95,72265
ground-height-2m-20260828-133428,d008m_r270_run01.csv,2,8,270,dw00;dw01;dw02;dw03;dw04;dw05;dw06;dw07;dw08,dw00;dw01;dw02;dw03;dw04;dw05;dw06;dw07;dw08,,125,1,2026-08-30T19:08:00.221+0200,dw06,0789,250,787,85,-36,786,3.06,82275
ground-height-2m-20260828-133428,d008m_r270_run01.csv,2,8,270,dw00;dw01;dw02;dw03;dw04;dw05;dw06;dw07;dw08,dw00;dw01;dw02;dw03;dw04;dw05;dw06;dw07;dw08,,35,1,2026-08-30T19:08:00.282+0200,dw01,1729,105,789,-119,715,333,3.01,42327
ground-height-2m-20260828-133428,d008m_r270_run01.csv,2,8,270,dw00;dw01;dw02;dw03;dw04;dw05;dw06;dw07;dw08,dw00;dw01;dw02;dw03;dw04;dw05;dw06;dw07;dw08,,55,1,2026-08-30T19:08:00.291+0200,dw02,8FB0,135,785,-94,785,0,1.99,52429
ground-height-2m-20260828-133428,d008m_r270_run01.csv,2,8,270,dw00;dw01;dw02;dw03;dw04;dw05;dw06;dw07;dw08,dw00;dw01;dw02;dw03;dw04;dw05;dw06;dw07;dw08,,145,1,2026-08-30T19:08:00.331+0200,dw07,5783,115,786,125,157,770,3.39,2147483
ground-height-2m-20260828-133428,d008m_r270_run01.csv,2,8,270,dw00;dw01;dw02;dw03;dw04;dw05;dw06;dw07;dw08,dw00;dw01;dw02;dw03;dw04;dw05;dw06;dw07;dw08,,75,1,2026-08-30T19:08:00.351+0200,dw03,021B,94,773,-34,-605,481,1.99,12298
ground-height-2m-20260828-133428,d008m_r270_run01.csv,2,8,270,dw00;dw01;dw02;dw03;dw04;dw05;dw06;dw07;dw08,dw00;dw01;dw02;dw03;dw04;dw05;dw06;dw07;dw08,,165,1,2026-08-30T19:08:00.362+0200,dw08,028E,124,784,153,293,727,3.57,22338
ground-height-2m-20260828-133428,d008m_r270_run01.csv,2,8,270,dw00;dw01;dw02;dw03;dw04;dw05;dw06;dw07;dw08,dw00;dw01;dw02;dw03;dw04;dw05;dw06;dw07;dw08,,15,1,2026-08-30T19:08:00.371+0200,dw00,8103,50,800,-165,500,625,2.83,32287
ground-height-2m-20260828-133428,d008m_r270_run01.csv,2,8,270,dw00;dw01;dw02;dw03;dw04;dw05;dw06;dw07;dw08,dw00;dw01;dw02;dw03;dw04;dw05;dw06;dw07;dw08,,90,1,2026-08-30T19:08:00.402+0200,dw04,0F85,72,784,4,-425,658,3.09,62286
ground-height-2m-20260828-133428,d008m_r270_run01.csv,2,8,270,dw00;dw01;dw02;dw03;dw04;dw05;dw06;dw07;dw08,dw00;dw01;dw02;dw03;dw04;dw05;dw06;dw07;dw08,,105,1,2026-08-30T19:08:00.411+0200,dw05,4B92,207,782,43,-236,745,2.95,72265
ground-height-2m-20260828-133428,d008m_r270_run01.csv,2,8,270,dw00;dw01;dw02;dw03;dw04;dw05;dw06;dw07;dw08,dw00;dw01;dw02;dw03;dw04;dw05;dw06;dw07;dw08,,125,1,2026-08-30T19:08:00.421+0200,dw06,0789,251,786,87,-26,786,2.95,82275
ground-height-2m-20260828-133428,d008m_r270_run01.csv,2,8,270,dw00;dw01;dw02;dw03;dw04;dw05;dw06;dw07;dw08,dw00;dw01;dw02;dw03;dw04;dw05;dw06;dw07;dw08,,35,1,2026-08-30T19:08:00.482+0200,dw01,1729,106,789,-125,688,386,3.06,42327
ground-height-2m-20260828-133428,d008m_r270_run01.csv,2,8,270,dw00;dw01;dw02;dw03;dw04;dw05;dw06;dw07;dw08,dw00;dw01;dw02;dw03;dw04;dw05;dw06;dw07;dw08,,55,1,2026-08-30T19:08:00.491+0200,dw02,8FB0,136,782,-85,-782,0,1.87,52337
ground-height-2m-20260828-133428,d008m_r270_run01.csv,2,8,270,dw00;dw01;dw02;dw03;dw04;dw05;dw06;dw07;dw08,dw00;dw01;dw02;dw03;dw04;dw05;dw06;dw07;dw08,,145,1,2026-08-30T19:08:00.531+0200,dw07,5783,116,787,127,169,769,3.39,2147483
ground-height-2m-20260828-133428,d008m_r270_run01.csv,2,8,270,dw00;dw01;dw02;dw03;dw04;dw05;dw06;dw07;dw08,dw00;dw01;dw02;dw03;dw04;dw05;dw06;dw07;dw08,,75,1,2026-08-30T19:08:00.551+0200,dw03,021B,95,769,-39,-628,444,2.08,12268
ground-height-2m-20260828-133428,d008m_r270_run01.csv,2,8,270,dw00;dw01;dw02;dw03;dw04;dw05;dw06;dw07;dw08,dw00;dw01;dw02;dw03;dw04;dw05;dw06;dw07;dw08,,165,1,2026-08-30T19:08:00.561+0200,dw08,028E,125,784,140,232,749,3.57,22277
ground-height-2m-20260828-133428,d008m_r270_run01.csv,2,8,270,dw00;dw01;dw02;dw03;dw04;dw05;dw06;dw07;dw08,dw00;dw01;dw02;dw03;dw04;dw05;dw06;dw07;dw08,,15,1,2026-08-30T19:08:00.572+0200,dw00,8103,51,801,-163,510,617,2.83,32257
ground-height-2m-20260828-133428,d008m_r270_run01.csv,2,8,270,dw00;dw01;dw02;dw03;dw04;dw05;dw06;dw07;dw08,dw00;dw01;dw02;dw03;dw04;dw05;dw06;dw07;dw08,,90,1,2026-08-30T19:08:00.601+0200,dw04,0F85,73,783,5,-423,659,3.09,62255
ground-height-2m-20260828-133428,d008m_r270_run01.csv,2,8,270,dw00;dw01;dw02;dw03;dw04;dw05;dw06;dw07;dw08,dw00;dw01;dw02;dw03;dw04;dw05;dw06;dw07;dw08,,105,1,2026-08-30T19:08:00.612+0200,dw05,4B92,208,785,40,-254,742,2.95,72235
ground-height-2m-20260828-133428,d008m_r270_run01.csv,2,8,270,dw00;dw01;dw02;dw03;dw04;dw05;dw06;dw07;dw08,dw00;dw01;dw02;dw03;dw04;dw05;dw06;dw07;dw08,,125,1,2026-08-30T19:08:00.621+0200,dw06,0789,252,786,88,-19,786,2.95,82275
ground-height-2m-20260828-133428,d008m_r270_run01.csv,2,8,270,dw00;dw01;dw02;dw03;dw04;dw05;dw06;dw07;dw08,dw00;dw01;dw02;dw03;dw04;dw05;dw06;dw07;dw08,,35,1,2026-08-30T19:08:00.681+0200,dw01,1729,107,786,-124,692,372,3.09,42327
ground-height-2m-20260828-133428,d008m_r270_run01.csv,2,8,270,dw00;dw01;dw02;dw03;dw04;dw05;dw06;dw07;dw08,dw00;dw01;dw02;dw03;dw04;dw05;dw06;dw07;dw08,,55,1,2026-08-30T19:08:00.692+0200,dw02,8FB0,137,785,-84,-785,0,1.93,52368
ground-height-2m-20260828-133428,d008m_r270_run01.csv,2,8,270,dw00;dw01;dw02;dw03;dw04;dw05;dw06;dw07;dw08,dw00;dw01;dw02;dw03;dw04;dw05;dw06;dw07;dw08,,145,1,2026-08-30T19:08:00.732+0200,dw07,5783,117,783,129,179,762,3.39,2147483
ground-height-2m-20260828-133428,d008m_r270_run01.csv,2,8,270,dw00;dw01;dw02;dw03;dw04;dw05;dw06;dw07;dw08,dw00;dw01;dw02;dw03;dw04;dw05;dw06;dw07;dw08,,75,1,2026-08-30T19:08:00.751+0200,dw03,021B,96,773,-33,-603,484,2.08,12268
ground-height-2m-20260828-133428,d008m_r270_run01.csv,2,8,270,dw00;dw01;dw02;dw03;dw04;dw05;dw06;dw07;dw08,dw00;dw01;dw02;dw03;dw04;dw05;dw06;dw07;dw08,,165,1,2026-08-30T19:08:00.761+0200,dw08,028E,126,784,152,289,729,3.57,22277
ground-height-2m-20260828-133428,d008m_r270_run01.csv,2,8,270,dw00;dw01;dw02;dw03;dw04;dw05;dw06;dw07;dw08,dw00;dw01;dw02;dw03;dw04;dw05;dw06;dw07;dw08,,15,1,2026-08-30T19:08:00.771+0200,dw00,8103,52,804,-169,482,644,2.71,32226
ground-height-2m-20260828-133428,d008m_r270_run01.csv,2,8,270,dw00;dw01;dw02;dw03;dw04;dw05;dw06;dw07;dw08,dw00;dw01;dw02;dw03;dw04;dw05;dw06;dw07;dw08,,90,1,2026-08-30T19:08:00.801+0200,dw04,0F85,74,781,4,-426,655,2.95,62255
ground-height-2m-20260828-133428,d008m_r270_run01.csv,2,8,270,dw00;dw01;dw02;dw03;dw04;dw05;dw06;dw07;dw08,dw00;dw01;dw02;dw03;dw04;dw05;dw06;dw07;dw08,,105,1,2026-08-30T19:08:00.811+0200,dw05,4B92,209,783,39,-256,740,3.06,72235
ground-height-2m-20260828-133428,d008m_r270_run01.csv,2,8,270,dw00;dw01;dw02;dw03;dw04;dw05;dw06;dw07;dw08,dw00;dw01;dw02;dw03;dw04;dw05;dw06;dw07;dw08,,125,1,2026-08-30T19:08:00.822+0200,dw06,0789,253,784,80,-60,782,3.06,82275
ground-height-2m-20260828-133428,d008m_r270_run01.csv,2,8,270,dw00;dw01;dw02;dw03;dw04;dw05;dw06;dw07;dw08,dw00;dw01;dw02;dw03;dw04;dw05;dw06;dw07;dw08,,35,1,2026-08-30T19:08:00.881+0200,dw01,1729,108,793,-122,704,365,2.95,42327
ground-height-2m-20260828-133428,d008m_r270_run01.csv,2,8,270,dw00;dw01;dw02;dw03;dw04;dw05;dw06;dw07;dw08,dw00;dw01;dw02;dw03;dw04;dw05;dw06;dw07;dw08,,55,1,2026-08-30T19:08:00.891+0200,dw02,8FB0,138,788,-81,-788,0,2.02,52429
ground-height-2m-20260828-133428,d008m_r270_run01.csv,2,8,270,dw00;dw01;dw02;dw03;dw04;dw05;dw06;dw07;dw08,dw00;dw01;dw02;dw03;dw04;dw05;dw06;dw07;dw08,,145,1,2026-08-30T19:08:00.931+0200,dw07,5783,118,781,123,145,767,3.45,2147483
ground-height-2m-20260828-133428,d008m_r270_run01.csv,2,8,270,dw00;dw01;dw02;dw03;dw04;dw05;dw06;dw07;dw08,dw00;dw01;dw02;dw03;dw04;dw05;dw06;dw07;dw08,,75,1,2026-08-30T19:08:00.951+0200,dw03,021B,97,770,-34,-606,475,2.02,12268
ground-height-2m-20260828-133428,d008m_r270_run01.csv,2,8,270,dw00;dw01;dw02;dw03;dw04;dw05;dw06;dw07;dw08,dw00;dw01;dw02;dw03;dw04;dw05;dw06;dw07;dw08,,165,1,2026-08-30T19:08:00.961+0200,dw08,028E,127,786,150,278,735,3.57,22277
ground-height-2m-20260828-133428,d008m_r270_run01.csv,2,8,270,dw00;dw01;dw02;dw03;dw04;dw05;dw06;dw07;dw08,dw00;dw01;dw02;dw03;dw04;dw05;dw06;dw07;dw08,,15,1,2026-08-30T19:08:00.971+0200,dw00,8103,53,799,-165,500,623,2.65,32287
ground-height-2m-20260828-133428,d008m_r270_run01.csv,2,8,270,dw00;dw01;dw02;dw03;dw04;dw05;dw06;dw07;dw08,dw00;dw01;dw02;dw03;dw04;dw05;dw06;dw07;dw08,,90,1,2026-08-30T19:08:01.001+0200,dw04,0F85,75,781,2,-436,647,2.95,62255
ground-height-2m-20260828-133428,d008m_r270_run01.csv,2,8,270,dw00;dw01;dw02;dw03;dw04;dw05;dw06;dw07;dw08,dw00;dw01;dw02;dw03;dw04;dw05;dw06;dw07;dw08,,105,1,2026-08-30T19:08:01.011+0200,dw05,4B92,210,787,37,-269,740,3.06,72265
ground-height-2m-20260828-133428,d008m_r270_run01.csv,2,8,270,dw00;dw01;dw02;dw03;dw04;dw05;dw06;dw07;dw08,dw00;dw01;dw02;dw03;dw04;dw05;dw06;dw07;dw08,,125,1,2026-08-30T19:08:01.021+0200,dw06,0789,254,785,88,-19,785,3.01,82275
ground-height-2m-20260828-133428,d008m_r270_run01.csv,2,8,270,dw00;dw01;dw02;dw03;dw04;dw05;dw06;dw07;dw08,dw00;dw01;dw02;dw03;dw04;dw05;dw06;dw07;dw08,,35,1,2026-08-30T19:08:01.081+0200,dw01,1729,109,790,-124,696,374,3.09,42297
ground-height-2m-20260828-133428,d008m_r270_run01.csv,2,8,270,dw00;dw01;dw02;dw03;dw04;dw05;dw06;dw07;dw08,dw00;dw01;dw02;dw03;dw04;dw05;dw06;dw07;dw08,,55,1,2026-08-30T19:08:01.091+0200,dw02,8FB0,139,786,-85,-786,0,1.99,52368
ground-height-2m-20260828-133428,d008m_r270_run01.csv,2,8,270,dw00;dw01;dw02;dw03;dw04;dw05;dw06;dw07;dw08,dw00;dw01;dw02;dw03;dw04;dw05;dw06;dw07;dw08,,145,1,2026-08-30T19:08:01.131+0200,dw07,5783,119,785,129,179,764,3.45,2147483
ground-height-2m-20260828-133428,d008m_r270_run01.csv,2,8,270,dw00;dw01;dw02;dw03;dw04;dw05;dw06;dw07;dw08,dw00;dw01;dw02;dw03;dw04;dw05;dw06;dw07;dw08,,75,1,2026-08-30T19:08:01.152+0200,dw03,021B,98,771,-34,-604,479,2.08,12298
ground-height-2m-20260828-133428,d008m_r270_run01.csv,2,8,270,dw00;dw01;dw02;dw03;dw04;dw05;dw06;dw07;dw08,dw00;dw01;dw02;dw03;dw04;dw05;dw06;dw07;dw08,,165,1,2026-08-30T19:08:01.161+0200,dw08,028E,128,780,143,244,741,3.51,22277
ground-height-2m-20260828-133428,d008m_r270_run01.csv,2,8,270,dw00;dw01;dw02;dw03;dw04;dw05;dw06;dw07;dw08,dw00;dw01;dw02;dw03;dw04;dw05;dw06;dw07;dw08,,15,1,2026-08-30T19:08:01.171+0200,dw00,8103,54,799,-167,490,630,2.65,32287
ground-height-2m-20260828-133428,d008m_r270_run01.csv,2,8,270,dw00;dw01;dw02;dw03;dw04;dw05;dw06;dw07;dw08,dw00;dw01;dw02;dw03;dw04;dw05;dw06;dw07;dw08,,90,1,2026-08-30T19:08:01.201+0200,dw04,0F85,76,785,6,-419,663,3.06,62255
ground-height-2m-20260828-133428,d008m_r270_run01.csv,2,8,270,dw00;dw01;dw02;dw03;dw04;dw05;dw06;dw07;dw08,dw00;dw01;dw02;dw03;dw04;dw05;dw06;dw07;dw08,,105,1,2026-08-30T19:08:01.211+0200,dw05,4B92,211,786,42,-244,747,2.95,72235
ground-height-2m-20260828-133428,d008m_r270_run01.csv,2,8,270,dw00;dw01;dw02;dw03;dw04;dw05;dw06;dw07;dw08,dw00;dw01;dw02;dw03;dw04;dw05;dw06;dw07;dw08,,125,1,2026-08-30T19:08:01.221+0200,dw06,0789,255,783,84,-39,782,2.95,82275
ground-height-2m-20260828-133428,d008m_r270_run01.csv,2,8,270,dw00;dw01;dw02;dw03;dw04;dw05;dw06;dw07;dw08,dw00;dw01;dw02;dw03;dw04;dw05;dw06;dw07;dw08,,35,1,2026-08-30T19:08:01.281+0200,dw01,1729,110,791,-118,725,317,3.01,42297
ground-height-2m-20260828-133428,d008m_r270_run01.csv,2,8,270,dw00;dw01;dw02;dw03;dw04;dw05;dw06;dw07;dw08,dw00;dw01;dw02;dw03;dw04;dw05;dw06;dw07;dw08,,55,1,2026-08-30T19:08:01.291+0200,dw02,8FB0,140,788,-87,787,0,1.93,52368
ground-height-2m-20260828-133428,d008m_r270_run01.csv,2,8,270,dw00;dw01;dw02;dw03;dw04;dw05;dw06;dw07;dw08,dw00;dw01;dw02;dw03;dw04;dw05;dw06;dw07;dw08,,145,1,2026-08-30T19:08:01.331+0200,dw07,5783,120,783,129,175,763,3.39,2147483
ground-height-2m-20260828-133428,d008m_r270_run01.csv,2,8,270,dw00;dw01;dw02;dw03;dw04;dw05;dw06;dw07;dw08,dw00;dw01;dw02;dw03;dw04;dw05;dw06;dw07;dw08,,75,1,2026-08-30T19:08:01.351+0200,dw03,021B,99,770,-33,-599,483,2.08,12268
ground-height-2m-20260828-133428,d008m_r270_run01.csv,2,8,270,dw00;dw01;dw02;dw03;dw04;dw05;dw06;dw07;dw08,dw00;dw01;dw02;dw03;dw04;dw05;dw06;dw07;dw08,,165,1,2026-08-30T19:08:01.361+0200,dw08,028E,129,784,143,245,744,3.51,22277
ground-height-2m-20260828-133428,d008m_r270_run01.csv,2,8,270,dw00;dw01;dw02;dw03;dw04;dw05;dw06;dw07;dw08,dw00;dw01;dw02;dw03;dw04;dw05;dw06;dw07;dw08,,15,1,2026-08-30T19:08:01.371+0200,dw00,8103,55,799,-160,526,601,2.83,32257
ground-height-2m-20260828-133428,d008m_r270_run01.csv,2,8,270,dw00;dw01;dw02;dw03;dw04;dw05;dw06;dw07;dw08,dw00;dw01;dw02;dw03;dw04;dw05;dw06;dw07;dw08,,90,1,2026-08-30T19:08:01.401+0200,dw04,0F85,77,782,2,-435,649,2.95,62255
ground-height-2m-20260828-133428,d008m_r270_run01.csv,2,8,270,dw00;dw01;dw02;dw03;dw04;dw05;dw06;dw07;dw08,dw00;dw01;dw02;dw03;dw04;dw05;dw06;dw07;dw08,,105,1,2026-08-30T19:08:01.411+0200,dw05,4B92,212,784,45,-228,750,2.89,72235
ground-height-2m-20260828-133428,d008m_r270_run01.csv,2,8,270,dw00;dw01;dw02;dw03;dw04;dw05;dw06;dw07;dw08,dw00;dw01;dw02;dw03;dw04;dw05;dw06;dw07;dw08,,125,1,2026-08-30T19:08:01.421+0200,dw06,0789,0,786,85,-33,785,3.01,82275
ground-height-2m-20260828-133428,d008m_r270_run01.csv,2,8,270,dw00;dw01;dw02;dw03;dw04;dw05;dw06;dw07;dw08,dw00;dw01;dw02;dw03;dw04;dw05;dw06;dw07;dw08,,35,1,2026-08-30T19:08:01.481+0200,dw01,1729,111,793,-123,700,371,3.06,42327
ground-height-2m-20260828-133428,d008m_r270_run01.csv,2,8,270,dw00;dw01;dw02;dw03;dw04;dw05;dw06;dw07;dw08,dw00;dw01;dw02;dw03;dw04;dw05;dw06;dw07;dw08,,55,1,2026-08-30T19:08:01.491+0200,dw02,8FB0,141,786,-85,-786,0,1.93,52368
ground-height-2m-20260828-133428,d008m_r270_run01.csv,2,8,270,dw00;dw01;dw02;dw03;dw04;dw05;dw06;dw07;dw08,dw00;dw01;dw02;dw03;dw04;dw05;dw06;dw07;dw08,,145,1,2026-08-30T19:08:01.531+0200,dw07,5783,121,784,133,197,758,3.39,2147483
ground-height-2m-20260828-133428,d008m_r270_run01.csv,2,8,270,dw00;dw01;dw02;dw03;dw04;dw05;dw06;dw07;dw08,dw00;dw01;dw02;dw03;dw04;dw05;dw06;dw07;dw08,,75,1,2026-08-30T19:08:01.551+0200,dw03,021B,100,771,-34,-603,480,2.08,12268
ground-height-2m-20260828-133428,d008m_r270_run01.csv,2,8,270,dw00;dw01;dw02;dw03;dw04;dw05;dw06;dw07;dw08,dw00;dw01;dw02;dw03;dw04;dw05;dw06;dw07;dw08,,165,1,2026-08-30T19:08:01.561+0200,dw08,028E,130,786,146,261,741,3.69,22277
ground-height-2m-20260828-133428,d008m_r270_run01.csv,2,8,270,dw00;dw01;dw02;dw03;dw04;dw05;dw06;dw07;dw08,dw00;dw01;dw02;dw03;dw04;dw05;dw06;dw07;dw08,,15,1,2026-08-30T19:08:01.570+0200,dw00,8103,56,803,-165,500,628,2.77,32257
ground-height-2m-20260828-133428,d008m_r270_run01.csv,2,8,270,dw00;dw01;dw02;dw03;dw04;dw05;dw06;dw07;dw08,dw00;dw01;dw02;dw03;dw04;dw05;dw06;dw07;dw08,,90,1,2026-08-30T19:08:01.601+0200,dw04,0F85,78,787,3,-435,655,3.06,62255
ground-height-2m-20260828-133428,d008m_r270_run01.csv,2,8,270,dw00;dw01;dw02;dw03;dw04;dw05;dw06;dw07;dw08,dw00;dw01;dw02;dw03;dw04;dw05;dw06;dw07;dw08,,105,1,2026-08-30T19:08:01.611+0200,dw05,4B92,213,782,40,-251,741,2.95,72265
ground-height-2m-20260828-133428,d008m_r270_run01.csv,2,8,270,dw00;dw01;dw02;dw03;dw04;dw05;dw06;dw07;dw08,dw00;dw01;dw02;dw03;dw04;dw05;dw06;dw07;dw08,,125,1,2026-08-30T19:08:01.621+0200,dw06,0789,1,785,83,-47,784,3.01,82275
ground-height-2m-20260828-133428,d008m_r270_run01.csv,2,8,270,dw00;dw01;dw02;dw03;dw04;dw05;dw06;dw07;dw08,dw00;dw01;dw02;dw03;dw04;dw05;dw06;dw07;dw08,,35,1,2026-08-30T19:08:01.681+0200,dw01,1729,112,790,-124,694,376,3.06,42297
ground-height-2m-20260828-133428,d008m_r270_run01.csv,2,8,270,dw00;dw01;dw02;dw03;dw04;dw05;dw06;dw07;dw08,dw00;dw01;dw02;dw03;dw04;dw05;dw06;dw07;dw08,,55,1,2026-08-30T19:08:01.691+0200,dw02,8FB0,142,785,-92,785,0,1.99,52368
ground-height-2m-20260828-133428,d008m_r270_run01.csv,2,8,270,dw00;dw01;dw02;dw03;dw04;dw05;dw06;dw07;dw08,dw00;dw01;dw02;dw03;dw04;dw05;dw06;dw07;dw08,,145,1,2026-08-30T19:08:01.731+0200,dw07,5783,122,784,132,192,760,3.39,2147483
ground-height-2m-20260828-133428,d008m_r270_run01.csv,2,8,270,dw00;dw01;dw02;dw03;dw04;dw05;dw06;dw07;dw08,dw00;dw01;dw02;dw03;dw04;dw05;dw06;dw07;dw08,,75,1,2026-08-30T19:08:01.751+0200,dw03,021B,101,775,-38,-626,457,2.14,12268
ground-height-2m-20260828-133428,d008m_r270_run01.csv,2,8,270,dw00;dw01;dw02;dw03;dw04;dw05;dw06;dw07;dw08,dw00;dw01;dw02;dw03;dw04;dw05;dw06;dw07;dw08,,165,1,2026-08-30T19:08:01.761+0200,dw08,028E,131,780,153,291,724,3.57,22277
ground-height-2m-20260828-133428,d008m_r270_run01.csv,2,8,270,dw00;dw01;dw02;dw03;dw04;dw05;dw06;dw07;dw08,dw00;dw01;dw02;dw03;dw04;dw05;dw06;dw07;dw08,,15,1,2026-08-30T19:08:01.771+0200,dw00,8103,57,802,-163,513,616,2.77,32226
ground-height-2m-20260828-133428,d008m_r270_run01.csv,2,8,270,dw00;dw01;dw02;dw03;dw04;dw05;dw06;dw07;dw08,dw00;dw01;dw02;dw03;dw04;dw05;dw06;dw07;dw08,,90,1,2026-08-30T19:08:01.801+0200,dw04,0F85,79,781,2,-433,649,2.95,62255
ground-height-2m-20260828-133428,d008m_r270_run01.csv,2,8,270,dw00;dw01;dw02;dw03;dw04;dw05;dw06;dw07;dw08,dw00;dw01;dw02;dw03;dw04;dw05;dw06;dw07;dw08,,105,1,2026-08-30T19:08:01.811+0200,dw05,4B92,214,789,40,-253,747,2.89,72204
ground-height-2m-20260828-133428,d008m_r270_run01.csv,2,8,270,dw00;dw01;dw02;dw03;dw04;dw05;dw06;dw07;dw08,dw00;dw01;dw02;dw03;dw04;dw05;dw06;dw07;dw08,,125,1,2026-08-30T19:08:01.820+0200,dw06,0789,2,786,83,-47,785,3.01,82275
ground-height-2m-20260828-133428,d008m_r270_run01.csv,2,8,270,dw00;dw01;dw02;dw03;dw04;dw05;dw06;dw07;dw08,dw00;dw01;dw02;dw03;dw04;dw05;dw06;dw07;dw08,,35,1,2026-08-30T19:08:01.881+0200,dw01,1729,113,787,-118,718,321,3.06,42327
ground-height-2m-20260828-133428,d008m_r270_run01.csv,2,8,270,dw00;dw01;dw02;dw03;dw04;dw05;dw06;dw07;dw08,dw00;dw01;dw02;dw03;dw04;dw05;dw06;dw07;dw08,,55,1,2026-08-30T19:08:01.891+0200,dw02,8FB0,143,787,-91,787,0,1.93,52337
ground-height-2m-20260828-133428,d008m_r270_run01.csv,2,8,270,dw00;dw01;dw02;dw03;dw04;dw05;dw06;dw07;dw08,dw00;dw01;dw02;dw03;dw04;dw05;dw06;dw07;dw08,,145,1,2026-08-30T19:08:01.931+0200,dw07,5783,123,782,123,146,768,3.33,2147483
ground-height-2m-20260828-133428,d008m_r270_run01.csv,2,8,270,dw00;dw01;dw02;dw03;dw04;dw05;dw06;dw07;dw08,dw00;dw01;dw02;dw03;dw04;dw05;dw06;dw07;dw08,,75,1,2026-08-30T19:08:01.952+0200,dw03,021B,102,773,-35,-613,471,2.08,12298
ground-height-2m-20260828-133428,d008m_r270_run01.csv,2,8,270,dw00;dw01;dw02;dw03;dw04;dw05;dw06;dw07;dw08,dw00;dw01;dw02;dw03;dw04;dw05;dw06;dw07;dw08,,165,1,2026-08-30T19:08:01.961+0200,dw08,028E,132,783,149,273,734,3.69,22277
ground-height-2m-20260828-133428,d008m_r270_run01.csv,2,8,270,dw00;dw01;dw02;dw03;dw04;dw05;dw06;dw07;dw08,dw00;dw01;dw02;dw03;dw04;dw05;dw06;dw07;dw08,,15,1,2026-08-30T19:08:01.971+0200,dw00,8103,58,799,-160,526,601,2.77,32287
ground-height-2m-20260828-133428,d008m_r270_run01.csv,2,8,270,dw00;dw01;dw02;dw03;dw04;dw05;dw06;dw07;dw08,dw00;dw01;dw02;dw03;dw04;dw05;dw06;dw07;dw08,,90,1,2026-08-30T19:08:02.001+0200,dw04,0F85,80,784,6,-416,664,3.01,62255
ground-height-2m-20260828-133428,d008m_r270_run01.csv,2,8,270,dw00;dw01;dw02;dw03;dw04;dw05;dw06;dw07;dw08,dw00;dw01;dw02;dw03;dw04;dw05;dw06;dw07;dw08,,105,1,2026-08-30T19:08:02.011+0200,dw05,4B92,215,780,42,-243,741,2.95,72265
ground-height-2m-20260828-133428,d008m_r270_run01.csv,2,8,270,dw00;dw01;dw02;dw03;dw04;dw05;dw06;dw07;dw08,dw00;dw01;dw02;dw03;dw04;dw05;dw06;dw07;dw08,,125,1,2026-08-30T19:08:02.021+0200,dw06,0789,3,783,87,-27,783,3.06,82275
ground-height-2m-20260828-133428,d008m_r270_run01.csv,2,8,270,dw00;dw01;dw02;dw03;dw04;dw05;dw06;dw07;dw08,dw00;dw01;dw02;dw03;dw04;dw05;dw06;dw07;dw08,,35,1,2026-08-30T19:08:02.081+0200,dw01,1729,114,791,-122,702,364,3.15,42266
ground-height-2m-20260828-133428,d008m_r270_run01.csv,2,8,270,dw00;dw01;dw02;dw03;dw04;dw05;dw06;dw07;dw08,dw00;dw01;dw02;dw03;dw04;dw05;dw06;dw07;dw08,,55,1,2026-08-30T19:08:02.091+0200,dw02,8FB0,144,784,-82,-784,0,1.93,52337
ground-height-2m-20260828-133428,d008m_r270_run01.csv,2,8,270,dw00;dw01;dw02;dw03;dw04;dw05;dw06;dw07;dw08,dw00;dw01;dw02;dw03;dw04;dw05;dw06;dw07;dw08,,145,1,2026-08-30T19:08:02.131+0200,dw07,5783,124,783,130,182,761,3.45,2147483
ground-height-2m-20260828-133428,d008m_r270_run01.csv,2,8,270,dw00;dw01;dw02;dw03;dw04;dw05;dw06;dw07;dw08,dw00;dw01;dw02;dw03;dw04;dw05;dw06;dw07;dw08,,75,1,2026-08-30T19:08:02.150+0200,dw03,021B,103,769,-38,-623,451,2.08,12237
ground-height-2m-20260828-133428,d008m_r270_run01.csv,2,8,270,dw00;dw01;dw02;dw03;dw04;dw05;dw06;dw07;dw08,dw00;dw01;dw02;dw03;dw04;dw05;dw06;dw07;dw08,,165,1,2026-08-30T19:08:02.160+0200,dw08,028E,133,782,148,267,735,3.57,22308
ground-height-2m-20260828-133428,d008m_r270_run01.csv,2,8,270,dw00;dw01;dw02;dw03;dw04;dw05;dw06;dw07;dw08,dw00;dw01;dw02;dw03;dw04;dw05;dw06;dw07;dw08,,15,1,2026-08-30T19:08:02.171+0200,dw00,8103,59,800,-160,523,605,2.83,32257
ground-height-2m-20260828-133428,d008m_r270_run01.csv,2,8,270,dw00;dw01;dw02;dw03;dw04;dw05;dw06;dw07;dw08,dw00;dw01;dw02;dw03;dw04;dw05;dw06;dw07;dw08,,90,1,2026-08-30T19:08:02.200+0200,dw04,0F85,81,783,5,-419,661,3.06,62255
ground-height-2m-20260828-133428,d008m_r270_run01.csv,2,8,270,dw00;dw01;dw02;dw03;dw04;dw05;dw06;dw07;dw08,dw00;dw01;dw02;dw03;dw04;dw05;dw06;dw07;dw08,,105,1,2026-08-30T19:08:02.211+0200,dw05,4B92,216,787,42,-241,749,2.89,72235
ground-height-2m-20260828-133428,d008m_r270_run01.csv,2,8,270,dw00;dw01;dw02;dw03;dw04;dw05;dw06;dw07;dw08,dw00;dw01;dw02;dw03;dw04;dw05;dw06;dw07;dw08,,125,1,2026-08-30T19:08:02.221+0200,dw06,0789,4,786,85,-35,785,3.06,82275
ground-height-2m-20260828-133428,d008m_r270_run01.csv,2,8,270,dw00;dw01;dw02;dw03;dw04;dw05;dw06;dw07;dw08,dw00;dw01;dw02;dw03;dw04;dw05;dw06;dw07;dw08,,35,1,2026-08-30T19:08:02.280+0200,dw01,1729,115,788,-122,701,358,3.09,42297
ground-height-2m-20260828-133428,d008m_r270_run01.csv,2,8,270,dw00;dw01;dw02;dw03;dw04;dw05;dw06;dw07;dw08,dw00;dw01;dw02;dw03;dw04;dw05;dw06;dw07;dw08,,55,1,2026-08-30T19:08:02.291+0200,dw02,8FB0,145,790,-86,-790,0,1.93,52368
ground-height-2m-20260828-133428,d008m_r270_run01.csv,2,8,270,dw00;dw01;dw02;dw03;dw04;dw05;dw06;dw07;dw08,dw00;dw01;dw02;dw03;dw04;dw05;dw06;dw07;dw08,,145,1,2026-08-30T19:08:02.331+0200,dw07,5783,125,783,131,184,761,3.45,2147483
ground-height-2m-20260828-133428,d008m_r270_run01.csv,2,8,270,dw00;dw01;dw02;dw03;dw04;dw05;dw06;dw07;dw08,dw00;dw01;dw02;dw03;dw04;dw05;dw06;dw07;dw08,,75,1,2026-08-30T19:08:02.351+0200,dw03,021B,104,773,-42,-644,426,2.02,12298
ground-height-2m-20260828-133428,d008m_r270_run01.csv,2,8,270,dw00;dw01;dw02;dw03;dw04;dw05;dw06;dw07;dw08,dw00;dw01;dw02;dw03;dw04;dw05;dw06;dw07;dw08,,165,1,2026-08-30T19:08:02.360+0200,dw08,028E,134,781,146,259,737,3.57,22277
ground-height-2m-20260828-133428,d008m_r270_run01.csv,2,8,270,dw00;dw01;dw02;dw03;dw04;dw05;dw06;dw07;dw08,dw00;dw01;dw02;dw03;dw04;dw05;dw06;dw07;dw08,,15,1,2026-08-30T19:08:02.370+0200,dw00,8103,60,801,-166,495,630,2.89,32257
ground-height-2m-20260828-133428,d008m_r270_run01.csv,2,8,270,dw00;dw01;dw02;dw03;dw04;dw05;dw06;dw07;dw08,dw00;dw01;dw02;dw03;dw04;dw05;dw06;dw07;dw08,,90,1,2026-08-30T19:08:02.400+0200,dw04,0F85,82,784,6,-416,664,2.89,62255
ground-height-2m-20260828-133428,d008m_r270_run01.csv,2,8,270,dw00;dw01;dw02;dw03;dw04;dw05;dw06;dw07;dw08,dw00;dw01;dw02;dw03;dw04;dw05;dw06;dw07;dw08,,105,1,2026-08-30T19:08:02.410+0200,dw05,4B92,217,786,41,-248,745,2.95,72235
ground-height-2m-20260828-133428,d008m_r270_run01.csv,2,8,270,dw00;dw01;dw02;dw03;dw04;dw05;dw06;dw07;dw08,dw00;dw01;dw02;dw03;dw04;dw05;dw06;dw07;dw08,,125,1,2026-08-30T19:08:02.421+0200,dw06,0789,5,784,82,-48,783,3.06,82305
ground-height-2m-20260828-133428,d008m_r270_run01.csv,2,8,270,dw00;dw01;dw02;dw03;dw04;dw05;dw06;dw07;dw08,dw00;dw01;dw02;dw03;dw04;dw05;dw06;dw07;dw08,,35,1,2026-08-30T19:08:02.481+0200,dw01,1729,116,789,-130,664,427,3.06,42327
ground-height-2m-20260828-133428,d008m_r270_run01.csv,2,8,270,dw00;dw01;dw02;dw03;dw04;dw05;dw06;dw07;dw08,dw00;dw01;dw02;dw03;dw04;dw05;dw06;dw07;dw08,,55,1,2026-08-30T19:08:02.490+0200,dw02,8FB0,146,787,-88,786,0,1.93,52368
ground-height-2m-20260828-133428,d008m_r270_run01.csv,2,8,270,dw00;dw01;dw02;dw03;dw04;dw05;dw06;dw07;dw08,dw00;dw01;dw02;dw03;dw04;dw05;dw06;dw07;dw08,,145,1,2026-08-30T19:08:02.530+0200,dw07,5783,126,780,122,143,766,3.39,2147483
ground-height-2m-20260828-133428,d008m_r270_run01.csv,2,8,270,dw00;dw01;dw02;dw03;dw04;dw05;dw06;dw07;dw08,dw00;dw01;dw02;dw03;dw04;dw05;dw06;dw07;dw08,,75,1,2026-08-30T19:08:02.551+0200,dw03,021B,105,773,-35,-611,472,2.02,12268
ground-height-2m-20260828-133428,d008m_r270_run01.csv,2,8,270,dw00;dw01;dw02;dw03;dw04;dw05;dw06;dw07;dw08,dw00;dw01;dw02;dw03;dw04;dw05;dw06;dw07;dw08,,165,1,2026-08-30T19:08:02.561+0200,dw08,028E,135,784,143,244,745,3.69,22247
ground-height-2m-20260828-133428,d008m_r270_run01.csv,2,8,270,dw00;dw01;dw02;dw03;dw04;dw05;dw06;dw07;dw08,dw00;dw01;dw02;dw03;dw04;dw05;dw06;dw07;dw08,,15,1,2026-08-30T19:08:02.570+0200,dw00,8103,61,803,-159,531,602,2.83,32257
ground-height-2m-20260828-133428,d008m_r270_run01.csv,2,8,270,dw00;dw01;dw02;dw03;dw04;dw05;dw06;dw07;dw08,dw00;dw01;dw02;dw03;dw04;dw05;dw06;dw07;dw08,,90,1,2026-08-30T19:08:02.601+0200,dw04,0F85,83,782,1,-439,647,2.95,62255
ground-height-2m-20260828-133428,d008m_r270_run01.csv,2,8,270,dw00;dw01;dw02;dw03;dw04;dw05;dw06;dw07;dw08,dw00;dw01;dw02;dw03;dw04;dw05;dw06;dw07;dw08,,105,1,2026-08-30T19:08:02.610+0200,dw05,4B92,218,785,44,-232,749,2.95,72235
ground-height-2m-20260828-133428,d008m_r270_run01.csv,2,8,270,dw00;dw01;dw02;dw03;dw04;dw05;dw06;dw07;dw08,dw00;dw01;dw02;dw03;dw04;dw05;dw06;dw07;dw08,,125,1,2026-08-30T19:08:02.620+0200,dw06,0789,6,782,84,-39,781,3.06,82275
ground-height-2m-20260828-133428,d008m_r270_run01.csv,2,8,270,dw00;dw01;dw02;dw03;dw04;dw05;dw06;dw07;dw08,dw00;dw01;dw02;dw03;dw04;dw05;dw06;dw07;dw08,,35,1,2026-08-30T19:08:02.681+0200,dw01,1729,117,787,-123,695,369,3.15,42297
ground-height-2m-20260828-133428,d008m_r270_run01.csv,2,8,270,dw00;dw01;dw02;dw03;dw04;dw05;dw06;dw07;dw08,dw00;dw01;dw02;dw03;dw04;dw05;dw06;dw07;dw08,,55,1,2026-08-30T19:08:02.690+0200,dw02,8FB0,147,788,-80,-788,0,2.02,52398
ground-height-2m-20260828-133428,d008m_r270_run01.csv,2,8,270,dw00;dw01;dw02;dw03;dw04;dw05;dw06;dw07;dw08,dw00;dw01;dw02;dw03;dw04;dw05;dw06;dw07;dw08,,145,1,2026-08-30T19:08:02.730+0200,dw07,5783,127,783,133,198,758,3.39,2147483
ground-height-2m-20260828-133428,d008m_r270_run01.csv,2,8,270,dw00;dw01;dw02;dw03;dw04;dw05;dw06;dw07;dw08,dw00;dw01;dw02;dw03;dw04;dw05;dw06;dw07;dw08,,75,1,2026-08-30T19:08:02.750+0200,dw03,021B,106,770,-34,-602,480,2.14,12268
ground-height-2m-20260828-133428,d008m_r270_run01.csv,2,8,270,dw00;dw01;dw02;dw03;dw04;dw05;dw06;dw07;dw08,dw00;dw01;dw02;dw03;dw04;dw05;dw06;dw07;dw08,,165,1,2026-08-30T19:08:02.761+0200,dw08,028E,136,786,156,309,723,3.57,22277
ground-height-2m-20260828-133428,d008m_r270_run01.csv,2,8,270,dw00;dw01;dw02;dw03;dw04;dw05;dw06;dw07;dw08,dw00;dw01;dw02;dw03;dw04;dw05;dw06;dw07;dw08,,15,1,2026-08-30T19:08:02.771+0200,dw00,8103,62,802,-162,518,612,2.83,32287
ground-height-2m-20260828-133428,d008m_r270_run01.csv,2,8,270,dw00;dw01;dw02;dw03;dw04;dw05;dw06;dw07;dw08,dw00;dw01;dw02;dw03;dw04;dw05;dw06;dw07;dw08,,90,1,2026-08-30T19:08:02.801+0200,dw04,0F85,84,782,2,-435,649,3.06,62255
ground-height-2m-20260828-133428,d008m_r270_run01.csv,2,8,270,dw00;dw01;dw02;dw03;dw04;dw05;dw06;dw07;dw08,dw00;dw01;dw02;dw03;dw04;dw05;dw06;dw07;dw08,,105,1,2026-08-30T19:08:02.811+0200,dw05,4B92,219,785,36,-272,736,2.95,72265
ground-height-2m-20260828-133428,d008m_r270_run01.csv,2,8,270,dw00;dw01;dw02;dw03;dw04;dw05;dw06;dw07;dw08,dw00;dw01;dw02;dw03;dw04;dw05;dw06;dw07;dw08,,125,1,2026-08-30T19:08:02.820+0200,dw06,0789,7,784,86,-29,784,3.06,82275
ground-height-2m-20260828-133428,d008m_r270_run01.csv,2,8,270,dw00;dw01;dw02;dw03;dw04;dw05;dw06;dw07;dw08,dw00;dw01;dw02;dw03;dw04;dw05;dw06;dw07;dw08,,35,1,2026-08-30T19:08:02.881+0200,dw01,1729,118,790,-124,692,381,3.15,42327
ground-height-2m-20260828-133428,d008m_r270_run01.csv,2,8,270,dw00;dw01;dw02;dw03;dw04;dw05;dw06;dw07;dw08,dw00;dw01;dw02;dw03;dw04;dw05;dw06;dw07;dw08,,55,1,2026-08-30T19:08:02.891+0200,dw02,8FB0,148,786,-87,786,0,1.87,52368
ground-height-2m-20260828-133428,d008m_r270_run01.csv,2,8,270,dw00;dw01;dw02;dw03;dw04;dw05;dw06;dw07;dw08,dw00;dw01;dw02;dw03;dw04;dw05;dw06;dw07;dw08,,145,1,2026-08-30T19:08:02.931+0200,dw07,5783,128,785,128,174,765,3.45,2147483
ground-height-2m-20260828-133428,d008m_r270_run01.csv,2,8,270,dw00;dw01;dw02;dw03;dw04;dw05;dw06;dw07;dw08,dw00;dw01;dw02;dw03;dw04;dw05;dw06;dw07;dw08,,75,1,2026-08-30T19:08:02.950+0200,dw03,021B,107,770,-39,-626,448,2.08,12298
ground-height-2m-20260828-133428,d008m_r270_run01.csv,2,8,270,dw00;dw01;dw02;dw03;dw04;dw05;dw06;dw07;dw08,dw00;dw01;dw02;dw03;dw04;dw05;dw06;dw07;dw08,,165,1,2026-08-30T19:08:02.960+0200,dw08,028E,137,783,151,284,730,3.69,22277
ground-height-2m-20260828-133428,d008m_r270_run01.csv,2,8,270,dw00;dw01;dw02;dw03;dw04;dw05;dw06;dw07;dw08,dw00;dw01;dw02;dw03;dw04;dw05;dw06;dw07;dw08,,15,1,2026-08-30T19:08:02.971+0200,dw00,8103,63,803,-169,485,640,2.83,32226
ground-height-2m-20260828-133428,d008m_r270_run01.csv,2,8,270,dw00;dw01;dw02;dw03;dw04;dw05;dw06;dw07;dw08,dw00;dw01;dw02;dw03;dw04;dw05;dw06;dw07;dw08,,90,1,2026-08-30T19:08:03.000+0200,dw04,0F85,85,783,6,-415,664,3.01,62255
ground-height-2m-20260828-133428,d008m_r270_run01.csv,2,8,270,dw00;dw01;dw02;dw03;dw04;dw05;dw06;dw07;dw08,dw00;dw01;dw02;dw03;dw04;dw05;dw06;dw07;dw08,,105,1,2026-08-30T19:08:03.011+0200,dw05,4B92,220,781,40,-254,739,2.95,72235
ground-height-2m-20260828-133428,d008m_r270_run01.csv,2,8,270,dw00;dw01;dw02;dw03;dw04;dw05;dw06;dw07;dw08,dw00;dw01;dw02;dw03;dw04;dw05;dw06;dw07;dw08,,125,1,2026-08-30T19:08:03.020+0200,dw06,0789,8,783,91,-4,783,3.15,82275
ground-height-2m-20260828-133428,d008m_r270_run01.csv,2,8,270,dw00;dw01;dw02;dw03;dw04;dw05;dw06;dw07;dw08,dw00;dw01;dw02;dw03;dw04;dw05;dw06;dw07;dw08,,35,1,2026-08-30T19:08:03.080+0200,dw01,1729,119,790,-123,700,366,3.06,42327
ground-height-2m-20260828-133428,d008m_r270_run01.csv,2,8,270,dw00;dw01;dw02;dw03;dw04;dw05;dw06;dw07;dw08,dw00;dw01;dw02;dw03;dw04;dw05;dw06;dw07;dw08,,55,1,2026-08-30T19:08:03.091+0200,dw02,8FB0,149,783,-87,783,0,1.93,52337
ground-height-2m-20260828-133428,d008m_r270_run01.csv,2,8,270,dw00;dw01;dw02;dw03;dw04;dw05;dw06;dw07;dw08,dw00;dw01;dw02;dw03;dw04;dw05;dw06;dw07;dw08,,145,1,2026-08-30T19:08:03.131+0200,dw07,5783,129,786,134,199,760,3.33,2147483
ground-height-2m-20260828-133428,d008m_r270_run01.csv,2,8,270,dw00;dw01;dw02;dw03;dw04;dw05;dw06;dw07;dw08,dw00;dw01;dw02;dw03;dw04;dw05;dw06;dw07;dw08,,75,1,2026-08-30T19:08:03.150+0200,dw03,021B,108,770,-29,-578,508,1.99,12268
ground-height-2m-20260828-133428,d008m_r270_run01.csv,2,8,270,dw00;dw01;dw02;dw03;dw04;dw05;dw06;dw07;dw08,dw00;dw01;dw02;dw03;dw04;dw05;dw06;dw07;dw08,,165,1,2026-08-30T19:08:03.160+0200,dw08,028E,138,782,144,247,742,3.57,22277
ground-height-2m-20260828-133428,d008m_r270_run01.csv,2,8,270,dw00;dw01;dw02;dw03;dw04;dw05;dw06;dw07;dw08,dw00;dw01;dw02;dw03;dw04;dw05;dw06;dw07;dw08,,15,1,2026-08-30T19:08:03.170+0200,dw00,8103,64,803,-161,523,608,2.77,32287
ground-height-2m-20260828-133428,d008m_r270_run01.csv,2,8,270,dw00;dw01;dw02;dw03;dw04;dw05;dw06;dw07;dw08,dw00;dw01;dw02;dw03;dw04;dw05;dw06;dw07;dw08,,90,1,2026-08-30T19:08:03.200+0200,dw04,0F85,86,782,4,-423,657,2.95,62255
ground-height-2m-20260828-133428,d008m_r270_run01.csv,2,8,270,dw00;dw01;dw02;dw03;dw04;dw05;dw06;dw07;dw08,dw00;dw01;dw02;dw03;dw04;dw05;dw06;dw07;dw08,,105,1,2026-08-30T19:08:03.210+0200,dw05,4B92,221,786,43,-239,749,2.89,72235
ground-height-2m-20260828-133428,d008m_r270_run01.csv,2,8,270,dw00;dw01;dw02;dw03;dw04;dw05;dw06;dw07;dw08,dw00;dw01;dw02;dw03;dw04;dw05;dw06;dw07;dw08,,125,1,2026-08-30T19:08:03.221+0200,dw06,0789,9,785,89,-16,785,2.95,82275
ground-height-2m-20260828-133428,d008m_r270_run01.csv,2,8,270,dw00;dw01;dw02;dw03;dw04;dw05;dw06;dw07;dw08,dw00;dw01;dw02;dw03;dw04;dw05;dw06;dw07;dw08,,35,1,2026-08-30T19:08:03.280+0200,dw01,1729,120,789,-119,718,328,3.06,42297
ground-height-2m-20260828-133428,d008m_r270_run01.csv,2,8,270,dw00;dw01;dw02;dw03;dw04;dw05;dw06;dw07;dw08,dw00;dw01;dw02;dw03;dw04;dw05;dw06;dw07;dw08,,55,1,2026-08-30T19:08:03.290+0200,dw02,8FB0,150,784,-85,-784,0,1.93,52398
ground-height-2m-20260828-133428,d008m_r270_run01.csv,2,8,270,dw00;dw01;dw02;dw03;dw04;dw05;dw06;dw07;dw08,dw00;dw01;dw02;dw03;dw04;dw05;dw06;dw07;dw08,,145,1,2026-08-30T19:08:03.330+0200,dw07,5783,130,785,129,177,765,3.39,2147483
ground-height-2m-20260828-133428,d008m_r270_run01.csv,2,8,270,dw00;dw01;dw02;dw03;dw04;dw05;dw06;dw07;dw08,dw00;dw01;dw02;dw03;dw04;dw05;dw06;dw07;dw08,,75,1,2026-08-30T19:08:03.350+0200,dw03,021B,109,767,-36,-612,463,2.14,12268
ground-height-2m-20260828-133428,d008m_r270_run01.csv,2,8,270,dw00;dw01;dw02;dw03;dw04;dw05;dw06;dw07;dw08,dw00;dw01;dw02;dw03;dw04;dw05;dw06;dw07;dw08,,165,1,2026-08-30T19:08:03.360+0200,dw08,028E,139,780,150,279,729,3.57,22277
ground-height-2m-20260828-133428,d008m_r270_run01.csv,2,8,270,dw00;dw01;dw02;dw03;dw04;dw05;dw06;dw07;dw08,dw00;dw01;dw02;dw03;dw04;dw05;dw06;dw07;dw08,,15,1,2026-08-30T19:08:03.370+0200,dw00,8103,65,799,-158,533,595,2.77,32257
ground-height-2m-20260828-133428,d008m_r270_run01.csv,2,8,270,dw00;dw01;dw02;dw03;dw04;dw05;dw06;dw07;dw08,dw00;dw01;dw02;dw03;dw04;dw05;dw06;dw07;dw08,,90,1,2026-08-30T19:08:03.400+0200,dw04,0F85,87,781,4,-426,654,3.06,62255
ground-height-2m-20260828-133428,d008m_r270_run01.csv,2,8,270,dw00;dw01;dw02;dw03;dw04;dw05;dw06;dw07;dw08,dw00;dw01;dw02;dw03;dw04;dw05;dw06;dw07;dw08,,105,1,2026-08-30T19:08:03.410+0200,dw05,4B92,222,783,45,-227,749,2.95,72235
ground-height-2m-20260828-133428,d008m_r270_run01.csv,2,8,270,dw00;dw01;dw02;dw03;dw04;dw05;dw06;dw07;dw08,dw00;dw01;dw02;dw03;dw04;dw05;dw06;dw07;dw08,,125,1,2026-08-30T19:08:03.420+0200,dw06,0789,10,787,83,-42,785,3.06,82305
ground-height-2m-20260828-133428,d008m_r270_run01.csv,2,8,270,dw00;dw01;dw02;dw03;dw04;dw05;dw06;dw07;dw08,dw00;dw01;dw02;dw03;dw04;dw05;dw06;dw07;dw08,,35,1,2026-08-30T19:08:03.480+0200,dw01,1729,121,791,-126,683,398,3.09,42297
ground-height-2m-20260828-133428,d008m_r270_run01.csv,2,8,270,dw00;dw01;dw02;dw03;dw04;dw05;dw06;dw07;dw08,dw00;dw01;dw02;dw03;dw04;dw05;dw06;dw07;dw08,,55,1,2026-08-30T19:08:03.490+0200,dw02,8FB0,151,787,-84,-787,0,2.02,52429
ground-height-2m-20260828-133428,d008m_r270_run01.csv,2,8,270,dw00;dw01;dw02;dw03;dw04;dw05;dw06;dw07;dw08,dw00;dw01;dw02;dw03;dw04;dw05;dw06;dw07;dw08,,145,1,2026-08-30T19:08:03.530+0200,dw07,5783,131,783,129,175,763,3.45,2147483
ground-height-2m-20260828-133428,d008m_r270_run01.csv,2,8,270,dw00;dw01;dw02;dw03;dw04;dw05;dw06;dw07;dw08,dw00;dw01;dw02;dw03;dw04;dw05;dw06;dw07;dw08,,75,1,2026-08-30T19:08:03.550+0200,dw03,021B,110,770,-42,-643,424,2.08,12268
ground-height-2m-20260828-133428,d008m_r270_run01.csv,2,8,270,dw00;dw01;dw02;dw03;dw04;dw05;dw06;dw07;dw08,dw00;dw01;dw02;dw03;dw04;dw05;dw06;dw07;dw08,,165,1,2026-08-30T19:08:03.560+0200,dw08,028E,140,781,162,333,707,3.69,22308
ground-height-2m-20260828-133428,d008m_r270_run01.csv,2,8,270,dw00;dw01;dw02;dw03;dw04;dw05;dw06;dw07;dw08,dw00;dw01;dw02;dw03;dw04;dw05;dw06;dw07;dw08,,15,1,2026-08-30T19:08:03.570+0200,dw00,8103,66,803,-159,529,603,2.77,32287
ground-height-2m-20260828-133428,d008m_r270_run01.csv,2,8,270,dw00;dw01;dw02;dw03;dw04;dw05;dw06;dw07;dw08,dw00;dw01;dw02;dw03;dw04;dw05;dw06;dw07;dw08,,90,1,2026-08-30T19:08:03.600+0200,dw04,0F85,88,781,0,-443,643,3.06,62255
ground-height-2m-20260828-133428,d008m_r270_run01.csv,2,8,270,dw00;dw01;dw02;dw03;dw04;dw05;dw06;dw07;dw08,dw00;dw01;dw02;dw03;dw04;dw05;dw06;dw07;dw08,,105,1,2026-08-30T19:08:03.610+0200,dw05,4B92,223,786,40,-251,745,2.83,72235
ground-height-2m-20260828-133428,d008m_r270_run01.csv,2,8,270,dw00;dw01;dw02;dw03;dw04;dw05;dw06;dw07;dw08,dw00;dw01;dw02;dw03;dw04;dw05;dw06;dw07;dw08,,125,1,2026-08-30T19:08:03.620+0200,dw06,0789,11,787,83,-43,785,3.06,82275
ground-height-2m-20260828-133428,d008m_r270_run01.csv,2,8,270,dw00;dw01;dw02;dw03;dw04;dw05;dw06;dw07;dw08,dw00;dw01;dw02;dw03;dw04;dw05;dw06;dw07;dw08,,35,1,2026-08-30T19:08:03.681+0200,dw01,1729,122,790,-115,739,279,3.15,42327
ground-height-2m-20260828-133428,d008m_r270_run01.csv,2,8,270,dw00;dw01;dw02;dw03;dw04;dw05;dw06;dw07;dw08,dw00;dw01;dw02;dw03;dw04;dw05;dw06;dw07;dw08,,55,1,2026-08-30T19:08:03.690+0200,dw02,8FB0,152,782,-82,-782,0,1.99,52337
ground-height-2m-20260828-133428,d008m_r270_run01.csv,2,8,270,dw00;dw01;dw02;dw03;dw04;dw05;dw06;dw07;dw08,dw00;dw01;dw02;dw03;dw04;dw05;dw06;dw07;dw08,,145,1,2026-08-30T19:08:03.730+0200,dw07,5783,132,783,127,165,765,3.45,2147483
ground-height-2m-20260828-133428,d008m_r270_run01.csv,2,8,270,dw00;dw01;dw02;dw03;dw04;dw05;dw06;dw07;dw08,dw00;dw01;dw02;dw03;dw04;dw05;dw06;dw07;dw08,,75,1,2026-08-30T19:08:03.750+0200,dw03,021B,111,773,-37,-619,462,2.02,12268
ground-height-2m-20260828-133428,d008m_r270_run01.csv,2,8,270,dw00;dw01;dw02;dw03;dw04;dw05;dw06;dw07;dw08,dw00;dw01;dw02;dw03;dw04;dw05;dw06;dw07;dw08,,165,1,2026-08-30T19:08:03.760+0200,dw08,028E,141,783,148,268,736,3.57,22277
ground-height-2m-20260828-133428,d008m_r270_run01.csv,2,8,270,dw00;dw01;dw02;dw03;dw04;dw05;dw06;dw07;dw08,dw00;dw01;dw02;dw03;dw04;dw05;dw06;dw07;dw08,,15,1,2026-08-30T19:08:03.770+0200,dw00,8103,67,804,-162,520,613,2.83,32226
ground-height-2m-20260828-133428,d008m_r270_run01.csv,2,8,270,dw00;dw01;dw02;dw03;dw04;dw05;dw06;dw07;dw08,dw00;dw01;dw02;dw03;dw04;dw05;dw06;dw07;dw08,,90,1,2026-08-30T19:08:03.800+0200,dw04,0F85,89,783,5,-421,660,3.15,62286
ground-height-2m-20260828-133428,d008m_r270_run01.csv,2,8,270,dw00;dw01;dw02;dw03;dw04;dw05;dw06;dw07;dw08,dw00;dw01;dw02;dw03;dw04;dw05;dw06;dw07;dw08,,105,1,2026-08-30T19:08:03.810+0200,dw05,4B92,224,786,41,-249,745,2.83,72265
ground-height-2m-20260828-133428,d008m_r270_run01.csv,2,8,270,dw00;dw01;dw02;dw03;dw04;dw05;dw06;dw07;dw08,dw00;dw01;dw02;dw03;dw04;dw05;dw06;dw07;dw08,,125,1,2026-08-30T19:08:03.820+0200,dw06,0789,12,782,83,-46,781,2.95,82275
ground-height-2m-20260828-133428,d008m_r270_run01.csv,2,8,270,dw00;dw01;dw02;dw03;dw04;dw05;dw06;dw07;dw08,dw00;dw01;dw02;dw03;dw04;dw05;dw06;dw07;dw08,,35,1,2026-08-30T19:08:03.880+0200,dw01,1729,123,788,-121,706,351,3.06,42327
ground-height-2m-20260828-133428,d008m_r270_run01.csv,2,8,270,dw00;dw01;dw02;dw03;dw04;dw05;dw06;dw07;dw08,dw00;dw01;dw02;dw03;dw04;dw05;dw06;dw07;dw08,,55,1,2026-08-30T19:08:03.890+0200,dw02,8FB0,153,787,-81,-787,0,1.93,52368
ground-height-2m-20260828-133428,d008m_r270_run01.csv,2,8,270,dw00;dw01;dw02;dw03;dw04;dw05;dw06;dw07;dw08,dw00;dw01;dw02;dw03;dw04;dw05;dw06;dw07;dw08,,145,1,2026-08-30T19:08:03.931+0200,dw07,5783,133,783,140,229,748,3.51,2147483
ground-height-2m-20260828-133428,d008m_r270_run01.csv,2,8,270,dw00;dw01;dw02;dw03;dw04;dw05;dw06;dw07;dw08,dw00;dw01;dw02;dw03;dw04;dw05;dw06;dw07;dw08,,75,1,2026-08-30T19:08:03.950+0200,dw03,021B,112,769,-32,-596,486,2.08,12298
ground-height-2m-20260828-133428,d008m_r270_run01.csv,2,8,270,dw00;dw01;dw02;dw03;dw04;dw05;dw06;dw07;dw08,dw00;dw01;dw02;dw03;dw04;dw05;dw06;dw07;dw08,,165,1,2026-08-30T19:08:03.960+0200,dw08,028E,142,783,136,208,754,3.63,22277
ground-height-2m-20260828-133428,d008m_r270_run01.csv,2,8,270,dw00;dw01;dw02;dw03;dw04;dw05;dw06;dw07;dw08,dw00;dw01;dw02;dw03;dw04;dw05;dw06;dw07;dw08,,15,1,2026-08-30T19:08:03.970+0200,dw00,8103,68,804,-167,493,635,2.77,32287
ground-height-2m-20260828-133428,d008m_r270_run01.csv,2,8,270,dw00;dw01;dw02;dw03;dw04;dw05;dw06;dw07;dw08,dw00;dw01;dw02;dw03;dw04;dw05;dw06;dw07;dw08,,90,1,2026-08-30T19:08:04.000+0200,dw04,0F85,90,782,0,-450,639,2.95,62255
ground-height-2m-20260828-133428,d008m_r270_run01.csv,2,8,270,dw00;dw01;dw02;dw03;dw04;dw05;dw06;dw07;dw08,dw00;dw01;dw02;dw03;dw04;dw05;dw06;dw07;dw08,,105,1,2026-08-30T19:08:04.010+0200,dw05,4B92,225,784,35,-274,734,3.01,72235
ground-height-2m-20260828-133428,d008m_r270_run01.csv,2,8,270,dw00;dw01;dw02;dw03;dw04;dw05;dw06;dw07;dw08,dw00;dw01;dw02;dw03;dw04;dw05;dw06;dw07;dw08,,125,1,2026-08-30T19:08:04.020+0200,dw06,0789,13,783,83,-46,782,3.01,82275
ground-height-2m-20260828-133428,d008m_r270_run01.csv,2,8,270,dw00;dw01;dw02;dw03;dw04;dw05;dw06;dw07;dw08,dw00;dw01;dw02;dw03;dw04;dw05;dw06;dw07;dw08,,35,1,2026-08-30T19:08:04.080+0200,dw01,1729,124,788,-117,723,312,3.06,42297
ground-height-2m-20260828-133428,d008m_r270_run01.csv,2,8,270,dw00;dw01;dw02;dw03;dw04;dw05;dw06;dw07;dw08,dw00;dw01;dw02;dw03;dw04;dw05;dw06;dw07;dw08,,55,1,2026-08-30T19:08:04.090+0200,dw02,8FB0,154,785,-91,785,0,1.99,52429
ground-height-2m-20260828-133428,d008m_r270_run01.csv,2,8,270,dw00;dw01;dw02;dw03;dw04;dw05;dw06;dw07;dw08,dw00;dw01;dw02;dw03;dw04;dw05;dw06;dw07;dw08,,145,1,2026-08-30T19:08:04.130+0200,dw07,5783,134,782,125,156,767,3.39,2147483
ground-height-2m-20260828-133428,d008m_r270_run01.csv,2,8,270,dw00;dw01;dw02;dw03;dw04;dw05;dw06;dw07;dw08,dw00;dw01;dw02;dw03;dw04;dw05;dw06;dw07;dw08,,75,1,2026-08-30T19:08:04.150+0200,dw03,021B,113,771,-36,-612,469,1.99,12268
ground-height-2m-20260828-133428,d008m_r270_run01.csv,2,8,270,dw00;dw01;dw02;dw03;dw04;dw05;dw06;dw07;dw08,dw00;dw01;dw02;dw03;dw04;dw05;dw06;dw07;dw08,,165,1,2026-08-30T19:08:04.160+0200,dw08,028E,143,786,154,299,726,3.57,22277
ground-height-2m-20260828-133428,d008m_r270_run01.csv,2,8,270,dw00;dw01;dw02;dw03;dw04;dw05;dw06;dw07;dw08,dw00;dw01;dw02;dw03;dw04;dw05;dw06;dw07;dw08,,15,1,2026-08-30T19:08:04.170+0200,dw00,8103,69,804,-164,509,622,2.83,32257
ground-height-2m-20260828-133428,d008m_r270_run01.csv,2,8,270,dw00;dw01;dw02;dw03;dw04;dw05;dw06;dw07;dw08,dw00;dw01;dw02;dw03;dw04;dw05;dw06;dw07;dw08,,90,1,2026-08-30T19:08:04.200+0200,dw04,0F85,91,783,6,-417,662,3.09,62225
ground-height-2m-20260828-133428,d008m_r270_run01.csv,2,8,270,dw00;dw01;dw02;dw03;dw04;dw05;dw06;dw07;dw08,dw00;dw01;dw02;dw03;dw04;dw05;dw06;dw07;dw08,,105,1,2026-08-30T19:08:04.210+0200,dw05,4B92,226,785,42,-242,747,2.95,72265
ground-height-2m-20260828-133428,d008m_r270_run01.csv,2,8,270,dw00;dw01;dw02;dw03;dw04;dw05;dw06;dw07;dw08,dw00;dw01;dw02;dw03;dw04;dw05;dw06;dw07;dw08,,125,1,2026-08-30T19:08:04.220+0200,dw06,0789,14,783,86,-31,782,3.06,82275
ground-height-2m-20260828-133428,d008m_r270_run01.csv,2,8,270,dw00;dw01;dw02;dw03;dw04;dw05;dw06;dw07;dw08,dw00;dw01;dw02;dw03;dw04;dw05;dw06;dw07;dw08,,35,1,2026-08-30T19:08:04.280+0200,dw01,1729,125,789,-117,729,303,3.06,42297
ground-height-2m-20260828-133428,d008m_r270_run01.csv,2,8,270,dw00;dw01;dw02;dw03;dw04;dw05;dw06;dw07;dw08,dw00;dw01;dw02;dw03;dw04;dw05;dw06;dw07;dw08,,55,1,2026-08-30T19:08:04.290+0200,dw02,8FB0,155,788,-85,-788,0,1.93,52398
ground-height-2m-20260828-133428,d008m_r270_run01.csv,2,8,270,dw00;dw01;dw02;dw03;dw04;dw05;dw06;dw07;dw08,dw00;dw01;dw02;dw03;dw04;dw05;dw06;dw07;dw08,,145,1,2026-08-30T19:08:04.330+0200,dw07,5783,135,782,135,206,755,3.33,2147483
ground-height-2m-20260828-133428,d008m_r270_run01.csv,2,8,270,dw00;dw01;dw02;dw03;dw04;dw05;dw06;dw07;dw08,dw00;dw01;dw02;dw03;dw04;dw05;dw06;dw07;dw08,,75,1,2026-08-30T19:08:04.349+0200,dw03,021B,114,773,-34,-607,479,2.08,12268
ground-height-2m-20260828-133428,d008m_r270_run01.csv,2,8,270,dw00;dw01;dw02;dw03;dw04;dw05;dw06;dw07;dw08,dw00;dw01;dw02;dw03;dw04;dw05;dw06;dw07;dw08,,165,1,2026-08-30T19:08:04.360+0200,dw08,028E,144,783,145,253,741,3.69,22277
ground-height-2m-20260828-133428,d008m_r270_run01.csv,2,8,270,dw00;dw01;dw02;dw03;dw04;dw05;dw06;dw07;dw08,dw00;dw01;dw02;dw03;dw04;dw05;dw06;dw07;dw08,,15,1,2026-08-30T19:08:04.370+0200,dw00,8103,70,803,-163,510,620,2.71,32226
ground-height-2m-20260828-133428,d008m_r270_run01.csv,2,8,270,dw00;dw01;dw02;dw03;dw04;dw05;dw06;dw07;dw08,dw00;dw01;dw02;dw03;dw04;dw05;dw06;dw07;dw08,,90,1,2026-08-30T19:08:04.400+0200,dw04,0F85,92,782,2,-435,650,3.06,62286
ground-height-2m-20260828-133428,d008m_r270_run01.csv,2,8,270,dw00;dw01;dw02;dw03;dw04;dw05;dw06;dw07;dw08,dw00;dw01;dw02;dw03;dw04;dw05;dw06;dw07;dw08,,105,1,2026-08-30T19:08:04.410+0200,dw05,4B92,227,787,39,-260,743,2.89,72265
ground-height-2m-20260828-133428,d008m_r270_run01.csv,2,8,270,dw00;dw01;dw02;dw03;dw04;dw05;dw06;dw07;dw08,dw00;dw01;dw02;dw03;dw04;dw05;dw06;dw07;dw08,,125,1,2026-08-30T19:08:04.420+0200,dw06,0789,15,786,84,-39,785,2.95,82275
ground-height-2m-20260828-133428,d008m_r270_run01.csv,2,8,270,dw00;dw01;dw02;dw03;dw04;dw05;dw06;dw07;dw08,dw00;dw01;dw02;dw03;dw04;dw05;dw06;dw07;dw08,,35,1,2026-08-30T19:08:04.480+0200,dw01,1729,126,789,-123,698,367,3.12,42358
ground-height-2m-20260828-133428,d008m_r270_run01.csv,2,8,270,dw00;dw01;dw02;dw03;dw04;dw05;dw06;dw07;dw08,dw00;dw01;dw02;dw03;dw04;dw05;dw06;dw07;dw08,,55,1,2026-08-30T19:08:04.490+0200,dw02,8FB0,156,788,-84,-789,0,1.87,52398
ground-height-2m-20260828-133428,d008m_r270_run01.csv,2,8,270,dw00;dw01;dw02;dw03;dw04;dw05;dw06;dw07;dw08,dw00;dw01;dw02;dw03;dw04;dw05;dw06;dw07;dw08,,145,1,2026-08-30T19:08:04.530+0200,dw07,5783,136,785,123,146,771,3.39,2147483
ground-height-2m-20260828-133428,d008m_r270_run01.csv,2,8,270,dw00;dw01;dw02;dw03;dw04;dw05;dw06;dw07;dw08,dw00;dw01;dw02;dw03;dw04;dw05;dw06;dw07;dw08,,75,1,2026-08-30T19:08:04.550+0200,dw03,021B,115,770,-31,-589,495,2.08,12298
ground-height-2m-20260828-133428,d008m_r270_run01.csv,2,8,270,dw00;dw01;dw02;dw03;dw04;dw05;dw06;dw07;dw08,dw00;dw01;dw02;dw03;dw04;dw05;dw06;dw07;dw08,,165,1,2026-08-30T19:08:04.559+0200,dw08,028E,145,782,147,262,737,3.57,22277
ground-height-2m-20260828-133428,d008m_r270_run01.csv,2,8,270,dw00;dw01;dw02;dw03;dw04;dw05;dw06;dw07;dw08,dw00;dw01;dw02;dw03;dw04;dw05;dw06;dw07;dw08,,15,1,2026-08-30T19:08:04.570+0200,dw00,8103,71,802,-163,510,619,2.77,32318
ground-height-2m-20260828-133428,d008m_r270_run01.csv,2,8,270,dw00;dw01;dw02;dw03;dw04;dw05;dw06;dw07;dw08,dw00;dw01;dw02;dw03;dw04;dw05;dw06;dw07;dw08,,90,1,2026-08-30T19:08:04.599+0200,dw04,0F85,93,783,6,-414,665,3.01,62255
ground-height-2m-20260828-133428,d008m_r270_run01.csv,2,8,270,dw00;dw01;dw02;dw03;dw04;dw05;dw06;dw07;dw08,dw00;dw01;dw02;dw03;dw04;dw05;dw06;dw07;dw08,,105,1,2026-08-30T19:08:04.610+0200,dw05,4B92,228,786,43,-237,749,2.89,72235
ground-height-2m-20260828-133428,d008m_r270_run01.csv,2,8,270,dw00;dw01;dw02;dw03;dw04;dw05;dw06;dw07;dw08,dw00;dw01;dw02;dw03;dw04;dw05;dw06;dw07;dw08,,125,1,2026-08-30T19:08:04.620+0200,dw06,0789,16,786,80,-57,784,2.95,82275
ground-height-2m-20260828-133428,d008m_r270_run01.csv,2,8,270,dw00;dw01;dw02;dw03;dw04;dw05;dw06;dw07;dw08,dw00;dw01;dw02;dw03;dw04;dw05;dw06;dw07;dw08,,35,1,2026-08-30T19:08:04.679+0200,dw01,1729,127,789,-122,704,357,3.06,42327
ground-height-2m-20260828-133428,d008m_r270_run01.csv,2,8,270,dw00;dw01;dw02;dw03;dw04;dw05;dw06;dw07;dw08,dw00;dw01;dw02;dw03;dw04;dw05;dw06;dw07;dw08,,55,1,2026-08-30T19:08:04.690+0200,dw02,8FB0,157,783,-85,-783,0,1.93,52398
ground-height-2m-20260828-133428,d008m_r270_run01.csv,2,8,270,dw00;dw01;dw02;dw03;dw04;dw05;dw06;dw07;dw08,dw00;dw01;dw02;dw03;dw04;dw05;dw06;dw07;dw08,,145,1,2026-08-30T19:08:04.730+0200,dw07,5783,137,778,123,145,764,3.33,2147483
ground-height-2m-20260828-133428,d008m_r270_run01.csv,2,8,270,dw00;dw01;dw02;dw03;dw04;dw05;dw06;dw07;dw08,dw00;dw01;dw02;dw03;dw04;dw05;dw06;dw07;dw08,,75,1,2026-08-30T19:08:04.750+0200,dw03,021B,116,773,-37,-622,458,2.02,12268
ground-height-2m-20260828-133428,d008m_r270_run01.csv,2,8,270,dw00;dw01;dw02;dw03;dw04;dw05;dw06;dw07;dw08,dw00;dw01;dw02;dw03;dw04;dw05;dw06;dw07;dw08,,165,1,2026-08-30T19:08:04.760+0200,dw08,028E,146,785,153,295,727,3.57,22277
ground-height-2m-20260828-133428,d008m_r270_run01.csv,2,8,270,dw00;dw01;dw02;dw03;dw04;dw05;dw06;dw07;dw08,dw00;dw01;dw02;dw03;dw04;dw05;dw06;dw07;dw08,,15,1,2026-08-30T19:08:04.769+0200,dw00,8103,72,803,-165,504,625,2.71,32226
ground-height-2m-20260828-133428,d008m_r270_run01.csv,2,8,270,dw00;dw01;dw02;dw03;dw04;dw05;dw06;dw07;dw08,dw00;dw01;dw02;dw03;dw04;dw05;dw06;dw07;dw08,,90,1,2026-08-30T19:08:04.800+0200,dw04,0F85,94,784,2,-435,652,3.06,62255
ground-height-2m-20260828-133428,d008m_r270_run01.csv,2,8,270,dw00;dw01;dw02;dw03;dw04;dw05;dw06;dw07;dw08,dw00;dw01;dw02;dw03;dw04;dw05;dw06;dw07;dw08,,105,1,2026-08-30T19:08:04.809+0200,dw05,4B92,229,787,44,-234,751,2.89,72204
ground-height-2m-20260828-133428,d008m_r270_run01.csv,2,8,270,dw00;dw01;dw02;dw03;dw04;dw05;dw06;dw07;dw08,dw00;dw01;dw02;dw03;dw04;dw05;dw06;dw07;dw08,,125,1,2026-08-30T19:08:04.820+0200,dw06,0789,17,783,87,-25,782,3.15,82275
ground-height-2m-20260828-133428,d008m_r270_run01.csv,2,8,270,dw00;dw01;dw02;dw03;dw04;dw05;dw06;dw07;dw08,dw00;dw01;dw02;dw03;dw04;dw05;dw06;dw07;dw08,,35,1,2026-08-30T19:08:04.880+0200,dw01,1729,128,790,-120,713,340,3.15,42297
ground-height-2m-20260828-133428,d008m_r270_run01.csv,2,8,270,dw00;dw01;dw02;dw03;dw04;dw05;dw06;dw07;dw08,dw00;dw01;dw02;dw03;dw04;dw05;dw06;dw07;dw08,,55,1,2026-08-30T19:08:04.889+0200,dw02,8FB0,158,783,-90,783,0,2.08,52337
ground-height-2m-20260828-133428,d008m_r270_run01.csv,2,8,270,dw00;dw01;dw02;dw03;dw04;dw05;dw06;dw07;dw08,dw00;dw01;dw02;dw03;dw04;dw05;dw06;dw07;dw08,,145,1,2026-08-30T19:08:04.929+0200,dw07,5783,138,781,127,166,763,3.33,2147483
ground-height-2m-20260828-133428,d008m_r270_run01.csv,2,8,270,dw00;dw01;dw02;dw03;dw04;dw05;dw06;dw07;dw08,dw00;dw01;dw02;dw03;dw04;dw05;dw06;dw07;dw08,,75,1,2026-08-30T19:08:04.950+0200,dw03,021B,117,772,-34,-608,475,2.14,12268
ground-height-2m-20260828-133428,d008m_r270_run01.csv,2,8,270,dw00;dw01;dw02;dw03;dw04;dw05;dw06;dw07;dw08,dw00;dw01;dw02;dw03;dw04;dw05;dw06;dw07;dw08,,165,1,2026-08-30T19:08:04.960+0200,dw08,028E,147,784,146,259,740,3.57,22277
ground-height-2m-20260828-133428,d008m_r270_run01.csv,2,8,270,dw00;dw01;dw02;dw03;dw04;dw05;dw06;dw07;dw08,dw00;dw01;dw02;dw03;dw04;dw05;dw06;dw07;dw08,,15,1,2026-08-30T19:08:04.969+0200,dw00,8103,73,797,-164,503,618,2.83,32287
ground-height-2m-20260828-133428,d008m_r270_run01.csv,2,8,270,dw00;dw01;dw02;dw03;dw04;dw05;dw06;dw07;dw08,dw00;dw01;dw02;dw03;dw04;dw05;dw06;dw07;dw08,,90,1,2026-08-30T19:08:05.000+0200,dw04,0F85,95,787,-1,-456,641,3.01,62255
ground-height-2m-20260828-133428,d008m_r270_run01.csv,2,8,270,dw00;dw01;dw02;dw03;dw04;dw05;dw06;dw07;dw08,dw00;dw01;dw02;dw03;dw04;dw05;dw06;dw07;dw08,,105,1,2026-08-30T19:08:05.009+0200,dw05,4B92,230,783,40,-252,741,3.01,72296
ground-height-2m-20260828-133428,d008m_r270_run01.csv,2,8,270,dw00;dw01;dw02;dw03;dw04;dw05;dw06;dw07;dw08,dw00;dw01;dw02;dw03;dw04;dw05;dw06;dw07;dw08,,125,1,2026-08-30T19:08:05.019+0200,dw06,0789,18,784,90,-10,784,3.06,82275
ground-height-2m-20260828-133428,d008m_r270_run01.csv,2,8,270,dw00;dw01;dw02;dw03;dw04;dw05;dw06;dw07;dw08,dw00;dw01;dw02;dw03;dw04;dw05;dw06;dw07;dw08,,35,1,2026-08-30T19:08:05.080+0200,dw01,1729,129,793,-123,702,369,3.06,42327
ground-height-2m-20260828-133428,d008m_r270_run01.csv,2,8,270,dw00;dw01;dw02;dw03;dw04;dw05;dw06;dw07;dw08,dw00;dw01;dw02;dw03;dw04;dw05;dw06;dw07;dw08,,55,1,2026-08-30T19:08:05.090+0200,dw02,8FB0,159,786,-88,786,0,1.87,52398
ground-height-2m-20260828-133428,d008m_r270_run01.csv,2,8,270,dw00;dw01;dw02;dw03;dw04;dw05;dw06;dw07;dw08,dw00;dw01;dw02;dw03;dw04;dw05;dw06;dw07;dw08,,145,1,2026-08-30T19:08:05.130+0200,dw07,5783,139,785,132,193,761,3.45,2147483
ground-height-2m-20260828-133428,d008m_r270_run01.csv,2,8,270,dw00;dw01;dw02;dw03;dw04;dw05;dw06;dw07;dw08,dw00;dw01;dw02;dw03;dw04;dw05;dw06;dw07;dw08,,75,1,2026-08-30T19:08:05.150+0200,dw03,021B,118,770,-34,-603,478,2.08,12298
ground-height-2m-20260828-133428,d008m_r270_run01.csv,2,8,270,dw00;dw01;dw02;dw03;dw04;dw05;dw06;dw07;dw08,dw00;dw01;dw02;dw03;dw04;dw05;dw06;dw07;dw08,,165,1,2026-08-30T19:08:05.160+0200,dw08,028E,148,780,150,275,729,3.63,22308
ground-height-2m-20260828-133428,d008m_r270_run01.csv,2,8,270,dw00;dw01;dw02;dw03;dw04;dw05;dw06;dw07;dw08,dw00;dw01;dw02;dw03;dw04;dw05;dw06;dw07;dw08,,15,1,2026-08-30T19:08:05.170+0200,dw00,8103,74,800,-162,515,612,2.83,32257
ground-height-2m-20260828-133428,d008m_r270_run01.csv,2,8,270,dw00;dw01;dw02;dw03;dw04;dw05;dw06;dw07;dw08,dw00;dw01;dw02;dw03;dw04;dw05;dw06;dw07;dw08,,90,1,2026-08-30T19:08:05.200+0200,dw04,0F85,96,784,5,-422,660,3.01,62255
ground-height-2m-20260828-133428,d008m_r270_run01.csv,2,8,270,dw00;dw01;dw02;dw03;dw04;dw05;dw06;dw07;dw08,dw00;dw01;dw02;dw03;dw04;dw05;dw06;dw07;dw08,,105,1,2026-08-30T19:08:05.210+0200,dw05,4B92,231,782,38,-259,738,2.95,72265
ground-height-2m-20260828-133428,d008m_r270_run01.csv,2,8,270,dw00;dw01;dw02;dw03;dw04;dw05;dw06;dw07;dw08,dw00;dw01;dw02;dw03;dw04;dw05;dw06;dw07;dw08,,125,1,2026-08-30T19:08:05.219+0200,dw06,0789,19,785,83,-46,783,2.95,82275
ground-height-2m-20260828-133428,d008m_r270_run01.csv,2,8,270,dw00;dw01;dw02;dw03;dw04;dw05;dw06;dw07;dw08,dw00;dw01;dw02;dw03;dw04;dw05;dw06;dw07;dw08,,35,1,2026-08-30T19:08:05.280+0200,dw01,1729,130,788,-127,676,404,3.09,42327
ground-height-2m-20260828-133428,d008m_r270_run01.csv,2,8,270,dw00;dw01;dw02;dw03;dw04;dw05;dw06;dw07;dw08,dw00;dw01;dw02;dw03;dw04;dw05;dw06;dw07;dw08,,55,1,2026-08-30T19:08:05.290+0200,dw02,8FB0,160,783,-83,-783,0,1.93,52337
ground-height-2m-20260828-133428,d008m_r270_run01.csv,2,8,270,dw00;dw01;dw02;dw03;dw04;dw05;dw06;dw07;dw08,dw00;dw01;dw02;dw03;dw04;dw05;dw06;dw07;dw08,,145,1,2026-08-30T19:08:05.330+0200,dw07,5783,140,786,127,167,768,3.45,2147483
ground-height-2m-20260828-133428,d008m_r270_run01.csv,2,8,270,dw00;dw01;dw02;dw03;dw04;dw05;dw06;dw07;dw08,dw00;dw01;dw02;dw03;dw04;dw05;dw06;dw07;dw08,,75,1,2026-08-30T19:08:05.349+0200,dw03,021B,119,772,-33,-600,484,2.14,12237
ground-height-2m-20260828-133428,d008m_r270_run01.csv,2,8,270,dw00;dw01;dw02;dw03;dw04;dw05;dw06;dw07;dw08,dw00;dw01;dw02;dw03;dw04;dw05;dw06;dw07;dw08,,165,1,2026-08-30T19:08:05.359+0200,dw08,028E,149,780,141,233,745,3.57,22277
ground-height-2m-20260828-133428,d008m_r270_run01.csv,2,8,270,dw00;dw01;dw02;dw03;dw04;dw05;dw06;dw07;dw08,dw00;dw01;dw02;dw03;dw04;dw05;dw06;dw07;dw08,,15,1,2026-08-30T19:08:05.370+0200,dw00,8103,75,802,-157,541,592,2.83,32257
ground-height-2m-20260828-133428,d008m_r270_run01.csv,2,8,270,dw00;dw01;dw02;dw03;dw04;dw05;dw06;dw07;dw08,dw00;dw01;dw02;dw03;dw04;dw05;dw06;dw07;dw08,,90,1,2026-08-30T19:08:05.399+0200,dw04,0F85,97,783,4,-425,658,2.95,62255
ground-height-2m-20260828-133428,d008m_r270_run01.csv,2,8,270,dw00;dw01;dw02;dw03;dw04;dw05;dw06;dw07;dw08,dw00;dw01;dw02;dw03;dw04;dw05;dw06;dw07;dw08,,105,1,2026-08-30T19:08:05.410+0200,dw05,4B92,232,786,46,-223,753,2.95,72235
ground-height-2m-20260828-133428,d008m_r270_run01.csv,2,8,270,dw00;dw01;dw02;dw03;dw04;dw05;dw06;dw07;dw08,dw00;dw01;dw02;dw03;dw04;dw05;dw06;dw07;dw08,,125,1,2026-08-30T19:08:05.420+0200,dw06,0789,20,784,79,-63,781,3.01,82275
ground-height-2m-20260828-133428,d008m_r270_run01.csv,2,8,270,dw00;dw01;dw02;dw03;dw04;dw05;dw06;dw07;dw08,dw00;dw01;dw02;dw03;dw04;dw05;dw06;dw07;dw08,,35,1,2026-08-30T19:08:05.479+0200,dw01,1729,131,788,-122,700,361,3.06,42297
ground-height-2m-20260828-133428,d008m_r270_run01.csv,2,8,270,dw00;dw01;dw02;dw03;dw04;dw05;dw06;dw07;dw08,dw00;dw01;dw02;dw03;dw04;dw05;dw06;dw07;dw08,,55,1,2026-08-30T19:08:05.490+0200,dw02,8FB0,161,785,-83,-785,0,1.99,52398
ground-height-2m-20260828-133428,d008m_r270_run01.csv,2,8,270,dw00;dw01;dw02;dw03;dw04;dw05;dw06;dw07;dw08,dw00;dw01;dw02;dw03;dw04;dw05;dw06;dw07;dw08,,145,1,2026-08-30T19:08:05.530+0200,dw07,5783,141,781,127,167,763,3.33,2147483
ground-height-2m-20260828-133428,d008m_r270_run01.csv,2,8,270,dw00;dw01;dw02;dw03;dw04;dw05;dw06;dw07;dw08,dw00;dw01;dw02;dw03;dw04;dw05;dw06;dw07;dw08,,75,1,2026-08-30T19:08:05.550+0200,dw03,021B,120,774,-37,-623,459,2.08,12298
ground-height-2m-20260828-133428,d008m_r270_run01.csv,2,8,270,dw00;dw01;dw02;dw03;dw04;dw05;dw06;dw07;dw08,dw00;dw01;dw02;dw03;dw04;dw05;dw06;dw07;dw08,,165,1,2026-08-30T19:08:05.559+0200,dw08,028E,150,784,152,287,730,3.69,22277
ground-height-2m-20260828-133428,d008m_r270_run01.csv,2,8,270,dw00;dw01;dw02;dw03;dw04;dw05;dw06;dw07;dw08,dw00;dw01;dw02;dw03;dw04;dw05;dw06;dw07;dw08,,15,1,2026-08-30T19:08:05.569+0200,dw00,8103,76,803,-163,512,618,2.83,32257
ground-height-2m-20260828-133428,d008m_r270_run01.csv,2,8,270,dw00;dw01;dw02;dw03;dw04;dw05;dw06;dw07;dw08,dw00;dw01;dw02;dw03;dw04;dw05;dw06;dw07;dw08,,90,1,2026-08-30T19:08:05.599+0200,dw04,0F85,98,780,4,-426,653,3.01,62255
ground-height-2m-20260828-133428,d008m_r270_run01.csv,2,8,270,dw00;dw01;dw02;dw03;dw04;dw05;dw06;dw07;dw08,dw00;dw01;dw02;dw03;dw04;dw05;dw06;dw07;dw08,,105,1,2026-08-30T19:08:05.609+0200,dw05,4B92,233,782,41,-245,743,3.01,72235
ground-height-2m-20260828-133428,d008m_r270_run01.csv,2,8,270,dw00;dw01;dw02;dw03;dw04;dw05;dw06;dw07;dw08,dw00;dw01;dw02;dw03;dw04;dw05;dw06;dw07;dw08,,125,1,2026-08-30T19:08:05.620+0200,dw06,0789,21,787,83,-45,786,3.06,82275
ground-height-2m-20260828-133428,d008m_r270_run01.csv,2,8,270,dw00;dw01;dw02;dw03;dw04;dw05;dw06;dw07;dw08,dw00;dw01;dw02;dw03;dw04;dw05;dw06;dw07;dw08,,35,1,2026-08-30T19:08:05.679+0200,dw01,1729,132,790,-127,679,403,3.06,42327
ground-height-2m-20260828-133428,d008m_r270_run01.csv,2,8,270,dw00;dw01;dw02;dw03;dw04;dw05;dw06;dw07;dw08,dw00;dw01;dw02;dw03;dw04;dw05;dw06;dw07;dw08,,55,1,2026-08-30T19:08:05.689+0200,dw02,8FB0,162,785,-90,785,0,1.87,52429
ground-height-2m-20260828-133428,d008m_r270_run01.csv,2,8,270,dw00;dw01;dw02;dw03;dw04;dw05;dw06;dw07;dw08,dw00;dw01;dw02;dw03;dw04;dw05;dw06;dw07;dw08,,145,1,2026-08-30T19:08:05.729+0200,dw07,5783,142,785,123,149,770,3.45,2147483
ground-height-2m-20260828-133428,d008m_r270_run01.csv,2,8,270,dw00;dw01;dw02;dw03;dw04;dw05;dw06;dw07;dw08,dw00;dw01;dw02;dw03;dw04;dw05;dw06;dw07;dw08,,75,1,2026-08-30T19:08:05.750+0200,dw03,021B,121,772,-33,-601,485,2.08,12268
ground-height-2m-20260828-133428,d008m_r270_run01.csv,2,8,270,dw00;dw01;dw02;dw03;dw04;dw05;dw06;dw07;dw08,dw00;dw01;dw02;dw03;dw04;dw05;dw06;dw07;dw08,,165,1,2026-08-30T19:08:05.759+0200,dw08,028E,151,782,148,267,735,3.57,22277
ground-height-2m-20260828-133428,d008m_r270_run01.csv,2,8,270,dw00;dw01;dw02;dw03;dw04;dw05;dw06;dw07;dw08,dw00;dw01;dw02;dw03;dw04;dw05;dw06;dw07;dw08,,15,1,2026-08-30T19:08:05.769+0200,dw00,8103,77,802,-157,540,593,2.77,32287
ground-height-2m-20260828-133428,d008m_r270_run01.csv,2,8,270,dw00;dw01;dw02;dw03;dw04;dw05;dw06;dw07;dw08,dw00;dw01;dw02;dw03;dw04;dw05;dw06;dw07;dw08,,90,1,2026-08-30T19:08:05.800+0200,dw04,0F85,99,782,5,-419,661,3.01,62255
ground-height-2m-20260828-133428,d008m_r270_run01.csv,2,8,270,dw00;dw01;dw02;dw03;dw04;dw05;dw06;dw07;dw08,dw00;dw01;dw02;dw03;dw04;dw05;dw06;dw07;dw08,,105,1,2026-08-30T19:08:05.809+0200,dw05,4B92,234,782,44,-233,747,2.95,72235
ground-height-2m-20260828-133428,d008m_r270_run01.csv,2,8,270,dw00;dw01;dw02;dw03;dw04;dw05;dw06;dw07;dw08,dw00;dw01;dw02;dw03;dw04;dw05;dw06;dw07;dw08,,125,1,2026-08-30T19:08:05.819+0200,dw06,0789,22,784,85,-35,783,3.01,82305
ground-height-2m-20260828-133428,d008m_r270_run01.csv,2,8,270,dw00;dw01;dw02;dw03;dw04;dw05;dw06;dw07;dw08,dw00;dw01;dw02;dw03;dw04;dw05;dw06;dw07;dw08,,35,1,2026-08-30T19:08:05.880+0200,dw01,1729,133,788,-125,686,389,3.06,42297
ground-height-2m-20260828-133428,d008m_r270_run01.csv,2,8,270,dw00;dw01;dw02;dw03;dw04;dw05;dw06;dw07;dw08,dw00;dw01;dw02;dw03;dw04;dw05;dw06;dw07;dw08,,55,1,2026-08-30T19:08:05.889+0200,dw02,8FB0,163,787,-80,-787,0,1.93,52368
ground-height-2m-20260828-133428,d008m_r270_run01.csv,2,8,270,dw00;dw01;dw02;dw03;dw04;dw05;dw06;dw07;dw08,dw00;dw01;dw02;dw03;dw04;dw05;dw06;dw07;dw08,,145,1,2026-08-30T19:08:05.929+0200,dw07,5783,143,782,128,171,763,3.39,2147483
ground-height-2m-20260828-133428,d008m_r270_run01.csv,2,8,270,dw00;dw01;dw02;dw03;dw04;dw05;dw06;dw07;dw08,dw00;dw01;dw02;dw03;dw04;dw05;dw06;dw07;dw08,,75,1,2026-08-30T19:08:05.949+0200,dw03,021B,122,774,-39,-631,447,2.08,12268
ground-height-2m-20260828-133428,d008m_r270_run01.csv,2,8,270,dw00;dw01;dw02;dw03;dw04;dw05;dw06;dw07;dw08,dw00;dw01;dw02;dw03;dw04;dw05;dw06;dw07;dw08,,165,1,2026-08-30T19:08:05.960+0200,dw08,028E,152,783,147,263,738,3.51,22277
ground-height-2m-20260828-133428,d008m_r270_run01.csv,2,8,270,dw00;dw01;dw02;dw03;dw04;dw05;dw06;dw07;dw08,dw00;dw01;dw02;dw03;dw04;dw05;dw06;dw07;dw08,,15,1,2026-08-30T19:08:05.969+0200,dw00,8103,78,804,-166,497,632,2.77,32257
ground-height-2m-20260828-133428,d008m_r270_run01.csv,2,8,270,dw00;dw01;dw02;dw03;dw04;dw05;dw06;dw07;dw08,dw00;dw01;dw02;dw03;dw04;dw05;dw06;dw07;dw08,,90,1,2026-08-30T19:08:06.000+0200,dw04,0F85,100,782,5,-419,660,2.95,62255
ground-height-2m-20260828-133428,d008m_r270_run01.csv,2,8,270,dw00;dw01;dw02;dw03;dw04;dw05;dw06;dw07;dw08,dw00;dw01;dw02;dw03;dw04;dw05;dw06;dw07;dw08,,105,1,2026-08-30T19:08:06.009+0200,dw05,4B92,235,783,41,-247,743,2.95,72265
ground-height-2m-20260828-133428,d008m_r270_run01.csv,2,8,270,dw00;dw01;dw02;dw03;dw04;dw05;dw06;dw07;dw08,dw00;dw01;dw02;dw03;dw04;dw05;dw06;dw07;dw08,,125,1,2026-08-30T19:08:06.019+0200,dw06,0789,23,787,83,-42,785,3.06,82275
ground-height-2m-20260828-133428,d008m_r270_run01.csv,2,8,270,dw00;dw01;dw02;dw03;dw04;dw05;dw06;dw07;dw08,dw00;dw01;dw02;dw03;dw04;dw05;dw06;dw07;dw08,,35,1,2026-08-30T19:08:06.080+0200,dw01,1729,134,790,-121,710,346,3.06,42327
ground-height-2m-20260828-133428,d008m_r270_run01.csv,2,8,270,dw00;dw01;dw02;dw03;dw04;dw05;dw06;dw07;dw08,dw00;dw01;dw02;dw03;dw04;dw05;dw06;dw07;dw08,,55,1,2026-08-30T19:08:06.090+0200,dw02,8FB0,164,782,-81,-782,0,1.87,52368
ground-height-2m-20260828-133428,d008m_r270_run01.csv,2,8,270,dw00;dw01;dw02;dw03;dw04;dw05;dw06;dw07;dw08,dw00;dw01;dw02;dw03;dw04;dw05;dw06;dw07;dw08,,145,1,2026-08-30T19:08:06.130+0200,dw07,5783,144,784,122,142,771,3.39,2147483
ground-height-2m-20260828-133428,d008m_r270_run01.csv,2,8,270,dw00;dw01;dw02;dw03;dw04;dw05;dw06;dw07;dw08,dw00;dw01;dw02;dw03;dw04;dw05;dw06;dw07;dw08,,75,1,2026-08-30T19:08:06.149+0200,dw03,021B,123,771,-30,-586,500,1.99,12268
ground-height-2m-20260828-133428,d008m_r270_run01.csv,2,8,270,dw00;dw01;dw02;dw03;dw04;dw05;dw06;dw07;dw08,dw00;dw01;dw02;dw03;dw04;dw05;dw06;dw07;dw08,,165,1,2026-08-30T19:08:06.159+0200,dw08,028E,153,784,145,255,742,3.57,22277
ground-height-2m-20260828-133428,d008m_r270_run01.csv,2,8,270,dw00;dw01;dw02;dw03;dw04;dw05;dw06;dw07;dw08,dw00;dw01;dw02;dw03;dw04;dw05;dw06;dw07;dw08,,15,1,2026-08-30T19:08:06.170+0200,dw00,8103,79,803,-163,510,620,2.65,32226
ground-height-2m-20260828-133428,d008m_r270_run01.csv,2,8,270,dw00;dw01;dw02;dw03;dw04;dw05;dw06;dw07;dw08,dw00;dw01;dw02;dw03;dw04;dw05;dw06;dw07;dw08,,90,1,2026-08-30T19:08:06.199+0200,dw04,0F85,101,784,2,-435,652,2.95,62255
ground-height-2m-20260828-133428,d008m_r270_run01.csv,2,8,270,dw00;dw01;dw02;dw03;dw04;dw05;dw06;dw07;dw08,dw00;dw01;dw02;dw03;dw04;dw05;dw06;dw07;dw08,,105,1,2026-08-30T19:08:06.210+0200,dw05,4B92,236,787,43,-238,749,2.95,72235
ground-height-2m-20260828-133428,d008m_r270_run01.csv,2,8,270,dw00;dw01;dw02;dw03;dw04;dw05;dw06;dw07;dw08,dw00;dw01;dw02;dw03;dw04;dw05;dw06;dw07;dw08,,125,1,2026-08-30T19:08:06.219+0200,dw06,0789,24,784,82,-51,783,3.06,82275
ground-height-2m-20260828-133428,d008m_r270_run01.csv,2,8,270,dw00;dw01;dw02;dw03;dw04;dw05;dw06;dw07;dw08,dw00;dw01;dw02;dw03;dw04;dw05;dw06;dw07;dw08,,35,1,2026-08-30T19:08:06.279+0200,dw01,1729,135,788,-124,692,378,3.06,42297
ground-height-2m-20260828-133428,d008m_r270_run01.csv,2,8,270,dw00;dw01;dw02;dw03;dw04;dw05;dw06;dw07;dw08,dw00;dw01;dw02;dw03;dw04;dw05;dw06;dw07;dw08,,55,1,2026-08-30T19:08:06.290+0200,dw02,8FB0,165,787,-79,-787,0,1.99,52398
ground-height-2m-20260828-133428,d008m_r270_run01.csv,2,8,270,dw00;dw01;dw02;dw03;dw04;dw05;dw06;dw07;dw08,dw00;dw01;dw02;dw03;dw04;dw05;dw06;dw07;dw08,,145,1,2026-08-30T19:08:06.330+0200,dw07,5783,145,785,125,157,769,3.45,2147483
ground-height-2m-20260828-133428,d008m_r270_run01.csv,2,8,270,dw00;dw01;dw02;dw03;dw04;dw05;dw06;dw07;dw08,dw00;dw01;dw02;dw03;dw04;dw05;dw06;dw07;dw08,,75,1,2026-08-30T19:08:06.349+0200,dw03,021B,124,774,-33,-601,487,2.08,12268
ground-height-2m-20260828-133428,d008m_r270_run01.csv,2,8,270,dw00;dw01;dw02;dw03;dw04;dw05;dw06;dw07;dw08,dw00;dw01;dw02;dw03;dw04;dw05;dw06;dw07;dw08,,165,1,2026-08-30T19:08:06.359+0200,dw08,028E,154,785,149,272,736,3.57,22277
ground-height-2m-20260828-133428,d008m_r270_run01.csv,2,8,270,dw00;dw01;dw02;dw03;dw04;dw05;dw06;dw07;dw08,dw00;dw01;dw02;dw03;dw04;dw05;dw06;dw07;dw08,,15,1,2026-08-30T19:08:06.369+0200,dw00,8103,80,806,-163,515,619,2.77,32287
ground-height-2m-20260828-133428,d008m_r270_run01.csv,2,8,270,dw00;dw01;dw02;dw03;dw04;dw05;dw06;dw07;dw08,dw00;dw01;dw02;dw03;dw04;dw05;dw06;dw07;dw08,,90,1,2026-08-30T19:08:06.399+0200,dw04,0F85,102,783,2,-437,650,3.06,62255
ground-height-2m-20260828-133428,d008m_r270_run01.csv,2,8,270,dw00;dw01;dw02;dw03;dw04;dw05;dw06;dw07;dw08,dw00;dw01;dw02;dw03;dw04;dw05;dw06;dw07;dw08,,105,1,2026-08-30T19:08:06.409+0200,dw05,4B92,237,788,45,-227,754,2.95,72204
ground-height-2m-20260828-133428,d008m_r270_run01.csv,2,8,270,dw00;dw01;dw02;dw03;dw04;dw05;dw06;dw07;dw08,dw00;dw01;dw02;dw03;dw04;dw05;dw06;dw07;dw08,,125,1,2026-08-30T19:08:06.420+0200,dw06,0789,25,786,85,-36,785,2.95,82275
ground-height-2m-20260828-133428,d008m_r270_run01.csv,2,8,270,dw00;dw01;dw02;dw03;dw04;dw05;dw06;dw07;dw08,dw00;dw01;dw02;dw03;dw04;dw05;dw06;dw07;dw08,,35,1,2026-08-30T19:08:06.479+0200,dw01,1729,136,792,-125,690,389,3.06,42297
ground-height-2m-20260828-133428,d008m_r270_run01.csv,2,8,270,dw00;dw01;dw02;dw03;dw04;dw05;dw06;dw07;dw08,dw00;dw01;dw02;dw03;dw04;dw05;dw06;dw07;dw08,,55,1,2026-08-30T19:08:06.489+0200,dw02,8FB0,166,781,-92,781,0,1.99,52398
ground-height-2m-20260828-133428,d008m_r270_run01.csv,2,8,270,dw00;dw01;dw02;dw03;dw04;dw05;dw06;dw07;dw08,dw00;dw01;dw02;dw03;dw04;dw05;dw06;dw07;dw08,,145,1,2026-08-30T19:08:06.529+0200,dw07,5783,146,783,132,192,759,3.45,2147483
ground-height-2m-20260828-133428,d008m_r270_run01.csv,2,8,270,dw00;dw01;dw02;dw03;dw04;dw05;dw06;dw07;dw08,dw00;dw01;dw02;dw03;dw04;dw05;dw06;dw07;dw08,,75,1,2026-08-30T19:08:06.549+0200,dw03,021B,125,774,-32,-599,490,2.08,12268
ground-height-2m-20260828-133428,d008m_r270_run01.csv,2,8,270,dw00;dw01;dw02;dw03;dw04;dw05;dw06;dw07;dw08,dw00;dw01;dw02;dw03;dw04;dw05;dw06;dw07;dw08,,165,1,2026-08-30T19:08:06.559+0200,dw08,028E,155,785,152,289,730,3.57,22277
ground-height-2m-20260828-133428,d008m_r270_run01.csv,2,8,270,dw00;dw01;dw02;dw03;dw04;dw05;dw06;dw07;dw08,dw00;dw01;dw02;dw03;dw04;dw05;dw06;dw07;dw08,,15,1,2026-08-30T19:08:06.569+0200,dw00,8103,81,803,-165,502,626,2.83,32257
ground-height-2m-20260828-133428,d008m_r270_run01.csv,2,8,270,dw00;dw01;dw02;dw03;dw04;dw05;dw06;dw07;dw08,dw00;dw01;dw02;dw03;dw04;dw05;dw06;dw07;dw08,,90,1,2026-08-30T19:08:06.599+0200,dw04,0F85,103,783,5,-420,660,3.06,62255
ground-height-2m-20260828-133428,d008m_r270_run01.csv,2,8,270,dw00;dw01;dw02;dw03;dw04;dw05;dw06;dw07;dw08,dw00;dw01;dw02;dw03;dw04;dw05;dw06;dw07;dw08,,105,1,2026-08-30T19:08:06.609+0200,dw05,4B92,238,788,43,-239,751,2.95,72265
ground-height-2m-20260828-133428,d008m_r270_run01.csv,2,8,270,dw00;dw01;dw02;dw03;dw04;dw05;dw06;dw07;dw08,dw00;dw01;dw02;dw03;dw04;dw05;dw06;dw07;dw08,,125,1,2026-08-30T19:08:06.619+0200,dw06,0789,26,785,85,-34,784,3.01,82275
ground-height-2m-20260828-133428,d008m_r270_run01.csv,2,8,270,dw00;dw01;dw02;dw03;dw04;dw05;dw06;dw07;dw08,dw00;dw01;dw02;dw03;dw04;dw05;dw06;dw07;dw08,,35,1,2026-08-30T19:08:06.679+0200,dw01,1729,137,790,-122,704,359,3.09,42358
ground-height-2m-20260828-133428,d008m_r270_run01.csv,2,8,270,dw00;dw01;dw02;dw03;dw04;dw05;dw06;dw07;dw08,dw00;dw01;dw02;dw03;dw04;dw05;dw06;dw07;dw08,,55,1,2026-08-30T19:08:06.689+0200,dw02,8FB0,167,786,-83,-786,0,1.87,52368
ground-height-2m-20260828-133428,d008m_r270_run01.csv,2,8,270,dw00;dw01;dw02;dw03;dw04;dw05;dw06;dw07;dw08,dw00;dw01;dw02;dw03;dw04;dw05;dw06;dw07;dw08,,145,1,2026-08-30T19:08:06.729+0200,dw07,5783,147,783,127,168,765,3.51,2147483
ground-height-2m-20260828-133428,d008m_r270_run01.csv,2,8,270,dw00;dw01;dw02;dw03;dw04;dw05;dw06;dw07;dw08,dw00;dw01;dw02;dw03;dw04;dw05;dw06;dw07;dw08,,75,1,2026-08-30T19:08:06.749+0200,dw03,021B,126,770,-40,-633,438,2.08,12268
ground-height-2m-20260828-133428,d008m_r270_run01.csv,2,8,270,dw00;dw01;dw02;dw03;dw04;dw05;dw06;dw07;dw08,dw00;dw01;dw02;dw03;dw04;dw05;dw06;dw07;dw08,,165,1,2026-08-30T19:08:06.759+0200,dw08,028E,156,785,142,241,747,3.57,22308
ground-height-2m-20260828-133428,d008m_r270_run01.csv,2,8,270,dw00;dw01;dw02;dw03;dw04;dw05;dw06;dw07;dw08,dw00;dw01;dw02;dw03;dw04;dw05;dw06;dw07;dw08,,15,1,2026-08-30T19:08:06.769+0200,dw00,8103,82,806,-161,524,612,2.83,32257
ground-height-2m-20260828-133428,d008m_r270_run01.csv,2,8,270,dw00;dw01;dw02;dw03;dw04;dw05;dw06;dw07;dw08,dw00;dw01;dw02;dw03;dw04;dw05;dw06;dw07;dw08,,90,1,2026-08-30T19:08:06.799+0200,dw04,0F85,104,782,3,-431,652,2.95,62286
ground-height-2m-20260828-133428,d008m_r270_run01.csv,2,8,270,dw00;dw01;dw02;dw03;dw04;dw05;dw06;dw07;dw08,dw00;dw01;dw02;dw03;dw04;dw05;dw06;dw07;dw08,,105,1,2026-08-30T19:08:06.809+0200,dw05,4B92,239,784,39,-256,741,2.95,72265
ground-height-2m-20260828-133428,d008m_r270_run01.csv,2,8,270,dw00;dw01;dw02;dw03;dw04;dw05;dw06;dw07;dw08,dw00;dw01;dw02;dw03;dw04;dw05;dw06;dw07;dw08,,125,1,2026-08-30T19:08:06.819+0200,dw06,0789,27,783,89,-15,783,3.06,82275
ground-height-2m-20260828-133428,d008m_r270_run01.csv,2,8,270,dw00;dw01;dw02;dw03;dw04;dw05;dw06;dw07;dw08,dw00;dw01;dw02;dw03;dw04;dw05;dw06;dw07;dw08,,35,1,2026-08-30T19:08:06.880+0200,dw01,1729,138,788,-123,696,371,3.06,42297
ground-height-2m-20260828-133428,d008m_r270_run01.csv,2,8,270,dw00;dw01;dw02;dw03;dw04;dw05;dw06;dw07;dw08,dw00;dw01;dw02;dw03;dw04;dw05;dw06;dw07;dw08,,55,1,2026-08-30T19:08:06.889+0200,dw02,8FB0,168,787,-88,786,0,1.93,52398
ground-height-2m-20260828-133428,d008m_r270_run01.csv,2,8,270,dw00;dw01;dw02;dw03;dw04;dw05;dw06;dw07;dw08,dw00;dw01;dw02;dw03;dw04;dw05;dw06;dw07;dw08,,145,1,2026-08-30T19:08:06.929+0200,dw07,5783,148,782,127,166,764,3.33,2147483
ground-height-2m-20260828-133428,d008m_r270_run01.csv,2,8,270,dw00;dw01;dw02;dw03;dw04;dw05;dw06;dw07;dw08,dw00;dw01;dw02;dw03;dw04;dw05;dw06;dw07;dw08,,75,1,2026-08-30T19:08:06.949+0200,dw03,021B,127,774,-38,-626,455,2.08,12298
ground-height-2m-20260828-133428,d008m_r270_run01.csv,2,8,270,dw00;dw01;dw02;dw03;dw04;dw05;dw06;dw07;dw08,dw00;dw01;dw02;dw03;dw04;dw05;dw06;dw07;dw08,,165,1,2026-08-30T19:08:06.959+0200,dw08,028E,157,783,151,282,730,3.69,22277
ground-height-2m-20260828-133428,d008m_r270_run01.csv,2,8,270,dw00;dw01;dw02;dw03;dw04;dw05;dw06;dw07;dw08,dw00;dw01;dw02;dw03;dw04;dw05;dw06;dw07;dw08,,15,1,2026-08-30T19:08:06.969+0200,dw00,8103,83,804,-163,514,618,2.65,32257
ground-height-2m-20260828-133428,d008m_r270_run01.csv,2,8,270,dw00;dw01;dw02;dw03;dw04;dw05;dw06;dw07;dw08,dw00;dw01;dw02;dw03;dw04;dw05;dw06;dw07;dw08,,90,1,2026-08-30T19:08:06.999+0200,dw04,0F85,105,780,5,-420,657,2.95,62255
ground-height-2m-20260828-133428,d008m_r270_run01.csv,2,8,270,dw00;dw01;dw02;dw03;dw04;dw05;dw06;dw07;dw08,dw00;dw01;dw02;dw03;dw04;dw05;dw06;dw07;dw08,,105,1,2026-08-30T19:08:07.009+0200,dw05,4B92,240,785,41,-250,744,2.95,72265
ground-height-2m-20260828-133428,d008m_r270_run01.csv,2,8,270,dw00;dw01;dw02;dw03;dw04;dw05;dw06;dw07;dw08,dw00;dw01;dw02;dw03;dw04;dw05;dw06;dw07;dw08,,125,1,2026-08-30T19:08:07.019+0200,dw06,0789,28,784,82,-48,782,3.01,82275
ground-height-2m-20260828-133428,d008m_r270_run01.csv,2,8,270,dw00;dw01;dw02;dw03;dw04;dw05;dw06;dw07;dw08,dw00;dw01;dw02;dw03;dw04;dw05;dw06;dw07;dw08,,35,1,2026-08-30T19:08:07.079+0200,dw01,1729,139,785,-124,687,379,3.06,42327
ground-height-2m-20260828-133428,d008m_r270_run01.csv,2,8,270,dw00;dw01;dw02;dw03;dw04;dw05;dw06;dw07;dw08,dw00;dw01;dw02;dw03;dw04;dw05;dw06;dw07;dw08,,55,1,2026-08-30T19:08:07.089+0200,dw02,8FB0,169,784,-82,-784,0,1.93,52398
ground-height-2m-20260828-133428,d008m_r270_run01.csv,2,8,270,dw00;dw01;dw02;dw03;dw04;dw05;dw06;dw07;dw08,dw00;dw01;dw02;dw03;dw04;dw05;dw06;dw07;dw08,,145,1,2026-08-30T19:08:07.130+0200,dw07,5783,149,782,129,178,762,3.51,2147483
ground-height-2m-20260828-133428,d008m_r270_run01.csv,2,8,270,dw00;dw01;dw02;dw03;dw04;dw05;dw06;dw07;dw08,dw00;dw01;dw02;dw03;dw04;dw05;dw06;dw07;dw08,,75,1,2026-08-30T19:08:07.149+0200,dw03,021B,128,771,-36,-615,465,2.08,12268
ground-height-2m-20260828-133428,d008m_r270_run01.csv,2,8,270,dw00;dw01;dw02;dw03;dw04;dw05;dw06;dw07;dw08,dw00;dw01;dw02;dw03;dw04;dw05;dw06;dw07;dw08,,165,1,2026-08-30T19:08:07.159+0200,dw08,028E,158,781,146,259,737,3.57,22277
ground-height-2m-20260828-133428,d008m_r270_run01.csv,2,8,270,dw00;dw01;dw02;dw03;dw04;dw05;dw06;dw07;dw08,dw00;dw01;dw02;dw03;dw04;dw05;dw06;dw07;dw08,,15,1,2026-08-30T19:08:07.169+0200,dw00,8103,84,802,-162,514,615,2.83,32287
ground-height-2m-20260828-133428,d008m_r270_run01.csv,2,8,270,dw00;dw01;dw02;dw03;dw04;dw05;dw06;dw07;dw08,dw00;dw01;dw02;dw03;dw04;dw05;dw06;dw07;dw08,,90,1,2026-08-30T19:08:07.199+0200,dw04,0F85,106,780,4,-424,654,3.01,62255
ground-height-2m-20260828-133428,d008m_r270_run01.csv,2,8,270,dw00;dw01;dw02;dw03;dw04;dw05;dw06;dw07;dw08,dw00;dw01;dw02;dw03;dw04;dw05;dw06;dw07;dw08,,105,1,2026-08-30T19:08:07.209+0200,dw05,4B92,241,786,43,-239,748,2.95,72235
ground-height-2m-20260828-133428,d008m_r270_run01.csv,2,8,270,dw00;dw01;dw02;dw03;dw04;dw05;dw06;dw07;dw08,dw00;dw01;dw02;dw03;dw04;dw05;dw06;dw07;dw08,,125,1,2026-08-30T19:08:07.219+0200,dw06,0789,29,786,87,-27,786,3.06,82275
ground-height-2m-20260828-133428,d008m_r270_run01.csv,2,8,270,dw00;dw01;dw02;dw03;dw04;dw05;dw06;dw07;dw08,dw00;dw01;dw02;dw03;dw04;dw05;dw06;dw07;dw08,,35,1,2026-08-30T19:08:07.279+0200,dw01,1729,140,787,-121,704,351,3.15,42297
ground-height-2m-20260828-133428,d008m_r270_run01.csv,2,8,270,dw00;dw01;dw02;dw03;dw04;dw05;dw06;dw07;dw08,dw00;dw01;dw02;dw03;dw04;dw05;dw06;dw07;dw08,,55,1,2026-08-30T19:08:07.289+0200,dw02,8FB0,170,784,-84,-784,0,1.87,52368
ground-height-2m-20260828-133428,d008m_r270_run01.csv,2,8,270,dw00;dw01;dw02;dw03;dw04;dw05;dw06;dw07;dw08,dw00;dw01;dw02;dw03;dw04;dw05;dw06;dw07;dw08,,145,1,2026-08-30T19:08:07.329+0200,dw07,5783,150,782,125,158,766,3.33,2147483
ground-height-2m-20260828-133428,d008m_r270_run01.csv,2,8,270,dw00;dw01;dw02;dw03;dw04;dw05;dw06;dw07;dw08,dw00;dw01;dw02;dw03;dw04;dw05;dw06;dw07;dw08,,75,1,2026-08-30T19:08:07.349+0200,dw03,021B,129,772,-36,-614,468,1.99,12268
ground-height-2m-20260828-133428,d008m_r270_run01.csv,2,8,270,dw00;dw01;dw02;dw03;dw04;dw05;dw06;dw07;dw08,dw00;dw01;dw02;dw03;dw04;dw05;dw06;dw07;dw08,,165,1,2026-08-30T19:08:07.359+0200,dw08,028E,159,783,154,296,725,3.63,22277
ground-height-2m-20260828-133428,d008m_r270_run01.csv,2,8,270,dw00;dw01;dw02;dw03;dw04;dw05;dw06;dw07;dw08,dw00;dw01;dw02;dw03;dw04;dw05;dw06;dw07;dw08,,15,1,2026-08-30T19:08:07.369+0200,dw00,8103,85,802,-160,526,605,2.77,32226
ground-height-2m-20260828-133428,d008m_r270_run01.csv,2,8,270,dw00;dw01;dw02;dw03;dw04;dw05;dw06;dw07;dw08,dw00;dw01;dw02;dw03;dw04;dw05;dw06;dw07;dw08,,90,1,2026-08-30T19:08:07.399+0200,dw04,0F85,107,781,4,-427,654,3.06,62255
ground-height-2m-20260828-133428,d008m_r270_run01.csv,2,8,270,dw00;dw01;dw02;dw03;dw04;dw05;dw06;dw07;dw08,dw00;dw01;dw02;dw03;dw04;dw05;dw06;dw07;dw08,,105,1,2026-08-30T19:08:07.409+0200,dw05,4B92,242,786,40,-251,744,2.95,72265
ground-height-2m-20260828-133428,d008m_r270_run01.csv,2,8,270,dw00;dw01;dw02;dw03;dw04;dw05;dw06;dw07;dw08,dw00;dw01;dw02;dw03;dw04;dw05;dw06;dw07;dw08,,125,1,2026-08-30T19:08:07.419+0200,dw06,0789,30,783,84,-38,782,3.15,82275
ground-height-2m-20260828-133428,d008m_r270_run01.csv,2,8,270,dw00;dw01;dw02;dw03;dw04;dw05;dw06;dw07;dw08,dw00;dw01;dw02;dw03;dw04;dw05;dw06;dw07;dw08,,35,1,2026-08-30T19:08:07.479+0200,dw01,1729,141,789,-124,691,382,3.06,42327
ground-height-2m-20260828-133428,d008m_r270_run01.csv,2,8,270,dw00;dw01;dw02;dw03;dw04;dw05;dw06;dw07;dw08,dw00;dw01;dw02;dw03;dw04;dw05;dw06;dw07;dw08,,55,1,2026-08-30T19:08:07.489+0200,dw02,8FB0,171,786,-89,786,0,1.87,52337
ground-height-2m-20260828-133428,d008m_r270_run01.csv,2,8,270,dw00;dw01;dw02;dw03;dw04;dw05;dw06;dw07;dw08,dw00;dw01;dw02;dw03;dw04;dw05;dw06;dw07;dw08,,145,1,2026-08-30T19:08:07.529+0200,dw07,5783,151,781,125,156,765,3.45,2147483
ground-height-2m-20260828-133428,d008m_r270_run01.csv,2,8,270,dw00;dw01;dw02;dw03;dw04;dw05;dw06;dw07;dw08,dw00;dw01;dw02;dw03;dw04;dw05;dw06;dw07;dw08,,75,1,2026-08-30T19:08:07.548+0200,dw03,021B,130,772,-34,-607,476,2.14,12298
ground-height-2m-20260828-133428,d008m_r270_run01.csv,2,8,270,dw00;dw01;dw02;dw03;dw04;dw05;dw06;dw07;dw08,dw00;dw01;dw02;dw03;dw04;dw05;dw06;dw07;dw08,,165,1,2026-08-30T19:08:07.559+0200,dw08,028E,160,781,149,271,733,3.57,22277
ground-height-2m-20260828-133428,d008m_r270_run01.csv,2,8,270,dw00;dw01;dw02;dw03;dw04;dw05;dw06;dw07;dw08,dw00;dw01;dw02;dw03;dw04;dw05;dw06;dw07;dw08,,15,1,2026-08-30T19:08:07.569+0200,dw00,8103,86,802,-158,537,594,2.83,32287
ground-height-2m-20260828-133428,d008m_r270_run01.csv,2,8,270,dw00;dw01;dw02;dw03;dw04;dw05;dw06;dw07;dw08,dw00;dw01;dw02;dw03;dw04;dw05;dw06;dw07;dw08,,90,1,2026-08-30T19:08:07.599+0200,dw04,0F85,108,786,2,-437,653,2.95,62255
ground-height-2m-20260828-133428,d008m_r270_run01.csv,2,8,270,dw00;dw01;dw02;dw03;dw04;dw05;dw06;dw07;dw08,dw00;dw01;dw02;dw03;dw04;dw05;dw06;dw07;dw08,,105,1,2026-08-30T19:08:07.609+0200,dw05,4B92,243,787,41,-248,747,2.95,72235
ground-height-2m-20260828-133428,d008m_r270_run01.csv,2,8,270,dw00;dw01;dw02;dw03;dw04;dw05;dw06;dw07;dw08,dw00;dw01;dw02;dw03;dw04;dw05;dw06;dw07;dw08,,125,1,2026-08-30T19:08:07.619+0200,dw06,0789,31,788,84,-38,787,3.01,82275
ground-height-2m-20260828-133428,d008m_r270_run01.csv,2,8,270,dw00;dw01;dw02;dw03;dw04;dw05;dw06;dw07;dw08,dw00;dw01;dw02;dw03;dw04;dw05;dw06;dw07;dw08,,35,1,2026-08-30T19:08:07.679+0200,dw01,1729,142,788,-115,737,281,3.06,42327
ground-height-2m-20260828-133428,d008m_r270_run01.csv,2,8,270,dw00;dw01;dw02;dw03;dw04;dw05;dw06;dw07;dw08,dw00;dw01;dw02;dw03;dw04;dw05;dw06;dw07;dw08,,55,1,2026-08-30T19:08:07.689+0200,dw02,8FB0,172,785,-81,-785,0,1.99,52429
ground-height-2m-20260828-133428,d008m_r270_run01.csv,2,8,270,dw00;dw01;dw02;dw03;dw04;dw05;dw06;dw07;dw08,dw00;dw01;dw02;dw03;dw04;dw05;dw06;dw07;dw08,,145,1,2026-08-30T19:08:07.729+0200,dw07,5783,152,781,133,194,757,3.39,2147483
ground-height-2m-20260828-133428,d008m_r270_run01.csv,2,8,270,dw00;dw01;dw02;dw03;dw04;dw05;dw06;dw07;dw08,dw00;dw01;dw02;dw03;dw04;dw05;dw06;dw07;dw08,,75,1,2026-08-30T19:08:07.749+0200,dw03,021B,131,772,-36,-616,464,2.14,12268
ground-height-2m-20260828-133428,d008m_r270_run01.csv,2,8,270,dw00;dw01;dw02;dw03;dw04;dw05;dw06;dw07;dw08,dw00;dw01;dw02;dw03;dw04;dw05;dw06;dw07;dw08,,165,1,2026-08-30T19:08:07.758+0200,dw08,028E,161,781,143,243,742,3.69,22277
ground-height-2m-20260828-133428,d008m_r270_run01.csv,2,8,270,dw00;dw01;dw02;dw03;dw04;dw05;dw06;dw07;dw08,dw00;dw01;dw02;dw03;dw04;dw05;dw06;dw07;dw08,,15,1,2026-08-30T19:08:07.769+0200,dw00,8103,87,800,-173,462,652,2.83,32257
ground-height-2m-20260828-133428,d008m_r270_run01.csv,2,8,270,dw00;dw01;dw02;dw03;dw04;dw05;dw06;dw07;dw08,dw00;dw01;dw02;dw03;dw04;dw05;dw06;dw07;dw08,,90,1,2026-08-30T19:08:07.798+0200,dw04,0F85,109,783,5,-420,660,3.09,62255
ground-height-2m-20260828-133428,d008m_r270_run01.csv,2,8,270,dw00;dw01;dw02;dw03;dw04;dw05;dw06;dw07;dw08,dw00;dw01;dw02;dw03;dw04;dw05;dw06;dw07;dw08,,105,1,2026-08-30T19:08:07.809+0200,dw05,4B92,244,788,42,-244,749,2.89,72235
ground-height-2m-20260828-133428,d008m_r270_run01.csv,2,8,270,dw00;dw01;dw02;dw03;dw04;dw05;dw06;dw07;dw08,dw00;dw01;dw02;dw03;dw04;dw05;dw06;dw07;dw08,,125,1,2026-08-30T19:08:07.819+0200,dw06,0789,32,788,80,-57,786,2.95,82275
ground-height-2m-20260828-133428,d008m_r270_run01.csv,2,8,270,dw00;dw01;dw02;dw03;dw04;dw05;dw06;dw07;dw08,dw00;dw01;dw02;dw03;dw04;dw05;dw06;dw07;dw08,,35,1,2026-08-30T19:08:07.879+0200,dw01,1729,143,788,-115,735,286,3.06,42297
ground-height-2m-20260828-133428,d008m_r270_run01.csv,2,8,270,dw00;dw01;dw02;dw03;dw04;dw05;dw06;dw07;dw08,dw00;dw01;dw02;dw03;dw04;dw05;dw06;dw07;dw08,,55,1,2026-08-30T19:08:07.889+0200,dw02,8FB0,173,784,-83,-784,0,1.93,52398
ground-height-2m-20260828-133428,d008m_r270_run01.csv,2,8,270,dw00;dw01;dw02;dw03;dw04;dw05;dw06;dw07;dw08,dw00;dw01;dw02;dw03;dw04;dw05;dw06;dw07;dw08,,145,1,2026-08-30T19:08:07.929+0200,dw07,5783,153,786,128,174,766,3.33,2147483
ground-height-2m-20260828-133428,d008m_r270_run01.csv,2,8,270,dw00;dw01;dw02;dw03;dw04;dw05;dw06;dw07;dw08,dw00;dw01;dw02;dw03;dw04;dw05;dw06;dw07;dw08,,75,1,2026-08-30T19:08:07.950+0200,dw03,021B,132,772,-37,-618,462,2.02,12268
ground-height-2m-20260828-133428,d008m_r270_run01.csv,2,8,270,dw00;dw01;dw02;dw03;dw04;dw05;dw06;dw07;dw08,dw00;dw01;dw02;dw03;dw04;dw05;dw06;dw07;dw08,,165,1,2026-08-30T19:08:07.959+0200,dw08,028E,162,782,157,311,717,3.57,22277
ground-height-2m-20260828-133428,d008m_r270_run01.csv,2,8,270,dw00;dw01;dw02;dw03;dw04;dw05;dw06;dw07;dw08,dw00;dw01;dw02;dw03;dw04;dw05;dw06;dw07;dw08,,15,1,2026-08-30T19:08:07.969+0200,dw00,8103,88,804,-162,519,614,2.71,32257
ground-height-2m-20260828-133428,d008m_r270_run01.csv,2,8,270,dw00;dw01;dw02;dw03;dw04;dw05;dw06;dw07;dw08,dw00;dw01;dw02;dw03;dw04;dw05;dw06;dw07;dw08,,90,1,2026-08-30T19:08:07.999+0200,dw04,0F85,110,784,6,-418,663,2.89,62255
ground-height-2m-20260828-133428,d008m_r270_run01.csv,2,8,270,dw00;dw01;dw02;dw03;dw04;dw05;dw06;dw07;dw08,dw00;dw01;dw02;dw03;dw04;dw05;dw06;dw07;dw08,,105,1,2026-08-30T19:08:08.009+0200,dw05,4B92,245,784,43,-236,747,2.89,72265
ground-height-2m-20260828-133428,d008m_r270_run01.csv,2,8,270,dw00;dw01;dw02;dw03;dw04;dw05;dw06;dw07;dw08,dw00;dw01;dw02;dw03;dw04;dw05;dw06;dw07;dw08,,125,1,2026-08-30T19:08:08.020+0200,dw06,0789,33,786,79,-63,784,3.09,82275
ground-height-2m-20260828-133428,d008m_r270_run01.csv,2,8,270,dw00;dw01;dw02;dw03;dw04;dw05;dw06;dw07;dw08,dw00;dw01;dw02;dw03;dw04;dw05;dw06;dw07;dw08,,35,1,2026-08-30T19:08:08.079+0200,dw01,1729,144,788,-117,724,312,3.06,42297
ground-height-2m-20260828-133428,d008m_r270_run01.csv,2,8,270,dw00;dw01;dw02;dw03;dw04;dw05;dw06;dw07;dw08,dw00;dw01;dw02;dw03;dw04;dw05;dw06;dw07;dw08,,55,1,2026-08-30T19:08:08.089+0200,dw02,8FB0,174,786,-84,-786,0,1.87,52398
ground-height-2m-20260828-133428,d008m_r270_run01.csv,2,8,270,dw00;dw01;dw02;dw03;dw04;dw05;dw06;dw07;dw08,dw00;dw01;dw02;dw03;dw04;dw05;dw06;dw07;dw08,,145,1,2026-08-30T19:08:08.129+0200,dw07,5783,154,785,126,164,767,3.33,2147483
ground-height-2m-20260828-133428,d008m_r270_run01.csv,2,8,270,dw00;dw01;dw02;dw03;dw04;dw05;dw06;dw07;dw08,dw00;dw01;dw02;dw03;dw04;dw05;dw06;dw07;dw08,,75,1,2026-08-30T19:08:08.150+0200,dw03,021B,133,767,-36,-612,463,2.14,12268
ground-height-2m-20260828-133428,d008m_r270_run01.csv,2,8,270,dw00;dw01;dw02;dw03;dw04;dw05;dw06;dw07;dw08,dw00;dw01;dw02;dw03;dw04;dw05;dw06;dw07;dw08,,165,1,2026-08-30T19:08:08.160+0200,dw08,028E,163,786,142,238,749,3.57,22308
ground-height-2m-20260828-133428,d008m_r270_run01.csv,2,8,270,dw00;dw01;dw02;dw03;dw04;dw05;dw06;dw07;dw08,dw00;dw01;dw02;dw03;dw04;dw05;dw06;dw07;dw08,,15,1,2026-08-30T19:08:08.169+0200,dw00,8103,89,803,-161,523,609,2.77,32287
ground-height-2m-20260828-133428,d008m_r270_run01.csv,2,8,270,dw00;dw01;dw02;dw03;dw04;dw05;dw06;dw07;dw08,dw00;dw01;dw02;dw03;dw04;dw05;dw06;dw07;dw08,,90,1,2026-08-30T19:08:08.200+0200,dw04,0F85,111,782,6,-414,663,2.95,62255
ground-height-2m-20260828-133428,d008m_r270_run01.csv,2,8,270,dw00;dw01;dw02;dw03;dw04;dw05;dw06;dw07;dw08,dw00;dw01;dw02;dw03;dw04;dw05;dw06;dw07;dw08,,105,1,2026-08-30T19:08:08.209+0200,dw05,4B92,246,787,45,-227,753,3.01,72235
ground-height-2m-20260828-133428,d008m_r270_run01.csv,2,8,270,dw00;dw01;dw02;dw03;dw04;dw05;dw06;dw07;dw08,dw00;dw01;dw02;dw03;dw04;dw05;dw06;dw07;dw08,,125,1,2026-08-30T19:08:08.219+0200,dw06,0789,34,786,86,-32,785,3.06,82275
ground-height-2m-20260828-133428,d008m_r270_run01.csv,2,8,270,dw00;dw01;dw02;dw03;dw04;dw05;dw06;dw07;dw08,dw00;dw01;dw02;dw03;dw04;dw05;dw06;dw07;dw08,,35,1,2026-08-30T19:08:08.280+0200,dw01,1729,145,788,-119,717,328,3.06,42327
ground-height-2m-20260828-133428,d008m_r270_run01.csv,2,8,270,dw00;dw01;dw02;dw03;dw04;dw05;dw06;dw07;dw08,dw00;dw01;dw02;dw03;dw04;dw05;dw06;dw07;dw08,,55,1,2026-08-30T19:08:08.289+0200,dw02,8FB0,175,786,-85,-786,0,1.99,52368
ground-height-2m-20260828-133428,d008m_r270_run01.csv,2,8,270,dw00;dw01;dw02;dw03;dw04;dw05;dw06;dw07;dw08,dw00;dw01;dw02;dw03;dw04;dw05;dw06;dw07;dw08,,145,1,2026-08-30T19:08:08.329+0200,dw07,5783,155,780,123,146,766,3.39,2147483
ground-height-2m-20260828-133428,d008m_r270_run01.csv,2,8,270,dw00;dw01;dw02;dw03;dw04;dw05;dw06;dw07;dw08,dw00;dw01;dw02;dw03;dw04;dw05;dw06;dw07;dw08,,75,1,2026-08-30T19:08:08.349+0200,dw03,021B,134,772,-34,-605,479,2.08,12268
ground-height-2m-20260828-133428,d008m_r270_run01.csv,2,8,270,dw00;dw01;dw02;dw03;dw04;dw05;dw06;dw07;dw08,dw00;dw01;dw02;dw03;dw04;dw05;dw06;dw07;dw08,,165,1,2026-08-30T19:08:08.360+0200,dw08,028E,164,782,139,227,749,3.57,22277
ground-height-2m-20260828-133428,d008m_r270_run01.csv,2,8,270,dw00;dw01;dw02;dw03;dw04;dw05;dw06;dw07;dw08,dw00;dw01;dw02;dw03;dw04;dw05;dw06;dw07;dw08,,15,1,2026-08-30T19:08:08.369+0200,dw00,8103,90,806,-160,530,608,2.77,32287
ground-height-2m-20260828-133428,d008m_r270_run01.csv,2,8,270,dw00;dw01;dw02;dw03;dw04;dw05;dw06;dw07;dw08,dw00;dw01;dw02;dw03;dw04;dw05;dw06;dw07;dw08,,90,1,2026-08-30T19:08:08.400+0200,dw04,0F85,112,784,4,-425,658,3.01,62255
ground-height-2m-20260828-133428,d008m_r270_run01.csv,2,8,270,dw00;dw01;dw02;dw03;dw04;dw05;dw06;dw07;dw08,dw00;dw01;dw02;dw03;dw04;dw05;dw06;dw07;dw08,,105,1,2026-08-30T19:08:08.409+0200,dw05,4B92,247,786,40,-253,744,2.95,72265
ground-height-2m-20260828-133428,d008m_r270_run01.csv,2,8,270,dw00;dw01;dw02;dw03;dw04;dw05;dw06;dw07;dw08,dw00;dw01;dw02;dw03;dw04;dw05;dw06;dw07;dw08,,125,1,2026-08-30T19:08:08.419+0200,dw06,0789,35,783,85,-37,782,3.06,82305
ground-height-2m-20260828-133428,d008m_r270_run01.csv,2,8,270,dw00;dw01;dw02;dw03;dw04;dw05;dw06;dw07;dw08,dw00;dw01;dw02;dw03;dw04;dw05;dw06;dw07;dw08,,35,1,2026-08-30T19:08:08.480+0200,dw01,1729,146,789,-120,712,340,3.06,42297
ground-height-2m-20260828-133428,d008m_r270_run01.csv,2,8,270,dw00;dw01;dw02;dw03;dw04;dw05;dw06;dw07;dw08,dw00;dw01;dw02;dw03;dw04;dw05;dw06;dw07;dw08,,55,1,2026-08-30T19:08:08.490+0200,dw02,8FB0,176,785,-96,785,0,1.87,52398
ground-height-2m-20260828-133428,d008m_r270_run01.csv,2,8,270,dw00;dw01;dw02;dw03;dw04;dw05;dw06;dw07;dw08,dw00;dw01;dw02;dw03;dw04;dw05;dw06;dw07;dw08,,145,1,2026-08-30T19:08:08.530+0200,dw07,5783,156,786,126,161,769,3.33,2147483
ground-height-2m-20260828-133428,d008m_r270_run01.csv,2,8,270,dw00;dw01;dw02;dw03;dw04;dw05;dw06;dw07;dw08,dw00;dw01;dw02;dw03;dw04;dw05;dw06;dw07;dw08,,75,1,2026-08-30T19:08:08.549+0200,dw03,021B,135,770,-39,-629,444,2.08,12298
ground-height-2m-20260828-133428,d008m_r270_run01.csv,2,8,270,dw00;dw01;dw02;dw03;dw04;dw05;dw06;dw07;dw08,dw00;dw01;dw02;dw03;dw04;dw05;dw06;dw07;dw08,,165,1,2026-08-30T19:08:08.559+0200,dw08,028E,165,783,154,296,725,3.57,22277
ground-height-2m-20260828-133428,d008m_r270_run01.csv,2,8,270,dw00;dw01;dw02;dw03;dw04;dw05;dw06;dw07;dw08,dw00;dw01;dw02;dw03;dw04;dw05;dw06;dw07;dw08,,15,1,2026-08-30T19:08:08.570+0200,dw00,8103,91,806,-162,518,617,2.95,32257
ground-height-2m-20260828-133428,d008m_r270_run01.csv,2,8,270,dw00;dw01;dw02;dw03;dw04;dw05;dw06;dw07;dw08,dw00;dw01;dw02;dw03;dw04;dw05;dw06;dw07;dw08,,90,1,2026-08-30T19:08:08.599+0200,dw04,0F85,113,783,0,-452,639,3.09,62255
ground-height-2m-20260828-133428,d008m_r270_run01.csv,2,8,270,dw00;dw01;dw02;dw03;dw04;dw05;dw06;dw07;dw08,dw00;dw01;dw02;dw03;dw04;dw05;dw06;dw07;dw08,,105,1,2026-08-30T19:08:08.610+0200,dw05,4B92,248,782,44,-233,746,2.95,72265
ground-height-2m-20260828-133428,d008m_r270_run01.csv,2,8,270,dw00;dw01;dw02;dw03;dw04;dw05;dw06;dw07;dw08,dw00;dw01;dw02;dw03;dw04;dw05;dw06;dw07;dw08,,125,1,2026-08-30T19:08:08.619+0200,dw06,0789,36,783,88,-21,783,3.15,82275
ground-height-2m-20260828-133428,d008m_r270_run01.csv,2,8,270,dw00;dw01;dw02;dw03;dw04;dw05;dw06;dw07;dw08,dw00;dw01;dw02;dw03;dw04;dw05;dw06;dw07;dw08,,35,1,2026-08-30T19:08:08.679+0200,dw01,1729,147,786,-126,682,389,3.06,42297
ground-height-2m-20260828-133428,d008m_r270_run01.csv,2,8,270,dw00;dw01;dw02;dw03;dw04;dw05;dw06;dw07;dw08,dw00;dw01;dw02;dw03;dw04;dw05;dw06;dw07;dw08,,55,1,2026-08-30T19:08:08.690+0200,dw02,8FB0,177,788,-84,-788,0,1.93,52398
ground-height-2m-20260828-133428,d008m_r270_run01.csv,2,8,270,dw00;dw01;dw02;dw03;dw04;dw05;dw06;dw07;dw08,dw00;dw01;dw02;dw03;dw04;dw05;dw06;dw07;dw08,,145,1,2026-08-30T19:08:08.730+0200,dw07,5783,157,785,134,202,758,3.45,2147483
ground-height-2m-20260828-133428,d008m_r270_run01.csv,2,8,270,dw00;dw01;dw02;dw03;dw04;dw05;dw06;dw07;dw08,dw00;dw01;dw02;dw03;dw04;dw05;dw06;dw07;dw08,,75,1,2026-08-30T19:08:08.749+0200,dw03,021B,136,770,-38,-623,453,2.02,12268
ground-height-2m-20260828-133428,d008m_r270_run01.csv,2,8,270,dw00;dw01;dw02;dw03;dw04;dw05;dw06;dw07;dw08,dw00;dw01;dw02;dw03;dw04;dw05;dw06;dw07;dw08,,165,1,2026-08-30T19:08:08.759+0200,dw08,028E,166,784,156,306,721,3.63,22277
ground-height-2m-20260828-133428,d008m_r270_run01.csv,2,8,270,dw00;dw01;dw02;dw03;dw04;dw05;dw06;dw07;dw08,dw00;dw01;dw02;dw03;dw04;dw05;dw06;dw07;dw08,,15,1,2026-08-30T19:08:08.769+0200,dw00,8103,92,804,-166,497,632,2.83,32257
ground-height-2m-20260828-133428,d008m_r270_run01.csv,2,8,270,dw00;dw01;dw02;dw03;dw04;dw05;dw06;dw07;dw08,dw00;dw01;dw02;dw03;dw04;dw05;dw06;dw07;dw08,,90,1,2026-08-30T19:08:08.799+0200,dw04,0F85,114,783,5,-421,660,3.09,62286
ground-height-2m-20260828-133428,d008m_r270_run01.csv,2,8,270,dw00;dw01;dw02;dw03;dw04;dw05;dw06;dw07;dw08,dw00;dw01;dw02;dw03;dw04;dw05;dw06;dw07;dw08,,105,1,2026-08-30T19:08:08.809+0200,dw05,4B92,249,782,38,-260,737,2.95,72204
ground-height-2m-20260828-133428,d008m_r270_run01.csv,2,8,270,dw00;dw01;dw02;dw03;dw04;dw05;dw06;dw07;dw08,dw00;dw01;dw02;dw03;dw04;dw05;dw06;dw07;dw08,,125,1,2026-08-30T19:08:08.820+0200,dw06,0789,37,786,77,-76,782,3.06,82275
ground-height-2m-20260828-133428,d008m_r270_run01.csv,2,8,270,dw00;dw01;dw02;dw03;dw04;dw05;dw06;dw07;dw08,dw00;dw01;dw02;dw03;dw04;dw05;dw06;dw07;dw08,,35,1,2026-08-30T19:08:08.879+0200,dw01,1729,148,791,-125,688,390,3.15,42327
ground-height-2m-20260828-133428,d008m_r270_run01.csv,2,8,270,dw00;dw01;dw02;dw03;dw04;dw05;dw06;dw07;dw08,dw00;dw01;dw02;dw03;dw04;dw05;dw06;dw07;dw08,,55,1,2026-08-30T19:08:08.889+0200,dw02,8FB0,178,783,-90,783,0,1.93,52337
ground-height-2m-20260828-133428,d008m_r270_run01.csv,2,8,270,dw00;dw01;dw02;dw03;dw04;dw05;dw06;dw07;dw08,dw00;dw01;dw02;dw03;dw04;dw05;dw06;dw07;dw08,,145,1,2026-08-30T19:08:08.929+0200,dw07,5783,158,784,131,185,762,3.39,2147483
ground-height-2m-20260828-133428,d008m_r270_run01.csv,2,8,270,dw00;dw01;dw02;dw03;dw04;dw05;dw06;dw07;dw08,dw00;dw01;dw02;dw03;dw04;dw05;dw06;dw07;dw08,,75,1,2026-08-30T19:08:08.949+0200,dw03,021B,137,770,-34,-602,480,2.08,12268
ground-height-2m-20260828-133428,d008m_r270_run01.csv,2,8,270,dw00;dw01;dw02;dw03;dw04;dw05;dw06;dw07;dw08,dw00;dw01;dw02;dw03;dw04;dw05;dw06;dw07;dw08,,165,1,2026-08-30T19:08:08.959+0200,dw08,028E,167,782,156,307,719,3.57,22277
ground-height-2m-20260828-133428,d008m_r270_run01.csv,2,8,270,dw00;dw01;dw02;dw03;dw04;dw05;dw06;dw07;dw08,dw00;dw01;dw02;dw03;dw04;dw05;dw06;dw07;dw08,,15,1,2026-08-30T19:08:08.969+0200,dw00,8103,93,804,-163,511,620,2.77,32257
ground-height-2m-20260828-133428,d008m_r270_run01.csv,2,8,270,dw00;dw01;dw02;dw03;dw04;dw05;dw06;dw07;dw08,dw00;dw01;dw02;dw03;dw04;dw05;dw06;dw07;dw08,,90,1,2026-08-30T19:08:08.999+0200,dw04,0F85,115,781,0,-442,644,3.01,62225
ground-height-2m-20260828-133428,d008m_r270_run01.csv,2,8,270,dw00;dw01;dw02;dw03;dw04;dw05;dw06;dw07;dw08,dw00;dw01;dw02;dw03;dw04;dw05;dw06;dw07;dw08,,105,1,2026-08-30T19:08:09.009+0200,dw05,4B92,250,786,38,-261,741,2.95,72235
ground-height-2m-20260828-133428,d008m_r270_run01.csv,2,8,270,dw00;dw01;dw02;dw03;dw04;dw05;dw06;dw07;dw08,dw00;dw01;dw02;dw03;dw04;dw05;dw06;dw07;dw08,,125,1,2026-08-30T19:08:09.019+0200,dw06,0789,38,787,85,-33,786,3.06,82305
ground-height-2m-20260828-133428,d008m_r270_run01.csv,2,8,270,dw00;dw01;dw02;dw03;dw04;dw05;dw06;dw07;dw08,dw00;dw01;dw02;dw03;dw04;dw05;dw06;dw07;dw08,,35,1,2026-08-30T19:08:09.079+0200,dw01,1729,149,791,-117,729,308,3.01,42327
ground-height-2m-20260828-133428,d008m_r270_run01.csv,2,8,270,dw00;dw01;dw02;dw03;dw04;dw05;dw06;dw07;dw08,dw00;dw01;dw02;dw03;dw04;dw05;dw06;dw07;dw08,,55,1,2026-08-30T19:08:09.089+0200,dw02,8FB0,179,783,-86,-783,0,1.99,52368
ground-height-2m-20260828-133428,d008m_r270_run01.csv,2,8,270,dw00;dw01;dw02;dw03;dw04;dw05;dw06;dw07;dw08,dw00;dw01;dw02;dw03;dw04;dw05;dw06;dw07;dw08,,145,1,2026-08-30T19:08:09.129+0200,dw07,5783,159,784,119,127,774,3.45,2147483
ground-height-2m-20260828-133428,d008m_r270_run01.csv,2,8,270,dw00;dw01;dw02;dw03;dw04;dw05;dw06;dw07;dw08,dw00;dw01;dw02;dw03;dw04;dw05;dw06;dw07;dw08,,75,1,2026-08-30T19:08:09.149+0200,dw03,021B,138,769,-33,-600,481,1.99,12298
ground-height-2m-20260828-133428,d008m_r270_run01.csv,2,8,270,dw00;dw01;dw02;dw03;dw04;dw05;dw06;dw07;dw08,dw00;dw01;dw02;dw03;dw04;dw05;dw06;dw07;dw08,,165,1,2026-08-30T19:08:09.159+0200,dw08,028E,168,781,153,294,724,3.57,22277
ground-height-2m-20260828-133428,d008m_r270_run01.csv,2,8,270,dw00;dw01;dw02;dw03;dw04;dw05;dw06;dw07;dw08,dw00;dw01;dw02;dw03;dw04;dw05;dw06;dw07;dw08,,15,1,2026-08-30T19:08:09.169+0200,dw00,8103,94,803,-171,475,647,2.83,32257
ground-height-2m-20260828-133428,d008m_r270_run01.csv,2,8,270,dw00;dw01;dw02;dw03;dw04;dw05;dw06;dw07;dw08,dw00;dw01;dw02;dw03;dw04;dw05;dw06;dw07;dw08,,90,1,2026-08-30T19:08:09.199+0200,dw04,0F85,116,782,0,-450,640,3.01,62255
ground-height-2m-20260828-133428,d008m_r270_run01.csv,2,8,270,dw00;dw01;dw02;dw03;dw04;dw05;dw06;dw07;dw08,dw00;dw01;dw02;dw03;dw04;dw05;dw06;dw07;dw08,,105,1,2026-08-30T19:08:09.209+0200,dw05,4B92,251,783,42,-244,744,3.06,72235
ground-height-2m-20260828-133428,d008m_r270_run01.csv,2,8,270,dw00;dw01;dw02;dw03;dw04;dw05;dw06;dw07;dw08,dw00;dw01;dw02;dw03;dw04;dw05;dw06;dw07;dw08,,125,1,2026-08-30T19:08:09.219+0200,dw06,0789,39,786,82,-51,784,2.95,82275
ground-height-2m-20260828-133428,d008m_r270_run01.csv,2,8,270,dw00;dw01;dw02;dw03;dw04;dw05;dw06;dw07;dw08,dw00;dw01;dw02;dw03;dw04;dw05;dw06;dw07;dw08,,35,1,2026-08-30T19:08:09.279+0200,dw01,1729,150,790,-122,704,358,3.09,42327
ground-height-2m-20260828-133428,d008m_r270_run01.csv,2,8,270,dw00;dw01;dw02;dw03;dw04;dw05;dw06;dw07;dw08,dw00;dw01;dw02;dw03;dw04;dw05;dw06;dw07;dw08,,55,1,2026-08-30T19:08:09.289+0200,dw02,8FB0,180,786,-87,786,0,1.93,52368
ground-height-2m-20260828-133428,d008m_r270_run01.csv,2,8,270,dw00;dw01;dw02;dw03;dw04;dw05;dw06;dw07;dw08,dw00;dw01;dw02;dw03;dw04;dw05;dw06;dw07;dw08,,145,1,2026-08-30T19:08:09.329+0200,dw07,5783,160,785,132,193,761,3.45,2147483
ground-height-2m-20260828-133428,d008m_r270_run01.csv,2,8,270,dw00;dw01;dw02;dw03;dw04;dw05;dw06;dw07;dw08,dw00;dw01;dw02;dw03;dw04;dw05;dw06;dw07;dw08,,75,1,2026-08-30T19:08:09.349+0200,dw03,021B,139,772,-40,-633,441,2.02,12268
ground-height-2m-20260828-133428,d008m_r270_run01.csv,2,8,270,dw00;dw01;dw02;dw03;dw04;dw05;dw06;dw07;dw08,dw00;dw01;dw02;dw03;dw04;dw05;dw06;dw07;dw08,,165,1,2026-08-30T19:08:09.359+0200,dw08,028E,169,785,141,235,749,3.57,22277
ground-height-2m-20260828-133428,d008m_r270_run01.csv,2,8,270,dw00;dw01;dw02;dw03;dw04;dw05;dw06;dw07;dw08,dw00;dw01;dw02;dw03;dw04;dw05;dw06;dw07;dw08,,15,1,2026-08-30T19:08:09.369+0200,dw00,8103,95,803,-163,514,617,2.83,32257
ground-height-2m-20260828-133428,d008m_r270_run01.csv,2,8,270,dw00;dw01;dw02;dw03;dw04;dw05;dw06;dw07;dw08,dw00;dw01;dw02;dw03;dw04;dw05;dw06;dw07;dw08,,90,1,2026-08-30T19:08:09.399+0200,dw04,0F85,117,783,2,-434,651,3.06,62286
ground-height-2m-20260828-133428,d008m_r270_run01.csv,2,8,270,dw00;dw01;dw02;dw03;dw04;dw05;dw06;dw07;dw08,dw00;dw01;dw02;dw03;dw04;dw05;dw06;dw07;dw08,,105,1,2026-08-30T19:08:09.409+0200,dw05,4B92,252,788,44,-234,753,2.95,72265
ground-height-2m-20260828-133428,d008m_r270_run01.csv,2,8,270,dw00;dw01;dw02;dw03;dw04;dw05;dw06;dw07;dw08,dw00;dw01;dw02;dw03;dw04;dw05;dw06;dw07;dw08,,125,1,2026-08-30T19:08:09.419+0200,dw06,0789,40,782,89,-14,782,2.95,82275
ground-height-2m-20260828-133428,d008m_r270_run01.csv,2,8,270,dw00;dw01;dw02;dw03;dw04;dw05;dw06;dw07;dw08,dw00;dw01;dw02;dw03;dw04;dw05;dw06;dw07;dw08,,35,1,2026-08-30T19:08:09.479+0200,dw01,1729,151,793,-131,660,439,3.06,42297
ground-height-2m-20260828-133428,d008m_r270_run01.csv,2,8,270,dw00;dw01;dw02;dw03;dw04;dw05;dw06;dw07;dw08,dw00;dw01;dw02;dw03;dw04;dw05;dw06;dw07;dw08,,55,1,2026-08-30T19:08:09.489+0200,dw02,8FB0,181,785,-84,-785,0,1.93,52459
ground-height-2m-20260828-133428,d008m_r270_run01.csv,2,8,270,dw00;dw01;dw02;dw03;dw04;dw05;dw06;dw07;dw08,dw00;dw01;dw02;dw03;dw04;dw05;dw06;dw07;dw08,,145,1,2026-08-30T19:08:09.529+0200,dw07,5783,161,781,129,174,762,3.45,2147483
ground-height-2m-20260828-133428,d008m_r270_run01.csv,2,8,270,dw00;dw01;dw02;dw03;dw04;dw05;dw06;dw07;dw08,dw00;dw01;dw02;dw03;dw04;dw05;dw06;dw07;dw08,,75,1,2026-08-30T19:08:09.549+0200,dw03,021B,140,771,-37,-618,460,1.99,12298
ground-height-2m-20260828-133428,d008m_r270_run01.csv,2,8,270,dw00;dw01;dw02;dw03;dw04;dw05;dw06;dw07;dw08,dw00;dw01;dw02;dw03;dw04;dw05;dw06;dw07;dw08,,165,1,2026-08-30T19:08:09.559+0200,dw08,028E,170,783,144,250,742,3.57,22277
ground-height-2m-20260828-133428,d008m_r270_run01.csv,2,8,270,dw00;dw01;dw02;dw03;dw04;dw05;dw06;dw07;dw08,dw00;dw01;dw02;dw03;dw04;dw05;dw06;dw07;dw08,,15,1,2026-08-30T19:08:09.569+0200,dw00,8103,96,803,-164,508,622,2.83,32257
ground-height-2m-20260828-133428,d008m_r270_run01.csv,2,8,270,dw00;dw01;dw02;dw03;dw04;dw05;dw06;dw07;dw08,dw00;dw01;dw02;dw03;dw04;dw05;dw06;dw07;dw08,,90,1,2026-08-30T19:08:09.599+0200,dw04,0F85,118,783,11,-391,679,3.01,62225
ground-height-2m-20260828-133428,d008m_r270_run01.csv,2,8,270,dw00;dw01;dw02;dw03;dw04;dw05;dw06;dw07;dw08,dw00;dw01;dw02;dw03;dw04;dw05;dw06;dw07;dw08,,105,1,2026-08-30T19:08:09.609+0200,dw05,4B92,253,787,38,-262,742,2.89,72265
ground-height-2m-20260828-133428,d008m_r270_run01.csv,2,8,270,dw00;dw01;dw02;dw03;dw04;dw05;dw06;dw07;dw08,dw00;dw01;dw02;dw03;dw04;dw05;dw06;dw07;dw08,,125,1,2026-08-30T19:08:09.619+0200,dw06,0789,41,788,85,-35,787,3.01,82275
ground-height-2m-20260828-133428,d008m_r270_run01.csv,2,8,270,dw00;dw01;dw02;dw03;dw04;dw05;dw06;dw07;dw08,dw00;dw01;dw02;dw03;dw04;dw05;dw06;dw07;dw08,,35,1,2026-08-30T19:08:09.679+0200,dw01,1729,152,789,-125,690,384,3.06,42297
ground-height-2m-20260828-133428,d008m_r270_run01.csv,2,8,270,dw00;dw01;dw02;dw03;dw04;dw05;dw06;dw07;dw08,dw00;dw01;dw02;dw03;dw04;dw05;dw06;dw07;dw08,,55,1,2026-08-30T19:08:09.689+0200,dw02,8FB0,182,783,-85,-783,0,1.93,52337
ground-height-2m-20260828-133428,d008m_r270_run01.csv,2,8,270,dw00;dw01;dw02;dw03;dw04;dw05;dw06;dw07;dw08,dw00;dw01;dw02;dw03;dw04;dw05;dw06;dw07;dw08,,145,1,2026-08-30T19:08:09.729+0200,dw07,5783,162,785,125,159,768,3.45,2147483
ground-height-2m-20260828-133428,d008m_r270_run01.csv,2,8,270,dw00;dw01;dw02;dw03;dw04;dw05;dw06;dw07;dw08,dw00;dw01;dw02;dw03;dw04;dw05;dw06;dw07;dw08,,75,1,2026-08-30T19:08:09.749+0200,dw03,021B,141,770,-36,-613,465,2.08,12268
ground-height-2m-20260828-133428,d008m_r270_run01.csv,2,8,270,dw00;dw01;dw02;dw03;dw04;dw05;dw06;dw07;dw08,dw00;dw01;dw02;dw03;dw04;dw05;dw06;dw07;dw08,,165,1,2026-08-30T19:08:09.759+0200,dw08,028E,171,784,157,313,719,3.57,22338
ground-height-2m-20260828-133428,d008m_r270_run01.csv,2,8,270,dw00;dw01;dw02;dw03;dw04;dw05;dw06;dw07;dw08,dw00;dw01;dw02;dw03;dw04;dw05;dw06;dw07;dw08,,15,1,2026-08-30T19:08:09.769+0200,dw00,8103,97,803,-157,541,594,2.83,32257
ground-height-2m-20260828-133428,d008m_r270_run01.csv,2,8,270,dw00;dw01;dw02;dw03;dw04;dw05;dw06;dw07;dw08,dw00;dw01;dw02;dw03;dw04;dw05;dw06;dw07;dw08,,90,1,2026-08-30T19:08:09.799+0200,dw04,0F85,119,783,1,-438,649,3.01,62286
ground-height-2m-20260828-133428,d008m_r270_run01.csv,2,8,270,dw00;dw01;dw02;dw03;dw04;dw05;dw06;dw07;dw08,dw00;dw01;dw02;dw03;dw04;dw05;dw06;dw07;dw08,,105,1,2026-08-30T19:08:09.809+0200,dw05,4B92,254,785,43,-238,748,2.83,72204
ground-height-2m-20260828-133428,d008m_r270_run01.csv,2,8,270,dw00;dw01;dw02;dw03;dw04;dw05;dw06;dw07;dw08,dw00;dw01;dw02;dw03;dw04;dw05;dw06;dw07;dw08,,125,1,2026-08-30T19:08:09.818+0200,dw06,0789,42,782,85,-35,781,3.06,82275
ground-height-2m-20260828-133428,d008m_r270_run01.csv,2,8,270,dw00;dw01;dw02;dw03;dw04;dw05;dw06;dw07;dw08,dw00;dw01;dw02;dw03;dw04;dw05;dw06;dw07;dw08,,35,1,2026-08-30T19:08:09.879+0200,dw01,1729,153,791,-122,705,359,3.15,42297
ground-height-2m-20260828-133428,d008m_r270_run01.csv,2,8,270,dw00;dw01;dw02;dw03;dw04;dw05;dw06;dw07;dw08,dw00;dw01;dw02;dw03;dw04;dw05;dw06;dw07;dw08,,55,1,2026-08-30T19:08:09.889+0200,dw02,8FB0,183,783,-83,-783,0,1.93,52429
ground-height-2m-20260828-133428,d008m_r270_run01.csv,2,8,270,dw00;dw01;dw02;dw03;dw04;dw05;dw06;dw07;dw08,dw00;dw01;dw02;dw03;dw04;dw05;dw06;dw07;dw08,,145,1,2026-08-30T19:08:09.929+0200,dw07,5783,163,783,121,137,771,3.45,2147483
ground-height-2m-20260828-133428,d008m_r270_run01.csv,2,8,270,dw00;dw01;dw02;dw03;dw04;dw05;dw06;dw07;dw08,dw00;dw01;dw02;dw03;dw04;dw05;dw06;dw07;dw08,,75,1,2026-08-30T19:08:09.948+0200,dw03,021B,142,768,-42,-640,425,2.14,12268
ground-height-2m-20260828-133428,d008m_r270_run01.csv,2,8,270,dw00;dw01;dw02;dw03;dw04;dw05;dw06;dw07;dw08,dw00;dw01;dw02;dw03;dw04;dw05;dw06;dw07;dw08,,165,1,2026-08-30T19:08:09.959+0200,dw08,028E,172,786,151,286,732,3.63,22247
ground-height-2m-20260828-133428,d008m_r270_run01.csv,2,8,270,dw00;dw01;dw02;dw03;dw04;dw05;dw06;dw07;dw08,dw00;dw01;dw02;dw03;dw04;dw05;dw06;dw07;dw08,,15,1,2026-08-30T19:08:09.969+0200,dw00,8103,98,803,-169,484,640,2.77,32257
ground-height-2m-20260828-133428,d008m_r270_run01.csv,2,8,270,dw00;dw01;dw02;dw03;dw04;dw05;dw06;dw07;dw08,dw00;dw01;dw02;dw03;dw04;dw05;dw06;dw07;dw08,,90,1,2026-08-30T19:08:09.999+0200,dw04,0F85,120,785,1,-440,650,3.01,62225
ground-height-2m-20260828-133428,d008m_r270_run01.csv,2,8,270,dw00;dw01;dw02;dw03;dw04;dw05;dw06;dw07;dw08,dw00;dw01;dw02;dw03;dw04;dw05;dw06;dw07;dw08,,105,1,2026-08-30T19:08:10.009+0200,dw05,4B92,255,785,36,-274,735,2.95,72265
ground-height-2m-20260828-133428,d008m_r270_run01.csv,2,8,270,dw00;dw01;dw02;dw03;dw04;dw05;dw06;dw07;dw08,dw00;dw01;dw02;dw03;dw04;dw05;dw06;dw07;dw08,,125,1,2026-08-30T19:08:10.019+0200,dw06,0789,43,785,80,-57,783,2.89,82275
ground-height-2m-20260828-133428,d008m_r270_run01.csv,2,8,270,dw00;dw01;dw02;dw03;dw04;dw05;dw06;dw07;dw08,dw00;dw01;dw02;dw03;dw04;dw05;dw06;dw07;dw08,,35,1,2026-08-30T19:08:10.079+0200,dw01,1729,154,787,-119,714,331,3.06,42327
ground-height-2m-20260828-133428,d008m_r270_run01.csv,2,8,270,dw00;dw01;dw02;dw03;dw04;dw05;dw06;dw07;dw08,dw00;dw01;dw02;dw03;dw04;dw05;dw06;dw07;dw08,,55,1,2026-08-30T19:08:10.089+0200,dw02,8FB0,184,785,-84,-785,0,1.99,52368
ground-height-2m-20260828-133428,d008m_r270_run01.csv,2,8,270,dw00;dw01;dw02;dw03;dw04;dw05;dw06;dw07;dw08,dw00;dw01;dw02;dw03;dw04;dw05;dw06;dw07;dw08,,145,1,2026-08-30T19:08:10.129+0200,dw07,5783,164,783,134,202,757,3.45,2147483
ground-height-2m-20260828-133428,d008m_r270_run01.csv,2,8,270,dw00;dw01;dw02;dw03;dw04;dw05;dw06;dw07;dw08,dw00;dw01;dw02;dw03;dw04;dw05;dw06;dw07;dw08,,75,1,2026-08-30T19:08:10.149+0200,dw03,021B,143,769,-22,-547,540,2.02,12298
ground-height-2m-20260828-133428,d008m_r270_run01.csv,2,8,270,dw00;dw01;dw02;dw03;dw04;dw05;dw06;dw07;dw08,dw00;dw01;dw02;dw03;dw04;dw05;dw06;dw07;dw08,,165,1,2026-08-30T19:08:10.158+0200,dw08,028E,173,784,150,277,733,3.57,22277
ground-height-2m-20260828-133428,d008m_r270_run01.csv,2,8,270,dw00;dw01;dw02;dw03;dw04;dw05;dw06;dw07;dw08,dw00;dw01;dw02;dw03;dw04;dw05;dw06;dw07;dw08,,15,1,2026-08-30T19:08:10.169+0200,dw00,8103,99,801,-166,497,628,2.83,32287
ground-height-2m-20260828-133428,d008m_r270_run01.csv,2,8,270,dw00;dw01;dw02;dw03;dw04;dw05;dw06;dw07;dw08,dw00;dw01;dw02;dw03;dw04;dw05;dw06;dw07;dw08,,90,1,2026-08-30T19:08:10.198+0200,dw04,0F85,121,785,9,-402,674,2.89,62286
ground-height-2m-20260828-133428,d008m_r270_run01.csv,2,8,270,dw00;dw01;dw02;dw03;dw04;dw05;dw06;dw07;dw08,dw00;dw01;dw02;dw03;dw04;dw05;dw06;dw07;dw08,,105,1,2026-08-30T19:08:10.209+0200,dw05,4B92,0,790,38,-266,744,2.95,72265
ground-height-2m-20260828-133428,d008m_r270_run01.csv,2,8,270,dw00;dw01;dw02;dw03;dw04;dw05;dw06;dw07;dw08,dw00;dw01;dw02;dw03;dw04;dw05;dw06;dw07;dw08,,125,1,2026-08-30T19:08:10.219+0200,dw06,0789,44,782,79,-65,780,3.06,82305
ground-height-2m-20260828-133428,d008m_r270_run01.csv,2,8,270,dw00;dw01;dw02;dw03;dw04;dw05;dw06;dw07;dw08,dw00;dw01;dw02;dw03;dw04;dw05;dw06;dw07;dw08,,35,1,2026-08-30T19:08:10.278+0200,dw01,1729,155,788,-123,694,371,3.01,42297
ground-height-2m-20260828-133428,d008m_r270_run01.csv,2,8,270,dw00;dw01;dw02;dw03;dw04;dw05;dw06;dw07;dw08,dw00;dw01;dw02;dw03;dw04;dw05;dw06;dw07;dw08,,55,1,2026-08-30T19:08:10.289+0200,dw02,8FB0,185,787,-90,787,0,2.08,52368
ground-height-2m-20260828-133428,d008m_r270_run01.csv,2,8,270,dw00;dw01;dw02;dw03;dw04;dw05;dw06;dw07;dw08,dw00;dw01;dw02;dw03;dw04;dw05;dw06;dw07;dw08,,145,1,2026-08-30T19:08:10.329+0200,dw07,5783,165,782,124,154,767,3.45,2147483
ground-height-2m-20260828-133428,d008m_r270_run01.csv,2,8,270,dw00;dw01;dw02;dw03;dw04;dw05;dw06;dw07;dw08,dw00;dw01;dw02;dw03;dw04;dw05;dw06;dw07;dw08,,75,1,2026-08-30T19:08:10.349+0200,dw03,021B,144,770,-36,-613,465,1.99,12268
ground-height-2m-20260828-133428,d008m_r270_run01.csv,2,8,270,dw00;dw01;dw02;dw03;dw04;dw05;dw06;dw07;dw08,dw00;dw01;dw02;dw03;dw04;dw05;dw06;dw07;dw08,,165,1,2026-08-30T19:08:10.358+0200,dw08,028E,174,783,153,291,727,3.57,22277
ground-height-2m-20260828-133428,d008m_r270_run01.csv,2,8,270,dw00;dw01;dw02;dw03;dw04;dw05;dw06;dw07;dw08,dw00;dw01;dw02;dw03;dw04;dw05;dw06;dw07;dw08,,15,1,2026-08-30T19:08:10.368+0200,dw00,8103,100,802,-157,543,590,2.77,32257
ground-height-2m-20260828-133428,d008m_r270_run01.csv,2,8,270,dw00;dw01;dw02;dw03;dw04;dw05;dw06;dw07;dw08,dw00;dw01;dw02;dw03;dw04;dw05;dw06;dw07;dw08,,90,1,2026-08-30T19:08:10.399+0200,dw04,0F85,122,782,11,-392,676,2.95,62255
ground-height-2m-20260828-133428,d008m_r270_run01.csv,2,8,270,dw00;dw01;dw02;dw03;dw04;dw05;dw06;dw07;dw08,dw00;dw01;dw02;dw03;dw04;dw05;dw06;dw07;dw08,,105,1,2026-08-30T19:08:10.408+0200,dw05,4B92,1,786,37,-266,739,2.95,72265
ground-height-2m-20260828-133428,d008m_r270_run01.csv,2,8,270,dw00;dw01;dw02;dw03;dw04;dw05;dw06;dw07;dw08,dw00;dw01;dw02;dw03;dw04;dw05;dw06;dw07;dw08,,125,1,2026-08-30T19:08:10.419+0200,dw06,0789,45,786,85,-37,785,2.95,82275
ground-height-2m-20260828-133428,d008m_r270_run01.csv,2,8,270,dw00;dw01;dw02;dw03;dw04;dw05;dw06;dw07;dw08,dw00;dw01;dw02;dw03;dw04;dw05;dw06;dw07;dw08,,35,1,2026-08-30T19:08:10.479+0200,dw01,1729,156,789,-125,687,389,3.06,42327
ground-height-2m-20260828-133428,d008m_r270_run01.csv,2,8,270,dw00;dw01;dw02;dw03;dw04;dw05;dw06;dw07;dw08,dw00;dw01;dw02;dw03;dw04;dw05;dw06;dw07;dw08,,55,1,2026-08-30T19:08:10.488+0200,dw02,8FB0,186,784,-84,-784,0,1.99,52398
ground-height-2m-20260828-133428,d008m_r270_run01.csv,2,8,270,dw00;dw01;dw02;dw03;dw04;dw05;dw06;dw07;dw08,dw00;dw01;dw02;dw03;dw04;dw05;dw06;dw07;dw08,,145,1,2026-08-30T19:08:10.528+0200,dw07,5783,166,784,131,184,762,3.39,2147483
ground-height-2m-20260828-133428,d008m_r270_run01.csv,2,8,270,dw00;dw01;dw02;dw03;dw04;dw05;dw06;dw07;dw08,dw00;dw01;dw02;dw03;dw04;dw05;dw06;dw07;dw08,,75,1,2026-08-30T19:08:10.549+0200,dw03,021B,145,771,-36,-612,468,2.02,12298
ground-height-2m-20260828-133428,d008m_r270_run01.csv,2,8,270,dw00;dw01;dw02;dw03;dw04;dw05;dw06;dw07;dw08,dw00;dw01;dw02;dw03;dw04;dw05;dw06;dw07;dw08,,165,1,2026-08-30T19:08:10.559+0200,dw08,028E,175,787,150,281,735,3.51,22277
ground-height-2m-20260828-133428,d008m_r270_run01.csv,2,8,270,dw00;dw01;dw02;dw03;dw04;dw05;dw06;dw07;dw08,dw00;dw01;dw02;dw03;dw04;dw05;dw06;dw07;dw08,,15,1,2026-08-30T19:08:10.568+0200,dw00,8103,101,801,-167,492,632,2.77,32257
ground-height-2m-20260828-133428,d008m_r270_run01.csv,2,8,270,dw00;dw01;dw02;dw03;dw04;dw05;dw06;dw07;dw08,dw00;dw01;dw02;dw03;dw04;dw05;dw06;dw07;dw08,,90,1,2026-08-30T19:08:10.599+0200,dw04,0F85,123,781,2,-432,650,2.95,62255
ground-height-2m-20260828-133428,d008m_r270_run01.csv,2,8,270,dw00;dw01;dw02;dw03;dw04;dw05;dw06;dw07;dw08,dw00;dw01;dw02;dw03;dw04;dw05;dw06;dw07;dw08,,105,1,2026-08-30T19:08:10.608+0200,dw05,4B92,2,787,42,-244,748,2.89,72235
ground-height-2m-20260828-133428,d008m_r270_run01.csv,2,8,270,dw00;dw01;dw02;dw03;dw04;dw05;dw06;dw07;dw08,dw00;dw01;dw02;dw03;dw04;dw05;dw06;dw07;dw08,,125,1,2026-08-30T19:08:10.618+0200,dw06,0789,46,785,85,-35,784,2.95,82244
ground-height-2m-20260828-133428,d008m_r270_run01.csv,2,8,270,dw00;dw01;dw02;dw03;dw04;dw05;dw06;dw07;dw08,dw00;dw01;dw02;dw03;dw04;dw05;dw06;dw07;dw08,,35,1,2026-08-30T19:08:10.679+0200,dw01,1729,157,788,-130,660,430,3.06,42266
ground-height-2m-20260828-133428,d008m_r270_run01.csv,2,8,270,dw00;dw01;dw02;dw03;dw04;dw05;dw06;dw07;dw08,dw00;dw01;dw02;dw03;dw04;dw05;dw06;dw07;dw08,,55,1,2026-08-30T19:08:10.689+0200,dw02,8FB0,187,787,-85,-787,0,1.99,52368
ground-height-2m-20260828-133428,d008m_r270_run01.csv,2,8,270,dw00;dw01;dw02;dw03;dw04;dw05;dw06;dw07;dw08,dw00;dw01;dw02;dw03;dw04;dw05;dw06;dw07;dw08,,145,1,2026-08-30T19:08:10.729+0200,dw07,5783,167,782,129,175,762,3.45,2147483
ground-height-2m-20260828-133428,d008m_r270_run01.csv,2,8,270,dw00;dw01;dw02;dw03;dw04;dw05;dw06;dw07;dw08,dw00;dw01;dw02;dw03;dw04;dw05;dw06;dw07;dw08,,75,1,2026-08-30T19:08:10.748+0200,dw03,021B,146,773,-34,-606,480,2.02,12268
ground-height-2m-20260828-133428,d008m_r270_run01.csv,2,8,270,dw00;dw01;dw02;dw03;dw04;dw05;dw06;dw07;dw08,dw00;dw01;dw02;dw03;dw04;dw05;dw06;dw07;dw08,,165,1,2026-08-30T19:08:10.759+0200,dw08,028E,176,782,152,289,726,3.57,22277
ground-height-2m-20260828-133428,d008m_r270_run01.csv,2,8,270,dw00;dw01;dw02;dw03;dw04;dw05;dw06;dw07;dw08,dw00;dw01;dw02;dw03;dw04;dw05;dw06;dw07;dw08,,15,1,2026-08-30T19:08:10.769+0200,dw00,8103,102,804,-167,493,635,2.71,32257
ground-height-2m-20260828-133428,d008m_r270_run01.csv,2,8,270,dw00;dw01;dw02;dw03;dw04;dw05;dw06;dw07;dw08,dw00;dw01;dw02;dw03;dw04;dw05;dw06;dw07;dw08,,90,1,2026-08-30T19:08:10.799+0200,dw04,0F85,124,782,5,-418,660,2.95,62225
ground-height-2m-20260828-133428,d008m_r270_run01.csv,2,8,270,dw00;dw01;dw02;dw03;dw04;dw05;dw06;dw07;dw08,dw00;dw01;dw02;dw03;dw04;dw05;dw06;dw07;dw08,,105,1,2026-08-30T19:08:10.809+0200,dw05,4B92,3,786,40,-251,745,2.89,72265
ground-height-2m-20260828-133428,d008m_r270_run01.csv,2,8,270,dw00;dw01;dw02;dw03;dw04;dw05;dw06;dw07;dw08,dw00;dw01;dw02;dw03;dw04;dw05;dw06;dw07;dw08,,125,1,2026-08-30T19:08:10.818+0200,dw06,0789,47,784,85,-36,783,2.95,82275
ground-height-2m-20260828-133428,d008m_r270_run01.csv,2,8,270,dw00;dw01;dw02;dw03;dw04;dw05;dw06;dw07;dw08,dw00;dw01;dw02;dw03;dw04;dw05;dw06;dw07;dw08,,35,1,2026-08-30T19:08:10.879+0200,dw01,1729,158,787,-130,660,428,3.06,42327
ground-height-2m-20260828-133428,d008m_r270_run01.csv,2,8,270,dw00;dw01;dw02;dw03;dw04;dw05;dw06;dw07;dw08,dw00;dw01;dw02;dw03;dw04;dw05;dw06;dw07;dw08,,55,1,2026-08-30T19:08:10.889+0200,dw02,8FB0,188,786,-90,786,0,1.87,52368
ground-height-2m-20260828-133428,d008m_r270_run01.csv,2,8,270,dw00;dw01;dw02;dw03;dw04;dw05;dw06;dw07;dw08,dw00;dw01;dw02;dw03;dw04;dw05;dw06;dw07;dw08,,145,1,2026-08-30T19:08:10.929+0200,dw07,5783,168,786,129,178,766,3.33,2147483
ground-height-2m-20260828-133428,d008m_r270_run01.csv,2,8,270,dw00;dw01;dw02;dw03;dw04;dw05;dw06;dw07;dw08,dw00;dw01;dw02;dw03;dw04;dw05;dw06;dw07;dw08,,75,1,2026-08-30T19:08:10.948+0200,dw03,021B,147,775,-34,-608,480,2.08,12298
ground-height-2m-20260828-133428,d008m_r270_run01.csv,2,8,270,dw00;dw01;dw02;dw03;dw04;dw05;dw06;dw07;dw08,dw00;dw01;dw02;dw03;dw04;dw05;dw06;dw07;dw08,,165,1,2026-08-30T19:08:10.958+0200,dw08,028E,177,785,161,334,710,3.45,22277
ground-height-2m-20260828-133428,d008m_r270_run01.csv,2,8,270,dw00;dw01;dw02;dw03;dw04;dw05;dw06;dw07;dw08,dw00;dw01;dw02;dw03;dw04;dw05;dw06;dw07;dw08,,15,1,2026-08-30T19:08:10.969+0200,dw00,8103,103,803,-164,508,621,2.71,32257
ground-height-2m-20260828-133428,d008m_r270_run01.csv,2,8,270,dw00;dw01;dw02;dw03;dw04;dw05;dw06;dw07;dw08,dw00;dw01;dw02;dw03;dw04;dw05;dw06;dw07;dw08,,90,1,2026-08-30T19:08:10.998+0200,dw04,0F85,125,782,6,-416,662,2.95,62286
ground-height-2m-20260828-133428,d008m_r270_run01.csv,2,8,270,dw00;dw01;dw02;dw03;dw04;dw05;dw06;dw07;dw08,dw00;dw01;dw02;dw03;dw04;dw05;dw06;dw07;dw08,,105,1,2026-08-30T19:08:11.009+0200,dw05,4B92,4,782,43,-237,745,2.95,72265
ground-height-2m-20260828-133428,d008m_r270_run01.csv,2,8,270,dw00;dw01;dw02;dw03;dw04;dw05;dw06;dw07;dw08,dw00;dw01;dw02;dw03;dw04;dw05;dw06;dw07;dw08,,125,1,2026-08-30T19:08:11.019+0200,dw06,0789,48,785,84,-39,784,3.06,82305
ground-height-2m-20260828-133428,d008m_r270_run01.csv,2,8,270,dw00;dw01;dw02;dw03;dw04;dw05;dw06;dw07;dw08,dw00;dw01;dw02;dw03;dw04;dw05;dw06;dw07;dw08,,35,1,2026-08-30T19:08:11.078+0200,dw01,1729,159,788,-118,721,318,3.06,42327
ground-height-2m-20260828-133428,d008m_r270_run01.csv,2,8,270,dw00;dw01;dw02;dw03;dw04;dw05;dw06;dw07;dw08,dw00;dw01;dw02;dw03;dw04;dw05;dw06;dw07;dw08,,55,1,2026-08-30T19:08:11.089+0200,dw02,8FB0,189,787,-81,-787,0,1.93,52337
ground-height-2m-20260828-133428,d008m_r270_run01.csv,2,8,270,dw00;dw01;dw02;dw03;dw04;dw05;dw06;dw07;dw08,dw00;dw01;dw02;dw03;dw04;dw05;dw06;dw07;dw08,,145,1,2026-08-30T19:08:11.129+0200,dw07,5783,169,779,127,166,761,3.45,2147483
ground-height-2m-20260828-133428,d008m_r270_run01.csv,2,8,270,dw00;dw01;dw02;dw03;dw04;dw05;dw06;dw07;dw08,dw00;dw01;dw02;dw03;dw04;dw05;dw06;dw07;dw08,,75,1,2026-08-30T19:08:11.148+0200,dw03,021B,148,769,-33,-599,481,2.02,12268
ground-height-2m-20260828-133428,d008m_r270_run01.csv,2,8,270,dw00;dw01;dw02;dw03;dw04;dw05;dw06;dw07;dw08,dw00;dw01;dw02;dw03;dw04;dw05;dw06;dw07;dw08,,165,1,2026-08-30T19:08:11.158+0200,dw08,028E,178,785,152,288,730,3.45,22308
ground-height-2m-20260828-133428,d008m_r270_run01.csv,2,8,270,dw00;dw01;dw02;dw03;dw04;dw05;dw06;dw07;dw08,dw00;dw01;dw02;dw03;dw04;dw05;dw06;dw07;dw08,,15,1,2026-08-30T19:08:11.168+0200,dw00,8103,104,802,-158,535,598,2.83,32257
ground-height-2m-20260828-133428,d008m_r270_run01.csv,2,8,270,dw00;dw01;dw02;dw03;dw04;dw05;dw06;dw07;dw08,dw00;dw01;dw02;dw03;dw04;dw05;dw06;dw07;dw08,,90,1,2026-08-30T19:08:11.198+0200,dw04,0F85,126,785,2,-438,652,3.06,62255
ground-height-2m-20260828-133428,d008m_r270_run01.csv,2,8,270,dw00;dw01;dw02;dw03;dw04;dw05;dw06;dw07;dw08,dw00;dw01;dw02;dw03;dw04;dw05;dw06;dw07;dw08,,105,1,2026-08-30T19:08:11.208+0200,dw05,4B92,5,787,43,-238,750,2.95,72204
ground-height-2m-20260828-133428,d008m_r270_run01.csv,2,8,270,dw00;dw01;dw02;dw03;dw04;dw05;dw06;dw07;dw08,dw00;dw01;dw02;dw03;dw04;dw05;dw06;dw07;dw08,,125,1,2026-08-30T19:08:11.219+0200,dw06,0789,49,789,90,-11,789,3.06,82275
ground-height-2m-20260828-133428,d008m_r270_run01.csv,2,8,270,dw00;dw01;dw02;dw03;dw04;dw05;dw06;dw07;dw08,dw00;dw01;dw02;dw03;dw04;dw05;dw06;dw07;dw08,,35,1,2026-08-30T19:08:11.278+0200,dw01,1729,160,792,-120,716,339,3.06,42297
ground-height-2m-20260828-133428,d008m_r270_run01.csv,2,8,270,dw00;dw01;dw02;dw03;dw04;dw05;dw06;dw07;dw08,dw00;dw01;dw02;dw03;dw04;dw05;dw06;dw07;dw08,,55,1,2026-08-30T19:08:11.288+0200,dw02,8FB0,190,785,-83,-785,0,1.93,52398
ground-height-2m-20260828-133428,d008m_r270_run01.csv,2,8,270,dw00;dw01;dw02;dw03;dw04;dw05;dw06;dw07;dw08,dw00;dw01;dw02;dw03;dw04;dw05;dw06;dw07;dw08,,145,1,2026-08-30T19:08:11.328+0200,dw07,5783,170,786,128,173,767,3.39,2147483
ground-height-2m-20260828-133428,d008m_r270_run01.csv,2,8,270,dw00;dw01;dw02;dw03;dw04;dw05;dw06;dw07;dw08,dw00;dw01;dw02;dw03;dw04;dw05;dw06;dw07;dw08,,75,1,2026-08-30T19:08:11.349+0200,dw03,021B,149,772,-39,-628,448,2.02,12268
ground-height-2m-20260828-133428,d008m_r270_run01.csv,2,8,270,dw00;dw01;dw02;dw03;dw04;dw05;dw06;dw07;dw08,dw00;dw01;dw02;dw03;dw04;dw05;dw06;dw07;dw08,,165,1,2026-08-30T19:08:11.358+0200,dw08,028E,179,781,152,285,727,3.57,22247
ground-height-2m-20260828-133428,d008m_r270_run01.csv,2,8,270,dw00;dw01;dw02;dw03;dw04;dw05;dw06;dw07;dw08,dw00;dw01;dw02;dw03;dw04;dw05;dw06;dw07;dw08,,15,1,2026-08-30T19:08:11.368+0200,dw00,8103,105,803,-162,517,615,2.83,32257
ground-height-2m-20260828-133428,d008m_r270_run01.csv,2,8,270,dw00;dw01;dw02;dw03;dw04;dw05;dw06;dw07;dw08,dw00;dw01;dw02;dw03;dw04;dw05;dw06;dw07;dw08,,90,1,2026-08-30T19:08:11.398+0200,dw04,0F85,127,787,5,-424,663,3.01,62255
ground-height-2m-20260828-133428,d008m_r270_run01.csv,2,8,270,dw00;dw01;dw02;dw03;dw04;dw05;dw06;dw07;dw08,dw00;dw01;dw02;dw03;dw04;dw05;dw06;dw07;dw08,,105,1,2026-08-30T19:08:11.408+0200,dw05,4B92,6,787,41,-248,747,3.01,72235
ground-height-2m-20260828-133428,d008m_r270_run01.csv,2,8,270,dw00;dw01;dw02;dw03;dw04;dw05;dw06;dw07;dw08,dw00;dw01;dw02;dw03;dw04;dw05;dw06;dw07;dw08,,125,1,2026-08-30T19:08:11.418+0200,dw06,0789,50,783,82,-48,781,3.01,82275
ground-height-2m-20260828-133428,d008m_r270_run01.csv,2,8,270,dw00;dw01;dw02;dw03;dw04;dw05;dw06;dw07;dw08,dw00;dw01;dw02;dw03;dw04;dw05;dw06;dw07;dw08,,35,1,2026-08-30T19:08:11.478+0200,dw01,1729,161,789,-124,694,375,3.06,42297
ground-height-2m-20260828-133428,d008m_r270_run01.csv,2,8,270,dw00;dw01;dw02;dw03;dw04;dw05;dw06;dw07;dw08,dw00;dw01;dw02;dw03;dw04;dw05;dw06;dw07;dw08,,55,1,2026-08-30T19:08:11.488+0200,dw02,8FB0,191,783,-80,-783,0,1.93,52368
ground-height-2m-20260828-133428,d008m_r270_run01.csv,2,8,270,dw00;dw01;dw02;dw03;dw04;dw05;dw06;dw07;dw08,dw00;dw01;dw02;dw03;dw04;dw05;dw06;dw07;dw08,,145,1,2026-08-30T19:08:11.528+0200,dw07,5783,171,780,129,178,759,3.45,2147483
ground-height-2m-20260828-133428,d008m_r270_run01.csv,2,8,270,dw00;dw01;dw02;dw03;dw04;dw05;dw06;dw07;dw08,dw00;dw01;dw02;dw03;dw04;dw05;dw06;dw07;dw08,,75,1,2026-08-30T19:08:11.548+0200,dw03,021B,150,772,-39,-629,447,2.02,12268
ground-height-2m-20260828-133428,d008m_r270_run01.csv,2,8,270,dw00;dw01;dw02;dw03;dw04;dw05;dw06;dw07;dw08,dw00;dw01;dw02;dw03;dw04;dw05;dw06;dw07;dw08,,165,1,2026-08-30T19:08:11.559+0200,dw08,028E,180,784,145,253,742,3.51,22308
ground-height-2m-20260828-133428,d008m_r270_run01.csv,2,8,270,dw00;dw01;dw02;dw03;dw04;dw05;dw06;dw07;dw08,dw00;dw01;dw02;dw03;dw04;dw05;dw06;dw07;dw08,,15,1,2026-08-30T19:08:11.568+0200,dw00,8103,106,801,-177,443,667,2.83,32287
ground-height-2m-20260828-133428,d008m_r270_run01.csv,2,8,270,dw00;dw01;dw02;dw03;dw04;dw05;dw06;dw07;dw08,dw00;dw01;dw02;dw03;dw04;dw05;dw06;dw07;dw08,,90,1,2026-08-30T19:08:11.599+0200,dw04,0F85,128,783,5,-423,659,3.06,62255
ground-height-2m-20260828-133428,d008m_r270_run01.csv,2,8,270,dw00;dw01;dw02;dw03;dw04;dw05;dw06;dw07;dw08,dw00;dw01;dw02;dw03;dw04;dw05;dw06;dw07;dw08,,105,1,2026-08-30T19:08:11.608+0200,dw05,4B92,7,785,44,-233,749,2.95,72235
ground-height-2m-20260828-133428,d008m_r270_run01.csv,2,8,270,dw00;dw01;dw02;dw03;dw04;dw05;dw06;dw07;dw08,dw00;dw01;dw02;dw03;dw04;dw05;dw06;dw07;dw08,,125,1,2026-08-30T19:08:11.618+0200,dw06,0789,51,785,85,-36,784,3.06,82275
ground-height-2m-20260828-133428,d008m_r270_run01.csv,2,8,270,dw00;dw01;dw02;dw03;dw04;dw05;dw06;dw07;dw08,dw00;dw01;dw02;dw03;dw04;dw05;dw06;dw07;dw08,,35,1,2026-08-30T19:08:11.679+0200,dw01,1729,162,788,-119,716,330,3.15,42327
ground-height-2m-20260828-133428,d008m_r270_run01.csv,2,8,270,dw00;dw01;dw02;dw03;dw04;dw05;dw06;dw07;dw08,dw00;dw01;dw02;dw03;dw04;dw05;dw06;dw07;dw08,,55,1,2026-08-30T19:08:11.688+0200,dw02,8FB0,192,787,-78,-787,0,1.87,52429
ground-height-2m-20260828-133428,d008m_r270_run01.csv,2,8,270,dw00;dw01;dw02;dw03;dw04;dw05;dw06;dw07;dw08,dw00;dw01;dw02;dw03;dw04;dw05;dw06;dw07;dw08,,145,1,2026-08-30T19:08:11.728+0200,dw07,5783,172,784,124,151,769,3.45,2147483
ground-height-2m-20260828-133428,d008m_r270_run01.csv,2,8,270,dw00;dw01;dw02;dw03;dw04;dw05;dw06;dw07;dw08,dw00;dw01;dw02;dw03;dw04;dw05;dw06;dw07;dw08,,75,1,2026-08-30T19:08:11.748+0200,dw03,021B,151,770,-38,-622,454,2.08,12268
ground-height-2m-20260828-133428,d008m_r270_run01.csv,2,8,270,dw00;dw01;dw02;dw03;dw04;dw05;dw06;dw07;dw08,dw00;dw01;dw02;dw03;dw04;dw05;dw06;dw07;dw08,,165,1,2026-08-30T19:08:11.758+0200,dw08,028E,181,781,150,280,730,3.45,22277
ground-height-2m-20260828-133428,d008m_r270_run01.csv,2,8,270,dw00;dw01;dw02;dw03;dw04;dw05;dw06;dw07;dw08,dw00;dw01;dw02;dw03;dw04;dw05;dw06;dw07;dw08,,15,1,2026-08-30T19:08:11.768+0200,dw00,8103,107,802,-166,496,630,2.77,32257
ground-height-2m-20260828-133428,d008m_r270_run01.csv,2,8,270,dw00;dw01;dw02;dw03;dw04;dw05;dw06;dw07;dw08,dw00;dw01;dw02;dw03;dw04;dw05;dw06;dw07;dw08,,90,1,2026-08-30T19:08:11.798+0200,dw04,0F85,129,784,3,-431,655,3.06,62255
ground-height-2m-20260828-133428,d008m_r270_run01.csv,2,8,270,dw00;dw01;dw02;dw03;dw04;dw05;dw06;dw07;dw08,dw00;dw01;dw02;dw03;dw04;dw05;dw06;dw07;dw08,,105,1,2026-08-30T19:08:11.808+0200,dw05,4B92,8,785,43,-236,748,2.95,72235
ground-height-2m-20260828-133428,d008m_r270_run01.csv,2,8,270,dw00;dw01;dw02;dw03;dw04;dw05;dw06;dw07;dw08,dw00;dw01;dw02;dw03;dw04;dw05;dw06;dw07;dw08,,125,1,2026-08-30T19:08:11.818+0200,dw06,0789,52,784,85,-34,783,3.01,82275
ground-height-2m-20260828-133428,d008m_r270_run01.csv,2,8,270,dw00;dw01;dw02;dw03;dw04;dw05;dw06;dw07;dw08,dw00;dw01;dw02;dw03;dw04;dw05;dw06;dw07;dw08,,35,1,2026-08-30T19:08:11.878+0200,dw01,1729,163,793,-127,679,408,3.06,42297
ground-height-2m-20260828-133428,d008m_r270_run01.csv,2,8,270,dw00;dw01;dw02;dw03;dw04;dw05;dw06;dw07;dw08,dw00;dw01;dw02;dw03;dw04;dw05;dw06;dw07;dw08,,55,1,2026-08-30T19:08:11.889+0200,dw02,8FB0,193,785,-78,-785,0,1.81,52368
ground-height-2m-20260828-133428,d008m_r270_run01.csv,2,8,270,dw00;dw01;dw02;dw03;dw04;dw05;dw06;dw07;dw08,dw00;dw01;dw02;dw03;dw04;dw05;dw06;dw07;dw08,,145,1,2026-08-30T19:08:11.929+0200,dw07,5783,173,784,130,180,763,3.45,2147483
ground-height-2m-20260828-133428,d008m_r270_run01.csv,2,8,270,dw00;dw01;dw02;dw03;dw04;dw05;dw06;dw07;dw08,dw00;dw01;dw02;dw03;dw04;dw05;dw06;dw07;dw08,,75,1,2026-08-30T19:08:11.948+0200,dw03,021B,152,773,-40,-636,440,2.08,12268
ground-height-2m-20260828-133428,d008m_r270_run01.csv,2,8,270,dw00;dw01;dw02;dw03;dw04;dw05;dw06;dw07;dw08,dw00;dw01;dw02;dw03;dw04;dw05;dw06;dw07;dw08,,165,1,2026-08-30T19:08:11.958+0200,dw08,028E,182,786,152,287,732,3.63,22277
ground-height-2m-20260828-133428,d008m_r270_run01.csv,2,8,270,dw00;dw01;dw02;dw03;dw04;dw05;dw06;dw07;dw08,dw00;dw01;dw02;dw03;dw04;dw05;dw06;dw07;dw08,,15,1,2026-08-30T19:08:11.968+0200,dw00,8103,108,802,-162,517,613,2.83,32257
ground-height-2m-20260828-133428,d008m_r270_run01.csv,2,8,270,dw00;dw01;dw02;dw03;dw04;dw05;dw06;dw07;dw08,dw00;dw01;dw02;dw03;dw04;dw05;dw06;dw07;dw08,,90,1,2026-08-30T19:08:11.998+0200,dw04,0F85,130,780,3,-429,651,3.01,62255
ground-height-2m-20260828-133428,d008m_r270_run01.csv,2,8,270,dw00;dw01;dw02;dw03;dw04;dw05;dw06;dw07;dw08,dw00;dw01;dw02;dw03;dw04;dw05;dw06;dw07;dw08,,105,1,2026-08-30T19:08:12.008+0200,dw05,4B92,9,785,42,-244,746,3.06,72235
ground-height-2m-20260828-133428,d008m_r270_run01.csv,2,8,270,dw00;dw01;dw02;dw03;dw04;dw05;dw06;dw07;dw08,dw00;dw01;dw02;dw03;dw04;dw05;dw06;dw07;dw08,,125,1,2026-08-30T19:08:12.018+0200,dw06,0789,53,783,85,-33,783,3.09,82275
ground-height-2m-20260828-133428,d008m_r270_run01.csv,2,8,270,dw00;dw01;dw02;dw03;dw04;dw05;dw06;dw07;dw08,dw00;dw01;dw02;dw03;dw04;dw05;dw06;dw07;dw08,,35,1,2026-08-30T19:08:12.078+0200,dw01,1729,164,792,-120,717,337,3.06,42327
ground-height-2m-20260828-133428,d008m_r270_run01.csv,2,8,270,dw00;dw01;dw02;dw03;dw04;dw05;dw06;dw07;dw08,dw00;dw01;dw02;dw03;dw04;dw05;dw06;dw07;dw08,,55,1,2026-08-30T19:08:12.088+0200,dw02,8FB0,194,784,-72,-784,0,1.93,52368
ground-height-2m-20260828-133428,d008m_r270_run01.csv,2,8,270,dw00;dw01;dw02;dw03;dw04;dw05;dw06;dw07;dw08,dw00;dw01;dw02;dw03;dw04;dw05;dw06;dw07;dw08,,145,1,2026-08-30T19:08:12.128+0200,dw07,5783,174,781,124,154,766,3.39,2147483
ground-height-2m-20260828-133428,d008m_r270_run01.csv,2,8,270,dw00;dw01;dw02;dw03;dw04;dw05;dw06;dw07;dw08,dw00;dw01;dw02;dw03;dw04;dw05;dw06;dw07;dw08,,75,1,2026-08-30T19:08:12.148+0200,dw03,021B,153,769,-33,-596,485,2.02,12298
ground-height-2m-20260828-133428,d008m_r270_run01.csv,2,8,270,dw00;dw01;dw02;dw03;dw04;dw05;dw06;dw07;dw08,dw00;dw01;dw02;dw03;dw04;dw05;dw06;dw07;dw08,,165,1,2026-08-30T19:08:12.158+0200,dw08,028E,183,786,151,282,734,3.45,22277
ground-height-2m-20260828-133428,d008m_r270_run01.csv,2,8,270,dw00;dw01;dw02;dw03;dw04;dw05;dw06;dw07;dw08,dw00;dw01;dw02;dw03;dw04;dw05;dw06;dw07;dw08,,15,1,2026-08-30T19:08:12.168+0200,dw00,8103,109,799,-160,524,603,2.71,32257
ground-height-2m-20260828-133428,d008m_r270_run01.csv,2,8,270,dw00;dw01;dw02;dw03;dw04;dw05;dw06;dw07;dw08,dw00;dw01;dw02;dw03;dw04;dw05;dw06;dw07;dw08,,90,1,2026-08-30T19:08:12.198+0200,dw04,0F85,131,783,4,-426,656,3.06,62255
ground-height-2m-20260828-133428,d008m_r270_run01.csv,2,8,270,dw00;dw01;dw02;dw03;dw04;dw05;dw06;dw07;dw08,dw00;dw01;dw02;dw03;dw04;dw05;dw06;dw07;dw08,,105,1,2026-08-30T19:08:12.208+0200,dw05,4B92,10,786,38,-260,741,2.95,72235
ground-height-2m-20260828-133428,d008m_r270_run01.csv,2,8,270,dw00;dw01;dw02;dw03;dw04;dw05;dw06;dw07;dw08,dw00;dw01;dw02;dw03;dw04;dw05;dw06;dw07;dw08,,125,1,2026-08-30T19:08:12.218+0200,dw06,0789,54,783,84,-38,782,3.15,82305
ground-height-2m-20260828-133428,d008m_r270_run01.csv,2,8,270,dw00;dw01;dw02;dw03;dw04;dw05;dw06;dw07;dw08,dw00;dw01;dw02;dw03;dw04;dw05;dw06;dw07;dw08,,35,1,2026-08-30T19:08:12.278+0200,dw01,1729,165,788,-118,719,322,3.06,42327
ground-height-2m-20260828-133428,d008m_r270_run01.csv,2,8,270,dw00;dw01;dw02;dw03;dw04;dw05;dw06;dw07;dw08,dw00;dw01;dw02;dw03;dw04;dw05;dw06;dw07;dw08,,55,1,2026-08-30T19:08:12.288+0200,dw02,8FB0,195,783,-82,-783,0,1.93,52368
ground-height-2m-20260828-133428,d008m_r270_run01.csv,2,8,270,dw00;dw01;dw02;dw03;dw04;dw05;dw06;dw07;dw08,dw00;dw01;dw02;dw03;dw04;dw05;dw06;dw07;dw08,,145,1,2026-08-30T19:08:12.328+0200,dw07,5783,175,783,127,166,765,3.45,2147483
ground-height-2m-20260828-133428,d008m_r270_run01.csv,2,8,270,dw00;dw01;dw02;dw03;dw04;dw05;dw06;dw07;dw08,dw00;dw01;dw02;dw03;dw04;dw05;dw06;dw07;dw08,,75,1,2026-08-30T19:08:12.347+0200,dw03,021B,154,769,-33,-597,485,2.08,12268
ground-height-2m-20260828-133428,d008m_r270_run01.csv,2,8,270,dw00;dw01;dw02;dw03;dw04;dw05;dw06;dw07;dw08,dw00;dw01;dw02;dw03;dw04;dw05;dw06;dw07;dw08,,165,1,2026-08-30T19:08:12.358+0200,dw08,028E,184,780,147,260,736,3.45,22247
ground-height-2m-20260828-133428,d008m_r270_run01.csv,2,8,270,dw00;dw01;dw02;dw03;dw04;dw05;dw06;dw07;dw08,dw00;dw01;dw02;dw03;dw04;dw05;dw06;dw07;dw08,,15,1,2026-08-30T19:08:12.368+0200,dw00,8103,110,802,-164,507,621,2.95,32257
ground-height-2m-20260828-133428,d008m_r270_run01.csv,2,8,270,dw00;dw01;dw02;dw03;dw04;dw05;dw06;dw07;dw08,dw00;dw01;dw02;dw03;dw04;dw05;dw06;dw07;dw08,,90,1,2026-08-30T19:08:12.398+0200,dw04,0F85,132,782,7,-411,666,3.06,62255
ground-height-2m-20260828-133428,d008m_r270_run01.csv,2,8,270,dw00;dw01;dw02;dw03;dw04;dw05;dw06;dw07;dw08,dw00;dw01;dw02;dw03;dw04;dw05;dw06;dw07;dw08,,105,1,2026-08-30T19:08:12.408+0200,dw05,4B92,11,786,40,-253,743,2.95,72235
ground-height-2m-20260828-133428,d008m_r270_run01.csv,2,8,270,dw00;dw01;dw02;dw03;dw04;dw05;dw06;dw07;dw08,dw00;dw01;dw02;dw03;dw04;dw05;dw06;dw07;dw08,,125,1,2026-08-30T19:08:12.418+0200,dw06,0789,55,787,90,-13,787,3.01,82244
ground-height-2m-20260828-133428,d008m_r270_run01.csv,2,8,270,dw00;dw01;dw02;dw03;dw04;dw05;dw06;dw07;dw08,dw00;dw01;dw02;dw03;dw04;dw05;dw06;dw07;dw08,,35,1,2026-08-30T19:08:12.478+0200,dw01,1729,166,788,-127,679,399,3.06,42327
ground-height-2m-20260828-133428,d008m_r270_run01.csv,2,8,270,dw00;dw01;dw02;dw03;dw04;dw05;dw06;dw07;dw08,dw00;dw01;dw02;dw03;dw04;dw05;dw06;dw07;dw08,,55,1,2026-08-30T19:08:12.488+0200,dw02,8FB0,196,786,-85,-786,0,1.93,52337
ground-height-2m-20260828-133428,d008m_r270_run01.csv,2,8,270,dw00;dw01;dw02;dw03;dw04;dw05;dw06;dw07;dw08,dw00;dw01;dw02;dw03;dw04;dw05;dw06;dw07;dw08,,145,1,2026-08-30T19:08:12.528+0200,dw07,5783,176,780,132,190,757,3.45,2147483
ground-height-2m-20260828-133428,d008m_r270_run01.csv,2,8,270,dw00;dw01;dw02;dw03;dw04;dw05;dw06;dw07;dw08,dw00;dw01;dw02;dw03;dw04;dw05;dw06;dw07;dw08,,75,1,2026-08-30T19:08:12.548+0200,dw03,021B,155,772,-36,-614,467,2.02,12268
ground-height-2m-20260828-133428,d008m_r270_run01.csv,2,8,270,dw00;dw01;dw02;dw03;dw04;dw05;dw06;dw07;dw08,dw00;dw01;dw02;dw03;dw04;dw05;dw06;dw07;dw08,,165,1,2026-08-30T19:08:12.559+0200,dw08,028E,185,783,144,251,742,3.63,22308
ground-height-2m-20260828-133428,d008m_r270_run01.csv,2,8,270,dw00;dw01;dw02;dw03;dw04;dw05;dw06;dw07;dw08,dw00;dw01;dw02;dw03;dw04;dw05;dw06;dw07;dw08,,15,1,2026-08-30T19:08:12.568+0200,dw00,8103,111,799,-163,510,615,2.77,32257
ground-height-2m-20260828-133428,d008m_r270_run01.csv,2,8,270,dw00;dw01;dw02;dw03;dw04;dw05;dw06;dw07;dw08,dw00;dw01;dw02;dw03;dw04;dw05;dw06;dw07;dw08,,90,1,2026-08-30T19:08:12.597+0200,dw04,0F85,133,785,1,-440,650,3.01,62255
ground-height-2m-20260828-133428,d008m_r270_run01.csv,2,8,270,dw00;dw01;dw02;dw03;dw04;dw05;dw06;dw07;dw08,dw00;dw01;dw02;dw03;dw04;dw05;dw06;dw07;dw08,,105,1,2026-08-30T19:08:12.608+0200,dw05,4B92,12,784,43,-238,747,2.95,72265
ground-height-2m-20260828-133428,d008m_r270_run01.csv,2,8,270,dw00;dw01;dw02;dw03;dw04;dw05;dw06;dw07;dw08,dw00;dw01;dw02;dw03;dw04;dw05;dw06;dw07;dw08,,125,1,2026-08-30T19:08:12.618+0200,dw06,0789,56,785,87,-27,784,3.06,82305
ground-height-2m-20260828-133428,d008m_r270_run01.csv,2,8,270,dw00;dw01;dw02;dw03;dw04;dw05;dw06;dw07;dw08,dw00;dw01;dw02;dw03;dw04;dw05;dw06;dw07;dw08,,35,1,2026-08-30T19:08:12.678+0200,dw01,1729,167,786,-132,651,439,3.06,42297
ground-height-2m-20260828-133428,d008m_r270_run01.csv,2,8,270,dw00;dw01;dw02;dw03;dw04;dw05;dw06;dw07;dw08,dw00;dw01;dw02;dw03;dw04;dw05;dw06;dw07;dw08,,55,1,2026-08-30T19:08:12.688+0200,dw02,8FB0,197,783,-91,783,0,1.93,52368
ground-height-2m-20260828-133428,d008m_r270_run01.csv,2,8,270,dw00;dw01;dw02;dw03;dw04;dw05;dw06;dw07;dw08,dw00;dw01;dw02;dw03;dw04;dw05;dw06;dw07;dw08,,145,1,2026-08-30T19:08:12.728+0200,dw07,5783,177,786,128,171,767,3.51,2147483
ground-height-2m-20260828-133428,d008m_r270_run01.csv,2,8,270,dw00;dw01;dw02;dw03;dw04;dw05;dw06;dw07;dw08,dw00;dw01;dw02;dw03;dw04;dw05;dw06;dw07;dw08,,75,1,2026-08-30T19:08:12.748+0200,dw03,021B,156,769,-33,-598,484,2.08,12268
ground-height-2m-20260828-133428,d008m_r270_run01.csv,2,8,270,dw00;dw01;dw02;dw03;dw04;dw05;dw06;dw07;dw08,dw00;dw01;dw02;dw03;dw04;dw05;dw06;dw07;dw08,,165,1,2026-08-30T19:08:12.758+0200,dw08,028E,186,779,145,251,738,3.57,22277
ground-height-2m-20260828-133428,d008m_r270_run01.csv,2,8,270,dw00;dw01;dw02;dw03;dw04;dw05;dw06;dw07;dw08,dw00;dw01;dw02;dw03;dw04;dw05;dw06;dw07;dw08,,15,1,2026-08-30T19:08:12.767+0200,dw00,8103,112,800,-165,498,626,2.71,32257
ground-height-2m-20260828-133428,d008m_r270_run01.csv,2,8,270,dw00;dw01;dw02;dw03;dw04;dw05;dw06;dw07;dw08,dw00;dw01;dw02;dw03;dw04;dw05;dw06;dw07;dw08,,90,1,2026-08-30T19:08:12.798+0200,dw04,0F85,134,783,7,-412,665,3.06,62286
ground-height-2m-20260828-133428,d008m_r270_run01.csv,2,8,270,dw00;dw01;dw02;dw03;dw04;dw05;dw06;dw07;dw08,dw00;dw01;dw02;dw03;dw04;dw05;dw06;dw07;dw08,,105,1,2026-08-30T19:08:12.807+0200,dw05,4B92,13,785,43,-236,748,2.95,72265
ground-height-2m-20260828-133428,d008m_r270_run01.csv,2,8,270,dw00;dw01;dw02;dw03;dw04;dw05;dw06;dw07;dw08,dw00;dw01;dw02;dw03;dw04;dw05;dw06;dw07;dw08,,125,1,2026-08-30T19:08:12.818+0200,dw06,0789,57,784,83,-45,782,3.09,82244
ground-height-2m-20260828-133428,d008m_r270_run01.csv,2,8,270,dw00;dw01;dw02;dw03;dw04;dw05;dw06;dw07;dw08,dw00;dw01;dw02;dw03;dw04;dw05;dw06;dw07;dw08,,35,1,2026-08-30T19:08:12.878+0200,dw01,1729,168,789,-130,661,430,3.01,42327
ground-height-2m-20260828-133428,d008m_r270_run01.csv,2,8,270,dw00;dw01;dw02;dw03;dw04;dw05;dw06;dw07;dw08,dw00;dw01;dw02;dw03;dw04;dw05;dw06;dw07;dw08,,55,1,2026-08-30T19:08:12.887+0200,dw02,8FB0,198,787,-90,787,0,1.93,52398
ground-height-2m-20260828-133428,d008m_r270_run01.csv,2,8,270,dw00;dw01;dw02;dw03;dw04;dw05;dw06;dw07;dw08,dw00;dw01;dw02;dw03;dw04;dw05;dw06;dw07;dw08,,145,1,2026-08-30T19:08:12.927+0200,dw07,5783,178,784,127,166,766,3.33,2147483
ground-height-2m-20260828-133428,d008m_r270_run01.csv,2,8,270,dw00;dw01;dw02;dw03;dw04;dw05;dw06;dw07;dw08,dw00;dw01;dw02;dw03;dw04;dw05;dw06;dw07;dw08,,75,1,2026-08-30T19:08:12.948+0200,dw03,021B,157,772,-44,-652,413,2.20,12268
ground-height-2m-20260828-133428,d008m_r270_run01.csv,2,8,270,dw00;dw01;dw02;dw03;dw04;dw05;dw06;dw07;dw08,dw00;dw01;dw02;dw03;dw04;dw05;dw06;dw07;dw08,,165,1,2026-08-30T19:08:12.958+0200,dw08,028E,187,782,144,248,741,3.45,22277
ground-height-2m-20260828-133428,d008m_r270_run01.csv,2,8,270,dw00;dw01;dw02;dw03;dw04;dw05;dw06;dw07;dw08,dw00;dw01;dw02;dw03;dw04;dw05;dw06;dw07;dw08,,15,1,2026-08-30T19:08:12.968+0200,dw00,8103,113,801,-163,510,617,2.71,32257
ground-height-2m-20260828-133428,d008m_r270_run01.csv,2,8,270,dw00;dw01;dw02;dw03;dw04;dw05;dw06;dw07;dw08,dw00;dw01;dw02;dw03;dw04;dw05;dw06;dw07;dw08,,90,1,2026-08-30T19:08:12.998+0200,dw04,0F85,135,782,4,-427,656,2.95,62225
ground-height-2m-20260828-133428,d008m_r270_run01.csv,2,8,270,dw00;dw01;dw02;dw03;dw04;dw05;dw06;dw07;dw08,dw00;dw01;dw02;dw03;dw04;dw05;dw06;dw07;dw08,,105,1,2026-08-30T19:08:13.008+0200,dw05,4B92,14,787,42,-245,748,2.89,72265
ground-height-2m-20260828-133428,d008m_r270_run01.csv,2,8,270,dw00;dw01;dw02;dw03;dw04;dw05;dw06;dw07;dw08,dw00;dw01;dw02;dw03;dw04;dw05;dw06;dw07;dw08,,125,1,2026-08-30T19:08:13.017+0200,dw06,0789,58,783,86,-28,783,3.15,82275
ground-height-2m-20260828-133428,d008m_r270_run01.csv,2,8,270,dw00;dw01;dw02;dw03;dw04;dw05;dw06;dw07;dw08,dw00;dw01;dw02;dw03;dw04;dw05;dw06;dw07;dw08,,35,1,2026-08-30T19:08:13.078+0200,dw01,1729,169,789,-120,710,344,3.06,42327
ground-height-2m-20260828-133428,d008m_r270_run01.csv,2,8,270,dw00;dw01;dw02;dw03;dw04;dw05;dw06;dw07;dw08,dw00;dw01;dw02;dw03;dw04;dw05;dw06;dw07;dw08,,55,1,2026-08-30T19:08:13.088+0200,dw02,8FB0,199,784,-91,784,0,1.87,52368
ground-height-2m-20260828-133428,d008m_r270_run01.csv,2,8,270,dw00;dw01;dw02;dw03;dw04;dw05;dw06;dw07;dw08,dw00;dw01;dw02;dw03;dw04;dw05;dw06;dw07;dw08,,145,1,2026-08-30T19:08:13.128+0200,dw07,5783,179,788,123,147,774,3.39,2147483
ground-height-2m-20260828-133428,d008m_r270_run01.csv,2,8,270,dw00;dw01;dw02;dw03;dw04;dw05;dw06;dw07;dw08,dw00;dw01;dw02;dw03;dw04;dw05;dw06;dw07;dw08,,75,1,2026-08-30T19:08:13.147+0200,dw03,021B,158,770,-37,-617,461,2.08,12268
ground-height-2m-20260828-133428,d008m_r270_run01.csv,2,8,270,dw00;dw01;dw02;dw03;dw04;dw05;dw06;dw07;dw08,dw00;dw01;dw02;dw03;dw04;dw05;dw06;dw07;dw08,,165,1,2026-08-30T19:08:13.158+0200,dw08,028E,188,782,140,230,747,3.45,22308
ground-height-2m-20260828-133428,d008m_r270_run01.csv,2,8,270,dw00;dw01;dw02;dw03;dw04;dw05;dw06;dw07;dw08,dw00;dw01;dw02;dw03;dw04;dw05;dw06;dw07;dw08,,15,1,2026-08-30T19:08:13.168+0200,dw00,8103,114,800,-156,543,587,2.71,32257
ground-height-2m-20260828-133428,d008m_r270_run01.csv,2,8,270,dw00;dw01;dw02;dw03;dw04;dw05;dw06;dw07;dw08,dw00;dw01;dw02;dw03;dw04;dw05;dw06;dw07;dw08,,90,1,2026-08-30T19:08:13.198+0200,dw04,0F85,136,784,2,-436,651,3.01,62255
ground-height-2m-20260828-133428,d008m_r270_run01.csv,2,8,270,dw00;dw01;dw02;dw03;dw04;dw05;dw06;dw07;dw08,dw00;dw01;dw02;dw03;dw04;dw05;dw06;dw07;dw08,,105,1,2026-08-30T19:08:13.208+0200,dw05,4B92,15,785,36,-270,737,2.95,72235
ground-height-2m-20260828-133428,d008m_r270_run01.csv,2,8,270,dw00;dw01;dw02;dw03;dw04;dw05;dw06;dw07;dw08,dw00;dw01;dw02;dw03;dw04;dw05;dw06;dw07;dw08,,125,1,2026-08-30T19:08:13.217+0200,dw06,0789,59,782,81,-56,780,3.06,82305
ground-height-2m-20260828-133428,d008m_r270_run01.csv,2,8,270,dw00;dw01;dw02;dw03;dw04;dw05;dw06;dw07;dw08,dw00;dw01;dw02;dw03;dw04;dw05;dw06;dw07;dw08,,35,1,2026-08-30T19:08:13.278+0200,dw01,1729,170,791,-133,651,450,3.09,42327
ground-height-2m-20260828-133428,d008m_r270_run01.csv,2,8,270,dw00;dw01;dw02;dw03;dw04;dw05;dw06;dw07;dw08,dw00;dw01;dw02;dw03;dw04;dw05;dw06;dw07;dw08,,55,1,2026-08-30T19:08:13.288+0200,dw02,8FB0,200,783,-86,-783,0,1.93,52368
ground-height-2m-20260828-133428,d008m_r270_run01.csv,2,8,270,dw00;dw01;dw02;dw03;dw04;dw05;dw06;dw07;dw08,dw00;dw01;dw02;dw03;dw04;dw05;dw06;dw07;dw08,,145,1,2026-08-30T19:08:13.328+0200,dw07,5783,180,783,128,169,764,3.39,2147483
ground-height-2m-20260828-133428,d008m_r270_run01.csv,2,8,270,dw00;dw01;dw02;dw03;dw04;dw05;dw06;dw07;dw08,dw00;dw01;dw02;dw03;dw04;dw05;dw06;dw07;dw08,,75,1,2026-08-30T19:08:13.347+0200,dw03,021B,159,773,-40,-636,439,2.02,12268
ground-height-2m-20260828-133428,d008m_r270_run01.csv,2,8,270,dw00;dw01;dw02;dw03;dw04;dw05;dw06;dw07;dw08,dw00;dw01;dw02;dw03;dw04;dw05;dw06;dw07;dw08,,165,1,2026-08-30T19:08:13.357+0200,dw08,028E,189,784,148,269,736,3.57,22277
ground-height-2m-20260828-133428,d008m_r270_run01.csv,2,8,270,dw00;dw01;dw02;dw03;dw04;dw05;dw06;dw07;dw08,dw00;dw01;dw02;dw03;dw04;dw05;dw06;dw07;dw08,,15,1,2026-08-30T19:08:13.368+0200,dw00,8103,115,803,-160,526,607,2.83,32287
ground-height-2m-20260828-133428,d008m_r270_run01.csv,2,8,270,dw00;dw01;dw02;dw03;dw04;dw05;dw06;dw07;dw08,dw00;dw01;dw02;dw03;dw04;dw05;dw06;dw07;dw08,,90,1,2026-08-30T19:08:13.397+0200,dw04,0F85,137,783,7,-414,665,3.06,62286
ground-height-2m-20260828-133428,d008m_r270_run01.csv,2,8,270,dw00;dw01;dw02;dw03;dw04;dw05;dw06;dw07;dw08,dw00;dw01;dw02;dw03;dw04;dw05;dw06;dw07;dw08,,105,1,2026-08-30T19:08:13.408+0200,dw05,4B92,16,784,38,-263,739,2.95,72265
ground-height-2m-20260828-133428,d008m_r270_run01.csv,2,8,270,dw00;dw01;dw02;dw03;dw04;dw05;dw06;dw07;dw08,dw00;dw01;dw02;dw03;dw04;dw05;dw06;dw07;dw08,,125,1,2026-08-30T19:08:13.418+0200,dw06,0789,60,785,82,-48,783,3.06,82275
ground-height-2m-20260828-133428,d008m_r270_run01.csv,2,8,270,dw00;dw01;dw02;dw03;dw04;dw05;dw06;dw07;dw08,dw00;dw01;dw02;dw03;dw04;dw05;dw06;dw07;dw08,,35,1,2026-08-30T19:08:13.477+0200,dw01,1729,171,787,-123,696,367,3.01,42327
ground-height-2m-20260828-133428,d008m_r270_run01.csv,2,8,270,dw00;dw01;dw02;dw03;dw04;dw05;dw06;dw07;dw08,dw00;dw01;dw02;dw03;dw04;dw05;dw06;dw07;dw08,,55,1,2026-08-30T19:08:13.488+0200,dw02,8FB0,201,788,-87,787,0,1.93,52368
ground-height-2m-20260828-133428,d008m_r270_run01.csv,2,8,270,dw00;dw01;dw02;dw03;dw04;dw05;dw06;dw07;dw08,dw00;dw01;dw02;dw03;dw04;dw05;dw06;dw07;dw08,,145,1,2026-08-30T19:08:13.528+0200,dw07,5783,181,785,127,166,767,3.45,2147483
ground-height-2m-20260828-133428,d008m_r270_run01.csv,2,8,270,dw00;dw01;dw02;dw03;dw04;dw05;dw06;dw07;dw08,dw00;dw01;dw02;dw03;dw04;dw05;dw06;dw07;dw08,,75,1,2026-08-30T19:08:13.548+0200,dw03,021B,160,767,-39,-625,445,2.14,12268
ground-height-2m-20260828-133428,d008m_r270_run01.csv,2,8,270,dw00;dw01;dw02;dw03;dw04;dw05;dw06;dw07;dw08,dw00;dw01;dw02;dw03;dw04;dw05;dw06;dw07;dw08,,165,1,2026-08-30T19:08:13.557+0200,dw08,028E,190,785,150,280,733,3.39,22277
ground-height-2m-20260828-133428,d008m_r270_run01.csv,2,8,270,dw00;dw01;dw02;dw03;dw04;dw05;dw06;dw07;dw08,dw00;dw01;dw02;dw03;dw04;dw05;dw06;dw07;dw08,,15,1,2026-08-30T19:08:13.567+0200,dw00,8103,116,799,-161,520,607,2.83,32257
ground-height-2m-20260828-133428,d008m_r270_run01.csv,2,8,270,dw00;dw01;dw02;dw03;dw04;dw05;dw06;dw07;dw08,dw00;dw01;dw02;dw03;dw04;dw05;dw06;dw07;dw08,,90,1,2026-08-30T19:08:13.597+0200,dw04,0F85,138,781,1,-439,646,2.95,62225
ground-height-2m-20260828-133428,d008m_r270_run01.csv,2,8,270,dw00;dw01;dw02;dw03;dw04;dw05;dw06;dw07;dw08,dw00;dw01;dw02;dw03;dw04;dw05;dw06;dw07;dw08,,105,1,2026-08-30T19:08:13.607+0200,dw05,4B92,17,784,37,-265,738,2.89,72204
ground-height-2m-20260828-133428,d008m_r270_run01.csv,2,8,270,dw00;dw01;dw02;dw03;dw04;dw05;dw06;dw07;dw08,dw00;dw01;dw02;dw03;dw04;dw05;dw06;dw07;dw08,,125,1,2026-08-30T19:08:13.618+0200,dw06,0789,61,785,80,-59,783,3.06,82244
ground-height-2m-20260828-133428,d008m_r270_run01.csv,2,8,270,dw00;dw01;dw02;dw03;dw04;dw05;dw06;dw07;dw08,dw00;dw01;dw02;dw03;dw04;dw05;dw06;dw07;dw08,,35,1,2026-08-30T19:08:13.677+0200,dw01,1729,172,788,-126,684,393,3.06,42297
ground-height-2m-20260828-133428,d008m_r270_run01.csv,2,8,270,dw00;dw01;dw02;dw03;dw04;dw05;dw06;dw07;dw08,dw00;dw01;dw02;dw03;dw04;dw05;dw06;dw07;dw08,,55,1,2026-08-30T19:08:13.687+0200,dw02,8FB0,202,783,-86,-783,0,1.93,52307
ground-height-2m-20260828-133428,d008m_r270_run01.csv,2,8,270,dw00;dw01;dw02;dw03;dw04;dw05;dw06;dw07;dw08,dw00;dw01;dw02;dw03;dw04;dw05;dw06;dw07;dw08,,145,1,2026-08-30T19:08:13.727+0200,dw07,5783,182,782,127,168,764,3.33,2147483
ground-height-2m-20260828-133428,d008m_r270_run01.csv,2,8,270,dw00;dw01;dw02;dw03;dw04;dw05;dw06;dw07;dw08,dw00;dw01;dw02;dw03;dw04;dw05;dw06;dw07;dw08,,75,1,2026-08-30T19:08:13.748+0200,dw03,021B,161,774,-34,-609,477,2.08,12268
ground-height-2m-20260828-133428,d008m_r270_run01.csv,2,8,270,dw00;dw01;dw02;dw03;dw04;dw05;dw06;dw07;dw08,dw00;dw01;dw02;dw03;dw04;dw05;dw06;dw07;dw08,,165,1,2026-08-30T19:08:13.757+0200,dw08,028E,191,782,153,290,727,3.51,22247
ground-height-2m-20260828-133428,d008m_r270_run01.csv,2,8,270,dw00;dw01;dw02;dw03;dw04;dw05;dw06;dw07;dw08,dw00;dw01;dw02;dw03;dw04;dw05;dw06;dw07;dw08,,15,1,2026-08-30T19:08:13.767+0200,dw00,8103,117,801,-161,519,609,2.71,32287
ground-height-2m-20260828-133428,d008m_r270_run01.csv,2,8,270,dw00;dw01;dw02;dw03;dw04;dw05;dw06;dw07;dw08,dw00;dw01;dw02;dw03;dw04;dw05;dw06;dw07;dw08,,90,1,2026-08-30T19:08:13.798+0200,dw04,0F85,139,781,0,-446,641,2.89,62286
ground-height-2m-20260828-133428,d008m_r270_run01.csv,2,8,270,dw00;dw01;dw02;dw03;dw04;dw05;dw06;dw07;dw08,dw00;dw01;dw02;dw03;dw04;dw05;dw06;dw07;dw08,,105,1,2026-08-30T19:08:13.807+0200,dw05,4B92,18,784,38,-260,740,2.95,72235
ground-height-2m-20260828-133428,d008m_r270_run01.csv,2,8,270,dw00;dw01;dw02;dw03;dw04;dw05;dw06;dw07;dw08,dw00;dw01;dw02;dw03;dw04;dw05;dw06;dw07;dw08,,125,1,2026-08-30T19:08:13.817+0200,dw06,0789,62,784,85,-34,783,3.06,82275
ground-height-2m-20260828-133428,d008m_r270_run01.csv,2,8,270,dw00;dw01;dw02;dw03;dw04;dw05;dw06;dw07;dw08,dw00;dw01;dw02;dw03;dw04;dw05;dw06;dw07;dw08,,35,1,2026-08-30T19:08:13.878+0200,dw01,1729,173,788,-118,720,322,3.15,42297
ground-height-2m-20260828-133428,d008m_r270_run01.csv,2,8,270,dw00;dw01;dw02;dw03;dw04;dw05;dw06;dw07;dw08,dw00;dw01;dw02;dw03;dw04;dw05;dw06;dw07;dw08,,55,1,2026-08-30T19:08:13.887+0200,dw02,8FB0,203,784,-91,784,0,1.87,52398
ground-height-2m-20260828-133428,d008m_r270_run01.csv,2,8,270,dw00;dw01;dw02;dw03;dw04;dw05;dw06;dw07;dw08,dw00;dw01;dw02;dw03;dw04;dw05;dw06;dw07;dw08,,145,1,2026-08-30T19:08:13.927+0200,dw07,5783,183,782,120,132,771,3.45,2147483
ground-height-2m-20260828-133428,d008m_r270_run01.csv,2,8,270,dw00;dw01;dw02;dw03;dw04;dw05;dw06;dw07;dw08,dw00;dw01;dw02;dw03;dw04;dw05;dw06;dw07;dw08,,75,1,2026-08-30T19:08:13.948+0200,dw03,021B,162,773,-36,-618,464,2.08,12298
ground-height-2m-20260828-133428,d008m_r270_run01.csv,2,8,270,dw00;dw01;dw02;dw03;dw04;dw05;dw06;dw07;dw08,dw00;dw01;dw02;dw03;dw04;dw05;dw06;dw07;dw08,,165,1,2026-08-30T19:08:13.958+0200,dw08,028E,192,783,145,254,740,3.45,22308
ground-height-2m-20260828-133428,d008m_r270_run01.csv,2,8,270,dw00;dw01;dw02;dw03;dw04;dw05;dw06;dw07;dw08,dw00;dw01;dw02;dw03;dw04;dw05;dw06;dw07;dw08,,15,1,2026-08-30T19:08:13.967+0200,dw00,8103,118,800,-165,500,624,2.83,32257
ground-height-2m-20260828-133428,d008m_r270_run01.csv,2,8,270,dw00;dw01;dw02;dw03;dw04;dw05;dw06;dw07;dw08,dw00;dw01;dw02;dw03;dw04;dw05;dw06;dw07;dw08,,90,1,2026-08-30T19:08:13.998+0200,dw04,0F85,140,783,0,-449,642,3.01,62255
ground-height-2m-20260828-133428,d008m_r270_run01.csv,2,8,270,dw00;dw01;dw02;dw03;dw04;dw05;dw06;dw07;dw08,dw00;dw01;dw02;dw03;dw04;dw05;dw06;dw07;dw08,,105,1,2026-08-30T19:08:14.007+0200,dw05,4B92,19,787,44,-234,751,2.95,72235
ground-height-2m-20260828-133428,d008m_r270_run01.csv,2,8,270,dw00;dw01;dw02;dw03;dw04;dw05;dw06;dw07;dw08,dw00;dw01;dw02;dw03;dw04;dw05;dw06;dw07;dw08,,125,1,2026-08-30T19:08:14.017+0200,dw06,0789,63,786,84,-40,785,2.95,82305
ground-height-2m-20260828-133428,d008m_r270_run01.csv,2,8,270,dw00;dw01;dw02;dw03;dw04;dw05;dw06;dw07;dw08,dw00;dw01;dw02;dw03;dw04;dw05;dw06;dw07;dw08,,35,1,2026-08-30T19:08:14.078+0200,dw01,1729,174,789,-120,714,335,3.06,42327
ground-height-2m-20260828-133428,d008m_r270_run01.csv,2,8,270,dw00;dw01;dw02;dw03;dw04;dw05;dw06;dw07;dw08,dw00;dw01;dw02;dw03;dw04;dw05;dw06;dw07;dw08,,55,1,2026-08-30T19:08:14.088+0200,dw02,8FB0,204,785,-95,785,0,1.99,52429
ground-height-2m-20260828-133428,d008m_r270_run01.csv,2,8,270,dw00;dw01;dw02;dw03;dw04;dw05;dw06;dw07;dw08,dw00;dw01;dw02;dw03;dw04;dw05;dw06;dw07;dw08,,145,1,2026-08-30T19:08:14.128+0200,dw07,5783,184,783,136,212,753,3.45,2147483
ground-height-2m-20260828-133428,d008m_r270_run01.csv,2,8,270,dw00;dw01;dw02;dw03;dw04;dw05;dw06;dw07;dw08,dw00;dw01;dw02;dw03;dw04;dw05;dw06;dw07;dw08,,75,1,2026-08-30T19:08:14.147+0200,dw03,021B,163,773,-33,-601,487,2.08,12268
ground-height-2m-20260828-133428,d008m_r270_run01.csv,2,8,270,dw00;dw01;dw02;dw03;dw04;dw05;dw06;dw07;dw08,dw00;dw01;dw02;dw03;dw04;dw05;dw06;dw07;dw08,,165,1,2026-08-30T19:08:14.157+0200,dw08,028E,193,785,155,302,724,3.39,22277
ground-height-2m-20260828-133428,d008m_r270_run01.csv,2,8,270,dw00;dw01;dw02;dw03;dw04;dw05;dw06;dw07;dw08,dw00;dw01;dw02;dw03;dw04;dw05;dw06;dw07;dw08,,15,1,2026-08-30T19:08:14.168+0200,dw00,8103,119,798,-164,504,619,2.77,32287
ground-height-2m-20260828-133428,d008m_r270_run01.csv,2,8,270,dw00;dw01;dw02;dw03;dw04;dw05;dw06;dw07;dw08,dw00;dw01;dw02;dw03;dw04;dw05;dw06;dw07;dw08,,90,1,2026-08-30T19:08:14.197+0200,dw04,0F85,141,782,0,-447,641,2.95,62255
ground-height-2m-20260828-133428,d008m_r270_run01.csv,2,8,270,dw00;dw01;dw02;dw03;dw04;dw05;dw06;dw07;dw08,dw00;dw01;dw02;dw03;dw04;dw05;dw06;dw07;dw08,,105,1,2026-08-30T19:08:14.208+0200,dw05,4B92,20,781,37,-268,733,2.95,72296
ground-height-2m-20260828-133428,d008m_r270_run01.csv,2,8,270,dw00;dw01;dw02;dw03;dw04;dw05;dw06;dw07;dw08,dw00;dw01;dw02;dw03;dw04;dw05;dw06;dw07;dw08,,125,1,2026-08-30T19:08:14.217+0200,dw06,0789,64,786,86,-30,785,3.06,82275
ground-height-2m-20260828-133428,d008m_r270_run01.csv,2,8,270,dw00;dw01;dw02;dw03;dw04;dw05;dw06;dw07;dw08,dw00;dw01;dw02;dw03;dw04;dw05;dw06;dw07;dw08,,35,1,2026-08-30T19:08:14.277+0200,dw01,1729,175,788,-123,697,367,3.06,42297
ground-height-2m-20260828-133428,d008m_r270_run01.csv,2,8,270,dw00;dw01;dw02;dw03;dw04;dw05;dw06;dw07;dw08,dw00;dw01;dw02;dw03;dw04;dw05;dw06;dw07;dw08,,55,1,2026-08-30T19:08:14.288+0200,dw02,8FB0,205,788,-88,787,0,1.93,52368
ground-height-2m-20260828-133428,d008m_r270_run01.csv,2,8,270,dw00;dw01;dw02;dw03;dw04;dw05;dw06;dw07;dw08,dw00;dw01;dw02;dw03;dw04;dw05;dw06;dw07;dw08,,145,1,2026-08-30T19:08:14.328+0200,dw07,5783,185,783,138,222,751,3.39,2147483
ground-height-2m-20260828-133428,d008m_r270_run01.csv,2,8,270,dw00;dw01;dw02;dw03;dw04;dw05;dw06;dw07;dw08,dw00;dw01;dw02;dw03;dw04;dw05;dw06;dw07;dw08,,75,1,2026-08-30T19:08:14.347+0200,dw03,021B,164,772,-38,-623,455,2.14,12298
ground-height-2m-20260828-133428,d008m_r270_run01.csv,2,8,270,dw00;dw01;dw02;dw03;dw04;dw05;dw06;dw07;dw08,dw00;dw01;dw02;dw03;dw04;dw05;dw06;dw07;dw08,,165,1,2026-08-30T19:08:14.357+0200,dw08,028E,194,782,147,264,736,3.45,22277
ground-height-2m-20260828-133428,d008m_r270_run01.csv,2,8,270,dw00;dw01;dw02;dw03;dw04;dw05;dw06;dw07;dw08,dw00;dw01;dw02;dw03;dw04;dw05;dw06;dw07;dw08,,15,1,2026-08-30T19:08:14.367+0200,dw00,8103,120,800,-163,512,614,2.71,32257
ground-height-2m-20260828-133428,d008m_r270_run01.csv,2,8,270,dw00;dw01;dw02;dw03;dw04;dw05;dw06;dw07;dw08,dw00;dw01;dw02;dw03;dw04;dw05;dw06;dw07;dw08,,90,1,2026-08-30T19:08:14.397+0200,dw04,0F85,142,780,1,-440,643,3.01,62255
ground-height-2m-20260828-133428,d008m_r270_run01.csv,2,8,270,dw00;dw01;dw02;dw03;dw04;dw05;dw06;dw07;dw08,dw00;dw01;dw02;dw03;dw04;dw05;dw06;dw07;dw08,,105,1,2026-08-30T19:08:14.407+0200,dw05,4B92,21,786,44,-235,750,3.01,72235
ground-height-2m-20260828-133428,d008m_r270_run01.csv,2,8,270,dw00;dw01;dw02;dw03;dw04;dw05;dw06;dw07;dw08,dw00;dw01;dw02;dw03;dw04;dw05;dw06;dw07;dw08,,125,1,2026-08-30T19:08:14.418+0200,dw06,0789,65,784,81,-52,782,3.01,82275
ground-height-2m-20260828-133428,d008m_r270_run01.csv,2,8,270,dw00;dw01;dw02;dw03;dw04;dw05;dw06;dw07;dw08,dw00;dw01;dw02;dw03;dw04;dw05;dw06;dw07;dw08,,35,1,2026-08-30T19:08:14.477+0200,dw01,1729,176,786,-117,725,303,3.06,42297
ground-height-2m-20260828-133428,d008m_r270_run01.csv,2,8,270,dw00;dw01;dw02;dw03;dw04;dw05;dw06;dw07;dw08,dw00;dw01;dw02;dw03;dw04;dw05;dw06;dw07;dw08,,55,1,2026-08-30T19:08:14.487+0200,dw02,8FB0,206,785,-76,-785,0,1.99,52368
ground-height-2m-20260828-133428,d008m_r270_run01.csv,2,8,270,dw00;dw01;dw02;dw03;dw04;dw05;dw06;dw07;dw08,dw00;dw01;dw02;dw03;dw04;dw05;dw06;dw07;dw08,,145,1,2026-08-30T19:08:14.527+0200,dw07,5783,186,781,126,164,764,3.45,2147483
ground-height-2m-20260828-133428,d008m_r270_run01.csv,2,8,270,dw00;dw01;dw02;dw03;dw04;dw05;dw06;dw07;dw08,dw00;dw01;dw02;dw03;dw04;dw05;dw06;dw07;dw08,,75,1,2026-08-30T19:08:14.547+0200,dw03,021B,165,769,-42,-641,425,2.02,12268
ground-height-2m-20260828-133428,d008m_r270_run01.csv,2,8,270,dw00;dw01;dw02;dw03;dw04;dw05;dw06;dw07;dw08,dw00;dw01;dw02;dw03;dw04;dw05;dw06;dw07;dw08,,165,1,2026-08-30T19:08:14.557+0200,dw08,028E,195,782,155,301,722,3.45,22277
ground-height-2m-20260828-133428,d008m_r270_run01.csv,2,8,270,dw00;dw01;dw02;dw03;dw04;dw05;dw06;dw07;dw08,dw00;dw01;dw02;dw03;dw04;dw05;dw06;dw07;dw08,,15,1,2026-08-30T19:08:14.567+0200,dw00,8103,121,801,-159,532,599,2.71,32257
ground-height-2m-20260828-133428,d008m_r270_run01.csv,2,8,270,dw00;dw01;dw02;dw03;dw04;dw05;dw06;dw07;dw08,dw00;dw01;dw02;dw03;dw04;dw05;dw06;dw07;dw08,,90,1,2026-08-30T19:08:14.597+0200,dw04,0F85,143,782,6,-413,664,2.95,62255
ground-height-2m-20260828-133428,d008m_r270_run01.csv,2,8,270,dw00;dw01;dw02;dw03;dw04;dw05;dw06;dw07;dw08,dw00;dw01;dw02;dw03;dw04;dw05;dw06;dw07;dw08,,105,1,2026-08-30T19:08:14.607+0200,dw05,4B92,22,786,40,-251,745,2.95,72204
ground-height-2m-20260828-133428,d008m_r270_run01.csv,2,8,270,dw00;dw01;dw02;dw03;dw04;dw05;dw06;dw07;dw08,dw00;dw01;dw02;dw03;dw04;dw05;dw06;dw07;dw08,,125,1,2026-08-30T19:08:14.617+0200,dw06,0789,66,787,86,-31,786,3.01,82275
ground-height-2m-20260828-133428,d008m_r270_run01.csv,2,8,270,dw00;dw01;dw02;dw03;dw04;dw05;dw06;dw07;dw08,dw00;dw01;dw02;dw03;dw04;dw05;dw06;dw07;dw08,,35,1,2026-08-30T19:08:14.677+0200,dw01,1729,177,790,-117,726,311,3.06,42327
ground-height-2m-20260828-133428,d008m_r270_run01.csv,2,8,270,dw00;dw01;dw02;dw03;dw04;dw05;dw06;dw07;dw08,dw00;dw01;dw02;dw03;dw04;dw05;dw06;dw07;dw08,,55,1,2026-08-30T19:08:14.687+0200,dw02,8FB0,207,786,-80,-786,0,1.99,52337
ground-height-2m-20260828-133428,d008m_r270_run01.csv,2,8,270,dw00;dw01;dw02;dw03;dw04;dw05;dw06;dw07;dw08,dw00;dw01;dw02;dw03;dw04;dw05;dw06;dw07;dw08,,145,1,2026-08-30T19:08:14.727+0200,dw07,5783,187,785,132,192,761,3.45,2147483
ground-height-2m-20260828-133428,d008m_r270_run01.csv,2,8,270,dw00;dw01;dw02;dw03;dw04;dw05;dw06;dw07;dw08,dw00;dw01;dw02;dw03;dw04;dw05;dw06;dw07;dw08,,75,1,2026-08-30T19:08:14.747+0200,dw03,021B,166,772,-35,-609,473,2.14,12268
ground-height-2m-20260828-133428,d008m_r270_run01.csv,2,8,270,dw00;dw01;dw02;dw03;dw04;dw05;dw06;dw07;dw08,dw00;dw01;dw02;dw03;dw04;dw05;dw06;dw07;dw08,,165,1,2026-08-30T19:08:14.757+0200,dw08,028E,196,786,160,325,716,3.33,22277
ground-height-2m-20260828-133428,d008m_r270_run01.csv,2,8,270,dw00;dw01;dw02;dw03;dw04;dw05;dw06;dw07;dw08,dw00;dw01;dw02;dw03;dw04;dw05;dw06;dw07;dw08,,15,1,2026-08-30T19:08:14.767+0200,dw00,8103,122,804,-163,514,618,2.65,32257
ground-height-2m-20260828-133428,d008m_r270_run01.csv,2,8,270,dw00;dw01;dw02;dw03;dw04;dw05;dw06;dw07;dw08,dw00;dw01;dw02;dw03;dw04;dw05;dw06;dw07;dw08,,90,1,2026-08-30T19:08:14.797+0200,dw04,0F85,144,783,7,-413,665,3.09,62255
ground-height-2m-20260828-133428,d008m_r270_run01.csv,2,8,270,dw00;dw01;dw02;dw03;dw04;dw05;dw06;dw07;dw08,dw00;dw01;dw02;dw03;dw04;dw05;dw06;dw07;dw08,,105,1,2026-08-30T19:08:14.807+0200,dw05,4B92,23,788,42,-243,749,3.01,72265
ground-height-2m-20260828-133428,d008m_r270_run01.csv,2,8,270,dw00;dw01;dw02;dw03;dw04;dw05;dw06;dw07;dw08,dw00;dw01;dw02;dw03;dw04;dw05;dw06;dw07;dw08,,125,1,2026-08-30T19:08:14.817+0200,dw06,0789,67,787,81,-52,785,3.06,82275
ground-height-2m-20260828-133428,d008m_r270_run01.csv,2,8,270,dw00;dw01;dw02;dw03;dw04;dw05;dw06;dw07;dw08,dw00;dw01;dw02;dw03;dw04;dw05;dw06;dw07;dw08,,35,1,2026-08-30T19:08:14.877+0200,dw01,1729,178,786,-121,705,346,2.95,42327
ground-height-2m-20260828-133428,d008m_r270_run01.csv,2,8,270,dw00;dw01;dw02;dw03;dw04;dw05;dw06;dw07;dw08,dw00;dw01;dw02;dw03;dw04;dw05;dw06;dw07;dw08,,55,1,2026-08-30T19:08:14.887+0200,dw02,8FB0,208,786,-86,-786,0,1.93,52368
ground-height-2m-20260828-133428,d008m_r270_run01.csv,2,8,270,dw00;dw01;dw02;dw03;dw04;dw05;dw06;dw07;dw08,dw00;dw01;dw02;dw03;dw04;dw05;dw06;dw07;dw08,,145,1,2026-08-30T19:08:14.927+0200,dw07,5783,188,785,126,160,769,3.45,2147483
ground-height-2m-20260828-133428,d008m_r270_run01.csv,2,8,270,dw00;dw01;dw02;dw03;dw04;dw05;dw06;dw07;dw08,dw00;dw01;dw02;dw03;dw04;dw05;dw06;dw07;dw08,,75,1,2026-08-30T19:08:14.947+0200,dw03,021B,167,769,-35,-610,468,2.08,12268
ground-height-2m-20260828-133428,d008m_r270_run01.csv,2,8,270,dw00;dw01;dw02;dw03;dw04;dw05;dw06;dw07;dw08,dw00;dw01;dw02;dw03;dw04;dw05;dw06;dw07;dw08,,165,1,2026-08-30T19:08:14.957+0200,dw08,028E,197,785,153,291,729,3.45,22308
ground-height-2m-20260828-133428,d008m_r270_run01.csv,2,8,270,dw00;dw01;dw02;dw03;dw04;dw05;dw06;dw07;dw08,dw00;dw01;dw02;dw03;dw04;dw05;dw06;dw07;dw08,,15,1,2026-08-30T19:08:14.967+0200,dw00,8103,123,797,-164,504,617,2.71,32287
ground-height-2m-20260828-133428,d008m_r270_run01.csv,2,8,270,dw00;dw01;dw02;dw03;dw04;dw05;dw06;dw07;dw08,dw00;dw01;dw02;dw03;dw04;dw05;dw06;dw07;dw08,,90,1,2026-08-30T19:08:14.997+0200,dw04,0F85,145,784,4,-426,658,3.06,62255
ground-height-2m-20260828-133428,d008m_r270_run01.csv,2,8,270,dw00;dw01;dw02;dw03;dw04;dw05;dw06;dw07;dw08,dw00;dw01;dw02;dw03;dw04;dw05;dw06;dw07;dw08,,105,1,2026-08-30T19:08:15.007+0200,dw05,4B92,24,783,37,-268,736,2.95,72235
ground-height-2m-20260828-133428,d008m_r270_run01.csv,2,8,270,dw00;dw01;dw02;dw03;dw04;dw05;dw06;dw07;dw08,dw00;dw01;dw02;dw03;dw04;dw05;dw06;dw07;dw08,,125,1,2026-08-30T19:08:15.017+0200,dw06,0789,68,785,80,-58,783,3.09,82305
ground-height-2m-20260828-133428,d008m_r270_run01.csv,2,8,270,dw00;dw01;dw02;dw03;dw04;dw05;dw06;dw07;dw08,dw00;dw01;dw02;dw03;dw04;dw05;dw06;dw07;dw08,,35,1,2026-08-30T19:08:15.077+0200,dw01,1729,179,789,-128,675,409,3.06,42327
ground-height-2m-20260828-133428,d008m_r270_run01.csv,2,8,270,dw00;dw01;dw02;dw03;dw04;dw05;dw06;dw07;dw08,dw00;dw01;dw02;dw03;dw04;dw05;dw06;dw07;dw08,,55,1,2026-08-30T19:08:15.087+0200,dw02,8FB0,209,788,-85,-788,0,1.93,52337
ground-height-2m-20260828-133428,d008m_r270_run01.csv,2,8,270,dw00;dw01;dw02;dw03;dw04;dw05;dw06;dw07;dw08,dw00;dw01;dw02;dw03;dw04;dw05;dw06;dw07;dw08,,145,1,2026-08-30T19:08:15.127+0200,dw07,5783,189,783,127,166,765,3.45,2147483
ground-height-2m-20260828-133428,d008m_r270_run01.csv,2,8,270,dw00;dw01;dw02;dw03;dw04;dw05;dw06;dw07;dw08,dw00;dw01;dw02;dw03;dw04;dw05;dw06;dw07;dw08,,75,1,2026-08-30T19:08:15.147+0200,dw03,021B,168,771,-33,-600,483,2.08,12268
ground-height-2m-20260828-133428,d008m_r270_run01.csv,2,8,270,dw00;dw01;dw02;dw03;dw04;dw05;dw06;dw07;dw08,dw00;dw01;dw02;dw03;dw04;dw05;dw06;dw07;dw08,,165,1,2026-08-30T19:08:15.157+0200,dw08,028E,198,782,151,283,729,3.51,22277
ground-height-2m-20260828-133428,d008m_r270_run01.csv,2,8,270,dw00;dw01;dw02;dw03;dw04;dw05;dw06;dw07;dw08,dw00;dw01;dw02;dw03;dw04;dw05;dw06;dw07;dw08,,15,1,2026-08-30T19:08:15.166+0200,dw00,8103,124,801,-167,492,632,2.71,32287
ground-height-2m-20260828-133428,d008m_r270_run01.csv,2,8,270,dw00;dw01;dw02;dw03;dw04;dw05;dw06;dw07;dw08,dw00;dw01;dw02;dw03;dw04;dw05;dw06;dw07;dw08,,90,1,2026-08-30T19:08:15.197+0200,dw04,0F85,146,783,8,-404,670,3.09,62255
ground-height-2m-20260828-133428,d008m_r270_run01.csv,2,8,270,dw00;dw01;dw02;dw03;dw04;dw05;dw06;dw07;dw08,dw00;dw01;dw02;dw03;dw04;dw05;dw06;dw07;dw08,,105,1,2026-08-30T19:08:15.207+0200,dw05,4B92,25,783,38,-262,737,3.06,72265
ground-height-2m-20260828-133428,d008m_r270_run01.csv,2,8,270,dw00;dw01;dw02;dw03;dw04;dw05;dw06;dw07;dw08,dw00;dw01;dw02;dw03;dw04;dw05;dw06;dw07;dw08,,125,1,2026-08-30T19:08:15.217+0200,dw06,0789,69,786,80,-59,783,3.06,82244
ground-height-2m-20260828-133428,d008m_r270_run01.csv,2,8,270,dw00;dw01;dw02;dw03;dw04;dw05;dw06;dw07;dw08,dw00;dw01;dw02;dw03;dw04;dw05;dw06;dw07;dw08,,35,1,2026-08-30T19:08:15.277+0200,dw01,1729,180,788,-125,685,390,3.06,42327
ground-height-2m-20260828-133428,d008m_r270_run01.csv,2,8,270,dw00;dw01;dw02;dw03;dw04;dw05;dw06;dw07;dw08,dw00;dw01;dw02;dw03;dw04;dw05;dw06;dw07;dw08,,55,1,2026-08-30T19:08:15.287+0200,dw02,8FB0,210,787,-84,-787,0,1.93,52429
ground-height-2m-20260828-133428,d008m_r270_run01.csv,2,8,270,dw00;dw01;dw02;dw03;dw04;dw05;dw06;dw07;dw08,dw00;dw01;dw02;dw03;dw04;dw05;dw06;dw07;dw08,,145,1,2026-08-30T19:08:15.327+0200,dw07,5783,190,783,128,170,764,3.45,2147483
ground-height-2m-20260828-133428,d008m_r270_run01.csv,2,8,270,dw00;dw01;dw02;dw03;dw04;dw05;dw06;dw07;dw08,dw00;dw01;dw02;dw03;dw04;dw05;dw06;dw07;dw08,,75,1,2026-08-30T19:08:15.347+0200,dw03,021B,169,770,-35,-611,468,2.08,12268
ground-height-2m-20260828-133428,d008m_r270_run01.csv,2,8,270,dw00;dw01;dw02;dw03;dw04;dw05;dw06;dw07;dw08,dw00;dw01;dw02;dw03;dw04;dw05;dw06;dw07;dw08,,165,1,2026-08-30T19:08:15.357+0200,dw08,028E,199,781,141,236,744,3.45,22216
ground-height-2m-20260828-133428,d008m_r270_run01.csv,2,8,270,dw00;dw01;dw02;dw03;dw04;dw05;dw06;dw07;dw08,dw00;dw01;dw02;dw03;dw04;dw05;dw06;dw07;dw08,,15,1,2026-08-30T19:08:15.367+0200,dw00,8103,125,801,-158,533,597,2.71,32287
ground-height-2m-20260828-133428,d008m_r270_run01.csv,2,8,270,dw00;dw01;dw02;dw03;dw04;dw05;dw06;dw07;dw08,dw00;dw01;dw02;dw03;dw04;dw05;dw06;dw07;dw08,,90,1,2026-08-30T19:08:15.397+0200,dw04,0F85,147,782,5,-418,660,2.95,62255
ground-height-2m-20260828-133428,d008m_r270_run01.csv,2,8,270,dw00;dw01;dw02;dw03;dw04;dw05;dw06;dw07;dw08,dw00;dw01;dw02;dw03;dw04;dw05;dw06;dw07;dw08,,105,1,2026-08-30T19:08:15.407+0200,dw05,4B92,26,786,40,-252,744,3.01,72235
ground-height-2m-20260828-133428,d008m_r270_run01.csv,2,8,270,dw00;dw01;dw02;dw03;dw04;dw05;dw06;dw07;dw08,dw00;dw01;dw02;dw03;dw04;dw05;dw06;dw07;dw08,,125,1,2026-08-30T19:08:15.416+0200,dw06,0789,70,787,83,-47,785,3.09,82275
ground-height-2m-20260828-133428,d008m_r270_run01.csv,2,8,270,dw00;dw01;dw02;dw03;dw04;dw05;dw06;dw07;dw08,dw00;dw01;dw02;dw03;dw04;dw05;dw06;dw07;dw08,,35,1,2026-08-30T19:08:15.477+0200,dw01,1729,181,788,-126,681,395,3.09,42327
ground-height-2m-20260828-133428,d008m_r270_run01.csv,2,8,270,dw00;dw01;dw02;dw03;dw04;dw05;dw06;dw07;dw08,dw00;dw01;dw02;dw03;dw04;dw05;dw06;dw07;dw08,,55,1,2026-08-30T19:08:15.487+0200,dw02,8FB0,211,783,-89,783,0,1.93,52368
ground-height-2m-20260828-133428,d008m_r270_run01.csv,2,8,270,dw00;dw01;dw02;dw03;dw04;dw05;dw06;dw07;dw08,dw00;dw01;dw02;dw03;dw04;dw05;dw06;dw07;dw08,,145,1,2026-08-30T19:08:15.527+0200,dw07,5783,191,781,128,174,761,3.45,2147483
ground-height-2m-20260828-133428,d008m_r270_run01.csv,2,8,270,dw00;dw01;dw02;dw03;dw04;dw05;dw06;dw07;dw08,dw00;dw01;dw02;dw03;dw04;dw05;dw06;dw07;dw08,,75,1,2026-08-30T19:08:15.546+0200,dw03,021B,170,770,-34,-606,475,2.08,12268
ground-height-2m-20260828-133428,d008m_r270_run01.csv,2,8,270,dw00;dw01;dw02;dw03;dw04;dw05;dw06;dw07;dw08,dw00;dw01;dw02;dw03;dw04;dw05;dw06;dw07;dw08,,165,1,2026-08-30T19:08:15.557+0200,dw08,028E,200,784,153,292,728,3.57,22308
ground-height-2m-20260828-133428,d008m_r270_run01.csv,2,8,270,dw00;dw01;dw02;dw03;dw04;dw05;dw06;dw07;dw08,dw00;dw01;dw02;dw03;dw04;dw05;dw06;dw07;dw08,,15,1,2026-08-30T19:08:15.567+0200,dw00,8103,126,799,-161,521,606,2.83,32257
ground-height-2m-20260828-133428,d008m_r270_run01.csv,2,8,270,dw00;dw01;dw02;dw03;dw04;dw05;dw06;dw07;dw08,dw00;dw01;dw02;dw03;dw04;dw05;dw06;dw07;dw08,,90,1,2026-08-30T19:08:15.597+0200,dw04,0F85,148,786,1,-442,650,3.06,62255
ground-height-2m-20260828-133428,d008m_r270_run01.csv,2,8,270,dw00;dw01;dw02;dw03;dw04;dw05;dw06;dw07;dw08,dw00;dw01;dw02;dw03;dw04;dw05;dw06;dw07;dw08,,105,1,2026-08-30T19:08:15.607+0200,dw05,4B92,27,786,45,-231,751,2.89,72235
ground-height-2m-20260828-133428,d008m_r270_run01.csv,2,8,270,dw00;dw01;dw02;dw03;dw04;dw05;dw06;dw07;dw08,dw00;dw01;dw02;dw03;dw04;dw05;dw06;dw07;dw08,,125,1,2026-08-30T19:08:15.617+0200,dw06,0789,71,783,79,-61,781,3.06,82305
ground-height-2m-20260828-133428,d008m_r270_run01.csv,2,8,270,dw00;dw01;dw02;dw03;dw04;dw05;dw06;dw07;dw08,dw00;dw01;dw02;dw03;dw04;dw05;dw06;dw07;dw08,,35,1,2026-08-30T19:08:15.677+0200,dw01,1729,182,788,-125,686,389,3.06,42327
ground-height-2m-20260828-133428,d008m_r270_run01.csv,2,8,270,dw00;dw01;dw02;dw03;dw04;dw05;dw06;dw07;dw08,dw00;dw01;dw02;dw03;dw04;dw05;dw06;dw07;dw08,,55,1,2026-08-30T19:08:15.687+0200,dw02,8FB0,212,786,-87,786,0,1.87,52368
ground-height-2m-20260828-133428,d008m_r270_run01.csv,2,8,270,dw00;dw01;dw02;dw03;dw04;dw05;dw06;dw07;dw08,dw00;dw01;dw02;dw03;dw04;dw05;dw06;dw07;dw08,,145,1,2026-08-30T19:08:15.727+0200,dw07,5783,192,783,129,177,763,3.39,2147483
ground-height-2m-20260828-133428,d008m_r270_run01.csv,2,8,270,dw00;dw01;dw02;dw03;dw04;dw05;dw06;dw07;dw08,dw00;dw01;dw02;dw03;dw04;dw05;dw06;dw07;dw08,,75,1,2026-08-30T19:08:15.746+0200,dw03,021B,171,770,-30,-585,500,2.08,12298
ground-height-2m-20260828-133428,d008m_r270_run01.csv,2,8,270,dw00;dw01;dw02;dw03;dw04;dw05;dw06;dw07;dw08,dw00;dw01;dw02;dw03;dw04;dw05;dw06;dw07;dw08,,165,1,2026-08-30T19:08:15.756+0200,dw08,028E,201,782,150,279,731,3.45,22277
ground-height-2m-20260828-133428,d008m_r270_run01.csv,2,8,270,dw00;dw01;dw02;dw03;dw04;dw05;dw06;dw07;dw08,dw00;dw01;dw02;dw03;dw04;dw05;dw06;dw07;dw08,,15,1,2026-08-30T19:08:15.767+0200,dw00,8103,127,802,-172,469,650,2.83,32257
ground-height-2m-20260828-133428,d008m_r270_run01.csv,2,8,270,dw00;dw01;dw02;dw03;dw04;dw05;dw06;dw07;dw08,dw00;dw01;dw02;dw03;dw04;dw05;dw06;dw07;dw08,,90,1,2026-08-30T19:08:15.796+0200,dw04,0F85,149,781,6,-414,662,3.06,62255
ground-height-2m-20260828-133428,d008m_r270_run01.csv,2,8,270,dw00;dw01;dw02;dw03;dw04;dw05;dw06;dw07;dw08,dw00;dw01;dw02;dw03;dw04;dw05;dw06;dw07;dw08,,105,1,2026-08-30T19:08:15.807+0200,dw05,4B92,28,787,42,-241,749,3.06,72235
ground-height-2m-20260828-133428,d008m_r270_run01.csv,2,8,270,dw00;dw01;dw02;dw03;dw04;dw05;dw06;dw07;dw08,dw00;dw01;dw02;dw03;dw04;dw05;dw06;dw07;dw08,,125,1,2026-08-30T19:08:15.817+0200,dw06,0789,72,781,82,-49,780,3.12,82244
ground-height-2m-20260828-133428,d008m_r270_run01.csv,2,8,270,dw00;dw01;dw02;dw03;dw04;dw05;dw06;dw07;dw08,dw00;dw01;dw02;dw03;dw04;dw05;dw06;dw07;dw08,,35,1,2026-08-30T19:08:15.876+0200,dw01,1729,183,788,-122,701,361,3.06,42327
ground-height-2m-20260828-133428,d008m_r270_run01.csv,2,8,270,dw00;dw01;dw02;dw03;dw04;dw05;dw06;dw07;dw08,dw00;dw01;dw02;dw03;dw04;dw05;dw06;dw07;dw08,,55,1,2026-08-30T19:08:15.887+0200,dw02,8FB0,213,785,-85,-785,0,1.87,52368
ground-height-2m-20260828-133428,d008m_r270_run01.csv,2,8,270,dw00;dw01;dw02;dw03;dw04;dw05;dw06;dw07;dw08,dw00;dw01;dw02;dw03;dw04;dw05;dw06;dw07;dw08,,145,1,2026-08-30T19:08:15.927+0200,dw07,5783,193,782,131,187,760,3.51,2147483
ground-height-2m-20260828-133428,d008m_r270_run01.csv,2,8,270,dw00;dw01;dw02;dw03;dw04;dw05;dw06;dw07;dw08,dw00;dw01;dw02;dw03;dw04;dw05;dw06;dw07;dw08,,75,1,2026-08-30T19:08:15.947+0200,dw03,021B,172,769,-39,-626,447,2.08,12268
ground-height-2m-20260828-133428,d008m_r270_run01.csv,2,8,270,dw00;dw01;dw02;dw03;dw04;dw05;dw06;dw07;dw08,dw00;dw01;dw02;dw03;dw04;dw05;dw06;dw07;dw08,,165,1,2026-08-30T19:08:15.956+0200,dw08,028E,202,785,156,309,722,3.45,22277
ground-height-2m-20260828-133428,d008m_r270_run01.csv,2,8,270,dw00;dw01;dw02;dw03;dw04;dw05;dw06;dw07;dw08,dw00;dw01;dw02;dw03;dw04;dw05;dw06;dw07;dw08,,15,1,2026-08-30T19:08:15.966+0200,dw00,8103,128,802,-170,479,642,2.89,32287
ground-height-2m-20260828-133428,d008m_r270_run01.csv,2,8,270,dw00;dw01;dw02;dw03;dw04;dw05;dw06;dw07;dw08,dw00;dw01;dw02;dw03;dw04;dw05;dw06;dw07;dw08,,90,1,2026-08-30T19:08:15.996+0200,dw04,0F85,150,783,3,-433,653,3.01,62255
ground-height-2m-20260828-133428,d008m_r270_run01.csv,2,8,270,dw00;dw01;dw02;dw03;dw04;dw05;dw06;dw07;dw08,dw00;dw01;dw02;dw03;dw04;dw05;dw06;dw07;dw08,,105,1,2026-08-30T19:08:16.006+0200,dw05,4B92,29,785,41,-249,745,2.77,72235
ground-height-2m-20260828-133428,d008m_r270_run01.csv,2,8,270,dw00;dw01;dw02;dw03;dw04;dw05;dw06;dw07;dw08,dw00;dw01;dw02;dw03;dw04;dw05;dw06;dw07;dw08,,125,1,2026-08-30T19:08:16.017+0200,dw06,0789,73,785,83,-42,784,3.06,82275
ground-height-2m-20260828-133428,d008m_r270_run01.csv,2,8,270,dw00;dw01;dw02;dw03;dw04;dw05;dw06;dw07;dw08,dw00;dw01;dw02;dw03;dw04;dw05;dw06;dw07;dw08,,35,1,2026-08-30T19:08:16.077+0200,dw01,1729,184,793,-121,709,354,3.01,42297
ground-height-2m-20260828-133428,d008m_r270_run01.csv,2,8,270,dw00;dw01;dw02;dw03;dw04;dw05;dw06;dw07;dw08,dw00;dw01;dw02;dw03;dw04;dw05;dw06;dw07;dw08,,55,1,2026-08-30T19:08:16.086+0200,dw02,8FB0,214,784,-89,784,0,1.93,52337
ground-height-2m-20260828-133428,d008m_r270_run01.csv,2,8,270,dw00;dw01;dw02;dw03;dw04;dw05;dw06;dw07;dw08,dw00;dw01;dw02;dw03;dw04;dw05;dw06;dw07;dw08,,145,1,2026-08-30T19:08:16.126+0200,dw07,5783,194,782,125,156,766,3.45,2147483
ground-height-2m-20260828-133428,d008m_r270_run01.csv,2,8,270,dw00;dw01;dw02;dw03;dw04;dw05;dw06;dw07;dw08,dw00;dw01;dw02;dw03;dw04;dw05;dw06;dw07;dw08,,75,1,2026-08-30T19:08:16.147+0200,dw03,021B,173,767,-42,-639,424,2.08,12268
ground-height-2m-20260828-133428,d008m_r270_run01.csv,2,8,270,dw00;dw01;dw02;dw03;dw04;dw05;dw06;dw07;dw08,dw00;dw01;dw02;dw03;dw04;dw05;dw06;dw07;dw08,,165,1,2026-08-30T19:08:16.157+0200,dw08,028E,203,782,147,264,736,3.45,22277
ground-height-2m-20260828-133428,d008m_r270_run01.csv,2,8,270,dw00;dw01;dw02;dw03;dw04;dw05;dw06;dw07;dw08,dw00;dw01;dw02;dw03;dw04;dw05;dw06;dw07;dw08,,15,1,2026-08-30T19:08:16.166+0200,dw00,8103,129,801,-165,501,625,2.83,32257
ground-height-2m-20260828-133428,d008m_r270_run01.csv,2,8,270,dw00;dw01;dw02;dw03;dw04;dw05;dw06;dw07;dw08,dw00;dw01;dw02;dw03;dw04;dw05;dw06;dw07;dw08,,90,1,2026-08-30T19:08:16.197+0200,dw04,0F85,151,780,12,-387,677,3.06,62255
ground-height-2m-20260828-133428,d008m_r270_run01.csv,2,8,270,dw00;dw01;dw02;dw03;dw04;dw05;dw06;dw07;dw08,dw00;dw01;dw02;dw03;dw04;dw05;dw06;dw07;dw08,,105,1,2026-08-30T19:08:16.206+0200,dw05,4B92,30,785,39,-259,741,2.95,72235
ground-height-2m-20260828-133428,d008m_r270_run01.csv,2,8,270,dw00;dw01;dw02;dw03;dw04;dw05;dw06;dw07;dw08,dw00;dw01;dw02;dw03;dw04;dw05;dw06;dw07;dw08,,125,1,2026-08-30T19:08:16.216+0200,dw06,0789,74,785,84,-37,784,3.01,82275
ground-height-2m-20260828-133428,d008m_r270_run01.csv,2,8,270,dw00;dw01;dw02;dw03;dw04;dw05;dw06;dw07;dw08,dw00;dw01;dw02;dw03;dw04;dw05;dw06;dw07;dw08,,35,1,2026-08-30T19:08:16.277+0200,dw01,1729,185,788,-122,699,363,3.06,42327
ground-height-2m-20260828-133428,d008m_r270_run01.csv,2,8,270,dw00;dw01;dw02;dw03;dw04;dw05;dw06;dw07;dw08,dw00;dw01;dw02;dw03;dw04;dw05;dw06;dw07;dw08,,55,1,2026-08-30T19:08:16.286+0200,dw02,8FB0,215,783,-85,-783,0,1.93,52368
ground-height-2m-20260828-133428,d008m_r270_run01.csv,2,8,270,dw00;dw01;dw02;dw03;dw04;dw05;dw06;dw07;dw08,dw00;dw01;dw02;dw03;dw04;dw05;dw06;dw07;dw08,,145,1,2026-08-30T19:08:16.326+0200,dw07,5783,195,780,126,163,762,3.51,2147483
ground-height-2m-20260828-133428,d008m_r270_run01.csv,2,8,270,dw00;dw01;dw02;dw03;dw04;dw05;dw06;dw07;dw08,dw00;dw01;dw02;dw03;dw04;dw05;dw06;dw07;dw08,,75,1,2026-08-30T19:08:16.346+0200,dw03,021B,174,768,-31,-587,495,2.02,12268
ground-height-2m-20260828-133428,d008m_r270_run01.csv,2,8,270,dw00;dw01;dw02;dw03;dw04;dw05;dw06;dw07;dw08,dw00;dw01;dw02;dw03;dw04;dw05;dw06;dw07;dw08,,165,1,2026-08-30T19:08:16.357+0200,dw08,028E,204,784,138,222,752,3.39,22308
ground-height-2m-20260828-133428,d008m_r270_run01.csv,2,8,270,dw00;dw01;dw02;dw03;dw04;dw05;dw06;dw07;dw08,dw00;dw01;dw02;dw03;dw04;dw05;dw06;dw07;dw08,,15,1,2026-08-30T19:08:16.367+0200,dw00,8103,130,802,-162,516,614,2.77,32287
ground-height-2m-20260828-133428,d008m_r270_run01.csv,2,8,270,dw00;dw01;dw02;dw03;dw04;dw05;dw06;dw07;dw08,dw00;dw01;dw02;dw03;dw04;dw05;dw06;dw07;dw08,,90,1,2026-08-30T19:08:16.397+0200,dw04,0F85,152,782,6,-415,663,3.01,62255
ground-height-2m-20260828-133428,d008m_r270_run01.csv,2,8,270,dw00;dw01;dw02;dw03;dw04;dw05;dw06;dw07;dw08,dw00;dw01;dw02;dw03;dw04;dw05;dw06;dw07;dw08,,105,1,2026-08-30T19:08:16.407+0200,dw05,4B92,31,786,39,-260,741,2.95,72265
ground-height-2m-20260828-133428,d008m_r270_run01.csv,2,8,270,dw00;dw01;dw02;dw03;dw04;dw05;dw06;dw07;dw08,dw00;dw01;dw02;dw03;dw04;dw05;dw06;dw07;dw08,,125,1,2026-08-30T19:08:16.416+0200,dw06,0789,75,783,84,-41,782,3.06,82275
ground-height-2m-20260828-133428,d008m_r270_run01.csv,2,8,270,dw00;dw01;dw02;dw03;dw04;dw05;dw06;dw07;dw08,dw00;dw01;dw02;dw03;dw04;dw05;dw06;dw07;dw08,,35,1,2026-08-30T19:08:16.477+0200,dw01,1729,186,791,-121,708,352,3.01,42327
ground-height-2m-20260828-133428,d008m_r270_run01.csv,2,8,270,dw00;dw01;dw02;dw03;dw04;dw05;dw06;dw07;dw08,dw00;dw01;dw02;dw03;dw04;dw05;dw06;dw07;dw08,,55,1,2026-08-30T19:08:16.487+0200,dw02,8FB0,216,785,-83,-785,0,1.87,52368
ground-height-2m-20260828-133428,d008m_r270_run01.csv,2,8,270,dw00;dw01;dw02;dw03;dw04;dw05;dw06;dw07;dw08,dw00;dw01;dw02;dw03;dw04;dw05;dw06;dw07;dw08,,145,1,2026-08-30T19:08:16.527+0200,dw07,5783,196,783,123,149,768,3.45,2147483
ground-height-2m-20260828-133428,d008m_r270_run01.csv,2,8,270,dw00;dw01;dw02;dw03;dw04;dw05;dw06;dw07;dw08,dw00;dw01;dw02;dw03;dw04;dw05;dw06;dw07;dw08,,75,1,2026-08-30T19:08:16.546+0200,dw03,021B,175,773,-34,-606,479,2.02,12268
ground-height-2m-20260828-133428,d008m_r270_run01.csv,2,8,270,dw00;dw01;dw02;dw03;dw04;dw05;dw06;dw07;dw08,dw00;dw01;dw02;dw03;dw04;dw05;dw06;dw07;dw08,,165,1,2026-08-30T19:08:16.556+0200,dw08,028E,205,784,158,316,717,3.39,22277
ground-height-2m-20260828-133428,d008m_r270_run01.csv,2,8,270,dw00;dw01;dw02;dw03;dw04;dw05;dw06;dw07;dw08,dw00;dw01;dw02;dw03;dw04;dw05;dw06;dw07;dw08,,15,1,2026-08-30T19:08:16.567+0200,dw00,8103,131,802,-164,506,622,2.83,32226
ground-height-2m-20260828-133428,d008m_r270_run01.csv,2,8,270,dw00;dw01;dw02;dw03;dw04;dw05;dw06;dw07;dw08,dw00;dw01;dw02;dw03;dw04;dw05;dw06;dw07;dw08,,90,1,2026-08-30T19:08:16.596+0200,dw04,0F85,153,780,1,-440,645,2.95,62255
ground-height-2m-20260828-133428,d008m_r270_run01.csv,2,8,270,dw00;dw01;dw02;dw03;dw04;dw05;dw06;dw07;dw08,dw00;dw01;dw02;dw03;dw04;dw05;dw06;dw07;dw08,,105,1,2026-08-30T19:08:16.607+0200,dw05,4B92,32,782,38,-259,738,2.95,72204
ground-height-2m-20260828-133428,d008m_r270_run01.csv,2,8,270,dw00;dw01;dw02;dw03;dw04;dw05;dw06;dw07;dw08,dw00;dw01;dw02;dw03;dw04;dw05;dw06;dw07;dw08,,125,1,2026-08-30T19:08:16.616+0200,dw06,0789,76,785,86,-31,784,3.06,82305
ground-height-2m-20260828-133428,d008m_r270_run01.csv,2,8,270,dw00;dw01;dw02;dw03;dw04;dw05;dw06;dw07;dw08,dw00;dw01;dw02;dw03;dw04;dw05;dw06;dw07;dw08,,35,1,2026-08-30T19:08:16.676+0200,dw01,1729,187,791,-127,680,404,3.01,42327
ground-height-2m-20260828-133428,d008m_r270_run01.csv,2,8,270,dw00;dw01;dw02;dw03;dw04;dw05;dw06;dw07;dw08,dw00;dw01;dw02;dw03;dw04;dw05;dw06;dw07;dw08,,55,1,2026-08-30T19:08:16.687+0200,dw02,8FB0,217,788,-84,-789,0,1.99,52368
ground-height-2m-20260828-133428,d008m_r270_run01.csv,2,8,270,dw00;dw01;dw02;dw03;dw04;dw05;dw06;dw07;dw08,dw00;dw01;dw02;dw03;dw04;dw05;dw06;dw07;dw08,,145,1,2026-08-30T19:08:16.727+0200,dw07,5783,197,783,128,171,764,3.39,2147483
ground-height-2m-20260828-133428,d008m_r270_run01.csv,2,8,270,dw00;dw01;dw02;dw03;dw04;dw05;dw06;dw07;dw08,dw00;dw01;dw02;dw03;dw04;dw05;dw06;dw07;dw08,,75,1,2026-08-30T19:08:16.746+0200,dw03,021B,176,773,-33,-603,484,2.08,12268
ground-height-2m-20260828-133428,d008m_r270_run01.csv,2,8,270,dw00;dw01;dw02;dw03;dw04;dw05;dw06;dw07;dw08,dw00;dw01;dw02;dw03;dw04;dw05;dw06;dw07;dw08,,165,1,2026-08-30T19:08:16.756+0200,dw08,028E,206,781,149,271,733,3.51,22277
ground-height-2m-20260828-133428,d008m_r270_run01.csv,2,8,270,dw00;dw01;dw02;dw03;dw04;dw05;dw06;dw07;dw08,dw00;dw01;dw02;dw03;dw04;dw05;dw06;dw07;dw08,,15,1,2026-08-30T19:08:16.766+0200,dw00,8103,132,799,-161,518,608,2.77,32287
ground-height-2m-20260828-133428,d008m_r270_run01.csv,2,8,270,dw00;dw01;dw02;dw03;dw04;dw05;dw06;dw07;dw08,dw00;dw01;dw02;dw03;dw04;dw05;dw06;dw07;dw08,,90,1,2026-08-30T19:08:16.796+0200,dw04,0F85,154,782,5,-422,658,2.95,62255
ground-height-2m-20260828-133428,d008m_r270_run01.csv,2,8,270,dw00;dw01;dw02;dw03;dw04;dw05;dw06;dw07;dw08,dw00;dw01;dw02;dw03;dw04;dw05;dw06;dw07;dw08,,105,1,2026-08-30T19:08:16.806+0200,dw05,4B92,33,783,46,-223,751,2.89,72235
ground-height-2m-20260828-133428,d008m_r270_run01.csv,2,8,270,dw00;dw01;dw02;dw03;dw04;dw05;dw06;dw07;dw08,dw00;dw01;dw02;dw03;dw04;dw05;dw06;dw07;dw08,,125,1,2026-08-30T19:08:16.817+0200,dw06,0789,77,785,83,-43,784,3.01,82275
ground-height-2m-20260828-133428,d008m_r270_run01.csv,2,8,270,dw00;dw01;dw02;dw03;dw04;dw05;dw06;dw07;dw08,dw00;dw01;dw02;dw03;dw04;dw05;dw06;dw07;dw08,,35,1,2026-08-30T19:08:16.876+0200,dw01,1729,188,790,-127,678,405,3.06,42327
ground-height-2m-20260828-133428,d008m_r270_run01.csv,2,8,270,dw00;dw01;dw02;dw03;dw04;dw05;dw06;dw07;dw08,dw00;dw01;dw02;dw03;dw04;dw05;dw06;dw07;dw08,,55,1,2026-08-30T19:08:16.886+0200,dw02,8FB0,218,784,-85,-784,0,1.99,52398
ground-height-2m-20260828-133428,d008m_r270_run01.csv,2,8,270,dw00;dw01;dw02;dw03;dw04;dw05;dw06;dw07;dw08,dw00;dw01;dw02;dw03;dw04;dw05;dw06;dw07;dw08,,145,1,2026-08-30T19:08:16.926+0200,dw07,5783,198,781,137,213,751,3.45,2147483
ground-height-2m-20260828-133428,d008m_r270_run01.csv,2,8,270,dw00;dw01;dw02;dw03;dw04;dw05;dw06;dw07;dw08,dw00;dw01;dw02;dw03;dw04;dw05;dw06;dw07;dw08,,75,1,2026-08-30T19:08:16.947+0200,dw03,021B,177,770,-35,-607,473,2.08,12268
ground-height-2m-20260828-133428,d008m_r270_run01.csv,2,8,270,dw00;dw01;dw02;dw03;dw04;dw05;dw06;dw07;dw08,dw00;dw01;dw02;dw03;dw04;dw05;dw06;dw07;dw08,,165,1,2026-08-30T19:08:16.956+0200,dw08,028E,207,787,145,257,743,3.51,22277
ground-height-2m-20260828-133428,d008m_r270_run01.csv,2,8,270,dw00;dw01;dw02;dw03;dw04;dw05;dw06;dw07;dw08,dw00;dw01;dw02;dw03;dw04;dw05;dw06;dw07;dw08,,15,1,2026-08-30T19:08:16.966+0200,dw00,8103,133,799,-160,526,601,2.77,32287
ground-height-2m-20260828-133428,d008m_r270_run01.csv,2,8,270,dw00;dw01;dw02;dw03;dw04;dw05;dw06;dw07;dw08,dw00;dw01;dw02;dw03;dw04;dw05;dw06;dw07;dw08,,90,1,2026-08-30T19:08:16.996+0200,dw04,0F85,155,784,7,-410,668,3.09,62286
ground-height-2m-20260828-133428,d008m_r270_run01.csv,2,8,270,dw00;dw01;dw02;dw03;dw04;dw05;dw06;dw07;dw08,dw00;dw01;dw02;dw03;dw04;dw05;dw06;dw07;dw08,,105,1,2026-08-30T19:08:17.006+0200,dw05,4B92,34,784,41,-247,744,3.01,72265
ground-height-2m-20260828-133428,d008m_r270_run01.csv,2,8,270,dw00;dw01;dw02;dw03;dw04;dw05;dw06;dw07;dw08,dw00;dw01;dw02;dw03;dw04;dw05;dw06;dw07;dw08,,125,1,2026-08-30T19:08:17.016+0200,dw06,0789,78,786,82,-51,784,2.95,82275
ground-height-2m-20260828-133428,d008m_r270_run01.csv,2,8,270,dw00;dw01;dw02;dw03;dw04;dw05;dw06;dw07;dw08,dw00;dw01;dw02;dw03;dw04;dw05;dw06;dw07;dw08,,35,1,2026-08-30T19:08:17.076+0200,dw01,1729,189,788,-122,702,357,3.01,42297
ground-height-2m-20260828-133428,d008m_r270_run01.csv,2,8,270,dw00;dw01;dw02;dw03;dw04;dw05;dw06;dw07;dw08,dw00;dw01;dw02;dw03;dw04;dw05;dw06;dw07;dw08,,55,1,2026-08-30T19:08:17.086+0200,dw02,8FB0,219,786,-94,786,0,1.87,52368
ground-height-2m-20260828-133428,d008m_r270_run01.csv,2,8,270,dw00;dw01;dw02;dw03;dw04;dw05;dw06;dw07;dw08,dw00;dw01;dw02;dw03;dw04;dw05;dw06;dw07;dw08,,145,1,2026-08-30T19:08:17.126+0200,dw07,5783,199,783,127,165,765,3.45,2147483
ground-height-2m-20260828-133428,d008m_r270_run01.csv,2,8,270,dw00;dw01;dw02;dw03;dw04;dw05;dw06;dw07;dw08,dw00;dw01;dw02;dw03;dw04;dw05;dw06;dw07;dw08,,75,1,2026-08-30T19:08:17.147+0200,dw03,021B,178,770,-36,-615,463,1.99,12329
ground-height-2m-20260828-133428,d008m_r270_run01.csv,2,8,270,dw00;dw01;dw02;dw03;dw04;dw05;dw06;dw07;dw08,dw00;dw01;dw02;dw03;dw04;dw05;dw06;dw07;dw08,,165,1,2026-08-30T19:08:17.156+0200,dw08,028E,208,784,144,248,743,3.51,22277
ground-height-2m-20260828-133428,d008m_r270_run01.csv,2,8,270,dw00;dw01;dw02;dw03;dw04;dw05;dw06;dw07;dw08,dw00;dw01;dw02;dw03;dw04;dw05;dw06;dw07;dw08,,15,1,2026-08-30T19:08:17.166+0200,dw00,8103,134,801,-167,490,633,2.71,32257
ground-height-2m-20260828-133428,d008m_r270_run01.csv,2,8,270,dw00;dw01;dw02;dw03;dw04;dw05;dw06;dw07;dw08,dw00;dw01;dw02;dw03;dw04;dw05;dw06;dw07;dw08,,90,1,2026-08-30T19:08:17.196+0200,dw04,0F85,156,780,4,-426,653,2.95,62255
ground-height-2m-20260828-133428,d008m_r270_run01.csv,2,8,270,dw00;dw01;dw02;dw03;dw04;dw05;dw06;dw07;dw08,dw00;dw01;dw02;dw03;dw04;dw05;dw06;dw07;dw08,,105,1,2026-08-30T19:08:17.206+0200,dw05,4B92,35,785,42,-243,746,2.95,72235
ground-height-2m-20260828-133428,d008m_r270_run01.csv,2,8,270,dw00;dw01;dw02;dw03;dw04;dw05;dw06;dw07;dw08,dw00;dw01;dw02;dw03;dw04;dw05;dw06;dw07;dw08,,125,1,2026-08-30T19:08:17.216+0200,dw06,0789,79,785,90,-12,785,3.06,82275
ground-height-2m-20260828-133428,d008m_r270_run01.csv,2,8,270,dw00;dw01;dw02;dw03;dw04;dw05;dw06;dw07;dw08,dw00;dw01;dw02;dw03;dw04;dw05;dw06;dw07;dw08,,35,1,2026-08-30T19:08:17.277+0200,dw01,1729,190,791,-129,670,420,3.01,42327
ground-height-2m-20260828-133428,d008m_r270_run01.csv,2,8,270,dw00;dw01;dw02;dw03;dw04;dw05;dw06;dw07;dw08,dw00;dw01;dw02;dw03;dw04;dw05;dw06;dw07;dw08,,55,1,2026-08-30T19:08:17.286+0200,dw02,8FB0,220,784,-84,-784,0,1.81,52337
ground-height-2m-20260828-133428,d008m_r270_run01.csv,2,8,270,dw00;dw01;dw02;dw03;dw04;dw05;dw06;dw07;dw08,dw00;dw01;dw02;dw03;dw04;dw05;dw06;dw07;dw08,,145,1,2026-08-30T19:08:17.326+0200,dw07,5783,200,787,127,170,768,3.39,2147483
ground-height-2m-20260828-133428,d008m_r270_run01.csv,2,8,270,dw00;dw01;dw02;dw03;dw04;dw05;dw06;dw07;dw08,dw00;dw01;dw02;dw03;dw04;dw05;dw06;dw07;dw08,,75,1,2026-08-30T19:08:17.346+0200,dw03,021B,179,773,-39,-628,449,2.02,12237
ground-height-2m-20260828-133428,d008m_r270_run01.csv,2,8,270,dw00;dw01;dw02;dw03;dw04;dw05;dw06;dw07;dw08,dw00;dw01;dw02;dw03;dw04;dw05;dw06;dw07;dw08,,165,1,2026-08-30T19:08:17.356+0200,dw08,028E,209,783,144,251,742,3.57,22308
ground-height-2m-20260828-133428,d008m_r270_run01.csv,2,8,270,dw00;dw01;dw02;dw03;dw04;dw05;dw06;dw07;dw08,dw00;dw01;dw02;dw03;dw04;dw05;dw06;dw07;dw08,,15,1,2026-08-30T19:08:17.366+0200,dw00,8103,135,799,-163,512,613,2.71,32257
ground-height-2m-20260828-133428,d008m_r270_run01.csv,2,8,270,dw00;dw01;dw02;dw03;dw04;dw05;dw06;dw07;dw08,dw00;dw01;dw02;dw03;dw04;dw05;dw06;dw07;dw08,,90,1,2026-08-30T19:08:17.396+0200,dw04,0F85,157,786,5,-423,662,2.95,62225
ground-height-2m-20260828-133428,d008m_r270_run01.csv,2,8,270,dw00;dw01;dw02;dw03;dw04;dw05;dw06;dw07;dw08,dw00;dw01;dw02;dw03;dw04;dw05;dw06;dw07;dw08,,105,1,2026-08-30T19:08:17.406+0200,dw05,4B92,36,786,41,-248,746,2.95,72235
ground-height-2m-20260828-133428,d008m_r270_run01.csv,2,8,270,dw00;dw01;dw02;dw03;dw04;dw05;dw06;dw07;dw08,dw00;dw01;dw02;dw03;dw04;dw05;dw06;dw07;dw08,,125,1,2026-08-30T19:08:17.416+0200,dw06,0789,80,783,86,-29,783,3.01,82275
ground-height-2m-20260828-133428,d008m_r270_run01.csv,2,8,270,dw00;dw01;dw02;dw03;dw04;dw05;dw06;dw07;dw08,dw00;dw01;dw02;dw03;dw04;dw05;dw06;dw07;dw08,,35,1,2026-08-30T19:08:17.476+0200,dw01,1729,191,790,-130,662,431,3.06,42327
ground-height-2m-20260828-133428,d008m_r270_run01.csv,2,8,270,dw00;dw01;dw02;dw03;dw04;dw05;dw06;dw07;dw08,dw00;dw01;dw02;dw03;dw04;dw05;dw06;dw07;dw08,,55,1,2026-08-30T19:08:17.487+0200,dw02,8FB0,221,787,-86,-787,0,1.99,52368
ground-height-2m-20260828-133428,d008m_r270_run01.csv,2,8,270,dw00;dw01;dw02;dw03;dw04;dw05;dw06;dw07;dw08,dw00;dw01;dw02;dw03;dw04;dw05;dw06;dw07;dw08,,145,1,2026-08-30T19:08:17.527+0200,dw07,5783,201,783,117,120,774,3.51,2147483
ground-height-2m-20260828-133428,d008m_r270_run01.csv,2,8,270,dw00;dw01;dw02;dw03;dw04;dw05;dw06;dw07;dw08,dw00;dw01;dw02;dw03;dw04;dw05;dw06;dw07;dw08,,75,1,2026-08-30T19:08:17.546+0200,dw03,021B,180,769,-37,-619,457,2.08,12298
ground-height-2m-20260828-133428,d008m_r270_run01.csv,2,8,270,dw00;dw01;dw02;dw03;dw04;dw05;dw06;dw07;dw08,dw00;dw01;dw02;dw03;dw04;dw05;dw06;dw07;dw08,,165,1,2026-08-30T19:08:17.556+0200,dw08,028E,210,778,154,294,720,3.33,22247
ground-height-2m-20260828-133428,d008m_r270_run01.csv,2,8,270,dw00;dw01;dw02;dw03;dw04;dw05;dw06;dw07;dw08,dw00;dw01;dw02;dw03;dw04;dw05;dw06;dw07;dw08,,15,1,2026-08-30T19:08:17.566+0200,dw00,8103,136,799,-166,496,626,2.77,32287
ground-height-2m-20260828-133428,d008m_r270_run01.csv,2,8,270,dw00;dw01;dw02;dw03;dw04;dw05;dw06;dw07;dw08,dw00;dw01;dw02;dw03;dw04;dw05;dw06;dw07;dw08,,90,1,2026-08-30T19:08:17.596+0200,dw04,0F85,158,781,6,-416,661,3.01,62255
ground-height-2m-20260828-133428,d008m_r270_run01.csv,2,8,270,dw00;dw01;dw02;dw03;dw04;dw05;dw06;dw07;dw08,dw00;dw01;dw02;dw03;dw04;dw05;dw06;dw07;dw08,,105,1,2026-08-30T19:08:17.606+0200,dw05,4B92,37,787,40,-255,744,2.89,72204
ground-height-2m-20260828-133428,d008m_r270_run01.csv,2,8,270,dw00;dw01;dw02;dw03;dw04;dw05;dw06;dw07;dw08,dw00;dw01;dw02;dw03;dw04;dw05;dw06;dw07;dw08,,125,1,2026-08-30T19:08:17.616+0200,dw06,0789,81,786,79,-62,784,3.09,82275
ground-height-2m-20260828-133428,d008m_r270_run01.csv,2,8,270,dw00;dw01;dw02;dw03;dw04;dw05;dw06;dw07;dw08,dw00;dw01;dw02;dw03;dw04;dw05;dw06;dw07;dw08,,35,1,2026-08-30T19:08:17.676+0200,dw01,1729,192,788,-124,694,374,3.06,42327
ground-height-2m-20260828-133428,d008m_r270_run01.csv,2,8,270,dw00;dw01;dw02;dw03;dw04;dw05;dw06;dw07;dw08,dw00;dw01;dw02;dw03;dw04;dw05;dw06;dw07;dw08,,55,1,2026-08-30T19:08:17.686+0200,dw02,8FB0,222,785,-92,785,0,1.99,52398
ground-height-2m-20260828-133428,d008m_r270_run01.csv,2,8,270,dw00;dw01;dw02;dw03;dw04;dw05;dw06;dw07;dw08,dw00;dw01;dw02;dw03;dw04;dw05;dw06;dw07;dw08,,145,1,2026-08-30T19:08:17.726+0200,dw07,5783,202,783,125,156,767,3.39,2147483
ground-height-2m-20260828-133428,d008m_r270_run01.csv,2,8,270,dw00;dw01;dw02;dw03;dw04;dw05;dw06;dw07;dw08,dw00;dw01;dw02;dw03;dw04;dw05;dw06;dw07;dw08,,75,1,2026-08-30T19:08:17.746+0200,dw03,021B,181,769,-30,-586,497,2.08,12298
ground-height-2m-20260828-133428,d008m_r270_run01.csv,2,8,270,dw00;dw01;dw02;dw03;dw04;dw05;dw06;dw07;dw08,dw00;dw01;dw02;dw03;dw04;dw05;dw06;dw07;dw08,,165,1,2026-08-30T19:08:17.756+0200,dw08,028E,211,785,144,252,744,3.57,22308
ground-height-2m-20260828-133428,d008m_r270_run01.csv,2,8,270,dw00;dw01;dw02;dw03;dw04;dw05;dw06;dw07;dw08,dw00;dw01;dw02;dw03;dw04;dw05;dw06;dw07;dw08,,15,1,2026-08-30T19:08:17.766+0200,dw00,8103,137,801,-170,479,642,2.71,32257
ground-height-2m-20260828-133428,d008m_r270_run01.csv,2,8,270,dw00;dw01;dw02;dw03;dw04;dw05;dw06;dw07;dw08,dw00;dw01;dw02;dw03;dw04;dw05;dw06;dw07;dw08,,90,1,2026-08-30T19:08:17.796+0200,dw04,0F85,159,784,4,-426,659,2.95,62286
ground-height-2m-20260828-133428,d008m_r270_run01.csv,2,8,270,dw00;dw01;dw02;dw03;dw04;dw05;dw06;dw07;dw08,dw00;dw01;dw02;dw03;dw04;dw05;dw06;dw07;dw08,,105,1,2026-08-30T19:08:17.806+0200,dw05,4B92,38,784,42,-244,745,2.95,72265
ground-height-2m-20260828-133428,d008m_r270_run01.csv,2,8,270,dw00;dw01;dw02;dw03;dw04;dw05;dw06;dw07;dw08,dw00;dw01;dw02;dw03;dw04;dw05;dw06;dw07;dw08,,125,1,2026-08-30T19:08:17.816+0200,dw06,0789,82,784,79,-63,781,3.01,82275
ground-height-2m-20260828-133428,d008m_r270_run01.csv,2,8,270,dw00;dw01;dw02;dw03;dw04;dw05;dw06;dw07;dw08,dw00;dw01;dw02;dw03;dw04;dw05;dw06;dw07;dw08,,35,1,2026-08-30T19:08:17.876+0200,dw01,1729,193,790,-121,710,348,3.15,42297
ground-height-2m-20260828-133428,d008m_r270_run01.csv,2,8,270,dw00;dw01;dw02;dw03;dw04;dw05;dw06;dw07;dw08,dw00;dw01;dw02;dw03;dw04;dw05;dw06;dw07;dw08,,55,1,2026-08-30T19:08:17.886+0200,dw02,8FB0,223,783,-83,-783,0,1.99,52429
ground-height-2m-20260828-133428,d008m_r270_run01.csv,2,8,270,dw00;dw01;dw02;dw03;dw04;dw05;dw06;dw07;dw08,dw00;dw01;dw02;dw03;dw04;dw05;dw06;dw07;dw08,,145,1,2026-08-30T19:08:17.926+0200,dw07,5783,203,786,133,197,761,3.33,2147483
ground-height-2m-20260828-133428,d008m_r270_run01.csv,2,8,270,dw00;dw01;dw02;dw03;dw04;dw05;dw06;dw07;dw08,dw00;dw01;dw02;dw03;dw04;dw05;dw06;dw07;dw08,,75,1,2026-08-30T19:08:17.945+0200,dw03,021B,182,772,-38,-626,451,2.02,12268
ground-height-2m-20260828-133428,d008m_r270_run01.csv,2,8,270,dw00;dw01;dw02;dw03;dw04;dw05;dw06;dw07;dw08,dw00;dw01;dw02;dw03;dw04;dw05;dw06;dw07;dw08,,165,1,2026-08-30T19:08:17.956+0200,dw08,028E,212,784,147,262,739,3.57,22277
ground-height-2m-20260828-133428,d008m_r270_run01.csv,2,8,270,dw00;dw01;dw02;dw03;dw04;dw05;dw06;dw07;dw08,dw00;dw01;dw02;dw03;dw04;dw05;dw06;dw07;dw08,,15,1,2026-08-30T19:08:17.966+0200,dw00,8103,138,804,-166,498,631,2.71,32257
ground-height-2m-20260828-133428,d008m_r270_run01.csv,2,8,270,dw00;dw01;dw02;dw03;dw04;dw05;dw06;dw07;dw08,dw00;dw01;dw02;dw03;dw04;dw05;dw06;dw07;dw08,,90,1,2026-08-30T19:08:17.996+0200,dw04,0F85,160,782,6,-414,663,2.95,62255
ground-height-2m-20260828-133428,d008m_r270_run01.csv,2,8,270,dw00;dw01;dw02;dw03;dw04;dw05;dw06;dw07;dw08,dw00;dw01;dw02;dw03;dw04;dw05;dw06;dw07;dw08,,105,1,2026-08-30T19:08:18.006+0200,dw05,4B92,39,784,40,-250,743,3.01,72265
ground-height-2m-20260828-133428,d008m_r270_run01.csv,2,8,270,dw00;dw01;dw02;dw03;dw04;dw05;dw06;dw07;dw08,dw00;dw01;dw02;dw03;dw04;dw05;dw06;dw07;dw08,,125,1,2026-08-30T19:08:18.016+0200,dw06,0789,83,784,82,-50,782,3.01,82275
ground-height-2m-20260828-133428,d008m_r270_run01.csv,2,8,270,dw00;dw01;dw02;dw03;dw04;dw05;dw06;dw07;dw08,dw00;dw01;dw02;dw03;dw04;dw05;dw06;dw07;dw08,,35,1,2026-08-30T19:08:18.076+0200,dw01,1729,194,792,-123,699,372,3.06,42327
ground-height-2m-20260828-133428,d008m_r270_run01.csv,2,8,270,dw00;dw01;dw02;dw03;dw04;dw05;dw06;dw07;dw08,dw00;dw01;dw02;dw03;dw04;dw05;dw06;dw07;dw08,,55,1,2026-08-30T19:08:18.086+0200,dw02,8FB0,224,785,-84,-785,0,1.99,52368
ground-height-2m-20260828-133428,d008m_r270_run01.csv,2,8,270,dw00;dw01;dw02;dw03;dw04;dw05;dw06;dw07;dw08,dw00;dw01;dw02;dw03;dw04;dw05;dw06;dw07;dw08,,145,1,2026-08-30T19:08:18.126+0200,dw07,5783,204,784,124,152,769,3.39,2147483
ground-height-2m-20260828-133428,d008m_r270_run01.csv,2,8,270,dw00;dw01;dw02;dw03;dw04;dw05;dw06;dw07;dw08,dw00;dw01;dw02;dw03;dw04;dw05;dw06;dw07;dw08,,75,1,2026-08-30T19:08:18.146+0200,dw03,021B,183,770,-36,-616,462,2.08,12268
ground-height-2m-20260828-133428,d008m_r270_run01.csv,2,8,270,dw00;dw01;dw02;dw03;dw04;dw05;dw06;dw07;dw08,dw00;dw01;dw02;dw03;dw04;dw05;dw06;dw07;dw08,,165,1,2026-08-30T19:08:18.155+0200,dw08,028E,213,782,148,266,736,3.45,22277
ground-height-2m-20260828-133428,d008m_r270_run01.csv,2,8,270,dw00;dw01;dw02;dw03;dw04;dw05;dw06;dw07;dw08,dw00;dw01;dw02;dw03;dw04;dw05;dw06;dw07;dw08,,15,1,2026-08-30T19:08:18.166+0200,dw00,8103,139,801,-163,512,616,2.71,32257
ground-height-2m-20260828-133428,d008m_r270_run01.csv,2,8,270,dw00;dw01;dw02;dw03;dw04;dw05;dw06;dw07;dw08,dw00;dw01;dw02;dw03;dw04;dw05;dw06;dw07;dw08,,90,1,2026-08-30T19:08:18.195+0200,dw04,0F85,161,783,0,-443,645,3.06,62255
ground-height-2m-20260828-133428,d008m_r270_run01.csv,2,8,270,dw00;dw01;dw02;dw03;dw04;dw05;dw06;dw07;dw08,dw00;dw01;dw02;dw03;dw04;dw05;dw06;dw07;dw08,,105,1,2026-08-30T19:08:18.206+0200,dw05,4B92,40,787,41,-250,746,3.01,72235
ground-height-2m-20260828-133428,d008m_r270_run01.csv,2,8,270,dw00;dw01;dw02;dw03;dw04;dw05;dw06;dw07;dw08,dw00;dw01;dw02;dw03;dw04;dw05;dw06;dw07;dw08,,125,1,2026-08-30T19:08:18.216+0200,dw06,0789,84,786,77,-76,782,3.06,82275
ground-height-2m-20260828-133428,d008m_r270_run01.csv,2,8,270,dw00;dw01;dw02;dw03;dw04;dw05;dw06;dw07;dw08,dw00;dw01;dw02;dw03;dw04;dw05;dw06;dw07;dw08,,35,1,2026-08-30T19:08:18.276+0200,dw01,1729,195,792,-124,695,379,3.15,42327
ground-height-2m-20260828-133428,d008m_r270_run01.csv,2,8,270,dw00;dw01;dw02;dw03;dw04;dw05;dw06;dw07;dw08,dw00;dw01;dw02;dw03;dw04;dw05;dw06;dw07;dw08,,55,1,2026-08-30T19:08:18.286+0200,dw02,8FB0,225,788,-82,-788,0,1.81,52398
ground-height-2m-20260828-133428,d008m_r270_run01.csv,2,8,270,dw00;dw01;dw02;dw03;dw04;dw05;dw06;dw07;dw08,dw00;dw01;dw02;dw03;dw04;dw05;dw06;dw07;dw08,,145,1,2026-08-30T19:08:18.326+0200,dw07,5783,205,781,134,200,755,3.45,2147483
ground-height-2m-20260828-133428,d008m_r270_run01.csv,2,8,270,dw00;dw01;dw02;dw03;dw04;dw05;dw06;dw07;dw08,dw00;dw01;dw02;dw03;dw04;dw05;dw06;dw07;dw08,,75,1,2026-08-30T19:08:18.346+0200,dw03,021B,184,773,-38,-624,456,2.02,12268
ground-height-2m-20260828-133428,d008m_r270_run01.csv,2,8,270,dw00;dw01;dw02;dw03;dw04;dw05;dw06;dw07;dw08,dw00;dw01;dw02;dw03;dw04;dw05;dw06;dw07;dw08,,165,1,2026-08-30T19:08:18.356+0200,dw08,028E,214,785,153,291,729,3.57,22277
ground-height-2m-20260828-133428,d008m_r270_run01.csv,2,8,270,dw00;dw01;dw02;dw03;dw04;dw05;dw06;dw07;dw08,dw00;dw01;dw02;dw03;dw04;dw05;dw06;dw07;dw08,,15,1,2026-08-30T19:08:18.365+0200,dw00,8103,140,802,-172,468,651,2.77,32257
ground-height-2m-20260828-133428,d008m_r270_run01.csv,2,8,270,dw00;dw01;dw02;dw03;dw04;dw05;dw06;dw07;dw08,dw00;dw01;dw02;dw03;dw04;dw05;dw06;dw07;dw08,,90,1,2026-08-30T19:08:18.396+0200,dw04,0F85,162,783,0,-443,646,3.01,62255
ground-height-2m-20260828-133428,d008m_r270_run01.csv,2,8,270,dw00;dw01;dw02;dw03;dw04;dw05;dw06;dw07;dw08,dw00;dw01;dw02;dw03;dw04;dw05;dw06;dw07;dw08,,105,1,2026-08-30T19:08:18.405+0200,dw05,4B92,41,784,40,-252,742,2.95,72235
ground-height-2m-20260828-133428,d008m_r270_run01.csv,2,8,270,dw00;dw01;dw02;dw03;dw04;dw05;dw06;dw07;dw08,dw00;dw01;dw02;dw03;dw04;dw05;dw06;dw07;dw08,,125,1,2026-08-30T19:08:18.416+0200,dw06,0789,85,783,85,-34,783,3.01,82275
ground-height-2m-20260828-133428,d008m_r270_run01.csv,2,8,270,dw00;dw01;dw02;dw03;dw04;dw05;dw06;dw07;dw08,dw00;dw01;dw02;dw03;dw04;dw05;dw06;dw07;dw08,,35,1,2026-08-30T19:08:18.476+0200,dw01,1729,196,789,-115,735,285,3.06,42297
ground-height-2m-20260828-133428,d008m_r270_run01.csv,2,8,270,dw00;dw01;dw02;dw03;dw04;dw05;dw06;dw07;dw08,dw00;dw01;dw02;dw03;dw04;dw05;dw06;dw07;dw08,,55,1,2026-08-30T19:08:18.485+0200,dw02,8FB0,226,786,-88,786,0,1.87,52307
ground-height-2m-20260828-133428,d008m_r270_run01.csv,2,8,270,dw00;dw01;dw02;dw03;dw04;dw05;dw06;dw07;dw08,dw00;dw01;dw02;dw03;dw04;dw05;dw06;dw07;dw08,,145,1,2026-08-30T19:08:18.526+0200,dw07,5783,206,786,125,158,770,3.39,2147483
ground-height-2m-20260828-133428,d008m_r270_run01.csv,2,8,270,dw00;dw01;dw02;dw03;dw04;dw05;dw06;dw07;dw08,dw00;dw01;dw02;dw03;dw04;dw05;dw06;dw07;dw08,,75,1,2026-08-30T19:08:18.546+0200,dw03,021B,185,772,-33,-602,483,2.08,12268
ground-height-2m-20260828-133428,d008m_r270_run01.csv,2,8,270,dw00;dw01;dw02;dw03;dw04;dw05;dw06;dw07;dw08,dw00;dw01;dw02;dw03;dw04;dw05;dw06;dw07;dw08,,165,1,2026-08-30T19:08:18.556+0200,dw08,028E,215,788,154,300,729,3.45,22277
ground-height-2m-20260828-133428,d008m_r270_run01.csv,2,8,270,dw00;dw01;dw02;dw03;dw04;dw05;dw06;dw07;dw08,dw00;dw01;dw02;dw03;dw04;dw05;dw06;dw07;dw08,,15,1,2026-08-30T19:08:18.566+0200,dw00,8103,141,802,-160,524,606,2.89,32287
ground-height-2m-20260828-133428,d008m_r270_run01.csv,2,8,270,dw00;dw01;dw02;dw03;dw04;dw05;dw06;dw07;dw08,dw00;dw01;dw02;dw03;dw04;dw05;dw06;dw07;dw08,,90,1,2026-08-30T19:08:18.596+0200,dw04,0F85,163,782,4,-427,654,3.06,62255
ground-height-2m-20260828-133428,d008m_r270_run01.csv,2,8,270,dw00;dw01;dw02;dw03;dw04;dw05;dw06;dw07;dw08,dw00;dw01;dw02;dw03;dw04;dw05;dw06;dw07;dw08,,105,1,2026-08-30T19:08:18.606+0200,dw05,4B92,42,784,39,-258,740,3.01,72265
ground-height-2m-20260828-133428,d008m_r270_run01.csv,2,8,270,dw00;dw01;dw02;dw03;dw04;dw05;dw06;dw07;dw08,dw00;dw01;dw02;dw03;dw04;dw05;dw06;dw07;dw08,,125,1,2026-08-30T19:08:18.615+0200,dw06,0789,86,786,87,-26,785,3.06,82305
ground-height-2m-20260828-133428,d008m_r270_run01.csv,2,8,270,dw00;dw01;dw02;dw03;dw04;dw05;dw06;dw07;dw08,dw00;dw01;dw02;dw03;dw04;dw05;dw06;dw07;dw08,,35,1,2026-08-30T19:08:18.676+0200,dw01,1729,197,789,-122,702,359,3.01,42297
ground-height-2m-20260828-133428,d008m_r270_run01.csv,2,8,270,dw00;dw01;dw02;dw03;dw04;dw05;dw06;dw07;dw08,dw00;dw01;dw02;dw03;dw04;dw05;dw06;dw07;dw08,,55,1,2026-08-30T19:08:18.686+0200,dw02,8FB0,227,788,-85,-788,0,2.02,52429
ground-height-2m-20260828-133428,d008m_r270_run01.csv,2,8,270,dw00;dw01;dw02;dw03;dw04;dw05;dw06;dw07;dw08,dw00;dw01;dw02;dw03;dw04;dw05;dw06;dw07;dw08,,145,1,2026-08-30T19:08:18.726+0200,dw07,5783,207,784,123,148,770,3.45,2147483
ground-height-2m-20260828-133428,d008m_r270_run01.csv,2,8,270,dw00;dw01;dw02;dw03;dw04;dw05;dw06;dw07;dw08,dw00;dw01;dw02;dw03;dw04;dw05;dw06;dw07;dw08,,75,1,2026-08-30T19:08:18.745+0200,dw03,021B,186,768,-32,-594,486,2.20,12268
ground-height-2m-20260828-133428,d008m_r270_run01.csv,2,8,270,dw00;dw01;dw02;dw03;dw04;dw05;dw06;dw07;dw08,dw00;dw01;dw02;dw03;dw04;dw05;dw06;dw07;dw08,,165,1,2026-08-30T19:08:18.756+0200,dw08,028E,216,783,159,320,714,3.57,22277
ground-height-2m-20260828-133428,d008m_r270_run01.csv,2,8,270,dw00;dw01;dw02;dw03;dw04;dw05;dw06;dw07;dw08,dw00;dw01;dw02;dw03;dw04;dw05;dw06;dw07;dw08,,15,1,2026-08-30T19:08:18.766+0200,dw00,8103,142,802,-166,495,631,2.77,32226
ground-height-2m-20260828-133428,d008m_r270_run01.csv,2,8,270,dw00;dw01;dw02;dw03;dw04;dw05;dw06;dw07;dw08,dw00;dw01;dw02;dw03;dw04;dw05;dw06;dw07;dw08,,90,1,2026-08-30T19:08:18.796+0200,dw04,0F85,164,783,6,-418,662,3.01,62255
ground-height-2m-20260828-133428,d008m_r270_run01.csv,2,8,270,dw00;dw01;dw02;dw03;dw04;dw05;dw06;dw07;dw08,dw00;dw01;dw02;dw03;dw04;dw05;dw06;dw07;dw08,,105,1,2026-08-30T19:08:18.806+0200,dw05,4B92,43,785,39,-259,741,2.89,72235
ground-height-2m-20260828-133428,d008m_r270_run01.csv,2,8,270,dw00;dw01;dw02;dw03;dw04;dw05;dw06;dw07;dw08,dw00;dw01;dw02;dw03;dw04;dw05;dw06;dw07;dw08,,125,1,2026-08-30T19:08:18.816+0200,dw06,0789,87,784,81,-55,782,2.95,82275
ground-height-2m-20260828-133428,d008m_r270_run01.csv,2,8,270,dw00;dw01;dw02;dw03;dw04;dw05;dw06;dw07;dw08,dw00;dw01;dw02;dw03;dw04;dw05;dw06;dw07;dw08,,35,1,2026-08-30T19:08:18.876+0200,dw01,1729,198,790,-126,685,393,3.21,42327
ground-height-2m-20260828-133428,d008m_r270_run01.csv,2,8,270,dw00;dw01;dw02;dw03;dw04;dw05;dw06;dw07;dw08,dw00;dw01;dw02;dw03;dw04;dw05;dw06;dw07;dw08,,55,1,2026-08-30T19:08:18.886+0200,dw02,8FB0,228,784,-87,784,0,1.93,52398
ground-height-2m-20260828-133428,d008m_r270_run01.csv,2,8,270,dw00;dw01;dw02;dw03;dw04;dw05;dw06;dw07;dw08,dw00;dw01;dw02;dw03;dw04;dw05;dw06;dw07;dw08,,145,1,2026-08-30T19:08:18.926+0200,dw07,5783,208,783,126,161,766,3.33,2147483
ground-height-2m-20260828-133428,d008m_r270_run01.csv,2,8,270,dw00;dw01;dw02;dw03;dw04;dw05;dw06;dw07;dw08,dw00;dw01;dw02;dw03;dw04;dw05;dw06;dw07;dw08,,75,1,2026-08-30T19:08:18.945+0200,dw03,021B,187,773,-35,-612,473,2.08,12298
ground-height-2m-20260828-133428,d008m_r270_run01.csv,2,8,270,dw00;dw01;dw02;dw03;dw04;dw05;dw06;dw07;dw08,dw00;dw01;dw02;dw03;dw04;dw05;dw06;dw07;dw08,,165,1,2026-08-30T19:08:18.955+0200,dw08,028E,217,780,142,238,743,3.45,22277
ground-height-2m-20260828-133428,d008m_r270_run01.csv,2,8,270,dw00;dw01;dw02;dw03;dw04;dw05;dw06;dw07;dw08,dw00;dw01;dw02;dw03;dw04;dw05;dw06;dw07;dw08,,15,1,2026-08-30T19:08:18.966+0200,dw00,8103,143,801,-164,508,619,2.77,32257
ground-height-2m-20260828-133428,d008m_r270_run01.csv,2,8,270,dw00;dw01;dw02;dw03;dw04;dw05;dw06;dw07;dw08,dw00;dw01;dw02;dw03;dw04;dw05;dw06;dw07;dw08,,90,1,2026-08-30T19:08:18.995+0200,dw04,0F85,165,784,0,-446,645,3.06,62255
ground-height-2m-20260828-133428,d008m_r270_run01.csv,2,8,270,dw00;dw01;dw02;dw03;dw04;dw05;dw06;dw07;dw08,dw00;dw01;dw02;dw03;dw04;dw05;dw06;dw07;dw08,,105,1,2026-08-30T19:08:19.006+0200,dw05,4B92,44,784,44,-234,748,2.95,72235
ground-height-2m-20260828-133428,d008m_r270_run01.csv,2,8,270,dw00;dw01;dw02;dw03;dw04;dw05;dw06;dw07;dw08,dw00;dw01;dw02;dw03;dw04;dw05;dw06;dw07;dw08,,125,1,2026-08-30T19:08:19.016+0200,dw06,0789,88,780,86,-31,780,3.06,82244
ground-height-2m-20260828-133428,d008m_r270_run01.csv,2,8,270,dw00;dw01;dw02;dw03;dw04;dw05;dw06;dw07;dw08,dw00;dw01;dw02;dw03;dw04;dw05;dw06;dw07;dw08,,35,1,2026-08-30T19:08:19.075+0200,dw01,1729,199,792,-126,684,399,3.06,42327
ground-height-2m-20260828-133428,d008m_r270_run01.csv,2,8,270,dw00;dw01;dw02;dw03;dw04;dw05;dw06;dw07;dw08,dw00;dw01;dw02;dw03;dw04;dw05;dw06;dw07;dw08,,55,1,2026-08-30T19:08:19.086+0200,dw02,8FB0,229,786,-83,-786,0,1.93,52398
ground-height-2m-20260828-133428,d008m_r270_run01.csv,2,8,270,dw00;dw01;dw02;dw03;dw04;dw05;dw06;dw07;dw08,dw00;dw01;dw02;dw03;dw04;dw05;dw06;dw07;dw08,,145,1,2026-08-30T19:08:19.126+0200,dw07,5783,209,781,132,191,758,3.33,2147483
ground-height-2m-20260828-133428,d008m_r270_run01.csv,2,8,270,dw00;dw01;dw02;dw03;dw04;dw05;dw06;dw07;dw08,dw00;dw01;dw02;dw03;dw04;dw05;dw06;dw07;dw08,,75,1,2026-08-30T19:08:19.146+0200,dw03,021B,188,773,-35,-610,473,2.02,12268
ground-height-2m-20260828-133428,d008m_r270_run01.csv,2,8,270,dw00;dw01;dw02;dw03;dw04;dw05;dw06;dw07;dw08,dw00;dw01;dw02;dw03;dw04;dw05;dw06;dw07;dw08,,165,1,2026-08-30T19:08:19.155+0200,dw08,028E,218,785,158,316,718,3.45,22308
ground-height-2m-20260828-133428,d008m_r270_run01.csv,2,8,270,dw00;dw01;dw02;dw03;dw04;dw05;dw06;dw07;dw08,dw00;dw01;dw02;dw03;dw04;dw05;dw06;dw07;dw08,,15,1,2026-08-30T19:08:19.165+0200,dw00,8103,144,799,-165,499,623,2.77,32257
ground-height-2m-20260828-133428,d008m_r270_run01.csv,2,8,270,dw00;dw01;dw02;dw03;dw04;dw05;dw06;dw07;dw08,dw00;dw01;dw02;dw03;dw04;dw05;dw06;dw07;dw08,,90,1,2026-08-30T19:08:19.195+0200,dw04,0F85,166,781,5,-421,658,2.95,62255
ground-height-2m-20260828-133428,d008m_r270_run01.csv,2,8,270,dw00;dw01;dw02;dw03;dw04;dw05;dw06;dw07;dw08,dw00;dw01;dw02;dw03;dw04;dw05;dw06;dw07;dw08,,105,1,2026-08-30T19:08:19.205+0200,dw05,4B92,45,783,39,-255,740,3.06,72235
ground-height-2m-20260828-133428,d008m_r270_run01.csv,2,8,270,dw00;dw01;dw02;dw03;dw04;dw05;dw06;dw07;dw08,dw00;dw01;dw02;dw03;dw04;dw05;dw06;dw07;dw08,,125,1,2026-08-30T19:08:19.216+0200,dw06,0789,89,788,81,-56,785,3.01,82305
ground-height-2m-20260828-133428,d008m_r270_run01.csv,2,8,270,dw00;dw01;dw02;dw03;dw04;dw05;dw06;dw07;dw08,dw00;dw01;dw02;dw03;dw04;dw05;dw06;dw07;dw08,,35,1,2026-08-30T19:08:19.275+0200,dw01,1729,200,790,-121,707,352,3.09,42327
ground-height-2m-20260828-133428,d008m_r270_run01.csv,2,8,270,dw00;dw01;dw02;dw03;dw04;dw05;dw06;dw07;dw08,dw00;dw01;dw02;dw03;dw04;dw05;dw06;dw07;dw08,,55,1,2026-08-30T19:08:19.285+0200,dw02,8FB0,230,785,-85,-785,0,1.93,52398
ground-height-2m-20260828-133428,d008m_r270_run01.csv,2,8,270,dw00;dw01;dw02;dw03;dw04;dw05;dw06;dw07;dw08,dw00;dw01;dw02;dw03;dw04;dw05;dw06;dw07;dw08,,145,1,2026-08-30T19:08:19.325+0200,dw07,5783,210,781,124,152,766,3.45,2147483
ground-height-2m-20260828-133428,d008m_r270_run01.csv,2,8,270,dw00;dw01;dw02;dw03;dw04;dw05;dw06;dw07;dw08,dw00;dw01;dw02;dw03;dw04;dw05;dw06;dw07;dw08,,75,1,2026-08-30T19:08:19.346+0200,dw03,021B,189,774,-36,-616,469,1.93,12298
ground-height-2m-20260828-133428,d008m_r270_run01.csv,2,8,270,dw00;dw01;dw02;dw03;dw04;dw05;dw06;dw07;dw08,dw00;dw01;dw02;dw03;dw04;dw05;dw06;dw07;dw08,,165,1,2026-08-30T19:08:19.356+0200,dw08,028E,219,787,155,306,725,3.39,22277
ground-height-2m-20260828-133428,d008m_r270_run01.csv,2,8,270,dw00;dw01;dw02;dw03;dw04;dw05;dw06;dw07;dw08,dw00;dw01;dw02;dw03;dw04;dw05;dw06;dw07;dw08,,15,1,2026-08-30T19:08:19.365+0200,dw00,8103,145,800,-164,505,621,2.83,32257
ground-height-2m-20260828-133428,d008m_r270_run01.csv,2,8,270,dw00;dw01;dw02;dw03;dw04;dw05;dw06;dw07;dw08,dw00;dw01;dw02;dw03;dw04;dw05;dw06;dw07;dw08,,90,1,2026-08-30T19:08:19.396+0200,dw04,0F85,167,784,5,-424,660,3.06,62255
ground-height-2m-20260828-133428,d008m_r270_run01.csv,2,8,270,dw00;dw01;dw02;dw03;dw04;dw05;dw06;dw07;dw08,dw00;dw01;dw02;dw03;dw04;dw05;dw06;dw07;dw08,,105,1,2026-08-30T19:08:19.405+0200,dw05,4B92,46,785,36,-270,737,2.95,72235
ground-height-2m-20260828-133428,d008m_r270_run01.csv,2,8,270,dw00;dw01;dw02;dw03;dw04;dw05;dw06;dw07;dw08,dw00;dw01;dw02;dw03;dw04;dw05;dw06;dw07;dw08,,125,1,2026-08-30T19:08:19.415+0200,dw06,0789,90,788,79,-64,785,3.01,82244
ground-height-2m-20260828-133428,d008m_r270_run01.csv,2,8,270,dw00;dw01;dw02;dw03;dw04;dw05;dw06;dw07;dw08,dw00;dw01;dw02;dw03;dw04;dw05;dw06;dw07;dw08,,35,1,2026-08-30T19:08:19.476+0200,dw01,1729,201,791,-116,735,292,3.06,42266
ground-height-2m-20260828-133428,d008m_r270_run01.csv,2,8,270,dw00;dw01;dw02;dw03;dw04;dw05;dw06;dw07;dw08,dw00;dw01;dw02;dw03;dw04;dw05;dw06;dw07;dw08,,55,1,2026-08-30T19:08:19.485+0200,dw02,8FB0,231,788,-82,-788,0,1.93,52368
ground-height-2m-20260828-133428,d008m_r270_run01.csv,2,8,270,dw00;dw01;dw02;dw03;dw04;dw05;dw06;dw07;dw08,dw00;dw01;dw02;dw03;dw04;dw05;dw06;dw07;dw08,,145,1,2026-08-30T19:08:19.525+0200,dw07,5783,211,783,128,172,764,3.45,2147483
ground-height-2m-20260828-133428,d008m_r270_run01.csv,2,8,270,dw00;dw01;dw02;dw03;dw04;dw05;dw06;dw07;dw08,dw00;dw01;dw02;dw03;dw04;dw05;dw06;dw07;dw08,,75,1,2026-08-30T19:08:19.545+0200,dw03,021B,190,775,-42,-646,427,2.08,12268
ground-height-2m-20260828-133428,d008m_r270_run01.csv,2,8,270,dw00;dw01;dw02;dw03;dw04;dw05;dw06;dw07;dw08,dw00;dw01;dw02;dw03;dw04;dw05;dw06;dw07;dw08,,165,1,2026-08-30T19:08:19.556+0200,dw08,028E,220,784,156,306,722,3.45,22277
ground-height-2m-20260828-133428,d008m_r270_run01.csv,2,8,270,dw00;dw01;dw02;dw03;dw04;dw05;dw06;dw07;dw08,dw00;dw01;dw02;dw03;dw04;dw05;dw06;dw07;dw08,,15,1,2026-08-30T19:08:19.566+0200,dw00,8103,146,803,-161,523,609,2.83,32287
ground-height-2m-20260828-133428,d008m_r270_run01.csv,2,8,270,dw00;dw01;dw02;dw03;dw04;dw05;dw06;dw07;dw08,dw00;dw01;dw02;dw03;dw04;dw05;dw06;dw07;dw08,,90,1,2026-08-30T19:08:19.596+0200,dw04,0F85,168,784,1,-439,649,3.01,62255
ground-height-2m-20260828-133428,d008m_r270_run01.csv,2,8,270,dw00;dw01;dw02;dw03;dw04;dw05;dw06;dw07;dw08,dw00;dw01;dw02;dw03;dw04;dw05;dw06;dw07;dw08,,105,1,2026-08-30T19:08:19.606+0200,dw05,4B92,47,785,39,-255,742,2.95,72235
ground-height-2m-20260828-133428,d008m_r270_run01.csv,2,8,270,dw00;dw01;dw02;dw03;dw04;dw05;dw06;dw07;dw08,dw00;dw01;dw02;dw03;dw04;dw05;dw06;dw07;dw08,,125,1,2026-08-30T19:08:19.615+0200,dw06,0789,91,783,83,-42,782,3.01,82305
ground-height-2m-20260828-133428,d008m_r270_run01.csv,2,8,270,dw00;dw01;dw02;dw03;dw04;dw05;dw06;dw07;dw08,dw00;dw01;dw02;dw03;dw04;dw05;dw06;dw07;dw08,,35,1,2026-08-30T19:08:19.676+0200,dw01,1729,202,791,-118,722,324,3.01,42297
ground-height-2m-20260828-133428,d008m_r270_run01.csv,2,8,270,dw00;dw01;dw02;dw03;dw04;dw05;dw06;dw07;dw08,dw00;dw01;dw02;dw03;dw04;dw05;dw06;dw07;dw08,,55,1,2026-08-30T19:08:19.686+0200,dw02,8FB0,232,788,-80,-789,0,1.99,52368
ground-height-2m-20260828-133428,d008m_r270_run01.csv,2,8,270,dw00;dw01;dw02;dw03;dw04;dw05;dw06;dw07;dw08,dw00;dw01;dw02;dw03;dw04;dw05;dw06;dw07;dw08,,145,1,2026-08-30T19:08:19.726+0200,dw07,5783,212,782,124,152,767,3.51,2147483
ground-height-2m-20260828-133428,d008m_r270_run01.csv,2,8,270,dw00;dw01;dw02;dw03;dw04;dw05;dw06;dw07;dw08,dw00;dw01;dw02;dw03;dw04;dw05;dw06;dw07;dw08,,75,1,2026-08-30T19:08:19.745+0200,dw03,021B,191,772,-32,-595,491,2.02,12268
ground-height-2m-20260828-133428,d008m_r270_run01.csv,2,8,270,dw00;dw01;dw02;dw03;dw04;dw05;dw06;dw07;dw08,dw00;dw01;dw02;dw03;dw04;dw05;dw06;dw07;dw08,,165,1,2026-08-30T19:08:19.755+0200,dw08,028E,221,783,150,278,732,3.45,22277
ground-height-2m-20260828-133428,d008m_r270_run01.csv,2,8,270,dw00;dw01;dw02;dw03;dw04;dw05;dw06;dw07;dw08,dw00;dw01;dw02;dw03;dw04;dw05;dw06;dw07;dw08,,15,1,2026-08-30T19:08:19.766+0200,dw00,8103,147,805,-168,487,641,2.71,32257
ground-height-2m-20260828-133428,d008m_r270_run01.csv,2,8,270,dw00;dw01;dw02;dw03;dw04;dw05;dw06;dw07;dw08,dw00;dw01;dw02;dw03;dw04;dw05;dw06;dw07;dw08,,90,1,2026-08-30T19:08:19.795+0200,dw04,0F85,169,782,4,-426,656,3.09,62255
ground-height-2m-20260828-133428,d008m_r270_run01.csv,2,8,270,dw00;dw01;dw02;dw03;dw04;dw05;dw06;dw07;dw08,dw00;dw01;dw02;dw03;dw04;dw05;dw06;dw07;dw08,,105,1,2026-08-30T19:08:19.806+0200,dw05,4B92,48,785,43,-239,748,3.01,72235
ground-height-2m-20260828-133428,d008m_r270_run01.csv,2,8,270,dw00;dw01;dw02;dw03;dw04;dw05;dw06;dw07;dw08,dw00;dw01;dw02;dw03;dw04;dw05;dw06;dw07;dw08,,125,1,2026-08-30T19:08:19.815+0200,dw06,0789,92,785,77,-72,782,3.06,82275
ground-height-2m-20260828-133428,d008m_r270_run01.csv,2,8,270,dw00;dw01;dw02;dw03;dw04;dw05;dw06;dw07;dw08,dw00;dw01;dw02;dw03;dw04;dw05;dw06;dw07;dw08,,35,1,2026-08-30T19:08:19.875+0200,dw01,1729,203,789,-117,729,302,3.06,42297
ground-height-2m-20260828-133428,d008m_r270_run01.csv,2,8,270,dw00;dw01;dw02;dw03;dw04;dw05;dw06;dw07;dw08,dw00;dw01;dw02;dw03;dw04;dw05;dw06;dw07;dw08,,55,1,2026-08-30T19:08:19.886+0200,dw02,8FB0,233,787,-93,787,0,2.08,52368
ground-height-2m-20260828-133428,d008m_r270_run01.csv,2,8,270,dw00;dw01;dw02;dw03;dw04;dw05;dw06;dw07;dw08,dw00;dw01;dw02;dw03;dw04;dw05;dw06;dw07;dw08,,145,1,2026-08-30T19:08:19.926+0200,dw07,5783,213,787,126,165,769,3.51,2147483
ground-height-2m-20260828-133428,d008m_r270_run01.csv,2,8,270,dw00;dw01;dw02;dw03;dw04;dw05;dw06;dw07;dw08,dw00;dw01;dw02;dw03;dw04;dw05;dw06;dw07;dw08,,75,1,2026-08-30T19:08:19.945+0200,dw03,021B,192,770,-36,-611,468,2.08,12298
ground-height-2m-20260828-133428,d008m_r270_run01.csv,2,8,270,dw00;dw01;dw02;dw03;dw04;dw05;dw06;dw07;dw08,dw00;dw01;dw02;dw03;dw04;dw05;dw06;dw07;dw08,,165,1,2026-08-30T19:08:19.955+0200,dw08,028E,222,786,147,266,739,3.33,22277
ground-height-2m-20260828-133428,d008m_r270_run01.csv,2,8,270,dw00;dw01;dw02;dw03;dw04;dw05;dw06;dw07;dw08,dw00;dw01;dw02;dw03;dw04;dw05;dw06;dw07;dw08,,15,1,2026-08-30T19:08:19.965+0200,dw00,8103,148,802,-170,476,645,2.71,32257
ground-height-2m-20260828-133428,d008m_r270_run01.csv,2,8,270,dw00;dw01;dw02;dw03;dw04;dw05;dw06;dw07;dw08,dw00;dw01;dw02;dw03;dw04;dw05;dw06;dw07;dw08,,90,1,2026-08-30T19:08:19.995+0200,dw04,0F85,170,780,4,-423,655,3.01,62286
ground-height-2m-20260828-133428,d008m_r270_run01.csv,2,8,270,dw00;dw01;dw02;dw03;dw04;dw05;dw06;dw07;dw08,dw00;dw01;dw02;dw03;dw04;dw05;dw06;dw07;dw08,,105,1,2026-08-30T19:08:20.005+0200,dw05,4B92,49,783,42,-242,744,3.06,72235
ground-height-2m-20260828-133428,d008m_r270_run01.csv,2,8,270,dw00;dw01;dw02;dw03;dw04;dw05;dw06;dw07;dw08,dw00;dw01;dw02;dw03;dw04;dw05;dw06;dw07;dw08,,125,1,2026-08-30T19:08:20.016+0200,dw06,0789,93,784,84,-37,783,3.06,82275
ground-height-2m-20260828-133428,d008m_r270_run01.csv,2,8,270,dw00;dw01;dw02;dw03;dw04;dw05;dw06;dw07;dw08,dw00;dw01;dw02;dw03;dw04;dw05;dw06;dw07;dw08,,35,1,2026-08-30T19:08:20.075+0200,dw01,1729,204,788,-122,702,358,3.15,42327
ground-height-2m-20260828-133428,d008m_r270_run01.csv,2,8,270,dw00;dw01;dw02;dw03;dw04;dw05;dw06;dw07;dw08,dw00;dw01;dw02;dw03;dw04;dw05;dw06;dw07;dw08,,55,1,2026-08-30T19:08:20.085+0200,dw02,8FB0,234,784,-85,-784,0,1.93,52368
ground-height-2m-20260828-133428,d008m_r270_run01.csv,2,8,270,dw00;dw01;dw02;dw03;dw04;dw05;dw06;dw07;dw08,dw00;dw01;dw02;dw03;dw04;dw05;dw06;dw07;dw08,,145,1,2026-08-30T19:08:20.125+0200,dw07,5783,214,782,126,160,765,3.45,2147483
ground-height-2m-20260828-133428,d008m_r270_run01.csv,2,8,270,dw00;dw01;dw02;dw03;dw04;dw05;dw06;dw07;dw08,dw00;dw01;dw02;dw03;dw04;dw05;dw06;dw07;dw08,,75,1,2026-08-30T19:08:20.146+0200,dw03,021B,193,773,-38,-624,456,2.02,12268
ground-height-2m-20260828-133428,d008m_r270_run01.csv,2,8,270,dw00;dw01;dw02;dw03;dw04;dw05;dw06;dw07;dw08,dw00;dw01;dw02;dw03;dw04;dw05;dw06;dw07;dw08,,165,1,2026-08-30T19:08:20.155+0200,dw08,028E,223,782,142,239,745,3.51,22277
ground-height-2m-20260828-133428,d008m_r270_run01.csv,2,8,270,dw00;dw01;dw02;dw03;dw04;dw05;dw06;dw07;dw08,dw00;dw01;dw02;dw03;dw04;dw05;dw06;dw07;dw08,,15,1,2026-08-30T19:08:20.165+0200,dw00,8103,149,799,-161,522,605,2.83,32257
ground-height-2m-20260828-133428,d008m_r270_run01.csv,2,8,270,dw00;dw01;dw02;dw03;dw04;dw05;dw06;dw07;dw08,dw00;dw01;dw02;dw03;dw04;dw05;dw06;dw07;dw08,,90,1,2026-08-30T19:08:20.195+0200,dw04,0F85,171,786,3,-431,656,2.95,62255
ground-height-2m-20260828-133428,d008m_r270_run01.csv,2,8,270,dw00;dw01;dw02;dw03;dw04;dw05;dw06;dw07;dw08,dw00;dw01;dw02;dw03;dw04;dw05;dw06;dw07;dw08,,105,1,2026-08-30T19:08:20.205+0200,dw05,4B92,50,782,40,-251,740,2.95,72265
ground-height-2m-20260828-133428,d008m_r270_run01.csv,2,8,270,dw00;dw01;dw02;dw03;dw04;dw05;dw06;dw07;dw08,dw00;dw01;dw02;dw03;dw04;dw05;dw06;dw07;dw08,,125,1,2026-08-30T19:08:20.215+0200,dw06,0789,94,783,83,-45,781,3.01,82275
ground-height-2m-20260828-133428,d008m_r270_run01.csv,2,8,270,dw00;dw01;dw02;dw03;dw04;dw05;dw06;dw07;dw08,dw00;dw01;dw02;dw03;dw04;dw05;dw06;dw07;dw08,,35,1,2026-08-30T19:08:20.275+0200,dw01,1729,205,789,-123,698,368,3.06,42327
ground-height-2m-20260828-133428,d008m_r270_run01.csv,2,8,270,dw00;dw01;dw02;dw03;dw04;dw05;dw06;dw07;dw08,dw00;dw01;dw02;dw03;dw04;dw05;dw06;dw07;dw08,,55,1,2026-08-30T19:08:20.285+0200,dw02,8FB0,235,788,-87,787,0,1.93,52368
ground-height-2m-20260828-133428,d008m_r270_run01.csv,2,8,270,dw00;dw01;dw02;dw03;dw04;dw05;dw06;dw07;dw08,dw00;dw01;dw02;dw03;dw04;dw05;dw06;dw07;dw08,,145,1,2026-08-30T19:08:20.325+0200,dw07,5783,215,785,136,209,756,3.45,2147483
ground-height-2m-20260828-133428,d008m_r270_run01.csv,2,8,270,dw00;dw01;dw02;dw03;dw04;dw05;dw06;dw07;dw08,dw00;dw01;dw02;dw03;dw04;dw05;dw06;dw07;dw08,,75,1,2026-08-30T19:08:20.345+0200,dw03,021B,194,769,-41,-634,435,2.20,12268
ground-height-2m-20260828-133428,d008m_r270_run01.csv,2,8,270,dw00;dw01;dw02;dw03;dw04;dw05;dw06;dw07;dw08,dw00;dw01;dw02;dw03;dw04;dw05;dw06;dw07;dw08,,165,1,2026-08-30T19:08:20.356+0200,dw08,028E,224,784,148,268,736,3.51,22308
ground-height-2m-20260828-133428,d008m_r270_run01.csv,2,8,270,dw00;dw01;dw02;dw03;dw04;dw05;dw06;dw07;dw08,dw00;dw01;dw02;dw03;dw04;dw05;dw06;dw07;dw08,,15,1,2026-08-30T19:08:20.365+0200,dw00,8103,150,802,-163,510,618,2.89,32257
ground-height-2m-20260828-133428,d008m_r270_run01.csv,2,8,270,dw00;dw01;dw02;dw03;dw04;dw05;dw06;dw07;dw08,dw00;dw01;dw02;dw03;dw04;dw05;dw06;dw07;dw08,,90,1,2026-08-30T19:08:20.396+0200,dw04,0F85,172,780,0,-444,641,2.95,62255
ground-height-2m-20260828-133428,d008m_r270_run01.csv,2,8,270,dw00;dw01;dw02;dw03;dw04;dw05;dw06;dw07;dw08,dw00;dw01;dw02;dw03;dw04;dw05;dw06;dw07;dw08,,105,1,2026-08-30T19:08:20.405+0200,dw05,4B92,51,784,40,-250,743,3.06,72235
ground-height-2m-20260828-133428,d008m_r270_run01.csv,2,8,270,dw00;dw01;dw02;dw03;dw04;dw05;dw06;dw07;dw08,dw00;dw01;dw02;dw03;dw04;dw05;dw06;dw07;dw08,,125,1,2026-08-30T19:08:20.415+0200,dw06,0789,95,783,84,-38,782,3.06,82305
ground-height-2m-20260828-133428,d008m_r270_run01.csv,2,8,270,dw00;dw01;dw02;dw03;dw04;dw05;dw06;dw07;dw08,dw00;dw01;dw02;dw03;dw04;dw05;dw06;dw07;dw08,,35,1,2026-08-30T19:08:20.476+0200,dw01,1729,206,790,-133,649,451,3.09,42358
ground-height-2m-20260828-133428,d008m_r270_run01.csv,2,8,270,dw00;dw01;dw02;dw03;dw04;dw05;dw06;dw07;dw08,dw00;dw01;dw02;dw03;dw04;dw05;dw06;dw07;dw08,,55,1,2026-08-30T19:08:20.485+0200,dw02,8FB0,236,783,-91,783,0,1.93,52337
ground-height-2m-20260828-133428,d008m_r270_run01.csv,2,8,270,dw00;dw01;dw02;dw03;dw04;dw05;dw06;dw07;dw08,dw00;dw01;dw02;dw03;dw04;dw05;dw06;dw07;dw08,,145,1,2026-08-30T19:08:20.526+0200,dw07,5783,216,788,136,210,759,3.39,2147483
ground-height-2m-20260828-133428,d008m_r270_run01.csv,2,8,270,dw00;dw01;dw02;dw03;dw04;dw05;dw06;dw07;dw08,dw00;dw01;dw02;dw03;dw04;dw05;dw06;dw07;dw08,,75,1,2026-08-30T19:08:20.546+0200,dw03,021B,195,771,-34,-607,475,1.99,12268
ground-height-2m-20260828-133428,d008m_r270_run01.csv,2,8,270,dw00;dw01;dw02;dw03;dw04;dw05;dw06;dw07;dw08,dw00;dw01;dw02;dw03;dw04;dw05;dw06;dw07;dw08,,165,1,2026-08-30T19:08:20.555+0200,dw08,028E,225,784,160,325,713,3.51,22247
ground-height-2m-20260828-133428,d008m_r270_run01.csv,2,8,270,dw00;dw01;dw02;dw03;dw04;dw05;dw06;dw07;dw08,dw00;dw01;dw02;dw03;dw04;dw05;dw06;dw07;dw08,,15,1,2026-08-30T19:08:20.566+0200,dw00,8103,151,798,-167,489,631,2.83,32257
ground-height-2m-20260828-133428,d008m_r270_run01.csv,2,8,270,dw00;dw01;dw02;dw03;dw04;dw05;dw06;dw07;dw08,dw00;dw01;dw02;dw03;dw04;dw05;dw06;dw07;dw08,,90,1,2026-08-30T19:08:20.595+0200,dw04,0F85,173,781,10,-398,672,3.01,62255
ground-height-2m-20260828-133428,d008m_r270_run01.csv,2,8,270,dw00;dw01;dw02;dw03;dw04;dw05;dw06;dw07;dw08,dw00;dw01;dw02;dw03;dw04;dw05;dw06;dw07;dw08,,105,1,2026-08-30T19:08:20.606+0200,dw05,4B92,52,786,38,-261,741,2.95,72265
ground-height-2m-20260828-133428,d008m_r270_run01.csv,2,8,270,dw00;dw01;dw02;dw03;dw04;dw05;dw06;dw07;dw08,dw00;dw01;dw02;dw03;dw04;dw05;dw06;dw07;dw08,,125,1,2026-08-30T19:08:20.616+0200,dw06,0789,96,786,77,-72,783,3.09,82275
ground-height-2m-20260828-133428,d008m_r270_run01.csv,2,8,270,dw00;dw01;dw02;dw03;dw04;dw05;dw06;dw07;dw08,dw00;dw01;dw02;dw03;dw04;dw05;dw06;dw07;dw08,,35,1,2026-08-30T19:08:20.676+0200,dw01,1729,207,791,-129,671,419,3.09,42297
ground-height-2m-20260828-133428,d008m_r270_run01.csv,2,8,270,dw00;dw01;dw02;dw03;dw04;dw05;dw06;dw07;dw08,dw00;dw01;dw02;dw03;dw04;dw05;dw06;dw07;dw08,,55,1,2026-08-30T19:08:20.686+0200,dw02,8FB0,237,783,-87,783,0,1.99,52429
ground-height-2m-20260828-133428,d008m_r270_run01.csv,2,8,270,dw00;dw01;dw02;dw03;dw04;dw05;dw06;dw07;dw08,dw00;dw01;dw02;dw03;dw04;dw05;dw06;dw07;dw08,,145,1,2026-08-30T19:08:20.726+0200,dw07,5783,217,786,122,142,773,3.39,2147483
ground-height-2m-20260828-133428,d008m_r270_run01.csv,2,8,270,dw00;dw01;dw02;dw03;dw04;dw05;dw06;dw07;dw08,dw00;dw01;dw02;dw03;dw04;dw05;dw06;dw07;dw08,,75,1,2026-08-30T19:08:20.746+0200,dw03,021B,196,772,-30,-588,500,2.08,12298
ground-height-2m-20260828-133428,d008m_r270_run01.csv,2,8,270,dw00;dw01;dw02;dw03;dw04;dw05;dw06;dw07;dw08,dw00;dw01;dw02;dw03;dw04;dw05;dw06;dw07;dw08,,165,1,2026-08-30T19:08:20.756+0200,dw08,028E,226,781,160,327,709,3.57,22308
ground-height-2m-20260828-133428,d008m_r270_run01.csv,2,8,270,dw00;dw01;dw02;dw03;dw04;dw05;dw06;dw07;dw08,dw00;dw01;dw02;dw03;dw04;dw05;dw06;dw07;dw08,,15,1,2026-08-30T19:08:20.765+0200,dw00,8103,152,805,-172,468,655,2.89,32257
ground-height-2m-20260828-133428,d008m_r270_run01.csv,2,8,270,dw00;dw01;dw02;dw03;dw04;dw05;dw06;dw07;dw08,dw00;dw01;dw02;dw03;dw04;dw05;dw06;dw07;dw08,,90,1,2026-08-30T19:08:20.796+0200,dw04,0F85,174,779,6,-412,661,3.06,62255
ground-height-2m-20260828-133428,d008m_r270_run01.csv,2,8,270,dw00;dw01;dw02;dw03;dw04;dw05;dw06;dw07;dw08,dw00;dw01;dw02;dw03;dw04;dw05;dw06;dw07;dw08,,105,1,2026-08-30T19:08:20.805+0200,dw05,4B92,53,789,38,-263,744,2.95,72235
ground-height-2m-20260828-133428,d008m_r270_run01.csv,2,8,270,dw00;dw01;dw02;dw03;dw04;dw05;dw06;dw07;dw08,dw00;dw01;dw02;dw03;dw04;dw05;dw06;dw07;dw08,,125,1,2026-08-30T19:08:20.816+0200,dw06,0789,97,783,81,-54,781,3.15,82244
ground-height-2m-20260828-133428,d008m_r270_run01.csv,2,8,270,dw00;dw01;dw02;dw03;dw04;dw05;dw06;dw07;dw08,dw00;dw01;dw02;dw03;dw04;dw05;dw06;dw07;dw08,,35,1,2026-08-30T19:08:20.876+0200,dw01,1729,208,788,-121,704,354,3.01,42388
ground-height-2m-20260828-133428,d008m_r270_run01.csv,2,8,270,dw00;dw01;dw02;dw03;dw04;dw05;dw06;dw07;dw08,dw00;dw01;dw02;dw03;dw04;dw05;dw06;dw07;dw08,,55,1,2026-08-30T19:08:20.886+0200,dw02,8FB0,238,787,-84,-787,0,1.93,52307
ground-height-2m-20260828-133428,d008m_r270_run01.csv,2,8,270,dw00;dw01;dw02;dw03;dw04;dw05;dw06;dw07;dw08,dw00;dw01;dw02;dw03;dw04;dw05;dw06;dw07;dw08,,145,1,2026-08-30T19:08:20.926+0200,dw07,5783,218,782,124,153,767,3.33,2147483
ground-height-2m-20260828-133428,d008m_r270_run01.csv,2,8,270,dw00;dw01;dw02;dw03;dw04;dw05;dw06;dw07;dw08,dw00;dw01;dw02;dw03;dw04;dw05;dw06;dw07;dw08,,75,1,2026-08-30T19:08:20.946+0200,dw03,021B,197,774,-37,-621,462,2.08,12237
ground-height-2m-20260828-133428,d008m_r270_run01.csv,2,8,270,dw00;dw01;dw02;dw03;dw04;dw05;dw06;dw07;dw08,dw00;dw01;dw02;dw03;dw04;dw05;dw06;dw07;dw08,,165,1,2026-08-30T19:08:20.956+0200,dw08,028E,227,785,158,317,718,3.57,22277
ground-height-2m-20260828-133428,d008m_r270_run01.csv,2,8,270,dw00;dw01;dw02;dw03;dw04;dw05;dw06;dw07;dw08,dw00;dw01;dw02;dw03;dw04;dw05;dw06;dw07;dw08,,15,1,2026-08-30T19:08:20.966+0200,dw00,8103,153,803,-156,547,587,2.77,32257
ground-height-2m-20260828-133428,d008m_r270_run01.csv,2,8,270,dw00;dw01;dw02;dw03;dw04;dw05;dw06;dw07;dw08,dw00;dw01;dw02;dw03;dw04;dw05;dw06;dw07;dw08,,90,1,2026-08-30T19:08:20.996+0200,dw04,0F85,175,780,6,-415,660,3.01,62255
ground-height-2m-20260828-133428,d008m_r270_run01.csv,2,8,270,dw00;dw01;dw02;dw03;dw04;dw05;dw06;dw07;dw08,dw00;dw01;dw02;dw03;dw04;dw05;dw06;dw07;dw08,,105,1,2026-08-30T19:08:21.006+0200,dw05,4B92,54,784,38,-261,740,2.95,72235
ground-height-2m-20260828-133428,d008m_r270_run01.csv,2,8,270,dw00;dw01;dw02;dw03;dw04;dw05;dw06;dw07;dw08,dw00;dw01;dw02;dw03;dw04;dw05;dw06;dw07;dw08,,125,1,2026-08-30T19:08:21.015+0200,dw06,0789,98,786,80,-60,783,2.95,82305
ground-height-2m-20260828-133428,d008m_r270_run01.csv,2,8,270,dw00;dw01;dw02;dw03;dw04;dw05;dw06;dw07;dw08,dw00;dw01;dw02;dw03;dw04;dw05;dw06;dw07;dw08,,35,1,2026-08-30T19:08:21.076+0200,dw01,1729,209,791,-129,668,423,3.01,42297
ground-height-2m-20260828-133428,d008m_r270_run01.csv,2,8,270,dw00;dw01;dw02;dw03;dw04;dw05;dw06;dw07;dw08,dw00;dw01;dw02;dw03;dw04;dw05;dw06;dw07;dw08,,55,1,2026-08-30T19:08:21.086+0200,dw02,8FB0,239,784,-87,784,0,1.93,52429
ground-height-2m-20260828-133428,d008m_r270_run01.csv,2,8,270,dw00;dw01;dw02;dw03;dw04;dw05;dw06;dw07;dw08,dw00;dw01;dw02;dw03;dw04;dw05;dw06;dw07;dw08,,145,1,2026-08-30T19:08:21.126+0200,dw07,5783,219,785,128,171,766,3.45,2147483
ground-height-2m-20260828-133428,d008m_r270_run01.csv,2,8,270,dw00;dw01;dw02;dw03;dw04;dw05;dw06;dw07;dw08,dw00;dw01;dw02;dw03;dw04;dw05;dw06;dw07;dw08,,75,1,2026-08-30T19:08:21.146+0200,dw03,021B,198,772,-43,-648,419,2.20,12298
ground-height-2m-20260828-133428,d008m_r270_run01.csv,2,8,270,dw00;dw01;dw02;dw03;dw04;dw05;dw06;dw07;dw08,dw00;dw01;dw02;dw03;dw04;dw05;dw06;dw07;dw08,,165,1,2026-08-30T19:08:21.156+0200,dw08,028E,228,787,153,293,730,3.51,22277
ground-height-2m-20260828-133428,d008m_r270_run01.csv,2,8,270,dw00;dw01;dw02;dw03;dw04;dw05;dw06;dw07;dw08,dw00;dw01;dw02;dw03;dw04;dw05;dw06;dw07;dw08,,15,1,2026-08-30T19:08:21.166+0200,dw00,8103,154,801,-165,499,626,2.83,32257
ground-height-2m-20260828-133428,d008m_r270_run01.csv,2,8,270,dw00;dw01;dw02;dw03;dw04;dw05;dw06;dw07;dw08,dw00;dw01;dw02;dw03;dw04;dw05;dw06;dw07;dw08,,90,1,2026-08-30T19:08:21.196+0200,dw04,0F85,176,784,7,-414,666,3.06,62255
ground-height-2m-20260828-133428,d008m_r270_run01.csv,2,8,270,dw00;dw01;dw02;dw03;dw04;dw05;dw06;dw07;dw08,dw00;dw01;dw02;dw03;dw04;dw05;dw06;dw07;dw08,,105,1,2026-08-30T19:08:21.206+0200,dw05,4B92,55,783,41,-248,743,3.06,72296
ground-height-2m-20260828-133428,d008m_r270_run01.csv,2,8,270,dw00;dw01;dw02;dw03;dw04;dw05;dw06;dw07;dw08,dw00;dw01;dw02;dw03;dw04;dw05;dw06;dw07;dw08,,125,1,2026-08-30T19:08:21.216+0200,dw06,0789,99,786,83,-42,784,2.95,82275
ground-height-2m-20260828-133428,d008m_r270_run01.csv,2,8,270,dw00;dw01;dw02;dw03;dw04;dw05;dw06;dw07;dw08,dw00;dw01;dw02;dw03;dw04;dw05;dw06;dw07;dw08,,35,1,2026-08-30T19:08:21.276+0200,dw01,1729,210,793,-125,690,389,3.01,42297
ground-height-2m-20260828-133428,d008m_r270_run01.csv,2,8,270,dw00;dw01;dw02;dw03;dw04;dw05;dw06;dw07;dw08,dw00;dw01;dw02;dw03;dw04;dw05;dw06;dw07;dw08,,55,1,2026-08-30T19:08:21.286+0200,dw02,8FB0,240,784,-86,-784,0,1.93,52398
ground-height-2m-20260828-133428,d008m_r270_run01.csv,2,8,270,dw00;dw01;dw02;dw03;dw04;dw05;dw06;dw07;dw08,dw00;dw01;dw02;dw03;dw04;dw05;dw06;dw07;dw08,,145,1,2026-08-30T19:08:21.326+0200,dw07,5783,220,786,133,197,761,3.51,2147483
ground-height-2m-20260828-133428,d008m_r270_run01.csv,2,8,270,dw00;dw01;dw02;dw03;dw04;dw05;dw06;dw07;dw08,dw00;dw01;dw02;dw03;dw04;dw05;dw06;dw07;dw08,,75,1,2026-08-30T19:08:21.345+0200,dw03,021B,199,775,-40,-638,440,1.99,12298
ground-height-2m-20260828-133428,d008m_r270_run01.csv,2,8,270,dw00;dw01;dw02;dw03;dw04;dw05;dw06;dw07;dw08,dw00;dw01;dw02;dw03;dw04;dw05;dw06;dw07;dw08,,165,1,2026-08-30T19:08:21.355+0200,dw08,028E,229,782,160,325,712,3.57,22277
ground-height-2m-20260828-133428,d008m_r270_run01.csv,2,8,270,dw00;dw01;dw02;dw03;dw04;dw05;dw06;dw07;dw08,dw00;dw01;dw02;dw03;dw04;dw05;dw06;dw07;dw08,,15,1,2026-08-30T19:08:21.366+0200,dw00,8103,155,806,-164,509,624,2.77,32257
ground-height-2m-20260828-133428,d008m_r270_run01.csv,2,8,270,dw00;dw01;dw02;dw03;dw04;dw05;dw06;dw07;dw08,dw00;dw01;dw02;dw03;dw04;dw05;dw06;dw07;dw08,,90,1,2026-08-30T19:08:21.395+0200,dw04,0F85,177,785,2,-435,653,3.06,62255
ground-height-2m-20260828-133428,d008m_r270_run01.csv,2,8,270,dw00;dw01;dw02;dw03;dw04;dw05;dw06;dw07;dw08,dw00;dw01;dw02;dw03;dw04;dw05;dw06;dw07;dw08,,105,1,2026-08-30T19:08:21.406+0200,dw05,4B92,56,781,41,-244,742,2.95,72204
ground-height-2m-20260828-133428,d008m_r270_run01.csv,2,8,270,dw00;dw01;dw02;dw03;dw04;dw05;dw06;dw07;dw08,dw00;dw01;dw02;dw03;dw04;dw05;dw06;dw07;dw08,,125,1,2026-08-30T19:08:21.416+0200,dw06,0789,100,788,87,-26,787,3.01,82275
ground-height-2m-20260828-133428,d008m_r270_run01.csv,2,8,270,dw00;dw01;dw02;dw03;dw04;dw05;dw06;dw07;dw08,dw00;dw01;dw02;dw03;dw04;dw05;dw06;dw07;dw08,,35,1,2026-08-30T19:08:21.475+0200,dw01,1729,211,791,-118,722,323,3.09,42297
ground-height-2m-20260828-133428,d008m_r270_run01.csv,2,8,270,dw00;dw01;dw02;dw03;dw04;dw05;dw06;dw07;dw08,dw00;dw01;dw02;dw03;dw04;dw05;dw06;dw07;dw08,,55,1,2026-08-30T19:08:21.486+0200,dw02,8FB0,241,783,-82,-783,0,2.02,52368
ground-height-2m-20260828-133428,d008m_r270_run01.csv,2,8,270,dw00;dw01;dw02;dw03;dw04;dw05;dw06;dw07;dw08,dw00;dw01;dw02;dw03;dw04;dw05;dw06;dw07;dw08,,145,1,2026-08-30T19:08:21.526+0200,dw07,5783,221,787,128,171,768,3.39,2147483
ground-height-2m-20260828-133428,d008m_r270_run01.csv,2,8,270,dw00;dw01;dw02;dw03;dw04;dw05;dw06;dw07;dw08,dw00;dw01;dw02;dw03;dw04;dw05;dw06;dw07;dw08,,75,1,2026-08-30T19:08:21.546+0200,dw03,021B,200,772,-31,-593,494,2.08,12268
ground-height-2m-20260828-133428,d008m_r270_run01.csv,2,8,270,dw00;dw01;dw02;dw03;dw04;dw05;dw06;dw07;dw08,dw00;dw01;dw02;dw03;dw04;dw05;dw06;dw07;dw08,,165,1,2026-08-30T19:08:21.555+0200,dw08,028E,230,783,155,303,722,3.51,22277
ground-height-2m-20260828-133428,d008m_r270_run01.csv,2,8,270,dw00;dw01;dw02;dw03;dw04;dw05;dw06;dw07;dw08,dw00;dw01;dw02;dw03;dw04;dw05;dw06;dw07;dw08,,15,1,2026-08-30T19:08:21.565+0200,dw00,8103,156,802,-163,510,618,2.77,32257
ground-height-2m-20260828-133428,d008m_r270_run01.csv,2,8,270,dw00;dw01;dw02;dw03;dw04;dw05;dw06;dw07;dw08,dw00;dw01;dw02;dw03;dw04;dw05;dw06;dw07;dw08,,90,1,2026-08-30T19:08:21.595+0200,dw04,0F85,178,784,1,-443,647,3.01,62255
ground-height-2m-20260828-133428,d008m_r270_run01.csv,2,8,270,dw00;dw01;dw02;dw03;dw04;dw05;dw06;dw07;dw08,dw00;dw01;dw02;dw03;dw04;dw05;dw06;dw07;dw08,,105,1,2026-08-30T19:08:21.605+0200,dw05,4B92,57,784,38,-261,739,2.83,72235
ground-height-2m-20260828-133428,d008m_r270_run01.csv,2,8,270,dw00;dw01;dw02;dw03;dw04;dw05;dw06;dw07;dw08,dw00;dw01;dw02;dw03;dw04;dw05;dw06;dw07;dw08,,125,1,2026-08-30T19:08:21.616+0200,dw06,0789,101,784,80,-59,782,3.06,82305
ground-height-2m-20260828-133428,d008m_r270_run01.csv,2,8,270,dw00;dw01;dw02;dw03;dw04;dw05;dw06;dw07;dw08,dw00;dw01;dw02;dw03;dw04;dw05;dw06;dw07;dw08,,35,1,2026-08-30T19:08:21.675+0200,dw01,1729,212,792,-130,664,432,3.06,42297
ground-height-2m-20260828-133428,d008m_r270_run01.csv,2,8,270,dw00;dw01;dw02;dw03;dw04;dw05;dw06;dw07;dw08,dw00;dw01;dw02;dw03;dw04;dw05;dw06;dw07;dw08,,55,1,2026-08-30T19:08:21.685+0200,dw02,8FB0,242,788,-82,-788,0,1.93,52368
ground-height-2m-20260828-133428,d008m_r270_run01.csv,2,8,270,dw00;dw01;dw02;dw03;dw04;dw05;dw06;dw07;dw08,dw00;dw01;dw02;dw03;dw04;dw05;dw06;dw07;dw08,,145,1,2026-08-30T19:08:21.725+0200,dw07,5783,222,782,126,164,765,3.33,2147483
ground-height-2m-20260828-133428,d008m_r270_run01.csv,2,8,270,dw00;dw01;dw02;dw03;dw04;dw05;dw06;dw07;dw08,dw00;dw01;dw02;dw03;dw04;dw05;dw06;dw07;dw08,,75,1,2026-08-30T19:08:21.746+0200,dw03,021B,201,775,-39,-630,451,1.99,12268
ground-height-2m-20260828-133428,d008m_r270_run01.csv,2,8,270,dw00;dw01;dw02;dw03;dw04;dw05;dw06;dw07;dw08,dw00;dw01;dw02;dw03;dw04;dw05;dw06;dw07;dw08,,165,1,2026-08-30T19:08:21.755+0200,dw08,028E,231,786,147,264,740,3.45,22277
ground-height-2m-20260828-133428,d008m_r270_run01.csv,2,8,270,dw00;dw01;dw02;dw03;dw04;dw05;dw06;dw07;dw08,dw00;dw01;dw02;dw03;dw04;dw05;dw06;dw07;dw08,,15,1,2026-08-30T19:08:21.765+0200,dw00,8103,157,799,-164,505,618,2.77,32257
ground-height-2m-20260828-133428,d008m_r270_run01.csv,2,8,270,dw00;dw01;dw02;dw03;dw04;dw05;dw06;dw07;dw08,dw00;dw01;dw02;dw03;dw04;dw05;dw06;dw07;dw08,,90,1,2026-08-30T19:08:21.796+0200,dw04,0F85,179,780,4,-426,654,3.06,62255
ground-height-2m-20260828-133428,d008m_r270_run01.csv,2,8,270,dw00;dw01;dw02;dw03;dw04;dw05;dw06;dw07;dw08,dw00;dw01;dw02;dw03;dw04;dw05;dw06;dw07;dw08,,105,1,2026-08-30T19:08:21.805+0200,dw05,4B92,58,785,33,-286,731,2.95,72235
ground-height-2m-20260828-133428,d008m_r270_run01.csv,2,8,270,dw00;dw01;dw02;dw03;dw04;dw05;dw06;dw07;dw08,dw00;dw01;dw02;dw03;dw04;dw05;dw06;dw07;dw08,,125,1,2026-08-30T19:08:21.815+0200,dw06,0789,102,783,78,-69,780,3.09,82244
ground-height-2m-20260828-133428,d008m_r270_run01.csv,2,8,270,dw00;dw01;dw02;dw03;dw04;dw05;dw06;dw07;dw08,dw00;dw01;dw02;dw03;dw04;dw05;dw06;dw07;dw08,,35,1,2026-08-30T19:08:21.876+0200,dw01,1729,213,792,-118,723,324,3.06,42327
ground-height-2m-20260828-133428,d008m_r270_run01.csv,2,8,270,dw00;dw01;dw02;dw03;dw04;dw05;dw06;dw07;dw08,dw00;dw01;dw02;dw03;dw04;dw05;dw06;dw07;dw08,,55,1,2026-08-30T19:08:21.885+0200,dw02,8FB0,243,785,-84,-785,0,1.99,52398
ground-height-2m-20260828-133428,d008m_r270_run01.csv,2,8,270,dw00;dw01;dw02;dw03;dw04;dw05;dw06;dw07;dw08,dw00;dw01;dw02;dw03;dw04;dw05;dw06;dw07;dw08,,145,1,2026-08-30T19:08:21.925+0200,dw07,5783,223,784,133,198,759,3.45,2147483
ground-height-2m-20260828-133428,d008m_r270_run01.csv,2,8,270,dw00;dw01;dw02;dw03;dw04;dw05;dw06;dw07;dw08,dw00;dw01;dw02;dw03;dw04;dw05;dw06;dw07;dw08,,75,1,2026-08-30T19:08:21.945+0200,dw03,021B,202,770,-40,-631,441,2.08,12268
ground-height-2m-20260828-133428,d008m_r270_run01.csv,2,8,270,dw00;dw01;dw02;dw03;dw04;dw05;dw06;dw07;dw08,dw00;dw01;dw02;dw03;dw04;dw05;dw06;dw07;dw08,,165,1,2026-08-30T19:08:21.956+0200,dw08,028E,232,782,145,253,740,3.57,22277
ground-height-2m-20260828-133428,d008m_r270_run01.csv,2,8,270,dw00;dw01;dw02;dw03;dw04;dw05;dw06;dw07;dw08,dw00;dw01;dw02;dw03;dw04;dw05;dw06;dw07;dw08,,15,1,2026-08-30T19:08:21.965+0200,dw00,8103,158,802,-168,487,637,2.77,32287
ground-height-2m-20260828-133428,d008m_r270_run01.csv,2,8,270,dw00;dw01;dw02;dw03;dw04;dw05;dw06;dw07;dw08,dw00;dw01;dw02;dw03;dw04;dw05;dw06;dw07;dw08,,90,1,2026-08-30T19:08:21.996+0200,dw04,0F85,180,786,2,-437,653,3.06,62255
ground-height-2m-20260828-133428,d008m_r270_run01.csv,2,8,270,dw00;dw01;dw02;dw03;dw04;dw05;dw06;dw07;dw08,dw00;dw01;dw02;dw03;dw04;dw05;dw06;dw07;dw08,,105,1,2026-08-30T19:08:22.005+0200,dw05,4B92,59,783,40,-250,742,2.95,72296
ground-height-2m-20260828-133428,d008m_r270_run01.csv,2,8,270,dw00;dw01;dw02;dw03;dw04;dw05;dw06;dw07;dw08,dw00;dw01;dw02;dw03;dw04;dw05;dw06;dw07;dw08,,125,1,2026-08-30T19:08:22.015+0200,dw06,0789,103,787,79,-66,784,3.01,82305
ground-height-2m-20260828-133428,d008m_r270_run01.csv,2,8,270,dw00;dw01;dw02;dw03;dw04;dw05;dw06;dw07;dw08,dw00;dw01;dw02;dw03;dw04;dw05;dw06;dw07;dw08,,35,1,2026-08-30T19:08:22.076+0200,dw01,1729,214,786,-126,681,393,3.06,42327
ground-height-2m-20260828-133428,d008m_r270_run01.csv,2,8,270,dw00;dw01;dw02;dw03;dw04;dw05;dw06;dw07;dw08,dw00;dw01;dw02;dw03;dw04;dw05;dw06;dw07;dw08,,55,1,2026-08-30T19:08:22.086+0200,dw02,8FB0,244,785,-89,785,0,1.99,52337
ground-height-2m-20260828-133428,d008m_r270_run01.csv,2,8,270,dw00;dw01;dw02;dw03;dw04;dw05;dw06;dw07;dw08,dw00;dw01;dw02;dw03;dw04;dw05;dw06;dw07;dw08,,145,1,2026-08-30T19:08:22.126+0200,dw07,5783,224,787,124,152,772,3.39,2147483
ground-height-2m-20260828-133428,d008m_r270_run01.csv,2,8,270,dw00;dw01;dw02;dw03;dw04;dw05;dw06;dw07;dw08,dw00;dw01;dw02;dw03;dw04;dw05;dw06;dw07;dw08,,75,1,2026-08-30T19:08:22.145+0200,dw03,021B,203,773,-44,-655,411,2.08,12268
ground-height-2m-20260828-133428,d008m_r270_run01.csv,2,8,270,dw00;dw01;dw02;dw03;dw04;dw05;dw06;dw07;dw08,dw00;dw01;dw02;dw03;dw04;dw05;dw06;dw07;dw08,,165,1,2026-08-30T19:08:22.155+0200,dw08,028E,233,782,147,262,736,3.45,22308
ground-height-2m-20260828-133428,d008m_r270_run01.csv,2,8,270,dw00;dw01;dw02;dw03;dw04;dw05;dw06;dw07;dw08,dw00;dw01;dw02;dw03;dw04;dw05;dw06;dw07;dw08,,15,1,2026-08-30T19:08:22.166+0200,dw00,8103,159,801,-164,507,620,2.77,32257
ground-height-2m-20260828-133428,d008m_r270_run01.csv,2,8,270,dw00;dw01;dw02;dw03;dw04;dw05;dw06;dw07;dw08,dw00;dw01;dw02;dw03;dw04;dw05;dw06;dw07;dw08,,90,1,2026-08-30T19:08:22.195+0200,dw04,0F85,181,779,6,-414,660,3.15,62255
ground-height-2m-20260828-133428,d008m_r270_run01.csv,2,8,270,dw00;dw01;dw02;dw03;dw04;dw05;dw06;dw07;dw08,dw00;dw01;dw02;dw03;dw04;dw05;dw06;dw07;dw08,,105,1,2026-08-30T19:08:22.206+0200,dw05,4B92,60,785,38,-264,739,2.95,72235
ground-height-2m-20260828-133428,d008m_r270_run01.csv,2,8,270,dw00;dw01;dw02;dw03;dw04;dw05;dw06;dw07;dw08,dw00;dw01;dw02;dw03;dw04;dw05;dw06;dw07;dw08,,125,1,2026-08-30T19:08:22.215+0200,dw06,0789,104,786,81,-52,784,2.95,82275
ground-height-2m-20260828-133428,d008m_r270_run01.csv,2,8,270,dw00;dw01;dw02;dw03;dw04;dw05;dw06;dw07;dw08,dw00;dw01;dw02;dw03;dw04;dw05;dw06;dw07;dw08,,35,1,2026-08-30T19:08:22.275+0200,dw01,1729,215,789,-126,681,398,3.06,42297
ground-height-2m-20260828-133428,d008m_r270_run01.csv,2,8,270,dw00;dw01;dw02;dw03;dw04;dw05;dw06;dw07;dw08,dw00;dw01;dw02;dw03;dw04;dw05;dw06;dw07;dw08,,55,1,2026-08-30T19:08:22.286+0200,dw02,8FB0,245,782,-89,782,0,1.87,52368
ground-height-2m-20260828-133428,d008m_r270_run01.csv,2,8,270,dw00;dw01;dw02;dw03;dw04;dw05;dw06;dw07;dw08,dw00;dw01;dw02;dw03;dw04;dw05;dw06;dw07;dw08,,145,1,2026-08-30T19:08:22.326+0200,dw07,5783,225,780,123,148,766,3.45,2147483
ground-height-2m-20260828-133428,d008m_r270_run01.csv,2,8,270,dw00;dw01;dw02;dw03;dw04;dw05;dw06;dw07;dw08,dw00;dw01;dw02;dw03;dw04;dw05;dw06;dw07;dw08,,75,1,2026-08-30T19:08:22.345+0200,dw03,021B,204,774,-37,-621,461,2.08,12268
ground-height-2m-20260828-133428,d008m_r270_run01.csv,2,8,270,dw00;dw01;dw02;dw03;dw04;dw05;dw06;dw07;dw08,dw00;dw01;dw02;dw03;dw04;dw05;dw06;dw07;dw08,,165,1,2026-08-30T19:08:22.355+0200,dw08,028E,234,783,155,302,723,3.51,22277
ground-height-2m-20260828-133428,d008m_r270_run01.csv,2,8,270,dw00;dw01;dw02;dw03;dw04;dw05;dw06;dw07;dw08,dw00;dw01;dw02;dw03;dw04;dw05;dw06;dw07;dw08,,15,1,2026-08-30T19:08:22.365+0200,dw00,8103,160,805,-164,508,624,2.77,32257
ground-height-2m-20260828-133428,d008m_r270_run01.csv,2,8,270,dw00;dw01;dw02;dw03;dw04;dw05;dw06;dw07;dw08,dw00;dw01;dw02;dw03;dw04;dw05;dw06;dw07;dw08,,90,1,2026-08-30T19:08:22.395+0200,dw04,0F85,182,787,4,-429,659,3.06,62255
ground-height-2m-20260828-133428,d008m_r270_run01.csv,2,8,270,dw00;dw01;dw02;dw03;dw04;dw05;dw06;dw07;dw08,dw00;dw01;dw02;dw03;dw04;dw05;dw06;dw07;dw08,,105,1,2026-08-30T19:08:22.405+0200,dw05,4B92,61,788,38,-264,742,3.01,72204
ground-height-2m-20260828-133428,d008m_r270_run01.csv,2,8,270,dw00;dw01;dw02;dw03;dw04;dw05;dw06;dw07;dw08,dw00;dw01;dw02;dw03;dw04;dw05;dw06;dw07;dw08,,125,1,2026-08-30T19:08:22.416+0200,dw06,0789,105,782,80,-61,780,3.06,82275
ground-height-2m-20260828-133428,d008m_r270_run01.csv,2,8,270,dw00;dw01;dw02;dw03;dw04;dw05;dw06;dw07;dw08,dw00;dw01;dw02;dw03;dw04;dw05;dw06;dw07;dw08,,35,1,2026-08-30T19:08:22.475+0200,dw01,1729,216,790,-118,725,314,3.15,42297
ground-height-2m-20260828-133428,d008m_r270_run01.csv,2,8,270,dw00;dw01;dw02;dw03;dw04;dw05;dw06;dw07;dw08,dw00;dw01;dw02;dw03;dw04;dw05;dw06;dw07;dw08,,55,1,2026-08-30T19:08:22.485+0200,dw02,8FB0,246,783,-80,-783,0,2.02,52398
ground-height-2m-20260828-133428,d008m_r270_run01.csv,2,8,270,dw00;dw01;dw02;dw03;dw04;dw05;dw06;dw07;dw08,dw00;dw01;dw02;dw03;dw04;dw05;dw06;dw07;dw08,,145,1,2026-08-30T19:08:22.525+0200,dw07,5783,226,783,133,197,758,3.39,2147483
ground-height-2m-20260828-133428,d008m_r270_run01.csv,2,8,270,dw00;dw01;dw02;dw03;dw04;dw05;dw06;dw07;dw08,dw00;dw01;dw02;dw03;dw04;dw05;dw06;dw07;dw08,,75,1,2026-08-30T19:08:22.545+0200,dw03,021B,205,772,-34,-604,480,2.20,12268
ground-height-2m-20260828-133428,d008m_r270_run01.csv,2,8,270,dw00;dw01;dw02;dw03;dw04;dw05;dw06;dw07;dw08,dw00;dw01;dw02;dw03;dw04;dw05;dw06;dw07;dw08,,165,1,2026-08-30T19:08:22.555+0200,dw08,028E,235,785,143,245,746,3.51,22277
ground-height-2m-20260828-133428,d008m_r270_run01.csv,2,8,270,dw00;dw01;dw02;dw03;dw04;dw05;dw06;dw07;dw08,dw00;dw01;dw02;dw03;dw04;dw05;dw06;dw07;dw08,,15,1,2026-08-30T19:08:22.565+0200,dw00,8103,161,802,-157,540,593,2.83,32257
ground-height-2m-20260828-133428,d008m_r270_run01.csv,2,8,270,dw00;dw01;dw02;dw03;dw04;dw05;dw06;dw07;dw08,dw00;dw01;dw02;dw03;dw04;dw05;dw06;dw07;dw08,,90,1,2026-08-30T19:08:22.595+0200,dw04,0F85,183,782,5,-420,659,3.06,62286
ground-height-2m-20260828-133428,d008m_r270_run01.csv,2,8,270,dw00;dw01;dw02;dw03;dw04;dw05;dw06;dw07;dw08,dw00;dw01;dw02;dw03;dw04;dw05;dw06;dw07;dw08,,105,1,2026-08-30T19:08:22.605+0200,dw05,4B92,62,780,44,-230,746,2.95,72235
ground-height-2m-20260828-133428,d008m_r270_run01.csv,2,8,270,dw00;dw01;dw02;dw03;dw04;dw05;dw06;dw07;dw08,dw00;dw01;dw02;dw03;dw04;dw05;dw06;dw07;dw08,,125,1,2026-08-30T19:08:22.615+0200,dw06,0789,106,785,85,-33,784,3.06,82275
ground-height-2m-20260828-133428,d008m_r270_run01.csv,2,8,270,dw00;dw01;dw02;dw03;dw04;dw05;dw06;dw07;dw08,dw00;dw01;dw02;dw03;dw04;dw05;dw06;dw07;dw08,,35,1,2026-08-30T19:08:22.675+0200,dw01,1729,217,790,-123,700,365,2.95,42327
ground-height-2m-20260828-133428,d008m_r270_run01.csv,2,8,270,dw00;dw01;dw02;dw03;dw04;dw05;dw06;dw07;dw08,dw00;dw01;dw02;dw03;dw04;dw05;dw06;dw07;dw08,,55,1,2026-08-30T19:08:22.685+0200,dw02,8FB0,247,782,-84,-782,0,1.87,52368
ground-height-2m-20260828-133428,d008m_r270_run01.csv,2,8,270,dw00;dw01;dw02;dw03;dw04;dw05;dw06;dw07;dw08,dw00;dw01;dw02;dw03;dw04;dw05;dw06;dw07;dw08,,145,1,2026-08-30T19:08:22.725+0200,dw07,5783,227,780,123,148,766,3.45,2147483
ground-height-2m-20260828-133428,d008m_r270_run01.csv,2,8,270,dw00;dw01;dw02;dw03;dw04;dw05;dw06;dw07;dw08,dw00;dw01;dw02;dw03;dw04;dw05;dw06;dw07;dw08,,75,1,2026-08-30T19:08:22.746+0200,dw03,021B,206,773,-37,-620,461,2.14,12298
ground-height-2m-20260828-133428,d008m_r270_run01.csv,2,8,270,dw00;dw01;dw02;dw03;dw04;dw05;dw06;dw07;dw08,dw00;dw01;dw02;dw03;dw04;dw05;dw06;dw07;dw08,,165,1,2026-08-30T19:08:22.755+0200,dw08,028E,236,786,143,247,746,3.63,22277
ground-height-2m-20260828-133428,d008m_r270_run01.csv,2,8,270,dw00;dw01;dw02;dw03;dw04;dw05;dw06;dw07;dw08,dw00;dw01;dw02;dw03;dw04;dw05;dw06;dw07;dw08,,15,1,2026-08-30T19:08:22.765+0200,dw00,8103,162,799,-165,498,625,2.95,32257
ground-height-2m-20260828-133428,d008m_r270_run01.csv,2,8,270,dw00;dw01;dw02;dw03;dw04;dw05;dw06;dw07;dw08,dw00;dw01;dw02;dw03;dw04;dw05;dw06;dw07;dw08,,90,1,2026-08-30T19:08:22.795+0200,dw04,0F85,184,778,0,-446,637,3.06,62225
ground-height-2m-20260828-133428,d008m_r270_run01.csv,2,8,270,dw00;dw01;dw02;dw03;dw04;dw05;dw06;dw07;dw08,dw00;dw01;dw02;dw03;dw04;dw05;dw06;dw07;dw08,,105,1,2026-08-30T19:08:22.805+0200,dw05,4B92,63,788,38,-263,742,2.89,72235
ground-height-2m-20260828-133428,d008m_r270_run01.csv,2,8,270,dw00;dw01;dw02;dw03;dw04;dw05;dw06;dw07;dw08,dw00;dw01;dw02;dw03;dw04;dw05;dw06;dw07;dw08,,125,1,2026-08-30T19:08:22.815+0200,dw06,0789,107,784,88,-20,784,3.06,82275
ground-height-2m-20260828-133428,d008m_r270_run01.csv,2,8,270,dw00;dw01;dw02;dw03;dw04;dw05;dw06;dw07;dw08,dw00;dw01;dw02;dw03;dw04;dw05;dw06;dw07;dw08,,35,1,2026-08-30T19:08:22.876+0200,dw01,1729,218,790,-123,698,369,3.09,42358
ground-height-2m-20260828-133428,d008m_r270_run01.csv,2,8,270,dw00;dw01;dw02;dw03;dw04;dw05;dw06;dw07;dw08,dw00;dw01;dw02;dw03;dw04;dw05;dw06;dw07;dw08,,55,1,2026-08-30T19:08:22.885+0200,dw02,8FB0,248,784,-86,-784,0,1.93,52398
ground-height-2m-20260828-133428,d008m_r270_run01.csv,2,8,270,dw00;dw01;dw02;dw03;dw04;dw05;dw06;dw07;dw08,dw00;dw01;dw02;dw03;dw04;dw05;dw06;dw07;dw08,,145,1,2026-08-30T19:08:22.925+0200,dw07,5783,228,783,135,205,756,3.51,2147483
ground-height-2m-20260828-133428,d008m_r270_run01.csv,2,8,270,dw00;dw01;dw02;dw03;dw04;dw05;dw06;dw07;dw08,dw00;dw01;dw02;dw03;dw04;dw05;dw06;dw07;dw08,,75,1,2026-08-30T19:08:22.945+0200,dw03,021B,207,773,-34,-605,480,2.02,12298
ground-height-2m-20260828-133428,d008m_r270_run01.csv,2,8,270,dw00;dw01;dw02;dw03;dw04;dw05;dw06;dw07;dw08,dw00;dw01;dw02;dw03;dw04;dw05;dw06;dw07;dw08,,165,1,2026-08-30T19:08:22.955+0200,dw08,028E,237,784,157,311,720,3.57,22277
ground-height-2m-20260828-133428,d008m_r270_run01.csv,2,8,270,dw00;dw01;dw02;dw03;dw04;dw05;dw06;dw07;dw08,dw00;dw01;dw02;dw03;dw04;dw05;dw06;dw07;dw08,,15,1,2026-08-30T19:08:22.965+0200,dw00,8103,163,806,-164,509,624,2.89,32257
ground-height-2m-20260828-133428,d008m_r270_run01.csv,2,8,270,dw00;dw01;dw02;dw03;dw04;dw05;dw06;dw07;dw08,dw00;dw01;dw02;dw03;dw04;dw05;dw06;dw07;dw08,,90,1,2026-08-30T19:08:22.995+0200,dw04,0F85,185,784,5,-423,660,2.89,62286
ground-height-2m-20260828-133428,d008m_r270_run01.csv,2,8,270,dw00;dw01;dw02;dw03;dw04;dw05;dw06;dw07;dw08,dw00;dw01;dw02;dw03;dw04;dw05;dw06;dw07;dw08,,105,1,2026-08-30T19:08:23.005+0200,dw05,4B92,64,786,39,-260,742,3.01,72235
ground-height-2m-20260828-133428,d008m_r270_run01.csv,2,8,270,dw00;dw01;dw02;dw03;dw04;dw05;dw06;dw07;dw08,dw00;dw01;dw02;dw03;dw04;dw05;dw06;dw07;dw08,,125,1,2026-08-30T19:08:23.015+0200,dw06,0789,108,784,79,-62,782,3.06,82275
ground-height-2m-20260828-133428,d008m_r270_run01.csv,2,8,270,dw00;dw01;dw02;dw03;dw04;dw05;dw06;dw07;dw08,dw00;dw01;dw02;dw03;dw04;dw05;dw06;dw07;dw08,,35,1,2026-08-30T19:08:23.075+0200,dw01,1729,219,790,-129,671,417,3.09,42327
ground-height-2m-20260828-133428,d008m_r270_run01.csv,2,8,270,dw00;dw01;dw02;dw03;dw04;dw05;dw06;dw07;dw08,dw00;dw01;dw02;dw03;dw04;dw05;dw06;dw07;dw08,,55,1,2026-08-30T19:08:23.085+0200,dw02,8FB0,249,787,-87,786,0,1.93,52398
ground-height-2m-20260828-133428,d008m_r270_run01.csv,2,8,270,dw00;dw01;dw02;dw03;dw04;dw05;dw06;dw07;dw08,dw00;dw01;dw02;dw03;dw04;dw05;dw06;dw07;dw08,,145,1,2026-08-30T19:08:23.125+0200,dw07,5783,229,785,128,173,765,3.45,2147483
ground-height-2m-20260828-133428,d008m_r270_run01.csv,2,8,270,dw00;dw01;dw02;dw03;dw04;dw05;dw06;dw07;dw08,dw00;dw01;dw02;dw03;dw04;dw05;dw06;dw07;dw08,,75,1,2026-08-30T19:08:23.145+0200,dw03,021B,208,768,-41,-637,429,2.20,12268
ground-height-2m-20260828-133428,d008m_r270_run01.csv,2,8,270,dw00;dw01;dw02;dw03;dw04;dw05;dw06;dw07;dw08,dw00;dw01;dw02;dw03;dw04;dw05;dw06;dw07;dw08,,165,1,2026-08-30T19:08:23.155+0200,dw08,028E,238,780,152,285,726,3.57,22277
ground-height-2m-20260828-133428,d008m_r270_run01.csv,2,8,270,dw00;dw01;dw02;dw03;dw04;dw05;dw06;dw07;dw08,dw00;dw01;dw02;dw03;dw04;dw05;dw06;dw07;dw08,,15,1,2026-08-30T19:08:23.165+0200,dw00,8103,164,803,-163,510,620,2.83,32257
ground-height-2m-20260828-133428,d008m_r270_run01.csv,2,8,270,dw00;dw01;dw02;dw03;dw04;dw05;dw06;dw07;dw08,dw00;dw01;dw02;dw03;dw04;dw05;dw06;dw07;dw08,,90,1,2026-08-30T19:08:23.195+0200,dw04,0F85,186,786,5,-421,664,2.95,62255
ground-height-2m-20260828-133428,d008m_r270_run01.csv,2,8,270,dw00;dw01;dw02;dw03;dw04;dw05;dw06;dw07;dw08,dw00;dw01;dw02;dw03;dw04;dw05;dw06;dw07;dw08,,105,1,2026-08-30T19:08:23.205+0200,dw05,4B92,65,783,42,-243,745,3.01,72265
ground-height-2m-20260828-133428,d008m_r270_run01.csv,2,8,270,dw00;dw01;dw02;dw03;dw04;dw05;dw06;dw07;dw08,dw00;dw01;dw02;dw03;dw04;dw05;dw06;dw07;dw08,,125,1,2026-08-30T19:08:23.215+0200,dw06,0789,109,784,77,-72,781,3.06,82305
ground-height-2m-20260828-133428,d008m_r270_run01.csv,2,8,270,dw00;dw01;dw02;dw03;dw04;dw05;dw06;dw07;dw08,dw00;dw01;dw02;dw03;dw04;dw05;dw06;dw07;dw08,,35,1,2026-08-30T19:08:23.275+0200,dw01,1729,220,790,-122,704,358,3.01,42297
ground-height-2m-20260828-133428,d008m_r270_run01.csv,2,8,270,dw00;dw01;dw02;dw03;dw04;dw05;dw06;dw07;dw08,dw00;dw01;dw02;dw03;dw04;dw05;dw06;dw07;dw08,,55,1,2026-08-30T19:08:23.285+0200,dw02,8FB0,250,785,-89,785,0,1.87,52368
ground-height-2m-20260828-133428,d008m_r270_run01.csv,2,8,270,dw00;dw01;dw02;dw03;dw04;dw05;dw06;dw07;dw08,dw00;dw01;dw02;dw03;dw04;dw05;dw06;dw07;dw08,,145,1,2026-08-30T19:08:23.325+0200,dw07,5783,230,786,130,180,765,3.45,2147483
ground-height-2m-20260828-133428,d008m_r270_run01.csv,2,8,270,dw00;dw01;dw02;dw03;dw04;dw05;dw06;dw07;dw08,dw00;dw01;dw02;dw03;dw04;dw05;dw06;dw07;dw08,,75,1,2026-08-30T19:08:23.345+0200,dw03,021B,209,770,-38,-625,449,2.08,12268
ground-height-2m-20260828-133428,d008m_r270_run01.csv,2,8,270,dw00;dw01;dw02;dw03;dw04;dw05;dw06;dw07;dw08,dw00;dw01;dw02;dw03;dw04;dw05;dw06;dw07;dw08,,165,1,2026-08-30T19:08:23.355+0200,dw08,028E,239,784,151,281,732,3.57,22308
ground-height-2m-20260828-133428,d008m_r270_run01.csv,2,8,270,dw00;dw01;dw02;dw03;dw04;dw05;dw06;dw07;dw08,dw00;dw01;dw02;dw03;dw04;dw05;dw06;dw07;dw08,,15,1,2026-08-30T19:08:23.365+0200,dw00,8103,165,803,-166,500,629,2.83,32257
ground-height-2m-20260828-133428,d008m_r270_run01.csv,2,8,270,dw00;dw01;dw02;dw03;dw04;dw05;dw06;dw07;dw08,dw00;dw01;dw02;dw03;dw04;dw05;dw06;dw07;dw08,,90,1,2026-08-30T19:08:23.395+0200,dw04,0F85,187,785,6,-417,665,2.95,62255
ground-height-2m-20260828-133428,d008m_r270_run01.csv,2,8,270,dw00;dw01;dw02;dw03;dw04;dw05;dw06;dw07;dw08,dw00;dw01;dw02;dw03;dw04;dw05;dw06;dw07;dw08,,105,1,2026-08-30T19:08:23.405+0200,dw05,4B92,66,781,35,-273,732,3.06,72265
ground-height-2m-20260828-133428,d008m_r270_run01.csv,2,8,270,dw00;dw01;dw02;dw03;dw04;dw05;dw06;dw07;dw08,dw00;dw01;dw02;dw03;dw04;dw05;dw06;dw07;dw08,,125,1,2026-08-30T19:08:23.415+0200,dw06,0789,110,788,82,-50,786,2.89,82305
ground-height-2m-20260828-133428,d008m_r270_run01.csv,2,8,270,dw00;dw01;dw02;dw03;dw04;dw05;dw06;dw07;dw08,dw00;dw01;dw02;dw03;dw04;dw05;dw06;dw07;dw08,,35,1,2026-08-30T19:08:23.475+0200,dw01,1729,221,791,-124,693,381,3.09,42327
ground-height-2m-20260828-133428,d008m_r270_run01.csv,2,8,270,dw00;dw01;dw02;dw03;dw04;dw05;dw06;dw07;dw08,dw00;dw01;dw02;dw03;dw04;dw05;dw06;dw07;dw08,,55,1,2026-08-30T19:08:23.485+0200,dw02,8FB0,251,786,-84,-786,0,1.99,52368
ground-height-2m-20260828-133428,d008m_r270_run01.csv,2,8,270,dw00;dw01;dw02;dw03;dw04;dw05;dw06;dw07;dw08,dw00;dw01;dw02;dw03;dw04;dw05;dw06;dw07;dw08,,145,1,2026-08-30T19:08:23.525+0200,dw07,5783,231,788,129,180,767,3.45,2147483
ground-height-2m-20260828-133428,d008m_r270_run01.csv,2,8,270,dw00;dw01;dw02;dw03;dw04;dw05;dw06;dw07;dw08,dw00;dw01;dw02;dw03;dw04;dw05;dw06;dw07;dw08,,75,1,2026-08-30T19:08:23.544+0200,dw03,021B,210,770,-41,-637,432,2.08,12268
ground-height-2m-20260828-133428,d008m_r270_run01.csv,2,8,270,dw00;dw01;dw02;dw03;dw04;dw05;dw06;dw07;dw08,dw00;dw01;dw02;dw03;dw04;dw05;dw06;dw07;dw08,,165,1,2026-08-30T19:08:23.555+0200,dw08,028E,240,786,142,242,748,3.57,22247
ground-height-2m-20260828-133428,d008m_r270_run01.csv,2,8,270,dw00;dw01;dw02;dw03;dw04;dw05;dw06;dw07;dw08,dw00;dw01;dw02;dw03;dw04;dw05;dw06;dw07;dw08,,15,1,2026-08-30T19:08:23.565+0200,dw00,8103,166,801,-153,559,574,2.77,32257
ground-height-2m-20260828-133428,d008m_r270_run01.csv,2,8,270,dw00;dw01;dw02;dw03;dw04;dw05;dw06;dw07;dw08,dw00;dw01;dw02;dw03;dw04;dw05;dw06;dw07;dw08,,90,1,2026-08-30T19:08:23.595+0200,dw04,0F85,188,783,3,-429,655,3.06,62255
ground-height-2m-20260828-133428,d008m_r270_run01.csv,2,8,270,dw00;dw01;dw02;dw03;dw04;dw05;dw06;dw07;dw08,dw00;dw01;dw02;dw03;dw04;dw05;dw06;dw07;dw08,,105,1,2026-08-30T19:08:23.605+0200,dw05,4B92,67,785,34,-279,734,3.06,72235
ground-height-2m-20260828-133428,d008m_r270_run01.csv,2,8,270,dw00;dw01;dw02;dw03;dw04;dw05;dw06;dw07;dw08,dw00;dw01;dw02;dw03;dw04;dw05;dw06;dw07;dw08,,125,1,2026-08-30T19:08:23.615+0200,dw06,0789,111,785,80,-57,783,3.06,82305
ground-height-2m-20260828-133428,d008m_r270_run01.csv,2,8,270,dw00;dw01;dw02;dw03;dw04;dw05;dw06;dw07;dw08,dw00;dw01;dw02;dw03;dw04;dw05;dw06;dw07;dw08,,35,1,2026-08-30T19:08:23.675+0200,dw01,1729,222,791,-122,705,358,3.01,42297
ground-height-2m-20260828-133428,d008m_r270_run01.csv,2,8,270,dw00;dw01;dw02;dw03;dw04;dw05;dw06;dw07;dw08,dw00;dw01;dw02;dw03;dw04;dw05;dw06;dw07;dw08,,55,1,2026-08-30T19:08:23.685+0200,dw02,8FB0,252,786,-87,786,0,1.75,52398
ground-height-2m-20260828-133428,d008m_r270_run01.csv,2,8,270,dw00;dw01;dw02;dw03;dw04;dw05;dw06;dw07;dw08,dw00;dw01;dw02;dw03;dw04;dw05;dw06;dw07;dw08,,145,1,2026-08-30T19:08:23.725+0200,dw07,5783,232,785,129,179,764,3.33,2147483
ground-height-2m-20260828-133428,d008m_r270_run01.csv,2,8,270,dw00;dw01;dw02;dw03;dw04;dw05;dw06;dw07;dw08,dw00;dw01;dw02;dw03;dw04;dw05;dw06;dw07;dw08,,75,1,2026-08-30T19:08:23.745+0200,dw03,021B,211,770,-33,-600,483,2.02,12268
ground-height-2m-20260828-133428,d008m_r270_run01.csv,2,8,270,dw00;dw01;dw02;dw03;dw04;dw05;dw06;dw07;dw08,dw00;dw01;dw02;dw03;dw04;dw05;dw06;dw07;dw08,,165,1,2026-08-30T19:08:23.754+0200,dw08,028E,241,780,153,292,722,3.63,22308
ground-height-2m-20260828-133428,d008m_r270_run01.csv,2,8,270,dw00;dw01;dw02;dw03;dw04;dw05;dw06;dw07;dw08,dw00;dw01;dw02;dw03;dw04;dw05;dw06;dw07;dw08,,15,1,2026-08-30T19:08:23.765+0200,dw00,8103,167,802,-156,544,589,2.77,32287
ground-height-2m-20260828-133428,d008m_r270_run01.csv,2,8,270,dw00;dw01;dw02;dw03;dw04;dw05;dw06;dw07;dw08,dw00;dw01;dw02;dw03;dw04;dw05;dw06;dw07;dw08,,90,1,2026-08-30T19:08:23.794+0200,dw04,0F85,189,782,4,-427,655,3.06,62255
ground-height-2m-20260828-133428,d008m_r270_run01.csv,2,8,270,dw00;dw01;dw02;dw03;dw04;dw05;dw06;dw07;dw08,dw00;dw01;dw02;dw03;dw04;dw05;dw06;dw07;dw08,,105,1,2026-08-30T19:08:23.805+0200,dw05,4B92,68,786,42,-243,747,3.01,72235
ground-height-2m-20260828-133428,d008m_r270_run01.csv,2,8,270,dw00;dw01;dw02;dw03;dw04;dw05;dw06;dw07;dw08,dw00;dw01;dw02;dw03;dw04;dw05;dw06;dw07;dw08,,125,1,2026-08-30T19:08:23.815+0200,dw06,0789,112,784,93,4,784,3.01,82275
ground-height-2m-20260828-133428,d008m_r270_run01.csv,2,8,270,dw00;dw01;dw02;dw03;dw04;dw05;dw06;dw07;dw08,dw00;dw01;dw02;dw03;dw04;dw05;dw06;dw07;dw08,,35,1,2026-08-30T19:08:23.874+0200,dw01,1729,223,790,-119,715,335,3.09,42327
ground-height-2m-20260828-133428,d008m_r270_run01.csv,2,8,270,dw00;dw01;dw02;dw03;dw04;dw05;dw06;dw07;dw08,dw00;dw01;dw02;dw03;dw04;dw05;dw06;dw07;dw08,,55,1,2026-08-30T19:08:23.885+0200,dw02,8FB0,253,785,-83,-785,0,1.93,52398
ground-height-2m-20260828-133428,d008m_r270_run01.csv,2,8,270,dw00;dw01;dw02;dw03;dw04;dw05;dw06;dw07;dw08,dw00;dw01;dw02;dw03;dw04;dw05;dw06;dw07;dw08,,145,1,2026-08-30T19:08:23.925+0200,dw07,5783,233,779,122,144,766,3.45,2147483
ground-height-2m-20260828-133428,d008m_r270_run01.csv,2,8,270,dw00;dw01;dw02;dw03;dw04;dw05;dw06;dw07;dw08,dw00;dw01;dw02;dw03;dw04;dw05;dw06;dw07;dw08,,75,1,2026-08-30T19:08:23.945+0200,dw03,021B,212,773,-22,-551,542,2.02,12268
ground-height-2m-20260828-133428,d008m_r270_run01.csv,2,8,270,dw00;dw01;dw02;dw03;dw04;dw05;dw06;dw07;dw08,dw00;dw01;dw02;dw03;dw04;dw05;dw06;dw07;dw08,,165,1,2026-08-30T19:08:23.954+0200,dw08,028E,242,782,152,286,728,3.63,22277
ground-height-2m-20260828-133428,d008m_r270_run01.csv,2,8,270,dw00;dw01;dw02;dw03;dw04;dw05;dw06;dw07;dw08,dw00;dw01;dw02;dw03;dw04;dw05;dw06;dw07;dw08,,15,1,2026-08-30T19:08:23.964+0200,dw00,8103,168,803,-165,503,625,2.65,32257
ground-height-2m-20260828-133428,d008m_r270_run01.csv,2,8,270,dw00;dw01;dw02;dw03;dw04;dw05;dw06;dw07;dw08,dw00;dw01;dw02;dw03;dw04;dw05;dw06;dw07;dw08,,90,1,2026-08-30T19:08:23.995+0200,dw04,0F85,190,783,1,-441,647,3.01,62255
ground-height-2m-20260828-133428,d008m_r270_run01.csv,2,8,270,dw00;dw01;dw02;dw03;dw04;dw05;dw06;dw07;dw08,dw00;dw01;dw02;dw03;dw04;dw05;dw06;dw07;dw08,,105,1,2026-08-30T19:08:24.004+0200,dw05,4B92,69,785,37,-268,737,2.95,72265
ground-height-2m-20260828-133428,d008m_r270_run01.csv,2,8,270,dw00;dw01;dw02;dw03;dw04;dw05;dw06;dw07;dw08,dw00;dw01;dw02;dw03;dw04;dw05;dw06;dw07;dw08,,125,1,2026-08-30T19:08:24.015+0200,dw06,0789,113,788,81,-55,787,2.95,82275
ground-height-2m-20260828-133428,d008m_r270_run01.csv,2,8,270,dw00;dw01;dw02;dw03;dw04;dw05;dw06;dw07;dw08,dw00;dw01;dw02;dw03;dw04;dw05;dw06;dw07;dw08,,35,1,2026-08-30T19:08:24.075+0200,dw01,1729,224,794,-118,724,325,3.01,42297
ground-height-2m-20260828-133428,d008m_r270_run01.csv,2,8,270,dw00;dw01;dw02;dw03;dw04;dw05;dw06;dw07;dw08,dw00;dw01;dw02;dw03;dw04;dw05;dw06;dw07;dw08,,55,1,2026-08-30T19:08:24.084+0200,dw02,8FB0,254,785,-86,-785,0,1.87,52398
ground-height-2m-20260828-133428,d008m_r270_run01.csv,2,8,270,dw00;dw01;dw02;dw03;dw04;dw05;dw06;dw07;dw08,dw00;dw01;dw02;dw03;dw04;dw05;dw06;dw07;dw08,,145,1,2026-08-30T19:08:24.124+0200,dw07,5783,234,788,126,162,771,3.39,2147483
ground-height-2m-20260828-133428,d008m_r270_run01.csv,2,8,270,dw00;dw01;dw02;dw03;dw04;dw05;dw06;dw07;dw08,dw00;dw01;dw02;dw03;dw04;dw05;dw06;dw07;dw08,,75,1,2026-08-30T19:08:24.145+0200,dw03,021B,213,770,-35,-610,469,2.08,12268
ground-height-2m-20260828-133428,d008m_r270_run01.csv,2,8,270,dw00;dw01;dw02;dw03;dw04;dw05;dw06;dw07;dw08,dw00;dw01;dw02;dw03;dw04;dw05;dw06;dw07;dw08,,165,1,2026-08-30T19:08:24.155+0200,dw08,028E,243,784,162,337,708,3.69,22277
ground-height-2m-20260828-133428,d008m_r270_run01.csv,2,8,270,dw00;dw01;dw02;dw03;dw04;dw05;dw06;dw07;dw08,dw00;dw01;dw02;dw03;dw04;dw05;dw06;dw07;dw08,,15,1,2026-08-30T19:08:24.164+0200,dw00,8103,169,801,-163,513,615,2.77,32257
ground-height-2m-20260828-133428,d008m_r270_run01.csv,2,8,270,dw00;dw01;dw02;dw03;dw04;dw05;dw06;dw07;dw08,dw00;dw01;dw02;dw03;dw04;dw05;dw06;dw07;dw08,,90,1,2026-08-30T19:08:24.195+0200,dw04,0F85,191,780,0,-443,642,3.09,62255
ground-height-2m-20260828-133428,d008m_r270_run01.csv,2,8,270,dw00;dw01;dw02;dw03;dw04;dw05;dw06;dw07;dw08,dw00;dw01;dw02;dw03;dw04;dw05;dw06;dw07;dw08,,105,1,2026-08-30T19:08:24.204+0200,dw05,4B92,70,784,39,-257,741,2.95,72235
ground-height-2m-20260828-133428,d008m_r270_run01.csv,2,8,270,dw00;dw01;dw02;dw03;dw04;dw05;dw06;dw07;dw08,dw00;dw01;dw02;dw03;dw04;dw05;dw06;dw07;dw08,,125,1,2026-08-30T19:08:24.214+0200,dw06,0789,114,784,84,-40,783,3.09,82305
ground-height-2m-20260828-133428,d008m_r270_run01.csv,2,8,270,dw00;dw01;dw02;dw03;dw04;dw05;dw06;dw07;dw08,dw00;dw01;dw02;dw03;dw04;dw05;dw06;dw07;dw08,,35,1,2026-08-30T19:08:24.275+0200,dw01,1729,225,791,-126,687,393,3.09,42327
ground-height-2m-20260828-133428,d008m_r270_run01.csv,2,8,270,dw00;dw01;dw02;dw03;dw04;dw05;dw06;dw07;dw08,dw00;dw01;dw02;dw03;dw04;dw05;dw06;dw07;dw08,,55,1,2026-08-30T19:08:24.285+0200,dw02,8FB0,255,786,-83,-786,0,1.87,52429
ground-height-2m-20260828-133428,d008m_r270_run01.csv,2,8,270,dw00;dw01;dw02;dw03;dw04;dw05;dw06;dw07;dw08,dw00;dw01;dw02;dw03;dw04;dw05;dw06;dw07;dw08,,145,1,2026-08-30T19:08:24.325+0200,dw07,5783,235,788,119,131,776,3.39,2147483
ground-height-2m-20260828-133428,d008m_r270_run01.csv,2,8,270,dw00;dw01;dw02;dw03;dw04;dw05;dw06;dw07;dw08,dw00;dw01;dw02;dw03;dw04;dw05;dw06;dw07;dw08,,75,1,2026-08-30T19:08:24.345+0200,dw03,021B,214,773,-32,-596,492,2.08,12268
ground-height-2m-20260828-133428,d008m_r270_run01.csv,2,8,270,dw00;dw01;dw02;dw03;dw04;dw05;dw06;dw07;dw08,dw00;dw01;dw02;dw03;dw04;dw05;dw06;dw07;dw08,,165,1,2026-08-30T19:08:24.355+0200,dw08,028E,244,782,149,273,732,3.57,22277
ground-height-2m-20260828-133428,d008m_r270_run01.csv,2,8,270,dw00;dw01;dw02;dw03;dw04;dw05;dw06;dw07;dw08,dw00;dw01;dw02;dw03;dw04;dw05;dw06;dw07;dw08,,15,1,2026-08-30T19:08:24.365+0200,dw00,8103,170,803,-164,510,621,2.83,32257
ground-height-2m-20260828-133428,d008m_r270_run01.csv,2,8,270,dw00;dw01;dw02;dw03;dw04;dw05;dw06;dw07;dw08,dw00;dw01;dw02;dw03;dw04;dw05;dw06;dw07;dw08,,90,1,2026-08-30T19:08:24.395+0200,dw04,0F85,192,782,5,-421,659,2.95,62255
ground-height-2m-20260828-133428,d008m_r270_run01.csv,2,8,270,dw00;dw01;dw02;dw03;dw04;dw05;dw06;dw07;dw08,dw00;dw01;dw02;dw03;dw04;dw05;dw06;dw07;dw08,,105,1,2026-08-30T19:08:24.405+0200,dw05,4B92,71,786,43,-237,750,2.83,72265
ground-height-2m-20260828-133428,d008m_r270_run01.csv,2,8,270,dw00;dw01;dw02;dw03;dw04;dw05;dw06;dw07;dw08,dw00;dw01;dw02;dw03;dw04;dw05;dw06;dw07;dw08,,125,1,2026-08-30T19:08:24.414+0200,dw06,0789,115,786,80,-58,784,3.06,82275
ground-height-2m-20260828-133428,d008m_r270_run01.csv,2,8,270,dw00;dw01;dw02;dw03;dw04;dw05;dw06;dw07;dw08,dw00;dw01;dw02;dw03;dw04;dw05;dw06;dw07;dw08,,35,1,2026-08-30T19:08:24.475+0200,dw01,1729,226,791,-127,681,401,3.01,42327
ground-height-2m-20260828-133428,d008m_r270_run01.csv,2,8,270,dw00;dw01;dw02;dw03;dw04;dw05;dw06;dw07;dw08,dw00;dw01;dw02;dw03;dw04;dw05;dw06;dw07;dw08,,55,1,2026-08-30T19:08:24.485+0200,dw02,8FB0,0,786,-87,786,0,1.87,52337
ground-height-2m-20260828-133428,d008m_r270_run01.csv,2,8,270,dw00;dw01;dw02;dw03;dw04;dw05;dw06;dw07;dw08,dw00;dw01;dw02;dw03;dw04;dw05;dw06;dw07;dw08,,145,1,2026-08-30T19:08:24.525+0200,dw07,5783,236,785,133,198,759,3.45,2147483
ground-height-2m-20260828-133428,d008m_r270_run01.csv,2,8,270,dw00;dw01;dw02;dw03;dw04;dw05;dw06;dw07;dw08,dw00;dw01;dw02;dw03;dw04;dw05;dw06;dw07;dw08,,75,1,2026-08-30T19:08:24.544+0200,dw03,021B,215,768,-35,-609,468,2.02,12329
ground-height-2m-20260828-133428,d008m_r270_run01.csv,2,8,270,dw00;dw01;dw02;dw03;dw04;dw05;dw06;dw07;dw08,dw00;dw01;dw02;dw03;dw04;dw05;dw06;dw07;dw08,,165,1,2026-08-30T19:08:24.554+0200,dw08,028E,245,785,149,273,736,3.69,22277
ground-height-2m-20260828-133428,d008m_r270_run01.csv,2,8,270,dw00;dw01;dw02;dw03;dw04;dw05;dw06;dw07;dw08,dw00;dw01;dw02;dw03;dw04;dw05;dw06;dw07;dw08,,15,1,2026-08-30T19:08:24.565+0200,dw00,8103,171,803,-159,532,600,2.77,32257
ground-height-2m-20260828-133428,d008m_r270_run01.csv,2,8,270,dw00;dw01;dw02;dw03;dw04;dw05;dw06;dw07;dw08,dw00;dw01;dw02;dw03;dw04;dw05;dw06;dw07;dw08,,90,1,2026-08-30T19:08:24.594+0200,dw04,0F85,193,788,4,-429,660,3.01,62255
ground-height-2m-20260828-133428,d008m_r270_run01.csv,2,8,270,dw00;dw01;dw02;dw03;dw04;dw05;dw06;dw07;dw08,dw00;dw01;dw02;dw03;dw04;dw05;dw06;dw07;dw08,,105,1,2026-08-30T19:08:24.605+0200,dw05,4B92,72,786,35,-277,736,2.89,72235
ground-height-2m-20260828-133428,d008m_r270_run01.csv,2,8,270,dw00;dw01;dw02;dw03;dw04;dw05;dw06;dw07;dw08,dw00;dw01;dw02;dw03;dw04;dw05;dw06;dw07;dw08,,125,1,2026-08-30T19:08:24.615+0200,dw06,0789,116,784,84,-41,783,3.09,82275
ground-height-2m-20260828-133428,d008m_r270_run01.csv,2,8,270,dw00;dw01;dw02;dw03;dw04;dw05;dw06;dw07;dw08,dw00;dw01;dw02;dw03;dw04;dw05;dw06;dw07;dw08,,35,1,2026-08-30T19:08:24.674+0200,dw01,1729,227,789,-120,714,336,3.06,42297
ground-height-2m-20260828-133428,d008m_r270_run01.csv,2,8,270,dw00;dw01;dw02;dw03;dw04;dw05;dw06;dw07;dw08,dw00;dw01;dw02;dw03;dw04;dw05;dw06;dw07;dw08,,55,1,2026-08-30T19:08:24.685+0200,dw02,8FB0,1,784,-83,-784,0,1.93,52368
ground-height-2m-20260828-133428,d008m_r270_run01.csv,2,8,270,dw00;dw01;dw02;dw03;dw04;dw05;dw06;dw07;dw08,dw00;dw01;dw02;dw03;dw04;dw05;dw06;dw07;dw08,,145,1,2026-08-30T19:08:24.725+0200,dw07,5783,237,780,129,178,760,3.45,2147483
ground-height-2m-20260828-133428,d008m_r270_run01.csv,2,8,270,dw00;dw01;dw02;dw03;dw04;dw05;dw06;dw07;dw08,dw00;dw01;dw02;dw03;dw04;dw05;dw06;dw07;dw08,,75,1,2026-08-30T19:08:24.744+0200,dw03,021B,216,773,-40,-636,439,2.02,12268
ground-height-2m-20260828-133428,d008m_r270_run01.csv,2,8,270,dw00;dw01;dw02;dw03;dw04;dw05;dw06;dw07;dw08,dw00;dw01;dw02;dw03;dw04;dw05;dw06;dw07;dw08,,165,1,2026-08-30T19:08:24.754+0200,dw08,028E,246,786,153,292,729,3.57,22277
ground-height-2m-20260828-133428,d008m_r270_run01.csv,2,8,270,dw00;dw01;dw02;dw03;dw04;dw05;dw06;dw07;dw08,dw00;dw01;dw02;dw03;dw04;dw05;dw06;dw07;dw08,,15,1,2026-08-30T19:08:24.764+0200,dw00,8103,172,803,-167,493,633,2.77,32257
ground-height-2m-20260828-133428,d008m_r270_run01.csv,2,8,270,dw00;dw01;dw02;dw03;dw04;dw05;dw06;dw07;dw08,dw00;dw01;dw02;dw03;dw04;dw05;dw06;dw07;dw08,,90,1,2026-08-30T19:08:24.794+0200,dw04,0F85,194,782,5,-419,660,2.95,62255
ground-height-2m-20260828-133428,d008m_r270_run01.csv,2,8,270,dw00;dw01;dw02;dw03;dw04;dw05;dw06;dw07;dw08,dw00;dw01;dw02;dw03;dw04;dw05;dw06;dw07;dw08,,105,1,2026-08-30T19:08:24.804+0200,dw05,4B92,73,786,41,-247,746,3.01,72265
ground-height-2m-20260828-133428,d008m_r270_run01.csv,2,8,270,dw00;dw01;dw02;dw03;dw04;dw05;dw06;dw07;dw08,dw00;dw01;dw02;dw03;dw04;dw05;dw06;dw07;dw08,,125,1,2026-08-30T19:08:24.815+0200,dw06,0789,117,784,85,-37,783,3.01,82275
ground-height-2m-20260828-133428,d008m_r270_run01.csv,2,8,270,dw00;dw01;dw02;dw03;dw04;dw05;dw06;dw07;dw08,dw00;dw01;dw02;dw03;dw04;dw05;dw06;dw07;dw08,,35,1,2026-08-30T19:08:24.874+0200,dw01,1729,228,792,-123,699,373,3.06,42327
ground-height-2m-20260828-133428,d008m_r270_run01.csv,2,8,270,dw00;dw01;dw02;dw03;dw04;dw05;dw06;dw07;dw08,dw00;dw01;dw02;dw03;dw04;dw05;dw06;dw07;dw08,,55,1,2026-08-30T19:08:24.884+0200,dw02,8FB0,2,786,-81,-786,0,1.87,52368
ground-height-2m-20260828-133428,d008m_r270_run01.csv,2,8,270,dw00;dw01;dw02;dw03;dw04;dw05;dw06;dw07;dw08,dw00;dw01;dw02;dw03;dw04;dw05;dw06;dw07;dw08,,145,1,2026-08-30T19:08:24.924+0200,dw07,5783,238,785,131,189,762,3.45,2147483
ground-height-2m-20260828-133428,d008m_r270_run01.csv,2,8,270,dw00;dw01;dw02;dw03;dw04;dw05;dw06;dw07;dw08,dw00;dw01;dw02;dw03;dw04;dw05;dw06;dw07;dw08,,75,1,2026-08-30T19:08:24.945+0200,dw03,021B,217,773,-37,-620,463,2.08,12268
ground-height-2m-20260828-133428,d008m_r270_run01.csv,2,8,270,dw00;dw01;dw02;dw03;dw04;dw05;dw06;dw07;dw08,dw00;dw01;dw02;dw03;dw04;dw05;dw06;dw07;dw08,,165,1,2026-08-30T19:08:24.954+0200,dw08,028E,247,786,148,271,737,3.57,22277
ground-height-2m-20260828-133428,d008m_r270_run01.csv,2,8,270,dw00;dw01;dw02;dw03;dw04;dw05;dw06;dw07;dw08,dw00;dw01;dw02;dw03;dw04;dw05;dw06;dw07;dw08,,15,1,2026-08-30T19:08:24.964+0200,dw00,8103,173,803,-170,477,646,2.83,32257
ground-height-2m-20260828-133428,d008m_r270_run01.csv,2,8,270,dw00;dw01;dw02;dw03;dw04;dw05;dw06;dw07;dw08,dw00;dw01;dw02;dw03;dw04;dw05;dw06;dw07;dw08,,90,1,2026-08-30T19:08:24.994+0200,dw04,0F85,195,782,6,-418,661,3.09,62255
ground-height-2m-20260828-133428,d008m_r270_run01.csv,2,8,270,dw00;dw01;dw02;dw03;dw04;dw05;dw06;dw07;dw08,dw00;dw01;dw02;dw03;dw04;dw05;dw06;dw07;dw08,,105,1,2026-08-30T19:08:25.004+0200,dw05,4B92,74,782,39,-257,739,3.01,72204
ground-height-2m-20260828-133428,d008m_r270_run01.csv,2,8,270,dw00;dw01;dw02;dw03;dw04;dw05;dw06;dw07;dw08,dw00;dw01;dw02;dw03;dw04;dw05;dw06;dw07;dw08,,125,1,2026-08-30T19:08:25.014+0200,dw06,0789,118,784,85,-35,783,3.06,82275
ground-height-2m-20260828-133428,d008m_r270_run01.csv,2,8,270,dw00;dw01;dw02;dw03;dw04;dw05;dw06;dw07;dw08,dw00;dw01;dw02;dw03;dw04;dw05;dw06;dw07;dw08,,35,1,2026-08-30T19:08:25.074+0200,dw01,1729,229,789,-117,725,310,3.09,42358
ground-height-2m-20260828-133428,d008m_r270_run01.csv,2,8,270,dw00;dw01;dw02;dw03;dw04;dw05;dw06;dw07;dw08,dw00;dw01;dw02;dw03;dw04;dw05;dw06;dw07;dw08,,55,1,2026-08-30T19:08:25.084+0200,dw02,8FB0,3,785,-82,-785,0,1.99,52337
ground-height-2m-20260828-133428,d008m_r270_run01.csv,2,8,270,dw00;dw01;dw02;dw03;dw04;dw05;dw06;dw07;dw08,dw00;dw01;dw02;dw03;dw04;dw05;dw06;dw07;dw08,,145,1,2026-08-30T19:08:25.124+0200,dw07,5783,239,784,127,166,766,3.45,2147483
ground-height-2m-20260828-133428,d008m_r270_run01.csv,2,8,270,dw00;dw01;dw02;dw03;dw04;dw05;dw06;dw07;dw08,dw00;dw01;dw02;dw03;dw04;dw05;dw06;dw07;dw08,,75,1,2026-08-30T19:08:25.144+0200,dw03,021B,218,773,-37,-622,459,2.02,12268
ground-height-2m-20260828-133428,d008m_r270_run01.csv,2,8,270,dw00;dw01;dw02;dw03;dw04;dw05;dw06;dw07;dw08,dw00;dw01;dw02;dw03;dw04;dw05;dw06;dw07;dw08,,165,1,2026-08-30T19:08:25.155+0200,dw08,028E,248,784,151,285,730,3.63,22308
ground-height-2m-20260828-133428,d008m_r270_run01.csv,2,8,270,dw00;dw01;dw02;dw03;dw04;dw05;dw06;dw07;dw08,dw00;dw01;dw02;dw03;dw04;dw05;dw06;dw07;dw08,,15,1,2026-08-30T19:08:25.164+0200,dw00,8103,174,806,-159,534,604,2.65,32257
ground-height-2m-20260828-133428,d008m_r270_run01.csv,2,8,270,dw00;dw01;dw02;dw03;dw04;dw05;dw06;dw07;dw08,dw00;dw01;dw02;dw03;dw04;dw05;dw06;dw07;dw08,,90,1,2026-08-30T19:08:25.195+0200,dw04,0F85,196,780,7,-411,663,2.95,62255
ground-height-2m-20260828-133428,d008m_r270_run01.csv,2,8,270,dw00;dw01;dw02;dw03;dw04;dw05;dw06;dw07;dw08,dw00;dw01;dw02;dw03;dw04;dw05;dw06;dw07;dw08,,105,1,2026-08-30T19:08:25.204+0200,dw05,4B92,75,787,41,-250,746,2.89,72235
ground-height-2m-20260828-133428,d008m_r270_run01.csv,2,8,270,dw00;dw01;dw02;dw03;dw04;dw05;dw06;dw07;dw08,dw00;dw01;dw02;dw03;dw04;dw05;dw06;dw07;dw08,,125,1,2026-08-30T19:08:25.214+0200,dw06,0789,119,784,85,-34,783,3.01,82275
ground-height-2m-20260828-133428,d008m_r270_run01.csv,2,8,270,dw00;dw01;dw02;dw03;dw04;dw05;dw06;dw07;dw08,dw00;dw01;dw02;dw03;dw04;dw05;dw06;dw07;dw08,,35,1,2026-08-30T19:08:25.275+0200,dw01,1729,230,789,-124,690,382,3.01,42297
ground-height-2m-20260828-133428,d008m_r270_run01.csv,2,8,270,dw00;dw01;dw02;dw03;dw04;dw05;dw06;dw07;dw08,dw00;dw01;dw02;dw03;dw04;dw05;dw06;dw07;dw08,,55,1,2026-08-30T19:08:25.284+0200,dw02,8FB0,4,785,-86,-785,0,1.87,52368
ground-height-2m-20260828-133428,d008m_r270_run01.csv,2,8,270,dw00;dw01;dw02;dw03;dw04;dw05;dw06;dw07;dw08,dw00;dw01;dw02;dw03;dw04;dw05;dw06;dw07;dw08,,145,1,2026-08-30T19:08:25.324+0200,dw07,5783,240,785,125,158,769,3.39,2147483
ground-height-2m-20260828-133428,d008m_r270_run01.csv,2,8,270,dw00;dw01;dw02;dw03;dw04;dw05;dw06;dw07;dw08,dw00;dw01;dw02;dw03;dw04;dw05;dw06;dw07;dw08,,75,1,2026-08-30T19:08:25.344+0200,dw03,021B,219,767,-35,-606,470,2.14,12268
ground-height-2m-20260828-133428,d008m_r270_run01.csv,2,8,270,dw00;dw01;dw02;dw03;dw04;dw05;dw06;dw07;dw08,dw00;dw01;dw02;dw03;dw04;dw05;dw06;dw07;dw08,,165,1,2026-08-30T19:08:25.354+0200,dw08,028E,249,781,145,251,740,3.57,22277
ground-height-2m-20260828-133428,d008m_r270_run01.csv,2,8,270,dw00;dw01;dw02;dw03;dw04;dw05;dw06;dw07;dw08,dw00;dw01;dw02;dw03;dw04;dw05;dw06;dw07;dw08,,15,1,2026-08-30T19:08:25.364+0200,dw00,8103,175,802,-165,500,627,2.77,32287
ground-height-2m-20260828-133428,d008m_r270_run01.csv,2,8,270,dw00;dw01;dw02;dw03;dw04;dw05;dw06;dw07;dw08,dw00;dw01;dw02;dw03;dw04;dw05;dw06;dw07;dw08,,90,1,2026-08-30T19:08:25.394+0200,dw04,0F85,197,783,4,-427,656,3.06,62255
ground-height-2m-20260828-133428,d008m_r270_run01.csv,2,8,270,dw00;dw01;dw02;dw03;dw04;dw05;dw06;dw07;dw08,dw00;dw01;dw02;dw03;dw04;dw05;dw06;dw07;dw08,,105,1,2026-08-30T19:08:25.405+0200,dw05,4B92,76,783,44,-231,748,3.06,72235
ground-height-2m-20260828-133428,d008m_r270_run01.csv,2,8,270,dw00;dw01;dw02;dw03;dw04;dw05;dw06;dw07;dw08,dw00;dw01;dw02;dw03;dw04;dw05;dw06;dw07;dw08,,125,1,2026-08-30T19:08:25.414+0200,dw06,0789,120,784,80,-60,781,3.01,82275
ground-height-2m-20260828-133428,d008m_r270_run01.csv,2,8,270,dw00;dw01;dw02;dw03;dw04;dw05;dw06;dw07;dw08,dw00;dw01;dw02;dw03;dw04;dw05;dw06;dw07;dw08,,35,1,2026-08-30T19:08:25.474+0200,dw01,1729,231,788,-112,748,248,3.06,42327
ground-height-2m-20260828-133428,d008m_r270_run01.csv,2,8,270,dw00;dw01;dw02;dw03;dw04;dw05;dw06;dw07;dw08,dw00;dw01;dw02;dw03;dw04;dw05;dw06;dw07;dw08,,55,1,2026-08-30T19:08:25.485+0200,dw02,8FB0,5,786,-85,-786,0,1.93,52368
ground-height-2m-20260828-133428,d008m_r270_run01.csv,2,8,270,dw00;dw01;dw02;dw03;dw04;dw05;dw06;dw07;dw08,dw00;dw01;dw02;dw03;dw04;dw05;dw06;dw07;dw08,,145,1,2026-08-30T19:08:25.525+0200,dw07,5783,241,785,126,163,767,3.45,2147483
ground-height-2m-20260828-133428,d008m_r270_run01.csv,2,8,270,dw00;dw01;dw02;dw03;dw04;dw05;dw06;dw07;dw08,dw00;dw01;dw02;dw03;dw04;dw05;dw06;dw07;dw08,,75,1,2026-08-30T19:08:25.544+0200,dw03,021B,220,770,-40,-634,436,2.08,12268
ground-height-2m-20260828-133428,d008m_r270_run01.csv,2,8,270,dw00;dw01;dw02;dw03;dw04;dw05;dw06;dw07;dw08,dw00;dw01;dw02;dw03;dw04;dw05;dw06;dw07;dw08,,165,1,2026-08-30T19:08:25.554+0200,dw08,028E,250,789,146,261,744,3.57,22277
ground-height-2m-20260828-133428,d008m_r270_run01.csv,2,8,270,dw00;dw01;dw02;dw03;dw04;dw05;dw06;dw07;dw08,dw00;dw01;dw02;dw03;dw04;dw05;dw06;dw07;dw08,,15,1,2026-08-30T19:08:25.564+0200,dw00,8103,176,804,-161,524,609,2.77,32257
ground-height-2m-20260828-133428,d008m_r270_run01.csv,2,8,270,dw00;dw01;dw02;dw03;dw04;dw05;dw06;dw07;dw08,dw00;dw01;dw02;dw03;dw04;dw05;dw06;dw07;dw08,,90,1,2026-08-30T19:08:25.594+0200,dw04,0F85,198,783,4,-428,656,3.09,62255
ground-height-2m-20260828-133428,d008m_r270_run01.csv,2,8,270,dw00;dw01;dw02;dw03;dw04;dw05;dw06;dw07;dw08,dw00;dw01;dw02;dw03;dw04;dw05;dw06;dw07;dw08,,105,1,2026-08-30T19:08:25.604+0200,dw05,4B92,77,785,35,-277,735,2.89,72235
ground-height-2m-20260828-133428,d008m_r270_run01.csv,2,8,270,dw00;dw01;dw02;dw03;dw04;dw05;dw06;dw07;dw08,dw00;dw01;dw02;dw03;dw04;dw05;dw06;dw07;dw08,,125,1,2026-08-30T19:08:25.614+0200,dw06,0789,121,782,90,-12,782,3.06,82305
ground-height-2m-20260828-133428,d008m_r270_run01.csv,2,8,270,dw00;dw01;dw02;dw03;dw04;dw05;dw06;dw07;dw08,dw00;dw01;dw02;dw03;dw04;dw05;dw06;dw07;dw08,,35,1,2026-08-30T19:08:25.674+0200,dw01,1729,232,788,-115,736,280,3.15,42327
ground-height-2m-20260828-133428,d008m_r270_run01.csv,2,8,270,dw00;dw01;dw02;dw03;dw04;dw05;dw06;dw07;dw08,dw00;dw01;dw02;dw03;dw04;dw05;dw06;dw07;dw08,,55,1,2026-08-30T19:08:25.684+0200,dw02,8FB0,6,784,-85,-784,0,1.93,52398
ground-height-2m-20260828-133428,d008m_r270_run01.csv,2,8,270,dw00;dw01;dw02;dw03;dw04;dw05;dw06;dw07;dw08,dw00;dw01;dw02;dw03;dw04;dw05;dw06;dw07;dw08,,145,1,2026-08-30T19:08:25.724+0200,dw07,5783,242,782,115,110,775,3.45,2147483
ground-height-2m-20260828-133428,d008m_r270_run01.csv,2,8,270,dw00;dw01;dw02;dw03;dw04;dw05;dw06;dw07;dw08,dw00;dw01;dw02;dw03;dw04;dw05;dw06;dw07;dw08,,75,1,2026-08-30T19:08:25.744+0200,dw03,021B,221,771,-34,-603,480,1.99,12268
ground-height-2m-20260828-133428,d008m_r270_run01.csv,2,8,270,dw00;dw01;dw02;dw03;dw04;dw05;dw06;dw07;dw08,dw00;dw01;dw02;dw03;dw04;dw05;dw06;dw07;dw08,,165,1,2026-08-30T19:08:25.754+0200,dw08,028E,251,780,151,283,727,3.69,22277
ground-height-2m-20260828-133428,d008m_r270_run01.csv,2,8,270,dw00;dw01;dw02;dw03;dw04;dw05;dw06;dw07;dw08,dw00;dw01;dw02;dw03;dw04;dw05;dw06;dw07;dw08,,15,1,2026-08-30T19:08:25.764+0200,dw00,8103,177,807,-163,517,619,2.83,32257
ground-height-2m-20260828-133428,d008m_r270_run01.csv,2,8,270,dw00;dw01;dw02;dw03;dw04;dw05;dw06;dw07;dw08,dw00;dw01;dw02;dw03;dw04;dw05;dw06;dw07;dw08,,90,1,2026-08-30T19:08:25.794+0200,dw04,0F85,199,780,3,-431,650,3.01,62255
ground-height-2m-20260828-133428,d008m_r270_run01.csv,2,8,270,dw00;dw01;dw02;dw03;dw04;dw05;dw06;dw07;dw08,dw00;dw01;dw02;dw03;dw04;dw05;dw06;dw07;dw08,,105,1,2026-08-30T19:08:25.804+0200,dw05,4B92,78,785,40,-252,743,3.06,72265
ground-height-2m-20260828-133428,d008m_r270_run01.csv,2,8,270,dw00;dw01;dw02;dw03;dw04;dw05;dw06;dw07;dw08,dw00;dw01;dw02;dw03;dw04;dw05;dw06;dw07;dw08,,125,1,2026-08-30T19:08:25.814+0200,dw06,0789,122,788,85,-37,787,3.01,82305
ground-height-2m-20260828-133428,d008m_r270_run01.csv,2,8,270,dw00;dw01;dw02;dw03;dw04;dw05;dw06;dw07;dw08,dw00;dw01;dw02;dw03;dw04;dw05;dw06;dw07;dw08,,35,1,2026-08-30T19:08:25.874+0200,dw01,1729,233,790,-128,672,415,3.15,42327
ground-height-2m-20260828-133428,d008m_r270_run01.csv,2,8,270,dw00;dw01;dw02;dw03;dw04;dw05;dw06;dw07;dw08,dw00;dw01;dw02;dw03;dw04;dw05;dw06;dw07;dw08,,55,1,2026-08-30T19:08:25.884+0200,dw02,8FB0,7,785,-86,-785,0,1.99,52398
ground-height-2m-20260828-133428,d008m_r270_run01.csv,2,8,270,dw00;dw01;dw02;dw03;dw04;dw05;dw06;dw07;dw08,dw00;dw01;dw02;dw03;dw04;dw05;dw06;dw07;dw08,,145,1,2026-08-30T19:08:25.924+0200,dw07,5783,243,780,133,193,755,3.39,2147483
ground-height-2m-20260828-133428,d008m_r270_run01.csv,2,8,270,dw00;dw01;dw02;dw03;dw04;dw05;dw06;dw07;dw08,dw00;dw01;dw02;dw03;dw04;dw05;dw06;dw07;dw08,,75,1,2026-08-30T19:08:25.945+0200,dw03,021B,222,770,-37,-619,458,2.14,12268
ground-height-2m-20260828-133428,d008m_r270_run01.csv,2,8,270,dw00;dw01;dw02;dw03;dw04;dw05;dw06;dw07;dw08,dw00;dw01;dw02;dw03;dw04;dw05;dw06;dw07;dw08,,165,1,2026-08-30T19:08:25.954+0200,dw08,028E,252,780,144,248,740,3.69,22277
ground-height-2m-20260828-133428,d008m_r270_run01.csv,2,8,270,dw00;dw01;dw02;dw03;dw04;dw05;dw06;dw07;dw08,dw00;dw01;dw02;dw03;dw04;dw05;dw06;dw07;dw08,,15,1,2026-08-30T19:08:25.964+0200,dw00,8103,178,803,-162,516,615,2.83,32257
ground-height-2m-20260828-133428,d008m_r270_run01.csv,2,8,270,dw00;dw01;dw02;dw03;dw04;dw05;dw06;dw07;dw08,dw00;dw01;dw02;dw03;dw04;dw05;dw06;dw07;dw08,,90,1,2026-08-30T19:08:25.994+0200,dw04,0F85,200,785,5,-420,663,3.01,62286
ground-height-2m-20260828-133428,d008m_r270_run01.csv,2,8,270,dw00;dw01;dw02;dw03;dw04;dw05;dw06;dw07;dw08,dw00;dw01;dw02;dw03;dw04;dw05;dw06;dw07;dw08,,105,1,2026-08-30T19:08:26.004+0200,dw05,4B92,79,787,38,-262,742,3.06,72235
ground-height-2m-20260828-133428,d008m_r270_run01.csv,2,8,270,dw00;dw01;dw02;dw03;dw04;dw05;dw06;dw07;dw08,dw00;dw01;dw02;dw03;dw04;dw05;dw06;dw07;dw08,,125,1,2026-08-30T19:08:26.014+0200,dw06,0789,123,784,83,-42,783,3.01,82275
ground-height-2m-20260828-133428,d008m_r270_run01.csv,2,8,270,dw00;dw01;dw02;dw03;dw04;dw05;dw06;dw07;dw08,dw00;dw01;dw02;dw03;dw04;dw05;dw06;dw07;dw08,,35,1,2026-08-30T19:08:26.074+0200,dw01,1729,234,789,-116,730,299,3.06,42297
ground-height-2m-20260828-133428,d008m_r270_run01.csv,2,8,270,dw00;dw01;dw02;dw03;dw04;dw05;dw06;dw07;dw08,dw00;dw01;dw02;dw03;dw04;dw05;dw06;dw07;dw08,,55,1,2026-08-30T19:08:26.084+0200,dw02,8FB0,8,787,-91,787,0,1.87,52398
ground-height-2m-20260828-133428,d008m_r270_run01.csv,2,8,270,dw00;dw01;dw02;dw03;dw04;dw05;dw06;dw07;dw08,dw00;dw01;dw02;dw03;dw04;dw05;dw06;dw07;dw08,,145,1,2026-08-30T19:08:26.124+0200,dw07,5783,244,783,126,162,766,3.39,2147483
ground-height-2m-20260828-133428,d008m_r270_run01.csv,2,8,270,dw00;dw01;dw02;dw03;dw04;dw05;dw06;dw07;dw08,dw00;dw01;dw02;dw03;dw04;dw05;dw06;dw07;dw08,,75,1,2026-08-30T19:08:26.144+0200,dw03,021B,223,772,-35,-608,475,2.02,12329
ground-height-2m-20260828-133428,d008m_r270_run01.csv,2,8,270,dw00;dw01;dw02;dw03;dw04;dw05;dw06;dw07;dw08,dw00;dw01;dw02;dw03;dw04;dw05;dw06;dw07;dw08,,165,1,2026-08-30T19:08:26.153+0200,dw08,028E,253,785,143,243,746,3.57,22277
ground-height-2m-20260828-133428,d008m_r270_run01.csv,2,8,270,dw00;dw01;dw02;dw03;dw04;dw05;dw06;dw07;dw08,dw00;dw01;dw02;dw03;dw04;dw05;dw06;dw07;dw08,,15,1,2026-08-30T19:08:26.164+0200,dw00,8103,179,804,-164,508,623,2.65,32257
ground-height-2m-20260828-133428,d008m_r270_run01.csv,2,8,270,dw00;dw01;dw02;dw03;dw04;dw05;dw06;dw07;dw08,dw00;dw01;dw02;dw03;dw04;dw05;dw06;dw07;dw08,,90,1,2026-08-30T19:08:26.193+0200,dw04,0F85,201,783,3,-432,653,3.06,62255
ground-height-2m-20260828-133428,d008m_r270_run01.csv,2,8,270,dw00;dw01;dw02;dw03;dw04;dw05;dw06;dw07;dw08,dw00;dw01;dw02;dw03;dw04;dw05;dw06;dw07;dw08,,105,1,2026-08-30T19:08:26.204+0200,dw05,4B92,80,782,43,-239,745,2.95,72265
ground-height-2m-20260828-133428,d008m_r270_run01.csv,2,8,270,dw00;dw01;dw02;dw03;dw04;dw05;dw06;dw07;dw08,dw00;dw01;dw02;dw03;dw04;dw05;dw06;dw07;dw08,,125,1,2026-08-30T19:08:26.214+0200,dw06,0789,124,786,83,-45,784,3.06,82275
ground-height-2m-20260828-133428,d008m_r270_run01.csv,2,8,270,dw00;dw01;dw02;dw03;dw04;dw05;dw06;dw07;dw08,dw00;dw01;dw02;dw03;dw04;dw05;dw06;dw07;dw08,,35,1,2026-08-30T19:08:26.273+0200,dw01,1729,235,786,-119,714,329,3.09,42327
ground-height-2m-20260828-133428,d008m_r270_run01.csv,2,8,270,dw00;dw01;dw02;dw03;dw04;dw05;dw06;dw07;dw08,dw00;dw01;dw02;dw03;dw04;dw05;dw06;dw07;dw08,,55,1,2026-08-30T19:08:26.284+0200,dw02,8FB0,9,785,-84,-785,0,1.93,52368
ground-height-2m-20260828-133428,d008m_r270_run01.csv,2,8,270,dw00;dw01;dw02;dw03;dw04;dw05;dw06;dw07;dw08,dw00;dw01;dw02;dw03;dw04;dw05;dw06;dw07;dw08,,145,1,2026-08-30T19:08:26.324+0200,dw07,5783,245,782,130,183,761,3.45,2147483
ground-height-2m-20260828-133428,d008m_r270_run01.csv,2,8,270,dw00;dw01;dw02;dw03;dw04;dw05;dw06;dw07;dw08,dw00;dw01;dw02;dw03;dw04;dw05;dw06;dw07;dw08,,75,1,2026-08-30T19:08:26.344+0200,dw03,021B,224,768,-38,-624,448,2.02,12268
ground-height-2m-20260828-133428,d008m_r270_run01.csv,2,8,270,dw00;dw01;dw02;dw03;dw04;dw05;dw06;dw07;dw08,dw00;dw01;dw02;dw03;dw04;dw05;dw06;dw07;dw08,,165,1,2026-08-30T19:08:26.354+0200,dw08,028E,254,783,159,321,714,3.63,22277
ground-height-2m-20260828-133428,d008m_r270_run01.csv,2,8,270,dw00;dw01;dw02;dw03;dw04;dw05;dw06;dw07;dw08,dw00;dw01;dw02;dw03;dw04;dw05;dw06;dw07;dw08,,15,1,2026-08-30T19:08:26.363+0200,dw00,8103,180,804,-162,520,613,2.83,32257
ground-height-2m-20260828-133428,d008m_r270_run01.csv,2,8,270,dw00;dw01;dw02;dw03;dw04;dw05;dw06;dw07;dw08,dw00;dw01;dw02;dw03;dw04;dw05;dw06;dw07;dw08,,90,1,2026-08-30T19:08:26.394+0200,dw04,0F85,202,782,4,-423,658,2.95,62255
ground-height-2m-20260828-133428,d008m_r270_run01.csv,2,8,270,dw00;dw01;dw02;dw03;dw04;dw05;dw06;dw07;dw08,dw00;dw01;dw02;dw03;dw04;dw05;dw06;dw07;dw08,,105,1,2026-08-30T19:08:26.403+0200,dw05,4B92,81,784,37,-267,737,2.95,72235
ground-height-2m-20260828-133428,d008m_r270_run01.csv,2,8,270,dw00;dw01;dw02;dw03;dw04;dw05;dw06;dw07;dw08,dw00;dw01;dw02;dw03;dw04;dw05;dw06;dw07;dw08,,125,1,2026-08-30T19:08:26.414+0200,dw06,0789,125,787,85,-33,786,3.06,82275
ground-height-2m-20260828-133428,d008m_r270_run01.csv,2,8,270,dw00;dw01;dw02;dw03;dw04;dw05;dw06;dw07;dw08,dw00;dw01;dw02;dw03;dw04;dw05;dw06;dw07;dw08,,35,1,2026-08-30T19:08:26.474+0200,dw01,1729,236,789,-129,670,417,3.06,42327
ground-height-2m-20260828-133428,d008m_r270_run01.csv,2,8,270,dw00;dw01;dw02;dw03;dw04;dw05;dw06;dw07;dw08,dw00;dw01;dw02;dw03;dw04;dw05;dw06;dw07;dw08,,55,1,2026-08-30T19:08:26.483+0200,dw02,8FB0,10,785,-92,785,0,1.99,52337
ground-height-2m-20260828-133428,d008m_r270_run01.csv,2,8,270,dw00;dw01;dw02;dw03;dw04;dw05;dw06;dw07;dw08,dw00;dw01;dw02;dw03;dw04;dw05;dw06;dw07;dw08,,145,1,2026-08-30T19:08:26.524+0200,dw07,5783,246,785,135,208,757,3.33,2147483
ground-height-2m-20260828-133428,d008m_r270_run01.csv,2,8,270,dw00;dw01;dw02;dw03;dw04;dw05;dw06;dw07;dw08,dw00;dw01;dw02;dw03;dw04;dw05;dw06;dw07;dw08,,75,1,2026-08-30T19:08:26.544+0200,dw03,021B,225,773,-35,-612,472,2.08,12268
ground-height-2m-20260828-133428,d008m_r270_run01.csv,2,8,270,dw00;dw01;dw02;dw03;dw04;dw05;dw06;dw07;dw08,dw00;dw01;dw02;dw03;dw04;dw05;dw06;dw07;dw08,,165,1,2026-08-30T19:08:26.554+0200,dw08,028E,255,784,141,233,749,3.57,22277
ground-height-2m-20260828-133428,d008m_r270_run01.csv,2,8,270,dw00;dw01;dw02;dw03;dw04;dw05;dw06;dw07;dw08,dw00;dw01;dw02;dw03;dw04;dw05;dw06;dw07;dw08,,15,1,2026-08-30T19:08:26.564+0200,dw00,8103,181,803,-166,497,630,2.77,32257
ground-height-2m-20260828-133428,d008m_r270_run01.csv,2,8,270,dw00;dw01;dw02;dw03;dw04;dw05;dw06;dw07;dw08,dw00;dw01;dw02;dw03;dw04;dw05;dw06;dw07;dw08,,90,1,2026-08-30T19:08:26.594+0200,dw04,0F85,203,783,0,-444,645,3.01,62255
ground-height-2m-20260828-133428,d008m_r270_run01.csv,2,8,270,dw00;dw01;dw02;dw03;dw04;dw05;dw06;dw07;dw08,dw00;dw01;dw02;dw03;dw04;dw05;dw06;dw07;dw08,,105,1,2026-08-30T19:08:26.604+0200,dw05,4B92,82,784,39,-258,740,3.06,72235
ground-height-2m-20260828-133428,d008m_r270_run01.csv,2,8,270,dw00;dw01;dw02;dw03;dw04;dw05;dw06;dw07;dw08,dw00;dw01;dw02;dw03;dw04;dw05;dw06;dw07;dw08,,125,1,2026-08-30T19:08:26.613+0200,dw06,0789,126,783,83,-42,782,3.06,82336
ground-height-2m-20260828-133428,d008m_r270_run01.csv,2,8,270,dw00;dw01;dw02;dw03;dw04;dw05;dw06;dw07;dw08,dw00;dw01;dw02;dw03;dw04;dw05;dw06;dw07;dw08,,35,1,2026-08-30T19:08:26.674+0200,dw01,1729,237,791,-127,681,403,3.01,42327
ground-height-2m-20260828-133428,d008m_r270_run01.csv,2,8,270,dw00;dw01;dw02;dw03;dw04;dw05;dw06;dw07;dw08,dw00;dw01;dw02;dw03;dw04;dw05;dw06;dw07;dw08,,55,1,2026-08-30T19:08:26.684+0200,dw02,8FB0,11,783,-86,-783,0,1.93,52429
ground-height-2m-20260828-133428,d008m_r270_run01.csv,2,8,270,dw00;dw01;dw02;dw03;dw04;dw05;dw06;dw07;dw08,dw00;dw01;dw02;dw03;dw04;dw05;dw06;dw07;dw08,,145,1,2026-08-30T19:08:26.724+0200,dw07,5783,247,787,129,178,767,3.57,2147483
ground-height-2m-20260828-133428,d008m_r270_run01.csv,2,8,270,dw00;dw01;dw02;dw03;dw04;dw05;dw06;dw07;dw08,dw00;dw01;dw02;dw03;dw04;dw05;dw06;dw07;dw08,,75,1,2026-08-30T19:08:26.743+0200,dw03,021B,226,768,-39,-628,442,2.02,12268
ground-height-2m-20260828-133428,d008m_r270_run01.csv,2,8,270,dw00;dw01;dw02;dw03;dw04;dw05;dw06;dw07;dw08,dw00;dw01;dw02;dw03;dw04;dw05;dw06;dw07;dw08,,165,1,2026-08-30T19:08:26.754+0200,dw08,028E,0,782,154,298,723,3.57,22308
ground-height-2m-20260828-133428,d008m_r270_run01.csv,2,8,270,dw00;dw01;dw02;dw03;dw04;dw05;dw06;dw07;dw08,dw00;dw01;dw02;dw03;dw04;dw05;dw06;dw07;dw08,,15,1,2026-08-30T19:08:26.764+0200,dw00,8103,182,806,-162,521,615,2.65,32287
ground-height-2m-20260828-133428,d008m_r270_run01.csv,2,8,270,dw00;dw01;dw02;dw03;dw04;dw05;dw06;dw07;dw08,dw00;dw01;dw02;dw03;dw04;dw05;dw06;dw07;dw08,,90,1,2026-08-30T19:08:26.794+0200,dw04,0F85,204,781,2,-432,650,2.95,62255
ground-height-2m-20260828-133428,d008m_r270_run01.csv,2,8,270,dw00;dw01;dw02;dw03;dw04;dw05;dw06;dw07;dw08,dw00;dw01;dw02;dw03;dw04;dw05;dw06;dw07;dw08,,105,1,2026-08-30T19:08:26.804+0200,dw05,4B92,83,782,41,-245,742,2.95,72265
ground-height-2m-20260828-133428,d008m_r270_run01.csv,2,8,270,dw00;dw01;dw02;dw03;dw04;dw05;dw06;dw07;dw08,dw00;dw01;dw02;dw03;dw04;dw05;dw06;dw07;dw08,,125,1,2026-08-30T19:08:26.814+0200,dw06,0789,127,786,80,-57,784,2.95,82275
ground-height-2m-20260828-133428,d008m_r270_run01.csv,2,8,270,dw00;dw01;dw02;dw03;dw04;dw05;dw06;dw07;dw08,dw00;dw01;dw02;dw03;dw04;dw05;dw06;dw07;dw08,,35,1,2026-08-30T19:08:26.874+0200,dw01,1729,238,789,-123,698,368,3.06,42297
ground-height-2m-20260828-133428,d008m_r270_run01.csv,2,8,270,dw00;dw01;dw02;dw03;dw04;dw05;dw06;dw07;dw08,dw00;dw01;dw02;dw03;dw04;dw05;dw06;dw07;dw08,,55,1,2026-08-30T19:08:26.884+0200,dw02,8FB0,12,788,-87,788,0,1.93,52368
ground-height-2m-20260828-133428,d008m_r270_run01.csv,2,8,270,dw00;dw01;dw02;dw03;dw04;dw05;dw06;dw07;dw08,dw00;dw01;dw02;dw03;dw04;dw05;dw06;dw07;dw08,,145,1,2026-08-30T19:08:26.924+0200,dw07,5783,248,784,133,196,759,3.33,2147483
ground-height-2m-20260828-133428,d008m_r270_run01.csv,2,8,270,dw00;dw01;dw02;dw03;dw04;dw05;dw06;dw07;dw08,dw00;dw01;dw02;dw03;dw04;dw05;dw06;dw07;dw08,,75,1,2026-08-30T19:08:26.943+0200,dw03,021B,227,774,-34,-606,481,2.08,12268
ground-height-2m-20260828-133428,d008m_r270_run01.csv,2,8,270,dw00;dw01;dw02;dw03;dw04;dw05;dw06;dw07;dw08,dw00;dw01;dw02;dw03;dw04;dw05;dw06;dw07;dw08,,165,1,2026-08-30T19:08:26.953+0200,dw08,028E,1,783,153,290,727,3.63,22277
ground-height-2m-20260828-133428,d008m_r270_run01.csv,2,8,270,dw00;dw01;dw02;dw03;dw04;dw05;dw06;dw07;dw08,dw00;dw01;dw02;dw03;dw04;dw05;dw06;dw07;dw08,,15,1,2026-08-30T19:08:26.964+0200,dw00,8103,183,803,-163,512,619,2.83,32257
ground-height-2m-20260828-133428,d008m_r270_run01.csv,2,8,270,dw00;dw01;dw02;dw03;dw04;dw05;dw06;dw07;dw08,dw00;dw01;dw02;dw03;dw04;dw05;dw06;dw07;dw08,,90,1,2026-08-30T19:08:26.993+0200,dw04,0F85,205,783,3,-429,654,3.06,62255
ground-height-2m-20260828-133428,d008m_r270_run01.csv,2,8,270,dw00;dw01;dw02;dw03;dw04;dw05;dw06;dw07;dw08,dw00;dw01;dw02;dw03;dw04;dw05;dw06;dw07;dw08,,105,1,2026-08-30T19:08:27.004+0200,dw05,4B92,84,786,42,-243,748,2.95,72204
ground-height-2m-20260828-133428,d008m_r270_run01.csv,2,8,270,dw00;dw01;dw02;dw03;dw04;dw05;dw06;dw07;dw08,dw00;dw01;dw02;dw03;dw04;dw05;dw06;dw07;dw08,,125,1,2026-08-30T19:08:27.014+0200,dw06,0789,128,784,76,-78,780,3.01,82275
ground-height-2m-20260828-133428,d008m_r270_run01.csv,2,8,270,dw00;dw01;dw02;dw03;dw04;dw05;dw06;dw07;dw08,dw00;dw01;dw02;dw03;dw04;dw05;dw06;dw07;dw08,,35,1,2026-08-30T19:08:27.073+0200,dw01,1729,239,790,-121,709,348,3.06,42327
ground-height-2m-20260828-133428,d008m_r270_run01.csv,2,8,270,dw00;dw01;dw02;dw03;dw04;dw05;dw06;dw07;dw08,dw00;dw01;dw02;dw03;dw04;dw05;dw06;dw07;dw08,,55,1,2026-08-30T19:08:27.084+0200,dw02,8FB0,13,786,-86,-786,0,1.81,52368
ground-height-2m-20260828-133428,d008m_r270_run01.csv,2,8,270,dw00;dw01;dw02;dw03;dw04;dw05;dw06;dw07;dw08,dw00;dw01;dw02;dw03;dw04;dw05;dw06;dw07;dw08,,145,1,2026-08-30T19:08:27.124+0200,dw07,5783,249,780,123,145,766,3.57,2147483
ground-height-2m-20260828-133428,d008m_r270_run01.csv,2,8,270,dw00;dw01;dw02;dw03;dw04;dw05;dw06;dw07;dw08,dw00;dw01;dw02;dw03;dw04;dw05;dw06;dw07;dw08,,75,1,2026-08-30T19:08:27.144+0200,dw03,021B,228,770,-36,-615,463,1.99,12298
ground-height-2m-20260828-133428,d008m_r270_run01.csv,2,8,270,dw00;dw01;dw02;dw03;dw04;dw05;dw06;dw07;dw08,dw00;dw01;dw02;dw03;dw04;dw05;dw06;dw07;dw08,,165,1,2026-08-30T19:08:27.153+0200,dw08,028E,2,782,156,304,721,3.72,22277
ground-height-2m-20260828-133428,d008m_r270_run01.csv,2,8,270,dw00;dw01;dw02;dw03;dw04;dw05;dw06;dw07;dw08,dw00;dw01;dw02;dw03;dw04;dw05;dw06;dw07;dw08,,15,1,2026-08-30T19:08:27.163+0200,dw00,8103,184,802,-170,475,646,2.77,32257
ground-height-2m-20260828-133428,d008m_r270_run01.csv,2,8,270,dw00;dw01;dw02;dw03;dw04;dw05;dw06;dw07;dw08,dw00;dw01;dw02;dw03;dw04;dw05;dw06;dw07;dw08,,90,1,2026-08-30T19:08:27.193+0200,dw04,0F85,206,781,4,-425,655,3.06,62255
ground-height-2m-20260828-133428,d008m_r270_run01.csv,2,8,270,dw00;dw01;dw02;dw03;dw04;dw05;dw06;dw07;dw08,dw00;dw01;dw02;dw03;dw04;dw05;dw06;dw07;dw08,,105,1,2026-08-30T19:08:27.203+0200,dw05,4B92,85,788,45,-229,753,3.01,72235
ground-height-2m-20260828-133428,d008m_r270_run01.csv,2,8,270,dw00;dw01;dw02;dw03;dw04;dw05;dw06;dw07;dw08,dw00;dw01;dw02;dw03;dw04;dw05;dw06;dw07;dw08,,125,1,2026-08-30T19:08:27.214+0200,dw06,0789,129,785,80,-59,782,3.06,82275
ground-height-2m-20260828-133428,d008m_r270_run01.csv,2,8,270,dw00;dw01;dw02;dw03;dw04;dw05;dw06;dw07;dw08,dw00;dw01;dw02;dw03;dw04;dw05;dw06;dw07;dw08,,35,1,2026-08-30T19:08:27.273+0200,dw01,1729,240,791,-125,690,387,3.01,42327
ground-height-2m-20260828-133428,d008m_r270_run01.csv,2,8,270,dw00;dw01;dw02;dw03;dw04;dw05;dw06;dw07;dw08,dw00;dw01;dw02;dw03;dw04;dw05;dw06;dw07;dw08,,55,1,2026-08-30T19:08:27.283+0200,dw02,8FB0,14,787,-82,-787,0,1.87,52429
ground-height-2m-20260828-133428,d008m_r270_run01.csv,2,8,270,dw00;dw01;dw02;dw03;dw04;dw05;dw06;dw07;dw08,dw00;dw01;dw02;dw03;dw04;dw05;dw06;dw07;dw08,,145,1,2026-08-30T19:08:27.323+0200,dw07,5783,250,784,126,164,766,3.51,2147483
ground-height-2m-20260828-133428,d008m_r270_run01.csv,2,8,270,dw00;dw01;dw02;dw03;dw04;dw05;dw06;dw07;dw08,dw00;dw01;dw02;dw03;dw04;dw05;dw06;dw07;dw08,,75,1,2026-08-30T19:08:27.344+0200,dw03,021B,229,773,-40,-635,440,2.02,12268
ground-height-2m-20260828-133428,d008m_r270_run01.csv,2,8,270,dw00;dw01;dw02;dw03;dw04;dw05;dw06;dw07;dw08,dw00;dw01;dw02;dw03;dw04;dw05;dw06;dw07;dw08,,165,1,2026-08-30T19:08:27.353+0200,dw08,028E,3,782,155,302,722,3.51,22277
ground-height-2m-20260828-133428,d008m_r270_run01.csv,2,8,270,dw00;dw01;dw02;dw03;dw04;dw05;dw06;dw07;dw08,dw00;dw01;dw02;dw03;dw04;dw05;dw06;dw07;dw08,,15,1,2026-08-30T19:08:27.363+0200,dw00,8103,185,803,-163,515,617,2.83,32257
ground-height-2m-20260828-133428,d008m_r270_run01.csv,2,8,270,dw00;dw01;dw02;dw03;dw04;dw05;dw06;dw07;dw08,dw00;dw01;dw02;dw03;dw04;dw05;dw06;dw07;dw08,,90,1,2026-08-30T19:08:27.394+0200,dw04,0F85,207,782,4,-425,656,3.09,62255
ground-height-2m-20260828-133428,d008m_r270_run01.csv,2,8,270,dw00;dw01;dw02;dw03;dw04;dw05;dw06;dw07;dw08,dw00;dw01;dw02;dw03;dw04;dw05;dw06;dw07;dw08,,105,1,2026-08-30T19:08:27.403+0200,dw05,4B92,86,785,39,-258,741,2.89,72265
ground-height-2m-20260828-133428,d008m_r270_run01.csv,2,8,270,dw00;dw01;dw02;dw03;dw04;dw05;dw06;dw07;dw08,dw00;dw01;dw02;dw03;dw04;dw05;dw06;dw07;dw08,,125,1,2026-08-30T19:08:27.413+0200,dw06,0789,130,784,84,-42,783,3.01,82275
ground-height-2m-20260828-133428,d008m_r270_run01.csv,2,8,270,dw00;dw01;dw02;dw03;dw04;dw05;dw06;dw07;dw08,dw00;dw01;dw02;dw03;dw04;dw05;dw06;dw07;dw08,,35,1,2026-08-30T19:08:27.474+0200,dw01,1729,241,794,-129,673,421,3.09,42297
ground-height-2m-20260828-133428,d008m_r270_run01.csv,2,8,270,dw00;dw01;dw02;dw03;dw04;dw05;dw06;dw07;dw08,dw00;dw01;dw02;dw03;dw04;dw05;dw06;dw07;dw08,,55,1,2026-08-30T19:08:27.483+0200,dw02,8FB0,15,783,-86,-783,0,1.93,52398
ground-height-2m-20260828-133428,d008m_r270_run01.csv,2,8,270,dw00;dw01;dw02;dw03;dw04;dw05;dw06;dw07;dw08,dw00;dw01;dw02;dw03;dw04;dw05;dw06;dw07;dw08,,145,1,2026-08-30T19:08:27.523+0200,dw07,5783,251,783,126,162,766,3.57,2147483
ground-height-2m-20260828-133428,d008m_r270_run01.csv,2,8,270,dw00;dw01;dw02;dw03;dw04;dw05;dw06;dw07;dw08,dw00;dw01;dw02;dw03;dw04;dw05;dw06;dw07;dw08,,75,1,2026-08-30T19:08:27.544+0200,dw03,021B,230,768,-40,-631,438,2.02,12298
ground-height-2m-20260828-133428,d008m_r270_run01.csv,2,8,270,dw00;dw01;dw02;dw03;dw04;dw05;dw06;dw07;dw08,dw00;dw01;dw02;dw03;dw04;dw05;dw06;dw07;dw08,,165,1,2026-08-30T19:08:27.554+0200,dw08,028E,4,781,146,256,738,3.45,22277
ground-height-2m-20260828-133428,d008m_r270_run01.csv,2,8,270,dw00;dw01;dw02;dw03;dw04;dw05;dw06;dw07;dw08,dw00;dw01;dw02;dw03;dw04;dw05;dw06;dw07;dw08,,15,1,2026-08-30T19:08:27.563+0200,dw00,8103,186,802,-162,519,611,2.71,32257
ground-height-2m-20260828-133428,d008m_r270_run01.csv,2,8,270,dw00;dw01;dw02;dw03;dw04;dw05;dw06;dw07;dw08,dw00;dw01;dw02;dw03;dw04;dw05;dw06;dw07;dw08,,90,1,2026-08-30T19:08:27.594+0200,dw04,0F85,208,782,6,-417,662,3.01,62255
ground-height-2m-20260828-133428,d008m_r270_run01.csv,2,8,270,dw00;dw01;dw02;dw03;dw04;dw05;dw06;dw07;dw08,dw00;dw01;dw02;dw03;dw04;dw05;dw06;dw07;dw08,,105,1,2026-08-30T19:08:27.603+0200,dw05,4B92,87,787,39,-258,743,3.01,72265
ground-height-2m-20260828-133428,d008m_r270_run01.csv,2,8,270,dw00;dw01;dw02;dw03;dw04;dw05;dw06;dw07;dw08,dw00;dw01;dw02;dw03;dw04;dw05;dw06;dw07;dw08,,125,1,2026-08-30T19:08:27.613+0200,dw06,0789,131,788,86,-32,787,3.01,82275
ground-height-2m-20260828-133428,d008m_r270_run01.csv,2,8,270,dw00;dw01;dw02;dw03;dw04;dw05;dw06;dw07;dw08,dw00;dw01;dw02;dw03;dw04;dw05;dw06;dw07;dw08,,35,1,2026-08-30T19:08:27.674+0200,dw01,1729,242,788,-117,726,305,3.06,42358
ground-height-2m-20260828-133428,d008m_r270_run01.csv,2,8,270,dw00;dw01;dw02;dw03;dw04;dw05;dw06;dw07;dw08,dw00;dw01;dw02;dw03;dw04;dw05;dw06;dw07;dw08,,55,1,2026-08-30T19:08:27.684+0200,dw02,8FB0,16,785,-92,785,0,1.99,52368
ground-height-2m-20260828-133428,d008m_r270_run01.csv,2,8,270,dw00;dw01;dw02;dw03;dw04;dw05;dw06;dw07;dw08,dw00;dw01;dw02;dw03;dw04;dw05;dw06;dw07;dw08,,145,1,2026-08-30T19:08:27.724+0200,dw07,5783,252,785,129,178,764,3.45,2147483
ground-height-2m-20260828-133428,d008m_r270_run01.csv,2,8,270,dw00;dw01;dw02;dw03;dw04;dw05;dw06;dw07;dw08,dw00;dw01;dw02;dw03;dw04;dw05;dw06;dw07;dw08,,75,1,2026-08-30T19:08:27.743+0200,dw03,021B,231,768,-41,-637,429,2.02,12268
ground-height-2m-20260828-133428,d008m_r270_run01.csv,2,8,270,dw00;dw01;dw02;dw03;dw04;dw05;dw06;dw07;dw08,dw00;dw01;dw02;dw03;dw04;dw05;dw06;dw07;dw08,,165,1,2026-08-30T19:08:27.753+0200,dw08,028E,5,784,142,241,746,3.57,22277
ground-height-2m-20260828-133428,d008m_r270_run01.csv,2,8,270,dw00;dw01;dw02;dw03;dw04;dw05;dw06;dw07;dw08,dw00;dw01;dw02;dw03;dw04;dw05;dw06;dw07;dw08,,15,1,2026-08-30T19:08:27.764+0200,dw00,8103,187,801,-173,464,652,2.71,32257
ground-height-2m-20260828-133428,d008m_r270_run01.csv,2,8,270,dw00;dw01;dw02;dw03;dw04;dw05;dw06;dw07;dw08,dw00;dw01;dw02;dw03;dw04;dw05;dw06;dw07;dw08,,90,1,2026-08-30T19:08:27.793+0200,dw04,0F85,209,783,7,-412,666,3.01,62255
ground-height-2m-20260828-133428,d008m_r270_run01.csv,2,8,270,dw00;dw01;dw02;dw03;dw04;dw05;dw06;dw07;dw08,dw00;dw01;dw02;dw03;dw04;dw05;dw06;dw07;dw08,,105,1,2026-08-30T19:08:27.804+0200,dw05,4B92,88,783,38,-260,739,3.15,72265
ground-height-2m-20260828-133428,d008m_r270_run01.csv,2,8,270,dw00;dw01;dw02;dw03;dw04;dw05;dw06;dw07;dw08,dw00;dw01;dw02;dw03;dw04;dw05;dw06;dw07;dw08,,125,1,2026-08-30T19:08:27.813+0200,dw06,0789,132,785,85,-35,784,2.95,82275
ground-height-2m-20260828-133428,d008m_r270_run01.csv,2,8,270,dw00;dw01;dw02;dw03;dw04;dw05;dw06;dw07;dw08,dw00;dw01;dw02;dw03;dw04;dw05;dw06;dw07;dw08,,35,1,2026-08-30T19:08:27.873+0200,dw01,1729,243,792,-126,685,397,3.06,42327
ground-height-2m-20260828-133428,d008m_r270_run01.csv,2,8,270,dw00;dw01;dw02;dw03;dw04;dw05;dw06;dw07;dw08,dw00;dw01;dw02;dw03;dw04;dw05;dw06;dw07;dw08,,55,1,2026-08-30T19:08:27.884+0200,dw02,8FB0,17,785,-82,-785,0,1.99,52368
ground-height-2m-20260828-133428,d008m_r270_run01.csv,2,8,270,dw00;dw01;dw02;dw03;dw04;dw05;dw06;dw07;dw08,dw00;dw01;dw02;dw03;dw04;dw05;dw06;dw07;dw08,,145,1,2026-08-30T19:08:27.924+0200,dw07,5783,253,780,129,176,759,3.45,2147483
ground-height-2m-20260828-133428,d008m_r270_run01.csv,2,8,270,dw00;dw01;dw02;dw03;dw04;dw05;dw06;dw07;dw08,dw00;dw01;dw02;dw03;dw04;dw05;dw06;dw07;dw08,,75,1,2026-08-30T19:08:27.943+0200,dw03,021B,232,774,-35,-613,473,2.08,12298
ground-height-2m-20260828-133428,d008m_r270_run01.csv,2,8,270,dw00;dw01;dw02;dw03;dw04;dw05;dw06;dw07;dw08,dw00;dw01;dw02;dw03;dw04;dw05;dw06;dw07;dw08,,165,1,2026-08-30T19:08:27.953+0200,dw08,028E,6,783,152,287,729,3.51,22308
ground-height-2m-20260828-133428,d008m_r270_run01.csv,2,8,270,dw00;dw01;dw02;dw03;dw04;dw05;dw06;dw07;dw08,dw00;dw01;dw02;dw03;dw04;dw05;dw06;dw07;dw08,,15,1,2026-08-30T19:08:27.963+0200,dw00,8103,188,805,-167,491,637,2.83,32287
ground-height-2m-20260828-133428,d008m_r270_run01.csv,2,8,270,dw00;dw01;dw02;dw03;dw04;dw05;dw06;dw07;dw08,dw00;dw01;dw02;dw03;dw04;dw05;dw06;dw07;dw08,,90,1,2026-08-30T19:08:27.993+0200,dw04,0F85,210,786,6,-419,664,3.06,62255
ground-height-2m-20260828-133428,d008m_r270_run01.csv,2,8,270,dw00;dw01;dw02;dw03;dw04;dw05;dw06;dw07;dw08,dw00;dw01;dw02;dw03;dw04;dw05;dw06;dw07;dw08,,105,1,2026-08-30T19:08:28.003+0200,dw05,4B92,89,788,41,-249,748,2.95,72235
ground-height-2m-20260828-133428,d008m_r270_run01.csv,2,8,270,dw00;dw01;dw02;dw03;dw04;dw05;dw06;dw07;dw08,dw00;dw01;dw02;dw03;dw04;dw05;dw06;dw07;dw08,,125,1,2026-08-30T19:08:28.014+0200,dw06,0789,133,785,84,-42,784,3.06,82305
ground-height-2m-20260828-133428,d008m_r270_run01.csv,2,8,270,dw00;dw01;dw02;dw03;dw04;dw05;dw06;dw07;dw08,dw00;dw01;dw02;dw03;dw04;dw05;dw06;dw07;dw08,,35,1,2026-08-30T19:08:28.073+0200,dw01,1729,244,791,-124,692,382,3.09,42327
ground-height-2m-20260828-133428,d008m_r270_run01.csv,2,8,270,dw00;dw01;dw02;dw03;dw04;dw05;dw06;dw07;dw08,dw00;dw01;dw02;dw03;dw04;dw05;dw06;dw07;dw08,,55,1,2026-08-30T19:08:28.083+0200,dw02,8FB0,18,788,-85,-788,0,1.93,52368
ground-height-2m-20260828-133428,d008m_r270_run01.csv,2,8,270,dw00;dw01;dw02;dw03;dw04;dw05;dw06;dw07;dw08,dw00;dw01;dw02;dw03;dw04;dw05;dw06;dw07;dw08,,145,1,2026-08-30T19:08:28.123+0200,dw07,5783,254,782,125,155,766,3.45,2147483
ground-height-2m-20260828-133428,d008m_r270_run01.csv,2,8,270,dw00;dw01;dw02;dw03;dw04;dw05;dw06;dw07;dw08,dw00;dw01;dw02;dw03;dw04;dw05;dw06;dw07;dw08,,75,1,2026-08-30T19:08:28.143+0200,dw03,021B,233,773,-35,-612,472,2.08,12298
ground-height-2m-20260828-133428,d008m_r270_run01.csv,2,8,270,dw00;dw01;dw02;dw03;dw04;dw05;dw06;dw07;dw08,dw00;dw01;dw02;dw03;dw04;dw05;dw06;dw07;dw08,,165,1,2026-08-30T19:08:28.153+0200,dw08,028E,7,785,163,343,706,3.45,22247
ground-height-2m-20260828-133428,d008m_r270_run01.csv,2,8,270,dw00;dw01;dw02;dw03;dw04;dw05;dw06;dw07;dw08,dw00;dw01;dw02;dw03;dw04;dw05;dw06;dw07;dw08,,15,1,2026-08-30T19:08:28.163+0200,dw00,8103,189,804,-165,505,626,2.71,32257
ground-height-2m-20260828-133428,d008m_r270_run01.csv,2,8,270,dw00;dw01;dw02;dw03;dw04;dw05;dw06;dw07;dw08,dw00;dw01;dw02;dw03;dw04;dw05;dw06;dw07;dw08,,90,1,2026-08-30T19:08:28.193+0200,dw04,0F85,211,781,6,-417,660,3.06,62255
ground-height-2m-20260828-133428,d008m_r270_run01.csv,2,8,270,dw00;dw01;dw02;dw03;dw04;dw05;dw06;dw07;dw08,dw00;dw01;dw02;dw03;dw04;dw05;dw06;dw07;dw08,,105,1,2026-08-30T19:08:28.203+0200,dw05,4B92,90,786,39,-258,743,3.01,72265
ground-height-2m-20260828-133428,d008m_r270_run01.csv,2,8,270,dw00;dw01;dw02;dw03;dw04;dw05;dw06;dw07;dw08,dw00;dw01;dw02;dw03;dw04;dw05;dw06;dw07;dw08,,125,1,2026-08-30T19:08:28.213+0200,dw06,0789,134,786,83,-44,785,3.01,82275
ground-height-2m-20260828-133428,d008m_r270_run01.csv,2,8,270,dw00;dw01;dw02;dw03;dw04;dw05;dw06;dw07;dw08,dw00;dw01;dw02;dw03;dw04;dw05;dw06;dw07;dw08,,35,1,2026-08-30T19:08:28.273+0200,dw01,1729,245,789,-123,697,369,3.06,42327
ground-height-2m-20260828-133428,d008m_r270_run01.csv,2,8,270,dw00;dw01;dw02;dw03;dw04;dw05;dw06;dw07;dw08,dw00;dw01;dw02;dw03;dw04;dw05;dw06;dw07;dw08,,55,1,2026-08-30T19:08:28.283+0200,dw02,8FB0,19,783,-87,783,0,1.99,52429
ground-height-2m-20260828-133428,d008m_r270_run01.csv,2,8,270,dw00;dw01;dw02;dw03;dw04;dw05;dw06;dw07;dw08,dw00;dw01;dw02;dw03;dw04;dw05;dw06;dw07;dw08,,145,1,2026-08-30T19:08:28.323+0200,dw07,5783,255,784,127,167,766,3.45,2147483
ground-height-2m-20260828-133428,d008m_r270_run01.csv,2,8,270,dw00;dw01;dw02;dw03;dw04;dw05;dw06;dw07;dw08,dw00;dw01;dw02;dw03;dw04;dw05;dw06;dw07;dw08,,75,1,2026-08-30T19:08:28.343+0200,dw03,021B,234,771,-37,-620,458,2.08,12268
ground-height-2m-20260828-133428,d008m_r270_run01.csv,2,8,270,dw00;dw01;dw02;dw03;dw04;dw05;dw06;dw07;dw08,dw00;dw01;dw02;dw03;dw04;dw05;dw06;dw07;dw08,,165,1,2026-08-30T19:08:28.353+0200,dw08,028E,8,783,152,287,729,3.45,22277
ground-height-2m-20260828-133428,d008m_r270_run01.csv,2,8,270,dw00;dw01;dw02;dw03;dw04;dw05;dw06;dw07;dw08,dw00;dw01;dw02;dw03;dw04;dw05;dw06;dw07;dw08,,15,1,2026-08-30T19:08:28.363+0200,dw00,8103,190,804,-165,502,628,2.71,32226
ground-height-2m-20260828-133428,d008m_r270_run01.csv,2,8,270,dw00;dw01;dw02;dw03;dw04;dw05;dw06;dw07;dw08,dw00;dw01;dw02;dw03;dw04;dw05;dw06;dw07;dw08,,90,1,2026-08-30T19:08:28.393+0200,dw04,0F85,212,784,3,-432,654,3.01,62255
ground-height-2m-20260828-133428,d008m_r270_run01.csv,2,8,270,dw00;dw01;dw02;dw03;dw04;dw05;dw06;dw07;dw08,dw00;dw01;dw02;dw03;dw04;dw05;dw06;dw07;dw08,,105,1,2026-08-30T19:08:28.403+0200,dw05,4B92,91,785,36,-274,736,2.95,72235
ground-height-2m-20260828-133428,d008m_r270_run01.csv,2,8,270,dw00;dw01;dw02;dw03;dw04;dw05;dw06;dw07;dw08,dw00;dw01;dw02;dw03;dw04;dw05;dw06;dw07;dw08,,125,1,2026-08-30T19:08:28.413+0200,dw06,0789,135,782,80,-59,780,3.06,82275
ground-height-2m-20260828-133428,d008m_r270_run01.csv,2,8,270,dw00;dw01;dw02;dw03;dw04;dw05;dw06;dw07;dw08,dw00;dw01;dw02;dw03;dw04;dw05;dw06;dw07;dw08,,35,1,2026-08-30T19:08:28.473+0200,dw01,1729,246,789,-122,701,363,3.06,42327
ground-height-2m-20260828-133428,d008m_r270_run01.csv,2,8,270,dw00;dw01;dw02;dw03;dw04;dw05;dw06;dw07;dw08,dw00;dw01;dw02;dw03;dw04;dw05;dw06;dw07;dw08,,55,1,2026-08-30T19:08:28.483+0200,dw02,8FB0,20,785,-86,-785,0,1.99,52368
ground-height-2m-20260828-133428,d008m_r270_run01.csv,2,8,270,dw00;dw01;dw02;dw03;dw04;dw05;dw06;dw07;dw08,dw00;dw01;dw02;dw03;dw04;dw05;dw06;dw07;dw08,,145,1,2026-08-30T19:08:28.523+0200,dw07,5783,0,787,125,159,770,3.51,2147483
ground-height-2m-20260828-133428,d008m_r270_run01.csv,2,8,270,dw00;dw01;dw02;dw03;dw04;dw05;dw06;dw07;dw08,dw00;dw01;dw02;dw03;dw04;dw05;dw06;dw07;dw08,,75,1,2026-08-30T19:08:28.543+0200,dw03,021B,235,769,-38,-622,452,2.02,12268
ground-height-2m-20260828-133428,d008m_r270_run01.csv,2,8,270,dw00;dw01;dw02;dw03;dw04;dw05;dw06;dw07;dw08,dw00;dw01;dw02;dw03;dw04;dw05;dw06;dw07;dw08,,165,1,2026-08-30T19:08:28.553+0200,dw08,028E,9,789,150,280,737,3.45,22308
ground-height-2m-20260828-133428,d008m_r270_run01.csv,2,8,270,dw00;dw01;dw02;dw03;dw04;dw05;dw06;dw07;dw08,dw00;dw01;dw02;dw03;dw04;dw05;dw06;dw07;dw08,,15,1,2026-08-30T19:08:28.563+0200,dw00,8103,191,806,-167,492,638,2.71,32287
ground-height-2m-20260828-133428,d008m_r270_run01.csv,2,8,270,dw00;dw01;dw02;dw03;dw04;dw05;dw06;dw07;dw08,dw00;dw01;dw02;dw03;dw04;dw05;dw06;dw07;dw08,,90,1,2026-08-30T19:08:28.593+0200,dw04,0F85,213,781,5,-418,660,3.06,62255
ground-height-2m-20260828-133428,d008m_r270_run01.csv,2,8,270,dw00;dw01;dw02;dw03;dw04;dw05;dw06;dw07;dw08,dw00;dw01;dw02;dw03;dw04;dw05;dw06;dw07;dw08,,105,1,2026-08-30T19:08:28.603+0200,dw05,4B92,92,787,40,-255,745,3.01,72235
ground-height-2m-20260828-133428,d008m_r270_run01.csv,2,8,270,dw00;dw01;dw02;dw03;dw04;dw05;dw06;dw07;dw08,dw00;dw01;dw02;dw03;dw04;dw05;dw06;dw07;dw08,,125,1,2026-08-30T19:08:28.613+0200,dw06,0789,136,784,86,-28,783,3.09,82275
ground-height-2m-20260828-133428,d008m_r270_run01.csv,2,8,270,dw00;dw01;dw02;dw03;dw04;dw05;dw06;dw07;dw08,dw00;dw01;dw02;dw03;dw04;dw05;dw06;dw07;dw08,,35,1,2026-08-30T19:08:28.673+0200,dw01,1729,247,787,-125,688,382,3.06,42327
ground-height-2m-20260828-133428,d008m_r270_run01.csv,2,8,270,dw00;dw01;dw02;dw03;dw04;dw05;dw06;dw07;dw08,dw00;dw01;dw02;dw03;dw04;dw05;dw06;dw07;dw08,,55,1,2026-08-30T19:08:28.683+0200,dw02,8FB0,21,786,-86,-786,0,2.02,52368
ground-height-2m-20260828-133428,d008m_r270_run01.csv,2,8,270,dw00;dw01;dw02;dw03;dw04;dw05;dw06;dw07;dw08,dw00;dw01;dw02;dw03;dw04;dw05;dw06;dw07;dw08,,145,1,2026-08-30T19:08:28.723+0200,dw07,5783,1,786,122,145,772,3.45,2147483
ground-height-2m-20260828-133428,d008m_r270_run01.csv,2,8,270,dw00;dw01;dw02;dw03;dw04;dw05;dw06;dw07;dw08,dw00;dw01;dw02;dw03;dw04;dw05;dw06;dw07;dw08,,75,1,2026-08-30T19:08:28.743+0200,dw03,021B,236,772,-39,-631,445,2.08,12268
ground-height-2m-20260828-133428,d008m_r270_run01.csv,2,8,270,dw00;dw01;dw02;dw03;dw04;dw05;dw06;dw07;dw08,dw00;dw01;dw02;dw03;dw04;dw05;dw06;dw07;dw08,,165,1,2026-08-30T19:08:28.753+0200,dw08,028E,10,784,151,284,730,3.51,22277
ground-height-2m-20260828-133428,d008m_r270_run01.csv,2,8,270,dw00;dw01;dw02;dw03;dw04;dw05;dw06;dw07;dw08,dw00;dw01;dw02;dw03;dw04;dw05;dw06;dw07;dw08,,15,1,2026-08-30T19:08:28.762+0200,dw00,8103,192,802,-167,494,632,2.83,32226
ground-height-2m-20260828-133428,d008m_r270_run01.csv,2,8,270,dw00;dw01;dw02;dw03;dw04;dw05;dw06;dw07;dw08,dw00;dw01;dw02;dw03;dw04;dw05;dw06;dw07;dw08,,90,1,2026-08-30T19:08:28.793+0200,dw04,0F85,214,782,2,-434,650,2.95,62255
ground-height-2m-20260828-133428,d008m_r270_run01.csv,2,8,270,dw00;dw01;dw02;dw03;dw04;dw05;dw06;dw07;dw08,dw00;dw01;dw02;dw03;dw04;dw05;dw06;dw07;dw08,,105,1,2026-08-30T19:08:28.803+0200,dw05,4B92,93,782,43,-239,745,2.83,72235
ground-height-2m-20260828-133428,d008m_r270_run01.csv,2,8,270,dw00;dw01;dw02;dw03;dw04;dw05;dw06;dw07;dw08,dw00;dw01;dw02;dw03;dw04;dw05;dw06;dw07;dw08,,125,1,2026-08-30T19:08:28.813+0200,dw06,0789,137,784,86,-31,784,3.06,82305
ground-height-2m-20260828-133428,d008m_r270_run01.csv,2,8,270,dw00;dw01;dw02;dw03;dw04;dw05;dw06;dw07;dw08,dw00;dw01;dw02;dw03;dw04;dw05;dw06;dw07;dw08,,35,1,2026-08-30T19:08:28.873+0200,dw01,1729,248,791,-128,677,410,3.09,42327
ground-height-2m-20260828-133428,d008m_r270_run01.csv,2,8,270,dw00;dw01;dw02;dw03;dw04;dw05;dw06;dw07;dw08,dw00;dw01;dw02;dw03;dw04;dw05;dw06;dw07;dw08,,55,1,2026-08-30T19:08:28.883+0200,dw02,8FB0,22,784,-83,-784,0,1.99,52368
ground-height-2m-20260828-133428,d008m_r270_run01.csv,2,8,270,dw00;dw01;dw02;dw03;dw04;dw05;dw06;dw07;dw08,dw00;dw01;dw02;dw03;dw04;dw05;dw06;dw07;dw08,,145,1,2026-08-30T19:08:28.923+0200,dw07,5783,2,785,128,173,765,3.45,2147483
ground-height-2m-20260828-133428,d008m_r270_run01.csv,2,8,270,dw00;dw01;dw02;dw03;dw04;dw05;dw06;dw07;dw08,dw00;dw01;dw02;dw03;dw04;dw05;dw06;dw07;dw08,,75,1,2026-08-30T19:08:28.943+0200,dw03,021B,237,766,-40,-630,436,2.08,12298
ground-height-2m-20260828-133428,d008m_r270_run01.csv,2,8,270,dw00;dw01;dw02;dw03;dw04;dw05;dw06;dw07;dw08,dw00;dw01;dw02;dw03;dw04;dw05;dw06;dw07;dw08,,165,1,2026-08-30T19:08:28.953+0200,dw08,028E,11,784,150,278,733,3.45,22277
ground-height-2m-20260828-133428,d008m_r270_run01.csv,2,8,270,dw00;dw01;dw02;dw03;dw04;dw05;dw06;dw07;dw08,dw00;dw01;dw02;dw03;dw04;dw05;dw06;dw07;dw08,,15,1,2026-08-30T19:08:28.963+0200,dw00,8103,193,802,-171,472,648,2.77,32257
ground-height-2m-20260828-133428,d008m_r270_run01.csv,2,8,270,dw00;dw01;dw02;dw03;dw04;dw05;dw06;dw07;dw08,dw00;dw01;dw02;dw03;dw04;dw05;dw06;dw07;dw08,,90,1,2026-08-30T19:08:28.993+0200,dw04,0F85,215,785,1,-443,647,3.06,62255
ground-height-2m-20260828-133428,d008m_r270_run01.csv,2,8,270,dw00;dw01;dw02;dw03;dw04;dw05;dw06;dw07;dw08,dw00;dw01;dw02;dw03;dw04;dw05;dw06;dw07;dw08,,105,1,2026-08-30T19:08:29.003+0200,dw05,4B92,94,788,41,-250,747,2.89,72235
ground-height-2m-20260828-133428,d008m_r270_run01.csv,2,8,270,dw00;dw01;dw02;dw03;dw04;dw05;dw06;dw07;dw08,dw00;dw01;dw02;dw03;dw04;dw05;dw06;dw07;dw08,,125,1,2026-08-30T19:08:29.012+0200,dw06,0789,138,785,81,-54,783,3.06,82275
ground-height-2m-20260828-133428,d008m_r270_run01.csv,2,8,270,dw00;dw01;dw02;dw03;dw04;dw05;dw06;dw07;dw08,dw00;dw01;dw02;dw03;dw04;dw05;dw06;dw07;dw08,,35,1,2026-08-30T19:08:29.073+0200,dw01,1729,249,790,-121,708,349,3.09,42358
ground-height-2m-20260828-133428,d008m_r270_run01.csv,2,8,270,dw00;dw01;dw02;dw03;dw04;dw05;dw06;dw07;dw08,dw00;dw01;dw02;dw03;dw04;dw05;dw06;dw07;dw08,,55,1,2026-08-30T19:08:29.083+0200,dw02,8FB0,23,784,-82,-784,0,1.93,52368
ground-height-2m-20260828-133428,d008m_r270_run01.csv,2,8,270,dw00;dw01;dw02;dw03;dw04;dw05;dw06;dw07;dw08,dw00;dw01;dw02;dw03;dw04;dw05;dw06;dw07;dw08,,145,1,2026-08-30T19:08:29.123+0200,dw07,5783,3,783,126,163,766,3.45,2147483
ground-height-2m-20260828-133428,d008m_r270_run01.csv,2,8,270,dw00;dw01;dw02;dw03;dw04;dw05;dw06;dw07;dw08,dw00;dw01;dw02;dw03;dw04;dw05;dw06;dw07;dw08,,75,1,2026-08-30T19:08:29.142+0200,dw03,021B,238,771,-30,-584,503,2.08,12237
ground-height-2m-20260828-133428,d008m_r270_run01.csv,2,8,270,dw00;dw01;dw02;dw03;dw04;dw05;dw06;dw07;dw08,dw00;dw01;dw02;dw03;dw04;dw05;dw06;dw07;dw08,,165,1,2026-08-30T19:08:29.153+0200,dw08,028E,12,784,155,304,722,3.51,22277
ground-height-2m-20260828-133428,d008m_r270_run01.csv,2,8,270,dw00;dw01;dw02;dw03;dw04;dw05;dw06;dw07;dw08,dw00;dw01;dw02;dw03;dw04;dw05;dw06;dw07;dw08,,15,1,2026-08-30T19:08:29.163+0200,dw00,8103,194,802,-166,498,629,2.77,32257
ground-height-2m-20260828-133428,d008m_r270_run01.csv,2,8,270,dw00;dw01;dw02;dw03;dw04;dw05;dw06;dw07;dw08,dw00;dw01;dw02;dw03;dw04;dw05;dw06;dw07;dw08,,90,1,2026-08-30T19:08:29.193+0200,dw04,0F85,216,781,7,-412,664,3.01,62255
ground-height-2m-20260828-133428,d008m_r270_run01.csv,2,8,270,dw00;dw01;dw02;dw03;dw04;dw05;dw06;dw07;dw08,dw00;dw01;dw02;dw03;dw04;dw05;dw06;dw07;dw08,,105,1,2026-08-30T19:08:29.203+0200,dw05,4B92,95,783,36,-273,734,3.01,72265
ground-height-2m-20260828-133428,d008m_r270_run01.csv,2,8,270,dw00;dw01;dw02;dw03;dw04;dw05;dw06;dw07;dw08,dw00;dw01;dw02;dw03;dw04;dw05;dw06;dw07;dw08,,125,1,2026-08-30T19:08:29.213+0200,dw06,0789,139,787,82,-48,786,3.01,82275
ground-height-2m-20260828-133428,d008m_r270_run01.csv,2,8,270,dw00;dw01;dw02;dw03;dw04;dw05;dw06;dw07;dw08,dw00;dw01;dw02;dw03;dw04;dw05;dw06;dw07;dw08,,35,1,2026-08-30T19:08:29.273+0200,dw01,1729,250,792,-122,707,358,3.06,42327
ground-height-2m-20260828-133428,d008m_r270_run01.csv,2,8,270,dw00;dw01;dw02;dw03;dw04;dw05;dw06;dw07;dw08,dw00;dw01;dw02;dw03;dw04;dw05;dw06;dw07;dw08,,55,1,2026-08-30T19:08:29.283+0200,dw02,8FB0,24,782,-83,-782,0,1.87,52398
ground-height-2m-20260828-133428,d008m_r270_run01.csv,2,8,270,dw00;dw01;dw02;dw03;dw04;dw05;dw06;dw07;dw08,dw00;dw01;dw02;dw03;dw04;dw05;dw06;dw07;dw08,,145,1,2026-08-30T19:08:29.323+0200,dw07,5783,4,786,122,142,773,3.45,2147483
ground-height-2m-20260828-133428,d008m_r270_run01.csv,2,8,270,dw00;dw01;dw02;dw03;dw04;dw05;dw06;dw07;dw08,dw00;dw01;dw02;dw03;dw04;dw05;dw06;dw07;dw08,,75,1,2026-08-30T19:08:29.342+0200,dw03,021B,239,774,-30,-588,503,2.08,12268
ground-height-2m-20260828-133428,d008m_r270_run01.csv,2,8,270,dw00;dw01;dw02;dw03;dw04;dw05;dw06;dw07;dw08,dw00;dw01;dw02;dw03;dw04;dw05;dw06;dw07;dw08,,165,1,2026-08-30T19:08:29.352+0200,dw08,028E,13,782,153,290,727,3.63,22308
ground-height-2m-20260828-133428,d008m_r270_run01.csv,2,8,270,dw00;dw01;dw02;dw03;dw04;dw05;dw06;dw07;dw08,dw00;dw01;dw02;dw03;dw04;dw05;dw06;dw07;dw08,,15,1,2026-08-30T19:08:29.363+0200,dw00,8103,195,806,-153,565,574,2.83,32287
ground-height-2m-20260828-133428,d008m_r270_run01.csv,2,8,270,dw00;dw01;dw02;dw03;dw04;dw05;dw06;dw07;dw08,dw00;dw01;dw02;dw03;dw04;dw05;dw06;dw07;dw08,,90,1,2026-08-30T19:08:29.392+0200,dw04,0F85,217,783,9,-403,671,3.06,62286
ground-height-2m-20260828-133428,d008m_r270_run01.csv,2,8,270,dw00;dw01;dw02;dw03;dw04;dw05;dw06;dw07;dw08,dw00;dw01;dw02;dw03;dw04;dw05;dw06;dw07;dw08,,105,1,2026-08-30T19:08:29.403+0200,dw05,4B92,96,786,37,-266,740,3.01,72235
ground-height-2m-20260828-133428,d008m_r270_run01.csv,2,8,270,dw00;dw01;dw02;dw03;dw04;dw05;dw06;dw07;dw08,dw00;dw01;dw02;dw03;dw04;dw05;dw06;dw07;dw08,,125,1,2026-08-30T19:08:29.413+0200,dw06,0789,140,785,85,-37,784,3.06,82305
ground-height-2m-20260828-133428,d008m_r270_run01.csv,2,8,270,dw00;dw01;dw02;dw03;dw04;dw05;dw06;dw07;dw08,dw00;dw01;dw02;dw03;dw04;dw05;dw06;dw07;dw08,,35,1,2026-08-30T19:08:29.472+0200,dw01,1729,251,789,-128,676,408,2.95,42297
ground-height-2m-20260828-133428,d008m_r270_run01.csv,2,8,270,dw00;dw01;dw02;dw03;dw04;dw05;dw06;dw07;dw08,dw00;dw01;dw02;dw03;dw04;dw05;dw06;dw07;dw08,,55,1,2026-08-30T19:08:29.483+0200,dw02,8FB0,25,784,-81,-784,0,1.93,52398
ground-height-2m-20260828-133428,d008m_r270_run01.csv,2,8,270,dw00;dw01;dw02;dw03;dw04;dw05;dw06;dw07;dw08,dw00;dw01;dw02;dw03;dw04;dw05;dw06;dw07;dw08,,145,1,2026-08-30T19:08:29.523+0200,dw07,5783,5,787,120,133,776,3.39,2147483
ground-height-2m-20260828-133428,d008m_r270_run01.csv,2,8,270,dw00;dw01;dw02;dw03;dw04;dw05;dw06;dw07;dw08,dw00;dw01;dw02;dw03;dw04;dw05;dw06;dw07;dw08,,75,1,2026-08-30T19:08:29.543+0200,dw03,021B,240,773,-32,-598,490,2.08,12268
ground-height-2m-20260828-133428,d008m_r270_run01.csv,2,8,270,dw00;dw01;dw02;dw03;dw04;dw05;dw06;dw07;dw08,dw00;dw01;dw02;dw03;dw04;dw05;dw06;dw07;dw08,,165,1,2026-08-30T19:08:29.552+0200,dw08,028E,14,783,157,312,718,3.51,22247
ground-height-2m-20260828-133428,d008m_r270_run01.csv,2,8,270,dw00;dw01;dw02;dw03;dw04;dw05;dw06;dw07;dw08,dw00;dw01;dw02;dw03;dw04;dw05;dw06;dw07;dw08,,15,1,2026-08-30T19:08:29.562+0200,dw00,8103,196,800,-166,495,627,2.83,32257
ground-height-2m-20260828-133428,d008m_r270_run01.csv,2,8,270,dw00;dw01;dw02;dw03;dw04;dw05;dw06;dw07;dw08,dw00;dw01;dw02;dw03;dw04;dw05;dw06;dw07;dw08,,90,1,2026-08-30T19:08:29.592+0200,dw04,0F85,218,782,4,-424,657,2.95,62255
ground-height-2m-20260828-133428,d008m_r270_run01.csv,2,8,270,dw00;dw01;dw02;dw03;dw04;dw05;dw06;dw07;dw08,dw00;dw01;dw02;dw03;dw04;dw05;dw06;dw07;dw08,,105,1,2026-08-30T19:08:29.602+0200,dw05,4B92,97,782,46,-224,749,2.95,72235
ground-height-2m-20260828-133428,d008m_r270_run01.csv,2,8,270,dw00;dw01;dw02;dw03;dw04;dw05;dw06;dw07;dw08,dw00;dw01;dw02;dw03;dw04;dw05;dw06;dw07;dw08,,125,1,2026-08-30T19:08:29.613+0200,dw06,0789,141,784,90,-10,784,3.09,82275
ground-height-2m-20260828-133428,d008m_r270_run01.csv,2,8,270,dw00;dw01;dw02;dw03;dw04;dw05;dw06;dw07;dw08,dw00;dw01;dw02;dw03;dw04;dw05;dw06;dw07;dw08,,35,1,2026-08-30T19:08:29.673+0200,dw01,1729,252,788,-119,714,333,3.06,42297
ground-height-2m-20260828-133428,d008m_r270_run01.csv,2,8,270,dw00;dw01;dw02;dw03;dw04;dw05;dw06;dw07;dw08,dw00;dw01;dw02;dw03;dw04;dw05;dw06;dw07;dw08,,55,1,2026-08-30T19:08:29.682+0200,dw02,8FB0,26,783,-86,-783,0,1.93,52398
ground-height-2m-20260828-133428,d008m_r270_run01.csv,2,8,270,dw00;dw01;dw02;dw03;dw04;dw05;dw06;dw07;dw08,dw00;dw01;dw02;dw03;dw04;dw05;dw06;dw07;dw08,,145,1,2026-08-30T19:08:29.722+0200,dw07,5783,6,784,133,196,759,3.45,2147483
ground-height-2m-20260828-133428,d008m_r270_run01.csv,2,8,270,dw00;dw01;dw02;dw03;dw04;dw05;dw06;dw07;dw08,dw00;dw01;dw02;dw03;dw04;dw05;dw06;dw07;dw08,,75,1,2026-08-30T19:08:29.743+0200,dw03,021B,241,772,-33,-602,483,2.08,12298
ground-height-2m-20260828-133428,d008m_r270_run01.csv,2,8,270,dw00;dw01;dw02;dw03;dw04;dw05;dw06;dw07;dw08,dw00;dw01;dw02;dw03;dw04;dw05;dw06;dw07;dw08,,165,1,2026-08-30T19:08:29.753+0200,dw08,028E,15,784,165,349,702,3.45,22308
ground-height-2m-20260828-133428,d008m_r270_run01.csv,2,8,270,dw00;dw01;dw02;dw03;dw04;dw05;dw06;dw07;dw08,dw00;dw01;dw02;dw03;dw04;dw05;dw06;dw07;dw08,,15,1,2026-08-30T19:08:29.762+0200,dw00,8103,197,802,-167,494,631,2.77,32257
ground-height-2m-20260828-133428,d008m_r270_run01.csv,2,8,270,dw00;dw01;dw02;dw03;dw04;dw05;dw06;dw07;dw08,dw00;dw01;dw02;dw03;dw04;dw05;dw06;dw07;dw08,,90,1,2026-08-30T19:08:29.793+0200,dw04,0F85,219,785,5,-420,662,3.06,62255
ground-height-2m-20260828-133428,d008m_r270_run01.csv,2,8,270,dw00;dw01;dw02;dw03;dw04;dw05;dw06;dw07;dw08,dw00;dw01;dw02;dw03;dw04;dw05;dw06;dw07;dw08,,105,1,2026-08-30T19:08:29.802+0200,dw05,4B92,98,787,40,-254,745,2.89,72235
ground-height-2m-20260828-133428,d008m_r270_run01.csv,2,8,270,dw00;dw01;dw02;dw03;dw04;dw05;dw06;dw07;dw08,dw00;dw01;dw02;dw03;dw04;dw05;dw06;dw07;dw08,,125,1,2026-08-30T19:08:29.812+0200,dw06,0789,142,786,83,-47,784,3.06,82244
ground-height-2m-20260828-133428,d008m_r270_run01.csv,2,8,270,dw00;dw01;dw02;dw03;dw04;dw05;dw06;dw07;dw08,dw00;dw01;dw02;dw03;dw04;dw05;dw06;dw07;dw08,,35,1,2026-08-30T19:08:29.873+0200,dw01,1729,253,789,-119,719,325,2.95,42327
ground-height-2m-20260828-133428,d008m_r270_run01.csv,2,8,270,dw00;dw01;dw02;dw03;dw04;dw05;dw06;dw07;dw08,dw00;dw01;dw02;dw03;dw04;dw05;dw06;dw07;dw08,,55,1,2026-08-30T19:08:29.882+0200,dw02,8FB0,27,785,-78,-785,0,1.93,52368
ground-height-2m-20260828-133428,d008m_r270_run01.csv,2,8,270,dw00;dw01;dw02;dw03;dw04;dw05;dw06;dw07;dw08,dw00;dw01;dw02;dw03;dw04;dw05;dw06;dw07;dw08,,145,1,2026-08-30T19:08:29.922+0200,dw07,5783,7,784,122,145,771,3.45,2147483
ground-height-2m-20260828-133428,d008m_r270_run01.csv,2,8,270,dw00;dw01;dw02;dw03;dw04;dw05;dw06;dw07;dw08,dw00;dw01;dw02;dw03;dw04;dw05;dw06;dw07;dw08,,75,1,2026-08-30T19:08:29.942+0200,dw03,021B,242,770,-43,-648,415,2.02,12268
ground-height-2m-20260828-133428,d008m_r270_run01.csv,2,8,270,dw00;dw01;dw02;dw03;dw04;dw05;dw06;dw07;dw08,dw00;dw01;dw02;dw03;dw04;dw05;dw06;dw07;dw08,,165,1,2026-08-30T19:08:29.953+0200,dw08,028E,16,786,160,325,715,3.63,22277
ground-height-2m-20260828-133428,d008m_r270_run01.csv,2,8,270,dw00;dw01;dw02;dw03;dw04;dw05;dw06;dw07;dw08,dw00;dw01;dw02;dw03;dw04;dw05;dw06;dw07;dw08,,15,1,2026-08-30T19:08:29.963+0200,dw00,8103,198,805,-160,526,609,2.77,32287
ground-height-2m-20260828-133428,d008m_r270_run01.csv,2,8,270,dw00;dw01;dw02;dw03;dw04;dw05;dw06;dw07;dw08,dw00;dw01;dw02;dw03;dw04;dw05;dw06;dw07;dw08,,90,1,2026-08-30T19:08:29.993+0200,dw04,0F85,220,783,5,-422,659,3.06,62255
ground-height-2m-20260828-133428,d008m_r270_run01.csv,2,8,270,dw00;dw01;dw02;dw03;dw04;dw05;dw06;dw07;dw08,dw00;dw01;dw02;dw03;dw04;dw05;dw06;dw07;dw08,,105,1,2026-08-30T19:08:30.003+0200,dw05,4B92,99,782,44,-233,747,3.01,72296
ground-height-2m-20260828-133428,d008m_r270_run01.csv,2,8,270,dw00;dw01;dw02;dw03;dw04;dw05;dw06;dw07;dw08,dw00;dw01;dw02;dw03;dw04;dw05;dw06;dw07;dw08,,125,1,2026-08-30T19:08:30.012+0200,dw06,0789,143,785,89,-17,785,3.06,82275
ground-height-2m-20260828-133428,d008m_r270_run01.csv,2,8,270,dw00;dw01;dw02;dw03;dw04;dw05;dw06;dw07;dw08,dw00;dw01;dw02;dw03;dw04;dw05;dw06;dw07;dw08,,35,1,2026-08-30T19:08:30.073+0200,dw01,1729,254,788,-124,694,374,3.15,42327
ground-height-2m-20260828-133428,d008m_r270_run01.csv,2,8,270,dw00;dw01;dw02;dw03;dw04;dw05;dw06;dw07;dw08,dw00;dw01;dw02;dw03;dw04;dw05;dw06;dw07;dw08,,55,1,2026-08-30T19:08:30.083+0200,dw02,8FB0,28,786,-78,-786,0,1.99,52429
ground-height-2m-20260828-133428,d008m_r270_run01.csv,2,8,270,dw00;dw01;dw02;dw03;dw04;dw05;dw06;dw07;dw08,dw00;dw01;dw02;dw03;dw04;dw05;dw06;dw07;dw08,,145,1,2026-08-30T19:08:30.123+0200,dw07,5783,8,783,130,180,762,3.45,2147483
ground-height-2m-20260828-133428,d008m_r270_run01.csv,2,8,270,dw00;dw01;dw02;dw03;dw04;dw05;dw06;dw07;dw08,dw00;dw01;dw02;dw03;dw04;dw05;dw06;dw07;dw08,,75,1,2026-08-30T19:08:30.142+0200,dw03,021B,243,771,-28,-578,509,1.99,12268
ground-height-2m-20260828-133428,d008m_r270_run01.csv,2,8,270,dw00;dw01;dw02;dw03;dw04;dw05;dw06;dw07;dw08,dw00;dw01;dw02;dw03;dw04;dw05;dw06;dw07;dw08,,165,1,2026-08-30T19:08:30.152+0200,dw08,028E,17,784,147,263,739,3.57,22277
ground-height-2m-20260828-133428,d008m_r270_run01.csv,2,8,270,dw00;dw01;dw02;dw03;dw04;dw05;dw06;dw07;dw08,dw00;dw01;dw02;dw03;dw04;dw05;dw06;dw07;dw08,,15,1,2026-08-30T19:08:30.163+0200,dw00,8103,199,803,-165,500,628,2.65,32226
ground-height-2m-20260828-133428,d008m_r270_run01.csv,2,8,270,dw00;dw01;dw02;dw03;dw04;dw05;dw06;dw07;dw08,dw00;dw01;dw02;dw03;dw04;dw05;dw06;dw07;dw08,,90,1,2026-08-30T19:08:30.192+0200,dw04,0F85,221,780,5,-418,658,3.01,62255
ground-height-2m-20260828-133428,d008m_r270_run01.csv,2,8,270,dw00;dw01;dw02;dw03;dw04;dw05;dw06;dw07;dw08,dw00;dw01;dw02;dw03;dw04;dw05;dw06;dw07;dw08,,105,1,2026-08-30T19:08:30.203+0200,dw05,4B92,100,783,40,-251,741,3.06,72204
ground-height-2m-20260828-133428,d008m_r270_run01.csv,2,8,270,dw00;dw01;dw02;dw03;dw04;dw05;dw06;dw07;dw08,dw00;dw01;dw02;dw03;dw04;dw05;dw06;dw07;dw08,,125,1,2026-08-30T19:08:30.213+0200,dw06,0789,144,787,86,-29,786,3.01,82305
ground-height-2m-20260828-133428,d008m_r270_run01.csv,2,8,270,dw00;dw01;dw02;dw03;dw04;dw05;dw06;dw07;dw08,dw00;dw01;dw02;dw03;dw04;dw05;dw06;dw07;dw08,,35,1,2026-08-30T19:08:30.272+0200,dw01,1729,255,787,-115,735,281,3.09,42327
ground-height-2m-20260828-133428,d008m_r270_run01.csv,2,8,270,dw00;dw01;dw02;dw03;dw04;dw05;dw06;dw07;dw08,dw00;dw01;dw02;dw03;dw04;dw05;dw06;dw07;dw08,,55,1,2026-08-30T19:08:30.283+0200,dw02,8FB0,29,785,-83,-785,0,1.87,52337
ground-height-2m-20260828-133428,d008m_r270_run01.csv,2,8,270,dw00;dw01;dw02;dw03;dw04;dw05;dw06;dw07;dw08,dw00;dw01;dw02;dw03;dw04;dw05;dw06;dw07;dw08,,145,1,2026-08-30T19:08:30.323+0200,dw07,5783,9,783,128,170,764,3.45,2147483
ground-height-2m-20260828-133428,d008m_r270_run01.csv,2,8,270,dw00;dw01;dw02;dw03;dw04;dw05;dw06;dw07;dw08,dw00;dw01;dw02;dw03;dw04;dw05;dw06;dw07;dw08,,75,1,2026-08-30T19:08:30.342+0200,dw03,021B,244,774,-32,-598,491,2.02,12268
ground-height-2m-20260828-133428,d008m_r270_run01.csv,2,8,270,dw00;dw01;dw02;dw03;dw04;dw05;dw06;dw07;dw08,dw00;dw01;dw02;dw03;dw04;dw05;dw06;dw07;dw08,,165,1,2026-08-30T19:08:30.352+0200,dw08,028E,18,785,137,213,755,3.57,22277
ground-height-2m-20260828-133428,d008m_r270_run01.csv,2,8,270,dw00;dw01;dw02;dw03;dw04;dw05;dw06;dw07;dw08,dw00;dw01;dw02;dw03;dw04;dw05;dw06;dw07;dw08,,15,1,2026-08-30T19:08:30.362+0200,dw00,8103,200,801,-161,522,607,2.71,32287
ground-height-2m-20260828-133428,d008m_r270_run01.csv,2,8,270,dw00;dw01;dw02;dw03;dw04;dw05;dw06;dw07;dw08,dw00;dw01;dw02;dw03;dw04;dw05;dw06;dw07;dw08,,90,1,2026-08-30T19:08:30.392+0200,dw04,0F85,222,784,7,-412,666,3.01,62255
ground-height-2m-20260828-133428,d008m_r270_run01.csv,2,8,270,dw00;dw01;dw02;dw03;dw04;dw05;dw06;dw07;dw08,dw00;dw01;dw02;dw03;dw04;dw05;dw06;dw07;dw08,,105,1,2026-08-30T19:08:30.402+0200,dw05,4B92,101,786,40,-251,745,3.01,72235
ground-height-2m-20260828-133428,d008m_r270_run01.csv,2,8,270,dw00;dw01;dw02;dw03;dw04;dw05;dw06;dw07;dw08,dw00;dw01;dw02;dw03;dw04;dw05;dw06;dw07;dw08,,125,1,2026-08-30T19:08:30.413+0200,dw06,0789,145,783,82,-50,782,3.15,82244
ground-height-2m-20260828-133428,d008m_r270_run01.csv,2,8,270,dw00;dw01;dw02;dw03;dw04;dw05;dw06;dw07;dw08,dw00;dw01;dw02;dw03;dw04;dw05;dw06;dw07;dw08,,35,1,2026-08-30T19:08:30.472+0200,dw01,1729,0,790,-121,709,348,3.09,42327
ground-height-2m-20260828-133428,d008m_r270_run01.csv,2,8,270,dw00;dw01;dw02;dw03;dw04;dw05;dw06;dw07;dw08,dw00;dw01;dw02;dw03;dw04;dw05;dw06;dw07;dw08,,55,1,2026-08-30T19:08:30.482+0200,dw02,8FB0,30,785,-89,785,0,1.87,52398
ground-height-2m-20260828-133428,d008m_r270_run01.csv,2,8,270,dw00;dw01;dw02;dw03;dw04;dw05;dw06;dw07;dw08,dw00;dw01;dw02;dw03;dw04;dw05;dw06;dw07;dw08,,145,1,2026-08-30T19:08:30.522+0200,dw07,5783,10,785,125,158,769,3.45,2147483
ground-height-2m-20260828-133428,d008m_r270_run01.csv,2,8,270,dw00;dw01;dw02;dw03;dw04;dw05;dw06;dw07;dw08,dw00;dw01;dw02;dw03;dw04;dw05;dw06;dw07;dw08,,75,1,2026-08-30T19:08:30.543+0200,dw03,021B,245,774,-29,-585,507,2.02,12268
ground-height-2m-20260828-133428,d008m_r270_run01.csv,2,8,270,dw00;dw01;dw02;dw03;dw04;dw05;dw06;dw07;dw08,dw00;dw01;dw02;dw03;dw04;dw05;dw06;dw07;dw08,,165,1,2026-08-30T19:08:30.552+0200,dw08,028E,19,782,149,271,733,3.57,22277
ground-height-2m-20260828-133428,d008m_r270_run01.csv,2,8,270,dw00;dw01;dw02;dw03;dw04;dw05;dw06;dw07;dw08,dw00;dw01;dw02;dw03;dw04;dw05;dw06;dw07;dw08,,15,1,2026-08-30T19:08:30.562+0200,dw00,8103,201,805,-169,484,643,2.65,32257
