experiment_id,run_file,node_height_m,target_distance_m,tag_rotation_deg,expected_tags,participating_tags,missing_tags,tag_bearing_deg,valid_position,time,tag,a16,seq,range_cm,pdoa_deg,x_cm,y_cm,clk_ppm,t_us
ground-height-2m-20260828-133428,d018m_r090_run01.csv,2,18,90,dw00;dw01;dw02;dw03;dw04;dw05;dw06;dw07;dw08,dw00;dw01;dw02;dw03;dw04;dw05;dw06;dw07;dw08,,15,1,2026-08-30T10:00:56.389+0200,dw00,8103,130,1792,-162,1153,1372,3.63,32257
ground-height-2m-20260828-133428,d018m_r090_run01.csv,2,18,90,dw00;dw01;dw02;dw03;dw04;dw05;dw06;dw07;dw08,dw00;dw01;dw02;dw03;dw04;dw05;dw06;dw07;dw08,,35,1,2026-08-30T10:00:56.399+0200,dw01,1729,74,1777,-129,1509,937,3.06,42327
ground-height-2m-20260828-133428,d018m_r090_run01.csv,2,18,90,dw00;dw01;dw02;dw03;dw04;dw05;dw06;dw07;dw08,dw00;dw01;dw02;dw03;dw04;dw05;dw06;dw07;dw08,,55,1,2026-08-30T10:00:56.409+0200,dw02,8FB0,170,1777,-96,1777,0,3.27,52368
ground-height-2m-20260828-133428,d018m_r090_run01.csv,2,18,90,dw00;dw01;dw02;dw03;dw04;dw05;dw06;dw07;dw08,dw00;dw01;dw02;dw03;dw04;dw05;dw06;dw07;dw08,,90,1,2026-08-30T10:00:56.419+0200,dw04,0F85,229,1772,6,-937,1503,3.69,62255
ground-height-2m-20260828-133428,d018m_r090_run01.csv,2,18,90,dw00;dw01;dw02;dw03;dw04;dw05;dw06;dw07;dw08,dw00;dw01;dw02;dw03;dw04;dw05;dw06;dw07;dw08,,105,1,2026-08-30T10:00:56.429+0200,dw05,4B92,49,1773,36,-615,1662,2.65,72265
ground-height-2m-20260828-133428,d018m_r090_run01.csv,2,18,90,dw00;dw01;dw02;dw03;dw04;dw05;dw06;dw07;dw08,dw00;dw01;dw02;dw03;dw04;dw05;dw06;dw07;dw08,,125,1,2026-08-30T10:00:56.439+0200,dw06,0789,65,1775,83,-102,1772,3.84,82275
ground-height-2m-20260828-133428,d018m_r090_run01.csv,2,18,90,dw00;dw01;dw02;dw03;dw04;dw05;dw06;dw07;dw08,dw00;dw01;dw02;dw03;dw04;dw05;dw06;dw07;dw08,,145,1,2026-08-30T10:00:56.549+0200,dw07,5783,157,1775,126,364,1737,2.26,2147483
ground-height-2m-20260828-133428,d018m_r090_run01.csv,2,18,90,dw00;dw01;dw02;dw03;dw04;dw05;dw06;dw07;dw08,dw00;dw01;dw02;dw03;dw04;dw05;dw06;dw07;dw08,,75,1,2026-08-30T10:00:56.569+0200,dw03,021B,80,1768,-41,-1467,986,4.14,12298
ground-height-2m-20260828-133428,d018m_r090_run01.csv,2,18,90,dw00;dw01;dw02;dw03;dw04;dw05;dw06;dw07;dw08,dw00;dw01;dw02;dw03;dw04;dw05;dw06;dw07;dw08,,165,1,2026-08-30T10:00:56.579+0200,dw08,028E,44,1778,-76,-1778,0,3.01,22277
ground-height-2m-20260828-133428,d018m_r090_run01.csv,2,18,90,dw00;dw01;dw02;dw03;dw04;dw05;dw06;dw07;dw08,dw00;dw01;dw02;dw03;dw04;dw05;dw06;dw07;dw08,,15,1,2026-08-30T10:00:56.589+0200,dw00,8103,131,1794,-167,1102,1416,3.69,32257
ground-height-2m-20260828-133428,d018m_r090_run01.csv,2,18,90,dw00;dw01;dw02;dw03;dw04;dw05;dw06;dw07;dw08,dw00;dw01;dw02;dw03;dw04;dw05;dw06;dw07;dw08,,35,1,2026-08-30T10:00:56.599+0200,dw01,1729,75,1778,-129,1506,945,3.09,42297
ground-height-2m-20260828-133428,d018m_r090_run01.csv,2,18,90,dw00;dw01;dw02;dw03;dw04;dw05;dw06;dw07;dw08,dw00;dw01;dw02;dw03;dw04;dw05;dw06;dw07;dw08,,55,1,2026-08-30T10:00:56.609+0200,dw02,8FB0,171,1780,-92,1780,0,3.27,52307
ground-height-2m-20260828-133428,d018m_r090_run01.csv,2,18,90,dw00;dw01;dw02;dw03;dw04;dw05;dw06;dw07;dw08,dw00;dw01;dw02;dw03;dw04;dw05;dw06;dw07;dw08,,90,1,2026-08-30T10:00:56.619+0200,dw04,0F85,230,1771,-5,-1076,1407,3.72,62255
ground-height-2m-20260828-133428,d018m_r090_run01.csv,2,18,90,dw00;dw01;dw02;dw03;dw04;dw05;dw06;dw07;dw08,dw00;dw01;dw02;dw03;dw04;dw05;dw06;dw07;dw08,,105,1,2026-08-30T10:00:56.629+0200,dw05,4B92,50,1777,38,-597,1674,2.83,72265
ground-height-2m-20260828-133428,d018m_r090_run01.csv,2,18,90,dw00;dw01;dw02;dw03;dw04;dw05;dw06;dw07;dw08,dw00;dw01;dw02;dw03;dw04;dw05;dw06;dw07;dw08,,125,1,2026-08-30T10:00:56.639+0200,dw06,0789,66,1777,91,-15,1777,3.90,82244
ground-height-2m-20260828-133428,d018m_r090_run01.csv,2,18,90,dw00;dw01;dw02;dw03;dw04;dw05;dw06;dw07;dw08,dw00;dw01;dw02;dw03;dw04;dw05;dw06;dw07;dw08,,145,1,2026-08-30T10:00:56.749+0200,dw07,5783,158,1780,142,538,1697,2.20,2147483
ground-height-2m-20260828-133428,d018m_r090_run01.csv,2,18,90,dw00;dw01;dw02;dw03;dw04;dw05;dw06;dw07;dw08,dw00;dw01;dw02;dw03;dw04;dw05;dw06;dw07;dw08,,75,1,2026-08-30T10:00:56.769+0200,dw03,021B,81,1769,-44,-1498,941,4.08,12268
ground-height-2m-20260828-133428,d018m_r090_run01.csv,2,18,90,dw00;dw01;dw02;dw03;dw04;dw05;dw06;dw07;dw08,dw00;dw01;dw02;dw03;dw04;dw05;dw06;dw07;dw08,,165,1,2026-08-30T10:00:56.779+0200,dw08,028E,45,1778,-48,-1554,863,3.01,22277
ground-height-2m-20260828-133428,d018m_r090_run01.csv,2,18,90,dw00;dw01;dw02;dw03;dw04;dw05;dw06;dw07;dw08,dw00;dw01;dw02;dw03;dw04;dw05;dw06;dw07;dw08,,15,1,2026-08-30T10:00:56.789+0200,dw00,8103,132,1792,-169,1076,1432,3.63,32257
ground-height-2m-20260828-133428,d018m_r090_run01.csv,2,18,90,dw00;dw01;dw02;dw03;dw04;dw05;dw06;dw07;dw08,dw00;dw01;dw02;dw03;dw04;dw05;dw06;dw07;dw08,,35,1,2026-08-30T10:00:56.799+0200,dw01,1729,76,1776,-137,1418,1069,3.06,42358
ground-height-2m-20260828-133428,d018m_r090_run01.csv,2,18,90,dw00;dw01;dw02;dw03;dw04;dw05;dw06;dw07;dw08,dw00;dw01;dw02;dw03;dw04;dw05;dw06;dw07;dw08,,55,1,2026-08-30T10:00:56.809+0200,dw02,8FB0,172,1776,-95,1776,0,3.33,52307
ground-height-2m-20260828-133428,d018m_r090_run01.csv,2,18,90,dw00;dw01;dw02;dw03;dw04;dw05;dw06;dw07;dw08,dw00;dw01;dw02;dw03;dw04;dw05;dw06;dw07;dw08,,90,1,2026-08-30T10:00:56.819+0200,dw04,0F85,231,1769,3,-978,1474,3.63,62255
ground-height-2m-20260828-133428,d018m_r090_run01.csv,2,18,90,dw00;dw01;dw02;dw03;dw04;dw05;dw06;dw07;dw08,dw00;dw01;dw02;dw03;dw04;dw05;dw06;dw07;dw08,,105,1,2026-08-30T10:00:56.829+0200,dw05,4B92,51,1770,36,-617,1659,2.77,72265
ground-height-2m-20260828-133428,d018m_r090_run01.csv,2,18,90,dw00;dw01;dw02;dw03;dw04;dw05;dw06;dw07;dw08,dw00;dw01;dw02;dw03;dw04;dw05;dw06;dw07;dw08,,125,1,2026-08-30T10:00:56.839+0200,dw06,0789,67,1775,83,-103,1772,3.84,82305
ground-height-2m-20260828-133428,d018m_r090_run01.csv,2,18,90,dw00;dw01;dw02;dw03;dw04;dw05;dw06;dw07;dw08,dw00;dw01;dw02;dw03;dw04;dw05;dw06;dw07;dw08,,145,1,2026-08-30T10:00:56.948+0200,dw07,5783,159,1772,137,485,1704,2.14,2147483
ground-height-2m-20260828-133428,d018m_r090_run01.csv,2,18,90,dw00;dw01;dw02;dw03;dw04;dw05;dw06;dw07;dw08,dw00;dw01;dw02;dw03;dw04;dw05;dw06;dw07;dw08,,75,1,2026-08-30T10:00:56.969+0200,dw03,021B,82,1768,-54,-1610,730,4.08,12298
ground-height-2m-20260828-133428,d018m_r090_run01.csv,2,18,90,dw00;dw01;dw02;dw03;dw04;dw05;dw06;dw07;dw08,dw00;dw01;dw02;dw03;dw04;dw05;dw06;dw07;dw08,,165,1,2026-08-30T10:00:56.979+0200,dw08,028E,46,1776,-110,1716,455,3.06,22277
ground-height-2m-20260828-133428,d018m_r090_run01.csv,2,18,90,dw00;dw01;dw02;dw03;dw04;dw05;dw06;dw07;dw08,dw00;dw01;dw02;dw03;dw04;dw05;dw06;dw07;dw08,,15,1,2026-08-30T10:00:56.988+0200,dw00,8103,133,1794,-165,1123,1399,3.63,32226
ground-height-2m-20260828-133428,d018m_r090_run01.csv,2,18,90,dw00;dw01;dw02;dw03;dw04;dw05;dw06;dw07;dw08,dw00;dw01;dw02;dw03;dw04;dw05;dw06;dw07;dw08,,35,1,2026-08-30T10:00:56.999+0200,dw01,1729,77,1776,-136,1429,1054,3.15,42297
ground-height-2m-20260828-133428,d018m_r090_run01.csv,2,18,90,dw00;dw01;dw02;dw03;dw04;dw05;dw06;dw07;dw08,dw00;dw01;dw02;dw03;dw04;dw05;dw06;dw07;dw08,,55,1,2026-08-30T10:00:57.009+0200,dw02,8FB0,173,1777,-89,1777,0,3.33,52307
ground-height-2m-20260828-133428,d018m_r090_run01.csv,2,18,90,dw00;dw01;dw02;dw03;dw04;dw05;dw06;dw07;dw08,dw00;dw01;dw02;dw03;dw04;dw05;dw06;dw07;dw08,,90,1,2026-08-30T10:00:57.019+0200,dw04,0F85,232,1769,-4,-1064,1414,3.78,62255
ground-height-2m-20260828-133428,d018m_r090_run01.csv,2,18,90,dw00;dw01;dw02;dw03;dw04;dw05;dw06;dw07;dw08,dw00;dw01;dw02;dw03;dw04;dw05;dw06;dw07;dw08,,105,1,2026-08-30T10:00:57.029+0200,dw05,4B92,52,1772,44,-523,1693,2.77,72235
ground-height-2m-20260828-133428,d018m_r090_run01.csv,2,18,90,dw00;dw01;dw02;dw03;dw04;dw05;dw06;dw07;dw08,dw00;dw01;dw02;dw03;dw04;dw05;dw06;dw07;dw08,,125,1,2026-08-30T10:00:57.039+0200,dw06,0789,68,1777,90,-25,1777,3.84,82244
ground-height-2m-20260828-133428,d018m_r090_run01.csv,2,18,90,dw00;dw01;dw02;dw03;dw04;dw05;dw06;dw07;dw08,dw00;dw01;dw02;dw03;dw04;dw05;dw06;dw07;dw08,,145,1,2026-08-30T10:00:57.149+0200,dw07,5783,160,1776,135,468,1713,2.32,2147483
ground-height-2m-20260828-133428,d018m_r090_run01.csv,2,18,90,dw00;dw01;dw02;dw03;dw04;dw05;dw06;dw07;dw08,dw00;dw01;dw02;dw03;dw04;dw05;dw06;dw07;dw08,,75,1,2026-08-30T10:00:57.169+0200,dw03,021B,83,1765,-49,-1546,852,4.02,12298
ground-height-2m-20260828-133428,d018m_r090_run01.csv,2,18,90,dw00;dw01;dw02;dw03;dw04;dw05;dw06;dw07;dw08,dw00;dw01;dw02;dw03;dw04;dw05;dw06;dw07;dw08,,165,1,2026-08-30T10:00:57.179+0200,dw08,028E,47,1778,-73,-1778,0,3.06,22277
ground-height-2m-20260828-133428,d018m_r090_run01.csv,2,18,90,dw00;dw01;dw02;dw03;dw04;dw05;dw06;dw07;dw08,dw00;dw01;dw02;dw03;dw04;dw05;dw06;dw07;dw08,,15,1,2026-08-30T10:00:57.189+0200,dw00,8103,134,1796,-160,1183,1350,3.57,32287
ground-height-2m-20260828-133428,d018m_r090_run01.csv,2,18,90,dw00;dw01;dw02;dw03;dw04;dw05;dw06;dw07;dw08,dw00;dw01;dw02;dw03;dw04;dw05;dw06;dw07;dw08,,35,1,2026-08-30T10:00:57.198+0200,dw01,1729,78,1780,-126,1543,887,3.15,42327
ground-height-2m-20260828-133428,d018m_r090_run01.csv,2,18,90,dw00;dw01;dw02;dw03;dw04;dw05;dw06;dw07;dw08,dw00;dw01;dw02;dw03;dw04;dw05;dw06;dw07;dw08,,55,1,2026-08-30T10:00:57.209+0200,dw02,8FB0,174,1777,-95,1777,0,3.27,52307
ground-height-2m-20260828-133428,d018m_r090_run01.csv,2,18,90,dw00;dw01;dw02;dw03;dw04;dw05;dw06;dw07;dw08,dw00;dw01;dw02;dw03;dw04;dw05;dw06;dw07;dw08,,90,1,2026-08-30T10:00:57.219+0200,dw04,0F85,233,1769,-19,-1219,1281,3.78,62286
ground-height-2m-20260828-133428,d018m_r090_run01.csv,2,18,90,dw00;dw01;dw02;dw03;dw04;dw05;dw06;dw07;dw08,dw00;dw01;dw02;dw03;dw04;dw05;dw06;dw07;dw08,,105,1,2026-08-30T10:00:57.229+0200,dw05,4B92,53,1772,39,-585,1672,2.71,72265
ground-height-2m-20260828-133428,d018m_r090_run01.csv,2,18,90,dw00;dw01;dw02;dw03;dw04;dw05;dw06;dw07;dw08,dw00;dw01;dw02;dw03;dw04;dw05;dw06;dw07;dw08,,125,1,2026-08-30T10:00:57.238+0200,dw06,0789,69,1776,93,7,1776,3.78,82275
ground-height-2m-20260828-133428,d018m_r090_run01.csv,2,18,90,dw00;dw01;dw02;dw03;dw04;dw05;dw06;dw07;dw08,dw00;dw01;dw02;dw03;dw04;dw05;dw06;dw07;dw08,,145,1,2026-08-30T10:00:57.349+0200,dw07,5783,161,1775,136,476,1710,2.26,2147483
ground-height-2m-20260828-133428,d018m_r090_run01.csv,2,18,90,dw00;dw01;dw02;dw03;dw04;dw05;dw06;dw07;dw08,dw00;dw01;dw02;dw03;dw04;dw05;dw06;dw07;dw08,,75,1,2026-08-30T10:00:57.368+0200,dw03,021B,84,1767,-33,-1371,1114,4.14,12298
ground-height-2m-20260828-133428,d018m_r090_run01.csv,2,18,90,dw00;dw01;dw02;dw03;dw04;dw05;dw06;dw07;dw08,dw00;dw01;dw02;dw03;dw04;dw05;dw06;dw07;dw08,,165,1,2026-08-30T10:00:57.379+0200,dw08,028E,48,1774,171,862,1550,3.01,22247
ground-height-2m-20260828-133428,d018m_r090_run01.csv,2,18,90,dw00;dw01;dw02;dw03;dw04;dw05;dw06;dw07;dw08,dw00;dw01;dw02;dw03;dw04;dw05;dw06;dw07;dw08,,15,1,2026-08-30T10:00:57.389+0200,dw00,8103,135,1796,-155,1233,1305,3.69,32257
ground-height-2m-20260828-133428,d018m_r090_run01.csv,2,18,90,dw00;dw01;dw02;dw03;dw04;dw05;dw06;dw07;dw08,dw00;dw01;dw02;dw03;dw04;dw05;dw06;dw07;dw08,,35,1,2026-08-30T10:00:57.399+0200,dw01,1729,79,1777,-123,1575,823,3.06,42327
ground-height-2m-20260828-133428,d018m_r090_run01.csv,2,18,90,dw00;dw01;dw02;dw03;dw04;dw05;dw06;dw07;dw08,dw00;dw01;dw02;dw03;dw04;dw05;dw06;dw07;dw08,,55,1,2026-08-30T10:00:57.408+0200,dw02,8FB0,175,1781,-108,1735,402,3.33,52337
ground-height-2m-20260828-133428,d018m_r090_run01.csv,2,18,90,dw00;dw01;dw02;dw03;dw04;dw05;dw06;dw07;dw08,dw00;dw01;dw02;dw03;dw04;dw05;dw06;dw07;dw08,,90,1,2026-08-30T10:00:57.419+0200,dw04,0F85,234,1768,11,-884,1531,3.78,62225
ground-height-2m-20260828-133428,d018m_r090_run01.csv,2,18,90,dw00;dw01;dw02;dw03;dw04;dw05;dw06;dw07;dw08,dw00;dw01;dw02;dw03;dw04;dw05;dw06;dw07;dw08,,105,1,2026-08-30T10:00:57.429+0200,dw05,4B92,54,1773,36,-615,1662,2.77,72204
ground-height-2m-20260828-133428,d018m_r090_run01.csv,2,18,90,dw00;dw01;dw02;dw03;dw04;dw05;dw06;dw07;dw08,dw00;dw01;dw02;dw03;dw04;dw05;dw06;dw07;dw08,,125,1,2026-08-30T10:00:57.439+0200,dw06,0789,70,1775,85,-77,1773,3.84,82305
ground-height-2m-20260828-133428,d018m_r090_run01.csv,2,18,90,dw00;dw01;dw02;dw03;dw04;dw05;dw06;dw07;dw08,dw00;dw01;dw02;dw03;dw04;dw05;dw06;dw07;dw08,,145,1,2026-08-30T10:00:57.549+0200,dw07,5783,162,1780,127,374,1740,2.32,2147483
ground-height-2m-20260828-133428,d018m_r090_run01.csv,2,18,90,dw00;dw01;dw02;dw03;dw04;dw05;dw06;dw07;dw08,dw00;dw01;dw02;dw03;dw04;dw05;dw06;dw07;dw08,,75,1,2026-08-30T10:00:57.568+0200,dw03,021B,85,1766,-49,-1546,853,3.96,12298
ground-height-2m-20260828-133428,d018m_r090_run01.csv,2,18,90,dw00;dw01;dw02;dw03;dw04;dw05;dw06;dw07;dw08,dw00;dw01;dw02;dw03;dw04;dw05;dw06;dw07;dw08,,165,1,2026-08-30T10:00:57.578+0200,dw08,028E,49,1773,-70,-1773,0,3.06,22277
ground-height-2m-20260828-133428,d018m_r090_run01.csv,2,18,90,dw00;dw01;dw02;dw03;dw04;dw05;dw06;dw07;dw08,dw00;dw01;dw02;dw03;dw04;dw05;dw06;dw07;dw08,,15,1,2026-08-30T10:00:57.589+0200,dw00,8103,136,1794,-167,1100,1417,3.63,32287
ground-height-2m-20260828-133428,d018m_r090_run01.csv,2,18,90,dw00;dw01;dw02;dw03;dw04;dw05;dw06;dw07;dw08,dw00;dw01;dw02;dw03;dw04;dw05;dw06;dw07;dw08,,35,1,2026-08-30T10:00:57.599+0200,dw01,1729,80,1778,-131,1479,988,3.15,42327
ground-height-2m-20260828-133428,d018m_r090_run01.csv,2,18,90,dw00;dw01;dw02;dw03;dw04;dw05;dw06;dw07;dw08,dw00;dw01;dw02;dw03;dw04;dw05;dw06;dw07;dw08,,55,1,2026-08-30T10:00:57.609+0200,dw02,8FB0,176,1780,-100,1780,0,3.27,52307
ground-height-2m-20260828-133428,d018m_r090_run01.csv,2,18,90,dw00;dw01;dw02;dw03;dw04;dw05;dw06;dw07;dw08,dw00;dw01;dw02;dw03;dw04;dw05;dw06;dw07;dw08,,90,1,2026-08-30T10:00:57.618+0200,dw04,0F85,235,1769,-7,-1091,1392,3.69,62255
ground-height-2m-20260828-133428,d018m_r090_run01.csv,2,18,90,dw00;dw01;dw02;dw03;dw04;dw05;dw06;dw07;dw08,dw00;dw01;dw02;dw03;dw04;dw05;dw06;dw07;dw08,,105,1,2026-08-30T10:00:57.629+0200,dw05,4B92,55,1778,50,-464,1716,2.77,72235
ground-height-2m-20260828-133428,d018m_r090_run01.csv,2,18,90,dw00;dw01;dw02;dw03;dw04;dw05;dw06;dw07;dw08,dw00;dw01;dw02;dw03;dw04;dw05;dw06;dw07;dw08,,125,1,2026-08-30T10:00:57.639+0200,dw06,0789,71,1774,85,-85,1772,3.90,82275
ground-height-2m-20260828-133428,d018m_r090_run01.csv,2,18,90,dw00;dw01;dw02;dw03;dw04;dw05;dw06;dw07;dw08,dw00;dw01;dw02;dw03;dw04;dw05;dw06;dw07;dw08,,145,1,2026-08-30T10:00:57.748+0200,dw07,5783,163,1775,127,378,1734,2.14,2147483
ground-height-2m-20260828-133428,d018m_r090_run01.csv,2,18,90,dw00;dw01;dw02;dw03;dw04;dw05;dw06;dw07;dw08,dw00;dw01;dw02;dw03;dw04;dw05;dw06;dw07;dw08,,75,1,2026-08-30T10:00:57.769+0200,dw03,021B,86,1769,-50,-1565,823,4.02,12298
ground-height-2m-20260828-133428,d018m_r090_run01.csv,2,18,90,dw00;dw01;dw02;dw03;dw04;dw05;dw06;dw07;dw08,dw00;dw01;dw02;dw03;dw04;dw05;dw06;dw07;dw08,,165,1,2026-08-30T10:00:57.778+0200,dw08,028E,50,1779,155,681,1644,3.15,22277
ground-height-2m-20260828-133428,d018m_r090_run01.csv,2,18,90,dw00;dw01;dw02;dw03;dw04;dw05;dw06;dw07;dw08,dw00;dw01;dw02;dw03;dw04;dw05;dw06;dw07;dw08,,15,1,2026-08-30T10:00:57.788+0200,dw00,8103,137,1793,-166,1106,1411,3.69,32196
ground-height-2m-20260828-133428,d018m_r090_run01.csv,2,18,90,dw00;dw01;dw02;dw03;dw04;dw05;dw06;dw07;dw08,dw00;dw01;dw02;dw03;dw04;dw05;dw06;dw07;dw08,,35,1,2026-08-30T10:00:57.799+0200,dw01,1729,81,1773,-132,1474,986,3.06,42327
ground-height-2m-20260828-133428,d018m_r090_run01.csv,2,18,90,dw00;dw01;dw02;dw03;dw04;dw05;dw06;dw07;dw08,dw00;dw01;dw02;dw03;dw04;dw05;dw06;dw07;dw08,,55,1,2026-08-30T10:00:57.809+0200,dw02,8FB0,177,1780,-98,1780,0,3.33,52368
ground-height-2m-20260828-133428,d018m_r090_run01.csv,2,18,90,dw00;dw01;dw02;dw03;dw04;dw05;dw06;dw07;dw08,dw00;dw01;dw02;dw03;dw04;dw05;dw06;dw07;dw08,,90,1,2026-08-30T10:00:57.818+0200,dw04,0F85,236,1769,5,-957,1488,3.78,62286
ground-height-2m-20260828-133428,d018m_r090_run01.csv,2,18,90,dw00;dw01;dw02;dw03;dw04;dw05;dw06;dw07;dw08,dw00;dw01;dw02;dw03;dw04;dw05;dw06;dw07;dw08,,105,1,2026-08-30T10:00:57.828+0200,dw05,4B92,56,1773,49,-472,1709,2.83,72235
ground-height-2m-20260828-133428,d018m_r090_run01.csv,2,18,90,dw00;dw01;dw02;dw03;dw04;dw05;dw06;dw07;dw08,dw00;dw01;dw02;dw03;dw04;dw05;dw06;dw07;dw08,,125,1,2026-08-30T10:00:57.839+0200,dw06,0789,72,1778,81,-130,1773,3.90,82275
ground-height-2m-20260828-133428,d018m_r090_run01.csv,2,18,90,dw00;dw01;dw02;dw03;dw04;dw05;dw06;dw07;dw08,dw00;dw01;dw02;dw03;dw04;dw05;dw06;dw07;dw08,,145,1,2026-08-30T10:00:57.948+0200,dw07,5783,164,1778,127,377,1738,2.26,2147483
ground-height-2m-20260828-133428,d018m_r090_run01.csv,2,18,90,dw00;dw01;dw02;dw03;dw04;dw05;dw06;dw07;dw08,dw00;dw01;dw02;dw03;dw04;dw05;dw06;dw07;dw08,,75,1,2026-08-30T10:00:57.969+0200,dw03,021B,87,1768,-46,-1517,906,3.96,12329
ground-height-2m-20260828-133428,d018m_r090_run01.csv,2,18,90,dw00;dw01;dw02;dw03;dw04;dw05;dw06;dw07;dw08,dw00;dw01;dw02;dw03;dw04;dw05;dw06;dw07;dw08,,15,1,2026-08-30T10:00:57.988+0200,dw00,8103,138,1792,-155,1229,1304,3.57,32226
ground-height-2m-20260828-133428,d018m_r090_run01.csv,2,18,90,dw00;dw01;dw02;dw03;dw04;dw05;dw06;dw07;dw08,dw00;dw01;dw02;dw03;dw04;dw05;dw06;dw07;dw08,,35,1,2026-08-30T10:00:57.998+0200,dw01,1729,82,1776,-139,1391,1103,3.15,42327
ground-height-2m-20260828-133428,d018m_r090_run01.csv,2,18,90,dw00;dw01;dw02;dw03;dw04;dw05;dw06;dw07;dw08,dw00;dw01;dw02;dw03;dw04;dw05;dw06;dw07;dw08,,55,1,2026-08-30T10:00:58.009+0200,dw02,8FB0,178,1779,-101,1779,0,3.33,52307
ground-height-2m-20260828-133428,d018m_r090_run01.csv,2,18,90,dw00;dw01;dw02;dw03;dw04;dw05;dw06;dw07;dw08,dw00;dw01;dw02;dw03;dw04;dw05;dw06;dw07;dw08,,90,1,2026-08-30T10:00:58.019+0200,dw04,0F85,237,1769,1,-994,1464,3.69,62255
ground-height-2m-20260828-133428,d018m_r090_run01.csv,2,18,90,dw00;dw01;dw02;dw03;dw04;dw05;dw06;dw07;dw08,dw00;dw01;dw02;dw03;dw04;dw05;dw06;dw07;dw08,,105,1,2026-08-30T10:00:58.028+0200,dw05,4B92,57,1772,42,-553,1684,2.95,72235
ground-height-2m-20260828-133428,d018m_r090_run01.csv,2,18,90,dw00;dw01;dw02;dw03;dw04;dw05;dw06;dw07;dw08,dw00;dw01;dw02;dw03;dw04;dw05;dw06;dw07;dw08,,125,1,2026-08-30T10:00:58.038+0200,dw06,0789,73,1775,88,-50,1774,3.72,82275
ground-height-2m-20260828-133428,d018m_r090_run01.csv,2,18,90,dw00;dw01;dw02;dw03;dw04;dw05;dw06;dw07;dw08,dw00;dw01;dw02;dw03;dw04;dw05;dw06;dw07;dw08,,145,1,2026-08-30T10:00:58.149+0200,dw07,5783,165,1773,126,365,1735,2.20,2147483
ground-height-2m-20260828-133428,d018m_r090_run01.csv,2,18,90,dw00;dw01;dw02;dw03;dw04;dw05;dw06;dw07;dw08,dw00;dw01;dw02;dw03;dw04;dw05;dw06;dw07;dw08,,75,1,2026-08-30T10:00:58.168+0200,dw03,021B,88,1765,-40,-1452,1003,3.90,12268
ground-height-2m-20260828-133428,d018m_r090_run01.csv,2,18,90,dw00;dw01;dw02;dw03;dw04;dw05;dw06;dw07;dw08,dw00;dw01;dw02;dw03;dw04;dw05;dw06;dw07;dw08,,15,1,2026-08-30T10:00:58.189+0200,dw00,8103,139,1796,-161,1166,1365,3.69,32226
ground-height-2m-20260828-133428,d018m_r090_run01.csv,2,18,90,dw00;dw01;dw02;dw03;dw04;dw05;dw06;dw07;dw08,dw00;dw01;dw02;dw03;dw04;dw05;dw06;dw07;dw08,,165,1,2026-08-30T10:00:58.194+0200,dw08,028E,52,1778,159,733,1619,3.33,37872
ground-height-2m-20260828-133428,d018m_r090_run01.csv,2,18,90,dw00;dw01;dw02;dw03;dw04;dw05;dw06;dw07;dw08,dw00;dw01;dw02;dw03;dw04;dw05;dw06;dw07;dw08,,55,1,2026-08-30T10:00:58.208+0200,dw02,8FB0,179,1777,-97,1776,0,3.33,52337
ground-height-2m-20260828-133428,d018m_r090_run01.csv,2,18,90,dw00;dw01;dw02;dw03;dw04;dw05;dw06;dw07;dw08,dw00;dw01;dw02;dw03;dw04;dw05;dw06;dw07;dw08,,90,1,2026-08-30T10:00:58.219+0200,dw04,0F85,238,1767,13,-868,1539,3.78,62255
ground-height-2m-20260828-133428,d018m_r090_run01.csv,2,18,90,dw00;dw01;dw02;dw03;dw04;dw05;dw06;dw07;dw08,dw00;dw01;dw02;dw03;dw04;dw05;dw06;dw07;dw08,,105,1,2026-08-30T10:00:58.229+0200,dw05,4B92,58,1775,43,-545,1689,2.83,72265
ground-height-2m-20260828-133428,d018m_r090_run01.csv,2,18,90,dw00;dw01;dw02;dw03;dw04;dw05;dw06;dw07;dw08,dw00;dw01;dw02;dw03;dw04;dw05;dw06;dw07;dw08,,125,1,2026-08-30T10:00:58.238+0200,dw06,0789,74,1774,88,-46,1774,3.90,82305
ground-height-2m-20260828-133428,d018m_r090_run01.csv,2,18,90,dw00;dw01;dw02;dw03;dw04;dw05;dw06;dw07;dw08,dw00;dw01;dw02;dw03;dw04;dw05;dw06;dw07;dw08,,145,1,2026-08-30T10:00:58.349+0200,dw07,5783,166,1774,133,446,1717,2.02,2147483
ground-height-2m-20260828-133428,d018m_r090_run01.csv,2,18,90,dw00;dw01;dw02;dw03;dw04;dw05;dw06;dw07;dw08,dw00;dw01;dw02;dw03;dw04;dw05;dw06;dw07;dw08,,75,1,2026-08-30T10:00:58.368+0200,dw03,021B,89,1765,-48,-1542,858,4.08,12237
ground-height-2m-20260828-133428,d018m_r090_run01.csv,2,18,90,dw00;dw01;dw02;dw03;dw04;dw05;dw06;dw07;dw08,dw00;dw01;dw02;dw03;dw04;dw05;dw06;dw07;dw08,,165,1,2026-08-30T10:00:58.378+0200,dw08,028E,53,1777,-74,-1777,0,3.21,22338
ground-height-2m-20260828-133428,d018m_r090_run01.csv,2,18,90,dw00;dw01;dw02;dw03;dw04;dw05;dw06;dw07;dw08,dw00;dw01;dw02;dw03;dw04;dw05;dw06;dw07;dw08,,15,1,2026-08-30T10:00:58.389+0200,dw00,8103,140,1793,-165,1124,1397,3.69,32257
ground-height-2m-20260828-133428,d018m_r090_run01.csv,2,18,90,dw00;dw01;dw02;dw03;dw04;dw05;dw06;dw07;dw08,dw00;dw01;dw02;dw03;dw04;dw05;dw06;dw07;dw08,,55,1,2026-08-30T10:00:58.409+0200,dw02,8FB0,180,1773,-99,1773,0,3.33,52307
ground-height-2m-20260828-133428,d018m_r090_run01.csv,2,18,90,dw00;dw01;dw02;dw03;dw04;dw05;dw06;dw07;dw08,dw00;dw01;dw02;dw03;dw04;dw05;dw06;dw07;dw08,,35,1,2026-08-30T10:00:58.414+0200,dw01,1729,84,1777,-161,1154,1352,3.33,58197
ground-height-2m-20260828-133428,d018m_r090_run01.csv,2,18,90,dw00;dw01;dw02;dw03;dw04;dw05;dw06;dw07;dw08,dw00;dw01;dw02;dw03;dw04;dw05;dw06;dw07;dw08,,105,1,2026-08-30T10:00:58.429+0200,dw05,4B92,59,1776,41,-565,1684,2.71,72204
ground-height-2m-20260828-133428,d018m_r090_run01.csv,2,18,90,dw00;dw01;dw02;dw03;dw04;dw05;dw06;dw07;dw08,dw00;dw01;dw02;dw03;dw04;dw05;dw06;dw07;dw08,,125,1,2026-08-30T10:00:58.439+0200,dw06,0789,75,1775,88,-49,1774,4.02,82244
ground-height-2m-20260828-133428,d018m_r090_run01.csv,2,18,90,dw00;dw01;dw02;dw03;dw04;dw05;dw06;dw07;dw08,dw00;dw01;dw02;dw03;dw04;dw05;dw06;dw07;dw08,,145,1,2026-08-30T10:00:58.548+0200,dw07,5783,167,1775,126,371,1736,2.14,2147483
ground-height-2m-20260828-133428,d018m_r090_run01.csv,2,18,90,dw00;dw01;dw02;dw03;dw04;dw05;dw06;dw07;dw08,dw00;dw01;dw02;dw03;dw04;dw05;dw06;dw07;dw08,,75,1,2026-08-30T10:00:58.568+0200,dw03,021B,90,1769,-39,-1439,1029,4.02,12329
ground-height-2m-20260828-133428,d018m_r090_run01.csv,2,18,90,dw00;dw01;dw02;dw03;dw04;dw05;dw06;dw07;dw08,dw00;dw01;dw02;dw03;dw04;dw05;dw06;dw07;dw08,,165,1,2026-08-30T10:00:58.578+0200,dw08,028E,54,1775,150,625,1661,3.09,22247
ground-height-2m-20260828-133428,d018m_r090_run01.csv,2,18,90,dw00;dw01;dw02;dw03;dw04;dw05;dw06;dw07;dw08,dw00;dw01;dw02;dw03;dw04;dw05;dw06;dw07;dw08,,15,1,2026-08-30T10:00:58.588+0200,dw00,8103,141,1795,-158,1203,1332,3.57,32257
ground-height-2m-20260828-133428,d018m_r090_run01.csv,2,18,90,dw00;dw01;dw02;dw03;dw04;dw05;dw06;dw07;dw08,dw00;dw01;dw02;dw03;dw04;dw05;dw06;dw07;dw08,,35,1,2026-08-30T10:00:58.599+0200,dw01,1729,85,1775,-132,1472,991,3.21,42358
ground-height-2m-20260828-133428,d018m_r090_run01.csv,2,18,90,dw00;dw01;dw02;dw03;dw04;dw05;dw06;dw07;dw08,dw00;dw01;dw02;dw03;dw04;dw05;dw06;dw07;dw08,,55,1,2026-08-30T10:00:58.608+0200,dw02,8FB0,181,1781,-91,1781,0,3.27,52307
ground-height-2m-20260828-133428,d018m_r090_run01.csv,2,18,90,dw00;dw01;dw02;dw03;dw04;dw05;dw06;dw07;dw08,dw00;dw01;dw02;dw03;dw04;dw05;dw06;dw07;dw08,,105,1,2026-08-30T10:00:58.628+0200,dw05,4B92,60,1776,44,-533,1694,2.83,72235
ground-height-2m-20260828-133428,d018m_r090_run01.csv,2,18,90,dw00;dw01;dw02;dw03;dw04;dw05;dw06;dw07;dw08,dw00;dw01;dw02;dw03;dw04;dw05;dw06;dw07;dw08,,90,1,2026-08-30T10:00:58.634+0200,dw04,0F85,240,1766,3,-977,1471,3.90,77819
ground-height-2m-20260828-133428,d018m_r090_run01.csv,2,18,90,dw00;dw01;dw02;dw03;dw04;dw05;dw06;dw07;dw08,dw00;dw01;dw02;dw03;dw04;dw05;dw06;dw07;dw08,,145,1,2026-08-30T10:00:58.748+0200,dw07,5783,168,1777,119,292,1753,2.08,2147483
ground-height-2m-20260828-133428,d018m_r090_run01.csv,2,18,90,dw00;dw01;dw02;dw03;dw04;dw05;dw06;dw07;dw08,dw00;dw01;dw02;dw03;dw04;dw05;dw06;dw07;dw08,,75,1,2026-08-30T10:00:58.769+0200,dw03,021B,91,1767,-51,-1571,809,4.14,12237
ground-height-2m-20260828-133428,d018m_r090_run01.csv,2,18,90,dw00;dw01;dw02;dw03;dw04;dw05;dw06;dw07;dw08,dw00;dw01;dw02;dw03;dw04;dw05;dw06;dw07;dw08,,165,1,2026-08-30T10:00:58.778+0200,dw08,028E,55,1773,-77,-1773,0,3.06,22247
ground-height-2m-20260828-133428,d018m_r090_run01.csv,2,18,90,dw00;dw01;dw02;dw03;dw04;dw05;dw06;dw07;dw08,dw00;dw01;dw02;dw03;dw04;dw05;dw06;dw07;dw08,,15,1,2026-08-30T10:00:58.788+0200,dw00,8103,142,1793,-164,1136,1387,3.57,32257
ground-height-2m-20260828-133428,d018m_r090_run01.csv,2,18,90,dw00;dw01;dw02;dw03;dw04;dw05;dw06;dw07;dw08,dw00;dw01;dw02;dw03;dw04;dw05;dw06;dw07;dw08,,35,1,2026-08-30T10:00:58.798+0200,dw01,1729,86,1773,-127,1519,914,3.06,42358
ground-height-2m-20260828-133428,d018m_r090_run01.csv,2,18,90,dw00;dw01;dw02;dw03;dw04;dw05;dw06;dw07;dw08,dw00;dw01;dw02;dw03;dw04;dw05;dw06;dw07;dw08,,55,1,2026-08-30T10:00:58.809+0200,dw02,8FB0,182,1776,-102,1776,0,3.33,52307
ground-height-2m-20260828-133428,d018m_r090_run01.csv,2,18,90,dw00;dw01;dw02;dw03;dw04;dw05;dw06;dw07;dw08,dw00;dw01;dw02;dw03;dw04;dw05;dw06;dw07;dw08,,90,1,2026-08-30T10:00:58.818+0200,dw04,0F85,241,1766,10,-892,1524,3.78,62255
ground-height-2m-20260828-133428,d018m_r090_run01.csv,2,18,90,dw00;dw01;dw02;dw03;dw04;dw05;dw06;dw07;dw08,dw00;dw01;dw02;dw03;dw04;dw05;dw06;dw07;dw08,,105,1,2026-08-30T10:00:58.828+0200,dw05,4B92,61,1773,42,-545,1687,2.65,72265
ground-height-2m-20260828-133428,d018m_r090_run01.csv,2,18,90,dw00;dw01;dw02;dw03;dw04;dw05;dw06;dw07;dw08,dw00;dw01;dw02;dw03;dw04;dw05;dw06;dw07;dw08,,125,1,2026-08-30T10:00:58.854+0200,dw06,0789,77,1778,96,40,1778,4.02,2147483
ground-height-2m-20260828-133428,d018m_r090_run01.csv,2,18,90,dw00;dw01;dw02;dw03;dw04;dw05;dw06;dw07;dw08,dw00;dw01;dw02;dw03;dw04;dw05;dw06;dw07;dw08,,145,1,2026-08-30T10:00:58.948+0200,dw07,5783,169,1777,138,495,1707,2.20,2147483
ground-height-2m-20260828-133428,d018m_r090_run01.csv,2,18,90,dw00;dw01;dw02;dw03;dw04;dw05;dw06;dw07;dw08,dw00;dw01;dw02;dw03;dw04;dw05;dw06;dw07;dw08,,75,1,2026-08-30T10:00:58.968+0200,dw03,021B,92,1767,-51,-1567,817,4.14,12329
ground-height-2m-20260828-133428,d018m_r090_run01.csv,2,18,90,dw00;dw01;dw02;dw03;dw04;dw05;dw06;dw07;dw08,dw00;dw01;dw02;dw03;dw04;dw05;dw06;dw07;dw08,,165,1,2026-08-30T10:00:58.979+0200,dw08,028E,56,1775,-67,-1752,281,3.09,22247
ground-height-2m-20260828-133428,d018m_r090_run01.csv,2,18,90,dw00;dw01;dw02;dw03;dw04;dw05;dw06;dw07;dw08,dw00;dw01;dw02;dw03;dw04;dw05;dw06;dw07;dw08,,15,1,2026-08-30T10:00:58.988+0200,dw00,8103,143,1791,-167,1094,1418,3.69,32257
ground-height-2m-20260828-133428,d018m_r090_run01.csv,2,18,90,dw00;dw01;dw02;dw03;dw04;dw05;dw06;dw07;dw08,dw00;dw01;dw02;dw03;dw04;dw05;dw06;dw07;dw08,,35,1,2026-08-30T10:00:58.998+0200,dw01,1729,87,1777,-143,1349,1156,3.06,42327
ground-height-2m-20260828-133428,d018m_r090_run01.csv,2,18,90,dw00;dw01;dw02;dw03;dw04;dw05;dw06;dw07;dw08,dw00;dw01;dw02;dw03;dw04;dw05;dw06;dw07;dw08,,55,1,2026-08-30T10:00:59.008+0200,dw02,8FB0,183,1778,-95,1778,0,3.45,52307
ground-height-2m-20260828-133428,d018m_r090_run01.csv,2,18,90,dw00;dw01;dw02;dw03;dw04;dw05;dw06;dw07;dw08,dw00;dw01;dw02;dw03;dw04;dw05;dw06;dw07;dw08,,90,1,2026-08-30T10:00:59.019+0200,dw04,0F85,242,1774,-2,-1038,1438,3.84,62286
ground-height-2m-20260828-133428,d018m_r090_run01.csv,2,18,90,dw00;dw01;dw02;dw03;dw04;dw05;dw06;dw07;dw08,dw00;dw01;dw02;dw03;dw04;dw05;dw06;dw07;dw08,,105,1,2026-08-30T10:00:59.028+0200,dw05,4B92,62,1774,41,-566,1681,2.77,72265
ground-height-2m-20260828-133428,d018m_r090_run01.csv,2,18,90,dw00;dw01;dw02;dw03;dw04;dw05;dw06;dw07;dw08,dw00;dw01;dw02;dw03;dw04;dw05;dw06;dw07;dw08,,125,1,2026-08-30T10:00:59.038+0200,dw06,0789,78,1774,86,-64,1773,3.90,82366
ground-height-2m-20260828-133428,d018m_r090_run01.csv,2,18,90,dw00;dw01;dw02;dw03;dw04;dw05;dw06;dw07;dw08,dw00;dw01;dw02;dw03;dw04;dw05;dw06;dw07;dw08,,145,1,2026-08-30T10:00:59.148+0200,dw07,5783,170,1774,124,341,1741,2.26,2147483
ground-height-2m-20260828-133428,d018m_r090_run01.csv,2,18,90,dw00;dw01;dw02;dw03;dw04;dw05;dw06;dw07;dw08,dw00;dw01;dw02;dw03;dw04;dw05;dw06;dw07;dw08,,75,1,2026-08-30T10:00:59.168+0200,dw03,021B,93,1770,-52,-1585,788,4.02,12268
ground-height-2m-20260828-133428,d018m_r090_run01.csv,2,18,90,dw00;dw01;dw02;dw03;dw04;dw05;dw06;dw07;dw08,dw00;dw01;dw02;dw03;dw04;dw05;dw06;dw07;dw08,,165,1,2026-08-30T10:00:59.178+0200,dw08,028E,57,1769,-61,-1684,542,3.15,22277
ground-height-2m-20260828-133428,d018m_r090_run01.csv,2,18,90,dw00;dw01;dw02;dw03;dw04;dw05;dw06;dw07;dw08,dw00;dw01;dw02;dw03;dw04;dw05;dw06;dw07;dw08,,15,1,2026-08-30T10:00:59.188+0200,dw00,8103,144,1796,-161,1169,1364,3.63,32287
ground-height-2m-20260828-133428,d018m_r090_run01.csv,2,18,90,dw00;dw01;dw02;dw03;dw04;dw05;dw06;dw07;dw08,dw00;dw01;dw02;dw03;dw04;dw05;dw06;dw07;dw08,,35,1,2026-08-30T10:00:59.198+0200,dw01,1729,88,1782,-135,1440,1050,3.09,42327
ground-height-2m-20260828-133428,d018m_r090_run01.csv,2,18,90,dw00;dw01;dw02;dw03;dw04;dw05;dw06;dw07;dw08,dw00;dw01;dw02;dw03;dw04;dw05;dw06;dw07;dw08,,55,1,2026-08-30T10:00:59.208+0200,dw02,8FB0,184,1781,-97,1781,0,3.27,52337
ground-height-2m-20260828-133428,d018m_r090_run01.csv,2,18,90,dw00;dw01;dw02;dw03;dw04;dw05;dw06;dw07;dw08,dw00;dw01;dw02;dw03;dw04;dw05;dw06;dw07;dw08,,90,1,2026-08-30T10:00:59.218+0200,dw04,0F85,243,1772,-4,-1059,1420,3.69,62255
ground-height-2m-20260828-133428,d018m_r090_run01.csv,2,18,90,dw00;dw01;dw02;dw03;dw04;dw05;dw06;dw07;dw08,dw00;dw01;dw02;dw03;dw04;dw05;dw06;dw07;dw08,,105,1,2026-08-30T10:00:59.229+0200,dw05,4B92,63,1775,43,-538,1692,2.77,72235
ground-height-2m-20260828-133428,d018m_r090_run01.csv,2,18,90,dw00;dw01;dw02;dw03;dw04;dw05;dw06;dw07;dw08,dw00;dw01;dw02;dw03;dw04;dw05;dw06;dw07;dw08,,125,1,2026-08-30T10:00:59.238+0200,dw06,0789,79,1776,85,-78,1774,3.90,82305
ground-height-2m-20260828-133428,d018m_r090_run01.csv,2,18,90,dw00;dw01;dw02;dw03;dw04;dw05;dw06;dw07;dw08,dw00;dw01;dw02;dw03;dw04;dw05;dw06;dw07;dw08,,145,1,2026-08-30T10:00:59.348+0200,dw07,5783,171,1773,124,350,1738,2.20,2147483
ground-height-2m-20260828-133428,d018m_r090_run01.csv,2,18,90,dw00;dw01;dw02;dw03;dw04;dw05;dw06;dw07;dw08,dw00;dw01;dw02;dw03;dw04;dw05;dw06;dw07;dw08,,75,1,2026-08-30T10:00:59.368+0200,dw03,021B,94,1762,-36,-1401,1069,4.08,12298
ground-height-2m-20260828-133428,d018m_r090_run01.csv,2,18,90,dw00;dw01;dw02;dw03;dw04;dw05;dw06;dw07;dw08,dw00;dw01;dw02;dw03;dw04;dw05;dw06;dw07;dw08,,165,1,2026-08-30T10:00:59.378+0200,dw08,028E,58,1775,160,737,1614,3.09,22277
ground-height-2m-20260828-133428,d018m_r090_run01.csv,2,18,90,dw00;dw01;dw02;dw03;dw04;dw05;dw06;dw07;dw08,dw00;dw01;dw02;dw03;dw04;dw05;dw06;dw07;dw08,,15,1,2026-08-30T10:00:59.388+0200,dw00,8103,145,1794,-160,1178,1352,3.51,32257
ground-height-2m-20260828-133428,d018m_r090_run01.csv,2,18,90,dw00;dw01;dw02;dw03;dw04;dw05;dw06;dw07;dw08,dw00;dw01;dw02;dw03;dw04;dw05;dw06;dw07;dw08,,35,1,2026-08-30T10:00:59.398+0200,dw01,1729,89,1773,-135,1438,1037,3.06,42327
ground-height-2m-20260828-133428,d018m_r090_run01.csv,2,18,90,dw00;dw01;dw02;dw03;dw04;dw05;dw06;dw07;dw08,dw00;dw01;dw02;dw03;dw04;dw05;dw06;dw07;dw08,,55,1,2026-08-30T10:00:59.408+0200,dw02,8FB0,185,1777,-100,1777,0,3.33,52337
ground-height-2m-20260828-133428,d018m_r090_run01.csv,2,18,90,dw00;dw01;dw02;dw03;dw04;dw05;dw06;dw07;dw08,dw00;dw01;dw02;dw03;dw04;dw05;dw06;dw07;dw08,,90,1,2026-08-30T10:00:59.418+0200,dw04,0F85,244,1769,-5,-1076,1404,3.78,62255
ground-height-2m-20260828-133428,d018m_r090_run01.csv,2,18,90,dw00;dw01;dw02;dw03;dw04;dw05;dw06;dw07;dw08,dw00;dw01;dw02;dw03;dw04;dw05;dw06;dw07;dw08,,105,1,2026-08-30T10:00:59.428+0200,dw05,4B92,64,1776,44,-528,1696,2.83,72235
ground-height-2m-20260828-133428,d018m_r090_run01.csv,2,18,90,dw00;dw01;dw02;dw03;dw04;dw05;dw06;dw07;dw08,dw00;dw01;dw02;dw03;dw04;dw05;dw06;dw07;dw08,,125,1,2026-08-30T10:00:59.438+0200,dw06,0789,80,1777,91,-15,1777,3.90,82244
ground-height-2m-20260828-133428,d018m_r090_run01.csv,2,18,90,dw00;dw01;dw02;dw03;dw04;dw05;dw06;dw07;dw08,dw00;dw01;dw02;dw03;dw04;dw05;dw06;dw07;dw08,,145,1,2026-08-30T10:00:59.548+0200,dw07,5783,172,1781,136,476,1716,2.20,2147483
ground-height-2m-20260828-133428,d018m_r090_run01.csv,2,18,90,dw00;dw01;dw02;dw03;dw04;dw05;dw06;dw07;dw08,dw00;dw01;dw02;dw03;dw04;dw05;dw06;dw07;dw08,,75,1,2026-08-30T10:00:59.568+0200,dw03,021B,95,1769,-50,-1563,828,4.02,12329
ground-height-2m-20260828-133428,d018m_r090_run01.csv,2,18,90,dw00;dw01;dw02;dw03;dw04;dw05;dw06;dw07;dw08,dw00;dw01;dw02;dw03;dw04;dw05;dw06;dw07;dw08,,165,1,2026-08-30T10:00:59.578+0200,dw08,028E,59,1776,150,630,1660,3.27,22247
ground-height-2m-20260828-133428,d018m_r090_run01.csv,2,18,90,dw00;dw01;dw02;dw03;dw04;dw05;dw06;dw07;dw08,dw00;dw01;dw02;dw03;dw04;dw05;dw06;dw07;dw08,,15,1,2026-08-30T10:00:59.588+0200,dw00,8103,146,1790,-167,1094,1417,3.63,32257
ground-height-2m-20260828-133428,d018m_r090_run01.csv,2,18,90,dw00;dw01;dw02;dw03;dw04;dw05;dw06;dw07;dw08,dw00;dw01;dw02;dw03;dw04;dw05;dw06;dw07;dw08,,35,1,2026-08-30T10:00:59.598+0200,dw01,1729,90,1777,-117,1636,694,2.95,42327
ground-height-2m-20260828-133428,d018m_r090_run01.csv,2,18,90,dw00;dw01;dw02;dw03;dw04;dw05;dw06;dw07;dw08,dw00;dw01;dw02;dw03;dw04;dw05;dw06;dw07;dw08,,55,1,2026-08-30T10:00:59.608+0200,dw02,8FB0,186,1780,-91,1780,0,3.27,52368
ground-height-2m-20260828-133428,d018m_r090_run01.csv,2,18,90,dw00;dw01;dw02;dw03;dw04;dw05;dw06;dw07;dw08,dw00;dw01;dw02;dw03;dw04;dw05;dw06;dw07;dw08,,90,1,2026-08-30T10:00:59.618+0200,dw04,0F85,245,1769,-5,-1068,1410,3.57,62255
ground-height-2m-20260828-133428,d018m_r090_run01.csv,2,18,90,dw00;dw01;dw02;dw03;dw04;dw05;dw06;dw07;dw08,dw00;dw01;dw02;dw03;dw04;dw05;dw06;dw07;dw08,,105,1,2026-08-30T10:00:59.628+0200,dw05,4B92,65,1772,29,-691,1632,2.83,72265
ground-height-2m-20260828-133428,d018m_r090_run01.csv,2,18,90,dw00;dw01;dw02;dw03;dw04;dw05;dw06;dw07;dw08,dw00;dw01;dw02;dw03;dw04;dw05;dw06;dw07;dw08,,125,1,2026-08-30T10:00:59.638+0200,dw06,0789,81,1774,91,-9,1774,3.84,82275
ground-height-2m-20260828-133428,d018m_r090_run01.csv,2,18,90,dw00;dw01;dw02;dw03;dw04;dw05;dw06;dw07;dw08,dw00;dw01;dw02;dw03;dw04;dw05;dw06;dw07;dw08,,145,1,2026-08-30T10:00:59.748+0200,dw07,5783,173,1771,137,490,1702,2.14,2147483
ground-height-2m-20260828-133428,d018m_r090_run01.csv,2,18,90,dw00;dw01;dw02;dw03;dw04;dw05;dw06;dw07;dw08,dw00;dw01;dw02;dw03;dw04;dw05;dw06;dw07;dw08,,75,1,2026-08-30T10:00:59.768+0200,dw03,021B,96,1767,-44,-1491,948,4.02,12268
ground-height-2m-20260828-133428,d018m_r090_run01.csv,2,18,90,dw00;dw01;dw02;dw03;dw04;dw05;dw06;dw07;dw08,dw00;dw01;dw02;dw03;dw04;dw05;dw06;dw07;dw08,,165,1,2026-08-30T10:00:59.778+0200,dw08,028E,60,1775,-80,-1775,0,3.21,22247
ground-height-2m-20260828-133428,d018m_r090_run01.csv,2,18,90,dw00;dw01;dw02;dw03;dw04;dw05;dw06;dw07;dw08,dw00;dw01;dw02;dw03;dw04;dw05;dw06;dw07;dw08,,15,1,2026-08-30T10:00:59.788+0200,dw00,8103,147,1792,-160,1174,1353,3.57,32257
ground-height-2m-20260828-133428,d018m_r090_run01.csv,2,18,90,dw00;dw01;dw02;dw03;dw04;dw05;dw06;dw07;dw08,dw00;dw01;dw02;dw03;dw04;dw05;dw06;dw07;dw08,,35,1,2026-08-30T10:00:59.798+0200,dw01,1729,91,1777,-129,1501,951,3.09,42327
ground-height-2m-20260828-133428,d018m_r090_run01.csv,2,18,90,dw00;dw01;dw02;dw03;dw04;dw05;dw06;dw07;dw08,dw00;dw01;dw02;dw03;dw04;dw05;dw06;dw07;dw08,,55,1,2026-08-30T10:00:59.808+0200,dw02,8FB0,187,1779,-98,1779,0,3.33,52307
ground-height-2m-20260828-133428,d018m_r090_run01.csv,2,18,90,dw00;dw01;dw02;dw03;dw04;dw05;dw06;dw07;dw08,dw00;dw01;dw02;dw03;dw04;dw05;dw06;dw07;dw08,,90,1,2026-08-30T10:00:59.818+0200,dw04,0F85,246,1774,0,-1017,1453,3.69,62255
ground-height-2m-20260828-133428,d018m_r090_run01.csv,2,18,90,dw00;dw01;dw02;dw03;dw04;dw05;dw06;dw07;dw08,dw00;dw01;dw02;dw03;dw04;dw05;dw06;dw07;dw08,,105,1,2026-08-30T10:00:59.828+0200,dw05,4B92,66,1772,50,-463,1711,2.71,72265
ground-height-2m-20260828-133428,d018m_r090_run01.csv,2,18,90,dw00;dw01;dw02;dw03;dw04;dw05;dw06;dw07;dw08,dw00;dw01;dw02;dw03;dw04;dw05;dw06;dw07;dw08,,125,1,2026-08-30T10:00:59.838+0200,dw06,0789,82,1773,83,-105,1770,3.78,82275
ground-height-2m-20260828-133428,d018m_r090_run01.csv,2,18,90,dw00;dw01;dw02;dw03;dw04;dw05;dw06;dw07;dw08,dw00;dw01;dw02;dw03;dw04;dw05;dw06;dw07;dw08,,145,1,2026-08-30T10:00:59.948+0200,dw07,5783,174,1776,125,361,1738,2.20,2147483
ground-height-2m-20260828-133428,d018m_r090_run01.csv,2,18,90,dw00;dw01;dw02;dw03;dw04;dw05;dw06;dw07;dw08,dw00;dw01;dw02;dw03;dw04;dw05;dw06;dw07;dw08,,75,1,2026-08-30T10:00:59.968+0200,dw03,021B,97,1768,-53,-1595,761,4.08,12298
ground-height-2m-20260828-133428,d018m_r090_run01.csv,2,18,90,dw00;dw01;dw02;dw03;dw04;dw05;dw06;dw07;dw08,dw00;dw01;dw02;dw03;dw04;dw05;dw06;dw07;dw08,,165,1,2026-08-30T10:00:59.977+0200,dw08,028E,61,1773,158,718,1621,3.15,22308
ground-height-2m-20260828-133428,d018m_r090_run01.csv,2,18,90,dw00;dw01;dw02;dw03;dw04;dw05;dw06;dw07;dw08,dw00;dw01;dw02;dw03;dw04;dw05;dw06;dw07;dw08,,15,1,2026-08-30T10:00:59.988+0200,dw00,8103,148,1792,-167,1094,1419,3.57,32257
ground-height-2m-20260828-133428,d018m_r090_run01.csv,2,18,90,dw00;dw01;dw02;dw03;dw04;dw05;dw06;dw07;dw08,dw00;dw01;dw02;dw03;dw04;dw05;dw06;dw07;dw08,,35,1,2026-08-30T10:00:59.998+0200,dw01,1729,92,1778,-127,1528,910,3.06,42327
ground-height-2m-20260828-133428,d018m_r090_run01.csv,2,18,90,dw00;dw01;dw02;dw03;dw04;dw05;dw06;dw07;dw08,dw00;dw01;dw02;dw03;dw04;dw05;dw06;dw07;dw08,,55,1,2026-08-30T10:01:00.008+0200,dw02,8FB0,188,1777,-92,1777,0,3.33,52307
ground-height-2m-20260828-133428,d018m_r090_run01.csv,2,18,90,dw00;dw01;dw02;dw03;dw04;dw05;dw06;dw07;dw08,dw00;dw01;dw02;dw03;dw04;dw05;dw06;dw07;dw08,,90,1,2026-08-30T10:01:00.018+0200,dw04,0F85,247,1770,4,-966,1483,3.69,62255
ground-height-2m-20260828-133428,d018m_r090_run01.csv,2,18,90,dw00;dw01;dw02;dw03;dw04;dw05;dw06;dw07;dw08,dw00;dw01;dw02;dw03;dw04;dw05;dw06;dw07;dw08,,105,1,2026-08-30T10:01:00.028+0200,dw05,4B92,67,1773,40,-573,1678,2.71,72235
ground-height-2m-20260828-133428,d018m_r090_run01.csv,2,18,90,dw00;dw01;dw02;dw03;dw04;dw05;dw06;dw07;dw08,dw00;dw01;dw02;dw03;dw04;dw05;dw06;dw07;dw08,,125,1,2026-08-30T10:01:00.038+0200,dw06,0789,83,1772,90,-28,1772,3.90,82305
ground-height-2m-20260828-133428,d018m_r090_run01.csv,2,18,90,dw00;dw01;dw02;dw03;dw04;dw05;dw06;dw07;dw08,dw00;dw01;dw02;dw03;dw04;dw05;dw06;dw07;dw08,,145,1,2026-08-30T10:01:00.147+0200,dw07,5783,175,1775,126,369,1736,2.26,2147483
ground-height-2m-20260828-133428,d018m_r090_run01.csv,2,18,90,dw00;dw01;dw02;dw03;dw04;dw05;dw06;dw07;dw08,dw00;dw01;dw02;dw03;dw04;dw05;dw06;dw07;dw08,,75,1,2026-08-30T10:01:00.168+0200,dw03,021B,98,1765,-52,-1585,777,4.02,12298
ground-height-2m-20260828-133428,d018m_r090_run01.csv,2,18,90,dw00;dw01;dw02;dw03;dw04;dw05;dw06;dw07;dw08,dw00;dw01;dw02;dw03;dw04;dw05;dw06;dw07;dw08,,165,1,2026-08-30T10:01:00.178+0200,dw08,028E,62,1775,155,684,1638,3.21,22247
ground-height-2m-20260828-133428,d018m_r090_run01.csv,2,18,90,dw00;dw01;dw02;dw03;dw04;dw05;dw06;dw07;dw08,dw00;dw01;dw02;dw03;dw04;dw05;dw06;dw07;dw08,,15,1,2026-08-30T10:01:00.187+0200,dw00,8103,149,1792,-161,1169,1359,3.63,32257
ground-height-2m-20260828-133428,d018m_r090_run01.csv,2,18,90,dw00;dw01;dw02;dw03;dw04;dw05;dw06;dw07;dw08,dw00;dw01;dw02;dw03;dw04;dw05;dw06;dw07;dw08,,35,1,2026-08-30T10:01:00.198+0200,dw01,1729,93,1778,-132,1469,1001,3.15,42327
ground-height-2m-20260828-133428,d018m_r090_run01.csv,2,18,90,dw00;dw01;dw02;dw03;dw04;dw05;dw06;dw07;dw08,dw00;dw01;dw02;dw03;dw04;dw05;dw06;dw07;dw08,,55,1,2026-08-30T10:01:00.208+0200,dw02,8FB0,189,1779,-95,1779,0,3.33,52307
ground-height-2m-20260828-133428,d018m_r090_run01.csv,2,18,90,dw00;dw01;dw02;dw03;dw04;dw05;dw06;dw07;dw08,dw00;dw01;dw02;dw03;dw04;dw05;dw06;dw07;dw08,,90,1,2026-08-30T10:01:00.218+0200,dw04,0F85,248,1770,9,-911,1518,3.90,62255
ground-height-2m-20260828-133428,d018m_r090_run01.csv,2,18,90,dw00;dw01;dw02;dw03;dw04;dw05;dw06;dw07;dw08,dw00;dw01;dw02;dw03;dw04;dw05;dw06;dw07;dw08,,105,1,2026-08-30T10:01:00.227+0200,dw05,4B92,68,1773,51,-446,1716,2.71,72265
ground-height-2m-20260828-133428,d018m_r090_run01.csv,2,18,90,dw00;dw01;dw02;dw03;dw04;dw05;dw06;dw07;dw08,dw00;dw01;dw02;dw03;dw04;dw05;dw06;dw07;dw08,,125,1,2026-08-30T10:01:00.238+0200,dw06,0789,84,1773,89,-41,1773,3.78,82275
ground-height-2m-20260828-133428,d018m_r090_run01.csv,2,18,90,dw00;dw01;dw02;dw03;dw04;dw05;dw06;dw07;dw08,dw00;dw01;dw02;dw03;dw04;dw05;dw06;dw07;dw08,,145,1,2026-08-30T10:01:00.348+0200,dw07,5783,176,1776,123,335,1744,2.20,2147483
ground-height-2m-20260828-133428,d018m_r090_run01.csv,2,18,90,dw00;dw01;dw02;dw03;dw04;dw05;dw06;dw07;dw08,dw00;dw01;dw02;dw03;dw04;dw05;dw06;dw07;dw08,,75,1,2026-08-30T10:01:00.368+0200,dw03,021B,99,1765,-51,-1570,807,4.02,12268
ground-height-2m-20260828-133428,d018m_r090_run01.csv,2,18,90,dw00;dw01;dw02;dw03;dw04;dw05;dw06;dw07;dw08,dw00;dw01;dw02;dw03;dw04;dw05;dw06;dw07;dw08,,165,1,2026-08-30T10:01:00.378+0200,dw08,028E,63,1774,-47,-1534,889,3.09,22277
ground-height-2m-20260828-133428,d018m_r090_run01.csv,2,18,90,dw00;dw01;dw02;dw03;dw04;dw05;dw06;dw07;dw08,dw00;dw01;dw02;dw03;dw04;dw05;dw06;dw07;dw08,,15,1,2026-08-30T10:01:00.388+0200,dw00,8103,150,1793,-153,1251,1285,3.63,32226
ground-height-2m-20260828-133428,d018m_r090_run01.csv,2,18,90,dw00;dw01;dw02;dw03;dw04;dw05;dw06;dw07;dw08,dw00;dw01;dw02;dw03;dw04;dw05;dw06;dw07;dw08,,35,1,2026-08-30T10:01:00.397+0200,dw01,1729,94,1773,-130,1489,963,3.06,42297
ground-height-2m-20260828-133428,d018m_r090_run01.csv,2,18,90,dw00;dw01;dw02;dw03;dw04;dw05;dw06;dw07;dw08,dw00;dw01;dw02;dw03;dw04;dw05;dw06;dw07;dw08,,55,1,2026-08-30T10:01:00.408+0200,dw02,8FB0,190,1778,-103,1778,0,3.45,52307
ground-height-2m-20260828-133428,d018m_r090_run01.csv,2,18,90,dw00;dw01;dw02;dw03;dw04;dw05;dw06;dw07;dw08,dw00;dw01;dw02;dw03;dw04;dw05;dw06;dw07;dw08,,90,1,2026-08-30T10:01:00.418+0200,dw04,0F85,249,1769,-1,-1030,1438,3.69,62286
ground-height-2m-20260828-133428,d018m_r090_run01.csv,2,18,90,dw00;dw01;dw02;dw03;dw04;dw05;dw06;dw07;dw08,dw00;dw01;dw02;dw03;dw04;dw05;dw06;dw07;dw08,,105,1,2026-08-30T10:01:00.428+0200,dw05,4B92,69,1772,38,-590,1670,2.83,72265
ground-height-2m-20260828-133428,d018m_r090_run01.csv,2,18,90,dw00;dw01;dw02;dw03;dw04;dw05;dw06;dw07;dw08,dw00;dw01;dw02;dw03;dw04;dw05;dw06;dw07;dw08,,125,1,2026-08-30T10:01:00.437+0200,dw06,0789,85,1777,83,-105,1774,3.96,82275
ground-height-2m-20260828-133428,d018m_r090_run01.csv,2,18,90,dw00;dw01;dw02;dw03;dw04;dw05;dw06;dw07;dw08,dw00;dw01;dw02;dw03;dw04;dw05;dw06;dw07;dw08,,145,1,2026-08-30T10:01:00.548+0200,dw07,5783,177,1774,134,457,1714,2.26,2147483
ground-height-2m-20260828-133428,d018m_r090_run01.csv,2,18,90,dw00;dw01;dw02;dw03;dw04;dw05;dw06;dw07;dw08,dw00;dw01;dw02;dw03;dw04;dw05;dw06;dw07;dw08,,75,1,2026-08-30T10:01:00.567+0200,dw03,021B,100,1768,-43,-1482,962,4.08,12298
ground-height-2m-20260828-133428,d018m_r090_run01.csv,2,18,90,dw00;dw01;dw02;dw03;dw04;dw05;dw06;dw07;dw08,dw00;dw01;dw02;dw03;dw04;dw05;dw06;dw07;dw08,,165,1,2026-08-30T10:01:00.578+0200,dw08,028E,64,1771,138,492,1702,3.09,22277
ground-height-2m-20260828-133428,d018m_r090_run01.csv,2,18,90,dw00;dw01;dw02;dw03;dw04;dw05;dw06;dw07;dw08,dw00;dw01;dw02;dw03;dw04;dw05;dw06;dw07;dw08,,15,1,2026-08-30T10:01:00.588+0200,dw00,8103,151,1792,-158,1194,1337,3.63,32257
ground-height-2m-20260828-133428,d018m_r090_run01.csv,2,18,90,dw00;dw01;dw02;dw03;dw04;dw05;dw06;dw07;dw08,dw00;dw01;dw02;dw03;dw04;dw05;dw06;dw07;dw08,,35,1,2026-08-30T10:01:00.598+0200,dw01,1729,95,1774,-130,1488,964,3.06,42297
ground-height-2m-20260828-133428,d018m_r090_run01.csv,2,18,90,dw00;dw01;dw02;dw03;dw04;dw05;dw06;dw07;dw08,dw00;dw01;dw02;dw03;dw04;dw05;dw06;dw07;dw08,,55,1,2026-08-30T10:01:00.607+0200,dw02,8FB0,191,1779,-96,1779,0,3.39,52337
ground-height-2m-20260828-133428,d018m_r090_run01.csv,2,18,90,dw00;dw01;dw02;dw03;dw04;dw05;dw06;dw07;dw08,dw00;dw01;dw02;dw03;dw04;dw05;dw06;dw07;dw08,,90,1,2026-08-30T10:01:00.618+0200,dw04,0F85,250,1773,5,-955,1494,3.57,62255
ground-height-2m-20260828-133428,d018m_r090_run01.csv,2,18,90,dw00;dw01;dw02;dw03;dw04;dw05;dw06;dw07;dw08,dw00;dw01;dw02;dw03;dw04;dw05;dw06;dw07;dw08,,105,1,2026-08-30T10:01:00.628+0200,dw05,4B92,70,1771,31,-665,1641,2.77,72235
ground-height-2m-20260828-133428,d018m_r090_run01.csv,2,18,90,dw00;dw01;dw02;dw03;dw04;dw05;dw06;dw07;dw08,dw00;dw01;dw02;dw03;dw04;dw05;dw06;dw07;dw08,,125,1,2026-08-30T10:01:00.638+0200,dw06,0789,86,1777,88,-48,1776,3.78,82275
ground-height-2m-20260828-133428,d018m_r090_run01.csv,2,18,90,dw00;dw01;dw02;dw03;dw04;dw05;dw06;dw07;dw08,dw00;dw01;dw02;dw03;dw04;dw05;dw06;dw07;dw08,,145,1,2026-08-30T10:01:00.748+0200,dw07,5783,178,1775,128,388,1732,2.26,2147483
ground-height-2m-20260828-133428,d018m_r090_run01.csv,2,18,90,dw00;dw01;dw02;dw03;dw04;dw05;dw06;dw07;dw08,dw00;dw01;dw02;dw03;dw04;dw05;dw06;dw07;dw08,,75,1,2026-08-30T10:01:00.767+0200,dw03,021B,101,1769,-48,-1537,877,4.02,12268
ground-height-2m-20260828-133428,d018m_r090_run01.csv,2,18,90,dw00;dw01;dw02;dw03;dw04;dw05;dw06;dw07;dw08,dw00;dw01;dw02;dw03;dw04;dw05;dw06;dw07;dw08,,165,1,2026-08-30T10:01:00.777+0200,dw08,028E,65,1775,-55,-1622,719,3.09,22277
ground-height-2m-20260828-133428,d018m_r090_run01.csv,2,18,90,dw00;dw01;dw02;dw03;dw04;dw05;dw06;dw07;dw08,dw00;dw01;dw02;dw03;dw04;dw05;dw06;dw07;dw08,,15,1,2026-08-30T10:01:00.788+0200,dw00,8103,152,1793,-160,1171,1357,3.69,32257
ground-height-2m-20260828-133428,d018m_r090_run01.csv,2,18,90,dw00;dw01;dw02;dw03;dw04;dw05;dw06;dw07;dw08,dw00;dw01;dw02;dw03;dw04;dw05;dw06;dw07;dw08,,35,1,2026-08-30T10:01:00.798+0200,dw01,1729,96,1775,140,518,1698,3.01,42297
ground-height-2m-20260828-133428,d018m_r090_run01.csv,2,18,90,dw00;dw01;dw02;dw03;dw04;dw05;dw06;dw07;dw08,dw00;dw01;dw02;dw03;dw04;dw05;dw06;dw07;dw08,,55,1,2026-08-30T10:01:00.807+0200,dw02,8FB0,192,1777,-97,1777,0,3.33,52337
ground-height-2m-20260828-133428,d018m_r090_run01.csv,2,18,90,dw00;dw01;dw02;dw03;dw04;dw05;dw06;dw07;dw08,dw00;dw01;dw02;dw03;dw04;dw05;dw06;dw07;dw08,,90,1,2026-08-30T10:01:00.817+0200,dw04,0F85,251,1768,-10,-1129,1360,3.78,62225
ground-height-2m-20260828-133428,d018m_r090_run01.csv,2,18,90,dw00;dw01;dw02;dw03;dw04;dw05;dw06;dw07;dw08,dw00;dw01;dw02;dw03;dw04;dw05;dw06;dw07;dw08,,105,1,2026-08-30T10:01:00.828+0200,dw05,4B92,71,1775,43,-539,1691,2.65,72265
ground-height-2m-20260828-133428,d018m_r090_run01.csv,2,18,90,dw00;dw01;dw02;dw03;dw04;dw05;dw06;dw07;dw08,dw00;dw01;dw02;dw03;dw04;dw05;dw06;dw07;dw08,,125,1,2026-08-30T10:01:00.838+0200,dw06,0789,87,1777,84,-89,1774,3.84,82275
ground-height-2m-20260828-133428,d018m_r090_run01.csv,2,18,90,dw00;dw01;dw02;dw03;dw04;dw05;dw06;dw07;dw08,dw00;dw01;dw02;dw03;dw04;dw05;dw06;dw07;dw08,,145,1,2026-08-30T10:01:00.947+0200,dw07,5783,179,1773,131,426,1721,2.20,2147483
ground-height-2m-20260828-133428,d018m_r090_run01.csv,2,18,90,dw00;dw01;dw02;dw03;dw04;dw05;dw06;dw07;dw08,dw00;dw01;dw02;dw03;dw04;dw05;dw06;dw07;dw08,,75,1,2026-08-30T10:01:00.968+0200,dw03,021B,102,1763,-55,-1614,711,3.96,12298
ground-height-2m-20260828-133428,d018m_r090_run01.csv,2,18,90,dw00;dw01;dw02;dw03;dw04;dw05;dw06;dw07;dw08,dw00;dw01;dw02;dw03;dw04;dw05;dw06;dw07;dw08,,165,1,2026-08-30T10:01:00.977+0200,dw08,028E,66,1774,155,681,1638,3.09,22277
ground-height-2m-20260828-133428,d018m_r090_run01.csv,2,18,90,dw00;dw01;dw02;dw03;dw04;dw05;dw06;dw07;dw08,dw00;dw01;dw02;dw03;dw04;dw05;dw06;dw07;dw08,,15,1,2026-08-30T10:01:00.987+0200,dw00,8103,153,1790,-166,1108,1406,3.51,32226
ground-height-2m-20260828-133428,d018m_r090_run01.csv,2,18,90,dw00;dw01;dw02;dw03;dw04;dw05;dw06;dw07;dw08,dw00;dw01;dw02;dw03;dw04;dw05;dw06;dw07;dw08,,35,1,2026-08-30T10:01:00.998+0200,dw01,1729,97,1777,-130,1494,960,3.06,42327
ground-height-2m-20260828-133428,d018m_r090_run01.csv,2,18,90,dw00;dw01;dw02;dw03;dw04;dw05;dw06;dw07;dw08,dw00;dw01;dw02;dw03;dw04;dw05;dw06;dw07;dw08,,55,1,2026-08-30T10:01:01.008+0200,dw02,8FB0,193,1778,-98,1778,0,3.33,52307
ground-height-2m-20260828-133428,d018m_r090_run01.csv,2,18,90,dw00;dw01;dw02;dw03;dw04;dw05;dw06;dw07;dw08,dw00;dw01;dw02;dw03;dw04;dw05;dw06;dw07;dw08,,90,1,2026-08-30T10:01:01.017+0200,dw04,0F85,252,1768,0,-1012,1449,3.72,62286
ground-height-2m-20260828-133428,d018m_r090_run01.csv,2,18,90,dw00;dw01;dw02;dw03;dw04;dw05;dw06;dw07;dw08,dw00;dw01;dw02;dw03;dw04;dw05;dw06;dw07;dw08,,105,1,2026-08-30T10:01:01.027+0200,dw05,4B92,72,1774,51,-452,1715,2.89,72265
ground-height-2m-20260828-133428,d018m_r090_run01.csv,2,18,90,dw00;dw01;dw02;dw03;dw04;dw05;dw06;dw07;dw08,dw00;dw01;dw02;dw03;dw04;dw05;dw06;dw07;dw08,,125,1,2026-08-30T10:01:01.038+0200,dw06,0789,88,1775,92,0,1775,3.84,82275
ground-height-2m-20260828-133428,d018m_r090_run01.csv,2,18,90,dw00;dw01;dw02;dw03;dw04;dw05;dw06;dw07;dw08,dw00;dw01;dw02;dw03;dw04;dw05;dw06;dw07;dw08,,145,1,2026-08-30T10:01:01.147+0200,dw07,5783,180,1777,124,343,1744,2.20,2147483
ground-height-2m-20260828-133428,d018m_r090_run01.csv,2,18,90,dw00;dw01;dw02;dw03;dw04;dw05;dw06;dw07;dw08,dw00;dw01;dw02;dw03;dw04;dw05;dw06;dw07;dw08,,75,1,2026-08-30T10:01:01.168+0200,dw03,021B,103,1769,-44,-1499,938,4.02,12268
ground-height-2m-20260828-133428,d018m_r090_run01.csv,2,18,90,dw00;dw01;dw02;dw03;dw04;dw05;dw06;dw07;dw08,dw00;dw01;dw02;dw03;dw04;dw05;dw06;dw07;dw08,,165,1,2026-08-30T10:01:01.178+0200,dw08,028E,67,1777,154,677,1643,3.09,22277
ground-height-2m-20260828-133428,d018m_r090_run01.csv,2,18,90,dw00;dw01;dw02;dw03;dw04;dw05;dw06;dw07;dw08,dw00;dw01;dw02;dw03;dw04;dw05;dw06;dw07;dw08,,15,1,2026-08-30T10:01:01.187+0200,dw00,8103,154,1792,-154,1243,1291,3.45,32226
ground-height-2m-20260828-133428,d018m_r090_run01.csv,2,18,90,dw00;dw01;dw02;dw03;dw04;dw05;dw06;dw07;dw08,dw00;dw01;dw02;dw03;dw04;dw05;dw06;dw07;dw08,,35,1,2026-08-30T10:01:01.197+0200,dw01,1729,98,1775,-131,1482,975,3.09,42327
ground-height-2m-20260828-133428,d018m_r090_run01.csv,2,18,90,dw00;dw01;dw02;dw03;dw04;dw05;dw06;dw07;dw08,dw00;dw01;dw02;dw03;dw04;dw05;dw06;dw07;dw08,,55,1,2026-08-30T10:01:01.208+0200,dw02,8FB0,194,1780,-93,1780,0,3.33,52307
ground-height-2m-20260828-133428,d018m_r090_run01.csv,2,18,90,dw00;dw01;dw02;dw03;dw04;dw05;dw06;dw07;dw08,dw00;dw01;dw02;dw03;dw04;dw05;dw06;dw07;dw08,,90,1,2026-08-30T10:01:01.218+0200,dw04,0F85,253,1770,-4,-1061,1417,3.69,62255
ground-height-2m-20260828-133428,d018m_r090_run01.csv,2,18,90,dw00;dw01;dw02;dw03;dw04;dw05;dw06;dw07;dw08,dw00;dw01;dw02;dw03;dw04;dw05;dw06;dw07;dw08,,105,1,2026-08-30T10:01:01.227+0200,dw05,4B92,73,1772,45,-521,1694,2.71,72204
ground-height-2m-20260828-133428,d018m_r090_run01.csv,2,18,90,dw00;dw01;dw02;dw03;dw04;dw05;dw06;dw07;dw08,dw00;dw01;dw02;dw03;dw04;dw05;dw06;dw07;dw08,,125,1,2026-08-30T10:01:01.237+0200,dw06,0789,89,1777,85,-77,1775,3.84,82275
ground-height-2m-20260828-133428,d018m_r090_run01.csv,2,18,90,dw00;dw01;dw02;dw03;dw04;dw05;dw06;dw07;dw08,dw00;dw01;dw02;dw03;dw04;dw05;dw06;dw07;dw08,,145,1,2026-08-30T10:01:01.348+0200,dw07,5783,181,1775,125,354,1739,2.14,2147483
ground-height-2m-20260828-133428,d018m_r090_run01.csv,2,18,90,dw00;dw01;dw02;dw03;dw04;dw05;dw06;dw07;dw08,dw00;dw01;dw02;dw03;dw04;dw05;dw06;dw07;dw08,,75,1,2026-08-30T10:01:01.368+0200,dw03,021B,104,1766,-55,-1613,717,4.02,12268
ground-height-2m-20260828-133428,d018m_r090_run01.csv,2,18,90,dw00;dw01;dw02;dw03;dw04;dw05;dw06;dw07;dw08,dw00;dw01;dw02;dw03;dw04;dw05;dw06;dw07;dw08,,165,1,2026-08-30T10:01:01.379+0200,dw08,028E,68,1775,168,821,1574,3.09,22247
ground-height-2m-20260828-133428,d018m_r090_run01.csv,2,18,90,dw00;dw01;dw02;dw03;dw04;dw05;dw06;dw07;dw08,dw00;dw01;dw02;dw03;dw04;dw05;dw06;dw07;dw08,,15,1,2026-08-30T10:01:01.388+0200,dw00,8103,155,1797,-164,1136,1392,3.57,32257
ground-height-2m-20260828-133428,d018m_r090_run01.csv,2,18,90,dw00;dw01;dw02;dw03;dw04;dw05;dw06;dw07;dw08,dw00;dw01;dw02;dw03;dw04;dw05;dw06;dw07;dw08,,35,1,2026-08-30T10:01:01.398+0200,dw01,1729,99,1779,-133,1462,1013,3.06,42327
ground-height-2m-20260828-133428,d018m_r090_run01.csv,2,18,90,dw00;dw01;dw02;dw03;dw04;dw05;dw06;dw07;dw08,dw00;dw01;dw02;dw03;dw04;dw05;dw06;dw07;dw08,,55,1,2026-08-30T10:01:01.408+0200,dw02,8FB0,195,1777,-97,1777,0,3.27,52307
ground-height-2m-20260828-133428,d018m_r090_run01.csv,2,18,90,dw00;dw01;dw02;dw03;dw04;dw05;dw06;dw07;dw08,dw00;dw01;dw02;dw03;dw04;dw05;dw06;dw07;dw08,,90,1,2026-08-30T10:01:01.419+0200,dw04,0F85,254,1772,-5,-1070,1413,3.69,62255
ground-height-2m-20260828-133428,d018m_r090_run01.csv,2,18,90,dw00;dw01;dw02;dw03;dw04;dw05;dw06;dw07;dw08,dw00;dw01;dw02;dw03;dw04;dw05;dw06;dw07;dw08,,105,1,2026-08-30T10:01:01.428+0200,dw05,4B92,74,1773,37,-603,1667,2.77,72296
ground-height-2m-20260828-133428,d018m_r090_run01.csv,2,18,90,dw00;dw01;dw02;dw03;dw04;dw05;dw06;dw07;dw08,dw00;dw01;dw02;dw03;dw04;dw05;dw06;dw07;dw08,,125,1,2026-08-30T10:01:01.438+0200,dw06,0789,90,1774,77,-163,1767,3.90,82275
ground-height-2m-20260828-133428,d018m_r090_run01.csv,2,18,90,dw00;dw01;dw02;dw03;dw04;dw05;dw06;dw07;dw08,dw00;dw01;dw02;dw03;dw04;dw05;dw06;dw07;dw08,,145,1,2026-08-30T10:01:01.548+0200,dw07,5783,182,1778,142,537,1695,2.26,2147483
ground-height-2m-20260828-133428,d018m_r090_run01.csv,2,18,90,dw00;dw01;dw02;dw03;dw04;dw05;dw06;dw07;dw08,dw00;dw01;dw02;dw03;dw04;dw05;dw06;dw07;dw08,,75,1,2026-08-30T10:01:01.568+0200,dw03,021B,105,1766,-48,-1535,873,3.90,12298
ground-height-2m-20260828-133428,d018m_r090_run01.csv,2,18,90,dw00;dw01;dw02;dw03;dw04;dw05;dw06;dw07;dw08,dw00;dw01;dw02;dw03;dw04;dw05;dw06;dw07;dw08,,165,1,2026-08-30T10:01:01.578+0200,dw08,028E,69,1776,-39,-1450,1025,3.15,22247
ground-height-2m-20260828-133428,d018m_r090_run01.csv,2,18,90,dw00;dw01;dw02;dw03;dw04;dw05;dw06;dw07;dw08,dw00;dw01;dw02;dw03;dw04;dw05;dw06;dw07;dw08,,15,1,2026-08-30T10:01:01.588+0200,dw00,8103,156,1789,-156,1221,1307,3.57,32226
ground-height-2m-20260828-133428,d018m_r090_run01.csv,2,18,90,dw00;dw01;dw02;dw03;dw04;dw05;dw06;dw07;dw08,dw00;dw01;dw02;dw03;dw04;dw05;dw06;dw07;dw08,,35,1,2026-08-30T10:01:01.598+0200,dw01,1729,100,1780,-145,1328,1184,3.06,42297
ground-height-2m-20260828-133428,d018m_r090_run01.csv,2,18,90,dw00;dw01;dw02;dw03;dw04;dw05;dw06;dw07;dw08,dw00;dw01;dw02;dw03;dw04;dw05;dw06;dw07;dw08,,55,1,2026-08-30T10:01:01.608+0200,dw02,8FB0,196,1778,-94,1778,0,3.39,52307
ground-height-2m-20260828-133428,d018m_r090_run01.csv,2,18,90,dw00;dw01;dw02;dw03;dw04;dw05;dw06;dw07;dw08,dw00;dw01;dw02;dw03;dw04;dw05;dw06;dw07;dw08,,90,1,2026-08-30T10:01:01.618+0200,dw04,0F85,255,1767,-10,-1121,1365,3.69,62225
ground-height-2m-20260828-133428,d018m_r090_run01.csv,2,18,90,dw00;dw01;dw02;dw03;dw04;dw05;dw06;dw07;dw08,dw00;dw01;dw02;dw03;dw04;dw05;dw06;dw07;dw08,,105,1,2026-08-30T10:01:01.628+0200,dw05,4B92,75,1776,45,-521,1697,2.71,72235
ground-height-2m-20260828-133428,d018m_r090_run01.csv,2,18,90,dw00;dw01;dw02;dw03;dw04;dw05;dw06;dw07;dw08,dw00;dw01;dw02;dw03;dw04;dw05;dw06;dw07;dw08,,125,1,2026-08-30T10:01:01.638+0200,dw06,0789,91,1779,88,-42,1778,3.72,82275
ground-height-2m-20260828-133428,d018m_r090_run01.csv,2,18,90,dw00;dw01;dw02;dw03;dw04;dw05;dw06;dw07;dw08,dw00;dw01;dw02;dw03;dw04;dw05;dw06;dw07;dw08,,145,1,2026-08-30T10:01:01.748+0200,dw07,5783,183,1772,131,422,1721,2.08,2147483
ground-height-2m-20260828-133428,d018m_r090_run01.csv,2,18,90,dw00;dw01;dw02;dw03;dw04;dw05;dw06;dw07;dw08,dw00;dw01;dw02;dw03;dw04;dw05;dw06;dw07;dw08,,75,1,2026-08-30T10:01:01.768+0200,dw03,021B,106,1768,-50,-1564,824,3.96,12268
ground-height-2m-20260828-133428,d018m_r090_run01.csv,2,18,90,dw00;dw01;dw02;dw03;dw04;dw05;dw06;dw07;dw08,dw00;dw01;dw02;dw03;dw04;dw05;dw06;dw07;dw08,,165,1,2026-08-30T10:01:01.778+0200,dw08,028E,70,1777,-57,-1642,681,3.15,22277
ground-height-2m-20260828-133428,d018m_r090_run01.csv,2,18,90,dw00;dw01;dw02;dw03;dw04;dw05;dw06;dw07;dw08,dw00;dw01;dw02;dw03;dw04;dw05;dw06;dw07;dw08,,15,1,2026-08-30T10:01:01.788+0200,dw00,8103,157,1792,-169,1078,1432,3.63,32257
ground-height-2m-20260828-133428,d018m_r090_run01.csv,2,18,90,dw00;dw01;dw02;dw03;dw04;dw05;dw06;dw07;dw08,dw00;dw01;dw02;dw03;dw04;dw05;dw06;dw07;dw08,,35,1,2026-08-30T10:01:01.798+0200,dw01,1729,101,1780,-129,1508,945,3.15,42327
ground-height-2m-20260828-133428,d018m_r090_run01.csv,2,18,90,dw00;dw01;dw02;dw03;dw04;dw05;dw06;dw07;dw08,dw00;dw01;dw02;dw03;dw04;dw05;dw06;dw07;dw08,,55,1,2026-08-30T10:01:01.808+0200,dw02,8FB0,197,1777,-100,1777,0,3.33,52307
ground-height-2m-20260828-133428,d018m_r090_run01.csv,2,18,90,dw00;dw01;dw02;dw03;dw04;dw05;dw06;dw07;dw08,dw00;dw01;dw02;dw03;dw04;dw05;dw06;dw07;dw08,,90,1,2026-08-30T10:01:01.818+0200,dw04,0F85,0,1772,4,-968,1484,3.78,62286
ground-height-2m-20260828-133428,d018m_r090_run01.csv,2,18,90,dw00;dw01;dw02;dw03;dw04;dw05;dw06;dw07;dw08,dw00;dw01;dw02;dw03;dw04;dw05;dw06;dw07;dw08,,105,1,2026-08-30T10:01:01.828+0200,dw05,4B92,76,1773,41,-562,1682,2.71,72235
ground-height-2m-20260828-133428,d018m_r090_run01.csv,2,18,90,dw00;dw01;dw02;dw03;dw04;dw05;dw06;dw07;dw08,dw00;dw01;dw02;dw03;dw04;dw05;dw06;dw07;dw08,,125,1,2026-08-30T10:01:01.838+0200,dw06,0789,92,1777,93,1,1777,3.78,82275
ground-height-2m-20260828-133428,d018m_r090_run01.csv,2,18,90,dw00;dw01;dw02;dw03;dw04;dw05;dw06;dw07;dw08,dw00;dw01;dw02;dw03;dw04;dw05;dw06;dw07;dw08,,145,1,2026-08-30T10:01:01.948+0200,dw07,5783,184,1775,108,168,1767,2.14,2147483
ground-height-2m-20260828-133428,d018m_r090_run01.csv,2,18,90,dw00;dw01;dw02;dw03;dw04;dw05;dw06;dw07;dw08,dw00;dw01;dw02;dw03;dw04;dw05;dw06;dw07;dw08,,75,1,2026-08-30T10:01:01.968+0200,dw03,021B,107,1769,-54,-1611,729,4.14,12329
ground-height-2m-20260828-133428,d018m_r090_run01.csv,2,18,90,dw00;dw01;dw02;dw03;dw04;dw05;dw06;dw07;dw08,dw00;dw01;dw02;dw03;dw04;dw05;dw06;dw07;dw08,,165,1,2026-08-30T10:01:01.978+0200,dw08,028E,71,1780,-50,-1567,844,3.27,22277
ground-height-2m-20260828-133428,d018m_r090_run01.csv,2,18,90,dw00;dw01;dw02;dw03;dw04;dw05;dw06;dw07;dw08,dw00;dw01;dw02;dw03;dw04;dw05;dw06;dw07;dw08,,15,1,2026-08-30T10:01:01.988+0200,dw00,8103,158,1791,-162,1151,1372,3.69,32257
ground-height-2m-20260828-133428,d018m_r090_run01.csv,2,18,90,dw00;dw01;dw02;dw03;dw04;dw05;dw06;dw07;dw08,dw00;dw01;dw02;dw03;dw04;dw05;dw06;dw07;dw08,,35,1,2026-08-30T10:01:01.998+0200,dw01,1729,102,1778,109,183,1769,3.09,42327
ground-height-2m-20260828-133428,d018m_r090_run01.csv,2,18,90,dw00;dw01;dw02;dw03;dw04;dw05;dw06;dw07;dw08,dw00;dw01;dw02;dw03;dw04;dw05;dw06;dw07;dw08,,55,1,2026-08-30T10:01:02.008+0200,dw02,8FB0,198,1778,-96,1778,0,3.33,52337
ground-height-2m-20260828-133428,d018m_r090_run01.csv,2,18,90,dw00;dw01;dw02;dw03;dw04;dw05;dw06;dw07;dw08,dw00;dw01;dw02;dw03;dw04;dw05;dw06;dw07;dw08,,90,1,2026-08-30T10:01:02.018+0200,dw04,0F85,1,1772,8,-921,1513,3.69,62255
ground-height-2m-20260828-133428,d018m_r090_run01.csv,2,18,90,dw00;dw01;dw02;dw03;dw04;dw05;dw06;dw07;dw08,dw00;dw01;dw02;dw03;dw04;dw05;dw06;dw07;dw08,,105,1,2026-08-30T10:01:02.028+0200,dw05,4B92,77,1773,51,-448,1716,2.71,72235
ground-height-2m-20260828-133428,d018m_r090_run01.csv,2,18,90,dw00;dw01;dw02;dw03;dw04;dw05;dw06;dw07;dw08,dw00;dw01;dw02;dw03;dw04;dw05;dw06;dw07;dw08,,125,1,2026-08-30T10:01:02.038+0200,dw06,0789,93,1776,89,-41,1775,3.78,82275
ground-height-2m-20260828-133428,d018m_r090_run01.csv,2,18,90,dw00;dw01;dw02;dw03;dw04;dw05;dw06;dw07;dw08,dw00;dw01;dw02;dw03;dw04;dw05;dw06;dw07;dw08,,145,1,2026-08-30T10:01:02.148+0200,dw07,5783,185,1776,127,379,1735,2.32,2147483
ground-height-2m-20260828-133428,d018m_r090_run01.csv,2,18,90,dw00;dw01;dw02;dw03;dw04;dw05;dw06;dw07;dw08,dw00;dw01;dw02;dw03;dw04;dw05;dw06;dw07;dw08,,75,1,2026-08-30T10:01:02.167+0200,dw03,021B,108,1766,-47,-1524,893,4.02,12268
ground-height-2m-20260828-133428,d018m_r090_run01.csv,2,18,90,dw00;dw01;dw02;dw03;dw04;dw05;dw06;dw07;dw08,dw00;dw01;dw02;dw03;dw04;dw05;dw06;dw07;dw08,,15,1,2026-08-30T10:01:02.188+0200,dw00,8103,159,1793,-158,1203,1330,3.63,32257
ground-height-2m-20260828-133428,d018m_r090_run01.csv,2,18,90,dw00;dw01;dw02;dw03;dw04;dw05;dw06;dw07;dw08,dw00;dw01;dw02;dw03;dw04;dw05;dw06;dw07;dw08,,35,1,2026-08-30T10:01:02.198+0200,dw01,1729,103,1776,-147,1309,1199,3.15,42297
ground-height-2m-20260828-133428,d018m_r090_run01.csv,2,18,90,dw00;dw01;dw02;dw03;dw04;dw05;dw06;dw07;dw08,dw00;dw01;dw02;dw03;dw04;dw05;dw06;dw07;dw08,,55,1,2026-08-30T10:01:02.208+0200,dw02,8FB0,199,1777,-100,1777,0,3.27,52307
ground-height-2m-20260828-133428,d018m_r090_run01.csv,2,18,90,dw00;dw01;dw02;dw03;dw04;dw05;dw06;dw07;dw08,dw00;dw01;dw02;dw03;dw04;dw05;dw06;dw07;dw08,,90,1,2026-08-30T10:01:02.218+0200,dw04,0F85,2,1770,-4,-1067,1413,3.78,62255
ground-height-2m-20260828-133428,d018m_r090_run01.csv,2,18,90,dw00;dw01;dw02;dw03;dw04;dw05;dw06;dw07;dw08,dw00;dw01;dw02;dw03;dw04;dw05;dw06;dw07;dw08,,105,1,2026-08-30T10:01:02.228+0200,dw05,4B92,78,1772,48,-489,1703,2.83,72265
ground-height-2m-20260828-133428,d018m_r090_run01.csv,2,18,90,dw00;dw01;dw02;dw03;dw04;dw05;dw06;dw07;dw08,dw00;dw01;dw02;dw03;dw04;dw05;dw06;dw07;dw08,,125,1,2026-08-30T10:01:02.238+0200,dw06,0789,94,1777,94,12,1777,3.78,82275
ground-height-2m-20260828-133428,d018m_r090_run01.csv,2,18,90,dw00;dw01;dw02;dw03;dw04;dw05;dw06;dw07;dw08,dw00;dw01;dw02;dw03;dw04;dw05;dw06;dw07;dw08,,145,1,2026-08-30T10:01:02.348+0200,dw07,5783,186,1775,132,435,1720,2.14,2147483
ground-height-2m-20260828-133428,d018m_r090_run01.csv,2,18,90,dw00;dw01;dw02;dw03;dw04;dw05;dw06;dw07;dw08,dw00;dw01;dw02;dw03;dw04;dw05;dw06;dw07;dw08,,75,1,2026-08-30T10:01:02.368+0200,dw03,021B,109,1767,-45,-1503,929,4.08,12298
ground-height-2m-20260828-133428,d018m_r090_run01.csv,2,18,90,dw00;dw01;dw02;dw03;dw04;dw05;dw06;dw07;dw08,dw00;dw01;dw02;dw03;dw04;dw05;dw06;dw07;dw08,,165,1,2026-08-30T10:01:02.377+0200,dw08,028E,73,1775,161,752,1607,3.27,22277
ground-height-2m-20260828-133428,d018m_r090_run01.csv,2,18,90,dw00;dw01;dw02;dw03;dw04;dw05;dw06;dw07;dw08,dw00;dw01;dw02;dw03;dw04;dw05;dw06;dw07;dw08,,15,1,2026-08-30T10:01:02.388+0200,dw00,8103,160,1791,-145,1344,1183,3.57,32257
ground-height-2m-20260828-133428,d018m_r090_run01.csv,2,18,90,dw00;dw01;dw02;dw03;dw04;dw05;dw06;dw07;dw08,dw00;dw01;dw02;dw03;dw04;dw05;dw06;dw07;dw08,,35,1,2026-08-30T10:01:02.398+0200,dw01,1729,104,1772,-143,1346,1153,3.15,42327
ground-height-2m-20260828-133428,d018m_r090_run01.csv,2,18,90,dw00;dw01;dw02;dw03;dw04;dw05;dw06;dw07;dw08,dw00;dw01;dw02;dw03;dw04;dw05;dw06;dw07;dw08,,55,1,2026-08-30T10:01:02.408+0200,dw02,8FB0,200,1778,-97,1778,0,3.33,52307
ground-height-2m-20260828-133428,d018m_r090_run01.csv,2,18,90,dw00;dw01;dw02;dw03;dw04;dw05;dw06;dw07;dw08,dw00;dw01;dw02;dw03;dw04;dw05;dw06;dw07;dw08,,90,1,2026-08-30T10:01:02.417+0200,dw04,0F85,3,1769,6,-943,1496,3.69,62255
ground-height-2m-20260828-133428,d018m_r090_run01.csv,2,18,90,dw00;dw01;dw02;dw03;dw04;dw05;dw06;dw07;dw08,dw00;dw01;dw02;dw03;dw04;dw05;dw06;dw07;dw08,,105,1,2026-08-30T10:01:02.428+0200,dw05,4B92,79,1774,52,-442,1718,2.77,72265
ground-height-2m-20260828-133428,d018m_r090_run01.csv,2,18,90,dw00;dw01;dw02;dw03;dw04;dw05;dw06;dw07;dw08,dw00;dw01;dw02;dw03;dw04;dw05;dw06;dw07;dw08,,125,1,2026-08-30T10:01:02.438+0200,dw06,0789,95,1777,77,-165,1769,3.90,82305
ground-height-2m-20260828-133428,d018m_r090_run01.csv,2,18,90,dw00;dw01;dw02;dw03;dw04;dw05;dw06;dw07;dw08,dw00;dw01;dw02;dw03;dw04;dw05;dw06;dw07;dw08,,145,1,2026-08-30T10:01:02.547+0200,dw07,5783,187,1774,135,466,1711,2.14,2147483
ground-height-2m-20260828-133428,d018m_r090_run01.csv,2,18,90,dw00;dw01;dw02;dw03;dw04;dw05;dw06;dw07;dw08,dw00;dw01;dw02;dw03;dw04;dw05;dw06;dw07;dw08,,75,1,2026-08-30T10:01:02.568+0200,dw03,021B,110,1767,-43,-1489,952,4.08,12268
ground-height-2m-20260828-133428,d018m_r090_run01.csv,2,18,90,dw00;dw01;dw02;dw03;dw04;dw05;dw06;dw07;dw08,dw00;dw01;dw02;dw03;dw04;dw05;dw06;dw07;dw08,,165,1,2026-08-30T10:01:02.578+0200,dw08,028E,74,1780,163,770,1605,3.27,22247
ground-height-2m-20260828-133428,d018m_r090_run01.csv,2,18,90,dw00;dw01;dw02;dw03;dw04;dw05;dw06;dw07;dw08,dw00;dw01;dw02;dw03;dw04;dw05;dw06;dw07;dw08,,15,1,2026-08-30T10:01:02.587+0200,dw00,8103,161,1792,-166,1113,1405,3.57,32226
ground-height-2m-20260828-133428,d018m_r090_run01.csv,2,18,90,dw00;dw01;dw02;dw03;dw04;dw05;dw06;dw07;dw08,dw00;dw01;dw02;dw03;dw04;dw05;dw06;dw07;dw08,,35,1,2026-08-30T10:01:02.598+0200,dw01,1729,105,1775,-130,1495,956,3.15,42297
ground-height-2m-20260828-133428,d018m_r090_run01.csv,2,18,90,dw00;dw01;dw02;dw03;dw04;dw05;dw06;dw07;dw08,dw00;dw01;dw02;dw03;dw04;dw05;dw06;dw07;dw08,,55,1,2026-08-30T10:01:02.608+0200,dw02,8FB0,201,1778,-103,1778,0,3.33,52337
ground-height-2m-20260828-133428,d018m_r090_run01.csv,2,18,90,dw00;dw01;dw02;dw03;dw04;dw05;dw06;dw07;dw08,dw00;dw01;dw02;dw03;dw04;dw05;dw06;dw07;dw08,,90,1,2026-08-30T10:01:02.618+0200,dw04,0F85,4,1769,-5,-1075,1405,3.75,62255
ground-height-2m-20260828-133428,d018m_r090_run01.csv,2,18,90,dw00;dw01;dw02;dw03;dw04;dw05;dw06;dw07;dw08,dw00;dw01;dw02;dw03;dw04;dw05;dw06;dw07;dw08,,105,1,2026-08-30T10:01:02.627+0200,dw05,4B92,80,1771,39,-578,1674,2.71,72235
ground-height-2m-20260828-133428,d018m_r090_run01.csv,2,18,90,dw00;dw01;dw02;dw03;dw04;dw05;dw06;dw07;dw08,dw00;dw01;dw02;dw03;dw04;dw05;dw06;dw07;dw08,,125,1,2026-08-30T10:01:02.638+0200,dw06,0789,96,1774,93,11,1774,3.84,82275
ground-height-2m-20260828-133428,d018m_r090_run01.csv,2,18,90,dw00;dw01;dw02;dw03;dw04;dw05;dw06;dw07;dw08,dw00;dw01;dw02;dw03;dw04;dw05;dw06;dw07;dw08,,145,1,2026-08-30T10:01:02.748+0200,dw07,5783,188,1771,129,394,1727,2.20,2147483
ground-height-2m-20260828-133428,d018m_r090_run01.csv,2,18,90,dw00;dw01;dw02;dw03;dw04;dw05;dw06;dw07;dw08,dw00;dw01;dw02;dw03;dw04;dw05;dw06;dw07;dw08,,75,1,2026-08-30T10:01:02.768+0200,dw03,021B,111,1768,-50,-1561,831,4.14,12298
ground-height-2m-20260828-133428,d018m_r090_run01.csv,2,18,90,dw00;dw01;dw02;dw03;dw04;dw05;dw06;dw07;dw08,dw00;dw01;dw02;dw03;dw04;dw05;dw06;dw07;dw08,,165,1,2026-08-30T10:01:02.778+0200,dw08,028E,75,1778,146,585,1679,3.21,22277
ground-height-2m-20260828-133428,d018m_r090_run01.csv,2,18,90,dw00;dw01;dw02;dw03;dw04;dw05;dw06;dw07;dw08,dw00;dw01;dw02;dw03;dw04;dw05;dw06;dw07;dw08,,15,1,2026-08-30T10:01:02.787+0200,dw00,8103,162,1793,-155,1230,1305,3.51,32226
ground-height-2m-20260828-133428,d018m_r090_run01.csv,2,18,90,dw00;dw01;dw02;dw03;dw04;dw05;dw06;dw07;dw08,dw00;dw01;dw02;dw03;dw04;dw05;dw06;dw07;dw08,,35,1,2026-08-30T10:01:02.797+0200,dw01,1729,106,1777,-129,1502,948,3.06,42327
ground-height-2m-20260828-133428,d018m_r090_run01.csv,2,18,90,dw00;dw01;dw02;dw03;dw04;dw05;dw06;dw07;dw08,dw00;dw01;dw02;dw03;dw04;dw05;dw06;dw07;dw08,,55,1,2026-08-30T10:01:02.808+0200,dw02,8FB0,202,1777,-85,-1777,0,3.33,52276
ground-height-2m-20260828-133428,d018m_r090_run01.csv,2,18,90,dw00;dw01;dw02;dw03;dw04;dw05;dw06;dw07;dw08,dw00;dw01;dw02;dw03;dw04;dw05;dw06;dw07;dw08,,90,1,2026-08-30T10:01:02.818+0200,dw04,0F85,5,1765,14,-854,1545,3.78,62286
ground-height-2m-20260828-133428,d018m_r090_run01.csv,2,18,90,dw00;dw01;dw02;dw03;dw04;dw05;dw06;dw07;dw08,dw00;dw01;dw02;dw03;dw04;dw05;dw06;dw07;dw08,,105,1,2026-08-30T10:01:02.828+0200,dw05,4B92,81,1770,46,-505,1696,2.71,72235
ground-height-2m-20260828-133428,d018m_r090_run01.csv,2,18,90,dw00;dw01;dw02;dw03;dw04;dw05;dw06;dw07;dw08,dw00;dw01;dw02;dw03;dw04;dw05;dw06;dw07;dw08,,125,1,2026-08-30T10:01:02.837+0200,dw06,0789,97,1777,89,-36,1777,3.78,82244
ground-height-2m-20260828-133428,d018m_r090_run01.csv,2,18,90,dw00;dw01;dw02;dw03;dw04;dw05;dw06;dw07;dw08,dw00;dw01;dw02;dw03;dw04;dw05;dw06;dw07;dw08,,145,1,2026-08-30T10:01:02.948+0200,dw07,5783,189,1778,123,335,1746,2.14,2147483
ground-height-2m-20260828-133428,d018m_r090_run01.csv,2,18,90,dw00;dw01;dw02;dw03;dw04;dw05;dw06;dw07;dw08,dw00;dw01;dw02;dw03;dw04;dw05;dw06;dw07;dw08,,75,1,2026-08-30T10:01:02.967+0200,dw03,021B,112,1771,-42,-1473,984,3.96,12268
ground-height-2m-20260828-133428,d018m_r090_run01.csv,2,18,90,dw00;dw01;dw02;dw03;dw04;dw05;dw06;dw07;dw08,dw00;dw01;dw02;dw03;dw04;dw05;dw06;dw07;dw08,,165,1,2026-08-30T10:01:02.978+0200,dw08,028E,76,1776,-38,-1433,1048,3.27,22277
ground-height-2m-20260828-133428,d018m_r090_run01.csv,2,18,90,dw00;dw01;dw02;dw03;dw04;dw05;dw06;dw07;dw08,dw00;dw01;dw02;dw03;dw04;dw05;dw06;dw07;dw08,,15,1,2026-08-30T10:01:02.988+0200,dw00,8103,163,1796,-164,1131,1395,3.57,32257
ground-height-2m-20260828-133428,d018m_r090_run01.csv,2,18,90,dw00;dw01;dw02;dw03;dw04;dw05;dw06;dw07;dw08,dw00;dw01;dw02;dw03;dw04;dw05;dw06;dw07;dw08,,35,1,2026-08-30T10:01:02.997+0200,dw01,1729,107,1776,-122,1580,809,3.06,42327
ground-height-2m-20260828-133428,d018m_r090_run01.csv,2,18,90,dw00;dw01;dw02;dw03;dw04;dw05;dw06;dw07;dw08,dw00;dw01;dw02;dw03;dw04;dw05;dw06;dw07;dw08,,55,1,2026-08-30T10:01:03.007+0200,dw02,8FB0,203,1780,-97,1780,0,3.33,52368
ground-height-2m-20260828-133428,d018m_r090_run01.csv,2,18,90,dw00;dw01;dw02;dw03;dw04;dw05;dw06;dw07;dw08,dw00;dw01;dw02;dw03;dw04;dw05;dw06;dw07;dw08,,90,1,2026-08-30T10:01:03.018+0200,dw04,0F85,6,1771,-6,-1088,1397,3.63,62255
ground-height-2m-20260828-133428,d018m_r090_run01.csv,2,18,90,dw00;dw01;dw02;dw03;dw04;dw05;dw06;dw07;dw08,dw00;dw01;dw02;dw03;dw04;dw05;dw06;dw07;dw08,,105,1,2026-08-30T10:01:03.028+0200,dw05,4B92,82,1773,28,-698,1630,2.83,72265
ground-height-2m-20260828-133428,d018m_r090_run01.csv,2,18,90,dw00;dw01;dw02;dw03;dw04;dw05;dw06;dw07;dw08,dw00;dw01;dw02;dw03;dw04;dw05;dw06;dw07;dw08,,125,1,2026-08-30T10:01:03.038+0200,dw06,0789,98,1773,82,-115,1769,3.78,82305
ground-height-2m-20260828-133428,d018m_r090_run01.csv,2,18,90,dw00;dw01;dw02;dw03;dw04;dw05;dw06;dw07;dw08,dw00;dw01;dw02;dw03;dw04;dw05;dw06;dw07;dw08,,145,1,2026-08-30T10:01:03.148+0200,dw07,5783,190,1775,127,376,1734,2.14,2147483
ground-height-2m-20260828-133428,d018m_r090_run01.csv,2,18,90,dw00;dw01;dw02;dw03;dw04;dw05;dw06;dw07;dw08,dw00;dw01;dw02;dw03;dw04;dw05;dw06;dw07;dw08,,75,1,2026-08-30T10:01:03.167+0200,dw03,021B,113,1771,-48,-1542,871,4.14,12298
ground-height-2m-20260828-133428,d018m_r090_run01.csv,2,18,90,dw00;dw01;dw02;dw03;dw04;dw05;dw06;dw07;dw08,dw00;dw01;dw02;dw03;dw04;dw05;dw06;dw07;dw08,,165,1,2026-08-30T10:01:03.177+0200,dw08,028E,77,1777,164,778,1597,3.15,22247
ground-height-2m-20260828-133428,d018m_r090_run01.csv,2,18,90,dw00;dw01;dw02;dw03;dw04;dw05;dw06;dw07;dw08,dw00;dw01;dw02;dw03;dw04;dw05;dw06;dw07;dw08,,15,1,2026-08-30T10:01:03.188+0200,dw00,8103,164,1795,-156,1222,1315,3.57,32287
ground-height-2m-20260828-133428,d018m_r090_run01.csv,2,18,90,dw00;dw01;dw02;dw03;dw04;dw05;dw06;dw07;dw08,dw00;dw01;dw02;dw03;dw04;dw05;dw06;dw07;dw08,,35,1,2026-08-30T10:01:03.198+0200,dw01,1729,108,1776,-121,1587,797,3.27,42327
ground-height-2m-20260828-133428,d018m_r090_run01.csv,2,18,90,dw00;dw01;dw02;dw03;dw04;dw05;dw06;dw07;dw08,dw00;dw01;dw02;dw03;dw04;dw05;dw06;dw07;dw08,,55,1,2026-08-30T10:01:03.207+0200,dw02,8FB0,204,1781,-95,1781,0,3.33,52307
ground-height-2m-20260828-133428,d018m_r090_run01.csv,2,18,90,dw00;dw01;dw02;dw03;dw04;dw05;dw06;dw07;dw08,dw00;dw01;dw02;dw03;dw04;dw05;dw06;dw07;dw08,,90,1,2026-08-30T10:01:03.217+0200,dw04,0F85,7,1768,2,-984,1469,3.69,62225
ground-height-2m-20260828-133428,d018m_r090_run01.csv,2,18,90,dw00;dw01;dw02;dw03;dw04;dw05;dw06;dw07;dw08,dw00;dw01;dw02;dw03;dw04;dw05;dw06;dw07;dw08,,105,1,2026-08-30T10:01:03.228+0200,dw05,4B92,83,1772,39,-585,1672,2.77,72265
ground-height-2m-20260828-133428,d018m_r090_run01.csv,2,18,90,dw00;dw01;dw02;dw03;dw04;dw05;dw06;dw07;dw08,dw00;dw01;dw02;dw03;dw04;dw05;dw06;dw07;dw08,,125,1,2026-08-30T10:01:03.238+0200,dw06,0789,99,1777,83,-100,1775,3.78,82275
ground-height-2m-20260828-133428,d018m_r090_run01.csv,2,18,90,dw00;dw01;dw02;dw03;dw04;dw05;dw06;dw07;dw08,dw00;dw01;dw02;dw03;dw04;dw05;dw06;dw07;dw08,,145,1,2026-08-30T10:01:03.347+0200,dw07,5783,191,1774,121,312,1747,2.26,2147483
ground-height-2m-20260828-133428,d018m_r090_run01.csv,2,18,90,dw00;dw01;dw02;dw03;dw04;dw05;dw06;dw07;dw08,dw00;dw01;dw02;dw03;dw04;dw05;dw06;dw07;dw08,,75,1,2026-08-30T10:01:03.368+0200,dw03,021B,114,1766,-40,-1450,1007,4.02,12298
ground-height-2m-20260828-133428,d018m_r090_run01.csv,2,18,90,dw00;dw01;dw02;dw03;dw04;dw05;dw06;dw07;dw08,dw00;dw01;dw02;dw03;dw04;dw05;dw06;dw07;dw08,,165,1,2026-08-30T10:01:03.377+0200,dw08,028E,78,1774,160,740,1612,3.21,22247
ground-height-2m-20260828-133428,d018m_r090_run01.csv,2,18,90,dw00;dw01;dw02;dw03;dw04;dw05;dw06;dw07;dw08,dw00;dw01;dw02;dw03;dw04;dw05;dw06;dw07;dw08,,15,1,2026-08-30T10:01:03.387+0200,dw00,8103,165,1793,-161,1167,1361,3.69,32257
ground-height-2m-20260828-133428,d018m_r090_run01.csv,2,18,90,dw00;dw01;dw02;dw03;dw04;dw05;dw06;dw07;dw08,dw00;dw01;dw02;dw03;dw04;dw05;dw06;dw07;dw08,,35,1,2026-08-30T10:01:03.398+0200,dw01,1729,109,1779,-130,1492,968,3.01,42297
ground-height-2m-20260828-133428,d018m_r090_run01.csv,2,18,90,dw00;dw01;dw02;dw03;dw04;dw05;dw06;dw07;dw08,dw00;dw01;dw02;dw03;dw04;dw05;dw06;dw07;dw08,,55,1,2026-08-30T10:01:03.408+0200,dw02,8FB0,205,1778,-90,1778,0,3.45,52337
ground-height-2m-20260828-133428,d018m_r090_run01.csv,2,18,90,dw00;dw01;dw02;dw03;dw04;dw05;dw06;dw07;dw08,dw00;dw01;dw02;dw03;dw04;dw05;dw06;dw07;dw08,,90,1,2026-08-30T10:01:03.417+0200,dw04,0F85,8,1770,0,-1013,1452,3.78,62255
ground-height-2m-20260828-133428,d018m_r090_run01.csv,2,18,90,dw00;dw01;dw02;dw03;dw04;dw05;dw06;dw07;dw08,dw00;dw01;dw02;dw03;dw04;dw05;dw06;dw07;dw08,,105,1,2026-08-30T10:01:03.427+0200,dw05,4B92,84,1776,54,-425,1724,2.71,72235
ground-height-2m-20260828-133428,d018m_r090_run01.csv,2,18,90,dw00;dw01;dw02;dw03;dw04;dw05;dw06;dw07;dw08,dw00;dw01;dw02;dw03;dw04;dw05;dw06;dw07;dw08,,125,1,2026-08-30T10:01:03.438+0200,dw06,0789,100,1776,72,-220,1762,3.78,82275
ground-height-2m-20260828-133428,d018m_r090_run01.csv,2,18,90,dw00;dw01;dw02;dw03;dw04;dw05;dw06;dw07;dw08,dw00;dw01;dw02;dw03;dw04;dw05;dw06;dw07;dw08,,145,1,2026-08-30T10:01:03.547+0200,dw07,5783,192,1774,130,411,1725,2.20,2147483
ground-height-2m-20260828-133428,d018m_r090_run01.csv,2,18,90,dw00;dw01;dw02;dw03;dw04;dw05;dw06;dw07;dw08,dw00;dw01;dw02;dw03;dw04;dw05;dw06;dw07;dw08,,75,1,2026-08-30T10:01:03.568+0200,dw03,021B,115,1768,-42,-1479,969,4.14,12298
ground-height-2m-20260828-133428,d018m_r090_run01.csv,2,18,90,dw00;dw01;dw02;dw03;dw04;dw05;dw06;dw07;dw08,dw00;dw01;dw02;dw03;dw04;dw05;dw06;dw07;dw08,,165,1,2026-08-30T10:01:03.577+0200,dw08,028E,79,1774,164,782,1592,3.27,22308
ground-height-2m-20260828-133428,d018m_r090_run01.csv,2,18,90,dw00;dw01;dw02;dw03;dw04;dw05;dw06;dw07;dw08,dw00;dw01;dw02;dw03;dw04;dw05;dw06;dw07;dw08,,15,1,2026-08-30T10:01:03.587+0200,dw00,8103,166,1792,-160,1172,1355,3.57,32257
ground-height-2m-20260828-133428,d018m_r090_run01.csv,2,18,90,dw00;dw01;dw02;dw03;dw04;dw05;dw06;dw07;dw08,dw00;dw01;dw02;dw03;dw04;dw05;dw06;dw07;dw08,,35,1,2026-08-30T10:01:03.597+0200,dw01,1729,110,1775,-135,1442,1035,3.15,42297
ground-height-2m-20260828-133428,d018m_r090_run01.csv,2,18,90,dw00;dw01;dw02;dw03;dw04;dw05;dw06;dw07;dw08,dw00;dw01;dw02;dw03;dw04;dw05;dw06;dw07;dw08,,55,1,2026-08-30T10:01:03.608+0200,dw02,8FB0,206,1774,-103,1774,0,3.33,52337
ground-height-2m-20260828-133428,d018m_r090_run01.csv,2,18,90,dw00;dw01;dw02;dw03;dw04;dw05;dw06;dw07;dw08,dw00;dw01;dw02;dw03;dw04;dw05;dw06;dw07;dw08,,90,1,2026-08-30T10:01:03.618+0200,dw04,0F85,9,1769,-8,-1101,1385,3.69,62286
ground-height-2m-20260828-133428,d018m_r090_run01.csv,2,18,90,dw00;dw01;dw02;dw03;dw04;dw05;dw06;dw07;dw08,dw00;dw01;dw02;dw03;dw04;dw05;dw06;dw07;dw08,,105,1,2026-08-30T10:01:03.627+0200,dw05,4B92,85,1772,39,-588,1672,2.71,72265
ground-height-2m-20260828-133428,d018m_r090_run01.csv,2,18,90,dw00;dw01;dw02;dw03;dw04;dw05;dw06;dw07;dw08,dw00;dw01;dw02;dw03;dw04;dw05;dw06;dw07;dw08,,125,1,2026-08-30T10:01:03.637+0200,dw06,0789,101,1778,91,-12,1778,3.78,82275
ground-height-2m-20260828-133428,d018m_r090_run01.csv,2,18,90,dw00;dw01;dw02;dw03;dw04;dw05;dw06;dw07;dw08,dw00;dw01;dw02;dw03;dw04;dw05;dw06;dw07;dw08,,145,1,2026-08-30T10:01:03.747+0200,dw07,5783,193,1780,127,384,1738,2.20,2147483
ground-height-2m-20260828-133428,d018m_r090_run01.csv,2,18,90,dw00;dw01;dw02;dw03;dw04;dw05;dw06;dw07;dw08,dw00;dw01;dw02;dw03;dw04;dw05;dw06;dw07;dw08,,75,1,2026-08-30T10:01:03.767+0200,dw03,021B,116,1771,-55,-1623,708,4.08,12268
ground-height-2m-20260828-133428,d018m_r090_run01.csv,2,18,90,dw00;dw01;dw02;dw03;dw04;dw05;dw06;dw07;dw08,dw00;dw01;dw02;dw03;dw04;dw05;dw06;dw07;dw08,,165,1,2026-08-30T10:01:03.778+0200,dw08,028E,80,1776,162,757,1607,3.27,22247
ground-height-2m-20260828-133428,d018m_r090_run01.csv,2,18,90,dw00;dw01;dw02;dw03;dw04;dw05;dw06;dw07;dw08,dw00;dw01;dw02;dw03;dw04;dw05;dw06;dw07;dw08,,15,1,2026-08-30T10:01:03.787+0200,dw00,8103,167,1795,-154,1240,1298,3.51,32287
ground-height-2m-20260828-133428,d018m_r090_run01.csv,2,18,90,dw00;dw01;dw02;dw03;dw04;dw05;dw06;dw07;dw08,dw00;dw01;dw02;dw03;dw04;dw05;dw06;dw07;dw08,,35,1,2026-08-30T10:01:03.797+0200,dw01,1729,111,1777,-136,1424,1064,3.06,42297
ground-height-2m-20260828-133428,d018m_r090_run01.csv,2,18,90,dw00;dw01;dw02;dw03;dw04;dw05;dw06;dw07;dw08,dw00;dw01;dw02;dw03;dw04;dw05;dw06;dw07;dw08,,55,1,2026-08-30T10:01:03.807+0200,dw02,8FB0,207,1780,-98,1780,0,3.33,52307
ground-height-2m-20260828-133428,d018m_r090_run01.csv,2,18,90,dw00;dw01;dw02;dw03;dw04;dw05;dw06;dw07;dw08,dw00;dw01;dw02;dw03;dw04;dw05;dw06;dw07;dw08,,90,1,2026-08-30T10:01:03.818+0200,dw04,0F85,10,1768,13,-867,1541,3.78,62255
ground-height-2m-20260828-133428,d018m_r090_run01.csv,2,18,90,dw00;dw01;dw02;dw03;dw04;dw05;dw06;dw07;dw08,dw00;dw01;dw02;dw03;dw04;dw05;dw06;dw07;dw08,,105,1,2026-08-30T10:01:03.827+0200,dw05,4B92,86,1771,40,-568,1678,2.77,72296
ground-height-2m-20260828-133428,d018m_r090_run01.csv,2,18,90,dw00;dw01;dw02;dw03;dw04;dw05;dw06;dw07;dw08,dw00;dw01;dw02;dw03;dw04;dw05;dw06;dw07;dw08,,125,1,2026-08-30T10:01:03.837+0200,dw06,0789,102,1777,86,-70,1775,3.84,82275
ground-height-2m-20260828-133428,d018m_r090_run01.csv,2,18,90,dw00;dw01;dw02;dw03;dw04;dw05;dw06;dw07;dw08,dw00;dw01;dw02;dw03;dw04;dw05;dw06;dw07;dw08,,145,1,2026-08-30T10:01:03.948+0200,dw07,5783,194,1774,122,318,1745,2.38,2147483
ground-height-2m-20260828-133428,d018m_r090_run01.csv,2,18,90,dw00;dw01;dw02;dw03;dw04;dw05;dw06;dw07;dw08,dw00;dw01;dw02;dw03;dw04;dw05;dw06;dw07;dw08,,75,1,2026-08-30T10:01:03.967+0200,dw03,021B,117,1769,-52,-1579,796,4.02,12268
ground-height-2m-20260828-133428,d018m_r090_run01.csv,2,18,90,dw00;dw01;dw02;dw03;dw04;dw05;dw06;dw07;dw08,dw00;dw01;dw02;dw03;dw04;dw05;dw06;dw07;dw08,,165,1,2026-08-30T10:01:03.977+0200,dw08,028E,81,1778,-36,-1421,1069,3.21,22277
ground-height-2m-20260828-133428,d018m_r090_run01.csv,2,18,90,dw00;dw01;dw02;dw03;dw04;dw05;dw06;dw07;dw08,dw00;dw01;dw02;dw03;dw04;dw05;dw06;dw07;dw08,,15,1,2026-08-30T10:01:03.988+0200,dw00,8103,168,1792,-159,1191,1340,3.69,32257
ground-height-2m-20260828-133428,d018m_r090_run01.csv,2,18,90,dw00;dw01;dw02;dw03;dw04;dw05;dw06;dw07;dw08,dw00;dw01;dw02;dw03;dw04;dw05;dw06;dw07;dw08,,35,1,2026-08-30T10:01:03.997+0200,dw01,1729,112,1779,-139,1397,1100,3.09,42358
ground-height-2m-20260828-133428,d018m_r090_run01.csv,2,18,90,dw00;dw01;dw02;dw03;dw04;dw05;dw06;dw07;dw08,dw00;dw01;dw02;dw03;dw04;dw05;dw06;dw07;dw08,,55,1,2026-08-30T10:01:04.007+0200,dw02,8FB0,208,1776,-97,1776,0,3.33,52307
ground-height-2m-20260828-133428,d018m_r090_run01.csv,2,18,90,dw00;dw01;dw02;dw03;dw04;dw05;dw06;dw07;dw08,dw00;dw01;dw02;dw03;dw04;dw05;dw06;dw07;dw08,,90,1,2026-08-30T10:01:04.017+0200,dw04,0F85,11,1770,-3,-1053,1423,3.69,62255
ground-height-2m-20260828-133428,d018m_r090_run01.csv,2,18,90,dw00;dw01;dw02;dw03;dw04;dw05;dw06;dw07;dw08,dw00;dw01;dw02;dw03;dw04;dw05;dw06;dw07;dw08,,105,1,2026-08-30T10:01:04.028+0200,dw05,4B92,87,1771,41,-560,1680,2.77,72265
ground-height-2m-20260828-133428,d018m_r090_run01.csv,2,18,90,dw00;dw01;dw02;dw03;dw04;dw05;dw06;dw07;dw08,dw00;dw01;dw02;dw03;dw04;dw05;dw06;dw07;dw08,,125,1,2026-08-30T10:01:04.037+0200,dw06,0789,103,1775,87,-55,1774,3.84,82275
ground-height-2m-20260828-133428,d018m_r090_run01.csv,2,18,90,dw00;dw01;dw02;dw03;dw04;dw05;dw06;dw07;dw08,dw00;dw01;dw02;dw03;dw04;dw05;dw06;dw07;dw08,,145,1,2026-08-30T10:01:04.147+0200,dw07,5783,195,1774,127,378,1733,2.14,2147483
ground-height-2m-20260828-133428,d018m_r090_run01.csv,2,18,90,dw00;dw01;dw02;dw03;dw04;dw05;dw06;dw07;dw08,dw00;dw01;dw02;dw03;dw04;dw05;dw06;dw07;dw08,,75,1,2026-08-30T10:01:04.167+0200,dw03,021B,118,1769,-40,-1454,1006,4.14,12298
ground-height-2m-20260828-133428,d018m_r090_run01.csv,2,18,90,dw00;dw01;dw02;dw03;dw04;dw05;dw06;dw07;dw08,dw00;dw01;dw02;dw03;dw04;dw05;dw06;dw07;dw08,,165,1,2026-08-30T10:01:04.177+0200,dw08,028E,82,1776,134,457,1716,3.15,22247
ground-height-2m-20260828-133428,d018m_r090_run01.csv,2,18,90,dw00;dw01;dw02;dw03;dw04;dw05;dw06;dw07;dw08,dw00;dw01;dw02;dw03;dw04;dw05;dw06;dw07;dw08,,15,1,2026-08-30T10:01:04.187+0200,dw00,8103,169,1796,-166,1110,1411,3.57,32257
ground-height-2m-20260828-133428,d018m_r090_run01.csv,2,18,90,dw00;dw01;dw02;dw03;dw04;dw05;dw06;dw07;dw08,dw00;dw01;dw02;dw03;dw04;dw05;dw06;dw07;dw08,,35,1,2026-08-30T10:01:04.197+0200,dw01,1729,113,1776,-133,1463,1006,3.15,42297
ground-height-2m-20260828-133428,d018m_r090_run01.csv,2,18,90,dw00;dw01;dw02;dw03;dw04;dw05;dw06;dw07;dw08,dw00;dw01;dw02;dw03;dw04;dw05;dw06;dw07;dw08,,55,1,2026-08-30T10:01:04.207+0200,dw02,8FB0,209,1779,-98,1779,0,3.39,52368
ground-height-2m-20260828-133428,d018m_r090_run01.csv,2,18,90,dw00;dw01;dw02;dw03;dw04;dw05;dw06;dw07;dw08,dw00;dw01;dw02;dw03;dw04;dw05;dw06;dw07;dw08,,90,1,2026-08-30T10:01:04.217+0200,dw04,0F85,12,1767,0,-1004,1454,3.72,62255
ground-height-2m-20260828-133428,d018m_r090_run01.csv,2,18,90,dw00;dw01;dw02;dw03;dw04;dw05;dw06;dw07;dw08,dw00;dw01;dw02;dw03;dw04;dw05;dw06;dw07;dw08,,105,1,2026-08-30T10:01:04.227+0200,dw05,4B92,88,1775,38,-598,1671,2.83,72235
ground-height-2m-20260828-133428,d018m_r090_run01.csv,2,18,90,dw00;dw01;dw02;dw03;dw04;dw05;dw06;dw07;dw08,dw00;dw01;dw02;dw03;dw04;dw05;dw06;dw07;dw08,,125,1,2026-08-30T10:01:04.238+0200,dw06,0789,104,1779,77,-165,1771,3.84,82275
ground-height-2m-20260828-133428,d018m_r090_run01.csv,2,18,90,dw00;dw01;dw02;dw03;dw04;dw05;dw06;dw07;dw08,dw00;dw01;dw02;dw03;dw04;dw05;dw06;dw07;dw08,,145,1,2026-08-30T10:01:04.347+0200,dw07,5783,196,1776,132,429,1723,2.20,2147483
ground-height-2m-20260828-133428,d018m_r090_run01.csv,2,18,90,dw00;dw01;dw02;dw03;dw04;dw05;dw06;dw07;dw08,dw00;dw01;dw02;dw03;dw04;dw05;dw06;dw07;dw08,,75,1,2026-08-30T10:01:04.367+0200,dw03,021B,119,1769,-54,-1611,730,4.08,12268
ground-height-2m-20260828-133428,d018m_r090_run01.csv,2,18,90,dw00;dw01;dw02;dw03;dw04;dw05;dw06;dw07;dw08,dw00;dw01;dw02;dw03;dw04;dw05;dw06;dw07;dw08,,165,1,2026-08-30T10:01:04.377+0200,dw08,028E,83,1775,164,777,1596,3.21,22277
ground-height-2m-20260828-133428,d018m_r090_run01.csv,2,18,90,dw00;dw01;dw02;dw03;dw04;dw05;dw06;dw07;dw08,dw00;dw01;dw02;dw03;dw04;dw05;dw06;dw07;dw08,,15,1,2026-08-30T10:01:04.387+0200,dw00,8103,170,1796,-174,1020,1478,3.63,32257
ground-height-2m-20260828-133428,d018m_r090_run01.csv,2,18,90,dw00;dw01;dw02;dw03;dw04;dw05;dw06;dw07;dw08,dw00;dw01;dw02;dw03;dw04;dw05;dw06;dw07;dw08,,35,1,2026-08-30T10:01:04.397+0200,dw01,1729,114,1778,-139,1395,1103,3.09,42327
ground-height-2m-20260828-133428,d018m_r090_run01.csv,2,18,90,dw00;dw01;dw02;dw03;dw04;dw05;dw06;dw07;dw08,dw00;dw01;dw02;dw03;dw04;dw05;dw06;dw07;dw08,,55,1,2026-08-30T10:01:04.407+0200,dw02,8FB0,210,1777,-92,1777,0,3.27,52307
ground-height-2m-20260828-133428,d018m_r090_run01.csv,2,18,90,dw00;dw01;dw02;dw03;dw04;dw05;dw06;dw07;dw08,dw00;dw01;dw02;dw03;dw04;dw05;dw06;dw07;dw08,,90,1,2026-08-30T10:01:04.417+0200,dw04,0F85,13,1769,-6,-1083,1399,3.69,62255
ground-height-2m-20260828-133428,d018m_r090_run01.csv,2,18,90,dw00;dw01;dw02;dw03;dw04;dw05;dw06;dw07;dw08,dw00;dw01;dw02;dw03;dw04;dw05;dw06;dw07;dw08,,105,1,2026-08-30T10:01:04.427+0200,dw05,4B92,89,1772,47,-493,1702,2.83,72265
ground-height-2m-20260828-133428,d018m_r090_run01.csv,2,18,90,dw00;dw01;dw02;dw03;dw04;dw05;dw06;dw07;dw08,dw00;dw01;dw02;dw03;dw04;dw05;dw06;dw07;dw08,,125,1,2026-08-30T10:01:04.437+0200,dw06,0789,105,1778,82,-112,1775,3.84,82275
ground-height-2m-20260828-133428,d018m_r090_run01.csv,2,18,90,dw00;dw01;dw02;dw03;dw04;dw05;dw06;dw07;dw08,dw00;dw01;dw02;dw03;dw04;dw05;dw06;dw07;dw08,,145,1,2026-08-30T10:01:04.547+0200,dw07,5783,197,1777,127,375,1737,2.08,2147483
ground-height-2m-20260828-133428,d018m_r090_run01.csv,2,18,90,dw00;dw01;dw02;dw03;dw04;dw05;dw06;dw07;dw08,dw00;dw01;dw02;dw03;dw04;dw05;dw06;dw07;dw08,,75,1,2026-08-30T10:01:04.567+0200,dw03,021B,120,1766,-43,-1479,964,4.02,12298
ground-height-2m-20260828-133428,d018m_r090_run01.csv,2,18,90,dw00;dw01;dw02;dw03;dw04;dw05;dw06;dw07;dw08,dw00;dw01;dw02;dw03;dw04;dw05;dw06;dw07;dw08,,165,1,2026-08-30T10:01:04.577+0200,dw08,028E,84,1774,-30,-1344,1157,3.21,22308
ground-height-2m-20260828-133428,d018m_r090_run01.csv,2,18,90,dw00;dw01;dw02;dw03;dw04;dw05;dw06;dw07;dw08,dw00;dw01;dw02;dw03;dw04;dw05;dw06;dw07;dw08,,15,1,2026-08-30T10:01:04.587+0200,dw00,8103,171,1793,-152,1269,1266,3.57,32257
ground-height-2m-20260828-133428,d018m_r090_run01.csv,2,18,90,dw00;dw01;dw02;dw03;dw04;dw05;dw06;dw07;dw08,dw00;dw01;dw02;dw03;dw04;dw05;dw06;dw07;dw08,,35,1,2026-08-30T10:01:04.597+0200,dw01,1729,115,1776,-127,1522,915,3.15,42327
ground-height-2m-20260828-133428,d018m_r090_run01.csv,2,18,90,dw00;dw01;dw02;dw03;dw04;dw05;dw06;dw07;dw08,dw00;dw01;dw02;dw03;dw04;dw05;dw06;dw07;dw08,,55,1,2026-08-30T10:01:04.607+0200,dw02,8FB0,211,1780,-101,1780,0,3.39,52337
ground-height-2m-20260828-133428,d018m_r090_run01.csv,2,18,90,dw00;dw01;dw02;dw03;dw04;dw05;dw06;dw07;dw08,dw00;dw01;dw02;dw03;dw04;dw05;dw06;dw07;dw08,,90,1,2026-08-30T10:01:04.617+0200,dw04,0F85,14,1768,-8,-1108,1377,3.78,62255
ground-height-2m-20260828-133428,d018m_r090_run01.csv,2,18,90,dw00;dw01;dw02;dw03;dw04;dw05;dw06;dw07;dw08,dw00;dw01;dw02;dw03;dw04;dw05;dw06;dw07;dw08,,105,1,2026-08-30T10:01:04.627+0200,dw05,4B92,90,1770,41,-562,1679,2.59,72265
ground-height-2m-20260828-133428,d018m_r090_run01.csv,2,18,90,dw00;dw01;dw02;dw03;dw04;dw05;dw06;dw07;dw08,dw00;dw01;dw02;dw03;dw04;dw05;dw06;dw07;dw08,,125,1,2026-08-30T10:01:04.637+0200,dw06,0789,106,1774,81,-128,1769,3.78,82275
ground-height-2m-20260828-133428,d018m_r090_run01.csv,2,18,90,dw00;dw01;dw02;dw03;dw04;dw05;dw06;dw07;dw08,dw00;dw01;dw02;dw03;dw04;dw05;dw06;dw07;dw08,,145,1,2026-08-30T10:01:04.747+0200,dw07,5783,198,1778,127,379,1737,2.32,2147483
ground-height-2m-20260828-133428,d018m_r090_run01.csv,2,18,90,dw00;dw01;dw02;dw03;dw04;dw05;dw06;dw07;dw08,dw00;dw01;dw02;dw03;dw04;dw05;dw06;dw07;dw08,,75,1,2026-08-30T10:01:04.767+0200,dw03,021B,121,1768,-43,-1491,950,4.02,12298
ground-height-2m-20260828-133428,d018m_r090_run01.csv,2,18,90,dw00;dw01;dw02;dw03;dw04;dw05;dw06;dw07;dw08,dw00;dw01;dw02;dw03;dw04;dw05;dw06;dw07;dw08,,165,1,2026-08-30T10:01:04.777+0200,dw08,028E,85,1776,147,598,1672,3.27,22247
ground-height-2m-20260828-133428,d018m_r090_run01.csv,2,18,90,dw00;dw01;dw02;dw03;dw04;dw05;dw06;dw07;dw08,dw00;dw01;dw02;dw03;dw04;dw05;dw06;dw07;dw08,,15,1,2026-08-30T10:01:04.787+0200,dw00,8103,172,1791,-157,1207,1323,3.57,32257
ground-height-2m-20260828-133428,d018m_r090_run01.csv,2,18,90,dw00;dw01;dw02;dw03;dw04;dw05;dw06;dw07;dw08,dw00;dw01;dw02;dw03;dw04;dw05;dw06;dw07;dw08,,35,1,2026-08-30T10:01:04.797+0200,dw01,1729,116,1778,-142,1360,1145,3.15,42327
ground-height-2m-20260828-133428,d018m_r090_run01.csv,2,18,90,dw00;dw01;dw02;dw03;dw04;dw05;dw06;dw07;dw08,dw00;dw01;dw02;dw03;dw04;dw05;dw06;dw07;dw08,,55,1,2026-08-30T10:01:04.807+0200,dw02,8FB0,212,1781,-91,1781,0,3.39,52307
ground-height-2m-20260828-133428,d018m_r090_run01.csv,2,18,90,dw00;dw01;dw02;dw03;dw04;dw05;dw06;dw07;dw08,dw00;dw01;dw02;dw03;dw04;dw05;dw06;dw07;dw08,,90,1,2026-08-30T10:01:04.817+0200,dw04,0F85,15,1769,0,-1005,1455,3.69,62255
ground-height-2m-20260828-133428,d018m_r090_run01.csv,2,18,90,dw00;dw01;dw02;dw03;dw04;dw05;dw06;dw07;dw08,dw00;dw01;dw02;dw03;dw04;dw05;dw06;dw07;dw08,,105,1,2026-08-30T10:01:04.827+0200,dw05,4B92,91,1774,51,-447,1717,2.77,72235
ground-height-2m-20260828-133428,d018m_r090_run01.csv,2,18,90,dw00;dw01;dw02;dw03;dw04;dw05;dw06;dw07;dw08,dw00;dw01;dw02;dw03;dw04;dw05;dw06;dw07;dw08,,125,1,2026-08-30T10:01:04.837+0200,dw06,0789,107,1774,97,52,1773,3.78,82305
ground-height-2m-20260828-133428,d018m_r090_run01.csv,2,18,90,dw00;dw01;dw02;dw03;dw04;dw05;dw06;dw07;dw08,dw00;dw01;dw02;dw03;dw04;dw05;dw06;dw07;dw08,,145,1,2026-08-30T10:01:04.946+0200,dw07,5783,199,1778,137,483,1711,2.26,2147483
ground-height-2m-20260828-133428,d018m_r090_run01.csv,2,18,90,dw00;dw01;dw02;dw03;dw04;dw05;dw06;dw07;dw08,dw00;dw01;dw02;dw03;dw04;dw05;dw06;dw07;dw08,,75,1,2026-08-30T10:01:04.967+0200,dw03,021B,122,1766,-42,-1477,968,4.20,12268
ground-height-2m-20260828-133428,d018m_r090_run01.csv,2,18,90,dw00;dw01;dw02;dw03;dw04;dw05;dw06;dw07;dw08,dw00;dw01;dw02;dw03;dw04;dw05;dw06;dw07;dw08,,15,1,2026-08-30T10:01:04.986+0200,dw00,8103,173,1795,-157,1211,1325,3.57,32257
ground-height-2m-20260828-133428,d018m_r090_run01.csv,2,18,90,dw00;dw01;dw02;dw03;dw04;dw05;dw06;dw07;dw08,dw00;dw01;dw02;dw03;dw04;dw05;dw06;dw07;dw08,,35,1,2026-08-30T10:01:04.997+0200,dw01,1729,117,1778,-133,1462,1013,3.09,42327
ground-height-2m-20260828-133428,d018m_r090_run01.csv,2,18,90,dw00;dw01;dw02;dw03;dw04;dw05;dw06;dw07;dw08,dw00;dw01;dw02;dw03;dw04;dw05;dw06;dw07;dw08,,55,1,2026-08-30T10:01:05.007+0200,dw02,8FB0,213,1778,-108,1731,407,3.39,52307
ground-height-2m-20260828-133428,d018m_r090_run01.csv,2,18,90,dw00;dw01;dw02;dw03;dw04;dw05;dw06;dw07;dw08,dw00;dw01;dw02;dw03;dw04;dw05;dw06;dw07;dw08,,90,1,2026-08-30T10:01:05.017+0200,dw04,0F85,16,1767,5,-949,1490,3.78,62255
ground-height-2m-20260828-133428,d018m_r090_run01.csv,2,18,90,dw00;dw01;dw02;dw03;dw04;dw05;dw06;dw07;dw08,dw00;dw01;dw02;dw03;dw04;dw05;dw06;dw07;dw08,,105,1,2026-08-30T10:01:05.027+0200,dw05,4B92,92,1773,41,-558,1682,2.65,72235
ground-height-2m-20260828-133428,d018m_r090_run01.csv,2,18,90,dw00;dw01;dw02;dw03;dw04;dw05;dw06;dw07;dw08,dw00;dw01;dw02;dw03;dw04;dw05;dw06;dw07;dw08,,125,1,2026-08-30T10:01:05.037+0200,dw06,0789,108,1775,88,-45,1774,3.90,82244
ground-height-2m-20260828-133428,d018m_r090_run01.csv,2,18,90,dw00;dw01;dw02;dw03;dw04;dw05;dw06;dw07;dw08,dw00;dw01;dw02;dw03;dw04;dw05;dw06;dw07;dw08,,145,1,2026-08-30T10:01:05.147+0200,dw07,5783,200,1773,129,402,1727,2.20,2147483
ground-height-2m-20260828-133428,d018m_r090_run01.csv,2,18,90,dw00;dw01;dw02;dw03;dw04;dw05;dw06;dw07;dw08,dw00;dw01;dw02;dw03;dw04;dw05;dw06;dw07;dw08,,75,1,2026-08-30T10:01:05.167+0200,dw03,021B,123,1767,-49,-1545,856,4.02,12298
ground-height-2m-20260828-133428,d018m_r090_run01.csv,2,18,90,dw00;dw01;dw02;dw03;dw04;dw05;dw06;dw07;dw08,dw00;dw01;dw02;dw03;dw04;dw05;dw06;dw07;dw08,,15,1,2026-08-30T10:01:05.187+0200,dw00,8103,174,1796,-147,1317,1220,3.57,32257
ground-height-2m-20260828-133428,d018m_r090_run01.csv,2,18,90,dw00;dw01;dw02;dw03;dw04;dw05;dw06;dw07;dw08,dw00;dw01;dw02;dw03;dw04;dw05;dw06;dw07;dw08,,165,1,2026-08-30T10:01:05.193+0200,dw08,028E,87,1780,80,-131,1775,3.21,37933
ground-height-2m-20260828-133428,d018m_r090_run01.csv,2,18,90,dw00;dw01;dw02;dw03;dw04;dw05;dw06;dw07;dw08,dw00;dw01;dw02;dw03;dw04;dw05;dw06;dw07;dw08,,55,1,2026-08-30T10:01:05.207+0200,dw02,8FB0,214,1777,-93,1776,0,3.27,52307
ground-height-2m-20260828-133428,d018m_r090_run01.csv,2,18,90,dw00;dw01;dw02;dw03;dw04;dw05;dw06;dw07;dw08,dw00;dw01;dw02;dw03;dw04;dw05;dw06;dw07;dw08,,90,1,2026-08-30T10:01:05.217+0200,dw04,0F85,17,1771,-10,-1130,1363,3.84,62286
ground-height-2m-20260828-133428,d018m_r090_run01.csv,2,18,90,dw00;dw01;dw02;dw03;dw04;dw05;dw06;dw07;dw08,dw00;dw01;dw02;dw03;dw04;dw05;dw06;dw07;dw08,,105,1,2026-08-30T10:01:05.227+0200,dw05,4B92,93,1773,50,-461,1712,2.59,72235
ground-height-2m-20260828-133428,d018m_r090_run01.csv,2,18,90,dw00;dw01;dw02;dw03;dw04;dw05;dw06;dw07;dw08,dw00;dw01;dw02;dw03;dw04;dw05;dw06;dw07;dw08,,125,1,2026-08-30T10:01:05.236+0200,dw06,0789,109,1778,89,-40,1778,3.90,82275
ground-height-2m-20260828-133428,d018m_r090_run01.csv,2,18,90,dw00;dw01;dw02;dw03;dw04;dw05;dw06;dw07;dw08,dw00;dw01;dw02;dw03;dw04;dw05;dw06;dw07;dw08,,145,1,2026-08-30T10:01:05.347+0200,dw07,5783,201,1779,135,467,1716,2.26,2147483
ground-height-2m-20260828-133428,d018m_r090_run01.csv,2,18,90,dw00;dw01;dw02;dw03;dw04;dw05;dw06;dw07;dw08,dw00;dw01;dw02;dw03;dw04;dw05;dw06;dw07;dw08,,75,1,2026-08-30T10:01:05.366+0200,dw03,021B,124,1767,-40,-1450,1009,4.08,12268
ground-height-2m-20260828-133428,d018m_r090_run01.csv,2,18,90,dw00;dw01;dw02;dw03;dw04;dw05;dw06;dw07;dw08,dw00;dw01;dw02;dw03;dw04;dw05;dw06;dw07;dw08,,165,1,2026-08-30T10:01:05.377+0200,dw08,028E,88,1773,157,707,1626,3.15,22338
ground-height-2m-20260828-133428,d018m_r090_run01.csv,2,18,90,dw00;dw01;dw02;dw03;dw04;dw05;dw06;dw07;dw08,dw00;dw01;dw02;dw03;dw04;dw05;dw06;dw07;dw08,,15,1,2026-08-30T10:01:05.387+0200,dw00,8103,175,1791,-166,1106,1408,3.57,32287
ground-height-2m-20260828-133428,d018m_r090_run01.csv,2,18,90,dw00;dw01;dw02;dw03;dw04;dw05;dw06;dw07;dw08,dw00;dw01;dw02;dw03;dw04;dw05;dw06;dw07;dw08,,55,1,2026-08-30T10:01:05.406+0200,dw02,8FB0,215,1776,-96,1776,0,3.33,52307
ground-height-2m-20260828-133428,d018m_r090_run01.csv,2,18,90,dw00;dw01;dw02;dw03;dw04;dw05;dw06;dw07;dw08,dw00;dw01;dw02;dw03;dw04;dw05;dw06;dw07;dw08,,35,1,2026-08-30T10:01:05.412+0200,dw01,1729,119,1777,-148,1296,1216,3.27,58135
ground-height-2m-20260828-133428,d018m_r090_run01.csv,2,18,90,dw00;dw01;dw02;dw03;dw04;dw05;dw06;dw07;dw08,dw00;dw01;dw02;dw03;dw04;dw05;dw06;dw07;dw08,,105,1,2026-08-30T10:01:05.427+0200,dw05,4B92,94,1774,35,-631,1658,2.77,72265
ground-height-2m-20260828-133428,d018m_r090_run01.csv,2,18,90,dw00;dw01;dw02;dw03;dw04;dw05;dw06;dw07;dw08,dw00;dw01;dw02;dw03;dw04;dw05;dw06;dw07;dw08,,125,1,2026-08-30T10:01:05.437+0200,dw06,0789,110,1779,79,-144,1773,3.84,82305
ground-height-2m-20260828-133428,d018m_r090_run01.csv,2,18,90,dw00;dw01;dw02;dw03;dw04;dw05;dw06;dw07;dw08,dw00;dw01;dw02;dw03;dw04;dw05;dw06;dw07;dw08,,145,1,2026-08-30T10:01:05.547+0200,dw07,5783,202,1777,136,479,1711,2.08,2147483
ground-height-2m-20260828-133428,d018m_r090_run01.csv,2,18,90,dw00;dw01;dw02;dw03;dw04;dw05;dw06;dw07;dw08,dw00;dw01;dw02;dw03;dw04;dw05;dw06;dw07;dw08,,75,1,2026-08-30T10:01:05.566+0200,dw03,021B,125,1771,-42,-1478,975,4.02,12268
ground-height-2m-20260828-133428,d018m_r090_run01.csv,2,18,90,dw00;dw01;dw02;dw03;dw04;dw05;dw06;dw07;dw08,dw00;dw01;dw02;dw03;dw04;dw05;dw06;dw07;dw08,,165,1,2026-08-30T10:01:05.576+0200,dw08,028E,89,1776,155,681,1640,3.15,22277
ground-height-2m-20260828-133428,d018m_r090_run01.csv,2,18,90,dw00;dw01;dw02;dw03;dw04;dw05;dw06;dw07;dw08,dw00;dw01;dw02;dw03;dw04;dw05;dw06;dw07;dw08,,15,1,2026-08-30T10:01:05.587+0200,dw00,8103,176,1791,-170,1062,1441,3.57,32257
ground-height-2m-20260828-133428,d018m_r090_run01.csv,2,18,90,dw00;dw01;dw02;dw03;dw04;dw05;dw06;dw07;dw08,dw00;dw01;dw02;dw03;dw04;dw05;dw06;dw07;dw08,,35,1,2026-08-30T10:01:05.597+0200,dw01,1729,120,1778,-133,1459,1016,3.09,42358
ground-height-2m-20260828-133428,d018m_r090_run01.csv,2,18,90,dw00;dw01;dw02;dw03;dw04;dw05;dw06;dw07;dw08,dw00;dw01;dw02;dw03;dw04;dw05;dw06;dw07;dw08,,55,1,2026-08-30T10:01:05.607+0200,dw02,8FB0,216,1778,-98,1778,0,3.33,52337
ground-height-2m-20260828-133428,d018m_r090_run01.csv,2,18,90,dw00;dw01;dw02;dw03;dw04;dw05;dw06;dw07;dw08,dw00;dw01;dw02;dw03;dw04;dw05;dw06;dw07;dw08,,105,1,2026-08-30T10:01:05.627+0200,dw05,4B92,95,1772,38,-595,1669,2.71,72265
ground-height-2m-20260828-133428,d018m_r090_run01.csv,2,18,90,dw00;dw01;dw02;dw03;dw04;dw05;dw06;dw07;dw08,dw00;dw01;dw02;dw03;dw04;dw05;dw06;dw07;dw08,,90,1,2026-08-30T10:01:05.632+0200,dw04,0F85,19,1769,-8,-1106,1381,3.78,77819
ground-height-2m-20260828-133428,d018m_r090_run01.csv,2,18,90,dw00;dw01;dw02;dw03;dw04;dw05;dw06;dw07;dw08,dw00;dw01;dw02;dw03;dw04;dw05;dw06;dw07;dw08,,145,1,2026-08-30T10:01:05.746+0200,dw07,5783,203,1775,123,331,1744,2.26,2147483
ground-height-2m-20260828-133428,d018m_r090_run01.csv,2,18,90,dw00;dw01;dw02;dw03;dw04;dw05;dw06;dw07;dw08,dw00;dw01;dw02;dw03;dw04;dw05;dw06;dw07;dw08,,75,1,2026-08-30T10:01:05.767+0200,dw03,021B,126,1764,-41,-1461,988,4.08,12298
ground-height-2m-20260828-133428,d018m_r090_run01.csv,2,18,90,dw00;dw01;dw02;dw03;dw04;dw05;dw06;dw07;dw08,dw00;dw01;dw02;dw03;dw04;dw05;dw06;dw07;dw08,,165,1,2026-08-30T10:01:05.776+0200,dw08,028E,90,1775,160,741,1612,3.21,22277
ground-height-2m-20260828-133428,d018m_r090_run01.csv,2,18,90,dw00;dw01;dw02;dw03;dw04;dw05;dw06;dw07;dw08,dw00;dw01;dw02;dw03;dw04;dw05;dw06;dw07;dw08,,15,1,2026-08-30T10:01:05.786+0200,dw00,8103,177,1797,-161,1173,1361,3.63,32257
ground-height-2m-20260828-133428,d018m_r090_run01.csv,2,18,90,dw00;dw01;dw02;dw03;dw04;dw05;dw06;dw07;dw08,dw00;dw01;dw02;dw03;dw04;dw05;dw06;dw07;dw08,,35,1,2026-08-30T10:01:05.797+0200,dw01,1729,121,1775,-122,1575,818,3.06,42358
ground-height-2m-20260828-133428,d018m_r090_run01.csv,2,18,90,dw00;dw01;dw02;dw03;dw04;dw05;dw06;dw07;dw08,dw00;dw01;dw02;dw03;dw04;dw05;dw06;dw07;dw08,,55,1,2026-08-30T10:01:05.807+0200,dw02,8FB0,217,1777,-90,1776,0,3.33,52337
ground-height-2m-20260828-133428,d018m_r090_run01.csv,2,18,90,dw00;dw01;dw02;dw03;dw04;dw05;dw06;dw07;dw08,dw00;dw01;dw02;dw03;dw04;dw05;dw06;dw07;dw08,,90,1,2026-08-30T10:01:05.816+0200,dw04,0F85,20,1769,-5,-1067,1410,3.78,62316
ground-height-2m-20260828-133428,d018m_r090_run01.csv,2,18,90,dw00;dw01;dw02;dw03;dw04;dw05;dw06;dw07;dw08,dw00;dw01;dw02;dw03;dw04;dw05;dw06;dw07;dw08,,105,1,2026-08-30T10:01:05.826+0200,dw05,4B92,96,1776,44,-528,1696,2.83,72265
ground-height-2m-20260828-133428,d018m_r090_run01.csv,2,18,90,dw00;dw01;dw02;dw03;dw04;dw05;dw06;dw07;dw08,dw00;dw01;dw02;dw03;dw04;dw05;dw06;dw07;dw08,,125,1,2026-08-30T10:01:05.853+0200,dw06,0789,112,1775,87,-60,1774,3.96,2147483
ground-height-2m-20260828-133428,d018m_r090_run01.csv,2,18,90,dw00;dw01;dw02;dw03;dw04;dw05;dw06;dw07;dw08,dw00;dw01;dw02;dw03;dw04;dw05;dw06;dw07;dw08,,145,1,2026-08-30T10:01:05.946+0200,dw07,5783,204,1776,137,485,1709,2.08,2147483
ground-height-2m-20260828-133428,d018m_r090_run01.csv,2,18,90,dw00;dw01;dw02;dw03;dw04;dw05;dw06;dw07;dw08,dw00;dw01;dw02;dw03;dw04;dw05;dw06;dw07;dw08,,75,1,2026-08-30T10:01:05.967+0200,dw03,021B,127,1767,-52,-1579,793,4.14,12298
ground-height-2m-20260828-133428,d018m_r090_run01.csv,2,18,90,dw00;dw01;dw02;dw03;dw04;dw05;dw06;dw07;dw08,dw00;dw01;dw02;dw03;dw04;dw05;dw06;dw07;dw08,,165,1,2026-08-30T10:01:05.977+0200,dw08,028E,91,1775,-45,-1517,922,3.21,22277
ground-height-2m-20260828-133428,d018m_r090_run01.csv,2,18,90,dw00;dw01;dw02;dw03;dw04;dw05;dw06;dw07;dw08,dw00;dw01;dw02;dw03;dw04;dw05;dw06;dw07;dw08,,15,1,2026-08-30T10:01:05.986+0200,dw00,8103,178,1793,-162,1156,1370,3.57,32257
ground-height-2m-20260828-133428,d018m_r090_run01.csv,2,18,90,dw00;dw01;dw02;dw03;dw04;dw05;dw06;dw07;dw08,dw00;dw01;dw02;dw03;dw04;dw05;dw06;dw07;dw08,,35,1,2026-08-30T10:01:05.996+0200,dw01,1729,122,1778,-135,1446,1035,3.21,42327
ground-height-2m-20260828-133428,d018m_r090_run01.csv,2,18,90,dw00;dw01;dw02;dw03;dw04;dw05;dw06;dw07;dw08,dw00;dw01;dw02;dw03;dw04;dw05;dw06;dw07;dw08,,55,1,2026-08-30T10:01:06.007+0200,dw02,8FB0,218,1778,-94,1778,0,3.39,52307
ground-height-2m-20260828-133428,d018m_r090_run01.csv,2,18,90,dw00;dw01;dw02;dw03;dw04;dw05;dw06;dw07;dw08,dw00;dw01;dw02;dw03;dw04;dw05;dw06;dw07;dw08,,90,1,2026-08-30T10:01:06.017+0200,dw04,0F85,21,1767,-2,-1034,1432,3.78,62286
ground-height-2m-20260828-133428,d018m_r090_run01.csv,2,18,90,dw00;dw01;dw02;dw03;dw04;dw05;dw06;dw07;dw08,dw00;dw01;dw02;dw03;dw04;dw05;dw06;dw07;dw08,,105,1,2026-08-30T10:01:06.026+0200,dw05,4B92,97,1773,35,-632,1656,2.65,72204
ground-height-2m-20260828-133428,d018m_r090_run01.csv,2,18,90,dw00;dw01;dw02;dw03;dw04;dw05;dw06;dw07;dw08,dw00;dw01;dw02;dw03;dw04;dw05;dw06;dw07;dw08,,125,1,2026-08-30T10:01:06.036+0200,dw06,0789,113,1777,79,-144,1772,3.96,82336
ground-height-2m-20260828-133428,d018m_r090_run01.csv,2,18,90,dw00;dw01;dw02;dw03;dw04;dw05;dw06;dw07;dw08,dw00;dw01;dw02;dw03;dw04;dw05;dw06;dw07;dw08,,145,1,2026-08-30T10:01:06.147+0200,dw07,5783,205,1775,139,509,1701,2.14,2147483
ground-height-2m-20260828-133428,d018m_r090_run01.csv,2,18,90,dw00;dw01;dw02;dw03;dw04;dw05;dw06;dw07;dw08,dw00;dw01;dw02;dw03;dw04;dw05;dw06;dw07;dw08,,75,1,2026-08-30T10:01:06.166+0200,dw03,021B,128,1768,-49,-1549,852,4.14,12298
ground-height-2m-20260828-133428,d018m_r090_run01.csv,2,18,90,dw00;dw01;dw02;dw03;dw04;dw05;dw06;dw07;dw08,dw00;dw01;dw02;dw03;dw04;dw05;dw06;dw07;dw08,,165,1,2026-08-30T10:01:06.177+0200,dw08,028E,92,1774,162,765,1600,3.15,22277
ground-height-2m-20260828-133428,d018m_r090_run01.csv,2,18,90,dw00;dw01;dw02;dw03;dw04;dw05;dw06;dw07;dw08,dw00;dw01;dw02;dw03;dw04;dw05;dw06;dw07;dw08,,15,1,2026-08-30T10:01:06.187+0200,dw00,8103,179,1791,-164,1128,1391,3.69,32257
ground-height-2m-20260828-133428,d018m_r090_run01.csv,2,18,90,dw00;dw01;dw02;dw03;dw04;dw05;dw06;dw07;dw08,dw00;dw01;dw02;dw03;dw04;dw05;dw06;dw07;dw08,,35,1,2026-08-30T10:01:06.196+0200,dw01,1729,123,1783,-130,1496,969,3.09,42327
ground-height-2m-20260828-133428,d018m_r090_run01.csv,2,18,90,dw00;dw01;dw02;dw03;dw04;dw05;dw06;dw07;dw08,dw00;dw01;dw02;dw03;dw04;dw05;dw06;dw07;dw08,,55,1,2026-08-30T10:01:06.206+0200,dw02,8FB0,219,1779,-99,1779,0,3.33,52368
ground-height-2m-20260828-133428,d018m_r090_run01.csv,2,18,90,dw00;dw01;dw02;dw03;dw04;dw05;dw06;dw07;dw08,dw00;dw01;dw02;dw03;dw04;dw05;dw06;dw07;dw08,,90,1,2026-08-30T10:01:06.217+0200,dw04,0F85,22,1770,6,-947,1495,3.69,62194
ground-height-2m-20260828-133428,d018m_r090_run01.csv,2,18,90,dw00;dw01;dw02;dw03;dw04;dw05;dw06;dw07;dw08,dw00;dw01;dw02;dw03;dw04;dw05;dw06;dw07;dw08,,105,1,2026-08-30T10:01:06.227+0200,dw05,4B92,98,1777,40,-569,1684,2.59,72265
ground-height-2m-20260828-133428,d018m_r090_run01.csv,2,18,90,dw00;dw01;dw02;dw03;dw04;dw05;dw06;dw07;dw08,dw00;dw01;dw02;dw03;dw04;dw05;dw06;dw07;dw08,,125,1,2026-08-30T10:01:06.236+0200,dw06,0789,114,1777,84,-92,1774,3.90,82275
ground-height-2m-20260828-133428,d018m_r090_run01.csv,2,18,90,dw00;dw01;dw02;dw03;dw04;dw05;dw06;dw07;dw08,dw00;dw01;dw02;dw03;dw04;dw05;dw06;dw07;dw08,,145,1,2026-08-30T10:01:06.347+0200,dw07,5783,206,1770,131,423,1719,2.20,2147483
ground-height-2m-20260828-133428,d018m_r090_run01.csv,2,18,90,dw00;dw01;dw02;dw03;dw04;dw05;dw06;dw07;dw08,dw00;dw01;dw02;dw03;dw04;dw05;dw06;dw07;dw08,,75,1,2026-08-30T10:01:06.366+0200,dw03,021B,129,1770,-48,-1546,863,4.14,12268
ground-height-2m-20260828-133428,d018m_r090_run01.csv,2,18,90,dw00;dw01;dw02;dw03;dw04;dw05;dw06;dw07;dw08,dw00;dw01;dw02;dw03;dw04;dw05;dw06;dw07;dw08,,165,1,2026-08-30T10:01:06.376+0200,dw08,028E,93,1776,-42,-1478,983,3.15,22277
ground-height-2m-20260828-133428,d018m_r090_run01.csv,2,18,90,dw00;dw01;dw02;dw03;dw04;dw05;dw06;dw07;dw08,dw00;dw01;dw02;dw03;dw04;dw05;dw06;dw07;dw08,,15,1,2026-08-30T10:01:06.387+0200,dw00,8103,180,1793,-164,1132,1391,3.63,32257
ground-height-2m-20260828-133428,d018m_r090_run01.csv,2,18,90,dw00;dw01;dw02;dw03;dw04;dw05;dw06;dw07;dw08,dw00;dw01;dw02;dw03;dw04;dw05;dw06;dw07;dw08,,35,1,2026-08-30T10:01:06.396+0200,dw01,1729,124,1773,104,122,1769,3.06,42327
ground-height-2m-20260828-133428,d018m_r090_run01.csv,2,18,90,dw00;dw01;dw02;dw03;dw04;dw05;dw06;dw07;dw08,dw00;dw01;dw02;dw03;dw04;dw05;dw06;dw07;dw08,,55,1,2026-08-30T10:01:06.406+0200,dw02,8FB0,220,1777,-90,1777,0,3.33,52307
ground-height-2m-20260828-133428,d018m_r090_run01.csv,2,18,90,dw00;dw01;dw02;dw03;dw04;dw05;dw06;dw07;dw08,dw00;dw01;dw02;dw03;dw04;dw05;dw06;dw07;dw08,,90,1,2026-08-30T10:01:06.416+0200,dw04,0F85,23,1766,-4,-1060,1412,3.69,62255
ground-height-2m-20260828-133428,d018m_r090_run01.csv,2,18,90,dw00;dw01;dw02;dw03;dw04;dw05;dw06;dw07;dw08,dw00;dw01;dw02;dw03;dw04;dw05;dw06;dw07;dw08,,105,1,2026-08-30T10:01:06.427+0200,dw05,4B92,99,1776,38,-589,1675,2.71,72235
ground-height-2m-20260828-133428,d018m_r090_run01.csv,2,18,90,dw00;dw01;dw02;dw03;dw04;dw05;dw06;dw07;dw08,dw00;dw01;dw02;dw03;dw04;dw05;dw06;dw07;dw08,,125,1,2026-08-30T10:01:06.437+0200,dw06,0789,115,1773,83,-103,1770,3.78,82275
ground-height-2m-20260828-133428,d018m_r090_run01.csv,2,18,90,dw00;dw01;dw02;dw03;dw04;dw05;dw06;dw07;dw08,dw00;dw01;dw02;dw03;dw04;dw05;dw06;dw07;dw08,,145,1,2026-08-30T10:01:06.547+0200,dw07,5783,207,1778,142,543,1693,2.26,2147483
ground-height-2m-20260828-133428,d018m_r090_run01.csv,2,18,90,dw00;dw01;dw02;dw03;dw04;dw05;dw06;dw07;dw08,dw00;dw01;dw02;dw03;dw04;dw05;dw06;dw07;dw08,,75,1,2026-08-30T10:01:06.566+0200,dw03,021B,130,1768,-44,-1502,933,4.14,12268
ground-height-2m-20260828-133428,d018m_r090_run01.csv,2,18,90,dw00;dw01;dw02;dw03;dw04;dw05;dw06;dw07;dw08,dw00;dw01;dw02;dw03;dw04;dw05;dw06;dw07;dw08,,165,1,2026-08-30T10:01:06.576+0200,dw08,028E,94,1776,167,814,1578,3.27,22308
ground-height-2m-20260828-133428,d018m_r090_run01.csv,2,18,90,dw00;dw01;dw02;dw03;dw04;dw05;dw06;dw07;dw08,dw00;dw01;dw02;dw03;dw04;dw05;dw06;dw07;dw08,,15,1,2026-08-30T10:01:06.586+0200,dw00,8103,181,1793,-159,1189,1342,3.51,32226
ground-height-2m-20260828-133428,d018m_r090_run01.csv,2,18,90,dw00;dw01;dw02;dw03;dw04;dw05;dw06;dw07;dw08,dw00;dw01;dw02;dw03;dw04;dw05;dw06;dw07;dw08,,35,1,2026-08-30T10:01:06.597+0200,dw01,1729,125,1776,-130,1497,955,3.06,42358
ground-height-2m-20260828-133428,d018m_r090_run01.csv,2,18,90,dw00;dw01;dw02;dw03;dw04;dw05;dw06;dw07;dw08,dw00;dw01;dw02;dw03;dw04;dw05;dw06;dw07;dw08,,55,1,2026-08-30T10:01:06.606+0200,dw02,8FB0,221,1777,-99,1777,0,3.33,52307
ground-height-2m-20260828-133428,d018m_r090_run01.csv,2,18,90,dw00;dw01;dw02;dw03;dw04;dw05;dw06;dw07;dw08,dw00;dw01;dw02;dw03;dw04;dw05;dw06;dw07;dw08,,90,1,2026-08-30T10:01:06.616+0200,dw04,0F85,24,1767,-4,-1056,1417,3.69,62225
ground-height-2m-20260828-133428,d018m_r090_run01.csv,2,18,90,dw00;dw01;dw02;dw03;dw04;dw05;dw06;dw07;dw08,dw00;dw01;dw02;dw03;dw04;dw05;dw06;dw07;dw08,,105,1,2026-08-30T10:01:06.626+0200,dw05,4B92,100,1774,29,-690,1634,2.71,72235
ground-height-2m-20260828-133428,d018m_r090_run01.csv,2,18,90,dw00;dw01;dw02;dw03;dw04;dw05;dw06;dw07;dw08,dw00;dw01;dw02;dw03;dw04;dw05;dw06;dw07;dw08,,125,1,2026-08-30T10:01:06.637+0200,dw06,0789,116,1772,86,-74,1770,3.90,82275
ground-height-2m-20260828-133428,d018m_r090_run01.csv,2,18,90,dw00;dw01;dw02;dw03;dw04;dw05;dw06;dw07;dw08,dw00;dw01;dw02;dw03;dw04;dw05;dw06;dw07;dw08,,145,1,2026-08-30T10:01:06.746+0200,dw07,5783,208,1776,136,478,1710,2.20,2147483
ground-height-2m-20260828-133428,d018m_r090_run01.csv,2,18,90,dw00;dw01;dw02;dw03;dw04;dw05;dw06;dw07;dw08,dw00;dw01;dw02;dw03;dw04;dw05;dw06;dw07;dw08,,75,1,2026-08-30T10:01:06.767+0200,dw03,021B,131,1768,-49,-1552,847,4.02,12268
ground-height-2m-20260828-133428,d018m_r090_run01.csv,2,18,90,dw00;dw01;dw02;dw03;dw04;dw05;dw06;dw07;dw08,dw00;dw01;dw02;dw03;dw04;dw05;dw06;dw07;dw08,,165,1,2026-08-30T10:01:06.776+0200,dw08,028E,95,1773,162,757,1603,3.27,22277
ground-height-2m-20260828-133428,d018m_r090_run01.csv,2,18,90,dw00;dw01;dw02;dw03;dw04;dw05;dw06;dw07;dw08,dw00;dw01;dw02;dw03;dw04;dw05;dw06;dw07;dw08,,15,1,2026-08-30T10:01:06.786+0200,dw00,8103,182,1790,-159,1186,1340,3.63,32287
ground-height-2m-20260828-133428,d018m_r090_run01.csv,2,18,90,dw00;dw01;dw02;dw03;dw04;dw05;dw06;dw07;dw08,dw00;dw01;dw02;dw03;dw04;dw05;dw06;dw07;dw08,,35,1,2026-08-30T10:01:06.796+0200,dw01,1729,126,1779,108,171,1771,3.06,42297
ground-height-2m-20260828-133428,d018m_r090_run01.csv,2,18,90,dw00;dw01;dw02;dw03;dw04;dw05;dw06;dw07;dw08,dw00;dw01;dw02;dw03;dw04;dw05;dw06;dw07;dw08,,55,1,2026-08-30T10:01:06.807+0200,dw02,8FB0,222,1777,-92,1777,0,3.33,52307
ground-height-2m-20260828-133428,d018m_r090_run01.csv,2,18,90,dw00;dw01;dw02;dw03;dw04;dw05;dw06;dw07;dw08,dw00;dw01;dw02;dw03;dw04;dw05;dw06;dw07;dw08,,90,1,2026-08-30T10:01:06.816+0200,dw04,0F85,25,1768,85,-84,1766,3.69,62255
ground-height-2m-20260828-133428,d018m_r090_run01.csv,2,18,90,dw00;dw01;dw02;dw03;dw04;dw05;dw06;dw07;dw08,dw00;dw01;dw02;dw03;dw04;dw05;dw06;dw07;dw08,,105,1,2026-08-30T10:01:06.826+0200,dw05,4B92,101,1775,40,-577,1678,2.65,72235
ground-height-2m-20260828-133428,d018m_r090_run01.csv,2,18,90,dw00;dw01;dw02;dw03;dw04;dw05;dw06;dw07;dw08,dw00;dw01;dw02;dw03;dw04;dw05;dw06;dw07;dw08,,125,1,2026-08-30T10:01:06.836+0200,dw06,0789,117,1773,95,23,1773,3.78,82275
ground-height-2m-20260828-133428,d018m_r090_run01.csv,2,18,90,dw00;dw01;dw02;dw03;dw04;dw05;dw06;dw07;dw08,dw00;dw01;dw02;dw03;dw04;dw05;dw06;dw07;dw08,,145,1,2026-08-30T10:01:06.946+0200,dw07,5783,209,1775,132,427,1723,2.14,2147483
ground-height-2m-20260828-133428,d018m_r090_run01.csv,2,18,90,dw00;dw01;dw02;dw03;dw04;dw05;dw06;dw07;dw08,dw00;dw01;dw02;dw03;dw04;dw05;dw06;dw07;dw08,,75,1,2026-08-30T10:01:06.966+0200,dw03,021B,132,1762,-57,-1628,673,4.02,12298
ground-height-2m-20260828-133428,d018m_r090_run01.csv,2,18,90,dw00;dw01;dw02;dw03;dw04;dw05;dw06;dw07;dw08,dw00;dw01;dw02;dw03;dw04;dw05;dw06;dw07;dw08,,165,1,2026-08-30T10:01:06.976+0200,dw08,028E,96,1775,158,719,1623,3.21,22277
ground-height-2m-20260828-133428,d018m_r090_run01.csv,2,18,90,dw00;dw01;dw02;dw03;dw04;dw05;dw06;dw07;dw08,dw00;dw01;dw02;dw03;dw04;dw05;dw06;dw07;dw08,,15,1,2026-08-30T10:01:06.986+0200,dw00,8103,183,1791,-153,1249,1284,3.45,32226
ground-height-2m-20260828-133428,d018m_r090_run01.csv,2,18,90,dw00;dw01;dw02;dw03;dw04;dw05;dw06;dw07;dw08,dw00;dw01;dw02;dw03;dw04;dw05;dw06;dw07;dw08,,35,1,2026-08-30T10:01:06.996+0200,dw01,1729,127,1776,-136,1428,1055,3.06,42297
ground-height-2m-20260828-133428,d018m_r090_run01.csv,2,18,90,dw00;dw01;dw02;dw03;dw04;dw05;dw06;dw07;dw08,dw00;dw01;dw02;dw03;dw04;dw05;dw06;dw07;dw08,,55,1,2026-08-30T10:01:07.006+0200,dw02,8FB0,223,1775,-83,-1775,0,3.33,52307
ground-height-2m-20260828-133428,d018m_r090_run01.csv,2,18,90,dw00;dw01;dw02;dw03;dw04;dw05;dw06;dw07;dw08,dw00;dw01;dw02;dw03;dw04;dw05;dw06;dw07;dw08,,90,1,2026-08-30T10:01:07.017+0200,dw04,0F85,26,1769,-6,-1081,1400,3.63,62255
ground-height-2m-20260828-133428,d018m_r090_run01.csv,2,18,90,dw00;dw01;dw02;dw03;dw04;dw05;dw06;dw07;dw08,dw00;dw01;dw02;dw03;dw04;dw05;dw06;dw07;dw08,,105,1,2026-08-30T10:01:07.026+0200,dw05,4B92,102,1772,28,-700,1628,2.71,72265
ground-height-2m-20260828-133428,d018m_r090_run01.csv,2,18,90,dw00;dw01;dw02;dw03;dw04;dw05;dw06;dw07;dw08,dw00;dw01;dw02;dw03;dw04;dw05;dw06;dw07;dw08,,125,1,2026-08-30T10:01:07.036+0200,dw06,0789,118,1776,85,-77,1774,3.78,82275
ground-height-2m-20260828-133428,d018m_r090_run01.csv,2,18,90,dw00;dw01;dw02;dw03;dw04;dw05;dw06;dw07;dw08,dw00;dw01;dw02;dw03;dw04;dw05;dw06;dw07;dw08,,145,1,2026-08-30T10:01:07.146+0200,dw07,5783,210,1779,126,369,1740,2.14,2147483
ground-height-2m-20260828-133428,d018m_r090_run01.csv,2,18,90,dw00;dw01;dw02;dw03;dw04;dw05;dw06;dw07;dw08,dw00;dw01;dw02;dw03;dw04;dw05;dw06;dw07;dw08,,75,1,2026-08-30T10:01:07.166+0200,dw03,021B,133,1765,-48,-1533,876,4.02,12268
ground-height-2m-20260828-133428,d018m_r090_run01.csv,2,18,90,dw00;dw01;dw02;dw03;dw04;dw05;dw06;dw07;dw08,dw00;dw01;dw02;dw03;dw04;dw05;dw06;dw07;dw08,,165,1,2026-08-30T10:01:07.176+0200,dw08,028E,97,1773,144,565,1681,3.15,22277
ground-height-2m-20260828-133428,d018m_r090_run01.csv,2,18,90,dw00;dw01;dw02;dw03;dw04;dw05;dw06;dw07;dw08,dw00;dw01;dw02;dw03;dw04;dw05;dw06;dw07;dw08,,15,1,2026-08-30T10:01:07.186+0200,dw00,8103,184,1795,-169,1082,1432,3.69,32226
ground-height-2m-20260828-133428,d018m_r090_run01.csv,2,18,90,dw00;dw01;dw02;dw03;dw04;dw05;dw06;dw07;dw08,dw00;dw01;dw02;dw03;dw04;dw05;dw06;dw07;dw08,,35,1,2026-08-30T10:01:07.196+0200,dw01,1729,128,1777,-126,1535,896,3.09,42327
ground-height-2m-20260828-133428,d018m_r090_run01.csv,2,18,90,dw00;dw01;dw02;dw03;dw04;dw05;dw06;dw07;dw08,dw00;dw01;dw02;dw03;dw04;dw05;dw06;dw07;dw08,,55,1,2026-08-30T10:01:07.206+0200,dw02,8FB0,224,1777,-88,1776,0,3.33,52307
ground-height-2m-20260828-133428,d018m_r090_run01.csv,2,18,90,dw00;dw01;dw02;dw03;dw04;dw05;dw06;dw07;dw08,dw00;dw01;dw02;dw03;dw04;dw05;dw06;dw07;dw08,,90,1,2026-08-30T10:01:07.216+0200,dw04,0F85,27,1772,6,-939,1503,3.78,62255
ground-height-2m-20260828-133428,d018m_r090_run01.csv,2,18,90,dw00;dw01;dw02;dw03;dw04;dw05;dw06;dw07;dw08,dw00;dw01;dw02;dw03;dw04;dw05;dw06;dw07;dw08,,105,1,2026-08-30T10:01:07.226+0200,dw05,4B92,103,1774,36,-612,1665,2.77,72235
ground-height-2m-20260828-133428,d018m_r090_run01.csv,2,18,90,dw00;dw01;dw02;dw03;dw04;dw05;dw06;dw07;dw08,dw00;dw01;dw02;dw03;dw04;dw05;dw06;dw07;dw08,,125,1,2026-08-30T10:01:07.236+0200,dw06,0789,119,1775,81,-125,1771,3.72,82305
ground-height-2m-20260828-133428,d018m_r090_run01.csv,2,18,90,dw00;dw01;dw02;dw03;dw04;dw05;dw06;dw07;dw08,dw00;dw01;dw02;dw03;dw04;dw05;dw06;dw07;dw08,,145,1,2026-08-30T10:01:07.346+0200,dw07,5783,211,1775,132,432,1721,2.02,2147483
ground-height-2m-20260828-133428,d018m_r090_run01.csv,2,18,90,dw00;dw01;dw02;dw03;dw04;dw05;dw06;dw07;dw08,dw00;dw01;dw02;dw03;dw04;dw05;dw06;dw07;dw08,,75,1,2026-08-30T10:01:07.366+0200,dw03,021B,134,1768,-49,-1554,843,4.02,12298
ground-height-2m-20260828-133428,d018m_r090_run01.csv,2,18,90,dw00;dw01;dw02;dw03;dw04;dw05;dw06;dw07;dw08,dw00;dw01;dw02;dw03;dw04;dw05;dw06;dw07;dw08,,165,1,2026-08-30T10:01:07.376+0200,dw08,028E,98,1773,155,685,1636,3.27,22277
ground-height-2m-20260828-133428,d018m_r090_run01.csv,2,18,90,dw00;dw01;dw02;dw03;dw04;dw05;dw06;dw07;dw08,dw00;dw01;dw02;dw03;dw04;dw05;dw06;dw07;dw08,,15,1,2026-08-30T10:01:07.386+0200,dw00,8103,185,1792,-153,1250,1284,3.45,32226
ground-height-2m-20260828-133428,d018m_r090_run01.csv,2,18,90,dw00;dw01;dw02;dw03;dw04;dw05;dw06;dw07;dw08,dw00;dw01;dw02;dw03;dw04;dw05;dw06;dw07;dw08,,35,1,2026-08-30T10:01:07.396+0200,dw01,1729,129,1780,-132,1471,1002,3.06,42327
ground-height-2m-20260828-133428,d018m_r090_run01.csv,2,18,90,dw00;dw01;dw02;dw03;dw04;dw05;dw06;dw07;dw08,dw00;dw01;dw02;dw03;dw04;dw05;dw06;dw07;dw08,,55,1,2026-08-30T10:01:07.406+0200,dw02,8FB0,225,1776,-99,1776,0,3.45,52307
ground-height-2m-20260828-133428,d018m_r090_run01.csv,2,18,90,dw00;dw01;dw02;dw03;dw04;dw05;dw06;dw07;dw08,dw00;dw01;dw02;dw03;dw04;dw05;dw06;dw07;dw08,,90,1,2026-08-30T10:01:07.416+0200,dw04,0F85,28,1767,1,-998,1458,3.63,62255
ground-height-2m-20260828-133428,d018m_r090_run01.csv,2,18,90,dw00;dw01;dw02;dw03;dw04;dw05;dw06;dw07;dw08,dw00;dw01;dw02;dw03;dw04;dw05;dw06;dw07;dw08,,105,1,2026-08-30T10:01:07.426+0200,dw05,4B92,104,1772,50,-464,1711,2.83,72235
ground-height-2m-20260828-133428,d018m_r090_run01.csv,2,18,90,dw00;dw01;dw02;dw03;dw04;dw05;dw06;dw07;dw08,dw00;dw01;dw02;dw03;dw04;dw05;dw06;dw07;dw08,,125,1,2026-08-30T10:01:07.436+0200,dw06,0789,120,1773,84,-88,1771,3.75,82244
ground-height-2m-20260828-133428,d018m_r090_run01.csv,2,18,90,dw00;dw01;dw02;dw03;dw04;dw05;dw06;dw07;dw08,dw00;dw01;dw02;dw03;dw04;dw05;dw06;dw07;dw08,,145,1,2026-08-30T10:01:07.546+0200,dw07,5783,212,1777,125,359,1741,2.20,2147483
ground-height-2m-20260828-133428,d018m_r090_run01.csv,2,18,90,dw00;dw01;dw02;dw03;dw04;dw05;dw06;dw07;dw08,dw00;dw01;dw02;dw03;dw04;dw05;dw06;dw07;dw08,,75,1,2026-08-30T10:01:07.566+0200,dw03,021B,135,1766,-47,-1527,886,4.02,12268
ground-height-2m-20260828-133428,d018m_r090_run01.csv,2,18,90,dw00;dw01;dw02;dw03;dw04;dw05;dw06;dw07;dw08,dw00;dw01;dw02;dw03;dw04;dw05;dw06;dw07;dw08,,165,1,2026-08-30T10:01:07.576+0200,dw08,028E,99,1776,152,652,1652,3.27,22247
ground-height-2m-20260828-133428,d018m_r090_run01.csv,2,18,90,dw00;dw01;dw02;dw03;dw04;dw05;dw06;dw07;dw08,dw00;dw01;dw02;dw03;dw04;dw05;dw06;dw07;dw08,,15,1,2026-08-30T10:01:07.586+0200,dw00,8103,186,1792,-163,1138,1384,3.69,32226
ground-height-2m-20260828-133428,d018m_r090_run01.csv,2,18,90,dw00;dw01;dw02;dw03;dw04;dw05;dw06;dw07;dw08,dw00;dw01;dw02;dw03;dw04;dw05;dw06;dw07;dw08,,35,1,2026-08-30T10:01:07.596+0200,dw01,1729,130,1776,-132,1470,997,3.06,42327
ground-height-2m-20260828-133428,d018m_r090_run01.csv,2,18,90,dw00;dw01;dw02;dw03;dw04;dw05;dw06;dw07;dw08,dw00;dw01;dw02;dw03;dw04;dw05;dw06;dw07;dw08,,55,1,2026-08-30T10:01:07.606+0200,dw02,8FB0,226,1778,-89,1778,0,3.33,52307
ground-height-2m-20260828-133428,d018m_r090_run01.csv,2,18,90,dw00;dw01;dw02;dw03;dw04;dw05;dw06;dw07;dw08,dw00;dw01;dw02;dw03;dw04;dw05;dw06;dw07;dw08,,90,1,2026-08-30T10:01:07.616+0200,dw04,0F85,29,1767,2,-984,1467,3.72,62255
ground-height-2m-20260828-133428,d018m_r090_run01.csv,2,18,90,dw00;dw01;dw02;dw03;dw04;dw05;dw06;dw07;dw08,dw00;dw01;dw02;dw03;dw04;dw05;dw06;dw07;dw08,,105,1,2026-08-30T10:01:07.626+0200,dw05,4B92,105,1771,39,-587,1671,2.65,72235
ground-height-2m-20260828-133428,d018m_r090_run01.csv,2,18,90,dw00;dw01;dw02;dw03;dw04;dw05;dw06;dw07;dw08,dw00;dw01;dw02;dw03;dw04;dw05;dw06;dw07;dw08,,125,1,2026-08-30T10:01:07.636+0200,dw06,0789,121,1777,85,-82,1776,3.78,82275
ground-height-2m-20260828-133428,d018m_r090_run01.csv,2,18,90,dw00;dw01;dw02;dw03;dw04;dw05;dw06;dw07;dw08,dw00;dw01;dw02;dw03;dw04;dw05;dw06;dw07;dw08,,145,1,2026-08-30T10:01:07.746+0200,dw07,5783,213,1778,135,470,1715,2.14,2147483
ground-height-2m-20260828-133428,d018m_r090_run01.csv,2,18,90,dw00;dw01;dw02;dw03;dw04;dw05;dw06;dw07;dw08,dw00;dw01;dw02;dw03;dw04;dw05;dw06;dw07;dw08,,75,1,2026-08-30T10:01:07.765+0200,dw03,021B,136,1770,-34,-1392,1093,4.02,12268
ground-height-2m-20260828-133428,d018m_r090_run01.csv,2,18,90,dw00;dw01;dw02;dw03;dw04;dw05;dw06;dw07;dw08,dw00;dw01;dw02;dw03;dw04;dw05;dw06;dw07;dw08,,165,1,2026-08-30T10:01:07.776+0200,dw08,028E,100,1769,-10,-1126,1364,3.15,22308
ground-height-2m-20260828-133428,d018m_r090_run01.csv,2,18,90,dw00;dw01;dw02;dw03;dw04;dw05;dw06;dw07;dw08,dw00;dw01;dw02;dw03;dw04;dw05;dw06;dw07;dw08,,15,1,2026-08-30T10:01:07.786+0200,dw00,8103,187,1792,-153,1249,1286,3.63,32226
ground-height-2m-20260828-133428,d018m_r090_run01.csv,2,18,90,dw00;dw01;dw02;dw03;dw04;dw05;dw06;dw07;dw08,dw00;dw01;dw02;dw03;dw04;dw05;dw06;dw07;dw08,,35,1,2026-08-30T10:01:07.796+0200,dw01,1729,131,1779,-133,1460,1016,3.06,42297
ground-height-2m-20260828-133428,d018m_r090_run01.csv,2,18,90,dw00;dw01;dw02;dw03;dw04;dw05;dw06;dw07;dw08,dw00;dw01;dw02;dw03;dw04;dw05;dw06;dw07;dw08,,55,1,2026-08-30T10:01:07.805+0200,dw02,8FB0,227,1777,-100,1777,0,3.33,52368
ground-height-2m-20260828-133428,d018m_r090_run01.csv,2,18,90,dw00;dw01;dw02;dw03;dw04;dw05;dw06;dw07;dw08,dw00;dw01;dw02;dw03;dw04;dw05;dw06;dw07;dw08,,90,1,2026-08-30T10:01:07.817+0200,dw04,0F85,30,1767,-4,-1060,1413,3.69,62225
ground-height-2m-20260828-133428,d018m_r090_run01.csv,2,18,90,dw00;dw01;dw02;dw03;dw04;dw05;dw06;dw07;dw08,dw00;dw01;dw02;dw03;dw04;dw05;dw06;dw07;dw08,,105,1,2026-08-30T10:01:07.826+0200,dw05,4B92,106,1774,36,-620,1662,2.89,72235
ground-height-2m-20260828-133428,d018m_r090_run01.csv,2,18,90,dw00;dw01;dw02;dw03;dw04;dw05;dw06;dw07;dw08,dw00;dw01;dw02;dw03;dw04;dw05;dw06;dw07;dw08,,125,1,2026-08-30T10:01:07.836+0200,dw06,0789,122,1774,80,-137,1768,3.78,82275
ground-height-2m-20260828-133428,d018m_r090_run01.csv,2,18,90,dw00;dw01;dw02;dw03;dw04;dw05;dw06;dw07;dw08,dw00;dw01;dw02;dw03;dw04;dw05;dw06;dw07;dw08,,145,1,2026-08-30T10:01:07.946+0200,dw07,5783,214,1774,128,392,1730,2.20,2147483
ground-height-2m-20260828-133428,d018m_r090_run01.csv,2,18,90,dw00;dw01;dw02;dw03;dw04;dw05;dw06;dw07;dw08,dw00;dw01;dw02;dw03;dw04;dw05;dw06;dw07;dw08,,75,1,2026-08-30T10:01:07.966+0200,dw03,021B,137,1766,-45,-1502,928,4.14,12298
ground-height-2m-20260828-133428,d018m_r090_run01.csv,2,18,90,dw00;dw01;dw02;dw03;dw04;dw05;dw06;dw07;dw08,dw00;dw01;dw02;dw03;dw04;dw05;dw06;dw07;dw08,,165,1,2026-08-30T10:01:07.975+0200,dw08,028E,101,1775,161,752,1608,3.33,22277
ground-height-2m-20260828-133428,d018m_r090_run01.csv,2,18,90,dw00;dw01;dw02;dw03;dw04;dw05;dw06;dw07;dw08,dw00;dw01;dw02;dw03;dw04;dw05;dw06;dw07;dw08,,15,1,2026-08-30T10:01:07.986+0200,dw00,8103,188,1798,-160,1180,1356,3.63,32226
ground-height-2m-20260828-133428,d018m_r090_run01.csv,2,18,90,dw00;dw01;dw02;dw03;dw04;dw05;dw06;dw07;dw08,dw00;dw01;dw02;dw03;dw04;dw05;dw06;dw07;dw08,,35,1,2026-08-30T10:01:07.996+0200,dw01,1729,132,1775,-121,1590,789,3.09,42327
ground-height-2m-20260828-133428,d018m_r090_run01.csv,2,18,90,dw00;dw01;dw02;dw03;dw04;dw05;dw06;dw07;dw08,dw00;dw01;dw02;dw03;dw04;dw05;dw06;dw07;dw08,,55,1,2026-08-30T10:01:08.006+0200,dw02,8FB0,228,1774,-96,1774,0,3.33,52307
ground-height-2m-20260828-133428,d018m_r090_run01.csv,2,18,90,dw00;dw01;dw02;dw03;dw04;dw05;dw06;dw07;dw08,dw00;dw01;dw02;dw03;dw04;dw05;dw06;dw07;dw08,,90,1,2026-08-30T10:01:08.015+0200,dw04,0F85,31,1773,-8,-1102,1388,3.75,62255
ground-height-2m-20260828-133428,d018m_r090_run01.csv,2,18,90,dw00;dw01;dw02;dw03;dw04;dw05;dw06;dw07;dw08,dw00;dw01;dw02;dw03;dw04;dw05;dw06;dw07;dw08,,105,1,2026-08-30T10:01:08.026+0200,dw05,4B92,107,1774,52,-446,1717,2.77,72235
ground-height-2m-20260828-133428,d018m_r090_run01.csv,2,18,90,dw00;dw01;dw02;dw03;dw04;dw05;dw06;dw07;dw08,dw00;dw01;dw02;dw03;dw04;dw05;dw06;dw07;dw08,,125,1,2026-08-30T10:01:08.036+0200,dw06,0789,123,1777,86,-72,1775,3.78,82305
ground-height-2m-20260828-133428,d018m_r090_run01.csv,2,18,90,dw00;dw01;dw02;dw03;dw04;dw05;dw06;dw07;dw08,dw00;dw01;dw02;dw03;dw04;dw05;dw06;dw07;dw08,,145,1,2026-08-30T10:01:08.146+0200,dw07,5783,215,1772,139,511,1696,2.20,2147483
ground-height-2m-20260828-133428,d018m_r090_run01.csv,2,18,90,dw00;dw01;dw02;dw03;dw04;dw05;dw06;dw07;dw08,dw00;dw01;dw02;dw03;dw04;dw05;dw06;dw07;dw08,,75,1,2026-08-30T10:01:08.166+0200,dw03,021B,138,1766,-41,-1459,995,3.90,12298
ground-height-2m-20260828-133428,d018m_r090_run01.csv,2,18,90,dw00;dw01;dw02;dw03;dw04;dw05;dw06;dw07;dw08,dw00;dw01;dw02;dw03;dw04;dw05;dw06;dw07;dw08,,165,1,2026-08-30T10:01:08.176+0200,dw08,028E,102,1772,176,910,1520,3.15,22247
ground-height-2m-20260828-133428,d018m_r090_run01.csv,2,18,90,dw00;dw01;dw02;dw03;dw04;dw05;dw06;dw07;dw08,dw00;dw01;dw02;dw03;dw04;dw05;dw06;dw07;dw08,,15,1,2026-08-30T10:01:08.185+0200,dw00,8103,189,1790,-162,1156,1366,3.63,32257
ground-height-2m-20260828-133428,d018m_r090_run01.csv,2,18,90,dw00;dw01;dw02;dw03;dw04;dw05;dw06;dw07;dw08,dw00;dw01;dw02;dw03;dw04;dw05;dw06;dw07;dw08,,35,1,2026-08-30T10:01:08.196+0200,dw01,1729,133,1777,-116,1643,679,3.06,42327
ground-height-2m-20260828-133428,d018m_r090_run01.csv,2,18,90,dw00;dw01;dw02;dw03;dw04;dw05;dw06;dw07;dw08,dw00;dw01;dw02;dw03;dw04;dw05;dw06;dw07;dw08,,55,1,2026-08-30T10:01:08.206+0200,dw02,8FB0,229,1777,-96,1777,0,3.39,52337
ground-height-2m-20260828-133428,d018m_r090_run01.csv,2,18,90,dw00;dw01;dw02;dw03;dw04;dw05;dw06;dw07;dw08,dw00;dw01;dw02;dw03;dw04;dw05;dw06;dw07;dw08,,90,1,2026-08-30T10:01:08.216+0200,dw04,0F85,32,1768,-3,-1044,1426,3.72,62255
ground-height-2m-20260828-133428,d018m_r090_run01.csv,2,18,90,dw00;dw01;dw02;dw03;dw04;dw05;dw06;dw07;dw08,dw00;dw01;dw02;dw03;dw04;dw05;dw06;dw07;dw08,,105,1,2026-08-30T10:01:08.225+0200,dw05,4B92,108,1775,37,-601,1670,2.65,72265
ground-height-2m-20260828-133428,d018m_r090_run01.csv,2,18,90,dw00;dw01;dw02;dw03;dw04;dw05;dw06;dw07;dw08,dw00;dw01;dw02;dw03;dw04;dw05;dw06;dw07;dw08,,125,1,2026-08-30T10:01:08.236+0200,dw06,0789,124,1779,84,-87,1777,3.84,82275
ground-height-2m-20260828-133428,d018m_r090_run01.csv,2,18,90,dw00;dw01;dw02;dw03;dw04;dw05;dw06;dw07;dw08,dw00;dw01;dw02;dw03;dw04;dw05;dw06;dw07;dw08,,145,1,2026-08-30T10:01:08.345+0200,dw07,5783,216,1773,151,644,1652,2.20,2147483
ground-height-2m-20260828-133428,d018m_r090_run01.csv,2,18,90,dw00;dw01;dw02;dw03;dw04;dw05;dw06;dw07;dw08,dw00;dw01;dw02;dw03;dw04;dw05;dw06;dw07;dw08,,75,1,2026-08-30T10:01:08.366+0200,dw03,021B,139,1767,-41,-1463,990,4.14,12329
ground-height-2m-20260828-133428,d018m_r090_run01.csv,2,18,90,dw00;dw01;dw02;dw03;dw04;dw05;dw06;dw07;dw08,dw00;dw01;dw02;dw03;dw04;dw05;dw06;dw07;dw08,,165,1,2026-08-30T10:01:08.376+0200,dw08,028E,103,1775,153,657,1649,3.15,22277
ground-height-2m-20260828-133428,d018m_r090_run01.csv,2,18,90,dw00;dw01;dw02;dw03;dw04;dw05;dw06;dw07;dw08,dw00;dw01;dw02;dw03;dw04;dw05;dw06;dw07;dw08,,15,1,2026-08-30T10:01:08.385+0200,dw00,8103,190,1792,-152,1262,1272,3.63,32226
ground-height-2m-20260828-133428,d018m_r090_run01.csv,2,18,90,dw00;dw01;dw02;dw03;dw04;dw05;dw06;dw07;dw08,dw00;dw01;dw02;dw03;dw04;dw05;dw06;dw07;dw08,,35,1,2026-08-30T10:01:08.395+0200,dw01,1729,134,1775,-123,1565,837,3.01,42297
ground-height-2m-20260828-133428,d018m_r090_run01.csv,2,18,90,dw00;dw01;dw02;dw03;dw04;dw05;dw06;dw07;dw08,dw00;dw01;dw02;dw03;dw04;dw05;dw06;dw07;dw08,,55,1,2026-08-30T10:01:08.406+0200,dw02,8FB0,230,1775,-98,1775,0,3.33,52337
ground-height-2m-20260828-133428,d018m_r090_run01.csv,2,18,90,dw00;dw01;dw02;dw03;dw04;dw05;dw06;dw07;dw08,dw00;dw01;dw02;dw03;dw04;dw05;dw06;dw07;dw08,,90,1,2026-08-30T10:01:08.416+0200,dw04,0F85,33,1769,-6,-1081,1401,3.69,62286
ground-height-2m-20260828-133428,d018m_r090_run01.csv,2,18,90,dw00;dw01;dw02;dw03;dw04;dw05;dw06;dw07;dw08,dw00;dw01;dw02;dw03;dw04;dw05;dw06;dw07;dw08,,105,1,2026-08-30T10:01:08.426+0200,dw05,4B92,109,1774,49,-476,1709,2.77,72235
ground-height-2m-20260828-133428,d018m_r090_run01.csv,2,18,90,dw00;dw01;dw02;dw03;dw04;dw05;dw06;dw07;dw08,dw00;dw01;dw02;dw03;dw04;dw05;dw06;dw07;dw08,,125,1,2026-08-30T10:01:08.435+0200,dw06,0789,125,1775,86,-74,1773,3.72,82275
ground-height-2m-20260828-133428,d018m_r090_run01.csv,2,18,90,dw00;dw01;dw02;dw03;dw04;dw05;dw06;dw07;dw08,dw00;dw01;dw02;dw03;dw04;dw05;dw06;dw07;dw08,,145,1,2026-08-30T10:01:08.546+0200,dw07,5783,217,1774,139,514,1698,2.26,2147483
ground-height-2m-20260828-133428,d018m_r090_run01.csv,2,18,90,dw00;dw01;dw02;dw03;dw04;dw05;dw06;dw07;dw08,dw00;dw01;dw02;dw03;dw04;dw05;dw06;dw07;dw08,,75,1,2026-08-30T10:01:08.565+0200,dw03,021B,140,1766,-39,-1437,1026,3.90,12268
ground-height-2m-20260828-133428,d018m_r090_run01.csv,2,18,90,dw00;dw01;dw02;dw03;dw04;dw05;dw06;dw07;dw08,dw00;dw01;dw02;dw03;dw04;dw05;dw06;dw07;dw08,,165,1,2026-08-30T10:01:08.576+0200,dw08,028E,104,1778,-5,-1079,1412,3.27,22247
ground-height-2m-20260828-133428,d018m_r090_run01.csv,2,18,90,dw00;dw01;dw02;dw03;dw04;dw05;dw06;dw07;dw08,dw00;dw01;dw02;dw03;dw04;dw05;dw06;dw07;dw08,,15,1,2026-08-30T10:01:08.586+0200,dw00,8103,191,1796,-154,1242,1297,3.63,32257
ground-height-2m-20260828-133428,d018m_r090_run01.csv,2,18,90,dw00;dw01;dw02;dw03;dw04;dw05;dw06;dw07;dw08,dw00;dw01;dw02;dw03;dw04;dw05;dw06;dw07;dw08,,35,1,2026-08-30T10:01:08.595+0200,dw01,1729,135,1779,-134,1447,1034,3.09,42297
ground-height-2m-20260828-133428,d018m_r090_run01.csv,2,18,90,dw00;dw01;dw02;dw03;dw04;dw05;dw06;dw07;dw08,dw00;dw01;dw02;dw03;dw04;dw05;dw06;dw07;dw08,,55,1,2026-08-30T10:01:08.605+0200,dw02,8FB0,231,1777,-94,1777,0,3.33,52307
ground-height-2m-20260828-133428,d018m_r090_run01.csv,2,18,90,dw00;dw01;dw02;dw03;dw04;dw05;dw06;dw07;dw08,dw00;dw01;dw02;dw03;dw04;dw05;dw06;dw07;dw08,,90,1,2026-08-30T10:01:08.616+0200,dw04,0F85,34,1764,12,-875,1532,3.72,62225
ground-height-2m-20260828-133428,d018m_r090_run01.csv,2,18,90,dw00;dw01;dw02;dw03;dw04;dw05;dw06;dw07;dw08,dw00;dw01;dw02;dw03;dw04;dw05;dw06;dw07;dw08,,105,1,2026-08-30T10:01:08.626+0200,dw05,4B92,110,1772,25,-734,1613,2.83,72265
ground-height-2m-20260828-133428,d018m_r090_run01.csv,2,18,90,dw00;dw01;dw02;dw03;dw04;dw05;dw06;dw07;dw08,dw00;dw01;dw02;dw03;dw04;dw05;dw06;dw07;dw08,,125,1,2026-08-30T10:01:08.635+0200,dw06,0789,126,1775,84,-88,1773,3.84,82275
ground-height-2m-20260828-133428,d018m_r090_run01.csv,2,18,90,dw00;dw01;dw02;dw03;dw04;dw05;dw06;dw07;dw08,dw00;dw01;dw02;dw03;dw04;dw05;dw06;dw07;dw08,,145,1,2026-08-30T10:01:08.746+0200,dw07,5783,218,1770,133,438,1715,2.08,2147483
ground-height-2m-20260828-133428,d018m_r090_run01.csv,2,18,90,dw00;dw01;dw02;dw03;dw04;dw05;dw06;dw07;dw08,dw00;dw01;dw02;dw03;dw04;dw05;dw06;dw07;dw08,,75,1,2026-08-30T10:01:08.765+0200,dw03,021B,141,1766,-54,-1602,743,4.08,12298
ground-height-2m-20260828-133428,d018m_r090_run01.csv,2,18,90,dw00;dw01;dw02;dw03;dw04;dw05;dw06;dw07;dw08,dw00;dw01;dw02;dw03;dw04;dw05;dw06;dw07;dw08,,165,1,2026-08-30T10:01:08.775+0200,dw08,028E,105,1777,153,662,1649,3.15,22247
ground-height-2m-20260828-133428,d018m_r090_run01.csv,2,18,90,dw00;dw01;dw02;dw03;dw04;dw05;dw06;dw07;dw08,dw00;dw01;dw02;dw03;dw04;dw05;dw06;dw07;dw08,,15,1,2026-08-30T10:01:08.786+0200,dw00,8103,192,1794,-159,1183,1348,3.63,32226
ground-height-2m-20260828-133428,d018m_r090_run01.csv,2,18,90,dw00;dw01;dw02;dw03;dw04;dw05;dw06;dw07;dw08,dw00;dw01;dw02;dw03;dw04;dw05;dw06;dw07;dw08,,35,1,2026-08-30T10:01:08.796+0200,dw01,1729,136,1774,-133,1462,1004,3.15,42327
ground-height-2m-20260828-133428,d018m_r090_run01.csv,2,18,90,dw00;dw01;dw02;dw03;dw04;dw05;dw06;dw07;dw08,dw00;dw01;dw02;dw03;dw04;dw05;dw06;dw07;dw08,,55,1,2026-08-30T10:01:08.805+0200,dw02,8FB0,232,1779,-101,1779,0,3.33,52337
ground-height-2m-20260828-133428,d018m_r090_run01.csv,2,18,90,dw00;dw01;dw02;dw03;dw04;dw05;dw06;dw07;dw08,dw00;dw01;dw02;dw03;dw04;dw05;dw06;dw07;dw08,,90,1,2026-08-30T10:01:08.815+0200,dw04,0F85,35,1770,-10,-1129,1363,3.78,62255
ground-height-2m-20260828-133428,d018m_r090_run01.csv,2,18,90,dw00;dw01;dw02;dw03;dw04;dw05;dw06;dw07;dw08,dw00;dw01;dw02;dw03;dw04;dw05;dw06;dw07;dw08,,105,1,2026-08-30T10:01:08.826+0200,dw05,4B92,111,1773,32,-661,1645,2.77,72235
ground-height-2m-20260828-133428,d018m_r090_run01.csv,2,18,90,dw00;dw01;dw02;dw03;dw04;dw05;dw06;dw07;dw08,dw00;dw01;dw02;dw03;dw04;dw05;dw06;dw07;dw08,,125,1,2026-08-30T10:01:08.836+0200,dw06,0789,127,1774,86,-65,1773,3.78,82275
ground-height-2m-20260828-133428,d018m_r090_run01.csv,2,18,90,dw00;dw01;dw02;dw03;dw04;dw05;dw06;dw07;dw08,dw00;dw01;dw02;dw03;dw04;dw05;dw06;dw07;dw08,,145,1,2026-08-30T10:01:08.945+0200,dw07,5783,219,1779,126,364,1741,2.14,2147483
ground-height-2m-20260828-133428,d018m_r090_run01.csv,2,18,90,dw00;dw01;dw02;dw03;dw04;dw05;dw06;dw07;dw08,dw00;dw01;dw02;dw03;dw04;dw05;dw06;dw07;dw08,,75,1,2026-08-30T10:01:08.965+0200,dw03,021B,142,1764,-43,-1482,958,4.02,12268
ground-height-2m-20260828-133428,d018m_r090_run01.csv,2,18,90,dw00;dw01;dw02;dw03;dw04;dw05;dw06;dw07;dw08,dw00;dw01;dw02;dw03;dw04;dw05;dw06;dw07;dw08,,165,1,2026-08-30T10:01:08.975+0200,dw08,028E,106,1779,-20,-1245,1271,3.27,22277
ground-height-2m-20260828-133428,d018m_r090_run01.csv,2,18,90,dw00;dw01;dw02;dw03;dw04;dw05;dw06;dw07;dw08,dw00;dw01;dw02;dw03;dw04;dw05;dw06;dw07;dw08,,15,1,2026-08-30T10:01:08.985+0200,dw00,8103,193,1795,-157,1211,1325,3.63,32226
ground-height-2m-20260828-133428,d018m_r090_run01.csv,2,18,90,dw00;dw01;dw02;dw03;dw04;dw05;dw06;dw07;dw08,dw00;dw01;dw02;dw03;dw04;dw05;dw06;dw07;dw08,,35,1,2026-08-30T10:01:08.996+0200,dw01,1729,137,1777,-142,1367,1136,3.06,42327
ground-height-2m-20260828-133428,d018m_r090_run01.csv,2,18,90,dw00;dw01;dw02;dw03;dw04;dw05;dw06;dw07;dw08,dw00;dw01;dw02;dw03;dw04;dw05;dw06;dw07;dw08,,55,1,2026-08-30T10:01:09.006+0200,dw02,8FB0,233,1779,-102,1779,0,3.33,52337
ground-height-2m-20260828-133428,d018m_r090_run01.csv,2,18,90,dw00;dw01;dw02;dw03;dw04;dw05;dw06;dw07;dw08,dw00;dw01;dw02;dw03;dw04;dw05;dw06;dw07;dw08,,90,1,2026-08-30T10:01:09.015+0200,dw04,0F85,36,1768,0,-1019,1444,3.63,62286
ground-height-2m-20260828-133428,d018m_r090_run01.csv,2,18,90,dw00;dw01;dw02;dw03;dw04;dw05;dw06;dw07;dw08,dw00;dw01;dw02;dw03;dw04;dw05;dw06;dw07;dw08,,105,1,2026-08-30T10:01:09.025+0200,dw05,4B92,112,1774,35,-626,1659,2.89,72235
ground-height-2m-20260828-133428,d018m_r090_run01.csv,2,18,90,dw00;dw01;dw02;dw03;dw04;dw05;dw06;dw07;dw08,dw00;dw01;dw02;dw03;dw04;dw05;dw06;dw07;dw08,,125,1,2026-08-30T10:01:09.036+0200,dw06,0789,128,1777,86,-71,1776,3.78,82275
ground-height-2m-20260828-133428,d018m_r090_run01.csv,2,18,90,dw00;dw01;dw02;dw03;dw04;dw05;dw06;dw07;dw08,dw00;dw01;dw02;dw03;dw04;dw05;dw06;dw07;dw08,,145,1,2026-08-30T10:01:09.145+0200,dw07,5783,220,1777,132,432,1724,2.20,2147483
ground-height-2m-20260828-133428,d018m_r090_run01.csv,2,18,90,dw00;dw01;dw02;dw03;dw04;dw05;dw06;dw07;dw08,dw00;dw01;dw02;dw03;dw04;dw05;dw06;dw07;dw08,,75,1,2026-08-30T10:01:09.166+0200,dw03,021B,143,1767,-43,-1486,957,4.02,12329
ground-height-2m-20260828-133428,d018m_r090_run01.csv,2,18,90,dw00;dw01;dw02;dw03;dw04;dw05;dw06;dw07;dw08,dw00;dw01;dw02;dw03;dw04;dw05;dw06;dw07;dw08,,165,1,2026-08-30T10:01:09.175+0200,dw08,028E,107,1775,166,802,1583,3.21,22277
ground-height-2m-20260828-133428,d018m_r090_run01.csv,2,18,90,dw00;dw01;dw02;dw03;dw04;dw05;dw06;dw07;dw08,dw00;dw01;dw02;dw03;dw04;dw05;dw06;dw07;dw08,,15,1,2026-08-30T10:01:09.185+0200,dw00,8103,194,1796,-162,1159,1372,3.57,32287
ground-height-2m-20260828-133428,d018m_r090_run01.csv,2,18,90,dw00;dw01;dw02;dw03;dw04;dw05;dw06;dw07;dw08,dw00;dw01;dw02;dw03;dw04;dw05;dw06;dw07;dw08,,35,1,2026-08-30T10:01:09.195+0200,dw01,1729,138,1777,-131,1481,982,2.95,42297
ground-height-2m-20260828-133428,d018m_r090_run01.csv,2,18,90,dw00;dw01;dw02;dw03;dw04;dw05;dw06;dw07;dw08,dw00;dw01;dw02;dw03;dw04;dw05;dw06;dw07;dw08,,55,1,2026-08-30T10:01:09.206+0200,dw02,8FB0,234,1777,-87,1777,0,3.33,52307
ground-height-2m-20260828-133428,d018m_r090_run01.csv,2,18,90,dw00;dw01;dw02;dw03;dw04;dw05;dw06;dw07;dw08,dw00;dw01;dw02;dw03;dw04;dw05;dw06;dw07;dw08,,90,1,2026-08-30T10:01:09.215+0200,dw04,0F85,37,1767,0,-1006,1453,3.69,62255
ground-height-2m-20260828-133428,d018m_r090_run01.csv,2,18,90,dw00;dw01;dw02;dw03;dw04;dw05;dw06;dw07;dw08,dw00;dw01;dw02;dw03;dw04;dw05;dw06;dw07;dw08,,105,1,2026-08-30T10:01:09.225+0200,dw05,4B92,113,1773,27,-716,1621,2.77,72265
ground-height-2m-20260828-133428,d018m_r090_run01.csv,2,18,90,dw00;dw01;dw02;dw03;dw04;dw05;dw06;dw07;dw08,dw00;dw01;dw02;dw03;dw04;dw05;dw06;dw07;dw08,,125,1,2026-08-30T10:01:09.235+0200,dw06,0789,129,1774,96,36,1773,3.72,82275
ground-height-2m-20260828-133428,d018m_r090_run01.csv,2,18,90,dw00;dw01;dw02;dw03;dw04;dw05;dw06;dw07;dw08,dw00;dw01;dw02;dw03;dw04;dw05;dw06;dw07;dw08,,145,1,2026-08-30T10:01:09.345+0200,dw07,5783,221,1776,124,342,1742,2.20,2147483
ground-height-2m-20260828-133428,d018m_r090_run01.csv,2,18,90,dw00;dw01;dw02;dw03;dw04;dw05;dw06;dw07;dw08,dw00;dw01;dw02;dw03;dw04;dw05;dw06;dw07;dw08,,75,1,2026-08-30T10:01:09.365+0200,dw03,021B,144,1764,-50,-1557,830,4.14,12298
ground-height-2m-20260828-133428,d018m_r090_run01.csv,2,18,90,dw00;dw01;dw02;dw03;dw04;dw05;dw06;dw07;dw08,dw00;dw01;dw02;dw03;dw04;dw05;dw06;dw07;dw08,,165,1,2026-08-30T10:01:09.376+0200,dw08,028E,108,1775,162,760,1604,3.21,22277
ground-height-2m-20260828-133428,d018m_r090_run01.csv,2,18,90,dw00;dw01;dw02;dw03;dw04;dw05;dw06;dw07;dw08,dw00;dw01;dw02;dw03;dw04;dw05;dw06;dw07;dw08,,15,1,2026-08-30T10:01:09.385+0200,dw00,8103,195,1791,-152,1258,1274,3.57,32257
ground-height-2m-20260828-133428,d018m_r090_run01.csv,2,18,90,dw00;dw01;dw02;dw03;dw04;dw05;dw06;dw07;dw08,dw00;dw01;dw02;dw03;dw04;dw05;dw06;dw07;dw08,,35,1,2026-08-30T10:01:09.395+0200,dw01,1729,139,1776,-133,1464,1005,3.15,42297
ground-height-2m-20260828-133428,d018m_r090_run01.csv,2,18,90,dw00;dw01;dw02;dw03;dw04;dw05;dw06;dw07;dw08,dw00;dw01;dw02;dw03;dw04;dw05;dw06;dw07;dw08,,55,1,2026-08-30T10:01:09.405+0200,dw02,8FB0,235,1781,-92,1781,0,3.33,52337
ground-height-2m-20260828-133428,d018m_r090_run01.csv,2,18,90,dw00;dw01;dw02;dw03;dw04;dw05;dw06;dw07;dw08,dw00;dw01;dw02;dw03;dw04;dw05;dw06;dw07;dw08,,90,1,2026-08-30T10:01:09.416+0200,dw04,0F85,38,1775,-1,-1033,1443,3.63,62255
ground-height-2m-20260828-133428,d018m_r090_run01.csv,2,18,90,dw00;dw01;dw02;dw03;dw04;dw05;dw06;dw07;dw08,dw00;dw01;dw02;dw03;dw04;dw05;dw06;dw07;dw08,,105,1,2026-08-30T10:01:09.425+0200,dw05,4B92,114,1772,35,-623,1659,2.71,72265
ground-height-2m-20260828-133428,d018m_r090_run01.csv,2,18,90,dw00;dw01;dw02;dw03;dw04;dw05;dw06;dw07;dw08,dw00;dw01;dw02;dw03;dw04;dw05;dw06;dw07;dw08,,125,1,2026-08-30T10:01:09.435+0200,dw06,0789,130,1775,87,-63,1774,3.78,82275
ground-height-2m-20260828-133428,d018m_r090_run01.csv,2,18,90,dw00;dw01;dw02;dw03;dw04;dw05;dw06;dw07;dw08,dw00;dw01;dw02;dw03;dw04;dw05;dw06;dw07;dw08,,145,1,2026-08-30T10:01:09.545+0200,dw07,5783,222,1776,135,463,1714,2.14,2147483
ground-height-2m-20260828-133428,d018m_r090_run01.csv,2,18,90,dw00;dw01;dw02;dw03;dw04;dw05;dw06;dw07;dw08,dw00;dw01;dw02;dw03;dw04;dw05;dw06;dw07;dw08,,75,1,2026-08-30T10:01:09.565+0200,dw03,021B,145,1766,-52,-1582,784,3.90,12298
ground-height-2m-20260828-133428,d018m_r090_run01.csv,2,18,90,dw00;dw01;dw02;dw03;dw04;dw05;dw06;dw07;dw08,dw00;dw01;dw02;dw03;dw04;dw05;dw06;dw07;dw08,,165,1,2026-08-30T10:01:09.575+0200,dw08,028E,109,1774,165,787,1589,3.33,22247
ground-height-2m-20260828-133428,d018m_r090_run01.csv,2,18,90,dw00;dw01;dw02;dw03;dw04;dw05;dw06;dw07;dw08,dw00;dw01;dw02;dw03;dw04;dw05;dw06;dw07;dw08,,15,1,2026-08-30T10:01:09.586+0200,dw00,8103,196,1795,-165,1122,1402,3.75,32226
ground-height-2m-20260828-133428,d018m_r090_run01.csv,2,18,90,dw00;dw01;dw02;dw03;dw04;dw05;dw06;dw07;dw08,dw00;dw01;dw02;dw03;dw04;dw05;dw06;dw07;dw08,,35,1,2026-08-30T10:01:09.595+0200,dw01,1729,140,1778,-138,1403,1093,3.15,42358
ground-height-2m-20260828-133428,d018m_r090_run01.csv,2,18,90,dw00;dw01;dw02;dw03;dw04;dw05;dw06;dw07;dw08,dw00;dw01;dw02;dw03;dw04;dw05;dw06;dw07;dw08,,55,1,2026-08-30T10:01:09.605+0200,dw02,8FB0,236,1775,-96,1775,0,3.39,52307
ground-height-2m-20260828-133428,d018m_r090_run01.csv,2,18,90,dw00;dw01;dw02;dw03;dw04;dw05;dw06;dw07;dw08,dw00;dw01;dw02;dw03;dw04;dw05;dw06;dw07;dw08,,90,1,2026-08-30T10:01:09.615+0200,dw04,0F85,39,1769,-12,-1150,1345,3.69,62255
ground-height-2m-20260828-133428,d018m_r090_run01.csv,2,18,90,dw00;dw01;dw02;dw03;dw04;dw05;dw06;dw07;dw08,dw00;dw01;dw02;dw03;dw04;dw05;dw06;dw07;dw08,,105,1,2026-08-30T10:01:09.626+0200,dw05,4B92,115,1774,39,-580,1677,2.77,72235
ground-height-2m-20260828-133428,d018m_r090_run01.csv,2,18,90,dw00;dw01;dw02;dw03;dw04;dw05;dw06;dw07;dw08,dw00;dw01;dw02;dw03;dw04;dw05;dw06;dw07;dw08,,125,1,2026-08-30T10:01:09.635+0200,dw06,0789,131,1777,88,-44,1776,3.78,82305
ground-height-2m-20260828-133428,d018m_r090_run01.csv,2,18,90,dw00;dw01;dw02;dw03;dw04;dw05;dw06;dw07;dw08,dw00;dw01;dw02;dw03;dw04;dw05;dw06;dw07;dw08,,145,1,2026-08-30T10:01:09.745+0200,dw07,5783,223,1775,131,420,1724,2.20,2147483
ground-height-2m-20260828-133428,d018m_r090_run01.csv,2,18,90,dw00;dw01;dw02;dw03;dw04;dw05;dw06;dw07;dw08,dw00;dw01;dw02;dw03;dw04;dw05;dw06;dw07;dw08,,75,1,2026-08-30T10:01:09.765+0200,dw03,021B,146,1767,-42,-1472,977,4.02,12298
ground-height-2m-20260828-133428,d018m_r090_run01.csv,2,18,90,dw00;dw01;dw02;dw03;dw04;dw05;dw06;dw07;dw08,dw00;dw01;dw02;dw03;dw04;dw05;dw06;dw07;dw08,,165,1,2026-08-30T10:01:09.775+0200,dw08,028E,110,1775,159,732,1617,3.33,22277
ground-height-2m-20260828-133428,d018m_r090_run01.csv,2,18,90,dw00;dw01;dw02;dw03;dw04;dw05;dw06;dw07;dw08,dw00;dw01;dw02;dw03;dw04;dw05;dw06;dw07;dw08,,15,1,2026-08-30T10:01:09.785+0200,dw00,8103,197,1798,-152,1263,1279,3.63,32257
ground-height-2m-20260828-133428,d018m_r090_run01.csv,2,18,90,dw00;dw01;dw02;dw03;dw04;dw05;dw06;dw07;dw08,dw00;dw01;dw02;dw03;dw04;dw05;dw06;dw07;dw08,,35,1,2026-08-30T10:01:09.795+0200,dw01,1729,141,1777,-132,1468,1001,3.15,42327
ground-height-2m-20260828-133428,d018m_r090_run01.csv,2,18,90,dw00;dw01;dw02;dw03;dw04;dw05;dw06;dw07;dw08,dw00;dw01;dw02;dw03;dw04;dw05;dw06;dw07;dw08,,55,1,2026-08-30T10:01:09.805+0200,dw02,8FB0,237,1781,-89,1781,0,3.33,52337
ground-height-2m-20260828-133428,d018m_r090_run01.csv,2,18,90,dw00;dw01;dw02;dw03;dw04;dw05;dw06;dw07;dw08,dw00;dw01;dw02;dw03;dw04;dw05;dw06;dw07;dw08,,90,1,2026-08-30T10:01:09.815+0200,dw04,0F85,40,1771,5,-948,1496,3.78,62225
ground-height-2m-20260828-133428,d018m_r090_run01.csv,2,18,90,dw00;dw01;dw02;dw03;dw04;dw05;dw06;dw07;dw08,dw00;dw01;dw02;dw03;dw04;dw05;dw06;dw07;dw08,,105,1,2026-08-30T10:01:09.825+0200,dw05,4B92,116,1773,33,-651,1649,2.71,72235
ground-height-2m-20260828-133428,d018m_r090_run01.csv,2,18,90,dw00;dw01;dw02;dw03;dw04;dw05;dw06;dw07;dw08,dw00;dw01;dw02;dw03;dw04;dw05;dw06;dw07;dw08,,125,1,2026-08-30T10:01:09.836+0200,dw06,0789,132,1777,85,-81,1775,3.69,82275
ground-height-2m-20260828-133428,d018m_r090_run01.csv,2,18,90,dw00;dw01;dw02;dw03;dw04;dw05;dw06;dw07;dw08,dw00;dw01;dw02;dw03;dw04;dw05;dw06;dw07;dw08,,145,1,2026-08-30T10:01:09.945+0200,dw07,5783,224,1777,131,422,1726,2.20,2147483
ground-height-2m-20260828-133428,d018m_r090_run01.csv,2,18,90,dw00;dw01;dw02;dw03;dw04;dw05;dw06;dw07;dw08,dw00;dw01;dw02;dw03;dw04;dw05;dw06;dw07;dw08,,75,1,2026-08-30T10:01:09.965+0200,dw03,021B,147,1769,-44,-1496,943,4.02,12237
ground-height-2m-20260828-133428,d018m_r090_run01.csv,2,18,90,dw00;dw01;dw02;dw03;dw04;dw05;dw06;dw07;dw08,dw00;dw01;dw02;dw03;dw04;dw05;dw06;dw07;dw08,,165,1,2026-08-30T10:01:09.975+0200,dw08,028E,111,1776,-37,-1427,1057,3.27,22277
ground-height-2m-20260828-133428,d018m_r090_run01.csv,2,18,90,dw00;dw01;dw02;dw03;dw04;dw05;dw06;dw07;dw08,dw00;dw01;dw02;dw03;dw04;dw05;dw06;dw07;dw08,,15,1,2026-08-30T10:01:09.985+0200,dw00,8103,198,1794,-157,1212,1323,3.57,32257
ground-height-2m-20260828-133428,d018m_r090_run01.csv,2,18,90,dw00;dw01;dw02;dw03;dw04;dw05;dw06;dw07;dw08,dw00;dw01;dw02;dw03;dw04;dw05;dw06;dw07;dw08,,35,1,2026-08-30T10:01:09.995+0200,dw01,1729,142,1777,-132,1471,997,3.15,42266
ground-height-2m-20260828-133428,d018m_r090_run01.csv,2,18,90,dw00;dw01;dw02;dw03;dw04;dw05;dw06;dw07;dw08,dw00;dw01;dw02;dw03;dw04;dw05;dw06;dw07;dw08,,55,1,2026-08-30T10:01:10.005+0200,dw02,8FB0,238,1779,-108,1736,388,3.33,52337
ground-height-2m-20260828-133428,d018m_r090_run01.csv,2,18,90,dw00;dw01;dw02;dw03;dw04;dw05;dw06;dw07;dw08,dw00;dw01;dw02;dw03;dw04;dw05;dw06;dw07;dw08,,90,1,2026-08-30T10:01:10.015+0200,dw04,0F85,41,1768,-4,-1060,1415,3.69,62286
ground-height-2m-20260828-133428,d018m_r090_run01.csv,2,18,90,dw00;dw01;dw02;dw03;dw04;dw05;dw06;dw07;dw08,dw00;dw01;dw02;dw03;dw04;dw05;dw06;dw07;dw08,,105,1,2026-08-30T10:01:10.025+0200,dw05,4B92,117,1769,42,-548,1682,2.71,72265
ground-height-2m-20260828-133428,d018m_r090_run01.csv,2,18,90,dw00;dw01;dw02;dw03;dw04;dw05;dw06;dw07;dw08,dw00;dw01;dw02;dw03;dw04;dw05;dw06;dw07;dw08,,125,1,2026-08-30T10:01:10.035+0200,dw06,0789,133,1777,83,-99,1775,3.84,82244
ground-height-2m-20260828-133428,d018m_r090_run01.csv,2,18,90,dw00;dw01;dw02;dw03;dw04;dw05;dw06;dw07;dw08,dw00;dw01;dw02;dw03;dw04;dw05;dw06;dw07;dw08,,145,1,2026-08-30T10:01:10.145+0200,dw07,5783,225,1773,132,429,1720,2.26,2147483
ground-height-2m-20260828-133428,d018m_r090_run01.csv,2,18,90,dw00;dw01;dw02;dw03;dw04;dw05;dw06;dw07;dw08,dw00;dw01;dw02;dw03;dw04;dw05;dw06;dw07;dw08,,75,1,2026-08-30T10:01:10.165+0200,dw03,021B,148,1767,-45,-1506,924,3.96,12298
ground-height-2m-20260828-133428,d018m_r090_run01.csv,2,18,90,dw00;dw01;dw02;dw03;dw04;dw05;dw06;dw07;dw08,dw00;dw01;dw02;dw03;dw04;dw05;dw06;dw07;dw08,,165,1,2026-08-30T10:01:10.175+0200,dw08,028E,112,1780,168,826,1577,3.21,22277
ground-height-2m-20260828-133428,d018m_r090_run01.csv,2,18,90,dw00;dw01;dw02;dw03;dw04;dw05;dw06;dw07;dw08,dw00;dw01;dw02;dw03;dw04;dw05;dw06;dw07;dw08,,15,1,2026-08-30T10:01:10.185+0200,dw00,8103,199,1788,-164,1134,1382,3.57,32226
ground-height-2m-20260828-133428,d018m_r090_run01.csv,2,18,90,dw00;dw01;dw02;dw03;dw04;dw05;dw06;dw07;dw08,dw00;dw01;dw02;dw03;dw04;dw05;dw06;dw07;dw08,,35,1,2026-08-30T10:01:10.195+0200,dw01,1729,143,1776,-127,1531,900,3.06,42327
ground-height-2m-20260828-133428,d018m_r090_run01.csv,2,18,90,dw00;dw01;dw02;dw03;dw04;dw05;dw06;dw07;dw08,dw00;dw01;dw02;dw03;dw04;dw05;dw06;dw07;dw08,,55,1,2026-08-30T10:01:10.205+0200,dw02,8FB0,239,1779,-96,1779,0,3.33,52307
ground-height-2m-20260828-133428,d018m_r090_run01.csv,2,18,90,dw00;dw01;dw02;dw03;dw04;dw05;dw06;dw07;dw08,dw00;dw01;dw02;dw03;dw04;dw05;dw06;dw07;dw08,,90,1,2026-08-30T10:01:10.215+0200,dw04,0F85,42,1769,8,-923,1509,3.63,62255
ground-height-2m-20260828-133428,d018m_r090_run01.csv,2,18,90,dw00;dw01;dw02;dw03;dw04;dw05;dw06;dw07;dw08,dw00;dw01;dw02;dw03;dw04;dw05;dw06;dw07;dw08,,105,1,2026-08-30T10:01:10.225+0200,dw05,4B92,118,1776,49,-474,1711,2.71,72265
ground-height-2m-20260828-133428,d018m_r090_run01.csv,2,18,90,dw00;dw01;dw02;dw03;dw04;dw05;dw06;dw07;dw08,dw00;dw01;dw02;dw03;dw04;dw05;dw06;dw07;dw08,,125,1,2026-08-30T10:01:10.235+0200,dw06,0789,134,1780,97,55,1779,3.78,82305
ground-height-2m-20260828-133428,d018m_r090_run01.csv,2,18,90,dw00;dw01;dw02;dw03;dw04;dw05;dw06;dw07;dw08,dw00;dw01;dw02;dw03;dw04;dw05;dw06;dw07;dw08,,145,1,2026-08-30T10:01:10.345+0200,dw07,5783,226,1779,133,443,1723,2.20,2147483
ground-height-2m-20260828-133428,d018m_r090_run01.csv,2,18,90,dw00;dw01;dw02;dw03;dw04;dw05;dw06;dw07;dw08,dw00;dw01;dw02;dw03;dw04;dw05;dw06;dw07;dw08,,75,1,2026-08-30T10:01:10.365+0200,dw03,021B,149,1767,-42,-1471,978,4.02,12298
ground-height-2m-20260828-133428,d018m_r090_run01.csv,2,18,90,dw00;dw01;dw02;dw03;dw04;dw05;dw06;dw07;dw08,dw00;dw01;dw02;dw03;dw04;dw05;dw06;dw07;dw08,,165,1,2026-08-30T10:01:10.375+0200,dw08,028E,113,1772,158,711,1623,3.27,22277
ground-height-2m-20260828-133428,d018m_r090_run01.csv,2,18,90,dw00;dw01;dw02;dw03;dw04;dw05;dw06;dw07;dw08,dw00;dw01;dw02;dw03;dw04;dw05;dw06;dw07;dw08,,15,1,2026-08-30T10:01:10.385+0200,dw00,8103,200,1797,-167,1101,1420,3.69,32257
ground-height-2m-20260828-133428,d018m_r090_run01.csv,2,18,90,dw00;dw01;dw02;dw03;dw04;dw05;dw06;dw07;dw08,dw00;dw01;dw02;dw03;dw04;dw05;dw06;dw07;dw08,,35,1,2026-08-30T10:01:10.395+0200,dw01,1729,144,1777,111,205,1766,3.06,42297
ground-height-2m-20260828-133428,d018m_r090_run01.csv,2,18,90,dw00;dw01;dw02;dw03;dw04;dw05;dw06;dw07;dw08,dw00;dw01;dw02;dw03;dw04;dw05;dw06;dw07;dw08,,55,1,2026-08-30T10:01:10.405+0200,dw02,8FB0,240,1776,-101,1776,0,3.33,52337
ground-height-2m-20260828-133428,d018m_r090_run01.csv,2,18,90,dw00;dw01;dw02;dw03;dw04;dw05;dw06;dw07;dw08,dw00;dw01;dw02;dw03;dw04;dw05;dw06;dw07;dw08,,90,1,2026-08-30T10:01:10.415+0200,dw04,0F85,43,1767,3,-973,1474,3.78,62255
ground-height-2m-20260828-133428,d018m_r090_run01.csv,2,18,90,dw00;dw01;dw02;dw03;dw04;dw05;dw06;dw07;dw08,dw00;dw01;dw02;dw03;dw04;dw05;dw06;dw07;dw08,,105,1,2026-08-30T10:01:10.425+0200,dw05,4B92,119,1777,51,-452,1718,2.53,72265
ground-height-2m-20260828-133428,d018m_r090_run01.csv,2,18,90,dw00;dw01;dw02;dw03;dw04;dw05;dw06;dw07;dw08,dw00;dw01;dw02;dw03;dw04;dw05;dw06;dw07;dw08,,125,1,2026-08-30T10:01:10.435+0200,dw06,0789,135,1774,89,-37,1774,3.90,82275
ground-height-2m-20260828-133428,d018m_r090_run01.csv,2,18,90,dw00;dw01;dw02;dw03;dw04;dw05;dw06;dw07;dw08,dw00;dw01;dw02;dw03;dw04;dw05;dw06;dw07;dw08,,145,1,2026-08-30T10:01:10.544+0200,dw07,5783,227,1779,139,514,1703,2.02,2147483
ground-height-2m-20260828-133428,d018m_r090_run01.csv,2,18,90,dw00;dw01;dw02;dw03;dw04;dw05;dw06;dw07;dw08,dw00;dw01;dw02;dw03;dw04;dw05;dw06;dw07;dw08,,75,1,2026-08-30T10:01:10.565+0200,dw03,021B,150,1766,-46,-1520,898,4.02,12298
ground-height-2m-20260828-133428,d018m_r090_run01.csv,2,18,90,dw00;dw01;dw02;dw03;dw04;dw05;dw06;dw07;dw08,dw00;dw01;dw02;dw03;dw04;dw05;dw06;dw07;dw08,,165,1,2026-08-30T10:01:10.575+0200,dw08,028E,114,1777,161,750,1611,3.27,22277
ground-height-2m-20260828-133428,d018m_r090_run01.csv,2,18,90,dw00;dw01;dw02;dw03;dw04;dw05;dw06;dw07;dw08,dw00;dw01;dw02;dw03;dw04;dw05;dw06;dw07;dw08,,15,1,2026-08-30T10:01:10.584+0200,dw00,8103,201,1793,-162,1150,1376,3.63,32196
ground-height-2m-20260828-133428,d018m_r090_run01.csv,2,18,90,dw00;dw01;dw02;dw03;dw04;dw05;dw06;dw07;dw08,dw00;dw01;dw02;dw03;dw04;dw05;dw06;dw07;dw08,,35,1,2026-08-30T10:01:10.595+0200,dw01,1729,145,1776,-137,1418,1069,3.06,42327
ground-height-2m-20260828-133428,d018m_r090_run01.csv,2,18,90,dw00;dw01;dw02;dw03;dw04;dw05;dw06;dw07;dw08,dw00;dw01;dw02;dw03;dw04;dw05;dw06;dw07;dw08,,55,1,2026-08-30T10:01:10.605+0200,dw02,8FB0,241,1779,-101,1779,0,3.33,52337
ground-height-2m-20260828-133428,d018m_r090_run01.csv,2,18,90,dw00;dw01;dw02;dw03;dw04;dw05;dw06;dw07;dw08,dw00;dw01;dw02;dw03;dw04;dw05;dw06;dw07;dw08,,90,1,2026-08-30T10:01:10.615+0200,dw04,0F85,44,1770,-3,-1055,1421,3.69,62255
ground-height-2m-20260828-133428,d018m_r090_run01.csv,2,18,90,dw00;dw01;dw02;dw03;dw04;dw05;dw06;dw07;dw08,dw00;dw01;dw02;dw03;dw04;dw05;dw06;dw07;dw08,,105,1,2026-08-30T10:01:10.624+0200,dw05,4B92,120,1772,50,-462,1711,2.59,72235
ground-height-2m-20260828-133428,d018m_r090_run01.csv,2,18,90,dw00;dw01;dw02;dw03;dw04;dw05;dw06;dw07;dw08,dw00;dw01;dw02;dw03;dw04;dw05;dw06;dw07;dw08,,125,1,2026-08-30T10:01:10.635+0200,dw06,0789,136,1777,83,-104,1774,3.84,82244
ground-height-2m-20260828-133428,d018m_r090_run01.csv,2,18,90,dw00;dw01;dw02;dw03;dw04;dw05;dw06;dw07;dw08,dw00;dw01;dw02;dw03;dw04;dw05;dw06;dw07;dw08,,145,1,2026-08-30T10:01:10.745+0200,dw07,5783,228,1775,125,358,1738,2.14,2147483
ground-height-2m-20260828-133428,d018m_r090_run01.csv,2,18,90,dw00;dw01;dw02;dw03;dw04;dw05;dw06;dw07;dw08,dw00;dw01;dw02;dw03;dw04;dw05;dw06;dw07;dw08,,75,1,2026-08-30T10:01:10.765+0200,dw03,021B,151,1772,-42,-1475,982,4.02,12298
ground-height-2m-20260828-133428,d018m_r090_run01.csv,2,18,90,dw00;dw01;dw02;dw03;dw04;dw05;dw06;dw07;dw08,dw00;dw01;dw02;dw03;dw04;dw05;dw06;dw07;dw08,,165,1,2026-08-30T10:01:10.775+0200,dw08,028E,115,1781,156,701,1637,3.15,22247
ground-height-2m-20260828-133428,d018m_r090_run01.csv,2,18,90,dw00;dw01;dw02;dw03;dw04;dw05;dw06;dw07;dw08,dw00;dw01;dw02;dw03;dw04;dw05;dw06;dw07;dw08,,15,1,2026-08-30T10:01:10.785+0200,dw00,8103,202,1792,-158,1193,1337,3.57,32257
ground-height-2m-20260828-133428,d018m_r090_run01.csv,2,18,90,dw00;dw01;dw02;dw03;dw04;dw05;dw06;dw07;dw08,dw00;dw01;dw02;dw03;dw04;dw05;dw06;dw07;dw08,,35,1,2026-08-30T10:01:10.794+0200,dw01,1729,146,1778,-136,1427,1061,3.09,42327
ground-height-2m-20260828-133428,d018m_r090_run01.csv,2,18,90,dw00;dw01;dw02;dw03;dw04;dw05;dw06;dw07;dw08,dw00;dw01;dw02;dw03;dw04;dw05;dw06;dw07;dw08,,55,1,2026-08-30T10:01:10.805+0200,dw02,8FB0,242,1778,-90,1778,0,3.33,52307
ground-height-2m-20260828-133428,d018m_r090_run01.csv,2,18,90,dw00;dw01;dw02;dw03;dw04;dw05;dw06;dw07;dw08,dw00;dw01;dw02;dw03;dw04;dw05;dw06;dw07;dw08,,90,1,2026-08-30T10:01:10.815+0200,dw04,0F85,45,1769,5,-951,1491,3.78,62286
ground-height-2m-20260828-133428,d018m_r090_run01.csv,2,18,90,dw00;dw01;dw02;dw03;dw04;dw05;dw06;dw07;dw08,dw00;dw01;dw02;dw03;dw04;dw05;dw06;dw07;dw08,,105,1,2026-08-30T10:01:10.825+0200,dw05,4B92,121,1773,50,-466,1710,2.65,72296
ground-height-2m-20260828-133428,d018m_r090_run01.csv,2,18,90,dw00;dw01;dw02;dw03;dw04;dw05;dw06;dw07;dw08,dw00;dw01;dw02;dw03;dw04;dw05;dw06;dw07;dw08,,125,1,2026-08-30T10:01:10.834+0200,dw06,0789,137,1772,90,-25,1772,3.78,82305
ground-height-2m-20260828-133428,d018m_r090_run01.csv,2,18,90,dw00;dw01;dw02;dw03;dw04;dw05;dw06;dw07;dw08,dw00;dw01;dw02;dw03;dw04;dw05;dw06;dw07;dw08,,145,1,2026-08-30T10:01:10.945+0200,dw07,5783,229,1778,135,463,1717,2.32,2147483
ground-height-2m-20260828-133428,d018m_r090_run01.csv,2,18,90,dw00;dw01;dw02;dw03;dw04;dw05;dw06;dw07;dw08,dw00;dw01;dw02;dw03;dw04;dw05;dw06;dw07;dw08,,75,1,2026-08-30T10:01:10.964+0200,dw03,021B,152,1767,-43,-1481,962,4.14,12268
ground-height-2m-20260828-133428,d018m_r090_run01.csv,2,18,90,dw00;dw01;dw02;dw03;dw04;dw05;dw06;dw07;dw08,dw00;dw01;dw02;dw03;dw04;dw05;dw06;dw07;dw08,,165,1,2026-08-30T10:01:10.975+0200,dw08,028E,116,1779,1,-1001,1471,3.27,22277
ground-height-2m-20260828-133428,d018m_r090_run01.csv,2,18,90,dw00;dw01;dw02;dw03;dw04;dw05;dw06;dw07;dw08,dw00;dw01;dw02;dw03;dw04;dw05;dw06;dw07;dw08,,15,1,2026-08-30T10:01:10.985+0200,dw00,8103,203,1792,-156,1220,1312,3.57,32257
ground-height-2m-20260828-133428,d018m_r090_run01.csv,2,18,90,dw00;dw01;dw02;dw03;dw04;dw05;dw06;dw07;dw08,dw00;dw01;dw02;dw03;dw04;dw05;dw06;dw07;dw08,,35,1,2026-08-30T10:01:10.995+0200,dw01,1729,147,1776,-139,1394,1100,3.15,42327
ground-height-2m-20260828-133428,d018m_r090_run01.csv,2,18,90,dw00;dw01;dw02;dw03;dw04;dw05;dw06;dw07;dw08,dw00;dw01;dw02;dw03;dw04;dw05;dw06;dw07;dw08,,55,1,2026-08-30T10:01:11.004+0200,dw02,8FB0,243,1777,-93,1777,0,3.27,52307
ground-height-2m-20260828-133428,d018m_r090_run01.csv,2,18,90,dw00;dw01;dw02;dw03;dw04;dw05;dw06;dw07;dw08,dw00;dw01;dw02;dw03;dw04;dw05;dw06;dw07;dw08,,90,1,2026-08-30T10:01:11.015+0200,dw04,0F85,46,1768,-2,-1041,1429,3.69,62225
ground-height-2m-20260828-133428,d018m_r090_run01.csv,2,18,90,dw00;dw01;dw02;dw03;dw04;dw05;dw06;dw07;dw08,dw00;dw01;dw02;dw03;dw04;dw05;dw06;dw07;dw08,,105,1,2026-08-30T10:01:11.025+0200,dw05,4B92,122,1771,44,-532,1689,2.77,72265
ground-height-2m-20260828-133428,d018m_r090_run01.csv,2,18,90,dw00;dw01;dw02;dw03;dw04;dw05;dw06;dw07;dw08,dw00;dw01;dw02;dw03;dw04;dw05;dw06;dw07;dw08,,125,1,2026-08-30T10:01:11.035+0200,dw06,0789,138,1775,98,55,1774,3.72,82275
ground-height-2m-20260828-133428,d018m_r090_run01.csv,2,18,90,dw00;dw01;dw02;dw03;dw04;dw05;dw06;dw07;dw08,dw00;dw01;dw02;dw03;dw04;dw05;dw06;dw07;dw08,,145,1,2026-08-30T10:01:11.145+0200,dw07,5783,230,1780,136,475,1715,2.20,2147483
ground-height-2m-20260828-133428,d018m_r090_run01.csv,2,18,90,dw00;dw01;dw02;dw03;dw04;dw05;dw06;dw07;dw08,dw00;dw01;dw02;dw03;dw04;dw05;dw06;dw07;dw08,,75,1,2026-08-30T10:01:11.164+0200,dw03,021B,153,1766,-40,-1452,1006,4.02,12268
ground-height-2m-20260828-133428,d018m_r090_run01.csv,2,18,90,dw00;dw01;dw02;dw03;dw04;dw05;dw06;dw07;dw08,dw00;dw01;dw02;dw03;dw04;dw05;dw06;dw07;dw08,,165,1,2026-08-30T10:01:11.174+0200,dw08,028E,117,1776,166,803,1584,3.27,22247
ground-height-2m-20260828-133428,d018m_r090_run01.csv,2,18,90,dw00;dw01;dw02;dw03;dw04;dw05;dw06;dw07;dw08,dw00;dw01;dw02;dw03;dw04;dw05;dw06;dw07;dw08,,15,1,2026-08-30T10:01:11.185+0200,dw00,8103,204,1792,-163,1138,1384,3.57,32226
ground-height-2m-20260828-133428,d018m_r090_run01.csv,2,18,90,dw00;dw01;dw02;dw03;dw04;dw05;dw06;dw07;dw08,dw00;dw01;dw02;dw03;dw04;dw05;dw06;dw07;dw08,,35,1,2026-08-30T10:01:11.195+0200,dw01,1729,148,1777,-132,1469,999,3.06,42297
ground-height-2m-20260828-133428,d018m_r090_run01.csv,2,18,90,dw00;dw01;dw02;dw03;dw04;dw05;dw06;dw07;dw08,dw00;dw01;dw02;dw03;dw04;dw05;dw06;dw07;dw08,,55,1,2026-08-30T10:01:11.204+0200,dw02,8FB0,244,1778,-90,1778,0,3.33,52307
ground-height-2m-20260828-133428,d018m_r090_run01.csv,2,18,90,dw00;dw01;dw02;dw03;dw04;dw05;dw06;dw07;dw08,dw00;dw01;dw02;dw03;dw04;dw05;dw06;dw07;dw08,,90,1,2026-08-30T10:01:11.214+0200,dw04,0F85,47,1770,-1,-1034,1436,3.72,62255
ground-height-2m-20260828-133428,d018m_r090_run01.csv,2,18,90,dw00;dw01;dw02;dw03;dw04;dw05;dw06;dw07;dw08,dw00;dw01;dw02;dw03;dw04;dw05;dw06;dw07;dw08,,105,1,2026-08-30T10:01:11.225+0200,dw05,4B92,123,1776,47,-498,1705,2.71,72265
ground-height-2m-20260828-133428,d018m_r090_run01.csv,2,18,90,dw00;dw01;dw02;dw03;dw04;dw05;dw06;dw07;dw08,dw00;dw01;dw02;dw03;dw04;dw05;dw06;dw07;dw08,,125,1,2026-08-30T10:01:11.235+0200,dw06,0789,139,1775,89,-39,1775,3.84,82305
ground-height-2m-20260828-133428,d018m_r090_run01.csv,2,18,90,dw00;dw01;dw02;dw03;dw04;dw05;dw06;dw07;dw08,dw00;dw01;dw02;dw03;dw04;dw05;dw06;dw07;dw08,,75,1,2026-08-30T10:01:11.365+0200,dw03,021B,154,1767,-40,-1456,1000,4.14,12298
ground-height-2m-20260828-133428,d018m_r090_run01.csv,2,18,90,dw00;dw01;dw02;dw03;dw04;dw05;dw06;dw07;dw08,dw00;dw01;dw02;dw03;dw04;dw05;dw06;dw07;dw08,,165,1,2026-08-30T10:01:11.374+0200,dw08,028E,118,1777,159,732,1619,3.27,22247
ground-height-2m-20260828-133428,d018m_r090_run01.csv,2,18,90,dw00;dw01;dw02;dw03;dw04;dw05;dw06;dw07;dw08,dw00;dw01;dw02;dw03;dw04;dw05;dw06;dw07;dw08,,15,1,2026-08-30T10:01:11.384+0200,dw00,8103,205,1793,-161,1168,1360,3.78,32257
ground-height-2m-20260828-133428,d018m_r090_run01.csv,2,18,90,dw00;dw01;dw02;dw03;dw04;dw05;dw06;dw07;dw08,dw00;dw01;dw02;dw03;dw04;dw05;dw06;dw07;dw08,,35,1,2026-08-30T10:01:11.395+0200,dw01,1729,149,1778,-122,1581,812,3.15,42327
ground-height-2m-20260828-133428,d018m_r090_run01.csv,2,18,90,dw00;dw01;dw02;dw03;dw04;dw05;dw06;dw07;dw08,dw00;dw01;dw02;dw03;dw04;dw05;dw06;dw07;dw08,,55,1,2026-08-30T10:01:11.405+0200,dw02,8FB0,245,1776,-95,1776,0,3.33,52307
ground-height-2m-20260828-133428,d018m_r090_run01.csv,2,18,90,dw00;dw01;dw02;dw03;dw04;dw05;dw06;dw07;dw08,dw00;dw01;dw02;dw03;dw04;dw05;dw06;dw07;dw08,,90,1,2026-08-30T10:01:11.414+0200,dw04,0F85,48,1769,3,-975,1475,3.69,62255
ground-height-2m-20260828-133428,d018m_r090_run01.csv,2,18,90,dw00;dw01;dw02;dw03;dw04;dw05;dw06;dw07;dw08,dw00;dw01;dw02;dw03;dw04;dw05;dw06;dw07;dw08,,105,1,2026-08-30T10:01:11.424+0200,dw05,4B92,124,1775,40,-569,1681,2.65,72204
ground-height-2m-20260828-133428,d018m_r090_run01.csv,2,18,90,dw00;dw01;dw02;dw03;dw04;dw05;dw06;dw07;dw08,dw00;dw01;dw02;dw03;dw04;dw05;dw06;dw07;dw08,,125,1,2026-08-30T10:01:11.435+0200,dw06,0789,140,1772,91,-10,1772,3.78,82305
ground-height-2m-20260828-133428,d018m_r090_run01.csv,2,18,90,dw00;dw01;dw02;dw03;dw04;dw05;dw06;dw07;dw08,dw00;dw01;dw02;dw03;dw04;dw05;dw06;dw07;dw08,,145,1,2026-08-30T10:01:11.560+0200,dw07,5783,232,1778,131,419,1728,2.38,2147483
ground-height-2m-20260828-133428,d018m_r090_run01.csv,2,18,90,dw00;dw01;dw02;dw03;dw04;dw05;dw06;dw07;dw08,dw00;dw01;dw02;dw03;dw04;dw05;dw06;dw07;dw08,,165,1,2026-08-30T10:01:11.575+0200,dw08,028E,119,1776,-4,-1062,1423,3.45,2147483
ground-height-2m-20260828-133428,d018m_r090_run01.csv,2,18,90,dw00;dw01;dw02;dw03;dw04;dw05;dw06;dw07;dw08,dw00;dw01;dw02;dw03;dw04;dw05;dw06;dw07;dw08,,15,1,2026-08-30T10:01:11.584+0200,dw00,8103,206,1794,-165,1119,1403,3.69,2147483
ground-height-2m-20260828-133428,d018m_r090_run01.csv,2,18,90,dw00;dw01;dw02;dw03;dw04;dw05;dw06;dw07;dw08,dw00;dw01;dw02;dw03;dw04;dw05;dw06;dw07;dw08,,55,1,2026-08-30T10:01:11.605+0200,dw02,8FB0,246,1780,-94,1780,0,3.27,2147483
ground-height-2m-20260828-133428,d018m_r090_run01.csv,2,18,90,dw00;dw01;dw02;dw03;dw04;dw05;dw06;dw07;dw08,dw00;dw01;dw02;dw03;dw04;dw05;dw06;dw07;dw08,,90,1,2026-08-30T10:01:11.615+0200,dw04,0F85,49,1764,2,-981,1466,3.78,2147483
ground-height-2m-20260828-133428,d018m_r090_run01.csv,2,18,90,dw00;dw01;dw02;dw03;dw04;dw05;dw06;dw07;dw08,dw00;dw01;dw02;dw03;dw04;dw05;dw06;dw07;dw08,,105,1,2026-08-30T10:01:11.624+0200,dw05,4B92,125,1769,30,-677,1635,2.71,2147483
ground-height-2m-20260828-133428,d018m_r090_run01.csv,2,18,90,dw00;dw01;dw02;dw03;dw04;dw05;dw06;dw07;dw08,dw00;dw01;dw02;dw03;dw04;dw05;dw06;dw07;dw08,,125,1,2026-08-30T10:01:11.634+0200,dw06,0789,141,1779,96,39,1779,3.90,2147483
ground-height-2m-20260828-133428,d018m_r090_run01.csv,2,18,90,dw00;dw01;dw02;dw03;dw04;dw05;dw06;dw07;dw08,dw00;dw01;dw02;dw03;dw04;dw05;dw06;dw07;dw08,,75,1,2026-08-30T10:01:11.780+0200,dw03,021B,156,1772,-49,-1557,846,4.14,27923
ground-height-2m-20260828-133428,d018m_r090_run01.csv,2,18,90,dw00;dw01;dw02;dw03;dw04;dw05;dw06;dw07;dw08,dw00;dw01;dw02;dw03;dw04;dw05;dw06;dw07;dw08,,165,1,2026-08-30T10:01:11.792+0200,dw08,028E,120,1777,166,804,1585,3.21,40649
ground-height-2m-20260828-133428,d018m_r090_run01.csv,2,18,90,dw00;dw01;dw02;dw03;dw04;dw05;dw06;dw07;dw08,dw00;dw01;dw02;dw03;dw04;dw05;dw06;dw07;dw08,,15,1,2026-08-30T10:01:11.803+0200,dw00,8103,207,1791,-149,1294,1238,3.69,50598
ground-height-2m-20260828-133428,d018m_r090_run01.csv,2,18,90,dw00;dw01;dw02;dw03;dw04;dw05;dw06;dw07;dw08,dw00;dw01;dw02;dw03;dw04;dw05;dw06;dw07;dw08,,35,1,2026-08-30T10:01:11.813+0200,dw01,1729,151,1781,-123,1577,828,3.06,60974
ground-height-2m-20260828-133428,d018m_r090_run01.csv,2,18,90,dw00;dw01;dw02;dw03;dw04;dw05;dw06;dw07;dw08,dw00;dw01;dw02;dw03;dw04;dw05;dw06;dw07;dw08,,55,1,2026-08-30T10:01:11.824+0200,dw02,8FB0,247,1781,-110,1717,472,3.27,71044
ground-height-2m-20260828-133428,d018m_r090_run01.csv,2,18,90,dw00;dw01;dw02;dw03;dw04;dw05;dw06;dw07;dw08,dw00;dw01;dw02;dw03;dw04;dw05;dw06;dw07;dw08,,90,1,2026-08-30T10:01:11.832+0200,dw04,0F85,50,1770,-7,-1100,1387,3.78,80657
ground-height-2m-20260828-133428,d018m_r090_run01.csv,2,18,90,dw00;dw01;dw02;dw03;dw04;dw05;dw06;dw07;dw08,dw00;dw01;dw02;dw03;dw04;dw05;dw06;dw07;dw08,,105,1,2026-08-30T10:01:11.843+0200,dw05,4B92,126,1775,35,-623,1662,2.77,90637
ground-height-2m-20260828-133428,d018m_r090_run01.csv,2,18,90,dw00;dw01;dw02;dw03;dw04;dw05;dw06;dw07;dw08,dw00;dw01;dw02;dw03;dw04;dw05;dw06;dw07;dw08,,125,1,2026-08-30T10:01:11.853+0200,dw06,0789,142,1778,93,10,1778,3.72,732
ground-height-2m-20260828-133428,d018m_r090_run01.csv,2,18,90,dw00;dw01;dw02;dw03;dw04;dw05;dw06;dw07;dw08,dw00;dw01;dw02;dw03;dw04;dw05;dw06;dw07;dw08,,75,1,2026-08-30T10:01:11.964+0200,dw03,021B,157,1765,-38,-1432,1032,4.02,12329
ground-height-2m-20260828-133428,d018m_r090_run01.csv,2,18,90,dw00;dw01;dw02;dw03;dw04;dw05;dw06;dw07;dw08,dw00;dw01;dw02;dw03;dw04;dw05;dw06;dw07;dw08,,165,1,2026-08-30T10:01:11.974+0200,dw08,028E,121,1776,-25,-1297,1212,3.27,22277
ground-height-2m-20260828-133428,d018m_r090_run01.csv,2,18,90,dw00;dw01;dw02;dw03;dw04;dw05;dw06;dw07;dw08,dw00;dw01;dw02;dw03;dw04;dw05;dw06;dw07;dw08,,15,1,2026-08-30T10:01:11.985+0200,dw00,8103,208,1791,-167,1094,1417,3.69,32287
ground-height-2m-20260828-133428,d018m_r090_run01.csv,2,18,90,dw00;dw01;dw02;dw03;dw04;dw05;dw06;dw07;dw08,dw00;dw01;dw02;dw03;dw04;dw05;dw06;dw07;dw08,,35,1,2026-08-30T10:01:11.994+0200,dw01,1729,152,1780,-123,1577,825,3.06,42358
ground-height-2m-20260828-133428,d018m_r090_run01.csv,2,18,90,dw00;dw01;dw02;dw03;dw04;dw05;dw06;dw07;dw08,dw00;dw01;dw02;dw03;dw04;dw05;dw06;dw07;dw08,,55,1,2026-08-30T10:01:12.004+0200,dw02,8FB0,248,1778,-95,1778,0,3.33,52368
ground-height-2m-20260828-133428,d018m_r090_run01.csv,2,18,90,dw00;dw01;dw02;dw03;dw04;dw05;dw06;dw07;dw08,dw00;dw01;dw02;dw03;dw04;dw05;dw06;dw07;dw08,,90,1,2026-08-30T10:01:12.014+0200,dw04,0F85,51,1768,-4,-1063,1412,3.78,62316
ground-height-2m-20260828-133428,d018m_r090_run01.csv,2,18,90,dw00;dw01;dw02;dw03;dw04;dw05;dw06;dw07;dw08,dw00;dw01;dw02;dw03;dw04;dw05;dw06;dw07;dw08,,105,1,2026-08-30T10:01:12.025+0200,dw05,4B92,127,1775,51,-450,1717,2.77,72296
ground-height-2m-20260828-133428,d018m_r090_run01.csv,2,18,90,dw00;dw01;dw02;dw03;dw04;dw05;dw06;dw07;dw08,dw00;dw01;dw02;dw03;dw04;dw05;dw06;dw07;dw08,,145,1,2026-08-30T10:01:12.060+0200,dw07,5783,234,1775,142,542,1690,2.38,2147483
ground-height-2m-20260828-133428,d018m_r090_run01.csv,2,18,90,dw00;dw01;dw02;dw03;dw04;dw05;dw06;dw07;dw08,dw00;dw01;dw02;dw03;dw04;dw05;dw06;dw07;dw08,,125,1,2026-08-30T10:01:12.134+0200,dw06,0789,143,1777,92,-2,1777,3.78,2147483
ground-height-2m-20260828-133428,d018m_r090_run01.csv,2,18,90,dw00;dw01;dw02;dw03;dw04;dw05;dw06;dw07;dw08,dw00;dw01;dw02;dw03;dw04;dw05;dw06;dw07;dw08,,75,1,2026-08-30T10:01:12.164+0200,dw03,021B,158,1767,-38,-1431,1036,3.96,12268
ground-height-2m-20260828-133428,d018m_r090_run01.csv,2,18,90,dw00;dw01;dw02;dw03;dw04;dw05;dw06;dw07;dw08,dw00;dw01;dw02;dw03;dw04;dw05;dw06;dw07;dw08,,165,1,2026-08-30T10:01:12.174+0200,dw08,028E,122,1775,170,848,1559,3.33,22277
ground-height-2m-20260828-133428,d018m_r090_run01.csv,2,18,90,dw00;dw01;dw02;dw03;dw04;dw05;dw06;dw07;dw08,dw00;dw01;dw02;dw03;dw04;dw05;dw06;dw07;dw08,,15,1,2026-08-30T10:01:12.184+0200,dw00,8103,209,1791,-164,1131,1388,3.57,32257
ground-height-2m-20260828-133428,d018m_r090_run01.csv,2,18,90,dw00;dw01;dw02;dw03;dw04;dw05;dw06;dw07;dw08,dw00;dw01;dw02;dw03;dw04;dw05;dw06;dw07;dw08,,35,1,2026-08-30T10:01:12.195+0200,dw01,1729,153,1781,-136,1433,1057,3.09,42327
ground-height-2m-20260828-133428,d018m_r090_run01.csv,2,18,90,dw00;dw01;dw02;dw03;dw04;dw05;dw06;dw07;dw08,dw00;dw01;dw02;dw03;dw04;dw05;dw06;dw07;dw08,,55,1,2026-08-30T10:01:12.204+0200,dw02,8FB0,249,1780,-101,1780,0,3.33,52337
ground-height-2m-20260828-133428,d018m_r090_run01.csv,2,18,90,dw00;dw01;dw02;dw03;dw04;dw05;dw06;dw07;dw08,dw00;dw01;dw02;dw03;dw04;dw05;dw06;dw07;dw08,,90,1,2026-08-30T10:01:12.214+0200,dw04,0F85,52,1768,0,-1007,1453,3.90,62225
ground-height-2m-20260828-133428,d018m_r090_run01.csv,2,18,90,dw00;dw01;dw02;dw03;dw04;dw05;dw06;dw07;dw08,dw00;dw01;dw02;dw03;dw04;dw05;dw06;dw07;dw08,,105,1,2026-08-30T10:01:12.224+0200,dw05,4B92,128,1776,39,-589,1675,2.71,72235
ground-height-2m-20260828-133428,d018m_r090_run01.csv,2,18,90,dw00;dw01;dw02;dw03;dw04;dw05;dw06;dw07;dw08,dw00;dw01;dw02;dw03;dw04;dw05;dw06;dw07;dw08,,145,1,2026-08-30T10:01:12.344+0200,dw07,5783,235,1777,129,405,1730,2.20,2147483
ground-height-2m-20260828-133428,d018m_r090_run01.csv,2,18,90,dw00;dw01;dw02;dw03;dw04;dw05;dw06;dw07;dw08,dw00;dw01;dw02;dw03;dw04;dw05;dw06;dw07;dw08,,125,1,2026-08-30T10:01:12.353+0200,dw06,0789,144,1776,85,-81,1774,3.78,762
ground-height-2m-20260828-133428,d018m_r090_run01.csv,2,18,90,dw00;dw01;dw02;dw03;dw04;dw05;dw06;dw07;dw08,dw00;dw01;dw02;dw03;dw04;dw05;dw06;dw07;dw08,,75,1,2026-08-30T10:01:12.364+0200,dw03,021B,159,1765,-47,-1523,892,4.08,12237
ground-height-2m-20260828-133428,d018m_r090_run01.csv,2,18,90,dw00;dw01;dw02;dw03;dw04;dw05;dw06;dw07;dw08,dw00;dw01;dw02;dw03;dw04;dw05;dw06;dw07;dw08,,165,1,2026-08-30T10:01:12.374+0200,dw08,028E,123,1777,177,930,1515,3.39,22247
ground-height-2m-20260828-133428,d018m_r090_run01.csv,2,18,90,dw00;dw01;dw02;dw03;dw04;dw05;dw06;dw07;dw08,dw00;dw01;dw02;dw03;dw04;dw05;dw06;dw07;dw08,,15,1,2026-08-30T10:01:12.384+0200,dw00,8103,210,1794,-154,1247,1290,3.69,32257
ground-height-2m-20260828-133428,d018m_r090_run01.csv,2,18,90,dw00;dw01;dw02;dw03;dw04;dw05;dw06;dw07;dw08,dw00;dw01;dw02;dw03;dw04;dw05;dw06;dw07;dw08,,35,1,2026-08-30T10:01:12.394+0200,dw01,1729,154,1777,-129,1509,938,2.95,42327
ground-height-2m-20260828-133428,d018m_r090_run01.csv,2,18,90,dw00;dw01;dw02;dw03;dw04;dw05;dw06;dw07;dw08,dw00;dw01;dw02;dw03;dw04;dw05;dw06;dw07;dw08,,55,1,2026-08-30T10:01:12.405+0200,dw02,8FB0,250,1778,-103,1778,0,3.33,52307
ground-height-2m-20260828-133428,d018m_r090_run01.csv,2,18,90,dw00;dw01;dw02;dw03;dw04;dw05;dw06;dw07;dw08,dw00;dw01;dw02;dw03;dw04;dw05;dw06;dw07;dw08,,90,1,2026-08-30T10:01:12.414+0200,dw04,0F85,53,1767,-5,-1074,1403,3.63,62286
ground-height-2m-20260828-133428,d018m_r090_run01.csv,2,18,90,dw00;dw01;dw02;dw03;dw04;dw05;dw06;dw07;dw08,dw00;dw01;dw02;dw03;dw04;dw05;dw06;dw07;dw08,,105,1,2026-08-30T10:01:12.424+0200,dw05,4B92,129,1772,50,-465,1710,2.71,72265
ground-height-2m-20260828-133428,d018m_r090_run01.csv,2,18,90,dw00;dw01;dw02;dw03;dw04;dw05;dw06;dw07;dw08,dw00;dw01;dw02;dw03;dw04;dw05;dw06;dw07;dw08,,145,1,2026-08-30T10:01:12.544+0200,dw07,5783,236,1771,135,459,1711,2.14,2147483
ground-height-2m-20260828-133428,d018m_r090_run01.csv,2,18,90,dw00;dw01;dw02;dw03;dw04;dw05;dw06;dw07;dw08,dw00;dw01;dw02;dw03;dw04;dw05;dw06;dw07;dw08,,75,1,2026-08-30T10:01:12.564+0200,dw03,021B,160,1765,-54,-1604,738,4.08,12298
ground-height-2m-20260828-133428,d018m_r090_run01.csv,2,18,90,dw00;dw01;dw02;dw03;dw04;dw05;dw06;dw07;dw08,dw00;dw01;dw02;dw03;dw04;dw05;dw06;dw07;dw08,,165,1,2026-08-30T10:01:12.574+0200,dw08,028E,124,1775,-25,-1300,1208,3.33,22247
ground-height-2m-20260828-133428,d018m_r090_run01.csv,2,18,90,dw00;dw01;dw02;dw03;dw04;dw05;dw06;dw07;dw08,dw00;dw01;dw02;dw03;dw04;dw05;dw06;dw07;dw08,,15,1,2026-08-30T10:01:12.584+0200,dw00,8103,211,1792,-153,1249,1285,3.57,32257
ground-height-2m-20260828-133428,d018m_r090_run01.csv,2,18,90,dw00;dw01;dw02;dw03;dw04;dw05;dw06;dw07;dw08,dw00;dw01;dw02;dw03;dw04;dw05;dw06;dw07;dw08,,35,1,2026-08-30T10:01:12.594+0200,dw01,1729,155,1776,-119,1609,750,3.15,42327
ground-height-2m-20260828-133428,d018m_r090_run01.csv,2,18,90,dw00;dw01;dw02;dw03;dw04;dw05;dw06;dw07;dw08,dw00;dw01;dw02;dw03;dw04;dw05;dw06;dw07;dw08,,55,1,2026-08-30T10:01:12.604+0200,dw02,8FB0,251,1776,-88,1775,0,3.33,52337
ground-height-2m-20260828-133428,d018m_r090_run01.csv,2,18,90,dw00;dw01;dw02;dw03;dw04;dw05;dw06;dw07;dw08,dw00;dw01;dw02;dw03;dw04;dw05;dw06;dw07;dw08,,90,1,2026-08-30T10:01:12.614+0200,dw04,0F85,54,1766,0,-1011,1448,3.69,62255
ground-height-2m-20260828-133428,d018m_r090_run01.csv,2,18,90,dw00;dw01;dw02;dw03;dw04;dw05;dw06;dw07;dw08,dw00;dw01;dw02;dw03;dw04;dw05;dw06;dw07;dw08,,105,1,2026-08-30T10:01:12.624+0200,dw05,4B92,130,1772,35,-621,1659,2.77,72265
ground-height-2m-20260828-133428,d018m_r090_run01.csv,2,18,90,dw00;dw01;dw02;dw03;dw04;dw05;dw06;dw07;dw08,dw00;dw01;dw02;dw03;dw04;dw05;dw06;dw07;dw08,,125,1,2026-08-30T10:01:12.634+0200,dw06,0789,145,1777,93,1,1777,3.78,82305
ground-height-2m-20260828-133428,d018m_r090_run01.csv,2,18,90,dw00;dw01;dw02;dw03;dw04;dw05;dw06;dw07;dw08,dw00;dw01;dw02;dw03;dw04;dw05;dw06;dw07;dw08,,145,1,2026-08-30T10:01:12.744+0200,dw07,5783,237,1777,145,573,1681,2.20,2147483
ground-height-2m-20260828-133428,d018m_r090_run01.csv,2,18,90,dw00;dw01;dw02;dw03;dw04;dw05;dw06;dw07;dw08,dw00;dw01;dw02;dw03;dw04;dw05;dw06;dw07;dw08,,75,1,2026-08-30T10:01:12.764+0200,dw03,021B,161,1766,-41,-1462,990,4.08,12298
ground-height-2m-20260828-133428,d018m_r090_run01.csv,2,18,90,dw00;dw01;dw02;dw03;dw04;dw05;dw06;dw07;dw08,dw00;dw01;dw02;dw03;dw04;dw05;dw06;dw07;dw08,,165,1,2026-08-30T10:01:12.774+0200,dw08,028E,125,1777,155,689,1637,3.21,22247
ground-height-2m-20260828-133428,d018m_r090_run01.csv,2,18,90,dw00;dw01;dw02;dw03;dw04;dw05;dw06;dw07;dw08,dw00;dw01;dw02;dw03;dw04;dw05;dw06;dw07;dw08,,15,1,2026-08-30T10:01:12.784+0200,dw00,8103,212,1790,-165,1115,1400,3.51,32226
ground-height-2m-20260828-133428,d018m_r090_run01.csv,2,18,90,dw00;dw01;dw02;dw03;dw04;dw05;dw06;dw07;dw08,dw00;dw01;dw02;dw03;dw04;dw05;dw06;dw07;dw08,,35,1,2026-08-30T10:01:12.794+0200,dw01,1729,156,1774,-134,1450,1021,3.09,42327
ground-height-2m-20260828-133428,d018m_r090_run01.csv,2,18,90,dw00;dw01;dw02;dw03;dw04;dw05;dw06;dw07;dw08,dw00;dw01;dw02;dw03;dw04;dw05;dw06;dw07;dw08,,55,1,2026-08-30T10:01:12.804+0200,dw02,8FB0,252,1775,-91,1775,0,3.33,52307
ground-height-2m-20260828-133428,d018m_r090_run01.csv,2,18,90,dw00;dw01;dw02;dw03;dw04;dw05;dw06;dw07;dw08,dw00;dw01;dw02;dw03;dw04;dw05;dw06;dw07;dw08,,90,1,2026-08-30T10:01:12.814+0200,dw04,0F85,55,1772,-8,-1104,1385,3.69,62225
ground-height-2m-20260828-133428,d018m_r090_run01.csv,2,18,90,dw00;dw01;dw02;dw03;dw04;dw05;dw06;dw07;dw08,dw00;dw01;dw02;dw03;dw04;dw05;dw06;dw07;dw08,,105,1,2026-08-30T10:01:12.824+0200,dw05,4B92,131,1775,51,-450,1717,2.71,72204
ground-height-2m-20260828-133428,d018m_r090_run01.csv,2,18,90,dw00;dw01;dw02;dw03;dw04;dw05;dw06;dw07;dw08,dw00;dw01;dw02;dw03;dw04;dw05;dw06;dw07;dw08,,125,1,2026-08-30T10:01:12.834+0200,dw06,0789,146,1776,95,26,1775,3.78,82305
ground-height-2m-20260828-133428,d018m_r090_run01.csv,2,18,90,dw00;dw01;dw02;dw03;dw04;dw05;dw06;dw07;dw08,dw00;dw01;dw02;dw03;dw04;dw05;dw06;dw07;dw08,,75,1,2026-08-30T10:01:12.964+0200,dw03,021B,162,1769,-47,-1533,881,4.14,12268
ground-height-2m-20260828-133428,d018m_r090_run01.csv,2,18,90,dw00;dw01;dw02;dw03;dw04;dw05;dw06;dw07;dw08,dw00;dw01;dw02;dw03;dw04;dw05;dw06;dw07;dw08,,165,1,2026-08-30T10:01:12.974+0200,dw08,028E,126,1779,-172,1039,1444,3.33,22277
ground-height-2m-20260828-133428,d018m_r090_run01.csv,2,18,90,dw00;dw01;dw02;dw03;dw04;dw05;dw06;dw07;dw08,dw00;dw01;dw02;dw03;dw04;dw05;dw06;dw07;dw08,,15,1,2026-08-30T10:01:12.984+0200,dw00,8103,213,1792,-170,1067,1439,3.57,32257
ground-height-2m-20260828-133428,d018m_r090_run01.csv,2,18,90,dw00;dw01;dw02;dw03;dw04;dw05;dw06;dw07;dw08,dw00;dw01;dw02;dw03;dw04;dw05;dw06;dw07;dw08,,35,1,2026-08-30T10:01:12.994+0200,dw01,1729,157,1777,-140,1387,1111,3.06,42327
ground-height-2m-20260828-133428,d018m_r090_run01.csv,2,18,90,dw00;dw01;dw02;dw03;dw04;dw05;dw06;dw07;dw08,dw00;dw01;dw02;dw03;dw04;dw05;dw06;dw07;dw08,,55,1,2026-08-30T10:01:13.004+0200,dw02,8FB0,253,1776,-96,1776,0,3.33,52337
ground-height-2m-20260828-133428,d018m_r090_run01.csv,2,18,90,dw00;dw01;dw02;dw03;dw04;dw05;dw06;dw07;dw08,dw00;dw01;dw02;dw03;dw04;dw05;dw06;dw07;dw08,,90,1,2026-08-30T10:01:13.014+0200,dw04,0F85,56,1768,10,-901,1521,3.69,62286
ground-height-2m-20260828-133428,d018m_r090_run01.csv,2,18,90,dw00;dw01;dw02;dw03;dw04;dw05;dw06;dw07;dw08,dw00;dw01;dw02;dw03;dw04;dw05;dw06;dw07;dw08,,105,1,2026-08-30T10:01:13.024+0200,dw05,4B92,132,1778,40,-574,1683,2.65,72265
ground-height-2m-20260828-133428,d018m_r090_run01.csv,2,18,90,dw00;dw01;dw02;dw03;dw04;dw05;dw06;dw07;dw08,dw00;dw01;dw02;dw03;dw04;dw05;dw06;dw07;dw08,,125,1,2026-08-30T10:01:13.034+0200,dw06,0789,147,1777,89,-36,1777,3.78,82244
ground-height-2m-20260828-133428,d018m_r090_run01.csv,2,18,90,dw00;dw01;dw02;dw03;dw04;dw05;dw06;dw07;dw08,dw00;dw01;dw02;dw03;dw04;dw05;dw06;dw07;dw08,,145,1,2026-08-30T10:01:13.159+0200,dw07,5783,239,1777,117,264,1757,2.26,2147483
ground-height-2m-20260828-133428,d018m_r090_run01.csv,2,18,90,dw00;dw01;dw02;dw03;dw04;dw05;dw06;dw07;dw08,dw00;dw01;dw02;dw03;dw04;dw05;dw06;dw07;dw08,,165,1,2026-08-30T10:01:13.174+0200,dw08,028E,127,1775,164,786,1592,3.33,2147483
ground-height-2m-20260828-133428,d018m_r090_run01.csv,2,18,90,dw00;dw01;dw02;dw03;dw04;dw05;dw06;dw07;dw08,dw00;dw01;dw02;dw03;dw04;dw05;dw06;dw07;dw08,,15,1,2026-08-30T10:01:13.184+0200,dw00,8103,214,1795,-164,1132,1392,3.69,2147483
ground-height-2m-20260828-133428,d018m_r090_run01.csv,2,18,90,dw00;dw01;dw02;dw03;dw04;dw05;dw06;dw07;dw08,dw00;dw01;dw02;dw03;dw04;dw05;dw06;dw07;dw08,,35,1,2026-08-30T10:01:13.193+0200,dw01,1729,158,1776,107,157,1769,3.15,2147483
ground-height-2m-20260828-133428,d018m_r090_run01.csv,2,18,90,dw00;dw01;dw02;dw03;dw04;dw05;dw06;dw07;dw08,dw00;dw01;dw02;dw03;dw04;dw05;dw06;dw07;dw08,,55,1,2026-08-30T10:01:13.204+0200,dw02,8FB0,254,1776,-101,1776,0,3.27,2147483
ground-height-2m-20260828-133428,d018m_r090_run01.csv,2,18,90,dw00;dw01;dw02;dw03;dw04;dw05;dw06;dw07;dw08,dw00;dw01;dw02;dw03;dw04;dw05;dw06;dw07;dw08,,90,1,2026-08-30T10:01:13.214+0200,dw04,0F85,57,1766,-2,-1033,1432,3.69,2147483
ground-height-2m-20260828-133428,d018m_r090_run01.csv,2,18,90,dw00;dw01;dw02;dw03;dw04;dw05;dw06;dw07;dw08,dw00;dw01;dw02;dw03;dw04;dw05;dw06;dw07;dw08,,105,1,2026-08-30T10:01:13.224+0200,dw05,4B92,133,1771,51,-453,1712,2.65,2147483
ground-height-2m-20260828-133428,d018m_r090_run01.csv,2,18,90,dw00;dw01;dw02;dw03;dw04;dw05;dw06;dw07;dw08,dw00;dw01;dw02;dw03;dw04;dw05;dw06;dw07;dw08,,125,1,2026-08-30T10:01:13.234+0200,dw06,0789,148,1776,84,-90,1773,3.90,2147483
ground-height-2m-20260828-133428,d018m_r090_run01.csv,2,18,90,dw00;dw01;dw02;dw03;dw04;dw05;dw06;dw07;dw08,dw00;dw01;dw02;dw03;dw04;dw05;dw06;dw07;dw08,,75,1,2026-08-30T10:01:13.379+0200,dw03,021B,164,1771,-53,-1599,760,4.26,27893
ground-height-2m-20260828-133428,d018m_r090_run01.csv,2,18,90,dw00;dw01;dw02;dw03;dw04;dw05;dw06;dw07;dw08,dw00;dw01;dw02;dw03;dw04;dw05;dw06;dw07;dw08,,165,1,2026-08-30T10:01:13.392+0200,dw08,028E,128,1777,165,797,1588,3.27,40679
ground-height-2m-20260828-133428,d018m_r090_run01.csv,2,18,90,dw00;dw01;dw02;dw03;dw04;dw05;dw06;dw07;dw08,dw00;dw01;dw02;dw03;dw04;dw05;dw06;dw07;dw08,,15,1,2026-08-30T10:01:13.402+0200,dw00,8103,215,1790,-163,1146,1375,3.63,50659
ground-height-2m-20260828-133428,d018m_r090_run01.csv,2,18,90,dw00;dw01;dw02;dw03;dw04;dw05;dw06;dw07;dw08,dw00;dw01;dw02;dw03;dw04;dw05;dw06;dw07;dw08,,35,1,2026-08-30T10:01:13.412+0200,dw01,1729,159,1777,-123,1569,834,2.95,61035
ground-height-2m-20260828-133428,d018m_r090_run01.csv,2,18,90,dw00;dw01;dw02;dw03;dw04;dw05;dw06;dw07;dw08,dw00;dw01;dw02;dw03;dw04;dw05;dw06;dw07;dw08,,55,1,2026-08-30T10:01:13.423+0200,dw02,8FB0,255,1777,-101,1777,0,3.33,71044
ground-height-2m-20260828-133428,d018m_r090_run01.csv,2,18,90,dw00;dw01;dw02;dw03;dw04;dw05;dw06;dw07;dw08,dw00;dw01;dw02;dw03;dw04;dw05;dw06;dw07;dw08,,90,1,2026-08-30T10:01:13.432+0200,dw04,0F85,58,1769,1,-995,1463,3.69,80627
ground-height-2m-20260828-133428,d018m_r090_run01.csv,2,18,90,dw00;dw01;dw02;dw03;dw04;dw05;dw06;dw07;dw08,dw00;dw01;dw02;dw03;dw04;dw05;dw06;dw07;dw08,,105,1,2026-08-30T10:01:13.442+0200,dw05,4B92,134,1773,50,-466,1710,2.71,90576
ground-height-2m-20260828-133428,d018m_r090_run01.csv,2,18,90,dw00;dw01;dw02;dw03;dw04;dw05;dw06;dw07;dw08,dw00;dw01;dw02;dw03;dw04;dw05;dw06;dw07;dw08,,125,1,2026-08-30T10:01:13.452+0200,dw06,0789,149,1775,96,38,1774,3.72,762
ground-height-2m-20260828-133428,d018m_r090_run01.csv,2,18,90,dw00;dw01;dw02;dw03;dw04;dw05;dw06;dw07;dw08,dw00;dw01;dw02;dw03;dw04;dw05;dw06;dw07;dw08,,75,1,2026-08-30T10:01:13.564+0200,dw03,021B,165,1766,-51,-1567,814,4.02,12329
ground-height-2m-20260828-133428,d018m_r090_run01.csv,2,18,90,dw00;dw01;dw02;dw03;dw04;dw05;dw06;dw07;dw08,dw00;dw01;dw02;dw03;dw04;dw05;dw06;dw07;dw08,,165,1,2026-08-30T10:01:13.573+0200,dw08,028E,129,1775,148,606,1668,3.33,22277
ground-height-2m-20260828-133428,d018m_r090_run01.csv,2,18,90,dw00;dw01;dw02;dw03;dw04;dw05;dw06;dw07;dw08,dw00;dw01;dw02;dw03;dw04;dw05;dw06;dw07;dw08,,15,1,2026-08-30T10:01:13.584+0200,dw00,8103,216,1793,-157,1206,1327,3.63,32318
ground-height-2m-20260828-133428,d018m_r090_run01.csv,2,18,90,dw00;dw01;dw02;dw03;dw04;dw05;dw06;dw07;dw08,dw00;dw01;dw02;dw03;dw04;dw05;dw06;dw07;dw08,,35,1,2026-08-30T10:01:13.594+0200,dw01,1729,160,1777,-151,1263,1250,3.06,42358
ground-height-2m-20260828-133428,d018m_r090_run01.csv,2,18,90,dw00;dw01;dw02;dw03;dw04;dw05;dw06;dw07;dw08,dw00;dw01;dw02;dw03;dw04;dw05;dw06;dw07;dw08,,55,1,2026-08-30T10:01:13.604+0200,dw02,8FB0,0,1781,-93,1781,0,3.15,52398
ground-height-2m-20260828-133428,d018m_r090_run01.csv,2,18,90,dw00;dw01;dw02;dw03;dw04;dw05;dw06;dw07;dw08,dw00;dw01;dw02;dw03;dw04;dw05;dw06;dw07;dw08,,90,1,2026-08-30T10:01:13.613+0200,dw04,0F85,59,1769,-11,-1138,1354,3.69,62286
ground-height-2m-20260828-133428,d018m_r090_run01.csv,2,18,90,dw00;dw01;dw02;dw03;dw04;dw05;dw06;dw07;dw08,dw00;dw01;dw02;dw03;dw04;dw05;dw06;dw07;dw08,,105,1,2026-08-30T10:01:13.624+0200,dw05,4B92,135,1775,34,-633,1658,2.77,72265
ground-height-2m-20260828-133428,d018m_r090_run01.csv,2,18,90,dw00;dw01;dw02;dw03;dw04;dw05;dw06;dw07;dw08,dw00;dw01;dw02;dw03;dw04;dw05;dw06;dw07;dw08,,145,1,2026-08-30T10:01:13.659+0200,dw07,5783,241,1776,143,549,1688,2.38,2147483
ground-height-2m-20260828-133428,d018m_r090_run01.csv,2,18,90,dw00;dw01;dw02;dw03;dw04;dw05;dw06;dw07;dw08,dw00;dw01;dw02;dw03;dw04;dw05;dw06;dw07;dw08,,125,1,2026-08-30T10:01:13.733+0200,dw06,0789,150,1780,89,-41,1780,3.84,2147483
ground-height-2m-20260828-133428,d018m_r090_run01.csv,2,18,90,dw00;dw01;dw02;dw03;dw04;dw05;dw06;dw07;dw08,dw00;dw01;dw02;dw03;dw04;dw05;dw06;dw07;dw08,,75,1,2026-08-30T10:01:13.764+0200,dw03,021B,166,1769,-49,-1548,856,4.14,12298
ground-height-2m-20260828-133428,d018m_r090_run01.csv,2,18,90,dw00;dw01;dw02;dw03;dw04;dw05;dw06;dw07;dw08,dw00;dw01;dw02;dw03;dw04;dw05;dw06;dw07;dw08,,165,1,2026-08-30T10:01:13.774+0200,dw08,028E,130,1777,-12,-1158,1347,3.33,22277
ground-height-2m-20260828-133428,d018m_r090_run01.csv,2,18,90,dw00;dw01;dw02;dw03;dw04;dw05;dw06;dw07;dw08,dw00;dw01;dw02;dw03;dw04;dw05;dw06;dw07;dw08,,15,1,2026-08-30T10:01:13.783+0200,dw00,8103,217,1795,-163,1145,1382,3.57,32257
ground-height-2m-20260828-133428,d018m_r090_run01.csv,2,18,90,dw00;dw01;dw02;dw03;dw04;dw05;dw06;dw07;dw08,dw00;dw01;dw02;dw03;dw04;dw05;dw06;dw07;dw08,,35,1,2026-08-30T10:01:13.794+0200,dw01,1729,161,1777,-126,1539,888,3.06,42327
ground-height-2m-20260828-133428,d018m_r090_run01.csv,2,18,90,dw00;dw01;dw02;dw03;dw04;dw05;dw06;dw07;dw08,dw00;dw01;dw02;dw03;dw04;dw05;dw06;dw07;dw08,,55,1,2026-08-30T10:01:13.804+0200,dw02,8FB0,1,1775,-97,1775,0,3.33,52307
ground-height-2m-20260828-133428,d018m_r090_run01.csv,2,18,90,dw00;dw01;dw02;dw03;dw04;dw05;dw06;dw07;dw08,dw00;dw01;dw02;dw03;dw04;dw05;dw06;dw07;dw08,,90,1,2026-08-30T10:01:13.814+0200,dw04,0F85,60,1773,6,-947,1498,3.69,62255
ground-height-2m-20260828-133428,d018m_r090_run01.csv,2,18,90,dw00;dw01;dw02;dw03;dw04;dw05;dw06;dw07;dw08,dw00;dw01;dw02;dw03;dw04;dw05;dw06;dw07;dw08,,105,1,2026-08-30T10:01:13.823+0200,dw05,4B92,136,1776,25,-732,1618,2.95,72265
ground-height-2m-20260828-133428,d018m_r090_run01.csv,2,18,90,dw00;dw01;dw02;dw03;dw04;dw05;dw06;dw07;dw08,dw00;dw01;dw02;dw03;dw04;dw05;dw06;dw07;dw08,,145,1,2026-08-30T10:01:13.943+0200,dw07,5783,242,1775,126,363,1738,2.14,2147483
ground-height-2m-20260828-133428,d018m_r090_run01.csv,2,18,90,dw00;dw01;dw02;dw03;dw04;dw05;dw06;dw07;dw08,dw00;dw01;dw02;dw03;dw04;dw05;dw06;dw07;dw08,,125,1,2026-08-30T10:01:13.952+0200,dw06,0789,151,1775,83,-107,1772,3.72,762
ground-height-2m-20260828-133428,d018m_r090_run01.csv,2,18,90,dw00;dw01;dw02;dw03;dw04;dw05;dw06;dw07;dw08,dw00;dw01;dw02;dw03;dw04;dw05;dw06;dw07;dw08,,75,1,2026-08-30T10:01:13.964+0200,dw03,021B,167,1766,-50,-1565,817,3.90,12298
ground-height-2m-20260828-133428,d018m_r090_run01.csv,2,18,90,dw00;dw01;dw02;dw03;dw04;dw05;dw06;dw07;dw08,dw00;dw01;dw02;dw03;dw04;dw05;dw06;dw07;dw08,,165,1,2026-08-30T10:01:13.974+0200,dw08,028E,131,1776,144,562,1684,3.33,22277
ground-height-2m-20260828-133428,d018m_r090_run01.csv,2,18,90,dw00;dw01;dw02;dw03;dw04;dw05;dw06;dw07;dw08,dw00;dw01;dw02;dw03;dw04;dw05;dw06;dw07;dw08,,15,1,2026-08-30T10:01:13.983+0200,dw00,8103,218,1791,-162,1155,1369,3.57,32257
ground-height-2m-20260828-133428,d018m_r090_run01.csv,2,18,90,dw00;dw01;dw02;dw03;dw04;dw05;dw06;dw07;dw08,dw00;dw01;dw02;dw03;dw04;dw05;dw06;dw07;dw08,,35,1,2026-08-30T10:01:13.993+0200,dw01,1729,162,1778,-142,1366,1138,3.09,42327
ground-height-2m-20260828-133428,d018m_r090_run01.csv,2,18,90,dw00;dw01;dw02;dw03;dw04;dw05;dw06;dw07;dw08,dw00;dw01;dw02;dw03;dw04;dw05;dw06;dw07;dw08,,55,1,2026-08-30T10:01:14.004+0200,dw02,8FB0,2,1776,-90,1776,0,3.33,52307
ground-height-2m-20260828-133428,d018m_r090_run01.csv,2,18,90,dw00;dw01;dw02;dw03;dw04;dw05;dw06;dw07;dw08,dw00;dw01;dw02;dw03;dw04;dw05;dw06;dw07;dw08,,90,1,2026-08-30T10:01:14.014+0200,dw04,0F85,61,1767,-4,-1056,1416,3.72,62255
ground-height-2m-20260828-133428,d018m_r090_run01.csv,2,18,90,dw00;dw01;dw02;dw03;dw04;dw05;dw06;dw07;dw08,dw00;dw01;dw02;dw03;dw04;dw05;dw06;dw07;dw08,,105,1,2026-08-30T10:01:14.023+0200,dw05,4B92,137,1772,40,-571,1677,2.71,72204
ground-height-2m-20260828-133428,d018m_r090_run01.csv,2,18,90,dw00;dw01;dw02;dw03;dw04;dw05;dw06;dw07;dw08,dw00;dw01;dw02;dw03;dw04;dw05;dw06;dw07;dw08,,145,1,2026-08-30T10:01:14.144+0200,dw07,5783,243,1774,125,353,1738,2.08,2147483
ground-height-2m-20260828-133428,d018m_r090_run01.csv,2,18,90,dw00;dw01;dw02;dw03;dw04;dw05;dw06;dw07;dw08,dw00;dw01;dw02;dw03;dw04;dw05;dw06;dw07;dw08,,75,1,2026-08-30T10:01:14.163+0200,dw03,021B,168,1767,-50,-1564,822,4.14,12268
ground-height-2m-20260828-133428,d018m_r090_run01.csv,2,18,90,dw00;dw01;dw02;dw03;dw04;dw05;dw06;dw07;dw08,dw00;dw01;dw02;dw03;dw04;dw05;dw06;dw07;dw08,,165,1,2026-08-30T10:01:14.174+0200,dw08,028E,132,1779,159,731,1621,3.33,22247
ground-height-2m-20260828-133428,d018m_r090_run01.csv,2,18,90,dw00;dw01;dw02;dw03;dw04;dw05;dw06;dw07;dw08,dw00;dw01;dw02;dw03;dw04;dw05;dw06;dw07;dw08,,15,1,2026-08-30T10:01:14.184+0200,dw00,8103,219,1793,-161,1169,1360,3.69,32257
ground-height-2m-20260828-133428,d018m_r090_run01.csv,2,18,90,dw00;dw01;dw02;dw03;dw04;dw05;dw06;dw07;dw08,dw00;dw01;dw02;dw03;dw04;dw05;dw06;dw07;dw08,,35,1,2026-08-30T10:01:14.193+0200,dw01,1729,163,1779,-133,1468,1005,3.01,42297
ground-height-2m-20260828-133428,d018m_r090_run01.csv,2,18,90,dw00;dw01;dw02;dw03;dw04;dw05;dw06;dw07;dw08,dw00;dw01;dw02;dw03;dw04;dw05;dw06;dw07;dw08,,55,1,2026-08-30T10:01:14.203+0200,dw02,8FB0,3,1778,-88,1778,0,3.33,52307
ground-height-2m-20260828-133428,d018m_r090_run01.csv,2,18,90,dw00;dw01;dw02;dw03;dw04;dw05;dw06;dw07;dw08,dw00;dw01;dw02;dw03;dw04;dw05;dw06;dw07;dw08,,90,1,2026-08-30T10:01:14.214+0200,dw04,0F85,62,1772,0,-1005,1459,3.69,62255
ground-height-2m-20260828-133428,d018m_r090_run01.csv,2,18,90,dw00;dw01;dw02;dw03;dw04;dw05;dw06;dw07;dw08,dw00;dw01;dw02;dw03;dw04;dw05;dw06;dw07;dw08,,105,1,2026-08-30T10:01:14.224+0200,dw05,4B92,138,1772,39,-583,1673,2.83,72296
ground-height-2m-20260828-133428,d018m_r090_run01.csv,2,18,90,dw00;dw01;dw02;dw03;dw04;dw05;dw06;dw07;dw08,dw00;dw01;dw02;dw03;dw04;dw05;dw06;dw07;dw08,,125,1,2026-08-30T10:01:14.233+0200,dw06,0789,152,1776,87,-63,1774,3.78,82305
ground-height-2m-20260828-133428,d018m_r090_run01.csv,2,18,90,dw00;dw01;dw02;dw03;dw04;dw05;dw06;dw07;dw08,dw00;dw01;dw02;dw03;dw04;dw05;dw06;dw07;dw08,,145,1,2026-08-30T10:01:14.344+0200,dw07,5783,244,1777,127,375,1737,2.20,2147483
ground-height-2m-20260828-133428,d018m_r090_run01.csv,2,18,90,dw00;dw01;dw02;dw03;dw04;dw05;dw06;dw07;dw08,dw00;dw01;dw02;dw03;dw04;dw05;dw06;dw07;dw08,,75,1,2026-08-30T10:01:14.363+0200,dw03,021B,169,1769,-42,-1474,979,4.02,12298
ground-height-2m-20260828-133428,d018m_r090_run01.csv,2,18,90,dw00;dw01;dw02;dw03;dw04;dw05;dw06;dw07;dw08,dw00;dw01;dw02;dw03;dw04;dw05;dw06;dw07;dw08,,165,1,2026-08-30T10:01:14.373+0200,dw08,028E,133,1775,-4,-1066,1419,3.33,22308
ground-height-2m-20260828-133428,d018m_r090_run01.csv,2,18,90,dw00;dw01;dw02;dw03;dw04;dw05;dw06;dw07;dw08,dw00;dw01;dw02;dw03;dw04;dw05;dw06;dw07;dw08,,15,1,2026-08-30T10:01:14.384+0200,dw00,8103,220,1792,-155,1231,1302,3.57,32257
ground-height-2m-20260828-133428,d018m_r090_run01.csv,2,18,90,dw00;dw01;dw02;dw03;dw04;dw05;dw06;dw07;dw08,dw00;dw01;dw02;dw03;dw04;dw05;dw06;dw07;dw08,,35,1,2026-08-30T10:01:14.394+0200,dw01,1729,164,1777,-134,1447,1031,2.95,42297
ground-height-2m-20260828-133428,d018m_r090_run01.csv,2,18,90,dw00;dw01;dw02;dw03;dw04;dw05;dw06;dw07;dw08,dw00;dw01;dw02;dw03;dw04;dw05;dw06;dw07;dw08,,55,1,2026-08-30T10:01:14.403+0200,dw02,8FB0,4,1779,-92,1779,0,3.33,52307
ground-height-2m-20260828-133428,d018m_r090_run01.csv,2,18,90,dw00;dw01;dw02;dw03;dw04;dw05;dw06;dw07;dw08,dw00;dw01;dw02;dw03;dw04;dw05;dw06;dw07;dw08,,90,1,2026-08-30T10:01:14.413+0200,dw04,0F85,63,1770,-11,-1137,1356,3.69,62225
ground-height-2m-20260828-133428,d018m_r090_run01.csv,2,18,90,dw00;dw01;dw02;dw03;dw04;dw05;dw06;dw07;dw08,dw00;dw01;dw02;dw03;dw04;dw05;dw06;dw07;dw08,,105,1,2026-08-30T10:01:14.424+0200,dw05,4B92,139,1773,46,-506,1699,2.71,72265
ground-height-2m-20260828-133428,d018m_r090_run01.csv,2,18,90,dw00;dw01;dw02;dw03;dw04;dw05;dw06;dw07;dw08,dw00;dw01;dw02;dw03;dw04;dw05;dw06;dw07;dw08,,125,1,2026-08-30T10:01:14.434+0200,dw06,0789,153,1777,94,16,1777,3.78,82275
ground-height-2m-20260828-133428,d018m_r090_run01.csv,2,18,90,dw00;dw01;dw02;dw03;dw04;dw05;dw06;dw07;dw08,dw00;dw01;dw02;dw03;dw04;dw05;dw06;dw07;dw08,,145,1,2026-08-30T10:01:14.544+0200,dw07,5783,245,1774,143,554,1685,2.14,2147483
ground-height-2m-20260828-133428,d018m_r090_run01.csv,2,18,90,dw00;dw01;dw02;dw03;dw04;dw05;dw06;dw07;dw08,dw00;dw01;dw02;dw03;dw04;dw05;dw06;dw07;dw08,,75,1,2026-08-30T10:01:14.563+0200,dw03,021B,170,1764,-47,-1525,886,4.14,12329
ground-height-2m-20260828-133428,d018m_r090_run01.csv,2,18,90,dw00;dw01;dw02;dw03;dw04;dw05;dw06;dw07;dw08,dw00;dw01;dw02;dw03;dw04;dw05;dw06;dw07;dw08,,165,1,2026-08-30T10:01:14.573+0200,dw08,028E,134,1777,148,607,1669,3.27,22277
ground-height-2m-20260828-133428,d018m_r090_run01.csv,2,18,90,dw00;dw01;dw02;dw03;dw04;dw05;dw06;dw07;dw08,dw00;dw01;dw02;dw03;dw04;dw05;dw06;dw07;dw08,,15,1,2026-08-30T10:01:14.583+0200,dw00,8103,221,1795,-161,1163,1367,3.69,32257
ground-height-2m-20260828-133428,d018m_r090_run01.csv,2,18,90,dw00;dw01;dw02;dw03;dw04;dw05;dw06;dw07;dw08,dw00;dw01;dw02;dw03;dw04;dw05;dw06;dw07;dw08,,35,1,2026-08-30T10:01:14.594+0200,dw01,1729,165,1782,-135,1445,1042,3.15,42297
ground-height-2m-20260828-133428,d018m_r090_run01.csv,2,18,90,dw00;dw01;dw02;dw03;dw04;dw05;dw06;dw07;dw08,dw00;dw01;dw02;dw03;dw04;dw05;dw06;dw07;dw08,,55,1,2026-08-30T10:01:14.603+0200,dw02,8FB0,5,1777,-92,1777,0,3.27,52337
ground-height-2m-20260828-133428,d018m_r090_run01.csv,2,18,90,dw00;dw01;dw02;dw03;dw04;dw05;dw06;dw07;dw08,dw00;dw01;dw02;dw03;dw04;dw05;dw06;dw07;dw08,,90,1,2026-08-30T10:01:14.613+0200,dw04,0F85,64,1769,-3,-1047,1425,3.69,62255
ground-height-2m-20260828-133428,d018m_r090_run01.csv,2,18,90,dw00;dw01;dw02;dw03;dw04;dw05;dw06;dw07;dw08,dw00;dw01;dw02;dw03;dw04;dw05;dw06;dw07;dw08,,105,1,2026-08-30T10:01:14.623+0200,dw05,4B92,140,1772,32,-657,1646,2.71,72235
ground-height-2m-20260828-133428,d018m_r090_run01.csv,2,18,90,dw00;dw01;dw02;dw03;dw04;dw05;dw06;dw07;dw08,dw00;dw01;dw02;dw03;dw04;dw05;dw06;dw07;dw08,,125,1,2026-08-30T10:01:14.634+0200,dw06,0789,154,1776,91,-14,1776,3.78,82275
ground-height-2m-20260828-133428,d018m_r090_run01.csv,2,18,90,dw00;dw01;dw02;dw03;dw04;dw05;dw06;dw07;dw08,dw00;dw01;dw02;dw03;dw04;dw05;dw06;dw07;dw08,,145,1,2026-08-30T10:01:14.743+0200,dw07,5783,246,1778,134,453,1720,2.14,2147483
ground-height-2m-20260828-133428,d018m_r090_run01.csv,2,18,90,dw00;dw01;dw02;dw03;dw04;dw05;dw06;dw07;dw08,dw00;dw01;dw02;dw03;dw04;dw05;dw06;dw07;dw08,,75,1,2026-08-30T10:01:14.764+0200,dw03,021B,171,1767,-44,-1491,947,4.14,12298
ground-height-2m-20260828-133428,d018m_r090_run01.csv,2,18,90,dw00;dw01;dw02;dw03;dw04;dw05;dw06;dw07;dw08,dw00;dw01;dw02;dw03;dw04;dw05;dw06;dw07;dw08,,165,1,2026-08-30T10:01:14.773+0200,dw08,028E,135,1776,169,839,1565,3.15,22277
ground-height-2m-20260828-133428,d018m_r090_run01.csv,2,18,90,dw00;dw01;dw02;dw03;dw04;dw05;dw06;dw07;dw08,dw00;dw01;dw02;dw03;dw04;dw05;dw06;dw07;dw08,,15,1,2026-08-30T10:01:14.783+0200,dw00,8103,222,1793,-176,997,1491,3.63,32257
ground-height-2m-20260828-133428,d018m_r090_run01.csv,2,18,90,dw00;dw01;dw02;dw03;dw04;dw05;dw06;dw07;dw08,dw00;dw01;dw02;dw03;dw04;dw05;dw06;dw07;dw08,,35,1,2026-08-30T10:01:14.793+0200,dw01,1729,166,1778,-125,1546,878,3.27,42297
ground-height-2m-20260828-133428,d018m_r090_run01.csv,2,18,90,dw00;dw01;dw02;dw03;dw04;dw05;dw06;dw07;dw08,dw00;dw01;dw02;dw03;dw04;dw05;dw06;dw07;dw08,,55,1,2026-08-30T10:01:14.804+0200,dw02,8FB0,6,1782,-100,1782,0,3.33,52368
ground-height-2m-20260828-133428,d018m_r090_run01.csv,2,18,90,dw00;dw01;dw02;dw03;dw04;dw05;dw06;dw07;dw08,dw00;dw01;dw02;dw03;dw04;dw05;dw06;dw07;dw08,,90,1,2026-08-30T10:01:14.813+0200,dw04,0F85,65,1769,-2,-1038,1432,3.78,62255
ground-height-2m-20260828-133428,d018m_r090_run01.csv,2,18,90,dw00;dw01;dw02;dw03;dw04;dw05;dw06;dw07;dw08,dw00;dw01;dw02;dw03;dw04;dw05;dw06;dw07;dw08,,105,1,2026-08-30T10:01:14.823+0200,dw05,4B92,141,1776,47,-496,1705,2.59,72296
ground-height-2m-20260828-133428,d018m_r090_run01.csv,2,18,90,dw00;dw01;dw02;dw03;dw04;dw05;dw06;dw07;dw08,dw00;dw01;dw02;dw03;dw04;dw05;dw06;dw07;dw08,,125,1,2026-08-30T10:01:14.833+0200,dw06,0789,155,1776,92,-9,1776,3.78,82275
ground-height-2m-20260828-133428,d018m_r090_run01.csv,2,18,90,dw00;dw01;dw02;dw03;dw04;dw05;dw06;dw07;dw08,dw00;dw01;dw02;dw03;dw04;dw05;dw06;dw07;dw08,,145,1,2026-08-30T10:01:14.943+0200,dw07,5783,247,1778,131,423,1727,2.14,2147483
ground-height-2m-20260828-133428,d018m_r090_run01.csv,2,18,90,dw00;dw01;dw02;dw03;dw04;dw05;dw06;dw07;dw08,dw00;dw01;dw02;dw03;dw04;dw05;dw06;dw07;dw08,,75,1,2026-08-30T10:01:14.963+0200,dw03,021B,172,1768,-46,-1519,905,4.14,12268
ground-height-2m-20260828-133428,d018m_r090_run01.csv,2,18,90,dw00;dw01;dw02;dw03;dw04;dw05;dw06;dw07;dw08,dw00;dw01;dw02;dw03;dw04;dw05;dw06;dw07;dw08,,165,1,2026-08-30T10:01:14.974+0200,dw08,028E,136,1771,148,611,1662,3.21,22277
ground-height-2m-20260828-133428,d018m_r090_run01.csv,2,18,90,dw00;dw01;dw02;dw03;dw04;dw05;dw06;dw07;dw08,dw00;dw01;dw02;dw03;dw04;dw05;dw06;dw07;dw08,,15,1,2026-08-30T10:01:14.983+0200,dw00,8103,223,1794,-145,1341,1191,3.51,32257
ground-height-2m-20260828-133428,d018m_r090_run01.csv,2,18,90,dw00;dw01;dw02;dw03;dw04;dw05;dw06;dw07;dw08,dw00;dw01;dw02;dw03;dw04;dw05;dw06;dw07;dw08,,35,1,2026-08-30T10:01:14.993+0200,dw01,1729,167,1776,-126,1540,883,3.15,42297
ground-height-2m-20260828-133428,d018m_r090_run01.csv,2,18,90,dw00;dw01;dw02;dw03;dw04;dw05;dw06;dw07;dw08,dw00;dw01;dw02;dw03;dw04;dw05;dw06;dw07;dw08,,55,1,2026-08-30T10:01:15.003+0200,dw02,8FB0,7,1778,-105,1764,222,3.33,52307
ground-height-2m-20260828-133428,d018m_r090_run01.csv,2,18,90,dw00;dw01;dw02;dw03;dw04;dw05;dw06;dw07;dw08,dw00;dw01;dw02;dw03;dw04;dw05;dw06;dw07;dw08,,90,1,2026-08-30T10:01:15.014+0200,dw04,0F85,66,1773,-5,-1069,1414,3.84,62225
ground-height-2m-20260828-133428,d018m_r090_run01.csv,2,18,90,dw00;dw01;dw02;dw03;dw04;dw05;dw06;dw07;dw08,dw00;dw01;dw02;dw03;dw04;dw05;dw06;dw07;dw08,,105,1,2026-08-30T10:01:15.023+0200,dw05,4B92,142,1773,47,-493,1703,2.71,72204
ground-height-2m-20260828-133428,d018m_r090_run01.csv,2,18,90,dw00;dw01;dw02;dw03;dw04;dw05;dw06;dw07;dw08,dw00;dw01;dw02;dw03;dw04;dw05;dw06;dw07;dw08,,125,1,2026-08-30T10:01:15.033+0200,dw06,0789,156,1780,85,-77,1778,3.78,82305
ground-height-2m-20260828-133428,d018m_r090_run01.csv,2,18,90,dw00;dw01;dw02;dw03;dw04;dw05;dw06;dw07;dw08,dw00;dw01;dw02;dw03;dw04;dw05;dw06;dw07;dw08,,145,1,2026-08-30T10:01:15.143+0200,dw07,5783,248,1779,132,435,1725,2.14,2147483
ground-height-2m-20260828-133428,d018m_r090_run01.csv,2,18,90,dw00;dw01;dw02;dw03;dw04;dw05;dw06;dw07;dw08,dw00;dw01;dw02;dw03;dw04;dw05;dw06;dw07;dw08,,75,1,2026-08-30T10:01:15.163+0200,dw03,021B,173,1769,-35,-1403,1077,3.96,12237
ground-height-2m-20260828-133428,d018m_r090_run01.csv,2,18,90,dw00;dw01;dw02;dw03;dw04;dw05;dw06;dw07;dw08,dw00;dw01;dw02;dw03;dw04;dw05;dw06;dw07;dw08,,165,1,2026-08-30T10:01:15.173+0200,dw08,028E,137,1777,-25,-1293,1219,3.33,22308
ground-height-2m-20260828-133428,d018m_r090_run01.csv,2,18,90,dw00;dw01;dw02;dw03;dw04;dw05;dw06;dw07;dw08,dw00;dw01;dw02;dw03;dw04;dw05;dw06;dw07;dw08,,15,1,2026-08-30T10:01:15.183+0200,dw00,8103,224,1792,-153,1248,1287,3.63,32287
ground-height-2m-20260828-133428,d018m_r090_run01.csv,2,18,90,dw00;dw01;dw02;dw03;dw04;dw05;dw06;dw07;dw08,dw00;dw01;dw02;dw03;dw04;dw05;dw06;dw07;dw08,,35,1,2026-08-30T10:01:15.193+0200,dw01,1729,168,1779,-139,1402,1096,3.15,42327
ground-height-2m-20260828-133428,d018m_r090_run01.csv,2,18,90,dw00;dw01;dw02;dw03;dw04;dw05;dw06;dw07;dw08,dw00;dw01;dw02;dw03;dw04;dw05;dw06;dw07;dw08,,55,1,2026-08-30T10:01:15.203+0200,dw02,8FB0,8,1776,-91,1776,0,3.27,52337
ground-height-2m-20260828-133428,d018m_r090_run01.csv,2,18,90,dw00;dw01;dw02;dw03;dw04;dw05;dw06;dw07;dw08,dw00;dw01;dw02;dw03;dw04;dw05;dw06;dw07;dw08,,105,1,2026-08-30T10:01:15.224+0200,dw05,4B92,143,1774,38,-590,1673,2.89,72235
ground-height-2m-20260828-133428,d018m_r090_run01.csv,2,18,90,dw00;dw01;dw02;dw03;dw04;dw05;dw06;dw07;dw08,dw00;dw01;dw02;dw03;dw04;dw05;dw06;dw07;dw08,,125,1,2026-08-30T10:01:15.233+0200,dw06,0789,157,1776,82,-111,1773,3.78,82244
ground-height-2m-20260828-133428,d018m_r090_run01.csv,2,18,90,dw00;dw01;dw02;dw03;dw04;dw05;dw06;dw07;dw08,dw00;dw01;dw02;dw03;dw04;dw05;dw06;dw07;dw08,,145,1,2026-08-30T10:01:15.343+0200,dw07,5783,249,1779,124,348,1744,2.14,2147483
ground-height-2m-20260828-133428,d018m_r090_run01.csv,2,18,90,dw00;dw01;dw02;dw03;dw04;dw05;dw06;dw07;dw08,dw00;dw01;dw02;dw03;dw04;dw05;dw06;dw07;dw08,,75,1,2026-08-30T10:01:15.363+0200,dw03,021B,174,1767,-51,-1572,805,4.14,12329
ground-height-2m-20260828-133428,d018m_r090_run01.csv,2,18,90,dw00;dw01;dw02;dw03;dw04;dw05;dw06;dw07;dw08,dw00;dw01;dw02;dw03;dw04;dw05;dw06;dw07;dw08,,165,1,2026-08-30T10:01:15.373+0200,dw08,028E,138,1776,158,713,1626,3.33,22216
ground-height-2m-20260828-133428,d018m_r090_run01.csv,2,18,90,dw00;dw01;dw02;dw03;dw04;dw05;dw06;dw07;dw08,dw00;dw01;dw02;dw03;dw04;dw05;dw06;dw07;dw08,,15,1,2026-08-30T10:01:15.383+0200,dw00,8103,225,1795,-162,1157,1372,3.51,32257
ground-height-2m-20260828-133428,d018m_r090_run01.csv,2,18,90,dw00;dw01;dw02;dw03;dw04;dw05;dw06;dw07;dw08,dw00;dw01;dw02;dw03;dw04;dw05;dw06;dw07;dw08,,35,1,2026-08-30T10:01:15.393+0200,dw01,1729,169,1779,-127,1532,904,3.01,42297
ground-height-2m-20260828-133428,d018m_r090_run01.csv,2,18,90,dw00;dw01;dw02;dw03;dw04;dw05;dw06;dw07;dw08,dw00;dw01;dw02;dw03;dw04;dw05;dw06;dw07;dw08,,55,1,2026-08-30T10:01:15.403+0200,dw02,8FB0,9,1777,-104,1776,75,3.27,52337
ground-height-2m-20260828-133428,d018m_r090_run01.csv,2,18,90,dw00;dw01;dw02;dw03;dw04;dw05;dw06;dw07;dw08,dw00;dw01;dw02;dw03;dw04;dw05;dw06;dw07;dw08,,105,1,2026-08-30T10:01:15.423+0200,dw05,4B92,144,1773,44,-528,1692,2.65,72265
ground-height-2m-20260828-133428,d018m_r090_run01.csv,2,18,90,dw00;dw01;dw02;dw03;dw04;dw05;dw06;dw07;dw08,dw00;dw01;dw02;dw03;dw04;dw05;dw06;dw07;dw08,,90,1,2026-08-30T10:01:15.429+0200,dw04,0F85,68,1769,0,-1019,1447,3.90,77850
ground-height-2m-20260828-133428,d018m_r090_run01.csv,2,18,90,dw00;dw01;dw02;dw03;dw04;dw05;dw06;dw07;dw08,dw00;dw01;dw02;dw03;dw04;dw05;dw06;dw07;dw08,,145,1,2026-08-30T10:01:15.543+0200,dw07,5783,250,1775,130,412,1726,2.14,2147483
ground-height-2m-20260828-133428,d018m_r090_run01.csv,2,18,90,dw00;dw01;dw02;dw03;dw04;dw05;dw06;dw07;dw08,dw00;dw01;dw02;dw03;dw04;dw05;dw06;dw07;dw08,,75,1,2026-08-30T10:01:15.563+0200,dw03,021B,175,1763,-58,-1642,641,3.96,12268
ground-height-2m-20260828-133428,d018m_r090_run01.csv,2,18,90,dw00;dw01;dw02;dw03;dw04;dw05;dw06;dw07;dw08,dw00;dw01;dw02;dw03;dw04;dw05;dw06;dw07;dw08,,165,1,2026-08-30T10:01:15.573+0200,dw08,028E,139,1776,165,798,1587,3.27,22277
ground-height-2m-20260828-133428,d018m_r090_run01.csv,2,18,90,dw00;dw01;dw02;dw03;dw04;dw05;dw06;dw07;dw08,dw00;dw01;dw02;dw03;dw04;dw05;dw06;dw07;dw08,,15,1,2026-08-30T10:01:15.583+0200,dw00,8103,226,1792,-155,1236,1297,3.45,32257
ground-height-2m-20260828-133428,d018m_r090_run01.csv,2,18,90,dw00;dw01;dw02;dw03;dw04;dw05;dw06;dw07;dw08,dw00;dw01;dw02;dw03;dw04;dw05;dw06;dw07;dw08,,35,1,2026-08-30T10:01:15.593+0200,dw01,1729,170,1775,-125,1545,873,3.01,42327
ground-height-2m-20260828-133428,d018m_r090_run01.csv,2,18,90,dw00;dw01;dw02;dw03;dw04;dw05;dw06;dw07;dw08,dw00;dw01;dw02;dw03;dw04;dw05;dw06;dw07;dw08,,55,1,2026-08-30T10:01:15.603+0200,dw02,8FB0,10,1777,-91,1777,0,3.33,52307
ground-height-2m-20260828-133428,d018m_r090_run01.csv,2,18,90,dw00;dw01;dw02;dw03;dw04;dw05;dw06;dw07;dw08,dw00;dw01;dw02;dw03;dw04;dw05;dw06;dw07;dw08,,90,1,2026-08-30T10:01:15.613+0200,dw04,0F85,69,1769,0,-1010,1453,3.69,62286
ground-height-2m-20260828-133428,d018m_r090_run01.csv,2,18,90,dw00;dw01;dw02;dw03;dw04;dw05;dw06;dw07;dw08,dw00;dw01;dw02;dw03;dw04;dw05;dw06;dw07;dw08,,105,1,2026-08-30T10:01:15.623+0200,dw05,4B92,145,1772,52,-435,1717,2.71,72204
ground-height-2m-20260828-133428,d018m_r090_run01.csv,2,18,90,dw00;dw01;dw02;dw03;dw04;dw05;dw06;dw07;dw08,dw00;dw01;dw02;dw03;dw04;dw05;dw06;dw07;dw08,,125,1,2026-08-30T10:01:15.648+0200,dw06,0789,159,1773,89,-35,1773,3.90,2147483
ground-height-2m-20260828-133428,d018m_r090_run01.csv,2,18,90,dw00;dw01;dw02;dw03;dw04;dw05;dw06;dw07;dw08,dw00;dw01;dw02;dw03;dw04;dw05;dw06;dw07;dw08,,145,1,2026-08-30T10:01:15.743+0200,dw07,5783,251,1779,128,394,1735,2.20,2147483
ground-height-2m-20260828-133428,d018m_r090_run01.csv,2,18,90,dw00;dw01;dw02;dw03;dw04;dw05;dw06;dw07;dw08,dw00;dw01;dw02;dw03;dw04;dw05;dw06;dw07;dw08,,75,1,2026-08-30T10:01:15.762+0200,dw03,021B,176,1763,-46,-1509,911,4.14,12268
ground-height-2m-20260828-133428,d018m_r090_run01.csv,2,18,90,dw00;dw01;dw02;dw03;dw04;dw05;dw06;dw07;dw08,dw00;dw01;dw02;dw03;dw04;dw05;dw06;dw07;dw08,,165,1,2026-08-30T10:01:15.773+0200,dw08,028E,140,1775,147,595,1672,3.33,22247
ground-height-2m-20260828-133428,d018m_r090_run01.csv,2,18,90,dw00;dw01;dw02;dw03;dw04;dw05;dw06;dw07;dw08,dw00;dw01;dw02;dw03;dw04;dw05;dw06;dw07;dw08,,15,1,2026-08-30T10:01:15.783+0200,dw00,8103,227,1790,-163,1142,1378,3.51,32257
ground-height-2m-20260828-133428,d018m_r090_run01.csv,2,18,90,dw00;dw01;dw02;dw03;dw04;dw05;dw06;dw07;dw08,dw00;dw01;dw02;dw03;dw04;dw05;dw06;dw07;dw08,,35,1,2026-08-30T10:01:15.793+0200,dw01,1729,171,1774,-130,1487,967,3.15,42358
ground-height-2m-20260828-133428,d018m_r090_run01.csv,2,18,90,dw00;dw01;dw02;dw03;dw04;dw05;dw06;dw07;dw08,dw00;dw01;dw02;dw03;dw04;dw05;dw06;dw07;dw08,,55,1,2026-08-30T10:01:15.803+0200,dw02,8FB0,11,1778,-101,1778,0,3.33,52307
ground-height-2m-20260828-133428,d018m_r090_run01.csv,2,18,90,dw00;dw01;dw02;dw03;dw04;dw05;dw06;dw07;dw08,dw00;dw01;dw02;dw03;dw04;dw05;dw06;dw07;dw08,,90,1,2026-08-30T10:01:15.813+0200,dw04,0F85,70,1772,0,-1013,1454,3.69,62286
ground-height-2m-20260828-133428,d018m_r090_run01.csv,2,18,90,dw00;dw01;dw02;dw03;dw04;dw05;dw06;dw07;dw08,dw00;dw01;dw02;dw03;dw04;dw05;dw06;dw07;dw08,,105,1,2026-08-30T10:01:15.823+0200,dw05,4B92,146,1776,44,-533,1694,2.71,72265
ground-height-2m-20260828-133428,d018m_r090_run01.csv,2,18,90,dw00;dw01;dw02;dw03;dw04;dw05;dw06;dw07;dw08,dw00;dw01;dw02;dw03;dw04;dw05;dw06;dw07;dw08,,125,1,2026-08-30T10:01:15.833+0200,dw06,0789,160,1775,90,-24,1774,3.72,82336
ground-height-2m-20260828-133428,d018m_r090_run01.csv,2,18,90,dw00;dw01;dw02;dw03;dw04;dw05;dw06;dw07;dw08,dw00;dw01;dw02;dw03;dw04;dw05;dw06;dw07;dw08,,145,1,2026-08-30T10:01:15.943+0200,dw07,5783,252,1774,130,405,1727,2.20,2147483
ground-height-2m-20260828-133428,d018m_r090_run01.csv,2,18,90,dw00;dw01;dw02;dw03;dw04;dw05;dw06;dw07;dw08,dw00;dw01;dw02;dw03;dw04;dw05;dw06;dw07;dw08,,75,1,2026-08-30T10:01:15.963+0200,dw03,021B,177,1766,-43,-1482,960,4.02,12329
ground-height-2m-20260828-133428,d018m_r090_run01.csv,2,18,90,dw00;dw01;dw02;dw03;dw04;dw05;dw06;dw07;dw08,dw00;dw01;dw02;dw03;dw04;dw05;dw06;dw07;dw08,,165,1,2026-08-30T10:01:15.972+0200,dw08,028E,141,1777,-26,-1307,1204,3.27,22247
ground-height-2m-20260828-133428,d018m_r090_run01.csv,2,18,90,dw00;dw01;dw02;dw03;dw04;dw05;dw06;dw07;dw08,dw00;dw01;dw02;dw03;dw04;dw05;dw06;dw07;dw08,,15,1,2026-08-30T10:01:15.983+0200,dw00,8103,228,1795,-171,1054,1453,3.57,32257
ground-height-2m-20260828-133428,d018m_r090_run01.csv,2,18,90,dw00;dw01;dw02;dw03;dw04;dw05;dw06;dw07;dw08,dw00;dw01;dw02;dw03;dw04;dw05;dw06;dw07;dw08,,35,1,2026-08-30T10:01:15.993+0200,dw01,1729,172,1779,-136,1433,1053,3.01,42297
ground-height-2m-20260828-133428,d018m_r090_run01.csv,2,18,90,dw00;dw01;dw02;dw03;dw04;dw05;dw06;dw07;dw08,dw00;dw01;dw02;dw03;dw04;dw05;dw06;dw07;dw08,,55,1,2026-08-30T10:01:16.003+0200,dw02,8FB0,12,1782,-89,1782,0,3.33,52337
ground-height-2m-20260828-133428,d018m_r090_run01.csv,2,18,90,dw00;dw01;dw02;dw03;dw04;dw05;dw06;dw07;dw08,dw00;dw01;dw02;dw03;dw04;dw05;dw06;dw07;dw08,,90,1,2026-08-30T10:01:16.012+0200,dw04,0F85,71,1769,-15,-1179,1318,3.78,62255
ground-height-2m-20260828-133428,d018m_r090_run01.csv,2,18,90,dw00;dw01;dw02;dw03;dw04;dw05;dw06;dw07;dw08,dw00;dw01;dw02;dw03;dw04;dw05;dw06;dw07;dw08,,105,1,2026-08-30T10:01:16.023+0200,dw05,4B92,147,1774,31,-675,1640,2.71,72235
ground-height-2m-20260828-133428,d018m_r090_run01.csv,2,18,90,dw00;dw01;dw02;dw03;dw04;dw05;dw06;dw07;dw08,dw00;dw01;dw02;dw03;dw04;dw05;dw06;dw07;dw08,,125,1,2026-08-30T10:01:16.033+0200,dw06,0789,161,1776,81,-120,1772,3.78,82275
ground-height-2m-20260828-133428,d018m_r090_run01.csv,2,18,90,dw00;dw01;dw02;dw03;dw04;dw05;dw06;dw07;dw08,dw00;dw01;dw02;dw03;dw04;dw05;dw06;dw07;dw08,,145,1,2026-08-30T10:01:16.142+0200,dw07,5783,253,1774,133,445,1717,2.20,2147483
ground-height-2m-20260828-133428,d018m_r090_run01.csv,2,18,90,dw00;dw01;dw02;dw03;dw04;dw05;dw06;dw07;dw08,dw00;dw01;dw02;dw03;dw04;dw05;dw06;dw07;dw08,,75,1,2026-08-30T10:01:16.163+0200,dw03,021B,178,1762,-48,-1534,868,4.02,12268
ground-height-2m-20260828-133428,d018m_r090_run01.csv,2,18,90,dw00;dw01;dw02;dw03;dw04;dw05;dw06;dw07;dw08,dw00;dw01;dw02;dw03;dw04;dw05;dw06;dw07;dw08,,165,1,2026-08-30T10:01:16.173+0200,dw08,028E,142,1778,-3,-1053,1432,3.45,22308
ground-height-2m-20260828-133428,d018m_r090_run01.csv,2,18,90,dw00;dw01;dw02;dw03;dw04;dw05;dw06;dw07;dw08,dw00;dw01;dw02;dw03;dw04;dw05;dw06;dw07;dw08,,15,1,2026-08-30T10:01:16.182+0200,dw00,8103,229,1792,-162,1149,1374,3.57,32257
ground-height-2m-20260828-133428,d018m_r090_run01.csv,2,18,90,dw00;dw01;dw02;dw03;dw04;dw05;dw06;dw07;dw08,dw00;dw01;dw02;dw03;dw04;dw05;dw06;dw07;dw08,,35,1,2026-08-30T10:01:16.193+0200,dw01,1729,173,1773,-125,1549,863,3.06,42297
ground-height-2m-20260828-133428,d018m_r090_run01.csv,2,18,90,dw00;dw01;dw02;dw03;dw04;dw05;dw06;dw07;dw08,dw00;dw01;dw02;dw03;dw04;dw05;dw06;dw07;dw08,,55,1,2026-08-30T10:01:16.203+0200,dw02,8FB0,13,1779,-94,1779,0,3.27,52307
ground-height-2m-20260828-133428,d018m_r090_run01.csv,2,18,90,dw00;dw01;dw02;dw03;dw04;dw05;dw06;dw07;dw08,dw00;dw01;dw02;dw03;dw04;dw05;dw06;dw07;dw08,,90,1,2026-08-30T10:01:16.213+0200,dw04,0F85,72,1769,0,-1008,1453,3.69,62255
ground-height-2m-20260828-133428,d018m_r090_run01.csv,2,18,90,dw00;dw01;dw02;dw03;dw04;dw05;dw06;dw07;dw08,dw00;dw01;dw02;dw03;dw04;dw05;dw06;dw07;dw08,,105,1,2026-08-30T10:01:16.222+0200,dw05,4B92,148,1772,38,-589,1671,2.83,72235
ground-height-2m-20260828-133428,d018m_r090_run01.csv,2,18,90,dw00;dw01;dw02;dw03;dw04;dw05;dw06;dw07;dw08,dw00;dw01;dw02;dw03;dw04;dw05;dw06;dw07;dw08,,125,1,2026-08-30T10:01:16.233+0200,dw06,0789,162,1772,90,-29,1772,3.78,82275
ground-height-2m-20260828-133428,d018m_r090_run01.csv,2,18,90,dw00;dw01;dw02;dw03;dw04;dw05;dw06;dw07;dw08,dw00;dw01;dw02;dw03;dw04;dw05;dw06;dw07;dw08,,145,1,2026-08-30T10:01:16.343+0200,dw07,5783,254,1776,126,365,1738,2.08,2147483
ground-height-2m-20260828-133428,d018m_r090_run01.csv,2,18,90,dw00;dw01;dw02;dw03;dw04;dw05;dw06;dw07;dw08,dw00;dw01;dw02;dw03;dw04;dw05;dw06;dw07;dw08,,75,1,2026-08-30T10:01:16.363+0200,dw03,021B,179,1762,-45,-1503,920,3.96,12298
ground-height-2m-20260828-133428,d018m_r090_run01.csv,2,18,90,dw00;dw01;dw02;dw03;dw04;dw05;dw06;dw07;dw08,dw00;dw01;dw02;dw03;dw04;dw05;dw06;dw07;dw08,,165,1,2026-08-30T10:01:16.373+0200,dw08,028E,143,1776,158,712,1627,3.27,22247
ground-height-2m-20260828-133428,d018m_r090_run01.csv,2,18,90,dw00;dw01;dw02;dw03;dw04;dw05;dw06;dw07;dw08,dw00;dw01;dw02;dw03;dw04;dw05;dw06;dw07;dw08,,15,1,2026-08-30T10:01:16.383+0200,dw00,8103,230,1789,-172,1042,1454,3.69,32226
ground-height-2m-20260828-133428,d018m_r090_run01.csv,2,18,90,dw00;dw01;dw02;dw03;dw04;dw05;dw06;dw07;dw08,dw00;dw01;dw02;dw03;dw04;dw05;dw06;dw07;dw08,,35,1,2026-08-30T10:01:16.392+0200,dw01,1729,174,1776,-138,1403,1089,3.15,42327
ground-height-2m-20260828-133428,d018m_r090_run01.csv,2,18,90,dw00;dw01;dw02;dw03;dw04;dw05;dw06;dw07;dw08,dw00;dw01;dw02;dw03;dw04;dw05;dw06;dw07;dw08,,55,1,2026-08-30T10:01:16.403+0200,dw02,8FB0,14,1781,-96,1781,0,3.33,52337
ground-height-2m-20260828-133428,d018m_r090_run01.csv,2,18,90,dw00;dw01;dw02;dw03;dw04;dw05;dw06;dw07;dw08,dw00;dw01;dw02;dw03;dw04;dw05;dw06;dw07;dw08,,90,1,2026-08-30T10:01:16.413+0200,dw04,0F85,73,1771,6,-947,1496,3.72,62255
ground-height-2m-20260828-133428,d018m_r090_run01.csv,2,18,90,dw00;dw01;dw02;dw03;dw04;dw05;dw06;dw07;dw08,dw00;dw01;dw02;dw03;dw04;dw05;dw06;dw07;dw08,,105,1,2026-08-30T10:01:16.423+0200,dw05,4B92,149,1773,33,-651,1649,2.77,72235
ground-height-2m-20260828-133428,d018m_r090_run01.csv,2,18,90,dw00;dw01;dw02;dw03;dw04;dw05;dw06;dw07;dw08,dw00;dw01;dw02;dw03;dw04;dw05;dw06;dw07;dw08,,125,1,2026-08-30T10:01:16.432+0200,dw06,0789,163,1778,94,15,1778,3.90,82275
ground-height-2m-20260828-133428,d018m_r090_run01.csv,2,18,90,dw00;dw01;dw02;dw03;dw04;dw05;dw06;dw07;dw08,dw00;dw01;dw02;dw03;dw04;dw05;dw06;dw07;dw08,,145,1,2026-08-30T10:01:16.543+0200,dw07,5783,255,1773,120,299,1748,2.08,2147483
ground-height-2m-20260828-133428,d018m_r090_run01.csv,2,18,90,dw00;dw01;dw02;dw03;dw04;dw05;dw06;dw07;dw08,dw00;dw01;dw02;dw03;dw04;dw05;dw06;dw07;dw08,,75,1,2026-08-30T10:01:16.562+0200,dw03,021B,180,1767,-37,-1423,1047,4.08,12268
ground-height-2m-20260828-133428,d018m_r090_run01.csv,2,18,90,dw00;dw01;dw02;dw03;dw04;dw05;dw06;dw07;dw08,dw00;dw01;dw02;dw03;dw04;dw05;dw06;dw07;dw08,,165,1,2026-08-30T10:01:16.573+0200,dw08,028E,144,1776,157,709,1628,3.27,22277
ground-height-2m-20260828-133428,d018m_r090_run01.csv,2,18,90,dw00;dw01;dw02;dw03;dw04;dw05;dw06;dw07;dw08,dw00;dw01;dw02;dw03;dw04;dw05;dw06;dw07;dw08,,15,1,2026-08-30T10:01:16.583+0200,dw00,8103,231,1797,-167,1100,1421,3.63,32226
ground-height-2m-20260828-133428,d018m_r090_run01.csv,2,18,90,dw00;dw01;dw02;dw03;dw04;dw05;dw06;dw07;dw08,dw00;dw01;dw02;dw03;dw04;dw05;dw06;dw07;dw08,,35,1,2026-08-30T10:01:16.592+0200,dw01,1729,175,1778,-127,1525,913,3.09,42327
ground-height-2m-20260828-133428,d018m_r090_run01.csv,2,18,90,dw00;dw01;dw02;dw03;dw04;dw05;dw06;dw07;dw08,dw00;dw01;dw02;dw03;dw04;dw05;dw06;dw07;dw08,,55,1,2026-08-30T10:01:16.602+0200,dw02,8FB0,15,1778,-91,1778,0,3.33,52276
ground-height-2m-20260828-133428,d018m_r090_run01.csv,2,18,90,dw00;dw01;dw02;dw03;dw04;dw05;dw06;dw07;dw08,dw00;dw01;dw02;dw03;dw04;dw05;dw06;dw07;dw08,,90,1,2026-08-30T10:01:16.613+0200,dw04,0F85,74,1775,-9,-1115,1380,3.78,62255
ground-height-2m-20260828-133428,d018m_r090_run01.csv,2,18,90,dw00;dw01;dw02;dw03;dw04;dw05;dw06;dw07;dw08,dw00;dw01;dw02;dw03;dw04;dw05;dw06;dw07;dw08,,105,1,2026-08-30T10:01:16.623+0200,dw05,4B92,150,1772,33,-651,1648,2.83,72296
ground-height-2m-20260828-133428,d018m_r090_run01.csv,2,18,90,dw00;dw01;dw02;dw03;dw04;dw05;dw06;dw07;dw08,dw00;dw01;dw02;dw03;dw04;dw05;dw06;dw07;dw08,,125,1,2026-08-30T10:01:16.633+0200,dw06,0789,164,1774,92,-4,1774,3.78,82275
ground-height-2m-20260828-133428,d018m_r090_run01.csv,2,18,90,dw00;dw01;dw02;dw03;dw04;dw05;dw06;dw07;dw08,dw00;dw01;dw02;dw03;dw04;dw05;dw06;dw07;dw08,,145,1,2026-08-30T10:01:16.743+0200,dw07,5783,0,1773,139,508,1699,2.08,2092285
ground-height-2m-20260828-133428,d018m_r090_run01.csv,2,18,90,dw00;dw01;dw02;dw03;dw04;dw05;dw06;dw07;dw08,dw00;dw01;dw02;dw03;dw04;dw05;dw06;dw07;dw08,,75,1,2026-08-30T10:01:16.762+0200,dw03,021B,181,1767,-49,-1553,841,4.02,12298
ground-height-2m-20260828-133428,d018m_r090_run01.csv,2,18,90,dw00;dw01;dw02;dw03;dw04;dw05;dw06;dw07;dw08,dw00;dw01;dw02;dw03;dw04;dw05;dw06;dw07;dw08,,165,1,2026-08-30T10:01:16.772+0200,dw08,028E,145,1778,145,578,1682,3.33,22308
ground-height-2m-20260828-133428,d018m_r090_run01.csv,2,18,90,dw00;dw01;dw02;dw03;dw04;dw05;dw06;dw07;dw08,dw00;dw01;dw02;dw03;dw04;dw05;dw06;dw07;dw08,,15,1,2026-08-30T10:01:16.783+0200,dw00,8103,232,1790,-162,1151,1370,3.63,32287
ground-height-2m-20260828-133428,d018m_r090_run01.csv,2,18,90,dw00;dw01;dw02;dw03;dw04;dw05;dw06;dw07;dw08,dw00;dw01;dw02;dw03;dw04;dw05;dw06;dw07;dw08,,35,1,2026-08-30T10:01:16.793+0200,dw01,1729,176,1777,-129,1502,951,3.06,42327
ground-height-2m-20260828-133428,d018m_r090_run01.csv,2,18,90,dw00;dw01;dw02;dw03;dw04;dw05;dw06;dw07;dw08,dw00;dw01;dw02;dw03;dw04;dw05;dw06;dw07;dw08,,55,1,2026-08-30T10:01:16.802+0200,dw02,8FB0,16,1779,-87,1779,0,3.33,52398
ground-height-2m-20260828-133428,d018m_r090_run01.csv,2,18,90,dw00;dw01;dw02;dw03;dw04;dw05;dw06;dw07;dw08,dw00;dw01;dw02;dw03;dw04;dw05;dw06;dw07;dw08,,90,1,2026-08-30T10:01:16.812+0200,dw04,0F85,75,1769,6,-938,1500,3.69,62255
ground-height-2m-20260828-133428,d018m_r090_run01.csv,2,18,90,dw00;dw01;dw02;dw03;dw04;dw05;dw06;dw07;dw08,dw00;dw01;dw02;dw03;dw04;dw05;dw06;dw07;dw08,,105,1,2026-08-30T10:01:16.823+0200,dw05,4B92,151,1774,32,-662,1645,2.89,72204
ground-height-2m-20260828-133428,d018m_r090_run01.csv,2,18,90,dw00;dw01;dw02;dw03;dw04;dw05;dw06;dw07;dw08,dw00;dw01;dw02;dw03;dw04;dw05;dw06;dw07;dw08,,125,1,2026-08-30T10:01:16.833+0200,dw06,0789,165,1778,91,-13,1778,3.90,82275
ground-height-2m-20260828-133428,d018m_r090_run01.csv,2,18,90,dw00;dw01;dw02;dw03;dw04;dw05;dw06;dw07;dw08,dw00;dw01;dw02;dw03;dw04;dw05;dw06;dw07;dw08,,145,1,2026-08-30T10:01:16.942+0200,dw07,5783,1,1772,130,411,1723,2.02,92285
ground-height-2m-20260828-133428,d018m_r090_run01.csv,2,18,90,dw00;dw01;dw02;dw03;dw04;dw05;dw06;dw07;dw08,dw00;dw01;dw02;dw03;dw04;dw05;dw06;dw07;dw08,,75,1,2026-08-30T10:01:16.963+0200,dw03,021B,182,1766,-45,-1509,917,3.96,12268
ground-height-2m-20260828-133428,d018m_r090_run01.csv,2,18,90,dw00;dw01;dw02;dw03;dw04;dw05;dw06;dw07;dw08,dw00;dw01;dw02;dw03;dw04;dw05;dw06;dw07;dw08,,165,1,2026-08-30T10:01:16.972+0200,dw08,028E,146,1774,-20,-1237,1271,3.27,22277
ground-height-2m-20260828-133428,d018m_r090_run01.csv,2,18,90,dw00;dw01;dw02;dw03;dw04;dw05;dw06;dw07;dw08,dw00;dw01;dw02;dw03;dw04;dw05;dw06;dw07;dw08,,15,1,2026-08-30T10:01:16.982+0200,dw00,8103,233,1791,-148,1304,1228,3.57,32226
ground-height-2m-20260828-133428,d018m_r090_run01.csv,2,18,90,dw00;dw01;dw02;dw03;dw04;dw05;dw06;dw07;dw08,dw00;dw01;dw02;dw03;dw04;dw05;dw06;dw07;dw08,,35,1,2026-08-30T10:01:16.993+0200,dw01,1729,177,1777,-128,1519,922,3.09,42327
ground-height-2m-20260828-133428,d018m_r090_run01.csv,2,18,90,dw00;dw01;dw02;dw03;dw04;dw05;dw06;dw07;dw08,dw00;dw01;dw02;dw03;dw04;dw05;dw06;dw07;dw08,,55,1,2026-08-30T10:01:17.003+0200,dw02,8FB0,17,1778,-96,1778,0,3.33,52307
ground-height-2m-20260828-133428,d018m_r090_run01.csv,2,18,90,dw00;dw01;dw02;dw03;dw04;dw05;dw06;dw07;dw08,dw00;dw01;dw02;dw03;dw04;dw05;dw06;dw07;dw08,,90,1,2026-08-30T10:01:17.012+0200,dw04,0F85,76,1770,-7,-1099,1388,3.78,62255
ground-height-2m-20260828-133428,d018m_r090_run01.csv,2,18,90,dw00;dw01;dw02;dw03;dw04;dw05;dw06;dw07;dw08,dw00;dw01;dw02;dw03;dw04;dw05;dw06;dw07;dw08,,105,1,2026-08-30T10:01:17.022+0200,dw05,4B92,152,1771,45,-514,1695,2.77,72235
ground-height-2m-20260828-133428,d018m_r090_run01.csv,2,18,90,dw00;dw01;dw02;dw03;dw04;dw05;dw06;dw07;dw08,dw00;dw01;dw02;dw03;dw04;dw05;dw06;dw07;dw08,,125,1,2026-08-30T10:01:17.033+0200,dw06,0789,166,1774,89,-35,1773,3.69,82275
ground-height-2m-20260828-133428,d018m_r090_run01.csv,2,18,90,dw00;dw01;dw02;dw03;dw04;dw05;dw06;dw07;dw08,dw00;dw01;dw02;dw03;dw04;dw05;dw06;dw07;dw08,,145,1,2026-08-30T10:01:17.142+0200,dw07,5783,2,1780,133,443,1724,2.20,92285
ground-height-2m-20260828-133428,d018m_r090_run01.csv,2,18,90,dw00;dw01;dw02;dw03;dw04;dw05;dw06;dw07;dw08,dw00;dw01;dw02;dw03;dw04;dw05;dw06;dw07;dw08,,75,1,2026-08-30T10:01:17.163+0200,dw03,021B,183,1767,-58,-1643,650,4.02,12298
ground-height-2m-20260828-133428,d018m_r090_run01.csv,2,18,90,dw00;dw01;dw02;dw03;dw04;dw05;dw06;dw07;dw08,dw00;dw01;dw02;dw03;dw04;dw05;dw06;dw07;dw08,,165,1,2026-08-30T10:01:17.173+0200,dw08,028E,147,1773,166,799,1583,3.27,22277
ground-height-2m-20260828-133428,d018m_r090_run01.csv,2,18,90,dw00;dw01;dw02;dw03;dw04;dw05;dw06;dw07;dw08,dw00;dw01;dw02;dw03;dw04;dw05;dw06;dw07;dw08,,15,1,2026-08-30T10:01:17.182+0200,dw00,8103,234,1792,-161,1163,1364,3.57,32226
ground-height-2m-20260828-133428,d018m_r090_run01.csv,2,18,90,dw00;dw01;dw02;dw03;dw04;dw05;dw06;dw07;dw08,dw00;dw01;dw02;dw03;dw04;dw05;dw06;dw07;dw08,,35,1,2026-08-30T10:01:17.192+0200,dw01,1729,178,1780,-133,1464,1013,3.06,42327
ground-height-2m-20260828-133428,d018m_r090_run01.csv,2,18,90,dw00;dw01;dw02;dw03;dw04;dw05;dw06;dw07;dw08,dw00;dw01;dw02;dw03;dw04;dw05;dw06;dw07;dw08,,55,1,2026-08-30T10:01:17.203+0200,dw02,8FB0,18,1780,-90,1780,0,3.33,52337
ground-height-2m-20260828-133428,d018m_r090_run01.csv,2,18,90,dw00;dw01;dw02;dw03;dw04;dw05;dw06;dw07;dw08,dw00;dw01;dw02;dw03;dw04;dw05;dw06;dw07;dw08,,90,1,2026-08-30T10:01:17.212+0200,dw04,0F85,77,1771,3,-970,1482,3.72,62255
ground-height-2m-20260828-133428,d018m_r090_run01.csv,2,18,90,dw00;dw01;dw02;dw03;dw04;dw05;dw06;dw07;dw08,dw00;dw01;dw02;dw03;dw04;dw05;dw06;dw07;dw08,,105,1,2026-08-30T10:01:17.222+0200,dw05,4B92,153,1772,43,-541,1687,2.71,72265
ground-height-2m-20260828-133428,d018m_r090_run01.csv,2,18,90,dw00;dw01;dw02;dw03;dw04;dw05;dw06;dw07;dw08,dw00;dw01;dw02;dw03;dw04;dw05;dw06;dw07;dw08,,125,1,2026-08-30T10:01:17.232+0200,dw06,0789,167,1780,80,-135,1775,3.78,82275
ground-height-2m-20260828-133428,d018m_r090_run01.csv,2,18,90,dw00;dw01;dw02;dw03;dw04;dw05;dw06;dw07;dw08,dw00;dw01;dw02;dw03;dw04;dw05;dw06;dw07;dw08,,145,1,2026-08-30T10:01:17.342+0200,dw07,5783,3,1772,137,485,1705,2.20,2147483
ground-height-2m-20260828-133428,d018m_r090_run01.csv,2,18,90,dw00;dw01;dw02;dw03;dw04;dw05;dw06;dw07;dw08,dw00;dw01;dw02;dw03;dw04;dw05;dw06;dw07;dw08,,75,1,2026-08-30T10:01:17.362+0200,dw03,021B,184,1767,-43,-1483,960,4.14,12298
ground-height-2m-20260828-133428,d018m_r090_run01.csv,2,18,90,dw00;dw01;dw02;dw03;dw04;dw05;dw06;dw07;dw08,dw00;dw01;dw02;dw03;dw04;dw05;dw06;dw07;dw08,,165,1,2026-08-30T10:01:17.373+0200,dw08,028E,148,1775,-18,-1214,1294,3.33,22277
ground-height-2m-20260828-133428,d018m_r090_run01.csv,2,18,90,dw00;dw01;dw02;dw03;dw04;dw05;dw06;dw07;dw08,dw00;dw01;dw02;dw03;dw04;dw05;dw06;dw07;dw08,,15,1,2026-08-30T10:01:17.382+0200,dw00,8103,235,1794,-166,1113,1407,3.57,32257
ground-height-2m-20260828-133428,d018m_r090_run01.csv,2,18,90,dw00;dw01;dw02;dw03;dw04;dw05;dw06;dw07;dw08,dw00;dw01;dw02;dw03;dw04;dw05;dw06;dw07;dw08,,35,1,2026-08-30T10:01:17.392+0200,dw01,1729,179,1779,-142,1359,1148,3.06,42297
ground-height-2m-20260828-133428,d018m_r090_run01.csv,2,18,90,dw00;dw01;dw02;dw03;dw04;dw05;dw06;dw07;dw08,dw00;dw01;dw02;dw03;dw04;dw05;dw06;dw07;dw08,,55,1,2026-08-30T10:01:17.402+0200,dw02,8FB0,19,1778,-100,1778,0,3.33,52337
ground-height-2m-20260828-133428,d018m_r090_run01.csv,2,18,90,dw00;dw01;dw02;dw03;dw04;dw05;dw06;dw07;dw08,dw00;dw01;dw02;dw03;dw04;dw05;dw06;dw07;dw08,,90,1,2026-08-30T10:01:17.413+0200,dw04,0F85,78,1769,6,-940,1498,3.78,62286
ground-height-2m-20260828-133428,d018m_r090_run01.csv,2,18,90,dw00;dw01;dw02;dw03;dw04;dw05;dw06;dw07;dw08,dw00;dw01;dw02;dw03;dw04;dw05;dw06;dw07;dw08,,105,1,2026-08-30T10:01:17.422+0200,dw05,4B92,154,1772,49,-472,1708,2.59,72235
ground-height-2m-20260828-133428,d018m_r090_run01.csv,2,18,90,dw00;dw01;dw02;dw03;dw04;dw05;dw06;dw07;dw08,dw00;dw01;dw02;dw03;dw04;dw05;dw06;dw07;dw08,,125,1,2026-08-30T10:01:17.432+0200,dw06,0789,168,1774,85,-84,1772,3.69,82305
ground-height-2m-20260828-133428,d018m_r090_run01.csv,2,18,90,dw00;dw01;dw02;dw03;dw04;dw05;dw06;dw07;dw08,dw00;dw01;dw02;dw03;dw04;dw05;dw06;dw07;dw08,,145,1,2026-08-30T10:01:17.543+0200,dw07,5783,4,1776,132,429,1723,2.20,2147483
ground-height-2m-20260828-133428,d018m_r090_run01.csv,2,18,90,dw00;dw01;dw02;dw03;dw04;dw05;dw06;dw07;dw08,dw00;dw01;dw02;dw03;dw04;dw05;dw06;dw07;dw08,,75,1,2026-08-30T10:01:17.562+0200,dw03,021B,185,1765,-41,-1464,986,4.02,12298
ground-height-2m-20260828-133428,d018m_r090_run01.csv,2,18,90,dw00;dw01;dw02;dw03;dw04;dw05;dw06;dw07;dw08,dw00;dw01;dw02;dw03;dw04;dw05;dw06;dw07;dw08,,165,1,2026-08-30T10:01:17.572+0200,dw08,028E,149,1772,-15,-1185,1317,3.33,22277
ground-height-2m-20260828-133428,d018m_r090_run01.csv,2,18,90,dw00;dw01;dw02;dw03;dw04;dw05;dw06;dw07;dw08,dw00;dw01;dw02;dw03;dw04;dw05;dw06;dw07;dw08,,15,1,2026-08-30T10:01:17.583+0200,dw00,8103,236,1795,-158,1203,1332,3.69,32287
ground-height-2m-20260828-133428,d018m_r090_run01.csv,2,18,90,dw00;dw01;dw02;dw03;dw04;dw05;dw06;dw07;dw08,dw00;dw01;dw02;dw03;dw04;dw05;dw06;dw07;dw08,,35,1,2026-08-30T10:01:17.592+0200,dw01,1729,180,1777,-142,1361,1143,3.06,42327
ground-height-2m-20260828-133428,d018m_r090_run01.csv,2,18,90,dw00;dw01;dw02;dw03;dw04;dw05;dw06;dw07;dw08,dw00;dw01;dw02;dw03;dw04;dw05;dw06;dw07;dw08,,55,1,2026-08-30T10:01:17.602+0200,dw02,8FB0,20,1777,-82,-1777,0,3.27,52337
ground-height-2m-20260828-133428,d018m_r090_run01.csv,2,18,90,dw00;dw01;dw02;dw03;dw04;dw05;dw06;dw07;dw08,dw00;dw01;dw02;dw03;dw04;dw05;dw06;dw07;dw08,,90,1,2026-08-30T10:01:17.612+0200,dw04,0F85,79,1765,-7,-1092,1386,3.78,62255
ground-height-2m-20260828-133428,d018m_r090_run01.csv,2,18,90,dw00;dw01;dw02;dw03;dw04;dw05;dw06;dw07;dw08,dw00;dw01;dw02;dw03;dw04;dw05;dw06;dw07;dw08,,105,1,2026-08-30T10:01:17.623+0200,dw05,4B92,155,1773,40,-572,1678,2.71,72204
ground-height-2m-20260828-133428,d018m_r090_run01.csv,2,18,90,dw00;dw01;dw02;dw03;dw04;dw05;dw06;dw07;dw08,dw00;dw01;dw02;dw03;dw04;dw05;dw06;dw07;dw08,,125,1,2026-08-30T10:01:17.632+0200,dw06,0789,169,1776,87,-55,1775,3.90,82244
ground-height-2m-20260828-133428,d018m_r090_run01.csv,2,18,90,dw00;dw01;dw02;dw03;dw04;dw05;dw06;dw07;dw08,dw00;dw01;dw02;dw03;dw04;dw05;dw06;dw07;dw08,,145,1,2026-08-30T10:01:17.742+0200,dw07,5783,5,1778,117,273,1757,2.26,2147483
ground-height-2m-20260828-133428,d018m_r090_run01.csv,2,18,90,dw00;dw01;dw02;dw03;dw04;dw05;dw06;dw07;dw08,dw00;dw01;dw02;dw03;dw04;dw05;dw06;dw07;dw08,,75,1,2026-08-30T10:01:17.762+0200,dw03,021B,186,1769,-49,-1548,856,4.14,12298
ground-height-2m-20260828-133428,d018m_r090_run01.csv,2,18,90,dw00;dw01;dw02;dw03;dw04;dw05;dw06;dw07;dw08,dw00;dw01;dw02;dw03;dw04;dw05;dw06;dw07;dw08,,165,1,2026-08-30T10:01:17.772+0200,dw08,028E,150,1775,-23,-1271,1239,3.21,22277
ground-height-2m-20260828-133428,d018m_r090_run01.csv,2,18,90,dw00;dw01;dw02;dw03;dw04;dw05;dw06;dw07;dw08,dw00;dw01;dw02;dw03;dw04;dw05;dw06;dw07;dw08,,15,1,2026-08-30T10:01:17.782+0200,dw00,8103,237,1792,-165,1119,1399,3.69,32226
ground-height-2m-20260828-133428,d018m_r090_run01.csv,2,18,90,dw00;dw01;dw02;dw03;dw04;dw05;dw06;dw07;dw08,dw00;dw01;dw02;dw03;dw04;dw05;dw06;dw07;dw08,,35,1,2026-08-30T10:01:17.793+0200,dw01,1729,181,1776,-128,1510,935,3.06,42297
ground-height-2m-20260828-133428,d018m_r090_run01.csv,2,18,90,dw00;dw01;dw02;dw03;dw04;dw05;dw06;dw07;dw08,dw00;dw01;dw02;dw03;dw04;dw05;dw06;dw07;dw08,,55,1,2026-08-30T10:01:17.802+0200,dw02,8FB0,21,1780,-99,1780,0,3.27,52337
ground-height-2m-20260828-133428,d018m_r090_run01.csv,2,18,90,dw00;dw01;dw02;dw03;dw04;dw05;dw06;dw07;dw08,dw00;dw01;dw02;dw03;dw04;dw05;dw06;dw07;dw08,,90,1,2026-08-30T10:01:17.812+0200,dw04,0F85,80,1768,2,-981,1470,3.84,62255
ground-height-2m-20260828-133428,d018m_r090_run01.csv,2,18,90,dw00;dw01;dw02;dw03;dw04;dw05;dw06;dw07;dw08,dw00;dw01;dw02;dw03;dw04;dw05;dw06;dw07;dw08,,105,1,2026-08-30T10:01:17.822+0200,dw05,4B92,156,1776,55,-405,1729,2.83,72235
ground-height-2m-20260828-133428,d018m_r090_run01.csv,2,18,90,dw00;dw01;dw02;dw03;dw04;dw05;dw06;dw07;dw08,dw00;dw01;dw02;dw03;dw04;dw05;dw06;dw07;dw08,,125,1,2026-08-30T10:01:17.833+0200,dw06,0789,170,1777,86,-69,1776,3.69,82275
ground-height-2m-20260828-133428,d018m_r090_run01.csv,2,18,90,dw00;dw01;dw02;dw03;dw04;dw05;dw06;dw07;dw08,dw00;dw01;dw02;dw03;dw04;dw05;dw06;dw07;dw08,,145,1,2026-08-30T10:01:17.942+0200,dw07,5783,6,1777,118,285,1754,2.20,2147483
ground-height-2m-20260828-133428,d018m_r090_run01.csv,2,18,90,dw00;dw01;dw02;dw03;dw04;dw05;dw06;dw07;dw08,dw00;dw01;dw02;dw03;dw04;dw05;dw06;dw07;dw08,,75,1,2026-08-30T10:01:17.962+0200,dw03,021B,187,1767,-51,-1569,812,4.08,12237
ground-height-2m-20260828-133428,d018m_r090_run01.csv,2,18,90,dw00;dw01;dw02;dw03;dw04;dw05;dw06;dw07;dw08,dw00;dw01;dw02;dw03;dw04;dw05;dw06;dw07;dw08,,165,1,2026-08-30T10:01:17.972+0200,dw08,028E,151,1776,151,637,1657,3.33,22277
ground-height-2m-20260828-133428,d018m_r090_run01.csv,2,18,90,dw00;dw01;dw02;dw03;dw04;dw05;dw06;dw07;dw08,dw00;dw01;dw02;dw03;dw04;dw05;dw06;dw07;dw08,,15,1,2026-08-30T10:01:17.982+0200,dw00,8103,238,1792,-170,1065,1442,3.57,32287
ground-height-2m-20260828-133428,d018m_r090_run01.csv,2,18,90,dw00;dw01;dw02;dw03;dw04;dw05;dw06;dw07;dw08,dw00;dw01;dw02;dw03;dw04;dw05;dw06;dw07;dw08,,35,1,2026-08-30T10:01:17.992+0200,dw01,1729,182,1777,-138,1405,1087,3.06,42327
ground-height-2m-20260828-133428,d018m_r090_run01.csv,2,18,90,dw00;dw01;dw02;dw03;dw04;dw05;dw06;dw07;dw08,dw00;dw01;dw02;dw03;dw04;dw05;dw06;dw07;dw08,,55,1,2026-08-30T10:01:18.002+0200,dw02,8FB0,22,1779,-96,1779,0,3.21,52276
ground-height-2m-20260828-133428,d018m_r090_run01.csv,2,18,90,dw00;dw01;dw02;dw03;dw04;dw05;dw06;dw07;dw08,dw00;dw01;dw02;dw03;dw04;dw05;dw06;dw07;dw08,,90,1,2026-08-30T10:01:18.012+0200,dw04,0F85,81,1771,-1,-1028,1442,3.78,62255
ground-height-2m-20260828-133428,d018m_r090_run01.csv,2,18,90,dw00;dw01;dw02;dw03;dw04;dw05;dw06;dw07;dw08,dw00;dw01;dw02;dw03;dw04;dw05;dw06;dw07;dw08,,105,1,2026-08-30T10:01:18.022+0200,dw05,4B92,157,1774,54,-417,1724,2.65,72265
ground-height-2m-20260828-133428,d018m_r090_run01.csv,2,18,90,dw00;dw01;dw02;dw03;dw04;dw05;dw06;dw07;dw08,dw00;dw01;dw02;dw03;dw04;dw05;dw06;dw07;dw08,,125,1,2026-08-30T10:01:18.032+0200,dw06,0789,171,1774,89,-41,1773,3.72,82305
ground-height-2m-20260828-133428,d018m_r090_run01.csv,2,18,90,dw00;dw01;dw02;dw03;dw04;dw05;dw06;dw07;dw08,dw00;dw01;dw02;dw03;dw04;dw05;dw06;dw07;dw08,,145,1,2026-08-30T10:01:18.142+0200,dw07,5783,7,1778,127,382,1737,2.14,2147483
ground-height-2m-20260828-133428,d018m_r090_run01.csv,2,18,90,dw00;dw01;dw02;dw03;dw04;dw05;dw06;dw07;dw08,dw00;dw01;dw02;dw03;dw04;dw05;dw06;dw07;dw08,,75,1,2026-08-30T10:01:18.162+0200,dw03,021B,188,1769,-54,-1611,732,3.90,12298
ground-height-2m-20260828-133428,d018m_r090_run01.csv,2,18,90,dw00;dw01;dw02;dw03;dw04;dw05;dw06;dw07;dw08,dw00;dw01;dw02;dw03;dw04;dw05;dw06;dw07;dw08,,165,1,2026-08-30T10:01:18.173+0200,dw08,028E,152,1776,152,654,1651,3.27,22277
ground-height-2m-20260828-133428,d018m_r090_run01.csv,2,18,90,dw00;dw01;dw02;dw03;dw04;dw05;dw06;dw07;dw08,dw00;dw01;dw02;dw03;dw04;dw05;dw06;dw07;dw08,,15,1,2026-08-30T10:01:18.182+0200,dw00,8103,239,1795,-161,1168,1363,3.57,32196
ground-height-2m-20260828-133428,d018m_r090_run01.csv,2,18,90,dw00;dw01;dw02;dw03;dw04;dw05;dw06;dw07;dw08,dw00;dw01;dw02;dw03;dw04;dw05;dw06;dw07;dw08,,35,1,2026-08-30T10:01:18.192+0200,dw01,1729,183,1777,-135,1434,1050,3.06,42297
ground-height-2m-20260828-133428,d018m_r090_run01.csv,2,18,90,dw00;dw01;dw02;dw03;dw04;dw05;dw06;dw07;dw08,dw00;dw01;dw02;dw03;dw04;dw05;dw06;dw07;dw08,,55,1,2026-08-30T10:01:18.202+0200,dw02,8FB0,23,1776,-93,1776,0,3.27,52337
ground-height-2m-20260828-133428,d018m_r090_run01.csv,2,18,90,dw00;dw01;dw02;dw03;dw04;dw05;dw06;dw07;dw08,dw00;dw01;dw02;dw03;dw04;dw05;dw06;dw07;dw08,,90,1,2026-08-30T10:01:18.213+0200,dw04,0F85,82,1770,-5,-1069,1411,3.90,62255
ground-height-2m-20260828-133428,d018m_r090_run01.csv,2,18,90,dw00;dw01;dw02;dw03;dw04;dw05;dw06;dw07;dw08,dw00;dw01;dw02;dw03;dw04;dw05;dw06;dw07;dw08,,105,1,2026-08-30T10:01:18.222+0200,dw05,4B92,158,1775,46,-502,1702,2.95,72235
ground-height-2m-20260828-133428,d018m_r090_run01.csv,2,18,90,dw00;dw01;dw02;dw03;dw04;dw05;dw06;dw07;dw08,dw00;dw01;dw02;dw03;dw04;dw05;dw06;dw07;dw08,,125,1,2026-08-30T10:01:18.232+0200,dw06,0789,172,1777,91,-11,1777,3.78,82244
ground-height-2m-20260828-133428,d018m_r090_run01.csv,2,18,90,dw00;dw01;dw02;dw03;dw04;dw05;dw06;dw07;dw08,dw00;dw01;dw02;dw03;dw04;dw05;dw06;dw07;dw08,,145,1,2026-08-30T10:01:18.342+0200,dw07,5783,8,1776,118,279,1754,2.20,2147483
ground-height-2m-20260828-133428,d018m_r090_run01.csv,2,18,90,dw00;dw01;dw02;dw03;dw04;dw05;dw06;dw07;dw08,dw00;dw01;dw02;dw03;dw04;dw05;dw06;dw07;dw08,,75,1,2026-08-30T10:01:18.362+0200,dw03,021B,189,1772,-43,-1487,963,4.02,12298
ground-height-2m-20260828-133428,d018m_r090_run01.csv,2,18,90,dw00;dw01;dw02;dw03;dw04;dw05;dw06;dw07;dw08,dw00;dw01;dw02;dw03;dw04;dw05;dw06;dw07;dw08,,165,1,2026-08-30T10:01:18.372+0200,dw08,028E,153,1776,149,616,1666,3.33,22277
ground-height-2m-20260828-133428,d018m_r090_run01.csv,2,18,90,dw00;dw01;dw02;dw03;dw04;dw05;dw06;dw07;dw08,dw00;dw01;dw02;dw03;dw04;dw05;dw06;dw07;dw08,,15,1,2026-08-30T10:01:18.382+0200,dw00,8103,240,1792,-175,1012,1479,3.57,32257
ground-height-2m-20260828-133428,d018m_r090_run01.csv,2,18,90,dw00;dw01;dw02;dw03;dw04;dw05;dw06;dw07;dw08,dw00;dw01;dw02;dw03;dw04;dw05;dw06;dw07;dw08,,35,1,2026-08-30T10:01:18.392+0200,dw01,1729,184,1775,-141,1375,1121,3.01,42327
ground-height-2m-20260828-133428,d018m_r090_run01.csv,2,18,90,dw00;dw01;dw02;dw03;dw04;dw05;dw06;dw07;dw08,dw00;dw01;dw02;dw03;dw04;dw05;dw06;dw07;dw08,,55,1,2026-08-30T10:01:18.402+0200,dw02,8FB0,24,1778,-100,1778,0,3.33,52337
ground-height-2m-20260828-133428,d018m_r090_run01.csv,2,18,90,dw00;dw01;dw02;dw03;dw04;dw05;dw06;dw07;dw08,dw00;dw01;dw02;dw03;dw04;dw05;dw06;dw07;dw08,,90,1,2026-08-30T10:01:18.412+0200,dw04,0F85,83,1767,-8,-1109,1375,3.90,62255
ground-height-2m-20260828-133428,d018m_r090_run01.csv,2,18,90,dw00;dw01;dw02;dw03;dw04;dw05;dw06;dw07;dw08,dw00;dw01;dw02;dw03;dw04;dw05;dw06;dw07;dw08,,105,1,2026-08-30T10:01:18.422+0200,dw05,4B92,159,1775,49,-473,1710,2.77,72265
ground-height-2m-20260828-133428,d018m_r090_run01.csv,2,18,90,dw00;dw01;dw02;dw03;dw04;dw05;dw06;dw07;dw08,dw00;dw01;dw02;dw03;dw04;dw05;dw06;dw07;dw08,,125,1,2026-08-30T10:01:18.432+0200,dw06,0789,173,1777,92,-4,1777,3.69,82305
ground-height-2m-20260828-133428,d018m_r090_run01.csv,2,18,90,dw00;dw01;dw02;dw03;dw04;dw05;dw06;dw07;dw08,dw00;dw01;dw02;dw03;dw04;dw05;dw06;dw07;dw08,,145,1,2026-08-30T10:01:18.541+0200,dw07,5783,9,1776,125,360,1739,2.08,2147483
ground-height-2m-20260828-133428,d018m_r090_run01.csv,2,18,90,dw00;dw01;dw02;dw03;dw04;dw05;dw06;dw07;dw08,dw00;dw01;dw02;dw03;dw04;dw05;dw06;dw07;dw08,,75,1,2026-08-30T10:01:18.562+0200,dw03,021B,190,1770,-41,-1466,991,4.08,12298
ground-height-2m-20260828-133428,d018m_r090_run01.csv,2,18,90,dw00;dw01;dw02;dw03;dw04;dw05;dw06;dw07;dw08,dw00;dw01;dw02;dw03;dw04;dw05;dw06;dw07;dw08,,165,1,2026-08-30T10:01:18.572+0200,dw08,028E,154,1776,148,612,1667,3.33,22277
ground-height-2m-20260828-133428,d018m_r090_run01.csv,2,18,90,dw00;dw01;dw02;dw03;dw04;dw05;dw06;dw07;dw08,dw00;dw01;dw02;dw03;dw04;dw05;dw06;dw07;dw08,,15,1,2026-08-30T10:01:18.582+0200,dw00,8103,241,1792,-168,1087,1424,3.57,32257
ground-height-2m-20260828-133428,d018m_r090_run01.csv,2,18,90,dw00;dw01;dw02;dw03;dw04;dw05;dw06;dw07;dw08,dw00;dw01;dw02;dw03;dw04;dw05;dw06;dw07;dw08,,35,1,2026-08-30T10:01:18.592+0200,dw01,1729,185,1777,-127,1523,914,3.06,42297
ground-height-2m-20260828-133428,d018m_r090_run01.csv,2,18,90,dw00;dw01;dw02;dw03;dw04;dw05;dw06;dw07;dw08,dw00;dw01;dw02;dw03;dw04;dw05;dw06;dw07;dw08,,55,1,2026-08-30T10:01:18.602+0200,dw02,8FB0,25,1780,-99,1780,0,3.27,52307
ground-height-2m-20260828-133428,d018m_r090_run01.csv,2,18,90,dw00;dw01;dw02;dw03;dw04;dw05;dw06;dw07;dw08,dw00;dw01;dw02;dw03;dw04;dw05;dw06;dw07;dw08,,90,1,2026-08-30T10:01:18.612+0200,dw04,0F85,84,1766,13,-868,1537,3.69,62255
ground-height-2m-20260828-133428,d018m_r090_run01.csv,2,18,90,dw00;dw01;dw02;dw03;dw04;dw05;dw06;dw07;dw08,dw00;dw01;dw02;dw03;dw04;dw05;dw06;dw07;dw08,,105,1,2026-08-30T10:01:18.622+0200,dw05,4B92,160,1775,46,-511,1699,2.71,72265
ground-height-2m-20260828-133428,d018m_r090_run01.csv,2,18,90,dw00;dw01;dw02;dw03;dw04;dw05;dw06;dw07;dw08,dw00;dw01;dw02;dw03;dw04;dw05;dw06;dw07;dw08,,125,1,2026-08-30T10:01:18.632+0200,dw06,0789,174,1777,88,-49,1776,3.78,82275
ground-height-2m-20260828-133428,d018m_r090_run01.csv,2,18,90,dw00;dw01;dw02;dw03;dw04;dw05;dw06;dw07;dw08,dw00;dw01;dw02;dw03;dw04;dw05;dw06;dw07;dw08,,145,1,2026-08-30T10:01:18.742+0200,dw07,5783,10,1776,142,547,1690,2.20,2147483
ground-height-2m-20260828-133428,d018m_r090_run01.csv,2,18,90,dw00;dw01;dw02;dw03;dw04;dw05;dw06;dw07;dw08,dw00;dw01;dw02;dw03;dw04;dw05;dw06;dw07;dw08,,75,1,2026-08-30T10:01:18.762+0200,dw03,021B,191,1768,-43,-1490,951,4.02,12268
ground-height-2m-20260828-133428,d018m_r090_run01.csv,2,18,90,dw00;dw01;dw02;dw03;dw04;dw05;dw06;dw07;dw08,dw00;dw01;dw02;dw03;dw04;dw05;dw06;dw07;dw08,,165,1,2026-08-30T10:01:18.772+0200,dw08,028E,155,1775,163,772,1598,3.33,22277
ground-height-2m-20260828-133428,d018m_r090_run01.csv,2,18,90,dw00;dw01;dw02;dw03;dw04;dw05;dw06;dw07;dw08,dw00;dw01;dw02;dw03;dw04;dw05;dw06;dw07;dw08,,15,1,2026-08-30T10:01:18.782+0200,dw00,8103,242,1791,-162,1152,1371,3.45,32226
ground-height-2m-20260828-133428,d018m_r090_run01.csv,2,18,90,dw00;dw01;dw02;dw03;dw04;dw05;dw06;dw07;dw08,dw00;dw01;dw02;dw03;dw04;dw05;dw06;dw07;dw08,,35,1,2026-08-30T10:01:18.791+0200,dw01,1729,186,1773,-130,1495,953,3.06,42327
ground-height-2m-20260828-133428,d018m_r090_run01.csv,2,18,90,dw00;dw01;dw02;dw03;dw04;dw05;dw06;dw07;dw08,dw00;dw01;dw02;dw03;dw04;dw05;dw06;dw07;dw08,,55,1,2026-08-30T10:01:18.802+0200,dw02,8FB0,26,1779,-95,1779,0,3.33,52337
ground-height-2m-20260828-133428,d018m_r090_run01.csv,2,18,90,dw00;dw01;dw02;dw03;dw04;dw05;dw06;dw07;dw08,dw00;dw01;dw02;dw03;dw04;dw05;dw06;dw07;dw08,,90,1,2026-08-30T10:01:18.812+0200,dw04,0F85,85,1769,2,-990,1467,3.69,62255
ground-height-2m-20260828-133428,d018m_r090_run01.csv,2,18,90,dw00;dw01;dw02;dw03;dw04;dw05;dw06;dw07;dw08,dw00;dw01;dw02;dw03;dw04;dw05;dw06;dw07;dw08,,105,1,2026-08-30T10:01:18.822+0200,dw05,4B92,161,1774,47,-500,1702,2.77,72235
ground-height-2m-20260828-133428,d018m_r090_run01.csv,2,18,90,dw00;dw01;dw02;dw03;dw04;dw05;dw06;dw07;dw08,dw00;dw01;dw02;dw03;dw04;dw05;dw06;dw07;dw08,,125,1,2026-08-30T10:01:18.831+0200,dw06,0789,175,1772,83,-102,1769,3.69,82275
ground-height-2m-20260828-133428,d018m_r090_run01.csv,2,18,90,dw00;dw01;dw02;dw03;dw04;dw05;dw06;dw07;dw08,dw00;dw01;dw02;dw03;dw04;dw05;dw06;dw07;dw08,,145,1,2026-08-30T10:01:18.942+0200,dw07,5783,11,1774,126,368,1735,2.20,2147483
ground-height-2m-20260828-133428,d018m_r090_run01.csv,2,18,90,dw00;dw01;dw02;dw03;dw04;dw05;dw06;dw07;dw08,dw00;dw01;dw02;dw03;dw04;dw05;dw06;dw07;dw08,,75,1,2026-08-30T10:01:18.961+0200,dw03,021B,192,1767,-48,-1540,866,4.02,12298
ground-height-2m-20260828-133428,d018m_r090_run01.csv,2,18,90,dw00;dw01;dw02;dw03;dw04;dw05;dw06;dw07;dw08,dw00;dw01;dw02;dw03;dw04;dw05;dw06;dw07;dw08,,165,1,2026-08-30T10:01:18.972+0200,dw08,028E,156,1776,161,754,1608,3.27,22277
ground-height-2m-20260828-133428,d018m_r090_run01.csv,2,18,90,dw00;dw01;dw02;dw03;dw04;dw05;dw06;dw07;dw08,dw00;dw01;dw02;dw03;dw04;dw05;dw06;dw07;dw08,,15,1,2026-08-30T10:01:18.982+0200,dw00,8103,243,1793,-162,1155,1372,3.78,32257
ground-height-2m-20260828-133428,d018m_r090_run01.csv,2,18,90,dw00;dw01;dw02;dw03;dw04;dw05;dw06;dw07;dw08,dw00;dw01;dw02;dw03;dw04;dw05;dw06;dw07;dw08,,35,1,2026-08-30T10:01:18.992+0200,dw01,1729,187,1778,-145,1328,1182,3.01,42327
ground-height-2m-20260828-133428,d018m_r090_run01.csv,2,18,90,dw00;dw01;dw02;dw03;dw04;dw05;dw06;dw07;dw08,dw00;dw01;dw02;dw03;dw04;dw05;dw06;dw07;dw08,,55,1,2026-08-30T10:01:19.001+0200,dw02,8FB0,27,1779,-89,1779,0,3.33,52307
ground-height-2m-20260828-133428,d018m_r090_run01.csv,2,18,90,dw00;dw01;dw02;dw03;dw04;dw05;dw06;dw07;dw08,dw00;dw01;dw02;dw03;dw04;dw05;dw06;dw07;dw08,,90,1,2026-08-30T10:01:19.012+0200,dw04,0F85,86,1769,1,-993,1463,3.78,62255
ground-height-2m-20260828-133428,d018m_r090_run01.csv,2,18,90,dw00;dw01;dw02;dw03;dw04;dw05;dw06;dw07;dw08,dw00;dw01;dw02;dw03;dw04;dw05;dw06;dw07;dw08,,105,1,2026-08-30T10:01:19.022+0200,dw05,4B92,162,1773,33,-643,1652,2.71,72296
ground-height-2m-20260828-133428,d018m_r090_run01.csv,2,18,90,dw00;dw01;dw02;dw03;dw04;dw05;dw06;dw07;dw08,dw00;dw01;dw02;dw03;dw04;dw05;dw06;dw07;dw08,,125,1,2026-08-30T10:01:19.032+0200,dw06,0789,176,1777,89,-42,1776,3.78,82275
ground-height-2m-20260828-133428,d018m_r090_run01.csv,2,18,90,dw00;dw01;dw02;dw03;dw04;dw05;dw06;dw07;dw08,dw00;dw01;dw02;dw03;dw04;dw05;dw06;dw07;dw08,,145,1,2026-08-30T10:01:19.142+0200,dw07,5783,12,1777,133,443,1720,2.20,2147483
ground-height-2m-20260828-133428,d018m_r090_run01.csv,2,18,90,dw00;dw01;dw02;dw03;dw04;dw05;dw06;dw07;dw08,dw00;dw01;dw02;dw03;dw04;dw05;dw06;dw07;dw08,,75,1,2026-08-30T10:01:19.162+0200,dw03,021B,193,1767,-55,-1616,715,4.14,12298
ground-height-2m-20260828-133428,d018m_r090_run01.csv,2,18,90,dw00;dw01;dw02;dw03;dw04;dw05;dw06;dw07;dw08,dw00;dw01;dw02;dw03;dw04;dw05;dw06;dw07;dw08,,165,1,2026-08-30T10:01:19.171+0200,dw08,028E,157,1780,163,772,1603,3.33,22277
ground-height-2m-20260828-133428,d018m_r090_run01.csv,2,18,90,dw00;dw01;dw02;dw03;dw04;dw05;dw06;dw07;dw08,dw00;dw01;dw02;dw03;dw04;dw05;dw06;dw07;dw08,,15,1,2026-08-30T10:01:19.182+0200,dw00,8103,244,1794,-151,1280,1257,3.57,32226
ground-height-2m-20260828-133428,d018m_r090_run01.csv,2,18,90,dw00;dw01;dw02;dw03;dw04;dw05;dw06;dw07;dw08,dw00;dw01;dw02;dw03;dw04;dw05;dw06;dw07;dw08,,35,1,2026-08-30T10:01:19.192+0200,dw01,1729,188,1777,-133,1459,1014,3.06,42297
ground-height-2m-20260828-133428,d018m_r090_run01.csv,2,18,90,dw00;dw01;dw02;dw03;dw04;dw05;dw06;dw07;dw08,dw00;dw01;dw02;dw03;dw04;dw05;dw06;dw07;dw08,,55,1,2026-08-30T10:01:19.202+0200,dw02,8FB0,28,1778,-93,1778,0,3.33,52337
ground-height-2m-20260828-133428,d018m_r090_run01.csv,2,18,90,dw00;dw01;dw02;dw03;dw04;dw05;dw06;dw07;dw08,dw00;dw01;dw02;dw03;dw04;dw05;dw06;dw07;dw08,,90,1,2026-08-30T10:01:19.211+0200,dw04,0F85,87,1766,-12,-1146,1343,3.69,62286
ground-height-2m-20260828-133428,d018m_r090_run01.csv,2,18,90,dw00;dw01;dw02;dw03;dw04;dw05;dw06;dw07;dw08,dw00;dw01;dw02;dw03;dw04;dw05;dw06;dw07;dw08,,105,1,2026-08-30T10:01:19.222+0200,dw05,4B92,163,1773,42,-549,1686,2.71,72204
ground-height-2m-20260828-133428,d018m_r090_run01.csv,2,18,90,dw00;dw01;dw02;dw03;dw04;dw05;dw06;dw07;dw08,dw00;dw01;dw02;dw03;dw04;dw05;dw06;dw07;dw08,,125,1,2026-08-30T10:01:19.232+0200,dw06,0789,177,1777,88,-52,1777,3.84,82275
ground-height-2m-20260828-133428,d018m_r090_run01.csv,2,18,90,dw00;dw01;dw02;dw03;dw04;dw05;dw06;dw07;dw08,dw00;dw01;dw02;dw03;dw04;dw05;dw06;dw07;dw08,,145,1,2026-08-30T10:01:19.341+0200,dw07,5783,13,1775,131,420,1725,2.14,2147483
ground-height-2m-20260828-133428,d018m_r090_run01.csv,2,18,90,dw00;dw01;dw02;dw03;dw04;dw05;dw06;dw07;dw08,dw00;dw01;dw02;dw03;dw04;dw05;dw06;dw07;dw08,,75,1,2026-08-30T10:01:19.362+0200,dw03,021B,194,1765,-42,-1472,974,4.14,12268
ground-height-2m-20260828-133428,d018m_r090_run01.csv,2,18,90,dw00;dw01;dw02;dw03;dw04;dw05;dw06;dw07;dw08,dw00;dw01;dw02;dw03;dw04;dw05;dw06;dw07;dw08,,165,1,2026-08-30T10:01:19.371+0200,dw08,028E,158,1775,142,547,1688,3.33,22308
ground-height-2m-20260828-133428,d018m_r090_run01.csv,2,18,90,dw00;dw01;dw02;dw03;dw04;dw05;dw06;dw07;dw08,dw00;dw01;dw02;dw03;dw04;dw05;dw06;dw07;dw08,,15,1,2026-08-30T10:01:19.381+0200,dw00,8103,245,1792,-154,1247,1287,3.57,32257
ground-height-2m-20260828-133428,d018m_r090_run01.csv,2,18,90,dw00;dw01;dw02;dw03;dw04;dw05;dw06;dw07;dw08,dw00;dw01;dw02;dw03;dw04;dw05;dw06;dw07;dw08,,35,1,2026-08-30T10:01:19.392+0200,dw01,1729,189,1777,-123,1570,834,3.06,42327
ground-height-2m-20260828-133428,d018m_r090_run01.csv,2,18,90,dw00;dw01;dw02;dw03;dw04;dw05;dw06;dw07;dw08,dw00;dw01;dw02;dw03;dw04;dw05;dw06;dw07;dw08,,55,1,2026-08-30T10:01:19.402+0200,dw02,8FB0,29,1781,-109,1723,448,3.27,52307
ground-height-2m-20260828-133428,d018m_r090_run01.csv,2,18,90,dw00;dw01;dw02;dw03;dw04;dw05;dw06;dw07;dw08,dw00;dw01;dw02;dw03;dw04;dw05;dw06;dw07;dw08,,90,1,2026-08-30T10:01:19.411+0200,dw04,0F85,88,1767,8,-913,1513,3.72,62225
ground-height-2m-20260828-133428,d018m_r090_run01.csv,2,18,90,dw00;dw01;dw02;dw03;dw04;dw05;dw06;dw07;dw08,dw00;dw01;dw02;dw03;dw04;dw05;dw06;dw07;dw08,,105,1,2026-08-30T10:01:19.421+0200,dw05,4B92,164,1773,36,-612,1664,2.83,72265
ground-height-2m-20260828-133428,d018m_r090_run01.csv,2,18,90,dw00;dw01;dw02;dw03;dw04;dw05;dw06;dw07;dw08,dw00;dw01;dw02;dw03;dw04;dw05;dw06;dw07;dw08,,125,1,2026-08-30T10:01:19.432+0200,dw06,0789,178,1778,80,-140,1772,3.90,82275
ground-height-2m-20260828-133428,d018m_r090_run01.csv,2,18,90,dw00;dw01;dw02;dw03;dw04;dw05;dw06;dw07;dw08,dw00;dw01;dw02;dw03;dw04;dw05;dw06;dw07;dw08,,145,1,2026-08-30T10:01:19.541+0200,dw07,5783,14,1772,121,315,1744,2.08,2147483
ground-height-2m-20260828-133428,d018m_r090_run01.csv,2,18,90,dw00;dw01;dw02;dw03;dw04;dw05;dw06;dw07;dw08,dw00;dw01;dw02;dw03;dw04;dw05;dw06;dw07;dw08,,75,1,2026-08-30T10:01:19.562+0200,dw03,021B,195,1766,-38,-1424,1044,4.02,12329
ground-height-2m-20260828-133428,d018m_r090_run01.csv,2,18,90,dw00;dw01;dw02;dw03;dw04;dw05;dw06;dw07;dw08,dw00;dw01;dw02;dw03;dw04;dw05;dw06;dw07;dw08,,165,1,2026-08-30T10:01:19.572+0200,dw08,028E,159,1776,151,645,1655,3.27,22277
ground-height-2m-20260828-133428,d018m_r090_run01.csv,2,18,90,dw00;dw01;dw02;dw03;dw04;dw05;dw06;dw07;dw08,dw00;dw01;dw02;dw03;dw04;dw05;dw06;dw07;dw08,,15,1,2026-08-30T10:01:19.581+0200,dw00,8103,246,1791,-167,1096,1416,3.57,32257
ground-height-2m-20260828-133428,d018m_r090_run01.csv,2,18,90,dw00;dw01;dw02;dw03;dw04;dw05;dw06;dw07;dw08,dw00;dw01;dw02;dw03;dw04;dw05;dw06;dw07;dw08,,35,1,2026-08-30T10:01:19.591+0200,dw01,1729,190,1776,-133,1458,1014,3.06,42327
ground-height-2m-20260828-133428,d018m_r090_run01.csv,2,18,90,dw00;dw01;dw02;dw03;dw04;dw05;dw06;dw07;dw08,dw00;dw01;dw02;dw03;dw04;dw05;dw06;dw07;dw08,,55,1,2026-08-30T10:01:19.602+0200,dw02,8FB0,30,1778,-101,1778,0,3.27,52337
ground-height-2m-20260828-133428,d018m_r090_run01.csv,2,18,90,dw00;dw01;dw02;dw03;dw04;dw05;dw06;dw07;dw08,dw00;dw01;dw02;dw03;dw04;dw05;dw06;dw07;dw08,,90,1,2026-08-30T10:01:19.612+0200,dw04,0F85,89,1768,13,-861,1544,3.78,62286
ground-height-2m-20260828-133428,d018m_r090_run01.csv,2,18,90,dw00;dw01;dw02;dw03;dw04;dw05;dw06;dw07;dw08,dw00;dw01;dw02;dw03;dw04;dw05;dw06;dw07;dw08,,105,1,2026-08-30T10:01:19.621+0200,dw05,4B92,165,1773,47,-500,1701,2.71,72235
ground-height-2m-20260828-133428,d018m_r090_run01.csv,2,18,90,dw00;dw01;dw02;dw03;dw04;dw05;dw06;dw07;dw08,dw00;dw01;dw02;dw03;dw04;dw05;dw06;dw07;dw08,,125,1,2026-08-30T10:01:19.631+0200,dw06,0789,179,1775,77,-168,1767,3.78,82275
ground-height-2m-20260828-133428,d018m_r090_run01.csv,2,18,90,dw00;dw01;dw02;dw03;dw04;dw05;dw06;dw07;dw08,dw00;dw01;dw02;dw03;dw04;dw05;dw06;dw07;dw08,,145,1,2026-08-30T10:01:19.742+0200,dw07,5783,15,1774,121,312,1747,2.14,2147483
ground-height-2m-20260828-133428,d018m_r090_run01.csv,2,18,90,dw00;dw01;dw02;dw03;dw04;dw05;dw06;dw07;dw08,dw00;dw01;dw02;dw03;dw04;dw05;dw06;dw07;dw08,,75,1,2026-08-30T10:01:19.761+0200,dw03,021B,196,1765,-49,-1552,840,4.08,12298
ground-height-2m-20260828-133428,d018m_r090_run01.csv,2,18,90,dw00;dw01;dw02;dw03;dw04;dw05;dw06;dw07;dw08,dw00;dw01;dw02;dw03;dw04;dw05;dw06;dw07;dw08,,165,1,2026-08-30T10:01:19.772+0200,dw08,028E,160,1778,160,741,1617,3.39,22247
ground-height-2m-20260828-133428,d018m_r090_run01.csv,2,18,90,dw00;dw01;dw02;dw03;dw04;dw05;dw06;dw07;dw08,dw00;dw01;dw02;dw03;dw04;dw05;dw06;dw07;dw08,,15,1,2026-08-30T10:01:19.782+0200,dw00,8103,247,1795,-162,1155,1373,3.69,32257
ground-height-2m-20260828-133428,d018m_r090_run01.csv,2,18,90,dw00;dw01;dw02;dw03;dw04;dw05;dw06;dw07;dw08,dw00;dw01;dw02;dw03;dw04;dw05;dw06;dw07;dw08,,35,1,2026-08-30T10:01:19.791+0200,dw01,1729,191,1775,-139,1392,1101,3.09,42297
ground-height-2m-20260828-133428,d018m_r090_run01.csv,2,18,90,dw00;dw01;dw02;dw03;dw04;dw05;dw06;dw07;dw08,dw00;dw01;dw02;dw03;dw04;dw05;dw06;dw07;dw08,,55,1,2026-08-30T10:01:19.801+0200,dw02,8FB0,31,1778,-107,1748,323,3.27,52307
ground-height-2m-20260828-133428,d018m_r090_run01.csv,2,18,90,dw00;dw01;dw02;dw03;dw04;dw05;dw06;dw07;dw08,dw00;dw01;dw02;dw03;dw04;dw05;dw06;dw07;dw08,,90,1,2026-08-30T10:01:19.812+0200,dw04,0F85,90,1769,-4,-1057,1418,3.69,62225
ground-height-2m-20260828-133428,d018m_r090_run01.csv,2,18,90,dw00;dw01;dw02;dw03;dw04;dw05;dw06;dw07;dw08,dw00;dw01;dw02;dw03;dw04;dw05;dw06;dw07;dw08,,105,1,2026-08-30T10:01:19.822+0200,dw05,4B92,166,1773,40,-570,1679,2.77,72235
ground-height-2m-20260828-133428,d018m_r090_run01.csv,2,18,90,dw00;dw01;dw02;dw03;dw04;dw05;dw06;dw07;dw08,dw00;dw01;dw02;dw03;dw04;dw05;dw06;dw07;dw08,,125,1,2026-08-30T10:01:19.831+0200,dw06,0789,180,1778,84,-94,1775,3.90,82275
ground-height-2m-20260828-133428,d018m_r090_run01.csv,2,18,90,dw00;dw01;dw02;dw03;dw04;dw05;dw06;dw07;dw08,dw00;dw01;dw02;dw03;dw04;dw05;dw06;dw07;dw08,,145,1,2026-08-30T10:01:19.942+0200,dw07,5783,16,1775,141,527,1695,2.02,2147483
ground-height-2m-20260828-133428,d018m_r090_run01.csv,2,18,90,dw00;dw01;dw02;dw03;dw04;dw05;dw06;dw07;dw08,dw00;dw01;dw02;dw03;dw04;dw05;dw06;dw07;dw08,,75,1,2026-08-30T10:01:19.961+0200,dw03,021B,197,1766,-35,-1401,1075,4.14,12298
ground-height-2m-20260828-133428,d018m_r090_run01.csv,2,18,90,dw00;dw01;dw02;dw03;dw04;dw05;dw06;dw07;dw08,dw00;dw01;dw02;dw03;dw04;dw05;dw06;dw07;dw08,,165,1,2026-08-30T10:01:19.971+0200,dw08,028E,161,1775,-10,-1135,1364,3.33,22277
ground-height-2m-20260828-133428,d018m_r090_run01.csv,2,18,90,dw00;dw01;dw02;dw03;dw04;dw05;dw06;dw07;dw08,dw00;dw01;dw02;dw03;dw04;dw05;dw06;dw07;dw08,,15,1,2026-08-30T10:01:19.982+0200,dw00,8103,248,1792,-161,1169,1358,3.57,32257
ground-height-2m-20260828-133428,d018m_r090_run01.csv,2,18,90,dw00;dw01;dw02;dw03;dw04;dw05;dw06;dw07;dw08,dw00;dw01;dw02;dw03;dw04;dw05;dw06;dw07;dw08,,35,1,2026-08-30T10:01:19.991+0200,dw01,1729,192,1778,-124,1560,854,3.09,42327
ground-height-2m-20260828-133428,d018m_r090_run01.csv,2,18,90,dw00;dw01;dw02;dw03;dw04;dw05;dw06;dw07;dw08,dw00;dw01;dw02;dw03;dw04;dw05;dw06;dw07;dw08,,55,1,2026-08-30T10:01:20.001+0200,dw02,8FB0,32,1779,-97,1779,0,3.33,52368
ground-height-2m-20260828-133428,d018m_r090_run01.csv,2,18,90,dw00;dw01;dw02;dw03;dw04;dw05;dw06;dw07;dw08,dw00;dw01;dw02;dw03;dw04;dw05;dw06;dw07;dw08,,90,1,2026-08-30T10:01:20.011+0200,dw04,0F85,91,1766,1,-996,1459,3.69,62286
ground-height-2m-20260828-133428,d018m_r090_run01.csv,2,18,90,dw00;dw01;dw02;dw03;dw04;dw05;dw06;dw07;dw08,dw00;dw01;dw02;dw03;dw04;dw05;dw06;dw07;dw08,,105,1,2026-08-30T10:01:20.022+0200,dw05,4B92,167,1775,43,-537,1691,2.71,72235
ground-height-2m-20260828-133428,d018m_r090_run01.csv,2,18,90,dw00;dw01;dw02;dw03;dw04;dw05;dw06;dw07;dw08,dw00;dw01;dw02;dw03;dw04;dw05;dw06;dw07;dw08,,125,1,2026-08-30T10:01:20.032+0200,dw06,0789,181,1781,99,76,1780,3.84,82275
ground-height-2m-20260828-133428,d018m_r090_run01.csv,2,18,90,dw00;dw01;dw02;dw03;dw04;dw05;dw06;dw07;dw08,dw00;dw01;dw02;dw03;dw04;dw05;dw06;dw07;dw08,,145,1,2026-08-30T10:01:20.141+0200,dw07,5783,17,1777,143,553,1688,2.20,2147483
ground-height-2m-20260828-133428,d018m_r090_run01.csv,2,18,90,dw00;dw01;dw02;dw03;dw04;dw05;dw06;dw07;dw08,dw00;dw01;dw02;dw03;dw04;dw05;dw06;dw07;dw08,,75,1,2026-08-30T10:01:20.161+0200,dw03,021B,198,1763,-45,-1508,914,4.14,12298
ground-height-2m-20260828-133428,d018m_r090_run01.csv,2,18,90,dw00;dw01;dw02;dw03;dw04;dw05;dw06;dw07;dw08,dw00;dw01;dw02;dw03;dw04;dw05;dw06;dw07;dw08,,165,1,2026-08-30T10:01:20.171+0200,dw08,028E,162,1773,152,653,1649,3.33,22277
ground-height-2m-20260828-133428,d018m_r090_run01.csv,2,18,90,dw00;dw01;dw02;dw03;dw04;dw05;dw06;dw07;dw08,dw00;dw01;dw02;dw03;dw04;dw05;dw06;dw07;dw08,,15,1,2026-08-30T10:01:20.181+0200,dw00,8103,249,1791,-153,1253,1280,3.57,32257
ground-height-2m-20260828-133428,d018m_r090_run01.csv,2,18,90,dw00;dw01;dw02;dw03;dw04;dw05;dw06;dw07;dw08,dw00;dw01;dw02;dw03;dw04;dw05;dw06;dw07;dw08,,35,1,2026-08-30T10:01:20.192+0200,dw01,1729,193,1777,-127,1526,910,3.01,42327
ground-height-2m-20260828-133428,d018m_r090_run01.csv,2,18,90,dw00;dw01;dw02;dw03;dw04;dw05;dw06;dw07;dw08,dw00;dw01;dw02;dw03;dw04;dw05;dw06;dw07;dw08,,55,1,2026-08-30T10:01:20.201+0200,dw02,8FB0,33,1781,-88,1781,0,3.27,52307
ground-height-2m-20260828-133428,d018m_r090_run01.csv,2,18,90,dw00;dw01;dw02;dw03;dw04;dw05;dw06;dw07;dw08,dw00;dw01;dw02;dw03;dw04;dw05;dw06;dw07;dw08,,90,1,2026-08-30T10:01:20.211+0200,dw04,0F85,92,1769,0,-1020,1445,3.69,62255
ground-height-2m-20260828-133428,d018m_r090_run01.csv,2,18,90,dw00;dw01;dw02;dw03;dw04;dw05;dw06;dw07;dw08,dw00;dw01;dw02;dw03;dw04;dw05;dw06;dw07;dw08,,105,1,2026-08-30T10:01:20.221+0200,dw05,4B92,168,1773,42,-546,1687,2.71,72296
ground-height-2m-20260828-133428,d018m_r090_run01.csv,2,18,90,dw00;dw01;dw02;dw03;dw04;dw05;dw06;dw07;dw08,dw00;dw01;dw02;dw03;dw04;dw05;dw06;dw07;dw08,,125,1,2026-08-30T10:01:20.232+0200,dw06,0789,182,1776,76,-175,1767,3.78,82275
ground-height-2m-20260828-133428,d018m_r090_run01.csv,2,18,90,dw00;dw01;dw02;dw03;dw04;dw05;dw06;dw07;dw08,dw00;dw01;dw02;dw03;dw04;dw05;dw06;dw07;dw08,,145,1,2026-08-30T10:01:20.341+0200,dw07,5783,18,1774,133,439,1719,2.14,2147483
ground-height-2m-20260828-133428,d018m_r090_run01.csv,2,18,90,dw00;dw01;dw02;dw03;dw04;dw05;dw06;dw07;dw08,dw00;dw01;dw02;dw03;dw04;dw05;dw06;dw07;dw08,,75,1,2026-08-30T10:01:20.362+0200,dw03,021B,199,1769,-43,-1486,959,4.08,12298
ground-height-2m-20260828-133428,d018m_r090_run01.csv,2,18,90,dw00;dw01;dw02;dw03;dw04;dw05;dw06;dw07;dw08,dw00;dw01;dw02;dw03;dw04;dw05;dw06;dw07;dw08,,165,1,2026-08-30T10:01:20.371+0200,dw08,028E,163,1774,149,620,1662,3.33,22277
ground-height-2m-20260828-133428,d018m_r090_run01.csv,2,18,90,dw00;dw01;dw02;dw03;dw04;dw05;dw06;dw07;dw08,dw00;dw01;dw02;dw03;dw04;dw05;dw06;dw07;dw08,,15,1,2026-08-30T10:01:20.381+0200,dw00,8103,250,1796,-169,1081,1435,3.63,32257
ground-height-2m-20260828-133428,d018m_r090_run01.csv,2,18,90,dw00;dw01;dw02;dw03;dw04;dw05;dw06;dw07;dw08,dw00;dw01;dw02;dw03;dw04;dw05;dw06;dw07;dw08,,35,1,2026-08-30T10:01:20.391+0200,dw01,1729,194,1777,-132,1475,991,3.06,42327
ground-height-2m-20260828-133428,d018m_r090_run01.csv,2,18,90,dw00;dw01;dw02;dw03;dw04;dw05;dw06;dw07;dw08,dw00;dw01;dw02;dw03;dw04;dw05;dw06;dw07;dw08,,55,1,2026-08-30T10:01:20.402+0200,dw02,8FB0,34,1777,-94,1777,0,3.27,52337
ground-height-2m-20260828-133428,d018m_r090_run01.csv,2,18,90,dw00;dw01;dw02;dw03;dw04;dw05;dw06;dw07;dw08,dw00;dw01;dw02;dw03;dw04;dw05;dw06;dw07;dw08,,90,1,2026-08-30T10:01:20.411+0200,dw04,0F85,93,1769,1,-993,1463,3.57,62255
ground-height-2m-20260828-133428,d018m_r090_run01.csv,2,18,90,dw00;dw01;dw02;dw03;dw04;dw05;dw06;dw07;dw08,dw00;dw01;dw02;dw03;dw04;dw05;dw06;dw07;dw08,,105,1,2026-08-30T10:01:20.421+0200,dw05,4B92,169,1772,45,-520,1694,2.71,72204
ground-height-2m-20260828-133428,d018m_r090_run01.csv,2,18,90,dw00;dw01;dw02;dw03;dw04;dw05;dw06;dw07;dw08,dw00;dw01;dw02;dw03;dw04;dw05;dw06;dw07;dw08,,125,1,2026-08-30T10:01:20.431+0200,dw06,0789,183,1777,86,-71,1776,3.78,82275
ground-height-2m-20260828-133428,d018m_r090_run01.csv,2,18,90,dw00;dw01;dw02;dw03;dw04;dw05;dw06;dw07;dw08,dw00;dw01;dw02;dw03;dw04;dw05;dw06;dw07;dw08,,145,1,2026-08-30T10:01:20.541+0200,dw07,5783,19,1780,132,433,1727,2.14,2147483
ground-height-2m-20260828-133428,d018m_r090_run01.csv,2,18,90,dw00;dw01;dw02;dw03;dw04;dw05;dw06;dw07;dw08,dw00;dw01;dw02;dw03;dw04;dw05;dw06;dw07;dw08,,75,1,2026-08-30T10:01:20.561+0200,dw03,021B,200,1767,-50,-1562,826,4.08,12298
ground-height-2m-20260828-133428,d018m_r090_run01.csv,2,18,90,dw00;dw01;dw02;dw03;dw04;dw05;dw06;dw07;dw08,dw00;dw01;dw02;dw03;dw04;dw05;dw06;dw07;dw08,,165,1,2026-08-30T10:01:20.572+0200,dw08,028E,164,1773,164,780,1592,3.27,22277
ground-height-2m-20260828-133428,d018m_r090_run01.csv,2,18,90,dw00;dw01;dw02;dw03;dw04;dw05;dw06;dw07;dw08,dw00;dw01;dw02;dw03;dw04;dw05;dw06;dw07;dw08,,15,1,2026-08-30T10:01:20.581+0200,dw00,8103,251,1793,-151,1277,1259,3.78,32257
ground-height-2m-20260828-133428,d018m_r090_run01.csv,2,18,90,dw00;dw01;dw02;dw03;dw04;dw05;dw06;dw07;dw08,dw00;dw01;dw02;dw03;dw04;dw05;dw06;dw07;dw08,,35,1,2026-08-30T10:01:20.591+0200,dw01,1729,195,1777,-115,1652,652,3.01,42327
ground-height-2m-20260828-133428,d018m_r090_run01.csv,2,18,90,dw00;dw01;dw02;dw03;dw04;dw05;dw06;dw07;dw08,dw00;dw01;dw02;dw03;dw04;dw05;dw06;dw07;dw08,,55,1,2026-08-30T10:01:20.601+0200,dw02,8FB0,35,1778,-97,1778,0,3.33,52337
ground-height-2m-20260828-133428,d018m_r090_run01.csv,2,18,90,dw00;dw01;dw02;dw03;dw04;dw05;dw06;dw07;dw08,dw00;dw01;dw02;dw03;dw04;dw05;dw06;dw07;dw08,,90,1,2026-08-30T10:01:20.612+0200,dw04,0F85,94,1774,83,-99,1771,3.69,62255
ground-height-2m-20260828-133428,d018m_r090_run01.csv,2,18,90,dw00;dw01;dw02;dw03;dw04;dw05;dw06;dw07;dw08,dw00;dw01;dw02;dw03;dw04;dw05;dw06;dw07;dw08,,105,1,2026-08-30T10:01:20.621+0200,dw05,4B92,170,1774,40,-577,1678,2.83,72235
ground-height-2m-20260828-133428,d018m_r090_run01.csv,2,18,90,dw00;dw01;dw02;dw03;dw04;dw05;dw06;dw07;dw08,dw00;dw01;dw02;dw03;dw04;dw05;dw06;dw07;dw08,,125,1,2026-08-30T10:01:20.631+0200,dw06,0789,184,1776,87,-56,1775,3.78,82275
ground-height-2m-20260828-133428,d018m_r090_run01.csv,2,18,90,dw00;dw01;dw02;dw03;dw04;dw05;dw06;dw07;dw08,dw00;dw01;dw02;dw03;dw04;dw05;dw06;dw07;dw08,,145,1,2026-08-30T10:01:20.741+0200,dw07,5783,20,1773,127,373,1733,2.08,2147483
ground-height-2m-20260828-133428,d018m_r090_run01.csv,2,18,90,dw00;dw01;dw02;dw03;dw04;dw05;dw06;dw07;dw08,dw00;dw01;dw02;dw03;dw04;dw05;dw06;dw07;dw08,,75,1,2026-08-30T10:01:20.761+0200,dw03,021B,201,1768,-46,-1514,913,4.14,12298
ground-height-2m-20260828-133428,d018m_r090_run01.csv,2,18,90,dw00;dw01;dw02;dw03;dw04;dw05;dw06;dw07;dw08,dw00;dw01;dw02;dw03;dw04;dw05;dw06;dw07;dw08,,165,1,2026-08-30T10:01:20.771+0200,dw08,028E,165,1775,-4,-1061,1423,3.27,22216
ground-height-2m-20260828-133428,d018m_r090_run01.csv,2,18,90,dw00;dw01;dw02;dw03;dw04;dw05;dw06;dw07;dw08,dw00;dw01;dw02;dw03;dw04;dw05;dw06;dw07;dw08,,15,1,2026-08-30T10:01:20.781+0200,dw00,8103,252,1794,-155,1231,1304,3.63,32257
ground-height-2m-20260828-133428,d018m_r090_run01.csv,2,18,90,dw00;dw01;dw02;dw03;dw04;dw05;dw06;dw07;dw08,dw00;dw01;dw02;dw03;dw04;dw05;dw06;dw07;dw08,,35,1,2026-08-30T10:01:20.791+0200,dw01,1729,196,1776,-121,1589,794,3.06,42297
ground-height-2m-20260828-133428,d018m_r090_run01.csv,2,18,90,dw00;dw01;dw02;dw03;dw04;dw05;dw06;dw07;dw08,dw00;dw01;dw02;dw03;dw04;dw05;dw06;dw07;dw08,,55,1,2026-08-30T10:01:20.801+0200,dw02,8FB0,36,1779,-96,1779,0,3.33,52307
ground-height-2m-20260828-133428,d018m_r090_run01.csv,2,18,90,dw00;dw01;dw02;dw03;dw04;dw05;dw06;dw07;dw08,dw00;dw01;dw02;dw03;dw04;dw05;dw06;dw07;dw08,,90,1,2026-08-30T10:01:20.811+0200,dw04,0F85,95,1769,-9,-1120,1370,3.69,62255
ground-height-2m-20260828-133428,d018m_r090_run01.csv,2,18,90,dw00;dw01;dw02;dw03;dw04;dw05;dw06;dw07;dw08,dw00;dw01;dw02;dw03;dw04;dw05;dw06;dw07;dw08,,105,1,2026-08-30T10:01:20.822+0200,dw05,4B92,171,1774,41,-562,1683,2.77,72235
ground-height-2m-20260828-133428,d018m_r090_run01.csv,2,18,90,dw00;dw01;dw02;dw03;dw04;dw05;dw06;dw07;dw08,dw00;dw01;dw02;dw03;dw04;dw05;dw06;dw07;dw08,,125,1,2026-08-30T10:01:20.831+0200,dw06,0789,185,1777,92,-2,1777,3.84,82305
ground-height-2m-20260828-133428,d018m_r090_run01.csv,2,18,90,dw00;dw01;dw02;dw03;dw04;dw05;dw06;dw07;dw08,dw00;dw01;dw02;dw03;dw04;dw05;dw06;dw07;dw08,,145,1,2026-08-30T10:01:20.941+0200,dw07,5783,21,1776,129,405,1729,2.14,2147483
ground-height-2m-20260828-133428,d018m_r090_run01.csv,2,18,90,dw00;dw01;dw02;dw03;dw04;dw05;dw06;dw07;dw08,dw00;dw01;dw02;dw03;dw04;dw05;dw06;dw07;dw08,,75,1,2026-08-30T10:01:20.961+0200,dw03,021B,202,1765,-40,-1445,1012,4.02,12268
ground-height-2m-20260828-133428,d018m_r090_run01.csv,2,18,90,dw00;dw01;dw02;dw03;dw04;dw05;dw06;dw07;dw08,dw00;dw01;dw02;dw03;dw04;dw05;dw06;dw07;dw08,,165,1,2026-08-30T10:01:20.971+0200,dw08,028E,166,1778,162,759,1608,3.33,22277
ground-height-2m-20260828-133428,d018m_r090_run01.csv,2,18,90,dw00;dw01;dw02;dw03;dw04;dw05;dw06;dw07;dw08,dw00;dw01;dw02;dw03;dw04;dw05;dw06;dw07;dw08,,15,1,2026-08-30T10:01:20.981+0200,dw00,8103,253,1792,-163,1145,1378,3.57,32257
ground-height-2m-20260828-133428,d018m_r090_run01.csv,2,18,90,dw00;dw01;dw02;dw03;dw04;dw05;dw06;dw07;dw08,dw00;dw01;dw02;dw03;dw04;dw05;dw06;dw07;dw08,,35,1,2026-08-30T10:01:20.991+0200,dw01,1729,197,1777,-143,1355,1150,3.09,42297
ground-height-2m-20260828-133428,d018m_r090_run01.csv,2,18,90,dw00;dw01;dw02;dw03;dw04;dw05;dw06;dw07;dw08,dw00;dw01;dw02;dw03;dw04;dw05;dw06;dw07;dw08,,55,1,2026-08-30T10:01:21.001+0200,dw02,8FB0,37,1777,-98,1776,0,3.27,52307
ground-height-2m-20260828-133428,d018m_r090_run01.csv,2,18,90,dw00;dw01;dw02;dw03;dw04;dw05;dw06;dw07;dw08,dw00;dw01;dw02;dw03;dw04;dw05;dw06;dw07;dw08,,90,1,2026-08-30T10:01:21.011+0200,dw04,0F85,96,1770,0,-1023,1444,3.84,62255
ground-height-2m-20260828-133428,d018m_r090_run01.csv,2,18,90,dw00;dw01;dw02;dw03;dw04;dw05;dw06;dw07;dw08,dw00;dw01;dw02;dw03;dw04;dw05;dw06;dw07;dw08,,105,1,2026-08-30T10:01:21.021+0200,dw05,4B92,172,1776,42,-553,1687,2.77,72235
ground-height-2m-20260828-133428,d018m_r090_run01.csv,2,18,90,dw00;dw01;dw02;dw03;dw04;dw05;dw06;dw07;dw08,dw00;dw01;dw02;dw03;dw04;dw05;dw06;dw07;dw08,,125,1,2026-08-30T10:01:21.031+0200,dw06,0789,186,1773,88,-52,1772,3.78,82244
ground-height-2m-20260828-133428,d018m_r090_run01.csv,2,18,90,dw00;dw01;dw02;dw03;dw04;dw05;dw06;dw07;dw08,dw00;dw01;dw02;dw03;dw04;dw05;dw06;dw07;dw08,,145,1,2026-08-30T10:01:21.141+0200,dw07,5783,22,1776,148,613,1667,1.99,2147483
ground-height-2m-20260828-133428,d018m_r090_run01.csv,2,18,90,dw00;dw01;dw02;dw03;dw04;dw05;dw06;dw07;dw08,dw00;dw01;dw02;dw03;dw04;dw05;dw06;dw07;dw08,,75,1,2026-08-30T10:01:21.161+0200,dw03,021B,203,1766,-45,-1508,918,4.02,12298
ground-height-2m-20260828-133428,d018m_r090_run01.csv,2,18,90,dw00;dw01;dw02;dw03;dw04;dw05;dw06;dw07;dw08,dw00;dw01;dw02;dw03;dw04;dw05;dw06;dw07;dw08,,165,1,2026-08-30T10:01:21.171+0200,dw08,028E,167,1775,-14,-1174,1331,3.33,22247
ground-height-2m-20260828-133428,d018m_r090_run01.csv,2,18,90,dw00;dw01;dw02;dw03;dw04;dw05;dw06;dw07;dw08,dw00;dw01;dw02;dw03;dw04;dw05;dw06;dw07;dw08,,15,1,2026-08-30T10:01:21.181+0200,dw00,8103,254,1792,-153,1249,1285,3.57,32226
ground-height-2m-20260828-133428,d018m_r090_run01.csv,2,18,90,dw00;dw01;dw02;dw03;dw04;dw05;dw06;dw07;dw08,dw00;dw01;dw02;dw03;dw04;dw05;dw06;dw07;dw08,,35,1,2026-08-30T10:01:21.191+0200,dw01,1729,198,1776,-133,1461,1009,3.06,42327
ground-height-2m-20260828-133428,d018m_r090_run01.csv,2,18,90,dw00;dw01;dw02;dw03;dw04;dw05;dw06;dw07;dw08,dw00;dw01;dw02;dw03;dw04;dw05;dw06;dw07;dw08,,55,1,2026-08-30T10:01:21.201+0200,dw02,8FB0,38,1780,-97,1780,0,3.33,52368
ground-height-2m-20260828-133428,d018m_r090_run01.csv,2,18,90,dw00;dw01;dw02;dw03;dw04;dw05;dw06;dw07;dw08,dw00;dw01;dw02;dw03;dw04;dw05;dw06;dw07;dw08,,90,1,2026-08-30T10:01:21.211+0200,dw04,0F85,97,1768,-4,-1063,1412,3.78,62255
ground-height-2m-20260828-133428,d018m_r090_run01.csv,2,18,90,dw00;dw01;dw02;dw03;dw04;dw05;dw06;dw07;dw08,dw00;dw01;dw02;dw03;dw04;dw05;dw06;dw07;dw08,,105,1,2026-08-30T10:01:21.221+0200,dw05,4B92,173,1776,44,-525,1696,2.71,72235
ground-height-2m-20260828-133428,d018m_r090_run01.csv,2,18,90,dw00;dw01;dw02;dw03;dw04;dw05;dw06;dw07;dw08,dw00;dw01;dw02;dw03;dw04;dw05;dw06;dw07;dw08,,125,1,2026-08-30T10:01:21.231+0200,dw06,0789,187,1780,83,-103,1777,3.90,82305
ground-height-2m-20260828-133428,d018m_r090_run01.csv,2,18,90,dw00;dw01;dw02;dw03;dw04;dw05;dw06;dw07;dw08,dw00;dw01;dw02;dw03;dw04;dw05;dw06;dw07;dw08,,145,1,2026-08-30T10:01:21.341+0200,dw07,5783,23,1773,133,442,1717,2.20,2147483
ground-height-2m-20260828-133428,d018m_r090_run01.csv,2,18,90,dw00;dw01;dw02;dw03;dw04;dw05;dw06;dw07;dw08,dw00;dw01;dw02;dw03;dw04;dw05;dw06;dw07;dw08,,75,1,2026-08-30T10:01:21.361+0200,dw03,021B,204,1766,-46,-1513,912,4.02,12329
ground-height-2m-20260828-133428,d018m_r090_run01.csv,2,18,90,dw00;dw01;dw02;dw03;dw04;dw05;dw06;dw07;dw08,dw00;dw01;dw02;dw03;dw04;dw05;dw06;dw07;dw08,,165,1,2026-08-30T10:01:21.371+0200,dw08,028E,168,1778,153,662,1650,3.33,22247
ground-height-2m-20260828-133428,d018m_r090_run01.csv,2,18,90,dw00;dw01;dw02;dw03;dw04;dw05;dw06;dw07;dw08,dw00;dw01;dw02;dw03;dw04;dw05;dw06;dw07;dw08,,15,1,2026-08-30T10:01:21.381+0200,dw00,8103,255,1793,-163,1139,1385,3.63,32257
ground-height-2m-20260828-133428,d018m_r090_run01.csv,2,18,90,dw00;dw01;dw02;dw03;dw04;dw05;dw06;dw07;dw08,dw00;dw01;dw02;dw03;dw04;dw05;dw06;dw07;dw08,,35,1,2026-08-30T10:01:21.391+0200,dw01,1729,199,1776,-121,1596,779,3.06,42327
ground-height-2m-20260828-133428,d018m_r090_run01.csv,2,18,90,dw00;dw01;dw02;dw03;dw04;dw05;dw06;dw07;dw08,dw00;dw01;dw02;dw03;dw04;dw05;dw06;dw07;dw08,,55,1,2026-08-30T10:01:21.401+0200,dw02,8FB0,39,1778,-88,1778,0,3.33,52307
ground-height-2m-20260828-133428,d018m_r090_run01.csv,2,18,90,dw00;dw01;dw02;dw03;dw04;dw05;dw06;dw07;dw08,dw00;dw01;dw02;dw03;dw04;dw05;dw06;dw07;dw08,,90,1,2026-08-30T10:01:21.411+0200,dw04,0F85,98,1765,2,-981,1467,3.69,62255
ground-height-2m-20260828-133428,d018m_r090_run01.csv,2,18,90,dw00;dw01;dw02;dw03;dw04;dw05;dw06;dw07;dw08,dw00;dw01;dw02;dw03;dw04;dw05;dw06;dw07;dw08,,105,1,2026-08-30T10:01:21.421+0200,dw05,4B92,174,1772,49,-474,1707,2.71,72265
ground-height-2m-20260828-133428,d018m_r090_run01.csv,2,18,90,dw00;dw01;dw02;dw03;dw04;dw05;dw06;dw07;dw08,dw00;dw01;dw02;dw03;dw04;dw05;dw06;dw07;dw08,,125,1,2026-08-30T10:01:21.431+0200,dw06,0789,188,1775,85,-81,1773,3.84,82275
ground-height-2m-20260828-133428,d018m_r090_run01.csv,2,18,90,dw00;dw01;dw02;dw03;dw04;dw05;dw06;dw07;dw08,dw00;dw01;dw02;dw03;dw04;dw05;dw06;dw07;dw08,,145,1,2026-08-30T10:01:21.541+0200,dw07,5783,24,1779,130,416,1730,2.14,2147483
ground-height-2m-20260828-133428,d018m_r090_run01.csv,2,18,90,dw00;dw01;dw02;dw03;dw04;dw05;dw06;dw07;dw08,dw00;dw01;dw02;dw03;dw04;dw05;dw06;dw07;dw08,,75,1,2026-08-30T10:01:21.561+0200,dw03,021B,205,1768,-43,-1481,964,4.08,12268
ground-height-2m-20260828-133428,d018m_r090_run01.csv,2,18,90,dw00;dw01;dw02;dw03;dw04;dw05;dw06;dw07;dw08,dw00;dw01;dw02;dw03;dw04;dw05;dw06;dw07;dw08,,165,1,2026-08-30T10:01:21.570+0200,dw08,028E,169,1775,-4,-1063,1421,3.33,22247
ground-height-2m-20260828-133428,d018m_r090_run01.csv,2,18,90,dw00;dw01;dw02;dw03;dw04;dw05;dw06;dw07;dw08,dw00;dw01;dw02;dw03;dw04;dw05;dw06;dw07;dw08,,15,1,2026-08-30T10:01:21.581+0200,dw00,8103,0,1799,-157,1208,1332,3.69,32226
ground-height-2m-20260828-133428,d018m_r090_run01.csv,2,18,90,dw00;dw01;dw02;dw03;dw04;dw05;dw06;dw07;dw08,dw00;dw01;dw02;dw03;dw04;dw05;dw06;dw07;dw08,,35,1,2026-08-30T10:01:21.591+0200,dw01,1729,200,1777,-128,1515,929,3.06,42327
ground-height-2m-20260828-133428,d018m_r090_run01.csv,2,18,90,dw00;dw01;dw02;dw03;dw04;dw05;dw06;dw07;dw08,dw00;dw01;dw02;dw03;dw04;dw05;dw06;dw07;dw08,,55,1,2026-08-30T10:01:21.601+0200,dw02,8FB0,40,1778,-100,1778,0,3.33,52276
ground-height-2m-20260828-133428,d018m_r090_run01.csv,2,18,90,dw00;dw01;dw02;dw03;dw04;dw05;dw06;dw07;dw08,dw00;dw01;dw02;dw03;dw04;dw05;dw06;dw07;dw08,,90,1,2026-08-30T10:01:21.610+0200,dw04,0F85,99,1766,7,-931,1501,3.84,62255
ground-height-2m-20260828-133428,d018m_r090_run01.csv,2,18,90,dw00;dw01;dw02;dw03;dw04;dw05;dw06;dw07;dw08,dw00;dw01;dw02;dw03;dw04;dw05;dw06;dw07;dw08,,105,1,2026-08-30T10:01:21.621+0200,dw05,4B92,175,1771,40,-572,1676,2.65,72235
ground-height-2m-20260828-133428,d018m_r090_run01.csv,2,18,90,dw00;dw01;dw02;dw03;dw04;dw05;dw06;dw07;dw08,dw00;dw01;dw02;dw03;dw04;dw05;dw06;dw07;dw08,,125,1,2026-08-30T10:01:21.631+0200,dw06,0789,189,1777,77,-167,1769,3.72,82275
ground-height-2m-20260828-133428,d018m_r090_run01.csv,2,18,90,dw00;dw01;dw02;dw03;dw04;dw05;dw06;dw07;dw08,dw00;dw01;dw02;dw03;dw04;dw05;dw06;dw07;dw08,,145,1,2026-08-30T10:01:21.740+0200,dw07,5783,25,1777,120,300,1751,2.14,2147483
ground-height-2m-20260828-133428,d018m_r090_run01.csv,2,18,90,dw00;dw01;dw02;dw03;dw04;dw05;dw06;dw07;dw08,dw00;dw01;dw02;dw03;dw04;dw05;dw06;dw07;dw08,,75,1,2026-08-30T10:01:21.761+0200,dw03,021B,206,1765,-49,-1545,853,4.02,12329
ground-height-2m-20260828-133428,d018m_r090_run01.csv,2,18,90,dw00;dw01;dw02;dw03;dw04;dw05;dw06;dw07;dw08,dw00;dw01;dw02;dw03;dw04;dw05;dw06;dw07;dw08,,165,1,2026-08-30T10:01:21.771+0200,dw08,028E,170,1777,159,730,1620,3.33,22277
ground-height-2m-20260828-133428,d018m_r090_run01.csv,2,18,90,dw00;dw01;dw02;dw03;dw04;dw05;dw06;dw07;dw08,dw00;dw01;dw02;dw03;dw04;dw05;dw06;dw07;dw08,,15,1,2026-08-30T10:01:21.780+0200,dw00,8103,1,1795,-156,1222,1315,3.69,32226
ground-height-2m-20260828-133428,d018m_r090_run01.csv,2,18,90,dw00;dw01;dw02;dw03;dw04;dw05;dw06;dw07;dw08,dw00;dw01;dw02;dw03;dw04;dw05;dw06;dw07;dw08,,35,1,2026-08-30T10:01:21.791+0200,dw01,1729,201,1775,-120,1601,765,3.06,42297
ground-height-2m-20260828-133428,d018m_r090_run01.csv,2,18,90,dw00;dw01;dw02;dw03;dw04;dw05;dw06;dw07;dw08,dw00;dw01;dw02;dw03;dw04;dw05;dw06;dw07;dw08,,55,1,2026-08-30T10:01:21.801+0200,dw02,8FB0,41,1780,-95,1780,0,3.27,52337
ground-height-2m-20260828-133428,d018m_r090_run01.csv,2,18,90,dw00;dw01;dw02;dw03;dw04;dw05;dw06;dw07;dw08,dw00;dw01;dw02;dw03;dw04;dw05;dw06;dw07;dw08,,90,1,2026-08-30T10:01:21.811+0200,dw04,0F85,100,1767,-4,-1061,1412,3.78,62255
ground-height-2m-20260828-133428,d018m_r090_run01.csv,2,18,90,dw00;dw01;dw02;dw03;dw04;dw05;dw06;dw07;dw08,dw00;dw01;dw02;dw03;dw04;dw05;dw06;dw07;dw08,,105,1,2026-08-30T10:01:21.820+0200,dw05,4B92,176,1778,38,-600,1673,2.77,72235
ground-height-2m-20260828-133428,d018m_r090_run01.csv,2,18,90,dw00;dw01;dw02;dw03;dw04;dw05;dw06;dw07;dw08,dw00;dw01;dw02;dw03;dw04;dw05;dw06;dw07;dw08,,125,1,2026-08-30T10:01:21.831+0200,dw06,0789,190,1776,84,-92,1774,3.78,82275
ground-height-2m-20260828-133428,d018m_r090_run01.csv,2,18,90,dw00;dw01;dw02;dw03;dw04;dw05;dw06;dw07;dw08,dw00;dw01;dw02;dw03;dw04;dw05;dw06;dw07;dw08,,145,1,2026-08-30T10:01:21.941+0200,dw07,5783,26,1778,134,451,1720,2.26,2147483
ground-height-2m-20260828-133428,d018m_r090_run01.csv,2,18,90,dw00;dw01;dw02;dw03;dw04;dw05;dw06;dw07;dw08,dw00;dw01;dw02;dw03;dw04;dw05;dw06;dw07;dw08,,75,1,2026-08-30T10:01:21.961+0200,dw03,021B,207,1766,-42,-1477,969,4.20,12298
ground-height-2m-20260828-133428,d018m_r090_run01.csv,2,18,90,dw00;dw01;dw02;dw03;dw04;dw05;dw06;dw07;dw08,dw00;dw01;dw02;dw03;dw04;dw05;dw06;dw07;dw08,,165,1,2026-08-30T10:01:21.971+0200,dw08,028E,171,1772,154,674,1638,3.33,22277
ground-height-2m-20260828-133428,d018m_r090_run01.csv,2,18,90,dw00;dw01;dw02;dw03;dw04;dw05;dw06;dw07;dw08,dw00;dw01;dw02;dw03;dw04;dw05;dw06;dw07;dw08,,15,1,2026-08-30T10:01:21.981+0200,dw00,8103,2,1796,-164,1138,1389,3.57,32257
ground-height-2m-20260828-133428,d018m_r090_run01.csv,2,18,90,dw00;dw01;dw02;dw03;dw04;dw05;dw06;dw07;dw08,dw00;dw01;dw02;dw03;dw04;dw05;dw06;dw07;dw08,,35,1,2026-08-30T10:01:21.990+0200,dw01,1729,202,1781,-131,1485,983,3.06,42327
ground-height-2m-20260828-133428,d018m_r090_run01.csv,2,18,90,dw00;dw01;dw02;dw03;dw04;dw05;dw06;dw07;dw08,dw00;dw01;dw02;dw03;dw04;dw05;dw06;dw07;dw08,,55,1,2026-08-30T10:01:22.001+0200,dw02,8FB0,42,1780,-100,1780,0,3.39,52307
ground-height-2m-20260828-133428,d018m_r090_run01.csv,2,18,90,dw00;dw01;dw02;dw03;dw04;dw05;dw06;dw07;dw08,dw00;dw01;dw02;dw03;dw04;dw05;dw06;dw07;dw08,,90,1,2026-08-30T10:01:22.011+0200,dw04,0F85,101,1765,3,-967,1476,3.69,62255
ground-height-2m-20260828-133428,d018m_r090_run01.csv,2,18,90,dw00;dw01;dw02;dw03;dw04;dw05;dw06;dw07;dw08,dw00;dw01;dw02;dw03;dw04;dw05;dw06;dw07;dw08,,105,1,2026-08-30T10:01:22.021+0200,dw05,4B92,177,1774,40,-577,1677,2.77,72235
ground-height-2m-20260828-133428,d018m_r090_run01.csv,2,18,90,dw00;dw01;dw02;dw03;dw04;dw05;dw06;dw07;dw08,dw00;dw01;dw02;dw03;dw04;dw05;dw06;dw07;dw08,,125,1,2026-08-30T10:01:22.030+0200,dw06,0789,191,1773,93,10,1773,3.75,82275
ground-height-2m-20260828-133428,d018m_r090_run01.csv,2,18,90,dw00;dw01;dw02;dw03;dw04;dw05;dw06;dw07;dw08,dw00;dw01;dw02;dw03;dw04;dw05;dw06;dw07;dw08,,145,1,2026-08-30T10:01:22.141+0200,dw07,5783,27,1774,125,358,1738,2.14,2147483
ground-height-2m-20260828-133428,d018m_r090_run01.csv,2,18,90,dw00;dw01;dw02;dw03;dw04;dw05;dw06;dw07;dw08,dw00;dw01;dw02;dw03;dw04;dw05;dw06;dw07;dw08,,75,1,2026-08-30T10:01:22.160+0200,dw03,021B,208,1766,-46,-1513,911,4.20,12298
ground-height-2m-20260828-133428,d018m_r090_run01.csv,2,18,90,dw00;dw01;dw02;dw03;dw04;dw05;dw06;dw07;dw08,dw00;dw01;dw02;dw03;dw04;dw05;dw06;dw07;dw08,,165,1,2026-08-30T10:01:22.171+0200,dw08,028E,172,1777,177,928,1515,3.33,22247
ground-height-2m-20260828-133428,d018m_r090_run01.csv,2,18,90,dw00;dw01;dw02;dw03;dw04;dw05;dw06;dw07;dw08,dw00;dw01;dw02;dw03;dw04;dw05;dw06;dw07;dw08,,15,1,2026-08-30T10:01:22.181+0200,dw00,8103,3,1793,-163,1147,1378,3.69,32257
ground-height-2m-20260828-133428,d018m_r090_run01.csv,2,18,90,dw00;dw01;dw02;dw03;dw04;dw05;dw06;dw07;dw08,dw00;dw01;dw02;dw03;dw04;dw05;dw06;dw07;dw08,,35,1,2026-08-30T10:01:22.191+0200,dw01,1729,203,1781,-142,1365,1144,3.06,42327
ground-height-2m-20260828-133428,d018m_r090_run01.csv,2,18,90,dw00;dw01;dw02;dw03;dw04;dw05;dw06;dw07;dw08,dw00;dw01;dw02;dw03;dw04;dw05;dw06;dw07;dw08,,55,1,2026-08-30T10:01:22.200+0200,dw02,8FB0,43,1778,-94,1778,0,3.27,52307
ground-height-2m-20260828-133428,d018m_r090_run01.csv,2,18,90,dw00;dw01;dw02;dw03;dw04;dw05;dw06;dw07;dw08,dw00;dw01;dw02;dw03;dw04;dw05;dw06;dw07;dw08,,90,1,2026-08-30T10:01:22.211+0200,dw04,0F85,102,1769,1,-993,1464,3.78,62255
ground-height-2m-20260828-133428,d018m_r090_run01.csv,2,18,90,dw00;dw01;dw02;dw03;dw04;dw05;dw06;dw07;dw08,dw00;dw01;dw02;dw03;dw04;dw05;dw06;dw07;dw08,,105,1,2026-08-30T10:01:22.221+0200,dw05,4B92,178,1774,46,-505,1701,2.65,72235
ground-height-2m-20260828-133428,d018m_r090_run01.csv,2,18,90,dw00;dw01;dw02;dw03;dw04;dw05;dw06;dw07;dw08,dw00;dw01;dw02;dw03;dw04;dw05;dw06;dw07;dw08,,125,1,2026-08-30T10:01:22.231+0200,dw06,0789,192,1779,90,-21,1779,3.72,82275
ground-height-2m-20260828-133428,d018m_r090_run01.csv,2,18,90,dw00;dw01;dw02;dw03;dw04;dw05;dw06;dw07;dw08,dw00;dw01;dw02;dw03;dw04;dw05;dw06;dw07;dw08,,145,1,2026-08-30T10:01:22.341+0200,dw07,5783,28,1773,134,458,1713,2.02,2147483
ground-height-2m-20260828-133428,d018m_r090_run01.csv,2,18,90,dw00;dw01;dw02;dw03;dw04;dw05;dw06;dw07;dw08,dw00;dw01;dw02;dw03;dw04;dw05;dw06;dw07;dw08,,75,1,2026-08-30T10:01:22.360+0200,dw03,021B,209,1768,-50,-1565,823,4.14,12329
ground-height-2m-20260828-133428,d018m_r090_run01.csv,2,18,90,dw00;dw01;dw02;dw03;dw04;dw05;dw06;dw07;dw08,dw00;dw01;dw02;dw03;dw04;dw05;dw06;dw07;dw08,,165,1,2026-08-30T10:01:22.370+0200,dw08,028E,173,1777,-16,-1196,1314,3.21,22247
ground-height-2m-20260828-133428,d018m_r090_run01.csv,2,18,90,dw00;dw01;dw02;dw03;dw04;dw05;dw06;dw07;dw08,dw00;dw01;dw02;dw03;dw04;dw05;dw06;dw07;dw08,,15,1,2026-08-30T10:01:22.381+0200,dw00,8103,4,1796,-169,1083,1432,3.63,32226
ground-height-2m-20260828-133428,d018m_r090_run01.csv,2,18,90,dw00;dw01;dw02;dw03;dw04;dw05;dw06;dw07;dw08,dw00;dw01;dw02;dw03;dw04;dw05;dw06;dw07;dw08,,35,1,2026-08-30T10:01:22.391+0200,dw01,1729,204,1777,-133,1460,1013,3.15,42358
ground-height-2m-20260828-133428,d018m_r090_run01.csv,2,18,90,dw00;dw01;dw02;dw03;dw04;dw05;dw06;dw07;dw08,dw00;dw01;dw02;dw03;dw04;dw05;dw06;dw07;dw08,,55,1,2026-08-30T10:01:22.400+0200,dw02,8FB0,44,1781,-93,1781,0,3.27,52337
ground-height-2m-20260828-133428,d018m_r090_run01.csv,2,18,90,dw00;dw01;dw02;dw03;dw04;dw05;dw06;dw07;dw08,dw00;dw01;dw02;dw03;dw04;dw05;dw06;dw07;dw08,,90,1,2026-08-30T10:01:22.410+0200,dw04,0F85,103,1770,-6,-1079,1403,3.72,62225
ground-height-2m-20260828-133428,d018m_r090_run01.csv,2,18,90,dw00;dw01;dw02;dw03;dw04;dw05;dw06;dw07;dw08,dw00;dw01;dw02;dw03;dw04;dw05;dw06;dw07;dw08,,105,1,2026-08-30T10:01:22.421+0200,dw05,4B92,179,1775,34,-638,1656,2.77,72235
ground-height-2m-20260828-133428,d018m_r090_run01.csv,2,18,90,dw00;dw01;dw02;dw03;dw04;dw05;dw06;dw07;dw08,dw00;dw01;dw02;dw03;dw04;dw05;dw06;dw07;dw08,,125,1,2026-08-30T10:01:22.431+0200,dw06,0789,193,1779,92,-8,1779,3.84,82275
ground-height-2m-20260828-133428,d018m_r090_run01.csv,2,18,90,dw00;dw01;dw02;dw03;dw04;dw05;dw06;dw07;dw08,dw00;dw01;dw02;dw03;dw04;dw05;dw06;dw07;dw08,,145,1,2026-08-30T10:01:22.540+0200,dw07,5783,29,1776,111,204,1764,2.20,2147483
ground-height-2m-20260828-133428,d018m_r090_run01.csv,2,18,90,dw00;dw01;dw02;dw03;dw04;dw05;dw06;dw07;dw08,dw00;dw01;dw02;dw03;dw04;dw05;dw06;dw07;dw08,,75,1,2026-08-30T10:01:22.561+0200,dw03,021B,210,1766,-56,-1624,693,4.02,12268
ground-height-2m-20260828-133428,d018m_r090_run01.csv,2,18,90,dw00;dw01;dw02;dw03;dw04;dw05;dw06;dw07;dw08,dw00;dw01;dw02;dw03;dw04;dw05;dw06;dw07;dw08,,165,1,2026-08-30T10:01:22.570+0200,dw08,028E,174,1778,166,803,1586,3.33,22247
ground-height-2m-20260828-133428,d018m_r090_run01.csv,2,18,90,dw00;dw01;dw02;dw03;dw04;dw05;dw06;dw07;dw08,dw00;dw01;dw02;dw03;dw04;dw05;dw06;dw07;dw08,,15,1,2026-08-30T10:01:22.580+0200,dw00,8103,5,1792,-154,1239,1293,3.69,32257
ground-height-2m-20260828-133428,d018m_r090_run01.csv,2,18,90,dw00;dw01;dw02;dw03;dw04;dw05;dw06;dw07;dw08,dw00;dw01;dw02;dw03;dw04;dw05;dw06;dw07;dw08,,35,1,2026-08-30T10:01:22.591+0200,dw01,1729,205,1774,-117,1629,703,3.09,42327
ground-height-2m-20260828-133428,d018m_r090_run01.csv,2,18,90,dw00;dw01;dw02;dw03;dw04;dw05;dw06;dw07;dw08,dw00;dw01;dw02;dw03;dw04;dw05;dw06;dw07;dw08,,55,1,2026-08-30T10:01:22.601+0200,dw02,8FB0,45,1776,-104,1775,72,3.33,52307
ground-height-2m-20260828-133428,d018m_r090_run01.csv,2,18,90,dw00;dw01;dw02;dw03;dw04;dw05;dw06;dw07;dw08,dw00;dw01;dw02;dw03;dw04;dw05;dw06;dw07;dw08,,90,1,2026-08-30T10:01:22.610+0200,dw04,0F85,104,1769,-14,-1168,1328,3.78,62255
ground-height-2m-20260828-133428,d018m_r090_run01.csv,2,18,90,dw00;dw01;dw02;dw03;dw04;dw05;dw06;dw07;dw08,dw00;dw01;dw02;dw03;dw04;dw05;dw06;dw07;dw08,,105,1,2026-08-30T10:01:22.620+0200,dw05,4B92,180,1774,44,-532,1692,2.89,72235
ground-height-2m-20260828-133428,d018m_r090_run01.csv,2,18,90,dw00;dw01;dw02;dw03;dw04;dw05;dw06;dw07;dw08,dw00;dw01;dw02;dw03;dw04;dw05;dw06;dw07;dw08,,125,1,2026-08-30T10:01:22.631+0200,dw06,0789,194,1775,77,-172,1767,3.84,82275
ground-height-2m-20260828-133428,d018m_r090_run01.csv,2,18,90,dw00;dw01;dw02;dw03;dw04;dw05;dw06;dw07;dw08,dw00;dw01;dw02;dw03;dw04;dw05;dw06;dw07;dw08,,145,1,2026-08-30T10:01:22.740+0200,dw07,5783,30,1778,129,395,1733,2.26,2147483
ground-height-2m-20260828-133428,d018m_r090_run01.csv,2,18,90,dw00;dw01;dw02;dw03;dw04;dw05;dw06;dw07;dw08,dw00;dw01;dw02;dw03;dw04;dw05;dw06;dw07;dw08,,75,1,2026-08-30T10:01:22.761+0200,dw03,021B,211,1768,-58,-1653,628,4.14,12298
ground-height-2m-20260828-133428,d018m_r090_run01.csv,2,18,90,dw00;dw01;dw02;dw03;dw04;dw05;dw06;dw07;dw08,dw00;dw01;dw02;dw03;dw04;dw05;dw06;dw07;dw08,,165,1,2026-08-30T10:01:22.771+0200,dw08,028E,175,1778,-29,-1343,1165,3.33,22277
ground-height-2m-20260828-133428,d018m_r090_run01.csv,2,18,90,dw00;dw01;dw02;dw03;dw04;dw05;dw06;dw07;dw08,dw00;dw01;dw02;dw03;dw04;dw05;dw06;dw07;dw08,,15,1,2026-08-30T10:01:22.780+0200,dw00,8103,6,1794,-159,1191,1342,3.57,32226
ground-height-2m-20260828-133428,d018m_r090_run01.csv,2,18,90,dw00;dw01;dw02;dw03;dw04;dw05;dw06;dw07;dw08,dw00;dw01;dw02;dw03;dw04;dw05;dw06;dw07;dw08,,35,1,2026-08-30T10:01:22.790+0200,dw01,1729,206,1778,-129,1502,952,3.15,42297
ground-height-2m-20260828-133428,d018m_r090_run01.csv,2,18,90,dw00;dw01;dw02;dw03;dw04;dw05;dw06;dw07;dw08,dw00;dw01;dw02;dw03;dw04;dw05;dw06;dw07;dw08,,55,1,2026-08-30T10:01:22.801+0200,dw02,8FB0,46,1777,-100,1777,0,3.39,52307
ground-height-2m-20260828-133428,d018m_r090_run01.csv,2,18,90,dw00;dw01;dw02;dw03;dw04;dw05;dw06;dw07;dw08,dw00;dw01;dw02;dw03;dw04;dw05;dw06;dw07;dw08,,90,1,2026-08-30T10:01:22.811+0200,dw04,0F85,105,1766,3,-972,1474,3.84,62255
ground-height-2m-20260828-133428,d018m_r090_run01.csv,2,18,90,dw00;dw01;dw02;dw03;dw04;dw05;dw06;dw07;dw08,dw00;dw01;dw02;dw03;dw04;dw05;dw06;dw07;dw08,,105,1,2026-08-30T10:01:22.820+0200,dw05,4B92,181,1776,43,-545,1690,2.71,72296
ground-height-2m-20260828-133428,d018m_r090_run01.csv,2,18,90,dw00;dw01;dw02;dw03;dw04;dw05;dw06;dw07;dw08,dw00;dw01;dw02;dw03;dw04;dw05;dw06;dw07;dw08,,125,1,2026-08-30T10:01:22.830+0200,dw06,0789,195,1773,88,-53,1772,3.84,82275
ground-height-2m-20260828-133428,d018m_r090_run01.csv,2,18,90,dw00;dw01;dw02;dw03;dw04;dw05;dw06;dw07;dw08,dw00;dw01;dw02;dw03;dw04;dw05;dw06;dw07;dw08,,145,1,2026-08-30T10:01:22.940+0200,dw07,5783,31,1772,129,402,1726,2.20,2147483
ground-height-2m-20260828-133428,d018m_r090_run01.csv,2,18,90,dw00;dw01;dw02;dw03;dw04;dw05;dw06;dw07;dw08,dw00;dw01;dw02;dw03;dw04;dw05;dw06;dw07;dw08,,75,1,2026-08-30T10:01:22.960+0200,dw03,021B,212,1766,-52,-1585,778,4.08,12329
ground-height-2m-20260828-133428,d018m_r090_run01.csv,2,18,90,dw00;dw01;dw02;dw03;dw04;dw05;dw06;dw07;dw08,dw00;dw01;dw02;dw03;dw04;dw05;dw06;dw07;dw08,,165,1,2026-08-30T10:01:22.971+0200,dw08,028E,176,1773,-3,-1053,1427,3.27,22277
ground-height-2m-20260828-133428,d018m_r090_run01.csv,2,18,90,dw00;dw01;dw02;dw03;dw04;dw05;dw06;dw07;dw08,dw00;dw01;dw02;dw03;dw04;dw05;dw06;dw07;dw08,,15,1,2026-08-30T10:01:22.981+0200,dw00,8103,7,1793,-162,1157,1369,3.69,32257
ground-height-2m-20260828-133428,d018m_r090_run01.csv,2,18,90,dw00;dw01;dw02;dw03;dw04;dw05;dw06;dw07;dw08,dw00;dw01;dw02;dw03;dw04;dw05;dw06;dw07;dw08,,35,1,2026-08-30T10:01:22.990+0200,dw01,1729,207,1778,-126,1535,896,3.06,42358
ground-height-2m-20260828-133428,d018m_r090_run01.csv,2,18,90,dw00;dw01;dw02;dw03;dw04;dw05;dw06;dw07;dw08,dw00;dw01;dw02;dw03;dw04;dw05;dw06;dw07;dw08,,55,1,2026-08-30T10:01:23.000+0200,dw02,8FB0,47,1777,-99,1777,0,3.33,52307
ground-height-2m-20260828-133428,d018m_r090_run01.csv,2,18,90,dw00;dw01;dw02;dw03;dw04;dw05;dw06;dw07;dw08,dw00;dw01;dw02;dw03;dw04;dw05;dw06;dw07;dw08,,90,1,2026-08-30T10:01:23.011+0200,dw04,0F85,106,1775,-8,-1113,1383,3.72,62255
ground-height-2m-20260828-133428,d018m_r090_run01.csv,2,18,90,dw00;dw01;dw02;dw03;dw04;dw05;dw06;dw07;dw08,dw00;dw01;dw02;dw03;dw04;dw05;dw06;dw07;dw08,,105,1,2026-08-30T10:01:23.021+0200,dw05,4B92,182,1774,33,-654,1649,2.71,72204
ground-height-2m-20260828-133428,d018m_r090_run01.csv,2,18,90,dw00;dw01;dw02;dw03;dw04;dw05;dw06;dw07;dw08,dw00;dw01;dw02;dw03;dw04;dw05;dw06;dw07;dw08,,125,1,2026-08-30T10:01:23.030+0200,dw06,0789,196,1779,82,-110,1776,3.78,82275
ground-height-2m-20260828-133428,d018m_r090_run01.csv,2,18,90,dw00;dw01;dw02;dw03;dw04;dw05;dw06;dw07;dw08,dw00;dw01;dw02;dw03;dw04;dw05;dw06;dw07;dw08,,145,1,2026-08-30T10:01:23.141+0200,dw07,5783,32,1774,137,483,1707,2.14,2147483
ground-height-2m-20260828-133428,d018m_r090_run01.csv,2,18,90,dw00;dw01;dw02;dw03;dw04;dw05;dw06;dw07;dw08,dw00;dw01;dw02;dw03;dw04;dw05;dw06;dw07;dw08,,75,1,2026-08-30T10:01:23.160+0200,dw03,021B,213,1767,-44,-1495,942,4.14,12298
ground-height-2m-20260828-133428,d018m_r090_run01.csv,2,18,90,dw00;dw01;dw02;dw03;dw04;dw05;dw06;dw07;dw08,dw00;dw01;dw02;dw03;dw04;dw05;dw06;dw07;dw08,,165,1,2026-08-30T10:01:23.170+0200,dw08,028E,177,1778,151,639,1660,3.33,22277
ground-height-2m-20260828-133428,d018m_r090_run01.csv,2,18,90,dw00;dw01;dw02;dw03;dw04;dw05;dw06;dw07;dw08,dw00;dw01;dw02;dw03;dw04;dw05;dw06;dw07;dw08,,15,1,2026-08-30T10:01:23.181+0200,dw00,8103,8,1794,-153,1252,1285,3.57,32257
ground-height-2m-20260828-133428,d018m_r090_run01.csv,2,18,90,dw00;dw01;dw02;dw03;dw04;dw05;dw06;dw07;dw08,dw00;dw01;dw02;dw03;dw04;dw05;dw06;dw07;dw08,,35,1,2026-08-30T10:01:23.190+0200,dw01,1729,208,1775,-139,1397,1094,3.09,42327
ground-height-2m-20260828-133428,d018m_r090_run01.csv,2,18,90,dw00;dw01;dw02;dw03;dw04;dw05;dw06;dw07;dw08,dw00;dw01;dw02;dw03;dw04;dw05;dw06;dw07;dw08,,55,1,2026-08-30T10:01:23.200+0200,dw02,8FB0,48,1781,-98,1781,0,3.33,52337
ground-height-2m-20260828-133428,d018m_r090_run01.csv,2,18,90,dw00;dw01;dw02;dw03;dw04;dw05;dw06;dw07;dw08,dw00;dw01;dw02;dw03;dw04;dw05;dw06;dw07;dw08,,90,1,2026-08-30T10:01:23.210+0200,dw04,0F85,107,1773,-5,-1080,1406,3.69,62286
ground-height-2m-20260828-133428,d018m_r090_run01.csv,2,18,90,dw00;dw01;dw02;dw03;dw04;dw05;dw06;dw07;dw08,dw00;dw01;dw02;dw03;dw04;dw05;dw06;dw07;dw08,,105,1,2026-08-30T10:01:23.221+0200,dw05,4B92,183,1775,51,-450,1717,2.65,72265
ground-height-2m-20260828-133428,d018m_r090_run01.csv,2,18,90,dw00;dw01;dw02;dw03;dw04;dw05;dw06;dw07;dw08,dw00;dw01;dw02;dw03;dw04;dw05;dw06;dw07;dw08,,125,1,2026-08-30T10:01:23.230+0200,dw06,0789,197,1777,92,-3,1777,3.78,82305
ground-height-2m-20260828-133428,d018m_r090_run01.csv,2,18,90,dw00;dw01;dw02;dw03;dw04;dw05;dw06;dw07;dw08,dw00;dw01;dw02;dw03;dw04;dw05;dw06;dw07;dw08,,145,1,2026-08-30T10:01:23.340+0200,dw07,5783,33,1770,132,436,1715,2.08,2147483
ground-height-2m-20260828-133428,d018m_r090_run01.csv,2,18,90,dw00;dw01;dw02;dw03;dw04;dw05;dw06;dw07;dw08,dw00;dw01;dw02;dw03;dw04;dw05;dw06;dw07;dw08,,75,1,2026-08-30T10:01:23.360+0200,dw03,021B,214,1766,-49,-1545,856,4.20,12298
ground-height-2m-20260828-133428,d018m_r090_run01.csv,2,18,90,dw00;dw01;dw02;dw03;dw04;dw05;dw06;dw07;dw08,dw00;dw01;dw02;dw03;dw04;dw05;dw06;dw07;dw08,,165,1,2026-08-30T10:01:23.370+0200,dw08,028E,178,1777,163,768,1602,3.33,22308
ground-height-2m-20260828-133428,d018m_r090_run01.csv,2,18,90,dw00;dw01;dw02;dw03;dw04;dw05;dw06;dw07;dw08,dw00;dw01;dw02;dw03;dw04;dw05;dw06;dw07;dw08,,15,1,2026-08-30T10:01:23.380+0200,dw00,8103,9,1798,-167,1103,1419,3.63,32226
ground-height-2m-20260828-133428,d018m_r090_run01.csv,2,18,90,dw00;dw01;dw02;dw03;dw04;dw05;dw06;dw07;dw08,dw00;dw01;dw02;dw03;dw04;dw05;dw06;dw07;dw08,,35,1,2026-08-30T10:01:23.391+0200,dw01,1729,209,1773,95,26,1773,3.06,42266
ground-height-2m-20260828-133428,d018m_r090_run01.csv,2,18,90,dw00;dw01;dw02;dw03;dw04;dw05;dw06;dw07;dw08,dw00;dw01;dw02;dw03;dw04;dw05;dw06;dw07;dw08,,55,1,2026-08-30T10:01:23.400+0200,dw02,8FB0,49,1777,-88,1777,0,3.27,52276
ground-height-2m-20260828-133428,d018m_r090_run01.csv,2,18,90,dw00;dw01;dw02;dw03;dw04;dw05;dw06;dw07;dw08,dw00;dw01;dw02;dw03;dw04;dw05;dw06;dw07;dw08,,90,1,2026-08-30T10:01:23.410+0200,dw04,0F85,108,1767,1,-999,1457,3.72,62255
ground-height-2m-20260828-133428,d018m_r090_run01.csv,2,18,90,dw00;dw01;dw02;dw03;dw04;dw05;dw06;dw07;dw08,dw00;dw01;dw02;dw03;dw04;dw05;dw06;dw07;dw08,,105,1,2026-08-30T10:01:23.420+0200,dw05,4B92,184,1773,42,-548,1686,2.71,72235
ground-height-2m-20260828-133428,d018m_r090_run01.csv,2,18,90,dw00;dw01;dw02;dw03;dw04;dw05;dw06;dw07;dw08,dw00;dw01;dw02;dw03;dw04;dw05;dw06;dw07;dw08,,125,1,2026-08-30T10:01:23.431+0200,dw06,0789,198,1777,92,-2,1777,3.84,82244
ground-height-2m-20260828-133428,d018m_r090_run01.csv,2,18,90,dw00;dw01;dw02;dw03;dw04;dw05;dw06;dw07;dw08,dw00;dw01;dw02;dw03;dw04;dw05;dw06;dw07;dw08,,145,1,2026-08-30T10:01:23.540+0200,dw07,5783,34,1777,127,377,1736,2.14,2147483
ground-height-2m-20260828-133428,d018m_r090_run01.csv,2,18,90,dw00;dw01;dw02;dw03;dw04;dw05;dw06;dw07;dw08,dw00;dw01;dw02;dw03;dw04;dw05;dw06;dw07;dw08,,75,1,2026-08-30T10:01:23.561+0200,dw03,021B,215,1765,-42,-1471,975,4.14,12298
ground-height-2m-20260828-133428,d018m_r090_run01.csv,2,18,90,dw00;dw01;dw02;dw03;dw04;dw05;dw06;dw07;dw08,dw00;dw01;dw02;dw03;dw04;dw05;dw06;dw07;dw08,,165,1,2026-08-30T10:01:23.570+0200,dw08,028E,179,1774,145,573,1679,3.33,22277
ground-height-2m-20260828-133428,d018m_r090_run01.csv,2,18,90,dw00;dw01;dw02;dw03;dw04;dw05;dw06;dw07;dw08,dw00;dw01;dw02;dw03;dw04;dw05;dw06;dw07;dw08,,15,1,2026-08-30T10:01:23.580+0200,dw00,8103,10,1793,-157,1209,1324,3.63,32257
ground-height-2m-20260828-133428,d018m_r090_run01.csv,2,18,90,dw00;dw01;dw02;dw03;dw04;dw05;dw06;dw07;dw08,dw00;dw01;dw02;dw03;dw04;dw05;dw06;dw07;dw08,,35,1,2026-08-30T10:01:23.591+0200,dw01,1729,210,1782,-128,1517,934,3.01,42358
ground-height-2m-20260828-133428,d018m_r090_run01.csv,2,18,90,dw00;dw01;dw02;dw03;dw04;dw05;dw06;dw07;dw08,dw00;dw01;dw02;dw03;dw04;dw05;dw06;dw07;dw08,,55,1,2026-08-30T10:01:23.601+0200,dw02,8FB0,50,1779,-99,1779,0,3.21,52368
ground-height-2m-20260828-133428,d018m_r090_run01.csv,2,18,90,dw00;dw01;dw02;dw03;dw04;dw05;dw06;dw07;dw08,dw00;dw01;dw02;dw03;dw04;dw05;dw06;dw07;dw08,,90,1,2026-08-30T10:01:23.610+0200,dw04,0F85,109,1769,5,-951,1491,3.90,62255
ground-height-2m-20260828-133428,d018m_r090_run01.csv,2,18,90,dw00;dw01;dw02;dw03;dw04;dw05;dw06;dw07;dw08,dw00;dw01;dw02;dw03;dw04;dw05;dw06;dw07;dw08,,105,1,2026-08-30T10:01:23.620+0200,dw05,4B92,185,1771,42,-549,1684,2.71,72204
ground-height-2m-20260828-133428,d018m_r090_run01.csv,2,18,90,dw00;dw01;dw02;dw03;dw04;dw05;dw06;dw07;dw08,dw00;dw01;dw02;dw03;dw04;dw05;dw06;dw07;dw08,,125,1,2026-08-30T10:01:23.630+0200,dw06,0789,199,1775,86,-64,1774,3.84,82305
ground-height-2m-20260828-133428,d018m_r090_run01.csv,2,18,90,dw00;dw01;dw02;dw03;dw04;dw05;dw06;dw07;dw08,dw00;dw01;dw02;dw03;dw04;dw05;dw06;dw07;dw08,,145,1,2026-08-30T10:01:23.740+0200,dw07,5783,35,1775,127,382,1733,2.02,2147483
ground-height-2m-20260828-133428,d018m_r090_run01.csv,2,18,90,dw00;dw01;dw02;dw03;dw04;dw05;dw06;dw07;dw08,dw00;dw01;dw02;dw03;dw04;dw05;dw06;dw07;dw08,,75,1,2026-08-30T10:01:23.760+0200,dw03,021B,216,1766,-50,-1557,832,4.02,12329
ground-height-2m-20260828-133428,d018m_r090_run01.csv,2,18,90,dw00;dw01;dw02;dw03;dw04;dw05;dw06;dw07;dw08,dw00;dw01;dw02;dw03;dw04;dw05;dw06;dw07;dw08,,165,1,2026-08-30T10:01:23.770+0200,dw08,028E,180,1779,173,886,1543,3.33,22277
ground-height-2m-20260828-133428,d018m_r090_run01.csv,2,18,90,dw00;dw01;dw02;dw03;dw04;dw05;dw06;dw07;dw08,dw00;dw01;dw02;dw03;dw04;dw05;dw06;dw07;dw08,,15,1,2026-08-30T10:01:23.780+0200,dw00,8103,11,1791,-149,1291,1241,3.57,32257
ground-height-2m-20260828-133428,d018m_r090_run01.csv,2,18,90,dw00;dw01;dw02;dw03;dw04;dw05;dw06;dw07;dw08,dw00;dw01;dw02;dw03;dw04;dw05;dw06;dw07;dw08,,35,1,2026-08-30T10:01:23.790+0200,dw01,1729,211,1778,-132,1477,989,3.09,42327
ground-height-2m-20260828-133428,d018m_r090_run01.csv,2,18,90,dw00;dw01;dw02;dw03;dw04;dw05;dw06;dw07;dw08,dw00;dw01;dw02;dw03;dw04;dw05;dw06;dw07;dw08,,55,1,2026-08-30T10:01:23.800+0200,dw02,8FB0,51,1780,-86,-1780,0,3.27,52307
ground-height-2m-20260828-133428,d018m_r090_run01.csv,2,18,90,dw00;dw01;dw02;dw03;dw04;dw05;dw06;dw07;dw08,dw00;dw01;dw02;dw03;dw04;dw05;dw06;dw07;dw08,,90,1,2026-08-30T10:01:23.811+0200,dw04,0F85,110,1770,1,-1000,1460,3.57,62255
ground-height-2m-20260828-133428,d018m_r090_run01.csv,2,18,90,dw00;dw01;dw02;dw03;dw04;dw05;dw06;dw07;dw08,dw00;dw01;dw02;dw03;dw04;dw05;dw06;dw07;dw08,,105,1,2026-08-30T10:01:23.820+0200,dw05,4B92,186,1775,42,-553,1687,2.65,72296
ground-height-2m-20260828-133428,d018m_r090_run01.csv,2,18,90,dw00;dw01;dw02;dw03;dw04;dw05;dw06;dw07;dw08,dw00;dw01;dw02;dw03;dw04;dw05;dw06;dw07;dw08,,125,1,2026-08-30T10:01:23.830+0200,dw06,0789,200,1775,85,-86,1773,3.84,82275
ground-height-2m-20260828-133428,d018m_r090_run01.csv,2,18,90,dw00;dw01;dw02;dw03;dw04;dw05;dw06;dw07;dw08,dw00;dw01;dw02;dw03;dw04;dw05;dw06;dw07;dw08,,145,1,2026-08-30T10:01:23.940+0200,dw07,5783,36,1771,134,454,1712,2.20,2147483
ground-height-2m-20260828-133428,d018m_r090_run01.csv,2,18,90,dw00;dw01;dw02;dw03;dw04;dw05;dw06;dw07;dw08,dw00;dw01;dw02;dw03;dw04;dw05;dw06;dw07;dw08,,75,1,2026-08-30T10:01:23.960+0200,dw03,021B,217,1767,-44,-1494,943,4.08,12298
ground-height-2m-20260828-133428,d018m_r090_run01.csv,2,18,90,dw00;dw01;dw02;dw03;dw04;dw05;dw06;dw07;dw08,dw00;dw01;dw02;dw03;dw04;dw05;dw06;dw07;dw08,,165,1,2026-08-30T10:01:23.970+0200,dw08,028E,181,1780,160,738,1619,3.27,22277
ground-height-2m-20260828-133428,d018m_r090_run01.csv,2,18,90,dw00;dw01;dw02;dw03;dw04;dw05;dw06;dw07;dw08,dw00;dw01;dw02;dw03;dw04;dw05;dw06;dw07;dw08,,15,1,2026-08-30T10:01:23.980+0200,dw00,8103,12,1796,-159,1193,1342,3.69,32257
ground-height-2m-20260828-133428,d018m_r090_run01.csv,2,18,90,dw00;dw01;dw02;dw03;dw04;dw05;dw06;dw07;dw08,dw00;dw01;dw02;dw03;dw04;dw05;dw06;dw07;dw08,,35,1,2026-08-30T10:01:23.990+0200,dw01,1729,212,1780,-127,1533,904,3.06,42327
ground-height-2m-20260828-133428,d018m_r090_run01.csv,2,18,90,dw00;dw01;dw02;dw03;dw04;dw05;dw06;dw07;dw08,dw00;dw01;dw02;dw03;dw04;dw05;dw06;dw07;dw08,,55,1,2026-08-30T10:01:24.000+0200,dw02,8FB0,52,1782,-106,1761,272,3.21,52337
ground-height-2m-20260828-133428,d018m_r090_run01.csv,2,18,90,dw00;dw01;dw02;dw03;dw04;dw05;dw06;dw07;dw08,dw00;dw01;dw02;dw03;dw04;dw05;dw06;dw07;dw08,,90,1,2026-08-30T10:01:24.010+0200,dw04,0F85,111,1769,10,-897,1525,3.78,62255
ground-height-2m-20260828-133428,d018m_r090_run01.csv,2,18,90,dw00;dw01;dw02;dw03;dw04;dw05;dw06;dw07;dw08,dw00;dw01;dw02;dw03;dw04;dw05;dw06;dw07;dw08,,105,1,2026-08-30T10:01:24.020+0200,dw05,4B92,187,1775,38,-599,1670,2.71,72235
ground-height-2m-20260828-133428,d018m_r090_run01.csv,2,18,90,dw00;dw01;dw02;dw03;dw04;dw05;dw06;dw07;dw08,dw00;dw01;dw02;dw03;dw04;dw05;dw06;dw07;dw08,,125,1,2026-08-30T10:01:24.030+0200,dw06,0789,201,1775,81,-122,1770,3.78,82275
ground-height-2m-20260828-133428,d018m_r090_run01.csv,2,18,90,dw00;dw01;dw02;dw03;dw04;dw05;dw06;dw07;dw08,dw00;dw01;dw02;dw03;dw04;dw05;dw06;dw07;dw08,,145,1,2026-08-30T10:01:24.140+0200,dw07,5783,37,1777,139,509,1702,2.08,2147483
ground-height-2m-20260828-133428,d018m_r090_run01.csv,2,18,90,dw00;dw01;dw02;dw03;dw04;dw05;dw06;dw07;dw08,dw00;dw01;dw02;dw03;dw04;dw05;dw06;dw07;dw08,,75,1,2026-08-30T10:01:24.160+0200,dw03,021B,218,1768,-46,-1522,900,4.02,12298
ground-height-2m-20260828-133428,d018m_r090_run01.csv,2,18,90,dw00;dw01;dw02;dw03;dw04;dw05;dw06;dw07;dw08,dw00;dw01;dw02;dw03;dw04;dw05;dw06;dw07;dw08,,165,1,2026-08-30T10:01:24.170+0200,dw08,028E,182,1775,161,748,1609,3.33,22277
ground-height-2m-20260828-133428,d018m_r090_run01.csv,2,18,90,dw00;dw01;dw02;dw03;dw04;dw05;dw06;dw07;dw08,dw00;dw01;dw02;dw03;dw04;dw05;dw06;dw07;dw08,,15,1,2026-08-30T10:01:24.180+0200,dw00,8103,13,1795,-152,1261,1277,3.63,32226
ground-height-2m-20260828-133428,d018m_r090_run01.csv,2,18,90,dw00;dw01;dw02;dw03;dw04;dw05;dw06;dw07;dw08,dw00;dw01;dw02;dw03;dw04;dw05;dw06;dw07;dw08,,35,1,2026-08-30T10:01:24.190+0200,dw01,1729,213,1776,103,115,1772,3.06,42297
ground-height-2m-20260828-133428,d018m_r090_run01.csv,2,18,90,dw00;dw01;dw02;dw03;dw04;dw05;dw06;dw07;dw08,dw00;dw01;dw02;dw03;dw04;dw05;dw06;dw07;dw08,,55,1,2026-08-30T10:01:24.200+0200,dw02,8FB0,53,1779,-96,1779,0,3.33,52307
ground-height-2m-20260828-133428,d018m_r090_run01.csv,2,18,90,dw00;dw01;dw02;dw03;dw04;dw05;dw06;dw07;dw08,dw00;dw01;dw02;dw03;dw04;dw05;dw06;dw07;dw08,,90,1,2026-08-30T10:01:24.210+0200,dw04,0F85,112,1768,5,-952,1489,3.63,62255
ground-height-2m-20260828-133428,d018m_r090_run01.csv,2,18,90,dw00;dw01;dw02;dw03;dw04;dw05;dw06;dw07;dw08,dw00;dw01;dw02;dw03;dw04;dw05;dw06;dw07;dw08,,105,1,2026-08-30T10:01:24.220+0200,dw05,4B92,188,1774,54,-415,1725,2.77,72265
ground-height-2m-20260828-133428,d018m_r090_run01.csv,2,18,90,dw00;dw01;dw02;dw03;dw04;dw05;dw06;dw07;dw08,dw00;dw01;dw02;dw03;dw04;dw05;dw06;dw07;dw08,,125,1,2026-08-30T10:01:24.230+0200,dw06,0789,202,1773,83,-104,1770,3.78,82275
ground-height-2m-20260828-133428,d018m_r090_run01.csv,2,18,90,dw00;dw01;dw02;dw03;dw04;dw05;dw06;dw07;dw08,dw00;dw01;dw02;dw03;dw04;dw05;dw06;dw07;dw08,,145,1,2026-08-30T10:01:24.340+0200,dw07,5783,38,1776,131,420,1726,2.20,2147483
ground-height-2m-20260828-133428,d018m_r090_run01.csv,2,18,90,dw00;dw01;dw02;dw03;dw04;dw05;dw06;dw07;dw08,dw00;dw01;dw02;dw03;dw04;dw05;dw06;dw07;dw08,,75,1,2026-08-30T10:01:24.360+0200,dw03,021B,219,1766,-48,-1543,859,4.02,12298
ground-height-2m-20260828-133428,d018m_r090_run01.csv,2,18,90,dw00;dw01;dw02;dw03;dw04;dw05;dw06;dw07;dw08,dw00;dw01;dw02;dw03;dw04;dw05;dw06;dw07;dw08,,165,1,2026-08-30T10:01:24.370+0200,dw08,028E,183,1773,-23,-1276,1231,3.33,22277
ground-height-2m-20260828-133428,d018m_r090_run01.csv,2,18,90,dw00;dw01;dw02;dw03;dw04;dw05;dw06;dw07;dw08,dw00;dw01;dw02;dw03;dw04;dw05;dw06;dw07;dw08,,15,1,2026-08-30T10:01:24.380+0200,dw00,8103,14,1791,-154,1242,1289,3.69,32226
ground-height-2m-20260828-133428,d018m_r090_run01.csv,2,18,90,dw00;dw01;dw02;dw03;dw04;dw05;dw06;dw07;dw08,dw00;dw01;dw02;dw03;dw04;dw05;dw06;dw07;dw08,,35,1,2026-08-30T10:01:24.390+0200,dw01,1729,214,1779,-139,1402,1094,3.09,42327
ground-height-2m-20260828-133428,d018m_r090_run01.csv,2,18,90,dw00;dw01;dw02;dw03;dw04;dw05;dw06;dw07;dw08,dw00;dw01;dw02;dw03;dw04;dw05;dw06;dw07;dw08,,55,1,2026-08-30T10:01:24.400+0200,dw02,8FB0,54,1777,-91,1777,0,3.33,52307
ground-height-2m-20260828-133428,d018m_r090_run01.csv,2,18,90,dw00;dw01;dw02;dw03;dw04;dw05;dw06;dw07;dw08,dw00;dw01;dw02;dw03;dw04;dw05;dw06;dw07;dw08,,90,1,2026-08-30T10:01:24.410+0200,dw04,0F85,113,1769,-5,-1070,1408,3.90,62255
ground-height-2m-20260828-133428,d018m_r090_run01.csv,2,18,90,dw00;dw01;dw02;dw03;dw04;dw05;dw06;dw07;dw08,dw00;dw01;dw02;dw03;dw04;dw05;dw06;dw07;dw08,,105,1,2026-08-30T10:01:24.420+0200,dw05,4B92,189,1776,31,-671,1644,2.77,72235
ground-height-2m-20260828-133428,d018m_r090_run01.csv,2,18,90,dw00;dw01;dw02;dw03;dw04;dw05;dw06;dw07;dw08,dw00;dw01;dw02;dw03;dw04;dw05;dw06;dw07;dw08,,125,1,2026-08-30T10:01:24.430+0200,dw06,0789,203,1777,82,-109,1774,3.78,82275
ground-height-2m-20260828-133428,d018m_r090_run01.csv,2,18,90,dw00;dw01;dw02;dw03;dw04;dw05;dw06;dw07;dw08,dw00;dw01;dw02;dw03;dw04;dw05;dw06;dw07;dw08,,145,1,2026-08-30T10:01:24.541+0200,dw07,5783,39,1775,119,288,1751,2.14,2147483
ground-height-2m-20260828-133428,d018m_r090_run01.csv,2,18,90,dw00;dw01;dw02;dw03;dw04;dw05;dw06;dw07;dw08,dw00;dw01;dw02;dw03;dw04;dw05;dw06;dw07;dw08,,75,1,2026-08-30T10:01:24.559+0200,dw03,021B,220,1769,-57,-1639,667,4.02,12298
ground-height-2m-20260828-133428,d018m_r090_run01.csv,2,18,90,dw00;dw01;dw02;dw03;dw04;dw05;dw06;dw07;dw08,dw00;dw01;dw02;dw03;dw04;dw05;dw06;dw07;dw08,,165,1,2026-08-30T10:01:24.570+0200,dw08,028E,184,1777,160,740,1615,3.33,22277
ground-height-2m-20260828-133428,d018m_r090_run01.csv,2,18,90,dw00;dw01;dw02;dw03;dw04;dw05;dw06;dw07;dw08,dw00;dw01;dw02;dw03;dw04;dw05;dw06;dw07;dw08,,15,1,2026-08-30T10:01:24.580+0200,dw00,8103,15,1793,-161,1171,1358,3.63,32257
ground-height-2m-20260828-133428,d018m_r090_run01.csv,2,18,90,dw00;dw01;dw02;dw03;dw04;dw05;dw06;dw07;dw08,dw00;dw01;dw02;dw03;dw04;dw05;dw06;dw07;dw08,,35,1,2026-08-30T10:01:24.590+0200,dw01,1729,215,1781,-132,1471,1004,2.95,42297
ground-height-2m-20260828-133428,d018m_r090_run01.csv,2,18,90,dw00;dw01;dw02;dw03;dw04;dw05;dw06;dw07;dw08,dw00;dw01;dw02;dw03;dw04;dw05;dw06;dw07;dw08,,55,1,2026-08-30T10:01:24.600+0200,dw02,8FB0,55,1778,-93,1778,0,3.33,52307
ground-height-2m-20260828-133428,d018m_r090_run01.csv,2,18,90,dw00;dw01;dw02;dw03;dw04;dw05;dw06;dw07;dw08,dw00;dw01;dw02;dw03;dw04;dw05;dw06;dw07;dw08,,90,1,2026-08-30T10:01:24.610+0200,dw04,0F85,114,1770,2,-981,1474,3.78,62255
ground-height-2m-20260828-133428,d018m_r090_run01.csv,2,18,90,dw00;dw01;dw02;dw03;dw04;dw05;dw06;dw07;dw08,dw00;dw01;dw02;dw03;dw04;dw05;dw06;dw07;dw08,,105,1,2026-08-30T10:01:24.620+0200,dw05,4B92,190,1777,49,-475,1712,2.71,72265
ground-height-2m-20260828-133428,d018m_r090_run01.csv,2,18,90,dw00;dw01;dw02;dw03;dw04;dw05;dw06;dw07;dw08,dw00;dw01;dw02;dw03;dw04;dw05;dw06;dw07;dw08,,125,1,2026-08-30T10:01:24.630+0200,dw06,0789,204,1777,85,-83,1776,3.84,82275
ground-height-2m-20260828-133428,d018m_r090_run01.csv,2,18,90,dw00;dw01;dw02;dw03;dw04;dw05;dw06;dw07;dw08,dw00;dw01;dw02;dw03;dw04;dw05;dw06;dw07;dw08,,145,1,2026-08-30T10:01:24.740+0200,dw07,5783,40,1777,122,326,1746,2.14,2147483
ground-height-2m-20260828-133428,d018m_r090_run01.csv,2,18,90,dw00;dw01;dw02;dw03;dw04;dw05;dw06;dw07;dw08,dw00;dw01;dw02;dw03;dw04;dw05;dw06;dw07;dw08,,75,1,2026-08-30T10:01:24.760+0200,dw03,021B,221,1765,-41,-1462,988,4.14,12298
ground-height-2m-20260828-133428,d018m_r090_run01.csv,2,18,90,dw00;dw01;dw02;dw03;dw04;dw05;dw06;dw07;dw08,dw00;dw01;dw02;dw03;dw04;dw05;dw06;dw07;dw08,,165,1,2026-08-30T10:01:24.769+0200,dw08,028E,185,1776,15,-842,1564,3.33,22277
ground-height-2m-20260828-133428,d018m_r090_run01.csv,2,18,90,dw00;dw01;dw02;dw03;dw04;dw05;dw06;dw07;dw08,dw00;dw01;dw02;dw03;dw04;dw05;dw06;dw07;dw08,,15,1,2026-08-30T10:01:24.780+0200,dw00,8103,16,1791,-165,1124,1395,3.69,32226
ground-height-2m-20260828-133428,d018m_r090_run01.csv,2,18,90,dw00;dw01;dw02;dw03;dw04;dw05;dw06;dw07;dw08,dw00;dw01;dw02;dw03;dw04;dw05;dw06;dw07;dw08,,35,1,2026-08-30T10:01:24.790+0200,dw01,1729,216,1770,-129,1496,946,3.09,42327
ground-height-2m-20260828-133428,d018m_r090_run01.csv,2,18,90,dw00;dw01;dw02;dw03;dw04;dw05;dw06;dw07;dw08,dw00;dw01;dw02;dw03;dw04;dw05;dw06;dw07;dw08,,55,1,2026-08-30T10:01:24.800+0200,dw02,8FB0,56,1777,-94,1777,0,3.27,52337
ground-height-2m-20260828-133428,d018m_r090_run01.csv,2,18,90,dw00;dw01;dw02;dw03;dw04;dw05;dw06;dw07;dw08,dw00;dw01;dw02;dw03;dw04;dw05;dw06;dw07;dw08,,90,1,2026-08-30T10:01:24.809+0200,dw04,0F85,115,1769,6,-945,1495,3.84,62255
ground-height-2m-20260828-133428,d018m_r090_run01.csv,2,18,90,dw00;dw01;dw02;dw03;dw04;dw05;dw06;dw07;dw08,dw00;dw01;dw02;dw03;dw04;dw05;dw06;dw07;dw08,,105,1,2026-08-30T10:01:24.820+0200,dw05,4B92,191,1772,42,-555,1683,2.71,72204
ground-height-2m-20260828-133428,d018m_r090_run01.csv,2,18,90,dw00;dw01;dw02;dw03;dw04;dw05;dw06;dw07;dw08,dw00;dw01;dw02;dw03;dw04;dw05;dw06;dw07;dw08,,125,1,2026-08-30T10:01:24.830+0200,dw06,0789,205,1777,100,86,1775,3.78,82275
ground-height-2m-20260828-133428,d018m_r090_run01.csv,2,18,90,dw00;dw01;dw02;dw03;dw04;dw05;dw06;dw07;dw08,dw00;dw01;dw02;dw03;dw04;dw05;dw06;dw07;dw08,,145,1,2026-08-30T10:01:24.939+0200,dw07,5783,41,1779,135,470,1716,2.20,2147483
ground-height-2m-20260828-133428,d018m_r090_run01.csv,2,18,90,dw00;dw01;dw02;dw03;dw04;dw05;dw06;dw07;dw08,dw00;dw01;dw02;dw03;dw04;dw05;dw06;dw07;dw08,,75,1,2026-08-30T10:01:24.960+0200,dw03,021B,222,1769,-34,-1386,1098,4.14,12298
ground-height-2m-20260828-133428,d018m_r090_run01.csv,2,18,90,dw00;dw01;dw02;dw03;dw04;dw05;dw06;dw07;dw08,dw00;dw01;dw02;dw03;dw04;dw05;dw06;dw07;dw08,,165,1,2026-08-30T10:01:24.970+0200,dw08,028E,186,1774,133,445,1717,3.45,22277
ground-height-2m-20260828-133428,d018m_r090_run01.csv,2,18,90,dw00;dw01;dw02;dw03;dw04;dw05;dw06;dw07;dw08,dw00;dw01;dw02;dw03;dw04;dw05;dw06;dw07;dw08,,15,1,2026-08-30T10:01:24.979+0200,dw00,8103,17,1792,-165,1126,1395,3.72,32257
ground-height-2m-20260828-133428,d018m_r090_run01.csv,2,18,90,dw00;dw01;dw02;dw03;dw04;dw05;dw06;dw07;dw08,dw00;dw01;dw02;dw03;dw04;dw05;dw06;dw07;dw08,,35,1,2026-08-30T10:01:24.990+0200,dw01,1729,217,1775,-132,1465,1001,3.01,42327
ground-height-2m-20260828-133428,d018m_r090_run01.csv,2,18,90,dw00;dw01;dw02;dw03;dw04;dw05;dw06;dw07;dw08,dw00;dw01;dw02;dw03;dw04;dw05;dw06;dw07;dw08,,55,1,2026-08-30T10:01:25.000+0200,dw02,8FB0,57,1780,-95,1780,0,3.27,52337
ground-height-2m-20260828-133428,d018m_r090_run01.csv,2,18,90,dw00;dw01;dw02;dw03;dw04;dw05;dw06;dw07;dw08,dw00;dw01;dw02;dw03;dw04;dw05;dw06;dw07;dw08,,90,1,2026-08-30T10:01:25.010+0200,dw04,0F85,116,1770,14,-858,1548,3.78,62255
ground-height-2m-20260828-133428,d018m_r090_run01.csv,2,18,90,dw00;dw01;dw02;dw03;dw04;dw05;dw06;dw07;dw08,dw00;dw01;dw02;dw03;dw04;dw05;dw06;dw07;dw08,,105,1,2026-08-30T10:01:25.019+0200,dw05,4B92,192,1775,37,-606,1668,2.77,72235
ground-height-2m-20260828-133428,d018m_r090_run01.csv,2,18,90,dw00;dw01;dw02;dw03;dw04;dw05;dw06;dw07;dw08,dw00;dw01;dw02;dw03;dw04;dw05;dw06;dw07;dw08,,125,1,2026-08-30T10:01:25.030+0200,dw06,0789,206,1777,85,-81,1776,3.78,82275
ground-height-2m-20260828-133428,d018m_r090_run01.csv,2,18,90,dw00;dw01;dw02;dw03;dw04;dw05;dw06;dw07;dw08,dw00;dw01;dw02;dw03;dw04;dw05;dw06;dw07;dw08,,145,1,2026-08-30T10:01:25.140+0200,dw07,5783,42,1777,126,362,1740,2.20,2147483
ground-height-2m-20260828-133428,d018m_r090_run01.csv,2,18,90,dw00;dw01;dw02;dw03;dw04;dw05;dw06;dw07;dw08,dw00;dw01;dw02;dw03;dw04;dw05;dw06;dw07;dw08,,75,1,2026-08-30T10:01:25.160+0200,dw03,021B,223,1766,-46,-1515,906,4.14,12298
ground-height-2m-20260828-133428,d018m_r090_run01.csv,2,18,90,dw00;dw01;dw02;dw03;dw04;dw05;dw06;dw07;dw08,dw00;dw01;dw02;dw03;dw04;dw05;dw06;dw07;dw08,,165,1,2026-08-30T10:01:25.170+0200,dw08,028E,187,1775,164,782,1593,3.39,22247
ground-height-2m-20260828-133428,d018m_r090_run01.csv,2,18,90,dw00;dw01;dw02;dw03;dw04;dw05;dw06;dw07;dw08,dw00;dw01;dw02;dw03;dw04;dw05;dw06;dw07;dw08,,15,1,2026-08-30T10:01:25.180+0200,dw00,8103,18,1792,-158,1193,1337,3.57,32226
ground-height-2m-20260828-133428,d018m_r090_run01.csv,2,18,90,dw00;dw01;dw02;dw03;dw04;dw05;dw06;dw07;dw08,dw00;dw01;dw02;dw03;dw04;dw05;dw06;dw07;dw08,,35,1,2026-08-30T10:01:25.189+0200,dw01,1729,218,1773,-120,1602,760,3.06,42297
ground-height-2m-20260828-133428,d018m_r090_run01.csv,2,18,90,dw00;dw01;dw02;dw03;dw04;dw05;dw06;dw07;dw08,dw00;dw01;dw02;dw03;dw04;dw05;dw06;dw07;dw08,,55,1,2026-08-30T10:01:25.200+0200,dw02,8FB0,58,1780,-98,1780,0,3.33,52307
ground-height-2m-20260828-133428,d018m_r090_run01.csv,2,18,90,dw00;dw01;dw02;dw03;dw04;dw05;dw06;dw07;dw08,dw00;dw01;dw02;dw03;dw04;dw05;dw06;dw07;dw08,,90,1,2026-08-30T10:01:25.210+0200,dw04,0F85,117,1765,115,241,1748,3.78,62255
ground-height-2m-20260828-133428,d018m_r090_run01.csv,2,18,90,dw00;dw01;dw02;dw03;dw04;dw05;dw06;dw07;dw08,dw00;dw01;dw02;dw03;dw04;dw05;dw06;dw07;dw08,,105,1,2026-08-30T10:01:25.220+0200,dw05,4B92,193,1773,39,-583,1674,2.83,72296
ground-height-2m-20260828-133428,d018m_r090_run01.csv,2,18,90,dw00;dw01;dw02;dw03;dw04;dw05;dw06;dw07;dw08,dw00;dw01;dw02;dw03;dw04;dw05;dw06;dw07;dw08,,125,1,2026-08-30T10:01:25.229+0200,dw06,0789,207,1775,88,-52,1774,3.72,82275
ground-height-2m-20260828-133428,d018m_r090_run01.csv,2,18,90,dw00;dw01;dw02;dw03;dw04;dw05;dw06;dw07;dw08,dw00;dw01;dw02;dw03;dw04;dw05;dw06;dw07;dw08,,145,1,2026-08-30T10:01:25.340+0200,dw07,5783,43,1776,130,413,1727,2.08,2147483
ground-height-2m-20260828-133428,d018m_r090_run01.csv,2,18,90,dw00;dw01;dw02;dw03;dw04;dw05;dw06;dw07;dw08,dw00;dw01;dw02;dw03;dw04;dw05;dw06;dw07;dw08,,75,1,2026-08-30T10:01:25.360+0200,dw03,021B,224,1767,-50,-1559,832,4.08,12329
ground-height-2m-20260828-133428,d018m_r090_run01.csv,2,18,90,dw00;dw01;dw02;dw03;dw04;dw05;dw06;dw07;dw08,dw00;dw01;dw02;dw03;dw04;dw05;dw06;dw07;dw08,,165,1,2026-08-30T10:01:25.370+0200,dw08,028E,188,1773,154,669,1641,3.39,22277
ground-height-2m-20260828-133428,d018m_r090_run01.csv,2,18,90,dw00;dw01;dw02;dw03;dw04;dw05;dw06;dw07;dw08,dw00;dw01;dw02;dw03;dw04;dw05;dw06;dw07;dw08,,15,1,2026-08-30T10:01:25.380+0200,dw00,8103,19,1795,-170,1071,1440,3.69,32287
ground-height-2m-20260828-133428,d018m_r090_run01.csv,2,18,90,dw00;dw01;dw02;dw03;dw04;dw05;dw06;dw07;dw08,dw00;dw01;dw02;dw03;dw04;dw05;dw06;dw07;dw08,,35,1,2026-08-30T10:01:25.389+0200,dw01,1729,219,1777,-133,1456,1019,3.06,42327
ground-height-2m-20260828-133428,d018m_r090_run01.csv,2,18,90,dw00;dw01;dw02;dw03;dw04;dw05;dw06;dw07;dw08,dw00;dw01;dw02;dw03;dw04;dw05;dw06;dw07;dw08,,55,1,2026-08-30T10:01:25.399+0200,dw02,8FB0,59,1776,-87,1776,0,3.33,52337
ground-height-2m-20260828-133428,d018m_r090_run01.csv,2,18,90,dw00;dw01;dw02;dw03;dw04;dw05;dw06;dw07;dw08,dw00;dw01;dw02;dw03;dw04;dw05;dw06;dw07;dw08,,90,1,2026-08-30T10:01:25.410+0200,dw04,0F85,118,1773,0,-1010,1457,3.57,62255
ground-height-2m-20260828-133428,d018m_r090_run01.csv,2,18,90,dw00;dw01;dw02;dw03;dw04;dw05;dw06;dw07;dw08,dw00;dw01;dw02;dw03;dw04;dw05;dw06;dw07;dw08,,105,1,2026-08-30T10:01:25.420+0200,dw05,4B92,194,1771,52,-443,1714,2.83,72204
ground-height-2m-20260828-133428,d018m_r090_run01.csv,2,18,90,dw00;dw01;dw02;dw03;dw04;dw05;dw06;dw07;dw08,dw00;dw01;dw02;dw03;dw04;dw05;dw06;dw07;dw08,,125,1,2026-08-30T10:01:25.430+0200,dw06,0789,208,1777,89,-39,1777,3.78,82275
ground-height-2m-20260828-133428,d018m_r090_run01.csv,2,18,90,dw00;dw01;dw02;dw03;dw04;dw05;dw06;dw07;dw08,dw00;dw01;dw02;dw03;dw04;dw05;dw06;dw07;dw08,,145,1,2026-08-30T10:01:25.541+0200,dw07,5783,44,1774,116,259,1755,2.14,2147483
ground-height-2m-20260828-133428,d018m_r090_run01.csv,2,18,90,dw00;dw01;dw02;dw03;dw04;dw05;dw06;dw07;dw08,dw00;dw01;dw02;dw03;dw04;dw05;dw06;dw07;dw08,,75,1,2026-08-30T10:01:25.560+0200,dw03,021B,225,1768,-49,-1549,851,4.08,12298
ground-height-2m-20260828-133428,d018m_r090_run01.csv,2,18,90,dw00;dw01;dw02;dw03;dw04;dw05;dw06;dw07;dw08,dw00;dw01;dw02;dw03;dw04;dw05;dw06;dw07;dw08,,165,1,2026-08-30T10:01:25.570+0200,dw08,028E,189,1776,150,634,1659,3.45,22277
ground-height-2m-20260828-133428,d018m_r090_run01.csv,2,18,90,dw00;dw01;dw02;dw03;dw04;dw05;dw06;dw07;dw08,dw00;dw01;dw02;dw03;dw04;dw05;dw06;dw07;dw08,,15,1,2026-08-30T10:01:25.581+0200,dw00,8103,20,1796,-155,1229,1310,3.63,32226
ground-height-2m-20260828-133428,d018m_r090_run01.csv,2,18,90,dw00;dw01;dw02;dw03;dw04;dw05;dw06;dw07;dw08,dw00;dw01;dw02;dw03;dw04;dw05;dw06;dw07;dw08,,35,1,2026-08-30T10:01:25.590+0200,dw01,1729,220,1776,-140,1387,1109,3.06,42297
ground-height-2m-20260828-133428,d018m_r090_run01.csv,2,18,90,dw00;dw01;dw02;dw03;dw04;dw05;dw06;dw07;dw08,dw00;dw01;dw02;dw03;dw04;dw05;dw06;dw07;dw08,,55,1,2026-08-30T10:01:25.600+0200,dw02,8FB0,60,1779,-103,1779,0,3.33,52337
ground-height-2m-20260828-133428,d018m_r090_run01.csv,2,18,90,dw00;dw01;dw02;dw03;dw04;dw05;dw06;dw07;dw08,dw00;dw01;dw02;dw03;dw04;dw05;dw06;dw07;dw08,,90,1,2026-08-30T10:01:25.610+0200,dw04,0F85,119,1774,2,-987,1474,3.78,62225
ground-height-2m-20260828-133428,d018m_r090_run01.csv,2,18,90,dw00;dw01;dw02;dw03;dw04;dw05;dw06;dw07;dw08,dw00;dw01;dw02;dw03;dw04;dw05;dw06;dw07;dw08,,105,1,2026-08-30T10:01:25.621+0200,dw05,4B92,195,1775,45,-523,1696,2.71,72235
ground-height-2m-20260828-133428,d018m_r090_run01.csv,2,18,90,dw00;dw01;dw02;dw03;dw04;dw05;dw06;dw07;dw08,dw00;dw01;dw02;dw03;dw04;dw05;dw06;dw07;dw08,,125,1,2026-08-30T10:01:25.630+0200,dw06,0789,209,1776,88,-51,1775,3.78,82305
ground-height-2m-20260828-133428,d018m_r090_run01.csv,2,18,90,dw00;dw01;dw02;dw03;dw04;dw05;dw06;dw07;dw08,dw00;dw01;dw02;dw03;dw04;dw05;dw06;dw07;dw08,,145,1,2026-08-30T10:01:25.740+0200,dw07,5783,45,1779,125,353,1744,2.20,2147483
ground-height-2m-20260828-133428,d018m_r090_run01.csv,2,18,90,dw00;dw01;dw02;dw03;dw04;dw05;dw06;dw07;dw08,dw00;dw01;dw02;dw03;dw04;dw05;dw06;dw07;dw08,,75,1,2026-08-30T10:01:25.760+0200,dw03,021B,226,1766,-50,-1560,826,4.14,12298
ground-height-2m-20260828-133428,d018m_r090_run01.csv,2,18,90,dw00;dw01;dw02;dw03;dw04;dw05;dw06;dw07;dw08,dw00;dw01;dw02;dw03;dw04;dw05;dw06;dw07;dw08,,165,1,2026-08-30T10:01:25.770+0200,dw08,028E,190,1772,147,596,1668,3.33,22247
ground-height-2m-20260828-133428,d018m_r090_run01.csv,2,18,90,dw00;dw01;dw02;dw03;dw04;dw05;dw06;dw07;dw08,dw00;dw01;dw02;dw03;dw04;dw05;dw06;dw07;dw08,,15,1,2026-08-30T10:01:25.780+0200,dw00,8103,21,1793,-163,1138,1386,3.57,32257
ground-height-2m-20260828-133428,d018m_r090_run01.csv,2,18,90,dw00;dw01;dw02;dw03;dw04;dw05;dw06;dw07;dw08,dw00;dw01;dw02;dw03;dw04;dw05;dw06;dw07;dw08,,35,1,2026-08-30T10:01:25.791+0200,dw01,1729,221,1777,-128,1521,919,3.06,42297
ground-height-2m-20260828-133428,d018m_r090_run01.csv,2,18,90,dw00;dw01;dw02;dw03;dw04;dw05;dw06;dw07;dw08,dw00;dw01;dw02;dw03;dw04;dw05;dw06;dw07;dw08,,55,1,2026-08-30T10:01:25.800+0200,dw02,8FB0,61,1778,-101,1778,0,3.33,52337
ground-height-2m-20260828-133428,d018m_r090_run01.csv,2,18,90,dw00;dw01;dw02;dw03;dw04;dw05;dw06;dw07;dw08,dw00;dw01;dw02;dw03;dw04;dw05;dw06;dw07;dw08,,90,1,2026-08-30T10:01:25.810+0200,dw04,0F85,120,1769,-3,-1051,1422,3.69,62255
ground-height-2m-20260828-133428,d018m_r090_run01.csv,2,18,90,dw00;dw01;dw02;dw03;dw04;dw05;dw06;dw07;dw08,dw00;dw01;dw02;dw03;dw04;dw05;dw06;dw07;dw08,,105,1,2026-08-30T10:01:25.820+0200,dw05,4B92,196,1772,42,-545,1686,2.77,72235
ground-height-2m-20260828-133428,d018m_r090_run01.csv,2,18,90,dw00;dw01;dw02;dw03;dw04;dw05;dw06;dw07;dw08,dw00;dw01;dw02;dw03;dw04;dw05;dw06;dw07;dw08,,125,1,2026-08-30T10:01:25.831+0200,dw06,0789,210,1776,91,-17,1776,3.78,82244
ground-height-2m-20260828-133428,d018m_r090_run01.csv,2,18,90,dw00;dw01;dw02;dw03;dw04;dw05;dw06;dw07;dw08,dw00;dw01;dw02;dw03;dw04;dw05;dw06;dw07;dw08,,145,1,2026-08-30T10:01:25.940+0200,dw07,5783,46,1775,134,451,1717,2.02,2147483
ground-height-2m-20260828-133428,d018m_r090_run01.csv,2,18,90,dw00;dw01;dw02;dw03;dw04;dw05;dw06;dw07;dw08,dw00;dw01;dw02;dw03;dw04;dw05;dw06;dw07;dw08,,75,1,2026-08-30T10:01:25.961+0200,dw03,021B,227,1770,-47,-1533,884,4.20,12298
ground-height-2m-20260828-133428,d018m_r090_run01.csv,2,18,90,dw00;dw01;dw02;dw03;dw04;dw05;dw06;dw07;dw08,dw00;dw01;dw02;dw03;dw04;dw05;dw06;dw07;dw08,,165,1,2026-08-30T10:01:25.970+0200,dw08,028E,191,1773,154,668,1642,3.39,22277
ground-height-2m-20260828-133428,d018m_r090_run01.csv,2,18,90,dw00;dw01;dw02;dw03;dw04;dw05;dw06;dw07;dw08,dw00;dw01;dw02;dw03;dw04;dw05;dw06;dw07;dw08,,15,1,2026-08-30T10:01:25.980+0200,dw00,8103,22,1792,-173,1037,1462,3.63,32257
ground-height-2m-20260828-133428,d018m_r090_run01.csv,2,18,90,dw00;dw01;dw02;dw03;dw04;dw05;dw06;dw07;dw08,dw00;dw01;dw02;dw03;dw04;dw05;dw06;dw07;dw08,,35,1,2026-08-30T10:01:25.990+0200,dw01,1729,222,1776,-135,1439,1041,3.06,42297
ground-height-2m-20260828-133428,d018m_r090_run01.csv,2,18,90,dw00;dw01;dw02;dw03;dw04;dw05;dw06;dw07;dw08,dw00;dw01;dw02;dw03;dw04;dw05;dw06;dw07;dw08,,55,1,2026-08-30T10:01:26.001+0200,dw02,8FB0,62,1780,-96,1780,0,3.27,52337
ground-height-2m-20260828-133428,d018m_r090_run01.csv,2,18,90,dw00;dw01;dw02;dw03;dw04;dw05;dw06;dw07;dw08,dw00;dw01;dw02;dw03;dw04;dw05;dw06;dw07;dw08,,90,1,2026-08-30T10:01:26.010+0200,dw04,0F85,121,1770,-4,-1062,1416,3.69,62286
ground-height-2m-20260828-133428,d018m_r090_run01.csv,2,18,90,dw00;dw01;dw02;dw03;dw04;dw05;dw06;dw07;dw08,dw00;dw01;dw02;dw03;dw04;dw05;dw06;dw07;dw08,,105,1,2026-08-30T10:01:26.020+0200,dw05,4B92,197,1775,48,-486,1707,2.83,72235
ground-height-2m-20260828-133428,d018m_r090_run01.csv,2,18,90,dw00;dw01;dw02;dw03;dw04;dw05;dw06;dw07;dw08,dw00;dw01;dw02;dw03;dw04;dw05;dw06;dw07;dw08,,125,1,2026-08-30T10:01:26.030+0200,dw06,0789,211,1777,81,-125,1773,3.78,82275
ground-height-2m-20260828-133428,d018m_r090_run01.csv,2,18,90,dw00;dw01;dw02;dw03;dw04;dw05;dw06;dw07;dw08,dw00;dw01;dw02;dw03;dw04;dw05;dw06;dw07;dw08,,145,1,2026-08-30T10:01:26.140+0200,dw07,5783,47,1772,127,381,1731,2.08,2147483
ground-height-2m-20260828-133428,d018m_r090_run01.csv,2,18,90,dw00;dw01;dw02;dw03;dw04;dw05;dw06;dw07;dw08,dw00;dw01;dw02;dw03;dw04;dw05;dw06;dw07;dw08,,75,1,2026-08-30T10:01:26.160+0200,dw03,021B,228,1771,-56,-1634,684,4.08,12298
ground-height-2m-20260828-133428,d018m_r090_run01.csv,2,18,90,dw00;dw01;dw02;dw03;dw04;dw05;dw06;dw07;dw08,dw00;dw01;dw02;dw03;dw04;dw05;dw06;dw07;dw08,,165,1,2026-08-30T10:01:26.170+0200,dw08,028E,192,1777,2,-986,1479,3.27,22277
ground-height-2m-20260828-133428,d018m_r090_run01.csv,2,18,90,dw00;dw01;dw02;dw03;dw04;dw05;dw06;dw07;dw08,dw00;dw01;dw02;dw03;dw04;dw05;dw06;dw07;dw08,,15,1,2026-08-30T10:01:26.180+0200,dw00,8103,23,1793,-160,1179,1351,3.57,32287
ground-height-2m-20260828-133428,d018m_r090_run01.csv,2,18,90,dw00;dw01;dw02;dw03;dw04;dw05;dw06;dw07;dw08,dw00;dw01;dw02;dw03;dw04;dw05;dw06;dw07;dw08,,35,1,2026-08-30T10:01:26.190+0200,dw01,1729,223,1776,-126,1533,897,3.15,42297
ground-height-2m-20260828-133428,d018m_r090_run01.csv,2,18,90,dw00;dw01;dw02;dw03;dw04;dw05;dw06;dw07;dw08,dw00;dw01;dw02;dw03;dw04;dw05;dw06;dw07;dw08,,55,1,2026-08-30T10:01:26.200+0200,dw02,8FB0,63,1777,-94,1777,0,3.27,52307
ground-height-2m-20260828-133428,d018m_r090_run01.csv,2,18,90,dw00;dw01;dw02;dw03;dw04;dw05;dw06;dw07;dw08,dw00;dw01;dw02;dw03;dw04;dw05;dw06;dw07;dw08,,90,1,2026-08-30T10:01:26.210+0200,dw04,0F85,122,1769,-6,-1078,1401,3.78,62225
ground-height-2m-20260828-133428,d018m_r090_run01.csv,2,18,90,dw00;dw01;dw02;dw03;dw04;dw05;dw06;dw07;dw08,dw00;dw01;dw02;dw03;dw04;dw05;dw06;dw07;dw08,,105,1,2026-08-30T10:01:26.220+0200,dw05,4B92,198,1770,43,-537,1687,2.77,72265
ground-height-2m-20260828-133428,d018m_r090_run01.csv,2,18,90,dw00;dw01;dw02;dw03;dw04;dw05;dw06;dw07;dw08,dw00;dw01;dw02;dw03;dw04;dw05;dw06;dw07;dw08,,125,1,2026-08-30T10:01:26.230+0200,dw06,0789,212,1776,83,-102,1773,3.78,82305
ground-height-2m-20260828-133428,d018m_r090_run01.csv,2,18,90,dw00;dw01;dw02;dw03;dw04;dw05;dw06;dw07;dw08,dw00;dw01;dw02;dw03;dw04;dw05;dw06;dw07;dw08,,145,1,2026-08-30T10:01:26.340+0200,dw07,5783,48,1774,122,328,1744,2.14,2147483
ground-height-2m-20260828-133428,d018m_r090_run01.csv,2,18,90,dw00;dw01;dw02;dw03;dw04;dw05;dw06;dw07;dw08,dw00;dw01;dw02;dw03;dw04;dw05;dw06;dw07;dw08,,75,1,2026-08-30T10:01:26.360+0200,dw03,021B,229,1767,-53,-1590,770,4.14,12298
ground-height-2m-20260828-133428,d018m_r090_run01.csv,2,18,90,dw00;dw01;dw02;dw03;dw04;dw05;dw06;dw07;dw08,dw00;dw01;dw02;dw03;dw04;dw05;dw06;dw07;dw08,,165,1,2026-08-30T10:01:26.370+0200,dw08,028E,193,1777,140,524,1698,3.33,22277
ground-height-2m-20260828-133428,d018m_r090_run01.csv,2,18,90,dw00;dw01;dw02;dw03;dw04;dw05;dw06;dw07;dw08,dw00;dw01;dw02;dw03;dw04;dw05;dw06;dw07;dw08,,15,1,2026-08-30T10:01:26.380+0200,dw00,8103,24,1795,-155,1234,1303,3.57,32226
ground-height-2m-20260828-133428,d018m_r090_run01.csv,2,18,90,dw00;dw01;dw02;dw03;dw04;dw05;dw06;dw07;dw08,dw00;dw01;dw02;dw03;dw04;dw05;dw06;dw07;dw08,,35,1,2026-08-30T10:01:26.390+0200,dw01,1729,224,1777,-145,1329,1178,3.06,42327
ground-height-2m-20260828-133428,d018m_r090_run01.csv,2,18,90,dw00;dw01;dw02;dw03;dw04;dw05;dw06;dw07;dw08,dw00;dw01;dw02;dw03;dw04;dw05;dw06;dw07;dw08,,55,1,2026-08-30T10:01:26.400+0200,dw02,8FB0,64,1777,-96,1776,0,3.33,52307
ground-height-2m-20260828-133428,d018m_r090_run01.csv,2,18,90,dw00;dw01;dw02;dw03;dw04;dw05;dw06;dw07;dw08,dw00;dw01;dw02;dw03;dw04;dw05;dw06;dw07;dw08,,90,1,2026-08-30T10:01:26.410+0200,dw04,0F85,123,1767,1,-995,1460,3.72,62255
ground-height-2m-20260828-133428,d018m_r090_run01.csv,2,18,90,dw00;dw01;dw02;dw03;dw04;dw05;dw06;dw07;dw08,dw00;dw01;dw02;dw03;dw04;dw05;dw06;dw07;dw08,,105,1,2026-08-30T10:01:26.420+0200,dw05,4B92,199,1774,39,-587,1674,2.77,72235
ground-height-2m-20260828-133428,d018m_r090_run01.csv,2,18,90,dw00;dw01;dw02;dw03;dw04;dw05;dw06;dw07;dw08,dw00;dw01;dw02;dw03;dw04;dw05;dw06;dw07;dw08,,125,1,2026-08-30T10:01:26.430+0200,dw06,0789,213,1776,93,10,1776,3.78,82275
ground-height-2m-20260828-133428,d018m_r090_run01.csv,2,18,90,dw00;dw01;dw02;dw03;dw04;dw05;dw06;dw07;dw08,dw00;dw01;dw02;dw03;dw04;dw05;dw06;dw07;dw08,,145,1,2026-08-30T10:01:26.541+0200,dw07,5783,49,1776,118,283,1753,2.20,2147483
ground-height-2m-20260828-133428,d018m_r090_run01.csv,2,18,90,dw00;dw01;dw02;dw03;dw04;dw05;dw06;dw07;dw08,dw00;dw01;dw02;dw03;dw04;dw05;dw06;dw07;dw08,,75,1,2026-08-30T10:01:26.560+0200,dw03,021B,230,1769,-47,-1526,895,4.14,12329
ground-height-2m-20260828-133428,d018m_r090_run01.csv,2,18,90,dw00;dw01;dw02;dw03;dw04;dw05;dw06;dw07;dw08,dw00;dw01;dw02;dw03;dw04;dw05;dw06;dw07;dw08,,165,1,2026-08-30T10:01:26.570+0200,dw08,028E,194,1774,151,635,1656,3.33,22308
ground-height-2m-20260828-133428,d018m_r090_run01.csv,2,18,90,dw00;dw01;dw02;dw03;dw04;dw05;dw06;dw07;dw08,dw00;dw01;dw02;dw03;dw04;dw05;dw06;dw07;dw08,,15,1,2026-08-30T10:01:26.580+0200,dw00,8103,25,1793,-159,1192,1340,3.57,32257
ground-height-2m-20260828-133428,d018m_r090_run01.csv,2,18,90,dw00;dw01;dw02;dw03;dw04;dw05;dw06;dw07;dw08,dw00;dw01;dw02;dw03;dw04;dw05;dw06;dw07;dw08,,35,1,2026-08-30T10:01:26.590+0200,dw01,1729,225,1776,-128,1514,928,3.06,42327
ground-height-2m-20260828-133428,d018m_r090_run01.csv,2,18,90,dw00;dw01;dw02;dw03;dw04;dw05;dw06;dw07;dw08,dw00;dw01;dw02;dw03;dw04;dw05;dw06;dw07;dw08,,55,1,2026-08-30T10:01:26.600+0200,dw02,8FB0,65,1779,-91,1779,0,3.33,52337
ground-height-2m-20260828-133428,d018m_r090_run01.csv,2,18,90,dw00;dw01;dw02;dw03;dw04;dw05;dw06;dw07;dw08,dw00;dw01;dw02;dw03;dw04;dw05;dw06;dw07;dw08,,90,1,2026-08-30T10:01:26.610+0200,dw04,0F85,124,1769,-1,-1032,1436,3.72,62225
ground-height-2m-20260828-133428,d018m_r090_run01.csv,2,18,90,dw00;dw01;dw02;dw03;dw04;dw05;dw06;dw07;dw08,dw00;dw01;dw02;dw03;dw04;dw05;dw06;dw07;dw08,,105,1,2026-08-30T10:01:26.620+0200,dw05,4B92,200,1775,43,-537,1692,2.77,72235
ground-height-2m-20260828-133428,d018m_r090_run01.csv,2,18,90,dw00;dw01;dw02;dw03;dw04;dw05;dw06;dw07;dw08,dw00;dw01;dw02;dw03;dw04;dw05;dw06;dw07;dw08,,125,1,2026-08-30T10:01:26.630+0200,dw06,0789,214,1775,86,-68,1773,3.90,82275
ground-height-2m-20260828-133428,d018m_r090_run01.csv,2,18,90,dw00;dw01;dw02;dw03;dw04;dw05;dw06;dw07;dw08,dw00;dw01;dw02;dw03;dw04;dw05;dw06;dw07;dw08,,145,1,2026-08-30T10:01:26.740+0200,dw07,5783,50,1780,133,448,1722,2.08,2147483
ground-height-2m-20260828-133428,d018m_r090_run01.csv,2,18,90,dw00;dw01;dw02;dw03;dw04;dw05;dw06;dw07;dw08,dw00;dw01;dw02;dw03;dw04;dw05;dw06;dw07;dw08,,75,1,2026-08-30T10:01:26.760+0200,dw03,021B,231,1766,-49,-1550,845,4.14,12268
ground-height-2m-20260828-133428,d018m_r090_run01.csv,2,18,90,dw00;dw01;dw02;dw03;dw04;dw05;dw06;dw07;dw08,dw00;dw01;dw02;dw03;dw04;dw05;dw06;dw07;dw08,,165,1,2026-08-30T10:01:26.770+0200,dw08,028E,195,1776,8,-921,1518,3.33,22247
ground-height-2m-20260828-133428,d018m_r090_run01.csv,2,18,90,dw00;dw01;dw02;dw03;dw04;dw05;dw06;dw07;dw08,dw00;dw01;dw02;dw03;dw04;dw05;dw06;dw07;dw08,,15,1,2026-08-30T10:01:26.780+0200,dw00,8103,26,1793,-168,1083,1429,3.63,32257
ground-height-2m-20260828-133428,d018m_r090_run01.csv,2,18,90,dw00;dw01;dw02;dw03;dw04;dw05;dw06;dw07;dw08,dw00;dw01;dw02;dw03;dw04;dw05;dw06;dw07;dw08,,35,1,2026-08-30T10:01:26.789+0200,dw01,1729,226,1778,-148,1299,1214,3.09,42327
ground-height-2m-20260828-133428,d018m_r090_run01.csv,2,18,90,dw00;dw01;dw02;dw03;dw04;dw05;dw06;dw07;dw08,dw00;dw01;dw02;dw03;dw04;dw05;dw06;dw07;dw08,,55,1,2026-08-30T10:01:26.800+0200,dw02,8FB0,66,1777,-104,1775,88,3.27,52307
ground-height-2m-20260828-133428,d018m_r090_run01.csv,2,18,90,dw00;dw01;dw02;dw03;dw04;dw05;dw06;dw07;dw08,dw00;dw01;dw02;dw03;dw04;dw05;dw06;dw07;dw08,,90,1,2026-08-30T10:01:26.810+0200,dw04,0F85,125,1767,1,-991,1463,3.78,62255
ground-height-2m-20260828-133428,d018m_r090_run01.csv,2,18,90,dw00;dw01;dw02;dw03;dw04;dw05;dw06;dw07;dw08,dw00;dw01;dw02;dw03;dw04;dw05;dw06;dw07;dw08,,105,1,2026-08-30T10:01:26.820+0200,dw05,4B92,201,1770,36,-612,1661,2.65,72296
ground-height-2m-20260828-133428,d018m_r090_run01.csv,2,18,90,dw00;dw01;dw02;dw03;dw04;dw05;dw06;dw07;dw08,dw00;dw01;dw02;dw03;dw04;dw05;dw06;dw07;dw08,,125,1,2026-08-30T10:01:26.830+0200,dw06,0789,215,1776,78,-152,1770,3.90,82275
ground-height-2m-20260828-133428,d018m_r090_run01.csv,2,18,90,dw00;dw01;dw02;dw03;dw04;dw05;dw06;dw07;dw08,dw00;dw01;dw02;dw03;dw04;dw05;dw06;dw07;dw08,,145,1,2026-08-30T10:01:26.940+0200,dw07,5783,51,1777,128,389,1734,2.20,2147483
ground-height-2m-20260828-133428,d018m_r090_run01.csv,2,18,90,dw00;dw01;dw02;dw03;dw04;dw05;dw06;dw07;dw08,dw00;dw01;dw02;dw03;dw04;dw05;dw06;dw07;dw08,,75,1,2026-08-30T10:01:26.959+0200,dw03,021B,232,1764,-48,-1534,871,4.14,12329
ground-height-2m-20260828-133428,d018m_r090_run01.csv,2,18,90,dw00;dw01;dw02;dw03;dw04;dw05;dw06;dw07;dw08,dw00;dw01;dw02;dw03;dw04;dw05;dw06;dw07;dw08,,165,1,2026-08-30T10:01:26.970+0200,dw08,028E,196,1776,-13,-1159,1345,3.45,22247
ground-height-2m-20260828-133428,d018m_r090_run01.csv,2,18,90,dw00;dw01;dw02;dw03;dw04;dw05;dw06;dw07;dw08,dw00;dw01;dw02;dw03;dw04;dw05;dw06;dw07;dw08,,15,1,2026-08-30T10:01:26.980+0200,dw00,8103,27,1795,-167,1100,1418,3.57,32257
ground-height-2m-20260828-133428,d018m_r090_run01.csv,2,18,90,dw00;dw01;dw02;dw03;dw04;dw05;dw06;dw07;dw08,dw00;dw01;dw02;dw03;dw04;dw05;dw06;dw07;dw08,,35,1,2026-08-30T10:01:26.990+0200,dw01,1729,227,1775,-137,1411,1077,3.09,42327
ground-height-2m-20260828-133428,d018m_r090_run01.csv,2,18,90,dw00;dw01;dw02;dw03;dw04;dw05;dw06;dw07;dw08,dw00;dw01;dw02;dw03;dw04;dw05;dw06;dw07;dw08,,55,1,2026-08-30T10:01:26.999+0200,dw02,8FB0,67,1780,-100,1780,0,3.33,52337
ground-height-2m-20260828-133428,d018m_r090_run01.csv,2,18,90,dw00;dw01;dw02;dw03;dw04;dw05;dw06;dw07;dw08,dw00;dw01;dw02;dw03;dw04;dw05;dw06;dw07;dw08,,90,1,2026-08-30T10:01:27.010+0200,dw04,0F85,126,1772,-1,-1032,1441,3.78,62225
ground-height-2m-20260828-133428,d018m_r090_run01.csv,2,18,90,dw00;dw01;dw02;dw03;dw04;dw05;dw06;dw07;dw08,dw00;dw01;dw02;dw03;dw04;dw05;dw06;dw07;dw08,,105,1,2026-08-30T10:01:27.020+0200,dw05,4B92,202,1772,28,-707,1625,2.71,72235
ground-height-2m-20260828-133428,d018m_r090_run01.csv,2,18,90,dw00;dw01;dw02;dw03;dw04;dw05;dw06;dw07;dw08,dw00;dw01;dw02;dw03;dw04;dw05;dw06;dw07;dw08,,125,1,2026-08-30T10:01:27.030+0200,dw06,0789,216,1776,82,-119,1772,3.90,82275
ground-height-2m-20260828-133428,d018m_r090_run01.csv,2,18,90,dw00;dw01;dw02;dw03;dw04;dw05;dw06;dw07;dw08,dw00;dw01;dw02;dw03;dw04;dw05;dw06;dw07;dw08,,145,1,2026-08-30T10:01:27.140+0200,dw07,5783,52,1774,128,385,1732,2.20,2147483
ground-height-2m-20260828-133428,d018m_r090_run01.csv,2,18,90,dw00;dw01;dw02;dw03;dw04;dw05;dw06;dw07;dw08,dw00;dw01;dw02;dw03;dw04;dw05;dw06;dw07;dw08,,75,1,2026-08-30T10:01:27.160+0200,dw03,021B,233,1767,-54,-1604,740,4.14,12298
ground-height-2m-20260828-133428,d018m_r090_run01.csv,2,18,90,dw00;dw01;dw02;dw03;dw04;dw05;dw06;dw07;dw08,dw00;dw01;dw02;dw03;dw04;dw05;dw06;dw07;dw08,,165,1,2026-08-30T10:01:27.169+0200,dw08,028E,197,1777,158,713,1627,3.21,22277
ground-height-2m-20260828-133428,d018m_r090_run01.csv,2,18,90,dw00;dw01;dw02;dw03;dw04;dw05;dw06;dw07;dw08,dw00;dw01;dw02;dw03;dw04;dw05;dw06;dw07;dw08,,15,1,2026-08-30T10:01:27.180+0200,dw00,8103,28,1792,-162,1153,1372,3.57,32257
ground-height-2m-20260828-133428,d018m_r090_run01.csv,2,18,90,dw00;dw01;dw02;dw03;dw04;dw05;dw06;dw07;dw08,dw00;dw01;dw02;dw03;dw04;dw05;dw06;dw07;dw08,,35,1,2026-08-30T10:01:27.190+0200,dw01,1729,228,1777,-136,1425,1061,3.06,42297
ground-height-2m-20260828-133428,d018m_r090_run01.csv,2,18,90,dw00;dw01;dw02;dw03;dw04;dw05;dw06;dw07;dw08,dw00;dw01;dw02;dw03;dw04;dw05;dw06;dw07;dw08,,55,1,2026-08-30T10:01:27.200+0200,dw02,8FB0,68,1778,-91,1778,0,3.33,52307
ground-height-2m-20260828-133428,d018m_r090_run01.csv,2,18,90,dw00;dw01;dw02;dw03;dw04;dw05;dw06;dw07;dw08,dw00;dw01;dw02;dw03;dw04;dw05;dw06;dw07;dw08,,90,1,2026-08-30T10:01:27.209+0200,dw04,0F85,127,1771,-10,-1127,1366,3.69,62225
ground-height-2m-20260828-133428,d018m_r090_run01.csv,2,18,90,dw00;dw01;dw02;dw03;dw04;dw05;dw06;dw07;dw08,dw00;dw01;dw02;dw03;dw04;dw05;dw06;dw07;dw08,,105,1,2026-08-30T10:01:27.220+0200,dw05,4B92,203,1774,47,-497,1703,2.77,72235
ground-height-2m-20260828-133428,d018m_r090_run01.csv,2,18,90,dw00;dw01;dw02;dw03;dw04;dw05;dw06;dw07;dw08,dw00;dw01;dw02;dw03;dw04;dw05;dw06;dw07;dw08,,125,1,2026-08-30T10:01:27.230+0200,dw06,0789,217,1774,87,-57,1773,3.90,82275
ground-height-2m-20260828-133428,d018m_r090_run01.csv,2,18,90,dw00;dw01;dw02;dw03;dw04;dw05;dw06;dw07;dw08,dw00;dw01;dw02;dw03;dw04;dw05;dw06;dw07;dw08,,145,1,2026-08-30T10:01:27.339+0200,dw07,5783,53,1774,136,477,1708,2.20,2147483
ground-height-2m-20260828-133428,d018m_r090_run01.csv,2,18,90,dw00;dw01;dw02;dw03;dw04;dw05;dw06;dw07;dw08,dw00;dw01;dw02;dw03;dw04;dw05;dw06;dw07;dw08,,75,1,2026-08-30T10:01:27.360+0200,dw03,021B,234,1767,-42,-1473,975,4.02,12298
ground-height-2m-20260828-133428,d018m_r090_run01.csv,2,18,90,dw00;dw01;dw02;dw03;dw04;dw05;dw06;dw07;dw08,dw00;dw01;dw02;dw03;dw04;dw05;dw06;dw07;dw08,,165,1,2026-08-30T10:01:27.370+0200,dw08,028E,198,1776,156,690,1636,3.45,22308
ground-height-2m-20260828-133428,d018m_r090_run01.csv,2,18,90,dw00;dw01;dw02;dw03;dw04;dw05;dw06;dw07;dw08,dw00;dw01;dw02;dw03;dw04;dw05;dw06;dw07;dw08,,15,1,2026-08-30T10:01:27.379+0200,dw00,8103,29,1791,-173,1029,1466,3.69,32257
ground-height-2m-20260828-133428,d018m_r090_run01.csv,2,18,90,dw00;dw01;dw02;dw03;dw04;dw05;dw06;dw07;dw08,dw00;dw01;dw02;dw03;dw04;dw05;dw06;dw07;dw08,,35,1,2026-08-30T10:01:27.390+0200,dw01,1729,229,1778,-132,1478,988,3.15,42358
ground-height-2m-20260828-133428,d018m_r090_run01.csv,2,18,90,dw00;dw01;dw02;dw03;dw04;dw05;dw06;dw07;dw08,dw00;dw01;dw02;dw03;dw04;dw05;dw06;dw07;dw08,,55,1,2026-08-30T10:01:27.400+0200,dw02,8FB0,69,1777,-86,-1777,0,3.27,52337
ground-height-2m-20260828-133428,d018m_r090_run01.csv,2,18,90,dw00;dw01;dw02;dw03;dw04;dw05;dw06;dw07;dw08,dw00;dw01;dw02;dw03;dw04;dw05;dw06;dw07;dw08,,90,1,2026-08-30T10:01:27.410+0200,dw04,0F85,128,1771,8,-916,1515,3.78,62255
ground-height-2m-20260828-133428,d018m_r090_run01.csv,2,18,90,dw00;dw01;dw02;dw03;dw04;dw05;dw06;dw07;dw08,dw00;dw01;dw02;dw03;dw04;dw05;dw06;dw07;dw08,,105,1,2026-08-30T10:01:27.419+0200,dw05,4B92,204,1773,37,-607,1666,2.71,72265
ground-height-2m-20260828-133428,d018m_r090_run01.csv,2,18,90,dw00;dw01;dw02;dw03;dw04;dw05;dw06;dw07;dw08,dw00;dw01;dw02;dw03;dw04;dw05;dw06;dw07;dw08,,125,1,2026-08-30T10:01:27.430+0200,dw06,0789,218,1774,83,-107,1771,3.90,82275
ground-height-2m-20260828-133428,d018m_r090_run01.csv,2,18,90,dw00;dw01;dw02;dw03;dw04;dw05;dw06;dw07;dw08,dw00;dw01;dw02;dw03;dw04;dw05;dw06;dw07;dw08,,145,1,2026-08-30T10:01:27.539+0200,dw07,5783,54,1776,127,375,1736,2.20,2147483
ground-height-2m-20260828-133428,d018m_r090_run01.csv,2,18,90,dw00;dw01;dw02;dw03;dw04;dw05;dw06;dw07;dw08,dw00;dw01;dw02;dw03;dw04;dw05;dw06;dw07;dw08,,75,1,2026-08-30T10:01:27.560+0200,dw03,021B,235,1765,-49,-1551,842,4.02,12298
ground-height-2m-20260828-133428,d018m_r090_run01.csv,2,18,90,dw00;dw01;dw02;dw03;dw04;dw05;dw06;dw07;dw08,dw00;dw01;dw02;dw03;dw04;dw05;dw06;dw07;dw08,,165,1,2026-08-30T10:01:27.570+0200,dw08,028E,199,1776,155,687,1637,3.33,22247
ground-height-2m-20260828-133428,d018m_r090_run01.csv,2,18,90,dw00;dw01;dw02;dw03;dw04;dw05;dw06;dw07;dw08,dw00;dw01;dw02;dw03;dw04;dw05;dw06;dw07;dw08,,15,1,2026-08-30T10:01:27.579+0200,dw00,8103,30,1794,-159,1193,1340,3.69,32257
ground-height-2m-20260828-133428,d018m_r090_run01.csv,2,18,90,dw00;dw01;dw02;dw03;dw04;dw05;dw06;dw07;dw08,dw00;dw01;dw02;dw03;dw04;dw05;dw06;dw07;dw08,,35,1,2026-08-30T10:01:27.589+0200,dw01,1729,230,1777,-128,1513,932,3.06,42297
ground-height-2m-20260828-133428,d018m_r090_run01.csv,2,18,90,dw00;dw01;dw02;dw03;dw04;dw05;dw06;dw07;dw08,dw00;dw01;dw02;dw03;dw04;dw05;dw06;dw07;dw08,,55,1,2026-08-30T10:01:27.600+0200,dw02,8FB0,70,1778,-93,1778,0,3.33,52307
ground-height-2m-20260828-133428,d018m_r090_run01.csv,2,18,90,dw00;dw01;dw02;dw03;dw04;dw05;dw06;dw07;dw08,dw00;dw01;dw02;dw03;dw04;dw05;dw06;dw07;dw08,,90,1,2026-08-30T10:01:27.610+0200,dw04,0F85,129,1774,-4,-1066,1418,3.78,62225
ground-height-2m-20260828-133428,d018m_r090_run01.csv,2,18,90,dw00;dw01;dw02;dw03;dw04;dw05;dw06;dw07;dw08,dw00;dw01;dw02;dw03;dw04;dw05;dw06;dw07;dw08,,105,1,2026-08-30T10:01:27.619+0200,dw05,4B92,205,1770,43,-538,1687,2.83,72235
ground-height-2m-20260828-133428,d018m_r090_run01.csv,2,18,90,dw00;dw01;dw02;dw03;dw04;dw05;dw06;dw07;dw08,dw00;dw01;dw02;dw03;dw04;dw05;dw06;dw07;dw08,,125,1,2026-08-30T10:01:27.629+0200,dw06,0789,219,1776,89,-41,1776,3.90,82275
ground-height-2m-20260828-133428,d018m_r090_run01.csv,2,18,90,dw00;dw01;dw02;dw03;dw04;dw05;dw06;dw07;dw08,dw00;dw01;dw02;dw03;dw04;dw05;dw06;dw07;dw08,,145,1,2026-08-30T10:01:27.740+0200,dw07,5783,55,1771,134,457,1711,2.14,2147483
ground-height-2m-20260828-133428,d018m_r090_run01.csv,2,18,90,dw00;dw01;dw02;dw03;dw04;dw05;dw06;dw07;dw08,dw00;dw01;dw02;dw03;dw04;dw05;dw06;dw07;dw08,,75,1,2026-08-30T10:01:27.759+0200,dw03,021B,236,1768,-48,-1539,869,4.14,12298
ground-height-2m-20260828-133428,d018m_r090_run01.csv,2,18,90,dw00;dw01;dw02;dw03;dw04;dw05;dw06;dw07;dw08,dw00;dw01;dw02;dw03;dw04;dw05;dw06;dw07;dw08,,165,1,2026-08-30T10:01:27.770+0200,dw08,028E,200,1773,-3,-1047,1431,3.33,22277
ground-height-2m-20260828-133428,d018m_r090_run01.csv,2,18,90,dw00;dw01;dw02;dw03;dw04;dw05;dw06;dw07;dw08,dw00;dw01;dw02;dw03;dw04;dw05;dw06;dw07;dw08,,15,1,2026-08-30T10:01:27.780+0200,dw00,8103,31,1795,-169,1080,1433,3.69,32257
ground-height-2m-20260828-133428,d018m_r090_run01.csv,2,18,90,dw00;dw01;dw02;dw03;dw04;dw05;dw06;dw07;dw08,dw00;dw01;dw02;dw03;dw04;dw05;dw06;dw07;dw08,,35,1,2026-08-30T10:01:27.789+0200,dw01,1729,231,1774,-127,1522,912,3.09,42297
ground-height-2m-20260828-133428,d018m_r090_run01.csv,2,18,90,dw00;dw01;dw02;dw03;dw04;dw05;dw06;dw07;dw08,dw00;dw01;dw02;dw03;dw04;dw05;dw06;dw07;dw08,,55,1,2026-08-30T10:01:27.799+0200,dw02,8FB0,71,1778,-91,1778,0,3.33,52307
ground-height-2m-20260828-133428,d018m_r090_run01.csv,2,18,90,dw00;dw01;dw02;dw03;dw04;dw05;dw06;dw07;dw08,dw00;dw01;dw02;dw03;dw04;dw05;dw06;dw07;dw08,,90,1,2026-08-30T10:01:27.810+0200,dw04,0F85,130,1771,4,-967,1483,3.78,62225
ground-height-2m-20260828-133428,d018m_r090_run01.csv,2,18,90,dw00;dw01;dw02;dw03;dw04;dw05;dw06;dw07;dw08,dw00;dw01;dw02;dw03;dw04;dw05;dw06;dw07;dw08,,105,1,2026-08-30T10:01:27.820+0200,dw05,4B92,206,1772,42,-553,1683,2.71,72235
ground-height-2m-20260828-133428,d018m_r090_run01.csv,2,18,90,dw00;dw01;dw02;dw03;dw04;dw05;dw06;dw07;dw08,dw00;dw01;dw02;dw03;dw04;dw05;dw06;dw07;dw08,,125,1,2026-08-30T10:01:27.829+0200,dw06,0789,220,1777,88,-42,1776,3.78,82275
ground-height-2m-20260828-133428,d018m_r090_run01.csv,2,18,90,dw00;dw01;dw02;dw03;dw04;dw05;dw06;dw07;dw08,dw00;dw01;dw02;dw03;dw04;dw05;dw06;dw07;dw08,,145,1,2026-08-30T10:01:27.940+0200,dw07,5783,56,1774,129,398,1728,2.14,2147483
ground-height-2m-20260828-133428,d018m_r090_run01.csv,2,18,90,dw00;dw01;dw02;dw03;dw04;dw05;dw06;dw07;dw08,dw00;dw01;dw02;dw03;dw04;dw05;dw06;dw07;dw08,,75,1,2026-08-30T10:01:27.959+0200,dw03,021B,237,1770,-43,-1482,967,4.14,12298
ground-height-2m-20260828-133428,d018m_r090_run01.csv,2,18,90,dw00;dw01;dw02;dw03;dw04;dw05;dw06;dw07;dw08,dw00;dw01;dw02;dw03;dw04;dw05;dw06;dw07;dw08,,165,1,2026-08-30T10:01:27.969+0200,dw08,028E,201,1776,155,687,1637,3.33,22277
ground-height-2m-20260828-133428,d018m_r090_run01.csv,2,18,90,dw00;dw01;dw02;dw03;dw04;dw05;dw06;dw07;dw08,dw00;dw01;dw02;dw03;dw04;dw05;dw06;dw07;dw08,,15,1,2026-08-30T10:01:27.980+0200,dw00,8103,32,1795,-168,1090,1426,3.69,32287
ground-height-2m-20260828-133428,d018m_r090_run01.csv,2,18,90,dw00;dw01;dw02;dw03;dw04;dw05;dw06;dw07;dw08,dw00;dw01;dw02;dw03;dw04;dw05;dw06;dw07;dw08,,35,1,2026-08-30T10:01:27.990+0200,dw01,1729,232,1775,-127,1520,916,3.01,42297
ground-height-2m-20260828-133428,d018m_r090_run01.csv,2,18,90,dw00;dw01;dw02;dw03;dw04;dw05;dw06;dw07;dw08,dw00;dw01;dw02;dw03;dw04;dw05;dw06;dw07;dw08,,55,1,2026-08-30T10:01:27.999+0200,dw02,8FB0,72,1777,-99,1777,0,3.33,52337
ground-height-2m-20260828-133428,d018m_r090_run01.csv,2,18,90,dw00;dw01;dw02;dw03;dw04;dw05;dw06;dw07;dw08,dw00;dw01;dw02;dw03;dw04;dw05;dw06;dw07;dw08,,90,1,2026-08-30T10:01:28.009+0200,dw04,0F85,131,1771,-3,-1049,1427,3.84,62255
ground-height-2m-20260828-133428,d018m_r090_run01.csv,2,18,90,dw00;dw01;dw02;dw03;dw04;dw05;dw06;dw07;dw08,dw00;dw01;dw02;dw03;dw04;dw05;dw06;dw07;dw08,,105,1,2026-08-30T10:01:28.020+0200,dw05,4B92,207,1771,40,-571,1677,2.77,72235
ground-height-2m-20260828-133428,d018m_r090_run01.csv,2,18,90,dw00;dw01;dw02;dw03;dw04;dw05;dw06;dw07;dw08,dw00;dw01;dw02;dw03;dw04;dw05;dw06;dw07;dw08,,125,1,2026-08-30T10:01:28.030+0200,dw06,0789,221,1773,86,-70,1771,3.90,82305
ground-height-2m-20260828-133428,d018m_r090_run01.csv,2,18,90,dw00;dw01;dw02;dw03;dw04;dw05;dw06;dw07;dw08,dw00;dw01;dw02;dw03;dw04;dw05;dw06;dw07;dw08,,145,1,2026-08-30T10:01:28.140+0200,dw07,5783,57,1778,131,418,1728,2.26,2147483
ground-height-2m-20260828-133428,d018m_r090_run01.csv,2,18,90,dw00;dw01;dw02;dw03;dw04;dw05;dw06;dw07;dw08,dw00;dw01;dw02;dw03;dw04;dw05;dw06;dw07;dw08,,75,1,2026-08-30T10:01:28.159+0200,dw03,021B,238,1766,-54,-1601,743,4.02,12298
ground-height-2m-20260828-133428,d018m_r090_run01.csv,2,18,90,dw00;dw01;dw02;dw03;dw04;dw05;dw06;dw07;dw08,dw00;dw01;dw02;dw03;dw04;dw05;dw06;dw07;dw08,,165,1,2026-08-30T10:01:28.169+0200,dw08,028E,202,1776,171,857,1555,3.33,22277
ground-height-2m-20260828-133428,d018m_r090_run01.csv,2,18,90,dw00;dw01;dw02;dw03;dw04;dw05;dw06;dw07;dw08,dw00;dw01;dw02;dw03;dw04;dw05;dw06;dw07;dw08,,15,1,2026-08-30T10:01:28.179+0200,dw00,8103,33,1795,-163,1142,1385,3.69,32257
ground-height-2m-20260828-133428,d018m_r090_run01.csv,2,18,90,dw00;dw01;dw02;dw03;dw04;dw05;dw06;dw07;dw08,dw00;dw01;dw02;dw03;dw04;dw05;dw06;dw07;dw08,,35,1,2026-08-30T10:01:28.190+0200,dw01,1729,233,1779,-110,1713,481,3.06,42358
ground-height-2m-20260828-133428,d018m_r090_run01.csv,2,18,90,dw00;dw01;dw02;dw03;dw04;dw05;dw06;dw07;dw08,dw00;dw01;dw02;dw03;dw04;dw05;dw06;dw07;dw08,,55,1,2026-08-30T10:01:28.199+0200,dw02,8FB0,73,1780,-98,1780,0,3.33,52368
ground-height-2m-20260828-133428,d018m_r090_run01.csv,2,18,90,dw00;dw01;dw02;dw03;dw04;dw05;dw06;dw07;dw08,dw00;dw01;dw02;dw03;dw04;dw05;dw06;dw07;dw08,,90,1,2026-08-30T10:01:28.209+0200,dw04,0F85,132,1769,-10,-1125,1366,3.78,62225
ground-height-2m-20260828-133428,d018m_r090_run01.csv,2,18,90,dw00;dw01;dw02;dw03;dw04;dw05;dw06;dw07;dw08,dw00;dw01;dw02;dw03;dw04;dw05;dw06;dw07;dw08,,105,1,2026-08-30T10:01:28.219+0200,dw05,4B92,208,1769,37,-608,1661,2.65,72235
ground-height-2m-20260828-133428,d018m_r090_run01.csv,2,18,90,dw00;dw01;dw02;dw03;dw04;dw05;dw06;dw07;dw08,dw00;dw01;dw02;dw03;dw04;dw05;dw06;dw07;dw08,,125,1,2026-08-30T10:01:28.230+0200,dw06,0789,222,1775,78,-158,1768,3.84,82244
ground-height-2m-20260828-133428,d018m_r090_run01.csv,2,18,90,dw00;dw01;dw02;dw03;dw04;dw05;dw06;dw07;dw08,dw00;dw01;dw02;dw03;dw04;dw05;dw06;dw07;dw08,,145,1,2026-08-30T10:01:28.339+0200,dw07,5783,58,1775,144,564,1683,2.14,2147483
ground-height-2m-20260828-133428,d018m_r090_run01.csv,2,18,90,dw00;dw01;dw02;dw03;dw04;dw05;dw06;dw07;dw08,dw00;dw01;dw02;dw03;dw04;dw05;dw06;dw07;dw08,,75,1,2026-08-30T10:01:28.360+0200,dw03,021B,239,1768,-41,-1459,998,4.14,12298
ground-height-2m-20260828-133428,d018m_r090_run01.csv,2,18,90,dw00;dw01;dw02;dw03;dw04;dw05;dw06;dw07;dw08,dw00;dw01;dw02;dw03;dw04;dw05;dw06;dw07;dw08,,165,1,2026-08-30T10:01:28.369+0200,dw08,028E,203,1775,142,538,1691,3.33,22277
ground-height-2m-20260828-133428,d018m_r090_run01.csv,2,18,90,dw00;dw01;dw02;dw03;dw04;dw05;dw06;dw07;dw08,dw00;dw01;dw02;dw03;dw04;dw05;dw06;dw07;dw08,,15,1,2026-08-30T10:01:28.379+0200,dw00,8103,34,1792,-166,1105,1410,3.57,32257
ground-height-2m-20260828-133428,d018m_r090_run01.csv,2,18,90,dw00;dw01;dw02;dw03;dw04;dw05;dw06;dw07;dw08,dw00;dw01;dw02;dw03;dw04;dw05;dw06;dw07;dw08,,35,1,2026-08-30T10:01:28.389+0200,dw01,1729,234,1780,-136,1434,1054,3.01,42327
ground-height-2m-20260828-133428,d018m_r090_run01.csv,2,18,90,dw00;dw01;dw02;dw03;dw04;dw05;dw06;dw07;dw08,dw00;dw01;dw02;dw03;dw04;dw05;dw06;dw07;dw08,,55,1,2026-08-30T10:01:28.400+0200,dw02,8FB0,74,1777,-90,1777,0,3.27,52337
ground-height-2m-20260828-133428,d018m_r090_run01.csv,2,18,90,dw00;dw01;dw02;dw03;dw04;dw05;dw06;dw07;dw08,dw00;dw01;dw02;dw03;dw04;dw05;dw06;dw07;dw08,,90,1,2026-08-30T10:01:28.409+0200,dw04,0F85,133,1773,-9,-1117,1377,3.69,62286
ground-height-2m-20260828-133428,d018m_r090_run01.csv,2,18,90,dw00;dw01;dw02;dw03;dw04;dw05;dw06;dw07;dw08,dw00;dw01;dw02;dw03;dw04;dw05;dw06;dw07;dw08,,105,1,2026-08-30T10:01:28.419+0200,dw05,4B92,209,1775,54,-423,1724,2.77,72235
ground-height-2m-20260828-133428,d018m_r090_run01.csv,2,18,90,dw00;dw01;dw02;dw03;dw04;dw05;dw06;dw07;dw08,dw00;dw01;dw02;dw03;dw04;dw05;dw06;dw07;dw08,,125,1,2026-08-30T10:01:28.429+0200,dw06,0789,223,1777,87,-60,1776,3.90,82275
ground-height-2m-20260828-133428,d018m_r090_run01.csv,2,18,90,dw00;dw01;dw02;dw03;dw04;dw05;dw06;dw07;dw08,dw00;dw01;dw02;dw03;dw04;dw05;dw06;dw07;dw08,,145,1,2026-08-30T10:01:28.539+0200,dw07,5783,59,1778,120,307,1752,2.14,2147483
ground-height-2m-20260828-133428,d018m_r090_run01.csv,2,18,90,dw00;dw01;dw02;dw03;dw04;dw05;dw06;dw07;dw08,dw00;dw01;dw02;dw03;dw04;dw05;dw06;dw07;dw08,,75,1,2026-08-30T10:01:28.559+0200,dw03,021B,240,1769,-55,-1614,722,4.14,12329
ground-height-2m-20260828-133428,d018m_r090_run01.csv,2,18,90,dw00;dw01;dw02;dw03;dw04;dw05;dw06;dw07;dw08,dw00;dw01;dw02;dw03;dw04;dw05;dw06;dw07;dw08,,165,1,2026-08-30T10:01:28.570+0200,dw08,028E,204,1778,141,533,1697,3.45,22277
ground-height-2m-20260828-133428,d018m_r090_run01.csv,2,18,90,dw00;dw01;dw02;dw03;dw04;dw05;dw06;dw07;dw08,dw00;dw01;dw02;dw03;dw04;dw05;dw06;dw07;dw08,,15,1,2026-08-30T10:01:28.579+0200,dw00,8103,35,1796,-156,1222,1315,3.69,32257
ground-height-2m-20260828-133428,d018m_r090_run01.csv,2,18,90,dw00;dw01;dw02;dw03;dw04;dw05;dw06;dw07;dw08,dw00;dw01;dw02;dw03;dw04;dw05;dw06;dw07;dw08,,35,1,2026-08-30T10:01:28.589+0200,dw01,1729,235,1777,-128,1517,924,3.01,42297
ground-height-2m-20260828-133428,d018m_r090_run01.csv,2,18,90,dw00;dw01;dw02;dw03;dw04;dw05;dw06;dw07;dw08,dw00;dw01;dw02;dw03;dw04;dw05;dw06;dw07;dw08,,55,1,2026-08-30T10:01:28.599+0200,dw02,8FB0,75,1777,-91,1776,0,3.33,52307
ground-height-2m-20260828-133428,d018m_r090_run01.csv,2,18,90,dw00;dw01;dw02;dw03;dw04;dw05;dw06;dw07;dw08,dw00;dw01;dw02;dw03;dw04;dw05;dw06;dw07;dw08,,90,1,2026-08-30T10:01:28.610+0200,dw04,0F85,134,1768,4,-964,1482,3.69,62225
ground-height-2m-20260828-133428,d018m_r090_run01.csv,2,18,90,dw00;dw01;dw02;dw03;dw04;dw05;dw06;dw07;dw08,dw00;dw01;dw02;dw03;dw04;dw05;dw06;dw07;dw08,,105,1,2026-08-30T10:01:28.619+0200,dw05,4B92,210,1774,47,-498,1702,2.77,72265
ground-height-2m-20260828-133428,d018m_r090_run01.csv,2,18,90,dw00;dw01;dw02;dw03;dw04;dw05;dw06;dw07;dw08,dw00;dw01;dw02;dw03;dw04;dw05;dw06;dw07;dw08,,125,1,2026-08-30T10:01:28.629+0200,dw06,0789,224,1772,83,-102,1769,3.78,82305
ground-height-2m-20260828-133428,d018m_r090_run01.csv,2,18,90,dw00;dw01;dw02;dw03;dw04;dw05;dw06;dw07;dw08,dw00;dw01;dw02;dw03;dw04;dw05;dw06;dw07;dw08,,145,1,2026-08-30T10:01:28.739+0200,dw07,5783,60,1775,130,409,1727,2.14,2147483
ground-height-2m-20260828-133428,d018m_r090_run01.csv,2,18,90,dw00;dw01;dw02;dw03;dw04;dw05;dw06;dw07;dw08,dw00;dw01;dw02;dw03;dw04;dw05;dw06;dw07;dw08,,75,1,2026-08-30T10:01:28.759+0200,dw03,021B,241,1768,-36,-1409,1068,4.14,12298
ground-height-2m-20260828-133428,d018m_r090_run01.csv,2,18,90,dw00;dw01;dw02;dw03;dw04;dw05;dw06;dw07;dw08,dw00;dw01;dw02;dw03;dw04;dw05;dw06;dw07;dw08,,165,1,2026-08-30T10:01:28.769+0200,dw08,028E,205,1773,-6,-1087,1401,3.33,22308
ground-height-2m-20260828-133428,d018m_r090_run01.csv,2,18,90,dw00;dw01;dw02;dw03;dw04;dw05;dw06;dw07;dw08,dw00;dw01;dw02;dw03;dw04;dw05;dw06;dw07;dw08,,15,1,2026-08-30T10:01:28.780+0200,dw00,8103,36,1794,-163,1149,1378,3.69,32257
ground-height-2m-20260828-133428,d018m_r090_run01.csv,2,18,90,dw00;dw01;dw02;dw03;dw04;dw05;dw06;dw07;dw08,dw00;dw01;dw02;dw03;dw04;dw05;dw06;dw07;dw08,,35,1,2026-08-30T10:01:28.789+0200,dw01,1729,236,1777,-141,1373,1128,2.95,42297
ground-height-2m-20260828-133428,d018m_r090_run01.csv,2,18,90,dw00;dw01;dw02;dw03;dw04;dw05;dw06;dw07;dw08,dw00;dw01;dw02;dw03;dw04;dw05;dw06;dw07;dw08,,55,1,2026-08-30T10:01:28.799+0200,dw02,8FB0,76,1778,-98,1778,0,3.33,52307
ground-height-2m-20260828-133428,d018m_r090_run01.csv,2,18,90,dw00;dw01;dw02;dw03;dw04;dw05;dw06;dw07;dw08,dw00;dw01;dw02;dw03;dw04;dw05;dw06;dw07;dw08,,90,1,2026-08-30T10:01:28.809+0200,dw04,0F85,135,1764,-3,-1044,1421,3.72,62286
ground-height-2m-20260828-133428,d018m_r090_run01.csv,2,18,90,dw00;dw01;dw02;dw03;dw04;dw05;dw06;dw07;dw08,dw00;dw01;dw02;dw03;dw04;dw05;dw06;dw07;dw08,,105,1,2026-08-30T10:01:28.820+0200,dw05,4B92,211,1774,40,-570,1680,2.71,72235
ground-height-2m-20260828-133428,d018m_r090_run01.csv,2,18,90,dw00;dw01;dw02;dw03;dw04;dw05;dw06;dw07;dw08,dw00;dw01;dw02;dw03;dw04;dw05;dw06;dw07;dw08,,125,1,2026-08-30T10:01:28.829+0200,dw06,0789,225,1775,88,-46,1775,3.72,82275
ground-height-2m-20260828-133428,d018m_r090_run01.csv,2,18,90,dw00;dw01;dw02;dw03;dw04;dw05;dw06;dw07;dw08,dw00;dw01;dw02;dw03;dw04;dw05;dw06;dw07;dw08,,145,1,2026-08-30T10:01:28.940+0200,dw07,5783,61,1774,129,399,1728,2.08,2147483
ground-height-2m-20260828-133428,d018m_r090_run01.csv,2,18,90,dw00;dw01;dw02;dw03;dw04;dw05;dw06;dw07;dw08,dw00;dw01;dw02;dw03;dw04;dw05;dw06;dw07;dw08,,75,1,2026-08-30T10:01:28.959+0200,dw03,021B,242,1768,-51,-1567,818,4.02,12298
ground-height-2m-20260828-133428,d018m_r090_run01.csv,2,18,90,dw00;dw01;dw02;dw03;dw04;dw05;dw06;dw07;dw08,dw00;dw01;dw02;dw03;dw04;dw05;dw06;dw07;dw08,,165,1,2026-08-30T10:01:28.969+0200,dw08,028E,206,1775,20,-786,1591,3.39,22247
ground-height-2m-20260828-133428,d018m_r090_run01.csv,2,18,90,dw00;dw01;dw02;dw03;dw04;dw05;dw06;dw07;dw08,dw00;dw01;dw02;dw03;dw04;dw05;dw06;dw07;dw08,,15,1,2026-08-30T10:01:28.979+0200,dw00,8103,37,1792,-159,1185,1344,3.57,32226
ground-height-2m-20260828-133428,d018m_r090_run01.csv,2,18,90,dw00;dw01;dw02;dw03;dw04;dw05;dw06;dw07;dw08,dw00;dw01;dw02;dw03;dw04;dw05;dw06;dw07;dw08,,35,1,2026-08-30T10:01:28.989+0200,dw01,1729,237,1780,-131,1486,980,3.15,42327
ground-height-2m-20260828-133428,d018m_r090_run01.csv,2,18,90,dw00;dw01;dw02;dw03;dw04;dw05;dw06;dw07;dw08,dw00;dw01;dw02;dw03;dw04;dw05;dw06;dw07;dw08,,55,1,2026-08-30T10:01:28.999+0200,dw02,8FB0,77,1777,-90,1777,0,3.33,52307
ground-height-2m-20260828-133428,d018m_r090_run01.csv,2,18,90,dw00;dw01;dw02;dw03;dw04;dw05;dw06;dw07;dw08,dw00;dw01;dw02;dw03;dw04;dw05;dw06;dw07;dw08,,90,1,2026-08-30T10:01:29.009+0200,dw04,0F85,136,1769,-1,-1027,1440,3.84,62255
ground-height-2m-20260828-133428,d018m_r090_run01.csv,2,18,90,dw00;dw01;dw02;dw03;dw04;dw05;dw06;dw07;dw08,dw00;dw01;dw02;dw03;dw04;dw05;dw06;dw07;dw08,,105,1,2026-08-30T10:01:29.019+0200,dw05,4B92,212,1773,44,-528,1693,2.59,72265
ground-height-2m-20260828-133428,d018m_r090_run01.csv,2,18,90,dw00;dw01;dw02;dw03;dw04;dw05;dw06;dw07;dw08,dw00;dw01;dw02;dw03;dw04;dw05;dw06;dw07;dw08,,125,1,2026-08-30T10:01:29.029+0200,dw06,0789,226,1778,91,-13,1778,3.90,82275
ground-height-2m-20260828-133428,d018m_r090_run01.csv,2,18,90,dw00;dw01;dw02;dw03;dw04;dw05;dw06;dw07;dw08,dw00;dw01;dw02;dw03;dw04;dw05;dw06;dw07;dw08,,145,1,2026-08-30T10:01:29.139+0200,dw07,5783,62,1777,127,380,1736,2.14,2147483
ground-height-2m-20260828-133428,d018m_r090_run01.csv,2,18,90,dw00;dw01;dw02;dw03;dw04;dw05;dw06;dw07;dw08,dw00;dw01;dw02;dw03;dw04;dw05;dw06;dw07;dw08,,75,1,2026-08-30T10:01:29.159+0200,dw03,021B,243,1769,-43,-1489,953,4.02,12298
ground-height-2m-20260828-133428,d018m_r090_run01.csv,2,18,90,dw00;dw01;dw02;dw03;dw04;dw05;dw06;dw07;dw08,dw00;dw01;dw02;dw03;dw04;dw05;dw06;dw07;dw08,,165,1,2026-08-30T10:01:29.169+0200,dw08,028E,207,1775,152,651,1651,3.33,22277
ground-height-2m-20260828-133428,d018m_r090_run01.csv,2,18,90,dw00;dw01;dw02;dw03;dw04;dw05;dw06;dw07;dw08,dw00;dw01;dw02;dw03;dw04;dw05;dw06;dw07;dw08,,15,1,2026-08-30T10:01:29.179+0200,dw00,8103,38,1797,-165,1119,1405,3.57,32257
ground-height-2m-20260828-133428,d018m_r090_run01.csv,2,18,90,dw00;dw01;dw02;dw03;dw04;dw05;dw06;dw07;dw08,dw00;dw01;dw02;dw03;dw04;dw05;dw06;dw07;dw08,,35,1,2026-08-30T10:01:29.189+0200,dw01,1729,238,1777,-135,1435,1048,3.06,42327
ground-height-2m-20260828-133428,d018m_r090_run01.csv,2,18,90,dw00;dw01;dw02;dw03;dw04;dw05;dw06;dw07;dw08,dw00;dw01;dw02;dw03;dw04;dw05;dw06;dw07;dw08,,55,1,2026-08-30T10:01:29.199+0200,dw02,8FB0,78,1777,-93,1777,0,3.39,52307
ground-height-2m-20260828-133428,d018m_r090_run01.csv,2,18,90,dw00;dw01;dw02;dw03;dw04;dw05;dw06;dw07;dw08,dw00;dw01;dw02;dw03;dw04;dw05;dw06;dw07;dw08,,90,1,2026-08-30T10:01:29.209+0200,dw04,0F85,137,1769,-6,-1078,1402,3.78,62255
ground-height-2m-20260828-133428,d018m_r090_run01.csv,2,18,90,dw00;dw01;dw02;dw03;dw04;dw05;dw06;dw07;dw08,dw00;dw01;dw02;dw03;dw04;dw05;dw06;dw07;dw08,,105,1,2026-08-30T10:01:29.219+0200,dw05,4B92,213,1770,39,-579,1673,2.83,72235
ground-height-2m-20260828-133428,d018m_r090_run01.csv,2,18,90,dw00;dw01;dw02;dw03;dw04;dw05;dw06;dw07;dw08,dw00;dw01;dw02;dw03;dw04;dw05;dw06;dw07;dw08,,125,1,2026-08-30T10:01:29.229+0200,dw06,0789,227,1777,77,-168,1769,3.78,82275
ground-height-2m-20260828-133428,d018m_r090_run01.csv,2,18,90,dw00;dw01;dw02;dw03;dw04;dw05;dw06;dw07;dw08,dw00;dw01;dw02;dw03;dw04;dw05;dw06;dw07;dw08,,145,1,2026-08-30T10:01:29.339+0200,dw07,5783,63,1776,136,481,1709,2.14,2147483
ground-height-2m-20260828-133428,d018m_r090_run01.csv,2,18,90,dw00;dw01;dw02;dw03;dw04;dw05;dw06;dw07;dw08,dw00;dw01;dw02;dw03;dw04;dw05;dw06;dw07;dw08,,75,1,2026-08-30T10:01:29.359+0200,dw03,021B,244,1766,-56,-1625,692,4.08,12298
ground-height-2m-20260828-133428,d018m_r090_run01.csv,2,18,90,dw00;dw01;dw02;dw03;dw04;dw05;dw06;dw07;dw08,dw00;dw01;dw02;dw03;dw04;dw05;dw06;dw07;dw08,,165,1,2026-08-30T10:01:29.369+0200,dw08,028E,208,1774,172,865,1548,3.39,22277
ground-height-2m-20260828-133428,d018m_r090_run01.csv,2,18,90,dw00;dw01;dw02;dw03;dw04;dw05;dw06;dw07;dw08,dw00;dw01;dw02;dw03;dw04;dw05;dw06;dw07;dw08,,15,1,2026-08-30T10:01:29.379+0200,dw00,8103,39,1796,-175,1013,1482,3.57,32257
ground-height-2m-20260828-133428,d018m_r090_run01.csv,2,18,90,dw00;dw01;dw02;dw03;dw04;dw05;dw06;dw07;dw08,dw00;dw01;dw02;dw03;dw04;dw05;dw06;dw07;dw08,,35,1,2026-08-30T10:01:29.389+0200,dw01,1729,239,1777,-138,1410,1080,3.01,42327
ground-height-2m-20260828-133428,d018m_r090_run01.csv,2,18,90,dw00;dw01;dw02;dw03;dw04;dw05;dw06;dw07;dw08,dw00;dw01;dw02;dw03;dw04;dw05;dw06;dw07;dw08,,55,1,2026-08-30T10:01:29.399+0200,dw02,8FB0,79,1780,-94,1780,0,3.33,52337
ground-height-2m-20260828-133428,d018m_r090_run01.csv,2,18,90,dw00;dw01;dw02;dw03;dw04;dw05;dw06;dw07;dw08,dw00;dw01;dw02;dw03;dw04;dw05;dw06;dw07;dw08,,90,1,2026-08-30T10:01:29.409+0200,dw04,0F85,138,1769,-7,-1091,1393,3.69,62255
ground-height-2m-20260828-133428,d018m_r090_run01.csv,2,18,90,dw00;dw01;dw02;dw03;dw04;dw05;dw06;dw07;dw08,dw00;dw01;dw02;dw03;dw04;dw05;dw06;dw07;dw08,,105,1,2026-08-30T10:01:29.419+0200,dw05,4B92,214,1772,27,-714,1622,2.83,72296
ground-height-2m-20260828-133428,d018m_r090_run01.csv,2,18,90,dw00;dw01;dw02;dw03;dw04;dw05;dw06;dw07;dw08,dw00;dw01;dw02;dw03;dw04;dw05;dw06;dw07;dw08,,125,1,2026-08-30T10:01:29.429+0200,dw06,0789,228,1774,87,-60,1773,3.90,82275
ground-height-2m-20260828-133428,d018m_r090_run01.csv,2,18,90,dw00;dw01;dw02;dw03;dw04;dw05;dw06;dw07;dw08,dw00;dw01;dw02;dw03;dw04;dw05;dw06;dw07;dw08,,145,1,2026-08-30T10:01:29.539+0200,dw07,5783,64,1772,134,457,1712,2.08,2147483
ground-height-2m-20260828-133428,d018m_r090_run01.csv,2,18,90,dw00;dw01;dw02;dw03;dw04;dw05;dw06;dw07;dw08,dw00;dw01;dw02;dw03;dw04;dw05;dw06;dw07;dw08,,75,1,2026-08-30T10:01:29.559+0200,dw03,021B,245,1766,-40,-1456,999,4.08,12298
ground-height-2m-20260828-133428,d018m_r090_run01.csv,2,18,90,dw00;dw01;dw02;dw03;dw04;dw05;dw06;dw07;dw08,dw00;dw01;dw02;dw03;dw04;dw05;dw06;dw07;dw08,,165,1,2026-08-30T10:01:29.568+0200,dw08,028E,209,1774,-14,-1176,1328,3.39,22277
ground-height-2m-20260828-133428,d018m_r090_run01.csv,2,18,90,dw00;dw01;dw02;dw03;dw04;dw05;dw06;dw07;dw08,dw00;dw01;dw02;dw03;dw04;dw05;dw06;dw07;dw08,,15,1,2026-08-30T10:01:29.579+0200,dw00,8103,40,1796,-167,1104,1416,3.57,32226
ground-height-2m-20260828-133428,d018m_r090_run01.csv,2,18,90,dw00;dw01;dw02;dw03;dw04;dw05;dw06;dw07;dw08,dw00;dw01;dw02;dw03;dw04;dw05;dw06;dw07;dw08,,35,1,2026-08-30T10:01:29.589+0200,dw01,1729,240,1778,-132,1469,1002,3.06,42297
ground-height-2m-20260828-133428,d018m_r090_run01.csv,2,18,90,dw00;dw01;dw02;dw03;dw04;dw05;dw06;dw07;dw08,dw00;dw01;dw02;dw03;dw04;dw05;dw06;dw07;dw08,,55,1,2026-08-30T10:01:29.599+0200,dw02,8FB0,80,1778,-96,1778,0,3.33,52307
ground-height-2m-20260828-133428,d018m_r090_run01.csv,2,18,90,dw00;dw01;dw02;dw03;dw04;dw05;dw06;dw07;dw08,dw00;dw01;dw02;dw03;dw04;dw05;dw06;dw07;dw08,,90,1,2026-08-30T10:01:29.609+0200,dw04,0F85,139,1769,11,-891,1528,3.72,62255
ground-height-2m-20260828-133428,d018m_r090_run01.csv,2,18,90,dw00;dw01;dw02;dw03;dw04;dw05;dw06;dw07;dw08,dw00;dw01;dw02;dw03;dw04;dw05;dw06;dw07;dw08,,105,1,2026-08-30T10:01:29.619+0200,dw05,4B92,215,1774,33,-651,1650,2.89,72265
ground-height-2m-20260828-133428,d018m_r090_run01.csv,2,18,90,dw00;dw01;dw02;dw03;dw04;dw05;dw06;dw07;dw08,dw00;dw01;dw02;dw03;dw04;dw05;dw06;dw07;dw08,,125,1,2026-08-30T10:01:29.629+0200,dw06,0789,229,1777,88,-46,1777,3.78,82305
ground-height-2m-20260828-133428,d018m_r090_run01.csv,2,18,90,dw00;dw01;dw02;dw03;dw04;dw05;dw06;dw07;dw08,dw00;dw01;dw02;dw03;dw04;dw05;dw06;dw07;dw08,,145,1,2026-08-30T10:01:29.738+0200,dw07,5783,65,1777,123,338,1745,2.08,2147483
ground-height-2m-20260828-133428,d018m_r090_run01.csv,2,18,90,dw00;dw01;dw02;dw03;dw04;dw05;dw06;dw07;dw08,dw00;dw01;dw02;dw03;dw04;dw05;dw06;dw07;dw08,,75,1,2026-08-30T10:01:29.759+0200,dw03,021B,246,1767,-40,-1447,1014,4.08,12298
ground-height-2m-20260828-133428,d018m_r090_run01.csv,2,18,90,dw00;dw01;dw02;dw03;dw04;dw05;dw06;dw07;dw08,dw00;dw01;dw02;dw03;dw04;dw05;dw06;dw07;dw08,,165,1,2026-08-30T10:01:29.769+0200,dw08,028E,210,1776,152,646,1654,3.33,22277
ground-height-2m-20260828-133428,d018m_r090_run01.csv,2,18,90,dw00;dw01;dw02;dw03;dw04;dw05;dw06;dw07;dw08,dw00;dw01;dw02;dw03;dw04;dw05;dw06;dw07;dw08,,15,1,2026-08-30T10:01:29.778+0200,dw00,8103,41,1793,-166,1109,1409,3.57,32257
ground-height-2m-20260828-133428,d018m_r090_run01.csv,2,18,90,dw00;dw01;dw02;dw03;dw04;dw05;dw06;dw07;dw08,dw00;dw01;dw02;dw03;dw04;dw05;dw06;dw07;dw08,,35,1,2026-08-30T10:01:29.789+0200,dw01,1729,241,1775,98,63,1774,3.09,42327
ground-height-2m-20260828-133428,d018m_r090_run01.csv,2,18,90,dw00;dw01;dw02;dw03;dw04;dw05;dw06;dw07;dw08,dw00;dw01;dw02;dw03;dw04;dw05;dw06;dw07;dw08,,55,1,2026-08-30T10:01:29.799+0200,dw02,8FB0,81,1777,-100,1777,0,3.27,52307
ground-height-2m-20260828-133428,d018m_r090_run01.csv,2,18,90,dw00;dw01;dw02;dw03;dw04;dw05;dw06;dw07;dw08,dw00;dw01;dw02;dw03;dw04;dw05;dw06;dw07;dw08,,90,1,2026-08-30T10:01:29.809+0200,dw04,0F85,140,1768,2,-980,1471,3.72,62255
ground-height-2m-20260828-133428,d018m_r090_run01.csv,2,18,90,dw00;dw01;dw02;dw03;dw04;dw05;dw06;dw07;dw08,dw00;dw01;dw02;dw03;dw04;dw05;dw06;dw07;dw08,,105,1,2026-08-30T10:01:29.818+0200,dw05,4B92,216,1769,33,-647,1647,2.71,72235
ground-height-2m-20260828-133428,d018m_r090_run01.csv,2,18,90,dw00;dw01;dw02;dw03;dw04;dw05;dw06;dw07;dw08,dw00;dw01;dw02;dw03;dw04;dw05;dw06;dw07;dw08,,125,1,2026-08-30T10:01:29.829+0200,dw06,0789,230,1777,87,-58,1776,3.78,82244
ground-height-2m-20260828-133428,d018m_r090_run01.csv,2,18,90,dw00;dw01;dw02;dw03;dw04;dw05;dw06;dw07;dw08,dw00;dw01;dw02;dw03;dw04;dw05;dw06;dw07;dw08,,145,1,2026-08-30T10:01:29.939+0200,dw07,5783,66,1775,131,422,1724,2.20,2147483
ground-height-2m-20260828-133428,d018m_r090_run01.csv,2,18,90,dw00;dw01;dw02;dw03;dw04;dw05;dw06;dw07;dw08,dw00;dw01;dw02;dw03;dw04;dw05;dw06;dw07;dw08,,75,1,2026-08-30T10:01:29.959+0200,dw03,021B,247,1770,-44,-1497,944,4.14,12298
ground-height-2m-20260828-133428,d018m_r090_run01.csv,2,18,90,dw00;dw01;dw02;dw03;dw04;dw05;dw06;dw07;dw08,dw00;dw01;dw02;dw03;dw04;dw05;dw06;dw07;dw08,,165,1,2026-08-30T10:01:29.969+0200,dw08,028E,211,1781,3,-985,1484,3.33,22277
ground-height-2m-20260828-133428,d018m_r090_run01.csv,2,18,90,dw00;dw01;dw02;dw03;dw04;dw05;dw06;dw07;dw08,dw00;dw01;dw02;dw03;dw04;dw05;dw06;dw07;dw08,,15,1,2026-08-30T10:01:29.979+0200,dw00,8103,42,1791,-164,1133,1387,3.69,32226
ground-height-2m-20260828-133428,d018m_r090_run01.csv,2,18,90,dw00;dw01;dw02;dw03;dw04;dw05;dw06;dw07;dw08,dw00;dw01;dw02;dw03;dw04;dw05;dw06;dw07;dw08,,35,1,2026-08-30T10:01:29.988+0200,dw01,1729,242,1781,-144,1345,1168,2.95,42327
ground-height-2m-20260828-133428,d018m_r090_run01.csv,2,18,90,dw00;dw01;dw02;dw03;dw04;dw05;dw06;dw07;dw08,dw00;dw01;dw02;dw03;dw04;dw05;dw06;dw07;dw08,,55,1,2026-08-30T10:01:29.999+0200,dw02,8FB0,82,1780,-97,1780,0,3.33,52307
ground-height-2m-20260828-133428,d018m_r090_run01.csv,2,18,90,dw00;dw01;dw02;dw03;dw04;dw05;dw06;dw07;dw08,dw00;dw01;dw02;dw03;dw04;dw05;dw06;dw07;dw08,,90,1,2026-08-30T10:01:30.009+0200,dw04,0F85,141,1769,0,-1019,1446,3.69,62255
ground-height-2m-20260828-133428,d018m_r090_run01.csv,2,18,90,dw00;dw01;dw02;dw03;dw04;dw05;dw06;dw07;dw08,dw00;dw01;dw02;dw03;dw04;dw05;dw06;dw07;dw08,,105,1,2026-08-30T10:01:30.019+0200,dw05,4B92,217,1778,38,-600,1674,2.89,72265
ground-height-2m-20260828-133428,d018m_r090_run01.csv,2,18,90,dw00;dw01;dw02;dw03;dw04;dw05;dw06;dw07;dw08,dw00;dw01;dw02;dw03;dw04;dw05;dw06;dw07;dw08,,125,1,2026-08-30T10:01:30.028+0200,dw06,0789,231,1776,88,-47,1775,3.78,82275
ground-height-2m-20260828-133428,d018m_r090_run01.csv,2,18,90,dw00;dw01;dw02;dw03;dw04;dw05;dw06;dw07;dw08,dw00;dw01;dw02;dw03;dw04;dw05;dw06;dw07;dw08,,145,1,2026-08-30T10:01:30.139+0200,dw07,5783,67,1776,125,358,1739,2.20,2147483
ground-height-2m-20260828-133428,d018m_r090_run01.csv,2,18,90,dw00;dw01;dw02;dw03;dw04;dw05;dw06;dw07;dw08,dw00;dw01;dw02;dw03;dw04;dw05;dw06;dw07;dw08,,75,1,2026-08-30T10:01:30.158+0200,dw03,021B,248,1769,-45,-1510,923,4.14,12329
ground-height-2m-20260828-133428,d018m_r090_run01.csv,2,18,90,dw00;dw01;dw02;dw03;dw04;dw05;dw06;dw07;dw08,dw00;dw01;dw02;dw03;dw04;dw05;dw06;dw07;dw08,,165,1,2026-08-30T10:01:30.169+0200,dw08,028E,212,1778,143,552,1690,3.39,22277
ground-height-2m-20260828-133428,d018m_r090_run01.csv,2,18,90,dw00;dw01;dw02;dw03;dw04;dw05;dw06;dw07;dw08,dw00;dw01;dw02;dw03;dw04;dw05;dw06;dw07;dw08,,15,1,2026-08-30T10:01:30.179+0200,dw00,8103,43,1792,-172,1048,1454,3.57,32257
ground-height-2m-20260828-133428,d018m_r090_run01.csv,2,18,90,dw00;dw01;dw02;dw03;dw04;dw05;dw06;dw07;dw08,dw00;dw01;dw02;dw03;dw04;dw05;dw06;dw07;dw08,,35,1,2026-08-30T10:01:30.189+0200,dw01,1729,243,1781,-135,1444,1042,3.06,42297
ground-height-2m-20260828-133428,d018m_r090_run01.csv,2,18,90,dw00;dw01;dw02;dw03;dw04;dw05;dw06;dw07;dw08,dw00;dw01;dw02;dw03;dw04;dw05;dw06;dw07;dw08,,55,1,2026-08-30T10:01:30.198+0200,dw02,8FB0,83,1780,-93,1780,0,3.33,52337
ground-height-2m-20260828-133428,d018m_r090_run01.csv,2,18,90,dw00;dw01;dw02;dw03;dw04;dw05;dw06;dw07;dw08,dw00;dw01;dw02;dw03;dw04;dw05;dw06;dw07;dw08,,90,1,2026-08-30T10:01:30.209+0200,dw04,0F85,142,1768,11,-891,1527,3.69,62255
ground-height-2m-20260828-133428,d018m_r090_run01.csv,2,18,90,dw00;dw01;dw02;dw03;dw04;dw05;dw06;dw07;dw08,dw00;dw01;dw02;dw03;dw04;dw05;dw06;dw07;dw08,,105,1,2026-08-30T10:01:30.219+0200,dw05,4B92,218,1776,55,-413,1727,2.71,72265
ground-height-2m-20260828-133428,d018m_r090_run01.csv,2,18,90,dw00;dw01;dw02;dw03;dw04;dw05;dw06;dw07;dw08,dw00;dw01;dw02;dw03;dw04;dw05;dw06;dw07;dw08,,125,1,2026-08-30T10:01:30.229+0200,dw06,0789,232,1778,88,-45,1777,3.90,82275
ground-height-2m-20260828-133428,d018m_r090_run01.csv,2,18,90,dw00;dw01;dw02;dw03;dw04;dw05;dw06;dw07;dw08,dw00;dw01;dw02;dw03;dw04;dw05;dw06;dw07;dw08,,145,1,2026-08-30T10:01:30.339+0200,dw07,5783,68,1772,127,382,1731,2.20,2147483
ground-height-2m-20260828-133428,d018m_r090_run01.csv,2,18,90,dw00;dw01;dw02;dw03;dw04;dw05;dw06;dw07;dw08,dw00;dw01;dw02;dw03;dw04;dw05;dw06;dw07;dw08,,75,1,2026-08-30T10:01:30.358+0200,dw03,021B,249,1767,-56,-1626,690,4.14,12298
ground-height-2m-20260828-133428,d018m_r090_run01.csv,2,18,90,dw00;dw01;dw02;dw03;dw04;dw05;dw06;dw07;dw08,dw00;dw01;dw02;dw03;dw04;dw05;dw06;dw07;dw08,,165,1,2026-08-30T10:01:30.368+0200,dw08,028E,213,1772,152,645,1650,3.45,22308
ground-height-2m-20260828-133428,d018m_r090_run01.csv,2,18,90,dw00;dw01;dw02;dw03;dw04;dw05;dw06;dw07;dw08,dw00;dw01;dw02;dw03;dw04;dw05;dw06;dw07;dw08,,15,1,2026-08-30T10:01:30.379+0200,dw00,8103,44,1793,-149,1294,1241,3.63,32226
ground-height-2m-20260828-133428,d018m_r090_run01.csv,2,18,90,dw00;dw01;dw02;dw03;dw04;dw05;dw06;dw07;dw08,dw00;dw01;dw02;dw03;dw04;dw05;dw06;dw07;dw08,,35,1,2026-08-30T10:01:30.389+0200,dw01,1729,244,1776,-134,1448,1028,3.06,42297
ground-height-2m-20260828-133428,d018m_r090_run01.csv,2,18,90,dw00;dw01;dw02;dw03;dw04;dw05;dw06;dw07;dw08,dw00;dw01;dw02;dw03;dw04;dw05;dw06;dw07;dw08,,55,1,2026-08-30T10:01:30.398+0200,dw02,8FB0,84,1777,-80,-1777,0,3.39,52307
ground-height-2m-20260828-133428,d018m_r090_run01.csv,2,18,90,dw00;dw01;dw02;dw03;dw04;dw05;dw06;dw07;dw08,dw00;dw01;dw02;dw03;dw04;dw05;dw06;dw07;dw08,,90,1,2026-08-30T10:01:30.408+0200,dw04,0F85,143,1769,4,-961,1486,3.69,62255
ground-height-2m-20260828-133428,d018m_r090_run01.csv,2,18,90,dw00;dw01;dw02;dw03;dw04;dw05;dw06;dw07;dw08,dw00;dw01;dw02;dw03;dw04;dw05;dw06;dw07;dw08,,105,1,2026-08-30T10:01:30.419+0200,dw05,4B92,219,1775,49,-472,1711,2.77,72235
ground-height-2m-20260828-133428,d018m_r090_run01.csv,2,18,90,dw00;dw01;dw02;dw03;dw04;dw05;dw06;dw07;dw08,dw00;dw01;dw02;dw03;dw04;dw05;dw06;dw07;dw08,,125,1,2026-08-30T10:01:30.429+0200,dw06,0789,233,1777,87,-61,1776,3.90,82275
ground-height-2m-20260828-133428,d018m_r090_run01.csv,2,18,90,dw00;dw01;dw02;dw03;dw04;dw05;dw06;dw07;dw08,dw00;dw01;dw02;dw03;dw04;dw05;dw06;dw07;dw08,,145,1,2026-08-30T10:01:30.538+0200,dw07,5783,69,1775,135,460,1714,2.20,2147483
ground-height-2m-20260828-133428,d018m_r090_run01.csv,2,18,90,dw00;dw01;dw02;dw03;dw04;dw05;dw06;dw07;dw08,dw00;dw01;dw02;dw03;dw04;dw05;dw06;dw07;dw08,,75,1,2026-08-30T10:01:30.559+0200,dw03,021B,250,1769,-42,-1480,969,4.20,12298
ground-height-2m-20260828-133428,d018m_r090_run01.csv,2,18,90,dw00;dw01;dw02;dw03;dw04;dw05;dw06;dw07;dw08,dw00;dw01;dw02;dw03;dw04;dw05;dw06;dw07;dw08,,165,1,2026-08-30T10:01:30.568+0200,dw08,028E,214,1776,150,630,1660,3.45,22277
ground-height-2m-20260828-133428,d018m_r090_run01.csv,2,18,90,dw00;dw01;dw02;dw03;dw04;dw05;dw06;dw07;dw08,dw00;dw01;dw02;dw03;dw04;dw05;dw06;dw07;dw08,,15,1,2026-08-30T10:01:30.578+0200,dw00,8103,45,1795,-161,1167,1364,3.69,32226
ground-height-2m-20260828-133428,d018m_r090_run01.csv,2,18,90,dw00;dw01;dw02;dw03;dw04;dw05;dw06;dw07;dw08,dw00;dw01;dw02;dw03;dw04;dw05;dw06;dw07;dw08,,35,1,2026-08-30T10:01:30.589+0200,dw01,1729,245,1776,-141,1369,1131,3.06,42297
ground-height-2m-20260828-133428,d018m_r090_run01.csv,2,18,90,dw00;dw01;dw02;dw03;dw04;dw05;dw06;dw07;dw08,dw00;dw01;dw02;dw03;dw04;dw05;dw06;dw07;dw08,,55,1,2026-08-30T10:01:30.599+0200,dw02,8FB0,85,1777,-96,1777,0,3.27,52307
ground-height-2m-20260828-133428,d018m_r090_run01.csv,2,18,90,dw00;dw01;dw02;dw03;dw04;dw05;dw06;dw07;dw08,dw00;dw01;dw02;dw03;dw04;dw05;dw06;dw07;dw08,,90,1,2026-08-30T10:01:30.608+0200,dw04,0F85,144,1769,5,-957,1488,3.78,62255
ground-height-2m-20260828-133428,d018m_r090_run01.csv,2,18,90,dw00;dw01;dw02;dw03;dw04;dw05;dw06;dw07;dw08,dw00;dw01;dw02;dw03;dw04;dw05;dw06;dw07;dw08,,105,1,2026-08-30T10:01:30.618+0200,dw05,4B92,220,1771,39,-585,1671,2.83,72235
ground-height-2m-20260828-133428,d018m_r090_run01.csv,2,18,90,dw00;dw01;dw02;dw03;dw04;dw05;dw06;dw07;dw08,dw00;dw01;dw02;dw03;dw04;dw05;dw06;dw07;dw08,,125,1,2026-08-30T10:01:30.629+0200,dw06,0789,234,1776,90,-23,1775,3.78,82275
ground-height-2m-20260828-133428,d018m_r090_run01.csv,2,18,90,dw00;dw01;dw02;dw03;dw04;dw05;dw06;dw07;dw08,dw00;dw01;dw02;dw03;dw04;dw05;dw06;dw07;dw08,,145,1,2026-08-30T10:01:30.738+0200,dw07,5783,70,1777,124,341,1744,2.20,2147483
ground-height-2m-20260828-133428,d018m_r090_run01.csv,2,18,90,dw00;dw01;dw02;dw03;dw04;dw05;dw06;dw07;dw08,dw00;dw01;dw02;dw03;dw04;dw05;dw06;dw07;dw08,,75,1,2026-08-30T10:01:30.759+0200,dw03,021B,251,1767,-49,-1555,838,3.96,12298
ground-height-2m-20260828-133428,d018m_r090_run01.csv,2,18,90,dw00;dw01;dw02;dw03;dw04;dw05;dw06;dw07;dw08,dw00;dw01;dw02;dw03;dw04;dw05;dw06;dw07;dw08,,165,1,2026-08-30T10:01:30.769+0200,dw08,028E,215,1778,31,-677,1644,3.45,22277
ground-height-2m-20260828-133428,d018m_r090_run01.csv,2,18,90,dw00;dw01;dw02;dw03;dw04;dw05;dw06;dw07;dw08,dw00;dw01;dw02;dw03;dw04;dw05;dw06;dw07;dw08,,15,1,2026-08-30T10:01:30.778+0200,dw00,8103,46,1792,-161,1168,1359,3.57,32226
ground-height-2m-20260828-133428,d018m_r090_run01.csv,2,18,90,dw00;dw01;dw02;dw03;dw04;dw05;dw06;dw07;dw08,dw00;dw01;dw02;dw03;dw04;dw05;dw06;dw07;dw08,,35,1,2026-08-30T10:01:30.788+0200,dw01,1729,246,1773,121,315,1745,3.06,42297
ground-height-2m-20260828-133428,d018m_r090_run01.csv,2,18,90,dw00;dw01;dw02;dw03;dw04;dw05;dw06;dw07;dw08,dw00;dw01;dw02;dw03;dw04;dw05;dw06;dw07;dw08,,55,1,2026-08-30T10:01:30.799+0200,dw02,8FB0,86,1778,-95,1778,0,3.33,52307
ground-height-2m-20260828-133428,d018m_r090_run01.csv,2,18,90,dw00;dw01;dw02;dw03;dw04;dw05;dw06;dw07;dw08,dw00;dw01;dw02;dw03;dw04;dw05;dw06;dw07;dw08,,90,1,2026-08-30T10:01:30.809+0200,dw04,0F85,145,1770,15,-843,1557,3.78,62286
ground-height-2m-20260828-133428,d018m_r090_run01.csv,2,18,90,dw00;dw01;dw02;dw03;dw04;dw05;dw06;dw07;dw08,dw00;dw01;dw02;dw03;dw04;dw05;dw06;dw07;dw08,,105,1,2026-08-30T10:01:30.818+0200,dw05,4B92,221,1775,40,-570,1681,2.89,72235
ground-height-2m-20260828-133428,d018m_r090_run01.csv,2,18,90,dw00;dw01;dw02;dw03;dw04;dw05;dw06;dw07;dw08,dw00;dw01;dw02;dw03;dw04;dw05;dw06;dw07;dw08,,125,1,2026-08-30T10:01:30.828+0200,dw06,0789,235,1774,83,-103,1771,3.90,82275
ground-height-2m-20260828-133428,d018m_r090_run01.csv,2,18,90,dw00;dw01;dw02;dw03;dw04;dw05;dw06;dw07;dw08,dw00;dw01;dw02;dw03;dw04;dw05;dw06;dw07;dw08,,145,1,2026-08-30T10:01:30.938+0200,dw07,5783,71,1775,125,354,1739,2.14,2147483
ground-height-2m-20260828-133428,d018m_r090_run01.csv,2,18,90,dw00;dw01;dw02;dw03;dw04;dw05;dw06;dw07;dw08,dw00;dw01;dw02;dw03;dw04;dw05;dw06;dw07;dw08,,75,1,2026-08-30T10:01:30.958+0200,dw03,021B,252,1768,-44,-1495,943,4.14,12268
ground-height-2m-20260828-133428,d018m_r090_run01.csv,2,18,90,dw00;dw01;dw02;dw03;dw04;dw05;dw06;dw07;dw08,dw00;dw01;dw02;dw03;dw04;dw05;dw06;dw07;dw08,,165,1,2026-08-30T10:01:30.969+0200,dw08,028E,216,1775,-15,-1184,1323,3.33,22277
ground-height-2m-20260828-133428,d018m_r090_run01.csv,2,18,90,dw00;dw01;dw02;dw03;dw04;dw05;dw06;dw07;dw08,dw00;dw01;dw02;dw03;dw04;dw05;dw06;dw07;dw08,,15,1,2026-08-30T10:01:30.978+0200,dw00,8103,47,1794,-154,1245,1291,3.63,32226
ground-height-2m-20260828-133428,d018m_r090_run01.csv,2,18,90,dw00;dw01;dw02;dw03;dw04;dw05;dw06;dw07;dw08,dw00;dw01;dw02;dw03;dw04;dw05;dw06;dw07;dw08,,35,1,2026-08-30T10:01:30.988+0200,dw01,1729,247,1777,-135,1434,1050,3.06,42327
ground-height-2m-20260828-133428,d018m_r090_run01.csv,2,18,90,dw00;dw01;dw02;dw03;dw04;dw05;dw06;dw07;dw08,dw00;dw01;dw02;dw03;dw04;dw05;dw06;dw07;dw08,,55,1,2026-08-30T10:01:30.998+0200,dw02,8FB0,87,1778,-99,1778,0,3.33,52307
ground-height-2m-20260828-133428,d018m_r090_run01.csv,2,18,90,dw00;dw01;dw02;dw03;dw04;dw05;dw06;dw07;dw08,dw00;dw01;dw02;dw03;dw04;dw05;dw06;dw07;dw08,,90,1,2026-08-30T10:01:31.009+0200,dw04,0F85,146,1772,-1,-1030,1441,3.78,62225
ground-height-2m-20260828-133428,d018m_r090_run01.csv,2,18,90,dw00;dw01;dw02;dw03;dw04;dw05;dw06;dw07;dw08,dw00;dw01;dw02;dw03;dw04;dw05;dw06;dw07;dw08,,105,1,2026-08-30T10:01:31.018+0200,dw05,4B92,222,1777,33,-647,1655,2.71,72235
ground-height-2m-20260828-133428,d018m_r090_run01.csv,2,18,90,dw00;dw01;dw02;dw03;dw04;dw05;dw06;dw07;dw08,dw00;dw01;dw02;dw03;dw04;dw05;dw06;dw07;dw08,,125,1,2026-08-30T10:01:31.028+0200,dw06,0789,236,1777,86,-67,1775,3.78,82275
ground-height-2m-20260828-133428,d018m_r090_run01.csv,2,18,90,dw00;dw01;dw02;dw03;dw04;dw05;dw06;dw07;dw08,dw00;dw01;dw02;dw03;dw04;dw05;dw06;dw07;dw08,,145,1,2026-08-30T10:01:31.139+0200,dw07,5783,72,1775,136,479,1709,2.14,2147483
ground-height-2m-20260828-133428,d018m_r090_run01.csv,2,18,90,dw00;dw01;dw02;dw03;dw04;dw05;dw06;dw07;dw08,dw00;dw01;dw02;dw03;dw04;dw05;dw06;dw07;dw08,,75,1,2026-08-30T10:01:31.158+0200,dw03,021B,253,1766,-49,-1552,841,4.02,12298
ground-height-2m-20260828-133428,d018m_r090_run01.csv,2,18,90,dw00;dw01;dw02;dw03;dw04;dw05;dw06;dw07;dw08,dw00;dw01;dw02;dw03;dw04;dw05;dw06;dw07;dw08,,165,1,2026-08-30T10:01:31.168+0200,dw08,028E,217,1777,162,756,1608,3.39,22277
ground-height-2m-20260828-133428,d018m_r090_run01.csv,2,18,90,dw00;dw01;dw02;dw03;dw04;dw05;dw06;dw07;dw08,dw00;dw01;dw02;dw03;dw04;dw05;dw06;dw07;dw08,,15,1,2026-08-30T10:01:31.179+0200,dw00,8103,48,1794,-163,1145,1381,3.63,32226
ground-height-2m-20260828-133428,d018m_r090_run01.csv,2,18,90,dw00;dw01;dw02;dw03;dw04;dw05;dw06;dw07;dw08,dw00;dw01;dw02;dw03;dw04;dw05;dw06;dw07;dw08,,35,1,2026-08-30T10:01:31.188+0200,dw01,1729,248,1775,-137,1419,1066,3.09,42297
ground-height-2m-20260828-133428,d018m_r090_run01.csv,2,18,90,dw00;dw01;dw02;dw03;dw04;dw05;dw06;dw07;dw08,dw00;dw01;dw02;dw03;dw04;dw05;dw06;dw07;dw08,,55,1,2026-08-30T10:01:31.198+0200,dw02,8FB0,88,1780,-101,1780,0,3.27,52307
ground-height-2m-20260828-133428,d018m_r090_run01.csv,2,18,90,dw00;dw01;dw02;dw03;dw04;dw05;dw06;dw07;dw08,dw00;dw01;dw02;dw03;dw04;dw05;dw06;dw07;dw08,,90,1,2026-08-30T10:01:31.208+0200,dw04,0F85,147,1769,-9,-1119,1370,3.69,62255
ground-height-2m-20260828-133428,d018m_r090_run01.csv,2,18,90,dw00;dw01;dw02;dw03;dw04;dw05;dw06;dw07;dw08,dw00;dw01;dw02;dw03;dw04;dw05;dw06;dw07;dw08,,105,1,2026-08-30T10:01:31.219+0200,dw05,4B92,223,1775,36,-618,1664,2.77,72265
ground-height-2m-20260828-133428,d018m_r090_run01.csv,2,18,90,dw00;dw01;dw02;dw03;dw04;dw05;dw06;dw07;dw08,dw00;dw01;dw02;dw03;dw04;dw05;dw06;dw07;dw08,,125,1,2026-08-30T10:01:31.228+0200,dw06,0789,237,1774,82,-110,1771,3.78,82305
ground-height-2m-20260828-133428,d018m_r090_run01.csv,2,18,90,dw00;dw01;dw02;dw03;dw04;dw05;dw06;dw07;dw08,dw00;dw01;dw02;dw03;dw04;dw05;dw06;dw07;dw08,,145,1,2026-08-30T10:01:31.339+0200,dw07,5783,73,1777,126,367,1738,2.20,2147483
ground-height-2m-20260828-133428,d018m_r090_run01.csv,2,18,90,dw00;dw01;dw02;dw03;dw04;dw05;dw06;dw07;dw08,dw00;dw01;dw02;dw03;dw04;dw05;dw06;dw07;dw08,,75,1,2026-08-30T10:01:31.358+0200,dw03,021B,254,1767,-44,-1500,934,4.02,12298
ground-height-2m-20260828-133428,d018m_r090_run01.csv,2,18,90,dw00;dw01;dw02;dw03;dw04;dw05;dw06;dw07;dw08,dw00;dw01;dw02;dw03;dw04;dw05;dw06;dw07;dw08,,165,1,2026-08-30T10:01:31.368+0200,dw08,028E,218,1773,149,617,1662,3.33,22308
ground-height-2m-20260828-133428,d018m_r090_run01.csv,2,18,90,dw00;dw01;dw02;dw03;dw04;dw05;dw06;dw07;dw08,dw00;dw01;dw02;dw03;dw04;dw05;dw06;dw07;dw08,,15,1,2026-08-30T10:01:31.378+0200,dw00,8103,49,1793,-163,1145,1380,3.63,32226
ground-height-2m-20260828-133428,d018m_r090_run01.csv,2,18,90,dw00;dw01;dw02;dw03;dw04;dw05;dw06;dw07;dw08,dw00;dw01;dw02;dw03;dw04;dw05;dw06;dw07;dw08,,35,1,2026-08-30T10:01:31.389+0200,dw01,1729,249,1773,-125,1540,878,3.06,42327
ground-height-2m-20260828-133428,d018m_r090_run01.csv,2,18,90,dw00;dw01;dw02;dw03;dw04;dw05;dw06;dw07;dw08,dw00;dw01;dw02;dw03;dw04;dw05;dw06;dw07;dw08,,55,1,2026-08-30T10:01:31.398+0200,dw02,8FB0,89,1778,-96,1778,0,3.33,52307
ground-height-2m-20260828-133428,d018m_r090_run01.csv,2,18,90,dw00;dw01;dw02;dw03;dw04;dw05;dw06;dw07;dw08,dw00;dw01;dw02;dw03;dw04;dw05;dw06;dw07;dw08,,90,1,2026-08-30T10:01:31.408+0200,dw04,0F85,148,1771,5,-950,1495,3.72,62255
ground-height-2m-20260828-133428,d018m_r090_run01.csv,2,18,90,dw00;dw01;dw02;dw03;dw04;dw05;dw06;dw07;dw08,dw00;dw01;dw02;dw03;dw04;dw05;dw06;dw07;dw08,,105,1,2026-08-30T10:01:31.418+0200,dw05,4B92,224,1773,46,-511,1697,2.77,72265
ground-height-2m-20260828-133428,d018m_r090_run01.csv,2,18,90,dw00;dw01;dw02;dw03;dw04;dw05;dw06;dw07;dw08,dw00;dw01;dw02;dw03;dw04;dw05;dw06;dw07;dw08,,125,1,2026-08-30T10:01:31.429+0200,dw06,0789,238,1776,91,-13,1776,3.78,82275
ground-height-2m-20260828-133428,d018m_r090_run01.csv,2,18,90,dw00;dw01;dw02;dw03;dw04;dw05;dw06;dw07;dw08,dw00;dw01;dw02;dw03;dw04;dw05;dw06;dw07;dw08,,145,1,2026-08-30T10:01:31.538+0200,dw07,5783,74,1774,141,534,1692,2.26,2147483
ground-height-2m-20260828-133428,d018m_r090_run01.csv,2,18,90,dw00;dw01;dw02;dw03;dw04;dw05;dw06;dw07;dw08,dw00;dw01;dw02;dw03;dw04;dw05;dw06;dw07;dw08,,75,1,2026-08-30T10:01:31.558+0200,dw03,021B,255,1768,-42,-1479,968,4.14,12329
ground-height-2m-20260828-133428,d018m_r090_run01.csv,2,18,90,dw00;dw01;dw02;dw03;dw04;dw05;dw06;dw07;dw08,dw00;dw01;dw02;dw03;dw04;dw05;dw06;dw07;dw08,,165,1,2026-08-30T10:01:31.568+0200,dw08,028E,219,1774,157,704,1629,3.45,22247
ground-height-2m-20260828-133428,d018m_r090_run01.csv,2,18,90,dw00;dw01;dw02;dw03;dw04;dw05;dw06;dw07;dw08,dw00;dw01;dw02;dw03;dw04;dw05;dw06;dw07;dw08,,15,1,2026-08-30T10:01:31.578+0200,dw00,8103,50,1791,-165,1121,1396,3.69,32257
ground-height-2m-20260828-133428,d018m_r090_run01.csv,2,18,90,dw00;dw01;dw02;dw03;dw04;dw05;dw06;dw07;dw08,dw00;dw01;dw02;dw03;dw04;dw05;dw06;dw07;dw08,,35,1,2026-08-30T10:01:31.588+0200,dw01,1729,250,1777,-131,1488,973,3.06,42327
ground-height-2m-20260828-133428,d018m_r090_run01.csv,2,18,90,dw00;dw01;dw02;dw03;dw04;dw05;dw06;dw07;dw08,dw00;dw01;dw02;dw03;dw04;dw05;dw06;dw07;dw08,,55,1,2026-08-30T10:01:31.599+0200,dw02,8FB0,90,1778,-92,1778,0,3.33,52307
ground-height-2m-20260828-133428,d018m_r090_run01.csv,2,18,90,dw00;dw01;dw02;dw03;dw04;dw05;dw06;dw07;dw08,dw00;dw01;dw02;dw03;dw04;dw05;dw06;dw07;dw08,,90,1,2026-08-30T10:01:31.608+0200,dw04,0F85,149,1770,14,-858,1548,3.78,62255
ground-height-2m-20260828-133428,d018m_r090_run01.csv,2,18,90,dw00;dw01;dw02;dw03;dw04;dw05;dw06;dw07;dw08,dw00;dw01;dw02;dw03;dw04;dw05;dw06;dw07;dw08,,105,1,2026-08-30T10:01:31.618+0200,dw05,4B92,225,1773,21,-777,1594,2.83,72265
ground-height-2m-20260828-133428,d018m_r090_run01.csv,2,18,90,dw00;dw01;dw02;dw03;dw04;dw05;dw06;dw07;dw08,dw00;dw01;dw02;dw03;dw04;dw05;dw06;dw07;dw08,,125,1,2026-08-30T10:01:31.628+0200,dw06,0789,239,1773,87,-59,1772,3.78,82244
ground-height-2m-20260828-133428,d018m_r090_run01.csv,2,18,90,dw00;dw01;dw02;dw03;dw04;dw05;dw06;dw07;dw08,dw00;dw01;dw02;dw03;dw04;dw05;dw06;dw07;dw08,,145,1,2026-08-30T10:01:31.738+0200,dw07,5783,75,1778,111,208,1766,2.14,2147483
ground-height-2m-20260828-133428,d018m_r090_run01.csv,2,18,90,dw00;dw01;dw02;dw03;dw04;dw05;dw06;dw07;dw08,dw00;dw01;dw02;dw03;dw04;dw05;dw06;dw07;dw08,,75,1,2026-08-30T10:01:31.758+0200,dw03,021B,0,1764,-45,-1510,913,4.02,12268
ground-height-2m-20260828-133428,d018m_r090_run01.csv,2,18,90,dw00;dw01;dw02;dw03;dw04;dw05;dw06;dw07;dw08,dw00;dw01;dw02;dw03;dw04;dw05;dw06;dw07;dw08,,165,1,2026-08-30T10:01:31.768+0200,dw08,028E,220,1775,16,-835,1566,3.39,22308
ground-height-2m-20260828-133428,d018m_r090_run01.csv,2,18,90,dw00;dw01;dw02;dw03;dw04;dw05;dw06;dw07;dw08,dw00;dw01;dw02;dw03;dw04;dw05;dw06;dw07;dw08,,15,1,2026-08-30T10:01:31.778+0200,dw00,8103,51,1793,-168,1087,1425,3.69,32257
ground-height-2m-20260828-133428,d018m_r090_run01.csv,2,18,90,dw00;dw01;dw02;dw03;dw04;dw05;dw06;dw07;dw08,dw00;dw01;dw02;dw03;dw04;dw05;dw06;dw07;dw08,,35,1,2026-08-30T10:01:31.788+0200,dw01,1729,251,1778,-135,1443,1039,3.06,42297
ground-height-2m-20260828-133428,d018m_r090_run01.csv,2,18,90,dw00;dw01;dw02;dw03;dw04;dw05;dw06;dw07;dw08,dw00;dw01;dw02;dw03;dw04;dw05;dw06;dw07;dw08,,55,1,2026-08-30T10:01:31.798+0200,dw02,8FB0,91,1777,-98,1777,0,3.15,52368
ground-height-2m-20260828-133428,d018m_r090_run01.csv,2,18,90,dw00;dw01;dw02;dw03;dw04;dw05;dw06;dw07;dw08,dw00;dw01;dw02;dw03;dw04;dw05;dw06;dw07;dw08,,90,1,2026-08-30T10:01:31.808+0200,dw04,0F85,150,1773,0,-1009,1458,3.78,62255
ground-height-2m-20260828-133428,d018m_r090_run01.csv,2,18,90,dw00;dw01;dw02;dw03;dw04;dw05;dw06;dw07;dw08,dw00;dw01;dw02;dw03;dw04;dw05;dw06;dw07;dw08,,105,1,2026-08-30T10:01:31.818+0200,dw05,4B92,226,1772,61,-346,1738,2.83,72265
ground-height-2m-20260828-133428,d018m_r090_run01.csv,2,18,90,dw00;dw01;dw02;dw03;dw04;dw05;dw06;dw07;dw08,dw00;dw01;dw02;dw03;dw04;dw05;dw06;dw07;dw08,,125,1,2026-08-30T10:01:31.828+0200,dw06,0789,240,1774,79,-141,1768,3.69,82305
ground-height-2m-20260828-133428,d018m_r090_run01.csv,2,18,90,dw00;dw01;dw02;dw03;dw04;dw05;dw06;dw07;dw08,dw00;dw01;dw02;dw03;dw04;dw05;dw06;dw07;dw08,,145,1,2026-08-30T10:01:31.938+0200,dw07,5783,76,1778,131,418,1728,2.26,2147483
ground-height-2m-20260828-133428,d018m_r090_run01.csv,2,18,90,dw00;dw01;dw02;dw03;dw04;dw05;dw06;dw07;dw08,dw00;dw01;dw02;dw03;dw04;dw05;dw06;dw07;dw08,,75,1,2026-08-30T10:01:31.958+0200,dw03,021B,1,1767,-46,-1514,912,4.14,12329
ground-height-2m-20260828-133428,d018m_r090_run01.csv,2,18,90,dw00;dw01;dw02;dw03;dw04;dw05;dw06;dw07;dw08,dw00;dw01;dw02;dw03;dw04;dw05;dw06;dw07;dw08,,165,1,2026-08-30T10:01:31.968+0200,dw08,028E,221,1775,5,-956,1495,3.39,22277
ground-height-2m-20260828-133428,d018m_r090_run01.csv,2,18,90,dw00;dw01;dw02;dw03;dw04;dw05;dw06;dw07;dw08,dw00;dw01;dw02;dw03;dw04;dw05;dw06;dw07;dw08,,15,1,2026-08-30T10:01:31.978+0200,dw00,8103,52,1796,-163,1144,1384,3.57,32226
ground-height-2m-20260828-133428,d018m_r090_run01.csv,2,18,90,dw00;dw01;dw02;dw03;dw04;dw05;dw06;dw07;dw08,dw00;dw01;dw02;dw03;dw04;dw05;dw06;dw07;dw08,,35,1,2026-08-30T10:01:31.988+0200,dw01,1729,252,1776,-134,1450,1026,3.06,42327
ground-height-2m-20260828-133428,d018m_r090_run01.csv,2,18,90,dw00;dw01;dw02;dw03;dw04;dw05;dw06;dw07;dw08,dw00;dw01;dw02;dw03;dw04;dw05;dw06;dw07;dw08,,55,1,2026-08-30T10:01:31.998+0200,dw02,8FB0,92,1777,-95,1776,0,3.21,52307
ground-height-2m-20260828-133428,d018m_r090_run01.csv,2,18,90,dw00;dw01;dw02;dw03;dw04;dw05;dw06;dw07;dw08,dw00;dw01;dw02;dw03;dw04;dw05;dw06;dw07;dw08,,90,1,2026-08-30T10:01:32.008+0200,dw04,0F85,151,1769,-5,-1075,1404,3.72,62286
ground-height-2m-20260828-133428,d018m_r090_run01.csv,2,18,90,dw00;dw01;dw02;dw03;dw04;dw05;dw06;dw07;dw08,dw00;dw01;dw02;dw03;dw04;dw05;dw06;dw07;dw08,,105,1,2026-08-30T10:01:32.018+0200,dw05,4B92,227,1775,43,-541,1691,2.77,72235
ground-height-2m-20260828-133428,d018m_r090_run01.csv,2,18,90,dw00;dw01;dw02;dw03;dw04;dw05;dw06;dw07;dw08,dw00;dw01;dw02;dw03;dw04;dw05;dw06;dw07;dw08,,125,1,2026-08-30T10:01:32.028+0200,dw06,0789,241,1777,89,-40,1776,3.90,82275
ground-height-2m-20260828-133428,d018m_r090_run01.csv,2,18,90,dw00;dw01;dw02;dw03;dw04;dw05;dw06;dw07;dw08,dw00;dw01;dw02;dw03;dw04;dw05;dw06;dw07;dw08,,145,1,2026-08-30T10:01:32.137+0200,dw07,5783,77,1775,131,418,1725,2.20,2147483
ground-height-2m-20260828-133428,d018m_r090_run01.csv,2,18,90,dw00;dw01;dw02;dw03;dw04;dw05;dw06;dw07;dw08,dw00;dw01;dw02;dw03;dw04;dw05;dw06;dw07;dw08,,75,1,2026-08-30T10:01:32.158+0200,dw03,021B,2,1770,-49,-1557,841,4.14,12298
ground-height-2m-20260828-133428,d018m_r090_run01.csv,2,18,90,dw00;dw01;dw02;dw03;dw04;dw05;dw06;dw07;dw08,dw00;dw01;dw02;dw03;dw04;dw05;dw06;dw07;dw08,,165,1,2026-08-30T10:01:32.168+0200,dw08,028E,222,1776,-20,-1242,1268,3.33,22277
ground-height-2m-20260828-133428,d018m_r090_run01.csv,2,18,90,dw00;dw01;dw02;dw03;dw04;dw05;dw06;dw07;dw08,dw00;dw01;dw02;dw03;dw04;dw05;dw06;dw07;dw08,,15,1,2026-08-30T10:01:32.178+0200,dw00,8103,53,1792,-166,1104,1411,3.57,32226
ground-height-2m-20260828-133428,d018m_r090_run01.csv,2,18,90,dw00;dw01;dw02;dw03;dw04;dw05;dw06;dw07;dw08,dw00;dw01;dw02;dw03;dw04;dw05;dw06;dw07;dw08,,35,1,2026-08-30T10:01:32.188+0200,dw01,1729,253,1780,-127,1526,915,3.06,42297
ground-height-2m-20260828-133428,d018m_r090_run01.csv,2,18,90,dw00;dw01;dw02;dw03;dw04;dw05;dw06;dw07;dw08,dw00;dw01;dw02;dw03;dw04;dw05;dw06;dw07;dw08,,55,1,2026-08-30T10:01:32.198+0200,dw02,8FB0,93,1779,-94,1779,0,3.33,52307
ground-height-2m-20260828-133428,d018m_r090_run01.csv,2,18,90,dw00;dw01;dw02;dw03;dw04;dw05;dw06;dw07;dw08,dw00;dw01;dw02;dw03;dw04;dw05;dw06;dw07;dw08,,90,1,2026-08-30T10:01:32.208+0200,dw04,0F85,152,1772,-19,-1227,1279,3.78,62225
ground-height-2m-20260828-133428,d018m_r090_run01.csv,2,18,90,dw00;dw01;dw02;dw03;dw04;dw05;dw06;dw07;dw08,dw00;dw01;dw02;dw03;dw04;dw05;dw06;dw07;dw08,,105,1,2026-08-30T10:01:32.218+0200,dw05,4B92,228,1770,29,-691,1630,2.83,72235
ground-height-2m-20260828-133428,d018m_r090_run01.csv,2,18,90,dw00;dw01;dw02;dw03;dw04;dw05;dw06;dw07;dw08,dw00;dw01;dw02;dw03;dw04;dw05;dw06;dw07;dw08,,125,1,2026-08-30T10:01:32.228+0200,dw06,0789,242,1779,86,-73,1777,3.72,82275
ground-height-2m-20260828-133428,d018m_r090_run01.csv,2,18,90,dw00;dw01;dw02;dw03;dw04;dw05;dw06;dw07;dw08,dw00;dw01;dw02;dw03;dw04;dw05;dw06;dw07;dw08,,145,1,2026-08-30T10:01:32.338+0200,dw07,5783,78,1775,131,426,1723,2.14,2147483
ground-height-2m-20260828-133428,d018m_r090_run01.csv,2,18,90,dw00;dw01;dw02;dw03;dw04;dw05;dw06;dw07;dw08,dw00;dw01;dw02;dw03;dw04;dw05;dw06;dw07;dw08,,75,1,2026-08-30T10:01:32.358+0200,dw03,021B,3,1770,-58,-1651,638,4.02,12298
ground-height-2m-20260828-133428,d018m_r090_run01.csv,2,18,90,dw00;dw01;dw02;dw03;dw04;dw05;dw06;dw07;dw08,dw00;dw01;dw02;dw03;dw04;dw05;dw06;dw07;dw08,,165,1,2026-08-30T10:01:32.368+0200,dw08,028E,223,1777,148,611,1668,3.33,22277
ground-height-2m-20260828-133428,d018m_r090_run01.csv,2,18,90,dw00;dw01;dw02;dw03;dw04;dw05;dw06;dw07;dw08,dw00;dw01;dw02;dw03;dw04;dw05;dw06;dw07;dw08,,15,1,2026-08-30T10:01:32.378+0200,dw00,8103,54,1796,-157,1213,1324,3.57,32257
ground-height-2m-20260828-133428,d018m_r090_run01.csv,2,18,90,dw00;dw01;dw02;dw03;dw04;dw05;dw06;dw07;dw08,dw00;dw01;dw02;dw03;dw04;dw05;dw06;dw07;dw08,,35,1,2026-08-30T10:01:32.387+0200,dw01,1729,254,1779,-125,1547,878,3.15,42297
ground-height-2m-20260828-133428,d018m_r090_run01.csv,2,18,90,dw00;dw01;dw02;dw03;dw04;dw05;dw06;dw07;dw08,dw00;dw01;dw02;dw03;dw04;dw05;dw06;dw07;dw08,,55,1,2026-08-30T10:01:32.398+0200,dw02,8FB0,94,1780,-90,1780,0,3.33,52307
ground-height-2m-20260828-133428,d018m_r090_run01.csv,2,18,90,dw00;dw01;dw02;dw03;dw04;dw05;dw06;dw07;dw08,dw00;dw01;dw02;dw03;dw04;dw05;dw06;dw07;dw08,,90,1,2026-08-30T10:01:32.408+0200,dw04,0F85,153,1766,-15,-1181,1312,3.78,62255
ground-height-2m-20260828-133428,d018m_r090_run01.csv,2,18,90,dw00;dw01;dw02;dw03;dw04;dw05;dw06;dw07;dw08,dw00;dw01;dw02;dw03;dw04;dw05;dw06;dw07;dw08,,105,1,2026-08-30T10:01:32.418+0200,dw05,4B92,229,1775,47,-497,1704,2.77,72235
ground-height-2m-20260828-133428,d018m_r090_run01.csv,2,18,90,dw00;dw01;dw02;dw03;dw04;dw05;dw06;dw07;dw08,dw00;dw01;dw02;dw03;dw04;dw05;dw06;dw07;dw08,,125,1,2026-08-30T10:01:32.428+0200,dw06,0789,243,1774,98,56,1773,3.90,82275
ground-height-2m-20260828-133428,d018m_r090_run01.csv,2,18,90,dw00;dw01;dw02;dw03;dw04;dw05;dw06;dw07;dw08,dw00;dw01;dw02;dw03;dw04;dw05;dw06;dw07;dw08,,145,1,2026-08-30T10:01:32.538+0200,dw07,5783,79,1778,123,337,1746,2.26,2147483
ground-height-2m-20260828-133428,d018m_r090_run01.csv,2,18,90,dw00;dw01;dw02;dw03;dw04;dw05;dw06;dw07;dw08,dw00;dw01;dw02;dw03;dw04;dw05;dw06;dw07;dw08,,75,1,2026-08-30T10:01:32.557+0200,dw03,021B,4,1766,-47,-1529,883,4.08,12298
ground-height-2m-20260828-133428,d018m_r090_run01.csv,2,18,90,dw00;dw01;dw02;dw03;dw04;dw05;dw06;dw07;dw08,dw00;dw01;dw02;dw03;dw04;dw05;dw06;dw07;dw08,,165,1,2026-08-30T10:01:32.568+0200,dw08,028E,224,1777,-20,-1237,1275,3.33,22277
ground-height-2m-20260828-133428,d018m_r090_run01.csv,2,18,90,dw00;dw01;dw02;dw03;dw04;dw05;dw06;dw07;dw08,dw00;dw01;dw02;dw03;dw04;dw05;dw06;dw07;dw08,,15,1,2026-08-30T10:01:32.578+0200,dw00,8103,55,1790,-161,1168,1357,3.63,32287
ground-height-2m-20260828-133428,d018m_r090_run01.csv,2,18,90,dw00;dw01;dw02;dw03;dw04;dw05;dw06;dw07;dw08,dw00;dw01;dw02;dw03;dw04;dw05;dw06;dw07;dw08,,35,1,2026-08-30T10:01:32.588+0200,dw01,1729,255,1778,-143,1352,1154,3.15,42297
ground-height-2m-20260828-133428,d018m_r090_run01.csv,2,18,90,dw00;dw01;dw02;dw03;dw04;dw05;dw06;dw07;dw08,dw00;dw01;dw02;dw03;dw04;dw05;dw06;dw07;dw08,,55,1,2026-08-30T10:01:32.597+0200,dw02,8FB0,95,1778,-84,-1778,0,3.33,52307
ground-height-2m-20260828-133428,d018m_r090_run01.csv,2,18,90,dw00;dw01;dw02;dw03;dw04;dw05;dw06;dw07;dw08,dw00;dw01;dw02;dw03;dw04;dw05;dw06;dw07;dw08,,90,1,2026-08-30T10:01:32.608+0200,dw04,0F85,154,1768,-8,-1100,1384,3.78,62255
ground-height-2m-20260828-133428,d018m_r090_run01.csv,2,18,90,dw00;dw01;dw02;dw03;dw04;dw05;dw06;dw07;dw08,dw00;dw01;dw02;dw03;dw04;dw05;dw06;dw07;dw08,,105,1,2026-08-30T10:01:32.618+0200,dw05,4B92,230,1773,34,-641,1653,2.71,72296
ground-height-2m-20260828-133428,d018m_r090_run01.csv,2,18,90,dw00;dw01;dw02;dw03;dw04;dw05;dw06;dw07;dw08,dw00;dw01;dw02;dw03;dw04;dw05;dw06;dw07;dw08,,125,1,2026-08-30T10:01:32.628+0200,dw06,0789,244,1774,87,-54,1773,3.72,82275
ground-height-2m-20260828-133428,d018m_r090_run01.csv,2,18,90,dw00;dw01;dw02;dw03;dw04;dw05;dw06;dw07;dw08,dw00;dw01;dw02;dw03;dw04;dw05;dw06;dw07;dw08,,145,1,2026-08-30T10:01:32.738+0200,dw07,5783,80,1775,128,385,1732,2.14,2147483
ground-height-2m-20260828-133428,d018m_r090_run01.csv,2,18,90,dw00;dw01;dw02;dw03;dw04;dw05;dw06;dw07;dw08,dw00;dw01;dw02;dw03;dw04;dw05;dw06;dw07;dw08,,75,1,2026-08-30T10:01:32.757+0200,dw03,021B,5,1769,-53,-1600,754,4.02,12298
ground-height-2m-20260828-133428,d018m_r090_run01.csv,2,18,90,dw00;dw01;dw02;dw03;dw04;dw05;dw06;dw07;dw08,dw00;dw01;dw02;dw03;dw04;dw05;dw06;dw07;dw08,,165,1,2026-08-30T10:01:32.767+0200,dw08,028E,225,1777,21,-785,1595,3.27,22277
ground-height-2m-20260828-133428,d018m_r090_run01.csv,2,18,90,dw00;dw01;dw02;dw03;dw04;dw05;dw06;dw07;dw08,dw00;dw01;dw02;dw03;dw04;dw05;dw06;dw07;dw08,,15,1,2026-08-30T10:01:32.778+0200,dw00,8103,56,1793,-166,1114,1405,3.63,32257
ground-height-2m-20260828-133428,d018m_r090_run01.csv,2,18,90,dw00;dw01;dw02;dw03;dw04;dw05;dw06;dw07;dw08,dw00;dw01;dw02;dw03;dw04;dw05;dw06;dw07;dw08,,35,1,2026-08-30T10:01:32.788+0200,dw01,1729,0,1775,-115,1651,650,3.09,42297
ground-height-2m-20260828-133428,d018m_r090_run01.csv,2,18,90,dw00;dw01;dw02;dw03;dw04;dw05;dw06;dw07;dw08,dw00;dw01;dw02;dw03;dw04;dw05;dw06;dw07;dw08,,55,1,2026-08-30T10:01:32.798+0200,dw02,8FB0,96,1777,-100,1777,0,3.27,52307
ground-height-2m-20260828-133428,d018m_r090_run01.csv,2,18,90,dw00;dw01;dw02;dw03;dw04;dw05;dw06;dw07;dw08,dw00;dw01;dw02;dw03;dw04;dw05;dw06;dw07;dw08,,90,1,2026-08-30T10:01:32.807+0200,dw04,0F85,155,1772,-3,-1053,1425,3.78,62255
ground-height-2m-20260828-133428,d018m_r090_run01.csv,2,18,90,dw00;dw01;dw02;dw03;dw04;dw05;dw06;dw07;dw08,dw00;dw01;dw02;dw03;dw04;dw05;dw06;dw07;dw08,,105,1,2026-08-30T10:01:32.818+0200,dw05,4B92,231,1775,40,-572,1680,2.77,72235
ground-height-2m-20260828-133428,d018m_r090_run01.csv,2,18,90,dw00;dw01;dw02;dw03;dw04;dw05;dw06;dw07;dw08,dw00;dw01;dw02;dw03;dw04;dw05;dw06;dw07;dw08,,125,1,2026-08-30T10:01:32.828+0200,dw06,0789,245,1777,92,-1,1777,3.78,82275
ground-height-2m-20260828-133428,d018m_r090_run01.csv,2,18,90,dw00;dw01;dw02;dw03;dw04;dw05;dw06;dw07;dw08,dw00;dw01;dw02;dw03;dw04;dw05;dw06;dw07;dw08,,145,1,2026-08-30T10:01:32.938+0200,dw07,5783,81,1774,126,371,1734,2.14,2147483
ground-height-2m-20260828-133428,d018m_r090_run01.csv,2,18,90,dw00;dw01;dw02;dw03;dw04;dw05;dw06;dw07;dw08,dw00;dw01;dw02;dw03;dw04;dw05;dw06;dw07;dw08,,75,1,2026-08-30T10:01:32.958+0200,dw03,021B,6,1767,-35,-1400,1078,4.08,12298
ground-height-2m-20260828-133428,d018m_r090_run01.csv,2,18,90,dw00;dw01;dw02;dw03;dw04;dw05;dw06;dw07;dw08,dw00;dw01;dw02;dw03;dw04;dw05;dw06;dw07;dw08,,165,1,2026-08-30T10:01:32.967+0200,dw08,028E,226,1776,22,-771,1599,3.33,22277
ground-height-2m-20260828-133428,d018m_r090_run01.csv,2,18,90,dw00;dw01;dw02;dw03;dw04;dw05;dw06;dw07;dw08,dw00;dw01;dw02;dw03;dw04;dw05;dw06;dw07;dw08,,15,1,2026-08-30T10:01:32.977+0200,dw00,8103,57,1792,-169,1072,1436,3.45,32226
ground-height-2m-20260828-133428,d018m_r090_run01.csv,2,18,90,dw00;dw01;dw02;dw03;dw04;dw05;dw06;dw07;dw08,dw00;dw01;dw02;dw03;dw04;dw05;dw06;dw07;dw08,,35,1,2026-08-30T10:01:32.988+0200,dw01,1729,1,1778,-129,1508,942,3.01,42327
ground-height-2m-20260828-133428,d018m_r090_run01.csv,2,18,90,dw00;dw01;dw02;dw03;dw04;dw05;dw06;dw07;dw08,dw00;dw01;dw02;dw03;dw04;dw05;dw06;dw07;dw08,,55,1,2026-08-30T10:01:32.998+0200,dw02,8FB0,97,1777,-102,1777,0,3.27,52307
ground-height-2m-20260828-133428,d018m_r090_run01.csv,2,18,90,dw00;dw01;dw02;dw03;dw04;dw05;dw06;dw07;dw08,dw00;dw01;dw02;dw03;dw04;dw05;dw06;dw07;dw08,,90,1,2026-08-30T10:01:33.008+0200,dw04,0F85,156,1770,-4,-1064,1415,3.78,62255
ground-height-2m-20260828-133428,d018m_r090_run01.csv,2,18,90,dw00;dw01;dw02;dw03;dw04;dw05;dw06;dw07;dw08,dw00;dw01;dw02;dw03;dw04;dw05;dw06;dw07;dw08,,105,1,2026-08-30T10:01:33.017+0200,dw05,4B92,232,1773,37,-606,1667,2.71,72265
ground-height-2m-20260828-133428,d018m_r090_run01.csv,2,18,90,dw00;dw01;dw02;dw03;dw04;dw05;dw06;dw07;dw08,dw00;dw01;dw02;dw03;dw04;dw05;dw06;dw07;dw08,,125,1,2026-08-30T10:01:33.028+0200,dw06,0789,246,1777,93,4,1777,3.78,82275
ground-height-2m-20260828-133428,d018m_r090_run01.csv,2,18,90,dw00;dw01;dw02;dw03;dw04;dw05;dw06;dw07;dw08,dw00;dw01;dw02;dw03;dw04;dw05;dw06;dw07;dw08,,145,1,2026-08-30T10:01:33.137+0200,dw07,5783,82,1777,128,386,1735,2.20,2147483
ground-height-2m-20260828-133428,d018m_r090_run01.csv,2,18,90,dw00;dw01;dw02;dw03;dw04;dw05;dw06;dw07;dw08,dw00;dw01;dw02;dw03;dw04;dw05;dw06;dw07;dw08,,75,1,2026-08-30T10:01:33.158+0200,dw03,021B,7,1766,-56,-1622,696,4.02,12329
ground-height-2m-20260828-133428,d018m_r090_run01.csv,2,18,90,dw00;dw01;dw02;dw03;dw04;dw05;dw06;dw07;dw08,dw00;dw01;dw02;dw03;dw04;dw05;dw06;dw07;dw08,,165,1,2026-08-30T10:01:33.168+0200,dw08,028E,227,1776,148,608,1668,3.33,22277
ground-height-2m-20260828-133428,d018m_r090_run01.csv,2,18,90,dw00;dw01;dw02;dw03;dw04;dw05;dw06;dw07;dw08,dw00;dw01;dw02;dw03;dw04;dw05;dw06;dw07;dw08,,15,1,2026-08-30T10:01:33.177+0200,dw00,8103,58,1794,-167,1096,1420,3.69,32257
ground-height-2m-20260828-133428,d018m_r090_run01.csv,2,18,90,dw00;dw01;dw02;dw03;dw04;dw05;dw06;dw07;dw08,dw00;dw01;dw02;dw03;dw04;dw05;dw06;dw07;dw08,,35,1,2026-08-30T10:01:33.187+0200,dw01,1729,2,1780,-110,1716,473,3.15,42327
ground-height-2m-20260828-133428,d018m_r090_run01.csv,2,18,90,dw00;dw01;dw02;dw03;dw04;dw05;dw06;dw07;dw08,dw00;dw01;dw02;dw03;dw04;dw05;dw06;dw07;dw08,,55,1,2026-08-30T10:01:33.198+0200,dw02,8FB0,98,1777,-90,1777,0,3.27,52307
ground-height-2m-20260828-133428,d018m_r090_run01.csv,2,18,90,dw00;dw01;dw02;dw03;dw04;dw05;dw06;dw07;dw08,dw00;dw01;dw02;dw03;dw04;dw05;dw06;dw07;dw08,,90,1,2026-08-30T10:01:33.208+0200,dw04,0F85,157,1769,27,-709,1621,3.78,62255
ground-height-2m-20260828-133428,d018m_r090_run01.csv,2,18,90,dw00;dw01;dw02;dw03;dw04;dw05;dw06;dw07;dw08,dw00;dw01;dw02;dw03;dw04;dw05;dw06;dw07;dw08,,105,1,2026-08-30T10:01:33.217+0200,dw05,4B92,233,1775,46,-503,1702,2.77,72235
ground-height-2m-20260828-133428,d018m_r090_run01.csv,2,18,90,dw00;dw01;dw02;dw03;dw04;dw05;dw06;dw07;dw08,dw00;dw01;dw02;dw03;dw04;dw05;dw06;dw07;dw08,,125,1,2026-08-30T10:01:33.227+0200,dw06,0789,247,1776,83,-104,1773,3.78,82275
ground-height-2m-20260828-133428,d018m_r090_run01.csv,2,18,90,dw00;dw01;dw02;dw03;dw04;dw05;dw06;dw07;dw08,dw00;dw01;dw02;dw03;dw04;dw05;dw06;dw07;dw08,,145,1,2026-08-30T10:01:33.338+0200,dw07,5783,83,1775,130,409,1727,2.20,2147483
ground-height-2m-20260828-133428,d018m_r090_run01.csv,2,18,90,dw00;dw01;dw02;dw03;dw04;dw05;dw06;dw07;dw08,dw00;dw01;dw02;dw03;dw04;dw05;dw06;dw07;dw08,,75,1,2026-08-30T10:01:33.357+0200,dw03,021B,8,1764,-48,-1541,858,4.08,12298
ground-height-2m-20260828-133428,d018m_r090_run01.csv,2,18,90,dw00;dw01;dw02;dw03;dw04;dw05;dw06;dw07;dw08,dw00;dw01;dw02;dw03;dw04;dw05;dw06;dw07;dw08,,165,1,2026-08-30T10:01:33.368+0200,dw08,028E,228,1775,-7,-1097,1395,3.45,22247
ground-height-2m-20260828-133428,d018m_r090_run01.csv,2,18,90,dw00;dw01;dw02;dw03;dw04;dw05;dw06;dw07;dw08,dw00;dw01;dw02;dw03;dw04;dw05;dw06;dw07;dw08,,15,1,2026-08-30T10:01:33.378+0200,dw00,8103,59,1796,-161,1164,1367,3.69,32226
ground-height-2m-20260828-133428,d018m_r090_run01.csv,2,18,90,dw00;dw01;dw02;dw03;dw04;dw05;dw06;dw07;dw08,dw00;dw01;dw02;dw03;dw04;dw05;dw06;dw07;dw08,,35,1,2026-08-30T10:01:33.387+0200,dw01,1729,3,1776,-137,1415,1072,3.06,42358
ground-height-2m-20260828-133428,d018m_r090_run01.csv,2,18,90,dw00;dw01;dw02;dw03;dw04;dw05;dw06;dw07;dw08,dw00;dw01;dw02;dw03;dw04;dw05;dw06;dw07;dw08,,55,1,2026-08-30T10:01:33.397+0200,dw02,8FB0,99,1778,-94,1778,0,3.33,52368
ground-height-2m-20260828-133428,d018m_r090_run01.csv,2,18,90,dw00;dw01;dw02;dw03;dw04;dw05;dw06;dw07;dw08,dw00;dw01;dw02;dw03;dw04;dw05;dw06;dw07;dw08,,90,1,2026-08-30T10:01:33.408+0200,dw04,0F85,158,1769,-8,-1110,1378,3.78,62255
ground-height-2m-20260828-133428,d018m_r090_run01.csv,2,18,90,dw00;dw01;dw02;dw03;dw04;dw05;dw06;dw07;dw08,dw00;dw01;dw02;dw03;dw04;dw05;dw06;dw07;dw08,,105,1,2026-08-30T10:01:33.418+0200,dw05,4B92,234,1771,40,-568,1677,2.77,72204
ground-height-2m-20260828-133428,d018m_r090_run01.csv,2,18,90,dw00;dw01;dw02;dw03;dw04;dw05;dw06;dw07;dw08,dw00;dw01;dw02;dw03;dw04;dw05;dw06;dw07;dw08,,125,1,2026-08-30T10:01:33.427+0200,dw06,0789,248,1777,88,-53,1776,3.78,82275
ground-height-2m-20260828-133428,d018m_r090_run01.csv,2,18,90,dw00;dw01;dw02;dw03;dw04;dw05;dw06;dw07;dw08,dw00;dw01;dw02;dw03;dw04;dw05;dw06;dw07;dw08,,145,1,2026-08-30T10:01:33.538+0200,dw07,5783,84,1776,133,444,1720,2.08,2147483
ground-height-2m-20260828-133428,d018m_r090_run01.csv,2,18,90,dw00;dw01;dw02;dw03;dw04;dw05;dw06;dw07;dw08,dw00;dw01;dw02;dw03;dw04;dw05;dw06;dw07;dw08,,75,1,2026-08-30T10:01:33.557+0200,dw03,021B,9,1769,-41,-1468,987,4.14,12298
ground-height-2m-20260828-133428,d018m_r090_run01.csv,2,18,90,dw00;dw01;dw02;dw03;dw04;dw05;dw06;dw07;dw08,dw00;dw01;dw02;dw03;dw04;dw05;dw06;dw07;dw08,,165,1,2026-08-30T10:01:33.567+0200,dw08,028E,229,1772,156,695,1630,3.33,22247
ground-height-2m-20260828-133428,d018m_r090_run01.csv,2,18,90,dw00;dw01;dw02;dw03;dw04;dw05;dw06;dw07;dw08,dw00;dw01;dw02;dw03;dw04;dw05;dw06;dw07;dw08,,15,1,2026-08-30T10:01:33.578+0200,dw00,8103,60,1795,-163,1141,1386,3.69,32257
ground-height-2m-20260828-133428,d018m_r090_run01.csv,2,18,90,dw00;dw01;dw02;dw03;dw04;dw05;dw06;dw07;dw08,dw00;dw01;dw02;dw03;dw04;dw05;dw06;dw07;dw08,,35,1,2026-08-30T10:01:33.588+0200,dw01,1729,4,1775,101,96,1772,3.09,42297
ground-height-2m-20260828-133428,d018m_r090_run01.csv,2,18,90,dw00;dw01;dw02;dw03;dw04;dw05;dw06;dw07;dw08,dw00;dw01;dw02;dw03;dw04;dw05;dw06;dw07;dw08,,55,1,2026-08-30T10:01:33.597+0200,dw02,8FB0,100,1777,-97,1777,0,3.27,52307
ground-height-2m-20260828-133428,d018m_r090_run01.csv,2,18,90,dw00;dw01;dw02;dw03;dw04;dw05;dw06;dw07;dw08,dw00;dw01;dw02;dw03;dw04;dw05;dw06;dw07;dw08,,90,1,2026-08-30T10:01:33.607+0200,dw04,0F85,159,1771,-5,-1069,1412,3.72,62255
ground-height-2m-20260828-133428,d018m_r090_run01.csv,2,18,90,dw00;dw01;dw02;dw03;dw04;dw05;dw06;dw07;dw08,dw00;dw01;dw02;dw03;dw04;dw05;dw06;dw07;dw08,,105,1,2026-08-30T10:01:33.618+0200,dw05,4B92,235,1774,45,-516,1697,2.77,72265
ground-height-2m-20260828-133428,d018m_r090_run01.csv,2,18,90,dw00;dw01;dw02;dw03;dw04;dw05;dw06;dw07;dw08,dw00;dw01;dw02;dw03;dw04;dw05;dw06;dw07;dw08,,125,1,2026-08-30T10:01:33.628+0200,dw06,0789,249,1780,91,-18,1780,3.90,82305
ground-height-2m-20260828-133428,d018m_r090_run01.csv,2,18,90,dw00;dw01;dw02;dw03;dw04;dw05;dw06;dw07;dw08,dw00;dw01;dw02;dw03;dw04;dw05;dw06;dw07;dw08,,145,1,2026-08-30T10:01:33.738+0200,dw07,5783,85,1777,126,364,1739,2.20,2147483
ground-height-2m-20260828-133428,d018m_r090_run01.csv,2,18,90,dw00;dw01;dw02;dw03;dw04;dw05;dw06;dw07;dw08,dw00;dw01;dw02;dw03;dw04;dw05;dw06;dw07;dw08,,75,1,2026-08-30T10:01:33.757+0200,dw03,021B,10,1769,-48,-1540,869,4.02,12298
ground-height-2m-20260828-133428,d018m_r090_run01.csv,2,18,90,dw00;dw01;dw02;dw03;dw04;dw05;dw06;dw07;dw08,dw00;dw01;dw02;dw03;dw04;dw05;dw06;dw07;dw08,,165,1,2026-08-30T10:01:33.767+0200,dw08,028E,230,1777,1,-1006,1465,3.33,22308
ground-height-2m-20260828-133428,d018m_r090_run01.csv,2,18,90,dw00;dw01;dw02;dw03;dw04;dw05;dw06;dw07;dw08,dw00;dw01;dw02;dw03;dw04;dw05;dw06;dw07;dw08,,15,1,2026-08-30T10:01:33.777+0200,dw00,8103,61,1794,-164,1137,1387,3.51,32226
ground-height-2m-20260828-133428,d018m_r090_run01.csv,2,18,90,dw00;dw01;dw02;dw03;dw04;dw05;dw06;dw07;dw08,dw00;dw01;dw02;dw03;dw04;dw05;dw06;dw07;dw08,,35,1,2026-08-30T10:01:33.788+0200,dw01,1729,5,1777,-113,1684,568,3.06,42358
ground-height-2m-20260828-133428,d018m_r090_run01.csv,2,18,90,dw00;dw01;dw02;dw03;dw04;dw05;dw06;dw07;dw08,dw00;dw01;dw02;dw03;dw04;dw05;dw06;dw07;dw08,,55,1,2026-08-30T10:01:33.797+0200,dw02,8FB0,101,1780,-93,1780,0,3.33,52337
ground-height-2m-20260828-133428,d018m_r090_run01.csv,2,18,90,dw00;dw01;dw02;dw03;dw04;dw05;dw06;dw07;dw08,dw00;dw01;dw02;dw03;dw04;dw05;dw06;dw07;dw08,,90,1,2026-08-30T10:01:33.807+0200,dw04,0F85,160,1765,0,-1016,1442,3.78,62255
ground-height-2m-20260828-133428,d018m_r090_run01.csv,2,18,90,dw00;dw01;dw02;dw03;dw04;dw05;dw06;dw07;dw08,dw00;dw01;dw02;dw03;dw04;dw05;dw06;dw07;dw08,,105,1,2026-08-30T10:01:33.817+0200,dw05,4B92,236,1778,48,-482,1712,2.83,72265
ground-height-2m-20260828-133428,d018m_r090_run01.csv,2,18,90,dw00;dw01;dw02;dw03;dw04;dw05;dw06;dw07;dw08,dw00;dw01;dw02;dw03;dw04;dw05;dw06;dw07;dw08,,125,1,2026-08-30T10:01:33.828+0200,dw06,0789,250,1775,87,-56,1774,3.78,82275
ground-height-2m-20260828-133428,d018m_r090_run01.csv,2,18,90,dw00;dw01;dw02;dw03;dw04;dw05;dw06;dw07;dw08,dw00;dw01;dw02;dw03;dw04;dw05;dw06;dw07;dw08,,145,1,2026-08-30T10:01:33.937+0200,dw07,5783,86,1780,134,460,1719,2.20,2147483
ground-height-2m-20260828-133428,d018m_r090_run01.csv,2,18,90,dw00;dw01;dw02;dw03;dw04;dw05;dw06;dw07;dw08,dw00;dw01;dw02;dw03;dw04;dw05;dw06;dw07;dw08,,75,1,2026-08-30T10:01:33.958+0200,dw03,021B,11,1765,-53,-1589,768,4.14,12298
ground-height-2m-20260828-133428,d018m_r090_run01.csv,2,18,90,dw00;dw01;dw02;dw03;dw04;dw05;dw06;dw07;dw08,dw00;dw01;dw02;dw03;dw04;dw05;dw06;dw07;dw08,,165,1,2026-08-30T10:01:33.967+0200,dw08,028E,231,1776,133,440,1720,3.45,22247
ground-height-2m-20260828-133428,d018m_r090_run01.csv,2,18,90,dw00;dw01;dw02;dw03;dw04;dw05;dw06;dw07;dw08,dw00;dw01;dw02;dw03;dw04;dw05;dw06;dw07;dw08,,15,1,2026-08-30T10:01:33.977+0200,dw00,8103,62,1792,-154,1237,1297,3.72,32257
ground-height-2m-20260828-133428,d018m_r090_run01.csv,2,18,90,dw00;dw01;dw02;dw03;dw04;dw05;dw06;dw07;dw08,dw00;dw01;dw02;dw03;dw04;dw05;dw06;dw07;dw08,,35,1,2026-08-30T10:01:33.987+0200,dw01,1729,6,1778,115,245,1761,3.21,42327
ground-height-2m-20260828-133428,d018m_r090_run01.csv,2,18,90,dw00;dw01;dw02;dw03;dw04;dw05;dw06;dw07;dw08,dw00;dw01;dw02;dw03;dw04;dw05;dw06;dw07;dw08,,55,1,2026-08-30T10:01:33.998+0200,dw02,8FB0,102,1779,-95,1779,0,3.27,52307
ground-height-2m-20260828-133428,d018m_r090_run01.csv,2,18,90,dw00;dw01;dw02;dw03;dw04;dw05;dw06;dw07;dw08,dw00;dw01;dw02;dw03;dw04;dw05;dw06;dw07;dw08,,90,1,2026-08-30T10:01:34.007+0200,dw04,0F85,161,1773,-2,-1044,1433,3.78,62286
ground-height-2m-20260828-133428,d018m_r090_run01.csv,2,18,90,dw00;dw01;dw02;dw03;dw04;dw05;dw06;dw07;dw08,dw00;dw01;dw02;dw03;dw04;dw05;dw06;dw07;dw08,,105,1,2026-08-30T10:01:34.017+0200,dw05,4B92,237,1775,46,-506,1701,2.65,72235
ground-height-2m-20260828-133428,d018m_r090_run01.csv,2,18,90,dw00;dw01;dw02;dw03;dw04;dw05;dw06;dw07;dw08,dw00;dw01;dw02;dw03;dw04;dw05;dw06;dw07;dw08,,125,1,2026-08-30T10:01:34.027+0200,dw06,0789,251,1778,83,-103,1775,3.84,82275
ground-height-2m-20260828-133428,d018m_r090_run01.csv,2,18,90,dw00;dw01;dw02;dw03;dw04;dw05;dw06;dw07;dw08,dw00;dw01;dw02;dw03;dw04;dw05;dw06;dw07;dw08,,145,1,2026-08-30T10:01:34.137+0200,dw07,5783,87,1778,137,488,1710,2.26,2147483
ground-height-2m-20260828-133428,d018m_r090_run01.csv,2,18,90,dw00;dw01;dw02;dw03;dw04;dw05;dw06;dw07;dw08,dw00;dw01;dw02;dw03;dw04;dw05;dw06;dw07;dw08,,75,1,2026-08-30T10:01:34.157+0200,dw03,021B,12,1765,-49,-1550,845,4.02,12298
ground-height-2m-20260828-133428,d018m_r090_run01.csv,2,18,90,dw00;dw01;dw02;dw03;dw04;dw05;dw06;dw07;dw08,dw00;dw01;dw02;dw03;dw04;dw05;dw06;dw07;dw08,,165,1,2026-08-30T10:01:34.168+0200,dw08,028E,232,1776,154,673,1643,3.33,22277
ground-height-2m-20260828-133428,d018m_r090_run01.csv,2,18,90,dw00;dw01;dw02;dw03;dw04;dw05;dw06;dw07;dw08,dw00;dw01;dw02;dw03;dw04;dw05;dw06;dw07;dw08,,15,1,2026-08-30T10:01:34.177+0200,dw00,8103,63,1793,-169,1076,1435,3.63,32287
ground-height-2m-20260828-133428,d018m_r090_run01.csv,2,18,90,dw00;dw01;dw02;dw03;dw04;dw05;dw06;dw07;dw08,dw00;dw01;dw02;dw03;dw04;dw05;dw06;dw07;dw08,,35,1,2026-08-30T10:01:34.187+0200,dw01,1729,7,1774,-132,1465,1000,3.01,42327
ground-height-2m-20260828-133428,d018m_r090_run01.csv,2,18,90,dw00;dw01;dw02;dw03;dw04;dw05;dw06;dw07;dw08,dw00;dw01;dw02;dw03;dw04;dw05;dw06;dw07;dw08,,55,1,2026-08-30T10:01:34.197+0200,dw02,8FB0,103,1780,-91,1780,0,3.27,52276
ground-height-2m-20260828-133428,d018m_r090_run01.csv,2,18,90,dw00;dw01;dw02;dw03;dw04;dw05;dw06;dw07;dw08,dw00;dw01;dw02;dw03;dw04;dw05;dw06;dw07;dw08,,90,1,2026-08-30T10:01:34.208+0200,dw04,0F85,162,1768,-5,-1074,1404,3.78,62225
ground-height-2m-20260828-133428,d018m_r090_run01.csv,2,18,90,dw00;dw01;dw02;dw03;dw04;dw05;dw06;dw07;dw08,dw00;dw01;dw02;dw03;dw04;dw05;dw06;dw07;dw08,,105,1,2026-08-30T10:01:34.217+0200,dw05,4B92,238,1772,42,-554,1683,2.71,72235
ground-height-2m-20260828-133428,d018m_r090_run01.csv,2,18,90,dw00;dw01;dw02;dw03;dw04;dw05;dw06;dw07;dw08,dw00;dw01;dw02;dw03;dw04;dw05;dw06;dw07;dw08,,125,1,2026-08-30T10:01:34.227+0200,dw06,0789,252,1776,81,-120,1772,3.78,82275
ground-height-2m-20260828-133428,d018m_r090_run01.csv,2,18,90,dw00;dw01;dw02;dw03;dw04;dw05;dw06;dw07;dw08,dw00;dw01;dw02;dw03;dw04;dw05;dw06;dw07;dw08,,145,1,2026-08-30T10:01:34.337+0200,dw07,5783,88,1774,138,501,1702,2.14,2147483
ground-height-2m-20260828-133428,d018m_r090_run01.csv,2,18,90,dw00;dw01;dw02;dw03;dw04;dw05;dw06;dw07;dw08,dw00;dw01;dw02;dw03;dw04;dw05;dw06;dw07;dw08,,75,1,2026-08-30T10:01:34.357+0200,dw03,021B,13,1767,-52,-1578,795,4.08,12298
ground-height-2m-20260828-133428,d018m_r090_run01.csv,2,18,90,dw00;dw01;dw02;dw03;dw04;dw05;dw06;dw07;dw08,dw00;dw01;dw02;dw03;dw04;dw05;dw06;dw07;dw08,,165,1,2026-08-30T10:01:34.367+0200,dw08,028E,233,1776,162,760,1605,3.33,22308
ground-height-2m-20260828-133428,d018m_r090_run01.csv,2,18,90,dw00;dw01;dw02;dw03;dw04;dw05;dw06;dw07;dw08,dw00;dw01;dw02;dw03;dw04;dw05;dw06;dw07;dw08,,15,1,2026-08-30T10:01:34.377+0200,dw00,8103,64,1793,-162,1154,1372,3.69,32257
ground-height-2m-20260828-133428,d018m_r090_run01.csv,2,18,90,dw00;dw01;dw02;dw03;dw04;dw05;dw06;dw07;dw08,dw00;dw01;dw02;dw03;dw04;dw05;dw06;dw07;dw08,,35,1,2026-08-30T10:01:34.387+0200,dw01,1729,8,1780,-117,1635,703,3.01,42297
ground-height-2m-20260828-133428,d018m_r090_run01.csv,2,18,90,dw00;dw01;dw02;dw03;dw04;dw05;dw06;dw07;dw08,dw00;dw01;dw02;dw03;dw04;dw05;dw06;dw07;dw08,,55,1,2026-08-30T10:01:34.397+0200,dw02,8FB0,104,1777,-91,1777,0,3.27,52307
ground-height-2m-20260828-133428,d018m_r090_run01.csv,2,18,90,dw00;dw01;dw02;dw03;dw04;dw05;dw06;dw07;dw08,dw00;dw01;dw02;dw03;dw04;dw05;dw06;dw07;dw08,,90,1,2026-08-30T10:01:34.407+0200,dw04,0F85,163,1771,-3,-1047,1428,3.72,62286
ground-height-2m-20260828-133428,d018m_r090_run01.csv,2,18,90,dw00;dw01;dw02;dw03;dw04;dw05;dw06;dw07;dw08,dw00;dw01;dw02;dw03;dw04;dw05;dw06;dw07;dw08,,105,1,2026-08-30T10:01:34.417+0200,dw05,4B92,239,1773,45,-518,1695,2.65,72235
ground-height-2m-20260828-133428,d018m_r090_run01.csv,2,18,90,dw00;dw01;dw02;dw03;dw04;dw05;dw06;dw07;dw08,dw00;dw01;dw02;dw03;dw04;dw05;dw06;dw07;dw08,,125,1,2026-08-30T10:01:34.427+0200,dw06,0789,253,1776,85,-76,1774,3.90,82275
ground-height-2m-20260828-133428,d018m_r090_run01.csv,2,18,90,dw00;dw01;dw02;dw03;dw04;dw05;dw06;dw07;dw08,dw00;dw01;dw02;dw03;dw04;dw05;dw06;dw07;dw08,,145,1,2026-08-30T10:01:34.537+0200,dw07,5783,89,1775,128,389,1731,2.14,2147483
ground-height-2m-20260828-133428,d018m_r090_run01.csv,2,18,90,dw00;dw01;dw02;dw03;dw04;dw05;dw06;dw07;dw08,dw00;dw01;dw02;dw03;dw04;dw05;dw06;dw07;dw08,,75,1,2026-08-30T10:01:34.557+0200,dw03,021B,14,1768,-47,-1530,885,4.08,12298
ground-height-2m-20260828-133428,d018m_r090_run01.csv,2,18,90,dw00;dw01;dw02;dw03;dw04;dw05;dw06;dw07;dw08,dw00;dw01;dw02;dw03;dw04;dw05;dw06;dw07;dw08,,15,1,2026-08-30T10:01:34.577+0200,dw00,8103,65,1796,-167,1100,1419,3.57,32257
ground-height-2m-20260828-133428,d018m_r090_run01.csv,2,18,90,dw00;dw01;dw02;dw03;dw04;dw05;dw06;dw07;dw08,dw00;dw01;dw02;dw03;dw04;dw05;dw06;dw07;dw08,,35,1,2026-08-30T10:01:34.587+0200,dw01,1729,9,1778,-121,1591,793,3.15,42327
ground-height-2m-20260828-133428,d018m_r090_run01.csv,2,18,90,dw00;dw01;dw02;dw03;dw04;dw05;dw06;dw07;dw08,dw00;dw01;dw02;dw03;dw04;dw05;dw06;dw07;dw08,,55,1,2026-08-30T10:01:34.597+0200,dw02,8FB0,105,1777,-96,1776,0,3.21,52337
ground-height-2m-20260828-133428,d018m_r090_run01.csv,2,18,90,dw00;dw01;dw02;dw03;dw04;dw05;dw06;dw07;dw08,dw00;dw01;dw02;dw03;dw04;dw05;dw06;dw07;dw08,,90,1,2026-08-30T10:01:34.607+0200,dw04,0F85,164,1771,-5,-1076,1407,3.84,62255
ground-height-2m-20260828-133428,d018m_r090_run01.csv,2,18,90,dw00;dw01;dw02;dw03;dw04;dw05;dw06;dw07;dw08,dw00;dw01;dw02;dw03;dw04;dw05;dw06;dw07;dw08,,105,1,2026-08-30T10:01:34.617+0200,dw05,4B92,240,1773,43,-538,1689,2.65,72235
ground-height-2m-20260828-133428,d018m_r090_run01.csv,2,18,90,dw00;dw01;dw02;dw03;dw04;dw05;dw06;dw07;dw08,dw00;dw01;dw02;dw03;dw04;dw05;dw06;dw07;dw08,,125,1,2026-08-30T10:01:34.627+0200,dw06,0789,254,1771,88,-43,1770,3.78,82275
ground-height-2m-20260828-133428,d018m_r090_run01.csv,2,18,90,dw00;dw01;dw02;dw03;dw04;dw05;dw06;dw07;dw08,dw00;dw01;dw02;dw03;dw04;dw05;dw06;dw07;dw08,,145,1,2026-08-30T10:01:34.737+0200,dw07,5783,90,1774,124,345,1740,2.08,2147483
ground-height-2m-20260828-133428,d018m_r090_run01.csv,2,18,90,dw00;dw01;dw02;dw03;dw04;dw05;dw06;dw07;dw08,dw00;dw01;dw02;dw03;dw04;dw05;dw06;dw07;dw08,,75,1,2026-08-30T10:01:34.757+0200,dw03,021B,15,1764,-46,-1515,903,4.14,12329
ground-height-2m-20260828-133428,d018m_r090_run01.csv,2,18,90,dw00;dw01;dw02;dw03;dw04;dw05;dw06;dw07;dw08,dw00;dw01;dw02;dw03;dw04;dw05;dw06;dw07;dw08,,15,1,2026-08-30T10:01:34.777+0200,dw00,8103,66,1794,-161,1161,1367,3.51,32226
ground-height-2m-20260828-133428,d018m_r090_run01.csv,2,18,90,dw00;dw01;dw02;dw03;dw04;dw05;dw06;dw07;dw08,dw00;dw01;dw02;dw03;dw04;dw05;dw06;dw07;dw08,,35,1,2026-08-30T10:01:34.787+0200,dw01,1729,10,1780,-128,1523,921,3.06,42327
ground-height-2m-20260828-133428,d018m_r090_run01.csv,2,18,90,dw00;dw01;dw02;dw03;dw04;dw05;dw06;dw07;dw08,dw00;dw01;dw02;dw03;dw04;dw05;dw06;dw07;dw08,,55,1,2026-08-30T10:01:34.797+0200,dw02,8FB0,106,1777,-97,1777,0,3.27,52307
ground-height-2m-20260828-133428,d018m_r090_run01.csv,2,18,90,dw00;dw01;dw02;dw03;dw04;dw05;dw06;dw07;dw08,dw00;dw01;dw02;dw03;dw04;dw05;dw06;dw07;dw08,,90,1,2026-08-30T10:01:34.807+0200,dw04,0F85,165,1771,0,-1010,1454,3.78,62255
ground-height-2m-20260828-133428,d018m_r090_run01.csv,2,18,90,dw00;dw01;dw02;dw03;dw04;dw05;dw06;dw07;dw08,dw00;dw01;dw02;dw03;dw04;dw05;dw06;dw07;dw08,,105,1,2026-08-30T10:01:34.817+0200,dw05,4B92,241,1772,37,-605,1665,2.71,72296
ground-height-2m-20260828-133428,d018m_r090_run01.csv,2,18,90,dw00;dw01;dw02;dw03;dw04;dw05;dw06;dw07;dw08,dw00;dw01;dw02;dw03;dw04;dw05;dw06;dw07;dw08,,125,1,2026-08-30T10:01:34.827+0200,dw06,0789,255,1779,95,32,1779,3.72,82275
ground-height-2m-20260828-133428,d018m_r090_run01.csv,2,18,90,dw00;dw01;dw02;dw03;dw04;dw05;dw06;dw07;dw08,dw00;dw01;dw02;dw03;dw04;dw05;dw06;dw07;dw08,,145,1,2026-08-30T10:01:34.937+0200,dw07,5783,91,1776,134,449,1718,2.20,2147483
ground-height-2m-20260828-133428,d018m_r090_run01.csv,2,18,90,dw00;dw01;dw02;dw03;dw04;dw05;dw06;dw07;dw08,dw00;dw01;dw02;dw03;dw04;dw05;dw06;dw07;dw08,,75,1,2026-08-30T10:01:34.956+0200,dw03,021B,16,1769,-26,-1306,1193,4.20,12268
ground-height-2m-20260828-133428,d018m_r090_run01.csv,2,18,90,dw00;dw01;dw02;dw03;dw04;dw05;dw06;dw07;dw08,dw00;dw01;dw02;dw03;dw04;dw05;dw06;dw07;dw08,,15,1,2026-08-30T10:01:34.977+0200,dw00,8103,67,1793,-168,1092,1422,3.63,32257
ground-height-2m-20260828-133428,d018m_r090_run01.csv,2,18,90,dw00;dw01;dw02;dw03;dw04;dw05;dw06;dw07;dw08,dw00;dw01;dw02;dw03;dw04;dw05;dw06;dw07;dw08,,165,1,2026-08-30T10:01:34.983+0200,dw08,028E,236,1772,125,357,1735,3.45,37841
ground-height-2m-20260828-133428,d018m_r090_run01.csv,2,18,90,dw00;dw01;dw02;dw03;dw04;dw05;dw06;dw07;dw08,dw00;dw01;dw02;dw03;dw04;dw05;dw06;dw07;dw08,,55,1,2026-08-30T10:01:34.997+0200,dw02,8FB0,107,1776,-95,1776,0,3.27,52307
ground-height-2m-20260828-133428,d018m_r090_run01.csv,2,18,90,dw00;dw01;dw02;dw03;dw04;dw05;dw06;dw07;dw08,dw00;dw01;dw02;dw03;dw04;dw05;dw06;dw07;dw08,,90,1,2026-08-30T10:01:35.008+0200,dw04,0F85,166,1769,-12,-1146,1348,3.78,62255
ground-height-2m-20260828-133428,d018m_r090_run01.csv,2,18,90,dw00;dw01;dw02;dw03;dw04;dw05;dw06;dw07;dw08,dw00;dw01;dw02;dw03;dw04;dw05;dw06;dw07;dw08,,105,1,2026-08-30T10:01:35.017+0200,dw05,4B92,242,1772,34,-635,1654,2.83,72204
ground-height-2m-20260828-133428,d018m_r090_run01.csv,2,18,90,dw00;dw01;dw02;dw03;dw04;dw05;dw06;dw07;dw08,dw00;dw01;dw02;dw03;dw04;dw05;dw06;dw07;dw08,,125,1,2026-08-30T10:01:35.027+0200,dw06,0789,0,1771,90,-21,1771,3.78,82275
ground-height-2m-20260828-133428,d018m_r090_run01.csv,2,18,90,dw00;dw01;dw02;dw03;dw04;dw05;dw06;dw07;dw08,dw00;dw01;dw02;dw03;dw04;dw05;dw06;dw07;dw08,,145,1,2026-08-30T10:01:35.137+0200,dw07,5783,92,1775,130,412,1726,2.14,2147483
ground-height-2m-20260828-133428,d018m_r090_run01.csv,2,18,90,dw00;dw01;dw02;dw03;dw04;dw05;dw06;dw07;dw08,dw00;dw01;dw02;dw03;dw04;dw05;dw06;dw07;dw08,,75,1,2026-08-30T10:01:35.157+0200,dw03,021B,17,1765,-46,-1512,910,4.08,12329
ground-height-2m-20260828-133428,d018m_r090_run01.csv,2,18,90,dw00;dw01;dw02;dw03;dw04;dw05;dw06;dw07;dw08,dw00;dw01;dw02;dw03;dw04;dw05;dw06;dw07;dw08,,165,1,2026-08-30T10:01:35.168+0200,dw08,028E,237,1774,22,-772,1597,3.39,22338
ground-height-2m-20260828-133428,d018m_r090_run01.csv,2,18,90,dw00;dw01;dw02;dw03;dw04;dw05;dw06;dw07;dw08,dw00;dw01;dw02;dw03;dw04;dw05;dw06;dw07;dw08,,15,1,2026-08-30T10:01:35.177+0200,dw00,8103,68,1794,-149,1294,1242,3.63,32257
ground-height-2m-20260828-133428,d018m_r090_run01.csv,2,18,90,dw00;dw01;dw02;dw03;dw04;dw05;dw06;dw07;dw08,dw00;dw01;dw02;dw03;dw04;dw05;dw06;dw07;dw08,,55,1,2026-08-30T10:01:35.197+0200,dw02,8FB0,108,1780,-97,1780,0,3.27,52307
ground-height-2m-20260828-133428,d018m_r090_run01.csv,2,18,90,dw00;dw01;dw02;dw03;dw04;dw05;dw06;dw07;dw08,dw00;dw01;dw02;dw03;dw04;dw05;dw06;dw07;dw08,,35,1,2026-08-30T10:01:35.203+0200,dw01,1729,12,1774,-133,1458,1010,3.33,58197
ground-height-2m-20260828-133428,d018m_r090_run01.csv,2,18,90,dw00;dw01;dw02;dw03;dw04;dw05;dw06;dw07;dw08,dw00;dw01;dw02;dw03;dw04;dw05;dw06;dw07;dw08,,105,1,2026-08-30T10:01:35.217+0200,dw05,4B92,243,1773,37,-610,1665,2.71,72265
ground-height-2m-20260828-133428,d018m_r090_run01.csv,2,18,90,dw00;dw01;dw02;dw03;dw04;dw05;dw06;dw07;dw08,dw00;dw01;dw02;dw03;dw04;dw05;dw06;dw07;dw08,,125,1,2026-08-30T10:01:35.227+0200,dw06,0789,1,1774,76,-173,1765,3.84,82275
ground-height-2m-20260828-133428,d018m_r090_run01.csv,2,18,90,dw00;dw01;dw02;dw03;dw04;dw05;dw06;dw07;dw08,dw00;dw01;dw02;dw03;dw04;dw05;dw06;dw07;dw08,,145,1,2026-08-30T10:01:35.336+0200,dw07,5783,93,1773,137,490,1704,2.20,2147483
ground-height-2m-20260828-133428,d018m_r090_run01.csv,2,18,90,dw00;dw01;dw02;dw03;dw04;dw05;dw06;dw07;dw08,dw00;dw01;dw02;dw03;dw04;dw05;dw06;dw07;dw08,,75,1,2026-08-30T10:01:35.357+0200,dw03,021B,18,1766,-49,-1545,855,4.14,12298
ground-height-2m-20260828-133428,d018m_r090_run01.csv,2,18,90,dw00;dw01;dw02;dw03;dw04;dw05;dw06;dw07;dw08,dw00;dw01;dw02;dw03;dw04;dw05;dw06;dw07;dw08,,165,1,2026-08-30T10:01:35.367+0200,dw08,028E,238,1774,-12,-1152,1349,3.39,22277
ground-height-2m-20260828-133428,d018m_r090_run01.csv,2,18,90,dw00;dw01;dw02;dw03;dw04;dw05;dw06;dw07;dw08,dw00;dw01;dw02;dw03;dw04;dw05;dw06;dw07;dw08,,15,1,2026-08-30T10:01:35.376+0200,dw00,8103,69,1792,-166,1104,1411,3.57,32257
ground-height-2m-20260828-133428,d018m_r090_run01.csv,2,18,90,dw00;dw01;dw02;dw03;dw04;dw05;dw06;dw07;dw08,dw00;dw01;dw02;dw03;dw04;dw05;dw06;dw07;dw08,,35,1,2026-08-30T10:01:35.387+0200,dw01,1729,13,1773,-129,1499,947,3.06,42358
ground-height-2m-20260828-133428,d018m_r090_run01.csv,2,18,90,dw00;dw01;dw02;dw03;dw04;dw05;dw06;dw07;dw08,dw00;dw01;dw02;dw03;dw04;dw05;dw06;dw07;dw08,,55,1,2026-08-30T10:01:35.397+0200,dw02,8FB0,109,1778,-87,1778,0,3.33,52368
ground-height-2m-20260828-133428,d018m_r090_run01.csv,2,18,90,dw00;dw01;dw02;dw03;dw04;dw05;dw06;dw07;dw08,dw00;dw01;dw02;dw03;dw04;dw05;dw06;dw07;dw08,,105,1,2026-08-30T10:01:35.417+0200,dw05,4B92,244,1772,38,-597,1668,2.83,72204
ground-height-2m-20260828-133428,d018m_r090_run01.csv,2,18,90,dw00;dw01;dw02;dw03;dw04;dw05;dw06;dw07;dw08,dw00;dw01;dw02;dw03;dw04;dw05;dw06;dw07;dw08,,90,1,2026-08-30T10:01:35.422+0200,dw04,0F85,168,1767,15,-846,1551,4.14,77819
ground-height-2m-20260828-133428,d018m_r090_run01.csv,2,18,90,dw00;dw01;dw02;dw03;dw04;dw05;dw06;dw07;dw08,dw00;dw01;dw02;dw03;dw04;dw05;dw06;dw07;dw08,,145,1,2026-08-30T10:01:35.536+0200,dw07,5783,94,1779,140,517,1702,2.14,2147483
ground-height-2m-20260828-133428,d018m_r090_run01.csv,2,18,90,dw00;dw01;dw02;dw03;dw04;dw05;dw06;dw07;dw08,dw00;dw01;dw02;dw03;dw04;dw05;dw06;dw07;dw08,,75,1,2026-08-30T10:01:35.557+0200,dw03,021B,19,1769,-46,-1517,911,4.14,12298
ground-height-2m-20260828-133428,d018m_r090_run01.csv,2,18,90,dw00;dw01;dw02;dw03;dw04;dw05;dw06;dw07;dw08,dw00;dw01;dw02;dw03;dw04;dw05;dw06;dw07;dw08,,15,1,2026-08-30T10:01:35.577+0200,dw00,8103,70,1792,-171,1051,1452,3.57,32257
ground-height-2m-20260828-133428,d018m_r090_run01.csv,2,18,90,dw00;dw01;dw02;dw03;dw04;dw05;dw06;dw07;dw08,dw00;dw01;dw02;dw03;dw04;dw05;dw06;dw07;dw08,,35,1,2026-08-30T10:01:35.586+0200,dw01,1729,14,1777,-142,1367,1134,3.09,42327
ground-height-2m-20260828-133428,d018m_r090_run01.csv,2,18,90,dw00;dw01;dw02;dw03;dw04;dw05;dw06;dw07;dw08,dw00;dw01;dw02;dw03;dw04;dw05;dw06;dw07;dw08,,55,1,2026-08-30T10:01:35.597+0200,dw02,8FB0,110,1781,-88,1781,0,3.33,52337
ground-height-2m-20260828-133428,d018m_r090_run01.csv,2,18,90,dw00;dw01;dw02;dw03;dw04;dw05;dw06;dw07;dw08,dw00;dw01;dw02;dw03;dw04;dw05;dw06;dw07;dw08,,90,1,2026-08-30T10:01:35.607+0200,dw04,0F85,169,1772,7,-931,1507,3.90,62347
ground-height-2m-20260828-133428,d018m_r090_run01.csv,2,18,90,dw00;dw01;dw02;dw03;dw04;dw05;dw06;dw07;dw08,dw00;dw01;dw02;dw03;dw04;dw05;dw06;dw07;dw08,,105,1,2026-08-30T10:01:35.617+0200,dw05,4B92,245,1772,52,-439,1717,2.77,72296
ground-height-2m-20260828-133428,d018m_r090_run01.csv,2,18,90,dw00;dw01;dw02;dw03;dw04;dw05;dw06;dw07;dw08,dw00;dw01;dw02;dw03;dw04;dw05;dw06;dw07;dw08,,125,1,2026-08-30T10:01:35.642+0200,dw06,0789,3,1774,87,-62,1773,3.90,2147483
ground-height-2m-20260828-133428,d018m_r090_run01.csv,2,18,90,dw00;dw01;dw02;dw03;dw04;dw05;dw06;dw07;dw08,dw00;dw01;dw02;dw03;dw04;dw05;dw06;dw07;dw08,,145,1,2026-08-30T10:01:35.737+0200,dw07,5783,95,1769,116,255,1751,2.08,2147483
ground-height-2m-20260828-133428,d018m_r090_run01.csv,2,18,90,dw00;dw01;dw02;dw03;dw04;dw05;dw06;dw07;dw08,dw00;dw01;dw02;dw03;dw04;dw05;dw06;dw07;dw08,,75,1,2026-08-30T10:01:35.756+0200,dw03,021B,20,1769,-44,-1495,946,4.14,12298
ground-height-2m-20260828-133428,d018m_r090_run01.csv,2,18,90,dw00;dw01;dw02;dw03;dw04;dw05;dw06;dw07;dw08,dw00;dw01;dw02;dw03;dw04;dw05;dw06;dw07;dw08,,15,1,2026-08-30T10:01:35.777+0200,dw00,8103,71,1792,-155,1232,1301,3.69,32196
ground-height-2m-20260828-133428,d018m_r090_run01.csv,2,18,90,dw00;dw01;dw02;dw03;dw04;dw05;dw06;dw07;dw08,dw00;dw01;dw02;dw03;dw04;dw05;dw06;dw07;dw08,,165,1,2026-08-30T10:01:35.783+0200,dw08,028E,240,1768,26,-719,1615,3.51,37872
ground-height-2m-20260828-133428,d018m_r090_run01.csv,2,18,90,dw00;dw01;dw02;dw03;dw04;dw05;dw06;dw07;dw08,dw00;dw01;dw02;dw03;dw04;dw05;dw06;dw07;dw08,,55,1,2026-08-30T10:01:35.796+0200,dw02,8FB0,111,1780,-98,1780,0,3.33,52307
ground-height-2m-20260828-133428,d018m_r090_run01.csv,2,18,90,dw00;dw01;dw02;dw03;dw04;dw05;dw06;dw07;dw08,dw00;dw01;dw02;dw03;dw04;dw05;dw06;dw07;dw08,,90,1,2026-08-30T10:01:35.807+0200,dw04,0F85,170,1765,8,-913,1511,3.84,62255
ground-height-2m-20260828-133428,d018m_r090_run01.csv,2,18,90,dw00;dw01;dw02;dw03;dw04;dw05;dw06;dw07;dw08,dw00;dw01;dw02;dw03;dw04;dw05;dw06;dw07;dw08,,105,1,2026-08-30T10:01:35.817+0200,dw05,4B92,246,1774,48,-480,1708,2.77,72235
ground-height-2m-20260828-133428,d018m_r090_run01.csv,2,18,90,dw00;dw01;dw02;dw03;dw04;dw05;dw06;dw07;dw08,dw00;dw01;dw02;dw03;dw04;dw05;dw06;dw07;dw08,,125,1,2026-08-30T10:01:35.827+0200,dw06,0789,4,1777,81,-124,1773,3.78,82305
ground-height-2m-20260828-133428,d018m_r090_run01.csv,2,18,90,dw00;dw01;dw02;dw03;dw04;dw05;dw06;dw07;dw08,dw00;dw01;dw02;dw03;dw04;dw05;dw06;dw07;dw08,,145,1,2026-08-30T10:01:35.937+0200,dw07,5783,96,1772,126,362,1734,2.14,2147483
ground-height-2m-20260828-133428,d018m_r090_run01.csv,2,18,90,dw00;dw01;dw02;dw03;dw04;dw05;dw06;dw07;dw08,dw00;dw01;dw02;dw03;dw04;dw05;dw06;dw07;dw08,,75,1,2026-08-30T10:01:35.956+0200,dw03,021B,21,1769,-49,-1549,855,4.08,12268
ground-height-2m-20260828-133428,d018m_r090_run01.csv,2,18,90,dw00;dw01;dw02;dw03;dw04;dw05;dw06;dw07;dw08,dw00;dw01;dw02;dw03;dw04;dw05;dw06;dw07;dw08,,165,1,2026-08-30T10:01:35.966+0200,dw08,028E,241,1773,12,-873,1543,3.33,22277
ground-height-2m-20260828-133428,d018m_r090_run01.csv,2,18,90,dw00;dw01;dw02;dw03;dw04;dw05;dw06;dw07;dw08,dw00;dw01;dw02;dw03;dw04;dw05;dw06;dw07;dw08,,15,1,2026-08-30T10:01:35.977+0200,dw00,8103,72,1795,-143,1363,1168,3.69,32226
ground-height-2m-20260828-133428,d018m_r090_run01.csv,2,18,90,dw00;dw01;dw02;dw03;dw04;dw05;dw06;dw07;dw08,dw00;dw01;dw02;dw03;dw04;dw05;dw06;dw07;dw08,,55,1,2026-08-30T10:01:35.997+0200,dw02,8FB0,112,1781,-90,1781,0,3.27,52307
ground-height-2m-20260828-133428,d018m_r090_run01.csv,2,18,90,dw00;dw01;dw02;dw03;dw04;dw05;dw06;dw07;dw08,dw00;dw01;dw02;dw03;dw04;dw05;dw06;dw07;dw08,,35,1,2026-08-30T10:01:36.002+0200,dw01,1729,16,1779,-138,1410,1084,3.33,58197
ground-height-2m-20260828-133428,d018m_r090_run01.csv,2,18,90,dw00;dw01;dw02;dw03;dw04;dw05;dw06;dw07;dw08,dw00;dw01;dw02;dw03;dw04;dw05;dw06;dw07;dw08,,105,1,2026-08-30T10:01:36.017+0200,dw05,4B92,247,1777,41,-566,1685,2.89,72235
ground-height-2m-20260828-133428,d018m_r090_run01.csv,2,18,90,dw00;dw01;dw02;dw03;dw04;dw05;dw06;dw07;dw08,dw00;dw01;dw02;dw03;dw04;dw05;dw06;dw07;dw08,,125,1,2026-08-30T10:01:36.027+0200,dw06,0789,5,1777,87,-59,1776,3.78,82275
ground-height-2m-20260828-133428,d018m_r090_run01.csv,2,18,90,dw00;dw01;dw02;dw03;dw04;dw05;dw06;dw07;dw08,dw00;dw01;dw02;dw03;dw04;dw05;dw06;dw07;dw08,,145,1,2026-08-30T10:01:36.136+0200,dw07,5783,97,1778,134,460,1718,2.26,2147483
ground-height-2m-20260828-133428,d018m_r090_run01.csv,2,18,90,dw00;dw01;dw02;dw03;dw04;dw05;dw06;dw07;dw08,dw00;dw01;dw02;dw03;dw04;dw05;dw06;dw07;dw08,,75,1,2026-08-30T10:01:36.157+0200,dw03,021B,22,1769,-44,-1500,937,4.26,12298
ground-height-2m-20260828-133428,d018m_r090_run01.csv,2,18,90,dw00;dw01;dw02;dw03;dw04;dw05;dw06;dw07;dw08,dw00;dw01;dw02;dw03;dw04;dw05;dw06;dw07;dw08,,15,1,2026-08-30T10:01:36.176+0200,dw00,8103,73,1795,-166,1108,1413,3.75,32226
ground-height-2m-20260828-133428,d018m_r090_run01.csv,2,18,90,dw00;dw01;dw02;dw03;dw04;dw05;dw06;dw07;dw08,dw00;dw01;dw02;dw03;dw04;dw05;dw06;dw07;dw08,,35,1,2026-08-30T10:01:36.187+0200,dw01,1729,17,1777,-134,1451,1027,3.09,42327
ground-height-2m-20260828-133428,d018m_r090_run01.csv,2,18,90,dw00;dw01;dw02;dw03;dw04;dw05;dw06;dw07;dw08,dw00;dw01;dw02;dw03;dw04;dw05;dw06;dw07;dw08,,55,1,2026-08-30T10:01:36.197+0200,dw02,8FB0,113,1779,-87,1779,0,3.33,52368
ground-height-2m-20260828-133428,d018m_r090_run01.csv,2,18,90,dw00;dw01;dw02;dw03;dw04;dw05;dw06;dw07;dw08,dw00;dw01;dw02;dw03;dw04;dw05;dw06;dw07;dw08,,105,1,2026-08-30T10:01:36.216+0200,dw05,4B92,248,1769,41,-565,1676,2.71,72265
ground-height-2m-20260828-133428,d018m_r090_run01.csv,2,18,90,dw00;dw01;dw02;dw03;dw04;dw05;dw06;dw07;dw08,dw00;dw01;dw02;dw03;dw04;dw05;dw06;dw07;dw08,,90,1,2026-08-30T10:01:36.222+0200,dw04,0F85,172,1773,-4,-1066,1417,3.78,77850
ground-height-2m-20260828-133428,d018m_r090_run01.csv,2,18,90,dw00;dw01;dw02;dw03;dw04;dw05;dw06;dw07;dw08,dw00;dw01;dw02;dw03;dw04;dw05;dw06;dw07;dw08,,145,1,2026-08-30T10:01:36.336+0200,dw07,5783,98,1778,136,473,1714,2.14,2147483
ground-height-2m-20260828-133428,d018m_r090_run01.csv,2,18,90,dw00;dw01;dw02;dw03;dw04;dw05;dw06;dw07;dw08,dw00;dw01;dw02;dw03;dw04;dw05;dw06;dw07;dw08,,75,1,2026-08-30T10:01:36.357+0200,dw03,021B,23,1765,-53,-1595,755,4.02,12298
ground-height-2m-20260828-133428,d018m_r090_run01.csv,2,18,90,dw00;dw01;dw02;dw03;dw04;dw05;dw06;dw07;dw08,dw00;dw01;dw02;dw03;dw04;dw05;dw06;dw07;dw08,,165,1,2026-08-30T10:01:36.382+0200,dw08,028E,243,1774,106,153,1767,3.45,37841
ground-height-2m-20260828-133428,d018m_r090_run01.csv,2,18,90,dw00;dw01;dw02;dw03;dw04;dw05;dw06;dw07;dw08,dw00;dw01;dw02;dw03;dw04;dw05;dw06;dw07;dw08,,90,1,2026-08-30T10:01:36.407+0200,dw04,0F85,173,1773,-1,-1030,1443,3.84,62316
ground-height-2m-20260828-133428,d018m_r090_run01.csv,2,18,90,dw00;dw01;dw02;dw03;dw04;dw05;dw06;dw07;dw08,dw00;dw01;dw02;dw03;dw04;dw05;dw06;dw07;dw08,,125,1,2026-08-30T10:01:36.442+0200,dw06,0789,7,1776,88,-50,1775,4.02,2147483
ground-height-2m-20260828-133428,d018m_r090_run01.csv,2,18,90,dw00;dw01;dw02;dw03;dw04;dw05;dw06;dw07;dw08,dw00;dw01;dw02;dw03;dw04;dw05;dw06;dw07;dw08,,145,1,2026-08-30T10:01:36.536+0200,dw07,5783,99,1775,131,419,1724,2.14,2147483
ground-height-2m-20260828-133428,d018m_r090_run01.csv,2,18,90,dw00;dw01;dw02;dw03;dw04;dw05;dw06;dw07;dw08,dw00;dw01;dw02;dw03;dw04;dw05;dw06;dw07;dw08,,75,1,2026-08-30T10:01:36.556+0200,dw03,021B,24,1763,-31,-1355,1128,4.14,12268
ground-height-2m-20260828-133428,d018m_r090_run01.csv,2,18,90,dw00;dw01;dw02;dw03;dw04;dw05;dw06;dw07;dw08,dw00;dw01;dw02;dw03;dw04;dw05;dw06;dw07;dw08,,165,1,2026-08-30T10:01:36.567+0200,dw08,028E,244,1772,-17,-1210,1295,3.33,22338
ground-height-2m-20260828-133428,d018m_r090_run01.csv,2,18,90,dw00;dw01;dw02;dw03;dw04;dw05;dw06;dw07;dw08,dw00;dw01;dw02;dw03;dw04;dw05;dw06;dw07;dw08,,35,1,2026-08-30T10:01:36.602+0200,dw01,1729,19,1778,-129,1506,945,3.33,58166
ground-height-2m-20260828-133428,d018m_r090_run01.csv,2,18,90,dw00;dw01;dw02;dw03;dw04;dw05;dw06;dw07;dw08,dw00;dw01;dw02;dw03;dw04;dw05;dw06;dw07;dw08,,125,1,2026-08-30T10:01:36.626+0200,dw06,0789,8,1777,79,-145,1771,3.78,82305
ground-height-2m-20260828-133428,d018m_r090_run01.csv,2,18,90,dw00;dw01;dw02;dw03;dw04;dw05;dw06;dw07;dw08,dw00;dw01;dw02;dw03;dw04;dw05;dw06;dw07;dw08,,145,1,2026-08-30T10:01:36.736+0200,dw07,5783,100,1777,128,389,1734,2.20,2147483
ground-height-2m-20260828-133428,d018m_r090_run01.csv,2,18,90,dw00;dw01;dw02;dw03;dw04;dw05;dw06;dw07;dw08,dw00;dw01;dw02;dw03;dw04;dw05;dw06;dw07;dw08,,75,1,2026-08-30T10:01:36.756+0200,dw03,021B,25,1771,-29,-1335,1164,4.08,12329
ground-height-2m-20260828-133428,d018m_r090_run01.csv,2,18,90,dw00;dw01;dw02;dw03;dw04;dw05;dw06;dw07;dw08,dw00;dw01;dw02;dw03;dw04;dw05;dw06;dw07;dw08,,165,1,2026-08-30T10:01:36.766+0200,dw08,028E,245,1772,-95,1772,0,3.45,22277
ground-height-2m-20260828-133428,d018m_r090_run01.csv,2,18,90,dw00;dw01;dw02;dw03;dw04;dw05;dw06;dw07;dw08,dw00;dw01;dw02;dw03;dw04;dw05;dw06;dw07;dw08,,35,1,2026-08-30T10:01:36.786+0200,dw01,1729,20,1777,-119,1610,753,3.06,42358
ground-height-2m-20260828-133428,d018m_r090_run01.csv,2,18,90,dw00;dw01;dw02;dw03;dw04;dw05;dw06;dw07;dw08,dw00;dw01;dw02;dw03;dw04;dw05;dw06;dw07;dw08,,90,1,2026-08-30T10:01:36.821+0200,dw04,0F85,175,1771,-15,-1179,1322,3.96,77819
ground-height-2m-20260828-133428,d018m_r090_run01.csv,2,18,90,dw00;dw01;dw02;dw03;dw04;dw05;dw06;dw07;dw08,dw00;dw01;dw02;dw03;dw04;dw05;dw06;dw07;dw08,,145,1,2026-08-30T10:01:36.937+0200,dw07,5783,101,1775,137,485,1708,2.26,2147483
ground-height-2m-20260828-133428,d018m_r090_run01.csv,2,18,90,dw00;dw01;dw02;dw03;dw04;dw05;dw06;dw07;dw08,dw00;dw01;dw02;dw03;dw04;dw05;dw06;dw07;dw08,,35,1,2026-08-30T10:01:36.987+0200,dw01,1729,21,1776,-125,1545,874,3.06,42297
ground-height-2m-20260828-133428,d018m_r090_run01.csv,2,18,90,dw00;dw01;dw02;dw03;dw04;dw05;dw06;dw07;dw08,dw00;dw01;dw02;dw03;dw04;dw05;dw06;dw07;dw08,,90,1,2026-08-30T10:01:37.006+0200,dw04,0F85,176,1771,-9,-1112,1379,3.84,62316
ground-height-2m-20260828-133428,d018m_r090_run01.csv,2,18,90,dw00;dw01;dw02;dw03;dw04;dw05;dw06;dw07;dw08,dw00;dw01;dw02;dw03;dw04;dw05;dw06;dw07;dw08,,125,1,2026-08-30T10:01:37.042+0200,dw06,0789,10,1775,86,-66,1774,3.84,2147483
ground-height-2m-20260828-133428,d018m_r090_run01.csv,2,18,90,dw00;dw01;dw02;dw03;dw04;dw05;dw06;dw07;dw08,dw00;dw01;dw02;dw03;dw04;dw05;dw06;dw07;dw08,,145,1,2026-08-30T10:01:37.136+0200,dw07,5783,102,1779,122,327,1749,2.26,2147483
ground-height-2m-20260828-133428,d018m_r090_run01.csv,2,18,90,dw00;dw01;dw02;dw03;dw04;dw05;dw06;dw07;dw08,dw00;dw01;dw02;dw03;dw04;dw05;dw06;dw07;dw08,,165,1,2026-08-30T10:01:37.182+0200,dw08,028E,247,1773,26,-720,1620,3.57,37841
ground-height-2m-20260828-133428,d018m_r090_run01.csv,2,18,90,dw00;dw01;dw02;dw03;dw04;dw05;dw06;dw07;dw08,dw00;dw01;dw02;dw03;dw04;dw05;dw06;dw07;dw08,,90,1,2026-08-30T10:01:37.206+0200,dw04,0F85,177,1768,-9,-1111,1374,3.84,62286
ground-height-2m-20260828-133428,d018m_r090_run01.csv,2,18,90,dw00;dw01;dw02;dw03;dw04;dw05;dw06;dw07;dw08,dw00;dw01;dw02;dw03;dw04;dw05;dw06;dw07;dw08,,125,1,2026-08-30T10:01:37.226+0200,dw06,0789,11,1779,96,35,1779,3.84,82336
ground-height-2m-20260828-133428,d018m_r090_run01.csv,2,18,90,dw00;dw01;dw02;dw03;dw04;dw05;dw06;dw07;dw08,dw00;dw01;dw02;dw03;dw04;dw05;dw06;dw07;dw08,,145,1,2026-08-30T10:01:37.336+0200,dw07,5783,103,1774,120,297,1749,2.14,2147483
ground-height-2m-20260828-133428,d018m_r090_run01.csv,2,18,90,dw00;dw01;dw02;dw03;dw04;dw05;dw06;dw07;dw08,dw00;dw01;dw02;dw03;dw04;dw05;dw06;dw07;dw08,,35,1,2026-08-30T10:01:37.402+0200,dw01,1729,23,1777,-126,1537,890,3.21,58197
ground-height-2m-20260828-133428,d018m_r090_run01.csv,2,18,90,dw00;dw01;dw02;dw03;dw04;dw05;dw06;dw07;dw08,dw00;dw01;dw02;dw03;dw04;dw05;dw06;dw07;dw08,,125,1,2026-08-30T10:01:37.426+0200,dw06,0789,12,1777,85,-77,1775,3.78,82275
ground-height-2m-20260828-133428,d018m_r090_run01.csv,2,18,90,dw00;dw01;dw02;dw03;dw04;dw05;dw06;dw07;dw08,dw00;dw01;dw02;dw03;dw04;dw05;dw06;dw07;dw08,,145,1,2026-08-30T10:01:37.536+0200,dw07,5783,104,1772,108,171,1764,2.14,2147483
ground-height-2m-20260828-133428,d018m_r090_run01.csv,2,18,90,dw00;dw01;dw02;dw03;dw04;dw05;dw06;dw07;dw08,dw00;dw01;dw02;dw03;dw04;dw05;dw06;dw07;dw08,,165,1,2026-08-30T10:01:37.581+0200,dw08,028E,249,1770,115,243,1753,3.39,37902
ground-height-2m-20260828-133428,d018m_r090_run01.csv,2,18,90,dw00;dw01;dw02;dw03;dw04;dw05;dw06;dw07;dw08,dw00;dw01;dw02;dw03;dw04;dw05;dw06;dw07;dw08,,90,1,2026-08-30T10:01:37.621+0200,dw04,0F85,179,1766,7,-927,1503,4.02,77819
ground-height-2m-20260828-133428,d018m_r090_run01.csv,2,18,90,dw00;dw01;dw02;dw03;dw04;dw05;dw06;dw07;dw08,dw00;dw01;dw02;dw03;dw04;dw05;dw06;dw07;dw08,,165,1,2026-08-30T10:01:37.766+0200,dw08,028E,250,1771,-17,-1206,1297,3.39,22338
ground-height-2m-20260828-133428,d018m_r090_run01.csv,2,18,90,dw00;dw01;dw02;dw03;dw04;dw05;dw06;dw07;dw08,dw00;dw01;dw02;dw03;dw04;dw05;dw06;dw07;dw08,,35,1,2026-08-30T10:01:37.802+0200,dw01,1729,25,1781,-132,1475,997,3.27,58166
ground-height-2m-20260828-133428,d018m_r090_run01.csv,2,18,90,dw00;dw01;dw02;dw03;dw04;dw05;dw06;dw07;dw08,dw00;dw01;dw02;dw03;dw04;dw05;dw06;dw07;dw08,,125,1,2026-08-30T10:01:37.842+0200,dw06,0789,14,1775,86,-73,1774,3.84,2147483
ground-height-2m-20260828-133428,d018m_r090_run01.csv,2,18,90,dw00;dw01;dw02;dw03;dw04;dw05;dw06;dw07;dw08,dw00;dw01;dw02;dw03;dw04;dw05;dw06;dw07;dw08,,165,1,2026-08-30T10:01:37.966+0200,dw08,028E,251,1768,-16,-1188,1309,3.33,22277
ground-height-2m-20260828-133428,d018m_r090_run01.csv,2,18,90,dw00;dw01;dw02;dw03;dw04;dw05;dw06;dw07;dw08,dw00;dw01;dw02;dw03;dw04;dw05;dw06;dw07;dw08,,165,1,2026-08-30T10:01:38.166+0200,dw08,028E,252,1768,-88,1768,0,3.45,22247
ground-height-2m-20260828-133428,d018m_r090_run01.csv,2,18,90,dw00;dw01;dw02;dw03;dw04;dw05;dw06;dw07;dw08,dw00;dw01;dw02;dw03;dw04;dw05;dw06;dw07;dw08,,125,1,2026-08-30T10:01:38.241+0200,dw06,0789,16,1775,96,41,1775,3.90,2147483
