experiment_id,run_file,node_height_m,target_distance_m,tag_rotation_deg,expected_tags,participating_tags,missing_tags,tag_bearing_deg,valid_position,time,tag,a16,seq,range_cm,pdoa_deg,x_cm,y_cm,clk_ppm,t_us
ground-height-2m-20260828-133428,d024m_r090_run01.csv,2,24,90,dw00;dw01;dw02;dw03;dw04;dw05;dw06;dw07;dw08,dw00;dw01;dw02;dw03;dw04;dw05;dw06;dw07;dw08,dw08,145,1,2026-08-30T08:18:52.952+0200,dw07,5783,131,2371,134,611,2291,3.33,2147483
ground-height-2m-20260828-133428,d024m_r090_run01.csv,2,24,90,dw00;dw01;dw02;dw03;dw04;dw05;dw06;dw07;dw08,dw00;dw01;dw02;dw03;dw04;dw05;dw06;dw07;dw08,dw08,55,1,2026-08-30T08:18:53.012+0200,dw02,8FB0,174,2372,-95,2372,0,3.78,52337
ground-height-2m-20260828-133428,d024m_r090_run01.csv,2,24,90,dw00;dw01;dw02;dw03;dw04;dw05;dw06;dw07;dw08,dw00;dw01;dw02;dw03;dw04;dw05;dw06;dw07;dw08,dw08,105,1,2026-08-30T08:18:53.032+0200,dw05,4B92,158,2366,46,-678,2267,4.26,72296
ground-height-2m-20260828-133428,d024m_r090_run01.csv,2,24,90,dw00;dw01;dw02;dw03;dw04;dw05;dw06;dw07;dw08,dw00;dw01;dw02;dw03;dw04;dw05;dw06;dw07;dw08,dw08,125,1,2026-08-30T08:18:53.058+0200,dw06,0789,33,2379,104,163,2373,3.06,2147483
ground-height-2m-20260828-133428,d024m_r090_run01.csv,2,24,90,dw00;dw01;dw02;dw03;dw04;dw05;dw06;dw07;dw08,dw00;dw01;dw02;dw03;dw04;dw05;dw06;dw07;dw08,dw08,75,1,2026-08-30T08:18:53.072+0200,dw03,021B,31,2364,-36,-1892,1418,1.87,12298
ground-height-2m-20260828-133428,d024m_r090_run01.csv,2,24,90,dw00;dw01;dw02;dw03;dw04;dw05;dw06;dw07;dw08,dw00;dw01;dw02;dw03;dw04;dw05;dw06;dw07;dw08,dw08,15,1,2026-08-30T08:18:53.092+0200,dw00,8103,152,2383,-157,1609,1757,2.95,32257
ground-height-2m-20260828-133428,d024m_r090_run01.csv,2,24,90,dw00;dw01;dw02;dw03;dw04;dw05;dw06;dw07;dw08,dw00;dw01;dw02;dw03;dw04;dw05;dw06;dw07;dw08,dw08,35,1,2026-08-30T08:18:53.102+0200,dw01,1729,70,2373,-120,2146,1012,2.95,42358
ground-height-2m-20260828-133428,d024m_r090_run01.csv,2,24,90,dw00;dw01;dw02;dw03;dw04;dw05;dw06;dw07;dw08,dw00;dw01;dw02;dw03;dw04;dw05;dw06;dw07;dw08,dw08,90,1,2026-08-30T08:18:53.138+0200,dw04,0F85,11,2365,23,-1017,2135,2.95,78002
ground-height-2m-20260828-133428,d024m_r090_run01.csv,2,24,90,dw00;dw01;dw02;dw03;dw04;dw05;dw06;dw07;dw08,dw00;dw01;dw02;dw03;dw04;dw05;dw06;dw07;dw08,dw08,145,1,2026-08-30T08:18:53.151+0200,dw07,5783,132,2369,121,421,2332,3.33,2147483
ground-height-2m-20260828-133428,d024m_r090_run01.csv,2,24,90,dw00;dw01;dw02;dw03;dw04;dw05;dw06;dw07;dw08,dw00;dw01;dw02;dw03;dw04;dw05;dw06;dw07;dw08,dw08,55,1,2026-08-30T08:18:53.212+0200,dw02,8FB0,175,2368,-96,2368,0,3.84,52368
ground-height-2m-20260828-133428,d024m_r090_run01.csv,2,24,90,dw00;dw01;dw02;dw03;dw04;dw05;dw06;dw07;dw08,dw00;dw01;dw02;dw03;dw04;dw05;dw06;dw07;dw08,dw08,105,1,2026-08-30T08:18:53.231+0200,dw05,4B92,159,2365,49,-629,2280,4.14,72296
ground-height-2m-20260828-133428,d024m_r090_run01.csv,2,24,90,dw00;dw01;dw02;dw03;dw04;dw05;dw06;dw07;dw08,dw00;dw01;dw02;dw03;dw04;dw05;dw06;dw07;dw08,dw08,75,1,2026-08-30T08:18:53.272+0200,dw03,021B,32,2363,-31,-1810,1519,1.93,12298
ground-height-2m-20260828-133428,d024m_r090_run01.csv,2,24,90,dw00;dw01;dw02;dw03;dw04;dw05;dw06;dw07;dw08,dw00;dw01;dw02;dw03;dw04;dw05;dw06;dw07;dw08,dw08,15,1,2026-08-30T08:18:53.292+0200,dw00,8103,153,2382,-149,1722,1646,2.83,32257
ground-height-2m-20260828-133428,d024m_r090_run01.csv,2,24,90,dw00;dw01;dw02;dw03;dw04;dw05;dw06;dw07;dw08,dw00;dw01;dw02;dw03;dw04;dw05;dw06;dw07;dw08,dw08,35,1,2026-08-30T08:18:53.302+0200,dw01,1729,71,2375,-128,2020,1250,2.95,42327
ground-height-2m-20260828-133428,d024m_r090_run01.csv,2,24,90,dw00;dw01;dw02;dw03;dw04;dw05;dw06;dw07;dw08,dw00;dw01;dw02;dw03;dw04;dw05;dw06;dw07;dw08,dw08,145,1,2026-08-30T08:18:53.352+0200,dw07,5783,133,2369,133,596,2293,3.27,2147483
ground-height-2m-20260828-133428,d024m_r090_run01.csv,2,24,90,dw00;dw01;dw02;dw03;dw04;dw05;dw06;dw07;dw08,dw00;dw01;dw02;dw03;dw04;dw05;dw06;dw07;dw08,dw08,55,1,2026-08-30T08:18:53.412+0200,dw02,8FB0,176,2371,-75,-2371,0,3.78,52307
ground-height-2m-20260828-133428,d024m_r090_run01.csv,2,24,90,dw00;dw01;dw02;dw03;dw04;dw05;dw06;dw07;dw08,dw00;dw01;dw02;dw03;dw04;dw05;dw06;dw07;dw08,dw08,105,1,2026-08-30T08:18:53.432+0200,dw05,4B92,160,2363,40,-760,2237,4.20,72296
ground-height-2m-20260828-133428,d024m_r090_run01.csv,2,24,90,dw00;dw01;dw02;dw03;dw04;dw05;dw06;dw07;dw08,dw00;dw01;dw02;dw03;dw04;dw05;dw06;dw07;dw08,dw08,125,1,2026-08-30T08:18:53.457+0200,dw06,0789,35,2370,83,-142,2366,3.27,2147483
ground-height-2m-20260828-133428,d024m_r090_run01.csv,2,24,90,dw00;dw01;dw02;dw03;dw04;dw05;dw06;dw07;dw08,dw00;dw01;dw02;dw03;dw04;dw05;dw06;dw07;dw08,dw08,75,1,2026-08-30T08:18:53.472+0200,dw03,021B,33,2366,-27,-1757,1584,1.81,12329
ground-height-2m-20260828-133428,d024m_r090_run01.csv,2,24,90,dw00;dw01;dw02;dw03;dw04;dw05;dw06;dw07;dw08,dw00;dw01;dw02;dw03;dw04;dw05;dw06;dw07;dw08,dw08,15,1,2026-08-30T08:18:53.492+0200,dw00,8103,154,2382,-148,1735,1631,2.77,32257
ground-height-2m-20260828-133428,d024m_r090_run01.csv,2,24,90,dw00;dw01;dw02;dw03;dw04;dw05;dw06;dw07;dw08,dw00;dw01;dw02;dw03;dw04;dw05;dw06;dw07;dw08,dw08,35,1,2026-08-30T08:18:53.502+0200,dw01,1729,72,2377,-125,2067,1174,3.06,42358
ground-height-2m-20260828-133428,d024m_r090_run01.csv,2,24,90,dw00;dw01;dw02;dw03;dw04;dw05;dw06;dw07;dw08,dw00;dw01;dw02;dw03;dw04;dw05;dw06;dw07;dw08,dw08,90,1,2026-08-30T08:18:53.537+0200,dw04,0F85,13,2370,17,-1102,2098,2.89,78002
ground-height-2m-20260828-133428,d024m_r090_run01.csv,2,24,90,dw00;dw01;dw02;dw03;dw04;dw05;dw06;dw07;dw08,dw00;dw01;dw02;dw03;dw04;dw05;dw06;dw07;dw08,dw08,145,1,2026-08-30T08:18:53.552+0200,dw07,5783,134,2372,120,399,2338,3.27,2147483
ground-height-2m-20260828-133428,d024m_r090_run01.csv,2,24,90,dw00;dw01;dw02;dw03;dw04;dw05;dw06;dw07;dw08,dw00;dw01;dw02;dw03;dw04;dw05;dw06;dw07;dw08,dw08,55,1,2026-08-30T08:18:53.611+0200,dw02,8FB0,177,2371,-91,2371,0,3.78,52337
ground-height-2m-20260828-133428,d024m_r090_run01.csv,2,24,90,dw00;dw01;dw02;dw03;dw04;dw05;dw06;dw07;dw08,dw00;dw01;dw02;dw03;dw04;dw05;dw06;dw07;dw08,dw08,105,1,2026-08-30T08:18:53.632+0200,dw05,4B92,161,2366,49,-626,2282,4.35,72296
ground-height-2m-20260828-133428,d024m_r090_run01.csv,2,24,90,dw00;dw01;dw02;dw03;dw04;dw05;dw06;dw07;dw08,dw00;dw01;dw02;dw03;dw04;dw05;dw06;dw07;dw08,dw08,125,1,2026-08-30T08:18:53.642+0200,dw06,0789,36,2374,90,-34,2374,3.01,82336
ground-height-2m-20260828-133428,d024m_r090_run01.csv,2,24,90,dw00;dw01;dw02;dw03;dw04;dw05;dw06;dw07;dw08,dw00;dw01;dw02;dw03;dw04;dw05;dw06;dw07;dw08,dw08,75,1,2026-08-30T08:18:53.672+0200,dw03,021B,34,2359,-37,-1890,1412,1.87,12298
ground-height-2m-20260828-133428,d024m_r090_run01.csv,2,24,90,dw00;dw01;dw02;dw03;dw04;dw05;dw06;dw07;dw08,dw00;dw01;dw02;dw03;dw04;dw05;dw06;dw07;dw08,dw08,15,1,2026-08-30T08:18:53.691+0200,dw00,8103,155,2380,-150,1714,1651,2.83,32257
ground-height-2m-20260828-133428,d024m_r090_run01.csv,2,24,90,dw00;dw01;dw02;dw03;dw04;dw05;dw06;dw07;dw08,dw00;dw01;dw02;dw03;dw04;dw05;dw06;dw07;dw08,dw08,35,1,2026-08-30T08:18:53.702+0200,dw01,1729,73,2371,-125,2060,1173,2.95,42327
ground-height-2m-20260828-133428,d024m_r090_run01.csv,2,24,90,dw00;dw01;dw02;dw03;dw04;dw05;dw06;dw07;dw08,dw00;dw01;dw02;dw03;dw04;dw05;dw06;dw07;dw08,dw08,145,1,2026-08-30T08:18:53.752+0200,dw07,5783,135,2374,135,626,2290,3.21,2147483
ground-height-2m-20260828-133428,d024m_r090_run01.csv,2,24,90,dw00;dw01;dw02;dw03;dw04;dw05;dw06;dw07;dw08,dw00;dw01;dw02;dw03;dw04;dw05;dw06;dw07;dw08,dw08,55,1,2026-08-30T08:18:53.811+0200,dw02,8FB0,178,2372,-97,2372,0,3.57,52337
ground-height-2m-20260828-133428,d024m_r090_run01.csv,2,24,90,dw00;dw01;dw02;dw03;dw04;dw05;dw06;dw07;dw08,dw00;dw01;dw02;dw03;dw04;dw05;dw06;dw07;dw08,dw08,105,1,2026-08-30T08:18:53.832+0200,dw05,4B92,162,2366,48,-647,2275,4.20,72296
ground-height-2m-20260828-133428,d024m_r090_run01.csv,2,24,90,dw00;dw01;dw02;dw03;dw04;dw05;dw06;dw07;dw08,dw00;dw01;dw02;dw03;dw04;dw05;dw06;dw07;dw08,dw08,75,1,2026-08-30T08:18:53.872+0200,dw03,021B,35,2365,-32,-1826,1503,1.93,12298
ground-height-2m-20260828-133428,d024m_r090_run01.csv,2,24,90,dw00;dw01;dw02;dw03;dw04;dw05;dw06;dw07;dw08,dw00;dw01;dw02;dw03;dw04;dw05;dw06;dw07;dw08,dw08,15,1,2026-08-30T08:18:53.892+0200,dw00,8103,156,2387,-152,1686,1689,2.95,32287
ground-height-2m-20260828-133428,d024m_r090_run01.csv,2,24,90,dw00;dw01;dw02;dw03;dw04;dw05;dw06;dw07;dw08,dw00;dw01;dw02;dw03;dw04;dw05;dw06;dw07;dw08,dw08,35,1,2026-08-30T08:18:53.901+0200,dw01,1729,74,2377,-131,1983,1311,3.01,42388
ground-height-2m-20260828-133428,d024m_r090_run01.csv,2,24,90,dw00;dw01;dw02;dw03;dw04;dw05;dw06;dw07;dw08,dw00;dw01;dw02;dw03;dw04;dw05;dw06;dw07;dw08,dw08,90,1,2026-08-30T08:18:53.937+0200,dw04,0F85,15,2363,0,-1360,1932,2.95,78063
ground-height-2m-20260828-133428,d024m_r090_run01.csv,2,24,90,dw00;dw01;dw02;dw03;dw04;dw05;dw06;dw07;dw08,dw00;dw01;dw02;dw03;dw04;dw05;dw06;dw07;dw08,dw08,145,1,2026-08-30T08:18:53.951+0200,dw07,5783,136,2371,133,589,2297,3.27,2147483
ground-height-2m-20260828-133428,d024m_r090_run01.csv,2,24,90,dw00;dw01;dw02;dw03;dw04;dw05;dw06;dw07;dw08,dw00;dw01;dw02;dw03;dw04;dw05;dw06;dw07;dw08,dw08,55,1,2026-08-30T08:18:54.012+0200,dw02,8FB0,179,2373,-93,2373,0,3.78,52368
ground-height-2m-20260828-133428,d024m_r090_run01.csv,2,24,90,dw00;dw01;dw02;dw03;dw04;dw05;dw06;dw07;dw08,dw00;dw01;dw02;dw03;dw04;dw05;dw06;dw07;dw08,dw08,105,1,2026-08-30T08:18:54.031+0200,dw05,4B92,163,2370,41,-754,2247,4.26,72296
ground-height-2m-20260828-133428,d024m_r090_run01.csv,2,24,90,dw00;dw01;dw02;dw03;dw04;dw05;dw06;dw07;dw08,dw00;dw01;dw02;dw03;dw04;dw05;dw06;dw07;dw08,dw08,125,1,2026-08-30T08:18:54.058+0200,dw06,0789,38,2371,89,-54,2370,3.01,2147483
ground-height-2m-20260828-133428,d024m_r090_run01.csv,2,24,90,dw00;dw01;dw02;dw03;dw04;dw05;dw06;dw07;dw08,dw00;dw01;dw02;dw03;dw04;dw05;dw06;dw07;dw08,dw08,75,1,2026-08-30T08:18:54.071+0200,dw03,021B,36,2362,-26,-1738,1599,1.93,12298
ground-height-2m-20260828-133428,d024m_r090_run01.csv,2,24,90,dw00;dw01;dw02;dw03;dw04;dw05;dw06;dw07;dw08,dw00;dw01;dw02;dw03;dw04;dw05;dw06;dw07;dw08,dw08,15,1,2026-08-30T08:18:54.092+0200,dw00,8103,157,2383,-158,1586,1778,2.83,32287
ground-height-2m-20260828-133428,d024m_r090_run01.csv,2,24,90,dw00;dw01;dw02;dw03;dw04;dw05;dw06;dw07;dw08,dw00;dw01;dw02;dw03;dw04;dw05;dw06;dw07;dw08,dw08,35,1,2026-08-30T08:18:54.101+0200,dw01,1729,75,2375,-121,2123,1063,2.95,42358
ground-height-2m-20260828-133428,d024m_r090_run01.csv,2,24,90,dw00;dw01;dw02;dw03;dw04;dw05;dw06;dw07;dw08,dw00;dw01;dw02;dw03;dw04;dw05;dw06;dw07;dw08,dw08,145,1,2026-08-30T08:18:54.151+0200,dw07,5783,137,2373,120,403,2339,3.39,2147483
ground-height-2m-20260828-133428,d024m_r090_run01.csv,2,24,90,dw00;dw01;dw02;dw03;dw04;dw05;dw06;dw07;dw08,dw00;dw01;dw02;dw03;dw04;dw05;dw06;dw07;dw08,dw08,55,1,2026-08-30T08:18:54.212+0200,dw02,8FB0,180,2373,-92,2373,0,3.78,52337
ground-height-2m-20260828-133428,d024m_r090_run01.csv,2,24,90,dw00;dw01;dw02;dw03;dw04;dw05;dw06;dw07;dw08,dw00;dw01;dw02;dw03;dw04;dw05;dw06;dw07;dw08,dw08,105,1,2026-08-30T08:18:54.231+0200,dw05,4B92,164,2366,49,-638,2278,4.26,72296
ground-height-2m-20260828-133428,d024m_r090_run01.csv,2,24,90,dw00;dw01;dw02;dw03;dw04;dw05;dw06;dw07;dw08,dw00;dw01;dw02;dw03;dw04;dw05;dw06;dw07;dw08,dw08,125,1,2026-08-30T08:18:54.241+0200,dw06,0789,39,2373,97,70,2372,2.89,82366
ground-height-2m-20260828-133428,d024m_r090_run01.csv,2,24,90,dw00;dw01;dw02;dw03;dw04;dw05;dw06;dw07;dw08,dw00;dw01;dw02;dw03;dw04;dw05;dw06;dw07;dw08,dw08,75,1,2026-08-30T08:18:54.271+0200,dw03,021B,37,2362,-61,-2243,739,1.93,12298
ground-height-2m-20260828-133428,d024m_r090_run01.csv,2,24,90,dw00;dw01;dw02;dw03;dw04;dw05;dw06;dw07;dw08,dw00;dw01;dw02;dw03;dw04;dw05;dw06;dw07;dw08,dw08,15,1,2026-08-30T08:18:54.292+0200,dw00,8103,158,2384,-157,1608,1759,2.83,32287
ground-height-2m-20260828-133428,d024m_r090_run01.csv,2,24,90,dw00;dw01;dw02;dw03;dw04;dw05;dw06;dw07;dw08,dw00;dw01;dw02;dw03;dw04;dw05;dw06;dw07;dw08,dw08,35,1,2026-08-30T08:18:54.302+0200,dw01,1729,76,2375,-110,2292,622,2.95,42327
ground-height-2m-20260828-133428,d024m_r090_run01.csv,2,24,90,dw00;dw01;dw02;dw03;dw04;dw05;dw06;dw07;dw08,dw00;dw01;dw02;dw03;dw04;dw05;dw06;dw07;dw08,dw08,90,1,2026-08-30T08:18:54.337+0200,dw04,0F85,17,2369,7,-1244,2016,2.83,78002
ground-height-2m-20260828-133428,d024m_r090_run01.csv,2,24,90,dw00;dw01;dw02;dw03;dw04;dw05;dw06;dw07;dw08,dw00;dw01;dw02;dw03;dw04;dw05;dw06;dw07;dw08,dw08,145,1,2026-08-30T08:18:54.351+0200,dw07,5783,138,2372,122,432,2332,3.33,2147483
ground-height-2m-20260828-133428,d024m_r090_run01.csv,2,24,90,dw00;dw01;dw02;dw03;dw04;dw05;dw06;dw07;dw08,dw00;dw01;dw02;dw03;dw04;dw05;dw06;dw07;dw08,dw08,55,1,2026-08-30T08:18:54.411+0200,dw02,8FB0,181,2370,-83,-2370,0,3.78,52368
ground-height-2m-20260828-133428,d024m_r090_run01.csv,2,24,90,dw00;dw01;dw02;dw03;dw04;dw05;dw06;dw07;dw08,dw00;dw01;dw02;dw03;dw04;dw05;dw06;dw07;dw08,dw08,105,1,2026-08-30T08:18:54.432+0200,dw05,4B92,165,2369,58,-508,2314,4.20,72296
ground-height-2m-20260828-133428,d024m_r090_run01.csv,2,24,90,dw00;dw01;dw02;dw03;dw04;dw05;dw06;dw07;dw08,dw00;dw01;dw02;dw03;dw04;dw05;dw06;dw07;dw08,dw08,125,1,2026-08-30T08:18:54.441+0200,dw06,0789,40,2374,92,-5,2374,2.89,82305
ground-height-2m-20260828-133428,d024m_r090_run01.csv,2,24,90,dw00;dw01;dw02;dw03;dw04;dw05;dw06;dw07;dw08,dw00;dw01;dw02;dw03;dw04;dw05;dw06;dw07;dw08,dw08,75,1,2026-08-30T08:18:54.472+0200,dw03,021B,38,2367,-39,-1932,1367,1.81,12298
ground-height-2m-20260828-133428,d024m_r090_run01.csv,2,24,90,dw00;dw01;dw02;dw03;dw04;dw05;dw06;dw07;dw08,dw00;dw01;dw02;dw03;dw04;dw05;dw06;dw07;dw08,dw08,15,1,2026-08-30T08:18:54.491+0200,dw00,8103,159,2379,-166,1480,1862,2.95,32257
ground-height-2m-20260828-133428,d024m_r090_run01.csv,2,24,90,dw00;dw01;dw02;dw03;dw04;dw05;dw06;dw07;dw08,dw00;dw01;dw02;dw03;dw04;dw05;dw06;dw07;dw08,dw08,35,1,2026-08-30T08:18:54.502+0200,dw01,1729,77,2374,-136,1911,1408,3.01,42327
ground-height-2m-20260828-133428,d024m_r090_run01.csv,2,24,90,dw00;dw01;dw02;dw03;dw04;dw05;dw06;dw07;dw08,dw00;dw01;dw02;dw03;dw04;dw05;dw06;dw07;dw08,dw08,90,1,2026-08-30T08:18:54.521+0200,dw04,0F85,18,2369,11,-1187,2050,2.71,62255
ground-height-2m-20260828-133428,d024m_r090_run01.csv,2,24,90,dw00;dw01;dw02;dw03;dw04;dw05;dw06;dw07;dw08,dw00;dw01;dw02;dw03;dw04;dw05;dw06;dw07;dw08,dw08,145,1,2026-08-30T08:18:54.552+0200,dw07,5783,139,2370,122,435,2330,3.45,2147483
ground-height-2m-20260828-133428,d024m_r090_run01.csv,2,24,90,dw00;dw01;dw02;dw03;dw04;dw05;dw06;dw07;dw08,dw00;dw01;dw02;dw03;dw04;dw05;dw06;dw07;dw08,dw08,55,1,2026-08-30T08:18:54.611+0200,dw02,8FB0,182,2371,-85,-2371,0,3.78,52337
ground-height-2m-20260828-133428,d024m_r090_run01.csv,2,24,90,dw00;dw01;dw02;dw03;dw04;dw05;dw06;dw07;dw08,dw00;dw01;dw02;dw03;dw04;dw05;dw06;dw07;dw08,dw08,105,1,2026-08-30T08:18:54.632+0200,dw05,4B92,166,2364,51,-598,2287,4.26,72296
ground-height-2m-20260828-133428,d024m_r090_run01.csv,2,24,90,dw00;dw01;dw02;dw03;dw04;dw05;dw06;dw07;dw08,dw00;dw01;dw02;dw03;dw04;dw05;dw06;dw07;dw08,dw08,125,1,2026-08-30T08:18:54.641+0200,dw06,0789,41,2378,94,19,2378,3.01,82305
ground-height-2m-20260828-133428,d024m_r090_run01.csv,2,24,90,dw00;dw01;dw02;dw03;dw04;dw05;dw06;dw07;dw08,dw00;dw01;dw02;dw03;dw04;dw05;dw06;dw07;dw08,dw08,75,1,2026-08-30T08:18:54.672+0200,dw03,021B,39,2360,-35,-1862,1451,1.87,12298
ground-height-2m-20260828-133428,d024m_r090_run01.csv,2,24,90,dw00;dw01;dw02;dw03;dw04;dw05;dw06;dw07;dw08,dw00;dw01;dw02;dw03;dw04;dw05;dw06;dw07;dw08,dw08,15,1,2026-08-30T08:18:54.691+0200,dw00,8103,160,2382,-154,1649,1718,2.77,32257
ground-height-2m-20260828-133428,d024m_r090_run01.csv,2,24,90,dw00;dw01;dw02;dw03;dw04;dw05;dw06;dw07;dw08,dw00;dw01;dw02;dw03;dw04;dw05;dw06;dw07;dw08,dw08,35,1,2026-08-30T08:18:54.701+0200,dw01,1729,78,2376,-122,2120,1074,2.95,42297
ground-height-2m-20260828-133428,d024m_r090_run01.csv,2,24,90,dw00;dw01;dw02;dw03;dw04;dw05;dw06;dw07;dw08,dw00;dw01;dw02;dw03;dw04;dw05;dw06;dw07;dw08,dw08,145,1,2026-08-30T08:18:54.751+0200,dw07,5783,140,2371,147,795,2234,3.15,2147483
ground-height-2m-20260828-133428,d024m_r090_run01.csv,2,24,90,dw00;dw01;dw02;dw03;dw04;dw05;dw06;dw07;dw08,dw00;dw01;dw02;dw03;dw04;dw05;dw06;dw07;dw08,dw08,55,1,2026-08-30T08:18:54.811+0200,dw02,8FB0,183,2370,-102,2370,0,3.69,52398
ground-height-2m-20260828-133428,d024m_r090_run01.csv,2,24,90,dw00;dw01;dw02;dw03;dw04;dw05;dw06;dw07;dw08,dw00;dw01;dw02;dw03;dw04;dw05;dw06;dw07;dw08,dw08,105,1,2026-08-30T08:18:54.831+0200,dw05,4B92,167,2368,55,-546,2304,4.14,72326
ground-height-2m-20260828-133428,d024m_r090_run01.csv,2,24,90,dw00;dw01;dw02;dw03;dw04;dw05;dw06;dw07;dw08,dw00;dw01;dw02;dw03;dw04;dw05;dw06;dw07;dw08,dw08,125,1,2026-08-30T08:18:54.842+0200,dw06,0789,42,2376,90,-30,2376,3.06,82275
ground-height-2m-20260828-133428,d024m_r090_run01.csv,2,24,90,dw00;dw01;dw02;dw03;dw04;dw05;dw06;dw07;dw08,dw00;dw01;dw02;dw03;dw04;dw05;dw06;dw07;dw08,dw08,75,1,2026-08-30T08:18:54.871+0200,dw03,021B,40,2364,-26,-1733,1607,1.93,12298
ground-height-2m-20260828-133428,d024m_r090_run01.csv,2,24,90,dw00;dw01;dw02;dw03;dw04;dw05;dw06;dw07;dw08,dw00;dw01;dw02;dw03;dw04;dw05;dw06;dw07;dw08,dw08,15,1,2026-08-30T08:18:54.891+0200,dw00,8103,161,2385,-151,1701,1672,2.89,32257
ground-height-2m-20260828-133428,d024m_r090_run01.csv,2,24,90,dw00;dw01;dw02;dw03;dw04;dw05;dw06;dw07;dw08,dw00;dw01;dw02;dw03;dw04;dw05;dw06;dw07;dw08,dw08,35,1,2026-08-30T08:18:54.901+0200,dw01,1729,79,2375,-129,2007,1270,3.06,42327
ground-height-2m-20260828-133428,d024m_r090_run01.csv,2,24,90,dw00;dw01;dw02;dw03;dw04;dw05;dw06;dw07;dw08,dw00;dw01;dw02;dw03;dw04;dw05;dw06;dw07;dw08,dw08,90,1,2026-08-30T08:18:54.937+0200,dw04,0F85,20,2366,-3,-1409,1900,3.01,77941
ground-height-2m-20260828-133428,d024m_r090_run01.csv,2,24,90,dw00;dw01;dw02;dw03;dw04;dw05;dw06;dw07;dw08,dw00;dw01;dw02;dw03;dw04;dw05;dw06;dw07;dw08,dw08,145,1,2026-08-30T08:18:54.951+0200,dw07,5783,141,2369,115,333,2346,3.27,2147483
ground-height-2m-20260828-133428,d024m_r090_run01.csv,2,24,90,dw00;dw01;dw02;dw03;dw04;dw05;dw06;dw07;dw08,dw00;dw01;dw02;dw03;dw04;dw05;dw06;dw07;dw08,dw08,55,1,2026-08-30T08:18:55.012+0200,dw02,8FB0,184,2373,-93,2373,0,3.69,52307
ground-height-2m-20260828-133428,d024m_r090_run01.csv,2,24,90,dw00;dw01;dw02;dw03;dw04;dw05;dw06;dw07;dw08,dw00;dw01;dw02;dw03;dw04;dw05;dw06;dw07;dw08,dw08,105,1,2026-08-30T08:18:55.031+0200,dw05,4B92,168,2369,58,-505,2315,4.14,72296
ground-height-2m-20260828-133428,d024m_r090_run01.csv,2,24,90,dw00;dw01;dw02;dw03;dw04;dw05;dw06;dw07;dw08,dw00;dw01;dw02;dw03;dw04;dw05;dw06;dw07;dw08,dw08,125,1,2026-08-30T08:18:55.041+0200,dw06,0789,43,2374,94,17,2373,3.06,82336
ground-height-2m-20260828-133428,d024m_r090_run01.csv,2,24,90,dw00;dw01;dw02;dw03;dw04;dw05;dw06;dw07;dw08,dw00;dw01;dw02;dw03;dw04;dw05;dw06;dw07;dw08,dw08,75,1,2026-08-30T08:18:55.071+0200,dw03,021B,41,2359,-39,-1921,1369,1.81,12298
ground-height-2m-20260828-133428,d024m_r090_run01.csv,2,24,90,dw00;dw01;dw02;dw03;dw04;dw05;dw06;dw07;dw08,dw00;dw01;dw02;dw03;dw04;dw05;dw06;dw07;dw08,dw08,15,1,2026-08-30T08:18:55.092+0200,dw00,8103,162,2386,-155,1637,1735,2.77,32257
ground-height-2m-20260828-133428,d024m_r090_run01.csv,2,24,90,dw00;dw01;dw02;dw03;dw04;dw05;dw06;dw07;dw08,dw00;dw01;dw02;dw03;dw04;dw05;dw06;dw07;dw08,dw08,35,1,2026-08-30T08:18:55.101+0200,dw01,1729,80,2374,-129,2005,1272,2.89,42358
ground-height-2m-20260828-133428,d024m_r090_run01.csv,2,24,90,dw00;dw01;dw02;dw03;dw04;dw05;dw06;dw07;dw08,dw00;dw01;dw02;dw03;dw04;dw05;dw06;dw07;dw08,dw08,145,1,2026-08-30T08:18:55.151+0200,dw07,5783,142,2369,123,440,2328,3.27,2147483
ground-height-2m-20260828-133428,d024m_r090_run01.csv,2,24,90,dw00;dw01;dw02;dw03;dw04;dw05;dw06;dw07;dw08,dw00;dw01;dw02;dw03;dw04;dw05;dw06;dw07;dw08,dw08,55,1,2026-08-30T08:18:55.211+0200,dw02,8FB0,185,2372,-96,2372,0,3.78,52337
ground-height-2m-20260828-133428,d024m_r090_run01.csv,2,24,90,dw00;dw01;dw02;dw03;dw04;dw05;dw06;dw07;dw08,dw00;dw01;dw02;dw03;dw04;dw05;dw06;dw07;dw08,dw08,105,1,2026-08-30T08:18:55.231+0200,dw05,4B92,169,2363,47,-655,2271,4.20,72296
ground-height-2m-20260828-133428,d024m_r090_run01.csv,2,24,90,dw00;dw01;dw02;dw03;dw04;dw05;dw06;dw07;dw08,dw00;dw01;dw02;dw03;dw04;dw05;dw06;dw07;dw08,dw08,75,1,2026-08-30T08:18:55.271+0200,dw03,021B,42,2364,-28,-1762,1576,1.87,12329
ground-height-2m-20260828-133428,d024m_r090_run01.csv,2,24,90,dw00;dw01;dw02;dw03;dw04;dw05;dw06;dw07;dw08,dw00;dw01;dw02;dw03;dw04;dw05;dw06;dw07;dw08,dw08,15,1,2026-08-30T08:18:55.291+0200,dw00,8103,163,2384,-154,1657,1715,2.83,32287
ground-height-2m-20260828-133428,d024m_r090_run01.csv,2,24,90,dw00;dw01;dw02;dw03;dw04;dw05;dw06;dw07;dw08,dw00;dw01;dw02;dw03;dw04;dw05;dw06;dw07;dw08,dw08,35,1,2026-08-30T08:18:55.302+0200,dw01,1729,81,2376,-134,1931,1383,2.95,42358
ground-height-2m-20260828-133428,d024m_r090_run01.csv,2,24,90,dw00;dw01;dw02;dw03;dw04;dw05;dw06;dw07;dw08,dw00;dw01;dw02;dw03;dw04;dw05;dw06;dw07;dw08,dw08,145,1,2026-08-30T08:18:55.351+0200,dw07,5783,143,2365,144,744,2244,3.15,2147483
ground-height-2m-20260828-133428,d024m_r090_run01.csv,2,24,90,dw00;dw01;dw02;dw03;dw04;dw05;dw06;dw07;dw08,dw00;dw01;dw02;dw03;dw04;dw05;dw06;dw07;dw08,dw08,55,1,2026-08-30T08:18:55.411+0200,dw02,8FB0,186,2371,-96,2371,0,3.78,52337
ground-height-2m-20260828-133428,d024m_r090_run01.csv,2,24,90,dw00;dw01;dw02;dw03;dw04;dw05;dw06;dw07;dw08,dw00;dw01;dw02;dw03;dw04;dw05;dw06;dw07;dw08,dw08,105,1,2026-08-30T08:18:55.431+0200,dw05,4B92,170,2369,41,-750,2247,4.14,72296
ground-height-2m-20260828-133428,d024m_r090_run01.csv,2,24,90,dw00;dw01;dw02;dw03;dw04;dw05;dw06;dw07;dw08,dw00;dw01;dw02;dw03;dw04;dw05;dw06;dw07;dw08,dw08,125,1,2026-08-30T08:18:55.457+0200,dw06,0789,45,2374,99,99,2372,3.01,2147483
ground-height-2m-20260828-133428,d024m_r090_run01.csv,2,24,90,dw00;dw01;dw02;dw03;dw04;dw05;dw06;dw07;dw08,dw00;dw01;dw02;dw03;dw04;dw05;dw06;dw07;dw08,dw08,75,1,2026-08-30T08:18:55.471+0200,dw03,021B,43,2365,-44,-2005,1254,1.87,12298
ground-height-2m-20260828-133428,d024m_r090_run01.csv,2,24,90,dw00;dw01;dw02;dw03;dw04;dw05;dw06;dw07;dw08,dw00;dw01;dw02;dw03;dw04;dw05;dw06;dw07;dw08,dw08,15,1,2026-08-30T08:18:55.491+0200,dw00,8103,164,2384,-148,1739,1631,2.71,32257
ground-height-2m-20260828-133428,d024m_r090_run01.csv,2,24,90,dw00;dw01;dw02;dw03;dw04;dw05;dw06;dw07;dw08,dw00;dw01;dw02;dw03;dw04;dw05;dw06;dw07;dw08,dw08,35,1,2026-08-30T08:18:55.501+0200,dw01,1729,82,2380,-133,1960,1348,3.01,42327
ground-height-2m-20260828-133428,d024m_r090_run01.csv,2,24,90,dw00;dw01;dw02;dw03;dw04;dw05;dw06;dw07;dw08,dw00;dw01;dw02;dw03;dw04;dw05;dw06;dw07;dw08,dw08,145,1,2026-08-30T08:18:55.551+0200,dw07,5783,144,2369,139,680,2269,3.27,2147483
ground-height-2m-20260828-133428,d024m_r090_run01.csv,2,24,90,dw00;dw01;dw02;dw03;dw04;dw05;dw06;dw07;dw08,dw00;dw01;dw02;dw03;dw04;dw05;dw06;dw07;dw08,dw08,55,1,2026-08-30T08:18:55.611+0200,dw02,8FB0,187,2370,-88,2370,0,3.78,52337
ground-height-2m-20260828-133428,d024m_r090_run01.csv,2,24,90,dw00;dw01;dw02;dw03;dw04;dw05;dw06;dw07;dw08,dw00;dw01;dw02;dw03;dw04;dw05;dw06;dw07;dw08,dw08,105,1,2026-08-30T08:18:55.631+0200,dw05,4B92,171,2367,33,-859,2206,4.26,72296
ground-height-2m-20260828-133428,d024m_r090_run01.csv,2,24,90,dw00;dw01;dw02;dw03;dw04;dw05;dw06;dw07;dw08,dw00;dw01;dw02;dw03;dw04;dw05;dw06;dw07;dw08,dw08,75,1,2026-08-30T08:18:55.671+0200,dw03,021B,44,2366,-42,-1969,1312,1.93,12298
ground-height-2m-20260828-133428,d024m_r090_run01.csv,2,24,90,dw00;dw01;dw02;dw03;dw04;dw05;dw06;dw07;dw08,dw00;dw01;dw02;dw03;dw04;dw05;dw06;dw07;dw08,dw08,15,1,2026-08-30T08:18:55.691+0200,dw00,8103,165,2386,-144,1796,1570,2.89,32257
ground-height-2m-20260828-133428,d024m_r090_run01.csv,2,24,90,dw00;dw01;dw02;dw03;dw04;dw05;dw06;dw07;dw08,dw00;dw01;dw02;dw03;dw04;dw05;dw06;dw07;dw08,dw08,35,1,2026-08-30T08:18:55.701+0200,dw01,1729,83,2372,-121,2123,1057,2.95,42327
ground-height-2m-20260828-133428,d024m_r090_run01.csv,2,24,90,dw00;dw01;dw02;dw03;dw04;dw05;dw06;dw07;dw08,dw00;dw01;dw02;dw03;dw04;dw05;dw06;dw07;dw08,dw08,145,1,2026-08-30T08:18:55.751+0200,dw07,5783,145,2373,123,440,2332,3.33,2147483
ground-height-2m-20260828-133428,d024m_r090_run01.csv,2,24,90,dw00;dw01;dw02;dw03;dw04;dw05;dw06;dw07;dw08,dw00;dw01;dw02;dw03;dw04;dw05;dw06;dw07;dw08,dw08,55,1,2026-08-30T08:18:55.811+0200,dw02,8FB0,188,2372,-90,2372,0,3.69,52368
ground-height-2m-20260828-133428,d024m_r090_run01.csv,2,24,90,dw00;dw01;dw02;dw03;dw04;dw05;dw06;dw07;dw08,dw00;dw01;dw02;dw03;dw04;dw05;dw06;dw07;dw08,dw08,105,1,2026-08-30T08:18:55.831+0200,dw05,4B92,172,2367,36,-817,2221,4.29,72296
ground-height-2m-20260828-133428,d024m_r090_run01.csv,2,24,90,dw00;dw01;dw02;dw03;dw04;dw05;dw06;dw07;dw08,dw00;dw01;dw02;dw03;dw04;dw05;dw06;dw07;dw08,dw08,125,1,2026-08-30T08:18:55.856+0200,dw06,0789,47,2380,87,-74,2378,3.15,2147483
ground-height-2m-20260828-133428,d024m_r090_run01.csv,2,24,90,dw00;dw01;dw02;dw03;dw04;dw05;dw06;dw07;dw08,dw00;dw01;dw02;dw03;dw04;dw05;dw06;dw07;dw08,dw08,75,1,2026-08-30T08:18:55.871+0200,dw03,021B,45,2366,-37,-1904,1404,1.93,12298
ground-height-2m-20260828-133428,d024m_r090_run01.csv,2,24,90,dw00;dw01;dw02;dw03;dw04;dw05;dw06;dw07;dw08,dw00;dw01;dw02;dw03;dw04;dw05;dw06;dw07;dw08,dw08,15,1,2026-08-30T08:18:55.891+0200,dw00,8103,166,2379,-160,1565,1792,2.83,32257
ground-height-2m-20260828-133428,d024m_r090_run01.csv,2,24,90,dw00;dw01;dw02;dw03;dw04;dw05;dw06;dw07;dw08,dw00;dw01;dw02;dw03;dw04;dw05;dw06;dw07;dw08,dw08,35,1,2026-08-30T08:18:55.901+0200,dw01,1729,84,2374,-116,2204,881,3.06,42388
ground-height-2m-20260828-133428,d024m_r090_run01.csv,2,24,90,dw00;dw01;dw02;dw03;dw04;dw05;dw06;dw07;dw08,dw00;dw01;dw02;dw03;dw04;dw05;dw06;dw07;dw08,dw08,145,1,2026-08-30T08:18:55.951+0200,dw07,5783,146,2371,135,615,2290,3.27,2147483
ground-height-2m-20260828-133428,d024m_r090_run01.csv,2,24,90,dw00;dw01;dw02;dw03;dw04;dw05;dw06;dw07;dw08,dw00;dw01;dw02;dw03;dw04;dw05;dw06;dw07;dw08,dw08,55,1,2026-08-30T08:18:56.010+0200,dw02,8FB0,189,2370,-81,-2370,0,3.84,52337
ground-height-2m-20260828-133428,d024m_r090_run01.csv,2,24,90,dw00;dw01;dw02;dw03;dw04;dw05;dw06;dw07;dw08,dw00;dw01;dw02;dw03;dw04;dw05;dw06;dw07;dw08,dw08,105,1,2026-08-30T08:18:56.031+0200,dw05,4B92,173,2367,46,-682,2266,4.20,72296
ground-height-2m-20260828-133428,d024m_r090_run01.csv,2,24,90,dw00;dw01;dw02;dw03;dw04;dw05;dw06;dw07;dw08,dw00;dw01;dw02;dw03;dw04;dw05;dw06;dw07;dw08,dw08,125,1,2026-08-30T08:18:56.041+0200,dw06,0789,48,2375,102,143,2371,3.06,82305
ground-height-2m-20260828-133428,d024m_r090_run01.csv,2,24,90,dw00;dw01;dw02;dw03;dw04;dw05;dw06;dw07;dw08,dw00;dw01;dw02;dw03;dw04;dw05;dw06;dw07;dw08,dw08,75,1,2026-08-30T08:18:56.071+0200,dw03,021B,46,2365,-28,-1763,1575,1.87,12298
ground-height-2m-20260828-133428,d024m_r090_run01.csv,2,24,90,dw00;dw01;dw02;dw03;dw04;dw05;dw06;dw07;dw08,dw00;dw01;dw02;dw03;dw04;dw05;dw06;dw07;dw08,dw08,15,1,2026-08-30T08:18:56.090+0200,dw00,8103,167,2380,-159,1572,1787,2.83,32257
ground-height-2m-20260828-133428,d024m_r090_run01.csv,2,24,90,dw00;dw01;dw02;dw03;dw04;dw05;dw06;dw07;dw08,dw00;dw01;dw02;dw03;dw04;dw05;dw06;dw07;dw08,dw08,35,1,2026-08-30T08:18:56.101+0200,dw01,1729,85,2377,-110,2288,643,3.06,42358
ground-height-2m-20260828-133428,d024m_r090_run01.csv,2,24,90,dw00;dw01;dw02;dw03;dw04;dw05;dw06;dw07;dw08,dw00;dw01;dw02;dw03;dw04;dw05;dw06;dw07;dw08,dw08,145,1,2026-08-30T08:18:56.151+0200,dw07,5783,147,2371,136,636,2284,3.27,2147483
ground-height-2m-20260828-133428,d024m_r090_run01.csv,2,24,90,dw00;dw01;dw02;dw03;dw04;dw05;dw06;dw07;dw08,dw00;dw01;dw02;dw03;dw04;dw05;dw06;dw07;dw08,dw08,55,1,2026-08-30T08:18:56.211+0200,dw02,8FB0,190,2369,-87,2369,0,3.78,52398
ground-height-2m-20260828-133428,d024m_r090_run01.csv,2,24,90,dw00;dw01;dw02;dw03;dw04;dw05;dw06;dw07;dw08,dw00;dw01;dw02;dw03;dw04;dw05;dw06;dw07;dw08,dw08,105,1,2026-08-30T08:18:56.231+0200,dw05,4B92,174,2371,40,-770,2242,4.29,72296
ground-height-2m-20260828-133428,d024m_r090_run01.csv,2,24,90,dw00;dw01;dw02;dw03;dw04;dw05;dw06;dw07;dw08,dw00;dw01;dw02;dw03;dw04;dw05;dw06;dw07;dw08,dw08,125,1,2026-08-30T08:18:56.241+0200,dw06,0789,49,2373,94,19,2373,2.95,82305
ground-height-2m-20260828-133428,d024m_r090_run01.csv,2,24,90,dw00;dw01;dw02;dw03;dw04;dw05;dw06;dw07;dw08,dw00;dw01;dw02;dw03;dw04;dw05;dw06;dw07;dw08,dw08,75,1,2026-08-30T08:18:56.271+0200,dw03,021B,47,2363,-37,-1901,1403,1.93,12298
ground-height-2m-20260828-133428,d024m_r090_run01.csv,2,24,90,dw00;dw01;dw02;dw03;dw04;dw05;dw06;dw07;dw08,dw00;dw01;dw02;dw03;dw04;dw05;dw06;dw07;dw08,dw08,15,1,2026-08-30T08:18:56.291+0200,dw00,8103,168,2380,-154,1650,1715,2.71,32257
ground-height-2m-20260828-133428,d024m_r090_run01.csv,2,24,90,dw00;dw01;dw02;dw03;dw04;dw05;dw06;dw07;dw08,dw00;dw01;dw02;dw03;dw04;dw05;dw06;dw07;dw08,dw08,35,1,2026-08-30T08:18:56.300+0200,dw01,1729,86,2379,-133,1960,1348,3.06,42358
ground-height-2m-20260828-133428,d024m_r090_run01.csv,2,24,90,dw00;dw01;dw02;dw03;dw04;dw05;dw06;dw07;dw08,dw00;dw01;dw02;dw03;dw04;dw05;dw06;dw07;dw08,dw08,145,1,2026-08-30T08:18:56.350+0200,dw07,5783,148,2371,129,534,2310,3.33,2147483
ground-height-2m-20260828-133428,d024m_r090_run01.csv,2,24,90,dw00;dw01;dw02;dw03;dw04;dw05;dw06;dw07;dw08,dw00;dw01;dw02;dw03;dw04;dw05;dw06;dw07;dw08,dw08,55,1,2026-08-30T08:18:56.411+0200,dw02,8FB0,191,2373,-89,2373,0,3.69,52337
ground-height-2m-20260828-133428,d024m_r090_run01.csv,2,24,90,dw00;dw01;dw02;dw03;dw04;dw05;dw06;dw07;dw08,dw00;dw01;dw02;dw03;dw04;dw05;dw06;dw07;dw08,dw08,105,1,2026-08-30T08:18:56.430+0200,dw05,4B92,175,2371,50,-624,2287,4.14,72296
ground-height-2m-20260828-133428,d024m_r090_run01.csv,2,24,90,dw00;dw01;dw02;dw03;dw04;dw05;dw06;dw07;dw08,dw00;dw01;dw02;dw03;dw04;dw05;dw06;dw07;dw08,dw08,125,1,2026-08-30T08:18:56.441+0200,dw06,0789,50,2378,95,42,2378,3.01,82275
ground-height-2m-20260828-133428,d024m_r090_run01.csv,2,24,90,dw00;dw01;dw02;dw03;dw04;dw05;dw06;dw07;dw08,dw00;dw01;dw02;dw03;dw04;dw05;dw06;dw07;dw08,dw08,75,1,2026-08-30T08:18:56.470+0200,dw03,021B,48,2360,-34,-1847,1469,1.81,12298
ground-height-2m-20260828-133428,d024m_r090_run01.csv,2,24,90,dw00;dw01;dw02;dw03;dw04;dw05;dw06;dw07;dw08,dw00;dw01;dw02;dw03;dw04;dw05;dw06;dw07;dw08,dw08,35,1,2026-08-30T08:18:56.501+0200,dw01,1729,87,2380,-114,2228,836,3.01,42358
ground-height-2m-20260828-133428,d024m_r090_run01.csv,2,24,90,dw00;dw01;dw02;dw03;dw04;dw05;dw06;dw07;dw08,dw00;dw01;dw02;dw03;dw04;dw05;dw06;dw07;dw08,dw08,145,1,2026-08-30T08:18:56.550+0200,dw07,5783,149,2368,149,818,2223,3.33,2147483
ground-height-2m-20260828-133428,d024m_r090_run01.csv,2,24,90,dw00;dw01;dw02;dw03;dw04;dw05;dw06;dw07;dw08,dw00;dw01;dw02;dw03;dw04;dw05;dw06;dw07;dw08,dw08,55,1,2026-08-30T08:18:56.611+0200,dw02,8FB0,192,2376,-83,-2376,0,3.90,52368
ground-height-2m-20260828-133428,d024m_r090_run01.csv,2,24,90,dw00;dw01;dw02;dw03;dw04;dw05;dw06;dw07;dw08,dw00;dw01;dw02;dw03;dw04;dw05;dw06;dw07;dw08,dw08,105,1,2026-08-30T08:18:56.630+0200,dw05,4B92,176,2365,53,-576,2294,4.14,72326
ground-height-2m-20260828-133428,d024m_r090_run01.csv,2,24,90,dw00;dw01;dw02;dw03;dw04;dw05;dw06;dw07;dw08,dw00;dw01;dw02;dw03;dw04;dw05;dw06;dw07;dw08,dw08,125,1,2026-08-30T08:18:56.640+0200,dw06,0789,51,2377,101,118,2374,3.09,82275
ground-height-2m-20260828-133428,d024m_r090_run01.csv,2,24,90,dw00;dw01;dw02;dw03;dw04;dw05;dw06;dw07;dw08,dw00;dw01;dw02;dw03;dw04;dw05;dw06;dw07;dw08,dw08,75,1,2026-08-30T08:18:56.670+0200,dw03,021B,49,2364,-40,-1936,1356,1.93,12329
ground-height-2m-20260828-133428,d024m_r090_run01.csv,2,24,90,dw00;dw01;dw02;dw03;dw04;dw05;dw06;dw07;dw08,dw00;dw01;dw02;dw03;dw04;dw05;dw06;dw07;dw08,dw08,35,1,2026-08-30T08:18:56.701+0200,dw01,1729,88,2377,-151,1696,1665,2.95,42327
ground-height-2m-20260828-133428,d024m_r090_run01.csv,2,24,90,dw00;dw01;dw02;dw03;dw04;dw05;dw06;dw07;dw08,dw00;dw01;dw02;dw03;dw04;dw05;dw06;dw07;dw08,dw08,15,1,2026-08-30T08:18:56.707+0200,dw00,8103,170,2383,-158,1595,1770,3.01,48004
ground-height-2m-20260828-133428,d024m_r090_run01.csv,2,24,90,dw00;dw01;dw02;dw03;dw04;dw05;dw06;dw07;dw08,dw00;dw01;dw02;dw03;dw04;dw05;dw06;dw07;dw08,dw08,145,1,2026-08-30T08:18:56.751+0200,dw07,5783,150,2370,141,705,2263,3.33,2147483
ground-height-2m-20260828-133428,d024m_r090_run01.csv,2,24,90,dw00;dw01;dw02;dw03;dw04;dw05;dw06;dw07;dw08,dw00;dw01;dw02;dw03;dw04;dw05;dw06;dw07;dw08,dw08,55,1,2026-08-30T08:18:56.810+0200,dw02,8FB0,193,2374,-89,2373,0,3.78,52368
ground-height-2m-20260828-133428,d024m_r090_run01.csv,2,24,90,dw00;dw01;dw02;dw03;dw04;dw05;dw06;dw07;dw08,dw00;dw01;dw02;dw03;dw04;dw05;dw06;dw07;dw08,dw08,105,1,2026-08-30T08:18:56.831+0200,dw05,4B92,177,2367,43,-717,2256,4.26,72296
ground-height-2m-20260828-133428,d024m_r090_run01.csv,2,24,90,dw00;dw01;dw02;dw03;dw04;dw05;dw06;dw07;dw08,dw00;dw01;dw02;dw03;dw04;dw05;dw06;dw07;dw08,dw08,125,1,2026-08-30T08:18:56.840+0200,dw06,0789,52,2381,89,-54,2380,3.21,82275
ground-height-2m-20260828-133428,d024m_r090_run01.csv,2,24,90,dw00;dw01;dw02;dw03;dw04;dw05;dw06;dw07;dw08,dw00;dw01;dw02;dw03;dw04;dw05;dw06;dw07;dw08,dw08,75,1,2026-08-30T08:18:56.871+0200,dw03,021B,50,2364,-39,-1924,1373,1.81,12298
ground-height-2m-20260828-133428,d024m_r090_run01.csv,2,24,90,dw00;dw01;dw02;dw03;dw04;dw05;dw06;dw07;dw08,dw00;dw01;dw02;dw03;dw04;dw05;dw06;dw07;dw08,dw08,15,1,2026-08-30T08:18:56.890+0200,dw00,8103,171,2384,-152,1683,1688,2.71,32287
ground-height-2m-20260828-133428,d024m_r090_run01.csv,2,24,90,dw00;dw01;dw02;dw03;dw04;dw05;dw06;dw07;dw08,dw00;dw01;dw02;dw03;dw04;dw05;dw06;dw07;dw08,dw08,35,1,2026-08-30T08:18:56.901+0200,dw01,1729,89,2376,-139,1872,1463,3.06,42358
ground-height-2m-20260828-133428,d024m_r090_run01.csv,2,24,90,dw00;dw01;dw02;dw03;dw04;dw05;dw06;dw07;dw08,dw00;dw01;dw02;dw03;dw04;dw05;dw06;dw07;dw08,dw08,145,1,2026-08-30T08:18:56.951+0200,dw07,5783,151,2373,144,752,2251,3.27,2147483
ground-height-2m-20260828-133428,d024m_r090_run01.csv,2,24,90,dw00;dw01;dw02;dw03;dw04;dw05;dw06;dw07;dw08,dw00;dw01;dw02;dw03;dw04;dw05;dw06;dw07;dw08,dw08,55,1,2026-08-30T08:18:57.010+0200,dw02,8FB0,194,2370,-89,2370,0,3.78,52368
ground-height-2m-20260828-133428,d024m_r090_run01.csv,2,24,90,dw00;dw01;dw02;dw03;dw04;dw05;dw06;dw07;dw08,dw00;dw01;dw02;dw03;dw04;dw05;dw06;dw07;dw08,dw08,105,1,2026-08-30T08:18:57.031+0200,dw05,4B92,178,2363,40,-760,2238,4.26,72296
ground-height-2m-20260828-133428,d024m_r090_run01.csv,2,24,90,dw00;dw01;dw02;dw03;dw04;dw05;dw06;dw07;dw08,dw00;dw01;dw02;dw03;dw04;dw05;dw06;dw07;dw08,dw08,125,1,2026-08-30T08:18:57.041+0200,dw06,0789,53,2379,167,1093,2113,3.06,82336
ground-height-2m-20260828-133428,d024m_r090_run01.csv,2,24,90,dw00;dw01;dw02;dw03;dw04;dw05;dw06;dw07;dw08,dw00;dw01;dw02;dw03;dw04;dw05;dw06;dw07;dw08,dw08,75,1,2026-08-30T08:18:57.071+0200,dw03,021B,51,2363,-32,-1827,1499,1.93,12298
ground-height-2m-20260828-133428,d024m_r090_run01.csv,2,24,90,dw00;dw01;dw02;dw03;dw04;dw05;dw06;dw07;dw08,dw00;dw01;dw02;dw03;dw04;dw05;dw06;dw07;dw08,dw08,15,1,2026-08-30T08:18:57.090+0200,dw00,8103,172,2382,-157,1601,1763,2.95,32318
ground-height-2m-20260828-133428,d024m_r090_run01.csv,2,24,90,dw00;dw01;dw02;dw03;dw04;dw05;dw06;dw07;dw08,dw00;dw01;dw02;dw03;dw04;dw05;dw06;dw07;dw08,dw08,35,1,2026-08-30T08:18:57.100+0200,dw01,1729,90,2378,-119,2164,986,3.01,42358
ground-height-2m-20260828-133428,d024m_r090_run01.csv,2,24,90,dw00;dw01;dw02;dw03;dw04;dw05;dw06;dw07;dw08,dw00;dw01;dw02;dw03;dw04;dw05;dw06;dw07;dw08,dw08,145,1,2026-08-30T08:18:57.150+0200,dw07,5783,152,2369,149,825,2221,3.27,2147483
ground-height-2m-20260828-133428,d024m_r090_run01.csv,2,24,90,dw00;dw01;dw02;dw03;dw04;dw05;dw06;dw07;dw08,dw00;dw01;dw02;dw03;dw04;dw05;dw06;dw07;dw08,dw08,55,1,2026-08-30T08:18:57.210+0200,dw02,8FB0,195,2374,-91,2373,0,3.78,52398
ground-height-2m-20260828-133428,d024m_r090_run01.csv,2,24,90,dw00;dw01;dw02;dw03;dw04;dw05;dw06;dw07;dw08,dw00;dw01;dw02;dw03;dw04;dw05;dw06;dw07;dw08,dw08,105,1,2026-08-30T08:18:57.230+0200,dw05,4B92,179,2367,45,-687,2266,4.14,72296
ground-height-2m-20260828-133428,d024m_r090_run01.csv,2,24,90,dw00;dw01;dw02;dw03;dw04;dw05;dw06;dw07;dw08,dw00;dw01;dw02;dw03;dw04;dw05;dw06;dw07;dw08,dw08,125,1,2026-08-30T08:18:57.241+0200,dw06,0789,54,2374,174,1187,2056,3.01,82275
ground-height-2m-20260828-133428,d024m_r090_run01.csv,2,24,90,dw00;dw01;dw02;dw03;dw04;dw05;dw06;dw07;dw08,dw00;dw01;dw02;dw03;dw04;dw05;dw06;dw07;dw08,dw08,75,1,2026-08-30T08:18:57.270+0200,dw03,021B,52,2364,-39,-1934,1358,1.81,12298
ground-height-2m-20260828-133428,d024m_r090_run01.csv,2,24,90,dw00;dw01;dw02;dw03;dw04;dw05;dw06;dw07;dw08,dw00;dw01;dw02;dw03;dw04;dw05;dw06;dw07;dw08,dw08,15,1,2026-08-30T08:18:57.291+0200,dw00,8103,173,2382,179,1268,2016,2.95,32257
ground-height-2m-20260828-133428,d024m_r090_run01.csv,2,24,90,dw00;dw01;dw02;dw03;dw04;dw05;dw06;dw07;dw08,dw00;dw01;dw02;dw03;dw04;dw05;dw06;dw07;dw08,dw08,35,1,2026-08-30T08:18:57.300+0200,dw01,1729,91,2375,-126,2055,1190,2.95,42327
ground-height-2m-20260828-133428,d024m_r090_run01.csv,2,24,90,dw00;dw01;dw02;dw03;dw04;dw05;dw06;dw07;dw08,dw00;dw01;dw02;dw03;dw04;dw05;dw06;dw07;dw08,dw08,145,1,2026-08-30T08:18:57.350+0200,dw07,5783,153,2369,123,442,2328,3.33,2147483
ground-height-2m-20260828-133428,d024m_r090_run01.csv,2,24,90,dw00;dw01;dw02;dw03;dw04;dw05;dw06;dw07;dw08,dw00;dw01;dw02;dw03;dw04;dw05;dw06;dw07;dw08,dw08,55,1,2026-08-30T08:18:57.411+0200,dw02,8FB0,196,2373,-95,2373,0,3.69,52337
ground-height-2m-20260828-133428,d024m_r090_run01.csv,2,24,90,dw00;dw01;dw02;dw03;dw04;dw05;dw06;dw07;dw08,dw00;dw01;dw02;dw03;dw04;dw05;dw06;dw07;dw08,dw08,105,1,2026-08-30T08:18:57.430+0200,dw05,4B92,180,2368,54,-559,2301,4.14,72296
ground-height-2m-20260828-133428,d024m_r090_run01.csv,2,24,90,dw00;dw01;dw02;dw03;dw04;dw05;dw06;dw07;dw08,dw00;dw01;dw02;dw03;dw04;dw05;dw06;dw07;dw08,dw08,75,1,2026-08-30T08:18:57.470+0200,dw03,021B,53,2367,-35,-1870,1451,1.81,12298
ground-height-2m-20260828-133428,d024m_r090_run01.csv,2,24,90,dw00;dw01;dw02;dw03;dw04;dw05;dw06;dw07;dw08,dw00;dw01;dw02;dw03;dw04;dw05;dw06;dw07;dw08,dw08,15,1,2026-08-30T08:18:57.491+0200,dw00,8103,174,2384,-152,1682,1690,2.83,32257
ground-height-2m-20260828-133428,d024m_r090_run01.csv,2,24,90,dw00;dw01;dw02;dw03;dw04;dw05;dw06;dw07;dw08,dw00;dw01;dw02;dw03;dw04;dw05;dw06;dw07;dw08,dw08,35,1,2026-08-30T08:18:57.500+0200,dw01,1729,92,2372,-121,2126,1051,3.06,42358
ground-height-2m-20260828-133428,d024m_r090_run01.csv,2,24,90,dw00;dw01;dw02;dw03;dw04;dw05;dw06;dw07;dw08,dw00;dw01;dw02;dw03;dw04;dw05;dw06;dw07;dw08,dw08,145,1,2026-08-30T08:18:57.550+0200,dw07,5783,154,2372,141,713,2262,3.27,2147483
ground-height-2m-20260828-133428,d024m_r090_run01.csv,2,24,90,dw00;dw01;dw02;dw03;dw04;dw05;dw06;dw07;dw08,dw00;dw01;dw02;dw03;dw04;dw05;dw06;dw07;dw08,dw08,55,1,2026-08-30T08:18:57.610+0200,dw02,8FB0,197,2372,-88,2372,0,3.78,52398
ground-height-2m-20260828-133428,d024m_r090_run01.csv,2,24,90,dw00;dw01;dw02;dw03;dw04;dw05;dw06;dw07;dw08,dw00;dw01;dw02;dw03;dw04;dw05;dw06;dw07;dw08,dw08,105,1,2026-08-30T08:18:57.630+0200,dw05,4B92,181,2369,63,-424,2331,4.14,72296
ground-height-2m-20260828-133428,d024m_r090_run01.csv,2,24,90,dw00;dw01;dw02;dw03;dw04;dw05;dw06;dw07;dw08,dw00;dw01;dw02;dw03;dw04;dw05;dw06;dw07;dw08,dw08,125,1,2026-08-30T08:18:57.656+0200,dw06,0789,56,2377,120,397,2343,3.06,2147483
ground-height-2m-20260828-133428,d024m_r090_run01.csv,2,24,90,dw00;dw01;dw02;dw03;dw04;dw05;dw06;dw07;dw08,dw00;dw01;dw02;dw03;dw04;dw05;dw06;dw07;dw08,dw08,75,1,2026-08-30T08:18:57.670+0200,dw03,021B,54,2361,-32,-1818,1505,1.87,12298
ground-height-2m-20260828-133428,d024m_r090_run01.csv,2,24,90,dw00;dw01;dw02;dw03;dw04;dw05;dw06;dw07;dw08,dw00;dw01;dw02;dw03;dw04;dw05;dw06;dw07;dw08,dw08,15,1,2026-08-30T08:18:57.690+0200,dw00,8103,175,2383,34,-852,2226,2.65,32257
ground-height-2m-20260828-133428,d024m_r090_run01.csv,2,24,90,dw00;dw01;dw02;dw03;dw04;dw05;dw06;dw07;dw08,dw00;dw01;dw02;dw03;dw04;dw05;dw06;dw07;dw08,dw08,35,1,2026-08-30T08:18:57.701+0200,dw01,1729,93,2375,-116,2205,883,2.95,42358
ground-height-2m-20260828-133428,d024m_r090_run01.csv,2,24,90,dw00;dw01;dw02;dw03;dw04;dw05;dw06;dw07;dw08,dw00;dw01;dw02;dw03;dw04;dw05;dw06;dw07;dw08,dw08,145,1,2026-08-30T08:18:57.750+0200,dw07,5783,155,2372,131,556,2306,3.27,2147483
ground-height-2m-20260828-133428,d024m_r090_run01.csv,2,24,90,dw00;dw01;dw02;dw03;dw04;dw05;dw06;dw07;dw08,dw00;dw01;dw02;dw03;dw04;dw05;dw06;dw07;dw08,dw08,55,1,2026-08-30T08:18:57.810+0200,dw02,8FB0,198,2373,-91,2373,0,3.69,52368
ground-height-2m-20260828-133428,d024m_r090_run01.csv,2,24,90,dw00;dw01;dw02;dw03;dw04;dw05;dw06;dw07;dw08,dw00;dw01;dw02;dw03;dw04;dw05;dw06;dw07;dw08,dw08,105,1,2026-08-30T08:18:57.831+0200,dw05,4B92,182,2367,60,-478,2318,4.29,72326
ground-height-2m-20260828-133428,d024m_r090_run01.csv,2,24,90,dw00;dw01;dw02;dw03;dw04;dw05;dw06;dw07;dw08,dw00;dw01;dw02;dw03;dw04;dw05;dw06;dw07;dw08,dw08,125,1,2026-08-30T08:18:57.840+0200,dw06,0789,57,2374,98,81,2372,3.06,82336
ground-height-2m-20260828-133428,d024m_r090_run01.csv,2,24,90,dw00;dw01;dw02;dw03;dw04;dw05;dw06;dw07;dw08,dw00;dw01;dw02;dw03;dw04;dw05;dw06;dw07;dw08,dw08,75,1,2026-08-30T08:18:57.870+0200,dw03,021B,55,2359,-37,-1895,1404,1.87,12298
ground-height-2m-20260828-133428,d024m_r090_run01.csv,2,24,90,dw00;dw01;dw02;dw03;dw04;dw05;dw06;dw07;dw08,dw00;dw01;dw02;dw03;dw04;dw05;dw06;dw07;dw08,dw08,15,1,2026-08-30T08:18:57.890+0200,dw00,8103,176,2380,-146,1760,1602,2.71,32257
ground-height-2m-20260828-133428,d024m_r090_run01.csv,2,24,90,dw00;dw01;dw02;dw03;dw04;dw05;dw06;dw07;dw08,dw00;dw01;dw02;dw03;dw04;dw05;dw06;dw07;dw08,dw08,35,1,2026-08-30T08:18:57.900+0200,dw01,1729,94,2373,-121,2123,1059,2.95,42297
ground-height-2m-20260828-133428,d024m_r090_run01.csv,2,24,90,dw00;dw01;dw02;dw03;dw04;dw05;dw06;dw07;dw08,dw00;dw01;dw02;dw03;dw04;dw05;dw06;dw07;dw08,dw08,145,1,2026-08-30T08:18:57.950+0200,dw07,5783,156,2372,136,633,2286,3.27,2147483
ground-height-2m-20260828-133428,d024m_r090_run01.csv,2,24,90,dw00;dw01;dw02;dw03;dw04;dw05;dw06;dw07;dw08,dw00;dw01;dw02;dw03;dw04;dw05;dw06;dw07;dw08,dw08,55,1,2026-08-30T08:18:58.010+0200,dw02,8FB0,199,2373,-92,2373,0,3.69,52398
ground-height-2m-20260828-133428,d024m_r090_run01.csv,2,24,90,dw00;dw01;dw02;dw03;dw04;dw05;dw06;dw07;dw08,dw00;dw01;dw02;dw03;dw04;dw05;dw06;dw07;dw08,dw08,105,1,2026-08-30T08:18:58.030+0200,dw05,4B92,183,2367,50,-625,2283,4.14,72296
ground-height-2m-20260828-133428,d024m_r090_run01.csv,2,24,90,dw00;dw01;dw02;dw03;dw04;dw05;dw06;dw07;dw08,dw00;dw01;dw02;dw03;dw04;dw05;dw06;dw07;dw08,dw08,125,1,2026-08-30T08:18:58.040+0200,dw06,0789,58,2373,89,-43,2373,3.09,82275
ground-height-2m-20260828-133428,d024m_r090_run01.csv,2,24,90,dw00;dw01;dw02;dw03;dw04;dw05;dw06;dw07;dw08,dw00;dw01;dw02;dw03;dw04;dw05;dw06;dw07;dw08,dw08,75,1,2026-08-30T08:18:58.070+0200,dw03,021B,56,2364,-39,-1925,1371,1.87,12298
ground-height-2m-20260828-133428,d024m_r090_run01.csv,2,24,90,dw00;dw01;dw02;dw03;dw04;dw05;dw06;dw07;dw08,dw00;dw01;dw02;dw03;dw04;dw05;dw06;dw07;dw08,dw08,15,1,2026-08-30T08:18:58.090+0200,dw00,8103,177,2383,-162,1538,1820,2.83,32257
ground-height-2m-20260828-133428,d024m_r090_run01.csv,2,24,90,dw00;dw01;dw02;dw03;dw04;dw05;dw06;dw07;dw08,dw00;dw01;dw02;dw03;dw04;dw05;dw06;dw07;dw08,dw08,35,1,2026-08-30T08:18:58.100+0200,dw01,1729,95,2370,-128,2027,1228,3.06,42358
ground-height-2m-20260828-133428,d024m_r090_run01.csv,2,24,90,dw00;dw01;dw02;dw03;dw04;dw05;dw06;dw07;dw08,dw00;dw01;dw02;dw03;dw04;dw05;dw06;dw07;dw08,dw08,145,1,2026-08-30T08:18:58.150+0200,dw07,5783,157,2371,138,672,2274,3.39,2147483
ground-height-2m-20260828-133428,d024m_r090_run01.csv,2,24,90,dw00;dw01;dw02;dw03;dw04;dw05;dw06;dw07;dw08,dw00;dw01;dw02;dw03;dw04;dw05;dw06;dw07;dw08,dw08,55,1,2026-08-30T08:18:58.210+0200,dw02,8FB0,200,2371,-73,-2371,0,3.78,52368
ground-height-2m-20260828-133428,d024m_r090_run01.csv,2,24,90,dw00;dw01;dw02;dw03;dw04;dw05;dw06;dw07;dw08,dw00;dw01;dw02;dw03;dw04;dw05;dw06;dw07;dw08,dw08,105,1,2026-08-30T08:18:58.230+0200,dw05,4B92,184,2365,56,-534,2304,4.14,72296
ground-height-2m-20260828-133428,d024m_r090_run01.csv,2,24,90,dw00;dw01;dw02;dw03;dw04;dw05;dw06;dw07;dw08,dw00;dw01;dw02;dw03;dw04;dw05;dw06;dw07;dw08,dw08,75,1,2026-08-30T08:18:58.270+0200,dw03,021B,57,2360,-29,-1783,1547,1.99,12329
ground-height-2m-20260828-133428,d024m_r090_run01.csv,2,24,90,dw00;dw01;dw02;dw03;dw04;dw05;dw06;dw07;dw08,dw00;dw01;dw02;dw03;dw04;dw05;dw06;dw07;dw08,dw08,15,1,2026-08-30T08:18:58.291+0200,dw00,8103,178,2384,-142,1832,1525,2.71,32287
ground-height-2m-20260828-133428,d024m_r090_run01.csv,2,24,90,dw00;dw01;dw02;dw03;dw04;dw05;dw06;dw07;dw08,dw00;dw01;dw02;dw03;dw04;dw05;dw06;dw07;dw08,dw08,35,1,2026-08-30T08:18:58.300+0200,dw01,1729,96,2376,-128,2030,1236,3.06,42327
ground-height-2m-20260828-133428,d024m_r090_run01.csv,2,24,90,dw00;dw01;dw02;dw03;dw04;dw05;dw06;dw07;dw08,dw00;dw01;dw02;dw03;dw04;dw05;dw06;dw07;dw08,dw08,145,1,2026-08-30T08:18:58.350+0200,dw07,5783,158,2369,152,869,2204,3.27,2147483
ground-height-2m-20260828-133428,d024m_r090_run01.csv,2,24,90,dw00;dw01;dw02;dw03;dw04;dw05;dw06;dw07;dw08,dw00;dw01;dw02;dw03;dw04;dw05;dw06;dw07;dw08,dw08,55,1,2026-08-30T08:18:58.410+0200,dw02,8FB0,201,2371,-97,2371,0,3.72,52337
ground-height-2m-20260828-133428,d024m_r090_run01.csv,2,24,90,dw00;dw01;dw02;dw03;dw04;dw05;dw06;dw07;dw08,dw00;dw01;dw02;dw03;dw04;dw05;dw06;dw07;dw08,dw08,105,1,2026-08-30T08:18:58.430+0200,dw05,4B92,185,2367,49,-634,2281,4.26,72296
ground-height-2m-20260828-133428,d024m_r090_run01.csv,2,24,90,dw00;dw01;dw02;dw03;dw04;dw05;dw06;dw07;dw08,dw00;dw01;dw02;dw03;dw04;dw05;dw06;dw07;dw08,dw08,125,1,2026-08-30T08:18:58.455+0200,dw06,0789,60,2375,79,-195,2367,3.15,2147483
ground-height-2m-20260828-133428,d024m_r090_run01.csv,2,24,90,dw00;dw01;dw02;dw03;dw04;dw05;dw06;dw07;dw08,dw00;dw01;dw02;dw03;dw04;dw05;dw06;dw07;dw08,dw08,75,1,2026-08-30T08:18:58.470+0200,dw03,021B,58,2361,-38,-1917,1378,1.81,12298
ground-height-2m-20260828-133428,d024m_r090_run01.csv,2,24,90,dw00;dw01;dw02;dw03;dw04;dw05;dw06;dw07;dw08,dw00;dw01;dw02;dw03;dw04;dw05;dw06;dw07;dw08,dw08,15,1,2026-08-30T08:18:58.490+0200,dw00,8103,179,2382,-150,1713,1655,2.77,32226
ground-height-2m-20260828-133428,d024m_r090_run01.csv,2,24,90,dw00;dw01;dw02;dw03;dw04;dw05;dw06;dw07;dw08,dw00;dw01;dw02;dw03;dw04;dw05;dw06;dw07;dw08,dw08,35,1,2026-08-30T08:18:58.500+0200,dw01,1729,97,2378,-125,2073,1164,2.95,42358
ground-height-2m-20260828-133428,d024m_r090_run01.csv,2,24,90,dw00;dw01;dw02;dw03;dw04;dw05;dw06;dw07;dw08,dw00;dw01;dw02;dw03;dw04;dw05;dw06;dw07;dw08,dw08,145,1,2026-08-30T08:18:58.550+0200,dw07,5783,159,2371,135,626,2287,3.33,2147483
ground-height-2m-20260828-133428,d024m_r090_run01.csv,2,24,90,dw00;dw01;dw02;dw03;dw04;dw05;dw06;dw07;dw08,dw00;dw01;dw02;dw03;dw04;dw05;dw06;dw07;dw08,dw08,55,1,2026-08-30T08:18:58.610+0200,dw02,8FB0,202,2373,-96,2373,0,3.72,52337
ground-height-2m-20260828-133428,d024m_r090_run01.csv,2,24,90,dw00;dw01;dw02;dw03;dw04;dw05;dw06;dw07;dw08,dw00;dw01;dw02;dw03;dw04;dw05;dw06;dw07;dw08,dw08,105,1,2026-08-30T08:18:58.630+0200,dw05,4B92,186,2367,43,-722,2254,4.20,72326
ground-height-2m-20260828-133428,d024m_r090_run01.csv,2,24,90,dw00;dw01;dw02;dw03;dw04;dw05;dw06;dw07;dw08,dw00;dw01;dw02;dw03;dw04;dw05;dw06;dw07;dw08,dw08,125,1,2026-08-30T08:18:58.640+0200,dw06,0789,61,2376,87,-78,2375,3.06,82336
ground-height-2m-20260828-133428,d024m_r090_run01.csv,2,24,90,dw00;dw01;dw02;dw03;dw04;dw05;dw06;dw07;dw08,dw00;dw01;dw02;dw03;dw04;dw05;dw06;dw07;dw08,dw08,75,1,2026-08-30T08:18:58.670+0200,dw03,021B,59,2361,-38,-1910,1387,1.93,12298
ground-height-2m-20260828-133428,d024m_r090_run01.csv,2,24,90,dw00;dw01;dw02;dw03;dw04;dw05;dw06;dw07;dw08,dw00;dw01;dw02;dw03;dw04;dw05;dw06;dw07;dw08,dw08,15,1,2026-08-30T08:18:58.690+0200,dw00,8103,180,2383,-152,1680,1691,2.77,32257
ground-height-2m-20260828-133428,d024m_r090_run01.csv,2,24,90,dw00;dw01;dw02;dw03;dw04;dw05;dw06;dw07;dw08,dw00;dw01;dw02;dw03;dw04;dw05;dw06;dw07;dw08,dw08,35,1,2026-08-30T08:18:58.700+0200,dw01,1729,98,2376,-115,2210,871,2.95,42327
ground-height-2m-20260828-133428,d024m_r090_run01.csv,2,24,90,dw00;dw01;dw02;dw03;dw04;dw05;dw06;dw07;dw08,dw00;dw01;dw02;dw03;dw04;dw05;dw06;dw07;dw08,dw08,145,1,2026-08-30T08:18:58.749+0200,dw07,5783,160,2373,136,635,2286,3.33,2147483
ground-height-2m-20260828-133428,d024m_r090_run01.csv,2,24,90,dw00;dw01;dw02;dw03;dw04;dw05;dw06;dw07;dw08,dw00;dw01;dw02;dw03;dw04;dw05;dw06;dw07;dw08,dw08,55,1,2026-08-30T08:18:58.810+0200,dw02,8FB0,203,2371,-95,2371,0,3.78,52368
ground-height-2m-20260828-133428,d024m_r090_run01.csv,2,24,90,dw00;dw01;dw02;dw03;dw04;dw05;dw06;dw07;dw08,dw00;dw01;dw02;dw03;dw04;dw05;dw06;dw07;dw08,dw08,105,1,2026-08-30T08:18:58.829+0200,dw05,4B92,187,2371,47,-667,2275,4.26,72265
ground-height-2m-20260828-133428,d024m_r090_run01.csv,2,24,90,dw00;dw01;dw02;dw03;dw04;dw05;dw06;dw07;dw08,dw00;dw01;dw02;dw03;dw04;dw05;dw06;dw07;dw08,dw08,125,1,2026-08-30T08:18:58.840+0200,dw06,0789,62,2378,107,216,2368,2.89,82305
ground-height-2m-20260828-133428,d024m_r090_run01.csv,2,24,90,dw00;dw01;dw02;dw03;dw04;dw05;dw06;dw07;dw08,dw00;dw01;dw02;dw03;dw04;dw05;dw06;dw07;dw08,dw08,75,1,2026-08-30T08:18:58.869+0200,dw03,021B,60,2366,-34,-1855,1467,1.93,12329
ground-height-2m-20260828-133428,d024m_r090_run01.csv,2,24,90,dw00;dw01;dw02;dw03;dw04;dw05;dw06;dw07;dw08,dw00;dw01;dw02;dw03;dw04;dw05;dw06;dw07;dw08,dw08,15,1,2026-08-30T08:18:58.890+0200,dw00,8103,181,2384,-156,1628,1742,2.83,32287
ground-height-2m-20260828-133428,d024m_r090_run01.csv,2,24,90,dw00;dw01;dw02;dw03;dw04;dw05;dw06;dw07;dw08,dw00;dw01;dw02;dw03;dw04;dw05;dw06;dw07;dw08,dw08,35,1,2026-08-30T08:18:58.900+0200,dw01,1729,99,2374,-125,2069,1165,3.01,42327
ground-height-2m-20260828-133428,d024m_r090_run01.csv,2,24,90,dw00;dw01;dw02;dw03;dw04;dw05;dw06;dw07;dw08,dw00;dw01;dw02;dw03;dw04;dw05;dw06;dw07;dw08,dw08,145,1,2026-08-30T08:18:58.950+0200,dw07,5783,161,2372,133,586,2298,3.33,2147483
ground-height-2m-20260828-133428,d024m_r090_run01.csv,2,24,90,dw00;dw01;dw02;dw03;dw04;dw05;dw06;dw07;dw08,dw00;dw01;dw02;dw03;dw04;dw05;dw06;dw07;dw08,dw08,55,1,2026-08-30T08:18:59.010+0200,dw02,8FB0,204,2369,-102,2369,0,3.69,52337
ground-height-2m-20260828-133428,d024m_r090_run01.csv,2,24,90,dw00;dw01;dw02;dw03;dw04;dw05;dw06;dw07;dw08,dw00;dw01;dw02;dw03;dw04;dw05;dw06;dw07;dw08,dw08,105,1,2026-08-30T08:18:59.030+0200,dw05,4B92,188,2364,48,-640,2276,4.14,72296
ground-height-2m-20260828-133428,d024m_r090_run01.csv,2,24,90,dw00;dw01;dw02;dw03;dw04;dw05;dw06;dw07;dw08,dw00;dw01;dw02;dw03;dw04;dw05;dw06;dw07;dw08,dw08,125,1,2026-08-30T08:18:59.039+0200,dw06,0789,63,2380,93,12,2380,3.06,82305
ground-height-2m-20260828-133428,d024m_r090_run01.csv,2,24,90,dw00;dw01;dw02;dw03;dw04;dw05;dw06;dw07;dw08,dw00;dw01;dw02;dw03;dw04;dw05;dw06;dw07;dw08,dw08,75,1,2026-08-30T08:18:59.070+0200,dw03,021B,61,2366,-32,-1827,1503,1.93,12329
ground-height-2m-20260828-133428,d024m_r090_run01.csv,2,24,90,dw00;dw01;dw02;dw03;dw04;dw05;dw06;dw07;dw08,dw00;dw01;dw02;dw03;dw04;dw05;dw06;dw07;dw08,dw08,15,1,2026-08-30T08:18:59.090+0200,dw00,8103,182,2382,-164,1506,1845,2.77,32257
ground-height-2m-20260828-133428,d024m_r090_run01.csv,2,24,90,dw00;dw01;dw02;dw03;dw04;dw05;dw06;dw07;dw08,dw00;dw01;dw02;dw03;dw04;dw05;dw06;dw07;dw08,dw08,35,1,2026-08-30T08:18:59.100+0200,dw01,1729,100,2376,-127,2037,1224,2.83,42358
ground-height-2m-20260828-133428,d024m_r090_run01.csv,2,24,90,dw00;dw01;dw02;dw03;dw04;dw05;dw06;dw07;dw08,dw00;dw01;dw02;dw03;dw04;dw05;dw06;dw07;dw08,dw08,145,1,2026-08-30T08:18:59.150+0200,dw07,5783,162,2371,134,614,2290,3.33,2147483
ground-height-2m-20260828-133428,d024m_r090_run01.csv,2,24,90,dw00;dw01;dw02;dw03;dw04;dw05;dw06;dw07;dw08,dw00;dw01;dw02;dw03;dw04;dw05;dw06;dw07;dw08,dw08,55,1,2026-08-30T08:18:59.209+0200,dw02,8FB0,205,2372,-81,-2372,0,3.78,52368
ground-height-2m-20260828-133428,d024m_r090_run01.csv,2,24,90,dw00;dw01;dw02;dw03;dw04;dw05;dw06;dw07;dw08,dw00;dw01;dw02;dw03;dw04;dw05;dw06;dw07;dw08,dw08,105,1,2026-08-30T08:18:59.230+0200,dw05,4B92,189,2364,40,-770,2235,4.26,72326
ground-height-2m-20260828-133428,d024m_r090_run01.csv,2,24,90,dw00;dw01;dw02;dw03;dw04;dw05;dw06;dw07;dw08,dw00;dw01;dw02;dw03;dw04;dw05;dw06;dw07;dw08,dw08,75,1,2026-08-30T08:18:59.270+0200,dw03,021B,62,2365,-43,-1992,1274,1.87,12268
ground-height-2m-20260828-133428,d024m_r090_run01.csv,2,24,90,dw00;dw01;dw02;dw03;dw04;dw05;dw06;dw07;dw08,dw00;dw01;dw02;dw03;dw04;dw05;dw06;dw07;dw08,dw08,15,1,2026-08-30T08:18:59.289+0200,dw00,8103,183,2382,-149,1722,1646,2.89,32257
ground-height-2m-20260828-133428,d024m_r090_run01.csv,2,24,90,dw00;dw01;dw02;dw03;dw04;dw05;dw06;dw07;dw08,dw00;dw01;dw02;dw03;dw04;dw05;dw06;dw07;dw08,dw08,35,1,2026-08-30T08:18:59.300+0200,dw01,1729,101,2372,-135,1919,1394,2.95,42358
ground-height-2m-20260828-133428,d024m_r090_run01.csv,2,24,90,dw00;dw01;dw02;dw03;dw04;dw05;dw06;dw07;dw08,dw00;dw01;dw02;dw03;dw04;dw05;dw06;dw07;dw08,dw08,145,1,2026-08-30T08:18:59.350+0200,dw07,5783,163,2371,138,665,2275,3.21,2147483
ground-height-2m-20260828-133428,d024m_r090_run01.csv,2,24,90,dw00;dw01;dw02;dw03;dw04;dw05;dw06;dw07;dw08,dw00;dw01;dw02;dw03;dw04;dw05;dw06;dw07;dw08,dw08,55,1,2026-08-30T08:18:59.409+0200,dw02,8FB0,206,2371,-89,2371,0,3.63,52368
ground-height-2m-20260828-133428,d024m_r090_run01.csv,2,24,90,dw00;dw01;dw02;dw03;dw04;dw05;dw06;dw07;dw08,dw00;dw01;dw02;dw03;dw04;dw05;dw06;dw07;dw08,dw08,105,1,2026-08-30T08:18:59.430+0200,dw05,4B92,190,2371,54,-566,2302,4.20,72265
ground-height-2m-20260828-133428,d024m_r090_run01.csv,2,24,90,dw00;dw01;dw02;dw03;dw04;dw05;dw06;dw07;dw08,dw00;dw01;dw02;dw03;dw04;dw05;dw06;dw07;dw08,dw08,125,1,2026-08-30T08:18:59.440+0200,dw06,0789,65,2375,95,43,2375,2.95,82244
ground-height-2m-20260828-133428,d024m_r090_run01.csv,2,24,90,dw00;dw01;dw02;dw03;dw04;dw05;dw06;dw07;dw08,dw00;dw01;dw02;dw03;dw04;dw05;dw06;dw07;dw08,dw08,75,1,2026-08-30T08:18:59.470+0200,dw03,021B,63,2360,-40,-1939,1345,1.87,12298
ground-height-2m-20260828-133428,d024m_r090_run01.csv,2,24,90,dw00;dw01;dw02;dw03;dw04;dw05;dw06;dw07;dw08,dw00;dw01;dw02;dw03;dw04;dw05;dw06;dw07;dw08,dw08,15,1,2026-08-30T08:18:59.489+0200,dw00,8103,184,2384,-142,1821,1538,2.83,32257
ground-height-2m-20260828-133428,d024m_r090_run01.csv,2,24,90,dw00;dw01;dw02;dw03;dw04;dw05;dw06;dw07;dw08,dw00;dw01;dw02;dw03;dw04;dw05;dw06;dw07;dw08,dw08,35,1,2026-08-30T08:18:59.499+0200,dw01,1729,102,2374,-123,2099,1107,3.06,42266
ground-height-2m-20260828-133428,d024m_r090_run01.csv,2,24,90,dw00;dw01;dw02;dw03;dw04;dw05;dw06;dw07;dw08,dw00;dw01;dw02;dw03;dw04;dw05;dw06;dw07;dw08,dw08,145,1,2026-08-30T08:18:59.549+0200,dw07,5783,164,2373,125,470,2326,3.39,2147483
ground-height-2m-20260828-133428,d024m_r090_run01.csv,2,24,90,dw00;dw01;dw02;dw03;dw04;dw05;dw06;dw07;dw08,dw00;dw01;dw02;dw03;dw04;dw05;dw06;dw07;dw08,dw08,55,1,2026-08-30T08:18:59.610+0200,dw02,8FB0,207,2370,-87,2370,0,3.78,52398
ground-height-2m-20260828-133428,d024m_r090_run01.csv,2,24,90,dw00;dw01;dw02;dw03;dw04;dw05;dw06;dw07;dw08,dw00;dw01;dw02;dw03;dw04;dw05;dw06;dw07;dw08,dw08,105,1,2026-08-30T08:18:59.629+0200,dw05,4B92,191,2367,42,-739,2249,4.26,72326
ground-height-2m-20260828-133428,d024m_r090_run01.csv,2,24,90,dw00;dw01;dw02;dw03;dw04;dw05;dw06;dw07;dw08,dw00;dw01;dw02;dw03;dw04;dw05;dw06;dw07;dw08,dw08,125,1,2026-08-30T08:18:59.640+0200,dw06,0789,66,2377,92,-5,2377,3.09,82305
ground-height-2m-20260828-133428,d024m_r090_run01.csv,2,24,90,dw00;dw01;dw02;dw03;dw04;dw05;dw06;dw07;dw08,dw00;dw01;dw02;dw03;dw04;dw05;dw06;dw07;dw08,dw08,75,1,2026-08-30T08:18:59.669+0200,dw03,021B,64,2360,-33,-1836,1484,1.75,12329
ground-height-2m-20260828-133428,d024m_r090_run01.csv,2,24,90,dw00;dw01;dw02;dw03;dw04;dw05;dw06;dw07;dw08,dw00;dw01;dw02;dw03;dw04;dw05;dw06;dw07;dw08,dw08,15,1,2026-08-30T08:18:59.690+0200,dw00,8103,185,2388,-148,1739,1637,2.89,32257
ground-height-2m-20260828-133428,d024m_r090_run01.csv,2,24,90,dw00;dw01;dw02;dw03;dw04;dw05;dw06;dw07;dw08,dw00;dw01;dw02;dw03;dw04;dw05;dw06;dw07;dw08,dw08,35,1,2026-08-30T08:18:59.699+0200,dw01,1729,103,2376,-123,2102,1107,2.95,42327
ground-height-2m-20260828-133428,d024m_r090_run01.csv,2,24,90,dw00;dw01;dw02;dw03;dw04;dw05;dw06;dw07;dw08,dw00;dw01;dw02;dw03;dw04;dw05;dw06;dw07;dw08,dw08,145,1,2026-08-30T08:18:59.749+0200,dw07,5783,165,2371,135,617,2289,3.33,2147483
ground-height-2m-20260828-133428,d024m_r090_run01.csv,2,24,90,dw00;dw01;dw02;dw03;dw04;dw05;dw06;dw07;dw08,dw00;dw01;dw02;dw03;dw04;dw05;dw06;dw07;dw08,dw08,55,1,2026-08-30T08:18:59.810+0200,dw02,8FB0,208,2369,-91,2369,0,3.78,52368
ground-height-2m-20260828-133428,d024m_r090_run01.csv,2,24,90,dw00;dw01;dw02;dw03;dw04;dw05;dw06;dw07;dw08,dw00;dw01;dw02;dw03;dw04;dw05;dw06;dw07;dw08,dw08,105,1,2026-08-30T08:18:59.829+0200,dw05,4B92,192,2368,49,-638,2281,4.26,72296
ground-height-2m-20260828-133428,d024m_r090_run01.csv,2,24,90,dw00;dw01;dw02;dw03;dw04;dw05;dw06;dw07;dw08,dw00;dw01;dw02;dw03;dw04;dw05;dw06;dw07;dw08,dw08,125,1,2026-08-30T08:18:59.839+0200,dw06,0789,67,2377,94,27,2377,2.89,82275
ground-height-2m-20260828-133428,d024m_r090_run01.csv,2,24,90,dw00;dw01;dw02;dw03;dw04;dw05;dw06;dw07;dw08,dw00;dw01;dw02;dw03;dw04;dw05;dw06;dw07;dw08,dw08,75,1,2026-08-30T08:18:59.869+0200,dw03,021B,65,2367,-40,-1945,1349,1.93,12298
ground-height-2m-20260828-133428,d024m_r090_run01.csv,2,24,90,dw00;dw01;dw02;dw03;dw04;dw05;dw06;dw07;dw08,dw00;dw01;dw02;dw03;dw04;dw05;dw06;dw07;dw08,dw08,15,1,2026-08-30T08:18:59.890+0200,dw00,8103,186,2384,-155,1640,1730,2.83,32287
ground-height-2m-20260828-133428,d024m_r090_run01.csv,2,24,90,dw00;dw01;dw02;dw03;dw04;dw05;dw06;dw07;dw08,dw00;dw01;dw02;dw03;dw04;dw05;dw06;dw07;dw08,dw08,35,1,2026-08-30T08:18:59.900+0200,dw01,1729,104,2373,-125,2060,1176,2.95,42388
ground-height-2m-20260828-133428,d024m_r090_run01.csv,2,24,90,dw00;dw01;dw02;dw03;dw04;dw05;dw06;dw07;dw08,dw00;dw01;dw02;dw03;dw04;dw05;dw06;dw07;dw08,dw08,165,1,2026-08-30T08:18:59.908+0200,dw08,028E,2,2368,-167,1454,1870,-10.55,51239
ground-height-2m-20260828-133428,d024m_r090_run01.csv,2,24,90,dw00;dw01;dw02;dw03;dw04;dw05;dw06;dw07;dw08,dw00;dw01;dw02;dw03;dw04;dw05;dw06;dw07;dw08,dw08,145,1,2026-08-30T08:18:59.949+0200,dw07,5783,166,2373,133,591,2298,3.27,2147483
ground-height-2m-20260828-133428,d024m_r090_run01.csv,2,24,90,dw00;dw01;dw02;dw03;dw04;dw05;dw06;dw07;dw08,dw00;dw01;dw02;dw03;dw04;dw05;dw06;dw07;dw08,dw08,55,1,2026-08-30T08:19:00.009+0200,dw02,8FB0,209,2371,-97,2371,0,3.72,52368
ground-height-2m-20260828-133428,d024m_r090_run01.csv,2,24,90,dw00;dw01;dw02;dw03;dw04;dw05;dw06;dw07;dw08,dw00;dw01;dw02;dw03;dw04;dw05;dw06;dw07;dw08,dw08,105,1,2026-08-30T08:19:00.029+0200,dw05,4B92,193,2365,38,-786,2231,4.26,72296
ground-height-2m-20260828-133428,d024m_r090_run01.csv,2,24,90,dw00;dw01;dw02;dw03;dw04;dw05;dw06;dw07;dw08,dw00;dw01;dw02;dw03;dw04;dw05;dw06;dw07;dw08,dw08,125,1,2026-08-30T08:19:00.039+0200,dw06,0789,68,2377,91,-27,2377,2.95,82305
ground-height-2m-20260828-133428,d024m_r090_run01.csv,2,24,90,dw00;dw01;dw02;dw03;dw04;dw05;dw06;dw07;dw08,dw00;dw01;dw02;dw03;dw04;dw05;dw06;dw07;dw08,dw08,75,1,2026-08-30T08:19:00.069+0200,dw03,021B,66,2358,-41,-1952,1323,1.87,12298
ground-height-2m-20260828-133428,d024m_r090_run01.csv,2,24,90,dw00;dw01;dw02;dw03;dw04;dw05;dw06;dw07;dw08,dw00;dw01;dw02;dw03;dw04;dw05;dw06;dw07;dw08,dw08,165,1,2026-08-30T08:19:00.079+0200,dw08,028E,3,2376,-41,-1961,1342,0.83,22338
ground-height-2m-20260828-133428,d024m_r090_run01.csv,2,24,90,dw00;dw01;dw02;dw03;dw04;dw05;dw06;dw07;dw08,dw00;dw01;dw02;dw03;dw04;dw05;dw06;dw07;dw08,dw08,15,1,2026-08-30T08:19:00.089+0200,dw00,8103,187,2384,-151,1697,1674,2.83,32257
ground-height-2m-20260828-133428,d024m_r090_run01.csv,2,24,90,dw00;dw01;dw02;dw03;dw04;dw05;dw06;dw07;dw08,dw00;dw01;dw02;dw03;dw04;dw05;dw06;dw07;dw08,dw08,35,1,2026-08-30T08:19:00.100+0200,dw01,1729,105,2374,-125,2071,1159,2.89,42327
ground-height-2m-20260828-133428,d024m_r090_run01.csv,2,24,90,dw00;dw01;dw02;dw03;dw04;dw05;dw06;dw07;dw08,dw00;dw01;dw02;dw03;dw04;dw05;dw06;dw07;dw08,dw08,145,1,2026-08-30T08:19:00.150+0200,dw07,5783,167,2373,133,596,2297,3.27,2147483
ground-height-2m-20260828-133428,d024m_r090_run01.csv,2,24,90,dw00;dw01;dw02;dw03;dw04;dw05;dw06;dw07;dw08,dw00;dw01;dw02;dw03;dw04;dw05;dw06;dw07;dw08,dw08,55,1,2026-08-30T08:19:00.209+0200,dw02,8FB0,210,2369,-90,2369,0,3.69,52368
ground-height-2m-20260828-133428,d024m_r090_run01.csv,2,24,90,dw00;dw01;dw02;dw03;dw04;dw05;dw06;dw07;dw08,dw00;dw01;dw02;dw03;dw04;dw05;dw06;dw07;dw08,dw08,105,1,2026-08-30T08:19:00.230+0200,dw05,4B92,194,2368,44,-706,2260,4.26,72296
ground-height-2m-20260828-133428,d024m_r090_run01.csv,2,24,90,dw00;dw01;dw02;dw03;dw04;dw05;dw06;dw07;dw08,dw00;dw01;dw02;dw03;dw04;dw05;dw06;dw07;dw08,dw08,125,1,2026-08-30T08:19:00.239+0200,dw06,0789,69,2376,100,115,2373,2.89,82275
ground-height-2m-20260828-133428,d024m_r090_run01.csv,2,24,90,dw00;dw01;dw02;dw03;dw04;dw05;dw06;dw07;dw08,dw00;dw01;dw02;dw03;dw04;dw05;dw06;dw07;dw08,dw08,75,1,2026-08-30T08:19:00.270+0200,dw03,021B,67,2362,-41,-1954,1328,1.93,12298
ground-height-2m-20260828-133428,d024m_r090_run01.csv,2,24,90,dw00;dw01;dw02;dw03;dw04;dw05;dw06;dw07;dw08,dw00;dw01;dw02;dw03;dw04;dw05;dw06;dw07;dw08,dw08,15,1,2026-08-30T08:19:00.289+0200,dw00,8103,188,2384,-156,1618,1751,2.89,32257
ground-height-2m-20260828-133428,d024m_r090_run01.csv,2,24,90,dw00;dw01;dw02;dw03;dw04;dw05;dw06;dw07;dw08,dw00;dw01;dw02;dw03;dw04;dw05;dw06;dw07;dw08,dw08,35,1,2026-08-30T08:19:00.299+0200,dw01,1729,106,2371,-131,1972,1316,2.89,42358
ground-height-2m-20260828-133428,d024m_r090_run01.csv,2,24,90,dw00;dw01;dw02;dw03;dw04;dw05;dw06;dw07;dw08,dw00;dw01;dw02;dw03;dw04;dw05;dw06;dw07;dw08,dw08,145,1,2026-08-30T08:19:00.349+0200,dw07,5783,168,2367,142,718,2255,3.33,2147483
ground-height-2m-20260828-133428,d024m_r090_run01.csv,2,24,90,dw00;dw01;dw02;dw03;dw04;dw05;dw06;dw07;dw08,dw00;dw01;dw02;dw03;dw04;dw05;dw06;dw07;dw08,dw08,55,1,2026-08-30T08:19:00.409+0200,dw02,8FB0,211,2372,-92,2372,0,3.78,52398
ground-height-2m-20260828-133428,d024m_r090_run01.csv,2,24,90,dw00;dw01;dw02;dw03;dw04;dw05;dw06;dw07;dw08,dw00;dw01;dw02;dw03;dw04;dw05;dw06;dw07;dw08,dw08,105,1,2026-08-30T08:19:00.429+0200,dw05,4B92,195,2366,38,-790,2230,4.26,72296
ground-height-2m-20260828-133428,d024m_r090_run01.csv,2,24,90,dw00;dw01;dw02;dw03;dw04;dw05;dw06;dw07;dw08,dw00;dw01;dw02;dw03;dw04;dw05;dw06;dw07;dw08,dw08,125,1,2026-08-30T08:19:00.440+0200,dw06,0789,70,2384,98,86,2383,3.06,82275
ground-height-2m-20260828-133428,d024m_r090_run01.csv,2,24,90,dw00;dw01;dw02;dw03;dw04;dw05;dw06;dw07;dw08,dw00;dw01;dw02;dw03;dw04;dw05;dw06;dw07;dw08,dw08,75,1,2026-08-30T08:19:00.469+0200,dw03,021B,68,2364,-30,-1802,1529,1.87,12298
ground-height-2m-20260828-133428,d024m_r090_run01.csv,2,24,90,dw00;dw01;dw02;dw03;dw04;dw05;dw06;dw07;dw08,dw00;dw01;dw02;dw03;dw04;dw05;dw06;dw07;dw08,dw08,15,1,2026-08-30T08:19:00.490+0200,dw00,8103,189,2382,-152,1677,1692,2.89,32257
ground-height-2m-20260828-133428,d024m_r090_run01.csv,2,24,90,dw00;dw01;dw02;dw03;dw04;dw05;dw06;dw07;dw08,dw00;dw01;dw02;dw03;dw04;dw05;dw06;dw07;dw08,dw08,165,1,2026-08-30T08:19:00.495+0200,dw08,028E,5,2369,31,-893,2195,2.44,37994
ground-height-2m-20260828-133428,d024m_r090_run01.csv,2,24,90,dw00;dw01;dw02;dw03;dw04;dw05;dw06;dw07;dw08,dw00;dw01;dw02;dw03;dw04;dw05;dw06;dw07;dw08,dw08,145,1,2026-08-30T08:19:00.549+0200,dw07,5783,169,2370,142,717,2259,3.33,2147483
ground-height-2m-20260828-133428,d024m_r090_run01.csv,2,24,90,dw00;dw01;dw02;dw03;dw04;dw05;dw06;dw07;dw08,dw00;dw01;dw02;dw03;dw04;dw05;dw06;dw07;dw08,dw08,55,1,2026-08-30T08:19:00.609+0200,dw02,8FB0,212,2369,-90,2369,0,3.78,52337
ground-height-2m-20260828-133428,d024m_r090_run01.csv,2,24,90,dw00;dw01;dw02;dw03;dw04;dw05;dw06;dw07;dw08,dw00;dw01;dw02;dw03;dw04;dw05;dw06;dw07;dw08,dw08,105,1,2026-08-30T08:19:00.629+0200,dw05,4B92,196,2367,38,-789,2232,4.14,72296
ground-height-2m-20260828-133428,d024m_r090_run01.csv,2,24,90,dw00;dw01;dw02;dw03;dw04;dw05;dw06;dw07;dw08,dw00;dw01;dw02;dw03;dw04;dw05;dw06;dw07;dw08,dw08,75,1,2026-08-30T08:19:00.669+0200,dw03,021B,69,2364,-28,-1766,1571,1.99,12298
ground-height-2m-20260828-133428,d024m_r090_run01.csv,2,24,90,dw00;dw01;dw02;dw03;dw04;dw05;dw06;dw07;dw08,dw00;dw01;dw02;dw03;dw04;dw05;dw06;dw07;dw08,dw08,15,1,2026-08-30T08:19:00.690+0200,dw00,8103,190,2381,-148,1737,1628,2.95,32257
ground-height-2m-20260828-133428,d024m_r090_run01.csv,2,24,90,dw00;dw01;dw02;dw03;dw04;dw05;dw06;dw07;dw08,dw00;dw01;dw02;dw03;dw04;dw05;dw06;dw07;dw08,dw08,35,1,2026-08-30T08:19:00.715+0200,dw01,1729,108,2374,-129,2005,1270,3.27,58258
ground-height-2m-20260828-133428,d024m_r090_run01.csv,2,24,90,dw00;dw01;dw02;dw03;dw04;dw05;dw06;dw07;dw08,dw00;dw01;dw02;dw03;dw04;dw05;dw06;dw07;dw08,dw08,145,1,2026-08-30T08:19:00.749+0200,dw07,5783,170,2372,124,459,2327,3.45,2147483
ground-height-2m-20260828-133428,d024m_r090_run01.csv,2,24,90,dw00;dw01;dw02;dw03;dw04;dw05;dw06;dw07;dw08,dw00;dw01;dw02;dw03;dw04;dw05;dw06;dw07;dw08,dw08,55,1,2026-08-30T08:19:00.809+0200,dw02,8FB0,213,2372,-92,2372,0,3.78,52398
ground-height-2m-20260828-133428,d024m_r090_run01.csv,2,24,90,dw00;dw01;dw02;dw03;dw04;dw05;dw06;dw07;dw08,dw00;dw01;dw02;dw03;dw04;dw05;dw06;dw07;dw08,dw08,105,1,2026-08-30T08:19:00.829+0200,dw05,4B92,197,2365,45,-696,2260,4.14,72296
ground-height-2m-20260828-133428,d024m_r090_run01.csv,2,24,90,dw00;dw01;dw02;dw03;dw04;dw05;dw06;dw07;dw08,dw00;dw01;dw02;dw03;dw04;dw05;dw06;dw07;dw08,dw08,75,1,2026-08-30T08:19:00.869+0200,dw03,021B,70,2361,-33,-1836,1483,1.81,12298
ground-height-2m-20260828-133428,d024m_r090_run01.csv,2,24,90,dw00;dw01;dw02;dw03;dw04;dw05;dw06;dw07;dw08,dw00;dw01;dw02;dw03;dw04;dw05;dw06;dw07;dw08,dw08,15,1,2026-08-30T08:19:00.889+0200,dw00,8103,191,2380,-153,1659,1706,2.83,32257
ground-height-2m-20260828-133428,d024m_r090_run01.csv,2,24,90,dw00;dw01;dw02;dw03;dw04;dw05;dw06;dw07;dw08,dw00;dw01;dw02;dw03;dw04;dw05;dw06;dw07;dw08,dw08,35,1,2026-08-30T08:19:00.899+0200,dw01,1729,109,2380,-119,2160,999,3.06,42419
ground-height-2m-20260828-133428,d024m_r090_run01.csv,2,24,90,dw00;dw01;dw02;dw03;dw04;dw05;dw06;dw07;dw08,dw00;dw01;dw02;dw03;dw04;dw05;dw06;dw07;dw08,dw08,145,1,2026-08-30T08:19:00.949+0200,dw07,5783,171,2373,134,611,2293,3.27,2147483
ground-height-2m-20260828-133428,d024m_r090_run01.csv,2,24,90,dw00;dw01;dw02;dw03;dw04;dw05;dw06;dw07;dw08,dw00;dw01;dw02;dw03;dw04;dw05;dw06;dw07;dw08,dw08,55,1,2026-08-30T08:19:01.009+0200,dw02,8FB0,214,2375,-100,2375,0,3.69,52368
ground-height-2m-20260828-133428,d024m_r090_run01.csv,2,24,90,dw00;dw01;dw02;dw03;dw04;dw05;dw06;dw07;dw08,dw00;dw01;dw02;dw03;dw04;dw05;dw06;dw07;dw08,dw08,105,1,2026-08-30T08:19:01.029+0200,dw05,4B92,198,2373,38,-802,2233,4.41,72296
ground-height-2m-20260828-133428,d024m_r090_run01.csv,2,24,90,dw00;dw01;dw02;dw03;dw04;dw05;dw06;dw07;dw08,dw00;dw01;dw02;dw03;dw04;dw05;dw06;dw07;dw08,dw08,75,1,2026-08-30T08:19:01.069+0200,dw03,021B,71,2364,-35,-1872,1443,1.93,12298
ground-height-2m-20260828-133428,d024m_r090_run01.csv,2,24,90,dw00;dw01;dw02;dw03;dw04;dw05;dw06;dw07;dw08,dw00;dw01;dw02;dw03;dw04;dw05;dw06;dw07;dw08,dw08,15,1,2026-08-30T08:19:01.089+0200,dw00,8103,192,2384,-139,1872,1476,2.83,32257
ground-height-2m-20260828-133428,d024m_r090_run01.csv,2,24,90,dw00;dw01;dw02;dw03;dw04;dw05;dw06;dw07;dw08,dw00;dw01;dw02;dw03;dw04;dw05;dw06;dw07;dw08,dw08,35,1,2026-08-30T08:19:01.099+0200,dw01,1729,110,2378,-108,2316,536,3.06,42358
ground-height-2m-20260828-133428,d024m_r090_run01.csv,2,24,90,dw00;dw01;dw02;dw03;dw04;dw05;dw06;dw07;dw08,dw00;dw01;dw02;dw03;dw04;dw05;dw06;dw07;dw08,dw08,145,1,2026-08-30T08:19:01.148+0200,dw07,5783,172,2377,141,704,2270,3.33,2147483
ground-height-2m-20260828-133428,d024m_r090_run01.csv,2,24,90,dw00;dw01;dw02;dw03;dw04;dw05;dw06;dw07;dw08,dw00;dw01;dw02;dw03;dw04;dw05;dw06;dw07;dw08,dw08,55,1,2026-08-30T08:19:01.209+0200,dw02,8FB0,215,2370,-97,2370,0,3.72,52398
ground-height-2m-20260828-133428,d024m_r090_run01.csv,2,24,90,dw00;dw01;dw02;dw03;dw04;dw05;dw06;dw07;dw08,dw00;dw01;dw02;dw03;dw04;dw05;dw06;dw07;dw08,dw08,105,1,2026-08-30T08:19:01.229+0200,dw05,4B92,199,2363,60,-476,2315,4.26,72296
ground-height-2m-20260828-133428,d024m_r090_run01.csv,2,24,90,dw00;dw01;dw02;dw03;dw04;dw05;dw06;dw07;dw08,dw00;dw01;dw02;dw03;dw04;dw05;dw06;dw07;dw08,dw08,75,1,2026-08-30T08:19:01.269+0200,dw03,021B,72,2361,-38,-1914,1382,1.81,12329
ground-height-2m-20260828-133428,d024m_r090_run01.csv,2,24,90,dw00;dw01;dw02;dw03;dw04;dw05;dw06;dw07;dw08,dw00;dw01;dw02;dw03;dw04;dw05;dw06;dw07;dw08,dw08,165,1,2026-08-30T08:19:01.278+0200,dw08,028E,9,2373,-97,2373,0,2.32,22277
ground-height-2m-20260828-133428,d024m_r090_run01.csv,2,24,90,dw00;dw01;dw02;dw03;dw04;dw05;dw06;dw07;dw08,dw00;dw01;dw02;dw03;dw04;dw05;dw06;dw07;dw08,dw08,15,1,2026-08-30T08:19:01.289+0200,dw00,8103,193,2379,-168,1446,1888,2.83,32257
ground-height-2m-20260828-133428,d024m_r090_run01.csv,2,24,90,dw00;dw01;dw02;dw03;dw04;dw05;dw06;dw07;dw08,dw00;dw01;dw02;dw03;dw04;dw05;dw06;dw07;dw08,dw08,35,1,2026-08-30T08:19:01.299+0200,dw01,1729,111,2374,-123,2101,1105,3.01,42358
ground-height-2m-20260828-133428,d024m_r090_run01.csv,2,24,90,dw00;dw01;dw02;dw03;dw04;dw05;dw06;dw07;dw08,dw00;dw01;dw02;dw03;dw04;dw05;dw06;dw07;dw08,dw08,145,1,2026-08-30T08:19:01.349+0200,dw07,5783,173,2372,139,679,2273,3.39,2147483
ground-height-2m-20260828-133428,d024m_r090_run01.csv,2,24,90,dw00;dw01;dw02;dw03;dw04;dw05;dw06;dw07;dw08,dw00;dw01;dw02;dw03;dw04;dw05;dw06;dw07;dw08,dw08,55,1,2026-08-30T08:19:01.409+0200,dw02,8FB0,216,2370,-109,2292,605,3.78,52368
ground-height-2m-20260828-133428,d024m_r090_run01.csv,2,24,90,dw00;dw01;dw02;dw03;dw04;dw05;dw06;dw07;dw08,dw00;dw01;dw02;dw03;dw04;dw05;dw06;dw07;dw08,dw08,105,1,2026-08-30T08:19:01.429+0200,dw05,4B92,200,2370,43,-726,2256,4.20,72326
ground-height-2m-20260828-133428,d024m_r090_run01.csv,2,24,90,dw00;dw01;dw02;dw03;dw04;dw05;dw06;dw07;dw08,dw00;dw01;dw02;dw03;dw04;dw05;dw06;dw07;dw08,dw08,75,1,2026-08-30T08:19:01.469+0200,dw03,021B,73,2365,-37,-1899,1409,1.87,12298
ground-height-2m-20260828-133428,d024m_r090_run01.csv,2,24,90,dw00;dw01;dw02;dw03;dw04;dw05;dw06;dw07;dw08,dw00;dw01;dw02;dw03;dw04;dw05;dw06;dw07;dw08,dw08,15,1,2026-08-30T08:19:01.489+0200,dw00,8103,194,2383,-151,1695,1676,2.77,32257
ground-height-2m-20260828-133428,d024m_r090_run01.csv,2,24,90,dw00;dw01;dw02;dw03;dw04;dw05;dw06;dw07;dw08,dw00;dw01;dw02;dw03;dw04;dw05;dw06;dw07;dw08,dw08,35,1,2026-08-30T08:19:01.499+0200,dw01,1729,112,2373,-120,2145,1014,2.95,42358
ground-height-2m-20260828-133428,d024m_r090_run01.csv,2,24,90,dw00;dw01;dw02;dw03;dw04;dw05;dw06;dw07;dw08,dw00;dw01;dw02;dw03;dw04;dw05;dw06;dw07;dw08,dw08,145,1,2026-08-30T08:19:01.549+0200,dw07,5783,174,2368,125,475,2320,3.27,2147483
ground-height-2m-20260828-133428,d024m_r090_run01.csv,2,24,90,dw00;dw01;dw02;dw03;dw04;dw05;dw06;dw07;dw08,dw00;dw01;dw02;dw03;dw04;dw05;dw06;dw07;dw08,dw08,55,1,2026-08-30T08:19:01.608+0200,dw02,8FB0,217,2374,-102,2374,0,3.72,52368
ground-height-2m-20260828-133428,d024m_r090_run01.csv,2,24,90,dw00;dw01;dw02;dw03;dw04;dw05;dw06;dw07;dw08,dw00;dw01;dw02;dw03;dw04;dw05;dw06;dw07;dw08,dw08,105,1,2026-08-30T08:19:01.629+0200,dw05,4B92,201,2367,44,-700,2261,4.26,72296
ground-height-2m-20260828-133428,d024m_r090_run01.csv,2,24,90,dw00;dw01;dw02;dw03;dw04;dw05;dw06;dw07;dw08,dw00;dw01;dw02;dw03;dw04;dw05;dw06;dw07;dw08,dw08,75,1,2026-08-30T08:19:01.669+0200,dw03,021B,74,2366,-40,-1938,1357,1.93,12298
ground-height-2m-20260828-133428,d024m_r090_run01.csv,2,24,90,dw00;dw01;dw02;dw03;dw04;dw05;dw06;dw07;dw08,dw00;dw01;dw02;dw03;dw04;dw05;dw06;dw07;dw08,dw08,165,1,2026-08-30T08:19:01.694+0200,dw08,028E,11,2370,25,-986,2155,2.38,37963
ground-height-2m-20260828-133428,d024m_r090_run01.csv,2,24,90,dw00;dw01;dw02;dw03;dw04;dw05;dw06;dw07;dw08,dw00;dw01;dw02;dw03;dw04;dw05;dw06;dw07;dw08,dw08,145,1,2026-08-30T08:19:01.749+0200,dw07,5783,175,2372,142,725,2258,3.33,2147483
ground-height-2m-20260828-133428,d024m_r090_run01.csv,2,24,90,dw00;dw01;dw02;dw03;dw04;dw05;dw06;dw07;dw08,dw00;dw01;dw02;dw03;dw04;dw05;dw06;dw07;dw08,dw08,55,1,2026-08-30T08:19:01.808+0200,dw02,8FB0,218,2371,-89,2371,0,3.78,52337
ground-height-2m-20260828-133428,d024m_r090_run01.csv,2,24,90,dw00;dw01;dw02;dw03;dw04;dw05;dw06;dw07;dw08,dw00;dw01;dw02;dw03;dw04;dw05;dw06;dw07;dw08,dw08,105,1,2026-08-30T08:19:01.829+0200,dw05,4B92,202,2371,57,-513,2315,4.14,72296
ground-height-2m-20260828-133428,d024m_r090_run01.csv,2,24,90,dw00;dw01;dw02;dw03;dw04;dw05;dw06;dw07;dw08,dw00;dw01;dw02;dw03;dw04;dw05;dw06;dw07;dw08,dw08,75,1,2026-08-30T08:19:01.869+0200,dw03,021B,75,2361,-44,-2002,1252,1.81,12298
ground-height-2m-20260828-133428,d024m_r090_run01.csv,2,24,90,dw00;dw01;dw02;dw03;dw04;dw05;dw06;dw07;dw08,dw00;dw01;dw02;dw03;dw04;dw05;dw06;dw07;dw08,dw08,15,1,2026-08-30T08:19:01.889+0200,dw00,8103,196,2382,-148,1744,1623,2.83,32226
ground-height-2m-20260828-133428,d024m_r090_run01.csv,2,24,90,dw00;dw01;dw02;dw03;dw04;dw05;dw06;dw07;dw08,dw00;dw01;dw02;dw03;dw04;dw05;dw06;dw07;dw08,dw08,35,1,2026-08-30T08:19:01.915+0200,dw01,1729,114,2376,-128,2034,1228,3.15,58227
ground-height-2m-20260828-133428,d024m_r090_run01.csv,2,24,90,dw00;dw01;dw02;dw03;dw04;dw05;dw06;dw07;dw08,dw00;dw01;dw02;dw03;dw04;dw05;dw06;dw07;dw08,dw08,145,1,2026-08-30T08:19:01.948+0200,dw07,5783,176,2374,132,572,2304,3.33,2147483
ground-height-2m-20260828-133428,d024m_r090_run01.csv,2,24,90,dw00;dw01;dw02;dw03;dw04;dw05;dw06;dw07;dw08,dw00;dw01;dw02;dw03;dw04;dw05;dw06;dw07;dw08,dw08,55,1,2026-08-30T08:19:02.009+0200,dw02,8FB0,219,2371,-85,-2371,0,3.69,52337
ground-height-2m-20260828-133428,d024m_r090_run01.csv,2,24,90,dw00;dw01;dw02;dw03;dw04;dw05;dw06;dw07;dw08,dw00;dw01;dw02;dw03;dw04;dw05;dw06;dw07;dw08,dw08,105,1,2026-08-30T08:19:02.028+0200,dw05,4B92,203,2368,36,-828,2218,4.26,72296
ground-height-2m-20260828-133428,d024m_r090_run01.csv,2,24,90,dw00;dw01;dw02;dw03;dw04;dw05;dw06;dw07;dw08,dw00;dw01;dw02;dw03;dw04;dw05;dw06;dw07;dw08,dw08,75,1,2026-08-30T08:19:02.068+0200,dw03,021B,76,2364,-40,-1949,1337,1.93,12298
ground-height-2m-20260828-133428,d024m_r090_run01.csv,2,24,90,dw00;dw01;dw02;dw03;dw04;dw05;dw06;dw07;dw08,dw00;dw01;dw02;dw03;dw04;dw05;dw06;dw07;dw08,dw08,15,1,2026-08-30T08:19:02.089+0200,dw00,8103,197,2383,-160,1562,1799,2.83,32318
ground-height-2m-20260828-133428,d024m_r090_run01.csv,2,24,90,dw00;dw01;dw02;dw03;dw04;dw05;dw06;dw07;dw08,dw00;dw01;dw02;dw03;dw04;dw05;dw06;dw07;dw08,dw08,165,1,2026-08-30T08:19:02.095+0200,dw08,028E,13,2372,79,-194,2364,2.38,38055
ground-height-2m-20260828-133428,d024m_r090_run01.csv,2,24,90,dw00;dw01;dw02;dw03;dw04;dw05;dw06;dw07;dw08,dw00;dw01;dw02;dw03;dw04;dw05;dw06;dw07;dw08,dw08,145,1,2026-08-30T08:19:02.148+0200,dw07,5783,177,2370,120,405,2335,3.33,2147483
ground-height-2m-20260828-133428,d024m_r090_run01.csv,2,24,90,dw00;dw01;dw02;dw03;dw04;dw05;dw06;dw07;dw08,dw00;dw01;dw02;dw03;dw04;dw05;dw06;dw07;dw08,dw08,55,1,2026-08-30T08:19:02.209+0200,dw02,8FB0,220,2373,-81,-2373,0,3.78,52337
ground-height-2m-20260828-133428,d024m_r090_run01.csv,2,24,90,dw00;dw01;dw02;dw03;dw04;dw05;dw06;dw07;dw08,dw00;dw01;dw02;dw03;dw04;dw05;dw06;dw07;dw08,dw08,105,1,2026-08-30T08:19:02.228+0200,dw05,4B92,204,2370,35,-837,2217,4.20,72296
ground-height-2m-20260828-133428,d024m_r090_run01.csv,2,24,90,dw00;dw01;dw02;dw03;dw04;dw05;dw06;dw07;dw08,dw00;dw01;dw02;dw03;dw04;dw05;dw06;dw07;dw08,dw08,75,1,2026-08-30T08:19:02.268+0200,dw03,021B,77,2365,-42,-1968,1312,1.75,12298
ground-height-2m-20260828-133428,d024m_r090_run01.csv,2,24,90,dw00;dw01;dw02;dw03;dw04;dw05;dw06;dw07;dw08,dw00;dw01;dw02;dw03;dw04;dw05;dw06;dw07;dw08,dw08,165,1,2026-08-30T08:19:02.278+0200,dw08,028E,14,2371,-74,-2371,0,2.38,22308
ground-height-2m-20260828-133428,d024m_r090_run01.csv,2,24,90,dw00;dw01;dw02;dw03;dw04;dw05;dw06;dw07;dw08,dw00;dw01;dw02;dw03;dw04;dw05;dw06;dw07;dw08,dw08,15,1,2026-08-30T08:19:02.289+0200,dw00,8103,198,2380,-151,1696,1670,2.71,32257
ground-height-2m-20260828-133428,d024m_r090_run01.csv,2,24,90,dw00;dw01;dw02;dw03;dw04;dw05;dw06;dw07;dw08,dw00;dw01;dw02;dw03;dw04;dw05;dw06;dw07;dw08,dw08,35,1,2026-08-30T08:19:02.314+0200,dw01,1729,116,2374,-136,1914,1405,3.09,58258
ground-height-2m-20260828-133428,d024m_r090_run01.csv,2,24,90,dw00;dw01;dw02;dw03;dw04;dw05;dw06;dw07;dw08,dw00;dw01;dw02;dw03;dw04;dw05;dw06;dw07;dw08,dw08,145,1,2026-08-30T08:19:02.348+0200,dw07,5783,178,2368,124,465,2322,3.33,2147483
ground-height-2m-20260828-133428,d024m_r090_run01.csv,2,24,90,dw00;dw01;dw02;dw03;dw04;dw05;dw06;dw07;dw08,dw00;dw01;dw02;dw03;dw04;dw05;dw06;dw07;dw08,dw08,55,1,2026-08-30T08:19:02.408+0200,dw02,8FB0,221,2372,-89,2372,0,3.78,52337
ground-height-2m-20260828-133428,d024m_r090_run01.csv,2,24,90,dw00;dw01;dw02;dw03;dw04;dw05;dw06;dw07;dw08,dw00;dw01;dw02;dw03;dw04;dw05;dw06;dw07;dw08,dw08,105,1,2026-08-30T08:19:02.429+0200,dw05,4B92,205,2364,52,-585,2291,4.26,72296
ground-height-2m-20260828-133428,d024m_r090_run01.csv,2,24,90,dw00;dw01;dw02;dw03;dw04;dw05;dw06;dw07;dw08,dw00;dw01;dw02;dw03;dw04;dw05;dw06;dw07;dw08,dw08,75,1,2026-08-30T08:19:02.469+0200,dw03,021B,78,2363,-31,-1808,1521,1.87,12298
ground-height-2m-20260828-133428,d024m_r090_run01.csv,2,24,90,dw00;dw01;dw02;dw03;dw04;dw05;dw06;dw07;dw08,dw00;dw01;dw02;dw03;dw04;dw05;dw06;dw07;dw08,dw08,165,1,2026-08-30T08:19:02.478+0200,dw08,028E,15,2369,-141,1828,1506,2.32,22308
ground-height-2m-20260828-133428,d024m_r090_run01.csv,2,24,90,dw00;dw01;dw02;dw03;dw04;dw05;dw06;dw07;dw08,dw00;dw01;dw02;dw03;dw04;dw05;dw06;dw07;dw08,dw08,15,1,2026-08-30T08:19:02.488+0200,dw00,8103,199,2380,-134,1949,1365,2.83,32257
ground-height-2m-20260828-133428,d024m_r090_run01.csv,2,24,90,dw00;dw01;dw02;dw03;dw04;dw05;dw06;dw07;dw08,dw00;dw01;dw02;dw03;dw04;dw05;dw06;dw07;dw08,dw08,35,1,2026-08-30T08:19:02.499+0200,dw01,1729,117,2378,-122,2120,1076,2.95,42358
ground-height-2m-20260828-133428,d024m_r090_run01.csv,2,24,90,dw00;dw01;dw02;dw03;dw04;dw05;dw06;dw07;dw08,dw00;dw01;dw02;dw03;dw04;dw05;dw06;dw07;dw08,dw08,145,1,2026-08-30T08:19:02.549+0200,dw07,5783,179,2367,143,735,2250,3.27,2147483
ground-height-2m-20260828-133428,d024m_r090_run01.csv,2,24,90,dw00;dw01;dw02;dw03;dw04;dw05;dw06;dw07;dw08,dw00;dw01;dw02;dw03;dw04;dw05;dw06;dw07;dw08,dw08,55,1,2026-08-30T08:19:02.608+0200,dw02,8FB0,222,2371,-96,2371,0,3.78,52337
ground-height-2m-20260828-133428,d024m_r090_run01.csv,2,24,90,dw00;dw01;dw02;dw03;dw04;dw05;dw06;dw07;dw08,dw00;dw01;dw02;dw03;dw04;dw05;dw06;dw07;dw08,dw08,105,1,2026-08-30T08:19:02.629+0200,dw05,4B92,206,2367,51,-602,2289,4.14,72296
ground-height-2m-20260828-133428,d024m_r090_run01.csv,2,24,90,dw00;dw01;dw02;dw03;dw04;dw05;dw06;dw07;dw08,dw00;dw01;dw02;dw03;dw04;dw05;dw06;dw07;dw08,dw08,75,1,2026-08-30T08:19:02.669+0200,dw03,021B,79,2364,-34,-1862,1457,1.87,12298
ground-height-2m-20260828-133428,d024m_r090_run01.csv,2,24,90,dw00;dw01;dw02;dw03;dw04;dw05;dw06;dw07;dw08,dw00;dw01;dw02;dw03;dw04;dw05;dw06;dw07;dw08,dw08,165,1,2026-08-30T08:19:02.679+0200,dw08,028E,16,2375,141,709,2267,2.38,22277
ground-height-2m-20260828-133428,d024m_r090_run01.csv,2,24,90,dw00;dw01;dw02;dw03;dw04;dw05;dw06;dw07;dw08,dw00;dw01;dw02;dw03;dw04;dw05;dw06;dw07;dw08,dw08,15,1,2026-08-30T08:19:02.688+0200,dw00,8103,200,2382,-163,1521,1832,2.83,32257
ground-height-2m-20260828-133428,d024m_r090_run01.csv,2,24,90,dw00;dw01;dw02;dw03;dw04;dw05;dw06;dw07;dw08,dw00;dw01;dw02;dw03;dw04;dw05;dw06;dw07;dw08,dw08,35,1,2026-08-30T08:19:02.698+0200,dw01,1729,118,2375,-133,1959,1342,2.95,42327
ground-height-2m-20260828-133428,d024m_r090_run01.csv,2,24,90,dw00;dw01;dw02;dw03;dw04;dw05;dw06;dw07;dw08,dw00;dw01;dw02;dw03;dw04;dw05;dw06;dw07;dw08,dw08,90,1,2026-08-30T08:19:02.747+0200,dw04,0F85,2,2365,-1,-1378,1921,-4.26,91247
ground-height-2m-20260828-133428,d024m_r090_run01.csv,2,24,90,dw00;dw01;dw02;dw03;dw04;dw05;dw06;dw07;dw08,dw00;dw01;dw02;dw03;dw04;dw05;dw06;dw07;dw08,dw08,55,1,2026-08-30T08:19:02.808+0200,dw02,8FB0,223,2371,-86,-2371,0,3.78,52398
ground-height-2m-20260828-133428,d024m_r090_run01.csv,2,24,90,dw00;dw01;dw02;dw03;dw04;dw05;dw06;dw07;dw08,dw00;dw01;dw02;dw03;dw04;dw05;dw06;dw07;dw08,dw08,105,1,2026-08-30T08:19:02.828+0200,dw05,4B92,207,2367,46,-677,2269,4.26,72296
ground-height-2m-20260828-133428,d024m_r090_run01.csv,2,24,90,dw00;dw01;dw02;dw03;dw04;dw05;dw06;dw07;dw08,dw00;dw01;dw02;dw03;dw04;dw05;dw06;dw07;dw08,dw08,125,1,2026-08-30T08:19:02.851+0200,dw06,0789,1,2375,92,-10,2375,3.15,95520
ground-height-2m-20260828-133428,d024m_r090_run01.csv,2,24,90,dw00;dw01;dw02;dw03;dw04;dw05;dw06;dw07;dw08,dw00;dw01;dw02;dw03;dw04;dw05;dw06;dw07;dw08,dw08,75,1,2026-08-30T08:19:02.868+0200,dw03,021B,80,2362,-45,-2012,1237,1.93,12298
ground-height-2m-20260828-133428,d024m_r090_run01.csv,2,24,90,dw00;dw01;dw02;dw03;dw04;dw05;dw06;dw07;dw08,dw00;dw01;dw02;dw03;dw04;dw05;dw06;dw07;dw08,dw08,165,1,2026-08-30T08:19:02.878+0200,dw08,028E,17,2367,-93,2366,0,2.38,22277
ground-height-2m-20260828-133428,d024m_r090_run01.csv,2,24,90,dw00;dw01;dw02;dw03;dw04;dw05;dw06;dw07;dw08,dw00;dw01;dw02;dw03;dw04;dw05;dw06;dw07;dw08,dw08,15,1,2026-08-30T08:19:02.888+0200,dw00,8103,201,2386,-148,1743,1629,2.89,32257
ground-height-2m-20260828-133428,d024m_r090_run01.csv,2,24,90,dw00;dw01;dw02;dw03;dw04;dw05;dw06;dw07;dw08,dw00;dw01;dw02;dw03;dw04;dw05;dw06;dw07;dw08,dw08,35,1,2026-08-30T08:19:02.898+0200,dw01,1729,119,2379,-125,2078,1159,3.06,42327
ground-height-2m-20260828-133428,d024m_r090_run01.csv,2,24,90,dw00;dw01;dw02;dw03;dw04;dw05;dw06;dw07;dw08,dw00;dw01;dw02;dw03;dw04;dw05;dw06;dw07;dw08,dw08,145,1,2026-08-30T08:19:02.964+0200,dw07,5783,181,2372,135,619,2289,3.57,2147483
ground-height-2m-20260828-133428,d024m_r090_run01.csv,2,24,90,dw00;dw01;dw02;dw03;dw04;dw05;dw06;dw07;dw08,dw00;dw01;dw02;dw03;dw04;dw05;dw06;dw07;dw08,dw08,55,1,2026-08-30T08:19:03.009+0200,dw02,8FB0,224,2374,-85,-2374,0,3.78,2147483
ground-height-2m-20260828-133428,d024m_r090_run01.csv,2,24,90,dw00;dw01;dw02;dw03;dw04;dw05;dw06;dw07;dw08,dw00;dw01;dw02;dw03;dw04;dw05;dw06;dw07;dw08,dw08,105,1,2026-08-30T08:19:03.028+0200,dw05,4B92,208,2368,43,-725,2255,4.14,2147483
ground-height-2m-20260828-133428,d024m_r090_run01.csv,2,24,90,dw00;dw01;dw02;dw03;dw04;dw05;dw06;dw07;dw08,dw00;dw01;dw02;dw03;dw04;dw05;dw06;dw07;dw08,dw08,125,1,2026-08-30T08:19:03.038+0200,dw06,0789,2,2376,95,38,2376,2.95,2147483
ground-height-2m-20260828-133428,d024m_r090_run01.csv,2,24,90,dw00;dw01;dw02;dw03;dw04;dw05;dw06;dw07;dw08,dw00;dw01;dw02;dw03;dw04;dw05;dw06;dw07;dw08,dw08,75,1,2026-08-30T08:19:03.068+0200,dw03,021B,81,2363,-41,-1950,1335,1.81,12298
ground-height-2m-20260828-133428,d024m_r090_run01.csv,2,24,90,dw00;dw01;dw02;dw03;dw04;dw05;dw06;dw07;dw08,dw00;dw01;dw02;dw03;dw04;dw05;dw06;dw07;dw08,dw08,165,1,2026-08-30T08:19:03.078+0200,dw08,028E,18,2369,-155,1634,1716,2.32,22277
ground-height-2m-20260828-133428,d024m_r090_run01.csv,2,24,90,dw00;dw01;dw02;dw03;dw04;dw05;dw06;dw07;dw08,dw00;dw01;dw02;dw03;dw04;dw05;dw06;dw07;dw08,dw08,15,1,2026-08-30T08:19:03.089+0200,dw00,8103,202,2382,-161,1549,1809,2.77,32257
ground-height-2m-20260828-133428,d024m_r090_run01.csv,2,24,90,dw00;dw01;dw02;dw03;dw04;dw05;dw06;dw07;dw08,dw00;dw01;dw02;dw03;dw04;dw05;dw06;dw07;dw08,dw08,35,1,2026-08-30T08:19:03.098+0200,dw01,1729,120,2373,-129,2004,1270,2.95,42297
ground-height-2m-20260828-133428,d024m_r090_run01.csv,2,24,90,dw00;dw01;dw02;dw03;dw04;dw05;dw06;dw07;dw08,dw00;dw01;dw02;dw03;dw04;dw05;dw06;dw07;dw08,dw08,55,1,2026-08-30T08:19:03.227+0200,dw02,8FB0,225,2371,-83,-2371,0,3.78,71197
ground-height-2m-20260828-133428,d024m_r090_run01.csv,2,24,90,dw00;dw01;dw02;dw03;dw04;dw05;dw06;dw07;dw08,dw00;dw01;dw02;dw03;dw04;dw05;dw06;dw07;dw08,dw08,105,1,2026-08-30T08:19:03.247+0200,dw05,4B92,209,2370,38,-801,2231,4.26,90759
ground-height-2m-20260828-133428,d024m_r090_run01.csv,2,24,90,dw00;dw01;dw02;dw03;dw04;dw05;dw06;dw07;dw08,dw00;dw01;dw02;dw03;dw04;dw05;dw06;dw07;dw08,dw08,125,1,2026-08-30T08:19:03.257+0200,dw06,0789,3,2378,97,72,2377,3.01,793
ground-height-2m-20260828-133428,d024m_r090_run01.csv,2,24,90,dw00;dw01;dw02;dw03;dw04;dw05;dw06;dw07;dw08,dw00;dw01;dw02;dw03;dw04;dw05;dw06;dw07;dw08,dw08,75,1,2026-08-30T08:19:03.268+0200,dw03,021B,82,2364,-35,-1871,1444,1.81,12329
ground-height-2m-20260828-133428,d024m_r090_run01.csv,2,24,90,dw00;dw01;dw02;dw03;dw04;dw05;dw06;dw07;dw08,dw00;dw01;dw02;dw03;dw04;dw05;dw06;dw07;dw08,dw08,165,1,2026-08-30T08:19:03.278+0200,dw08,028E,19,2371,-78,-2371,0,2.26,22308
ground-height-2m-20260828-133428,d024m_r090_run01.csv,2,24,90,dw00;dw01;dw02;dw03;dw04;dw05;dw06;dw07;dw08,dw00;dw01;dw02;dw03;dw04;dw05;dw06;dw07;dw08,dw08,15,1,2026-08-30T08:19:03.288+0200,dw00,8103,203,2382,-151,1694,1674,2.83,32257
ground-height-2m-20260828-133428,d024m_r090_run01.csv,2,24,90,dw00;dw01;dw02;dw03;dw04;dw05;dw06;dw07;dw08,dw00;dw01;dw02;dw03;dw04;dw05;dw06;dw07;dw08,dw08,35,1,2026-08-30T08:19:03.299+0200,dw01,1729,121,2374,-129,2012,1259,3.06,42327
ground-height-2m-20260828-133428,d024m_r090_run01.csv,2,24,90,dw00;dw01;dw02;dw03;dw04;dw05;dw06;dw07;dw08,dw00;dw01;dw02;dw03;dw04;dw05;dw06;dw07;dw08,dw08,90,1,2026-08-30T08:19:03.349+0200,dw04,0F85,5,2368,0,-1360,1938,1.43,93811
ground-height-2m-20260828-133428,d024m_r090_run01.csv,2,24,90,dw00;dw01;dw02;dw03;dw04;dw05;dw06;dw07;dw08,dw00;dw01;dw02;dw03;dw04;dw05;dw06;dw07;dw08,dw08,55,1,2026-08-30T08:19:03.408+0200,dw02,8FB0,226,2372,-89,2372,0,3.78,52429
ground-height-2m-20260828-133428,d024m_r090_run01.csv,2,24,90,dw00;dw01;dw02;dw03;dw04;dw05;dw06;dw07;dw08,dw00;dw01;dw02;dw03;dw04;dw05;dw06;dw07;dw08,dw08,105,1,2026-08-30T08:19:03.428+0200,dw05,4B92,210,2367,45,-693,2264,4.26,72357
ground-height-2m-20260828-133428,d024m_r090_run01.csv,2,24,90,dw00;dw01;dw02;dw03;dw04;dw05;dw06;dw07;dw08,dw00;dw01;dw02;dw03;dw04;dw05;dw06;dw07;dw08,dw08,145,1,2026-08-30T08:19:03.464+0200,dw07,5783,183,2370,121,411,2334,3.63,2147483
ground-height-2m-20260828-133428,d024m_r090_run01.csv,2,24,90,dw00;dw01;dw02;dw03;dw04;dw05;dw06;dw07;dw08,dw00;dw01;dw02;dw03;dw04;dw05;dw06;dw07;dw08,dw08,15,1,2026-08-30T08:19:03.488+0200,dw00,8103,204,2382,-165,1484,1863,2.77,2147483
ground-height-2m-20260828-133428,d024m_r090_run01.csv,2,24,90,dw00;dw01;dw02;dw03;dw04;dw05;dw06;dw07;dw08,dw00;dw01;dw02;dw03;dw04;dw05;dw06;dw07;dw08,dw08,35,1,2026-08-30T08:19:03.498+0200,dw01,1729,122,2376,-123,2105,1102,2.95,2147483
ground-height-2m-20260828-133428,d024m_r090_run01.csv,2,24,90,dw00;dw01;dw02;dw03;dw04;dw05;dw06;dw07;dw08,dw00;dw01;dw02;dw03;dw04;dw05;dw06;dw07;dw08,dw08,125,1,2026-08-30T08:19:03.538+0200,dw06,0789,4,2375,86,-100,2373,2.89,2147483
ground-height-2m-20260828-133428,d024m_r090_run01.csv,2,24,90,dw00;dw01;dw02;dw03;dw04;dw05;dw06;dw07;dw08,dw00;dw01;dw02;dw03;dw04;dw05;dw06;dw07;dw08,dw08,55,1,2026-08-30T08:19:03.608+0200,dw02,8FB0,227,2370,-90,2370,0,3.78,52368
ground-height-2m-20260828-133428,d024m_r090_run01.csv,2,24,90,dw00;dw01;dw02;dw03;dw04;dw05;dw06;dw07;dw08,dw00;dw01;dw02;dw03;dw04;dw05;dw06;dw07;dw08,dw08,90,1,2026-08-30T08:19:03.618+0200,dw04,0F85,6,2368,16,-1113,2090,2.71,62316
ground-height-2m-20260828-133428,d024m_r090_run01.csv,2,24,90,dw00;dw01;dw02;dw03;dw04;dw05;dw06;dw07;dw08,dw00;dw01;dw02;dw03;dw04;dw05;dw06;dw07;dw08,dw08,105,1,2026-08-30T08:19:03.628+0200,dw05,4B92,211,2368,42,-731,2252,4.20,72265
ground-height-2m-20260828-133428,d024m_r090_run01.csv,2,24,90,dw00;dw01;dw02;dw03;dw04;dw05;dw06;dw07;dw08,dw00;dw01;dw02;dw03;dw04;dw05;dw06;dw07;dw08,dw08,75,1,2026-08-30T08:19:03.683+0200,dw03,021B,84,2363,-35,-1875,1437,2.02,27923
ground-height-2m-20260828-133428,d024m_r090_run01.csv,2,24,90,dw00;dw01;dw02;dw03;dw04;dw05;dw06;dw07;dw08,dw00;dw01;dw02;dw03;dw04;dw05;dw06;dw07;dw08,dw08,15,1,2026-08-30T08:19:03.707+0200,dw00,8103,205,2382,-163,1512,1840,2.77,50750
ground-height-2m-20260828-133428,d024m_r090_run01.csv,2,24,90,dw00;dw01;dw02;dw03;dw04;dw05;dw06;dw07;dw08,dw00;dw01;dw02;dw03;dw04;dw05;dw06;dw07;dw08,dw08,35,1,2026-08-30T08:19:03.716+0200,dw01,1729,123,2374,-122,2114,1079,3.06,61096
ground-height-2m-20260828-133428,d024m_r090_run01.csv,2,24,90,dw00;dw01;dw02;dw03;dw04;dw05;dw06;dw07;dw08,dw00;dw01;dw02;dw03;dw04;dw05;dw06;dw07;dw08,dw08,145,1,2026-08-30T08:19:03.748+0200,dw07,5783,184,2375,131,563,2308,3.33,2147483
ground-height-2m-20260828-133428,d024m_r090_run01.csv,2,24,90,dw00;dw01;dw02;dw03;dw04;dw05;dw06;dw07;dw08,dw00;dw01;dw02;dw03;dw04;dw05;dw06;dw07;dw08,dw08,125,1,2026-08-30T08:19:03.757+0200,dw06,0789,5,2377,89,-56,2376,3.01,854
ground-height-2m-20260828-133428,d024m_r090_run01.csv,2,24,90,dw00;dw01;dw02;dw03;dw04;dw05;dw06;dw07;dw08,dw00;dw01;dw02;dw03;dw04;dw05;dw06;dw07;dw08,dw08,55,1,2026-08-30T08:19:03.808+0200,dw02,8FB0,228,2371,-86,-2371,0,3.69,52337
ground-height-2m-20260828-133428,d024m_r090_run01.csv,2,24,90,dw00;dw01;dw02;dw03;dw04;dw05;dw06;dw07;dw08,dw00;dw01;dw02;dw03;dw04;dw05;dw06;dw07;dw08,dw08,105,1,2026-08-30T08:19:03.828+0200,dw05,4B92,212,2367,41,-748,2245,4.20,72326
ground-height-2m-20260828-133428,d024m_r090_run01.csv,2,24,90,dw00;dw01;dw02;dw03;dw04;dw05;dw06;dw07;dw08,dw00;dw01;dw02;dw03;dw04;dw05;dw06;dw07;dw08,dw08,75,1,2026-08-30T08:19:03.868+0200,dw03,021B,85,2366,-39,-1935,1360,1.87,12359
ground-height-2m-20260828-133428,d024m_r090_run01.csv,2,24,90,dw00;dw01;dw02;dw03;dw04;dw05;dw06;dw07;dw08,dw00;dw01;dw02;dw03;dw04;dw05;dw06;dw07;dw08,dw08,15,1,2026-08-30T08:19:03.888+0200,dw00,8103,206,2383,-164,1509,1845,2.89,32348
ground-height-2m-20260828-133428,d024m_r090_run01.csv,2,24,90,dw00;dw01;dw02;dw03;dw04;dw05;dw06;dw07;dw08,dw00;dw01;dw02;dw03;dw04;dw05;dw06;dw07;dw08,dw08,35,1,2026-08-30T08:19:03.898+0200,dw01,1729,124,2376,-118,2172,963,2.89,42358
ground-height-2m-20260828-133428,d024m_r090_run01.csv,2,24,90,dw00;dw01;dw02;dw03;dw04;dw05;dw06;dw07;dw08,dw00;dw01;dw02;dw03;dw04;dw05;dw06;dw07;dw08,dw08,165,1,2026-08-30T08:19:03.912+0200,dw08,028E,22,2366,37,-806,2224,2.38,56518
ground-height-2m-20260828-133428,d024m_r090_run01.csv,2,24,90,dw00;dw01;dw02;dw03;dw04;dw05;dw06;dw07;dw08,dw00;dw01;dw02;dw03;dw04;dw05;dw06;dw07;dw08,dw08,145,1,2026-08-30T08:19:03.948+0200,dw07,5783,185,2366,137,655,2273,3.33,2147483
ground-height-2m-20260828-133428,d024m_r090_run01.csv,2,24,90,dw00;dw01;dw02;dw03;dw04;dw05;dw06;dw07;dw08,dw00;dw01;dw02;dw03;dw04;dw05;dw06;dw07;dw08,dw08,55,1,2026-08-30T08:19:04.007+0200,dw02,8FB0,229,2369,-98,2369,0,3.72,52368
ground-height-2m-20260828-133428,d024m_r090_run01.csv,2,24,90,dw00;dw01;dw02;dw03;dw04;dw05;dw06;dw07;dw08,dw00;dw01;dw02;dw03;dw04;dw05;dw06;dw07;dw08,dw08,90,1,2026-08-30T08:19:04.018+0200,dw04,0F85,8,2365,-4,-1419,1892,2.59,62255
ground-height-2m-20260828-133428,d024m_r090_run01.csv,2,24,90,dw00;dw01;dw02;dw03;dw04;dw05;dw06;dw07;dw08,dw00;dw01;dw02;dw03;dw04;dw05;dw06;dw07;dw08,dw08,105,1,2026-08-30T08:19:04.028+0200,dw05,4B92,213,2367,69,-347,2341,4.26,72296
ground-height-2m-20260828-133428,d024m_r090_run01.csv,2,24,90,dw00;dw01;dw02;dw03;dw04;dw05;dw06;dw07;dw08,dw00;dw01;dw02;dw03;dw04;dw05;dw06;dw07;dw08,dw08,125,1,2026-08-30T08:19:04.038+0200,dw06,0789,6,2373,98,76,2371,3.06,82336
ground-height-2m-20260828-133428,d024m_r090_run01.csv,2,24,90,dw00;dw01;dw02;dw03;dw04;dw05;dw06;dw07;dw08,dw00;dw01;dw02;dw03;dw04;dw05;dw06;dw07;dw08,dw08,75,1,2026-08-30T08:19:04.068+0200,dw03,021B,86,2360,-39,-1927,1362,1.87,12298
ground-height-2m-20260828-133428,d024m_r090_run01.csv,2,24,90,dw00;dw01;dw02;dw03;dw04;dw05;dw06;dw07;dw08,dw00;dw01;dw02;dw03;dw04;dw05;dw06;dw07;dw08,dw08,15,1,2026-08-30T08:19:04.088+0200,dw00,8103,207,2380,-156,1614,1749,2.77,32257
ground-height-2m-20260828-133428,d024m_r090_run01.csv,2,24,90,dw00;dw01;dw02;dw03;dw04;dw05;dw06;dw07;dw08,dw00;dw01;dw02;dw03;dw04;dw05;dw06;dw07;dw08,dw08,35,1,2026-08-30T08:19:04.098+0200,dw01,1729,125,2378,-130,2003,1282,2.89,42297
ground-height-2m-20260828-133428,d024m_r090_run01.csv,2,24,90,dw00;dw01;dw02;dw03;dw04;dw05;dw06;dw07;dw08,dw00;dw01;dw02;dw03;dw04;dw05;dw06;dw07;dw08,dw08,145,1,2026-08-30T08:19:04.148+0200,dw07,5783,186,2370,122,426,2332,3.33,2147483
ground-height-2m-20260828-133428,d024m_r090_run01.csv,2,24,90,dw00;dw01;dw02;dw03;dw04;dw05;dw06;dw07;dw08,dw00;dw01;dw02;dw03;dw04;dw05;dw06;dw07;dw08,dw08,55,1,2026-08-30T08:19:04.208+0200,dw02,8FB0,230,2369,-84,-2369,0,3.72,52337
ground-height-2m-20260828-133428,d024m_r090_run01.csv,2,24,90,dw00;dw01;dw02;dw03;dw04;dw05;dw06;dw07;dw08,dw00;dw01;dw02;dw03;dw04;dw05;dw06;dw07;dw08,dw08,90,1,2026-08-30T08:19:04.217+0200,dw04,0F85,9,2367,14,-1144,2072,2.65,62255
ground-height-2m-20260828-133428,d024m_r090_run01.csv,2,24,90,dw00;dw01;dw02;dw03;dw04;dw05;dw06;dw07;dw08,dw00;dw01;dw02;dw03;dw04;dw05;dw06;dw07;dw08,dw08,105,1,2026-08-30T08:19:04.228+0200,dw05,4B92,214,2365,43,-714,2255,4.26,72296
ground-height-2m-20260828-133428,d024m_r090_run01.csv,2,24,90,dw00;dw01;dw02;dw03;dw04;dw05;dw06;dw07;dw08,dw00;dw01;dw02;dw03;dw04;dw05;dw06;dw07;dw08,dw08,125,1,2026-08-30T08:19:04.238+0200,dw06,0789,7,2374,100,105,2371,3.06,82244
ground-height-2m-20260828-133428,d024m_r090_run01.csv,2,24,90,dw00;dw01;dw02;dw03;dw04;dw05;dw06;dw07;dw08,dw00;dw01;dw02;dw03;dw04;dw05;dw06;dw07;dw08,dw08,75,1,2026-08-30T08:19:04.268+0200,dw03,021B,87,2359,-42,-1972,1294,1.87,12298
ground-height-2m-20260828-133428,d024m_r090_run01.csv,2,24,90,dw00;dw01;dw02;dw03;dw04;dw05;dw06;dw07;dw08,dw00;dw01;dw02;dw03;dw04;dw05;dw06;dw07;dw08,dw08,15,1,2026-08-30T08:19:04.288+0200,dw00,8103,208,2382,-156,1618,1748,2.83,32257
ground-height-2m-20260828-133428,d024m_r090_run01.csv,2,24,90,dw00;dw01;dw02;dw03;dw04;dw05;dw06;dw07;dw08,dw00;dw01;dw02;dw03;dw04;dw05;dw06;dw07;dw08,dw08,35,1,2026-08-30T08:19:04.297+0200,dw01,1729,126,2376,-117,2183,938,2.77,42327
ground-height-2m-20260828-133428,d024m_r090_run01.csv,2,24,90,dw00;dw01;dw02;dw03;dw04;dw05;dw06;dw07;dw08,dw00;dw01;dw02;dw03;dw04;dw05;dw06;dw07;dw08,dw08,145,1,2026-08-30T08:19:04.347+0200,dw07,5783,187,2373,131,569,2304,3.33,2147483
ground-height-2m-20260828-133428,d024m_r090_run01.csv,2,24,90,dw00;dw01;dw02;dw03;dw04;dw05;dw06;dw07;dw08,dw00;dw01;dw02;dw03;dw04;dw05;dw06;dw07;dw08,dw08,165,1,2026-08-30T08:19:04.393+0200,dw08,028E,24,2367,-84,-2368,0,2.38,37963
ground-height-2m-20260828-133428,d024m_r090_run01.csv,2,24,90,dw00;dw01;dw02;dw03;dw04;dw05;dw06;dw07;dw08,dw00;dw01;dw02;dw03;dw04;dw05;dw06;dw07;dw08,dw08,55,1,2026-08-30T08:19:04.408+0200,dw02,8FB0,231,2370,-87,2370,0,3.72,52368
ground-height-2m-20260828-133428,d024m_r090_run01.csv,2,24,90,dw00;dw01;dw02;dw03;dw04;dw05;dw06;dw07;dw08,dw00;dw01;dw02;dw03;dw04;dw05;dw06;dw07;dw08,dw08,105,1,2026-08-30T08:19:04.427+0200,dw05,4B92,215,2368,49,-633,2282,4.26,72296
ground-height-2m-20260828-133428,d024m_r090_run01.csv,2,24,90,dw00;dw01;dw02;dw03;dw04;dw05;dw06;dw07;dw08,dw00;dw01;dw02;dw03;dw04;dw05;dw06;dw07;dw08,dw08,125,1,2026-08-30T08:19:04.438+0200,dw06,0789,8,2375,85,-109,2372,3.06,82305
ground-height-2m-20260828-133428,d024m_r090_run01.csv,2,24,90,dw00;dw01;dw02;dw03;dw04;dw05;dw06;dw07;dw08,dw00;dw01;dw02;dw03;dw04;dw05;dw06;dw07;dw08,dw08,75,1,2026-08-30T08:19:04.467+0200,dw03,021B,88,2361,-41,-1960,1316,1.87,12298
ground-height-2m-20260828-133428,d024m_r090_run01.csv,2,24,90,dw00;dw01;dw02;dw03;dw04;dw05;dw06;dw07;dw08,dw00;dw01;dw02;dw03;dw04;dw05;dw06;dw07;dw08,dw08,15,1,2026-08-30T08:19:04.488+0200,dw00,8103,209,2384,-149,1730,1640,2.83,32318
ground-height-2m-20260828-133428,d024m_r090_run01.csv,2,24,90,dw00;dw01;dw02;dw03;dw04;dw05;dw06;dw07;dw08,dw00;dw01;dw02;dw03;dw04;dw05;dw06;dw07;dw08,dw08,35,1,2026-08-30T08:19:04.498+0200,dw01,1729,127,2374,-133,1951,1353,3.06,42327
ground-height-2m-20260828-133428,d024m_r090_run01.csv,2,24,90,dw00;dw01;dw02;dw03;dw04;dw05;dw06;dw07;dw08,dw00;dw01;dw02;dw03;dw04;dw05;dw06;dw07;dw08,dw08,145,1,2026-08-30T08:19:04.547+0200,dw07,5783,188,2371,133,591,2296,3.33,2147483
ground-height-2m-20260828-133428,d024m_r090_run01.csv,2,24,90,dw00;dw01;dw02;dw03;dw04;dw05;dw06;dw07;dw08,dw00;dw01;dw02;dw03;dw04;dw05;dw06;dw07;dw08,dw08,165,1,2026-08-30T08:19:04.578+0200,dw08,028E,25,2369,-68,-2357,242,2.38,22308
ground-height-2m-20260828-133428,d024m_r090_run01.csv,2,24,90,dw00;dw01;dw02;dw03;dw04;dw05;dw06;dw07;dw08,dw00;dw01;dw02;dw03;dw04;dw05;dw06;dw07;dw08,dw08,55,1,2026-08-30T08:19:04.608+0200,dw02,8FB0,232,2373,-85,-2373,0,3.72,52368
ground-height-2m-20260828-133428,d024m_r090_run01.csv,2,24,90,dw00;dw01;dw02;dw03;dw04;dw05;dw06;dw07;dw08,dw00;dw01;dw02;dw03;dw04;dw05;dw06;dw07;dw08,dw08,105,1,2026-08-30T08:19:04.628+0200,dw05,4B92,216,2367,52,-595,2290,4.08,72296
ground-height-2m-20260828-133428,d024m_r090_run01.csv,2,24,90,dw00;dw01;dw02;dw03;dw04;dw05;dw06;dw07;dw08,dw00;dw01;dw02;dw03;dw04;dw05;dw06;dw07;dw08,dw08,75,1,2026-08-30T08:19:04.668+0200,dw03,021B,89,2361,-44,-1996,1262,1.87,12298
ground-height-2m-20260828-133428,d024m_r090_run01.csv,2,24,90,dw00;dw01;dw02;dw03;dw04;dw05;dw06;dw07;dw08,dw00;dw01;dw02;dw03;dw04;dw05;dw06;dw07;dw08,dw08,15,1,2026-08-30T08:19:04.688+0200,dw00,8103,210,2382,-155,1643,1725,2.77,32257
ground-height-2m-20260828-133428,d024m_r090_run01.csv,2,24,90,dw00;dw01;dw02;dw03;dw04;dw05;dw06;dw07;dw08,dw00;dw01;dw02;dw03;dw04;dw05;dw06;dw07;dw08,dw08,35,1,2026-08-30T08:19:04.698+0200,dw01,1729,128,2377,-116,2204,888,3.06,42297
ground-height-2m-20260828-133428,d024m_r090_run01.csv,2,24,90,dw00;dw01;dw02;dw03;dw04;dw05;dw06;dw07;dw08,dw00;dw01;dw02;dw03;dw04;dw05;dw06;dw07;dw08,dw08,145,1,2026-08-30T08:19:04.748+0200,dw07,5783,189,2370,130,554,2304,3.39,2147483
ground-height-2m-20260828-133428,d024m_r090_run01.csv,2,24,90,dw00;dw01;dw02;dw03;dw04;dw05;dw06;dw07;dw08,dw00;dw01;dw02;dw03;dw04;dw05;dw06;dw07;dw08,dw08,55,1,2026-08-30T08:19:04.807+0200,dw02,8FB0,233,2372,-84,-2372,0,3.69,52337
ground-height-2m-20260828-133428,d024m_r090_run01.csv,2,24,90,dw00;dw01;dw02;dw03;dw04;dw05;dw06;dw07;dw08,dw00;dw01;dw02;dw03;dw04;dw05;dw06;dw07;dw08,dw08,105,1,2026-08-30T08:19:04.828+0200,dw05,4B92,217,2370,32,-877,2202,4.29,72296
ground-height-2m-20260828-133428,d024m_r090_run01.csv,2,24,90,dw00;dw01;dw02;dw03;dw04;dw05;dw06;dw07;dw08,dw00;dw01;dw02;dw03;dw04;dw05;dw06;dw07;dw08,dw08,75,1,2026-08-30T08:19:04.868+0200,dw03,021B,90,2359,-35,-1873,1434,1.99,12329
ground-height-2m-20260828-133428,d024m_r090_run01.csv,2,24,90,dw00;dw01;dw02;dw03;dw04;dw05;dw06;dw07;dw08,dw00;dw01;dw02;dw03;dw04;dw05;dw06;dw07;dw08,dw08,15,1,2026-08-30T08:19:04.887+0200,dw00,8103,211,2384,-155,1636,1734,2.83,32257
ground-height-2m-20260828-133428,d024m_r090_run01.csv,2,24,90,dw00;dw01;dw02;dw03;dw04;dw05;dw06;dw07;dw08,dw00;dw01;dw02;dw03;dw04;dw05;dw06;dw07;dw08,dw08,35,1,2026-08-30T08:19:04.898+0200,dw01,1729,129,2374,-118,2173,956,2.77,42297
ground-height-2m-20260828-133428,d024m_r090_run01.csv,2,24,90,dw00;dw01;dw02;dw03;dw04;dw05;dw06;dw07;dw08,dw00;dw01;dw02;dw03;dw04;dw05;dw06;dw07;dw08,dw08,145,1,2026-08-30T08:19:04.948+0200,dw07,5783,190,2369,133,592,2294,3.27,2147483
ground-height-2m-20260828-133428,d024m_r090_run01.csv,2,24,90,dw00;dw01;dw02;dw03;dw04;dw05;dw06;dw07;dw08,dw00;dw01;dw02;dw03;dw04;dw05;dw06;dw07;dw08,dw08,165,1,2026-08-30T08:19:04.994+0200,dw08,028E,27,2370,-32,-1832,1504,2.59,38024
ground-height-2m-20260828-133428,d024m_r090_run01.csv,2,24,90,dw00;dw01;dw02;dw03;dw04;dw05;dw06;dw07;dw08,dw00;dw01;dw02;dw03;dw04;dw05;dw06;dw07;dw08,dw08,55,1,2026-08-30T08:19:05.007+0200,dw02,8FB0,234,2372,-89,2372,0,3.75,52398
ground-height-2m-20260828-133428,d024m_r090_run01.csv,2,24,90,dw00;dw01;dw02;dw03;dw04;dw05;dw06;dw07;dw08,dw00;dw01;dw02;dw03;dw04;dw05;dw06;dw07;dw08,dw08,90,1,2026-08-30T08:19:05.017+0200,dw04,0F85,13,2366,-10,-1511,1820,2.77,62316
ground-height-2m-20260828-133428,d024m_r090_run01.csv,2,24,90,dw00;dw01;dw02;dw03;dw04;dw05;dw06;dw07;dw08,dw00;dw01;dw02;dw03;dw04;dw05;dw06;dw07;dw08,dw08,105,1,2026-08-30T08:19:05.028+0200,dw05,4B92,218,2370,52,-587,2296,4.26,72296
ground-height-2m-20260828-133428,d024m_r090_run01.csv,2,24,90,dw00;dw01;dw02;dw03;dw04;dw05;dw06;dw07;dw08,dw00;dw01;dw02;dw03;dw04;dw05;dw06;dw07;dw08,dw08,75,1,2026-08-30T08:19:05.068+0200,dw03,021B,91,2362,-30,-1792,1538,1.87,12298
ground-height-2m-20260828-133428,d024m_r090_run01.csv,2,24,90,dw00;dw01;dw02;dw03;dw04;dw05;dw06;dw07;dw08,dw00;dw01;dw02;dw03;dw04;dw05;dw06;dw07;dw08,dw08,15,1,2026-08-30T08:19:05.087+0200,dw00,8103,212,2380,-158,1583,1776,2.77,32257
ground-height-2m-20260828-133428,d024m_r090_run01.csv,2,24,90,dw00;dw01;dw02;dw03;dw04;dw05;dw06;dw07;dw08,dw00;dw01;dw02;dw03;dw04;dw05;dw06;dw07;dw08,dw08,35,1,2026-08-30T08:19:05.097+0200,dw01,1729,130,2379,-131,1981,1317,3.06,42327
ground-height-2m-20260828-133428,d024m_r090_run01.csv,2,24,90,dw00;dw01;dw02;dw03;dw04;dw05;dw06;dw07;dw08,dw00;dw01;dw02;dw03;dw04;dw05;dw06;dw07;dw08,dw08,145,1,2026-08-30T08:19:05.147+0200,dw07,5783,191,2367,129,536,2305,3.39,2147483
ground-height-2m-20260828-133428,d024m_r090_run01.csv,2,24,90,dw00;dw01;dw02;dw03;dw04;dw05;dw06;dw07;dw08,dw00;dw01;dw02;dw03;dw04;dw05;dw06;dw07;dw08,dw08,165,1,2026-08-30T08:19:05.177+0200,dw08,028E,28,2368,-84,-2368,0,2.38,22308
ground-height-2m-20260828-133428,d024m_r090_run01.csv,2,24,90,dw00;dw01;dw02;dw03;dw04;dw05;dw06;dw07;dw08,dw00;dw01;dw02;dw03;dw04;dw05;dw06;dw07;dw08,dw08,55,1,2026-08-30T08:19:05.208+0200,dw02,8FB0,235,2372,-85,-2372,0,3.78,52368
ground-height-2m-20260828-133428,d024m_r090_run01.csv,2,24,90,dw00;dw01;dw02;dw03;dw04;dw05;dw06;dw07;dw08,dw00;dw01;dw02;dw03;dw04;dw05;dw06;dw07;dw08,dw08,105,1,2026-08-30T08:19:05.227+0200,dw05,4B92,219,2371,63,-436,2331,4.14,72296
ground-height-2m-20260828-133428,d024m_r090_run01.csv,2,24,90,dw00;dw01;dw02;dw03;dw04;dw05;dw06;dw07;dw08,dw00;dw01;dw02;dw03;dw04;dw05;dw06;dw07;dw08,dw08,75,1,2026-08-30T08:19:05.267+0200,dw03,021B,92,2360,-48,-2061,1151,1.87,12298
ground-height-2m-20260828-133428,d024m_r090_run01.csv,2,24,90,dw00;dw01;dw02;dw03;dw04;dw05;dw06;dw07;dw08,dw00;dw01;dw02;dw03;dw04;dw05;dw06;dw07;dw08,dw08,15,1,2026-08-30T08:19:05.288+0200,dw00,8103,213,2381,-160,1558,1801,2.95,32257
ground-height-2m-20260828-133428,d024m_r090_run01.csv,2,24,90,dw00;dw01;dw02;dw03;dw04;dw05;dw06;dw07;dw08,dw00;dw01;dw02;dw03;dw04;dw05;dw06;dw07;dw08,dw08,35,1,2026-08-30T08:19:05.297+0200,dw01,1729,131,2373,-134,1940,1366,2.95,42297
ground-height-2m-20260828-133428,d024m_r090_run01.csv,2,24,90,dw00;dw01;dw02;dw03;dw04;dw05;dw06;dw07;dw08,dw00;dw01;dw02;dw03;dw04;dw05;dw06;dw07;dw08,dw08,145,1,2026-08-30T08:19:05.347+0200,dw07,5783,192,2373,138,661,2278,3.33,2147483
ground-height-2m-20260828-133428,d024m_r090_run01.csv,2,24,90,dw00;dw01;dw02;dw03;dw04;dw05;dw06;dw07;dw08,dw00;dw01;dw02;dw03;dw04;dw05;dw06;dw07;dw08,dw08,165,1,2026-08-30T08:19:05.377+0200,dw08,028E,29,2370,-39,-1933,1371,2.38,22277
ground-height-2m-20260828-133428,d024m_r090_run01.csv,2,24,90,dw00;dw01;dw02;dw03;dw04;dw05;dw06;dw07;dw08,dw00;dw01;dw02;dw03;dw04;dw05;dw06;dw07;dw08,dw08,55,1,2026-08-30T08:19:05.408+0200,dw02,8FB0,236,2373,-80,-2373,0,3.78,52337
ground-height-2m-20260828-133428,d024m_r090_run01.csv,2,24,90,dw00;dw01;dw02;dw03;dw04;dw05;dw06;dw07;dw08,dw00;dw01;dw02;dw03;dw04;dw05;dw06;dw07;dw08,dw08,105,1,2026-08-30T08:19:05.427+0200,dw05,4B92,220,2371,52,-596,2295,4.26,72296
ground-height-2m-20260828-133428,d024m_r090_run01.csv,2,24,90,dw00;dw01;dw02;dw03;dw04;dw05;dw06;dw07;dw08,dw00;dw01;dw02;dw03;dw04;dw05;dw06;dw07;dw08,dw08,75,1,2026-08-30T08:19:05.467+0200,dw03,021B,93,2362,-37,-1896,1409,1.87,12298
ground-height-2m-20260828-133428,d024m_r090_run01.csv,2,24,90,dw00;dw01;dw02;dw03;dw04;dw05;dw06;dw07;dw08,dw00;dw01;dw02;dw03;dw04;dw05;dw06;dw07;dw08,dw08,15,1,2026-08-30T08:19:05.488+0200,dw00,8103,214,2382,-158,1597,1767,2.83,32257
ground-height-2m-20260828-133428,d024m_r090_run01.csv,2,24,90,dw00;dw01;dw02;dw03;dw04;dw05;dw06;dw07;dw08,dw00;dw01;dw02;dw03;dw04;dw05;dw06;dw07;dw08,dw08,35,1,2026-08-30T08:19:05.498+0200,dw01,1729,132,2373,-126,2060,1179,3.01,42297
ground-height-2m-20260828-133428,d024m_r090_run01.csv,2,24,90,dw00;dw01;dw02;dw03;dw04;dw05;dw06;dw07;dw08,dw00;dw01;dw02;dw03;dw04;dw05;dw06;dw07;dw08,dw08,145,1,2026-08-30T08:19:05.547+0200,dw07,5783,193,2370,122,427,2331,3.45,2147483
ground-height-2m-20260828-133428,d024m_r090_run01.csv,2,24,90,dw00;dw01;dw02;dw03;dw04;dw05;dw06;dw07;dw08,dw00;dw01;dw02;dw03;dw04;dw05;dw06;dw07;dw08,dw08,165,1,2026-08-30T08:19:05.578+0200,dw08,028E,30,2367,-116,2201,871,2.38,22308
ground-height-2m-20260828-133428,d024m_r090_run01.csv,2,24,90,dw00;dw01;dw02;dw03;dw04;dw05;dw06;dw07;dw08,dw00;dw01;dw02;dw03;dw04;dw05;dw06;dw07;dw08,dw08,55,1,2026-08-30T08:19:05.607+0200,dw02,8FB0,237,2371,-104,2367,143,3.69,52337
ground-height-2m-20260828-133428,d024m_r090_run01.csv,2,24,90,dw00;dw01;dw02;dw03;dw04;dw05;dw06;dw07;dw08,dw00;dw01;dw02;dw03;dw04;dw05;dw06;dw07;dw08,dw08,105,1,2026-08-30T08:19:05.627+0200,dw05,4B92,221,2366,46,-680,2266,4.20,72326
ground-height-2m-20260828-133428,d024m_r090_run01.csv,2,24,90,dw00;dw01;dw02;dw03;dw04;dw05;dw06;dw07;dw08,dw00;dw01;dw02;dw03;dw04;dw05;dw06;dw07;dw08,dw08,90,1,2026-08-30T08:19:05.649+0200,dw04,0F85,16,2364,82,-155,2359,2.95,93658
ground-height-2m-20260828-133428,d024m_r090_run01.csv,2,24,90,dw00;dw01;dw02;dw03;dw04;dw05;dw06;dw07;dw08,dw00;dw01;dw02;dw03;dw04;dw05;dw06;dw07;dw08,dw08,75,1,2026-08-30T08:19:05.667+0200,dw03,021B,94,2365,-47,-2048,1181,1.69,12298
ground-height-2m-20260828-133428,d024m_r090_run01.csv,2,24,90,dw00;dw01;dw02;dw03;dw04;dw05;dw06;dw07;dw08,dw00;dw01;dw02;dw03;dw04;dw05;dw06;dw07;dw08,dw08,15,1,2026-08-30T08:19:05.687+0200,dw00,8103,215,2380,-156,1626,1738,2.83,32287
ground-height-2m-20260828-133428,d024m_r090_run01.csv,2,24,90,dw00;dw01;dw02;dw03;dw04;dw05;dw06;dw07;dw08,dw00;dw01;dw02;dw03;dw04;dw05;dw06;dw07;dw08,dw08,35,1,2026-08-30T08:19:05.698+0200,dw01,1729,133,2378,-126,2053,1199,3.01,42327
ground-height-2m-20260828-133428,d024m_r090_run01.csv,2,24,90,dw00;dw01;dw02;dw03;dw04;dw05;dw06;dw07;dw08,dw00;dw01;dw02;dw03;dw04;dw05;dw06;dw07;dw08,dw08,145,1,2026-08-30T08:19:05.747+0200,dw07,5783,194,2369,142,723,2256,3.33,2147483
ground-height-2m-20260828-133428,d024m_r090_run01.csv,2,24,90,dw00;dw01;dw02;dw03;dw04;dw05;dw06;dw07;dw08,dw00;dw01;dw02;dw03;dw04;dw05;dw06;dw07;dw08,dw08,165,1,2026-08-30T08:19:05.777+0200,dw08,028E,31,2369,-96,2369,0,2.32,22277
ground-height-2m-20260828-133428,d024m_r090_run01.csv,2,24,90,dw00;dw01;dw02;dw03;dw04;dw05;dw06;dw07;dw08,dw00;dw01;dw02;dw03;dw04;dw05;dw06;dw07;dw08,dw08,55,1,2026-08-30T08:19:05.807+0200,dw02,8FB0,238,2374,-96,2374,0,3.72,52337
ground-height-2m-20260828-133428,d024m_r090_run01.csv,2,24,90,dw00;dw01;dw02;dw03;dw04;dw05;dw06;dw07;dw08,dw00;dw01;dw02;dw03;dw04;dw05;dw06;dw07;dw08,dw08,90,1,2026-08-30T08:19:05.817+0200,dw04,0F85,17,2367,1,-1333,1956,2.65,62286
ground-height-2m-20260828-133428,d024m_r090_run01.csv,2,24,90,dw00;dw01;dw02;dw03;dw04;dw05;dw06;dw07;dw08,dw00;dw01;dw02;dw03;dw04;dw05;dw06;dw07;dw08,dw08,105,1,2026-08-30T08:19:05.828+0200,dw05,4B92,222,2368,48,-644,2278,4.26,72265
ground-height-2m-20260828-133428,d024m_r090_run01.csv,2,24,90,dw00;dw01;dw02;dw03;dw04;dw05;dw06;dw07;dw08,dw00;dw01;dw02;dw03;dw04;dw05;dw06;dw07;dw08,dw08,75,1,2026-08-30T08:19:05.868+0200,dw03,021B,95,2359,-44,-1995,1258,1.81,12298
ground-height-2m-20260828-133428,d024m_r090_run01.csv,2,24,90,dw00;dw01;dw02;dw03;dw04;dw05;dw06;dw07;dw08,dw00;dw01;dw02;dw03;dw04;dw05;dw06;dw07;dw08,dw08,15,1,2026-08-30T08:19:05.887+0200,dw00,8103,216,2382,-144,1792,1569,2.89,32287
ground-height-2m-20260828-133428,d024m_r090_run01.csv,2,24,90,dw00;dw01;dw02;dw03;dw04;dw05;dw06;dw07;dw08,dw00;dw01;dw02;dw03;dw04;dw05;dw06;dw07;dw08,dw08,35,1,2026-08-30T08:19:05.897+0200,dw01,1729,134,2372,-140,1846,1489,2.95,42327
ground-height-2m-20260828-133428,d024m_r090_run01.csv,2,24,90,dw00;dw01;dw02;dw03;dw04;dw05;dw06;dw07;dw08,dw00;dw01;dw02;dw03;dw04;dw05;dw06;dw07;dw08,dw08,145,1,2026-08-30T08:19:05.947+0200,dw07,5783,195,2372,147,799,2233,3.33,2147483
ground-height-2m-20260828-133428,d024m_r090_run01.csv,2,24,90,dw00;dw01;dw02;dw03;dw04;dw05;dw06;dw07;dw08,dw00;dw01;dw02;dw03;dw04;dw05;dw06;dw07;dw08,dw08,55,1,2026-08-30T08:19:06.007+0200,dw02,8FB0,239,2372,-96,2372,0,3.78,52368
ground-height-2m-20260828-133428,d024m_r090_run01.csv,2,24,90,dw00;dw01;dw02;dw03;dw04;dw05;dw06;dw07;dw08,dw00;dw01;dw02;dw03;dw04;dw05;dw06;dw07;dw08,dw08,105,1,2026-08-30T08:19:06.027+0200,dw05,4B92,223,2367,55,-539,2304,4.35,72326
ground-height-2m-20260828-133428,d024m_r090_run01.csv,2,24,90,dw00;dw01;dw02;dw03;dw04;dw05;dw06;dw07;dw08,dw00;dw01;dw02;dw03;dw04;dw05;dw06;dw07;dw08,dw08,75,1,2026-08-30T08:19:06.067+0200,dw03,021B,96,2361,-39,-1919,1374,1.87,12298
ground-height-2m-20260828-133428,d024m_r090_run01.csv,2,24,90,dw00;dw01;dw02;dw03;dw04;dw05;dw06;dw07;dw08,dw00;dw01;dw02;dw03;dw04;dw05;dw06;dw07;dw08,dw08,15,1,2026-08-30T08:19:06.087+0200,dw00,8103,217,2382,-143,1809,1549,2.77,32257
ground-height-2m-20260828-133428,d024m_r090_run01.csv,2,24,90,dw00;dw01;dw02;dw03;dw04;dw05;dw06;dw07;dw08,dw00;dw01;dw02;dw03;dw04;dw05;dw06;dw07;dw08,dw08,35,1,2026-08-30T08:19:06.097+0200,dw01,1729,135,2373,-136,1903,1417,2.95,42327
ground-height-2m-20260828-133428,d024m_r090_run01.csv,2,24,90,dw00;dw01;dw02;dw03;dw04;dw05;dw06;dw07;dw08,dw00;dw01;dw02;dw03;dw04;dw05;dw06;dw07;dw08,dw08,145,1,2026-08-30T08:19:06.147+0200,dw07,5783,196,2367,134,600,2289,3.33,2147483
ground-height-2m-20260828-133428,d024m_r090_run01.csv,2,24,90,dw00;dw01;dw02;dw03;dw04;dw05;dw06;dw07;dw08,dw00;dw01;dw02;dw03;dw04;dw05;dw06;dw07;dw08,dw08,165,1,2026-08-30T08:19:06.193+0200,dw08,028E,33,2369,14,-1142,2076,2.50,38055
ground-height-2m-20260828-133428,d024m_r090_run01.csv,2,24,90,dw00;dw01;dw02;dw03;dw04;dw05;dw06;dw07;dw08,dw00;dw01;dw02;dw03;dw04;dw05;dw06;dw07;dw08,dw08,55,1,2026-08-30T08:19:06.207+0200,dw02,8FB0,240,2373,-83,-2373,0,3.84,52337
ground-height-2m-20260828-133428,d024m_r090_run01.csv,2,24,90,dw00;dw01;dw02;dw03;dw04;dw05;dw06;dw07;dw08,dw00;dw01;dw02;dw03;dw04;dw05;dw06;dw07;dw08,dw08,105,1,2026-08-30T08:19:06.227+0200,dw05,4B92,224,2370,45,-688,2268,4.26,72296
ground-height-2m-20260828-133428,d024m_r090_run01.csv,2,24,90,dw00;dw01;dw02;dw03;dw04;dw05;dw06;dw07;dw08,dw00;dw01;dw02;dw03;dw04;dw05;dw06;dw07;dw08,dw08,90,1,2026-08-30T08:19:06.233+0200,dw04,0F85,19,2364,13,-1151,2064,2.83,77941
ground-height-2m-20260828-133428,d024m_r090_run01.csv,2,24,90,dw00;dw01;dw02;dw03;dw04;dw05;dw06;dw07;dw08,dw00;dw01;dw02;dw03;dw04;dw05;dw06;dw07;dw08,dw08,125,1,2026-08-30T08:19:06.250+0200,dw06,0789,1,2376,95,40,2376,3.21,95550
ground-height-2m-20260828-133428,d024m_r090_run01.csv,2,24,90,dw00;dw01;dw02;dw03;dw04;dw05;dw06;dw07;dw08,dw00;dw01;dw02;dw03;dw04;dw05;dw06;dw07;dw08,dw08,75,1,2026-08-30T08:19:06.267+0200,dw03,021B,97,2359,-35,-1867,1442,1.81,12298
ground-height-2m-20260828-133428,d024m_r090_run01.csv,2,24,90,dw00;dw01;dw02;dw03;dw04;dw05;dw06;dw07;dw08,dw00;dw01;dw02;dw03;dw04;dw05;dw06;dw07;dw08,dw08,15,1,2026-08-30T08:19:06.287+0200,dw00,8103,218,2381,-167,1466,1876,2.95,32287
ground-height-2m-20260828-133428,d024m_r090_run01.csv,2,24,90,dw00;dw01;dw02;dw03;dw04;dw05;dw06;dw07;dw08,dw00;dw01;dw02;dw03;dw04;dw05;dw06;dw07;dw08,dw08,35,1,2026-08-30T08:19:06.297+0200,dw01,1729,136,2373,-122,2113,1079,2.95,42358
ground-height-2m-20260828-133428,d024m_r090_run01.csv,2,24,90,dw00;dw01;dw02;dw03;dw04;dw05;dw06;dw07;dw08,dw00;dw01;dw02;dw03;dw04;dw05;dw06;dw07;dw08,dw08,145,1,2026-08-30T08:19:06.347+0200,dw07,5783,197,2373,146,776,2242,3.33,2147483
ground-height-2m-20260828-133428,d024m_r090_run01.csv,2,24,90,dw00;dw01;dw02;dw03;dw04;dw05;dw06;dw07;dw08,dw00;dw01;dw02;dw03;dw04;dw05;dw06;dw07;dw08,dw08,55,1,2026-08-30T08:19:06.407+0200,dw02,8FB0,241,2373,-91,2373,0,3.69,52337
ground-height-2m-20260828-133428,d024m_r090_run01.csv,2,24,90,dw00;dw01;dw02;dw03;dw04;dw05;dw06;dw07;dw08,dw00;dw01;dw02;dw03;dw04;dw05;dw06;dw07;dw08,dw08,105,1,2026-08-30T08:19:06.427+0200,dw05,4B92,225,2370,48,-652,2278,4.26,72296
ground-height-2m-20260828-133428,d024m_r090_run01.csv,2,24,90,dw00;dw01;dw02;dw03;dw04;dw05;dw06;dw07;dw08,dw00;dw01;dw02;dw03;dw04;dw05;dw06;dw07;dw08,dw08,125,1,2026-08-30T08:19:06.437+0200,dw06,0789,2,2376,87,-73,2375,3.06,82336
ground-height-2m-20260828-133428,d024m_r090_run01.csv,2,24,90,dw00;dw01;dw02;dw03;dw04;dw05;dw06;dw07;dw08,dw00;dw01;dw02;dw03;dw04;dw05;dw06;dw07;dw08,dw08,75,1,2026-08-30T08:19:06.467+0200,dw03,021B,98,2361,-37,-1903,1397,1.69,12329
ground-height-2m-20260828-133428,d024m_r090_run01.csv,2,24,90,dw00;dw01;dw02;dw03;dw04;dw05;dw06;dw07;dw08,dw00;dw01;dw02;dw03;dw04;dw05;dw06;dw07;dw08,dw08,15,1,2026-08-30T08:19:06.487+0200,dw00,8103,219,2382,-147,1750,1615,2.83,32257
ground-height-2m-20260828-133428,d024m_r090_run01.csv,2,24,90,dw00;dw01;dw02;dw03;dw04;dw05;dw06;dw07;dw08,dw00;dw01;dw02;dw03;dw04;dw05;dw06;dw07;dw08,dw08,35,1,2026-08-30T08:19:06.497+0200,dw01,1729,137,2375,-122,2115,1080,3.15,42297
ground-height-2m-20260828-133428,d024m_r090_run01.csv,2,24,90,dw00;dw01;dw02;dw03;dw04;dw05;dw06;dw07;dw08,dw00;dw01;dw02;dw03;dw04;dw05;dw06;dw07;dw08,dw08,145,1,2026-08-30T08:19:06.547+0200,dw07,5783,198,2372,135,626,2288,3.33,2147483
ground-height-2m-20260828-133428,d024m_r090_run01.csv,2,24,90,dw00;dw01;dw02;dw03;dw04;dw05;dw06;dw07;dw08,dw00;dw01;dw02;dw03;dw04;dw05;dw06;dw07;dw08,dw08,165,1,2026-08-30T08:19:06.592+0200,dw08,028E,35,2362,-9,-1490,1833,2.50,37994
ground-height-2m-20260828-133428,d024m_r090_run01.csv,2,24,90,dw00;dw01;dw02;dw03;dw04;dw05;dw06;dw07;dw08,dw00;dw01;dw02;dw03;dw04;dw05;dw06;dw07;dw08,dw08,55,1,2026-08-30T08:19:06.607+0200,dw02,8FB0,242,2371,-90,2371,0,3.72,52368
ground-height-2m-20260828-133428,d024m_r090_run01.csv,2,24,90,dw00;dw01;dw02;dw03;dw04;dw05;dw06;dw07;dw08,dw00;dw01;dw02;dw03;dw04;dw05;dw06;dw07;dw08,dw08,105,1,2026-08-30T08:19:06.627+0200,dw05,4B92,226,2371,46,-676,2273,4.26,72296
ground-height-2m-20260828-133428,d024m_r090_run01.csv,2,24,90,dw00;dw01;dw02;dw03;dw04;dw05;dw06;dw07;dw08,dw00;dw01;dw02;dw03;dw04;dw05;dw06;dw07;dw08,dw08,90,1,2026-08-30T08:19:06.633+0200,dw04,0F85,21,2368,-10,-1510,1823,2.83,78033
ground-height-2m-20260828-133428,d024m_r090_run01.csv,2,24,90,dw00;dw01;dw02;dw03;dw04;dw05;dw06;dw07;dw08,dw00;dw01;dw02;dw03;dw04;dw05;dw06;dw07;dw08,dw08,75,1,2026-08-30T08:19:06.667+0200,dw03,021B,99,2364,-37,-1904,1402,1.87,12298
ground-height-2m-20260828-133428,d024m_r090_run01.csv,2,24,90,dw00;dw01;dw02;dw03;dw04;dw05;dw06;dw07;dw08,dw00;dw01;dw02;dw03;dw04;dw05;dw06;dw07;dw08,dw08,15,1,2026-08-30T08:19:06.687+0200,dw00,8103,220,2382,-152,1678,1690,2.83,32257
ground-height-2m-20260828-133428,d024m_r090_run01.csv,2,24,90,dw00;dw01;dw02;dw03;dw04;dw05;dw06;dw07;dw08,dw00;dw01;dw02;dw03;dw04;dw05;dw06;dw07;dw08,dw08,35,1,2026-08-30T08:19:06.697+0200,dw01,1729,138,2378,-136,1909,1417,3.01,42297
ground-height-2m-20260828-133428,d024m_r090_run01.csv,2,24,90,dw00;dw01;dw02;dw03;dw04;dw05;dw06;dw07;dw08,dw00;dw01;dw02;dw03;dw04;dw05;dw06;dw07;dw08,dw08,145,1,2026-08-30T08:19:06.746+0200,dw07,5783,199,2366,137,646,2276,3.33,2147483
ground-height-2m-20260828-133428,d024m_r090_run01.csv,2,24,90,dw00;dw01;dw02;dw03;dw04;dw05;dw06;dw07;dw08,dw00;dw01;dw02;dw03;dw04;dw05;dw06;dw07;dw08,dw08,55,1,2026-08-30T08:19:06.807+0200,dw02,8FB0,243,2370,-94,2370,0,3.69,52337
ground-height-2m-20260828-133428,d024m_r090_run01.csv,2,24,90,dw00;dw01;dw02;dw03;dw04;dw05;dw06;dw07;dw08,dw00;dw01;dw02;dw03;dw04;dw05;dw06;dw07;dw08,dw08,90,1,2026-08-30T08:19:06.817+0200,dw04,0F85,22,2367,4,-1290,1983,2.83,62255
ground-height-2m-20260828-133428,d024m_r090_run01.csv,2,24,90,dw00;dw01;dw02;dw03;dw04;dw05;dw06;dw07;dw08,dw00;dw01;dw02;dw03;dw04;dw05;dw06;dw07;dw08,dw08,105,1,2026-08-30T08:19:06.826+0200,dw05,4B92,227,2365,43,-720,2253,4.14,72296
ground-height-2m-20260828-133428,d024m_r090_run01.csv,2,24,90,dw00;dw01;dw02;dw03;dw04;dw05;dw06;dw07;dw08,dw00;dw01;dw02;dw03;dw04;dw05;dw06;dw07;dw08,dw08,125,1,2026-08-30T08:19:06.853+0200,dw06,0789,4,2375,96,46,2375,3.06,2147483
ground-height-2m-20260828-133428,d024m_r090_run01.csv,2,24,90,dw00;dw01;dw02;dw03;dw04;dw05;dw06;dw07;dw08,dw00;dw01;dw02;dw03;dw04;dw05;dw06;dw07;dw08,dw08,75,1,2026-08-30T08:19:06.866+0200,dw03,021B,100,2360,-43,-1983,1280,1.99,12298
ground-height-2m-20260828-133428,d024m_r090_run01.csv,2,24,90,dw00;dw01;dw02;dw03;dw04;dw05;dw06;dw07;dw08,dw00;dw01;dw02;dw03;dw04;dw05;dw06;dw07;dw08,dw08,15,1,2026-08-30T08:19:06.887+0200,dw00,8103,221,2383,-144,1793,1570,2.77,32257
ground-height-2m-20260828-133428,d024m_r090_run01.csv,2,24,90,dw00;dw01;dw02;dw03;dw04;dw05;dw06;dw07;dw08,dw00;dw01;dw02;dw03;dw04;dw05;dw06;dw07;dw08,dw08,35,1,2026-08-30T08:19:06.897+0200,dw01,1729,139,2374,-132,1973,1320,3.06,42297
ground-height-2m-20260828-133428,d024m_r090_run01.csv,2,24,90,dw00;dw01;dw02;dw03;dw04;dw05;dw06;dw07;dw08,dw00;dw01;dw02;dw03;dw04;dw05;dw06;dw07;dw08,dw08,145,1,2026-08-30T08:19:06.947+0200,dw07,5783,200,2368,133,584,2295,3.33,2147483
ground-height-2m-20260828-133428,d024m_r090_run01.csv,2,24,90,dw00;dw01;dw02;dw03;dw04;dw05;dw06;dw07;dw08,dw00;dw01;dw02;dw03;dw04;dw05;dw06;dw07;dw08,dw08,165,1,2026-08-30T08:19:06.992+0200,dw08,028E,37,2368,-63,-2286,616,2.50,38055
ground-height-2m-20260828-133428,d024m_r090_run01.csv,2,24,90,dw00;dw01;dw02;dw03;dw04;dw05;dw06;dw07;dw08,dw00;dw01;dw02;dw03;dw04;dw05;dw06;dw07;dw08,dw08,55,1,2026-08-30T08:19:07.007+0200,dw02,8FB0,244,2371,-100,2371,0,3.78,52368
ground-height-2m-20260828-133428,d024m_r090_run01.csv,2,24,90,dw00;dw01;dw02;dw03;dw04;dw05;dw06;dw07;dw08,dw00;dw01;dw02;dw03;dw04;dw05;dw06;dw07;dw08,dw08,90,1,2026-08-30T08:19:07.017+0200,dw04,0F85,23,2364,0,-1350,1941,2.71,62255
ground-height-2m-20260828-133428,d024m_r090_run01.csv,2,24,90,dw00;dw01;dw02;dw03;dw04;dw05;dw06;dw07;dw08,dw00;dw01;dw02;dw03;dw04;dw05;dw06;dw07;dw08,dw08,105,1,2026-08-30T08:19:07.027+0200,dw05,4B92,228,2369,48,-652,2277,4.14,72296
ground-height-2m-20260828-133428,d024m_r090_run01.csv,2,24,90,dw00;dw01;dw02;dw03;dw04;dw05;dw06;dw07;dw08,dw00;dw01;dw02;dw03;dw04;dw05;dw06;dw07;dw08,dw08,125,1,2026-08-30T08:19:07.036+0200,dw06,0789,5,2377,112,281,2361,3.09,82336
ground-height-2m-20260828-133428,d024m_r090_run01.csv,2,24,90,dw00;dw01;dw02;dw03;dw04;dw05;dw06;dw07;dw08,dw00;dw01;dw02;dw03;dw04;dw05;dw06;dw07;dw08,dw08,75,1,2026-08-30T08:19:07.067+0200,dw03,021B,101,2364,-43,-1983,1287,1.87,12298
ground-height-2m-20260828-133428,d024m_r090_run01.csv,2,24,90,dw00;dw01;dw02;dw03;dw04;dw05;dw06;dw07;dw08,dw00;dw01;dw02;dw03;dw04;dw05;dw06;dw07;dw08,dw08,15,1,2026-08-30T08:19:07.087+0200,dw00,8103,222,2383,-158,1587,1778,2.83,32287
ground-height-2m-20260828-133428,d024m_r090_run01.csv,2,24,90,dw00;dw01;dw02;dw03;dw04;dw05;dw06;dw07;dw08,dw00;dw01;dw02;dw03;dw04;dw05;dw06;dw07;dw08,dw08,35,1,2026-08-30T08:19:07.097+0200,dw01,1729,140,2377,-138,1884,1448,2.95,42327
ground-height-2m-20260828-133428,d024m_r090_run01.csv,2,24,90,dw00;dw01;dw02;dw03;dw04;dw05;dw06;dw07;dw08,dw00;dw01;dw02;dw03;dw04;dw05;dw06;dw07;dw08,dw08,145,1,2026-08-30T08:19:07.147+0200,dw07,5783,201,2368,133,595,2292,3.33,2147483
ground-height-2m-20260828-133428,d024m_r090_run01.csv,2,24,90,dw00;dw01;dw02;dw03;dw04;dw05;dw06;dw07;dw08,dw00;dw01;dw02;dw03;dw04;dw05;dw06;dw07;dw08,dw08,165,1,2026-08-30T08:19:07.177+0200,dw08,028E,38,2369,-57,-2191,901,2.20,22308
ground-height-2m-20260828-133428,d024m_r090_run01.csv,2,24,90,dw00;dw01;dw02;dw03;dw04;dw05;dw06;dw07;dw08,dw00;dw01;dw02;dw03;dw04;dw05;dw06;dw07;dw08,dw08,55,1,2026-08-30T08:19:07.206+0200,dw02,8FB0,245,2371,-83,-2371,0,3.69,52368
ground-height-2m-20260828-133428,d024m_r090_run01.csv,2,24,90,dw00;dw01;dw02;dw03;dw04;dw05;dw06;dw07;dw08,dw00;dw01;dw02;dw03;dw04;dw05;dw06;dw07;dw08,dw08,90,1,2026-08-30T08:19:07.217+0200,dw04,0F85,24,2365,4,-1293,1980,2.71,62255
ground-height-2m-20260828-133428,d024m_r090_run01.csv,2,24,90,dw00;dw01;dw02;dw03;dw04;dw05;dw06;dw07;dw08,dw00;dw01;dw02;dw03;dw04;dw05;dw06;dw07;dw08,dw08,105,1,2026-08-30T08:19:07.227+0200,dw05,4B92,229,2367,39,-783,2234,4.26,72296
ground-height-2m-20260828-133428,d024m_r090_run01.csv,2,24,90,dw00;dw01;dw02;dw03;dw04;dw05;dw06;dw07;dw08,dw00;dw01;dw02;dw03;dw04;dw05;dw06;dw07;dw08,dw08,125,1,2026-08-30T08:19:07.236+0200,dw06,0789,6,2378,82,-159,2372,2.89,82275
ground-height-2m-20260828-133428,d024m_r090_run01.csv,2,24,90,dw00;dw01;dw02;dw03;dw04;dw05;dw06;dw07;dw08,dw00;dw01;dw02;dw03;dw04;dw05;dw06;dw07;dw08,dw08,75,1,2026-08-30T08:19:07.267+0200,dw03,021B,102,2359,-45,-2010,1236,1.81,12298
ground-height-2m-20260828-133428,d024m_r090_run01.csv,2,24,90,dw00;dw01;dw02;dw03;dw04;dw05;dw06;dw07;dw08,dw00;dw01;dw02;dw03;dw04;dw05;dw06;dw07;dw08,dw08,15,1,2026-08-30T08:19:07.286+0200,dw00,8103,223,2381,-149,1722,1645,2.77,32257
ground-height-2m-20260828-133428,d024m_r090_run01.csv,2,24,90,dw00;dw01;dw02;dw03;dw04;dw05;dw06;dw07;dw08,dw00;dw01;dw02;dw03;dw04;dw05;dw06;dw07;dw08,dw08,35,1,2026-08-30T08:19:07.297+0200,dw01,1729,141,2376,-125,2070,1167,2.83,42327
ground-height-2m-20260828-133428,d024m_r090_run01.csv,2,24,90,dw00;dw01;dw02;dw03;dw04;dw05;dw06;dw07;dw08,dw00;dw01;dw02;dw03;dw04;dw05;dw06;dw07;dw08,dw08,145,1,2026-08-30T08:19:07.347+0200,dw07,5783,202,2370,131,558,2303,3.39,2147483
ground-height-2m-20260828-133428,d024m_r090_run01.csv,2,24,90,dw00;dw01;dw02;dw03;dw04;dw05;dw06;dw07;dw08,dw00;dw01;dw02;dw03;dw04;dw05;dw06;dw07;dw08,dw08,165,1,2026-08-30T08:19:07.376+0200,dw08,028E,39,2368,-99,2368,0,2.38,22277
ground-height-2m-20260828-133428,d024m_r090_run01.csv,2,24,90,dw00;dw01;dw02;dw03;dw04;dw05;dw06;dw07;dw08,dw00;dw01;dw02;dw03;dw04;dw05;dw06;dw07;dw08,dw08,55,1,2026-08-30T08:19:07.406+0200,dw02,8FB0,246,2371,-92,2371,0,3.78,52337
ground-height-2m-20260828-133428,d024m_r090_run01.csv,2,24,90,dw00;dw01;dw02;dw03;dw04;dw05;dw06;dw07;dw08,dw00;dw01;dw02;dw03;dw04;dw05;dw06;dw07;dw08,dw08,90,1,2026-08-30T08:19:07.416+0200,dw04,0F85,25,2360,0,-1344,1940,2.71,62316
ground-height-2m-20260828-133428,d024m_r090_run01.csv,2,24,90,dw00;dw01;dw02;dw03;dw04;dw05;dw06;dw07;dw08,dw00;dw01;dw02;dw03;dw04;dw05;dw06;dw07;dw08,dw08,105,1,2026-08-30T08:19:07.427+0200,dw05,4B92,230,2374,44,-712,2265,4.20,72296
ground-height-2m-20260828-133428,d024m_r090_run01.csv,2,24,90,dw00;dw01;dw02;dw03;dw04;dw05;dw06;dw07;dw08,dw00;dw01;dw02;dw03;dw04;dw05;dw06;dw07;dw08,dw08,125,1,2026-08-30T08:19:07.437+0200,dw06,0789,7,2374,97,65,2374,2.89,82305
ground-height-2m-20260828-133428,d024m_r090_run01.csv,2,24,90,dw00;dw01;dw02;dw03;dw04;dw05;dw06;dw07;dw08,dw00;dw01;dw02;dw03;dw04;dw05;dw06;dw07;dw08,dw08,75,1,2026-08-30T08:19:07.467+0200,dw03,021B,103,2361,-31,-1805,1522,1.87,12298
ground-height-2m-20260828-133428,d024m_r090_run01.csv,2,24,90,dw00;dw01;dw02;dw03;dw04;dw05;dw06;dw07;dw08,dw00;dw01;dw02;dw03;dw04;dw05;dw06;dw07;dw08,dw08,15,1,2026-08-30T08:19:07.487+0200,dw00,8103,224,2381,-162,1539,1816,2.83,32257
ground-height-2m-20260828-133428,d024m_r090_run01.csv,2,24,90,dw00;dw01;dw02;dw03;dw04;dw05;dw06;dw07;dw08,dw00;dw01;dw02;dw03;dw04;dw05;dw06;dw07;dw08,dw08,35,1,2026-08-30T08:19:07.496+0200,dw01,1729,142,2378,-128,2034,1232,2.89,42358
ground-height-2m-20260828-133428,d024m_r090_run01.csv,2,24,90,dw00;dw01;dw02;dw03;dw04;dw05;dw06;dw07;dw08,dw00;dw01;dw02;dw03;dw04;dw05;dw06;dw07;dw08,dw08,145,1,2026-08-30T08:19:07.546+0200,dw07,5783,203,2368,132,575,2297,3.33,2147483
ground-height-2m-20260828-133428,d024m_r090_run01.csv,2,24,90,dw00;dw01;dw02;dw03;dw04;dw05;dw06;dw07;dw08,dw00;dw01;dw02;dw03;dw04;dw05;dw06;dw07;dw08,dw08,165,1,2026-08-30T08:19:07.576+0200,dw08,028E,40,2368,-69,-2368,0,2.38,22308
ground-height-2m-20260828-133428,d024m_r090_run01.csv,2,24,90,dw00;dw01;dw02;dw03;dw04;dw05;dw06;dw07;dw08,dw00;dw01;dw02;dw03;dw04;dw05;dw06;dw07;dw08,dw08,55,1,2026-08-30T08:19:07.607+0200,dw02,8FB0,247,2368,-98,2368,0,3.84,52398
ground-height-2m-20260828-133428,d024m_r090_run01.csv,2,24,90,dw00;dw01;dw02;dw03;dw04;dw05;dw06;dw07;dw08,dw00;dw01;dw02;dw03;dw04;dw05;dw06;dw07;dw08,dw08,90,1,2026-08-30T08:19:07.616+0200,dw04,0F85,26,2361,4,-1283,1982,2.59,62255
ground-height-2m-20260828-133428,d024m_r090_run01.csv,2,24,90,dw00;dw01;dw02;dw03;dw04;dw05;dw06;dw07;dw08,dw00;dw01;dw02;dw03;dw04;dw05;dw06;dw07;dw08,dw08,105,1,2026-08-30T08:19:07.626+0200,dw05,4B92,231,2365,39,-778,2233,4.32,72326
ground-height-2m-20260828-133428,d024m_r090_run01.csv,2,24,90,dw00;dw01;dw02;dw03;dw04;dw05;dw06;dw07;dw08,dw00;dw01;dw02;dw03;dw04;dw05;dw06;dw07;dw08,dw08,125,1,2026-08-30T08:19:07.637+0200,dw06,0789,8,2373,99,94,2371,2.83,82305
ground-height-2m-20260828-133428,d024m_r090_run01.csv,2,24,90,dw00;dw01;dw02;dw03;dw04;dw05;dw06;dw07;dw08,dw00;dw01;dw02;dw03;dw04;dw05;dw06;dw07;dw08,dw08,75,1,2026-08-30T08:19:07.666+0200,dw03,021B,104,2362,-46,-2024,1218,1.81,12329
ground-height-2m-20260828-133428,d024m_r090_run01.csv,2,24,90,dw00;dw01;dw02;dw03;dw04;dw05;dw06;dw07;dw08,dw00;dw01;dw02;dw03;dw04;dw05;dw06;dw07;dw08,dw08,15,1,2026-08-30T08:19:07.687+0200,dw00,8103,225,2382,-161,1549,1809,2.77,32257
ground-height-2m-20260828-133428,d024m_r090_run01.csv,2,24,90,dw00;dw01;dw02;dw03;dw04;dw05;dw06;dw07;dw08,dw00;dw01;dw02;dw03;dw04;dw05;dw06;dw07;dw08,dw08,35,1,2026-08-30T08:19:07.696+0200,dw01,1729,143,2380,-121,2134,1052,3.01,42358
ground-height-2m-20260828-133428,d024m_r090_run01.csv,2,24,90,dw00;dw01;dw02;dw03;dw04;dw05;dw06;dw07;dw08,dw00;dw01;dw02;dw03;dw04;dw05;dw06;dw07;dw08,dw08,145,1,2026-08-30T08:19:07.746+0200,dw07,5783,204,2370,129,528,2311,3.45,2147483
ground-height-2m-20260828-133428,d024m_r090_run01.csv,2,24,90,dw00;dw01;dw02;dw03;dw04;dw05;dw06;dw07;dw08,dw00;dw01;dw02;dw03;dw04;dw05;dw06;dw07;dw08,dw08,165,1,2026-08-30T08:19:07.777+0200,dw08,028E,41,2370,-88,2370,0,2.38,22277
ground-height-2m-20260828-133428,d024m_r090_run01.csv,2,24,90,dw00;dw01;dw02;dw03;dw04;dw05;dw06;dw07;dw08,dw00;dw01;dw02;dw03;dw04;dw05;dw06;dw07;dw08,dw08,55,1,2026-08-30T08:19:07.807+0200,dw02,8FB0,248,2374,-85,-2374,0,3.84,52368
ground-height-2m-20260828-133428,d024m_r090_run01.csv,2,24,90,dw00;dw01;dw02;dw03;dw04;dw05;dw06;dw07;dw08,dw00;dw01;dw02;dw03;dw04;dw05;dw06;dw07;dw08,dw08,90,1,2026-08-30T08:19:07.817+0200,dw04,0F85,27,2360,1,-1336,1946,2.59,62255
ground-height-2m-20260828-133428,d024m_r090_run01.csv,2,24,90,dw00;dw01;dw02;dw03;dw04;dw05;dw06;dw07;dw08,dw00;dw01;dw02;dw03;dw04;dw05;dw06;dw07;dw08,dw08,105,1,2026-08-30T08:19:07.826+0200,dw05,4B92,232,2370,41,-750,2248,4.35,72296
ground-height-2m-20260828-133428,d024m_r090_run01.csv,2,24,90,dw00;dw01;dw02;dw03;dw04;dw05;dw06;dw07;dw08,dw00;dw01;dw02;dw03;dw04;dw05;dw06;dw07;dw08,dw08,125,1,2026-08-30T08:19:07.836+0200,dw06,0789,9,2374,100,105,2372,3.09,82275
ground-height-2m-20260828-133428,d024m_r090_run01.csv,2,24,90,dw00;dw01;dw02;dw03;dw04;dw05;dw06;dw07;dw08,dw00;dw01;dw02;dw03;dw04;dw05;dw06;dw07;dw08,dw08,75,1,2026-08-30T08:19:07.866+0200,dw03,021B,105,2358,-39,-1924,1363,1.75,12268
ground-height-2m-20260828-133428,d024m_r090_run01.csv,2,24,90,dw00;dw01;dw02;dw03;dw04;dw05;dw06;dw07;dw08,dw00;dw01;dw02;dw03;dw04;dw05;dw06;dw07;dw08,dw08,15,1,2026-08-30T08:19:07.887+0200,dw00,8103,226,2382,-150,1706,1662,2.77,32257
ground-height-2m-20260828-133428,d024m_r090_run01.csv,2,24,90,dw00;dw01;dw02;dw03;dw04;dw05;dw06;dw07;dw08,dw00;dw01;dw02;dw03;dw04;dw05;dw06;dw07;dw08,dw08,35,1,2026-08-30T08:19:07.897+0200,dw01,1729,144,2379,-119,2154,1009,3.06,42327
ground-height-2m-20260828-133428,d024m_r090_run01.csv,2,24,90,dw00;dw01;dw02;dw03;dw04;dw05;dw06;dw07;dw08,dw00;dw01;dw02;dw03;dw04;dw05;dw06;dw07;dw08,dw08,145,1,2026-08-30T08:19:07.946+0200,dw07,5783,205,2371,131,563,2303,3.45,2147483
ground-height-2m-20260828-133428,d024m_r090_run01.csv,2,24,90,dw00;dw01;dw02;dw03;dw04;dw05;dw06;dw07;dw08,dw00;dw01;dw02;dw03;dw04;dw05;dw06;dw07;dw08,dw08,165,1,2026-08-30T08:19:07.977+0200,dw08,028E,42,2370,7,-1252,2013,2.32,22308
ground-height-2m-20260828-133428,d024m_r090_run01.csv,2,24,90,dw00;dw01;dw02;dw03;dw04;dw05;dw06;dw07;dw08,dw00;dw01;dw02;dw03;dw04;dw05;dw06;dw07;dw08,dw08,55,1,2026-08-30T08:19:08.006+0200,dw02,8FB0,249,2370,-81,-2370,0,3.78,52368
ground-height-2m-20260828-133428,d024m_r090_run01.csv,2,24,90,dw00;dw01;dw02;dw03;dw04;dw05;dw06;dw07;dw08,dw00;dw01;dw02;dw03;dw04;dw05;dw06;dw07;dw08,dw08,105,1,2026-08-30T08:19:08.026+0200,dw05,4B92,233,2366,37,-807,2224,4.26,72296
ground-height-2m-20260828-133428,d024m_r090_run01.csv,2,24,90,dw00;dw01;dw02;dw03;dw04;dw05;dw06;dw07;dw08,dw00;dw01;dw02;dw03;dw04;dw05;dw06;dw07;dw08,dw08,75,1,2026-08-30T08:19:08.067+0200,dw03,021B,106,2361,-37,-1897,1406,1.75,12329
ground-height-2m-20260828-133428,d024m_r090_run01.csv,2,24,90,dw00;dw01;dw02;dw03;dw04;dw05;dw06;dw07;dw08,dw00;dw01;dw02;dw03;dw04;dw05;dw06;dw07;dw08,dw08,15,1,2026-08-30T08:19:08.086+0200,dw00,8103,227,2382,-159,1570,1791,2.83,32257
ground-height-2m-20260828-133428,d024m_r090_run01.csv,2,24,90,dw00;dw01;dw02;dw03;dw04;dw05;dw06;dw07;dw08,dw00;dw01;dw02;dw03;dw04;dw05;dw06;dw07;dw08,dw08,35,1,2026-08-30T08:19:08.097+0200,dw01,1729,145,2375,-123,2106,1099,3.06,42266
ground-height-2m-20260828-133428,d024m_r090_run01.csv,2,24,90,dw00;dw01;dw02;dw03;dw04;dw05;dw06;dw07;dw08,dw00;dw01;dw02;dw03;dw04;dw05;dw06;dw07;dw08,dw08,145,1,2026-08-30T08:19:08.147+0200,dw07,5783,206,2371,129,540,2309,3.33,2147483
ground-height-2m-20260828-133428,d024m_r090_run01.csv,2,24,90,dw00;dw01;dw02;dw03;dw04;dw05;dw06;dw07;dw08,dw00;dw01;dw02;dw03;dw04;dw05;dw06;dw07;dw08,dw08,165,1,2026-08-30T08:19:08.176+0200,dw08,028E,43,2367,-82,-2367,0,2.38,22277
ground-height-2m-20260828-133428,d024m_r090_run01.csv,2,24,90,dw00;dw01;dw02;dw03;dw04;dw05;dw06;dw07;dw08,dw00;dw01;dw02;dw03;dw04;dw05;dw06;dw07;dw08,dw08,55,1,2026-08-30T08:19:08.206+0200,dw02,8FB0,250,2369,-94,2369,0,3.72,52368
ground-height-2m-20260828-133428,d024m_r090_run01.csv,2,24,90,dw00;dw01;dw02;dw03;dw04;dw05;dw06;dw07;dw08,dw00;dw01;dw02;dw03;dw04;dw05;dw06;dw07;dw08,dw08,105,1,2026-08-30T08:19:08.227+0200,dw05,4B92,234,2367,40,-769,2239,4.14,72296
ground-height-2m-20260828-133428,d024m_r090_run01.csv,2,24,90,dw00;dw01;dw02;dw03;dw04;dw05;dw06;dw07;dw08,dw00;dw01;dw02;dw03;dw04;dw05;dw06;dw07;dw08,dw08,90,1,2026-08-30T08:19:08.233+0200,dw04,0F85,29,2366,0,-1353,1941,2.77,77972
ground-height-2m-20260828-133428,d024m_r090_run01.csv,2,24,90,dw00;dw01;dw02;dw03;dw04;dw05;dw06;dw07;dw08,dw00;dw01;dw02;dw03;dw04;dw05;dw06;dw07;dw08,dw08,75,1,2026-08-30T08:19:08.267+0200,dw03,021B,107,2361,-44,-2000,1254,1.87,12298
ground-height-2m-20260828-133428,d024m_r090_run01.csv,2,24,90,dw00;dw01;dw02;dw03;dw04;dw05;dw06;dw07;dw08,dw00;dw01;dw02;dw03;dw04;dw05;dw06;dw07;dw08,dw08,15,1,2026-08-30T08:19:08.286+0200,dw00,8103,228,2383,-150,1714,1656,2.83,32257
ground-height-2m-20260828-133428,d024m_r090_run01.csv,2,24,90,dw00;dw01;dw02;dw03;dw04;dw05;dw06;dw07;dw08,dw00;dw01;dw02;dw03;dw04;dw05;dw06;dw07;dw08,dw08,35,1,2026-08-30T08:19:08.296+0200,dw01,1729,146,2373,-141,1835,1505,2.95,42327
ground-height-2m-20260828-133428,d024m_r090_run01.csv,2,24,90,dw00;dw01;dw02;dw03;dw04;dw05;dw06;dw07;dw08,dw00;dw01;dw02;dw03;dw04;dw05;dw06;dw07;dw08,dw08,145,1,2026-08-30T08:19:08.346+0200,dw07,5783,207,2372,135,628,2288,3.39,2147483
ground-height-2m-20260828-133428,d024m_r090_run01.csv,2,24,90,dw00;dw01;dw02;dw03;dw04;dw05;dw06;dw07;dw08,dw00;dw01;dw02;dw03;dw04;dw05;dw06;dw07;dw08,dw08,165,1,2026-08-30T08:19:08.376+0200,dw08,028E,44,2371,-90,2371,0,2.38,22277
ground-height-2m-20260828-133428,d024m_r090_run01.csv,2,24,90,dw00;dw01;dw02;dw03;dw04;dw05;dw06;dw07;dw08,dw00;dw01;dw02;dw03;dw04;dw05;dw06;dw07;dw08,dw08,55,1,2026-08-30T08:19:08.406+0200,dw02,8FB0,251,2371,-95,2371,0,3.72,52368
ground-height-2m-20260828-133428,d024m_r090_run01.csv,2,24,90,dw00;dw01;dw02;dw03;dw04;dw05;dw06;dw07;dw08,dw00;dw01;dw02;dw03;dw04;dw05;dw06;dw07;dw08,dw08,90,1,2026-08-30T08:19:08.416+0200,dw04,0F85,30,2368,-1,-1373,1929,2.71,62286
ground-height-2m-20260828-133428,d024m_r090_run01.csv,2,24,90,dw00;dw01;dw02;dw03;dw04;dw05;dw06;dw07;dw08,dw00;dw01;dw02;dw03;dw04;dw05;dw06;dw07;dw08,dw08,105,1,2026-08-30T08:19:08.426+0200,dw05,4B92,235,2369,28,-937,2175,4.26,72296
ground-height-2m-20260828-133428,d024m_r090_run01.csv,2,24,90,dw00;dw01;dw02;dw03;dw04;dw05;dw06;dw07;dw08,dw00;dw01;dw02;dw03;dw04;dw05;dw06;dw07;dw08,dw08,125,1,2026-08-30T08:19:08.452+0200,dw06,0789,12,2373,74,-263,2358,3.21,2147483
ground-height-2m-20260828-133428,d024m_r090_run01.csv,2,24,90,dw00;dw01;dw02;dw03;dw04;dw05;dw06;dw07;dw08,dw00;dw01;dw02;dw03;dw04;dw05;dw06;dw07;dw08,dw08,75,1,2026-08-30T08:19:08.466+0200,dw03,021B,108,2366,-37,-1907,1400,1.81,12298
ground-height-2m-20260828-133428,d024m_r090_run01.csv,2,24,90,dw00;dw01;dw02;dw03;dw04;dw05;dw06;dw07;dw08,dw00;dw01;dw02;dw03;dw04;dw05;dw06;dw07;dw08,dw08,15,1,2026-08-30T08:19:08.486+0200,dw00,8103,229,2383,-163,1513,1841,2.95,32257
ground-height-2m-20260828-133428,d024m_r090_run01.csv,2,24,90,dw00;dw01;dw02;dw03;dw04;dw05;dw06;dw07;dw08,dw00;dw01;dw02;dw03;dw04;dw05;dw06;dw07;dw08,dw08,35,1,2026-08-30T08:19:08.496+0200,dw01,1729,147,2375,-115,2216,854,2.95,42327
ground-height-2m-20260828-133428,d024m_r090_run01.csv,2,24,90,dw00;dw01;dw02;dw03;dw04;dw05;dw06;dw07;dw08,dw00;dw01;dw02;dw03;dw04;dw05;dw06;dw07;dw08,dw08,145,1,2026-08-30T08:19:08.546+0200,dw07,5783,208,2368,144,747,2247,3.27,2147483
ground-height-2m-20260828-133428,d024m_r090_run01.csv,2,24,90,dw00;dw01;dw02;dw03;dw04;dw05;dw06;dw07;dw08,dw00;dw01;dw02;dw03;dw04;dw05;dw06;dw07;dw08,dw08,55,1,2026-08-30T08:19:08.606+0200,dw02,8FB0,252,2372,-91,2372,0,3.78,52368
ground-height-2m-20260828-133428,d024m_r090_run01.csv,2,24,90,dw00;dw01;dw02;dw03;dw04;dw05;dw06;dw07;dw08,dw00;dw01;dw02;dw03;dw04;dw05;dw06;dw07;dw08,dw08,105,1,2026-08-30T08:19:08.626+0200,dw05,4B92,236,2366,55,-549,2301,4.29,72296
ground-height-2m-20260828-133428,d024m_r090_run01.csv,2,24,90,dw00;dw01;dw02;dw03;dw04;dw05;dw06;dw07;dw08,dw00;dw01;dw02;dw03;dw04;dw05;dw06;dw07;dw08,dw08,125,1,2026-08-30T08:19:08.636+0200,dw06,0789,13,2376,105,187,2369,2.95,82366
ground-height-2m-20260828-133428,d024m_r090_run01.csv,2,24,90,dw00;dw01;dw02;dw03;dw04;dw05;dw06;dw07;dw08,dw00;dw01;dw02;dw03;dw04;dw05;dw06;dw07;dw08,dw08,75,1,2026-08-30T08:19:08.666+0200,dw03,021B,109,2360,-35,-1861,1452,1.87,12298
ground-height-2m-20260828-133428,d024m_r090_run01.csv,2,24,90,dw00;dw01;dw02;dw03;dw04;dw05;dw06;dw07;dw08,dw00;dw01;dw02;dw03;dw04;dw05;dw06;dw07;dw08,dw08,15,1,2026-08-30T08:19:08.687+0200,dw00,8103,230,2387,-158,1600,1772,2.83,32257
ground-height-2m-20260828-133428,d024m_r090_run01.csv,2,24,90,dw00;dw01;dw02;dw03;dw04;dw05;dw06;dw07;dw08,dw00;dw01;dw02;dw03;dw04;dw05;dw06;dw07;dw08,dw08,35,1,2026-08-30T08:19:08.696+0200,dw01,1729,148,2375,-121,2135,1040,3.06,42358
ground-height-2m-20260828-133428,d024m_r090_run01.csv,2,24,90,dw00;dw01;dw02;dw03;dw04;dw05;dw06;dw07;dw08,dw00;dw01;dw02;dw03;dw04;dw05;dw06;dw07;dw08,dw08,145,1,2026-08-30T08:19:08.746+0200,dw07,5783,209,2374,144,758,2250,3.33,2147483
ground-height-2m-20260828-133428,d024m_r090_run01.csv,2,24,90,dw00;dw01;dw02;dw03;dw04;dw05;dw06;dw07;dw08,dw00;dw01;dw02;dw03;dw04;dw05;dw06;dw07;dw08,dw08,165,1,2026-08-30T08:19:08.792+0200,dw08,028E,46,2372,-76,-2372,0,2.38,37994
ground-height-2m-20260828-133428,d024m_r090_run01.csv,2,24,90,dw00;dw01;dw02;dw03;dw04;dw05;dw06;dw07;dw08,dw00;dw01;dw02;dw03;dw04;dw05;dw06;dw07;dw08,dw08,55,1,2026-08-30T08:19:08.806+0200,dw02,8FB0,253,2371,-91,2371,0,3.78,52337
ground-height-2m-20260828-133428,d024m_r090_run01.csv,2,24,90,dw00;dw01;dw02;dw03;dw04;dw05;dw06;dw07;dw08,dw00;dw01;dw02;dw03;dw04;dw05;dw06;dw07;dw08,dw08,105,1,2026-08-30T08:19:08.827+0200,dw05,4B92,237,2367,40,-762,2240,4.26,72296
ground-height-2m-20260828-133428,d024m_r090_run01.csv,2,24,90,dw00;dw01;dw02;dw03;dw04;dw05;dw06;dw07;dw08,dw00;dw01;dw02;dw03;dw04;dw05;dw06;dw07;dw08,dw08,90,1,2026-08-30T08:19:08.832+0200,dw04,0F85,32,2367,10,-1199,2041,2.89,78002
ground-height-2m-20260828-133428,d024m_r090_run01.csv,2,24,90,dw00;dw01;dw02;dw03;dw04;dw05;dw06;dw07;dw08,dw00;dw01;dw02;dw03;dw04;dw05;dw06;dw07;dw08,dw08,75,1,2026-08-30T08:19:08.866+0200,dw03,021B,110,2362,-29,-1788,1543,1.93,12298
ground-height-2m-20260828-133428,d024m_r090_run01.csv,2,24,90,dw00;dw01;dw02;dw03;dw04;dw05;dw06;dw07;dw08,dw00;dw01;dw02;dw03;dw04;dw05;dw06;dw07;dw08,dw08,15,1,2026-08-30T08:19:08.886+0200,dw00,8103,231,2382,-160,1559,1801,2.89,32287
ground-height-2m-20260828-133428,d024m_r090_run01.csv,2,24,90,dw00;dw01;dw02;dw03;dw04;dw05;dw06;dw07;dw08,dw00;dw01;dw02;dw03;dw04;dw05;dw06;dw07;dw08,dw08,35,1,2026-08-30T08:19:08.896+0200,dw01,1729,149,2371,-129,2005,1265,3.06,42327
ground-height-2m-20260828-133428,d024m_r090_run01.csv,2,24,90,dw00;dw01;dw02;dw03;dw04;dw05;dw06;dw07;dw08,dw00;dw01;dw02;dw03;dw04;dw05;dw06;dw07;dw08,dw08,145,1,2026-08-30T08:19:08.946+0200,dw07,5783,210,2374,115,336,2351,3.39,2147483
ground-height-2m-20260828-133428,d024m_r090_run01.csv,2,24,90,dw00;dw01;dw02;dw03;dw04;dw05;dw06;dw07;dw08,dw00;dw01;dw02;dw03;dw04;dw05;dw06;dw07;dw08,dw08,165,1,2026-08-30T08:19:08.976+0200,dw08,028E,47,2372,-52,-2122,1058,2.32,22338
ground-height-2m-20260828-133428,d024m_r090_run01.csv,2,24,90,dw00;dw01;dw02;dw03;dw04;dw05;dw06;dw07;dw08,dw00;dw01;dw02;dw03;dw04;dw05;dw06;dw07;dw08,dw08,55,1,2026-08-30T08:19:09.006+0200,dw02,8FB0,254,2371,-92,2371,0,3.72,52368
ground-height-2m-20260828-133428,d024m_r090_run01.csv,2,24,90,dw00;dw01;dw02;dw03;dw04;dw05;dw06;dw07;dw08,dw00;dw01;dw02;dw03;dw04;dw05;dw06;dw07;dw08,dw08,105,1,2026-08-30T08:19:09.026+0200,dw05,4B92,238,2372,43,-715,2261,4.26,72296
ground-height-2m-20260828-133428,d024m_r090_run01.csv,2,24,90,dw00;dw01;dw02;dw03;dw04;dw05;dw06;dw07;dw08,dw00;dw01;dw02;dw03;dw04;dw05;dw06;dw07;dw08,dw08,75,1,2026-08-30T08:19:09.066+0200,dw03,021B,111,2361,-37,-1892,1413,1.87,12298
ground-height-2m-20260828-133428,d024m_r090_run01.csv,2,24,90,dw00;dw01;dw02;dw03;dw04;dw05;dw06;dw07;dw08,dw00;dw01;dw02;dw03;dw04;dw05;dw06;dw07;dw08,dw08,15,1,2026-08-30T08:19:09.086+0200,dw00,8103,232,2383,-150,1704,1666,2.83,32257
ground-height-2m-20260828-133428,d024m_r090_run01.csv,2,24,90,dw00;dw01;dw02;dw03;dw04;dw05;dw06;dw07;dw08,dw00;dw01;dw02;dw03;dw04;dw05;dw06;dw07;dw08,dw08,35,1,2026-08-30T08:19:09.096+0200,dw01,1729,150,2374,-138,1875,1456,3.06,42297
ground-height-2m-20260828-133428,d024m_r090_run01.csv,2,24,90,dw00;dw01;dw02;dw03;dw04;dw05;dw06;dw07;dw08,dw00;dw01;dw02;dw03;dw04;dw05;dw06;dw07;dw08,dw08,145,1,2026-08-30T08:19:09.145+0200,dw07,5783,211,2367,131,567,2297,3.57,2147483
ground-height-2m-20260828-133428,d024m_r090_run01.csv,2,24,90,dw00;dw01;dw02;dw03;dw04;dw05;dw06;dw07;dw08,dw00;dw01;dw02;dw03;dw04;dw05;dw06;dw07;dw08,dw08,165,1,2026-08-30T08:19:09.176+0200,dw08,028E,48,2369,-49,-2082,1131,2.44,22308
ground-height-2m-20260828-133428,d024m_r090_run01.csv,2,24,90,dw00;dw01;dw02;dw03;dw04;dw05;dw06;dw07;dw08,dw00;dw01;dw02;dw03;dw04;dw05;dw06;dw07;dw08,dw08,55,1,2026-08-30T08:19:09.206+0200,dw02,8FB0,255,2372,-85,-2372,0,3.78,52368
ground-height-2m-20260828-133428,d024m_r090_run01.csv,2,24,90,dw00;dw01;dw02;dw03;dw04;dw05;dw06;dw07;dw08,dw00;dw01;dw02;dw03;dw04;dw05;dw06;dw07;dw08,dw08,105,1,2026-08-30T08:19:09.226+0200,dw05,4B92,239,2367,51,-605,2289,4.26,72296
ground-height-2m-20260828-133428,d024m_r090_run01.csv,2,24,90,dw00;dw01;dw02;dw03;dw04;dw05;dw06;dw07;dw08,dw00;dw01;dw02;dw03;dw04;dw05;dw06;dw07;dw08,dw08,90,1,2026-08-30T08:19:09.231+0200,dw04,0F85,34,2363,10,-1201,2035,2.89,78033
ground-height-2m-20260828-133428,d024m_r090_run01.csv,2,24,90,dw00;dw01;dw02;dw03;dw04;dw05;dw06;dw07;dw08,dw00;dw01;dw02;dw03;dw04;dw05;dw06;dw07;dw08,dw08,75,1,2026-08-30T08:19:09.266+0200,dw03,021B,112,2364,-35,-1866,1451,1.87,12329
ground-height-2m-20260828-133428,d024m_r090_run01.csv,2,24,90,dw00;dw01;dw02;dw03;dw04;dw05;dw06;dw07;dw08,dw00;dw01;dw02;dw03;dw04;dw05;dw06;dw07;dw08,dw08,15,1,2026-08-30T08:19:09.286+0200,dw00,8103,233,2384,-147,1757,1611,2.89,32257
ground-height-2m-20260828-133428,d024m_r090_run01.csv,2,24,90,dw00;dw01;dw02;dw03;dw04;dw05;dw06;dw07;dw08,dw00;dw01;dw02;dw03;dw04;dw05;dw06;dw07;dw08,dw08,35,1,2026-08-30T08:19:09.296+0200,dw01,1729,151,2381,-120,2151,1021,3.01,42297
ground-height-2m-20260828-133428,d024m_r090_run01.csv,2,24,90,dw00;dw01;dw02;dw03;dw04;dw05;dw06;dw07;dw08,dw00;dw01;dw02;dw03;dw04;dw05;dw06;dw07;dw08,dw08,145,1,2026-08-30T08:19:09.346+0200,dw07,5783,212,2372,122,427,2333,3.33,2147483
ground-height-2m-20260828-133428,d024m_r090_run01.csv,2,24,90,dw00;dw01;dw02;dw03;dw04;dw05;dw06;dw07;dw08,dw00;dw01;dw02;dw03;dw04;dw05;dw06;dw07;dw08,dw08,165,1,2026-08-30T08:19:09.376+0200,dw08,028E,49,2370,147,790,2235,2.44,22277
ground-height-2m-20260828-133428,d024m_r090_run01.csv,2,24,90,dw00;dw01;dw02;dw03;dw04;dw05;dw06;dw07;dw08,dw00;dw01;dw02;dw03;dw04;dw05;dw06;dw07;dw08,dw08,55,1,2026-08-30T08:19:09.406+0200,dw02,8FB0,0,2370,-83,-2370,0,3.78,52398
ground-height-2m-20260828-133428,d024m_r090_run01.csv,2,24,90,dw00;dw01;dw02;dw03;dw04;dw05;dw06;dw07;dw08,dw00;dw01;dw02;dw03;dw04;dw05;dw06;dw07;dw08,dw08,105,1,2026-08-30T08:19:09.426+0200,dw05,4B92,240,2369,32,-877,2201,4.29,72296
ground-height-2m-20260828-133428,d024m_r090_run01.csv,2,24,90,dw00;dw01;dw02;dw03;dw04;dw05;dw06;dw07;dw08,dw00;dw01;dw02;dw03;dw04;dw05;dw06;dw07;dw08,dw08,75,1,2026-08-30T08:19:09.466+0200,dw03,021B,113,2362,-34,-1849,1469,1.81,12329
ground-height-2m-20260828-133428,d024m_r090_run01.csv,2,24,90,dw00;dw01;dw02;dw03;dw04;dw05;dw06;dw07;dw08,dw00;dw01;dw02;dw03;dw04;dw05;dw06;dw07;dw08,dw08,15,1,2026-08-30T08:19:09.487+0200,dw00,8103,234,2384,-150,1717,1654,2.89,32257
ground-height-2m-20260828-133428,d024m_r090_run01.csv,2,24,90,dw00;dw01;dw02;dw03;dw04;dw05;dw06;dw07;dw08,dw00;dw01;dw02;dw03;dw04;dw05;dw06;dw07;dw08,dw08,35,1,2026-08-30T08:19:09.496+0200,dw01,1729,152,2375,-122,2110,1091,2.95,42327
ground-height-2m-20260828-133428,d024m_r090_run01.csv,2,24,90,dw00;dw01;dw02;dw03;dw04;dw05;dw06;dw07;dw08,dw00;dw01;dw02;dw03;dw04;dw05;dw06;dw07;dw08,dw08,145,1,2026-08-30T08:19:09.546+0200,dw07,5783,213,2369,126,486,2319,3.27,2147483
ground-height-2m-20260828-133428,d024m_r090_run01.csv,2,24,90,dw00;dw01;dw02;dw03;dw04;dw05;dw06;dw07;dw08,dw00;dw01;dw02;dw03;dw04;dw05;dw06;dw07;dw08,dw08,165,1,2026-08-30T08:19:09.576+0200,dw08,028E,50,2370,-23,-1703,1649,2.26,22308
ground-height-2m-20260828-133428,d024m_r090_run01.csv,2,24,90,dw00;dw01;dw02;dw03;dw04;dw05;dw06;dw07;dw08,dw00;dw01;dw02;dw03;dw04;dw05;dw06;dw07;dw08,dw08,55,1,2026-08-30T08:19:09.605+0200,dw02,8FB0,1,2373,-79,-2373,0,3.69,52337
ground-height-2m-20260828-133428,d024m_r090_run01.csv,2,24,90,dw00;dw01;dw02;dw03;dw04;dw05;dw06;dw07;dw08,dw00;dw01;dw02;dw03;dw04;dw05;dw06;dw07;dw08,dw08,105,1,2026-08-30T08:19:09.626+0200,dw05,4B92,241,2365,63,-422,2327,4.14,72296
ground-height-2m-20260828-133428,d024m_r090_run01.csv,2,24,90,dw00;dw01;dw02;dw03;dw04;dw05;dw06;dw07;dw08,dw00;dw01;dw02;dw03;dw04;dw05;dw06;dw07;dw08,dw08,90,1,2026-08-30T08:19:09.632+0200,dw04,0F85,36,2364,1,-1329,1955,2.95,78033
ground-height-2m-20260828-133428,d024m_r090_run01.csv,2,24,90,dw00;dw01;dw02;dw03;dw04;dw05;dw06;dw07;dw08,dw00;dw01;dw02;dw03;dw04;dw05;dw06;dw07;dw08,dw08,75,1,2026-08-30T08:19:09.666+0200,dw03,021B,114,2363,-35,-1874,1440,1.93,12298
ground-height-2m-20260828-133428,d024m_r090_run01.csv,2,24,90,dw00;dw01;dw02;dw03;dw04;dw05;dw06;dw07;dw08,dw00;dw01;dw02;dw03;dw04;dw05;dw06;dw07;dw08,dw08,15,1,2026-08-30T08:19:09.685+0200,dw00,8103,235,2386,-162,1535,1826,2.77,32257
ground-height-2m-20260828-133428,d024m_r090_run01.csv,2,24,90,dw00;dw01;dw02;dw03;dw04;dw05;dw06;dw07;dw08,dw00;dw01;dw02;dw03;dw04;dw05;dw06;dw07;dw08,dw08,35,1,2026-08-30T08:19:09.696+0200,dw01,1729,153,2377,-111,2275,687,3.06,42358
ground-height-2m-20260828-133428,d024m_r090_run01.csv,2,24,90,dw00;dw01;dw02;dw03;dw04;dw05;dw06;dw07;dw08,dw00;dw01;dw02;dw03;dw04;dw05;dw06;dw07;dw08,dw08,145,1,2026-08-30T08:19:09.746+0200,dw07,5783,214,2373,136,631,2287,3.33,2147483
ground-height-2m-20260828-133428,d024m_r090_run01.csv,2,24,90,dw00;dw01;dw02;dw03;dw04;dw05;dw06;dw07;dw08,dw00;dw01;dw02;dw03;dw04;dw05;dw06;dw07;dw08,dw08,55,1,2026-08-30T08:19:09.806+0200,dw02,8FB0,2,2370,-92,2370,0,3.72,52398
ground-height-2m-20260828-133428,d024m_r090_run01.csv,2,24,90,dw00;dw01;dw02;dw03;dw04;dw05;dw06;dw07;dw08,dw00;dw01;dw02;dw03;dw04;dw05;dw06;dw07;dw08,dw08,90,1,2026-08-30T08:19:09.815+0200,dw04,0F85,37,2365,15,-1130,2077,2.71,62255
ground-height-2m-20260828-133428,d024m_r090_run01.csv,2,24,90,dw00;dw01;dw02;dw03;dw04;dw05;dw06;dw07;dw08,dw00;dw01;dw02;dw03;dw04;dw05;dw06;dw07;dw08,dw08,105,1,2026-08-30T08:19:09.826+0200,dw05,4B92,242,2369,60,-469,2322,4.14,72296
ground-height-2m-20260828-133428,d024m_r090_run01.csv,2,24,90,dw00;dw01;dw02;dw03;dw04;dw05;dw06;dw07;dw08,dw00;dw01;dw02;dw03;dw04;dw05;dw06;dw07;dw08,dw08,75,1,2026-08-30T08:19:09.866+0200,dw03,021B,115,2362,-31,-1814,1512,1.81,12298
ground-height-2m-20260828-133428,d024m_r090_run01.csv,2,24,90,dw00;dw01;dw02;dw03;dw04;dw05;dw06;dw07;dw08,dw00;dw01;dw02;dw03;dw04;dw05;dw06;dw07;dw08,dw08,15,1,2026-08-30T08:19:09.886+0200,dw00,8103,236,2382,-151,1692,1677,2.83,32257
ground-height-2m-20260828-133428,d024m_r090_run01.csv,2,24,90,dw00;dw01;dw02;dw03;dw04;dw05;dw06;dw07;dw08,dw00;dw01;dw02;dw03;dw04;dw05;dw06;dw07;dw08,dw08,35,1,2026-08-30T08:19:09.895+0200,dw01,1729,154,2376,-123,2093,1124,2.95,42297
ground-height-2m-20260828-133428,d024m_r090_run01.csv,2,24,90,dw00;dw01;dw02;dw03;dw04;dw05;dw06;dw07;dw08,dw00;dw01;dw02;dw03;dw04;dw05;dw06;dw07;dw08,dw08,145,1,2026-08-30T08:19:09.945+0200,dw07,5783,215,2371,134,607,2292,3.33,2147483
ground-height-2m-20260828-133428,d024m_r090_run01.csv,2,24,90,dw00;dw01;dw02;dw03;dw04;dw05;dw06;dw07;dw08,dw00;dw01;dw02;dw03;dw04;dw05;dw06;dw07;dw08,dw08,55,1,2026-08-30T08:19:10.006+0200,dw02,8FB0,3,2371,-95,2371,0,3.72,52398
ground-height-2m-20260828-133428,d024m_r090_run01.csv,2,24,90,dw00;dw01;dw02;dw03;dw04;dw05;dw06;dw07;dw08,dw00;dw01;dw02;dw03;dw04;dw05;dw06;dw07;dw08,dw08,90,1,2026-08-30T08:19:10.015+0200,dw04,0F85,38,2360,-1,-1373,1919,2.71,62255
ground-height-2m-20260828-133428,d024m_r090_run01.csv,2,24,90,dw00;dw01;dw02;dw03;dw04;dw05;dw06;dw07;dw08,dw00;dw01;dw02;dw03;dw04;dw05;dw06;dw07;dw08,dw08,105,1,2026-08-30T08:19:10.025+0200,dw05,4B92,243,2367,51,-601,2289,4.20,72326
ground-height-2m-20260828-133428,d024m_r090_run01.csv,2,24,90,dw00;dw01;dw02;dw03;dw04;dw05;dw06;dw07;dw08,dw00;dw01;dw02;dw03;dw04;dw05;dw06;dw07;dw08,dw08,75,1,2026-08-30T08:19:10.065+0200,dw03,021B,116,2365,-41,-1952,1334,1.87,12298
ground-height-2m-20260828-133428,d024m_r090_run01.csv,2,24,90,dw00;dw01;dw02;dw03;dw04;dw05;dw06;dw07;dw08,dw00;dw01;dw02;dw03;dw04;dw05;dw06;dw07;dw08,dw08,15,1,2026-08-30T08:19:10.086+0200,dw00,8103,237,2382,-165,1486,1861,2.77,32287
ground-height-2m-20260828-133428,d024m_r090_run01.csv,2,24,90,dw00;dw01;dw02;dw03;dw04;dw05;dw06;dw07;dw08,dw00;dw01;dw02;dw03;dw04;dw05;dw06;dw07;dw08,dw08,35,1,2026-08-30T08:19:10.096+0200,dw01,1729,155,2376,-120,2146,1020,2.95,42327
ground-height-2m-20260828-133428,d024m_r090_run01.csv,2,24,90,dw00;dw01;dw02;dw03;dw04;dw05;dw06;dw07;dw08,dw00;dw01;dw02;dw03;dw04;dw05;dw06;dw07;dw08,dw08,145,1,2026-08-30T08:19:10.145+0200,dw07,5783,216,2369,143,734,2252,3.27,2147483
ground-height-2m-20260828-133428,d024m_r090_run01.csv,2,24,90,dw00;dw01;dw02;dw03;dw04;dw05;dw06;dw07;dw08,dw00;dw01;dw02;dw03;dw04;dw05;dw06;dw07;dw08,dw08,55,1,2026-08-30T08:19:10.206+0200,dw02,8FB0,4,2373,-91,2373,0,3.69,52337
ground-height-2m-20260828-133428,d024m_r090_run01.csv,2,24,90,dw00;dw01;dw02;dw03;dw04;dw05;dw06;dw07;dw08,dw00;dw01;dw02;dw03;dw04;dw05;dw06;dw07;dw08,dw08,105,1,2026-08-30T08:19:10.225+0200,dw05,4B92,244,2367,49,-632,2280,4.26,72296
ground-height-2m-20260828-133428,d024m_r090_run01.csv,2,24,90,dw00;dw01;dw02;dw03;dw04;dw05;dw06;dw07;dw08,dw00;dw01;dw02;dw03;dw04;dw05;dw06;dw07;dw08,dw08,75,1,2026-08-30T08:19:10.265+0200,dw03,021B,117,2363,-39,-1925,1370,1.87,12298
ground-height-2m-20260828-133428,d024m_r090_run01.csv,2,24,90,dw00;dw01;dw02;dw03;dw04;dw05;dw06;dw07;dw08,dw00;dw01;dw02;dw03;dw04;dw05;dw06;dw07;dw08,dw08,15,1,2026-08-30T08:19:10.286+0200,dw00,8103,238,2379,-162,1526,1825,2.83,32257
ground-height-2m-20260828-133428,d024m_r090_run01.csv,2,24,90,dw00;dw01;dw02;dw03;dw04;dw05;dw06;dw07;dw08,dw00;dw01;dw02;dw03;dw04;dw05;dw06;dw07;dw08,dw08,35,1,2026-08-30T08:19:10.296+0200,dw01,1729,156,2375,-132,1964,1335,2.95,42358
ground-height-2m-20260828-133428,d024m_r090_run01.csv,2,24,90,dw00;dw01;dw02;dw03;dw04;dw05;dw06;dw07;dw08,dw00;dw01;dw02;dw03;dw04;dw05;dw06;dw07;dw08,dw08,145,1,2026-08-30T08:19:10.345+0200,dw07,5783,217,2373,127,498,2320,3.27,2147483
ground-height-2m-20260828-133428,d024m_r090_run01.csv,2,24,90,dw00;dw01;dw02;dw03;dw04;dw05;dw06;dw07;dw08,dw00;dw01;dw02;dw03;dw04;dw05;dw06;dw07;dw08,dw08,55,1,2026-08-30T08:19:10.406+0200,dw02,8FB0,5,2368,-107,2328,436,3.69,52398
ground-height-2m-20260828-133428,d024m_r090_run01.csv,2,24,90,dw00;dw01;dw02;dw03;dw04;dw05;dw06;dw07;dw08,dw00;dw01;dw02;dw03;dw04;dw05;dw06;dw07;dw08,dw08,105,1,2026-08-30T08:19:10.426+0200,dw05,4B92,245,2371,54,-560,2304,4.20,72296
ground-height-2m-20260828-133428,d024m_r090_run01.csv,2,24,90,dw00;dw01;dw02;dw03;dw04;dw05;dw06;dw07;dw08,dw00;dw01;dw02;dw03;dw04;dw05;dw06;dw07;dw08,dw08,75,1,2026-08-30T08:19:10.466+0200,dw03,021B,118,2363,-36,-1879,1433,1.81,12298
ground-height-2m-20260828-133428,d024m_r090_run01.csv,2,24,90,dw00;dw01;dw02;dw03;dw04;dw05;dw06;dw07;dw08,dw00;dw01;dw02;dw03;dw04;dw05;dw06;dw07;dw08,dw08,15,1,2026-08-30T08:19:10.485+0200,dw00,8103,239,2380,-140,1854,1492,2.83,32318
ground-height-2m-20260828-133428,d024m_r090_run01.csv,2,24,90,dw00;dw01;dw02;dw03;dw04;dw05;dw06;dw07;dw08,dw00;dw01;dw02;dw03;dw04;dw05;dw06;dw07;dw08,dw08,35,1,2026-08-30T08:19:10.496+0200,dw01,1729,157,2375,-131,1975,1319,2.95,42297
ground-height-2m-20260828-133428,d024m_r090_run01.csv,2,24,90,dw00;dw01;dw02;dw03;dw04;dw05;dw06;dw07;dw08,dw00;dw01;dw02;dw03;dw04;dw05;dw06;dw07;dw08,dw08,145,1,2026-08-30T08:19:10.546+0200,dw07,5783,218,2374,134,611,2294,3.33,2147483
ground-height-2m-20260828-133428,d024m_r090_run01.csv,2,24,90,dw00;dw01;dw02;dw03;dw04;dw05;dw06;dw07;dw08,dw00;dw01;dw02;dw03;dw04;dw05;dw06;dw07;dw08,dw08,55,1,2026-08-30T08:19:10.605+0200,dw02,8FB0,6,2373,-84,-2373,0,3.69,52337
ground-height-2m-20260828-133428,d024m_r090_run01.csv,2,24,90,dw00;dw01;dw02;dw03;dw04;dw05;dw06;dw07;dw08,dw00;dw01;dw02;dw03;dw04;dw05;dw06;dw07;dw08,dw08,105,1,2026-08-30T08:19:10.626+0200,dw05,4B92,246,2364,41,-753,2241,4.26,72296
ground-height-2m-20260828-133428,d024m_r090_run01.csv,2,24,90,dw00;dw01;dw02;dw03;dw04;dw05;dw06;dw07;dw08,dw00;dw01;dw02;dw03;dw04;dw05;dw06;dw07;dw08,dw08,15,1,2026-08-30T08:19:10.685+0200,dw00,8103,240,2384,-155,1630,1739,2.89,32257
ground-height-2m-20260828-133428,d024m_r090_run01.csv,2,24,90,dw00;dw01;dw02;dw03;dw04;dw05;dw06;dw07;dw08,dw00;dw01;dw02;dw03;dw04;dw05;dw06;dw07;dw08,dw08,35,1,2026-08-30T08:19:10.695+0200,dw01,1729,158,2377,-120,2148,1018,3.01,42327
ground-height-2m-20260828-133428,d024m_r090_run01.csv,2,24,90,dw00;dw01;dw02;dw03;dw04;dw05;dw06;dw07;dw08,dw00;dw01;dw02;dw03;dw04;dw05;dw06;dw07;dw08,dw08,145,1,2026-08-30T08:19:10.745+0200,dw07,5783,219,2367,130,542,2305,3.33,2147483
ground-height-2m-20260828-133428,d024m_r090_run01.csv,2,24,90,dw00;dw01;dw02;dw03;dw04;dw05;dw06;dw07;dw08,dw00;dw01;dw02;dw03;dw04;dw05;dw06;dw07;dw08,dw08,165,1,2026-08-30T08:19:10.791+0200,dw08,028E,56,2374,-47,-2050,1196,2.50,37963
ground-height-2m-20260828-133428,d024m_r090_run01.csv,2,24,90,dw00;dw01;dw02;dw03;dw04;dw05;dw06;dw07;dw08,dw00;dw01;dw02;dw03;dw04;dw05;dw06;dw07;dw08,dw08,55,1,2026-08-30T08:19:10.805+0200,dw02,8FB0,7,2370,-94,2370,0,3.72,52368
ground-height-2m-20260828-133428,d024m_r090_run01.csv,2,24,90,dw00;dw01;dw02;dw03;dw04;dw05;dw06;dw07;dw08,dw00;dw01;dw02;dw03;dw04;dw05;dw06;dw07;dw08,dw08,90,1,2026-08-30T08:19:10.815+0200,dw04,0F85,42,2363,7,-1246,2008,2.77,62316
ground-height-2m-20260828-133428,d024m_r090_run01.csv,2,24,90,dw00;dw01;dw02;dw03;dw04;dw05;dw06;dw07;dw08,dw00;dw01;dw02;dw03;dw04;dw05;dw06;dw07;dw08,dw08,105,1,2026-08-30T08:19:10.825+0200,dw05,4B92,247,2363,43,-716,2252,4.29,72296
ground-height-2m-20260828-133428,d024m_r090_run01.csv,2,24,90,dw00;dw01;dw02;dw03;dw04;dw05;dw06;dw07;dw08,dw00;dw01;dw02;dw03;dw04;dw05;dw06;dw07;dw08,dw08,125,1,2026-08-30T08:19:10.880+0200,dw06,0789,3,2376,94,20,2376,3.06,26916
ground-height-2m-20260828-133428,d024m_r090_run01.csv,2,24,90,dw00;dw01;dw02;dw03;dw04;dw05;dw06;dw07;dw08,dw00;dw01;dw02;dw03;dw04;dw05;dw06;dw07;dw08,dw08,15,1,2026-08-30T08:19:10.885+0200,dw00,8103,241,2381,-140,1861,1484,2.89,32257
ground-height-2m-20260828-133428,d024m_r090_run01.csv,2,24,90,dw00;dw01;dw02;dw03;dw04;dw05;dw06;dw07;dw08,dw00;dw01;dw02;dw03;dw04;dw05;dw06;dw07;dw08,dw08,35,1,2026-08-30T08:19:10.895+0200,dw01,1729,159,2374,-135,1926,1388,2.89,42327
ground-height-2m-20260828-133428,d024m_r090_run01.csv,2,24,90,dw00;dw01;dw02;dw03;dw04;dw05;dw06;dw07;dw08,dw00;dw01;dw02;dw03;dw04;dw05;dw06;dw07;dw08,dw08,145,1,2026-08-30T08:19:10.945+0200,dw07,5783,220,2373,138,660,2279,3.33,2147483
ground-height-2m-20260828-133428,d024m_r090_run01.csv,2,24,90,dw00;dw01;dw02;dw03;dw04;dw05;dw06;dw07;dw08,dw00;dw01;dw02;dw03;dw04;dw05;dw06;dw07;dw08,dw08,165,1,2026-08-30T08:19:10.975+0200,dw08,028E,57,2374,-56,-2188,921,2.38,22338
ground-height-2m-20260828-133428,d024m_r090_run01.csv,2,24,90,dw00;dw01;dw02;dw03;dw04;dw05;dw06;dw07;dw08,dw00;dw01;dw02;dw03;dw04;dw05;dw06;dw07;dw08,dw08,55,1,2026-08-30T08:19:11.005+0200,dw02,8FB0,8,2373,-87,2373,0,3.72,52368
ground-height-2m-20260828-133428,d024m_r090_run01.csv,2,24,90,dw00;dw01;dw02;dw03;dw04;dw05;dw06;dw07;dw08,dw00;dw01;dw02;dw03;dw04;dw05;dw06;dw07;dw08,dw08,90,1,2026-08-30T08:19:11.015+0200,dw04,0F85,43,2365,-3,-1399,1907,2.83,62255
ground-height-2m-20260828-133428,d024m_r090_run01.csv,2,24,90,dw00;dw01;dw02;dw03;dw04;dw05;dw06;dw07;dw08,dw00;dw01;dw02;dw03;dw04;dw05;dw06;dw07;dw08,dw08,105,1,2026-08-30T08:19:11.025+0200,dw05,4B92,248,2368,46,-682,2268,4.26,72296
ground-height-2m-20260828-133428,d024m_r090_run01.csv,2,24,90,dw00;dw01;dw02;dw03;dw04;dw05;dw06;dw07;dw08,dw00;dw01;dw02;dw03;dw04;dw05;dw06;dw07;dw08,dw08,15,1,2026-08-30T08:19:11.086+0200,dw00,8103,242,2381,-164,1497,1852,2.83,32257
ground-height-2m-20260828-133428,d024m_r090_run01.csv,2,24,90,dw00;dw01;dw02;dw03;dw04;dw05;dw06;dw07;dw08,dw00;dw01;dw02;dw03;dw04;dw05;dw06;dw07;dw08,dw08,125,1,2026-08-30T08:19:11.135+0200,dw06,0789,4,2374,89,-55,2373,2.95,82336
ground-height-2m-20260828-133428,d024m_r090_run01.csv,2,24,90,dw00;dw01;dw02;dw03;dw04;dw05;dw06;dw07;dw08,dw00;dw01;dw02;dw03;dw04;dw05;dw06;dw07;dw08,dw08,145,1,2026-08-30T08:19:11.145+0200,dw07,5783,221,2368,122,433,2328,3.27,2147483
ground-height-2m-20260828-133428,d024m_r090_run01.csv,2,24,90,dw00;dw01;dw02;dw03;dw04;dw05;dw06;dw07;dw08,dw00;dw01;dw02;dw03;dw04;dw05;dw06;dw07;dw08,dw08,165,1,2026-08-30T08:19:11.175+0200,dw08,028E,58,2369,-78,-2369,0,2.32,22308
ground-height-2m-20260828-133428,d024m_r090_run01.csv,2,24,90,dw00;dw01;dw02;dw03;dw04;dw05;dw06;dw07;dw08,dw00;dw01;dw02;dw03;dw04;dw05;dw06;dw07;dw08,dw08,55,1,2026-08-30T08:19:11.205+0200,dw02,8FB0,9,2373,-90,2373,0,3.57,52368
ground-height-2m-20260828-133428,d024m_r090_run01.csv,2,24,90,dw00;dw01;dw02;dw03;dw04;dw05;dw06;dw07;dw08,dw00;dw01;dw02;dw03;dw04;dw05;dw06;dw07;dw08,dw08,105,1,2026-08-30T08:19:11.225+0200,dw05,4B92,249,2366,48,-641,2277,4.26,72296
ground-height-2m-20260828-133428,d024m_r090_run01.csv,2,24,90,dw00;dw01;dw02;dw03;dw04;dw05;dw06;dw07;dw08,dw00;dw01;dw02;dw03;dw04;dw05;dw06;dw07;dw08,dw08,15,1,2026-08-30T08:19:11.285+0200,dw00,8103,243,2383,-158,1590,1774,2.83,32226
ground-height-2m-20260828-133428,d024m_r090_run01.csv,2,24,90,dw00;dw01;dw02;dw03;dw04;dw05;dw06;dw07;dw08,dw00;dw01;dw02;dw03;dw04;dw05;dw06;dw07;dw08,dw08,35,1,2026-08-30T08:19:11.310+0200,dw01,1729,161,2378,-132,1974,1326,3.15,57861
ground-height-2m-20260828-133428,d024m_r090_run01.csv,2,24,90,dw00;dw01;dw02;dw03;dw04;dw05;dw06;dw07;dw08,dw00;dw01;dw02;dw03;dw04;dw05;dw06;dw07;dw08,dw08,125,1,2026-08-30T08:19:11.334+0200,dw06,0789,5,2374,93,5,2374,3.01,82275
ground-height-2m-20260828-133428,d024m_r090_run01.csv,2,24,90,dw00;dw01;dw02;dw03;dw04;dw05;dw06;dw07;dw08,dw00;dw01;dw02;dw03;dw04;dw05;dw06;dw07;dw08,dw08,145,1,2026-08-30T08:19:11.345+0200,dw07,5783,222,2370,125,473,2323,3.33,2147483
ground-height-2m-20260828-133428,d024m_r090_run01.csv,2,24,90,dw00;dw01;dw02;dw03;dw04;dw05;dw06;dw07;dw08,dw00;dw01;dw02;dw03;dw04;dw05;dw06;dw07;dw08,dw08,165,1,2026-08-30T08:19:11.375+0200,dw08,028E,59,2367,-107,2323,453,2.38,22308
ground-height-2m-20260828-133428,d024m_r090_run01.csv,2,24,90,dw00;dw01;dw02;dw03;dw04;dw05;dw06;dw07;dw08,dw00;dw01;dw02;dw03;dw04;dw05;dw06;dw07;dw08,dw08,55,1,2026-08-30T08:19:11.405+0200,dw02,8FB0,10,2372,-89,2372,0,3.63,52337
ground-height-2m-20260828-133428,d024m_r090_run01.csv,2,24,90,dw00;dw01;dw02;dw03;dw04;dw05;dw06;dw07;dw08,dw00;dw01;dw02;dw03;dw04;dw05;dw06;dw07;dw08,dw08,105,1,2026-08-30T08:19:11.425+0200,dw05,4B92,250,2366,38,-787,2231,4.26,72326
ground-height-2m-20260828-133428,d024m_r090_run01.csv,2,24,90,dw00;dw01;dw02;dw03;dw04;dw05;dw06;dw07;dw08,dw00;dw01;dw02;dw03;dw04;dw05;dw06;dw07;dw08,dw08,90,1,2026-08-30T08:19:11.431+0200,dw04,0F85,45,2364,14,-1136,2072,2.83,77972
ground-height-2m-20260828-133428,d024m_r090_run01.csv,2,24,90,dw00;dw01;dw02;dw03;dw04;dw05;dw06;dw07;dw08,dw00;dw01;dw02;dw03;dw04;dw05;dw06;dw07;dw08,dw08,15,1,2026-08-30T08:19:11.485+0200,dw00,8103,244,2384,-149,1723,1648,2.89,32318
ground-height-2m-20260828-133428,d024m_r090_run01.csv,2,24,90,dw00;dw01;dw02;dw03;dw04;dw05;dw06;dw07;dw08,dw00;dw01;dw02;dw03;dw04;dw05;dw06;dw07;dw08,dw08,35,1,2026-08-30T08:19:11.495+0200,dw01,1729,162,2374,-119,2162,980,2.95,42358
ground-height-2m-20260828-133428,d024m_r090_run01.csv,2,24,90,dw00;dw01;dw02;dw03;dw04;dw05;dw06;dw07;dw08,dw00;dw01;dw02;dw03;dw04;dw05;dw06;dw07;dw08,dw08,125,1,2026-08-30T08:19:11.534+0200,dw06,0789,6,2374,89,-55,2373,3.01,82275
ground-height-2m-20260828-133428,d024m_r090_run01.csv,2,24,90,dw00;dw01;dw02;dw03;dw04;dw05;dw06;dw07;dw08,dw00;dw01;dw02;dw03;dw04;dw05;dw06;dw07;dw08,dw08,145,1,2026-08-30T08:19:11.544+0200,dw07,5783,223,2371,134,600,2293,3.33,2147483
ground-height-2m-20260828-133428,d024m_r090_run01.csv,2,24,90,dw00;dw01;dw02;dw03;dw04;dw05;dw06;dw07;dw08,dw00;dw01;dw02;dw03;dw04;dw05;dw06;dw07;dw08,dw08,55,1,2026-08-30T08:19:11.605+0200,dw02,8FB0,11,2371,-91,2371,0,3.78,52368
ground-height-2m-20260828-133428,d024m_r090_run01.csv,2,24,90,dw00;dw01;dw02;dw03;dw04;dw05;dw06;dw07;dw08,dw00;dw01;dw02;dw03;dw04;dw05;dw06;dw07;dw08,dw08,90,1,2026-08-30T08:19:11.614+0200,dw04,0F85,46,2368,6,-1264,2002,2.71,62316
ground-height-2m-20260828-133428,d024m_r090_run01.csv,2,24,90,dw00;dw01;dw02;dw03;dw04;dw05;dw06;dw07;dw08,dw00;dw01;dw02;dw03;dw04;dw05;dw06;dw07;dw08,dw08,105,1,2026-08-30T08:19:11.624+0200,dw05,4B92,251,2368,41,-745,2248,4.14,72265
ground-height-2m-20260828-133428,d024m_r090_run01.csv,2,24,90,dw00;dw01;dw02;dw03;dw04;dw05;dw06;dw07;dw08,dw00;dw01;dw02;dw03;dw04;dw05;dw06;dw07;dw08,dw08,15,1,2026-08-30T08:19:11.685+0200,dw00,8103,245,2385,-161,1555,1808,2.89,32287
ground-height-2m-20260828-133428,d024m_r090_run01.csv,2,24,90,dw00;dw01;dw02;dw03;dw04;dw05;dw06;dw07;dw08,dw00;dw01;dw02;dw03;dw04;dw05;dw06;dw07;dw08,dw08,35,1,2026-08-30T08:19:11.694+0200,dw01,1729,163,2378,-133,1949,1362,3.01,42297
ground-height-2m-20260828-133428,d024m_r090_run01.csv,2,24,90,dw00;dw01;dw02;dw03;dw04;dw05;dw06;dw07;dw08,dw00;dw01;dw02;dw03;dw04;dw05;dw06;dw07;dw08,dw08,125,1,2026-08-30T08:19:11.735+0200,dw06,0789,7,2377,95,42,2377,2.89,82305
ground-height-2m-20260828-133428,d024m_r090_run01.csv,2,24,90,dw00;dw01;dw02;dw03;dw04;dw05;dw06;dw07;dw08,dw00;dw01;dw02;dw03;dw04;dw05;dw06;dw07;dw08,dw08,145,1,2026-08-30T08:19:11.744+0200,dw07,5783,224,2371,142,719,2260,3.27,2147483
ground-height-2m-20260828-133428,d024m_r090_run01.csv,2,24,90,dw00;dw01;dw02;dw03;dw04;dw05;dw06;dw07;dw08,dw00;dw01;dw02;dw03;dw04;dw05;dw06;dw07;dw08,dw08,165,1,2026-08-30T08:19:11.790+0200,dw08,028E,61,2369,-71,-2369,0,2.53,37963
ground-height-2m-20260828-133428,d024m_r090_run01.csv,2,24,90,dw00;dw01;dw02;dw03;dw04;dw05;dw06;dw07;dw08,dw00;dw01;dw02;dw03;dw04;dw05;dw06;dw07;dw08,dw08,55,1,2026-08-30T08:19:11.805+0200,dw02,8FB0,12,2373,-99,2373,0,3.78,52368
ground-height-2m-20260828-133428,d024m_r090_run01.csv,2,24,90,dw00;dw01;dw02;dw03;dw04;dw05;dw06;dw07;dw08,dw00;dw01;dw02;dw03;dw04;dw05;dw06;dw07;dw08,dw08,90,1,2026-08-30T08:19:11.814+0200,dw04,0F85,47,2366,17,-1098,2095,2.71,62286
ground-height-2m-20260828-133428,d024m_r090_run01.csv,2,24,90,dw00;dw01;dw02;dw03;dw04;dw05;dw06;dw07;dw08,dw00;dw01;dw02;dw03;dw04;dw05;dw06;dw07;dw08,dw08,105,1,2026-08-30T08:19:11.824+0200,dw05,4B92,252,2366,30,-916,2181,4.29,72296
ground-height-2m-20260828-133428,d024m_r090_run01.csv,2,24,90,dw00;dw01;dw02;dw03;dw04;dw05;dw06;dw07;dw08,dw00;dw01;dw02;dw03;dw04;dw05;dw06;dw07;dw08,dw08,15,1,2026-08-30T08:19:11.885+0200,dw00,8103,246,2382,-147,1749,1617,2.77,32257
ground-height-2m-20260828-133428,d024m_r090_run01.csv,2,24,90,dw00;dw01;dw02;dw03;dw04;dw05;dw06;dw07;dw08,dw00;dw01;dw02;dw03;dw04;dw05;dw06;dw07;dw08,dw08,35,1,2026-08-30T08:19:11.894+0200,dw01,1729,164,2376,-124,2081,1146,2.83,42327
ground-height-2m-20260828-133428,d024m_r090_run01.csv,2,24,90,dw00;dw01;dw02;dw03;dw04;dw05;dw06;dw07;dw08,dw00;dw01;dw02;dw03;dw04;dw05;dw06;dw07;dw08,dw08,145,1,2026-08-30T08:19:11.944+0200,dw07,5783,225,2367,115,326,2344,3.33,2147483
ground-height-2m-20260828-133428,d024m_r090_run01.csv,2,24,90,dw00;dw01;dw02;dw03;dw04;dw05;dw06;dw07;dw08,dw00;dw01;dw02;dw03;dw04;dw05;dw06;dw07;dw08,dw08,55,1,2026-08-30T08:19:12.004+0200,dw02,8FB0,13,2369,-89,2369,0,3.78,52368
ground-height-2m-20260828-133428,d024m_r090_run01.csv,2,24,90,dw00;dw01;dw02;dw03;dw04;dw05;dw06;dw07;dw08,dw00;dw01;dw02;dw03;dw04;dw05;dw06;dw07;dw08,dw08,105,1,2026-08-30T08:19:12.024+0200,dw05,4B92,253,2368,43,-721,2255,4.02,72326
ground-height-2m-20260828-133428,d024m_r090_run01.csv,2,24,90,dw00;dw01;dw02;dw03;dw04;dw05;dw06;dw07;dw08,dw00;dw01;dw02;dw03;dw04;dw05;dw06;dw07;dw08,dw08,15,1,2026-08-30T08:19:12.085+0200,dw00,8103,247,2385,-163,1524,1835,2.89,32318
ground-height-2m-20260828-133428,d024m_r090_run01.csv,2,24,90,dw00;dw01;dw02;dw03;dw04;dw05;dw06;dw07;dw08,dw00;dw01;dw02;dw03;dw04;dw05;dw06;dw07;dw08,dw08,35,1,2026-08-30T08:19:12.095+0200,dw01,1729,165,2374,-111,2272,689,2.89,42297
ground-height-2m-20260828-133428,d024m_r090_run01.csv,2,24,90,dw00;dw01;dw02;dw03;dw04;dw05;dw06;dw07;dw08,dw00;dw01;dw02;dw03;dw04;dw05;dw06;dw07;dw08,dw08,145,1,2026-08-30T08:19:12.145+0200,dw07,5783,226,2369,117,357,2342,3.27,2147483
ground-height-2m-20260828-133428,d024m_r090_run01.csv,2,24,90,dw00;dw01;dw02;dw03;dw04;dw05;dw06;dw07;dw08,dw00;dw01;dw02;dw03;dw04;dw05;dw06;dw07;dw08,dw08,125,1,2026-08-30T08:19:12.150+0200,dw06,0789,9,2376,108,231,2365,3.15,2147483
ground-height-2m-20260828-133428,d024m_r090_run01.csv,2,24,90,dw00;dw01;dw02;dw03;dw04;dw05;dw06;dw07;dw08,dw00;dw01;dw02;dw03;dw04;dw05;dw06;dw07;dw08,dw08,165,1,2026-08-30T08:19:12.174+0200,dw08,028E,63,2369,-57,-2198,883,2.32,22308
ground-height-2m-20260828-133428,d024m_r090_run01.csv,2,24,90,dw00;dw01;dw02;dw03;dw04;dw05;dw06;dw07;dw08,dw00;dw01;dw02;dw03;dw04;dw05;dw06;dw07;dw08,dw08,55,1,2026-08-30T08:19:12.204+0200,dw02,8FB0,14,2373,-100,2373,0,3.69,52368
ground-height-2m-20260828-133428,d024m_r090_run01.csv,2,24,90,dw00;dw01;dw02;dw03;dw04;dw05;dw06;dw07;dw08,dw00;dw01;dw02;dw03;dw04;dw05;dw06;dw07;dw08,dw08,105,1,2026-08-30T08:19:12.224+0200,dw05,4B92,254,2367,50,-616,2285,4.08,72296
ground-height-2m-20260828-133428,d024m_r090_run01.csv,2,24,90,dw00;dw01;dw02;dw03;dw04;dw05;dw06;dw07;dw08,dw00;dw01;dw02;dw03;dw04;dw05;dw06;dw07;dw08,dw08,15,1,2026-08-30T08:19:12.285+0200,dw00,8103,248,2384,-147,1748,1621,2.83,32226
ground-height-2m-20260828-133428,d024m_r090_run01.csv,2,24,90,dw00;dw01;dw02;dw03;dw04;dw05;dw06;dw07;dw08,dw00;dw01;dw02;dw03;dw04;dw05;dw06;dw07;dw08,dw08,35,1,2026-08-30T08:19:12.294+0200,dw01,1729,166,2376,-126,2060,1183,2.95,42297
ground-height-2m-20260828-133428,d024m_r090_run01.csv,2,24,90,dw00;dw01;dw02;dw03;dw04;dw05;dw06;dw07;dw08,dw00;dw01;dw02;dw03;dw04;dw05;dw06;dw07;dw08,dw08,145,1,2026-08-30T08:19:12.344+0200,dw07,5783,227,2375,128,516,2318,3.33,2147483
ground-height-2m-20260828-133428,d024m_r090_run01.csv,2,24,90,dw00;dw01;dw02;dw03;dw04;dw05;dw06;dw07;dw08,dw00;dw01;dw02;dw03;dw04;dw05;dw06;dw07;dw08,dw08,75,1,2026-08-30T08:19:12.392+0200,dw03,021B,2,2359,-39,-1929,1358,-5.72,41076
ground-height-2m-20260828-133428,d024m_r090_run01.csv,2,24,90,dw00;dw01;dw02;dw03;dw04;dw05;dw06;dw07;dw08,dw00;dw01;dw02;dw03;dw04;dw05;dw06;dw07;dw08,dw08,55,1,2026-08-30T08:19:12.404+0200,dw02,8FB0,15,2371,-92,2371,0,3.72,52368
ground-height-2m-20260828-133428,d024m_r090_run01.csv,2,24,90,dw00;dw01;dw02;dw03;dw04;dw05;dw06;dw07;dw08,dw00;dw01;dw02;dw03;dw04;dw05;dw06;dw07;dw08,dw08,105,1,2026-08-30T08:19:12.424+0200,dw05,4B92,255,2372,34,-855,2212,4.14,72296
ground-height-2m-20260828-133428,d024m_r090_run01.csv,2,24,90,dw00;dw01;dw02;dw03;dw04;dw05;dw06;dw07;dw08,dw00;dw01;dw02;dw03;dw04;dw05;dw06;dw07;dw08,dw08,90,1,2026-08-30T08:19:12.445+0200,dw04,0F85,50,2367,13,-1156,2065,2.89,93688
ground-height-2m-20260828-133428,d024m_r090_run01.csv,2,24,90,dw00;dw01;dw02;dw03;dw04;dw05;dw06;dw07;dw08,dw00;dw01;dw02;dw03;dw04;dw05;dw06;dw07;dw08,dw08,15,1,2026-08-30T08:19:12.484+0200,dw00,8103,249,2385,-160,1560,1804,2.77,32287
ground-height-2m-20260828-133428,d024m_r090_run01.csv,2,24,90,dw00;dw01;dw02;dw03;dw04;dw05;dw06;dw07;dw08,dw00;dw01;dw02;dw03;dw04;dw05;dw06;dw07;dw08,dw08,35,1,2026-08-30T08:19:12.495+0200,dw01,1729,167,2378,-131,1983,1311,3.06,42327
ground-height-2m-20260828-133428,d024m_r090_run01.csv,2,24,90,dw00;dw01;dw02;dw03;dw04;dw05;dw06;dw07;dw08,dw00;dw01;dw02;dw03;dw04;dw05;dw06;dw07;dw08,dw08,145,1,2026-08-30T08:19:12.544+0200,dw07,5783,228,2371,126,493,2319,3.33,2147483
ground-height-2m-20260828-133428,d024m_r090_run01.csv,2,24,90,dw00;dw01;dw02;dw03;dw04;dw05;dw06;dw07;dw08,dw00;dw01;dw02;dw03;dw04;dw05;dw06;dw07;dw08,dw08,75,1,2026-08-30T08:19:12.564+0200,dw03,021B,3,2364,-36,-1884,1428,0.50,12298
ground-height-2m-20260828-133428,d024m_r090_run01.csv,2,24,90,dw00;dw01;dw02;dw03;dw04;dw05;dw06;dw07;dw08,dw00;dw01;dw02;dw03;dw04;dw05;dw06;dw07;dw08,dw08,165,1,2026-08-30T08:19:12.590+0200,dw08,028E,65,2371,-114,2228,812,2.50,37963
ground-height-2m-20260828-133428,d024m_r090_run01.csv,2,24,90,dw00;dw01;dw02;dw03;dw04;dw05;dw06;dw07;dw08,dw00;dw01;dw02;dw03;dw04;dw05;dw06;dw07;dw08,dw08,55,1,2026-08-30T08:19:12.604+0200,dw02,8FB0,16,2371,-91,2371,0,3.78,52398
ground-height-2m-20260828-133428,d024m_r090_run01.csv,2,24,90,dw00;dw01;dw02;dw03;dw04;dw05;dw06;dw07;dw08,dw00;dw01;dw02;dw03;dw04;dw05;dw06;dw07;dw08,dw08,90,1,2026-08-30T08:19:12.614+0200,dw04,0F85,51,2362,15,-1120,2079,2.71,62286
ground-height-2m-20260828-133428,d024m_r090_run01.csv,2,24,90,dw00;dw01;dw02;dw03;dw04;dw05;dw06;dw07;dw08,dw00;dw01;dw02;dw03;dw04;dw05;dw06;dw07;dw08,dw08,105,1,2026-08-30T08:19:12.624+0200,dw05,4B92,0,2367,40,-759,2242,4.20,72265
ground-height-2m-20260828-133428,d024m_r090_run01.csv,2,24,90,dw00;dw01;dw02;dw03;dw04;dw05;dw06;dw07;dw08,dw00;dw01;dw02;dw03;dw04;dw05;dw06;dw07;dw08,dw08,125,1,2026-08-30T08:19:12.634+0200,dw06,0789,11,2374,88,-60,2374,2.89,82305
ground-height-2m-20260828-133428,d024m_r090_run01.csv,2,24,90,dw00;dw01;dw02;dw03;dw04;dw05;dw06;dw07;dw08,dw00;dw01;dw02;dw03;dw04;dw05;dw06;dw07;dw08,dw08,15,1,2026-08-30T08:19:12.685+0200,dw00,8103,250,2383,-145,1790,1573,2.83,32257
ground-height-2m-20260828-133428,d024m_r090_run01.csv,2,24,90,dw00;dw01;dw02;dw03;dw04;dw05;dw06;dw07;dw08,dw00;dw01;dw02;dw03;dw04;dw05;dw06;dw07;dw08,dw08,35,1,2026-08-30T08:19:12.694+0200,dw01,1729,168,2375,-133,1952,1353,2.95,42327
ground-height-2m-20260828-133428,d024m_r090_run01.csv,2,24,90,dw00;dw01;dw02;dw03;dw04;dw05;dw06;dw07;dw08,dw00;dw01;dw02;dw03;dw04;dw05;dw06;dw07;dw08,dw08,145,1,2026-08-30T08:19:12.744+0200,dw07,5783,229,2373,132,579,2301,3.33,2147483
ground-height-2m-20260828-133428,d024m_r090_run01.csv,2,24,90,dw00;dw01;dw02;dw03;dw04;dw05;dw06;dw07;dw08,dw00;dw01;dw02;dw03;dw04;dw05;dw06;dw07;dw08,dw08,75,1,2026-08-30T08:19:12.763+0200,dw03,021B,4,2360,-50,-2091,1095,1.87,12298
ground-height-2m-20260828-133428,d024m_r090_run01.csv,2,24,90,dw00;dw01;dw02;dw03;dw04;dw05;dw06;dw07;dw08,dw00;dw01;dw02;dw03;dw04;dw05;dw06;dw07;dw08,dw08,55,1,2026-08-30T08:19:12.803+0200,dw02,8FB0,17,2373,-94,2373,0,3.84,52368
ground-height-2m-20260828-133428,d024m_r090_run01.csv,2,24,90,dw00;dw01;dw02;dw03;dw04;dw05;dw06;dw07;dw08,dw00;dw01;dw02;dw03;dw04;dw05;dw06;dw07;dw08,dw08,105,1,2026-08-30T08:19:12.824+0200,dw05,4B92,1,2371,53,-579,2299,4.20,72326
ground-height-2m-20260828-133428,d024m_r090_run01.csv,2,24,90,dw00;dw01;dw02;dw03;dw04;dw05;dw06;dw07;dw08,dw00;dw01;dw02;dw03;dw04;dw05;dw06;dw07;dw08,dw08,125,1,2026-08-30T08:19:12.834+0200,dw06,0789,12,2376,76,-234,2364,3.12,82275
ground-height-2m-20260828-133428,d024m_r090_run01.csv,2,24,90,dw00;dw01;dw02;dw03;dw04;dw05;dw06;dw07;dw08,dw00;dw01;dw02;dw03;dw04;dw05;dw06;dw07;dw08,dw08,15,1,2026-08-30T08:19:12.883+0200,dw00,8103,251,2383,-148,1744,1623,2.83,32257
ground-height-2m-20260828-133428,d024m_r090_run01.csv,2,24,90,dw00;dw01;dw02;dw03;dw04;dw05;dw06;dw07;dw08,dw00;dw01;dw02;dw03;dw04;dw05;dw06;dw07;dw08,dw08,35,1,2026-08-30T08:19:12.894+0200,dw01,1729,169,2377,-108,2315,541,3.01,42297
ground-height-2m-20260828-133428,d024m_r090_run01.csv,2,24,90,dw00;dw01;dw02;dw03;dw04;dw05;dw06;dw07;dw08,dw00;dw01;dw02;dw03;dw04;dw05;dw06;dw07;dw08,dw08,145,1,2026-08-30T08:19:12.944+0200,dw07,5783,230,2371,137,652,2280,3.33,2147483
ground-height-2m-20260828-133428,d024m_r090_run01.csv,2,24,90,dw00;dw01;dw02;dw03;dw04;dw05;dw06;dw07;dw08,dw00;dw01;dw02;dw03;dw04;dw05;dw06;dw07;dw08,dw08,75,1,2026-08-30T08:19:12.964+0200,dw03,021B,5,2361,-31,-1816,1509,1.87,12329
ground-height-2m-20260828-133428,d024m_r090_run01.csv,2,24,90,dw00;dw01;dw02;dw03;dw04;dw05;dw06;dw07;dw08,dw00;dw01;dw02;dw03;dw04;dw05;dw06;dw07;dw08,dw08,165,1,2026-08-30T08:19:12.989+0200,dw08,028E,67,2367,-40,-1951,1339,2.38,37963
ground-height-2m-20260828-133428,d024m_r090_run01.csv,2,24,90,dw00;dw01;dw02;dw03;dw04;dw05;dw06;dw07;dw08,dw00;dw01;dw02;dw03;dw04;dw05;dw06;dw07;dw08,dw08,55,1,2026-08-30T08:19:13.004+0200,dw02,8FB0,18,2372,-102,2372,0,3.78,52368
ground-height-2m-20260828-133428,d024m_r090_run01.csv,2,24,90,dw00;dw01;dw02;dw03;dw04;dw05;dw06;dw07;dw08,dw00;dw01;dw02;dw03;dw04;dw05;dw06;dw07;dw08,dw08,105,1,2026-08-30T08:19:13.024+0200,dw05,4B92,2,2366,52,-583,2293,4.20,72296
ground-height-2m-20260828-133428,d024m_r090_run01.csv,2,24,90,dw00;dw01;dw02;dw03;dw04;dw05;dw06;dw07;dw08,dw00;dw01;dw02;dw03;dw04;dw05;dw06;dw07;dw08,dw08,125,1,2026-08-30T08:19:13.034+0200,dw06,0789,13,2374,84,-121,2370,3.01,82305
ground-height-2m-20260828-133428,d024m_r090_run01.csv,2,24,90,dw00;dw01;dw02;dw03;dw04;dw05;dw06;dw07;dw08,dw00;dw01;dw02;dw03;dw04;dw05;dw06;dw07;dw08,dw08,15,1,2026-08-30T08:19:13.084+0200,dw00,8103,252,2381,-154,1645,1721,2.89,32257
ground-height-2m-20260828-133428,d024m_r090_run01.csv,2,24,90,dw00;dw01;dw02;dw03;dw04;dw05;dw06;dw07;dw08,dw00;dw01;dw02;dw03;dw04;dw05;dw06;dw07;dw08,dw08,35,1,2026-08-30T08:19:13.093+0200,dw01,1729,170,2380,-123,2104,1111,3.06,42327
ground-height-2m-20260828-133428,d024m_r090_run01.csv,2,24,90,dw00;dw01;dw02;dw03;dw04;dw05;dw06;dw07;dw08,dw00;dw01;dw02;dw03;dw04;dw05;dw06;dw07;dw08,dw08,145,1,2026-08-30T08:19:13.143+0200,dw07,5783,231,2371,126,489,2320,3.33,2147483
ground-height-2m-20260828-133428,d024m_r090_run01.csv,2,24,90,dw00;dw01;dw02;dw03;dw04;dw05;dw06;dw07;dw08,dw00;dw01;dw02;dw03;dw04;dw05;dw06;dw07;dw08,dw08,75,1,2026-08-30T08:19:13.164+0200,dw03,021B,6,2365,-29,-1780,1557,1.81,12298
ground-height-2m-20260828-133428,d024m_r090_run01.csv,2,24,90,dw00;dw01;dw02;dw03;dw04;dw05;dw06;dw07;dw08,dw00;dw01;dw02;dw03;dw04;dw05;dw06;dw07;dw08,dw08,55,1,2026-08-30T08:19:13.204+0200,dw02,8FB0,19,2370,-79,-2370,0,3.78,52337
ground-height-2m-20260828-133428,d024m_r090_run01.csv,2,24,90,dw00;dw01;dw02;dw03;dw04;dw05;dw06;dw07;dw08,dw00;dw01;dw02;dw03;dw04;dw05;dw06;dw07;dw08,dw08,105,1,2026-08-30T08:19:13.223+0200,dw05,4B92,3,2370,56,-538,2308,4.08,72326
ground-height-2m-20260828-133428,d024m_r090_run01.csv,2,24,90,dw00;dw01;dw02;dw03;dw04;dw05;dw06;dw07;dw08,dw00;dw01;dw02;dw03;dw04;dw05;dw06;dw07;dw08,dw08,125,1,2026-08-30T08:19:13.234+0200,dw06,0789,14,2376,81,-167,2370,2.95,82305
ground-height-2m-20260828-133428,d024m_r090_run01.csv,2,24,90,dw00;dw01;dw02;dw03;dw04;dw05;dw06;dw07;dw08,dw00;dw01;dw02;dw03;dw04;dw05;dw06;dw07;dw08,dw08,15,1,2026-08-30T08:19:13.284+0200,dw00,8103,253,2384,-158,1596,1772,2.71,32287
ground-height-2m-20260828-133428,d024m_r090_run01.csv,2,24,90,dw00;dw01;dw02;dw03;dw04;dw05;dw06;dw07;dw08,dw00;dw01;dw02;dw03;dw04;dw05;dw06;dw07;dw08,dw08,35,1,2026-08-30T08:19:13.294+0200,dw01,1729,171,2377,-119,2164,982,2.95,42327
ground-height-2m-20260828-133428,d024m_r090_run01.csv,2,24,90,dw00;dw01;dw02;dw03;dw04;dw05;dw06;dw07;dw08,dw00;dw01;dw02;dw03;dw04;dw05;dw06;dw07;dw08,dw08,145,1,2026-08-30T08:19:13.343+0200,dw07,5783,232,2370,139,681,2270,3.45,2147483
ground-height-2m-20260828-133428,d024m_r090_run01.csv,2,24,90,dw00;dw01;dw02;dw03;dw04;dw05;dw06;dw07;dw08,dw00;dw01;dw02;dw03;dw04;dw05;dw06;dw07;dw08,dw08,75,1,2026-08-30T08:19:13.364+0200,dw03,021B,7,2363,-32,-1829,1496,1.81,12298
ground-height-2m-20260828-133428,d024m_r090_run01.csv,2,24,90,dw00;dw01;dw02;dw03;dw04;dw05;dw06;dw07;dw08,dw00;dw01;dw02;dw03;dw04;dw05;dw06;dw07;dw08,dw08,165,1,2026-08-30T08:19:13.389+0200,dw08,028E,69,2376,-100,2376,0,2.59,38024
ground-height-2m-20260828-133428,d024m_r090_run01.csv,2,24,90,dw00;dw01;dw02;dw03;dw04;dw05;dw06;dw07;dw08,dw00;dw01;dw02;dw03;dw04;dw05;dw06;dw07;dw08,dw08,55,1,2026-08-30T08:19:13.404+0200,dw02,8FB0,20,2373,-98,2373,0,3.72,52337
ground-height-2m-20260828-133428,d024m_r090_run01.csv,2,24,90,dw00;dw01;dw02;dw03;dw04;dw05;dw06;dw07;dw08,dw00;dw01;dw02;dw03;dw04;dw05;dw06;dw07;dw08,dw08,105,1,2026-08-30T08:19:13.423+0200,dw05,4B92,4,2366,53,-572,2296,4.26,72296
ground-height-2m-20260828-133428,d024m_r090_run01.csv,2,24,90,dw00;dw01;dw02;dw03;dw04;dw05;dw06;dw07;dw08,dw00;dw01;dw02;dw03;dw04;dw05;dw06;dw07;dw08,dw08,125,1,2026-08-30T08:19:13.433+0200,dw06,0789,15,2379,106,195,2371,2.95,82275
ground-height-2m-20260828-133428,d024m_r090_run01.csv,2,24,90,dw00;dw01;dw02;dw03;dw04;dw05;dw06;dw07;dw08,dw00;dw01;dw02;dw03;dw04;dw05;dw06;dw07;dw08,dw08,15,1,2026-08-30T08:19:13.483+0200,dw00,8103,254,2384,-165,1485,1865,2.83,32226
ground-height-2m-20260828-133428,d024m_r090_run01.csv,2,24,90,dw00;dw01;dw02;dw03;dw04;dw05;dw06;dw07;dw08,dw00;dw01;dw02;dw03;dw04;dw05;dw06;dw07;dw08,dw08,35,1,2026-08-30T08:19:13.494+0200,dw01,1729,172,2375,-131,1982,1309,2.95,42297
ground-height-2m-20260828-133428,d024m_r090_run01.csv,2,24,90,dw00;dw01;dw02;dw03;dw04;dw05;dw06;dw07;dw08,dw00;dw01;dw02;dw03;dw04;dw05;dw06;dw07;dw08,dw08,145,1,2026-08-30T08:19:13.544+0200,dw07,5783,233,2367,121,422,2330,3.33,2147483
ground-height-2m-20260828-133428,d024m_r090_run01.csv,2,24,90,dw00;dw01;dw02;dw03;dw04;dw05;dw06;dw07;dw08,dw00;dw01;dw02;dw03;dw04;dw05;dw06;dw07;dw08,dw08,75,1,2026-08-30T08:19:13.563+0200,dw03,021B,8,2361,-44,-1994,1264,1.75,12329
ground-height-2m-20260828-133428,d024m_r090_run01.csv,2,24,90,dw00;dw01;dw02;dw03;dw04;dw05;dw06;dw07;dw08,dw00;dw01;dw02;dw03;dw04;dw05;dw06;dw07;dw08,dw08,165,1,2026-08-30T08:19:13.574+0200,dw08,028E,70,2370,-129,2009,1256,2.44,22369
ground-height-2m-20260828-133428,d024m_r090_run01.csv,2,24,90,dw00;dw01;dw02;dw03;dw04;dw05;dw06;dw07;dw08,dw00;dw01;dw02;dw03;dw04;dw05;dw06;dw07;dw08,dw08,55,1,2026-08-30T08:19:13.603+0200,dw02,8FB0,21,2368,-91,2368,0,3.69,52337
ground-height-2m-20260828-133428,d024m_r090_run01.csv,2,24,90,dw00;dw01;dw02;dw03;dw04;dw05;dw06;dw07;dw08,dw00;dw01;dw02;dw03;dw04;dw05;dw06;dw07;dw08,dw08,105,1,2026-08-30T08:19:13.624+0200,dw05,4B92,5,2364,51,-599,2286,4.26,72296
ground-height-2m-20260828-133428,d024m_r090_run01.csv,2,24,90,dw00;dw01;dw02;dw03;dw04;dw05;dw06;dw07;dw08,dw00;dw01;dw02;dw03;dw04;dw05;dw06;dw07;dw08,dw08,125,1,2026-08-30T08:19:13.633+0200,dw06,0789,16,2375,108,225,2365,2.83,82275
ground-height-2m-20260828-133428,d024m_r090_run01.csv,2,24,90,dw00;dw01;dw02;dw03;dw04;dw05;dw06;dw07;dw08,dw00;dw01;dw02;dw03;dw04;dw05;dw06;dw07;dw08,dw08,15,1,2026-08-30T08:19:13.683+0200,dw00,8103,255,2383,-146,1775,1590,2.95,32287
ground-height-2m-20260828-133428,d024m_r090_run01.csv,2,24,90,dw00;dw01;dw02;dw03;dw04;dw05;dw06;dw07;dw08,dw00;dw01;dw02;dw03;dw04;dw05;dw06;dw07;dw08,dw08,35,1,2026-08-30T08:19:13.694+0200,dw01,1729,173,2375,-138,1885,1446,2.95,42327
ground-height-2m-20260828-133428,d024m_r090_run01.csv,2,24,90,dw00;dw01;dw02;dw03;dw04;dw05;dw06;dw07;dw08,dw00;dw01;dw02;dw03;dw04;dw05;dw06;dw07;dw08,dw08,145,1,2026-08-30T08:19:13.744+0200,dw07,5783,234,2372,128,514,2315,3.45,2147483
ground-height-2m-20260828-133428,d024m_r090_run01.csv,2,24,90,dw00;dw01;dw02;dw03;dw04;dw05;dw06;dw07;dw08,dw00;dw01;dw02;dw03;dw04;dw05;dw06;dw07;dw08,dw08,75,1,2026-08-30T08:19:13.763+0200,dw03,021B,9,2363,-29,-1778,1556,1.87,12298
ground-height-2m-20260828-133428,d024m_r090_run01.csv,2,24,90,dw00;dw01;dw02;dw03;dw04;dw05;dw06;dw07;dw08,dw00;dw01;dw02;dw03;dw04;dw05;dw06;dw07;dw08,dw08,165,1,2026-08-30T08:19:13.773+0200,dw08,028E,71,2369,-107,2320,480,2.20,22247
ground-height-2m-20260828-133428,d024m_r090_run01.csv,2,24,90,dw00;dw01;dw02;dw03;dw04;dw05;dw06;dw07;dw08,dw00;dw01;dw02;dw03;dw04;dw05;dw06;dw07;dw08,dw08,55,1,2026-08-30T08:19:13.803+0200,dw02,8FB0,22,2369,-105,2349,309,3.69,52337
ground-height-2m-20260828-133428,d024m_r090_run01.csv,2,24,90,dw00;dw01;dw02;dw03;dw04;dw05;dw06;dw07;dw08,dw00;dw01;dw02;dw03;dw04;dw05;dw06;dw07;dw08,dw08,105,1,2026-08-30T08:19:13.824+0200,dw05,4B92,6,2367,47,-664,2272,4.20,72296
ground-height-2m-20260828-133428,d024m_r090_run01.csv,2,24,90,dw00;dw01;dw02;dw03;dw04;dw05;dw06;dw07;dw08,dw00;dw01;dw02;dw03;dw04;dw05;dw06;dw07;dw08,dw08,15,1,2026-08-30T08:19:13.883+0200,dw00,8103,0,2382,-149,1727,1640,2.77,32257
ground-height-2m-20260828-133428,d024m_r090_run01.csv,2,24,90,dw00;dw01;dw02;dw03;dw04;dw05;dw06;dw07;dw08,dw00;dw01;dw02;dw03;dw04;dw05;dw06;dw07;dw08,dw08,35,1,2026-08-30T08:19:13.893+0200,dw01,1729,174,2375,-116,2196,906,2.95,42327
ground-height-2m-20260828-133428,d024m_r090_run01.csv,2,24,90,dw00;dw01;dw02;dw03;dw04;dw05;dw06;dw07;dw08,dw00;dw01;dw02;dw03;dw04;dw05;dw06;dw07;dw08,dw08,145,1,2026-08-30T08:19:13.943+0200,dw07,5783,235,2374,137,655,2282,3.33,2147483
ground-height-2m-20260828-133428,d024m_r090_run01.csv,2,24,90,dw00;dw01;dw02;dw03;dw04;dw05;dw06;dw07;dw08,dw00;dw01;dw02;dw03;dw04;dw05;dw06;dw07;dw08,dw08,75,1,2026-08-30T08:19:13.963+0200,dw03,021B,10,2362,-36,-1886,1422,1.93,12298
ground-height-2m-20260828-133428,d024m_r090_run01.csv,2,24,90,dw00;dw01;dw02;dw03;dw04;dw05;dw06;dw07;dw08,dw00;dw01;dw02;dw03;dw04;dw05;dw06;dw07;dw08,dw08,165,1,2026-08-30T08:19:13.973+0200,dw08,028E,72,2368,-103,2368,0,2.32,22338
ground-height-2m-20260828-133428,d024m_r090_run01.csv,2,24,90,dw00;dw01;dw02;dw03;dw04;dw05;dw06;dw07;dw08,dw00;dw01;dw02;dw03;dw04;dw05;dw06;dw07;dw08,dw08,55,1,2026-08-30T08:19:14.003+0200,dw02,8FB0,23,2371,-97,2371,0,3.72,52337
ground-height-2m-20260828-133428,d024m_r090_run01.csv,2,24,90,dw00;dw01;dw02;dw03;dw04;dw05;dw06;dw07;dw08,dw00;dw01;dw02;dw03;dw04;dw05;dw06;dw07;dw08,dw08,105,1,2026-08-30T08:19:14.023+0200,dw05,4B92,7,2372,49,-633,2286,4.14,72296
ground-height-2m-20260828-133428,d024m_r090_run01.csv,2,24,90,dw00;dw01;dw02;dw03;dw04;dw05;dw06;dw07;dw08,dw00;dw01;dw02;dw03;dw04;dw05;dw06;dw07;dw08,dw08,125,1,2026-08-30T08:19:14.049+0200,dw06,0789,18,2374,90,-31,2374,3.01,2147483
ground-height-2m-20260828-133428,d024m_r090_run01.csv,2,24,90,dw00;dw01;dw02;dw03;dw04;dw05;dw06;dw07;dw08,dw00;dw01;dw02;dw03;dw04;dw05;dw06;dw07;dw08,dw08,15,1,2026-08-30T08:19:14.084+0200,dw00,8103,1,2386,-165,1491,1862,2.77,32287
ground-height-2m-20260828-133428,d024m_r090_run01.csv,2,24,90,dw00;dw01;dw02;dw03;dw04;dw05;dw06;dw07;dw08,dw00;dw01;dw02;dw03;dw04;dw05;dw06;dw07;dw08,dw08,35,1,2026-08-30T08:19:14.093+0200,dw01,1729,175,2376,-124,2088,1134,2.89,42327
ground-height-2m-20260828-133428,d024m_r090_run01.csv,2,24,90,dw00;dw01;dw02;dw03;dw04;dw05;dw06;dw07;dw08,dw00;dw01;dw02;dw03;dw04;dw05;dw06;dw07;dw08,dw08,145,1,2026-08-30T08:19:14.143+0200,dw07,5783,236,2372,125,471,2324,3.33,2147483
ground-height-2m-20260828-133428,d024m_r090_run01.csv,2,24,90,dw00;dw01;dw02;dw03;dw04;dw05;dw06;dw07;dw08,dw00;dw01;dw02;dw03;dw04;dw05;dw06;dw07;dw08,dw08,75,1,2026-08-30T08:19:14.164+0200,dw03,021B,11,2361,-43,-1980,1286,1.87,12329
ground-height-2m-20260828-133428,d024m_r090_run01.csv,2,24,90,dw00;dw01;dw02;dw03;dw04;dw05;dw06;dw07;dw08,dw00;dw01;dw02;dw03;dw04;dw05;dw06;dw07;dw08,dw08,165,1,2026-08-30T08:19:14.173+0200,dw08,028E,73,2374,-101,2374,0,2.38,22308
ground-height-2m-20260828-133428,d024m_r090_run01.csv,2,24,90,dw00;dw01;dw02;dw03;dw04;dw05;dw06;dw07;dw08,dw00;dw01;dw02;dw03;dw04;dw05;dw06;dw07;dw08,dw08,55,1,2026-08-30T08:19:14.204+0200,dw02,8FB0,24,2369,-83,-2369,0,3.72,52368
ground-height-2m-20260828-133428,d024m_r090_run01.csv,2,24,90,dw00;dw01;dw02;dw03;dw04;dw05;dw06;dw07;dw08,dw00;dw01;dw02;dw03;dw04;dw05;dw06;dw07;dw08,dw08,105,1,2026-08-30T08:19:14.223+0200,dw05,4B92,8,2367,45,-688,2264,4.20,72326
ground-height-2m-20260828-133428,d024m_r090_run01.csv,2,24,90,dw00;dw01;dw02;dw03;dw04;dw05;dw06;dw07;dw08,dw00;dw01;dw02;dw03;dw04;dw05;dw06;dw07;dw08,dw08,125,1,2026-08-30T08:19:14.233+0200,dw06,0789,19,2374,88,-67,2373,3.09,82305
ground-height-2m-20260828-133428,d024m_r090_run01.csv,2,24,90,dw00;dw01;dw02;dw03;dw04;dw05;dw06;dw07;dw08,dw00;dw01;dw02;dw03;dw04;dw05;dw06;dw07;dw08,dw08,15,1,2026-08-30T08:19:14.284+0200,dw00,8103,2,2384,-151,1698,1673,2.83,32257
ground-height-2m-20260828-133428,d024m_r090_run01.csv,2,24,90,dw00;dw01;dw02;dw03;dw04;dw05;dw06;dw07;dw08,dw00;dw01;dw02;dw03;dw04;dw05;dw06;dw07;dw08,dw08,35,1,2026-08-30T08:19:14.293+0200,dw01,1729,176,2374,-135,1919,1397,2.95,42388
ground-height-2m-20260828-133428,d024m_r090_run01.csv,2,24,90,dw00;dw01;dw02;dw03;dw04;dw05;dw06;dw07;dw08,dw00;dw01;dw02;dw03;dw04;dw05;dw06;dw07;dw08,dw08,145,1,2026-08-30T08:19:14.343+0200,dw07,5783,237,2375,140,695,2271,3.33,2147483
ground-height-2m-20260828-133428,d024m_r090_run01.csv,2,24,90,dw00;dw01;dw02;dw03;dw04;dw05;dw06;dw07;dw08,dw00;dw01;dw02;dw03;dw04;dw05;dw06;dw07;dw08,dw08,75,1,2026-08-30T08:19:14.363+0200,dw03,021B,12,2365,-40,-1946,1342,1.69,12298
ground-height-2m-20260828-133428,d024m_r090_run01.csv,2,24,90,dw00;dw01;dw02;dw03;dw04;dw05;dw06;dw07;dw08,dw00;dw01;dw02;dw03;dw04;dw05;dw06;dw07;dw08,dw08,165,1,2026-08-30T08:19:14.374+0200,dw08,028E,74,2370,-112,2260,714,2.26,22277
ground-height-2m-20260828-133428,d024m_r090_run01.csv,2,24,90,dw00;dw01;dw02;dw03;dw04;dw05;dw06;dw07;dw08,dw00;dw01;dw02;dw03;dw04;dw05;dw06;dw07;dw08,dw08,55,1,2026-08-30T08:19:14.403+0200,dw02,8FB0,25,2369,-84,-2369,0,3.63,52398
ground-height-2m-20260828-133428,d024m_r090_run01.csv,2,24,90,dw00;dw01;dw02;dw03;dw04;dw05;dw06;dw07;dw08,dw00;dw01;dw02;dw03;dw04;dw05;dw06;dw07;dw08,dw08,105,1,2026-08-30T08:19:14.423+0200,dw05,4B92,9,2366,58,-508,2311,4.14,72265
ground-height-2m-20260828-133428,d024m_r090_run01.csv,2,24,90,dw00;dw01;dw02;dw03;dw04;dw05;dw06;dw07;dw08,dw00;dw01;dw02;dw03;dw04;dw05;dw06;dw07;dw08,dw08,125,1,2026-08-30T08:19:14.433+0200,dw06,0789,20,2375,93,14,2375,2.89,82275
ground-height-2m-20260828-133428,d024m_r090_run01.csv,2,24,90,dw00;dw01;dw02;dw03;dw04;dw05;dw06;dw07;dw08,dw00;dw01;dw02;dw03;dw04;dw05;dw06;dw07;dw08,dw08,15,1,2026-08-30T08:19:14.483+0200,dw00,8103,3,2381,-167,1462,1879,2.89,32226
ground-height-2m-20260828-133428,d024m_r090_run01.csv,2,24,90,dw00;dw01;dw02;dw03;dw04;dw05;dw06;dw07;dw08,dw00;dw01;dw02;dw03;dw04;dw05;dw06;dw07;dw08,dw08,35,1,2026-08-30T08:19:14.494+0200,dw01,1729,177,2371,-139,1868,1460,2.95,42327
ground-height-2m-20260828-133428,d024m_r090_run01.csv,2,24,90,dw00;dw01;dw02;dw03;dw04;dw05;dw06;dw07;dw08,dw00;dw01;dw02;dw03;dw04;dw05;dw06;dw07;dw08,dw08,145,1,2026-08-30T08:19:14.543+0200,dw07,5783,238,2371,142,728,2256,3.33,2147483
ground-height-2m-20260828-133428,d024m_r090_run01.csv,2,24,90,dw00;dw01;dw02;dw03;dw04;dw05;dw06;dw07;dw08,dw00;dw01;dw02;dw03;dw04;dw05;dw06;dw07;dw08,dw08,75,1,2026-08-30T08:19:14.563+0200,dw03,021B,13,2363,-46,-2028,1212,1.93,12329
ground-height-2m-20260828-133428,d024m_r090_run01.csv,2,24,90,dw00;dw01;dw02;dw03;dw04;dw05;dw06;dw07;dw08,dw00;dw01;dw02;dw03;dw04;dw05;dw06;dw07;dw08,dw08,55,1,2026-08-30T08:19:14.603+0200,dw02,8FB0,26,2372,-110,2291,614,3.78,52368
ground-height-2m-20260828-133428,d024m_r090_run01.csv,2,24,90,dw00;dw01;dw02;dw03;dw04;dw05;dw06;dw07;dw08,dw00;dw01;dw02;dw03;dw04;dw05;dw06;dw07;dw08,dw08,105,1,2026-08-30T08:19:14.623+0200,dw05,4B92,10,2364,43,-725,2250,4.14,72326
ground-height-2m-20260828-133428,d024m_r090_run01.csv,2,24,90,dw00;dw01;dw02;dw03;dw04;dw05;dw06;dw07;dw08,dw00;dw01;dw02;dw03;dw04;dw05;dw06;dw07;dw08,dw08,125,1,2026-08-30T08:19:14.633+0200,dw06,0789,21,2381,81,-172,2374,3.09,82275
ground-height-2m-20260828-133428,d024m_r090_run01.csv,2,24,90,dw00;dw01;dw02;dw03;dw04;dw05;dw06;dw07;dw08,dw00;dw01;dw02;dw03;dw04;dw05;dw06;dw07;dw08,dw08,15,1,2026-08-30T08:19:14.683+0200,dw00,8103,4,2381,-154,1649,1717,2.89,32318
ground-height-2m-20260828-133428,d024m_r090_run01.csv,2,24,90,dw00;dw01;dw02;dw03;dw04;dw05;dw06;dw07;dw08,dw00;dw01;dw02;dw03;dw04;dw05;dw06;dw07;dw08,dw08,35,1,2026-08-30T08:19:14.693+0200,dw01,1729,178,2374,-122,2116,1076,3.01,42297
ground-height-2m-20260828-133428,d024m_r090_run01.csv,2,24,90,dw00;dw01;dw02;dw03;dw04;dw05;dw06;dw07;dw08,dw00;dw01;dw02;dw03;dw04;dw05;dw06;dw07;dw08,dw08,145,1,2026-08-30T08:19:14.743+0200,dw07,5783,239,2370,135,624,2287,3.33,2147483
ground-height-2m-20260828-133428,d024m_r090_run01.csv,2,24,90,dw00;dw01;dw02;dw03;dw04;dw05;dw06;dw07;dw08,dw00;dw01;dw02;dw03;dw04;dw05;dw06;dw07;dw08,dw08,75,1,2026-08-30T08:19:14.763+0200,dw03,021B,14,2361,-38,-1911,1387,1.75,12298
ground-height-2m-20260828-133428,d024m_r090_run01.csv,2,24,90,dw00;dw01;dw02;dw03;dw04;dw05;dw06;dw07;dw08,dw00;dw01;dw02;dw03;dw04;dw05;dw06;dw07;dw08,dw08,165,1,2026-08-30T08:19:14.788+0200,dw08,028E,76,2369,-31,-1819,1518,2.44,37994
ground-height-2m-20260828-133428,d024m_r090_run01.csv,2,24,90,dw00;dw01;dw02;dw03;dw04;dw05;dw06;dw07;dw08,dw00;dw01;dw02;dw03;dw04;dw05;dw06;dw07;dw08,dw08,55,1,2026-08-30T08:19:14.803+0200,dw02,8FB0,27,2372,-93,2372,0,3.69,52337
ground-height-2m-20260828-133428,d024m_r090_run01.csv,2,24,90,dw00;dw01;dw02;dw03;dw04;dw05;dw06;dw07;dw08,dw00;dw01;dw02;dw03;dw04;dw05;dw06;dw07;dw08,dw08,105,1,2026-08-30T08:19:14.823+0200,dw05,4B92,11,2365,51,-604,2286,4.14,72296
ground-height-2m-20260828-133428,d024m_r090_run01.csv,2,24,90,dw00;dw01;dw02;dw03;dw04;dw05;dw06;dw07;dw08,dw00;dw01;dw02;dw03;dw04;dw05;dw06;dw07;dw08,dw08,125,1,2026-08-30T08:19:14.833+0200,dw06,0789,22,2378,98,77,2377,3.01,82275
ground-height-2m-20260828-133428,d024m_r090_run01.csv,2,24,90,dw00;dw01;dw02;dw03;dw04;dw05;dw06;dw07;dw08,dw00;dw01;dw02;dw03;dw04;dw05;dw06;dw07;dw08,dw08,15,1,2026-08-30T08:19:14.883+0200,dw00,8103,5,2386,-152,1686,1687,2.77,32257
ground-height-2m-20260828-133428,d024m_r090_run01.csv,2,24,90,dw00;dw01;dw02;dw03;dw04;dw05;dw06;dw07;dw08,dw00;dw01;dw02;dw03;dw04;dw05;dw06;dw07;dw08,dw08,35,1,2026-08-30T08:19:14.893+0200,dw01,1729,179,2374,-116,2200,890,3.01,42327
ground-height-2m-20260828-133428,d024m_r090_run01.csv,2,24,90,dw00;dw01;dw02;dw03;dw04;dw05;dw06;dw07;dw08,dw00;dw01;dw02;dw03;dw04;dw05;dw06;dw07;dw08,dw08,145,1,2026-08-30T08:19:14.943+0200,dw07,5783,240,2372,132,579,2300,3.21,2147483
ground-height-2m-20260828-133428,d024m_r090_run01.csv,2,24,90,dw00;dw01;dw02;dw03;dw04;dw05;dw06;dw07;dw08,dw00;dw01;dw02;dw03;dw04;dw05;dw06;dw07;dw08,dw08,75,1,2026-08-30T08:19:14.963+0200,dw03,021B,15,2362,-35,-1870,1443,1.93,12329
ground-height-2m-20260828-133428,d024m_r090_run01.csv,2,24,90,dw00;dw01;dw02;dw03;dw04;dw05;dw06;dw07;dw08,dw00;dw01;dw02;dw03;dw04;dw05;dw06;dw07;dw08,dw08,165,1,2026-08-30T08:19:14.973+0200,dw08,028E,77,2372,-106,2343,370,2.32,22338
ground-height-2m-20260828-133428,d024m_r090_run01.csv,2,24,90,dw00;dw01;dw02;dw03;dw04;dw05;dw06;dw07;dw08,dw00;dw01;dw02;dw03;dw04;dw05;dw06;dw07;dw08,dw08,55,1,2026-08-30T08:19:15.003+0200,dw02,8FB0,28,2372,-85,-2372,0,3.78,52368
ground-height-2m-20260828-133428,d024m_r090_run01.csv,2,24,90,dw00;dw01;dw02;dw03;dw04;dw05;dw06;dw07;dw08,dw00;dw01;dw02;dw03;dw04;dw05;dw06;dw07;dw08,dw08,105,1,2026-08-30T08:19:15.023+0200,dw05,4B92,12,2367,26,-964,2161,4.20,72296
ground-height-2m-20260828-133428,d024m_r090_run01.csv,2,24,90,dw00;dw01;dw02;dw03;dw04;dw05;dw06;dw07;dw08,dw00;dw01;dw02;dw03;dw04;dw05;dw06;dw07;dw08,dw08,125,1,2026-08-30T08:19:15.033+0200,dw06,0789,23,2376,90,-28,2376,3.01,82275
ground-height-2m-20260828-133428,d024m_r090_run01.csv,2,24,90,dw00;dw01;dw02;dw03;dw04;dw05;dw06;dw07;dw08,dw00;dw01;dw02;dw03;dw04;dw05;dw06;dw07;dw08,dw08,15,1,2026-08-30T08:19:15.084+0200,dw00,8103,6,2379,-160,1557,1798,2.83,32287
ground-height-2m-20260828-133428,d024m_r090_run01.csv,2,24,90,dw00;dw01;dw02;dw03;dw04;dw05;dw06;dw07;dw08,dw00;dw01;dw02;dw03;dw04;dw05;dw06;dw07;dw08,dw08,35,1,2026-08-30T08:19:15.093+0200,dw01,1729,180,2374,-128,2030,1231,2.89,42327
ground-height-2m-20260828-133428,d024m_r090_run01.csv,2,24,90,dw00;dw01;dw02;dw03;dw04;dw05;dw06;dw07;dw08,dw00;dw01;dw02;dw03;dw04;dw05;dw06;dw07;dw08,dw08,145,1,2026-08-30T08:19:15.143+0200,dw07,5783,241,2371,126,486,2321,3.33,2147483
ground-height-2m-20260828-133428,d024m_r090_run01.csv,2,24,90,dw00;dw01;dw02;dw03;dw04;dw05;dw06;dw07;dw08,dw00;dw01;dw02;dw03;dw04;dw05;dw06;dw07;dw08,dw08,75,1,2026-08-30T08:19:15.162+0200,dw03,021B,16,2363,-30,-1794,1537,1.81,12298
ground-height-2m-20260828-133428,d024m_r090_run01.csv,2,24,90,dw00;dw01;dw02;dw03;dw04;dw05;dw06;dw07;dw08,dw00;dw01;dw02;dw03;dw04;dw05;dw06;dw07;dw08,dw08,165,1,2026-08-30T08:19:15.173+0200,dw08,028E,78,2369,-141,1831,1504,2.38,22277
ground-height-2m-20260828-133428,d024m_r090_run01.csv,2,24,90,dw00;dw01;dw02;dw03;dw04;dw05;dw06;dw07;dw08,dw00;dw01;dw02;dw03;dw04;dw05;dw06;dw07;dw08,dw08,55,1,2026-08-30T08:19:15.202+0200,dw02,8FB0,29,2371,-90,2371,0,3.78,52337
ground-height-2m-20260828-133428,d024m_r090_run01.csv,2,24,90,dw00;dw01;dw02;dw03;dw04;dw05;dw06;dw07;dw08,dw00;dw01;dw02;dw03;dw04;dw05;dw06;dw07;dw08,dw08,105,1,2026-08-30T08:19:15.223+0200,dw05,4B92,13,2370,46,-684,2269,4.14,72296
ground-height-2m-20260828-133428,d024m_r090_run01.csv,2,24,90,dw00;dw01;dw02;dw03;dw04;dw05;dw06;dw07;dw08,dw00;dw01;dw02;dw03;dw04;dw05;dw06;dw07;dw08,dw08,15,1,2026-08-30T08:19:15.283+0200,dw00,8103,7,2382,-147,1760,1605,2.77,32287
ground-height-2m-20260828-133428,d024m_r090_run01.csv,2,24,90,dw00;dw01;dw02;dw03;dw04;dw05;dw06;dw07;dw08,dw00;dw01;dw02;dw03;dw04;dw05;dw06;dw07;dw08,dw08,35,1,2026-08-30T08:19:15.293+0200,dw01,1729,181,2374,-123,2096,1114,2.95,42297
ground-height-2m-20260828-133428,d024m_r090_run01.csv,2,24,90,dw00;dw01;dw02;dw03;dw04;dw05;dw06;dw07;dw08,dw00;dw01;dw02;dw03;dw04;dw05;dw06;dw07;dw08,dw08,145,1,2026-08-30T08:19:15.343+0200,dw07,5783,242,2372,145,763,2245,3.33,2147483
ground-height-2m-20260828-133428,d024m_r090_run01.csv,2,24,90,dw00;dw01;dw02;dw03;dw04;dw05;dw06;dw07;dw08,dw00;dw01;dw02;dw03;dw04;dw05;dw06;dw07;dw08,dw08,75,1,2026-08-30T08:19:15.363+0200,dw03,021B,17,2360,-36,-1879,1427,1.69,12298
ground-height-2m-20260828-133428,d024m_r090_run01.csv,2,24,90,dw00;dw01;dw02;dw03;dw04;dw05;dw06;dw07;dw08,dw00;dw01;dw02;dw03;dw04;dw05;dw06;dw07;dw08,dw08,165,1,2026-08-30T08:19:15.372+0200,dw08,028E,79,2367,-93,2367,0,2.44,22308
ground-height-2m-20260828-133428,d024m_r090_run01.csv,2,24,90,dw00;dw01;dw02;dw03;dw04;dw05;dw06;dw07;dw08,dw00;dw01;dw02;dw03;dw04;dw05;dw06;dw07;dw08,dw08,55,1,2026-08-30T08:19:15.403+0200,dw02,8FB0,30,2371,-90,2371,0,3.78,52398
ground-height-2m-20260828-133428,d024m_r090_run01.csv,2,24,90,dw00;dw01;dw02;dw03;dw04;dw05;dw06;dw07;dw08,dw00;dw01;dw02;dw03;dw04;dw05;dw06;dw07;dw08,dw08,105,1,2026-08-30T08:19:15.423+0200,dw05,4B92,14,2367,46,-670,2270,4.08,72296
ground-height-2m-20260828-133428,d024m_r090_run01.csv,2,24,90,dw00;dw01;dw02;dw03;dw04;dw05;dw06;dw07;dw08,dw00;dw01;dw02;dw03;dw04;dw05;dw06;dw07;dw08,dw08,125,1,2026-08-30T08:19:15.449+0200,dw06,0789,25,2374,100,112,2372,3.09,2147483
ground-height-2m-20260828-133428,d024m_r090_run01.csv,2,24,90,dw00;dw01;dw02;dw03;dw04;dw05;dw06;dw07;dw08,dw00;dw01;dw02;dw03;dw04;dw05;dw06;dw07;dw08,dw08,15,1,2026-08-30T08:19:15.483+0200,dw00,8103,8,2384,-144,1796,1568,2.83,32287
ground-height-2m-20260828-133428,d024m_r090_run01.csv,2,24,90,dw00;dw01;dw02;dw03;dw04;dw05;dw06;dw07;dw08,dw00;dw01;dw02;dw03;dw04;dw05;dw06;dw07;dw08,dw08,35,1,2026-08-30T08:19:15.492+0200,dw01,1729,182,2372,-127,2036,1216,2.95,42327
ground-height-2m-20260828-133428,d024m_r090_run01.csv,2,24,90,dw00;dw01;dw02;dw03;dw04;dw05;dw06;dw07;dw08,dw00;dw01;dw02;dw03;dw04;dw05;dw06;dw07;dw08,dw08,145,1,2026-08-30T08:19:15.542+0200,dw07,5783,243,2374,135,615,2293,3.39,2147483
ground-height-2m-20260828-133428,d024m_r090_run01.csv,2,24,90,dw00;dw01;dw02;dw03;dw04;dw05;dw06;dw07;dw08,dw00;dw01;dw02;dw03;dw04;dw05;dw06;dw07;dw08,dw08,75,1,2026-08-30T08:19:15.563+0200,dw03,021B,18,2363,-39,-1930,1362,1.81,12298
ground-height-2m-20260828-133428,d024m_r090_run01.csv,2,24,90,dw00;dw01;dw02;dw03;dw04;dw05;dw06;dw07;dw08,dw00;dw01;dw02;dw03;dw04;dw05;dw06;dw07;dw08,dw08,165,1,2026-08-30T08:19:15.573+0200,dw08,028E,80,2370,-62,-2271,679,2.38,22277
ground-height-2m-20260828-133428,d024m_r090_run01.csv,2,24,90,dw00;dw01;dw02;dw03;dw04;dw05;dw06;dw07;dw08,dw00;dw01;dw02;dw03;dw04;dw05;dw06;dw07;dw08,dw08,55,1,2026-08-30T08:19:15.603+0200,dw02,8FB0,31,2371,-88,2371,0,3.63,52337
ground-height-2m-20260828-133428,d024m_r090_run01.csv,2,24,90,dw00;dw01;dw02;dw03;dw04;dw05;dw06;dw07;dw08,dw00;dw01;dw02;dw03;dw04;dw05;dw06;dw07;dw08,dw08,105,1,2026-08-30T08:19:15.622+0200,dw05,4B92,15,2367,44,-700,2261,4.02,72296
ground-height-2m-20260828-133428,d024m_r090_run01.csv,2,24,90,dw00;dw01;dw02;dw03;dw04;dw05;dw06;dw07;dw08,dw00;dw01;dw02;dw03;dw04;dw05;dw06;dw07;dw08,dw08,125,1,2026-08-30T08:19:15.633+0200,dw06,0789,26,2376,170,1137,2086,3.01,82336
ground-height-2m-20260828-133428,d024m_r090_run01.csv,2,24,90,dw00;dw01;dw02;dw03;dw04;dw05;dw06;dw07;dw08,dw00;dw01;dw02;dw03;dw04;dw05;dw06;dw07;dw08,dw08,15,1,2026-08-30T08:19:15.683+0200,dw00,8103,9,2382,-150,1713,1655,2.77,32257
ground-height-2m-20260828-133428,d024m_r090_run01.csv,2,24,90,dw00;dw01;dw02;dw03;dw04;dw05;dw06;dw07;dw08,dw00;dw01;dw02;dw03;dw04;dw05;dw06;dw07;dw08,dw08,35,1,2026-08-30T08:19:15.693+0200,dw01,1729,183,2378,-138,1876,1461,3.01,42327
ground-height-2m-20260828-133428,d024m_r090_run01.csv,2,24,90,dw00;dw01;dw02;dw03;dw04;dw05;dw06;dw07;dw08,dw00;dw01;dw02;dw03;dw04;dw05;dw06;dw07;dw08,dw08,145,1,2026-08-30T08:19:15.742+0200,dw07,5783,244,2371,133,590,2296,3.33,2147483
ground-height-2m-20260828-133428,d024m_r090_run01.csv,2,24,90,dw00;dw01;dw02;dw03;dw04;dw05;dw06;dw07;dw08,dw00;dw01;dw02;dw03;dw04;dw05;dw06;dw07;dw08,dw08,75,1,2026-08-30T08:19:15.763+0200,dw03,021B,19,2362,-40,-1943,1342,1.75,12298
ground-height-2m-20260828-133428,d024m_r090_run01.csv,2,24,90,dw00;dw01;dw02;dw03;dw04;dw05;dw06;dw07;dw08,dw00;dw01;dw02;dw03;dw04;dw05;dw06;dw07;dw08,dw08,165,1,2026-08-30T08:19:15.773+0200,dw08,028E,81,2372,-151,1694,1659,2.38,22277
ground-height-2m-20260828-133428,d024m_r090_run01.csv,2,24,90,dw00;dw01;dw02;dw03;dw04;dw05;dw06;dw07;dw08,dw00;dw01;dw02;dw03;dw04;dw05;dw06;dw07;dw08,dw08,55,1,2026-08-30T08:19:15.803+0200,dw02,8FB0,32,2373,-99,2373,0,3.63,52337
ground-height-2m-20260828-133428,d024m_r090_run01.csv,2,24,90,dw00;dw01;dw02;dw03;dw04;dw05;dw06;dw07;dw08,dw00;dw01;dw02;dw03;dw04;dw05;dw06;dw07;dw08,dw08,105,1,2026-08-30T08:19:15.823+0200,dw05,4B92,16,2364,43,-724,2251,4.02,72296
ground-height-2m-20260828-133428,d024m_r090_run01.csv,2,24,90,dw00;dw01;dw02;dw03;dw04;dw05;dw06;dw07;dw08,dw00;dw01;dw02;dw03;dw04;dw05;dw06;dw07;dw08,dw08,125,1,2026-08-30T08:19:15.832+0200,dw06,0789,27,2377,92,-10,2377,2.95,82244
ground-height-2m-20260828-133428,d024m_r090_run01.csv,2,24,90,dw00;dw01;dw02;dw03;dw04;dw05;dw06;dw07;dw08,dw00;dw01;dw02;dw03;dw04;dw05;dw06;dw07;dw08,dw08,15,1,2026-08-30T08:19:15.883+0200,dw00,8103,10,2382,-159,1581,1782,2.77,32257
ground-height-2m-20260828-133428,d024m_r090_run01.csv,2,24,90,dw00;dw01;dw02;dw03;dw04;dw05;dw06;dw07;dw08,dw00;dw01;dw02;dw03;dw04;dw05;dw06;dw07;dw08,dw08,35,1,2026-08-30T08:19:15.893+0200,dw01,1729,184,2374,-121,2130,1048,2.89,42297
ground-height-2m-20260828-133428,d024m_r090_run01.csv,2,24,90,dw00;dw01;dw02;dw03;dw04;dw05;dw06;dw07;dw08,dw00;dw01;dw02;dw03;dw04;dw05;dw06;dw07;dw08,dw08,145,1,2026-08-30T08:19:15.943+0200,dw07,5783,245,2374,143,744,2254,3.33,2147483
ground-height-2m-20260828-133428,d024m_r090_run01.csv,2,24,90,dw00;dw01;dw02;dw03;dw04;dw05;dw06;dw07;dw08,dw00;dw01;dw02;dw03;dw04;dw05;dw06;dw07;dw08,dw08,75,1,2026-08-30T08:19:15.962+0200,dw03,021B,20,2361,-52,-2108,1063,1.75,12329
ground-height-2m-20260828-133428,d024m_r090_run01.csv,2,24,90,dw00;dw01;dw02;dw03;dw04;dw05;dw06;dw07;dw08,dw00;dw01;dw02;dw03;dw04;dw05;dw06;dw07;dw08,dw08,165,1,2026-08-30T08:19:15.973+0200,dw08,028E,82,2371,-94,2371,0,2.38,22277
ground-height-2m-20260828-133428,d024m_r090_run01.csv,2,24,90,dw00;dw01;dw02;dw03;dw04;dw05;dw06;dw07;dw08,dw00;dw01;dw02;dw03;dw04;dw05;dw06;dw07;dw08,dw08,55,1,2026-08-30T08:19:16.002+0200,dw02,8FB0,33,2372,-92,2372,0,3.69,52368
ground-height-2m-20260828-133428,d024m_r090_run01.csv,2,24,90,dw00;dw01;dw02;dw03;dw04;dw05;dw06;dw07;dw08,dw00;dw01;dw02;dw03;dw04;dw05;dw06;dw07;dw08,dw08,105,1,2026-08-30T08:19:16.023+0200,dw05,4B92,17,2367,36,-825,2219,4.14,72296
ground-height-2m-20260828-133428,d024m_r090_run01.csv,2,24,90,dw00;dw01;dw02;dw03;dw04;dw05;dw06;dw07;dw08,dw00;dw01;dw02;dw03;dw04;dw05;dw06;dw07;dw08,dw08,125,1,2026-08-30T08:19:16.032+0200,dw06,0789,28,2376,94,17,2376,2.95,82305
ground-height-2m-20260828-133428,d024m_r090_run01.csv,2,24,90,dw00;dw01;dw02;dw03;dw04;dw05;dw06;dw07;dw08,dw00;dw01;dw02;dw03;dw04;dw05;dw06;dw07;dw08,dw08,15,1,2026-08-30T08:19:16.082+0200,dw00,8103,11,2382,-150,1705,1664,2.89,32257
ground-height-2m-20260828-133428,d024m_r090_run01.csv,2,24,90,dw00;dw01;dw02;dw03;dw04;dw05;dw06;dw07;dw08,dw00;dw01;dw02;dw03;dw04;dw05;dw06;dw07;dw08,dw08,35,1,2026-08-30T08:19:16.093+0200,dw01,1729,185,2379,-134,1939,1377,3.06,42297
ground-height-2m-20260828-133428,d024m_r090_run01.csv,2,24,90,dw00;dw01;dw02;dw03;dw04;dw05;dw06;dw07;dw08,dw00;dw01;dw02;dw03;dw04;dw05;dw06;dw07;dw08,dw08,90,1,2026-08-30T08:19:16.113+0200,dw04,0F85,4,2367,8,-1235,2019,1.19,62316
ground-height-2m-20260828-133428,d024m_r090_run01.csv,2,24,90,dw00;dw01;dw02;dw03;dw04;dw05;dw06;dw07;dw08,dw00;dw01;dw02;dw03;dw04;dw05;dw06;dw07;dw08,dw08,145,1,2026-08-30T08:19:16.143+0200,dw07,5783,246,2371,137,656,2278,3.39,2147483
ground-height-2m-20260828-133428,d024m_r090_run01.csv,2,24,90,dw00;dw01;dw02;dw03;dw04;dw05;dw06;dw07;dw08,dw00;dw01;dw02;dw03;dw04;dw05;dw06;dw07;dw08,dw08,75,1,2026-08-30T08:19:16.162+0200,dw03,021B,21,2364,-42,-1970,1306,1.75,12298
ground-height-2m-20260828-133428,d024m_r090_run01.csv,2,24,90,dw00;dw01;dw02;dw03;dw04;dw05;dw06;dw07;dw08,dw00;dw01;dw02;dw03;dw04;dw05;dw06;dw07;dw08,dw08,55,1,2026-08-30T08:19:16.202+0200,dw02,8FB0,34,2374,-87,2373,0,3.78,52337
ground-height-2m-20260828-133428,d024m_r090_run01.csv,2,24,90,dw00;dw01;dw02;dw03;dw04;dw05;dw06;dw07;dw08,dw00;dw01;dw02;dw03;dw04;dw05;dw06;dw07;dw08,dw08,105,1,2026-08-30T08:19:16.223+0200,dw05,4B92,18,2367,60,-469,2320,4.26,72296
ground-height-2m-20260828-133428,d024m_r090_run01.csv,2,24,90,dw00;dw01;dw02;dw03;dw04;dw05;dw06;dw07;dw08,dw00;dw01;dw02;dw03;dw04;dw05;dw06;dw07;dw08,dw08,125,1,2026-08-30T08:19:16.233+0200,dw06,0789,29,2373,85,-108,2370,2.95,82275
ground-height-2m-20260828-133428,d024m_r090_run01.csv,2,24,90,dw00;dw01;dw02;dw03;dw04;dw05;dw06;dw07;dw08,dw00;dw01;dw02;dw03;dw04;dw05;dw06;dw07;dw08,dw08,15,1,2026-08-30T08:19:16.282+0200,dw00,8103,12,2384,-154,1659,1712,2.83,32257
ground-height-2m-20260828-133428,d024m_r090_run01.csv,2,24,90,dw00;dw01;dw02;dw03;dw04;dw05;dw06;dw07;dw08,dw00;dw01;dw02;dw03;dw04;dw05;dw06;dw07;dw08,dw08,35,1,2026-08-30T08:19:16.292+0200,dw01,1729,186,2375,-121,2128,1055,3.06,42327
ground-height-2m-20260828-133428,d024m_r090_run01.csv,2,24,90,dw00;dw01;dw02;dw03;dw04;dw05;dw06;dw07;dw08,dw00;dw01;dw02;dw03;dw04;dw05;dw06;dw07;dw08,dw08,90,1,2026-08-30T08:19:16.313+0200,dw04,0F85,5,2365,8,-1227,2021,2.59,62286
ground-height-2m-20260828-133428,d024m_r090_run01.csv,2,24,90,dw00;dw01;dw02;dw03;dw04;dw05;dw06;dw07;dw08,dw00;dw01;dw02;dw03;dw04;dw05;dw06;dw07;dw08,dw08,145,1,2026-08-30T08:19:16.342+0200,dw07,5783,247,2371,138,669,2274,3.33,2147483
ground-height-2m-20260828-133428,d024m_r090_run01.csv,2,24,90,dw00;dw01;dw02;dw03;dw04;dw05;dw06;dw07;dw08,dw00;dw01;dw02;dw03;dw04;dw05;dw06;dw07;dw08,dw08,75,1,2026-08-30T08:19:16.363+0200,dw03,021B,22,2359,-38,-1905,1391,1.81,12298
ground-height-2m-20260828-133428,d024m_r090_run01.csv,2,24,90,dw00;dw01;dw02;dw03;dw04;dw05;dw06;dw07;dw08,dw00;dw01;dw02;dw03;dw04;dw05;dw06;dw07;dw08,dw08,165,1,2026-08-30T08:19:16.372+0200,dw08,028E,84,2370,-136,1911,1403,2.26,22308
ground-height-2m-20260828-133428,d024m_r090_run01.csv,2,24,90,dw00;dw01;dw02;dw03;dw04;dw05;dw06;dw07;dw08,dw00;dw01;dw02;dw03;dw04;dw05;dw06;dw07;dw08,dw08,55,1,2026-08-30T08:19:16.403+0200,dw02,8FB0,35,2373,-84,-2373,0,3.78,52368
ground-height-2m-20260828-133428,d024m_r090_run01.csv,2,24,90,dw00;dw01;dw02;dw03;dw04;dw05;dw06;dw07;dw08,dw00;dw01;dw02;dw03;dw04;dw05;dw06;dw07;dw08,dw08,105,1,2026-08-30T08:19:16.422+0200,dw05,4B92,19,2369,49,-626,2285,4.26,72296
ground-height-2m-20260828-133428,d024m_r090_run01.csv,2,24,90,dw00;dw01;dw02;dw03;dw04;dw05;dw06;dw07;dw08,dw00;dw01;dw02;dw03;dw04;dw05;dw06;dw07;dw08,dw08,125,1,2026-08-30T08:19:16.433+0200,dw06,0789,30,2378,95,43,2378,3.01,82336
ground-height-2m-20260828-133428,d024m_r090_run01.csv,2,24,90,dw00;dw01;dw02;dw03;dw04;dw05;dw06;dw07;dw08,dw00;dw01;dw02;dw03;dw04;dw05;dw06;dw07;dw08,dw08,15,1,2026-08-30T08:19:16.483+0200,dw00,8103,13,2384,-148,1743,1627,2.83,32257
ground-height-2m-20260828-133428,d024m_r090_run01.csv,2,24,90,dw00;dw01;dw02;dw03;dw04;dw05;dw06;dw07;dw08,dw00;dw01;dw02;dw03;dw04;dw05;dw06;dw07;dw08,dw08,35,1,2026-08-30T08:19:16.492+0200,dw01,1729,187,2372,-142,1825,1516,2.95,42327
ground-height-2m-20260828-133428,d024m_r090_run01.csv,2,24,90,dw00;dw01;dw02;dw03;dw04;dw05;dw06;dw07;dw08,dw00;dw01;dw02;dw03;dw04;dw05;dw06;dw07;dw08,dw08,145,1,2026-08-30T08:19:16.542+0200,dw07,5783,248,2370,134,610,2290,3.27,2147483
ground-height-2m-20260828-133428,d024m_r090_run01.csv,2,24,90,dw00;dw01;dw02;dw03;dw04;dw05;dw06;dw07;dw08,dw00;dw01;dw02;dw03;dw04;dw05;dw06;dw07;dw08,dw08,75,1,2026-08-30T08:19:16.563+0200,dw03,021B,23,2361,-48,-2054,1165,1.75,12298
ground-height-2m-20260828-133428,d024m_r090_run01.csv,2,24,90,dw00;dw01;dw02;dw03;dw04;dw05;dw06;dw07;dw08,dw00;dw01;dw02;dw03;dw04;dw05;dw06;dw07;dw08,dw08,165,1,2026-08-30T08:19:16.572+0200,dw08,028E,85,2369,-101,2369,0,2.38,22308
ground-height-2m-20260828-133428,d024m_r090_run01.csv,2,24,90,dw00;dw01;dw02;dw03;dw04;dw05;dw06;dw07;dw08,dw00;dw01;dw02;dw03;dw04;dw05;dw06;dw07;dw08,dw08,55,1,2026-08-30T08:19:16.603+0200,dw02,8FB0,36,2371,-101,2371,0,3.72,52337
ground-height-2m-20260828-133428,d024m_r090_run01.csv,2,24,90,dw00;dw01;dw02;dw03;dw04;dw05;dw06;dw07;dw08,dw00;dw01;dw02;dw03;dw04;dw05;dw06;dw07;dw08,dw08,105,1,2026-08-30T08:19:16.622+0200,dw05,4B92,20,2370,42,-743,2250,4.26,72296
ground-height-2m-20260828-133428,d024m_r090_run01.csv,2,24,90,dw00;dw01;dw02;dw03;dw04;dw05;dw06;dw07;dw08,dw00;dw01;dw02;dw03;dw04;dw05;dw06;dw07;dw08,dw08,125,1,2026-08-30T08:19:16.632+0200,dw06,0789,31,2378,93,1,2378,2.89,82275
ground-height-2m-20260828-133428,d024m_r090_run01.csv,2,24,90,dw00;dw01;dw02;dw03;dw04;dw05;dw06;dw07;dw08,dw00;dw01;dw02;dw03;dw04;dw05;dw06;dw07;dw08,dw08,15,1,2026-08-30T08:19:16.683+0200,dw00,8103,14,2382,-158,1597,1766,2.77,32257
ground-height-2m-20260828-133428,d024m_r090_run01.csv,2,24,90,dw00;dw01;dw02;dw03;dw04;dw05;dw06;dw07;dw08,dw00;dw01;dw02;dw03;dw04;dw05;dw06;dw07;dw08,dw08,35,1,2026-08-30T08:19:16.693+0200,dw01,1729,188,2378,-114,2238,802,2.89,42327
ground-height-2m-20260828-133428,d024m_r090_run01.csv,2,24,90,dw00;dw01;dw02;dw03;dw04;dw05;dw06;dw07;dw08,dw00;dw01;dw02;dw03;dw04;dw05;dw06;dw07;dw08,dw08,145,1,2026-08-30T08:19:16.742+0200,dw07,5783,249,2370,131,565,2302,3.39,2147483
ground-height-2m-20260828-133428,d024m_r090_run01.csv,2,24,90,dw00;dw01;dw02;dw03;dw04;dw05;dw06;dw07;dw08,dw00;dw01;dw02;dw03;dw04;dw05;dw06;dw07;dw08,dw08,75,1,2026-08-30T08:19:16.762+0200,dw03,021B,24,2364,-39,-1936,1357,1.87,12298
ground-height-2m-20260828-133428,d024m_r090_run01.csv,2,24,90,dw00;dw01;dw02;dw03;dw04;dw05;dw06;dw07;dw08,dw00;dw01;dw02;dw03;dw04;dw05;dw06;dw07;dw08,dw08,165,1,2026-08-30T08:19:16.773+0200,dw08,028E,86,2369,-151,1679,1672,2.38,22277
ground-height-2m-20260828-133428,d024m_r090_run01.csv,2,24,90,dw00;dw01;dw02;dw03;dw04;dw05;dw06;dw07;dw08,dw00;dw01;dw02;dw03;dw04;dw05;dw06;dw07;dw08,dw08,55,1,2026-08-30T08:19:16.802+0200,dw02,8FB0,37,2372,-87,2372,0,3.69,52337
ground-height-2m-20260828-133428,d024m_r090_run01.csv,2,24,90,dw00;dw01;dw02;dw03;dw04;dw05;dw06;dw07;dw08,dw00;dw01;dw02;dw03;dw04;dw05;dw06;dw07;dw08,dw08,105,1,2026-08-30T08:19:16.822+0200,dw05,4B92,21,2367,52,-592,2292,4.20,72357
ground-height-2m-20260828-133428,d024m_r090_run01.csv,2,24,90,dw00;dw01;dw02;dw03;dw04;dw05;dw06;dw07;dw08,dw00;dw01;dw02;dw03;dw04;dw05;dw06;dw07;dw08,dw08,125,1,2026-08-30T08:19:16.832+0200,dw06,0789,32,2374,93,5,2374,3.01,82244
ground-height-2m-20260828-133428,d024m_r090_run01.csv,2,24,90,dw00;dw01;dw02;dw03;dw04;dw05;dw06;dw07;dw08,dw00;dw01;dw02;dw03;dw04;dw05;dw06;dw07;dw08,dw08,15,1,2026-08-30T08:19:16.882+0200,dw00,8103,15,2384,-154,1646,1724,2.83,32257
ground-height-2m-20260828-133428,d024m_r090_run01.csv,2,24,90,dw00;dw01;dw02;dw03;dw04;dw05;dw06;dw07;dw08,dw00;dw01;dw02;dw03;dw04;dw05;dw06;dw07;dw08,dw08,35,1,2026-08-30T08:19:16.893+0200,dw01,1729,189,2377,-150,1710,1652,3.15,42297
ground-height-2m-20260828-133428,d024m_r090_run01.csv,2,24,90,dw00;dw01;dw02;dw03;dw04;dw05;dw06;dw07;dw08,dw00;dw01;dw02;dw03;dw04;dw05;dw06;dw07;dw08,dw08,90,1,2026-08-30T08:19:16.912+0200,dw04,0F85,8,2362,6,-1259,1998,2.83,62347
ground-height-2m-20260828-133428,d024m_r090_run01.csv,2,24,90,dw00;dw01;dw02;dw03;dw04;dw05;dw06;dw07;dw08,dw00;dw01;dw02;dw03;dw04;dw05;dw06;dw07;dw08,dw08,145,1,2026-08-30T08:19:16.942+0200,dw07,5783,250,2376,138,666,2281,3.33,2147483
ground-height-2m-20260828-133428,d024m_r090_run01.csv,2,24,90,dw00;dw01;dw02;dw03;dw04;dw05;dw06;dw07;dw08,dw00;dw01;dw02;dw03;dw04;dw05;dw06;dw07;dw08,dw08,75,1,2026-08-30T08:19:16.962+0200,dw03,021B,25,2363,-31,-1808,1520,1.81,12298
ground-height-2m-20260828-133428,d024m_r090_run01.csv,2,24,90,dw00;dw01;dw02;dw03;dw04;dw05;dw06;dw07;dw08,dw00;dw01;dw02;dw03;dw04;dw05;dw06;dw07;dw08,dw08,165,1,2026-08-30T08:19:16.972+0200,dw08,028E,87,2373,-33,-1852,1484,2.44,22277
ground-height-2m-20260828-133428,d024m_r090_run01.csv,2,24,90,dw00;dw01;dw02;dw03;dw04;dw05;dw06;dw07;dw08,dw00;dw01;dw02;dw03;dw04;dw05;dw06;dw07;dw08,dw08,55,1,2026-08-30T08:19:17.002+0200,dw02,8FB0,38,2373,-97,2373,0,3.84,52368
ground-height-2m-20260828-133428,d024m_r090_run01.csv,2,24,90,dw00;dw01;dw02;dw03;dw04;dw05;dw06;dw07;dw08,dw00;dw01;dw02;dw03;dw04;dw05;dw06;dw07;dw08,dw08,105,1,2026-08-30T08:19:17.023+0200,dw05,4B92,22,2370,55,-544,2307,4.26,72265
ground-height-2m-20260828-133428,d024m_r090_run01.csv,2,24,90,dw00;dw01;dw02;dw03;dw04;dw05;dw06;dw07;dw08,dw00;dw01;dw02;dw03;dw04;dw05;dw06;dw07;dw08,dw08,125,1,2026-08-30T08:19:17.032+0200,dw06,0789,33,2380,105,180,2373,2.95,82305
ground-height-2m-20260828-133428,d024m_r090_run01.csv,2,24,90,dw00;dw01;dw02;dw03;dw04;dw05;dw06;dw07;dw08,dw00;dw01;dw02;dw03;dw04;dw05;dw06;dw07;dw08,dw08,15,1,2026-08-30T08:19:17.082+0200,dw00,8103,16,2382,-162,1539,1818,2.77,32287
ground-height-2m-20260828-133428,d024m_r090_run01.csv,2,24,90,dw00;dw01;dw02;dw03;dw04;dw05;dw06;dw07;dw08,dw00;dw01;dw02;dw03;dw04;dw05;dw06;dw07;dw08,dw08,35,1,2026-08-30T08:19:17.092+0200,dw01,1729,190,2379,-143,1812,1542,3.06,42297
ground-height-2m-20260828-133428,d024m_r090_run01.csv,2,24,90,dw00;dw01;dw02;dw03;dw04;dw05;dw06;dw07;dw08,dw00;dw01;dw02;dw03;dw04;dw05;dw06;dw07;dw08,dw08,145,1,2026-08-30T08:19:17.142+0200,dw07,5783,251,2371,145,768,2243,3.33,2147483
ground-height-2m-20260828-133428,d024m_r090_run01.csv,2,24,90,dw00;dw01;dw02;dw03;dw04;dw05;dw06;dw07;dw08,dw00;dw01;dw02;dw03;dw04;dw05;dw06;dw07;dw08,dw08,75,1,2026-08-30T08:19:17.162+0200,dw03,021B,26,2360,-35,-1866,1444,1.87,12298
ground-height-2m-20260828-133428,d024m_r090_run01.csv,2,24,90,dw00;dw01;dw02;dw03;dw04;dw05;dw06;dw07;dw08,dw00;dw01;dw02;dw03;dw04;dw05;dw06;dw07;dw08,dw08,55,1,2026-08-30T08:19:17.202+0200,dw02,8FB0,39,2373,-97,2373,0,3.69,52368
ground-height-2m-20260828-133428,d024m_r090_run01.csv,2,24,90,dw00;dw01;dw02;dw03;dw04;dw05;dw06;dw07;dw08,dw00;dw01;dw02;dw03;dw04;dw05;dw06;dw07;dw08,dw08,105,1,2026-08-30T08:19:17.222+0200,dw05,4B92,23,2371,48,-647,2281,4.26,72326
ground-height-2m-20260828-133428,d024m_r090_run01.csv,2,24,90,dw00;dw01;dw02;dw03;dw04;dw05;dw06;dw07;dw08,dw00;dw01;dw02;dw03;dw04;dw05;dw06;dw07;dw08,dw08,125,1,2026-08-30T08:19:17.232+0200,dw06,0789,34,2380,94,24,2380,2.89,82305
ground-height-2m-20260828-133428,d024m_r090_run01.csv,2,24,90,dw00;dw01;dw02;dw03;dw04;dw05;dw06;dw07;dw08,dw00;dw01;dw02;dw03;dw04;dw05;dw06;dw07;dw08,dw08,15,1,2026-08-30T08:19:17.282+0200,dw00,8103,17,2382,-169,1430,1905,2.83,32318
ground-height-2m-20260828-133428,d024m_r090_run01.csv,2,24,90,dw00;dw01;dw02;dw03;dw04;dw05;dw06;dw07;dw08,dw00;dw01;dw02;dw03;dw04;dw05;dw06;dw07;dw08,dw08,35,1,2026-08-30T08:19:17.292+0200,dw01,1729,191,2376,-137,1901,1426,3.06,42297
ground-height-2m-20260828-133428,d024m_r090_run01.csv,2,24,90,dw00;dw01;dw02;dw03;dw04;dw05;dw06;dw07;dw08,dw00;dw01;dw02;dw03;dw04;dw05;dw06;dw07;dw08,dw08,145,1,2026-08-30T08:19:17.342+0200,dw07,5783,252,2370,143,738,2252,3.33,2147483
ground-height-2m-20260828-133428,d024m_r090_run01.csv,2,24,90,dw00;dw01;dw02;dw03;dw04;dw05;dw06;dw07;dw08,dw00;dw01;dw02;dw03;dw04;dw05;dw06;dw07;dw08,dw08,75,1,2026-08-30T08:19:17.362+0200,dw03,021B,27,2361,-35,-1865,1448,1.75,12298
ground-height-2m-20260828-133428,d024m_r090_run01.csv,2,24,90,dw00;dw01;dw02;dw03;dw04;dw05;dw06;dw07;dw08,dw00;dw01;dw02;dw03;dw04;dw05;dw06;dw07;dw08,dw08,55,1,2026-08-30T08:19:17.402+0200,dw02,8FB0,40,2372,-92,2372,0,3.75,52368
ground-height-2m-20260828-133428,d024m_r090_run01.csv,2,24,90,dw00;dw01;dw02;dw03;dw04;dw05;dw06;dw07;dw08,dw00;dw01;dw02;dw03;dw04;dw05;dw06;dw07;dw08,dw08,105,1,2026-08-30T08:19:17.422+0200,dw05,4B92,24,2370,43,-726,2256,4.20,72296
ground-height-2m-20260828-133428,d024m_r090_run01.csv,2,24,90,dw00;dw01;dw02;dw03;dw04;dw05;dw06;dw07;dw08,dw00;dw01;dw02;dw03;dw04;dw05;dw06;dw07;dw08,dw08,125,1,2026-08-30T08:19:17.432+0200,dw06,0789,35,2379,79,-196,2371,3.06,82305
ground-height-2m-20260828-133428,d024m_r090_run01.csv,2,24,90,dw00;dw01;dw02;dw03;dw04;dw05;dw06;dw07;dw08,dw00;dw01;dw02;dw03;dw04;dw05;dw06;dw07;dw08,dw08,15,1,2026-08-30T08:19:17.481+0200,dw00,8103,18,2379,-146,1771,1588,2.83,32257
ground-height-2m-20260828-133428,d024m_r090_run01.csv,2,24,90,dw00;dw01;dw02;dw03;dw04;dw05;dw06;dw07;dw08,dw00;dw01;dw02;dw03;dw04;dw05;dw06;dw07;dw08,dw08,35,1,2026-08-30T08:19:17.492+0200,dw01,1729,192,2376,-114,2237,799,2.77,42327
ground-height-2m-20260828-133428,d024m_r090_run01.csv,2,24,90,dw00;dw01;dw02;dw03;dw04;dw05;dw06;dw07;dw08,dw00;dw01;dw02;dw03;dw04;dw05;dw06;dw07;dw08,dw08,145,1,2026-08-30T08:19:17.542+0200,dw07,5783,253,2372,146,788,2237,3.33,2147483
ground-height-2m-20260828-133428,d024m_r090_run01.csv,2,24,90,dw00;dw01;dw02;dw03;dw04;dw05;dw06;dw07;dw08,dw00;dw01;dw02;dw03;dw04;dw05;dw06;dw07;dw08,dw08,75,1,2026-08-30T08:19:17.562+0200,dw03,021B,28,2363,-47,-2037,1197,1.81,12329
ground-height-2m-20260828-133428,d024m_r090_run01.csv,2,24,90,dw00;dw01;dw02;dw03;dw04;dw05;dw06;dw07;dw08,dw00;dw01;dw02;dw03;dw04;dw05;dw06;dw07;dw08,dw08,55,1,2026-08-30T08:19:17.602+0200,dw02,8FB0,41,2372,-92,2372,0,3.69,52337
ground-height-2m-20260828-133428,d024m_r090_run01.csv,2,24,90,dw00;dw01;dw02;dw03;dw04;dw05;dw06;dw07;dw08,dw00;dw01;dw02;dw03;dw04;dw05;dw06;dw07;dw08,dw08,105,1,2026-08-30T08:19:17.622+0200,dw05,4B92,25,2369,36,-821,2222,4.14,72296
ground-height-2m-20260828-133428,d024m_r090_run01.csv,2,24,90,dw00;dw01;dw02;dw03;dw04;dw05;dw06;dw07;dw08,dw00;dw01;dw02;dw03;dw04;dw05;dw06;dw07;dw08,dw08,125,1,2026-08-30T08:19:17.632+0200,dw06,0789,36,2376,91,-21,2376,2.95,82336
ground-height-2m-20260828-133428,d024m_r090_run01.csv,2,24,90,dw00;dw01;dw02;dw03;dw04;dw05;dw06;dw07;dw08,dw00;dw01;dw02;dw03;dw04;dw05;dw06;dw07;dw08,dw08,15,1,2026-08-30T08:19:17.682+0200,dw00,8103,19,2381,-157,1609,1755,2.95,32257
ground-height-2m-20260828-133428,d024m_r090_run01.csv,2,24,90,dw00;dw01;dw02;dw03;dw04;dw05;dw06;dw07;dw08,dw00;dw01;dw02;dw03;dw04;dw05;dw06;dw07;dw08,dw08,35,1,2026-08-30T08:19:17.692+0200,dw01,1729,193,2374,-133,1948,1357,3.01,42297
ground-height-2m-20260828-133428,d024m_r090_run01.csv,2,24,90,dw00;dw01;dw02;dw03;dw04;dw05;dw06;dw07;dw08,dw00;dw01;dw02;dw03;dw04;dw05;dw06;dw07;dw08,dw08,145,1,2026-08-30T08:19:17.742+0200,dw07,5783,254,2372,140,695,2268,3.33,2147483
ground-height-2m-20260828-133428,d024m_r090_run01.csv,2,24,90,dw00;dw01;dw02;dw03;dw04;dw05;dw06;dw07;dw08,dw00;dw01;dw02;dw03;dw04;dw05;dw06;dw07;dw08,dw08,75,1,2026-08-30T08:19:17.762+0200,dw03,021B,29,2362,-38,-1912,1387,1.93,12298
ground-height-2m-20260828-133428,d024m_r090_run01.csv,2,24,90,dw00;dw01;dw02;dw03;dw04;dw05;dw06;dw07;dw08,dw00;dw01;dw02;dw03;dw04;dw05;dw06;dw07;dw08,dw08,55,1,2026-08-30T08:19:17.802+0200,dw02,8FB0,42,2373,-98,2373,0,3.72,52368
ground-height-2m-20260828-133428,d024m_r090_run01.csv,2,24,90,dw00;dw01;dw02;dw03;dw04;dw05;dw06;dw07;dw08,dw00;dw01;dw02;dw03;dw04;dw05;dw06;dw07;dw08,dw08,105,1,2026-08-30T08:19:17.822+0200,dw05,4B92,26,2367,49,-635,2281,4.26,72296
ground-height-2m-20260828-133428,d024m_r090_run01.csv,2,24,90,dw00;dw01;dw02;dw03;dw04;dw05;dw06;dw07;dw08,dw00;dw01;dw02;dw03;dw04;dw05;dw06;dw07;dw08,dw08,125,1,2026-08-30T08:19:17.832+0200,dw06,0789,37,2372,94,24,2372,3.06,82305
ground-height-2m-20260828-133428,d024m_r090_run01.csv,2,24,90,dw00;dw01;dw02;dw03;dw04;dw05;dw06;dw07;dw08,dw00;dw01;dw02;dw03;dw04;dw05;dw06;dw07;dw08,dw08,15,1,2026-08-30T08:19:17.882+0200,dw00,8103,20,2381,-159,1571,1788,2.89,32257
ground-height-2m-20260828-133428,d024m_r090_run01.csv,2,24,90,dw00;dw01;dw02;dw03;dw04;dw05;dw06;dw07;dw08,dw00;dw01;dw02;dw03;dw04;dw05;dw06;dw07;dw08,dw08,35,1,2026-08-30T08:19:17.892+0200,dw01,1729,194,2374,-131,1980,1310,3.01,42297
ground-height-2m-20260828-133428,d024m_r090_run01.csv,2,24,90,dw00;dw01;dw02;dw03;dw04;dw05;dw06;dw07;dw08,dw00;dw01;dw02;dw03;dw04;dw05;dw06;dw07;dw08,dw08,145,1,2026-08-30T08:19:17.941+0200,dw07,5783,255,2368,124,466,2322,3.33,2147483
ground-height-2m-20260828-133428,d024m_r090_run01.csv,2,24,90,dw00;dw01;dw02;dw03;dw04;dw05;dw06;dw07;dw08,dw00;dw01;dw02;dw03;dw04;dw05;dw06;dw07;dw08,dw08,75,1,2026-08-30T08:19:17.962+0200,dw03,021B,30,2362,-35,-1870,1443,1.81,12298
ground-height-2m-20260828-133428,d024m_r090_run01.csv,2,24,90,dw00;dw01;dw02;dw03;dw04;dw05;dw06;dw07;dw08,dw00;dw01;dw02;dw03;dw04;dw05;dw06;dw07;dw08,dw08,55,1,2026-08-30T08:19:18.002+0200,dw02,8FB0,43,2372,-86,-2372,0,3.69,52337
ground-height-2m-20260828-133428,d024m_r090_run01.csv,2,24,90,dw00;dw01;dw02;dw03;dw04;dw05;dw06;dw07;dw08,dw00;dw01;dw02;dw03;dw04;dw05;dw06;dw07;dw08,dw08,105,1,2026-08-30T08:19:18.021+0200,dw05,4B92,27,2368,46,-682,2267,4.26,72296
ground-height-2m-20260828-133428,d024m_r090_run01.csv,2,24,90,dw00;dw01;dw02;dw03;dw04;dw05;dw06;dw07;dw08,dw00;dw01;dw02;dw03;dw04;dw05;dw06;dw07;dw08,dw08,125,1,2026-08-30T08:19:18.032+0200,dw06,0789,38,2371,92,-11,2371,2.89,82305
ground-height-2m-20260828-133428,d024m_r090_run01.csv,2,24,90,dw00;dw01;dw02;dw03;dw04;dw05;dw06;dw07;dw08,dw00;dw01;dw02;dw03;dw04;dw05;dw06;dw07;dw08,dw08,15,1,2026-08-30T08:19:18.082+0200,dw00,8103,21,2380,-151,1687,1678,2.71,32257
ground-height-2m-20260828-133428,d024m_r090_run01.csv,2,24,90,dw00;dw01;dw02;dw03;dw04;dw05;dw06;dw07;dw08,dw00;dw01;dw02;dw03;dw04;dw05;dw06;dw07;dw08,dw08,35,1,2026-08-30T08:19:18.092+0200,dw01,1729,195,2375,-128,2023,1243,2.95,42297
ground-height-2m-20260828-133428,d024m_r090_run01.csv,2,24,90,dw00;dw01;dw02;dw03;dw04;dw05;dw06;dw07;dw08,dw00;dw01;dw02;dw03;dw04;dw05;dw06;dw07;dw08,dw08,145,1,2026-08-30T08:19:18.142+0200,dw07,5783,0,2367,121,410,2331,3.33,2147483
ground-height-2m-20260828-133428,d024m_r090_run01.csv,2,24,90,dw00;dw01;dw02;dw03;dw04;dw05;dw06;dw07;dw08,dw00;dw01;dw02;dw03;dw04;dw05;dw06;dw07;dw08,dw08,75,1,2026-08-30T08:19:18.162+0200,dw03,021B,31,2366,-42,-1974,1304,1.81,12298
ground-height-2m-20260828-133428,d024m_r090_run01.csv,2,24,90,dw00;dw01;dw02;dw03;dw04;dw05;dw06;dw07;dw08,dw00;dw01;dw02;dw03;dw04;dw05;dw06;dw07;dw08,dw08,55,1,2026-08-30T08:19:18.202+0200,dw02,8FB0,44,2370,-99,2370,0,3.78,52368
ground-height-2m-20260828-133428,d024m_r090_run01.csv,2,24,90,dw00;dw01;dw02;dw03;dw04;dw05;dw06;dw07;dw08,dw00;dw01;dw02;dw03;dw04;dw05;dw06;dw07;dw08,dw08,105,1,2026-08-30T08:19:18.222+0200,dw05,4B92,28,2368,48,-646,2278,4.20,72296
ground-height-2m-20260828-133428,d024m_r090_run01.csv,2,24,90,dw00;dw01;dw02;dw03;dw04;dw05;dw06;dw07;dw08,dw00;dw01;dw02;dw03;dw04;dw05;dw06;dw07;dw08,dw08,125,1,2026-08-30T08:19:18.231+0200,dw06,0789,39,2375,89,-49,2375,3.06,82275
ground-height-2m-20260828-133428,d024m_r090_run01.csv,2,24,90,dw00;dw01;dw02;dw03;dw04;dw05;dw06;dw07;dw08,dw00;dw01;dw02;dw03;dw04;dw05;dw06;dw07;dw08,dw08,15,1,2026-08-30T08:19:18.282+0200,dw00,8103,22,2382,-142,1820,1536,2.83,32257
ground-height-2m-20260828-133428,d024m_r090_run01.csv,2,24,90,dw00;dw01;dw02;dw03;dw04;dw05;dw06;dw07;dw08,dw00;dw01;dw02;dw03;dw04;dw05;dw06;dw07;dw08,dw08,35,1,2026-08-30T08:19:18.292+0200,dw01,1729,196,2376,-124,2090,1129,3.06,42327
ground-height-2m-20260828-133428,d024m_r090_run01.csv,2,24,90,dw00;dw01;dw02;dw03;dw04;dw05;dw06;dw07;dw08,dw00;dw01;dw02;dw03;dw04;dw05;dw06;dw07;dw08,dw08,145,1,2026-08-30T08:19:18.342+0200,dw07,5783,1,2373,121,418,2336,3.33,2147483
ground-height-2m-20260828-133428,d024m_r090_run01.csv,2,24,90,dw00;dw01;dw02;dw03;dw04;dw05;dw06;dw07;dw08,dw00;dw01;dw02;dw03;dw04;dw05;dw06;dw07;dw08,dw08,75,1,2026-08-30T08:19:18.361+0200,dw03,021B,32,2364,-36,-1884,1427,1.87,12298
ground-height-2m-20260828-133428,d024m_r090_run01.csv,2,24,90,dw00;dw01;dw02;dw03;dw04;dw05;dw06;dw07;dw08,dw00;dw01;dw02;dw03;dw04;dw05;dw06;dw07;dw08,dw08,55,1,2026-08-30T08:19:18.401+0200,dw02,8FB0,45,2370,-82,-2370,0,3.72,52368
ground-height-2m-20260828-133428,d024m_r090_run01.csv,2,24,90,dw00;dw01;dw02;dw03;dw04;dw05;dw06;dw07;dw08,dw00;dw01;dw02;dw03;dw04;dw05;dw06;dw07;dw08,dw08,105,1,2026-08-30T08:19:18.422+0200,dw05,4B92,29,2369,52,-595,2293,4.26,72296
ground-height-2m-20260828-133428,d024m_r090_run01.csv,2,24,90,dw00;dw01;dw02;dw03;dw04;dw05;dw06;dw07;dw08,dw00;dw01;dw02;dw03;dw04;dw05;dw06;dw07;dw08,dw08,125,1,2026-08-30T08:19:18.432+0200,dw06,0789,40,2374,97,61,2373,3.09,82275
ground-height-2m-20260828-133428,d024m_r090_run01.csv,2,24,90,dw00;dw01;dw02;dw03;dw04;dw05;dw06;dw07;dw08,dw00;dw01;dw02;dw03;dw04;dw05;dw06;dw07;dw08,dw08,15,1,2026-08-30T08:19:18.481+0200,dw00,8103,23,2383,-137,1902,1435,2.83,32287
ground-height-2m-20260828-133428,d024m_r090_run01.csv,2,24,90,dw00;dw01;dw02;dw03;dw04;dw05;dw06;dw07;dw08,dw00;dw01;dw02;dw03;dw04;dw05;dw06;dw07;dw08,dw08,35,1,2026-08-30T08:19:18.492+0200,dw01,1729,197,2376,-117,2195,911,2.83,42266
ground-height-2m-20260828-133428,d024m_r090_run01.csv,2,24,90,dw00;dw01;dw02;dw03;dw04;dw05;dw06;dw07;dw08,dw00;dw01;dw02;dw03;dw04;dw05;dw06;dw07;dw08,dw08,145,1,2026-08-30T08:19:18.542+0200,dw07,5783,2,2372,140,691,2269,3.27,2147483
ground-height-2m-20260828-133428,d024m_r090_run01.csv,2,24,90,dw00;dw01;dw02;dw03;dw04;dw05;dw06;dw07;dw08,dw00;dw01;dw02;dw03;dw04;dw05;dw06;dw07;dw08,dw08,75,1,2026-08-30T08:19:18.561+0200,dw03,021B,33,2359,-43,-1983,1277,1.87,12298
ground-height-2m-20260828-133428,d024m_r090_run01.csv,2,24,90,dw00;dw01;dw02;dw03;dw04;dw05;dw06;dw07;dw08,dw00;dw01;dw02;dw03;dw04;dw05;dw06;dw07;dw08,dw08,55,1,2026-08-30T08:19:18.601+0200,dw02,8FB0,46,2370,-88,2370,0,3.78,52368
ground-height-2m-20260828-133428,d024m_r090_run01.csv,2,24,90,dw00;dw01;dw02;dw03;dw04;dw05;dw06;dw07;dw08,dw00;dw01;dw02;dw03;dw04;dw05;dw06;dw07;dw08,dw08,105,1,2026-08-30T08:19:18.622+0200,dw05,4B92,30,2369,39,-780,2237,4.14,72296
ground-height-2m-20260828-133428,d024m_r090_run01.csv,2,24,90,dw00;dw01;dw02;dw03;dw04;dw05;dw06;dw07;dw08,dw00;dw01;dw02;dw03;dw04;dw05;dw06;dw07;dw08,dw08,125,1,2026-08-30T08:19:18.632+0200,dw06,0789,41,2376,74,-268,2361,3.06,82305
ground-height-2m-20260828-133428,d024m_r090_run01.csv,2,24,90,dw00;dw01;dw02;dw03;dw04;dw05;dw06;dw07;dw08,dw00;dw01;dw02;dw03;dw04;dw05;dw06;dw07;dw08,dw08,15,1,2026-08-30T08:19:18.682+0200,dw00,8103,24,2384,-158,1588,1778,2.71,32226
ground-height-2m-20260828-133428,d024m_r090_run01.csv,2,24,90,dw00;dw01;dw02;dw03;dw04;dw05;dw06;dw07;dw08,dw00;dw01;dw02;dw03;dw04;dw05;dw06;dw07;dw08,dw08,35,1,2026-08-30T08:19:18.691+0200,dw01,1729,198,2376,-127,2037,1222,2.83,42327
ground-height-2m-20260828-133428,d024m_r090_run01.csv,2,24,90,dw00;dw01;dw02;dw03;dw04;dw05;dw06;dw07;dw08,dw00;dw01;dw02;dw03;dw04;dw05;dw06;dw07;dw08,dw08,145,1,2026-08-30T08:19:18.741+0200,dw07,5783,3,2372,149,822,2225,3.15,2147483
ground-height-2m-20260828-133428,d024m_r090_run01.csv,2,24,90,dw00;dw01;dw02;dw03;dw04;dw05;dw06;dw07;dw08,dw00;dw01;dw02;dw03;dw04;dw05;dw06;dw07;dw08,dw08,75,1,2026-08-30T08:19:18.762+0200,dw03,021B,34,2365,-41,-1963,1319,1.87,12298
ground-height-2m-20260828-133428,d024m_r090_run01.csv,2,24,90,dw00;dw01;dw02;dw03;dw04;dw05;dw06;dw07;dw08,dw00;dw01;dw02;dw03;dw04;dw05;dw06;dw07;dw08,dw08,55,1,2026-08-30T08:19:18.802+0200,dw02,8FB0,47,2372,-102,2372,0,3.69,52337
ground-height-2m-20260828-133428,d024m_r090_run01.csv,2,24,90,dw00;dw01;dw02;dw03;dw04;dw05;dw06;dw07;dw08,dw00;dw01;dw02;dw03;dw04;dw05;dw06;dw07;dw08,dw08,105,1,2026-08-30T08:19:18.821+0200,dw05,4B92,31,2365,41,-747,2244,4.02,72326
ground-height-2m-20260828-133428,d024m_r090_run01.csv,2,24,90,dw00;dw01;dw02;dw03;dw04;dw05;dw06;dw07;dw08,dw00;dw01;dw02;dw03;dw04;dw05;dw06;dw07;dw08,dw08,125,1,2026-08-30T08:19:18.832+0200,dw06,0789,42,2375,96,56,2375,2.95,82275
ground-height-2m-20260828-133428,d024m_r090_run01.csv,2,24,90,dw00;dw01;dw02;dw03;dw04;dw05;dw06;dw07;dw08,dw00;dw01;dw02;dw03;dw04;dw05;dw06;dw07;dw08,dw08,15,1,2026-08-30T08:19:18.882+0200,dw00,8103,25,2385,-156,1620,1751,2.83,32287
ground-height-2m-20260828-133428,d024m_r090_run01.csv,2,24,90,dw00;dw01;dw02;dw03;dw04;dw05;dw06;dw07;dw08,dw00;dw01;dw02;dw03;dw04;dw05;dw06;dw07;dw08,dw08,35,1,2026-08-30T08:19:18.891+0200,dw01,1729,199,2371,-121,2121,1060,2.83,42297
ground-height-2m-20260828-133428,d024m_r090_run01.csv,2,24,90,dw00;dw01;dw02;dw03;dw04;dw05;dw06;dw07;dw08,dw00;dw01;dw02;dw03;dw04;dw05;dw06;dw07;dw08,dw08,145,1,2026-08-30T08:19:18.941+0200,dw07,5783,4,2370,129,531,2310,3.33,2147483
ground-height-2m-20260828-133428,d024m_r090_run01.csv,2,24,90,dw00;dw01;dw02;dw03;dw04;dw05;dw06;dw07;dw08,dw00;dw01;dw02;dw03;dw04;dw05;dw06;dw07;dw08,dw08,75,1,2026-08-30T08:19:18.962+0200,dw03,021B,35,2362,-50,-2084,1112,1.81,12329
ground-height-2m-20260828-133428,d024m_r090_run01.csv,2,24,90,dw00;dw01;dw02;dw03;dw04;dw05;dw06;dw07;dw08,dw00;dw01;dw02;dw03;dw04;dw05;dw06;dw07;dw08,dw08,55,1,2026-08-30T08:19:19.002+0200,dw02,8FB0,48,2372,-89,2372,0,3.78,52337
ground-height-2m-20260828-133428,d024m_r090_run01.csv,2,24,90,dw00;dw01;dw02;dw03;dw04;dw05;dw06;dw07;dw08,dw00;dw01;dw02;dw03;dw04;dw05;dw06;dw07;dw08,dw08,105,1,2026-08-30T08:19:19.021+0200,dw05,4B92,32,2369,38,-794,2232,4.14,72265
ground-height-2m-20260828-133428,d024m_r090_run01.csv,2,24,90,dw00;dw01;dw02;dw03;dw04;dw05;dw06;dw07;dw08,dw00;dw01;dw02;dw03;dw04;dw05;dw06;dw07;dw08,dw08,125,1,2026-08-30T08:19:19.031+0200,dw06,0789,43,2378,95,36,2377,3.01,82305
ground-height-2m-20260828-133428,d024m_r090_run01.csv,2,24,90,dw00;dw01;dw02;dw03;dw04;dw05;dw06;dw07;dw08,dw00;dw01;dw02;dw03;dw04;dw05;dw06;dw07;dw08,dw08,15,1,2026-08-30T08:19:19.081+0200,dw00,8103,26,2386,-162,1537,1824,2.77,32257
ground-height-2m-20260828-133428,d024m_r090_run01.csv,2,24,90,dw00;dw01;dw02;dw03;dw04;dw05;dw06;dw07;dw08,dw00;dw01;dw02;dw03;dw04;dw05;dw06;dw07;dw08,dw08,35,1,2026-08-30T08:19:19.092+0200,dw01,1729,200,2372,-129,2004,1269,2.95,42327
ground-height-2m-20260828-133428,d024m_r090_run01.csv,2,24,90,dw00;dw01;dw02;dw03;dw04;dw05;dw06;dw07;dw08,dw00;dw01;dw02;dw03;dw04;dw05;dw06;dw07;dw08,dw08,145,1,2026-08-30T08:19:19.141+0200,dw07,5783,5,2371,130,545,2308,3.27,2147483
ground-height-2m-20260828-133428,d024m_r090_run01.csv,2,24,90,dw00;dw01;dw02;dw03;dw04;dw05;dw06;dw07;dw08,dw00;dw01;dw02;dw03;dw04;dw05;dw06;dw07;dw08,dw08,75,1,2026-08-30T08:19:19.161+0200,dw03,021B,36,2363,-36,-1888,1421,1.81,12298
ground-height-2m-20260828-133428,d024m_r090_run01.csv,2,24,90,dw00;dw01;dw02;dw03;dw04;dw05;dw06;dw07;dw08,dw00;dw01;dw02;dw03;dw04;dw05;dw06;dw07;dw08,dw08,55,1,2026-08-30T08:19:19.201+0200,dw02,8FB0,49,2370,-82,-2370,0,3.69,52337
ground-height-2m-20260828-133428,d024m_r090_run01.csv,2,24,90,dw00;dw01;dw02;dw03;dw04;dw05;dw06;dw07;dw08,dw00;dw01;dw02;dw03;dw04;dw05;dw06;dw07;dw08,dw08,105,1,2026-08-30T08:19:19.221+0200,dw05,4B92,33,2368,58,-508,2313,4.26,72326
ground-height-2m-20260828-133428,d024m_r090_run01.csv,2,24,90,dw00;dw01;dw02;dw03;dw04;dw05;dw06;dw07;dw08,dw00;dw01;dw02;dw03;dw04;dw05;dw06;dw07;dw08,dw08,125,1,2026-08-30T08:19:19.231+0200,dw06,0789,44,2375,103,150,2370,2.95,82305
ground-height-2m-20260828-133428,d024m_r090_run01.csv,2,24,90,dw00;dw01;dw02;dw03;dw04;dw05;dw06;dw07;dw08,dw00;dw01;dw02;dw03;dw04;dw05;dw06;dw07;dw08,dw08,15,1,2026-08-30T08:19:19.281+0200,dw00,8103,27,2384,-144,1802,1561,2.89,32257
ground-height-2m-20260828-133428,d024m_r090_run01.csv,2,24,90,dw00;dw01;dw02;dw03;dw04;dw05;dw06;dw07;dw08,dw00;dw01;dw02;dw03;dw04;dw05;dw06;dw07;dw08,dw08,35,1,2026-08-30T08:19:19.292+0200,dw01,1729,201,2374,-122,2116,1076,3.01,42297
ground-height-2m-20260828-133428,d024m_r090_run01.csv,2,24,90,dw00;dw01;dw02;dw03;dw04;dw05;dw06;dw07;dw08,dw00;dw01;dw02;dw03;dw04;dw05;dw06;dw07;dw08,dw08,145,1,2026-08-30T08:19:19.342+0200,dw07,5783,6,2374,141,703,2267,3.33,2147483
ground-height-2m-20260828-133428,d024m_r090_run01.csv,2,24,90,dw00;dw01;dw02;dw03;dw04;dw05;dw06;dw07;dw08,dw00;dw01;dw02;dw03;dw04;dw05;dw06;dw07;dw08,dw08,75,1,2026-08-30T08:19:19.361+0200,dw03,021B,37,2365,-26,-1741,1600,1.81,12298
ground-height-2m-20260828-133428,d024m_r090_run01.csv,2,24,90,dw00;dw01;dw02;dw03;dw04;dw05;dw06;dw07;dw08,dw00;dw01;dw02;dw03;dw04;dw05;dw06;dw07;dw08,dw08,55,1,2026-08-30T08:19:19.401+0200,dw02,8FB0,50,2374,-106,2346,366,3.78,52337
ground-height-2m-20260828-133428,d024m_r090_run01.csv,2,24,90,dw00;dw01;dw02;dw03;dw04;dw05;dw06;dw07;dw08,dw00;dw01;dw02;dw03;dw04;dw05;dw06;dw07;dw08,dw08,105,1,2026-08-30T08:19:19.422+0200,dw05,4B92,34,2371,49,-632,2285,4.29,72296
ground-height-2m-20260828-133428,d024m_r090_run01.csv,2,24,90,dw00;dw01;dw02;dw03;dw04;dw05;dw06;dw07;dw08,dw00;dw01;dw02;dw03;dw04;dw05;dw06;dw07;dw08,dw08,125,1,2026-08-30T08:19:19.431+0200,dw06,0789,45,2378,94,22,2378,3.01,82305
ground-height-2m-20260828-133428,d024m_r090_run01.csv,2,24,90,dw00;dw01;dw02;dw03;dw04;dw05;dw06;dw07;dw08,dw00;dw01;dw02;dw03;dw04;dw05;dw06;dw07;dw08,dw08,15,1,2026-08-30T08:19:19.481+0200,dw00,8103,28,2384,-149,1724,1647,2.71,32257
ground-height-2m-20260828-133428,d024m_r090_run01.csv,2,24,90,dw00;dw01;dw02;dw03;dw04;dw05;dw06;dw07;dw08,dw00;dw01;dw02;dw03;dw04;dw05;dw06;dw07;dw08,dw08,35,1,2026-08-30T08:19:19.491+0200,dw01,1729,202,2375,-127,2041,1215,2.83,42297
ground-height-2m-20260828-133428,d024m_r090_run01.csv,2,24,90,dw00;dw01;dw02;dw03;dw04;dw05;dw06;dw07;dw08,dw00;dw01;dw02;dw03;dw04;dw05;dw06;dw07;dw08,dw08,165,1,2026-08-30T08:19:19.500+0200,dw08,028E,2,2377,52,-587,2304,-10.49,51239
ground-height-2m-20260828-133428,d024m_r090_run01.csv,2,24,90,dw00;dw01;dw02;dw03;dw04;dw05;dw06;dw07;dw08,dw00;dw01;dw02;dw03;dw04;dw05;dw06;dw07;dw08,dw08,90,1,2026-08-30T08:19:19.511+0200,dw04,0F85,2,2365,-1,-1369,1928,1.13,62316
ground-height-2m-20260828-133428,d024m_r090_run01.csv,2,24,90,dw00;dw01;dw02;dw03;dw04;dw05;dw06;dw07;dw08,dw00;dw01;dw02;dw03;dw04;dw05;dw06;dw07;dw08,dw08,145,1,2026-08-30T08:19:19.541+0200,dw07,5783,7,2368,117,357,2341,3.33,2147483
ground-height-2m-20260828-133428,d024m_r090_run01.csv,2,24,90,dw00;dw01;dw02;dw03;dw04;dw05;dw06;dw07;dw08,dw00;dw01;dw02;dw03;dw04;dw05;dw06;dw07;dw08,dw08,75,1,2026-08-30T08:19:19.561+0200,dw03,021B,38,2366,-42,-1970,1309,1.93,12298
ground-height-2m-20260828-133428,d024m_r090_run01.csv,2,24,90,dw00;dw01;dw02;dw03;dw04;dw05;dw06;dw07;dw08,dw00;dw01;dw02;dw03;dw04;dw05;dw06;dw07;dw08,dw08,55,1,2026-08-30T08:19:19.601+0200,dw02,8FB0,51,2371,-95,2371,0,3.78,52368
ground-height-2m-20260828-133428,d024m_r090_run01.csv,2,24,90,dw00;dw01;dw02;dw03;dw04;dw05;dw06;dw07;dw08,dw00;dw01;dw02;dw03;dw04;dw05;dw06;dw07;dw08,dw08,105,1,2026-08-30T08:19:19.621+0200,dw05,4B92,35,2368,58,-499,2315,4.14,72296
ground-height-2m-20260828-133428,d024m_r090_run01.csv,2,24,90,dw00;dw01;dw02;dw03;dw04;dw05;dw06;dw07;dw08,dw00;dw01;dw02;dw03;dw04;dw05;dw06;dw07;dw08,dw08,125,1,2026-08-30T08:19:19.632+0200,dw06,0789,46,2379,108,226,2368,3.06,82336
ground-height-2m-20260828-133428,d024m_r090_run01.csv,2,24,90,dw00;dw01;dw02;dw03;dw04;dw05;dw06;dw07;dw08,dw00;dw01;dw02;dw03;dw04;dw05;dw06;dw07;dw08,dw08,165,1,2026-08-30T08:19:19.672+0200,dw08,028E,3,2373,38,-789,2237,0.83,22369
ground-height-2m-20260828-133428,d024m_r090_run01.csv,2,24,90,dw00;dw01;dw02;dw03;dw04;dw05;dw06;dw07;dw08,dw00;dw01;dw02;dw03;dw04;dw05;dw06;dw07;dw08,dw08,15,1,2026-08-30T08:19:19.681+0200,dw00,8103,29,2384,-163,1518,1838,2.89,32257
ground-height-2m-20260828-133428,d024m_r090_run01.csv,2,24,90,dw00;dw01;dw02;dw03;dw04;dw05;dw06;dw07;dw08,dw00;dw01;dw02;dw03;dw04;dw05;dw06;dw07;dw08,dw08,35,1,2026-08-30T08:19:19.691+0200,dw01,1729,203,2375,-124,2089,1131,2.95,42297
ground-height-2m-20260828-133428,d024m_r090_run01.csv,2,24,90,dw00;dw01;dw02;dw03;dw04;dw05;dw06;dw07;dw08,dw00;dw01;dw02;dw03;dw04;dw05;dw06;dw07;dw08,dw08,145,1,2026-08-30T08:19:19.741+0200,dw07,5783,8,2372,126,495,2320,3.27,2147483
ground-height-2m-20260828-133428,d024m_r090_run01.csv,2,24,90,dw00;dw01;dw02;dw03;dw04;dw05;dw06;dw07;dw08,dw00;dw01;dw02;dw03;dw04;dw05;dw06;dw07;dw08,dw08,75,1,2026-08-30T08:19:19.761+0200,dw03,021B,39,2360,-36,-1876,1432,1.87,12298
ground-height-2m-20260828-133428,d024m_r090_run01.csv,2,24,90,dw00;dw01;dw02;dw03;dw04;dw05;dw06;dw07;dw08,dw00;dw01;dw02;dw03;dw04;dw05;dw06;dw07;dw08,dw08,55,1,2026-08-30T08:19:19.801+0200,dw02,8FB0,52,2374,-95,2374,0,3.72,52337
ground-height-2m-20260828-133428,d024m_r090_run01.csv,2,24,90,dw00;dw01;dw02;dw03;dw04;dw05;dw06;dw07;dw08,dw00;dw01;dw02;dw03;dw04;dw05;dw06;dw07;dw08,dw08,105,1,2026-08-30T08:19:19.821+0200,dw05,4B92,36,2367,38,-786,2233,4.26,72296
ground-height-2m-20260828-133428,d024m_r090_run01.csv,2,24,90,dw00;dw01;dw02;dw03;dw04;dw05;dw06;dw07;dw08,dw00;dw01;dw02;dw03;dw04;dw05;dw06;dw07;dw08,dw08,125,1,2026-08-30T08:19:19.831+0200,dw06,0789,47,2374,89,-43,2374,3.09,82305
ground-height-2m-20260828-133428,d024m_r090_run01.csv,2,24,90,dw00;dw01;dw02;dw03;dw04;dw05;dw06;dw07;dw08,dw00;dw01;dw02;dw03;dw04;dw05;dw06;dw07;dw08,dw08,165,1,2026-08-30T08:19:19.871+0200,dw08,028E,4,2374,8,-1232,2029,2.38,22369
ground-height-2m-20260828-133428,d024m_r090_run01.csv,2,24,90,dw00;dw01;dw02;dw03;dw04;dw05;dw06;dw07;dw08,dw00;dw01;dw02;dw03;dw04;dw05;dw06;dw07;dw08,dw08,15,1,2026-08-30T08:19:19.882+0200,dw00,8103,30,2379,-153,1659,1704,2.83,32257
ground-height-2m-20260828-133428,d024m_r090_run01.csv,2,24,90,dw00;dw01;dw02;dw03;dw04;dw05;dw06;dw07;dw08,dw00;dw01;dw02;dw03;dw04;dw05;dw06;dw07;dw08,dw08,35,1,2026-08-30T08:19:19.891+0200,dw01,1729,204,2378,-145,1782,1574,3.15,42297
ground-height-2m-20260828-133428,d024m_r090_run01.csv,2,24,90,dw00;dw01;dw02;dw03;dw04;dw05;dw06;dw07;dw08,dw00;dw01;dw02;dw03;dw04;dw05;dw06;dw07;dw08,dw08,90,1,2026-08-30T08:19:19.926+0200,dw04,0F85,4,2368,4,-1286,1989,2.83,78002
ground-height-2m-20260828-133428,d024m_r090_run01.csv,2,24,90,dw00;dw01;dw02;dw03;dw04;dw05;dw06;dw07;dw08,dw00;dw01;dw02;dw03;dw04;dw05;dw06;dw07;dw08,dw08,145,1,2026-08-30T08:19:19.941+0200,dw07,5783,9,2369,139,675,2271,3.33,2147483
ground-height-2m-20260828-133428,d024m_r090_run01.csv,2,24,90,dw00;dw01;dw02;dw03;dw04;dw05;dw06;dw07;dw08,dw00;dw01;dw02;dw03;dw04;dw05;dw06;dw07;dw08,dw08,75,1,2026-08-30T08:19:19.961+0200,dw03,021B,40,2366,-42,-1977,1300,1.81,12298
ground-height-2m-20260828-133428,d024m_r090_run01.csv,2,24,90,dw00;dw01;dw02;dw03;dw04;dw05;dw06;dw07;dw08,dw00;dw01;dw02;dw03;dw04;dw05;dw06;dw07;dw08,dw08,55,1,2026-08-30T08:19:20.001+0200,dw02,8FB0,53,2371,-89,2371,0,3.72,52337
ground-height-2m-20260828-133428,d024m_r090_run01.csv,2,24,90,dw00;dw01;dw02;dw03;dw04;dw05;dw06;dw07;dw08,dw00;dw01;dw02;dw03;dw04;dw05;dw06;dw07;dw08,dw08,105,1,2026-08-30T08:19:20.021+0200,dw05,4B92,37,2368,36,-820,2222,4.20,72296
ground-height-2m-20260828-133428,d024m_r090_run01.csv,2,24,90,dw00;dw01;dw02;dw03;dw04;dw05;dw06;dw07;dw08,dw00;dw01;dw02;dw03;dw04;dw05;dw06;dw07;dw08,dw08,125,1,2026-08-30T08:19:20.031+0200,dw06,0789,48,2374,78,-205,2366,3.01,82275
ground-height-2m-20260828-133428,d024m_r090_run01.csv,2,24,90,dw00;dw01;dw02;dw03;dw04;dw05;dw06;dw07;dw08,dw00;dw01;dw02;dw03;dw04;dw05;dw06;dw07;dw08,dw08,15,1,2026-08-30T08:19:20.081+0200,dw00,8103,31,2382,-160,1559,1801,2.83,32257
ground-height-2m-20260828-133428,d024m_r090_run01.csv,2,24,90,dw00;dw01;dw02;dw03;dw04;dw05;dw06;dw07;dw08,dw00;dw01;dw02;dw03;dw04;dw05;dw06;dw07;dw08,dw08,35,1,2026-08-30T08:19:20.091+0200,dw01,1729,205,2374,-123,2100,1106,3.06,42327
ground-height-2m-20260828-133428,d024m_r090_run01.csv,2,24,90,dw00;dw01;dw02;dw03;dw04;dw05;dw06;dw07;dw08,dw00;dw01;dw02;dw03;dw04;dw05;dw06;dw07;dw08,dw08,90,1,2026-08-30T08:19:20.111+0200,dw04,0F85,5,2365,-3,-1398,1907,2.59,62316
ground-height-2m-20260828-133428,d024m_r090_run01.csv,2,24,90,dw00;dw01;dw02;dw03;dw04;dw05;dw06;dw07;dw08,dw00;dw01;dw02;dw03;dw04;dw05;dw06;dw07;dw08,dw08,145,1,2026-08-30T08:19:20.141+0200,dw07,5783,10,2376,133,599,2299,3.33,2147483
ground-height-2m-20260828-133428,d024m_r090_run01.csv,2,24,90,dw00;dw01;dw02;dw03;dw04;dw05;dw06;dw07;dw08,dw00;dw01;dw02;dw03;dw04;dw05;dw06;dw07;dw08,dw08,75,1,2026-08-30T08:19:20.161+0200,dw03,021B,41,2362,-36,-1889,1418,1.81,12298
ground-height-2m-20260828-133428,d024m_r090_run01.csv,2,24,90,dw00;dw01;dw02;dw03;dw04;dw05;dw06;dw07;dw08,dw00;dw01;dw02;dw03;dw04;dw05;dw06;dw07;dw08,dw08,55,1,2026-08-30T08:19:20.201+0200,dw02,8FB0,54,2371,-90,2371,0,3.69,52368
ground-height-2m-20260828-133428,d024m_r090_run01.csv,2,24,90,dw00;dw01;dw02;dw03;dw04;dw05;dw06;dw07;dw08,dw00;dw01;dw02;dw03;dw04;dw05;dw06;dw07;dw08,dw08,105,1,2026-08-30T08:19:20.221+0200,dw05,4B92,38,2365,44,-700,2259,4.02,72296
ground-height-2m-20260828-133428,d024m_r090_run01.csv,2,24,90,dw00;dw01;dw02;dw03;dw04;dw05;dw06;dw07;dw08,dw00;dw01;dw02;dw03;dw04;dw05;dw06;dw07;dw08,dw08,125,1,2026-08-30T08:19:20.231+0200,dw06,0789,49,2373,72,-295,2355,3.01,82336
ground-height-2m-20260828-133428,d024m_r090_run01.csv,2,24,90,dw00;dw01;dw02;dw03;dw04;dw05;dw06;dw07;dw08,dw00;dw01;dw02;dw03;dw04;dw05;dw06;dw07;dw08,dw08,15,1,2026-08-30T08:19:20.281+0200,dw00,8103,32,2382,-153,1664,1704,2.83,32257
ground-height-2m-20260828-133428,d024m_r090_run01.csv,2,24,90,dw00;dw01;dw02;dw03;dw04;dw05;dw06;dw07;dw08,dw00;dw01;dw02;dw03;dw04;dw05;dw06;dw07;dw08,dw08,165,1,2026-08-30T08:19:20.287+0200,dw08,028E,6,2370,69,-341,2346,2.50,37994
ground-height-2m-20260828-133428,d024m_r090_run01.csv,2,24,90,dw00;dw01;dw02;dw03;dw04;dw05;dw06;dw07;dw08,dw00;dw01;dw02;dw03;dw04;dw05;dw06;dw07;dw08,dw08,145,1,2026-08-30T08:19:20.340+0200,dw07,5783,11,2372,124,463,2326,3.33,2147483
ground-height-2m-20260828-133428,d024m_r090_run01.csv,2,24,90,dw00;dw01;dw02;dw03;dw04;dw05;dw06;dw07;dw08,dw00;dw01;dw02;dw03;dw04;dw05;dw06;dw07;dw08,dw08,75,1,2026-08-30T08:19:20.361+0200,dw03,021B,42,2365,-40,-1945,1345,1.75,12298
ground-height-2m-20260828-133428,d024m_r090_run01.csv,2,24,90,dw00;dw01;dw02;dw03;dw04;dw05;dw06;dw07;dw08,dw00;dw01;dw02;dw03;dw04;dw05;dw06;dw07;dw08,dw08,55,1,2026-08-30T08:19:20.401+0200,dw02,8FB0,55,2370,-97,2370,0,3.78,52368
ground-height-2m-20260828-133428,d024m_r090_run01.csv,2,24,90,dw00;dw01;dw02;dw03;dw04;dw05;dw06;dw07;dw08,dw00;dw01;dw02;dw03;dw04;dw05;dw06;dw07;dw08,dw08,105,1,2026-08-30T08:19:20.421+0200,dw05,4B92,39,2366,49,-636,2278,4.14,72296
ground-height-2m-20260828-133428,d024m_r090_run01.csv,2,24,90,dw00;dw01;dw02;dw03;dw04;dw05;dw06;dw07;dw08,dw00;dw01;dw02;dw03;dw04;dw05;dw06;dw07;dw08,dw08,125,1,2026-08-30T08:19:20.431+0200,dw06,0789,50,2375,86,-90,2374,3.06,82244
ground-height-2m-20260828-133428,d024m_r090_run01.csv,2,24,90,dw00;dw01;dw02;dw03;dw04;dw05;dw06;dw07;dw08,dw00;dw01;dw02;dw03;dw04;dw05;dw06;dw07;dw08,dw08,165,1,2026-08-30T08:19:20.472+0200,dw08,028E,7,2372,-40,-1952,1347,2.38,22338
ground-height-2m-20260828-133428,d024m_r090_run01.csv,2,24,90,dw00;dw01;dw02;dw03;dw04;dw05;dw06;dw07;dw08,dw00;dw01;dw02;dw03;dw04;dw05;dw06;dw07;dw08,dw08,15,1,2026-08-30T08:19:20.481+0200,dw00,8103,33,2384,-136,1914,1421,2.83,32257
ground-height-2m-20260828-133428,d024m_r090_run01.csv,2,24,90,dw00;dw01;dw02;dw03;dw04;dw05;dw06;dw07;dw08,dw00;dw01;dw02;dw03;dw04;dw05;dw06;dw07;dw08,dw08,35,1,2026-08-30T08:19:20.506+0200,dw01,1729,207,2379,-130,1993,1300,3.15,58197
ground-height-2m-20260828-133428,d024m_r090_run01.csv,2,24,90,dw00;dw01;dw02;dw03;dw04;dw05;dw06;dw07;dw08,dw00;dw01;dw02;dw03;dw04;dw05;dw06;dw07;dw08,dw08,90,1,2026-08-30T08:19:20.527+0200,dw04,0F85,7,2365,2,-1315,1966,2.83,77972
ground-height-2m-20260828-133428,d024m_r090_run01.csv,2,24,90,dw00;dw01;dw02;dw03;dw04;dw05;dw06;dw07;dw08,dw00;dw01;dw02;dw03;dw04;dw05;dw06;dw07;dw08,dw08,145,1,2026-08-30T08:19:20.541+0200,dw07,5783,12,2367,135,623,2283,3.33,2147483
ground-height-2m-20260828-133428,d024m_r090_run01.csv,2,24,90,dw00;dw01;dw02;dw03;dw04;dw05;dw06;dw07;dw08,dw00;dw01;dw02;dw03;dw04;dw05;dw06;dw07;dw08,dw08,75,1,2026-08-30T08:19:20.561+0200,dw03,021B,43,2364,-36,-1884,1427,1.87,12298
ground-height-2m-20260828-133428,d024m_r090_run01.csv,2,24,90,dw00;dw01;dw02;dw03;dw04;dw05;dw06;dw07;dw08,dw00;dw01;dw02;dw03;dw04;dw05;dw06;dw07;dw08,dw08,55,1,2026-08-30T08:19:20.601+0200,dw02,8FB0,56,2373,-91,2373,0,3.57,52337
ground-height-2m-20260828-133428,d024m_r090_run01.csv,2,24,90,dw00;dw01;dw02;dw03;dw04;dw05;dw06;dw07;dw08,dw00;dw01;dw02;dw03;dw04;dw05;dw06;dw07;dw08,dw08,105,1,2026-08-30T08:19:20.621+0200,dw05,4B92,40,2366,34,-848,2208,4.26,72296
ground-height-2m-20260828-133428,d024m_r090_run01.csv,2,24,90,dw00;dw01;dw02;dw03;dw04;dw05;dw06;dw07;dw08,dw00;dw01;dw02;dw03;dw04;dw05;dw06;dw07;dw08,dw08,125,1,2026-08-30T08:19:20.630+0200,dw06,0789,51,2377,-164,1497,1846,3.06,82336
ground-height-2m-20260828-133428,d024m_r090_run01.csv,2,24,90,dw00;dw01;dw02;dw03;dw04;dw05;dw06;dw07;dw08,dw00;dw01;dw02;dw03;dw04;dw05;dw06;dw07;dw08,dw08,165,1,2026-08-30T08:19:20.670+0200,dw08,028E,8,2369,108,232,2357,2.32,22277
ground-height-2m-20260828-133428,d024m_r090_run01.csv,2,24,90,dw00;dw01;dw02;dw03;dw04;dw05;dw06;dw07;dw08,dw00;dw01;dw02;dw03;dw04;dw05;dw06;dw07;dw08,dw08,15,1,2026-08-30T08:19:20.682+0200,dw00,8103,34,2384,-153,1671,1700,2.71,32318
ground-height-2m-20260828-133428,d024m_r090_run01.csv,2,24,90,dw00;dw01;dw02;dw03;dw04;dw05;dw06;dw07;dw08,dw00;dw01;dw02;dw03;dw04;dw05;dw06;dw07;dw08,dw08,35,1,2026-08-30T08:19:20.691+0200,dw01,1729,208,2375,-116,2202,890,3.06,42327
ground-height-2m-20260828-133428,d024m_r090_run01.csv,2,24,90,dw00;dw01;dw02;dw03;dw04;dw05;dw06;dw07;dw08,dw00;dw01;dw02;dw03;dw04;dw05;dw06;dw07;dw08,dw08,145,1,2026-08-30T08:19:20.741+0200,dw07,5783,13,2372,136,639,2284,3.33,2147483
ground-height-2m-20260828-133428,d024m_r090_run01.csv,2,24,90,dw00;dw01;dw02;dw03;dw04;dw05;dw06;dw07;dw08,dw00;dw01;dw02;dw03;dw04;dw05;dw06;dw07;dw08,dw08,75,1,2026-08-30T08:19:20.760+0200,dw03,021B,44,2361,-45,-2016,1229,1.87,12329
ground-height-2m-20260828-133428,d024m_r090_run01.csv,2,24,90,dw00;dw01;dw02;dw03;dw04;dw05;dw06;dw07;dw08,dw00;dw01;dw02;dw03;dw04;dw05;dw06;dw07;dw08,dw08,55,1,2026-08-30T08:19:20.800+0200,dw02,8FB0,57,2371,-81,-2371,0,3.78,52337
ground-height-2m-20260828-133428,d024m_r090_run01.csv,2,24,90,dw00;dw01;dw02;dw03;dw04;dw05;dw06;dw07;dw08,dw00;dw01;dw02;dw03;dw04;dw05;dw06;dw07;dw08,dw08,105,1,2026-08-30T08:19:20.821+0200,dw05,4B92,41,2369,54,-564,2301,4.14,72296
ground-height-2m-20260828-133428,d024m_r090_run01.csv,2,24,90,dw00;dw01;dw02;dw03;dw04;dw05;dw06;dw07;dw08,dw00;dw01;dw02;dw03;dw04;dw05;dw06;dw07;dw08,dw08,125,1,2026-08-30T08:19:20.831+0200,dw06,0789,52,2371,95,40,2371,3.06,82244
ground-height-2m-20260828-133428,d024m_r090_run01.csv,2,24,90,dw00;dw01;dw02;dw03;dw04;dw05;dw06;dw07;dw08,dw00;dw01;dw02;dw03;dw04;dw05;dw06;dw07;dw08,dw08,165,1,2026-08-30T08:19:20.871+0200,dw08,028E,9,2371,17,-1096,2102,2.38,22308
ground-height-2m-20260828-133428,d024m_r090_run01.csv,2,24,90,dw00;dw01;dw02;dw03;dw04;dw05;dw06;dw07;dw08,dw00;dw01;dw02;dw03;dw04;dw05;dw06;dw07;dw08,dw08,15,1,2026-08-30T08:19:20.880+0200,dw00,8103,35,2385,-161,1543,1818,2.77,32257
ground-height-2m-20260828-133428,d024m_r090_run01.csv,2,24,90,dw00;dw01;dw02;dw03;dw04;dw05;dw06;dw07;dw08,dw00;dw01;dw02;dw03;dw04;dw05;dw06;dw07;dw08,dw08,35,1,2026-08-30T08:19:20.891+0200,dw01,1729,209,2372,-132,1969,1321,2.95,42358
ground-height-2m-20260828-133428,d024m_r090_run01.csv,2,24,90,dw00;dw01;dw02;dw03;dw04;dw05;dw06;dw07;dw08,dw00;dw01;dw02;dw03;dw04;dw05;dw06;dw07;dw08,dw08,90,1,2026-08-30T08:19:20.926+0200,dw04,0F85,9,2362,12,-1166,2054,2.89,78063
ground-height-2m-20260828-133428,d024m_r090_run01.csv,2,24,90,dw00;dw01;dw02;dw03;dw04;dw05;dw06;dw07;dw08,dw00;dw01;dw02;dw03;dw04;dw05;dw06;dw07;dw08,dw08,145,1,2026-08-30T08:19:20.941+0200,dw07,5783,14,2368,148,810,2225,3.27,2092285
ground-height-2m-20260828-133428,d024m_r090_run01.csv,2,24,90,dw00;dw01;dw02;dw03;dw04;dw05;dw06;dw07;dw08,dw00;dw01;dw02;dw03;dw04;dw05;dw06;dw07;dw08,dw08,75,1,2026-08-30T08:19:20.961+0200,dw03,021B,45,2362,-43,-1988,1276,1.81,12298
ground-height-2m-20260828-133428,d024m_r090_run01.csv,2,24,90,dw00;dw01;dw02;dw03;dw04;dw05;dw06;dw07;dw08,dw00;dw01;dw02;dw03;dw04;dw05;dw06;dw07;dw08,dw08,55,1,2026-08-30T08:19:21.001+0200,dw02,8FB0,58,2372,-97,2372,0,3.78,52368
ground-height-2m-20260828-133428,d024m_r090_run01.csv,2,24,90,dw00;dw01;dw02;dw03;dw04;dw05;dw06;dw07;dw08,dw00;dw01;dw02;dw03;dw04;dw05;dw06;dw07;dw08,dw08,105,1,2026-08-30T08:19:21.021+0200,dw05,4B92,42,2366,43,-717,2254,4.29,72326
ground-height-2m-20260828-133428,d024m_r090_run01.csv,2,24,90,dw00;dw01;dw02;dw03;dw04;dw05;dw06;dw07;dw08,dw00;dw01;dw02;dw03;dw04;dw05;dw06;dw07;dw08,dw08,125,1,2026-08-30T08:19:21.031+0200,dw06,0789,53,2375,89,-46,2375,3.06,82305
ground-height-2m-20260828-133428,d024m_r090_run01.csv,2,24,90,dw00;dw01;dw02;dw03;dw04;dw05;dw06;dw07;dw08,dw00;dw01;dw02;dw03;dw04;dw05;dw06;dw07;dw08,dw08,15,1,2026-08-30T08:19:21.081+0200,dw00,8103,36,2385,-167,1461,1885,2.77,32257
ground-height-2m-20260828-133428,d024m_r090_run01.csv,2,24,90,dw00;dw01;dw02;dw03;dw04;dw05;dw06;dw07;dw08,dw00;dw01;dw02;dw03;dw04;dw05;dw06;dw07;dw08,dw08,35,1,2026-08-30T08:19:21.090+0200,dw01,1729,210,2376,-125,2076,1157,2.95,42297
ground-height-2m-20260828-133428,d024m_r090_run01.csv,2,24,90,dw00;dw01;dw02;dw03;dw04;dw05;dw06;dw07;dw08,dw00;dw01;dw02;dw03;dw04;dw05;dw06;dw07;dw08,dw08,145,1,2026-08-30T08:19:21.140+0200,dw07,5783,15,2370,121,413,2334,3.33,92254
ground-height-2m-20260828-133428,d024m_r090_run01.csv,2,24,90,dw00;dw01;dw02;dw03;dw04;dw05;dw06;dw07;dw08,dw00;dw01;dw02;dw03;dw04;dw05;dw06;dw07;dw08,dw08,75,1,2026-08-30T08:19:21.161+0200,dw03,021B,46,2363,-52,-2113,1058,1.81,12298
ground-height-2m-20260828-133428,d024m_r090_run01.csv,2,24,90,dw00;dw01;dw02;dw03;dw04;dw05;dw06;dw07;dw08,dw00;dw01;dw02;dw03;dw04;dw05;dw06;dw07;dw08,dw08,55,1,2026-08-30T08:19:21.201+0200,dw02,8FB0,59,2372,-100,2372,0,3.69,52337
ground-height-2m-20260828-133428,d024m_r090_run01.csv,2,24,90,dw00;dw01;dw02;dw03;dw04;dw05;dw06;dw07;dw08,dw00;dw01;dw02;dw03;dw04;dw05;dw06;dw07;dw08,dw08,105,1,2026-08-30T08:19:21.220+0200,dw05,4B92,43,2367,38,-789,2231,4.20,72296
ground-height-2m-20260828-133428,d024m_r090_run01.csv,2,24,90,dw00;dw01;dw02;dw03;dw04;dw05;dw06;dw07;dw08,dw00;dw01;dw02;dw03;dw04;dw05;dw06;dw07;dw08,dw08,125,1,2026-08-30T08:19:21.231+0200,dw06,0789,54,2375,97,70,2374,2.95,82336
ground-height-2m-20260828-133428,d024m_r090_run01.csv,2,24,90,dw00;dw01;dw02;dw03;dw04;dw05;dw06;dw07;dw08,dw00;dw01;dw02;dw03;dw04;dw05;dw06;dw07;dw08,dw08,15,1,2026-08-30T08:19:21.281+0200,dw00,8103,37,2384,-160,1565,1798,2.83,32257
ground-height-2m-20260828-133428,d024m_r090_run01.csv,2,24,90,dw00;dw01;dw02;dw03;dw04;dw05;dw06;dw07;dw08,dw00;dw01;dw02;dw03;dw04;dw05;dw06;dw07;dw08,dw08,165,1,2026-08-30T08:19:21.287+0200,dw08,028E,11,2370,51,-611,2290,2.53,37994
ground-height-2m-20260828-133428,d024m_r090_run01.csv,2,24,90,dw00;dw01;dw02;dw03;dw04;dw05;dw06;dw07;dw08,dw00;dw01;dw02;dw03;dw04;dw05;dw06;dw07;dw08,dw08,145,1,2026-08-30T08:19:21.340+0200,dw07,5783,16,2371,130,551,2306,3.33,92285
ground-height-2m-20260828-133428,d024m_r090_run01.csv,2,24,90,dw00;dw01;dw02;dw03;dw04;dw05;dw06;dw07;dw08,dw00;dw01;dw02;dw03;dw04;dw05;dw06;dw07;dw08,dw08,75,1,2026-08-30T08:19:21.361+0200,dw03,021B,47,2360,-37,-1903,1396,1.87,12329
ground-height-2m-20260828-133428,d024m_r090_run01.csv,2,24,90,dw00;dw01;dw02;dw03;dw04;dw05;dw06;dw07;dw08,dw00;dw01;dw02;dw03;dw04;dw05;dw06;dw07;dw08,dw08,55,1,2026-08-30T08:19:21.401+0200,dw02,8FB0,60,2371,-99,2371,0,3.78,52337
ground-height-2m-20260828-133428,d024m_r090_run01.csv,2,24,90,dw00;dw01;dw02;dw03;dw04;dw05;dw06;dw07;dw08,dw00;dw01;dw02;dw03;dw04;dw05;dw06;dw07;dw08,dw08,105,1,2026-08-30T08:19:21.420+0200,dw05,4B92,44,2367,55,-539,2305,4.14,72296
ground-height-2m-20260828-133428,d024m_r090_run01.csv,2,24,90,dw00;dw01;dw02;dw03;dw04;dw05;dw06;dw07;dw08,dw00;dw01;dw02;dw03;dw04;dw05;dw06;dw07;dw08,dw08,125,1,2026-08-30T08:19:21.430+0200,dw06,0789,55,2378,87,-86,2377,3.01,82305
ground-height-2m-20260828-133428,d024m_r090_run01.csv,2,24,90,dw00;dw01;dw02;dw03;dw04;dw05;dw06;dw07;dw08,dw00;dw01;dw02;dw03;dw04;dw05;dw06;dw07;dw08,dw08,165,1,2026-08-30T08:19:21.470+0200,dw08,028E,12,2370,-42,-1980,1303,2.50,22308
ground-height-2m-20260828-133428,d024m_r090_run01.csv,2,24,90,dw00;dw01;dw02;dw03;dw04;dw05;dw06;dw07;dw08,dw00;dw01;dw02;dw03;dw04;dw05;dw06;dw07;dw08,dw08,15,1,2026-08-30T08:19:21.481+0200,dw00,8103,38,2383,-165,1485,1864,2.71,32257
ground-height-2m-20260828-133428,d024m_r090_run01.csv,2,24,90,dw00;dw01;dw02;dw03;dw04;dw05;dw06;dw07;dw08,dw00;dw01;dw02;dw03;dw04;dw05;dw06;dw07;dw08,dw08,35,1,2026-08-30T08:19:21.506+0200,dw01,1729,212,2374,-124,2087,1131,3.21,58166
ground-height-2m-20260828-133428,d024m_r090_run01.csv,2,24,90,dw00;dw01;dw02;dw03;dw04;dw05;dw06;dw07;dw08,dw00;dw01;dw02;dw03;dw04;dw05;dw06;dw07;dw08,dw08,145,1,2026-08-30T08:19:21.540+0200,dw07,5783,17,2369,126,493,2317,3.33,2147483
ground-height-2m-20260828-133428,d024m_r090_run01.csv,2,24,90,dw00;dw01;dw02;dw03;dw04;dw05;dw06;dw07;dw08,dw00;dw01;dw02;dw03;dw04;dw05;dw06;dw07;dw08,dw08,75,1,2026-08-30T08:19:21.560+0200,dw03,021B,48,2365,-46,-2033,1208,1.81,12298
ground-height-2m-20260828-133428,d024m_r090_run01.csv,2,24,90,dw00;dw01;dw02;dw03;dw04;dw05;dw06;dw07;dw08,dw00;dw01;dw02;dw03;dw04;dw05;dw06;dw07;dw08,dw08,55,1,2026-08-30T08:19:21.600+0200,dw02,8FB0,61,2374,-96,2374,0,3.78,52368
ground-height-2m-20260828-133428,d024m_r090_run01.csv,2,24,90,dw00;dw01;dw02;dw03;dw04;dw05;dw06;dw07;dw08,dw00;dw01;dw02;dw03;dw04;dw05;dw06;dw07;dw08,dw08,105,1,2026-08-30T08:19:21.621+0200,dw05,4B92,45,2369,47,-665,2274,4.14,72296
ground-height-2m-20260828-133428,d024m_r090_run01.csv,2,24,90,dw00;dw01;dw02;dw03;dw04;dw05;dw06;dw07;dw08,dw00;dw01;dw02;dw03;dw04;dw05;dw06;dw07;dw08,dw08,125,1,2026-08-30T08:19:21.630+0200,dw06,0789,56,2374,93,2,2374,3.01,82244
ground-height-2m-20260828-133428,d024m_r090_run01.csv,2,24,90,dw00;dw01;dw02;dw03;dw04;dw05;dw06;dw07;dw08,dw00;dw01;dw02;dw03;dw04;dw05;dw06;dw07;dw08,dw08,15,1,2026-08-30T08:19:21.680+0200,dw00,8103,39,2386,-163,1517,1841,2.89,32257
ground-height-2m-20260828-133428,d024m_r090_run01.csv,2,24,90,dw00;dw01;dw02;dw03;dw04;dw05;dw06;dw07;dw08,dw00;dw01;dw02;dw03;dw04;dw05;dw06;dw07;dw08,dw08,35,1,2026-08-30T08:19:21.691+0200,dw01,1729,213,2379,-142,1828,1522,3.06,42388
ground-height-2m-20260828-133428,d024m_r090_run01.csv,2,24,90,dw00;dw01;dw02;dw03;dw04;dw05;dw06;dw07;dw08,dw00;dw01;dw02;dw03;dw04;dw05;dw06;dw07;dw08,dw08,145,1,2026-08-30T08:19:21.741+0200,dw07,5783,18,2371,132,574,2300,3.33,2147483
ground-height-2m-20260828-133428,d024m_r090_run01.csv,2,24,90,dw00;dw01;dw02;dw03;dw04;dw05;dw06;dw07;dw08,dw00;dw01;dw02;dw03;dw04;dw05;dw06;dw07;dw08,dw08,75,1,2026-08-30T08:19:21.760+0200,dw03,021B,49,2360,-44,-2001,1251,1.87,12298
ground-height-2m-20260828-133428,d024m_r090_run01.csv,2,24,90,dw00;dw01;dw02;dw03;dw04;dw05;dw06;dw07;dw08,dw00;dw01;dw02;dw03;dw04;dw05;dw06;dw07;dw08,dw08,55,1,2026-08-30T08:19:21.800+0200,dw02,8FB0,62,2372,-95,2372,0,3.75,52368
ground-height-2m-20260828-133428,d024m_r090_run01.csv,2,24,90,dw00;dw01;dw02;dw03;dw04;dw05;dw06;dw07;dw08,dw00;dw01;dw02;dw03;dw04;dw05;dw06;dw07;dw08,dw08,105,1,2026-08-30T08:19:21.821+0200,dw05,4B92,46,2367,45,-692,2264,4.14,72296
ground-height-2m-20260828-133428,d024m_r090_run01.csv,2,24,90,dw00;dw01;dw02;dw03;dw04;dw05;dw06;dw07;dw08,dw00;dw01;dw02;dw03;dw04;dw05;dw06;dw07;dw08,dw08,125,1,2026-08-30T08:19:21.830+0200,dw06,0789,57,2380,100,113,2377,3.06,82336
ground-height-2m-20260828-133428,d024m_r090_run01.csv,2,24,90,dw00;dw01;dw02;dw03;dw04;dw05;dw06;dw07;dw08,dw00;dw01;dw02;dw03;dw04;dw05;dw06;dw07;dw08,dw08,15,1,2026-08-30T08:19:21.880+0200,dw00,8103,40,2377,-151,1697,1665,2.83,32257
ground-height-2m-20260828-133428,d024m_r090_run01.csv,2,24,90,dw00;dw01;dw02;dw03;dw04;dw05;dw06;dw07;dw08,dw00;dw01;dw02;dw03;dw04;dw05;dw06;dw07;dw08,dw08,35,1,2026-08-30T08:19:21.890+0200,dw01,1729,214,2379,-129,2020,1257,2.95,42327
ground-height-2m-20260828-133428,d024m_r090_run01.csv,2,24,90,dw00;dw01;dw02;dw03;dw04;dw05;dw06;dw07;dw08,dw00;dw01;dw02;dw03;dw04;dw05;dw06;dw07;dw08,dw08,145,1,2026-08-30T08:19:21.940+0200,dw07,5783,19,2369,150,846,2213,3.33,2147483
ground-height-2m-20260828-133428,d024m_r090_run01.csv,2,24,90,dw00;dw01;dw02;dw03;dw04;dw05;dw06;dw07;dw08,dw00;dw01;dw02;dw03;dw04;dw05;dw06;dw07;dw08,dw08,75,1,2026-08-30T08:19:21.960+0200,dw03,021B,50,2362,-46,-2032,1204,1.81,12298
ground-height-2m-20260828-133428,d024m_r090_run01.csv,2,24,90,dw00;dw01;dw02;dw03;dw04;dw05;dw06;dw07;dw08,dw00;dw01;dw02;dw03;dw04;dw05;dw06;dw07;dw08,dw08,55,1,2026-08-30T08:19:22.000+0200,dw02,8FB0,63,2370,-95,2370,0,3.72,52368
ground-height-2m-20260828-133428,d024m_r090_run01.csv,2,24,90,dw00;dw01;dw02;dw03;dw04;dw05;dw06;dw07;dw08,dw00;dw01;dw02;dw03;dw04;dw05;dw06;dw07;dw08,dw08,105,1,2026-08-30T08:19:22.020+0200,dw05,4B92,47,2368,40,-770,2240,4.14,72296
ground-height-2m-20260828-133428,d024m_r090_run01.csv,2,24,90,dw00;dw01;dw02;dw03;dw04;dw05;dw06;dw07;dw08,dw00;dw01;dw02;dw03;dw04;dw05;dw06;dw07;dw08,dw08,125,1,2026-08-30T08:19:22.031+0200,dw06,0789,58,2374,105,176,2367,3.06,82336
ground-height-2m-20260828-133428,d024m_r090_run01.csv,2,24,90,dw00;dw01;dw02;dw03;dw04;dw05;dw06;dw07;dw08,dw00;dw01;dw02;dw03;dw04;dw05;dw06;dw07;dw08,dw08,15,1,2026-08-30T08:19:22.080+0200,dw00,8103,41,2385,-158,1590,1778,2.89,32287
ground-height-2m-20260828-133428,d024m_r090_run01.csv,2,24,90,dw00;dw01;dw02;dw03;dw04;dw05;dw06;dw07;dw08,dw00;dw01;dw02;dw03;dw04;dw05;dw06;dw07;dw08,dw08,35,1,2026-08-30T08:19:22.090+0200,dw01,1729,215,2379,-135,1926,1395,2.95,42297
ground-height-2m-20260828-133428,d024m_r090_run01.csv,2,24,90,dw00;dw01;dw02;dw03;dw04;dw05;dw06;dw07;dw08,dw00;dw01;dw02;dw03;dw04;dw05;dw06;dw07;dw08,dw08,165,1,2026-08-30T08:19:22.102+0200,dw08,028E,15,2373,67,-366,2345,2.50,53680
ground-height-2m-20260828-133428,d024m_r090_run01.csv,2,24,90,dw00;dw01;dw02;dw03;dw04;dw05;dw06;dw07;dw08,dw00;dw01;dw02;dw03;dw04;dw05;dw06;dw07;dw08,dw08,145,1,2026-08-30T08:19:22.140+0200,dw07,5783,20,2372,152,867,2208,3.33,2147483
ground-height-2m-20260828-133428,d024m_r090_run01.csv,2,24,90,dw00;dw01;dw02;dw03;dw04;dw05;dw06;dw07;dw08,dw00;dw01;dw02;dw03;dw04;dw05;dw06;dw07;dw08,dw08,75,1,2026-08-30T08:19:22.161+0200,dw03,021B,51,2366,-39,-1923,1377,1.81,12329
ground-height-2m-20260828-133428,d024m_r090_run01.csv,2,24,90,dw00;dw01;dw02;dw03;dw04;dw05;dw06;dw07;dw08,dw00;dw01;dw02;dw03;dw04;dw05;dw06;dw07;dw08,dw08,55,1,2026-08-30T08:19:22.201+0200,dw02,8FB0,64,2372,-90,2372,0,3.75,52368
ground-height-2m-20260828-133428,d024m_r090_run01.csv,2,24,90,dw00;dw01;dw02;dw03;dw04;dw05;dw06;dw07;dw08,dw00;dw01;dw02;dw03;dw04;dw05;dw06;dw07;dw08,dw08,105,1,2026-08-30T08:19:22.220+0200,dw05,4B92,48,2365,57,-519,2307,4.14,72296
ground-height-2m-20260828-133428,d024m_r090_run01.csv,2,24,90,dw00;dw01;dw02;dw03;dw04;dw05;dw06;dw07;dw08,dw00;dw01;dw02;dw03;dw04;dw05;dw06;dw07;dw08,dw08,125,1,2026-08-30T08:19:22.230+0200,dw06,0789,59,2376,94,16,2376,3.01,82336
ground-height-2m-20260828-133428,d024m_r090_run01.csv,2,24,90,dw00;dw01;dw02;dw03;dw04;dw05;dw06;dw07;dw08,dw00;dw01;dw02;dw03;dw04;dw05;dw06;dw07;dw08,dw08,165,1,2026-08-30T08:19:22.270+0200,dw08,028E,16,2371,-4,-1416,1902,2.32,22338
ground-height-2m-20260828-133428,d024m_r090_run01.csv,2,24,90,dw00;dw01;dw02;dw03;dw04;dw05;dw06;dw07;dw08,dw00;dw01;dw02;dw03;dw04;dw05;dw06;dw07;dw08,dw08,15,1,2026-08-30T08:19:22.281+0200,dw00,8103,42,2377,-152,1679,1683,2.83,32257
ground-height-2m-20260828-133428,d024m_r090_run01.csv,2,24,90,dw00;dw01;dw02;dw03;dw04;dw05;dw06;dw07;dw08,dw00;dw01;dw02;dw03;dw04;dw05;dw06;dw07;dw08,dw08,35,1,2026-08-30T08:19:22.290+0200,dw01,1729,216,2376,-117,2185,933,2.89,42297
ground-height-2m-20260828-133428,d024m_r090_run01.csv,2,24,90,dw00;dw01;dw02;dw03;dw04;dw05;dw06;dw07;dw08,dw00;dw01;dw02;dw03;dw04;dw05;dw06;dw07;dw08,dw08,145,1,2026-08-30T08:19:22.340+0200,dw07,5783,21,2369,126,489,2318,3.33,2147483
ground-height-2m-20260828-133428,d024m_r090_run01.csv,2,24,90,dw00;dw01;dw02;dw03;dw04;dw05;dw06;dw07;dw08,dw00;dw01;dw02;dw03;dw04;dw05;dw06;dw07;dw08,dw08,75,1,2026-08-30T08:19:22.360+0200,dw03,021B,52,2361,-37,-1899,1403,1.75,12298
ground-height-2m-20260828-133428,d024m_r090_run01.csv,2,24,90,dw00;dw01;dw02;dw03;dw04;dw05;dw06;dw07;dw08,dw00;dw01;dw02;dw03;dw04;dw05;dw06;dw07;dw08,dw08,55,1,2026-08-30T08:19:22.400+0200,dw02,8FB0,65,2374,-97,2374,0,3.78,52368
ground-height-2m-20260828-133428,d024m_r090_run01.csv,2,24,90,dw00;dw01;dw02;dw03;dw04;dw05;dw06;dw07;dw08,dw00;dw01;dw02;dw03;dw04;dw05;dw06;dw07;dw08,dw08,105,1,2026-08-30T08:19:22.420+0200,dw05,4B92,49,2367,47,-669,2271,4.26,72296
ground-height-2m-20260828-133428,d024m_r090_run01.csv,2,24,90,dw00;dw01;dw02;dw03;dw04;dw05;dw06;dw07;dw08,dw00;dw01;dw02;dw03;dw04;dw05;dw06;dw07;dw08,dw08,125,1,2026-08-30T08:19:22.430+0200,dw06,0789,60,2380,91,-20,2380,2.95,82244
ground-height-2m-20260828-133428,d024m_r090_run01.csv,2,24,90,dw00;dw01;dw02;dw03;dw04;dw05;dw06;dw07;dw08,dw00;dw01;dw02;dw03;dw04;dw05;dw06;dw07;dw08,dw08,15,1,2026-08-30T08:19:22.480+0200,dw00,8103,43,2380,-148,1741,1623,2.71,32257
ground-height-2m-20260828-133428,d024m_r090_run01.csv,2,24,90,dw00;dw01;dw02;dw03;dw04;dw05;dw06;dw07;dw08,dw00;dw01;dw02;dw03;dw04;dw05;dw06;dw07;dw08,dw08,145,1,2026-08-30T08:19:22.540+0200,dw07,5783,22,2369,124,455,2325,3.27,2147483
ground-height-2m-20260828-133428,d024m_r090_run01.csv,2,24,90,dw00;dw01;dw02;dw03;dw04;dw05;dw06;dw07;dw08,dw00;dw01;dw02;dw03;dw04;dw05;dw06;dw07;dw08,dw08,75,1,2026-08-30T08:19:22.560+0200,dw03,021B,53,2363,-34,-1854,1465,1.81,12298
ground-height-2m-20260828-133428,d024m_r090_run01.csv,2,24,90,dw00;dw01;dw02;dw03;dw04;dw05;dw06;dw07;dw08,dw00;dw01;dw02;dw03;dw04;dw05;dw06;dw07;dw08,dw08,55,1,2026-08-30T08:19:22.600+0200,dw02,8FB0,66,2372,-94,2372,0,3.51,52368
ground-height-2m-20260828-133428,d024m_r090_run01.csv,2,24,90,dw00;dw01;dw02;dw03;dw04;dw05;dw06;dw07;dw08,dw00;dw01;dw02;dw03;dw04;dw05;dw06;dw07;dw08,dw08,105,1,2026-08-30T08:19:22.620+0200,dw05,4B92,50,2365,56,-526,2306,4.02,72296
ground-height-2m-20260828-133428,d024m_r090_run01.csv,2,24,90,dw00;dw01;dw02;dw03;dw04;dw05;dw06;dw07;dw08,dw00;dw01;dw02;dw03;dw04;dw05;dw06;dw07;dw08,dw08,125,1,2026-08-30T08:19:22.630+0200,dw06,0789,61,2375,82,-155,2370,3.06,82336
ground-height-2m-20260828-133428,d024m_r090_run01.csv,2,24,90,dw00;dw01;dw02;dw03;dw04;dw05;dw06;dw07;dw08,dw00;dw01;dw02;dw03;dw04;dw05;dw06;dw07;dw08,dw08,15,1,2026-08-30T08:19:22.680+0200,dw00,8103,44,2385,-151,1695,1678,2.95,32257
ground-height-2m-20260828-133428,d024m_r090_run01.csv,2,24,90,dw00;dw01;dw02;dw03;dw04;dw05;dw06;dw07;dw08,dw00;dw01;dw02;dw03;dw04;dw05;dw06;dw07;dw08,dw08,165,1,2026-08-30T08:19:22.686+0200,dw08,028E,18,2377,28,-948,2180,2.38,37994
ground-height-2m-20260828-133428,d024m_r090_run01.csv,2,24,90,dw00;dw01;dw02;dw03;dw04;dw05;dw06;dw07;dw08,dw00;dw01;dw02;dw03;dw04;dw05;dw06;dw07;dw08,dw08,35,1,2026-08-30T08:19:22.706+0200,dw01,1729,218,2373,-131,1974,1316,3.21,58197
ground-height-2m-20260828-133428,d024m_r090_run01.csv,2,24,90,dw00;dw01;dw02;dw03;dw04;dw05;dw06;dw07;dw08,dw00;dw01;dw02;dw03;dw04;dw05;dw06;dw07;dw08,dw08,145,1,2026-08-30T08:19:22.740+0200,dw07,5783,23,2374,135,618,2292,3.45,2147483
ground-height-2m-20260828-133428,d024m_r090_run01.csv,2,24,90,dw00;dw01;dw02;dw03;dw04;dw05;dw06;dw07;dw08,dw00;dw01;dw02;dw03;dw04;dw05;dw06;dw07;dw08,dw08,75,1,2026-08-30T08:19:22.760+0200,dw03,021B,54,2366,-31,-1817,1516,1.81,12298
ground-height-2m-20260828-133428,d024m_r090_run01.csv,2,24,90,dw00;dw01;dw02;dw03;dw04;dw05;dw06;dw07;dw08,dw00;dw01;dw02;dw03;dw04;dw05;dw06;dw07;dw08,dw08,55,1,2026-08-30T08:19:22.800+0200,dw02,8FB0,67,2370,-98,2370,0,3.72,52337
ground-height-2m-20260828-133428,d024m_r090_run01.csv,2,24,90,dw00;dw01;dw02;dw03;dw04;dw05;dw06;dw07;dw08,dw00;dw01;dw02;dw03;dw04;dw05;dw06;dw07;dw08,dw08,105,1,2026-08-30T08:19:22.820+0200,dw05,4B92,51,2369,63,-436,2329,4.14,72296
ground-height-2m-20260828-133428,d024m_r090_run01.csv,2,24,90,dw00;dw01;dw02;dw03;dw04;dw05;dw06;dw07;dw08,dw00;dw01;dw02;dw03;dw04;dw05;dw06;dw07;dw08,dw08,125,1,2026-08-30T08:19:22.830+0200,dw06,0789,62,2379,-159,1573,1784,2.95,82275
ground-height-2m-20260828-133428,d024m_r090_run01.csv,2,24,90,dw00;dw01;dw02;dw03;dw04;dw05;dw06;dw07;dw08,dw00;dw01;dw02;dw03;dw04;dw05;dw06;dw07;dw08,dw08,15,1,2026-08-30T08:19:22.880+0200,dw00,8103,45,2382,-155,1642,1725,2.77,32257
ground-height-2m-20260828-133428,d024m_r090_run01.csv,2,24,90,dw00;dw01;dw02;dw03;dw04;dw05;dw06;dw07;dw08,dw00;dw01;dw02;dw03;dw04;dw05;dw06;dw07;dw08,dw08,35,1,2026-08-30T08:19:22.890+0200,dw01,1729,219,2374,-127,2043,1208,2.89,42327
ground-height-2m-20260828-133428,d024m_r090_run01.csv,2,24,90,dw00;dw01;dw02;dw03;dw04;dw05;dw06;dw07;dw08,dw00;dw01;dw02;dw03;dw04;dw05;dw06;dw07;dw08,dw08,145,1,2026-08-30T08:19:22.940+0200,dw07,5783,24,2373,136,632,2287,3.39,2147483
ground-height-2m-20260828-133428,d024m_r090_run01.csv,2,24,90,dw00;dw01;dw02;dw03;dw04;dw05;dw06;dw07;dw08,dw00;dw01;dw02;dw03;dw04;dw05;dw06;dw07;dw08,dw08,75,1,2026-08-30T08:19:22.960+0200,dw03,021B,55,2366,-28,-1772,1568,1.93,12298
ground-height-2m-20260828-133428,d024m_r090_run01.csv,2,24,90,dw00;dw01;dw02;dw03;dw04;dw05;dw06;dw07;dw08,dw00;dw01;dw02;dw03;dw04;dw05;dw06;dw07;dw08,dw08,55,1,2026-08-30T08:19:23.000+0200,dw02,8FB0,68,2372,-95,2372,0,3.69,52337
ground-height-2m-20260828-133428,d024m_r090_run01.csv,2,24,90,dw00;dw01;dw02;dw03;dw04;dw05;dw06;dw07;dw08,dw00;dw01;dw02;dw03;dw04;dw05;dw06;dw07;dw08,dw08,105,1,2026-08-30T08:19:23.020+0200,dw05,4B92,52,2369,56,-538,2307,4.26,72296
ground-height-2m-20260828-133428,d024m_r090_run01.csv,2,24,90,dw00;dw01;dw02;dw03;dw04;dw05;dw06;dw07;dw08,dw00;dw01;dw02;dw03;dw04;dw05;dw06;dw07;dw08,dw08,125,1,2026-08-30T08:19:23.030+0200,dw06,0789,63,2377,90,-28,2377,3.06,82336
ground-height-2m-20260828-133428,d024m_r090_run01.csv,2,24,90,dw00;dw01;dw02;dw03;dw04;dw05;dw06;dw07;dw08,dw00;dw01;dw02;dw03;dw04;dw05;dw06;dw07;dw08,dw08,15,1,2026-08-30T08:19:23.080+0200,dw00,8103,46,2383,-162,1531,1826,2.83,32287
ground-height-2m-20260828-133428,d024m_r090_run01.csv,2,24,90,dw00;dw01;dw02;dw03;dw04;dw05;dw06;dw07;dw08,dw00;dw01;dw02;dw03;dw04;dw05;dw06;dw07;dw08,dw08,165,1,2026-08-30T08:19:23.086+0200,dw08,028E,20,2369,93,6,2369,2.38,38055
ground-height-2m-20260828-133428,d024m_r090_run01.csv,2,24,90,dw00;dw01;dw02;dw03;dw04;dw05;dw06;dw07;dw08,dw00;dw01;dw02;dw03;dw04;dw05;dw06;dw07;dw08,dw08,145,1,2026-08-30T08:19:23.140+0200,dw07,5783,25,2371,129,536,2310,3.33,2147483
ground-height-2m-20260828-133428,d024m_r090_run01.csv,2,24,90,dw00;dw01;dw02;dw03;dw04;dw05;dw06;dw07;dw08,dw00;dw01;dw02;dw03;dw04;dw05;dw06;dw07;dw08,dw08,75,1,2026-08-30T08:19:23.159+0200,dw03,021B,56,2360,-47,-2044,1180,1.75,12298
ground-height-2m-20260828-133428,d024m_r090_run01.csv,2,24,90,dw00;dw01;dw02;dw03;dw04;dw05;dw06;dw07;dw08,dw00;dw01;dw02;dw03;dw04;dw05;dw06;dw07;dw08,dw08,55,1,2026-08-30T08:19:23.199+0200,dw02,8FB0,69,2373,-84,-2373,0,3.69,52368
ground-height-2m-20260828-133428,d024m_r090_run01.csv,2,24,90,dw00;dw01;dw02;dw03;dw04;dw05;dw06;dw07;dw08,dw00;dw01;dw02;dw03;dw04;dw05;dw06;dw07;dw08,dw08,105,1,2026-08-30T08:19:23.220+0200,dw05,4B92,53,2368,56,-528,2308,4.26,72296
ground-height-2m-20260828-133428,d024m_r090_run01.csv,2,24,90,dw00;dw01;dw02;dw03;dw04;dw05;dw06;dw07;dw08,dw00;dw01;dw02;dw03;dw04;dw05;dw06;dw07;dw08,dw08,125,1,2026-08-30T08:19:23.230+0200,dw06,0789,64,2374,91,-24,2374,2.95,82275
ground-height-2m-20260828-133428,d024m_r090_run01.csv,2,24,90,dw00;dw01;dw02;dw03;dw04;dw05;dw06;dw07;dw08,dw00;dw01;dw02;dw03;dw04;dw05;dw06;dw07;dw08,dw08,165,1,2026-08-30T08:19:23.270+0200,dw08,028E,21,2367,0,-1341,1950,2.50,22277
ground-height-2m-20260828-133428,d024m_r090_run01.csv,2,24,90,dw00;dw01;dw02;dw03;dw04;dw05;dw06;dw07;dw08,dw00;dw01;dw02;dw03;dw04;dw05;dw06;dw07;dw08,dw08,15,1,2026-08-30T08:19:23.280+0200,dw00,8103,47,2386,-143,1810,1553,2.77,32257
ground-height-2m-20260828-133428,d024m_r090_run01.csv,2,24,90,dw00;dw01;dw02;dw03;dw04;dw05;dw06;dw07;dw08,dw00;dw01;dw02;dw03;dw04;dw05;dw06;dw07;dw08,dw08,35,1,2026-08-30T08:19:23.306+0200,dw01,1729,221,2373,-131,1985,1300,3.15,58258
ground-height-2m-20260828-133428,d024m_r090_run01.csv,2,24,90,dw00;dw01;dw02;dw03;dw04;dw05;dw06;dw07;dw08,dw00;dw01;dw02;dw03;dw04;dw05;dw06;dw07;dw08,dw08,145,1,2026-08-30T08:19:23.340+0200,dw07,5783,26,2371,134,604,2292,3.33,2147483
ground-height-2m-20260828-133428,d024m_r090_run01.csv,2,24,90,dw00;dw01;dw02;dw03;dw04;dw05;dw06;dw07;dw08,dw00;dw01;dw02;dw03;dw04;dw05;dw06;dw07;dw08,dw08,75,1,2026-08-30T08:19:23.360+0200,dw03,021B,57,2362,-36,-1887,1420,1.81,12329
ground-height-2m-20260828-133428,d024m_r090_run01.csv,2,24,90,dw00;dw01;dw02;dw03;dw04;dw05;dw06;dw07;dw08,dw00;dw01;dw02;dw03;dw04;dw05;dw06;dw07;dw08,dw08,55,1,2026-08-30T08:19:23.400+0200,dw02,8FB0,70,2370,-93,2370,0,3.72,52307
ground-height-2m-20260828-133428,d024m_r090_run01.csv,2,24,90,dw00;dw01;dw02;dw03;dw04;dw05;dw06;dw07;dw08,dw00;dw01;dw02;dw03;dw04;dw05;dw06;dw07;dw08,dw08,105,1,2026-08-30T08:19:23.420+0200,dw05,4B92,54,2364,40,-760,2238,4.14,72296
ground-height-2m-20260828-133428,d024m_r090_run01.csv,2,24,90,dw00;dw01;dw02;dw03;dw04;dw05;dw06;dw07;dw08,dw00;dw01;dw02;dw03;dw04;dw05;dw06;dw07;dw08,dw08,125,1,2026-08-30T08:19:23.430+0200,dw06,0789,65,2379,93,14,2379,2.95,82275
ground-height-2m-20260828-133428,d024m_r090_run01.csv,2,24,90,dw00;dw01;dw02;dw03;dw04;dw05;dw06;dw07;dw08,dw00;dw01;dw02;dw03;dw04;dw05;dw06;dw07;dw08,dw08,15,1,2026-08-30T08:19:23.480+0200,dw00,8103,48,2382,-160,1566,1794,2.89,32257
ground-height-2m-20260828-133428,d024m_r090_run01.csv,2,24,90,dw00;dw01;dw02;dw03;dw04;dw05;dw06;dw07;dw08,dw00;dw01;dw02;dw03;dw04;dw05;dw06;dw07;dw08,dw08,35,1,2026-08-30T08:19:23.489+0200,dw01,1729,222,2377,-141,1830,1516,2.83,42358
ground-height-2m-20260828-133428,d024m_r090_run01.csv,2,24,90,dw00;dw01;dw02;dw03;dw04;dw05;dw06;dw07;dw08,dw00;dw01;dw02;dw03;dw04;dw05;dw06;dw07;dw08,dw08,145,1,2026-08-30T08:19:23.539+0200,dw07,5783,27,2372,133,597,2295,3.33,2147483
ground-height-2m-20260828-133428,d024m_r090_run01.csv,2,24,90,dw00;dw01;dw02;dw03;dw04;dw05;dw06;dw07;dw08,dw00;dw01;dw02;dw03;dw04;dw05;dw06;dw07;dw08,dw08,75,1,2026-08-30T08:19:23.560+0200,dw03,021B,58,2362,-41,-1955,1325,1.75,12268
ground-height-2m-20260828-133428,d024m_r090_run01.csv,2,24,90,dw00;dw01;dw02;dw03;dw04;dw05;dw06;dw07;dw08,dw00;dw01;dw02;dw03;dw04;dw05;dw06;dw07;dw08,dw08,55,1,2026-08-30T08:19:23.600+0200,dw02,8FB0,71,2373,-93,2373,0,3.72,52368
ground-height-2m-20260828-133428,d024m_r090_run01.csv,2,24,90,dw00;dw01;dw02;dw03;dw04;dw05;dw06;dw07;dw08,dw00;dw01;dw02;dw03;dw04;dw05;dw06;dw07;dw08,dw08,105,1,2026-08-30T08:19:23.619+0200,dw05,4B92,55,2371,55,-546,2307,4.20,72296
ground-height-2m-20260828-133428,d024m_r090_run01.csv,2,24,90,dw00;dw01;dw02;dw03;dw04;dw05;dw06;dw07;dw08,dw00;dw01;dw02;dw03;dw04;dw05;dw06;dw07;dw08,dw08,125,1,2026-08-30T08:19:23.630+0200,dw06,0789,66,2378,86,-98,2376,3.15,82275
ground-height-2m-20260828-133428,d024m_r090_run01.csv,2,24,90,dw00;dw01;dw02;dw03;dw04;dw05;dw06;dw07;dw08,dw00;dw01;dw02;dw03;dw04;dw05;dw06;dw07;dw08,dw08,15,1,2026-08-30T08:19:23.680+0200,dw00,8103,49,2386,-145,1791,1575,2.89,32318
ground-height-2m-20260828-133428,d024m_r090_run01.csv,2,24,90,dw00;dw01;dw02;dw03;dw04;dw05;dw06;dw07;dw08,dw00;dw01;dw02;dw03;dw04;dw05;dw06;dw07;dw08,dw08,165,1,2026-08-30T08:19:23.686+0200,dw08,028E,23,2372,67,-372,2342,2.50,38024
ground-height-2m-20260828-133428,d024m_r090_run01.csv,2,24,90,dw00;dw01;dw02;dw03;dw04;dw05;dw06;dw07;dw08,dw00;dw01;dw02;dw03;dw04;dw05;dw06;dw07;dw08,dw08,145,1,2026-08-30T08:19:23.739+0200,dw07,5783,28,2368,142,723,2255,3.33,2147483
ground-height-2m-20260828-133428,d024m_r090_run01.csv,2,24,90,dw00;dw01;dw02;dw03;dw04;dw05;dw06;dw07;dw08,dw00;dw01;dw02;dw03;dw04;dw05;dw06;dw07;dw08,dw08,75,1,2026-08-30T08:19:23.760+0200,dw03,021B,59,2361,-34,-1846,1471,1.69,12329
ground-height-2m-20260828-133428,d024m_r090_run01.csv,2,24,90,dw00;dw01;dw02;dw03;dw04;dw05;dw06;dw07;dw08,dw00;dw01;dw02;dw03;dw04;dw05;dw06;dw07;dw08,dw08,55,1,2026-08-30T08:19:23.800+0200,dw02,8FB0,72,2372,-90,2372,0,3.78,52368
ground-height-2m-20260828-133428,d024m_r090_run01.csv,2,24,90,dw00;dw01;dw02;dw03;dw04;dw05;dw06;dw07;dw08,dw00;dw01;dw02;dw03;dw04;dw05;dw06;dw07;dw08,dw08,105,1,2026-08-30T08:19:23.819+0200,dw05,4B92,56,2370,58,-508,2315,4.26,72326
ground-height-2m-20260828-133428,d024m_r090_run01.csv,2,24,90,dw00;dw01;dw02;dw03;dw04;dw05;dw06;dw07;dw08,dw00;dw01;dw02;dw03;dw04;dw05;dw06;dw07;dw08,dw08,125,1,2026-08-30T08:19:23.829+0200,dw06,0789,67,2374,96,47,2374,3.06,82244
ground-height-2m-20260828-133428,d024m_r090_run01.csv,2,24,90,dw00;dw01;dw02;dw03;dw04;dw05;dw06;dw07;dw08,dw00;dw01;dw02;dw03;dw04;dw05;dw06;dw07;dw08,dw08,15,1,2026-08-30T08:19:23.879+0200,dw00,8103,50,2384,-150,1708,1663,2.71,32257
ground-height-2m-20260828-133428,d024m_r090_run01.csv,2,24,90,dw00;dw01;dw02;dw03;dw04;dw05;dw06;dw07;dw08,dw00;dw01;dw02;dw03;dw04;dw05;dw06;dw07;dw08,dw08,35,1,2026-08-30T08:19:23.905+0200,dw01,1729,224,2378,-129,2009,1273,3.09,58227
ground-height-2m-20260828-133428,d024m_r090_run01.csv,2,24,90,dw00;dw01;dw02;dw03;dw04;dw05;dw06;dw07;dw08,dw00;dw01;dw02;dw03;dw04;dw05;dw06;dw07;dw08,dw08,145,1,2026-08-30T08:19:23.940+0200,dw07,5783,29,2371,126,491,2320,3.27,2147483
ground-height-2m-20260828-133428,d024m_r090_run01.csv,2,24,90,dw00;dw01;dw02;dw03;dw04;dw05;dw06;dw07;dw08,dw00;dw01;dw02;dw03;dw04;dw05;dw06;dw07;dw08,dw08,75,1,2026-08-30T08:19:23.959+0200,dw03,021B,60,2363,-31,-1808,1520,1.69,12298
ground-height-2m-20260828-133428,d024m_r090_run01.csv,2,24,90,dw00;dw01;dw02;dw03;dw04;dw05;dw06;dw07;dw08,dw00;dw01;dw02;dw03;dw04;dw05;dw06;dw07;dw08,dw08,55,1,2026-08-30T08:19:23.999+0200,dw02,8FB0,73,2371,-86,-2371,0,3.69,52368
ground-height-2m-20260828-133428,d024m_r090_run01.csv,2,24,90,dw00;dw01;dw02;dw03;dw04;dw05;dw06;dw07;dw08,dw00;dw01;dw02;dw03;dw04;dw05;dw06;dw07;dw08,dw08,105,1,2026-08-30T08:19:24.020+0200,dw05,4B92,57,2370,42,-730,2254,4.26,72296
ground-height-2m-20260828-133428,d024m_r090_run01.csv,2,24,90,dw00;dw01;dw02;dw03;dw04;dw05;dw06;dw07;dw08,dw00;dw01;dw02;dw03;dw04;dw05;dw06;dw07;dw08,dw08,125,1,2026-08-30T08:19:24.029+0200,dw06,0789,68,2377,97,64,2376,3.01,82305
ground-height-2m-20260828-133428,d024m_r090_run01.csv,2,24,90,dw00;dw01;dw02;dw03;dw04;dw05;dw06;dw07;dw08,dw00;dw01;dw02;dw03;dw04;dw05;dw06;dw07;dw08,dw08,15,1,2026-08-30T08:19:24.079+0200,dw00,8103,51,2378,-154,1650,1713,2.77,32257
ground-height-2m-20260828-133428,d024m_r090_run01.csv,2,24,90,dw00;dw01;dw02;dw03;dw04;dw05;dw06;dw07;dw08,dw00;dw01;dw02;dw03;dw04;dw05;dw06;dw07;dw08,dw08,165,1,2026-08-30T08:19:24.085+0200,dw08,028E,25,2369,88,-69,2368,2.50,38024
ground-height-2m-20260828-133428,d024m_r090_run01.csv,2,24,90,dw00;dw01;dw02;dw03;dw04;dw05;dw06;dw07;dw08,dw00;dw01;dw02;dw03;dw04;dw05;dw06;dw07;dw08,dw08,145,1,2026-08-30T08:19:24.140+0200,dw07,5783,30,2371,129,540,2308,3.33,2147483
ground-height-2m-20260828-133428,d024m_r090_run01.csv,2,24,90,dw00;dw01;dw02;dw03;dw04;dw05;dw06;dw07;dw08,dw00;dw01;dw02;dw03;dw04;dw05;dw06;dw07;dw08,dw08,75,1,2026-08-30T08:19:24.159+0200,dw03,021B,61,2363,-38,-1911,1390,1.93,12298
ground-height-2m-20260828-133428,d024m_r090_run01.csv,2,24,90,dw00;dw01;dw02;dw03;dw04;dw05;dw06;dw07;dw08,dw00;dw01;dw02;dw03;dw04;dw05;dw06;dw07;dw08,dw08,105,1,2026-08-30T08:19:24.220+0200,dw05,4B92,58,2362,52,-595,2286,4.26,72296
ground-height-2m-20260828-133428,d024m_r090_run01.csv,2,24,90,dw00;dw01;dw02;dw03;dw04;dw05;dw06;dw07;dw08,dw00;dw01;dw02;dw03;dw04;dw05;dw06;dw07;dw08,dw08,125,1,2026-08-30T08:19:24.230+0200,dw06,0789,69,2376,97,59,2376,2.95,82336
ground-height-2m-20260828-133428,d024m_r090_run01.csv,2,24,90,dw00;dw01;dw02;dw03;dw04;dw05;dw06;dw07;dw08,dw00;dw01;dw02;dw03;dw04;dw05;dw06;dw07;dw08,dw08,15,1,2026-08-30T08:19:24.279+0200,dw00,8103,52,2383,-149,1718,1651,2.83,32257
ground-height-2m-20260828-133428,d024m_r090_run01.csv,2,24,90,dw00;dw01;dw02;dw03;dw04;dw05;dw06;dw07;dw08,dw00;dw01;dw02;dw03;dw04;dw05;dw06;dw07;dw08,dw08,35,1,2026-08-30T08:19:24.306+0200,dw01,1729,226,2375,-136,1915,1405,3.15,58197
ground-height-2m-20260828-133428,d024m_r090_run01.csv,2,24,90,dw00;dw01;dw02;dw03;dw04;dw05;dw06;dw07;dw08,dw00;dw01;dw02;dw03;dw04;dw05;dw06;dw07;dw08,dw08,145,1,2026-08-30T08:19:24.339+0200,dw07,5783,31,2371,123,451,2328,3.33,2147483
ground-height-2m-20260828-133428,d024m_r090_run01.csv,2,24,90,dw00;dw01;dw02;dw03;dw04;dw05;dw06;dw07;dw08,dw00;dw01;dw02;dw03;dw04;dw05;dw06;dw07;dw08,dw08,75,1,2026-08-30T08:19:24.359+0200,dw03,021B,62,2367,-30,-1792,1545,1.75,12298
ground-height-2m-20260828-133428,d024m_r090_run01.csv,2,24,90,dw00;dw01;dw02;dw03;dw04;dw05;dw06;dw07;dw08,dw00;dw01;dw02;dw03;dw04;dw05;dw06;dw07;dw08,dw08,55,1,2026-08-30T08:19:24.415+0200,dw02,8FB0,75,2370,-91,2370,0,4.02,68298
ground-height-2m-20260828-133428,d024m_r090_run01.csv,2,24,90,dw00;dw01;dw02;dw03;dw04;dw05;dw06;dw07;dw08,dw00;dw01;dw02;dw03;dw04;dw05;dw06;dw07;dw08,dw08,125,1,2026-08-30T08:19:24.430+0200,dw06,0789,70,2375,92,-12,2375,3.06,82305
ground-height-2m-20260828-133428,d024m_r090_run01.csv,2,24,90,dw00;dw01;dw02;dw03;dw04;dw05;dw06;dw07;dw08,dw00;dw01;dw02;dw03;dw04;dw05;dw06;dw07;dw08,dw08,15,1,2026-08-30T08:19:24.480+0200,dw00,8103,53,2385,-153,1670,1703,2.95,32257
ground-height-2m-20260828-133428,d024m_r090_run01.csv,2,24,90,dw00;dw01;dw02;dw03;dw04;dw05;dw06;dw07;dw08,dw00;dw01;dw02;dw03;dw04;dw05;dw06;dw07;dw08,dw08,35,1,2026-08-30T08:19:24.489+0200,dw01,1729,227,2376,-124,2086,1138,3.06,42358
ground-height-2m-20260828-133428,d024m_r090_run01.csv,2,24,90,dw00;dw01;dw02;dw03;dw04;dw05;dw06;dw07;dw08,dw00;dw01;dw02;dw03;dw04;dw05;dw06;dw07;dw08,dw08,145,1,2026-08-30T08:19:24.539+0200,dw07,5783,32,2368,129,538,2306,3.45,2147483
ground-height-2m-20260828-133428,d024m_r090_run01.csv,2,24,90,dw00;dw01;dw02;dw03;dw04;dw05;dw06;dw07;dw08,dw00;dw01;dw02;dw03;dw04;dw05;dw06;dw07;dw08,dw08,75,1,2026-08-30T08:19:24.560+0200,dw03,021B,63,2362,-42,-1968,1306,1.81,12298
ground-height-2m-20260828-133428,d024m_r090_run01.csv,2,24,90,dw00;dw01;dw02;dw03;dw04;dw05;dw06;dw07;dw08,dw00;dw01;dw02;dw03;dw04;dw05;dw06;dw07;dw08,dw08,55,1,2026-08-30T08:19:24.600+0200,dw02,8FB0,76,2370,-97,2370,0,3.72,52429
ground-height-2m-20260828-133428,d024m_r090_run01.csv,2,24,90,dw00;dw01;dw02;dw03;dw04;dw05;dw06;dw07;dw08,dw00;dw01;dw02;dw03;dw04;dw05;dw06;dw07;dw08,dw08,125,1,2026-08-30T08:19:24.629+0200,dw06,0789,71,2373,85,-104,2371,3.06,82336
ground-height-2m-20260828-133428,d024m_r090_run01.csv,2,24,90,dw00;dw01;dw02;dw03;dw04;dw05;dw06;dw07;dw08,dw00;dw01;dw02;dw03;dw04;dw05;dw06;dw07;dw08,dw08,105,1,2026-08-30T08:19:24.635+0200,dw05,4B92,60,2367,57,-516,2310,4.35,87921
ground-height-2m-20260828-133428,d024m_r090_run01.csv,2,24,90,dw00;dw01;dw02;dw03;dw04;dw05;dw06;dw07;dw08,dw00;dw01;dw02;dw03;dw04;dw05;dw06;dw07;dw08,dw08,15,1,2026-08-30T08:19:24.680+0200,dw00,8103,54,2381,-156,1621,1744,2.89,32257
ground-height-2m-20260828-133428,d024m_r090_run01.csv,2,24,90,dw00;dw01;dw02;dw03;dw04;dw05;dw06;dw07;dw08,dw00;dw01;dw02;dw03;dw04;dw05;dw06;dw07;dw08,dw08,35,1,2026-08-30T08:19:24.689+0200,dw01,1729,228,2374,-119,2152,1003,3.01,42297
ground-height-2m-20260828-133428,d024m_r090_run01.csv,2,24,90,dw00;dw01;dw02;dw03;dw04;dw05;dw06;dw07;dw08,dw00;dw01;dw02;dw03;dw04;dw05;dw06;dw07;dw08,dw08,145,1,2026-08-30T08:19:24.739+0200,dw07,5783,33,2371,132,575,2300,3.33,2147483
ground-height-2m-20260828-133428,d024m_r090_run01.csv,2,24,90,dw00;dw01;dw02;dw03;dw04;dw05;dw06;dw07;dw08,dw00;dw01;dw02;dw03;dw04;dw05;dw06;dw07;dw08,dw08,75,1,2026-08-30T08:19:24.759+0200,dw03,021B,64,2360,-41,-1955,1321,1.81,12298
ground-height-2m-20260828-133428,d024m_r090_run01.csv,2,24,90,dw00;dw01;dw02;dw03;dw04;dw05;dw06;dw07;dw08,dw00;dw01;dw02;dw03;dw04;dw05;dw06;dw07;dw08,dw08,55,1,2026-08-30T08:19:24.799+0200,dw02,8FB0,77,2372,-84,-2372,0,3.69,52337
ground-height-2m-20260828-133428,d024m_r090_run01.csv,2,24,90,dw00;dw01;dw02;dw03;dw04;dw05;dw06;dw07;dw08,dw00;dw01;dw02;dw03;dw04;dw05;dw06;dw07;dw08,dw08,105,1,2026-08-30T08:19:24.819+0200,dw05,4B92,61,2367,43,-727,2253,4.26,72357
ground-height-2m-20260828-133428,d024m_r090_run01.csv,2,24,90,dw00;dw01;dw02;dw03;dw04;dw05;dw06;dw07;dw08,dw00;dw01;dw02;dw03;dw04;dw05;dw06;dw07;dw08,dw08,15,1,2026-08-30T08:19:24.879+0200,dw00,8103,55,2379,-146,1772,1587,2.83,32257
ground-height-2m-20260828-133428,d024m_r090_run01.csv,2,24,90,dw00;dw01;dw02;dw03;dw04;dw05;dw06;dw07;dw08,dw00;dw01;dw02;dw03;dw04;dw05;dw06;dw07;dw08,dw08,35,1,2026-08-30T08:19:24.890+0200,dw01,1729,229,2376,-122,2117,1079,2.95,42358
ground-height-2m-20260828-133428,d024m_r090_run01.csv,2,24,90,dw00;dw01;dw02;dw03;dw04;dw05;dw06;dw07;dw08,dw00;dw01;dw02;dw03;dw04;dw05;dw06;dw07;dw08,dw08,145,1,2026-08-30T08:19:24.939+0200,dw07,5783,34,2369,118,376,2339,3.27,2147483
ground-height-2m-20260828-133428,d024m_r090_run01.csv,2,24,90,dw00;dw01;dw02;dw03;dw04;dw05;dw06;dw07;dw08,dw00;dw01;dw02;dw03;dw04;dw05;dw06;dw07;dw08,dw08,75,1,2026-08-30T08:19:24.959+0200,dw03,021B,65,2361,-37,-1890,1415,1.69,12329
ground-height-2m-20260828-133428,d024m_r090_run01.csv,2,24,90,dw00;dw01;dw02;dw03;dw04;dw05;dw06;dw07;dw08,dw00;dw01;dw02;dw03;dw04;dw05;dw06;dw07;dw08,dw08,55,1,2026-08-30T08:19:24.999+0200,dw02,8FB0,78,2372,-81,-2372,0,3.72,52337
ground-height-2m-20260828-133428,d024m_r090_run01.csv,2,24,90,dw00;dw01;dw02;dw03;dw04;dw05;dw06;dw07;dw08,dw00;dw01;dw02;dw03;dw04;dw05;dw06;dw07;dw08,dw08,105,1,2026-08-30T08:19:25.020+0200,dw05,4B92,62,2366,50,-613,2285,4.14,72296
ground-height-2m-20260828-133428,d024m_r090_run01.csv,2,24,90,dw00;dw01;dw02;dw03;dw04;dw05;dw06;dw07;dw08,dw00;dw01;dw02;dw03;dw04;dw05;dw06;dw07;dw08,dw08,125,1,2026-08-30T08:19:25.045+0200,dw06,0789,73,2380,89,-56,2379,3.15,2147483
ground-height-2m-20260828-133428,d024m_r090_run01.csv,2,24,90,dw00;dw01;dw02;dw03;dw04;dw05;dw06;dw07;dw08,dw00;dw01;dw02;dw03;dw04;dw05;dw06;dw07;dw08,dw08,15,1,2026-08-30T08:19:25.079+0200,dw00,8103,56,2385,-159,1572,1793,2.83,32257
ground-height-2m-20260828-133428,d024m_r090_run01.csv,2,24,90,dw00;dw01;dw02;dw03;dw04;dw05;dw06;dw07;dw08,dw00;dw01;dw02;dw03;dw04;dw05;dw06;dw07;dw08,dw08,35,1,2026-08-30T08:19:25.089+0200,dw01,1729,230,2375,-134,1938,1373,2.95,42327
ground-height-2m-20260828-133428,d024m_r090_run01.csv,2,24,90,dw00;dw01;dw02;dw03;dw04;dw05;dw06;dw07;dw08,dw00;dw01;dw02;dw03;dw04;dw05;dw06;dw07;dw08,dw08,145,1,2026-08-30T08:19:25.139+0200,dw07,5783,35,2371,128,519,2314,3.45,2147483
ground-height-2m-20260828-133428,d024m_r090_run01.csv,2,24,90,dw00;dw01;dw02;dw03;dw04;dw05;dw06;dw07;dw08,dw00;dw01;dw02;dw03;dw04;dw05;dw06;dw07;dw08,dw08,75,1,2026-08-30T08:19:25.159+0200,dw03,021B,66,2361,-38,-1915,1380,1.81,12298
ground-height-2m-20260828-133428,d024m_r090_run01.csv,2,24,90,dw00;dw01;dw02;dw03;dw04;dw05;dw06;dw07;dw08,dw00;dw01;dw02;dw03;dw04;dw05;dw06;dw07;dw08,dw08,55,1,2026-08-30T08:19:25.199+0200,dw02,8FB0,79,2373,-91,2373,0,3.57,52337
ground-height-2m-20260828-133428,d024m_r090_run01.csv,2,24,90,dw00;dw01;dw02;dw03;dw04;dw05;dw06;dw07;dw08,dw00;dw01;dw02;dw03;dw04;dw05;dw06;dw07;dw08,dw08,105,1,2026-08-30T08:19:25.219+0200,dw05,4B92,63,2372,42,-730,2257,4.26,72296
ground-height-2m-20260828-133428,d024m_r090_run01.csv,2,24,90,dw00;dw01;dw02;dw03;dw04;dw05;dw06;dw07;dw08,dw00;dw01;dw02;dw03;dw04;dw05;dw06;dw07;dw08,dw08,125,1,2026-08-30T08:19:25.229+0200,dw06,0789,74,2374,83,-132,2370,3.01,82305
ground-height-2m-20260828-133428,d024m_r090_run01.csv,2,24,90,dw00;dw01;dw02;dw03;dw04;dw05;dw06;dw07;dw08,dw00;dw01;dw02;dw03;dw04;dw05;dw06;dw07;dw08,dw08,15,1,2026-08-30T08:19:25.279+0200,dw00,8103,57,2382,-156,1627,1739,2.77,32257
ground-height-2m-20260828-133428,d024m_r090_run01.csv,2,24,90,dw00;dw01;dw02;dw03;dw04;dw05;dw06;dw07;dw08,dw00;dw01;dw02;dw03;dw04;dw05;dw06;dw07;dw08,dw08,35,1,2026-08-30T08:19:25.289+0200,dw01,1729,231,2372,-140,1851,1484,2.95,42358
ground-height-2m-20260828-133428,d024m_r090_run01.csv,2,24,90,dw00;dw01;dw02;dw03;dw04;dw05;dw06;dw07;dw08,dw00;dw01;dw02;dw03;dw04;dw05;dw06;dw07;dw08,dw08,145,1,2026-08-30T08:19:25.339+0200,dw07,5783,36,2372,127,501,2319,3.21,2147483
ground-height-2m-20260828-133428,d024m_r090_run01.csv,2,24,90,dw00;dw01;dw02;dw03;dw04;dw05;dw06;dw07;dw08,dw00;dw01;dw02;dw03;dw04;dw05;dw06;dw07;dw08,dw08,75,1,2026-08-30T08:19:25.359+0200,dw03,021B,67,2366,-37,-1903,1405,1.81,12298
ground-height-2m-20260828-133428,d024m_r090_run01.csv,2,24,90,dw00;dw01;dw02;dw03;dw04;dw05;dw06;dw07;dw08,dw00;dw01;dw02;dw03;dw04;dw05;dw06;dw07;dw08,dw08,105,1,2026-08-30T08:19:25.419+0200,dw05,4B92,64,2364,41,-749,2242,4.14,72296
ground-height-2m-20260828-133428,d024m_r090_run01.csv,2,24,90,dw00;dw01;dw02;dw03;dw04;dw05;dw06;dw07;dw08,dw00;dw01;dw02;dw03;dw04;dw05;dw06;dw07;dw08,dw08,125,1,2026-08-30T08:19:25.429+0200,dw06,0789,75,2378,102,139,2374,3.06,82305
ground-height-2m-20260828-133428,d024m_r090_run01.csv,2,24,90,dw00;dw01;dw02;dw03;dw04;dw05;dw06;dw07;dw08,dw00;dw01;dw02;dw03;dw04;dw05;dw06;dw07;dw08,dw08,15,1,2026-08-30T08:19:25.480+0200,dw00,8103,58,2388,-151,1696,1681,2.71,32257
ground-height-2m-20260828-133428,d024m_r090_run01.csv,2,24,90,dw00;dw01;dw02;dw03;dw04;dw05;dw06;dw07;dw08,dw00;dw01;dw02;dw03;dw04;dw05;dw06;dw07;dw08,dw08,35,1,2026-08-30T08:19:25.489+0200,dw01,1729,232,2375,-128,2030,1232,2.83,42297
ground-height-2m-20260828-133428,d024m_r090_run01.csv,2,24,90,dw00;dw01;dw02;dw03;dw04;dw05;dw06;dw07;dw08,dw00;dw01;dw02;dw03;dw04;dw05;dw06;dw07;dw08,dw08,145,1,2026-08-30T08:19:25.539+0200,dw07,5783,37,2372,135,616,2290,3.33,2147483
ground-height-2m-20260828-133428,d024m_r090_run01.csv,2,24,90,dw00;dw01;dw02;dw03;dw04;dw05;dw06;dw07;dw08,dw00;dw01;dw02;dw03;dw04;dw05;dw06;dw07;dw08,dw08,75,1,2026-08-30T08:19:25.559+0200,dw03,021B,68,2364,-46,-2033,1206,1.75,12298
ground-height-2m-20260828-133428,d024m_r090_run01.csv,2,24,90,dw00;dw01;dw02;dw03;dw04;dw05;dw06;dw07;dw08,dw00;dw01;dw02;dw03;dw04;dw05;dw06;dw07;dw08,dw08,55,1,2026-08-30T08:19:25.599+0200,dw02,8FB0,81,2372,-99,2372,0,3.69,52337
ground-height-2m-20260828-133428,d024m_r090_run01.csv,2,24,90,dw00;dw01;dw02;dw03;dw04;dw05;dw06;dw07;dw08,dw00;dw01;dw02;dw03;dw04;dw05;dw06;dw07;dw08,dw08,105,1,2026-08-30T08:19:25.619+0200,dw05,4B92,65,2366,46,-676,2267,4.14,72296
ground-height-2m-20260828-133428,d024m_r090_run01.csv,2,24,90,dw00;dw01;dw02;dw03;dw04;dw05;dw06;dw07;dw08,dw00;dw01;dw02;dw03;dw04;dw05;dw06;dw07;dw08,dw08,125,1,2026-08-30T08:19:25.629+0200,dw06,0789,76,2380,97,68,2379,3.01,82275
ground-height-2m-20260828-133428,d024m_r090_run01.csv,2,24,90,dw00;dw01;dw02;dw03;dw04;dw05;dw06;dw07;dw08,dw00;dw01;dw02;dw03;dw04;dw05;dw06;dw07;dw08,dw08,15,1,2026-08-30T08:19:25.679+0200,dw00,8103,59,2383,-147,1758,1609,2.77,32287
ground-height-2m-20260828-133428,d024m_r090_run01.csv,2,24,90,dw00;dw01;dw02;dw03;dw04;dw05;dw06;dw07;dw08,dw00;dw01;dw02;dw03;dw04;dw05;dw06;dw07;dw08,dw08,35,1,2026-08-30T08:19:25.689+0200,dw01,1729,233,2375,-122,2111,1088,3.06,42297
ground-height-2m-20260828-133428,d024m_r090_run01.csv,2,24,90,dw00;dw01;dw02;dw03;dw04;dw05;dw06;dw07;dw08,dw00;dw01;dw02;dw03;dw04;dw05;dw06;dw07;dw08,dw08,145,1,2026-08-30T08:19:25.739+0200,dw07,5783,38,2373,125,474,2325,3.33,2147483
ground-height-2m-20260828-133428,d024m_r090_run01.csv,2,24,90,dw00;dw01;dw02;dw03;dw04;dw05;dw06;dw07;dw08,dw00;dw01;dw02;dw03;dw04;dw05;dw06;dw07;dw08,dw08,75,1,2026-08-30T08:19:25.759+0200,dw03,021B,69,2359,-36,-1883,1421,1.69,12298
ground-height-2m-20260828-133428,d024m_r090_run01.csv,2,24,90,dw00;dw01;dw02;dw03;dw04;dw05;dw06;dw07;dw08,dw00;dw01;dw02;dw03;dw04;dw05;dw06;dw07;dw08,dw08,55,1,2026-08-30T08:19:25.799+0200,dw02,8FB0,82,2371,-90,2371,0,3.72,52337
ground-height-2m-20260828-133428,d024m_r090_run01.csv,2,24,90,dw00;dw01;dw02;dw03;dw04;dw05;dw06;dw07;dw08,dw00;dw01;dw02;dw03;dw04;dw05;dw06;dw07;dw08,dw08,105,1,2026-08-30T08:19:25.820+0200,dw05,4B92,66,2364,47,-663,2269,4.02,72326
ground-height-2m-20260828-133428,d024m_r090_run01.csv,2,24,90,dw00;dw01;dw02;dw03;dw04;dw05;dw06;dw07;dw08,dw00;dw01;dw02;dw03;dw04;dw05;dw06;dw07;dw08,dw08,125,1,2026-08-30T08:19:25.829+0200,dw06,0789,77,2378,90,-31,2378,3.09,82244
ground-height-2m-20260828-133428,d024m_r090_run01.csv,2,24,90,dw00;dw01;dw02;dw03;dw04;dw05;dw06;dw07;dw08,dw00;dw01;dw02;dw03;dw04;dw05;dw06;dw07;dw08,dw08,15,1,2026-08-30T08:19:25.879+0200,dw00,8103,60,2385,-157,1610,1759,2.83,32257
ground-height-2m-20260828-133428,d024m_r090_run01.csv,2,24,90,dw00;dw01;dw02;dw03;dw04;dw05;dw06;dw07;dw08,dw00;dw01;dw02;dw03;dw04;dw05;dw06;dw07;dw08,dw08,35,1,2026-08-30T08:19:25.889+0200,dw01,1729,234,2373,-124,2090,1124,2.95,42327
ground-height-2m-20260828-133428,d024m_r090_run01.csv,2,24,90,dw00;dw01;dw02;dw03;dw04;dw05;dw06;dw07;dw08,dw00;dw01;dw02;dw03;dw04;dw05;dw06;dw07;dw08,dw08,145,1,2026-08-30T08:19:25.938+0200,dw07,5783,39,2370,129,531,2310,3.33,2147483
ground-height-2m-20260828-133428,d024m_r090_run01.csv,2,24,90,dw00;dw01;dw02;dw03;dw04;dw05;dw06;dw07;dw08,dw00;dw01;dw02;dw03;dw04;dw05;dw06;dw07;dw08,dw08,75,1,2026-08-30T08:19:25.959+0200,dw03,021B,70,2364,-49,-2067,1147,1.69,12298
ground-height-2m-20260828-133428,d024m_r090_run01.csv,2,24,90,dw00;dw01;dw02;dw03;dw04;dw05;dw06;dw07;dw08,dw00;dw01;dw02;dw03;dw04;dw05;dw06;dw07;dw08,dw08,55,1,2026-08-30T08:19:25.999+0200,dw02,8FB0,83,2374,-101,2374,0,3.63,52368
ground-height-2m-20260828-133428,d024m_r090_run01.csv,2,24,90,dw00;dw01;dw02;dw03;dw04;dw05;dw06;dw07;dw08,dw00;dw01;dw02;dw03;dw04;dw05;dw06;dw07;dw08,dw08,105,1,2026-08-30T08:19:26.018+0200,dw05,4B92,67,2364,44,-712,2254,4.14,72296
ground-height-2m-20260828-133428,d024m_r090_run01.csv,2,24,90,dw00;dw01;dw02;dw03;dw04;dw05;dw06;dw07;dw08,dw00;dw01;dw02;dw03;dw04;dw05;dw06;dw07;dw08,dw08,125,1,2026-08-30T08:19:26.029+0200,dw06,0789,78,2377,77,-228,2366,3.01,82336
ground-height-2m-20260828-133428,d024m_r090_run01.csv,2,24,90,dw00;dw01;dw02;dw03;dw04;dw05;dw06;dw07;dw08,dw00;dw01;dw02;dw03;dw04;dw05;dw06;dw07;dw08,dw08,15,1,2026-08-30T08:19:26.079+0200,dw00,8103,61,2382,-155,1634,1733,2.83,32257
ground-height-2m-20260828-133428,d024m_r090_run01.csv,2,24,90,dw00;dw01;dw02;dw03;dw04;dw05;dw06;dw07;dw08,dw00;dw01;dw02;dw03;dw04;dw05;dw06;dw07;dw08,dw08,35,1,2026-08-30T08:19:26.089+0200,dw01,1729,235,2375,-116,2197,902,2.95,42297
ground-height-2m-20260828-133428,d024m_r090_run01.csv,2,24,90,dw00;dw01;dw02;dw03;dw04;dw05;dw06;dw07;dw08,dw00;dw01;dw02;dw03;dw04;dw05;dw06;dw07;dw08,dw08,145,1,2026-08-30T08:19:26.139+0200,dw07,5783,40,2376,132,577,2305,3.33,2147483
ground-height-2m-20260828-133428,d024m_r090_run01.csv,2,24,90,dw00;dw01;dw02;dw03;dw04;dw05;dw06;dw07;dw08,dw00;dw01;dw02;dw03;dw04;dw05;dw06;dw07;dw08,dw08,75,1,2026-08-30T08:19:26.159+0200,dw03,021B,71,2359,-43,-1978,1287,1.81,12298
ground-height-2m-20260828-133428,d024m_r090_run01.csv,2,24,90,dw00;dw01;dw02;dw03;dw04;dw05;dw06;dw07;dw08,dw00;dw01;dw02;dw03;dw04;dw05;dw06;dw07;dw08,dw08,55,1,2026-08-30T08:19:26.199+0200,dw02,8FB0,84,2373,-92,2373,0,3.69,52337
ground-height-2m-20260828-133428,d024m_r090_run01.csv,2,24,90,dw00;dw01;dw02;dw03;dw04;dw05;dw06;dw07;dw08,dw00;dw01;dw02;dw03;dw04;dw05;dw06;dw07;dw08,dw08,105,1,2026-08-30T08:19:26.219+0200,dw05,4B92,68,2369,56,-529,2309,4.02,72296
ground-height-2m-20260828-133428,d024m_r090_run01.csv,2,24,90,dw00;dw01;dw02;dw03;dw04;dw05;dw06;dw07;dw08,dw00;dw01;dw02;dw03;dw04;dw05;dw06;dw07;dw08,dw08,125,1,2026-08-30T08:19:26.228+0200,dw06,0789,79,2375,90,-40,2375,3.06,82305
ground-height-2m-20260828-133428,d024m_r090_run01.csv,2,24,90,dw00;dw01;dw02;dw03;dw04;dw05;dw06;dw07;dw08,dw00;dw01;dw02;dw03;dw04;dw05;dw06;dw07;dw08,dw08,15,1,2026-08-30T08:19:26.278+0200,dw00,8103,62,2381,-148,1740,1625,2.83,32257
ground-height-2m-20260828-133428,d024m_r090_run01.csv,2,24,90,dw00;dw01;dw02;dw03;dw04;dw05;dw06;dw07;dw08,dw00;dw01;dw02;dw03;dw04;dw05;dw06;dw07;dw08,dw08,35,1,2026-08-30T08:19:26.289+0200,dw01,1729,236,2371,-126,2052,1188,3.06,42297
ground-height-2m-20260828-133428,d024m_r090_run01.csv,2,24,90,dw00;dw01;dw02;dw03;dw04;dw05;dw06;dw07;dw08,dw00;dw01;dw02;dw03;dw04;dw05;dw06;dw07;dw08,dw08,145,1,2026-08-30T08:19:26.339+0200,dw07,5783,41,2372,127,501,2319,3.33,2147483
ground-height-2m-20260828-133428,d024m_r090_run01.csv,2,24,90,dw00;dw01;dw02;dw03;dw04;dw05;dw06;dw07;dw08,dw00;dw01;dw02;dw03;dw04;dw05;dw06;dw07;dw08,dw08,75,1,2026-08-30T08:19:26.358+0200,dw03,021B,72,2364,-36,-1887,1424,1.87,12298
ground-height-2m-20260828-133428,d024m_r090_run01.csv,2,24,90,dw00;dw01;dw02;dw03;dw04;dw05;dw06;dw07;dw08,dw00;dw01;dw02;dw03;dw04;dw05;dw06;dw07;dw08,dw08,55,1,2026-08-30T08:19:26.398+0200,dw02,8FB0,85,2372,-90,2372,0,3.69,52368
ground-height-2m-20260828-133428,d024m_r090_run01.csv,2,24,90,dw00;dw01;dw02;dw03;dw04;dw05;dw06;dw07;dw08,dw00;dw01;dw02;dw03;dw04;dw05;dw06;dw07;dw08,dw08,125,1,2026-08-30T08:19:26.429+0200,dw06,0789,80,2376,93,7,2376,3.06,82275
ground-height-2m-20260828-133428,d024m_r090_run01.csv,2,24,90,dw00;dw01;dw02;dw03;dw04;dw05;dw06;dw07;dw08,dw00;dw01;dw02;dw03;dw04;dw05;dw06;dw07;dw08,dw08,15,1,2026-08-30T08:19:26.478+0200,dw00,8103,63,2382,-150,1712,1655,2.77,32257
ground-height-2m-20260828-133428,d024m_r090_run01.csv,2,24,90,dw00;dw01;dw02;dw03;dw04;dw05;dw06;dw07;dw08,dw00;dw01;dw02;dw03;dw04;dw05;dw06;dw07;dw08,dw08,35,1,2026-08-30T08:19:26.489+0200,dw01,1729,237,2377,-122,2109,1098,2.89,42327
ground-height-2m-20260828-133428,d024m_r090_run01.csv,2,24,90,dw00;dw01;dw02;dw03;dw04;dw05;dw06;dw07;dw08,dw00;dw01;dw02;dw03;dw04;dw05;dw06;dw07;dw08,dw08,145,1,2026-08-30T08:19:26.539+0200,dw07,5783,42,2370,127,504,2316,3.33,2147483
ground-height-2m-20260828-133428,d024m_r090_run01.csv,2,24,90,dw00;dw01;dw02;dw03;dw04;dw05;dw06;dw07;dw08,dw00;dw01;dw02;dw03;dw04;dw05;dw06;dw07;dw08,dw08,75,1,2026-08-30T08:19:26.558+0200,dw03,021B,73,2365,-42,-1968,1311,1.81,12329
ground-height-2m-20260828-133428,d024m_r090_run01.csv,2,24,90,dw00;dw01;dw02;dw03;dw04;dw05;dw06;dw07;dw08,dw00;dw01;dw02;dw03;dw04;dw05;dw06;dw07;dw08,dw08,55,1,2026-08-30T08:19:26.598+0200,dw02,8FB0,86,2369,-87,2369,0,3.57,52368
ground-height-2m-20260828-133428,d024m_r090_run01.csv,2,24,90,dw00;dw01;dw02;dw03;dw04;dw05;dw06;dw07;dw08,dw00;dw01;dw02;dw03;dw04;dw05;dw06;dw07;dw08,dw08,105,1,2026-08-30T08:19:26.619+0200,dw05,4B92,70,2364,50,-614,2283,4.02,72296
ground-height-2m-20260828-133428,d024m_r090_run01.csv,2,24,90,dw00;dw01;dw02;dw03;dw04;dw05;dw06;dw07;dw08,dw00;dw01;dw02;dw03;dw04;dw05;dw06;dw07;dw08,dw08,125,1,2026-08-30T08:19:26.629+0200,dw06,0789,81,2370,94,27,2370,3.01,82305
ground-height-2m-20260828-133428,d024m_r090_run01.csv,2,24,90,dw00;dw01;dw02;dw03;dw04;dw05;dw06;dw07;dw08,dw00;dw01;dw02;dw03;dw04;dw05;dw06;dw07;dw08,dw08,90,1,2026-08-30T08:19:26.653+0200,dw04,0F85,3,2365,3,-1296,1978,-4.32,6988
ground-height-2m-20260828-133428,d024m_r090_run01.csv,2,24,90,dw00;dw01;dw02;dw03;dw04;dw05;dw06;dw07;dw08,dw00;dw01;dw02;dw03;dw04;dw05;dw06;dw07;dw08,dw08,15,1,2026-08-30T08:19:26.678+0200,dw00,8103,64,2382,-153,1665,1703,2.77,32287
ground-height-2m-20260828-133428,d024m_r090_run01.csv,2,24,90,dw00;dw01;dw02;dw03;dw04;dw05;dw06;dw07;dw08,dw00;dw01;dw02;dw03;dw04;dw05;dw06;dw07;dw08,dw08,35,1,2026-08-30T08:19:26.688+0200,dw01,1729,238,2371,-127,2037,1212,2.89,42327
ground-height-2m-20260828-133428,d024m_r090_run01.csv,2,24,90,dw00;dw01;dw02;dw03;dw04;dw05;dw06;dw07;dw08,dw00;dw01;dw02;dw03;dw04;dw05;dw06;dw07;dw08,dw08,145,1,2026-08-30T08:19:26.738+0200,dw07,5783,43,2376,153,885,2205,3.33,2147483
ground-height-2m-20260828-133428,d024m_r090_run01.csv,2,24,90,dw00;dw01;dw02;dw03;dw04;dw05;dw06;dw07;dw08,dw00;dw01;dw02;dw03;dw04;dw05;dw06;dw07;dw08,dw08,75,1,2026-08-30T08:19:26.759+0200,dw03,021B,74,2360,-45,-2016,1228,1.87,12268
ground-height-2m-20260828-133428,d024m_r090_run01.csv,2,24,90,dw00;dw01;dw02;dw03;dw04;dw05;dw06;dw07;dw08,dw00;dw01;dw02;dw03;dw04;dw05;dw06;dw07;dw08,dw08,55,1,2026-08-30T08:19:26.799+0200,dw02,8FB0,87,2373,-97,2373,0,3.57,52368
ground-height-2m-20260828-133428,d024m_r090_run01.csv,2,24,90,dw00;dw01;dw02;dw03;dw04;dw05;dw06;dw07;dw08,dw00;dw01;dw02;dw03;dw04;dw05;dw06;dw07;dw08,dw08,105,1,2026-08-30T08:19:26.818+0200,dw05,4B92,71,2368,37,-812,2224,4.02,72296
ground-height-2m-20260828-133428,d024m_r090_run01.csv,2,24,90,dw00;dw01;dw02;dw03;dw04;dw05;dw06;dw07;dw08,dw00;dw01;dw02;dw03;dw04;dw05;dw06;dw07;dw08,dw08,125,1,2026-08-30T08:19:26.829+0200,dw06,0789,82,2378,95,39,2378,3.01,82305
ground-height-2m-20260828-133428,d024m_r090_run01.csv,2,24,90,dw00;dw01;dw02;dw03;dw04;dw05;dw06;dw07;dw08,dw00;dw01;dw02;dw03;dw04;dw05;dw06;dw07;dw08,dw08,15,1,2026-08-30T08:19:26.879+0200,dw00,8103,65,2382,-153,1671,1697,2.77,32257
ground-height-2m-20260828-133428,d024m_r090_run01.csv,2,24,90,dw00;dw01;dw02;dw03;dw04;dw05;dw06;dw07;dw08,dw00;dw01;dw02;dw03;dw04;dw05;dw06;dw07;dw08,dw08,35,1,2026-08-30T08:19:26.888+0200,dw01,1729,239,2371,-130,1992,1286,2.95,42327
ground-height-2m-20260828-133428,d024m_r090_run01.csv,2,24,90,dw00;dw01;dw02;dw03;dw04;dw05;dw06;dw07;dw08,dw00;dw01;dw02;dw03;dw04;dw05;dw06;dw07;dw08,dw08,90,1,2026-08-30T08:19:26.909+0200,dw04,0F85,4,2366,7,-1249,2009,1.19,62316
ground-height-2m-20260828-133428,d024m_r090_run01.csv,2,24,90,dw00;dw01;dw02;dw03;dw04;dw05;dw06;dw07;dw08,dw00;dw01;dw02;dw03;dw04;dw05;dw06;dw07;dw08,dw08,145,1,2026-08-30T08:19:26.938+0200,dw07,5783,44,2371,130,549,2306,3.21,2147483
ground-height-2m-20260828-133428,d024m_r090_run01.csv,2,24,90,dw00;dw01;dw02;dw03;dw04;dw05;dw06;dw07;dw08,dw00;dw01;dw02;dw03;dw04;dw05;dw06;dw07;dw08,dw08,75,1,2026-08-30T08:19:26.959+0200,dw03,021B,75,2361,-36,-1886,1420,1.69,12329
ground-height-2m-20260828-133428,d024m_r090_run01.csv,2,24,90,dw00;dw01;dw02;dw03;dw04;dw05;dw06;dw07;dw08,dw00;dw01;dw02;dw03;dw04;dw05;dw06;dw07;dw08,dw08,55,1,2026-08-30T08:19:26.999+0200,dw02,8FB0,88,2373,-83,-2373,0,3.69,52368
ground-height-2m-20260828-133428,d024m_r090_run01.csv,2,24,90,dw00;dw01;dw02;dw03;dw04;dw05;dw06;dw07;dw08,dw00;dw01;dw02;dw03;dw04;dw05;dw06;dw07;dw08,dw08,105,1,2026-08-30T08:19:27.018+0200,dw05,4B92,72,2373,56,-535,2312,4.29,72296
ground-height-2m-20260828-133428,d024m_r090_run01.csv,2,24,90,dw00;dw01;dw02;dw03;dw04;dw05;dw06;dw07;dw08,dw00;dw01;dw02;dw03;dw04;dw05;dw06;dw07;dw08,dw08,125,1,2026-08-30T08:19:27.028+0200,dw06,0789,83,2375,105,188,2367,2.95,82305
ground-height-2m-20260828-133428,d024m_r090_run01.csv,2,24,90,dw00;dw01;dw02;dw03;dw04;dw05;dw06;dw07;dw08,dw00;dw01;dw02;dw03;dw04;dw05;dw06;dw07;dw08,dw08,15,1,2026-08-30T08:19:27.079+0200,dw00,8103,66,2385,-148,1747,1624,2.83,32257
ground-height-2m-20260828-133428,d024m_r090_run01.csv,2,24,90,dw00;dw01;dw02;dw03;dw04;dw05;dw06;dw07;dw08,dw00;dw01;dw02;dw03;dw04;dw05;dw06;dw07;dw08,dw08,35,1,2026-08-30T08:19:27.089+0200,dw01,1729,240,2376,-109,2302,590,2.95,42297
ground-height-2m-20260828-133428,d024m_r090_run01.csv,2,24,90,dw00;dw01;dw02;dw03;dw04;dw05;dw06;dw07;dw08,dw00;dw01;dw02;dw03;dw04;dw05;dw06;dw07;dw08,dw08,90,1,2026-08-30T08:19:27.108+0200,dw04,0F85,5,2367,6,-1266,2000,2.65,62286
ground-height-2m-20260828-133428,d024m_r090_run01.csv,2,24,90,dw00;dw01;dw02;dw03;dw04;dw05;dw06;dw07;dw08,dw00;dw01;dw02;dw03;dw04;dw05;dw06;dw07;dw08,dw08,145,1,2026-08-30T08:19:27.138+0200,dw07,5783,45,2373,120,408,2337,3.27,2147483
ground-height-2m-20260828-133428,d024m_r090_run01.csv,2,24,90,dw00;dw01;dw02;dw03;dw04;dw05;dw06;dw07;dw08,dw00;dw01;dw02;dw03;dw04;dw05;dw06;dw07;dw08,dw08,75,1,2026-08-30T08:19:27.158+0200,dw03,021B,76,2365,-40,-1943,1349,1.75,12298
ground-height-2m-20260828-133428,d024m_r090_run01.csv,2,24,90,dw00;dw01;dw02;dw03;dw04;dw05;dw06;dw07;dw08,dw00;dw01;dw02;dw03;dw04;dw05;dw06;dw07;dw08,dw08,55,1,2026-08-30T08:19:27.198+0200,dw02,8FB0,89,2373,-90,2373,0,3.69,52429
ground-height-2m-20260828-133428,d024m_r090_run01.csv,2,24,90,dw00;dw01;dw02;dw03;dw04;dw05;dw06;dw07;dw08,dw00;dw01;dw02;dw03;dw04;dw05;dw06;dw07;dw08,dw08,105,1,2026-08-30T08:19:27.218+0200,dw05,4B92,73,2367,37,-808,2224,4.26,72296
ground-height-2m-20260828-133428,d024m_r090_run01.csv,2,24,90,dw00;dw01;dw02;dw03;dw04;dw05;dw06;dw07;dw08,dw00;dw01;dw02;dw03;dw04;dw05;dw06;dw07;dw08,dw08,125,1,2026-08-30T08:19:27.228+0200,dw06,0789,84,2379,81,-169,2373,2.95,82275
ground-height-2m-20260828-133428,d024m_r090_run01.csv,2,24,90,dw00;dw01;dw02;dw03;dw04;dw05;dw06;dw07;dw08,dw00;dw01;dw02;dw03;dw04;dw05;dw06;dw07;dw08,dw08,15,1,2026-08-30T08:19:27.278+0200,dw00,8103,67,2382,-141,1839,1513,2.77,32257
ground-height-2m-20260828-133428,d024m_r090_run01.csv,2,24,90,dw00;dw01;dw02;dw03;dw04;dw05;dw06;dw07;dw08,dw00;dw01;dw02;dw03;dw04;dw05;dw06;dw07;dw08,dw08,35,1,2026-08-30T08:19:27.289+0200,dw01,1729,241,2374,-124,2080,1144,3.01,42297
ground-height-2m-20260828-133428,d024m_r090_run01.csv,2,24,90,dw00;dw01;dw02;dw03;dw04;dw05;dw06;dw07;dw08,dw00;dw01;dw02;dw03;dw04;dw05;dw06;dw07;dw08,dw08,90,1,2026-08-30T08:19:27.308+0200,dw04,0F85,6,2363,22,-1020,2131,2.65,62255
ground-height-2m-20260828-133428,d024m_r090_run01.csv,2,24,90,dw00;dw01;dw02;dw03;dw04;dw05;dw06;dw07;dw08,dw00;dw01;dw02;dw03;dw04;dw05;dw06;dw07;dw08,dw08,145,1,2026-08-30T08:19:27.339+0200,dw07,5783,46,2373,130,556,2307,3.33,2147483
ground-height-2m-20260828-133428,d024m_r090_run01.csv,2,24,90,dw00;dw01;dw02;dw03;dw04;dw05;dw06;dw07;dw08,dw00;dw01;dw02;dw03;dw04;dw05;dw06;dw07;dw08,dw08,75,1,2026-08-30T08:19:27.358+0200,dw03,021B,77,2364,-33,-1842,1482,1.75,12298
ground-height-2m-20260828-133428,d024m_r090_run01.csv,2,24,90,dw00;dw01;dw02;dw03;dw04;dw05;dw06;dw07;dw08,dw00;dw01;dw02;dw03;dw04;dw05;dw06;dw07;dw08,dw08,55,1,2026-08-30T08:19:27.398+0200,dw02,8FB0,90,2373,-92,2373,0,3.72,52307
ground-height-2m-20260828-133428,d024m_r090_run01.csv,2,24,90,dw00;dw01;dw02;dw03;dw04;dw05;dw06;dw07;dw08,dw00;dw01;dw02;dw03;dw04;dw05;dw06;dw07;dw08,dw08,105,1,2026-08-30T08:19:27.419+0200,dw05,4B92,74,2365,27,-952,2165,4.14,72296
ground-height-2m-20260828-133428,d024m_r090_run01.csv,2,24,90,dw00;dw01;dw02;dw03;dw04;dw05;dw06;dw07;dw08,dw00;dw01;dw02;dw03;dw04;dw05;dw06;dw07;dw08,dw08,125,1,2026-08-30T08:19:27.428+0200,dw06,0789,85,2377,101,122,2374,3.01,82305
ground-height-2m-20260828-133428,d024m_r090_run01.csv,2,24,90,dw00;dw01;dw02;dw03;dw04;dw05;dw06;dw07;dw08,dw00;dw01;dw02;dw03;dw04;dw05;dw06;dw07;dw08,dw08,15,1,2026-08-30T08:19:27.478+0200,dw00,8103,68,2384,-160,1562,1801,2.83,32287
ground-height-2m-20260828-133428,d024m_r090_run01.csv,2,24,90,dw00;dw01;dw02;dw03;dw04;dw05;dw06;dw07;dw08,dw00;dw01;dw02;dw03;dw04;dw05;dw06;dw07;dw08,dw08,35,1,2026-08-30T08:19:27.488+0200,dw01,1729,242,2374,-125,2075,1153,3.06,42297
ground-height-2m-20260828-133428,d024m_r090_run01.csv,2,24,90,dw00;dw01;dw02;dw03;dw04;dw05;dw06;dw07;dw08,dw00;dw01;dw02;dw03;dw04;dw05;dw06;dw07;dw08,dw08,145,1,2026-08-30T08:19:27.538+0200,dw07,5783,47,2374,127,509,2318,3.33,2147483
ground-height-2m-20260828-133428,d024m_r090_run01.csv,2,24,90,dw00;dw01;dw02;dw03;dw04;dw05;dw06;dw07;dw08,dw00;dw01;dw02;dw03;dw04;dw05;dw06;dw07;dw08,dw08,75,1,2026-08-30T08:19:27.558+0200,dw03,021B,78,2361,-37,-1896,1406,1.69,12298
ground-height-2m-20260828-133428,d024m_r090_run01.csv,2,24,90,dw00;dw01;dw02;dw03;dw04;dw05;dw06;dw07;dw08,dw00;dw01;dw02;dw03;dw04;dw05;dw06;dw07;dw08,dw08,55,1,2026-08-30T08:19:27.598+0200,dw02,8FB0,91,2372,-94,2372,0,3.69,52368
ground-height-2m-20260828-133428,d024m_r090_run01.csv,2,24,90,dw00;dw01;dw02;dw03;dw04;dw05;dw06;dw07;dw08,dw00;dw01;dw02;dw03;dw04;dw05;dw06;dw07;dw08,dw08,105,1,2026-08-30T08:19:27.618+0200,dw05,4B92,75,2370,51,-600,2292,4.14,72296
ground-height-2m-20260828-133428,d024m_r090_run01.csv,2,24,90,dw00;dw01;dw02;dw03;dw04;dw05;dw06;dw07;dw08,dw00;dw01;dw02;dw03;dw04;dw05;dw06;dw07;dw08,dw08,125,1,2026-08-30T08:19:27.629+0200,dw06,0789,86,2369,92,-2,2369,2.95,82305
ground-height-2m-20260828-133428,d024m_r090_run01.csv,2,24,90,dw00;dw01;dw02;dw03;dw04;dw05;dw06;dw07;dw08,dw00;dw01;dw02;dw03;dw04;dw05;dw06;dw07;dw08,dw08,15,1,2026-08-30T08:19:27.678+0200,dw00,8103,69,2379,-158,1587,1772,2.83,32226
ground-height-2m-20260828-133428,d024m_r090_run01.csv,2,24,90,dw00;dw01;dw02;dw03;dw04;dw05;dw06;dw07;dw08,dw00;dw01;dw02;dw03;dw04;dw05;dw06;dw07;dw08,dw08,35,1,2026-08-30T08:19:27.688+0200,dw01,1729,243,2378,-122,2124,1070,3.01,42297
ground-height-2m-20260828-133428,d024m_r090_run01.csv,2,24,90,dw00;dw01;dw02;dw03;dw04;dw05;dw06;dw07;dw08,dw00;dw01;dw02;dw03;dw04;dw05;dw06;dw07;dw08,dw08,90,1,2026-08-30T08:19:27.724+0200,dw04,0F85,8,2363,6,-1259,1999,2.77,78002
ground-height-2m-20260828-133428,d024m_r090_run01.csv,2,24,90,dw00;dw01;dw02;dw03;dw04;dw05;dw06;dw07;dw08,dw00;dw01;dw02;dw03;dw04;dw05;dw06;dw07;dw08,dw08,145,1,2026-08-30T08:19:27.738+0200,dw07,5783,48,2368,129,537,2306,3.33,2147483
ground-height-2m-20260828-133428,d024m_r090_run01.csv,2,24,90,dw00;dw01;dw02;dw03;dw04;dw05;dw06;dw07;dw08,dw00;dw01;dw02;dw03;dw04;dw05;dw06;dw07;dw08,dw08,75,1,2026-08-30T08:19:27.758+0200,dw03,021B,79,2366,-43,-1990,1278,1.87,12298
ground-height-2m-20260828-133428,d024m_r090_run01.csv,2,24,90,dw00;dw01;dw02;dw03;dw04;dw05;dw06;dw07;dw08,dw00;dw01;dw02;dw03;dw04;dw05;dw06;dw07;dw08,dw08,55,1,2026-08-30T08:19:27.798+0200,dw02,8FB0,92,2371,-85,-2371,0,3.69,52368
ground-height-2m-20260828-133428,d024m_r090_run01.csv,2,24,90,dw00;dw01;dw02;dw03;dw04;dw05;dw06;dw07;dw08,dw00;dw01;dw02;dw03;dw04;dw05;dw06;dw07;dw08,dw08,105,1,2026-08-30T08:19:27.818+0200,dw05,4B92,76,2366,40,-757,2242,4.26,72296
ground-height-2m-20260828-133428,d024m_r090_run01.csv,2,24,90,dw00;dw01;dw02;dw03;dw04;dw05;dw06;dw07;dw08,dw00;dw01;dw02;dw03;dw04;dw05;dw06;dw07;dw08,dw08,125,1,2026-08-30T08:19:27.828+0200,dw06,0789,87,2375,91,-13,2375,3.06,82275
ground-height-2m-20260828-133428,d024m_r090_run01.csv,2,24,90,dw00;dw01;dw02;dw03;dw04;dw05;dw06;dw07;dw08,dw00;dw01;dw02;dw03;dw04;dw05;dw06;dw07;dw08,dw08,15,1,2026-08-30T08:19:27.879+0200,dw00,8103,70,2381,-139,1874,1468,2.83,32318
ground-height-2m-20260828-133428,d024m_r090_run01.csv,2,24,90,dw00;dw01;dw02;dw03;dw04;dw05;dw06;dw07;dw08,dw00;dw01;dw02;dw03;dw04;dw05;dw06;dw07;dw08,dw08,35,1,2026-08-30T08:19:27.889+0200,dw01,1729,244,2376,-130,1994,1292,2.83,42327
ground-height-2m-20260828-133428,d024m_r090_run01.csv,2,24,90,dw00;dw01;dw02;dw03;dw04;dw05;dw06;dw07;dw08,dw00;dw01;dw02;dw03;dw04;dw05;dw06;dw07;dw08,dw08,145,1,2026-08-30T08:19:27.938+0200,dw07,5783,49,2370,132,579,2298,3.33,2147483
ground-height-2m-20260828-133428,d024m_r090_run01.csv,2,24,90,dw00;dw01;dw02;dw03;dw04;dw05;dw06;dw07;dw08,dw00;dw01;dw02;dw03;dw04;dw05;dw06;dw07;dw08,dw08,75,1,2026-08-30T08:19:27.958+0200,dw03,021B,80,2364,-31,-1819,1510,1.87,12329
ground-height-2m-20260828-133428,d024m_r090_run01.csv,2,24,90,dw00;dw01;dw02;dw03;dw04;dw05;dw06;dw07;dw08,dw00;dw01;dw02;dw03;dw04;dw05;dw06;dw07;dw08,dw08,55,1,2026-08-30T08:19:27.998+0200,dw02,8FB0,93,2372,-89,2372,0,3.78,52337
ground-height-2m-20260828-133428,d024m_r090_run01.csv,2,24,90,dw00;dw01;dw02;dw03;dw04;dw05;dw06;dw07;dw08,dw00;dw01;dw02;dw03;dw04;dw05;dw06;dw07;dw08,dw08,105,1,2026-08-30T08:19:28.018+0200,dw05,4B92,77,2369,25,-988,2153,4.14,72326
ground-height-2m-20260828-133428,d024m_r090_run01.csv,2,24,90,dw00;dw01;dw02;dw03;dw04;dw05;dw06;dw07;dw08,dw00;dw01;dw02;dw03;dw04;dw05;dw06;dw07;dw08,dw08,125,1,2026-08-30T08:19:28.028+0200,dw06,0789,88,2379,83,-144,2375,3.06,82305
ground-height-2m-20260828-133428,d024m_r090_run01.csv,2,24,90,dw00;dw01;dw02;dw03;dw04;dw05;dw06;dw07;dw08,dw00;dw01;dw02;dw03;dw04;dw05;dw06;dw07;dw08,dw08,15,1,2026-08-30T08:19:28.078+0200,dw00,8103,71,2381,-149,1720,1646,2.89,32257
ground-height-2m-20260828-133428,d024m_r090_run01.csv,2,24,90,dw00;dw01;dw02;dw03;dw04;dw05;dw06;dw07;dw08,dw00;dw01;dw02;dw03;dw04;dw05;dw06;dw07;dw08,dw08,35,1,2026-08-30T08:19:28.088+0200,dw01,1729,245,2376,-126,2052,1198,2.95,42327
ground-height-2m-20260828-133428,d024m_r090_run01.csv,2,24,90,dw00;dw01;dw02;dw03;dw04;dw05;dw06;dw07;dw08,dw00;dw01;dw02;dw03;dw04;dw05;dw06;dw07;dw08,dw08,145,1,2026-08-30T08:19:28.138+0200,dw07,5783,50,2367,137,644,2278,3.27,2147483
ground-height-2m-20260828-133428,d024m_r090_run01.csv,2,24,90,dw00;dw01;dw02;dw03;dw04;dw05;dw06;dw07;dw08,dw00;dw01;dw02;dw03;dw04;dw05;dw06;dw07;dw08,dw08,75,1,2026-08-30T08:19:28.158+0200,dw03,021B,81,2367,-34,-1858,1466,1.81,12268
ground-height-2m-20260828-133428,d024m_r090_run01.csv,2,24,90,dw00;dw01;dw02;dw03;dw04;dw05;dw06;dw07;dw08,dw00;dw01;dw02;dw03;dw04;dw05;dw06;dw07;dw08,dw08,55,1,2026-08-30T08:19:28.198+0200,dw02,8FB0,94,2371,-92,2371,0,3.69,52368
ground-height-2m-20260828-133428,d024m_r090_run01.csv,2,24,90,dw00;dw01;dw02;dw03;dw04;dw05;dw06;dw07;dw08,dw00;dw01;dw02;dw03;dw04;dw05;dw06;dw07;dw08,dw08,105,1,2026-08-30T08:19:28.218+0200,dw05,4B92,78,2368,48,-653,2276,4.02,72265
ground-height-2m-20260828-133428,d024m_r090_run01.csv,2,24,90,dw00;dw01;dw02;dw03;dw04;dw05;dw06;dw07;dw08,dw00;dw01;dw02;dw03;dw04;dw05;dw06;dw07;dw08,dw08,125,1,2026-08-30T08:19:28.228+0200,dw06,0789,89,2377,104,168,2371,2.83,82275
ground-height-2m-20260828-133428,d024m_r090_run01.csv,2,24,90,dw00;dw01;dw02;dw03;dw04;dw05;dw06;dw07;dw08,dw00;dw01;dw02;dw03;dw04;dw05;dw06;dw07;dw08,dw08,15,1,2026-08-30T08:19:28.278+0200,dw00,8103,72,2383,-146,1774,1591,2.83,32257
ground-height-2m-20260828-133428,d024m_r090_run01.csv,2,24,90,dw00;dw01;dw02;dw03;dw04;dw05;dw06;dw07;dw08,dw00;dw01;dw02;dw03;dw04;dw05;dw06;dw07;dw08,dw08,35,1,2026-08-30T08:19:28.288+0200,dw01,1729,246,2379,-120,2146,1028,2.83,42327
ground-height-2m-20260828-133428,d024m_r090_run01.csv,2,24,90,dw00;dw01;dw02;dw03;dw04;dw05;dw06;dw07;dw08,dw00;dw01;dw02;dw03;dw04;dw05;dw06;dw07;dw08,dw08,145,1,2026-08-30T08:19:28.337+0200,dw07,5783,51,2373,131,561,2305,3.27,2147483
ground-height-2m-20260828-133428,d024m_r090_run01.csv,2,24,90,dw00;dw01;dw02;dw03;dw04;dw05;dw06;dw07;dw08,dw00;dw01;dw02;dw03;dw04;dw05;dw06;dw07;dw08,dw08,75,1,2026-08-30T08:19:28.358+0200,dw03,021B,82,2364,-39,-1924,1373,1.75,12329
ground-height-2m-20260828-133428,d024m_r090_run01.csv,2,24,90,dw00;dw01;dw02;dw03;dw04;dw05;dw06;dw07;dw08,dw00;dw01;dw02;dw03;dw04;dw05;dw06;dw07;dw08,dw08,55,1,2026-08-30T08:19:28.398+0200,dw02,8FB0,95,2373,-96,2373,0,3.78,52368
ground-height-2m-20260828-133428,d024m_r090_run01.csv,2,24,90,dw00;dw01;dw02;dw03;dw04;dw05;dw06;dw07;dw08,dw00;dw01;dw02;dw03;dw04;dw05;dw06;dw07;dw08,dw08,105,1,2026-08-30T08:19:28.417+0200,dw05,4B92,79,2370,49,-630,2284,4.14,72296
ground-height-2m-20260828-133428,d024m_r090_run01.csv,2,24,90,dw00;dw01;dw02;dw03;dw04;dw05;dw06;dw07;dw08,dw00;dw01;dw02;dw03;dw04;dw05;dw06;dw07;dw08,dw08,125,1,2026-08-30T08:19:28.428+0200,dw06,0789,90,2375,76,-235,2363,2.95,82275
ground-height-2m-20260828-133428,d024m_r090_run01.csv,2,24,90,dw00;dw01;dw02;dw03;dw04;dw05;dw06;dw07;dw08,dw00;dw01;dw02;dw03;dw04;dw05;dw06;dw07;dw08,dw08,15,1,2026-08-30T08:19:28.478+0200,dw00,8103,73,2381,-159,1576,1784,2.89,32257
ground-height-2m-20260828-133428,d024m_r090_run01.csv,2,24,90,dw00;dw01;dw02;dw03;dw04;dw05;dw06;dw07;dw08,dw00;dw01;dw02;dw03;dw04;dw05;dw06;dw07;dw08,dw08,35,1,2026-08-30T08:19:28.488+0200,dw01,1729,247,2376,-136,1913,1409,2.83,42327
ground-height-2m-20260828-133428,d024m_r090_run01.csv,2,24,90,dw00;dw01;dw02;dw03;dw04;dw05;dw06;dw07;dw08,dw00;dw01;dw02;dw03;dw04;dw05;dw06;dw07;dw08,dw08,145,1,2026-08-30T08:19:28.538+0200,dw07,5783,52,2369,138,665,2274,3.15,2147483
ground-height-2m-20260828-133428,d024m_r090_run01.csv,2,24,90,dw00;dw01;dw02;dw03;dw04;dw05;dw06;dw07;dw08,dw00;dw01;dw02;dw03;dw04;dw05;dw06;dw07;dw08,dw08,75,1,2026-08-30T08:19:28.558+0200,dw03,021B,83,2362,-47,-2040,1190,1.81,12298
ground-height-2m-20260828-133428,d024m_r090_run01.csv,2,24,90,dw00;dw01;dw02;dw03;dw04;dw05;dw06;dw07;dw08,dw00;dw01;dw02;dw03;dw04;dw05;dw06;dw07;dw08,dw08,55,1,2026-08-30T08:19:28.598+0200,dw02,8FB0,96,2374,-86,-2374,0,3.72,52398
ground-height-2m-20260828-133428,d024m_r090_run01.csv,2,24,90,dw00;dw01;dw02;dw03;dw04;dw05;dw06;dw07;dw08,dw00;dw01;dw02;dw03;dw04;dw05;dw06;dw07;dw08,dw08,105,1,2026-08-30T08:19:28.618+0200,dw05,4B92,80,2369,46,-684,2268,4.02,72296
ground-height-2m-20260828-133428,d024m_r090_run01.csv,2,24,90,dw00;dw01;dw02;dw03;dw04;dw05;dw06;dw07;dw08,dw00;dw01;dw02;dw03;dw04;dw05;dw06;dw07;dw08,dw08,125,1,2026-08-30T08:19:28.627+0200,dw06,0789,91,2374,96,45,2374,3.01,82244
ground-height-2m-20260828-133428,d024m_r090_run01.csv,2,24,90,dw00;dw01;dw02;dw03;dw04;dw05;dw06;dw07;dw08,dw00;dw01;dw02;dw03;dw04;dw05;dw06;dw07;dw08,dw08,15,1,2026-08-30T08:19:28.678+0200,dw00,8103,74,2385,-147,1753,1617,2.77,32287
ground-height-2m-20260828-133428,d024m_r090_run01.csv,2,24,90,dw00;dw01;dw02;dw03;dw04;dw05;dw06;dw07;dw08,dw00;dw01;dw02;dw03;dw04;dw05;dw06;dw07;dw08,dw08,35,1,2026-08-30T08:19:28.688+0200,dw01,1729,248,2376,-121,2132,1049,2.95,42266
ground-height-2m-20260828-133428,d024m_r090_run01.csv,2,24,90,dw00;dw01;dw02;dw03;dw04;dw05;dw06;dw07;dw08,dw00;dw01;dw02;dw03;dw04;dw05;dw06;dw07;dw08,dw08,145,1,2026-08-30T08:19:28.738+0200,dw07,5783,53,2373,139,683,2273,3.33,2147483
ground-height-2m-20260828-133428,d024m_r090_run01.csv,2,24,90,dw00;dw01;dw02;dw03;dw04;dw05;dw06;dw07;dw08,dw00;dw01;dw02;dw03;dw04;dw05;dw06;dw07;dw08,dw08,75,1,2026-08-30T08:19:28.757+0200,dw03,021B,84,2362,-57,-2187,894,1.93,12298
ground-height-2m-20260828-133428,d024m_r090_run01.csv,2,24,90,dw00;dw01;dw02;dw03;dw04;dw05;dw06;dw07;dw08,dw00;dw01;dw02;dw03;dw04;dw05;dw06;dw07;dw08,dw08,55,1,2026-08-30T08:19:28.797+0200,dw02,8FB0,97,2371,-81,-2371,0,3.63,52337
ground-height-2m-20260828-133428,d024m_r090_run01.csv,2,24,90,dw00;dw01;dw02;dw03;dw04;dw05;dw06;dw07;dw08,dw00;dw01;dw02;dw03;dw04;dw05;dw06;dw07;dw08,dw08,105,1,2026-08-30T08:19:28.818+0200,dw05,4B92,81,2367,43,-724,2254,4.14,72326
ground-height-2m-20260828-133428,d024m_r090_run01.csv,2,24,90,dw00;dw01;dw02;dw03;dw04;dw05;dw06;dw07;dw08,dw00;dw01;dw02;dw03;dw04;dw05;dw06;dw07;dw08,dw08,125,1,2026-08-30T08:19:28.828+0200,dw06,0789,92,2378,-161,1547,1806,3.01,82336
ground-height-2m-20260828-133428,d024m_r090_run01.csv,2,24,90,dw00;dw01;dw02;dw03;dw04;dw05;dw06;dw07;dw08,dw00;dw01;dw02;dw03;dw04;dw05;dw06;dw07;dw08,dw08,15,1,2026-08-30T08:19:28.877+0200,dw00,8103,75,2388,-172,1391,1941,2.89,32257
ground-height-2m-20260828-133428,d024m_r090_run01.csv,2,24,90,dw00;dw01;dw02;dw03;dw04;dw05;dw06;dw07;dw08,dw00;dw01;dw02;dw03;dw04;dw05;dw06;dw07;dw08,dw08,35,1,2026-08-30T08:19:28.888+0200,dw01,1729,249,2375,-114,2236,799,2.95,42358
ground-height-2m-20260828-133428,d024m_r090_run01.csv,2,24,90,dw00;dw01;dw02;dw03;dw04;dw05;dw06;dw07;dw08,dw00;dw01;dw02;dw03;dw04;dw05;dw06;dw07;dw08,dw08,145,1,2026-08-30T08:19:28.938+0200,dw07,5783,54,2373,144,746,2252,3.27,2147483
ground-height-2m-20260828-133428,d024m_r090_run01.csv,2,24,90,dw00;dw01;dw02;dw03;dw04;dw05;dw06;dw07;dw08,dw00;dw01;dw02;dw03;dw04;dw05;dw06;dw07;dw08,dw08,75,1,2026-08-30T08:19:28.957+0200,dw03,021B,85,2364,-35,-1871,1444,1.81,12298
ground-height-2m-20260828-133428,d024m_r090_run01.csv,2,24,90,dw00;dw01;dw02;dw03;dw04;dw05;dw06;dw07;dw08,dw00;dw01;dw02;dw03;dw04;dw05;dw06;dw07;dw08,dw08,55,1,2026-08-30T08:19:28.997+0200,dw02,8FB0,98,2371,-88,2371,0,3.72,52337
ground-height-2m-20260828-133428,d024m_r090_run01.csv,2,24,90,dw00;dw01;dw02;dw03;dw04;dw05;dw06;dw07;dw08,dw00;dw01;dw02;dw03;dw04;dw05;dw06;dw07;dw08,dw08,105,1,2026-08-30T08:19:29.018+0200,dw05,4B92,82,2369,51,-611,2289,4.14,72265
ground-height-2m-20260828-133428,d024m_r090_run01.csv,2,24,90,dw00;dw01;dw02;dw03;dw04;dw05;dw06;dw07;dw08,dw00;dw01;dw02;dw03;dw04;dw05;dw06;dw07;dw08,dw08,125,1,2026-08-30T08:19:29.028+0200,dw06,0789,93,2377,94,24,2377,2.95,82305
ground-height-2m-20260828-133428,d024m_r090_run01.csv,2,24,90,dw00;dw01;dw02;dw03;dw04;dw05;dw06;dw07;dw08,dw00;dw01;dw02;dw03;dw04;dw05;dw06;dw07;dw08,dw08,15,1,2026-08-30T08:19:29.078+0200,dw00,8103,76,2381,-147,1756,1607,2.89,32257
ground-height-2m-20260828-133428,d024m_r090_run01.csv,2,24,90,dw00;dw01;dw02;dw03;dw04;dw05;dw06;dw07;dw08,dw00;dw01;dw02;dw03;dw04;dw05;dw06;dw07;dw08,dw08,35,1,2026-08-30T08:19:29.087+0200,dw01,1729,250,2375,-140,1847,1493,2.89,42297
ground-height-2m-20260828-133428,d024m_r090_run01.csv,2,24,90,dw00;dw01;dw02;dw03;dw04;dw05;dw06;dw07;dw08,dw00;dw01;dw02;dw03;dw04;dw05;dw06;dw07;dw08,dw08,145,1,2026-08-30T08:19:29.137+0200,dw07,5783,55,2368,134,606,2289,3.33,2147483
ground-height-2m-20260828-133428,d024m_r090_run01.csv,2,24,90,dw00;dw01;dw02;dw03;dw04;dw05;dw06;dw07;dw08,dw00;dw01;dw02;dw03;dw04;dw05;dw06;dw07;dw08,dw08,75,1,2026-08-30T08:19:29.158+0200,dw03,021B,86,2361,-30,-1802,1526,1.75,12298
ground-height-2m-20260828-133428,d024m_r090_run01.csv,2,24,90,dw00;dw01;dw02;dw03;dw04;dw05;dw06;dw07;dw08,dw00;dw01;dw02;dw03;dw04;dw05;dw06;dw07;dw08,dw08,55,1,2026-08-30T08:19:29.198+0200,dw02,8FB0,99,2371,-93,2371,0,3.69,52429
ground-height-2m-20260828-133428,d024m_r090_run01.csv,2,24,90,dw00;dw01;dw02;dw03;dw04;dw05;dw06;dw07;dw08,dw00;dw01;dw02;dw03;dw04;dw05;dw06;dw07;dw08,dw08,105,1,2026-08-30T08:19:29.217+0200,dw05,4B92,83,2367,52,-586,2293,4.08,72296
ground-height-2m-20260828-133428,d024m_r090_run01.csv,2,24,90,dw00;dw01;dw02;dw03;dw04;dw05;dw06;dw07;dw08,dw00;dw01;dw02;dw03;dw04;dw05;dw06;dw07;dw08,dw08,125,1,2026-08-30T08:19:29.228+0200,dw06,0789,94,2374,102,137,2370,3.09,82275
ground-height-2m-20260828-133428,d024m_r090_run01.csv,2,24,90,dw00;dw01;dw02;dw03;dw04;dw05;dw06;dw07;dw08,dw00;dw01;dw02;dw03;dw04;dw05;dw06;dw07;dw08,dw08,15,1,2026-08-30T08:19:29.278+0200,dw00,8103,77,2382,-151,1688,1680,2.89,32318
ground-height-2m-20260828-133428,d024m_r090_run01.csv,2,24,90,dw00;dw01;dw02;dw03;dw04;dw05;dw06;dw07;dw08,dw00;dw01;dw02;dw03;dw04;dw05;dw06;dw07;dw08,dw08,35,1,2026-08-30T08:19:29.287+0200,dw01,1729,251,2371,-138,1869,1458,2.89,42327
ground-height-2m-20260828-133428,d024m_r090_run01.csv,2,24,90,dw00;dw01;dw02;dw03;dw04;dw05;dw06;dw07;dw08,dw00;dw01;dw02;dw03;dw04;dw05;dw06;dw07;dw08,dw08,145,1,2026-08-30T08:19:29.337+0200,dw07,5783,56,2367,137,644,2278,3.27,2147483
ground-height-2m-20260828-133428,d024m_r090_run01.csv,2,24,90,dw00;dw01;dw02;dw03;dw04;dw05;dw06;dw07;dw08,dw00;dw01;dw02;dw03;dw04;dw05;dw06;dw07;dw08,dw08,75,1,2026-08-30T08:19:29.358+0200,dw03,021B,87,2368,-37,-1906,1405,1.81,12298
ground-height-2m-20260828-133428,d024m_r090_run01.csv,2,24,90,dw00;dw01;dw02;dw03;dw04;dw05;dw06;dw07;dw08,dw00;dw01;dw02;dw03;dw04;dw05;dw06;dw07;dw08,dw08,55,1,2026-08-30T08:19:29.398+0200,dw02,8FB0,100,2368,-73,-2368,0,3.75,52337
ground-height-2m-20260828-133428,d024m_r090_run01.csv,2,24,90,dw00;dw01;dw02;dw03;dw04;dw05;dw06;dw07;dw08,dw00;dw01;dw02;dw03;dw04;dw05;dw06;dw07;dw08,dw08,105,1,2026-08-30T08:19:29.417+0200,dw05,4B92,84,2365,48,-647,2274,4.08,72326
ground-height-2m-20260828-133428,d024m_r090_run01.csv,2,24,90,dw00;dw01;dw02;dw03;dw04;dw05;dw06;dw07;dw08,dw00;dw01;dw02;dw03;dw04;dw05;dw06;dw07;dw08,dw08,125,1,2026-08-30T08:19:29.427+0200,dw06,0789,95,2374,93,11,2374,3.09,82275
ground-height-2m-20260828-133428,d024m_r090_run01.csv,2,24,90,dw00;dw01;dw02;dw03;dw04;dw05;dw06;dw07;dw08,dw00;dw01;dw02;dw03;dw04;dw05;dw06;dw07;dw08,dw08,15,1,2026-08-30T08:19:29.477+0200,dw00,8103,78,2385,-142,1832,1526,2.89,32257
ground-height-2m-20260828-133428,d024m_r090_run01.csv,2,24,90,dw00;dw01;dw02;dw03;dw04;dw05;dw06;dw07;dw08,dw00;dw01;dw02;dw03;dw04;dw05;dw06;dw07;dw08,dw08,35,1,2026-08-30T08:19:29.488+0200,dw01,1729,252,2374,-135,1924,1390,2.89,42358
ground-height-2m-20260828-133428,d024m_r090_run01.csv,2,24,90,dw00;dw01;dw02;dw03;dw04;dw05;dw06;dw07;dw08,dw00;dw01;dw02;dw03;dw04;dw05;dw06;dw07;dw08,dw08,145,1,2026-08-30T08:19:29.537+0200,dw07,5783,57,2368,141,701,2262,3.33,2147483
ground-height-2m-20260828-133428,d024m_r090_run01.csv,2,24,90,dw00;dw01;dw02;dw03;dw04;dw05;dw06;dw07;dw08,dw00;dw01;dw02;dw03;dw04;dw05;dw06;dw07;dw08,dw08,75,1,2026-08-30T08:19:29.557+0200,dw03,021B,88,2362,-37,-1898,1406,1.93,12298
ground-height-2m-20260828-133428,d024m_r090_run01.csv,2,24,90,dw00;dw01;dw02;dw03;dw04;dw05;dw06;dw07;dw08,dw00;dw01;dw02;dw03;dw04;dw05;dw06;dw07;dw08,dw08,55,1,2026-08-30T08:19:29.597+0200,dw02,8FB0,101,2369,-88,2369,0,3.69,52398
ground-height-2m-20260828-133428,d024m_r090_run01.csv,2,24,90,dw00;dw01;dw02;dw03;dw04;dw05;dw06;dw07;dw08,dw00;dw01;dw02;dw03;dw04;dw05;dw06;dw07;dw08,dw08,105,1,2026-08-30T08:19:29.618+0200,dw05,4B92,85,2366,48,-640,2277,4.29,72296
ground-height-2m-20260828-133428,d024m_r090_run01.csv,2,24,90,dw00;dw01;dw02;dw03;dw04;dw05;dw06;dw07;dw08,dw00;dw01;dw02;dw03;dw04;dw05;dw06;dw07;dw08,dw08,125,1,2026-08-30T08:19:29.627+0200,dw06,0789,96,2374,171,1152,2075,3.09,82275
ground-height-2m-20260828-133428,d024m_r090_run01.csv,2,24,90,dw00;dw01;dw02;dw03;dw04;dw05;dw06;dw07;dw08,dw00;dw01;dw02;dw03;dw04;dw05;dw06;dw07;dw08,dw08,15,1,2026-08-30T08:19:29.677+0200,dw00,8103,79,2380,-167,1457,1881,2.83,32318
ground-height-2m-20260828-133428,d024m_r090_run01.csv,2,24,90,dw00;dw01;dw02;dw03;dw04;dw05;dw06;dw07;dw08,dw00;dw01;dw02;dw03;dw04;dw05;dw06;dw07;dw08,dw08,35,1,2026-08-30T08:19:29.688+0200,dw01,1729,253,2378,-134,1943,1372,3.01,42297
ground-height-2m-20260828-133428,d024m_r090_run01.csv,2,24,90,dw00;dw01;dw02;dw03;dw04;dw05;dw06;dw07;dw08,dw00;dw01;dw02;dw03;dw04;dw05;dw06;dw07;dw08,dw08,145,1,2026-08-30T08:19:29.738+0200,dw07,5783,58,2366,127,506,2311,3.39,2147483
ground-height-2m-20260828-133428,d024m_r090_run01.csv,2,24,90,dw00;dw01;dw02;dw03;dw04;dw05;dw06;dw07;dw08,dw00;dw01;dw02;dw03;dw04;dw05;dw06;dw07;dw08,dw08,75,1,2026-08-30T08:19:29.757+0200,dw03,021B,89,2365,-37,-1905,1400,1.87,12298
ground-height-2m-20260828-133428,d024m_r090_run01.csv,2,24,90,dw00;dw01;dw02;dw03;dw04;dw05;dw06;dw07;dw08,dw00;dw01;dw02;dw03;dw04;dw05;dw06;dw07;dw08,dw08,55,1,2026-08-30T08:19:29.797+0200,dw02,8FB0,102,2372,-92,2372,0,3.69,52337
ground-height-2m-20260828-133428,d024m_r090_run01.csv,2,24,90,dw00;dw01;dw02;dw03;dw04;dw05;dw06;dw07;dw08,dw00;dw01;dw02;dw03;dw04;dw05;dw06;dw07;dw08,dw08,105,1,2026-08-30T08:19:29.818+0200,dw05,4B92,86,2367,42,-736,2249,4.08,72296
ground-height-2m-20260828-133428,d024m_r090_run01.csv,2,24,90,dw00;dw01;dw02;dw03;dw04;dw05;dw06;dw07;dw08,dw00;dw01;dw02;dw03;dw04;dw05;dw06;dw07;dw08,dw08,15,1,2026-08-30T08:19:29.877+0200,dw00,8103,80,2383,-156,1628,1741,2.83,32257
ground-height-2m-20260828-133428,d024m_r090_run01.csv,2,24,90,dw00;dw01;dw02;dw03;dw04;dw05;dw06;dw07;dw08,dw00;dw01;dw02;dw03;dw04;dw05;dw06;dw07;dw08,dw08,35,1,2026-08-30T08:19:29.887+0200,dw01,1729,254,2377,-105,2366,229,2.83,42297
ground-height-2m-20260828-133428,d024m_r090_run01.csv,2,24,90,dw00;dw01;dw02;dw03;dw04;dw05;dw06;dw07;dw08,dw00;dw01;dw02;dw03;dw04;dw05;dw06;dw07;dw08,dw08,145,1,2026-08-30T08:19:29.937+0200,dw07,5783,59,2368,137,649,2278,3.21,2147483
ground-height-2m-20260828-133428,d024m_r090_run01.csv,2,24,90,dw00;dw01;dw02;dw03;dw04;dw05;dw06;dw07;dw08,dw00;dw01;dw02;dw03;dw04;dw05;dw06;dw07;dw08,dw08,75,1,2026-08-30T08:19:29.957+0200,dw03,021B,90,2360,-41,-1952,1326,1.75,12329
ground-height-2m-20260828-133428,d024m_r090_run01.csv,2,24,90,dw00;dw01;dw02;dw03;dw04;dw05;dw06;dw07;dw08,dw00;dw01;dw02;dw03;dw04;dw05;dw06;dw07;dw08,dw08,55,1,2026-08-30T08:19:29.997+0200,dw02,8FB0,103,2369,-98,2369,0,3.69,52337
ground-height-2m-20260828-133428,d024m_r090_run01.csv,2,24,90,dw00;dw01;dw02;dw03;dw04;dw05;dw06;dw07;dw08,dw00;dw01;dw02;dw03;dw04;dw05;dw06;dw07;dw08,dw08,105,1,2026-08-30T08:19:30.017+0200,dw05,4B92,87,2364,42,-737,2246,4.14,72326
ground-height-2m-20260828-133428,d024m_r090_run01.csv,2,24,90,dw00;dw01;dw02;dw03;dw04;dw05;dw06;dw07;dw08,dw00;dw01;dw02;dw03;dw04;dw05;dw06;dw07;dw08,dw08,125,1,2026-08-30T08:19:30.043+0200,dw06,0789,98,2377,102,147,2372,3.09,2147483
ground-height-2m-20260828-133428,d024m_r090_run01.csv,2,24,90,dw00;dw01;dw02;dw03;dw04;dw05;dw06;dw07;dw08,dw00;dw01;dw02;dw03;dw04;dw05;dw06;dw07;dw08,dw08,15,1,2026-08-30T08:19:30.077+0200,dw00,8103,81,2382,-162,1530,1826,2.77,32257
ground-height-2m-20260828-133428,d024m_r090_run01.csv,2,24,90,dw00;dw01;dw02;dw03;dw04;dw05;dw06;dw07;dw08,dw00;dw01;dw02;dw03;dw04;dw05;dw06;dw07;dw08,dw08,35,1,2026-08-30T08:19:30.087+0200,dw01,1729,255,2376,-123,2105,1101,3.01,42297
ground-height-2m-20260828-133428,d024m_r090_run01.csv,2,24,90,dw00;dw01;dw02;dw03;dw04;dw05;dw06;dw07;dw08,dw00;dw01;dw02;dw03;dw04;dw05;dw06;dw07;dw08,dw08,145,1,2026-08-30T08:19:30.137+0200,dw07,5783,60,2374,145,769,2245,3.33,2147483
ground-height-2m-20260828-133428,d024m_r090_run01.csv,2,24,90,dw00;dw01;dw02;dw03;dw04;dw05;dw06;dw07;dw08,dw00;dw01;dw02;dw03;dw04;dw05;dw06;dw07;dw08,dw08,75,1,2026-08-30T08:19:30.157+0200,dw03,021B,91,2364,-31,-1818,1510,1.81,12298
ground-height-2m-20260828-133428,d024m_r090_run01.csv,2,24,90,dw00;dw01;dw02;dw03;dw04;dw05;dw06;dw07;dw08,dw00;dw01;dw02;dw03;dw04;dw05;dw06;dw07;dw08,dw08,55,1,2026-08-30T08:19:30.198+0200,dw02,8FB0,104,2372,-102,2372,0,3.69,52337
ground-height-2m-20260828-133428,d024m_r090_run01.csv,2,24,90,dw00;dw01;dw02;dw03;dw04;dw05;dw06;dw07;dw08,dw00;dw01;dw02;dw03;dw04;dw05;dw06;dw07;dw08,dw08,105,1,2026-08-30T08:19:30.217+0200,dw05,4B92,88,2367,58,-497,2314,4.08,72296
ground-height-2m-20260828-133428,d024m_r090_run01.csv,2,24,90,dw00;dw01;dw02;dw03;dw04;dw05;dw06;dw07;dw08,dw00;dw01;dw02;dw03;dw04;dw05;dw06;dw07;dw08,dw08,125,1,2026-08-30T08:19:30.227+0200,dw06,0789,99,2377,94,27,2377,2.95,82305
ground-height-2m-20260828-133428,d024m_r090_run01.csv,2,24,90,dw00;dw01;dw02;dw03;dw04;dw05;dw06;dw07;dw08,dw00;dw01;dw02;dw03;dw04;dw05;dw06;dw07;dw08,dw08,15,1,2026-08-30T08:19:30.278+0200,dw00,8103,82,2384,-169,1432,1906,2.89,32287
ground-height-2m-20260828-133428,d024m_r090_run01.csv,2,24,90,dw00;dw01;dw02;dw03;dw04;dw05;dw06;dw07;dw08,dw00;dw01;dw02;dw03;dw04;dw05;dw06;dw07;dw08,dw08,35,1,2026-08-30T08:19:30.287+0200,dw01,1729,0,2370,-131,1974,1312,2.89,42358
ground-height-2m-20260828-133428,d024m_r090_run01.csv,2,24,90,dw00;dw01;dw02;dw03;dw04;dw05;dw06;dw07;dw08,dw00;dw01;dw02;dw03;dw04;dw05;dw06;dw07;dw08,dw08,145,1,2026-08-30T08:19:30.337+0200,dw07,5783,61,2369,143,743,2250,3.15,2147483
ground-height-2m-20260828-133428,d024m_r090_run01.csv,2,24,90,dw00;dw01;dw02;dw03;dw04;dw05;dw06;dw07;dw08,dw00;dw01;dw02;dw03;dw04;dw05;dw06;dw07;dw08,dw08,75,1,2026-08-30T08:19:30.357+0200,dw03,021B,92,2365,-35,-1872,1445,1.81,12298
ground-height-2m-20260828-133428,d024m_r090_run01.csv,2,24,90,dw00;dw01;dw02;dw03;dw04;dw05;dw06;dw07;dw08,dw00;dw01;dw02;dw03;dw04;dw05;dw06;dw07;dw08,dw08,55,1,2026-08-30T08:19:30.397+0200,dw02,8FB0,105,2371,-90,2371,0,3.72,52368
ground-height-2m-20260828-133428,d024m_r090_run01.csv,2,24,90,dw00;dw01;dw02;dw03;dw04;dw05;dw06;dw07;dw08,dw00;dw01;dw02;dw03;dw04;dw05;dw06;dw07;dw08,dw08,105,1,2026-08-30T08:19:30.417+0200,dw05,4B92,89,2369,44,-702,2262,4.14,72326
ground-height-2m-20260828-133428,d024m_r090_run01.csv,2,24,90,dw00;dw01;dw02;dw03;dw04;dw05;dw06;dw07;dw08,dw00;dw01;dw02;dw03;dw04;dw05;dw06;dw07;dw08,dw08,125,1,2026-08-30T08:19:30.427+0200,dw06,0789,100,2377,90,-38,2377,3.01,82275
ground-height-2m-20260828-133428,d024m_r090_run01.csv,2,24,90,dw00;dw01;dw02;dw03;dw04;dw05;dw06;dw07;dw08,dw00;dw01;dw02;dw03;dw04;dw05;dw06;dw07;dw08,dw08,15,1,2026-08-30T08:19:30.477+0200,dw00,8103,83,2383,-146,1768,1598,2.83,32287
ground-height-2m-20260828-133428,d024m_r090_run01.csv,2,24,90,dw00;dw01;dw02;dw03;dw04;dw05;dw06;dw07;dw08,dw00;dw01;dw02;dw03;dw04;dw05;dw06;dw07;dw08,dw08,35,1,2026-08-30T08:19:30.488+0200,dw01,1729,1,2375,-138,1886,1444,2.95,42297
ground-height-2m-20260828-133428,d024m_r090_run01.csv,2,24,90,dw00;dw01;dw02;dw03;dw04;dw05;dw06;dw07;dw08,dw00;dw01;dw02;dw03;dw04;dw05;dw06;dw07;dw08,dw08,145,1,2026-08-30T08:19:30.537+0200,dw07,5783,62,2373,128,513,2316,3.33,2147483
ground-height-2m-20260828-133428,d024m_r090_run01.csv,2,24,90,dw00;dw01;dw02;dw03;dw04;dw05;dw06;dw07;dw08,dw00;dw01;dw02;dw03;dw04;dw05;dw06;dw07;dw08,dw08,75,1,2026-08-30T08:19:30.557+0200,dw03,021B,93,2365,-40,-1949,1338,1.75,12298
ground-height-2m-20260828-133428,d024m_r090_run01.csv,2,24,90,dw00;dw01;dw02;dw03;dw04;dw05;dw06;dw07;dw08,dw00;dw01;dw02;dw03;dw04;dw05;dw06;dw07;dw08,dw08,55,1,2026-08-30T08:19:30.597+0200,dw02,8FB0,106,2375,-87,2375,0,3.78,52398
ground-height-2m-20260828-133428,d024m_r090_run01.csv,2,24,90,dw00;dw01;dw02;dw03;dw04;dw05;dw06;dw07;dw08,dw00;dw01;dw02;dw03;dw04;dw05;dw06;dw07;dw08,dw08,105,1,2026-08-30T08:19:30.617+0200,dw05,4B92,90,2369,53,-570,2299,4.02,72326
ground-height-2m-20260828-133428,d024m_r090_run01.csv,2,24,90,dw00;dw01;dw02;dw03;dw04;dw05;dw06;dw07;dw08,dw00;dw01;dw02;dw03;dw04;dw05;dw06;dw07;dw08,dw08,125,1,2026-08-30T08:19:30.627+0200,dw06,0789,101,2371,90,-29,2371,3.01,82305
ground-height-2m-20260828-133428,d024m_r090_run01.csv,2,24,90,dw00;dw01;dw02;dw03;dw04;dw05;dw06;dw07;dw08,dw00;dw01;dw02;dw03;dw04;dw05;dw06;dw07;dw08,dw08,15,1,2026-08-30T08:19:30.677+0200,dw00,8103,84,2383,-150,1710,1659,2.77,32348
ground-height-2m-20260828-133428,d024m_r090_run01.csv,2,24,90,dw00;dw01;dw02;dw03;dw04;dw05;dw06;dw07;dw08,dw00;dw01;dw02;dw03;dw04;dw05;dw06;dw07;dw08,dw08,35,1,2026-08-30T08:19:30.687+0200,dw01,1729,2,2373,-127,2035,1220,2.95,42297
ground-height-2m-20260828-133428,d024m_r090_run01.csv,2,24,90,dw00;dw01;dw02;dw03;dw04;dw05;dw06;dw07;dw08,dw00;dw01;dw02;dw03;dw04;dw05;dw06;dw07;dw08,dw08,145,1,2026-08-30T08:19:30.737+0200,dw07,5783,63,2373,132,581,2300,3.33,2147483
ground-height-2m-20260828-133428,d024m_r090_run01.csv,2,24,90,dw00;dw01;dw02;dw03;dw04;dw05;dw06;dw07;dw08,dw00;dw01;dw02;dw03;dw04;dw05;dw06;dw07;dw08,dw08,75,1,2026-08-30T08:19:30.757+0200,dw03,021B,94,2361,-40,-1942,1343,1.81,12298
ground-height-2m-20260828-133428,d024m_r090_run01.csv,2,24,90,dw00;dw01;dw02;dw03;dw04;dw05;dw06;dw07;dw08,dw00;dw01;dw02;dw03;dw04;dw05;dw06;dw07;dw08,dw08,55,1,2026-08-30T08:19:30.797+0200,dw02,8FB0,107,2373,-90,2373,0,3.69,52368
ground-height-2m-20260828-133428,d024m_r090_run01.csv,2,24,90,dw00;dw01;dw02;dw03;dw04;dw05;dw06;dw07;dw08,dw00;dw01;dw02;dw03;dw04;dw05;dw06;dw07;dw08,dw08,105,1,2026-08-30T08:19:30.817+0200,dw05,4B92,91,2369,35,-833,2217,4.14,72296
ground-height-2m-20260828-133428,d024m_r090_run01.csv,2,24,90,dw00;dw01;dw02;dw03;dw04;dw05;dw06;dw07;dw08,dw00;dw01;dw02;dw03;dw04;dw05;dw06;dw07;dw08,dw08,125,1,2026-08-30T08:19:30.827+0200,dw06,0789,102,2376,109,240,2364,3.01,82275
ground-height-2m-20260828-133428,d024m_r090_run01.csv,2,24,90,dw00;dw01;dw02;dw03;dw04;dw05;dw06;dw07;dw08,dw00;dw01;dw02;dw03;dw04;dw05;dw06;dw07;dw08,dw08,15,1,2026-08-30T08:19:30.877+0200,dw00,8103,85,2380,-151,1698,1667,2.71,32226
ground-height-2m-20260828-133428,d024m_r090_run01.csv,2,24,90,dw00;dw01;dw02;dw03;dw04;dw05;dw06;dw07;dw08,dw00;dw01;dw02;dw03;dw04;dw05;dw06;dw07;dw08,dw08,35,1,2026-08-30T08:19:30.887+0200,dw01,1729,3,2375,-130,1992,1294,2.95,42358
ground-height-2m-20260828-133428,d024m_r090_run01.csv,2,24,90,dw00;dw01;dw02;dw03;dw04;dw05;dw06;dw07;dw08,dw00;dw01;dw02;dw03;dw04;dw05;dw06;dw07;dw08,dw08,145,1,2026-08-30T08:19:30.937+0200,dw07,5783,64,2375,138,663,2281,3.33,2147483
ground-height-2m-20260828-133428,d024m_r090_run01.csv,2,24,90,dw00;dw01;dw02;dw03;dw04;dw05;dw06;dw07;dw08,dw00;dw01;dw02;dw03;dw04;dw05;dw06;dw07;dw08,dw08,75,1,2026-08-30T08:19:30.957+0200,dw03,021B,95,2364,-36,-1882,1429,1.81,12329
ground-height-2m-20260828-133428,d024m_r090_run01.csv,2,24,90,dw00;dw01;dw02;dw03;dw04;dw05;dw06;dw07;dw08,dw00;dw01;dw02;dw03;dw04;dw05;dw06;dw07;dw08,dw08,55,1,2026-08-30T08:19:30.997+0200,dw02,8FB0,108,2371,-93,2371,0,3.63,52337
ground-height-2m-20260828-133428,d024m_r090_run01.csv,2,24,90,dw00;dw01;dw02;dw03;dw04;dw05;dw06;dw07;dw08,dw00;dw01;dw02;dw03;dw04;dw05;dw06;dw07;dw08,dw08,105,1,2026-08-30T08:19:31.017+0200,dw05,4B92,92,2371,67,-367,2342,4.20,72296
ground-height-2m-20260828-133428,d024m_r090_run01.csv,2,24,90,dw00;dw01;dw02;dw03;dw04;dw05;dw06;dw07;dw08,dw00;dw01;dw02;dw03;dw04;dw05;dw06;dw07;dw08,dw08,125,1,2026-08-30T08:19:31.026+0200,dw06,0789,103,2377,104,167,2371,2.89,82336
ground-height-2m-20260828-133428,d024m_r090_run01.csv,2,24,90,dw00;dw01;dw02;dw03;dw04;dw05;dw06;dw07;dw08,dw00;dw01;dw02;dw03;dw04;dw05;dw06;dw07;dw08,dw08,15,1,2026-08-30T08:19:31.078+0200,dw00,8103,86,2382,-149,1729,1637,2.77,32287
ground-height-2m-20260828-133428,d024m_r090_run01.csv,2,24,90,dw00;dw01;dw02;dw03;dw04;dw05;dw06;dw07;dw08,dw00;dw01;dw02;dw03;dw04;dw05;dw06;dw07;dw08,dw08,35,1,2026-08-30T08:19:31.087+0200,dw01,1729,4,2378,-130,1999,1287,3.01,42327
ground-height-2m-20260828-133428,d024m_r090_run01.csv,2,24,90,dw00;dw01;dw02;dw03;dw04;dw05;dw06;dw07;dw08,dw00;dw01;dw02;dw03;dw04;dw05;dw06;dw07;dw08,dw08,145,1,2026-08-30T08:19:31.137+0200,dw07,5783,65,2373,141,715,2263,3.27,2147483
ground-height-2m-20260828-133428,d024m_r090_run01.csv,2,24,90,dw00;dw01;dw02;dw03;dw04;dw05;dw06;dw07;dw08,dw00;dw01;dw02;dw03;dw04;dw05;dw06;dw07;dw08,dw08,75,1,2026-08-30T08:19:31.156+0200,dw03,021B,96,2363,-38,-1917,1382,1.81,12268
ground-height-2m-20260828-133428,d024m_r090_run01.csv,2,24,90,dw00;dw01;dw02;dw03;dw04;dw05;dw06;dw07;dw08,dw00;dw01;dw02;dw03;dw04;dw05;dw06;dw07;dw08,dw08,55,1,2026-08-30T08:19:31.196+0200,dw02,8FB0,109,2373,-75,-2373,0,3.69,52337
ground-height-2m-20260828-133428,d024m_r090_run01.csv,2,24,90,dw00;dw01;dw02;dw03;dw04;dw05;dw06;dw07;dw08,dw00;dw01;dw02;dw03;dw04;dw05;dw06;dw07;dw08,dw08,105,1,2026-08-30T08:19:31.217+0200,dw05,4B92,93,2364,42,-734,2247,4.14,72296
ground-height-2m-20260828-133428,d024m_r090_run01.csv,2,24,90,dw00;dw01;dw02;dw03;dw04;dw05;dw06;dw07;dw08,dw00;dw01;dw02;dw03;dw04;dw05;dw06;dw07;dw08,dw08,125,1,2026-08-30T08:19:31.227+0200,dw06,0789,104,2374,79,-196,2366,3.01,82275
ground-height-2m-20260828-133428,d024m_r090_run01.csv,2,24,90,dw00;dw01;dw02;dw03;dw04;dw05;dw06;dw07;dw08,dw00;dw01;dw02;dw03;dw04;dw05;dw06;dw07;dw08,dw08,15,1,2026-08-30T08:19:31.276+0200,dw00,8103,87,2384,-163,1525,1832,2.89,32318
ground-height-2m-20260828-133428,d024m_r090_run01.csv,2,24,90,dw00;dw01;dw02;dw03;dw04;dw05;dw06;dw07;dw08,dw00;dw01;dw02;dw03;dw04;dw05;dw06;dw07;dw08,dw08,35,1,2026-08-30T08:19:31.287+0200,dw01,1729,5,2372,-130,1996,1282,2.95,42297
ground-height-2m-20260828-133428,d024m_r090_run01.csv,2,24,90,dw00;dw01;dw02;dw03;dw04;dw05;dw06;dw07;dw08,dw00;dw01;dw02;dw03;dw04;dw05;dw06;dw07;dw08,dw08,75,1,2026-08-30T08:19:31.357+0200,dw03,021B,97,2366,-50,-2092,1105,1.93,12298
ground-height-2m-20260828-133428,d024m_r090_run01.csv,2,24,90,dw00;dw01;dw02;dw03;dw04;dw05;dw06;dw07;dw08,dw00;dw01;dw02;dw03;dw04;dw05;dw06;dw07;dw08,dw08,55,1,2026-08-30T08:19:31.397+0200,dw02,8FB0,110,2373,-95,2373,0,3.84,52337
ground-height-2m-20260828-133428,d024m_r090_run01.csv,2,24,90,dw00;dw01;dw02;dw03;dw04;dw05;dw06;dw07;dw08,dw00;dw01;dw02;dw03;dw04;dw05;dw06;dw07;dw08,dw08,105,1,2026-08-30T08:19:31.417+0200,dw05,4B92,94,2367,50,-618,2284,4.20,72296
ground-height-2m-20260828-133428,d024m_r090_run01.csv,2,24,90,dw00;dw01;dw02;dw03;dw04;dw05;dw06;dw07;dw08,dw00;dw01;dw02;dw03;dw04;dw05;dw06;dw07;dw08,dw08,125,1,2026-08-30T08:19:31.427+0200,dw06,0789,105,2378,93,14,2378,3.01,82305
ground-height-2m-20260828-133428,d024m_r090_run01.csv,2,24,90,dw00;dw01;dw02;dw03;dw04;dw05;dw06;dw07;dw08,dw00;dw01;dw02;dw03;dw04;dw05;dw06;dw07;dw08,dw08,15,1,2026-08-30T08:19:31.477+0200,dw00,8103,88,2388,-153,1674,1702,2.83,32257
ground-height-2m-20260828-133428,d024m_r090_run01.csv,2,24,90,dw00;dw01;dw02;dw03;dw04;dw05;dw06;dw07;dw08,dw00;dw01;dw02;dw03;dw04;dw05;dw06;dw07;dw08,dw08,35,1,2026-08-30T08:19:31.486+0200,dw01,1729,6,2374,-131,1979,1309,3.06,42297
ground-height-2m-20260828-133428,d024m_r090_run01.csv,2,24,90,dw00;dw01;dw02;dw03;dw04;dw05;dw06;dw07;dw08,dw00;dw01;dw02;dw03;dw04;dw05;dw06;dw07;dw08,dw08,75,1,2026-08-30T08:19:31.557+0200,dw03,021B,98,2362,-27,-1758,1577,1.63,12329
ground-height-2m-20260828-133428,d024m_r090_run01.csv,2,24,90,dw00;dw01;dw02;dw03;dw04;dw05;dw06;dw07;dw08,dw00;dw01;dw02;dw03;dw04;dw05;dw06;dw07;dw08,dw08,55,1,2026-08-30T08:19:31.597+0200,dw02,8FB0,111,2375,-84,-2375,0,3.78,52368
ground-height-2m-20260828-133428,d024m_r090_run01.csv,2,24,90,dw00;dw01;dw02;dw03;dw04;dw05;dw06;dw07;dw08,dw00;dw01;dw02;dw03;dw04;dw05;dw06;dw07;dw08,dw08,105,1,2026-08-30T08:19:31.616+0200,dw05,4B92,95,2367,50,-623,2283,4.20,72296
ground-height-2m-20260828-133428,d024m_r090_run01.csv,2,24,90,dw00;dw01;dw02;dw03;dw04;dw05;dw06;dw07;dw08,dw00;dw01;dw02;dw03;dw04;dw05;dw06;dw07;dw08,dw08,125,1,2026-08-30T08:19:31.627+0200,dw06,0789,106,2374,86,-100,2371,3.06,82275
ground-height-2m-20260828-133428,d024m_r090_run01.csv,2,24,90,dw00;dw01;dw02;dw03;dw04;dw05;dw06;dw07;dw08,dw00;dw01;dw02;dw03;dw04;dw05;dw06;dw07;dw08,dw08,15,1,2026-08-30T08:19:31.677+0200,dw00,8103,89,2385,-155,1635,1736,2.89,32287
ground-height-2m-20260828-133428,d024m_r090_run01.csv,2,24,90,dw00;dw01;dw02;dw03;dw04;dw05;dw06;dw07;dw08,dw00;dw01;dw02;dw03;dw04;dw05;dw06;dw07;dw08,dw08,35,1,2026-08-30T08:19:31.687+0200,dw01,1729,7,2374,-111,2274,682,2.95,42327
ground-height-2m-20260828-133428,d024m_r090_run01.csv,2,24,90,dw00;dw01;dw02;dw03;dw04;dw05;dw06;dw07;dw08,dw00;dw01;dw02;dw03;dw04;dw05;dw06;dw07;dw08,dw08,75,1,2026-08-30T08:19:31.757+0200,dw03,021B,99,2364,-36,-1889,1421,1.75,12298
ground-height-2m-20260828-133428,d024m_r090_run01.csv,2,24,90,dw00;dw01;dw02;dw03;dw04;dw05;dw06;dw07;dw08,dw00;dw01;dw02;dw03;dw04;dw05;dw06;dw07;dw08,dw08,145,1,2026-08-30T08:19:31.769+0200,dw07,5783,68,2372,127,503,2318,3.69,2147483
ground-height-2m-20260828-133428,d024m_r090_run01.csv,2,24,90,dw00;dw01;dw02;dw03;dw04;dw05;dw06;dw07;dw08,dw00;dw01;dw02;dw03;dw04;dw05;dw06;dw07;dw08,dw08,55,1,2026-08-30T08:19:31.797+0200,dw02,8FB0,112,2373,-89,2373,0,3.69,2147483
ground-height-2m-20260828-133428,d024m_r090_run01.csv,2,24,90,dw00;dw01;dw02;dw03;dw04;dw05;dw06;dw07;dw08,dw00;dw01;dw02;dw03;dw04;dw05;dw06;dw07;dw08,dw08,105,1,2026-08-30T08:19:31.816+0200,dw05,4B92,96,2371,28,-939,2177,4.26,2147483
ground-height-2m-20260828-133428,d024m_r090_run01.csv,2,24,90,dw00;dw01;dw02;dw03;dw04;dw05;dw06;dw07;dw08,dw00;dw01;dw02;dw03;dw04;dw05;dw06;dw07;dw08,dw08,15,1,2026-08-30T08:19:31.877+0200,dw00,8103,90,2384,-155,1639,1731,2.71,32318
ground-height-2m-20260828-133428,d024m_r090_run01.csv,2,24,90,dw00;dw01;dw02;dw03;dw04;dw05;dw06;dw07;dw08,dw00;dw01;dw02;dw03;dw04;dw05;dw06;dw07;dw08,dw08,35,1,2026-08-30T08:19:31.887+0200,dw01,1729,8,2375,-126,2048,1202,2.83,42297
ground-height-2m-20260828-133428,d024m_r090_run01.csv,2,24,90,dw00;dw01;dw02;dw03;dw04;dw05;dw06;dw07;dw08,dw00;dw01;dw02;dw03;dw04;dw05;dw06;dw07;dw08,dw08,75,1,2026-08-30T08:19:31.956+0200,dw03,021B,100,2363,-45,-2014,1235,1.69,12298
ground-height-2m-20260828-133428,d024m_r090_run01.csv,2,24,90,dw00;dw01;dw02;dw03;dw04;dw05;dw06;dw07;dw08,dw00;dw01;dw02;dw03;dw04;dw05;dw06;dw07;dw08,dw08,55,1,2026-08-30T08:19:32.016+0200,dw02,8FB0,113,2369,-89,2369,0,3.78,71166
ground-height-2m-20260828-133428,d024m_r090_run01.csv,2,24,90,dw00;dw01;dw02;dw03;dw04;dw05;dw06;dw07;dw08,dw00;dw01;dw02;dw03;dw04;dw05;dw06;dw07;dw08,dw08,105,1,2026-08-30T08:19:32.035+0200,dw05,4B92,97,2367,39,-786,2233,4.02,90728
ground-height-2m-20260828-133428,d024m_r090_run01.csv,2,24,90,dw00;dw01;dw02;dw03;dw04;dw05;dw06;dw07;dw08,dw00;dw01;dw02;dw03;dw04;dw05;dw06;dw07;dw08,dw08,125,1,2026-08-30T08:19:32.045+0200,dw06,0789,108,2379,83,-135,2375,3.06,793
ground-height-2m-20260828-133428,d024m_r090_run01.csv,2,24,90,dw00;dw01;dw02;dw03;dw04;dw05;dw06;dw07;dw08,dw00;dw01;dw02;dw03;dw04;dw05;dw06;dw07;dw08,dw08,15,1,2026-08-30T08:19:32.076+0200,dw00,8103,91,2379,-148,1743,1618,2.71,32318
ground-height-2m-20260828-133428,d024m_r090_run01.csv,2,24,90,dw00;dw01;dw02;dw03;dw04;dw05;dw06;dw07;dw08,dw00;dw01;dw02;dw03;dw04;dw05;dw06;dw07;dw08,dw08,35,1,2026-08-30T08:19:32.087+0200,dw01,1729,9,2378,-119,2164,986,2.89,42297
ground-height-2m-20260828-133428,d024m_r090_run01.csv,2,24,90,dw00;dw01;dw02;dw03;dw04;dw05;dw06;dw07;dw08,dw00;dw01;dw02;dw03;dw04;dw05;dw06;dw07;dw08,dw08,75,1,2026-08-30T08:19:32.156+0200,dw03,021B,101,2360,-41,-1951,1327,1.81,12298
ground-height-2m-20260828-133428,d024m_r090_run01.csv,2,24,90,dw00;dw01;dw02;dw03;dw04;dw05;dw06;dw07;dw08,dw00;dw01;dw02;dw03;dw04;dw05;dw06;dw07;dw08,dw08,55,1,2026-08-30T08:19:32.196+0200,dw02,8FB0,114,2372,-88,2372,0,3.75,52429
ground-height-2m-20260828-133428,d024m_r090_run01.csv,2,24,90,dw00;dw01;dw02;dw03;dw04;dw05;dw06;dw07;dw08,dw00;dw01;dw02;dw03;dw04;dw05;dw06;dw07;dw08,dw08,105,1,2026-08-30T08:19:32.217+0200,dw05,4B92,98,2369,54,-560,2302,4.02,72357
ground-height-2m-20260828-133428,d024m_r090_run01.csv,2,24,90,dw00;dw01;dw02;dw03;dw04;dw05;dw06;dw07;dw08,dw00;dw01;dw02;dw03;dw04;dw05;dw06;dw07;dw08,dw08,145,1,2026-08-30T08:19:32.252+0200,dw07,5783,70,2369,125,480,2320,3.69,2147483
ground-height-2m-20260828-133428,d024m_r090_run01.csv,2,24,90,dw00;dw01;dw02;dw03;dw04;dw05;dw06;dw07;dw08,dw00;dw01;dw02;dw03;dw04;dw05;dw06;dw07;dw08,dw08,15,1,2026-08-30T08:19:32.276+0200,dw00,8103,92,2381,-166,1473,1870,2.89,2147483
ground-height-2m-20260828-133428,d024m_r090_run01.csv,2,24,90,dw00;dw01;dw02;dw03;dw04;dw05;dw06;dw07;dw08,dw00;dw01;dw02;dw03;dw04;dw05;dw06;dw07;dw08,dw08,35,1,2026-08-30T08:19:32.286+0200,dw01,1729,10,2377,-107,2330,471,2.95,2147483
ground-height-2m-20260828-133428,d024m_r090_run01.csv,2,24,90,dw00;dw01;dw02;dw03;dw04;dw05;dw06;dw07;dw08,dw00;dw01;dw02;dw03;dw04;dw05;dw06;dw07;dw08,dw08,125,1,2026-08-30T08:19:32.326+0200,dw06,0789,109,2373,87,-80,2371,3.06,2147483
ground-height-2m-20260828-133428,d024m_r090_run01.csv,2,24,90,dw00;dw01;dw02;dw03;dw04;dw05;dw06;dw07;dw08,dw00;dw01;dw02;dw03;dw04;dw05;dw06;dw07;dw08,dw08,75,1,2026-08-30T08:19:32.356+0200,dw03,021B,102,2361,-40,-1942,1343,1.69,12298
ground-height-2m-20260828-133428,d024m_r090_run01.csv,2,24,90,dw00;dw01;dw02;dw03;dw04;dw05;dw06;dw07;dw08,dw00;dw01;dw02;dw03;dw04;dw05;dw06;dw07;dw08,dw08,55,1,2026-08-30T08:19:32.396+0200,dw02,8FB0,115,2374,-106,2346,360,3.78,52398
ground-height-2m-20260828-133428,d024m_r090_run01.csv,2,24,90,dw00;dw01;dw02;dw03;dw04;dw05;dw06;dw07;dw08,dw00;dw01;dw02;dw03;dw04;dw05;dw06;dw07;dw08,dw08,105,1,2026-08-30T08:19:32.416+0200,dw05,4B92,99,2372,66,-388,2340,4.26,72296
ground-height-2m-20260828-133428,d024m_r090_run01.csv,2,24,90,dw00;dw01;dw02;dw03;dw04;dw05;dw06;dw07;dw08,dw00;dw01;dw02;dw03;dw04;dw05;dw06;dw07;dw08,dw08,15,1,2026-08-30T08:19:32.495+0200,dw00,8103,93,2384,-158,1600,1767,2.71,50720
ground-height-2m-20260828-133428,d024m_r090_run01.csv,2,24,90,dw00;dw01;dw02;dw03;dw04;dw05;dw06;dw07;dw08,dw00;dw01;dw02;dw03;dw04;dw05;dw06;dw07;dw08,dw08,35,1,2026-08-30T08:19:32.505+0200,dw01,1729,11,2373,-140,1853,1482,2.89,61035
ground-height-2m-20260828-133428,d024m_r090_run01.csv,2,24,90,dw00;dw01;dw02;dw03;dw04;dw05;dw06;dw07;dw08,dw00;dw01;dw02;dw03;dw04;dw05;dw06;dw07;dw08,dw08,145,1,2026-08-30T08:19:32.536+0200,dw07,5783,71,2372,134,609,2293,3.45,2147483
ground-height-2m-20260828-133428,d024m_r090_run01.csv,2,24,90,dw00;dw01;dw02;dw03;dw04;dw05;dw06;dw07;dw08,dw00;dw01;dw02;dw03;dw04;dw05;dw06;dw07;dw08,dw08,125,1,2026-08-30T08:19:32.545+0200,dw06,0789,110,2373,96,54,2372,2.83,885
ground-height-2m-20260828-133428,d024m_r090_run01.csv,2,24,90,dw00;dw01;dw02;dw03;dw04;dw05;dw06;dw07;dw08,dw00;dw01;dw02;dw03;dw04;dw05;dw06;dw07;dw08,dw08,75,1,2026-08-30T08:19:32.557+0200,dw03,021B,103,2363,-39,-1929,1364,1.87,12298
ground-height-2m-20260828-133428,d024m_r090_run01.csv,2,24,90,dw00;dw01;dw02;dw03;dw04;dw05;dw06;dw07;dw08,dw00;dw01;dw02;dw03;dw04;dw05;dw06;dw07;dw08,dw08,55,1,2026-08-30T08:19:32.597+0200,dw02,8FB0,116,2373,-92,2373,0,3.72,52337
ground-height-2m-20260828-133428,d024m_r090_run01.csv,2,24,90,dw00;dw01;dw02;dw03;dw04;dw05;dw06;dw07;dw08,dw00;dw01;dw02;dw03;dw04;dw05;dw06;dw07;dw08,dw08,105,1,2026-08-30T08:19:32.616+0200,dw05,4B92,100,2369,55,-544,2306,4.14,72296
ground-height-2m-20260828-133428,d024m_r090_run01.csv,2,24,90,dw00;dw01;dw02;dw03;dw04;dw05;dw06;dw07;dw08,dw00;dw01;dw02;dw03;dw04;dw05;dw06;dw07;dw08,dw08,15,1,2026-08-30T08:19:32.677+0200,dw00,8103,94,2382,-149,1718,1650,2.83,32318
ground-height-2m-20260828-133428,d024m_r090_run01.csv,2,24,90,dw00;dw01;dw02;dw03;dw04;dw05;dw06;dw07;dw08,dw00;dw01;dw02;dw03;dw04;dw05;dw06;dw07;dw08,dw08,35,1,2026-08-30T08:19:32.686+0200,dw01,1729,12,2376,-132,1968,1331,2.89,42358
ground-height-2m-20260828-133428,d024m_r090_run01.csv,2,24,90,dw00;dw01;dw02;dw03;dw04;dw05;dw06;dw07;dw08,dw00;dw01;dw02;dw03;dw04;dw05;dw06;dw07;dw08,dw08,145,1,2026-08-30T08:19:32.736+0200,dw07,5783,72,2373,134,609,2293,3.33,2147483
ground-height-2m-20260828-133428,d024m_r090_run01.csv,2,24,90,dw00;dw01;dw02;dw03;dw04;dw05;dw06;dw07;dw08,dw00;dw01;dw02;dw03;dw04;dw05;dw06;dw07;dw08,dw08,75,1,2026-08-30T08:19:32.756+0200,dw03,021B,104,2365,-44,-1996,1268,1.87,12298
ground-height-2m-20260828-133428,d024m_r090_run01.csv,2,24,90,dw00;dw01;dw02;dw03;dw04;dw05;dw06;dw07;dw08,dw00;dw01;dw02;dw03;dw04;dw05;dw06;dw07;dw08,dw08,55,1,2026-08-30T08:19:32.796+0200,dw02,8FB0,117,2373,-82,-2373,0,3.72,52368
ground-height-2m-20260828-133428,d024m_r090_run01.csv,2,24,90,dw00;dw01;dw02;dw03;dw04;dw05;dw06;dw07;dw08,dw00;dw01;dw02;dw03;dw04;dw05;dw06;dw07;dw08,dw08,105,1,2026-08-30T08:19:32.816+0200,dw05,4B92,101,2367,68,-354,2341,4.14,72296
ground-height-2m-20260828-133428,d024m_r090_run01.csv,2,24,90,dw00;dw01;dw02;dw03;dw04;dw05;dw06;dw07;dw08,dw00;dw01;dw02;dw03;dw04;dw05;dw06;dw07;dw08,dw08,125,1,2026-08-30T08:19:32.826+0200,dw06,0789,111,2376,93,3,2376,2.95,82336
ground-height-2m-20260828-133428,d024m_r090_run01.csv,2,24,90,dw00;dw01;dw02;dw03;dw04;dw05;dw06;dw07;dw08,dw00;dw01;dw02;dw03;dw04;dw05;dw06;dw07;dw08,dw08,15,1,2026-08-30T08:19:32.876+0200,dw00,8103,95,2381,-147,1752,1613,2.83,32318
ground-height-2m-20260828-133428,d024m_r090_run01.csv,2,24,90,dw00;dw01;dw02;dw03;dw04;dw05;dw06;dw07;dw08,dw00;dw01;dw02;dw03;dw04;dw05;dw06;dw07;dw08,dw08,35,1,2026-08-30T08:19:32.887+0200,dw01,1729,13,2377,-129,2009,1270,3.01,42266
ground-height-2m-20260828-133428,d024m_r090_run01.csv,2,24,90,dw00;dw01;dw02;dw03;dw04;dw05;dw06;dw07;dw08,dw00;dw01;dw02;dw03;dw04;dw05;dw06;dw07;dw08,dw08,145,1,2026-08-30T08:19:32.936+0200,dw07,5783,73,2366,131,566,2297,3.39,2147483
ground-height-2m-20260828-133428,d024m_r090_run01.csv,2,24,90,dw00;dw01;dw02;dw03;dw04;dw05;dw06;dw07;dw08,dw00;dw01;dw02;dw03;dw04;dw05;dw06;dw07;dw08,dw08,75,1,2026-08-30T08:19:32.956+0200,dw03,021B,105,2363,-44,-1996,1264,1.81,12298
ground-height-2m-20260828-133428,d024m_r090_run01.csv,2,24,90,dw00;dw01;dw02;dw03;dw04;dw05;dw06;dw07;dw08,dw00;dw01;dw02;dw03;dw04;dw05;dw06;dw07;dw08,dw08,55,1,2026-08-30T08:19:32.996+0200,dw02,8FB0,118,2373,-101,2373,0,3.69,52368
ground-height-2m-20260828-133428,d024m_r090_run01.csv,2,24,90,dw00;dw01;dw02;dw03;dw04;dw05;dw06;dw07;dw08,dw00;dw01;dw02;dw03;dw04;dw05;dw06;dw07;dw08,dw08,105,1,2026-08-30T08:19:33.016+0200,dw05,4B92,102,2367,53,-571,2297,4.08,72296
ground-height-2m-20260828-133428,d024m_r090_run01.csv,2,24,90,dw00;dw01;dw02;dw03;dw04;dw05;dw06;dw07;dw08,dw00;dw01;dw02;dw03;dw04;dw05;dw06;dw07;dw08,dw08,15,1,2026-08-30T08:19:33.076+0200,dw00,8103,96,2384,-147,1749,1621,2.83,32257
ground-height-2m-20260828-133428,d024m_r090_run01.csv,2,24,90,dw00;dw01;dw02;dw03;dw04;dw05;dw06;dw07;dw08,dw00;dw01;dw02;dw03;dw04;dw05;dw06;dw07;dw08,dw08,35,1,2026-08-30T08:19:33.086+0200,dw01,1729,14,2378,-116,2202,898,2.89,42327
ground-height-2m-20260828-133428,d024m_r090_run01.csv,2,24,90,dw00;dw01;dw02;dw03;dw04;dw05;dw06;dw07;dw08,dw00;dw01;dw02;dw03;dw04;dw05;dw06;dw07;dw08,dw08,145,1,2026-08-30T08:19:33.136+0200,dw07,5783,74,2367,113,294,2349,3.39,2147483
ground-height-2m-20260828-133428,d024m_r090_run01.csv,2,24,90,dw00;dw01;dw02;dw03;dw04;dw05;dw06;dw07;dw08,dw00;dw01;dw02;dw03;dw04;dw05;dw06;dw07;dw08,dw08,75,1,2026-08-30T08:19:33.156+0200,dw03,021B,106,2363,-33,-1838,1484,1.75,12329
ground-height-2m-20260828-133428,d024m_r090_run01.csv,2,24,90,dw00;dw01;dw02;dw03;dw04;dw05;dw06;dw07;dw08,dw00;dw01;dw02;dw03;dw04;dw05;dw06;dw07;dw08,dw08,55,1,2026-08-30T08:19:33.196+0200,dw02,8FB0,119,2372,-96,2372,0,3.72,52337
ground-height-2m-20260828-133428,d024m_r090_run01.csv,2,24,90,dw00;dw01;dw02;dw03;dw04;dw05;dw06;dw07;dw08,dw00;dw01;dw02;dw03;dw04;dw05;dw06;dw07;dw08,dw08,105,1,2026-08-30T08:19:33.216+0200,dw05,4B92,103,2369,47,-657,2276,4.02,72296
ground-height-2m-20260828-133428,d024m_r090_run01.csv,2,24,90,dw00;dw01;dw02;dw03;dw04;dw05;dw06;dw07;dw08,dw00;dw01;dw02;dw03;dw04;dw05;dw06;dw07;dw08,dw08,125,1,2026-08-30T08:19:33.242+0200,dw06,0789,113,2374,103,150,2370,3.09,2147483
ground-height-2m-20260828-133428,d024m_r090_run01.csv,2,24,90,dw00;dw01;dw02;dw03;dw04;dw05;dw06;dw07;dw08,dw00;dw01;dw02;dw03;dw04;dw05;dw06;dw07;dw08,dw08,15,1,2026-08-30T08:19:33.276+0200,dw00,8103,97,2384,-143,1809,1553,2.77,32257
ground-height-2m-20260828-133428,d024m_r090_run01.csv,2,24,90,dw00;dw01;dw02;dw03;dw04;dw05;dw06;dw07;dw08,dw00;dw01;dw02;dw03;dw04;dw05;dw06;dw07;dw08,dw08,35,1,2026-08-30T08:19:33.286+0200,dw01,1729,15,2373,-121,2123,1059,2.89,42297
ground-height-2m-20260828-133428,d024m_r090_run01.csv,2,24,90,dw00;dw01;dw02;dw03;dw04;dw05;dw06;dw07;dw08,dw00;dw01;dw02;dw03;dw04;dw05;dw06;dw07;dw08,dw08,145,1,2026-08-30T08:19:33.336+0200,dw07,5783,75,2367,144,756,2243,3.33,2147483
ground-height-2m-20260828-133428,d024m_r090_run01.csv,2,24,90,dw00;dw01;dw02;dw03;dw04;dw05;dw06;dw07;dw08,dw00;dw01;dw02;dw03;dw04;dw05;dw06;dw07;dw08,dw08,75,1,2026-08-30T08:19:33.356+0200,dw03,021B,107,2360,-51,-2095,1086,1.87,12298
ground-height-2m-20260828-133428,d024m_r090_run01.csv,2,24,90,dw00;dw01;dw02;dw03;dw04;dw05;dw06;dw07;dw08,dw00;dw01;dw02;dw03;dw04;dw05;dw06;dw07;dw08,dw08,35,1,2026-08-30T08:19:33.486+0200,dw01,1729,16,2372,-128,2020,1244,2.95,42297
ground-height-2m-20260828-133428,d024m_r090_run01.csv,2,24,90,dw00;dw01;dw02;dw03;dw04;dw05;dw06;dw07;dw08,dw00;dw01;dw02;dw03;dw04;dw05;dw06;dw07;dw08,dw08,145,1,2026-08-30T08:19:33.536+0200,dw07,5783,76,2373,130,543,2310,3.27,2147483
ground-height-2m-20260828-133428,d024m_r090_run01.csv,2,24,90,dw00;dw01;dw02;dw03;dw04;dw05;dw06;dw07;dw08,dw00;dw01;dw02;dw03;dw04;dw05;dw06;dw07;dw08,dw08,75,1,2026-08-30T08:19:33.555+0200,dw03,021B,108,2366,-52,-2125,1040,1.93,12298
ground-height-2m-20260828-133428,d024m_r090_run01.csv,2,24,90,dw00;dw01;dw02;dw03;dw04;dw05;dw06;dw07;dw08,dw00;dw01;dw02;dw03;dw04;dw05;dw06;dw07;dw08,dw08,125,1,2026-08-30T08:19:33.641+0200,dw06,0789,115,2379,100,105,2377,3.15,2147483
ground-height-2m-20260828-133428,d024m_r090_run01.csv,2,24,90,dw00;dw01;dw02;dw03;dw04;dw05;dw06;dw07;dw08,dw00;dw01;dw02;dw03;dw04;dw05;dw06;dw07;dw08,dw08,35,1,2026-08-30T08:19:33.686+0200,dw01,1729,17,2374,-125,2062,1176,2.95,42297
ground-height-2m-20260828-133428,d024m_r090_run01.csv,2,24,90,dw00;dw01;dw02;dw03;dw04;dw05;dw06;dw07;dw08,dw00;dw01;dw02;dw03;dw04;dw05;dw06;dw07;dw08,dw08,145,1,2026-08-30T08:19:33.736+0200,dw07,5783,77,2368,129,532,2307,3.33,2147483
ground-height-2m-20260828-133428,d024m_r090_run01.csv,2,24,90,dw00;dw01;dw02;dw03;dw04;dw05;dw06;dw07;dw08,dw00;dw01;dw02;dw03;dw04;dw05;dw06;dw07;dw08,dw08,75,1,2026-08-30T08:19:33.756+0200,dw03,021B,109,2362,-37,-1893,1412,1.81,12298
ground-height-2m-20260828-133428,d024m_r090_run01.csv,2,24,90,dw00;dw01;dw02;dw03;dw04;dw05;dw06;dw07;dw08,dw00;dw01;dw02;dw03;dw04;dw05;dw06;dw07;dw08,dw08,125,1,2026-08-30T08:19:33.826+0200,dw06,0789,116,2373,103,155,2368,3.01,82336
ground-height-2m-20260828-133428,d024m_r090_run01.csv,2,24,90,dw00;dw01;dw02;dw03;dw04;dw05;dw06;dw07;dw08,dw00;dw01;dw02;dw03;dw04;dw05;dw06;dw07;dw08,dw08,35,1,2026-08-30T08:19:33.886+0200,dw01,1729,18,2376,-117,2187,929,2.95,42297
ground-height-2m-20260828-133428,d024m_r090_run01.csv,2,24,90,dw00;dw01;dw02;dw03;dw04;dw05;dw06;dw07;dw08,dw00;dw01;dw02;dw03;dw04;dw05;dw06;dw07;dw08,dw08,90,1,2026-08-30T08:19:33.934+0200,dw04,0F85,2,2369,-11,-1517,1819,-4.38,91247
ground-height-2m-20260828-133428,d024m_r090_run01.csv,2,24,90,dw00;dw01;dw02;dw03;dw04;dw05;dw06;dw07;dw08,dw00;dw01;dw02;dw03;dw04;dw05;dw06;dw07;dw08,dw08,75,1,2026-08-30T08:19:33.956+0200,dw03,021B,110,2361,-32,-1823,1500,1.69,12298
ground-height-2m-20260828-133428,d024m_r090_run01.csv,2,24,90,dw00;dw01;dw02;dw03;dw04;dw05;dw06;dw07;dw08,dw00;dw01;dw02;dw03;dw04;dw05;dw06;dw07;dw08,dw08,125,1,2026-08-30T08:19:34.026+0200,dw06,0789,117,2374,95,41,2374,3.01,82275
ground-height-2m-20260828-133428,d024m_r090_run01.csv,2,24,90,dw00;dw01;dw02;dw03;dw04;dw05;dw06;dw07;dw08,dw00;dw01;dw02;dw03;dw04;dw05;dw06;dw07;dw08,dw08,35,1,2026-08-30T08:19:34.086+0200,dw01,1729,19,2376,-134,1938,1375,2.95,42327
ground-height-2m-20260828-133428,d024m_r090_run01.csv,2,24,90,dw00;dw01;dw02;dw03;dw04;dw05;dw06;dw07;dw08,dw00;dw01;dw02;dw03;dw04;dw05;dw06;dw07;dw08,dw08,90,1,2026-08-30T08:19:34.106+0200,dw04,0F85,3,2365,3,-1306,1972,1.07,62286
ground-height-2m-20260828-133428,d024m_r090_run01.csv,2,24,90,dw00;dw01;dw02;dw03;dw04;dw05;dw06;dw07;dw08,dw00;dw01;dw02;dw03;dw04;dw05;dw06;dw07;dw08,dw08,145,1,2026-08-30T08:19:34.151+0200,dw07,5783,79,2368,136,630,2283,3.63,2147483
ground-height-2m-20260828-133428,d024m_r090_run01.csv,2,24,90,dw00;dw01;dw02;dw03;dw04;dw05;dw06;dw07;dw08,dw00;dw01;dw02;dw03;dw04;dw05;dw06;dw07;dw08,dw08,125,1,2026-08-30T08:19:34.225+0200,dw06,0789,118,2379,91,-27,2379,3.15,2147483
ground-height-2m-20260828-133428,d024m_r090_run01.csv,2,24,90,dw00;dw01;dw02;dw03;dw04;dw05;dw06;dw07;dw08,dw00;dw01;dw02;dw03;dw04;dw05;dw06;dw07;dw08,dw08,35,1,2026-08-30T08:19:34.286+0200,dw01,1729,20,2378,-124,2092,1131,2.89,42297
ground-height-2m-20260828-133428,d024m_r090_run01.csv,2,24,90,dw00;dw01;dw02;dw03;dw04;dw05;dw06;dw07;dw08,dw00;dw01;dw02;dw03;dw04;dw05;dw06;dw07;dw08,dw08,75,1,2026-08-30T08:19:34.371+0200,dw03,021B,112,2362,-45,-2010,1240,1.93,27984
ground-height-2m-20260828-133428,d024m_r090_run01.csv,2,24,90,dw00;dw01;dw02;dw03;dw04;dw05;dw06;dw07;dw08,dw00;dw01;dw02;dw03;dw04;dw05;dw06;dw07;dw08,dw08,125,1,2026-08-30T08:19:34.444+0200,dw06,0789,119,2377,95,37,2377,3.01,823
ground-height-2m-20260828-133428,d024m_r090_run01.csv,2,24,90,dw00;dw01;dw02;dw03;dw04;dw05;dw06;dw07;dw08,dw00;dw01;dw02;dw03;dw04;dw05;dw06;dw07;dw08,dw08,35,1,2026-08-30T08:19:34.486+0200,dw01,1729,21,2379,-137,1898,1434,2.95,42327
ground-height-2m-20260828-133428,d024m_r090_run01.csv,2,24,90,dw00;dw01;dw02;dw03;dw04;dw05;dw06;dw07;dw08,dw00;dw01;dw02;dw03;dw04;dw05;dw06;dw07;dw08,dw08,90,1,2026-08-30T08:19:34.506+0200,dw04,0F85,5,2364,5,-1273,1992,2.50,62286
ground-height-2m-20260828-133428,d024m_r090_run01.csv,2,24,90,dw00;dw01;dw02;dw03;dw04;dw05;dw06;dw07;dw08,dw00;dw01;dw02;dw03;dw04;dw05;dw06;dw07;dw08,dw08,75,1,2026-08-30T08:19:34.555+0200,dw03,021B,113,2358,-39,-1928,1357,1.75,12359
ground-height-2m-20260828-133428,d024m_r090_run01.csv,2,24,90,dw00;dw01;dw02;dw03;dw04;dw05;dw06;dw07;dw08,dw00;dw01;dw02;dw03;dw04;dw05;dw06;dw07;dw08,dw08,145,1,2026-08-30T08:19:34.651+0200,dw07,5783,81,2368,119,391,2335,3.69,2147483
ground-height-2m-20260828-133428,d024m_r090_run01.csv,2,24,90,dw00;dw01;dw02;dw03;dw04;dw05;dw06;dw07;dw08,dw00;dw01;dw02;dw03;dw04;dw05;dw06;dw07;dw08,dw08,35,1,2026-08-30T08:19:34.685+0200,dw01,1729,22,2378,-132,1966,1338,3.06,2147483
ground-height-2m-20260828-133428,d024m_r090_run01.csv,2,24,90,dw00;dw01;dw02;dw03;dw04;dw05;dw06;dw07;dw08,dw00;dw01;dw02;dw03;dw04;dw05;dw06;dw07;dw08,dw08,90,1,2026-08-30T08:19:34.706+0200,dw04,0F85,6,2363,-1,-1368,1927,2.59,2147483
ground-height-2m-20260828-133428,d024m_r090_run01.csv,2,24,90,dw00;dw01;dw02;dw03;dw04;dw05;dw06;dw07;dw08,dw00;dw01;dw02;dw03;dw04;dw05;dw06;dw07;dw08,dw08,125,1,2026-08-30T08:19:34.725+0200,dw06,0789,120,2375,84,-124,2372,2.95,2147483
ground-height-2m-20260828-133428,d024m_r090_run01.csv,2,24,90,dw00;dw01;dw02;dw03;dw04;dw05;dw06;dw07;dw08,dw00;dw01;dw02;dw03;dw04;dw05;dw06;dw07;dw08,dw08,75,1,2026-08-30T08:19:34.756+0200,dw03,021B,114,2363,-48,-2054,1167,1.81,12298
ground-height-2m-20260828-133428,d024m_r090_run01.csv,2,24,90,dw00;dw01;dw02;dw03;dw04;dw05;dw06;dw07;dw08,dw00;dw01;dw02;dw03;dw04;dw05;dw06;dw07;dw08,dw08,35,1,2026-08-30T08:19:34.904+0200,dw01,1729,23,2375,-137,1895,1432,2.95,61065
ground-height-2m-20260828-133428,d024m_r090_run01.csv,2,24,90,dw00;dw01;dw02;dw03;dw04;dw05;dw06;dw07;dw08,dw00;dw01;dw02;dw03;dw04;dw05;dw06;dw07;dw08,dw08,90,1,2026-08-30T08:19:34.923+0200,dw04,0F85,7,2368,0,-1367,1934,2.71,80749
ground-height-2m-20260828-133428,d024m_r090_run01.csv,2,24,90,dw00;dw01;dw02;dw03;dw04;dw05;dw06;dw07;dw08,dw00;dw01;dw02;dw03;dw04;dw05;dw06;dw07;dw08,dw08,125,1,2026-08-30T08:19:34.944+0200,dw06,0789,121,2373,96,48,2372,3.06,915
ground-height-2m-20260828-133428,d024m_r090_run01.csv,2,24,90,dw00;dw01;dw02;dw03;dw04;dw05;dw06;dw07;dw08,dw00;dw01;dw02;dw03;dw04;dw05;dw06;dw07;dw08,dw08,75,1,2026-08-30T08:19:34.956+0200,dw03,021B,115,2359,-42,-1973,1293,1.87,12298
ground-height-2m-20260828-133428,d024m_r090_run01.csv,2,24,90,dw00;dw01;dw02;dw03;dw04;dw05;dw06;dw07;dw08,dw00;dw01;dw02;dw03;dw04;dw05;dw06;dw07;dw08,dw08,90,1,2026-08-30T08:19:35.105+0200,dw04,0F85,8,2366,-7,-1458,1863,2.53,62316
ground-height-2m-20260828-133428,d024m_r090_run01.csv,2,24,90,dw00;dw01;dw02;dw03;dw04;dw05;dw06;dw07;dw08,dw00;dw01;dw02;dw03;dw04;dw05;dw06;dw07;dw08,dw08,125,1,2026-08-30T08:19:35.225+0200,dw06,0789,122,2374,107,214,2364,2.89,82305
ground-height-2m-20260828-133428,d024m_r090_run01.csv,2,24,90,dw00;dw01;dw02;dw03;dw04;dw05;dw06;dw07;dw08,dw00;dw01;dw02;dw03;dw04;dw05;dw06;dw07;dw08,dw08,165,1,2026-08-30T08:19:35.295+0200,dw08,028E,2,2373,17,-1109,2097,-10.66,51177
ground-height-2m-20260828-133428,d024m_r090_run01.csv,2,24,90,dw00;dw01;dw02;dw03;dw04;dw05;dw06;dw07;dw08,dw00;dw01;dw02;dw03;dw04;dw05;dw06;dw07;dw08,dw08,90,1,2026-08-30T08:19:35.305+0200,dw04,0F85,9,2366,3,-1298,1978,2.65,62255
ground-height-2m-20260828-133428,d024m_r090_run01.csv,2,24,90,dw00;dw01;dw02;dw03;dw04;dw05;dw06;dw07;dw08,dw00;dw01;dw02;dw03;dw04;dw05;dw06;dw07;dw08,dw08,125,1,2026-08-30T08:19:35.425+0200,dw06,0789,123,2374,88,-70,2373,2.89,82305
ground-height-2m-20260828-133428,d024m_r090_run01.csv,2,24,90,dw00;dw01;dw02;dw03;dw04;dw05;dw06;dw07;dw08,dw00;dw01;dw02;dw03;dw04;dw05;dw06;dw07;dw08,dw08,90,1,2026-08-30T08:19:35.505+0200,dw04,0F85,10,2364,0,-1347,1943,2.71,62225
ground-height-2m-20260828-133428,d024m_r090_run01.csv,2,24,90,dw00;dw01;dw02;dw03;dw04;dw05;dw06;dw07;dw08,dw00;dw01;dw02;dw03;dw04;dw05;dw06;dw07;dw08,dw08,165,1,2026-08-30T08:19:35.681+0200,dw08,028E,4,2371,24,-997,2151,0.95,38024
ground-height-2m-20260828-133428,d024m_r090_run01.csv,2,24,90,dw00;dw01;dw02;dw03;dw04;dw05;dw06;dw07;dw08,dw00;dw01;dw02;dw03;dw04;dw05;dw06;dw07;dw08,dw08,125,1,2026-08-30T08:19:35.840+0200,dw06,0789,125,2377,100,106,2374,3.06,2147483
ground-height-2m-20260828-133428,d024m_r090_run01.csv,2,24,90,dw00;dw01;dw02;dw03;dw04;dw05;dw06;dw07;dw08,dw00;dw01;dw02;dw03;dw04;dw05;dw06;dw07;dw08,dw08,165,1,2026-08-30T08:19:35.865+0200,dw08,028E,5,2374,-30,-1803,1545,2.38,22369
ground-height-2m-20260828-133428,d024m_r090_run01.csv,2,24,90,dw00;dw01;dw02;dw03;dw04;dw05;dw06;dw07;dw08,dw00;dw01;dw02;dw03;dw04;dw05;dw06;dw07;dw08,dw08,90,1,2026-08-30T08:19:35.920+0200,dw04,0F85,12,2364,6,-1263,1998,2.83,78002
ground-height-2m-20260828-133428,d024m_r090_run01.csv,2,24,90,dw00;dw01;dw02;dw03;dw04;dw05;dw06;dw07;dw08,dw00;dw01;dw02;dw03;dw04;dw05;dw06;dw07;dw08,dw08,125,1,2026-08-30T08:19:36.025+0200,dw06,0789,126,2376,103,149,2372,3.06,82397
ground-height-2m-20260828-133428,d024m_r090_run01.csv,2,24,90,dw00;dw01;dw02;dw03;dw04;dw05;dw06;dw07;dw08,dw00;dw01;dw02;dw03;dw04;dw05;dw06;dw07;dw08,dw08,165,1,2026-08-30T08:19:36.065+0200,dw08,028E,6,2375,-25,-1735,1623,2.20,22277
ground-height-2m-20260828-133428,d024m_r090_run01.csv,2,24,90,dw00;dw01;dw02;dw03;dw04;dw05;dw06;dw07;dw08,dw00;dw01;dw02;dw03;dw04;dw05;dw06;dw07;dw08,dw08,125,1,2026-08-30T08:19:36.225+0200,dw06,0789,127,2377,97,73,2376,3.01,82305
ground-height-2m-20260828-133428,d024m_r090_run01.csv,2,24,90,dw00;dw01;dw02;dw03;dw04;dw05;dw06;dw07;dw08,dw00;dw01;dw02;dw03;dw04;dw05;dw06;dw07;dw08,dw08,165,1,2026-08-30T08:19:36.265+0200,dw08,028E,7,2368,-41,-1955,1337,2.32,22277
ground-height-2m-20260828-133428,d024m_r090_run01.csv,2,24,90,dw00;dw01;dw02;dw03;dw04;dw05;dw06;dw07;dw08,dw00;dw01;dw02;dw03;dw04;dw05;dw06;dw07;dw08,dw08,90,1,2026-08-30T08:19:36.321+0200,dw04,0F85,14,2367,10,-1197,2041,2.71,78002
ground-height-2m-20260828-133428,d024m_r090_run01.csv,2,24,90,dw00;dw01;dw02;dw03;dw04;dw05;dw06;dw07;dw08,dw00;dw01;dw02;dw03;dw04;dw05;dw06;dw07;dw08,dw08,125,1,2026-08-30T08:19:36.425+0200,dw06,0789,128,2374,85,-112,2372,3.01,82275
ground-height-2m-20260828-133428,d024m_r090_run01.csv,2,24,90,dw00;dw01;dw02;dw03;dw04;dw05;dw06;dw07;dw08,dw00;dw01;dw02;dw03;dw04;dw05;dw06;dw07;dw08,dw08,165,1,2026-08-30T08:19:36.466+0200,dw08,028E,8,2371,-61,-2252,741,2.26,22277
ground-height-2m-20260828-133428,d024m_r090_run01.csv,2,24,90,dw00;dw01;dw02;dw03;dw04;dw05;dw06;dw07;dw08,dw00;dw01;dw02;dw03;dw04;dw05;dw06;dw07;dw08,dw08,90,1,2026-08-30T08:19:36.505+0200,dw04,0F85,15,2364,-55,-2167,944,2.71,62286
ground-height-2m-20260828-133428,d024m_r090_run01.csv,2,24,90,dw00;dw01;dw02;dw03;dw04;dw05;dw06;dw07;dw08,dw00;dw01;dw02;dw03;dw04;dw05;dw06;dw07;dw08,dw08,125,1,2026-08-30T08:19:36.624+0200,dw06,0789,129,2382,87,-84,2380,3.01,82275
ground-height-2m-20260828-133428,d024m_r090_run01.csv,2,24,90,dw00;dw01;dw02;dw03;dw04;dw05;dw06;dw07;dw08,dw00;dw01;dw02;dw03;dw04;dw05;dw06;dw07;dw08,dw08,90,1,2026-08-30T08:19:36.704+0200,dw04,0F85,16,2361,0,-1340,1943,2.59,62286
ground-height-2m-20260828-133428,d024m_r090_run01.csv,2,24,90,dw00;dw01;dw02;dw03;dw04;dw05;dw06;dw07;dw08,dw00;dw01;dw02;dw03;dw04;dw05;dw06;dw07;dw08,dw08,125,1,2026-08-30T08:19:36.825+0200,dw06,0789,130,2378,89,-55,2378,3.01,82275
ground-height-2m-20260828-133428,d024m_r090_run01.csv,2,24,90,dw00;dw01;dw02;dw03;dw04;dw05;dw06;dw07;dw08,dw00;dw01;dw02;dw03;dw04;dw05;dw06;dw07;dw08,dw08,90,1,2026-08-30T08:19:36.905+0200,dw04,0F85,17,2363,13,-1160,2058,2.65,62255
ground-height-2m-20260828-133428,d024m_r090_run01.csv,2,24,90,dw00;dw01;dw02;dw03;dw04;dw05;dw06;dw07;dw08,dw00;dw01;dw02;dw03;dw04;dw05;dw06;dw07;dw08,dw08,125,1,2026-08-30T08:19:37.025+0200,dw06,0789,131,2371,77,-228,2360,3.06,82336
ground-height-2m-20260828-133428,d024m_r090_run01.csv,2,24,90,dw00;dw01;dw02;dw03;dw04;dw05;dw06;dw07;dw08,dw00;dw01;dw02;dw03;dw04;dw05;dw06;dw07;dw08,dw08,165,1,2026-08-30T08:19:37.096+0200,dw08,028E,11,2372,10,-1206,2042,2.32,53710
ground-height-2m-20260828-133428,d024m_r090_run01.csv,2,24,90,dw00;dw01;dw02;dw03;dw04;dw05;dw06;dw07;dw08,dw00;dw01;dw02;dw03;dw04;dw05;dw06;dw07;dw08,dw08,90,1,2026-08-30T08:19:37.105+0200,dw04,0F85,18,2363,0,-1359,1933,2.53,62286
ground-height-2m-20260828-133428,d024m_r090_run01.csv,2,24,90,dw00;dw01;dw02;dw03;dw04;dw05;dw06;dw07;dw08,dw00;dw01;dw02;dw03;dw04;dw05;dw06;dw07;dw08,dw08,125,1,2026-08-30T08:19:37.225+0200,dw06,0789,132,2374,101,124,2371,3.01,82275
ground-height-2m-20260828-133428,d024m_r090_run01.csv,2,24,90,dw00;dw01;dw02;dw03;dw04;dw05;dw06;dw07;dw08,dw00;dw01;dw02;dw03;dw04;dw05;dw06;dw07;dw08,dw08,90,1,2026-08-30T08:19:37.304+0200,dw04,0F85,19,2368,15,-1125,2083,2.71,62255
ground-height-2m-20260828-133428,d024m_r090_run01.csv,2,24,90,dw00;dw01;dw02;dw03;dw04;dw05;dw06;dw07;dw08,dw00;dw01;dw02;dw03;dw04;dw05;dw06;dw07;dw08,dw08,125,1,2026-08-30T08:19:37.424+0200,dw06,0789,133,2376,100,116,2373,2.89,82244
ground-height-2m-20260828-133428,d024m_r090_run01.csv,2,24,90,dw00;dw01;dw02;dw03;dw04;dw05;dw06;dw07;dw08,dw00;dw01;dw02;dw03;dw04;dw05;dw06;dw07;dw08,dw08,90,1,2026-08-30T08:19:37.504+0200,dw04,0F85,20,2366,8,-1226,2024,2.65,62255
ground-height-2m-20260828-133428,d024m_r090_run01.csv,2,24,90,dw00;dw01;dw02;dw03;dw04;dw05;dw06;dw07;dw08,dw00;dw01;dw02;dw03;dw04;dw05;dw06;dw07;dw08,dw08,125,1,2026-08-30T08:19:37.624+0200,dw06,0789,134,2373,86,-89,2371,2.83,82305
ground-height-2m-20260828-133428,d024m_r090_run01.csv,2,24,90,dw00;dw01;dw02;dw03;dw04;dw05;dw06;dw07;dw08,dw00;dw01;dw02;dw03;dw04;dw05;dw06;dw07;dw08,dw08,90,1,2026-08-30T08:19:37.704+0200,dw04,0F85,21,2366,-2,-1384,1918,2.59,62255
ground-height-2m-20260828-133428,d024m_r090_run01.csv,2,24,90,dw00;dw01;dw02;dw03;dw04;dw05;dw06;dw07;dw08,dw00;dw01;dw02;dw03;dw04;dw05;dw06;dw07;dw08,dw08,125,1,2026-08-30T08:19:37.824+0200,dw06,0789,135,2377,93,4,2377,2.95,82305
ground-height-2m-20260828-133428,d024m_r090_run01.csv,2,24,90,dw00;dw01;dw02;dw03;dw04;dw05;dw06;dw07;dw08,dw00;dw01;dw02;dw03;dw04;dw05;dw06;dw07;dw08,dw08,90,1,2026-08-30T08:19:37.904+0200,dw04,0F85,22,2364,8,-1226,2021,2.71,62255
ground-height-2m-20260828-133428,d024m_r090_run01.csv,2,24,90,dw00;dw01;dw02;dw03;dw04;dw05;dw06;dw07;dw08,dw00;dw01;dw02;dw03;dw04;dw05;dw06;dw07;dw08,dw08,125,1,2026-08-30T08:19:38.025+0200,dw06,0789,136,2375,80,-176,2368,3.06,82305
ground-height-2m-20260828-133428,d024m_r090_run01.csv,2,24,90,dw00;dw01;dw02;dw03;dw04;dw05;dw06;dw07;dw08,dw00;dw01;dw02;dw03;dw04;dw05;dw06;dw07;dw08,dw08,90,1,2026-08-30T08:19:38.104+0200,dw04,0F85,23,2365,-2,-1388,1914,2.65,62255
ground-height-2m-20260828-133428,d024m_r090_run01.csv,2,24,90,dw00;dw01;dw02;dw03;dw04;dw05;dw06;dw07;dw08,dw00;dw01;dw02;dw03;dw04;dw05;dw06;dw07;dw08,dw08,90,1,2026-08-30T08:19:38.304+0200,dw04,0F85,24,2369,-11,-1520,1817,2.50,62255
ground-height-2m-20260828-133428,d024m_r090_run01.csv,2,24,90,dw00;dw01;dw02;dw03;dw04;dw05;dw06;dw07;dw08,dw00;dw01;dw02;dw03;dw04;dw05;dw06;dw07;dw08,dw08,90,1,2026-08-30T08:19:38.504+0200,dw04,0F85,25,2366,-7,-1468,1856,2.65,62255
ground-height-2m-20260828-133428,d024m_r090_run01.csv,2,24,90,dw00;dw01;dw02;dw03;dw04;dw05;dw06;dw07;dw08,dw00;dw01;dw02;dw03;dw04;dw05;dw06;dw07;dw08,dw08,125,1,2026-08-30T08:19:38.655+0200,dw06,0789,139,2374,107,210,2365,2.89,13702
ground-height-2m-20260828-133428,d024m_r090_run01.csv,2,24,90,dw00;dw01;dw02;dw03;dw04;dw05;dw06;dw07;dw08,dw00;dw01;dw02;dw03;dw04;dw05;dw06;dw07;dw08,dw08,90,1,2026-08-30T08:19:38.704+0200,dw04,0F85,26,2367,3,-1299,1979,2.65,62255
ground-height-2m-20260828-133428,d024m_r090_run01.csv,2,24,90,dw00;dw01;dw02;dw03;dw04;dw05;dw06;dw07;dw08,dw00;dw01;dw02;dw03;dw04;dw05;dw06;dw07;dw08,dw08,90,1,2026-08-30T08:19:38.903+0200,dw04,0F85,27,2364,8,-1222,2023,2.59,62255
ground-height-2m-20260828-133428,d024m_r090_run01.csv,2,24,90,dw00;dw01;dw02;dw03;dw04;dw05;dw06;dw07;dw08,dw00;dw01;dw02;dw03;dw04;dw05;dw06;dw07;dw08,dw08,125,1,2026-08-30T08:19:38.924+0200,dw06,0789,140,2376,106,198,2368,3.12,82305
ground-height-2m-20260828-133428,d024m_r090_run01.csv,2,24,90,dw00;dw01;dw02;dw03;dw04;dw05;dw06;dw07;dw08,dw00;dw01;dw02;dw03;dw04;dw05;dw06;dw07;dw08,dw08,90,1,2026-08-30T08:19:39.104+0200,dw04,0F85,28,2367,1,-1333,1955,2.71,62255
ground-height-2m-20260828-133428,d024m_r090_run01.csv,2,24,90,dw00;dw01;dw02;dw03;dw04;dw05;dw06;dw07;dw08,dw00;dw01;dw02;dw03;dw04;dw05;dw06;dw07;dw08,dw08,125,1,2026-08-30T08:19:39.124+0200,dw06,0789,141,2374,78,-216,2364,3.09,82275
ground-height-2m-20260828-133428,d024m_r090_run01.csv,2,24,90,dw00;dw01;dw02;dw03;dw04;dw05;dw06;dw07;dw08,dw00;dw01;dw02;dw03;dw04;dw05;dw06;dw07;dw08,dw08,125,1,2026-08-30T08:19:39.324+0200,dw06,0789,142,2376,103,161,2370,2.95,82305
ground-height-2m-20260828-133428,d024m_r090_run01.csv,2,24,90,dw00;dw01;dw02;dw03;dw04;dw05;dw06;dw07;dw08,dw00;dw01;dw02;dw03;dw04;dw05;dw06;dw07;dw08,dw08,90,1,2026-08-30T08:19:39.520+0200,dw04,0F85,30,2364,0,-1343,1945,2.83,77941
ground-height-2m-20260828-133428,d024m_r090_run01.csv,2,24,90,dw00;dw01;dw02;dw03;dw04;dw05;dw06;dw07;dw08,dw00;dw01;dw02;dw03;dw04;dw05;dw06;dw07;dw08,dw08,90,1,2026-08-30T08:19:39.704+0200,dw04,0F85,31,2365,11,-1181,2048,2.71,62286
ground-height-2m-20260828-133428,d024m_r090_run01.csv,2,24,90,dw00;dw01;dw02;dw03;dw04;dw05;dw06;dw07;dw08,dw00;dw01;dw02;dw03;dw04;dw05;dw06;dw07;dw08,dw08,125,1,2026-08-30T08:19:39.739+0200,dw06,0789,144,2374,87,-75,2373,3.09,2147483
ground-height-2m-20260828-133428,d024m_r090_run01.csv,2,24,90,dw00;dw01;dw02;dw03;dw04;dw05;dw06;dw07;dw08,dw00;dw01;dw02;dw03;dw04;dw05;dw06;dw07;dw08,dw08,90,1,2026-08-30T08:19:39.903+0200,dw04,0F85,32,2358,-2,-1392,1903,2.71,62316
ground-height-2m-20260828-133428,d024m_r090_run01.csv,2,24,90,dw00;dw01;dw02;dw03;dw04;dw05;dw06;dw07;dw08,dw00;dw01;dw02;dw03;dw04;dw05;dw06;dw07;dw08,dw08,90,1,2026-08-30T08:19:40.103+0200,dw04,0F85,33,2367,13,-1158,2063,2.71,62255
ground-height-2m-20260828-133428,d024m_r090_run01.csv,2,24,90,dw00;dw01;dw02;dw03;dw04;dw05;dw06;dw07;dw08,dw00;dw01;dw02;dw03;dw04;dw05;dw06;dw07;dw08,dw08,125,1,2026-08-30T08:19:40.174+0200,dw06,0789,146,2374,101,123,2371,3.06,32257
ground-height-2m-20260828-133428,d024m_r090_run01.csv,2,24,90,dw00;dw01;dw02;dw03;dw04;dw05;dw06;dw07;dw08,dw00;dw01;dw02;dw03;dw04;dw05;dw06;dw07;dw08,dw08,90,1,2026-08-30T08:19:40.519+0200,dw04,0F85,35,2364,-1,-1375,1923,2.83,77972
ground-height-2m-20260828-133428,d024m_r090_run01.csv,2,24,90,dw00;dw01;dw02;dw03;dw04;dw05;dw06;dw07;dw08,dw00;dw01;dw02;dw03;dw04;dw05;dw06;dw07;dw08,dw08,125,1,2026-08-30T08:19:40.639+0200,dw06,0789,148,2374,85,-108,2372,3.01,2147483
ground-height-2m-20260828-133428,d024m_r090_run01.csv,2,24,90,dw00;dw01;dw02;dw03;dw04;dw05;dw06;dw07;dw08,dw00;dw01;dw02;dw03;dw04;dw05;dw06;dw07;dw08,dw08,90,1,2026-08-30T08:19:40.703+0200,dw04,0F85,36,2368,-17,-1614,1733,2.71,62286
ground-height-2m-20260828-133428,d024m_r090_run01.csv,2,24,90,dw00;dw01;dw02;dw03;dw04;dw05;dw06;dw07;dw08,dw00;dw01;dw02;dw03;dw04;dw05;dw06;dw07;dw08,dw08,125,1,2026-08-30T08:19:40.823+0200,dw06,0789,149,2376,94,24,2376,3.01,82336
ground-height-2m-20260828-133428,d024m_r090_run01.csv,2,24,90,dw00;dw01;dw02;dw03;dw04;dw05;dw06;dw07;dw08,dw00;dw01;dw02;dw03;dw04;dw05;dw06;dw07;dw08,dw08,90,1,2026-08-30T08:19:40.903+0200,dw04,0F85,37,2367,7,-1251,2009,2.65,62286
ground-height-2m-20260828-133428,d024m_r090_run01.csv,2,24,90,dw00;dw01;dw02;dw03;dw04;dw05;dw06;dw07;dw08,dw00;dw01;dw02;dw03;dw04;dw05;dw06;dw07;dw08,dw08,125,1,2026-08-30T08:19:41.023+0200,dw06,0789,150,2376,82,-157,2371,3.06,82305
ground-height-2m-20260828-133428,d024m_r090_run01.csv,2,24,90,dw00;dw01;dw02;dw03;dw04;dw05;dw06;dw07;dw08,dw00;dw01;dw02;dw03;dw04;dw05;dw06;dw07;dw08,dw08,165,1,2026-08-30T08:19:41.056+0200,dw08,028E,1,2371,30,-916,2187,-10.55,15197
ground-height-2m-20260828-133428,d024m_r090_run01.csv,2,24,90,dw00;dw01;dw02;dw03;dw04;dw05;dw06;dw07;dw08,dw00;dw01;dw02;dw03;dw04;dw05;dw06;dw07;dw08,dw08,125,1,2026-08-30T08:19:41.223+0200,dw06,0789,151,2373,103,147,2368,2.95,82275
ground-height-2m-20260828-133428,d024m_r090_run01.csv,2,24,90,dw00;dw01;dw02;dw03;dw04;dw05;dw06;dw07;dw08,dw00;dw01;dw02;dw03;dw04;dw05;dw06;dw07;dw08,dw08,165,1,2026-08-30T08:19:41.264+0200,dw08,028E,2,2374,160,981,2161,0.83,22338
ground-height-2m-20260828-133428,d024m_r090_run01.csv,2,24,90,dw00;dw01;dw02;dw03;dw04;dw05;dw06;dw07;dw08,dw00;dw01;dw02;dw03;dw04;dw05;dw06;dw07;dw08,dw08,90,1,2026-08-30T08:19:41.319+0200,dw04,0F85,39,2365,12,-1176,2052,2.83,77941
ground-height-2m-20260828-133428,d024m_r090_run01.csv,2,24,90,dw00;dw01;dw02;dw03;dw04;dw05;dw06;dw07;dw08,dw00;dw01;dw02;dw03;dw04;dw05;dw06;dw07;dw08,dw08,125,1,2026-08-30T08:19:41.423+0200,dw06,0789,152,2374,95,41,2374,2.89,82275
ground-height-2m-20260828-133428,d024m_r090_run01.csv,2,24,90,dw00;dw01;dw02;dw03;dw04;dw05;dw06;dw07;dw08,dw00;dw01;dw02;dw03;dw04;dw05;dw06;dw07;dw08,dw08,165,1,2026-08-30T08:19:41.463+0200,dw08,028E,3,2369,23,-1013,2141,2.20,22308
ground-height-2m-20260828-133428,d024m_r090_run01.csv,2,24,90,dw00;dw01;dw02;dw03;dw04;dw05;dw06;dw07;dw08,dw00;dw01;dw02;dw03;dw04;dw05;dw06;dw07;dw08,dw08,125,1,2026-08-30T08:19:41.623+0200,dw06,0789,153,2374,87,-80,2373,3.01,82275
ground-height-2m-20260828-133428,d024m_r090_run01.csv,2,24,90,dw00;dw01;dw02;dw03;dw04;dw05;dw06;dw07;dw08,dw00;dw01;dw02;dw03;dw04;dw05;dw06;dw07;dw08,dw08,165,1,2026-08-30T08:19:41.663+0200,dw08,028E,4,2368,7,-1249,2012,2.14,22308
ground-height-2m-20260828-133428,d024m_r090_run01.csv,2,24,90,dw00;dw01;dw02;dw03;dw04;dw05;dw06;dw07;dw08,dw00;dw01;dw02;dw03;dw04;dw05;dw06;dw07;dw08,dw08,125,1,2026-08-30T08:19:41.823+0200,dw06,0789,154,2377,90,-36,2377,3.01,82275
ground-height-2m-20260828-133428,d024m_r090_run01.csv,2,24,90,dw00;dw01;dw02;dw03;dw04;dw05;dw06;dw07;dw08,dw00;dw01;dw02;dw03;dw04;dw05;dw06;dw07;dw08,dw08,165,1,2026-08-30T08:19:41.863+0200,dw08,028E,5,2373,-12,-1535,1809,2.38,22308
ground-height-2m-20260828-133428,d024m_r090_run01.csv,2,24,90,dw00;dw01;dw02;dw03;dw04;dw05;dw06;dw07;dw08,dw00;dw01;dw02;dw03;dw04;dw05;dw06;dw07;dw08,dw08,125,1,2026-08-30T08:19:42.023+0200,dw06,0789,155,2379,90,-40,2378,2.95,82275
ground-height-2m-20260828-133428,d024m_r090_run01.csv,2,24,90,dw00;dw01;dw02;dw03;dw04;dw05;dw06;dw07;dw08,dw00;dw01;dw02;dw03;dw04;dw05;dw06;dw07;dw08,dw08,165,1,2026-08-30T08:19:42.063+0200,dw08,028E,6,2373,-9,-1494,1844,2.26,22308
ground-height-2m-20260828-133428,d024m_r090_run01.csv,2,24,90,dw00;dw01;dw02;dw03;dw04;dw05;dw06;dw07;dw08,dw00;dw01;dw02;dw03;dw04;dw05;dw06;dw07;dw08,dw08,165,1,2026-08-30T08:19:42.262+0200,dw08,028E,7,2374,-32,-1841,1498,2.50,22308
ground-height-2m-20260828-133428,d024m_r090_run01.csv,2,24,90,dw00;dw01;dw02;dw03;dw04;dw05;dw06;dw07;dw08,dw00;dw01;dw02;dw03;dw04;dw05;dw06;dw07;dw08,dw08,125,1,2026-08-30T08:19:42.423+0200,dw06,0789,157,2376,86,-100,2374,2.95,82305
ground-height-2m-20260828-133428,d024m_r090_run01.csv,2,24,90,dw00;dw01;dw02;dw03;dw04;dw05;dw06;dw07;dw08,dw00;dw01;dw02;dw03;dw04;dw05;dw06;dw07;dw08,dw08,165,1,2026-08-30T08:19:42.463+0200,dw08,028E,8,2368,-24,-1711,1637,2.32,22308
ground-height-2m-20260828-133428,d024m_r090_run01.csv,2,24,90,dw00;dw01;dw02;dw03;dw04;dw05;dw06;dw07;dw08,dw00;dw01;dw02;dw03;dw04;dw05;dw06;dw07;dw08,dw08,125,1,2026-08-30T08:19:42.623+0200,dw06,0789,158,2375,95,35,2375,2.95,82336
ground-height-2m-20260828-133428,d024m_r090_run01.csv,2,24,90,dw00;dw01;dw02;dw03;dw04;dw05;dw06;dw07;dw08,dw00;dw01;dw02;dw03;dw04;dw05;dw06;dw07;dw08,dw08,125,1,2026-08-30T08:19:42.823+0200,dw06,0789,159,2373,99,93,2371,2.89,82305
ground-height-2m-20260828-133428,d024m_r090_run01.csv,2,24,90,dw00;dw01;dw02;dw03;dw04;dw05;dw06;dw07;dw08,dw00;dw01;dw02;dw03;dw04;dw05;dw06;dw07;dw08,dw08,165,1,2026-08-30T08:19:42.879+0200,dw08,028E,10,2368,9,-1218,2030,2.38,37963
ground-height-2m-20260828-133428,d024m_r090_run01.csv,2,24,90,dw00;dw01;dw02;dw03;dw04;dw05;dw06;dw07;dw08,dw00;dw01;dw02;dw03;dw04;dw05;dw06;dw07;dw08,dw08,165,1,2026-08-30T08:19:43.062+0200,dw08,028E,11,2372,166,1078,2112,2.32,22338
ground-height-2m-20260828-133428,d024m_r090_run01.csv,2,24,90,dw00;dw01;dw02;dw03;dw04;dw05;dw06;dw07;dw08,dw00;dw01;dw02;dw03;dw04;dw05;dw06;dw07;dw08,dw08,125,1,2026-08-30T08:19:43.238+0200,dw06,0789,161,2377,104,169,2371,2.95,2147483
ground-height-2m-20260828-133428,d024m_r090_run01.csv,2,24,90,dw00;dw01;dw02;dw03;dw04;dw05;dw06;dw07;dw08,dw00;dw01;dw02;dw03;dw04;dw05;dw06;dw07;dw08,dw08,165,1,2026-08-30T08:19:43.262+0200,dw08,028E,12,2371,-80,-2371,0,2.38,22308
ground-height-2m-20260828-133428,d024m_r090_run01.csv,2,24,90,dw00;dw01;dw02;dw03;dw04;dw05;dw06;dw07;dw08,dw00;dw01;dw02;dw03;dw04;dw05;dw06;dw07;dw08,dw08,125,1,2026-08-30T08:19:43.422+0200,dw06,0789,162,2375,-166,1468,1867,2.95,82336
ground-height-2m-20260828-133428,d024m_r090_run01.csv,2,24,90,dw00;dw01;dw02;dw03;dw04;dw05;dw06;dw07;dw08,dw00;dw01;dw02;dw03;dw04;dw05;dw06;dw07;dw08,dw08,165,1,2026-08-30T08:19:43.462+0200,dw08,028E,13,2370,120,401,2336,2.14,22308
ground-height-2m-20260828-133428,d024m_r090_run01.csv,2,24,90,dw00;dw01;dw02;dw03;dw04;dw05;dw06;dw07;dw08,dw00;dw01;dw02;dw03;dw04;dw05;dw06;dw07;dw08,dw08,125,1,2026-08-30T08:19:43.623+0200,dw06,0789,163,2378,89,-43,2377,3.01,82305
ground-height-2m-20260828-133428,d024m_r090_run01.csv,2,24,90,dw00;dw01;dw02;dw03;dw04;dw05;dw06;dw07;dw08,dw00;dw01;dw02;dw03;dw04;dw05;dw06;dw07;dw08,dw08,165,1,2026-08-30T08:19:43.663+0200,dw08,028E,14,2371,33,-862,2209,2.32,22308
ground-height-2m-20260828-133428,d024m_r090_run01.csv,2,24,90,dw00;dw01;dw02;dw03;dw04;dw05;dw06;dw07;dw08,dw00;dw01;dw02;dw03;dw04;dw05;dw06;dw07;dw08,dw08,125,1,2026-08-30T08:19:43.822+0200,dw06,0789,164,2375,96,52,2374,2.95,82275
ground-height-2m-20260828-133428,d024m_r090_run01.csv,2,24,90,dw00;dw01;dw02;dw03;dw04;dw05;dw06;dw07;dw08,dw00;dw01;dw02;dw03;dw04;dw05;dw06;dw07;dw08,dw08,165,1,2026-08-30T08:19:43.862+0200,dw08,028E,15,2373,-26,-1751,1601,2.44,22308
ground-height-2m-20260828-133428,d024m_r090_run01.csv,2,24,90,dw00;dw01;dw02;dw03;dw04;dw05;dw06;dw07;dw08,dw00;dw01;dw02;dw03;dw04;dw05;dw06;dw07;dw08,dw08,125,1,2026-08-30T08:19:44.022+0200,dw06,0789,165,2378,94,23,2378,2.89,82275
ground-height-2m-20260828-133428,d024m_r090_run01.csv,2,24,90,dw00;dw01;dw02;dw03;dw04;dw05;dw06;dw07;dw08,dw00;dw01;dw02;dw03;dw04;dw05;dw06;dw07;dw08,dw08,90,1,2026-08-30T08:19:44.031+0200,dw04,0F85,2,2368,18,-1086,2104,-4.26,91217
ground-height-2m-20260828-133428,d024m_r090_run01.csv,2,24,90,dw00;dw01;dw02;dw03;dw04;dw05;dw06;dw07;dw08,dw00;dw01;dw02;dw03;dw04;dw05;dw06;dw07;dw08,dw08,165,1,2026-08-30T08:19:44.062+0200,dw08,028E,16,2368,-154,1641,1708,2.32,22308
ground-height-2m-20260828-133428,d024m_r090_run01.csv,2,24,90,dw00;dw01;dw02;dw03;dw04;dw05;dw06;dw07;dw08,dw00;dw01;dw02;dw03;dw04;dw05;dw06;dw07;dw08,dw08,125,1,2026-08-30T08:19:44.222+0200,dw06,0789,166,2373,92,0,2373,2.95,82275
ground-height-2m-20260828-133428,d024m_r090_run01.csv,2,24,90,dw00;dw01;dw02;dw03;dw04;dw05;dw06;dw07;dw08,dw00;dw01;dw02;dw03;dw04;dw05;dw06;dw07;dw08,dw08,165,1,2026-08-30T08:19:44.262+0200,dw08,028E,17,2372,19,-1067,2118,2.32,22308
ground-height-2m-20260828-133428,d024m_r090_run01.csv,2,24,90,dw00;dw01;dw02;dw03;dw04;dw05;dw06;dw07;dw08,dw00;dw01;dw02;dw03;dw04;dw05;dw06;dw07;dw08,dw08,90,1,2026-08-30T08:19:44.417+0200,dw04,0F85,4,2370,11,-1184,2053,1.43,77972
ground-height-2m-20260828-133428,d024m_r090_run01.csv,2,24,90,dw00;dw01;dw02;dw03;dw04;dw05;dw06;dw07;dw08,dw00;dw01;dw02;dw03;dw04;dw05;dw06;dw07;dw08,dw08,165,1,2026-08-30T08:19:44.463+0200,dw08,028E,18,2373,24,-1000,2151,2.32,22247
ground-height-2m-20260828-133428,d024m_r090_run01.csv,2,24,90,dw00;dw01;dw02;dw03;dw04;dw05;dw06;dw07;dw08,dw00;dw01;dw02;dw03;dw04;dw05;dw06;dw07;dw08,dw08,125,1,2026-08-30T08:19:44.637+0200,dw06,0789,168,2372,86,-87,2370,3.15,2147483
ground-height-2m-20260828-133428,d024m_r090_run01.csv,2,24,90,dw00;dw01;dw02;dw03;dw04;dw05;dw06;dw07;dw08,dw00;dw01;dw02;dw03;dw04;dw05;dw06;dw07;dw08,dw08,165,1,2026-08-30T08:19:44.661+0200,dw08,028E,19,2369,0,-1343,1951,2.32,22308
ground-height-2m-20260828-133428,d024m_r090_run01.csv,2,24,90,dw00;dw01;dw02;dw03;dw04;dw05;dw06;dw07;dw08,dw00;dw01;dw02;dw03;dw04;dw05;dw06;dw07;dw08,dw08,90,1,2026-08-30T08:19:44.818+0200,dw04,0F85,6,2367,-3,-1401,1907,2.65,78002
ground-height-2m-20260828-133428,d024m_r090_run01.csv,2,24,90,dw00;dw01;dw02;dw03;dw04;dw05;dw06;dw07;dw08,dw00;dw01;dw02;dw03;dw04;dw05;dw06;dw07;dw08,dw08,165,1,2026-08-30T08:19:44.862+0200,dw08,028E,20,2375,36,-822,2228,2.38,22308
ground-height-2m-20260828-133428,d024m_r090_run01.csv,2,24,90,dw00;dw01;dw02;dw03;dw04;dw05;dw06;dw07;dw08,dw00;dw01;dw02;dw03;dw04;dw05;dw06;dw07;dw08,dw08,125,1,2026-08-30T08:19:45.037+0200,dw06,0789,170,2378,91,-22,2378,3.01,2147483
ground-height-2m-20260828-133428,d024m_r090_run01.csv,2,24,90,dw00;dw01;dw02;dw03;dw04;dw05;dw06;dw07;dw08,dw00;dw01;dw02;dw03;dw04;dw05;dw06;dw07;dw08,dw08,90,1,2026-08-30T08:19:45.217+0200,dw04,0F85,8,2366,0,-1353,1940,2.89,77972
ground-height-2m-20260828-133428,d024m_r090_run01.csv,2,24,90,dw00;dw01;dw02;dw03;dw04;dw05;dw06;dw07;dw08,dw00;dw01;dw02;dw03;dw04;dw05;dw06;dw07;dw08,dw08,165,1,2026-08-30T08:19:45.278+0200,dw08,028E,22,2370,62,-439,2329,2.50,37994
ground-height-2m-20260828-133428,d024m_r090_run01.csv,2,24,90,dw00;dw01;dw02;dw03;dw04;dw05;dw06;dw07;dw08,dw00;dw01;dw02;dw03;dw04;dw05;dw06;dw07;dw08,dw08,90,1,2026-08-30T08:19:45.402+0200,dw04,0F85,9,2363,10,-1204,2033,2.65,62316
ground-height-2m-20260828-133428,d024m_r090_run01.csv,2,24,90,dw00;dw01;dw02;dw03;dw04;dw05;dw06;dw07;dw08,dw00;dw01;dw02;dw03;dw04;dw05;dw06;dw07;dw08,dw08,125,1,2026-08-30T08:19:45.437+0200,dw06,0789,172,2377,91,-26,2377,3.09,2147483
ground-height-2m-20260828-133428,d024m_r090_run01.csv,2,24,90,dw00;dw01;dw02;dw03;dw04;dw05;dw06;dw07;dw08,dw00;dw01;dw02;dw03;dw04;dw05;dw06;dw07;dw08,dw08,165,1,2026-08-30T08:19:45.461+0200,dw08,028E,23,2374,-15,-1583,1770,2.26,22369
ground-height-2m-20260828-133428,d024m_r090_run01.csv,2,24,90,dw00;dw01;dw02;dw03;dw04;dw05;dw06;dw07;dw08,dw00;dw01;dw02;dw03;dw04;dw05;dw06;dw07;dw08,dw08,90,1,2026-08-30T08:19:45.602+0200,dw04,0F85,10,2368,-4,-1421,1895,2.50,62255
ground-height-2m-20260828-133428,d024m_r090_run01.csv,2,24,90,dw00;dw01;dw02;dw03;dw04;dw05;dw06;dw07;dw08,dw00;dw01;dw02;dw03;dw04;dw05;dw06;dw07;dw08,dw08,125,1,2026-08-30T08:19:45.621+0200,dw06,0789,173,2374,85,-110,2371,3.01,82336
ground-height-2m-20260828-133428,d024m_r090_run01.csv,2,24,90,dw00;dw01;dw02;dw03;dw04;dw05;dw06;dw07;dw08,dw00;dw01;dw02;dw03;dw04;dw05;dw06;dw07;dw08,dw08,90,1,2026-08-30T08:19:45.801+0200,dw04,0F85,11,2365,130,540,2303,2.59,62255
ground-height-2m-20260828-133428,d024m_r090_run01.csv,2,24,90,dw00;dw01;dw02;dw03;dw04;dw05;dw06;dw07;dw08,dw00;dw01;dw02;dw03;dw04;dw05;dw06;dw07;dw08,dw08,165,1,2026-08-30T08:19:45.877+0200,dw08,028E,25,2371,83,-143,2366,2.38,37963
ground-height-2m-20260828-133428,d024m_r090_run01.csv,2,24,90,dw00;dw01;dw02;dw03;dw04;dw05;dw06;dw07;dw08,dw00;dw01;dw02;dw03;dw04;dw05;dw06;dw07;dw08,dw08,90,1,2026-08-30T08:19:46.001+0200,dw04,0F85,12,2363,9,-1209,2030,2.65,62286
ground-height-2m-20260828-133428,d024m_r090_run01.csv,2,24,90,dw00;dw01;dw02;dw03;dw04;dw05;dw06;dw07;dw08,dw00;dw01;dw02;dw03;dw04;dw05;dw06;dw07;dw08,dw08,165,1,2026-08-30T08:19:46.062+0200,dw08,028E,26,2368,-93,2368,0,2.26,22338
ground-height-2m-20260828-133428,d024m_r090_run01.csv,2,24,90,dw00;dw01;dw02;dw03;dw04;dw05;dw06;dw07;dw08,dw00;dw01;dw02;dw03;dw04;dw05;dw06;dw07;dw08,dw08,90,1,2026-08-30T08:19:46.201+0200,dw04,0F85,13,2365,0,-1358,1936,2.59,62255
ground-height-2m-20260828-133428,d024m_r090_run01.csv,2,24,90,dw00;dw01;dw02;dw03;dw04;dw05;dw06;dw07;dw08,dw00;dw01;dw02;dw03;dw04;dw05;dw06;dw07;dw08,dw08,165,1,2026-08-30T08:19:46.261+0200,dw08,028E,27,2370,160,979,2158,2.38,22308
ground-height-2m-20260828-133428,d024m_r090_run01.csv,2,24,90,dw00;dw01;dw02;dw03;dw04;dw05;dw06;dw07;dw08,dw00;dw01;dw02;dw03;dw04;dw05;dw06;dw07;dw08,dw08,165,1,2026-08-30T08:19:46.461+0200,dw08,028E,28,2365,152,869,2200,2.20,22277
ground-height-2m-20260828-133428,d024m_r090_run01.csv,2,24,90,dw00;dw01;dw02;dw03;dw04;dw05;dw06;dw07;dw08,dw00;dw01;dw02;dw03;dw04;dw05;dw06;dw07;dw08,dw08,90,1,2026-08-30T08:19:46.617+0200,dw04,0F85,15,2366,5,-1271,1996,2.83,77972
ground-height-2m-20260828-133428,d024m_r090_run01.csv,2,24,90,dw00;dw01;dw02;dw03;dw04;dw05;dw06;dw07;dw08,dw00;dw01;dw02;dw03;dw04;dw05;dw06;dw07;dw08,dw08,165,1,2026-08-30T08:19:46.661+0200,dw08,028E,29,2373,30,-909,2192,2.32,22308
ground-height-2m-20260828-133428,d024m_r090_run01.csv,2,24,90,dw00;dw01;dw02;dw03;dw04;dw05;dw06;dw07;dw08,dw00;dw01;dw02;dw03;dw04;dw05;dw06;dw07;dw08,dw08,90,1,2026-08-30T08:19:46.801+0200,dw04,0F85,16,2363,5,-1279,1987,2.53,62316
ground-height-2m-20260828-133428,d024m_r090_run01.csv,2,24,90,dw00;dw01;dw02;dw03;dw04;dw05;dw06;dw07;dw08,dw00;dw01;dw02;dw03;dw04;dw05;dw06;dw07;dw08,dw08,165,1,2026-08-30T08:19:46.862+0200,dw08,028E,30,2372,122,437,2331,2.32,22277
ground-height-2m-20260828-133428,d024m_r090_run01.csv,2,24,90,dw00;dw01;dw02;dw03;dw04;dw05;dw06;dw07;dw08,dw00;dw01;dw02;dw03;dw04;dw05;dw06;dw07;dw08,dw08,165,1,2026-08-30T08:19:47.061+0200,dw08,028E,31,2371,87,-74,2370,2.50,22277
ground-height-2m-20260828-133428,d024m_r090_run01.csv,2,24,90,dw00;dw01;dw02;dw03;dw04;dw05;dw06;dw07;dw08,dw00;dw01;dw02;dw03;dw04;dw05;dw06;dw07;dw08,dw08,90,1,2026-08-30T08:19:47.201+0200,dw04,0F85,18,2366,5,-1270,1996,2.65,62286
ground-height-2m-20260828-133428,d024m_r090_run01.csv,2,24,90,dw00;dw01;dw02;dw03;dw04;dw05;dw06;dw07;dw08,dw00;dw01;dw02;dw03;dw04;dw05;dw06;dw07;dw08,dw08,165,1,2026-08-30T08:19:47.261+0200,dw08,028E,32,2365,106,191,2357,2.32,22277
ground-height-2m-20260828-133428,d024m_r090_run01.csv,2,24,90,dw00;dw01;dw02;dw03;dw04;dw05;dw06;dw07;dw08,dw00;dw01;dw02;dw03;dw04;dw05;dw06;dw07;dw08,dw08,90,1,2026-08-30T08:19:47.400+0200,dw04,0F85,19,2366,5,-1276,1992,2.65,62316
ground-height-2m-20260828-133428,d024m_r090_run01.csv,2,24,90,dw00;dw01;dw02;dw03;dw04;dw05;dw06;dw07;dw08,dw00;dw01;dw02;dw03;dw04;dw05;dw06;dw07;dw08,dw08,165,1,2026-08-30T08:19:47.461+0200,dw08,028E,33,2371,118,374,2341,2.32,22338
ground-height-2m-20260828-133428,d024m_r090_run01.csv,2,24,90,dw00;dw01;dw02;dw03;dw04;dw05;dw06;dw07;dw08,dw00;dw01;dw02;dw03;dw04;dw05;dw06;dw07;dw08,dw08,90,1,2026-08-30T08:19:47.601+0200,dw04,0F85,20,2363,1,-1329,1953,2.71,62225
ground-height-2m-20260828-133428,d024m_r090_run01.csv,2,24,90,dw00;dw01;dw02;dw03;dw04;dw05;dw06;dw07;dw08,dw00;dw01;dw02;dw03;dw04;dw05;dw06;dw07;dw08,dw08,165,1,2026-08-30T08:19:47.661+0200,dw08,028E,34,2376,70,-331,2353,2.38,22308
ground-height-2m-20260828-133428,d024m_r090_run01.csv,2,24,90,dw00;dw01;dw02;dw03;dw04;dw05;dw06;dw07;dw08,dw00;dw01;dw02;dw03;dw04;dw05;dw06;dw07;dw08,dw08,90,1,2026-08-30T08:19:47.801+0200,dw04,0F85,21,2364,14,-1146,2067,2.53,62316
ground-height-2m-20260828-133428,d024m_r090_run01.csv,2,24,90,dw00;dw01;dw02;dw03;dw04;dw05;dw06;dw07;dw08,dw00;dw01;dw02;dw03;dw04;dw05;dw06;dw07;dw08,dw08,165,1,2026-08-30T08:19:47.860+0200,dw08,028E,35,2366,111,265,2351,2.26,22247
ground-height-2m-20260828-133428,d024m_r090_run01.csv,2,24,90,dw00;dw01;dw02;dw03;dw04;dw05;dw06;dw07;dw08,dw00;dw01;dw02;dw03;dw04;dw05;dw06;dw07;dw08,dw08,90,1,2026-08-30T08:19:48.001+0200,dw04,0F85,22,2364,3,-1300,1974,2.59,62255
ground-height-2m-20260828-133428,d024m_r090_run01.csv,2,24,90,dw00;dw01;dw02;dw03;dw04;dw05;dw06;dw07;dw08,dw00;dw01;dw02;dw03;dw04;dw05;dw06;dw07;dw08,dw08,165,1,2026-08-30T08:19:48.060+0200,dw08,028E,36,2372,104,169,2366,2.32,22308
ground-height-2m-20260828-133428,d024m_r090_run01.csv,2,24,90,dw00;dw01;dw02;dw03;dw04;dw05;dw06;dw07;dw08,dw00;dw01;dw02;dw03;dw04;dw05;dw06;dw07;dw08,dw08,165,1,2026-08-30T08:19:48.261+0200,dw08,028E,37,2370,2,-1316,1971,2.32,22277
ground-height-2m-20260828-133428,d024m_r090_run01.csv,2,24,90,dw00;dw01;dw02;dw03;dw04;dw05;dw06;dw07;dw08,dw00;dw01;dw02;dw03;dw04;dw05;dw06;dw07;dw08,dw08,90,1,2026-08-30T08:19:48.416+0200,dw04,0F85,24,2365,12,-1177,2051,2.83,77972
ground-height-2m-20260828-133428,d024m_r090_run01.csv,2,24,90,dw00;dw01;dw02;dw03;dw04;dw05;dw06;dw07;dw08,dw00;dw01;dw02;dw03;dw04;dw05;dw06;dw07;dw08,dw08,165,1,2026-08-30T08:19:48.461+0200,dw08,028E,38,2374,50,-625,2290,2.44,22308
ground-height-2m-20260828-133428,d024m_r090_run01.csv,2,24,90,dw00;dw01;dw02;dw03;dw04;dw05;dw06;dw07;dw08,dw00;dw01;dw02;dw03;dw04;dw05;dw06;dw07;dw08,dw08,90,1,2026-08-30T08:19:48.600+0200,dw04,0F85,25,2368,8,-1237,2019,2.71,62316
ground-height-2m-20260828-133428,d024m_r090_run01.csv,2,24,90,dw00;dw01;dw02;dw03;dw04;dw05;dw06;dw07;dw08,dw00;dw01;dw02;dw03;dw04;dw05;dw06;dw07;dw08,dw08,165,1,2026-08-30T08:19:48.660+0200,dw08,028E,39,2371,-15,-1590,1758,2.38,22277
ground-height-2m-20260828-133428,d024m_r090_run01.csv,2,24,90,dw00;dw01;dw02;dw03;dw04;dw05;dw06;dw07;dw08,dw00;dw01;dw02;dw03;dw04;dw05;dw06;dw07;dw08,dw08,165,1,2026-08-30T08:19:48.860+0200,dw08,028E,40,2371,33,-863,2208,2.38,22308
ground-height-2m-20260828-133428,d024m_r090_run01.csv,2,24,90,dw00;dw01;dw02;dw03;dw04;dw05;dw06;dw07;dw08,dw00;dw01;dw02;dw03;dw04;dw05;dw06;dw07;dw08,dw08,90,1,2026-08-30T08:19:49.016+0200,dw04,0F85,27,2365,5,-1270,1995,2.83,77972
ground-height-2m-20260828-133428,d024m_r090_run01.csv,2,24,90,dw00;dw01;dw02;dw03;dw04;dw05;dw06;dw07;dw08,dw00;dw01;dw02;dw03;dw04;dw05;dw06;dw07;dw08,dw08,165,1,2026-08-30T08:19:49.276+0200,dw08,028E,42,2367,12,-1167,2059,2.44,37963
ground-height-2m-20260828-133428,d024m_r090_run01.csv,2,24,90,dw00;dw01;dw02;dw03;dw04;dw05;dw06;dw07;dw08,dw00;dw01;dw02;dw03;dw04;dw05;dw06;dw07;dw08,dw08,90,1,2026-08-30T08:19:49.400+0200,dw04,0F85,29,2366,6,-1259,2003,2.53,62255
ground-height-2m-20260828-133428,d024m_r090_run01.csv,2,24,90,dw00;dw01;dw02;dw03;dw04;dw05;dw06;dw07;dw08,dw00;dw01;dw02;dw03;dw04;dw05;dw06;dw07;dw08,dw08,165,1,2026-08-30T08:19:49.460+0200,dw08,028E,43,2368,-18,-1622,1725,2.32,22308
ground-height-2m-20260828-133428,d024m_r090_run01.csv,2,24,90,dw00;dw01;dw02;dw03;dw04;dw05;dw06;dw07;dw08,dw00;dw01;dw02;dw03;dw04;dw05;dw06;dw07;dw08,dw08,165,1,2026-08-30T08:19:49.660+0200,dw08,028E,44,2370,-92,2370,0,2.26,22308
ground-height-2m-20260828-133428,d024m_r090_run01.csv,2,24,90,dw00;dw01;dw02;dw03;dw04;dw05;dw06;dw07;dw08,dw00;dw01;dw02;dw03;dw04;dw05;dw06;dw07;dw08,dw08,90,1,2026-08-30T08:19:49.816+0200,dw04,0F85,31,2366,0,-1366,1931,2.89,78002
ground-height-2m-20260828-133428,d024m_r090_run01.csv,2,24,90,dw00;dw01;dw02;dw03;dw04;dw05;dw06;dw07;dw08,dw00;dw01;dw02;dw03;dw04;dw05;dw06;dw07;dw08,dw08,90,1,2026-08-30T08:19:50.000+0200,dw04,0F85,32,2366,-7,-1464,1858,2.59,62316
ground-height-2m-20260828-133428,d024m_r090_run01.csv,2,24,90,dw00;dw01;dw02;dw03;dw04;dw05;dw06;dw07;dw08,dw00;dw01;dw02;dw03;dw04;dw05;dw06;dw07;dw08,dw08,165,1,2026-08-30T08:19:50.076+0200,dw08,028E,46,2369,27,-960,2165,2.38,37994
ground-height-2m-20260828-133428,d024m_r090_run01.csv,2,24,90,dw00;dw01;dw02;dw03;dw04;dw05;dw06;dw07;dw08,dw00;dw01;dw02;dw03;dw04;dw05;dw06;dw07;dw08,dw08,165,1,2026-08-30T08:19:50.259+0200,dw08,028E,47,2373,-24,-1710,1645,2.38,22308
ground-height-2m-20260828-133428,d024m_r090_run01.csv,2,24,90,dw00;dw01;dw02;dw03;dw04;dw05;dw06;dw07;dw08,dw00;dw01;dw02;dw03;dw04;dw05;dw06;dw07;dw08,dw08,90,1,2026-08-30T08:19:50.416+0200,dw04,0F85,34,2361,14,-1141,2067,2.83,77941
ground-height-2m-20260828-133428,d024m_r090_run01.csv,2,24,90,dw00;dw01;dw02;dw03;dw04;dw05;dw06;dw07;dw08,dw00;dw01;dw02;dw03;dw04;dw05;dw06;dw07;dw08,dw08,90,1,2026-08-30T08:19:50.599+0200,dw04,0F85,35,2364,-1,-1373,1924,2.71,62286
ground-height-2m-20260828-133428,d024m_r090_run01.csv,2,24,90,dw00;dw01;dw02;dw03;dw04;dw05;dw06;dw07;dw08,dw00;dw01;dw02;dw03;dw04;dw05;dw06;dw07;dw08,dw08,165,1,2026-08-30T08:19:50.675+0200,dw08,028E,49,2378,48,-652,2287,2.38,37994
ground-height-2m-20260828-133428,d024m_r090_run01.csv,2,24,90,dw00;dw01;dw02;dw03;dw04;dw05;dw06;dw07;dw08,dw00;dw01;dw02;dw03;dw04;dw05;dw06;dw07;dw08,dw08,165,1,2026-08-30T08:19:50.860+0200,dw08,028E,50,2373,-63,-2285,639,2.32,22338
ground-height-2m-20260828-133428,d024m_r090_run01.csv,2,24,90,dw00;dw01;dw02;dw03;dw04;dw05;dw06;dw07;dw08,dw00;dw01;dw02;dw03;dw04;dw05;dw06;dw07;dw08,dw08,165,1,2026-08-30T08:19:51.059+0200,dw08,028E,51,2369,16,-1118,2089,2.32,22308
ground-height-2m-20260828-133428,d024m_r090_run01.csv,2,24,90,dw00;dw01;dw02;dw03;dw04;dw05;dw06;dw07;dw08,dw00;dw01;dw02;dw03;dw04;dw05;dw06;dw07;dw08,dw08,90,1,2026-08-30T08:19:51.200+0200,dw04,0F85,38,2364,0,-1366,1929,2.65,62286
ground-height-2m-20260828-133428,d024m_r090_run01.csv,2,24,90,dw00;dw01;dw02;dw03;dw04;dw05;dw06;dw07;dw08,dw00;dw01;dw02;dw03;dw04;dw05;dw06;dw07;dw08,dw08,165,1,2026-08-30T08:19:51.259+0200,dw08,028E,52,2373,-9,-1495,1842,2.38,22308
ground-height-2m-20260828-133428,d024m_r090_run01.csv,2,24,90,dw00;dw01;dw02;dw03;dw04;dw05;dw06;dw07;dw08,dw00;dw01;dw02;dw03;dw04;dw05;dw06;dw07;dw08,dw08,165,1,2026-08-30T08:19:51.459+0200,dw08,028E,53,2372,7,-1250,2016,2.26,22308
ground-height-2m-20260828-133428,d024m_r090_run01.csv,2,24,90,dw00;dw01;dw02;dw03;dw04;dw05;dw06;dw07;dw08,dw00;dw01;dw02;dw03;dw04;dw05;dw06;dw07;dw08,dw08,90,1,2026-08-30T08:19:51.615+0200,dw04,0F85,40,2361,11,-1182,2044,2.71,77972
ground-height-2m-20260828-133428,d024m_r090_run01.csv,2,24,90,dw00;dw01;dw02;dw03;dw04;dw05;dw06;dw07;dw08,dw00;dw01;dw02;dw03;dw04;dw05;dw06;dw07;dw08,dw08,165,1,2026-08-30T08:19:51.660+0200,dw08,028E,54,2374,57,-515,2317,2.50,22277
ground-height-2m-20260828-133428,d024m_r090_run01.csv,2,24,90,dw00;dw01;dw02;dw03;dw04;dw05;dw06;dw07;dw08,dw00;dw01;dw02;dw03;dw04;dw05;dw06;dw07;dw08,dw08,90,1,2026-08-30T08:19:51.799+0200,dw04,0F85,41,2364,5,-1268,1995,2.71,62316
ground-height-2m-20260828-133428,d024m_r090_run01.csv,2,24,90,dw00;dw01;dw02;dw03;dw04;dw05;dw06;dw07;dw08,dw00;dw01;dw02;dw03;dw04;dw05;dw06;dw07;dw08,dw08,165,1,2026-08-30T08:19:51.859+0200,dw08,028E,55,2377,11,-1193,2056,2.20,22308
ground-height-2m-20260828-133428,d024m_r090_run01.csv,2,24,90,dw00;dw01;dw02;dw03;dw04;dw05;dw06;dw07;dw08,dw00;dw01;dw02;dw03;dw04;dw05;dw06;dw07;dw08,dw08,90,1,2026-08-30T08:19:51.999+0200,dw04,0F85,42,2365,9,-1215,2028,2.59,62316
ground-height-2m-20260828-133428,d024m_r090_run01.csv,2,24,90,dw00;dw01;dw02;dw03;dw04;dw05;dw06;dw07;dw08,dw00;dw01;dw02;dw03;dw04;dw05;dw06;dw07;dw08,dw08,165,1,2026-08-30T08:19:52.059+0200,dw08,028E,56,2374,62,-444,2332,2.38,22308
ground-height-2m-20260828-133428,d024m_r090_run01.csv,2,24,90,dw00;dw01;dw02;dw03;dw04;dw05;dw06;dw07;dw08,dw00;dw01;dw02;dw03;dw04;dw05;dw06;dw07;dw08,dw08,90,1,2026-08-30T08:19:52.199+0200,dw04,0F85,43,2366,13,-1150,2067,2.65,62255
ground-height-2m-20260828-133428,d024m_r090_run01.csv,2,24,90,dw00;dw01;dw02;dw03;dw04;dw05;dw06;dw07;dw08,dw00;dw01;dw02;dw03;dw04;dw05;dw06;dw07;dw08,dw08,165,1,2026-08-30T08:19:52.259+0200,dw08,028E,57,2372,22,-1028,2138,2.38,22338
ground-height-2m-20260828-133428,d024m_r090_run01.csv,2,24,90,dw00;dw01;dw02;dw03;dw04;dw05;dw06;dw07;dw08,dw00;dw01;dw02;dw03;dw04;dw05;dw06;dw07;dw08,dw08,165,1,2026-08-30T08:19:52.460+0200,dw08,028E,58,2375,118,380,2345,2.38,22308
ground-height-2m-20260828-133428,d024m_r090_run01.csv,2,24,90,dw00;dw01;dw02;dw03;dw04;dw05;dw06;dw07;dw08,dw00;dw01;dw02;dw03;dw04;dw05;dw06;dw07;dw08,dw08,90,1,2026-08-30T08:19:52.599+0200,dw04,0F85,45,2362,-9,-1491,1832,2.77,62286
ground-height-2m-20260828-133428,d024m_r090_run01.csv,2,24,90,dw00;dw01;dw02;dw03;dw04;dw05;dw06;dw07;dw08,dw00;dw01;dw02;dw03;dw04;dw05;dw06;dw07;dw08,dw08,165,1,2026-08-30T08:19:52.659+0200,dw08,028E,59,2372,29,-929,2182,2.32,22308
ground-height-2m-20260828-133428,d024m_r090_run01.csv,2,24,90,dw00;dw01;dw02;dw03;dw04;dw05;dw06;dw07;dw08,dw00;dw01;dw02;dw03;dw04;dw05;dw06;dw07;dw08,dw08,165,1,2026-08-30T08:19:52.859+0200,dw08,028E,60,2369,36,-823,2222,2.38,22277
ground-height-2m-20260828-133428,d024m_r090_run01.csv,2,24,90,dw00;dw01;dw02;dw03;dw04;dw05;dw06;dw07;dw08,dw00;dw01;dw02;dw03;dw04;dw05;dw06;dw07;dw08,dw08,90,1,2026-08-30T08:19:53.014+0200,dw04,0F85,47,2360,-6,-1443,1867,2.83,77941
ground-height-2m-20260828-133428,d024m_r090_run01.csv,2,24,90,dw00;dw01;dw02;dw03;dw04;dw05;dw06;dw07;dw08,dw00;dw01;dw02;dw03;dw04;dw05;dw06;dw07;dw08,dw08,165,1,2026-08-30T08:19:53.059+0200,dw08,028E,61,2370,-10,-1517,1821,2.32,22308
ground-height-2m-20260828-133428,d024m_r090_run01.csv,2,24,90,dw00;dw01;dw02;dw03;dw04;dw05;dw06;dw07;dw08,dw00;dw01;dw02;dw03;dw04;dw05;dw06;dw07;dw08,dw08,90,1,2026-08-30T08:19:53.198+0200,dw04,0F85,48,2361,17,-1090,2095,2.59,62316
ground-height-2m-20260828-133428,d024m_r090_run01.csv,2,24,90,dw00;dw01;dw02;dw03;dw04;dw05;dw06;dw07;dw08,dw00;dw01;dw02;dw03;dw04;dw05;dw06;dw07;dw08,dw08,165,1,2026-08-30T08:19:53.258+0200,dw08,028E,62,2370,141,709,2262,2.38,22247
ground-height-2m-20260828-133428,d024m_r090_run01.csv,2,24,90,dw00;dw01;dw02;dw03;dw04;dw05;dw06;dw07;dw08,dw00;dw01;dw02;dw03;dw04;dw05;dw06;dw07;dw08,dw08,90,1,2026-08-30T08:19:53.399+0200,dw04,0F85,49,2365,13,-1159,2061,2.59,62225
ground-height-2m-20260828-133428,d024m_r090_run01.csv,2,24,90,dw00;dw01;dw02;dw03;dw04;dw05;dw06;dw07;dw08,dw00;dw01;dw02;dw03;dw04;dw05;dw06;dw07;dw08,dw08,165,1,2026-08-30T08:19:53.458+0200,dw08,028E,63,2370,29,-930,2180,2.32,22277
ground-height-2m-20260828-133428,d024m_r090_run01.csv,2,24,90,dw00;dw01;dw02;dw03;dw04;dw05;dw06;dw07;dw08,dw00;dw01;dw02;dw03;dw04;dw05;dw06;dw07;dw08,dw08,165,1,2026-08-30T08:19:53.658+0200,dw08,028E,64,2373,-25,-1737,1616,2.32,22338
ground-height-2m-20260828-133428,d024m_r090_run01.csv,2,24,90,dw00;dw01;dw02;dw03;dw04;dw05;dw06;dw07;dw08,dw00;dw01;dw02;dw03;dw04;dw05;dw06;dw07;dw08,dw08,165,1,2026-08-30T08:19:53.859+0200,dw08,028E,65,2367,141,710,2258,2.20,22338
ground-height-2m-20260828-133428,d024m_r090_run01.csv,2,24,90,dw00;dw01;dw02;dw03;dw04;dw05;dw06;dw07;dw08,dw00;dw01;dw02;dw03;dw04;dw05;dw06;dw07;dw08,dw08,90,1,2026-08-30T08:19:54.029+0200,dw04,0F85,52,2365,3,-1306,1972,2.83,93719
ground-height-2m-20260828-133428,d024m_r090_run01.csv,2,24,90,dw00;dw01;dw02;dw03;dw04;dw05;dw06;dw07;dw08,dw00;dw01;dw02;dw03;dw04;dw05;dw06;dw07;dw08,dw08,165,1,2026-08-30T08:19:54.058+0200,dw08,028E,66,2374,0,-1363,1943,2.38,22247
ground-height-2m-20260828-133428,d024m_r090_run01.csv,2,24,90,dw00;dw01;dw02;dw03;dw04;dw05;dw06;dw07;dw08,dw00;dw01;dw02;dw03;dw04;dw05;dw06;dw07;dw08,dw08,90,1,2026-08-30T08:19:54.198+0200,dw04,0F85,53,2368,3,-1305,1975,2.71,62286
ground-height-2m-20260828-133428,d024m_r090_run01.csv,2,24,90,dw00;dw01;dw02;dw03;dw04;dw05;dw06;dw07;dw08,dw00;dw01;dw02;dw03;dw04;dw05;dw06;dw07;dw08,dw08,165,1,2026-08-30T08:19:54.258+0200,dw08,028E,67,2371,108,225,2360,2.38,22308
ground-height-2m-20260828-133428,d024m_r090_run01.csv,2,24,90,dw00;dw01;dw02;dw03;dw04;dw05;dw06;dw07;dw08,dw00;dw01;dw02;dw03;dw04;dw05;dw06;dw07;dw08,dw08,90,1,2026-08-30T08:19:54.399+0200,dw04,0F85,54,2364,19,-1064,2111,2.59,62316
ground-height-2m-20260828-133428,d024m_r090_run01.csv,2,24,90,dw00;dw01;dw02;dw03;dw04;dw05;dw06;dw07;dw08,dw00;dw01;dw02;dw03;dw04;dw05;dw06;dw07;dw08,dw08,165,1,2026-08-30T08:19:54.458+0200,dw08,028E,68,2374,133,590,2300,2.14,22308
ground-height-2m-20260828-133428,d024m_r090_run01.csv,2,24,90,dw00;dw01;dw02;dw03;dw04;dw05;dw06;dw07;dw08,dw00;dw01;dw02;dw03;dw04;dw05;dw06;dw07;dw08,dw08,90,1,2026-08-30T08:19:54.598+0200,dw04,0F85,55,2365,13,-1160,2061,2.59,62255
ground-height-2m-20260828-133428,d024m_r090_run01.csv,2,24,90,dw00;dw01;dw02;dw03;dw04;dw05;dw06;dw07;dw08,dw00;dw01;dw02;dw03;dw04;dw05;dw06;dw07;dw08,dw08,165,1,2026-08-30T08:19:54.658+0200,dw08,028E,69,2374,126,485,2323,2.44,22277
ground-height-2m-20260828-133428,d024m_r090_run01.csv,2,24,90,dw00;dw01;dw02;dw03;dw04;dw05;dw06;dw07;dw08,dw00;dw01;dw02;dw03;dw04;dw05;dw06;dw07;dw08,dw08,90,1,2026-08-30T08:19:54.798+0200,dw04,0F85,56,2367,6,-1257,2006,2.65,62255
ground-height-2m-20260828-133428,d024m_r090_run01.csv,2,24,90,dw00;dw01;dw02;dw03;dw04;dw05;dw06;dw07;dw08,dw00;dw01;dw02;dw03;dw04;dw05;dw06;dw07;dw08,dw08,165,1,2026-08-30T08:19:54.859+0200,dw08,028E,70,2371,56,-529,2311,2.38,22308
ground-height-2m-20260828-133428,d024m_r090_run01.csv,2,24,90,dw00;dw01;dw02;dw03;dw04;dw05;dw06;dw07;dw08,dw00;dw01;dw02;dw03;dw04;dw05;dw06;dw07;dw08,dw08,165,1,2026-08-30T08:19:55.058+0200,dw08,028E,71,2370,-7,-1467,1861,2.26,22308
ground-height-2m-20260828-133428,d024m_r090_run01.csv,2,24,90,dw00;dw01;dw02;dw03;dw04;dw05;dw06;dw07;dw08,dw00;dw01;dw02;dw03;dw04;dw05;dw06;dw07;dw08,dw08,90,1,2026-08-30T08:19:55.214+0200,dw04,0F85,58,2367,0,-1341,1951,2.83,78033
ground-height-2m-20260828-133428,d024m_r090_run01.csv,2,24,90,dw00;dw01;dw02;dw03;dw04;dw05;dw06;dw07;dw08,dw00;dw01;dw02;dw03;dw04;dw05;dw06;dw07;dw08,dw08,165,1,2026-08-30T08:19:55.258+0200,dw08,028E,72,2374,11,-1197,2050,2.26,22338
ground-height-2m-20260828-133428,d024m_r090_run01.csv,2,24,90,dw00;dw01;dw02;dw03;dw04;dw05;dw06;dw07;dw08,dw00;dw01;dw02;dw03;dw04;dw05;dw06;dw07;dw08,dw08,90,1,2026-08-30T08:19:55.397+0200,dw04,0F85,59,2363,10,-1204,2033,2.65,62286
ground-height-2m-20260828-133428,d024m_r090_run01.csv,2,24,90,dw00;dw01;dw02;dw03;dw04;dw05;dw06;dw07;dw08,dw00;dw01;dw02;dw03;dw04;dw05;dw06;dw07;dw08,dw08,165,1,2026-08-30T08:19:55.458+0200,dw08,028E,73,2372,-5,-1444,1881,2.38,22277
ground-height-2m-20260828-133428,d024m_r090_run01.csv,2,24,90,dw00;dw01;dw02;dw03;dw04;dw05;dw06;dw07;dw08,dw00;dw01;dw02;dw03;dw04;dw05;dw06;dw07;dw08,dw08,90,1,2026-08-30T08:19:55.598+0200,dw04,0F85,60,2364,-1,-1368,1927,2.71,62255
ground-height-2m-20260828-133428,d024m_r090_run01.csv,2,24,90,dw00;dw01;dw02;dw03;dw04;dw05;dw06;dw07;dw08,dw00;dw01;dw02;dw03;dw04;dw05;dw06;dw07;dw08,dw08,165,1,2026-08-30T08:19:55.658+0200,dw08,028E,74,2369,72,-292,2351,2.26,22277
ground-height-2m-20260828-133428,d024m_r090_run01.csv,2,24,90,dw00;dw01;dw02;dw03;dw04;dw05;dw06;dw07;dw08,dw00;dw01;dw02;dw03;dw04;dw05;dw06;dw07;dw08,dw08,165,1,2026-08-30T08:19:55.857+0200,dw08,028E,75,2371,46,-680,2271,2.50,22277
ground-height-2m-20260828-133428,d024m_r090_run01.csv,2,24,90,dw00;dw01;dw02;dw03;dw04;dw05;dw06;dw07;dw08,dw00;dw01;dw02;dw03;dw04;dw05;dw06;dw07;dw08,dw08,165,1,2026-08-30T08:19:56.057+0200,dw08,028E,76,2372,64,-421,2334,2.50,22308
ground-height-2m-20260828-133428,d024m_r090_run01.csv,2,24,90,dw00;dw01;dw02;dw03;dw04;dw05;dw06;dw07;dw08,dw00;dw01;dw02;dw03;dw04;dw05;dw06;dw07;dw08,dw08,165,1,2026-08-30T08:19:56.258+0200,dw08,028E,77,2373,41,-749,2251,2.32,22277
ground-height-2m-20260828-133428,d024m_r090_run01.csv,2,24,90,dw00;dw01;dw02;dw03;dw04;dw05;dw06;dw07;dw08,dw00;dw01;dw02;dw03;dw04;dw05;dw06;dw07;dw08,dw08,165,1,2026-08-30T08:19:56.458+0200,dw08,028E,78,2377,19,-1075,2120,2.32,22338
ground-height-2m-20260828-133428,d024m_r090_run01.csv,2,24,90,dw00;dw01;dw02;dw03;dw04;dw05;dw06;dw07;dw08,dw00;dw01;dw02;dw03;dw04;dw05;dw06;dw07;dw08,dw08,90,1,2026-08-30T08:19:56.613+0200,dw04,0F85,65,2364,5,-1266,1997,2.83,77941
ground-height-2m-20260828-133428,d024m_r090_run01.csv,2,24,90,dw00;dw01;dw02;dw03;dw04;dw05;dw06;dw07;dw08,dw00;dw01;dw02;dw03;dw04;dw05;dw06;dw07;dw08,dw08,165,1,2026-08-30T08:19:56.657+0200,dw08,028E,79,2372,27,-956,2171,2.38,22308
ground-height-2m-20260828-133428,d024m_r090_run01.csv,2,24,90,dw00;dw01;dw02;dw03;dw04;dw05;dw06;dw07;dw08,dw00;dw01;dw02;dw03;dw04;dw05;dw06;dw07;dw08,dw08,90,1,2026-08-30T08:19:56.798+0200,dw04,0F85,66,2367,10,-1208,2035,2.71,62286
ground-height-2m-20260828-133428,d024m_r090_run01.csv,2,24,90,dw00;dw01;dw02;dw03;dw04;dw05;dw06;dw07;dw08,dw00;dw01;dw02;dw03;dw04;dw05;dw06;dw07;dw08,dw08,165,1,2026-08-30T08:19:56.857+0200,dw08,028E,80,2368,20,-1051,2122,2.38,22308
ground-height-2m-20260828-133428,d024m_r090_run01.csv,2,24,90,dw00;dw01;dw02;dw03;dw04;dw05;dw06;dw07;dw08,dw00;dw01;dw02;dw03;dw04;dw05;dw06;dw07;dw08,dw08,90,1,2026-08-30T08:19:56.997+0200,dw04,0F85,67,2363,-6,-1446,1869,2.53,62255
ground-height-2m-20260828-133428,d024m_r090_run01.csv,2,24,90,dw00;dw01;dw02;dw03;dw04;dw05;dw06;dw07;dw08,dw00;dw01;dw02;dw03;dw04;dw05;dw06;dw07;dw08,dw08,165,1,2026-08-30T08:19:57.057+0200,dw08,028E,81,2376,46,-673,2279,2.32,22308
ground-height-2m-20260828-133428,d024m_r090_run01.csv,2,24,90,dw00;dw01;dw02;dw03;dw04;dw05;dw06;dw07;dw08,dw00;dw01;dw02;dw03;dw04;dw05;dw06;dw07;dw08,dw08,165,1,2026-08-30T08:19:57.472+0200,dw08,028E,83,2366,94,26,2366,2.53,37963
ground-height-2m-20260828-133428,d024m_r090_run01.csv,2,24,90,dw00;dw01;dw02;dw03;dw04;dw05;dw06;dw07;dw08,dw00;dw01;dw02;dw03;dw04;dw05;dw06;dw07;dw08,dw08,165,1,2026-08-30T08:19:57.873+0200,dw08,028E,85,2369,107,216,2359,2.38,38085
ground-height-2m-20260828-133428,d024m_r090_run01.csv,2,24,90,dw00;dw01;dw02;dw03;dw04;dw05;dw06;dw07;dw08,dw00;dw01;dw02;dw03;dw04;dw05;dw06;dw07;dw08,dw08,165,1,2026-08-30T08:19:58.057+0200,dw08,028E,86,2365,2,-1310,1968,2.32,22338
ground-height-2m-20260828-133428,d024m_r090_run01.csv,2,24,90,dw00;dw01;dw02;dw03;dw04;dw05;dw06;dw07;dw08,dw00;dw01;dw02;dw03;dw04;dw05;dw06;dw07;dw08,dw08,165,1,2026-08-30T08:19:58.256+0200,dw08,028E,87,2372,35,-831,2221,2.38,22308
ground-height-2m-20260828-133428,d024m_r090_run01.csv,2,24,90,dw00;dw01;dw02;dw03;dw04;dw05;dw06;dw07;dw08,dw00;dw01;dw02;dw03;dw04;dw05;dw06;dw07;dw08,dw08,165,1,2026-08-30T08:19:58.457+0200,dw08,028E,88,2369,48,-650,2278,2.32,22277
ground-height-2m-20260828-133428,d024m_r090_run01.csv,2,24,90,dw00;dw01;dw02;dw03;dw04;dw05;dw06;dw07;dw08,dw00;dw01;dw02;dw03;dw04;dw05;dw06;dw07;dw08,dw08,165,1,2026-08-30T08:19:58.657+0200,dw08,028E,89,2371,136,632,2285,2.38,22308
ground-height-2m-20260828-133428,d024m_r090_run01.csv,2,24,90,dw00;dw01;dw02;dw03;dw04;dw05;dw06;dw07;dw08,dw00;dw01;dw02;dw03;dw04;dw05;dw06;dw07;dw08,dw08,165,1,2026-08-30T08:19:58.857+0200,dw08,028E,90,2373,-177,1305,1981,2.38,22308
ground-height-2m-20260828-133428,d024m_r090_run01.csv,2,24,90,dw00;dw01;dw02;dw03;dw04;dw05;dw06;dw07;dw08,dw00;dw01;dw02;dw03;dw04;dw05;dw06;dw07;dw08,dw08,165,1,2026-08-30T08:19:59.056+0200,dw08,028E,91,2372,13,-1156,2071,2.38,22277
ground-height-2m-20260828-133428,d024m_r090_run01.csv,2,24,90,dw00;dw01;dw02;dw03;dw04;dw05;dw06;dw07;dw08,dw00;dw01;dw02;dw03;dw04;dw05;dw06;dw07;dw08,dw08,165,1,2026-08-30T08:19:59.256+0200,dw08,028E,92,2374,19,-1073,2118,2.50,22308
ground-height-2m-20260828-133428,d024m_r090_run01.csv,2,24,90,dw00;dw01;dw02;dw03;dw04;dw05;dw06;dw07;dw08,dw00;dw01;dw02;dw03;dw04;dw05;dw06;dw07;dw08,dw08,165,1,2026-08-30T08:19:59.457+0200,dw08,028E,93,2375,44,-709,2267,2.38,22308
ground-height-2m-20260828-133428,d024m_r090_run01.csv,2,24,90,dw00;dw01;dw02;dw03;dw04;dw05;dw06;dw07;dw08,dw00;dw01;dw02;dw03;dw04;dw05;dw06;dw07;dw08,dw08,165,1,2026-08-30T08:19:59.657+0200,dw08,028E,94,2370,34,-854,2211,2.32,22277
ground-height-2m-20260828-133428,d024m_r090_run01.csv,2,24,90,dw00;dw01;dw02;dw03;dw04;dw05;dw06;dw07;dw08,dw00;dw01;dw02;dw03;dw04;dw05;dw06;dw07;dw08,dw08,165,1,2026-08-30T08:19:59.856+0200,dw08,028E,95,2372,14,-1142,2079,2.32,22308
ground-height-2m-20260828-133428,d024m_r090_run01.csv,2,24,90,dw00;dw01;dw02;dw03;dw04;dw05;dw06;dw07;dw08,dw00;dw01;dw02;dw03;dw04;dw05;dw06;dw07;dw08,dw08,165,1,2026-08-30T08:20:00.056+0200,dw08,028E,96,2374,124,467,2328,2.26,22308
ground-height-2m-20260828-133428,d024m_r090_run01.csv,2,24,90,dw00;dw01;dw02;dw03;dw04;dw05;dw06;dw07;dw08,dw00;dw01;dw02;dw03;dw04;dw05;dw06;dw07;dw08,dw08,165,1,2026-08-30T08:20:00.256+0200,dw08,028E,97,2370,74,-265,2355,2.38,22277
ground-height-2m-20260828-133428,d024m_r090_run01.csv,2,24,90,dw00;dw01;dw02;dw03;dw04;dw05;dw06;dw07;dw08,dw00;dw01;dw02;dw03;dw04;dw05;dw06;dw07;dw08,dw08,165,1,2026-08-30T08:20:00.457+0200,dw08,028E,98,2374,42,-742,2254,2.38,22308
ground-height-2m-20260828-133428,d024m_r090_run01.csv,2,24,90,dw00;dw01;dw02;dw03;dw04;dw05;dw06;dw07;dw08,dw00;dw01;dw02;dw03;dw04;dw05;dw06;dw07;dw08,dw08,165,1,2026-08-30T08:20:00.656+0200,dw08,028E,99,2374,42,-742,2255,2.38,22277
ground-height-2m-20260828-133428,d024m_r090_run01.csv,2,24,90,dw00;dw01;dw02;dw03;dw04;dw05;dw06;dw07;dw08,dw00;dw01;dw02;dw03;dw04;dw05;dw06;dw07;dw08,dw08,165,1,2026-08-30T08:20:00.856+0200,dw08,028E,100,2368,62,-444,2326,2.32,22308
ground-height-2m-20260828-133428,d024m_r090_run01.csv,2,24,90,dw00;dw01;dw02;dw03;dw04;dw05;dw06;dw07;dw08,dw00;dw01;dw02;dw03;dw04;dw05;dw06;dw07;dw08,dw08,165,1,2026-08-30T08:20:01.056+0200,dw08,028E,101,2374,56,-525,2315,2.38,22277
ground-height-2m-20260828-133428,d024m_r090_run01.csv,2,24,90,dw00;dw01;dw02;dw03;dw04;dw05;dw06;dw07;dw08,dw00;dw01;dw02;dw03;dw04;dw05;dw06;dw07;dw08,dw08,165,1,2026-08-30T08:20:01.256+0200,dw08,028E,102,2371,44,-702,2264,2.38,22308
ground-height-2m-20260828-133428,d024m_r090_run01.csv,2,24,90,dw00;dw01;dw02;dw03;dw04;dw05;dw06;dw07;dw08,dw00;dw01;dw02;dw03;dw04;dw05;dw06;dw07;dw08,dw08,165,1,2026-08-30T08:20:01.455+0200,dw08,028E,103,2372,-9,-1489,1846,2.32,22277
ground-height-2m-20260828-133428,d024m_r090_run01.csv,2,24,90,dw00;dw01;dw02;dw03;dw04;dw05;dw06;dw07;dw08,dw00;dw01;dw02;dw03;dw04;dw05;dw06;dw07;dw08,dw08,165,1,2026-08-30T08:20:01.655+0200,dw08,028E,104,2377,-16,-1601,1757,2.50,22308
ground-height-2m-20260828-133428,d024m_r090_run01.csv,2,24,90,dw00;dw01;dw02;dw03;dw04;dw05;dw06;dw07;dw08,dw00;dw01;dw02;dw03;dw04;dw05;dw06;dw07;dw08,dw08,165,1,2026-08-30T08:20:01.856+0200,dw08,028E,105,2372,52,-591,2297,2.32,22277
ground-height-2m-20260828-133428,d024m_r090_run01.csv,2,24,90,dw00;dw01;dw02;dw03;dw04;dw05;dw06;dw07;dw08,dw00;dw01;dw02;dw03;dw04;dw05;dw06;dw07;dw08,dw08,165,1,2026-08-30T08:20:02.056+0200,dw08,028E,106,2369,48,-646,2279,2.38,22308
ground-height-2m-20260828-133428,d024m_r090_run01.csv,2,24,90,dw00;dw01;dw02;dw03;dw04;dw05;dw06;dw07;dw08,dw00;dw01;dw02;dw03;dw04;dw05;dw06;dw07;dw08,dw08,165,1,2026-08-30T08:20:02.255+0200,dw08,028E,107,2369,-162,1525,1813,2.44,22338
ground-height-2m-20260828-133428,d024m_r090_run01.csv,2,24,90,dw00;dw01;dw02;dw03;dw04;dw05;dw06;dw07;dw08,dw00;dw01;dw02;dw03;dw04;dw05;dw06;dw07;dw08,dw08,90,1,2026-08-30T08:20:02.309+0200,dw04,0F85,1,2365,-143,1806,1526,-4.32,75531
ground-height-2m-20260828-133428,d024m_r090_run01.csv,2,24,90,dw00;dw01;dw02;dw03;dw04;dw05;dw06;dw07;dw08,dw00;dw01;dw02;dw03;dw04;dw05;dw06;dw07;dw08,dw08,165,1,2026-08-30T08:20:02.455+0200,dw08,028E,108,2369,-2,-1397,1914,2.38,22277
ground-height-2m-20260828-133428,d024m_r090_run01.csv,2,24,90,dw00;dw01;dw02;dw03;dw04;dw05;dw06;dw07;dw08,dw00;dw01;dw02;dw03;dw04;dw05;dw06;dw07;dw08,dw08,90,1,2026-08-30T08:20:02.495+0200,dw04,0F85,2,2364,6,-1265,1997,1.13,62316
ground-height-2m-20260828-133428,d024m_r090_run01.csv,2,24,90,dw00;dw01;dw02;dw03;dw04;dw05;dw06;dw07;dw08,dw00;dw01;dw02;dw03;dw04;dw05;dw06;dw07;dw08,dw08,90,1,2026-08-30T08:20:02.911+0200,dw04,0F85,4,2360,-1,-1374,1919,2.95,78002
ground-height-2m-20260828-133428,d024m_r090_run01.csv,2,24,90,dw00;dw01;dw02;dw03;dw04;dw05;dw06;dw07;dw08,dw00;dw01;dw02;dw03;dw04;dw05;dw06;dw07;dw08,dw08,165,1,2026-08-30T08:20:03.055+0200,dw08,028E,111,2367,27,-949,2168,2.32,22369
ground-height-2m-20260828-133428,d024m_r090_run01.csv,2,24,90,dw00;dw01;dw02;dw03;dw04;dw05;dw06;dw07;dw08,dw00;dw01;dw02;dw03;dw04;dw05;dw06;dw07;dw08,dw08,165,1,2026-08-30T08:20:03.255+0200,dw08,028E,112,2374,-73,-2374,0,2.26,22308
ground-height-2m-20260828-133428,d024m_r090_run01.csv,2,24,90,dw00;dw01;dw02;dw03;dw04;dw05;dw06;dw07;dw08,dw00;dw01;dw02;dw03;dw04;dw05;dw06;dw07;dw08,dw08,165,1,2026-08-30T08:20:03.671+0200,dw08,028E,114,2377,100,115,2374,2.44,37994
ground-height-2m-20260828-133428,d024m_r090_run01.csv,2,24,90,dw00;dw01;dw02;dw03;dw04;dw05;dw06;dw07;dw08,dw00;dw01;dw02;dw03;dw04;dw05;dw06;dw07;dw08,dw08,165,1,2026-08-30T08:20:03.854+0200,dw08,028E,115,2368,47,-660,2274,2.32,22369
ground-height-2m-20260828-133428,d024m_r090_run01.csv,2,24,90,dw00;dw01;dw02;dw03;dw04;dw05;dw06;dw07;dw08,dw00;dw01;dw02;dw03;dw04;dw05;dw06;dw07;dw08,dw08,165,1,2026-08-30T08:20:04.055+0200,dw08,028E,116,2372,60,-473,2324,2.38,22277
ground-height-2m-20260828-133428,d024m_r090_run01.csv,2,24,90,dw00;dw01;dw02;dw03;dw04;dw05;dw06;dw07;dw08,dw00;dw01;dw02;dw03;dw04;dw05;dw06;dw07;dw08,dw08,165,1,2026-08-30T08:20:04.255+0200,dw08,028E,117,2370,25,-988,2154,2.38,22277
ground-height-2m-20260828-133428,d024m_r090_run01.csv,2,24,90,dw00;dw01;dw02;dw03;dw04;dw05;dw06;dw07;dw08,dw00;dw01;dw02;dw03;dw04;dw05;dw06;dw07;dw08,dw08,165,1,2026-08-30T08:20:04.455+0200,dw08,028E,118,2369,48,-651,2277,2.32,22308
ground-height-2m-20260828-133428,d024m_r090_run01.csv,2,24,90,dw00;dw01;dw02;dw03;dw04;dw05;dw06;dw07;dw08,dw00;dw01;dw02;dw03;dw04;dw05;dw06;dw07;dw08,dw08,165,1,2026-08-30T08:20:04.870+0200,dw08,028E,120,2369,81,-162,2364,2.38,37963
ground-height-2m-20260828-133428,d024m_r090_run01.csv,2,24,90,dw00;dw01;dw02;dw03;dw04;dw05;dw06;dw07;dw08,dw00;dw01;dw02;dw03;dw04;dw05;dw06;dw07;dw08,dw08,165,1,2026-08-30T08:20:05.270+0200,dw08,028E,122,2371,54,-561,2304,2.44,37994
ground-height-2m-20260828-133428,d024m_r090_run01.csv,2,24,90,dw00;dw01;dw02;dw03;dw04;dw05;dw06;dw07;dw08,dw00;dw01;dw02;dw03;dw04;dw05;dw06;dw07;dw08,dw08,90,1,2026-08-30T08:20:05.424+0200,dw04,0F85,2,2363,6,-1256,2001,-4.32,91308
ground-height-2m-20260828-133428,d024m_r090_run01.csv,2,24,90,dw00;dw01;dw02;dw03;dw04;dw05;dw06;dw07;dw08,dw00;dw01;dw02;dw03;dw04;dw05;dw06;dw07;dw08,dw08,165,1,2026-08-30T08:20:05.454+0200,dw08,028E,123,2370,-173,1359,1942,2.20,22369
ground-height-2m-20260828-133428,d024m_r090_run01.csv,2,24,90,dw00;dw01;dw02;dw03;dw04;dw05;dw06;dw07;dw08,dw00;dw01;dw02;dw03;dw04;dw05;dw06;dw07;dw08,dw08,90,1,2026-08-30T08:20:05.594+0200,dw04,0F85,3,2362,13,-1151,2062,1.19,62286
ground-height-2m-20260828-133428,d024m_r090_run01.csv,2,24,90,dw00;dw01;dw02;dw03;dw04;dw05;dw06;dw07;dw08,dw00;dw01;dw02;dw03;dw04;dw05;dw06;dw07;dw08,dw08,165,1,2026-08-30T08:20:05.654+0200,dw08,028E,124,2371,38,-792,2235,2.38,22277
ground-height-2m-20260828-133428,d024m_r090_run01.csv,2,24,90,dw00;dw01;dw02;dw03;dw04;dw05;dw06;dw07;dw08,dw00;dw01;dw02;dw03;dw04;dw05;dw06;dw07;dw08,dw08,165,1,2026-08-30T08:20:05.854+0200,dw08,028E,125,2370,1,-1328,1963,2.26,22308
ground-height-2m-20260828-133428,d024m_r090_run01.csv,2,24,90,dw00;dw01;dw02;dw03;dw04;dw05;dw06;dw07;dw08,dw00;dw01;dw02;dw03;dw04;dw05;dw06;dw07;dw08,dw08,90,1,2026-08-30T08:20:06.225+0200,dw04,0F85,6,2366,0,-1367,1930,2.71,93750
ground-height-2m-20260828-133428,d024m_r090_run01.csv,2,24,90,dw00;dw01;dw02;dw03;dw04;dw05;dw06;dw07;dw08,dw00;dw01;dw02;dw03;dw04;dw05;dw06;dw07;dw08,dw08,165,1,2026-08-30T08:20:06.269+0200,dw08,028E,127,2365,69,-347,2339,2.38,37963
ground-height-2m-20260828-133428,d024m_r090_run01.csv,2,24,90,dw00;dw01;dw02;dw03;dw04;dw05;dw06;dw07;dw08,dw00;dw01;dw02;dw03;dw04;dw05;dw06;dw07;dw08,dw08,90,1,2026-08-30T08:20:06.394+0200,dw04,0F85,7,2370,2,-1314,1973,2.71,62255
ground-height-2m-20260828-133428,d024m_r090_run01.csv,2,24,90,dw00;dw01;dw02;dw03;dw04;dw05;dw06;dw07;dw08,dw00;dw01;dw02;dw03;dw04;dw05;dw06;dw07;dw08,dw08,165,1,2026-08-30T08:20:06.454+0200,dw08,028E,128,2367,70,-329,2343,2.38,22369
ground-height-2m-20260828-133428,d024m_r090_run01.csv,2,24,90,dw00;dw01;dw02;dw03;dw04;dw05;dw06;dw07;dw08,dw00;dw01;dw02;dw03;dw04;dw05;dw06;dw07;dw08,dw08,90,1,2026-08-30T08:20:06.593+0200,dw04,0F85,8,2364,4,-1287,1982,2.53,62255
ground-height-2m-20260828-133428,d024m_r090_run01.csv,2,24,90,dw00;dw01;dw02;dw03;dw04;dw05;dw06;dw07;dw08,dw00;dw01;dw02;dw03;dw04;dw05;dw06;dw07;dw08,dw08,165,1,2026-08-30T08:20:06.654+0200,dw08,028E,129,2374,31,-893,2199,2.38,22308
ground-height-2m-20260828-133428,d024m_r090_run01.csv,2,24,90,dw00;dw01;dw02;dw03;dw04;dw05;dw06;dw07;dw08,dw00;dw01;dw02;dw03;dw04;dw05;dw06;dw07;dw08,dw08,90,1,2026-08-30T08:20:06.793+0200,dw04,0F85,9,2361,0,-1340,1943,2.53,62286
ground-height-2m-20260828-133428,d024m_r090_run01.csv,2,24,90,dw00;dw01;dw02;dw03;dw04;dw05;dw06;dw07;dw08,dw00;dw01;dw02;dw03;dw04;dw05;dw06;dw07;dw08,dw08,165,1,2026-08-30T08:20:06.854+0200,dw08,028E,130,2371,31,-892,2196,2.38,22277
ground-height-2m-20260828-133428,d024m_r090_run01.csv,2,24,90,dw00;dw01;dw02;dw03;dw04;dw05;dw06;dw07;dw08,dw00;dw01;dw02;dw03;dw04;dw05;dw06;dw07;dw08,dw08,90,1,2026-08-30T08:20:06.994+0200,dw04,0F85,10,2364,24,-995,2144,2.59,62255
ground-height-2m-20260828-133428,d024m_r090_run01.csv,2,24,90,dw00;dw01;dw02;dw03;dw04;dw05;dw06;dw07;dw08,dw00;dw01;dw02;dw03;dw04;dw05;dw06;dw07;dw08,dw08,90,1,2026-08-30T08:20:07.194+0200,dw04,0F85,11,2365,9,-1221,2025,2.53,62286
ground-height-2m-20260828-133428,d024m_r090_run01.csv,2,24,90,dw00;dw01;dw02;dw03;dw04;dw05;dw06;dw07;dw08,dw00;dw01;dw02;dw03;dw04;dw05;dw06;dw07;dw08,dw08,90,1,2026-08-30T08:20:07.393+0200,dw04,0F85,12,2364,3,-1295,1977,2.59,62255
ground-height-2m-20260828-133428,d024m_r090_run01.csv,2,24,90,dw00;dw01;dw02;dw03;dw04;dw05;dw06;dw07;dw08,dw00;dw01;dw02;dw03;dw04;dw05;dw06;dw07;dw08,dw08,90,1,2026-08-30T08:20:08.025+0200,dw04,0F85,15,2363,-20,-1644,1697,2.77,93750
ground-height-2m-20260828-133428,d024m_r090_run01.csv,2,24,90,dw00;dw01;dw02;dw03;dw04;dw05;dw06;dw07;dw08,dw00;dw01;dw02;dw03;dw04;dw05;dw06;dw07;dw08,dw08,90,1,2026-08-30T08:20:08.193+0200,dw04,0F85,16,2367,-4,-1421,1892,2.77,62255
ground-height-2m-20260828-133428,d024m_r090_run01.csv,2,24,90,dw00;dw01;dw02;dw03;dw04;dw05;dw06;dw07;dw08,dw00;dw01;dw02;dw03;dw04;dw05;dw06;dw07;dw08,dw08,90,1,2026-08-30T08:20:08.393+0200,dw04,0F85,17,2364,5,-1277,1989,2.59,62255
ground-height-2m-20260828-133428,d024m_r090_run01.csv,2,24,90,dw00;dw01;dw02;dw03;dw04;dw05;dw06;dw07;dw08,dw00;dw01;dw02;dw03;dw04;dw05;dw06;dw07;dw08,dw08,90,1,2026-08-30T08:20:08.809+0200,dw04,0F85,19,2362,-12,-1535,1795,2.83,78002
ground-height-2m-20260828-133428,d024m_r090_run01.csv,2,24,90,dw00;dw01;dw02;dw03;dw04;dw05;dw06;dw07;dw08,dw00;dw01;dw02;dw03;dw04;dw05;dw06;dw07;dw08,dw08,90,1,2026-08-30T08:20:09.823+0200,dw04,0F85,24,2365,1,-1334,1953,2.83,93658
ground-height-2m-20260828-133428,d024m_r090_run01.csv,2,24,90,dw00;dw01;dw02;dw03;dw04;dw05;dw06;dw07;dw08,dw00;dw01;dw02;dw03;dw04;dw05;dw06;dw07;dw08,dw08,90,1,2026-08-30T08:20:09.992+0200,dw04,0F85,25,2363,15,-1126,2077,2.65,62286
ground-height-2m-20260828-133428,d024m_r090_run01.csv,2,24,90,dw00;dw01;dw02;dw03;dw04;dw05;dw06;dw07;dw08,dw00;dw01;dw02;dw03;dw04;dw05;dw06;dw07;dw08,dw08,90,1,2026-08-30T08:20:10.192+0200,dw04,0F85,26,2367,-13,-1554,1785,2.53,62255
ground-height-2m-20260828-133428,d024m_r090_run01.csv,2,24,90,dw00;dw01;dw02;dw03;dw04;dw05;dw06;dw07;dw08,dw00;dw01;dw02;dw03;dw04;dw05;dw06;dw07;dw08,dw08,90,1,2026-08-30T08:20:10.592+0200,dw04,0F85,28,2362,-2,-1382,1916,2.65,62255
ground-height-2m-20260828-133428,d024m_r090_run01.csv,2,24,90,dw00;dw01;dw02;dw03;dw04;dw05;dw06;dw07;dw08,dw00;dw01;dw02;dw03;dw04;dw05;dw06;dw07;dw08,dw08,90,1,2026-08-30T08:20:10.792+0200,dw04,0F85,29,2359,1,-1321,1954,2.53,62255
ground-height-2m-20260828-133428,d024m_r090_run01.csv,2,24,90,dw00;dw01;dw02;dw03;dw04;dw05;dw06;dw07;dw08,dw00;dw01;dw02;dw03;dw04;dw05;dw06;dw07;dw08,dw08,165,1,2026-08-30T08:20:11.281+0200,dw08,028E,2,2377,-132,1962,1341,-10.66,51239
ground-height-2m-20260828-133428,d024m_r090_run01.csv,2,24,90,dw00;dw01;dw02;dw03;dw04;dw05;dw06;dw07;dw08,dw00;dw01;dw02;dw03;dw04;dw05;dw06;dw07;dw08,dw08,90,1,2026-08-30T08:20:13.420+0200,dw04,0F85,2,2367,-9,-1494,1835,-4.20,91217
ground-height-2m-20260828-133428,d024m_r090_run01.csv,2,24,90,dw00;dw01;dw02;dw03;dw04;dw05;dw06;dw07;dw08,dw00;dw01;dw02;dw03;dw04;dw05;dw06;dw07;dw08,dw08,90,1,2026-08-30T08:20:13.591+0200,dw04,0F85,3,2371,3,-1303,1981,1.31,62286
ground-height-2m-20260828-133428,d024m_r090_run01.csv,2,24,90,dw00;dw01;dw02;dw03;dw04;dw05;dw06;dw07;dw08,dw00;dw01;dw02;dw03;dw04;dw05;dw06;dw07;dw08,dw08,90,1,2026-08-30T08:20:14.422+0200,dw04,0F85,7,2364,7,-1238,2014,2.95,93719
ground-height-2m-20260828-133428,d024m_r090_run01.csv,2,24,90,dw00;dw01;dw02;dw03;dw04;dw05;dw06;dw07;dw08,dw00;dw01;dw02;dw03;dw04;dw05;dw06;dw07;dw08,dw08,90,1,2026-08-30T08:20:14.590+0200,dw04,0F85,8,2364,13,-1149,2066,2.71,62255
ground-height-2m-20260828-133428,d024m_r090_run01.csv,2,24,90,dw00;dw01;dw02;dw03;dw04;dw05;dw06;dw07;dw08,dw00;dw01;dw02;dw03;dw04;dw05;dw06;dw07;dw08,dw08,90,1,2026-08-30T08:20:15.222+0200,dw04,0F85,11,2361,8,-1225,2018,2.77,93719
ground-height-2m-20260828-133428,d024m_r090_run01.csv,2,24,90,dw00;dw01;dw02;dw03;dw04;dw05;dw06;dw07;dw08,dw00;dw01;dw02;dw03;dw04;dw05;dw06;dw07;dw08,dw08,90,1,2026-08-30T08:20:15.806+0200,dw04,0F85,14,2365,27,-955,2163,2.83,77972
ground-height-2m-20260828-133428,d024m_r090_run01.csv,2,24,90,dw00;dw01;dw02;dw03;dw04;dw05;dw06;dw07;dw08,dw00;dw01;dw02;dw03;dw04;dw05;dw06;dw07;dw08,dw08,90,1,2026-08-30T08:20:15.991+0200,dw04,0F85,15,2364,8,-1233,2016,2.83,62286
ground-height-2m-20260828-133428,d024m_r090_run01.csv,2,24,90,dw00;dw01;dw02;dw03;dw04;dw05;dw06;dw07;dw08,dw00;dw01;dw02;dw03;dw04;dw05;dw06;dw07;dw08,dw08,90,1,2026-08-30T08:20:16.190+0200,dw04,0F85,16,2362,0,-1351,1937,2.65,62255
ground-height-2m-20260828-133428,d024m_r090_run01.csv,2,24,90,dw00;dw01;dw02;dw03;dw04;dw05;dw06;dw07;dw08,dw00;dw01;dw02;dw03;dw04;dw05;dw06;dw07;dw08,dw08,90,1,2026-08-30T08:20:16.390+0200,dw04,0F85,17,2365,6,-1261,2000,2.71,62255
ground-height-2m-20260828-133428,d024m_r090_run01.csv,2,24,90,dw00;dw01;dw02;dw03;dw04;dw05;dw06;dw07;dw08,dw00;dw01;dw02;dw03;dw04;dw05;dw06;dw07;dw08,dw08,90,1,2026-08-30T08:20:16.590+0200,dw04,0F85,18,2364,-9,-1489,1836,2.71,62286
ground-height-2m-20260828-133428,d024m_r090_run01.csv,2,24,90,dw00;dw01;dw02;dw03;dw04;dw05;dw06;dw07;dw08,dw00;dw01;dw02;dw03;dw04;dw05;dw06;dw07;dw08,dw08,90,1,2026-08-30T08:20:16.790+0200,dw04,0F85,19,2365,14,-1147,2068,2.71,62316
ground-height-2m-20260828-133428,d024m_r090_run01.csv,2,24,90,dw00;dw01;dw02;dw03;dw04;dw05;dw06;dw07;dw08,dw00;dw01;dw02;dw03;dw04;dw05;dw06;dw07;dw08,dw08,90,1,2026-08-30T08:20:16.989+0200,dw04,0F85,20,2366,13,-1157,2063,2.71,62255
ground-height-2m-20260828-133428,d024m_r090_run01.csv,2,24,90,dw00;dw01;dw02;dw03;dw04;dw05;dw06;dw07;dw08,dw00;dw01;dw02;dw03;dw04;dw05;dw06;dw07;dw08,dw08,90,1,2026-08-30T08:20:17.190+0200,dw04,0F85,21,2365,8,-1232,2019,2.71,62255
ground-height-2m-20260828-133428,d024m_r090_run01.csv,2,24,90,dw00;dw01;dw02;dw03;dw04;dw05;dw06;dw07;dw08,dw00;dw01;dw02;dw03;dw04;dw05;dw06;dw07;dw08,dw08,90,1,2026-08-30T08:20:17.390+0200,dw04,0F85,22,2367,11,-1185,2048,2.71,62255
ground-height-2m-20260828-133428,d024m_r090_run01.csv,2,24,90,dw00;dw01;dw02;dw03;dw04;dw05;dw06;dw07;dw08,dw00;dw01;dw02;dw03;dw04;dw05;dw06;dw07;dw08,dw08,90,1,2026-08-30T08:20:17.590+0200,dw04,0F85,23,2364,0,-1356,1936,2.71,62255
ground-height-2m-20260828-133428,d024m_r090_run01.csv,2,24,90,dw00;dw01;dw02;dw03;dw04;dw05;dw06;dw07;dw08,dw00;dw01;dw02;dw03;dw04;dw05;dw06;dw07;dw08,dw08,90,1,2026-08-30T08:20:17.789+0200,dw04,0F85,24,2365,3,-1297,1977,2.59,62255
ground-height-2m-20260828-133428,d024m_r090_run01.csv,2,24,90,dw00;dw01;dw02;dw03;dw04;dw05;dw06;dw07;dw08,dw00;dw01;dw02;dw03;dw04;dw05;dw06;dw07;dw08,dw08,90,1,2026-08-30T08:20:18.205+0200,dw04,0F85,26,2367,5,-1273,1995,2.77,77972
ground-height-2m-20260828-133428,d024m_r090_run01.csv,2,24,90,dw00;dw01;dw02;dw03;dw04;dw05;dw06;dw07;dw08,dw00;dw01;dw02;dw03;dw04;dw05;dw06;dw07;dw08,dw08,90,1,2026-08-30T08:20:21.033+0200,dw04,0F85,3,2362,7,-1240,2011,-4.14,6958
ground-height-2m-20260828-133428,d024m_r090_run01.csv,2,24,90,dw00;dw01;dw02;dw03;dw04;dw05;dw06;dw07;dw08,dw00;dw01;dw02;dw03;dw04;dw05;dw06;dw07;dw08,dw08,90,1,2026-08-30T08:20:21.289+0200,dw04,0F85,4,2365,5,-1276,1991,1.13,62316
ground-height-2m-20260828-133428,d024m_r090_run01.csv,2,24,90,dw00;dw01;dw02;dw03;dw04;dw05;dw06;dw07;dw08,dw00;dw01;dw02;dw03;dw04;dw05;dw06;dw07;dw08,dw08,90,1,2026-08-30T08:20:21.704+0200,dw04,0F85,6,2363,0,-1357,1934,2.95,78002
ground-height-2m-20260828-133428,d024m_r090_run01.csv,2,24,90,dw00;dw01;dw02;dw03;dw04;dw05;dw06;dw07;dw08,dw00;dw01;dw02;dw03;dw04;dw05;dw06;dw07;dw08,dw08,90,1,2026-08-30T08:20:21.888+0200,dw04,0F85,7,2367,-6,-1447,1872,2.77,62316
ground-height-2m-20260828-133428,d024m_r090_run01.csv,2,24,90,dw00;dw01;dw02;dw03;dw04;dw05;dw06;dw07;dw08,dw00;dw01;dw02;dw03;dw04;dw05;dw06;dw07;dw08,dw08,90,1,2026-08-30T08:20:22.087+0200,dw04,0F85,8,2365,4,-1285,1985,2.71,62255
ground-height-2m-20260828-133428,d024m_r090_run01.csv,2,24,90,dw00;dw01;dw02;dw03;dw04;dw05;dw06;dw07;dw08,dw00;dw01;dw02;dw03;dw04;dw05;dw06;dw07;dw08,dw08,90,1,2026-08-30T08:20:25.500+0200,dw04,0F85,1,2363,2,-1310,1967,-4.20,75561
ground-height-2m-20260828-133428,d024m_r090_run01.csv,2,24,90,dw00;dw01;dw02;dw03;dw04;dw05;dw06;dw07;dw08,dw00;dw01;dw02;dw03;dw04;dw05;dw06;dw07;dw08,dw08,90,1,2026-08-30T08:20:25.687+0200,dw04,0F85,2,2365,10,-1205,2035,1.25,62255
ground-height-2m-20260828-133428,d024m_r090_run01.csv,2,24,90,dw00;dw01;dw02;dw03;dw04;dw05;dw06;dw07;dw08,dw00;dw01;dw02;dw03;dw04;dw05;dw06;dw07;dw08,dw08,90,1,2026-08-30T08:20:26.087+0200,dw04,0F85,4,2363,-4,-1415,1893,2.53,62286
ground-height-2m-20260828-133428,d024m_r090_run01.csv,2,24,90,dw00;dw01;dw02;dw03;dw04;dw05;dw06;dw07;dw08,dw00;dw01;dw02;dw03;dw04;dw05;dw06;dw07;dw08,dw08,90,1,2026-08-30T08:20:26.286+0200,dw04,0F85,5,2367,1,-1338,1952,2.83,62255
ground-height-2m-20260828-133428,d024m_r090_run01.csv,2,24,90,dw00;dw01;dw02;dw03;dw04;dw05;dw06;dw07;dw08,dw00;dw01;dw02;dw03;dw04;dw05;dw06;dw07;dw08,dw08,90,1,2026-08-30T08:20:26.486+0200,dw04,0F85,6,2364,3,-1296,1977,2.65,62255
ground-height-2m-20260828-133428,d024m_r090_run01.csv,2,24,90,dw00;dw01;dw02;dw03;dw04;dw05;dw06;dw07;dw08,dw00;dw01;dw02;dw03;dw04;dw05;dw06;dw07;dw08,dw08,90,1,2026-08-30T08:20:26.902+0200,dw04,0F85,8,2364,-35,-1869,1447,2.95,77972
ground-height-2m-20260828-133428,d024m_r090_run01.csv,2,24,90,dw00;dw01;dw02;dw03;dw04;dw05;dw06;dw07;dw08,dw00;dw01;dw02;dw03;dw04;dw05;dw06;dw07;dw08,dw08,90,1,2026-08-30T08:20:27.086+0200,dw04,0F85,9,2364,6,-1265,1997,2.71,62316
ground-height-2m-20260828-133428,d024m_r090_run01.csv,2,24,90,dw00;dw01;dw02;dw03;dw04;dw05;dw06;dw07;dw08,dw00;dw01;dw02;dw03;dw04;dw05;dw06;dw07;dw08,dw08,90,1,2026-08-30T08:20:27.486+0200,dw04,0F85,11,2368,4,-1296,1982,2.59,62286
ground-height-2m-20260828-133428,d024m_r090_run01.csv,2,24,90,dw00;dw01;dw02;dw03;dw04;dw05;dw06;dw07;dw08,dw00;dw01;dw02;dw03;dw04;dw05;dw06;dw07;dw08,dw08,90,1,2026-08-30T08:20:27.685+0200,dw04,0F85,12,2365,-5,-1427,1886,2.59,62225
ground-height-2m-20260828-133428,d024m_r090_run01.csv,2,24,90,dw00;dw01;dw02;dw03;dw04;dw05;dw06;dw07;dw08,dw00;dw01;dw02;dw03;dw04;dw05;dw06;dw07;dw08,dw08,90,1,2026-08-30T08:20:27.886+0200,dw04,0F85,13,2366,11,-1182,2049,2.65,62286
ground-height-2m-20260828-133428,d024m_r090_run01.csv,2,24,90,dw00;dw01;dw02;dw03;dw04;dw05;dw06;dw07;dw08,dw00;dw01;dw02;dw03;dw04;dw05;dw06;dw07;dw08,dw08,90,1,2026-08-30T08:20:28.086+0200,dw04,0F85,14,2363,3,-1308,1968,2.53,62255
ground-height-2m-20260828-133428,d024m_r090_run01.csv,2,24,90,dw00;dw01;dw02;dw03;dw04;dw05;dw06;dw07;dw08,dw00;dw01;dw02;dw03;dw04;dw05;dw06;dw07;dw08,dw08,90,1,2026-08-30T08:20:33.884+0200,dw04,0F85,4,2367,-10,-1500,1830,1.19,62316
ground-height-2m-20260828-133428,d024m_r090_run01.csv,2,24,90,dw00;dw01;dw02;dw03;dw04;dw05;dw06;dw07;dw08,dw00;dw01;dw02;dw03;dw04;dw05;dw06;dw07;dw08,dw08,90,1,2026-08-30T08:20:34.084+0200,dw04,0F85,5,2366,20,-1061,2115,2.83,62286
ground-height-2m-20260828-133428,d024m_r090_run01.csv,2,24,90,dw00;dw01;dw02;dw03;dw04;dw05;dw06;dw07;dw08,dw00;dw01;dw02;dw03;dw04;dw05;dw06;dw07;dw08,dw08,90,1,2026-08-30T08:20:34.499+0200,dw04,0F85,7,2370,-8,-1480,1850,2.95,77972
ground-height-2m-20260828-133428,d024m_r090_run01.csv,2,24,90,dw00;dw01;dw02;dw03;dw04;dw05;dw06;dw07;dw08,dw00;dw01;dw02;dw03;dw04;dw05;dw06;dw07;dw08,dw08,90,1,2026-08-30T08:20:34.684+0200,dw04,0F85,8,2365,12,-1172,2054,2.71,62316
ground-height-2m-20260828-133428,d024m_r090_run01.csv,2,24,90,dw00;dw01;dw02;dw03;dw04;dw05;dw06;dw07;dw08,dw00;dw01;dw02;dw03;dw04;dw05;dw06;dw07;dw08,dw08,90,1,2026-08-30T08:20:35.083+0200,dw04,0F85,10,2366,4,-1287,1985,2.59,62286
ground-height-2m-20260828-133428,d024m_r090_run01.csv,2,24,90,dw00;dw01;dw02;dw03;dw04;dw05;dw06;dw07;dw08,dw00;dw01;dw02;dw03;dw04;dw05;dw06;dw07;dw08,dw08,90,1,2026-08-30T08:20:37.011+0200,dw04,0F85,2,2367,9,-1215,2031,-4.20,91278
ground-height-2m-20260828-133428,d024m_r090_run01.csv,2,24,90,dw00;dw01;dw02;dw03;dw04;dw05;dw06;dw07;dw08,dw00;dw01;dw02;dw03;dw04;dw05;dw06;dw07;dw08,dw08,90,1,2026-08-30T08:20:37.182+0200,dw04,0F85,3,2367,-13,-1550,1788,1.31,62316
ground-height-2m-20260828-133428,d024m_r090_run01.csv,2,24,90,dw00;dw01;dw02;dw03;dw04;dw05;dw06;dw07;dw08,dw00;dw01;dw02;dw03;dw04;dw05;dw06;dw07;dw08,dw08,90,1,2026-08-30T08:20:37.598+0200,dw04,0F85,5,2366,18,-1084,2102,2.89,78002
ground-height-2m-20260828-133428,d024m_r090_run01.csv,2,24,90,dw00;dw01;dw02;dw03;dw04;dw05;dw06;dw07;dw08,dw00;dw01;dw02;dw03;dw04;dw05;dw06;dw07;dw08,dw08,90,1,2026-08-30T08:20:37.782+0200,dw04,0F85,6,2369,5,-1280,1993,2.71,62286
ground-height-2m-20260828-133428,d024m_r090_run01.csv,2,24,90,dw00;dw01;dw02;dw03;dw04;dw05;dw06;dw07;dw08,dw00;dw01;dw02;dw03;dw04;dw05;dw06;dw07;dw08,dw08,90,1,2026-08-30T08:20:37.982+0200,dw04,0F85,7,2360,19,-1063,2107,2.71,62255
ground-height-2m-20260828-133428,d024m_r090_run01.csv,2,24,90,dw00;dw01;dw02;dw03;dw04;dw05;dw06;dw07;dw08,dw00;dw01;dw02;dw03;dw04;dw05;dw06;dw07;dw08,dw08,90,1,2026-08-30T08:20:38.398+0200,dw04,0F85,9,2367,3,-1304,1976,2.83,77941
ground-height-2m-20260828-133428,d024m_r090_run01.csv,2,24,90,dw00;dw01;dw02;dw03;dw04;dw05;dw06;dw07;dw08,dw00;dw01;dw02;dw03;dw04;dw05;dw06;dw07;dw08,dw08,90,1,2026-08-30T08:20:38.581+0200,dw04,0F85,10,2366,0,-1353,1940,2.71,62347
ground-height-2m-20260828-133428,d024m_r090_run01.csv,2,24,90,dw00;dw01;dw02;dw03;dw04;dw05;dw06;dw07;dw08,dw00;dw01;dw02;dw03;dw04;dw05;dw06;dw07;dw08,dw08,90,1,2026-08-30T08:20:38.782+0200,dw04,0F85,11,2364,4,-1293,1979,2.71,62286
ground-height-2m-20260828-133428,d024m_r090_run01.csv,2,24,90,dw00;dw01;dw02;dw03;dw04;dw05;dw06;dw07;dw08,dw00;dw01;dw02;dw03;dw04;dw05;dw06;dw07;dw08,dw08,90,1,2026-08-30T08:20:39.182+0200,dw04,0F85,13,2367,6,-1260,2003,2.65,62286
ground-height-2m-20260828-133428,d024m_r090_run01.csv,2,24,90,dw00;dw01;dw02;dw03;dw04;dw05;dw06;dw07;dw08,dw00;dw01;dw02;dw03;dw04;dw05;dw06;dw07;dw08,dw08,90,1,2026-08-30T08:20:39.813+0200,dw04,0F85,16,2362,12,-1166,2054,2.95,93688
ground-height-2m-20260828-133428,d024m_r090_run01.csv,2,24,90,dw00;dw01;dw02;dw03;dw04;dw05;dw06;dw07;dw08,dw00;dw01;dw02;dw03;dw04;dw05;dw06;dw07;dw08,dw08,90,1,2026-08-30T08:20:39.982+0200,dw04,0F85,17,2365,0,-1366,1930,2.71,62255
ground-height-2m-20260828-133428,d024m_r090_run01.csv,2,24,90,dw00;dw01;dw02;dw03;dw04;dw05;dw06;dw07;dw08,dw00;dw01;dw02;dw03;dw04;dw05;dw06;dw07;dw08,dw08,90,1,2026-08-30T08:20:46.266+0200,dw04,0F85,2,2370,-11,-1522,1816,-4.14,91308
ground-height-2m-20260828-133428,d024m_r090_run01.csv,2,24,90,dw00;dw01;dw02;dw03;dw04;dw05;dw06;dw07;dw08,dw00;dw01;dw02;dw03;dw04;dw05;dw06;dw07;dw08,dw08,90,1,2026-08-30T08:20:46.438+0200,dw04,0F85,3,2363,6,-1258,2000,1.19,62286
ground-height-2m-20260828-133428,d024m_r090_run01.csv,2,24,90,dw00;dw01;dw02;dw03;dw04;dw05;dw06;dw07;dw08,dw00;dw01;dw02;dw03;dw04;dw05;dw06;dw07;dw08,dw08,90,1,2026-08-30T08:20:47.074+0200,dw04,0F85,6,2363,-175,1334,1950,2.95,93719
ground-height-2m-20260828-133428,d024m_r090_run01.csv,2,24,90,dw00;dw01;dw02;dw03;dw04;dw05;dw06;dw07;dw08,dw00;dw01;dw02;dw03;dw04;dw05;dw06;dw07;dw08,dw08,90,1,2026-08-30T08:20:47.244+0200,dw04,0F85,7,2363,-2,-1386,1914,2.65,62255
ground-height-2m-20260828-133428,d024m_r090_run01.csv,2,24,90,dw00;dw01;dw02;dw03;dw04;dw05;dw06;dw07;dw08,dw00;dw01;dw02;dw03;dw04;dw05;dw06;dw07;dw08,dw08,90,1,2026-08-30T08:20:47.445+0200,dw04,0F85,8,2366,13,-1162,2060,2.59,62316
