<kml xmlns="http://www.opengis.net/kml/2.2" xmlns:gx="http://www.google.com/kml/ext/2.2" xmlns:atom="http://www.w3.org/2005/Atom" xmlns:kml="http://www.opengis.net/kml/2.2"><Placemark><name>dji aircraft</name><LineString><extrude>0</extrude><tessellate>0</tessellate><altitudeMode>absolute</altitudeMode><coordinates>12.586894282606812,43.02682733531398,0
12.586894284227268,43.02682733771935,0
12.58689428448288,43.026827338834686,0
12.586894284728604,43.0268273382296,0
12.58689427480407,43.02682733883362,0
12.586894275648907,43.02682733564641,0
12.586894277455398,43.02682733456326,129.3437957763672
12.586894266616445,43.02682733827779,129.3437957763672
12.586894273635146,43.026827339518555,129.3437957763672
12.586894276031229,43.0268273449936,129.3437957763672
12.586894283003048,43.026827341722935,129.3437957763672
12.58689427507213,43.02682734295814,129.3437957763672
12.586894272981814,43.026827337947964,129.3437957763672
12.586894264703394,43.02682733765335,129.3437957763672
12.58689424030643,43.026827341924246,129.3437957763672
12.586894233698606,43.026827344328055,129.3437957763672
12.58689423479649,43.026827340693984,129.3437957763672
12.586894242284297,43.0268273324207,129.3437957763672
12.586894246822677,43.02682732270636,129.3437957763672
12.58689424893275,43.02682732749515,129.3437957763672
12.586894248255271,43.02682733116945,129.3437957763672
12.58689422743612,43.02682734981356,129.3437957763672
12.5868942205705,43.02682735264024,129.3437957763672
12.586894210078713,43.026827354550875,129.3437957763672
12.586894203231765,43.026827355235866,129.3437957763672
12.586894181396762,43.02682736205354,129.3437957763672
12.586894179897516,43.02682736110626,129.3437957763672
12.586894181156163,43.02682735789147,129.3437957763672
12.58689417703269,43.02682735933181,129.3437957763672
12.586894174780893,43.02682736006286,129.3437957763672
12.586894173974144,43.02682736072149,129.3437957763672
12.586894173461822,43.02682736196333,129.3437957763672
12.586894172693523,43.02682736489621,129.3437957763672
12.586894169298432,43.026827366076404,129.3437957763672
12.58689416536429,43.02682736554954,129.3437957763672
12.586894160307354,43.02682736687303,129.3437957763672
12.586894158024798,43.026827365817724,129.3437957763672
12.586894150943117,43.02682736537199,129.3437957763672
12.586894142473513,43.02682736503481,129.3437957763672
12.58689412418997,43.0268273723266,129.3437957763672
12.586894116828878,43.02682736963653,129.3437957763672
12.586894113081126,43.026827363213194,129.3437957763672
12.586894119411353,43.0268273596803,129.3437957763672
12.586894118562128,43.02682735848432,129.3437957763672
12.586894115558877,43.02682735479348,129.3437957763672
12.586894112744949,43.02682734862607,129.3437957763672
12.58689411214877,43.02682734638675,129.3437957763672
12.58689410989148,43.026827350098806,129.3437957763672
12.586894106498583,43.02682735350486,129.3437957763672
12.58689410458406,43.02682737439967,129.3437957763672
12.586894097266546,43.02682737549212,129.3437957763672
12.586894090024096,43.02682737279455,129.3437957763672
12.586894086674413,43.02682736823026,129.3437957763672
12.586894097142403,43.02682736028251,129.3437957763672
12.586894095227146,43.026827355067404,129.3437957763672
12.586894097496526,43.02682735000041,129.3437957763672
12.586894118734257,43.02682733487104,129.3437957763672
12.58689416873487,43.02682728062119,129.3437957763672
12.586894262348011,43.02682717811841,129.3437957763672
12.58689442641359,43.02682700402248,129.3437957763672
12.586894623195219,43.02682677793102,129.3437957763672
12.586894832626674,43.026826493645856,129.4438018798828
12.586895014308904,43.02682622536248,129.54379272460938
12.586895204180589,43.0268259819807,129.643798828125
12.586895353073139,43.02682580554887,129.74378967285156
12.586895478674291,43.02682567990228,129.9438018798828
12.586895560899134,43.0268256029472,130.143798828125
12.58689552950654,43.026825529544595,130.4438018798828
12.586895617945908,43.02682543772832,130.643798828125
12.58689573178308,43.02682532589171,130.9438018798828
12.586895780357299,43.026825195633045,131.24378967285156
12.586895884906768,43.02682512131804,131.4438018798828
12.586895988296092,43.02682508213406,131.74378967285156
12.586896106417871,43.02682506803747,131.9438018798828
12.58689625534193,43.026825060589545,132.143798828125
12.586896380645735,43.026825082669355,132.3437957763672
12.586896515116395,43.02682510168324,132.54379272460938
12.586896743291712,43.026825102820865,132.643798828125
12.586896860079026,43.026825112470156,132.643798828125
12.586896963172459,43.026825131531034,132.74378967285156
12.5868970664307,43.02682516102573,132.74378967285156
12.586897310024739,43.02682519700968,132.74378967285156
12.586897409816453,43.02682522803851,132.643798828125
12.586897490808648,43.026825230578325,132.54379272460938
12.586897680410809,43.02682521661543,132.54379272460938
12.586897758846899,43.02682516260599,132.4438018798828
12.58689784064256,43.02682510238718,132.4438018798828
12.58689792000441,43.02682502833042,132.3437957763672
12.586898010596316,43.0268249996995,132.3437957763672
12.586897989199638,43.02682495839665,132.24378967285156
12.586897912685377,43.026824926344695,132.24378967285156
12.586897809156884,43.02682490648303,132.143798828125
12.586897691188916,43.026824858363256,132.143798828125
12.586897560585392,43.0268248179818,132.143798828125
12.586897436703923,43.026824799903956,132.04379272460938
12.586897269687844,43.02682485166922,132.04379272460938
12.586897124910694,43.026824881021476,131.9438018798828
12.586896958074794,43.026824925164384,131.8437957763672
12.586896765903337,43.02682505058661,131.8437957763672
12.58689661931715,43.026825116753244,131.74378967285156
12.586896504481702,43.02682516752087,131.74378967285156
12.586896410703067,43.026825221231746,131.643798828125
12.586896317516945,43.026825328817694,131.643798828125
12.586896216387826,43.02682541133471,131.643798828125
12.586896115868813,43.02682550804852,131.643798828125
12.5868960726617,43.026825672620554,131.643798828125
12.586895997331043,43.026825789957115,131.643798828125
12.586895926024978,43.02682591332608,131.643798828125
12.586895866571515,43.02682601900487,131.643798828125
12.586895827572823,43.026826149853356,131.643798828125
12.586895779398489,43.026826212283005,131.643798828125
12.586895734270987,43.026826262620254,131.643798828125
12.586895749300798,43.02682632950134,131.643798828125
12.586895730326232,43.02682636574622,131.643798828125
12.58689572535463,43.026826384309906,131.643798828125
12.586895723042407,43.02682639265022,131.643798828125
12.586895726117065,43.02682640415959,131.74378967285156
12.586895702893772,43.02682642808562,131.74378967285156
12.586895661972505,43.02682644573098,131.74378967285156
12.586895627106085,43.026826466042365,131.74378967285156
12.586895606403038,43.02682648312403,131.74378967285156
12.586895611189357,43.02682650425105,131.74378967285156
12.586895626959649,43.026826334079196,131.74378967285156
12.586895518838952,43.02682496137174,131.74378967285156
12.586895515534314,43.02682424634818,131.8437957763672
12.586895522909677,43.02682379987834,131.8437957763672
12.586895485893612,43.02682327061004,131.8437957763672
12.586895442626417,43.02682302071897,131.8437957763672
12.586895387143354,43.02682284237562,131.8437957763672
12.586895330988671,43.02682272417368,131.8437957763672
12.586895319569651,43.02682278904544,131.8437957763672
12.586895266376835,43.026822763850404,131.8437957763672
12.586895232841943,43.02682278496888,131.8437957763672
12.586895259573494,43.0268231707057,131.8437957763672
12.586895289196605,43.02682322367093,131.8437957763672
12.586895346871781,43.0268232762027,131.8437957763672
12.586895411482876,43.02682333304363,131.8437957763672
12.586895504196578,43.02682362863848,131.8437957763672
12.586895536236623,43.02682368378515,131.8437957763672
12.586895558852746,43.02682373372856,131.8437957763672
12.586895629962527,43.026823871964204,131.8437957763672
12.58689565058649,43.02682388458039,131.8437957763672
12.58689567150854,43.02682389029349,131.8437957763672
12.586895685868178,43.026823889481854,131.8437957763672
12.586895700904572,43.02682390801239,131.8437957763672
12.586895684450223,43.02682391190595,131.8437957763672
12.586895672864948,43.02682391523725,131.8437957763672
12.58689570041606,43.02682394521314,131.8437957763672
12.586895711232307,43.026823957711194,131.8437957763672
12.58689572488005,43.02682396122287,131.8437957763672
12.586895734606468,43.02682395910642,131.8437957763672
12.58689574845855,43.02682394484451,131.8437957763672
12.586895735048827,43.02682394987001,131.8437957763672
12.586895700338403,43.026823972326696,131.74378967285156
12.586895649940466,43.02682404593276,131.74378967285156
12.586895591206963,43.02682410383542,131.74378967285156
12.586895535031042,43.02682415628479,131.74378967285156
12.586895477636386,43.02682420251983,131.74378967285156
12.586895424090557,43.02682425441658,131.74378967285156
12.586895391064681,43.02682430257901,131.74378967285156
12.586895371284458,43.0268243459497,131.74378967285156
12.586895374464593,43.02682439577499,131.74378967285156
12.58689538147377,43.026824433315845,131.74378967285156
12.586895394556825,43.02682447056305,131.74378967285156
12.586895402192209,43.02682450603419,131.74378967285156
12.58689543036293,43.02682455876211,131.74378967285156
12.586895429761622,43.0268246034996,131.74378967285156
12.58689543415536,43.026824652218174,131.74378967285156
12.586895450546722,43.02682470916412,131.74378967285156
12.58689545619508,43.0268247691883,131.74378967285156
12.586895470228805,43.026824828442955,131.74378967285156
12.586895488615252,43.026824896871766,131.74378967285156
12.586895507496072,43.026824973057714,131.74378967285156
12.586895526083199,43.026825034562705,131.74378967285156
12.586895542779969,43.02682508521834,131.74378967285156
12.5868955822474,43.02682511032805,131.643798828125
12.586895602119174,43.02682515034828,131.74378967285156
12.586895623614705,43.02682519433386,131.643798828125
12.586895645028203,43.026825230970985,131.74378967285156
12.58689569777791,43.02682527805983,131.74378967285156
12.586895727461066,43.026825310644846,131.74378967285156
12.58689575629609,43.02682533694161,131.74378967285156
12.58689579238271,43.026825354442074,131.74378967285156
12.586895825640033,43.02682536221977,131.74378967285156
12.586895861679052,43.02682537833992,131.74378967285156
12.586895907792384,43.02682540938738,131.643798828125
12.586895941840703,43.02682545226531,131.643798828125
12.586895957463753,43.026825500537825,131.643798828125
12.586895951370817,43.02682554027354,131.643798828125
12.586895911726872,43.02682556700431,131.643798828125
12.586895889367097,43.0268256011744,131.643798828125
12.586895875218389,43.02682563448198,131.643798828125
12.586895873124428,43.0268256665943,131.643798828125
12.586895869978717,43.0268256857799,131.643798828125
12.586895854811939,43.0268257106502,131.643798828125
12.586895833812981,43.02682573248632,131.643798828125
12.58689583256496,43.02682575272463,131.643798828125
12.586895825527227,43.026825789666475,131.643798828125
12.58689583510424,43.02682582611443,131.643798828125
12.586895855895925,43.02682586717328,131.643798828125
12.586895887484816,43.026825907766046,131.643798828125
12.586895923596348,43.026825954539056,131.643798828125
12.586895966951419,43.026825995007954,131.643798828125
12.586896014845246,43.02682603902194,131.643798828125
12.58689607893927,43.02682607356049,131.643798828125
12.586896159763024,43.0268260989006,131.643798828125
12.586896241288427,43.02682611762115,131.643798828125
12.58689631126443,43.026826126415884,131.643798828125
12.586896371881688,43.026826153266335,131.643798828125
12.58689642902366,43.02682617525995,131.643798828125
12.586896480187706,43.02682616257945,131.643798828125
12.586896559969974,43.02682615666012,131.643798828125
12.586896637676576,43.02682613585547,131.643798828125
12.58689670977364,43.0268261050921,131.643798828125
12.586896771835951,43.02682606145687,131.643798828125
12.586896846428354,43.02682603517175,131.643798828125
12.586896917016663,43.02682600554314,131.643798828125
12.58689698279815,43.026825931210055,131.643798828125
12.586897033500758,43.02682589158376,131.643798828125
12.586897065040564,43.0268258526054,131.643798828125
12.58689707274332,43.02682582324964,131.643798828125
12.586897043608735,43.02682580292456,131.643798828125
12.586897015394795,43.02682579800661,131.643798828125
12.586896966014171,43.02682579209508,131.643798828125
12.586896884655028,43.026825786667146,131.643798828125
12.586896835759276,43.02682577325526,131.643798828125
12.586896811514285,43.02682575454385,131.643798828125
12.58689679853669,43.026825735512,131.643798828125
12.586896768151886,43.02682574219151,131.643798828125
12.586896733013727,43.02682575920247,131.643798828125
12.58689668523929,43.0268257853561,131.643798828125
12.586896619845977,43.02682584743741,131.54379272460938
12.586896565043324,43.02682590149863,131.54379272460938
12.586896500213962,43.02682596278523,131.54379272460938
12.58689643775322,43.02682599718312,131.54379272460938
12.586896336989582,43.02682600767275,131.54379272460938
12.586896301402472,43.02682598333428,131.54379272460938
12.586896293620612,43.026825955627174,131.54379272460938
12.586896328942599,43.026825941558776,131.54379272460938
12.586896356210996,43.02682595364119,131.54379272460938
12.586896387024268,43.02682598488002,131.54379272460938
12.586896416895652,43.0268260313676,131.54379272460938
12.58689643241471,43.026826080160966,131.54379272460938
12.586896425667,43.026826138866426,131.54379272460938
12.586896417398812,43.02682618170497,131.54379272460938
12.58689639155862,43.026826249961154,131.54379272460938
12.586896392945073,43.026826278412166,131.54379272460938
12.586896404600664,43.026826300838046,131.54379272460938
12.586896415565583,43.02682631300049,131.54379272460938
12.586896443942111,43.026826303629875,131.54379272460938
12.586896446455746,43.02682631139607,131.54379272460938
12.586896459455318,43.02682633793794,131.54379272460938
12.58689650510577,43.026826377737265,131.54379272460938
12.586896541145517,43.02682641759659,131.54379272460938
12.586896565044814,43.026826437455604,131.54379272460938
12.586896582474,43.02682644588854,131.54379272460938
12.586896600743263,43.02682645409552,131.54379272460938
12.586896630920792,43.026826434998206,131.54379272460938
12.586896653644569,43.02682640434688,131.54379272460938
12.586896678454979,43.02682636832573,131.54379272460938
12.586896651530072,43.02682633202172,131.54379272460938
12.586896598020125,43.02682630942057,131.54379272460938
12.586896532839939,43.02682631082633,131.54379272460938
12.586896428727718,43.02682630882176,131.54379272460938
12.586896351875827,43.026826323029155,131.54379272460938
12.586896258236344,43.02682634276033,131.54379272460938
12.586896101377341,43.0268263877321,131.54379272460938
12.586895987942254,43.026826441443326,131.54379272460938
12.58689587209461,43.026826510321854,131.54379272460938
12.58689573502242,43.02682659731061,131.54379272460938
12.586895569154752,43.02682670665345,131.54379272460938
12.586895377780143,43.026826806930856,131.54379272460938
12.586895179016974,43.02682689437439,131.54379272460938
12.586894945340138,43.02682697636916,131.54379272460938
12.586894712936603,43.02682704669999,131.54379272460938
12.586894469107094,43.026827120021146,131.54379272460938
12.58689424357102,43.02682718945482,131.54379272460938
12.586894045828844,43.026827279769584,131.54379272460938
12.586893825811847,43.02682735345776,131.54379272460938
12.586893580886276,43.02682744765231,131.54379272460938
12.586893339823446,43.026827592288335,131.54379272460938
12.58689303597431,43.026827729185506,131.54379272460938
12.58689270627912,43.02682787432443,131.54379272460938
12.58689231310917,43.02682803044725,131.54379272460938
12.586891911995853,43.026828202234626,131.54379272460938
12.586891462907055,43.02682838204748,131.54379272460938
12.586891015056404,43.02682856547028,131.54379272460938
12.586890516307584,43.02682879931908,131.54379272460938
12.586890048827316,43.0268290112923,131.54379272460938
12.586889545290765,43.026829250852366,131.54379272460938
12.586889049495081,43.026829487946294,131.54379272460938
12.586888527992521,43.02682978827885,131.54379272460938
12.586887989572292,43.02683003542077,131.54379272460938
12.58688740968781,43.02683030749802,131.54379272460938
12.58688690626237,43.02683065534569,131.54379272460938
12.586886334992421,43.02683098442697,131.54379272460938
12.586885802286654,43.02683132787163,131.54379272460938
12.586885249782533,43.02683171222301,131.54379272460938
12.586884751874162,43.02683213103385,131.54379272460938
12.586884192122103,43.026832560685286,131.54379272460938
12.58688365700615,43.02683296871091,131.54379272460938
12.586883152280492,43.02683343163935,131.54379272460938
12.5868825988224,43.026833812705114,131.54379272460938
12.58688199118347,43.026834214745335,131.54379272460938
12.586881380385652,43.02683461238657,131.54379272460938
12.58688078564228,43.0268350732242,131.54379272460938
12.58688012895892,43.02683550179114,131.54379272460938
12.586879435448475,43.026835971384465,131.54379272460938
12.586878832512364,43.02683647456024,131.54379272460938
12.586878130957118,43.02683699934011,131.54379272460938
12.586877472680037,43.02683750687527,131.54379272460938
12.586876787313273,43.02683805703071,131.54379272460938
12.586876161110657,43.02683863652598,131.54379272460938
12.586875470186348,43.026839257516116,131.54379272460938
12.586874795877515,43.02683986634262,131.54379272460938
12.586874140021047,43.02684058499719,131.54379272460938
12.586873430585785,43.02684123886195,131.54379272460938
12.586872672938837,43.02684194924753,131.54379272460938
12.586871949915892,43.02684265292647,131.54379272460938
12.58687126333625,43.02684347119012,131.54379272460938
12.586870539982247,43.02684421938581,131.54379272460938
12.586869774169653,43.02684501525937,131.54379272460938
12.586869129368193,43.026845802808246,131.54379272460938
12.586868354816469,43.026846607127474,131.54379272460938
12.58686761226085,43.0268473802008,131.54379272460938
12.586866821141989,43.02684819679929,131.643798828125
12.586866112452324,43.026848991106206,131.643798828125
12.586865313389001,43.026849794410275,131.643798828125
12.586864546370856,43.02685056384812,131.643798828125
12.586863815488407,43.02685139408798,131.643798828125
12.58686304707612,43.02685216464377,131.643798828125
12.586862249536043,43.02685298213854,131.643798828125
12.586861503566482,43.02685377066082,131.643798828125
12.586860783089259,43.026854630616356,131.643798828125
12.586860032563685,43.02685542458274,131.643798828125
12.586859225560199,43.02685625555505,131.643798828125
12.586858466046799,43.02685706110145,131.643798828125
12.586857645640478,43.02685789111858,131.643798828125
12.586856869713841,43.0268586853484,131.643798828125
12.586856056722631,43.026859524791014,131.643798828125
12.586855285244836,43.02686033795106,131.643798828125
12.58685446318454,43.02686117732514,131.643798828125
12.586853667172445,43.02686197331327,131.643798828125
12.586852790804617,43.026862810873354,131.643798828125
12.586851989962268,43.026863609714184,131.643798828125
12.586851152009388,43.0268644499792,131.643798828125
12.586850344784079,43.026865245641794,131.643798828125
12.58684948212771,43.02686606789322,131.643798828125
12.586848671095334,43.026866871844085,131.643798828125
12.586847829877374,43.02686773344443,131.643798828125
12.586847052512468,43.02686855043162,131.643798828125
12.586846225328955,43.026869427951006,131.643798828125
12.586845433368548,43.02687027027846,131.643798828125
12.586844593701821,43.02687116075492,131.643798828125
12.586843804238939,43.02687199965141,131.54379272460938
12.586842934081954,43.02687289749952,131.643798828125
12.586842118867516,43.026873758223914,131.643798828125
12.586841310753075,43.02687466861366,131.643798828125
12.586840544813784,43.0268755759151,131.643798828125
12.586839749403726,43.02687656199574,131.643798828125
12.58683898122178,43.026877506039654,131.643798828125
12.586838164981954,43.02687848607222,131.643798828125
12.586837370871196,43.026879421579444,131.643798828125
12.586836532248896,43.0268804094291,131.643798828125
12.586835761219342,43.0268813749497,131.643798828125
12.58683493536443,43.026882402583034,131.643798828125
12.586834158715819,43.02688340023725,131.643798828125
12.586833341184017,43.02688446218869,131.643798828125
12.586832557882172,43.02688546844386,131.643798828125
12.58683169620942,43.02688652507967,131.643798828125
12.586830858720884,43.02688753027256,131.643798828125
12.586829989293363,43.02688859882463,131.643798828125
12.586829121128526,43.0268896095773,131.643798828125
12.586828207964365,43.02689067127602,131.643798828125
12.586827335191199,43.026891687772654,131.643798828125
12.586826444661463,43.02689275814514,131.643798828125
12.58682555777035,43.0268937998835,131.643798828125
12.586824629864223,43.02689491219417,131.643798828125
12.586823750388035,43.02689600651482,131.643798828125
12.586822814923421,43.0268971359717,131.643798828125
12.58682191197492,43.02689821642716,131.643798828125
12.586820944202186,43.02689935434365,131.643798828125
12.586820012774616,43.026900442646195,131.643798828125
12.58681901352872,43.026901567010185,131.643798828125
12.58681804766611,43.026902637789576,131.643798828125
12.58681702283856,43.026903767250744,131.643798828125
12.586816026258646,43.026904836458165,131.643798828125
12.58681498305931,43.0269059572113,131.643798828125
12.586813999683306,43.02690703224406,131.643798828125
12.586812946669657,43.02690817597303,131.643798828125
12.586811950162975,43.02690926059191,131.643798828125
12.586810888020551,43.02691040235911,131.643798828125
12.586809854430442,43.0269114800047,131.643798828125
12.586808775852724,43.026912603225036,131.643798828125
12.586807746065295,43.02691367681003,131.643798828125
12.586806655628374,43.026914808914015,131.643798828125
12.586805612973945,43.02691588780178,131.643798828125
12.586804518101541,43.026917020685325,131.643798828125
12.586803466957003,43.02691810149203,131.643798828125
12.58680236283279,43.02691925302525,131.643798828125
12.586801326723199,43.0269203403512,131.643798828125
12.586800252416907,43.026921486855784,131.643798828125
12.586799237611679,43.026922592445885,131.643798828125
12.586798191394807,43.02692376720338,131.643798828125
12.586797190083518,43.02692487703399,131.643798828125
12.586796140116698,43.026926029286805,131.643798828125
12.58679515761371,43.02692710261477,131.643798828125
12.58679403418897,43.02692814404897,131.643798828125
12.58679287321791,43.026929037904964,131.643798828125
12.586791678550174,43.02692989604646,131.643798828125
12.586790754440983,43.02693064017401,131.643798828125
12.58679001866687,43.02693126782038,131.643798828125
12.586789512940083,43.026931728390764,131.643798828125
12.58678909806153,43.0269320641532,131.643798828125
12.58678881230995,43.02693233100528,131.643798828125
12.586788595709686,43.02693255706284,131.643798828125
12.586788402663746,43.026932737879754,131.643798828125
12.586788224307039,43.0269328459227,131.643798828125
12.586788039604729,43.02693293822011,131.643798828125
12.586787857457061,43.02693298775262,131.643798828125
12.5867876131775,43.02693288590335,131.643798828125
12.58678747374403,43.026932859560794,131.643798828125
12.58678734024601,43.02693281432873,131.643798828125
12.586787191150563,43.02693274756858,131.643798828125
12.58678697345457,43.02693262095303,131.643798828125
12.586786762151057,43.0269325395867,131.643798828125
12.586786526590094,43.02693245403126,131.643798828125
12.586786177575748,43.02693226790298,131.643798828125
12.586785929528661,43.02693216549687,131.643798828125
12.586785675106665,43.02693205456692,131.643798828125
12.586785435004762,43.02693193509599,131.643798828125
12.586785121040673,43.02693175827113,131.643798828125
12.586784872559988,43.02693163258079,131.643798828125
12.586784607837355,43.02693150872373,131.643798828125
12.586784347403718,43.02693137488647,131.643798828125
12.586784048802674,43.026931234864065,131.643798828125
12.58678374099669,43.02693107686876,131.643798828125
12.58678339979277,43.02693088982386,131.643798828125
12.58678308674273,43.02693069919807,131.643798828125
12.586782717730621,43.02693049023103,131.643798828125
12.586782333695295,43.02693029217794,131.643798828125
12.586781932802795,43.02693007739412,131.643798828125
12.586781461598841,43.026929860871256,131.643798828125
12.586780906671512,43.026929614022336,131.643798828125
12.58678032268212,43.026929360157325,131.643798828125
12.586779683474798,43.02692909176321,131.643798828125
12.586779001477105,43.02692882536514,131.643798828125
12.586778241650489,43.026928545997116,131.643798828125
12.586777506345,43.0269283160674,131.643798828125
12.58677669009345,43.026928028758064,131.643798828125
12.586775897777093,43.026927744772586,131.643798828125
12.586775045865918,43.02692743225151,131.643798828125
12.586774213220076,43.02692713453364,131.643798828125
12.586773313362341,43.026926776369294,131.643798828125
12.586772423430237,43.02692642692581,131.643798828125
12.586771470411179,43.02692605872131,131.643798828125
12.586770493995981,43.02692568821236,131.643798828125
12.586769423205238,43.0269252868291,131.74378967285156
12.586768368216996,43.02692489641118,131.74378967285156
12.586767230442875,43.02692449753796,131.74378967285156
12.586766110979033,43.02692409469837,131.74378967285156
12.586764910282021,43.026923663725796,131.74378967285156
12.586763753764044,43.02692328182316,131.74378967285156
12.586762507036465,43.026922842009775,131.74378967285156
12.58676128416791,43.02692240317298,131.74378967285156
12.586759960296943,43.026921913827046,131.74378967285156
12.586758667632546,43.026921430589134,131.74378967285156
12.586757266407258,43.02692089679069,131.74378967285156
12.58675588895896,43.02692036216983,131.74378967285156
12.586754397149084,43.02691979062659,131.74378967285156
12.58675293595985,43.026919216573305,131.74378967285156
12.5867513676394,43.026918606814114,131.74378967285156
12.586749852767369,43.02691801328877,131.74378967285156
12.586748227670416,43.02691737614189,131.74378967285156
12.586746659935892,43.02691674508591,131.74378967285156
12.586744994655952,43.02691607407495,131.643798828125
12.58674339294928,43.02691543397257,131.643798828125
12.586741686513692,43.026914749957385,131.643798828125
12.58674002995236,43.026914102521914,131.74378967285156
12.586738250404576,43.02691342647375,131.74378967285156
12.58673652784423,43.02691279154564,131.74378967285156
12.586734714746177,43.0269121092181,131.74378967285156
12.586732979365715,43.02691145588875,131.74378967285156
12.586731158814647,43.0269107624245,131.74378967285156
12.58672941157499,43.02691007589072,131.74378967285156
12.586727558457989,43.026909354533366,131.74378967285156
12.586725765984614,43.02690866830798,131.74378967285156
12.586723850454478,43.02690795789886,131.74378967285156
12.586722016052054,43.02690726230151,131.74378967285156
12.586720089986933,43.026906527284595,131.74378967285156
12.58671826033053,43.02690583688294,131.74378967285156
12.58671631380477,43.026905091496054,131.74378967285156
12.586714493523276,43.02690440085884,131.74378967285156
12.586712740213498,43.02690374760664,131.74378967285156
12.586711337007927,43.026903267752644,131.74378967285156
12.586710184392382,43.02690286161923,131.74378967285156
12.58670936092817,43.02690258300938,131.74378967285156
12.586708688528084,43.026902384917754,131.74378967285156
12.586708202465049,43.02690220843986,131.74378967285156
12.586707798842186,43.026902043886786,131.74378967285156
12.586707473850955,43.026901881719525,131.74378967285156
12.586707280389016,43.026901717564805,131.74378967285156
12.586707038775447,43.02690155118274,131.74378967285156
12.586706832856663,43.026901377955895,131.74378967285156
12.58670674983058,43.02690118938612,131.74378967285156
12.5867066805035,43.026901050914304,131.74378967285156
12.586706654160153,43.02690092523681,131.74378967285156
12.586706660992085,43.026900803615646,131.74378967285156
12.58670673278009,43.026900691070885,131.74378967285156
12.586706799072084,43.02690059946739,131.74378967285156
12.5867068885903,43.026900536862094,131.74378967285156
12.586707092341179,43.026900501713016,131.74378967285156
12.586707179714862,43.0269005005865,131.74378967285156
12.586707227011015,43.0269005257083,131.74378967285156
12.586707239292066,43.026900548105885,131.74378967285156
12.586707289260072,43.026900601609086,131.74378967285156
12.58670728602575,43.026900626426766,131.74378967285156
12.586707289189766,43.02690066739693,131.74378967285156
12.58670732476736,43.02690076556253,131.74378967285156
12.586707315345615,43.02690084273976,131.74378967285156
12.586707288181952,43.02690091931303,131.74378967285156
12.586707261264392,43.02690100288956,131.74378967285156
12.586707255030126,43.026901099526015,131.74378967285156
12.586707282369574,43.02690118493583,131.74378967285156
12.586707327134535,43.026901273750894,131.74378967285156
12.586707372438548,43.02690137195932,131.74378967285156
12.586707407465362,43.02690145323997,131.74378967285156
12.586707431101724,43.026901521940474,131.74378967285156
12.586707437628966,43.026901570924736,131.74378967285156
12.586707453097484,43.02690160581682,131.74378967285156
12.58670743861332,43.026901603216814,131.74378967285156
12.586707408613757,43.02690156561336,131.74378967285156
12.586707371770533,43.02690149199985,131.74378967285156
12.586707268717353,43.02690139835319,131.74378967285156
12.586707114582898,43.02690129528744,131.74378967285156
12.5867068938635,43.02690116791801,131.74378967285156
12.586706645792953,43.026901019187584,131.74378967285156
12.58670634332478,43.026900843652,131.74378967285156
12.586706034985601,43.02690066584198,131.74378967285156
12.586705697994502,43.02690047692525,131.74378967285156
12.586705340999796,43.02690028622237,131.74378967285156
12.586704935314405,43.02690007589321,131.74378967285156
12.586704519597912,43.02689985946459,131.74378967285156
12.586704066241353,43.026899600425295,131.74378967285156
12.586703576334553,43.026899359204705,131.74378967285156
12.586703015553805,43.02689909894036,131.74378967285156
12.586702478175052,43.02689883135581,131.74378967285156
12.586701825309731,43.026898546552225,131.74378967285156
12.586701145749489,43.02689827428597,131.74378967285156
12.586700366897757,43.02689798817168,131.74378967285156
12.586699600971622,43.02689771642371,131.74378967285156
12.5866987312189,43.02689739295869,131.74378967285156
12.586697865813779,43.02689705782157,131.74378967285156
12.586696943749338,43.02689669267964,131.74378967285156
12.586695988896318,43.0268963223249,131.74378967285156
12.586694928529242,43.02689591548038,131.74378967285156
12.586693872322261,43.02689550942399,131.74378967285156
12.586692733370414,43.02689508609289,131.74378967285156
12.586691575024329,43.02689464234311,131.74378967285156
12.586690311550907,43.02689415167361,131.74378967285156
12.586689097986897,43.026893680707474,131.74378967285156
12.586687769158974,43.0268931466863,131.74378967285156
12.586686466486912,43.02689262037513,131.74378967285156
12.586685063761657,43.02689205297388,131.74378967285156
12.586683701277988,43.02689150447502,131.74378967285156
12.586682246920686,43.02689092034731,131.74378967285156
12.586680829125337,43.02689035552036,131.74378967285156
12.586679301972236,43.026889756559456,131.74378967285156
12.586677812388894,43.026889165531294,131.74378967285156
12.586676212932185,43.026888537516506,131.74378967285156
12.586674670099635,43.02688793793882,131.74378967285156
12.58667303689343,43.02688731964721,131.74378967285156
12.58667145715909,43.026886732889544,131.74378967285156
12.586669781262119,43.026886113312926,131.74378967285156
12.586668191848235,43.026885513418264,131.74378967285156
12.586666498349965,43.026884880816006,131.74378967285156
12.586664883530213,43.02688426423772,131.74378967285156
12.586663181196137,43.02688359989592,131.74378967285156
12.586661556790586,43.02688295809733,131.74378967285156
12.586659818316416,43.02688228136811,131.74378967285156
12.586658151255254,43.026881636502644,131.74378967285156
12.586656395836027,43.026880951270996,131.74378967285156
12.58665469352538,43.02688030267474,131.74378967285156
12.586652876091447,43.026879615138654,131.74378967285156
12.586651126156513,43.026878961141115,131.74378967285156
12.586649249262527,43.02687828141356,131.74378967285156
12.586647475327954,43.02687764199223,131.74378967285156
12.586645609144751,43.02687698675681,131.74378967285156
12.586643834952367,43.02687639942947,131.74378967285156
12.586641963730179,43.02687575209682,131.74378967285156
12.586640185740979,43.0268751372533,131.74378967285156
12.586638324292085,43.026874486442566,131.74378967285156
12.58663657264625,43.02687387217729,131.74378967285156
12.586634723126869,43.02687322215256,131.74378967285156
12.58663297112947,43.026872605197354,131.74378967285156
12.586631140336367,43.02687197589327,131.74378967285156
12.58662937315169,43.02687137380768,131.74378967285156
12.586627504085719,43.02687075368281,131.74378967285156
12.58662573120582,43.026870173851314,131.74378967285156
12.586623898233062,43.026869596660504,131.74378967285156
12.586622133790542,43.026869052672005,131.74378967285156
12.586620281505574,43.02686849885324,131.74378967285156
12.586618542679863,43.02686801146266,131.74378967285156
12.586616710832095,43.02686748015283,131.74378967285156
12.586614977139115,43.02686697554964,131.74378967285156
12.586613158111465,43.02686644250936,131.74378967285156
12.586611437027669,43.02686595669075,131.74378967285156
12.586609620906227,43.02686541498526,131.74378967285156
12.586607899025571,43.02686489927965,131.74378967285156
12.586606116513003,43.02686437864177,131.74378967285156
12.58660440534313,43.02686384209128,131.74378967285156
12.586602603940216,43.026863253344,131.74378967285156
12.58660087952834,43.02686267530722,131.74378967285156
12.586599051524253,43.02686202416667,131.74378967285156
12.586597306089256,43.026861411929545,131.74378967285156
12.586595472647755,43.02686075036977,131.74378967285156
12.58659373464233,43.026860085961566,131.74378967285156
12.586591871763762,43.02685940807798,131.74378967285156
12.586590079595075,43.02685877004232,131.74378967285156
12.586588175631183,43.02685810946985,131.74378967285156
12.586586356580094,43.026857486957,131.74378967285156
12.586584466092578,43.0268568247119,131.74378967285156
12.586582683181588,43.0268561990615,131.74378967285156
12.58658080485795,43.02685557358031,131.74378967285156
12.586579051266831,43.026854955777004,131.74378967285156
12.586577218505012,43.02685430612277,131.74378967285156
12.586575476046534,43.02685367097085,131.74378967285156
12.586573635292641,43.02685300048459,131.74378967285156
12.5865718789828,43.02685234989126,131.74378967285156
12.58657002751813,43.02685167936538,131.74378967285156
12.586568268864585,43.02685105578063,131.74378967285156
12.586566417071799,43.02685039439325,131.74378967285156
12.586564679300759,43.02684975656961,131.74378967285156
12.58656288375714,43.02684908507998,131.74378967285156
12.586561203360247,43.02684844597241,131.74378967285156
12.586559422277347,43.02684778290919,131.74378967285156
12.586557730607183,43.02684713812404,131.74378967285156
12.586555953696093,43.02684644197575,131.74378967285156
12.586554264393078,43.02684577524384,131.74378967285156
12.586552497583405,43.026845072403376,131.74378967285156
12.586550826373871,43.02684440167405,131.74378967285156
12.586549100204213,43.02684370754375,131.74378967285156
12.58654742824468,43.02684304914562,131.74378967285156
12.58654564950548,43.026842371936134,131.74378967285156
12.586543948366689,43.02684175512067,131.74378967285156
12.586542109206507,43.02684109643904,131.74378967285156
12.586540316545632,43.02684048388831,131.74378967285156
12.586538385629005,43.02683984336803,131.74378967285156
12.586536526031638,43.02683923280986,131.74378967285156
12.586534574091901,43.026838554765824,131.74378967285156
12.586532723611603,43.02683792832994,131.74378967285156
12.586530798155861,43.026837297736726,131.74378967285156
12.586529011260568,43.026836716278765,131.74378967285156
12.586527181639346,43.026836114062135,131.74378967285156
12.586525496508159,43.026835552004904,131.74378967285156
12.586523737526504,43.026834957509934,131.74378967285156
12.586522107003871,43.026834417794056,131.74378967285156
12.586520409544734,43.02683385526725,131.74378967285156
12.586518806185762,43.02683334027267,131.74378967285156
12.58651714226519,43.02683276499542,131.74378967285156
12.58651557631191,43.02683220050873,131.74378967285156
12.58651394766425,43.02683159934593,131.74378967285156
12.586512425421251,43.026831035071794,131.74378967285156
12.586510843952588,43.02683047198818,131.74378967285156
12.586509377560336,43.02682996068691,131.74378967285156
12.586507903293212,43.02682941721548,131.74378967285156
12.58650653039176,43.026828922742794,131.74378967285156
12.586505114623753,43.02682840752812,131.74378967285156
12.586503789979384,43.02682791950635,131.74378967285156
12.586502424366875,43.02682745396364,131.74378967285156
12.58650112655804,43.026826984288085,131.74378967285156
12.586499761250206,43.02682650473013,131.74378967285156
12.586498487909752,43.02682609084448,131.74378967285156
12.586497112195824,43.02682563849911,131.74378967285156
12.586495802434047,43.026825210728866,131.74378967285156
12.586494439915247,43.02682475743153,131.74378967285156
12.586493172363783,43.026824344752036,131.74378967285156
12.586491848680332,43.026823898011955,131.74378967285156
12.586490583542881,43.02682348917783,131.74378967285156
12.586489235953536,43.026823113247794,131.74378967285156
12.58648796556617,43.02682272322503,131.74378967285156
12.58648664106242,43.02682230728377,131.74378967285156
12.586485388815408,43.02682190585126,131.74378967285156
12.586484105725102,43.02682146737212,131.74378967285156
12.586482849775019,43.0268210531201,131.74378967285156
12.58648153026338,43.026820622314055,131.74378967285156
12.586480274266432,43.026820241570604,131.74378967285156
12.58647896089533,43.026819836633784,131.74378967285156
12.58647770400775,43.02681945940698,131.74378967285156
12.586476355902777,43.02681907856555,131.74378967285156
12.58647503160995,43.026818724568905,131.74378967285156
12.586473654302296,43.026818354938044,131.74378967285156
12.586472352181037,43.026818015465125,131.74378967285156
12.586471004966699,43.02681766030018,131.74378967285156
12.586469765563255,43.026817316203385,131.74378967285156
12.586468488519731,43.026816932884046,131.74378967285156
12.586467263131686,43.026816559232195,131.74378967285156
12.586465927214025,43.02681614762246,131.74378967285156
12.586464618202212,43.026815767554176,131.74378967285156
12.586463186426599,43.026815370202605,131.74378967285156
12.586461765478942,43.02681499977612,131.74378967285156
12.586460219423778,43.026814599423005,131.74378967285156
12.58645872821155,43.026814195315545,131.74378967285156
12.586457145688179,43.02681374034985,131.74378967285156
12.586455624663893,43.02681326560474,131.74378967285156
12.586453925189135,43.026812811283676,131.74378967285156
12.58645227352617,43.02681235904431,131.74378967285156
12.586450487427706,43.026811848146735,131.74378967285156
12.586448791187289,43.026811339830935,131.74378967285156
12.586447005229463,43.026810768135626,131.74378967285156
12.586445322395107,43.02681018194548,131.74378967285156
12.586443547312125,43.02680953621049,131.74378967285156
12.586441905961529,43.026808858166255,131.74378967285156
12.586440199736895,43.0268080997473,131.74378967285156
12.586438557495683,43.0268073713674,131.74378967285156
12.586436872880103,43.02680652923268,131.74378967285156
12.58643529143487,43.026805680400955,131.74378967285156
12.58643366311534,43.026804728533484,131.74378967285156
12.586432166606349,43.02680375963545,131.74378967285156
12.586430637191597,43.026802677974196,131.74378967285156
12.586429215822115,43.02680158952172,131.74378967285156
12.586427782546556,43.026800363190645,131.74378967285156
12.586426429426062,43.026799170751495,131.74378967285156
12.586425053102788,43.026797877930136,131.74378967285156
12.586423802074531,43.026796593215,131.74378967285156
12.586422606779816,43.02679517730542,131.74378967285156
12.586421459062517,43.02679377823152,131.74378967285156
12.586420290954893,43.026792250689546,131.74378967285156
12.586419274298144,43.026790714713655,131.74378967285156
12.586418174767626,43.0267891061009,131.74378967285156
12.586417153095322,43.02678754765891,131.74378967285156
12.5864161008141,43.02678588582136,131.74378967285156
12.58641514879701,43.02678426592629,131.74378967285156
12.586414129515294,43.0267825590537,131.74378967285156
12.586413185560586,43.02678090906387,131.74378967285156
12.586412245355822,43.026779114776886,131.74378967285156
12.586411376821873,43.02677742041593,131.74378967285156
12.586410520756495,43.02677562188415,131.74378967285156
12.586409762189664,43.02677389031383,131.74378967285156
12.586409054575203,43.026772052713696,131.74378967285156
12.586408403256787,43.02677028610137,131.74378967285156
12.586407787375347,43.02676841615773,131.74378967285156
12.586407338553933,43.026766624869076,131.74378967285156
12.586406940919256,43.02676470899091,131.74378967285156
12.586406652314208,43.026762891158405,131.74378967285156
12.586406430551914,43.02676098787754,131.74378967285156
12.58640630197573,43.02675918806932,131.74378967285156
12.586406226836251,43.02675727814072,131.74378967285156
12.586406224211322,43.026755462492716,131.74378967285156
12.586406336709693,43.02675359039029,131.74378967285156
12.58640652725378,43.02675179032508,131.74378967285156
12.586406845249101,43.02674991268859,131.74378967285156
12.586407265758526,43.02674813673859,131.74378967285156
12.58640785304672,43.0267463009589,131.74378967285156
12.58640852175558,43.02674457196288,131.74378967285156
12.586409353212023,43.02674280271204,131.74378967285156
12.586410268245343,43.026741184508914,131.74378967285156
12.586411349073082,43.0267395138263,131.74378967285156
12.586412504009095,43.026737994225684,131.74378967285156
12.586413880426203,43.02673649611888,131.74378967285156
12.586415384435169,43.02673522275895,131.74378967285156
12.586417112315793,43.02673400927157,131.74378967285156
12.586418871180305,43.02673301597357,131.74378967285156
12.58642075618353,43.026732178400664,131.74378967285156
12.586422477220422,43.026731351964436,131.74378967285156
12.586424220475742,43.02673049820048,131.74378967285156
12.58642582460814,43.02672969348934,131.74378967285156
12.586427501301964,43.02672893393317,131.74378967285156
12.586429047919593,43.02672813162926,131.74378967285156
12.586430644833342,43.02672727441292,131.74378967285156
12.586432134779937,43.02672651722115,131.74378967285156
12.5864337048816,43.02672566880279,131.74378967285156
12.586435187234562,43.026724852423804,131.74378967285156
12.586436738164636,43.026723982391715,131.74378967285156
12.586438197971063,43.0267231628345,131.74378967285156
12.586439757760374,43.02672226035181,131.74378967285156
12.586441232004082,43.02672138643044,131.74378967285156
12.586442774309276,43.02672047072081,131.74378967285156
12.586444225350208,43.026719582159,131.74378967285156
12.586445745858859,43.02671864595786,131.74378967285156
12.586447191462375,43.02671775169919,131.74378967285156
12.586448689565104,43.02671681034947,131.74378967285156
12.586450130246813,43.02671588370018,131.74378967285156
12.586451643302444,43.026714883111865,131.74378967285156
12.586453061296991,43.026713909440076,131.74378967285156
12.586454550774851,43.0267128845224,131.74378967285156
12.586455967269426,43.026711900296455,131.74378967285156
12.586457459747242,43.02671086002728,131.74378967285156
12.586458873663727,43.02670986164919,131.74378967285156
12.586460371485213,43.02670882562053,131.74378967285156
12.58646178526107,43.02670784991844,131.74378967285156
12.586463250879909,43.02670680952933,131.74378967285156
12.586464659405854,43.02670585239123,131.74378967285156
12.586466137446388,43.02670485102337,131.74378967285156
12.586467556237803,43.02670389429646,131.74378967285156
12.586469052090575,43.026702881877576,131.74378967285156
12.586470496569108,43.026701932295296,131.74378967285156
12.586472016468395,43.02670094492539,131.74378967285156
12.586473461743786,43.02670000330154,131.74378967285156
12.586474987408607,43.02669900399824,131.74378967285156
12.58647643657457,43.026698051271985,131.74378967285156
12.586477965661219,43.02669705417888,131.74378967285156
12.586479430155077,43.026696108854246,131.74378967285156
12.586480960507327,43.02669511540199,131.74378967285156
12.58648241607163,43.02669417881536,131.74378967285156
12.58648396882981,43.026693185808575,131.74378967285156
12.586485468737221,43.026692290264926,131.74378967285156
12.586487091806864,43.026691384955264,131.74378967285156
12.586488691603419,43.02669055794506,131.74378967285156
12.58649044308522,43.02668972694279,131.74378967285156
12.58649215917692,43.026689013749525,131.74378967285156
12.586494029719455,43.0266883509112,131.74378967285156
12.586495833020802,43.02668782634768,131.74378967285156
12.58649778418713,43.026687331733264,131.74378967285156
12.586499692838471,43.02668692861099,131.74378967285156
12.586501746307961,43.02668657974153,131.74378967285156
12.58650371533339,43.02668635267314,131.74378967285156
12.586505800747707,43.02668619764196,131.74378967285156
12.58650778177295,43.02668613254379,131.74378967285156
12.586509859382694,43.0266861614478,131.74378967285156
12.586511828712798,43.02668622443006,131.74378967285156
12.586513887221264,43.02668636138561,131.74378967285156
12.586515835715735,43.02668657011282,131.74378967285156
12.586517860638757,43.026686919607734,131.74378967285156
12.586519769055695,43.026687299154545,131.74378967285156
12.586521747455965,43.026687773680145,131.74378967285156
12.586523586147377,43.02668832328415,131.74378967285156
12.586525489384696,43.026688924553795,131.74378967285156
12.586527242178938,43.02668957767755,131.74378967285156
12.586529021691534,43.02669034764228,131.74378967285156
12.586530640940884,43.02669118316782,131.74378967285156
12.586532312947265,43.02669210364912,131.74378967285156
12.586533861978914,43.02669303679197,131.74378967285156
12.58653541994011,43.026694083289144,131.74378967285156
12.58653685640311,43.02669512775601,131.74378967285156
12.58653829905353,43.026696281893514,131.74378967285156
12.586539648072543,43.02669741349209,131.8437957763672
12.586541016966269,43.0266986261914,131.8437957763672
12.586542400156668,43.02669975580247,131.8437957763672
12.58654388372838,43.02670092587399,131.8437957763672
12.586545258809515,43.02670207921477,131.8437957763672
12.586546820356629,43.02670328000641,131.8437957763672
12.586548310982918,43.02670442287871,131.8437957763672
12.586549874170629,43.026705617707925,131.8437957763672
12.58655134143008,43.02670676900127,131.8437957763672
12.586552945351563,43.026707973999144,131.8437957763672
12.586554492578578,43.02670912754553,131.8437957763672
12.586556134726056,43.026710350499165,131.8437957763672
12.58655774525682,43.026711484804785,131.8437957763672
12.58655946577813,43.02671265459359,131.8437957763672
12.586561116362976,43.02671374931258,131.8437957763672
12.58656289831306,43.02671486256129,131.8437957763672
12.586564583233342,43.02671593729422,131.8437957763672
12.58656637101928,43.02671706427534,131.8437957763672
12.586568133211845,43.02671810001273,131.8437957763672
12.586569967708028,43.026719247245474,131.8437957763672
12.58657173365054,43.0267203440119,131.8437957763672
12.586573611528886,43.026721500119734,131.8437957763672
12.586575439392352,43.02672258325657,131.8437957763672
12.586577362551274,43.02672375261705,131.8437957763672
12.586579197352131,43.02672486324436,131.8437957763672
12.586581158268304,43.0267260263426,131.8437957763672
12.586582988873912,43.02672715506276,131.8437957763672
12.586584914329672,43.026728362690605,131.8437957763672
12.586586761013168,43.02672951401822,131.8437957763672
12.586588735452578,43.02673071791099,131.8437957763672
12.586590613190303,43.026731876623096,131.8437957763672
12.586592595082722,43.026733107269614,131.8437957763672
12.586594489390505,43.02673427489962,131.8437957763672
12.58659648042342,43.02673552652595,131.8437957763672
12.586598380543622,43.02673672381381,131.8437957763672
12.586600388826277,43.02673799069738,131.8437957763672
12.586602312266441,43.02673919660332,131.8437957763672
12.586604347900256,43.02674048515203,131.8437957763672
12.586606292715107,43.026741714856215,131.8437957763672
12.586608350028282,43.02674299468404,131.8437957763672
12.586610302741448,43.026744233665944,131.8437957763672
12.586612357078105,43.026745543511424,131.8437957763672
12.586614310353765,43.02674679521484,131.8437957763672
12.586616364995105,43.026748090865325,131.8437957763672
12.586618337981415,43.026749352763076,131.8437957763672
12.58662042972377,43.02675069190661,131.8437957763672
12.586622410913078,43.02675195711113,131.8437957763672
12.58662450731942,43.02675330797387,131.8437957763672
12.586626506320957,43.02675460817326,131.8437957763672
12.586628609828756,43.02675599069847,131.8437957763672
12.586630605736593,43.02675731426777,131.8437957763672
12.586632692697762,43.02675871695037,131.8437957763672
12.586634679933853,43.02676005027711,131.8437957763672
12.586636779457338,43.02676145063814,131.8437957763672
12.586638787880624,43.02676279501163,131.8437957763672
12.586640917005235,43.026764212356106,131.8437957763672
12.586642953693715,43.026765557749016,131.8437957763672
12.58664509847434,43.026766938599415,131.8437957763672
12.586647141162732,43.026768289312244,131.8437957763672
12.586649279287196,43.02676971613146,131.8437957763672
12.586651306788305,43.02677104057028,131.8437957763672
12.586653407108644,43.02677244280739,131.8437957763672
12.586655381196485,43.02677376000736,131.8437957763672
12.586657428900415,43.02677513612039,131.8437957763672
12.586659357215504,43.02677643320579,131.8437957763672
12.586661377052664,43.02677779723552,131.8437957763672
12.586663290297663,43.02677909206788,131.8437957763672
12.586665287400795,43.02678044061762,131.8437957763672
12.586667200880166,43.026781714962766,131.8437957763672
12.58666920885813,43.02678303227838,131.8437957763672
12.586671104853382,43.02678426809487,131.8437957763672
12.586673082808352,43.0267855261719,131.8437957763672
12.586674947632194,43.02678675403424,131.8437957763672
12.58667690840774,43.02678805228044,131.8437957763672
12.586678780145553,43.026789262988004,131.8437957763672
12.586680748901452,43.026790576521435,131.8437957763672
12.58668262440092,43.02679183629895,131.8437957763672
12.58668458636004,43.026793159489166,131.8437957763672
12.586686428930303,43.02679438800898,131.8437957763672
12.586688366960086,43.02679567333019,131.8437957763672
12.586690200132058,43.02679688790561,131.8437957763672
12.586692128529176,43.026798148154306,131.8437957763672
12.586693955478587,43.02679937712603,131.8437957763672
12.586695871383704,43.026800680812066,131.8437957763672
12.586697692825384,43.026801932453374,131.8437957763672
12.586699586781604,43.02680322984932,131.8437957763672
12.586701390457915,43.02680447574025,131.8437957763672
12.586703276949411,43.02680577471245,131.8437957763672
12.586705066387655,43.026806986448015,131.8437957763672
12.586706955410364,43.026808269042874,131.8437957763672
12.586708752102412,43.026809493502114,131.8437957763672
12.586710642543066,43.02681079103084,131.8437957763672
12.586712447567033,43.026812027472715,131.8437957763672
12.586714389897553,43.02681333262473,131.8437957763672
12.586716264834541,43.026814582682256,131.8437957763672
12.586718242824682,43.02681590654176,131.8437957763672
12.586720128366972,43.02681715402501,131.8437957763672
12.586722091708879,43.02681844892376,131.8437957763672
12.586723936118956,43.026819670950054,131.8437957763672
12.586725823583082,43.02682093952983,131.8437957763672
12.586727633540555,43.026822162899485,131.8437957763672
12.586729537891157,43.02682345811682,131.8437957763672
12.586731385289482,43.02682470522341,131.8437957763672
12.586733304288304,43.026826018824174,131.8437957763672
12.586735130628346,43.026827273837945,131.8437957763672
12.586737054689598,43.02682858850287,131.8437957763672
12.586738885060834,43.0268298398008,131.8437957763672
12.586740819047723,43.026831146988734,131.8437957763672
12.586742685758274,43.02683239169906,131.8437957763672
12.58674469640809,43.02683373655469,131.8437957763672
12.58674660718048,43.026834988963245,131.8437957763672
12.586748630380892,43.026836307984176,131.8437957763672
12.586750588414304,43.026837568632544,131.8437957763672
12.586752695461126,43.02683887737506,131.8437957763672
12.58675473022777,43.026840132261,131.8437957763672
12.586756900144747,43.026841443532064,131.8437957763672
12.586759015734406,43.026842668162715,131.8437957763672
12.58676120178786,43.026843980525065,131.8437957763672
12.586763290377913,43.02684524021985,131.8437957763672
12.586765481939088,43.02684657660089,131.8437957763672
12.586767578263396,43.02684784654598,131.8437957763672
12.58676974349293,43.02684918374059,131.8437957763672
12.586771791214442,43.02685046896274,131.8437957763672
12.586773943869947,43.02685183797401,131.8437957763672
12.586775981290838,43.02685313034559,131.8437957763672
12.586778122467999,43.026854484054624,131.8437957763672
12.586780161119348,43.02685578667625,131.8437957763672
12.586782311999492,43.02685716892302,131.8437957763672
12.586784367320515,43.02685848701607,131.8437957763672
12.586786537137877,43.026859878498804,131.8437957763672
12.586788604159898,43.026861216113176,131.8437957763672
12.586790792832447,43.02686261146483,131.8437957763672
12.586792858307613,43.02686392759183,131.8437957763672
12.586795013845892,43.02686530264474,131.8437957763672
12.586797063161145,43.026866606133744,131.8437957763672
12.586799293674872,43.02686802192336,131.8437957763672
12.586801423649074,43.02686936775961,131.8437957763672
12.586803700351563,43.026870781912976,131.8437957763672
12.586805816966583,43.02687211210004,131.8437957763672
12.586808020492423,43.026873505950384,131.8437957763672
12.586810108402794,43.02687482858377,131.8437957763672
12.586812309672808,43.02687621356118,131.8437957763672
12.58681438139397,43.02687753636162,131.8437957763672
12.586816550291424,43.0268789262413,131.8437957763672
12.586818616071266,43.0268802265949,131.8437957763672
12.586820792087751,43.02688159535342,131.8437957763672
12.586822855471151,43.02688289831557,131.8437957763672
12.586825016991762,43.02688427552515,131.8437957763672
12.5868270572046,43.02688559245098,131.8437957763672
12.586829207396272,43.02688697430369,131.8437957763672
12.586831256172466,43.02688829611682,131.8437957763672
12.586833398703124,43.026889683919094,131.8437957763672
12.586835430294022,43.026890994347106,131.8437957763672
12.586837545977419,43.026892357443074,131.8437957763672
12.586839574717773,43.026893672531365,131.8437957763672
12.586841692273207,43.0268950533989,131.8437957763672
12.586843713589833,43.02689638607887,131.8437957763672
12.586845813636245,43.02689778647844,131.8437957763672
12.586847792631241,43.02689913624894,131.8437957763672
12.58684985858833,43.02690057523286,131.8437957763672
12.586851828732883,43.02690196184008,131.8437957763672
12.586853912770273,43.02690343664556,131.9438018798828
12.586855892734985,43.02690485282925,131.9438018798828
12.586857967864049,43.026906345132176,131.9438018798828
12.586859916812607,43.02690776652869,131.9438018798828
12.586861926999182,43.02690925511914,131.9438018798828
12.58686384493012,43.02691067825778,131.9438018798828
12.58686585408324,43.02691216846616,131.9438018798828
12.586867750091491,43.02691358604192,131.9438018798828
12.586869712531666,43.026915074327064,131.9438018798828
12.586871581910325,43.02691649133316,131.9438018798828
12.586873537356476,43.02691798274086,131.9438018798828
12.586875340276944,43.02691937286471,131.9438018798828
12.586877255394716,43.02692086642266,131.9438018798828
12.58687908381261,43.02692232111358,131.9438018798828
12.586881018452802,43.02692388502111,131.9438018798828
12.586882886889644,43.02692540701188,131.9438018798828
12.586884872638224,43.026927012219375,131.9438018798828
12.586886779759729,43.02692854635769,131.9438018798828
12.586888809013162,43.026930184975235,131.9438018798828
12.586890722763693,43.02693172736326,131.9438018798828
12.586892742660924,43.02693335076638,131.9438018798828
12.58689465733377,43.026934876646415,131.9438018798828
12.586896655821533,43.026936451527845,131.9438018798828
12.586898616139335,43.026937974529474,131.9438018798828
12.586900729049837,43.02693960123934,131.9438018798828
12.586902779996171,43.02694119303141,131.9438018798828
12.586904914079204,43.02694284344529,131.9438018798828
12.586906962443793,43.02694442120514,131.9438018798828
12.586909145312733,43.02694607712738,131.9438018798828
12.586911234154737,43.026947653782116,131.9438018798828
12.586913409009608,43.02694929018946,131.9438018798828
12.586915435797344,43.026950814690245,131.9438018798828
12.586917492981602,43.02695239005999,131.9438018798828
12.586919477337846,43.026953919186795,131.9438018798828
12.586921576779298,43.026955548055454,131.9438018798828
12.586923574169539,43.02695709930999,131.9438018798828
12.586925687822696,43.026958753904395,131.9438018798828
12.586927680698347,43.026960288788,131.9438018798828
12.586929763282626,43.026961884863404,131.9438018798828
12.586931709046675,43.02696338932673,131.9438018798828
12.586933774545267,43.0269649402129,131.9438018798828
12.586935707421802,43.02696638841882,131.9438018798828
12.586937705770028,43.026967886919735,131.9438018798828
12.586939587392454,43.02696929219804,131.9438018798828
12.58694163478,43.026970820562404,131.9438018798828
12.586943602410924,43.026972270198975,131.9438018798828
12.586945709299538,43.026973774002656,131.9438018798828
12.586947696834448,43.026975208356276,131.9438018798828
12.586949778592565,43.02697670964993,131.9438018798828
12.586951740030202,43.026978133046754,131.8437957763672
12.586953778980353,43.02697961153591,131.8437957763672
12.586955672731493,43.02698102170577,131.8437957763672
12.586957623481789,43.0269824872678,131.8437957763672
12.586959440528993,43.02698389261464,131.9438018798828
12.586961379531418,43.026985406724044,131.9438018798828
12.58696321727363,43.026986837959385,131.9438018798828
12.58696515019998,43.02698833092622,131.9438018798828
12.586966980664958,43.02698974850628,131.9438018798828
12.586968892392397,43.02699123645304,131.9438018798828
12.586970688152807,43.026992651942834,131.9438018798828
12.58697255817969,43.026994116879486,131.9438018798828
12.586974313915313,43.02699550519575,131.9438018798828
12.586976143413517,43.02699694004623,131.9438018798828
12.586977903777976,43.02699831078367,131.9438018798828
12.586979770611554,43.02699973602233,131.9438018798828
12.58698152967525,43.02700110852451,131.9438018798828
12.586983357632452,43.02700254532819,131.9438018798828
12.586985091173094,43.02700389250726,131.9438018798828
12.586986927761037,43.02700532465067,131.9438018798828
12.586988680555299,43.02700668241815,131.9438018798828
12.586990529969222,43.02700810058074,131.9438018798828
12.586992271982401,43.02700941976389,131.9438018798828
12.586994097560744,43.02701080977636,131.9438018798828
12.586995862647795,43.02701213149525,131.9438018798828
12.586997716350716,43.02701351497992,131.9438018798828
12.586999511976378,43.02701485789278,131.9438018798828
12.587001399358488,43.027016272217494,131.9438018798828
12.587003202952783,43.02701760700913,131.9438018798828
12.587005114053296,43.02701899964301,131.9438018798828
12.587006967814824,43.02702031491976,131.9438018798828
12.587008947328382,43.027021697410696,131.9438018798828
12.587010786113558,43.027022965262304,131.9438018798828
12.58701272719017,43.02702431386344,131.9438018798828
12.587014585580512,43.02702561586183,131.9438018798828
12.5870165576762,43.02702701132273,131.9438018798828
12.587018447999665,43.02702834491504,131.9438018798828
12.587020393728551,43.027029746578194,131.9438018798828
12.587022231236391,43.027031075390305,131.9438018798828
12.587024156668699,43.02703247491178,131.9438018798828
12.587025954696655,43.02703379933775,131.9438018798828
12.58702783427419,43.02703520363946,131.9438018798828
12.587029607083778,43.02703653767725,131.9438018798828
12.587031419033401,43.02703789897421,131.9438018798828
12.587033182128291,43.027039234913794,131.9438018798828
12.587035056748869,43.0270406510889,131.9438018798828
12.587036865804022,43.0270419989533,131.9438018798828
12.587038764389089,43.02704340185007,131.9438018798828
12.587040565663097,43.02704473801238,131.9438018798828
12.587042464236449,43.02704613851048,131.9438018798828
12.58704429059994,43.027047470903454,131.9438018798828
12.587046222020469,43.02704886770074,131.9438018798828
12.587048063407169,43.02705018414256,131.9438018798828
12.587049978667768,43.027051506992244,131.9438018798828
12.587051825597344,43.027052814130656,131.9438018798828
12.587053781439371,43.02705420167593,131.9438018798828
12.587055643321861,43.027055511949726,131.9438018798828
12.58705764419838,43.027056872150155,131.9438018798828
12.587059521162676,43.02705816160693,131.9438018798828
12.58706148905139,43.02705950972833,131.9438018798828
12.587063351613544,43.02706078758582,131.9438018798828
12.587065285342604,43.027062133068675,131.9438018798828
12.587067097491447,43.02706339427253,131.9438018798828
12.587068972791691,43.027064704443546,131.9438018798828
12.5870707438552,43.027065942465974,131.9438018798828
12.58707262077261,43.02706727415649,131.9438018798828
12.587074383621399,43.02706852813006,131.9438018798828
12.587076236996186,43.02706983367506,131.9438018798828
12.587077953439419,43.02707107467869,131.9438018798828
12.587079742701887,43.0270723728392,131.9438018798828
12.587081454692077,43.027073582934236,131.9438018798828
12.587083276438463,43.02707481845517,131.9438018798828
12.587085057533109,43.02707592593849,131.9438018798828
12.587086966336798,43.027077018310194,131.9438018798828
12.587088839387109,43.027077993215556,131.9438018798828
12.587090893653471,43.02707899366677,131.9438018798828
12.587092884709836,43.02707988091786,131.9438018798828
12.587095019014075,43.027080734947354,131.8437957763672
12.587097110545518,43.027081456278964,131.8437957763672
12.587099338551488,43.02708211730113,131.8437957763672
12.587101488511733,43.027082644134815,131.8437957763672
12.587103796344628,43.02708306883654,131.8437957763672
12.587105951882908,43.02708339856804,131.8437957763672
12.587108197537034,43.027083645631066,131.8437957763672
12.587110363012664,43.027083794811205,131.8437957763672
12.587112673915817,43.027083839769105,131.8437957763672
12.587114850313144,43.0270838093916,131.8437957763672
12.58711710878738,43.027083679726275,131.8437957763672
12.587119280755088,43.02708347126463,131.8437957763672
12.587121516284352,43.027083153714884,131.8437957763672
12.587123633034128,43.02708275219452,131.8437957763672
12.587125835915428,43.027082221317265,131.8437957763672
12.587127916782912,43.027081587537054,131.8437957763672
12.58712999136923,43.027080836050644,131.8437957763672
12.587131916801503,43.027080019920064,131.8437957763672
12.587133941607288,43.027079029868744,131.8437957763672
12.587135698760802,43.027078031816146,131.8437957763672
12.587137434703694,43.02707689123112,131.8437957763672
12.587138963227794,43.02707574800755,131.8437957763672
12.587140511954711,43.02707442056608,131.8437957763672
12.587141834817796,43.02707313885356,131.8437957763672
12.587143120954856,43.027071718926216,131.8437957763672
12.587144290703012,43.02707027468663,131.8437957763672
12.587145228657738,43.02706876158807,131.8437957763672
12.587145989826027,43.027067266599474,131.8437957763672
12.587146649534898,43.027065649278676,131.8437957763672
12.587147207995272,43.027064050633264,131.8437957763672
12.587147586927072,43.02706240917158,131.8437957763672
12.587147826009389,43.027060845666675,131.8437957763672
12.587148044771702,43.02705916839627,131.8437957763672
12.587148044888817,43.027057610288395,131.8437957763672
12.587147901547121,43.02705597441218,131.8437957763672
12.587147611301353,43.02705442857179,131.8437957763672
12.58714719114346,43.02705278419745,131.8437957763672
12.587146653542062,43.02705124361699,131.8437957763672
12.587146123182803,43.027049594205415,131.8437957763672
12.587145762110087,43.027047915221665,131.8437957763672
12.587145403334192,43.02704623018984,131.8437957763672
12.587145110604178,43.027044626335886,131.8437957763672
12.587144828163064,43.02704295254355,131.8437957763672
12.587144526034734,43.027041343292595,131.8437957763672
12.587144160485453,43.027039693863905,131.8437957763672
12.587143750475896,43.02703815412299,131.8437957763672
12.587143377051769,43.027036485179394,131.8437957763672
12.587142973698398,43.02703494024706,131.8437957763672
12.587142512338037,43.0270333058786,131.8437957763672
12.587141982213057,43.027031774944234,131.8437957763672
12.587141370831503,43.02703010175156,131.8437957763672
12.58714076694984,43.027028604741254,131.8437957763672
12.587140088678654,43.027027055028725,131.8437957763672
12.587139450625642,43.02702553975425,131.8437957763672
12.587138790143273,43.02702398646083,131.8437957763672
12.587138133129564,43.02702253709842,131.8437957763672
12.587137335821032,43.02702106717596,131.8437957763672
12.587136442631122,43.02701972248125,131.8437957763672
12.58713542063066,43.02701831065803,131.8437957763672
12.587134411520669,43.02701699084093,131.8437957763672
12.587133380426636,43.02701559839552,131.8437957763672
12.587132391777244,43.02701428757345,131.8437957763672
12.587131269325111,43.027012951102755,131.8437957763672
12.587130080803638,43.02701173655308,131.8437957763672
12.587128684582138,43.027010532334806,131.8437957763672
12.58712727800146,43.02700944933504,131.8437957763672
12.58712577884408,43.02700832213119,131.8437957763672
12.58712443582501,43.02700717171161,131.8437957763672
12.587123053009652,43.027005925944906,131.8437957763672
12.587121780794204,43.02700472743201,131.8437957763672
12.587120472626161,43.0270034609682,131.8437957763672
12.587119154427006,43.02700227773826,131.8437957763672
12.587117853547907,43.02700100517498,131.8437957763672
12.587116624550555,43.02699979276693,131.8437957763672
12.587115339397792,43.02699848382952,131.8437957763672
12.587114155634143,43.02699727352888,131.8437957763672
12.58711294062878,43.02699599217616,131.8437957763672
12.58711177179457,43.02699475451354,131.8437957763672
12.587110482165253,43.02699345164135,131.8437957763672
12.58710912480255,43.02699226246616,131.8437957763672
12.58710760155172,43.026991046271654,131.8437957763672
12.587106134643838,43.02698987853027,131.8437957763672
12.587104587627788,43.02698866762995,131.8437957763672
12.587103153297557,43.02698749877491,131.8437957763672
12.587101679663213,43.026986261386426,131.8437957763672
12.587100310628879,43.0269850813947,131.8437957763672
12.587098892868704,43.026983870614316,131.8437957763672
12.587097535060764,43.026982694040676,131.8437957763672
12.587096117558398,43.02698140669986,131.8437957763672
12.587094732961784,43.0269801719756,131.8437957763672
12.587093266264834,43.02697885082209,131.8437957763672
12.587091860809158,43.02697757460083,131.8437957763672
12.587090346534765,43.026976186361665,131.8437957763672
12.587088840182094,43.02697494400453,131.8437957763672
12.58708712050446,43.02697373032865,131.8437957763672
12.587085414959446,43.026972667289286,131.8437957763672
12.587083512425203,43.02697165358542,131.8437957763672
12.58708168026105,43.02697071303242,131.8437957763672
12.587079795246135,43.02696970439999,131.9438018798828
12.587078085494223,43.02696868985656,131.9438018798828
12.587076318297836,43.02696764616929,131.9438018798828
12.58707464468599,43.026966649830065,131.9438018798828
12.587072815756125,43.02696561123139,131.9438018798828
12.587071075817125,43.026964594126525,131.9438018798828
12.587069206411307,43.026963504281966,131.9438018798828
12.587067428316638,43.02696246127145,131.9438018798828
12.587065586707286,43.02696133479578,131.9438018798828
12.587063785890297,43.02696027437778,131.9438018798828
12.587061860668907,43.026959142547916,131.9438018798828
12.587059936549053,43.026958031560795,131.9438018798828
12.587057956308932,43.02695691959709,131.9438018798828
12.58705603128674,43.0269558824205,131.9438018798828
12.587053976340712,43.02695481819034,131.9438018798828
12.58705197580403,43.02695382114008,131.9438018798828
12.587049878436757,43.0269528031443,131.9438018798828
12.587047875404016,43.02695186239426,131.9438018798828
12.587045749525446,43.02695089130962,131.9438018798828
12.587043685204547,43.026949995680305,131.9438018798828
12.587041466022677,43.026949076595415,131.9438018798828
12.587039344784664,43.02694820447305,131.9438018798828
12.587037091173627,43.02694725425683,131.9438018798828
12.587034972490272,43.02694636767391,131.9438018798828
12.587032744296828,43.02694542983653,131.9438018798828
12.587030598414662,43.02694449814147,131.9438018798828
12.587028362510392,43.0269435335675,131.9438018798828
12.58702623670213,43.02694262170431,131.9438018798828
12.587023976059927,43.02694166824988,131.9438018798828
12.587021769780199,43.02694075522161,131.9438018798828
12.587019378698546,43.02693977312877,131.9438018798828
12.58701709350595,43.026938852167774,131.9438018798828
12.587014646714202,43.02693788157999,131.9438018798828
12.587012392177405,43.02693700315256,131.9438018798828
12.587010042298271,43.02693609744882,131.9438018798828
12.58700781721025,43.026935232916536,131.9438018798828
12.587005464167099,43.026934314756836,131.9438018798828
12.587003277773821,43.026933447388984,131.9438018798828
12.587001014307468,43.0269325386098,131.9438018798828
12.586998896280356,43.02693165945419,131.9438018798828
12.586996583314729,43.026930736694176,131.9438018798828
12.58699436917185,43.02692986175338,131.9438018798828
12.58699203489014,43.02692894527275,131.9438018798828
12.58698982363004,43.02692807627723,131.9438018798828
12.586987501770018,43.02692716914286,131.9438018798828
12.586985294775475,43.026926335313576,131.9438018798828
12.586982994811617,43.026925484625075,131.9438018798828
12.586980821062676,43.02692472723627,131.9438018798828
12.586978564762239,43.026923965401366,131.9438018798828
12.586976407015015,43.02692323836432,131.9438018798828
12.586974146800566,43.02692246839106,131.9438018798828
12.58697198090893,43.02692172517154,131.9438018798828
12.586969712848887,43.026920937636596,131.9438018798828
12.586967563005842,43.02692017495359,131.9438018798828
12.586965282166693,43.026919419492295,131.9438018798828
12.586963104837723,43.026918717204374,131.9438018798828
12.586960804914872,43.02691799029582,131.9438018798828
12.586958618884855,43.02691730658904,131.9438018798828
12.586956307255138,43.0269165787467,131.9438018798828
12.586954059315879,43.02691587322058,131.9438018798828
12.58695163920731,43.02691513766824,131.9438018798828
12.586949310943073,43.02691442229044,131.9438018798828
12.586946827501453,43.02691366979321,131.9438018798828
12.586944429898397,43.02691294191661,131.9438018798828
12.58694183017921,43.02691217838548,131.9438018798828
12.58693937949687,43.026911416156494,131.9438018798828
12.586936799297915,43.02691059449187,131.9438018798828
12.586934394684238,43.02690982698582,131.9438018798828
12.5869318467641,43.0269089984593,131.9438018798828
12.586929400625646,43.026908190972534,131.9438018798828
12.586926799347898,43.02690732221688,131.9438018798828
12.586924298659477,43.02690647767923,131.9438018798828
12.586921692931602,43.02690559346928,131.9438018798828
12.586919206472464,43.02690474812636,131.9438018798828
12.586916602941825,43.02690383053206,131.9438018798828
12.58691411035387,43.026902975521644,131.9438018798828
12.586911488614025,43.02690207190389,131.9438018798828
12.586909002587005,43.026901216263816,131.9438018798828
12.586906457690253,43.02690031273172,131.9438018798828
12.586903937827309,43.02689944840932,131.9438018798828
12.586901243958163,43.02689853004831,131.9438018798828
12.586898656525182,43.02689762409612,131.9438018798828
12.586895945713907,43.026896697014216,131.9438018798828
12.586893353938818,43.02689582051,131.9438018798828
12.586890610376681,43.026894906145344,131.9438018798828
12.586887984588516,43.026894033757415,131.9438018798828
12.58688519601084,43.02689311802637,131.9438018798828
12.586882534441376,43.026892252037754,131.9438018798828
12.586879789917766,43.02689133600258,131.9438018798828
12.586877076754394,43.02689044232217,131.9438018798828
12.586874175038496,43.026889483085235,131.9438018798828
12.586871404109825,43.026888578563685,131.9438018798828
12.58686847374005,43.02688762983378,131.9438018798828
12.586865730967842,43.026886734628505,131.9438018798828
12.586862880096168,43.026885802702154,131.9438018798828
12.58686018279349,43.02688491149324,131.9438018798828
12.586857346883487,43.0268839943701,131.9438018798828
12.586854654234534,43.02688312955084,131.9438018798828
12.586851818889945,43.026882220643145,131.9438018798828
12.586849108617718,43.026881345359676,131.9438018798828
12.586846154534669,43.026880415729195,131.9438018798828
12.586843341156559,43.02687952809258,131.9438018798828
12.586840356101312,43.02687858897878,131.9438018798828
12.586837543558152,43.02687770960044,131.9438018798828
12.586834584107994,43.02687678947041,131.9438018798828
12.586831760564019,43.02687591955826,131.9438018798828
12.586828780251867,43.026875000434806,131.9438018798828
12.586825961524221,43.026874151189766,131.9438018798828
12.586823009632543,43.02687326152712,131.9438018798828
12.586820183463601,43.026872407531854,131.9438018798828
12.586817124862574,43.02687147912639,131.9438018798828
12.586814203913796,43.02687057854552,131.9438018798828
12.586811127898963,43.02686961607038,131.9438018798828
12.586808185083319,43.02686870050853,131.9438018798828
12.586805093687854,43.0268677673143,131.9438018798828
12.586802135690794,43.02686689225572,131.9438018798828
12.586799013188367,43.02686597010181,131.9438018798828
12.586796036593928,43.026865131734326,131.9438018798828
12.586792911290763,43.02686428245502,131.9438018798828
12.586789900554257,43.02686348679029,131.9438018798828
12.586786730386526,43.02686267379518,131.9438018798828
12.586783659656767,43.02686192186336,131.9438018798828
12.586780404177803,43.0268611672416,131.9438018798828
12.586777259351488,43.02686047980618,131.9438018798828
12.58677396849414,43.02685976933925,131.9438018798828
12.586770820638577,43.02685912056311,131.9438018798828
12.586767491859922,43.0268584765415,131.9438018798828
12.58676433895365,43.026857912384905,131.9438018798828
12.58676104480339,43.02685738876156,131.9438018798828
12.586757861147575,43.026856944859766,131.9438018798828
12.586754465362102,43.02685651852821,131.8437957763672
12.586751201328575,43.02685618668288,131.8437957763672
12.58674775910239,43.02685590771322,131.8437957763672
12.586744480983148,43.0268557126114,131.8437957763672
12.586740982472646,43.02685560003454,131.8437957763672
12.586737701705001,43.02685554697683,131.8437957763672
12.586734245791517,43.026855552540916,131.8437957763672
12.586730971972987,43.02685562471094,131.8437957763672
12.586727550816802,43.02685577048375,131.8437957763672
12.586724256959515,43.02685597882331,131.8437957763672
12.58672075016398,43.02685626126466,131.8437957763672
12.586717325117219,43.026856577445855,131.8437957763672
12.586713762564685,43.02685690067313,131.8437957763672
12.586710338572596,43.02685717630394,131.8437957763672
12.586706586495545,43.026857476647486,131.8437957763672
12.586703136968692,43.02685778528146,131.8437957763672
12.586699510573373,43.02685816870469,131.8437957763672
12.586696091467942,43.026858595310436,131.8437957763672
12.586692469221001,43.02685910538775,131.8437957763672
12.586689048978867,43.02685967106499,131.8437957763672
12.58668542850143,43.02686033449446,131.8437957763672
12.586681867589512,43.026860964038406,131.8437957763672
12.586678246104272,43.026861659558655,131.8437957763672
12.586674802577328,43.02686234567911,131.8437957763672
12.586671196677804,43.02686311529903,131.8437957763672
12.58666774818219,43.0268639123987,131.8437957763672
12.586664166446369,43.026864789834576,131.8437957763672
12.586660781067012,43.02686568514483,131.8437957763672
12.58665718674545,43.026866670503736,131.8437957763672
12.586653879177444,43.02686770442502,131.8437957763672
12.586650449408133,43.02686886204918,131.8437957763672
12.586647238752748,43.02687002031154,131.8437957763672
12.586643851756232,43.02687128906697,131.8437957763672
12.586640725966772,43.02687255478549,131.8437957763672
12.586637459835636,43.02687392654238,131.8437957763672
12.586634296523279,43.02687526930961,131.8437957763672
12.586631058610473,43.02687669413282,131.8437957763672
12.586628010585468,43.02687807406232,131.8437957763672
12.586624816453245,43.026879545111306,131.8437957763672
12.58662174257705,43.026880972911414,131.8437957763672
12.586618435665255,43.02688247257739,131.8437957763672
12.58661527964185,43.02688390142263,131.8437957763672
12.586611843169488,43.02688547351134,131.8437957763672
12.586608708989516,43.02688691817496,131.8437957763672
12.586605438803751,43.026888452664515,131.8437957763672
12.586602337060793,43.02688993783568,131.8437957763672
12.586598997266684,43.02689153908967,131.8437957763672
12.58659591031257,43.02689307057231,131.8437957763672
12.586592678751229,43.02689471055625,131.8437957763672
12.586589564727214,43.02689631980723,131.8437957763672
12.586586388383811,43.02689802733945,131.8437957763672
12.586583397404837,43.026899670544466,131.8437957763672
12.586580294818152,43.02690141397536,131.8437957763672
12.586577375088138,43.02690309626586,131.8437957763672
12.586574383546694,43.026904925500645,131.8437957763672
12.586571603642726,43.02690671137945,131.8437957763672
12.58656870706861,43.026908631600946,131.8437957763672
12.586566041912926,43.02691049056211,131.8437957763672
12.586563297399044,43.026912463305905,131.8437957763672
12.586560678859852,43.026914380194945,131.8437957763672
12.586557882456104,43.02691642602966,131.8437957763672
12.586555237432922,43.02691837282497,131.8437957763672
12.58655245645082,43.026920412594485,131.8437957763672
12.586549733944416,43.02692238773696,131.8437957763672
12.586547003867821,43.02692444617327,131.8437957763672
12.586544437593481,43.026926427620815,131.8437957763672
12.58654177677367,43.02692854108948,131.8437957763672
12.586539242842589,43.02693059501116,131.8437957763672
12.586536649803007,43.02693278071407,131.8437957763672
12.58653419994099,43.026934888023305,131.8437957763672
12.586531629940147,43.02693716204869,131.8437957763672
12.586529271670544,43.026939330147094,131.8437957763672
12.58652687327654,43.0269416461064,131.8437957763672
12.586524671707737,43.026943885479575,131.8437957763672
12.586522399171232,43.02694628677158,131.8437957763672
12.58652035097515,43.02694859288778,131.8437957763672
12.586518281029388,43.02695105567999,131.8437957763672
12.586516387471642,43.02695341004372,131.8437957763672
12.586514535655466,43.026955924672905,131.8437957763672
12.586512855539867,43.026958377784766,131.8437957763672
12.586511178682025,43.026961019757664,131.8437957763672
12.586509636704994,43.02696362342037,131.8437957763672
12.58650815892233,43.02696633831285,131.8437957763672
12.586506879136733,43.02696895205854,131.8437957763672
12.58650558144515,43.026971819660666,131.8437957763672
12.586504568280583,43.02697446025432,131.8437957763672
12.586503640450683,43.0269772372124,131.8437957763672
12.58650289889927,43.02697986646377,131.8437957763672
12.586502260588519,43.026982660726546,131.8437957763672
12.586501803540708,43.02698532947032,131.8437957763672
12.586501475795666,43.026988174961836,131.8437957763672
12.586501252697511,43.02699101769489,131.8437957763672
12.586501275642567,43.02699387766409,131.8437957763672
12.58650145880399,43.02699659677994,131.8437957763672
12.586501818353408,43.02699943379043,131.8437957763672
12.586502305986873,43.027002169559886,131.8437957763672
12.58650300682811,43.0270049474774,131.8437957763672
12.58650385661245,43.02700753235335,131.8437957763672
12.586504956002448,43.02701031356048,131.8437957763672
12.58650615917215,43.02701285339282,131.8437957763672
12.586507575830852,43.027015513518485,131.8437957763672
12.586509052863653,43.02701801060308,131.8437957763672
12.586510795626884,43.02702077159284,131.8437957763672
12.586512550085258,43.027023169817916,131.8437957763672
12.58651453917296,43.02702563536,131.8437957763672
12.58651664148553,43.02702810604207,131.8437957763672
12.586518899514521,43.02703043518545,131.8437957763672
12.586521154238879,43.02703259652469,131.8437957763672
12.586523636608288,43.02703480455234,131.8437957763672
12.58652615485998,43.02703692235571,131.8437957763672
12.586528846874696,43.027039007211634,131.8437957763672
12.586531477015319,43.02704094866132,131.8437957763672
12.586534407057732,43.02704308301553,131.8437957763672
12.586537156938773,43.027044932887385,131.8437957763672
12.58654010999647,43.0270468250444,131.8437957763672
12.586542932040462,43.02704862843349,131.8437957763672
12.586545995416788,43.02705068277494,131.8437957763672
12.586548751368001,43.02705255421775,131.8437957763672
12.586551614895754,43.0270545478043,131.8437957763672
12.586554426908647,43.02705659868479,131.8437957763672
12.586557327068663,43.02705870281578,131.8437957763672
12.586560057684316,43.0270607187442,131.8437957763672
12.58656288101733,43.02706284967177,131.8437957763672
12.586565536540348,43.02706496970251,131.8437957763672
12.586568309296005,43.02706713563353,131.8437957763672
12.586570926780533,43.02706920553206,131.8437957763672
12.586573650411928,43.02707146405175,131.8437957763672
12.58657624349839,43.027073542259956,131.8437957763672
12.586578967739149,43.027075725170135,131.8437957763672
12.586581554521015,43.027077799232046,131.8437957763672
12.586584188083437,43.027079994101314,131.8437957763672
12.586586765513884,43.02708206065883,131.8437957763672
12.586589479770423,43.02708422905704,131.8437957763672
12.586591971795889,43.027086276476595,131.8437957763672
12.586594680919688,43.02708844396673,131.8437957763672
12.586597247967472,43.02709051468766,131.8437957763672
12.586599938786854,43.02709269696389,131.8437957763672
12.58660241864844,43.02709475235044,131.8437957763672
12.586605082796355,43.02709688009119,131.8437957763672
12.586607660812739,43.0270989247694,131.8437957763672
12.586610325945012,43.02710110428717,131.8437957763672
12.586612976265005,43.02710317348322,131.8437957763672
12.586615781645193,43.02710534347484,131.8437957763672
12.586618453316431,43.02710741154008,131.8437957763672
12.586621217540973,43.027109607146066,131.8437957763672
12.586623881009192,43.027111679597475,131.8437957763672
12.586626676030146,43.027113867716174,131.8437957763672
12.586629292108462,43.02711598550245,131.8437957763672
12.586632106254148,43.02711817799016,131.8437957763672
12.586634798198528,43.02712025827149,131.8437957763672
12.586637644687482,43.02712243790919,131.8437957763672
12.586640346358278,43.02712451435265,131.8437957763672
12.586643230909164,43.02712669815375,131.8437957763672
12.586645989860358,43.02712877721862,131.8437957763672
12.586648868505083,43.027130983635764,131.8437957763672
12.58665164908876,43.02713307287786,131.8437957763672
12.586654579178026,43.027135278763865,131.8437957763672
12.586657346707216,43.02713737102143,131.8437957763672
12.586660186094711,43.02713954096164,131.8437957763672
12.586662982053172,43.02714164932456,131.8437957763672
12.586665976782117,43.02714388488555,131.8437957763672
12.586668856598703,43.02714606239871,131.8437957763672
12.58667187959285,43.02714828192286,131.8437957763672
12.586674768620236,43.02715037949175,131.8437957763672
12.58667781890694,43.02715256522892,131.8437957763672
12.586680724516118,43.02715465375139,131.8437957763672
12.586683810099178,43.027156797888765,131.8437957763672
12.586686769215369,43.027158817946315,131.8437957763672
12.586689897571233,43.02716096280328,131.8437957763672
12.586692930748844,43.027162921386335,131.8437957763672
12.586696189813726,43.02716492335105,131.8437957763672
12.586699356337022,43.027166767243365,131.8437957763672
12.586702760747409,43.02716865417469,131.8437957763672
12.586706092631538,43.027170320325496,131.8437957763672
12.586709712616868,43.02717192205484,131.8437957763672
12.586713302930757,43.02717331170741,131.8437957763672
12.58671715165095,43.027174491373515,131.8437957763672
12.586720870283214,43.027175385152354,131.8437957763672
12.586724818107369,43.02717608566688,131.8437957763672
12.586728643050526,43.02717658938761,131.8437957763672
12.586732713697058,43.027176931814886,131.8437957763672
12.586736603174408,43.02717707823651,131.8437957763672
12.58674092387191,43.02717711750609,131.8437957763672
12.586744854762697,43.02717689528631,131.8437957763672
12.586748995310511,43.02717645646658,131.8437957763672
12.58675291327568,43.02717585590792,131.8437957763672
12.586757344619919,43.027175068561355,131.8437957763672
12.58676110838032,43.02717411402745,131.8437957763672
12.586764953280134,43.02717293494373,131.8437957763672
12.586769008920943,43.02717165336823,131.8437957763672
12.586772698520313,43.02717016516441,131.8437957763672
12.58677608289765,43.027168621825425,131.8437957763672
12.586779475583452,43.0271668683629,131.8437957763672
12.586782801678435,43.02716504280319,131.8437957763672
12.586785873568207,43.02716300112326,131.8437957763672
12.586788627339654,43.02716092764383,131.8437957763672
12.586791777216535,43.027158528048,131.8437957763672
12.586794090668342,43.027156237660215,131.8437957763672
12.586796271676807,43.027153743419696,131.8437957763672
12.58679818916967,43.027151264325084,131.8437957763672
12.586800392238361,43.027148414978534,131.8437957763672
12.586801911135556,43.027145778325526,131.8437957763672
12.586803243660516,43.02714295080689,131.8437957763672
12.586804596710566,43.02713997282308,131.8437957763672
12.58680537978081,43.02713707553741,131.8437957763672
12.586805865890623,43.027134305175686,131.8437957763672
12.586806095369488,43.02713140175628,131.8437957763672
12.586806178887631,43.027128512454766,131.8437957763672
12.58680587554043,43.027125635489284,131.8437957763672
12.586805326308212,43.027122943752566,131.8437957763672
12.586804614674124,43.02711989396289,131.8437957763672
12.586803571767625,43.02711731086883,131.8437957763672
12.58680225212112,43.02711465132572,131.8437957763672
12.586800822161814,43.027112172162624,131.8437957763672
12.586799197187851,43.027109297647215,131.8437957763672
12.58679747790278,43.02710690509327,131.8437957763672
12.586795559817983,43.027104416147004,131.8437957763672
12.586793701287052,43.02710174371955,131.8437957763672
12.586791876072047,43.02709919434389,131.8437957763672
12.58679019383537,43.02709667973183,131.8437957763672
12.586788452853451,43.027093988046495,131.8437957763672
12.586786696988929,43.02709127336819,131.8437957763672
12.586784982045673,43.027088545754175,131.8437957763672
12.586783341802484,43.02708591247646,131.8437957763672
12.586781516206587,43.02708282427371,131.8437957763672
12.586779883516014,43.02708012941869,131.8437957763672
12.58677818298075,43.02707728951265,131.8437957763672
12.58677658493614,43.02707460178511,131.8437957763672
12.586774894519857,43.0270717081317,131.8437957763672
12.58677330144978,43.0270690038362,131.8437957763672
12.58677161308425,43.02706613336424,131.8437957763672
12.586770005787825,43.02706330091121,131.8437957763672
12.586768326515909,43.02706042535063,131.8437957763672
12.586766731113837,43.02705769782231,131.8437957763672
12.58676505446688,43.02705484374697,131.8437957763672
12.586763489931538,43.02705211892571,131.8437957763672
12.58676182733516,43.02704926305137,131.8437957763672
12.586760258018636,43.02704655935554,131.8437957763672
12.586758731404604,43.02704377441332,131.8437957763672
12.586757145365674,43.02704106530336,131.8437957763672
12.586755438027765,43.027038199149,131.8437957763672
12.586753800860686,43.02703547857682,131.8437957763672
12.586752103167168,43.02703260743665,131.8437957763672
12.586750456519766,43.02702989296395,131.8437957763672
12.586748724947844,43.02702703830608,131.8437957763672
12.586747141674493,43.02702430813922,131.8437957763672
12.586745384626388,43.02702145418382,131.8437957763672
12.586743721186268,43.027018768786434,131.8437957763672
12.586741984212088,43.02701597352992,131.8437957763672
12.58674035167384,43.027013324026925,131.8437957763672
12.586738533196954,43.02701044498827,131.8437957763672
12.586736796386823,43.0270076774364,131.8437957763672
12.586735014917208,43.027004667053404,131.8437957763672
12.586733269072065,43.02700185202499,131.8437957763672
12.586731407271602,43.02699888593174,131.8437957763672
12.586729610614695,43.02699606298772,131.8437957763672
12.586727720935741,43.026993074792436,131.8437957763672
12.586725887470795,43.026990265126756,131.8437957763672
12.586723961511138,43.026987311403786,131.8437957763672
12.586722167701858,43.026984452753844,131.8437957763672
12.586720173001032,43.02698140019707,131.8437957763672
12.586718265662185,43.02697848794541,131.8437957763672
12.586716249610113,43.026975423635164,131.8437957763672
12.58671434012677,43.02697248907587,131.8437957763672
12.586712292481423,43.026969425853586,131.8437957763672
12.586710340623712,43.02696650598614,131.8437957763672
12.586708348348639,43.026963393779575,131.8437957763672
12.586706412404752,43.026960478229746,131.8437957763672
12.586704389016854,43.02695744157275,131.8437957763672
12.586702427069447,43.0269545381362,131.8437957763672
12.586700372709354,43.026951475976205,131.8437957763672
12.586698356200255,43.026948576223326,131.8437957763672
12.586696232829473,43.026945535754166,131.8437957763672
12.586694256690873,43.02694259665452,131.8437957763672
12.586692125046774,43.026939563441324,131.8437957763672
12.586690089483278,43.02693667790058,131.8437957763672
12.586687942523005,43.02693364200601,131.8437957763672
12.586685925615473,43.026930767225004,131.8437957763672
12.586683792272183,43.026927773701246,131.8437957763672
12.586681732240303,43.02692490232978,131.8437957763672
12.586679557413254,43.02692186078977,131.8437957763672
12.58667744879615,43.026918978341605,131.8437957763672
12.586675225782319,43.02691595907496,131.8437957763672
12.586673122415153,43.02691310027938,131.8437957763672
12.586670958298912,43.02691007987338,131.8437957763672
12.586668994054735,43.02690720047063,131.8437957763672
12.586667120559262,43.02690408679912,131.8437957763672
12.586665697760255,43.02690106240098,131.8437957763672
12.586664571581862,43.02689771482482,131.8437957763672
12.586663875850192,43.02689441818618,131.8437957763672
12.58666352283998,43.02689089618817,131.8437957763672
12.586663507840356,43.02688758256612,131.8437957763672
12.586663886116142,43.02688415411628,131.8437957763672
12.586664545239303,43.02688093207631,131.8437957763672
12.58666568735528,43.02687761123679,131.8437957763672
12.586666898423333,43.02687439405412,131.8437957763672
12.58666843906461,43.026871016451786,131.8437957763672
12.58667015745324,43.02686786275681,131.8437957763672
12.586672462637841,43.0268649406492,131.8437957763672
12.586674710190483,43.02686194695412,131.8437957763672
12.586677306276993,43.02685884688444,131.8437957763672
12.58668013640686,43.02685627245128,131.8437957763672
12.586683030215445,43.02685336404071,131.8437957763672
12.586685838337786,43.02685066647008,131.74378967285156
12.5866888704959,43.02684790493527,131.74378967285156
12.586692033198988,43.026845578885016,131.74378967285156
12.58669549724528,43.02684310213348,131.74378967285156
12.58669902464218,43.02684095269128,131.74378967285156
12.586702944669927,43.02683930771024,131.74378967285156
12.586706842139394,43.02683758127045,131.74378967285156
12.586711089209125,43.02683593004183,131.74378967285156
12.586715185413906,43.026834546363155,131.74378967285156
12.586719505045055,43.02683348802024,131.74378967285156
12.586723688295415,43.02683246644472,131.74378967285156
12.586728128815382,43.02683158852628,131.74378967285156
12.586732185997294,43.026831218628885,131.74378967285156
12.58673666631353,43.02683081145705,131.74378967285156
12.586740887391425,43.0268306442441,131.74378967285156
12.586745245014153,43.02683069949391,131.74378967285156
12.586749133202446,43.026831083027226,131.74378967285156
12.586753460403742,43.026831472466995,131.74378967285156
12.586757503464726,43.026832024824685,131.74378967285156
12.586761359321457,43.02683298060907,131.74378967285156
12.58676523024827,43.02683390222069,131.74378967285156
12.586769191290923,43.02683505133175,131.74378967285156
12.58677282216269,43.026836324776404,131.74378967285156
12.586776088996896,43.02683795549607,131.74378967285156
12.586779388783736,43.02683951463709,131.74378967285156
12.58678265907493,43.026841268268534,131.74378967285156
12.586785237091265,43.02684310173936,131.74378967285156
12.586788393970096,43.02684504438592,131.74378967285156
12.586791301114356,43.02684695693439,131.74378967285156
12.586794248588083,43.026849035565334,131.74378967285156
12.58679671656112,43.02685111080977,131.74378967285156
12.58679942519857,43.02685331981301,131.74378967285156
12.586801957248833,43.02685544742847,131.74378967285156
12.58680432116099,43.02685760681667,131.74378967285156
12.5868069061558,43.026859653918166,131.74378967285156
12.586809647458821,43.02686173927525,131.74378967285156
12.586812301528768,43.026863722529285,131.74378967285156
12.586814879052975,43.0268657493374,131.74378967285156
12.586817632701527,43.02686774791187,131.74378967285156
12.586820597542264,43.02686983436336,131.74378967285156
12.5868234167504,43.026871732797616,131.74378967285156
12.586826520749218,43.02687383309287,131.74378967285156
12.586829526013169,43.026875832314126,131.74378967285156
12.586832734269215,43.026877933463894,131.74378967285156
12.586835803950168,43.02687988657928,131.74378967285156
12.586839017640699,43.02688196660791,131.74378967285156
12.586842133777022,43.0268839752675,131.74378967285156
12.586845562687998,43.02688608563503,131.74378967285156
12.586848817083014,43.026888123866804,131.74378967285156
12.58685228355788,43.02689027193629,131.74378967285156
12.58685561758647,43.02689233353799,131.74378967285156
12.586859280934867,43.02689454714687,131.74378967285156
12.586862652073245,43.02689662371025,131.74378967285156
12.586866192323114,43.02689880113346,131.74378967285156
12.586869576239854,43.02690085722249,131.74378967285156
12.586873016090644,43.026903020373624,131.74378967285156
12.586876323912827,43.02690510930302,131.74378967285156
12.5868798444636,43.02690733639157,131.74378967285156
12.58688328094439,43.02690948721524,131.74378967285156
12.586886802669207,43.02691171560592,131.74378967285156
12.586890151913527,43.026913832407004,131.74378967285156
12.586893755609141,43.02691607055087,131.8437957763672
12.586897088281653,43.02691819130976,131.8437957763672
12.58690057360656,43.02692042934225,131.8437957763672
12.586903840025531,43.026922543059335,131.8437957763672
12.586907244724431,43.02692469632879,131.8437957763672
12.586910473901044,43.0269268053342,131.8437957763672
12.586913894717394,43.02692905118378,131.8437957763672
12.586917259164483,43.02693117866751,131.8437957763672
12.586920763973753,43.02693338696931,131.8437957763672
12.586924167402703,43.02693544132785,131.8437957763672
12.586927817703955,43.026937510206885,131.8437957763672
12.586931370263496,43.02693934273976,131.8437957763672
12.586935159359557,43.02694112817302,131.8437957763672
12.586938795721556,43.02694267463016,131.8437957763672
12.586942641992538,43.026944082170004,131.8437957763672
12.586946408389714,43.0269453418832,131.8437957763672
12.586950472977763,43.02694651730882,131.8437957763672
12.58695439326913,43.02694747236512,131.8437957763672
12.586958758866375,43.02694826850095,131.8437957763672
12.586962784062424,43.02694886711481,131.8437957763672
12.586967046249079,43.02694929370116,131.8437957763672
12.58697136691728,43.0269495205125,131.8437957763672
12.586975638168228,43.02694953024416,131.8437957763672
12.586979644702406,43.02694932241639,131.74378967285156
12.586983800103505,43.026948874430296,131.74378967285156
12.586987871517561,43.026948234473466,131.74378967285156
12.586991961546554,43.026947368681796,131.74378967285156
12.586995759630655,43.02694633299571,131.74378967285156
12.587000072687571,43.02694500204185,131.74378967285156
12.587003645376582,43.02694358501856,131.74378967285156
12.587007236955918,43.02694191353915,131.74378967285156
12.587010495598788,43.0269401370151,131.74378967285156
12.587014215824633,43.02693798646122,131.74378967285156
12.587017052118298,43.026935887375956,131.74378967285156
12.587019786425202,43.02693355163615,131.74378967285156
12.587022672194696,43.0269310803886,131.74378967285156
12.587025029268922,43.026928513879575,131.74378967285156
12.587027056547257,43.02692597583763,131.74378967285156
12.587028923117039,43.02692321369559,131.74378967285156
12.587030658930939,43.026920381203986,131.74378967285156
12.587031957747426,43.026917460171454,131.74378967285156
12.587032896416913,43.026914641557894,131.74378967285156
12.58703394729177,43.02691143229085,131.74378967285156
12.587034257986224,43.02690862450558,131.74378967285156
12.587034276454563,43.026905702779196,131.74378967285156
12.58703403698533,43.026902915793855,131.74378967285156
12.587033772965679,43.026899701181236,131.74378967285156
12.587032968250945,43.02689702241879,131.74378967285156
12.587031815014054,43.02689431286768,131.74378967285156
12.587030584575189,43.02689147326583,131.74378967285156
12.587028864030339,43.02688900981404,131.643798828125
12.587026984194894,43.026886788398855,131.643798828125
12.587024766091055,43.02688460876551,131.643798828125
12.587022467773574,43.02688254428121,131.643798828125
12.587019910827143,43.02688071944766,131.643798828125
12.587017317904692,43.02687910322136,131.643798828125
12.587014357065843,43.026877231879304,131.643798828125
12.587011472268832,43.02687594152096,131.643798828125
12.587008306706473,43.026874796594896,131.643798828125
12.587005217771901,43.026873896872914,131.643798828125
12.587001655125643,43.02687285444714,131.643798828125
12.586998541488342,43.02687214149796,131.643798828125
12.586995274958786,43.02687121805252,131.643798828125
12.586991943508336,43.02686995204485,131.643798828125
12.586988823191472,43.02686877950827,131.643798828125
12.586985873409173,43.026867639225266,131.643798828125
12.58698277276191,43.02686643335788,131.643798828125
12.58697964100181,43.02686525391869,131.643798828125
12.586976501741812,43.02686405877248,131.643798828125
12.586973434480718,43.02686296637724,131.643798828125
12.586969881144837,43.026861700852585,131.643798828125
12.586966729844018,43.02686070818523,131.643798828125
12.586963454959108,43.02685961687789,131.643798828125
12.586960378264601,43.026858549136435,131.643798828125
12.586957090799789,43.026857394503146,131.643798828125
12.586954022384452,43.026856286993024,131.643798828125
12.586950795627718,43.02685508612322,131.74378967285156
12.586947622729557,43.02685393430411,131.74378967285156
12.586944328233592,43.02685282466732,131.74378967285156
12.586941177413227,43.026851800787306,131.74378967285156
12.586937860077763,43.026850751351795,131.74378967285156
12.586934702706722,43.02684970046689,131.74378967285156
12.58693138621207,43.02684863038942,131.74378967285156
12.586928244666954,43.02684764746671,131.74378967285156
12.586925009648613,43.02684662931191,131.74378967285156
12.586921816805434,43.02684568407988,131.74378967285156
12.58691841421148,43.026844646572904,131.74378967285156
12.586915169203069,43.02684362098059,131.74378967285156
12.586911727965644,43.0268424463326,131.74378967285156
12.586908479876712,43.02684138738003,131.74378967285156
12.586905063112058,43.026840254968306,131.74378967285156
12.586901764852955,43.02683913680273,131.74378967285156
12.586898240166786,43.026838116595776,131.74378967285156
12.586894856996345,43.02683724474919,131.74378967285156
12.586891298909881,43.026836344193924,131.74378967285156
12.586887921822592,43.02683539620983,131.74378967285156
12.58688424625219,43.02683438165462,131.74378967285156
12.58688075287461,43.026833361483945,131.74378967285156
12.586877014294604,43.02683218774322,131.74378967285156
12.586873486690159,43.02683112276372,131.74378967285156
12.586869734758842,43.02682998308571,131.74378967285156
12.586866112603426,43.02682887909448,131.74378967285156
12.586862244601816,43.02682761284755,131.74378967285156
12.586858558969077,43.026826495455055,131.74378967285156
12.58685467952282,43.02682531394194,131.74378967285156
12.586850963940336,43.02682407913656,131.74378967285156
12.586846954092696,43.02682283169345,131.74378967285156
12.586843117486623,43.02682162382573,131.74378967285156
12.586839062976562,43.02682034060604,131.74378967285156
12.5868351680237,43.02681905625553,131.74378967285156
12.586831084029713,43.026817742276634,131.74378967285156
12.58682720070462,43.02681648636805,131.74378967285156
12.58682313597012,43.02681506441041,131.74378967285156
12.586819319253427,43.026813767019796,131.74378967285156
12.586815400368337,43.02681236729804,131.74378967285156
12.586811681900185,43.02681097498541,131.74378967285156
12.5868078036844,43.026809359231216,131.74378967285156
12.586804102424978,43.026807788855805,131.74378967285156
12.586800269202678,43.026806030039126,131.74378967285156
12.586796713200869,43.02680420904761,131.74378967285156
12.586793014748052,43.0268022760746,131.74378967285156
12.586789559326778,43.026800366938375,131.74378967285156
12.586785988413073,43.02679829739106,131.74378967285156
12.586782705993135,43.026796281858815,131.74378967285156
12.5867792944462,43.02679412976939,131.74378967285156
12.58677606286143,43.02679202850397,131.74378967285156
12.586772820448703,43.02678978026427,131.74378967285156
12.586769645253728,43.02678759571785,131.74378967285156
12.586766377048418,43.026785257635076,131.74378967285156
12.58676333530459,43.026782988886744,131.74378967285156
12.586760379036052,43.026780580394444,131.74378967285156
12.586757464509079,43.0267782466807,131.74378967285156
12.586754452471832,43.02677577402825,131.74378967285156
12.586751869287587,43.026773502191645,131.74378967285156
12.586748992306932,43.02677101499723,131.74378967285156
12.586746288116684,43.026768566271485,131.74378967285156
12.586743470900771,43.026765894370875,131.74378967285156
12.58674091916919,43.02676329575822,131.74378967285156
12.586738245248016,43.026760524407024,131.74378967285156
12.586735743015689,43.026757881376156,131.74378967285156
12.586733233377197,43.02675515344092,131.74378967285156
12.586730701953869,43.026752572651276,131.74378967285156
12.586728002931475,43.02674991220008,131.74378967285156
12.58672542609867,43.02674745280888,131.74378967285156
12.58672288941371,43.02674500110197,131.74378967285156
12.586720266081597,43.02674257793924,131.74378967285156
12.586717454514005,43.02673999472521,131.74378967285156
12.586714819603957,43.02673756860697,131.74378967285156
12.586712021008843,43.02673497095808,131.74378967285156
12.586709392438554,43.02673250207499,131.74378967285156
12.586706658166705,43.02672991904944,131.74378967285156
12.586704055271793,43.026727504316334,131.74378967285156
12.586701314132847,43.026724951548296,131.74378967285156
12.58669871456601,43.026722542340686,131.74378967285156
12.586696024930198,43.02672008440581,131.74378967285156
12.586693339173221,43.026717715461615,131.74378967285156
12.586690410314384,43.02671525187275,131.74378967285156
12.586687540388258,43.026712992247994,131.74378967285156
12.586684385278872,43.02671068299645,131.74378967285156
12.58668132801959,43.0267086245088,131.74378967285156
12.586678016771902,43.02670659563617,131.74378967285156
12.586674730555092,43.026704803315305,131.74378967285156
12.586671252388015,43.02670307646959,131.74378967285156
12.586667894055097,43.026701612586706,131.74378967285156
12.586664317639483,43.026700273554624,131.74378967285156
12.58666081167595,43.02669917890425,131.74378967285156
12.586657060395753,43.02669813680188,131.74378967285156
12.586653417582687,43.02669729895488,131.74378967285156
12.586649296464227,43.02669650827603,131.74378967285156
12.586645478716262,43.02669597157356,131.74378967285156
12.586641397933162,43.02669556559005,131.74378967285156
12.586637480366395,43.02669532279326,131.74378967285156
12.586633004667306,43.02669518100619,131.74378967285156
12.58662913268581,43.02669521383377,131.74378967285156
12.58662511619084,43.02669537392794,131.74378967285156
12.586620832957655,43.02669558769238,131.74378967285156
12.586616830946863,43.0266959925452,131.74378967285156
12.586613074979285,43.026696494278596,131.74378967285156
12.58660919341201,43.02669714355594,131.74378967285156
12.586605266165721,43.02669787503057,131.74378967285156
12.586601515565249,43.026698730773475,131.74378967285156
12.586598004047161,43.026699633367556,131.74378967285156
12.586593899662885,43.026700696484106,131.74378967285156
12.586590571704567,43.0267017895926,131.74378967285156
12.586587184473698,43.02670303638735,131.74378967285156
12.586584004263193,43.02670432756606,131.74378967285156
12.586580392434103,43.02670584725241,131.74378967285156
12.586577403072337,43.02670731878545,131.74378967285156
12.586574397562368,43.026708943327975,131.74378967285156
12.586571331537675,43.026710693774994,131.74378967285156
12.586568580273926,43.026712500042514,131.74378967285156
12.586566087990708,43.02671429363134,131.74378967285156
12.586563628378885,43.026716258973565,131.74378967285156
12.586561343772283,43.026718260252984,131.74378967285156
12.586559233795896,43.02672036665416,131.74378967285156
12.586557350620831,43.02672246573939,131.74378967285156
12.586555318455792,43.02672490360256,131.74378967285156
12.58655374802608,43.02672713317546,131.74378967285156
12.58655227809487,43.02672951572357,131.74378967285156
12.586551007355991,43.02673180428661,131.74378967285156
12.586549526877995,43.02673439981951,131.74378967285156
12.586548258037459,43.02673669004449,131.74378967285156
12.586546848574002,43.02673909241587,131.74378967285156
12.58654527048026,43.026741506575014,131.74378967285156
12.586543747416954,43.02674385279181,131.74378967285156
12.58654225210324,43.02674612456416,131.74378967285156
12.58654066264248,43.026748548660656,131.74378967285156
12.586539071588003,43.0267509785054,131.74378967285156
12.58653753057184,43.02675338755451,131.74378967285156
12.586536073601305,43.026755662976264,131.74378967285156
12.586534400235543,43.02675814821743,131.74378967285156
12.586532936585417,43.02676037639822,131.74378967285156
12.586531391819307,43.02676269272587,131.74378967285156
12.586529926903578,43.02676485463053,131.74378967285156
12.586528391231104,43.02676709901948,131.74378967285156
12.586527004923616,43.02676923958455,131.74378967285156
12.58652563256124,43.02677150569861,131.74378967285156
12.586524386759484,43.02677365658653,131.74378967285156
12.586523242839018,43.02677591927819,131.74378967285156
12.586522241744555,43.026778047652854,131.74378967285156
12.586521278922957,43.02678025538497,131.74378967285156
12.586520415638958,43.02678230660812,131.74378967285156
12.58651965029882,43.026784482810584,131.74378967285156
12.586519056588953,43.02678653182352,131.74378967285156
12.586518619251763,43.026788601490736,131.74378967285156
12.586518308592378,43.02679064690996,131.74378967285156
12.586518119478058,43.02679281459926,131.74378967285156
12.586518095431607,43.026794846928595,131.74378967285156
12.58651824341385,43.02679700292865,131.74378967285156
12.586518549549995,43.02679896000397,131.74378967285156
12.586519038308424,43.026800974024155,131.74378967285156
12.586519643877592,43.02680296382847,131.74378967285156
12.586520314320747,43.02680491664829,131.74378967285156
12.586520900437009,43.026806759448384,131.74378967285156
12.58652144717885,43.026808699897934,131.74378967285156
12.586521958460308,43.026810633414904,131.74378967285156
12.586522428234572,43.026812662551,131.74378967285156
12.586522877032595,43.026814600100714,131.74378967285156
12.586523419954204,43.02681685005266,131.74378967285156
12.586523904423585,43.0268187692322,131.74378967285156
12.586524520961351,43.02682073884807,131.74378967285156
12.586525268278436,43.0268225537652,131.74378967285156
12.58652622781892,43.0268245179281,131.74378967285156
12.586527237983637,43.026826179328836,131.74378967285156
12.586528404755393,43.02682783944848,131.74378967285156
12.586529605276628,43.02682942396605,131.74378967285156
12.58653084093013,43.02683102610771,131.74378967285156
12.586531996147317,43.02683255412168,131.74378967285156
12.58653318565307,43.02683418087439,131.74378967285156
12.586534402111553,43.02683575550298,131.74378967285156
12.586535575797235,43.026837416341955,131.74378967285156
12.586536708655414,43.02683899450442,131.74378967285156
12.586538039932549,43.026840695090634,131.74378967285156
12.586539365092596,43.02684213376716,131.74378967285156
12.586540862234434,43.02684352326934,131.74378967285156
12.586542333009456,43.02684477471465,131.74378967285156
12.586543928259193,43.026846083000954,131.8437957763672
12.58654546219736,43.026847182318065,131.8437957763672
12.586547168093931,43.026848220739986,131.8437957763672
12.58654898862162,43.026849130382196,131.8437957763672
12.586550963014195,43.02684984133522,131.8437957763672
12.586552947484728,43.02685034425929,131.8437957763672
12.586555104710486,43.02685075963941,131.8437957763672
12.586557241147501,43.02685115503776,131.74378967285156
12.58655947862208,43.026851548500055,131.74378967285156
12.586561677917533,43.02685196836486,131.74378967285156
12.586564261136967,43.02685248132806,131.74378967285156
12.58656658361809,43.02685296126456,131.74378967285156
12.586569077026352,43.02685344626717,131.74378967285156
12.58657148221717,43.02685383389335,131.74378967285156
12.586574333815411,43.026854309504714,131.74378967285156
12.58657675168572,43.02685450916617,131.74378967285156
12.586579279780953,43.02685465902525,131.74378967285156
12.586581879359514,43.02685500403975,131.74378967285156
12.586584397658035,43.02685518642439,131.74378967285156
12.58658685176219,43.02685538397741,131.74378967285156
12.586589469199852,43.02685560070051,131.74378967285156
12.586592069739323,43.02685582601384,131.74378967285156
12.586594688700389,43.02685602079447,131.74378967285156
12.586597166663545,43.02685621789452,131.74378967285156
12.586599908341531,43.026856472289616,131.74378967285156
12.586602343977196,43.02685670217542,131.74378967285156
12.586604886040968,43.02685696257789,131.74378967285156
12.586607259544747,43.02685722558784,131.74378967285156
12.586609759093523,43.026857548552776,131.74378967285156
12.586612086683914,43.026857817042185,131.74378967285156
12.586614513999375,43.026858073874465,131.74378967285156
12.58661677038769,43.02685828222144,131.74378967285156
12.586619059330213,43.0268583644005,131.74378967285156
12.586621191079761,43.02685833532408,131.74378967285156
12.586623390961115,43.02685820760984,131.74378967285156
12.58662543646196,43.02685804444989,131.74378967285156
12.586627635429291,43.02685783273936,131.74378967285156
12.586629764530484,43.026857637295905,131.74378967285156
12.586631932302973,43.026857363421264,131.74378967285156
12.586634162090146,43.02685715309426,131.74378967285156
12.586636563765378,43.02685689041197,131.74378967285156
12.58663884523146,43.026856626311904,131.74378967285156
12.586641312132294,43.02685621784185,131.74378967285156
12.586643597442084,43.02685595223835,131.74378967285156
12.5866460177733,43.0268556760839,131.74378967285156
12.586648490627166,43.02685542451261,131.74378967285156
12.586650907794356,43.0268551766673,131.74378967285156
12.586653165588912,43.02685495526251,131.74378967285156
12.586655501827616,43.02685473766722,131.74378967285156
12.586657757231588,43.02685454619494,131.74378967285156
12.586660132211914,43.02685433888395,131.74378967285156
12.586662387264335,43.02685413898741,131.74378967285156
12.586664855149529,43.02685394202764,131.74378967285156
12.586667101858323,43.02685372779103,131.74378967285156
12.586669464041966,43.026853495211,131.74378967285156
12.586671716586618,43.02685326838671,131.74378967285156
12.586674099090272,43.02685298380264,131.74378967285156
12.586676345318612,43.026852743588364,131.74378967285156
12.5866786863971,43.02685250243711,131.74378967285156
12.586680881239479,43.02685229958561,131.74378967285156
12.586683262688455,43.02685211388221,131.74378967285156
12.58668550999489,43.02685194902862,131.74378967285156
12.586687850651503,43.02685177924637,131.74378967285156
12.586690053263291,43.02685162691646,131.74378967285156
12.586692376271733,43.02685145281536,131.74378967285156
12.586694559465833,43.026851293893934,131.74378967285156
12.58669676130418,43.026851157856605,131.74378967285156
12.586698830921836,43.02685100607104,131.74378967285156
12.586700930539049,43.02685085136067,131.74378967285156
12.58670290869323,43.02685070376124,131.74378967285156
12.58670491826492,43.02685054058173,131.74378967285156
12.586706912168882,43.026850394445205,131.74378967285156
12.586708999540193,43.02685023857559,131.74378967285156
12.58671090474623,43.026850039878376,131.74378967285156
12.586712903771183,43.02684984434107,131.74378967285156
12.586714754122566,43.026849652299795,131.74378967285156
12.586716655098206,43.02684945684722,131.74378967285156
12.586718396431694,43.02684926479536,131.74378967285156
12.586720236834026,43.02684905643146,131.74378967285156
12.586722002155446,43.02684883928565,131.74378967285156
12.586723812593373,43.02684854905105,131.74378967285156
12.586725576567144,43.026848313764226,131.74378967285156
12.586727405895408,43.02684806041241,131.74378967285156
12.586729130916638,43.02684780884273,131.74378967285156
12.5867309368312,43.02684746924077,131.74378967285156
12.586732653555687,43.02684719245613,131.74378967285156
12.586734474352854,43.02684689388322,131.74378967285156
12.58673618783129,43.02684656436049,131.74378967285156
12.586737966371253,43.02684627499942,131.74378967285156
12.586739646428303,43.02684599973537,131.74378967285156
12.586741404050604,43.02684571830493,131.74378967285156
12.586743068932101,43.02684545342585,131.74378967285156
12.586744785504239,43.02684519099308,131.74378967285156
12.586746409980089,43.02684493545114,131.74378967285156
12.586748104626768,43.026844646405436,131.74378967285156
12.5867496834236,43.02684436425216,131.74378967285156
12.586751310360349,43.02684405637744,131.74378967285156
12.586752826462805,43.02684376647668,131.74378967285156
12.58675432374523,43.02684344341217,131.74378967285156
12.586755809719234,43.02684315662647,131.74378967285156
12.586757389465284,43.02684284530794,131.74378967285156
12.586758878075967,43.02684249312849,131.74378967285156
12.58676044707608,43.026842173490635,131.74378967285156
12.586761927401728,43.026841864175644,131.74378967285156
12.586763470984247,43.026841533787675,131.74378967285156
12.586764911255806,43.026841196322565,131.74378967285156
12.586766428893402,43.026840875520726,131.74378967285156
12.58676785941511,43.02684057299589,131.74378967285156
12.586769310596662,43.02684021373929,131.74378967285156
12.586770736759055,43.02683990080379,131.74378967285156
12.586772251982628,43.02683957001213,131.74378967285156
12.586773684590245,43.026839262385835,131.74378967285156
12.586775157498044,43.02683891424771,131.74378967285156
12.586776588910364,43.026838599227304,131.74378967285156
12.586778103208177,43.02683826283516,131.74378967285156
12.586779517933246,43.02683791813121,131.74378967285156
12.586781055697504,43.026837560172446,131.74378967285156
12.586782514730507,43.02683721151069,131.74378967285156
12.586784050520189,43.02683684341916,131.74378967285156
12.58678550844579,43.02683649637918,131.74378967285156
12.586787095486658,43.02683615909398,131.74378967285156
12.58678861512814,43.02683585000333,131.74378967285156
12.58679021854572,43.02683552674284,131.74378967285156
12.58679175709512,43.02683521864538,131.74378967285156
12.586793387793545,43.02683490201177,131.74378967285156
12.586794955182368,43.02683462301588,131.74378967285156
12.586796620556065,43.026834382806165,131.74378967285156
12.586798216251104,43.02683418289465,131.74378967285156
12.586799907927142,43.026834029601424,131.74378967285156
12.58680153723106,43.026833947581885,131.74378967285156
12.586803289134707,43.026833861389854,131.74378967285156
12.586804942321068,43.02683381519726,131.74378967285156
12.586806665303273,43.02683380608875,131.74378967285156
12.586808293482203,43.026833861238934,131.74378967285156
12.586810007980167,43.02683397782397,131.74378967285156
12.586811641860182,43.026834130596825,131.74378967285156
12.586813275505824,43.02683438148226,131.74378967285156
12.586814887243595,43.026834640421455,131.74378967285156
12.586816563433528,43.02683497765475,131.74378967285156
12.586818154857141,43.02683535806679,131.74378967285156
12.586819620393943,43.02683586323167,131.74378967285156
12.586821142244355,43.026836359327085,131.74378967285156
12.586822693484958,43.026836926924325,131.74378967285156
12.586823896133092,43.02683756118263,131.74378967285156
12.586825376447026,43.02683820747552,131.74378967285156
12.586826758981166,43.02683884940048,131.74378967285156
12.586828203655985,43.026839546160744,131.74378967285156
12.586829408469132,43.026840239264125,131.74378967285156
12.586830776504458,43.026840975159146,131.74378967285156
12.586832055803795,43.02684171081537,131.74378967285156
12.58683309580688,43.026842504781776,131.74378967285156
12.5868343195631,43.02684332982597,131.74378967285156
12.586835571824754,43.02684423801835,131.74378967285156
12.586836734395357,43.02684512716913,131.74378967285156
12.58683767655712,43.026846050350535,131.74378967285156
12.586838758799807,43.0268470036829,131.74378967285156
12.586839854237615,43.02684805015919,131.74378967285156
12.586840625580637,43.026849057944055,131.74378967285156
12.586841672999743,43.02685018660128,131.74378967285156
12.586842618353735,43.02685131476919,131.74378967285156
12.58684358905609,43.026852511816124,131.74378967285156
12.58684434375873,43.026853656366306,131.74378967285156
12.586845207206816,43.02685491604465,131.74378967285156
12.586845969040196,43.026856141354266,131.74378967285156
12.586846486728765,43.026857400269094,131.74378967285156
12.586847120718339,43.02685866028888,131.74378967285156
12.586847713710473,43.02686000162656,131.74378967285156
12.586848195588535,43.02686129384128,131.74378967285156
12.58684843629977,43.0268625872987,131.74378967285156
12.586848755784729,43.02686390882969,131.74378967285156
12.586848997823086,43.026865315738874,131.74378967285156
12.586848961463232,43.02686651341867,131.74378967285156
12.58684900153339,43.02686791563224,131.74378967285156
12.586848925910445,43.02686923863398,131.74378967285156
12.586848742393109,43.026870621488996,131.74378967285156
12.586848378113828,43.026871840317774,131.74378967285156
12.58684804988091,43.02687318645171,131.74378967285156
12.58684775315633,43.026874439255934,131.74378967285156
12.586847326896077,43.02687550991112,131.74378967285156
12.586847091877118,43.02687672044307,131.74378967285156
12.586846874957498,43.0268779866927,131.74378967285156
12.586846681557056,43.02687918267415,131.74378967285156
12.586846378019581,43.0268802112498,131.74378967285156
12.586846222137638,43.026881409587084,131.74378967285156
12.586846099659494,43.0268826843006,131.74378967285156
12.58684607215162,43.02688370892488,131.74378967285156
12.586846046436689,43.026884996090075,131.74378967285156
12.58684606556728,43.02688623823093,131.74378967285156
12.586846120257887,43.02688756837731,131.74378967285156
12.586846234360202,43.02688878667495,131.74378967285156
12.586846322067887,43.026890123908096,131.74378967285156
12.586846416343837,43.02689139946115,131.74378967285156
12.586846607838552,43.02689271061305,131.74378967285156
12.586846708168604,43.02689399864776,131.74378967285156
12.58684680633365,43.026895364827716,131.74378967285156
12.586846901095916,43.02689668083265,131.74378967285156
12.586847047455075,43.02689811560604,131.74378967285156
12.586847156512542,43.02689947829081,131.74378967285156
12.586847268194958,43.02690094067461,131.74378967285156
12.586847390161884,43.026902407722964,131.74378967285156
12.586847458129608,43.026903913758275,131.74378967285156
12.586847479173231,43.02690535432702,131.74378967285156
12.586847468346726,43.02690686799524,131.74378967285156
12.586847440403778,43.026908338179,131.74378967285156
12.586847404250506,43.026909840937556,131.74378967285156
12.586847368404847,43.02691126316931,131.74378967285156
12.586847308178688,43.02691277580097,131.74378967285156
12.58684725443949,43.02691417512542,131.74378967285156
12.586847181499405,43.02691562934087,131.74378967285156
12.58684710574906,43.02691699629184,131.74378967285156
12.58684701823033,43.02691837599003,131.74378967285156
12.586846914334899,43.026919713775726,131.74378967285156
12.586846793361104,43.02692112463949,131.74378967285156
12.586846675149967,43.02692245521635,131.74378967285156
12.58684653600433,43.02692387551204,131.74378967285156
12.586846421999441,43.02692521393595,131.74378967285156
12.586846334096949,43.02692659291453,131.74378967285156
12.586846280118264,43.02692785853023,131.74378967285156
12.586846206385715,43.026929203036495,131.74378967285156
12.586846139269761,43.02693046123344,131.74378967285156
12.586846119091835,43.02693172041557,131.74378967285156
12.586846037039091,43.026932934502675,131.74378967285156
12.586845958058825,43.02693418158007,131.74378967285156
12.586845900377082,43.026935364947064,131.74378967285156
12.586845943567363,43.02693658659857,131.74378967285156
12.586845926229737,43.026937786396466,131.74378967285156
12.586845930021433,43.02693904119244,131.74378967285156
12.586846026589823,43.02694020560994,131.74378967285156
12.586846047465741,43.02694143007987,131.74378967285156
12.586846080200118,43.026942581715886,131.74378967285156
12.586846113564365,43.02694378445215,131.74378967285156
12.586846195703513,43.02694492333238,131.74378967285156
12.586846206313215,43.02694611105981,131.74378967285156
12.586846212474986,43.02694722643306,131.74378967285156
12.58684629532385,43.02694839947721,131.74378967285156
12.586846294625861,43.026949513899574,131.74378967285156
12.586846283116747,43.02695068228345,131.74378967285156
12.586846259470116,43.026951780591865,131.74378967285156
12.586846274175452,43.026952934129696,131.74378967285156
12.586846217543231,43.02695402603881,131.74378967285156
12.586846150942172,43.026955173982586,131.74378967285156
12.586846130452967,43.02695624964928,131.74378967285156
12.586846046800636,43.02695737228707,131.74378967285156
12.586845956949185,43.026958420086345,131.74378967285156
12.586845855166032,43.02695950203242,131.74378967285156
12.586845769343576,43.026960500076406,131.74378967285156
12.586845660548313,43.02696155500316,131.74378967285156
12.586845553956879,43.026962553698226,131.74378967285156
12.586845464770459,43.0269635574819,131.74378967285156
12.58684535907184,43.026964552887364,131.74378967285156
12.586845265302731,43.02696560251135,131.74378967285156
12.586845198707545,43.026966618896616,131.74378967285156
12.586845185629622,43.02696767952879,131.74378967285156
12.58684516152452,43.026968719532405,131.74378967285156
12.58684514310438,43.026969802549296,131.74378967285156
12.586845164424858,43.026970785841456,131.74378967285156
12.586845111140478,43.02697183911486,131.74378967285156
12.586845045592622,43.02697284731036,131.74378967285156
12.586844979134385,43.02697392292567,131.74378967285156
12.586844951121135,43.02697496389731,131.74378967285156
12.5868448954059,43.02697608605539,131.74378967285156
12.58684485913545,43.0269771723619,131.74378967285156
12.58684488212511,43.02697834381266,131.74378967285156
12.586844873060793,43.02697946362346,131.74378967285156
12.586844844456472,43.02698066916962,131.74378967285156
12.586844803856728,43.02698184880157,131.74378967285156
12.586844792330778,43.02698311012538,131.74378967285156
12.586844744967234,43.02698434609181,131.74378967285156
12.586844691192894,43.02698567975266,131.74378967285156
12.586844609374532,43.02698695262436,131.74378967285156
12.58684454546214,43.02698831817898,131.74378967285156
12.586844451883433,43.026989651394366,131.74378967285156
12.586844311126473,43.026991093389476,131.74378967285156
12.58684407434383,43.026992502094465,131.74378967285156
12.58684378208032,43.02699402004176,131.74378967285156
12.586843427953717,43.026995493493715,131.74378967285156
12.586842865908809,43.02699706083649,131.74378967285156
12.586842320242063,43.02699857801278,131.74378967285156
12.586841623642993,43.02700018664696,131.74378967285156
12.586840862558075,43.02700172722741,131.74378967285156
12.586839813768213,43.02700331004161,131.74378967285156
12.586838920723359,43.02700486352349,131.74378967285156
12.58683792971414,43.02700650274071,131.74378967285156
12.586836727282765,43.02700796505597,131.74378967285156
12.586835611567382,43.02700959041229,131.74378967285156
12.586834486507904,43.02701112194634,131.74378967285156
12.586833252524269,43.02701271860428,131.74378967285156
12.586831969337279,43.02701414677276,131.74378967285156
12.586830714179667,43.02701572734248,131.74378967285156
12.586829526110908,43.02701722685427,131.74378967285156
12.586828204492859,43.02701860648392,131.74378967285156
12.586827062716871,43.02702006967298,131.74378967285156
12.586825909490369,43.02702156682034,131.74378967285156
12.586824830820378,43.02702294763219,131.74378967285156
12.586823717239282,43.027024198864424,131.74378967285156
12.586822679928538,43.02702553022939,131.74378967285156
12.58682160942199,43.02702692154401,131.74378967285156
12.586820661538626,43.027028146647865,131.74378967285156
12.58681962295934,43.02702953496413,131.74378967285156
12.586818644733642,43.02703085060068,131.74378967285156
12.586817617134654,43.02703223261187,131.74378967285156
12.58681670761791,43.027033519481506,131.74378967285156
12.58681570597265,43.02703490973384,131.74378967285156
12.586814764947567,43.027036226980925,131.74378967285156
12.586813815071986,43.02703760532556,131.74378967285156
12.586812720454395,43.02703887035015,131.74378967285156
12.586811438336667,43.02704015494103,131.74378967285156
12.586810108899346,43.027041316308775,131.74378967285156
12.586808756013161,43.02704248542078,131.74378967285156
12.586807249903666,43.027043522040515,131.74378967285156
12.586805561763667,43.02704455266358,131.74378967285156
12.586803957555047,43.027045450485964,131.74378967285156
12.586802156225351,43.02704636244337,131.74378967285156
12.586800433228502,43.027047198380075,131.74378967285156
12.586798630987712,43.02704806010248,131.74378967285156
12.58679696278985,43.027048783918474,131.74378967285156
12.58679521952279,43.027049595217385,131.74378967285156
12.586793597753928,43.02705034469915,131.74378967285156
12.586792096850456,43.0270509039492,131.74378967285156
12.586790518909067,43.0270516258291,131.74378967285156
12.586788866701204,43.027052382729615,131.74378967285156
12.586787312788754,43.02705309563164,131.74378967285156
12.58678593170772,43.027053700816246,131.74378967285156
12.586784415400187,43.02705441119967,131.74378967285156
12.58678283214442,43.027055158351295,131.74378967285156
12.586781505209059,43.02705578168011,131.74378967285156
12.58677990371333,43.02705654243562,131.74378967285156
12.586778380380506,43.02705727440709,131.74378967285156
12.586776781386703,43.02705806269592,131.74378967285156
12.58677532576967,43.02705881233187,131.74378967285156
12.586773748455226,43.027059602402566,131.74378967285156
12.586772252614175,43.02706034924578,131.74378967285156
12.58677076013635,43.02706111899631,131.74378967285156
12.586769251633378,43.02706185400037,131.74378967285156
12.58676764446585,43.0270626111236,131.74378967285156
12.586766092445936,43.02706331150113,131.74378967285156
12.586764491377915,43.02706404191345,131.74378967285156
12.58676286556612,43.027064700142915,131.74378967285156
12.586761116111637,43.02706537720196,131.74378967285156
12.586759446396206,43.02706602729308,131.74378967285156
12.586757632747375,43.02706668358648,131.74378967285156
12.58675590012664,43.02706730196375,131.74378967285156
12.586754071894047,43.02706794780581,131.74378967285156
12.58675233039063,43.02706854449225,131.74378967285156
12.586750516343363,43.027069164891266,131.74378967285156
12.586748789822142,43.0270697467402,131.74378967285156
12.58674703182483,43.02707030023344,131.74378967285156
12.586745299151358,43.02707083554817,131.74378967285156
12.586743470655088,43.02707137685958,131.74378967285156
12.586741726087261,43.02707186166516,131.74378967285156
12.586739995394225,43.02707230190688,131.74378967285156
12.58673824077186,43.02707272371309,131.74378967285156
12.586736392553233,43.02707314855191,131.74378967285156
12.586734729980282,43.02707347648444,131.74378967285156
12.586732854094091,43.02707385247605,131.74378967285156
12.586731059464507,43.02707418803291,131.74378967285156
12.58672915912165,43.02707451656511,131.74378967285156
12.586727397866582,43.02707478036747,131.74378967285156
12.586725517679689,43.02707507569521,131.74378967285156
12.586723746733352,43.02707535056574,131.74378967285156
12.586721995298445,43.02707558375077,131.74378967285156
12.586720243113549,43.02707582927184,131.74378967285156
12.586718395504278,43.027076070680884,131.74378967285156
12.58671661956581,43.027076287469306,131.74378967285156
12.586714859189614,43.02707648359489,131.74378967285156
12.586713033001901,43.027076683901015,131.74378967285156
12.586711094433047,43.02707687637719,131.74378967285156
12.586709353122986,43.02707705449559,131.74378967285156
12.586707396085666,43.02707720285336,131.74378967285156
12.58670553763672,43.02707730544791,131.74378967285156
12.586703583083738,43.027077365397524,131.74378967285156
12.586701761431115,43.027077381143066,131.74378967285156
12.586699783933158,43.02707733423191,131.74378967285156
12.58669790007834,43.02707726084971,131.74378967285156
12.586696002360446,43.02707714333198,131.74378967285156
12.586694117544704,43.027077022370435,131.74378967285156
12.58669213682414,43.027076865822906,131.74378967285156
12.58669023621174,43.02707670494063,131.74378967285156
12.586688320400341,43.02707648972848,131.74378967285156
12.586686351738177,43.02707629665262,131.74378967285156
12.586684260851278,43.027076089767284,131.74378967285156
12.586682417214613,43.027075890026566,131.74378967285156
12.586680331167498,43.0270756996578,131.74378967285156
12.586678365634219,43.02707552686785,131.74378967285156
12.586676320367753,43.02707534549408,131.74378967285156
12.586674468176541,43.02707514393721,131.74378967285156
12.586672504998704,43.02707493048979,131.74378967285156
12.58667066792446,43.02707472180545,131.74378967285156
12.586668881896333,43.02707450482857,131.74378967285156
12.586667099489247,43.027074303888504,131.74378967285156
12.586665257809603,43.02707409049249,131.74378967285156
12.586663520753401,43.027073882956074,131.74378967285156
12.586661764162331,43.027073656967055,131.74378967285156
12.586660039117659,43.02707345989912,131.74378967285156
12.586658221589984,43.02707325649185,131.74378967285156
12.586656513513802,43.02707310443327,131.74378967285156
12.58665467829108,43.027072896519925,131.74378967285156
12.586652935785732,43.027072716568235,131.74378967285156
12.58665112545328,43.0270725477875,131.74378967285156
12.586649459399942,43.027072448019936,131.74378967285156
12.586647728402246,43.027072300655895,131.74378967285156
12.58664609412966,43.0270721632292,131.74378967285156
12.586644378858274,43.02707209975009,131.74378967285156
12.586642723492242,43.02707196285454,131.74378967285156
12.586640957455977,43.0270718186259,131.74378967285156
12.586639253457857,43.027071678406486,131.74378967285156
12.586637467359393,43.02707158576639,131.74378967285156
12.58663572715088,43.02707143994434,131.74378967285156
12.586633892514087,43.02707128502449,131.74378967285156
12.586632158000812,43.02707115976249,131.74378967285156
12.586630342934042,43.02707099667002,131.74378967285156
12.586628617631556,43.027070836558764,131.74378967285156
12.586626793213348,43.02707066613321,131.74378967285156
12.586625042973727,43.0270705119501,131.74378967285156
12.586623189470023,43.0270703621874,131.74378967285156
12.586621415465135,43.027070242116814,131.74378967285156
12.586619552211568,43.02707013248043,131.74378967285156
12.586617739980678,43.02707000874329,131.74378967285156
12.586615825399749,43.02706985877497,131.74378967285156
12.586613980474034,43.02706970914933,131.74378967285156
12.58661201304232,43.02706954273299,131.74378967285156
12.586610088313094,43.02706940486084,131.74378967285156
12.58660801365641,43.027069266371875,131.74378967285156
12.586605982686576,43.02706911374789,131.74378967285156
12.586603856702537,43.02706894907915,131.74378967285156
12.586601808084533,43.0270687780368,131.74378967285156
12.586599626554447,43.02706858018074,131.74378967285156
12.586597516999843,43.02706834795515,131.74378967285156
12.586595285454868,43.027068097139875,131.74378967285156
12.586593129236896,43.02706783453683,131.74378967285156
12.586590813716606,43.027067474599164,131.74378967285156
12.586588588124664,43.027067151138425,131.74378967285156
12.586586225566016,43.02706677500973,131.74378967285156
12.58658395394351,43.02706639075982,131.74378967285156
12.586581561291558,43.02706588479452,131.74378967285156
12.586579238154194,43.02706544049218,131.74378967285156
12.586576769729923,43.02706492865013,131.74378967285156
12.586574472467174,43.027064305869565,131.74378967285156
12.58657195747329,43.02706372643641,131.74378967285156
12.586569552798082,43.02706313908763,131.74378967285156
12.586567011718651,43.02706248425055,131.74378967285156
12.586564646956912,43.02706176279895,131.74378967285156
12.586562096783867,43.027061013574176,131.74378967285156
12.58655966009351,43.027060255354385,131.74378967285156
12.586557229356195,43.027059297685135,131.74378967285156
12.586554776447331,43.02705846856751,131.74378967285156
12.586552188915467,43.02705756478267,131.74378967285156
12.586549722881799,43.02705667470454,131.74378967285156
12.586547282793067,43.02705564519511,131.74378967285156
12.586544823696801,43.02705471843446,131.74378967285156
12.586542238016479,43.02705372245502,131.74378967285156
12.586539967167411,43.02705267068934,131.74378967285156
12.586537385307341,43.027051581915615,131.74378967285156
12.58653493425002,43.0270505023939,131.74378967285156
12.586532364624151,43.027049325023555,131.74378967285156
12.58653002883075,43.027048141502334,131.74378967285156
12.586527488735701,43.02704689153795,131.74378967285156
12.586525103841465,43.027045655331634,131.74378967285156
12.586522803203792,43.027044268368876,131.74378967285156
12.586520456746477,43.02704291825997,131.74378967285156
12.586518003064203,43.027041436738195,131.74378967285156
12.586515701489045,43.02703997538239,131.74378967285156
12.586513523802681,43.02703837132282,131.74378967285156
12.586511300695111,43.027036845442765,131.74378967285156
12.586509007322968,43.02703519663084,131.74378967285156
12.586507117562011,43.027033567607944,131.74378967285156
12.586504935985094,43.027031772271506,131.74378967285156
12.586502958662969,43.02702997323425,131.74378967285156
12.58650100684048,43.027027969419066,131.74378967285156
12.586499428582757,43.02702597643216,131.74378967285156
12.586497795318051,43.02702375793596,131.74378967285156
12.5864964214323,43.027021578863625,131.74378967285156
12.586495458095138,43.027019290514716,131.74378967285156
12.586494444649343,43.02701700972162,131.74378967285156
12.58649357784982,43.02701455176957,131.74378967285156
12.586492939421888,43.02701215839316,131.74378967285156
12.586492853641994,43.027009718054195,131.74378967285156
12.586492564216691,43.02700722924497,131.74378967285156
12.586492453148121,43.027004579707686,131.74378967285156
12.586492997194807,43.027002333181315,131.74378967285156
12.58649331767451,43.02699970230228,131.74378967285156
12.586493819815573,43.02699724645767,131.74378967285156
12.586494546789233,43.02699473201697,131.74378967285156
12.586495675147548,43.02699260174051,131.74378967285156
12.58649680177151,43.02699023082596,131.74378967285156
12.586498038901635,43.02698802997717,131.74378967285156
12.586499896061614,43.02698620547979,131.74378967285156
12.586501444976173,43.0269840755117,131.74378967285156
12.58650322919974,43.02698187810673,131.74378967285156
12.58650509238307,43.02697985672991,131.74378967285156
12.586507437410804,43.02697829970145,131.74378967285156
12.58650960323806,43.02697643052027,131.74378967285156
12.58651201642102,43.02697454603901,131.74378967285156
12.58651448376723,43.0269733478174,131.74378967285156
12.586517169688326,43.02697163389877,131.74378967285156
12.58651984004714,43.02697010369259,131.74378967285156
12.586522756331988,43.026968589960155,131.74378967285156
12.586525599492914,43.026967520692814,131.74378967285156
12.586528729313645,43.02696624235563,131.74378967285156
12.58653179850246,43.02696515483269,131.74378967285156
12.586534945479187,43.02696462906127,131.74378967285156
12.58653817872806,43.02696379437535,131.74378967285156
12.586541640465718,43.02696303965083,131.74378967285156
12.586544986564464,43.026962441242524,131.74378967285156
12.586548199001129,43.026962380479105,131.74378967285156
12.586551626754899,43.026961994121834,131.74378967285156
12.58655523966214,43.02696164239963,131.74378967285156
12.586558212008566,43.026961672571446,131.74378967285156
12.586561695238023,43.02696121671264,131.74378967285156
12.586564925088439,43.02696074140748,131.74378967285156
12.58656826954654,43.02696020595566,131.74378967285156
12.586571220682362,43.026959883334456,131.74378967285156
12.586574543367355,43.02695930517774,131.74378967285156
12.586577700023565,43.02695873436266,131.74378967285156
12.586580651182825,43.026958267786945,131.74378967285156
12.586583816042038,43.0269576365425,131.74378967285156
12.58658717003907,43.0269569439692,131.74378967285156
12.586590386389718,43.026956267843914,131.74378967285156
12.586593622896318,43.02695557724952,131.74378967285156
12.58659692978468,43.02695484968131,131.74378967285156
12.586600450888602,43.026954056243916,131.74378967285156
12.586603858486388,43.026953258617404,131.74378967285156
12.586607428269277,43.02695243327768,131.74378967285156
12.586610846530975,43.026951645023125,131.74378967285156
12.586614474016132,43.026950817944375,131.74378967285156
12.586618019354072,43.02695001452678,131.74378967285156
12.586621701166543,43.026949180774594,131.74378967285156
12.586625221356412,43.026948389615924,131.74378967285156
12.586629036455953,43.026947551588954,131.74378967285156
12.586632564028521,43.02694676208367,131.74378967285156
12.586636277504583,43.02694593551034,131.74378967285156
12.586639832498626,43.02694515263567,131.74378967285156
12.586643695550592,43.02694432885509,131.74378967285156
12.586647297911124,43.02694354668287,131.74378967285156
12.586651114463788,43.026942722499655,131.74378967285156
12.586654827025809,43.02694194116697,131.74378967285156
12.586658698257345,43.026941095412845,131.74378967285156
12.586662398842968,43.02694027051002,131.74378967285156
12.586666291261674,43.02693938364439,131.74378967285156
12.586669994917559,43.02693854706519,131.74378967285156
12.586673861930397,43.02693767406903,131.74378967285156
12.586677548641234,43.02693684491714,131.74378967285156
12.586681459528428,43.026936008526405,131.74378967285156
12.586685200707205,43.02693517861207,131.74378967285156
12.586689172460684,43.026934310404684,131.74378967285156
12.586692974376838,43.02693349859176,131.74378967285156
12.586697040746095,43.02693270395505,131.74378967285156
12.586700872673516,43.026931926485936,131.74378967285156
12.586704911468964,43.026931104889854,131.74378967285156
12.586708827149046,43.0269303406991,131.74378967285156
12.586712885584824,43.02692950055616,131.74378967285156
12.58671676152721,43.02692868199267,131.74378967285156
12.586720847384447,43.02692780821267,131.74378967285156
12.586724775111218,43.02692699130257,131.74378967285156
12.58672881124653,43.02692615067562,131.74378967285156
12.586732622080499,43.02692538356363,131.74378967285156
12.586736630946676,43.02692461113175,131.74378967285156
12.586740374351965,43.02692389050686,131.74378967285156
12.586744284442274,43.026923146117994,131.74378967285156
12.58674796811797,43.02692245417864,131.74378967285156
12.586751823459085,43.026921737074666,131.74378967285156
12.58675541456975,43.02692108246033,131.74378967285156
12.586759139154994,43.02692040656637,131.74378967285156
12.586762642821643,43.026919709932464,131.74378967285156
12.586766258178047,43.026919025107716,131.74378967285156
12.586769647822958,43.026918367769184,131.74378967285156
12.586773149391986,43.02691767687496,131.74378967285156
12.58677640676933,43.026916984725716,131.74378967285156
12.586779819370932,43.026916297904954,131.74378967285156
12.586783007386027,43.026915640994744,131.74378967285156
12.586786237517684,43.02691479657274,131.74378967285156
12.586789316772675,43.02691412176674,131.74378967285156
12.586792516482923,43.02691342026267,131.74378967285156
12.586795547398806,43.02691275394626,131.74378967285156
12.586798659694345,43.0269119182837,131.74378967285156
12.586801687293873,43.02691126648781,131.74378967285156
12.586804872894962,43.02691057826639,131.74378967285156
12.586807879166685,43.026909752472626,131.74378967285156
12.586811057660462,43.02690904493761,131.74378967285156
12.586814082699483,43.026908351653276,131.74378967285156
12.586817265956855,43.026907608532284,131.74378967285156
12.586820299485982,43.02690683977977,131.74378967285156
12.586823458679254,43.0269060984899,131.74378967285156
12.586826447894579,43.026905410848876,131.74378967285156
12.586829611599502,43.02690463639954,131.74378967285156
12.586832559829107,43.026904004602564,131.74378967285156
12.58683562508041,43.02690336397548,131.74378967285156
12.58683851277771,43.026902753378884,131.74378967285156
12.586841553182706,43.02690207709513,131.74378967285156
12.586844390475484,43.02690146430762,131.74378967285156
12.586847349219587,43.02690083585379,131.74378967285156
12.586850193010317,43.026900241484654,131.74378967285156
12.586853123500935,43.02689966499631,131.74378967285156
12.586855886219627,43.026899127933966,131.74378967285156
12.586858753966052,43.02689856583978,131.74378967285156
12.586861448582235,43.02689800367278,131.74378967285156
12.586864225949151,43.02689745259963,131.74378967285156
12.58686685443743,43.02689692863361,131.74378967285156
12.58686960958448,43.026896337946,131.74378967285156
12.586872249697587,43.026895825260134,131.74378967285156
12.58687501390894,43.02689527732025,131.74378967285156
12.586877634475453,43.02689475212918,131.74378967285156
12.586880321084925,43.02689412037395,131.74378967285156
12.586882901691824,43.026893576228034,131.74378967285156
12.586885598610355,43.02689299888194,131.74378967285156
12.586888142159644,43.026892414527246,131.74378967285156
12.586890814673136,43.026891857106186,131.74378967285156
12.586893340468412,43.02689133436732,131.74378967285156
12.586895982424624,43.02689078593914,131.74378967285156
12.586898478434396,43.02689024149124,131.74378967285156
12.58690110135891,43.02688968253675,131.74378967285156
12.586903601552583,43.02688914811401,131.74378967285156
12.586906265641623,43.026888551117565,131.74378967285156
12.586908786756343,43.02688802623651,131.74378967285156
12.58691143320059,43.02688748577641,131.74378967285156
12.586913946063872,43.02688698804745,131.74378967285156
12.586916595565022,43.02688642961178,131.74378967285156
12.586919098543685,43.026885959630825,131.74378967285156
12.586921728640341,43.026885479969,131.74378967285156
12.58692424563662,43.02688502663458,131.74378967285156
12.58692687344815,43.026884584683415,131.74378967285156
12.586929356891215,43.026884170154815,131.74378967285156
12.586931947893229,43.02688373474256,131.74378967285156
12.586934377504079,43.02688332503481,131.74378967285156
12.586936914634329,43.02688289586806,131.74378967285156
12.586939303430848,43.026882497607104,131.74378967285156
12.586941762140391,43.02688208896439,131.74378967285156
12.586944121965661,43.02688169484434,131.74378967285156
12.586946593454313,43.02688127707302,131.74378967285156
12.586948932057245,43.026880877874795,131.74378967285156
12.586951350100401,43.02688044542984,131.74378967285156
12.586953639684518,43.02688004765905,131.74378967285156
12.586956007244046,43.02687963969123,131.74378967285156
12.586958216974875,43.02687922708936,131.74378967285156
12.586960591855602,43.026878812931045,131.74378967285156
12.586962878800144,43.026878413247196,131.74378967285156
12.586965313627246,43.026877984050074,131.74378967285156
12.586967641856317,43.026877547514516,131.74378967285156
12.586970101274842,43.02687711463158,131.74378967285156
12.586972438691271,43.026876705620765,131.74378967285156
12.586974890199759,43.02687624020157,131.74378967285156
12.586977247438163,43.026875793006894,131.74378967285156
12.58697975315093,43.026875290870905,131.74378967285156
12.586982142381046,43.02687481413512,131.74378967285156
12.58698470852064,43.026874294615205,131.74378967285156
12.586987100563219,43.026873849944515,131.74378967285156
12.586989636879052,43.0268734278342,131.74378967285156
12.586992129162347,43.02687312957025,131.74378967285156
12.586994779663996,43.02687288794278,131.74378967285156
12.58699736856695,43.02687276383947,131.74378967285156
12.587000152367391,43.0268727455475,131.74378967285156
12.587002845999244,43.02687285274028,131.74378967285156
12.587005653699704,43.026873068063836,131.74378967285156
12.587008311847697,43.026873386979986,131.74378967285156
12.587011055857696,43.02687396918024,131.74378967285156
12.587013666768106,43.02687454213274,131.74378967285156
12.587016367003352,43.02687528693501,131.74378967285156
12.587018848036767,43.026876140720454,131.74378967285156
12.587021122987295,43.02687731598129,131.74378967285156
12.587023358645435,43.026878461256594,131.74378967285156
12.587025571839066,43.026879808692726,131.74378967285156
12.587026996372531,43.02688132540752,131.74378967285156
12.587028840220064,43.026882868704725,131.74378967285156
12.587030386181397,43.02688440695079,131.74378967285156
12.587031810058605,43.026886076378425,131.74378967285156
12.587032618265296,43.026887735239065,131.74378967285156
12.587033714807562,43.026889447830975,131.74378967285156
12.58703465197722,43.02689107814956,131.74378967285156
12.587034808478796,43.02689270214432,131.74378967285156
12.58703563002127,43.026894302004074,131.74378967285156
12.587036473090771,43.026895948794774,131.74378967285156
12.587037266496958,43.026897467533665,131.74378967285156
12.587037439603773,43.02689873934709,131.74378967285156
12.587038254126833,43.026900168380514,131.74378967285156
12.587039130488815,43.02690163988942,131.74378967285156
12.587039587208602,43.02690269592302,131.74378967285156
12.587040520311941,43.026904118028554,131.74378967285156
12.58704144622007,43.026905444985964,131.74378967285156
12.587042473681375,43.0269068247848,131.74378967285156
12.58704340727689,43.02690798558288,131.74378967285156
12.587044517940079,43.026909354236466,131.74378967285156
12.587045600806801,43.02691064844454,131.74378967285156
12.58704675731305,43.0269118719957,131.74378967285156
12.587047875780808,43.026913196856434,131.74378967285156
12.587049065474066,43.026914622599456,131.74378967285156
12.587050203546987,43.026916005503736,131.74378967285156
12.587051519390702,43.02691751119318,131.74378967285156
12.587052634225682,43.02691897325896,131.74378967285156
12.5870537786735,43.02692055548634,131.74378967285156
12.58705495656614,43.02692218998118,131.74378967285156
12.587056041413284,43.02692383636657,131.74378967285156
12.587057038746106,43.02692541938636,131.74378967285156
12.587058037239057,43.02692709932102,131.74378967285156
12.587058948733297,43.026928761706834,131.74378967285156
12.587059820454694,43.02693048220258,131.74378967285156
12.587060601521193,43.02693213418202,131.74378967285156
12.587061377841666,43.026933922523725,131.74378967285156
12.58706206893294,43.02693558278286,131.74378967285156
12.587062748868131,43.0269373301223,131.74378967285156
12.587063351085732,43.02693900146886,131.74378967285156
12.5870638833317,43.02694071651406,131.74378967285156
12.587064371715037,43.02694241060087,131.74378967285156
12.587064813610784,43.02694420781338,131.74378967285156
12.587065079306026,43.026945831173684,131.74378967285156
12.587065360258842,43.02694763398881,131.74378967285156
12.587065536928051,43.02694935891567,131.74378967285156
12.587065638750726,43.02695118092015,131.74378967285156
12.58706561942677,43.02695285343178,131.74378967285156
12.58706559649349,43.026954676173006,131.74378967285156
12.587065506248711,43.02695640805173,131.74378967285156
12.58706522885827,43.026958094244335,131.74378967285156
12.587064997017935,43.0269598273738,131.74378967285156
12.587064684155367,43.026961645309115,131.74378967285156
12.58706431853577,43.02696336938358,131.74378967285156
12.587063786629582,43.026964999712874,131.74378967285156
12.587063274586377,43.026966724160005,131.74378967285156
12.587062641373091,43.026968538403075,131.74378967285156
12.587061856837837,43.02697005540374,131.74378967285156
12.587061056623128,43.02697183530298,131.74378967285156
12.587060225787797,43.02697351081722,131.74378967285156
12.587059295707848,43.02697525782897,131.74378967285156
12.58705830656627,43.02697679344932,131.74378967285156
12.587057247792904,43.02697850083161,131.74378967285156
12.587056168605784,43.026980098200596,131.74378967285156
12.587054891620822,43.026981523430685,131.74378967285156
12.587053679568491,43.026983071806804,131.74378967285156
12.587052343064881,43.02698468268544,131.74378967285156
12.58705101002998,43.0269861892219,131.74378967285156
12.587049584828492,43.0269875327944,131.74378967285156
12.587048217891779,43.026988999829896,131.74378967285156
12.587046780608441,43.026990524227884,131.74378967285156
12.587045408058511,43.02699174180164,131.74378967285156
12.587043919623596,43.02699322529372,131.74378967285156
12.58704252504277,43.026994615837346,131.74378967285156
12.587041093982016,43.02699606205581,131.74378967285156
12.587039785099128,43.02699732967611,131.74378967285156
12.587038363331189,43.02699877612588,131.74378967285156
12.587035669675888,43.027001440740506,131.74378967285156
12.587034294559608,43.02700281898237,131.74378967285156
12.587032843073366,43.027004284355925,131.74378967285156
12.587031470335962,43.02700568150445,131.74378967285156
12.587030158476555,43.02700708531784,131.74378967285156
12.58702881156689,43.02700848935398,131.74378967285156
12.587027399724589,43.02700996344842,131.74378967285156
12.58702613309888,43.02701133211272,131.74378967285156
12.587024698956123,43.02701280877717,131.74378967285156
12.58702332444921,43.027014218493015,131.74378967285156
12.587021874263737,43.02701570442661,131.74378967285156
12.5870205356977,43.02701711446798,131.74378967285156
12.587019098496402,43.02701858216311,131.74378967285156
12.58701772451682,43.027019978386434,131.74378967285156
12.58701631259249,43.02702144683543,131.74378967285156
12.587014924538906,43.02702284825016,131.74378967285156
12.587013458802875,43.02702432906088,131.74378967285156
12.587012055890128,43.027025739496324,131.74378967285156
12.587010588548647,43.0270272565698,131.74378967285156
12.587009167261174,43.02702866822171,131.74378967285156
12.587007681767625,43.027030154814945,131.74378967285156
12.587006291311733,43.02703160141892,131.74378967285156
12.587004805419758,43.027033106756036,131.74378967285156
12.587003401382042,43.027034551818005,131.74378967285156
12.587001940931101,43.02703608282092,131.74378967285156
12.587000573631121,43.027037561858336,131.74378967285156
12.586999165163785,43.02703906315199,131.74378967285156
12.58699785093724,43.027040492554065,131.74378967285156
12.58699652076171,43.02704200022132,131.74378967285156
12.586995251991517,43.02704342066265,131.74378967285156
12.58699392560108,43.02704491323542,131.74378967285156
12.586992659643327,43.02704634008463,131.74378967285156
12.586991311725853,43.027047866718526,131.74378967285156
12.586990022002835,43.027049305149866,131.74378967285156
12.586988662636323,43.027050821418094,131.74378967285156
12.58698735584521,43.02705231481327,131.74378967285156
12.586986036351162,43.02705384101883,131.74378967285156
12.586984808144823,43.027055287331514,131.74378967285156
12.586983536896144,43.027056798339785,131.74378967285156
12.586982327855525,43.02705824617735,131.74378967285156
12.58698108870988,43.02705971233047,131.74378967285156
12.586979916823005,43.02706110489581,131.74378967285156
12.58697872271185,43.02706259945605,131.74378967285156
12.586977560815063,43.02706399731561,131.74378967285156
12.586976338022692,43.02706547266935,131.74378967285156
12.586975185612092,43.027066870306165,131.74378967285156
12.586974016027911,43.02706838438131,131.74378967285156
12.586972883158031,43.02706977920826,131.74378967285156
12.58697169101559,43.02707125079266,131.74378967285156
12.5869705804989,43.027072701988374,131.74378967285156
12.586969396084857,43.027074165759956,131.74378967285156
12.586968260009943,43.027075558548034,131.74378967285156
12.586967061082452,43.02707703018385,131.74378967285156
12.586965938730001,43.02707846924913,131.74378967285156
12.58696477741914,43.0270799515933,131.74378967285156
12.586963679769443,43.02708136079513,131.74378967285156
12.58696254025513,43.027082873962215,131.74378967285156
12.586961454991968,43.02708428840686,131.74378967285156
12.586960338153109,43.02708578788439,131.74378967285156
12.586959288912851,43.02708723236382,131.74378967285156
12.586958221543945,43.02708879204797,131.74378967285156
12.586957170838858,43.02709025784131,131.74378967285156
12.58695605566402,43.02709180906159,131.74378967285156
12.58695501306233,43.02709333259435,131.74378967285156
12.586953904695989,43.02709490334665,131.74378967285156
12.586952836149367,43.0270963999115,131.74378967285156
12.586951694162428,43.027097968864794,131.74378967285156
12.586950583370346,43.02709947939334,131.74378967285156
12.586949409251073,43.02710106482894,131.74378967285156
12.586948291580187,43.02710257119407,131.74378967285156
12.586947061053555,43.0271041770869,131.74378967285156
12.586945943312362,43.027105693834855,131.74378967285156
12.586944773189133,43.027107298545474,131.74378967285156
12.586943674361722,43.02710882663571,131.74378967285156
12.586942494658565,43.02711045375677,131.74378967285156
12.586941435979004,43.027111982104,131.74378967285156
12.586940334116479,43.027113590121374,131.74378967285156
12.586939231679741,43.02711514281512,131.74378967285156
12.586938132070099,43.02711678160399,131.74378967285156
12.586937067074205,43.027118347216295,131.74378967285156
12.586935915442861,43.02711999996887,131.74378967285156
12.586934739310896,43.02712159498201,131.74378967285156
12.586933458447074,43.02712326843168,131.74378967285156
12.586932159463414,43.02712485619741,131.74378967285156
12.586930646683113,43.027126553548115,131.74378967285156
12.58692915677454,43.02712810228404,131.74378967285156
12.586927476799453,43.02712969781117,131.74378967285156
12.586925785129234,43.027131179041646,131.74378967285156
12.58692385305243,43.027132699901586,131.74378967285156
12.586922000884597,43.02713411119369,131.74378967285156
12.586919965652097,43.0271355521265,131.74378967285156
12.586917887538402,43.02713674798372,131.74378967285156
12.586915683690242,43.02713809118782,131.74378967285156
12.586913529643105,43.027139294840715,131.74378967285156
12.586911204140016,43.02714048233685,131.74378967285156
12.5869089322377,43.027141414425955,131.74378967285156
12.586906434459838,43.027142493502176,131.74378967285156
12.586904009795651,43.027143446168445,131.74378967285156
12.586901517015784,43.027144088172605,131.74378967285156
12.586899039849452,43.02714490276112,131.74378967285156
12.586896398724118,43.0271456821063,131.74378967285156
12.586893852092254,43.027146348508374,131.74378967285156
12.586891311445468,43.02714666821688,131.74378967285156
12.586888684776698,43.02714723152752,131.74378967285156
12.586885874167022,43.02714778661415,131.74378967285156
12.586883414729423,43.02714795383573,131.74378967285156
12.586880529250543,43.027148376207336,131.74378967285156
12.58687776489415,43.027148716475864,131.74378967285156
12.586874839367052,43.027149021055614,131.74378967285156
12.58687219051627,43.027149114466674,131.74378967285156
12.5868692527396,43.02714927601712,131.74378967285156
12.586866456816294,43.02714936370564,131.74378967285156
12.586863817996608,43.02714914720846,131.74378967285156
12.58686101332246,43.02714911391832,131.74378967285156
12.586858057708653,43.0271490163952,131.74378967285156
12.586855249133691,43.02714887336588,131.74378967285156
12.58685266574289,43.02714848916738,131.74378967285156
12.586849892288498,43.02714830042627,131.74378967285156
12.586846976457066,43.027148065150925,131.74378967285156
12.586844571953241,43.02714764284781,131.74378967285156
12.586841641802069,43.027147281539456,131.74378967285156
12.5868388475948,43.02714684943604,131.74378967285156
12.586835892966095,43.02714629304722,131.74378967285156
12.58683326860623,43.027145608226725,131.74378967285156
12.586830311114356,43.027144844250095,131.74378967285156
12.586827529322214,43.02714402154032,131.74378967285156
12.586824960534964,43.02714299076299,131.74378967285156
12.586822262401732,43.02714199620559,131.74378967285156
12.586819469361226,43.02714086499252,131.74378967285156
12.58681687561268,43.02713972555543,131.74378967285156
12.586814609584357,43.02713839864511,131.74378967285156
12.58681211356578,43.027137219253056,131.74378967285156
12.586809512211854,43.027136018958316,131.74378967285156
12.586807622439157,43.02713486852164,131.74378967285156
12.586805079487698,43.02713373131192,131.74378967285156
12.586802689282004,43.02713266784417,131.74378967285156
12.586800189531074,43.02713154559184,131.74378967285156
12.586798126590066,43.02713040074061,131.74378967285156
12.586795695299068,43.027129107840004,131.74378967285156
12.58679341532418,43.0271278219298,131.74378967285156
12.586791414705498,43.0271265244546,131.74378967285156
12.58678917529153,43.027125184248796,131.74378967285156
12.586786833685718,43.0271237387585,131.74378967285156
12.586784633898105,43.02712233563899,131.74378967285156
12.586782574370135,43.02712082594996,131.74378967285156
12.586780419997872,43.027119324467805,131.74378967285156
12.586778176388652,43.027117690304905,131.74378967285156
12.586776303467278,43.02711612411006,131.74378967285156
12.586774116816189,43.0271144142006,131.74378967285156
12.586772053368339,43.027112795663356,131.74378967285156
12.58676988112523,43.027111110271726,131.74378967285156
12.586767941695067,43.02710954399124,131.74378967285156
12.586765789092297,43.02710787821731,131.74378967285156
12.586763770005126,43.02710629946371,131.74378967285156
12.586761957270376,43.02710470964197,131.74378967285156
12.586760040814514,43.02710305988771,131.74378967285156
12.586758094007552,43.02710122932507,131.74378967285156
12.58675631668633,43.027099412143606,131.74378967285156
12.586754690698777,43.02709761094759,131.74378967285156
12.58675291215879,43.02709577747234,131.74378967285156
12.586750991624825,43.02709382372087,131.74378967285156
12.586749300927288,43.02709197590497,131.74378967285156
12.586747344968078,43.02709000478027,131.74378967285156
12.586745483905885,43.02708811294877,131.74378967285156
12.586743532458327,43.02708611235469,131.74378967285156
12.5867418210658,43.027084193452474,131.74378967285156
12.58673994067971,43.02708212441059,131.74378967285156
12.586738231982489,43.027080089207104,131.74378967285156
12.586736717180838,43.02707793036928,131.74378967285156
12.586735220683597,43.027075756436965,131.74378967285156
12.586733761310803,43.02707341207911,131.74378967285156
12.586732472455001,43.02707114643192,131.74378967285156
12.586731400205355,43.02706876210194,131.74378967285156
12.586730271308106,43.027066441885005,131.74378967285156
12.586729145492829,43.02706399484691,131.74378967285156
12.586728406613178,43.02706181013776,131.74378967285156
12.58672733990637,43.027059449006366,131.74378967285156
12.586726308741994,43.027057217026254,131.74378967285156
12.58672517827441,43.02705486879628,131.74378967285156
12.586724232503288,43.02705272637223,131.74378967285156
12.58672304666543,43.02705043624148,131.74378967285156
12.586721899041844,43.0270482769411,131.74378967285156
12.586720864455652,43.027046234164686,131.74378967285156
12.58671969434413,43.027044104864814,131.74378967285156
12.586718455046139,43.02704187312457,131.74378967285156
12.586717274985547,43.02703974207708,131.74378967285156
12.58671611785822,43.02703760828825,131.74378967285156
12.586714931809443,43.02703542496687,131.74378967285156
12.586713684320179,43.02703309217406,131.74378967285156
12.586712542673084,43.027030833825684,131.74378967285156
12.586711295195535,43.0270284483135,131.74378967285156
12.586710105572593,43.027026164556375,131.74378967285156
12.58670884197028,43.02702376098565,131.74378967285156
12.586707634394473,43.02702145576041,131.74378967285156
12.586706361698552,43.02701907636486,131.74378967285156
12.586705159396107,43.027016811574356,131.74378967285156
12.586703928969087,43.027014371064084,131.74378967285156
12.586702731717343,43.02701208807795,131.74378967285156
12.58670146265417,43.027009680737876,131.74378967285156
12.586700243230883,43.02700737290837,131.74378967285156
12.586698962929612,43.02700489847405,131.74378967285156
12.586697745768017,43.02700256305982,131.74378967285156
12.586696470857285,43.02700009983071,131.74378967285156
12.586695266679866,43.026997701605595,131.74378967285156
12.586693971132714,43.02699520018622,131.74378967285156
12.58669272837774,43.026992810664844,131.74378967285156
12.58669141504179,43.02699029538459,131.74378967285156
12.586690184005395,43.02698788542312,131.74378967285156
12.586688883055984,43.026985355202584,131.74378967285156
12.586687643418148,43.02698295034685,131.74378967285156
12.586686387233687,43.026980368983224,131.74378967285156
12.586685134541362,43.02697794742246,131.74378967285156
12.58668380553767,43.02697539031968,131.74378967285156
12.586682529033196,43.026972949997884,131.74378967285156
12.586681238747689,43.0269703519378,131.74378967285156
12.586679954087105,43.02696790286942,131.74378967285156
12.586678630356802,43.02696530354145,131.74378967285156
12.586677507693825,43.026962789957395,131.74378967285156
12.586676341554945,43.02696014950935,131.74378967285156
12.586675289039365,43.02695756666368,131.74378967285156
12.586674230383256,43.02695476706384,131.74378967285156
12.586673292897212,43.02695200334128,131.74378967285156
12.586672344372266,43.026949116241376,131.74378967285156
12.586671477197664,43.02694635585126,131.74378967285156
12.586670658561385,43.0269433893468,131.74378967285156
12.586669817495745,43.02694063318007,131.74378967285156
12.586668952688274,43.02693773482355,131.74378967285156
12.586668156317291,43.02693498015597,131.74378967285156
12.586667504366037,43.0269321536482,131.74378967285156
12.586666749924126,43.02692939843236,131.74378967285156
12.586665971693495,43.02692649964751,131.74378967285156
12.58666543432648,43.026923901544585,131.74378967285156
12.586664680517366,43.02692098865898,131.74378967285156
12.586663977051264,43.02691819949338,131.74378967285156
12.58666324839022,43.026915244125604,131.74378967285156
12.586662669562887,43.026912467021894,131.74378967285156
12.586661973643546,43.02690950091151,131.74378967285156
12.586661325184433,43.02690667132829,131.74378967285156
12.586660831644895,43.026903754870396,131.74378967285156
12.586660191693461,43.026900886291656,131.74378967285156
12.586659514992578,43.026897854620465,131.74378967285156
12.586658870869343,43.02689496636408,131.74378967285156
12.586658378103236,43.02689192891465,131.74378967285156
12.586657749354773,43.0268890275855,131.74378967285156
12.586657089200523,43.02688597276713,131.74378967285156
12.586656577520625,43.02688304987566,131.74378967285156
12.586655920014767,43.02687997074504,131.74378967285156
12.58665529300064,43.026877030141954,131.74378967285156
12.586654623541834,43.02687392662201,131.74378967285156
12.586654028285057,43.0268709502573,131.74378967285156
12.586653341834332,43.02686782034769,131.74378967285156
12.586652708304694,43.026864839631116,131.74378967285156
12.586652146352117,43.02686165787168,131.74378967285156
12.586651533142478,43.02685865678353,131.74378967285156
12.586650876972536,43.02685548439389,131.74378967285156
12.586650240466367,43.02685246117801,131.74378967285156
12.58664961692095,43.026849231171035,131.74378967285156
12.586648977578895,43.02684618983875,131.74378967285156
12.586648312643467,43.02684297995383,131.74378967285156
12.586647755026751,43.02683989128743,131.74378967285156
12.586647084442967,43.026836678237125,131.74378967285156
12.586646444093107,43.02683361361794,131.74378967285156
12.586645763196978,43.026830382548155,131.74378967285156
12.58664514028436,43.02682729405477,131.74378967285156
12.586644438646351,43.02682406242166,131.74378967285156
12.586643769328171,43.026820987558864,131.74378967285156
12.58664312129092,43.026817729884186,131.74378967285156
12.586642437957323,43.026814660836564,131.74378967285156
12.586641716116487,43.02681143544275,131.74378967285156
12.586641023150223,43.02680836269753,131.74378967285156
12.586640345746227,43.02680509066456,131.74378967285156
12.586639640053589,43.02680200300369,131.74378967285156
12.586638890064735,43.02679875103494,131.74378967285156
12.586638194637569,43.0267956046484,131.74378967285156
12.586637400797807,43.026792362620576,131.74378967285156
12.586636650176157,43.026789275535464,131.74378967285156
12.586635867023736,43.02678602841439,131.74378967285156
12.586635132831521,43.0267829086108,131.74378967285156
12.586634325210712,43.02677967814496,131.74378967285156
12.586633552698757,43.02677660037754,131.74378967285156
12.58663276652295,43.02677330890141,131.74378967285156
12.586632002424938,43.026770238896475,131.74378967285156
12.58663120483524,43.02676702284675,131.74378967285156
12.586630444299674,43.02676396838606,131.74378967285156
12.58662964497562,43.026760701812194,131.74378967285156
12.586628873283969,43.0267576522088,131.74378967285156
12.586628059967936,43.02675445478519,131.74378967285156
12.586627278620176,43.026751387369536,131.74378967285156
12.586626482389828,43.0267482244825,131.74378967285156
12.58662572539327,43.02674524945849,131.74378967285156
12.586624924452053,43.02674216499945,131.74378967285156
12.586624141510569,43.02673925508221,131.74378967285156
12.586623336889723,43.02673622941199,131.74378967285156
12.586622577526018,43.026733372231234,131.74378967285156
12.586621758444451,43.02673037397866,131.74378967285156
12.586621006158765,43.026727530136235,131.74378967285156
12.586620209998731,43.02672454214655,131.74378967285156
12.586619439103941,43.0267217082072,131.74378967285156
12.586618515492681,43.026718715660046,131.74378967285156
12.586617760347679,43.02671588892098,131.74378967285156
12.586617026507067,43.026712903162895,131.74378967285156
12.58661633513461,43.02670999244892,131.74378967285156
12.586616023490928,43.02670684221054,131.74378967285156
12.586616086185462,43.026703743642095,131.74378967285156
12.586616599553002,43.02670040972981,131.74378967285156
12.586617455032645,43.02669725770532,131.74378967285156
12.586618929909315,43.026693952808444,131.74378967285156
12.5866207519605,43.02669091319597,131.74378967285156
12.586623138143903,43.0266880130405,131.74378967285156
12.586625621169606,43.026685280654895,131.74378967285156
12.586628533587362,43.026682590203194,131.74378967285156
12.586631571909495,43.02668024865527,131.74378967285156
12.586635376978046,43.02667870501656,131.74378967285156
12.586638948659438,43.02667687429126,131.74378967285156
12.586642923928562,43.026675245970935,131.74378967285156
12.586646831581488,43.02667524608237,131.74378967285156
12.586651033347216,43.02667425236462,131.74378967285156
12.586655077427789,43.0266735895606,131.74378967285156
12.58665936633284,43.02667314184882,131.74378967285156
12.586663244829934,43.02667368896853,131.74378967285156
12.586667533828724,43.02667379705442,131.74378967285156
12.586671581120166,43.02667416153251,131.74378967285156
12.586674964202711,43.026676010796265,131.74378967285156
12.586678841246654,43.02667686309542,131.74378967285156
12.58668278583645,43.02667799334052,131.74378967285156
12.586686350510016,43.02667929545893,131.74378967285156
12.586688702850033,43.02668176062419,131.74378967285156
12.586691885849577,43.026683441998124,131.74378967285156
12.586695037783166,43.02668536160286,131.74378967285156
12.586696357810379,43.02668778007113,131.74378967285156
12.586698995310185,43.02668997487193,131.74378967285156
12.586701224347308,43.02669221003892,131.74378967285156
12.5867033069491,43.02669468251154,131.74378967285156
12.586704203502105,43.02669720862869,131.74378967285156
12.586705686405768,43.0266998510471,131.74378967285156
12.586706794326721,43.02670242401542,131.74378967285156
12.586706299873054,43.02670500349441,131.74378967285156
12.586706858849036,43.0267076131024,131.74378967285156
12.586707174395036,43.026710344100266,131.74378967285156
12.586707175402733,43.02671290738821,131.74378967285156
12.586705739666165,43.02671508724865,131.74378967285156
12.586705211287217,43.02671754311041,131.74378967285156
12.586704422158233,43.02672005945291,131.74378967285156
12.586702618645894,43.026721670691344,131.74378967285156
12.586701363012125,43.0267240482879,131.74378967285156
12.586699943037045,43.02672622550979,131.74378967285156
12.586698228093688,43.026728444956845,131.74378967285156
12.586696083125469,43.026730053848,131.74378967285156
12.586693914192768,43.02673206482914,131.74378967285156
12.586691647515433,43.02673385568514,131.74378967285156
12.58668885345532,43.0267348462718,131.74378967285156
12.586686254954804,43.02673639451941,131.74378967285156
12.586683373427247,43.02673790697969,131.74378967285156
12.58668055632847,43.02673922986365,131.74378967285156
12.586677679136882,43.0267399122555,131.74378967285156
12.58667504020738,43.026741359831846,131.74378967285156
12.586672365044024,43.02674296401564,131.74378967285156
12.586670135303716,43.026743833747894,131.74378967285156
12.586667548873399,43.02674540420035,131.74378967285156
12.586665130909346,43.02674687064047,131.74378967285156
12.586662640102634,43.02674843109564,131.74378967285156
12.586660498204797,43.02674972562821,131.74378967285156
12.586658073467403,43.02675139629801,131.74378967285156
12.586655763337658,43.02675302316207,131.74378967285156
12.586653481379313,43.02675448773464,131.74378967285156
12.586650830145178,43.026756042934075,131.74378967285156
12.586647788752794,43.026757581867535,131.74378967285156
12.586644700275206,43.02675894042954,131.74378967285156
12.586641443284519,43.026760257854356,131.74378967285156
12.586638156598971,43.0267614359528,131.74378967285156
12.586634632682568,43.02676257790415,131.74378967285156
12.58663128639633,43.0267635251434,131.74378967285156
12.586627691652854,43.02676445853677,131.74378967285156
12.58662427657861,43.02676529866687,131.74378967285156
12.58662075238101,43.02676618804253,131.74378967285156
12.586617564717477,43.02676697159187,131.74378967285156
12.586614243860609,43.02676792534077,131.74378967285156
12.586611179078048,43.02676883647366,131.74378967285156
12.586608297105268,43.02676963481974,131.74378967285156
12.586605366547282,43.026770483608594,131.74378967285156
12.586602365091922,43.026771347828195,131.74378967285156
12.586599592805035,43.02677217748659,131.74378967285156
12.586597085170457,43.026773031437955,131.74378967285156
12.586594418444472,43.026773903897094,131.74378967285156
12.586591614798644,43.02677482932562,131.74378967285156
12.58658915085089,43.026775758736036,131.74378967285156
12.586586351423753,43.026776650366585,131.74378967285156
12.586583705111536,43.026777478473335,131.74378967285156
12.58658095741021,43.02677832971112,131.74378967285156
12.586578502438915,43.02677918647215,131.74378967285156
12.586575917977362,43.026780043223205,131.74378967285156
12.586573547262626,43.026780862010476,131.74378967285156
12.586571226422148,43.02678181473271,131.74378967285156
12.586569013908186,43.026782616395984,131.74378967285156
12.586566784496048,43.02678345331999,131.74378967285156
12.586564755729365,43.02678426620109,131.74378967285156
12.586562853312374,43.02678524116002,131.74378967285156
12.586561048042379,43.02678608546904,131.74378967285156
12.586559273287557,43.02678697350935,131.74378967285156
12.58655780143447,43.026787985340356,131.74378967285156
12.58655623655933,43.02678890825243,131.74378967285156
12.58655483471301,43.0267898418129,131.74378967285156
12.586553427804255,43.026790872242174,131.74378967285156
12.586552186103978,43.026791978607555,131.74378967285156
12.586550871584487,43.02679301883496,131.74378967285156
12.586549716695451,43.02679399802902,131.74378967285156
12.58654869865595,43.026795223474494,131.74378967285156
12.586547794098577,43.02679620862447,131.74378967285156
12.586546895518744,43.0267972298939,131.74378967285156
12.586546128983285,43.02679821139564,131.74378967285156
12.586545434142076,43.02679945320883,131.74378967285156
12.586544808674843,43.026800475832786,131.74378967285156
12.5865442353084,43.026801565154756,131.74378967285156
12.586543827291065,43.026802783812194,131.74378967285156
12.586543433875075,43.026803859703755,131.74378967285156
12.586543152019933,43.02680487289148,131.74378967285156
12.586542978186634,43.02680591278156,131.74378967285156
12.586542957749485,43.0268069685971,131.74378967285156
12.586543023701665,43.02680793253714,131.74378967285156
12.58654316521522,43.02680885137574,131.74378967285156
12.586543415500593,43.02680997369444,131.74378967285156
12.586543676684222,43.026810942447895,131.74378967285156
12.586543952047307,43.026812006553875,131.74378967285156
12.586544200598293,43.02681307974482,131.74378967285156
12.586544526866891,43.02681443847179,131.74378967285156
12.586544809776768,43.02681562915262,131.74378967285156
12.586545139185956,43.02681693324131,131.74378967285156
12.586545477665313,43.02681842528617,131.74378967285156
12.586545869862627,43.026819842853925,131.74378967285156
12.586546291543895,43.026821244503736,131.74378967285156
12.58654683099687,43.02682275387684,131.74378967285156
12.586547384723083,43.02682432126566,131.74378967285156
12.586548192414272,43.02682583926861,131.74378967285156
12.586549103932041,43.026827251555176,131.74378967285156
12.586550004762469,43.02682888079378,131.74378967285156
12.586551187049643,43.02683016725158,131.74378967285156
12.586552569068223,43.02683142960134,131.74378967285156
12.586554009070314,43.02683255967097,131.74378967285156
12.586555552852113,43.02683381526576,131.74378967285156
12.58655726170178,43.02683477664699,131.74378967285156
12.586559205719821,43.02683566090079,131.74378967285156
12.586561182924857,43.02683655606211,131.74378967285156
12.586563374603251,43.02683720470807,131.74378967285156
12.586565530985288,43.026837705195994,131.74378967285156
12.586567863989695,43.02683809885526,131.74378967285156
12.586570219259396,43.02683844656498,131.74378967285156
12.586572702003766,43.02683857365484,131.74378967285156
12.586575114131984,43.02683858229963,131.74378967285156
12.586577887590762,43.02683870220848,131.74378967285156
12.586580360889931,43.026838462780404,131.74378967285156
12.586582956413837,43.026838060668915,131.74378967285156
12.586585405900843,43.02683755581509,131.74378967285156
12.586588250421043,43.026837075358095,131.74378967285156
12.586590651650948,43.02683629358952,131.74378967285156
12.586593123192301,43.026835315945405,131.74378967285156
12.586595786824542,43.026834372623696,131.74378967285156
12.58659811432115,43.026833092743345,131.74378967285156
12.586600250898723,43.02683176781324,131.74378967285156
12.586602406132267,43.02683027953114,131.74378967285156
12.586604582529565,43.0268288220312,131.74378967285156
12.586606606257268,43.02682720701483,131.74378967285156
12.586608568931252,43.026825642042425,131.74378967285156
12.586611140854036,43.026824038219274,131.74378967285156
12.58661341287501,43.026822510162525,131.74378967285156
12.586615936306293,43.026820922611506,131.74378967285156
12.586618454839192,43.02681941226661,131.74378967285156
12.586621502653271,43.026817774489125,131.74378967285156
12.586624109872343,43.0268162306876,131.74378967285156
12.586626879604639,43.02681459512192,131.74378967285156
12.586629928895286,43.02681302137556,131.74378967285156
12.586632818578925,43.02681133371804,131.74378967285156
12.586635617865465,43.026809720177305,131.74378967285156
12.586638584493256,43.026808017104045,131.74378967285156
12.586641506215466,43.02680642860585,131.74378967285156
12.586644455007583,43.026804768361714,131.74378967285156
12.586647312840118,43.02680316918623,131.74378967285156
12.586650476902477,43.02680155645398,131.74378967285156
12.586653406054259,43.02679992566209,131.74378967285156
12.586656488719377,43.02679821417314,131.74378967285156
12.586659427691322,43.02679658492701,131.74378967285156
12.586662616550173,43.02679493395468,131.74378967285156
12.58666556248296,43.026793280286824,131.74378967285156
12.586668679272584,43.02679155181163,131.74378967285156
12.586671772742248,43.02678999634605,131.74378967285156
12.58667500324894,43.026788330767175,131.74378967285156
12.586678131124351,43.026786816825116,131.74378967285156
12.586681477199642,43.02678530693215,131.74378967285156
12.586684724112345,43.02678396741869,131.74378967285156
12.58668816939709,43.02678260362403,131.74378967285156
12.58669148945714,43.0267813700231,131.74378967285156
12.58669504187311,43.02678022859968,131.74378967285156
12.586698431658677,43.02677915300692,131.74378967285156
12.586702003785275,43.02677816452662,131.74378967285156
12.586705396887183,43.02677738855033,131.74378967285156
12.58670889733124,43.02677683535272,131.74378967285156
12.58671221893811,43.02677641415052,131.74378967285156
12.586715661258028,43.02677617817816,131.74378967285156
12.586718779711674,43.02677624148922,131.74378967285156
12.5867221480991,43.02677635874574,131.74378967285156
12.586725295157777,43.02677663183125,131.74378967285156
12.586728529590145,43.02677710063437,131.74378967285156
12.586731397629517,43.02677780805702,131.74378967285156
12.586734412115922,43.02677865219639,131.74378967285156
12.586737151836882,43.02677962576224,131.74378967285156
12.586739642995122,43.02678093450482,131.74378967285156
12.586742080177585,43.02678221010934,131.74378967285156
12.586744441001793,43.02678368916073,131.74378967285156
12.586746455542077,43.02678519913248,131.74378967285156
12.586748039905178,43.02678698535075,131.74378967285156
12.586749632881432,43.02678865059679,131.74378967285156
12.586751108003963,43.026790455772584,131.74378967285156
12.586751970842622,43.02679221901608,131.74378967285156
12.586752988694595,43.02679408399981,131.74378967285156
12.586753727644451,43.02679585083435,131.74378967285156
12.58675427402296,43.026797689793966,131.74378967285156
12.586754405259212,43.02679938319998,131.74378967285156
12.586754515823907,43.02680116433602,131.74378967285156
12.586754449250613,43.02680281763096,131.74378967285156
12.586753974308385,43.02680441169693,131.74378967285156
12.586753609649689,43.026805970855285,131.74378967285156
12.586753105727436,43.02680754695425,131.74378967285156
12.586752520829842,43.02680898616408,131.74378967285156
12.586751686068776,43.02681026957919,131.74378967285156
12.586750955931178,43.02681159801006,131.74378967285156
12.58675018332548,43.026812964051885,131.74378967285156
12.586749448207508,43.026814062454555,131.74378967285156
12.586748742409403,43.02681540627013,131.74378967285156
12.58674804385335,43.026816677010856,131.74378967285156
12.586747224349857,43.026818008374754,131.74378967285156
12.586746346898005,43.02681915582808,131.74378967285156
12.586745313237547,43.02682040865371,131.74378967285156
12.5867442381988,43.02682155139536,131.74378967285156
12.586743182003536,43.02682257499695,131.74378967285156
12.586741971146498,43.0268236094263,131.74378967285156
12.586740616643153,43.02682463649928,131.74378967285156
12.586739255577406,43.026825554195284,131.74378967285156
12.586737861359808,43.02682635980175,131.74378967285156
12.586736344483883,43.02682716184798,131.74378967285156
12.586734684922591,43.02682796168373,131.74378967285156
12.58673321132338,43.02682860300372,131.74378967285156
12.58673150690339,43.0268293966887,131.74378967285156
12.586729881150205,43.02683016775542,131.74378967285156
12.586728170507657,43.02683099784805,131.74378967285156
12.58672658729289,43.026831710200476,131.74378967285156
12.586724813241105,43.026832497180976,131.74378967285156
12.586723064173315,43.02683318126118,131.74378967285156
12.586721278567008,43.02683372582255,131.74378967285156
12.586719372587492,43.02683422159559,131.74378967285156
12.586717304563523,43.02683464633696,131.74378967285156
12.586715313800138,43.02683501702847,131.74378967285156
12.586713359856512,43.026835390597874,131.74378967285156
12.58671134600752,43.026835820645786,131.74378967285156
12.58670918396541,43.02683629971975,131.74378967285156
12.586707147827676,43.02683670762814,131.74378967285156
12.586704848373543,43.026837243942516,131.74378967285156
12.58670261222316,43.02683778434374,131.74378967285156
12.586700206739355,43.026838389305624,131.74378967285156
12.586697923046705,43.02683898386755,131.74378967285156
12.586695394740499,43.02683965955915,131.74378967285156
12.586692917117135,43.026840334015006,131.74378967285156
12.586690321018965,43.0268410465594,131.74378967285156
12.586687698846967,43.02684178320722,131.74378967285156
12.586684860045375,43.026842595071564,131.74378967285156
12.586682075383601,43.02684339336522,131.74378967285156
12.586679103482425,43.02684421252088,131.74378967285156
12.586676149088802,43.026845067253966,131.74378967285156
12.586672959292432,43.02684599652573,131.74378967285156
12.586669843885586,43.02684685269372,131.74378967285156
12.586666531630103,43.02684782133474,131.74378967285156
12.586663326412097,43.026848764284296,131.74378967285156
12.586659896033371,43.02684977814667,131.74378967285156
12.586656538801993,43.02685074981816,131.74378967285156
12.58665299196406,43.02685180626338,131.74378967285156
12.586649566343077,43.02685282611387,131.74378967285156
12.586645848460813,43.02685384619352,131.74378967285156
12.586642309614945,43.02685489240368,131.74378967285156
12.586638516194732,43.02685600861433,131.74378967285156
12.586634844389907,43.02685705644575,131.74378967285156
12.586630879550395,43.026858117294225,131.74378967285156
12.586627177746044,43.02685919700442,131.74378967285156
12.586623311975385,43.0268603886747,131.74378967285156
12.586619596905614,43.026861543951576,131.74378967285156
12.5866157823217,43.026862861648446,131.74378967285156
12.586612204453024,43.026864184671645,131.74378967285156
12.586608524679631,43.02686566097206,131.74378967285156
12.586605111902294,43.02686713089886,131.74378967285156
12.586601728819861,43.02686881268396,131.74378967285156
12.586598736716004,43.02687050622252,131.74378967285156
12.586595826735936,43.02687236481961,131.74378967285156
12.586593354468116,43.02687419490249,131.74378967285156
12.586591048627511,43.02687617322321,131.74378967285156
12.586589111453295,43.02687810758401,131.74378967285156
12.586587254082566,43.026880271189185,131.74378967285156
12.586585699707312,43.026882319585354,131.74378967285156
12.586584221784042,43.026884541576756,131.74378967285156
12.586582910545808,43.02688692533277,131.74378967285156
12.58658178912507,43.02688932774274,131.74378967285156
12.58658091513035,43.026891678135804,131.74378967285156
12.586580194953642,43.02689420540943,131.74378967285156
12.586579684844114,43.02689679112921,131.74378967285156
12.586579306568558,43.02689940973221,131.74378967285156
12.58657909059527,43.026901938616355,131.74378967285156
12.586578924355612,43.02690489869579,131.74378967285156
12.586578934668012,43.02690747460243,131.74378967285156
12.58657901880742,43.02691020464081,131.74378967285156
12.586579099759332,43.0269128420391,131.74378967285156
12.586579018197996,43.02691594179829,131.74378967285156
12.586578934480446,43.026918656108236,131.74378967285156
12.586578761748612,43.026921530777884,131.74378967285156
12.586578442558041,43.02692453763997,131.74378967285156
12.586578221287917,43.02692746351265,131.74378967285156
12.586578102180368,43.02693024131883,131.74378967285156
12.586578125875386,43.026933141508614,131.74378967285156
12.58657820279618,43.02693598251976,131.74378967285156
12.586578510502587,43.02693883815421,131.74378967285156
12.58657890773892,43.02694153404578,131.74378967285156
12.586579283834919,43.026944423432944,131.74378967285156
12.586579760804378,43.02694704306391,131.74378967285156
12.586580198165032,43.02694974215085,131.74378967285156
12.586580534206881,43.026952269167424,131.74378967285156
12.58658080024197,43.02695496388535,131.74378967285156
12.586581036933762,43.02695743116647,131.74378967285156
12.586581267110029,43.026959993709085,131.74378967285156
12.586581460091528,43.02696246408277,131.74378967285156
12.58658169727549,43.02696496514232,131.74378967285156
12.586581909358259,43.02696732420914,131.74378967285156
12.586582141690752,43.02696977406562,131.74378967285156
12.586582373577963,43.02697207967634,131.74378967285156
12.586582739549128,43.0269744103446,131.74378967285156
12.586583175691127,43.02697655953628,131.74378967285156
12.586583720604928,43.026978771624535,131.74378967285156
12.58658427395608,43.02698079610249,131.74378967285156
12.586584859509859,43.026982877326155,131.74378967285156
12.586585401048689,43.02698483392174,131.74378967285156
12.586586021289474,43.026986858622436,131.74378967285156
12.586586556453396,43.0269887932188,131.74378967285156
12.58658713258547,43.02699082369344,131.74378967285156
12.586587760654266,43.0269927584954,131.74378967285156
12.586588390691798,43.02699474695904,131.74378967285156
12.586589033596315,43.02699660709381,131.74378967285156
12.58658972698444,43.02699853805789,131.74378967285156
12.586590407786819,43.027000376604605,131.74378967285156
12.586591092550076,43.02700226204536,131.74378967285156
12.586591728001567,43.02700403533111,131.74378967285156
12.586592476701407,43.02700589717921,131.74378967285156
12.586593218393558,43.02700760181157,131.74378967285156
12.586594056295182,43.02700935443449,131.74378967285156
12.586594859978534,43.027011006895805,131.74378967285156
12.586595692114589,43.02701278264877,131.74378967285156
12.586596466243702,43.02701443860528,131.74378967285156
12.58659727210672,43.02701617481445,131.74378967285156
12.586598048626431,43.027017842250295,131.74378967285156
12.586598832528844,43.027019539755194,131.74378967285156
12.586599575908412,43.02702114653895,131.74378967285156
12.586600345795397,43.02702283398657,131.74378967285156
12.58660105676139,43.02702446710431,131.74378967285156
12.586601821187527,43.027026139251845,131.74378967285156
12.58660253738,43.02702773568706,131.74378967285156
12.586603269814411,43.027029454385946,131.74378967285156
12.586603953827678,43.02703105304849,131.74378967285156
12.586604665801472,43.02703271978187,131.74378967285156
12.586605327174444,43.027034288992176,131.74378967285156
12.586605968789899,43.02703595627383,131.74378967285156
12.586606586194778,43.02703750070928,131.74378967285156
12.586607219630675,43.02703910984031,131.74378967285156
12.586607776755208,43.02704064157994,131.74378967285156
12.586608423690905,43.02704220813457,131.74378967285156
12.586609036877096,43.02704368598978,131.74378967285156
12.586609688289304,43.02704523171023,131.74378967285156
12.586610338014058,43.02704668686374,131.74378967285156
12.586611148213018,43.027048195816,131.74378967285156
12.586612045598184,43.02704959480633,131.74378967285156
12.586613100879436,43.027051032706524,131.74378967285156
12.586614250706164,43.02705232014153,131.74378967285156
12.586615628154517,43.02705358249328,131.74378967285156
12.586617094921865,43.027054673031685,131.74378967285156
12.586618834825774,43.02705572342662,131.74378967285156
12.586620595026243,43.027056552544174,131.74378967285156
12.586622579262434,43.02705725478918,131.74378967285156
12.586624661208095,43.027057787448165,131.74378967285156
12.586626809387127,43.02705811774502,131.74378967285156
12.58662889095775,43.027058241961804,131.74378967285156
12.586631078604904,43.0270581715436,131.74378967285156
12.586633229057282,43.0270579550121,131.74378967285156
12.58663531116691,43.027057524896115,131.74378967285156
12.586637195584146,43.02705694626816,131.74378967285156
12.586639265342365,43.027056265713846,131.74378967285156
12.586640883279154,43.02705539694957,131.74378967285156
12.586642406998587,43.027054360706686,131.74378967285156
12.586643683596684,43.02705328044822,131.74378967285156
12.586645119825219,43.02705214229613,131.74378967285156
12.58664601390556,43.02705092466238,131.74378967285156
12.586646729136987,43.02704958903117,131.74378967285156
12.586647552741804,43.02704828728977,131.74378967285156
12.58664781497997,43.02704687116605,131.74378967285156
12.58664787162745,43.02704550690502,131.74378967285156
12.586647727816988,43.02704406996428,131.74378967285156
12.586647623216903,43.027042670597005,131.74378967285156
12.586647209808906,43.02704123977287,131.74378967285156
12.586646737175277,43.02703985306714,131.74378967285156
12.58664661117719,43.02703815965707,131.74378967285156
12.586646278721245,43.02703661734613,131.74378967285156
12.586646009826833,43.027034928305085,131.74378967285156
12.586645813587564,43.02703326299374,131.74378967285156
12.586645876492875,43.027031247853444,131.74378967285156
12.586645693144039,43.02702950323177,131.74378967285156
12.586645515701386,43.027027617791006,131.74378967285156
12.586645636121498,43.02702551023334,131.74378967285156
12.586645510803061,43.027023525898805,131.74378967285156
12.586645408054592,43.02702159351261,131.74378967285156
12.586645298392156,43.0270195186454,131.74378967285156
12.586645310696667,43.0270173952565,131.74378967285156
12.586645269048876,43.027015191991865,131.74378967285156
12.586645314446688,43.027013036152375,131.74378967285156
12.586645666027447,43.02701058678415,131.74378967285156
12.586645913617556,43.027008336848255,131.74378967285156
12.586646257440597,43.02700593677271,131.74378967285156
12.58664664089585,43.02700361703549,131.74378967285156
12.586647267792795,43.02700107267991,131.74378967285156
12.586647690177143,43.02699868569427,131.74378967285156
12.586648125780043,43.026996163149455,131.74378967285156
12.586648780262506,43.02699376817967,131.74378967285156
12.5866492388807,43.026991256771566,131.74378967285156
12.586649706475317,43.02698887658788,131.74378967285156
12.58665021717085,43.0269863826044,131.74378967285156
12.58665082930237,43.026984015407805,131.74378967285156
12.586651316349808,43.02698154840936,131.74378967285156
12.586651765710307,43.02697919459391,131.74378967285156
12.586652372334097,43.02697673946888,131.74378967285156
12.586652788788841,43.026974353254246,131.74378967285156
12.58665321136068,43.02697182661458,131.74378967285156
12.586653612018786,43.026969412575355,131.74378967285156
12.586654121659645,43.02696687133806,131.74378967285156
12.586654513130382,43.026964431144755,131.74378967285156
12.586654912522876,43.026961849652636,131.74378967285156
12.586655327899503,43.026959374884214,131.74378967285156
12.586655680089576,43.0269567803793,131.74378967285156
12.586656008115948,43.02695430091635,131.643798828125
12.586656347321844,43.026951676864954,131.643798828125
12.586656738112946,43.02694914702134,131.643798828125
12.58665722752761,43.026946493749,131.643798828125
12.586657839776397,43.02694395904808,131.643798828125
12.586658685576403,43.0269412653153,131.643798828125
12.58665962796091,43.02693872727338,131.643798828125
12.586660824826028,43.02693606804722,131.643798828125
12.586663988537076,43.02693096316223,131.643798828125
12.586665901688459,43.02692857585109,131.643798828125
12.586668181467193,43.02692615689464,131.643798828125
12.586670677922376,43.026924021880816,131.643798828125
12.58667339649143,43.02692182872494,131.643798828125
12.586676146888127,43.02691984164055,131.643798828125
12.586679182491517,43.02691784695751,131.643798828125
12.586682279992413,43.02691613570311,131.643798828125
12.58668555486567,43.02691433771964,131.643798828125
12.586688769857007,43.0269127413273,131.643798828125
12.58669232658545,43.026911438695,131.643798828125
12.586695750167438,43.02691006845446,131.643798828125
12.586699437557991,43.02690873129844,131.643798828125
12.586703028024198,43.02690755862269,131.643798828125
12.586706815608558,43.026906694664405,131.643798828125
12.586710507030281,43.026905705084324,131.643798828125
12.586714417788585,43.026904760016706,131.643798828125
12.586718047886997,43.02690421491885,131.643798828125
12.586722021995923,43.026903459688896,131.643798828125
12.58672582875186,43.02690283612881,131.643798828125
12.58672985357877,43.02690227285245,131.643798828125
12.58673361206588,43.02690192417145,131.643798828125
12.586737613139217,43.02690151665447,131.643798828125
12.586741395051755,43.02690118576645,131.643798828125
12.586745200237388,43.026901051312414,131.643798828125
12.586748949501978,43.02690080351263,131.643798828125
12.5867528691195,43.02690058254369,131.643798828125
12.586756585337707,43.02690041786639,131.643798828125
12.586760297606748,43.0269003571629,131.643798828125
12.586763985571462,43.02690020862522,131.643798828125
12.586767834936117,43.02690003382208,131.643798828125
12.58677128386531,43.02689987863666,131.643798828125
12.586775061031814,43.02689964911814,131.643798828125
12.586778629080337,43.02689941787345,131.643798828125
12.586782369227867,43.02689916417548,131.643798828125
12.586785863226712,43.0268989119724,131.643798828125
12.586789595475926,43.02689865050874,131.643798828125
12.586793149684814,43.026898376747596,131.643798828125
12.586796835915177,43.02689799473789,131.643798828125
12.586800379167194,43.02689767816047,131.643798828125
12.58680408823706,43.02689734913141,131.643798828125
12.586807603534409,43.026897030639354,131.643798828125
12.586811308655113,43.02689663494866,131.643798828125
12.586814796308348,43.02689631888954,131.643798828125
12.586818449187648,43.02689599595995,131.643798828125
12.5868219642272,43.02689564231023,131.643798828125
12.58682561790922,43.02689530341663,131.643798828125
12.58682909656845,43.02689498683066,131.643798828125
12.586832755693747,43.026894660363034,131.643798828125
12.586836258405347,43.02689432567995,131.643798828125
12.586839875197283,43.026893979496094,131.643798828125
12.586843281637853,43.026893655465685,131.643798828125
12.586846876199647,43.026893275233576,131.643798828125
12.586850227149831,43.02689297088083,131.643798828125
12.586853730397559,43.02689266110966,131.643798828125
12.586857045497696,43.02689237339341,131.643798828125
12.586860536558106,43.02689205574945,131.643798828125
12.586863818822794,43.026891767900416,131.643798828125
12.58686725150126,43.02689145814638,131.643798828125
12.586870491680148,43.02689112123597,131.643798828125
12.586873894959636,43.02689082195898,131.643798828125
12.58687712595043,43.026890543935934,131.643798828125
12.586880518996674,43.02689027948679,131.643798828125
12.586883745292713,43.02689005659035,131.643798828125
12.586887106971618,43.02688986829901,131.643798828125
12.586890283215782,43.0268897005634,131.643798828125
12.586893611769204,43.0268895207445,131.643798828125
12.586896752131823,43.02688941271438,131.643798828125
12.58690003652416,43.02688932108947,131.643798828125
12.586903140298825,43.02688923565824,131.643798828125
12.586906415426892,43.02688913168872,131.643798828125
12.586909474924381,43.02688902956532,131.643798828125
12.586912666488756,43.026888915388604,131.643798828125
12.586915675776542,43.026888809457304,131.643798828125
12.586918843339813,43.02688870713259,131.643798828125
12.58692185465932,43.026888626592964,131.643798828125
12.5869250262157,43.02688859071573,131.643798828125
12.586928037608454,43.02688861220956,131.643798828125
12.586931235074612,43.026888719507255,131.643798828125
12.586934304304396,43.026888861337234,131.643798828125
12.58693751512387,43.02688899804432,131.643798828125
12.586940618692005,43.02688913090068,131.643798828125
12.586943894186291,43.02688926213794,131.643798828125
12.586947014233672,43.026889378130804,131.643798828125
12.586950300567644,43.02688952896007,131.643798828125
12.586953421054472,43.02688966608693,131.643798828125
12.586956698681544,43.02688982479326,131.643798828125
12.586959778206094,43.026890012656274,131.643798828125
12.58696305620816,43.02689015928786,131.643798828125
12.586966185401895,43.026890309705934,131.643798828125
12.586969494824395,43.02689050979792,131.643798828125
12.586972646245341,43.026890773347596,131.643798828125
12.586976001174,43.026891092743455,131.643798828125
12.586979197750999,43.02689145732856,131.643798828125
12.586982567423087,43.0268919154918,131.643798828125
12.586985764209556,43.02689241093295,131.643798828125
12.58698911873099,43.02689300310478,131.643798828125
12.586992297363924,43.02689361567815,131.643798828125
12.58699562624511,43.026894333613114,131.643798828125
12.58699877523883,43.02689499853319,131.643798828125
12.587002063312957,43.026895758924645,131.643798828125
12.587005117660546,43.02689660324389,131.643798828125
12.587008342421802,43.02689756721398,131.643798828125
12.587011328971862,43.026898685478585,131.643798828125
12.587014350046294,43.02690009613685,131.643798828125
12.587017041341678,43.026901636743084,131.643798828125
12.587019730715207,43.026903431299985,131.643798828125
12.587022086374454,43.026905281120534,131.643798828125
12.587024204307742,43.026907325447546,131.643798828125
12.587026210003458,43.02690932429404,131.643798828125
12.587028220632735,43.026911454904635,131.643798828125
12.587030092180115,43.02691347514211,131.643798828125
12.58703174595534,43.026915621232696,131.643798828125
12.587033571076653,43.02691762110717,131.643798828125
12.58703548338125,43.02691970051469,131.643798828125
12.587036931756227,43.02692159674945,131.643798828125
12.587038843179016,43.026923619394154,131.643798828125
12.587040671455576,43.02692549948071,131.643798828125
12.587042600716952,43.02692743582466,131.643798828125
12.58704429763705,43.02692921455884,131.643798828125
12.587046251082635,43.02693111026246,131.643798828125
12.587048117892783,43.026932897374856,131.643798828125
12.58704994064108,43.026934700387,131.643798828125
12.58705180283995,43.02693650716851,131.643798828125
12.587053722782088,43.02693845738195,131.643798828125
12.587055469611546,43.02694037754349,131.643798828125
12.587057199314296,43.02694245565749,131.643798828125
12.587058741156568,43.026944521067094,131.643798828125
12.587060305498538,43.02694674018863,131.643798828125
12.587061842383909,43.02694886969412,131.643798828125
12.587063425504926,43.02695109787062,131.643798828125
12.587064962243806,43.02695319273244,131.643798828125
12.587066569686684,43.02695538838985,131.643798828125
12.587067998655629,43.026957531704845,131.643798828125
12.587069393933652,43.026959830265234,131.643798828125
12.587070547187917,43.026962080655174,131.643798828125
12.587071580420531,43.02696447702135,131.643798828125
12.587072376064874,43.026966824283306,131.643798828125
12.587073009863955,43.02696933366113,131.643798828125
12.587073411477027,43.02697174722063,131.643798828125
12.587073537164503,43.02697425436254,131.643798828125
12.58707350451058,43.02697669722008,131.643798828125
12.587073252736886,43.02697927035968,131.643798828125
12.587072698998938,43.02698161464899,131.643798828125
12.58707208860168,43.02698416119762,131.643798828125
12.587071333333515,43.026986550701864,131.643798828125
12.587070343148916,43.026989020972756,131.643798828125
12.587069104612537,43.026991247881384,131.643798828125
12.587067708765995,43.026993612627905,131.643798828125
12.587066195095055,43.02699579848499,131.643798828125
12.587064346126402,43.02699783840012,131.643798828125
12.587062674787957,43.02699993888168,131.643798828125
12.587060941663339,43.02700213967909,131.643798828125
12.587059321212815,43.02700422210211,131.643798828125
12.587057517764983,43.027006177601166,131.643798828125
12.587055868375417,43.027008232902055,131.643798828125
12.587054127241133,43.027010380551765,131.643798828125
12.587052435875645,43.02701222309058,131.643798828125
12.587050649144384,43.027014346907784,131.643798828125
12.58704893333393,43.02701633134508,131.643798828125
12.587047091484319,43.0270183731106,131.643798828125
12.587045317092686,43.02702020372458,131.643798828125
12.587043358139349,43.02702212141028,131.643798828125
12.587041428640646,43.027023883559345,131.643798828125
12.587039412518234,43.027025593297445,131.643798828125
12.587037376398078,43.027027223708075,131.643798828125
12.587035189676637,43.027028847916434,131.643798828125
12.587033053421239,43.02703029176188,131.643798828125
12.587030820147728,43.02703162137921,131.643798828125
12.587028484524177,43.02703283277633,131.643798828125
12.587025918765383,43.02703396412638,131.643798828125
12.58702352176582,43.027034852473975,131.643798828125
12.587020827489432,43.027035677188266,131.643798828125
12.587018244574677,43.027036327022344,131.643798828125
12.587015511688513,43.02703687338804,131.643798828125
12.587012974215469,43.02703722429637,131.643798828125
12.587010230354872,43.02703751688273,131.643798828125
12.587007626267592,43.02703767512641,131.643798828125
12.587005108210779,43.02703760945418,131.54379272460938
12.587002537833458,43.027037536911486,131.54379272460938
12.586999871617238,43.02703737205426,131.54379272460938
12.58699739091047,43.02703713715584,131.54379272460938
12.586995104988405,43.02703669364162,131.54379272460938
12.58699273809172,43.02703633910097,131.54379272460938
12.586990302253918,43.027035956855684,131.54379272460938
12.586988327720045,43.027035500851284,131.54379272460938
12.586985973468051,43.027035190137795,131.54379272460938
12.586983772636529,43.02703494310901,131.54379272460938
12.586981496959837,43.02703472757133,131.54379272460938
12.586979529513691,43.027034499543426,131.54379272460938
12.586977323437615,43.02703432450901,131.54379272460938
12.586975275308907,43.02703417143956,131.54379272460938
12.586973384748894,43.02703404201416,131.54379272460938
12.586971421124291,43.02703388963004,131.54379272460938
12.5869693840623,43.027033722939564,131.54379272460938
12.58696746782761,43.02703356579238,131.54379272460938
12.586965555542077,43.02703345876028,131.54379272460938
12.586963667174157,43.027033338672545,131.54379272460938
12.586961689210401,43.02703323285691,131.54379272460938
12.586959826065254,43.027033212622406,131.54379272460938
12.586957875950693,43.02703311028484,131.54379272460938
12.586956059214037,43.02703302136269,131.54379272460938
12.586954186714532,43.02703294414264,131.54379272460938
12.586952419711503,43.02703292236614,131.54379272460938
12.58695050688837,43.027032842953,131.54379272460938
12.586948689120465,43.02703275704632,131.54379272460938
12.586946740590834,43.027032721289,131.54379272460938
12.58694492298992,43.027032630704916,131.54379272460938
12.58694300480847,43.02703253520357,131.54379272460938
12.58694118334335,43.02703244600729,131.54379272460938
12.586939241288235,43.027032398736345,131.54379272460938
12.586937430164758,43.02703230880333,131.54379272460938
12.586935526089537,43.027032185545906,131.54379272460938
12.586933709619462,43.02703206655469,131.54379272460938
12.586931791742696,43.02703184217616,131.54379272460938
12.586929982901426,43.02703156153167,131.54379272460938
12.586928098258541,43.027031205466145,131.54379272460938
12.58692631054878,43.02703085711063,131.54379272460938
12.586924414770301,43.02703045747498,131.54379272460938
12.586922581841472,43.02703007257401,131.54379272460938
12.586920637495357,43.02702964804358,131.54379272460938
12.58691875345597,43.02702925048106,131.54379272460938
12.586916757568634,43.02702883328371,131.54379272460938
12.586914861640755,43.02702844168361,131.54379272460938
12.586912909743493,43.027028013298164,131.54379272460938
12.58691102050398,43.02702761895673,131.54379272460938
12.586909036405526,43.027027203815386,131.54379272460938
12.586907160081356,43.02702679672671,131.54379272460938
12.586905108560092,43.027026362550195,131.54379272460938
12.586903180590708,43.027025945198645,131.54379272460938
12.586901178175403,43.027025516093616,131.54379272460938
12.586899288450317,43.02702511633803,131.54379272460938
12.586897252659043,43.0270246882096,131.54379272460938
12.58689533375763,43.02702428581547,131.54379272460938
12.586893338800088,43.02702385371211,131.643798828125
12.586891398285955,43.02702344783991,131.643798828125
12.58688932169105,43.027023014879866,131.643798828125
12.58688735546261,43.027022611920344,131.643798828125
12.586885318027804,43.027022182027174,131.643798828125
12.586883349378844,43.027021798890964,131.643798828125
12.586881258597415,43.02702141304767,131.54379272460938
12.58687926935964,43.02702105848989,131.54379272460938
12.586877187002399,43.02702070845533,131.54379272460938
12.586875170030416,43.027020372590044,131.54379272460938
12.586873024479301,43.02701999892855,131.54379272460938
12.586870980998448,43.02701959464973,131.54379272460938
12.586868881313839,43.02701911978146,131.54379272460938
12.586866875588775,43.02701859143997,131.54379272460938
12.586864733014185,43.02701795865351,131.54379272460938
12.586862773535026,43.027017300886605,131.54379272460938
12.58686077551787,43.02701654638476,131.54379272460938
12.586858902324055,43.027015777970604,131.54379272460938
12.586856938762441,43.02701490838396,131.54379272460938
12.586855142676843,43.02701405512541,131.54379272460938
12.586853296421085,43.02701311978093,131.54379272460938
12.586851581038381,43.02701216456177,131.54379272460938
12.586849742921176,43.027011159039034,131.54379272460938
12.586848045130996,43.027010177383076,131.54379272460938
12.586846329417252,43.02700911699933,131.54379272460938
12.586844823832225,43.02700805125284,131.54379272460938
12.586843166544373,43.02700691121609,131.54379272460938
12.586841645309185,43.027005814406834,131.54379272460938
12.586840244927668,43.02700465430692,131.54379272460938
12.586838796693339,43.02700354699491,131.54379272460938
12.586837259368533,43.02700238130954,131.54379272460938
12.58683580922407,43.02700129430057,131.54379272460938
12.586834430047304,43.02700019017537,131.54379272460938
12.586833009017655,43.02699913104236,131.54379272460938
12.586831517869904,43.02699802295937,131.54379272460938
12.586830245543128,43.026997027082736,131.54379272460938
12.58682884652683,43.02699598700205,131.54379272460938
12.5868275464036,43.02699501852168,131.54379272460938
12.586826209735987,43.02699401397557,131.54379272460938
12.586825005458982,43.0269930887912,131.54379272460938
12.586823762891528,43.026992130813575,131.54379272460938
12.586822587735183,43.02699122574377,131.54379272460938
12.586821377768803,43.02699033230753,131.54379272460938
12.586820222276213,43.02698947743847,131.54379272460938
12.586819020641734,43.02698860889699,131.54379272460938
12.58681787339902,43.026987798934464,131.54379272460938
12.586816667112258,43.02698699071956,131.54379272460938
12.586815483940384,43.02698620052893,131.54379272460938
12.586814220806811,43.02698536335862,131.54379272460938
12.586812966573499,43.02698457482992,131.54379272460938
12.586811662618265,43.02698371173684,131.54379272460938
12.586810413810642,43.0269828956577,131.54379272460938
12.586809089301022,43.02698204498631,131.54379272460938
12.58680778863871,43.02698125335648,131.54379272460938
12.586806414993111,43.026980389732266,131.54379272460938
12.586805116774128,43.02697956688544,131.54379272460938
12.58680373872235,43.02697871364404,131.54379272460938
12.586802451864523,43.02697785303529,131.54379272460938
12.58680108701957,43.02697691849609,131.54379272460938
12.586799786269362,43.02697602826377,131.54379272460938
12.58679841722916,43.02697506677378,131.54379272460938
12.586797108609945,43.02697415159528,131.54379272460938
12.586795738726021,43.026973170761735,131.54379272460938
12.586794504806878,43.026972200636564,131.54379272460938
12.58679322487474,43.02697122910643,131.54379272460938
12.58679200664089,43.02697029168883,131.54379272460938
12.586790707636753,43.02696928955852,131.54379272460938
12.586789472088702,43.02696829893326,131.54379272460938
12.586788169322901,43.026967293007914,131.54379272460938
12.586786901068306,43.0269663223259,131.54379272460938
12.586785580630895,43.02696528492657,131.54379272460938
12.586784279622881,43.026964323368055,131.54379272460938
12.586782912580697,43.02696332385059,131.54379272460938
12.5867815915222,43.02696236529042,131.54379272460938
12.58678019716401,43.026961340552646,131.54379272460938
12.5867788523754,43.02696037668113,131.54379272460938
12.586777442372913,43.02695937156106,131.54379272460938
12.586776121126917,43.02695843070823,131.643798828125
12.586774676906188,43.0269574386352,131.643798828125
12.58677328836041,43.02695649190563,131.643798828125
12.58677181514793,43.026955494358496,131.74378967285156
12.586770415375764,43.026954538231266,131.8437957763672
12.586768922827632,43.026953542988565,131.9438018798828
12.586767498083184,43.026952573754315,131.9438018798828
12.58676599100402,43.0269514883216,132.04379272460938
12.586764555689415,43.02695049316457,132.143798828125
12.586763043735326,43.0269494498371,132.143798828125
12.586761592413138,43.026948453275125,132.24378967285156
12.586760030244937,43.0269473789277,132.24378967285156
12.586758513931517,43.026946362096965,132.24378967285156
12.58675688294012,43.026945268791465,132.24378967285156
12.586755310658791,43.0269441707229,132.24378967285156
12.58675364209765,43.02694302973525,132.24378967285156
12.586752044176077,43.02694190380784,132.24378967285156
12.586750349927806,43.026940694963514,132.24378967285156
12.586748740393125,43.026939505548434,132.24378967285156
12.586747040461352,43.02693829072458,132.24378967285156
12.586745409657459,43.026937125313324,132.24378967285156
12.586743749545406,43.02693585954343,132.24378967285156
12.586742079999901,43.026934683775075,132.24378967285156
12.586740304377848,43.026933446840616,132.24378967285156
12.586738601035966,43.026932265281175,132.24378967285156
12.586736828906046,43.02693096609264,132.24378967285156
12.586735077060977,43.02692974631724,132.24378967285156
12.58673320444427,43.02692844640911,132.24378967285156
12.586731406099888,43.02692713627236,132.24378967285156
12.58672945933974,43.02692579754003,132.24378967285156
12.58672756786783,43.02692450714948,132.24378967285156
12.586725537730018,43.026923131597556,132.24378967285156
12.586723598926799,43.02692176671113,132.24378967285156
12.586721546148718,43.026920326275174,132.24378967285156
12.586719604240084,43.026918931585286,132.24378967285156
12.586717586688028,43.02691738724407,132.24378967285156
12.586715608826786,43.026915979207295,132.24378967285156
12.586713492639474,43.02691450942189,132.24378967285156
12.586711454017413,43.02691311221341,132.24378967285156
12.586709327529478,43.02691157391168,132.24378967285156
12.58670724682602,43.02691013854719,132.24378967285156
12.586705046581374,43.02690860354363,132.24378967285156
12.586702986748694,43.02690708288929,132.24378967285156
12.586700724360426,43.026905541991866,132.24378967285156
12.586698528205543,43.02690407359426,132.24378967285156
12.586696173521775,43.026902522768054,132.24378967285156
12.586693916992802,43.026901010037875,132.24378967285156
12.58669150522786,43.026899431584134,132.24378967285156
12.586689190879435,43.02689791446781,132.24378967285156
12.586686772493499,43.02689623972027,132.24378967285156
12.586684420598763,43.02689468944662,132.24378967285156
12.58668193548726,43.02689304558197,132.24378967285156
12.586679569623987,43.02689146390287,132.24378967285156
12.586677097449789,43.02688972990817,132.24378967285156
12.58667470784467,43.026888132796195,132.24378967285156
12.58667217513231,43.0268864515123,132.24378967285156
12.586669767996206,43.02688477700036,132.24378967285156
12.586667201604657,43.0268830699179,132.24378967285156
12.586664743281812,43.026881443953336,132.24378967285156
12.586662139836129,43.026879737059346,132.24378967285156
12.586659663068243,43.026878083051756,132.24378967285156
12.586657041435332,43.02687636936867,132.24378967285156
12.586654537949098,43.02687473714187,132.24378967285156
12.586651930308166,43.02687297702308,132.24378967285156
12.58664941074405,43.02687134014886,132.24378967285156
12.5866467555257,43.02686961423683,132.24378967285156
12.586644229281996,43.026867962319514,132.24378967285156
12.586641602750717,43.02686618334546,132.24378967285156
12.586639062397849,43.026864521053895,132.24378967285156
12.586636383953282,43.026862768214656,132.24378967285156
12.586633868537541,43.0268610497278,132.24378967285156
12.586631179475951,43.026859291712135,132.24378967285156
12.586628622857699,43.026857612745516,132.24378967285156
12.586625931827381,43.02685584005727,132.24378967285156
12.586623378513767,43.02685412373993,132.24378967285156
12.58662066985871,43.02685235058267,132.24378967285156
12.586618076936308,43.02685066153093,132.24378967285156
12.586615345031596,43.026848835637175,132.24378967285156
12.586612724851785,43.02684713181862,132.24378967285156
12.586609967400586,43.02684533368091,132.24378967285156
12.586607338314659,43.02684361863144,132.24378967285156
12.586604573621376,43.026841771615466,132.24378967285156
12.586601935582456,43.026840048925585,132.24378967285156
12.586599166647046,43.026838230448426,132.24378967285156
12.586596541193881,43.02683645273957,132.24378967285156
12.586593752336897,43.02683462786151,132.24378967285156
12.586591094352963,43.02683288820102,132.24378967285156
12.58658829162118,43.02683106210436,132.24378967285156
12.586585624895193,43.026829316077354,132.24378967285156
12.586582823311836,43.02682748295065,132.24378967285156
12.58658015993736,43.02682573983525,132.24378967285156
12.586577370330389,43.026823890473885,132.24378967285156
12.586574710330863,43.02682216099868,132.24378967285156
12.586571918637986,43.02682034760316,132.24378967285156
12.586569270380474,43.02681861504554,132.24378967285156
12.58656651916356,43.02681677098935,132.24378967285156
12.586563891999491,43.02681503070458,132.24378967285156
12.586561147696543,43.026813204050555,132.24378967285156
12.586558597570399,43.02681142928489,132.24378967285156
12.586555918610232,43.02680964381196,132.24378967285156
12.586553397194594,43.02680796930002,132.24378967285156
12.586550777272612,43.02680623499052,132.24378967285156
12.58654832347316,43.02680458276267,132.24378967285156
12.58654576748773,43.02680286973922,132.24378967285156
12.586543360656327,43.02680125975366,132.24378967285156
12.586540861670045,43.02679957816351,132.24378967285156
12.586538504642592,43.026798009497206,132.24378967285156
12.586536056585244,43.02679638558867,132.24378967285156
12.58653375908815,43.026794861700395,132.24378967285156
12.586531357600416,43.026793287801986,132.24378967285156
12.586529077399929,43.02679179021128,132.24378967285156
12.586526658428065,43.02679021973203,132.24378967285156
12.586524304494297,43.02678876525528,132.24378967285156
12.586521852546362,43.02678718415122,132.24378967285156
12.586519510471796,43.026785680845464,132.24378967285156
12.586517046219367,43.02678410275579,132.24378967285156
12.586514716683684,43.026782622576874,132.24378967285156
12.586512295086877,43.02678103921709,132.24378967285156
12.58651001788636,43.02677951947614,132.24378967285156
12.586507622890716,43.02677790089231,132.24378967285156
12.586505404259642,43.02677635179577,132.24378967285156
12.586503120965471,43.02677471253157,132.24378967285156
12.586500993364307,43.02677314660235,132.24378967285156
12.586498851255557,43.02677147222446,132.24378967285156
12.586496891089427,43.02676982970892,132.24378967285156
12.586494949391769,43.02676803356347,132.24378967285156
12.586493250432687,43.026766266624534,132.24378967285156
12.586491532067638,43.02676439125175,132.24378967285156
12.586489989996846,43.02676257579327,132.24378967285156
12.586488469394489,43.026760634135805,132.24378967285156
12.586487164367055,43.0267587676274,132.24378967285156
12.586485873448794,43.026756758444144,132.24378967285156
12.586484763980955,43.026754820274384,132.24378967285156
12.586483843744688,43.02675278208328,132.24378967285156
12.586483021100724,43.02675079290429,132.24378967285156
12.586482328954824,43.02674867539,132.24378967285156
12.586481829462315,43.02674663412988,132.24378967285156
12.586481598043946,43.02674454365633,132.24378967285156
12.58648144242133,43.02674246066362,132.24378967285156
12.586481488686346,43.026740266156295,132.24378967285156
12.586481905023986,43.026738321763936,132.24378967285156
12.586482383657577,43.02673614471338,132.24378967285156
12.586483043038477,43.02673410958274,132.24378967285156
12.586483946072006,43.026732017869186,132.24378967285156
12.58648510442987,43.02673016732911,132.24378967285156
12.586486427925903,43.02672820592334,132.24378967285156
12.58648787920128,43.026726412463056,132.24378967285156
12.5864897411893,43.02672483457903,132.24378967285156
12.586491523162875,43.026723210182205,132.24378967285156
12.586493544382888,43.026721602439004,132.24378967285156
12.586495605211692,43.02672018105539,132.24378967285156
12.586497997863685,43.02671907665608,132.24378967285156
12.586500314462112,43.026717865323185,132.24378967285156
12.586502865596119,43.026716691949254,132.24378967285156
12.5865053935039,43.02671596098441,132.24378967285156
12.586508138627195,43.02671500221441,132.24378967285156
12.586510809735962,43.0267142149365,132.24378967285156
12.586513661685785,43.0267135159982,132.24378967285156
12.586516361036306,43.02671312201232,132.24378967285156
12.586519266680636,43.02671266804681,132.24378967285156
12.586522053897037,43.02671234651791,132.24378967285156
12.586524843129036,43.02671237624862,132.24378967285156
12.586527674430716,43.02671226744326,132.24378967285156
12.586530664073791,43.02671226483474,132.24378967285156
12.586533506742487,43.026712377974945,132.24378967285156
12.586536277482557,43.02671279507812,132.24378967285156
12.586539083776781,43.026713139531545,132.24378967285156
12.586542004397435,43.026713626448874,132.24378967285156
12.586544517281963,43.02671432929795,132.24378967285156
12.586547400895356,43.02671505304117,132.24378967285156
12.586550121128361,43.02671586068646,132.24378967285156
12.586552964711096,43.02671682532045,132.24378967285156
12.586555510313882,43.026717899141055,132.24378967285156
12.586558281780498,43.02671904774022,132.24378967285156
12.586560880374684,43.02672020967341,132.24378967285156
12.586563333049176,43.026721515419744,132.24378967285156
12.586565928994986,43.026722708848304,132.24378967285156
12.586568692938304,43.026723922686976,132.24378967285156
12.58657134696137,43.02672503455645,132.24378967285156
12.586573890384509,43.026726168425164,132.24378967285156
12.586576550032486,43.02672722619605,132.24378967285156
12.586579354334562,43.02672831606202,132.24378967285156
12.586581844391313,43.02672930173144,132.24378967285156
12.586584674896132,43.026730395910725,132.24378967285156
12.586587389504235,43.02673143465074,132.24378967285156
12.586590261234994,43.026732529395424,132.24378967285156
12.586592945491974,43.026733546496004,132.24378967285156
12.586595818019594,43.02673464337379,132.24378967285156
12.586598560799148,43.026735685639004,132.24378967285156
12.586601461662296,43.026736790192544,132.24378967285156
12.586604311198084,43.02673783434241,132.24378967285156
12.586607378113452,43.02673892950687,132.24378967285156
12.586610297116957,43.026739961170804,132.24378967285156
12.586613462140237,43.02674099939253,132.24378967285156
12.586616399846578,43.02674200113733,132.24378967285156
12.586619503042648,43.02674304816132,132.24378967285156
12.58662254795053,43.026744017845324,132.24378967285156
12.58662569427097,43.02674505289737,132.24378967285156
12.586628726241543,43.02674602593095,132.24378967285156
12.586631941068765,43.02674704911816,132.24378967285156
12.586635071920671,43.026748023325375,132.24378967285156
12.586638291669697,43.026749074594164,132.24378967285156
12.586641369788019,43.02675007813368,132.24378967285156
12.586644730675573,43.02675113019917,132.24378967285156
12.586647876269451,43.02675214131164,132.24378967285156
12.586651206876194,43.02675321254079,132.24378967285156
12.586654367282353,43.02675423370199,132.24378967285156
12.586657852785246,43.02675531290672,132.24378967285156
12.586661005269658,43.02675633618817,132.24378967285156
12.586664308876815,43.02675741018436,132.24378967285156
12.586667529633639,43.02675844269212,132.24378967285156
12.586670907067814,43.02675956218596,132.24378967285156
12.586674102278133,43.02676064199892,132.24378967285156
12.586677431408333,43.02676178683728,132.24378967285156
12.586680587994223,43.026762894868895,132.24378967285156
12.586683855461276,43.02676404809404,132.24378967285156
12.586686930673377,43.026765168973554,132.24378967285156
12.586690125485264,43.026766385574994,132.24378967285156
12.586693137756894,43.02676754257162,132.24378967285156
12.586696274327462,43.02676875419367,132.24378967285156
12.586699263958812,43.02676990732029,132.24378967285156
12.586702344174752,43.02677109126983,132.24378967285156
12.58670538090306,43.02677224792592,132.24378967285156
12.586708616870597,43.02677346095077,132.24378967285156
12.586711685989062,43.02677458226502,132.24378967285156
12.58671491107005,43.026775776850094,132.24378967285156
12.586718026523751,43.02677693529021,132.24378967285156
12.586721320943528,43.026778171980496,132.24378967285156
12.586724445420518,43.02677934936368,132.143798828125
12.586727675868586,43.026780575566214,132.143798828125
12.586730697280705,43.02678172250341,132.143798828125
12.586733796293235,43.026782882915995,132.143798828125
12.586736789006563,43.026784014876476,132.143798828125
12.586739966990583,43.02678521183452,132.24378967285156
12.586742958789864,43.02678633112488,132.24378967285156
12.586746062044528,43.0267874740625,132.24378967285156
12.586749069441243,43.02678857068758,132.143798828125
12.586752289951981,43.02678972435498,132.143798828125
12.586755372148376,43.026790778213034,132.143798828125
12.586758604389411,43.02679189820802,132.143798828125
12.586761741838883,43.02679296562981,132.143798828125
12.586765097464799,43.02679409586197,132.143798828125
12.586768332916716,43.026795161510464,132.143798828125
12.58677163317235,43.026796290582915,132.143798828125
12.586774796918297,43.02679737104855,132.143798828125
12.586778209894916,43.026798520006416,132.143798828125
12.586781405913822,43.02679961842448,132.143798828125
12.586784760274123,43.02680078118226,132.143798828125
12.586787918524056,43.02680189203619,132.143798828125
12.586791247373023,43.026803043945684,132.143798828125
12.586794400607412,43.026804149943835,132.143798828125
12.58679773577269,43.02680531839544,132.143798828125
12.586800976855374,43.02680648508445,132.143798828125
12.586804335604274,43.02680767217583,132.143798828125
12.58680748879764,43.02680879198768,132.143798828125
12.586810767842662,43.0268099640092,132.143798828125
12.586813907061632,43.02681110334239,132.143798828125
12.58681726686521,43.02681229712274,132.143798828125
12.586820425038976,43.026813429631495,132.143798828125
12.586823724984065,43.026814634007216,132.143798828125
12.58682683418004,43.02681577629377,132.143798828125
12.586830105631417,43.02681698029148,132.143798828125
12.586833249496802,43.02681811832895,132.143798828125
12.586836653848554,43.0268193233884,132.143798828125
12.586839843879279,43.02682046359807,132.143798828125
12.586843209694502,43.02682167290605,132.143798828125
12.586846376753883,43.02682280611888,132.143798828125
12.586849683290671,43.0268239265296,132.143798828125
12.586852811344752,43.02682498432699,132.143798828125
12.586856092238373,43.02682609453333,132.143798828125
12.586859228905622,43.02682715218175,132.143798828125
12.586862564774004,43.02682825046838,132.143798828125
12.586865685892159,43.026829286042855,132.143798828125
12.586868949965208,43.026830377284035,132.143798828125
12.586871976012013,43.026831399188644,132.143798828125
12.58687513218042,43.02683247575699,132.143798828125
12.58687813682472,43.02683351386468,132.143798828125
12.586881393504093,43.02683464777194,132.143798828125
12.586884387769032,43.02683568222808,132.143798828125
12.586887509849575,43.02683674873163,132.143798828125
12.586890451942677,43.0268377330079,132.143798828125
12.586893455211134,43.02683877762146,132.143798828125
12.58689631018102,43.02683978663723,132.143798828125
12.586899311344903,43.026840858915804,132.143798828125
12.586902184616637,43.02684186440638,132.143798828125
12.586905121195047,43.02684289118838,132.143798828125
12.586907864699663,43.02684385974158,132.143798828125
12.586910744910256,43.026844847539834,132.143798828125
12.58691339782003,43.026845814649555,132.143798828125
12.586916142503828,43.02684683128539,132.143798828125
12.58691868935463,43.026847794077504,132.143798828125
12.586921266834857,43.026848746919406,132.143798828125
12.586923738179944,43.02684969187139,132.143798828125
12.586926329493954,43.02685068450125,132.143798828125
12.586928813345693,43.026851616628925,132.143798828125
12.586931334989838,43.02685261372846,132.143798828125
12.586933669652378,43.0268535619465,132.143798828125
12.586936059093405,43.026854558804004,132.143798828125
12.586938287568083,43.026855489597416,132.143798828125
12.586940600079602,43.02685645776725,132.143798828125
12.586942774528719,43.02685736178765,132.143798828125
12.586945030706108,43.02685826446093,132.143798828125
12.586947162256452,43.026859139930714,132.143798828125
12.586949389465534,43.026860039886216,132.143798828125
12.586951495311183,43.02686088352221,132.143798828125
12.58695369292793,43.026861720928096,132.143798828125
12.58695576275067,43.02686253936949,132.143798828125
12.586957902720807,43.02686338415985,132.143798828125
12.586959902387354,43.026864120746616,132.143798828125
12.586961957572116,43.02686494315653,132.143798828125
12.586963865104295,43.02686572514455,132.143798828125
12.586965831457865,43.026866555684244,132.143798828125
12.586967690917527,43.02686733883307,132.143798828125
12.586969621274573,43.02686819734298,132.143798828125
12.586971437097183,43.02686903252153,132.143798828125
12.586973327494615,43.02686990069467,132.143798828125
12.58697509282188,43.02687077832542,132.143798828125
12.586976907383999,43.02687172668696,132.143798828125
12.586978571289178,43.0268726411887,132.143798828125
12.586980231468587,43.02687354951386,132.143798828125
12.586981805974403,43.02687448976704,132.143798828125
12.58698343569476,43.02687550469169,132.143798828125
12.586984942657566,43.02687648170878,132.143798828125
12.586986479871012,43.02687755059068,132.143798828125
12.586987903977152,43.02687859647961,132.143798828125
12.586989367794983,43.02687971685153,132.143798828125
12.586990701832525,43.02688077977529,132.143798828125
12.586992112868801,43.0268819321352,132.143798828125
12.586993435666756,43.02688304213288,132.143798828125
12.586994709250348,43.02688421115499,132.143798828125
12.58699595574792,43.02688539084263,132.143798828125
12.586997218680061,43.02688668095049,132.143798828125
12.586998377298572,43.02688794962023,132.143798828125
12.586999478645469,43.02688931450237,132.143798828125
12.587000553099694,43.0268906719786,132.143798828125
12.5870016259807,43.02689214152844,132.143798828125
12.587002459748556,43.026893515247096,132.143798828125
12.587003370237916,43.026895000362586,132.143798828125
12.587004155467428,43.02689644823444,132.143798828125
12.587004908529451,43.026898015962715,132.143798828125
12.587005511154258,43.02689954167142,132.143798828125
12.587006156484481,43.02690118007909,132.143798828125
12.587006695021856,43.02690275387258,132.143798828125
12.587007086529193,43.02690443228237,132.143798828125
12.587007476992106,43.02690605886376,132.143798828125
12.587007802270437,43.026907802346045,132.143798828125
12.587008023704607,43.02690945848247,132.143798828125
12.587008037233666,43.026911099370196,132.143798828125
12.587008075855119,43.0269127632509,132.143798828125
12.58700801080818,43.02691455127992,132.143798828125
12.587007718514634,43.02691619340981,132.143798828125
12.587007452461915,43.02691797858613,132.143798828125
12.587007123351539,43.02691966499719,132.143798828125
12.587006688246635,43.02692141973609,132.143798828125
12.587006110617487,43.02692302207373,132.143798828125
12.587005509059015,43.02692473267709,132.143798828125
12.587004865688662,43.02692633540882,132.143798828125
12.587003974841021,43.02692785713401,132.143798828125
12.587003162320348,43.026929438183465,132.143798828125
12.587002236088477,43.02693110311783,132.143798828125
12.587001296682,43.026932656111406,132.143798828125
12.587000184759049,43.0269341490354,132.143798828125
12.586999150027818,43.02693563897821,132.143798828125
12.586998009820611,43.02693717941302,132.143798828125
12.5869968613855,43.02693848847892,132.143798828125
12.586995609733188,43.02693998335613,132.143798828125
12.58699438568398,43.02694138614152,132.143798828125
12.586993048540247,43.026942828265106,132.143798828125
12.586991709203668,43.02694407679884,132.143798828125
12.586990199279773,43.02694546446402,132.143798828125
12.586988688501894,43.02694674035116,132.143798828125
12.586987064360716,43.0269479327046,132.143798828125
12.58698542383917,43.02694914816239,132.143798828125
12.586983622997609,43.02695039635344,132.143798828125
12.586981844377764,43.02695153365739,132.143798828125
12.586979961154245,43.02695256332099,132.143798828125
12.586978052256253,43.026953590114736,132.143798828125
12.586975994176036,43.02695460843605,132.143798828125
12.586974074846877,43.02695537519679,132.143798828125
12.586971923501633,43.02695629832515,132.143798828125
12.58696984192915,43.026957129884266,132.143798828125
12.586967607286066,43.02695795921605,132.143798828125
12.58696546178033,43.02695862370774,132.143798828125
12.586963114501222,43.026959367569745,132.143798828125
12.586960827440942,43.02696002117319,132.143798828125
12.5869584461721,43.0269605135517,132.143798828125
12.586956030682092,43.026961033137994,132.143798828125
12.586953431431638,43.02696150881148,132.143798828125
12.586950933265626,43.02696189103104,132.143798828125
12.586948356769717,43.026962119033215,132.143798828125
12.586945804909185,43.02696235828345,132.143798828125
12.58694309280006,43.026962535750776,132.143798828125
12.586940641429248,43.02696252393729,132.143798828125
12.586937887027785,43.02696253601628,132.143798828125
12.586935242701838,43.02696246433026,132.143798828125
12.586932432610778,43.02696229231984,132.143798828125
12.586929845720501,43.02696195802221,132.143798828125
12.586927036687044,43.02696157193045,132.143798828125
12.586924367567526,43.026961121451514,132.143798828125
12.586921815144525,43.02696044542901,132.143798828125
12.586919170707265,43.02695985359984,132.04379272460938
12.586916404777673,43.02695916814544,132.04379272460938
12.586913804074142,43.02695845780482,132.04379272460938
12.58691136658108,43.0269575342395,132.04379272460938
12.586908815130727,43.026956683473855,132.04379272460938
12.58690615515025,43.02695571295456,132.04379272460938
12.586903906758389,43.026954661283106,132.04379272460938
12.586901317087174,43.026953552137805,132.04379272460938
12.58689890155986,43.02695243485416,132.04379272460938
12.586896411993854,43.026951192933865,132.04379272460938
12.586894222798387,43.02694992806343,132.04379272460938
12.586891847835481,43.026948547183004,132.04379272460938
12.586889652714717,43.02694717190519,132.04379272460938
12.586887634692854,43.026945666328174,132.04379272460938
12.58688555272226,43.02694418329866,132.04379272460938
12.586883420018017,43.026942577714216,132.04379272460938
12.58688145418703,43.026941013232715,132.04379272460938
12.586879696582297,43.02693936225344,132.04379272460938
12.586877788229057,43.02693782255536,132.04379272460938
12.586875786448003,43.026936257739784,132.04379272460938
12.586874114866387,43.026934841967304,132.04379272460938
12.586872007558831,43.026933281083814,132.04379272460938
12.58686999372743,43.026931804667804,132.04379272460938
12.586867861875321,43.026930260986205,132.04379272460938
12.58686593077852,43.02692881637828,132.04379272460938
12.586863747717695,43.026927275335225,132.04379272460938
12.586861642455025,43.02692582402817,132.04379272460938
12.586859478646353,43.02692438481724,132.04379272460938
12.586857330473196,43.02692295133742,132.04379272460938
12.586855080720502,43.026921441999654,132.04379272460938
12.586852938189852,43.026919981269224,132.04379272460938
12.586850724969812,43.026918466919945,132.04379272460938
12.586848530411606,43.02691694669392,132.04379272460938
12.586846188331176,43.026915322314196,132.04379272460938
12.586843909935345,43.02691370234631,132.04379272460938
12.58684155492347,43.02691206425989,132.04379272460938
12.586839300169869,43.02691049003808,132.04379272460938
12.586836908203459,43.02690882672279,132.04379272460938
12.586834617344921,43.0269072033111,132.04379272460938
12.586832206441294,43.0269055173712,132.04379272460938
12.586829895063532,43.02690389874828,132.04379272460938
12.586827465679715,43.02690213951187,132.04379272460938
12.58682515680973,43.02690050277042,132.04379272460938
12.586822742701077,43.02689878328768,132.04379272460938
12.586820413745452,43.02689712056777,132.04379272460938
12.586817960801437,43.026895329951614,132.04379272460938
12.586815568073316,43.026893635556405,132.04379272460938
12.586813024808373,43.02689185067991,132.04379272460938
12.586810660216555,43.02689014164853,132.04379272460938
12.586808129578383,43.02688837307016,132.04379272460938
12.586805703229672,43.02688667147464,132.04379272460938
12.586803128963243,43.02688485032253,132.04379272460938
12.586800679915655,43.02688304662076,132.04379272460938
12.586798048327807,43.02688112872513,132.04379272460938
12.586795549499705,43.026879305135814,132.04379272460938
12.586792942380244,43.026877334735,132.04379272460938
12.586790398031336,43.02687549538728,132.04379272460938
12.586787684724008,43.02687355491845,132.04379272460938
12.586785124742518,43.026871730224045,132.04379272460938
12.586782495422224,43.02686978787055,132.04379272460938
12.586779929147859,43.02686795553893,132.04379272460938
12.586777186719859,43.02686600006557,132.04379272460938
12.586774629597704,43.02686409485291,132.04379272460938
12.586771902110895,43.02686213080214,132.04379272460938
12.58676927328278,43.02686021926084,132.04379272460938
12.586766471125209,43.02685816832038,132.04379272460938
12.58676378785259,43.026856160556,132.04379272460938
12.586760977515455,43.026854086112856,132.04379272460938
12.586758330617297,43.026852128478545,132.04379272460938
12.586755619266969,43.02685002250359,132.04379272460938
12.586752992431009,43.026848066779635,132.04379272460938
12.586750222335462,43.02684600162278,132.04379272460938
12.586747556300866,43.02684400873765,132.04379272460938
12.586744720757071,43.026841847947715,132.04379272460938
12.586742023070595,43.0268398488571,132.04379272460938
12.586739202620329,43.02683776047703,132.04379272460938
12.586736502648737,43.02683570847966,132.04379272460938
12.586733617183814,43.02683357300803,132.04379272460938
12.586730900126543,43.02683155688014,132.04379272460938
12.586728076559137,43.02682945448499,132.04379272460938
12.58672540001298,43.026827435248215,132.04379272460938
12.586722519493293,43.026825285883284,132.04379272460938
12.586719769834936,43.026823244928906,132.04379272460938
12.586716840366755,43.026821045551436,132.04379272460938
12.586714067177503,43.02681900674408,132.04379272460938
12.586711144541251,43.0268168659852,132.04379272460938
12.58670836817633,43.02681482467577,132.04379272460938
12.58670543637623,43.02681262792285,132.04379272460938
12.586702660749534,43.02681060334312,132.04379272460938
12.58669975129669,43.02680849348424,132.04379272460938
12.586697469338421,43.02680648390372,132.04379272460938
12.586694884982304,43.026804350688856,132.04379272460938
12.586692371394669,43.026802305554476,132.04379272460938
12.586689616334063,43.02680013813286,132.04379272460938
12.58668704647383,43.02679802893683,132.04379272460938
12.586684226023564,43.026795858161364,132.04379272460938
12.586681520110666,43.026793807910536,132.04379272460938
12.586678542279929,43.026791640283335,132.04379272460938
12.586675816140762,43.02678965888721,132.04379272460938
12.586672966933124,43.026787607993874,132.04379272460938
12.586670245504838,43.02678565404752,132.04379272460938
12.586667259611737,43.02678357180228,132.04379272460938
12.586664582081234,43.026781611663814,132.04379272460938
12.586661815841117,43.02677955764525,132.04379272460938
12.586659122326482,43.02677758085853,132.04379272460938
12.586656445170979,43.02677555653368,132.04379272460938
12.58665394201289,43.02677365801129,132.04379272460938
12.586651347192097,43.02677169346487,132.04379272460938
12.586648904876833,43.02676985511779,132.04379272460938
12.586646372516029,43.026767966053086,132.04379272460938
12.586643934419444,43.02676621224744,132.04379272460938
12.586641389496316,43.02676443988797,132.04379272460938
12.586638823971926,43.02676281729552,132.04379272460938
12.58663603684927,43.02676119986234,132.04379272460938
12.58663336937328,43.0267597690211,132.04379272460938
12.586630569571138,43.026758345282715,132.04379272460938
12.586627889954716,43.026757095558246,132.04379272460938
12.586625057176509,43.02675586541507,132.04379272460938
12.586622412645502,43.026754800068055,132.04379272460938
12.586619640546077,43.02675378913124,132.04379272460938
12.586616975976305,43.0267529039276,132.04379272460938
12.586614138370031,43.026752063075826,132.04379272460938
12.58661149461251,43.02675134227318,132.04379272460938
12.58660903092271,43.02675063402929,132.04379272460938
12.586607090725174,43.02675000331817,132.04379272460938
12.58660552486582,43.02674944678382,132.04379272460938
12.586604431733754,43.02674902956296,132.04379272460938
12.586603562168607,43.02674869225637,132.04379272460938
12.586602814382863,43.02674849442392,132.04379272460938
12.586602001441827,43.0267484530019,132.04379272460938
12.586601249437413,43.02674842386236,132.04379272460938
12.586600513417155,43.02674841044052,132.04379272460938
12.586600057025548,43.026748422474576,132.04379272460938
12.586599577407712,43.02674843061079,132.04379272460938
12.58659919172596,43.02674845814197,132.04379272460938
12.586598825543906,43.026748508304166,132.04379272460938
12.586598468267965,43.02674862103099,132.04379272460938
12.586598123343407,43.026748732464235,132.04379272460938
12.586597808559027,43.026748863395255,132.04379272460938
12.586597512500934,43.02674909697867,132.04379272460938
12.586597245434604,43.02674929515813,132.04379272460938
12.586597001031997,43.02674953690987,132.04379272460938
12.586596798300643,43.02674978786865,132.04379272460938
12.586596626998501,43.02675010421047,132.04379272460938
12.586596425368679,43.026750389026915,132.04379272460938
12.586596195754899,43.02675071549242,132.04379272460938
12.586595970992612,43.026751050922954,132.04379272460938
12.586595702754403,43.02675143324323,132.04379272460938
12.586595420313278,43.026751836382665,132.04379272460938
12.5865950884432,43.02675230536991,132.04379272460938
12.586594725401708,43.02675278594572,132.04379272460938
12.586594335594995,43.02675332846933,132.04379272460938
12.586593939905557,43.02675388677493,132.04379272460938
12.586593420491392,43.026754519169444,132.04379272460938
12.586592979333881,43.02675515889063,132.04379272460938
12.586592502505026,43.026755878744545,132.04379272460938
12.586592046605553,43.026756610982666,132.04379272460938
12.586591474598434,43.02675746090449,132.04379272460938
12.58659105343283,43.02675828929719,132.04379272460938
12.586590631915659,43.02675920011847,132.04379272460938
12.58659013706363,43.02676010135685,132.04379272460938
12.586589684257856,43.02676108466296,132.04379272460938
12.586589247904964,43.026762044379645,132.04379272460938
12.586588790857073,43.02676307728362,132.04379272460938
12.586588313184487,43.02676409937911,132.04379272460938
12.58658783612126,43.02676519919797,132.04379272460938
12.586587382096756,43.02676625782019,132.04379272460938
12.586586829706532,43.02676739825795,132.04379272460938
12.586586387611536,43.02676847494115,132.04379272460938
12.586585902673423,43.02676960343776,132.04379272460938
12.58658542071183,43.026770683331435,132.04379272460938
12.586584807572496,43.02677179911757,132.04379272460938
12.58658428030689,43.02677289337147,132.04379272460938
12.58658370480762,43.02677405281696,132.04379272460938
12.586583064317132,43.02677515237747,132.04379272460938
12.586582455677732,43.02677631821222,132.04379272460938
12.586581854233534,43.026777450575636,132.04379272460938
12.586581190680885,43.02677866544874,132.04379272460938
12.586580490706906,43.026779823915085,132.04379272460938
12.58657980020155,43.02678104466173,132.04379272460938
12.58657915202369,43.02678221768661,132.04379272460938
12.586578394581817,43.02678347279421,132.04379272460938
12.586577759341257,43.02678466441629,132.04379272460938
12.58657709759328,43.02678591960421,132.04379272460938
12.586576461344926,43.02678714109509,132.04379272460938
12.586575727738646,43.026788438072344,132.04379272460938
12.586575108997849,43.026789687425286,132.04379272460938
12.586574477694738,43.026790992684376,132.04379272460938
12.5865738355871,43.0267922256396,132.04379272460938
12.586573227275828,43.02679354885338,132.04379272460938
12.586572646971948,43.02679478894252,132.04379272460938
12.586572039715353,43.02679607609914,132.04379272460938
12.58657145868494,43.026797301858366,132.04379272460938
12.586570902966658,43.026798634367,132.04379272460938
12.586570435653314,43.02679990561959,132.04379272460938
12.58656996142601,43.02680124998879,132.04379272460938
12.586569597283004,43.02680254814074,132.04379272460938
12.586569265178593,43.02680392880698,132.04379272460938
12.586569022088488,43.026805229873744,132.04379272460938
12.58656882432585,43.026806609636196,132.04379272460938
12.586568777545333,43.02680794707925,132.04379272460938
12.586568812747968,43.02680938888375,132.04379272460938
12.586568901621678,43.026810772784955,132.04379272460938
12.586569097603173,43.02681220013102,132.04379272460938
12.586569352693159,43.02681355503936,132.04379272460938
12.586569691336598,43.02681497223925,132.04379272460938
12.586570099564932,43.02681631350624,132.04379272460938
12.58657061665884,43.026817643051864,132.04379272460938
12.586571175142755,43.02681890127987,132.04379272460938
12.586571888593117,43.02682022530372,132.04379272460938
12.586572578817265,43.026821464588664,132.04379272460938
12.586573354446385,43.02682275696078,132.04379272460938
12.586574118802217,43.02682399779041,132.04379272460938
12.586574934649459,43.02682534185442,132.04379272460938
12.586575668138549,43.02682660047812,132.04379272460938
12.58657640195576,43.02682792904313,132.04379272460938
12.586577048024278,43.0268292716158,132.143798828125
12.586577731100054,43.02683066163945,132.143798828125
12.58657836216879,43.02683197482005,132.143798828125
12.586579020049639,43.026833339602575,132.04379272460938
12.586579643009136,43.02683465401303,132.04379272460938
12.586580354842315,43.02683603989583,132.04379272460938
12.586581039863386,43.02683734697106,132.04379272460938
12.586581725423514,43.02683873531515,132.04379272460938
12.586582426663096,43.02684002367325,132.04379272460938
12.58658319624542,43.0268413680039,132.04379272460938
12.5865839655465,43.02684263034926,132.04379272460938
12.586584816596364,43.026843974490376,132.04379272460938
12.586585649810566,43.02684522058583,132.04379272460938
12.586586576117133,43.026846516003936,132.04379272460938
12.58658748875984,43.026847721997676,132.04379272460938
12.58658848265914,43.026848992597046,132.04379272460938
12.586589443160497,43.02685021728115,132.04379272460938
12.586590468137459,43.02685152282615,132.04379272460938
12.586591474435028,43.02685277101722,132.04379272460938
12.586592617511826,43.026854021364926,132.04379272460938
12.586593769893156,43.0268551770594,132.04379272460938
12.586594996406184,43.02685643187037,132.04379272460938
12.58659618755255,43.02685756112165,132.04379272460938
12.586597445072924,43.02685872699549,132.04379272460938
12.586598652929977,43.02685983699744,132.04379272460938
12.586599917106522,43.02686100044261,132.04379272460938
12.586601204649918,43.02686206250111,132.04379272460938
12.586602642378592,43.02686312228514,132.04379272460938
12.586604082825971,43.02686408712466,132.04379272460938
12.5866057085909,43.02686500373162,132.04379272460938
12.58660732584814,43.02686581116268,132.143798828125
12.586609099407742,43.0268665996785,132.04379272460938
12.58661081205418,43.02686734325354,132.04379272460938
12.586612644581637,43.02686815459531,132.04379272460938
12.58661437984491,43.02686895628671,132.04379272460938
12.586616169997999,43.02686981172976,132.04379272460938
12.586617908331533,43.02687067580802,132.04379272460938
12.586619734530943,43.02687161010306,132.04379272460938
12.586621447739846,43.02687248833345,132.04379272460938
12.586623235900754,43.02687343592399,132.04379272460938
12.586624893797978,43.02687430290634,132.04379272460938
12.586626612561489,43.026875225040996,132.04379272460938
12.586628182686585,43.02687612539057,132.04379272460938
12.586629858724171,43.02687704878452,132.04379272460938
12.586631450083331,43.02687794365999,132.04379272460938
12.586633115738259,43.02687890541553,132.04379272460938
12.586634652395102,43.026879841509576,132.04379272460938
12.586636302206513,43.02688079795378,132.04379272460938
12.58663788158929,43.02688172596517,132.04379272460938
12.586639551673848,43.02688276900994,132.04379272460938
12.58664115308755,43.0268837204769,132.04379272460938
12.586642840281225,43.02688472486882,132.04379272460938
12.586644435718453,43.026885686230294,132.04379272460938
12.586646064178629,43.02688671988171,132.04379272460938
12.586647658865871,43.02688770566679,132.04379272460938
12.58664934985637,43.0268887571369,132.04379272460938
12.58665095895746,43.026889806653806,132.04379272460938
12.586652689744236,43.026890891688154,132.04379272460938
12.586654316141933,43.02689191454555,132.04379272460938
12.586656001835628,43.026892978497315,132.04379272460938
12.586657587499563,43.02689400793391,132.04379272460938
12.586659304809974,43.02689509683184,132.04379272460938
12.586660934770128,43.026896135850286,132.04379272460938
12.586662646197826,43.02689725309965,132.04379272460938
12.586664291392132,43.026898315003976,132.04379272460938
12.586666029725674,43.02689945064173,132.04379272460938
12.586667704638284,43.02690055854912,132.04379272460938
12.58666947559634,43.026901772447786,132.04379272460938
12.586671171836755,43.0269029011251,132.04379272460938
12.586672955614937,43.026904085297375,132.04379272460938
12.586674652605344,43.02690523089388,132.04379272460938
12.586676449578645,43.02690642768488,132.04379272460938
12.586678158897,43.02690756992324,132.04379272460938
12.586679954604692,43.026908771126074,132.04379272460938
12.586681662352762,43.02690992334463,132.04379272460938
12.586683528653149,43.02691115630415,132.04379272460938
12.58668528911136,43.02691232360863,132.04379272460938
12.58668710980305,43.02691356203368,132.04379272460938
12.58668886705207,43.02691473474471,132.04379272460938
12.586690730725783,43.026915989419784,132.04379272460938
12.586692484363775,43.026917172050055,132.04379272460938
12.586694359699178,43.02691844246309,132.04379272460938
12.586696076271323,43.026919597542914,132.04379272460938
12.586697865100211,43.026920790221894,132.04379272460938
12.586699592453451,43.026921911711746,132.04379272460938
12.586701422941864,43.02692308811404,132.04379272460938
12.586703144717044,43.02692419589721,132.04379272460938
12.586704925659312,43.02692535217637,132.04379272460938
12.586706596599319,43.026926437300666,132.04379272460938
12.58670833263602,43.02692755426733,132.04379272460938
12.586709984990359,43.02692862349187,132.04379272460938
12.586711701152337,43.026929734530384,132.04379272460938
12.586713285785015,43.02693078763244,132.04379272460938
12.586714897827447,43.02693186587769,132.04379272460938
12.586716406558915,43.0269328890906,132.04379272460938
12.586717956574935,43.02693394023088,132.04379272460938
12.586719458415883,43.026934954517294,132.04379272460938
12.586721016259897,43.0269359951891,132.04379272460938
12.58672248807784,43.02693698298733,132.04379272460938
12.586723930950908,43.02693799718809,132.04379272460938
12.586725286860446,43.02693896610538,132.04379272460938
12.586726724366438,43.02693999182833,132.04379272460938
12.586728059147344,43.02694093452297,132.04379272460938
12.586729298503826,43.02694179974052,132.04379272460938
12.586730267430713,43.02694248337014,132.04379272460938
12.586731057461837,43.02694306079864,132.04379272460938
12.58673161567612,43.026943490349105,132.04379272460938
12.586732069806057,43.026943854758535,132.04379272460938
12.586732440616922,43.026944145126166,132.04379272460938
12.586732889719588,43.026944413049094,132.04379272460938
12.586733180457422,43.026944658630114,132.04379272460938
12.586733425492804,43.02694490580454,132.04379272460938
12.586733560420448,43.02694503253144,132.04379272460938
12.586733666426657,43.02694519289969,132.04379272460938
12.586733737241996,43.026945312764674,132.04379272460938
12.586733785967823,43.026945416447205,132.04379272460938
12.586733826455488,43.026945470280225,132.04379272460938
12.586733800885543,43.026945533065415,132.04379272460938
12.586733755991672,43.026945566732465,132.04379272460938
12.58673371945315,43.02694553187463,132.04379272460938
12.586733644852695,43.02694553859091,132.04379272460938
12.586733557912583,43.02694554913649,132.04379272460938
12.586733482444957,43.026945563802656,132.04379272460938
12.586733420559167,43.02694556093283,132.04379272460938
12.586733385098771,43.026945606524706,132.04379272460938
12.58673339433304,43.026945685500955,132.04379272460938
12.58673345689855,43.02694578584251,132.04379272460938
12.586733607294782,43.02694597270753,132.04379272460938
12.58673381730341,43.02694620713478,132.04379272460938
12.58673411338498,43.02694650797948,132.04379272460938
12.586734459540034,43.0269468461835,132.04379272460938
12.586734906838108,43.02694725237268,132.04379272460938
12.586735406600253,43.02694767822239,132.04379272460938
12.586736016517008,43.02694819293429,132.04379272460938
12.586736668667513,43.02694871552754,132.04379272460938
12.586737435156161,43.02694932697439,132.04379272460938
12.586738241323909,43.02694996789919,132.04379272460938
12.586739161290744,43.02695076713626,132.04379272460938
12.586740117831255,43.02695152156958,132.04379272460938
12.586741201155036,43.02695235761767,132.04379272460938
12.58674227256102,43.026953238974926,132.04379272460938
12.586743478367348,43.02695414429318,132.04379272460938
12.58674466695908,43.026955038114956,132.04379272460938
12.586745956963373,43.02695602128722,132.04379272460938
12.58674723038588,43.026957046461916,132.04379272460938
12.58674866739971,43.02695815962499,132.04379272460938
12.58675008894502,43.02695925343592,132.04379272460938
12.58675164784376,43.02696050985103,132.04379272460938
12.586753203390998,43.02696167263232,132.04379272460938
12.586754918474927,43.026962943148185,132.04379272460938
12.58675663748457,43.026964214743444,132.04379272460938
12.586758504863097,43.02696568507715,132.04379272460938
12.58676034047256,43.02696705893288,132.04379272460938
12.58676230109579,43.02696855099168,132.04379272460938
12.586764157986183,43.02697007810532,132.04379272460938
12.586766210401017,43.02697167591979,132.04379272460938
12.586768224601576,43.026973249404875,132.04379272460938
12.586770408088674,43.02697494612167,132.04379272460938
12.586772547783454,43.02697664463745,132.04379272460938
12.586774806093661,43.02697838271418,132.04379272460938
12.58677697394818,43.02698003925322,132.04379272460938
12.586779254441646,43.02698181442368,132.04379272460938
12.586781463826794,43.026983502265374,132.04379272460938
12.586783819752734,43.02698531144554,132.04379272460938
12.586786119441236,43.0269870723439,132.04379272460938
12.586788612521389,43.02698900473006,132.04379272460938
12.586791001429262,43.02699080498373,132.04379272460938
12.586793527514777,43.02699270007057,132.04379272460938
12.586795925703756,43.02699457238717,132.04379272460938
12.586798495276904,43.026996455155114,132.04379272460938
12.58680095732626,43.026998236030956,132.04379272460938
12.586803566713273,43.02700008749625,132.04379272460938
12.586806049943954,43.02700184323745,132.04379272460938
12.586808699127252,43.02700363665491,132.04379272460938
12.586811276786232,43.02700531072138,132.04379272460938
12.586813976898453,43.02700702859784,132.04379272460938
12.586816606945307,43.02700864396539,132.04379272460938
12.586819379150217,43.027010308934024,132.04379272460938
12.586822066032187,43.02701181108432,132.04379272460938
12.586824851309181,43.02701334148754,132.04379272460938
12.58682767782969,43.02701473004365,132.04379272460938
12.586830725368394,43.02701614438547,132.04379272460938
12.586833676697587,43.0270174373717,132.04379272460938
12.586836741743841,43.027018695628584,132.04379272460938
12.586839677305687,43.02701982476847,132.04379272460938
12.586842792501589,43.0270209399104,132.04379272460938
12.586845861992119,43.02702192847106,132.04379272460938
12.586849123523745,43.02702293383954,132.04379272460938
12.58685223770307,43.02702380998821,132.04379272460938
12.58685559942851,43.027024639002995,132.04379272460938
12.586858766320905,43.027025374983644,132.04379272460938
12.586862125198712,43.02702611944532,132.04379272460938
12.58686527060654,43.02702682523702,132.04379272460938
12.586868575164349,43.02702757465026,132.04379272460938
12.586871682272955,43.02702833650231,132.04379272460938
12.58687497368986,43.027029166733605,132.04379272460938
12.586878108085905,43.02702992581006,132.04379272460938
12.586881358998287,43.027030759519434,132.04379272460938
12.586884499569662,43.027031560110004,132.04379272460938
12.586887856312687,43.02703240260878,132.04379272460938
12.586891095397919,43.027033203953216,132.04379272460938
12.58689446948389,43.02703399440083,132.04379272460938
12.586897672088643,43.02703469938723,132.04379272460938
12.586901010814907,43.02703540260892,132.04379272460938
12.586904214196743,43.0270360856989,132.04379272460938
12.586907605697615,43.02703682988648,132.04379272460938
12.586910890626838,43.02703756435941,132.04379272460938
12.586914458969815,43.027038375744,132.04379272460938
12.586917798040316,43.02703910562518,132.04379272460938
12.58692129481941,43.02703983754523,132.04379272460938
12.586924695966127,43.02704051397033,132.04379272460938
12.586928282415759,43.02704115835602,132.04379272460938
12.586931668600787,43.02704172336286,132.04379272460938
12.586935199158667,43.02704226976288,132.04379272460938
12.58693855526797,43.02704276275819,132.04379272460938
12.586942127306683,43.0270432235428,132.04379272460938
12.586945537113431,43.02704361856956,132.04379272460938
12.58694914431373,43.027043985000724,132.04379272460938
12.586952613261202,43.027044267204296,132.04379272460938
12.586956301126316,43.02704447551166,132.04379272460938
12.586959802967822,43.027044570584636,132.04379272460938
12.586963550208024,43.027044568031705,132.04379272460938
12.58696698290992,43.02704440164957,132.04379272460938
12.586970533166708,43.02704406676083,132.04379272460938
12.586973831998511,43.02704359269779,132.04379272460938
12.586977301679822,43.02704295555941,132.04379272460938
12.586980570560401,43.02704219922425,132.04379272460938
12.586983962688166,43.02704125068705,132.04379272460938
12.586987130529705,43.02704018379258,132.04379272460938
12.58699026940658,43.027038953994094,132.04379272460938
12.586993174042671,43.02703764795217,132.04379272460938
12.586996141652916,43.027036107320264,132.04379272460938
12.58699879535682,43.027034564015544,132.04379272460938
12.587001399361917,43.027032821415574,132.04379272460938
12.587003722130953,43.027031042201614,132.04379272460938
12.587005922620484,43.02702903605629,132.04379272460938
12.587007874944627,43.02702701918548,132.04379272460938
12.587009714902274,43.0270247841213,132.04379272460938
12.587011313148915,43.0270224772341,132.04379272460938
12.587012730665814,43.02702004609575,132.04379272460938
12.58701384726433,43.02701765595755,132.04379272460938
12.58701476981495,43.02701507747231,132.04379272460938
12.587015404192602,43.02701254379083,132.04379272460938
12.587015791864935,43.02700994330637,132.04379272460938
12.587015913033408,43.02700746207012,132.04379272460938
12.587015760740131,43.02700484522332,132.04379272460938
12.587015400005633,43.02700240233153,132.04379272460938
12.587014795958346,43.02699987233375,132.04379272460938
12.587014013996724,43.02699749718728,132.04379272460938
12.58701299462115,43.02699496540764,132.04379272460938
12.587011822373825,43.02699273389015,132.04379272460938
12.587010383561124,43.02699050182441,132.04379272460938
12.587008848506699,43.02698848013921,132.04379272460938
12.587007006388237,43.02698644944187,132.04379272460938
12.58700507715681,43.02698461932479,132.04379272460938
12.587002864658116,43.026982816706756,132.04379272460938
12.587000598429581,43.026981213829465,132.04379272460938
12.586998049347693,43.02697967431135,132.04379272460938
12.586995504155276,43.02697835728706,132.04379272460938
12.58699266147593,43.02697707423821,132.04379272460938
12.586989957837487,43.026976063764025,132.04379272460938
12.586987050436813,43.02697517812351,132.04379272460938
12.586984214438159,43.02697448968798,132.04379272460938
12.586981180614568,43.02697399379717,132.04379272460938
12.58697823563098,43.02697364340289,132.04379272460938
12.586975104341086,43.0269734489907,132.04379272460938
12.586972072785075,43.026973386231276,132.04379272460938
12.586968915677717,43.02697351563963,132.04379272460938
12.586965955556703,43.026973803651494,132.04379272460938
12.58696289125461,43.026974281535274,132.04379272460938
12.586960023868533,43.02697489849055,132.04379272460938
12.5869571375013,43.02697567872675,132.04379272460938
12.586954444373392,43.02697654504095,132.04379272460938
12.58695175322885,43.02697754528664,132.04379272460938
12.586949118239692,43.02697858627542,132.04379272460938
12.586946288610823,43.026979685260606,132.04379272460938
12.586943556208047,43.02698068980669,132.04379272460938
12.586940606449128,43.026981681588445,132.04379272460938
12.586937773000013,43.02698261573355,132.04379272460938
12.586934741014787,43.026983585755936,132.04379272460938
12.586931839249306,43.02698446858665,132.04379272460938
12.586928801732904,43.026985405969974,132.04379272460938
12.586925867465947,43.02698629185041,132.04379272460938
12.586922742552417,43.02698721324831,132.04379272460938
12.586919695054728,43.02698802845364,132.04379272460938
12.586916521512041,43.02698893665886,132.04379272460938
12.5869134571191,43.02698982111724,132.04379272460938
12.586910058358573,43.02699075139023,132.04379272460938
12.58690696450513,43.026991648732896,132.04379272460938
12.586903726891133,43.02699256917133,132.04379272460938
12.586900637883337,43.02699343786701,132.04379272460938
12.58689730163116,43.026994283312746,132.04379272460938
12.5868941944603,43.02699516287098,132.04379272460938
12.586890918925908,43.026996106028264,132.04379272460938
12.586887694601044,43.02699694246182,132.04379272460938
12.586884387327345,43.02699784761729,132.04379272460938
12.586881181925143,43.026998679476236,132.04379272460938
12.5868777644083,43.02699953215222,132.04379272460938
12.586874411386836,43.02700029354167,132.04379272460938
12.58687097677625,43.027001105885724,132.04379272460938
12.586867716712383,43.02700185716648,132.04379272460938
12.586864264582529,43.027002529925035,132.04379272460938
12.586860991976858,43.027003213803134,132.04379272460938
12.586857526052773,43.027003884214395,132.04379272460938
12.58685420411483,43.027004463219185,132.04379272460938
12.586850654320893,43.027004915985366,132.04379272460938
12.586847254674133,43.027005363611536,132.04379272460938
12.586843630771915,43.0270057520762,132.04379272460938
12.586840069071902,43.027005980463855,132.04379272460938
12.586836345453397,43.02700614158592,132.04379272460938
12.586832783838345,43.027006147325544,132.04379272460938
12.5868290303492,43.02700600554693,132.04379272460938
12.586825430637067,43.02700572181842,132.04379272460938
12.586821620166349,43.02700537999068,132.04379272460938
12.586817935535558,43.02700494918938,132.04379272460938
12.586813887353536,43.027004313164696,132.04379272460938
12.586810145582977,43.027003646728296,132.04379272460938
12.586806226861928,43.02700283256805,132.04379272460938
12.586802526311471,43.02700195880084,131.9438018798828
12.586798584135703,43.0270008731111,131.9438018798828
12.58679499470079,43.0269998181072,131.9438018798828
12.586791295023374,43.026998618223594,131.9438018798828
12.586787823565231,43.026997321724984,131.9438018798828
12.586784191920016,43.026995947526565,131.9438018798828
12.586780795419754,43.0269945785367,131.9438018798828
12.586777279975943,43.02699307419327,131.9438018798828
12.586773930971056,43.026991520043175,131.9438018798828
12.586770451503263,43.02698983048811,131.9438018798828
12.586767192930632,43.02698815984829,131.9438018798828
12.586763720400253,43.0269862708095,131.9438018798828
12.586760643617898,43.026984515924944,131.9438018798828
12.586757530086087,43.02698262469309,131.9438018798828
12.586754638258018,43.02698074771618,131.9438018798828
12.586751698993153,43.02697868256356,131.9438018798828
12.58674892859297,43.02697659916392,131.9438018798828
12.586746088432111,43.02697430132312,131.9438018798828
12.586743497818324,43.02697204160406,131.9438018798828
12.586740938153294,43.02696963316743,131.9438018798828
12.586738570813528,43.02696725444004,131.9438018798828
12.586736159798633,43.02696466317331,131.9438018798828
12.586733993866048,43.026962110456644,131.9438018798828
12.58673191335017,43.02695944907162,131.9438018798828
12.586730079088445,43.02695684875849,131.9438018798828
12.586728391402668,43.02695404801928,131.9438018798828
12.586726820387025,43.02695130548211,131.9438018798828
12.586725292343402,43.02694836431788,131.9438018798828
12.586723986179296,43.02694554803873,131.9438018798828
12.586722748768079,43.0269425166331,131.9438018798828
12.586721770642072,43.02693968830063,131.9438018798828
12.58672092886169,43.0269367158766,131.9438018798828
12.586720310976421,43.02693390278426,131.9438018798828
12.586719765008052,43.02693090310961,131.9438018798828
12.586719401017442,43.026928039233994,131.9438018798828
12.586719181997333,43.02692501829685,131.9438018798828
12.586719145189361,43.02692212227049,131.9438018798828
12.586719240297398,43.026919072754914,131.9438018798828
12.586719496020237,43.02691619142041,131.9438018798828
12.58671997489991,43.02691311790099,131.9438018798828
12.586720553492944,43.02691031729033,131.9438018798828
12.586721317579313,43.0269074319038,131.9438018798828
12.586722195628829,43.026904744261955,131.8437957763672
12.586723372068448,43.02690200201609,131.8437957763672
12.586724571195235,43.02689941369634,131.8437957763672
12.586725993947603,43.02689674288802,131.8437957763672
12.58672757150235,43.02689428661509,131.8437957763672
12.586729323605283,43.02689171128672,131.8437957763672
12.586731146547006,43.02688928777278,131.8437957763672
12.58673322242247,43.02688677641609,131.8437957763672
12.586735380210772,43.02688444641177,131.8437957763672
12.586737724347861,43.02688212788679,131.8437957763672
12.586740069281806,43.0268799895705,131.8437957763672
12.586742684000798,43.026877856938206,131.8437957763672
12.586745220228766,43.02687586118435,131.8437957763672
12.586747971562911,43.02687384407803,131.8437957763672
12.586750669683,43.02687201319423,131.8437957763672
12.586753636076445,43.02687018133382,131.8437957763672
12.586756512588408,43.02686849318805,131.8437957763672
12.586759635799835,43.026866782846,131.8437957763672
12.586762730769495,43.026865250031285,131.8437957763672
12.586765981385279,43.02686377312914,131.8437957763672
12.586769158056846,43.02686244987471,131.8437957763672
12.586772580056788,43.026861143766496,131.8437957763672
12.58677591700331,43.02686000439587,131.8437957763672
12.5867794567515,43.026858914662725,131.8437957763672
12.58678290159095,43.026857975002855,131.8437957763672
12.586786679378566,43.02685708357552,131.8437957763672
12.586790182705416,43.02685636526154,131.8437957763672
12.586793858471104,43.0268557350066,131.8437957763672
12.586797371418896,43.02685524520668,131.8437957763672
12.586801056524283,43.0268548851577,131.8437957763672
12.586804583710139,43.0268545933252,131.8437957763672
12.586808299336552,43.0268543736477,131.8437957763672
12.586811865346053,43.02685428093055,131.8437957763672
12.586815594835546,43.026854278859616,131.8437957763672
12.586819188582915,43.026854370086234,131.8437957763672
12.586822999955954,43.02685455826413,131.8437957763672
12.586826689760482,43.02685484522012,131.8437957763672
12.586830454563898,43.02685523550314,131.8437957763672
12.58683401661837,43.02685570372582,131.8437957763672
12.58683780690383,43.02685634144242,131.8437957763672
12.586841313919082,43.0268569954807,131.8437957763672
12.586844964650949,43.026857766171446,131.8437957763672
12.58684841485161,43.02685857580204,131.8437957763672
12.586851995878446,43.02685953387394,131.8437957763672
12.586855368795092,43.02686050909205,131.8437957763672
12.586858867938377,43.02686161884561,131.8437957763672
12.586862277777326,43.02686280153588,131.8437957763672
12.586865764355379,43.02686407951547,131.8437957763672
12.586869049400297,43.0268653518646,131.8437957763672
12.586872461127413,43.02686674595484,131.8437957763672
12.58687567633693,43.026868145390694,131.8437957763672
12.586878925827675,43.026869657598326,131.8437957763672
12.586881981927501,43.026871158022495,131.8437957763672
12.58688512823985,43.026872812192885,131.8437957763672
12.586888099819989,43.02687444471526,131.8437957763672
12.586891158973218,43.02687623638087,131.8437957763672
12.586893992192852,43.02687802738257,131.8437957763672
12.586896937853512,43.02688000411419,131.8437957763672
12.586899649024362,43.026881978125886,131.8437957763672
12.586902429843832,43.026884154435464,131.8437957763672
12.586905000027752,43.02688632660305,131.8437957763672
12.586907497458359,43.02688863061185,131.8437957763672
12.58690977477603,43.02689088690423,131.8437957763672
12.586912067380583,43.026893322878465,131.8437957763672
12.58691414101476,43.02689571265687,131.8437957763672
12.586916235367381,43.02689828913323,131.8437957763672
12.586918137257035,43.026900799984524,131.8437957763672
12.586920047047933,43.026903512358416,131.8437957763672
12.586921729152762,43.02690613446519,131.8437957763672
12.586923363322747,43.02690894138096,131.8437957763672
12.586924794969377,43.026911645916336,131.8437957763672
12.586926206011833,43.026914536263014,131.8437957763672
12.586927413608091,43.02691729102483,131.8437957763672
12.586928565585053,43.02692021509853,131.8437957763672
12.58692957141087,43.02692304987315,131.8437957763672
12.5869304769872,43.026926051303974,131.8437957763672
12.586931223012185,43.026928942670075,131.8437957763672
12.586931890590106,43.02693201887088,131.8437957763672
12.586932431774407,43.02693497999547,131.8437957763672
12.58693291192251,43.02693809451504,131.8437957763672
12.586933292310366,43.0269410636152,131.8437957763672
12.58693359540543,43.02694420733001,131.8437957763672
12.586933805352471,43.026947187481184,131.8437957763672
12.586933964019032,43.026950329225656,131.8437957763672
12.586934061582005,43.02695332710987,131.8437957763672
12.586934100754243,43.02695649321798,131.8437957763672
12.586934066345538,43.02695950365238,131.8437957763672
12.586933973490453,43.02696267167086,131.8437957763672
12.58693390329327,43.02696570255392,131.8437957763672
12.586933848013848,43.02696888824547,131.8437957763672
12.586933847931839,43.02697191644716,131.8437957763672
12.586933879946992,43.026975093760484,131.8437957763672
12.586933908261996,43.026978123144374,131.8437957763672
12.586933942421641,43.02698132093207,131.8437957763672
12.586933963851985,43.026984372366606,131.8437957763672
12.586934028673301,43.02698760503784,131.8437957763672
12.586934099263106,43.02699068364587,131.8437957763672
12.586934248701352,43.02699393504387,131.8437957763672
12.586934466746,43.02699703906069,131.8437957763672
12.586934832705438,43.027000312286575,131.8437957763672
12.586935203340595,43.02700342161473,131.8437957763672
12.586935695060879,43.02700667892373,131.8437957763672
12.586936333348321,43.02700976083849,131.8437957763672
12.586937039178707,43.02701303219685,131.8437957763672
12.586937821628077,43.02701614075401,131.8437957763672
12.586938764501816,43.02701940690381,131.8437957763672
12.586939827476323,43.02702251784249,131.8437957763672
12.586941044239568,43.02702578447203,131.8437957763672
12.586942361583358,43.02702887053306,131.8437957763672
12.586944003602,43.02703209683066,131.8437957763672
12.586945615673809,43.027035117579324,131.8437957763672
12.586947432800178,43.02703825000323,131.8437957763672
12.58694925105739,43.02704120168732,131.8437957763672
12.586951358004649,43.02704428385907,131.8437957763672
12.586953380097706,43.0270471818472,131.8437957763672
12.586955618542035,43.02705019137352,131.8437957763672
12.586957936640452,43.02705300751557,131.8437957763672
12.586960398859775,43.02705595637266,131.8437957763672
12.586962849281424,43.027058733656254,131.8437957763672
12.586965539550095,43.027061620936024,131.8437957763672
12.586968257928701,43.02706431191888,131.8437957763672
12.58697118497998,43.027067102480814,131.8437957763672
12.586974064528548,43.027069716432074,131.8437957763672
12.586977251409945,43.02707239853984,131.8437957763672
12.586980310519312,43.02707492519662,131.8437957763672
12.586983623841947,43.02707751923891,131.8437957763672
12.586986866290642,43.027079925191146,131.8437957763672
12.586990438971732,43.02708235350242,131.8437957763672
12.586993880597023,43.02708462763059,131.8437957763672
12.58699759064544,43.02708694819015,131.8437957763672
12.58700122903001,43.02708907106501,131.8437957763672
12.587005077706246,43.02709126855563,131.8437957763672
12.587008806792957,43.02709328660857,131.8437957763672
12.587012796634088,43.02709532885381,131.8437957763672
12.587016689158302,43.02709717778335,131.8437957763672
12.587020829112921,43.02709907120821,131.8437957763672
12.5870248282586,43.02710080750301,131.8437957763672
12.587029123611785,43.027102539137566,131.8437957763672
12.587033227457072,43.027104136001064,131.8437957763672
12.58703759740485,43.02710571682775,131.8437957763672
12.587041781302649,43.027107133157024,131.8437957763672
12.587046179360344,43.02710852676748,131.8437957763672
12.587050406145206,43.027109816823895,131.8437957763672
12.587054894588285,43.027111097097155,131.8437957763672
12.587059172536446,43.027112212804475,131.8437957763672
12.587063745470452,43.02711331591876,131.8437957763672
12.587068137715743,43.027114286009656,131.8437957763672
12.587072803519467,43.027115227693436,131.8437957763672
12.587077280185374,43.02711603097392,131.8437957763672
12.587082027655844,43.02711682041064,131.8437957763672
12.58708658292996,43.0271174898453,131.8437957763672
12.587091429592313,43.02711806312753,131.8437957763672
12.587096034184047,43.02711856280485,131.8437957763672
12.587100880330773,43.0271190061134,131.8437957763672
12.587105497648869,43.02711935697035,131.8437957763672
12.587110351178298,43.027119633331445,131.8437957763672
12.587114982535248,43.027119851027905,131.8437957763672
12.587119859150269,43.027120003994526,131.8437957763672
12.587124479151916,43.02712006659979,131.8437957763672
12.587129336349253,43.02712006612002,131.8437957763672
12.587133961800044,43.02711995770005,131.8437957763672
12.587138833938566,43.02711971457761,131.8437957763672
12.587143453201936,43.02711936200726,131.8437957763672
12.587148301915013,43.02711889299857,131.8437957763672
12.587152890346797,43.027118334245344,131.8437957763672
12.58715765674859,43.027117616357444,131.8437957763672
12.587162169536954,43.027116801529,131.8437957763672
12.587166869658473,43.027115815332664,131.8437957763672
12.587171279604611,43.02711475032285,131.8437957763672
12.587175840122724,43.02711347656016,131.8437957763672
12.587180104735072,43.02711211007172,131.8437957763672
12.587184508130516,43.027110515178435,131.8437957763672
12.587188590179155,43.027108877297565,131.8437957763672
12.587192743781388,43.027106964117856,131.8437957763672
12.587196510811214,43.027105036597526,131.8437957763672
12.58720023558383,43.0271029168923,131.8437957763672
12.587203505324135,43.02710083906102,131.8437957763672
12.587206598863924,43.02709868644263,131.8437957763672
12.587209216418595,43.027096659891534,131.8437957763672
12.587211603070454,43.027094548513176,131.8437957763672
12.58721362560274,43.027092599816065,131.8437957763672
12.587215471911096,43.02709059043259,131.8437957763672
12.587216999286696,43.02708871061161,131.8437957763672
12.587218326134039,43.027086749338615,131.8437957763672
12.587219437758023,43.02708495432777,131.8437957763672
12.587220411923123,43.02708312583834,131.8437957763672
12.587221128115504,43.02708145509577,131.8437957763672
12.587221706731814,43.02707975503802,131.8437957763672
12.587222099866514,43.02707820081943,131.8437957763672
12.587222351792379,43.02707664062131,131.8437957763672
12.587222420392855,43.02707524738779,131.8437957763672
12.587222457048505,43.02707383061305,131.8437957763672
12.587222375229352,43.0270725736583,131.8437957763672
12.587222150396713,43.02707140144515,131.8437957763672
12.587221916517382,43.02707033223776,131.74378967285156
12.587221708137703,43.027069263355905,131.74378967285156
12.587221564210184,43.02706825868986,131.74378967285156
12.58722139131433,43.02706723605092,131.8437957763672
12.58722131547171,43.02706621836352,131.8437957763672
12.587221270636448,43.027065141000634,131.8437957763672
12.587221191395447,43.027064168768035,131.8437957763672
12.587221132943204,43.02706311103997,131.8437957763672
12.587221098115611,43.02706209331831,131.8437957763672
12.5872210873111,43.02706100651492,131.8437957763672
12.587221111076383,43.027059962305074,131.8437957763672
12.587221147825854,43.02705886253174,131.8437957763672
12.587221209489012,43.02705781057761,131.74378967285156
12.587221283151989,43.027056705887,131.74378967285156
12.587221381916152,43.02705565422415,131.74378967285156
12.587221495328528,43.02705455756909,131.74378967285156
12.587221610569008,43.02705351759119,131.74378967285156
12.587221781097726,43.027052414733866,131.8437957763672
12.587221901541241,43.02705140515057,131.8437957763672
12.587222001969424,43.027050406104294,131.8437957763672
12.587222105702251,43.02704950759661,131.8437957763672
12.587222177794922,43.02704868086056,131.74378967285156
12.587222232614412,43.02704799023193,131.74378967285156
12.587222270465404,43.02704734728543,131.74378967285156
12.587222298683722,43.02704677112478,131.74378967285156
12.587222301097741,43.02704622331984,131.74378967285156
12.587222306066419,43.02704575081602,131.74378967285156
12.587222336112848,43.02704533147703,131.74378967285156
12.587222353245409,43.02704498043162,131.74378967285156
12.587222367659257,43.02704465864997,131.74378967285156
12.587222383174645,43.0270443796846,131.74378967285156
12.587222380502787,43.027044104728404,131.74378967285156
12.58722231961303,43.02704383868157,131.74378967285156
12.58722217744323,43.02704355390797,131.74378967285156
12.587221996320899,43.027043296187955,131.74378967285156
12.58722176583995,43.02704300944402,131.74378967285156
12.587221566647619,43.02704277094766,131.74378967285156
12.58722139351739,43.027042613526376,131.74378967285156
12.587221245582088,43.02704260386322,131.74378967285156
12.587221086303206,43.02704269496133,131.74378967285156
12.587220946031866,43.02704282628854,131.74378967285156
12.587220814643212,43.02704296419496,131.74378967285156
12.587220725136746,43.02704305423077,131.74378967285156
12.587220656559657,43.02704311825814,131.74378967285156
12.587220623653911,43.02704318255966,131.74378967285156
12.587220640716163,43.02704330653666,131.74378967285156
12.587220630708485,43.027043414631045,131.74378967285156
12.58722059210748,43.027043549093676,131.74378967285156
12.587220557232975,43.027043679272964,131.74378967285156
12.587220437539424,43.02704383585475,131.74378967285156
12.587220292885316,43.02704399492088,131.74378967285156
12.587220132106463,43.02704416855036,131.74378967285156
12.587220014475415,43.027044328044816,131.74378967285156
12.587219908094191,43.02704445693908,131.74378967285156
12.587219821025172,43.02704457046473,131.74378967285156
12.587219732456179,43.027044709347756,131.74378967285156
12.587219662988469,43.02704482856169,131.74378967285156
12.587219616512613,43.02704495168203,131.74378967285156
12.587219593637966,43.02704507346595,131.74378967285156
12.587219598020715,43.027045206814904,131.74378967285156
12.58721957601322,43.02704532063183,131.74378967285156
12.587219543013708,43.02704543696735,131.74378967285156
12.587219512123545,43.0270455493108,131.74378967285156
12.5872194755616,43.02704566329904,131.74378967285156
12.58721946513208,43.02704576822374,131.74378967285156
12.587219475467876,43.02704588102981,131.74378967285156
12.587219509193934,43.027045993596,131.74378967285156
12.587219548333973,43.027046117590125,131.74378967285156
12.587219577325726,43.027046241053135,131.74378967285156
12.587219616559523,43.027046387166436,131.74378967285156
12.587219649465293,43.027046502216955,131.74378967285156
12.58721969952706,43.027046611082326,131.74378967285156
12.587219762877686,43.02704670742322,131.74378967285156
12.587219850837316,43.02704680465505,131.74378967285156
12.587219920375345,43.02704689654126,131.74378967285156
12.587219984874382,43.0270469981935,131.74378967285156
12.587220046256284,43.027047105928084,131.74378967285156
12.587220127137908,43.02704721176085,131.74378967285156
12.587220220300592,43.02704731564042,131.74378967285156
12.587220331205199,43.02704742757267,131.74378967285156
12.587220445414438,43.027047531092435,131.74378967285156
12.58722056555328,43.02704763540034,131.74378967285156
12.587220684473392,43.02704773588751,131.74378967285156
12.587220823526014,43.02704786147505,131.74378967285156
12.587220950203815,43.02704798521219,131.74378967285156
12.587221064366167,43.02704813273044,131.74378967285156
12.587221147263357,43.027048293098716,131.74378967285156
12.587221230230856,43.02704848348462,131.74378967285156
12.587221265878755,43.02704865995825,131.74378967285156
12.587221284909713,43.02704884100647,131.74378967285156
12.5872213037063,43.02704901460169,131.74378967285156
12.587221276050451,43.027049183793636,131.74378967285156
12.587221243918112,43.027049334909876,131.74378967285156
12.587221213051384,43.0270494780077,131.74378967285156
12.587221188957997,43.027049605822576,131.74378967285156
12.58722117452071,43.027049720410496,131.74378967285156
12.587221148997648,43.027049833781945,131.74378967285156
12.587221092185986,43.02704996737078,131.74378967285156
12.587221028905667,43.02705011879544,131.74378967285156
12.58722094987559,43.02705029393266,131.74378967285156
12.58722088094693,43.0270504795555,131.74378967285156
12.587220831471113,43.02705067062675,131.74378967285156
12.587220784128062,43.02705084985883,131.74378967285156
12.58722071784778,43.02705100364787,131.74378967285156
12.587220636942716,43.02705115753971,131.74378967285156
12.587220525545934,43.02705126119653,131.74378967285156
12.587220425117744,43.02705133658332,131.74378967285156
12.587220337650303,43.027051398074946,131.74378967285156
12.587220309549167,43.02705148540368,131.74378967285156
12.58722026473734,43.02705153329142,131.74378967285156
12.587220232206585,43.027051571704405,131.74378967285156
12.58722021483967,43.02705162833015,131.74378967285156
12.58722020951945,43.02705164217391,131.74378967285156
12.587220222761445,43.02705168120374,131.74378967285156
12.587220233026905,43.02705179048036,131.74378967285156
12.587220218636466,43.02705206716708,131.74378967285156
12.587220138645435,43.02705248474143,131.74378967285156
12.587219999475606,43.02705313741978,131.74378967285156
12.587219809025296,43.027053976920286,131.74378967285156
12.587219567341373,43.02705499046149,131.74378967285156
12.5872192714004,43.02705609705396,131.74378967285156
12.58721877347799,43.02705733678974,131.74378967285156
12.587218007551717,43.027058523172194,131.74378967285156
12.587216956957818,43.02705965777761,131.74378967285156
12.587215725991635,43.02706060895324,131.74378967285156
12.587214289387925,43.027061483611284,131.74378967285156
12.587212815519166,43.027062160516074,131.74378967285156
12.587211189402668,43.02706273916106,131.74378967285156
12.587209591340434,43.02706322321274,131.74378967285156
12.587207817616743,43.027063650775744,131.74378967285156
12.587206064213065,43.02706400459673,131.74378967285156
12.587204133249536,43.02706426927285,131.74378967285156
12.587202220215442,43.0270644545016,131.74378967285156
12.58720012910584,43.027064623128155,131.74378967285156
12.587197984606368,43.027064842281,131.74378967285156
12.587195485596503,43.02706514487332,131.74378967285156
12.58719281753446,43.02706550870027,131.74378967285156
12.587189783970045,43.027065904223896,131.74378967285156
12.587186674516165,43.0270661722924,131.74378967285156
12.587183201411507,43.027066187780825,131.74378967285156
12.587179988869451,43.027065882909675,131.74378967285156
12.587176741558407,43.02706531044973,131.74378967285156
12.587173778739203,43.0270646553728,131.74378967285156
12.587170649117732,43.02706401066154,131.74378967285156
12.58716764745136,43.027063353905525,131.74378967285156
12.587164362078253,43.027062618832886,131.74378967285156
12.58716109267758,43.02706175113087,131.74378967285156
12.587157607162956,43.027060758629446,131.74378967285156
12.58715428647015,43.02705962010037,131.74378967285156
12.58715088951291,43.02705818106925,131.74378967285156
12.587147894748954,43.02705659661017,131.74378967285156
12.587144992702386,43.027054752717746,131.74378967285156
12.587142474321938,43.0270528709949,131.74378967285156
12.587139849243762,43.027050876054844,131.74378967285156
12.587137307824422,43.0270489627381,131.74378967285156
12.587134412996235,43.02704690860224,131.74378967285156
12.58713135961571,43.02704486166238,131.74378967285156
12.587127823090052,43.027042541668145,131.74378967285156
12.58712434234483,43.02704028256587,131.74378967285156
12.58712054284263,43.02703781357994,131.74378967285156
12.587116856670782,43.027035373754984,131.74378967285156
12.587112804398902,43.02703276958684,131.74378967285156
12.587108809360547,43.027030230542586,131.74378967285156
12.587104463186783,43.02702749234015,131.74378967285156
12.587100128766759,43.02702479121429,131.74378967285156
12.5870955048862,43.02702191173016,131.74378967285156
12.587090994734433,43.02701912988906,131.74378967285156
12.587086167940917,43.02701615869007,131.74378967285156
12.587081524871238,43.0270133659179,131.74378967285156
12.587076608782187,43.02701044245246,131.74378967285156
12.587071912773856,43.02700766121104,131.74378967285156
12.587066884561475,43.02700472491269,131.74378967285156
12.58706214933107,43.02700194072435,131.74378967285156
12.587057147110485,43.02699902388951,131.74378967285156
12.587052276155523,43.02699626870794,131.74378967285156
12.587047176430529,43.026993338063605,131.74378967285156
12.58704229530678,43.02699052145891,131.8437957763672
12.587037144922393,43.02698751621592,131.74378967285156
12.587032221330535,43.02698463083792,131.74378967285156
12.587027071980316,43.02698157904359,131.74378967285156
12.587022124924943,43.02697864881047,131.74378967285156
12.587016782339813,43.026975518065605,131.74378967285156
12.587011870100337,43.026972608101254,131.8437957763672
12.587006780377173,43.026969601821705,131.8437957763672
12.587001963606006,43.02696675636446,131.8437957763672
12.58699696252746,43.026963835366224,131.8437957763672
12.586992152673004,43.02696099707073,131.8437957763672
12.586987094312425,43.02695801725367,131.8437957763672
12.586982361767072,43.02695527305459,131.8437957763672
12.586977522466965,43.02695244074721,131.8437957763672
12.58697298289287,43.02694977507033,131.8437957763672
12.586968267472752,43.02694699890041,131.8437957763672
12.586963869857485,43.02694441710846,131.8437957763672
12.586959295816142,43.026941699200535,131.8437957763672
12.58695498867708,43.02693912921348,131.8437957763672
12.586950492672658,43.02693644068926,131.8437957763672
12.586946342465822,43.026933962434235,131.8437957763672
12.586942111178173,43.026931430586046,131.8437957763672
12.586938176921269,43.02692905174733,131.8437957763672
12.586934253392727,43.02692664056941,131.8437957763672
12.58693051495322,43.02692432771127,131.8437957763672
12.586926670788719,43.02692194280736,131.8437957763672
12.586923182502716,43.026919768840834,131.8437957763672
12.586919523497578,43.02691749751397,131.8437957763672
12.586916097967482,43.02691535883359,131.8437957763672
12.586912609066319,43.026913166620055,131.8437957763672
12.586909576155499,43.0269112235342,131.74378967285156
12.58690673275159,43.02690942793231,131.74378967285156
12.586904243266195,43.026907865258416,131.74378967285156
12.586901860863632,43.026906335960284,131.74378967285156
12.586899503458254,43.02690484606031,131.74378967285156
12.58689703001189,43.02690328678738,131.74378967285156
12.586894721434907,43.0269018227074,131.74378967285156
12.58689254436049,43.026900435025084,131.74378967285156
12.586890377602804,43.02689905497569,131.74378967285156
12.586888163830192,43.0268976428312,131.74378967285156
12.586886190675093,43.02689637950282,131.74378967285156
12.58688409464487,43.02689505573221,131.74378967285156
12.58688214634194,43.026893833485346,131.74378967285156
12.586880145751822,43.02689258980464,131.74378967285156
12.58687833394577,43.02689147279945,131.74378967285156
12.586876431895691,43.026890275198916,131.74378967285156
12.586874650588692,43.02688914734401,131.74378967285156
12.586872857256962,43.02688800696034,131.74378967285156
12.586871146706716,43.026886924907195,131.74378967285156
12.5868693947313,43.02688583415888,131.74378967285156
12.586867743597159,43.02688482324774,131.74378967285156
12.586866121163279,43.02688382392732,131.74378967285156
12.586864505731244,43.026882861426486,131.74378967285156
12.586862833944583,43.02688187612544,131.74378967285156
12.586861353106263,43.02688098573462,131.74378967285156
12.58685977546079,43.02687999607313,131.74378967285156
12.586858335127742,43.02687903429187,131.74378967285156
12.586856910409708,43.02687798329719,131.74378967285156
12.586855698085012,43.02687695625924,131.74378967285156
12.58685453994702,43.026875791905965,131.74378967285156
12.586853569795482,43.02687462552669,131.74378967285156
12.5868526808976,43.02687335008499,131.74378967285156
12.586851869072762,43.02687216741189,131.8437957763672
12.586851020108801,43.02687096431154,131.8437957763672
12.586850166354875,43.02686983876108,131.8437957763672
12.586849324876166,43.026868665982484,131.8437957763672
12.586848406418136,43.02686752931246,131.8437957763672
12.586847406653696,43.026866327745545,131.8437957763672
12.586846462989005,43.026865183318385,131.8437957763672
12.586845467413957,43.02686399665108,131.74378967285156
12.586844524487546,43.02686287173668,131.74378967285156
12.586843558941363,43.02686169008731,131.74378967285156
12.586842674528748,43.02686055573457,131.74378967285156
12.586841834552976,43.02685939189103,131.74378967285156
12.586841097601061,43.02685827795483,131.74378967285156
12.586840430992824,43.02685709053793,131.74378967285156
12.586839792075583,43.02685596037429,131.74378967285156
12.586839159377979,43.02685476378676,131.74378967285156
12.586838603812037,43.02685361521975,131.74378967285156
12.586838093356747,43.02685240436013,131.74378967285156
12.586837586211942,43.02685124831013,131.74378967285156
12.586837038983742,43.02685003003818,131.8437957763672
12.586836526840957,43.02684885778217,131.8437957763672
12.586835952695193,43.026847642307246,131.8437957763672
12.58683539730501,43.02684647581018,131.8437957763672
12.586834811727778,43.02684524071969,131.8437957763672
12.586834291434736,43.026844050249835,131.8437957763672
12.586833736782827,43.02684280483116,131.8437957763672
12.5868332126871,43.02684161365884,131.74378967285156
12.586832668183476,43.02684032625164,131.74378967285156
12.586832143683454,43.02683912013153,131.74378967285156
12.58683159082448,43.026837848233235,131.74378967285156
12.58683105842028,43.02683664841927,131.74378967285156
12.586830537652627,43.02683538946363,131.74378967285156
12.586829997625502,43.02683419324392,131.74378967285156
12.586829435831122,43.026832925194746,131.74378967285156
12.58682893769205,43.02683173348137,131.74378967285156
12.58682841875251,43.02683043991045,131.74378967285156
12.586827944109178,43.02682920388761,131.74378967285156
12.586827449274733,43.026827897703306,131.74378967285156
12.586826951586813,43.026826654745086,131.74378967285156
12.58682639022601,43.02682534911013,131.74378967285156
12.586825845804409,43.02682411624217,131.74378967285156
12.586825254362017,43.02682283491436,131.74378967285156
12.586824695473835,43.02682158794885,131.74378967285156
12.586824105384947,43.02682025054383,131.74378967285156
12.586823549690088,43.026818963755574,131.74378967285156
12.586822996210035,43.026817595487465,131.74378967285156
12.586822448067792,43.0268162764585,131.74378967285156
12.586821867980708,43.026814869662815,131.74378967285156
12.586821349814585,43.02681354426561,131.74378967285156
12.586820803236773,43.0268121507954,131.74378967285156
12.586820286933904,43.026810813514054,131.74378967285156
12.586819745418516,43.02680939503985,131.74378967285156
12.586819251416097,43.026808045397864,131.74378967285156
12.586818709478836,43.026806592840046,131.74378967285156
12.586818185969035,43.02680519563796,131.74378967285156
12.586817650418398,43.02680368949128,131.74378967285156
12.586817103799568,43.02680223166066,131.74378967285156
12.586816514525124,43.02680066837422,131.74378967285156
12.586815954049078,43.026799159045005,131.74378967285156
12.586815358938786,43.02679752120488,131.74378967285156
12.586814809237971,43.02679599970456,131.74378967285156
12.586814229127448,43.02679441825035,131.74378967285156
12.586813677293854,43.026792939687304,131.74378967285156
12.586813098378636,43.02679137361562,131.74378967285156
12.586812554179694,43.02678989583002,131.74378967285156
12.586811951481602,43.026788351603905,131.74378967285156
12.586811309883686,43.02678688651304,131.74378967285156
12.586810561218996,43.02678532714532,131.74378967285156
12.586809762902698,43.026783831531915,131.74378967285156
12.586808828246625,43.026782239758866,131.74378967285156
12.586807822288874,43.026780798263616,131.74378967285156
12.586806652183176,43.02677935286259,131.74378967285156
12.586805444408121,43.02677804618176,131.74378967285156
12.58680410658619,43.02677673484691,131.74378967285156
12.586802793759986,43.02677555114155,131.74378967285156
12.586801377933357,43.02677435646467,131.74378967285156
12.586799963085227,43.02677330377812,131.74378967285156
12.586798442646861,43.026772221814404,131.74378967285156
12.586796956409168,43.02677124094073,131.74378967285156
12.586795397574923,43.026770227086914,131.74378967285156
12.586793931692426,43.02676928687015,131.74378967285156
12.586792415642707,43.026768225319195,131.74378967285156
12.586790998755562,43.02676718639606,131.74378967285156
12.586789513338188,43.026766117006595,131.74378967285156
12.586788100019348,43.02676506186888,131.74378967285156
12.586786603674401,43.02676393598215,131.74378967285156
12.586785166800034,43.02676284228162,131.74378967285156
12.586783609730617,43.02676165706409,131.74378967285156
12.586782149068727,43.02676047767414,131.74378967285156
12.586780618939121,43.02675918938456,131.74378967285156
12.586779157585838,43.0267579230771,131.74378967285156
12.58677758565607,43.02675660937019,131.74378967285156
12.586776064291954,43.02675534813419,131.74378967285156
12.58677442768736,43.026753999355286,131.74378967285156
12.586772830234532,43.026752661303995,131.74378967285156
12.586771133947233,43.02675126248069,131.74378967285156
12.586769499311364,43.02674990855535,131.74378967285156
12.58676773947424,43.026748440335496,131.74378967285156
12.586766091279978,43.026747044022216,131.74378967285156
12.5867643312905,43.026745571722486,131.74378967285156
12.586762620319822,43.026744174149925,131.74378967285156
12.58676075326944,43.026742687494576,131.74378967285156
12.586758991404995,43.026741275568526,131.74378967285156
12.586757114733658,43.02673976818395,131.74378967285156
12.586755275690669,43.02673829052576,131.74378967285156
12.586753344984983,43.02673673886002,131.74378967285156
12.586751492149235,43.0267352573811,131.74378967285156
12.58674954045559,43.02673370867087,131.74378967285156
12.586747631042545,43.02673225357307,131.74378967285156
12.586745575006667,43.026730789334614,131.74378967285156
12.586743551747642,43.026729496395525,131.74378967285156
12.586741346428836,43.02672821808403,131.74378967285156
12.586739208280909,43.026727080703,131.74378967285156
12.58673690070582,43.02672594604616,131.74378967285156
12.58673466625464,43.026724915431664,131.74378967285156
12.586732279169015,43.02672388014404,131.74378967285156
12.586729999472425,43.0267228799241,131.74378967285156
12.586727592312887,43.02672180026103,131.74378967285156
12.586725236527581,43.02672072240554,131.74378967285156
12.586722780817983,43.02671956414747,131.74378967285156
12.586720453168978,43.0267184499607,131.74378967285156
12.586718011064637,43.026717281264126,131.74378967285156
12.586715658255843,43.02671621318324,131.74378967285156
12.58671311862951,43.02671512847871,131.74378967285156
12.586710647357622,43.026714134538175,131.74378967285156
12.586707985987005,43.026713125421765,131.74378967285156
12.586705402978506,43.02671219667365,131.74378967285156
12.586702641613284,43.0267112628712,131.74378967285156
12.586699989453473,43.02671040648585,131.74378967285156
12.586697166096991,43.026709546146975,131.74378967285156
12.586694476519776,43.02670872623854,131.74378967285156
12.586691633733901,43.02670786940342,131.74378967285156
12.586688900376085,43.02670704994473,131.74378967285156
12.58668605198873,43.02670616588041,131.74378967285156
12.586683338997803,43.02670531586865,131.74378967285156
12.58668047999342,43.026704418980025,131.74378967285156
12.586677737752925,43.02670358476523,131.74378967285156
12.586674858639462,43.02670272644379,131.74378967285156
12.586672109461567,43.026701924722424,131.74378967285156
12.586669219801385,43.0267010913643,131.74378967285156
12.586666428928796,43.02670032471492,131.74378967285156
12.586663470855575,43.026699543853425,131.74378967285156
12.586660665264468,43.02669881792147,131.74378967285156
12.58665774534694,43.02669805337092,131.74378967285156
12.586654995465945,43.02669733512329,131.74378967285156
12.586652125258611,43.02669657432493,131.74378967285156
12.586649418291035,43.02669583513176,131.74378967285156
12.5866465734427,43.02669505908473,131.74378967285156
12.58664384615511,43.026694328989365,131.74378967285156
12.5866409554637,43.02669356556961,131.74378967285156
12.586638204973328,43.02669283526864,131.74378967285156
12.58663535454694,43.026692056968564,131.74378967285156
12.586632633142074,43.02669130691284,131.74378967285156
12.586629815504264,43.026690517296174,131.74378967285156
12.586627071107547,43.02668974823099,131.74378967285156
12.586624151283747,43.026688952797564,131.74378967285156
12.586621324130444,43.02668823482408,131.74378967285156
12.586618290495844,43.02668751569411,131.74378967285156
12.58661544588187,43.026686929553264,131.74378967285156
12.586612477590052,43.026686368864034,131.74378967285156
12.58660970024071,43.026685840522575,131.74378967285156
12.586606738558167,43.02668533268975,131.74378967285156
12.586603927318702,43.02668485553421,131.74378967285156
12.586600968401738,43.026684358898045,131.74378967285156
12.586598154724797,43.026683907896576,131.74378967285156
12.5865951483476,43.026683425438264,131.74378967285156
12.586592256976502,43.026682983945804,131.74378967285156
12.586589200818793,43.02668253285868,131.74378967285156
12.586586273120117,43.0266821155157,131.74378967285156
12.586583199548613,43.0266816830354,131.74378967285156
12.586580272037432,43.02668130030182,131.74378967285156
12.586577190989471,43.02668093072666,131.74378967285156
12.586574227783505,43.02668063000192,131.74378967285156
12.586571085400516,43.02668035518281,131.74378967285156
12.586568047758156,43.026680128122955,131.74378967285156
12.586564856625891,43.02667989117713,131.74378967285156
12.586561808132135,43.02667966609617,131.74378967285156
12.586558590000273,43.02667943077801,131.74378967285156
12.586555479468373,43.02667920820708,131.74378967285156
12.586552182798611,43.02667895416216,131.74378967285156
12.586549060079394,43.026678714209446,131.74378967285156
12.586545767464262,43.026678450389944,131.74378967285156
12.586542645190352,43.02667821726486,131.74378967285156
12.586539344020661,43.02667798641852,131.74378967285156
12.586536196879933,43.02667779431073,131.74378967285156
12.586532896647732,43.026677604079026,131.74378967285156
12.58652973242132,43.026677475484604,131.74378967285156
12.586526381939859,43.02667737414934,131.74378967285156
12.586523152019103,43.02667727978736,131.74378967285156
12.58651972621063,43.026677223153044,131.74378967285156
12.586516437157945,43.026677187327195,131.74378967285156
12.586512962295524,43.02667717097341,131.74378967285156
12.58650964910258,43.0266771725497,131.74378967285156
12.586506166880895,43.02667722471223,131.74378967285156
12.586502855750425,43.02667730695238,131.74378967285156
12.586499347443194,43.026677420426644,131.74378967285156
12.586496046367257,43.026677571568605,131.74378967285156
12.586492593770133,43.02667776890212,131.74378967285156
12.586489301459693,43.02667799561934,131.74378967285156
12.586485836323698,43.02667827283715,131.74378967285156
12.586482545935105,43.02667861077559,131.74378967285156
12.586479101330054,43.02667904106285,131.74378967285156
12.586475850409627,43.02667951079968,131.74378967285156
12.586472449163313,43.02668006209989,131.74378967285156
12.586469247414039,43.026680653654914,131.74378967285156
12.586465924025948,43.0266813566025,131.74378967285156
12.586462824228294,43.026682112920504,131.74378967285156
12.586459606401142,43.026683003589774,131.74378967285156
12.586456610383195,43.026683932894755,131.74378967285156
12.586453530600863,43.02668500385839,131.74378967285156
12.586450651253056,43.02668610402582,131.74378967285156
12.586447699531332,43.02668734577479,131.74378967285156
12.586444975524973,43.026688601573106,131.74378967285156
12.586442232347022,43.026690003741734,131.74378967285156
12.586439648822939,43.026691406510025,131.74378967285156
12.586436979097005,43.02669296397544,131.74378967285156
12.586434513836782,43.026694539011096,131.74378967285156
12.586431922437807,43.02669620655835,131.74378967285156
12.586429498426982,43.02669784690639,131.74378967285156
12.58642704188541,43.02669963991268,131.74378967285156
12.586424846668077,43.026701418689704,131.74378967285156
12.586422613435676,43.02670328265379,131.74378967285156
12.586420594231347,43.02670507208775,131.74378967285156
12.586418565792767,43.02670699415107,131.74378967285156
12.586416670664693,43.02670877300945,131.74378967285156
12.586414710521964,43.02671062940915,131.74378967285156
12.58641288842407,43.02671238513751,131.74378967285156
12.586411082075946,43.02671423482093,131.74378967285156
12.586409392491703,43.02671596803176,131.74378967285156
12.586407661189325,43.02671775595367,131.74378967285156
12.58640603830721,43.02671941695166,131.74378967285156
12.586404410737675,43.02672114367323,131.74378967285156
12.586402947462586,43.02672276401376,131.74378967285156
12.586401540249181,43.02672445137571,131.74378967285156
12.586400348563828,43.0267260582537,131.74378967285156
12.586399242799065,43.0267277439109,131.74378967285156
12.586398306203645,43.02672933916389,131.74378967285156
12.586397388545437,43.026730989582035,131.74378967285156
12.586396606728966,43.026732539979896,131.74378967285156
12.586395892833373,43.02673414803151,131.74378967285156
12.58639533596671,43.026735679869674,131.74378967285156
12.586394908332501,43.026737289634646,131.74378967285156
12.586394633649142,43.02673882333176,131.74378967285156
12.586394502869892,43.026740423459195,131.74378967285156
12.586394525744605,43.02674190920432,131.74378967285156
12.58639466214887,43.026743434942986,131.74378967285156
12.586394885973704,43.0267448518591,131.74378967285156
12.586395228718658,43.026746309349164,131.74378967285156
12.58639571841456,43.02674765409315,131.74378967285156
12.586396348780243,43.02674903943891,131.74378967285156
12.58639707191017,43.02675033059616,131.74378967285156
12.586398018396146,43.026751615199885,131.74378967285156
12.58639896267903,43.02675282347663,131.74378967285156
12.586400052506624,43.026754043393346,131.74378967285156
12.58640119272409,43.02675512895025,131.74378967285156
12.586402537501016,43.02675619403063,131.74378967285156
12.586403864746947,43.02675712429716,131.74378967285156
12.586405326006503,43.02675802339169,131.74378967285156
12.586406768047588,43.026758838721214,131.74378967285156
12.58640830289979,43.02675964249,131.74378967285156
12.586409800205677,43.02676033892899,131.74378967285156
12.58641142027537,43.02676099213622,131.74378967285156
12.586413010204884,43.02676153595443,131.74378967285156
12.58641474014794,43.02676203905092,131.74378967285156
12.586416433341542,43.02676243581243,131.74378967285156
12.586418260501897,43.026762784813606,131.74378967285156
12.586420028694377,43.02676302317075,131.74378967285156
12.58642191458823,43.02676318563247,131.74378967285156
12.586423701108556,43.026763271454506,131.74378967285156
12.586425533753193,43.0267633108098,131.74378967285156
12.58642729983632,43.02676325597872,131.74378967285156
12.586429161449274,43.02676310921647,131.74378967285156
12.586430897345346,43.02676291635474,131.74378967285156
12.58643275014593,43.02676258561658,131.74378967285156
12.586434506854188,43.026762177890724,131.74378967285156
12.58643634681121,43.026761648404516,131.74378967285156
12.586438080926053,43.02676106171749,131.74378967285156
12.586439875696241,43.02676037207075,131.74378967285156
12.586441565186748,43.02675963202729,131.74378967285156
12.58644333441044,43.026758759028965,131.74378967285156
12.586445001870038,43.02675787624321,131.74378967285156
12.58644678417169,43.02675692514462,131.74378967285156
12.586448527239554,43.02675603135927,131.74378967285156
12.586450394664942,43.02675510095564,131.74378967285156
12.586452225387749,43.02675423053805,131.74378967285156
12.586454196639714,43.026753321510434,131.74378967285156
12.58645607386183,43.026752467084684,131.74378967285156
12.586458116737735,43.026751547530765,131.74378967285156
12.586460098348919,43.02675065604341,131.74378967285156
12.586462219551779,43.02674969497749,131.74378967285156
12.58646428239613,43.02674877705551,131.74378967285156
12.586466456379453,43.02674780571386,131.74378967285156
12.586468545239041,43.026746878998175,131.74378967285156
12.58647075794054,43.02674590952191,131.74378967285156
12.586472902533679,43.02674497000547,131.74378967285156
12.58647519731208,43.02674396579774,131.74378967285156
12.586477412216674,43.026743005959,131.74378967285156
12.586479793431295,43.02674198927176,131.74378967285156
12.586482074569279,43.02674103627566,131.74378967285156
12.586484502798829,43.0267400378376,131.74378967285156
12.586486838920374,43.02673910133235,131.74378967285156
12.586489362023517,43.02673816629203,131.74378967285156
12.586491821283861,43.02673731410006,131.74378967285156
12.586494475916306,43.02673646581024,131.74378967285156
12.586497064713788,43.02673572191397,131.74378967285156
12.586499839367885,43.026735013976364,131.74378967285156
12.586502542491797,43.0267344363851,131.74378967285156
12.586505457628178,43.026733973416036,131.74378967285156
12.586508276015998,43.026733642211084,131.74378967285156
12.586511283869747,43.026733457637725,131.74378967285156
12.586514182717297,43.026733448355806,131.74378967285156
12.586517253288841,43.02673366224879,131.74378967285156
12.586520132331971,43.026734054812735,131.74378967285156
12.586523083280266,43.02673470838203,131.74378967285156
12.586525794607113,43.02673556398364,131.74378967285156
12.586528514933814,43.02673661625909,131.74378967285156
12.58653097550657,43.02673776790373,131.74378967285156
12.586533436805874,43.02673911055108,131.74378967285156
12.586535684592729,43.02674052552261,131.74378967285156
12.586537907887752,43.0267420938763,131.74378967285156
12.58653987932714,43.02674368006365,131.74378967285156
12.586541818727934,43.02674552656674,131.74378967285156
12.586543465679949,43.02674729875816,131.74378967285156
12.586545002852336,43.026749255221006,131.74378967285156
12.586546276028656,43.02675119452694,131.74378967285156
12.58654747788572,43.02675336593207,131.74378967285156
12.586548378926938,43.026755415761016,131.74378967285156
12.586549127954797,43.026757611480534,131.74378967285156
12.58654968306367,43.02675981018554,131.74378967285156
12.586550112432237,43.02676208183904,131.74378967285156
12.586550409146533,43.02676428318257,131.74378967285156
12.586550603534219,43.02676662728342,131.74378967285156
12.58655063864302,43.02676892292682,131.74378967285156
12.586550563761271,43.02677130505302,131.74378967285156
12.586550378303045,43.02677357420342,131.74378967285156
12.586550052643803,43.02677606651909,131.74378967285156
12.586549772476113,43.02677835502271,131.74378967285156
12.586549564565185,43.02678077145993,131.74378967285156
12.586549468847894,43.026783079222106,131.74378967285156
12.586549435989026,43.02678556388075,131.74378967285156
12.586549452441918,43.02678787157105,131.74378967285156
12.58654949830843,43.02679030550211,131.74378967285156
12.586549551627964,43.02679269795757,131.74378967285156
12.5865496170645,43.02679511564082,131.74378967285156
12.586549685008812,43.02679739038472,131.74378967285156
12.58654975185157,43.026799741510224,131.74378967285156
12.586549863060855,43.02680197832622,131.74378967285156
12.586549943637786,43.02680426644592,131.74378967285156
12.586550028761522,43.02680641034341,131.74378967285156
12.586550173017198,43.02680868667108,131.74378967285156
12.586550292359181,43.026810761541476,131.74378967285156
12.586550448380313,43.0268128871159,131.74378967285156
12.5865506239949,43.026814868728344,131.74378967285156
12.586550907115699,43.0268169210812,131.74378967285156
12.586551127963983,43.02681882977406,131.74378967285156
12.586551359991773,43.02682079330597,131.74378967285156
12.586551658159209,43.026822620384046,131.74378967285156
12.58655184776576,43.02682448769554,131.74378967285156
12.586552027411528,43.0268262425434,131.74378967285156
12.586552219666483,43.02682807282602,131.74378967285156
12.586552455092669,43.02682980279832,131.74378967285156
12.586552636730591,43.026831614545806,131.74378967285156
12.586552806134323,43.026833330187436,131.74378967285156
12.586553022670168,43.02683511615832,131.74378967285156
12.5865531930817,43.026836800850134,131.74378967285156
12.586553378469572,43.02683855602005,131.74378967285156
12.586553562709025,43.0268402070475,131.74378967285156
12.586553813322489,43.02684192001526,131.74378967285156
12.586554005929,43.02684354398699,131.74378967285156
12.586554205332282,43.026845246719716,131.74378967285156
12.586554440828781,43.02684684642312,131.74378967285156
12.586554626826018,43.02684853914568,131.74378967285156
12.58655480928425,43.026850141311996,131.74378967285156
12.586555010046894,43.02685182450412,131.74378967285156
12.58655546428235,43.026855093904985,131.74378967285156
12.586555717848917,43.026856684197874,131.74378967285156
12.586556066406262,43.02685835878477,131.74378967285156
12.586556429471202,43.02685993819156,131.74378967285156
12.586556866175671,43.0268615955016,131.74378967285156
12.586557329575063,43.02686317134466,131.74378967285156
12.586557918831963,43.02686484284969,131.74378967285156
12.58655850987008,43.026866408436284,131.74378967285156
12.586559198266123,43.02686802893528,131.74378967285156
12.586559977996753,43.02686953494917,131.74378967285156
12.586560813531248,43.02687110885401,131.74378967285156
12.586561699479068,43.02687258924924,131.74378967285156
12.586562753213467,43.02687412732822,131.74378967285156
12.58656391691498,43.02687556682182,131.74378967285156
12.586565252902986,43.02687702391139,131.74378967285156
12.586566629320075,43.026878371514485,131.74378967285156
12.58656820727323,43.02687972967602,131.74378967285156
12.586569757664293,43.0268809757768,131.74378967285156
12.586571472021673,43.02688221887923,131.74378967285156
12.586573203230365,43.02688333572164,131.74378967285156
12.586575146662465,43.026884448987474,131.74378967285156
12.586577082430615,43.02688542666844,131.74378967285156
12.5865792134068,43.02688637020261,131.74378967285156
12.586581332640966,43.026887165614596,131.74378967285156
12.586583653387766,43.0268879111899,131.74378967285156
12.586585948002133,43.026888520914795,131.74378967285156
12.586588441785413,43.02688905718896,131.74378967285156
12.586590903553535,43.02688944621473,131.74378967285156
12.586593512530406,43.02688977597621,131.74378967285156
12.586596036078854,43.026889985037435,131.74378967285156
12.586598761538363,43.02689007296581,131.74378967285156
12.586601343749996,43.02689006955194,131.74378967285156
12.58660407724844,43.02688995684436,131.74378967285156
12.586606683787824,43.02688975848711,131.74378967285156
12.586609425372073,43.026889446595646,131.74378967285156
12.586612013864842,43.026889061099254,131.74378967285156
12.586614704731081,43.0268885459847,131.74378967285156
12.586617251833829,43.02688792220607,131.643798828125
12.58661986486528,43.0268871526354,131.643798828125
12.586622292602604,43.02688629925689,131.643798828125
12.586624756503442,43.02688527699055,131.643798828125
12.58662701483701,43.02688417593645,131.643798828125
12.586629249006878,43.026882919517035,131.643798828125
12.586631260359745,43.02688163208624,131.643798828125
12.586633259665911,43.026880153434284,131.643798828125
12.586635034795725,43.02687868925145,131.643798828125
12.586636760121584,43.02687706960478,131.643798828125
12.586638274770884,43.02687546246119,131.643798828125
12.586639687866997,43.026873710480736,131.643798828125
12.586640914614325,43.026871997264514,131.74378967285156
12.58664205140987,43.02687015287528,131.74378967285156
12.58664298549749,43.02686837588868,131.74378967285156
12.586643866101534,43.026866454566374,131.74378967285156
12.586644580817415,43.02686458805369,131.74378967285156
12.586645199651908,43.02686258654297,131.74378967285156
12.586645644137427,43.026860662344404,131.74378967285156
12.586645989507234,43.02685860492967,131.74378967285156
12.58664619181667,43.0268566257887,131.74378967285156
12.586646284276185,43.026854529599035,131.74378967285156
12.586646294307263,43.0268525395013,131.74378967285156
12.586646294166652,43.02685045779361,131.74378967285156
12.58664633743166,43.02684847893535,131.74378967285156
12.58664641275868,43.02684638970397,131.74378967285156
12.586646537186525,43.02684441322405,131.74378967285156
12.586646699535677,43.02684233543347,131.74378967285156
12.586646843275734,43.02684034629627,131.74378967285156
12.586647008718597,43.026838275895514,131.74378967285156
12.586647178473894,43.02683629461395,131.74378967285156
12.586647363252409,43.02683419620497,131.74378967285156
12.58664756553847,43.02683217868368,131.74378967285156
12.586647768105776,43.026830061015595,131.74378967285156
12.586647968048124,43.02682803240914,131.74378967285156
12.586648167802982,43.02682588426899,131.74378967285156
12.586648430088166,43.02682382736504,131.643798828125
12.586648762122316,43.02682165194803,131.643798828125
12.586649134726176,43.02681957673175,131.643798828125
12.586649615633123,43.02681739198778,131.643798828125
12.586650145992465,43.0268153284104,131.643798828125
12.586650805373333,43.02681316518646,131.643798828125
12.58665156054184,43.02681109688562,131.643798828125
12.586652446583404,43.026808954590095,131.643798828125
12.586653410998814,43.026806940569905,131.643798828125
12.586654576153435,43.02680486524656,131.643798828125
12.586655867915555,43.02680293358216,131.643798828125
12.586657375158845,43.02680095456972,131.643798828125
12.586658971510193,43.02679912981965,131.643798828125
12.586660907067435,43.0267972679673,131.643798828125
12.5866628425778,43.026795590379955,131.643798828125
12.586665042693603,43.026793927202846,131.643798828125
12.586667289472771,43.026792451767776,131.643798828125
12.586669888817019,43.02679103569552,131.643798828125
12.586672446888437,43.026789841560266,131.643798828125
12.586675283229148,43.026788772519986,131.643798828125
12.586678151913112,43.02678793244029,131.643798828125
12.58668118927425,43.026787240530986,131.643798828125
12.586684136050785,43.02678674827889,131.643798828125
12.586687276629123,43.026786410975006,131.74378967285156
12.586690324279147,43.02678626339955,131.74378967285156
12.586693499005397,43.0267862858197,131.74378967285156
12.58669651029266,43.02678648997504,131.74378967285156
12.586699704038141,43.026786896596896,131.74378967285156
12.586702611416767,43.026787466335314,131.74378967285156
12.586705557595579,43.0267882542869,131.643798828125
12.58670823103625,43.0267891708854,131.643798828125
12.586710988651447,43.02679031069304,131.643798828125
12.586713355206049,43.0267915319698,131.643798828125
12.586715668523157,43.02679294960986,131.643798828125
12.58671782761209,43.02679444742335,131.643798828125
12.58671980243813,43.026796083534116,131.643798828125
12.586721501725291,43.02679773733507,131.643798828125
12.586723072986999,43.02679957643655,131.643798828125
12.586724378155006,43.02680145639252,131.643798828125
12.586725506642061,43.02680347223745,131.643798828125
12.586726413413661,43.02680544809739,131.643798828125
12.586727299888684,43.026807631707904,131.643798828125
12.586727807443538,43.02680968547322,131.643798828125
12.586728071978568,43.026811872210565,131.643798828125
12.586728100712424,43.02681395154849,131.643798828125
12.586727945335747,43.02681620485107,131.643798828125
12.586727596215862,43.02681825377407,131.643798828125
12.586727041177165,43.02682037910381,131.643798828125
12.586726364956675,43.02682244095659,131.643798828125
12.586725476489349,43.02682449526374,131.643798828125
12.58672448723056,43.02682641749275,131.643798828125
12.58672331714244,43.026828401785814,131.643798828125
12.586722096699612,43.02683028025216,131.643798828125
12.586720805511755,43.02683225255691,131.643798828125
12.586719537561832,43.02683411654132,131.643798828125
12.586718159785406,43.02683611322523,131.643798828125
12.586716770348984,43.02683794453259,131.643798828125
12.586715219079025,43.02683984166792,131.643798828125
12.586713646985169,43.02684162528082,131.643798828125
12.586711980791161,43.02684352482873,131.643798828125
12.586710313565945,43.026845281365574,131.643798828125
12.586708579837829,43.02684714090069,131.643798828125
12.586707047704369,43.026848988825805,131.643798828125
12.586705424880844,43.026850905708436,131.643798828125
12.586703908544012,43.02685274535171,131.643798828125
12.586702332278382,43.02685469487339,131.643798828125
12.586700869003263,43.0268565752234,131.643798828125
12.586699311042045,43.026858560268956,131.643798828125
12.586697823239936,43.026860461343894,131.643798828125
12.586696365941284,43.02686248546207,131.643798828125
12.586694881303194,43.026864377704776,131.643798828125
12.586693329412203,43.02686636257042,131.643798828125
12.586691872277616,43.02686826985622,131.643798828125
12.586690462720444,43.02687030555227,131.643798828125
12.586689038163495,43.02687225282733,131.643798828125
12.586687545802862,43.0268742971286,131.643798828125
12.58668621239299,43.02687623345544,131.643798828125
12.58668469896235,43.02687826614458,131.643798828125
12.586683249327638,43.02688020921768,131.643798828125
12.58668172150659,43.02688227349647,131.643798828125
12.58668032882416,43.02688427763716,131.643798828125
12.586678785909589,43.02688638520337,131.643798828125
12.586677307892488,43.026888401727184,131.643798828125
12.586675831937853,43.02689055314196,131.643798828125
12.586674326358663,43.026892585269984,131.643798828125
12.586672731319867,43.02689473315529,131.643798828125
12.586671215334581,43.02689678792077,131.643798828125
12.586669721919275,43.02689899413661,131.643798828125
12.586668207410531,43.02690107619982,131.643798828125
12.58666660794211,43.02690327585785,131.643798828125
12.586665155729314,43.026905397079354,131.643798828125
12.586663532003444,43.026907610195636,131.643798828125
12.586661984612373,43.02690972141983,131.643798828125
12.586660352121008,43.02691193860529,131.643798828125
12.586658830979552,43.026914072479784,131.643798828125
12.586657161832482,43.02691630590767,131.643798828125
12.586655584934048,43.02691842363396,131.643798828125
12.586653978950107,43.026920685777355,131.643798828125
12.586652437910525,43.02692279025956,131.643798828125
12.586650873644748,43.02692500350436,131.643798828125
12.586649489868504,43.026927128983516,131.643798828125
12.58664823143418,43.02692940577595,131.643798828125
12.586647233855368,43.02693161355523,131.643798828125
12.586646442218811,43.02693398506088,131.643798828125
12.58664596977283,43.0269362737353,131.74378967285156
12.586645737393596,43.026938689316516,131.74378967285156
12.586645770580734,43.02694098913618,131.74378967285156
12.586646068607685,43.026943401376386,131.74378967285156
12.5866466344744,43.026945674639336,131.74378967285156
12.586647439821915,43.02694802095034,131.74378967285156
12.586648417713738,43.02695020688454,131.74378967285156
12.58664972264753,43.0269524504468,131.74378967285156
12.586650954058943,43.02695457379283,131.74378967285156
12.58665226623476,43.026956810467496,131.74378967285156
12.586653503294496,43.026958958348516,131.74378967285156
12.586654910695463,43.02696123953566,131.74378967285156
12.58665617637198,43.02696343754889,131.74378967285156
12.586657508774055,43.02696577946523,131.74378967285156
12.58665884323858,43.02696805016675,131.643798828125
12.586660152836277,43.02697040026426,131.643798828125
12.586661356943361,43.02697264661928,131.643798828125
12.58666258727662,43.02697502227977,131.643798828125
12.586663758712325,43.026977334838094,131.643798828125
12.586664956397637,43.026979717848796,131.643798828125
12.586666079857492,43.02698198657997,131.643798828125
12.586667297323753,43.026984426439164,131.643798828125
12.586668362542284,43.02698671067604,131.643798828125
12.586669447612083,43.026989117296516,131.643798828125
12.5866704707375,43.026991404771586,131.643798828125
12.586671574041425,43.02699384714938,131.643798828125
12.586672630072615,43.02699611581202,131.643798828125
12.586673749126303,43.026998485784226,131.643798828125
12.586674815938586,43.0270007548752,131.643798828125
12.58667599960852,43.02700312183193,131.643798828125
12.586677194973612,43.02700535710165,131.643798828125
12.586678551609754,43.02700768504571,131.643798828125
12.586679928472165,43.02700988899564,131.643798828125
12.58668151987826,43.027012157915266,131.643798828125
12.586683156564938,43.02701427280597,131.643798828125
12.586684980514459,43.02701645662418,131.643798828125
12.586686880025363,43.02701844638994,131.643798828125
12.58668902297796,43.02702045313485,131.643798828125
12.586691200336308,43.027022277203855,131.643798828125
12.586693630487762,43.02702410326034,131.643798828125
12.586696076306945,43.02702573798857,131.643798828125
12.586698776266875,43.02702733829587,131.643798828125
12.586701471773749,43.027028720992355,131.643798828125
12.586704407581735,43.027030072831636,131.643798828125
12.586707303628593,43.02703123928796,131.643798828125
12.586710452081851,43.027032338461574,131.643798828125
12.586713568812916,43.02703323895671,131.643798828125
12.58671689752129,43.02703407497903,131.643798828125
12.586720125871778,43.027034744739204,131.643798828125
12.586723633182958,43.02703528378896,131.643798828125
12.586726963543642,43.027035693721714,131.643798828125
12.586730500948121,43.02703598097959,131.643798828125
12.586733894237545,43.02703610125571,131.643798828125
12.586737490305191,43.02703602170544,131.643798828125
12.586740883453967,43.02703580157594,131.643798828125
12.586744412116339,43.02703538245958,131.643798828125
12.586747718571067,43.02703477138104,131.643798828125
12.58675111525882,43.027033963268835,131.643798828125
12.586754256317557,43.02703302765016,131.643798828125
12.586757442059207,43.027031874112275,131.643798828125
12.586760350152634,43.02703059532952,131.643798828125
12.58676326286317,43.027029134025064,131.643798828125
12.586765885023336,43.027027609155844,131.643798828125
12.58676844556722,43.02702585377439,131.643798828125
12.586770729095688,43.027024087016386,131.643798828125
12.586772930254279,43.02702211587451,131.643798828125
12.586774821397944,43.02702015182585,131.643798828125
12.586776527282646,43.027018024187875,131.643798828125
12.586778032310963,43.02701590223818,131.643798828125
12.58677943930168,43.02701359218131,131.643798828125
12.5867805754058,43.02701133830473,131.643798828125
12.58678164804212,43.027008918217426,131.643798828125
12.586782544243576,43.02700658167238,131.643798828125
12.586783385531799,43.02700409867139,131.643798828125
12.58678408556432,43.02700171634601,131.643798828125
12.586784747499758,43.026999200774505,131.643798828125
12.586785321463855,43.02699679489076,131.643798828125
12.586785928450922,43.026994234584045,131.643798828125
12.586786494997206,43.026991812132344,131.643798828125
12.58678710879278,43.02698926481271,131.643798828125
12.586787697170747,43.026986847106954,131.643798828125
12.586788298157895,43.02698431315134,131.643798828125
12.586788798869165,43.02698188696456,131.643798828125
12.586789217983974,43.02697931197454,131.643798828125
12.586789515331056,43.026976827825614,131.643798828125
12.5867896863519,43.026974200236175,131.643798828125
12.586789730495719,43.02697169729194,131.643798828125
12.586789640403248,43.026969071732815,131.643798828125
12.586789451804417,43.026966582118355,131.643798828125
12.586789075638054,43.02696397284448,131.643798828125
12.586788558602693,43.02696149821313,131.643798828125
12.586787837886776,43.02695891708939,131.643798828125
12.586787089702565,43.02695646571659,131.643798828125
12.586786307804042,43.02695388650319,131.643798828125
12.58678560452545,43.02695141784282,131.643798828125
12.58678491052795,43.02694884481458,131.643798828125
12.586784241350392,43.02694637618847,131.643798828125
12.58678354340373,43.026943798594196,131.643798828125
12.58678287327697,43.02694139684818,131.643798828125
12.586782151752548,43.02693886567674,131.643798828125
12.586781467821314,43.026936473139905,131.643798828125
12.586780749343717,43.026933971909024,131.643798828125
12.58678009804871,43.02693160290486,131.643798828125
12.586779388102226,43.02692913743986,131.643798828125
12.586778702038204,43.02692680187144,131.643798828125
12.586777990802684,43.02692436101852,131.643798828125
12.586777312918237,43.02692203853999,131.643798828125
12.586776633639285,43.02691960955194,131.643798828125
12.586776010152466,43.02691732546927,131.643798828125
12.586775429040012,43.02691492930873,131.643798828125
12.586774820892801,43.026912689078905,131.643798828125
12.586774180730442,43.02691034694841,131.643798828125
12.58677362999254,43.02690811562793,131.643798828125
12.586773015868863,43.02690576704672,131.643798828125
12.586772441225065,43.0269035164512,131.643798828125
12.586771851382283,43.02690113031366,131.643798828125
12.586771344225765,43.02689885348696,131.643798828125
12.586770790148071,43.026896454983415,131.643798828125
12.586770268319892,43.02689416253537,131.643798828125
12.586769759487611,43.02689174422139,131.643798828125
12.586769240518763,43.02688944586235,131.643798828125
12.586768695241714,43.02688703509989,131.643798828125
12.586768184042281,43.02688474496486,131.643798828125
12.586767700404934,43.0268823222733,131.643798828125
12.586767182854029,43.02688002509217,131.643798828125
12.586766621592833,43.026877609905014,131.643798828125
12.586766129834517,43.02687529221526,131.643798828125
12.586765574209968,43.02687285991616,131.643798828125
12.586765045889692,43.02687054201224,131.643798828125
12.586764476402058,43.02686810869371,131.643798828125
12.586763950882526,43.02686579104679,131.643798828125
12.58676339216428,43.026863372854876,131.643798828125
12.586762886566337,43.02686107127262,131.643798828125
12.586762383581627,43.026858629995644,131.643798828125
12.58676189412015,43.026856316824805,131.643798828125
12.586761377096579,43.02685388115686,131.643798828125
12.586760871803303,43.02685156633052,131.643798828125
12.586760350385264,43.02684911694948,131.643798828125
12.58675980258871,43.02684681479111,131.643798828125
12.586759195953185,43.02684440607287,131.643798828125
12.586758617207877,43.02684211600746,131.643798828125
12.586757989701578,43.02683974428978,131.643798828125
12.586757388198796,43.026837497895166,131.643798828125
12.586756749899688,43.026835146331685,131.643798828125
12.586756139514236,43.0268329153694,131.643798828125
12.58675553121469,43.02683056525369,131.643798828125
12.58675496535982,43.026828328401585,131.643798828125
12.586754374145952,43.026825964383434,131.643798828125
12.586753800533382,43.02682372041077,131.643798828125
12.586753187921394,43.0268213594151,131.643798828125
12.5867526038207,43.02681911800895,131.643798828125
12.586751981693231,43.02681676622274,131.643798828125
12.586751409018154,43.0268145307956,131.643798828125
12.586750816937114,43.02681218008237,131.643798828125
12.586750247683852,43.02680995028889,131.643798828125
12.58674963884524,43.02680762740344,131.643798828125
12.586749045533736,43.02680542247262,131.643798828125
12.58674839304341,43.02680311470094,131.643798828125
12.586747724908772,43.02680093261532,131.643798828125
12.586746862327772,43.026798650370225,131.643798828125
12.58674582137829,43.02679652968631,131.643798828125
12.586744482964464,43.02679438295757,131.643798828125
12.586742873101565,43.02679247690223,131.643798828125
12.586740923892172,43.02679062910782,131.643798828125
12.586738896215223,43.02678902173837,131.643798828125
12.586736690662027,43.02678747734045,131.643798828125
12.586734490897813,43.026786139171975,131.643798828125
12.586732119104907,43.02678485891211,131.643798828125
12.586729790002785,43.026783781254764,131.643798828125
12.58672731580128,43.026782614067535,131.643798828125
12.58672498951165,43.02678147571281,131.643798828125
12.586722600012042,43.02678022656948,131.643798828125
12.586720407947006,43.02677903107303,131.643798828125
12.58671825113146,43.026777617629506,131.643798828125
12.586716321902376,43.02677619648046,131.643798828125
12.586714419391654,43.0267746610191,131.643798828125
12.58671275782657,43.02677309634001,131.643798828125
12.5867111778345,43.02677135805766,131.643798828125
12.586709841061483,43.0267696180882,131.643798828125
12.586708587279418,43.02676768931446,131.643798828125
12.586707613653347,43.026765792206945,131.643798828125
12.58670679986865,43.0267637314726,131.643798828125
12.586706182288074,43.026761673891876,131.643798828125
12.586705797895442,43.02675952392593,131.643798828125
12.586705655104694,43.02675746544465,131.643798828125
12.586705764157866,43.026755303208034,131.643798828125
12.586706137933684,43.0267532193951,131.643798828125
12.586706885813332,43.02675111654701,131.54379272460938
12.586707948922676,43.02674920382143,131.54379272460938
12.58670942679928,43.026747267916576,131.54379272460938
12.586711149230823,43.02674567208754,131.54379272460938
12.586713237422531,43.026744222339694,131.54379272460938
12.586715414780864,43.026743057986536,131.54379272460938
12.586717857377419,43.02674199256141,131.54379272460938
12.586720249689547,43.02674125449913,131.54379272460938
12.58672281369052,43.02674071096047,131.54379272460938
12.586725357383186,43.026740329075075,131.54379272460938
12.586727979273897,43.02674020191565,131.54379272460938
12.586730431303835,43.026740293579216,131.54379272460938
12.586732917833244,43.02674061665883,131.54379272460938
12.586735208615545,43.02674110942723,131.54379272460938
12.586737420555258,43.026741854086026,131.54379272460938
12.586739346280462,43.02674273423759,131.54379272460938
12.586741234459335,43.026743799088905,131.54379272460938
12.586742724909744,43.026744975120735,131.54379272460938
12.586744046378284,43.02674632996916,131.54379272460938
12.586745073183234,43.02674770032327,131.54379272460938
12.586746009005168,43.02674924240506,131.54379272460938
12.586746585383228,43.02675070319331,131.54379272460938
12.58674696467828,43.02675224500738,131.54379272460938
12.586747202377774,43.02675374174784,131.54379272460938
12.586747085109893,43.02675528573354,131.54379272460938
12.586746757681082,43.02675674483414,131.54379272460938
12.586746203990025,43.02675826346674,131.54379272460938
12.58674553201168,43.0267597060572,131.54379272460938
12.586744708723097,43.02676117364311,131.54379272460938
12.586743890168858,43.02676258192297,131.54379272460938
12.586743094606481,43.02676414325301,131.54379272460938
12.586742353910479,43.02676562635962,131.54379272460938
12.58674162426509,43.026767221432735,131.54379272460938
12.58674096953655,43.02676877241422,131.54379272460938
12.586740312417422,43.02677046637843,131.54379272460938
12.586739681102596,43.02677206005304,131.54379272460938
12.586739027159204,43.026773750486164,131.54379272460938
12.586738465417572,43.02677539499519,131.54379272460938
12.586737888172273,43.02677713572063,131.54379272460938
12.58673739303903,43.026778819371664,131.54379272460938
12.586736937198177,43.026780617142855,131.54379272460938
12.586736618042792,43.026782355794865,131.54379272460938
12.586736322195652,43.026784186732534,131.54379272460938
12.586736104429386,43.02678594861499,131.54379272460938
12.58673606830105,43.026787834541366,131.54379272460938
12.586736024438464,43.02678964508151,131.54379272460938
12.586736084589958,43.02679157135856,131.54379272460938
12.586736248497722,43.026793425164705,131.54379272460938
12.586736689233403,43.026795412281245,131.643798828125
12.586737068891871,43.026797289188515,131.643798828125
12.586737568642297,43.02679926625634,131.643798828125
12.586738280358313,43.02680118559117,131.643798828125
12.586738945446115,43.02680317775991,131.643798828125
12.586739648830223,43.0268050741446,131.643798828125
12.586740487142029,43.02680706807593,131.643798828125
12.586741519407987,43.02680898201161,131.643798828125
12.586742616407365,43.026810978636085,131.643798828125
12.586743787468137,43.026812861361186,131.643798828125
12.586745306148737,43.0268148459527,131.643798828125
12.586746691530529,43.02681667889254,131.643798828125
12.586748233824046,43.02681857643907,131.54379272460938
12.586749774711336,43.0268203725711,131.54379272460938
12.586751613637164,43.026822270159926,131.54379272460938
12.58675330591674,43.026824040486964,131.54379272460938
12.586755167459422,43.026825873044245,131.54379272460938
12.586757113399287,43.026827593824144,131.54379272460938
12.586759131924003,43.02682933618792,131.54379272460938
12.586761123027259,43.026830952805014,131.54379272460938
12.586763295920779,43.02683261270057,131.54379272460938
12.586765488278854,43.026834173354885,131.54379272460938
12.586767832708883,43.02683578447338,131.54379272460938
12.586770116741368,43.02683728697011,131.54379272460938
12.586772616536258,43.026838857894816,131.54379272460938
12.586774966485724,43.026840320701574,131.54379272460938
12.586777478374195,43.02684182591126,131.54379272460938
12.58677992349023,43.026843206061315,131.54379272460938
12.58678261480183,43.026844568679664,131.54379272460938
12.586785215692894,43.02684582712396,131.54379272460938
12.586788019725464,43.02684709615454,131.54379272460938
12.586790710615185,43.02684826817067,131.54379272460938
12.586793600714829,43.02684945613152,131.54379272460938
12.586796399128337,43.026850536503446,131.54379272460938
12.586799400238053,43.02685161724374,131.54379272460938
12.586802308929219,43.026852585415696,131.54379272460938
12.586805395602115,43.0268535582565,131.54379272460938
12.586808376813686,43.02685442222335,131.54379272460938
12.58681153971591,43.02685525330056,131.54379272460938
12.586814595299417,43.02685598303182,131.54379272460938
12.586817840067615,43.02685667688153,131.54379272460938
12.586820966700852,43.02685726478923,131.54379272460938
12.586824273759138,43.02685780606849,131.54379272460938
12.58682747411979,43.026858249582645,131.54379272460938
12.586830864807679,43.026858632890175,131.54379272460938
12.58683408224815,43.02685891217678,131.54379272460938
12.586837500627036,43.026859124009334,131.54379272460938
12.586840770030596,43.02685922401886,131.54379272460938
12.586844222267375,43.02685920688331,131.54379272460938
12.586847517615855,43.02685906202497,131.54379272460938
12.586850976042966,43.02685879916917,131.54379272460938
12.586854242059841,43.02685841900553,131.54379272460938
12.58685763559533,43.02685785750881,131.54379272460938
12.586860833861252,43.02685721551528,131.54379272460938
12.586864151530667,43.026856409356306,131.54379272460938
12.586867242215657,43.02685553306407,131.54379272460938
12.586870394188793,43.02685447894896,131.54379272460938
12.586873332072342,43.02685340274466,131.54379272460938
12.58687633865311,43.02685217116005,131.54379272460938
12.586879126143403,43.0268509088982,131.54379272460938
12.58688207574849,43.02684960008287,131.54379272460938
12.586884905498193,43.02684838823809,131.54379272460938
12.586887911289644,43.026847152543674,131.54379272460938
12.58689074621583,43.026845972231776,131.54379272460938
12.586893739736643,43.02684479058881,131.54379272460938
12.58689659000153,43.02684366735992,131.54379272460938
12.586899541748192,43.02684248134796,131.54379272460938
12.586902410140619,43.02684136199014,131.54379272460938
12.586905443747394,43.02684019463427,131.54379272460938
12.58690833988795,43.026839114221644,131.54379272460938
12.586911409864799,43.026838022131585,131.54379272460938
12.586914368537155,43.02683706120705,131.54379272460938
12.586917535696161,43.0268361437429,131.54379272460938
12.586920590608786,43.02683536810496,131.54379272460938
12.586923871552226,43.02683471076435,131.54379272460938
12.586927040126243,43.02683420779369,131.54379272460938
12.586930413933532,43.02683382528023,131.54379272460938
12.58693364730247,43.02683361805444,131.54379272460938
12.586937036824356,43.02683361051532,131.54379272460938
12.586940249984593,43.02683379863167,131.54379272460938
12.586943618767506,43.02683422856509,131.54379272460938
12.586946718708695,43.026834828833564,131.54379272460938
12.586949851212859,43.02683568494061,131.54379272460938
12.586952678884632,43.02683670448653,131.54379272460938
12.58695549954576,43.02683802451947,131.54379272460938
12.58695800593812,43.026839383532405,131.54379272460938
12.586960449091166,43.026840962989596,131.54379272460938
12.586962590411767,43.02684268181596,131.54379272460938
12.58696451664669,43.02684456303446,131.54379272460938
12.586966086997258,43.02684644696965,131.54379272460938
12.58696745317947,43.026848501889354,131.54379272460938
12.586968492627284,43.02685055876654,131.54379272460938
12.586969346890845,43.02685270478432,131.54379272460938
12.586969931099837,43.02685477763834,131.54379272460938
12.586970357840471,43.02685704538222,131.54379272460938
12.58697051106076,43.02685916090688,131.54379272460938
12.586970456652791,43.026861403164865,131.54379272460938
12.586970236198473,43.02686354331018,131.54379272460938
12.586969844786253,43.026865901280466,131.54379272460938
12.58696930561011,43.02686804380301,131.54379272460938
12.586968544072523,43.026870280567614,131.54379272460938
12.586967625041675,43.02687247141052,131.54379272460938
12.586966530591075,43.0268746396331,131.54379272460938
12.586965342936788,43.02687666142111,131.54379272460938
12.586963941986843,43.026878736249735,131.54379272460938
12.586962457662155,43.02688068721272,131.54379272460938
12.586960763580825,43.026882610321124,131.54379272460938
12.586959031663149,43.026884363299544,131.54379272460938
12.586957129530234,43.026886156652736,131.54379272460938
12.58695518473878,43.026887768259506,131.54379272460938
12.586953041077242,43.02688939704675,131.54379272460938
12.586950932814599,43.026890883982624,131.54379272460938
12.586948685929991,43.026892422785465,131.54379272460938
12.586946434141156,43.02689378546164,131.54379272460938
12.586943984988064,43.02689514863896,131.54379272460938
12.586941642963264,43.02689639085473,131.54379272460938
12.586939044550675,43.0268975815719,131.54379272460938
12.586936493949878,43.02689863205252,131.54379272460938
12.586933731846372,43.02689964821073,131.54379272460938
12.586931087139565,43.026900534416676,131.54379272460938
12.586928244116368,43.026901319175984,131.54379272460938
12.586925504117035,43.02690196934417,131.54379272460938
12.586922677994972,43.02690259014581,131.54379272460938
12.586919903094808,43.026903197155114,131.54379272460938
12.586916982292522,43.026903889497135,131.643798828125
12.586914219090435,43.02690459820151,131.643798828125
12.586911357657378,43.02690538961718,131.643798828125
12.586908601663678,43.02690612982978,131.74378967285156
12.586905700041765,43.026906915154534,131.8437957763672
12.586902955769562,43.02690772199023,131.9438018798828
12.586900046280823,43.02690851888857,131.9438018798828
12.586897266537225,43.02690929342787,132.04379272460938
12.586894334992662,43.02691012392475,132.143798828125
12.58689157487951,43.02691098574139,132.24378967285156
12.586888661248524,43.026911842006825,132.24378967285156
12.586885880070579,43.026912626569114,132.3437957763672
12.586883007841767,43.02691344980139,132.3437957763672
12.586880161461565,43.02691403823807,132.3437957763672
12.586877127177301,43.02691449350568,132.3437957763672
12.586874233915127,43.026914790272585,132.4438018798828
12.586871334138895,43.02691504549964,132.4438018798828
12.586868476679903,43.02691510372732,132.4438018798828
12.586865488169156,43.02691503261525,132.4438018798828
12.58686276261007,43.026914880548034,132.4438018798828
12.586859822946746,43.02691453148143,132.4438018798828
12.586857062841302,43.026914046881366,132.4438018798828
12.586854200614335,43.02691338740967,132.4438018798828
12.586851555526712,43.02691264078914,132.4438018798828
12.586848779677366,43.02691175160191,132.4438018798828
12.586846173416319,43.026910809806694,132.4438018798828
12.586843508629766,43.02690972398847,132.3437957763672
12.586840926116393,43.02690867271967,132.3437957763672
12.586838201492348,43.02690755274513,132.3437957763672
12.586835592066763,43.026906463723925,132.3437957763672
12.586832840299062,43.026905273195176,132.3437957763672
12.586830197232864,43.02690415347861,132.3437957763672
12.586827388354681,43.02690299760209,132.3437957763672
12.586824682717156,43.02690190128971,132.3437957763672
12.586821836111021,43.02690074702372,132.3437957763672
12.58681914333465,43.026899617091374,132.3437957763672
12.586816366905238,43.02689835854743,132.3437957763672
12.586813803425798,43.02689706908204,132.3437957763672
12.586811214499477,43.02689560315589,132.3437957763672
12.586808855257242,43.02689412582321,132.3437957763672
12.586806517389697,43.026892535770145,132.3437957763672
12.586804363210824,43.026890925306965,132.3437957763672
12.586802211785821,43.026889162930836,132.3437957763672
12.58680025770163,43.02688742672592,132.3437957763672
12.586798328068243,43.026885577929114,132.3437957763672
12.58679653684296,43.02688371294129,132.3437957763672
12.586794749654725,43.02688167073025,132.3437957763672
12.586793159731139,43.02687970386316,132.3437957763672
12.586791573768432,43.0268775371183,132.3437957763672
12.586790172215093,43.02687541874946,132.3437957763672
12.586788820559452,43.02687313068327,132.3437957763672
12.586787657971312,43.02687092206876,132.3437957763672
12.586786531265457,43.02686855072158,132.3437957763672
12.586785576541416,43.026866253788874,132.3437957763672
12.586784732452449,43.02686380918372,132.3437957763672
12.586784005912513,43.026861426382894,132.3437957763672
12.586783340133387,43.02685888739435,132.3437957763672
12.586782770727813,43.02685645908732,132.3437957763672
12.586782238247455,43.02685393491057,132.3437957763672
12.58678169912265,43.026851504639644,132.3437957763672
12.586781102377598,43.02684894792664,132.3437957763672
12.586780521382307,43.026846549519476,132.3437957763672
12.586779826072311,43.02684397631776,132.3437957763672
12.586779130797478,43.02684151711928,132.3437957763672
12.586778376074305,43.02683891697857,132.3437957763672
12.586777672924585,43.02683644221014,132.3437957763672
12.586776860780391,43.026833821178506,132.3437957763672
12.58677606792498,43.02683132332557,132.3437957763672
12.58677521901962,43.02682871515854,132.3437957763672
12.586774391020198,43.02682621444151,132.3437957763672
12.586773504779458,43.02682358667593,132.3437957763672
12.586772640757134,43.02682108832612,132.3437957763672
12.586771705825713,43.02681849373019,132.3437957763672
12.58677080294459,43.02681598408467,132.3437957763672
12.586769822662268,43.02681333560539,132.3437957763672
12.586768831130108,43.02681086857804,132.3437957763672
12.586767740048646,43.02680824225755,132.3437957763672
12.586766645041461,43.02680575304144,132.3437957763672
12.58676541885653,43.02680314678304,132.3437957763672
12.586764159414273,43.026800698106605,132.3437957763672
12.586762732220599,43.02679810523793,132.3437957763672
12.586761276140644,43.026795649655675,132.3437957763672
12.586759652215544,43.02679311635435,132.3437957763672
12.586758122378912,43.026790674046154,132.3437957763672
12.58675653698452,43.026788097266774,132.3437957763672
12.5867550463348,43.02678563869582,132.3437957763672
12.58675340900364,43.026783107048395,132.3437957763672
12.586751797265826,43.026780678945244,132.3437957763672
12.586749981636512,43.02677815857881,132.3437957763672
12.586748086895097,43.02677583780279,132.3437957763672
12.586745993641015,43.02677339623242,132.3437957763672
12.586743901722855,43.02677109996472,132.3437957763672
12.58674160126092,43.02676871146493,132.3437957763672
12.586739328560283,43.02676647492093,132.3437957763672
12.586736832995761,43.02676416856385,132.3437957763672
12.586734321740058,43.026762042111365,132.3437957763672
12.586731457919269,43.02675992431978,132.3437957763672
12.586728609473255,43.02675798631606,132.3437957763672
12.586725436821128,43.02675606267225,132.3437957763672
12.586722268375983,43.02675434561394,132.3437957763672
12.586718756658598,43.02675267287107,132.3437957763672
12.586715343013976,43.026751198907334,132.3437957763672
12.586711646213413,43.026749783830944,132.3437957763672
12.586707987381036,43.02674859757703,132.3437957763672
12.58670409765757,43.02674745764957,132.3437957763672
12.58670032781514,43.02674648269283,132.3437957763672
12.586696299648422,43.02674556756363,132.3437957763672
12.586692385714388,43.026744816471385,132.3437957763672
12.586688264994367,43.026744088749034,132.3437957763672
12.586684311498432,43.02674345081617,132.3437957763672
12.586680105771872,43.02674280982072,132.3437957763672
12.586676117799898,43.02674217124963,132.3437957763672
12.586671910292116,43.026741480925075,132.3437957763672
12.586667904484466,43.026740805305224,132.3437957763672
12.5866636254465,43.02674008961473,132.3437957763672
12.586659601100061,43.026739381137375,132.3437957763672
12.586655359280297,43.02673862744937,132.3437957763672
12.58665126602864,43.02673790157737,132.3437957763672
12.586647044364833,43.026737115682934,132.3437957763672
12.58664304432273,43.026736362371864,132.3437957763672
12.5866388448539,43.026735574575625,132.3437957763672
12.586634811671656,43.02673481273643,132.3437957763672
12.586630589445344,43.026734059618136,132.3437957763672
12.586626545786679,43.02673342681034,132.3437957763672
12.58662220569492,43.02673288182816,132.3437957763672
12.586618085701454,43.0267325503191,132.3437957763672
12.586613728524028,43.026732385873174,132.3437957763672
12.586609590319917,43.02673239508241,132.3437957763672
12.586605234595599,43.02673250398212,132.3437957763672
12.586601147203233,43.026732758768105,132.3437957763672
12.586596873649569,43.02673314727997,132.3437957763672
12.586592824061325,43.026733623206276,132.3437957763672
12.586588584444653,43.02673429616194,132.3437957763672
12.586584579293257,43.02673507096259,132.3437957763672
12.586580415870781,43.02673602505956,132.3437957763672
12.586576532780077,43.026737040254105,132.3437957763672
12.586572501215022,43.026738241062915,132.3437957763672
12.586568739505333,43.026739497490894,132.3437957763672
12.586564855524022,43.02674093658193,132.3437957763672
12.586561214750027,43.02674238929397,132.3437957763672
12.586557438532731,43.02674398207766,132.3437957763672
12.586553867367062,43.02674553198295,132.3437957763672
12.586550085501392,43.02674719958584,132.3437957763672
12.586546479367472,43.02674870503646,132.3437957763672
12.586542663330423,43.02675024032484,132.3437957763672
12.586539010439395,43.02675168402255,132.3437957763672
12.586535165012169,43.026753162162606,132.3437957763672
12.58653150586343,43.026754556126455,132.3437957763672
12.586527671334485,43.02675601063961,132.3437957763672
12.586524052357046,43.02675741385763,132.3437957763672
12.586520333068608,43.02675898784175,132.3437957763672
12.5865169009556,43.02676058573869,132.3437957763672
12.586513370383111,43.02676236280132,132.3437957763672
12.586510151735675,43.026764117503845,132.3437957763672
12.586506883307736,43.0267660372681,132.3437957763672
12.586503909039505,43.02676794236301,132.3437957763672
12.586500918013739,43.02677005891841,132.3437957763672
12.586498383215591,43.02677221861776,132.3437957763672
12.586496044000485,43.026774646431186,132.3437957763672
12.586494162231721,43.02677708006286,132.3437957763672
12.58649257825542,43.026779744432964,132.3437957763672
12.586491457537873,43.02678234288714,132.3437957763672
12.58649072451771,43.026785112040976,132.3437957763672
12.586490497271297,43.026787741357644,132.3437957763672
12.586490790517145,43.02679043506255,132.3437957763672
12.58649152222521,43.02679286213803,132.3437957763672
12.58649274691029,43.0267952114216,132.3437957763672
12.586494206951215,43.02679719383279,132.3437957763672
12.58649599473723,43.02679899976821,132.3437957763672
12.586497835631791,43.02680049407994,132.3437957763672
12.586499852258054,43.02680196781671,132.3437957763672
12.586501633973723,43.02680340592042,132.3437957763672
12.58650344831394,43.02680498081045,132.3437957763672
12.58650524798255,43.026806480356484,132.3437957763672
12.586507219351743,43.0268080390897,132.3437957763672
12.5865091944943,43.026809466707725,132.3437957763672
12.586511350829467,43.02681089497253,132.3437957763672
12.586513469641746,43.026812146231514,132.3437957763672
12.586515834778492,43.02681331707185,132.3437957763672
12.586518136353677,43.02681433134967,132.3437957763672
12.586520690628232,43.026815384781514,132.3437957763672
12.586523057827428,43.02681626151381,132.3437957763672
12.586525532579705,43.026817193330956,132.3437957763672
12.586527876482362,43.026818128765385,132.3437957763672
12.586530380038901,43.02681918737904,132.3437957763672
12.586532706340263,43.02682019367597,132.3437957763672
12.586535141765006,43.026821266099645,132.3437957763672
12.5865374340142,43.026822305582094,132.3437957763672
12.58653985132,43.026823403050656,132.3437957763672
12.586542135387605,43.02682446018736,132.3437957763672
12.586544520797453,43.026825591576575,132.3437957763672
12.586546745662817,43.02682674663889,132.3437957763672
12.586549097698171,43.026827949397806,132.3437957763672
12.58655132807127,43.026829100965124,132.3437957763672
12.586553612677932,43.026830378993814,132.3437957763672
12.586555812840535,43.026831536489716,132.3437957763672
12.58655810384554,43.02683277168942,132.3437957763672
12.586560269297726,43.02683395996888,132.3437957763672
12.586562466249445,43.026835333547794,132.3437957763672
12.586564623451762,43.02683652933915,132.3437957763672
12.586566892425848,43.02683777226599,132.3437957763672
12.586569002917912,43.02683902350788,132.3437957763672
12.586571245525201,43.02684026292774,132.3437957763672
12.586573369024887,43.0268414415563,132.3437957763672
12.586575603569806,43.02684267264828,132.3437957763672
12.586577719616487,43.02684387151776,132.3437957763672
12.586579974317358,43.02684510238272,132.3437957763672
12.586582123668222,43.026846268163396,132.3437957763672
12.586584353408515,43.02684754243145,132.3437957763672
12.586586482134683,43.02684869494769,132.3437957763672
12.586588709179702,43.026849901106345,132.3437957763672
12.586590810742214,43.02685104643513,132.3437957763672
12.586592993233209,43.026852289681095,132.3437957763672
12.586595059382182,43.02685342686512,132.3437957763672
12.586597226732783,43.02685461968973,132.3437957763672
12.586599264335307,43.026855805995105,132.3437957763672
12.586601418748602,43.02685702157283,132.3437957763672
12.586603470999355,43.02685819373035,132.3437957763672
12.586605648849808,43.02685943944351,132.3437957763672
12.586607739256253,43.02686065968794,132.3437957763672
12.586609986199432,43.026861910566815,132.3437957763672
12.58661214408143,43.026863092811574,132.3437957763672
12.586614440078558,43.026864361273546,132.3437957763672
12.586616607077596,43.02686552683043,132.3437957763672
12.586618883129706,43.02686674901734,132.3437957763672
12.586621037097695,43.02686791992839,132.3437957763672
12.586623321634052,43.02686920819869,132.3437957763672
12.58662546910995,43.02687039955411,132.3437957763672
12.586627733209118,43.02687166232568,132.3437957763672
12.586629909137724,43.02687292509297,132.3437957763672
12.586632216126882,43.02687420131851,132.3437957763672
12.58663443965635,43.026875417161804,132.3437957763672
12.586636825722469,43.02687669086018,132.3437957763672
12.586639154226942,43.026877919938975,132.3437957763672
12.586641614073208,43.02687920964421,132.3437957763672
12.586643973842829,43.02688045306364,132.3437957763672
12.5866464851102,43.02688180812405,132.3437957763672
12.58664887157474,43.02688306829564,132.3437957763672
12.586651408763608,43.02688439146659,132.3437957763672
12.58665384826643,43.02688566268063,132.3437957763672
12.586656472735246,43.02688702938746,132.3437957763672
12.586658960846712,43.02688833450841,132.3437957763672
12.586661600455924,43.026889717012196,132.3437957763672
12.586664146433717,43.026891078814586,132.3437957763672
12.586666809269152,43.026892486255974,132.3437957763672
12.58666936396557,43.02689383462582,132.3437957763672
12.586672071519086,43.02689526053269,132.3437957763672
12.586674682347477,43.02689664191424,132.3437957763672
12.586677418377132,43.026898077694206,132.3437957763672
12.586680033213273,43.026899456415805,132.3437957763672
12.586682816164112,43.026900943098994,132.3437957763672
12.586685463226342,43.02690235015059,132.3437957763672
12.586688267528423,43.02690383772043,132.3437957763672
12.586690952886954,43.02690525930113,132.3437957763672
12.586693806254711,43.02690678570373,132.3437957763672
12.586696510187185,43.02690821878947,132.3437957763672
12.586699363144788,43.02690973026891,132.3437957763672
12.586702094510455,43.02691121247601,132.3437957763672
12.586704967342765,43.026912750889096,132.3437957763672
12.586707724161176,43.026914213152956,132.3437957763672
12.586710649938007,43.026915747111374,132.3437957763672
12.586713459583759,43.026917218558715,132.3437957763672
12.586716408551657,43.026918761880495,132.3437957763672
12.586719222627023,43.026920228213534,132.3437957763672
12.586722214121629,43.026921782646305,132.3437957763672
12.586725051950554,43.02692325233749,132.3437957763672
12.586728049784915,43.02692479965135,132.3437957763672
12.586730906304963,43.02692627524497,132.3437957763672
12.586733910385313,43.026927830140345,132.3437957763672
12.586736766167094,43.026929313452534,132.3437957763672
12.586739787005019,43.026930875543925,132.3437957763672
12.586742697161002,43.02693236120339,132.3437957763672
12.586745774248094,43.02693393436294,132.3437957763672
12.5867487133841,43.02693543604209,132.3437957763672
12.586751800619462,43.02693701469287,132.3437957763672
12.586754716412054,43.02693851639771,132.3437957763672
12.58675775635123,43.02694006264073,132.3437957763672
12.586760611113469,43.02694150195444,132.3437957763672
12.586763594451918,43.02694299607778,132.3437957763672
12.586766364512291,43.02694438555054,132.3437957763672
12.58676922514554,43.02694582507842,132.3437957763672
12.58677190337915,43.02694717283145,132.3437957763672
12.58677467770508,43.02694856369202,132.3437957763672
12.586777273885222,43.02694987035068,132.3437957763672
12.586779971454492,43.026951222344216,132.3437957763672
12.586782504037936,43.0269524820746,132.3437957763672
12.586785146471309,43.0269537896499,132.3437957763672
12.58678763826239,43.026955017837764,132.3437957763672
12.586790231618371,43.026956295558186,132.3437957763672
12.586792651726928,43.026957502329346,132.3437957763672
12.586795205175289,43.02695876376451,132.3437957763672
12.58679760672747,43.026959955364084,132.3437957763672
12.586800083061746,43.026961193326535,132.3437957763672
12.586802424128502,43.02696235305806,132.24378967285156
12.586804851203746,43.026963557036495,132.24378967285156
12.586807139589647,43.02696469264425,132.24378967285156
12.586809506677502,43.02696586943203,132.24378967285156
12.586811756860845,43.02696698864316,132.24378967285156
12.58681409570107,43.02696816247545,132.24378967285156
12.586816282568952,43.02696926589818,132.24378967285156
12.586818595253323,43.026970422631386,132.24378967285156
12.586820786421926,43.026971521136836,132.3437957763672
12.58682307963588,43.026972672610086,132.3437957763672
12.58682524231662,43.02697376186353,132.3437957763672
12.586827496859275,43.02697489926173,132.3437957763672
12.586829626464336,43.026975979554415,132.3437957763672
12.58683184814225,43.026977107495,132.3437957763672
12.586833952171522,43.026978184755095,132.3437957763672
12.586836153851692,43.026979320131545,132.3437957763672
12.586838248189704,43.026980393827905,132.3437957763672
12.58684042519641,43.02698153155163,132.3437957763672
12.586842514363598,43.0269825952935,132.3437957763672
12.586844722940155,43.026983714770196,132.3437957763672
12.586846864372209,43.02698478139049,132.3437957763672
12.586849131787748,43.02698592315769,132.3437957763672
12.586851329773662,43.02698703617513,132.3437957763672
12.586853686467174,43.026988239348306,132.3437957763672
12.586855975192949,43.02698940573615,132.3437957763672
12.586858435877106,43.02699064982381,132.3437957763672
12.586860827193155,43.026991855755455,132.3437957763672
12.586863403302356,43.026993147987845,132.3437957763672
12.586865896303415,43.0269944053367,132.3437957763672
12.586868575105433,43.02699575782713,132.3437957763672
12.586871187073479,43.02699706302947,132.3437957763672
12.586874032110817,43.02699847466426,132.3437957763672
12.58687675703274,43.02699982684629,132.3437957763672
12.586879665036907,43.02700127653427,132.3437957763672
12.586882502452772,43.027002699100144,132.3437957763672
12.58688550717474,43.027004228526785,132.3437957763672
12.586888414966054,43.02700570598795,132.3437957763672
12.586891524254428,43.027007279087535,132.3437957763672
12.586894548353063,43.027008804316495,132.3437957763672
12.586897747561274,43.02701041195693,132.3437957763672
12.58690082962877,43.02701195769454,132.3437957763672
12.586904137757845,43.027013631041434,132.3437957763672
12.586907294512217,43.02701522370731,132.3437957763672
12.586910655109753,43.02701692032129,132.3437957763672
12.586913888102245,43.02701855528944,132.3437957763672
12.586917359443246,43.02702033472609,132.3437957763672
12.586920645381724,43.02702200629109,132.3437957763672
12.58692412042286,43.02702377191825,132.3437957763672
12.586927491045628,43.02702549114827,132.3437957763672
12.58693101015154,43.0270272771984,132.3437957763672
12.586934390073008,43.02702897211617,132.3437957763672
12.586937992310512,43.0270307291595,132.3437957763672
12.586941501798421,43.02703237750878,132.3437957763672
12.586945222765607,43.02703409216418,132.3437957763672
12.586948807243607,43.02703570170641,132.3437957763672
12.586952654788984,43.02703737844567,132.3437957763672
12.586956317892767,43.02703895507471,132.3437957763672
12.58696021518937,43.02704059915779,132.3437957763672
12.586963979005533,43.02704214797939,132.3437957763672
12.58696801069076,43.02704376531729,132.3437957763672
12.586971888373398,43.02704526876972,132.3437957763672
12.586976040737996,43.02704678022343,132.3437957763672
12.586980061967335,43.02704812505518,132.3437957763672
12.586984364824811,43.027049415591314,132.3437957763672
12.586988538829589,43.02705052295467,132.3437957763672
12.586993013364188,43.027051544873956,132.3437957763672
12.586997344884573,43.02705240178183,132.3437957763672
12.587001949021863,43.027053131628676,132.3437957763672
12.587006380195529,43.02705364033523,132.3437957763672
12.587011097862732,43.027053962750735,132.3437957763672
12.587015588728606,43.02705406560221,132.3437957763672
12.587020310859101,43.02705393449764,132.3437957763672
12.587024771713681,43.02705358060795,132.3437957763672
12.587029401576464,43.027052915490756,132.3437957763672
12.587033695502818,43.02705206929107,132.24378967285156
12.587038066317657,43.027050916764004,132.24378967285156
12.587042052253436,43.027049520309276,132.24378967285156
12.587046060428131,43.02704786406141,132.24378967285156
12.587049672210275,43.02704607557826,132.24378967285156
12.587053239977438,43.02704397985968,132.24378967285156
12.587056393973397,43.027041734721074,132.24378967285156
12.58705945098641,43.027039270618104,132.24378967285156
12.587062084120944,43.027036769370014,132.24378967285156
12.587064508289822,43.02703389427199,132.24378967285156
12.58706651514263,43.027031134378696,132.24378967285156
12.587068267719914,43.02702815125485,132.24378967285156
12.58706958253222,43.02702525429469,132.24378967285156
12.587070577925443,43.02702210074532,132.24378967285156
12.587071182029565,43.02701915916992,132.24378967285156
12.587071455611259,43.02701608249796,132.24378967285156
12.587071396197915,43.02701311583932,132.24378967285156
12.58707100480318,43.02701010562768,132.24378967285156
12.587070311989095,43.02700729976566,132.24378967285156
12.58706923638773,43.02700443426242,132.24378967285156
12.58706784383405,43.027001790893216,132.24378967285156
12.587066111734657,43.02699920946113,132.24378967285156
12.587064212504954,43.026996914361774,132.24378967285156
12.587061950567776,43.02699465323788,132.24378967285156
12.587059669353554,43.02699268541999,132.24378967285156
12.587057101860385,43.02699080133285,132.24378967285156
12.587054524769714,43.0269891704768,132.24378967285156
12.587051689753203,43.026987615727116,132.24378967285156
12.587048901558278,43.02698628710353,132.24378967285156
12.587045886052284,43.026985013409494,132.24378967285156
12.587042922576758,43.026983925543895,132.24378967285156
12.587039711095144,43.02698288034037,132.24378967285156
12.587036567625214,43.026982004037535,132.24378967285156
12.587033173673658,43.026981221419916,132.24378967285156
12.587029860685755,43.02698067779557,132.24378967285156
12.587026297219172,43.02698027588126,132.24378967285156
12.58702288567222,43.0269800598125,132.24378967285156
12.587019301454992,43.02697990427586,132.24378967285156
12.587015922854828,43.02697980678705,132.24378967285156
12.58701238081275,43.02697977138956,132.24378967285156
12.587009028589623,43.026979848318426,132.24378967285156
12.587005538598527,43.02698009503891,132.24378967285156
12.587002213662117,43.02698052529196,132.24378967285156
12.58699874513142,43.02698117677097,132.24378967285156
12.586995503399844,43.02698191179223,132.24378967285156
12.586992148537645,43.02698287994713,132.24378967285156
12.586988999361786,43.02698387935325,132.24378967285156
12.586985675902612,43.026984934442766,132.24378967285156
12.58698244919639,43.026985892420385,132.24378967285156
12.58697899218792,43.026986851031936,132.24378967285156
12.586975650458754,43.026987729425095,132.24378967285156
12.586972123226003,43.02698862322116,132.24378967285156
12.58696870495403,43.02698947898115,132.24378967285156
12.586965056835373,43.02699036595813,132.24378967285156
12.586961550596445,43.02699119605234,132.24378967285156
12.58695779257806,43.02699197870429,132.24378967285156
12.58695421853253,43.026992779483315,132.24378967285156
12.586950431736259,43.026993613226935,132.24378967285156
12.586946754496957,43.026994342234325,132.24378967285156
12.586942937214822,43.02699516230553,132.24378967285156
12.586939317094801,43.026995930959515,132.24378967285156
12.586935529876671,43.026996725913214,132.24378967285156
12.58693189744628,43.026997432150374,132.24378967285156
12.586928090939374,43.02699820510483,132.24378967285156
12.586924455385976,43.02699893484895,132.24378967285156
12.586920567194733,43.026999622684876,132.24378967285156
12.586916879051287,43.02700034276578,132.24378967285156
12.586912958736487,43.02700110256183,132.24378967285156
12.586909187940462,43.02700183066115,132.24378967285156
12.5869051518769,43.027002513888206,132.24378967285156
12.586901324162293,43.027003252233285,132.24378967285156
12.586897277438489,43.02700403545063,132.24378967285156
12.586893395825756,43.027004709991076,132.24378967285156
12.58688930953945,43.02700550252897,132.24378967285156
12.586885397589384,43.02700626040609,132.24378967285156
12.586881272409732,43.0270070627614,132.24378967285156
12.586877335945294,43.02700779929034,132.24378967285156
12.586873232570984,43.02700861336488,132.24378967285156
12.586869336009759,43.02700939413216,132.24378967285156
12.586865228963868,43.02701018043351,132.24378967285156
12.586861352053234,43.027010959247576,132.24378967285156
12.58685734909915,43.02701175507506,132.24378967285156
12.586853849121113,43.02701244971289,132.24378967285156
12.586850697357717,43.02701305774157,132.24378967285156
12.586848338379426,43.02701353134189,132.24378967285156
12.586846508817054,43.02701389713911,132.24378967285156
12.586845240011883,43.02701415631543,132.24378967285156
12.586844244026793,43.02701436068213,132.24378967285156
12.586843401601865,43.02701450712095,132.24378967285156
12.58684253837059,43.027014647203316,132.24378967285156
12.58684182998565,43.02701475029475,132.24378967285156
12.586841031927237,43.027014859074455,132.24378967285156
12.58684032830297,43.027014952948136,132.24378967285156
12.586839707350325,43.02701494049217,132.24378967285156
12.586839179621872,43.02701500606155,132.24378967285156
12.58683871500966,43.02701507240192,132.24378967285156
12.586838341931243,43.027015126903144,132.24378967285156
12.5868380241938,43.02701512858221,132.24378967285156
12.586837776949451,43.02701516845155,132.24378967285156
12.586837587260895,43.02701520189586,132.24378967285156
12.586837598299825,43.02701514643516,132.24378967285156
12.586837562722254,43.02701511458424,132.24378967285156
12.58683756865187,43.027015072436164,132.24378967285156
12.586837598915103,43.02701502211547,132.24378967285156
12.586837702226081,43.0270149356948,132.24378967285156
12.586837768764171,43.02701488054251,132.24378967285156
12.586837850636014,43.02701483895984,132.24378967285156
12.586838013975388,43.02701477945568,132.24378967285156
12.586838102450638,43.02701475608578,132.24378967285156
12.586838187328283,43.027014739295076,132.24378967285156
12.58683826387988,43.027014723241116,132.24378967285156
12.586838359269086,43.02701470612489,132.24378967285156
12.586838431396918,43.02701469027654,132.24378967285156
12.586838504427085,43.02701467807757,132.24378967285156
12.586838576144771,43.027014681778375,132.24378967285156
12.586838649778441,43.02701466700942,132.24378967285156
12.586838717728602,43.027014647477394,132.24378967285156
12.586838787934585,43.02701462421029,132.24378967285156
12.586838847441514,43.02701460231386,132.24378967285156
12.58683891335264,43.02701459333598,132.24378967285156
12.586838967732689,43.027014586259895,132.24378967285156
12.586838998329883,43.02701455853812,132.24378967285156
12.586839031464153,43.02701454469437,132.24378967285156
12.586839059014519,43.02701453318074,132.24378967285156
12.586839077682209,43.0270145281778,132.24378967285156
12.586839061703929,43.02701452081046,132.24378967285156
12.586839077863843,43.027014522421,132.24378967285156
12.586839096912387,43.0270145231406,132.24378967285156
12.58683909407063,43.02701452372313,132.24378967285156
12.586839117589815,43.027014518000584,132.24378967285156
12.586839149552233,43.027014511387115,132.24378967285156
12.58683919090123,43.02701451059898,132.24378967285156
12.586839224873382,43.02701452442561,132.24378967285156
12.58683926312867,43.027014550451185,132.24378967285156
12.586839292934869,43.0270145777789,132.24378967285156
12.586839299491407,43.0270146174255,132.24378967285156
12.586839314274387,43.02701462373056,132.24378967285156
12.58683932855347,43.027014620081154,132.24378967285156
12.58683934752585,43.02701461538661,132.24378967285156
12.586839366287291,43.027014623644895,132.24378967285156
12.586839392378698,43.02701462981291,132.24378967285156
12.586839419337279,43.027014644444805,132.24378967285156
12.58683944538767,43.02701467680972,132.24378967285156
12.58683945852419,43.02701468765513,132.24378967285156
12.586839465889316,43.02701468811773,132.24378967285156
12.586839470436125,43.027014682583655,132.24378967285156
12.586839480215279,43.027014685444925,132.24378967285156
12.586839493908432,43.027014673914174,132.24378967285156
12.58683950702738,43.0270146633429,132.24378967285156
12.586839517316285,43.02701464874526,132.24378967285156
12.586839514773352,43.0270146325371,132.24378967285156
12.586839499422016,43.02701461514674,132.24378967285156
12.58683948343202,43.02701459364437,132.24378967285156
12.586839453192232,43.02701457611694,132.24378967285156
12.586839436962002,43.027014547230095,132.24378967285156
12.586839419530616,43.02701451481378,132.24378967285156
12.586839402409773,43.027014481283786,132.24378967285156
12.586839366304835,43.02701445644041,132.24378967285156
12.586839324305457,43.02701443930705,132.24378967285156
12.586839273177311,43.02701442806758,132.24378967285156
12.586839229004138,43.02701441521755,132.24378967285156
12.58683919378982,43.02701439534285,132.24378967285156
12.586839161569596,43.02701438048823,132.24378967285156
12.58683914403861,43.02701434622152,132.24378967285156
12.586839123302594,43.02701435117306,132.24378967285156
12.586839107365329,43.02701436477695,132.24378967285156
12.586839087508205,43.0270143783123,132.24378967285156
12.586839061024218,43.027014396644994,132.24378967285156
12.58683903032155,43.02701440646241,132.24378967285156
12.586838995394334,43.02701441590289,132.24378967285156
12.586838945104066,43.02701443142573,132.24378967285156
12.586838896313774,43.02701443348172,132.24378967285156
12.586838854255813,43.02701443377298,132.24378967285156
12.58683881898876,43.02701443877593,132.24378967285156
12.586838790788011,43.027014448627604,132.24378967285156
12.586838770374248,43.02701444228826,132.24378967285156
12.586838747065999,43.027014437936394,132.24378967285156
12.586838718619152,43.0270144438474,132.24378967285156
12.586838687125477,43.027014442408195,132.24378967285156
12.586838656041955,43.027014440746264,132.24378967285156
12.58683862293112,43.027014439598325,132.24378967285156
12.586838600402162,43.02701444583487,132.24378967285156
12.586838569201456,43.02701444526947,132.24378967285156
12.586838536096476,43.027014445303735,132.24378967285156
12.58683850298564,43.02701445176302,132.24378967285156
12.586838464970578,43.02701444830207,132.24378967285156
12.586838432568715,43.02701444172287,132.24378967285156
12.58683840481327,43.027014429780905,132.24378967285156
12.586838392508767,43.02701441657109,132.24378967285156
12.586838365802135,43.027014411465345,132.24378967285156
12.586838342054447,43.02701440617114,132.24378967285156
12.586838304918281,43.02701440557147,132.24378967285156
12.586838286713473,43.02701440118533,132.24378967285156
12.586838273623824,43.02701439549706,132.24378967285156
12.586838257545935,43.02701438926051,132.24378967285156
12.586838252536248,43.02701438600517,132.24378967285156
12.586838242276638,43.02701438364077,132.24378967285156
12.586838239018881,43.02701438485724,132.24378967285156
12.586838252829223,43.02701439347532,132.24378967285156
12.586838254006933,43.02701439169345,132.24378967285156
12.586838249003101,43.027014384617374,132.24378967285156
12.586838242124292,43.027014370054005,132.24378967285156
12.586838244532464,43.02701434904851,132.24378967285156
12.586838243454359,43.02701433808316,132.24378967285156
12.58683825030973,43.02701433133262,132.24378967285156
12.58683827235237,43.02701432192641,132.24378967285156
12.586838275381618,43.02701433013329,132.24378967285156
12.586838273905073,43.02701434536485,132.24378967285156
12.58683826925866,43.027014358112076,132.24378967285156
12.586838279430381,43.027014369368686,132.24378967285156
12.586838276881595,43.027014375142635,132.24378967285156
12.586838277455806,43.02701438576531,132.24378967285156
12.58683829850823,43.02701441532037,132.24378967285156
12.58683831000415,43.02701443901581,132.24378967285156
12.586838313560737,43.02701445918177,132.24378967285156
12.586838306160454,43.02701447372799,132.24378967285156
12.586838295273894,43.02701448301426,132.24378967285156
12.586838282957672,43.027014479501936,132.24378967285156
12.586838273119927,43.02701447657212,132.24378967285156
12.586838278656952,43.02701448323701,132.24378967285156
12.586838275797625,43.02701447566405,132.24378967285156
12.586838272369942,43.027014459078956,132.24378967285156
12.586838272123853,43.02701444746254,132.24378967285156
12.58683826969811,43.02701443809059,132.24378967285156
12.586838266053629,43.0270144370626,132.24378967285156
12.586838256356502,43.027014440112325,132.24378967285156
12.586838247139841,43.02701445344209,132.24378967285156
12.586838227575674,43.02701445179728,132.24378967285156
12.586838207841595,43.02701445265395,132.24378967285156
12.586838190902396,43.027014459730026,132.24378967285156
12.58683818919149,43.0270144755784,132.24378967285156
12.586838200476482,43.027014486321015,132.24378967285156
12.586838216530934,43.02701450268338,132.24378967285156
12.586838235655648,43.02701453252969,132.24378967285156
12.586838242721946,43.027014536915814,132.24378967285156
12.586838246782433,43.02701452725261,132.24378967285156
12.586838252278444,43.02701451834326,132.24378967285156
12.586838272475415,43.02701452212973,132.24378967285156
12.586838286104118,43.02701451836039,132.24378967285156
12.586838297840272,43.027014506092904,132.24378967285156
12.58683829239113,43.027014483099926,132.24378967285156
12.586838281270197,43.02701446512704,132.24378967285156
12.586838263657175,43.0270144478566,132.24378967285156
12.586838241485628,43.02701443019211,132.24378967285156
12.586838217896135,43.02701441316155,132.24378967285156
12.586838194687493,43.02701438780417,132.24378967285156
12.586838174865523,43.02701436222406,132.24378967285156
12.586838158541545,43.027014336918086,132.24378967285156
12.586838135450089,43.02701431335972,132.24378967285156
12.586838108216119,43.02701429173741,132.24378967285156
12.586838083009463,43.02701427438132,132.24378967285156
12.58683806782219,43.02701425462655,132.24378967285156
12.586838048416231,43.02701423922366,132.24378967285156
12.586838034178163,43.0270142179269,132.24378967285156
12.58683803157664,43.0270141967158,132.24378967285156
12.586838019928376,43.027014186658505,132.24378967285156
12.586838006950051,43.02701418306051,132.24378967285156
12.586837989442499,43.02701418583612,132.24378967285156
12.586837977723924,43.027014195328,132.24378967285156
12.586837966386204,43.02701420709863,132.24378967285156
12.58683796002888,43.02701421974305,132.24378967285156
12.586837963948744,43.02701424210208,132.24378967285156
12.58683796376125,43.027014254712235,132.24378967285156
12.586837962800328,43.02701427438133,132.24378967285156
12.586837965548334,43.0270142919773,132.24378967285156
12.58683797267323,43.02701434116718,132.24378967285156
12.586837979048136,43.0270143574096,132.24378967285156
12.586837987590979,43.02701437327511,132.24378967285156
12.58683800938167,43.02701439691914,132.24378967285156
12.586838031635253,43.02701441227064,132.24378967285156
12.586838055810675,43.027014429146995,132.24378967285156
12.586838077999793,43.027014443282006,132.24378967285156
12.586838093989787,43.027014465880896,132.24378967285156
12.586838089067971,43.02701446283117,132.24378967285156
12.586838044970946,43.02701445940449,132.24378967285156
12.58683794433765,43.027014467148774,132.24378967285156
12.586837799044861,43.02701445335641,132.24378967285156
12.586837592194392,43.02701443012357,132.24378967285156
12.5868373379833,43.027014403481196,132.24378967285156
12.58683702687852,43.02701435542211,132.24378967285156
12.586836678924685,43.02701432992768,132.24378967285156
12.586836271522516,43.027014310738316,132.24378967285156
12.586835834987964,43.02701429442737,132.24378967285156
12.586835324989655,43.027014318139955,132.24378967285156
12.586834795515092,43.02701436803231,132.24378967285156
12.58683425611493,43.027014435589145,132.24378967285156
12.586833813762183,43.02701449613844,132.24378967285156
12.586833474409861,43.027014538629174,132.24378967285156
12.586833236118506,43.02701456162214,132.24378967285156
12.586832985100749,43.02701460030927,132.24378967285156
12.586832745643344,43.02701462775693,132.24378967285156
12.586832443409518,43.027014664987725,132.24378967285156
12.586832077672739,43.02701471229294,132.24378967285156
12.586831650513052,43.02701476509795,132.24378967285156
12.586831160125787,43.0270148445111,132.24378967285156
12.586830573318075,43.02701495594649,132.24378967285156
12.586829938376304,43.0270151003636,132.24378967285156
12.586829237101535,43.02701523299295,132.24378967285156
12.586828506090876,43.02701535506815,132.24378967285156
12.586827665171697,43.02701548305436,132.24378967285156
12.586826777430941,43.027015631943286,132.24378967285156
12.586825763188159,43.027015813128585,132.24378967285156
12.586824712236936,43.02701600575897,132.24378967285156
12.586823511164903,43.0270162598296,132.24378967285156
12.586822296423147,43.02701649256919,132.24378967285156
12.586820931191442,43.0270167566971,132.24378967285156
12.586819543571389,43.02701702913469,132.24378967285156
12.586817964317472,43.02701736702171,132.24378967285156
12.586816396635651,43.027017672852224,132.24378967285156
12.586814661360616,43.0270180038345,132.24378967285156
12.586812928569922,43.027018368603784,132.24378967285156
12.586811043349849,43.027018755269474,132.24378967285156
12.58680916714137,43.02701913951938,132.24378967285156
12.58680711276952,43.02701955606568,132.24378967285156
12.586805077375912,43.02701997742644,132.24378967285156
12.586802885797127,43.02702042539531,132.24378967285156
12.586800744192214,43.02702086188483,132.24378967285156
12.586798397313013,43.02702134818102,132.24378967285156
12.586796173982762,43.02702180545331,132.24378967285156
12.58679381142411,43.02702229423385,132.24378967285156
12.586791540399261,43.02702277638378,132.24378967285156
12.586789084015836,43.02702333289249,132.24378967285156
12.586786771776755,43.02702383197017,132.24378967285156
12.58678432560607,43.02702435147082,132.24378967285156
12.586781941918824,43.02702486937807,132.24378967285156
12.586779421042209,43.02702539509813,132.24378967285156
12.5867769870354,43.02702590005256,132.24378967285156
12.586774401624597,43.027026435264496,132.24378967285156
12.586771915106858,43.027026957112426,132.24378967285156
12.586769289020882,43.02702750023999,132.24378967285156
12.586766778269133,43.02702801862696,132.24378967285156
12.586764092312952,43.027028577140285,132.24378967285156
12.58676155908497,43.0270291250652,132.24378967285156
12.58675887844902,43.027029722282776,132.24378967285156
12.586756310381709,43.02703029996832,132.24378967285156
12.586753584629246,43.02703091382239,132.24378967285156
12.586750990570136,43.02703149663081,132.24378967285156
12.586748250825696,43.027032117732304,132.24378967285156
12.58674563398568,43.02703272406483,132.24378967285156
12.586742871811882,43.02703335145426,132.24378967285156
12.586740242198607,43.02703394812357,132.24378967285156
12.586737481056051,43.02703457558152,132.24378967285156
12.586734940773574,43.02703516282747,132.24378967285156
12.586732510376297,43.02703571813681,132.24378967285156
12.586730621318669,43.027036167150776,132.24378967285156
12.586729086806528,43.0270365596589,132.24378967285156
12.58672798943236,43.02703682130243,132.24378967285156
12.586727110808782,43.02703701653705,132.24378967285156
12.586726392389824,43.027037169692164,132.24378967285156
12.586725646479076,43.027037386463455,132.24378967285156
12.586724300553849,43.02703766801598,132.24378967285156
12.586723751948757,43.027037733739554,132.24378967285156
12.586723200613227,43.027037854444075,132.24378967285156
12.586722731764745,43.02703796591372,132.24378967285156
12.586722299325876,43.02703807918237,132.24378967285156
12.58672194009296,43.027038156402426,132.24378967285156
12.586721655437067,43.027038228259734,132.24378967285156
12.586721463826665,43.027038277346804,132.24378967285156
12.586721407097075,43.02703829096783,132.24378967285156
12.586721359109534,43.027038321670815,132.24378967285156
12.586721355851786,43.02703835377873,132.24378967285156
12.586721378902231,43.027038383487984,132.24378967285156
12.586721492537269,43.027038396577865,132.24378967285156
12.586721536048351,43.02703841557876,132.24378967285156
12.586721588910855,43.02703842381991,132.24378967285156
12.586721712248872,43.02703841194647,132.24378967285156
12.586721784693113,43.027038396629244,132.24378967285156
12.586721856879542,43.02703837512688,132.24378967285156
12.586721930659694,43.02703835006076,132.24378967285156
12.586722023423938,43.02703832465198,132.24378967285156
12.586722098446257,43.027038298540745,132.24378967285156
12.586722160835949,43.02703827482817,132.24378967285156
12.586722261697725,43.027038256118544,132.24378967285156
12.58672229752141,43.02703823221751,132.24378967285156
12.586722325270998,43.02703820141171,132.24378967285156
12.586722355856482,43.02703816990346,132.24378967285156
12.58672240616433,43.02703814000575,132.24378967285156
12.586722440698972,43.02703811353471,132.24378967285156
12.586722467968096,43.02703809006201,132.24378967285156
12.58672247808122,43.02703808341426,132.24378967285156
12.58672248901464,43.02703808278034,132.24378967285156
12.58672245772601,43.02703809199809,132.24378967285156
12.586722340762858,43.02703811523094,132.24378967285156
12.586722118402822,43.02703815330127,132.24378967285156
12.58672176382209,43.02703820118902,132.24378967285156
12.586721292899332,43.027038269996616,132.24378967285156
12.586720628350538,43.02703836433291,132.24378967285156
12.58671986489696,43.027038484060846,132.24378967285156
12.586718898676864,43.027038649089405,132.24378967285156
12.586717836200386,43.02703883639133,132.24378967285156
12.586716549254582,43.027039065755645,132.24378967285156
12.586715189360646,43.02703930534858,132.24378967285156
12.586713594005365,43.027039586352856,132.24378967285156
12.586711903553844,43.027039887814354,132.24378967285156
12.586709974055088,43.02704022439926,132.24378967285156
12.586707963639556,43.02704055927081,132.24378967285156
12.5867056415099,43.027040906940975,132.24378967285156
12.586703194530537,43.02704124158978,132.24378967285156
12.586700447567354,43.027041581430005,132.24378967285156
12.586697649499468,43.02704189120117,132.24378967285156
12.586694490651789,43.02704223487925,132.24378967285156
12.586691327339329,43.02704248697951,132.24378967285156
12.586687798899488,43.027042713688125,132.24378967285156
12.586684265983154,43.02704288779732,132.24378967285156
12.586680297276425,43.02704305685219,132.24378967285156
12.586676432982209,43.0270431542896,132.24378967285156
12.586672211388617,43.027043215284344,132.24378967285156
12.586667989373158,43.027043266718664,132.24378967285156
12.586663409027084,43.027043214136356,132.24378967285156
12.586658894492537,43.02704310653883,132.24378967285156
12.586653983049825,43.027042939762666,132.24378967285156
12.586649109270619,43.0270427651223,132.24378967285156
12.586643871887448,43.02704256781452,132.24378967285156
12.586638755182177,43.027042392711564,132.24378967285156
12.586633190124209,43.02704225430829,132.24378967285156
12.586627846641075,43.02704212005127,132.24378967285156
12.586622114804337,43.02704199101993,132.24378967285156
12.586616556004092,43.02704187533548,132.24378967285156
12.586610512289177,43.02704177092477,132.24378967285156
12.586604750007588,43.02704165616552,132.24378967285156
12.586598609731624,43.02704153480993,132.24378967285156
12.586592671999533,43.02704146624223,132.24378967285156
12.586586425717343,43.0270413860581,132.24378967285156
12.586580427001783,43.027041297667076,132.24378967285156
12.58657405877609,43.027041169869314,132.24378967285156
12.586567931999948,43.027041016320105,132.24378967285156
12.586561497259641,43.02704073882814,132.24378967285156
12.586555367717926,43.02704037225983,132.24378967285156
12.586548930891725,43.0270399016406,132.24378967285156
12.586542819326324,43.027039244524694,132.24378967285156
12.586536424991692,43.027038329294705,132.24378967285156
12.586530387300213,43.02703722717401,132.24378967285156
12.586524116596573,43.02703589046333,132.24378967285156
12.58651821420779,43.0270343693977,132.24378967285156
12.586512107728302,43.02703257012054,132.24378967285156
12.586506452554632,43.02703067926556,132.24378967285156
12.586500673117206,43.02702849673224,132.24378967285156
12.58649537393046,43.02702623149619,132.24378967285156
12.586490031947491,43.02702366260558,132.24378967285156
12.586485212894269,43.02702101001851,132.24378967285156
12.58648048819906,43.02701812630241,132.24378967285156
12.586476351541984,43.02701531115407,132.24378967285156
12.586472357335902,43.02701243917447,132.24378967285156
12.586468873450373,43.0270100953308,132.24378967285156
12.586465620561443,43.02700806170379,132.143798828125
12.586462976991623,43.02700651956435,132.143798828125
12.586460697635163,43.02700519762285,132.143798828125
12.586459070956451,43.027004214219396,132.143798828125
12.586457732413962,43.02700333562069,132.143798828125
12.586456590415368,43.02700256352293,132.143798828125
12.586455540665387,43.027001840118174,132.143798828125
12.586454649116199,43.027001170597835,132.143798828125
12.586453859893632,43.02700047595998,132.143798828125
12.586453420306485,43.02699994785841,132.143798828125
12.586452928970084,43.02699937375376,132.143798828125
12.586452561241215,43.02699888661805,132.143798828125
12.58645237566588,43.026998381115376,132.143798828125
12.58645217223144,43.02699801108619,132.143798828125
12.58645206704556,43.02699767595765,132.143798828125
12.586452080357928,43.02699737994457,132.143798828125
12.586452361791286,43.026997104217386,132.143798828125
12.586452547741676,43.02699681735352,132.143798828125
12.586452797066118,43.0269965150011,132.143798828125
12.586453188279078,43.02699627160456,132.143798828125
12.586453529945901,43.026995959486115,132.143798828125
12.586453902081018,43.026995664689494,132.143798828125
12.586454339277669,43.0269953592188,132.143798828125
12.586454857566855,43.02699507893414,132.143798828125
12.586455353028242,43.026994760801884,132.143798828125
12.586455825755582,43.02699444446862,132.143798828125
12.586456384356648,43.02699409119584,132.143798828125
12.586456843771694,43.026993748665674,132.143798828125
12.586457316780296,43.02699337527833,132.143798828125
12.5864577766641,43.026993005506114,132.143798828125
12.586458300156348,43.02699255702323,132.143798828125
12.586458858991822,43.026992112104075,132.143798828125
12.586459525825697,43.0269915953276,132.143798828125
12.586460189565862,43.02699105550677,132.143798828125
12.586460986100922,43.02699041204621,132.143798828125
12.586461795198302,43.026989734387485,132.143798828125
12.58646270155986,43.02698894460803,132.143798828125
12.586463589171698,43.026988123149,132.143798828125
12.58646462382823,43.02698722680003,132.143798828125
12.586465674890766,43.026986314122986,132.143798828125
12.586466810889544,43.026985286635274,132.143798828125
12.58646800046565,43.02698424645175,132.143798828125
12.586469325836617,43.02698307408432,132.143798828125
12.586470685613333,43.02698187041426,132.143798828125
12.586472210434485,43.02698045903643,132.143798828125
12.586473864066257,43.02697905751031,132.143798828125
12.586475849240005,43.02697757386404,132.143798828125
12.586477957224416,43.02697622008866,132.143798828125
12.586480425906561,43.026974983950986,132.143798828125
12.586482925010097,43.02697396437897,132.143798828125
12.586485656938278,43.02697301429984,132.143798828125
12.586488286024244,43.02697205724739,132.143798828125
12.58649113926315,43.026970993591135,132.143798828125
12.586494001830065,43.02696984907399,132.143798828125
12.58649719406396,43.02696852917977,132.143798828125
12.586500446179771,43.02696721059627,132.143798828125
12.58650406377452,43.026965770194565,132.143798828125
12.586507656104011,43.02696437876001,132.143798828125
12.586511590662779,43.02696288187818,132.143798828125
12.586515426644887,43.026961446676424,132.143798828125
12.586519564099063,43.02695986336533,132.143798828125
12.586523611460825,43.02695818863918,132.24378967285156
12.586527908521981,43.026956367414215,132.24378967285156
12.58653203697626,43.0269545316002,132.24378967285156
12.586536408778482,43.02695251289614,132.3437957763672
12.586540634121958,43.02695051710795,132.3437957763672
12.58654513368012,43.0269483599492,132.4438018798828
12.586549521044644,43.026946277192074,132.54379272460938
12.586554238638623,43.02694396402552,132.643798828125
12.586558799320853,43.02694181849176,132.74378967285156
12.586563638248935,43.026939544380696,132.8437957763672
12.586568249297587,43.02693737352384,132.9438018798828
12.58657307439775,43.02693504802127,133.04379272460938
12.586577709047623,43.02693288379505,133.143798828125
12.586582617021561,43.0269306139245,133.24378967285156
12.586587342513841,43.02692838890909,133.24378967285156
12.58659233971301,43.026926068657886,133.24378967285156
12.586597101626603,43.02692384648662,133.3437957763672
12.58660209648204,43.026921513196925,133.3437957763672
12.586606814521268,43.02691930011492,133.3437957763672
12.58661172997162,43.02691700386757,133.3437957763672
12.586616342098349,43.026914847145754,133.3437957763672
12.586621112683662,43.026912596216164,133.3437957763672
12.586625577812574,43.026910506554316,133.3437957763672
12.586630204470339,43.026908355872024,133.3437957763672
12.586634553233806,43.02690634042333,133.3437957763672
12.586639032331272,43.026904237851504,133.3437957763672
12.58664328401805,43.02690224655228,133.3437957763672
12.586647679726104,43.026900136895776,133.3437957763672
12.586651672127594,43.02689804058183,133.3437957763672
12.586655636545087,43.026895592571336,133.3437957763672
12.586659062634618,43.026893018048106,133.24378967285156
12.586662244790256,43.02689008315463,133.24378967285156
12.586664848681037,43.02688718755226,133.24378967285156
12.586667078842979,43.026883968339256,133.24378967285156
12.586668768567662,43.02688084541148,133.24378967285156
12.586670136992485,43.02687754675969,133.24378967285156
12.586671282108204,43.0268744414579,133.24378967285156
12.586672382763677,43.02687121232042,133.24378967285156
12.586673315445042,43.026868134012204,133.24378967285156
12.586673920685918,43.02686484767501,133.24378967285156
12.58667428314131,43.02686169447901,133.24378967285156
12.586674287594217,43.026858392985226,133.24378967285156
12.586673832866467,43.0268552807166,133.24378967285156
12.58667311665044,43.02685213470168,133.24378967285156
12.586672172180002,43.02684927678425,133.24378967285156
12.586670928792135,43.026846420931385,133.24378967285156
12.586669509016271,43.02684380008614,133.24378967285156
12.586667832252049,43.0268412664315,133.24378967285156
12.586666065606352,43.02683899178402,133.24378967285156
12.586663921106908,43.0268366939899,133.24378967285156
12.586661852450092,43.026834679357776,133.24378967285156
12.586659536882891,43.026832703489355,133.24378967285156
12.586657216581393,43.0268309626636,133.24378967285156
12.5866546318854,43.0268292191267,133.24378967285156
12.586652136625586,43.026827764171685,133.24378967285156
12.586649413064466,43.02682641135929,133.24378967285156
12.586646636535388,43.0268252780986,133.24378967285156
12.586643738578433,43.02682424911368,133.24378967285156
12.586640934838849,43.02682339277627,133.24378967285156
12.586638000484047,43.02682252723472,133.24378967285156
12.586635243876618,43.02682164983686,133.24378967285156
12.586632492144119,43.02682064023799,133.24378967285156
12.58662995228346,43.026819633615,133.24378967285156
12.586627295752649,43.026818532405144,133.24378967285156
12.586624847624988,43.026817517133544,133.24378967285156
12.586622302490957,43.026816441953,133.24378967285156
12.58661989917513,43.026815407809,133.24378967285156
12.586617340166299,43.02681422362066,133.24378967285156
12.586614958084528,43.02681317490582,133.24378967285156
12.58661247534019,43.026812073521945,133.24378967285156
12.586610115289346,43.02681096520977,133.24378967285156
12.586607714059427,43.02680987552585,133.24378967285156
12.586605479045788,43.02680884372271,133.24378967285156
12.586603191953003,43.026807762994366,133.24378967285156
12.58660105050227,43.02680668495344,133.24378967285156
12.586598885190725,43.026805597567524,133.24378967285156
12.58659685297875,43.026804566134885,133.24378967285156
12.586594732619652,43.026803415584695,133.24378967285156
12.586592728251013,43.02680238134433,133.24378967285156
12.586590636086807,43.02680129015267,133.24378967285156
12.586588661577094,43.026800251811,133.24378967285156
12.586586601334282,43.0267990700781,133.24378967285156
12.5865846509414,43.02679802580614,133.24378967285156
12.586582604245258,43.02679692506371,133.24378967285156
12.586580633438615,43.026795792655605,133.24378967285156
12.586578580039443,43.02679469213591,133.24378967285156
12.586576621068561,43.02679365780452,133.24378967285156
12.586574558458592,43.02679258795997,133.24378967285156
12.586572577573971,43.026791548053815,133.24378967285156
12.586570520401423,43.026790477795906,133.24378967285156
12.586568572703813,43.02678946516071,133.24378967285156
12.586566504726742,43.026788356978116,133.24378967285156
12.586564575403855,43.0267873586814,133.24378967285156
12.586562547715245,43.02678631995369,133.24378967285156
12.58656063196248,43.026785343088676,133.24378967285156
12.586558610437855,43.026784284280126,133.24378967285156
12.586556784871265,43.02678326774493,133.24378967285156
12.586554944679897,43.02678214766239,133.24378967285156
12.586553243705213,43.02678101757062,133.24378967285156
12.586551578425317,43.026779801159364,133.24378967285156
12.586550083955377,43.026778598923975,133.24378967285156
12.586548588735434,43.02677729837935,133.24378967285156
12.586547179576709,43.02677604607346,133.24378967285156
12.586545754176028,43.02677474044118,133.24378967285156
12.586544406610127,43.02677349349575,133.24378967285156
12.586542973990806,43.0267721475701,133.24378967285156
12.586541661604075,43.02677088912631,133.24378967285156
12.586540307475778,43.0267695665229,133.24378967285156
12.586539059377156,43.026768305858745,133.24378967285156
12.586537769747906,43.026766921230426,133.24378967285156
12.586536637733513,43.02676563504932,133.24378967285156
12.586535541999842,43.02676426038297,133.24378967285156
12.586534577303297,43.026762896943254,133.24378967285156
12.5865337618311,43.026761444588885,133.24378967285156
12.586533141191946,43.026760036123775,133.24378967285156
12.586532648683697,43.02675854079468,133.24378967285156
12.586532290657818,43.02675711719653,133.24378967285156
12.5865320639503,43.02675562788552,133.24378967285156
12.58653196265498,43.026754223849395,133.24378967285156
12.586531989865568,43.026752740779216,133.24378967285156
12.586532128402625,43.02675136789369,133.24378967285156
12.586532396101818,43.02674994585469,133.24378967285156
12.58653276741666,43.026748623546844,133.24378967285156
12.586533256667243,43.026747267995994,133.24378967285156
12.58653385316623,43.026745993096156,133.24378967285156
12.586534584663207,43.02674466574255,133.24378967285156
12.586535374565564,43.02674340659684,133.24378967285156
12.586536301012767,43.02674214185709,133.24378967285156
12.586537264654726,43.02674096268777,133.24378967285156
12.586538353497943,43.02673974613774,133.24378967285156
12.586539457153425,43.02673859047111,133.24378967285156
12.586540623737646,43.02673737651676,133.24378967285156
12.586541710073048,43.02673621718358,133.24378967285156
12.586542838126583,43.02673496496188,133.24378967285156
12.586543857548925,43.0267338064811,133.24378967285156
12.586544919158145,43.02673260066511,133.24378967285156
12.586545955244324,43.02673147196639,133.24378967285156
12.586547127500355,43.026730294399044,133.24378967285156
12.586548253093012,43.026729229436434,133.24378967285156
12.586549465731247,43.026728143828116,133.24378967285156
12.586550599784715,43.0267271224699,133.24378967285156
12.586551882148482,43.02672606931217,133.24378967285156
12.586553150871834,43.0267250887999,133.24378967285156
12.586554539171537,43.02672408760766,133.24378967285156
12.586555888542126,43.02672317124698,133.24378967285156
12.586557389105778,43.026722255798646,133.24378967285156
12.586558855662119,43.026721430116275,133.24378967285156
12.586560385967516,43.02672059883987,133.24378967285156
12.586561922015015,43.026719866628554,133.24378967285156
12.586563576724807,43.026719158776615,133.24378967285156
12.58656518552122,43.02671854449852,133.24378967285156
12.586566870464939,43.026717975186926,133.24378967285156
12.586568541018247,43.02671748583675,133.24378967285156
12.586570328007317,43.02671703147716,133.24378967285156
12.586572015880675,43.02671665374654,133.24378967285156
12.586573829822465,43.02671631572247,133.24378967285156
12.586575549687524,43.026716049354405,133.24378967285156
12.586577344996776,43.026715830895505,133.24378967285156
12.586579023190582,43.02671568793477,133.24378967285156
12.586580814234274,43.02671558627827,133.24378967285156
12.586582522122951,43.026715539615594,133.24378967285156
12.586584316213475,43.02671552712538,133.24378967285156
12.58658605182831,43.02671558062433,133.24378967285156
12.586587903621107,43.026715701902845,133.24378967285156
12.586589685946187,43.02671587560518,133.24378967285156
12.586591594878767,43.02671614350671,133.24378967285156
12.586593426421867,43.02671642501643,133.24378967285156
12.586595374213239,43.02671677610044,133.24378967285156
12.586597222092028,43.02671719603488,133.24378967285156
12.586599186430016,43.02671770002131,133.24378967285156
12.586601044269585,43.02671825666284,133.24378967285156
12.586602979381441,43.02671892684287,133.24378967285156
12.586604799463755,43.02671965200814,133.24378967285156
12.586606693185606,43.026720465046125,133.24378967285156
12.586608483760557,43.0267212785724,133.24378967285156
12.586610383412019,43.02672214113006,133.24378967285156
12.586612218798821,43.02672297202527,133.24378967285156
12.586614198581916,43.02672383814239,133.24378967285156
12.586616138404665,43.02672464834906,133.24378967285156
12.58661823113139,43.02672549214997,133.24378967285156
12.586620256077865,43.02672628584436,133.24378967285156
12.5866223982804,43.026727125109225,133.24378967285156
12.586624432859523,43.0267279525221,133.24378967285156
12.586626493711693,43.02672892127238,133.24378967285156
12.586628413331583,43.02672993652259,133.24378967285156
12.58663038744285,43.02673110279055,133.24378967285156
12.586632219196845,43.02673227548778,133.24378967285156
12.586633995850086,43.02673364852969,133.24378967285156
12.586635583881138,43.02673502061641,133.24378967285156
12.586637167341978,43.026736507329595,133.24378967285156
12.586638749466921,43.02673792702561,133.24378967285156
12.586640498323767,43.026739401329934,133.24378967285156
12.586642230610538,43.02674079156942,133.24378967285156
12.58664410802014,43.026742259256,133.24378967285156
12.586645885939026,43.02674366026595,133.24378967285156
12.586647760512731,43.02674515014878,133.24378967285156
12.586649578485726,43.026746595193615,133.24378967285156
12.586651493394783,43.02674806657242,133.24378967285156
12.586653345632895,43.02674946253873,133.24378967285156
12.58665530504909,43.02675093610633,133.24378967285156
12.586657201841213,43.0267523387825,133.24378967285156
12.586659166132332,43.0267538294492,133.24378967285156
12.586661031776481,43.02675524965065,133.24378967285156
12.586663017114164,43.02675672738592,133.24378967285156
12.586664892695664,43.02675812448947,133.24378967285156
12.586666870767822,43.026759565861326,133.24378967285156
12.586668727037093,43.02676092655005,133.24378967285156
12.586670700492133,43.02676234782661,133.24378967285156
12.586672524769718,43.02676370390541,133.24378967285156
12.586674477061035,43.026765138698075,133.24378967285156
12.586676422157145,43.02676650366587,133.24378967285156
12.58667848279841,43.02676801786631,133.24378967285156
12.586680479737486,43.02676948929332,133.24378967285156
12.586682604338728,43.02677105714954,133.24378967285156
12.586684614660411,43.026772530206344,133.24378967285156
12.586686708324603,43.02677409002809,133.24378967285156
12.58668868543584,43.02677554710643,133.24378967285156
12.586690770428286,43.026777049910216,133.24378967285156
12.586692717153252,43.02677845542396,133.24378967285156
12.58669473631073,43.02677991208159,133.24378967285156
12.586696620200682,43.02678128904888,133.24378967285156
12.586698584526935,43.02678271062342,133.24378967285156
12.586700394121122,43.02678409980413,133.24378967285156
12.586702273288497,43.026785570102454,133.24378967285156
12.586704053199542,43.02678692799041,133.24378967285156
12.586705903785312,43.02678836691968,133.24378967285156
12.586707659942801,43.02678972577301,133.24378967285156
12.586709513985559,43.02679114523878,133.24378967285156
12.586711260897092,43.02679248233059,133.24378967285156
12.586713090002705,43.026793903996946,133.24378967285156
12.586714803961598,43.02679525140303,133.24378967285156
12.586716594267017,43.02679665014602,133.24378967285156
12.58671827594124,43.0267979702972,133.24378967285156
12.58672003718459,43.02679935181367,133.24378967285156
12.586721696909917,43.02680066894511,133.24378967285156
12.586723427602939,43.02680205861706,133.24378967285156
12.58672505683653,43.02680336757802,133.24378967285156
12.58672675494019,43.02680471882411,133.24378967285156
12.586728355193742,43.02680596864071,133.24378967285156
12.58672997997425,43.026807251865186,133.24378967285156
12.586731444596975,43.02680839759444,133.24378967285156
12.586732898298003,43.02680951918495,133.24378967285156
12.586734232703932,43.02681053540207,133.24378967285156
12.586735602945275,43.02681159197792,133.24378967285156
12.586736893535464,43.02681257962089,133.24378967285156
12.586738273409482,43.02681356712679,133.24378967285156
12.586739542789045,43.02681452880094,133.24378967285156
12.586740863378784,43.026815545988256,133.24378967285156
12.586742104809542,43.02681651304764,133.24378967285156
12.586743395200516,43.02681749315622,133.24378967285156
12.586744604616133,43.02681844408455,133.24378967285156
12.586745873585556,43.02681943603335,133.24378967285156
12.586747083868355,43.02682036665704,133.24378967285156
12.586748349708918,43.02682138101039,133.24378967285156
12.586749553194933,43.02682233340202,133.143798828125
12.586750808910638,43.02682331636169,133.143798828125
12.586751977393256,43.02682422543483,133.143798828125
12.586753158637404,43.026825208769026,133.143798828125
12.586754257746058,43.02682613599978,133.143798828125
12.586755409178162,43.02682707691706,133.143798828125
12.58675649999008,43.02682798307174,133.143798828125
12.586757660679867,43.026828929349314,133.143798828125
12.586758776639847,43.026829840855456,133.143798828125
12.586759947641974,43.026830815808495,133.143798828125
12.586761068711256,43.026831755329226,133.143798828125
12.586762249849958,43.02683274153622,133.143798828125
12.586763362985764,43.026833682821675,133.143798828125
12.586764583698098,43.026834691003806,133.143798828125
12.586765760641551,43.02683566216932,133.143798828125
12.586767014482295,43.026836692745825,133.143798828125
12.586768227390053,43.02683768090656,133.143798828125
12.586769506519484,43.026838730342085,133.143798828125
12.58677073688792,43.0268397342489,133.143798828125
12.586772058485467,43.02684080773109,133.143798828125
12.586773308107524,43.02684182971469,133.143798828125
12.58677464152912,43.026842905739045,133.143798828125
12.586775925111613,43.02684393357367,133.143798828125
12.586777329090754,43.02684501216804,133.143798828125
12.586778634739316,43.02684605098836,133.143798828125
12.586779999238567,43.02684714082113,133.143798828125
12.586781301711392,43.02684816044244,133.143798828125
12.586782646183591,43.026849213090465,133.143798828125
12.586783918129528,43.02685020844881,133.143798828125
12.586785258242427,43.02685126095763,133.143798828125
12.586786561629312,43.02685228572326,133.143798828125
12.58678791724588,43.026853396836735,133.143798828125
12.58678919386752,43.02685446164516,133.143798828125
12.586790515781452,43.02685557082471,133.143798828125
12.58679172705445,43.02685660639718,133.143798828125
12.586792967787959,43.02685767722797,133.143798828125
12.586794143881809,43.02685868260506,133.143798828125
12.586795404876744,43.026859730027404,133.143798828125
12.58679660899557,43.02686074155107,133.143798828125
12.58679788764454,43.026861812921574,133.143798828125
12.586799098630452,43.026862847588134,133.143798828125
12.586800404601291,43.02686393759118,133.143798828125
12.586801678773773,43.02686499570903,133.143798828125
12.586803052917427,43.02686613304299,133.143798828125
12.586804388460092,43.02686723582323,133.143798828125
12.586805829065648,43.02686841350626,133.143798828125
12.5868072303671,43.02686955119572,133.143798828125
12.58680873352641,43.026870756540546,133.143798828125
12.586810186459907,43.026871926419325,133.143798828125
12.586811743202409,43.02687317630233,133.143798828125
12.586813243478955,43.026874393482025,133.143798828125
12.586814839103688,43.02687570142143,133.143798828125
12.586816380881562,43.02687696358047,133.143798828125
12.586818020638447,43.02687828828915,133.143798828125
12.58681961011678,43.026879530513526,133.143798828125
12.586821278636913,43.02688082622824,133.143798828125
12.586822886525136,43.02688205166622,133.143798828125
12.586824601075834,43.02688333698529,133.143798828125
12.586826273797074,43.026884561249624,133.143798828125
12.586828028993649,43.026885842786506,133.143798828125
12.58682971489243,43.02688704988749,133.143798828125
12.586831555798678,43.026888283789326,133.143798828125
12.586833309987467,43.02688944447175,133.143798828125
12.586835200609782,43.02689063382257,133.143798828125
12.586837049929976,43.02689174136158,133.143798828125
12.586839094885926,43.02689287507609,133.143798828125
12.586841028975362,43.026893927766935,133.143798828125
12.58684310114185,43.026894986959874,133.143798828125
12.586845157171865,43.02689592358074,133.143798828125
12.586847340134561,43.02689684461025,133.143798828125
12.586849462421402,43.02689765150588,133.143798828125
12.586851729514681,43.02689842867512,133.143798828125
12.586853923375639,43.02689910845835,133.143798828125
12.586856250336181,43.02689978522183,133.143798828125
12.586858482839142,43.0269003972983,133.143798828125
12.586860890602201,43.026900976020386,133.143798828125
12.586863166229522,43.02690155529935,133.143798828125
12.58686555693765,43.02690219506763,133.143798828125
12.586867835015605,43.02690282787978,133.143798828125
12.586870201206999,43.0269034897501,133.143798828125
12.586872456553843,43.02690414072361,133.143798828125
12.586874794348182,43.0269048285424,133.143798828125
12.586876959498603,43.02690546664017,133.143798828125
12.586879229191904,43.02690615593244,133.143798828125
12.586881357710057,43.02690680188586,133.143798828125
12.58688357246924,43.02690746786818,133.143798828125
12.586885661948067,43.02690809777621,133.143798828125
12.586887840670622,43.026908750137494,133.143798828125
12.586889908190715,43.02690935174121,133.143798828125
12.586892080534476,43.02690996018113,133.143798828125
12.58689411776731,43.02691054775263,133.143798828125
12.586896224845963,43.02691117247781,133.143798828125
12.58689821786443,43.02691175054885,133.143798828125
12.586900312511519,43.02691233686103,133.143798828125
12.586902291497001,43.026912843708665,133.143798828125
12.58690436887238,43.02691331390804,133.143798828125
12.586906348629086,43.026913713552254,133.143798828125
12.586908429388192,43.02691411571507,133.143798828125
12.58691039102212,43.026914506227214,133.143798828125
12.5869124474564,43.02691492922422,133.143798828125
12.586914397713063,43.02691534320905,133.143798828125
12.586916465309294,43.026915766540135,133.143798828125
12.5869184562221,43.026916153908296,133.143798828125
12.5869205410798,43.02691654006854,133.143798828125
12.586922591979997,43.02691685087627,133.143798828125
12.586924785190574,43.02691712228582,133.143798828125
12.586926895706092,43.026917342158235,133.143798828125
12.586929126316495,43.02691754763864,133.143798828125
12.586931251515377,43.02691772298145,133.143798828125
12.586933486754617,43.026917885105874,133.143798828125
12.586935627093908,43.02691801083047,133.143798828125
12.586937879987191,43.02691813491025,133.143798828125
12.586940043924766,43.026918216696345,133.143798828125
12.586942341585935,43.0269182779481,133.143798828125
12.586944554436846,43.02691832356569,133.143798828125
12.586946890195103,43.02691839465201,133.143798828125
12.586949120984213,43.026918468419694,133.143798828125
12.586951485482274,43.02691852941446,133.143798828125
12.586953723378704,43.0269185977166,133.143798828125
12.58695608071086,43.02691866696964,133.143798828125
12.586958325075948,43.02691873175089,133.143798828125
12.586960686216642,43.026918809270775,133.143798828125
12.586962950655643,43.02691888267867,133.143798828125
12.586965343623987,43.02691896967331,133.143798828125
12.586967633553819,43.02691906194504,133.143798828125
12.58697003426667,43.02691915886846,133.143798828125
12.58697231132511,43.0269192478677,133.143798828125
12.586974690341016,43.02691933639578,133.143798828125
12.586976951642358,43.026919414875145,133.143798828125
12.586979301197758,43.02691950976828,133.143798828125
12.586981527124385,43.02691964342565,133.143798828125
12.586983899914058,43.02691984682438,133.143798828125
12.586986102084932,43.02692009348483,133.143798828125
12.58698838595588,43.02692041074331,133.143798828125
12.586990529916376,43.02692077170899,133.143798828125
12.586992755599104,43.02692121696224,133.143798828125
12.586994839340578,43.026921683460856,133.143798828125
12.586996997818922,43.02692222294759,133.143798828125
12.586999007370832,43.02692280315176,133.143798828125
12.587001115765265,43.02692343113232,133.143798828125
12.587003101533595,43.02692407978426,133.143798828125
12.587005171611954,43.02692481858339,133.143798828125
12.58700710727898,43.02692560198922,133.143798828125
12.587009140879594,43.02692647340059,133.143798828125
12.58701101819541,43.02692740007562,133.143798828125
12.587012901489155,43.026928512210716,133.143798828125
12.587014616852787,43.026929648135486,133.143798828125
12.587016330965456,43.026930940025245,133.143798828125
12.58701787709087,43.02693225815474,133.143798828125
12.58701940932097,43.026933738914096,133.143798828125
12.587020738989617,43.0269352250876,133.143798828125
12.587021987650669,43.026936870035954,133.143798828125
12.587023021354955,43.026938541138385,133.143798828125
12.587023905433531,43.02694035939925,133.143798828125
12.587024561275252,43.02694214385599,133.143798828125
12.58702503454742,43.02694406782112,133.143798828125
12.587025272006683,43.02694595434128,133.143798828125
12.587025324757752,43.02694792651968,133.143798828125
12.587025168423057,43.026949796334804,133.143798828125
12.587024766294167,43.02695177502387,133.143798828125
12.5870242062106,43.026953611069125,133.04379272460938
12.587023422712392,43.0269555187404,133.04379272460938
12.587022503987678,43.02695730436218,133.04379272460938
12.587021339506853,43.02695915904851,133.04379272460938
12.587020075737467,43.02696085412047,133.04379272460938
12.58701856943751,43.026962575235125,133.04379272460938
12.587016958637154,43.02696415997678,133.04379272460938
12.587015129423055,43.02696572411558,133.04379272460938
12.587013232017098,43.026967126746726,133.04379272460938
12.587011075144304,43.02696849792102,133.04379272460938
12.587008859627366,43.026969703672705,133.04379272460938
12.587006437301008,43.02697085073407,133.04379272460938
12.587004027581647,43.02697181887172,133.143798828125
12.587001354837396,43.02697274013251,133.143798828125
12.586998780210951,43.02697343934493,133.143798828125
12.586996011383178,43.026974023506824,133.143798828125
12.586993317264255,43.02697443241156,133.143798828125
12.586990440349659,43.02697469758453,133.143798828125
12.586987677189484,43.02697482569062,133.143798828125
12.586984774134978,43.02697482682137,133.143798828125
12.586982077528097,43.0269746505019,133.143798828125
12.586979223507056,43.0269743630383,133.143798828125
12.586976540495195,43.02697394474435,133.143798828125
12.586973758452588,43.02697334944565,133.143798828125
12.586971160374043,43.02697262018121,133.143798828125
12.586968477549691,43.02697180304834,133.143798828125
12.586965989959744,43.02697094054632,133.143798828125
12.586963451780694,43.02696994966405,133.143798828125
12.586961052226533,43.02696896242261,133.143798828125
12.586958571802493,43.026967846081284,133.143798828125
12.58695628571347,43.026966692089374,133.143798828125
12.586954038383643,43.026965338331046,133.143798828125
12.586951966310982,43.026963980991866,133.143798828125
12.586949899365196,43.02696246713942,133.143798828125
12.586948069202023,43.02696096529747,133.143798828125
12.586946259886203,43.0269593014596,133.143798828125
12.586944664290845,43.02695765467797,133.143798828125
12.586943127238563,43.02695585580349,133.143798828125
12.586941826054845,43.02695407339419,133.143798828125
12.586940571845034,43.02695214649925,133.143798828125
12.58693951839201,43.02695027080737,133.143798828125
12.586938629397482,43.02694827459942,133.143798828125
12.58693786446751,43.02694632888349,133.143798828125
12.58693715740383,43.026944259627456,133.143798828125
12.586936494516205,43.0269422899334,133.143798828125
12.586935784686881,43.02694023977252,133.143798828125
12.586934994963242,43.02693827614368,133.143798828125
12.586934103071213,43.02693620970611,133.143798828125
12.586933236195419,43.02693425153424,133.143798828125
12.586932295510174,43.02693219003107,133.143798828125
12.586931389828308,43.02693023328126,133.143798828125
12.58693042374011,43.026928174707905,133.143798828125
12.586929467952542,43.02692621740983,133.143798828125
12.586928453100429,43.02692414645761,133.143798828125
12.586927488119656,43.02692217339685,133.143798828125
12.58692650495166,43.02692011884125,133.143798828125
12.586925564834775,43.02691813981807,133.143798828125
12.58692456770408,43.02691604834864,133.143798828125
12.586923606036727,43.02691404258885,133.143798828125
12.586922555700767,43.02691194506278,133.143798828125
12.586921554207835,43.02690989731768,133.143798828125
12.58692048586922,43.026907725998235,133.143798828125
12.586919461205738,43.02690568039482,133.143798828125
12.586918384350646,43.02690348506295,133.143798828125
12.586917344332898,43.026901391374764,133.143798828125
12.586916228208855,43.02689918004462,133.143798828125
12.586915130635319,43.02689707142041,133.143798828125
12.586913992035049,43.02689479956239,133.143798828125
12.58691289558796,43.026892620138845,133.04379272460938
12.586911706423503,43.026890349433046,133.04379272460938
12.58691059197229,43.02688816289917,133.04379272460938
12.586909419243137,43.02688585776388,133.04379272460938
12.586908299161154,43.02688365270026,133.04379272460938
12.586907104736527,43.02688133032453,133.04379272460938
12.586905989393244,43.02687908436786,133.04379272460938
12.58690481747414,43.026876700431956,133.04379272460938
12.58690366042298,43.02687443210769,133.04379272460938
12.586902484762724,43.02687202779594,133.04379272460938
12.586901380753504,43.026869732533754,133.04379272460938
12.58690023963522,43.02686731221087,133.04379272460938
12.586899154502428,43.02686500976124,133.04379272460938
12.586898023386672,43.02686258584892,133.04379272460938
12.586896945783057,43.02686026778864,133.04379272460938
12.586895779603118,43.026857813053404,133.04379272460938
12.586894671938786,43.02685546250615,133.04379272460938
12.58689347989055,43.02685298975104,133.04379272460938
12.58689232003965,43.02685062764718,133.04379272460938
12.586891073468088,43.02684812938893,133.04379272460938
12.586889906798906,43.026845756339135,133.04379272460938
12.586888669322054,43.02684325424729,133.04379272460938
12.586887461569367,43.02684084736125,133.04379272460938
12.586886219779897,43.02683831640397,133.04379272460938
12.586885031641735,43.02683590398706,133.04379272460938
12.586883781699989,43.02683336719214,133.04379272460938
12.586882583005776,43.026830949538855,133.143798828125
12.58688134272123,43.026828403169844,133.143798828125
12.586880145957998,43.02682598339149,133.143798828125
12.586878797583857,43.02682344522679,133.143798828125
12.586877473899998,43.02682104061298,133.143798828125
12.586875981435321,43.026818539218255,133.143798828125
12.586874452323723,43.02681618178126,133.143798828125
12.58687270128281,43.026813733269734,133.143798828125
12.586870950101277,43.026811415326186,133.143798828125
12.586868986933633,43.026808997817476,133.143798828125
12.58686697712752,43.02680671711866,133.143798828125
12.586864786051143,43.02680436675561,133.143798828125
12.586862558508011,43.026802189797166,133.143798828125
12.58686003457572,43.02679998644479,133.143798828125
12.586857406600048,43.02679799887855,133.04379272460938
12.586854477465778,43.02679606823685,133.04379272460938
12.586851534474306,43.026794383000556,133.04379272460938
12.586848268129245,43.02679276344181,133.04379272460938
12.58684506676369,43.02679142950477,133.04379272460938
12.586841577121175,43.026790252380835,133.04379272460938
12.586838166924757,43.02678936415108,133.04379272460938
12.586834428845524,43.02678871498098,133.04379272460938
12.586830902292457,43.02678835082542,133.04379272460938
12.58682720064045,43.02678827136958,133.04379272460938
12.586823687411442,43.02678851786631,133.04379272460938
12.58682009745507,43.026789035029445,133.04379272460938
12.586816782416502,43.02678977435764,133.04379272460938
12.586813437384254,43.02679079438919,133.143798828125
12.586810381431704,43.02679202180615,133.143798828125
12.586807429903388,43.0267934553278,133.143798828125
12.586804822696125,43.026794973517156,133.143798828125
12.586802260652254,43.02679677748561,133.143798828125
12.586800029371037,43.02679853687627,133.143798828125
12.586797866989192,43.02680048639155,133.143798828125
12.586795988495698,43.02680242794838,133.143798828125
12.586794154110926,43.0268045760029,133.143798828125
12.586792634586715,43.026806670513515,133.143798828125
12.586791239238392,43.026808940484734,133.143798828125
12.586790028604105,43.02681119628452,133.143798828125
12.586788972080798,43.02681352957743,133.143798828125
12.586788060340472,43.02681575134178,133.143798828125
12.586787167197519,43.02681807498644,133.143798828125
12.586786347858155,43.02682028473013,133.143798828125
12.586785547104444,43.0268225594237,133.143798828125
12.586784805412359,43.02682472377121,133.143798828125
12.58678399141666,43.02682703072935,133.143798828125
12.586783326645305,43.02682925487846,133.143798828125
12.586782680541647,43.026831617278,133.143798828125
12.586782132323268,43.02683388398396,133.143798828125
12.58678156367943,43.02683624253519,133.143798828125
12.58678127126587,43.02683853992781,133.04379272460938
12.58678111124877,43.026840959517166,133.04379272460938
12.586780984008524,43.02684324965862,133.04379272460938
12.586781077968112,43.026845656423646,133.04379272460938
12.586781269871558,43.02684794010796,133.04379272460938
12.586781583800537,43.026850336388456,133.04379272460938
12.586781938100014,43.02685261036887,133.04379272460938
12.586782466642994,43.026855007792996,133.04379272460938
12.58678308902833,43.02685727545548,133.04379272460938
12.586783736070275,43.02685960856073,133.04379272460938
12.586784571451703,43.026861811165915,133.04379272460938
12.586785550573905,43.02686406991689,133.04379272460938
12.586786567511956,43.02686616524558,133.04379272460938
12.586787633164121,43.02686826294295,133.04379272460938
12.586788807365455,43.02687025401085,133.04379272460938
12.586790128798981,43.02687230051375,133.04379272460938
12.586791436340143,43.02687415500735,133.04379272460938
12.586792995918582,43.02687610642865,133.04379272460938
12.586794600672132,43.02687791181803,133.04379272460938
12.58679641313157,43.0268797450277,133.04379272460938
12.58679820914984,43.026881388416854,133.04379272460938
12.58680021165527,43.0268830763142,133.04379272460938
12.586802179485424,43.02688463395947,133.04379272460938
12.586804229064365,43.026886219013825,133.04379272460938
12.586806296807097,43.02688770263869,133.04379272460938
12.586808519311194,43.02688922672828,133.04379272460938
12.58681065830285,43.02689065841764,133.04379272460938
12.586812857065091,43.02689210653362,133.04379272460938
12.5868149937013,43.02689354698245,133.04379272460938
12.58681721849635,43.02689509120803,133.04379272460938
12.586819246413473,43.02689654694837,133.04379272460938
12.586821451673668,43.02689813442712,133.04379272460938
12.586823559991949,43.02689966500171,133.04379272460938
12.586825791824017,43.02690129968715,133.04379272460938
12.586827889003787,43.026902868803234,133.04379272460938
12.586830146019071,43.02690456084262,133.04379272460938
12.586832301287819,43.02690619719,133.04379272460938
12.586834479501533,43.026907978288584,133.04379272460938
12.586836629666848,43.026909657872004,133.04379272460938
12.586838897890955,43.02691142971001,133.04379272460938
12.58684106426013,43.02691311511019,133.04379272460938
12.586843278162771,43.02691492029828,133.04379272460938
12.586845446216484,43.02691660359964,133.04379272460938
12.58684772385353,43.02691837084589,133.04379272460938
12.586849817450346,43.02692007253135,133.04379272460938
12.586852083257494,43.026921849903424,133.04379272460938
12.58685422940626,43.02692354553223,133.04379272460938
12.586856468169865,43.026925339677874,133.04379272460938
12.586858539961336,43.02692706869104,133.04379272460938
12.586860778273767,43.026928892040495,133.04379272460938
12.586862885417244,43.02693064232473,133.04379272460938
12.586864996980076,43.02693252418461,133.04379272460938
12.586867022853749,43.026934303227186,133.04379272460938
12.586869085903132,43.02693620359111,133.04379272460938
12.586870963032903,43.02693807299507,133.04379272460938
12.586872789091652,43.026940140709115,133.04379272460938
12.586874475109028,43.026942160912355,133.04379272460938
12.58687613383822,43.02694435740931,133.04379272460938
12.586877536454267,43.026946516075796,133.04379272460938
12.586878895866121,43.02694882567006,133.04379272460938
12.586880045993734,43.026951073884064,133.04379272460938
12.586881107262315,43.026953486449834,133.04379272460938
12.58688192065297,43.02695585032259,133.04379272460938
12.58688262176135,43.02695837519753,133.04379272460938
12.586883079094413,43.02696080060474,133.04379272460938
12.586883256638052,43.026963380829,133.04379272460938
12.586883287118335,43.02696580948297,133.04379272460938
12.586883126298744,43.02696835460954,133.04379272460938
12.58688282812354,43.02697076594166,133.04379272460938
12.586882305999394,43.02697329910913,133.04379272460938
12.586881716864022,43.02697566445532,133.04379272460938
12.586880919127012,43.026978127410274,133.04379272460938
12.586879919467226,43.0269804747493,133.04379272460938
12.586878777797352,43.026982874961874,133.04379272460938
12.586877548085086,43.02698511127671,133.04379272460938
12.586876098820175,43.02698741043672,133.04379272460938
12.586874540281741,43.02698956063927,133.04379272460938
12.586872765999928,43.02699175766731,133.04379272460938
12.586870921598546,43.0269937705117,133.04379272460938
12.586868731948883,43.02699584226058,133.04379272460938
12.586866588293175,43.0269976987802,133.04379272460938
12.586864215414808,43.02699957784731,133.04379272460938
12.58686184918234,43.02700131032138,133.04379272460938
12.586859199553695,43.027003081396906,133.04379272460938
12.586856599802228,43.027004642246084,133.04379272460938
12.586853731897522,43.0270061666012,133.04379272460938
12.586850866207639,43.02700752325497,133.04379272460938
12.586847788719155,43.02700883914848,133.04379272460938
12.586844784547944,43.0270100084147,133.04379272460938
12.586841548302058,43.02701116688689,133.04379272460938
12.586838364956742,43.027012204603174,133.04379272460938
12.58683492497461,43.02701321324411,133.04379272460938
12.586831553241478,43.027014079558214,133.04379272460938
12.586827909485065,43.02701490048606,133.04379272460938
12.58682444175925,43.02701557697965,133.04379272460938
12.586820773786416,43.02701618135894,133.04379272460938
12.586817266569,43.02701667019083,133.04379272460938
12.586813515804417,43.02701708999241,133.04379272460938
12.586809967068092,43.02701739477774,133.04379272460938
12.58680623040097,43.02701762499868,133.04379272460938
12.586802653170938,43.02701780383667,133.04379272460938
12.586798919896356,43.027017915049306,133.04379272460938
12.586795383652047,43.02701798318868,133.04379272460938
12.586791677992283,43.02701803491429,133.04379272460938
12.586788153689197,43.0270180956178,133.04379272460938
12.586784459712858,43.0270181767614,133.04379272460938
12.586780963346868,43.02701826614615,133.04379272460938
12.586777323053333,43.02701838143653,133.04379272460938
12.58677387178042,43.02701845742299,133.04379272460938
12.586770252381093,43.02701852881769,133.04379272460938
12.586766823807059,43.02701857692817,133.04379272460938
12.58676326125454,43.02701865877424,133.04379272460938
12.586759850188049,43.02701867825487,133.04379272460938
12.586756258257054,43.027018679488464,133.04379272460938
12.586752899795254,43.02701868697573,133.04379272460938
12.586749309071285,43.02701862913348,133.04379272460938
12.586745915442048,43.02701855748176,133.04379272460938
12.586742360295673,43.02701847609829,133.04379272460938
12.586739009322036,43.027018417587854,133.04379272460938
12.586735463128646,43.02701830039565,133.04379272460938
12.586732079706266,43.027018167989034,133.04379272460938
12.586728558133595,43.02701804185322,133.04379272460938
12.586725132547786,43.02701789431785,133.04379272460938
12.586721525980302,43.027017745034875,133.04379272460938
12.586718111656062,43.027017617939606,133.04379272460938
12.586714590329505,43.02701753282107,133.04379272460938
12.58671122993415,43.02701741975802,133.04379272460938
12.586707725869049,43.02701729588382,133.04379272460938
12.586704448863077,43.02701719997127,133.04379272460938
12.586700984336458,43.02701708797049,133.04379272460938
12.586697706908618,43.0270169932744,133.04379272460938
12.586694272838571,43.02701690041158,133.04379272460938
12.586691033484376,43.027016841335765,133.04379272460938
12.586687610699318,43.027016753493015,133.04379272460938
12.586684362028853,43.02701667063607,133.04379272460938
12.58668099385235,43.02701663224021,133.04379272460938
12.586677746259987,43.027016545768134,133.04379272460938
12.586674316865643,43.02701645283678,133.04379272460938
12.586671035805022,43.02701637362926,133.04379272460938
12.586667592254628,43.02701634729528,133.04379272460938
12.586664257452615,43.02701626719682,133.04379272460938
12.586660728380055,43.02701616592151,133.04379272460938
12.586657382539157,43.02701608726223,132.9438018798828
12.586653831435685,43.02701593405572,132.9438018798828
12.586650457142094,43.027015769027166,132.9438018798828
12.586646904163647,43.02701557694504,132.9438018798828
12.58664351156563,43.027015409980415,132.9438018798828
12.58663995296226,43.02701517878283,132.9438018798828
12.586636549770645,43.0270149235814,132.9438018798828
12.586632962433328,43.02701464614086,132.9438018798828
12.586629512554907,43.027014307654156,132.9438018798828
12.586625862757586,43.02701389280405,132.9438018798828
12.586622375778154,43.0270134289354,132.9438018798828
12.586618695582844,43.02701288214127,132.9438018798828
12.586615183830348,43.0270122677903,132.9438018798828
12.58661148371347,43.02701155307211,132.9438018798828
12.586607959140863,43.027010834293314,132.9438018798828
12.586604285484537,43.02701001077828,132.9438018798828
12.58660080844248,43.02700917544122,132.9438018798828
12.58659717791052,43.02700823386018,132.9438018798828
12.586593744344375,43.0270072639577,132.9438018798828
12.586590160405464,43.027006187125906,132.9438018798828
12.586586761901296,43.027005099654296,132.9438018798828
12.586583196923044,43.02700389838291,132.9438018798828
12.586579836926132,43.027002679464154,132.9438018798828
12.586576349360811,43.02700130403213,132.9438018798828
12.586573085174992,43.026999887839835,132.9438018798828
12.586569707881502,43.02699825619551,132.9438018798828
12.586566686574935,43.02699657798269,132.9438018798828
12.586563757024855,43.026994634356974,132.9438018798828
12.586561237835893,43.02699261116393,132.9438018798828
12.586558943268598,43.02699030549315,132.9438018798828
12.58655710347579,43.02698798707518,132.9438018798828
12.586555532788358,43.02698545570667,132.9438018798828
12.586554342415582,43.026983002140774,132.9438018798828
12.58655337582073,43.026980385276815,132.9438018798828
12.586552749416139,43.02697787467397,132.9438018798828
12.586552490060775,43.02697521501089,132.9438018798828
12.586552463248816,43.026972736790135,132.9438018798828
12.586552713909278,43.02697016771971,132.9438018798828
12.586553182019614,43.02696777342671,132.9438018798828
12.586553941734985,43.02696525677581,132.9438018798828
12.586554819362663,43.02696295358947,132.9438018798828
12.586555942799189,43.026960578700006,132.9438018798828
12.586557262521858,43.02695830342391,132.9438018798828
12.58655880944426,43.02695603289376,132.9438018798828
12.586560435373274,43.026953926732496,132.9438018798828
12.586562256838418,43.026951750178824,132.9438018798828
12.586564115498321,43.026949673546895,132.9438018798828
12.586566062258475,43.02694754671422,132.9438018798828
12.586567971097322,43.02694554098016,132.9438018798828
12.58657014920562,43.026943414190335,132.9438018798828
12.586572265932038,43.026941501044966,132.9438018798828
12.586574608264446,43.02693954728495,132.9438018798828
12.586576876113549,43.026937696736276,132.9438018798828
12.586579281421537,43.02693569142195,132.9438018798828
12.586581514536771,43.02693376625748,132.9438018798828
12.586583839970952,43.02693169581924,132.9438018798828
12.586586046649087,43.02692968627297,132.9438018798828
12.586588332544803,43.026927539017315,132.9438018798828
12.586590534863642,43.02692547695731,132.9438018798828
12.586592896109801,43.02692329303626,132.9438018798828
12.586595176286847,43.02692119383113,132.9438018798828
12.586597549181255,43.02691901606096,132.9438018798828
12.586599784944884,43.026916938975,132.9438018798828
12.586602086051297,43.026914743506076,132.9438018798828
12.586604284784238,43.02691266794497,132.9438018798828
12.586606612702772,43.0269104864997,132.9438018798828
12.586608842372765,43.026908402748866,132.9438018798828
12.586611217985899,43.02690618980391,132.9438018798828
12.586613475592971,43.02690408934804,132.9438018798828
12.586615853127945,43.026901869241335,132.9438018798828
12.586618073751184,43.026899728963244,132.9438018798828
12.586620434387973,43.02689749549252,132.9438018798828
12.586622680112407,43.02689536259891,132.9438018798828
12.586625047803782,43.026893107077555,132.9438018798828
12.586627295168823,43.026890941377836,132.9438018798828
12.5866296839302,43.02688868218994,132.9438018798828
12.586631966685339,43.0268865190945,132.9438018798828
12.58663432085348,43.02688421370648,132.9438018798828
12.58663662074117,43.02688201686689,132.9438018798828
12.58663904500983,43.02687970011089,132.9438018798828
12.586641364819107,43.02687749002293,132.9438018798828
12.586643779314475,43.026875140448,132.9438018798828
12.58664614468558,43.02687293416792,132.9438018798828
12.586648666616856,43.02687061815723,132.9438018798828
12.586651104596259,43.02686836837983,132.9438018798828
12.586653694612457,43.02686602458311,132.9438018798828
12.586656173841234,43.02686378788489,132.9438018798828
12.586658789567986,43.02686143867403,132.9438018798828
12.58666128522621,43.026859200673684,132.9438018798828
12.586663918554265,43.02685686464909,132.9438018798828
12.58666643734496,43.02685464033829,132.9438018798828
12.586669084196249,43.026852273169524,132.9438018798828
12.58667162975217,43.02685003552469,132.9438018798828
12.58667431836846,43.02684767822046,132.9438018798828
12.586676885252189,43.0268454405178,132.9438018798828
12.586679559665562,43.026843088906126,132.9438018798828
12.586682144736518,43.026840840183496,132.9438018798828
12.586684872820967,43.026838457215625,132.9438018798828
12.58668746970424,43.02683615506637,132.9438018798828
12.586690199687098,43.02683375616447,132.9438018798828
12.586692784312739,43.02683148468071,132.9438018798828
12.586695481823416,43.02682911543775,132.9438018798828
12.586698014254514,43.026826864280316,132.9438018798828
12.586700657320689,43.02682451062068,132.9438018798828
12.586703162002205,43.02682226574689,132.9438018798828
12.586705784478859,43.02681988417003,132.9438018798828
12.586708327210607,43.02681761401893,132.9438018798828
12.586711039334372,43.026815214516304,132.9438018798828
12.586713651322901,43.02681292869032,132.9438018798828
12.586716408820982,43.02681051592111,132.9438018798828
12.586719049238766,43.026808233973696,132.9438018798828
12.586721828041211,43.026805836093374,132.9438018798828
12.58672446678324,43.02680353112085,132.9438018798828
12.586727227503925,43.026801135598525,132.9438018798828
12.586729868824053,43.026798865528804,132.9438018798828
12.586732683872075,43.02679650062807,132.9438018798828
12.586735423534503,43.02679426660054,132.9438018798828
12.586738367275926,43.026791956913144,132.9438018798828
12.586741232409146,43.02678981784086,132.9438018798828
12.58674432535149,43.026787632388555,132.9438018798828
12.58674734519336,43.02678568349552,132.9438018798828
12.586750628070392,43.026783770627,132.9438018798828
12.586753865514513,43.02678208791011,132.9438018798828
12.58675739779799,43.02678047397458,132.9438018798828
12.586760837282057,43.02677910063853,132.9438018798828
12.586764540715325,43.02677783447687,132.9438018798828
12.586768153317916,43.02677683841969,132.9438018798828
12.586772012444182,43.026775976815294,132.9438018798828
12.586775756130754,43.02677534475444,132.9438018798828
12.58677974909486,43.026774872869076,132.9438018798828
12.586783597299391,43.02677462497834,132.9438018798828
12.586787627551985,43.02677455388782,132.9438018798828
12.586791441377342,43.026774655349456,132.9438018798828
12.586795493921374,43.02677492956448,132.9438018798828
12.58679925883025,43.02677534577968,132.8437957763672
12.586803179385248,43.02677596006939,132.9438018798828
12.586806867672205,43.026776704774214,132.9438018798828
12.586810766834928,43.02677766696067,132.9438018798828
12.586814347984806,43.02677872377346,132.9438018798828
12.586818050750052,43.02677999205407,132.9438018798828
12.586821600207031,43.026781366638936,132.9438018798828
12.586825122523779,43.02678290484915,132.9438018798828
12.586828380176495,43.0267845077892,132.9438018798828
12.586831701074363,43.02678634598798,132.9438018798828
12.586834806239105,43.02678828174572,132.8437957763672
12.586837918153742,43.0267903857643,132.9438018798828
12.586840751503185,43.02679248992851,132.8437957763672
12.586843678407126,43.026794864876734,132.8437957763672
12.586846236543618,43.02679716051288,132.8437957763672
12.586848762204255,43.02679966861001,132.8437957763672
12.586851001328135,43.02680214463776,132.8437957763672
12.586853239247926,43.02680486953831,132.8437957763672
12.58685511069562,43.026807514014834,132.8437957763672
12.58685686913949,43.02681036691894,132.8437957763672
12.586858409618113,43.02681315712411,132.8437957763672
12.586859809633365,43.02681613461428,132.8437957763672
12.5868609733201,43.026819017257374,132.8437957763672
12.58686201302137,43.02682209762052,132.8437957763672
12.586862819701684,43.026825081504114,132.8437957763672
12.586863480327532,43.026828251295804,132.8437957763672
12.586863926181174,43.026831304436826,132.8437957763672
12.586864211012799,43.02683456832933,132.8437957763672
12.586864275022508,43.02683766559452,132.8437957763672
12.586864152167815,43.02684091843279,132.8437957763672
12.58686385878147,43.02684400393591,132.8437957763672
12.586863364954745,43.026847204421045,132.8437957763672
12.58686270115886,43.026850261976456,132.8437957763672
12.586861816359427,43.026853467487015,132.8437957763672
12.586860833293882,43.02685647364662,132.8437957763672
12.586859578922795,43.026859620539646,132.9438018798828
12.58685821173405,43.02686258473751,132.9438018798828
12.586856597673004,43.02686567475207,132.9438018798828
12.586854916353193,43.02686856247732,132.9438018798828
12.586852980514704,43.026871563925226,132.9438018798828
12.586850995007039,43.02687437529564,132.9438018798828
12.586848799769088,43.026877255662086,132.9438018798828
12.586846531852535,43.02687994365516,132.8437957763672
12.586844007477882,43.026882691486485,132.8437957763672
12.58684148311788,43.026885242905244,132.8437957763672
12.586838750105704,43.02688784372376,132.8437957763672
12.586835966152876,43.02689024498574,132.8437957763672
12.586832892645758,43.02689266727891,132.8437957763672
12.586829886057567,43.026894841815114,132.8437957763672
12.586826542993917,43.02689704974851,132.8437957763672
12.586823258030972,43.02689905621072,132.8437957763672
12.586819711603171,43.02690106962052,132.8437957763672
12.586816290359062,43.026902862969415,132.8437957763672
12.586812585753929,43.026904711676195,132.8437957763672
12.586808983768366,43.02690638972614,132.8437957763672
12.586805162786064,43.026908037013136,132.8437957763672
12.58680143904451,43.026909593647524,132.8437957763672
12.586797493153933,43.02691119869226,132.8437957763672
12.586793747850237,43.02691275255108,132.8437957763672
12.586789888296293,43.026914413776126,132.8437957763672
12.586786217827422,43.02691606794221,132.8437957763672
12.586782372728324,43.026917839411844,132.8437957763672
12.58677872232164,43.02691951261308,132.8437957763672
12.586774897003506,43.02692129255516,132.8437957763672
12.586771282244749,43.02692298657344,132.8437957763672
12.58676752057021,43.02692476705521,132.8437957763672
12.586764030860376,43.02692647998872,132.8437957763672
12.586760339989464,43.02692827021938,132.8437957763672
12.586756864927843,43.026929973352594,132.8437957763672
12.586753322332074,43.02693177407745,132.8437957763672
12.586749929218454,43.02693347171943,132.8437957763672
12.58674639900921,43.02693524357454,132.8437957763672
12.5867430546683,43.02693692021959,132.8437957763672
12.586739637519878,43.026938696597924,132.8437957763672
12.58673633447523,43.02694034769711,132.8437957763672
12.586732897651316,43.02694205740097,132.8437957763672
12.586729746186446,43.026943704679425,132.8437957763672
12.586726340030054,43.02694542002873,132.8437957763672
12.586723127499685,43.026947038171905,132.8437957763672
12.586719779549455,43.02694872343503,132.8437957763672
12.586716678345562,43.02695033860558,132.8437957763672
12.586713392597538,43.02695204469431,132.8437957763672
12.586710312498807,43.0269536983721,132.8437957763672
12.586707236571902,43.026955503800075,132.8437957763672
12.58670430337726,43.0269572729396,132.8437957763672
12.58670132635516,43.026959223547124,132.8437957763672
12.586698637762382,43.02696117902911,132.8437957763672
12.586696053289163,43.026963386637064,132.8437957763672
12.58669373823773,43.026965570558154,132.8437957763672
12.586691526532421,43.02696797405182,132.8437957763672
12.586689675208474,43.02697035056901,132.8437957763672
12.586687891125719,43.026972888439616,132.8437957763672
12.586686399772992,43.0269753654097,132.8437957763672
12.586685059589897,43.026978029253335,132.8437957763672
12.586684062784514,43.0269806287612,132.8437957763672
12.586683189563233,43.02698335509021,132.8437957763672
12.586682587181675,43.026985967071155,132.8437957763672
12.586682281772264,43.02698872564513,132.8437957763672
12.586682129618382,43.026991338174334,132.8437957763672
12.586682198547155,43.02699406820413,132.8437957763672
12.586682477683736,43.02699664566134,132.8437957763672
12.586683064409486,43.026999351430284,132.8437957763672
12.58668372695442,43.02700187320406,132.8437957763672
12.586684606128946,43.02700448396851,132.8437957763672
12.586685697222194,43.02700696177807,132.8437957763672
12.586686958516044,43.02700947673277,132.8437957763672
12.586688327316097,43.02701181341482,132.8437957763672
12.586689943776536,43.02701421013219,132.8437957763672
12.586691709086322,43.027016458680244,132.8437957763672
12.586693687275753,43.02701871893037,132.8437957763672
12.586695731452487,43.027020793728994,132.8437957763672
12.586698115889787,43.02702294669,132.8437957763672
12.586700469225981,43.027024835951444,132.8437957763672
12.586703088210568,43.027026702357,132.8437957763672
12.58670570466393,43.027028364909796,132.8437957763672
12.586708619706602,43.027030022236914,132.8437957763672
12.586711459586319,43.0270314317985,132.8437957763672
12.586714543142103,43.027032774762716,132.8437957763672
12.58671758272979,43.027033927221076,132.8437957763672
12.586720849271126,43.0270349960515,132.8437957763672
12.586724033653523,43.02703586161171,132.8437957763672
12.586727448704362,43.02703660223546,132.8437957763672
12.586730748292062,43.02703713540847,132.8437957763672
12.586734258228189,43.0270375665009,132.8437957763672
12.58673761632672,43.02703781584264,132.8437957763672
12.586741162309174,43.02703789050975,132.8437957763672
12.586744516646032,43.0270378129641,132.8437957763672
12.586748001973115,43.02703757655791,132.8437957763672
12.58675126021762,43.027037210572125,132.8437957763672
12.586754575215185,43.027036680637195,132.8437957763672
12.586757687575135,43.02703603351008,132.8437957763672
12.586760883664306,43.027035201993726,132.8437957763672
12.586763813226183,43.027034284656374,132.8437957763672
12.586766818888496,43.027033188189726,132.8437957763672
12.586769588058221,43.02703201936888,132.8437957763672
12.586772386137666,43.02703065389133,132.8437957763672
12.586774908561045,43.02702922837848,132.8437957763672
12.586777444648286,43.027027618082336,132.8437957763672
12.586779723219829,43.02702599927092,132.8437957763672
12.586781946362512,43.02702426604293,132.8437957763672
12.58678402565972,43.02702255167878,132.8437957763672
12.586786231787121,43.027020768318614,132.8437957763672
12.58678841950465,43.02701909106534,132.8437957763672
12.586790717575996,43.02701736047591,132.8437957763672
12.586793072623044,43.02701566055518,132.8437957763672
12.586795620077377,43.027013867480385,132.8437957763672
12.586798009465692,43.02701219524718,132.8437957763672
12.586800525186094,43.02701038570722,132.8437957763672
12.586802865538003,43.02700863878969,132.8437957763672
12.586805253244677,43.027006763012146,132.8437957763672
12.586807504301031,43.027004969766,132.8437957763672
12.586809775694977,43.027003019561135,132.8437957763672
12.586811877058253,43.02700114467452,132.8437957763672
12.586814051990746,43.02699917898109,132.8437957763672
12.586816061667886,43.02699725413359,132.8437957763672
12.586818132017948,43.026995179643315,132.8437957763672
12.586820040891881,43.02699315561077,132.8437957763672
12.586821947140843,43.026991011267775,132.8437957763672
12.58682367643345,43.026988892881825,132.8437957763672
12.58682540838032,43.02698663867972,132.8437957763672
12.586827009073293,43.02698456893541,132.8437957763672
12.586828594608285,43.02698231322559,132.8437957763672
12.586830027913113,43.026980149590436,132.8437957763672
12.586831432302336,43.02697784481065,132.8437957763672
12.586832660549652,43.02697564725145,132.8437957763672
12.58683383196773,43.02697330261948,132.8437957763672
12.586834835927368,43.02697105668422,132.8437957763672
12.586835799955963,43.02696874495688,132.8437957763672
12.586836629086179,43.02696648799632,132.8437957763672
12.586837417746288,43.02696411084523,132.8437957763672
12.586838093035043,43.02696184832489,132.8437957763672
12.586838744142533,43.026959534121765,132.8437957763672
12.586839351117892,43.02695727071051,132.8437957763672
12.58684002049468,43.02695488763127,132.8437957763672
12.586840682585443,43.02695268309879,132.8437957763672
12.586841423099838,43.02695029889734,132.8437957763672
12.586842141723926,43.02694802857275,132.8437957763672
12.586842905901046,43.02694563799768,132.8437957763672
12.5868436061592,43.02694338760776,132.8437957763672
12.586844387325334,43.02694097710658,132.8437957763672
12.58684514274575,43.02693866408566,132.8437957763672
12.586845948755258,43.02693621930064,132.8437957763672
12.586846703873913,43.02693388736448,132.8437957763672
12.586847488368113,43.02693145123179,132.8437957763672
12.5868482327965,43.02692913630908,132.8437957763672
12.586849003659067,43.026926737175884,132.8437957763672
12.586849756372489,43.02692442791575,132.8437957763672
12.586850567066502,43.026921997539866,132.8437957763672
12.58685136047562,43.0269197142282,132.8437957763672
12.586852216746106,43.026917288238465,132.8437957763672
12.586853047021853,43.0269149882646,132.8437957763672
12.586853928704057,43.02691257866293,132.8437957763672
12.58685476802947,43.02691031837851,132.8437957763672
12.58685563329102,43.026907916452586,132.8437957763672
12.58685645042438,43.02690563633629,132.8437957763672
12.586857325725829,43.026903281073075,132.8437957763672
12.586858169911535,43.02690102021469,132.8437957763672
12.586859095107762,43.026898656757446,132.8437957763672
12.58686001667709,43.02689642051542,132.8437957763672
12.586861035235211,43.026894095488295,132.8437957763672
12.586862037560175,43.02689188755486,132.8437957763672
12.586863132520484,43.02688959129038,132.8437957763672
12.586864209527931,43.026887448365194,132.8437957763672
12.586865389670564,43.02688517806203,132.8437957763672
12.586866548368203,43.02688302814646,132.8437957763672
12.58686780785438,43.02688077374733,132.8437957763672
12.586869053912537,43.0268786452827,132.8437957763672
12.586870390534775,43.02687640826966,132.8437957763672
12.586871699805856,43.02687427729927,132.8437957763672
12.58687312274712,43.026872038791346,132.8437957763672
12.58687449741664,43.026869908373506,132.8437957763672
12.586875977327757,43.02686767870211,132.8437957763672
12.586877397127704,43.026865554358054,132.8437957763672
12.58687893474256,43.02686332915633,132.8437957763672
12.586880405409929,43.026861214901686,132.8437957763672
12.586882005347107,43.0268590077521,132.8437957763672
12.586883601704624,43.0268569267683,132.8437957763672
12.586885304005762,43.026854772511555,132.8437957763672
12.586886968705462,43.02685274823705,132.8437957763672
12.586888769377403,43.02685065010061,132.8437957763672
12.586890531356074,43.02684867825634,132.8437957763672
12.586892435045607,43.0268466375124,132.8437957763672
12.586894295162635,43.026844741651374,132.8437957763672
12.586896302373782,43.02684277716908,132.8437957763672
12.586898243304669,43.026840980193256,132.8437957763672
12.586900330439438,43.02683914272808,132.8437957763672
12.586902367770264,43.02683743723369,132.8437957763672
12.586904603700926,43.026835679403305,132.8437957763672
12.586906773842042,43.02683407458776,132.8437957763672
12.58690912769087,43.0268324503711,132.8437957763672
12.586911465763563,43.02683096594981,132.8437957763672
12.58691394531755,43.0268294664762,132.8437957763672
12.586916355025894,43.026828093183525,132.8437957763672
12.586918938019744,43.02682670469645,132.8437957763672
12.586921472419595,43.026825444796486,132.8437957763672
12.586924146194333,43.02682416924238,132.8437957763672
12.586926748093186,43.026823005515595,132.8437957763672
12.58692958539479,43.02682184295493,132.8437957763672
12.586932303984286,43.026820779117244,132.8437957763672
12.586935211152031,43.02681971603021,132.8437957763672
12.586938015776376,43.026818763141215,132.8437957763672
12.586941044580012,43.026817846447514,132.8437957763672
12.586943935186484,43.02681706427321,132.8437957763672
12.586947028621003,43.0268163754768,132.8437957763672
12.586950069869767,43.02681586639116,132.8437957763672
12.586953280235155,43.02681549533725,132.8437957763672
12.5869563682381,43.02681536131377,132.8437957763672
12.586959610205525,43.02681549347527,132.8437957763672
12.586962634371474,43.026815879922644,132.8437957763672
12.586965664036345,43.02681659863408,132.8437957763672
12.586968366448241,43.0268175564405,132.8437957763672
12.58697098374224,43.026818834008964,132.8437957763672
12.586973184962329,43.02682023498687,132.8437957763672
12.586975185500338,43.0268218793463,132.8437957763672
12.586976779501896,43.02682357901917,132.8437957763672
12.586978141887265,43.02682548060067,132.8437957763672
12.586979095459862,43.02682737001157,132.8437957763672
12.586979769638184,43.02682941407807,132.8437957763672
12.586980192449396,43.026831418159055,132.8437957763672
12.586980271154154,43.0268334895305,132.8437957763672
12.586980074306856,43.026835437238155,132.8437957763672
12.586979591822944,43.026837441739154,132.8437957763672
12.586978899637323,43.02683932800763,132.8437957763672
12.586977885435502,43.026841215611434,132.8437957763672
12.58697671874133,43.026842932368844,132.8437957763672
12.586975392821037,43.026844748625045,132.8437957763672
12.586973973489085,43.02684637098946,132.8437957763672
12.586972456730388,43.02684809743263,132.8437957763672
12.586971035958545,43.02684978135723,132.8437957763672
12.586969554944428,43.026851666639516,132.8437957763672
12.586968172451316,43.026853452574,132.8437957763672
12.58696674946467,43.02685538947481,132.8437957763672
12.586965376607163,43.02685733144925,132.8437957763672
12.586964003758448,43.02685930424017,132.8437957763672
12.58696273410937,43.02686120404511,132.8437957763672
12.586961431358242,43.02686322751652,132.8437957763672
12.586960239497058,43.026865235670705,132.8437957763672
12.586958985694416,43.02686729504935,132.8437957763672
12.586957813532164,43.02686927005048,132.8437957763672
12.586956646842488,43.02687138717712,132.8437957763672
12.5869555397945,43.026873393532284,132.8437957763672
12.586954416920571,43.02687551816763,132.8437957763672
12.586953365128592,43.02687755173913,132.8437957763672
12.5869523882271,43.02687972882824,132.8437957763672
12.586951370524455,43.026881767920976,132.8437957763672
12.586950310262871,43.02688389875857,132.8437957763672
12.586949472727472,43.02688594765159,132.8437957763672
12.586948458578487,43.02688806260656,132.8437957763672
12.586947508691242,43.026890059367034,132.8437957763672
12.586946526106242,43.02689214185,132.8437957763672
12.586945696196707,43.02689412753377,132.8437957763672
12.586944738223641,43.02689619862305,132.8437957763672
12.586943828572123,43.0268981598832,132.8437957763672
12.586943004627342,43.02690023763307,132.8437957763672
12.586942110289081,43.026902185807636,132.8437957763672
12.586941184234485,43.02690423153955,132.8437957763672
12.586940312724005,43.0269061815131,132.8437957763672
12.586939509175403,43.02690822952375,132.8437957763672
12.586938648240933,43.026910184645885,132.8437957763672
12.58693774298388,43.02691224225122,132.8437957763672
12.586936991421812,43.026914205246136,132.8437957763672
12.586936106177163,43.026916285930106,132.8437957763672
12.586935274919995,43.02691827167812,132.8437957763672
12.586934406142875,43.02692036569185,132.8437957763672
12.58693364128608,43.026922366482964,132.8437957763672
12.586932802429406,43.026924460719414,132.8437957763672
12.586931993349628,43.02692646163903,132.8437957763672
12.586931204153345,43.02692859570198,132.8437957763672
12.586930370684287,43.026930604477236,132.8437957763672
12.586929496548843,43.02693271403092,132.8437957763672
12.586928661327853,43.02693472314028,132.8437957763672
12.586927850964889,43.0269368537166,132.8437957763672
12.586926997389677,43.026938867434815,132.8437957763672
12.586926088031115,43.026940985024055,132.8437957763672
12.586925263969139,43.02694300947634,132.8437957763672
12.586924334867714,43.02694513906748,132.8437957763672
12.586923446895561,43.0269471687797,132.8437957763672
12.586922501048287,43.0269493047873,132.8437957763672
12.586921594074456,43.02695133534761,132.8437957763672
12.586920626325163,43.02695343879324,132.8437957763672
12.586919704884751,43.02695543809375,132.8437957763672
12.586918751528808,43.0269575291691,132.8437957763672
12.586917854905433,43.026959542004974,132.8437957763672
12.586916947442377,43.02696167410616,132.8437957763672
12.586916130558052,43.026963706593996,132.8437957763672
12.586915324686252,43.02696585548587,132.8437957763672
12.586914571149611,43.02696789411601,132.8437957763672
12.586913805135616,43.02697004723983,132.8437957763672
12.586913129876137,43.026972130905015,132.8437957763672
12.586912432770312,43.02697432777889,132.8437957763672
12.586911839032597,43.0269764345998,132.8437957763672
12.586911315618066,43.0269786510057,132.8437957763672
12.586910940048009,43.02698074749518,132.8437957763672
12.58691061264715,43.02698290280349,132.8437957763672
12.586910377767383,43.026984919228774,132.8437957763672
12.586910245949566,43.02698701479306,132.8437957763672
12.58691020731495,43.02698897531218,132.8437957763672
12.586910306329667,43.0269910221492,132.8437957763672
12.586910561293742,43.026992973210724,132.8437957763672
12.586911081181146,43.026995050219575,132.8437957763672
12.58691177879981,43.026996967596894,132.8437957763672
12.58691276388391,43.0269989103487,132.8437957763672
12.586913965247494,43.027000667494804,132.8437957763672
12.586915367589054,43.027002426885375,132.8437957763672
12.586916898799792,43.02700398038433,132.8437957763672
12.586918701743791,43.02700546380784,132.8437957763672
12.586920629358767,43.02700673918093,132.8437957763672
12.586922731920366,43.02700796395922,132.8437957763672
12.58692486909278,43.027009033115206,132.8437957763672
12.586927332955664,43.02701002229265,132.8437957763672
12.586929783737675,43.02701092777364,132.8437957763672
12.586932471352062,43.02701181170086,132.8437957763672
12.586935052772683,43.02701259915012,132.8437957763672
12.586937786669548,43.02701334047639,132.8437957763672
12.586940350365817,43.02701408320761,132.8437957763672
12.586943023935449,43.027014918561804,132.8437957763672
12.586945585235267,43.02701574731964,132.8437957763672
12.586948213993061,43.027016666301755,132.8437957763672
12.586950682625297,43.02701755492354,132.8437957763672
12.586953237178127,43.02701849151874,132.8437957763672
12.586955635525273,43.02701936811292,132.8437957763672
12.586958128473553,43.02702032514822,132.8437957763672
12.586960470020758,43.027021232890846,132.8437957763672
12.586962913718788,43.02702223813943,132.8437957763672
12.58696517085416,43.02702314999405,132.8437957763672
12.586967490297205,43.02702411350576,132.8437957763672
12.586969667150093,43.02702501309289,132.8437957763672
12.586971949503855,43.02702596015656,132.8437957763672
12.586974082007794,43.02702681132481,132.8437957763672
12.586976314529789,43.02702768959804,132.8437957763672
12.5869784621844,43.0270285225364,132.8437957763672
12.586980729162676,43.02702936887305,132.8437957763672
12.586982883833771,43.027030167167744,132.8437957763672
12.586985124413742,43.0270309888152,132.8437957763672
12.586987201223314,43.02703174645243,132.8437957763672
12.586989369293486,43.02703250100564,132.8437957763672
12.586991391811813,43.027033196637234,132.8437957763672
12.586993447843216,43.02703394267519,132.8437957763672
12.586995430947262,43.02703458399402,132.8437957763672
12.58699749440315,43.027035208436494,132.8437957763672
12.586999414823554,43.02703575732084,132.8437957763672
12.587001312473303,43.02703625787197,132.8437957763672
12.587003132809757,43.027036744527955,132.8437957763672
12.587005029354321,43.02703724463364,132.8437957763672
12.587006789002489,43.027037683556074,132.8437957763672
12.587008721562647,43.02703812686466,132.8437957763672
12.58701058478106,43.02703852040082,132.8437957763672
12.58701255438948,43.027038891389466,132.74378967285156
12.587014363075474,43.02703916977229,132.74378967285156
12.587016268990483,43.02703937501278,132.74378967285156
12.587018055020076,43.02703946256421,132.74378967285156
12.587019892905833,43.02703945161595,132.74378967285156
12.587021626698409,43.02703933334432,132.74378967285156
12.587023412673794,43.027039130194034,132.8437957763672
12.587025076811148,43.02703887709999,132.8437957763672
12.587026790403817,43.02703853187985,132.8437957763672
12.587028354241871,43.027038133237895,132.8437957763672
12.587029928108098,43.02703762549069,132.8437957763672
12.587031322940854,43.027037025942946,132.8437957763672
12.587032769763068,43.02703633658213,132.8437957763672
12.587034068655838,43.02703561454798,132.8437957763672
12.587035336763897,43.02703479164975,132.8437957763672
12.587036403652291,43.02703394695788,132.8437957763672
12.587037476039635,43.027033029295026,132.8437957763672
12.587038447263456,43.02703212676093,132.8437957763672
12.587039378562087,43.027031147006795,132.8437957763672
12.587040267046904,43.02703020883532,132.8437957763672
12.587041191891554,43.02702922233065,132.8437957763672
12.587042082673241,43.027028302851676,132.8437957763672
12.587043070385134,43.02702733629023,132.8437957763672
12.587043996064734,43.02702642702275,132.8437957763672
12.587044964235876,43.027025462003294,132.8437957763672
12.587045884970209,43.027024512609465,132.8437957763672
12.58704672844396,43.027023489148114,132.74378967285156
12.587047439363037,43.02702246815395,132.74378967285156
12.5870480895506,43.02702133904829,132.74378967285156
12.587048672215737,43.02702022373498,132.74378967285156
12.587049228320758,43.02701904336634,132.8437957763672
12.587049774757963,43.027017941656936,132.8437957763672
12.587050383432507,43.02701675702207,132.8437957763672
12.587050942848009,43.02701567475902,132.8437957763672
12.587051513671536,43.02701453629855,132.74378967285156
12.587052015419912,43.02701344145963,132.74378967285156
12.587052474987267,43.027012247675536,132.74378967285156
12.587052845458297,43.02701109790704,132.74378967285156
12.587053155279827,43.027009853579514,132.74378967285156
12.587053399383578,43.027008631696724,132.74378967285156
12.587053543205625,43.02700737109253,132.74378967285156
12.587053631745311,43.027006191049416,132.74378967285156
12.58705369630879,43.02700497206216,132.74378967285156
12.587053712996008,43.02700383289924,132.74378967285156
12.587053625798037,43.02700267934429,132.74378967285156
12.58705345140214,43.027001593568926,132.74378967285156
12.58705315770529,43.02700047707343,132.74378967285156
12.587052828196486,43.02699940449075,132.74378967285156
12.587052397954789,43.02699827706417,132.74378967285156
12.58705190684095,43.02699720381329,132.74378967285156
12.587051308900573,43.026996063742295,132.74378967285156
12.587050657025458,43.02699500928671,132.74378967285156
12.587049899571838,43.02699393214656,132.74378967285156
12.58704911685883,43.026992951313034,132.74378967285156
12.587048225291973,43.02699194901142,132.74378967285156
12.58704731294222,43.026991033456,132.74378967285156
12.58704628793008,43.02699011447392,132.74378967285156
12.587045247127167,43.0269892812957,132.74378967285156
12.587044107190966,43.026988446421285,132.74378967285156
12.587042990522004,43.02698768261605,132.74378967285156
12.587041769879969,43.02698692132943,132.74378967285156
12.587040576395731,43.02698624457882,132.74378967285156
12.587039269877037,43.02698558696616,132.74378967285156
12.587037977350331,43.02698500189615,132.74378967285156
12.587036570482558,43.02698440556952,132.74378967285156
12.587035223247694,43.02698388701122,132.74378967285156
12.587033781001537,43.02698337755073,132.74378967285156
12.587032370729515,43.026982907599766,132.74378967285156
12.587030877862041,43.02698245800325,132.74378967285156
12.58702943212082,43.02698206150301,132.74378967285156
12.587027879822585,43.026981674614596,132.74378967285156
12.587026360374448,43.02698133513419,132.74378967285156
12.587024734120284,43.026981019520555,132.8437957763672
12.58702317317082,43.02698075993301,132.74378967285156
12.587021544649117,43.0269805185925,132.74378967285156
12.587019962735123,43.02698036780182,132.74378967285156
12.587018285675082,43.02698027809157,132.74378967285156
12.587016687797464,43.02698025518429,132.74378967285156
12.587015013510339,43.026980269542065,132.74378967285156
12.587013415281165,43.026980343472545,132.74378967285156
12.58701173657467,43.02698046119588,132.74378967285156
12.587010136679993,43.026980600130315,132.74378967285156
12.587008456111711,43.02698079904866,132.74378967285156
12.587006842102001,43.0269810197949,132.8437957763672
12.587005121331678,43.026981285516214,132.8437957763672
12.587003451588426,43.02698156951882,132.8437957763672
12.5870017270623,43.02698187881027,132.8437957763672
12.587000087094482,43.02698220134582,132.8437957763672
12.586998332958444,43.02698253791356,132.8437957763672
12.58699670489524,43.026982884367264,132.8437957763672
12.586995004773968,43.02698325108973,132.8437957763672
12.58699339790564,43.02698361659574,132.8437957763672
12.586991709927378,43.02698398227308,132.8437957763672
12.586990127943814,43.02698438680889,132.8437957763672
12.586988479437185,43.02698482014586,132.8437957763672
12.586986918026305,43.02698516947797,132.8437957763672
12.586985242910815,43.02698559025619,132.8437957763672
12.586983640367004,43.02698598948064,132.8437957763672
12.586981945700538,43.02698642107002,132.8437957763672
12.586980336173188,43.026986822110615,132.8437957763672
12.586978634256585,43.02698727405441,132.8437957763672
12.586977004482465,43.02698769210842,132.8437957763672
12.586975278418276,43.02698806414222,132.8437957763672
12.58697364642789,43.026988448769046,132.8437957763672
12.586971938474768,43.026988849364166,132.8437957763672
12.58697033789017,43.02698922547572,132.8437957763672
12.586968638226478,43.02698960192993,132.8437957763672
12.586967088289562,43.02698996298125,132.8437957763672
12.586965471955184,43.026990329875034,132.8437957763672
12.586963899269564,43.026990636065335,132.8437957763672
12.586962240464139,43.02699099595159,132.8437957763672
12.586960662048146,43.02699133952689,132.8437957763672
12.586959008144023,43.02699171126943,132.8437957763672
12.586957441985668,43.026992059522144,132.8437957763672
12.586955802126253,43.02699244627351,132.8437957763672
12.586954256012522,43.026992811796646,132.8437957763672
12.586952641183998,43.02699316309908,132.8437957763672
12.586951158851548,43.02699351412738,132.8437957763672
12.586949620337313,43.02699387845119,132.8437957763672
12.586948164213448,43.026994227937486,132.8437957763672
12.586946625523424,43.02699456246637,132.8437957763672
12.58694515095744,43.026994912363875,132.8437957763672
12.58694358075323,43.026995287858625,132.8437957763672
12.586942120021043,43.026995623261314,132.8437957763672
12.586940591573072,43.02699603828274,132.8437957763672
12.586939167936045,43.02699644369233,132.8437957763672
12.586937683195417,43.02699686625242,132.8437957763672
12.586936276661627,43.02699724337483,132.8437957763672
12.586934803405205,43.02699762027451,132.8437957763672
12.586933403556873,43.02699797046328,132.8437957763672
12.586931949791365,43.026998318870184,132.8437957763672
12.586930514977713,43.026998675398296,132.8437957763672
12.58692896383669,43.026999047826166,132.8437957763672
12.586927467617702,43.026999394022866,132.8437957763672
12.586925881452787,43.02699974218991,132.8437957763672
12.586924340966878,43.027000090562545,132.74378967285156
12.586922689529493,43.02700046153409,132.74378967285156
12.586921070154128,43.02700081586913,132.74378967285156
12.586919325480821,43.027001207315045,132.74378967285156
12.586917631191536,43.027001590279944,132.74378967285156
12.586915823109024,43.027002003142556,132.74378967285156
12.586914060711385,43.02700239895747,132.74378967285156
12.586912225141488,43.027002825321176,132.74378967285156
12.586910464667161,43.0270032330095,132.8437957763672
12.58690856291808,43.027003654061865,132.8437957763672
12.586906788664171,43.02700406449154,132.8437957763672
12.58690491599473,43.02700449892505,132.8437957763672
12.58690310939901,43.02700492838989,132.8437957763672
12.586901162149616,43.027005391230524,132.8437957763672
12.586899308280435,43.027005844510725,132.8437957763672
12.586897353896642,43.027006333,132.8437957763672
12.586895489050095,43.02700681941614,132.8437957763672
12.586893550068174,43.02700730886486,132.8437957763672
12.586891719984784,43.027007769992146,132.8437957763672
12.586889813494443,43.02700825104553,132.8437957763672
12.586888006746946,43.02700870955141,132.8437957763672
12.58688610045252,43.02700917210076,132.8437957763672
12.586884275828327,43.02700961477542,132.8437957763672
12.586882349808615,43.027010093001806,132.8437957763672
12.586880506473708,43.02701052885738,132.8437957763672
12.586878585558914,43.027010973211105,132.8437957763672
12.586876787114946,43.02701138384637,132.8437957763672
12.58687491647136,43.027011787439825,132.8437957763672
12.586873104121823,43.0270121770182,132.8437957763672
12.58687117642196,43.02701260022936,132.8437957763672
12.586869328494835,43.027013025942,132.8437957763672
12.58686741509895,43.02701346798272,132.8437957763672
12.586865575234198,43.02701387995439,132.8437957763672
12.586863624631832,43.0270142983682,132.8437957763672
12.586861778991297,43.027014686164705,132.8437957763672
12.586859831012438,43.02701511670895,132.8437957763672
12.586857983734225,43.02701553474584,132.8437957763672
12.586856067424808,43.02701596981328,132.8437957763672
12.586854183142236,43.02701636843805,132.8437957763672
12.586852144994763,43.027016775920785,132.8437957763672
12.586850135434753,43.027017170245095,132.8437957763672
12.586847980174761,43.02701757836178,132.8437957763672
12.586845841725076,43.02701801539957,132.8437957763672
12.586843547394901,43.02701850959426,132.8437957763672
12.58684137391841,43.02701900406308,132.8437957763672
12.586839055591534,43.02701954088557,132.74378967285156
12.586836833649933,43.027020066468566,132.74378967285156
12.58683445875161,43.02702061836839,132.74378967285156
12.586832149635514,43.027021135144835,132.74378967285156
12.58682967486563,43.0270216704767,132.74378967285156
12.586827268860349,43.02702215348328,132.74378967285156
12.58682469944538,43.02702264810627,132.74378967285156
12.586822179758189,43.02702304529183,132.74378967285156
12.586819490544235,43.02702342082084,132.74378967285156
12.586816907641209,43.02702376974174,132.74378967285156
12.586814209187176,43.02702415452278,132.74378967285156
12.586811620448316,43.027024534900534,132.8437957763672
12.586808900555148,43.02702495029887,132.8437957763672
12.586806272254364,43.02702533298964,132.8437957763672
12.586803527324445,43.02702568734179,132.8437957763672
12.58680089448271,43.02702596558755,132.8437957763672
12.586798118041555,43.02702618969189,132.8437957763672
12.58679547182308,43.02702635403506,132.8437957763672
12.58679271612966,43.02702646230076,132.8437957763672
12.5867900913093,43.02702651178188,132.8437957763672
12.586787317979422,43.027026492678154,132.8437957763672
12.586784670307829,43.027026365959756,132.8437957763672
12.586781877197003,43.027026096845994,132.8437957763672
12.586779239193248,43.027025701699216,132.8437957763672
12.586776510792422,43.02702512305415,132.8437957763672
12.58677398386908,43.02702445305399,132.8437957763672
12.586771411243287,43.02702361848791,132.8437957763672
12.586769049622177,43.027022705776574,132.8437957763672
12.586766625751997,43.027021640287046,132.8437957763672
12.58676440211712,43.02702052005643,132.8437957763672
12.586762153170124,43.0270192145285,132.8437957763672
12.58676010437641,43.02701781586363,132.8437957763672
12.586758048574998,43.02701625145063,132.8437957763672
12.586756206602441,43.027014670880874,132.8437957763672
12.586754371661034,43.02701291967998,132.8437957763672
12.586752778075404,43.027011212648894,132.8437957763672
12.58675122414543,43.027009357979644,132.8437957763672
12.586749848431555,43.02700753370497,132.74378967285156
12.586748491994749,43.027005536434736,132.74378967285156
12.58674735933587,43.02700358508192,132.74378967285156
12.58674632008577,43.027001480299866,132.74378967285156
12.586745496316837,43.02699942395383,132.74378967285156
12.586744760097364,43.02699728562467,132.74378967285156
12.586744102017294,43.026995268856716,132.74378967285156
12.586743353434633,43.0269931820133,132.74378967285156
12.58674255970029,43.02699121177957,132.74378967285156
12.586741632456244,43.02698917710724,132.74378967285156
12.586740705950477,43.02698723749079,132.74378967285156
12.586739746210837,43.026985162298054,132.74378967285156
12.58673882548233,43.02698317330327,132.74378967285156
12.586737872504305,43.02698106550576,132.74378967285156
12.586736977029338,43.026979058144,132.74378967285156
12.586736018274053,43.0269769572855,132.74378967285156
12.58673512517794,43.02697496352765,132.74378967285156
12.58673414923148,43.0269728788773,132.74378967285156
12.586733164777344,43.02697093006882,132.74378967285156
12.586732105898548,43.02696885726619,132.74378967285156
12.58673109975335,43.02696688193526,132.74378967285156
12.586730046827604,43.02696479603417,132.74378967285156
12.586729039463666,43.02696281915266,132.74378967285156
12.586727985975413,43.02696069385342,132.74378967285156
12.58672697544746,43.026958662976114,132.643798828125
12.586725848835298,43.02695656144085,132.643798828125
12.586724829916848,43.02695451622293,132.54379272460938
12.586723780787914,43.02695234000332,132.54379272460938
12.586722781146525,43.02695023507563,132.4438018798828
12.586721721705242,43.02694801273301,132.4438018798828
12.586720726095045,43.02694583302677,132.3437957763672
12.586719686059725,43.0269435187551,132.3437957763672
12.58671866213744,43.0269413507424,132.24378967285156
12.586717603328953,43.02693903865526,132.143798828125
12.586716586543284,43.02693686652197,132.143798828125
12.58671551254753,43.02693460375321,132.04379272460938
12.586714480246469,43.02693246330807,131.9438018798828
12.58671339647741,43.02693019007083,131.9438018798828
12.5867123414423,43.02692802921129,131.8437957763672
12.586711127210332,43.02692579813924,131.8437957763672
12.586710020918176,43.02692363038352,131.8437957763672
12.586708865384567,43.02692134433051,131.74378967285156
12.586707753678429,43.026919181132286,131.8437957763672
12.586706517556163,43.02691695766745,131.8437957763672
12.586705360698351,43.02691481646845,131.8437957763672
12.586704155302215,43.02691256577013,131.9438018798828
12.586702995081195,43.026910456550546,131.9438018798828
12.586701851863827,43.026908196488854,132.04379272460938
12.586700768422888,43.02690604857358,132.143798828125
12.58669960454565,43.02690379007958,132.24378967285156
12.58669846005094,43.02690165181896,132.3437957763672
12.586697273111556,43.026899376697024,132.4438018798828
12.586696147659536,43.02689720890706,132.643798828125
12.586694954778835,43.02689495478636,132.74378967285156
12.586693853256152,43.0268927963769,132.8437957763672
12.586692714069962,43.02689053454619,132.9438018798828
12.586691628765777,43.02688839314587,133.04379272460938
12.586690461665931,43.02688617311627,133.04379272460938
12.586689354682386,43.026884017139736,133.143798828125
12.586688192551227,43.026881725951,133.24378967285156
12.58668710232525,43.02687953880889,133.3437957763672
12.586685969701463,43.02687724679348,133.4438018798828
12.586684894287758,43.026875090658486,133.54379272460938
12.586683757726526,43.02687286102137,133.643798828125
12.586682669820815,43.02687076454474,133.74378967285156
12.586681503916267,43.02686858629056,133.74378967285156
12.586680386737557,43.02686651362929,133.8437957763672
12.586679186896015,43.026864309512305,133.9438018798828
12.586678066154862,43.02686223834806,134.04379272460938
12.58667689771911,43.02686007050883,134.143798828125
12.58667579235273,43.0268580197547,134.24378967285156
12.586674636971471,43.02685588945894,134.3437957763672
12.586673554948497,43.026853835762154,134.4438018798828
12.586672421809096,43.02685165258855,134.4438018798828
12.586671330481563,43.026849572123034,134.54379272460938
12.586670188811027,43.02684736089782,134.54379272460938
12.586669086280537,43.02684523019621,134.643798828125
12.58666790554027,43.02684296987214,134.643798828125
12.58666677354928,43.02684081636068,134.643798828125
12.58666559365275,43.026838530293745,134.643798828125
12.58666445205252,43.026836347077314,134.643798828125
12.586663219586457,43.02683405915195,134.643798828125
12.586662052135063,43.02683186178444,134.643798828125
12.58666083560627,43.02682953807764,134.643798828125
12.586659673475104,43.02682731102832,134.643798828125
12.586658436462235,43.026824960617176,134.643798828125
12.586657248690829,43.0268227283043,134.643798828125
12.58665600769366,43.026820400007395,134.643798828125
12.586654829015883,43.02681822015446,134.643798828125
12.586653663017605,43.02681590756831,134.643798828125
12.586652587041419,43.026813711409766,134.643798828125
12.586651476331367,43.02681141521275,134.643798828125
12.58665042487044,43.02680925823394,134.643798828125
12.586649338933466,43.026807030089564,134.643798828125
12.58664834266704,43.02680492891838,134.643798828125
12.586647355845791,43.02680273329526,134.643798828125
12.586646449765528,43.02680062731174,134.643798828125
12.586645539654068,43.026798392354685,134.643798828125
12.586644704518054,43.02679624727497,134.643798828125
12.586643849765139,43.026793984995585,134.643798828125
12.586643045800537,43.0267918574733,134.643798828125
12.586642226883038,43.026789656285054,134.643798828125
12.586641498784507,43.02678760587147,134.643798828125
12.586640778467109,43.026785462429615,134.643798828125
12.58664015700762,43.026783431378306,134.643798828125
12.586639585070841,43.026781289663425,134.643798828125
12.586639136765061,43.02677923963155,134.643798828125
12.586638787059373,43.026777066313116,134.643798828125
12.586638586624897,43.026774963438484,134.643798828125
12.586638443517684,43.026772779186274,134.643798828125
12.586638449634822,43.026770628808606,134.643798828125
12.586638602632608,43.026768383301174,134.643798828125
12.586638911346839,43.026766284290964,134.643798828125
12.586639417120642,43.02676415629003,134.643798828125
12.586640059720533,43.026762168950775,134.643798828125
12.586640907723618,43.026760155399636,134.643798828125
12.58664185788924,43.02675832466574,134.643798828125
12.586643002584136,43.02675650954964,134.643798828125
12.586644212198093,43.02675487379697,134.643798828125
12.586645600521251,43.02675324846424,134.643798828125
12.58664706152302,43.02675180057102,134.643798828125
12.586648693030066,43.026750358488165,134.643798828125
12.586650352005446,43.02674907545215,134.643798828125
12.58665222482139,43.02674784733499,134.643798828125
12.586654046661526,43.02674675899394,134.643798828125
12.586656064998756,43.02674571856204,134.643798828125
12.58665809128118,43.02674482124726,134.643798828125
12.586660370544212,43.026744019024775,134.643798828125
12.586662557746088,43.02674335090298,134.643798828125
12.586664869797652,43.026742776843335,134.643798828125
12.586667089670888,43.02674236717827,134.643798828125
12.586669304130153,43.026742015310475,134.643798828125
12.586671386427325,43.02674175545738,134.643798828125
12.586673563152784,43.026741566844805,134.643798828125
12.586675674488594,43.02674149871404,134.643798828125
12.586677873221538,43.02674149730915,134.643798828125
12.586679954932775,43.026741605437834,134.643798828125
12.586682131330098,43.026741855096645,134.643798828125
12.586684133519071,43.026742178981465,134.643798828125
12.586686190129113,43.02674262482156,134.643798828125
12.586688111694288,43.0267431379315,134.643798828125
12.5866901267737,43.02674380702142,134.643798828125
12.586691975800889,43.02674450186707,134.643798828125
12.586693877339014,43.02674532515082,134.643798828125
12.586695663999931,43.026746219580836,134.643798828125
12.586697405837288,43.026747179006264,134.643798828125
12.586698968439025,43.02674814386725,134.643798828125
12.586700516779256,43.02674921215378,134.643798828125
12.586701938453412,43.02675030190197,134.643798828125
12.58670331446027,43.026751489001924,134.643798828125
12.586704553266056,43.02675267339481,134.643798828125
12.58670586163331,43.02675395743318,134.643798828125
12.586707020178585,43.02675519743022,134.643798828125
12.586708239918279,43.02675649583488,134.643798828125
12.586709420928072,43.026757716006486,134.643798828125
12.586710693178695,43.02675899104982,134.643798828125
12.586711867286239,43.026760185902596,134.643798828125
12.586713092346152,43.02676144853496,134.643798828125
12.58671429436736,43.02676268186284,134.643798828125
12.586715548934666,43.026763969483135,134.643798828125
12.586716773396954,43.02676519430966,134.54379272460938
12.586718089123504,43.02676648212378,134.54379272460938
12.586719400080591,43.02676770051245,134.54379272460938
12.586720762950963,43.026768998184664,134.54379272460938
12.586722051795086,43.02677022495314,134.54379272460938
12.586723468418565,43.0267715133423,134.54379272460938
12.58672475345416,43.02677273344323,134.54379272460938
12.586726112973018,43.02677402325981,134.54379272460938
12.586727417309106,43.0267752564442,134.54379272460938
12.586728899017555,43.02677654567022,134.54379272460938
12.58673023147822,43.0267778022361,134.54379272460938
12.586731645945482,43.02677914517337,134.54379272460938
12.586733098650454,43.02678040606311,134.54379272460938
12.58673450177413,43.02678177096397,134.54379272460938
12.586735839297221,43.026783072564285,134.54379272460938
12.58673725015516,43.02678443426066,134.54379272460938
12.586738651192933,43.026785699486574,134.54379272460938
12.586740068097658,43.02678700810593,134.643798828125
12.586741402995768,43.02678823519512,134.643798828125
12.586742859825666,43.026789493414576,134.643798828125
12.586744129017735,43.02679070257584,134.643798828125
12.586745465509594,43.02679196934484,134.643798828125
12.5867467489749,43.02679318093477,134.643798828125
12.586748234855175,43.026794429414956,134.643798828125
12.58674958106174,43.02679564120836,134.643798828125
12.58675102736838,43.02679692088091,134.643798828125
12.586752491264596,43.02679813833474,134.643798828125
12.58675395450457,43.026799431976336,134.643798828125
12.58675535120647,43.02680066099305,134.643798828125
12.586756825403313,43.02680195536496,134.643798828125
12.58675828692066,43.0268031893482,134.643798828125
12.58675977775788,43.02680451473578,134.643798828125
12.586761199490658,43.0268057880101,134.643798828125
12.586762770330592,43.026807118891064,134.643798828125
12.586764196481273,43.026808407435496,134.643798828125
12.586765697126939,43.026809772983675,134.643798828125
12.586767126031484,43.02681107809928,134.643798828125
12.586768682691947,43.026812444858564,134.643798828125
12.586770106979364,43.026813766899785,134.643798828125
12.586771597582207,43.026815172136324,134.643798828125
12.586773064572123,43.02681653129804,134.643798828125
12.586774549760989,43.02681795537057,134.643798828125
12.586775970579719,43.026819298194546,134.643798828125
12.58677747441284,43.02682069302631,134.643798828125
12.586778943828504,43.02682201412358,134.643798828125
12.586780453872468,43.02682340555652,134.643798828125
12.586781891694843,43.02682472055432,134.643798828125
12.586783462370716,43.02682608360169,134.643798828125
12.586784890759642,43.02682739043016,134.643798828125
12.586786364944754,43.02682876815264,134.643798828125
12.58678774711561,43.02683006162163,134.643798828125
12.586789199351804,43.02683138861784,134.643798828125
12.586790419759375,43.02683253415406,134.643798828125
12.58679147550335,43.02683355013821,134.643798828125
12.586792277165163,43.02683433138836,134.643798828125
12.586792854480727,43.026834981505665,134.643798828125
12.586793248160376,43.02683547427609,134.643798828125
12.586793554864773,43.02683589896873,134.643798828125
12.586793862875796,43.02683628325662,134.643798828125
12.586794109973662,43.026836651132896,134.643798828125
12.58679431315031,43.0268369871411,134.643798828125
12.586794433429759,43.026837276977595,134.643798828125
12.58679457750964,43.026837538539745,134.643798828125
12.586794702628856,43.02683776364211,134.643798828125
12.586794793535699,43.02683793749324,134.643798828125
12.586794831966762,43.026838071447216,134.643798828125
12.586794880809784,43.02683820372427,134.643798828125
12.586794930344206,43.02683833899324,134.643798828125
12.58679496738077,43.02683841443464,134.643798828125
12.586795030403282,43.026838588982926,134.643798828125
12.586795108906033,43.026838771196225,134.643798828125
12.586795215966953,43.02683897784813,134.643798828125
12.586795320279869,43.02683915360109,134.643798828125
12.586795466463254,43.02683937591717,134.643798828125
12.586795622871097,43.02683960755272,134.643798828125
12.5867957974193,43.0268398379686,134.643798828125
12.586796010703253,43.02684010694739,134.643798828125
12.58679626874045,43.026840403394175,134.643798828125
12.586796536750146,43.02684069969638,134.643798828125
12.586796829462594,43.02684099183841,134.643798828125
12.586797111013098,43.02684131437073,134.643798828125
12.586797409549678,43.026841662512055,134.643798828125
12.586797708713204,43.026841979547775,134.643798828125
12.586798041684828,43.02684233019272,134.643798828125
12.586798363459339,43.02684265935243,134.643798828125
12.586798675343351,43.02684296759657,134.643798828125
12.586798922388478,43.026843186081166,134.643798828125
12.586799087022706,43.02684335876614,134.643798828125
12.586799147267861,43.02684345261303,134.643798828125
12.586799154363442,43.02684346576179,134.643798828125
12.586799121422523,43.026843460251264,134.643798828125
12.586799097206091,43.02684343972122,134.643798828125
12.586799079013,43.0268434281894,134.643798828125
12.586799058687122,43.02684339654194,134.643798828125
12.586799030761751,43.02684341512201,134.643798828125
12.586799010107766,43.02684345479966,134.643798828125
12.586798980336733,43.02684346820759,134.643798828125
12.586798980658996,43.026843509049236,134.643798828125
12.586798979768382,43.02684355396114,134.54379272460938
12.5867989713603,43.026843610758235,134.54379272460938
12.586798955833192,43.02684367445259,134.54379272460938
12.586798972959912,43.026843793902124,134.54379272460938
12.586799051017378,43.026843943511714,134.54379272460938
12.586799198372638,43.026844119735856,134.54379272460938
12.586799414246412,43.02684435178584,134.54379272460938
12.58679972444887,43.02684466692942,134.54379272460938
12.586800117818068,43.02684505697472,134.54379272460938
12.586800651370728,43.026845579495166,134.54379272460938
12.586801244652962,43.02684616849412,134.54379272460938
12.586801951037032,43.026846873433456,134.54379272460938
12.586802722254117,43.02684761177857,134.54379272460938
12.586803587026463,43.02684846753859,134.54379272460938
12.586804496645799,43.02684934075966,134.54379272460938
12.586805552448514,43.02685032650408,134.54379272460938
12.586806688494175,43.026851351481746,134.54379272460938
12.58680796502798,43.0268524881668,134.54379272460938
12.586809276471415,43.02685363264538,134.54379272460938
12.586810766634839,43.0268549049988,134.54379272460938
12.586812208740389,43.026856167190004,134.54379272460938
12.586813797990244,43.02685755815554,134.54379272460938
12.586815403634391,43.02685893897812,134.54379272460938
12.586817227829975,43.026860473435576,134.54379272460938
12.586819003065344,43.02686196922302,134.54379272460938
12.586820940579543,43.02686360342018,134.54379272460938
12.586822864259966,43.02686524037796,134.54379272460938
12.586824938131517,43.0268669900497,134.54379272460938
12.586826982437103,43.026868721101756,134.54379272460938
12.586829215452779,43.026870612157985,134.54379272460938
12.586831449646178,43.02687249592398,134.54379272460938
12.586833873399256,43.026874509415215,134.54379272460938
12.586836257649008,43.02687648934219,134.54379272460938
12.586838876276136,43.02687865087853,134.54379272460938
12.586841409114509,43.026880749595385,134.54379272460938
12.586844163149786,43.02688300786238,134.54379272460938
12.586846871189653,43.02688519783152,134.54379272460938
12.586849845583945,43.02688753344706,134.54379272460938
12.586852642058014,43.026889805741995,134.54379272460938
12.586855565022372,43.02689223327802,134.54379272460938
12.58685836662037,43.02689456675617,134.54379272460938
12.586861222390423,43.026896980701146,134.54379272460938
12.586863930693921,43.026899248472844,134.54379272460938
12.586866774675093,43.02690159386723,134.643798828125
12.586869527561907,43.02690379094668,134.643798828125
12.58687237081652,43.02690608506949,134.643798828125
12.586875066852125,43.02690824743676,134.643798828125
12.586877916880812,43.02691048146429,134.643798828125
12.586880602657542,43.02691256757951,134.643798828125
12.586883418170254,43.02691469734196,134.54379272460938
12.586886081704034,43.02691665314939,134.54379272460938
12.586888918016372,43.0269185837879,134.54379272460938
12.586891637269934,43.02692031618485,134.54379272460938
12.586894508413664,43.02692203669983,134.54379272460938
12.586897241135373,43.02692359527885,134.54379272460938
12.586900107918707,43.02692514773267,134.54379272460938
12.586902906552698,43.02692647590221,134.54379272460938
12.586905948582215,43.026927692036715,134.54379272460938
12.586908751980399,43.02692878061339,134.54379272460938
12.586911358159252,43.026929997741696,134.54379272460938
12.586913500981275,43.026931035800565,134.54379272460938
12.58691557058717,43.026931878359235,134.4438018798828
12.586917433263586,43.02693255774837,134.4438018798828
12.586919336582973,43.026933253748346,134.4438018798828
12.58692119695669,43.02693395197569,134.4438018798828
12.586923170101183,43.0269347363153,134.4438018798828
12.586925090725957,43.02693553453291,134.4438018798828
12.586927110952763,43.02693639772022,134.4438018798828
12.586928898469166,43.02693717174551,134.54379272460938
12.58693081562521,43.02693796382935,134.54379272460938
12.58693252075703,43.02693863394934,134.54379272460938
12.58693415504128,43.02693923405386,134.54379272460938
12.586935600858627,43.026939791136535,134.54379272460938
12.5869370718768,43.02694035055793,134.54379272460938
12.586938475809074,43.026940910159226,134.54379272460938
12.586939969534935,43.02694152366207,134.54379272460938
12.586941445870416,43.02694213710494,134.54379272460938
12.58694300200938,43.02694280206783,134.54379272460938
12.586944477785288,43.02694344362655,134.54379272460938
12.586945972630259,43.026944103697865,134.54379272460938
12.586947475414577,43.02694476753853,134.54379272460938
12.586949068516883,43.02694548231668,134.54379272460938
12.586950586889822,43.02694618520427,134.54379272460938
12.586952193641347,43.02694695534031,134.4438018798828
12.586953771825936,43.02694772431984,134.4438018798828
12.586955542195195,43.026948570647946,134.4438018798828
12.586957351180091,43.026949418655114,134.4438018798828
12.586959375980113,43.02695032580664,134.4438018798828
12.586961350753509,43.02695122063072,134.54379272460938
12.586963450839498,43.026952205045134,134.54379272460938
12.586965474335813,43.026953158191176,134.54379272460938
12.586967635273444,43.026954191692674,134.54379272460938
12.586969736398,43.02695519005365,134.54379272460938
12.586972028570486,43.026956261788236,134.54379272460938
12.586974184633172,43.02695727274223,134.54379272460938
12.586976468422483,43.026958354791105,134.54379272460938
12.58697871482369,43.02695943250525,134.54379272460938
12.586981111919203,43.02696058400422,134.54379272460938
12.586983464454827,43.02696170979457,134.54379272460938
12.586986003746462,43.02696291784219,134.54379272460938
12.586988483864051,43.02696408579773,134.54379272460938
12.586991160157465,43.0269653240686,134.54379272460938
12.58699377523854,43.02696652308694,134.54379272460938
12.5869966091489,43.02696783400325,134.54379272460938
12.586999310294917,43.02696906064913,134.54379272460938
12.587002152352035,43.02697034524004,134.54379272460938
12.587004830800993,43.02697157813101,134.54379272460938
12.58700768927513,43.02697293649819,134.54379272460938
12.587010425014782,43.026974240347,134.54379272460938
12.58701337966475,43.0269756343173,134.54379272460938
12.587016291686925,43.0269769946034,134.54379272460938
12.587019391231223,43.02697843844889,134.54379272460938
12.58702240719717,43.026979840386204,134.54379272460938
12.587025632407068,43.02698135375889,134.54379272460938
12.587028731062196,43.026982827844776,134.54379272460938
12.587032000852458,43.02698434022372,134.54379272460938
12.587035094512537,43.02698578456608,134.54379272460938
12.587038413550141,43.026987318258925,134.54379272460938
12.58704156894957,43.02698880120276,134.54379272460938
12.587044953245007,43.026990389568184,134.54379272460938
12.587048230719748,43.02699193994895,134.54379272460938
12.587051761714154,43.02699362323319,134.54379272460938
12.587055063469757,43.026995329082084,134.54379272460938
12.587058511039606,43.02699722377488,134.54379272460938
12.587061770233346,43.02699912556089,134.54379272460938
12.587065142980066,43.027001202552675,134.54379272460938
12.587068269331981,43.027003316449736,134.54379272460938
12.587071411656295,43.02700571522319,134.54379272460938
12.587074249608177,43.02700817672189,134.54379272460938
12.587077053646533,43.027010870977264,134.54379272460938
12.587079641934222,43.02701349911498,134.54379272460938
12.58708232943139,43.02701631109366,134.54379272460938
12.587084941958983,43.027018985320105,134.54379272460938
12.58708775434102,43.02702180038277,134.54379272460938
12.587090497964308,43.02702447183361,134.54379272460938
12.587093390554138,43.027027351643255,134.54379272460938
12.587096207395097,43.027030068360446,134.54379272460938
12.587099143894408,43.027033012814314,134.54379272460938
12.587101840643333,43.02703599225451,134.54379272460938
12.587104467631542,43.02703922468592,134.54379272460938
12.587106759468474,43.027042430200815,134.54379272460938
12.587108916061283,43.0270459161717,134.54379272460938
12.587110664917912,43.02704932531658,134.54379272460938
12.587111998058022,43.02705300643644,134.54379272460938
12.587112810354308,43.02705654656584,134.54379272460938
12.587113252683492,43.027060311793335,134.54379272460938
12.587113408036535,43.02706386182581,134.54379272460938
12.587113302100473,43.02706759475692,134.54379272460938
12.587112932144848,43.02707113450936,134.54379272460938
12.58711215679679,43.02707484871368,134.54379272460938
12.587111097378735,43.02707829188533,134.54379272460938
12.587109604713214,43.02708181755412,134.4438018798828
12.587107775619113,43.02708511238512,134.4438018798828
12.58710548977009,43.02708835273202,134.4438018798828
12.58710301502937,43.0270912594581,134.4438018798828
12.587100142771154,43.02709409508071,134.4438018798828
12.587097159198196,43.02709660547785,134.4438018798828
12.587093863254907,43.02709896881935,134.4438018798828
12.58709059504953,43.02710098272596,134.54379272460938
12.587087146805988,43.02710293831062,134.54379272460938
12.587084352013841,43.02710464220621,134.4438018798828
12.587082041480144,43.02710623723638,134.4438018798828
12.587080406358227,43.02710749766913,134.4438018798828
12.58707900916434,43.0271085740553,134.4438018798828
12.587078044801817,43.02710935155004,134.4438018798828
12.587077156533795,43.027109957745424,134.4438018798828
12.587076213586867,43.02711037454864,134.4438018798828
12.587075196303166,43.02711064006429,134.4438018798828
12.587074210483854,43.02711079344212,134.4438018798828
12.587073174063724,43.027110851935376,134.4438018798828
12.587072343204978,43.02711076933541,134.4438018798828
12.587071346833058,43.02711067217207,134.4438018798828
12.587070420368306,43.027110498628225,134.4438018798828
12.587069394559338,43.02711015078669,134.4438018798828
12.587068556089394,43.02710981257411,134.4438018798828
12.587067736896516,43.0271093606988,134.4438018798828
12.587067005147645,43.0271088500732,134.4438018798828
12.587066280974819,43.02710814022088,134.4438018798828
12.587065565526464,43.02710754298616,134.4438018798828
12.58706480598696,43.0271068987375,134.4438018798828
12.587064112182809,43.02710619842849,134.4438018798828
12.587063297689049,43.027105534544994,134.4438018798828
12.587062513487815,43.027104881883844,134.4438018798828
12.587061699462815,43.02710417293961,134.4438018798828
12.587060984459779,43.027103419397235,134.4438018798828
12.587060193907078,43.02710268751144,134.4438018798828
12.587059431490669,43.02710198694542,134.4438018798828
12.587058617278133,43.02710121520741,134.4438018798828
12.587057743148511,43.02710046671937,134.4438018798828
12.5870567258882,43.027099641987874,134.4438018798828
12.587055697395641,43.02709882685107,134.4438018798828
12.587054582132902,43.02709794309516,134.4438018798828
12.58705347878795,43.02709709744383,134.4438018798828
12.587052255509219,43.02709620202008,134.4438018798828
12.587051023119303,43.027095383165346,134.4438018798828
12.587049698187801,43.02709444610753,134.4438018798828
12.587048402576182,43.027093532214025,134.4438018798828
12.587047000595044,43.02709253524085,134.4438018798828
12.587045593053423,43.02709157123225,134.4438018798828
12.58704404570332,43.027090472229894,134.4438018798828
12.5870424819355,43.027089390874906,134.4438018798828
12.587040731780826,43.027088290947376,134.4438018798828
12.587039073628707,43.02708716379492,134.4438018798828
12.5870373213442,43.02708595207219,134.4438018798828
12.58703564071292,43.027084777169065,134.4438018798828
12.587033786787337,43.027083555286254,134.4438018798828
12.587032066304111,43.027082336521715,134.4438018798828
12.587030250165085,43.027081038309795,134.4438018798828
12.587028439012311,43.02707981270905,134.4438018798828
12.587026599427334,43.02707845185754,134.4438018798828
12.587024814213615,43.02707713793432,134.4438018798828
12.587022902688307,43.02707574314163,134.4438018798828
12.587021034931889,43.027074423495876,134.4438018798828
12.587019105014289,43.02707304035388,134.4438018798828
12.587017272850117,43.02707172793841,134.4438018798828
12.587015267160194,43.027070364294175,134.4438018798828
12.587013414257058,43.02706904792089,134.4438018798828
12.587011458253905,43.02706766832549,134.4438018798828
12.58700961116467,43.027066350290276,134.4438018798828
12.587007640526494,43.027064971414475,134.4438018798828
12.587005842697032,43.027063628227474,134.4438018798828
12.587003972818096,43.02706219870546,134.4438018798828
12.58700214725221,43.027060821611535,134.4438018798828
12.58700028505405,43.02705934970158,134.4438018798828
12.586998501782334,43.027057941801885,134.4438018798828
12.586996613880583,43.02705645974899,134.4438018798828
12.58699478875954,43.02705504934782,134.4438018798828
12.586992880018506,43.027053562703195,134.4438018798828
12.58699107862888,43.02705215406675,134.4438018798828
12.586989176441111,43.027050663635656,134.4438018798828
12.586987457587533,43.02704926815764,134.4438018798828
12.586985683750376,43.027047798766304,134.4438018798828
12.586983989285319,43.02704641593271,134.4438018798828
12.586982146359091,43.02704499060839,134.4438018798828
12.58698042607216,43.02704365083094,134.4438018798828
12.58697862673319,43.02704224966466,134.4438018798828
12.586976899754955,43.02704091799128,134.4438018798828
12.586975097433593,43.027039519857595,134.4438018798828
12.586973370095011,43.02703818583694,134.4438018798828
12.586971561554037,43.027036796338464,134.4438018798828
12.586969840568411,43.02703551094232,134.4438018798828
12.586968130352153,43.02703417347788,134.4438018798828
12.58696654301541,43.027032942137474,134.4438018798828
12.586964869450448,43.02703168681037,134.4438018798828
12.586963363759994,43.02703052818397,134.4438018798828
12.58696195027135,43.02702942731417,134.4438018798828
12.586960864044473,43.027028568744385,134.4438018798828
12.586959988163095,43.027027883906875,134.4438018798828
12.586959411905159,43.027027394372524,134.4438018798828
12.586958977231006,43.0270270092146,134.4438018798828
12.586958574366912,43.027026673366464,134.4438018798828
12.586958275074524,43.02702633251539,134.4438018798828
12.586958047159992,43.02702603420645,134.4438018798828
12.58695786406607,43.02702575558376,134.4438018798828
12.586957813386189,43.027025604433256,134.4438018798828
12.586957738179313,43.02702543392207,134.4438018798828
12.586957693206356,43.027025306192876,134.4438018798828
12.586957660045716,43.02702517118199,134.4438018798828
12.586957638375141,43.027025059643805,134.4438018798828
12.586957611976114,43.027024953828175,134.4438018798828
12.586957589277233,43.027024873198584,134.4438018798828
12.58695757473741,43.02702482106176,134.4438018798828
12.586957566053943,43.02702476686895,134.4438018798828
12.586957557153681,43.02702471319013,134.4438018798828
12.58695754427789,43.027024687986945,134.4438018798828
12.58695753811978,43.0270246512359,134.4438018798828
12.5869575410172,43.027024617654504,134.4438018798828
12.586957553515068,43.027024583936054,134.4438018798828
12.586957561627255,43.0270245724567,134.4438018798828
12.586957600436252,43.02702457141157,134.4438018798828
12.586957644908251,43.0270245869858,134.4438018798828
12.586957681701653,43.02702463021327,134.4438018798828
12.586957737019198,43.02702465336044,134.4438018798828
12.586957805244754,43.0270246732694,134.4438018798828
12.58695788536466,43.02702468827823,134.4438018798828
12.586957933911782,43.02702471264187,134.4438018798828
12.586957994769262,43.02702473140291,134.4438018798828
12.586958035142677,43.027024756212015,134.4438018798828
12.58695805189731,43.027024793425674,134.4438018798828
12.586958099237435,43.02702483804095,134.4438018798828
12.586958161389843,43.027024885894434,134.4438018798828
12.586958246381753,43.02702493772285,134.4438018798828
12.586958325883504,43.02702498615886,134.4438018798828
12.586958404532718,43.02702503461201,134.4438018798828
12.586958461757444,43.02702507783949,134.4438018798828
12.586958492838034,43.02702512065576,134.4438018798828
12.586958537257297,43.02702516429443,134.4438018798828
12.586958584102302,43.02702522384999,134.4438018798828
12.586958624850714,43.02702529443945,134.4438018798828
12.586958643245936,43.02702539552629,134.4438018798828
12.586958654618812,43.027025484328504,134.4438018798828
12.58695866956293,43.02702557552937,134.4438018798828
12.586958686944513,43.027025669094655,134.4438018798828
12.586958719240911,43.02702573209403,134.4438018798828
12.586958742393877,43.02702578154089,134.4438018798828
12.586958753511873,43.02702582631037,134.4438018798828
12.586958745973893,43.02702587529465,134.4438018798828
12.586958744318643,43.02702591141177,134.4438018798828
12.586958739086295,43.0270259320232,134.4438018798828
12.586958735828533,43.027025943057076,134.4438018798828
12.586958739018923,43.027025942131885,134.4438018798828
12.586958748279528,43.02702594218327,134.4438018798828
12.58695875725889,43.027025939973065,134.4438018798828
12.586958749117409,43.027025936032395,134.4438018798828
12.586958754393695,43.02702590647734,134.4438018798828
12.586958758533282,43.02702585810986,134.4438018798828
12.586958746788335,43.027025812243835,134.4438018798828
12.586958727241742,43.02702575811955,134.4438018798828
12.586958698455057,43.02702570793595,134.4438018798828
12.586958661529815,43.02702565795792,134.4438018798828
12.586958613085217,43.02702561221186,134.4438018798828
12.586958544264945,43.02702556497518,134.4438018798828
12.586958477208325,43.027025519708836,134.4438018798828
12.58695840708145,43.02702548485957,134.4438018798828
12.586958382449017,43.02702544130658,134.4438018798828
12.586958374899327,43.02702539019776,134.4438018798828
12.586958360054814,43.027025334445796,134.4438018798828
12.586958302958974,43.02702528789445,134.4438018798828
12.586958257625657,43.02702523693984,134.4438018798828
12.586958204030754,43.027025190337106,134.4438018798828
12.586958160048018,43.0270251602852,134.4438018798828
12.586958146987692,43.02702515250666,134.4438018798828
12.58695817058599,43.02702515300352,134.4438018798828
12.586958204051307,43.027025148942904,134.4438018798828
12.586958208489706,43.02702513910836,134.4438018798828
12.586958214331405,43.02702511202051,134.4438018798828
12.586958205721173,43.027025095401164,134.4438018798828
12.5869582028472,43.027025118531206,134.4438018798828
12.586958207388157,43.027025138577244,134.4438018798828
12.586958223507066,43.02702516038801,134.4438018798828
12.58695824890708,43.02702518183898,134.4438018798828
12.586958258674512,43.02702521343289,134.4438018798828
12.586958282102874,43.02702522945259,134.4438018798828
12.586958313028196,43.0270252414288,134.4438018798828
12.586958345028702,43.027025286386746,134.4438018798828
12.586958381338707,43.02702529694089,134.4438018798828
12.586958416098932,43.02702530641564,134.4438018798828
12.586958454286846,43.02702531806632,134.4438018798828
12.586958489427921,43.027025333983225,134.4438018798828
12.586958521258502,43.0270253412649,134.4438018798828
12.586958549312772,43.02702534803258,134.4438018798828
12.58695857543934,43.02702536677648,134.4438018798828
12.586958606663485,43.02702536845554,134.4438018798828
12.586958635573206,43.02702536216759,134.4438018798828
12.586958645416797,43.02702534595942,134.4438018798828
12.586958614342043,43.02702533340067,134.4438018798828
12.586958553935697,43.02702531522218,134.4438018798828
12.58695846871528,43.027025304034105,134.4438018798828
12.586958387209657,43.02702531306338,134.4438018798828
12.586958325813116,43.02702529976788,134.4438018798828
12.586958277099003,43.02702526611796,134.4438018798828
12.586958225789218,43.027025216996606,134.4438018798828
12.586958159025562,43.02702517788114,134.4438018798828
12.586958110074146,43.027025140427625,134.4438018798828
12.586958077956467,43.027025120398726,134.4438018798828
12.58695805722338,43.02702511582412,134.4438018798828
12.586958039499033,43.027025106212314,134.4438018798828
12.586958022111597,43.02702509723443,134.4438018798828
12.58695801012057,43.02702508760547,134.4438018798828
12.586958004894088,43.02702508402461,134.4438018798828
12.586958008875476,43.02702508059794,134.4438018798828
12.586958019126305,43.02702507280226,134.4438018798828
12.586958037585998,43.02702505472656,134.4438018798828
12.586958064319,43.02702502659358,134.4438018798828
12.586958085204428,43.02702500091066,134.4438018798828
12.586958095619307,43.027024984154245,134.4438018798828
12.586958099556751,43.02702498530218,134.4438018798828
12.586958117960785,43.027024982355236,134.4438018798828
12.586958160302943,43.02702498286924,134.4438018798828
12.58695823346495,43.0270249799737,134.4438018798828
12.58695829933505,43.02702497085875,134.4438018798828
12.586958339538539,43.02702495710067,134.4438018798828
12.58695834209317,43.02702494471325,134.4438018798828
12.586958312401219,43.027024960064736,134.4438018798828
12.586958274304125,43.02702495691219,134.4438018798828
12.586958240832955,43.02702496152107,134.4438018798828
12.586958236031276,43.027024986107456,134.4438018798828
12.586958229243287,43.02702498662145,134.4438018798828
12.586958210341212,43.02702499424579,134.4438018798828
12.5869581720156,43.027025005759405,134.4438018798828
12.586958096307729,43.02702503082552,134.4438018798828
12.586958015159517,43.02702504881556,134.4438018798828
12.58695792823405,43.02702507081479,134.4438018798828
12.586957852171713,43.0270251181714,134.4438018798828
12.586957804418534,43.027025141284305,134.4438018798828
12.58695779124394,43.02702516473988,134.4438018798828
12.58695780959524,43.02702518937766,134.4438018798828
12.586957835461067,43.027025228750134,134.4438018798828
12.586957860987047,43.02702526897926,134.4438018798828
12.586957880299261,43.02702531642154,134.4438018798828
12.586957907146523,43.02702536024868,134.4438018798828
12.586957928872769,43.02702540333909,134.4438018798828
12.58695794823185,43.02702543998735,134.4438018798828
12.586957945132273,43.02702546613285,134.4438018798828
12.586957898193475,43.02702546954237,134.4438018798828
12.586957732703686,43.02702545823434,134.4438018798828
12.586957452940212,43.027025416052,134.4438018798828
12.586957063057314,43.02702535385789,134.4438018798828
12.586956736665725,43.0270252674372,134.4438018798828
12.586956511370305,43.0270251772986,134.4438018798828
12.586956408129703,43.0270251099645,134.4438018798828
12.586956386798992,43.0270250664629,134.4438018798828
12.586956412937289,43.02702504376119,134.4438018798828
12.58695646241605,43.02702503581132,134.4438018798828
12.58695647366883,43.027025025531294,134.4438018798828
12.58695656026035,43.02702499380032,134.4438018798828
12.586956711995436,43.0270249504529,134.4438018798828
12.586956918154495,43.0270248892354,134.4438018798828
12.58695714051153,43.02702482608185,134.4438018798828
12.586957303382132,43.02702478300859,134.4438018798828
12.586957414096288,43.02702475648614,134.4438018798828
12.586957471939172,43.027024697016245,134.4438018798828
12.58695755749943,43.027024661361715,134.4438018798828
12.586957668040764,43.02702461121236,134.4438018798828
12.586957788683502,43.027024571360165,134.4438018798828
12.586957929681402,43.02702451762995,134.4438018798828
12.586958047564405,43.02702448689269,134.4438018798828
12.586958169777427,43.0270244528487,134.4438018798828
12.586958311408136,43.027024414761236,134.4438018798828
12.586958428872212,43.02702436017434,134.4438018798828
12.586958540175244,43.02702430075583,134.4438018798828
12.586958652272207,43.027024232085324,134.4438018798828
12.586958753043168,43.0270241607934,134.4438018798828
12.586958846865013,43.02702406995232,134.4438018798828
12.586958919268222,43.027023984902314,134.4438018798828
12.586958951494287,43.02702389411264,134.4438018798828
12.586958957628955,43.02702383873761,134.4438018798828
12.586958934200586,43.027023791243934,134.4438018798828
12.586958896841757,43.02702372526335,134.4438018798828
12.586958772490078,43.02702364514774,134.4438018798828
12.586958681753126,43.02702352153052,134.4438018798828
12.586958566650335,43.027023350967895,134.4438018798828
12.586958382727277,43.027023160290724,134.4438018798828
12.586958227280364,43.02702296214339,134.4438018798828
12.586958062956626,43.0270227658636,134.4438018798828
12.58695785734247,43.027022553512715,134.4438018798828
12.58695760601416,43.0270223345655,134.4438018798828
12.58695732852413,43.02702214179805,134.4438018798828
12.5869570546405,43.027021969779106,134.4438018798828
12.586956703314662,43.02702179078688,134.4438018798828
12.586956406913789,43.02702162500447,134.4438018798828
12.586956092029792,43.02702144309958,134.4438018798828
12.586955792620175,43.027021254786796,134.4438018798828
12.586955425995743,43.02702105828428,134.4438018798828
12.586955132041133,43.027020872130315,134.4438018798828
12.586954850238698,43.027020715531414,134.4438018798828
12.5869545999153,43.02702062081821,134.4438018798828
12.586954420284206,43.027020548823835,134.4438018798828
12.58695429211816,43.02702049975389,134.4438018798828
12.586954185508425,43.02702046403084,134.4438018798828
12.586954073405604,43.02702043260825,134.4438018798828
12.586953995178261,43.02702038655378,134.4438018798828
12.586953928136293,43.02702035019679,134.4438018798828
12.586953892157345,43.02702033102457,134.4438018798828
12.586953861888277,43.027020309642126,134.4438018798828
12.586953869801272,43.02702028176615,134.4438018798828
12.586953911041878,43.02702025627171,134.4438018798828
12.586953961469819,43.02702022017172,134.4438018798828
12.58695393252783,43.02702021295858,134.4438018798828
12.58695384654276,43.02702020391216,134.4438018798828
12.586953765081075,43.027020173568964,134.4438018798828
12.586953648355273,43.027020127925695,134.4438018798828
12.586953549939754,43.02702008634303,134.4438018798828
12.586953475945746,43.027020046559365,134.4438018798828
12.58695344963462,43.027020029974274,134.4438018798828
12.586953407356924,43.02702001945439,134.4438018798828
12.586953354154582,43.02702001650745,134.4438018798828
12.586953294477725,43.027020040391356,134.4438018798828
12.586953210350067,43.02702005990626,134.4438018798828
12.586953121652167,43.0270200834989,134.4438018798828
12.586953035684697,43.027020102773925,134.4438018798828
12.586952972155377,43.027020121089485,134.4438018798828
12.586952923684434,43.027020114338946,134.3437957763672
12.586952902268743,43.027020080294946,134.3437957763672
12.586952895583291,43.027020003965816,134.3437957763672
12.58695285588953,43.02701995032126,134.3437957763672
12.586952761786405,43.02701989275317,134.3437957763672
12.586952576480527,43.02701983390007,134.3437957763672
12.586952327829893,43.027019766600226,134.3437957763672
12.58695200114527,43.02701971806142,134.3437957763672
12.586951645934706,43.02701967408008,134.3437957763672
12.586951252937592,43.02701961613506,134.3437957763672
12.58695080784847,43.02701959483829,134.3437957763672
12.586950273862234,43.027019596380306,134.3437957763672
12.586949711725063,43.02701962889944,134.3437957763672
12.586949069875219,43.027019699300425,134.3437957763672
12.586948451521105,43.027019796755006,134.3437957763672
12.586947722496733,43.02701992976131,134.3437957763672
12.58694690923923,43.02702011050116,134.3437957763672
12.58694595095557,43.02702041088331,134.3437957763672
12.586944957645109,43.027020804950666,134.3437957763672
12.586943855756187,43.02702130341157,134.3437957763672
12.586942756855494,43.02702179844578,134.3437957763672
12.586941507450195,43.02702233360632,134.3437957763672
12.586940259591753,43.02702282183858,134.3437957763672
12.586938867782335,43.027023322458284,134.3437957763672
12.586937531302185,43.02702381660156,134.3437957763672
12.586936122099495,43.02702435141944,134.3437957763672
12.58693479504697,43.02702487306176,134.3437957763672
12.586933438563248,43.02702540424736,134.3437957763672
12.58693219959048,43.02702594463359,134.3437957763672
12.586930918720839,43.02702654700832,134.3437957763672
12.586929600474772,43.02702713589908,134.3437957763672
12.5869281885797,43.02702777464793,134.3437957763672
12.58692677695124,43.02702837787931,134.3437957763672
12.586925240253365,43.02702900177353,134.3437957763672
12.586923746498218,43.027029565289766,134.3437957763672
12.586922171234514,43.02703016646516,134.3437957763672
12.586920665804731,43.02703073680049,134.3437957763672
12.586918990780783,43.02703135406411,134.3437957763672
12.586917424426103,43.027031942149605,134.3437957763672
12.586915720712142,43.027032580487266,134.3437957763672
12.586914090869188,43.02703325752922,134.3437957763672
12.586912334776157,43.02703401424128,134.3437957763672
12.586910722639962,43.027034792781215,134.3437957763672
12.586909011478859,43.02703562469157,134.3437957763672
12.586907315223801,43.02703641356293,134.3437957763672
12.586905611758889,43.027037256781334,134.3437957763672
12.586904020869948,43.0270380561897,134.3437957763672
12.586902415552542,43.02703891587327,134.3437957763672
12.586900998730663,43.027039774700825,134.3437957763672
12.5868996341641,43.02704061031125,134.3437957763672
12.586898556556948,43.02704131964951,134.3437957763672
12.586897566006298,43.027042021192116,134.3437957763672
12.586896722980008,43.027042710604334,134.3437957763672
12.586895801965088,43.02704348133148,134.3437957763672
12.586894840722493,43.02704423910579,134.3437957763672
12.58689375088649,43.02704503548155,134.3437957763672
12.586892649127595,43.02704575386624,134.3437957763672
12.58689146069776,43.027046483301966,134.3437957763672
12.586890360350598,43.02704713800197,134.3437957763672
12.586889204134376,43.027047882240936,134.3437957763672
12.586888096447698,43.027048594577565,134.3437957763672
12.586886940506503,43.02704932766269,134.3437957763672
12.586885815865264,43.027050004190585,134.3437957763672
12.58688467134933,43.02705071272361,134.3437957763672
12.58688359626228,43.02705139069072,134.3437957763672
12.586882438375056,43.02705212470105,134.3437957763672
12.586881326583947,43.02705280708857,134.3437957763672
12.586880142673804,43.02705352036754,134.3437957763672
12.586879011567573,43.02705419304043,134.3437957763672
12.586877789301816,43.027054904297664,134.3437957763672
12.5868766897398,43.027055564651675,134.3437957763672
12.586875549717195,43.02705626547469,134.3437957763672
12.586874424864277,43.02705694960981,134.3437957763672
12.586873278809518,43.02705765152936,134.3437957763672
12.58687216643835,43.02705831354531,134.3437957763672
12.586870990228789,43.027059000644485,134.3437957763672
12.58686987237188,43.027059639307666,134.3437957763672
12.586868730742378,43.02706030298555,134.3437957763672
12.586867677760985,43.027060920523276,134.3437957763672
12.586866597450431,43.02706154541121,134.3437957763672
12.586865750529986,43.02706203247837,134.3437957763672
12.586865014322253,43.02706242217662,134.3437957763672
12.586864449289205,43.027062702461244,134.3437957763672
12.586863936709944,43.027062929341206,134.3437957763672
12.586863536037216,43.02706311618049,134.3437957763672
12.58686315860241,43.02706328549236,134.3437957763672
12.586862804279562,43.02706345062369,134.3437957763672
12.586862434403232,43.02706361575502,134.3437957763672
12.586862073887106,43.02706377139448,134.3437957763672
12.586861675786578,43.027063936594345,134.3437957763672
12.586861301082179,43.027064071536714,134.3437957763672
12.586860887776796,43.02706423675371,134.3437957763672
12.586860495307045,43.02706440325572,134.3437957763672
12.586860047308809,43.02706458300183,134.3437957763672
12.586859628791565,43.027064805444276,134.3437957763672
12.586859138893535,43.0270650879049,134.3437957763672
12.58685859855581,43.027065414175524,134.4438018798828
12.5868579290911,43.027065802777315,134.4438018798828
12.586857186757356,43.02706624368725,134.4438018798828
12.58685630650477,43.02706675361036,134.4438018798828
12.58685539576046,43.02706724165417,134.4438018798828
12.58685438396101,43.027067741999716,134.4438018798828
12.586853369489734,43.02706819906639,134.4438018798828
12.58685223238647,43.027068663586086,134.4438018798828
12.586851034132739,43.02706909863639,134.4438018798828
12.586849683634187,43.02706951759847,134.3437957763672
12.586848280513372,43.02706987714204,134.3437957763672
12.586846672674893,43.027070171236154,134.3437957763672
12.58684501940351,43.02707042979569,134.3437957763672
12.586843170842071,43.02707063978213,134.3437957763672
12.586841329508069,43.02707076924178,134.3437957763672
12.586839263074872,43.02707082574758,134.3437957763672
12.586837245921213,43.027070816204265,134.3437957763672
12.586835047656972,43.02707072505474,134.3437957763672
12.586832830988714,43.02707057436679,134.3437957763672
12.586830499027254,43.02707029600102,134.3437957763672
12.586828249207162,43.02706993556646,134.3437957763672
12.58682586931089,43.02706945787117,134.3437957763672
12.586823576993392,43.0270689251778,134.3437957763672
12.586821169816272,43.0270682593068,134.3437957763672
12.586818857231481,43.02706752670136,134.3437957763672
12.58681636309665,43.0270666548017,134.3437957763672
12.586813956329667,43.027065740531235,134.3437957763672
12.58681139834034,43.02706469279189,134.3437957763672
12.586808965452677,43.027063615257624,134.3437957763672
12.586806413685927,43.027062376961034,134.3437957763672
12.586804023641392,43.02706116146896,134.3437957763672
12.586801565951387,43.02705983006968,134.3437957763672
12.586799292190285,43.02705850415309,134.3437957763672
12.58679693443043,43.02705703837686,134.3437957763672
12.586794735252205,43.027055580619056,134.3437957763672
12.586792471387446,43.027053975377264,134.3437957763672
12.58679036589923,43.02705236807948,134.3437957763672
12.586788185541026,43.027050643092636,134.3437957763672
12.58678613113407,43.02704896679882,134.3437957763672
12.586784032301995,43.02704715057684,134.3437957763672
12.586782007132893,43.027045413579515,134.3437957763672
12.586779890980768,43.02704355428427,134.3437957763672
12.586777918498393,43.02704176110665,134.3437957763672
12.586775952121393,43.02703982275807,134.3437957763672
12.586774082492953,43.02703799113321,134.3437957763672
12.586772159334055,43.02703604623969,134.3437957763672
12.586770413992824,43.027034190216916,134.3437957763672
12.58676854107145,43.0270322259627,134.3437957763672
12.586766760269793,43.027030356079045,134.3437957763672
12.586764875969669,43.0270283919105,134.3437957763672
12.586763126093338,43.02702652447692,134.3437957763672
12.586761258808595,43.02702457430633,134.3437957763672
12.586759474069494,43.02702271869476,134.3437957763672
12.586757635753058,43.02702077395544,134.3437957763672
12.586755807514596,43.02701891227866,134.3437957763672
12.58675386382472,43.027016956625395,134.3437957763672
12.586751984856543,43.027015101921904,134.3437957763672
12.586750005202363,43.027013182402904,134.3437957763672
12.586748079805194,43.02701133561501,134.3437957763672
12.586746053464218,43.02700939079003,134.3437957763672
12.58674417428512,43.02700755083835,134.3437957763672
12.586742165486852,43.027005595116556,134.3437957763672
12.586740252382471,43.02700373683218,134.3437957763672
12.586738238615526,43.02700178393739,134.3437957763672
12.586736332917292,43.026999939428244,134.3437957763672
12.586734320474553,43.026997994568994,134.3437957763672
12.586732422323088,43.02699613340621,134.3437957763672
12.58673046192255,43.026994169151976,134.3437957763672
12.586728596196378,43.02699227816001,134.3437957763672
12.58672663802236,43.026990281112546,134.3437957763672
12.586724774018816,43.02698836798428,134.3437957763672
12.586722810782367,43.0269863637922,134.3437957763672
12.58672092832206,43.026984442405656,134.3437957763672
12.586718938343823,43.026982413987,134.3437957763672
12.586717041844663,43.02698048103544,134.3437957763672
12.586715022124679,43.02697844115456,134.3437957763672
12.586713094055678,43.02697649453058,134.3437957763672
12.586711072519323,43.02697444191962,134.3437957763672
12.586709177742806,43.026972477168535,134.3437957763672
12.586707168827353,43.0269704005109,134.3437957763672
12.58670524795355,43.02696842541984,134.3437957763672
12.586703221987555,43.026966346269305,134.3437957763672
12.586701251977765,43.026964372274776,134.3437957763672
12.58669917115713,43.0269622916936,134.3437957763672
12.586697197983343,43.02696031014326,134.3437957763672
12.586695159982389,43.026958225835585,134.3437957763672
12.586693206390333,43.0269562392052,134.3437957763672
12.586691159952,43.02695414924352,134.3437957763672
12.586689229410386,43.026952166245415,134.3437957763672
12.586687190425073,43.026950101152806,134.3437957763672
12.586685271508289,43.02694814329791,134.3437957763672
12.586683277991048,43.02694608409917,134.3437957763672
12.58668142277644,43.02694411483345,134.3437957763672
12.58667942890764,43.02694203392674,134.3437957763672
12.586677536826395,43.02694004811019,134.3437957763672
12.586675573918077,43.02693794321677,134.3437957763672
12.586673696086617,43.02693593754266,134.3437957763672
12.586671720709726,43.026933820236124,134.3437957763672
12.586669817800496,43.02693181219761,134.3437957763672
12.586667778651107,43.026929699354326,134.3437957763672
12.586665823945783,43.02692770186995,134.3437957763672
12.586663770359122,43.0269255916909,134.3437957763672
12.5866618143882,43.02692355408877,134.3437957763672
12.586659766449893,43.02692142614241,134.3437957763672
12.586657828666196,43.026919392361016,134.3437957763672
12.586655803977543,43.02691724992842,134.3437957763672
12.586653874185913,43.026915213482795,134.3437957763672
12.586651858333067,43.026913105925146,134.3437957763672
12.586649933908543,43.026911124957344,134.3437957763672
12.5866479051887,43.0269090703675,134.3437957763672
12.58664598599067,43.026907123889146,134.3437957763672
12.586643980403299,43.02690508647548,134.3437957763672
12.58664208593146,43.02690314760435,134.3437957763672
12.586640100500041,43.026901108948515,134.3437957763672
12.586638241957363,43.02689917203486,134.3437957763672
12.586636314556337,43.02689714481555,134.3437957763672
12.58663450565354,43.02689521839181,134.3437957763672
12.58663261978314,43.02689322566196,134.3437957763672
12.586630835489354,43.02689134290687,134.3437957763672
12.586628975610758,43.026889372398976,134.3437957763672
12.586627224738352,43.02688748556616,134.3437957763672
12.586625401093594,43.02688552548392,134.3437957763672
12.58662367309584,43.02688366731519,134.3437957763672
12.586621844107395,43.02688169195,134.3437957763672
12.586620107297268,43.02687985367739,134.3437957763672
12.586618287191511,43.026877931545556,134.3437957763672
12.586616557459415,43.02687611324188,134.3437957763672
12.586614756665872,43.02687420303914,134.3437957763672
12.586613043691337,43.026872392663925,134.3437957763672
12.586611255319482,43.026870485600874,134.3437957763672
12.586609548626098,43.02686867058253,134.3437957763672
12.58660776051205,43.02686677424924,134.3437957763672
12.58660604552191,43.02686497878006,134.3437957763672
12.58660421627565,43.02686310142626,134.3437957763672
12.586602449114412,43.026861321282865,134.3437957763672
12.586600609110517,43.026859450137756,134.3437957763672
12.586598877644073,43.02685765319081,134.3437957763672
12.586597067967856,43.02685573446422,134.3437957763672
12.586595378383603,43.026853893831486,134.3437957763672
12.586593629597107,43.026851941750515,134.3437957763672
12.58659199316832,43.02685007144066,134.3437957763672
12.58659025912379,43.026848084928055,134.3437957763672
12.58658866642872,43.026846203241654,134.3437957763672
12.586587012445497,43.026844225383556,134.3437957763672
12.586585432547109,43.026842341673266,134.3437957763672
12.586583803126029,43.02684035075526,134.3437957763672
12.58658228742201,43.02683844605446,134.3437957763672
12.58658075474951,43.026836423068154,134.3437957763672
12.586579380488722,43.02683446130523,134.3437957763672
12.586578047149224,43.02683237507083,134.3437957763672
12.586576950806224,43.02683033512381,134.3437957763672
12.586576036546466,43.02682811951727,134.3437957763672
12.586575382978163,43.026825981703034,134.3437957763672
12.586574950797184,43.026823715247254,134.3437957763672
12.586574777713913,43.02682156428358,134.3437957763672
12.586574850275419,43.026819319050276,134.3437957763672
12.586575064350436,43.026817219669,134.3437957763672
12.586575435594984,43.026815049137696,134.3437957763672
12.586575950438958,43.02681299830969,134.3437957763672
12.586576631522659,43.02681086531545,134.3437957763672
12.586577444721591,43.02680886042091,134.24378967285156
12.586578475300099,43.02680679043889,134.24378967285156
12.586579652243609,43.02680487680949,134.24378967285156
12.58658105064476,43.02680293371715,134.3437957763672
12.586582531240001,43.02680115362947,134.3437957763672
12.586584268050181,43.026799349328066,134.3437957763672
12.586586037133321,43.02679774728173,134.3437957763672
12.586588049025348,43.026796178616515,134.3437957763672
12.586590077932735,43.026794787681034,134.3437957763672
12.58659236952371,43.02679341534596,134.3437957763672
12.586594579951825,43.02679224179963,134.3437957763672
12.586596992009758,43.02679112750368,134.3437957763672
12.586599417684674,43.02679016148734,134.3437957763672
12.586601994247966,43.02678928851371,134.3437957763672
12.586604497406089,43.02678855174174,134.3437957763672
12.58660717702253,43.02678788741282,134.3437957763672
12.586609795561749,43.02678738796148,134.3437957763672
12.586612539888147,43.026786971453795,134.3437957763672
12.586615161403875,43.02678668523408,134.3437957763672
12.586618005853792,43.026786499919154,134.3437957763672
12.586620642955227,43.02678642874294,134.24378967285156
12.586623405164175,43.02678648504162,134.24378967285156
12.586626033429797,43.02678665916747,134.24378967285156
12.586628797560572,43.02678696624555,134.24378967285156
12.586631363928658,43.02678737352166,134.24378967285156
12.586634015584544,43.02678792791176,134.24378967285156
12.58663654567192,43.02678858513846,134.24378967285156
12.586639107188521,43.02678936600966,134.24378967285156
12.586641498457642,43.02679021598076,134.24378967285156
12.586643950757102,43.02679121835419,134.24378967285156
12.586646272956951,43.02679226273538,134.24378967285156
12.586648690850714,43.02679336600284,134.24378967285156
12.58665102933941,43.02679437814651,134.24378967285156
12.58665361105887,43.02679541647745,134.24378967285156
12.58665602011682,43.026796364203975,134.24378967285156
12.586658585899011,43.026797342138764,134.24378967285156
12.586661064963744,43.02679826545989,134.24378967285156
12.586663746408284,43.02679923282445,134.24378967285156
12.586666281581556,43.026800150213155,134.24378967285156
12.586668966963533,43.02680111839798,134.24378967285156
12.586671558550023,43.026802015959085,134.24378967285156
12.586674258392716,43.02680297101976,134.24378967285156
12.586676844612102,43.02680387027495,134.24378967285156
12.586679581321432,43.02680480158236,134.24378967285156
12.586682224750902,43.026805645164806,134.24378967285156
12.586684996287842,43.026806553721265,134.24378967285156
12.586687652771802,43.02680740649149,134.24378967285156
12.58669052560411,43.02680822834457,134.24378967285156
12.586693210657957,43.02680908214066,134.24378967285156
12.586696045639265,43.02681000051454,134.24378967285156
12.586698755700548,43.0268108849408,134.24378967285156
12.586701700648971,43.02681171195638,134.24378967285156
12.586704424667076,43.02681259817199,134.24378967285156
12.586707275913753,43.026813548918284,134.24378967285156
12.58671004217732,43.02681439603987,134.24378967285156
12.586712849760584,43.02681536790301,134.24378967285156
12.586715499307136,43.026816299130125,134.24378967285156
12.586718264750404,43.026817290425726,134.24378967285156
12.586720928546756,43.02681822737645,134.24378967285156
12.58672371530613,43.026819275579456,134.24378967285156
12.58672638922733,43.026820285749054,134.24378967285156
12.586729267332991,43.02682131975437,134.24378967285156
12.586731956828173,43.0268223347711,134.24378967285156
12.586734784145529,43.02682338821903,134.24378967285156
12.586737471625115,43.02682436884133,134.24378967285156
12.586740339406719,43.026825333850866,134.24378967285156
12.586743041030633,43.0268262776394,134.24378967285156
12.586745890167974,43.02682725071787,134.24378967285156
12.586748580694378,43.026828115869584,134.24378967285156
12.586751317837265,43.02682908357359,134.24378967285156
12.586753879576522,43.02683002200983,134.24378967285156
12.586756558337484,43.02683101441709,134.24378967285156
12.586759119127542,43.026831922202,134.24378967285156
12.586761725432527,43.026832884940816,134.24378967285156
12.58676414258798,43.026833779217675,134.3437957763672
12.586766641222688,43.02683465503387,134.3437957763672
12.586768946254818,43.026835508058426,134.3437957763672
12.586771337512241,43.0268363956249,134.3437957763672
12.586773621240024,43.02683722824843,134.3437957763672
12.586776080805032,43.02683803863822,134.24378967285156
12.586778381489577,43.026838837403005,134.24378967285156
12.586780762352609,43.02683966050466,134.24378967285156
12.586782972780666,43.026840390680334,134.24378967285156
12.58678521660666,43.02684115709733,134.24378967285156
12.58678727118938,43.026841859973125,134.24378967285156
12.586789343502309,43.026842583377906,134.24378967285156
12.586791273774379,43.026843260321286,134.24378967285156
12.586793281283597,43.02684397002581,134.24378967285156
12.586795172005488,43.02684463108657,134.24378967285156
12.586797140989889,43.0268452778913,134.24378967285156
12.586799000423177,43.02684591312994,134.24378967285156
12.586800927818349,43.02684657189911,134.24378967285156
12.586802727035728,43.02684718390063,134.24378967285156
12.586804573197726,43.02684779648254,134.24378967285156
12.586806266918602,43.026848386808226,134.24378967285156
12.586807881714819,43.0268489676013,134.24378967285156
12.58680916204528,43.02684942299531,134.24378967285156
12.586810203791401,43.02684981986174,134.24378967285156
12.586810980703616,43.02685011469903,134.24378967285156
12.58681165753337,43.02685039182044,134.24378967285156
12.586812295639108,43.02685065474258,134.24378967285156
12.586812942358007,43.026850932836304,134.24378967285156
12.586813568639707,43.02685121012476,134.24378967285156
12.586814141654614,43.02685145922669,134.24378967285156
12.586814742694493,43.02685173554711,134.24378967285156
12.586815363732132,43.02685202487819,134.24378967285156
12.586815940086838,43.02685228359408,134.24378967285156
12.58681646075485,43.026852540361055,134.24378967285156
12.586816894658519,43.026852743704055,134.24378967285156
12.586817235850672,43.02685293580544,134.24378967285156
12.586817417922147,43.02685310992322,134.24378967285156
12.58681755508805,43.02685329431245,134.24378967285156
12.586817631358386,43.02685344637959,134.24378967285156
12.586817689031356,43.02685358033677,134.24378967285156
12.586817749007036,43.02685369542799,134.24378967285156
12.58681784224003,43.026853819013056,134.24378967285156
12.586817937055025,43.02685393415995,134.24378967285156
12.586818004096994,43.026854046128605,134.24378967285156
12.586818064049217,43.02685412652046,134.24378967285156
12.586818106950913,43.026854182681475,134.24378967285156
12.5868181352044,43.02685421984802,134.24378967285156
12.586818208181834,43.02685423829636,134.24378967285156
12.586818243085615,43.02685425564388,134.24378967285156
12.586818269141867,43.02685425800399,134.24378967285156
12.586818287047839,43.026854224122765,134.24378967285156
12.586818275997215,43.026854180749666,134.24378967285156
12.586818244433228,43.026854137078864,134.24378967285156
12.586818200377243,43.026854104334866,134.24378967285156
12.586818152670924,43.02685407950007,134.24378967285156
12.58681812650335,43.02685405395422,134.24378967285156
12.586818102603308,43.02685401638504,134.24378967285156
12.586818052840368,43.02685394454699,134.24378967285156
12.586817998618507,43.02685388494217,134.24378967285156
12.586817925588342,43.026853824774086,134.24378967285156
12.586817859987763,43.026853772116844,134.24378967285156
12.586817778842489,43.026853719343954,134.24378967285156
12.586817732899817,43.026853666720974,134.24378967285156
12.586817693179702,43.026853597540736,134.24378967285156
12.586817625317423,43.02685350305667,134.24378967285156
12.586817557168034,43.026853430479754,134.24378967285156
12.586817460929218,43.0268533822622,134.24378967285156
12.586817342782531,43.026853349252654,134.24378967285156
12.586817240678592,43.02685332988124,134.24378967285156
12.586817160599717,43.02685330323886,134.24378967285156
12.586817112811373,43.02685326857165,134.24378967285156
12.586817059995747,43.02685321197374,134.24378967285156
12.586817028314583,43.02685318571686,134.24378967285156
12.58681699958649,43.026853170014135,134.24378967285156
12.586816965128016,43.02685315817499,134.24378967285156
12.586816918939247,43.02685312172804,134.24378967285156
12.58681686756501,43.02685310935989,134.24378967285156
12.58681682673751,43.02685309871366,134.24378967285156
12.586816822331338,43.02685306360954,134.24378967285156
12.586816850262572,43.02685306368665,134.24378967285156
12.586816888154583,43.0268530725189,134.24378967285156
12.58681692570089,43.02685309085587,134.24378967285156
12.586816941005342,43.02685310107592,134.24378967285156
12.586816932491796,43.02685311382528,134.24378967285156
12.586816917310385,43.02685312512688,134.24378967285156
12.58681690515822,43.026853124884866,134.24378967285156
12.586816898109497,43.0268531400329,134.24378967285156
12.586816902105534,43.02685316101698,134.24378967285156
12.58681690601954,43.026853173096,134.24378967285156
12.586816900400477,43.026853173293034,134.24378967285156
12.586816879107815,43.026853170474595,134.24378967285156
12.586816840348623,43.026853177252974,134.24378967285156
12.586816797997693,43.02685318624585,134.24378967285156
12.586816775843733,43.02685319582983,134.24378967285156
12.586816770435616,43.02685320401529,134.24378967285156
12.586816770031325,43.02685321312168,134.24378967285156
12.586816767447383,43.02685322265639,134.24378967285156
12.586816784040897,43.02685325406185,134.24378967285156
12.586816828589077,43.02685328300866,134.24378967285156
12.58681689601777,43.02685330816686,134.24378967285156
12.586816978616154,43.02685331574622,134.24378967285156
12.586817065609003,43.02685331699268,134.24378967285156
12.586817141879349,43.02685331767801,134.24378967285156
12.586817210433015,43.02685331572481,134.24378967285156
12.586817271738742,43.02685332096548,134.24378967285156
12.586817327232055,43.02685332414586,134.24378967285156
12.586817375330941,43.026853313767326,134.24378967285156
12.58681741052182,43.02685332497897,134.24378967285156
12.58681743271094,43.02685332828356,134.24378967285156
12.586817448788823,43.02685332040864,134.24378967285156
12.586817450142311,43.02685330514066,134.24378967285156
12.58681744465216,43.02685328404307,134.24378967285156
12.586817440579955,43.026853259272514,134.24378967285156
12.586817431205098,43.02685323226392,134.24378967285156
12.586817447781026,43.026853209367324,134.24378967285156
12.586817481741466,43.02685319080547,134.24378967285156
12.586817538922265,43.026853172886106,134.24378967285156
12.586817633104465,43.02685314750089,134.24378967285156
12.586817719921532,43.0268531236384,134.24378967285156
12.586817793004421,43.026853101403574,134.24378967285156
12.58681782499026,43.02685307937436,134.24378967285156
12.586817830281188,43.026853062455174,134.24378967285156
12.586817816910287,43.02685305745009,134.24378967285156
12.58681779076028,43.02685306113163,134.24378967285156
12.586817755305725,43.02685306945416,134.24378967285156
12.586817707341593,43.0268530882259,134.24378967285156
12.586817658223183,43.026853102602935,134.3437957763672
12.586817572349457,43.02685310713471,134.3437957763672
12.586817522024031,43.02685311768029,134.3437957763672
12.586817471505253,43.02685313760425,134.3437957763672
12.586817428457069,43.02685316000826,134.3437957763672
12.586817378043758,43.02685320461283,134.3437957763672
12.586817349186768,43.026853227151754,134.3437957763672
12.586817326651946,43.026853245437344,134.3437957763672
12.586817301275378,43.02685326632505,134.3437957763672
12.58681728869549,43.026853269389775,134.3437957763672
12.586817279777653,43.02685327103887,134.3437957763672
12.586817274310938,43.02685328077918,134.3437957763672
12.58681725900062,43.026853312441624,134.3437957763672
12.586817245998862,43.02685332269809,134.3437957763672
12.586817253047592,43.0268533286605,134.3437957763672
12.586817279806969,43.02685333335932,134.3437957763672
12.586817318407958,43.02685333045522,134.3437957763672
12.586817346708308,43.026853317200406,134.3437957763672
12.58681735066331,43.026853290016184,134.3437957763672
12.586817333800273,43.02685324763252,134.3437957763672
12.586817294918035,43.02685321210651,134.3437957763672
12.586817269383273,43.026853201989276,134.3437957763672
12.586817346720059,43.02685321940106,134.3437957763672
12.58681753729346,43.02685326293481,134.3437957763672
12.586817870071783,43.02685333148754,134.3437957763672
12.586818379882626,43.02685344226545,134.3437957763672
12.586818974395326,43.026853594112026,134.3437957763672
12.586819762346579,43.02685382973003,134.3437957763672
12.586820689004771,43.02685409457969,134.3437957763672
12.586821888735084,43.026854436475936,134.3437957763672
12.586823225262181,43.02685479735809,134.3437957763672
12.586824838031268,43.026855237698356,134.3437957763672
12.586826556285107,43.026855727886,134.3437957763672
12.586828562704582,43.02685631161322,134.3437957763672
12.586830619285417,43.02685693226284,134.3437957763672
12.58683294882118,43.02685764934329,134.3437957763672
12.586835369468869,43.02685841575927,134.3437957763672
12.586838040272996,43.026859252276395,134.3437957763672
12.586840749013087,43.026860100386365,134.3437957763672
12.586843762655857,43.02686105388365,134.3437957763672
12.586846813944545,43.026862040835965,134.3437957763672
12.586850099241476,43.0268631184002,134.3437957763672
12.586853358710675,43.02686418886051,134.3437957763672
12.586857008487552,43.02686538865842,134.3437957763672
12.586860561867411,43.02686654048293,134.3437957763672
12.586864409746777,43.02686778054423,134.3437957763672
12.586868128001104,43.02686898182845,134.3437957763672
12.586872150181069,43.02687028096985,134.3437957763672
12.586875881558708,43.02687150022269,134.3437957763672
12.586879750893269,43.026872820686584,134.3437957763672
12.586883515735131,43.02687414151458,134.3437957763672
12.586887333001863,43.026875567601365,134.3437957763672
12.586890900618794,43.0268769826457,134.3437957763672
12.58689453227918,43.026878555586826,134.24378967285156
12.586897888247782,43.02688016001908,134.24378967285156
12.586901206168365,43.026881982850306,134.24378967285156
12.586904204166709,43.026883833214825,134.24378967285156
12.586907268186067,43.026885893527265,134.24378967285156
12.586910066855877,43.02688785958048,134.3437957763672
12.586912975784317,43.026889916928795,134.3437957763672
12.586915769451792,43.02689181740833,134.3437957763672
12.586918720013408,43.02689380549503,134.3437957763672
12.586921558674334,43.02689562189689,134.3437957763672
12.586924548912112,43.02689750087407,134.3437957763672
12.586927371864297,43.02689930813101,134.3437957763672
12.586930338046782,43.02690117343149,134.3437957763672
12.586933156736347,43.026902940652036,134.3437957763672
12.586936112351607,43.026904791209255,134.3437957763672
12.586938931392721,43.026906533654966,134.3437957763672
12.586941884678904,43.026908359034714,134.3437957763672
12.586944681150035,43.026910095997756,134.3437957763672
12.586947615592745,43.02691193239426,134.3437957763672
12.586950384358232,43.0269136545198,134.3437957763672
12.58695327359654,43.02691545435371,134.3437957763672
12.586956012128098,43.026917153452025,134.3437957763672
12.58695888603265,43.02691892676348,134.3437957763672
12.586961605085007,43.026920591192436,134.3437957763672
12.586964446473436,43.02692231619638,134.3437957763672
12.5869671182179,43.02692392814584,134.3437957763672
12.586969917747572,43.02692562039079,134.3437957763672
12.586972557456376,43.026927205363776,134.3437957763672
12.58697530599413,43.02692885161423,134.3437957763672
12.58697787663657,43.02693040206349,134.3437957763672
12.586980549667866,43.02693203703164,134.3437957763672
12.586983044030431,43.026933610782294,134.3437957763672
12.586985605277498,43.026935285439876,134.3437957763672
12.586988016718323,43.026936912441016,134.3437957763672
12.586990508238403,43.02693864959254,134.3437957763672
12.586992828649242,43.02694032957859,134.3437957763672
12.586995202159297,43.026942099206394,134.3437957763672
12.586997378596509,43.02694383634937,134.24378967285156
12.58699957042204,43.02694569358862,134.24378967285156
12.587001566041263,43.02694746835644,134.24378967285156
12.587003547932902,43.026949416145506,134.24378967285156
12.587005309431069,43.02695131814567,134.24378967285156
12.587006987796174,43.02695338618525,134.24378967285156
12.587008393998822,43.02695541271926,134.24378967285156
12.587009708686725,43.02695761581255,134.24378967285156
12.58701082160421,43.02695973538068,134.24378967285156
12.58701185252096,43.026961973717285,134.24378967285156
12.58701274240173,43.02696411790606,134.24378967285156
12.58701356908861,43.026966392925196,134.24378967285156
12.587014277422279,43.02696856082654,134.24378967285156
12.587014910613524,43.02697087311929,134.24378967285156
12.587015513947314,43.02697303263384,134.24378967285156
12.587016112146909,43.026975291770334,134.24378967285156
12.58701661748118,43.02697746340675,134.24378967285156
12.58701715645217,43.026979705769676,134.24378967285156
12.587017682512236,43.026981830529216,134.24378967285156
12.58701826347236,43.026984050944314,134.24378967285156
12.587018816419235,43.02698616533817,134.24378967285156
12.587019411520744,43.026988378197466,134.24378967285156
12.587019979027936,43.02699048690304,134.24378967285156
12.587020550367109,43.02699271338335,134.24378967285156
12.58702113613185,43.02699482805134,134.24378967285156
12.587021767057053,43.02699705862653,134.24378967285156
12.587022377550912,43.02699919143876,134.24378967285156
12.587023029417203,43.02700146585822,134.24378967285156
12.587023644563335,43.027003614004805,134.24378967285156
12.58702429135255,43.027005870502755,134.24378967285156
12.587024914736842,43.02700801947174,134.24378967285156
12.587025568964428,43.02701028210344,134.24378967285156
12.587026210078939,43.027012435390034,134.24378967285156
12.587026929089761,43.027014706999616,134.24378967285156
12.587027675885322,43.02701687462683,134.24378967285156
12.587028491023604,43.02701912862331,134.24378967285156
12.587029258883279,43.02702127541636,134.24378967285156
12.587030093017356,43.02702353033804,134.24378967285156
12.58703083504344,43.02702567361875,134.24378967285156
12.587031614677356,43.02702792062482,134.24378967285156
12.587032339896059,43.02703005893686,134.24378967285156
12.587033130199714,43.02703229848992,134.24378967285156
12.587033748744195,43.02703445371259,134.24378967285156
12.58703430836767,43.02703673529379,134.24378967285156
12.587034778628214,43.02703891393775,134.24378967285156
12.587035128934465,43.02704123372636,134.24378967285156
12.587035312142593,43.027043450766186,134.24378967285156
12.587035318139483,43.02704578306214,134.24378967285156
12.587035154272673,43.02704798271159,134.24378967285156
12.587034748300079,43.02705027085486,134.24378967285156
12.587034156763844,43.02705240878995,134.24378967285156
12.587033378228451,43.027054573898525,134.24378967285156
12.587032462990022,43.027056619913125,134.24378967285156
12.587031347422542,43.027058732131024,134.24378967285156
12.587030125333184,43.02706069856115,134.24378967285156
12.58702863484449,43.027062699206596,134.24378967285156
12.587027036043931,43.02706453991211,134.24378967285156
12.587025176288288,43.027066386837014,134.24378967285156
12.587023224298676,43.027068059738376,134.24378967285156
12.587021076857877,43.027069716311644,134.24378967285156
12.587018920030502,43.02707121237959,134.24378967285156
12.58701652199235,43.02707269734512,134.24378967285156
12.587014053840493,43.0270740211885,134.24378967285156
12.587011433086422,43.027075258062936,134.24378967285156
12.58700884466391,43.02707631507134,134.24378967285156
12.587005974894511,43.0270773053453,134.24378967285156
12.587003223298161,43.02707812169853,134.24378967285156
12.587000253780982,43.027078853789874,134.24378967285156
12.586997379213209,43.027079423182826,134.24378967285156
12.586994283786185,43.027079891848736,134.24378967285156
12.586991382267358,43.02708021255095,134.24378967285156
12.586988326273891,43.0270804277802,134.24378967285156
12.586985369290483,43.02708050794713,134.24378967285156
12.586982255930007,43.02708048135611,134.24378967285156
12.586979272061262,43.02708033901209,134.24378967285156
12.586976119738,43.02708008182316,134.24378967285156
12.58697310338684,43.0270797387447,134.24378967285156
12.58696997021174,43.02707929495634,134.24378967285156
12.586967010547733,43.027078811898335,134.24378967285156
12.58696388527974,43.02707826505281,134.24378967285156
12.58696095320711,43.027077697424545,134.143798828125
12.586957866578176,43.027077075706245,134.143798828125
12.586954907075272,43.02707647415394,134.143798828125
12.586951765867068,43.02707582740381,134.143798828125
12.586948768838367,43.027075229723636,134.143798828125
12.58694560721641,43.02707462147218,134.143798828125
12.586942607536377,43.02707403664204,134.143798828125
12.586939433999556,43.02707345162342,134.143798828125
12.586936407639259,43.02707291127147,134.143798828125
12.586933221645593,43.027072368075395,134.143798828125
12.586930188400634,43.027071879928805,134.143798828125
12.58692700363742,43.02707136442023,134.143798828125
12.58692397128015,43.02707088902086,134.143798828125
12.586920815992094,43.027070431748584,134.143798828125
12.586917809588547,43.02706997408223,134.143798828125
12.58691467276018,43.02706949772339,134.143798828125
12.586911709450233,43.02706905510014,134.143798828125
12.586908645221376,43.02706865512182,134.143798828125
12.586905745358736,43.02706823963782,134.143798828125
12.586902745760767,43.02706780801418,134.143798828125
12.58689996554332,43.02706742496361,134.143798828125
12.586897037481389,43.02706694570921,134.143798828125
12.586894282493299,43.02706643318181,134.143798828125
12.58689142240424,43.027065840590225,134.143798828125
12.586888778749666,43.027065261808126,134.143798828125
12.586886063146943,43.02706456537122,134.143798828125
12.58688357951351,43.02706382120076,134.143798828125
12.586881154602233,43.02706294679962,134.143798828125
12.586878912612429,43.027062032546326,134.143798828125
12.586876739984186,43.02706116734591,134.143798828125
12.586874965687993,43.027060523988276,134.143798828125
12.586873542212293,43.027060066219185,134.143798828125
12.586872514031947,43.027059733318005,134.143798828125
12.586871711259807,43.02705947381613,134.143798828125
12.586871097323673,43.02705923322947,134.143798828125
12.586870504671385,43.027058980306805,134.143798828125
12.586869989645873,43.02705876932663,134.143798828125
12.586869503511053,43.02705857786134,134.143798828125
12.586869228676802,43.027058515684395,134.143798828125
12.586868894143722,43.02705839742994,134.143798828125
12.5868686335153,43.02705829565778,134.143798828125
12.586868461999318,43.027058160989554,134.143798828125
12.586868308147608,43.027058078646625,134.143798828125
12.586868181960524,43.027058009667726,134.143798828125
12.586868081513291,43.02705796440138,134.143798828125
12.58686807595283,43.027057934743546,134.143798828125
12.586868021720733,43.02705791533145,134.143798828125
12.586867979965982,43.027057891002066,134.143798828125
12.586868020247113,43.02705786547334,134.143798828125
12.58686796847004,43.02705778972673,134.143798828125
12.586867908403544,43.027057675447196,134.143798828125
12.586867837686327,43.02705750397649,134.143798828125
12.586867819272051,43.02705731773683,134.143798828125
12.586867763982353,43.02705706584214,134.143798828125
12.586867714169623,43.02705679777356,134.143798828125
12.586867738525218,43.027056496945995,134.143798828125
12.586867688277428,43.02705615727708,134.143798828125
12.586867629009259,43.027055759406146,134.143798828125
12.586867555653896,43.02705535247167,134.143798828125
12.586867509608675,43.02705490057925,134.143798828125
12.586867412531992,43.027054447007764,134.143798828125
12.586867299140117,43.02705394806714,134.143798828125
12.586867226167076,43.027053451456645,134.143798828125
12.58686709099623,43.02705290061907,134.143798828125
12.586866955353711,43.02705236198045,134.143798828125
12.586866798978098,43.02705177925769,134.04379272460938
12.586866650133132,43.02705119691186,134.04379272460938
12.586866457150158,43.027050556586744,134.04379272460938
12.586866268451791,43.0270499267815,134.04379272460938
12.586866095015406,43.027049239767976,134.04379272460938
12.586865904666181,43.027048609363085,133.9438018798828
12.586865708431315,43.027047981579614,133.9438018798828
12.586865551112387,43.027047449280374,133.9438018798828
12.586865446427359,43.027046994046636,133.8437957763672
12.586865388547956,43.027046649666474,133.8437957763672
12.586865366540485,43.02704636523557,133.74378967285156
12.586865367595166,43.02704613751607,133.643798828125
12.58686539839892,43.02704591860313,133.54379272460938
12.586865439465212,43.02704572902249,133.4438018798828
12.586865476097481,43.02704553921913,133.3437957763672
12.58686550982354,43.02704539163236,133.24378967285156
12.586865531611291,43.02704520804839,133.143798828125
12.586865526595727,43.02704500392151,133.04379272460938
12.586865523799371,43.02704478223294,132.9438018798828
12.586865475958271,43.02704453282259,132.8437957763672
12.586865398073671,43.02704425911714,132.8437957763672
12.586865306323075,43.02704400242512,132.74378967285156
12.586865207977851,43.027043763260515,132.74378967285156
12.586865102097587,43.027043507236705,132.74378967285156
12.58686499253769,43.02704323084131,132.74378967285156
12.586864881860125,43.027042988849715,132.74378967285156
12.586864734802237,43.02704270282536,132.74378967285156
12.586864558890278,43.027042414693625,132.74378967285156
12.58686432069555,43.027042095139294,132.74378967285156
12.586864037155799,43.02704178456284,132.74378967285156
12.586863717950571,43.027041390015775,132.74378967285156
12.586863397485597,43.02704096779833,132.74378967285156
12.586863040974285,43.027040465225426,132.74378967285156
12.586862682491319,43.027039966867335,132.74378967285156
12.586862283538256,43.027039422626096,132.74378967285156
12.586861899412122,43.02703887000665,132.74378967285156
12.586861481849958,43.027038228482176,132.74378967285156
12.586861058818139,43.02703757292548,132.74378967285156
12.586860576036239,43.02703682573957,132.74378967285156
12.586860102977836,43.0270360498724,132.74378967285156
12.58685961312087,43.027035217790704,132.74378967285156
12.586859169036671,43.02703441596653,132.74378967285156
12.586858747326177,43.027033632166685,132.74378967285156
12.586858421192403,43.02703300919773,132.74378967285156
12.586858198325643,43.027032502324424,132.74378967285156
12.586858054465504,43.02703212876578,132.74378967285156
12.586857935064954,43.02703177624689,132.74378967285156
12.586857858012406,43.02703151578555,132.74378967285156
12.58685780300543,43.02703129277774,132.74378967285156
12.586857789866,43.0270311280919,132.74378967285156
12.586857862439166,43.02703102936951,132.74378967285156
12.586857934537719,43.02703096455401,132.74378967285156
12.586858021474903,43.02703091505573,132.74378967285156
12.586858134146082,43.027030866636856,132.74378967285156
12.58685822422092,43.027030801290216,132.74378967285156
12.586858322284895,43.027030732431236,132.74378967285156
12.58685843456935,43.02703065240131,132.74378967285156
12.586858576777193,43.02703059632381,132.74378967285156
12.586858651486034,43.027030535140575,132.74378967285156
12.586858709914843,43.02703047978269,132.74378967285156
12.5868587957036,43.02703045771492,132.74378967285156
12.586858819911232,43.02703041166044,132.74378967285156
12.586858810023665,43.02703036062016,132.74378967285156
12.5868587712088,43.02703030264086,132.74378967285156
12.586858720382402,43.02703025028129,132.74378967285156
12.586858653404878,43.027030138588884,132.74378967285156
12.586858569675645,43.02702997393727,132.74378967285156
12.586858470694683,43.02702980303197,132.74378967285156
12.586858348926945,43.02702954445527,132.74378967285156
12.586858210846959,43.027029254044756,132.74378967285156
12.58685805282489,43.027028904781176,132.74378967285156
12.586857886555869,43.02702852705906,132.74378967285156
12.586857698115297,43.02702804281884,132.74378967285156
12.586857488194575,43.027027520251295,132.74378967285156
12.586857224359617,43.02702692318789,132.74378967285156
12.586856966653473,43.02702632393143,132.74378967285156
12.586856679015158,43.02702564699231,132.74378967285156
12.58685638014752,43.02702495581536,132.74378967285156
12.586856045714002,43.02702416195816,132.74378967285156
12.586855690175325,43.02702337173326,132.74378967285156
12.586855289171512,43.0270224926376,132.74378967285156
12.586854910641005,43.02702159524352,132.74378967285156
12.586854516035544,43.027020626129186,132.74378967285156
12.5868541388058,43.02701969895733,132.74378967285156
12.586853739527555,43.02701873535997,132.74378967285156
12.586853363830016,43.027017818194,132.74378967285156
12.586852983638408,43.02701687203839,132.74378967285156
12.58685263185556,43.027015976511855,132.74378967285156
12.586852287616544,43.0270150087682,132.74378967285156
12.586851963193642,43.027014090694166,132.74378967285156
12.586851623735791,43.02701311121416,132.74378967285156
12.586851288774946,43.02701217100382,132.74378967285156
12.586850921547004,43.027011171015175,132.74378967285156
12.58685057402092,43.02701020041025,132.74378967285156
12.586850206371109,43.02700916901616,132.74378967285156
12.586849861610606,43.027008186195154,132.74378967285156
12.586849490875878,43.0270071721229,132.74378967285156
12.5868491274301,43.02700620677791,132.74378967285156
12.586848728925267,43.02700518487571,132.74378967285156
12.586848329796425,43.02700419787416,132.74378967285156
12.586847891820506,43.02700315498359,132.74378967285156
12.586847471853119,43.02700216578897,132.74378967285156
12.586847022477963,43.027001140048895,132.74378967285156
12.586846596736235,43.02700015902689,132.74378967285156
12.586846130700186,43.026999130888136,132.74378967285156
12.586845670464829,43.02699815229907,132.74378967285156
12.586845144517559,43.02699712147038,132.74378967285156
12.586844642599226,43.026996118945995,132.74378967285156
12.586844089283225,43.02699505179457,132.74378967285156
12.586843528821818,43.026994035083774,132.74378967285156
12.586842936198778,43.02699290942192,132.74378967285156
12.586842356000362,43.026991812115774,132.74378967285156
12.586841735993946,43.0269906304621,132.74378967285156
12.586841126200268,43.02698948907184,132.74378967285156
12.586840471975606,43.02698827947364,132.74378967285156
12.586839848248552,43.026987138905795,132.74378967285156
12.586839245796597,43.026986020268694,132.74378967285156
12.586838723071978,43.026985132263775,132.74378967285156
12.586838221259146,43.02698436100558,132.643798828125
12.586837775203282,43.02698370897839,132.643798828125
12.586837297038509,43.02698303495194,132.643798828125
12.586836839193746,43.026982364489236,132.643798828125
12.586836341236305,43.026981622203486,132.643798828125
12.586835871028443,43.02698093637216,132.643798828125
12.586835355317355,43.02698019105382,132.643798828125
12.586834862269995,43.02697947133271,132.643798828125
12.586834359877079,43.0269786958425,132.643798828125
12.586833917588734,43.026977959690484,132.643798828125
12.586833433189682,43.02697715855164,132.643798828125
12.586832969075482,43.026976406893944,132.643798828125
12.586832494854011,43.02697564666956,132.643798828125
12.586832016507598,43.02697492523513,132.643798828125
12.586831483001838,43.0269741788031,132.643798828125
12.586830934871294,43.026973465164325,132.643798828125
12.586830351239342,43.02697271167336,132.643798828125
12.586829770624922,43.02697193227673,132.643798828125
12.586829134523038,43.026971048837744,132.643798828125
12.586828505100737,43.0269701638225,132.643798828125
12.586827819751532,43.02696913378193,132.643798828125
12.5868271259415,43.026968119229934,132.643798828125
12.586826306244651,43.026967055530896,132.643798828125
12.586825428921701,43.02696609459778,132.643798828125
12.586824398343236,43.02696512048053,132.643798828125
12.586823391963664,43.0269642055162,132.643798828125
12.586822395990213,43.026963184127986,132.643798828125
12.586821468558703,43.02696219521605,132.643798828125
12.586820516359962,43.02696111548016,132.643798828125
12.586819602826647,43.02696007460276,132.643798828125
12.58681861857173,43.02695900675745,132.643798828125
12.586817651279455,43.0269579607486,132.643798828125
12.586816598476728,43.026956850429684,132.643798828125
12.586815600886068,43.0269557852229,132.643798828125
12.586814461020182,43.02695466479531,132.643798828125
12.586813336159928,43.0269536162593,132.643798828125
12.586812087569081,43.0269525614525,132.643798828125
12.586810843577796,43.02695160540238,132.643798828125
12.586809522056416,43.02695059388298,132.643798828125
12.586808245645695,43.02694962286685,132.643798828125
12.586806838121683,43.026948605128055,132.643798828125
12.586805548146716,43.026947609259985,132.643798828125
12.58680421799462,43.026946543282214,132.643798828125
12.586802962524999,43.02694551158827,132.643798828125
12.586801625412058,43.02694442180369,132.643798828125
12.586800355581325,43.02694335414683,132.643798828125
12.586799022317942,43.02694221884747,132.643798828125
12.586797739848727,43.026941121884015,132.643798828125
12.586796408413433,43.02693997440284,132.643798828125
12.586795129998832,43.02693890255689,132.643798828125
12.586793765493708,43.02693779178394,132.643798828125
12.586792437632573,43.02693672430699,132.643798828125
12.586791014177157,43.026935593950604,132.643798828125
12.586789653996208,43.026934514822976,132.643798828125
12.586788225454944,43.02693336161924,132.643798828125
12.58678687142038,43.026932238715865,132.643798828125
12.586785429051178,43.026931001601476,132.643798828125
12.586784026607157,43.0269297663632,132.643798828125
12.586782503145413,43.02692844353062,132.643798828125
12.586781049959976,43.02692714926794,132.643798828125
12.586779535896557,43.02692577064915,132.643798828125
12.586778136370503,43.02692444951279,132.643798828125
12.58677668746236,43.026923078347004,132.643798828125
12.58677531964675,43.026921779089946,132.643798828125
12.586773878754096,43.026920425100364,132.643798828125
12.586772478149914,43.026919124001466,132.643798828125
12.586771026874617,43.02691774271843,132.643798828125
12.586769649156821,43.02691640206716,132.643798828125
12.586768196885439,43.026914975552046,132.643798828125
12.586766826480025,43.026913582112904,132.643798828125
12.586765391235733,43.02691210699902,132.643798828125
12.586764028072405,43.026910716301224,132.643798828125
12.586762596226508,43.026909267058734,132.643798828125
12.58676126523068,43.02690792273237,132.643798828125
12.5867598966651,43.026906525035585,132.643798828125
12.58675860225466,43.02690519381625,132.643798828125
12.58675727359082,43.02690380992038,132.643798828125
12.58675602275004,43.026902488115816,132.643798828125
12.586754719070194,43.026901084328124,132.643798828125
12.586753485385408,43.02689973271579,132.643798828125
12.586752179643103,43.02689829210421,132.643798828125
12.586750941739632,43.02689689717874,132.643798828125
12.586749655614218,43.026895413241164,132.643798828125
12.586748424085645,43.02689400029997,132.643798828125
12.586747112308254,43.026892513753864,132.643798828125
12.586745828198413,43.02689111175231,132.643798828125
12.58674444438694,43.026889644943836,132.643798828125
12.586743101086585,43.02688825151325,132.643798828125
12.586741667061018,43.026886791176906,132.643798828125
12.586740285628421,43.026885408261926,132.643798828125
12.586738821240022,43.0268839515193,132.643798828125
12.58673740677275,43.026882559215224,132.643798828125
12.58673589802954,43.026881075183425,132.643798828125
12.58673443420364,43.02687963662356,132.643798828125
12.586732917562125,43.02687810019365,132.643798828125
12.586731491223953,43.02687661270091,132.643798828125
12.58672999193764,43.02687501185813,132.643798828125
12.586728547939565,43.02687347312808,132.643798828125
12.586727005353113,43.02687183538861,132.643798828125
12.58672552680868,43.02687027131831,132.643798828125
12.586723926836365,43.02686860668804,132.643798828125
12.58672242738599,43.026867039636535,132.643798828125
12.586720833659673,43.02686539144573,132.643798828125
12.586719272639899,43.02686381562409,132.643798828125
12.58671764715624,43.02686213922533,132.643798828125
12.586716082398242,43.02686052785838,132.643798828125
12.586714428825157,43.026858818565714,132.643798828125
12.586712839188628,43.02685719405749,132.643798828125
12.586711180424219,43.02685548442431,132.643798828125
12.586709601006286,43.0268538694251,132.643798828125
12.586707928355363,43.02685218955257,132.643798828125
12.586706355335785,43.0268506059224,132.643798828125
12.586704716153129,43.02684896164872,132.643798828125
12.586703185156367,43.026847406851864,132.643798828125
12.586701564149214,43.02684577668107,132.643798828125
12.586700070698763,43.02684424268412,132.643798828125
12.586698520624154,43.026842652380516,132.643798828125
12.586697046474196,43.02684115379823,132.643798828125
12.58669553181312,43.02683961437536,132.643798828125
12.5866940933345,43.02683818430189,132.643798828125
12.586692579306224,43.02683671194114,132.643798828125
12.58669113848389,43.026835322122494,132.643798828125
12.586689630865676,43.026833877932724,132.643798828125
12.586688199113519,43.02683250383073,132.643798828125
12.586686695667114,43.02683104420165,132.643798828125
12.58668526712585,43.02682967801928,132.643798828125
12.586683781046387,43.02682824885712,132.643798828125
12.58668239340296,43.026826888136355,132.643798828125
12.586680957080567,43.02682548183072,132.643798828125
12.58667961516302,43.02682412624721,132.643798828125
12.586678212144808,43.02682270730613,132.643798828125
12.586676843251087,43.02682138348198,132.643798828125
12.586675411991108,43.02681999755795,132.643798828125
12.586674047480141,43.02681868471628,132.643798828125
12.586672622829447,43.026817311333886,132.643798828125
12.58667128241188,43.02681601024035,132.643798828125
12.586669893948148,43.02681465642318,132.643798828125
12.586668583014509,43.02681336849662,132.643798828125
12.58666716661367,43.02681199943182,132.643798828125
12.586665801915188,43.02681068434674,132.643798828125
12.586664320265317,43.02680928413991,132.643798828125
12.586662873372743,43.02680794739506,132.643798828125
12.586661315505262,43.02680655182711,132.643798828125
12.586659806715172,43.02680525867168,132.643798828125
12.586658162927076,43.026803943341406,132.643798828125
12.586656553005678,43.02680271790988,132.643798828125
12.586654849288816,43.0268014681511,132.643798828125
12.586653252492248,43.026800257957525,132.643798828125
12.586651596891864,43.02679895047429,132.643798828125
12.586650036001002,43.02679766133447,132.643798828125
12.58664839971282,43.02679629650589,132.643798828125
12.586646821501887,43.026794983737034,132.643798828125
12.586645105949243,43.026793612777915,132.643798828125
12.586643434364694,43.02679227613157,132.643798828125
12.586641629375876,43.02679085085757,132.643798828125
12.58663986840204,43.02678948163856,132.643798828125
12.586638002617258,43.026787989390236,132.643798828125
12.586636170910097,43.02678658426024,132.643798828125
12.586634201837791,43.02678509295747,132.643798828125
12.58663227328832,43.02678365042374,132.643798828125
12.586630267021253,43.026782104038,132.643798828125
12.586628331510946,43.026780614902066,132.643798828125
12.586626274807132,43.02677903096731,132.643798828125
12.586624296383413,43.02677750342019,132.643798828125
12.586622238742125,43.02677588718792,132.643798828125
12.586620300911559,43.02677434783143,132.643798828125
12.586618301839716,43.02677268758892,132.643798828125
12.586616400336732,43.02677117580268,132.643798828125
12.586614441108079,43.0267696360436,132.643798828125
12.586612737367872,43.02676829965005,132.643798828125
12.586611237788732,43.02676710647001,132.643798828125
12.586610153562795,43.02676624177508,132.643798828125
12.586609310645729,43.026765566417666,132.643798828125
12.586608648054067,43.026765087956804,132.643798828125
12.586608101921591,43.026764652044506,132.643798828125
12.586607645647154,43.026764255697394,132.643798828125
12.586607230364299,43.02676383989429,132.643798828125
12.586606980828986,43.02676351223163,132.643798828125
12.586606705184678,43.02676317660088,132.643798828125
12.586606507140768,43.026762894947716,132.643798828125
12.586606382712946,43.026762634346085,132.643798828125
12.586606303448512,43.02676242383918,132.643798828125
12.586606276917667,43.026762237805166,132.643798828125
12.586606290394034,43.02676209705032,132.643798828125
12.586606379455215,43.02676199013388,132.643798828125
12.586606429563844,43.02676192964029,132.643798828125
12.58660649265666,43.026761903013984,132.643798828125
12.586606637029524,43.02676193768121,132.643798828125
12.586606740176434,43.02676196277838,132.643798828125
12.586606851737283,43.02676199279923,132.643798828125
12.586606972274556,43.02676202863901,132.643798828125
12.586607107764731,43.02676208567705,132.643798828125
12.586607236692501,43.02676212615569,132.643798828125
12.586607350339243,43.02676216548532,132.643798828125
12.586607483766944,43.02676224565767,132.643798828125
12.586607571328141,43.0267623167183,132.643798828125
12.586607648623868,43.0267624125709,132.643798828125
12.586607712958845,43.02676251442124,132.643798828125
12.586607762809665,43.02676267483342,132.643798828125
12.586607815613567,43.02676279135634,132.643798828125
12.586607878589197,43.02676290554376,132.643798828125
12.58660793476805,43.026763026027695,132.643798828125
12.586608007610721,43.02676312155796,132.643798828125
12.58660808389865,43.02676320066161,132.643798828125
12.586608157139741,43.02676327022306,132.643798828125
12.58660819142828,43.02676334198936,132.643798828125
12.586608204178077,43.02676339818035,132.643798828125
12.586608190982956,43.02676343915049,132.643798828125
12.586608153577261,43.02676345744036,132.643798828125
12.586608128804194,43.02676347999964,132.643798828125
12.586608122405861,43.026763503141446,132.643798828125
12.58660813506193,43.02676351955628,132.643798828125
12.586608139233746,43.026763530944606,132.643798828125
12.586608181350309,43.02676353842117,132.643798828125
12.58660822499028,43.02676353792002,132.643798828125
12.586608238630694,43.02676351457796,132.643798828125
12.586608241536894,43.026763495280434,132.643798828125
12.586608227169915,43.02676347605359,132.643798828125
12.586608199209392,43.0267634638525,132.643798828125
12.58660817220979,43.02676345632774,132.643798828125
12.58660813698375,43.026763457968265,132.643798828125
12.586608098453071,43.02676346417054,132.643798828125
12.586608050125669,43.02676345604397,132.643798828125
12.5866080275557,43.02676344813264,132.643798828125
12.586608014876202,43.02676342929022,132.643798828125
12.586608011993432,43.026763402832024,132.643798828125
12.586608030836905,43.026763356326725,132.643798828125
12.586608049399132,43.02676331874684,132.643798828125
12.586608086218904,43.02676327984555,132.643798828125
12.586608154421025,43.02676324076648,132.643798828125
12.586608213388903,43.026763221656374,132.643798828125
12.586608271606789,43.026763215502285,132.643798828125
12.586608321996659,43.02676322422103,132.643798828125
12.58660835698832,43.02676324017325,132.643798828125
12.586608380097346,43.02676324222926,132.643798828125
12.586608382862925,43.02676324156641,132.643798828125
12.586608383683227,43.026763249964965,132.643798828125
12.586608380612956,43.026763240208595,132.643798828125
12.586608383003547,43.026763223239065,132.643798828125
12.586608390808122,43.02676321233261,132.643798828125
12.58660842903412,43.02676318643339,132.643798828125
12.58660846477578,43.02676317610412,132.643798828125
12.5866085080642,43.02676317224912,132.643798828125
12.586608547837047,43.02676318356785,132.643798828125
12.586608586813028,43.0267632036353,132.643798828125
12.586608627242121,43.02676323183789,132.643798828125
12.586608679319477,43.02676327003672,132.643798828125
12.586608750521545,43.02676330760161,132.643798828125
12.586608813403416,43.026763337066726,132.643798828125
12.586608852473137,43.02676337246531,132.643798828125
12.586608875324353,43.026763401647706,132.643798828125
12.586608865176059,43.02676343527193,132.643798828125
12.586608840567047,43.02676346568471,132.643798828125
12.586608814739309,43.02676348388033,132.643798828125
12.586608805833192,43.02676350350981,132.643798828125
12.586608792614642,43.026763510690834,132.643798828125
12.586608779325772,43.026763514229934,132.643798828125
12.58660875091994,43.026763534114274,132.643798828125
12.586608719256343,43.026763527780275,132.643798828125
12.58660867076487,43.0267635183505,132.643798828125
12.586608611398571,43.02676350761859,132.643798828125
12.586608557024386,43.026763505887054,132.643798828125
12.586608528688876,43.02676348959215,132.643798828125
12.586608514767208,43.026763473453606,132.643798828125
12.586608486759813,43.02676344984489,132.643798828125
12.586608468596017,43.026763425801434,132.643798828125
12.586608444197944,43.026763399439616,132.643798828125
12.586608431166889,43.02676336485593,132.643798828125
12.586608434869959,43.02676329995155,132.643798828125
12.586608436323061,43.02676325485118,132.643798828125
12.586608438362093,43.02676319935621,132.643798828125
12.586608447901014,43.02676311147277,132.643798828125
12.586608439674572,43.026763038413975,132.643798828125
12.58660842619821,43.026762970297085,132.643798828125
12.586608409300025,43.02676290506503,132.643798828125
12.586608402831372,43.02676284410775,132.643798828125
12.586608391815915,43.02676279680788,132.643798828125
12.586608394394004,43.026762760869595,132.643798828125
12.586608406018835,43.026762727858966,132.643798828125
12.586608432104388,43.02676271128887,132.643798828125
12.58660848031462,43.02676270504484,132.643798828125
12.58660855041515,43.02676272705372,132.643798828125
12.586608659421355,43.026762787061195,132.643798828125
12.586608784763255,43.02676284564551,132.643798828125
12.586608944346828,43.02676291142263,132.643798828125
12.586609110164675,43.02676299509661,132.643798828125
12.586609251045385,43.02676307065152,132.643798828125
12.58660934833298,43.02676312121849,132.643798828125
12.586609398629085,43.026763140473165,132.643798828125
12.586609430175484,43.02676314485929,132.643798828125
12.586609431042662,43.02676311505045,132.643798828125
12.586609439011294,43.02676308195415,132.643798828125
12.586609470956134,43.02676306389345,132.643798828125
12.586609502994724,43.026763061606154,132.643798828125
12.586609557345483,43.026763075276435,132.643798828125
12.586609621328911,43.02676308972949,132.54379272460938
12.586609692765357,43.02676311295483,132.54379272460938
12.586609770881385,43.02676310689925,132.54379272460938
12.586609840020976,43.0267630911687,132.54379272460938
12.586609866622126,43.02676308772703,132.54379272460938
12.586609842224032,43.026763074541826,132.54379272460938
12.586609767975116,43.026763044439576,132.54379272460938
12.586609651539337,43.02676297541353,132.54379272460938
12.586609542228462,43.02676287994322,132.54379272460938
12.586609435917547,43.02676278754408,132.54379272460938
12.586609366543591,43.02676273054997,132.54379272460938
12.586609333403478,43.026762687674804,132.54379272460938
12.586609359160924,43.026762655996286,132.54379272460938
12.586609429120838,43.02676262012973,132.54379272460938
12.586609519822622,43.02676257158021,132.643798828125
12.58660961764929,43.02676251920889,132.643798828125
12.586609680882713,43.02676250556967,132.643798828125
12.586609717022794,43.02676253926459,132.643798828125
12.586609725694535,43.02676258077873,132.643798828125
12.58660972853043,43.026762623817746,132.643798828125
12.58660974041307,43.02676268009869,132.643798828125
12.586609771654793,43.02676274877563,132.643798828125
12.586609808029252,43.026762802208154,132.643798828125
12.586609851997352,43.02676283147621,132.643798828125
12.586609902902849,43.0267628509322,132.643798828125
12.586609969651862,43.0267628600268,132.643798828125
12.58661003070564,43.02676286535421,132.643798828125
12.586610082759544,43.02676286771111,132.643798828125
12.586610104907646,43.02676287442097,132.643798828125
12.586610094220298,43.0267629185426,132.643798828125
12.586610082079853,43.02676296448999,132.643798828125
12.586610065837903,43.026763020320125,132.643798828125
12.586610025080693,43.0267631009283,132.643798828125
12.586609996440494,43.02676314044854,132.643798828125
12.586609964378466,43.02676316962879,132.643798828125
12.586609930605531,43.02676320046993,132.643798828125
12.586609887270246,43.026763253755746,132.643798828125
12.586609887551504,43.02676330342428,132.643798828125
12.586609920597894,43.02676330823336,132.643798828125
12.586609934917986,43.0267632520038,132.643798828125
12.58660993306643,43.026763156142636,132.643798828125
12.586609881364057,43.026763066219274,132.643798828125
12.586609799779323,43.02676301792678,132.643798828125
12.586609715241531,43.02676301119659,132.643798828125
12.586609673476547,43.026763049637445,132.643798828125
12.58660966600011,43.026763112102465,132.643798828125
12.586609676078083,43.02676313773075,132.643798828125
12.586609675093705,43.02676312436349,132.643798828125
12.586609626930336,43.02676305769863,132.54379272460938
12.586609541431603,43.02676294833103,132.54379272460938
12.58660946882331,43.02676287531402,132.54379272460938
12.586609399379043,43.026762802997325,132.54379272460938
12.586609360754627,43.026762766048165,132.54379272460938
12.586609386254255,43.026762722848545,132.54379272460938
12.586609396543178,43.0267627349265,132.54379272460938
12.586609445104973,43.02676277793767,132.54379272460938
12.586609522424144,43.02676284491628,132.54379272460938
12.586609635227157,43.026762955472506,132.54379272460938
12.586609706944826,43.02676304818862,132.54379272460938
12.586609722624253,43.026763100949715,132.54379272460938
12.586609687140381,43.026763096670635,132.54379272460938
12.586609592688651,43.026763032322,132.54379272460938
12.58660949066673,43.02676296173898,132.54379272460938
12.586609387051084,43.02676290837179,132.54379272460938
12.586609308396003,43.02676289313382,132.54379272460938
12.586609213405223,43.026762900734596,132.54379272460938
12.586609119937858,43.02676290436365,132.54379272460938
12.586609024572086,43.0267629165958,132.54379272460938
12.586608919854891,43.02676290858916,132.54379272460938
12.586608804309739,43.02676289197837,132.54379272460938
12.586608714709518,43.02676289155648,132.54379272460938
12.586608655507275,43.0267629300273,132.54379272460938
12.586608573219433,43.026762963571215,132.54379272460938
12.586608490486297,43.026762981378106,132.54379272460938
12.58660843529182,43.02676295722219,132.54379272460938
12.586608425823231,43.026762888053746,132.54379272460938
12.586608458002448,43.02676281896989,132.54379272460938
12.586608519431232,43.02676275780166,132.54379272460938
12.586608595601968,43.026762728820586,132.643798828125
12.586608628507713,43.02676273551118,132.643798828125
12.586608622718725,43.02676275283621,132.643798828125
12.586608598883128,43.02676276245766,132.643798828125
12.586608523462365,43.02676275666872,132.643798828125
12.586608416846756,43.02676274151427,132.643798828125
12.586608324223137,43.026762724809245,132.643798828125
12.586608276458241,43.02676271054572,132.643798828125
12.586608278895731,43.02676272790932,132.643798828125
12.586608383519216,43.026762756676234,132.643798828125
12.58660857896165,43.02676276685023,132.643798828125
12.586608810848835,43.02676277315637,132.643798828125
12.586609046392205,43.02676277355579,132.643798828125
12.586609286552683,43.02676277093974,132.643798828125
12.58660946969056,43.026762776522006,132.643798828125
12.586609522845995,43.0267627375757,132.643798828125
12.586609535830169,43.02676266023035,132.643798828125
12.586609549470593,43.02676254248774,132.643798828125
12.586609571384326,43.02676243093564,132.643798828125
12.586609574431145,43.026762328059455,132.643798828125
12.586609563673488,43.026762254803636,132.643798828125
12.586609499197895,43.02676216533323,132.643798828125
12.586609507541523,43.026762121047774,132.643798828125
12.586609512580505,43.02676206373988,132.643798828125
12.586609471917045,43.02676195500513,132.643798828125
12.58660948051849,43.02676184351193,132.643798828125
12.586609540752,43.026761747609015,132.643798828125
12.58660970413243,43.026761668311536,132.643798828125
12.58660994457421,43.026761637589296,132.643798828125
12.586610327912302,43.026761638938574,132.643798828125
12.586610797803791,43.026761707735474,132.643798828125
12.586611384763845,43.026761850600955,132.643798828125
12.586611977020684,43.02676204410196,132.54379272460938
12.586612605511348,43.02676232219893,132.54379272460938
12.58661321199453,43.02676263384407,132.54379272460938
12.586613897109387,43.02676306135465,132.54379272460938
12.586614672269802,43.0267634441718,132.54379272460938
12.586615647817867,43.02676392525199,132.54379272460938
12.586616785972886,43.02676451639903,132.54379272460938
12.586618135437272,43.02676514812859,132.54379272460938
12.586619579611183,43.02676582024039,132.54379272460938
12.5866212587191,43.02676660414845,132.54379272460938
12.586623009333763,43.02676743549879,132.54379272460938
12.586624950140907,43.026768330062666,132.54379272460938
12.586626911947734,43.02676922741178,132.54379272460938
12.586629163695573,43.026770292928056,132.643798828125
12.586631383475142,43.02677131184106,132.643798828125
12.586633877586578,43.02677245726893,132.643798828125
12.586636401603815,43.02677361124369,132.643798828125
12.58663925988169,43.026774939807645,132.643798828125
12.58664201269237,43.026776199796664,132.643798828125
12.58664498808568,43.02677757477237,132.643798828125
12.586647998587859,43.026778989164036,132.643798828125
12.586651205118384,43.02678047448995,132.643798828125
12.586654374383833,43.0267819309155,132.643798828125
12.586657814090563,43.026783476744654,132.643798828125
12.586661222766475,43.02678498033685,132.54379272460938
12.58666475713582,43.02678654352638,132.54379272460938
12.586668110406292,43.02678802576881,132.54379272460938
12.586671727907216,43.0267896473194,132.54379272460938
12.58667510367737,43.02679113994357,132.54379272460938
12.586678681405463,43.02679271263622,132.54379272460938
12.586682116612232,43.026794207285356,132.54379272460938
12.586685835455405,43.026795787507034,132.54379272460938
12.586689322036406,43.02679727854209,132.54379272460938
12.586693003286383,43.02679886183174,132.54379272460938
12.586696548389938,43.02680040744941,132.54379272460938
12.586700213151875,43.026801999410665,132.643798828125
12.586703691213463,43.02680351841809,132.643798828125
12.586707353901222,43.02680513931547,132.643798828125
12.586710883219883,43.026806712772704,132.643798828125
12.586714641753892,43.02680836354209,132.643798828125
12.586718255692379,43.026809940171134,132.643798828125
12.586722043815765,43.02681162209432,132.643798828125
12.586725630696034,43.02681320867999,132.643798828125
12.586729352621166,43.0268148669827,132.643798828125
12.586732864690052,43.02681641591672,132.643798828125
12.586736551658696,43.02681802661224,132.643798828125
12.58674006684474,43.02681954008878,132.643798828125
12.586743754598523,43.026821135086934,132.643798828125
12.586747209070591,43.026822637911884,132.54379272460938
12.586750774552714,43.02682419882454,132.54379272460938
12.586754062328025,43.02682565430062,132.54379272460938
12.586757406024383,43.0268271509392,132.54379272460938
12.58676047958414,43.02682854525261,132.54379272460938
12.586763669685139,43.02682997985995,132.54379272460938
12.586766647691642,43.02683132601502,132.54379272460938
12.586769697755662,43.0268327089439,132.54379272460938
12.586772584568205,43.026834009805064,132.54379272460938
12.58677557456281,43.026835359968004,132.54379272460938
12.586778350552748,43.026836628108185,132.54379272460938
12.586780990548544,43.026837884807534,132.54379272460938
12.58678320055458,43.02683890004262,132.54379272460938
12.586785089061483,43.026839733846145,132.54379272460938
12.586786514977662,43.026840303922256,132.54379272460938
12.586787807876375,43.026840828921635,132.54379272460938
12.58678898837055,43.026841296145186,132.54379272460938
12.586790258476677,43.02684178904309,132.54379272460938
12.586791517315385,43.02684225636408,132.54379272460938
12.586792844162822,43.026842799227126,132.54379272460938
12.58679406497473,43.02684331339179,132.54379272460938
12.586795170282514,43.026843819752216,132.54379272460938
12.586796285773751,43.02684430851777,132.54379272460938
12.586797440112074,43.026844812823256,132.54379272460938
12.586798534357543,43.02684529619609,132.54379272460938
12.586799657758814,43.026845837668134,132.54379272460938
12.586800718383666,43.02684630782684,132.54379272460938
12.58680179772308,43.02684677743942,132.54379272460938
12.58680270846148,43.02684718875145,132.54379272460938
12.586803694597196,43.026847610891764,132.54379272460938
12.586804599898178,43.026847992421736,132.54379272460938
12.58680553979241,43.02684837841495,132.54379272460938
12.586806412937635,43.026848728903566,132.54379272460938
12.586807362077831,43.02684914705824,132.54379272460938
12.586808285472317,43.02684956285707,132.54379272460938
12.586809215815915,43.02684998234602,132.54379272460938
12.586810173487232,43.02685041339784,132.54379272460938
12.586811189487754,43.026850872409156,132.54379272460938
12.586812156364006,43.02685130713393,132.54379272460938
12.58681313024796,43.02685173691574,132.54379272460938
12.58681406515594,43.026852169179726,132.54379272460938
12.586815023307707,43.026852628328115,132.54379272460938
12.586815890851444,43.02685305010436,132.54379272460938
12.586816826357062,43.0268535015363,132.54379272460938
12.586817690262183,43.02685392560841,132.54379272460938
12.586818568651463,43.02685436391834,132.54379272460938
12.58681936204591,43.02685477516184,132.54379272460938
12.586820213371135,43.02685519683314,132.54379272460938
12.58682099868563,43.02685559117885,132.643798828125
12.5868217458034,43.02685598700018,132.643798828125
12.586822402535782,43.026856310139635,132.643798828125
12.586822992536733,43.026856593030686,132.643798828125
12.58682349098634,43.02685684200627,132.643798828125
12.586823969403055,43.02685708825978,132.643798828125
12.586824445493637,43.026857326190765,132.643798828125
12.586824958937173,43.026857565627346,132.643798828125
12.58682546799796,43.026857768364266,132.643798828125
12.586825968720971,43.026857990099934,132.643798828125
12.586826378964844,43.02685817088044,132.643798828125
12.586826727779943,43.0268583340093,132.643798828125
12.586826990686177,43.02685846261659,132.643798828125
12.586827260857934,43.026858581421465,132.643798828125
12.586827494848595,43.026858700556154,132.643798828125
12.586827730210334,43.02685882148343,132.643798828125
12.586827982546431,43.02685895676202,132.54379272460938
12.586828276688555,43.02685911114004,132.54379272460938
12.586828585174217,43.02685927695887,132.54379272460938
12.586828915743535,43.02685943542533,132.54379272460938
12.586829273429634,43.026859629415675,132.54379272460938
12.586829655355597,43.02685983243315,132.54379272460938
12.586829982872207,43.02686002190457,132.54379272460938
12.586830337857164,43.02686022894625,132.54379272460938
12.586830683742658,43.026860427693244,132.54379272460938
12.586831084031656,43.0268606446937,132.643798828125
12.58683151775962,43.026860875912696,132.643798828125
12.58683205513838,43.026861141591176,132.643798828125
12.586832628252933,43.02686140979682,132.643798828125
12.586833243823882,43.02686170424006,132.643798828125
12.58683390396057,43.02686200647258,132.643798828125
12.586834637801244,43.02686234574312,132.643798828125
12.58683538740927,43.02686268873589,132.643798828125
12.58683624788676,43.02686309110219,132.643798828125
12.586837176583943,43.026863508490166,132.643798828125
12.586838260130378,43.02686398892892,132.643798828125
12.586839385453532,43.02686449612996,132.643798828125
12.586840637225965,43.02686507072724,132.643798828125
12.58684188276998,43.026865664145525,132.643798828125
12.586843251344398,43.02686634226685,132.643798828125
12.586844628095452,43.02686704616104,132.643798828125
12.586846161386177,43.02686779359109,132.643798828125
12.586847688296128,43.026868528136845,132.643798828125
12.586849342047929,43.02686932728394,132.643798828125
12.586850925180658,43.02687008362333,132.643798828125
12.586852611656584,43.02687087517606,132.643798828125
12.586854249236755,43.026871630804415,132.643798828125
12.58685600968034,43.02687245328286,132.643798828125
12.586857734311959,43.02687324325077,132.643798828125
12.586859610022389,43.02687410066414,132.643798828125
12.586861459078927,43.02687495325447,132.643798828125
12.586863505701865,43.02687584278005,132.643798828125
12.586865547583182,43.02687670983952,132.643798828125
12.58686779291069,43.026877646567506,132.643798828125
12.586869994880928,43.026878561519,132.643798828125
12.586872396879922,43.026879556114906,132.643798828125
12.5868747331919,43.02688051555318,132.643798828125
12.58687727044523,43.026881539481415,132.643798828125
12.586879717726275,43.02688253686579,132.643798828125
12.586882360963882,43.02688361962999,132.643798828125
12.586884952027095,43.02688469109476,132.643798828125
12.586887779689167,43.02688586960019,132.643798828125
12.586890499838152,43.02688703554257,132.643798828125
12.586893412108342,43.02688829216328,132.643798828125
12.586896259986707,43.02688951112485,132.643798828125
12.586899339076965,43.02689082676141,132.643798828125
12.586902320993106,43.026892098660774,132.643798828125
12.586905459186687,43.02689344423788,132.643798828125
12.586908430163508,43.026894734619866,132.643798828125
12.586911490892906,43.02689609519722,132.643798828125
12.586914374929627,43.026897391545894,132.643798828125
12.586917415006518,43.02689877282893,132.643798828125
12.586920298010547,43.0269000892065,132.643798828125
12.58692334318795,43.02690148585816,132.643798828125
12.586926246705342,43.02690283672948,132.643798828125
12.586929278828253,43.026904298453644,132.643798828125
12.58693218936508,43.02690570857212,132.643798828125
12.58693527779869,43.026907210045685,132.643798828125
12.586938248384445,43.02690865125265,132.643798828125
12.58694143027955,43.02691017211262,132.643798828125
12.586944467836947,43.02691165366009,132.643798828125
12.586947649444923,43.026913252545384,132.643798828125
12.586950652107317,43.026914813300394,132.643798828125
12.586953780360616,43.02691648719554,132.643798828125
12.586956723094206,43.02691812827175,132.643798828125
12.586959781525293,43.02691989334209,132.643798828125
12.586962638115631,43.026921636259,132.643798828125
12.586965611956188,43.026923520543264,132.643798828125
12.586968423640954,43.0269253464456,132.643798828125
12.58697136360019,43.026927296102194,132.643798828125
12.586974169011128,43.026929186006214,132.643798828125
12.586977102343488,43.02693123401689,132.643798828125
12.586979802323825,43.026933265699476,132.643798828125
12.586982545293742,43.02693547237365,132.643798828125
12.586984994428395,43.02693767967322,132.643798828125
12.586987348607419,43.02694014596924,132.643798828125
12.586989358820235,43.02694265205751,132.643798828125
12.586991243981208,43.02694541908685,132.643798828125
12.586992829147235,43.026948149099546,132.643798828125
12.586994215019557,43.02695112028143,132.643798828125
12.586995393983434,43.02695397028762,132.643798828125
12.586996430020424,43.02695701582828,132.643798828125
12.586997261028511,43.0269599479461,132.643798828125
12.586997974981973,43.0269631039541,132.643798828125
12.586998622930183,43.02696609794048,132.643798828125
12.586999181990045,43.026969283246544,132.643798828125
12.58699954817642,43.02697238912235,132.643798828125
12.586999795477107,43.02697566740259,132.643798828125
12.586999872090889,43.02697880717673,132.643798828125
12.586999800265476,43.026982121779696,132.643798828125
12.586999601522777,43.026985316449135,132.643798828125
12.586999263960351,43.0269886905734,132.643798828125
12.586998806478789,43.0269919086984,132.643798828125
12.586998109068528,43.026995346370285,132.643798828125
12.58699730182372,43.026998563227416,132.643798828125
12.586996273753705,43.02700194754602,132.643798828125
12.586995117725078,43.027005154671386,132.643798828125
12.586993722956468,43.02700851131961,132.643798828125
12.586992190906972,43.027011645473976,132.643798828125
12.586990337922197,43.02701489723174,132.643798828125
12.5869883394336,43.027017962184466,132.643798828125
12.58698603754706,43.02702111792688,132.643798828125
12.58698369218023,43.027024095156804,132.54379272460938
12.58698108078049,43.02702719872814,132.54379272460938
12.586978433768722,43.02703011211914,132.54379272460938
12.586975497408464,43.02703310461487,132.54379272460938
12.586972539045115,43.027035867574945,132.54379272460938
12.586969245262443,43.0270386941512,132.54379272460938
12.58696597851893,43.02704128589761,132.643798828125
12.586962410435175,43.02704392388696,132.643798828125
12.586958902675722,43.027046345344864,132.643798828125
12.58695511355912,43.02704877012665,132.643798828125
12.586951380425095,43.02705094015247,132.643798828125
12.586947345326813,43.027053066967945,132.643798828125
12.58694342006088,43.027054935189604,132.643798828125
12.586939192186163,43.02705674120002,132.643798828125
12.586935098076077,43.02705828172899,132.643798828125
12.586930751336961,43.027059691187745,132.643798828125
12.586926617720673,43.02706082563892,132.643798828125
12.586922292956851,43.02706185848928,132.643798828125
12.58691823395862,43.027062715277225,132.643798828125
12.586914021239037,43.02706346654079,132.643798828125
12.586910052069522,43.02706405719623,132.643798828125
12.58690588051726,43.02706451405724,132.643798828125
12.586901892142448,43.02706481294867,132.643798828125
12.586897676373805,43.02706494782244,132.643798828125
12.586893663347885,43.027064973693754,132.643798828125
12.586889447230714,43.02706491696518,132.643798828125
12.586885462726618,43.02706484764363,132.643798828125
12.586881291029725,43.0270648451079,132.643798828125
12.586877358374572,43.027064878295235,132.643798828125
12.586873282279669,43.027064920871624,132.643798828125
12.586869479670701,43.02706488751298,132.643798828125
12.586865549787749,43.02706495575518,132.643798828125
12.586861903122266,43.02706502574496,132.643798828125
12.58685818112684,43.02706506134808,132.643798828125
12.586854661229957,43.027065086174304,132.643798828125
12.58685100095039,43.02706508428962,132.643798828125
12.586847553670589,43.027065009605266,132.643798828125
12.586843990122006,43.02706485965407,132.643798828125
12.586840609526762,43.027064635789536,132.643798828125
12.586837103446081,43.02706431309977,132.643798828125
12.586833869160184,43.02706391241893,132.643798828125
12.586830456365231,43.02706339708165,132.643798828125
12.58682726248499,43.02706280692296,132.643798828125
12.586823964772314,43.027062084700354,132.643798828125
12.586820906329518,43.0270613044299,132.643798828125
12.586817711418053,43.0270603871611,132.643798828125
12.586814730921368,43.0270594338951,132.643798828125
12.586811694398172,43.02705836175784,132.643798828125
12.586808828485724,43.027057255542324,132.643798828125
12.586805876851894,43.027056009261585,132.643798828125
12.586803129056829,43.02705474735522,132.643798828125
12.586800330649242,43.02705335597204,132.643798828125
12.586797711313213,43.02705193241242,132.54379272460938
12.586795030343337,43.02705034821039,132.54379272460938
12.586792558257068,43.0270487661843,132.54379272460938
12.586789989674175,43.02704700689646,132.54379272460938
12.586787557190792,43.02704528002494,132.54379272460938
12.586784959405149,43.02704344499055,132.54379272460938
12.586782435094973,43.027041696753756,132.54379272460938
12.5867796862569,43.02703987799605,132.54379272460938
12.58677703087449,43.027038148246156,132.54379272460938
12.586774273388139,43.02703629124678,132.54379272460938
12.586771634189091,43.02703455245048,132.54379272460938
12.586768874757452,43.027032741025856,132.54379272460938
12.586766260097091,43.02703102309798,132.54379272460938
12.586763515887878,43.02702922378664,132.54379272460938
12.58676089545026,43.02702750973091,132.54379272460938
12.586758136780318,43.02702571776979,132.54379272460938
12.586755527088632,43.02702404058505,132.54379272460938
12.58675273425904,43.0270222726963,132.54379272460938
12.586750053095756,43.02702059722489,132.54379272460938
12.586747203337321,43.027018830175656,132.54379272460938
12.5867444630421,43.02701715189437,132.54379272460938
12.58674155840557,43.02701535388516,132.54379272460938
12.586738755814398,43.02701362396392,132.54379272460938
12.586735731601523,43.02701183772532,132.54379272460938
12.586732869890147,43.027010076055966,132.54379272460938
12.58672985479433,43.027008208485306,132.54379272460938
12.58672696893096,43.02700641972811,132.54379272460938
12.58672388333618,43.02700457384828,132.54379272460938
12.586720934192499,43.027002766227255,132.54379272460938
12.586717787848617,43.02700085984953,132.54379272460938
12.586714737222067,43.02699907249727,132.54379272460938
12.586711514121516,43.026997126267354,132.54379272460938
12.586708414663661,43.0269952679487,132.54379272460938
12.586705130978089,43.02699331145589,132.54379272460938
12.586701989380247,43.02699146797475,132.54379272460938
12.586698684952799,43.02698949135025,132.54379272460938
12.586695537319892,43.02698761421918,132.54379272460938
12.586692226716757,43.026985653443035,132.54379272460938
12.58668908796654,43.026983771377566,132.54379272460938
12.586685791320226,43.02698179057252,132.54379272460938
12.586682655546525,43.02697990773604,132.54379272460938
12.586679354189354,43.02697795163731,132.54379272460938
12.586676242555928,43.02697607892665,132.54379272460938
12.586673006236861,43.02697411325036,132.54379272460938
12.58666995125103,43.02697227163675,132.54379272460938
12.586666751798585,43.026970301223095,132.54379272460938
12.586663705086059,43.02696842553122,132.54379272460938
12.586660495813447,43.026966448555484,132.54379272460938
12.58665743278866,43.026964572418144,132.54379272460938
12.586654209758436,43.02696256809756,132.54379272460938
12.586651123296487,43.02696065483223,132.54379272460938
12.586647864641789,43.02695865697094,132.54379272460938
12.586644750641195,43.02695674166674,132.54379272460938
12.586641475463312,43.02695472029846,132.54379272460938
12.586638352158168,43.02695280165325,132.54379272460938
12.586635071027246,43.026950778434575,132.54379272460938
12.58663193771444,43.026948853030255,132.54379272460938
12.58662864573212,43.0269468207052,132.54379272460938
12.586625527700335,43.02694490397036,132.54379272460938
12.586622225780658,43.02694286793593,132.54379272460938
12.586619069335384,43.02694093049543,132.54379272460938
12.58661573758022,43.02693888572298,132.54379272460938
12.586612567541396,43.02693694136059,132.54379272460938
12.586609227817586,43.02693489581714,132.54379272460938
12.586606028974497,43.026932948473565,132.54379272460938
12.586602660680798,43.02693092253926,132.54379272460938
12.58659941039316,43.02692898467898,132.54379272460938
12.586595954819511,43.02692695538653,132.54379272460938
12.586592641415622,43.026925014921986,132.54379272460938
12.586589132358387,43.026922967339665,132.54379272460938
12.586585760127248,43.02692099686604,132.54379272460938
12.586582194938048,43.0269189142717,132.54379272460938
12.586578789191792,43.02691693488015,132.54379272460938
12.586575203635718,43.026914837448324,132.54379272460938
12.586571813170496,43.02691284709143,132.54379272460938
12.586568277629304,43.02691076164439,132.54379272460938
12.586564927194736,43.02690878101068,132.54379272460938
12.586561416403175,43.02690668305628,132.54379272460938
12.586558091304173,43.02690468514358,132.54379272460938
12.586554660363028,43.026902565309854,132.54379272460938
12.586551515659835,43.02690045399995,132.54379272460938
12.586548376230011,43.02689811352278,132.54379272460938
12.586545557115736,43.026895780866994,132.54379272460938
12.586542777399305,43.02689324442273,132.54379272460938
12.58654025553841,43.026890747680746,132.54379272460938
12.586537737450897,43.02688804834534,132.54379272460938
12.58653547501583,43.02688542425966,132.54379272460938
12.586533166409575,43.02688261566052,132.54379272460938
12.586531064214308,43.02687988661158,132.54379272460938
12.586528939659985,43.026876965283506,132.54379272460938
12.586527007782461,43.02687412316297,132.54379272460938
12.586524931836736,43.02687115861601,132.54379272460938
12.586522890226432,43.02686836625933,132.54379272460938
12.586520651978427,43.02686543702852,132.54379272460938
12.586518510479003,43.02686269699498,132.54379272460938
12.586516263746772,43.026859826199626,132.54379272460938
12.586514130965975,43.02685709016459,132.54379272460938
12.58651192677217,43.026854132383164,132.54379272460938
12.586509797225691,43.02685141162467,132.54379272460938
12.586507549134097,43.02684859003206,132.54379272460938
12.586505365518109,43.02684587907706,132.54379272460938
12.586503086981656,43.02684307314969,132.54379272460938
12.586500911615556,43.02684042207363,132.54379272460938
12.586498641118066,43.02683765611624,132.54379272460938
12.586496518485573,43.02683501836351,132.54379272460938
12.586494336416465,43.0268322651049,132.54379272460938
12.586492303149823,43.02682963704309,132.54379272460938
12.586490189399992,43.02682684745881,132.54379272460938
12.586488167523791,43.026824230000145,132.54379272460938
12.586486025227504,43.02682150878627,132.54379272460938
12.586483976632946,43.026818948515974,132.54379272460938
12.5864817913998,43.02681631686166,132.54379272460938
12.586479703196458,43.02681382044097,132.54379272460938
12.586477483510699,43.02681122560412,132.54379272460938
12.58647532237094,43.02680880296182,132.54379272460938
12.586473084216705,43.02680623637572,132.54379272460938
12.586470954107739,43.02680380123035,132.54379272460938
12.586468724859625,43.02680124281258,132.54379272460938
12.586466604125524,43.02679881921295,132.54379272460938
12.586464396580217,43.02679624335342,132.54379272460938
12.586462312220577,43.02679379627467,132.54379272460938
12.586460143674689,43.02679121666935,132.54379272460938
12.586458089595853,43.026788772763474,132.54379272460938
12.586455950252654,43.02678619871151,132.54379272460938
12.58645392875146,43.0267837487854,132.54379272460938
12.58645187064145,43.02678114997398,132.54379272460938
12.586449972138473,43.02677866001843,132.54379272460938
12.586448147275057,43.02677598565289,132.54379272460938
12.586446660000394,43.02677337492908,132.54379272460938
12.586445383331988,43.02677056946107,132.54379272460938
12.58644448264238,43.026767854491474,132.54379272460938
12.586443871823448,43.02676497419888,132.54379272460938
12.586443547922123,43.026762257355365,132.54379272460938
12.586443477188897,43.026759419662746,132.54379272460938
12.58644362498367,43.02675675928436,132.54379272460938
12.586444054352384,43.02675400611383,132.54379272460938
12.586444634000117,43.0267514109236,132.54379272460938
12.586445481065743,43.02674870645465,132.54379272460938
12.586446491207063,43.026746163859556,132.54379272460938
12.586447806453217,43.0267435198114,132.54379272460938
12.586449223416615,43.02674106252333,132.54379272460938
12.586450945297356,43.02673854540127,132.54379272460938
12.586452859315857,43.02673617927124,132.54379272460938
12.58645500967459,43.02673380198313,132.4438018798828
12.586457224907353,43.02673162388747,132.4438018798828
12.586459722557784,43.02672943086008,132.4438018798828
12.586462295863331,43.026727400672456,132.4438018798828
12.586465044431899,43.026725390402355,132.4438018798828
12.586467771110163,43.026723558057924,132.4438018798828
12.586470846626987,43.026721664316085,132.4438018798828
12.586473790239527,43.026719985375216,132.4438018798828
12.586476989738882,43.02671831417434,132.4438018798828
12.586480135848404,43.02671683459727,132.4438018798828
12.586483640499472,43.02671538397986,132.4438018798828
12.586486961356389,43.026714148720245,132.4438018798828
12.58649051691294,43.026712966616884,132.4438018798828
12.586494033282571,43.02671191817943,132.4438018798828
12.586497710829494,43.02671097507361,132.4438018798828
12.586501261979855,43.0267101956385,132.4438018798828
12.586505034564418,43.0267094989875,132.4438018798828
12.586508687572628,43.02670894869825,132.4438018798828
12.586512498359747,43.02670847581753,132.4438018798828
12.586516152094513,43.02670814535359,132.4438018798828
12.586520078965842,43.0267079105752,132.4438018798828
12.586523762254847,43.02670782764121,132.4438018798828
12.586527618369402,43.02670786981075,132.4438018798828
12.586531256893437,43.02670802301302,132.4438018798828
12.586535073141386,43.02670829264506,132.4438018798828
12.586538625932315,43.02670865662624,132.4438018798828
12.586542320400829,43.0267091573659,132.54379272460938
12.586545858145112,43.02670973051973,132.54379272460938
12.586549500278464,43.026710455179575,132.54379272460938
12.586552918188582,43.02671125137978,132.54379272460938
12.586556456917213,43.02671219243397,132.54379272460938
12.586559787172384,43.02671317535352,132.54379272460938
12.586563198332595,43.02671429573832,132.54379272460938
12.586566370715103,43.02671545305838,132.54379272460938
12.586569671181644,43.026716784016486,132.54379272460938
12.586572684308713,43.026718138207414,132.54379272460938
12.586575768497212,43.02671965316067,132.54379272460938
12.5865786070878,43.02672117414489,132.54379272460938
12.586581492787056,43.02672287062183,132.54379272460938
12.586584121310455,43.02672456897059,132.54379272460938
12.586586794669135,43.02672646295236,132.54379272460938
12.586589278163439,43.02672837996137,132.54379272460938
12.586591765103002,43.026730442466885,132.54379272460938
12.586594020600684,43.026732487282196,132.54379272460938
12.58659625992672,43.02673471761754,132.54379272460938
12.586598242123756,43.02673691327068,132.54379272460938
12.586600123705093,43.02673931667441,132.54379272460938
12.586601721017217,43.02674167975904,132.54379272460938
12.586603243142944,43.02674422037742,132.54379272460938
12.586604409773953,43.02674672513567,132.54379272460938
12.586605385626537,43.026749417795486,132.54379272460938
12.586606061038275,43.026752030836576,132.54379272460938
12.586606519632918,43.02675478602887,132.54379272460938
12.586606682263207,43.02675744911863,132.54379272460938
12.586606583100512,43.026760245490934,132.54379272460938
12.586606254534978,43.026762886857725,132.54379272460938
12.586605633356612,43.02676565552431,132.54379272460938
12.58660482050923,43.02676825392168,132.54379272460938
12.586603743478275,43.02677093930353,132.54379272460938
12.58660250002011,43.02677345606633,132.54379272460938
12.586600999995449,43.02677606361265,132.54379272460938
12.58659939183177,43.02677849344849,132.54379272460938
12.586597535820236,43.026780992284756,132.54379272460938
12.586595650535713,43.02678334334039,132.54379272460938
12.586593603113005,43.026785814508116,132.54379272460938
12.586591655181026,43.02678818253516,132.54379272460938
12.58658961307858,43.026790693242965,132.54379272460938
12.586587737309605,43.0267931185281,132.54379272460938
12.586585842462785,43.026795707313696,132.54379272460938
12.586584105558945,43.02679820032594,132.54379272460938
12.586582346717927,43.026800847939995,132.54379272460938
12.586580731288834,43.02680338469477,132.54379272460938
12.586579068915114,43.026806069965815,132.54379272460938
12.586577531086414,43.02680865098035,132.54379272460938
12.58657586149404,43.02681134792135,132.54379272460938
12.586574266689613,43.02681392538929,132.54379272460938
12.586572662883963,43.02681661414601,132.54379272460938
12.586571068221525,43.0268192217225,132.54379272460938
12.586569398301037,43.02682197641096,132.54379272460938
12.586567817394847,43.026824608404475,132.54379272460938
12.586566223856035,43.02682738047251,132.54379272460938
12.586564679722738,43.02683002946293,132.54379272460938
12.586563084683949,43.02683280890427,132.54379272460938
12.586561684103206,43.02683544003977,132.54379272460938
12.586560116673384,43.02683823391436,132.54379272460938
12.586558644539013,43.02684090387461,132.54379272460938
12.586557093937047,43.0268437284024,132.54379272460938
12.586555679387752,43.02684642952394,132.54379272460938
12.586554118895325,43.02684928050884,132.54379272460938
12.586552652924938,43.02685200982975,132.54379272460938
12.58655120134495,43.02685488969722,132.54379272460938
12.5865497418432,43.026857626573936,132.54379272460938
12.58654821988145,43.02686048370757,132.54379272460938
12.586546798699459,43.02686316055967,132.54379272460938
12.586545414852852,43.02686593702943,132.54379272460938
12.586544056669927,43.02686852383288,132.54379272460938
12.586542665909361,43.026871204287275,132.54379272460938
12.586541455099242,43.02687371535271,132.54379272460938
12.586540131697049,43.02687630991757,132.54379272460938
12.586538902090336,43.026878739064095,132.54379272460938
12.586537642413763,43.02688125425867,132.54379272460938
12.586536530016257,43.02688360143064,132.54379272460938
12.586535362518008,43.02688604750066,132.54379272460938
12.58653430097912,43.02688834995456,132.4438018798828
12.586533290158222,43.02689071636302,132.4438018798828
12.586532310110304,43.026892969455716,132.4438018798828
12.586531327062449,43.02689531426757,132.4438018798828
12.58653047310644,43.02689751340303,132.3437957763672
12.586529727078528,43.026899770355,132.3437957763672
12.586529138829532,43.026901917216584,132.3437957763672
12.58652869598463,43.02690415657259,132.3437957763672
12.586528472933335,43.02690623118278,132.24378967285156
12.58652838900497,43.026908416543016,132.24378967285156
12.586528470050709,43.02691046248908,132.24378967285156
12.58652871705492,43.026912574681276,132.24378967285156
12.586529129783225,43.02691450595374,132.24378967285156
12.586529646080308,43.02691652432366,132.24378967285156
12.586530271828888,43.026918403467874,132.143798828125
12.586531162018849,43.026920300987626,132.143798828125
12.586532059779,43.02692207275708,132.143798828125
12.586533131958431,43.02692385789053,132.143798828125
12.586534259824536,43.02692548951765,132.04379272460938
12.58653564083531,43.02692707363395,132.04379272460938
12.586536973987412,43.02692859374001,132.04379272460938
12.5865384612622,43.02693015380965,131.9438018798828
12.58653994361515,43.02693161274106,131.9438018798828
12.58654131956341,43.026933166437104,131.9438018798828
12.586542541670214,43.026934654872186,131.8437957763672
12.586543771464425,43.026936226541125,131.8437957763672
12.586544987782286,43.02693770392517,131.8437957763672
12.586546210076625,43.02693928180495,131.8437957763672
12.58654738244982,43.02694079615424,131.8437957763672
12.586548628110982,43.02694240274954,131.8437957763672
12.586549785437514,43.02694394703081,131.8437957763672
12.58655098443531,43.02694557857228,131.8437957763672
12.58655210740299,43.02694713866764,131.8437957763672
12.58655330902576,43.02694878962121,131.8437957763672
12.586554420556118,43.02695036275505,131.8437957763672
12.586555588968439,43.026952021247304,131.8437957763672
12.586556714818892,43.02695361955005,131.8437957763672
12.586557874840706,43.02695530487314,131.8437957763672
12.586558964597941,43.026956915846014,131.8437957763672
12.586560103502892,43.02695861476442,131.8437957763672
12.586561177979108,43.02696024641727,131.8437957763672
12.586562302212394,43.026961952488854,131.8437957763672
12.586563368157488,43.02696357339051,131.8437957763672
12.58656449100799,43.026965290281815,131.8437957763672
12.586565585522983,43.02696692204602,131.8437957763672
12.58656674974006,43.026968647589676,131.8437957763672
12.586567859536068,43.026970290302096,131.8437957763672
12.586569003901872,43.02697201970933,131.8437957763672
12.586570103222542,43.02697365521002,131.8437957763672
12.586571250376284,43.02697537844782,131.8437957763672
12.586572306243394,43.026976996453925,131.8437957763672
12.586573424968957,43.026978672302256,131.8437957763672
12.586574497335837,43.02698024622422,131.8437957763672
12.586575651803066,43.026981887360364,131.8437957763672
12.586576777395724,43.026983439420164,131.8437957763672
12.586578002596287,43.02698506066448,131.8437957763672
12.586579220414158,43.02698659629338,131.8437957763672
12.586580557855251,43.02698820523594,131.74378967285156
12.586581896585386,43.026989697328965,131.74378967285156
12.586583375938437,43.02699121662976,131.643798828125
12.586584890072254,43.02699258633916,131.643798828125
12.586586659296053,43.02699390714994,131.643798828125
12.586588545213456,43.02699498562641,131.643798828125
12.586590764618075,43.02699586658947,131.643798828125
12.586593055435642,43.026996421059195,131.54379272460938
12.58659548708699,43.02699678719907,131.54379272460938
12.58659773632695,43.02699711729045,131.54379272460938
12.586600030331908,43.02699770326868,131.54379272460938
12.58660223136172,43.02699852842857,131.54379272460938
12.586604571608225,43.02699946699407,131.54379272460938
12.586606829965307,43.027000255214276,131.54379272460938
12.586609121931227,43.027000813025076,131.54379272460938
12.586611329734318,43.02700136848864,131.54379272460938
12.586613609372272,43.02700194656826,131.54379272460938
12.586615735614087,43.027002524048235,131.54379272460938
12.586617969877738,43.02700329347324,131.54379272460938
12.586620066424702,43.02700396302788,131.54379272460938
12.586622253157824,43.02700469983095,131.54379272460938
12.586624363251454,43.02700542308154,131.54379272460938
12.58662652713334,43.02700616099828,131.54379272460938
12.586628573360732,43.02700686344898,131.54379272460938
12.586630717578858,43.02700760150279,131.54379272460938
12.586632763735942,43.027008355661955,131.643798828125
12.586634889040281,43.027009096285774,131.643798828125
12.586636864932759,43.02700984717251,131.643798828125
12.586638912027286,43.02701078016975,131.643798828125
12.586640734757992,43.027011709843094,131.643798828125
12.586642641721848,43.027012699346095,131.643798828125
12.586644461054192,43.027013627837206,131.643798828125
12.586646403994061,43.02701459292518,131.643798828125
12.586648215099945,43.02701546252893,131.643798828125
12.58665011522013,43.027016345839364,131.643798828125
12.58665191889645,43.02701722222793,131.643798828125
12.58665381725888,43.02701811861114,131.643798828125
12.586655643434876,43.027018977523674,131.643798828125
12.586657578218635,43.02701989522077,131.643798828125
12.586659439292548,43.02702077794869,131.643798828125
12.586661391560417,43.02702172556064,131.643798828125
12.586663272321536,43.027022628728645,131.643798828125
12.58666522979245,43.02702359530724,131.643798828125
12.5866671390297,43.02702449518564,131.643798828125
12.586669150593554,43.02702543433371,131.643798828125
12.586671065690094,43.02702633275579,131.643798828125
12.586673080136716,43.02702727171538,131.643798828125
12.586674994483257,43.02702818771629,131.643798828125
12.58667699636755,43.027029150765394,131.643798828125
12.58667887733959,43.027030057565675,131.643798828125
12.586680840341668,43.02703102381872,131.643798828125
12.586682724008996,43.02703193382293,131.643798828125
12.586684736557222,43.02703288050968,131.643798828125
12.586686690348515,43.02703377577922,131.643798828125
12.586688775622225,43.02703473521319,131.643798828125
12.586690786459542,43.02703565726216,131.643798828125
12.586692930431594,43.02703660490839,131.643798828125
12.586694995467322,43.02703753223443,131.643798828125
12.58669720755947,43.02703850520375,131.643798828125
12.586699362757935,43.02703943112488,131.643798828125
12.58670169692249,43.02704040107873,131.643798828125
12.586703946877359,43.027041334264396,131.643798828125
12.586706366282836,43.02704231920993,131.643798828125
12.586708737384354,43.02704326199028,131.643798828125
12.586711309811013,43.027044278324155,131.643798828125
12.586713836464906,43.02704524891194,131.643798828125
12.586716565404844,43.02704626704481,131.643798828125
12.586719232025393,43.027047225296585,131.643798828125
12.586722068143429,43.02704824800406,131.643798828125
12.586724826672777,43.02704922527385,131.643798828125
12.586727838721805,43.02705022635901,131.643798828125
12.586730744518503,43.02705116235452,131.643798828125
12.586733876764956,43.027052089663414,131.74378967285156
12.586736924754849,43.027052915714144,131.74378967285156
12.586740226170665,43.027053727218636,131.74378967285156
12.586743431787129,43.02705443020043,131.74378967285156
12.58674690161061,43.027055084300734,131.74378967285156
12.586750331379994,43.02705561685696,131.643798828125
12.586753978411764,43.0270560927703,131.643798828125
12.586757519249796,43.027056449812385,131.643798828125
12.586761309705206,43.02705675521453,131.643798828125
12.586764999474617,43.027057014459416,131.643798828125
12.586768897940148,43.027057305743696,131.643798828125
12.586772669188823,43.027057585462956,131.643798828125
12.586776723066103,43.0270578415553,131.643798828125
12.586780605067027,43.0270580823304,131.643798828125
12.586784724392539,43.02705827653702,131.643798828125
12.58678867610725,43.02705836969107,131.643798828125
12.58679288345097,43.02705835559027,131.643798828125
12.586796858813761,43.02705826087703,131.643798828125
12.586801031962674,43.02705808095957,131.643798828125
12.586805067728871,43.02705782168037,131.643798828125
12.586809270859762,43.02705747512383,131.643798828125
12.58681326715778,43.027057055270774,131.643798828125
12.586817441923836,43.027056510978106,131.643798828125
12.586821376089942,43.02705586933367,131.643798828125
12.586825456632782,43.027055100970905,131.643798828125
12.58682929102694,43.02705427421764,131.643798828125
12.58683329538732,43.02705327828958,131.643798828125
12.586837027495882,43.02705225525652,131.643798828125
12.58684088384772,43.02705107918829,131.643798828125
12.586844504448178,43.02704987032681,131.643798828125
12.586848205742745,43.02704846011407,131.643798828125
12.586851710244336,43.0270470791651,131.643798828125
12.58685532974031,43.02704553320473,131.643798828125
12.58685870498015,43.02704393784887,131.643798828125
12.586862214734584,43.027042143043545,131.643798828125
12.586865465942072,43.027040319728314,131.643798828125
12.586868768903173,43.027038281954795,131.643798828125
12.58687178641001,43.02703622619126,131.643798828125
12.586874851412233,43.027033972400325,131.643798828125
12.586877632162084,43.027031725137206,131.643798828125
12.586880426131957,43.02702924609398,131.643798828125
12.586882917200077,43.02702683104387,131.643798828125
12.586885355451095,43.02702422512811,131.643798828125
12.586887486364141,43.02702168649507,131.643798828125
12.586889473148224,43.02701891591058,131.643798828125
12.58689118272207,43.02701629599689,131.643798828125
12.586892763840929,43.02701353343083,131.643798828125
12.586894017605402,43.02701087553249,131.643798828125
12.586895186281296,43.02700812761547,131.643798828125
12.586896119510127,43.02700552572609,131.643798828125
12.586896906088665,43.02700280542804,131.643798828125
12.586897409166289,43.027000216560026,131.643798828125
12.586897775959807,43.02699754858727,131.643798828125
12.586897920401404,43.02699505326743,131.643798828125
12.586897804686224,43.026992480590444,131.643798828125
12.586897551869574,43.026990115775405,131.643798828125
12.586897099312006,43.02698771136518,131.643798828125
12.586896512429533,43.026985499945134,131.643798828125
12.58689571564687,43.026983241408345,131.643798828125
12.586894858710572,43.02698121016274,131.643798828125
12.586893860555938,43.02697917559325,131.643798828125
12.586892838150833,43.0269773182341,131.643798828125
12.586891786180882,43.026975419754876,131.643798828125
12.586890828155656,43.02697364340224,131.643798828125
12.586889880403959,43.0269717942157,131.643798828125
12.58688896577887,43.02697007938896,131.643798828125
12.58688806821504,43.026968289115494,131.643798828125
12.586887226104096,43.02696662439527,131.643798828125
12.586886242905699,43.02696498366176,131.643798828125
12.58688538413624,43.026963365561414,131.643798828125
12.58688448057106,43.02696165361309,131.643798828125
12.58688362220736,43.026960030458405,131.643798828125
12.586882672647876,43.026958329578214,131.643798828125
12.58688185379189,43.02695671036421,131.643798828125
12.586881007334254,43.026955019952524,131.643798828125
12.586880167543011,43.0269534294369,131.643798828125
12.586879262028118,43.02695180820974,131.643798828125
12.586878321941208,43.026950306633395,131.54379272460938
12.586877202421638,43.026948785370834,131.54379272460938
12.586876012370888,43.02694738679171,131.54379272460938
12.586874558558446,43.02694600639966,131.54379272460938
12.586873032603526,43.026944794068754,131.54379272460938
12.586871333541815,43.026943604919296,131.54379272460938
12.586869611271482,43.026942625559286,131.54379272460938
12.586867736677242,43.02694171238543,131.54379272460938
12.586865901917381,43.02694094633575,131.54379272460938
12.58686391691367,43.02694023522418,131.54379272460938
12.586862043910259,43.0269396053847,131.54379272460938
12.586860110034724,43.026938937157894,131.54379272460938
12.58685831736217,43.02693828518208,131.54379272460938
12.586856465141667,43.026937548481804,131.54379272460938
12.586854730320784,43.02693682832378,131.54379272460938
12.586852930617075,43.026936057313954,131.54379272460938
12.586851215070318,43.026935347153255,131.54379272460938
12.586849445254831,43.026934569170145,131.54379272460938
12.586847762555236,43.026933819893976,131.54379272460938
12.58684596423723,43.02693298354607,131.54379272460938
12.586844248541029,43.02693224231405,131.54379272460938
12.586842396156422,43.026931525891136,131.54379272460938
12.58684057153899,43.02693092276258,131.54379272460938
12.586838602534067,43.0269303120011,131.54379272460938
12.586836733110689,43.02692978875681,131.54379272460938
12.586834784053734,43.02692924099467,131.54379272460938
12.586832960836714,43.02692865147853,131.54379272460938
12.586831128426466,43.02692803400931,131.54379272460938
12.586829418018302,43.02692743753703,131.54379272460938
12.586827638775219,43.0269268034913,131.54379272460938
12.586825937372769,43.02692620766152,131.54379272460938
12.586824143569347,43.02692558210536,131.54379272460938
12.5868224243781,43.02692496841405,131.54379272460938
12.586820622178294,43.026924289016335,131.54379272460938
12.586818781828642,43.02692380674656,131.54379272460938
12.586816738601165,43.026923509962536,131.54379272460938
12.586814744158143,43.02692332865732,131.54379272460938
12.58681265137871,43.02692307474945,131.54379272460938
12.586810682077921,43.026922816164166,131.54379272460938
12.586808635897407,43.02692252528253,131.54379272460938
12.586806746089561,43.02692220743299,131.54379272460938
12.586804788882326,43.02692191110295,131.54379272460938
12.586802914449239,43.02692165555887,131.54379272460938
12.586800907496631,43.026921392467536,131.54379272460938
12.586798953834238,43.02692111017827,131.54379272460938
12.586796837658646,43.02692082041885,131.54379272460938
12.586794810462218,43.0269205417276,131.54379272460938
12.586792675654118,43.02692024448092,131.54379272460938
12.586790698496019,43.02691999253484,131.54379272460938
12.586788641522695,43.026919743604225,131.54379272460938
12.586786703094479,43.02691949995069,131.54379272460938
12.58678462496911,43.026919244749266,131.54379272460938
12.58678268336515,43.02691897238879,131.54379272460938
12.58678062111845,43.02691866816025,131.54379272460938
12.586778618191186,43.026918358903075,131.54379272460938
12.586776529683165,43.02691802519659,131.54379272460938
12.586774553954722,43.02691769251812,131.54379272460938
12.586772490864295,43.02691734045324,131.54379272460938
12.586770535303515,43.0269170044252,131.54379272460938
12.586768489158146,43.02691670812943,131.54379272460938
12.586766546839366,43.026916447385375,131.54379272460938
12.586764516326578,43.0269161610869,131.54379272460938
12.586762596835584,43.02691589756724,131.54379272460938
12.586760590873217,43.0269156155007,131.54379272460938
12.586758694057663,43.02691533733202,131.54379272460938
12.586756703470062,43.026915015002096,131.54379272460938
12.586754807580268,43.026914738700945,131.54379272460938
12.586752808320918,43.026914451263096,131.54379272460938
12.586750897993841,43.0269141291816,131.54379272460938
12.586748880219146,43.0269137885618,131.54379272460938
12.586746973640237,43.02691346368731,131.54379272460938
12.58674498925356,43.026913138162286,131.54379272460938
12.586743128542947,43.02691282955619,131.54379272460938
12.58674120091926,43.02691252335731,131.54379272460938
12.58673937556358,43.02691224602817,131.54379272460938
12.586737441588419,43.02691193595715,131.54379272460938
12.586735621388907,43.0269116428396,131.54379272460938
12.586733707768907,43.02691130815651,131.54379272460938
12.586731876671124,43.0269109798556,131.54379272460938
12.586729947524011,43.02691061637133,131.54379272460938
12.586728110953654,43.026910269317966,131.54379272460938
12.586726188357234,43.02690989240971,131.54379272460938
12.586724384212179,43.02690950394501,131.54379272460938
12.586722489681746,43.0269091158144,131.54379272460938
12.586720694466248,43.02690876311561,131.54379272460938
12.58671882068942,43.02690841541117,131.54379272460938
12.586717055368016,43.02690808289546,131.54379272460938
12.586715229508444,43.02690771589028,131.54379272460938
12.58671351670969,43.0269073329682,131.54379272460938
12.58671173924783,43.02690686694932,131.54379272460938
12.586710033984106,43.02690637326005,131.54379272460938
12.586708241346694,43.02690579710792,131.54379272460938
12.586706547824999,43.0269052032913,131.54379272460938
12.586704804722011,43.02690452244577,131.54379272460938
12.58670315413718,43.02690385026116,131.54379272460938
12.586701423233212,43.02690311231869,131.54379272460938
12.586699751086174,43.026902387774534,131.54379272460938
12.586697958812017,43.02690162239302,131.54379272460938
12.586696228247888,43.02690089355696,131.54379272460938
12.58669439573216,43.02690011712442,131.54379272460938
12.586692645492548,43.02689936208288,131.54379272460938
12.586690793184141,43.02689859019069,131.54379272460938
12.586689041585176,43.02689786178725,131.54379272460938
12.586687176667581,43.02689708324303,131.54379272460938
12.586685436482506,43.02689635895588,131.54379272460938
12.58668359249428,43.026895614083,131.54379272460938
12.58668182580178,43.02689491345274,131.54379272460938
12.586679974266799,43.02689418071457,131.54379272460938
12.586678213457036,43.02689348768724,131.54379272460938
12.586676370148496,43.02689275806304,131.54379272460938
12.586674636619565,43.026892056970176,131.54379272460938
12.58667276021775,43.02689133043856,131.54379272460938
12.5866709331277,43.026890638233624,131.54379272460938
12.586668964477258,43.0268899092348,131.54379272460938
12.586667067450758,43.02688922248256,131.54379272460938
12.586665061347755,43.026888494019154,131.54379272460938
12.586663141141916,43.02688780918585,131.54379272460938
12.586661125591947,43.0268870931778,131.54379272460938
12.58665918016953,43.02688639615469,131.54379272460938
12.5866571371999,43.026885646004715,131.54379272460938
12.586655212517577,43.0268849011404,131.54379272460938
12.586653224976809,43.02688409526846,131.54379272460938
12.5866513266144,43.02688333306946,131.54379272460938
12.586649320206714,43.026882546896616,131.54379272460938
12.586647424797382,43.02688182521374,131.54379272460938
12.586645396780657,43.02688107374451,131.54379272460938
12.586643475332659,43.026880370467154,131.54379272460938
12.586641465409416,43.02687964266339,131.54379272460938
12.586639580570248,43.026878965411605,131.54379272460938
12.586637605380853,43.02687825717841,131.54379272460938
12.586635721455718,43.026877580316395,131.54379272460938
12.586633747672542,43.026876879129304,131.54379272460938
12.586631816404363,43.02687619226569,131.54379272460938
12.586629780067447,43.02687547195348,131.54379272460938
12.58662785892414,43.026874793399564,131.54379272460938
12.586625902531358,43.02687410480549,131.54379272460938
12.586624035949738,43.0268734523671,131.54379272460938
12.586622088088069,43.026872779642794,131.54379272460938
12.586620243302985,43.02687217339165,131.54379272460938
12.586618281261826,43.02687150006339,131.54379272460938
12.586616404531904,43.02687083895122,131.54379272460938
12.586614425006639,43.02687011118599,131.54379272460938
12.586612562831192,43.026869411558025,131.54379272460938
12.586610580001292,43.026868665421546,131.54379272460938
12.586608703599493,43.026867956845706,131.54379272460938
12.586606739472428,43.02686720684566,131.54379272460938
12.586604821352479,43.026866498942276,131.54379272460938
12.586602768093918,43.02686574994882,131.54379272460938
12.586600796232599,43.02686502585012,131.54379272460938
12.586598732075775,43.026864251923335,131.54379272460938
12.58659673724605,43.02686350069183,131.54379272460938
12.58659462846489,43.026862683233446,131.54379272460938
12.586592621658777,43.02686185213903,131.54379272460938
12.586590515971324,43.026860911335426,131.54379272460938
12.58658851408701,43.02685996024751,131.54379272460938
12.586586401719961,43.02685891670801,131.54379272460938
12.586584387132707,43.02685789388487,131.54379272460938
12.586582239844299,43.02685678645291,131.54379272460938
12.586580162937656,43.026855699932206,131.54379272460938
12.586577952626747,43.026854536118634,131.54379272460938
12.586575802244635,43.02685339028868,131.54379272460938
12.586573511497416,43.02685215332852,131.54379272460938
12.586571290264786,43.02685097161061,131.54379272460938
12.586568905933028,43.026849726863325,131.54379272460938
12.586566631685574,43.026848539236546,131.54379272460938
12.586564231674366,43.02684728601468,131.54379272460938
12.586561917630632,43.0268460868593,131.54379272460938
12.58655949122919,43.0268448407542,131.54379272460938
12.586557173271448,43.0268436332238,131.54379272460938
12.586554729385888,43.026842323105235,131.54379272460938
12.58655238527229,43.026841024289354,131.54379272460938
12.586549918769897,43.02683963083092,131.54379272460938
12.586547608569877,43.02683826199526,131.54379272460938
12.586545241628523,43.026836757737506,131.54379272460938
12.586543065231217,43.02683527763082,131.54379272460938
12.586540872310724,43.02683364066983,131.54379272460938
12.586538878465404,43.02683200615488,131.54379272460938
12.586536895846493,43.0268302143364,131.54379272460938
12.586535153247459,43.02682841563808,131.54379272460938
12.586533499967418,43.02682644100583,131.54379272460938
12.586532126855092,43.02682451107454,131.54379272460938
12.586530820632392,43.02682239567246,131.54379272460938
12.586529727148712,43.026820343778944,131.54379272460938
12.586528725890219,43.0268181533365,131.54379272460938
12.586527931488034,43.02681603313334,131.54379272460938
12.58652724213116,43.026813769780965,131.54379272460938
12.586526744490191,43.026811594260614,131.54379272460938
12.586526453799282,43.02680927780018,131.54379272460938
12.58652632967621,43.02680706465819,131.54379272460938
12.586526409995413,43.02680472739357,131.54379272460938
12.58652665826523,43.02680251579787,131.54379272460938
12.586527074485643,43.026800197829694,131.54379272460938
12.586527499635588,43.026798012302415,131.54379272460938
12.586527962730266,43.026795713736696,131.54379272460938
12.586528411856388,43.02679351825171,131.54379272460938
12.58652877496816,43.02679122001474,131.54379272460938
12.586529078057389,43.026789017326244,131.54379272460938
12.586529368303061,43.02678667859564,131.54379272460938
12.586529712547932,43.02678442504944,131.54379272460938
12.586529985942303,43.02678208054625,131.54379272460938
12.586530237821368,43.026779854164424,131.54379272460938
12.586530564394637,43.026777455480484,131.54379272460938
12.586530825320445,43.026775240687805,131.54379272460938
12.586531103706928,43.02677291674464,131.54379272460938
12.5865313601328,43.026770702481485,131.54379272460938
12.586531675596856,43.02676834517939,131.54379272460938
12.586531915804223,43.026766132159494,131.54379272460938
12.586532167917664,43.02676381637153,131.54379272460938
12.586532450405654,43.02676162355293,131.4438018798828
12.586532700925366,43.0267593173211,131.4438018798828
12.586532934828139,43.02675711496884,131.4438018798828
12.586533180051056,43.026754785919664,131.4438018798828
12.586533421266227,43.02675255275948,131.4438018798828
12.586533676051504,43.02675020963097,131.4438018798828
12.58653392286815,43.02674798188708,131.4438018798828
12.586534171700386,43.02674564711321,131.4438018798828
12.586534412353059,43.02674341868827,131.4438018798828
12.5865346540604,43.02674106571021,131.4438018798828
12.586534880205479,43.0267388139539,131.4438018798828
12.586535108905203,43.02673642022198,131.4438018798828
12.586535346557925,43.026734136362045,131.4438018798828
12.586535608350912,43.0267317274971,131.4438018798828
12.586535855425366,43.026729420849804,131.4438018798828
12.586536109577821,43.026726998937804,131.4438018798828
12.586536261356764,43.02672467814262,131.4438018798828
12.586536238974205,43.02672221290034,131.4438018798828
12.586535982665419,43.02671984263257,131.4438018798828
12.586535460766836,43.026717389816284,131.4438018798828
12.586534728285452,43.026715085974594,131.4438018798828
12.586533723089376,43.02671268981406,131.4438018798828
12.58653256423933,43.02671046853374,131.4438018798828
12.586531111862394,43.026708195480694,131.4438018798828
12.586529521768753,43.0267060986914,131.4438018798828
12.586527566571162,43.026703988204,131.4438018798828
12.586525543499583,43.02670208740324,131.4438018798828
12.586523195096909,43.026700227491254,131.4438018798828
12.586520762906426,43.026698602511914,131.4438018798828
12.586518046587361,43.02669703157122,131.4438018798828
12.58651530769833,43.026695697310764,131.4438018798828
12.586512289180654,43.0266944736633,131.4438018798828
12.586509276381653,43.02669349354944,131.4438018798828
12.586506071468323,43.02669263916876,131.4438018798828
12.58650296726444,43.02669201252472,131.4438018798828
12.58649957293206,43.02669159960224,131.4438018798828
12.58649639262776,43.0266913649181,131.4438018798828
12.586493060497608,43.0266913269164,131.4438018798828
12.586489933465984,43.026691499620775,131.4438018798828
12.586486674905077,43.02669193015654,131.4438018798828
12.586483733308219,43.02669253628356,131.4438018798828
12.586480786180203,43.02669340242647,131.4438018798828
12.586478084579799,43.026694470794446,131.4438018798828
12.586475516852415,43.02669578393818,131.4438018798828
12.586473283010697,43.026697201167075,131.4438018798828
12.58647117001094,43.026698847340484,131.4438018798828
12.586469384287568,43.02670057713327,131.4438018798828
12.586467749499455,43.02670247764286,131.4438018798828
12.586466430691031,43.026704386650586,131.4438018798828
12.586465295629875,43.02670650913142,131.4438018798828
12.586464490001326,43.0267085735987,131.4438018798828
12.586463915275585,43.02671079168795,131.4438018798828
12.586463608764614,43.02671293300689,131.4438018798828
12.586463483750945,43.02671524189867,131.4438018798828
12.586463661404645,43.02671740517402,131.4438018798828
12.586464080789119,43.02671966415201,131.4438018798828
12.586464548172833,43.02672182715321,131.4438018798828
12.586465096227132,43.026724079976084,131.4438018798828
12.586465402644354,43.02672628601633,131.4438018798828
12.586465512095797,43.026728671288645,131.4438018798828
12.58646553136113,43.02673095992879,131.4438018798828
12.586465540501635,43.02673337891526,131.4438018798828
12.586465559813853,43.026735679831454,131.4438018798828
12.586465429268891,43.02673809306113,131.4438018798828
12.586465406066072,43.02674040248832,131.4438018798828
12.586465339551392,43.026742844052286,131.4438018798828
12.586465186788004,43.02674517520459,131.4438018798828
12.586464821918415,43.026747666500285,131.4438018798828
12.58646457460959,43.02675002425213,131.4438018798828
12.586464317363419,43.026752519447804,131.4438018798828
12.586463958446881,43.026754898888335,131.4438018798828
12.586463734434599,43.026757403612294,131.4438018798828
12.586463572624531,43.02675979506546,131.4438018798828
12.58646350268812,43.026762333717755,131.4438018798828
12.586463464485627,43.02676478451875,131.4438018798828
12.586463732278604,43.026767318189506,131.4438018798828
12.586464178990795,43.0267697013651,131.4438018798828
12.586464684530227,43.02677217849844,131.4438018798828
12.586465474784177,43.02677447516178,131.4438018798828
12.58646647550374,43.02677682935228,131.4438018798828
12.586467569409418,43.026779000322335,131.4438018798828
12.586468761329268,43.02678115756349,131.4438018798828
12.586470146043126,43.02678319232976,131.4438018798828
12.586471758566093,43.02678527395791,131.4438018798828
12.586473367760972,43.026787147799894,131.4438018798828
12.586475190093296,43.02678914815195,131.4438018798828
12.586476977176133,43.02679103768114,131.4438018798828
12.586478914350497,43.02679300756044,131.4438018798828
12.586480819744088,43.02679481024812,131.4438018798828
12.586482916853582,43.026796720849184,131.4438018798828
12.58648499240089,43.02679850023656,131.4438018798828
12.58648723346136,43.026800294080196,131.4438018798828
12.58648946425635,43.02680195959282,131.4438018798828
12.586491874251802,43.02680364315757,131.4438018798828
12.586494215013909,43.02680519145658,131.4438018798828
12.586496737554565,43.0268067326324,131.4438018798828
12.58649917398712,43.02680820853655,131.4438018798828
12.586501768292324,43.026809750532635,131.4438018798828
12.5865042368572,43.02681117458267,131.4438018798828
12.586506841123178,43.026812700071844,131.4438018798828
12.586509293282033,43.02681415000075,131.4438018798828
12.586511846736274,43.02681567949699,131.4438018798828
12.586514256895764,43.02681711742185,131.4438018798828
12.586516812459354,43.026818672160886,131.4438018798828
12.586519251376236,43.02682016919638,131.4438018798828
12.58652173388621,43.02682176357398,131.4438018798828
12.58652417275621,43.02682328883025,131.4438018798828
12.586526741280526,43.026824893486,131.4438018798828
12.586529154697764,43.02682643599209,131.4438018798828
12.586531590708413,43.02682810182895,131.4438018798828
12.58653389111169,43.02682974864457,131.4438018798828
12.586536228334733,43.02683155821642,131.4438018798828
12.58653830242886,43.02683335317567,131.4438018798828
12.586540408819376,43.026835328752384,131.4438018798828
12.586542257166826,43.026837291226904,131.4438018798828
12.586543988961308,43.02683945163457,131.4438018798828
12.586545377706202,43.02684160043012,131.4438018798828
12.586546677788355,43.02684391266507,131.4438018798828
12.586547741436538,43.026846165397984,131.4438018798828
12.58654862508741,43.026848625161875,131.4438018798828
12.586549428161357,43.02685094785886,131.4438018798828
12.58655013094772,43.026853407162285,131.4438018798828
12.586550652494585,43.0268557744874,131.4438018798828
12.58655088454575,43.02685841147663,131.4438018798828
12.586551076120958,43.02686085412643,131.4438018798828
12.58655111610467,43.0268634449841,131.4438018798828
12.586550895912557,43.02686600679643,131.4438018798828
12.586550615486976,43.026868653776546,131.4438018798828
12.586550228352056,43.02687118381719,131.4438018798828
12.586549735960906,43.02687385215833,131.4438018798828
12.586549183359745,43.026876436340395,131.4438018798828
12.586548685390598,43.02687914658974,131.4438018798828
12.586548262912517,43.026881731174434,131.4438018798828
12.586547807130243,43.0268844998828,131.4438018798828
12.58654746068228,43.02688709835836,131.4438018798828
12.586547111234356,43.026889838119914,131.4438018798828
12.586546777395567,43.02689244688835,131.4438018798828
12.586546348612886,43.026895254887805,131.4438018798828
12.586546006125799,43.02689789023008,131.4438018798828
12.586545662724664,43.02690067259802,131.4438018798828
12.586545311495522,43.026903345899264,131.4438018798828
12.58654502469511,43.02690612133248,131.4438018798828
12.586544767238006,43.02690877923939,131.4438018798828
12.58654451210118,43.02691159634951,131.4438018798828
12.586544260503363,43.0269143250429,131.4438018798828
12.586544031053643,43.026917181602585,131.4438018798828
12.58654381508029,43.02691990835135,131.4438018798828
12.586543611411438,43.026922820662975,131.4438018798828
12.586543402000485,43.02692555245751,131.4438018798828
12.586543185042773,43.026928429560094,131.4438018798828
12.586542993983121,43.02693117659476,131.4438018798828
12.586542898429865,43.02693408587379,131.4438018798828
12.586542750330512,43.02693685739203,131.4438018798828
12.58654259869214,43.0269397887988,131.4438018798828
12.586542476537701,43.02694260541203,131.4438018798828
12.586542303524647,43.026945534728526,131.4438018798828
12.586542135433396,43.026948299479066,131.4438018798828
12.586541962537531,43.02695118624486,131.4438018798828
12.586541845843975,43.02695393142054,131.4438018798828
12.58654176763423,43.02695680083024,131.4438018798828
12.586541776306026,43.02695953766198,131.4438018798828
12.586541943975465,43.026962425524296,131.4438018798828
12.58654220923723,43.02696516651944,131.4438018798828
12.586542690730179,43.0269680386105,131.4438018798828
12.586543381563775,43.026970722500124,131.4438018798828
12.586544401619038,43.02697351267657,131.4438018798828
12.58654555029739,43.02697606777472,131.4438018798828
12.586546982049652,43.02697868042383,131.4438018798828
12.586548598955408,43.026981113669514,131.4438018798828
12.58655043760006,43.026983563825816,131.4438018798828
12.58655236760272,43.02698579703949,131.4438018798828
12.586554567601342,43.026988027152036,131.4438018798828
12.586556773998241,43.02699007727865,131.4438018798828
12.586558979996655,43.02699225707057,131.4438018798828
12.586560987505854,43.02699438057939,131.4438018798828
12.586563068443613,43.02699663368497,131.3437957763672
12.586564728004719,43.02699894009248,131.3437957763672
12.586566027805492,43.0270015271273,131.3437957763672
12.58656681414513,43.027004088958925,131.3437957763672
12.586567245552605,43.02700676549837,131.3437957763672
12.586567370847519,43.02700931869473,131.3437957763672
12.586567357277382,43.02701195997371,131.3437957763672
12.586567415143728,43.027014461992735,131.3437957763672
12.586567559235347,43.02701710368292,131.3437957763672
12.58656777152906,43.027019620419516,131.3437957763672
12.586568041735967,43.02702226754097,131.3437957763672
12.586568146500023,43.02702484217119,131.3437957763672
12.586568323614587,43.02702756882573,131.3437957763672
12.586568508065007,43.02703017753421,131.3437957763672
12.58656882024794,43.02703303524181,131.3437957763672
12.586569232273177,43.02703563406432,131.3437957763672
12.586569877427765,43.02703833981614,131.3437957763672
12.5865706937673,43.02704087471407,131.3437957763672
12.586571662635802,43.02704358507475,131.3437957763672
12.586572808806338,43.02704603473421,131.3437957763672
12.586574181262597,43.02704855275577,131.3437957763672
12.586575635936416,43.02705092031213,131.3437957763672
12.586577459323534,43.02705323338438,131.3437957763672
12.586579483988915,43.02705528901075,131.3437957763672
12.586581914937302,43.02705726793104,131.3437957763672
12.58658450565672,43.027058967748864,131.3437957763672
12.586587386973351,43.02706053456041,131.3437957763672
12.586590260649455,43.027061823999965,131.3437957763672
12.586593496476423,43.027062927302666,131.3437957763672
12.586596586594615,43.02706378763719,131.3437957763672
12.586599909748385,43.02706446543287,131.3437957763672
12.586603117521038,43.02706494662326,131.3437957763672
12.586606626390768,43.02706524452094,131.3437957763672
12.586609871147232,43.02706545916765,131.3437957763672
12.586613285987099,43.02706556093976,131.3437957763672
12.586616599437859,43.02706548180071,131.3437957763672
12.586620001785732,43.027065326572405,131.3437957763672
12.586623245979707,43.02706505437463,131.3437957763672
12.586626644718246,43.027064638941965,131.3437957763672
12.58662986779532,43.02706409163382,131.3437957763672
12.586633197980174,43.027063399308894,131.3437957763672
12.58663631453538,43.0270626149093,131.3437957763672
12.586639608580132,43.027061646103334,131.3437957763672
12.586642609097993,43.027060635217836,131.3437957763672
12.586645679505443,43.02705947597459,131.3437957763672
12.586648533939554,43.027058337548375,131.3437957763672
12.58665156394139,43.02705713742497,131.3437957763672
12.586654393438398,43.0270560694169,131.3437957763672
12.586657362573948,43.02705499044348,131.3437957763672
12.586660150938735,43.02705400325348,131.3437957763672
12.58666305156748,43.02705296944358,131.3437957763672
12.58666578579245,43.027051981002835,131.3437957763672
12.586668645148382,43.027050937358396,131.3437957763672
12.586671346467599,43.02704996550275,131.3437957763672
12.586674162160115,43.027048911389834,131.3437957763672
12.586676825534578,43.02704791141833,131.3437957763672
12.586679623203922,43.02704688994445,131.3437957763672
12.586682242000926,43.02704587921318,131.3437957763672
12.58668496816352,43.02704480471155,131.3437957763672
12.586687540179964,43.0270437596279,131.3437957763672
12.586690239624208,43.02704267746766,131.3437957763672
12.586692777481007,43.027041596369685,131.3437957763672
12.58669543473838,43.02704043745198,131.3437957763672
12.586697948115072,43.02703936644555,131.3437957763672
12.586700542033537,43.02703816697317,131.3437957763672
12.586702987067493,43.02703699923178,131.3437957763672
12.586705532318705,43.027035743938924,131.3437957763672
12.586707927408098,43.02703456178839,131.3437957763672
12.58671041690234,43.027033274815935,131.3437957763672
12.586712779343785,43.02703203490884,131.3437957763672
12.586715264267774,43.02703075468693,131.3437957763672
12.586717595174521,43.02702948020471,131.3437957763672
12.586720009540961,43.02702811553246,131.3437957763672
12.586722268601113,43.02702678918754,131.3437957763672
12.586724605941347,43.027025421893896,131.3437957763672
12.586726778330911,43.02702404091069,131.3437957763672
12.586729022285823,43.02702255846373,131.3437957763672
12.586731109340725,43.02702116735472,131.3437957763672
12.58673326166809,43.027019639195935,131.3437957763672
12.586735279208392,43.027018161203635,131.3437957763672
12.586737371771022,43.02701657864644,131.3437957763672
12.58673931310543,43.02701506566782,131.3437957763672
12.586741307583571,43.02701342694746,131.3437957763672
12.586743161778639,43.02701185028414,131.3437957763672
12.586745059320725,43.02701020969626,131.3437957763672
12.58674682509914,43.02700859090199,131.3437957763672
12.586748630966806,43.027006858102354,131.3437957763672
12.586750295098293,43.027005193270746,131.3437957763672
12.586751994057387,43.027003456855965,131.3437957763672
12.586753541483574,43.02700176159552,131.3437957763672
12.586755099772878,43.026999957212695,131.3437957763672
12.586756517474432,43.026998261626716,131.3437957763672
12.586757951558557,43.026996409373275,131.3437957763672
12.586759264542925,43.02699462729808,131.3437957763672
12.58676061305803,43.026992736683056,131.3437957763672
12.58676191549572,43.026990953494206,131.3437957763672
12.586763318935818,43.02698907298786,131.3437957763672
12.586764688907659,43.026987278662325,131.3437957763672
12.58676613078467,43.02698539407824,131.3437957763672
12.58676752052573,43.02698356557163,131.3437957763672
12.586768980953234,43.026981631454994,131.3437957763672
12.586770364635797,43.026979776134695,131.3437957763672
12.58677182334068,43.02697784465661,131.3437957763672
12.586773205593577,43.026975972357135,131.3437957763672
12.58677465746653,43.02697399977611,131.3437957763672
12.586776057953536,43.02697212578044,131.3437957763672
12.586777553044607,43.02697014224264,131.3437957763672
12.586778999691083,43.02696825973169,131.3437957763672
12.586780542488473,43.0269662903032,131.3437957763672
12.586782033677258,43.02696444236738,131.3437957763672
12.586783634376145,43.02696249441557,131.3437957763672
12.586785218751077,43.026960677396914,131.3437957763672
12.586786966447805,43.026958862143,131.3437957763672
12.586788742773013,43.02695714234761,131.3437957763672
12.58679074427067,43.02695539278302,131.3437957763672
12.58679278956652,43.02695383415262,131.3437957763672
12.58679511715115,43.026952349135726,131.3437957763672
12.586797486594524,43.026951085756,131.3437957763672
12.586800134377505,43.026949956761804,131.3437957763672
12.586802791347838,43.026949119523074,131.3437957763672
12.586805689662226,43.02694849058321,131.3437957763672
12.586808493442831,43.02694820553561,131.3437957763672
12.586811425131664,43.02694824358893,131.3437957763672
12.586814155184793,43.026948590650996,131.3437957763672
12.586816895532671,43.026949189659106,131.3437957763672
12.58681934928518,43.02694997040935,131.3437957763672
12.586821761577363,43.02695103218097,131.3437957763672
12.586823866051848,43.0269521691766,131.3437957763672
12.586825875840237,43.02695352040777,131.3437957763672
12.586827589816618,43.026954932325296,131.3437957763672
12.586829241256813,43.02695658904428,131.3437957763672
12.586830547204084,43.0269582222049,131.3437957763672
12.586831669105257,43.026960037441725,131.3437957763672
12.586832603351015,43.026961906417334,131.3437957763672
12.586833224048693,43.02696380662706,131.3437957763672
12.586833597144613,43.02696564186706,131.3437957763672
12.586833819938118,43.02696759396515,131.3437957763672
12.5868339967831,43.02696952382415,131.3437957763672
12.586834055891572,43.02697153625738,131.3437957763672
12.586834057473547,43.02697347517136,131.3437957763672
12.58683409659601,43.02697566178234,131.3437957763672
12.586834098371412,43.02697765211354,131.3437957763672
12.586834178192534,43.026979768700485,131.3437957763672
12.58683431800103,43.02698180107694,131.3437957763672
12.586834550456576,43.02698405836305,131.3437957763672
12.586834750838376,43.02698611506887,131.3437957763672
12.586834988725485,43.02698828838437,131.3437957763672
12.586835274277895,43.026990423903676,131.3437957763672
12.58683552721166,43.026992603095906,131.3437957763672
12.586835800799411,43.02699467784317,131.3437957763672
12.58683613249373,43.0269968570868,131.3437957763672
12.586836581848425,43.02699894315921,131.3437957763672
12.58683712982081,43.027001103727464,131.3437957763672
12.586837759659154,43.02700315390549,131.3437957763672
12.586838615085913,43.027005330527714,131.3437957763672
12.586839350578895,43.02700737767313,131.3437957763672
12.586840143015369,43.027009517492885,131.3437957763672
12.586840909167078,43.02701153962359,131.3437957763672
12.58684190242186,43.02701367133925,131.3437957763672
12.586842708155991,43.027015643029344,131.3437957763672
12.58684358610292,43.02701767848979,131.3437957763672
12.586844660977595,43.02701959249185,131.3437957763672
12.586845644508898,43.027021577460275,131.3437957763672
12.586846644973553,43.02702342728075,131.3437957763672
12.586847779276068,43.02702531864962,131.3437957763672
12.586849050510152,43.0270270579942,131.3437957763672
12.586850368252346,43.02702885963564,131.3437957763672
12.586851742451714,43.027030514015856,131.3437957763672
12.586853477905477,43.02703217824775,131.3437957763672
12.586855093818045,43.02703368075784,131.3437957763672
12.586856911884835,43.0270351528048,131.3437957763672
12.586858758556675,43.027036452044676,131.3437957763672
12.586860960825772,43.02703767180289,131.3437957763672
12.586863061084665,43.02703872629269,131.3437957763672
12.586865392892353,43.027039692888344,131.3437957763672
12.586867817795323,43.02704044305538,131.3437957763672
12.58687032539188,43.027041133187126,131.3437957763672
12.586872767600239,43.027041658153266,131.3437957763672
12.58687538845682,43.027042063477126,131.3437957763672
12.586877996673445,43.027042269985486,131.3437957763672
12.58688068756388,43.027042451719026,131.3437957763672
12.586883250716337,43.02704258047621,131.3437957763672
12.586886052386857,43.027042590379274,131.3437957763672
12.586888626260947,43.027042611984406,131.3437957763672
12.586891325720536,43.0270425828748,131.3437957763672
12.586893877316086,43.02704249011475,131.3437957763672
12.586896549020977,43.027042276701565,131.3437957763672
12.586899005455624,43.027042022785125,131.3437957763672
12.586901524665949,43.02704166517758,131.3437957763672
12.586903925572132,43.02704119671717,131.3437957763672
12.586906330639872,43.02704063736429,131.3437957763672
12.586908561374749,43.02704001759916,131.3437957763672
12.586910827593465,43.02703929044214,131.3437957763672
12.58691293401329,43.02703851884118,131.3437957763672
12.58691505285188,43.02703764154451,131.3437957763672
12.586917009379409,43.02703671363589,131.3437957763672
12.58691901008011,43.02703560844836,131.3437957763672
12.586920834129133,43.02703447738947,131.3437957763672
12.586922677976691,43.027033205048895,131.3437957763672
12.586924386026487,43.02703195666077,131.3437957763672
12.586926138545353,43.02703065875724,131.24378967285156
12.586927812183555,43.027029401631125,131.24378967285156
12.586929559596053,43.027028082670704,131.24378967285156
12.58693119617719,43.02702682720653,131.24378967285156
12.586932929603577,43.027025539925695,131.24378967285156
12.586934591895291,43.02702433546753,131.24378967285156
12.586936352605457,43.02702308014041,131.24378967285156
12.586938014615914,43.02702189237014,131.24378967285156
12.586939773670824,43.027020671703816,131.24378967285156
12.586941449544353,43.02701950531597,131.24378967285156
12.586943206902998,43.02701829703706,131.3437957763672
12.586944887408295,43.02701711181966,131.3437957763672
12.58694664309411,43.027015863791355,131.3437957763672
12.586948315838782,43.027014681400956,131.3437957763672
12.586950092503786,43.02701344236766,131.3437957763672
12.586951784695435,43.02701226093673,131.3437957763672
12.586953567556629,43.0270110211667,131.3437957763672
12.586955289308381,43.02700984353938,131.3437957763672
12.586957086138124,43.02700860568829,131.3437957763672
12.586958805062771,43.02700743981445,131.3437957763672
12.586960618655938,43.0270062248364,131.3437957763672
12.58696237019924,43.027005085399345,131.3437957763672
12.58696418700036,43.027003872819954,131.3437957763672
12.586965905347858,43.02700272231475,131.3437957763672
12.586967706289347,43.027001579502404,131.3437957763672
12.586969392094364,43.02700045505704,131.3437957763672
12.586971164353184,43.026999288515,131.24378967285156
12.586972850373533,43.02699818893014,131.3437957763672
12.58697462088774,43.02699709140127,131.3437957763672
12.586976309223974,43.02699597810971,131.3437957763672
12.586978088109644,43.02699478598756,131.3437957763672
12.586979788380512,43.026993681365475,131.3437957763672
12.586981554870114,43.026992455387806,131.3437957763672
12.586983191464416,43.02699125572696,131.3437957763672
12.586984848988822,43.026989957874825,131.3437957763672
12.586986373434154,43.02698872785368,131.3437957763672
12.586987926640179,43.026987407950905,131.3437957763672
12.586989379699995,43.02698614201823,131.3437957763672
12.58699091488003,43.026984822732274,131.3437957763672
12.586992382448926,43.02698355573733,131.3437957763672
12.58699395837611,43.02698223927838,131.3437957763672
12.58699549273137,43.02698098981089,131.3437957763672
12.586997120608185,43.026979712364586,131.3437957763672
12.586998696991014,43.0269784432965,131.3437957763672
12.587000378337132,43.02697708539193,131.3437957763672
12.587002014432707,43.02697579610648,131.3437957763672
12.587003764092996,43.02697436557359,131.3437957763672
12.58700544836509,43.026972968210885,131.3437957763672
12.587007240503015,43.02697147079794,131.3437957763672
12.587008969795686,43.02697005911176,131.3437957763672
12.587010818919591,43.02696855260099,131.3437957763672
12.587012621878165,43.02696710184217,131.3437957763672
12.587014543705573,43.02696556599908,131.3437957763672
12.587016398447052,43.02696405239509,131.3437957763672
12.587018338530513,43.02696241166155,131.3437957763672
12.587020163291465,43.02696080418387,131.3437957763672
12.5870220347363,43.026959085476406,131.3437957763672
12.587023836569871,43.02695740547321,131.3437957763672
12.587025738600195,43.02695560221262,131.3437957763672
12.587027558020415,43.02695385514087,131.3437957763672
12.587029458213847,43.02695195667875,131.3437957763672
12.587031253189108,43.026950101349854,131.3437957763672
12.587033112010099,43.02694809543584,131.3437957763672
12.58703482146318,43.02694612874011,131.3437957763672
12.587036573648048,43.02694401269285,131.3437957763672
12.587038185110398,43.026941942383104,131.3437957763672
12.587039806014994,43.02693970331833,131.3437957763672
12.587041322630123,43.026937522249966,131.3437957763672
12.587042871122701,43.02693517187831,131.3437957763672
12.587044276654511,43.02693289323546,131.3437957763672
12.587045663290114,43.02693042620274,131.3437957763672
12.587046908154386,43.026928060530985,131.3437957763672
12.587048119743747,43.0269255215467,131.3437957763672
12.58704906698544,43.02692304403693,131.3437957763672
12.58704990537326,43.026920380176136,131.3437957763672
12.587050476952546,43.02691779347546,131.3437957763672
12.587050834837742,43.026915034730145,131.3437957763672
12.587050932863525,43.02691238668346,131.3437957763672
12.587050808892608,43.026909587957455,131.3437957763672
12.587050485957851,43.02690691871682,131.3437957763672
12.587049852451539,43.02690408656362,131.3437957763672
12.587049100757525,43.02690144859139,131.3437957763672
12.587048059005317,43.02689872862317,131.3437957763672
12.587046831894538,43.02689620190215,131.3437957763672
12.587045214104029,43.02689366450277,131.3437957763672
12.587043543245953,43.026891297927286,131.3437957763672
12.587041573282953,43.02688889604851,131.3437957763672
12.587039488902716,43.0268867058053,131.3437957763672
12.58703715197252,43.02688450690975,131.3437957763672
12.587034751199534,43.026882515443525,131.24378967285156
12.587032051210299,43.026880532646786,131.24378967285156
12.58702928714097,43.02687877697845,131.24378967285156
12.587026288433528,43.026877066122424,131.24378967285156
12.58702331969343,43.026875554017664,131.24378967285156
12.58702007262255,43.02687402546055,131.3437957763672
12.58701708901165,43.026872521626835,131.3437957763672
12.587014006932487,43.026870869915086,131.3437957763672
12.587011133143669,43.02686923770111,131.24378967285156
12.587008100392357,43.02686752473764,131.24378967285156
12.58700521569497,43.02686590744686,131.24378967285156
12.587002070969685,43.026864295882945,131.24378967285156
12.586998903924908,43.02686288126059,131.24378967285156
12.586995494863356,43.02686152250583,131.24378967285156
12.586992173496922,43.02686031858953,131.24378967285156
12.586988657307993,43.02685908304501,131.24378967285156
12.586985345722338,43.02685783662079,131.24378967285156
12.58698188767608,43.02685654158283,131.24378967285156
12.586978611552656,43.0268552965957,131.24378967285156
12.586975088151885,43.0268540144142,131.24378967285156
12.586971763830666,43.02685283372217,131.24378967285156
12.586968215422447,43.02685165436439,131.24378967285156
12.586964779779152,43.02685059385862,131.24378967285156
12.586961095646386,43.02684952554645,131.24378967285156
12.586957528977686,43.02684867537413,131.24378967285156
12.586953708833265,43.02684793743391,131.24378967285156
12.586950001444983,43.02684737250421,131.24378967285156
12.586946076199599,43.0268469702772,131.24378967285156
12.586942324122548,43.02684670057243,131.24378967285156
12.586938381694816,43.02684644651251,131.24378967285156
12.58693463486184,43.026846168613666,131.24378967285156
12.586930704870452,43.02684584113837,131.24378967285156
12.586926990676643,43.02684551225279,131.24378967285156
12.586923105086932,43.02684519689722,131.24378967285156
12.58691939712739,43.026844913967615,131.24378967285156
12.58691548497459,43.026844660402446,131.24378967285156
12.586911754953368,43.02684444073884,131.24378967285156
12.586907812992916,43.0268442126135,131.24378967285156
12.586904079333078,43.026844047568915,131.24378967285156
12.58690015655886,43.02684391144009,131.24378967285156
12.586896381824674,43.02684382562659,131.24378967285156
12.586892428828243,43.02684377273594,131.24378967285156
12.586888658564103,43.02684376792361,131.24378967285156
12.586884696028626,43.02684381075918,131.24378967285156
12.586880905320564,43.026843911327745,131.24378967285156
12.58687695009615,43.02684407715196,131.24378967285156
12.586873194269158,43.026844321658984,131.24378967285156
12.586869219246212,43.02684466761693,131.24378967285156
12.586865483204576,43.02684509091699,131.24378967285156
12.58686156878571,43.02684560237142,131.24378967285156
12.586857853988382,43.02684612882395,131.24378967285156
12.586853945787682,43.026846675159724,131.24378967285156
12.5868502373389,43.02684724024156,131.24378967285156
12.586846351772635,43.026847868545495,131.24378967285156
12.586842648606014,43.026848528473344,131.3437957763672
12.586838842600102,43.026849284996935,131.3437957763672
12.586835265756797,43.02685005572194,131.3437957763672
12.586831529277173,43.026850882033976,131.3437957763672
12.586827947014003,43.02685166039614,131.3437957763672
12.586824176046592,43.02685244594362,131.3437957763672
12.586820540452168,43.02685316874016,131.3437957763672
12.586816644465133,43.026853909944364,131.3437957763672
12.586812920389612,43.026854629365644,131.3437957763672
12.586808975372072,43.02685540015702,131.3437957763672
12.58680522257433,43.026856120554896,131.3437957763672
12.586801249842356,43.02685687097898,131.3437957763672
12.586797510022938,43.02685756850596,131.3437957763672
12.58679358260084,43.02685830154398,131.3437957763672
12.586789797137564,43.02685898839046,131.3437957763672
12.586785840969796,43.026859727742114,131.3437957763672
12.586782063346247,43.026860435300684,131.3437957763672
12.586778082651506,43.02686118574191,131.3437957763672
12.586774268618347,43.02686189293638,131.3437957763672
12.586770286306436,43.02686262547539,131.3437957763672
12.586766487823825,43.026863313142115,131.3437957763672
12.586762435598887,43.026864017929356,131.3437957763672
12.586758607468273,43.026864690910664,131.3437957763672
12.586754563950246,43.02686538631524,131.3437957763672
12.586750726479938,43.026866032123024,131.3437957763672
12.586746685832978,43.02686667329623,131.3437957763672
12.586742901131426,43.02686729833839,131.3437957763672
12.586738930280283,43.02686796708347,131.3437957763672
12.586735101200464,43.02686858093754,131.3437957763672
12.586731084131248,43.02686925124603,131.3437957763672
12.586727230829132,43.02686988081138,131.3437957763672
12.586723149671027,43.02687053510019,131.3437957763672
12.586719237916663,43.026871175365365,131.3437957763672
12.586715129501155,43.02687193399637,131.24378967285156
12.586711206719613,43.026872720229214,131.24378967285156
12.586707002106321,43.02687359845964,131.24378967285156
12.58670308346145,43.02687451555711,131.24378967285156
12.58669901479538,43.02687557841238,131.24378967285156
12.586695233761784,43.026876705115136,131.24378967285156
12.586691336526801,43.026878020764606,131.24378967285156
12.586687817297918,43.02687944531372,131.24378967285156
12.586684273600653,43.026881124451734,131.24378967285156
12.586681022211542,43.026882891119804,131.24378967285156
12.586677792783037,43.0268848654442,131.3437957763672
12.58667484542065,43.026886862050546,131.3437957763672
12.58667188012885,43.026889071877264,131.3437957763672
12.586669223387162,43.02689129298202,131.24378967285156
12.58666660759019,43.02689372995001,131.24378967285156
12.586664317311824,43.02689614222881,131.24378967285156
12.586662119071155,43.026898819535006,131.24378967285156
12.586660252138062,43.026901395771496,131.24378967285156
12.58665851687488,43.02690417625051,131.24378967285156
12.586657079568221,43.026906886491304,131.24378967285156
12.586655839274263,43.02690986069723,131.24378967285156
12.586654860749853,43.02691268968077,131.24378967285156
12.586654064707107,43.026915698427544,131.24378967285156
12.586653541847797,43.026918645639846,131.24378967285156
12.586653205009156,43.0269217162209,131.24378967285156
12.586653107393527,43.02692464462932,131.24378967285156
12.586653251157122,43.02692771575008,131.24378967285156
12.586653657229329,43.02693065892745,131.24378967285156
12.586654286540393,43.02693367386791,131.24378967285156
12.586655092966005,43.02693651409947,131.24378967285156
12.586656173629727,43.026939484287574,131.24378967285156
12.586657359198135,43.02694225168522,131.24378967285156
12.586658790411327,43.026945113299206,131.24378967285156
12.586660332786934,43.02694777644891,131.24378967285156
12.586662150994378,43.02695053044824,131.24378967285156
12.586664066325369,43.02695304964343,131.24378967285156
12.586666244386812,43.02695562035007,131.24378967285156
12.586668446377576,43.02695800549383,131.24378967285156
12.586670849248165,43.02696040239109,131.24378967285156
12.586673218369242,43.02696262285755,131.24378967285156
12.58667577046415,43.0269649183853,131.24378967285156
12.586678248872632,43.026967080564106,131.24378967285156
12.586680817139127,43.026969370557794,131.24378967285156
12.586683206158282,43.026971577797354,131.24378967285156
12.58668565470781,43.026973926772655,131.24378967285156
12.586687979134203,43.02697620379638,131.24378967285156
12.586690425504102,43.026978624980224,131.24378967285156
12.586692770180195,43.02698094620803,131.24378967285156
12.586695233225612,43.02698338192096,131.24378967285156
12.586697584194562,43.02698572214966,131.24378967285156
12.586700012869374,43.02698819394544,131.24378967285156
12.586702185305795,43.026990586705026,131.24378967285156
12.586704428194292,43.026993121089,131.24378967285156
12.586706445863467,43.02699558728219,131.24378967285156
12.586708410365445,43.026998261868464,131.24378967285156
12.58671007482498,43.02700091344464,131.24378967285156
12.586711647563218,43.02700375962153,131.24378967285156
12.5867129306417,43.027006524226465,131.24378967285156
12.586713988114173,43.02700947959424,131.24378967285156
12.58671490697933,43.02701229837486,131.24378967285156
12.586715678002925,43.027015284839685,131.24378967285156
12.586716193795906,43.02701814477465,131.24378967285156
12.586716305860495,43.02702119362203,131.24378967285156
12.586716246517462,43.0270240678976,131.24378967285156
12.586715854378596,43.02702707247237,131.24378967285156
12.586715054081742,43.02702993715324,131.24378967285156
12.586714029796031,43.027032874959296,131.24378967285156
12.586712781357408,43.027035611551135,131.24378967285156
12.586711191380903,43.02703841146788,131.24378967285156
12.586709356333827,43.0270410138027,131.24378967285156
12.586707253107132,43.02704364594956,131.24378967285156
12.586704995136646,43.027046037972354,131.24378967285156
12.586702233642415,43.02704844496969,131.24378967285156
12.586699530026241,43.02705055304128,131.24378967285156
12.586696486032324,43.02705259144861,131.24378967285156
12.586693415120845,43.02705436283249,131.24378967285156
12.586689896196509,43.027056082216625,131.24378967285156
12.586686553191448,43.02705750760941,131.24378967285156
12.586682934893615,43.027058813051525,131.24378967285156
12.586679264143434,43.027059921459994,131.24378967285156
12.586675443770483,43.02706081510176,131.24378967285156
12.586671731020951,43.02706145359351,131.24378967285156
12.586667785610839,43.02706190307001,131.24378967285156
12.586663949511614,43.02706214327966,131.24378967285156
12.586660048421166,43.0270621630686,131.24378967285156
12.586656351023011,43.02706197441306,131.24378967285156
12.586652377300851,43.02706158049986,131.143798828125
12.586648795190083,43.02706096801636,131.143798828125
12.586645149095903,43.02706012207371,131.143798828125
12.58664180719252,43.02705915345619,131.143798828125
12.586638355345473,43.02705799068342,131.143798828125
12.586635330054596,43.027056702631505,131.143798828125
12.58663235456767,43.027055174849615,131.143798828125
12.58662965568602,43.027053555335705,131.143798828125
12.586627090818007,43.02705173210614,131.143798828125
12.586624868648027,43.02704987748825,131.143798828125
12.586622765210661,43.02704781543678,131.143798828125
12.586620967323448,43.027045754807375,131.143798828125
12.586619319434002,43.0270435457174,131.143798828125
12.586617986539878,43.02704138893558,131.143798828125
12.586616768698724,43.027039062327894,131.143798828125
12.586615889641589,43.02703683416851,131.143798828125
12.586615188753678,43.027034466063824,131.143798828125
12.58661473053404,43.02703220072505,131.143798828125
12.586614482030045,43.02702979655464,131.143798828125
12.586614502912687,43.02702750186642,131.143798828125
12.586614798877171,43.02702507526845,131.143798828125
12.586615323142937,43.027022758478196,131.143798828125
12.586616116889061,43.02702035208048,131.143798828125
12.586617061265738,43.02701809241286,131.143798828125
12.5866182058191,43.02701576254987,131.143798828125
12.586619398606096,43.02701361056544,131.143798828125
12.586620680008927,43.02701138435928,131.143798828125
12.586621866303776,43.02700927054796,131.143798828125
12.58662307999665,43.02700706371961,131.143798828125
12.586624177253759,43.0270049223407,131.143798828125
12.586625300643298,43.02700266065134,131.143798828125
12.586626349760508,43.02700052117425,131.143798828125
12.586627461478336,43.02699826949077,131.143798828125
12.586628466674311,43.02699614545082,131.143798828125
12.586629491159062,43.0269939111063,131.143798828125
12.586630431973191,43.02699176931619,131.143798828125
12.586631425028745,43.02698950444002,131.143798828125
12.586632372850595,43.02698733926287,131.143798828125
12.586633379945004,43.02698504716178,131.143798828125
12.586634329852762,43.0269828620414,131.143798828125
12.586635331205061,43.02698054756414,131.143798828125
12.586636266839584,43.02697834620133,131.143798828125
12.586637171232386,43.02697605521392,131.143798828125
12.586638077593912,43.02697385395392,131.143798828125
12.586639023962654,43.026971534979154,131.143798828125
12.586639916496253,43.02696932238544,131.143798828125
12.586640778959982,43.02696698719395,131.143798828125
12.586641629259834,43.02696476431165,131.143798828125
12.586642509957683,43.02696242765526,131.143798828125
12.586643254509113,43.02696020134629,131.143798828125
12.586644118191586,43.026957861126164,131.143798828125
12.586644934859132,43.026955628589214,131.143798828125
12.586645789541734,43.026953263551405,131.143798828125
12.586646539179027,43.0269510030271,131.143798828125
12.586647371174474,43.02694864479124,131.143798828125
12.586648168857929,43.026946408947566,131.143798828125
12.586648929252872,43.02694407110042,131.143798828125
12.586649715522432,43.026941870285896,131.143798828125
12.58665053481494,43.026939577953506,131.143798828125
12.586651309483107,43.02693739099129,131.143798828125
12.586652054573593,43.02693508592026,131.143798828125
12.586652819327847,43.0269328912052,131.143798828125
12.586653618112846,43.026930589380946,131.143798828125
12.586654316305593,43.02692839258418,131.143798828125
12.586655106020416,43.02692609222481,131.143798828125
12.586655850595282,43.02692391348663,131.143798828125
12.586656621021323,43.02692164081478,131.143798828125
12.586657309042337,43.02691949456143,131.143798828125
12.586658055117185,43.02691725546243,131.143798828125
12.586658765989437,43.02691516892744,131.143798828125
12.586659483541276,43.02691302335945,131.143798828125
12.586660209225801,43.026911034664515,131.143798828125
12.586660978854988,43.02690898011749,131.143798828125
12.586661714594054,43.02690703763979,131.143798828125
12.586662469926585,43.026904989492074,131.143798828125
12.586663232079328,43.02690305121203,131.143798828125
12.586664042184479,43.02690102333309,131.143798828125
12.586664790720222,43.02689912138007,131.143798828125
12.586665595505128,43.026897086733435,131.143798828125
12.586666346829894,43.02689513428837,131.143798828125
12.586667122974601,43.02689306278788,131.143798828125
12.586667836190552,43.0268910831736,131.143798828125
12.586668558546991,43.02688899256086,131.143798828125
12.586669231497918,43.02688702334227,131.143798828125
12.58666991515963,43.02688499854305,131.143798828125
12.586670590805843,43.02688312634641,131.143798828125
12.586671305779598,43.02688120824948,131.143798828125
12.586672001745821,43.02687939420344,131.143798828125
12.586672693024607,43.026877507691864,131.143798828125
12.586673389272066,43.02687568482215,131.143798828125
12.58667410579266,43.0268737670893,131.143798828125
12.586674731986472,43.02687196242807,131.143798828125
12.586675417382525,43.026870058676046,131.143798828125
12.586676045685678,43.0268682665136,131.143798828125
12.58667669039484,43.02686640333767,131.143798828125
12.586677284643823,43.02686464627291,131.143798828125
12.586677920423439,43.02686281687325,131.143798828125
12.586678536187726,43.02686109048793,131.143798828125
12.586679146420849,43.02685930718557,131.143798828125
12.586679787989441,43.0268576015059,131.143798828125
12.586680467291842,43.026855804953044,131.143798828125
12.586681102532395,43.02685409535198,131.143798828125
12.586681717710748,43.02685231732026,131.143798828125
12.586682338396836,43.02685060489006,131.143798828125
12.586682997426106,43.02684879055489,131.143798828125
12.586683635643187,43.026847058115045,131.143798828125
12.586684327250094,43.026845211869,131.143798828125
12.586684986935602,43.02684344715954,131.143798828125
12.586685678355014,43.02684158550846,131.143798828125
12.586686322876686,43.02683982040066,131.143798828125
12.586687018092919,43.02683793943385,131.143798828125
12.586687697606267,43.02683613115854,131.143798828125
12.586688411080045,43.02683423563693,131.24378967285156
12.586689127225657,43.02683238856795,131.24378967285156
12.586689882769116,43.02683042646771,131.24378967285156
12.586690594555407,43.02682854698421,131.24378967285156
12.58669126734227,43.02682656922816,131.24378967285156
12.5866919085124,43.026824643817946,131.24378967285156
12.586692502011351,43.02682257770482,131.24378967285156
12.586692923762842,43.02682058972249,131.143798828125
12.586693271429493,43.02681845760576,131.143798828125
12.586693467328868,43.02681640514685,131.143798828125
12.586693531523174,43.026814227420594,131.143798828125
12.58669348876206,43.026812145920644,131.143798828125
12.58669342803641,43.02680995958166,131.143798828125
12.586693438817528,43.02680787589506,131.143798828125
12.58669349929712,43.02680567931675,131.143798828125
12.586693633357633,43.026803579239946,131.143798828125
12.586693782886654,43.02680135683737,131.143798828125
12.586693907443385,43.02679921781001,131.143798828125
12.586693957387952,43.02679697521149,131.143798828125
12.586694035656322,43.02679479522041,131.143798828125
12.586694114463752,43.02679249062375,131.143798828125
12.586694164490355,43.02679028571755,131.143798828125
12.586694239418923,43.02678797508245,131.143798828125
12.58669428907052,43.02678575846453,131.143798828125
12.586694331327708,43.02678340647806,131.143798828125
12.586694344042375,43.026781141434284,131.143798828125
12.586694444505744,43.02677875628703,131.143798828125
12.586694582702922,43.02677645983805,131.143798828125
12.586694711267425,43.02677402102826,131.143798828125
12.586694893795963,43.02677165380326,131.143798828125
12.586695080648646,43.02676912724764,131.143798828125
12.586695246009466,43.0267666943328,131.143798828125
12.586695374351303,43.02676409232024,131.143798828125
12.586695509736,43.02676156730822,131.143798828125
12.586695642706676,43.02675884744705,131.143798828125
12.586695786212358,43.02675618627835,131.143798828125
12.586695935542174,43.02675335670799,131.143798828125
12.586696076563504,43.026750636919644,131.143798828125
12.586696177976027,43.02674776142118,131.143798828125
12.586696169351098,43.02674501495192,131.143798828125
12.586695977752322,43.02674212991017,131.143798828125
12.586695636085468,43.0267393875572,131.143798828125
12.586695079828045,43.0267365013868,131.143798828125
12.586694394642839,43.02673375887962,131.143798828125
12.5866934410202,43.026730877476595,131.143798828125
12.586692296935542,43.02672815352487,131.143798828125
12.586690827027612,43.026725307146705,131.143798828125
12.586689226223193,43.026722677197185,131.143798828125
12.58668731030628,43.026719998040655,131.143798828125
12.586685268391246,43.02671754940066,131.143798828125
12.586683008487277,43.02671506395391,131.143798828125
12.586680723669623,43.02671278002548,131.143798828125
12.586678185543233,43.02671045865637,131.143798828125
12.586675577105385,43.026708339311,131.143798828125
12.586672744327133,43.02670619725108,131.143798828125
12.58666995293891,43.02670421850206,131.143798828125
12.586666901632702,43.02670219560892,131.143798828125
12.586664099838424,43.026700195588795,131.143798828125
12.586661211631379,43.026698037701884,131.143798828125
12.586658522640109,43.02669594044137,131.143798828125
12.586655640222013,43.02669372618573,131.143798828125
12.58665294445738,43.026691642803264,131.143798828125
12.586650053601893,43.02668949417696,131.143798828125
12.586647175496214,43.02668747393949,131.143798828125
12.586644152127077,43.02668538211885,131.143798828125
12.586641236850088,43.02668341925246,131.143798828125
12.586638133255574,43.02668139828683,131.143798828125
12.586635121206575,43.02667950774037,131.143798828125
12.586631899676304,43.02667761936127,131.143798828125
12.586628754457397,43.02667588956858,131.143798828125
12.586625286344848,43.026674158996315,131.143798828125
12.586621977487752,43.02667256988564,131.143798828125
12.586618447383955,43.0266709600179,131.143798828125
12.586615064324857,43.0266694780507,131.143798828125
12.586611509190192,43.02666794625111,131.143798828125
12.58660810836573,43.02666655176686,131.143798828125
12.586604501997437,43.02666515075481,131.143798828125
12.586601002150989,43.026663889790846,131.143798828125
12.586597216160348,43.02666269951058,131.143798828125
12.586593520332437,43.026661695838335,131.143798828125
12.5865895578835,43.0266607981959,131.143798828125
12.586585754502513,43.02666009679041,131.143798828125
12.586581710164175,43.026659516672,131.143798828125
12.58657783785453,43.02665913462381,131.143798828125
12.5865737421654,43.02665894236187,131.143798828125
12.58656984358272,43.02665890454005,131.143798828125
12.586565744799895,43.026659050062335,131.143798828125
12.586561869584067,43.02665935789751,131.143798828125
12.586557833003457,43.02665987425426,131.143798828125
12.586554062504833,43.026660495432914,131.143798828125
12.58655017013302,43.02666130764853,131.143798828125
12.586546508406203,43.026662195413685,131.143798828125
12.586542702025286,43.02666317944263,131.143798828125
12.586539108453717,43.02666422343836,131.143798828125
12.586535377235757,43.026665478756975,131.143798828125
12.5865318886392,43.026666887007984,131.143798828125
12.586528318434487,43.02666846455372,131.143798828125
12.586525043959762,43.026670125873046,131.143798828125
12.586521683658189,43.02667207027832,131.143798828125
12.58651869469486,43.02667403302487,131.143798828125
12.586515743277856,43.026676245515844,131.143798828125
12.586513124902785,43.02667849755063,131.143798828125
12.586510540558463,43.02668105104689,131.143798828125
12.586508340325619,43.026683557889,131.143798828125
12.586506273825167,43.02668629728222,131.143798828125
12.58650454062445,43.026689022403346,131.143798828125
12.58650297884307,43.02669191868675,131.143798828125
12.586501737939733,43.02669474387527,131.143798828125
12.586500687088252,43.02669778020675,131.143798828125
12.58649993576357,43.026700756203105,131.143798828125
12.586499358998788,43.02670387099681,131.143798828125
12.586499023871042,43.02670684964025,131.143798828125
12.586498887396584,43.02671002491043,131.143798828125
12.586498919036787,43.02671301701213,131.143798828125
12.586499033621038,43.02671617066001,131.143798828125
12.58649919594678,43.02671917363711,131.143798828125
12.586499433013596,43.02672233832315,131.143798828125
12.586499702822094,43.02672535654038,131.143798828125
12.586499950716831,43.026728548305705,131.143798828125
12.586500108636335,43.026731619002426,131.143798828125
12.586500274594782,43.02673484827268,131.143798828125
12.586500393632065,43.02673791953478,131.143798828125
12.586500501255461,43.02674114581955,131.143798828125
12.586500637144084,43.02674421660836,131.143798828125
12.586500856515864,43.02674747081834,131.143798828125
12.586501190800009,43.02675057909709,131.143798828125
12.586501599684604,43.026753860547,131.143798828125
12.586502189058708,43.026756972935594,131.143798828125
12.58650297968765,43.02676022192204,131.143798828125
12.586503895260048,43.02676328241689,131.143798828125
12.586504946627304,43.026766490002714,131.143798828125
12.586506170023258,43.02676949994986,131.143798828125
12.586507637118713,43.02677263873025,131.143798828125
12.586509123057631,43.02677560997206,131.143798828125
12.58651090203125,43.026778698678264,131.143798828125
12.586512705238874,43.02678161247012,131.143798828125
12.586514711201296,43.02678465147223,131.143798828125
12.586516695273412,43.026787498240175,131.143798828125
12.586518867733323,43.02679047721504,131.143798828125
12.586520914991945,43.026793333191115,131.143798828125
12.586522956555333,43.02679634319291,131.143798828125
12.586524917096497,43.026799271673106,131.143798828125
12.58652696032394,43.02680238372332,131.143798828125
12.586528900052926,43.026805374193074,131.143798828125
12.58653091206209,43.026808480242345,131.143798828125
12.586532882845297,43.02681151919629,131.143798828125
12.586534960126915,43.026814752888036,131.143798828125
12.586536835614641,43.02681786806939,131.143798828125
12.58653877815602,43.02682118282175,131.143798828125
12.586540469544873,43.02682441133041,131.143798828125
12.586542086825462,43.02682788531642,131.143798828125
12.586543505265293,43.026831247220386,131.143798828125
12.586544951735982,43.02683480259766,131.143798828125
12.586546315286027,43.02683819050409,131.143798828125
12.586547612063606,43.026841781564535,131.143798828125
12.586548917442611,43.0268451344402,131.143798828125
12.586550226055927,43.02684863336492,131.24378967285156
12.58655132825821,43.02685196096996,131.24378967285156
12.586552106066824,43.02685554694395,131.24378967285156
12.586552554349037,43.02685893245333,131.24378967285156
12.586552622222893,43.02686251004909,131.143798828125
12.58655238449981,43.0268658962438,131.143798828125
12.586552174784183,43.02686941579172,131.143798828125
12.586552023638026,43.026872750701976,131.143798828125
12.586551934061259,43.02687625216994,131.143798828125
12.586551817836437,43.02687957990989,131.143798828125
12.586551911467856,43.02688306065932,131.143798828125
12.586551997318146,43.02688636756511,131.143798828125
12.586551992208857,43.02688991113831,131.143798828125
12.586552049512708,43.02689321759007,131.143798828125
12.586552108011846,43.02689668444864,131.143798828125
12.586552166721917,43.026899971059954,131.143798828125
12.58655215631583,43.02690345192077,131.143798828125
12.586552230939727,43.0269067006802,131.143798828125
12.586552319414983,43.02691009209201,131.143798828125
12.586552329422652,43.02691331785847,131.143798828125
12.586552451553654,43.02691665313282,131.143798828125
12.586552571247193,43.0269198065194,131.143798828125
12.58655269497192,43.02692310902619,131.143798828125
12.586552782251873,43.026926250813496,131.143798828125
12.586552932109027,43.02692951012708,131.143798828125
12.586553088950449,43.02693258147913,131.143798828125
12.586553239745086,43.026935775548864,131.143798828125
12.586553406148864,43.026938778984274,131.143798828125
12.586553579021299,43.02694190212189,131.143798828125
12.586553753323404,43.026944834907866,131.143798828125
12.586553905571149,43.026947907596316,131.143798828125
12.586554115568036,43.02695076520111,131.143798828125
12.586554355634783,43.02695373778789,131.143798828125
12.586554550280328,43.026956576331834,131.143798828125
12.586554802792211,43.02695951972336,131.143798828125
12.586555109490833,43.026962297401035,131.143798828125
12.586555615194365,43.02696518037176,131.143798828125
12.586556334550993,43.026967866188905,131.143798828125
12.586557380691815,43.026970612992216,131.143798828125
12.58655862361095,43.02697312470869,131.143798828125
12.586560130596455,43.02697565439804,131.143798828125
12.586561657105017,43.02697798974373,131.143798828125
12.586563162004438,43.02698048825045,131.143798828125
12.586564418657579,43.02698298528372,131.143798828125
12.58656571529457,43.026985653444946,131.143798828125
12.586566948487237,43.026988170027295,131.143798828125
12.586568317849736,43.02699073280119,131.143798828125
12.586569723258544,43.02699304491402,131.143798828125
12.586571169237025,43.02699549890824,131.143798828125
12.58657251108424,43.0269978312042,131.143798828125
12.586573897485488,43.02700030034432,131.143798828125
12.586575149849686,43.027002734977835,131.143798828125
12.586576492775048,43.02700526394764,131.143798828125
12.586577775256002,43.0270076832468,131.143798828125
12.586579146001256,43.02701024624345,131.143798828125
12.58658043457585,43.02701265946027,131.143798828125
12.586581782165187,43.02701518323866,131.143798828125
12.586583046927627,43.027017577797245,131.143798828125
12.58658431811185,43.0270201006333,131.143798828125
12.586585537289043,43.02702247218177,131.143798828125
12.586586822254333,43.027024951978824,131.143798828125
12.586588072181096,43.02702729645659,131.143798828125
12.586589466199475,43.02702972807461,131.143798828125
12.586590876834812,43.02703200102057,131.143798828125
12.586592472318971,43.02703433867924,131.143798828125
12.586594085755996,43.0270365100415,131.143798828125
12.586595933798915,43.02703874817247,131.143798828125
12.586597834856674,43.02704080539227,131.143798828125
12.586599987793502,43.027042884182954,131.143798828125
12.586602171268936,43.02704475240464,131.143798828125
12.58660461576393,43.02704659554306,131.143798828125
12.586607069211906,43.02704823294409,131.143798828125
12.586609796522994,43.027049806917404,131.143798828125
12.586612460061582,43.02705119492522,131.143798828125
12.58661535145615,43.02705250363982,131.143798828125
12.586618205398143,43.02705356883797,131.143798828125
12.586621224361116,43.027054586885114,131.143798828125
12.586624154005097,43.02705542729357,131.143798828125
12.586627292708467,43.02705617929388,131.143798828125
12.586630365764377,43.027056743906606,131.143798828125
12.586633570044896,43.02705722681033,131.143798828125
12.586636641882063,43.0270575422526,131.143798828125
12.586639927091053,43.02705769388278,131.143798828125
12.586643011513953,43.02705771284934,131.143798828125
12.586646230161413,43.02705757723872,131.143798828125
12.58664925669453,43.02705730240241,131.143798828125
12.586652415038179,43.02705683341086,131.143798828125
12.58665533404163,43.02705626119078,131.143798828125
12.586658325231507,43.02705549873901,131.143798828125
12.586661144181749,43.027054593275054,131.143798828125
12.58666396001485,43.02705353254861,131.143798828125
12.586666551202851,43.02705239544163,131.143798828125
12.5866691722029,43.02705107310587,131.143798828125
12.586671573573396,43.02704967195667,131.143798828125
12.586673941264694,43.027048117549555,131.143798828125
12.586676048311421,43.027046532764984,131.143798828125
12.586678105929197,43.02704473518406,131.143798828125
12.586679900863384,43.02704298518251,131.143798828125
12.586681664485573,43.027041108582566,131.143798828125
12.586683328898342,43.027039333549205,131.143798828125
12.586685146097935,43.02703750696157,131.143798828125
12.586686963930324,43.027035808017466,131.143798828125
12.586688944229033,43.02703404292145,131.143798828125
12.586690875755014,43.027032336438666,131.143798828125
12.586692886897,43.027030572130776,131.143798828125
12.586694800013108,43.02702889599119,131.143798828125
12.586696814576932,43.02702713851951,131.143798828125
12.586698805926256,43.02702548509875,131.143798828125
12.586700893485084,43.02702373283562,131.143798828125
12.58670289710375,43.02702206795263,131.143798828125
12.586705106899045,43.027020292182534,131.143798828125
12.586707163708343,43.0270186708697,131.143798828125
12.58670937748797,43.0270170273349,131.143798828125
12.586711560037607,43.027015525407336,131.143798828125
12.586713982032894,43.027014026512376,131.143798828125
12.586716326064497,43.02701265339342,131.143798828125
12.586718868409553,43.027011276539405,131.143798828125
12.586721398836824,43.027010042269225,131.143798828125
12.58672409349995,43.0270088302553,131.143798828125
12.586726776632013,43.02700784513849,131.143798828125
12.586729719213334,43.027007051881114,131.143798828125
12.586732632064601,43.0270065562816,131.143798828125
12.586735711354779,43.027006222883585,131.143798828125
12.586738627955942,43.02700607526262,131.143798828125
12.586741663887361,43.02700613445844,131.143798828125
12.586744479767358,43.02700625759597,131.143798828125
12.586747396544306,43.02700651027884,131.143798828125
12.586750151405688,43.027006880702174,131.143798828125
12.586753078928565,43.02700748492736,131.143798828125
12.5867557738963,43.02700814785145,131.143798828125
12.586758535964586,43.027009012469456,131.143798828125
12.586761102977164,43.027010045628344,131.143798828125
12.5867636460604,43.027011241108696,131.143798828125
12.586765941424657,43.02701251264403,131.143798828125
12.586768216750146,43.02701397922555,131.143798828125
12.586770262614191,43.027015524980314,131.143798828125
12.586772233795747,43.027017218373274,131.143798828125
12.586773943606177,43.02701892704918,131.143798828125
12.586775585132443,43.02702085938398,131.143798828125
12.586776877433431,43.02702272265418,131.143798828125
12.586778007877465,43.02702473668083,131.143798828125
12.586778888375997,43.027026696668855,131.143798828125
12.586779674551712,43.02702882305608,131.143798828125
12.58678017418481,43.0270308642905,131.143798828125
12.58678048186763,43.02703304973642,131.143798828125
12.586780577397349,43.02703521290895,131.143798828125
12.586780439739124,43.02703742396923,131.143798828125
12.58678009916205,43.027039511943435,131.143798828125
12.586779517440121,43.027041679879034,131.143798828125
12.586778739502357,43.027043734957175,131.143798828125
12.5867777419702,43.02704580583228,131.143798828125
12.58677659803788,43.02704771956017,131.143798828125
12.586775197878895,43.02704968208389,131.143798828125
12.586773655245464,43.027051442211196,131.143798828125
12.586771832057618,43.02705318301206,131.143798828125
12.586769926171797,43.02705471980599,131.143798828125
12.586767778027857,43.027056203280885,131.143798828125
12.58676557241603,43.027057481840785,131.143798828125
12.586763115593106,43.02705868026794,131.143798828125
12.586760704261698,43.02705968651019,131.143798828125
12.58675803007093,43.02706057386405,131.143798828125
12.586755409809054,43.02706127415586,131.143798828125
12.586752589511107,43.02706186498263,131.143798828125
12.586749868891362,43.02706228015819,131.143798828125
12.586746970571141,43.02706256205332,131.143798828125
12.58674418160867,43.02706269279795,131.143798828125
12.586741277101057,43.02706268330602,131.143798828125
12.58673846729126,43.0270626096154,131.143798828125
12.58673551853431,43.02706244659143,131.143798828125
12.586732717407976,43.02706220221825,131.143798828125
12.586729811072274,43.02706181229716,131.143798828125
12.586727027113666,43.027061335389995,131.143798828125
12.586724141484709,43.02706069528755,131.143798828125
12.586721519840124,43.027059926496435,131.143798828125
12.586718811220274,43.02705897881589,131.143798828125
12.586716333854813,43.02705793021985,131.143798828125
12.586713853688618,43.02705667019812,131.143798828125
12.586711663135315,43.02705533155141,131.143798828125
12.586709479378792,43.02705380803573,131.143798828125
12.586707554473898,43.027052243297184,131.143798828125
12.586705788941638,43.027050485311456,131.143798828125
12.586704189285818,43.02704870333904,131.143798828125
12.58670267192955,43.027046733550705,131.143798828125
12.586701378269167,43.02704478182095,131.143798828125
12.586700255149218,43.027042662526924,131.143798828125
12.586699254230577,43.02704057482683,131.143798828125
12.586698357314301,43.02703831711236,131.143798828125
12.586697750807769,43.02703613547004,131.143798828125
12.586697157133077,43.027033788610716,131.143798828125
12.586696738065163,43.02703152822349,131.143798828125
12.58669643235101,43.027029131471835,131.143798828125
12.586696275017438,43.02702684512755,131.143798828125
12.586696079035983,43.027024438952544,131.143798828125
12.586695908976026,43.02702213323044,131.143798828125
12.586695827684283,43.02701970647826,131.143798828125
12.586695715783616,43.02701735360513,131.143798828125
12.586695622761573,43.02701486702327,131.143798828125
12.58669555662194,43.027012503630274,131.143798828125
12.586695568469427,43.027010052977054,131.143798828125
12.586695551641562,43.02700768314191,131.24378967285156
12.586695544352608,43.02700517742206,131.24378967285156
12.586695566653049,43.027002815948,131.24378967285156
12.586695545501007,43.02700027289457,131.24378967285156
12.586695503361,43.026997847495934,131.3437957763672
12.586695430623784,43.0269952862126,131.3437957763672
12.586695348792956,43.02699285493721,131.3437957763672
12.58669522687288,43.02699024687981,131.3437957763672
12.586695084878889,43.02698774636851,131.3437957763672
12.586694897416823,43.02698511055506,131.3437957763672
12.586694719060093,43.026982556227864,131.3437957763672
12.5866945247661,43.026979838122884,131.3437957763672
12.586694330577576,43.02697723534254,131.3437957763672
12.586694083620284,43.02697452001317,131.3437957763672
12.586693779710682,43.026971893811535,131.3437957763672
12.58669330384267,43.02696912224189,131.3437957763672
12.586692623051894,43.02696652444738,131.3437957763672
12.586691664460542,43.02696376540224,131.3437957763672
12.586690458970502,43.026961169449585,131.3437957763672
12.586688866134658,43.02695849729631,131.3437957763672
12.586687086223476,43.026956053427966,131.3437957763672
12.586684931880368,43.02695362390882,131.3437957763672
12.586682629930085,43.02695144865733,131.3437957763672
12.586679906743884,43.02694935027466,131.3437957763672
12.58667715184723,43.026947502921466,131.3437957763672
12.58667406904141,43.02694574127788,131.3437957763672
12.58667100165726,43.026944208784414,131.3437957763672
12.58666759049701,43.02694276526447,131.3437957763672
12.58666446330133,43.02694129076737,131.3437957763672
12.586661254380315,43.02693963601015,131.3437957763672
12.586658186316576,43.02693803816141,131.3437957763672
12.586655140658742,43.02693624028926,131.3437957763672
12.586652291404235,43.02693451336637,131.3437957763672
12.58664933579193,43.02693268502254,131.3437957763672
12.586646464272125,43.02693100092449,131.3437957763672
12.586643513792554,43.0269292023927,131.3437957763672
12.586640720857512,43.02692747376503,131.3437957763672
12.586637711128807,43.02692558956644,131.3437957763672
12.586634905654869,43.0269238187907,131.3437957763672
12.586631926511632,43.02692195065464,131.3437957763672
12.58662905780426,43.02692017621237,131.3437957763672
12.586625932600706,43.02691830369873,131.3437957763672
12.586623041370245,43.02691651544698,131.3437957763672
12.58662001516523,43.0269146182613,131.3437957763672
12.586617119130159,43.026912782909925,131.3437957763672
12.586614143010339,43.02691085759984,131.3437957763672
12.586611327669381,43.0269090211862,131.3437957763672
12.586608385674056,43.026907088089,131.3437957763672
12.586605575700208,43.026905246235515,131.3437957763672
12.586602661571657,43.02690329573082,131.3437957763672
12.586599897347119,43.02690142895686,131.3437957763672
12.586596976726469,43.02689947091777,131.3437957763672
12.586594221806488,43.02689759736758,131.3437957763672
12.586591360200607,43.0268956348567,131.3437957763672
12.586588688716898,43.026893784912005,131.3437957763672
12.586585940945257,43.026891863157104,131.3437957763672
12.586583349100978,43.026890050580256,131.3437957763672
12.586580643328706,43.02688815213957,131.3437957763672
12.58657808797608,43.02688632135424,131.3437957763672
12.586575463296374,43.026884396146954,131.3437957763672
12.586573061011821,43.0268825410194,131.3437957763672
12.586570661094425,43.026880562128994,131.3437957763672
12.586568529204303,43.02687864395495,131.3437957763672
12.586566445946284,43.026876588761105,131.3437957763672
12.586564656051108,43.02687455747258,131.3437957763672
12.58656302292705,43.02687233761857,131.3437957763672
12.58656168782982,43.02687015489255,131.3437957763672
12.586560553565546,43.026867801179876,131.3437957763672
12.586559729890405,43.02686553015282,131.3437957763672
12.58655917698468,43.02686315783762,131.3437957763672
12.586558874668988,43.02686088518933,131.3437957763672
12.586558859622478,43.026858510066404,131.3437957763672
12.586559204055002,43.02685626815966,131.3437957763672
12.58655984039724,43.02685394038051,131.3437957763672
12.586560717274946,43.02685178138211,131.3437957763672
12.586561890398237,43.026849596797206,131.3437957763672
12.586563240964185,43.02684761469221,131.3437957763672
12.58656482060485,43.02684564090975,131.3437957763672
12.586566488134826,43.026843855828766,131.3437957763672
12.586568410520371,43.02684208961484,131.3437957763672
12.586570337687077,43.02684048327338,131.3437957763672
12.58657243029661,43.026838865624946,131.3437957763672
12.586574423743539,43.02683737667268,131.3437957763672
12.586576497650183,43.02683581666566,131.3437957763672
12.586578372036357,43.0268343103075,131.3437957763672
12.586580270000306,43.02683269318856,131.3437957763672
12.586582094184111,43.026831097387806,131.3437957763672
12.58658392884433,43.02682945906313,131.3437957763672
12.586585663966968,43.026827889337,131.3437957763672
12.586587490517935,43.026826229894866,131.3437957763672
12.586589258874456,43.026824624981316,131.3437957763672
12.586591045793197,43.02682296956477,131.3437957763672
12.586592727361943,43.02682140346312,131.3437957763672
12.586594505983932,43.026819743337306,131.24378967285156
12.586596128373868,43.02681820654548,131.24378967285156
12.586597797263115,43.026816604356675,131.24378967285156
12.586599366005418,43.02681508973327,131.24378967285156
12.586601003301391,43.026813468378656,131.24378967285156
12.586602537591082,43.026811977943275,131.24378967285156
12.58660412498936,43.02681042716098,131.24378967285156
12.586605556413398,43.026808940690906,131.24378967285156
12.586607146460086,43.02680741579605,131.24378967285156
12.586608682273203,43.02680597772022,131.24378967285156
12.586610320014486,43.02680448450281,131.24378967285156
12.58661184935894,43.02680306423927,131.3437957763672
12.586613481334679,43.02680162727712,131.3437957763672
12.586615022983638,43.026800299617236,131.3437957763672
12.586616599764888,43.026798879128805,131.3437957763672
12.586618131968681,43.02679757275712,131.3437957763672
12.586619764788171,43.026796179123075,131.3437957763672
12.586621354998929,43.0267948385532,131.3437957763672
12.586623058622061,43.02679335048862,131.3437957763672
12.586624739229913,43.02679197113095,131.3437957763672
12.586626548671786,43.02679049535207,131.3437957763672
12.586628282950707,43.02678904460503,131.3437957763672
12.586630161696236,43.026787508305226,131.3437957763672
12.586631979833289,43.02678601938238,131.3437957763672
12.586633919773215,43.02678443338085,131.3437957763672
12.586635782651786,43.02678290222106,131.3437957763672
12.586637779239314,43.026781313731185,131.3437957763672
12.586639726726023,43.026779824570305,131.3437957763672
12.58664183658533,43.02677828462843,131.3437957763672
12.586643972389558,43.02677689940581,131.3437957763672
12.58664631029234,43.02677548850324,131.3437957763672
12.586648596867752,43.026774174453685,131.3437957763672
12.586651028847252,43.026772761067555,131.3437957763672
12.58665341847582,43.026771451499954,131.3437957763672
12.586655985148637,43.02677008289349,131.3437957763672
12.586658471619524,43.026768810740364,131.3437957763672
12.586661179618366,43.026767569537604,131.3437957763672
12.586663816719813,43.026766452129785,131.3437957763672
12.586666652193315,43.02676534409391,131.3437957763672
12.586669402941519,43.026764344254154,131.3437957763672
12.586672360733527,43.026763413769174,131.3437957763672
12.586675259932655,43.02676261063005,131.3437957763672
12.586678379722244,43.02676180745342,131.3437957763672
12.58668139404464,43.02676107378682,131.3437957763672
12.586684599801691,43.026760292878194,131.3437957763672
12.586687674006013,43.026759526669984,131.3437957763672
12.586690944683982,43.02675871024818,131.3437957763672
12.586694115824377,43.02675796189082,131.3437957763672
12.586697526176064,43.0267572131908,131.3437957763672
12.586700857064084,43.02675654788957,131.3437957763672
12.586704417753374,43.02675598140498,131.3437957763672
12.586707860905346,43.02675553278295,131.3437957763672
12.586711524554035,43.026755177668385,131.3437957763672
12.586715045786871,43.0267549126967,131.3437957763672
12.586718789016409,43.026754758687105,131.3437957763672
12.586722393615197,43.02675469451413,131.3437957763672
12.586726235304207,43.02675465814857,131.3437957763672
12.586729899257568,43.02675463446385,131.3437957763672
12.58673375088391,43.02675462991924,131.3437957763672
12.58673741368884,43.02675466528895,131.3437957763672
12.586741289408586,43.026754779538514,131.3437957763672
12.58674498183809,43.02675492972958,131.3437957763672
12.58674888920971,43.026755145397935,131.3437957763672
12.586752633845459,43.02675542713253,131.3437957763672
12.586756516162744,43.026755855961355,131.3437957763672
12.586760180748888,43.0267563873162,131.3437957763672
12.58676398596965,43.02675709732919,131.3437957763672
12.586767537998863,43.02675791547509,131.3437957763672
12.586771180694685,43.026758903142756,131.3437957763672
12.586774552585936,43.02675997177197,131.3437957763672
12.586777998796412,43.026761230035355,131.3437957763672
12.58678123213896,43.02676247422795,131.3437957763672
12.586784593014784,43.02676382208809,131.3437957763672
12.586787785447806,43.02676509794953,131.3437957763672
12.586791108665988,43.02676644319573,131.3437957763672
12.586794286890221,43.026767652599005,131.3437957763672
12.586797613301709,43.026768901706724,131.3437957763672
12.586800775782041,43.02677011392844,131.3437957763672
12.586804051844664,43.026771376636844,131.3437957763672
12.586807103414516,43.02677262051515,131.3437957763672
12.586810221575176,43.02677399054264,131.3437957763672
12.586813146016071,43.026775327771524,131.3437957763672
12.586816154690098,43.026776752725475,131.3437957763672
12.586819001020837,43.02677810371959,131.3437957763672
12.586821967297052,43.026779517447544,131.3437957763672
12.586824764995688,43.02678084378051,131.3437957763672
12.586827657608925,43.02678221333186,131.3437957763672
12.58683035099465,43.02678349929797,131.3437957763672
12.586833129539281,43.026784826864144,131.3437957763672
12.586835750334306,43.02678607181111,131.3437957763672
12.58683847424692,43.026787340360876,131.3437957763672
12.586840905376707,43.026788430202686,131.3437957763672
12.586843113106417,43.026789386378,131.3437957763672
12.586844796060712,43.02679006823642,131.3437957763672
12.58684612763647,43.026790569782314,131.3437957763672
12.58684710557496,43.02679089075652,131.3437957763672
12.586847897214506,43.02679112254089,131.3437957763672
12.586848587087044,43.02679130748479,131.3437957763672
12.586849319181626,43.02679141331542,131.3437957763672
12.586850044174753,43.026791597814956,131.3437957763672
12.586850806005202,43.0267917827171,131.3437957763672
12.586851474163206,43.026791925618944,131.3437957763672
12.586851992428914,43.0267919713061,131.3437957763672
12.58685244915451,43.026791999107104,131.3437957763672
12.586852826700621,43.02679197731131,131.3437957763672
12.586853133721423,43.026791897838216,131.3437957763672
12.586853349650813,43.02679183214783,131.3437957763672
12.586853498066562,43.02679176240648,131.3437957763672
12.586853615076532,43.02679169377452,131.3437957763672
12.586853685273725,43.026791599285104,131.3437957763672
12.586853803707507,43.02679153801728,131.3437957763672
12.586853912690257,43.02679147965783,131.3437957763672
12.586853947925073,43.02679138438243,131.3437957763672
12.586854001959416,43.0267913158115,131.3437957763672
12.586854029275406,43.02679123029888,131.3437957763672
12.586854042095524,43.026791144716675,131.3437957763672
12.586854013089111,43.02679102052444,131.3437957763672
12.586853975601372,43.02679095042972,131.3437957763672
12.586853888951277,43.026790886255654,131.3437957763672
12.586853778169713,43.02679080910734,131.3437957763672
12.586853685563673,43.026790766530944,131.3437957763672
12.586853628207123,43.02679073985858,131.3437957763672
12.586853618797132,43.02679072188676,131.3437957763672
12.586853654655995,43.02679070249394,131.3437957763672
12.586853726203769,43.02679066760398,131.3437957763672
12.586853828955174,43.02679063477218,131.3437957763672
12.586853962942438,43.02679060546985,131.3437957763672
12.586854063303242,43.026790564138814,131.3437957763672
12.586854134074645,43.02679049958352,131.3437957763672
12.586854180565163,43.0267904207422,131.3437957763672
12.586854243722426,43.026790321095646,131.3437957763672
12.58685426051221,43.02679023740668,131.3437957763672
12.586854236260596,43.026790159581594,131.3437957763672
12.586854178039768,43.02679010768892,131.3437957763672
12.586854105607246,43.02678999887707,131.3437957763672
12.586854017413241,43.02678987661125,131.4438018798828
12.586853904036012,43.026789732028156,131.4438018798828
12.586853791276939,43.026789589852314,131.4438018798828
12.586853652657888,43.026789383303196,131.4438018798828
12.586853484068579,43.026789170957656,131.4438018798828
12.586853276116566,43.02678894724949,131.4438018798828
12.586852986404043,43.02678870200041,131.54379272460938
12.586852600675366,43.02678843646866,131.54379272460938
12.586852152961285,43.02678820225991,131.54379272460938
12.586851650940401,43.02678798577562,131.54379272460938
12.586851080670538,43.02678785474131,131.54379272460938
12.586850436585372,43.0267878029247,131.4438018798828
12.586849830778943,43.026787807627834,131.4438018798828
12.58684919717606,43.02678789086174,131.4438018798828
12.586848606791285,43.026788043768455,131.4438018798828
12.586848016696555,43.02678827552771,131.4438018798828
12.586847460143296,43.026788527356004,131.4438018798828
12.586846789796759,43.02678879372409,131.4438018798828
12.58684596460092,43.02678906948449,131.4438018798828
12.58684480507409,43.0267894078684,131.4438018798828
12.586843426679408,43.02678979828314,131.4438018798828
12.58684167371804,43.026790276083354,131.4438018798828
12.586839716800728,43.02679081690972,131.4438018798828
12.586837454371375,43.026791448741,131.4438018798828
12.586835086334233,43.02679216473671,131.4438018798828
12.58683243801806,43.026793039993464,131.4438018798828
12.586829705316456,43.02679404674344,131.4438018798828
12.58682694751957,43.02679529319022,131.4438018798828
12.586824461113244,43.026796733785844,131.4438018798828
12.5868221244938,43.026798536186654,131.4438018798828
12.586820138371134,43.02680050241343,131.4438018798828
12.586818608177268,43.026802727649496,131.4438018798828
12.586817577411484,43.026804939174546,131.4438018798828
12.586816645310131,43.0268073220653,131.4438018798828
12.58681573857355,43.0268095261416,131.4438018798828
12.58681458608084,43.02681183933599,131.4438018798828
12.586813319478532,43.02681404230292,131.4438018798828
12.58681193548545,43.02681647783381,131.4438018798828
12.586810681029558,43.02681882025135,131.4438018798828
12.586809578827317,43.02682140638988,131.4438018798828
12.586808809204149,43.026824006507084,131.4438018798828
12.586808578354255,43.026826801527875,131.4438018798828
12.586808881812846,43.02682945756899,131.4438018798828
12.586809776092721,43.0268321734115,131.4438018798828
12.586810955128097,43.02683463043477,131.4438018798828
12.58681260006472,43.02683698306152,131.4438018798828
12.58681442913531,43.02683903324106,131.4438018798828
12.586816699457154,43.0268410157979,131.4438018798828
12.586819005690572,43.02684265933689,131.4438018798828
12.586821670324905,43.0268441214186,131.4438018798828
12.586824398362566,43.026845245432305,131.4438018798828
12.58682745467851,43.026846102681716,131.4438018798828
12.586830373740602,43.02684670073979,131.4438018798828
12.586833438939168,43.026847083077065,131.4438018798828
12.586836329027053,43.026847228627034,131.4438018798828
12.586839305170312,43.02684729388587,131.4438018798828
12.58684214921303,43.02684750103689,131.4438018798828
12.586845227032558,43.02684800904972,131.4438018798828
12.586848265243285,43.026848583749796,131.4438018798828
12.586851462732874,43.026849204377925,131.4438018798828
12.586854493824529,43.026849724990065,131.4438018798828
12.586857639966238,43.0268501824422,131.4438018798828
12.586860642874734,43.0268504896669,131.4438018798828
12.586863815427199,43.02685065246378,131.4438018798828
12.586866861631442,43.02685071102772,131.4438018798828
12.586870183025919,43.02685082867606,131.4438018798828
12.586873230352193,43.02685075126962,131.4438018798828
12.58687638649715,43.02685050952638,131.4438018798828
12.586879362011972,43.02685017130519,131.4438018798828
12.586882361808435,43.026849675622046,131.4438018798828
12.58688521256295,43.02684921826841,131.4438018798828
12.586888258751285,43.02684880267091,131.4438018798828
12.586891257039765,43.02684852108414,131.4438018798828
12.586894447909652,43.02684821680635,131.4438018798828
12.586897509502577,43.02684791221156,131.4438018798828
12.586900665149514,43.0268475503785,131.4438018798828
12.586903665570723,43.02684705788854,131.54379272460938
12.586906779143563,43.02684640718699,131.54379272460938
12.586909673009195,43.026845607632886,131.54379272460938
12.586912596316226,43.026844550350205,131.54379272460938
12.586915023177456,43.02684338183246,131.54379272460938
12.586917173366025,43.02684229936499,131.4438018798828
12.586918829309019,43.026841542468894,131.4438018798828
12.586920140444652,43.02684102800236,131.4438018798828
12.586921099738891,43.02684072581915,131.4438018798828
12.586921898717186,43.026840489593994,131.4438018798828
12.586922524515458,43.0268401111298,131.4438018798828
12.586923130468323,43.02683972883525,131.4438018798828
12.586923635401202,43.02683936926276,131.4438018798828
12.58692404081408,43.026839193479844,131.4438018798828
12.586924376425264,43.026838957809424,131.4438018798828
12.586924642164453,43.026838754729845,131.4438018798828
12.586924830227066,43.02683859370302,131.4438018798828
12.586924935708877,43.02683846326888,131.4438018798828
12.586925019432222,43.02683832686163,131.54379272460938
12.586925069537909,43.02683818940174,131.54379272460938
12.586925079876604,43.02683807074573,131.54379272460938
12.586925054904295,43.026837919031955,131.54379272460938
12.586924972250225,43.02683775586987,131.54379272460938
12.586924824256311,43.02683756396551,131.54379272460938
12.58692462389208,43.0268373592529,131.54379272460938
12.586924369982746,43.02683715380676,131.54379272460938
12.586924082514347,43.0268369652327,131.54379272460938
12.586923701525858,43.02683673332194,131.54379272460938
12.58692335196366,43.0268365350445,131.54379272460938
12.58692294616108,43.026836305055895,131.54379272460938
12.586922515497536,43.02683606969169,131.54379272460938
12.58692193712134,43.026835780036684,131.54379272460938
12.58692139402392,43.02683552740741,131.54379272460938
12.586920764850634,43.026835257549465,131.54379272460938
12.586920048927663,43.02683496226455,131.54379272460938
12.586919315488354,43.02683466039773,131.54379272460938
12.586918594371133,43.0268343701163,131.54379272460938
12.586917821850378,43.02683405803479,131.54379272460938
12.58691704085123,43.026833729458666,131.54379272460938
12.586916238234245,43.02683337938339,131.54379272460938
12.586915461855154,43.02683302047963,131.54379272460938
12.586914622676217,43.02683262672126,131.54379272460938
12.58691382096742,43.026832297286354,131.54379272460938
12.586912962498237,43.02683198320079,131.54379272460938
12.586912142719408,43.0268316867401,131.54379272460938
12.586911276305036,43.026831348994946,131.54379272460938
12.586910443445337,43.02683100584423,131.54379272460938
12.586909535970523,43.02683061243735,131.54379272460938
12.58690863409426,43.02683020422416,131.54379272460938
12.5869076299412,43.0268297651376,131.54379272460938
12.586906638524772,43.026829335417766,131.54379272460938
12.586905566906415,43.02682887306035,131.54379272460938
12.586904538243964,43.02682841268786,131.54379272460938
12.586903447253336,43.02682793258845,131.54379272460938
12.586902393649362,43.02682747729072,131.54379272460938
12.586901259574669,43.026826982460975,131.54379272460938
12.586900207427469,43.0268265287246,131.54379272460938
12.586899122672605,43.02682604868007,131.54379272460938
12.586898106364474,43.02682559697774,131.54379272460938
12.586897041599302,43.02682511483879,131.54379272460938
12.5868960485606,43.02682468933178,131.54379272460938
12.586895011947469,43.02682425024924,131.54379272460938
12.586894006747814,43.02682383892541,131.54379272460938
12.586892988604266,43.026823395480825,131.54379272460938
12.58689204905154,43.02682297126416,131.54379272460938
12.586891135516453,43.02682255826023,131.54379272460938
12.586890388806479,43.02682223793011,131.54379272460938
12.586889751746806,43.02682197791693,131.54379272460938
12.58688924772863,43.02682180353413,131.4438018798828
12.586888764194855,43.02682167277822,131.4438018798828
12.586888367806834,43.02682156954919,131.4438018798828
12.586887984258865,43.02682148247157,131.3437957763672
12.586887643467502,43.02682141405164,131.3437957763672
12.586887328511027,43.026821403120564,131.24378967285156
12.586887088232643,43.02682135624048,131.24378967285156
12.586886888905541,43.0268212970019,131.143798828125
12.58688673845771,43.02682121212162,131.04379272460938
12.586886586658578,43.026821177336615,131.04379272460938
12.586886451367992,43.02682115785171,130.9438018798828
12.5868863378595,43.026821157013245,130.8437957763672
12.586886290882132,43.0268211768253,130.8437957763672
12.586886276793857,43.02682117905263,130.74378967285156
12.586886290398212,43.02682118831322,130.74378967285156
12.586886328571286,43.026821216631994,130.74378967285156
12.586886332388426,43.026821248428845,130.643798828125
12.586886320120904,43.02682129244176,130.643798828125
12.586886308007193,43.02682132841754,130.643798828125
12.586886317164899,43.02682137120115,130.54379272460938
12.586886324018623,43.026821401678724,130.54379272460938
12.586886333275388,43.02682144570504,130.54379272460938
12.586886330102583,43.026821516692834,130.54379272460938
12.586886354421008,43.026821558518044,130.4438018798828
12.586886384460295,43.02682160380902,130.4438018798828
12.58688642546945,43.02682165612146,130.4438018798828
12.586886485667044,43.02682170732344,130.4438018798828
12.586886542618226,43.02682174097604,130.4438018798828
12.58688658808337,43.02682178034475,130.4438018798828
12.58688663021861,43.02682182032491,130.3437957763672
12.586886675360581,43.026821844866305,130.3437957763672
12.586886734004363,43.02682185358612,130.3437957763672
12.586886781641466,43.02682186892797,130.3437957763672
12.586886830335075,43.02682190860348,130.3437957763672
12.586886859446398,43.026821936234235,130.3437957763672
12.586886883512692,43.02682196422533,130.3437957763672
12.586886914828026,43.02682198933105,130.3437957763672
12.586886962228016,43.02682198040081,130.24378967285156
12.586887002186526,43.026821964236554,130.24378967285156
12.586887033880691,43.02682194932037,130.24378967285156
12.586887044299047,43.02682195400474,130.24378967285156
12.586887042456484,43.026821976718765,130.24378967285156
12.586887042419502,43.026822002283346,130.143798828125
12.586887029958634,43.02682204479602,130.143798828125
12.586887064275212,43.02682205753736,130.04379272460938
12.586887131840133,43.026822067849494,130.04379272460938
12.586887219049052,43.026822076378174,129.9438018798828
12.58688731880251,43.02682207367485,129.9438018798828
12.586887396543165,43.02682208312926,129.8437957763672
12.586887438049613,43.02682210310462,129.8437957763672
12.5868874293654,43.02682211197543,129.8437957763672
12.586887402115675,43.026822157132,129.74378967285156
12.586887389685613,43.02682219664204,129.74378967285156
12.586887469323575,43.02682216611521,129.74378967285156
12.58688752608341,43.02682213878535,129.74378967285156
12.586887563000582,43.02682209164666,129.74378967285156
12.586887576860896,43.026822081858704,129.74378967285156
12.58688755719933,43.02682209717539,129.74378967285156
12.586887560194523,43.02682209897759,129.74378967285156
12.586887575950701,43.02682209151013,129.74378967285156
12.586887586272017,43.026822086134,129.74378967285156
12.586887583433011,43.02682209344406,129.74378967285156
12.586887585769944,43.02682209376477,129.74378967285156
12.586887586826812,43.02682209483775,129.74378967285156
12.586887561821202,43.02682211542455,129.74378967285156
12.586887562221829,43.026822118412184,129.74378967285156
12.586887557695347,43.02682212093347,129.74378967285156
12.586887554384298,43.02682212026153,129.74378967285156
12.586887541633205,43.02682212580202,129.74378967285156
12.586887542821177,43.026822130945774,129.74378967285156
12.586887546011193,43.026822133512034,129.74378967285156
12.58688753245317,43.026822147101996,129.74378967285156
12.586887534341688,43.026822147235315,129.74378967285156
12.586887539118841,43.02682214645629,129.74378967285156
12.586887542463943,43.02682214489554,129.74378967285156
12.586887535024117,43.026822144443656,129.74378967285156
12.586887545248935,43.02682213705383,129.74378967285156
12.586887547480957,43.026822126409186,129.74378967285156
12.586887570623329,43.02682210786178,129.3437957763672</coordinates></LineString></Placemark></kml>