<kml xmlns="http://www.opengis.net/kml/2.2" xmlns:gx="http://www.google.com/kml/ext/2.2" xmlns:kml="http://www.opengis.net/kml/2.2" xmlns:atom="http://www.w3.org/2005/Atom"><Placemark><name>dji aircraft</name><LineString><extrude>0</extrude><tessellate>0</tessellate><altitudeMode>absolute</altitudeMode><coordinates>12.586910588780954,43.026914454749864,0
12.58691058733957,43.02691445887043,0
12.5869105848274,43.02691446968158,0
12.586910581960744,43.026914470392626,129.79434204101563
12.58691057731433,43.026914470229855,129.79434204101563
12.586910574419841,43.02691446831948,129.79434204101563
12.586910575426174,43.02691446028393,129.79434204101563
12.586910572112744,43.02691445645463,129.79434204101563
12.58691056368416,43.026914452916586,129.79434204101563
12.586910561059197,43.026914460386735,129.79434204101563
12.586910562601656,43.026914463976176,129.79434204101563
12.586910566247594,43.02691446573234,129.79434204101563
12.58691057284662,43.026914463984745,129.79434204101563
12.586910585905507,43.0269144606266,129.79434204101563
12.586910587981157,43.02691445383323,129.79434204101563
12.586910591381004,43.02691444756241,129.79434204101563
12.586910602954566,43.0269144395697,129.79434204101563
12.586910605818293,43.02691443984383,129.79434204101563
12.586910606927166,43.026914446028975,129.79434204101563
12.586910602175282,43.02691444966125,129.79434204101563
12.586910584550544,43.02691445549517,129.79434204101563
12.586910572256292,43.02691445027805,129.79434204101563
12.586910562254486,43.02691444113741,129.79434204101563
12.586910554969926,43.02691444674001,129.79434204101563
12.586910540216238,43.02691445495545,129.79434204101563
12.586910529334075,43.02691445767109,129.79434204101563
12.586910520278545,43.02691445630899,129.79434204101563
12.586910521286345,43.026914455161055,129.79434204101563
12.586910514211256,43.02691445126322,129.79434204101563
12.586910514048666,43.02691444926718,129.79434204101563
12.58691055169019,43.026914452873754,129.79434204101563
12.586910541897849,43.026914450372274,129.79434204101563
12.586910509936885,43.0269144313114,129.79434204101563
12.586910444134132,43.026914393403835,129.79434204101563
12.586910353221398,43.02691434901986,129.79434204101563
12.586910208655178,43.026914298133775,129.89434814453125
12.586910047687363,43.026914246048364,129.89434814453125
12.586909929458669,43.02691419020216,129.9943389892578
12.586909850768462,43.026914120358015,129.9943389892578
12.586909835991367,43.02691404664173,130.09434509277344
12.586909861811804,43.026913959415786,130.1943359375
12.586909906847756,43.02691385928842,130.1943359375
12.586909947417452,43.02691377439261,130.29434204101563
12.5869099676481,43.0269137042315,130.29434204101563
12.586910002858028,43.02691365781723,130.29434204101563
12.586910035875123,43.0269136161746,130.29434204101563
12.586910086842149,43.02691357602257,130.29434204101563
12.586910142918466,43.02691354436868,130.29434204101563
12.586910192328384,43.02691353497104,130.39434814453125
12.586910243362778,43.026913516047244,130.39434814453125
12.586910292082758,43.026913503000195,130.39434814453125
12.586910362572924,43.026913543940374,130.39434814453125
12.586910418552558,43.02691357105392,130.39434814453125
12.586910465713958,43.02691359637703,130.39434814453125
12.586910508453062,43.026913613818785,130.39434814453125
12.586910560838026,43.02691363283682,130.39434814453125
12.586910591823399,43.026913631192016,130.39434814453125
12.586910613026696,43.02691363487569,130.39434814453125
12.586910656509936,43.02691366975065,130.39434814453125
12.586910671790958,43.026913679885034,130.39434814453125
12.58691067773227,43.026913668705504,130.39434814453125
12.586910674073145,43.02691364801696,130.39434814453125
12.58691065471992,43.02691364496722,130.39434814453125
12.586910661748139,43.02691362473272,130.39434814453125
12.586910673979402,43.02691360807909,130.39434814453125
12.58691068912712,43.026913609706774,130.39434814453125
12.58691069090688,43.0269136032475,130.39434814453125
12.586910692635376,43.02691359439812,130.39434814453125
12.586910700869142,43.02691358131679,130.39434814453125
12.58691071652662,43.026913563609455,130.39434814453125
12.58691072759628,43.02691354398319,130.39434814453125
12.586910730171429,43.026913528186235,130.39434814453125
12.586910731268576,43.026913512089436,130.39434814453125
12.586910711842107,43.02691348903651,130.39434814453125
12.586910688501636,43.02691346857927,130.39434814453125
12.586910676268907,43.02691346279677,130.39434814453125
12.586910693520114,43.02691346631769,130.39434814453125
12.586910678596501,43.02691347347942,130.39434814453125
12.586910651933811,43.02691347909917,130.39434814453125
12.586910633411144,43.02691350836295,130.39434814453125
12.58691061916429,43.02691353523663,130.39434814453125
12.586910619435287,43.02691355356076,130.39434814453125
12.586910617561772,43.026913556798945,130.39434814453125
12.586910605205988,43.02691356392643,130.39434814453125
12.586910560339948,43.02691356737881,130.39434814453125
12.586910525053856,43.02691357888387,130.39434814453125
12.586910582208306,43.02691361385307,130.39434814453125
12.586910659215501,43.026913674282454,130.39434814453125
12.586910826101253,43.026913797659816,130.39434814453125
12.586911082806962,43.0269139867779,130.39434814453125
12.586911439401812,43.02691425518917,130.39434814453125
12.586911913192674,43.02691461176873,130.39434814453125
12.586912549729652,43.02691508659418,130.39434814453125
12.58691327161302,43.02691562250005,130.39434814453125
12.586914112250962,43.02691627314805,130.39434814453125
12.586914998597205,43.0269169579771,130.39434814453125
12.5869160148878,43.02691774187981,130.39434814453125
12.586917096075876,43.02691856240508,130.39434814453125
12.586918302778699,43.02691947093586,130.39434814453125
12.5869195614622,43.02692038607156,130.39434814453125
12.58692105016963,43.02692140464991,130.39434814453125
12.586922565372756,43.026922430115874,130.39434814453125
12.586924297932024,43.0269235713948,130.39434814453125
12.586926073844165,43.02692471358179,130.39434814453125
12.586928138736388,43.02692597894052,130.39434814453125
12.586930169123264,43.02692722177744,130.39434814453125
12.58693242183495,43.026928579227985,130.39434814453125
12.58693472211525,43.026929927015324,130.39434814453125
12.586937135069656,43.02693141951959,130.39434814453125
12.586939475017314,43.026932911210025,130.39434814453125
12.586941932097973,43.02693458645875,130.39434814453125
12.586944266007597,43.026936306314184,130.39434814453125
12.586946619285108,43.02693822657853,130.39434814453125
12.586948875852181,43.0269401108114,130.39434814453125
12.586951375412731,43.026942114138244,130.39434814453125
12.58695378215042,43.026944042352454,130.39434814453125
12.586956315299265,43.02694614712597,130.39434814453125
12.586958631124142,43.02694826916138,130.39434814453125
12.586960904351963,43.02695071213034,130.39434814453125
12.586962768563389,43.026953144313836,130.39434814453125
12.5869644849831,43.02695580156115,130.39434814453125
12.586966016299112,43.0269583571819,130.39434814453125
12.586967335403475,43.026961052216784,130.39434814453125
12.586968531925708,43.02696344273178,130.39434814453125
12.5869697532869,43.026965568364936,130.39434814453125
12.5869707310833,43.02696721591734,130.39434814453125
12.586971551072935,43.02696849042511,130.39434814453125
12.586972142935632,43.02696941068354,130.39434814453125
12.586972709946204,43.02697015902588,130.39434814453125
12.58697313012451,43.026970831398934,130.39434814453125
12.586973546103192,43.02697152404075,130.39434814453125
12.586973920063459,43.02697217711308,130.39434814453125
12.586974242593827,43.0269729307925,130.39434814453125
12.586974575353045,43.026973533218595,130.39434814453125
12.586974897779397,43.026974100504155,130.39434814453125
12.586975095273997,43.02697464899443,130.39434814453125
12.586975305382172,43.02697504513485,130.39434814453125
12.586975434353848,43.026975379749366,130.39434814453125
12.586975509045102,43.02697568907505,130.39434814453125
12.586975514816498,43.02697590913592,130.39434814453125
12.586975578638802,43.02697607496969,130.39434814453125
12.586975664232753,43.0269761702997,130.39434814453125
12.586975694608768,43.02697610426771,130.39434814453125
12.586975804140828,43.026976114838995,130.39434814453125
12.58697589994895,43.02697611208052,130.39434814453125
12.586975935305325,43.02697611024725,130.39434814453125
12.586975912549299,43.02697599392885,130.39434814453125
12.586975875895059,43.02697598107883,130.39434814453125
12.586975827245398,43.02697595808585,130.39434814453125
12.58697580914459,43.0269758276667,130.39434814453125
12.586975769360018,43.026975787574635,130.39434814453125
12.58697572158191,43.026975756237725,130.39434814453125
12.586975672504515,43.02697573171987,130.39434814453125
12.586975627055494,43.02697568919488,130.39434814453125
12.586975619089806,43.026975666613104,130.39434814453125
12.586975625499871,43.02697563481358,130.39434814453125
12.586975641705187,43.026975588639175,130.39434814453125
12.58697561991009,43.02697557393877,130.39434814453125
12.586975580512231,43.02697556849036,130.39434814453125
12.58697554000844,43.02697556473815,130.39434814453125
12.586975563319632,43.02697551897492,130.39434814453125
12.58697556380157,43.026975480202125,130.39434814453125
12.586975578607998,43.0269754274485,130.39434814453125
12.58697564666803,43.026975354511784,130.39434814453125
12.586975696551086,43.02697529074141,130.39434814453125
12.586975755376875,43.02697522868438,130.39434814453125
12.586975816347156,43.02697516052786,130.39434814453125
12.586975864028567,43.02697508478127,130.39434814453125
12.586975874915117,43.02697503261019,130.39434814453125
12.586975877440464,43.02697497128988,130.39434814453125
12.58697589842551,43.02697491151157,130.39434814453125
12.58697593196995,43.0269748142112,130.39434814453125
12.586976002507006,43.026974691296466,130.39434814453125
12.586976110530326,43.02697455541177,130.39434814453125
12.586976286858299,43.026974409589705,130.39434814453125
12.586976507854557,43.02697419742727,130.39434814453125
12.586976813419387,43.026973912053975,130.39434814453125
12.586977230366356,43.026973589878224,130.39434814453125
12.58697770714251,43.02697316286342,130.39434814453125
12.586978219655924,43.02697269687024,130.39434814453125
12.586978806869395,43.026972145809914,130.39434814453125
12.586979434267326,43.02697157256188,130.39434814453125
12.586980126504129,43.026970889677465,130.39434814453125
12.586980829095763,43.026970181264346,130.39434814453125
12.586981671818862,43.02696935326893,130.39434814453125
12.586982489642184,43.026968533214834,130.39434814453125
12.5869834039189,43.02696759758765,130.39434814453125
12.586984323138669,43.026966637519706,130.39434814453125
12.586985384512818,43.026965486911664,130.39434814453125
12.586986421533927,43.026964363725554,130.39434814453125
12.586987573406601,43.02696310367816,130.39434814453125
12.586988754888091,43.0269617729985,130.39434814453125
12.586990017958696,43.02696037886543,130.39434814453125
12.586991259341328,43.026958989332655,130.39434814453125
12.586992592368068,43.026957467453244,130.39434814453125
12.586993901456331,43.02695593723845,130.39434814453125
12.58699531113163,43.026954330369,130.39434814453125
12.586996700165756,43.02695275899132,130.39434814453125
12.586998183896407,43.02695102722822,130.39434814453125
12.586999655888343,43.02694935139699,130.39434814453125
12.587001261376466,43.0269475322195,130.39434814453125
12.587002840785637,43.02694575330541,130.39434814453125
12.587004548533717,43.02694379256351,130.39434814453125
12.587006231684507,43.02694191265681,130.39434814453125
12.587008047102858,43.02693988038312,130.39434814453125
12.587009773063059,43.0269378631868,130.39434814453125
12.587011658015037,43.02693572263886,130.39434814453125
12.58701348008953,43.02693367334321,130.39434814453125
12.587015418111998,43.02693152040785,130.39434814453125
12.587017262876577,43.026929468242365,130.39434814453125
12.587019221440245,43.02692732800283,130.39434814453125
12.587021090090206,43.02692528872162,130.39434814453125
12.587023027469616,43.026923127485155,130.39434814453125
12.587024902204439,43.02692110081412,130.39434814453125
12.587026795252411,43.02691907479421,130.39434814453125
12.587028401927622,43.02691735046714,130.39434814453125
12.587029782821025,43.02691581285944,130.39434814453125
12.587030853098952,43.02691464409018,130.39434814453125
12.587031761118586,43.02691366918487,130.39434814453125
12.587032492507081,43.02691284310846,130.39434814453125
12.58703318425164,43.02691207395764,130.39434814453125
12.587033796444656,43.02691138951414,130.39434814453125
12.587034414303611,43.02691072094471,130.39434814453125
12.587034907872427,43.026910214782404,130.39434814453125
12.587035454309598,43.02690968088119,130.39434814453125
12.58703593448408,43.02690922238389,130.39434814453125
12.58703641409607,43.02690883679762,130.39434814453125
12.587036797015168,43.026908459872246,130.39434814453125
12.587037152307722,43.026908098718124,130.39434814453125
12.5870374566567,43.02690777715063,130.39434814453125
12.587037706631488,43.0269075411386,130.39434814453125
12.58703794935541,43.02690727910098,130.39434814453125
12.587038183507195,43.026907031198384,130.39434814453125
12.5870383238342,43.02690690100198,130.39434814453125
12.587038495051363,43.026906724819646,130.39434814453125
12.587038623399051,43.02690658556826,130.39434814453125
12.587038732917918,43.02690646325321,130.39434814453125
12.587038783635906,43.02690639329771,130.39434814453125
12.58703883639,43.02690634035564,130.39434814453125
12.587038869676606,43.02690631789381,130.39434814453125
12.587038822529838,43.02690636468503,130.39434814453125
12.587038820118728,43.02690638178413,130.39434814453125
12.5870388106091,43.02690640510264,130.39434814453125
12.58703879723235,43.026906432704486,130.39434814453125
12.587038740338663,43.02690648920175,130.39434814453125
12.587038732791902,43.02690651987903,130.39434814453125
12.587038732662995,43.02690655364033,130.39434814453125
12.58703872441605,43.02690659195909,130.39434814453125
12.587038736462752,43.0269066402152,130.39434814453125
12.587038754213463,43.026906694228124,130.39434814453125
12.587038779229694,43.02690676549435,130.39434814453125
12.587038807040805,43.026906844727584,130.39434814453125
12.58703882909516,43.0269069330672,130.39434814453125
12.587038846687674,43.026907014964664,130.39434814453125
12.587038857621106,43.026907087524435,130.39434814453125
12.587038869826,43.02690714526386,130.39434814453125
12.5870388806276,43.026907204382525,130.39434814453125
12.58703889609026,43.026907263021464,130.39434814453125
12.587038916770616,43.026907331700535,130.39434814453125
12.58703891333706,43.02690739167587,130.39434814453125
12.587038878532884,43.02690746157998,130.39434814453125
12.58703882494676,43.02690752917965,130.39434814453125
12.58703878586239,43.02690759530587,130.39434814453125
12.587038766725966,43.026907656934576,130.39434814453125
12.587038758490737,43.02690771772373,130.39434814453125
12.58703873221768,43.02690776281017,130.39434814453125
12.587038702666353,43.026907810792146,130.39434814453125
12.58703866323334,43.026907855458816,130.39434814453125
12.587038593481449,43.02690788347187,130.39434814453125
12.5870385593306,43.026907933569824,130.39434814453125
12.587038537525263,43.02690798699163,130.39434814453125
12.587038519677876,43.02690802865997,130.39434814453125
12.587038462913092,43.02690802865139,130.39434814453125
12.587038442130195,43.02690804551919,130.39434814453125
12.587038424461516,43.026908061084846,130.39434814453125
12.58703837889677,43.026908039616735,130.39434814453125
12.587038380651633,43.02690804489381,130.39434814453125
12.587038381659426,43.02690804843185,130.39434814453125
12.58703837153457,43.02690805457416,130.39434814453125
12.587038321021645,43.02690803384279,130.39434814453125
12.587038273599491,43.02690802241483,130.39434814453125
12.587038221668623,43.02690801089265,130.39434814453125
12.587038119397686,43.02690797640319,130.39434814453125
12.587038088862013,43.02690797104902,130.39434814453125
12.587038069415035,43.026907961796994,130.39434814453125
12.587038046379238,43.026907944089665,130.39434814453125
12.587038001022488,43.026907904717206,130.39434814453125
12.587037969121596,43.0269078975469,130.39434814453125
12.587037935832054,43.026907907295794,130.39434814453125
12.587037924271685,43.026907909051964,130.39434814453125
12.587037923800022,43.02690791691617,130.39434814453125
12.587037949783046,43.02690791510003,130.39434814453125
12.587038012046778,43.02690790277258,130.39434814453125
12.587038078570206,43.026907868274556,130.39434814453125
12.587038125016777,43.0269078552789,130.39434814453125
12.58703816604644,43.026907853437066,130.39434814453125
12.58703819346498,43.02690786473652,130.39434814453125
12.58703823288041,43.02690788065342,130.39434814453125
12.587038268633783,43.02690790101641,130.39434814453125
12.587038319369357,43.026907920411375,130.39434814453125
12.587038441605824,43.02690794134835,130.39434814453125
12.587038512526645,43.02690794319018,130.39434814453125
12.587038572021852,43.02690793399812,130.39434814453125
12.587038635231846,43.02690790951455,130.39434814453125
12.58703867436016,43.026907898138,130.39434814453125
12.58703869513719,43.02690789440293,130.4943389892578
12.587038705956363,43.02690789356339,130.4943389892578
12.587038704473962,43.02690787457963,130.59434509277344
12.587038707602828,43.02690786386271,130.59434509277344
12.587038712550997,43.02690784624104,130.6943359375
12.587038668761606,43.02690778334447,130.79434204101563
12.587038661789055,43.02690775160492,130.89434814453125
12.587038654848723,43.02690772141594,130.9943389892578
12.587038631707458,43.0269076972579,130.9943389892578
12.587038565233833,43.026907668045524,131.09434509277344
12.587038530913055,43.02690765415894,131.1943359375
12.58703850141447,43.026907640452244,131.1943359375
12.587038451584158,43.02690762053471,131.1943359375
12.587038415511456,43.02690762954686,131.1943359375
12.587038378167279,43.02690764746837,131.29434204101563
12.587038332004875,43.026907676972016,131.29434204101563
12.587038268411094,43.02690771859751,131.29434204101563
12.587038235074683,43.02690775944345,131.29434204101563
12.587038219685269,43.026907789923705,131.1943359375
12.587038210591647,43.02690779940703,131.1943359375
12.587038197144574,43.0269078094129,131.1943359375
12.587038177510097,43.02690779942414,131.1943359375
12.587038150375731,43.02690777293595,131.1943359375
12.587038123625153,43.026907717475254,131.1943359375
12.58703808694894,43.0269076805443,131.1943359375
12.587038045479831,43.02690764317644,131.1943359375
12.587037970059079,43.02690760819013,131.1943359375
12.587037935292997,43.02690759247026,131.29434204101563
12.58703790863324,43.026907580845275,131.29434204101563
12.58703788417657,43.026907573229494,131.29434204101563
12.587037842259225,43.02690755472547,131.29434204101563
12.587037814099485,43.026907539639545,131.29434204101563
12.587037780651736,43.02690753122707,131.29434204101563
12.587037721062782,43.0269075106756,131.29434204101563
12.587037693837607,43.02690751014447,131.29434204101563
12.587037674859376,43.026907523277195,131.29434204101563
12.587037663577322,43.02690753866294,131.29434204101563
12.587037605561582,43.02690757545684,131.29434204101563
12.587037589712207,43.0269075764677,131.29434204101563
12.587037561904019,43.026907568680585,131.29434204101563
12.587037488923652,43.02690756432871,131.29434204101563
12.58703744544773,43.026907558691846,131.29434204101563
12.587037401834124,43.02690755876895,131.29434204101563
12.587037361894291,43.02690756382329,131.39434814453125
12.58703732004726,43.02690756831223,131.39434814453125
12.587037298118881,43.02690757475438,131.39434814453125
12.587037290197127,43.026907579723044,131.39434814453125
12.587037267410366,43.02690758425482,131.4943389892578
12.587037287030197,43.02690758458036,131.4943389892578
12.587037316748509,43.026907580519755,131.4943389892578
12.587037348596668,43.02690758380936,131.4943389892578
12.587037375109942,43.026907595956914,131.4943389892578
12.587037400073436,43.0269076073249,131.4943389892578
12.587037431722386,43.02690760957793,131.4943389892578
12.58703748959165,43.02690757702454,131.4943389892578
12.587037549379827,43.026907552832235,131.4943389892578
12.587037603759875,43.026907521872246,131.4943389892578
12.5870376417925,43.02690748447011,131.4943389892578
12.587037657225856,43.02690744978363,131.4943389892578
12.58703766377654,43.0269074279643,131.4943389892578
12.587037667166136,43.026907402675434,131.4943389892578
12.587037668361432,43.02690736356855,131.4943389892578
12.58703767319535,43.02690733081812,131.4943389892578
12.587037686947102,43.026907305443615,131.4943389892578
12.587037706446816,43.02690728818177,131.4943389892578
12.58703769732684,43.026907276573915,131.59434509277344
12.587037725586185,43.0269072716138,131.59434509277344
12.58703775672244,43.02690726472619,131.59434509277344
12.587037765666642,43.02690726588269,131.59434509277344
12.58703778745733,43.0269072664738,131.6943359375
12.587037798543097,43.02690727818446,131.6943359375
12.587037802594795,43.02690730109177,131.6943359375
12.587037797863417,43.02690733871663,131.6943359375
12.587037787720988,43.02690738268941,131.6943359375
12.587037776506312,43.02690741137922,131.6943359375
12.587037746618089,43.026907437182054,131.6943359375
12.587037749925653,43.0269074576907,131.6943359375
12.587037751985186,43.0269074783878,131.6943359375
12.587037736121156,43.026907499436135,131.6943359375
12.587037699626576,43.02690752833154,131.6943359375
12.58703767233402,43.02690753939969,131.6943359375
12.587037666401503,43.02690754639867,131.79434204101563
12.587037690512485,43.02690756049942,131.79434204101563
12.58703773583994,43.02690755314064,131.89434814453125
12.587037793533424,43.02690754268072,131.89434814453125
12.587037863762854,43.026907534944996,131.9943389892578
12.587037931967895,43.026907545404924,131.9943389892578
12.587037996068501,43.026907550682004,131.9943389892578
12.587038048301123,43.026907573015336,131.9943389892578
12.587038089398169,43.02690762890437,131.9943389892578
12.587038122383024,43.026907654681516,131.9943389892578
12.587038141009694,43.02690767361388,131.9943389892578
12.587038154468477,43.02690769797753,131.9943389892578
12.58703814531627,43.026907740279796,131.9943389892578
12.587038159486955,43.02690777520615,131.9943389892578
12.587038160562127,43.02690780181426,131.9943389892578
12.587038110476923,43.02690781984712,131.9943389892578
12.587038070815401,43.026907840330054,131.9943389892578
12.587038035850103,43.026907853882534,131.9943389892578
12.587038002897465,43.026907852246296,131.9943389892578
12.58703795581515,43.02690784170927,131.9943389892578
12.587037903813968,43.02690780314206,131.9943389892578
12.587037857842004,43.02690775605102,131.9943389892578
12.587037788459254,43.02690773262114,131.9943389892578
12.58703778449253,43.02690771655006,131.9943389892578
12.587037811237257,43.0269077178265,131.9943389892578
12.587037856916274,43.02690771105882,131.9943389892578
12.587037910812935,43.02690769653828,131.9943389892578
12.58703795854268,43.026907647040005,131.9943389892578
12.587037940141544,43.02690760742769,131.9943389892578
12.587037777153641,43.02690759336125,131.9943389892578
12.587037375355784,43.026907737067376,131.9943389892578
12.587036732008777,43.026908006421,131.9943389892578
12.587035773707477,43.02690844065753,131.9943389892578
12.58703463001831,43.026908957853806,131.9943389892578
12.58703315877738,43.0269096789285,131.9943389892578
12.587031561473884,43.02691048321137,131.9943389892578
12.587029610281125,43.02691148893974,131.9943389892578
12.587027717461536,43.02691255828429,131.9943389892578
12.587025635398689,43.02691384070788,131.9943389892578
12.587023601534362,43.026915212884596,131.9943389892578
12.58702138457609,43.02691685804714,131.9943389892578
12.587019313982838,43.026918525842866,131.9943389892578
12.587017159954804,43.02692043347138,131.9943389892578
12.587015132524037,43.026922447643706,131.9943389892578
12.58701314709266,43.02692463440038,131.9943389892578
12.587011386889397,43.026926846008976,131.9943389892578
12.587009694731524,43.02692929230179,131.9943389892578
12.587008206602835,43.026931779577595,131.9943389892578
12.587006835435785,43.02693443684206,131.9943389892578
12.587005686028139,43.02693706311226,131.9943389892578
12.587004619723498,43.026939995255795,131.9943389892578
12.587003755963458,43.02694280377356,131.9943389892578
12.587002980754832,43.02694584126156,131.9943389892578
12.587002377943302,43.02694878693187,131.9943389892578
12.587001893894406,43.02695201279259,131.9943389892578
12.587001559171664,43.02695503749052,131.9943389892578
12.587001354018295,43.02695824112927,131.9943389892578
12.587001319453696,43.02696134608842,131.9943389892578
12.58700141860682,43.026964544544306,131.9943389892578
12.58700160975148,43.026967559801726,131.9943389892578
12.58700189946695,43.026970693639136,131.9943389892578
12.587002240214545,43.02697364059436,131.9943389892578
12.587002458633334,43.0269764769708,131.9943389892578
12.587002511524346,43.02697878601658,131.9943389892578
12.58700252179348,43.02698078702166,131.9943389892578
12.587002542634986,43.026982218068376,131.9943389892578
12.587002594193077,43.02698337050955,131.9943389892578
12.58700268837453,43.02698426036488,131.9943389892578
12.58700287707801,43.026985133360995,131.9943389892578
12.587002969386674,43.02698586325928,131.9943389892578
12.587003014022724,43.02698658486503,131.9943389892578
12.58700287112128,43.026987164726485,131.9943389892578
12.587002798227344,43.02698778444013,131.9943389892578
12.58700272260517,43.02698831165078,131.9943389892578
12.587002643831429,43.02698879710743,131.9943389892578
12.587002469465602,43.02698916768489,131.9943389892578
12.587002288685277,43.02698951395009,131.9943389892578
12.587002000237598,43.02698976800354,131.9943389892578
12.587001490234158,43.02698989165501,131.9943389892578
12.587001069617108,43.02699009862603,131.9943389892578
12.587000585043713,43.02699035283373,131.9943389892578
12.587000058504627,43.02699065919538,131.9943389892578
12.586999332614631,43.02699098563733,131.9943389892578
12.586998670744668,43.02699139353127,131.9943389892578
12.586997867069304,43.02699180360111,131.9943389892578
12.586996874074137,43.02699208261787,131.9943389892578
12.586995932807163,43.026992325877316,131.9943389892578
12.586995030768328,43.026992530004186,131.9943389892578
12.586994095363222,43.026992761458786,131.9943389892578
12.586993165134718,43.02699302337649,131.9943389892578
12.586992243052443,43.026993299583395,131.9943389892578
12.586991444449863,43.0269935207408,132.09434509277344
12.586990675719958,43.026993634197886,132.09434509277344
12.586990121800511,43.026993707323044,132.1943359375
12.586989642529838,43.02699371638658,132.29434204101563
12.586989243551903,43.02699371009863,132.39434814453125
12.586988813087613,43.02699372037864,132.4943389892578
12.586988463278992,43.02699372413085,132.6943359375
12.586988128128484,43.02699372762605,132.79434204101563
12.586987806668928,43.02699375969969,132.89434814453125
12.586987537042834,43.026993768146454,132.89434814453125
12.58698731842696,43.026993779899925,132.9943389892578
12.586987127294073,43.02699379177336,132.9943389892578
12.586986945081591,43.02699382878142,133.09434509277344
12.586986817282114,43.02699383426408,133.09434509277344
12.586986736259897,43.026993833887154,133.09434509277344
12.586986675521066,43.026993857411256,133.09434509277344
12.586986671769306,43.02699383148848,133.09434509277344
12.586986704339267,43.02699380318417,133.09434509277344
12.586986750095178,43.02699377481132,133.09434509277344
12.58698679142547,43.02699374379993,133.09434509277344
12.586986736437098,43.02699369760839,133.09434509277344
12.586986528315109,43.02699363805281,133.09434509277344
12.586986140163916,43.026993630051535,133.09434509277344
12.586985514910413,43.02699357997072,133.09434509277344
12.586984702124537,43.02699354424767,133.09434509277344
12.586983604288696,43.02699351923297,133.09434509277344
12.586982357538318,43.02699352337925,133.09434509277344
12.58698082888076,43.02699350696548,133.09434509277344
12.586979195948398,43.02699349389273,133.09434509277344
12.586977262761227,43.026993503333216,133.09434509277344
12.58697532240083,43.02699348976359,133.09434509277344
12.586973142449763,43.02699348270465,133.09434509277344
12.586970960941608,43.02699350153423,133.09434509277344
12.586968526930377,43.026993607384135,133.09434509277344
12.586966185733207,43.02699365468935,133.09434509277344
12.586963680955,43.02699370009275,133.09434509277344
12.586961370892752,43.02699378812397,133.09434509277344
12.586959293051756,43.026993840157985,133.09434509277344
12.586957698440877,43.026993887017724,133.09434509277344
12.586956356127947,43.02699394124482,133.09434509277344
12.586955223562846,43.026994032257235,133.09434509277344
12.586954332098632,43.02699409008233,133.09434509277344
12.586953623151244,43.02699413430352,133.09434509277344
12.586953014804891,43.026994208645185,133.09434509277344
12.586952512265553,43.026994228948205,133.09434509277344
12.58695204933791,43.02699423715509,133.09434509277344
12.586951662472604,43.02699424731517,133.09434509277344
12.586951317797084,43.02699428221584,133.09434509277344
12.586951033185127,43.02699432201664,133.09434509277344
12.586950784865595,43.026994368842125,133.09434509277344
12.586950588649778,43.02699441148707,133.09434509277344
12.586950423414933,43.026994455245664,133.09434509277344
12.58695028734469,43.02699450145433,133.09434509277344
12.586950170780018,43.02699455948504,133.09434509277344
12.58695009431046,43.02699463233608,133.09434509277344
12.586950034504719,43.026994673044946,133.09434509277344
12.586950011984564,43.02699469783692,133.09434509277344
12.586950045901064,43.02699473825451,133.09434509277344
12.586950093220688,43.026994745981646,133.09434509277344
12.586950178318062,43.02699474745513,133.09434509277344
12.586950268401687,43.02699475230387,133.09434509277344
12.586950394077553,43.0269947743031,133.09434509277344
12.586950467192672,43.026994779545916,133.09434509277344
12.586950535520762,43.02699477620491,133.09434509277344
12.586950622255808,43.02699477692451,133.09434509277344
12.586950709799433,43.026994774011825,133.09434509277344
12.586950792972026,43.026994767158484,133.09434509277344
12.586950876642655,43.02699475999674,133.09434509277344
12.586950943315493,43.02699476414302,133.09434509277344
12.586951018375894,43.02699475739247,133.09434509277344
12.58695107156943,43.02699475434273,133.09434509277344
12.586951098337577,43.02699475965407,133.09434509277344
12.586951123154588,43.02699475204686,133.09434509277344
12.586951145112266,43.026994746033054,133.09434509277344
12.586951160478243,43.02699474685546,133.09434509277344
12.586951161945992,43.026994767775285,133.09434509277344
12.586951157826906,43.02699476638748,133.09434509277344
12.586951146744063,43.026994751035986,133.09434509277344
12.586951120491525,43.026994735513156,133.09434509277344
12.58695111899741,43.02699469888203,133.09434509277344
12.586951120711255,43.026994653170206,133.09434509277344
12.58695113186442,43.026994594899655,133.09434509277344
12.586951148829998,43.02699455285438,133.09434509277344
12.586951203353612,43.02699450162564,133.09434509277344
12.586951269112408,43.02699445437182,133.09434509277344
12.586951311970159,43.0269944033658,133.09434509277344
12.586951345165938,43.02699433683696,133.09434509277344
12.586951347729364,43.02699426563071,133.09434509277344
12.586951332694424,43.0269942135453,133.09434509277344
12.586951293741876,43.026994186868656,133.09434509277344
12.586951269402393,43.02699416409842,133.09434509277344
12.58695124235885,43.02699414358979,133.09434509277344
12.58695121417568,43.02699413142509,133.09434509277344
12.586951220058419,43.02699409349184,133.09434509277344
12.586951250107788,43.02699405941359,133.09434509277344
12.586951300260363,43.02699403722589,133.09434509277344
12.586951329463043,43.026994039093424,133.09434509277344
12.586951301209508,43.02699401282797,133.09434509277344
12.586951150822017,43.026993953752125,133.09434509277344
12.586950820882493,43.02699387115217,133.09434509277344
12.586950307966196,43.026993754354045,133.09434509277344
12.586949562134427,43.02699360964567,133.09434509277344
12.586948686630757,43.02699344242405,133.09434509277344
12.586947578589527,43.02699324554458,133.09434509277344
12.586946385664787,43.02699303327937,133.09434509277344
12.586944947842312,43.02699280711899,133.09434509277344
12.58694334447152,43.02699259982244,133.09434509277344
12.586941526305097,43.02699233040032,133.09434509277344
12.58693962797776,43.02699203644322,133.09434509277344
12.586937461415152,43.02699167420967,133.09434509277344
12.586935203819715,43.026991294363036,133.09434509277344
12.586932694755347,43.02699084416682,133.09434509277344
12.58693013018008,43.026990366522945,133.09434509277344
12.586927226709465,43.026989821442164,133.09434509277344
12.58692429408305,43.02698924490454,133.09434509277344
12.586921021108177,43.026988616829755,133.09434509277344
12.586917751183066,43.02698800093681,133.09434509277344
12.586914075147774,43.0269873494236,133.09434509277344
12.586910478867653,43.0269866852831,133.09434509277344
12.58690653479632,43.02698594489914,133.09434509277344
12.586902555765558,43.02698520908979,133.09434509277344
12.58689837370829,43.02698438588316,133.09434509277344
12.586894322242106,43.02698357998123,133.09434509277344
12.586889992994225,43.026982711559675,133.09434509277344
12.586885738383415,43.026981887153724,133.09434509277344
12.586881269685763,43.026981002386925,133.09434509277344
12.586876958939499,43.02698013949944,133.09434509277344
12.58687229358767,43.02697921212199,133.09434509277344
12.586867857217543,43.02697831080438,133.09434509277344
12.586863123031536,43.02697735155887,133.09434509277344
12.586858566963484,43.02697642431847,133.09434509277344
12.586853671979581,43.02697545364502,133.09434509277344
12.58684903701916,43.026974506735534,133.09434509277344
12.586844146593798,43.026973492029335,133.09434509277344
12.586839433637483,43.02697252651301,133.09434509277344
12.586834551883879,43.02697151053039,133.09434509277344
12.586829948891769,43.02697054221277,133.09434509277344
12.586825166142566,43.026969527352385,133.09434509277344
12.586820635987262,43.02696858205344,133.09434509277344
12.586815931512282,43.02696761060044,133.09434509277344
12.586811504949193,43.02696670932567,133.09434509277344
12.586806898576276,43.02696582131213,133.09434509277344
12.586802559129078,43.0269649718058,133.09434509277344
12.586798039069334,43.02696409148515,133.09434509277344
12.586793871328664,43.02696327943237,133.09434509277344
12.586789881733898,43.026962523131566,133.09434509277344
12.586786649622066,43.02696186805466,133.09434509277344
12.586783875226097,43.02696126076271,133.09434509277344
12.586781811889816,43.02696082716018,133.09434509277344
12.5867800862711,43.02696039093626,133.09434509277344
12.586778711014308,43.026959989313134,133.09434509277344
12.586777427385016,43.026959552746526,133.09434509277344
12.586776320307768,43.02695916186602,133.09434509277344
12.586775187836382,43.0269587146596,133.09434509277344
12.586774231307691,43.02695828940101,133.09434509277344
12.586773529693176,43.026957808030666,133.09434509277344
12.586772847496333,43.026957399314334,133.09434509277344
12.586772224970458,43.02695699214857,133.09434509277344
12.586771709317997,43.02695661064858,133.09434509277344
12.586771309714589,43.02695616548959,133.09434509277344
12.586770932751472,43.02695578935233,133.09434509277344
12.586770607373523,43.02695540317494,133.09434509277344
12.58677047212947,43.02695505708105,133.09434509277344
12.586770274390249,43.02695468142353,133.09434509277344
12.586770139263376,43.02695433345354,133.09434509277344
12.586770043089041,43.02695397304471,133.09434509277344
12.586770041085176,43.0269536396038,133.09434509277344
12.586769990671872,43.026953296174156,133.09434509277344
12.58676995129747,43.02695298988106,133.09434509277344
12.586770000597532,43.02695270711209,133.09434509277344
12.586770003011573,43.02695248086606,133.09434509277344
12.58677002010898,43.02695228961494,133.09434509277344
12.586770036057962,43.02695213090006,133.09434509277344
12.586770046135939,43.02695196970083,133.09434509277344
12.586770056190478,43.02695183911035,133.09434509277344
12.586770075408946,43.026951719099735,133.09434509277344
12.586770097182065,43.026951621962155,133.09434509277344
12.586770114947422,43.026951553026095,133.09434509277344
12.586770132150289,43.026951514116234,133.09434509277344
12.586770145005561,43.0269515043588,133.09434509277344
12.586770155880394,43.02695153073561,133.09434509277344
12.586770170259097,43.026951559690986,133.09434509277344
12.586770206973409,43.02695160078537,133.09434509277344
12.58677028587459,43.026951683213966,133.09434509277344
12.586770360111768,43.02695172811194,133.09434509277344
12.586770433751289,43.02695177312128,132.9943389892578
12.586770476594387,43.0269518209662,132.9943389892578
12.586770501754154,43.02695192834097,132.9943389892578
12.58677049839092,43.026951988710366,132.9943389892578
12.58677049868389,43.02695204847154,132.9943389892578
12.58677051860548,43.02695212434663,132.9943389892578
12.58677054105827,43.026952186549295,132.9943389892578
12.58677054339025,43.02695225108211,132.9943389892578
12.586770512500072,43.02695232456709,133.09434509277344
12.58677043154815,43.02695240708993,133.09434509277344
12.586770383865264,43.02695248272515,133.09434509277344
12.586770347186127,43.0269525466326,133.09434509277344
12.586770318206092,43.02695259872657,133.09434509277344
12.586770304635989,43.02695263956393,133.09434509277344
12.586770310753094,43.02695267845666,133.09434509277344
12.586770339862047,43.02695271225221,133.09434509277344
12.586770385962932,43.02695274229556,133.09434509277344
12.586770439305887,43.02695275815248,133.09434509277344
12.586770483543502,43.02695276225592,133.09434509277344
12.586770522414014,43.02695274047085,133.09434509277344
12.5867705411403,43.02695273939145,132.9943389892578
12.586770559198625,43.026952728914395,132.9943389892578
12.586770571339065,43.02695271784624,132.9943389892578
12.586770597061333,43.02695270422523,132.9943389892578
12.586770590229394,43.02695272499088,132.9943389892578
12.586770569452357,43.0269527612365,132.9943389892578
12.586770550655766,43.02695280395854,132.9943389892578
12.586770536300518,43.02695284362227,132.9943389892578
12.586770550491725,43.02695288332027,132.9943389892578
12.586770568678952,43.02695292509997,132.9943389892578
12.586770581522497,43.02695297279069,132.9943389892578
12.586770554581483,43.02695302848268,132.9943389892578
12.586770514609421,43.02695309148204,132.9943389892578
12.586770485570797,43.026953147825104,132.9943389892578
12.586770466317184,43.02695319453065,132.9943389892578
12.586770456930603,43.02695323699568,132.9943389892578
12.586770446536223,43.026953274860404,132.9943389892578
12.58677043041146,43.02695330056044,132.9943389892578
12.586770412821878,43.0269533281623,132.9943389892578
12.586770386923819,43.02695335708341,132.9943389892578
12.58677034998686,43.02695337856007,132.9943389892578
12.586770302655529,43.026953403591904,132.9943389892578
12.586770250742235,43.026953420382604,132.9943389892578
12.586770200434394,43.02695343910936,132.9943389892578
12.586770146036772,43.026953469135584,132.9943389892578
12.586770116470815,43.02695350265701,132.9943389892578
12.586770112697439,43.02695352619824,132.9943389892578
12.586770142392313,43.02695353903112,132.9943389892578
12.586770153560112,43.02695354141266,132.9943389892578
12.58677015811864,43.02695353860278,132.9943389892578
12.586770160204548,43.02695353514186,132.9943389892578
12.58677018412217,43.02695353958796,132.9943389892578
12.586770213324868,43.0269535487029,132.9943389892578
12.586770258242176,43.026953553123306,132.9943389892578
12.586770339393317,43.02695352146942,132.9943389892578
12.586770395244047,43.026953502502785,132.9943389892578
12.5867704367278,43.026953482927915,132.9943389892578
12.586770456004848,43.02695346173395,132.9943389892578
12.586770455114229,43.026953423903485,132.9943389892578
12.586770440735531,43.026953399522725,132.9943389892578
12.586770414755444,43.02695338128426,132.9943389892578
12.58677037645913,43.02695334891077,132.9943389892578
12.58677033884251,43.026953335169814,132.9943389892578
12.586770306112522,43.026953327425545,132.9943389892578
12.586770266890444,43.02695332585783,132.9943389892578
12.586770212785778,43.02695331668291,132.9943389892578
12.586770167141927,43.02695329521482,132.9943389892578
12.58677013055654,43.02695326656783,132.9943389892578
12.586770077424516,43.026953224514,132.9943389892578
12.58677004221019,43.02695319273161,132.9943389892578
12.586769994117153,43.02695315915022,133.09434509277344
12.586769954824774,43.02695313290192,133.09434509277344
12.58676991112621,43.02695310709051,133.09434509277344
12.586769891274942,43.02695309412912,133.09434509277344
12.586769869619012,43.02695308504845,132.9943389892578
12.586769852298954,43.02695306781228,132.9943389892578
12.586769835154682,43.02695306359748,132.9943389892578
12.586769821385358,43.02695306348611,132.9943389892578
12.586769807768377,43.02695306698988,132.9943389892578
12.586769803842657,43.02695306892595,132.9943389892578
12.586769809561321,43.02695305463673,132.9943389892578
12.58676980523716,43.02695304674682,132.9943389892578
12.586769799998955,43.02695304591584,132.9943389892578
12.586769782385938,43.02695304809178,132.9943389892578
12.586769765323695,43.02695304935108,132.9943389892578
12.586769756382422,43.026953047791956,132.9943389892578
12.586769754109016,43.026953057275264,132.9943389892578
12.586769740644371,43.02695307064786,132.9943389892578
12.586769710129195,43.026953093555164,132.9943389892578
12.586769678313262,43.026953124909205,132.9943389892578
12.586769658098719,43.026953146394455,132.9943389892578
12.586769639618524,43.02695316295384,132.9943389892578
12.586769619040703,43.026953175435494,132.9943389892578
12.586769600583946,43.02695318836261,132.9943389892578
12.586769582759995,43.02695320484491,132.9943389892578
12.58676957320936,43.026953218945664,132.9943389892578
12.586769588232578,43.02695324389184,132.9943389892578
12.586769594291082,43.02695325776987,132.9943389892578
12.586769604579992,43.02695327057706,132.9943389892578
12.586769608236184,43.02695328599708,132.9943389892578
12.586769634497509,43.026953301768344,132.9943389892578
12.586769630208513,43.026953314207155,132.9943389892578
12.586769632177239,43.0269533225511,132.9943389892578
12.586769672207895,43.02695332196,132.9943389892578
12.586769683141325,43.026953313050655,132.9943389892578
12.586769678782007,43.026953307765005,132.9943389892578
12.586769648278546,43.02695330638578,132.9943389892578
12.586769613275159,43.02695331447272,132.9943389892578
12.586769577779597,43.0269533195956,132.9943389892578
12.586769539998905,43.02695333084366,132.9943389892578
12.586769499312009,43.0269533571091,132.9943389892578
12.586769463160206,43.02695338305758,132.9943389892578
12.586769443906597,43.02695341328083,132.9943389892578
12.586769435656723,43.026953433506755,132.9943389892578
12.586769405715756,43.02695345079431,132.9943389892578
12.586769377884128,43.02695345806742,132.9943389892578
12.586769344990085,43.02695346272769,132.9943389892578
12.586769329849687,43.026953456251285,132.9943389892578
12.586769307631268,43.02695344533734,132.9943389892578
12.586769284768327,43.02695343777295,132.9943389892578
12.58676925884684,43.02695343362668,132.9943389892578
12.58676923713232,43.02695342465738,132.9943389892578
12.586769210425684,43.02695342699607,132.9943389892578
12.586769178996459,43.02695343255585,132.9943389892578
12.586769122454331,43.02695344301576,132.9943389892578
12.586769081521345,43.02695345163385,132.9943389892578
12.586769039252443,43.02695345906972,132.9943389892578
12.586769003721722,43.026953468398844,132.9943389892578
12.586768947156157,43.02695347845613,132.9943389892578
12.58676890645754,43.026953488719,132.9943389892578
12.586768857040301,43.026953495640875,132.9943389892578
12.586768772361877,43.02695351032418,132.9943389892578
12.586768722382152,43.02695352596694,132.9943389892578
12.586768685867074,43.02695354085583,132.9943389892578
12.586768663883031,43.02695355399712,132.9943389892578
12.586768642297422,43.02695356509098,132.9943389892578
12.586768655234739,43.0269535829525,132.9943389892578
12.58676868140232,43.02695359248721,132.9943389892578
12.586768696753648,43.02695360153363,132.9943389892578
12.586768706187096,43.026953599648955,132.9943389892578
12.586768707148018,43.02695359640218,132.9943389892578
12.586768707440985,43.02695359715605,132.9943389892578
12.586768706222262,43.02695359295837,132.9943389892578
12.58676873188595,43.026953586456266,132.9943389892578
12.586768777623556,43.02695357875482,132.9943389892578
12.586768811384774,43.02695357265535,132.9943389892578
12.58676885236463,43.026953590208485,132.9943389892578
12.586768885703973,43.026953608412676,132.9943389892578
12.586768912937936,43.02695362917831,132.9943389892578
12.58676894286718,43.02695364858184,132.9943389892578
12.58676895810133,43.02695366520977,132.9943389892578
12.586768977976035,43.02695368851114,132.9943389892578
12.586768997874179,43.02695372080753,132.9943389892578
12.586769019143391,43.02695374984001,132.9943389892578
12.586769035139245,43.026953775942694,132.9943389892578
12.58676904938903,43.02695380667137,132.9943389892578
12.586769062888825,43.02695384600957,132.9943389892578
12.5867690587756,43.026953884097026,132.9943389892578
12.586769042146939,43.02695392141349,132.9943389892578
12.586769031190071,43.02695395741068,132.9943389892578
12.586769019295717,43.02695398239113,132.9943389892578
12.586769007213864,43.02695400845953,132.9943389892578
12.586768990655514,43.026954036035676,132.9943389892578
12.58676895668336,43.026954060604915,132.9943389892578
12.586768919207351,43.02695408134485,132.9943389892578
12.58676887398536,43.02695409872664,132.9943389892578
12.586768797322435,43.02695411064289,132.9943389892578
12.586768738342839,43.02695412097431,132.9943389892578
12.586768683277255,43.02695412781052,132.9943389892578
12.58676863647327,43.02695413122862,132.9943389892578
12.58676857188048,43.02695413089452,132.9943389892578
12.586768529869387,43.02695412440954,132.9943389892578
12.586768498885476,43.02695410984619,132.9943389892578
12.586768469237484,43.02695407940877,132.9943389892578
12.586768451940868,43.02695405685269,132.9943389892578
12.586768441827745,43.02695403583006,132.9943389892578
12.586768438441077,43.026954014473326,132.9943389892578
12.586768449644033,43.02695398448138,132.9943389892578
12.586768469530458,43.026953961634035,132.9943389892578
12.586768490483275,43.026953936439426,132.9943389892578
12.586768522908573,43.02695389590189,132.9943389892578
12.586768528990511,43.02695387008192,132.9943389892578
12.586768520553132,43.02695385315416,132.9943389892578
12.586768518092237,43.02695384487876,132.9943389892578
12.586768534463095,43.02695383913051,132.9943389892578
12.586768562763458,43.0269538485967,132.9943389892578
12.586768585040463,43.0269538688312,132.9943389892578
12.586768571704711,43.02695389759811,132.9943389892578
12.58676854253717,43.02695392715316,132.9943389892578
12.586768510018125,43.02695395353854,132.9943389892578
12.586768481319337,43.02695397627451,132.9943389892578
12.586768459241538,43.026953997588414,132.9943389892578
12.586768424648291,43.026954011817665,132.9943389892578
12.586768373109985,43.026954020307244,132.9943389892578
12.58676830251729,43.02695402347692,132.9943389892578
12.586768262170244,43.02695402432502,132.9943389892578
12.586768240537763,43.02695402435928,132.9943389892578
12.586768227799672,43.026954020572816,132.9943389892578
12.586768191765048,43.026954006557716,132.9943389892578
12.58676816735525,43.0269539965604,132.9943389892578
12.586768138785363,43.026953988242155,132.9943389892578
12.586768105117901,43.02695397351603,132.9943389892578
12.586768105082754,43.02695396159978,132.9943389892578
12.58676811633259,43.02695394530595,132.9943389892578
12.586768126363687,43.026953919811504,132.9943389892578
12.586768118113808,43.02695388557905,132.9943389892578
12.586768117551316,43.02695386544735,132.9943389892578
12.586768126035567,43.02695384860525,132.9943389892578
12.586768149109444,43.0269538376399,132.9943389892578
12.586768171456768,43.02695382335925,132.9943389892578
12.586768190101017,43.02695380283348,132.9943389892578
12.586768202405523,43.02695378724213,132.9943389892578
12.586768215026435,43.02695376085675,132.9943389892578
12.58676824261197,43.026953752230106,132.9943389892578
12.586768281119214,43.02695374305519,132.9943389892578
12.586768307650066,43.02695373702424,132.9943389892578
12.586768339032407,43.0269537318414,132.9943389892578
12.58676836734449,43.02695372736103,132.9943389892578
12.58676840151586,43.02695372264937,132.9943389892578
12.586768429663879,43.026953717800616,132.9943389892578
12.586768445296453,43.02695370627843,132.9943389892578
12.586768449222168,43.02695368814276,132.9943389892578
12.586768427812329,43.026953658279304,132.9943389892578
12.58676842441394,43.026953633812866,132.9943389892578
12.58676842634751,43.02695360854116,132.9943389892578
12.586768440491838,43.02695357956864,132.9943389892578
12.586768470104682,43.02695354446238,132.9943389892578
12.586768501897174,43.026953508165356,132.9943389892578
12.586768532740466,43.026953474763864,132.9943389892578
12.586768538119292,43.02695345923248,132.9943389892578
12.586768554056551,43.02695343779008,132.9943389892578
12.586768564392331,43.026953418969086,132.9943389892578
12.586768566044645,43.02695339616457,132.9943389892578
12.586768556001823,43.02695336355123,132.9943389892578
12.586768547576165,43.02695331882458,132.9943389892578
12.586768544962927,43.026953270157264,132.9943389892578
12.586768539138795,43.026953213308765,132.9943389892578
12.586768531592027,43.02695316560949,132.9943389892578
12.586768513814949,43.02695312232206,132.9943389892578
12.586768502084656,43.026953084654366,132.9943389892578
12.586768486580983,43.02695303673236,132.9943389892578
12.586768485748962,43.02695299659745,132.9943389892578
12.586768489170792,43.02695295638546,132.9943389892578
12.586768498065197,43.02695292807258,132.9943389892578
12.58676852532261,43.02695290874615,132.9943389892578
12.586768555298729,43.02695289444836,132.9943389892578
12.586768578571812,43.02695288137561,132.9943389892578
12.586768582392068,43.02695286781455,132.9943389892578
12.586768585497488,43.02695286643532,132.9943389892578
12.586768590501324,43.02695286611836,132.9943389892578
12.586768590899753,43.02695285882811,132.9943389892578
12.586768599747275,43.02695286067851,132.9943389892578
12.586768600110547,43.02695286802016,132.9943389892578
12.586768593020807,43.02695287888271,132.9943389892578
12.586768571376593,43.02695289498807,132.9943389892578
12.586768569736002,43.02695289992247,132.9943389892578
12.586768587934959,43.02695290374321,132.9943389892578
12.586768623618026,43.02695292319816,132.9943389892578
12.586768660637006,43.02695294696213,132.9943389892578
12.586768695734143,43.026952977074004,132.9943389892578
12.586768731792203,43.026953012891305,132.9943389892578
12.586768756928548,43.026953050250604,132.9943389892578
12.586768802959117,43.02695308007977,132.9943389892578
12.586768840107,43.02695309865234,132.9943389892578
12.58676885660675,43.026953099885944,132.9943389892578
12.586768878625954,43.02695310253304,132.9943389892578
12.586768914754332,43.026953110637116,132.9943389892578
12.586768959671636,43.02695312545748,132.9943389892578
12.586768979616643,43.026953152690965,132.9943389892578
12.586769005233448,43.02695315689719,132.9943389892578
12.586769025518297,43.026953149075815,132.9943389892578
12.586769013178634,43.026953128215936,132.9943389892578
12.586769022623809,43.026953103364,132.9943389892578
12.586769033135369,43.02695307511108,132.9943389892578
12.58676904713907,43.02695304462227,132.9943389892578
12.586769052224932,43.02695301421056,132.9943389892578
12.586769078076113,43.026952998756265,132.9943389892578
12.586769105286645,43.026952983704604,132.9943389892578
12.586769120895788,43.02695294577135,132.9943389892578
12.586769151469554,43.02695292127064,132.9943389892578
12.586769187269805,43.02695289693269,132.9943389892578
12.58676921548813,43.026952876723904,132.9943389892578
12.58676923402692,43.02695284372505,132.9943389892578
12.586769276366145,43.02695283389907,132.9943389892578
12.586769345083885,43.02695282823649,132.9943389892578
12.586769420785883,43.02695282149451,132.9943389892578
12.58676949765974,43.02695280892719,132.9943389892578
12.58676956233455,43.026952800574676,132.9943389892578
12.586769620435243,43.026952796873864,132.9943389892578
12.586769670426685,43.026952806005944,132.9943389892578
12.586769704715238,43.0269528115486,132.9943389892578
12.586769732957004,43.02695282036371,132.9943389892578
12.586769746081808,43.02695283915045,132.9943389892578
12.586769772050173,43.02695285736321,132.9943389892578
12.586769811658966,43.026952882729155,132.9943389892578
12.586769854513802,43.02695290160154,132.9943389892578
12.58676985927154,43.02695292982019,132.9943389892578
12.586769891767151,43.026952934017864,132.9943389892578
12.58676993011033,43.02695293328112,132.9943389892578
12.586769932899355,43.026952937590174,132.9943389892578
12.586769973808906,43.026952950971335,132.9943389892578
12.586770013277066,43.02695296937256,132.9943389892578
12.586770048046075,43.02695299087493,132.9943389892578
12.586770058077173,43.02695301266857,132.9943389892578
12.586770075643313,43.02695304730366,132.9943389892578
12.586770086119717,43.02695309328961,132.9943389892578
12.586770067358268,43.026953163450735,132.9943389892578
12.586770044413283,43.02695322263792,132.9943389892578
12.586770002003753,43.02695327483471,132.9943389892578
12.586769956371615,43.02695330928989,132.9943389892578
12.58676989651313,43.02695332850495,132.9943389892578
12.586769843017823,43.0269533373886,132.9943389892578
12.586769772835268,43.0269533388021,132.9943389892578
12.586769691965372,43.02695335050418,132.89434814453125
12.58676961086111,43.02695334795131,132.89434814453125
12.586769539987168,43.02695334380504,132.89434814453125
12.586769482613024,43.026953345090035,132.89434814453125
12.586769425274031,43.026953344464665,132.89434814453125
12.586769356954733,43.026953341620526,132.89434814453125
12.586769292315074,43.02695333331942,132.89434814453125
12.58676921173815,43.02695333739716,132.89434814453125
12.586769155758514,43.026953330098344,132.89434814453125
12.586769092372736,43.02695331729116,132.89434814453125
12.586769033510329,43.0269533050665,132.89434814453125
12.586768973288578,43.02695327635099,132.89434814453125
12.58676893510946,43.026953267210345,132.89434814453125
12.586768887860156,43.026953257255855,132.89434814453125
12.58676881664637,43.02695321984516,132.89434814453125
12.58676876195578,43.026953197014954,132.89434814453125
12.586768721690762,43.026953171931716,132.89434814453125
12.586768708976122,43.02695315375322,132.89434814453125
12.58676871748382,43.02695314785935,132.89434814453125
12.586768758006661,43.02695316014397,132.89434814453125
12.586768805431742,43.02695318484172,132.89434814453125
12.586768866368338,43.026953221087346,132.89434814453125
12.586768918176155,43.02695325325523,132.89434814453125
12.586768958277112,43.02695326859815,132.89434814453125
12.586768986600907,43.026953266662076,132.89434814453125
12.586769030569007,43.02695325553395,132.89434814453125
12.586769059947477,43.026953240627925,132.89434814453125
12.586769092325902,43.026953226981206,132.89434814453125
12.586769127036327,43.02695322526787,132.89434814453125
12.586769164758422,43.026953223597374,132.89434814453125
12.586769199175876,43.02695321984516,132.89434814453125
12.58676921845292,43.02695321085871,132.89434814453125
12.586769218886507,43.0269531890308,132.89434814453125
12.586769231308203,43.02695315817362,132.89434814453125
12.586769250128237,43.026953117027844,132.89434814453125
12.586769272780243,43.026953057917744,132.89434814453125
12.586769282084786,43.02695300739147,132.89434814453125
12.58676927854577,43.026952958047396,132.89434814453125
12.586769264717846,43.02695291757839,132.89434814453125
12.586769246542335,43.026952884313964,132.89434814453125
12.58676923253864,43.02695284801694,132.89434814453125
12.586769213859224,43.0269528062972,132.89434814453125
12.58676917113329,43.02695276899788,132.89434814453125
12.586769120790285,43.026952730996086,132.89434814453125
12.586769060884924,43.02695270940806,132.89434814453125
12.586768991850796,43.0269527101705,132.89434814453125
12.586768916394892,43.026952733060675,132.89434814453125
12.586768883137575,43.02695272727816,132.89434814453125
12.586768851122427,43.0269527146166,132.89434814453125
12.586768807494176,43.02695269632673,132.89434814453125
12.586768781912523,43.02695265584916,132.89434814453125
12.586768752018434,43.02695260675351,132.89434814453125
12.586768723858698,43.02695256318337,132.89434814453125
12.586768708015196,43.026952538913974,132.89434814453125
12.586768713077625,43.02695251786564,132.89434814453125
12.58676872274545,43.02695250292535,132.89434814453125
12.586768737698357,43.02695249261107,132.89434814453125
12.586768759190228,43.026952487539596,132.89434814453125
12.586768787607777,43.02695247921278,132.89434814453125
12.586768827825935,43.02695247531496,132.89434814453125
12.586768879469702,43.026952493570555,132.89434814453125
12.586768933246244,43.026952515869624,132.89434814453125
12.58676897628857,43.02695254679534,132.89434814453125
12.586769019717607,43.02695257092767,132.89434814453125
12.586769040096202,43.026952575990585,132.89434814453125
12.586769047748431,43.02695256722686,132.9943389892578
12.586769056232683,43.02695253688367,132.9943389892578
12.586769104513229,43.026952503790575,132.9943389892578
12.5867691511766,43.026952468435894,132.9943389892578
12.586769201507881,43.02695245675095,132.9943389892578
12.586769242007279,43.02695246719373,132.9943389892578
12.586769294506505,43.02695249043515,132.9943389892578
12.58676934855258,43.02695251954472,132.9943389892578
12.586769407239212,43.026952548474405,132.89434814453125
12.586769470238274,43.0269525460072,132.89434814453125
12.58676954524888,43.026952549802246,132.89434814453125
12.586769623681313,43.026952578063735,132.89434814453125
12.586769702980924,43.02695263824468,132.89434814453125
12.586769796354536,43.02695272792071,132.89434814453125
12.586769894333546,43.026952827953835,132.89434814453125
12.58676997350423,43.02695290407734,132.89434814453125
12.586770015819994,43.02695293741028,132.89434814453125
12.586770038823545,43.02695293114801,132.89434814453125
12.586770030983805,43.02695289676136,132.89434814453125
12.586769987742253,43.02695288084446,132.89434814453125
12.586769959289551,43.026952855272924,132.89434814453125
12.586769934879767,43.02695283763413,132.89434814453125
12.586769917630034,43.02695282636895,132.89434814453125
12.5867699051732,43.02695281870177,132.89434814453125
12.586769958645066,43.026952833462175,132.89434814453125
12.586769997691357,43.026952865638634,132.89434814453125
12.586769988152431,43.026952897575214,132.89434814453125
12.586770013113,43.02695291238699,132.89434814453125
12.586770054268651,43.026952912712524,132.89434814453125
12.58677012228328,43.026952914520095,132.89434814453125
12.586770193543943,43.02695292542549,132.89434814453125
12.586770282405896,43.02695293335824,132.89434814453125
12.586770353397016,43.02695292221298,132.89434814453125
12.586770392806578,43.026952884673776,132.89434814453125
12.586770431138037,43.02695284472734,132.89434814453125
12.58677045491502,43.02695280508074,132.89434814453125
12.586770469633548,43.0269527633096,132.89434814453125
12.586770487293444,43.026952726472885,132.89434814453125
12.586770497582355,43.02695271061596,132.89434814453125
12.58677050597285,43.02695270341995,132.89434814453125
12.58677048446926,43.026952710547434,132.89434814453125
12.586770476676403,43.02695270686376,132.89434814453125
12.586770466305463,43.026952703180086,132.89434814453125
12.586770458864171,43.02695270216922,132.89434814453125
12.586770429626316,43.02695270327432,132.89434814453125
12.586770398853327,43.026952692720165,132.89434814453125
12.586770354393044,43.026952679561745,132.89434814453125
12.586770286519052,43.02695266755983,132.89434814453125
12.58677023057457,43.02695266117765,132.89434814453125
12.586770178462064,43.02695265065777,132.89434814453125
12.586770131013553,43.02695263430397,132.89434814453125
12.586770075033916,43.026952609674765,132.89434814453125
12.586770027163539,43.02695260747313,132.89434814453125
12.586769984648546,43.0269526091522,132.89434814453125
12.586769917020643,43.026952607447434,132.89434814453125
12.586769876591559,43.02695262222497,132.89434814453125
12.586769830010214,43.02695265219121,132.89434814453125
12.58676978157734,43.026952684401934,132.89434814453125
12.586769702594136,43.02695272750946,132.89434814453125
12.586769652438633,43.02695275015977,132.89434814453125
12.58676960367764,43.02695276094523,132.89434814453125
12.58676954804956,43.026952771859165,132.89434814453125
12.586769500390115,43.02695280460103,132.89434814453125
12.58676946391019,43.02695284354516,132.89434814453125
12.586769431742699,43.026952885736065,132.89434814453125
12.586769390833146,43.026952925502606,132.89434814453125
12.586769338673761,43.02695296287046,132.89434814453125
12.5867692843816,43.02695300133485,132.89434814453125
12.586769224687176,43.0269530517669,132.89434814453125
12.586769177156635,43.026953091576274,132.89434814453125
12.586769132719793,43.026953129183994,132.89434814453125
12.586769087357187,43.026953161420415,132.89434814453125
12.586769040178199,43.026953202052184,132.89434814453125
12.586768989788325,43.02695322088174,132.89434814453125
12.586768942855436,43.02695323054495,132.89434814453125
12.586768896238942,43.02695323595909,132.89434814453125
12.586768861505087,43.026953237758086,132.89434814453125
12.586768835536718,43.0269532385805,132.89434814453125
12.586768817888542,43.0269532398141,132.89434814453125
12.58676881207613,43.02695323301215,132.89434814453125
12.586768787291344,43.026953213522944,132.89434814453125
12.586768759764407,43.02695319281728,132.89434814453125
12.586768745221658,43.0269531596728,132.89434814453125
12.586768727585207,43.02695315229688,132.89434814453125
12.586768714905707,43.02695315162868,132.89434814453125
12.586768705296477,43.02695315135456,132.89434814453125
12.58676870124185,43.026953135497635,132.89434814453125
12.586768686242072,43.02695312584298,132.89434814453125
12.586768657484685,43.026953114534955,132.89434814453125
12.586768638770117,43.02695309705037,132.89434814453125
12.586768611313492,43.02695308286394,132.89434814453125
12.586768582977975,43.026953070065325,132.89434814453125
12.586768554771362,43.02695305972534,132.89434814453125
12.586768531099837,43.02695304372277,132.89434814453125
12.58676849071762,43.026953034899094,132.89434814453125
12.586768446702651,43.026953028028615,132.89434814453125
12.58676839855102,43.026953029613445,132.89434814453125
12.586768355719627,43.02695302668365,132.89434814453125
12.586768318829549,43.026953029159415,132.89434814453125
12.586768282806647,43.026953033768294,132.89434814453125
12.586768247076709,43.02695304087864,132.89434814453125
12.586768204819524,43.02695305527067,132.89434814453125
12.586768162093598,43.02695308623065,132.89434814453125
12.586768112570894,43.026953124592254,132.89434814453125
12.586768055841258,43.02695314161424,132.89434814453125
12.586767986115726,43.026953150317986,132.89434814453125
12.586767889589805,43.026953149761155,132.89434814453125
12.586767771501705,43.02695314946988,132.89434814453125
12.586767635003739,43.02695314586331,132.89434814453125
12.586767520513265,43.02695314080041,132.89434814453125
12.586767415409367,43.02695314098887,132.89434814453125
12.586767349738476,43.02695314045773,132.89434814453125
12.586767296125997,43.026953142787875,132.89434814453125
12.586767244376764,43.026953150129515,132.89434814453125
12.586767166413077,43.02695316518974,132.89434814453125
12.586767100402335,43.026953174433196,132.89434814453125
12.586767029059647,43.026953173850664,132.89434814453125
12.586766970982387,43.026953159989766,132.89434814453125
12.58676689983891,43.02695314695984,132.89434814453125
12.586766834753941,43.02695312397543,132.89434814453125
12.586766783110187,43.026953088012505,132.89434814453125
12.586766754165314,43.026953045530334,132.89434814453125
12.58676672505637,43.02695302755745,132.89434814453125
12.586766692713091,43.02695301493872,132.89434814453125
12.586766665080688,43.02695298766242,132.89434814453125
12.586766621007127,43.02695297726247,132.89434814453125
12.58676658295692,43.02695297285919,132.89434814453125
12.586766560047108,43.02695297088886,132.89434814453125
12.586766538121646,43.026952968010455,132.89434814453125
12.586766501934678,43.02695298487826,132.89434814453125
12.586766459115001,43.02695301843395,132.89434814453125
12.586766418217175,43.02695306094183,132.89434814453125
12.586766378350582,43.02695311591422,132.89434814453125
12.586766340476142,43.026953167374266,132.89434814453125
12.586766302355619,43.02695321310321,132.89434814453125
12.586766277090378,43.026953246847356,132.89434814453125
12.586766275719324,43.02695328694799,132.89434814453125
12.586766310148516,43.02695331049779,132.89434814453125
12.586766362788358,43.0269533226282,132.89434814453125
12.586766413998525,43.02695332932735,132.89434814453125
12.586766453794798,43.02695334215167,132.89434814453125
12.586766468888316,43.02695336176937,132.89434814453125
12.586766490661432,43.02695339849473,132.89434814453125
12.586766505544034,43.02695342068243,132.89434814453125
12.586766540078685,43.02695343400361,132.89434814453125
12.586766592027137,43.02695343873243,132.89434814453125
12.586766655518383,43.02695345452939,132.89434814453125
12.586766718751818,43.026953478156294,132.89434814453125
12.586766777086885,43.02695351064114,132.89434814453125
12.586766815019908,43.02695354772631,132.89434814453125
12.586766850585784,43.02695356216117,132.89434814453125
12.586766875979935,43.02695356945141,132.89434814453125
12.586766895092927,43.0269535637717,132.89434814453125
12.586766914721544,43.02695355718391,132.89434814453125
12.586766948810888,43.026953540350384,132.89434814453125
12.586766991372762,43.026953526189665,132.89434814453125
12.586767026329271,43.02695350809684,132.89434814453125
12.58676707095361,43.02695350289686,132.89434814453125
12.58676712328877,43.02695349942736,132.89434814453125
12.586767171334934,43.02695350762568,132.89434814453125
12.586767224748204,43.026953506220735,132.89434814453125
12.586767268341298,43.02695349501551,132.89434814453125
12.586767290969854,43.02695347130293,132.89434814453125
12.586767277739572,43.026953441645084,132.89434814453125
12.586767249837637,43.02695340129602,132.89434814453125
12.586767211072582,43.026953357417476,132.89434814453125
12.586767136800242,43.026953295857304,132.89434814453125
12.586767081711217,43.026953256133616,132.89434814453125
12.586767038657179,43.0269532265957,132.89434814453125
12.58676703439164,43.02695321138128,132.89434814453125
12.58676704885238,43.02695320301164,132.89434814453125
12.586767111898327,43.026953194907556,132.89434814453125
12.586767184295683,43.026953178005485,132.89434814453125
12.586767224548982,43.026953149872504,132.89434814453125
12.586767262493723,43.0269531081956,132.89434814453125
12.586767291743291,43.026953062757926,132.89434814453125
12.586767336426236,43.02695302150936,132.89434814453125
12.586767425417113,43.02695299936449,132.89434814453125
12.586767529759317,43.02695298904166,132.89434814453125
12.586767638730352,43.026952986334585,132.89434814453125
12.58676774359988,43.0269529782305,132.89434814453125
12.5867678330712,43.02695296394984,132.89434814453125
12.586767925976075,43.02695294279014,132.89434814453125
12.586768022209027,43.02695292883502,132.89434814453125
12.586768164402235,43.026952927215916,132.89434814453125
12.586768287751969,43.02695293186763,132.89434814453125
12.586768417382853,43.02695293105379,132.89434814453125
12.58676853991228,43.026952916833096,132.89434814453125
12.586768658152703,43.02695288100723,132.89434814453125
12.586768755744993,43.02695284360511,132.89434814453125
12.58676883458756,43.026952805389136,132.89434814453125
12.586768883582913,43.02695278061431,132.89434814453125
12.586768899813128,43.02695274876338,132.89434814453125
12.58676890066858,43.02695272920566,132.89434814453125
12.586768887977364,43.02695272784356,132.89434814453125
12.58676888857501,43.02695273025079,132.89434814453125
12.586768889383594,43.02695274134465,132.89434814453125
12.586768894938198,43.02695275538544,132.89434814453125
12.586768873293984,43.02695278347559,132.89434814453125
12.586768847606853,43.02695279981225,132.89434814453125
12.586768790783466,43.026952821408855,132.89434814453125
12.58676868562096,43.02695285762878,132.89434814453125
12.586768593665292,43.02695287693807,132.89434814453125
12.586768504440055,43.02695288746652,132.89434814453125
12.586768419117105,43.026952892298134,132.89434814453125
12.586768338926898,43.02695289837192,132.89434814453125
12.586768281400417,43.026952924200465,132.89434814453125
12.586768247416556,43.02695295823589,132.89434814453125
12.586768221600536,43.02695300053816,132.89434814453125
12.586768212670982,43.02695304687533,132.89434814453125
12.586768206214042,43.02695310093109,132.89434814453125
12.586768189222106,43.026953153025076,132.89434814453125
12.586768184546388,43.02695321841453,132.89434814453125
12.586768147621155,43.026953245528084,132.89434814453125
12.586768112899021,43.026953265419905,132.89434814453125
12.586768118805194,43.026953292601995,132.89434814453125
12.586768124769959,43.02695332225985,132.89434814453125
12.586768141433774,43.0269533554643,132.89434814453125
12.586768154382797,43.02695339066478,132.89434814453125
12.5867681519922,43.02695341770123,132.89434814453125
12.586768131262039,43.02695344360687,132.89434814453125
12.58676811557087,43.02695347405286,132.89434814453125
12.586768113473248,43.02695350831958,132.89434814453125
12.58676810952409,43.02695353414812,132.89434814453125
12.586768108082705,43.02695355607882,132.89434814453125
12.586768117047423,43.026953571438874,132.89434814453125
12.586768137988534,43.02695358262695,132.89434814453125
12.58676818870654,43.02695357739271,132.89434814453125
12.58676825703756,43.02695355847747,132.89434814453125
12.586768309056316,43.02695353180083,132.89434814453125
12.586768364239088,43.026953501817445,132.89434814453125
12.586768417699234,43.026953472630765,132.89434814453125
12.58676848805757,43.02695344448922,132.89434814453125
12.586768584993646,43.02695342075951,132.89434814453125
12.58676871776512,43.02695338815472,132.89434814453125
12.586768860450505,43.02695335416213,132.89434814453125
12.586769029115967,43.02695329951528,132.89434814453125
12.586769186098008,43.02695325911481,132.89434814453125
12.586769349419797,43.02695321659838,132.89434814453125
12.586769494636384,43.02695317983019,132.89434814453125
12.58676965874332,43.02695313161691,132.89434814453125
12.586769792710076,43.02695309821542,132.89434814453125
12.586769928692423,43.02695306585907,132.89434814453125
12.586770070358286,43.02695303322003,132.89434814453125
12.58677020880154,43.02695302553571,132.89434814453125
12.586770334553576,43.026953023745286,132.89434814453125
12.586770455840826,43.026953018296865,132.89434814453125
12.586770566346994,43.026953007280106,132.89434814453125
12.586770665462705,43.02695297719392,132.89434814453125
12.586770762000327,43.02695294899241,132.89434814453125
12.586770842518655,43.0269529423875,132.89434814453125
12.586770901111526,43.02695292888641,132.89434814453125
12.586770945185085,43.026952916250565,132.89434814453125
12.586770973051852,43.026952904034474,132.89434814453125
12.586770961005152,43.0269528984747,132.89434814453125
12.586770963571514,43.02695288201811,132.89434814453125
12.586770962880118,43.02695286729198,132.89434814453125
12.586770902529448,43.0269528707358,132.89434814453125
12.586770871451778,43.02695288635286,132.89434814453125
12.58677083135081,43.026952912018636,132.89434814453125
12.58677079441386,43.02695293427488,132.89434814453125
12.586770721184479,43.02695294811006,132.89434814453125
12.586770674333607,43.02695295827014,132.89434814453125
12.586770627775703,43.02695296865296,132.89434814453125
12.586770541503547,43.02695298637742,132.89434814453125
12.586770489766034,43.02695299521823,132.89434814453125
12.586770430270816,43.02695299630619,132.89434814453125
12.58677036791627,43.026952994712794,132.89434814453125
12.58677027990977,43.02695300677469,132.89434814453125
12.586770219207551,43.02695301500726,132.89434814453125
12.586770169977815,43.0269530174916,132.89434814453125
12.586770107799051,43.02695299729137,132.89434814453125
12.586770045854651,43.02695296926974,132.89434814453125
12.586769976000214,43.02695293490022,132.89434814453125
12.586769890384291,43.02695290531948,132.89434814453125
12.586769780815597,43.026952896341605,132.89434814453125
12.586769654372157,43.0269528932576,132.89434814453125
12.586769538932476,43.02695289905724,132.89434814453125
12.586769447199481,43.02695289581047,132.89434814453125
12.586769385372286,43.02695290461701,132.89434814453125
12.586769339587812,43.02695290915735,132.89434814453125
12.586769282565209,43.02695290555935,132.89434814453125
12.586769188570502,43.02695290703282,132.89434814453125
12.586769103563967,43.026952917004444,132.89434814453125
12.586769059373246,43.02695294762178,132.89434814453125
12.586769093310258,43.02695297693696,132.89434814453125
12.586769125466029,43.02695303100985,132.89434814453125
12.586769150789872,43.026953096913324,132.89434814453125
12.586769173441876,43.026953188868085,132.89434814453125
12.586769170195826,43.02695328215068,132.89434814453125
12.586769149676599,43.0269533867841,132.89434814453125
12.586769144672775,43.026953461365615,132.89434814453125
12.58676917538717,43.02695351878807,132.89434814453125
12.58676921103508,43.02695353928812,132.89434814453125
12.586769250245434,43.0269535435629,132.89434814453125
12.58676927942468,43.026953538054514,132.89434814453125
12.58676929367446,43.02695353302586,132.89434814453125
12.586769283948035,43.02695350774559,132.89434814453125
12.586769263463959,43.02695347567194,132.89434814453125
12.586769265256894,43.026953430105756,132.89434814453125
12.5867692335347,43.0269534082693,132.89434814453125
12.586769187492411,43.026953398614644,132.89434814453125
12.586769125079273,43.02695339880312,132.89434814453125
12.586769056642796,43.026953398760284,132.89434814453125
12.586769003264685,43.026953398314824,132.89434814453125
12.586768957327864,43.02695340021663,132.89434814453125
12.586768898699827,43.02695341124195,132.89434814453125
12.58676883032193,43.026953413297946,132.89434814453125
12.586768738448294,43.02695341390618,132.89434814453125
12.586768660508056,43.026953398554674,132.89434814453125
12.586768609661172,43.02695337993071,132.89434814453125
12.586768607950281,43.026953337756936,132.89434814453125
12.586768652996508,43.02695327713054,132.89434814453125
12.586768721210344,43.026953227992045,132.89434814453125
12.586768796982657,43.02695316745989,132.89434814453125
12.586768872391689,43.02695311740478,132.89434814453125
12.586768957105278,43.026953067726595,132.89434814453125
12.586769056385055,43.02695302997324,132.89434814453125
12.586769147766514,43.02695301483592,132.89434814453125
12.586769241526842,43.02695302175781,132.89434814453125
12.586769372892089,43.026953057129646,132.89434814453125
12.586769489820044,43.026953082726884,132.89434814453125
12.58676961689628,43.0269531140124,132.89434814453125
12.586769734738274,43.02695314730253,132.89434814453125
12.586769871236243,43.02695320323439,132.89434814453125
12.586769973890958,43.02695324892049,132.89434814453125
12.586770063186492,43.026953282236306,132.89434814453125
12.586770128130821,43.0269532854231,132.89434814453125
12.586770139075954,43.02695324242692,132.89434814453125
12.586770129841712,43.026953189776094,132.89434814453125
12.586770113869298,43.026953138573056,132.89434814453125
12.586770086459547,43.026953105368605,132.89434814453125
12.586770054866259,43.026953080088326,132.89434814453125
12.586770017741804,43.02695305569899,132.89434814453125
12.586769954555244,43.02695300857368,132.89434814453125
12.586769913294138,43.026952978076295,132.89434814453125
12.58676986987681,43.026952949592086,132.89434814453125
12.586769829119607,43.026952927121684,132.89434814453125
12.586769774405578,43.02695290765818,132.89434814453125
12.586769740070151,43.02695288576174,132.89434814453125
12.586769709812787,43.026952859187894,132.89434814453125
12.58676968609439,43.02695285119518,132.89434814453125
12.586769662762713,43.02695283560383,132.89434814453125
12.586769654055816,43.0269528206207,132.89434814453125
12.586769653141769,43.02695280065178,132.89434814453125
12.58676965389175,43.02695277767593,132.89434814453125
12.586769634567816,43.026952751641794,132.89434814453125
12.586769609138504,43.0269527225065,132.89434814453125
12.586769592720785,43.02695268733172,132.89434814453125
12.586769582045171,43.02695267915055,132.89434814453125
12.586769581892831,43.0269526883426,132.89434814453125
12.586769587002133,43.02695270686377,132.89434814453125
12.586769592533294,43.02695273387451,132.89434814453125
12.58676957711164,43.0269527511535,132.89434814453125
12.586769546186314,43.02695276279562,132.89434814453125
12.586769520007012,43.02695277561994,132.89434814453125
12.586769481874768,43.026952785917096,132.89434814453125
12.586769454066594,43.02695280665702,132.89434814453125
12.586769438328556,43.026952839955726,132.89434814453125
12.586769438457464,43.02695287838585,132.89434814453125
12.586769450949467,43.02695290149876,132.89434814453125
12.586769469968718,43.02695292463736,132.89434814453125
12.586769510573587,43.02695296090868,132.89434814453125
12.586769540549707,43.026952977091135,132.89434814453125
12.586769574392953,43.026952983499015,132.89434814453125
12.58676959194737,43.02695298640311,132.89434814453125
12.586769604919823,43.02695299916748,132.89434814453125
12.58676958225609,43.02695300734866,132.89434814453125
12.586769558889257,43.02695302125239,132.89434814453125
12.586769567033675,43.02695302455055,132.89434814453125
12.586769576736657,43.02695303584143,132.89434814453125
12.586769585607618,43.026953046532654,132.89434814453125
12.58676959299032,43.02695305687263,132.89434814453125
12.586769579572545,43.026953059811,132.89434814453125
12.586769560248607,43.02695304047599,132.89434814453125
12.586769531702151,43.02695301138355,132.89434814453125
12.58676949567925,43.026952974666756,132.89434814453125
12.5867694425355,43.02695295068862,132.89434814453125
12.586769362673396,43.02695292624788,132.89434814453125
12.586769281639445,43.02695291107629,132.89434814453125
12.58676919339858,43.02695289961407,132.89434814453125
12.586769149828925,43.02695291506837,132.89434814453125
12.586769119501248,43.026952931516405,132.89434814453125
12.586769070201191,43.02695293219317,132.89434814453125
12.586768997030388,43.026952928997794,132.89434814453125
12.586768912258208,43.02695292618792,132.89434814453125
12.58676881727915,43.02695292974309,132.89434814453125
12.586768736432706,43.02695294885536,132.89434814453125
12.586768669836045,43.02695296311032,132.89434814453125
12.586768616082937,43.02695298552075,132.89434814453125
12.586768575325737,43.02695300453879,132.89434814453125
12.586768541728581,43.02695303699794,132.89434814453125
12.586768509361878,43.026953079317344,132.89434814453125
12.586768484389596,43.02695311799591,132.89434814453125
12.58676847453428,43.026953167768326,132.89434814453125
12.586768459815746,43.02695320188084,132.89434814453125
12.586768441441016,43.026953233037865,132.89434814453125
12.586768437304361,43.02695326773292,132.89434814453125
12.586768422855366,43.02695328574007,132.89434814453125
12.586768428796693,43.026953293612856,132.89434814453125
12.586768445858942,43.02695329715089,132.89434814453125
12.58676846218291,43.02695330379863,132.89434814453125
12.586768457413442,43.02695329785335,132.89434814453125
12.586768441241809,43.026953292936085,132.89434814453125
12.586768429593553,43.02695329208798,132.89434814453125
12.586768434421613,43.0269532979733,132.89434814453125
12.5867684516362,43.026953303207534,132.89434814453125
12.586768455292386,43.026953307824975,132.89434814453125
12.586768447792494,43.02695330914424,132.89434814453125
12.586768432476312,43.02695331134588,132.89434814453125
12.586768415250006,43.026953308476045,132.89434814453125
12.586768397121368,43.02695328674237,132.89434814453125
12.586768380106,43.02695326496587,132.89434814453125
12.586768379988822,43.02695325287828,132.89434814453125
12.586768397449502,43.026953252141546,132.89434814453125
12.586768418074199,43.02695325077945,132.89434814453125
12.586768430718536,43.02695325370926,132.89434814453125
12.586768437222345,43.02695325325522,132.89434814453125
12.586768441593371,43.026953246102046,132.89434814453125
12.58676844508551,43.02695323704705,132.89434814453125
12.586768455573635,43.026953225147935,132.89434814453125
12.586768464960219,43.02695322280068,132.89434814453125
12.586768490014538,43.02695324286384,132.89434814453125
12.586768510721262,43.02695326303838,132.89434814453125
12.586768532177976,43.02695328336711,132.89434814453125
12.586768553283125,43.026953312219675,132.89434814453125
12.586768558216631,43.0269533046296,132.89434814453125
12.586768546591802,43.02695328810447,132.89434814453125
12.58676853297482,43.026953269857444,132.89434814453125
12.586768541880945,43.026953261367865,132.89434814453125
12.586768552591723,43.026953250162656,132.89434814453125
12.586768564239986,43.026953239719866,132.89434814453125
12.586768591544267,43.02695321276052,132.89434814453125
12.586768591075522,43.026953187634426,132.89434814453125
12.586768569466459,43.02695315162866,132.89434814453125
12.586768526107717,43.026953105642725,132.89434814453125
12.586768461983665,43.02695306009368,132.89434814453125
12.586768404609522,43.02695300311669,132.89434814453125
12.586768355907127,43.02695294309852,132.89434814453125
12.5867683233998,43.02695287901976,132.89434814453125
12.586768299962648,43.02695283532969,132.89434814453125
12.586768275412231,43.026952801833964,132.89434814453125
12.586768242260375,43.02695277533722,132.89434814453125
12.586768192643923,43.02695274963718,132.89434814453125
12.586768146613357,43.0269527313302,132.89434814453125
12.586768099141405,43.0269527151049,132.89434814453125
12.586768046337502,43.02695269747468,132.89434814453125
12.586768002463158,43.02695269272873,132.89434814453125
12.586767967272282,43.02695269784305,132.89434814453125
12.586767940202375,43.02695270975074,132.89434814453125
12.586767888441422,43.026952724399756,132.89434814453125
12.586767852969292,43.02695273749821,132.89434814453125
12.586767823602543,43.026952751975905,132.89434814453125
12.586767815247212,43.0269527676101,132.89434814453125
12.586767827985314,43.026952788718404,132.89434814453125
12.586767862168408,43.02695281934429,132.89434814453125
12.5867679097927,43.02695285458761,132.89434814453125
12.586767958659154,43.02695288016772,132.89434814453125
12.586767984627512,43.02695289778081,132.89434814453125
12.586767993076599,43.02695291262686,132.89434814453125
12.586768013502073,43.02695295282173,132.89434814453125
12.586768010373216,43.026952981297384,132.89434814453125
12.586768013291143,43.02695301432195,132.89434814453125
12.586768017779361,43.02695305575898,132.89434814453125
12.586768031818217,43.02695310357819,132.89434814453125
12.586768035872842,43.02695313266206,132.89434814453125
12.586768038122806,43.02695314205971,132.89434814453125
12.586768060165449,43.02695315327348,132.89434814453125
12.586768076243338,43.02695314367024,132.89434814453125
12.58676809227435,43.02695313070028,132.89434814453125
12.586768109910807,43.02695310932641,132.89434814453125
12.58676813348858,43.02695307677301,132.89434814453125
12.586768140601752,43.0269530305986,132.89434814453125
12.586768142535316,43.02695297873592,132.89434814453125
12.586768139886914,43.0269529101939,132.89434814453125
12.586768124207454,43.02695285718328,132.89434814453125
12.586768098977355,43.02695280568897,132.89434814453125
12.586768069915287,43.0269527643633,132.89434814453125
12.586768044954718,43.02695272211244,132.89434814453125
12.586768016513735,43.0269526951788,132.89434814453125
12.586767980830668,43.02695267274267,132.89434814453125
12.586767947315543,43.02695266102345,132.89434814453125
12.586767919460499,43.02695265862478,132.89434814453125
12.586767916120715,43.02695266432162,132.89434814453125
12.586767932093135,43.0269526694959,132.89434814453125
12.586767944385917,43.026952676863246,132.89434814453125
12.586767941538294,43.02695268874524,132.89434814453125
12.58676792821427,43.026952704439395,132.89434814453125
12.58676791433948,43.02695273170714,132.89434814453125
12.586767899761576,43.02695274815517,132.89434814453125
12.586767893574171,43.026952769366275,132.89434814453125
12.586767901249843,43.02695279885279,132.89434814453125
12.58676792206203,43.02695284708321,132.89434814453125
12.586767913542618,43.02695289647013,132.89434814453125
12.586767876429876,43.02695295198221,132.89434814453125
12.586767840078851,43.02695300835953,132.89434814453125
12.586767800048202,43.0269530319179,132.89434814453125
12.586767768232269,43.02695304828882,132.89434814453125
12.58676773751788,43.02695306062484,132.89434814453125
12.586767723736838,43.026953073903194,132.89434814453125
12.58676770158873,43.02695308255555,132.89434814453125
12.586767690913113,43.026953093657966,132.89434814453125
12.586767704026201,43.026953104666156,132.89434814453125
12.586767703463714,43.026953119340874,132.89434814453125
12.586767692565429,43.02695313475233,132.89434814453125
12.586767673241496,43.026953148090655,132.89434814453125
12.586767672104799,43.02695317865656,132.89434814453125
12.586767655944886,43.02695318893659,132.89434814453125
12.586767645351301,43.02695319812863,132.89434814453125
12.58676766278854,43.02695321933974,132.89434814453125
12.586767670253272,43.02695322185834,132.89434814453125
12.586767676147712,43.0269532222781,132.89434814453125
12.586767684397593,43.026953220898875,132.89434814453125
12.586767713354197,43.02695322719538,132.89434814453125
12.586767725119651,43.02695323233539,132.89434814453125
12.586767742603767,43.02695323593339,132.89434814453125
12.586767781239914,43.026953246076346,132.89434814453125
12.586767798688877,43.02695324747272,132.89434814453125
12.586767817626095,43.02695324742131,132.89434814453125
12.5867678386961,43.02695323994259,132.89434814453125
12.586767862215282,43.02695322131007,132.89434814453125
12.58676788791412,43.02695321216942,132.89434814453125
12.586767911585639,43.02695320738922,132.89434814453125
12.58676793617121,43.026953199644936,132.89434814453125
12.586767968116048,43.02695320862282,132.89434814453125
12.586767995408609,43.0269532198109,132.89434814453125
12.586768015822365,43.02695323511956,132.89434814453125
12.586768028290924,43.02695325386346,132.89434814453125
12.586768030212768,43.026953274166495,132.89434814453125
12.586768031806496,43.02695329484646,132.89434814453125
12.586768036341585,43.02695332650034,132.89434814453125
12.586768038896233,43.026953342374405,132.89434814453125
12.586768041064166,43.02695335286002,132.89434814453125
12.58676804135713,43.026953365273144,132.89434814453125
12.586768045060202,43.026953382732046,132.89434814453125
12.586768045001609,43.02695340745548,132.89434814453125
12.586768041978212,43.02695343477462,132.89434814453125
12.586768046689077,43.02695346204237,132.89434814453125
12.586768036622821,43.026953479355626,132.89434814453125
12.586768029040908,43.02695348981555,132.89434814453125
12.58676802540815,43.02695349797102,132.89434814453125
12.586768024693317,43.02695350727445,132.89434814453125
12.586768022490228,43.026953517768625,132.89434814453125
12.586768025865178,43.02695351993599,132.89434814453125
12.58676803895483,43.026953507762734,132.89434814453125
12.586768055290527,43.026953505586796,132.89434814453125
12.586768080087037,43.02695351141215,132.89434814453125
12.586768104508547,43.026953530001855,132.89434814453125
12.586768147164163,43.02695356214404,132.89434814453125
12.586768162902207,43.02695358924045,132.89434814453125
12.586768174351256,43.02695361095698,132.89434814453125
12.58676820348364,43.02695363328174,132.89434814453125
12.586768231994935,43.026953639261286,132.89434814453125
12.586768264959295,43.026953629777964,132.89434814453125
12.586768305107137,43.026953609312166,132.89434814453125
12.58676836413361,43.026953597104644,132.89434814453125
12.586768424261622,43.026953577135714,132.89434814453125
12.586768479432676,43.02695356428569,132.89434814453125
12.586768551466756,43.02695355745805,132.89434814453125
12.5867685820288,43.02695354706667,132.89434814453125
12.586768607809667,43.026953531089795,132.89434814453125
12.586768629981211,43.02695350911626,132.89434814453125
12.58676864352788,43.026953479903874,132.89434814453125
12.586768646012208,43.0269534514368,132.89434814453125
12.586768639895105,43.02695342446889,132.89434814453125
12.586768619610243,43.02695340375466,132.89434814453125
12.586768584302172,43.026953385576164,132.89434814453125
12.586768540228602,43.026953374328116,132.89434814453125
12.586768485959876,43.02695336716637,132.89434814453125
12.58676842412095,43.0269533587025,132.89434814453125
12.586768375078707,43.02695335626956,132.89434814453125
12.586768326235685,43.026953355926885,132.89434814453125
12.586768265943611,43.02695335840266,132.89434814453125
12.586768218963842,43.02695335022147,132.89434814453125
12.586768168972391,43.026953329455836,132.89434814453125
12.586768113367748,43.02695330402993,132.89434814453125
12.586768046349214,43.02695327067128,132.89434814453125
12.586767998139,43.02695324787533,132.89434814453125
12.586767962104386,43.02695322324613,132.89434814453125
12.586767927815831,43.02695317977022,132.89434814453125
12.58676788865235,43.02695314140006,132.89434814453125
12.586767852699762,43.02695310951488,132.89434814453125
12.58676782239553,43.0269530847486,132.89434814453125
12.586767804559862,43.02695306085613,132.89434814453125
12.58676780023571,43.02695304257484,132.89434814453125
12.586767792583476,43.02695303004179,132.89434814453125
12.586767782528932,43.02695302250311,132.89434814453125
12.586767757837894,43.02695301919637,132.89434814453125
12.586767737072586,43.02695302613539,132.89434814453125
12.586767731764077,43.02695304376561,132.89434814453125
12.586767748615388,43.026953084148936,132.89434814453125
12.586767745838081,43.02695309600523,132.89434814453125
12.586767727064911,43.02695309717886,132.89434814453125
12.586767725682108,43.02695312192801,132.89434814453125
12.58676768341321,43.02695314048344,132.89434814453125
12.586767648128586,43.026953164675746,132.89434814453125
12.586767615703291,43.02695318715472,132.89434814453125
12.586767613242396,43.02695321308606,132.89434814453125
12.586767606820617,43.02695323141876,132.89434814453125
12.586767598090274,43.02695324291525,132.89434814453125
12.586767589430242,43.026953252861155,132.89434814453125
12.586767566239189,43.02695326835829,132.89434814453125
12.586767568582921,43.02695328968075,132.89434814453125
12.58676759798484,43.02695330590605,132.89434814453125
12.586767648269245,43.02695331705129,132.89434814453125
12.586767672139974,43.02695330735381,132.89434814453125
12.586767680483591,43.026953284686364,132.89434814453125
12.586767691756862,43.02695327458625,132.89434814453125
12.58676768801864,43.02695324166449,132.89434814453125
12.58676769489745,43.02695320698656,132.89434814453125
12.586767708678495,43.026953162542625,132.89434814453125
12.586767725154807,43.0269531144407,132.89434814453125
12.586767731553145,43.02695306126733,132.89434814453125
12.586767732994527,43.026953027882975,132.89434814453125
12.586767758939466,43.02695302042997,132.89434814453125
12.586767784814088,43.02695300996149,132.89434814453125
12.586767824376002,43.026952987097005,132.89434814453125
12.586767863152765,43.026952950277405,132.89434814453125
12.586767895121035,43.02695288366289,132.89434814453125
12.586767908972393,43.026952809458294,132.89434814453125
12.586767924640128,43.02695272284915,132.89434814453125
12.586767958717752,43.02695263414118,132.89434814453125
12.58676799761171,43.026952557075326,132.9943389892578
12.586768040888408,43.0269524969201,132.9943389892578
12.586768082594816,43.026952452870226,132.9943389892578
12.586768117445859,43.02695242321239,132.9943389892578
12.586768149332107,43.026952426185034,132.9943389892578
12.586768198397792,43.02695244647094,132.9943389892578
12.586768286744139,43.02695247028631,132.9943389892578
12.586768354008761,43.02695247537491,132.9943389892578
12.58676840933215,43.02695245428373,132.9943389892578
12.58676843721063,43.0269524162391,132.9943389892578
12.586768450675262,43.02695240568496,132.9943389892578
12.586768442425388,43.02695238517632,132.9943389892578
12.586768433062252,43.02695237821162,132.9943389892578
12.58676841794529,43.0269523914043,132.9943389892578
12.586768414886738,43.02695238402839,132.9943389892578
12.58676840891026,43.026952368822535,132.9943389892578
12.586768398047136,43.026952346994634,132.9943389892578
12.586768374070932,43.02695233160888,132.9943389892578
12.58676836699291,43.02695233335648,132.9943389892578
12.586768368457738,43.02695234187177,132.9943389892578
12.586768385027808,43.0269523670321,132.9943389892578
12.586768394953438,43.02695238136417,132.9943389892578
12.586768397590118,43.02695239854035,132.9943389892578
12.586768392984714,43.026952417164324,132.9943389892578
12.586768377551348,43.026952448698275,132.9943389892578
12.58676837055536,43.026952470997344,132.9943389892578
12.586768368211647,43.02695249799097,132.89434814453125
12.586768364789823,43.02695252928505,132.89434814453125
12.586768351524391,43.02695255446252,132.89434814453125
12.586768331309846,43.02695257707857,132.89434814453125
12.586768306665679,43.0269525986923,132.89434814453125
12.586768277087996,43.02695262749347,132.89434814453125
12.586768260131217,43.02695265779382,132.89434814453125
12.586768245975177,43.026952687391706,132.89434814453125
12.58676822295989,43.02695273850052,132.89434814453125
12.586768191073643,43.02695277248454,132.89434814453125
12.586768149918004,43.026952809441205,132.89434814453125
12.586768115828669,43.02695284105226,132.89434814453125
12.586768094231338,43.02695289902297,132.89434814453125
12.586768083754938,43.02695292308678,132.89434814453125
12.586768082934642,43.02695293956051,132.89434814453125
12.586768084680712,43.02695295217922,132.89434814453125
12.586768089122048,43.026952951982196,132.89434814453125
12.586768085043982,43.026952953498494,132.89434814453125
12.586768072938689,43.02695295928958,132.89434814453125
12.586768057681105,43.02695296574028,132.89434814453125
12.586768040747762,43.02695297173696,132.89434814453125
12.58676802406051,43.026952975343534,132.89434814453125
12.586768011170076,43.02695297224239,132.89434814453125
12.586767992807065,43.02695297642293,132.89434814453125
12.586767974303433,43.02695298846769,132.89434814453125
12.586767960920822,43.026953007922636,132.89434814453125
12.58676796195206,43.02695303666384,132.89434814453125
12.586767956737296,43.02695306412862,132.89434814453125
12.58676795182721,43.02695309032553,132.89434814453125
12.586767959643502,43.02695310733039,132.89434814453125
12.586767961670816,43.026953126459794,132.89434814453125
12.586767967893381,43.026953148159194,132.89434814453125
12.586767973752668,43.026953178887865,132.89434814453125
12.586767987217307,43.02695321925407,132.89434814453125
12.586767987932138,43.02695324228988,132.89434814453125
12.586767985096243,43.02695326310691,132.89434814453125
12.586768005357662,43.02695327994899,132.89434814453125
12.586768006271717,43.02695329397266,132.89434814453125
12.58676800882637,43.02695330703685,132.89434814453125
12.58676801876372,43.02695332729705,132.89434814453125
12.586768033669747,43.02695335733183,132.89434814453125
12.58676804465005,43.026953377266494,132.89434814453125
12.586768060036537,43.02695338786348,132.89434814453125
12.58676809491102,43.02695338083023,132.89434814453125
12.586768088020499,43.0269533837172,132.89434814453125
12.586768085126012,43.026953387392304,132.89434814453125
12.586768088477527,43.026953392095415,132.89434814453125
12.586768098075035,43.0269533995313,132.89434814453125
12.586768090715768,43.026953411498944,132.89434814453125
12.58676807521209,43.02695342094799,132.89434814453125
12.586768058759208,43.026953424169065,132.89434814453125
12.586768036681411,43.02695342792128,132.89434814453125
12.586768023685515,43.026953438483986,132.89434814453125
12.586768022794912,43.02695345110272,132.89434814453125
12.586768055243652,43.02695347680276,132.89434814453125
12.58676807939564,43.02695348853911,132.89434814453125
12.586768110531896,43.02695349678025,132.89434814453125
12.586768158601496,43.02695351157491,132.89434814453125
12.58676818181599,43.026953524741906,132.89434814453125
12.586768205733607,43.0269535380888,132.89434814453125
12.586768233823035,43.02695355194968,132.89434814453125
12.586768277322387,43.02695356492819,132.89434814453125
12.586768298040829,43.02695356760958,132.89434814453125
12.586768322989682,43.026953575028315,132.89434814453125
12.586768365844518,43.02695357009391,132.89434814453125
12.586768399511985,43.026953563985856,132.89434814453125
12.586768427730313,43.02695354694672,132.89434814453125
12.586768448952649,43.02695352389378,132.89434814453125
12.586768466460203,43.02695349282243,132.89434814453125
12.586768485268518,43.02695346263346,132.89434814453125
12.586768509326758,43.026953430217134,132.89434814453125
12.58676855929477,43.02695338854022,132.89434814453125
12.586768609919016,43.02695335423067,132.89434814453125
12.586768651777763,43.02695332022095,132.89434814453125
12.586768684413991,43.02695328370119,132.9943389892578
12.586768704042605,43.02695324658176,132.9943389892578
12.586768711601083,43.02695321437961,132.9943389892578
12.586768721456407,43.02695319373392,132.9943389892578
12.586768740463944,43.02695318012147,132.9943389892578
12.586768766045592,43.026953171006525,132.9943389892578
12.586768782838305,43.0269531619601,132.9943389892578
12.586768786224965,43.02695314884451,132.9943389892578
12.586768768799447,43.02695313476946,132.9943389892578
12.58676877718995,43.026953119143826,132.9943389892578
12.586768801963025,43.02695310782725,132.9943389892578
12.5867688204315,43.02695310573698,132.9943389892578
12.58676883902888,43.02695310519727,132.9943389892578
12.586768860309816,43.02695310774158,132.9943389892578
12.586768888809395,43.02695311333562,132.9943389892578
12.586768904863844,43.026953119949106,132.9943389892578
12.586768928511928,43.02695312661398,132.9943389892578
12.58676895416389,43.026953139986574,132.9943389892578
12.586768994241424,43.026953176806174,132.9943389892578
12.586769041607914,43.02695321567321,132.9943389892578
12.586769098642225,43.02695326214746,132.9943389892578
12.586769150192234,43.026953308861565,132.9943389892578
12.586769190082258,43.02695335400797,132.9943389892578
12.58676920545702,43.02695339041635,132.9943389892578
12.58676921028507,43.02695342289264,132.9943389892578
12.586769211492083,43.02695346089443,132.9943389892578
12.586769213050657,43.0269534848897,132.9943389892578
12.58676921783184,43.026953508233916,132.9943389892578
12.586769223433322,43.026953533959656,132.9943389892578
12.586769209992113,43.026953558648835,132.9943389892578
12.586769211210841,43.026953583860575,132.9943389892578
12.586769206734344,43.02695360020579,132.9943389892578
12.586769199843822,43.026953614700616,132.9943389892578
12.58676920076959,43.026953614597815,132.9943389892578
12.58676919985554,43.026953601225216,132.9943389892578
12.586769191875183,43.02695358045101,132.9943389892578
12.586769160692045,43.026953556387205,132.9943389892578
12.586769129321418,43.02695353598138,132.9943389892578
12.58676910542725,43.02695352167502,132.9943389892578
12.586769105614755,43.02695351367374,132.9943389892578
12.586769114192755,43.026953496369046,132.9943389892578
12.586769120497346,43.026953478576054,132.9943389892578
12.586769120298126,43.02695345861568,132.9943389892578
12.586769105966303,43.02695343362667,132.9943389892578
12.586769090872775,43.02695341399185,132.9943389892578
12.586769069134814,43.026953399522725,132.9943389892578
12.586769056490466,43.02695338140419,132.9943389892578
12.586769029971329,43.02695337091858,132.9943389892578
12.586769009979447,43.026953356072525,132.9943389892578
12.586769004026415,43.02695334430191,132.9943389892578
12.586769019881652,43.026953319252925,132.9943389892578
12.58676902043242,43.02695331500385,132.9943389892578
12.586769011432544,43.02695331382166,132.9943389892578
12.586768995694495,43.026953314669754,132.9943389892578
12.586768957128662,43.02695332289377,132.9943389892578
12.586768921902623,43.02695333436456,132.9943389892578
12.586768889524201,43.026953349287716,132.9943389892578
12.58676887587206,43.026953365924214,132.9943389892578
12.586768863333187,43.02695338719528,132.9943389892578
12.586768856114546,43.026953406453174,132.9943389892578
12.586768853970046,43.026953434132125,132.9943389892578
12.586768838009345,43.026953448361375,132.9943389892578
12.586768820701005,43.02695345853002,132.9943389892578
12.586768804259847,43.0269534651949,132.9943389892578
12.586768801869262,43.02695347058335,132.9943389892578
12.586768800228668,43.0269534840673,132.9943389892578
12.586768814150343,43.02695350315387,132.9943389892578
12.586768856055974,43.02695352478473,132.9943389892578
12.586768885645373,43.026953542269325,132.9943389892578
12.58676889730535,43.02695355545345,132.9943389892578
12.586768894422574,43.0269535673954,132.9943389892578
12.586768899602186,43.02695357669882,132.9943389892578
12.586768902719333,43.02695358954028,132.9943389892578
12.58676891653554,43.02695359832112,132.89434814453125
12.58676895890991,43.02695359743875,132.89434814453125
12.586768974437016,43.02695360597116,132.89434814453125
12.586768971659705,43.026953624835,132.89434814453125
12.58676895314435,43.026953651939984,132.89434814453125
12.586768942867163,43.026953695475854,132.89434814453125
12.586768931851712,43.02695372630734,132.89434814453125
12.586768928125206,43.02695375980306,132.89434814453125
12.586768930304858,43.02695379769348,132.89434814453125
12.586768921867478,43.02695382333355,132.89434814453125
12.58676890618802,43.02695383127487,132.89434814453125
12.586768873458029,43.026953826546055,132.89434814453125
12.586768824310314,43.026953817311174,132.89434814453125
12.586768763045598,43.026953801300046,132.89434814453125
12.586768706831588,43.02695378277888,132.89434814453125
12.58676868000777,43.02695373914021,132.89434814453125
12.586768636461544,43.026953712497836,132.89434814453125
12.586768587243526,43.02695369140667,132.89434814453125
12.586768551818277,43.02695367898498,132.89434814453125
12.586768535611498,43.02695368233456,132.9943389892578
12.586768527174124,43.0269536899075,132.9943389892578
12.586768507850184,43.02695370195226,132.9943389892578
12.586768478131873,43.02695371116143,132.9943389892578
12.58676844400738,43.02695371343161,132.9943389892578
12.586768406390751,43.0269537079061,132.9943389892578
12.586768359293798,43.02695369754898,132.9943389892578
12.586768315489769,43.02695368713189,132.9943389892578
12.586768294384617,43.02695366416462,132.9943389892578
12.586768280732475,43.02695364488959,132.9943389892578
12.586768258736713,43.026953631277124,132.89434814453125
12.586768254330527,43.026953617330584,132.89434814453125
12.586768253135237,43.026953598115504,132.89434814453125
12.586768264502265,43.02695357034233,132.89434814453125
12.58676830685321,43.026953540213306,132.89434814453125
12.586768365598443,43.02695350287972,132.89434814453125
12.58676844418322,43.02695346720805,132.89434814453125
12.586768523072669,43.026953428666566,132.9943389892578
12.586768594626285,43.02695340373752,132.9943389892578
12.586768649820778,43.02695337827735,132.9943389892578
12.586768711179245,43.02695334919346,132.9943389892578
12.586768791299152,43.02695330887009,132.9943389892578
12.586768880700166,43.026953267938495,132.9943389892578
12.586768965132505,43.02695323017657,132.9943389892578
12.586769058834228,43.02695319574708,132.89434814453125
12.58676910964596,43.026953178185394,132.89434814453125
12.586769136622115,43.026953177097425,132.89434814453125
12.586769151129706,43.0269531865122,132.89434814453125
12.586769171625496,43.026953221687,132.89434814453125
12.586769193433769,43.02695323967704,132.89434814453125
12.586769227511384,43.026953257641374,132.89434814453125
12.586769272217746,43.026953284900536,132.89434814453125
12.586769274795833,43.0269533023166,132.89434814453125
12.586769289385463,43.02695331858473,132.89434814453125
12.586769324084173,43.0269533347158,132.89434814453125
12.586769375235754,43.02695335195195,132.89434814453125
12.586769387481658,43.02695335817136,132.9943389892578
12.586769386942597,43.02695336266031,132.9943389892578
12.586769386227763,43.02695335788866,132.9943389892578
12.586769366927266,43.02695336336277,132.9943389892578
12.5867693412753,43.02695337347146,132.9943389892578
12.58676931985375,43.0269533825093,132.9943389892578
12.58676932592397,43.026953390596255,132.9943389892578
12.586769321271698,43.0269534037461,132.9943389892578
12.586769314205396,43.02695341945739,132.9943389892578
12.586769305322708,43.026953425274165,132.9943389892578
12.58676928438161,43.02695341968869,132.9943389892578
12.586769257382015,43.02695341183304,132.9943389892578
12.586769227581676,43.02695340724131,132.9943389892578
12.586769197769616,43.02695340212699,132.9943389892578
12.586769162391235,43.02695339128157,132.9943389892578
12.586769123134003,43.0269533737884,132.9943389892578
12.586769079869025,43.02695334519284,132.9943389892578
12.586769059584176,43.0269533271257,132.89434814453125
12.586769051123373,43.02695331272512,132.89434814453125
12.586769045732826,43.026953296636876,132.89434814453125
12.58676904172507,43.02695327623105,132.89434814453125
12.586769028951823,43.02695325677612,132.89434814453125
12.586769017127782,43.02695324053369,132.89434814453125
12.586769026279994,43.026953225773305,132.89434814453125
12.586769030990862,43.02695321590449,132.89434814453125
12.586769037213427,43.02695321294042,132.89434814453125
12.586769045310962,43.026953214568096,132.89434814453125
12.586769063767724,43.02695321533909,132.89434814453125
12.586769078662035,43.02695322426557,132.89434814453125
12.586769096263337,43.02695322737527,132.89434814453125
12.5867691192669,43.02695322396574,132.9943389892578
12.58676912340355,43.02695322334037,132.9943389892578
12.586769117989565,43.02695322165273,132.9943389892578
12.586769103153843,43.026953215536125,132.9943389892578
12.586769093286797,43.0269532053332,132.9943389892578
12.58676906891216,43.02695318833691,132.9943389892578
12.586769044326589,43.026953166825976,132.9943389892578
12.586769022248793,43.0269531419826,132.9943389892578
12.586769002924866,43.02695312383836,132.9943389892578
12.58676898372984,43.02695310489743,132.9943389892578
12.586768959226296,43.0269530862392,132.9943389892578
12.586768927422087,43.026953076173356,132.9943389892578
12.586768921316713,43.02695306585051,132.9943389892578
12.58676892299247,43.02695306074477,132.9943389892578
12.586768921398743,43.026953056684164,132.9943389892578
12.586768910945766,43.026953043465774,132.9943389892578
12.586768891891357,43.026953028782486,132.89434814453125
12.586768866649544,43.02695302231465,132.89434814453125
12.586768846645938,43.02695303466779,132.89434814453125
12.586768830204775,43.026953047509245,132.89434814453125
12.58676882679467,43.02695306390588,132.89434814453125
12.586768855622369,43.02695308865501,132.89434814453125
12.58676885388802,43.02695309825827,132.89434814453125
12.586768845544386,43.02695310121378,132.89434814453125
12.58676881663465,43.02695310332974,132.89434814453125
12.586768782885144,43.02695311133103,132.89434814453125
12.586768725675057,43.02695312330725,132.89434814453125
12.586768676175797,43.0269531358146,132.89434814453125
12.586768646398891,43.02695313883863,132.89434814453125
12.586768588333344,43.02695313058892,132.89434814453125
12.586768517869547,43.026953109000885,132.89434814453125
12.586768456370466,43.026953097889894,132.89434814453125
12.586768414863277,43.02695309367509,132.89434814453125
12.586768372219382,43.02695309948331,132.89434814453125
12.586768326575525,43.0269531001515,132.89434814453125
12.586768286849548,43.02695309376076,132.89434814453125
12.586768233084726,43.026953081381905,132.89434814453125
12.58676818752291,43.02695307509396,132.89434814453125
12.586768151394546,43.026953079360176,132.89434814453125
12.586768133148729,43.02695310157357,132.89434814453125
12.586768117668493,43.02695310649084,132.89434814453125
12.586768111281874,43.026953106430874,132.89434814453125
12.586768127160546,43.026953113858184,132.89434814453125
12.58676813455497,43.026953105514245,132.89434814453125
12.586768145066536,43.02695309841246,132.89434814453125
12.586768163921727,43.02695309810406,132.89434814453125
12.586768216702193,43.02695310726185,132.89434814453125
12.586768242108066,43.026953113095765,132.89434814453125
12.586768258689846,43.026953121054206,132.89434814453125
12.58676828299417,43.02695312484068,132.89434814453125
12.586768280861385,43.02695312305881,132.89434814453125
12.586768272740409,43.026953114594924,132.89434814453125
12.586768263963197,43.026953107176176,132.89434814453125
12.586768260189817,43.026953107193314,132.89434814453125
12.586768245834556,43.02695310718475,132.89434814453125
12.586768227471547,43.02695310470897,132.89434814453125
12.586768212495206,43.02695308693312,132.89434814453125
12.586768198831347,43.02695307700433,132.89434814453125
12.586768186632309,43.026953068069275,132.89434814453125
12.58676816689822,43.026953060350706,132.89434814453125
12.58676816722634,43.0269530592456,132.89434814453125
12.586768148699278,43.026953052837726,132.89434814453125
12.586768133535442,43.026953047457845,132.89434814453125
12.586768137543197,43.02695304965948,132.89434814453125
12.586768128379271,43.026953050935916,132.89434814453125
12.586768120867664,43.02695304610431,132.89434814453125
12.586768107356141,43.026953034376525,132.89434814453125
12.586768080297942,43.02695301675486,132.89434814453125
12.586768036810305,43.02695300552394,132.89434814453125
12.586767991600043,43.026952992691065,132.89434814453125
12.586767949085054,43.02695296355578,132.89434814453125
12.586767913952764,43.0269529397147,132.89434814453125
12.586767885546939,43.02695291938597,132.89434814453125
12.586767864969122,43.02695290030797,132.89434814453125
12.586767850215438,43.02695287880561,132.89434814453125
12.586767845481138,43.026952876852405,132.89434814453125
12.58676785334431,43.026952879773646,132.89434814453125
12.586767875375239,43.026952872671856,132.89434814453125
12.586767902796709,43.026952844478906,132.89434814453125
12.586767928108832,43.02695279707946,132.89434814453125
12.58676794187815,43.026952741156165,132.89434814453125
12.586767945182787,43.02695268461608,132.89434814453125
12.586767952542049,43.02695263965814,132.89434814453125
12.586767960346627,43.02695260242734,132.89434814453125
12.58676798924464,43.02695257151019,132.89434814453125
12.586768013595842,43.02695254771196,132.89434814453125
12.58676803463068,43.02695252024717,132.89434814453125
12.586768059673277,43.026952483307646,132.89434814453125
12.586768098426605,43.02695244208477,132.89434814453125
12.58676812302389,43.02695241150174,132.89434814453125
12.586768146929787,43.0269524053166,132.89434814453125
12.586768213045993,43.02695243660213,132.89434814453125
12.586768244240847,43.0269524612913,132.89434814453125
12.58676828775193,43.026952486563,132.89434814453125
12.586768351875989,43.026952499027516,132.89434814453125
12.586768427753766,43.026952485072385,132.89434814453125
12.586768480463912,43.02695244209333,132.89434814453125
12.586768514564957,43.02695237642115,132.9943389892578
12.58676855112691,43.0269523058574,132.9943389892578
12.586768575712487,43.02695222148416,132.9943389892578
12.586768595341105,43.0269521531392,132.9943389892578
12.586768622598516,43.026952108438266,132.9943389892578
12.5867686369772,43.02695208083642,132.9943389892578
12.586768642063051,43.02695206721541,132.9943389892578
12.586768636520162,43.02695205482798,132.89434814453125
12.586768630672594,43.026952040941396,132.9943389892578
12.586768634656917,43.02695201256855,132.89434814453125
12.586768650887146,43.02695198631167,132.89434814453125
12.586768670679819,43.02695196736218,132.89434814453125
12.586768689992029,43.02695196654834,132.9943389892578
12.586768697620819,43.02695195486339,132.9943389892578
12.586768704007444,43.02695194783871,132.9943389892578
12.586768728628176,43.0269519605688,132.9943389892578
12.58676874354592,43.02695195841857,132.9943389892578
12.586768752334844,43.0269519569708,132.9943389892578
12.586768744588861,43.02695196138264,132.9943389892578
12.586768733151533,43.02695197430977,132.9943389892578
12.586768723987614,43.02695200036105,132.9943389892578
12.586768725311819,43.02695203773748,132.9943389892578
12.586768749768488,43.02695206915149,132.9943389892578
12.586768780143037,43.02695208612209,132.9943389892578
12.586768805994215,43.026952101944744,132.9943389892578
12.586768826935309,43.02695211993478,132.9943389892578
12.586768851391977,43.02695214575475,132.9943389892578
12.586768870610442,43.02695217036683,132.9943389892578
12.586768883055566,43.02695219866257,132.9943389892578
12.5867688917859,43.02695222353165,132.9943389892578
12.586768894293675,43.02695224554801,132.9943389892578
12.586768901289668,43.02695226976602,132.9943389892578
12.586768906000534,43.02695228740481,132.9943389892578
12.586768907383323,43.02695229995499,132.9943389892578
12.58676890525054,43.02695230795627,132.9943389892578
12.586768900527952,43.02695230910421,132.9943389892578
12.58676889763346,43.0269523045553,132.89434814453125
12.586768876340807,43.02695231420995,132.89434814453125
12.586768854743468,43.026952338213796,132.89434814453125
12.586768823935328,43.026952370501625,132.89434814453125
12.586768780307064,43.02695240398022,132.89434814453125
12.586768730526561,43.02695245094276,132.89434814453125
12.586768709960475,43.02695250516985,132.89434814453125
12.58676874128425,43.02695256532508,132.89434814453125
12.586768802185704,43.02695262484638,132.89434814453125
12.586768883711835,43.026952687717255,132.89434814453125
12.58676895511311,43.02695274734135,132.89434814453125
12.586769014702062,43.02695281336476,132.89434814453125
12.586769044607864,43.026952851983346,132.89434814453125
12.586769062021668,43.02695287526757,132.89434814453125
12.586769081380755,43.02695288798909,132.89434814453125
12.586769107724114,43.026952910810735,132.89434814453125
12.586769134887769,43.02695293633088,132.89434814453125
12.58676916166471,43.026952954372305,132.89434814453125
12.586769171824711,43.02695295526323,132.89434814453125
12.58676918684793,43.026952972962,132.89434814453125
12.586769207238254,43.02695299112337,132.89434814453125
12.586769217784962,43.026953017363105,132.89434814453125
12.58676921452719,43.02695303243189,132.9943389892578
12.586769200171927,43.026953041743866,132.9943389892578
12.58676918355499,43.02695304625852,132.9943389892578
12.586769167652886,43.02695304910265,132.9943389892578
12.586769164641217,43.02695305097019,132.9943389892578
12.586769168227102,43.026953053394564,132.9943389892578
12.586769156754615,43.02695305088452,132.9943389892578
12.586769149500817,43.02695303569579,132.9943389892578
12.586769141754834,43.026953013071186,132.9943389892578
12.58676912803238,43.02695298164859,132.9943389892578
12.58676910748971,43.02695293915786,132.9943389892578
12.586769081650255,43.026952889565344,132.9943389892578
12.586769070541054,43.026952848925006,132.9943389892578
12.586769072369151,43.0269527986129,132.9943389892578
12.586769076787055,43.02695276786708,132.9943389892578
12.586769079880755,43.02695273338619,132.9943389892578
12.586769080267468,43.02695269742326,132.89434814453125
12.58676910174762,43.026952649612625,132.89434814453125
12.58676911249356,43.026952625523116,132.89434814453125
12.586769136997107,43.0269526109769,132.89434814453125
12.586769191066615,43.02695259406627,132.89434814453125
12.586769210402261,43.02695258516549,132.89434814453125
12.586769228331686,43.02695256625025,132.89434814453125
12.586769256807832,43.026952541286946,132.89434814453125
12.586769300424375,43.02695252573842,132.89434814453125
12.586769334607459,43.026952511063705,132.89434814453125
12.586769356638374,43.02695250704594,132.89434814453125
12.586769383274692,43.02695250323376,132.89434814453125
12.586769391372234,43.02695251269995,132.89434814453125
12.58676939146598,43.02695252869394,132.89434814453125
12.586769382981723,43.0269525434886,132.89434814453125
12.586769367642102,43.02695255101871,132.89434814453125
12.586769345540867,43.02695256650727,132.89434814453125
12.586769324482589,43.0269525844459,132.89434814453125
12.586769297740803,43.02695260755024,132.89434814453125
12.586769283514446,43.02695262464933,132.89434814453125
12.586769258565587,43.02695264120872,132.89434814453125
12.586769220609119,43.02695265775098,132.89434814453125
12.586769169949713,43.02695267694034,132.89434814453125
12.586769128020647,43.02695268117229,132.89434814453125
12.586769087638434,43.02695267482437,132.89434814453125
12.586769040635227,43.02695265530948,132.89434814453125
12.586768993491393,43.026952642853516,132.89434814453125
12.586768931910273,43.02695264477246,132.89434814453125
12.586768866016723,43.026952653082134,132.89434814453125
12.586768797978682,43.02695268190902,132.89434814453125
12.586768767240864,43.02695269391094,132.89434814453125
12.58676875131532,43.026952700918486,132.89434814453125
12.58676874538572,43.02695270516755,132.89434814453125
12.586768731604678,43.02695272072466,132.89434814453125
12.586768721702484,43.026952739931154,132.89434814453125
12.58676871649944,43.0269527671732,132.89434814453125
12.586768737381949,43.026952801671214,132.89434814453125
12.586768765893243,43.02695282821937,132.89434814453125
12.586768792717066,43.02695285248021,132.89434814453125
12.586768849739656,43.02695286130389,132.89434814453125
12.586768868489372,43.02695287441091,132.89434814453125
12.586768874922864,43.02695288780063,132.89434814453125
12.586768867797966,43.026952906227564,132.89434814453125
12.586768865114413,43.02695294344123,132.89434814453125
12.586768852997405,43.026952975634806,132.89434814453125
12.58676883517345,43.02695301181191,132.89434814453125
12.586768807130895,43.02695305963111,132.89434814453125
12.586768769818944,43.02695309968035,132.89434814453125
12.586768731897632,43.02695313587457,132.89434814453125
12.586768688702957,43.0269531731482,132.89434814453125
12.586768640188053,43.02695321623861,132.89434814453125
12.586768592012989,43.02695325767565,132.89434814453125
12.586768551794842,43.026953298538714,132.89434814453125
12.5867685215492,43.0269533316575,132.89434814453125
12.586768491889488,43.026953363611206,132.89434814453125
12.586768458468109,43.026953392780754,132.89434814453125
12.586768436847336,43.02695341370916,132.89434814453125
12.586768451038536,43.02695341625346,132.89434814453125
12.586768450253393,43.026953427775645,132.89434814453125
12.586768447194842,43.026953437455994,132.89434814453125
12.586768465839102,43.026953438518255,132.89434814453125
12.586768475753024,43.0269534446006,132.89434814453125
12.586768495721481,43.02695344117393,132.89434814453125
12.586768515455558,43.026953428717974,132.89434814453125
12.586768533127165,43.02695341201294,132.89434814453125
12.58676853022095,43.02695339812636,132.89434814453125
12.58676850954938,43.02695338752937,132.89434814453125
12.586768487541898,43.02695338347733,132.89434814453125
12.586768466928929,43.02695337607572,132.89434814453125
12.586768465077402,43.02695336820294,132.89434814453125
12.586768477112381,43.026953364613505,132.89434814453125
12.586768498276127,43.026953366361106,132.89434814453125
12.586768503772134,43.02695335796575,132.89434814453125
12.586768509162681,43.02695333902482,132.89434814453125
12.586768534908398,43.02695331658012,132.89434814453125
12.586768551021448,43.02695331156862,132.89434814453125
12.586768585403757,43.0269533168971,132.89434814453125
12.586768633918666,43.02695333313953,132.89434814453125
12.586768691339685,43.02695335292856,132.89434814453125
12.586768735448402,43.026953382123814,132.89434814453125
12.586768778268079,43.02695341151608,132.89434814453125
12.58676885078263,43.02695344430078,132.89434814453125
12.586768903024039,43.0269534734018,132.89434814453125
12.586768958464624,43.02695350272554,132.89434814453125
12.58676900733108,43.02695352456201,132.89434814453125
12.586769065841922,43.026953548548704,132.89434814453125
12.586769093743852,43.02695355080174,132.89434814453125
12.58676911657164,43.0269535489085,132.89434814453125
12.586769170606,43.02695354821461,132.89434814453125
12.586769228648109,43.02695356165572,132.89434814453125
12.586769281545754,43.02695357704149,132.89434814453125
12.586769337419925,43.026953589377506,132.89434814453125
12.586769402352559,43.026953588186736,132.89434814453125
12.586769469546875,43.02695358290109,132.89434814453125
12.586769532616248,43.02695356879177,132.89434814453125
12.586769620282912,43.026953547469304,132.89434814453125
12.586769676590672,43.026953535270344,132.9943389892578
12.586769738851466,43.026953528674,132.9943389892578
12.586769804662994,43.02695351836828,132.9943389892578
12.586769880822027,43.02695350325666,132.9943389892578
12.586769972203486,43.026953483750326,132.9943389892578
12.586770072491055,43.026953457065105,132.9943389892578
12.586770132454996,43.02695342225868,132.9943389892578
12.586770174079358,43.026953378620014,132.9943389892578
12.58677019268845,43.026953344259056,132.9943389892578
12.586770211942072,43.026953319801194,132.9943389892578
12.586770235929997,43.026953303721534,132.89434814453125
12.586770254761745,43.02695329395552,132.89434814453125
12.586770265706887,43.0269532848063,132.89434814453125
12.586770246558732,43.02695327984619,132.89434814453125
12.586770244695476,43.02695327532299,132.89434814453125
12.58677024625405,43.02695327151082,132.89434814453125
12.586770254949235,43.02695326996882,132.89434814453125
12.586770251457102,43.02695327378099,132.89434814453125
12.586770257316383,43.0269532624901,132.89434814453125
12.586770247918079,43.02695324016533,132.89434814453125
12.586770214027956,43.026953218894256,132.89434814453125
12.586770201934394,43.02695320151246,132.89434814453125
12.586770206012467,43.026953187223235,132.89434814453125
12.586770215656854,43.0269531635021,132.9943389892578
12.586770212703765,43.026953129972114,132.9943389892578
12.586770202215634,43.02695310032283,132.9943389892578
12.586770191750947,43.026953077406965,132.9943389892578
12.586770193497022,43.026953061421544,132.9943389892578
12.586770202473451,43.026953057300965,132.9943389892578
12.586770199883636,43.026953056058794,132.9943389892578
12.58677019030956,43.026953052597854,132.9943389892578
12.586770217871658,43.02695305876587,132.9943389892578
12.586770231441776,43.02695305899717,132.9943389892578
12.586770250062596,43.02695306452268,132.9943389892578
12.58677028969482,43.02695309149059,132.9943389892578
12.586770321768563,43.026953088971986,132.9943389892578
12.58677034909628,43.02695307807516,132.9943389892578
12.58677037309592,43.02695306079617,132.9943389892578
12.586770401806431,43.02695305000215,132.9943389892578
12.586770416630433,43.0269530359785,132.9943389892578
12.586770436469983,43.02695303672381,132.9943389892578
12.586770459332927,43.02695304339725,132.9943389892578
12.58677047028979,43.026953046669725,132.9943389892578
12.586770462672703,43.026953041349806,132.9943389892578
12.586770436551989,43.02695303614983,132.9943389892578
12.58677039161125,43.02695303561013,132.9943389892578
12.586770362080445,43.02695302361677,132.9943389892578
12.586770338139395,43.02695299233124,132.9943389892578
12.586770327534088,43.026952941719294,132.9943389892578
12.586770331553568,43.02695289276071,132.9943389892578
12.586770346975216,43.02695284902781,132.9943389892578
12.586770367916314,43.02695280394994,132.9943389892578
12.586770375252133,43.0269527451568,132.9943389892578
12.586770351920435,43.02695269544436,132.9943389892578
12.586770301741476,43.0269526557378,132.9943389892578
12.586770222160617,43.02695261288727,132.9943389892578
12.586770146364872,43.02695260121089,132.9943389892578
12.586770068412909,43.02695259691898,132.9943389892578
12.586770015995725,43.02695259638785,132.9943389892578
12.586770008695058,43.026952589054765,132.9943389892578
12.58676999194922,43.026952603009896,132.9943389892578
12.586769977968958,43.02695262892411,132.9943389892578
12.586769976468979,43.026952671303484,132.9943389892578
12.58676994965688,43.02695271713523,132.89434814453125
12.586769930192323,43.02695276446614,132.89434814453125
12.586769909462163,43.02695280914137,132.89434814453125
12.58676990695438,43.02695283211721,132.89434814453125
12.586769860572252,43.02695285477608,132.89434814453125
12.586769806034,43.02695287598718,132.89434814453125
12.586769762558081,43.026952912061475,132.89434814453125
12.58676969606688,43.02695295131401,132.89434814453125
12.5867696389857,43.026952994575744,132.89434814453125
12.586769583181846,43.02695304364569,132.89434814453125
12.586769546420665,43.026953090745295,132.89434814453125
12.58676946387501,43.026953128798496,132.89434814453125
12.586769358571887,43.02695316720292,132.89434814453125
12.586769302744598,43.02695320553881,132.89434814453125
12.586769228202742,43.02695323338053,132.89434814453125
12.586769173184038,43.02695325960314,132.89434814453125
12.586769130036245,43.026953283487046,132.89434814453125
12.586769096790642,43.02695329724513,132.89434814453125
12.586769045451554,43.026953304963705,132.89434814453125
12.586768982464204,43.02695329973803,132.89434814453125
12.586768955077895,43.02695327125381,132.89434814453125
12.586768897867813,43.026953256296395,132.89434814453125
12.586768836439042,43.026953238888886,132.89434814453125
12.586768784502311,43.026953222500836,132.89434814453125
12.586768737651445,43.02695318826837,132.89434814453125
12.586768682140555,43.026953168453645,132.89434814453125
12.586768631375682,43.02695315052358,132.89434814453125
12.586768587114614,43.026953124309536,132.89434814453125
12.586768518432038,43.02695309882366,132.89434814453125
12.586768442226134,43.02695307067355,132.89434814453125
12.586768361637484,43.02695303796596,132.89434814453125
12.586768286732347,43.02695299113192,132.89434814453125
12.586768198678975,43.0269529594352,132.89434814453125
12.586768142570442,43.02695293940631,132.89434814453125
12.586768102621827,43.026952918563566,132.89434814453125
12.586768066774706,43.02695291197579,132.89434814453125
12.58676802110741,43.02695291189013,132.89434814453125
12.586767962303584,43.026952911821596,132.89434814453125
12.586767890855423,43.0269529196087,132.89434814453125
12.586767793286558,43.026952917604106,132.89434814453125
12.586767698166888,43.02695291834085,132.89434814453125
12.586767627058583,43.02695294361255,132.89434814453125
12.586767579117891,43.02695295338714,132.89434814453125
12.586767541899693,43.026952958312975,132.89434814453125
12.586767498517528,43.02695296257918,132.89434814453125
12.586767464861785,43.0269529746839,132.89434814453125
12.586767447600327,43.02695299160309,132.89434814453125
12.586767433924749,43.02695300718589,132.89434814453125
12.586767431768523,43.02695302403656,132.89434814453125
12.586767398686979,43.02695304302031,132.89434814453125
12.58676737575373,43.026953065396484,132.89434814453125
12.58676736371876,43.02695308807248,132.89434814453125
12.586767398358871,43.026953124506576,132.89434814453125
12.586767390214458,43.02695313572037,132.89434814453125
12.586767368113216,43.02695313966104,132.89434814453125
12.586767359218811,43.026953139284096,132.89434814453125
12.586767312520287,43.02695313968674,132.89434814453125
12.58676726516552,43.026953133552986,132.89434814453125
12.586767217049054,43.0269531224934,132.89434814453125
12.586767179819137,43.02695311384962,132.89434814453125
12.586767128140215,43.026953115271695,132.89434814453125
12.58676707980109,43.02695312287891,132.89434814453125
12.586767030665099,43.026953136988226,132.89434814453125
12.586766972001902,43.02695314612031,132.89434814453125
12.586766891085132,43.02695315580066,132.89434814453125
12.586766808574641,43.026953167605555,132.89434814453125
12.586766733564046,43.02695318112377,132.89434814453125
12.58676668984205,43.02695319110396,132.89434814453125
12.586766667307234,43.02695319704923,132.89434814453125
12.58676669090845,43.026953191523724,132.89434814453125
12.58676670452544,43.026953202000776,132.89434814453125
12.586766726743862,43.026953218551604,132.89434814453125
12.58676675592312,43.02695324807239,132.89434814453125
12.586766794922543,43.026953284660685,132.89434814453125
12.586766811398856,43.02695331942427,132.89434814453125
12.586766820785433,43.02695334981887,132.89434814453125
12.586766847644409,43.0269533738998,132.89434814453125
12.58676685734739,43.02695339685851,132.89434814453125
12.586766863019184,43.02695342026267,132.89434814453125
12.586766875464312,43.026953439306396,132.89434814453125
12.5867669005655,43.02695344874687,132.89434814453125
12.586766916549642,43.02695346352441,132.89434814453125
12.586766935287645,43.02695347911576,132.89434814453125
12.586766960131026,43.02695348250816,132.89434814453125
12.586766981599457,43.02695348633747,132.89434814453125
12.586767001321821,43.026953492034316,132.89434814453125
12.58676702336446,43.02695350192884,132.89434814453125
12.58676705072734,43.02695350898777,132.89434814453125
12.586767088636943,43.026953516038155,132.89434814453125
12.5867671455072,43.02695351917356,132.89434814453125
12.586767219041262,43.0269535025028,132.89434814453125
12.586767283692641,43.02695349902472,132.89434814453125
12.586767346832318,43.02695349791106,132.89434814453125
12.586767387589523,43.02695350083229,132.89434814453125
12.58676745451431,43.02695350059243,132.89434814453125
12.586767494908246,43.02695350078947,132.89434814453125
12.586767541442715,43.026953494081745,132.89434814453125
12.58676759743407,43.026953498082385,132.89434814453125
12.586767642363085,43.02695350077232,132.89434814453125
12.586767683717932,43.02695349392755,132.89434814453125
12.586767719436146,43.02695347580901,132.89434814453125
12.586767769533063,43.026953451282594,132.89434814453125
12.586767810618394,43.02695342599377,132.89434814453125
12.5867678574927,43.026953395290775,132.89434814453125
12.586767916026982,43.026953340404056,132.89434814453125
12.586767949659292,43.02695329062306,132.89434814453125
12.586767972498793,43.02695323493107,132.89434814453125
12.586767991986784,43.02695318861103,132.89434814453125
12.58676802449412,43.02695315330775,132.89434814453125
12.586768068087231,43.02695314109166,132.89434814453125
12.58676812714886,43.026953143413245,132.89434814453125
12.586768174995804,43.026953137639296,132.89434814453125
12.58676822283102,43.026953125020576,132.89434814453125
12.5867682434557,43.02695311014881,132.89434814453125
12.58676825277197,43.02695309782136,132.89434814453125
12.586768270467026,43.02695309352089,132.89434814453125
12.58676830978286,43.02695308572521,132.89434814453125
12.586768371680387,43.02695307477699,132.89434814453125
12.586768446608955,43.02695303868556,132.89434814453125
12.586768511647044,43.026952987139836,132.89434814453125
12.586768564603284,43.026952913843296,132.89434814453125
12.586768608020606,43.02695282648029,132.89434814453125
12.586768661000285,43.02695273196411,132.89434814453125
12.586768702237958,43.0269526632422,132.89434814453125
12.586768749264602,43.02695260357527,132.89434814453125
12.586768805103619,43.026952543865505,132.89434814453125
12.586768853548204,43.02695249081205,132.89434814453125
12.58676888327822,43.02695244360964,132.89434814453125
12.586768892137457,43.02695240192418,132.89434814453125
12.586768888317202,43.02695237428807,132.89434814453125
12.58676888776643,43.02695234956463,132.89434814453125
12.586768884473507,43.026952327916625,132.89434814453125
12.586768842052251,43.02695231150287,132.89434814453125
12.586768798881009,43.02695229101136,132.89434814453125
12.58676873816706,43.026952267393035,132.89434814453125
12.58676867364458,43.02695224813514,132.89434814453125
12.586768589552086,43.02695223384591,132.89434814453125
12.58676853707631,43.026952218237426,132.89434814453125
12.586768491069181,43.026952192940016,132.89434814453125
12.586768429734148,43.02695215864758,132.89434814453125
12.586768365832741,43.02695212295023,132.89434814453125
12.586768276818429,43.02695209105648,132.89434814453125
12.586768173050439,43.02695206866318,132.89434814453125
12.586768083766621,43.026952060593366,132.89434814453125
12.58676801906838,43.02695206269221,132.89434814453125
12.58676798940868,43.02695206195547,132.89434814453125
12.586767961998932,43.02695204710941,132.89434814453125
12.586767944292154,43.026952035552966,132.89434814453125
12.586767921581554,43.02695202552994,132.89434814453125
12.586767904741963,43.0269520203728,132.89434814453125
12.586767925026825,43.02695203211772,132.89434814453125
12.586767921605,43.02695203468773,132.89434814453125
12.586767912089512,43.026952037172066,132.89434814453125
12.586767913109023,43.02695205334596,132.89434814453125
12.586767888816416,43.02695207703284,132.89434814453125
12.586767874554917,43.02695210481459,132.89434814453125
12.586767878445494,43.02695214111162,132.89434814453125
12.586767916566034,43.02695219007877,132.9943389892578
12.58676795624513,43.02695224272959,132.9943389892578
12.586767979389304,43.02695230001498,132.9943389892578
12.586767995103896,43.02695237105847,132.9943389892578
12.586767962069226,43.02695242402624,132.9943389892578
12.586767927112719,43.02695245733349,132.9943389892578
12.586767900042814,43.02695247866454,132.9943389892578
12.586767894628831,43.02695251825974,132.9943389892578
12.586767862824615,43.02695257222983,132.9943389892578
12.586767841028065,43.02695264403576,132.9943389892578
12.586767809059793,43.02695270058441,132.9943389892578
12.586767780864903,43.02695275080227,132.9943389892578
12.586767769462735,43.026952773315514,132.9943389892578
12.58676777957588,43.026952769537594,132.9943389892578
12.586767818751087,43.02695275525694,132.9943389892578
12.586767870430013,43.026952768046996,132.9943389892578
12.58676792924555,43.02695279324161,132.9943389892578
12.586767994576602,43.02695281002374,132.9943389892578
12.58676804626724,43.026952835124106,132.9943389892578
12.586768096832893,43.026952870890014,132.9943389892578
12.586768140027566,43.02695292284694,132.9943389892578
12.58676818185116,43.026952959855,132.9943389892578
12.586768211206188,43.02695303072715,132.9943389892578
12.586768240713555,43.02695309892649,132.9943389892578
12.58676827243574,43.02695313505219,132.9943389892578
12.586768303642316,43.02695320003047,132.9943389892578
12.586768352778309,43.026953260845325,132.9943389892578
12.586768418074213,43.026953318807486,132.9943389892578
12.586768488127861,43.026953367903126,132.9943389892578
12.586768547845725,43.026953419525945,132.9943389892578
12.586768608360453,43.0269534727336,132.89434814453125
12.586768654824603,43.026953543160296,132.89434814453125
12.586768695956799,43.0269536145807,132.89434814453125
12.586768726612583,43.026953694841936,132.89434814453125
12.586768737042108,43.02695376735888,132.89434814453125
12.586768728089114,43.02695384977892,132.89434814453125
12.586768711694818,43.026953909634315,132.89434814453125
12.586768686535036,43.02695395963802,132.89434814453125
12.586768650676191,43.02695400341376,132.89434814453125
12.586768617875892,43.02695404613579,132.89434814453125
12.586768574364815,43.02695408657053,132.89434814453125
12.58676851478757,43.0269541280247,132.89434814453125
12.586768439237913,43.02695415882191,132.89434814453125
12.586768394191713,43.02695417371937,132.89434814453125
12.586768367074939,43.02695416791971,132.89434814453125
12.586768351993136,43.02695413096305,132.89434814453125
12.586768351161123,43.026954085970836,132.89434814453125
12.586768357313376,43.0269540287454,132.89434814453125
12.586768367813221,43.02695397680562,132.89434814453125
12.58676838188724,43.026953926125145,132.89434814453125
12.586768412988345,43.026953899320006,132.89434814453125
12.586768456792388,43.02695388044761,132.89434814453125
12.586768502811227,43.02695384302834,132.89434814453125
12.586768528252247,43.02695380454681,132.89434814453125
12.586768543544984,43.02695376809559,132.89434814453125
12.586768566372777,43.026953740562284,132.89434814453125
12.586768621485248,43.026953739911214,132.89434814453125
12.586768671336076,43.02695374619917,132.89434814453125
12.586768727386024,43.02695376098526,132.89434814453125
12.586768803931763,43.02695376782146,132.89434814453125
12.586768864059778,43.02695377160793,132.9943389892578
12.586768935836062,43.02695376811273,132.9943389892578
12.586769012885702,43.02695375913484,132.9943389892578
12.586769124505143,43.026953768018494,132.9943389892578
12.586769218124848,43.02695375210159,132.9943389892578
12.586769314592162,43.026953723985756,132.9943389892578
12.58676940203617,43.02695368816845,132.9943389892578
12.586769480867032,43.026953641026005,132.9943389892578
12.586769557799482,43.026953596290795,132.9943389892578
12.586769639313895,43.026953555564795,132.9943389892578
12.586769712015935,43.02695352088687,132.9943389892578
12.58676976983538,43.026953470052185,132.9943389892578
12.586769807018415,43.026953395316454,132.9943389892578
12.586769805952017,43.026953271467946,132.9943389892578
12.586769815057345,43.02695315909879,132.9943389892578
12.586769820963507,43.026953045693084,132.9943389892578
12.586769841283525,43.0269529531301,132.9943389892578
12.586769872501819,43.02695287539604,132.9943389892578
12.586769923958084,43.02695281548925,132.9943389892578
12.586769970410511,43.02695275439169,132.9943389892578
12.586769978871319,43.02695267596372,132.9943389892578
12.586769992664077,43.02695260553703,132.9943389892578
12.586769992488293,43.02695254550174,132.9943389892578
12.586769983394678,43.02695249312506,132.9943389892578
12.586769959336445,43.02695246200232,132.9943389892578
12.586769960613776,43.02695243992598,132.9943389892578
12.586769967492579,43.026952423949126,132.9943389892578
12.586769926958022,43.02695239447974,132.9943389892578
12.586769932500909,43.02695238700104,132.9943389892578
12.586769945953835,43.0269523878834,132.9943389892578
12.586769958527865,43.02695237818592,132.9943389892578
12.586769943223407,43.026952358388314,132.9943389892578
12.586769955727126,43.02695232550939,132.9943389892578
12.586769964984796,43.026952272233196,132.9943389892578
12.5867699402586,43.02695221170103,132.9943389892578
12.586769938852367,43.026952167017235,132.9943389892578
12.586769924790067,43.02695213863582,132.9943389892578
12.586769898106862,43.026952121759464,132.9943389892578
12.586769849240396,43.026952105722636,132.9943389892578
12.586769808178508,43.02695209536552,132.9943389892578
12.586769757964401,43.02695208214714,132.9943389892578
12.586769678489016,43.026952068543245,132.9943389892578
12.586769606982264,43.02695206873172,132.9943389892578
12.58676953389351,43.02695209831248,132.9943389892578
12.586769470800698,43.026952143013425,132.9943389892578
12.586769404907148,43.026952226461454,132.9943389892578
12.586769345388502,43.0269522723446,132.9943389892578
12.586769287580774,43.02695230905282,132.9943389892578
12.586769251557877,43.02695234388495,132.9943389892578
12.586769223995795,43.02695238604159,132.9943389892578
12.586769205996063,43.026952435394236,132.9943389892578
12.586769190750198,43.026952489895464,132.9943389892578
12.586769184914349,43.02695254210938,132.9943389892578
12.58676917344187,43.02695260083398,132.9943389892578
12.586769162801403,43.026952665975024,132.9943389892578
12.586769144743071,43.02695274203002,132.9943389892578
12.586769131618265,43.026952812705126,132.9943389892578
12.586769123977756,43.02695287546463,132.9943389892578
12.586769121083274,43.026952918503625,132.9943389892578
12.586769140477513,43.026952946576635,132.9943389892578
12.586769127329259,43.0269529713172,132.9943389892578
12.586769085353305,43.026952985931956,132.9943389892578
12.586769039451633,43.02695297617449,132.9943389892578
12.586768948913909,43.026952943663936,132.9943389892578
12.586768849059922,43.02695290437713,132.9943389892578
12.586768736315502,43.02695286483334,132.9943389892578
12.586768632793605,43.02695281876173,132.9943389892578
12.586768520248398,43.02695278389534,132.9943389892578
12.586768402371236,43.02695275334656,132.9943389892578
12.586768254400777,43.0269527183945,132.9943389892578
12.586768130699497,43.026952706675296,132.9943389892578
12.586768014908253,43.02695270121831,132.9943389892578
12.586767916015196,43.02695269637814,132.9943389892578
12.586767827516514,43.02695267825104,132.9943389892578
12.586767735420228,43.026952680898155,132.9943389892578
12.586767644402054,43.02695269735475,132.9943389892578
12.586767558739274,43.02695271381135,132.9943389892578
12.58676749735738,43.02695274121616,132.9943389892578
12.586767442889439,43.026952764012094,132.9943389892578
12.58676738422625,43.02695277837841,132.9943389892578
12.586767339262085,43.02695278087988,132.9943389892578
12.586767328070858,43.02695278799023,132.9943389892578
12.586767335488728,43.02695280859311,132.9943389892578
12.586767357343877,43.02695284389641,132.9943389892578
12.586767387987956,43.026952905225286,132.9943389892578
12.58676743051467,43.02695297358738,132.9943389892578
12.586767465904765,43.026953022297526,132.9943389892578
12.58676750518543,43.026953048048966,132.9943389892578
12.586767528364769,43.026953081159185,132.9943389892578
12.586767553372209,43.026953122621926,132.9943389892578
12.586767606363608,43.02695318193763,132.9943389892578
12.586767622359456,43.02695322003364,132.9943389892578
12.586767624164109,43.026953251361995,132.9943389892578
12.586767621855554,43.02695328019744,132.9943389892578
12.586767617461083,43.02695331055775,132.9943389892578
12.586767593988775,43.026953337260096,132.9943389892578
12.586767569555542,43.026953365778574,132.9943389892578
12.586767551063629,43.0269534179411,132.9943389892578
12.586767515591493,43.02695345166812,132.9943389892578
12.586767466525812,43.026953484041606,132.9943389892578
12.586767411800057,43.026953511866175,132.89434814453125
12.586767351707206,43.02695354432534,132.89434814453125
12.586767309438313,43.026953569451415,132.89434814453125
12.586767275571631,43.02695359253005,132.89434814453125
12.586767247236116,43.02695360990327,132.89434814453125
12.586767225275503,43.026953621296954,132.89434814453125
12.586767202810995,43.02695362518623,132.89434814453125
12.586767179444156,43.0269536224449,132.89434814453125
12.586767160003044,43.026953604069355,132.89434814453125
12.586767146901675,43.02695357421447,132.89434814453125
12.586767126300412,43.0269535383372,132.9943389892578
12.586767092281377,43.026953492522594,132.9943389892578
12.586767048828898,43.026953452636135,132.9943389892578
12.586767004274876,43.02695340646173,132.9943389892578
12.586766975048752,43.02695336546159,132.9943389892578
12.58676694760385,43.02695328833575,132.9943389892578
12.586766927260403,43.02695319028151,132.9943389892578
12.586766901045939,43.02695302809708,132.9943389892578
12.58676684711704,43.026952823045,132.9943389892578
12.58676676854398,43.02695260713037,132.9943389892578
12.586766677478927,43.02695238605004,132.9943389892578
12.586766584738124,43.026952133281554,132.9943389892578
12.586766508286146,43.02695186320838,132.9943389892578
12.586766450443259,43.02695161019145,132.9943389892578
12.586766400240874,43.02695134351068,132.9943389892578
12.586766344284666,43.02695104693219,132.9943389892578
12.586766270668567,43.02695075976848,132.9943389892578
12.586766177271516,43.02695045202761,132.9943389892578
12.586766100409385,43.02695016040924,132.9943389892578
12.586766063906028,43.02694983822495,132.9943389892578
12.586766012637257,43.02694955695512,132.9943389892578
12.586765937263367,43.0269492595114,132.9943389892578
12.586765833647709,43.02694896497178,132.9943389892578
12.586765710672964,43.02694863503463,132.9943389892578
12.586765581991278,43.026948300454336,132.9943389892578
12.586765446172992,43.0269479320785,132.9943389892578
12.58676533333483,43.02694758011641,132.9943389892578
12.586765221563056,43.02694718499539,132.9943389892578
12.58676512306843,43.02694678756993,132.9943389892578
12.586765005577986,43.02694633167689,132.9943389892578
12.586764895657742,43.026945894433496,132.9943389892578
12.58676477445251,43.026945426607064,132.9943389892578
12.58676465171215,43.02694494448283,132.9943389892578
12.58676452624136,43.026944461424826,132.9943389892578
12.586764418758586,43.02694394442564,132.9943389892578
12.58676431343203,43.026943351534214,132.9943389892578
12.586764200160275,43.02694273219744,132.9943389892578
12.586764093509515,43.026942049381574,132.9943389892578
12.586763989307935,43.02694135318455,132.9943389892578
12.586763882047816,43.026940572048886,132.9943389892578
12.58676379619753,43.02693978358871,132.9943389892578
12.586763725229842,43.02693888072049,132.9943389892578
12.586763654965258,43.02693796462534,132.9943389892578
12.586763588544361,43.02693691448733,132.9943389892578
12.586763475553841,43.026935874903465,132.9943389892578
12.586763331766907,43.0269347102889,132.9943389892578
12.586763174948917,43.02693353743319,132.9943389892578
12.5867630114865,43.02693221997191,132.9943389892578
12.5867628358602,43.02693094017833,132.9943389892578
12.586762633046801,43.026929543954985,132.9943389892578
12.586762421046028,43.026928136851964,132.9943389892578
12.58676217425281,43.02692659791629,132.89434814453125
12.586761916139457,43.02692507046852,132.89434814453125
12.58676163637018,43.02692340010284,132.89434814453125
12.586761368366357,43.026921740728206,132.89434814453125
12.586761086546325,43.02691998720575,132.89434814453125
12.586760824448659,43.026918287173665,132.9943389892578
12.586760518207107,43.0269164406856,132.9943389892578
12.586760237957359,43.02691469417926,132.9943389892578
12.58675992086441,43.02691282655719,132.9943389892578
12.586759608083895,43.02691099155703,132.9943389892578
12.586759240062007,43.02690894120764,132.9943389892578
12.586758861071525,43.0269068415056,132.9943389892578
12.586758476479568,43.026904782032716,132.9943389892578
12.586758081376054,43.02690264835524,132.9943389892578
12.586757616394676,43.02690037340463,132.9943389892578
12.586757145917282,43.02689815787679,132.9943389892578
12.58675662072586,43.02689577941927,132.9943389892578
12.586756099460166,43.02689343934904,132.9943389892578
12.586755569030554,43.02689094213161,132.9943389892578
12.586755074248853,43.026888503377485,132.9943389892578
12.586754561139307,43.02688583992791,132.9943389892578
12.586754101923482,43.0268832804864,132.9943389892578
12.586753636356194,43.02688053683127,132.9943389892578
12.586753213151553,43.026877879215604,132.9943389892578
12.586752763966828,43.02687502881108,132.9943389892578
12.586752356711166,43.02687228318133,132.9943389892578
12.586751932194039,43.0268693516075,132.9943389892578
12.586751548281777,43.026866470165885,132.9943389892578
12.586751130104401,43.02686344423222,132.9943389892578
12.586750728801775,43.02686053609254,132.9943389892578
12.586750313565771,43.026857451916165,132.9943389892578
12.586749957309356,43.026854474056556,132.9943389892578
12.586749600842003,43.02685133891699,132.9943389892578
12.586749251874524,43.026848333624734,132.9943389892578
12.586748889875985,43.026845109560874,132.9943389892578
12.58674849180767,43.026842064271875,132.9943389892578
12.586748037080046,43.026838850993464,132.9943389892578
12.586747582493043,43.026835775090355,132.9943389892578
12.586747110386774,43.02683249523599,132.9943389892578
12.586746629444702,43.02682938007861,132.9943389892578
12.586746112339107,43.0268260853482,132.9943389892578
12.586745624002623,43.02682274965099,132.9943389892578
12.586745181204519,43.02681957374686,132.9943389892578
12.586744746644577,43.02681637725326,132.9943389892578
12.586744281991324,43.02681300196608,132.9943389892578
12.586743832080044,43.0268097685442,132.9943389892578
12.586743346040384,43.026806362594726,132.9943389892578
12.586742864535816,43.026803116403144,132.9943389892578
12.58674231697364,43.02679968577735,132.9943389892578
12.586741801461766,43.02679643567078,132.9943389892578
12.586741248532482,43.02679301578868,132.9943389892578
12.586740725766814,43.02678975967366,132.9943389892578
12.58674014779493,43.0267863190982,132.9943389892578
12.586739615584085,43.02678306571597,132.9943389892578
12.586739039041865,43.02677965421676,132.9943389892578
12.586738463530882,43.02677641435448,132.9943389892578
12.586737858043785,43.02677301113455,132.9943389892578
12.586737272337647,43.02676977215238,132.9943389892578
12.586736652577327,43.02676636737333,132.9943389892578
12.586736051332359,43.0267631384147,132.9943389892578
12.586735414978534,43.02675975652583,132.9943389892578
12.586734804475888,43.026756551075245,132.9943389892578
12.586734151692625,43.02675319570774,132.9943389892578
12.58673353956109,43.02675001774764,132.9943389892578
12.586732823216211,43.02674670188325,132.9943389892578
12.586731932311379,43.026743597675846,132.9943389892578
12.586730650439662,43.02674039389794,132.9943389892578
12.586729029678438,43.02673745134597,132.9943389892578
12.58672689767092,43.02673449610676,132.9943389892578
12.58672452433106,43.0267318358441,132.9943389892578
12.586721656877462,43.02672927224787,132.9943389892578
12.586718647160367,43.02672708166209,132.9943389892578
12.586715224937697,43.02672507702467,132.9943389892578
12.586711727118505,43.026723486821865,132.9943389892578
12.586707848644838,43.02672219839324,132.9943389892578
12.586704030017957,43.02672129476276,132.9943389892578
12.586699892118501,43.026720753151615,132.9943389892578
12.58669599174288,43.02672027437696,132.9943389892578
12.586691932439942,43.02671965912645,132.9943389892578
12.586688095707917,43.02671890131354,132.9943389892578
12.586684041924434,43.02671807425189,132.9943389892578
12.586680271636743,43.02671714310938,132.9943389892578
12.5866763625308,43.02671610576574,132.9943389892578
12.5866725757199,43.026715160158375,132.9943389892578
12.586668683184008,43.02671415914172,132.9943389892578
12.586664972989155,43.026713190477125,132.9943389892578
12.58666105957076,43.026712156564415,132.9943389892578
12.586657266877129,43.026711065147865,132.9943389892578
12.586653373263124,43.026709989271296,132.9943389892578
12.586649646966924,43.02670903427062,132.9943389892578
12.586645534215531,43.02670813731778,132.9943389892578
12.586641733904814,43.026707424231624,132.9943389892578
12.586637729644012,43.026706829309965,132.9943389892578
12.586633911380448,43.026706388579996,132.9943389892578
12.586629816136623,43.02670599538653,132.9943389892578
12.586625983412333,43.026705720781614,132.9943389892578
12.58662194880042,43.02670550771118,132.9943389892578
12.586618088209365,43.026705313555944,132.9943389892578
12.586614083948573,43.02670522069315,132.9943389892578
12.586610289778411,43.026705213471494,132.9943389892578
12.586606324235795,43.026705317762314,132.9943389892578
12.586602392512992,43.02670552575281,132.9943389892578
12.586598700622567,43.026705837125995,132.9943389892578
12.586595030833367,43.026706246587665,132.9943389892578
12.58659122463994,43.02670672437719,132.9943389892578
12.586587570342697,43.02670731468149,132.9943389892578
12.586583739704329,43.02670802350582,132.9943389892578
12.586580126211182,43.02670878835196,132.9943389892578
12.586576406477436,43.02670971788399,132.9943389892578
12.586572925122953,43.02671071130202,132.9943389892578
12.586569345004321,43.02671188014427,132.9943389892578
12.586565830064403,43.026713181136145,132.9943389892578
12.586562567823854,43.02671451971858,132.9943389892578
12.586559392207027,43.026715966429684,132.9943389892578
12.586556168004995,43.026717599453235,132.9943389892578
12.586553240821988,43.02671927256457,132.9943389892578
12.586550298428282,43.02672113314486,132.9943389892578
12.58654765605355,43.02672300693925,132.9943389892578
12.58654510140409,43.026725117962165,132.9943389892578
12.58654282068806,43.02672719752823,132.9943389892578
12.58654062383016,43.02672947592265,132.9943389892578
12.58653863338326,43.02673184614333,132.9943389892578
12.58653698303286,43.02673418614076,132.9943389892578
12.586535474945975,43.026736586524706,132.9943389892578
12.586534094169703,43.0267391783954,132.9943389892578
12.586532993350213,43.02674171735398,132.9943389892578
12.58653206022355,43.026744415847695,132.9943389892578
12.58653141249109,43.02674701178967,132.9943389892578
12.586530993294291,43.02674975673193,132.9943389892578
12.586530867155634,43.02675237357874,132.9943389892578
12.586530956310648,43.02675510229569,132.9943389892578
12.586531279391883,43.02675780297174,132.9943389892578
12.586531828149438,43.02676032411158,132.9943389892578
12.586532575935298,43.02676281454415,132.9943389892578
12.586533610591893,43.02676537806229,132.9943389892578
12.586534827987958,43.02676774880118,132.9943389892578
12.586536343012403,43.02677013774533,132.9943389892578
12.586537997511337,43.026772325225785,132.9943389892578
12.586539954044838,43.026774514569475,132.9943389892578
12.586542032896833,43.026776449801325,132.9943389892578
12.586544399463298,43.026778367955934,132.9943389892578
12.586546829146013,43.026780052187746,132.9943389892578
12.586549570449083,43.026781663371374,132.9943389892578
12.586552381243303,43.026782994471525,132.9943389892578
12.586555395753233,43.02678429422966,132.9943389892578
12.586558364841961,43.026785378371414,132.9943389892578
12.586561610395329,43.026786296542824,132.9943389892578
12.58656476484848,43.02678705648014,132.9943389892578
12.586568124376678,43.02678774342886,132.9943389892578
12.586571308360591,43.02678840102014,132.9943389892578
12.586574651881199,43.026789103579006,132.9943389892578
12.586577793561066,43.026789878564855,132.9943389892578
12.586581094590137,43.02679072839993,132.9943389892578
12.586584183677042,43.0267914905775,132.9943389892578
12.586587461690815,43.02679237222602,132.9943389892578
12.586590562590022,43.02679321225653,132.9943389892578
12.586593798745026,43.02679409105555,132.9943389892578
12.586596806106561,43.02679493836239,132.9943389892578
12.586599987395218,43.026795819386614,132.9943389892578
12.586603027123495,43.026796663963886,132.9943389892578
12.58660625664582,43.02679754106349,132.9943389892578
12.586609505527226,43.02679846722448,132.9943389892578
12.586612594356314,43.026799365402404,132.9943389892578
12.58661569513836,43.026800277505465,132.9943389892578
12.586618945590054,43.02680126973483,132.9943389892578
12.586622047778324,43.02680221048274,132.9943389892578
12.586625294878493,43.02680320103089,132.9943389892578
12.58662835689548,43.02680417621255,132.9943389892578
12.586631567082131,43.02680517364619,132.9943389892578
12.586634577021751,43.02680617398395,132.9943389892578
12.586637680663097,43.026807314598976,132.9943389892578
12.586640693180799,43.02680858744714,132.9943389892578
12.586643504068686,43.026809853482646,132.9943389892578
12.586646268176027,43.026811206695896,132.9943389892578
12.586649067204725,43.02681273330411,132.9943389892578
12.586651769180175,43.026814185193736,132.9943389892578
12.586654575286884,43.02681572468729,132.9943389892578
12.586657199427544,43.02681719189628,132.9943389892578
12.586659868192536,43.026818811182046,132.9943389892578
12.586662385108228,43.02682035445515,132.9943389892578
12.586664978663414,43.026822048227686,132.9943389892578
12.586667363698256,43.026823770629264,132.9943389892578
12.586669833528711,43.026825546919,132.9943389892578
12.586672127369594,43.02682725801268,132.9943389892578
12.586674477717448,43.02682907877124,132.9943389892578
12.586676640732158,43.026830864466,132.9943389892578
12.586678903026646,43.026832729118105,132.9943389892578
12.586681039276142,43.02683453724351,132.9943389892578
12.586683267797703,43.02683652814654,132.9943389892578
12.586685365329018,43.02683841723884,132.9943389892578
12.586687536827982,43.02684045325723,132.9943389892578
12.58668967783521,43.0268425265364,132.9943389892578
12.586691642548182,43.02684460643652,132.9943389892578
12.586693603007319,43.02684662951493,132.9943389892578
12.58669564780505,43.02684878178639,132.9943389892578
12.58669758500282,43.026850907055646,132.9943389892578
12.586699604324362,43.02685308917126,132.9943389892578
12.586701471445014,43.02685518621332,132.9943389892578
12.586703380787716,43.02685741741174,132.9943389892578
12.58670516856192,43.02685959019396,132.9943389892578
12.586707039526303,43.026861831029876,132.9943389892578
12.586708810390617,43.026863964773725,132.9943389892578
12.586710701827368,43.02686624329233,132.9943389892578
12.586712548874154,43.02686836655698,132.9943389892578
12.586714522868256,43.02687059591142,132.9943389892578
12.586716413742499,43.026872721823175,132.9943389892578
12.586718427720385,43.026874998765514,132.9943389892578
12.586720341106014,43.02687712352078,132.9943389892578
12.586722367306374,43.02687934552498,132.9943389892578
12.58672435233937,43.026881457969914,132.9943389892578
12.58672635177449,43.02688362178065,132.9943389892578
12.58672823854722,43.0268856448494,132.9943389892578
12.586730201549283,43.026887757328616,133.09434509277344
12.586732079427607,43.026889778799685,133.09434509277344
12.586733977614228,43.026891905448174,133.09434509277344
12.586735773380509,43.02689391881517,133.09434509277344
12.5867377242773,43.02689601044307,133.09434509277344
12.586739521508395,43.026898014134,132.9943389892578
12.58674139319932,43.026900135878066,132.9943389892578
12.586743186258625,43.026902161409744,132.9943389892578
12.586745133475796,43.026904290255594,132.9943389892578
12.586747087173327,43.026906367461464,132.9943389892578
12.586748922923379,43.02690829969342,132.9943389892578
12.586750744622845,43.02691020704773,132.9943389892578
12.586752593825814,43.02691218896642,132.9943389892578
12.586754320651703,43.02691405591171,132.9943389892578
12.586756128886554,43.026916007744234,132.9943389892578
12.58675789941102,43.02691786409254,132.9943389892578
12.586759706052126,43.02691979531362,132.9943389892578
12.586761384937304,43.026921625944745,132.9943389892578
12.586763117493563,43.026923533778785,133.09434509277344
12.586764805214573,43.02692544587905,133.09434509277344
12.58676640649938,43.0269272784634,133.09434509277344
12.586768040936047,43.02692914304429,133.09434509277344
12.586769832120382,43.02693112220453,133.09434509277344
12.586771535462251,43.026932997133954,132.9943389892578
12.586773320224781,43.02693495009727,132.9943389892578
12.586774994117867,43.026936782690164,132.9943389892578
12.586776750193327,43.02693867022973,132.9943389892578
12.58677842011382,43.02694043967761,132.9943389892578
12.586780161576213,43.026942270711366,132.9943389892578
12.586781900073797,43.02694409360678,132.9943389892578
12.58678350340934,43.02694579022931,132.9943389892578
12.586785095670823,43.02694748384495,132.9943389892578
12.586786771298266,43.02694924856403,132.9943389892578
12.586788370626069,43.02695094066336,132.9943389892578
12.586790066339148,43.02695271590233,132.9943389892578
12.586791683561206,43.02695439383237,132.9943389892578
12.586793372448202,43.02695611845938,132.9943389892578
12.586794943516633,43.02695772986913,132.9943389892578
12.586796572099844,43.02695936896639,133.09434509277344
12.586798146900653,43.02696087504024,133.09434509277344
12.586799764269184,43.02696243976158,133.09434509277344
12.586801263953907,43.02696391389029,132.9943389892578
12.586802792894057,43.026965454248,132.9943389892578
12.58680424388812,43.026966891385776,132.9943389892578
12.586805782566424,43.026968379726604,132.9943389892578
12.5868072346796,43.026969774622074,132.9943389892578
12.586808734739318,43.02697121940133,132.9943389892578
12.586810123454995,43.026972580038645,132.9943389892578
12.58681155973052,43.02697399359236,132.9943389892578
12.58681298751008,43.02697538257681,132.9943389892578
12.586815600072777,43.02697793916556,132.9943389892578
12.586816915799298,43.02697923503021,132.9943389892578
12.586818124746168,43.02698047293269,132.9943389892578
12.58681940589119,43.02698174109271,132.9943389892578
12.586820623662149,43.02698293671005,132.9943389892578
12.586821882459823,43.02698416883858,132.9943389892578
12.586823021101079,43.02698529561407,132.9943389892578
12.586824178070188,43.02698644342934,132.9943389892578
12.586825238624728,43.02698750665721,132.9943389892578
12.586826318696565,43.02698860612213,132.9943389892578
12.58682735960492,43.02698964119988,132.9943389892578
12.586828451301582,43.02699073204674,132.9943389892578
12.586829481616343,43.026991782887194,132.9943389892578
12.586830552992987,43.02699290042782,132.9943389892578
12.586831559618643,43.026993938435375,132.9943389892578
12.58683259275757,43.026994990732156,132.9943389892578
12.58683354563011,43.02699595472358,132.9943389892578
12.586834507467364,43.0269969488012,132.9943389892578
12.586835401670868,43.0269978885318,132.9943389892578
12.58683633384842,43.02699887685261,132.9943389892578
12.586837235247138,43.026999819958476,132.9943389892578
12.58683819839689,43.027000776668245,132.9943389892578
12.586839128728776,43.02700167711205,132.9943389892578
12.586840124341915,43.027002627551006,132.9943389892578
12.58684107782384,43.02700352520206,132.9943389892578
12.586842084212206,43.02700447749143,132.9943389892578
12.58684305767138,43.02700540783297,132.9943389892578
12.586844129074416,43.027006419026826,132.9943389892578
12.5868451418875,43.02700741132261,132.9943389892578
12.586846220441792,43.02700849471646,132.9943389892578
12.586847257433217,43.02700955184487,132.9943389892578
12.586848348253916,43.02701069498274,132.9943389892578
12.586849374437872,43.02701178168332,132.9943389892578
12.586850420555107,43.02701290081733,132.9943389892578
12.586851378712714,43.027013923850326,132.9943389892578
12.58685232380705,43.02701494904212,133.09434509277344
12.586853202867227,43.02701589305605,133.09434509277344
12.586854200580923,43.027016922634,133.09434509277344
12.586855086393935,43.02701786661368,133.09434509277344
12.586855966450191,43.027018812957756,133.09434509277344
12.5868568463541,43.02701976481878,133.09434509277344
12.586857733385825,43.02702077486471,133.09434509277344
12.586858570024729,43.02702173597774,133.09434509277344
12.586859395460674,43.02702273714857,133.09434509277344
12.586860136323669,43.02702368220766,133.09434509277344
12.586860883652395,43.02702467398942,133.09434509277344
12.586861586611674,43.02702562021356,133.09434509277344
12.586862324796995,43.027026617289536,133.09434509277344
12.58686306746174,43.027027615633365,132.9943389892578
12.586863826737565,43.0270286161874,132.9943389892578
12.586864511260591,43.027029525626226,132.9943389892578
12.586865250559171,43.02703055249711,132.9943389892578
12.586865952853419,43.02703153514678,132.9943389892578
12.586866737051736,43.02703264456621,132.9943389892578
12.58686743441834,43.027033620088424,132.9943389892578
12.586868242888759,43.02703472527589,132.9943389892578
12.586869022447972,43.02703576768673,132.9943389892578
12.586869831745991,43.027036856597505,132.9943389892578
12.586870578065456,43.02703790094441,132.9943389892578
12.58687133533447,43.02703896617688,132.9943389892578
12.586872016193947,43.02703993864931,132.9943389892578
12.58687266011497,43.0270408760497,132.9943389892578
12.586873096589368,43.02704152245708,132.9943389892578
12.586873422581037,43.0270420453672,132.9943389892578
12.586873624843614,43.02704240408835,132.9943389892578
12.586873801606586,43.027042695663866,133.09434509277344
12.586873915185944,43.02704291748949,133.09434509277344
12.586874034141196,43.02704312817841,133.09434509277344
12.586874143693754,43.02704330045433,133.09434509277344
12.58687427550574,43.02704338838272,133.09434509277344
12.586874346180464,43.0270434712739,133.09434509277344
12.586874400523891,43.02704353651774,132.9943389892578
12.586874429943371,43.02704357981373,132.9943389892578
12.586874465772919,43.02704362091667,132.9943389892578
12.586874492681698,43.02704365622853,132.9943389892578
12.58687450814143,43.02704369789687,132.9943389892578
12.58687449140437,43.027043725036116,132.9943389892578
12.586874471244016,43.027043780376864,132.9943389892578
12.586874458514712,43.02704381914966,132.9943389892578
12.586874445879154,43.02704383794496,132.9943389892578
12.586874429650393,43.02704384298216,133.09434509277344
12.586874399250943,43.02704383504941,133.09434509277344
12.586874368908616,43.0270438223022,133.09434509277344
12.586874309795727,43.027043801433756,133.09434509277344
12.586874261112365,43.02704378500286,132.9943389892578
12.586874209815772,43.027043755122264,132.9943389892578
12.586874165074251,43.02704369585797,133.09434509277344
12.586874131214884,43.027043645725755,133.09434509277344
12.586874073590236,43.02704359949994,133.09434509277344
12.586873976689322,43.027043559956155,133.09434509277344
12.58687386722317,43.02704353122351,133.09434509277344
12.58687376105434,43.02704350975541,133.09434509277344
12.58687365892988,43.027043486162775,133.09434509277344
12.586873544984298,43.02704344101635,133.09434509277344
12.586873423576925,43.02704340931964,133.09434509277344
12.586873299628087,43.027043379456195,133.09434509277344
12.586873198464561,43.02704335728563,133.09434509277344
12.586873106503045,43.02704334630316,133.09434509277344
12.586873035148638,43.02704334599475,133.09434509277344
12.586872961222006,43.027043357885304,133.09434509277344
12.58687291070764,43.02704337856527,133.09434509277344
12.586872883914598,43.02704339948511,133.09434509277344
12.58687288785058,43.027043418623066,133.09434509277344
12.58687289356338,43.02704343788097,133.09434509277344
12.586872898924627,43.02704345792699,133.09434509277344
12.58687288414018,43.02704346407787,133.09434509277344
12.586872884875529,43.02704345307825,133.09434509277344
12.58687294190399,43.02704342525368,133.09434509277344
12.586872972392788,43.02704341086165,133.09434509277344
12.586872987771947,43.027043402175046,133.09434509277344
12.586873000773709,43.027043393385625,133.09434509277344
12.58687305177296,43.027043367411444,133.09434509277344
12.586873094586783,43.027043349986805,133.09434509277344
12.586873143021126,43.02704332927257,133.09434509277344
12.586873199676045,43.02704330125954,133.09434509277344
12.586873251681627,43.02704328424611,133.09434509277344
12.586873316163093,43.027043282190114,133.09434509277344
12.586873394643861,43.027043292795675,133.09434509277344
12.58687346732832,43.02704329632513,133.09434509277344
12.586873523722497,43.02704331126543,133.09434509277344
12.58687356803189,43.02704331693656,133.09434509277344
12.586873590201959,43.02704331537744,133.09434509277344
12.586873591596461,43.02704332373851,133.09434509277344
12.586873590029104,43.027043342054085,133.09434509277344
12.586873590084766,43.027043374367615,133.09434509277344
12.586873562089076,43.027043414254074,133.09434509277344
12.586873515704008,43.02704345146773,133.09434509277344
12.586873445777801,43.02704348253051,133.09434509277344
12.58687334886519,43.02704351561503,133.09434509277344
12.586873321899294,43.027043549093634,133.09434509277344
12.586873310164606,43.027043582846346,133.09434509277344
12.586873293956343,43.02704361053385,133.09434509277344
12.586873240418551,43.02704362281847,133.09434509277344
12.586873167186226,43.027043624189126,133.09434509277344
12.586873086748449,43.027043615742386,133.09434509277344
12.586872971639806,43.027043612881116,133.09434509277344
12.586872878169517,43.02704360756977,133.09434509277344
12.586872775085604,43.027043599585625,133.09434509277344
12.586872696345566,43.02704359504528,133.09434509277344
12.58687262410789,43.02704358101307,133.09434509277344
12.586872604211235,43.02704359343476,133.09434509277344
12.586872618485943,43.027043619357535,133.09434509277344
12.586872659474606,43.02704364476631,133.09434509277344
12.586872734022334,43.02704366943835,133.09434509277344
12.586872813843414,43.02704368912458,133.09434509277344
12.586872891698697,43.02704371251162,133.09434509277344
12.586872955645493,43.02704372947365,133.09434509277344
12.586872995544304,43.027043760467905,133.09434509277344
12.586873011191521,43.02704379350103,133.09434509277344
12.586873032692166,43.02704380751612,133.09434509277344
12.58687301372564,43.027043826311406,133.09434509277344
12.586872982809105,43.02704383631729,133.09434509277344
12.586872957139567,43.02704383994956,133.09434509277344
12.586872966133583,43.027043841868505,133.09434509277344
12.586872957373945,43.02704386328521,133.09434509277344
12.586872939954276,43.02704389393679,133.09434509277344
12.586872920504367,43.02704391324608,133.09434509277344
12.58687287892539,43.02704394290392,133.09434509277344
12.586872831052073,43.02704396808998,133.09434509277344
12.586872770483142,43.027043990037804,133.09434509277344
12.586872719584973,43.02704400921003,133.09434509277344
12.586872656502422,43.0270440164403,133.09434509277344
12.58687261759383,43.02704401327064,133.09434509277344
12.586872580491361,43.027043995057866,133.09434509277344
12.58687255955173,43.027043987365,133.09434509277344
12.586872546242361,43.02704399331027,133.09434509277344
12.586872541478769,43.02704400867891,133.09434509277344
12.586872557544948,43.02704401799945,133.09434509277344
12.586872589322807,43.02704403501288,133.09434509277344
12.586872629517527,43.027044050946905,133.09434509277344
12.586872672214156,43.027044047417434,133.09434509277344
12.586872714546043,43.027044069416675,133.09434509277344
12.58687274668716,43.02704409204984,133.09434509277344
12.586872772755129,43.027044117475754,133.09434509277344
12.586872801379213,43.027044135911254,133.1943359375
12.58687281460069,43.02704417076051,133.1943359375
12.586872818612836,43.02704420256003,133.1943359375
12.58687282690812,43.02704421347398,133.1943359375
12.586872826559492,43.027044227883124,133.1943359375
12.586872821995108,43.02704423886561,133.09434509277344
12.586872815781328,43.02704424467381,133.09434509277344
12.58687281110415,43.02704424158981,133.09434509277344
12.586872795349983,43.027044245718955,133.09434509277344
12.586872771895253,43.0270442522639,133.09434509277344
12.586872772186757,43.02704424439968,133.09434509277344
12.58687276547055,43.02704425425137,133.09434509277344
12.586872764366078,43.02704426110471,133.1943359375
12.586872768612603,43.02704426211558,133.1943359375
12.586872780965452,43.0270442393796,133.1943359375
12.586872795553617,43.0270442027656,133.1943359375
12.586872815889745,43.027044167984876,133.1943359375
12.586872832462742,43.02704412898935,133.1943359375
12.586872856832983,43.027044115659606,133.1943359375
12.586872872890355,43.02704411533408,133.1943359375
12.586872870463134,43.02704412019995,133.1943359375
12.586872850554728,43.02704410387185,133.1943359375
12.586872820026372,43.02704410046231,133.1943359375
12.586872778763802,43.027044092495295,133.1943359375
12.586872718930215,43.02704407512207,133.1943359375
12.586872670418234,43.02704406126118,133.1943359375
12.58687262074905,43.02704404289421,133.1943359375
12.5868725726443,43.02704401950717,133.1943359375
12.586872526749968,43.02704400136294,133.1943359375
12.586872499113177,43.027043994698076,133.1943359375
12.58687248209488,43.02704399305327,133.1943359375
12.586872465464758,43.02704399817615,133.1943359375
12.586872467115619,43.027044001328676,133.1943359375
12.586872478948456,43.0270440090387,133.1943359375
12.58687249485203,43.02704402646333,133.1943359375
12.586872496208453,43.02704404827411,133.1943359375
12.586872503872398,43.027044075790286,133.1943359375
12.58687250789919,43.027044101010596,133.1943359375
12.586872504159496,43.02704411677328,133.1943359375
12.586872497263117,43.027044134660514,133.1943359375
12.586872494783176,43.027044141462454,133.1943359375
12.586872502085313,43.02704413836131,133.1943359375
12.586872526257812,43.027044129280625,133.1943359375
12.586872552960052,43.027044129314895,133.1943359375
12.586872580772628,43.02704412729315,133.1943359375
12.586872616893677,43.02704412451755,133.1943359375
12.586872644540726,43.027044124551814,133.1943359375
12.586872685447352,43.027044123609485,133.1943359375
12.58687272603171,43.02704412624802,133.1943359375
12.586872782213494,43.02704413241603,133.1943359375
12.586872820350127,43.027044151416945,133.1943359375
12.58687284911923,43.027044173090644,133.1943359375
12.586872886201196,43.02704418523819,133.1943359375
12.586872902462181,43.027044198242415,133.1943359375
12.586872908715502,43.02704421047563,133.1943359375
12.586872903081794,43.02704422210918,133.1943359375
12.586872888005841,43.0270442303846,133.1943359375
12.586872871229236,43.02704422940799,133.1943359375
12.586872859731852,43.027044227985925,133.1943359375
12.58687285181449,43.027044218733906,133.1943359375
12.586872851293014,43.02704423562741,133.1943359375
12.586872849204175,43.027044263160725,133.1943359375
12.586872849891185,43.02704429259583,133.1943359375
12.58687285547655,43.0270443253377,133.1943359375
12.586872860265046,43.027044354327344,133.1943359375
12.586872848143635,43.027044375230034,133.1943359375
12.586872814213958,43.02704438119245,133.1943359375
12.586872759681553,43.027044371614885,133.1943359375
12.586872683710013,43.027044362739815,133.1943359375
12.586872598312354,43.02704435992994,133.1943359375
12.586872523534664,43.02704436770849,133.1943359375
12.586872476399643,43.02704440019336,133.1943359375
12.586872471224451,43.02704446571135,133.1943359375
12.586872514422092,43.02704455797451,133.1943359375
12.586872652825837,43.0270447307645,133.1943359375
12.586872867929122,43.02704496269883,133.1943359375
12.586873180910352,43.02704528048845,133.1943359375
12.58687357157695,43.02704565671997,133.1943359375
12.586874028264544,43.02704610797848,133.1943359375
12.58687455371087,43.02704663044322,133.1943359375
12.586875194100328,43.0270472338117,133.1943359375
12.586875878081413,43.027047837934035,133.1943359375
12.586876680701366,43.02704848814509,133.1943359375
12.586877534085456,43.027049083717856,133.1943359375
12.58687854398577,43.027049684259296,133.1943359375
12.586879550542626,43.02705023057365,133.1943359375
12.586880691981756,43.02705077700793,133.1943359375
12.58688196490625,43.027051288798546,133.1943359375
12.586883272912884,43.02705170890853,133.1943359375
12.586884709461303,43.02705202109546,133.1943359375
12.586886339296807,43.02705219069852,133.1943359375
12.586887986163763,43.02705215485546,133.1943359375
12.58688968854433,43.027051954926186,133.1943359375
12.586891274655919,43.0270515936692,133.1943359375
12.586892909594793,43.0270510546022,133.1943359375
12.586894471179251,43.0270504599032,133.1943359375
12.586895955043914,43.027049837945015,133.1943359375
12.586897463045883,43.02704906122114,133.1943359375
12.586898807513624,43.02704811994846,133.09434509277344
12.586900019219412,43.02704708137544,133.09434509277344
12.586901140881874,43.02704587044083,133.09434509277344
12.586902130621084,43.027044645302695,133.09434509277344
12.586903216726588,43.02704344831467,133.09434509277344
12.586904472136213,43.02704217513458,133.09434509277344
12.586905837230205,43.027040885163785,133.09434509277344
12.586907114330833,43.02703955708839,133.09434509277344
12.586908417738147,43.02703814260944,133.09434509277344
12.58690958995749,43.02703665692425,133.09434509277344
12.58691061211466,43.027035188389576,133.09434509277344
12.586911680084173,43.02703371790171,133.1943359375
12.58691286100171,43.02703216632164,133.1943359375
12.58691401677117,43.027030683977486,133.1943359375
12.586915235667117,43.02702916589313,133.1943359375
12.586916506042767,43.02702761960727,133.1943359375
12.586917783314803,43.02702606802719,133.1943359375
12.586918970169238,43.02702458316443,133.1943359375
12.586920256865936,43.027023024782416,133.1943359375
12.586921555290004,43.02702146175726,133.1943359375
12.58692279374133,43.027019984535976,133.1943359375
12.58692402691636,43.0270184886222,133.1943359375
12.5869253236295,43.02701692782438,133.1943359375
12.586926523462223,43.02701542072249,133.1943359375
12.586927645307801,43.02701386172366,133.1943359375
12.58692868530202,43.02701217845654,133.1943359375
12.586929537119355,43.02701044265856,133.1943359375
12.586930223537822,43.02700877976304,133.1943359375
12.586930890907755,43.02700703580958,133.1943359375
12.586931478462468,43.02700525938841,133.1943359375
12.586931988908953,43.02700356590982,133.1943359375
12.586932435711855,43.02700185149428,133.1943359375
12.58693288505183,43.02700006821976,133.1943359375
12.58693322149208,43.0269983826054,133.1943359375
12.586933387552977,43.02699667925802,133.1943359375
12.586933223220328,43.026994833772264,133.1943359375
12.58693290650521,43.026993122526406,133.1943359375
12.586932394333044,43.02699143319412,133.1943359375
12.586931649676051,43.02698968187334,133.1943359375
12.586930722133106,43.02698797316323,133.1943359375
12.586929682771526,43.02698639045185,133.1943359375
12.58692849958493,43.02698485711884,133.1943359375
12.586927031695517,43.02698332342604,133.1943359375
12.586925501513106,43.026981960484314,133.1943359375
12.586923768698975,43.026980597988036,133.1943359375
12.58692197110167,43.026979281254945,133.1943359375
12.586920307758245,43.0269779659439,133.1943359375
12.586918587937141,43.02697652221831,133.09434509277344
12.586916992646403,43.02697509153123,133.09434509277344
12.58691529470386,43.02697358381255,133.09434509277344
12.58691368740157,43.02697210456952,133.09434509277344
12.586912048368305,43.02697062019505,133.09434509277344
12.586910253558546,43.02696904556203,133.09434509277344
12.586908551047216,43.026967520298804,133.09434509277344
12.586906714879674,43.026965898523336,133.09434509277344
12.586904845785863,43.02696425656477,133.1943359375
12.586903035399189,43.02696264207098,133.1943359375
12.58690113232444,43.026960940496885,133.1943359375
12.586899300856777,43.02695928438616,133.1943359375
12.586897293413456,43.02695749892712,133.1943359375
12.586895417623943,43.02695575652421,133.1943359375
12.586893527682784,43.026953971073745,133.1943359375
12.586891514609787,43.02695203692282,133.1943359375
12.586889468102214,43.02695003555773,133.1943359375
12.586887533650458,43.026948118642984,133.1943359375
12.586885595021737,43.02694616977452,133.1943359375
12.586883523237942,43.02694404845877,133.1943359375
12.586881432799274,43.026941920872204,133.1943359375
12.586879409201162,43.02693985398057,133.1943359375
12.586877244235275,43.02693762981325,133.1943359375
12.586875136726295,43.02693544080357,133.1943359375
12.58687297752008,43.026933227027634,133.1943359375
12.586870635791183,43.02693084502779,133.1943359375
12.586868357843578,43.02692850775459,133.1943359375
12.586865922560914,43.0269260604852,133.1943359375
12.586863582471173,43.026923720110865,133.1943359375
12.58686108025932,43.02692123059062,133.1943359375
12.586858525647857,43.02691868531842,133.1943359375
12.586856074446972,43.02691629853839,133.1943359375
12.5868534771096,43.02691379884093,133.1943359375
12.586850981211159,43.02691139698353,133.1943359375
12.586848382845483,43.02690888594379,133.1943359375
12.586845894810185,43.02690646912895,133.1943359375
12.586843385186343,43.02690401832153,133.1943359375
12.586840680105448,43.02690138531795,133.1943359375
12.586837989330007,43.02689873995693,133.1943359375
12.586835430807497,43.026896209021075,133.09434509277344
12.586832885368775,43.02689365662996,133.1943359375
12.58683020173873,43.026891000886145,133.1943359375
12.58682748621658,43.026888371403494,133.1943359375
12.586824887147785,43.02688588710037,133.1943359375
12.586822106323881,43.026883253145904,133.1943359375
12.586819486606968,43.02688079994838,133.1943359375
12.58681687061069,43.02687835022466,133.1943359375
12.586814184554878,43.02687589210559,133.1943359375
12.58681116110369,43.026873219875206,133.1943359375
12.586808369750637,43.02687080009631,133.1943359375
12.586805427866638,43.026868247375376,133.1943359375
12.586802645437306,43.02686581390265,133.1943359375
12.58679976559731,43.02686327374906,133.1943359375
12.586797053420828,43.02686088999951,133.1943359375
12.586794310729173,43.026858544337415,133.1943359375
12.586791478038862,43.026856114036505,133.1943359375
12.586788652854297,43.02685370664289,133.1943359375
12.586785966148136,43.0268514079733,133.1943359375
12.586783231337215,43.0268491110299,133.1943359375
12.586780370785979,43.026846658307825,133.1943359375
12.586777646123348,43.026844295977085,133.1943359375
12.586774730119819,43.026841778343126,133.1943359375
12.586771853385232,43.026839253097684,133.1943359375
12.586769106820578,43.026836849835355,133.1943359375
12.586766351584183,43.02683446315759,133.09434509277344
12.586763400835068,43.02683196369171,133.09434509277344
12.586760628747365,43.02682962994935,133.09434509277344
12.58675772051326,43.02682719542754,133.09434509277344
12.58675493602731,43.026824877845605,133.09434509277344
12.586752057909933,43.02682246325599,133.09434509277344
12.586749177249626,43.02682005380315,133.09434509277344
12.586746428364696,43.02681774557958,133.09434509277344
12.586743477017933,43.026815279935725,133.09434509277344
12.586740697805336,43.026812927827194,133.09434509277344
12.58673777305975,43.02681044388493,133.09434509277344
12.586734989792532,43.02680805214585,133.09434509277344
12.586732255977703,43.026805691993204,133.09434509277344
12.586729404156822,43.02680321585627,133.09434509277344
12.586726719290484,43.026800884513364,133.09434509277344
12.586723896203548,43.02679840920097,133.09434509277344
12.586721094362384,43.02679593541127,133.09434509277344
12.586718417206857,43.02679353773761,133.09434509277344
12.586715569569488,43.02679093975032,133.09434509277344
12.586712846172455,43.02678842894614,133.09434509277344
12.586709951484995,43.02678574578411,133.09434509277344
12.58670715503436,43.02678317229406,133.09434509277344
12.586704199093912,43.026780437745735,133.09434509277344
12.58670135524165,43.026777854390495,133.09434509277344
12.58669836740325,43.02677515740615,133.09434509277344
12.586695522801008,43.02677259304444,133.09434509277344
12.58669257506358,43.02676995141477,133.09434509277344
12.586689780276997,43.02676748241283,133.09434509277344
12.586686867671862,43.026764930100974,133.09434509277344
12.586684101033311,43.026762522628125,133.09434509277344
12.586681387433037,43.0267601420311,133.09434509277344
12.586678551022075,43.026757655065886,133.09434509277344
12.58667582964065,43.026755322564355,133.09434509277344
12.586672984323563,43.02675288420221,133.09434509277344
12.586670292754201,43.026750598984464,133.09434509277344
12.58666748390534,43.026748231860694,133.09434509277344
12.5866648288745,43.02674601753437,133.09434509277344
12.58666208077473,43.026743725923744,133.09434509277344
12.586659352948095,43.026741481781094,133.09434509277344
12.586656732393301,43.02673939827443,133.09434509277344
12.586654175282879,43.02673736915334,133.09434509277344
12.586651510877187,43.02673527265101,133.09434509277344
12.586649014258057,43.02673330779714,133.09434509277344
12.586646393047022,43.02673126378284,133.09434509277344
12.586643937911644,43.02672934769481,133.09434509277344
12.586641368871712,43.02672737510953,133.09434509277344
12.586638804237968,43.026725496307996,133.09434509277344
12.586636414914114,43.026723762891585,133.09434509277344
12.58663392103712,43.026722005312855,133.09434509277344
12.586631542330286,43.02672037189957,133.09434509277344
12.586629175013915,43.02671874019533,133.09434509277344
12.586626678793202,43.02671701484442,133.09434509277344
12.586624292422414,43.02671535713601,133.09434509277344
12.586621767819299,43.026713629647716,133.09434509277344
12.586619200466822,43.026711886927885,133.09434509277344
12.5866167377378,43.026710271830176,133.09434509277344
12.586614274915041,43.02670870755003,133.09434509277344
12.586611719398347,43.02670710858765,133.09434509277344
12.586609176678328,43.026705523147776,133.09434509277344
12.586606767971942,43.02670403356478,133.09434509277344
12.586604330015977,43.02670257028151,133.09434509277344
12.586601727999948,43.026701081418125,133.09434509277344
12.586599218279419,43.02669969913282,133.09434509277344
12.586596501280713,43.026698297949416,133.09434509277344
12.586593683150689,43.02669698593662,133.09434509277344
12.586590922605748,43.026695808943245,133.09434509277344
12.58658810370232,43.02669467222182,133.09434509277344
12.586585065403712,43.02669349462878,133.09434509277344
12.586581966543493,43.026692431820734,133.09434509277344
12.586578950299225,43.02669158782288,133.09434509277344
12.586575883501041,43.02669091845679,133.09434509277344
12.586572609143452,43.026690372176745,133.09434509277344
12.58656949584598,43.02668998419182,133.09434509277344
12.586566409032496,43.02668968692802,133.09434509277344
12.586563190924082,43.02668942225188,133.09434509277344
12.586559992409125,43.0266891509194,133.09434509277344
12.586556944407546,43.026688881951316,133.09434509277344
12.586553702369788,43.02668857295114,133.09434509277344
12.586550447840027,43.02668826093548,133.09434509277344
12.586547340612768,43.02668787689116,133.09434509277344
12.586544232846457,43.026687472124074,133.09434509277344
12.58654097177774,43.026687037056625,133.09434509277344
12.586537859136497,43.02668663997384,133.09434509277344
12.586534727276792,43.026686220532,133.09434509277344
12.586531413685412,43.02668574507263,133.09434509277344
12.586528051016636,43.026685233573254,133.09434509277344
12.586524711644387,43.02668474168303,133.09434509277344
12.586521521730853,43.0266843627274,133.09434509277344
12.586518135742116,43.026684169171915,133.09434509277344
12.586514913368136,43.02668420233364,133.09434509277344
12.586511726360845,43.02668450651945,133.09434509277344
12.586508497166717,43.026685140059875,133.09434509277344
12.58650558350698,43.026686012773446,133.09434509277344
12.586502998951755,43.026687164966425,133.09434509277344
12.586500633276106,43.02668865221084,133.09434509277344
12.586498672711658,43.026690434029106,133.09434509277344
12.586497233858198,43.0266922643005,133.09434509277344
12.586496140773036,43.02669429328459,133.09434509277344
12.586495460462977,43.026696365110624,133.09434509277344
12.5864952428726,43.02669839385481,133.09434509277344
12.58649530952798,43.026700330909804,133.09434509277344
12.586495705897207,43.026702330989856,133.09434509277344
12.586496481268606,43.02670422301836,133.09434509277344
12.586497436824823,43.026706017832154,133.09434509277344
12.586498719540232,43.02670779818111,133.09434509277344
12.586500268126686,43.026709432605195,133.09434509277344
12.58650197960132,43.02671084996244,133.09434509277344
12.586503942369081,43.026712145561454,133.09434509277344
12.586506061931383,43.02671327138599,133.09434509277344
12.586508080409244,43.02671420999428,133.09434509277344
12.586510461248904,43.02671496812402,133.09434509277344
12.586512948610402,43.026715505790214,133.09434509277344
12.586515365754174,43.0267157762702,133.09434509277344
12.586517780366714,43.026715817394454,133.09434509277344
12.586520270399992,43.02671564241564,133.09434509277344
12.58652269729358,43.026715251350865,133.09434509277344
12.586524937604045,43.02671483569982,132.9943389892578
12.586527481753821,43.02671453012644,132.9943389892578
12.586530120800605,43.026714503124346,132.9943389892578
12.586532867681658,43.026714590508774,132.9943389892578
12.58653558946148,43.0267145895107,132.9943389892578
12.586538297202427,43.026714564333204,132.9943389892578
12.586540762697002,43.02671454364039,132.9943389892578
12.586543231004052,43.02671450310289,132.9943389892578
12.586545610718684,43.026714432761906,132.9943389892578
12.586548151118443,43.026714427570525,132.9943389892578
12.58655061258187,43.02671448096237,132.9943389892578
12.586553135169389,43.02671456642358,133.09434509277344
12.586555767466205,43.02671467681384,133.09434509277344
12.586558404309821,43.02671481300694,133.09434509277344
12.586560878499611,43.02671499455632,133.09434509277344
12.586563502687172,43.02671517294032,133.09434509277344
12.58656600659528,43.02671535366303,133.09434509277344
12.586568667743242,43.02671556544852,133.09434509277344
12.586571227408337,43.02671581940349,133.09434509277344
12.586573945180456,43.026716085304706,133.09434509277344
12.58657654848552,43.02671635919434,133.09434509277344
12.586579121556657,43.02671669472552,133.09434509277344
12.586581877531323,43.0267170271513,133.09434509277344
12.58658463959965,43.026717370371074,133.09434509277344
12.586587255631075,43.026717700749394,133.09434509277344
12.586589993160699,43.026718071982216,133.09434509277344
12.586592612965514,43.02671840266038,133.09434509277344
12.586595243199863,43.02671873224201,133.09434509277344
12.586598001658873,43.02671909827486,133.09434509277344
12.586600795554851,43.026719451136444,133.09434509277344
12.586603475944711,43.02671978512562,133.09434509277344
12.586606194513696,43.02672012780142,133.09434509277344
12.58660920853142,43.026720504833875,133.09434509277344
12.586612020263086,43.026720850019714,133.09434509277344
12.586614874908175,43.026721180085346,133.09434509277344
12.586617890800857,43.02672149223377,133.09434509277344
12.586620787585929,43.026721795314366,133.09434509277344
12.586623843157707,43.026722114560286,133.09434509277344
12.586626753864453,43.026722425346605,133.09434509277344
12.586629858419888,43.026722760809264,133.09434509277344
12.586632841313074,43.026723105181276,133.09434509277344
12.586636038796822,43.02672353127515,133.09434509277344
12.58663911433707,43.026723982413706,133.09434509277344
12.58664242804565,43.026724499344354,133.09434509277344
12.586645618451373,43.02672499334199,133.09434509277344
12.586649009760354,43.02672551075237,133.09434509277344
12.586652207173772,43.0267260022871,133.09434509277344
12.58665545432083,43.02672650777694,133.09434509277344
12.586658887371375,43.02672703762187,133.09434509277344
12.58666234381219,43.02672757348917,133.09434509277344
12.586665617443227,43.02672810552717,133.09434509277344
12.58666891378487,43.0267286749416,133.09434509277344
12.586672417310941,43.026729316217626,133.09434509277344
12.58667579062019,43.02672995714242,133.09434509277344
12.586679339004947,43.026730676041154,133.09434509277344
12.586682883241332,43.02673144308034,133.09434509277344
12.586686263417658,43.02673218287319,133.09434509277344
12.586689635719095,43.02673295539504,133.09434509277344
12.5866931500731,43.026733805325435,133.09434509277344
12.586696641986034,43.02673470843779,133.09434509277344
12.586699964049933,43.02673565609688,133.09434509277344
12.58670341078775,43.026736693933145,133.09434509277344
12.586706638903824,43.026737731735125,133.09434509277344
12.586709861570766,43.02673882417538,133.09434509277344
12.58671323529016,43.0267399777946,133.09434509277344
12.586716632200618,43.02674115662128,133.09434509277344
12.58671985683628,43.026742317119556,133.09434509277344
12.586723229676759,43.026743642890516,133.09434509277344
12.58672638079006,43.026744962465635,133.09434509277344
12.586729476322153,43.02674634807486,133.09434509277344
12.586732696996929,43.026747877816334,133.09434509277344
12.586735862910803,43.02674941873947,133.09434509277344
12.58673882793313,43.026750921459495,133.09434509277344
12.586741759850476,43.02675245060558,133.09434509277344
12.586744816629238,43.02675409991863,133.09434509277344
12.586747784147603,43.02675573721263,133.09434509277344
12.586750523833416,43.02675731477975,133.09434509277344
12.586753221437831,43.02675895884572,133.09434509277344
12.586755970346175,43.02676070371046,133.09434509277344
12.586758526976123,43.02676239182202,133.09434509277344
12.586761142691124,43.02676418637029,133.09434509277344
12.586763574846355,43.026765915416654,133.09434509277344
12.586766177272494,43.02676782931914,133.09434509277344
12.586768356154153,43.026769487109455,133.09434509277344
12.586770743474121,43.026771380884526,133.09434509277344
12.58677294728119,43.02677314190815,133.09434509277344
12.586775211462367,43.026774986829295,133.09434509277344
12.586777327063723,43.02677673694634,133.09434509277344
12.586779518753787,43.02677861313534,133.09434509277344
12.586781656198562,43.0267804567312,133.09434509277344
12.586783652973564,43.02678219908188,133.09434509277344
12.58678563341287,43.026783979772205,133.09434509277344
12.586787687737806,43.02678578490781,133.09434509277344
12.586789643157964,43.02678747452547,133.09434509277344
12.58679169160017,43.02678922064199,133.09434509277344
12.586793618479724,43.026790864222846,133.09434509277344
12.586795617440234,43.02679254039564,133.09434509277344
12.586797490701448,43.02679411198746,133.09434509277344
12.586799444498576,43.02679578411786,133.09434509277344
12.586801209831657,43.02679724418966,133.09434509277344
12.58680285915079,43.0267985590915,133.09434509277344
12.58680416921715,43.02679953612774,133.09434509277344
12.586805290778514,43.02680031403366,133.09434509277344
12.586806156037074,43.02680083260261,133.09434509277344
12.586806916232769,43.026801229092115,133.09434509277344
12.586807658540064,43.02680156625523,133.09434509277344
12.586808341820896,43.02680188421185,133.09434509277344
12.586808946686885,43.02680221104142,133.09434509277344
12.586809547035372,43.02680259189248,133.09434509277344
12.586810008366397,43.02680290833281,133.09434509277344
12.586810558741027,43.02680325555964,133.09434509277344
12.58681107628021,43.02680357645894,133.09434509277344
12.586811619805344,43.02680397087322,133.09434509277344
12.58681218084975,43.02680432533464,133.09434509277344
12.586812737657898,43.02680467633298,133.09434509277344
12.586813347398854,43.02680507658331,133.09434509277344
12.586813944636084,43.02680548856142,133.09434509277344
12.586814574591575,43.02680593254038,133.09434509277344
12.586815263555955,43.02680643870272,133.09434509277344
12.586815945289976,43.02680695546205,133.09434509277344
12.58681668784926,43.0268075496856,133.09434509277344
12.586817411483041,43.02680817151313,133.09434509277344
12.586818176770498,43.02680889104152,133.09434509277344
12.58681891890204,43.02680964337173,133.09434509277344
12.586819664976883,43.02681049003608,133.09434509277344
12.586820361265357,43.026811337110544,133.09434509277344
12.586821095920445,43.026812270518946,133.09434509277344
12.58682179669713,43.02681323443653,133.09434509277344
12.586822442209016,43.02681418679443,133.09434509277344
12.586823112658035,43.02681522623051,133.09434509277344
12.586823784548441,43.026816260364875,133.09434509277344
12.586824441316027,43.02681731496505,133.09434509277344
12.586825178807015,43.02681851332161,133.1943359375
12.586825859990252,43.02681958255474,133.1943359375
12.586826555651783,43.02682079332764,133.1943359375
12.586827210638136,43.02682199577052,133.1943359375
12.586827887128079,43.02682332093432,133.1943359375
12.586828560342692,43.02682465757479,133.1943359375
12.586829275052782,43.02682613029767,133.1943359375
12.586829985649658,43.026827597913254,133.1943359375
12.58683079887196,43.02682924501451,133.1943359375
12.586831551907647,43.02683084267177,133.1943359375
12.586832391813136,43.02683267326223,133.1943359375
12.5868331228179,43.026834291130235,133.1943359375
12.586833964264391,43.0268361955387,133.1943359375
12.586834814675587,43.026838103881424,133.1943359375
12.58683564886242,43.0268399548563,133.1943359375
12.58683657071592,43.0268418809963,133.1943359375
12.586837500391564,43.02684390601399,133.1943359375
12.586838447662645,43.026845979834995,133.1943359375
12.58683936918802,43.02684799634385,133.1943359375
12.58684034516669,43.02685007691217,133.1943359375
12.586841352176142,43.02685227718274,133.1943359375
12.58684230831525,43.02685437588242,133.1943359375
12.586843370202779,43.026856592414674,133.1943359375
12.586844287128589,43.026858635794994,133.1943359375
12.586845179981491,43.02686061241513,133.1943359375
12.586845915023245,43.02686220343391,133.1943359375
12.586846625921806,43.02686354786935,133.1943359375
12.586847149586832,43.02686452209572,133.1943359375
12.58684755771257,43.026865208389566,133.1943359375
12.58684802743408,43.02686574995365,133.1943359375
12.58684841806692,43.026866217317426,133.1943359375
12.586848701340037,43.026866560520034,133.1943359375
12.586848969402444,43.02686691681253,133.1943359375
12.586849176563426,43.026867165349074,133.1943359375
12.586849374838803,43.026867521620204,133.1943359375
12.586849595555263,43.026867924468384,133.1943359375
12.586849815624273,43.026868399426604,133.1943359375
12.586850126480027,43.0268689255322,133.09434509277344
12.586850447730141,43.02686947898691,133.09434509277344
12.586850781774015,43.026870090592254,133.09434509277344
12.586851104380562,43.02687075895187,133.09434509277344
12.586851485319258,43.02687149388744,133.09434509277344
12.586851940612314,43.02687233256551,133.09434509277344
12.586852434063982,43.02687315896324,133.09434509277344
12.5868529673881,43.02687413004364,133.09434509277344
12.586853498122405,43.02687512311043,133.09434509277344
12.586854068497724,43.02687624990739,133.09434509277344
12.586854669183134,43.02687747044097,133.09434509277344
12.586855229720703,43.026878701652926,133.09434509277344
12.586855798639986,43.0268800136658,133.09434509277344
12.586856450805104,43.02688148388386,133.09434509277344
12.586857050980758,43.02688296083533,133.09434509277344
12.586857696978976,43.02688460525684,133.09434509277344
12.58685833332695,43.02688625280947,133.09434509277344
12.58685907113143,43.02688810601812,133.09434509277344
12.586859783231217,43.02688990986983,133.09434509277344
12.586860585695872,43.026891885706235,133.09434509277344
12.586861479251944,43.02689398859935,133.09434509277344
12.586862296268132,43.02689601039171,133.09434509277344
12.586863131729354,43.026898090394646,133.09434509277344
12.586864034130016,43.02690033954242,133.09434509277344
12.586864965143054,43.02690257869288,133.09434509277344
12.586865931590127,43.026904970792856,133.09434509277344
12.586866928700323,43.02690743347371,133.09434509277344
12.586867960818282,43.02690985952342,133.09434509277344
12.58686890252156,43.026912311375995,133.09434509277344
12.58686983858819,43.026914956826985,133.09434509277344
12.586870704394618,43.02691767236199,133.09434509277344
12.586871484375665,43.02692036321639,133.09434509277344
12.586872149249533,43.026923087009685,133.09434509277344
12.586872757015852,43.026926019838534,133.09434509277344
12.586873320357054,43.026928875678635,133.09434509277344
12.586873783289109,43.02693192462027,133.09434509277344
12.586874190433416,43.02693502094422,133.09434509277344
12.586874526136896,43.02693799843118,133.09434509277344
12.58687482524766,43.0269410338546,133.09434509277344
12.58687508306949,43.026944267116946,133.09434509277344
12.586875287567402,43.02694756362709,133.09434509277344
12.58687545756435,43.02695074368178,133.09434509277344
12.586875509153879,43.02695398706137,133.09434509277344
12.586875477412619,43.02695745397136,133.09434509277344
12.58687537343219,43.026960787566665,133.09434509277344
12.586875165333662,43.02696435833051,133.09434509277344
12.586874832994786,43.02696774794333,133.09434509277344
12.586874336017244,43.026971338573325,133.09434509277344
12.586873731162886,43.02697480093439,133.09434509277344
12.586872955054714,43.02697843378954,133.09434509277344
12.586871992953686,43.026982089243596,133.09434509277344
12.586870891111573,43.02698557694491,133.09434509277344
12.58686959389443,43.02698908890705,133.09434509277344
12.586868059729145,43.026992773385004,133.09434509277344
12.586866417432175,43.02699627909347,133.09434509277344
12.586864477090808,43.02699999819795,133.09434509277344
12.586862387642272,43.02700368079123,133.09434509277344
12.586860229587348,43.02700715922338,133.09434509277344
12.586857906611046,43.0270106281979,133.09434509277344
12.586855234500277,43.027014272772256,133.09434509277344
12.58685242376461,43.02701784602041,133.09434509277344
12.586849592454065,43.02702118981859,133.09434509277344
12.58684657667556,43.02702454208066,133.09434509277344
12.586843270909181,43.027027982716604,133.09434509277344
12.586839969921044,43.02703121297201,133.09434509277344
12.586836334560928,43.02703456252699,133.09434509277344
12.586832693657925,43.0270377178068,133.09434509277344
12.586828729831991,43.02704093970111,133.09434509277344
12.586824806505444,43.027043921282875,133.09434509277344
12.586820260688148,43.02704714487338,133.09434509277344
12.586816020754993,43.027049940369714,133.09434509277344
12.586811670702394,43.02705263669816,133.09434509277344
12.586807202327337,43.02705524189423,133.09434509277344
12.586802388623443,43.02705788661697,133.09434509277344
12.586797760629697,43.027060241683095,133.09434509277344
12.586792865985633,43.027062557873606,133.09434509277344
12.586787914711557,43.0270647556726,133.09434509277344
12.586783234054558,43.02706667478036,133.09434509277344
12.586778575592561,43.02706848827809,133.09434509277344
12.586773722895172,43.027070276915296,133.09434509277344
12.586768860694008,43.02707195646439,133.09434509277344
12.586764283629222,43.02707342535881,133.09434509277344
12.586759701853564,43.027074785147995,133.09434509277344
12.586754649846624,43.02707615879805,133.09434509277344
12.58675032959445,43.02707720669151,133.09434509277344
12.586745587485273,43.02707824058701,133.09434509277344
12.586740910531395,43.0270791421787,133.09434509277344
12.586736571705302,43.0270798852354,133.09434509277344
12.586732297143875,43.02708052149987,133.09434509277344
12.58672789401795,43.027081097009436,133.09434509277344
12.586723591460846,43.02708158937081,133.09434509277344
12.586719334242911,43.02708201917829,133.09434509277344
12.586715563779459,43.027082331485154,133.09434509277344
12.586711451731249,43.0270825798332,133.09434509277344
12.58670766134622,43.02708269807048,133.09434509277344
12.586703707147217,43.027082753616796,133.09434509277344
12.58669983272829,43.02708272015531,133.09434509277344
12.586696288257574,43.0270826104161,133.09434509277344
12.58669258582046,43.02708241804268,133.09434509277344
12.586689156707406,43.02708216738158,133.09434509277344
12.586685624166206,43.027081832407205,133.09434509277344
12.586682423026328,43.02708142696331,133.09434509277344
12.586679216261535,43.02708096355725,133.09434509277344
12.586675759445772,43.02708037009185,133.09434509277344
12.586672927581649,43.0270797869236,133.09434509277344
12.5866697763629,43.02707908066929,133.09434509277344
12.586666843062785,43.027078352689884,133.09434509277344
12.58666383572471,43.02707752845524,133.09434509277344
12.58666109317958,43.02707668556237,133.09434509277344
12.586658247534423,43.027075762999374,133.09434509277344
12.586655482536498,43.02707479136644,133.09434509277344
12.586652972394148,43.02707383379998,133.09434509277344
12.586650465017385,43.027072822297704,133.09434509277344
12.58664776625285,43.02707164398501,133.09434509277344
12.586645512020766,43.02707057808431,133.09434509277344
12.586642982753714,43.02706930841656,133.09434509277344
12.586640746427616,43.02706810053169,133.09434509277344
12.586638574248994,43.02706686739227,133.09434509277344
12.586636466124109,43.02706563433851,133.09434509277344
12.586634312648343,43.027064268107125,133.09434509277344
12.586632238249534,43.02706286776323,133.09434509277344
12.58663034973077,43.0270614984307,133.09434509277344
12.586628444454444,43.027060028576756,133.09434509277344
12.586626609911438,43.02705853444483,133.09434509277344
12.586625028325605,43.02705717734555,133.09434509277344
12.586623352194305,43.027055695789514,133.09434509277344
12.586621816615601,43.02705424291474,133.09434509277344
12.586620271146419,43.027052694744185,133.09434509277344
12.586618806183862,43.02705111751546,133.09434509277344
12.58661749843771,43.02704962917463,133.09434509277344
12.586616194886814,43.02704801564031,133.09434509277344
12.586615035849391,43.02704646880617,133.09434509277344
12.586613958326382,43.027044954148494,133.09434509277344
12.586612859311511,43.02704322102331,133.09434509277344
12.58661198388706,43.02704171818766,133.09434509277344
12.5866110810177,43.02704003469783,133.09434509277344
12.586610302482436,43.02703844007876,133.09434509277344
12.58660955080615,43.027036755595205,133.09434509277344
12.586608912542241,43.02703515437979,133.09434509277344
12.58660834034766,43.02703349458541,133.09434509277344
12.586607832581809,43.02703180576711,133.09434509277344
12.586607422103565,43.02703019715008,133.09434509277344
12.586607073452534,43.027028587128115,133.09434509277344
12.586606780652238,43.02702683417965,133.09434509277344
12.586606577053733,43.027025313628094,133.09434509277344
12.586606417118647,43.02702363157748,133.09434509277344
12.586606343994774,43.027022061716124,133.09434509277344
12.586606331455929,43.02702040963176,133.09434509277344
12.586606383978616,43.02701886185531,133.09434509277344
12.586606504492478,43.02701725992029,133.09434509277344
12.586606699348987,43.02701568634099,133.09434509277344
12.586606933767408,43.02701420002191,133.09434509277344
12.58660722867712,43.027012721327154,133.09434509277344
12.586607651788054,43.027011111288054,133.09434509277344
12.586608073399006,43.02700964047465,133.09434509277344
12.586608547977916,43.0270081748698,133.09434509277344
12.586609072970136,43.02700671750608,133.09434509277344
12.586609696679643,43.02700520915349,133.09434509277344
12.586610323342226,43.02700377644468,133.09434509277344
12.586611015441319,43.02700227067921,133.09434509277344
12.586611742860182,43.02700075768346,133.09434509277344
12.586612377280435,43.026999297013,133.09434509277344
12.586613000896167,43.02699781412057,133.09434509277344
12.58661368282353,43.02699615504579,133.09434509277344
12.586614328423305,43.02699465102793,133.09434509277344
12.586614926562843,43.02699316685051,133.09434509277344
12.586615516100949,43.026991692764625,133.09434509277344
12.586616157880462,43.026990171048006,133.09434509277344
12.58661673162193,43.02698870105699,133.09434509277344
12.58661733147239,43.02698714337745,133.09434509277344
12.586617931979088,43.02698557699415,133.09434509277344
12.586618521212513,43.02698408072057,133.09434509277344
12.586619097180508,43.02698250191558,133.09434509277344
12.58661965669562,43.02698092292213,133.09434509277344
12.586620148313308,43.02697951161289,133.09434509277344
12.586620675461724,43.02697792377862,133.09434509277344
12.586621183391676,43.02697639916645,133.09434509277344
12.586621737235017,43.026974784158675,133.09434509277344
12.586622292976768,43.02697324285863,133.09434509277344
12.58662289144445,43.026971642774015,133.09434509277344
12.586623507161862,43.026970049868275,133.09434509277344
12.58662407996585,43.02696854672423,133.09434509277344
12.586624662402503,43.026967044710965,133.09434509277344
12.58662529841648,43.02696537938251,133.09434509277344
12.586625836111615,43.026963941516556,133.09434509277344
12.586626438938596,43.02696232263663,133.09434509277344
12.5866270126332,43.02696078247593,133.09434509277344
12.586627612108662,43.02695915469524,133.09434509277344
12.58662817745963,43.0269575950368,133.09434509277344
12.586628791278635,43.026955962441626,133.09434509277344
12.586629402964856,43.02695433524346,133.09434509277344
12.586629974479797,43.026952793720675,133.09434509277344
12.586630526330968,43.02695124123254,133.09434509277344
12.586631150157631,43.02694952862456,133.09434509277344
12.586631685837173,43.026948054932745,133.09434509277344
12.586632269187877,43.026946420281575,133.09434509277344
12.586632843819963,43.026944857136485,133.09434509277344
12.586633455365565,43.02694321245373,133.09434509277344
12.586634040450619,43.02694165439725,133.09434509277344
12.586634644144773,43.026940021253814,133.09434509277344
12.58663526963548,43.02693838399837,133.09434509277344
12.586635872743702,43.026936823251944,133.09434509277344
12.58663648175809,43.02693524035209,133.09434509277344
12.586637152998115,43.02693348846588,133.09434509277344
12.586637760301587,43.0269318947977,133.09434509277344
12.586638363151998,43.02693029810549,133.09434509277344
12.586638993447314,43.026928604866775,133.09434509277344
12.586639590415004,43.02692696678036,133.09434509277344
12.58664018082029,43.02692531484161,132.9943389892578
12.586640780014504,43.02692355659036,132.9943389892578
12.58664138000558,43.026921785000795,132.9943389892578
12.58664194591904,43.02692008649358,132.9943389892578
12.586642533230622,43.02691828803033,132.9943389892578
12.586643100550319,43.026916482456734,132.9943389892578
12.586643670307481,43.02691475865212,132.9943389892578
12.586644258275312,43.02691302661492,132.9943389892578
12.586644886203485,43.0269111667971,132.9943389892578
12.586645507100508,43.02690940946248,132.9943389892578
12.586646130411559,43.026907645343066,132.9943389892578
12.586646781800315,43.026905789902834,132.9943389892578
12.58664742575949,43.02690392433677,132.9943389892578
12.586648079116964,43.02690205156614,132.9943389892578
12.586648657733365,43.02690036190831,132.9943389892578
12.586649318895413,43.026898388727616,132.9943389892578
12.586649899082108,43.026896684407895,132.9943389892578
12.586650556869209,43.026894776818,132.9943389892578
12.586651222226507,43.02689284679194,132.9943389892578
12.586651852849945,43.026890987441014,132.9943389892578
12.5866524782469,43.02688913394113,132.9943389892578
12.586653129096598,43.02688718702588,132.9943389892578
12.586653761993448,43.02688524138706,132.9943389892578
12.586654432670988,43.02688327553516,132.9943389892578
12.58665505623985,43.0268814917038,132.9943389892578
12.586655800674102,43.02687939922779,132.9943389892578
12.586656440930211,43.0268775881544,132.9943389892578
12.586657161622627,43.026875572795646,132.9943389892578
12.586657892275836,43.02687355434432,132.9943389892578
12.586658585242104,43.02687164134884,132.9943389892578
12.58665929895025,43.02686972368451,132.9943389892578
12.586660052665605,43.026867702029264,132.9943389892578
12.5866608023029,43.02686567570517,132.9943389892578
12.586661499347224,43.026863747426724,132.9943389892578
12.586662235765964,43.02686170880515,132.9943389892578
12.58666296838789,43.02685966080307,132.9943389892578
12.586663674408648,43.02685768911512,132.9943389892578
12.586664396226043,43.02685571607148,132.9943389892578
12.586665147761742,43.026853620839134,132.9943389892578
12.586665839579576,43.02685162183418,132.9943389892578
12.586666534491114,43.026849506476566,132.9943389892578
12.586667205590512,43.02684748519181,132.9943389892578
12.586667910580035,43.02684534020419,132.9943389892578
12.586668577929496,43.02684327726181,132.9943389892578
12.586669298153168,43.026841104357516,132.9943389892578
12.586670008322292,43.02683891996208,132.9943389892578
12.586670637305122,43.026836938706225,132.9943389892578
12.58667130533426,43.0268347272931,132.9943389892578
12.586672019979908,43.02683251878248,132.9943389892578
12.586672757125237,43.026830433213895,132.9943389892578
12.586673573488147,43.026828358967904,132.9943389892578
12.586674559043855,43.026826204065195,132.9943389892578
12.586675665957134,43.026824062236145,132.9943389892578
12.586676831182041,43.026822042926014,132.9943389892578
12.586678150693729,43.02681992646225,132.9943389892578
12.586679609093977,43.02681785079248,132.9943389892578
12.586681105321786,43.02681591553543,132.9943389892578
12.586682711844826,43.02681403376231,132.9943389892578
12.586684491896543,43.02681209848171,132.9943389892578
12.586686286666783,43.02681032099936,132.9943389892578
12.586688182826148,43.026808599092284,132.9943389892578
12.586690281435622,43.02680684356956,132.9943389892578
12.58669249200437,43.02680516061305,132.9943389892578
12.586694803223963,43.02680355310116,132.9943389892578
12.586696994562516,43.02680216362199,132.9943389892578
12.58669960878932,43.026800648799444,132.9943389892578
12.586701923067455,43.02679943505503,132.9943389892578
12.586704563297772,43.02679818954322,132.9943389892578
12.586707320010738,43.02679705233568,132.9943389892578
12.586709994166334,43.026796060494,132.9943389892578
12.586712888068664,43.02679512463451,132.9943389892578
12.586715755522162,43.0267943544225,132.9943389892578
12.586718779969418,43.02679364956999,132.9943389892578
12.586721696371402,43.02679308912172,132.9943389892578
12.586724817848461,43.02679260748584,132.9943389892578
12.586728039870895,43.026792255996035,132.9943389892578
12.586730902168204,43.02679199970669,132.9943389892578
12.586734093007511,43.02679181030813,132.9943389892578
12.586737352787196,43.02679172809374,132.9943389892578
12.586740426804015,43.026791745570875,132.9943389892578
12.586743671513595,43.02679186442934,132.9943389892578
12.586746740046106,43.02679207968437,132.9943389892578
12.586749986900179,43.02679242392577,132.9943389892578
12.586753007738084,43.0267928595094,132.9943389892578
12.58675599394759,43.02679340262629,132.9943389892578
12.58675929557428,43.02679413289516,132.9943389892578
12.586762038318648,43.02679484052874,132.9943389892578
12.586765022067246,43.02679572325561,132.9943389892578
12.586767935176258,43.026796710371784,132.9943389892578
12.586770661819298,43.026797757989065,132.9943389892578
12.586773272612488,43.026798877247344,132.9943389892578
12.586775923823048,43.02680014614627,132.9943389892578
12.586778520987535,43.02680152476081,132.9943389892578
12.586780864011267,43.02680290792854,132.9943389892578
12.586783235862692,43.0268044448532,132.9943389892578
12.586785500207899,43.026806054273386,132.9943389892578
12.586787447296105,43.02680758692539,132.9943389892578
12.586789487664168,43.02680935187367,132.9943389892578
12.586791390690511,43.026811186579366,132.9943389892578
12.58679308294069,43.02681301053494,132.9943389892578
12.586794618894373,43.02681487354814,132.9943389892578
12.58679610452849,43.026816892084064,132.9943389892578
12.586797471101882,43.026818967091565,132.9943389892578
12.586798706983858,43.02682098876022,132.9943389892578
12.586799837205286,43.026823157008,132.9943389892578
12.586800828245188,43.0268253603109,132.9943389892578
12.586801663375297,43.02682750624092,132.9943389892578
12.586802338212866,43.02682965434435,132.9943389892578
12.586802911339058,43.02683195600721,132.9943389892578
12.586803326633612,43.026834173592356,132.9943389892578
12.586803617512045,43.02683642825813,132.9943389892578
12.586803770503849,43.02683879093795,132.9943389892578
12.586803768945211,43.026841150455596,132.9943389892578
12.586803633630753,43.026843507431074,132.9943389892578
12.586803354945385,43.026845741326916,132.9943389892578
12.58680293413713,43.026848091468345,132.9943389892578
12.586802449345463,43.02685020581509,132.9943389892578
12.586801848235206,43.026852553396125,132.9943389892578
12.586801059932405,43.02685489046584,132.9943389892578
12.586800173386926,43.02685708888812,133.09434509277344
12.586799136785075,43.026859377609625,133.09434509277344
12.586797949488208,43.02686146996139,133.09434509277344
12.586796555247151,43.0268636266318,133.09434509277344
12.586795110792007,43.02686563133143,133.09434509277344
12.586793591349704,43.02686761863857,133.09434509277344
12.586791770095472,43.02686975440627,133.09434509277344
12.586790013381297,43.02687163696002,133.09434509277344
12.58678817900226,43.02687348910633,133.09434509277344
12.586786087810626,43.02687532480033,133.09434509277344
12.586783978806764,43.02687697718023,133.09434509277344
12.586781638700865,43.02687863969877,133.09434509277344
12.58677933417257,43.02688015334555,133.09434509277344
12.586776906997667,43.02688157334137,133.09434509277344
12.58677426079086,43.02688297587829,133.09434509277344
12.586771520437015,43.02688431658092,133.09434509277344
12.586768679619823,43.02688553852793,133.09434509277344
12.586766046631578,43.026886562143424,133.09434509277344
12.586763047168315,43.026887603590474,133.09434509277344
12.586759961210241,43.02688855161358,133.09434509277344
12.586756977824866,43.02688934871749,133.09434509277344
12.586753769466272,43.02689007913405,133.09434509277344
12.586750683402744,43.02689070053105,133.09434509277344
12.586747384330666,43.026891246888205,133.09434509277344
12.586744222096405,43.02689168791375,133.09434509277344
12.586741025444685,43.02689206109118,133.09434509277344
12.586737458802373,43.026892404161,133.09434509277344
12.586734221276268,43.02689262420045,133.09434509277344
12.586730974012022,43.02689276745246,133.09434509277344
12.586727510235367,43.02689285641311,133.09434509277344
12.586724201120473,43.026892849662545,133.09434509277344
12.586720684258673,43.026892780113926,132.9943389892578
12.586717334304552,43.02689266811313,132.9943389892578
12.586713806884331,43.02689254480004,132.9943389892578
12.586710477226797,43.02689244202988,132.9943389892578
12.586706985290421,43.02689237815672,132.9943389892578
12.586703505787444,43.026892360016795,132.9943389892578
12.586700180313427,43.02689235667579,132.9943389892578
12.586696841597417,43.02689237224145,132.9943389892578
12.586693325755144,43.0268924038568,132.9943389892578
12.586690011273166,43.02689249188376,132.9943389892578
12.586686690931897,43.02689263815559,132.9943389892578
12.586683207444615,43.02689288957914,132.9943389892578
12.58667978191741,43.02689328267416,133.09434509277344
12.586676526895475,43.02689368329929,133.09434509277344
12.586673103594794,43.02689417982414,133.09434509277344
12.586669694707966,43.02689474531504,133.09434509277344
12.58666649033373,43.026895365936824,133.09434509277344
12.586663285748555,43.02689600574794,133.09434509277344
12.586659931634355,43.02689674432435,133.09434509277344
12.586656813743202,43.0268975825441,133.09434509277344
12.586653517612515,43.02689847204401,133.09434509277344
12.586650412728977,43.0268993723165,133.09434509277344
12.586647149433736,43.02690037804055,133.09434509277344
12.586643949793801,43.0269014984853,132.9943389892578
12.586640887753383,43.02690256944892,132.9943389892578
12.586637700277336,43.02690376572594,132.9943389892578
12.586634753078966,43.026905066773466,132.9943389892578
12.586631812818,43.026906367007165,132.9943389892578
12.586628763761777,43.026907823222984,132.9943389892578
12.586625919640003,43.026909282111596,132.9943389892578
12.586622990675746,43.026910935421036,132.9943389892578
12.586620250638374,43.02691253660221,132.9943389892578
12.586617421305453,43.026914298845554,132.9943389892578
12.586614829133074,43.02691611599277,132.9943389892578
12.586612161446203,43.026918022113506,132.9943389892578
12.586609594656268,43.026919984851446,132.9943389892578
12.586607244167809,43.02692191589266,132.9943389892578
12.586605010794791,43.02692395153305,132.9943389892578
12.586602709852468,43.02692610326909,132.9943389892578
12.58660061710236,43.02692820487292,132.9943389892578
12.586598557164276,43.02693053048689,132.9943389892578
12.58659665629413,43.02693274674717,132.9943389892578
12.586594739838283,43.02693512905542,132.9943389892578
12.586593005301605,43.02693742555979,132.9943389892578
12.58659128949121,43.026939903223756,132.9943389892578
12.586589654585854,43.02694239501418,132.9943389892578
12.586588172725099,43.026944792459744,132.9943389892578
12.586586796097162,43.02694724129684,132.9943389892578
12.5865854174302,43.026949822951735,132.9943389892578
12.586584194995279,43.02695229938209,132.9943389892578
12.586583001434935,43.026954935649584,132.9943389892578
12.586581991668734,43.02695746825167,132.9943389892578
12.586581000839761,43.02696016089649,132.9943389892578
12.58658010631404,43.02696287707398,132.9943389892578
12.586579391832512,43.02696533601117,132.9943389892578
12.586578659515316,43.02696821554668,132.9943389892578
12.586578095922178,43.0269708283843,132.9943389892578
12.586577627132316,43.02697343752966,132.9943389892578
12.58657723849751,43.02697617720555,132.9943389892578
12.586576939462933,43.02697877899213,132.9943389892578
12.586576719809994,43.02698152444195,132.9943389892578
12.586576605530485,43.02698411163091,132.9943389892578
12.586576579679354,43.026986855881404,132.9943389892578
12.586576655451715,43.02698945365879,132.9943389892578
12.586576846698936,43.02699219425987,132.9943389892578
12.586577157428753,43.02699492814467,132.9943389892578
12.586577579602224,43.02699752379751,132.9943389892578
12.58657812074267,43.02700009354471,132.9943389892578
12.586578801310736,43.02700274608029,132.9943389892578
12.586579533674895,43.02700526802542,132.9943389892578
12.586580391263757,43.02700790044644,132.9943389892578
12.58658128651612,43.02701037225934,132.9943389892578
12.586582342875472,43.02701293590705,132.9943389892578
12.586583441656067,43.02701536636002,132.9943389892578
12.586584638872704,43.027017769793666,132.9943389892578
12.586586082413794,43.02702034060312,132.9943389892578
12.586587453229395,43.027022665017704,132.9943389892578
12.586588892012736,43.0270249521501,132.9943389892578
12.586590494973336,43.02702732051175,132.9943389892578
12.586592116730534,43.02702949231949,132.9943389892578
12.586593930859879,43.0270317841807,132.9943389892578
12.586595753075033,43.02703392463438,132.9943389892578
12.586597766818583,43.0270361056256,132.9943389892578
12.586599741539269,43.02703816332514,132.9943389892578
12.586601887796464,43.027040277204975,132.9943389892578
12.586604092459043,43.027042327777046,132.9943389892578
12.586606268223624,43.02704420180695,132.9943389892578
12.586608507034144,43.02704602517351,132.9943389892578
12.586610953075958,43.02704789296687,132.9943389892578
12.586613355219985,43.027049581939345,132.9943389892578
12.586615963259383,43.02705133737213,132.9943389892578
12.586618510877804,43.02705293925573,132.9943389892578
12.586621262305693,43.027054559917474,132.9943389892578
12.586623952351687,43.02705598519039,132.9943389892578
12.586626699303086,43.027057395420194,132.9943389892578
12.586629814944324,43.02705887913499,132.9943389892578
12.586632714401272,43.027060118596594,132.9943389892578
12.586635675943237,43.027061320844524,132.9943389892578
12.586638885848698,43.02706250037361,132.9943389892578
12.586642003130521,43.02706353247012,132.9943389892578
12.586645352276099,43.027064501618675,132.9943389892578
12.58664859827477,43.02706535061097,132.9943389892578
12.58665209882435,43.027066150738904,132.9943389892578
12.58665547126644,43.02706679493612,132.9943389892578
12.5866590766035,43.02706742917886,132.9943389892578
12.58666269258101,43.027067979588054,132.9943389892578
12.586666135592347,43.02706842183434,132.9943389892578
12.586669542088607,43.027068772074486,132.9943389892578
12.586673201401418,43.027069099338796,132.9943389892578
12.58667670047442,43.02706935272407,132.9943389892578
12.586680370802688,43.02706953899794,132.9943389892578
12.586683877164635,43.02706966556204,132.9943389892578
12.586687562234857,43.027069719035225,132.9943389892578
12.586691042815929,43.02706969873217,132.9943389892578
12.586694482710103,43.027069608302256,132.9943389892578
12.586698278813824,43.02706943713994,132.9943389892578
12.586701695083347,43.027069212453014,132.9943389892578
12.586705236026797,43.02706890360701,132.9943389892578
12.586708594582328,43.0270685301511,132.9943389892578
12.586711914396254,43.02706808329587,132.9943389892578
12.586715390207862,43.02706754446877,132.9943389892578
12.586718612265425,43.02706694711409,132.9943389892578
12.586722038413708,43.02706625850713,132.9943389892578
12.58672543028515,43.027065490932515,132.9943389892578
12.58672854962939,43.02706467990769,132.9943389892578
12.586731850799055,43.027063778967,132.9943389892578
12.58673494840534,43.02706286863722,132.9943389892578
12.586738011101989,43.02706190695875,132.9943389892578
12.586741159484866,43.02706083591804,132.9943389892578
12.586744148260737,43.02705977508883,132.9943389892578
12.586747250671626,43.027058605377086,132.9943389892578
12.586750048516732,43.02705744815557,132.9943389892578
12.586753043796403,43.02705616308492,132.9943389892578
12.58675598191286,43.02705481165673,132.9943389892578
12.58675857937032,43.02705353595803,132.9943389892578
12.586761472780406,43.02705199311595,132.9943389892578
12.586764097331205,43.02705054855083,132.9943389892578
12.586766657066558,43.027049059336186,132.9943389892578
12.586769213204304,43.02704743286616,132.9943389892578
12.586771613285778,43.0270458405772,132.9943389892578
12.58677405298775,43.02704410186652,132.9943389892578
12.586776284134235,43.0270423937389,132.9943389892578
12.586778518983785,43.0270405251745,132.9943389892578
12.586780721302578,43.02703858449576,132.9943389892578
12.586782739885816,43.02703668394337,132.9943389892578
12.586784720606344,43.027034633114255,132.9943389892578
12.586786612171945,43.02703264209772,132.9943389892578
12.586788542127598,43.02703050424826,132.9943389892578
12.586790300113144,43.027028426005785,132.9943389892578
12.586791995738283,43.0270261879433,132.9943389892578
12.586793558990388,43.02702402543895,132.9943389892578
12.586795091223424,43.027021716016016,132.9943389892578
12.58679640443628,43.02701947651433,132.9943389892578
12.586797751468945,43.02701707273799,132.9943389892578
12.586798872239344,43.027014869267774,132.9943389892578
12.58680006285831,43.02701225942848,132.9943389892578
12.586801001100174,43.02700986134041,132.9943389892578
12.586801918219301,43.027007320514315,132.9943389892578
12.586802689629653,43.027004876131905,132.9943389892578
12.586803347100297,43.027002284591056,132.9943389892578
12.586803917595676,43.02699981001967,132.9943389892578
12.586804411656644,43.0269972042924,132.9943389892578
12.586804784928388,43.02699471580873,132.9943389892578
12.586805029723525,43.02699209837939,132.9943389892578
12.586805195424137,43.02698959711422,132.9943389892578
12.586805261270765,43.02698696196898,132.9943389892578
12.586805157655068,43.02698447465038,132.9943389892578
12.58680500145226,43.02698185425697,132.9943389892578
12.58680476996347,43.02697936488236,132.9943389892578
12.586804444802244,43.02697674961182,132.9943389892578
12.586804027890423,43.026974271373895,132.9943389892578
12.58680350313841,43.0269716634707,132.9943389892578
12.586802924381349,43.02696919571841,132.9943389892578
12.586802243784026,43.02696662624534,132.9943389892578
12.58680160728373,43.026964178504805,132.9943389892578
12.58680101239611,43.02696173658104,132.9943389892578
12.586800434559018,43.02695917265063,132.9943389892578
12.586799899647065,43.02695662536527,132.9943389892578
12.586799478786189,43.026954222342816,132.9943389892578
12.58679924148516,43.02695170749946,132.9943389892578
12.586799286853799,43.02694933470881,132.9943389892578
12.586799735909791,43.02694684106802,132.9943389892578
12.586800491195579,43.026944527002,132.9943389892578
12.586801583314225,43.026942173503556,132.9943389892578
12.586802790585448,43.02694002231583,132.9943389892578
12.586804293838586,43.02693782804628,132.9943389892578
12.58680588012955,43.02693580013309,132.9943389892578
12.586807771853474,43.02693376055209,132.9943389892578
12.586809697760481,43.02693186286959,132.9943389892578
12.586811898831366,43.02692994245968,132.9943389892578
12.586814161911086,43.02692820354348,132.9943389892578
12.586816764161538,43.0269264449239,132.9943389892578
12.586819325320795,43.02692488129911,132.9943389892578
12.586822142120775,43.02692332869106,132.9943389892578
12.586825027890434,43.02692188135897,132.9943389892578
12.586828077216243,43.02692050417942,132.9943389892578
12.586831051672062,43.02691927232504,132.9943389892578
12.5868342349236,43.02691805365478,132.9943389892578
12.5868373984059,43.02691694229933,132.9943389892578
12.586840702519902,43.02691589181014,132.9943389892578
12.586843894349437,43.026914963079186,132.9943389892578
12.586847400049301,43.02691402029888,132.9943389892578
12.586850670952844,43.026913236927356,132.9943389892578
12.586854145648282,43.026912499413285,132.9943389892578
12.586857477380025,43.02691186731221,132.9943389892578
12.586861089619315,43.02691126307855,132.9943389892578
12.586864284267154,43.02691079932133,132.9943389892578
12.586868019989469,43.02691034879106,132.9943389892578
12.586871463471006,43.02690999974169,132.9943389892578
12.586875033981903,43.02690974670768,132.9943389892578
12.586878430636004,43.02690957554544,132.9943389892578
12.58688199842013,43.02690946619178,132.9943389892578
12.586885405740698,43.02690941750737,132.9943389892578
12.586888943406205,43.02690946207984,132.9943389892578
12.586892300143221,43.02690958823281,132.9943389892578
12.58689584785196,43.02690979544372,132.9943389892578
12.586899182810686,43.02691008139099,132.9943389892578
12.586902672735132,43.02691046677172,132.9943389892578
12.586905975671383,43.026910910148885,132.9943389892578
12.586909439549085,43.026911448564796,132.9943389892578
12.586912702706632,43.026912045414036,132.9943389892578
12.586916101697113,43.02691276084329,132.9943389892578
12.586919311631805,43.02691352557376,132.9943389892578
12.586922624253448,43.02691441405851,132.9943389892578
12.586925723430017,43.02691534118756,132.9943389892578
12.586928923910747,43.02691639724516,132.9943389892578
12.586931914338926,43.02691748256653,132.89434814453125
12.58693498313801,43.02691868616806,132.89434814453125
12.586937833962793,43.02691989849904,132.89434814453125
12.586940767552953,43.02692125534136,132.89434814453125
12.586943503187069,43.02692261508778,132.89434814453125
12.586946321325822,43.02692413047366,132.89434814453125
12.586948938508568,43.02692564713597,132.89434814453125
12.586951628947048,43.02692731485457,132.9943389892578
12.58695401134515,43.02692899756486,132.9943389892578
12.58695629043519,43.02693089839142,132.9943389892578
12.586958254099262,43.02693285137193,132.9943389892578
12.586960097935057,43.026934984852396,132.9943389892578
12.586961690466008,43.02693709925486,132.9943389892578
12.586963192497317,43.02693939537373,132.9943389892578
12.586964463025213,43.02694162638585,132.9943389892578
12.586965559681655,43.026944041984216,132.9943389892578
12.586966400650489,43.026946389888664,132.9943389892578
12.586967073355241,43.026948918327356,132.9943389892578
12.58696753102414,43.02695134225253,132.9943389892578
12.586967830010341,43.026953922990806,132.9943389892578
12.586967949844421,43.02695640974401,132.9943389892578
12.58696792801266,43.02695909455888,132.9943389892578
12.586967816615836,43.02696162788913,132.9943389892578
12.586967649312646,43.02696429977688,132.9943389892578
12.586967508764449,43.02696690598388,132.9943389892578
12.586967375484713,43.0269696236434,132.9943389892578
12.586967305371035,43.02697223113541,132.9943389892578
12.586967286209724,43.02697498703658,132.9943389892578
12.586967289685758,43.02697766302776,132.9943389892578
12.586967331233984,43.026980434314694,132.9943389892578
12.586967387642831,43.026983072355485,132.9943389892578
12.58696753952293,43.02698592521434,132.9943389892578
12.586967698853131,43.02698857276414,132.9943389892578
12.58696797048099,43.02699135011629,132.9943389892578
12.586968357705281,43.026993979950184,132.9943389892578
12.586968999361824,43.02699676893587,132.9943389892578
12.586969638160483,43.02699936320091,132.9943389892578
12.586970407259454,43.027002056085564,132.9943389892578
12.586971348001892,43.02700460559826,132.9943389892578
12.586972415575964,43.02700723800216,132.9943389892578
12.586973627417432,43.0270097092325,132.9943389892578
12.586975105226616,43.027012250966635,132.9943389892578
12.586976742967979,43.02701461838594,132.9943389892578
12.586978543089243,43.02701702942681,132.9943389892578
12.586980397754623,43.02701926123556,132.9943389892578
12.586982638505335,43.027021527191096,132.9943389892578
12.586984788543285,43.027023608277666,132.9943389892578
12.586987203645169,43.027025711723276,132.9943389892578
12.586989657366896,43.02702762575957,132.9943389892578
12.586992515662013,43.02702952615771,132.9943389892578
12.586995256350411,43.027031253508895,132.9943389892578
12.586998275648128,43.02703296581698,132.9943389892578
12.587001393704131,43.02703446531159,132.9943389892578
12.58700461397981,43.02703596525167,132.9943389892578
12.587007772329406,43.027037287227515,132.9943389892578
12.587011191516915,43.02703856554756,132.9943389892578
12.587014638908107,43.027039639261005,132.9943389892578
12.587018253861743,43.02704067046657,132.9943389892578
12.587021768833953,43.02704154252035,132.9943389892578
12.587025653146368,43.027042300551614,132.9943389892578
12.587029274871862,43.027042955234435,132.9943389892578
12.587033125124227,43.027043526632,132.9943389892578
12.587036812752048,43.027043965520136,132.9943389892578
12.587040795330564,43.02704428776435,132.9943389892578
12.587044523753677,43.02704452627783,132.89434814453125
12.587048464470506,43.02704468520685,132.89434814453125
12.587052285950822,43.02704472216348,132.89434814453125
12.587056234401905,43.02704470835396,132.89434814453125
12.587059990633183,43.0270446266792,132.89434814453125
12.587063927646923,43.027044469274976,132.89434814453125
12.587067669054191,43.02704422565568,132.89434814453125
12.587071529457736,43.02704390599852,132.89434814453125
12.58707516675717,43.027043516557185,132.89434814453125
12.587078973026756,43.027043010865995,132.89434814453125
12.587082540811602,43.02704246112492,132.89434814453125
12.587086244197941,43.02704179091919,132.89434814453125
12.58708971604865,43.02704107022144,132.89434814453125
12.58709328059915,43.02704022143468,132.89434814453125
12.587096610842577,43.02703933360099,132.89434814453125
12.587100028518304,43.02703830419433,132.89434814453125
12.587103167291927,43.02703723193715,132.89434814453125
12.58710642244273,43.02703600767277,132.89434814453125
12.587109456510886,43.02703476882791,132.89434814453125
12.587112588640082,43.02703339680544,132.89434814453125
12.587115469605035,43.02703201844361,132.89434814453125
12.587118440064735,43.02703047947365,132.89434814453125
12.58712114873144,43.02702891888139,132.89434814453125
12.58712378787182,43.02702718990246,132.89434814453125
12.587126184297048,43.02702546452155,132.89434814453125
12.587128494204014,43.02702361161705,132.89434814453125
12.587130468092525,43.027021827657194,132.89434814453125
12.587132268147677,43.02701993969783,132.89434814453125
12.587133764586254,43.027018128821446,132.89434814453125
12.587135100070205,43.027016194327864,132.89434814453125
12.587136120195565,43.027014296825215,132.89434814453125
12.587137066751707,43.02701225869193,132.89434814453125
12.58713777919414,43.02701028374649,132.89434814453125
12.587138338134952,43.02700818897033,132.89434814453125
12.587138624689196,43.027006224287774,132.89434814453125
12.58713880354973,43.027004144109235,132.89434814453125
12.587138803842608,43.02700216083699,132.89434814453125
12.587138554693878,43.0270000882828,132.89434814453125
12.58713818138683,43.02699807050395,132.89434814453125
12.587137571751258,43.026995930512854,132.89434814453125
12.587136791059637,43.0269939016316,132.89434814453125
12.587135660322442,43.02699182601056,132.89434814453125
12.58713449868337,43.02698987426372,132.89434814453125
12.587133110313307,43.02698787899815,132.89434814453125
12.587131582632813,43.02698606138839,132.89434814453125
12.587129885525146,43.02698419191596,132.89434814453125
12.587128118668515,43.02698248608428,132.89434814453125
12.587126098104719,43.02698078225719,132.89434814453125
12.587124000643646,43.02697926031789,132.89434814453125
12.587121703462893,43.02697775318179,132.89434814453125
12.587119420028037,43.02697641969232,132.89434814453125
12.587116918744863,43.026975142314605,132.89434814453125
12.58711448133965,43.026974017595144,132.89434814453125
12.587111838636707,43.026972939238554,132.89434814453125
12.587109246124419,43.02697200617286,132.89434814453125
12.5871063930496,43.02697115813149,132.89434814453125
12.587103670988473,43.02697040267022,132.89434814453125
12.587100777414273,43.026969674836494,132.89434814453125
12.587098012099887,43.02696904574231,132.89434814453125
12.587095034480065,43.02696840593977,132.89434814453125
12.58709219328792,43.02696779673741,132.89434814453125
12.587089205004201,43.026967145335576,132.89434814453125
12.587086332916014,43.02696655602505,132.89434814453125
12.587083279957465,43.0269658969389,132.89434814453125
12.587080338366398,43.026965255114604,132.89434814453125
12.587077193288119,43.02696457415771,132.89434814453125
12.587074153946553,43.02696388598767,132.89434814453125
12.58707090066481,43.02696312555768,132.89434814453125
12.587067762676282,43.02696236878566,132.89434814453125
12.587064386736214,43.02696154819187,132.89434814453125
12.587061203215164,43.026960724342736,132.89434814453125
12.587057847196682,43.02695981441559,132.89434814453125
12.587054579430795,43.0269588899251,132.89434814453125
12.587051194936166,43.02695790696702,132.89434814453125
12.587047944988356,43.026956956082586,132.89434814453125
12.587044477256669,43.02695593749568,132.89434814453125
12.587041097818588,43.02695492592488,132.89434814453125
12.587037501589785,43.026953858165236,132.89434814453125
12.58703402486702,43.02695281159097,132.89434814453125
12.58703029982764,43.026951639197875,132.89434814453125
12.587026735830786,43.026950534464426,132.89434814453125
12.587022950736634,43.0269493565544,132.89434814453125
12.587019312640297,43.02694821993577,132.89434814453125
12.587015427122349,43.026946980131456,132.89434814453125
12.587011721263357,43.026945830594286,132.89434814453125
12.587007801613595,43.02694462118457,132.89434814453125
12.587004031873716,43.0269434360357,132.89434814453125
12.587000061483252,43.02694221709126,132.79434204101563
12.586996252717949,43.02694105424147,132.79434204101563
12.58699221312289,43.02693983156196,132.79434204101563
12.586988326019092,43.02693864327768,132.79434204101563
12.586984227104784,43.026937408022306,132.79434204101563
12.586980302655535,43.02693622695972,132.79434204101563
12.586976126165352,43.026934946309495,132.79434204101563
12.586972144137611,43.02693375305655,132.79434204101563
12.586967929056696,43.026932493677386,132.79434204101563
12.586963897619048,43.02693129287719,132.79434204101563
12.586959617092818,43.02692999291765,132.79434204101563
12.586955540877026,43.02692879229736,132.79434204101563
12.586951227430385,43.026927531890195,132.79434204101563
12.586947078916843,43.026926305449926,132.79434204101563
12.586942740492063,43.02692503896898,132.79434204101563
12.586938607247834,43.026923834168144,132.79434204101563
12.586934262659089,43.02692257365819,132.79434204101563
12.58693013404078,43.026921382007224,132.79434204101563
12.5869258501865,43.02692016535866,132.79434204101563
12.586921813866631,43.026919021424106,132.79434204101563
12.58691759011107,43.026917822405785,132.79434204101563
12.586913640072147,43.02691669786618,132.79434204101563
12.586909536155138,43.026915527477705,132.79434204101563
12.58690566555057,43.02691442399501,132.79434204101563
12.586901595394773,43.02691326409214,132.79434204101563
12.586897773510918,43.02691217281696,132.79434204101563
12.58689378134993,43.02691103166656,132.79434204101563
12.58688998965907,43.026909947150486,132.79434204101563
12.586886035640118,43.02690882709983,132.79434204101563
12.586882291795751,43.026907769286105,132.79434204101563
12.58687838286632,43.02690667115758,132.79434204101563
12.586874717840745,43.02690563213916,132.79434204101563
12.58687093133308,43.02690456245201,132.79434204101563
12.586867370951444,43.02690356810882,132.79434204101563
12.586863662154041,43.026902534213285,132.79434204101563
12.58686015660069,43.02690158018489,132.79434204101563
12.586856493441275,43.02690059462255,132.79434204101563
12.586853025199867,43.02689966793902,132.79434204101563
12.586849415726176,43.02689869206131,132.79434204101563
12.58684597076371,43.026897778874556,132.79434204101563
12.586842340917265,43.02689680695893,132.79434204101563
12.586838905247623,43.02689586192982,132.79434204101563
12.586835280533924,43.026894842293494,132.79434204101563
12.586831855205945,43.026893829334874,132.79434204101563
12.586828304295862,43.0268926986358,132.79434204101563
12.586825005669146,43.02689155882177,132.79434204101563
12.586821607885703,43.02689028822453,132.79434204101563
12.586818472692112,43.02688901369087,132.79434204101563
12.586815256540739,43.02688760576543,132.79434204101563
12.586812308199834,43.02688617411886,132.79434204101563
12.5868093045414,43.026884567065196,132.79434204101563
12.586806548719135,43.02688293232831,132.79434204101563
12.586803765182445,43.026881087322245,132.79434204101563
12.586801414653014,43.02687930837812,132.79434204101563
12.586798907803665,43.026877086994936,132.79434204101563
12.586796872627003,43.02687493127536,132.79434204101563
12.586795026869407,43.02687257378048,132.79434204101563
12.586793562592472,43.02687021919397,132.79434204101563
12.586792340849048,43.02686763764185,132.79434204101563
12.586791453571351,43.026865073257355,132.79434204101563
12.586790839119677,43.0268623503079,132.79434204101563
12.586790543249206,43.026859731248734,132.79434204101563
12.586790554967918,43.026856899733744,132.79434204101563
12.586790817710233,43.02685441376869,132.79434204101563
12.586791429062593,43.02685154712606,132.79434204101563
12.586792208916322,43.02684899357418,132.79434204101563
12.586793179003507,43.0268462536263,132.79434204101563
12.586794164225212,43.0268437308395,132.79434204101563
12.586795217426353,43.026841072865125,132.79434204101563
12.586796237727604,43.02683840527037,132.79434204101563
12.586797341623326,43.026835692718734,132.79434204101563
12.586798418800687,43.026833106092504,132.79434204101563
12.586799560846206,43.02683038237473,132.79434204101563
12.586800615775816,43.02682785499415,132.79434204101563
12.586801762256796,43.02682497273994,132.79434204101563
12.586802761622785,43.026822354959094,132.79434204101563
12.586803785498175,43.02681948230262,132.79434204101563
12.586804724449037,43.02681684755894,132.79434204101563
12.586805641017405,43.02681405736212,132.79434204101563
12.586806396244402,43.02681138951357,132.79434204101563
12.586807038609784,43.02680848660493,132.79434204101563
12.586807478601221,43.0268058038375,132.79434204101563
12.586807761458273,43.026802977582456,132.79434204101563
12.586807835255923,43.026800232404625,132.79434204101563
12.58680770731828,43.02679740926143,132.79434204101563
12.586807372125907,43.026794744130676,132.79434204101563
12.586806802286636,43.02679196958734,132.79434204101563
12.586806032985493,43.02678933724878,132.79434204101563
12.586805065142379,43.026786619620864,132.79434204101563
12.58680395797711,43.0267840664668,132.79434204101563
12.586802502553349,43.026781411827024,132.79434204101563
12.58680100713409,43.026778956797685,132.79434204101563
12.586799236879074,43.02677644131768,132.79434204101563
12.586797366377503,43.02677411886781,132.79434204101563
12.58679512032488,43.02677174658049,132.79434204101563
12.586792884373667,43.0267695766098,132.79434204101563
12.586790344630097,43.02676739000851,132.79434204101563
12.586787619369751,43.026765401937894,132.79434204101563
12.58678469079211,43.02676345650473,132.79434204101563
12.586781726191576,43.026761733566474,132.79434204101563
12.586778470946948,43.026760070030655,132.79434204101563
12.586775181870795,43.0267586493731,132.79434204101563
12.586771696965519,43.026757331419326,132.79434204101563
12.586768291184073,43.026756238283106,132.79434204101563
12.58676450811137,43.02675525575557,132.79434204101563
12.586760981839545,43.02675445790853,132.79434204101563
12.586757238129552,43.026753785681166,132.79434204101563
12.586753648811797,43.026753295046014,132.79434204101563
12.586749789814458,43.02675295335118,132.79434204101563
12.586746174071317,43.02675277724384,132.79434204101563
12.586742373924677,43.02675277151494,132.79434204101563
12.586738707416677,43.0267529462239,132.79434204101563
12.586734931457176,43.02675327521021,132.79434204101563
12.586731353787703,43.02675374940175,132.79434204101563
12.586727632155535,43.02675441406059,132.79434204101563
12.586724133797402,43.026755222528294,132.79434204101563
12.586720569088698,43.026756217096434,132.79434204101563
12.586717261450394,43.02675732016801,132.79434204101563
12.586713831036576,43.02675866538323,132.79434204101563
12.586710721242994,43.026760074743606,132.79434204101563
12.586707568336772,43.0267617058386,132.79434204101563
12.586704690758495,43.02676337948,132.79434204101563
12.586701767067638,43.026765275906506,132.79434204101563
12.58669920184802,43.0267671845962,132.79434204101563
12.586696704725055,43.02676930995654,132.79434204101563
12.586694494625174,43.026771457404976,132.79434204101563
12.586692427550513,43.0267738135838,132.79434204101563
12.586690680076572,43.02677614062734,132.79434204101563
12.586689082272285,43.02677866237271,132.79434204101563
12.586687776987082,43.02678111865646,132.79434204101563
12.586686609606081,43.02678374885687,132.79434204101563
12.586685702166534,43.02678629746071,132.79434204101563
12.5866849480294,43.026789022302324,132.79434204101563
12.586684489973806,43.02679161725486,132.79434204101563
12.586684270906856,43.02679435160547,132.79434204101563
12.586684317781268,43.026796957281334,132.6943359375
12.586684615808192,43.026799683171284,132.6943359375
12.586685156808066,43.02680225340891,132.6943359375
12.58668597401477,43.02680490254781,132.6943359375
12.586686960039277,43.02680733448065,132.6943359375
12.586688262535633,43.02680986112457,132.6943359375
12.586689710365766,43.026812189357734,132.6943359375
12.586691445113503,43.02681455058119,132.6943359375
12.586693311367098,43.026816693189375,132.6943359375
12.586695435253576,43.02681885427908,132.6943359375
12.586697624846106,43.02682079639587,132.6943359375
12.586700075938655,43.02682266995672,132.6943359375
12.586702578686678,43.02682435960138,132.6943359375
12.586705350129915,43.02682599460292,132.6943359375
12.58670809306185,43.02682740592738,132.6943359375
12.586711032912731,43.02682870173256,132.6943359375
12.586713958420072,43.02682980191191,132.6943359375
12.586717114033364,43.026830781917084,132.6943359375
12.58672012785188,43.02683147870966,132.6943359375
12.58672343424807,43.02683209598016,132.6943359375
12.586726611306325,43.026832502844144,132.6943359375
12.58672997872113,43.026832745784965,132.6943359375
12.58673317696657,43.0268327458138,132.79434204101563
12.586736560810806,43.026832650773905,132.79434204101563
12.586739761013243,43.02683244343905,132.79434204101563
12.586743047874563,43.02683211887106,132.79434204101563
12.58674628521318,43.02683186654993,132.6943359375
12.586749735853333,43.02683163302544,132.6943359375
12.586753107322789,43.026831423587765,132.6943359375
12.586756612665262,43.02683110178816,132.6943359375
12.58676017346003,43.0268308684275,132.6943359375
12.586763982653437,43.026830673462996,132.6943359375
12.58676754092868,43.02683051947027,132.6943359375
12.58677139076208,43.02683053892554,132.6943359375
12.586775021446382,43.026830701070644,132.6943359375
12.58677878056627,43.026831016220676,132.6943359375
12.586782288264114,43.02683141077955,132.6943359375
12.5867859210226,43.02683196204495,132.6943359375
12.58678933415154,43.02683257713133,132.6943359375
12.586792803342133,43.02683335529545,132.6943359375
12.586796103170006,43.026834136066505,132.6943359375
12.58679950473856,43.02683503592675,132.6943359375
12.586802670640694,43.026835982801465,132.6943359375
12.586805891907243,43.02683712299297,132.6943359375
12.58680894785399,43.02683824418304,132.6943359375
12.586812103121519,43.02683951413245,132.6943359375
12.586814999777648,43.02684087065457,132.6943359375
12.586817963739408,43.02684226057068,132.6943359375
12.586820694208555,43.02684362298561,132.6943359375
12.58682348266708,43.02684511235662,132.79434204101563
12.586826040111463,43.02684666404273,132.79434204101563
12.586828703163658,43.02684830003677,132.79434204101563
12.586831161386852,43.02684994091809,132.6943359375
12.586833605676654,43.026851828168574,132.6943359375
12.586835862639157,43.02685361733914,132.6943359375
12.586838121927796,43.0268555616887,132.6943359375
12.586840160438465,43.02685747258109,132.6943359375
12.586842149572918,43.02685959905614,132.6943359375
12.586843962858417,43.026861624579276,132.6943359375
12.586845734106445,43.026863818319896,132.6943359375
12.586847238994169,43.02686603827884,132.6943359375
12.58684870571156,43.02686837840477,132.6943359375
12.586849945413766,43.02687066169076,132.6943359375
12.586851083129208,43.02687311601909,132.6943359375
12.586851977320922,43.02687552810084,132.6943359375
12.586852777400754,43.02687806957372,132.6943359375
12.586853379082168,43.02688051375482,132.6943359375
12.586853786627803,43.02688302887658,132.79434204101563
12.586854121275108,43.02688562754918,132.6943359375
12.586854298808538,43.026888088722266,132.6943359375
12.5868543388069,43.02689068167661,132.6943359375
12.586854184171436,43.02689333734762,132.6943359375
12.586853938869348,43.02689579950587,132.6943359375
12.586853540346887,43.02689838173473,132.6943359375
12.586853035624836,43.02690086728432,132.6943359375
12.586852356416118,43.026903424224315,132.6943359375
12.586851563045018,43.026905835916246,132.6943359375
12.586850530166718,43.02690833422589,132.79434204101563
12.586849330960815,43.026910681873304,132.79434204101563
12.5868478638214,43.0269130636932,132.79434204101563
12.586846291516558,43.026915278180134,132.79434204101563
12.586844562396669,43.02691746514232,132.79434204101563
12.586842555865866,43.026919634217265,132.79434204101563
12.586840396554145,43.02692169213951,132.79434204101563
12.586838210283844,43.02692356042116,132.79434204101563
12.586835759566299,43.026925455533664,132.79434204101563
12.586833321909111,43.02692716184509,132.79434204101563
12.586830634072049,43.02692885576908,132.79434204101563
12.586827957168417,43.026930409910534,132.79434204101563
12.58682501211448,43.02693187481287,132.79434204101563
12.586822126198353,43.02693314699918,132.79434204101563
12.586819183576043,43.026934318629785,132.79434204101563
12.586816023205015,43.0269354734183,132.79434204101563
12.586812781413311,43.026936485708625,132.79434204101563
12.586809618680984,43.02693731276161,132.79434204101563
12.586806223299776,43.02693806175501,132.79434204101563
12.58680293628611,43.02693858341439,132.79434204101563
12.586799458640524,43.026938972658606,132.79434204101563
12.586796139541413,43.0269392055609,132.79434204101563
12.586792870105628,43.026939336948026,132.79434204101563
12.586789385839062,43.026939312781366,132.79434204101563
12.586785931249793,43.026939146313566,132.79434204101563
12.586782685661328,43.02693888810519,132.79434204101563
12.586779268325417,43.026938455068,132.79434204101563
12.58677604811939,43.02693790155756,132.79434204101563
12.586772696887977,43.026937162561346,132.79434204101563
12.586769576184395,43.026936318837485,132.79434204101563
12.586766375724196,43.02693528124106,132.79434204101563
12.586763419291614,43.02693417109342,132.79434204101563
12.586760412445726,43.02693289911264,132.79434204101563
12.586757638541691,43.026931558221456,132.79434204101563
12.586754976046159,43.02693010444713,132.79434204101563
12.586752289304902,43.02692845225135,132.79434204101563
12.586749765041704,43.026926667760314,132.79434204101563
12.586747460572113,43.02692487845481,132.79434204101563
12.586745175988945,43.02692291432906,132.79434204101563
12.586743153034698,43.02692099420179,132.79434204101563
12.586741220325196,43.026918976371526,132.79434204101563
12.586739305287317,43.026916769440355,132.6943359375
12.586737538372244,43.02691448361004,132.6943359375
12.5867360342814,43.02691223728071,132.6943359375
12.586734673414977,43.02690994691008,132.6943359375
12.586733404246417,43.026907495340225,132.6943359375
12.586732364047114,43.02690505907903,132.6943359375
12.586731519044143,43.02690268511475,132.6943359375
12.58673084183946,43.02690017951484,132.6943359375
12.58673037558084,43.02689780030347,132.6943359375
12.586730091100758,43.026895348241055,132.6943359375
12.586729902045033,43.02689301541827,132.6943359375
12.586729834112502,43.02689071284014,132.6943359375
12.586729931435334,43.026888337685094,132.6943359375
12.586730094089214,43.02688603548389,132.6943359375
12.586730383139663,43.02688360569056,132.6943359375
12.586730796090611,43.02688117418388,132.6943359375
12.586731349488689,43.02687888252399,132.6943359375
12.586731987928465,43.02687657996299,132.6943359375
12.586732771069217,43.026874160111284,132.6943359375
12.586733705555364,43.02687179910839,132.6943359375
12.586734599319435,43.0268695307927,132.6943359375
12.58673555317635,43.026867156798446,132.6943359375
12.586736455190284,43.02686490439535,132.6943359375
12.58673739929734,43.026862678880946,132.6943359375
12.586738309596297,43.02686030164633,132.6943359375
12.586739177872442,43.02685791868276,132.6943359375
12.586740031430056,43.02685568922124,132.6943359375
12.58674087861277,43.0268533179833,132.6943359375
12.586741672804083,43.026851061896544,132.6943359375
12.58674249786213,43.026848685848414,132.6943359375
12.586743295416676,43.02684644671298,132.6943359375
12.586744115986509,43.026844077622066,132.6943359375
12.586744893713226,43.02684182326899,132.6943359375
12.586745685924097,43.02683960392473,132.6943359375
12.586746450502561,43.02683722631104,132.6943359375
12.586747169870756,43.026834843536456,132.6943359375
12.586747824142272,43.0268325643491,132.6943359375
12.58674848477697,43.02683018447313,132.6943359375
12.586749079447808,43.02682788907013,132.6943359375
12.586749665950794,43.026825473531076,132.6943359375
12.58675015107637,43.02682321298081,132.6943359375
12.58675061093669,43.026820777922694,132.6943359375
12.586750964251708,43.02681843392625,132.6943359375
12.586751237751509,43.02681594115924,132.6943359375
12.586751403698221,43.02681355938106,132.6943359375
12.586751477923642,43.026811031799056,132.6943359375
12.586751447056868,43.02680862212135,132.6943359375
12.586751298078562,43.02680621615838,132.6943359375
12.586751016703781,43.02680368047443,132.6943359375
12.586750592842836,43.02680115323938,132.6943359375
12.586750037968205,43.026798748931924,132.6943359375
12.58674924917908,43.02679625552135,132.6943359375
12.586748376180271,43.026793879281556,132.6943359375
12.586747303461781,43.026791413352896,132.6943359375
12.586746131990852,43.02678910653427,132.6943359375
12.586744770198528,43.026786707206206,132.6943359375
12.586743315770862,43.026784471192805,132.6943359375
12.586741612405488,43.026782174283966,132.6943359375
12.586739796366011,43.0267800479214,132.6943359375
12.586737769708575,43.0267778582583,132.6943359375
12.586735688606632,43.02677584883898,132.6943359375
12.58673327688851,43.02677382991385,132.6943359375
12.586730887037252,43.026771991650385,132.6943359375
12.586728360078663,43.026770261735095,132.6943359375
12.586725554124218,43.02676856414082,132.6943359375
12.586722542883765,43.02676704226148,132.6943359375
12.586719624032572,43.02676569137095,132.6943359375
12.586716436017412,43.0267644168374,132.6943359375
12.586713242037506,43.026763370411,132.6943359375
12.586709868974326,43.026762395126596,132.6943359375
12.586706595894045,43.02676162285967,132.6943359375
12.58670310722713,43.02676097732822,132.6943359375
12.58669972810547,43.02676055932996,132.6943359375
12.586696202044596,43.02676026393803,132.6943359375
12.58669284527027,43.02676014514394,132.6943359375
12.586689281370118,43.02676022488696,132.6943359375
12.586685933958936,43.026760415285786,132.6943359375
12.586682430807883,43.02676077519779,132.6943359375
12.586679126005452,43.026761269816596,132.6943359375
12.586675672986477,43.026762006762155,132.6943359375
12.586672474284045,43.02676281381957,132.6943359375
12.586669197512466,43.02676381570044,132.6943359375
12.586666167604408,43.02676495443188,132.6943359375
12.58666307225983,43.026766252792704,132.6943359375
12.586660235872344,43.02676762467278,132.6943359375
12.586657383430419,43.026769208685295,132.6943359375
12.586654805554721,43.0267708799323,132.6943359375
12.586652221866615,43.026772717752,132.6943359375
12.586649897955896,43.0267745628721,132.6943359375
12.58664761494302,43.026776630778635,132.6943359375
12.586645617746212,43.02677863843221,132.6943359375
12.586643702016946,43.02678083638619,132.6943359375
12.586642068424121,43.02678300413938,132.6943359375
12.586640552696725,43.02678536441682,132.6943359375
12.586639224044601,43.02678761780774,132.6943359375
12.586637769652105,43.02678996755079,132.6943359375
12.5866362504559,43.02679217173952,132.6943359375
12.586634561902821,43.02679445590142,132.6943359375
12.586632766171606,43.02679655311262,132.6943359375
12.586630589117906,43.02679861809272,132.6943359375
12.58662826035549,43.02680040796777,132.6943359375
12.586625382109043,43.026801991799104,132.6943359375
12.586622299795351,43.026803120101455,132.6943359375
12.586618778457002,43.02680384050559,132.6943359375
12.586615445342481,43.02680418985682,132.6943359375
12.586611999307795,43.02680420358478,132.6943359375
12.586608835034554,43.02680392528532,132.6943359375
12.586605493834256,43.026803331635655,132.6943359375
12.586602571502738,43.0268025706423,132.6943359375
12.586599643640058,43.02680154760921,132.6943359375
12.586596773831218,43.02680031797134,132.6943359375
12.58659410232413,43.026798887487644,132.6943359375
12.586591730953206,43.026797359513,132.6943359375
12.586589422909464,43.026795595092615,132.6943359375
12.586587266058784,43.02679372542199,132.6943359375
12.586585320048721,43.02679166000165,132.59434509277344
12.586583645511194,43.0267895575529,132.59434509277344
12.58658180564801,43.02678713957939,132.59434509277344
12.58658055293236,43.02678481867067,132.59434509277344
12.586579518791597,43.02678230934265,132.59434509277344
12.58657881347408,43.02677988661708,132.59434509277344
12.586578104687852,43.02677725111178,132.59434509277344
12.586577960244803,43.02677487119206,132.59434509277344
12.586578111883286,43.02677242711167,132.59434509277344
12.586578334606648,43.02677007839558,132.59434509277344
12.586579028346431,43.02676777920774,132.59434509277344
12.586579901731978,43.02676566993358,132.59434509277344
12.586581044926003,43.02676355132925,132.59434509277344
12.586582263611081,43.02676161128131,132.59434509277344
12.586583749854672,43.02675972475692,132.59434509277344
12.586585311870577,43.02675802570792,132.59434509277344
12.586587022407713,43.02675630277073,132.59434509277344
12.586588897590838,43.026754849636866,132.59434509277344
12.586591014106302,43.026753482270486,132.59434509277344
12.586593128934274,43.02675233775987,132.59434509277344
12.586595360408936,43.026751293811394,132.59434509277344
12.586597587922725,43.026750492032264,132.59434509277344
12.586599985426176,43.026749831999574,132.59434509277344
12.586602252314368,43.026749374911546,132.59434509277344
12.586604724793249,43.026749066012094,132.59434509277344
12.586607099914204,43.02674892873111,132.59434509277344
12.586609617368975,43.026748959267124,132.59434509277344
12.5866119707168,43.02674918506347,132.59434509277344
12.586614420602238,43.02674958036445,132.59434509277344
12.58661668718571,43.02675009276981,132.59434509277344
12.586618955151982,43.026750764288394,132.59434509277344
12.586621122666628,43.0267515032032,132.59434509277344
12.586623360820841,43.02675240251625,132.59434509277344
12.58662540679039,43.026753376128134,132.59434509277344
12.58662739201083,43.026754548581245,132.59434509277344
12.586629180077948,43.02675577268072,132.59434509277344
12.58663092921597,43.02675717796976,132.59434509277344
12.586632457833828,43.02675862946107,132.59434509277344
12.586633972155024,43.02676023885771,132.59434509277344
12.58663529820558,43.0267618573361,132.59434509277344
12.586636554811845,43.02676365135113,132.59434509277344
12.586637569124834,43.02676547206423,132.6943359375
12.58663848919703,43.02676746992877,132.6943359375
12.586639218068948,43.026769427929324,132.6943359375
12.586639848481397,43.02677152771969,132.6943359375
12.58664031213852,43.02677355337291,132.6943359375
12.586640670867515,43.026775720831495,132.6943359375
12.586640895629747,43.026777807294366,132.6943359375
12.58664103156518,43.02678001848457,132.6943359375
12.586641044385269,43.02678215855016,132.6943359375
12.586640972761305,43.026784445758615,132.6943359375
12.586640857075512,43.02678664352557,132.6943359375
12.586640724163432,43.02678899671245,132.6943359375
12.586640637070992,43.02679125414846,132.6943359375
12.586640608149573,43.026793648198414,132.6943359375
12.586640622915002,43.02679595194163,132.6943359375
12.586640709866856,43.02679840332194,132.6943359375
12.58664084207585,43.02680075237432,132.6943359375
12.586641071314643,43.02680324938399,132.6943359375
12.586641267389876,43.02680563473126,132.6943359375
12.586641500706735,43.026808165866306,132.6943359375
12.586641753265498,43.026810596151165,132.6943359375
12.58664213983789,43.02681315919816,132.6943359375
12.586642448762994,43.02681563474187,132.6943359375
12.58664279244539,43.0268182523522,132.6943359375
12.58664327426636,43.02682071729357,132.6943359375
12.586643671760465,43.02682336300528,132.6943359375
12.586644071293602,43.02682588605712,132.6943359375
12.58664450267782,43.02682854937453,132.6943359375
12.586644994201768,43.026831085609324,132.6943359375
12.586645446070056,43.026833786845984,132.6943359375
12.58664590363358,43.02683637635866,132.6943359375
12.586646539577272,43.026839079692024,132.6943359375
12.586647076100563,43.02684169781313,132.6943359375
12.586647673185452,43.026844464146386,132.6943359375
12.586648281942054,43.026847108549,132.6943359375
12.586649105851734,43.02684987079809,132.6943359375
12.586649923855264,43.02685251556585,132.6943359375
12.586650960504004,43.02685527765216,132.6943359375
12.586652243688157,43.026857861013944,132.6943359375
12.586653741791,43.02686053730064,132.6943359375
12.58665542802387,43.026863006423575,132.6943359375
12.586657491641763,43.026865500111455,132.6943359375
12.586659751756727,43.026867736948816,132.6943359375
12.586662360897744,43.02686992809579,132.6943359375
12.586665062545185,43.02687184436795,132.6943359375
12.586668221053014,43.026873618488885,132.6943359375
12.586671259984481,43.02687518168959,132.6943359375
12.586674591411587,43.02687664108781,132.6943359375
12.586677874417536,43.026877853932675,132.6943359375
12.586681555808182,43.026878860166356,132.6943359375
12.586685029358158,43.02687971097901,132.6943359375
12.586688749162276,43.02688040739439,132.6943359375
12.586692440279313,43.02688080120461,132.6943359375
12.58669627556998,43.02688111722511,132.6943359375
12.58669994035536,43.026881226582994,132.6943359375
12.586703786380218,43.02688113433262,132.6943359375
12.58670748986031,43.026880786773724,132.6943359375
12.586711253257473,43.02688030182242,132.6943359375
12.58671475454524,43.02687965981816,132.6943359375
12.586718412850198,43.02687875159573,132.6943359375
12.586721707715231,43.02687775683699,132.6943359375
12.586725030048601,43.026876521919895,132.59434509277344
12.586728042495947,43.02687517401688,132.59434509277344
12.586731075802353,43.02687352145699,132.59434509277344
12.58673376104361,43.02687186711523,132.59434509277344
12.586736391172403,43.026869997261514,132.59434509277344
12.586738689302214,43.026868082843926,132.59434509277344
12.586740792470078,43.02686612008027,132.59434509277344
12.586742786854396,43.026863966827925,132.59434509277344
12.586744565300535,43.02686174399485,132.59434509277344
12.586746056079088,43.02685954947253,132.59434509277344
12.586747495952148,43.0268572381735,132.59434509277344
12.586748739093775,43.02685499824563,132.59434509277344
12.586750012164714,43.0268526041732,132.59434509277344
12.58675134337155,43.02685036412757,132.59434509277344
12.58675287046609,43.02684803781974,132.59434509277344
12.586754408822141,43.02684584171796,132.59434509277344
12.5867560030289,43.02684352177944,132.59434509277344
12.586757480975653,43.02684131458378,132.59434509277344
12.586758957984927,43.026838976607046,132.59434509277344
12.586760285547202,43.02683672337406,132.59434509277344
12.586761603711178,43.02683430096519,132.59434509277344
12.586762767307127,43.02683196127778,132.59434509277344
12.586763881181149,43.02682946000324,132.59434509277344
12.586764866912542,43.026827044924495,132.59434509277344
12.58676575766488,43.02682448189248,132.59434509277344
12.586766506118556,43.02682201280965,132.59434509277344
12.586767213100202,43.0268193707361,132.59434509277344
12.586767831723803,43.026816850058296,132.59434509277344
12.586768465745623,43.026814181516905,132.59434509277344
12.586769053572805,43.02681162985075,132.59434509277344
12.586769658731743,43.02680892034885,132.59434509277344
12.586770112592138,43.02680633636167,132.59434509277344
12.586770470547705,43.026803600457264,132.59434509277344
12.586770707673036,43.026800991808756,132.59434509277344
12.586770790113171,43.026798216872415,132.59434509277344
12.58677074169196,43.0267955667858,132.59434509277344
12.586770544046406,43.02679277071117,132.59434509277344
12.586770243617215,43.02679011788644,132.59434509277344
12.586769752679139,43.02678733821915,132.59434509277344
12.58676914244596,43.02678469710347,132.59434509277344
12.586768356070863,43.02678195768085,132.59434509277344
12.586767439326607,43.026779343172656,132.59434509277344
12.58676629009752,43.02677661945138,132.59434509277344
12.586764999835363,43.02677406501273,132.59434509277344
12.586763430495319,43.02677147435749,132.59434509277344
12.586761708813784,43.02676901656505,132.59434509277344
12.586759657769957,43.02676649883691,132.59434509277344
12.586757475747612,43.026764208164366,132.59434509277344
12.586754944125001,43.02676190188655,132.59434509277344
12.586752338030845,43.02675983012911,132.59434509277344
12.586749402093941,43.0267577923707,132.59434509277344
12.586746402419706,43.026756016716305,132.59434509277344
12.586743100640591,43.02675429110847,132.59434509277344
12.586739815982323,43.026752789039584,132.59434509277344
12.586736188075262,43.0267514069599,132.59434509277344
12.586732675643056,43.02675016041369,132.59434509277344
12.586728888187599,43.02674897719879,132.59434509277344
12.586725219195229,43.02674797359936,132.59434509277344
12.58672129053096,43.026747067687886,132.59434509277344
12.586717591246108,43.02674615816553,132.59434509277344
12.586713756646871,43.026745119198466,132.59434509277344
12.586710172368136,43.026744086954096,132.59434509277344
12.586706453044528,43.026742917201695,132.59434509277344
12.58670294411622,43.026741780630175,132.59434509277344
12.58669926871382,43.02674056005806,132.59434509277344
12.586695750715334,43.026739425679615,132.59434509277344
12.586692067086496,43.02673815011369,132.59434509277344
12.586688565927599,43.02673690570479,132.59434509277344
12.586685074846674,43.026735599508704,132.59434509277344
12.586681385065571,43.026734270431035,132.59434509277344
12.586677691347028,43.026732949628766,132.59434509277344
12.5866741665166,43.02673168519527,132.59434509277344
12.586670425056582,43.026730336195776,132.59434509277344
12.586666874914034,43.02672905799133,132.59434509277344
12.586663146836633,43.02672771734007,132.59434509277344
12.586659615725054,43.026726425099135,132.59434509277344
12.586655890975722,43.02672509865571,132.59434509277344
12.586652316552273,43.02672386680989,132.59434509277344
12.586648695067012,43.026722678277196,132.59434509277344
12.586644816030885,43.026721449643865,132.59434509277344
12.586640859300603,43.02672028849886,132.59434509277344
12.586637016849878,43.02671925309561,132.59434509277344
12.58663295113685,43.02671822550945,132.59434509277344
12.58662902082026,43.02671738151583,132.59434509277344
12.586624868788215,43.02671661056173,132.59434509277344
12.586620895323826,43.02671599251004,132.59434509277344
12.586616720463988,43.02671544757069,132.59434509277344
12.586612687516109,43.02671505683158,132.59434509277344
12.586608428680966,43.026714763799745,132.59434509277344
12.586604414084388,43.02671460861009,132.59434509277344
12.586600173225559,43.02671456163046,132.59434509277344
12.586596179300564,43.02671462083056,132.59434509277344
12.586592023213909,43.02671479054084,132.59434509277344
12.586588126201528,43.026715077473284,132.59434509277344
12.5865840141064,43.026715467004585,132.59434509277344
12.586580112031587,43.02671594898322,132.59434509277344
12.586576072685382,43.02671659144147,132.59434509277344
12.586572217063011,43.02671728272125,132.59434509277344
12.586568202677382,43.02671811495291,132.59434509277344
12.586564424842921,43.02671901116482,132.59434509277344
12.586560534182013,43.02672010066246,132.59434509277344
12.586556858697605,43.02672119808,132.4943389892578
12.586553068324285,43.02672246205523,132.4943389892578
12.586549565852946,43.02672381605342,132.4943389892578
12.586546013390164,43.02672529244378,132.4943389892578
12.586542743954418,43.026726778745775,132.4943389892578
12.586539392465196,43.02672841416798,132.59434509277344
12.586536280573977,43.02673007563719,132.59434509277344
12.586533106246197,43.02673190061435,132.59434509277344
12.586530209648672,43.02673373841583,132.59434509277344
12.58652731935574,43.02673578538995,132.59434509277344
12.586524676934122,43.026737780291484,132.59434509277344
12.586522011755019,43.02673995534177,132.59434509277344
12.586519560158676,43.02674209170062,132.59434509277344
12.586517075281575,43.026744405833085,132.59434509277344
12.586514803424762,43.02674665470672,132.59434509277344
12.586512548513019,43.02674908148889,132.59434509277344
12.586510525839994,43.02675144912455,132.59434509277344
12.586508446425585,43.02675391807404,132.59434509277344
12.58650654637568,43.02675612789001,132.59434509277344
12.586504291651364,43.026758681354096,132.59434509277344
12.58650222763516,43.02676098466253,132.59434509277344
12.586500042027025,43.02676337193087,132.59434509277344
12.586497954925232,43.02676565391685,132.59434509277344
12.586495746161189,43.02676807413263,132.59434509277344
12.586493708675855,43.02677038152953,132.59434509277344
12.586491623941228,43.0267728130496,132.59434509277344
12.586489705751019,43.026775124975565,132.59434509277344
12.58648777645163,43.02677752017812,132.59434509277344
12.586486164350672,43.026779767788625,132.59434509277344
12.586484700841263,43.02678210005931,132.59434509277344
12.586483506718467,43.0267843044523,132.59434509277344
12.586482477874458,43.02678661766971,132.59434509277344
12.586481663574123,43.026788820730324,132.59434509277344
12.58648095042853,43.026791148915336,132.59434509277344
12.586480368999732,43.026793325704595,132.59434509277344
12.586479920881464,43.026795560934666,132.59434509277344
12.5864796475106,43.0267975776608,132.59434509277344
12.58647946071657,43.026799527418014,132.59434509277344
12.58647949441925,43.02680132838056,132.59434509277344
12.58647967052605,43.02680314918568,132.59434509277344
12.586479944834513,43.026804830876486,132.59434509277344
12.586480300001153,43.02680650557472,132.59434509277344
12.586480767525499,43.02680807650903,132.59434509277344
12.586481353266834,43.02680967405146,132.59434509277344
12.586481961179704,43.026811112285756,132.59434509277344
12.586482713277935,43.02681263515672,132.59434509277344
12.586483503016229,43.026814040707,132.59434509277344
12.58648442845564,43.02681546664276,132.59434509277344
12.586485351316965,43.02681668593627,132.59434509277344
12.586486530018238,43.02681813073909,132.59434509277344
12.58648770168837,43.026819426755246,132.59434509277344
12.58648903202802,43.02682073989514,132.59434509277344
12.586490424897985,43.02682199591508,132.59434509277344
12.586492006718274,43.026823276251,132.59434509277344
12.586493610710106,43.02682445198,132.59434509277344
12.586495367699651,43.026825604355935,132.59434509277344
12.586497142431119,43.026826701056635,132.59434509277344
12.586499098917708,43.02682781173569,132.59434509277344
12.5865009142892,43.026828731240784,132.4943389892578
12.586503149045084,43.02682979475656,132.4943389892578
12.586505236521898,43.026830736037454,132.4943389892578
12.586507499847666,43.0268316899127,132.4943389892578
12.586509712994495,43.02683252232659,132.4943389892578
12.586512146427113,43.026833344234255,132.4943389892578
12.586514510204502,43.02683408387985,132.4943389892578
12.586516965293027,43.02683482898349,132.4943389892578
12.586519401163098,43.02683555356619,132.4943389892578
12.586522034022439,43.02683631252269,132.4943389892578
12.586524617452826,43.026837000401436,132.4943389892578
12.58652733906865,43.026837682375586,132.4943389892578
12.586530040645698,43.02683830835151,132.4943389892578
12.586532915071738,43.02683896375184,132.4943389892578
12.58653563096889,43.02683962650883,132.4943389892578
12.586538582971903,43.02684035304583,132.4943389892578
12.586541419500072,43.026841074372136,132.4943389892578
12.586544418119571,43.02684186242325,132.4943389892578
12.586547272506845,43.02684263700111,132.59434509277344
12.58655029723533,43.02684351262832,132.59434509277344
12.58655319273137,43.02684436521223,132.59434509277344
12.586556184390036,43.02684532982477,132.59434509277344
12.58655912514321,43.02684620962501,132.59434509277344
12.5865622492921,43.02684714155138,132.59434509277344
12.586565259348944,43.026848015312105,132.59434509277344
12.586568438856398,43.02684893785579,132.59434509277344
12.586571548708644,43.0268497264337,132.59434509277344
12.586574878870112,43.02685046773639,132.59434509277344
12.586578070635198,43.026851114554994,132.59434509277344
12.58658152674791,43.02685160280004,132.59434509277344
12.586584846034528,43.02685192651986,132.59434509277344
12.5865883578339,43.02685210668137,132.59434509277344
12.586591685956316,43.026852155277936,132.59434509277344
12.58659520544307,43.026852011867355,132.59434509277344
12.586598543526263,43.02685171336129,132.59434509277344
12.586601990990639,43.02685124599525,132.59434509277344
12.586605286347899,43.02685062428118,132.59434509277344
12.586608720570277,43.0268498092621,132.59434509277344
12.586611954522192,43.02684889819127,132.59434509277344
12.586615266988572,43.02684779186867,132.59434509277344
12.58661845847239,43.02684664802401,132.59434509277344
12.58662185289852,43.02684541228889,132.59434509277344
12.586625113475089,43.02684422748807,132.59434509277344
12.586628643508588,43.026843076897194,132.59434509277344
12.586632062332797,43.026842006160635,132.59434509277344
12.586635709106739,43.02684089357904,132.59434509277344
12.586639178437999,43.02683977993519,132.4943389892578
12.586642883734502,43.02683868068123,132.4943389892578
12.586646430994286,43.0268376515766,132.4943389892578
12.586650219984854,43.02683659556135,132.4943389892578
12.58665378969742,43.0268356093715,132.4943389892578
12.586657541797905,43.026834584840934,132.59434509277344
12.586661110947983,43.02683361924967,132.59434509277344
12.58666490502441,43.02683259483449,132.59434509277344
12.586668484486832,43.02683165129573,132.59434509277344
12.586672249688682,43.026830667580846,132.59434509277344
12.58667585617414,43.02682975495576,132.59434509277344
12.58667960590746,43.026828787870606,132.59434509277344
12.586683147167314,43.026827875786395,132.59434509277344
12.586686845901394,43.02682693244263,132.59434509277344
12.586690350786798,43.02682607155414,132.59434509277344
12.586694017095589,43.026825157479806,132.59434509277344
12.586697516590453,43.026824279038166,132.59434509277344
12.586701200219306,43.02682336983358,132.59434509277344
12.586704733780072,43.026822440757236,132.59434509277344
12.586708462642626,43.026821447026556,132.59434509277344
12.586712032941133,43.02682048741108,132.59434509277344
12.586715784479138,43.02681951084321,132.59434509277344
12.586719422557893,43.026818551972504,132.59434509277344
12.586723287707493,43.02681756088038,132.59434509277344
12.586726962852099,43.02681666278708,132.59434509277344
12.586730877172833,43.02681576453529,132.59434509277344
12.586734621644535,43.0268149821104,132.59434509277344
12.586738589905883,43.02681425203007,132.59434509277344
12.586742382564372,43.026813648941136,132.59434509277344
12.586746432574506,43.02681309746646,132.59434509277344
12.586750317376158,43.026812657609206,132.59434509277344
12.586754390026577,43.02681231452119,132.59434509277344
12.586758333151572,43.02681208517835,132.59434509277344
12.586762510132464,43.02681197919679,132.59434509277344
12.58676649707321,43.026812023353806,132.59434509277344
12.586770671839284,43.0268122875771,132.59434509277344
12.586774641178712,43.02681267465513,132.59434509277344
12.586778774168048,43.02681326135183,132.59434509277344
12.586782645165187,43.026814020116724,132.59434509277344
12.586786682472338,43.026814932325856,132.59434509277344
12.586790436975086,43.026815959623,132.59434509277344
12.586794254277667,43.026817217103655,132.59434509277344
12.586797718774934,43.026818644741056,132.59434509277344
12.586801231107431,43.026820271760464,132.59434509277344
12.586804415735813,43.02682199160575,132.59434509277344
12.586807580137934,43.02682403681408,132.59434509277344
12.586810432597417,43.02682605625772,132.59434509277344
12.586813234749044,43.02682831213735,132.59434509277344
12.586815707995399,43.02683057463643,132.59434509277344
12.586818085536146,43.02683316145467,132.59434509277344
12.586820145954645,43.02683563692238,132.59434509277344
12.586822055256233,43.0268383254536,132.59434509277344
12.586823607856086,43.026841020228325,132.59434509277344
12.586824957572238,43.02684384876533,132.59434509277344
12.586825989920067,43.02684659128216,132.59434509277344
12.58682680452503,43.02684951485471,132.59434509277344
12.586827292568431,43.02685236423551,132.59434509277344
12.586827505658883,43.02685532454196,132.59434509277344
12.586827417412017,43.026858131074356,132.59434509277344
12.586826997974757,43.02686111222568,132.59434509277344
12.586826309918449,43.02686385161241,132.59434509277344
12.586825276275476,43.02686666665364,132.59434509277344
12.586824029647401,43.026869284708326,132.59434509277344
12.586822456621844,43.026872004423794,132.59434509277344
12.586820751223264,43.02687443597753,132.59434509277344
12.586818749561514,43.02687684893729,132.59434509277344
12.586816656699941,43.02687904496298,132.59434509277344
12.58681422520084,43.02688114624974,132.59434509277344
12.58681174980983,43.02688299054894,132.59434509277344
12.586808995258913,43.026884761782924,132.59434509277344
12.586806229633947,43.02688629593401,132.59434509277344
12.586803222969593,43.026887719870466,132.59434509277344
12.58680025250978,43.02688890488648,132.59434509277344
12.586797041842605,43.02688996069553,132.59434509277344
12.586793867309675,43.026890765736404,132.59434509277344
12.586790448479604,43.02689138324406,132.59434509277344
12.586787173817337,43.026891744333845,132.59434509277344
12.586783789656721,43.02689188054397,132.59434509277344
12.586780606071256,43.02689182886112,132.59434509277344
12.586777337362062,43.026891616274604,132.59434509277344
12.58677433090286,43.026891292432616,132.59434509277344
12.586771148184543,43.02689089513136,132.59434509277344
12.58676808722221,43.026890465268146,132.59434509277344
12.586764800044477,43.02688998744866,132.59434509277344
12.586761621392474,43.02688947461718,132.59434509277344
12.586758182283416,43.02688897655465,132.59434509277344
12.586754861965556,43.02688853133571,132.59434509277344
12.586751349252127,43.02688806091787,132.4943389892578
12.586747979634229,43.02688767637244,132.4943389892578
12.586744419870719,43.02688730074492,132.4943389892578
12.586741018354857,43.026886970293795,132.4943389892578
12.586737441200981,43.02688663365752,132.4943389892578
12.58673399806074,43.02688634362827,132.4943389892578
12.586730359958558,43.02688606515548,132.4943389892578
12.586726943091369,43.02688588385883,132.4943389892578
12.586723274977906,43.02688564948302,132.4943389892578
12.58671976068247,43.02688544191235,132.4943389892578
12.586716038628404,43.02688524049256,132.4943389892578
12.586712496677126,43.026885128487514,132.4943389892578
12.586708712186482,43.0268850025402,132.4943389892578
12.586705082744322,43.02688495838327,132.4943389892578
12.586701286898386,43.02688511344452,132.59434509277344
12.58669761594903,43.02688528825626,132.59434509277344
12.586693733444223,43.02688559864857,132.59434509277344
12.586690030069576,43.02688601949538,132.59434509277344
12.586686166478566,43.026886680243514,132.59434509277344
12.586682489423854,43.02688735742683,132.59434509277344
12.586678651684029,43.02688821012859,132.59434509277344
12.586675070088836,43.02688927073083,132.59434509277344
12.586671280160802,43.02689042133035,132.59434509277344
12.586667718440324,43.026891667996615,132.59434509277344
12.58666404654181,43.02689314828056,132.59434509277344
12.586660691232357,43.0268947851206,132.59434509277344
12.586657266408325,43.02689660067442,132.59434509277344
12.586654157470223,43.0268984801614,132.59434509277344
12.58665110121884,43.026900713606494,132.59434509277344
12.586648306619836,43.02690289470915,132.59434509277344
12.586645573098057,43.02690533888601,132.59434509277344
12.58664318164151,43.02690781373158,132.59434509277344
12.586640938471826,43.026910685068835,132.59434509277344
12.586638978024512,43.02691341945913,132.59434509277344
12.586637169449942,43.026916392345804,132.59434509277344
12.58663574749463,43.02691940509323,132.59434509277344
12.586634458357658,43.026922547480225,132.59434509277344
12.58663348691128,43.02692560187028,132.59434509277344
12.586632734649141,43.026928867943,132.59434509277344
12.586632316178916,43.02693208712172,132.59434509277344
12.586632055721957,43.026935420083085,132.59434509277344
12.586632041472287,43.02693860386427,132.59434509277344
12.58663232635098,43.02694202406868,132.59434509277344
12.586632766219537,43.02694518915735,132.59434509277344
12.586633396257099,43.02694850601335,132.59434509277344
12.586634044599034,43.02695167368917,132.59434509277344
12.58663474787762,43.02695508857369,132.59434509277344
12.586635302494349,43.026958303554736,132.59434509277344
12.586635834095816,43.026961711851484,132.4943389892578
12.58663636815819,43.02696501083739,132.4943389892578
12.58663689040824,43.026968457504296,132.4943389892578
12.586637389525816,43.026971736521254,132.4943389892578
12.586637937720807,43.02697518609227,132.4943389892578
12.586638518165344,43.02697850031829,132.4943389892578
12.586639266607403,43.026981954506745,132.4943389892578
12.586640100806001,43.02698523275271,132.4943389892578
12.586641075088455,43.02698871848367,132.4943389892578
12.586642145135118,43.02699197798574,132.4943389892578
12.586643410085133,43.02699538277869,132.59434509277344
12.586644747127838,43.0269985945986,132.59434509277344
12.586646278980158,43.02700196517624,132.59434509277344
12.58664793523689,43.02700509876521,132.59434509277344
12.586649872762885,43.02700833376655,132.59434509277344
12.586651885147155,43.02701135112278,132.59434509277344
12.586654287385006,43.027014431426984,132.59434509277344
12.5866567972697,43.027017255484616,132.59434509277344
12.586659680344159,43.027020093163266,132.59434509277344
12.586662613995983,43.027022647130586,132.59434509277344
12.586665913431416,43.02702517697412,132.59434509277344
12.586669225804158,43.02702741830899,132.4943389892578
12.58667284372704,43.027029574045564,132.4943389892578
12.586676491415107,43.02703148618002,132.4943389892578
12.586680490379187,43.027033308895454,132.4943389892578
12.58668442500828,43.02703483628313,132.4943389892578
12.586688634930148,43.027036165249335,132.4943389892578
12.58669279674725,43.027037234799316,132.4943389892578
12.586697264208228,43.02703813303283,132.4943389892578
12.586701539308768,43.02703872795445,132.4943389892578
12.586706094014518,43.02703919005824,132.4943389892578
12.58671042286814,43.027039422335136,132.4943389892578
12.586714943261873,43.027039452164225,132.4943389892578
12.586719190507308,43.0270392041416,132.4943389892578
12.586723597992549,43.02703880404326,132.4943389892578
12.586727719825781,43.027038229236034,132.4943389892578
12.586731884959136,43.0270373609172,132.4943389892578
12.586735813646774,43.027036424544654,132.4943389892578
12.586739817016893,43.027035266689154,132.4943389892578
12.586743492184848,43.02703400356629,132.4943389892578
12.586747114806705,43.02703246541871,132.4943389892578
12.586750495639189,43.027030894443605,132.4943389892578
12.586753879260682,43.02702908128845,132.39434814453125
12.586756835904138,43.02702717321447,132.39434814453125
12.58675981582068,43.02702508227612,132.39434814453125
12.586762444086196,43.027022967676615,132.39434814453125
12.586764987544377,43.02702062287327,132.39434814453125
12.586767133262374,43.02701826719024,132.39434814453125
12.586769244035573,43.027015727220785,132.39434814453125
12.586771030919047,43.02701324478517,132.39434814453125
12.586772592102752,43.027010573008766,132.39434814453125
12.586773918422763,43.027007993067194,132.39434814453125
12.586775073159393,43.027005239701744,132.39434814453125
12.586775937392517,43.02700259453347,132.39434814453125
12.586776492313815,43.02699979910561,132.39434814453125
12.586776807098053,43.02699709696892,132.4943389892578
12.58677683514046,43.02699424657725,132.4943389892578
12.5867765182466,43.026991592362606,132.4943389892578
12.58677599346521,43.026988825478966,132.4943389892578
12.58677523888255,43.02698625751367,132.4943389892578
12.586774177999756,43.02698362848507,132.4943389892578
12.586772860257504,43.02698121081362,132.4943389892578
12.586771307592972,43.02697875836145,132.4943389892578
12.586769631297479,43.026976514833486,132.4943389892578
12.586767602132237,43.02697428806195,132.39434814453125
12.586765575064623,43.02697224437752,132.39434814453125
12.586763265626209,43.02697021813486,132.39434814453125
12.586760907204154,43.026968420699674,132.39434814453125
12.586758222349458,43.02696672447125,132.39434814453125
12.586755578732438,43.02696520028749,132.39434814453125
12.586752662658531,43.026963746016406,132.4943389892578
12.586749747135404,43.02696257149028,132.4943389892578
12.586746601787576,43.02696144054287,132.4943389892578
12.586743519626314,43.026960527206285,132.4943389892578
12.586740188222663,43.02695974505128,132.4943389892578
12.586736920298549,43.02695921838897,132.4943389892578
12.586733460752296,43.026958812448306,132.4943389892578
12.58673013585247,43.026958594811866,132.4943389892578
12.58672658426852,43.02695857103939,132.4943389892578
12.58672319728369,43.026958674644895,132.4943389892578
12.586719614879902,43.02695896122614,132.4943389892578
12.586716212016421,43.026959401973365,132.4943389892578
12.586712655745082,43.026960065214425,132.4943389892578
12.58670934890365,43.026960818508414,132.4943389892578
12.586705994906684,43.02696176550363,132.4943389892578
12.586702960592469,43.02696282021628,132.4943389892578
12.586699887196795,43.02696407883307,132.4943389892578
12.586697061648989,43.0269654219259,132.4943389892578
12.58669417756689,43.026966975030895,132.4943389892578
12.58669151706351,43.026968599436366,132.4943389892578
12.586688830111322,43.02697042436215,132.4943389892578
12.586686420350338,43.02697230482572,132.4943389892578
12.586684077525874,43.0269744206417,132.4943389892578
12.586682033642287,43.02697654582962,132.4943389892578
12.586680100757047,43.026978885167416,132.4943389892578
12.586678465500203,43.02698119063256,132.4943389892578
12.586676977850543,43.02698368915641,132.4943389892578
12.586675755486004,43.026986114349455,132.4943389892578
12.586674694462824,43.02698870851172,132.4943389892578
12.5866739046778,43.026991213237835,132.4943389892578
12.586673302483739,43.02699390557425,132.4943389892578
12.586672962902966,43.02699647742886,132.4943389892578
12.586672849561008,43.02699917536788,132.4943389892578
12.586672970145258,43.02700172482917,132.4943389892578
12.58667328921875,43.02700440222528,132.4943389892578
12.586673811375165,43.02700691447291,132.4943389892578
12.586674586723134,43.02700945822879,132.4943389892578
12.58667556831804,43.02701189623756,132.4943389892578
12.58667683685398,43.02701441148352,132.4943389892578
12.586678248192486,43.02701672847934,132.4943389892578
12.586679937401867,43.02701901864431,132.4943389892578
12.586681754414034,43.02702116309005,132.4943389892578
12.58668387477325,43.027023320505734,132.4943389892578
12.586686063826745,43.027025214324645,132.4943389892578
12.586688579078512,43.02702713857241,132.4943389892578
12.586691124822009,43.02702884488381,132.4943389892578
12.586693952748806,43.02703049816745,132.4943389892578
12.586696789980147,43.02703188108665,132.4943389892578
12.586699910015872,43.02703320095507,132.4943389892578
12.586702982310106,43.02703428919758,132.4943389892578
12.586706265316039,43.02703520158327,132.4943389892578
12.586709481947947,43.027035951304825,132.39434814453125
12.586712918631273,43.02703655741454,132.39434814453125
12.586716242921733,43.02703694742116,132.39434814453125
12.586719752014123,43.02703707280302,132.39434814453125
12.58672313479197,43.0270370916325,132.39434814453125
12.58672668720791,43.02703692806023,132.39434814453125
12.586729970096599,43.02703654303926,132.39434814453125
12.586733426560832,43.027036032019545,132.39434814453125
12.58673667627423,43.027035386742824,132.39434814453125
12.586740046395986,43.027034538213016,132.39434814453125
12.586743143064758,43.02703352354103,132.39434814453125
12.586746347438952,43.02703231084163,132.39434814453125
12.586749269032174,43.02703099738096,132.39434814453125
12.58675211259139,43.02702941382997,132.39434814453125
12.586754719458812,43.027027822003575,132.39434814453125
12.586757282545628,43.02702602363452,132.39434814453125
12.58675955018371,43.02702420398583,132.39434814453125
12.586761667191213,43.02702214229415,132.39434814453125
12.586763570006584,43.0270201327907,132.39434814453125
12.586765366440716,43.027017941810676,132.39434814453125
12.586766792028799,43.02701576661048,132.39434814453125
12.586768182027566,43.02701341183553,132.39434814453125
12.586769305229517,43.02701111483429,132.39434814453125
12.586770284386747,43.027008653130046,132.39434814453125
12.586770999489321,43.027006267121,132.39434814453125
12.586771711756047,43.027003751241075,132.39434814453125
12.58677238691009,43.02700133888092,132.39434814453125
12.586773124723386,43.0269987811442,132.39434814453125
12.586773961546934,43.02699633731006,132.39434814453125
12.586774942532388,43.02699375683736,132.39434814453125
12.586775949181517,43.02699128312264,132.39434814453125
12.586776953568956,43.02698869002266,132.39434814453125
12.586778033494335,43.0269861755648,132.39434814453125
12.586779210226876,43.02698350539897,132.39434814453125
12.586780359221553,43.026980924532204,132.39434814453125
12.586781677303577,43.0269781919324,132.39434814453125
12.586783046220791,43.026975589152066,132.39434814453125
12.58678461891232,43.026972853982265,132.39434814453125
12.586786232279012,43.026970244211526,132.39434814453125
12.586788016912685,43.026967514173144,132.39434814453125
12.586789800726049,43.02696490559318,132.39434814453125
12.58679177718694,43.02696214157079,132.39434814453125
12.586793701974774,43.02695949619692,132.39434814453125
12.586795790447672,43.02695669940697,132.39434814453125
12.586797853215876,43.02695402889848,132.39434814453125
12.586800158904298,43.02695121690267,132.39434814453125
12.58680238422087,43.02694854755068,132.39434814453125
12.586804808354799,43.0269457472484,132.39434814453125
12.586807254490362,43.02694309534673,132.39434814453125
12.58680988659973,43.0269403222608,132.39434814453125
12.586812519634874,43.0269377025099,132.39434814453125
12.586815432790852,43.02693497576971,132.39434814453125
12.586818368698443,43.02693241357834,132.39434814453125
12.586821532497174,43.02692976448656,132.39434814453125
12.586824660085506,43.02692729011223,132.39434814453125
12.586828120733335,43.026924740136955,132.39434814453125
12.586831459765783,43.02692237308601,132.39434814453125
12.586835074911313,43.02691994230752,132.39434814453125
12.586838616487627,43.02691768379642,132.39434814453125
12.586842529633616,43.02691537618969,132.39434814453125
12.586846284567116,43.026913269968475,132.39434814453125
12.586850349767492,43.026911147264975,132.39434814453125
12.586854396856817,43.02690923342572,132.39434814453125
12.586858747600807,43.026907336719844,132.39434814453125
12.58686301775322,43.02690567373871,132.39434814453125
12.58686764223435,43.02690408319745,132.39434814453125
12.58687219462719,43.02690273539309,132.39434814453125
12.586877072981734,43.026901492590525,132.39434814453125
12.586881811686736,43.02690047355822,132.39434814453125
12.586886933977336,43.02689957039885,132.39434814453125
12.586891823295868,43.026898862221415,132.39434814453125
12.586897017481563,43.026898310942755,132.39434814453125
12.58690199725375,43.02689800575486,132.39434814453125
12.586907313309505,43.0268979873152,132.39434814453125
12.586912291681294,43.026898234069996,132.39434814453125
12.586917459836869,43.026898779634884,132.39434814453125
12.586922332461658,43.026899554722554,132.39434814453125
12.586927243101492,43.02690063190566,132.39434814453125
12.586931752268763,43.026901892004524,132.39434814453125
12.586936296565389,43.026903464727276,132.39434814453125
12.586940454890199,43.02690522255884,132.39434814453125
12.586944527581496,43.026907254001614,132.39434814453125
12.586948123982996,43.02690936905518,132.39434814453125
12.586951673586366,43.026911799037045,132.39434814453125
12.58695469380891,43.026914204364,132.39434814453125
12.586957523587001,43.026916858475914,132.39434814453125
12.586959878150477,43.026919485945456,132.39434814453125
12.58696207565282,43.026922410327586,132.39434814453125
12.586963781962265,43.0269252175689,132.39434814453125
12.586965235417072,43.02692822652127,132.39434814453125
12.586966361607205,43.02693116913326,132.39434814453125
12.586967123497573,43.02693422297503,132.39434814453125
12.586967510951604,43.02693712827053,132.39434814453125
12.586967541699508,43.02694016302572,132.39434814453125
12.586967180282336,43.02694303900603,132.39434814453125
12.58696643064634,43.02694595898482,132.39434814453125
12.586965405411428,43.02694865369415,132.39434814453125
12.586964026337062,43.02695144093219,132.39434814453125
12.58696245782314,43.026953939258924,132.39434814453125
12.586960548014488,43.026956441569155,132.39434814453125
12.586958498678625,43.026958673652004,132.39434814453125
12.586956108481628,43.026960900474904,132.39434814453125
12.58695364593415,43.02696279341143,132.39434814453125
12.586950868760498,43.02696460516151,132.39434814453125
12.58694808113682,43.02696621201373,132.39434814453125
12.586945006185399,43.02696766736422,132.39434814453125
12.586941990430374,43.026968908222145,132.39434814453125
12.58693873878922,43.026970060697636,132.39434814453125
12.586935566195718,43.02697101991738,132.39434814453125
12.58693218145791,43.026971885074964,132.39434814453125
12.58692891327013,43.026972550723116,132.39434814453125
12.586925444677133,43.02697308555805,132.39434814453125
12.586922082986842,43.02697339877295,132.39434814453125
12.586918517311315,43.026973553367206,132.39434814453125
12.586915125135175,43.02697355125974,132.39434814453125
12.586911607841266,43.02697344174326,132.39434814453125
12.586908240312221,43.0269732273192,132.39434814453125
12.586904716576027,43.026972911791184,132.39434814453125
12.586901419453646,43.02697253161898,132.39434814453125
12.586897883518404,43.02697200117006,132.39434814453125
12.586894519791306,43.02697135940568,132.39434814453125
12.586891008390207,43.02697053097334,132.39434814453125
12.586887765112609,43.026969601719735,132.39434814453125
12.586884390449647,43.026968490124325,132.39434814453125
12.586881271633859,43.026967289898025,132.39434814453125
12.586878166375376,43.02696590974574,132.39434814453125
12.586875264878763,43.026964431642035,132.39434814453125
12.586872357747723,43.02696273431697,132.39434814453125
12.586869727147244,43.02696099668567,132.39434814453125
12.586867226937905,43.026959054756176,132.39434814453125
12.586864898322208,43.02695707527035,132.39434814453125
12.586862625207162,43.026954868570456,132.39434814453125
12.586860712873378,43.02695271211415,132.39434814453125
12.58685885428685,43.02695027528751,132.39434814453125
12.586857313508114,43.02694786397247,132.39434814453125
12.586855945692625,43.02694523948413,132.39434814453125
12.586854935035895,43.02694270513443,132.39434814453125
12.586854086057427,43.02693995355941,132.39434814453125
12.586853535275704,43.026937304673204,132.39434814453125
12.586853283847924,43.02693456049124,132.39434814453125
12.586853238658284,43.026931882144225,132.39434814453125
12.586853448939454,43.026929066344834,132.39434814453125
12.586853873963518,43.0269264101684,132.39434814453125
12.586854619974028,43.02692368088391,132.39434814453125
12.586855510644499,43.026921093258075,132.39434814453125
12.586856710327954,43.02691842513113,132.39434814453125
12.586858163094565,43.02691597805026,132.39434814453125
12.586859867763676,43.02691346023432,132.39434814453125
12.58686172903983,43.026911162119475,132.39434814453125
12.586863932680032,43.026908865803634,132.39434814453125
12.586866293962904,43.026906823832554,132.39434814453125
12.586868931341272,43.02690479127625,132.39434814453125
12.586871617375158,43.026902988538296,132.39434814453125
12.58687469115913,43.02690125346855,132.39434814453125
12.586877675589687,43.02689971749703,132.39434814453125
12.58688094119501,43.02689825366125,132.39434814453125
12.586884159062517,43.02689701125275,132.39434814453125
12.586887713327483,43.02689591371968,132.39434814453125
12.586891134642642,43.026895001235474,132.39434814453125
12.58689482481378,43.02689422509428,132.39434814453125
12.586898473693406,43.026893688794445,132.39434814453125
12.58690227076906,43.02689328752692,132.39434814453125
12.586905891442786,43.02689307891547,132.39434814453125
12.586909686216453,43.026893045848155,132.39434814453125
12.586913310125956,43.02689323367699,132.39434814453125
12.586917025223544,43.02689357193673,132.39434814453125
12.586920503812438,43.02689406351864,132.39434814453125
12.586924142553247,43.026894791241084,132.39434814453125
12.586927497288514,43.02689556251226,132.39434814453125
12.586930958270246,43.02689649650324,132.39434814453125
12.586934184561127,43.02689750473735,132.39434814453125
12.586937535230032,43.026898731443254,132.39434814453125
12.586940571384075,43.02689999219314,132.39434814453125
12.586943650252332,43.02690145267946,132.39434814453125
12.58694650660534,43.026903009545215,132.39434814453125
12.586949359911516,43.026904728741016,132.39434814453125
12.586951944103514,43.02690647546155,132.39434814453125
12.586954489603682,43.02690841816203,132.39434814453125
12.586956741020323,43.02691038388976,132.39434814453125
12.586958903405092,43.02691251908355,132.39434814453125
12.586960765190804,43.026914636878416,132.39434814453125
12.58696252374171,43.02691699077101,132.39434814453125
12.58696393796862,43.02691927657561,132.39434814453125
12.58696518209162,43.026921754864965,132.39434814453125
12.586966130106713,43.02692417632294,132.39434814453125
12.586966939203977,43.0269268013424,132.39434814453125
12.586967524474998,43.026929308767,132.39434814453125
12.586968016756206,43.02693196435236,132.39434814453125
12.586968412987572,43.02693454677826,132.39434814453125
12.586968715936154,43.02693727626836,132.39434814453125
12.586968947458562,43.02693991177343,132.39434814453125
12.586969090678544,43.02694271963155,132.39434814453125
12.586969016801612,43.026945443322006,132.39434814453125
12.58696872574723,43.02694830515019,132.39434814453125
12.586968210163466,43.02695103852099,132.39434814453125
12.586967470751977,43.02695393150619,132.39434814453125
12.586966459406536,43.02695662317437,132.39434814453125
12.586965120274945,43.026959398890256,132.39434814453125
12.586963599944887,43.02696196364305,132.39434814453125
12.586961854038126,43.02696460117836,132.39434814453125
12.586959969307268,43.02696700426932,132.39434814453125
12.586957815359705,43.02696945998541,132.39434814453125
12.58695565313297,43.02697175086143,132.39434814453125
12.586953169937377,43.02697405607806,132.39434814453125
12.586950669245953,43.02697616420107,132.39434814453125
12.5869478716146,43.02697825837751,132.39434814453125
12.586945043696586,43.026980090276446,132.39434814453125
12.58694190844721,43.02698188237457,132.39434814453125
12.5869387963977,43.02698344611928,132.39434814453125
12.586935463561433,43.02698496639664,132.39434814453125
12.58693211695291,43.02698629219323,132.39434814453125
12.586928471860542,43.02698759028519,132.39434814453125
12.586924899610848,43.02698873768922,132.39434814453125
12.58692109683627,43.02698983417291,132.39434814453125
12.586917361871247,43.02699077940328,132.39434814453125
12.586913384544111,43.02699166483822,132.39434814453125
12.586909615456067,43.02699238932235,132.39434814453125
12.586905560210663,43.026993034855956,132.39434814453125
12.586901682677462,43.02699349771364,132.39434814453125
12.58689758522687,43.02699382134564,132.39434814453125
12.58689367036414,43.02699398866999,132.39434814453125
12.586889493244076,43.02699403607795,132.39434814453125
12.586885488561396,43.026993961787646,132.39434814453125
12.586881335158282,43.02699378521119,132.39434814453125
12.586877297074006,43.02699352872474,132.39434814453125
12.586873037907818,43.02699316693663,132.39434814453125
12.5868689877439,43.02699273795149,132.39434814453125
12.586864796463432,43.02699216264743,132.39434814453125
12.586860777968967,43.026991522716344,132.39434814453125
12.586856575919132,43.02699074013289,132.4943389892578
12.586852669373684,43.02698987964403,132.4943389892578
12.586848513251871,43.02698884340115,132.4943389892578
12.586844581033962,43.02698773838495,132.39434814453125
12.586840478132071,43.026986457649016,132.39434814453125
12.586836664585261,43.02698512040725,132.39434814453125
12.586832664039282,43.026983602545585,132.39434814453125
12.586828920241453,43.02698204743599,132.39434814453125
12.586825127471698,43.026980293956335,132.39434814453125
12.586821545355061,43.02697850830023,132.39434814453125
12.58681787630418,43.02697650681518,132.39434814453125
12.586814482868338,43.02697449775718,132.39434814453125
12.58681106800508,43.02697228827312,132.39434814453125
12.586807868611276,43.026970082524144,132.39434814453125
12.586804597822047,43.026967667157045,132.39434814453125
12.586801636942278,43.026965311671056,132.39434814453125
12.586798570542596,43.02696271106663,132.39434814453125
12.586795752184148,43.0269601476673,132.39434814453125
12.58679290459958,43.02695736242521,132.39434814453125
12.586790311524863,43.026954669531975,132.39434814453125
12.586787600748776,43.026951822472746,132.39434814453125
12.586785110035857,43.026949102131844,132.39434814453125
12.586782690548457,43.02694623266216,132.39434814453125
12.58678049270621,43.026943444001994,132.39434814453125
12.586778339394538,43.02694047143232,132.39434814453125
12.586776418438749,43.02693762659187,132.39434814453125
12.586774522900535,43.02693465899089,132.39434814453125
12.586772685017701,43.02693186178976,132.39434814453125
12.586770744105147,43.0269289614201,132.39434814453125
12.586768938178869,43.02692624148186,132.39434814453125
12.586766996715541,43.02692337502768,132.39434814453125
12.586765151356252,43.02692066304789,132.39434814453125
12.586763215599875,43.02691783460408,132.39434814453125
12.586761426513187,43.026915183113616,132.39434814453125
12.586759516279866,43.0269124315472,132.4943389892578
12.586757704845851,43.02690985184553,132.4943389892578
12.586755814100515,43.02690720960708,132.4943389892578
12.586753992729145,43.02690468679674,132.4943389892578
12.586752070578022,43.02690206447583,132.4943389892578
12.586750242070044,43.02689960567573,132.4943389892578
12.586748361894868,43.02689708755992,132.4943389892578
12.586746546617169,43.02689469877957,132.4943389892578
12.58674464393061,43.026892221843795,132.4943389892578
12.586742853484564,43.0268899357694,132.39434814453125
12.586740954688565,43.02688750345745,132.39434814453125
12.586739140301463,43.026885217498695,132.39434814453125
12.586737220224528,43.02688284277626,132.39434814453125
12.586735388247842,43.026880643024015,132.39434814453125
12.586733434526879,43.02687832099096,132.39434814453125
12.586731584679386,43.02687613861193,132.39434814453125
12.586729697754324,43.026873898617694,132.39434814453125
12.58672791716362,43.026871744453025,132.39434814453125
12.586726080616712,43.026869495969194,132.39434814453125
12.586724363939119,43.02686736986041,132.39434814453125
12.58672257417276,43.026865192475746,132.39434814453125
12.586720886358005,43.02686306557453,132.39434814453125
12.586719115224177,43.026860817418374,132.39434814453125
12.586717436081171,43.02685871181394,132.39434814453125
12.586715674415956,43.026856449068724,132.39434814453125
12.586714011210214,43.02685428692846,132.39434814453125
12.586712278150042,43.02685199969326,132.39434814453125
12.586710667619299,43.0268498268575,132.39434814453125
12.586708967628947,43.02684755503589,132.39434814453125
12.58670736042628,43.026845406325,132.39434814453125
12.586705679009864,43.02684318567216,132.39434814453125
12.586704070752518,43.02684106286264,132.39434814453125
12.586702383605722,43.02683885352855,132.39434814453125
12.586700782824828,43.02683679302234,132.39434814453125
12.58669913123219,43.026834689340056,132.39434814453125
12.586697535900436,43.02683269262027,132.39434814453125
12.586695865616674,43.02683059484818,132.39434814453125
12.58669429942902,43.02682860051651,132.39434814453125
12.586692652090226,43.02682646600376,132.39434814453125
12.586691087343956,43.02682442324301,132.39434814453125
12.586689450305794,43.02682227432223,132.39434814453125
12.586687912031792,43.02682026865829,132.39434814453125
12.586686317391441,43.02681815444059,132.39434814453125
12.586684818163734,43.026816168531965,132.39434814453125
12.586683271405482,43.026814121474374,132.39434814453125
12.586681803161687,43.026812196791816,132.39434814453125
12.58668027348912,43.02681020036758,132.39434814453125
12.586678837494846,43.02680831809651,132.39434814453125
12.58667734876698,43.02680637416889,132.39434814453125
12.58667594572534,43.02680451389705,132.39434814453125
12.586674476215931,43.02680256689187,132.39434814453125
12.586673085970975,43.02680076315797,132.39434814453125
12.586671629539502,43.02679884829495,132.39434814453125
12.58667026259108,43.02679702328357,132.39434814453125
12.58666885127613,43.02679509712647,132.39434814453125
12.586667543178397,43.02679327479431,132.39434814453125
12.586666178245563,43.02679137152095,132.39434814453125
12.586664889108475,43.02678956058033,132.39434814453125
12.586663539316035,43.02678767344819,132.39434814453125
12.586662238460367,43.0267858714421,132.39434814453125
12.586660872894736,43.02678399163984,132.39434814453125
12.586659637616265,43.02678228126463,132.39434814453125
12.586658516851758,43.02678069188365,132.39434814453125
12.586657646442907,43.02677947942183,132.39434814453125
12.586656951742368,43.02677851901435,132.39434814453125
12.586656386696125,43.02677786338218,132.39434814453125
12.586655901781484,43.02677729795278,132.39434814453125
12.586655500537473,43.026776800937014,132.39434814453125
12.586655135058555,43.02677629507027,132.39434814453125
12.586654847719103,43.02677586363994,132.39434814453125
12.586654587215186,43.02677546540711,132.39434814453125
12.586654387507233,43.02677513117166,132.39434814453125
12.58665425267331,43.026774863863395,132.39434814453125
12.586654134596944,43.02677460437677,132.39434814453125
12.586654036699965,43.0267743608057,132.39434814453125
12.58665395340433,43.02677417399961,132.39434814453125
12.586653914264293,43.02677401851599,132.39434814453125
12.586653862374447,43.02677393730226,132.39434814453125
12.586653826023433,43.02677390623627,132.39434814453125
12.586653819601661,43.02677396709399,132.39434814453125
12.586653822554746,43.026774000426414,132.39434814453125
12.58665383141399,43.02677404633794,132.39434814453125
12.586653846718452,43.0267741055562,132.39434814453125
12.58665387498366,43.02677421251924,132.39434814453125
12.586653904631655,43.026774304182744,132.39434814453125
12.586653927506315,43.026774399088175,132.39434814453125
12.586653978950865,43.026774540320346,132.39434814453125
12.586654012817556,43.02677461975702,132.39434814453125
12.586654056879404,43.02677468630407,132.39434814453125
12.586654104574007,43.02677473764739,132.39434814453125
12.58665416729182,43.02677480669752,132.39434814453125
12.586654191830513,43.02677484155963,132.39434814453125
12.586654201181936,43.0267748677161,132.39434814453125
12.58665420326784,43.02677489165247,132.39434814453125
12.586654204767816,43.026774898043485,132.39434814453125
12.586654199447581,43.02677489716566,132.39434814453125
12.586654187775876,43.02677489092912,132.39434814453125
12.586654173291718,43.02677487893844,132.39434814453125
12.586654171416756,43.02677487549571,132.39434814453125
12.58665418714309,43.02677487000285,132.39434814453125
12.586654192768007,43.02677485754449,132.39434814453125
12.586654211611469,43.026774838264636,132.39434814453125
12.58665421177552,43.02677478325609,132.39434814453125
12.586654175283856,43.02677466934436,132.39434814453125
12.586654066699511,43.02677445886313,132.39434814453125
12.586653924435977,43.02677417477428,132.39434814453125
12.586653700845515,43.026773758213494,132.39434814453125
12.586653396959367,43.026773217382285,132.39434814453125
12.586652965504797,43.02677250566132,132.39434814453125
12.586652431700177,43.02677166371662,132.39434814453125
12.586651738757302,43.02677061138926,132.39434814453125
12.586650958112605,43.026769452160956,132.39434814453125
12.586650024071753,43.02676808641888,132.39434814453125
12.586649029422427,43.02676664180661,132.39434814453125
12.586647834315151,43.02676491965314,132.39434814453125
12.58664663091112,43.026763183243666,132.39434814453125
12.58664527015006,43.02676122770706,132.39434814453125
12.58664389363924,43.02675926682273,132.39434814453125
12.586642322928183,43.02675706232662,132.39434814453125
12.58664080537259,43.02675491485463,132.39434814453125
12.586639139436382,43.026752565363175,132.39434814453125
12.586637378790623,43.02675018677499,132.39434814453125
12.586635414452548,43.026747679412466,132.39434814453125
12.58663330112448,43.02674526717868,132.39434814453125
12.586630791192926,43.02674274634296,132.29434204101563
12.586628081529971,43.02674037318826,132.29434204101563
12.5866249940367,43.02673804833255,132.29434204101563
12.58662181865413,43.02673600583462,132.39434814453125
12.586618229933965,43.0267339845307,132.39434814453125
12.586614723946958,43.02673234669281,132.39434814453125
12.586610903925568,43.02673086797246,132.39434814453125
12.586607170035709,43.02672968631889,132.39434814453125
12.586603082455806,43.026728692592606,132.39434814453125
12.58659920416968,43.02672797657669,132.39434814453125
12.586595084199653,43.02672747311297,132.39434814453125
12.586591124774118,43.026727277642834,132.39434814453125
12.586586976093589,43.02672724009945,132.39434814453125
12.586583037855256,43.02672741106479,132.39434814453125
12.586578918260246,43.02672780026631,132.39434814453125
12.586575022138483,43.02672842325682,132.39434814453125
12.586571000721717,43.0267291906002,132.39434814453125
12.586567239785456,43.02673011744231,132.39434814453125
12.58656334253873,43.02673137396029,132.39434814453125
12.586559776013654,43.02673268328755,132.39434814453125
12.586556162590846,43.02673422727333,132.39434814453125
12.58655284271836,43.02673585897764,132.39434814453125
12.586549444542355,43.02673782696698,132.39434814453125
12.586546381189502,43.02673977042136,132.39434814453125
12.58654331809446,43.026741943295704,132.39434814453125
12.5865405149643,43.026744174566964,132.29434204101563
12.586537741294633,43.02674653795786,132.29434204101563
12.586535234621005,43.02674886924512,132.29434204101563
12.586532761790636,43.02675140983567,132.29434204101563
12.58653056397181,43.026753956609205,132.29434204101563
12.586528461260954,43.0267566804282,132.29434204101563
12.586526679428152,43.026759350146456,132.29434204101563
12.586524986140912,43.02676225148956,132.29434204101563
12.586523678324506,43.02676506738215,132.39434814453125
12.586522549567928,43.02676810646141,132.39434814453125
12.58652167639349,43.02677104187257,132.39434814453125
12.586520911545577,43.02677412778959,132.39434814453125
12.586520501559603,43.02677701459335,132.39434814453125
12.586520389834831,43.02677993158648,132.39434814453125
12.5865205661292,43.02678251220408,132.29434204101563
12.586521034169209,43.026785130943274,132.29434204101563
12.586521667956731,43.02678749656358,132.29434204101563
12.586522511366134,43.026789887515555,132.29434204101563
12.586523470859763,43.02679209896667,132.29434204101563
12.586524667959253,43.02679444286618,132.29434204101563
12.586526002330146,43.026796656149486,132.29434204101563
12.586527599126825,43.02679885069961,132.29434204101563
12.586529391858093,43.026800918807645,132.29434204101563
12.58653151955312,43.02680296770703,132.29434204101563
12.586533718754865,43.026804787287084,132.29434204101563
12.586536102946027,43.02680655692771,132.29434204101563
12.586538480598213,43.02680820726232,132.29434204101563
12.586541052661588,43.02680990537117,132.29434204101563
12.586543581272483,43.0268114460555,132.29434204101563
12.586546312708478,43.02681319084958,132.29434204101563
12.586548988575,43.02681493737093,132.29434204101563
12.586551908797272,43.02681687137515,132.29434204101563
12.586554805465216,43.02681871524505,132.29434204101563
12.586558023597139,43.02682078473454,132.29434204101563
12.58656123026829,43.02682280688347,132.29434204101563
12.58656472216957,43.02682494664034,132.29434204101563
12.586568199446075,43.026827056169154,132.29434204101563
12.586572002428678,43.026829310653895,132.29434204101563
12.586575774333625,43.02683147090928,132.29434204101563
12.586579887014754,43.02683375398189,132.29434204101563
12.586583948954447,43.026835937887405,132.29434204101563
12.586588348810986,43.02683825527305,132.29434204101563
12.586592627778689,43.02684050866776,132.29434204101563
12.586597248647555,43.02684291802102,132.29434204101563
12.586601733065327,43.026845267392524,132.29434204101563
12.586606543681377,43.02684778961501,132.39434814453125
12.586611234603895,43.02685022993039,132.39434814453125
12.586616257208991,43.02685282693678,132.39434814453125
12.586621152620664,43.02685532099523,132.39434814453125
12.586626416464359,43.02685798931067,132.39434814453125
12.586631550138112,43.02686053136396,132.39434814453125
12.586637067806159,43.026863238394384,132.39434814453125
12.586642426429696,43.026865862756324,132.39434814453125
12.586648172844347,43.02686868999656,132.39434814453125
12.586653750839623,43.02687140011312,132.39434814453125
12.586659723305596,43.02687428137482,132.39434814453125
12.586665477032614,43.02687707310616,132.39434814453125
12.58667155287981,43.02687998701546,132.29434204101563
12.586677301638106,43.02688275871789,132.29434204101563
12.586683294002148,43.026885659524446,132.29434204101563
12.58668894399629,43.02688842560283,132.29434204101563
12.586694830588483,43.0268912820083,132.29434204101563
12.586700424544413,43.026893982924236,132.29434204101563
12.586706290347863,43.026896845686174,132.39434814453125
12.586711897604362,43.026899526658866,132.39434814453125
12.586717777036505,43.026902342775244,132.39434814453125
12.586723322922795,43.02690502482306,132.39434814453125
12.586729027502049,43.026907874752126,132.39434814453125
12.586734450905801,43.02691054509785,132.29434204101563
12.586740156094454,43.02691333579687,132.29434204101563
12.586745557830596,43.02691601678242,132.29434204101563
12.586751287921222,43.02691877901436,132.29434204101563
12.586756713692122,43.026921381452006,132.29434204101563
12.586762353737173,43.02692408563611,132.29434204101563
12.586767590299942,43.026926640091766,132.29434204101563
12.586773088397887,43.026929242383765,132.39434814453125
12.586778254203903,43.02693166800511,132.29434204101563
12.586783574507624,43.02693419368528,132.29434204101563
12.586788635338635,43.02693650384491,132.29434204101563
12.586793884698075,43.02693887816041,132.29434204101563
12.586798779670197,43.026941108607076,132.29434204101563
12.586803754340357,43.02694344190532,132.29434204101563
12.586808473153004,43.026945620206604,132.29434204101563
12.586813366390796,43.0269478717787,132.29434204101563
12.586817891899658,43.02694997486453,132.29434204101563
12.586822581597485,43.026952176227326,132.29434204101563
12.586826910855333,43.02695428096654,132.29434204101563
12.586831309065278,43.02695651398323,132.29434204101563
12.586835291593912,43.02695864740369,132.29434204101563
12.586839404087428,43.02696082724696,132.29434204101563
12.586843235305846,43.02696285297564,132.29434204101563
12.58684714272137,43.02696494898539,132.29434204101563
12.586850850261934,43.026966890974784,132.29434204101563
12.586854674194315,43.02696888027795,132.29434204101563
12.586858220575158,43.02697072502695,132.29434204101563
12.58686173903943,43.02697266700777,132.29434204101563
12.586865115629847,43.02697444949415,132.29434204101563
12.586868618613904,43.026976291673144,132.29434204101563
12.586871847507801,43.02697802836203,132.29434204101563
12.586875281094454,43.026979807627335,132.29434204101563
12.586878516310515,43.02698147679365,132.29434204101563
12.586881881912579,43.02698320935342,132.29434204101563
12.586884986472013,43.02698482816478,132.29434204101563
12.586888268921523,43.026986487033945,132.29434204101563
12.586891344820156,43.02698804166374,132.29434204101563
12.58689450487859,43.026989652302504,132.29434204101563
12.586897534157165,43.02699113663411,132.29434204101563
12.586900689656876,43.02699265766539,132.29434204101563
12.586903632367742,43.02699407618777,132.29434204101563
12.586906643130574,43.026995522414786,132.29434204101563
12.586909444776891,43.02699689561943,132.29434204101563
12.586912330769131,43.02699832390782,132.29434204101563
12.586915022550878,43.02699965379933,132.29434204101563
12.586917824145948,43.027001056045016,132.29434204101563
12.586920464929932,43.02700238141332,132.29434204101563
12.586923213688864,43.02700376950685,132.29434204101563
12.586925781190729,43.02700508418393,132.29434204101563
12.586928474564756,43.027006472397396,132.29434204101563
12.58693103366149,43.027007783613534,132.29434204101563
12.586933719298338,43.02700914977636,132.29434204101563
12.586936300883023,43.02701040882141,132.29434204101563
12.58693901906528,43.02701170463466,132.29434204101563
12.5869415902087,43.02701292698005,132.29434204101563
12.586944277034977,43.02701420824707,132.29434204101563
12.586946843520277,43.027015400352084,132.29434204101563
12.586949565701513,43.027016626038474,132.29434204101563
12.586952188333441,43.02701776514998,132.29434204101563
12.586954932938161,43.02701890443283,132.29434204101563
12.586957547982305,43.02701992929907,132.29434204101563
12.586960304786063,43.02702093555848,132.29434204101563
12.586962939930501,43.02702182846359,132.29434204101563
12.586965737875259,43.02702268177349,132.29434204101563
12.586968419321254,43.02702343185489,132.29434204101563
12.58697127340531,43.02702416723588,132.29434204101563
12.586973995133917,43.027024831324944,132.29434204101563
12.586976893322305,43.02702547876038,132.29434204101563
12.586979684373622,43.02702603048884,132.29434204101563
12.586982670641769,43.02702648448858,132.29434204101563
12.586985559801727,43.027026697301956,132.29434204101563
12.586988602993541,43.02702661708342,132.29434204101563
12.586991431891828,43.027026223050235,132.29434204101563
12.586994221736642,43.02702547063854,132.29434204101563
12.586996657342528,43.02702447238028,132.29434204101563
12.586998956647815,43.02702317694387,132.29434204101563
12.587000916449107,43.027021790135265,132.29434204101563
12.587002602229072,43.02702016883948,132.29434204101563
12.58700389571213,43.0270185023459,132.29434204101563
12.587004865601362,43.027016550513345,132.29434204101563
12.587005535591734,43.02701470651816,132.29434204101563
12.587005926882162,43.0270127237599,132.29434204101563
12.587006033075758,43.027010817981854,132.29434204101563
12.587005825467859,43.02700876936297,132.29434204101563
12.587005388830669,43.02700689591559,132.29434204101563
12.587004765046451,43.02700495095353,132.29434204101563
12.58700420376772,43.02700304425028,132.29434204101563
12.587003667678776,43.027001056249226,132.29434204101563
12.587003154742769,43.02699916314986,132.29434204101563
12.587002585556132,43.026997188701316,132.29434204101563
12.587001991869647,43.02699532911482,132.29434204101563
12.587001433945364,43.0269934053296,132.29434204101563
12.587000970190827,43.026991550660355,132.1943359375
12.587000641542662,43.0269894521491,132.1943359375
12.587000268873654,43.02698750396596,132.1943359375
12.586999885679893,43.026985411571324,132.1943359375
12.586999532446871,43.02698338633947,132.1943359375
12.586999180347632,43.02698114169778,132.1943359375
12.586998879556713,43.02697906948626,132.1943359375
12.586998595080242,43.02697687316066,132.1943359375
12.586998372433897,43.026974646594695,132.1943359375
12.586998116121542,43.02697244404968,132.1943359375
12.58699786878525,43.02697034462181,132.1943359375
12.586997605580542,43.02696813608013,132.1943359375
12.586997373541395,43.02696596929245,132.1943359375
12.58699713776622,43.026963750299416,132.1943359375
12.586996929886018,43.02696164025744,132.1943359375
12.586996759051162,43.02695936192301,132.1943359375
12.586996599072473,43.026957264028574,132.1943359375
12.586996481940574,43.02695506346248,132.1943359375
12.58699644595434,43.02695297296967,132.1943359375
12.586996575764719,43.02695074232596,132.1943359375
12.586996752737235,43.02694867373814,132.1943359375
12.586997047057368,43.0269465089979,132.1943359375
12.586997453586154,43.026944420980854,132.1943359375
12.58699790969733,43.02694224841924,132.1943359375
12.586998419966276,43.02694018494573,132.1943359375
12.586999058770068,43.02693802711024,132.1943359375
12.58699981048747,43.02693597131248,132.1943359375
12.587000677960955,43.02693382636984,132.1943359375
12.587001618329113,43.02693180399929,132.1943359375
12.58700278270957,43.026929657189115,132.1943359375
12.587003970339683,43.026927693628814,132.1943359375
12.587005352840928,43.02692568234355,132.1943359375
12.587006820998381,43.02692382256861,132.1943359375
12.587008586608448,43.02692189216994,132.1943359375
12.587010380034009,43.02692016589815,132.1943359375
12.587012415278235,43.02691843691072,132.1943359375
12.587014537527022,43.02691685381387,132.1943359375
12.58701683291337,43.02691531493823,132.1943359375
12.587019133381188,43.02691394846704,132.1943359375
12.587021673490952,43.02691261890111,132.1943359375
12.587024247859967,43.026911447013504,132.1943359375
12.587027017750485,43.026910317411044,132.1943359375
12.587029762387475,43.02690938198954,132.1943359375
12.587032820212192,43.02690853319434,132.1943359375
12.587035769528747,43.02690798125177,132.1943359375
12.587038939740436,43.02690765352492,132.1943359375
12.587041967861438,43.026907596299615,132.1943359375
12.587045176313717,43.02690778660853,132.1943359375
12.58704806347193,43.026908220039836,132.1943359375
12.587050971489193,43.026908904003704,132.1943359375
12.587053659583937,43.02690972452047,132.1943359375
12.58705624043249,43.02691079959712,132.1943359375
12.587058507605448,43.02691200246098,132.1943359375
12.587060656305825,43.02691343193165,132.1943359375
12.587062473640017,43.026914941637834,132.1943359375
12.587064073424706,43.026916622737595,132.1943359375
12.587065305451176,43.026918300564866,132.1943359375
12.587066322353891,43.0269201437719,132.1943359375
12.587066977603786,43.02692189917901,132.1943359375
12.587067366677942,43.02692375547591,132.1943359375
12.5870674780453,43.02692552787931,132.1943359375
12.587067396220215,43.02692742061885,132.1943359375
12.58706699616549,43.026929151747964,132.1943359375
12.587066304212762,43.026930920125,132.1943359375
12.587065461195882,43.02693259169854,132.1943359375
12.587064269686147,43.02693422037013,132.1943359375
12.5870629412097,43.02693568749125,132.1943359375
12.587061347266504,43.02693712587973,132.1943359375
12.587059654565017,43.026938396943784,132.1943359375
12.587057686594193,43.02693956286897,132.1943359375
12.587055669112395,43.02694052671471,132.1943359375
12.587053445916867,43.02694143651328,132.1943359375
12.587051206362228,43.026942142664716,132.1943359375
12.587048778003759,43.02694274269211,132.1943359375
12.5870464174314,43.02694317723691,132.1943359375
12.587043931933172,43.026943508458984,132.1943359375
12.587041513881214,43.02694363167349,132.1943359375
12.587038968837994,43.02694361231273,132.1943359375
12.58703659942985,43.02694356037293,132.1943359375
12.587034032883011,43.02694346864094,132.1943359375
12.587031521495497,43.02694344184439,132.1943359375
12.58702879108487,43.026943459765896,132.1943359375
12.587026152987338,43.02694346865811,132.1943359375
12.587023295359883,43.02694350294197,132.1943359375
12.587020568048855,43.02694354153487,132.1943359375
12.587017737089957,43.026943588651626,132.1943359375
12.58701502639294,43.02694366265919,132.1943359375
12.587012179155469,43.02694375677275,132.1943359375
12.587009490192019,43.02694380337547,132.1943359375
12.58700673002504,43.02694380119949,132.1943359375
12.58700407468585,43.02694364547432,132.1943359375
12.587001296612158,43.026943376163544,132.1943359375
12.586998774491933,43.026943111316015,132.1943359375
12.586996031403313,43.0269427090932,132.1943359375
12.586993430676438,43.02694226216944,132.1943359375
12.586990690720974,43.0269417559814,132.1943359375
12.586988129061526,43.026941303180934,132.1943359375
12.586985362480807,43.026940815753946,132.1943359375
12.586982702813783,43.0269403692157,132.1943359375
12.586979976299602,43.026939965151065,132.1943359375
12.586977246072106,43.02693950813578,132.1943359375
12.586974341626005,43.02693900558859,132.1943359375
12.586971571924488,43.02693850374386,132.1943359375
12.586968711688177,43.02693802874711,132.1943359375
12.586965900866174,43.02693750207615,132.1943359375
12.586962925153557,43.02693693917669,132.1943359375
12.586960154138104,43.02693645629003,132.1943359375
12.586957174989019,43.026935867236496,132.1943359375
12.586954331473665,43.02693530315484,132.1943359375
12.586951339744699,43.026934726308845,132.1943359375
12.586948538536344,43.02693423008386,132.1943359375
12.586945577510043,43.026933692636035,132.1943359375
12.586942765778394,43.02693319449213,132.1943359375
12.586939861663351,43.02693273947288,132.1943359375
12.586937043222823,43.026932256252124,132.1943359375
12.586934068321725,43.02693176417344,132.1943359375
12.586931232687114,43.026931321652995,132.1943359375
12.586928302222857,43.02693095296877,132.1943359375
12.586925464130273,43.02693055311895,132.1943359375
12.586922476775259,43.02693013892851,132.1943359375
12.586919687929996,43.02692981747237,132.1943359375
12.58691672547403,43.0269293865769,132.1943359375
12.586913888116769,43.0269289640425,132.1943359375
12.586910853185778,43.02692850880909,132.1943359375
12.586907937147066,43.026928119539114,132.1943359375
12.586904811307782,43.026927655216454,132.1943359375
12.586901842374381,43.02692720958628,132.1943359375
12.586898784412037,43.02692679825711,132.1943359375
12.586895889036876,43.02692635676466,132.1943359375
12.586892879266435,43.0269259065856,132.1943359375
12.586890033693924,43.02692549122152,132.1943359375
12.586887035848953,43.02692511899069,132.1943359375
12.586884179619858,43.02692471497746,132.1943359375
12.586881173381828,43.026924293411106,132.1943359375
12.586878339889534,43.02692393113473,132.1943359375
12.586875376158453,43.026923487260746,132.1943359375
12.586872591342928,43.02692305364106,132.1943359375
12.586869711249529,43.02692258787063,132.1943359375
12.586867013022566,43.02692217597607,132.1943359375
12.58686424217413,43.02692172196769,132.1943359375
12.58686164480454,43.02692130701482,132.1943359375
12.586858925254143,43.02692091798471,132.1943359375
12.586856320976429,43.02692048333702,132.1943359375
12.586853545361418,43.02691998842273,132.1943359375
12.58685085435745,43.02691949407385,132.1943359375
12.586848003974996,43.02691896945033,132.1943359375
12.586845238300267,43.026918433724354,132.1943359375
12.586842291547175,43.02691784595583,132.1943359375
12.586839467493434,43.02691730319663,132.1943359375
12.586836491953662,43.02691671737276,132.1943359375
12.586833640753836,43.026916196133094,132.1943359375
12.586830607869205,43.02691570003664,132.1943359375
12.586827678365855,43.02691528376451,132.1943359375
12.586824586208683,43.026914906847715,132.1943359375
12.586821632113915,43.02691461630878,132.1943359375
12.586818496076535,43.02691442275324,132.1943359375
12.586815523589467,43.02691434050458,132.1943359375
12.586812417692283,43.02691436593054,132.1943359375
12.58680947914807,43.026914468576535,132.1943359375
12.586806364268584,43.02691468241804,132.1943359375
12.586803424728291,43.02691490710498,132.1943359375
12.586800330420767,43.02691523180791,132.1943359375
12.586797362679706,43.026915639085054,132.1943359375
12.586794232214501,43.02691600885725,132.1943359375
12.586791220634248,43.02691633087019,132.09434509277344
12.586788033621067,43.02691664238896,132.09434509277344
12.586785011400366,43.02691694435589,132.09434509277344
12.586781871466576,43.026917219689004,132.09434509277344
12.586778898124056,43.02691748950519,132.09434509277344
12.58677576349877,43.02691781216065,132.09434509277344
12.58677280250762,43.02691808903576,132.09434509277344
12.586769699663115,43.02691838534868,132.09434509277344
12.586766758265428,43.02691869252416,132.09434509277344
12.586763666799655,43.02691905828718,132.09434509277344
12.586760731647976,43.02691943813382,132.09434509277344
12.586757675021554,43.026919936132145,132.09434509277344
12.586754799704941,43.02692053252737,132.09434509277344
12.586751861014262,43.02692125554669,132.09434509277344
12.58674907632908,43.02692197421409,132.09434509277344
12.586746109959087,43.0269227039068,132.09434509277344
12.586743224681637,43.026923351736315,132.09434509277344
12.586740205613228,43.02692401235589,132.09434509277344
12.586737348647896,43.02692465603918,132.09434509277344
12.586734429550685,43.026925416631954,132.09434509277344
12.586731689724251,43.02692623744852,132.09434509277344
12.586728891047132,43.02692723548399,132.09434509277344
12.586726312772987,43.026928285647706,132.09434509277344
12.586723630695678,43.026929415995525,132.09434509277344
12.586721126002443,43.02693048486882,132.09434509277344
12.586718497994626,43.02693157303429,132.09434509277344
12.586715999652862,43.02693258524758,132.09434509277344
12.58671337881682,43.02693363246433,132.09434509277344
12.586710884728896,43.02693463517718,132.09434509277344
12.586708258279648,43.02693570230289,132.09434509277344
12.586705794167836,43.02693677278675,132.09434509277344
12.586703196663471,43.026937885941244,132.09434509277344
12.586700723833035,43.0269389574017,132.09434509277344
12.586698107086777,43.02694008212121,132.09434509277344
12.58669564620929,43.02694117229986,132.09434509277344
12.586693070267106,43.026942329555624,132.09434509277344
12.58669062518626,43.02694344310419,132.09434509277344
12.586688023732739,43.02694465250533,132.09434509277344
12.586685584440868,43.02694579261918,132.09434509277344
12.586683026135143,43.02694700430764,132.09434509277344
12.586680560992097,43.026948170044406,132.09434509277344
12.586678004655091,43.02694940040822,132.09434509277344
12.586675570589707,43.026950575140006,132.09434509277344
12.586673010057448,43.02695181654627,132.09434509277344
12.586670548828396,43.02695300830863,132.09434509277344
12.586667970062035,43.02695425581437,132.09434509277344
12.586665505411156,43.02695544818496,132.09434509277344
12.58666285886454,43.02695671159046,132.09434509277344
12.586660352565838,43.02695792267925,132.09434509277344
12.586657685417963,43.026959209103424,132.09434509277344
12.586655119495148,43.026960443870514,132.09434509277344
12.586652358036176,43.02696174151705,132.09434509277344
12.586649739871953,43.02696300266951,132.09434509277344
12.586646969600624,43.02696434464861,132.09434509277344
12.586644288320157,43.02696562605272,132.09434509277344
12.586641512189539,43.026966977754995,132.09434509277344
12.586638861775798,43.026968262465815,132.09434509277344
12.586636055833115,43.026969600110164,132.09434509277344
12.58663332638929,43.02697084330685,132.09434509277344
12.58663043173697,43.02697208750582,132.09434509277344
12.586627612435086,43.02697317986037,132.09434509277344
12.58662452318409,43.02697420799907,132.09434509277344
12.586621565321769,43.02697507122916,132.09434509277344
12.586618395775101,43.02697584514304,132.09434509277344
12.586615327969113,43.026976460230664,132.09434509277344
12.586612029236877,43.026976952386406,132.09434509277344
12.586608903283327,43.026977299885175,132.09434509277344
12.586605606144833,43.02697750231576,132.09434509277344
12.58660244477776,43.026977470310555,132.09434509277344
12.586599190013649,43.02697727608668,132.09434509277344
12.586596129731031,43.026976893721375,132.09434509277344
12.586592981887236,43.02697629401938,132.09434509277344
12.586590055735464,43.02697550883162,132.09434509277344
12.58658712032603,43.02697451917432,132.09434509277344
12.586584464896823,43.02697340010875,132.09434509277344
12.586581798686538,43.02697199275724,132.09434509277344
12.58657948522883,43.02697054457694,132.09434509277344
12.586577265050995,43.026968877398026,132.09434509277344
12.586575365751209,43.026967173099685,132.09434509277344
12.586573565543706,43.02696519554137,132.09434509277344
12.586572124323054,43.026963273983455,132.09434509277344
12.58657084913118,43.02696115850159,132.09434509277344
12.586569802826528,43.026959015383625,132.09434509277344
12.586568978846696,43.02695678253824,132.09434509277344
12.586568414198954,43.02695461442272,132.09434509277344
12.58656805624345,43.02695230286671,132.09434509277344
12.586567946721752,43.02695005356476,132.09434509277344
12.586568083149528,43.02694774038965,132.09434509277344
12.586568425613287,43.02694556519807,132.09434509277344
12.586568959160125,43.026943258996255,132.09434509277344
12.586569658313884,43.026941159765435,132.09434509277344
12.586570572456633,43.02693900257246,132.09434509277344
12.586571629800385,43.026937010673606,132.09434509277344
12.586572903492474,43.02693493734845,132.09434509277344
12.586574315768427,43.02693308046904,132.09434509277344
12.586575925010164,43.02693118210118,132.09434509277344
12.58657745852642,43.02692934906282,132.09434509277344
12.586579033174864,43.0269274348637,132.09434509277344
12.586580461973911,43.02692559027744,132.09434509277344
12.586581907905533,43.02692363855628,132.09434509277344
12.586583298009872,43.02692179111734,132.09434509277344
12.586584752683585,43.02691985404522,132.09434509277344
12.586586221841477,43.026918047366536,132.09434509277344
12.586587876199753,43.026916173113904,132.09434509277344
12.586589616666132,43.02691450927608,132.09434509277344
12.586591592980563,43.02691286241742,132.09434509277344
12.586593587646279,43.026911384211004,132.09434509277344
12.586595731676946,43.02690992435441,132.09434509277344
12.586597878871627,43.02690858347188,132.09434509277344
12.586600211407308,43.02690723766351,132.09434509277344
12.586602490271913,43.026906013150764,132.09434509277344
12.586604959821168,43.02690477179592,132.09434509277344
12.586607315840833,43.0269035995142,132.09434509277344
12.586609747515602,43.02690234216533,132.09434509277344
12.58661198794322,43.02690113615659,132.09434509277344
12.586614324556919,43.026899860706344,132.09434509277344
12.586616523360169,43.026898647236024,132.09434509277344
12.586618794162348,43.026897385907944,132.09434509277344
12.586620984059483,43.02689618793475,132.09434509277344
12.586623293462662,43.026894936359845,132.09434509277344
12.586625522570175,43.026893777553525,132.09434509277344
12.586627843199757,43.02689258115233,132.09434509277344
12.586630129845464,43.02689146862749,132.09434509277344
12.586632543543965,43.02689031011244,132.09434509277344
12.58663478512002,43.02688921855884,132.09434509277344
12.58663721649014,43.02688809384364,132.09434509277344
12.586639545955531,43.02688705212242,132.09434509277344
12.586642025231198,43.02688600025399,132.09434509277344
12.58664438886795,43.02688503423225,132.09434509277344
12.586646901025924,43.02688401754716,132.09434509277344
12.586649298740287,43.026883061205766,132.09434509277344
12.586651782844,43.02688206448104,132.09434509277344
12.58665423186231,43.02688117067645,132.09434509277344
12.58665687540899,43.0268803237873,132.09434509277344
12.586659465893959,43.02687965575332,132.09434509277344
12.5866622191265,43.02687911857541,132.09434509277344
12.586664906734995,43.0268788234362,132.09434509277344
12.586667738833524,43.026878699574915,132.09434509277344
12.58667036063049,43.02687866862354,132.09434509277344
12.58667316287008,43.026878744293064,132.09434509277344
12.586675803768314,43.02687888152276,132.09434509277344
12.586678551914954,43.02687910569998,132.09434509277344
12.586681133821878,43.026879436185446,132.09434509277344
12.586683836547317,43.02687988577775,132.09434509277344
12.586686363165995,43.02688046609334,132.09434509277344
12.586688956744599,43.02688125625404,132.09434509277344
12.586691318951633,43.026882182646396,132.09434509277344
12.586693675381401,43.02688332010033,132.09434509277344
12.586695791943633,43.026884536140706,132.09434509277344
12.5866978839906,43.02688594278545,132.09434509277344
12.586699720221059,43.02688739208796,132.09434509277344
12.586701562662412,43.026888982736395,132.09434509277344
12.58670337158868,43.02689052533,132.09434509277344
12.586705327606506,43.026892072592446,132.09434509277344
12.58670723271882,43.02689351547847,132.09434509277344
12.586709251829435,43.02689501973191,132.09434509277344
12.586711149195768,43.026896510805514,132.09434509277344
12.58671320434102,43.02689802541179,132.09434509277344
12.586715180678855,43.026899463209205,132.09434509277344
12.586717378861048,43.026900981948906,132.09434509277344
12.586719408928554,43.02690239936617,132.09434509277344
12.58672157915023,43.02690387319504,132.09434509277344
12.586723710067817,43.026905232076174,132.09434509277344
12.586726089606723,43.0269066003378,132.09434509277344
12.586728430450897,43.02690776182545,132.09434509277344
12.586731002936144,43.02690883045027,132.09434509277344
12.586733603627996,43.02690968964543,132.09434509277344
12.586736338286594,43.026910412887375,132.09434509277344
12.586738995309624,43.02691089452321,132.09434509277344
12.586741840837659,43.02691118064169,132.09434509277344
12.586744639350757,43.02691124675068,132.09434509277344
12.586747483636593,43.0269111406694,132.09434509277344
12.586750141175191,43.02691085720641,132.09434509277344
12.586752964848024,43.026910330809514,132.09434509277344
12.586755440244781,43.02690972549635,132.09434509277344
12.586757914164993,43.02690893810697,132.09434509277344
12.586760162713553,43.026908048208696,132.09434509277344
12.58676246378476,43.02690690841177,132.09434509277344
12.58676447402435,43.026905742409376,132.09434509277344
12.586766441221602,43.02690438941349,132.09434509277344
12.586768233097235,43.026902924605295,132.09434509277344
12.586769859998766,43.0269013969091,132.09434509277344
12.586771329719092,43.02689997818116,132.09434509277344
12.586772861805677,43.02689870325788,132.09434509277344
12.58677425588252,43.02689769499395,132.09434509277344
12.586775411415996,43.02689693455119,132.09434509277344
12.586776250044041,43.02689636535955,132.09434509277344
12.586777020423156,43.02689576977822,132.09434509277344
12.586777558786222,43.02689529039108,132.09434509277344
12.586778056685061,43.0268947935322,132.09434509277344
12.586778517248511,43.02689435732969,132.09434509277344
12.586779143243094,43.02689394296364,132.09434509277344
12.586779552537767,43.02689359383715,132.09434509277344
12.586779928879805,43.026893272184,132.09434509277344
12.586780319331009,43.02689300671542,132.09434509277344
12.586780585541877,43.02689273361821,132.09434509277344
12.586780801128505,43.02689250400977,132.09434509277344
12.586781000016172,43.0268923115593,132.09434509277344
12.586781230426801,43.0268921950439,132.09434509277344
12.586781394814977,43.02689209869017,132.09434509277344
12.586781530316859,43.026892032109934,132.09434509277344
12.586781676869348,43.02689200641418,131.9943389892578
12.586781743571468,43.02689195412745,131.9943389892578
12.58678177543426,43.02689188708031,131.89434814453125
12.586781772340549,43.02689182339989,131.79434204101563
12.586781777742809,43.02689179869359,131.79434204101563
12.586781764910965,43.02689174426948,131.6943359375
12.58678174875104,43.026891706147765,131.59434509277344
12.586781749770548,43.02689171396487,131.59434509277344
12.58678169324013,43.02689176166416,131.59434509277344
12.586781618334992,43.02689182458215,131.4943389892578
12.586781517520082,43.026891887997,131.4943389892578
12.586781425013646,43.02689194117896,131.4943389892578
12.586781349499152,43.02689197571981,131.4943389892578
12.586781290589872,43.02689201541352,131.4943389892578
12.586781240117965,43.02689207258754,131.4943389892578
12.586781182614914,43.02689209628298,131.4943389892578
12.58678113250629,43.026892093485934,131.4943389892578
12.586781108811342,43.02689204488714,131.4943389892578
12.586781141576493,43.026891947638156,131.4943389892578
12.58678118474774,43.02689178854203,131.4943389892578
12.586781259887262,43.02689155700603,131.4943389892578
12.586781375608206,43.02689125311586,131.4943389892578
12.586781486536255,43.02689088267114,131.4943389892578
12.586781611057852,43.026890459734076,131.4943389892578
12.58678177113361,43.02688995068048,131.4943389892578
12.586781976349332,43.026889402117334,131.4943389892578
12.586782223529276,43.02688879145005,131.4943389892578
12.586782511946891,43.02688816507577,131.4943389892578
12.586782905269208,43.026887450220514,131.4943389892578
12.58678336092264,43.026886781372625,131.4943389892578
12.586783937546917,43.026886082721276,131.4943389892578
12.586784527928774,43.02688542098374,131.4943389892578
12.586785174020731,43.02688469190352,131.59434509277344
12.58678574520755,43.026883983237695,131.59434509277344
12.586786343147885,43.02688320197781,131.59434509277344
12.586786963423835,43.02688238817313,131.59434509277344
12.586787601512025,43.026881525392724,131.59434509277344
12.586788242576725,43.02688068653478,131.59434509277344
12.586788949722473,43.02687979606688,131.59434509277344
12.586789666032141,43.02687892983411,131.4943389892578
12.586790376634845,43.02687806547318,131.4943389892578
12.586790991473324,43.02687729637803,131.4943389892578
12.586791569286948,43.026876573256,131.4943389892578
12.586791957306517,43.026876024919964,131.39434814453125
12.586792246737721,43.02687557861736,131.39434814453125
12.586792429817004,43.02687524856032,131.39434814453125
12.586792593214954,43.02687493171309,131.39434814453125
12.586792717302941,43.02687467431432,131.29434204101563
12.586792836228897,43.02687442798372,131.29434204101563
12.586792921059649,43.026874277355795,131.29434204101563
12.58679299091992,43.026874152427915,131.29434204101563
12.586793038227807,43.026874080026644,131.29434204101563
12.586793090029776,43.02687404056423,131.29434204101563
12.586793150321851,43.02687404632533,131.29434204101563
12.586793211557268,43.02687403378372,131.29434204101563
12.586793259421787,43.02687402621505,131.29434204101563
12.586793300817652,43.02687405219779,131.29434204101563
12.586793321735307,43.02687406334305,131.29434204101563
12.586793332633578,43.02687408374461,131.29434204101563
12.58679333093438,43.02687410395769,131.29434204101563
12.586793287124468,43.02687416191984,131.29434204101563
12.586793232926047,43.026874191830416,131.29434204101563
12.586793151610845,43.026874237520815,131.29434204101563
12.586793032432931,43.02687432237808,131.29434204101563
12.586792953842306,43.026874398480196,131.29434204101563
12.58679289650332,43.02687447247489,131.29434204101563
12.586792856929698,43.02687454270025,131.29434204101563
12.586792815697898,43.02687461149498,131.29434204101563
12.586792807799583,43.026874680825124,131.29434204101563
12.586792813447945,43.02687473998234,131.29434204101563
12.586792787520592,43.0268748114927,131.29434204101563
12.58679279231349,43.02687486441338,131.29434204101563
12.586792807131628,43.026874913963056,131.29434204101563
12.586792824164583,43.026874954453476,131.29434204101563
12.586792848357582,43.02687498500653,131.29434204101563
12.58679285892773,43.02687501600079,131.29434204101563
12.58679285392389,43.02687504436507,131.29434204101563
12.586792842099848,43.02687505442235,131.29434204101563
12.586792833633185,43.02687508426866,131.29434204101563
12.58679284242798,43.026875106088,131.29434204101563
12.586792867288944,43.02687511889947,131.29434204101563
12.586792896145937,43.02687510849951,131.29434204101563
12.586792926807592,43.026875113905085,131.29434204101563
12.586792948135395,43.026875114556155,131.29434204101563
12.586792952336504,43.02687510562109,131.29434204101563
12.58679296918196,43.026875100725235,131.29434204101563
12.586793008286856,43.02687509253978,131.29434204101563
12.586793056596688,43.02687508062351,131.29434204101563
12.586793104320584,43.02687504106258,131.29434204101563
12.586793141767284,43.026875024203356,131.29434204101563
12.586793162772821,43.02687501719581,131.29434204101563
12.586793149894094,43.02687501400044,131.29434204101563
12.586793115880921,43.02687502716744,131.29434204101563
12.586793084445848,43.02687504838283,131.29434204101563
12.58679307275658,43.02687507709407,131.29434204101563
12.586793093006284,43.02687510265704,131.29434204101563
12.586793113355593,43.0268751351376,131.29434204101563
12.586793133265456,43.026875164225764,131.29434204101563
12.586793152847193,43.02687521828581,131.29434204101563
12.586793173999226,43.0268752566003,131.29434204101563
12.586793200096496,43.026875300573074,131.29434204101563
12.586793221418443,43.02687534496561,131.29434204101563
12.58679324402357,43.02687540248658,131.29434204101563
12.586793244140754,43.02687543250851,131.29434204101563
12.586793242629058,43.02687545477331,131.29434204101563
12.586793262632673,43.02687548694976,131.29434204101563
12.586793287388176,43.02687550458,131.29434204101563
12.586793330442227,43.02687551990579,131.29434204101563
12.586793379232514,43.02687553588693,131.29434204101563
12.586793419702607,43.02687555248915,131.29434204101563
12.58679343356567,43.026875564341154,131.29434204101563
12.586793426985684,43.02687556428117,131.29434204101563
12.586793425350942,43.026875553375795,131.29434204101563
12.586793413439013,43.02687553852117,131.29434204101563
12.586793403267292,43.02687551733148,131.29434204101563
12.586793389638581,43.026875497936516,131.29434204101563
12.586793355361744,43.02687546618411,131.29434204101563
12.58679331724707,43.02687545134235,131.29434204101563
12.586793257423734,43.026875440321305,131.29434204101563
12.586793169182855,43.02687542162024,131.29434204101563
12.586793102123302,43.026875404898085,131.29434204101563
12.586793044069486,43.026875397402236,131.29434204101563
12.586792995449118,43.02687539853304,131.29434204101563
12.586792943887387,43.02687539817324,131.29434204101563
12.586792904981712,43.026875400601895,131.29434204101563
12.586792864347547,43.02687540161705,131.29434204101563
12.586792803879694,43.02687540608029,131.29434204101563
12.586792748152003,43.02687541051355,131.29434204101563
12.586792682252597,43.026875418784684,131.29434204101563
12.586792628429182,43.02687543141197,131.29434204101563
12.586792584970851,43.026875461361094,131.29434204101563
12.586792562629393,43.026875482572194,131.29434204101563
12.586792556688085,43.026875499662715,131.29434204101563
12.586792579580337,43.02687550728705,131.29434204101563
12.586792636268955,43.02687550466993,131.29434204101563
12.586792696947738,43.02687549273654,131.29434204101563
12.586792751228177,43.026875469161034,131.29434204101563
12.586792792870133,43.02687543563533,131.29434204101563
12.58679281448504,43.02687539608724,131.29434204101563
12.586792824527857,43.0268753472957,131.29434204101563
12.586792817965442,43.02687527688615,131.29434204101563
12.58679279909267,43.02687521494049,131.29434204101563
12.58679277605395,43.02687515611309,131.29434204101563
12.58679276255416,43.02687511477458,131.29434204101563
12.586792759888192,43.02687507059193,131.29434204101563
12.586792775034452,43.02687503972617,131.29434204101563
12.5867927945576,43.026875000083855,131.29434204101563
12.58679279747552,43.02687495064126,131.29434204101563
12.586792801149292,43.02687490566619,131.29434204101563
12.58679280649297,43.02687487429072,131.29434204101563
12.586792822934136,43.026874855306964,131.29434204101563
12.586792855957087,43.026874850226925,131.29434204101563
12.586792886864828,43.026874843330745,131.29434204101563
12.586792907718024,43.026874836357464,131.29434204101563
12.586792905555942,43.026874813651474,131.29434204101563
12.58679290260872,43.0268748019494,131.29434204101563
12.586792898706438,43.02687479608979,131.29434204101563
12.586792904671196,43.026874793408425,131.29434204101563
12.586792915522595,43.02687479173793,131.29434204101563
12.58679292235452,43.0268747969379,131.29434204101563
12.58679291422182,43.02687480492204,131.29434204101563
12.58679286523231,43.02687481314606,131.29434204101563
12.58679282174467,43.02687482636017,131.29434204101563
12.586792777483609,43.02687484206717,131.29434204101563
12.586792734019413,43.026874851657574,131.29434204101563
12.58679269465672,43.02687486169771,131.29434204101563
12.586792674453898,43.026874859307604,131.29434204101563
12.586792665911064,43.0268748513877,131.29434204101563
12.58679265200698,43.026874842435525,131.29434204101563
12.586792669537973,43.026874826304464,131.29434204101563
12.586792685733037,43.02687480071579,131.29434204101563
12.586792684567031,43.02687476269685,131.29434204101563
12.58679267186995,43.02687470925361,131.29434204101563
12.586792655135827,43.026874663468995,131.29434204101563
12.586792635899783,43.026874624092244,131.29434204101563
12.586792611613031,43.0268745958736,131.29434204101563
12.586792569619504,43.02687456429252,131.1943359375
12.58679252651273,43.0268745278927,131.1943359375
12.58679250372597,43.02687448245074,131.1943359375
12.58679249248786,43.026874435166945,131.1943359375
12.586792479198985,43.02687439134409,131.1943359375
12.586792446832268,43.02687435317525,131.1943359375
12.586792410492961,43.02687433275657,131.1943359375
12.586792358649985,43.02687430874416,131.1943359375
12.586792317705294,43.02687428814986,131.1943359375
12.586792300057125,43.02687426955161,131.1943359375
12.58679231069174,43.02687425115466,131.1943359375
12.58679232677549,43.02687422463221,131.1943359375
12.586792359148058,43.02687419136778,131.1943359375
12.586792384067605,43.026874164065774,131.1943359375
12.586792387296066,43.02687412305707,131.1943359375
12.586792373345093,43.0268740832777,131.1943359375
12.586792353845388,43.02687404623537,131.1943359375
12.58679236213043,43.02687401770832,131.1943359375
12.586792374522826,43.02687399877596,131.1943359375
12.586792390389776,43.02687397439947,131.1943359375
12.586792385339065,43.02687393450443,131.1943359375
12.586792376345054,43.02687389292605,131.1943359375
12.586792366958475,43.02687384395462,131.1943359375
12.586792372893946,43.026873791607905,131.1943359375
12.586792397836943,43.026873732103745,131.1943359375
12.586792434404758,43.026873683791955,131.1943359375
12.586792471417878,43.02687364312164,131.1943359375
12.586792484894225,43.0268736169333,131.1943359375
12.586792487864884,43.02687360236139,131.1943359375
12.586792481812235,43.02687360355216,131.1943359375
12.586792478366979,43.026873615549796,131.1943359375
12.58679250352091,43.02687363397244,131.1943359375
12.58679252957131,43.0268736454261,131.1943359375
12.586792575678052,43.026873651448476,131.1943359375
12.586792647934796,43.02687367247111,131.1943359375
12.586792711250258,43.02687368233136,131.1943359375
12.586792762577616,43.02687369722453,131.1943359375
12.586792794956034,43.02687372103563,131.1943359375
12.58679282321538,43.02687376120908,131.1943359375
12.58679284222877,43.026873792854396,131.1943359375
12.586792871091628,43.026873827309586,131.1943359375
12.586792916946415,43.02687387411793,131.1943359375
12.586792958857899,43.026873919298616,131.1943359375
12.586792991242179,43.02687396826148,131.1943359375
12.586793014456676,43.02687402247572,131.1943359375
12.586793024728006,43.02687408484972,131.1943359375
12.586793046038236,43.02687414305174,131.1943359375
12.586793069908978,43.02687419418627,131.1943359375
12.58679309563711,43.026874252898004,131.1943359375
12.586793115505952,43.0268743014668,131.1943359375
12.586793130488148,43.026874347602664,131.1943359375
12.586793138995835,43.02687438673097,131.1943359375
12.586793134126768,43.026874430570956,131.1943359375
12.58679314879257,43.026874455302966,131.1943359375
12.586793173038304,43.02687447689528,131.1943359375
12.58679319239739,43.02687450685296,131.1943359375
12.58679322055713,43.0268745395991,131.1943359375
12.586793247046971,43.02687457244375,131.1943359375
12.586793275265306,43.02687460970024,131.1943359375
12.586793297589194,43.026874645663185,131.1943359375
12.58679333364139,43.02687468834238,131.1943359375
12.586793366213174,43.02687472437383,131.1943359375
12.586793399212688,43.02687475757401,131.1943359375
12.586793448231491,43.02687477264279,131.1943359375
12.586793502107644,43.02687478541142,131.1943359375
12.586793551976042,43.026874799156666,131.1943359375
12.586793596582798,43.026874830236586,131.1943359375
12.58679362777178,43.026874856472055,131.1943359375
12.586793644365278,43.02687489292328,131.1943359375
12.586793652978425,43.026874929811406,131.1943359375
12.586793655568233,43.02687497474366,131.1943359375
12.586793656587748,43.02687501497279,131.1943359375
12.586793660361131,43.026875049702106,131.1943359375
12.586793667152046,43.0268750768542,131.1943359375
12.586793676526904,43.02687510214732,131.1943359375
12.586793674886296,43.026875108820754,131.1943359375
12.58679364052742,43.02687508808082,131.1943359375
12.586793591151194,43.02687506570035,131.1943359375
12.586793528157989,43.026875039336396,131.1943359375
12.586793468709656,43.02687500896751,131.1943359375
12.586793393130705,43.02687495786299,131.1943359375
12.586793354869558,43.02687493032539,131.1943359375
12.586793329346502,43.02687490778216,131.1943359375
12.586793283878428,43.026874884874864,131.1943359375
12.586793256521418,43.02687487874968,131.1943359375
12.586793238955275,43.02687486564266,131.1943359375
12.586793227629272,43.026874841990065,131.1943359375
12.586793215969287,43.02687481226368,131.1943359375
12.586793197442217,43.026874802767516,131.1943359375
12.586793171702364,43.02687480006045,131.1943359375
12.586793126960844,43.026874808331584,131.1943359375
12.58679310406275,43.0268748239615,131.1943359375
12.586793081246679,43.0268748466632,131.1943359375
12.586793057206018,43.02687486376659,131.1943359375
12.586793040952358,43.026874875571465,131.1943359375
12.58679304225899,43.02687489553612,131.1943359375
12.58679306784651,43.02687492163451,131.1943359375
12.586793116519623,43.026874950033054,131.1943359375
12.586793174128145,43.02687497084581,131.1943359375
12.586793239599833,43.026874989212764,131.1943359375
12.586793318331088,43.02687500778533,131.1943359375
12.586793386011722,43.026875021393494,131.1943359375
12.58679343696994,43.02687503492885,131.1943359375
12.586793465698015,43.02687504157232,131.1943359375
12.58679347435804,43.02687502466596,131.1943359375
12.586793485906698,43.026875021007996,131.1943359375
12.58679350433416,43.02687501483999,131.1943359375
12.586793523576063,43.02687500372899,131.1943359375
12.5867935380778,43.026874978277384,131.1943359375
12.586793562540327,43.0268749681944,131.1943359375
12.586793605998675,43.0268749722079,131.1943359375
12.586793656224508,43.026874987019696,131.1943359375
12.586793745572791,43.026875015825155,131.1943359375
12.586793820595103,43.026875027128895,131.1943359375
12.586793868289693,43.02687501114773,131.1943359375
12.586793874840364,43.02687498116863,131.1943359375
12.586793867258443,43.026874963371355,131.1943359375
12.586793862705777,43.02687494860241,131.1943359375
12.58679386744594,43.026874944893024,131.1943359375
12.586793855041819,43.02687492669311,131.1943359375
12.586793828809776,43.02687489909126,131.1943359375
12.586793787126801,43.02687486460181,131.1943359375
12.586793704622165,43.02687482002936,131.1943359375
12.586793656992016,43.026874788499704,131.1943359375
12.586793617166439,43.02687476513408,131.1943359375
12.58679357395419,43.02687474603467,131.1943359375
12.586793536261393,43.02687472481929,131.1943359375
12.586793502371274,43.026874703646726,131.1943359375
12.586793467074925,43.02687468129197,131.1943359375
12.586793422520902,43.02687465448683,131.1943359375
12.58679339449007,43.02687463193933,131.1943359375
12.586793365047143,43.026874613263956,131.1943359375
12.58679330891516,43.02687459544099,131.1943359375
12.586793264525195,43.02687458119031,131.1943359375
12.586793218383306,43.02687456971525,131.1943359375
12.586793190815365,43.02687455623129,131.1943359375
12.586793179114377,43.02687453930782,131.1943359375
12.586793184077193,43.02687453742316,131.1943359375
12.586793185120142,43.02687453954341,131.1943359375
12.58679317886828,43.02687453315694,131.1943359375
12.586793171801975,43.02687453143075,131.1943359375
12.586793161319713,43.02687453009436,131.1943359375
12.586793153315929,43.026874534604715,131.1943359375
12.58679316089785,43.0268745430172,131.1943359375
12.586793173553911,43.02687453902512,131.1943359375
12.586793177432755,43.02687454132956,131.1943359375
12.586793179647568,43.02687454383532,131.1943359375
12.58679317237033,43.02687454099974,131.1943359375
12.58679316778251,43.026874530364196,131.1943359375
12.586793170419192,43.026874523780705,131.1943359375
12.58679320571554,43.02687452415337,131.1943359375
12.586793216391163,43.026874542349006,131.1943359375
12.586793224143,43.02687457242234,131.1943359375
12.586793240800958,43.02687461458754,131.1943359375
12.58679324217789,43.02687464437817,131.1943359375
12.586793249302788,43.026874670695015,131.1943359375
12.586793261765493,43.02687469672916,131.1943359375
12.58679328443508,43.02687473004069,131.1943359375
12.586793299054001,43.026874761450436,131.1943359375
12.586793309049945,43.026874790315865,131.1943359375
12.586793318817378,43.02687482670283,131.1943359375
12.586793322825132,43.02687484527967,131.1943359375
12.586793325414934,43.02687485773134,131.1943359375
12.586793327383656,43.02687486362522,131.1943359375
12.586793332569128,43.02687487253029,131.1943359375
12.586793339278014,43.02687488218494,131.1943359375
12.58679334628572,43.02687489913412,131.1943359375
12.586793352139148,43.026874921724456,131.1943359375
12.586793353486783,43.0268749320987,131.1943359375
12.586793350463388,43.026874938669344,131.1943359375
12.586793345881429,43.02687494491017,131.1943359375
12.586793346678292,43.026874955729895,131.1943359375
12.586793360160515,43.02687496025737,131.1943359375
12.586793369136942,43.02687495914371,131.1943359375
12.586793378324304,43.02687495603399,131.1943359375
12.586793375043102,43.02687494710323,131.1943359375
12.586793367191655,43.02687493869504,131.1943359375
12.586793365451452,43.026874935962276,131.1943359375
12.586793375054826,43.02687494777573,131.1943359375
12.586793394665868,43.0268749586597,131.1943359375
12.586793426991562,43.02687497748497,131.1943359375
12.586793470344434,43.02687500576788,131.1943359375
12.586793498181905,43.02687502317109,131.1943359375
12.58679351009969,43.02687502775853,131.1943359375
12.58679351164068,43.02687502323961,131.1943359375
12.586793523423708,43.02687502131211,131.1943359375
12.586793521665925,43.02687501827094,131.1943359375
12.586793527044755,43.02687502490155,131.1943359375
12.586793544862852,43.02687504257462,131.1943359375
12.58679355380412,43.02687505412678,131.1943359375
12.586793557940771,43.02687506262921,131.1943359375
12.586793565229739,43.02687505493632,131.1943359375
12.586793622879302,43.026875010141126,131.1943359375
12.586793755404718,43.02687488296015,131.1943359375
12.586794001348375,43.02687464869993,131.1943359375
12.586794344556209,43.02687431141682,131.1943359375
12.586794799330745,43.02687383834324,131.1943359375
12.586795335807189,43.026873279551474,131.1943359375
12.586796009953469,43.026872582532015,131.1943359375
12.586796749776502,43.02687183182089,131.1943359375
12.5867976182402,43.02687092317444,131.1943359375
12.586798525779484,43.0268699698185,131.1943359375
12.58679957479713,43.02686885337008,131.1943359375
12.586800624289378,43.02686774104225,131.1943359375
12.586801797805169,43.026866497318665,131.1943359375
12.586802975885346,43.02686525082377,131.1943359375
12.586804276600411,43.02686384590524,131.1943359375
12.586805559263006,43.02686247853663,131.1943359375
12.58680694976579,43.02686098143848,131.1943359375
12.586808320182936,43.02685946778951,131.1943359375
12.586809773503147,43.0268578646637,131.1943359375
12.586811191778958,43.02685629025983,131.1943359375
12.586812715967252,43.02685458966875,131.1943359375
12.586814208181401,43.0268529049025,131.1943359375
12.586815758519682,43.02685114020267,131.1943359375
12.586817188320659,43.026849485355584,131.1943359375
12.586818565411438,43.0268478495844,131.1943359375
12.586819636717674,43.026846588067976,131.1943359375
12.586820517145894,43.02684555805432,131.1943359375
12.586821145232191,43.02684481359912,131.1943359375
12.586821669585673,43.026844128754085,131.1943359375
12.586822066991843,43.02684356493159,131.1943359375
12.58682242688686,43.02684299893531,131.1943359375
12.586822694023487,43.02684250571619,131.1943359375
12.586822971320126,43.02684205780945,131.1943359375
12.586823204297112,43.026841684103026,131.1943359375
12.586823419461865,43.02684134112634,131.1943359375
12.586823547862286,43.02684111986719,131.1943359375
12.586823702477163,43.02684084998571,131.1943359375
12.586823819282056,43.026840618700334,131.1943359375
12.586823930854608,43.02684043625147,131.1943359375
12.586823990672071,43.026840285275526,131.1943359375
12.586824033579632,43.02684017777762,131.1943359375
12.586824063063567,43.02684010852886,131.1943359375
12.586824034048371,43.02684011751853,131.1943359375
12.586824041448645,43.026840078328114,131.1943359375
12.586824043862668,43.02684004400249,131.1943359375
12.586823984871353,43.02684006129541,131.1943359375
12.586823960631476,43.026840040637936,131.1943359375
12.58682393143464,43.026840029072915,131.1943359375
12.586823898833561,43.02684002811989,131.1943359375
12.586823851472936,43.026840056850396,131.1943359375
12.586823819170682,43.02684009302214,131.1943359375
12.586823787782478,43.026840137276544,131.1943359375
12.586823731334103,43.02684020197962,131.1943359375
12.586823712818756,43.02684025197048,131.1943359375
12.586823698416627,43.02684030349907,131.1943359375
12.586823685889469,43.026840355392814,131.1943359375
12.586823661796073,43.02684042258129,131.1943359375
12.586823641581528,43.02684048344862,131.1943359375
12.586823618015476,43.02684055185678,131.1943359375
12.58682359675798,43.02684062696087,131.1943359375
12.586823580035572,43.02684069595585,131.1943359375
12.586823562610048,43.02684075317591,131.1943359375
12.58682354063186,43.02684080506858,131.1943359375
12.586823521050123,43.02684085548778,131.1943359375
12.586823512249476,43.02684090305641,131.1943359375
12.586823515149826,43.02684094966345,131.1943359375
12.58682353168474,43.02684099794847,131.1943359375
12.586823546461865,43.02684104499453,131.1943359375
12.586823560559312,43.02684109310073,131.1943359375
12.586823571428289,43.02684113784879,131.1943359375
12.586823573801299,43.02684117968631,131.1943359375
12.586823578553181,43.026841219682,131.1943359375
12.586823584189819,43.02684126197678,131.1943359375
12.586823602013776,43.02684130270599,131.1943359375
12.586823620939276,43.02684135263261,131.1943359375
12.586823638106992,43.02684140189531,131.1943359375
12.586823657958261,43.02684145355345,131.1943359375
12.586823677897419,43.02684149434264,131.1943359375
12.58682370033263,43.02684153158735,131.1943359375
12.586823711969167,43.0268415600994,131.1943359375
12.586823716715188,43.02684157564578,131.1943359375
12.586823713756246,43.026841603288325,131.1943359375
12.586823710463328,43.02684164015718,131.1943359375
12.586823711330505,43.0268416774201,131.1943359375
12.58682370939108,43.02684170190689,131.1943359375
12.586823706613773,43.02684172771401,131.1943359375
12.586823698797485,43.02684174756514,131.1943359375
12.586823683059439,43.02684175372458,131.1943359375
12.58682369572137,43.02684177167607,131.1943359375
12.586823723447523,43.02684179260125,131.1943359375
12.586823757478268,43.02684181950492,131.1943359375
12.58682378153064,43.02684184268849,131.1943359375
12.586823803081094,43.02684186765181,131.1943359375
12.586823813387582,43.02684188887468,131.1943359375
12.5868238066494,43.02684189844795,131.1943359375
12.586823806942364,43.0268419137641,131.1943359375
12.586823802999062,43.026841926239335,131.1943359375
12.586823798247181,43.026841937350305,131.1943359375
12.586823778073652,43.026841939539096,131.1943359375
12.586823782778664,43.02684195406926,131.1943359375
12.586823790577375,43.026841971451056,131.1943359375
12.586823784102865,43.0268419765236,131.1943359375
12.586823797338996,43.02684198358254,131.1943359375
12.586823808436485,43.02684199363769,131.1943359375
12.5868238168387,43.026842007508215,131.1943359375
12.586823820377711,43.026842017967056,131.1943359375
12.586823829178366,43.02684202884782,131.1943359375
12.586823845437893,43.0268420392392,131.1943359375
12.586823861058756,43.02684205797559,131.1943359375
12.586823880359248,43.026842074843394,131.1943359375
12.586823899689037,43.02684209097981,131.1943359375
12.586823912989617,43.02684210766021,131.1943359375
12.586823925001157,43.02684213978633,131.1943359375
12.586823934153365,43.026842162180714,131.1943359375
12.58682394845003,43.0268421864544,131.1943359375
12.586823971623517,43.026842215610024,131.1943359375
12.586823994761847,43.02684223748397,131.1943359375
12.586824016564256,43.02684225057171,131.1943359375
12.586824033456582,43.02684225628568,131.1943359375
12.586824037622527,43.02684225443529,131.1943359375
12.586824035056154,43.02684224544777,131.1943359375
12.586824018480222,43.02684222702082,131.1943359375
12.586823996496173,43.02684219596446,131.1943359375
12.58682397659218,43.02684217548047,131.1943359375
12.586823961850214,43.02684216047164,131.1943359375
12.58682395325464,43.026842152682384,131.1943359375
12.586823923378127,43.026842140747924,131.1943359375
12.586823907481874,43.02684213256461,131.1943359375
12.586823886722415,43.02684211902283,131.1943359375
12.586823855949438,43.02684209361298,131.1943359375
12.586823839355938,43.02684207990201,131.1943359375
12.586823827836579,43.0268420797264,131.1943359375
12.586823808178659,43.026842091586964,131.1943359375
12.58682377315183,43.02684210625956,131.1943359375
12.58682372126783,43.02684211470094,131.1943359375
12.586823677282167,43.02684211682762,131.1943359375
12.586823639009312,43.026842122008325,131.1943359375
12.586823640368674,43.02684212238846,131.1943359375
12.586823658450436,43.026842116182976,131.1943359375
12.586823677575149,43.026842105171575,131.1943359375
12.58682368717266,43.026842091641576,131.1943359375
12.586823692979214,43.02684207387856,131.1943359375
12.586823694625673,43.02684205623334,131.1943359375
12.586823712982822,43.026842036350075,131.1943359375
12.586823720863563,43.026842023623196,131.1943359375
12.586823722674083,43.02684200657336,131.1943359375
12.586823718683906,43.02684198383524,131.1943359375
12.586823699524032,43.02684195403819,131.1943359375
12.586823674247057,43.026841926887165,131.1943359375
12.586823650159529,43.026841897688705,131.1943359375
12.586823624191172,43.02684187013719,131.1943359375
12.58682363291566,43.0268418495279,131.1943359375
12.586823653639962,43.026841830100814,131.1943359375
12.586823674083018,43.02684181457477,131.1943359375
12.586823689504655,43.02684180105655,131.1943359375
12.586823689246842,43.02684179023041,131.1943359375
12.586823672969736,43.02684177658476,131.1943359375
12.586823655667258,43.02684176266711,131.1943359375
12.586823643157688,43.02684174587321,131.1943359375
12.58682365416144,43.026841738505865,131.1943359375
12.586823689205847,43.026841742427266,131.1943359375
12.586823734158301,43.02684175606222,131.1943359375
12.586823770233936,43.026841776789304,131.1943359375
12.586823792540235,43.02684179670683,131.1943359375
12.586823805958,43.026841815362936,131.1943359375
12.58682379092306,43.02684184044616,131.1943359375
12.58682375707981,43.02684186257818,131.1943359375
12.58682372253931,43.02684187136438,131.1943359375
12.586823702482965,43.02684188099975,131.1943359375
12.586823680463763,43.026841871941556,131.1943359375
12.586823666471783,43.02684185376733,131.1943359375
12.586823669542053,43.02684183728397,131.1943359375
12.586823666190543,43.0268418167689,131.1943359375
12.586823659493373,43.02684179873819,131.1943359375
12.586823649520868,43.026841785391305,131.1943359375
12.586823650745462,43.02684176493407,131.1943359375
12.586823666483514,43.02684173490785,131.1943359375
12.586823689844502,43.0268417061645,131.1943359375
12.586823731832162,43.02684168410209,131.1943359375
12.586823766401965,43.026841664403,131.1943359375
12.586823806262704,43.02684164182123,131.1943359375
12.586823844594168,43.026841623438195,131.1943359375
12.586823866291109,43.02684161345373,131.1943359375
12.586823909972104,43.02684159802943,131.1943359375
12.586823968688032,43.02684158219607,131.1943359375
12.586824031499601,43.02684156044633,131.1943359375
12.58682409985991,43.02684153166335,131.1943359375
12.586824169509272,43.02684150189948,131.1943359375
12.586824265607467,43.026841471597,131.1943359375
12.586824385295154,43.02684143919888,131.1943359375
12.58682451718186,43.026841404057286,131.1943359375
12.586824629516116,43.02684137143644,131.1943359375
12.58682472365728,43.02684132656095,131.1943359375
12.586824771797176,43.026841302411476,131.1943359375
12.586824788162161,43.02684128188679,131.1943359375
12.586824801972506,43.02684125875568,131.1943359375
12.586824845524596,43.02684122069713,131.1943359375
12.586824883451767,43.026841198314536,131.1943359375
12.58682491841999,43.02684118003003,131.1943359375
12.586824935183412,43.02684117098576,131.1943359375
12.586824956036613,43.02684117361359,131.1943359375
12.586824968434865,43.02684118037057,131.1943359375
12.586824969020793,43.026841178837124,131.1943359375
12.586824958216265,43.02684117316919,131.1943359375
12.586824958269,43.02684117462767,131.1943359375
12.58682497398362,43.02684117793227,131.1943359375
12.586824997203985,43.0268411912449,131.1943359375
12.586825045982565,43.026841198100385,131.1943359375
12.586825101598922,43.026841199405716,131.1943359375
12.586825141822926,43.026841191091755,131.1943359375
12.586825147676347,43.02684116427054,131.1943359375
12.586825146346282,43.026841139292245,131.1943359375
12.586825129430514,43.02684110893513,131.1943359375
12.586825103860583,43.026841076310006,131.1943359375
12.586825089435017,43.02684104854218,131.1943359375
12.58682506634941,43.026841016835824,131.1943359375
12.586825020436018,43.02684097426157,131.1943359375
12.586824939794628,43.026840915490915,131.1943359375
12.58682484783896,43.02684088210014,131.1943359375
12.58682477073074,43.026840856869136,131.1943359375
12.586824715963983,43.02684082275234,131.1943359375
12.586824681763328,43.02684082246107,131.1943359375
12.586824662755804,43.02684083800317,131.1943359375
12.586824654787177,43.02684086635889,131.1943359375
12.586824630113714,43.02684090760639,131.1943359375
12.586824613877624,43.02684094245029,131.1943359375
12.586824589766653,43.02684097091202,131.1943359375
12.586824565755292,43.02684100944174,131.1943359375
12.58682454790791,43.026841049714776,131.1943359375
12.58682454654856,43.02684108717687,131.1943359375
12.586824555343354,43.026841122127855,131.1943359375
12.586824571397802,43.026841153146734,131.1943359375
12.586824584551904,43.0268411842245,131.1943359375
12.586824610239033,43.02684121596406,131.1943359375
12.586824658209032,43.02684125649838,131.1943359375
12.586824704854818,43.026841285016864,131.1943359375
12.586824733694222,43.026841306692695,131.1943359375
12.586824729528255,43.0268413105584,131.1943359375
12.586824712049992,43.026841300553585,131.1943359375
12.58682470055994,43.02684126818545,131.1943359375
12.586824717012837,43.02684123760775,131.1943359375
12.586824776343995,43.02684123780694,131.1943359375
12.586824847042159,43.02684125078975,131.1943359375
12.586824891297349,43.02684127090431,131.1943359375
12.586824913181786,43.02684129421425,131.1943359375
12.58682491496887,43.026841313911184,131.1943359375
12.586824933384616,43.02684133722756,131.1943359375
12.586824956587394,43.02684135813561,131.1943359375
12.58682500289921,43.02684138051392,131.1943359375
12.58682504797472,43.026841396268054,131.1943359375
12.586825108665234,43.02684141720502,131.1943359375
12.586825172015846,43.02684144098934,131.1943359375
12.58682519617953,43.026841487670254,131.1943359375
12.5868251944979,43.02684150309241,131.1943359375
12.586825164053034,43.02684149263677,131.1943359375
12.586825140305345,43.02684147308974,131.1943359375
12.586825117506862,43.02684145013854,131.1943359375
12.586825110639781,43.02684143115692,131.1943359375
12.586825104458226,43.026841405290895,131.1943359375
12.58682506963647,43.02684137414673,131.1943359375
12.586825025521884,43.0268413513465,131.1943359375
12.586824975407394,43.02684132943936,131.1943359375
12.5868249041233,43.026841316860256,131.1943359375
12.586824865463724,43.02684129836801,131.1943359375
12.586824834702462,43.02684128382073,131.1943359375
12.586824794331962,43.02684127483855,131.1943359375
12.586824712354657,43.02684125897199,131.1943359375
12.58682463881473,43.026841242753115,131.1943359375
12.586824563669367,43.02684122468385,131.1943359375
12.586824503892922,43.02684121990472,131.1943359375
12.586824467459875,43.026841210153705,131.1943359375
12.586824448686722,43.02684121540936,131.1943359375
12.586824441620418,43.02684122836753,131.1943359375
12.58682443376312,43.02684124056113,131.1943359375
12.586824419642237,43.02684124664882,131.1943359375
12.58682441098807,43.026841247372715,131.1943359375
12.586824406312358,43.02684125675965,131.1943359375
12.586824403160064,43.02684125587835,131.1943359375
12.586824407185397,43.026841255745566,131.1943359375
12.586824412376725,43.026841256563685,131.1943359375
12.58682442306406,43.026841255083795,131.1943359375
12.58682440308388,43.02684124111904,131.1943359375
12.586824382213099,43.02684122831613,131.1943359375
12.586824399843703,43.026841233761324,131.1943359375
12.586824409324038,43.026841246004196,131.1943359375
12.586824423743746,43.02684125790437,131.1943359375
12.586824436722067,43.02684126574075,131.1943359375
12.586824449893747,43.026841270527385,131.1943359375
12.586824462795905,43.026841285203176,131.1943359375
12.58682447631914,43.02684129845905,131.1943359375
12.586824483397155,43.02684130675801,131.1943359375
12.58682449059822,43.02684129495205,131.1943359375
12.586824501191808,43.02684127526259,131.1943359375
12.586824509769809,43.02684126374149,131.1943359375
12.586824503723012,43.02684125493602,131.1943359375
12.586824475698032,43.02684125183488,131.1943359375
12.586824429778789,43.02684124333459,131.1943359375
12.586824354358033,43.02684120371368,131.1943359375
12.586824295331567,43.0268411652482,131.1943359375
12.586824235953545,43.026841109136434,131.1943359375
12.586824178637995,43.02684104149714,131.1943359375
12.586824131687527,43.026841002363476,131.1943359375
12.586824115017858,43.02684096146614,131.1943359375
12.58682410357466,43.02684089349915,131.1943359375
12.586824098582522,43.026840772126384,131.1943359375
12.586823983793174,43.026840565882445,131.1943359375
12.586823762013225,43.026840248886295,131.1943359375
12.586823450551014,43.02683983425462,131.1943359375
12.586823087884492,43.02683927904051,131.09434509277344
12.58682258325913,43.02683864744266,131.09434509277344
12.58682192836061,43.02683788710581,131.09434509277344
12.586821206800964,43.026837056456316,131.09434509277344
12.586820313857157,43.026836127755814,131.09434509277344
12.58681935336162,43.026835170326414,131.09434509277344
12.586818241274596,43.02683410047166,131.09434509277344
12.586817104643032,43.02683300226654,131.09434509277344
12.586815880620193,43.026831841031004,131.1943359375
12.586814690206237,43.02683071649702,131.1943359375
12.586813355343251,43.02682950605689,131.1943359375
12.586812109476995,43.02682835507449,131.1943359375
12.586810768373866,43.02682712593863,131.1943359375
12.586809460487045,43.02682593203112,131.1943359375
12.586807976593077,43.026824623840746,131.1943359375
12.586806616271494,43.026823392096624,131.1943359375
12.586805172572246,43.02682209504924,131.1943359375
12.58680373169132,43.02682086052738,131.1943359375
12.58680229238068,43.026819587080674,131.1943359375
12.586800916590578,43.02681838045566,131.1943359375
12.586799460791902,43.026817112356696,131.29434204101563
12.586798020104322,43.02681588921567,131.29434204101563
12.586796541788402,43.02681463141706,131.39434814453125
12.586795147430234,43.02681343897152,131.39434814453125
12.58679368586603,43.026812175500694,131.4943389892578
12.586792347335159,43.02681097036146,131.59434509277344
12.586790960037423,43.02680969966037,131.6943359375
12.586789645219076,43.02680848857588,131.79434204101563
12.586788257985795,43.02680721381096,131.89434814453125
12.586786957106694,43.02680598984003,131.9943389892578
12.586785586080193,43.026804675687636,132.09434509277344
12.586784297036848,43.026803401419585,132.1943359375
12.586782896245166,43.02680206227177,132.1943359375
12.586781551058124,43.02680079210288,132.29434204101563
12.58678011806379,43.026799463494235,132.29434204101563
12.586778759318358,43.026798206064,132.29434204101563
12.586777312765637,43.02679688297015,132.29434204101563
12.586775930477582,43.026795621904434,132.29434204101563
12.58677448258894,43.02679428594664,132.29434204101563
12.586773083777695,43.0267930358966,132.29434204101563
12.586771612733152,43.02679173632901,132.29434204101563
12.586770211121172,43.02679051233239,132.29434204101563
12.586768746111698,43.02678923003736,132.29434204101563
12.586767350980095,43.026788034544225,132.29434204101563
12.58676589545095,43.026786794494726,132.29434204101563
12.58676452674473,43.02678563278053,132.29434204101563
12.586763072082753,43.026784406188746,132.29434204101563
12.586761681040931,43.02678326382992,132.29434204101563
12.586760230503911,43.026782090557425,132.39434814453125
12.58675891412118,43.02678101782967,132.4943389892578
12.586757711666484,43.02677998279165,132.59434509277344
12.586756821523572,43.02677917984852,132.79434204101563
12.586756163338139,43.02677853368418,132.9943389892578
12.586755701755209,43.02677808789812,133.1943359375
12.586755311339155,43.026777705501985,133.4943389892578
12.586754962957627,43.02677735453472,133.79434204101563
12.58675456386983,43.026776978260955,134.1943359375
12.586754228261551,43.02677663419042,134.4943389892578
12.586753887836926,43.02677628332622,134.89434814453125
12.586753658375489,43.026776029085084,135.1943359375
12.586753320775031,43.02677572930399,135.4943389892578
12.586752996615783,43.02677543187632,135.6943359375
12.586752653167759,43.02677510299528,135.89434814453125
12.58675234567232,43.02677477233559,136.09434509277344
12.58675197310363,43.02677442095819,136.29434204101563
12.58675160109743,43.02677408469509,136.39434814453125
12.58675124718471,43.02677374400033,136.4943389892578
12.586750818917618,43.026773392258846,136.4943389892578
12.586750323667147,43.02677299626403,136.59434509277344
12.586749804674838,43.02677259021567,136.59434509277344
12.586749253784564,43.02677215544859,136.59434509277344
12.58674863231331,43.026771674088394,136.4943389892578
12.586747925589421,43.02677112568215,136.4943389892578
12.586747239783197,43.02677057466145,136.4943389892578
12.586746468431372,43.02676996236918,136.4943389892578
12.58674572098545,43.02676935639859,136.4943389892578
12.586744929278463,43.026768697968855,136.4943389892578
12.586744164969513,43.02676804741938,136.4943389892578
12.586743364942334,43.026767354085784,136.4943389892578
12.586742582914887,43.026766685207924,136.4943389892578
12.586741730552552,43.02676597831649,136.4943389892578
12.586740910510049,43.02676529658539,136.4943389892578
12.586740033386366,43.02676457514559,136.39434814453125
12.586739184000546,43.02676389530559,136.39434814453125
12.586738274346086,43.0267631990422,136.39434814453125
12.586737374230546,43.02676254457351,136.29434204101563
12.586736395295869,43.02676186527856,136.29434204101563
12.586735435298408,43.02676123363578,136.1943359375
12.586734400020815,43.026760568177096,136.1943359375
12.586733397168523,43.02675992537621,136.09434509277344
12.586732325375847,43.02675922713604,136.09434509277344
12.586731284496777,43.026758542746045,136.09434509277344
12.586730159478329,43.02675778797008,136.09434509277344
12.586729031916931,43.02675707767446,136.09434509277344
12.5867277622092,43.02675639981232,136.09434509277344
12.586726437389009,43.026755809643014,136.09434509277344
12.586724961024212,43.02675526657546,136.09434509277344
12.586723520026105,43.026754809710106,136.09434509277344
12.586722025966292,43.02675433889603,136.09434509277344
12.58672065652182,43.026753856107874,136.09434509277344
12.586719256855124,43.02675331504489,136.09434509277344
12.586717938245812,43.026752814984185,136.09434509277344
12.586716541696251,43.0267522611697,136.09434509277344
12.586715186513258,43.02675172625758,136.09434509277344
12.586713722160011,43.02675114424798,136.09434509277344
12.586712302595156,43.026750579592346,136.09434509277344
12.58671075459471,43.026749923658734,136.09434509277344
12.586709233546983,43.02674927650596,136.09434509277344
12.58670759769237,43.026748581109935,136.09434509277344
12.586705963079922,43.02674791133685,136.09434509277344
12.586704168954217,43.02674720906179,136.09434509277344
12.586702386125221,43.02674655673905,136.09434509277344
12.586700430341775,43.026745885406825,136.09434509277344
12.586698563912481,43.02674523012428,136.09434509277344
12.586696586555147,43.02674452832466,136.09434509277344
12.586694665751654,43.026743858802156,136.09434509277344
12.586692653179993,43.02674312898308,136.09434509277344
12.586690710638539,43.026742424502075,136.09434509277344
12.58668863408345,43.026741668094154,136.09434509277344
12.58668659446531,43.02674095325176,136.09434509277344
12.586684406185318,43.026740180785595,136.09434509277344
12.58668228856834,43.02673944444085,136.09434509277344
12.586680010008441,43.026738673495274,136.09434509277344
12.586677824165921,43.026737973297635,136.09434509277344
12.586675507942534,43.02673727373394,136.09434509277344
12.586673306865874,43.02673663882298,136.09434509277344
12.58667096774439,43.026735990680784,136.09434509277344
12.586668749207039,43.02673542876224,136.09434509277344
12.586666379593806,43.02673489929,136.09434509277344
12.586664061167314,43.026734459198224,136.09434509277344
12.586661607414714,43.026734082983914,136.09434509277344
12.58665924087175,43.02673380300769,136.09434509277344
12.586656713948356,43.026733579194605,136.09434509277344
12.586654292445276,43.02673341328802,136.09434509277344
12.586651725303739,43.02673331513958,136.09434509277344
12.586649281160378,43.02673330589617,136.09434509277344
12.586646703026823,43.026733382568004,136.09434509277344
12.586644265281802,43.02673354154421,136.09434509277344
12.586641699851176,43.02673379892588,136.09434509277344
12.586639254770327,43.02673412550064,136.09434509277344
12.586636679894536,43.02673458847837,136.09434509277344
12.586634247422882,43.026735122482464,136.09434509277344
12.586631713890235,43.026735794658535,136.09434509277344
12.586629345659826,43.02673657051715,136.09434509277344
12.586626922024,43.026737478174155,136.09434509277344
12.586624707377267,43.02673844919888,136.09434509277344
12.586622499644498,43.02673957912269,136.09434509277344
12.58662050959599,43.02674078183758,136.09434509277344
12.586618523859904,43.026742089909774,136.09434509277344
12.586616674645212,43.02674335598807,136.09434509277344
12.58661478943108,43.0267446812257,136.1943359375
12.58661313533075,43.02674577122866,136.09434509277344
12.586611675336945,43.026746709849796,136.09434509277344
12.586610585251707,43.026747401879035,136.09434509277344
12.586609686577637,43.026748007532596,136.09434509277344
12.586609048430917,43.026748437029525,136.09434509277344
12.586608497751618,43.02674882695699,136.09434509277344
12.586607947728554,43.026749171581685,136.09434509277344
12.586607426955068,43.02674952160766,136.09434509277344
12.586606938852965,43.02674982044772,136.09434509277344
12.586606420704435,43.026750073826534,136.09434509277344
12.586605971414247,43.02675017267529,136.09434509277344
12.586605514952295,43.02675028417705,136.09434509277344
12.586605126926829,43.0267503670661,136.09434509277344
12.586604690667714,43.02675041641234,136.09434509277344
12.58660445531187,43.02675051594647,136.09434509277344
12.58660428553317,43.02675063771327,136.09434509277344
12.586604159699109,43.02675074960054,136.09434509277344
12.586603956944305,43.02675078459114,136.09434509277344
12.586603830946173,43.0267508388332,136.09434509277344
12.58660369993249,43.02675085856655,136.09434509277344
12.58660355816116,43.02675081851946,136.09434509277344
12.58660343103805,43.02675081219296,136.09434509277344
12.586603311344517,43.026750795453665,136.09434509277344
12.586603195260308,43.02675076027459,136.09434509277344
12.586603061691982,43.026750686892385,136.09434509277344
12.58660297101364,43.02675059163732,136.09434509277344
12.58660288881955,43.0267504753232,136.09434509277344
12.586602763758922,43.026750331272304,136.09434509277344
12.58660274200926,43.026750182610414,136.09434509277344
12.586602775969713,43.02675002001053,136.09434509277344
12.586602836625067,43.026749869729535,136.09434509277344
12.586602864890272,43.02674971335764,136.09434509277344
12.586602939771973,43.026749599213055,136.09434509277344
12.58660304240327,43.02674951389321,136.09434509277344
12.586603122347396,43.026749457271755,136.09434509277344
12.58660323737694,43.0267494331694,136.09434509277344
12.586603343125365,43.02674943001902,136.09434509277344
12.586603448545675,43.026749441836756,136.09434509277344
12.586603545247366,43.026749467177005,136.09434509277344
12.586603677596965,43.02674949639367,136.09434509277344
12.586603802891975,43.02674952466585,136.09434509277344
12.5866038982343,43.02674956673468,136.09434509277344
12.58660398752984,43.02674959191001,136.09434509277344
12.58660407253639,43.02674962402436,136.09434509277344
12.586604159277293,43.02674966463472,136.09434509277344
12.58660425975237,43.02674974043914,136.09434509277344
12.58660436753983,43.02674982144139,136.09434509277344
12.586604477319447,43.02674991489317,136.09434509277344
12.586604587286566,43.02675002129561,136.09434509277344
12.586604711878465,43.026750071222224,136.09434509277344
12.586604826134575,43.02675009517465,136.09434509277344
12.586604932047063,43.026750100560946,136.09434509277344
12.58660502110823,43.02675010947457,136.09434509277344
12.586605084482276,43.02675008375525,136.09434509277344
12.586605119263002,43.0267500355548,136.09434509277344
12.586605117786451,43.02674995830905,136.09434509277344
12.586605110099065,43.026749881746476,136.09434509277344
12.586605094044613,43.02674980902393,136.09434509277344
12.586605065732524,43.02674974781929,136.09434509277344
12.586604970272994,43.026749660518384,136.09434509277344
12.586604909172344,43.026749613902794,136.09434509277344
12.58660486757141,43.026749580814,136.09434509277344
12.586604818212775,43.026749526659714,136.09434509277344
12.586604810009776,43.02674947100627,136.09434509277344
12.586604806517638,43.02674942013946,136.09434509277344
12.586604804759851,43.02674938163224,136.09434509277344
12.586604789853828,43.026749369696724,136.09434509277344
12.58660480656452,43.02674937090463,136.09434509277344
12.586604820415877,43.02674938541659,136.09434509277344
12.58660481408784,43.026749393293656,136.09434509277344
12.586604805533279,43.0267494058931,136.09434509277344
12.586604794939685,43.02674942097688,136.09434509277344
12.586604784533593,43.026749426324635,136.09434509277344
12.586604748955995,43.02674943258259,136.09434509277344
12.58660473803428,43.026749425887736,136.09434509277344
12.586604725190718,43.026749425071756,136.09434509277344
12.586604680589817,43.026749433274354,136.09434509277344
12.586604658957325,43.02674943726,136.09434509277344
12.586604636082663,43.02674944319028,136.09434509277344
12.586604608614323,43.026749449067026,136.09434509277344
12.586604576528865,43.026749455738326,136.09434509277344
12.586604567224319,43.02674945502515,136.09434509277344
12.586604566849328,43.02674945777719,136.09434509277344
12.586604552810474,43.02674948427395,136.09434509277344
12.586604546552751,43.02674948634494,136.09434509277344
12.586604523467148,43.02674947610346,136.09434509277344
12.586604484819283,43.02674945561838,136.09434509277344
12.586604428077942,43.02674942992476,136.09434509277344
12.586604405789219,43.026749399898556,136.09434509277344
12.586604401968973,43.02674937036064,136.09434509277344
12.586604387672311,43.02674934591562,136.09434509277344
12.586604398664331,43.02674931557457,136.09434509277344
12.58660439864089,43.02674927891989,136.09434509277344
12.586604389828516,43.026749242006055,136.09434509277344
12.586604362852356,43.02674921302498,136.09434509277344
12.586604345321366,43.02674918694373,136.09434509277344
12.58660432718101,43.026749167482365,136.09434509277344
12.586604272830252,43.02674914811525,136.09434509277344
12.58660424536191,43.02674913472124,136.09434509277344
12.586604222416941,43.02674912697482,136.09434509277344
12.586604206807799,43.02674912236381,136.09434509277344
12.586604162441272,43.02674911863302,136.09434509277344
12.58660414978521,43.02674912326546,136.09434509277344
12.586604130379241,43.02674913551152,136.09434509277344
12.586604084020548,43.026749150092016,136.09434509277344
12.586604037052494,43.026749155521145,136.09434509277344
12.58660399303753,43.026749158286044,136.09434509277344
12.586603965194202,43.02674916386081,136.09434509277344
12.586603946702294,43.02674917513029,136.09434509277344
12.58660393299155,43.02674918456863,136.09434509277344
12.586603902945116,43.02674918924389,136.09434509277344
12.586603833735204,43.026749190550305,136.09434509277344
12.58660378894681,43.02674919403266,136.09434509277344
12.586603755736373,43.02674919089297,136.09434509277344
12.586603741228785,43.026749177203406,136.09434509277344
12.586603746549024,43.02674914054229,136.09434509277344
12.586603763915953,43.02674910640835,136.09434509277344
12.586603774626726,43.026749065468174,136.09434509277344
12.586603752525491,43.026749012915886,136.09434509277344
12.586603749994282,43.026748972618215,136.09434509277344
12.586603750978648,43.0267489348263,136.09434509277344
12.586603745353726,43.02674889248334,136.09434509277344
12.586603721518138,43.026748841248164,136.09434509277344
12.586603689034238,43.02674880655098,136.09434509277344
12.58660364412865,43.02674878915848,136.09434509277344
12.586603579301492,43.02674877502132,136.09434509277344
12.586603542036423,43.026748795135894,136.09434509277344
12.586603496498036,43.02674882492439,136.09434509277344
12.586603452670563,43.026748847606804,136.09434509277344
12.586603396562023,43.02674885422885,136.09434509277344
12.586603381023204,43.02674885298453,136.09434509277344
12.58660340305414,43.02674884074061,136.09434509277344
12.586603447256614,43.02674883384871,136.09434509277344
12.586603510419739,43.02674882196244,136.09434509277344
12.586603571707894,43.026748804475694,136.09434509277344
12.586603643074023,43.026748777013054,136.09434509277344
12.586603710198025,43.02674873700237,136.09434509277344
12.586603786603147,43.026748707864954,136.09434509277344
12.58660386957067,43.02674869589945,136.09434509277344
12.586603949983543,43.02674870241869,136.09434509277344
12.586604049614872,43.026748703189696,136.09434509277344
12.586604151003984,43.0267486951263,136.09434509277344
12.586604229448124,43.02674868103625,136.09434509277344
12.58660427121312,43.02674865516274,136.09434509277344
12.586604315017155,43.02674864068506,136.09434509277344
12.586604365969528,43.0267486326495,136.09434509277344
12.586604404875205,43.0267486312874,136.09434509277344
12.58660447898348,43.02674863605477,136.09434509277344
12.586604551662084,43.026748639860514,136.09434509277344
12.586604622489148,43.0267486411862,136.09434509277344
12.586604649394989,43.02674862694838,136.09434509277344
12.586604666808787,43.02674861395701,136.09434509277344
12.586604666222854,43.02674861398486,136.09434509277344
12.586604622090693,43.0267486229863,136.09434509277344
12.586604607981526,43.02674864300877,136.09434509277344
12.586604595325465,43.026748659737365,136.09434509277344
12.58660458034912,43.026748668282615,136.09434509277344
12.586604525787434,43.02674866145497,136.09434509277344
12.586604504928365,43.02674865566817,136.09434509277344
12.586604470100752,43.026748642244186,136.09434509277344
12.586604382891103,43.02674862201183,136.09434509277344
12.58660431705614,43.02674860629839,136.09434509277344
12.586604254338322,43.02674858971331,136.09434509277344
12.586604198815715,43.02674857217088,136.09434509277344
12.586604144511838,43.026748549936066,136.09434509277344
12.586604123934029,43.026748541313694,136.09434509277344
12.58660412962927,43.02674853229726,136.09434509277344
12.586604139496318,43.02674853266348,136.09434509277344
12.586604187425301,43.026748528448685,136.09434509277344
12.586604248221276,43.02674852505842,136.09434509277344
12.586604310517226,43.02674852012188,136.09434509277344
12.58660435556343,43.02674851839569,136.09434509277344
12.586604406773604,43.02674851742337,136.09434509277344
12.586604451913558,43.02674852449731,136.09434509277344
12.58660448681148,43.02674854612818,136.09434509277344
12.5866045374826,43.02674857741799,136.09434509277344
12.586604590216192,43.02674861207664,136.09434509277344
12.58660465019186,43.026748649532315,136.09434509277344
12.586604705058232,43.026748690703776,136.09434509277344
12.586604751885655,43.026748719590614,136.09434509277344
12.586604783268,43.0267487453849,136.09434509277344
12.586604799369317,43.026748791653546,136.09434509277344
12.586604816337816,43.02674882123857,136.09434509277344
12.586604835368783,43.026748850123276,136.09434509277344
12.586604856180973,43.026748874855286,136.09434509277344
12.586604875282253,43.02674890627144,136.09434509277344
12.586604903078717,43.02674893257544,136.09434509277344
12.586604942546888,43.02674895854961,136.09434509277344
12.586604966968398,43.026748979944905,136.09434509277344
12.5866050028038,43.02674899693905,136.09434509277344
12.58660502884247,43.02674901298229,136.09434509277344
12.586605045717217,43.026749028972006,136.09434509277344
12.586605039037625,43.02674904450769,136.09434509277344
12.586605028209659,43.02674905553086,136.09434509277344
12.586605021998814,43.026749065761614,136.09434509277344
12.586605003788147,43.026749063772,136.09434509277344
12.586604998139789,43.02674907579962,136.09434509277344
12.58660498403062,43.0267490947684,136.09434509277344
12.586604966429322,43.02674911597736,136.09434509277344
12.586604931601714,43.026749136473136,136.09434509277344
12.586604924054956,43.026749153996285,136.09434509277344
12.586604924640886,43.02674917176787,136.09434509277344
12.586604912102011,43.026749186783114,136.09434509277344
12.586604913648861,43.026749218452,136.09434509277344
12.586604903594317,43.02674925444705,136.09434509277344
12.586604880250912,43.026749294357074,136.09434509277344
12.586604850860729,43.026749332667265,136.09434509277344
12.586604837946863,43.02674937158785,136.09434509277344
12.586604836634384,43.0267494060366,136.09434509277344
12.586604822126787,43.02674943814238,136.09434509277344
12.58660482768139,43.026749469292966,136.09434509277344
12.586604825220485,43.026749491484956,136.09434509277344
12.58660482015806,43.02674949379581,136.09434509277344
12.586604815306579,43.026749475413844,136.09434509277344
12.586604839071855,43.026749466157554,136.09434509277344
12.586604872094803,43.02674945795067,136.09434509277344
12.58660488086029,43.02674944403409,136.09434509277344
12.586604895039768,43.026749432113554,136.09434509277344
12.586604914539482,43.0267494177558,136.09434509277344
12.586604949062416,43.026749399603,136.09434509277344
12.586604978921345,43.02674936664056,136.09434509277344
12.586605006905298,43.026749342861585,136.09434509277344
12.586605015202043,43.02674931403043,136.09434509277344
12.586604992163318,43.02674927178598,136.09434509277344
12.586604987288394,43.026749238665055,136.09434509277344
12.586604987850892,43.02674920624445,136.09434509277344
12.586604994858602,43.0267491852154,136.09434509277344
12.586604991882083,43.02674915439463,136.09434509277344
12.586605006975606,43.026749154520985,136.09434509277344
12.586605025725328,43.02674916361666,136.09434509277344
12.586605040162615,43.0267491745606,136.09434509277344
12.586605064162256,43.02674917905168,136.09434509277344
12.586605073044932,43.02674918163453,136.09434509277344
12.58660506884968,43.026749184784926,136.09434509277344
12.586605062943521,43.026749189802864,136.09434509277344
12.586605065709106,43.0267491919017,136.09434509277344
12.586605065474732,43.026749203533114,136.09434509277344
12.586605036436097,43.02674921519665,136.09434509277344
12.586605026006563,43.02674923230432,136.09434509277344
12.586605017287944,43.02674925015727,136.09434509277344
12.586605011288034,43.026749263876816,136.09434509277344
12.586604999499146,43.02674927312668,136.09434509277344
12.586605001186621,43.02674927754923,136.09434509277344
12.586605002874096,43.026749277144454,136.09434509277344
12.586604988038378,43.02674927271976,136.09434509277344
12.58660498025724,43.02674927271762,136.09434509277344
12.586604969429278,43.026749271593246,136.09434509277344
12.586604958531002,43.02674926980495,136.09434509277344
12.586604945171826,43.026749261047655,136.09434509277344
12.58660493047673,43.02674925665723,136.09434509277344
12.58660490722707,43.02674924720819,136.09434509277344
12.586604856579381,43.02674922309298,136.09434509277344
12.586604826157963,43.0267491992776,136.09434509277344
12.586604808931662,43.02674917185137,136.09434509277344
12.58660481230662,43.026749150008484,136.09434509277344
12.586604824376757,43.026749120267105,136.09434509277344
12.586604835251592,43.02674910252123,136.09434509277344
12.586604832204754,43.02674907651492,136.09434509277344
12.586604802181759,43.026749026622575,136.09434509277344
12.586604776096213,43.02674898885636,136.09434509277344
12.586604748206003,43.0267489612224,136.09434509277344
12.586604712956527,43.02674894214655,136.09434509277344
12.586604672808683,43.02674892464481,136.09434509277344
12.586604642082579,43.02674890770849,136.09434509277344
12.586604620520403,43.02674888975486,136.09434509277344
12.586604593192686,43.02674885758056,136.09434509277344
12.586604585505299,43.026748845006814,136.09434509277344
12.586604577091359,43.02674883928855,136.09434509277344
12.586604568630547,43.02674883741245,136.09434509277344
12.586604556583854,43.02674882795484,136.09434509277344
12.586604553490153,43.02674883760949,136.09434509277344
12.586604553888586,43.026748861988125,136.09434509277344
12.586604538349754,43.02674888363613,136.09434509277344
12.58660453556073,43.02674890961459,136.09434509277344
12.586604522131234,43.026748931770165,136.09434509277344
12.586604491428561,43.026748953493126,136.09434509277344
12.586604444132387,43.02674897160737,136.09434509277344
12.586604414718767,43.02674898991437,136.09434509277344
12.586604399203377,43.02674899996522,136.09434509277344
12.586604380031792,43.02674900122452,136.09434509277344
12.586604383852052,43.02674901448789,136.09434509277344
12.586604402226783,43.026749037013985,136.09434509277344
12.586604445327715,43.02674905585211,136.09434509277344
12.586604523209381,43.026749060107605,136.09434509277344
12.586604611567447,43.02674906355783,136.09434509277344
12.58660469186312,43.02674907067889,136.09434509277344
12.586604751721595,43.026749077136024,136.09434509277344
12.586604797658412,43.0267490981758,136.09434509277344
12.586604836376589,43.026749124867436,136.09434509277344
12.586604867665184,43.026749157630704,136.09434509277344
12.58660489049296,43.02674918885841,136.09434509277344
12.586604880227478,43.02674924257792,136.09434509277344
12.586604853157562,43.02674930251256,136.09434509277344
12.586604817439346,43.02674938939585,136.09434509277344
12.586604800213047,43.02674946999975,136.09434509277344
12.58660479444751,43.02674956925119,136.09434509277344
12.586604803470815,43.026749686529044,136.09434509277344
12.586604830376672,43.02674982167057,136.09434509277344
12.586604879032208,43.026749950986755,136.09434509277344
12.586604956492,43.026750075895386,136.09434509277344
12.586605028490924,43.02675019658707,136.09434509277344
12.586605050240582,43.02675035005702,136.09434509277344
12.586605007092754,43.02675054178579,136.09434509277344
12.586604878774317,43.02675079525247,136.09434509277344
12.586604667066496,43.02675107701703,136.09434509277344
12.586604336251062,43.0267514121306,136.09434509277344
12.586603927085237,43.026751756350556,136.09434509277344
12.586603379898028,43.02675212131044,136.09434509277344
12.586602842320067,43.02675250178672,136.09434509277344
12.58660227040669,43.02675293373163,136.09434509277344
12.58660175603154,43.026753386491436,136.09434509277344
12.586601252085934,43.02675391523769,136.09434509277344
12.586600906458296,43.02675448006467,136.09434509277344
12.586600664071309,43.026755119693746,136.09434509277344
12.586600525042169,43.02675577985717,136.09434509277344
12.58660049080053,43.02675647231268,136.09434509277344
12.586600564276045,43.02675713321496,136.09434509277344
12.58660074303122,43.02675781168321,136.09434509277344
12.586600904864728,43.026758439363896,136.09434509277344
12.586600965590357,43.026759031522815,136.09434509277344
12.586600948598402,43.026759509554275,136.09434509277344
12.586600920169142,43.02675989773837,136.09434509277344
12.586600879482258,43.02676021896747,136.09434509277344
12.586600852881103,43.02676051595714,136.09434509277344
12.586600868818374,43.026760782849934,136.09434509277344
12.58660089616953,43.026761039349196,136.09434509277344
12.586600937348596,43.02676129157047,136.09434509277344
12.586600947637487,43.026761528689754,136.09434509277344
12.586600854943539,43.02676171535235,136.09434509277344
12.58660080488178,43.02676188825794,136.09434509277344
12.586600760444945,43.026762030520516,136.09434509277344
12.586600722078325,43.02676216160144,136.09434509277344
12.586600684883566,43.02676229755359,136.09434509277344
12.586600655259007,43.026762441044426,136.09434509277344
12.586600634657755,43.026762601834605,136.09434509277344
12.586600590853728,43.02676279414054,136.09434509277344
12.586600608173791,43.02676300878516,136.09434509277344
12.58660065270439,43.02676326161682,136.09434509277344
12.586600720133083,43.02676352086493,136.09434509277344
12.586600798788174,43.026763801285604,136.09434509277344
12.58660091559895,43.02676407772597,136.09434509277344
12.586601064940492,43.02676437495981,136.09434509277344
12.586601230758346,43.026764660957376,136.09434509277344
12.58660141328689,43.02676499862703,136.09434509277344
12.58660159426858,43.02676535029893,136.09434509277344
12.586601786171983,43.02676575617542,136.09434509277344
12.586601968583336,43.02676617009495,136.09434509277344
12.586602167424132,43.02676663749092,136.09434509277344
12.586602362491552,43.026767098960875,136.09434509277344
12.58660257598058,43.02676759152468,136.09434509277344
12.586602821062884,43.02676808009534,136.09434509277344
12.586603114660097,43.02676861699171,136.09434509277344
12.586603434155363,43.02676914764511,136.09434509277344
12.586603813485674,43.02676971383846,136.09434509277344
12.586604201628353,43.02677028757906,136.09434509277344
12.586604625840803,43.02677092241722,136.09434509277344
12.586605035592527,43.02677154329973,136.09434509277344
12.586605482351514,43.02677221178621,136.09434509277344
12.586605908227996,43.026772867007715,136.09434509277344
12.586606358385371,43.02677357679631,136.09434509277344
12.586606795230443,43.02677427025198,136.09434509277344
12.58660727091088,43.026775011745585,136.09434509277344
12.586607747669433,43.026775725400945,136.09434509277344
12.586608246997955,43.02677649330161,136.09434509277344
12.586608768662083,43.02677722258314,136.09434509277344
12.586609340645776,43.02677799577145,136.09434509277344
12.586609899481227,43.026778744566826,136.09434509277344
12.586610478144502,43.02677952513706,136.09434509277344
12.586611049800071,43.026780303088444,136.09434509277344
12.586611662283161,43.02678113779877,136.09434509277344
12.586612273735017,43.0267819328617,136.09434509277344
12.586612928522166,43.02678277744406,136.09434509277344
12.58661355813781,43.026783585267594,136.09434509277344
12.586614222721684,43.026784441229445,136.09434509277344
12.586614870430813,43.026785259611955,136.09434509277344
12.586615554795646,43.026786121364886,136.09434509277344
12.586616212395251,43.026786931172126,136.09434509277344
12.586616919095686,43.026787759267634,136.1943359375
12.586617582249895,43.02678856663232,136.1943359375
12.58661828430978,43.02678942703012,136.1943359375
12.586618967854312,43.026790248708636,136.1943359375
12.586619689015468,43.02679111463193,136.1943359375
12.586620371317823,43.02679193798954,136.1943359375
12.586621075135485,43.026792809741394,136.1943359375
12.586621735945977,43.02679363755367,136.1943359375
12.586622434466843,43.02679452835568,136.1943359375
12.586623103316281,43.02679537360758,136.1943359375
12.586623809172975,43.02679626557358,136.1943359375
12.586624470428768,43.026797128200855,136.1943359375
12.5866251611685,43.02679804767555,136.1943359375
12.586625815557213,43.02679892614154,136.1943359375
12.586626514101537,43.02679984774717,136.1943359375
12.586627260785782,43.026800681471514,136.1943359375
12.586628105132624,43.02680151028286,136.1943359375
12.586628920557997,43.0268022748484,136.1943359375
12.586629742264513,43.026803076991676,136.1943359375
12.586630489886204,43.0268038487361,136.1943359375
12.586631257827916,43.026804674120804,136.1943359375
12.586631992020141,43.02680546647667,136.1943359375
12.5866327922817,43.02680630100628,136.1943359375
12.586633610238321,43.026807085273035,136.1943359375
12.586634563380441,43.02680786738311,136.1943359375
12.586635533256677,43.026808540145936,136.1943359375
12.586636624467035,43.02680915573686,136.1943359375
12.58663768741218,43.02680966591481,136.1943359375
12.586638807590845,43.026810143792076,136.1943359375
12.586639866598542,43.02681055092249,136.1943359375
12.586640974027398,43.02681092597282,136.1943359375
12.586642016300969,43.026811255621894,136.1943359375
12.58664310739412,43.02681157027822,136.1943359375
12.586644134386672,43.02681190259262,136.1943359375
12.586645233050035,43.02681225170627,136.1943359375
12.586646252823945,43.02681258492445,136.1943359375
12.586647335432845,43.026812952080604,136.1943359375
12.586648348011535,43.02681331629197,136.1943359375
12.586649399355283,43.02681371230926,136.1943359375
12.586650400613854,43.02681407293438,136.1943359375
12.586651516175412,43.02681437897582,136.1943359375
12.586652589690702,43.026814639387915,136.1943359375
12.586653688729049,43.026814935239315,136.1943359375
12.586654746541447,43.02681522461859,136.1943359375
12.586655880805841,43.026815527593165,136.1943359375
12.586656965570986,43.02681578448113,136.1943359375
12.586658127467796,43.02681600161754,136.1943359375
12.586659255779159,43.02681618491987,136.1943359375
12.586660460308135,43.02681639890808,136.1943359375
12.58666163075949,43.026816623320855,136.1943359375
12.586662889381413,43.02681686699688,136.1943359375
12.586664089762019,43.02681712222936,136.1943359375
12.586665357594748,43.026817413540414,136.1943359375
12.58666658516245,43.02681768297644,136.1943359375
12.586667878963539,43.026817993914825,136.1943359375
12.586669134773006,43.026818284181815,136.1943359375
12.586670455784628,43.02681859787868,136.1943359375
12.586671738078069,43.0268188943715,136.1943359375
12.586673089112677,43.02681921524509,136.1943359375
12.586674383429383,43.02681951055999,136.1943359375
12.586675734276493,43.02681982062457,136.1943359375
12.586677037054008,43.02682011560269,136.1943359375
12.586678406158656,43.02682043310155,136.1943359375
12.586679693631703,43.02682074032895,136.1943359375
12.586681055377088,43.026821056665945,136.1943359375
12.586682347443823,43.02682135008118,136.1943359375
12.586683708486097,43.02682164740604,136.1943359375
12.586685001560634,43.026821915222946,136.1943359375
12.586686398414885,43.02682219853915,136.1943359375
12.586687754840048,43.02682246927784,136.1943359375
12.58668919767799,43.026822761445565,136.1943359375
12.586690623664623,43.02682305313784,136.1943359375
12.5866921602043,43.0268233780608,136.1943359375
12.586693660439837,43.02682370091945,136.1943359375
12.586695263716809,43.026824039760584,136.1943359375
12.586696853939287,43.026824368315005,136.1943359375
12.586698574073893,43.026824719457366,136.1943359375
12.5867002514357,43.02682506943251,136.1943359375
12.586702055217502,43.02682546025387,136.1943359375
12.586703803886838,43.02682585057059,136.1943359375
12.586705675941058,43.02682627886554,136.1943359375
12.586707498695231,43.02682670231243,136.1943359375
12.58670944115466,43.02682715968176,136.1943359375
12.58671133027113,43.02682760661339,136.1943359375
12.586713381865657,43.02682808387709,136.1943359375
12.586715358965195,43.02682854170172,136.1943359375
12.586717469855712,43.02682903057275,136.1943359375
12.586719512930827,43.02682949922634,136.1943359375
12.586721699804581,43.02683000129165,136.1943359375
12.586723786062644,43.02683047941938,136.1943359375
12.586725986904936,43.02683099479732,136.1943359375
12.586728115994386,43.02683150592056,136.1943359375
12.586730346180001,43.02683204342732,136.1943359375
12.586732498917558,43.02683256753497,136.1943359375
12.586734812891004,43.02683313034019,136.1943359375
12.586737079228437,43.02683368219398,136.1943359375
12.586739510692318,43.026834262945336,136.1943359375
12.586741862540192,43.0268348260172,136.1943359375
12.586744367081103,43.02683544416639,136.1943359375
12.586746770396951,43.026836030840535,136.1943359375
12.58674931530835,43.026836653281094,136.1943359375
12.58675174008091,43.026837242210945,136.1943359375
12.586754321601138,43.026837859857906,136.1943359375
12.586756755736838,43.02683844085769,136.1943359375
12.586759326768945,43.02683904670834,136.1943359375
12.586761799611105,43.02683962814502,136.1943359375
12.586764402904443,43.02684024653729,136.1943359375
12.586766870613854,43.02684083999838,136.1943359375
12.586769443884195,43.026841465194735,136.1943359375
12.586771884219017,43.026842069777516,136.1943359375
12.586774460149487,43.026842704579266,136.1943359375
12.586776925866753,43.02684331471861,136.1943359375
12.586779543093483,43.026843974017844,136.1943359375
12.586782023845673,43.02684458507062,136.1943359375
12.586784624068741,43.026845225719114,136.1943359375
12.586787097110113,43.026845831103955,136.1943359375
12.586789683247456,43.02684646970289,136.1943359375
12.586792151267414,43.02684706523497,136.1943359375
12.58679473225444,43.02684768403416,136.1943359375
12.586797165968264,43.02684826912988,136.1943359375
12.586799733490649,43.02684890597264,136.1943359375
12.586802173755162,43.02684952115883,136.1943359375
12.58680473905688,43.02685017710101,136.1943359375
12.586807165587219,43.02685080129078,136.1943359375
12.586809727326484,43.02685145215076,136.1943359375
12.586812162417246,43.026852067840245,136.1943359375
12.586814718988625,43.026852714885926,136.1943359375
12.586817170766647,43.02685333686549,136.1943359375
12.586819758685214,43.02685399586383,136.1943359375
12.586822220283395,43.02685461674044,136.1943359375
12.586824790190505,43.02685526119897,136.1943359375
12.586827226775373,43.02685586962391,136.1943359375
12.586829757612744,43.02685650587128,136.1943359375
12.586832130184884,43.0268570777636,136.1943359375
12.586834568931824,43.026857686432685,136.1943359375
12.586836848476057,43.02685825294084,136.1943359375
12.586839220222053,43.02685883443213,136.1943359375
12.586841466277539,43.02685936337754,136.1943359375
12.586843836593868,43.026859920413095,136.1943359375
12.586846093491964,43.02686045612191,136.1943359375
12.586848450038968,43.02686101709172,136.1943359375
12.586850702548459,43.02686158206646,136.1943359375
12.5868530696334,43.02686218821266,136.1943359375
12.586855338273518,43.02686276652571,136.1943359375
12.58685774001615,43.02686336715925,136.1943359375
12.586860055794242,43.026863933716676,136.1943359375
12.586862501560626,43.02686452027516,136.1943359375
12.586864841852499,43.02686506010454,136.1943359375
12.5868672784696,43.026865631844814,136.1943359375
12.58686957147408,43.026866178133474,136.1943359375
12.586871943242029,43.02686674884573,136.1943359375
12.586874183120345,43.0268672792175,136.1943359375
12.586876478831822,43.026867839795386,136.1943359375
12.58687865253755,43.026868369678844,136.1943359375
12.586880973627816,43.026868913830114,136.1943359375
12.586883174476702,43.02686943319798,136.1943359375
12.586885506794092,43.02686997498485,136.1943359375
12.586887739370471,43.02687048366577,136.1943359375
12.58689011941542,43.02687102024411,136.1943359375
12.58689234660674,43.02687152637645,136.1943359375
12.586894673349379,43.02687206166978,136.1943359375
12.586896921097832,43.02687259097071,136.1943359375
12.586899241270384,43.026873128744086,136.1943359375
12.586901449269066,43.02687363649553,136.1943359375
12.586903773453031,43.02687417100501,136.1943359375
12.586906012755696,43.02687469304141,136.1943359375
12.586908378055023,43.02687524373334,136.1943359375
12.586910644338237,43.026875773539714,136.1943359375
12.586913047009567,43.0268763478714,136.1943359375
12.586915347623822,43.02687689077622,136.1943359375
12.586917794983943,43.02687746673131,136.1943359375
12.586920157085572,43.02687801028719,136.1943359375
12.586922686417132,43.02687858821688,136.1943359375
12.586925105216151,43.026879127814965,136.1943359375
12.586927664213283,43.02687970107583,136.1943359375
12.586930126239197,43.026880269774914,136.1943359375
12.586932702702855,43.02688085644263,136.1943359375
12.586935140922465,43.02688140595665,136.1943359375
12.586937682406166,43.02688197719148,136.1943359375
12.586940110035115,43.02688252551045,136.1943359375
12.586942618220492,43.026883108126114,136.1943359375
12.58694499280824,43.02688366493466,136.1943359375
12.586947530407238,43.026884257256384,136.1943359375
12.586949894887717,43.026884807944036,136.1943359375
12.586952368327514,43.026885381509,136.1943359375
12.586954709983136,43.0268859295881,136.1943359375
12.586957169788366,43.026886517403746,136.1943359375
12.586959477035315,43.02688708013614,136.1943359375
12.586961879894128,43.02688767644994,136.1943359375
12.586964166214631,43.02688825122281,136.1943359375
12.586966541271119,43.02688882831298,136.1943359375
12.586968779404838,43.02688936935882,136.1943359375
12.58697110933895,43.02688992799634,136.1943359375
12.586973318221641,43.02689044774543,136.1943359375
12.586975617330044,43.026890986953724,136.1943359375
12.58697778243506,43.026891493450144,136.1943359375
12.586980047852554,43.02689202348781,136.1943359375
12.586982166647227,43.02689252352067,136.1943359375
12.586984379693677,43.02689304411786,136.1943359375
12.586986463985198,43.026893538188325,136.1943359375
12.586988638638658,43.02689404208904,136.1943359375
12.586990670336112,43.02689452920335,136.1943359375
12.586992780381124,43.02689503786715,136.1943359375
12.586994758823693,43.0268955273887,136.1943359375
12.586996803841785,43.02689603002583,136.1943359375
12.586998748504834,43.02689650216559,136.1943359375
12.587000803159723,43.0268969955807,136.1943359375
12.587002766782886,43.026897468958346,136.1943359375
12.587004824076278,43.02689799317068,136.1943359375
12.587006764219064,43.026898513091105,136.1943359375
12.58700877597772,43.02689907936155,136.1943359375
12.58701065034487,43.02689966224281,136.1943359375
12.587012579847915,43.026900321303266,136.1943359375
12.587014373973572,43.02690099000125,136.1943359375
12.587016216814812,43.02690173889193,136.1943359375
12.587017889806997,43.02690252096995,136.1943359375
12.587019545883415,43.0269034301518,136.1943359375
12.587021008018857,43.026904376581584,136.1943359375
12.587022434998584,43.026905453336276,136.1943359375
12.587023689826566,43.0269065508052,136.1943359375
12.587024899212839,43.026907775249455,136.1943359375
12.58702593820809,43.026908995838696,136.1943359375
12.58702784314164,43.02691155961495,136.1943359375
12.58702882822565,43.02691287555988,136.1943359375
12.587029795851906,43.026914081671414,136.1943359375
12.58703083017149,43.026915324765305,136.1943359375
12.587031810954759,43.02691650302656,136.1943359375
12.587032822399676,43.02691779080426,136.1943359375
12.587033762865193,43.02691896228928,136.1943359375
12.587034744735371,43.0269201816192,136.1943359375
12.587035681248802,43.02692138241939,136.1943359375
12.587036652106447,43.02692260354832,136.1943359375
12.587037579083889,43.02692375483309,136.1943359375
12.587038556914083,43.02692495158124,136.1943359375
12.587039482731377,43.02692609055571,136.1943359375
12.587040461182655,43.02692727315171,136.1943359375
12.587041390035063,43.026928397905486,136.1943359375
12.587042380131683,43.02692959941672,136.1943359375
12.587043331082398,43.02693072536127,136.1943359375
12.587044353059406,43.026931901403756,136.1943359375
12.587045344216559,43.026933009092694,136.1943359375
12.587046419108786,43.02693415669381,136.1943359375
12.587047435050723,43.0269352523123,136.1943359375
12.587048521040451,43.026936400119006,136.1943359375
12.587049621608086,43.026937487958946,136.1943359375
12.587050747189018,43.026938625023035,136.1943359375
12.587051817077409,43.0269397006726,136.1943359375
12.587052921881293,43.02694083287938,136.1943359375
12.587053961594346,43.026941914294326,136.1943359375
12.587055015369687,43.02694306317187,136.1943359375
12.587056004593263,43.0269441585505,136.1943359375
12.587057074762914,43.026945294466664,136.1943359375
12.587058070572331,43.026946389776754,136.1943359375
12.587059106640906,43.02694754153269,136.1943359375
12.587060063087607,43.02694863393869,136.1943359375
12.587061025809602,43.0269497995898,136.1943359375
12.587061879654302,43.02695091732747,136.1943359375
12.587062717116446,43.026952112944834,136.1943359375
12.587063485438987,43.02695326450376,136.1943359375
12.587064220756154,43.02695449227186,136.1943359375
12.587064847840548,43.02695566880266,136.1943359375
12.587065396158517,43.02695691786753,136.1943359375
12.587065778699639,43.02695812200018,136.1943359375
12.587066028434128,43.026959407559126,136.1943359375
12.587066087355037,43.026960635712726,136.1943359375
12.587065956235799,43.026961927585305,136.1943359375
12.587065637115458,43.02696310015826,136.1943359375
12.587065124164024,43.02696428611238,136.1943359375
12.587064492937012,43.026965378295635,136.1943359375
12.58706367837289,43.026966497138375,136.1943359375
12.587062825137478,43.0269675173872,136.1943359375
12.587061879530426,43.026968577582466,136.1943359375
12.587060920845465,43.02696963754644,136.1943359375
12.587059983101604,43.02697078363985,136.1943359375
12.5870591130911,43.026971920284176,136.1943359375
12.587058209026413,43.02697314794092,136.1943359375
12.587057268763044,43.026974337955686,136.1943359375
12.587056350261076,43.026975592666005,136.1943359375
12.587055488734828,43.026976804937,136.1943359375
12.587054589281417,43.02697816076842,136.1943359375
12.587053779252454,43.02697941059574,136.1943359375
12.587052933809945,43.02698073123524,136.1943359375
12.587052130026967,43.02698198193635,136.1943359375
12.587051280020072,43.0269833324907,136.1943359375
12.587050490375566,43.02698457334013,136.1943359375
12.587049685455902,43.02698587230593,136.1943359375
12.587048963673666,43.02698715400129,136.1943359375
12.587048194853066,43.02698848634287,136.1943359375
12.587047475473137,43.02698976589657,136.1943359375
12.587046735374763,43.026991124555,136.1943359375
12.587046056400483,43.02699243959188,136.1943359375
12.587045322214127,43.02699380895866,136.1943359375
12.587044627917805,43.0269951147264,136.1943359375
12.587043946359579,43.02699651955923,136.1943359375
12.587043268346218,43.02699782656056,136.1943359375
12.587042568020696,43.02699919997081,136.1943359375
12.587041920308653,43.02700051920537,136.1943359375
12.587041310907566,43.02700194764799,136.1943359375
12.587040688182444,43.0270032816001,136.1943359375
12.58704002292768,43.027004688883004,136.1943359375
12.58703941303732,43.02700607005466,136.1943359375
12.587038721825905,43.02700750648142,136.1943359375
12.587038038656361,43.027008878640935,136.1943359375
12.587037288737813,43.02701031928248,136.1943359375
12.587036579617486,43.02701170737602,136.1943359375
12.587035812414042,43.02701314947392,136.1943359375
12.58703508190439,43.02701451484861,136.1943359375
12.587034326372649,43.02701596729505,136.1943359375
12.587033605507393,43.02701732292087,136.1943359375
12.587032866115072,43.02701875398487,136.1943359375
12.587032180692649,43.02702011219783,136.1943359375
12.587031489774214,43.02702155815073,136.1943359375
12.58703083281621,43.02702290849947,136.1943359375
12.58703014969941,43.02702432306405,136.1943359375
12.587029502869168,43.02702567755907,136.1943359375
12.587028776264717,43.02702709363138,136.1943359375
12.587028053114318,43.02702843757224,136.1943359375
12.587027273538986,43.027029847305215,136.1943359375
12.587026546632798,43.02703119011528,136.1943359375
12.58702576219133,43.02703258776923,136.1943359375
12.58702500989977,43.02703390287464,136.1943359375
12.587024217284585,43.02703527513695,136.1943359375
12.587023426758234,43.027036568774264,136.1943359375
12.587022568158677,43.027037932092966,136.1943359375
12.587021716657643,43.027039245313716,136.1943359375
12.587020794525825,43.02704066529245,136.1943359375
12.587019858258467,43.027042013191114,136.09434509277344
12.587018813778844,43.027043423883555,136.09434509277344
12.587017750843918,43.02704474746997,136.09434509277344
12.587016556469047,43.02704610103978,136.09434509277344
12.587015335895835,43.02704735412241,136.09434509277344
12.587013960176002,43.027048625846135,136.09434509277344
12.587012567037968,43.027049800218094,136.09434509277344
12.587011011372075,43.02705095152856,136.09434509277344
12.587009447794685,43.02705197094639,136.09434509277344
12.587007732357737,43.02705295200262,136.09434509277344
12.587006014386654,43.02705379597483,136.09434509277344
12.587004150660668,43.0270545914425,136.09434509277344
12.587002335693484,43.02705525710781,136.1943359375
12.587000383771318,43.027055873908786,136.1943359375
12.58699853645685,43.02705637156436,136.1943359375
12.58699659730244,43.027056822411616,136.1943359375
12.5869947129851,43.027057180944304,136.1943359375
12.586992708968628,43.027057478722085,136.1943359375
12.586990763565002,43.02705768800606,136.1943359375
12.58698867914821,43.02705782973319,136.1943359375
12.586986652275128,43.02705787688417,136.1943359375
12.586984512032515,43.027057858071714,136.1943359375
12.586982457292299,43.0270577550145,136.1943359375
12.586980235381477,43.0270575320409,136.1943359375
12.586978188055475,43.02705721724961,136.1943359375
12.58697609383761,43.027056791228546,136.1943359375
12.586974172559561,43.02705632148316,136.1943359375
12.586972183101361,43.02705576240443,136.1943359375
12.586970352031416,43.027055207266365,136.1943359375
12.586968442183341,43.02705457413724,136.1943359375
12.58696661842433,43.02705390471966,136.1943359375
12.586964761035949,43.02705316512384,136.1943359375
12.586963050387581,43.02705242497974,136.1943359375
12.586961319360608,43.02705161443468,136.1943359375
12.58695975601767,43.02705080807016,136.1943359375
12.586958168760036,43.027049949328934,136.1943359375
12.586956719515006,43.02704909586479,136.1943359375
12.586955261706622,43.02704815906398,136.1943359375
12.58695391473253,43.027047244742135,136.1943359375
12.586952547625922,43.027046257980444,136.1943359375
12.58695129644532,43.02704529900907,136.1943359375
12.586950021692784,43.02704431259006,136.1943359375
12.586948777628258,43.02704337320214,136.1943359375
12.586947450845233,43.02704240602389,136.1943359375
12.586946178940309,43.027041517967504,136.1943359375
12.586944814458626,43.0270405708867,136.1943359375
12.58694350097912,43.027039679060984,136.1943359375
12.586942105660002,43.027038754013674,136.1943359375
12.586940785269464,43.02703789239406,136.1943359375
12.586939373087324,43.02703699594234,136.1943359375
12.58693802912194,43.02703614396881,136.1943359375
12.586936647774307,43.02703527690079,136.1943359375
12.586935306064756,43.027034434316356,136.1943359375
12.586933900201863,43.027033557396656,136.1943359375
12.586932561987377,43.027032724595365,136.1943359375
12.58693117016919,43.02703187018889,136.1943359375
12.586929808491183,43.02703102979752,136.1943359375
12.586928367853416,43.02703014431113,136.1943359375
12.586927015582502,43.02702932290352,136.1943359375
12.586925592874161,43.0270284157777,136.1943359375
12.586924242396194,43.02702754603687,136.1943359375
12.586922829809778,43.02702662607817,136.1943359375
12.586921506937848,43.02702576106615,136.1943359375
12.586920147336972,43.027024833500235,136.1943359375
12.586918871066889,43.02702394979571,136.1943359375
12.586917567436863,43.027023042173035,136.1943359375
12.586916327895723,43.027022149010904,136.1943359375
12.586915023917054,43.02702120097061,136.1943359375
12.586913779404302,43.027020278938764,136.1943359375
12.58691247767267,43.02701931143498,136.1943359375
12.58691122323575,43.02701835871728,136.1943359375
12.586909907840262,43.02701734778042,136.1943359375
12.58690867040553,43.02701638728418,136.1943359375
12.586907345229418,43.027015357312166,136.1943359375
12.586906080507982,43.02701437783216,136.1943359375
12.586904751924704,43.02701335186935,136.1943359375
12.58690349391508,43.02701237756362,136.1943359375
12.586902160323572,43.02701133797978,136.1943359375
12.586900892504035,43.02701034253148,136.1943359375
12.58689955896672,43.027009313056325,136.1943359375
12.586898274971155,43.02700830530628,136.09434509277344
12.586896913176693,43.027007233049126,136.09434509277344
12.58689559871795,43.02700620883391,136.09434509277344
12.58689419033482,43.02700515535492,136.09434509277344
12.586892836840404,43.02700413228766,136.09434509277344
12.586891403001424,43.02700305586709,136.09434509277344
12.58689002743737,43.02700204931638,136.09434509277344
12.586888612139564,43.02700097928656,136.09434509277344
12.586887278604186,43.026999957281554,136.09434509277344
12.586885892936431,43.02699887734865,136.09434509277344
12.586884578709146,43.02699785676572,136.09434509277344
12.586883216114169,43.026996778666096,136.09434509277344
12.586881925827926,43.026995753131615,136.09434509277344
12.586880556518194,43.02699468543193,136.09434509277344
12.586879241846319,43.026993635173994,136.09434509277344
12.586877836570807,43.02699249697052,136.09434509277344
12.58687647986294,43.0269913739986,136.09434509277344
12.586875046861287,43.02699014867197,136.09434509277344
12.586873688216937,43.026988931792104,136.09434509277344
12.586872263557447,43.02698762295749,136.09434509277344
12.586870891212612,43.02698637775618,136.1943359375
12.586869462685996,43.02698507323919,136.1943359375
12.586868122310905,43.02698384575378,136.1943359375
12.586866740657138,43.026982553332935,136.1943359375
12.586865436281512,43.026981293842404,136.1943359375
12.586864060844436,43.02697998009052,136.1943359375
12.586862752819929,43.02697872848134,136.1943359375
12.58686138086181,43.026977424958076,136.1943359375
12.586860084684789,43.02697619462854,136.1943359375
12.586858714598703,43.026974920523266,136.1943359375
12.586857396103639,43.02697371304962,136.1943359375
12.58685601573743,43.026972449155814,136.1943359375
12.586854678003407,43.026971221464805,136.1943359375
12.586853273113158,43.0269699080984,136.1943359375
12.586851914361876,43.02696866539857,136.1943359375
12.586850514598508,43.026967334667525,136.1943359375
12.586849196651299,43.02696606977143,136.1943359375
12.586847815081004,43.02696474137052,136.1943359375
12.58684646025835,43.02696349915042,136.1943359375
12.586844997560352,43.0269621747673,136.1943359375
12.586843584666303,43.02696092906913,136.1943359375
12.586842076763912,43.02695964942977,136.1943359375
12.586840651322204,43.026958416341756,136.1943359375
12.586839146996903,43.02695712460624,136.1943359375
12.586837717969313,43.02695590603019,136.1943359375
12.586836193546661,43.026954654558075,136.1943359375
12.586834771034605,43.02695342755241,136.1943359375
12.586833269580351,43.026952130120044,136.1943359375
12.586831809639147,43.02695092006783,136.1943359375
12.586830269525317,43.02694962438308,136.1943359375
12.586828808013843,43.02694837590929,136.1943359375
12.586827277907682,43.026947056631904,136.1943359375
12.58682582958546,43.02694580808103,136.1943359375
12.586824303961649,43.02694447881489,136.1943359375
12.586822854291794,43.0269432204723,136.1943359375
12.586821322914165,43.02694191538134,136.1943359375
12.586819876244263,43.026940679080816,136.1943359375
12.5868183732256,43.02693938786787,136.1943359375
12.586816947004605,43.02693816561671,136.1943359375
12.586815402841987,43.02693690709423,136.1943359375
12.58681388642309,43.02693574510112,136.1943359375
12.586812231174234,43.02693458635478,136.1943359375
12.586810592278649,43.02693357185422,136.1943359375
12.5868088378965,43.02693257083762,136.1943359375
12.5868071145217,43.026931722607785,136.1943359375
12.586805244277986,43.026930952848744,136.1943359375
12.586803418623465,43.026930335782225,136.1943359375
12.58680147898236,43.02692984163901,136.1943359375
12.586799623725037,43.02692951828094,136.1943359375
12.586797668722589,43.02692932269531,136.1943359375
12.586795848939111,43.026929291821055,136.1943359375
12.586794003099392,43.02692942403926,136.1943359375
12.586792347604511,43.02692968515174,136.09434509277344
12.586790730968433,43.026930141233315,136.09434509277344
12.586789295208577,43.02693065694754,136.09434509277344
12.586787906686302,43.026931324797445,136.09434509277344
12.586786733973332,43.026932130845054,136.09434509277344
12.586785671075145,43.02693303858771,136.09434509277344
12.586784826259656,43.02693397742739,136.09434509277344
12.586784107090734,43.02693502878188,136.09434509277344
12.58678359998115,43.026936115542455,136.09434509277344
12.58678319046384,43.02693728128779,136.09434509277344
12.58678281137961,43.026938401989526,136.09434509277344
12.586782345132585,43.026939613994934,136.09434509277344
12.586781775539452,43.0269407143765,136.09434509277344
12.586781105143166,43.02694187317427,136.09434509277344
12.586780472457276,43.026942978815775,136.09434509277344
12.586779820881032,43.02694415720554,136.09434509277344
12.586779239311547,43.026945266890515,136.09434509277344
12.586778602336611,43.02694644396101,136.09434509277344
12.586777810418656,43.02694759033709,136.09434509277344
12.586777057816532,43.0269487756573,136.09434509277344
12.586776300456679,43.026949924294975,136.09434509277344
12.586775470886963,43.026951142425574,136.09434509277344
12.586774599423338,43.02695232252866,136.09434509277344
12.586773705530357,43.02695353217824,136.09434509277344
12.586772839187748,43.02695465588686,136.09434509277344
12.586771779183962,43.02695584516487,136.09434509277344
12.586770881365275,43.02695696231143,136.09434509277344
12.586769937398838,43.0269581522491,136.09434509277344
12.586769029947478,43.0269592985909,136.09434509277344
12.586767922999078,43.026960525485215,136.09434509277344
12.586766974052237,43.02696167067052,136.09434509277344
12.586765973180396,43.026962868146846,136.09434509277344
12.586764919422627,43.026964000987576,136.09434509277344
12.586763956800219,43.026965238573105,136.09434509277344
12.58676304150914,43.02696643591237,136.09434509277344
12.586762068632968,43.02696770288161,136.09434509277344
12.586761054870683,43.02696890360471,136.09434509277344
12.586760053787907,43.02697016651334,136.09434509277344
12.586759115212022,43.02697136953231,136.09434509277344
12.586758037431176,43.026972624156954,136.09434509277344
12.586757130108728,43.02697381389757,136.09434509277344
12.586756197415568,43.026975055003994,136.09434509277344
12.58675532474495,43.02697624208894,136.09434509277344
12.586754330365205,43.02697748902073,136.09434509277344
12.586753482455931,43.0269787132508,136.09434509277344
12.586752593473044,43.02698001123999,136.09434509277344
12.586751690802856,43.02698122282563,136.09434509277344
12.586750768070468,43.02698248570856,136.09434509277344
12.586749881724266,43.02698368206265,136.09434509277344
12.586748952300585,43.02698494602498,136.09434509277344
12.58674806725515,43.02698616225377,136.1943359375
12.58674717073723,43.0269874348856,136.1943359375
12.586746322113125,43.02698865250219,136.1943359375
12.586745391904293,43.02698993990295,136.1943359375
12.586744537749013,43.02699115035781,136.1943359375
12.586743623231344,43.02699240592479,136.1943359375
12.586742731025847,43.026993593934925,136.1943359375
12.586741770594818,43.02699483399622,136.1943359375
12.586740909900595,43.026996038317336,136.1943359375
12.586740036198755,43.026997311703006,136.09434509277344
12.586739177977142,43.02699850875956,136.09434509277344
12.586738338177124,43.02699975898092,136.09434509277344
12.586737539204622,43.027000918258416,136.09434509277344
12.586736707970884,43.027002108667226,136.09434509277344
12.58673589705716,43.02700321932024,136.09434509277344
12.586735077542006,43.02700439016275,136.09434509277344
12.58673430285039,43.02700550143257,136.09434509277344
12.586733455644227,43.02700665036152,136.09434509277344
12.586732672011339,43.02700776670281,136.09434509277344
12.586731843191625,43.02700894647181,136.09434509277344
12.586731041043382,43.027010077719126,136.09434509277344
12.586730173189085,43.0270112813035,136.09434509277344
12.586729347638851,43.027012449387556,136.09434509277344
12.58672846988236,43.027013700242875,136.09434509277344
12.586727605379572,43.02701490082891,136.09434509277344
12.586726679494879,43.02701617565379,136.09434509277344
12.586725766606092,43.02701740358468,136.09434509277344
12.586724782796487,43.02701871992371,136.09434509277344
12.586723818135045,43.02701999380627,136.09434509277344
12.586722829649734,43.0270213335666,136.09434509277344
12.586721889398081,43.02702261488503,136.09434509277344
12.586720867702319,43.027023961961305,136.09434509277344
12.58671990104871,43.02702524072686,136.09434509277344
12.586718872298368,43.02702658245752,136.09434509277344
12.586717885605994,43.027027856665605,136.09434509277344
12.58671681377817,43.027029207134284,136.09434509277344
12.586715809812622,43.02703049653966,136.09434509277344
12.586714759558705,43.02703187039538,136.09434509277344
12.586713757608763,43.02703318916734,136.09434509277344
12.586712736557528,43.0270345686942,136.09434509277344
12.586711756591622,43.02703589192084,136.09434509277344
12.586710724138223,43.02703729478333,136.09434509277344
12.586709750851918,43.02703863293311,136.09434509277344
12.586708747132459,43.027040024881664,136.09434509277344
12.586707774771897,43.02704135292276,136.09434509277344
12.586706713057191,43.02704276054833,136.09434509277344
12.586705688619293,43.02704409943487,136.09434509277344
12.586704609315024,43.0270455095105,136.09434509277344
12.586703585990387,43.0270468400702,136.09434509277344
12.586702458686805,43.027048211407305,136.09434509277344
12.586701350191523,43.02704949714613,136.09434509277344
12.586700116295763,43.02705081781988,136.09434509277344
12.586698848392684,43.02705200485339,136.09434509277344
12.58669743199181,43.027053207735264,136.09434509277344
12.58669598475937,43.027054304561645,136.09434509277344
12.586694377626976,43.02705542028611,136.09434509277344
12.586692783068612,43.027056449161584,136.09434509277344
12.586691077265813,43.0270574721603,136.09434509277344
12.586689394759535,43.027058389309104,136.09434509277344
12.586687531154395,43.027059289992756,136.09434509277344
12.586685744001244,43.027060099406995,136.09434509277344
12.58668382592817,43.027060892527395,136.09434509277344
12.586681961573044,43.02706160239682,136.09434509277344
12.586679939931207,43.02706230017007,136.09434509277344
12.586678031326763,43.0270629329565,136.09434509277344
12.586676019294165,43.02706357263053,136.09434509277344
12.586674044643814,43.027064154890674,136.09434509277344
12.586672003783521,43.02706474124569,136.09434509277344
12.586670056015592,43.02706527628629,136.09434509277344
12.58666800296798,43.02706582304611,136.09434509277344
12.586666036169099,43.027066328668745,136.09434509277344
12.586664012535127,43.02706685725008,136.09434509277344
12.586662108946237,43.0270673610737,136.09434509277344
12.586660073968664,43.02706787642806,136.09434509277344
12.586658151161293,43.027068368446805,136.09434509277344
12.586656108051024,43.02706887943217,136.09434509277344
12.586654148822326,43.027069363912226,136.09434509277344
12.586652071587574,43.027069881648146,136.09434509277344
12.586650107249582,43.02707037274168,136.09434509277344
12.586648026452373,43.027070887753396,136.09434509277344
12.586646017490024,43.02707137276458,136.09434509277344
12.586643885529504,43.027071863498314,136.09434509277344
12.586641825474173,43.02707231408858,136.09434509277344
12.586639636959815,43.027072765758234,136.09434509277344
12.586637542170635,43.027073180248514,136.09434509277344
12.58663533832839,43.027073590318366,136.09434509277344
12.586633248671948,43.02707395548169,136.09434509277344
12.586631047665593,43.02707431865754,136.1943359375
12.586628964126248,43.02707462998784,136.1943359375
12.586626782713358,43.027074927560044,136.1943359375
12.586624713611306,43.027075183463914,136.1943359375
12.58662256147142,43.02707543741459,136.1943359375
12.586620501205164,43.0270756402393,136.1943359375
12.58661833172178,43.02707582397746,136.1943359375
12.58661628683029,43.02707598242679,136.1943359375
12.586614087230169,43.027076133782884,136.1943359375
12.586611984870787,43.02707625503568,136.09434509277344
12.586609765466275,43.027076356448035,136.09434509277344
12.586607679301974,43.02707642496434,136.09434509277344
12.5866054697645,43.02707648299503,136.09434509277344
12.586603376100307,43.02707653175658,136.09434509277344
12.586601207155988,43.02707657208851,136.09434509277344
12.586599133436813,43.027076598919344,136.09434509277344
12.586596968054943,43.027076603134134,136.09434509277344
12.586594923350965,43.02707659232298,136.09434509277344
12.586592815765112,43.0270765674796,136.1943359375
12.586590792435812,43.027076524132184,136.1943359375
12.586588667717397,43.02707645952227,136.1943359375
12.586586675723572,43.02707638778488,136.1943359375
12.586584571700167,43.02707629947954,136.1943359375
12.58658258840152,43.02707621941534,136.1943359375
12.586580513862044,43.02707613037327,136.1943359375
12.586578562930102,43.02707602920074,136.1943359375
12.586576476906421,43.02707588622284,136.1943359375
12.586574519037102,43.02707571889842,136.1943359375
12.586572525660488,43.027075521881876,136.1943359375
12.586570600368788,43.02707529878838,136.1943359375
12.586568560820966,43.027075030171524,136.1943359375
12.5865666145999,43.027074735820364,136.1943359375
12.586564608075042,43.027074369457665,136.1943359375
12.58656268583018,43.02707396687505,136.1943359375
12.586560679164698,43.02707350358895,136.1943359375
12.586558826129753,43.027073035882445,136.1943359375
12.586556867369815,43.02707252152179,136.1943359375
12.586555031068999,43.0270720043684,136.1943359375
12.586553117378696,43.02707143012665,136.1943359375
12.58655131576486,43.027070842195336,136.1943359375
12.586549448222325,43.02707019254966,136.1943359375
12.586547716474652,43.027069528066484,136.1943359375
12.586545977344288,43.02706877001802,136.1943359375
12.586544378039978,43.02706797204881,136.1943359375
12.58654279422763,43.0270670444486,136.1943359375
12.58654137796747,43.02706608895527,136.1943359375
12.58653997966016,43.02706501726349,136.1943359375
12.586538680913865,43.02706392497741,136.1943359375
12.586537369488074,43.02706268995328,136.1943359375
12.586536194982129,43.02706142741299,136.1943359375
12.586535014382536,43.02706001449317,136.1943359375
12.586533984905703,43.02705859336648,136.09434509277344
12.586533021029464,43.027057030958105,136.09434509277344
12.586532241861425,43.027055490257695,136.09434509277344
12.586531560918482,43.027053833375966,136.09434509277344
12.586531022403104,43.02705222388512,136.09434509277344
12.58653059364392,43.02705050145116,136.09434509277344
12.586530329905742,43.02704883113688,136.09434509277344
12.586530240961842,43.027047042910816,136.09434509277344
12.586530322640396,43.02704534215058,136.09434509277344
12.586530576792928,43.02704353007488,136.09434509277344
12.586530907772438,43.027041847270404,136.09434509277344
12.586531371242168,43.02704008513846,136.09434509277344
12.586531932304215,43.02703839585757,136.09434509277344
12.586532670808946,43.027036698712486,136.09434509277344
12.58653353128061,43.02703514394564,136.09434509277344
12.586534579952582,43.02703357530078,136.09434509277344
12.586535689959556,43.02703212821709,136.09434509277344
12.58653691164455,43.027030684954156,136.09434509277344
12.58653814774341,43.0270293737723,136.09434509277344
12.586539564261471,43.02702805839277,136.09434509277344
12.586541011411889,43.02702688362675,136.09434509277344
12.586542599232041,43.027025689157334,136.09434509277344
12.586544083881819,43.027024549874454,136.09434509277344
12.586545648358527,43.0270233544627,136.09434509277344
12.58654701556475,43.02702216713788,136.09434509277344
12.586548428567191,43.02702091657384,136.09434509277344
12.586549868123923,43.027019749415004,136.09434509277344
12.586551297860474,43.02701848886221,136.09434509277344
12.586552642285785,43.027017300903466,136.09434509277344
12.586554025827697,43.02701605906029,136.09434509277344
12.5865552941057,43.02701487689263,136.09434509277344
12.586556558633761,43.02701363772225,136.09434509277344
12.586557743358329,43.027012438318415,136.09434509277344
12.586559017401887,43.0270112053332,136.09434509277344
12.586560206696717,43.027009974558176,136.09434509277344
12.586561465857695,43.02700867523259,136.09434509277344
12.586562672425703,43.027007443960706,136.09434509277344
12.586563938969382,43.027006192642794,136.09434509277344
12.58656514218587,43.02700496162791,136.09434509277344
12.586566398018766,43.02700365096003,136.09434509277344
12.586567575641885,43.02700240628986,136.09434509277344
12.586568813943794,43.02700105984751,136.09434509277344
12.586569991684105,43.02699976972253,136.09434509277344
12.586571230361008,43.02699841137251,136.09434509277344
12.586572409202867,43.026997133532156,136.09434509277344
12.586573669066967,43.026995778540275,136.09434509277344
12.58657489246286,43.02699449588545,136.09434509277344
12.586576189545156,43.026993153366654,136.09434509277344
12.586577455690401,43.026991887725266,136.09434509277344
12.586578789428383,43.0269905676683,136.09434509277344
12.586580035956716,43.0269893101481,136.09434509277344
12.586581316773607,43.026987977737996,136.09434509277344
12.58658252010728,43.02698670131971,136.09434509277344
12.586583781260412,43.026985355871105,136.09434509277344
12.586585003296939,43.026984075357944,136.09434509277344
12.58658627846549,43.02698273181114,136.09434509277344
12.586587499330156,43.02698145585546,136.09434509277344
12.586588799435841,43.02698011904207,136.09434509277344
12.586590059323381,43.02697885895189,136.09434509277344
12.58659143496702,43.02697755302995,136.09434509277344
12.586592789962527,43.02697631092978,136.09434509277344
12.58659424290187,43.02697501316332,136.09434509277344
12.586595615451769,43.026973761108685,136.09434509277344
12.586597036118139,43.02697243971532,136.09434509277344
12.586598355465703,43.026971173988244,136.09434509277344
12.586599720890716,43.026969842597545,136.09434509277344
12.586600998379534,43.02696852844302,136.09434509277344
12.586602319133329,43.02696710817302,136.09434509277344
12.586603563622633,43.026965735054034,136.09434509277344
12.586604850509753,43.02696427249034,136.09434509277344
12.586606064976074,43.02696288024196,136.09434509277344
12.586607340050877,43.02696142225289,136.09434509277344
12.586608562884273,43.02696004766044,136.09434509277344
12.586609890200492,43.02695862659375,136.09434509277344
12.586611160634737,43.026957285565565,136.09434509277344
12.586612486240034,43.02695587695482,136.09434509277344
12.586613758642997,43.026954526588945,136.09434509277344
12.586615100185554,43.02695309131012,136.09434509277344
12.586616369283881,43.02695171669197,136.09434509277344
12.586617692592338,43.026950269239904,136.09434509277344
12.58661895444858,43.02694888822245,136.09434509277344
12.586620279655444,43.02694743507354,135.9943389892578
12.586621526277536,43.02694606068669,135.9943389892578
12.58662284157049,43.02694461130711,135.9943389892578
12.586624099723664,43.02694323239706,135.9943389892578
12.586625432031994,43.026941783788494,135.9943389892578
12.586626716856655,43.02694041065238,135.9943389892578
12.586628077359874,43.026938958420104,135.9943389892578
12.58662937434841,43.02693758237132,135.9943389892578
12.586630720015902,43.026936149182774,135.9943389892578
12.586631990379821,43.02693476740289,135.9943389892578
12.586633306610247,43.02693329768601,135.9943389892578
12.586634533662313,43.02693189060014,135.9943389892578
12.586635813846408,43.02693040542897,135.9943389892578
12.586637024422167,43.02692899084726,135.9943389892578
12.586638302004744,43.026927505110706,135.9943389892578
12.586639513822677,43.02692611001819,135.9943389892578
12.586640819857953,43.02692465777735,135.9943389892578
12.586642077940825,43.0269232856778,135.9943389892578
12.586643423819266,43.026921851941005,135.9943389892578
12.586644714268848,43.02692049539856,135.9943389892578
12.586646102685723,43.02691907218162,135.9943389892578
12.58664745313441,43.026917712152525,135.9943389892578
12.586648894050498,43.026916275785744,135.9943389892578
12.586650263553581,43.02691490999128,136.09434509277344
12.586651690430806,43.026913472844925,136.09434509277344
12.586653039262318,43.02691209152763,136.09434509277344
12.586654441600842,43.02691062373826,136.09434509277344
12.586655779088778,43.026909224842136,136.09434509277344
12.586657190614673,43.02690775261523,136.09434509277344
12.586658557024057,43.02690634133169,136.09434509277344
12.586659983666912,43.026904873362426,136.09434509277344
12.58666133915458,43.02690348150811,136.09434509277344
12.586662763805277,43.026902022705194,136.09434509277344
12.586664113832082,43.026900634431755,136.09434509277344
12.586665538365596,43.02689916232049,136.09434509277344
12.586666884290903,43.02689776060164,136.09434509277344
12.586668304230733,43.026896294911104,136.09434509277344
12.58666963367972,43.02689488766676,136.09434509277344
12.586671028776175,43.02689340497137,136.09434509277344
12.586672353115864,43.026891993499355,136.09434509277344
12.586673721751765,43.02689051508302,136.09434509277344
12.586675011146646,43.02688909192177,136.09434509277344
12.586676329978587,43.026887575516476,136.09434509277344
12.58667753518722,43.026886109577504,136.09434509277344
12.586678782699918,43.02688455520042,136.09434509277344
12.58667992704226,43.0268830652062,136.09434509277344
12.58668106311128,43.02688147627968,135.9943389892578
12.586682062940136,43.026879943143655,135.9943389892578
12.586683031527265,43.026878303720835,135.9943389892578
12.586683854522795,43.02687670754689,135.9943389892578
12.586684555363869,43.02687498610666,135.9943389892578
12.586685056895385,43.026873320148546,135.9943389892578
12.58668534603942,43.026871553570494,135.9943389892578
12.58668537369515,43.02686987606021,135.9943389892578
12.58668513074554,43.02686812401126,135.9943389892578
12.58668470676738,43.026866495091205,135.9943389892578
12.586684057980069,43.02686482064781,135.9943389892578
12.586683222140849,43.02686325253622,135.9943389892578
12.586682198804414,43.02686169176627,135.9943389892578
12.586681056172887,43.026860297279875,135.9943389892578
12.58667968695098,43.026858935119854,135.9943389892578
12.586678173895285,43.02685774799212,135.9943389892578
12.586676560200495,43.026856527402906,135.9943389892578
12.586675020309336,43.0268553776901,135.9943389892578
12.586673431434551,43.026854157874006,135.9943389892578
12.586672037017808,43.02685295290182,135.9943389892578
12.586670632663692,43.026851678811525,135.9943389892578
12.586669307480253,43.02685047586753,135.9943389892578
12.58666775209706,43.02684929607287,135.9943389892578
12.586666145808357,43.026848233810924,135.9943389892578
12.586664257195736,43.026847221184326,135.9943389892578
12.586662274904864,43.026846264217575,135.9943389892578
12.586660205451274,43.02684529634433,135.9943389892578
12.58665828620639,43.02684429715666,135.9943389892578
12.586656322430908,43.026843197180916,135.9943389892578
12.58665447572398,43.02684210518935,135.9943389892578
12.586652588916072,43.02684100740885,135.9943389892578
12.586650767849372,43.02683996609132,135.9943389892578
12.586648781738255,43.0268388149768,135.9943389892578
12.586646890875722,43.02683771832601,135.9943389892578
12.586644864944883,43.02683654181394,135.9943389892578
12.586642875388478,43.02683545808925,135.9943389892578
12.58664067639769,43.02683436905216,135.9943389892578
12.586638553296435,43.0268334324168,135.9943389892578
12.586636316384377,43.02683242195645,135.9943389892578
12.586634161642971,43.0268313705859,135.9943389892578
12.586631962535034,43.02683028687483,135.9943389892578
12.586629892823609,43.026829236929196,135.9943389892578
12.586627723152711,43.02682813971004,135.9943389892578
12.586625537263277,43.02682719378825,135.9943389892578
12.586623111377396,43.02682636381872,135.9943389892578
12.586620658866929,43.026825764124894,135.9943389892578
12.586618011945328,43.02682518011983,135.9943389892578
12.58661550334982,43.026824633520306,135.9943389892578
12.586612897279208,43.02682398262845,135.9943389892578
12.58661051536152,43.02682331411493,135.9943389892578
12.586608092053819,43.02682258418878,135.9943389892578
12.586605891024055,43.02682192755432,135.9943389892578
12.586603646940244,43.026821242345164,135.9943389892578
12.586601546971472,43.02682057874008,135.9943389892578
12.586599364035179,43.0268198968596,135.9943389892578
12.586597299292439,43.02681923547651,135.9943389892578
12.586595120879492,43.02681856689476,135.9943389892578
12.586593010082714,43.02681803515026,135.9943389892578
12.586590689429677,43.02681766127786,135.9943389892578
12.586588431213231,43.026817348939886,135.9943389892578
12.586586011983568,43.02681695173821,135.9943389892578
12.586583766141956,43.02681655045668,135.9943389892578
12.586581433957873,43.026816108116115,135.9943389892578
12.586579221162634,43.02681567758581,135.9943389892578
12.58657683795586,43.02681523901245,135.9943389892578
12.586574587262739,43.026814820222775,135.9943389892578
12.586572198852917,43.02681438935514,135.9943389892578
12.586569882817024,43.026813928870354,135.9943389892578
12.586567501625856,43.02681344377562,135.9943389892578
12.58656523963604,43.02681298115237,135.9943389892578
12.586562866624437,43.02681251486153,135.9943389892578
12.586560585884898,43.026812078755384,135.9943389892578
12.586558199678166,43.02681165478714,135.9943389892578
12.586555904477892,43.0268112445031,135.9943389892578
12.586553405515017,43.026810751348194,135.9943389892578
12.58655104602664,43.02681027643068,135.9943389892578
12.586548544860685,43.026809750904434,135.9943389892578
12.58654615816178,43.02680924645759,135.9943389892578
12.586543600723228,43.02680870577797,135.9943389892578
12.586541214610255,43.026808247248546,135.9943389892578
12.586538712202136,43.026807798178865,135.9943389892578
12.586536304433238,43.026807370393115,135.9943389892578
12.586533820868594,43.026806991398885,135.9943389892578
12.58653147555971,43.026806665935716,135.9943389892578
12.586529027385165,43.02680634851878,135.9943389892578
12.586526690560522,43.026806050271944,135.9943389892578
12.586524218480061,43.02680579203581,135.9943389892578
12.586521823976568,43.02680564970475,135.9943389892578
12.586519239913404,43.02680566079438,135.9943389892578
12.586516799168434,43.026805822619046,135.9943389892578
12.586514259612448,43.02680615144686,135.9943389892578
12.586511894124191,43.02680659410656,135.9943389892578
12.58650941609072,43.026807080786114,135.9943389892578
12.586507110531238,43.026807517108566,135.9943389892578
12.5865047070279,43.026807932682516,135.9943389892578
12.586502439202244,43.026808323607995,135.9943389892578
12.586500076901425,43.026808702188895,135.9943389892578
12.58649783668473,43.02680907201464,135.9943389892578
12.586495486993098,43.02680947486709,135.9943389892578
12.586493274338485,43.02680989873788,135.9943389892578
12.586490947310569,43.026810308971584,135.9943389892578
12.586488737187167,43.0268106999838,135.9943389892578
12.586486405284328,43.026811102100574,135.9943389892578
12.586484210957575,43.02681146859921,135.9943389892578
12.586481918054163,43.02681181288873,135.9943389892578
12.5864797613206,43.026812083241374,135.9943389892578
12.586477485010686,43.02681228124517,136.09434509277344
12.586475367370294,43.026812376828936,135.9943389892578
12.586473161793705,43.026812379819745,135.9943389892578
12.586471056059384,43.02681227672722,135.9943389892578
12.586468874857442,43.02681214299595,135.9943389892578
12.586466831512826,43.02681196637989,135.9943389892578
12.586464713778684,43.02681173310594,135.9943389892578
12.586462708777239,43.026811430618565,135.9943389892578
12.586460634167455,43.026811073655665,135.9943389892578
12.586458676180941,43.026810668209635,135.9943389892578
12.586456631055098,43.02681011826083,135.9943389892578
12.586454720505383,43.02680958302102,135.9943389892578
12.586452752019037,43.0268089682139,135.9943389892578
12.586450932921094,43.02680833053371,135.9943389892578
12.58644907552685,43.02680755894348,135.9943389892578
12.586447374833401,43.02680679635466,135.9943389892578
12.586445652577778,43.0268059235598,135.9943389892578
12.586444089460423,43.02680497073927,135.9943389892578
12.586442566748723,43.02680396722329,135.9943389892578
12.58644122323749,43.02680297152654,135.9943389892578
12.586439918163181,43.02680189056991,135.9943389892578
12.58643877166464,43.02680081069267,135.9943389892578
12.586437693649456,43.02679964856674,135.9943389892578
12.58643678175681,43.02679851217512,135.9943389892578
12.586435944253687,43.02679727070459,135.9943389892578
12.586435284966667,43.02679607288881,135.9943389892578
12.586434746146615,43.026794779264335,135.9943389892578
12.58643439440191,43.02679353600873,135.9943389892578
12.586434203717312,43.02679220225043,135.9943389892578
12.58643418862385,43.02679095387732,135.9943389892578
12.586434331168665,43.0267896413751,135.9943389892578
12.586434600180338,43.02678840101612,135.9943389892578
12.586434987034005,43.02678712861401,135.9943389892578
12.58643545666769,43.02678593762322,135.9943389892578
12.586436053565109,43.02678470893045,135.9943389892578
12.5864367395237,43.02678355723475,135.9943389892578
12.586437528980756,43.0267824099442,135.9943389892578
12.586438381483747,43.026781355623015,135.9943389892578
12.5864393779846,43.02678025625179,135.9943389892578
12.586440430922114,43.02677926851996,135.9943389892578
12.586441631044933,43.026778282694195,135.9943389892578
12.586442856104876,43.02677739995949,135.9943389892578
12.586444199616187,43.02677653599143,135.9943389892578
12.58644556965835,43.0267757812551,135.9943389892578
12.586447077557835,43.02677505889362,135.9943389892578
12.586448574113739,43.02677443483719,135.9943389892578
12.586450198917728,43.026773872207094,135.9943389892578
12.586451772488102,43.026773444003744,135.9943389892578
12.586453443932015,43.02677312108598,135.9943389892578
12.586455029033457,43.026772941965845,135.9943389892578
12.586456715008397,43.0267728674395,135.9943389892578
12.586458311265917,43.02677288820839,135.9943389892578
12.586459939632334,43.02677301714606,135.9943389892578
12.586461503921576,43.026773176678034,135.9943389892578
12.586463133694224,43.02677336541379,135.9943389892578
12.58646468054623,43.026773532824926,135.9943389892578
12.58646627586627,43.02677373678367,135.9943389892578
12.586467818968336,43.02677386383074,135.9943389892578
12.58646944077236,43.02677396675726,135.9943389892578
12.586470975483927,43.02677409157539,135.9943389892578
12.586472632912425,43.026774144396995,135.9943389892578
12.58647421618577,43.026774179729735,135.9943389892578
12.58647588172352,43.02677420641493,135.9943389892578
12.586477454215775,43.026774234696745,135.9943389892578
12.586479130956485,43.02677425532478,135.9943389892578
12.586480736260757,43.02677428025114,135.9943389892578
12.586482422845071,43.026774333714194,135.9943389892578
12.586484057492655,43.026774367545634,135.9943389892578
12.586485779982679,43.0267744140097,135.9943389892578
12.586487413130278,43.02677447344106,135.9943389892578
12.58648911457374,43.026774552442994,135.9943389892578
12.586490748705705,43.02677463481002,135.9943389892578
12.586492476164413,43.026774719471305,135.9943389892578
12.586494120843094,43.02677476787172,135.9943389892578
12.5864958632547,43.026774851238926,135.9943389892578
12.58649751470671,43.02677500284752,135.9943389892578
12.586499240923239,43.026775249816126,135.9943389892578
12.58650085717265,43.02677554815937,135.9943389892578
12.586502556998942,43.02677590780336,135.9943389892578
12.586504160029799,43.02677628344617,135.9943389892578
12.586505838528295,43.02677664966427,135.9943389892578
12.586507460472946,43.02677701014884,135.9943389892578
12.5865091918691,43.02677737874621,135.9943389892578
12.586510879672154,43.026777721858366,135.9943389892578
12.586512691082742,43.02677810301576,135.9943389892578
12.586514436798984,43.02677845161735,135.9943389892578
12.586516277435692,43.02677882683616,135.9943389892578
12.58651802015197,43.02677920489415,135.9943389892578
12.586519829382889,43.02677963376851,135.9943389892578
12.586521543763658,43.02678005866149,135.9943389892578
12.586523340994754,43.02678049914025,135.9943389892578
12.586525051578704,43.026780912631985,135.9943389892578
12.586526830786639,43.026781357073254,135.9943389892578
12.586528529511396,43.02678178987321,135.9943389892578
12.586530305602192,43.02678227292211,135.9943389892578
12.58653204056079,43.02678273089552,135.9943389892578
12.586533893525448,43.026783206945424,135.9943389892578
12.58653567266307,43.0267836408079,135.9943389892578
12.586537546721154,43.026784070790484,135.9943389892578
12.586539323515057,43.02678448517101,135.9943389892578
12.586541183909281,43.02678492590478,135.9943389892578
12.58654294966429,43.02678535177751,135.9943389892578
12.586544811933482,43.02678585414054,135.9943389892578
12.586546559337183,43.026786396509976,135.9943389892578
12.586548368286856,43.02678701964873,135.9943389892578
12.58655007912862,43.026787585769775,135.9943389892578
12.586551886367387,43.02678817806471,135.9943389892578
12.586553615419813,43.02678871101397,135.9943389892578
12.586555416822726,43.026789220501236,135.9943389892578
12.586557169523243,43.026789716195076,135.9943389892578
12.58655904313603,43.026790226497255,135.9943389892578
12.586560851382606,43.02679071805554,135.9943389892578
12.586562815626872,43.02679121833363,135.9943389892578
12.586564714856483,43.02679172671258,135.9943389892578
12.586566761974511,43.02679226364321,135.9943389892578
12.586568739882631,43.026792762499234,135.9943389892578
12.586570859937067,43.02679331848966,135.9943389892578
12.586572894000595,43.02679384494859,135.9943389892578
12.586575042812417,43.02679439154779,135.9943389892578
12.586577096445959,43.02679490063779,135.9943389892578
12.586579259765372,43.026795448217875,135.9943389892578
12.586581334492355,43.0267959750848,135.9943389892578
12.586583533225308,43.02679652636677,135.9943389892578
12.586585635467502,43.02679705273682,135.9943389892578
12.586587832114526,43.02679757652722,135.9943389892578
12.586589825186438,43.02679802991022,135.9943389892578
12.586591603691222,43.02679840408997,135.9943389892578
12.58659335505579,43.02679877972392,135.9943389892578
12.586595190700365,43.02679915988964,135.9943389892578
12.586596876698726,43.02679949597765,135.9943389892578
12.58659868480465,43.02679986818707,135.9943389892578
12.586600372068615,43.02680020806369,135.9943389892578
12.586602121347278,43.026800553851324,135.9943389892578
12.586603750158984,43.026800867092,135.9943389892578
12.586605394181403,43.02680120219057,135.9943389892578
12.586606920057143,43.02680152029711,135.9943389892578
12.586608541228344,43.0268018722699,135.9943389892578
12.586609988519319,43.02680218859886,135.9943389892578
12.586611470239474,43.026802510810995,135.9943389892578
12.5866128523986,43.02680280692688,135.9943389892578
12.586614286306961,43.02680311019165,135.9943389892578
12.586615603451438,43.02680339871318,135.9943389892578
12.586616963532787,43.026803704087506,135.9943389892578
12.58661823769354,43.026803978548955,135.9943389892578
12.586619595056176,43.026804267912155,135.9943389892578
12.586620880583942,43.026804538126676,135.9943389892578
12.58662222461084,43.026804814436396,135.9943389892578
12.586623474584448,43.026805065279504,135.9943389892578
12.5866248062834,43.02680532828517,135.9943389892578
12.586626054124219,43.02680555699197,135.9943389892578
12.586627315722644,43.026805759157064,135.9943389892578
12.586628501314388,43.02680595615431,135.9943389892578
12.586629722296237,43.02680617510369,135.9943389892578
12.586630874325987,43.02680639251105,135.9943389892578
12.586632061159909,43.02680663386657,135.9943389892578
12.586633209767836,43.026806840141525,135.9943389892578
12.586634417999875,43.026807028863345,135.9943389892578
12.586635533889535,43.02680718292009,135.9943389892578
12.586636700801872,43.026807330830245,135.9943389892578
12.586637796934012,43.02680746544922,135.9943389892578
12.586638936471752,43.02680760573075,135.9943389892578
12.586639998432524,43.02680774663338,135.9943389892578
12.586641098947412,43.02680789617978,135.9943389892578
12.586642129525842,43.02680804317332,135.9943389892578
12.58664316811978,43.02680820103583,135.9943389892578
12.586644183698432,43.02680834415079,135.9943389892578
12.586645254166895,43.02680848902406,135.9943389892578
12.586646265479983,43.026808635469344,135.9943389892578
12.586647314784699,43.02680879169134,135.9943389892578
12.58664832525406,43.02680895660637,135.9943389892578
12.5866493771603,43.02680913313567,135.9943389892578
12.586650344786545,43.02680929453836,135.9943389892578
12.58665139777089,43.02680947286238,135.9943389892578
12.58665239063894,43.02680963132669,135.9943389892578
12.586653414959647,43.026809781228614,135.9943389892578
12.58665434635204,43.026809918107034,135.9943389892578
12.586655308470542,43.026810059410145,135.9943389892578
12.586656201801008,43.026810183113,135.9943389892578
12.5866570944518,43.02681027771912,135.9943389892578
12.586657974704341,43.02681030704926,135.9943389892578
12.586658893300049,43.02681024075811,135.9943389892578
12.586659728342307,43.026810082689956,135.9943389892578
12.586660547048872,43.026809810224506,135.9943389892578
12.58666130758443,43.02680947518802,135.9943389892578
12.586662112299042,43.02680903482205,135.9943389892578
12.586662926786948,43.02680852556069,135.9943389892578
12.586663799656803,43.0268079126896,135.9943389892578
12.586664676323478,43.02680722412974,135.89434814453125
12.586665620278199,43.026806380088914,135.89434814453125
12.586666475007679,43.026805456902665,135.89434814453125
12.586667359642973,43.02680441617301,135.89434814453125
12.586668237833072,43.02680339769105,135.89434814453125
12.586669155303849,43.02680236873847,135.89434814453125
12.58667019417907,43.02680139109389,135.89434814453125
12.586671369645996,43.026800377334304,135.89434814453125
12.586672512980568,43.026799376932296,135.9943389892578
12.586673659080711,43.02679825630335,135.9943389892578
12.586674754322226,43.026797090820324,135.9943389892578
12.586675831048384,43.02679576803164,135.9943389892578
12.586676795323076,43.026794412783794,135.9943389892578
12.58667769439562,43.026792881773375,135.9943389892578
12.58667849320405,43.026791379451694,135.9943389892578
12.586679323746388,43.02678978095085,135.9943389892578
12.586680152788738,43.02678822455951,135.89434814453125
12.586680931792749,43.026786613139556,135.89434814453125
12.586681574322215,43.02678504496741,135.89434814453125
12.586682182774076,43.026783323510564,135.89434814453125
12.586682679313558,43.0267816757201,135.89434814453125
12.586683163782919,43.02677991647732,135.89434814453125
12.586683612815293,43.02677821481589,135.89434814453125
12.586684064589786,43.02677636286322,135.89434814453125
12.586684350429238,43.026774573869616,135.89434814453125
12.586684528996857,43.026772673825874,135.89434814453125
12.586684570550911,43.02677083265827,135.89434814453125
12.58668462497198,43.026768899787555,135.89434814453125
12.586684673768113,43.02676705538977,135.89434814453125
12.586684650682452,43.02676509079501,135.89434814453125
12.586684410498421,43.02676318550954,135.89434814453125
12.586683877631243,43.02676120622509,135.89434814453125
12.58668314264209,43.026759355301664,135.89434814453125
12.586682121836892,43.026757493719145,135.89434814453125
12.586681029431189,43.026755789853524,135.89434814453125
12.586679749575158,43.02675408992856,135.89434814453125
12.586678413282472,43.02675257800798,135.89434814453125
12.586676901187719,43.02675106214458,135.89434814453125
12.58667537892125,43.02674974372176,135.89434814453125
12.586673698454014,43.02674845081051,135.89434814453125
12.586672032939687,43.026747325360716,135.89434814453125
12.586670253075498,43.026746193974226,135.89434814453125
12.586668518773138,43.026745188078905,135.89434814453125
12.586666650996193,43.02674420421065,135.89434814453125
12.58666480110179,43.02674338440718,135.89434814453125
12.586662815810966,43.02674259186505,135.89434814453125
12.58666088421466,43.02674196155444,135.89434814453125
12.586658780120915,43.02674144481232,135.89434814453125
12.586656759932179,43.02674109996922,135.89434814453125
12.586654599518967,43.0267408647796,135.89434814453125
12.586652539205842,43.026740662597355,135.89434814453125
12.58665032116069,43.026740408740885,135.89434814453125
12.586648290823685,43.02674012276795,135.89434814453125
12.586646187479952,43.02673979274513,135.89434814453125
12.586644177228582,43.02673950029152,135.89434814453125
12.586642080119121,43.02673917476193,135.89434814453125
12.586640066656857,43.02673884486332,135.89434814453125
12.58663792691522,43.02673847512536,135.89434814453125
12.586635862102158,43.026738099262246,135.89434814453125
12.586633705110781,43.02673770597878,135.89434814453125
12.586631652461604,43.02673734428068,135.89434814453125
12.58662942232288,43.026736955666046,135.89434814453125
12.586627362501929,43.02673652345983,135.89434814453125
12.586625191987311,43.02673597061762,135.89434814453125
12.58662312900235,43.02673532960712,135.89434814453125
12.586620918410212,43.02673446482208,135.89434814453125
12.586618886151356,43.02673357349318,135.89434814453125
12.586616716808583,43.026732579179956,135.89434814453125
12.586614554614124,43.02673160376055,135.89434814453125
12.586612237242282,43.02673060489845,135.89434814453125
12.586609940706078,43.02672965030892,135.89434814453125
12.586607440219796,43.02672865394399,135.89434814453125
12.586605028865016,43.02672764041573,135.89434814453125
12.586602529386546,43.02672664655654,135.89434814453125
12.586600165023254,43.02672569490112,135.89434814453125
12.586597586749061,43.026724607438105,135.89434814453125
12.586595204268837,43.02672366341562,135.89434814453125
12.586592697899835,43.02672269437413,135.89434814453125
12.586590304216665,43.02672180287395,135.89434814453125
12.586587724723758,43.02672079634038,135.89434814453125
12.586585317165785,43.026719932373496,135.89434814453125
12.5865827559304,43.02671900139375,135.89434814453125
12.586580243561473,43.02671798289679,135.89434814453125
12.58657758843686,43.026716977155615,135.89434814453125
12.586575033013897,43.026715987716834,135.89434814453125
12.586572328858777,43.026714912546986,135.89434814453125
12.586569751076773,43.026713839737276,135.89434814453125
12.58656703035158,43.026712721168636,135.89434814453125
12.586564421679402,43.02671166022378,135.89434814453125
12.586561627689662,43.026710499858325,135.89434814453125
12.586558948260727,43.0267094558498,135.89434814453125
12.586556090334446,43.02670837114526,135.89434814453125
12.586553348843934,43.02670734058641,135.89434814453125
12.586550427496721,43.02670623384839,135.89434814453125
12.586547647475534,43.02670522021304,135.89434814453125
12.586544703605226,43.026704161037195,135.89434814453125
12.586541863444324,43.0267031259166,135.89434814453125
12.586538966471776,43.026702035129716,135.9943389892578
12.58653622760623,43.02670098171924,135.9943389892578
12.58653331739165,43.02669982643379,135.9943389892578
12.586530460145037,43.026698647727045,135.89434814453125
12.586527420041769,43.02669738062929,135.89434814453125
12.58652449042124,43.026696162438725,135.89434814453125
12.586521362147412,43.02669490332516,135.89434814453125
12.586518362988848,43.02669378663268,135.89434814453125
12.586515131146227,43.02669275461328,135.89434814453125
12.586511968255701,43.026691969014486,135.89434814453125
12.586508473776362,43.026691387456914,135.89434814453125
12.586505167075497,43.02669111913146,135.89434814453125
12.586501685791317,43.02669115796434,135.89434814453125
12.586498412160328,43.02669146420619,135.89434814453125
12.586495200450312,43.02669212480019,135.89434814453125
12.586492340227279,43.02669303336533,135.89434814453125
12.586489594377555,43.02669425210426,135.89434814453125
12.586487212647436,43.02669562662825,135.89434814453125
12.586485065101344,43.02669724057383,135.89434814453125
12.586483327424164,43.026698915471336,135.89434814453125
12.586481831759015,43.02670082590971,135.89434814453125
12.586480734244198,43.026702730522736,135.89434814453125
12.586479921537645,43.026704808199824,135.89434814453125
12.58647946174772,43.02670681433653,135.89434814453125
12.586479277203697,43.02670899092019,135.89434814453125
12.586479435967075,43.0267109662511,135.89434814453125
12.586479916288164,43.0267129819482,135.89434814453125
12.586480613731036,43.02671496055586,135.89434814453125
12.58648170412119,43.02671684320383,135.89434814453125
12.58648302794537,43.02671852611535,135.89434814453125
12.586484688139533,43.02672014272931,135.89434814453125
12.586486465894433,43.026721554848024,135.89434814453125
12.586488522457676,43.026722816060364,135.89434814453125
12.586490607332985,43.026723803293116,135.89434814453125
12.586492804753481,43.02672471075295,135.89434814453125
12.586495072297929,43.02672527572547,135.89434814453125
12.586497512738223,43.02672574093475,135.89434814453125
12.586499830578774,43.02672622905999,135.89434814453125
12.586502220394822,43.026726968822906,135.89434814453125
12.586504585906557,43.02672772271654,135.89434814453125
12.586507109595622,43.02672858927485,135.89434814453125
12.58650936731987,43.02672942432919,135.89434814453125
12.586511830119186,43.02673033346818,135.89434814453125
12.586514135514589,43.02673120894441,135.89434814453125
12.586516542603796,43.02673213543524,135.89434814453125
12.586518765312936,43.02673310908136,135.89434814453125
12.586521116387356,43.02673409327306,135.89434814453125
12.586523332955966,43.026735048372295,135.89434814453125
12.586525689467814,43.02673605382219,135.89434814453125
12.586527911216049,43.02673703945308,135.89434814453125
12.586530277454326,43.02673809080325,135.89434814453125
12.586532547951837,43.02673910574503,135.89434814453125
12.586534979814134,43.02674023763915,135.89434814453125
12.586537244077352,43.02674130875695,135.89434814453125
12.586539582870701,43.02674247316589,135.89434814453125
12.586541734916834,43.026743670792136,135.89434814453125
12.58654400290656,43.026744873941745,135.89434814453125
12.586546155116762,43.026746021752736,135.89434814453125
12.58654841340351,43.0267472284254,135.89434814453125
12.58655053908286,43.0267484132723,135.89434814453125
12.586552814314674,43.0267496431778,135.89434814453125
12.586554984454292,43.02675082849587,135.89434814453125
12.586557187030936,43.02675212880448,135.89434814453125
12.586559392209116,43.026753295665614,135.89434814453125
12.586561754252154,43.026754476389776,135.89434814453125
12.586564032132369,43.026755554065346,135.89434814453125
12.586566325152969,43.02675670529658,135.89434814453125
12.586568574299218,43.02675777063187,135.89434814453125
12.586570939646872,43.026758895696176,135.89434814453125
12.586573102755356,43.02675998989903,135.89434814453125
12.586575445697108,43.02676111765756,135.89434814453125
12.586577712327498,43.026762179201,135.89434814453125
12.586580133783709,43.02676328587585,135.89434814453125
12.586582414593568,43.02676433222308,135.89434814453125
12.586584895064519,43.02676541293662,135.89434814453125
12.586587263599633,43.02676644027117,135.89434814453125
12.58658969267291,43.026767531739104,135.89434814453125
12.586592081129606,43.026768547494704,135.89434814453125
12.586594609013915,43.02676960349336,135.89434814453125
12.586597035954417,43.02677060407685,135.89434814453125
12.586599586572772,43.02677166637042,135.89434814453125
12.586602095238632,43.026772665434386,135.89434814453125
12.586604777737842,43.0267737044812,135.89434814453125
12.586607325379674,43.02677468205511,135.89434814453125
12.586610078213779,43.0267757077122,135.89434814453125
12.586612741189853,43.02677666954455,135.89434814453125
12.58661561474874,43.0267776624867,135.89434814453125
12.586618403886995,43.02677859802776,135.89434814453125
12.58662141136575,43.026779578519125,135.89434814453125
12.5866242889558,43.02678050653995,135.89434814453125
12.586627308082807,43.02678149120038,135.89434814453125
12.586630199992955,43.02678242084398,135.89434814453125
12.586633240518086,43.02678340348537,135.89434814453125
12.586636141240604,43.02678434563392,135.89434814453125
12.586639188773434,43.02678534340486,135.89434814453125
12.58664211143312,43.026786292016965,135.89434814453125
12.586645192152957,43.02678728954964,135.89434814453125
12.586648116617301,43.026788243077426,135.89434814453125
12.58665119250908,43.026789242058406,135.89434814453125
12.58665411012978,43.02679020322392,135.89434814453125
12.586657170506166,43.02679122645931,135.89434814453125
12.586660087587818,43.02679221292437,135.89434814453125
12.586663182979322,43.02679323397419,135.89434814453125
12.586666147521203,43.026794203401195,135.89434814453125
12.586669269795111,43.02679524025011,135.89434814453125
12.586672238250992,43.026796216839934,135.89434814453125
12.586675351876591,43.02679726122433,135.89434814453125
12.586678322980879,43.026798274529874,135.89434814453125
12.586681448184443,43.026799391610055,135.89434814453125
12.58668446913955,43.026800433258465,135.89434814453125
12.586687658467154,43.02680153036541,135.89434814453125
12.586690671734866,43.02680260330576,135.89434814453125
12.586693850820428,43.02680370301485,135.89434814453125
12.586696863842048,43.02680475082912,135.89434814453125
12.586700019935764,43.026805858815756,135.89434814453125
12.586703014781882,43.0268069323622,135.89434814453125
12.586706179723125,43.02680803113536,135.89434814453125
12.586709191818981,43.02680907249464,135.89434814453125
12.58671233525664,43.02681019073346,135.89434814453125
12.586715354828954,43.026811244274555,135.89434814453125
12.58671853962147,43.02681236286996,135.89434814453125
12.586721588794905,43.026813430747396,135.89434814453125
12.586724777220175,43.02681457309607,135.89434814453125
12.586727828081075,43.02681563843884,135.89434814453125
12.586731017514136,43.02681675498573,135.89434814453125
12.586734004415051,43.02681783641888,135.89434814453125
12.586737164422773,43.02681895270663,135.89434814453125
12.586740164507086,43.02682002124905,135.89434814453125
12.586743313815745,43.02682114993493,135.89434814453125
12.586746289783234,43.02682223292452,135.89434814453125
12.586749430842016,43.026823352321436,135.89434814453125
12.586752424610024,43.02682440928438,135.89434814453125
12.586755565950051,43.026825539248584,135.89434814453125
12.586758570850707,43.026826588461624,135.79434204101563
12.586761738580973,43.02682768756934,135.79434204101563
12.586764754590833,43.02682872774283,135.79434204101563
12.586767906899443,43.02682980891461,135.79434204101563
12.586770887870752,43.026830826819385,135.79434204101563
12.586773989273865,43.02683189694344,135.79434204101563
12.586776905136768,43.02683291353644,135.89434814453125
12.586779950571968,43.02683396617429,135.89434814453125
12.586782828232316,43.026834970999886,135.89434814453125
12.586785839378962,43.026836031087,135.89434814453125
12.58678868916082,43.02683703833911,135.89434814453125
12.58679168066128,43.026838113182336,135.89434814453125
12.586794522181545,43.026839131148144,135.89434814453125
12.586797510559007,43.02684020067681,135.89434814453125
12.586800360751024,43.02684120840223,135.89434814453125
12.58680336464388,43.02684226268007,135.89434814453125
12.58680621828115,43.02684326805607,135.89434814453125
12.586809213185854,43.02684432846765,135.89434814453125
12.586812042817623,43.02684533948374,135.89434814453125
12.586815000996316,43.02684640493467,135.89434814453125
12.586817797968417,43.02684742477231,135.89434814453125
12.586820745571092,43.026848511402214,135.89434814453125
12.586823550394639,43.026849551564304,135.89434814453125
12.586826508485444,43.02685064259962,135.89434814453125
12.586829316812842,43.02685167437706,135.89434814453125
12.586832260583533,43.02685275606399,135.89434814453125
12.586835030251338,43.02685378211247,135.89434814453125
12.586837902028952,43.026854859310454,135.89434814453125
12.586840602316935,43.026855893567955,135.89434814453125
12.58684341991958,43.02685698095387,135.89434814453125
12.58684608870511,43.02685801433328,135.89434814453125
12.586848899361575,43.02685908312521,135.89434814453125
12.586851558502719,43.026860099474064,135.89434814453125
12.586854344465209,43.026861164665846,135.89434814453125
12.586856974125345,43.02686218677365,135.89434814453125
12.586859743198453,43.026863276551815,135.89434814453125
12.586862392862201,43.02686432021339,135.89434814453125
12.586865200761881,43.02686541586187,135.89434814453125
12.586867883833825,43.02686644461313,135.89434814453125
12.586870701339805,43.026867525993794,135.89434814453125
12.586873385066523,43.026868539098,135.89434814453125
12.586876208633935,43.02686958522678,135.89434814453125
12.586878908707337,43.02687056973113,135.89434814453125
12.586881758103958,43.02687158777833,135.89434814453125
12.586884476008269,43.026872547139476,135.89434814453125
12.58688734528746,43.02687353665535,135.89434814453125
12.586890068157423,43.02687448916743,135.89434814453125
12.586892918749973,43.02687549441602,135.89434814453125
12.586895616505645,43.02687645373862,135.89434814453125
12.586898447526067,43.02687746642308,135.89434814453125
12.586901147247179,43.026878434993414,135.89434814453125
12.586903999514856,43.02687945509662,135.89434814453125
12.586906737620161,43.02688041928509,135.89434814453125
12.586909622273577,43.0268814301577,135.89434814453125
12.586912360160612,43.02688239334815,135.79434204101563
12.586915216607416,43.02688341708363,135.79434204101563
12.586917948195731,43.026884392305995,135.79434204101563
12.586920845968102,43.02688541196801,135.79434204101563
12.586923618946425,43.02688638498017,135.79434204101563
12.58692658332425,43.026887411683994,135.79434204101563
12.586929381099074,43.02688838442202,135.79434204101563
12.586932305648375,43.02688940817892,135.79434204101563
12.586935085335579,43.02689038570571,135.79434204101563
12.586938022678648,43.026891396925265,135.79434204101563
12.586940830546107,43.02689236579543,135.79434204101563
12.586943792562638,43.02689339314605,135.79434204101563
12.586946630579058,43.02689437336708,135.79434204101563
12.586949626330437,43.026895413028015,135.79434204101563
12.58695248404871,43.02689641147464,135.79434204101563
12.586955505384669,43.02689746988805,135.79434204101563
12.586958373052013,43.0268984804394,135.79434204101563
12.586961384658622,43.02689954698686,135.79434204101563
12.586964254854246,43.0269005628924,135.79434204101563
12.586967282805338,43.026901644684266,135.79434204101563
12.586970168147223,43.02690266823128,135.79434204101563
12.586973210895948,43.026903739477554,135.79434204101563
12.586976118018267,43.02690476000052,135.79434204101563
12.586979151037626,43.02690582507023,135.79434204101563
12.586981997909602,43.02690683323148,135.79434204101563
12.586984939377585,43.02690787602781,135.79434204101563
12.58698768906081,43.026908854102864,135.79434204101563
12.586990537920567,43.02690986724992,135.79434204101563
12.586993266203526,43.026910821852276,135.79434204101563
12.586996214414862,43.02691180857968,135.79434204101563
12.586999063223734,43.02691272808435,135.79434204101563
12.58700209344714,43.02691368166727,135.79434204101563
12.587004985119252,43.02691458222243,135.79434204101563
12.587008000456024,43.02691552181597,135.79434204101563
12.587010878028488,43.026916415603466,135.79434204101563
12.587013895696535,43.02691734908039,135.79434204101563
12.58701677586467,43.026918224458086,135.79434204101563
12.587019795861769,43.02691914187249,135.79434204101563
12.587022651256826,43.02692001934046,135.79434204101563
12.587025637070845,43.026920951712285,135.79434204101563
12.587028473320688,43.02692184188465,135.79434204101563
12.587031445380028,43.02692279398554,135.79434204101563
12.58703425788509,43.0269237322427,135.79434204101563
12.587037195207623,43.02692477733493,135.79434204101563
12.587039936305533,43.02692582618795,135.79434204101563
12.587042767402108,43.02692698321243,135.79434204101563
12.587045415343201,43.026928134694266,135.79434204101563
12.58704813572852,43.02692938765699,135.79434204101563
12.587050641769356,43.02693063213872,135.79434204101563
12.587053167643868,43.026932007031036,135.79434204101563
12.58705544900443,43.02693339126104,135.79434204101563
12.587057692888981,43.026934948006854,135.79434204101563
12.587059681408185,43.026936509207346,135.79434204101563
12.587061611539589,43.02693822953391,135.79434204101563
12.58706331886572,43.02693992095651,135.79434204101563
12.587064996209875,43.026941775111766,135.79434204101563
12.587066489906372,43.02694359052849,135.79434204101563
12.587067962298503,43.02694554993398,135.79434204101563
12.587069268872781,43.02694744389002,135.79434204101563
12.587070524998579,43.026949461146295,135.79434204101563
12.587071572252466,43.02695140203918,135.79434204101563
12.587072485123585,43.026953522087055,135.89434814453125
12.587073190833731,43.02695553656773,135.89434814453125
12.587073774905072,43.026957683120926,135.89434814453125
12.587074179412681,43.02695978432209,135.89434814453125
12.58707451166355,43.02696197172122,135.89434814453125
12.58707471562531,43.026964067559646,135.89434814453125
12.587074794022525,43.0269662952393,135.89434814453125
12.587074693500522,43.02696845453969,135.89434814453125
12.587074525450225,43.02697068956099,135.89434814453125
12.587074239487617,43.02697279890049,135.89434814453125
12.587073771183967,43.02697502992114,135.89434814453125
12.587073214580844,43.02697709898011,135.89434814453125
12.587072479492095,43.026979241918134,135.89434814453125
12.587071652324639,43.026981231238416,135.89434814453125
12.587070640331806,43.02698330668814,135.89434814453125
12.58706956714457,43.02698520864543,135.89434814453125
12.587068308973757,43.02698716781102,135.89434814453125
12.587066996891647,43.026989020784036,135.89434814453125
12.587065522981865,43.026990893049216,135.89434814453125
12.587064032214913,43.02699262569462,135.89434814453125
12.587062365839241,43.02699437910565,135.89434814453125
12.587060670249159,43.02699598448445,135.89434814453125
12.587058782732239,43.02699759736767,135.89434814453125
12.58705689083257,43.0269990781184,135.89434814453125
12.58705480911542,43.027000582941504,135.89434814453125
12.587052736280949,43.02700194163417,135.89434814453125
12.587050457545246,43.02700329479275,135.89434814453125
12.587048214902762,43.02700449748615,135.79434204101563
12.587045802305783,43.027005683645854,135.79434204101563
12.587043466582665,43.027006709934156,135.79434204101563
12.587040968202784,43.027007703103685,135.89434814453125
12.5870385561097,43.02700860455834,135.89434814453125
12.587035952344657,43.0270094445042,135.89434814453125
12.587033421709396,43.0270101556072,135.79434204101563
12.587030703090601,43.027010799496,135.79434204101563
12.58702808223989,43.02701130551265,135.79434204101563
12.587025288751128,43.0270117238065,135.79434204101563
12.58702262330832,43.02701202550782,135.79434204101563
12.587019842654337,43.027012233952256,135.79434204101563
12.5870171854702,43.02701234304032,135.79434204101563
12.587014403423181,43.0270123579977,135.79434204101563
12.587011777719537,43.02701228518088,135.79434204101563
12.587009054401626,43.027012123321974,135.89434814453125
12.58700646419941,43.027011865773254,135.89434814453125
12.587003748223918,43.02701149185473,135.89434814453125
12.587001191568332,43.027011047706566,135.89434814453125
12.586998543801187,43.02701046846184,135.89434814453125
12.586996081080626,43.02700982255122,135.89434814453125
12.586993572124326,43.02700903475922,135.89434814453125
12.586991275466334,43.02700818573258,135.89434814453125
12.586988933862747,43.02700719305986,135.89434814453125
12.586986758873849,43.02700616579488,135.79434204101563
12.586984518132725,43.02700504011592,135.79434204101563
12.586982301755247,43.0270040087561,135.79434204101563
12.586979928359115,43.027002949605986,135.79434204101563
12.586977630737495,43.02700195117648,135.79434204101563
12.5869752052252,43.02700088260299,135.79434204101563
12.586972857260578,43.02699987502428,135.79434204101563
12.586970405366845,43.02699880564554,135.79434204101563
12.586968112498576,43.02699777944287,135.79434204101563
12.586965657908102,43.02699674979639,135.79434204101563
12.5869633197241,43.02699577612461,135.79434204101563
12.586960851513707,43.02699475845434,135.79434204101563
12.586958502267368,43.026993799054644,135.79434204101563
12.586956028300234,43.02699279466274,135.79434204101563
12.586953684163205,43.02699184927813,135.79434204101563
12.586951277334723,43.026990905178536,135.79434204101563
12.586948936109755,43.026990018098765,135.79434204101563
12.586946478387501,43.02698912361738,135.79434204101563
12.586944159890722,43.02698830184998,135.79434204101563
12.586941780785477,43.026987515994115,135.79434204101563
12.58693952760219,43.02698675023566,135.79434204101563
12.586937197413208,43.026985961107314,135.79434204101563
12.58693500943792,43.026985280364606,135.79434204101563
12.586932703017125,43.026984509174866,135.79434204101563
12.586930515147305,43.026983752188684,135.89434814453125
12.586928213290896,43.026982904755485,135.89434814453125
12.586926025426926,43.02698210178335,135.89434814453125
12.586923719911393,43.02698118310963,135.89434814453125
12.586921435603553,43.026980220386044,135.79434204101563
12.586919210386633,43.02697927825676,135.79434204101563
12.586916979650255,43.026978294322085,135.79434204101563
12.586914740127874,43.02697731826017,135.79434204101563
12.586912415602324,43.02697658000968,135.79434204101563
12.586910143296222,43.02697563950853,135.79434204101563
12.586907871193727,43.026974678995614,135.79434204101563
12.58690559743305,43.02697375812927,135.79434204101563
12.586903522097115,43.026972886409965,135.79434204101563
12.586901263214653,43.026971960412176,135.89434814453125
12.586898965266835,43.02697075267355,135.89434814453125
12.586896692789335,43.02696980890848,135.89434814453125
12.586894287294312,43.02696898200146,135.89434814453125
12.586891996389356,43.02696804169733,135.89434814453125
12.586889720138476,43.02696706852285,135.89434814453125
12.586887412039447,43.02696607569642,135.89434814453125
12.586885104637682,43.026964986923204,135.89434814453125
12.586882820664277,43.02696392626582,135.89434814453125
12.586880462491788,43.026962866079614,135.89434814453125
12.58687819328382,43.026961774350916,135.89434814453125
12.586875854798526,43.02696071076373,135.89434814453125
12.586873573795769,43.02695958346619,135.89434814453125
12.586871185459666,43.02695839791523,135.89434814453125
12.586868875362613,43.026957238432665,135.89434814453125
12.586866635225446,43.02695591041789,135.89434814453125
12.586864301117059,43.02695470678268,135.89434814453125
12.586861899906632,43.02695364254444,135.89434814453125
12.586859521576717,43.026952401738406,135.89434814453125
12.586857495883596,43.02695121599042,135.89434814453125
12.586855085783167,43.0269499361632,135.89434814453125
12.586852418941977,43.02694856676282,135.89434814453125
12.58684996413666,43.026947326299485,135.89434814453125
12.586847573703666,43.026946003536096,135.89434814453125
12.586845113216324,43.02694479452103,135.89434814453125
12.586842741048185,43.02694380466723,135.89434814453125
12.586840272007182,43.02694259681722,135.89434814453125
12.586837591258075,43.02694116375785,135.89434814453125
12.58683506206397,43.026939884504586,135.89434814453125
12.586832602762366,43.02693842661041,135.89434814453125
12.58682999404016,43.02693709397819,135.89434814453125
12.58682734703191,43.02693575548636,135.89434814453125
12.586824661813084,43.02693440085491,135.89434814453125
12.58682198534508,43.02693320680582,135.89434814453125
12.586819255761181,43.02693184668314,135.89434814453125
12.586816244615138,43.02693032084667,135.89434814453125
12.586813460454918,43.02692895233721,135.89434814453125
12.58681080275862,43.02692762689244,135.89434814453125
12.586808044200561,43.026926251255496,135.89434814453125
12.586805477630817,43.026924880792826,135.89434814453125
12.586802734293734,43.026923466014736,135.89434814453125
12.586800048151009,43.026922063254496,135.89434814453125
12.586797267686114,43.02692062528764,135.89434814453125
12.586794444681747,43.02691929241555,135.89434814453125
12.586791620669588,43.026917878468446,135.89434814453125
12.58678851045471,43.02691641731038,135.89434814453125
12.586785652517282,43.026914994222615,135.89434814453125
12.586782968275514,43.026913500348414,135.89434814453125
12.586780087932162,43.02691204445885,135.89434814453125
12.586777390767699,43.02691059406052,135.89434814453125
12.586774497510492,43.0269091167714,135.79434204101563
12.586771601001379,43.02690772537178,135.89434814453125
12.586768707914095,43.02690624255287,135.89434814453125
12.586765749624673,43.0269046294391,135.89434814453125
12.586762889298157,43.026903157529865,135.89434814453125
12.586759826063059,43.02690171084092,135.89434814453125
12.586757025606733,43.0269002837868,135.89434814453125
12.586754242914278,43.02689902013777,135.89434814453125
12.586751476879762,43.02689765835744,135.89434814453125
12.586749125559692,43.02689651967906,135.89434814453125
12.586746356648254,43.02689516017746,135.89434814453125
12.586743371286023,43.02689358586215,135.89434814453125
12.586740548850011,43.026892168655415,135.89434814453125
12.586737644378132,43.02689075414291,135.89434814453125
12.586734811588764,43.02688933786566,135.89434814453125
12.58673179191159,43.02688778665469,135.89434814453125
12.586728951073047,43.02688636117256,135.89434814453125
12.58672607977644,43.02688487818659,135.89434814453125
12.58672322019989,43.026883436967466,135.89434814453125
12.586720567853103,43.02688218589429,135.89434814453125
12.586717672568572,43.02688071802421,135.89434814453125
12.586714681754227,43.026879262982746,135.89434814453125
12.586711741458663,43.02687775104997,135.89434814453125
12.586708709537065,43.02687617435743,135.89434814453125
12.586705781815548,43.0268746578415,135.89434814453125
12.586702733851242,43.026873131576686,135.89434814453125
12.586699910694582,43.02687155221558,135.89434814453125
12.586697218762525,43.026869793691,135.89434814453125
12.586694655371511,43.02686800680214,135.89434814453125
12.586692662746838,43.02686615589451,135.89434814453125
12.586690507888747,43.02686417565149,135.89434814453125
12.58668838285591,43.02686223067535,135.89434814453125
12.586686576765993,43.02686013224433,135.89434814453125
12.58668492922837,43.0268580769401,135.89434814453125
12.586683433447767,43.02685585489406,135.89434814453125
12.586681571636039,43.02685342210241,135.89434814453125
12.58668034333187,43.02685098462694,135.89434814453125
12.58667936525287,43.02684835595824,135.89434814453125
12.586678214326346,43.02684577444272,135.89434814453125
12.586676995067332,43.02684322980136,135.89434814453125
12.586675692432165,43.026840643160824,135.89434814453125
12.586674241661038,43.026838055112805,135.89434814453125
12.586672867026964,43.026835488313424,135.89434814453125
12.58667154160941,43.02683286041195,135.89434814453125
12.58667008220317,43.026830314586,135.89434814453125
12.586668577538314,43.02682738978339,135.89434814453125
12.586667059269686,43.02682482790538,135.89434814453125
12.58666565764626,43.0268222243435,135.89434814453125
12.586664128186394,43.02681968167679,135.89434814453125
12.586663018542945,43.02681762730101,135.89434814453125
12.586661517256024,43.02681515475039,135.89434814453125
12.586659843808572,43.026812406110786,135.89434814453125
12.58665833688205,43.02680992864505,135.89434814453125
12.586656876349362,43.02680749858086,135.89434814453125
12.586655391512355,43.02680503716692,135.89434814453125
12.586653676688105,43.02680234877246,135.89434814453125
12.586652178247313,43.02679987797803,135.89434814453125
12.586650873700558,43.02679757390181,135.89434814453125
12.586649403054743,43.02679513674872,135.89434814453125
12.586647882420463,43.02679276420228,135.89434814453125
12.586646418184706,43.02679036843586,135.89434814453125
12.58664506690428,43.026787992004444,135.89434814453125
12.586643625953329,43.02678563307741,135.89434814453125
12.586642085290519,43.02678336480456,135.89434814453125
12.58664064899333,43.02678104166361,135.89434814453125
12.586639259967377,43.026778815613035,135.89434814453125
12.58663784888707,43.02677653567993,135.89434814453125
12.586636303397693,43.026774202169975,135.89434814453125
12.586634885661235,43.02677194226087,135.89434814453125
12.586633660765623,43.026770080619244,135.89434814453125
12.586632278348954,43.02676787781722,135.89434814453125
12.586630861714076,43.02676555354298,135.89434814453125
12.586629652991638,43.026763587049615,135.89434814453125
12.586628635350785,43.02676186026901,135.89434814453125
12.58662778524014,43.02676049993016,135.89434814453125
12.586626875667951,43.02675954172179,135.89434814453125
12.586626292903341,43.026758674622116,135.89434814453125
12.586625881604883,43.02675792403778,135.89434814453125
12.586625462806516,43.02675725400163,135.89434814453125
12.586624946509616,43.02675643361602,135.89434814453125
12.586624558109229,43.026755881348116,135.89434814453125
12.586624323995583,43.02675539001713,135.89434814453125
12.586623998477064,43.026754953437894,135.89434814453125
12.586623934845226,43.02675470839884,135.89434814453125
12.586623700028461,43.0267543735082,135.89434814453125
12.586623523242066,43.02675410602871,135.89434814453125
12.586623324401305,43.02675384523125,135.89434814453125
12.586623199832864,43.02675387444362,135.89434814453125
12.586623015151119,43.02675369533156,135.89434814453125
12.586622888449915,43.02675350970668,135.89434814453125
12.586622768686105,43.02675339415293,135.89434814453125
12.58662267022666,43.026753519217856,135.89434814453125
12.586622599376168,43.02675348680798,135.89434814453125
12.586622452612758,43.02675346870874,135.89434814453125
12.586622404847859,43.02675348285019,135.89434814453125
12.586622389707468,43.02675343554501,135.89434814453125
12.586622371778056,43.0267534822077,135.89434814453125
12.586622358676692,43.026753587554275,135.89434814453125
12.586622346653435,43.02675366850295,135.89434814453125
12.586622407868294,43.02675381992326,135.89434814453125
12.586622402759,43.02675392204232,135.89434814453125
12.586622303643308,43.02675413439738,135.89434814453125
12.586622304463612,43.02675423224596,135.89434814453125
12.586622401891844,43.02675432526079,135.89434814453125
12.586622456055098,43.02675444243795,135.89434814453125
12.586622521890048,43.02675454079839,135.79434204101563
12.586622598271708,43.02675468940882,135.79434204101563
12.586622571951795,43.02675469798406,135.79434204101563
12.586622656911457,43.026754814484434,135.79434204101563
12.586622723308889,43.02675500013929,135.79434204101563
12.586622785604817,43.02675506554371,135.79434204101563
12.586622745925716,43.02675494919967,135.79434204101563
12.586622761534851,43.02675498116409,135.79434204101563
12.586622910595116,43.02675505327194,135.79434204101563
12.586622967688008,43.02675508243291,135.79434204101563
12.586622887837642,43.02675514823141,135.79434204101563
12.586622912095082,43.02675516613576,135.79434204101563
12.586622855634992,43.02675507435667,135.79434204101563
12.586622860509916,43.026755103856026,135.79434204101563
12.586622744589786,43.02675508984094,135.79434204101563
12.586622733339954,43.02675512865656,135.79434204101563
12.586622704676323,43.02675514496965,135.79434204101563
12.586622690332787,43.02675519227698,135.79434204101563
12.586622715293345,43.02675514506389,135.79434204101563
12.586622699285773,43.02675518163074,135.79434204101563
12.586622690871833,43.02675524764341,135.79434204101563
12.58662266698938,43.02675527528165,135.79434204101563
12.586622506585549,43.02675515377404,135.79434204101563
12.586622481976548,43.02675514466979,135.79434204101563
12.586622432313238,43.026755213181794,135.79434204101563
12.58662241759471,43.02675520581231,135.79434204101563
12.586622392751336,43.02675517078102,135.79434204101563
12.58662239150917,43.02675517308975,135.79434204101563
12.586622454953524,43.02675506431438,135.79434204101563
12.586622448156747,43.02675506497187,135.79434204101563
12.586622425258653,43.02675496309268,135.79434204101563
12.58662242085248,43.02675497846986,135.79434204101563
12.586622274159389,43.02675504671629,135.79434204101563
12.586622306502658,43.02675506255606,135.79434204101563
12.586622579592298,43.026755053124155,135.79434204101563
12.586622634903959,43.026755056878514,135.79434204101563
12.586622610107456,43.02675514015517,135.79434204101563
12.586622659255157,43.02675516785338,135.79434204101563
12.586622705684144,43.02675516434961,135.79434204101563
12.586622746652278,43.026755185627096,135.79434204101563
12.5866228176434,43.026755170371985,135.79434204101563
12.586622878509676,43.02675519292162,135.79434204101563
12.586622920860595,43.026755304151365,135.79434204101563
12.586622966445839,43.026755354788996,135.79434204101563
12.586623175083314,43.02675534282349,135.79434204101563
12.58662319924701,43.026755385151425,135.79434204101563
12.586623221723233,43.02675544065278,135.79434204101563
12.586623237590178,43.026755465288396,135.79434204101563
12.586623248652502,43.02675561332486,135.79434204101563
12.586623224980977,43.026755652416746,135.79434204101563
12.58662314993523,43.026755439040095,135.79434204101563
12.586623128748055,43.02675541868567,135.79434204101563
12.586623149044634,43.02675559418044,135.79434204101563
12.586623188911243,43.02675553512819,135.79434204101563
12.586623352619743,43.02675523022517,135.79434204101563
12.586623544007514,43.02675514567422,135.79434204101563
12.586623700989543,43.02675519432011,135.79434204101563
12.586623987907114,43.026755172175264,135.79434204101563
12.586624374104451,43.02675526317909,135.79434204101563
12.58662480363708,43.02675533479652,135.79434204101563
12.586625322957444,43.02675544504111,135.79434204101563
12.586626035751467,43.026755629273936,135.79434204101563
12.58662692507408,43.02675573514737,135.79434204101563
12.586628000745455,43.026755985305044,135.79434204101563
12.586629166720147,43.02675636161131,135.79434204101563
12.586630572128731,43.02675667485186,135.79434204101563
12.58663225615812,43.02675706955935,135.6943359375
12.586633981858757,43.02675743878313,135.6943359375
12.58663586151801,43.02675773940067,135.6943359375
12.58663787901112,43.02675814862654,135.6943359375
12.586640070759426,43.026758660108555,135.6943359375
12.586642395372921,43.02675912050103,135.6943359375
12.586645083695796,43.02675969735749,135.6943359375
12.586647803869749,43.02676020451332,135.6943359375
12.586650614427567,43.02676087791837,135.6943359375
12.586653652256876,43.02676145046579,135.6943359375
12.586656981784913,43.02676204393303,135.6943359375
12.586660304199771,43.02676263853749,135.6943359375
12.58666365833681,43.02676327341282,135.6943359375
12.586667224193317,43.026763873691635,135.6943359375
12.586671361762383,43.02676443212544,135.6943359375
12.586675211302113,43.02676504525214,135.6943359375
12.586678808681578,43.026765635519716,135.6943359375
12.586682846878615,43.02676625588096,135.59434509277344
12.586686827139024,43.0267668211756,135.59434509277344
12.586691044313831,43.026767431256836,135.59434509277344
12.586695848718067,43.02676821921761,135.59434509277344
12.586700263760981,43.026768859096954,135.59434509277344
12.586704651312129,43.02676957568232,135.59434509277344
12.586709210598965,43.02677022624538,135.59434509277344
12.586713802006392,43.0267707900018,135.59434509277344
12.58671842204228,43.026771542853695,135.59434509277344
12.586723503989164,43.02677250713281,135.59434509277344
12.586728067600093,43.02677359974129,135.59434509277344
12.586731988678642,43.02677496528465,135.59434509277344
12.586736236884137,43.026776551084474,135.59434509277344
12.58673986263418,43.02677800793487,135.59434509277344
12.586743883440814,43.02677976547392,135.59434509277344
12.586748467417188,43.026781488646634,135.59434509277344
12.586752601729932,43.026783142504165,135.59434509277344
12.586757048259116,43.02678455671791,135.59434509277344
12.586761170419653,43.02678611491019,135.59434509277344
12.586765288759938,43.02678788332922,135.59434509277344
12.586769168527569,43.02678934674456,135.59434509277344
12.586772256980908,43.026790615559236,135.59434509277344
12.586775361951595,43.02679170218319,135.59434509277344
12.586778342072604,43.026792751877274,135.4943389892578
12.586780795748437,43.026793516588036,135.4943389892578
12.58678338809016,43.0267941939883,135.39434814453125
12.586785354783117,43.02679474705934,135.29434204101563
12.586787069148798,43.02679543681171,135.09434509277344
12.586788716838761,43.026795901643844,134.9943389892578
12.586790181783433,43.0267964878615,134.79434204101563
12.586791564827001,43.02679686369657,134.59434509277344
12.586792612748656,43.02679718133499,134.39434814453125
12.586793704058335,43.02679745070982,134.1943359375
12.586794480595401,43.026797769092504,133.9943389892578
12.586795234216785,43.02679804830623,133.6943359375
12.586795708842406,43.02679810809737,133.59434509277344
12.586796226358029,43.02679844918816,133.39434814453125
12.586796747972242,43.026798838436505,133.29434204101563
12.586797237251972,43.02679910060249,133.1943359375
12.586797559621125,43.02679929482405,133.09434509277344
12.586798000435765,43.02679959391674,132.9943389892578
12.586798290379644,43.02679967224189,132.9943389892578
12.586798762236807,43.02680005095327,132.9943389892578
12.586798896839293,43.0268004983951,132.9943389892578
12.58679942886255,43.026801004293795,132.9943389892578
12.586799920193059,43.02680156204014,132.9943389892578
12.586800509794035,43.0268021795455,132.9943389892578
12.586800889575414,43.026802794658614,132.9943389892578
12.586801403607682,43.026803562594814,132.9943389892578
12.586801806644528,43.02680428763554,132.9943389892578
12.586802073237614,43.02680521584783,132.9943389892578
12.586802148444454,43.02680622970975,133.09434509277344
12.586802229132667,43.02680724918712,133.09434509277344
12.586802179229089,43.026808302382925,133.09434509277344
12.586802087771455,43.02680940166318,133.09434509277344
12.586802233696984,43.0268105712737,133.09434509277344
12.586802120609825,43.02681173962705,133.09434509277344
12.586802232695067,43.02681314900385,133.1943359375
12.58680219799345,43.02681437912722,133.1943359375
12.586802300097329,43.02681578271936,133.1943359375
12.586802256070643,43.02681704447305,133.1943359375
12.586802263301006,43.02681825699513,133.1943359375
12.586802263359619,43.02681960690207,133.1943359375
12.586802486991035,43.02682112918768,133.1943359375
12.586802569280316,43.026822582815655,133.29434204101563
12.586802783153074,43.02682415884324,133.29434204101563
12.586802890171468,43.02682570009011,133.29434204101563
12.586803033527715,43.02682740748874,133.29434204101563
12.586803170831322,43.02682902516857,133.29434204101563
12.586803503814593,43.02683054413404,133.29434204101563
12.586803679203562,43.02683221863824,133.29434204101563
12.586803900876475,43.02683392822633,133.29434204101563
12.586804067757745,43.02683566963865,133.29434204101563
12.58680428851953,43.02683747885053,133.29434204101563
12.586804437289755,43.02683929216809,133.29434204101563
12.586804780529707,43.026841124537135,133.29434204101563
12.586804964128982,43.026843006849624,133.29434204101563
12.586805239726399,43.026845162580464,133.29434204101563
12.586805457918901,43.02684710381402,133.29434204101563
12.586805752418377,43.0268487455844,133.29434204101563
12.586806001101165,43.0268506936531,133.29434204101563
12.586806256952787,43.026852549241305,133.29434204101563
12.586806534851416,43.026854501919935,133.29434204101563
12.586806869172037,43.02685640253995,133.29434204101563
12.586807106689925,43.02685833097594,133.29434204101563
12.586807435173249,43.02686042568686,133.29434204101563
12.586807633439792,43.02686236651029,133.29434204101563
12.586807886243093,43.026864586633074,133.29434204101563
12.586808079832439,43.026866560384654,133.29434204101563
12.586808277987645,43.02686832988739,133.29434204101563
12.586808426643596,43.026870277114405,133.29434204101563
12.586808510639402,43.02687204477101,133.29434204101563
12.58680865715232,43.02687393807507,133.29434204101563
12.586808886118598,43.026875824393,133.29434204101563
12.586809054583322,43.026877592623514,133.29434204101563
12.586809077797803,43.026879090069905,133.29434204101563
12.586809177850967,43.02688033590442,133.29434204101563
12.586809217017352,43.02688112583758,133.29434204101563
12.586809262400452,43.02688190402584,133.29434204101563
12.586809455209073,43.02688282107139,133.29434204101563
12.586809508294213,43.026883349785216,133.29434204101563
12.58680942264753,43.0268837073197,133.29434204101563
12.586809465291417,43.02688407232006,133.29434204101563
12.586809223015768,43.02688455338177,133.29434204101563
12.586809246625762,43.026884872104965,133.29434204101563
12.58680923041019,43.02688496676672,133.29434204101563
12.586809260049394,43.0268852225591,133.29434204101563
12.586809285135933,43.02688551395888,133.29434204101563
12.586809316412804,43.02688570389494,133.29434204101563
12.586809261710492,43.02688571978611,133.29434204101563
12.586809253853183,43.02688584453833,133.29434204101563
12.586809312572024,43.0268856938719,133.29434204101563
12.58680930059858,43.02688575440403,133.29434204101563
12.586809267865688,43.02688585336627,133.29434204101563
12.586809307240108,43.02688588505868,133.29434204101563
12.586809423207114,43.026885788893445,133.29434204101563
12.58680947086068,43.026885785188355,133.29434204101563
12.58680947900215,43.02688579704036,133.29434204101563
12.586809479412294,43.02688578037389,133.1943359375
12.586809470040368,43.02688570169324,133.1943359375
12.58680947418289,43.02688567575335,133.1943359375
12.58680955497953,43.026885695979274,133.1943359375
12.586809583947847,43.02688566552473,133.1943359375
12.586809763183428,43.02688569657465,133.1943359375
12.586809804385931,43.02688565918967,133.1943359375
12.586809767267342,43.02688568286368,133.1943359375
12.586809780075734,43.02688564308003,133.1943359375
12.586809663707358,43.02688553170467,133.29434204101563
12.58680962688174,43.02688548923538,133.29434204101563
12.586809664641923,43.026885414512535,133.1943359375
12.586809670785398,43.02688538066132,133.1943359375
12.586809843640223,43.02688546995607,133.1943359375
12.58680988350681,43.02688543921027,133.1943359375
12.586809828675605,43.02688536902349,133.1943359375
12.586809873065564,43.026885338303394,133.1943359375
12.586809873212042,43.0268854122852,133.1943359375
12.586809895864038,43.026885390534424,133.1943359375
12.58680982890703,43.02688530361691,133.1943359375
12.586809825098497,43.02688526945302,133.1943359375
12.586809845772986,43.02688529247167,133.1943359375
12.586809833166727,43.026885252979284,133.1943359375
12.586809923531577,43.02688527459729,133.1943359375
12.586809924026689,43.02688522766046,133.1943359375
12.586809892946107,43.026885234565206,133.1943359375
12.586809899236052,43.0268851768001,133.1943359375
12.586809918308026,43.026885214035154,133.1943359375
12.586809922532572,43.02688516381302,133.1943359375
12.586809927527613,43.02688508535083,133.29434204101563
12.586809924773744,43.026885035989636,133.29434204101563
12.58680990180534,43.02688484526116,133.29434204101563
12.586809898925505,43.02688479700935,133.29434204101563
12.586809893370901,43.026884804432385,133.29434204101563
12.586809898471412,43.02688476887638,133.29434204101563
12.586809903668598,43.02688472432538,133.29434204101563
12.586809907236905,43.026884680759544,133.29434204101563
12.586809893666793,43.026884599329,133.29434204101563
12.586809886594633,43.02688455368147,133.29434204101563
12.586809876056707,43.026884640564695,133.29434204101563
12.586809871495255,43.02688461260308,133.29434204101563
12.586809880158215,43.026884555703205,133.29434204101563
12.58680988267478,43.02688454058731,133.29434204101563
12.5868099063463,43.026884493466305,133.29434204101563
12.586809918346122,43.026884481794205,133.29434204101563
12.586809938900503,43.02688440000815,133.29434204101563
12.58680995825666,43.02688438227084,133.29434204101563
12.586810112027782,43.02688442843666,133.29434204101563
12.586810144236283,43.0268844117702,133.29434204101563
12.58681010738137,43.026884433666616,133.29434204101563
12.586810132746223,43.026884416905915,133.29434204101563
12.586810287607168,43.026884320016805,133.29434204101563
12.586810308433996,43.0268842937428,133.29434204101563
12.58681027438861,43.026884231458794,133.29434204101563
12.58681028319219,43.02688422701698,133.1943359375
12.586810455244304,43.02688430075037,133.1943359375
12.586810546382605,43.026884330014134,133.29434204101563
12.586810515014939,43.02688445713078,133.29434204101563
12.586810694256398,43.02688452561708,133.29434204101563
12.586810996809465,43.02688458781115,133.1943359375
12.586811228884102,43.026884701756536,133.1943359375
12.586811417134193,43.02688473538075,133.1943359375
12.586811645895391,43.02688488589727,133.1943359375
12.586811638225585,43.02688511261438,133.1943359375
12.586811841244018,43.026885304212385,133.1943359375
12.58681212577685,43.02688543619062,133.1943359375
12.586812367897233,43.026885670305056,133.1943359375
12.586812712514117,43.02688588781299,133.1943359375
12.586812976184948,43.026886167013835,133.1943359375
12.58681318246407,43.02688649354558,133.1943359375
12.586813449586028,43.02688682708057,133.1943359375
12.586813678454153,43.026887337020575,133.1943359375
12.58681398311071,43.026887706925386,133.1943359375
12.586814326341878,43.026888056604285,133.29434204101563
12.58681466873223,43.02688843873375,133.29434204101563
12.586814983645466,43.026888651971184,133.29434204101563
12.586815361871231,43.02688904392664,133.29434204101563
12.586815616451398,43.026889436584554,133.29434204101563
12.586816051799342,43.02688986865773,133.29434204101563
12.586816520058905,43.02689041077418,133.29434204101563
12.586817005357267,43.02689084646676,133.29434204101563
12.586817469159373,43.026891234995524,133.29434204101563
12.586818004917928,43.02689161877834,133.29434204101563
12.586818523850049,43.02689200134469,133.1943359375
12.586819035525414,43.02689234192149,133.1943359375
12.586819511409317,43.026892650141924,133.1943359375
12.586819845083946,43.026892885237196,133.1943359375
12.586820089942059,43.0268930736698,133.1943359375
12.586820350437161,43.02689324021028,133.1943359375
12.58682066891723,43.026893369125894,133.1943359375
12.586820945790505,43.02689347763568,133.1943359375
12.586821305461365,43.026893495034585,133.1943359375
12.586821642748298,43.0268935176763,133.1943359375
12.586821977720815,43.0268934977031,133.1943359375
12.58682240748926,43.02689352285058,133.1943359375
12.58682266475297,43.02689361235093,133.1943359375
12.586823125562441,43.0268936425656,133.1943359375
12.586823499493343,43.02689370496526,133.1943359375
12.58682398459396,43.026893742084674,133.1943359375
12.586824474739382,43.026893834022246,133.1943359375
12.586825004657685,43.02689388461704,133.1943359375
12.586825596704937,43.02689383959059,133.1943359375
12.586826201170958,43.02689388336203,133.1943359375
12.586826797088277,43.02689382226021,133.1943359375
12.586827482534023,43.02689386983953,133.1943359375
12.586828092986751,43.02689397411741,133.1943359375
12.586828790564129,43.026894037519384,133.1943359375
12.586829532458953,43.02689396449701,133.1943359375
12.58683019318434,43.02689394792047,133.1943359375
12.586830831283352,43.02689387532642,133.1943359375
12.586831406772264,43.026893731410524,133.1943359375
12.58683199377757,43.0268934312256,133.1943359375
12.586832524472948,43.026893252529014,133.1943359375
12.586833193773428,43.02689301968246,133.1943359375
12.586833774953893,43.02689286872479,133.1943359375
12.586834495264577,43.026892885669675,133.1943359375
12.586835106947749,43.026892767286775,133.1943359375
12.586835676529008,43.02689281064273,133.1943359375
12.586836275749105,43.02689272553708,133.1943359375
12.58683676927463,43.026892639596184,133.1943359375
12.586837349676165,43.02689256372112,133.1943359375
12.586837893131234,43.02689235429586,133.1943359375
12.586838451365802,43.02689226404164,133.1943359375
12.586838979736315,43.02689217960419,133.1943359375
12.586839501003542,43.026892073810004,133.1943359375
12.586839966394221,43.026892049720495,133.1943359375
12.586840423949205,43.026891872467374,133.1943359375
12.586840900865843,43.02689156683832,133.1943359375
12.58684132676898,43.026891361435126,133.1943359375
12.586841916532649,43.02689114238521,133.1943359375
12.586842362935867,43.026890962489304,133.1943359375
12.586842625842245,43.026890983683245,133.1943359375
12.586843051521443,43.02689081102616,133.1943359375
12.5868435247017,43.02689062847028,133.1943359375
12.586843988129731,43.02689043367261,133.1943359375
12.586844403535228,43.02689021636172,133.1943359375
12.586844917736729,43.026889985669676,133.1943359375
12.586845502649926,43.026889678969795,133.1943359375
12.586846053194003,43.026889372753914,133.1943359375
12.58684670944839,43.02688899323297,133.1943359375
12.586847237673343,43.02688859280509,133.1943359375
12.586847715274443,43.02688823635423,133.1943359375
12.586848299499554,43.02688782548358,133.1943359375
12.586848887829095,43.02688733243706,133.1943359375
12.586849562280655,43.02688687171261,133.1943359375
12.586850296994223,43.02688648715447,133.1943359375
12.586851084144744,43.026885957545375,133.1943359375
12.586851907313767,43.02688533462803,133.1943359375
12.58685278547878,43.02688472423946,133.1943359375
12.586853810546366,43.02688416199561,133.1943359375
12.58685475441011,43.02688350176183,133.1943359375
12.586855691775886,43.02688265539559,133.1943359375
12.586856671571686,43.02688193789786,133.1943359375
12.586857576999952,43.02688139330995,133.1943359375
12.586858579381841,43.02688067914466,133.1943359375
12.586859759146309,43.02687990780538,133.1943359375
12.586860821043905,43.02687919004638,133.1943359375
12.586861929613642,43.026878332976075,133.1943359375
12.586863038416286,43.026877586767135,133.1943359375
12.586864064515098,43.0268767267499,133.1943359375
12.586865188276516,43.026875942611994,133.1943359375
12.586866405202038,43.02687526608012,133.1943359375
12.58686754871802,43.02687446878381,133.1943359375
12.586868554022216,43.02687360737449,133.1943359375
12.586869675699184,43.02687280789368,133.1943359375
12.58687094274943,43.02687207385372,133.1943359375
12.586872049395845,43.02687129179754,133.1943359375
12.586873168455162,43.026870517483474,133.1943359375
12.586874264619311,43.026869757604274,133.1943359375
12.586875421430008,43.026868826697786,133.1943359375
12.586876490799634,43.02686805093382,133.1943359375
12.58687757940822,43.02686734963783,133.1943359375
12.586878574039703,43.02686658419671,133.1943359375
12.586879451384414,43.02686581900189,133.1943359375
12.58688044691829,43.02686512092058,133.1943359375
12.586881588301559,43.02686463803422,133.1943359375
12.58688285839576,43.0268642363,133.1943359375
12.586884257479182,43.026864114792474,133.1943359375
12.586885535790945,43.026864058541584,133.1943359375
12.58688663806628,43.02686422191028,133.1943359375
12.586887691226147,43.02686432592689,133.1943359375
12.586888255024267,43.02686433470129,133.1943359375
12.5868891273285,43.026864390288296,133.1943359375
12.586890268134558,43.02686411632811,133.1943359375
12.586891124232015,43.02686410848532,133.1943359375
12.586892199868155,43.026864120922,133.1943359375
12.586893061605174,43.02686409307601,133.1943359375
12.586894107528874,43.026864109569004,133.1943359375
12.586894978646615,43.02686406580184,133.1943359375
12.586895942927018,43.026864187200225,133.1943359375
12.586896834786643,43.02686419071471,133.1943359375
12.586897871235877,43.026864287276176,133.1943359375
12.58689878868886,43.02686440166275,133.1943359375
12.586899565331453,43.02686453604394,133.1943359375
12.586900416363532,43.02686476107986,133.1943359375
12.586901058717118,43.026865208373906,133.1943359375
12.58690178477647,43.026865540159164,133.1943359375
12.586902370804722,43.02686571493009,133.1943359375
12.586902932792311,43.026866108960824,133.09434509277344
12.586903646908944,43.02686651679247,133.09434509277344
12.586904049148936,43.026866960606284,132.9943389892578
12.586904216525278,43.02686745921043,132.89434814453125
12.586904404262638,43.026867898725904,132.79434204101563
12.586904590845714,43.02686821665881,132.59434509277344
12.5869045810841,43.02686858946344,132.4943389892578
12.586904574228711,43.026868876211495,132.39434814453125
12.586904470865024,43.026869144770366,132.29434204101563
12.586904426457485,43.02686937271462,132.1943359375
12.58690431856458,43.02686958174795,132.09434509277344
12.586904341456828,43.02687013190207,131.9943389892578
12.586904316994326,43.026870379802425,131.9943389892578
12.586904135532233,43.02687063439121,131.9943389892578
12.586904184732683,43.02687090043363,131.9943389892578
12.586904340800661,43.02687125487775,131.89434814453125
12.586904464138662,43.02687155601143,131.89434814453125
12.586904399463855,43.02687189741492,131.89434814453125
12.586904509395792,43.0268722375334,131.79434204101563
12.586904769665313,43.02687264298135,131.79434204101563
12.586904895411477,43.026872973822115,131.79434204101563
12.586905134001654,43.02687322895488,131.79434204101563
12.586905308278798,43.02687354447415,131.79434204101563
12.586905554368839,43.026873756190994,131.79434204101563
12.586905721006946,43.026874069392974,131.79434204101563
12.586905816788695,43.02687447182119,131.79434204101563
12.58690594314422,43.02687480936538,131.79434204101563
12.586906098063775,43.02687499521942,131.6943359375
12.586906267051475,43.02687527054382,131.6943359375
12.586906417002332,43.026875532071564,131.6943359375
12.586906554836176,43.02687564857405,131.6943359375
12.586906771758667,43.02687571954038,131.59434509277344
12.586906836913917,43.026875765492036,131.59434509277344
12.58690682939645,43.026875816313854,131.59434509277344
12.586906878315645,43.026875899522,131.59434509277344
12.586906911151091,43.02687606628092,131.59434509277344
12.586906985804266,43.02687618592741,131.59434509277344
12.586907083736387,43.026876309257574,131.59434509277344
12.586907153239233,43.02687644356165,131.59434509277344
12.586907199129161,43.02687660665404,131.59434509277344
12.58690724154892,43.02687675061704,131.59434509277344
12.58690731300879,43.02687675329842,131.59434509277344
12.58690738472646,43.02687687793499,131.59434509277344
12.586907286882221,43.02687687563912,131.59434509277344
12.586907300868324,43.02687695838464,131.59434509277344
12.58690741034323,43.026876951514154,131.59434509277344
12.586907397634429,43.02687700636659,131.59434509277344
12.586907295905474,43.026877135817635,131.59434509277344
12.586907194176511,43.02687718887106,131.59434509277344
12.586907200287708,43.026877353081424,131.59434509277344
12.586906958738576,43.02687748156875,131.59434509277344
12.58690654790879,43.026877751466216,131.59434509277344
12.586906146336684,43.02687803949933,131.59434509277344
12.586905665377104,43.02687844043696,131.59434509277344
12.586905146677859,43.026878864397524,131.59434509277344
12.586904770617094,43.026879246150074,131.59434509277344
12.586904163149656,43.02687976032631,131.4943389892578
12.586903442164404,43.02688024421933,131.4943389892578
12.586902765123817,43.02688079972976,131.39434814453125
12.586902212429013,43.026881364852,131.39434814453125
12.586901542091447,43.026881922482694,131.39434814453125
12.586900736427793,43.02688256945096,131.39434814453125
12.586900025368173,43.026883155158934,131.39434814453125
12.586899420002746,43.02688381419337,131.29434204101563
12.586898672937819,43.02688445064178,131.29434204101563
12.586897905418125,43.02688516398895,131.29434204101563
12.586897143863187,43.02688582268071,131.1943359375
12.586896222015742,43.02688651405006,131.1943359375
12.58689545234422,43.026887171268356,131.1943359375
12.586894927111924,43.026887791131635,131.1943359375
12.586894311816549,43.026888342649954,131.09434509277344
12.586893687702958,43.02688879750618,131.09434509277344
12.58689328972853,43.026889176119,130.9943389892578
12.586892988889351,43.026889670214906,130.9943389892578
12.586892759199479,43.026889994339385,130.9943389892578
12.586892414222264,43.02689018024482,130.89434814453125
12.586892230955502,43.02689043866289,130.89434814453125
12.586892005402277,43.02689082175608,130.89434814453125
12.58689187208008,43.026891023972475,130.79434204101563
12.5868916572845,43.026891160516705,130.79434204101563
12.586891552039999,43.02689128878555,130.79434204101563
12.586891683112244,43.02689142480723,130.79434204101563
12.586891595920195,43.02689154138686,130.6943359375
12.586891546004928,43.02689156784075,130.6943359375
12.586891458648823,43.02689165709266,130.6943359375
12.58689132141847,43.026891647292366,130.6943359375
12.58689122550194,43.02689170811149,130.59434509277344
12.586891248546523,43.02689161670933,130.59434509277344
12.58689122007629,43.026891617304685,130.59434509277344
12.586891430500934,43.02689148708257,130.59434509277344
12.586891753189542,43.02689122868155,130.59434509277344
12.586892394459296,43.02689068659502,130.59434509277344
12.586893183705302,43.02689004126291,130.59434509277344
12.586894257905932,43.026889401700515,130.59434509277344
12.586895093387424,43.02688868173563,130.59434509277344
12.586895568540317,43.026888162655055,130.59434509277344
12.586895974073181,43.026887714202445,130.59434509277344
12.586895941624396,43.026887324448694,130.59434509277344
12.586896070710315,43.02688707539401,130.59434509277344
12.586896173003224,43.02688693167089,130.59434509277344
12.586896253609426,43.026886764093845,130.59434509277344
12.586896758533449,43.0268864249991,130.59434509277344
12.586896806562,43.026886300795155,130.59434509277344
12.586896806415494,43.02688601573046,130.59434509277344
12.58689672652995,43.02688599493487,130.59434509277344
12.586896598598267,43.02688613756577,130.59434509277344
12.586896470578713,43.02688620037237,130.59434509277344
12.586896353703525,43.02688626546626,130.59434509277344
12.586896266423597,43.02688632990052,130.59434509277344
12.586896212734965,43.02688641304013,130.59434509277344
12.586896189063465,43.02688650481923,130.59434509277344
12.58689610579129,43.02688656792992,130.59434509277344
12.586896118031337,43.02688660386711,130.59434509277344
12.586896051446402,43.02688665105235,130.59434509277344
12.586896050145643,43.026886633627726,130.59434509277344
12.586896093182107,43.026886600183424,130.59434509277344
12.586896117568465,43.02688658101977,130.4943389892578
12.586896129251883,43.02688668474938,130.4943389892578
12.586896145341482,43.026886671393925,130.4943389892578
12.586896136007644,43.02688669520927,130.4943389892578
12.586896180069497,43.026886672456186,130.4943389892578
12.586896203330882,43.02688666845983,130.4943389892578
12.586896296077533,43.02688666406085,130.4943389892578
12.586896478055245,43.02688668880142,130.4943389892578
12.586896525755684,43.02688672505561,130.4943389892578
12.586896466799523,43.02688666456203,130.4943389892578
12.586896442032307,43.02688675986633,130.4943389892578
12.586896302550489,43.02688696334203,130.4943389892578
12.586896226537954,43.02688706813817,130.4943389892578
12.586896089465792,43.02688709944936,130.4943389892578
12.58689599642619,43.02688713479974,130.4943389892578
12.586896097381715,43.02688712514082,130.4943389892578
12.586896095389577,43.02688714460002,130.4943389892578
12.58689606317522,43.026887142419795,130.4943389892578
12.586896079446456,43.026887138680436,130.4943389892578
12.5868959725965,43.02688715027971,130.4943389892578
12.586895962969683,43.026887142801,130.4943389892578
12.58689595223547,43.02688726321421,130.4943389892578
12.586895950483555,43.02688727196078,130.4943389892578
12.586895946018783,43.02688713083335,130.4943389892578
12.586895971946129,43.02688712050194,130.4943389892578
12.586895875092114,43.026887143572,130.4943389892578
12.586895854754513,43.02688715676042,130.4943389892578
12.586895814676984,43.02688717928649,130.4943389892578
12.586895750535364,43.026887215806234,130.39434814453125
12.586895654237981,43.02688723129477,130.39434814453125
12.586895580545741,43.026887220355114,130.39434814453125
12.586895474105951,43.02688723601499,130.39434814453125
12.586895442512686,43.02688723515834,130.39434814453125
12.586895504773464,43.02688719414969,130.39434814453125
12.586895466828711,43.02688724708747,130.39434814453125
12.586895421653596,43.0268873546635,130.39434814453125
12.58689532655736,43.02688739962571,130.29434204101563
12.586895122173722,43.02688734982333,130.29434204101563
12.586895023579515,43.026887409730115,130.1943359375
12.586895139921516,43.02688752737201,130.1943359375
12.586895081469272,43.02688765033382,130.09434509277344
12.586894826174273,43.02688782348777,130.09434509277344
12.58689469974257,43.02688794866405,129.9943389892578
12.586894677887434,43.02688812912537,129.9943389892578
12.586894567568795,43.02688826223011,129.9943389892578
12.586894567006313,43.026888309762306,129.89434814453125
12.586894551766349,43.026888443745136,129.89434814453125
12.586894586992372,43.0268884361122,129.89434814453125
12.58689459110558,43.026888450941094,129.89434814453125
12.586894680283935,43.02688850565218,129.89434814453125
12.58689468134447,43.02688850814508,129.89434814453125
12.586894657819425,43.02688856511348,129.89434814453125
12.58689465638976,43.02688859454857,129.89434814453125
12.58689450456392,43.02688845256448,129.89434814453125
12.5868944815252,43.02688846144385,129.89434814453125
12.58689449166763,43.02688847566453,129.89434814453125
12.586894469015625,43.02688848794058,129.89434814453125
12.586894486165756,43.02688845859543,129.89434814453125
12.586894467539084,43.026888467367705,129.79434204101563
12.586894504575636,43.02688845809,129.79434204101563
12.586894489833671,43.02688846503329,129.79434204101563
12.586894521198433,43.02688845287289,129.79434204101563
12.586894510804056,43.02688845900234,129.79434204101563
12.58689453009283,43.02688845070124,129.79434204101563
12.58689452162616,43.02688845741751,129.79434204101563
12.586894541547736,43.02688845007159,129.79434204101563
12.586894537416937,43.02688845422642,129.79434204101563
12.586894549053483,43.02688844697473,129.79434204101563
12.586894546176572,43.02688845120667,129.79434204101563
12.58689455762562,43.026888440506895,129.79434204101563
12.586894556395169,43.026888443385296,129.79434204101563</coordinates></LineString></Placemark></kml>