experiment_id,run_file,node_height_m,target_distance_m,tag_rotation_deg,expected_tags,participating_tags,missing_tags,tag_bearing_deg,valid_position,time,tag,a16,seq,range_cm,pdoa_deg,x_cm,y_cm,clk_ppm,t_us
ground-height-4m-20260830-222436,d024m_r180_run01.csv,4,24,180,dw00;dw01;dw02;dw03;dw04;dw05;dw06;dw07;dw08,dw00;dw01;dw02;dw03;dw04;dw05;dw06;dw07;dw08,dw03;dw07;dw08,125,1,2026-09-01T12:35:26.967+0200,dw06,0789,110,2397,-32,-1851,1522,1.93,82305
ground-height-4m-20260830-222436,d024m_r180_run01.csv,4,24,180,dw00;dw01;dw02;dw03;dw04;dw05;dw06;dw07;dw08,dw00;dw01;dw02;dw03;dw04;dw05;dw06;dw07;dw08,dw03;dw07;dw08,90,1,2026-09-01T12:35:27.047+0200,dw04,0F85,12,2395,-3,-1427,1923,4.02,62255
ground-height-4m-20260830-222436,d024m_r180_run01.csv,4,24,180,dw00;dw01;dw02;dw03;dw04;dw05;dw06;dw07;dw08,dw00;dw01;dw02;dw03;dw04;dw05;dw06;dw07;dw08,dw03;dw07;dw08,105,1,2026-09-01T12:35:27.056+0200,dw05,4B92,253,2414,42,-754,2294,2.08,72296
ground-height-4m-20260830-222436,d024m_r180_run01.csv,4,24,180,dw00;dw01;dw02;dw03;dw04;dw05;dw06;dw07;dw08,dw00;dw01;dw02;dw03;dw04;dw05;dw06;dw07;dw08,dw03;dw07;dw08,15,1,2026-09-01T12:35:27.117+0200,dw00,8103,38,2415,-136,1935,1444,2.53,32287
ground-height-4m-20260830-222436,d024m_r180_run01.csv,4,24,180,dw00;dw01;dw02;dw03;dw04;dw05;dw06;dw07;dw08,dw00;dw01;dw02;dw03;dw04;dw05;dw06;dw07;dw08,dw03;dw07;dw08,35,1,2026-09-01T12:35:27.127+0200,dw01,1729,201,2407,-135,1947,1415,2.14,42327
ground-height-4m-20260830-222436,d024m_r180_run01.csv,4,24,180,dw00;dw01;dw02;dw03;dw04;dw05;dw06;dw07;dw08,dw00;dw01;dw02;dw03;dw04;dw05;dw06;dw07;dw08,dw03;dw07;dw08,125,1,2026-09-01T12:35:27.167+0200,dw06,0789,111,2393,-49,-2098,1151,2.02,82305
ground-height-4m-20260830-222436,d024m_r180_run01.csv,4,24,180,dw00;dw01;dw02;dw03;dw04;dw05;dw06;dw07;dw08,dw00;dw01;dw02;dw03;dw04;dw05;dw06;dw07;dw08,dw03;dw07;dw08,90,1,2026-09-01T12:35:27.247+0200,dw04,0F85,13,2392,-29,-1803,1572,4.14,62286
ground-height-4m-20260830-222436,d024m_r180_run01.csv,4,24,180,dw00;dw01;dw02;dw03;dw04;dw05;dw06;dw07;dw08,dw00;dw01;dw02;dw03;dw04;dw05;dw06;dw07;dw08,dw03;dw07;dw08,105,1,2026-09-01T12:35:27.257+0200,dw05,4B92,254,2415,49,-649,2326,2.26,72204
ground-height-4m-20260830-222436,d024m_r180_run01.csv,4,24,180,dw00;dw01;dw02;dw03;dw04;dw05;dw06;dw07;dw08,dw00;dw01;dw02;dw03;dw04;dw05;dw06;dw07;dw08,dw03;dw07;dw08,125,1,2026-09-01T12:35:27.367+0200,dw06,0789,112,2395,-48,-2090,1169,1.99,82275
ground-height-4m-20260830-222436,d024m_r180_run01.csv,4,24,180,dw00;dw01;dw02;dw03;dw04;dw05;dw06;dw07;dw08,dw00;dw01;dw02;dw03;dw04;dw05;dw06;dw07;dw08,dw03;dw07;dw08,90,1,2026-09-01T12:35:27.447+0200,dw04,0F85,14,2399,-16,-1621,1768,4.02,62286
ground-height-4m-20260830-222436,d024m_r180_run01.csv,4,24,180,dw00;dw01;dw02;dw03;dw04;dw05;dw06;dw07;dw08,dw00;dw01;dw02;dw03;dw04;dw05;dw06;dw07;dw08,dw03;dw07;dw08,105,1,2026-09-01T12:35:27.457+0200,dw05,4B92,255,2412,54,-569,2344,2.14,72265
ground-height-4m-20260830-222436,d024m_r180_run01.csv,4,24,180,dw00;dw01;dw02;dw03;dw04;dw05;dw06;dw07;dw08,dw00;dw01;dw02;dw03;dw04;dw05;dw06;dw07;dw08,dw03;dw07;dw08,35,1,2026-09-01T12:35:27.527+0200,dw01,1729,203,2408,-125,2097,1183,2.02,42327
ground-height-4m-20260830-222436,d024m_r180_run01.csv,4,24,180,dw00;dw01;dw02;dw03;dw04;dw05;dw06;dw07;dw08,dw00;dw01;dw02;dw03;dw04;dw05;dw06;dw07;dw08,dw03;dw07;dw08,125,1,2026-09-01T12:35:27.567+0200,dw06,0789,113,2395,-51,-2136,1082,1.99,82275
ground-height-4m-20260830-222436,d024m_r180_run01.csv,4,24,180,dw00;dw01;dw02;dw03;dw04;dw05;dw06;dw07;dw08,dw00;dw01;dw02;dw03;dw04;dw05;dw06;dw07;dw08,dw03;dw07;dw08,90,1,2026-09-01T12:35:27.646+0200,dw04,0F85,15,2397,1,-1345,1983,4.26,62255
ground-height-4m-20260830-222436,d024m_r180_run01.csv,4,24,180,dw00;dw01;dw02;dw03;dw04;dw05;dw06;dw07;dw08,dw00;dw01;dw02;dw03;dw04;dw05;dw06;dw07;dw08,dw03;dw07;dw08,105,1,2026-09-01T12:35:27.657+0200,dw05,4B92,0,2412,44,-723,2301,2.14,72204
ground-height-4m-20260830-222436,d024m_r180_run01.csv,4,24,180,dw00;dw01;dw02;dw03;dw04;dw05;dw06;dw07;dw08,dw00;dw01;dw02;dw03;dw04;dw05;dw06;dw07;dw08,dw03;dw07;dw08,35,1,2026-09-01T12:35:27.726+0200,dw01,1729,204,2401,-125,2085,1191,1.99,42358
ground-height-4m-20260830-222436,d024m_r180_run01.csv,4,24,180,dw00;dw01;dw02;dw03;dw04;dw05;dw06;dw07;dw08,dw00;dw01;dw02;dw03;dw04;dw05;dw06;dw07;dw08,dw03;dw07;dw08,125,1,2026-09-01T12:35:27.766+0200,dw06,0789,114,2393,-44,-2022,1280,1.93,82305
ground-height-4m-20260830-222436,d024m_r180_run01.csv,4,24,180,dw00;dw01;dw02;dw03;dw04;dw05;dw06;dw07;dw08,dw00;dw01;dw02;dw03;dw04;dw05;dw06;dw07;dw08,dw03;dw07;dw08,90,1,2026-09-01T12:35:27.846+0200,dw04,0F85,16,2397,10,-1211,2069,4.14,62286
ground-height-4m-20260830-222436,d024m_r180_run01.csv,4,24,180,dw00;dw01;dw02;dw03;dw04;dw05;dw06;dw07;dw08,dw00;dw01;dw02;dw03;dw04;dw05;dw06;dw07;dw08,dw03;dw07;dw08,105,1,2026-09-01T12:35:27.856+0200,dw05,4B92,1,2417,44,-726,2305,2.08,72265
ground-height-4m-20260830-222436,d024m_r180_run01.csv,4,24,180,dw00;dw01;dw02;dw03;dw04;dw05;dw06;dw07;dw08,dw00;dw01;dw02;dw03;dw04;dw05;dw06;dw07;dw08,dw03;dw07;dw08,35,1,2026-09-01T12:35:27.926+0200,dw01,1729,205,2406,-126,2081,1207,2.08,42358
ground-height-4m-20260830-222436,d024m_r180_run01.csv,4,24,180,dw00;dw01;dw02;dw03;dw04;dw05;dw06;dw07;dw08,dw00;dw01;dw02;dw03;dw04;dw05;dw06;dw07;dw08,dw03;dw07;dw08,125,1,2026-09-01T12:35:27.966+0200,dw06,0789,115,2394,-40,-1963,1371,2.08,82305
ground-height-4m-20260830-222436,d024m_r180_run01.csv,4,24,180,dw00;dw01;dw02;dw03;dw04;dw05;dw06;dw07;dw08,dw00;dw01;dw02;dw03;dw04;dw05;dw06;dw07;dw08,dw03;dw07;dw08,90,1,2026-09-01T12:35:28.046+0200,dw04,0F85,17,2399,-3,-1425,1930,4.14,62225
ground-height-4m-20260830-222436,d024m_r180_run01.csv,4,24,180,dw00;dw01;dw02;dw03;dw04;dw05;dw06;dw07;dw08,dw00;dw01;dw02;dw03;dw04;dw05;dw06;dw07;dw08,dw03;dw07;dw08,105,1,2026-09-01T12:35:28.056+0200,dw05,4B92,2,2417,44,-713,2309,2.20,72235
ground-height-4m-20260830-222436,d024m_r180_run01.csv,4,24,180,dw00;dw01;dw02;dw03;dw04;dw05;dw06;dw07;dw08,dw00;dw01;dw02;dw03;dw04;dw05;dw06;dw07;dw08,dw03;dw07;dw08,35,1,2026-09-01T12:35:28.127+0200,dw01,1729,206,2411,-128,2056,1258,2.08,42327
ground-height-4m-20260830-222436,d024m_r180_run01.csv,4,24,180,dw00;dw01;dw02;dw03;dw04;dw05;dw06;dw07;dw08,dw00;dw01;dw02;dw03;dw04;dw05;dw06;dw07;dw08,dw03;dw07;dw08,125,1,2026-09-01T12:35:28.167+0200,dw06,0789,116,2397,-33,-1872,1498,1.93,82275
ground-height-4m-20260830-222436,d024m_r180_run01.csv,4,24,180,dw00;dw01;dw02;dw03;dw04;dw05;dw06;dw07;dw08,dw00;dw01;dw02;dw03;dw04;dw05;dw06;dw07;dw08,dw03;dw07;dw08,90,1,2026-09-01T12:35:28.247+0200,dw04,0F85,18,2396,-4,-1431,1921,4.20,62225
ground-height-4m-20260830-222436,d024m_r180_run01.csv,4,24,180,dw00;dw01;dw02;dw03;dw04;dw05;dw06;dw07;dw08,dw00;dw01;dw02;dw03;dw04;dw05;dw06;dw07;dw08,dw03;dw07;dw08,105,1,2026-09-01T12:35:28.256+0200,dw05,4B92,3,2412,41,-762,2288,2.14,72235
ground-height-4m-20260830-222436,d024m_r180_run01.csv,4,24,180,dw00;dw01;dw02;dw03;dw04;dw05;dw06;dw07;dw08,dw00;dw01;dw02;dw03;dw04;dw05;dw06;dw07;dw08,dw03;dw07;dw08,125,1,2026-09-01T12:35:28.367+0200,dw06,0789,117,2394,-36,-1913,1439,1.99,82305
ground-height-4m-20260830-222436,d024m_r180_run01.csv,4,24,180,dw00;dw01;dw02;dw03;dw04;dw05;dw06;dw07;dw08,dw00;dw01;dw02;dw03;dw04;dw05;dw06;dw07;dw08,dw03;dw07;dw08,90,1,2026-09-01T12:35:28.446+0200,dw04,0F85,19,2398,-9,-1507,1865,4.02,62255
ground-height-4m-20260830-222436,d024m_r180_run01.csv,4,24,180,dw00;dw01;dw02;dw03;dw04;dw05;dw06;dw07;dw08,dw00;dw01;dw02;dw03;dw04;dw05;dw06;dw07;dw08,dw03;dw07;dw08,105,1,2026-09-01T12:35:28.457+0200,dw05,4B92,4,2417,51,-618,2337,2.20,72265
ground-height-4m-20260830-222436,d024m_r180_run01.csv,4,24,180,dw00;dw01;dw02;dw03;dw04;dw05;dw06;dw07;dw08,dw00;dw01;dw02;dw03;dw04;dw05;dw06;dw07;dw08,dw03;dw07;dw08,35,1,2026-09-01T12:35:28.526+0200,dw01,1729,208,2408,-135,1951,1412,2.02,42327
ground-height-4m-20260830-222436,d024m_r180_run01.csv,4,24,180,dw00;dw01;dw02;dw03;dw04;dw05;dw06;dw07;dw08,dw00;dw01;dw02;dw03;dw04;dw05;dw06;dw07;dw08,dw03;dw07;dw08,125,1,2026-09-01T12:35:28.566+0200,dw06,0789,118,2397,-36,-1906,1453,2.02,82336
ground-height-4m-20260830-222436,d024m_r180_run01.csv,4,24,180,dw00;dw01;dw02;dw03;dw04;dw05;dw06;dw07;dw08,dw00;dw01;dw02;dw03;dw04;dw05;dw06;dw07;dw08,dw03;dw07;dw08,90,1,2026-09-01T12:35:28.646+0200,dw04,0F85,20,2396,23,-1018,2168,4.29,62255
ground-height-4m-20260830-222436,d024m_r180_run01.csv,4,24,180,dw00;dw01;dw02;dw03;dw04;dw05;dw06;dw07;dw08,dw00;dw01;dw02;dw03;dw04;dw05;dw06;dw07;dw08,dw03;dw07;dw08,105,1,2026-09-01T12:35:28.656+0200,dw05,4B92,5,2414,62,-446,2372,2.20,72235
ground-height-4m-20260830-222436,d024m_r180_run01.csv,4,24,180,dw00;dw01;dw02;dw03;dw04;dw05;dw06;dw07;dw08,dw00;dw01;dw02;dw03;dw04;dw05;dw06;dw07;dw08,dw03;dw07;dw08,35,1,2026-09-01T12:35:28.726+0200,dw01,1729,209,2404,-120,2169,1035,2.14,42327
ground-height-4m-20260830-222436,d024m_r180_run01.csv,4,24,180,dw00;dw01;dw02;dw03;dw04;dw05;dw06;dw07;dw08,dw00;dw01;dw02;dw03;dw04;dw05;dw06;dw07;dw08,dw03;dw07;dw08,125,1,2026-09-01T12:35:28.766+0200,dw06,0789,119,2396,-49,-2109,1136,1.93,82305
ground-height-4m-20260830-222436,d024m_r180_run01.csv,4,24,180,dw00;dw01;dw02;dw03;dw04;dw05;dw06;dw07;dw08,dw00;dw01;dw02;dw03;dw04;dw05;dw06;dw07;dw08,dw03;dw07;dw08,90,1,2026-09-01T12:35:28.846+0200,dw04,0F85,21,2395,8,-1243,2047,4.02,62225
ground-height-4m-20260830-222436,d024m_r180_run01.csv,4,24,180,dw00;dw01;dw02;dw03;dw04;dw05;dw06;dw07;dw08,dw00;dw01;dw02;dw03;dw04;dw05;dw06;dw07;dw08,dw03;dw07;dw08,105,1,2026-09-01T12:35:28.856+0200,dw05,4B92,6,2412,49,-649,2323,2.14,72235
ground-height-4m-20260830-222436,d024m_r180_run01.csv,4,24,180,dw00;dw01;dw02;dw03;dw04;dw05;dw06;dw07;dw08,dw00;dw01;dw02;dw03;dw04;dw05;dw06;dw07;dw08,dw03;dw07;dw08,35,1,2026-09-01T12:35:28.926+0200,dw01,1729,210,2409,-109,2337,585,2.08,42327
ground-height-4m-20260830-222436,d024m_r180_run01.csv,4,24,180,dw00;dw01;dw02;dw03;dw04;dw05;dw06;dw07;dw08,dw00;dw01;dw02;dw03;dw04;dw05;dw06;dw07;dw08,dw03;dw07;dw08,125,1,2026-09-01T12:35:28.966+0200,dw06,0789,120,2400,-32,-1851,1528,2.02,82275
ground-height-4m-20260830-222436,d024m_r180_run01.csv,4,24,180,dw00;dw01;dw02;dw03;dw04;dw05;dw06;dw07;dw08,dw00;dw01;dw02;dw03;dw04;dw05;dw06;dw07;dw08,dw03;dw07;dw08,90,1,2026-09-01T12:35:29.046+0200,dw04,0F85,22,2397,12,-1194,2078,4.26,62225
ground-height-4m-20260830-222436,d024m_r180_run01.csv,4,24,180,dw00;dw01;dw02;dw03;dw04;dw05;dw06;dw07;dw08,dw00;dw01;dw02;dw03;dw04;dw05;dw06;dw07;dw08,dw03;dw07;dw08,105,1,2026-09-01T12:35:29.056+0200,dw05,4B92,7,2416,44,-725,2304,2.14,72265
ground-height-4m-20260830-222436,d024m_r180_run01.csv,4,24,180,dw00;dw01;dw02;dw03;dw04;dw05;dw06;dw07;dw08,dw00;dw01;dw02;dw03;dw04;dw05;dw06;dw07;dw08,dw03;dw07;dw08,35,1,2026-09-01T12:35:29.126+0200,dw01,1729,211,2404,-128,2052,1252,2.08,42327
ground-height-4m-20260830-222436,d024m_r180_run01.csv,4,24,180,dw00;dw01;dw02;dw03;dw04;dw05;dw06;dw07;dw08,dw00;dw01;dw02;dw03;dw04;dw05;dw06;dw07;dw08,dw03;dw07;dw08,125,1,2026-09-01T12:35:29.166+0200,dw06,0789,121,2397,-40,-1973,1361,2.02,82275
ground-height-4m-20260830-222436,d024m_r180_run01.csv,4,24,180,dw00;dw01;dw02;dw03;dw04;dw05;dw06;dw07;dw08,dw00;dw01;dw02;dw03;dw04;dw05;dw06;dw07;dw08,dw03;dw07;dw08,90,1,2026-09-01T12:35:29.246+0200,dw04,0F85,23,2395,5,-1291,2017,4.02,62286
ground-height-4m-20260830-222436,d024m_r180_run01.csv,4,24,180,dw00;dw01;dw02;dw03;dw04;dw05;dw06;dw07;dw08,dw00;dw01;dw02;dw03;dw04;dw05;dw06;dw07;dw08,dw03;dw07;dw08,105,1,2026-09-01T12:35:29.256+0200,dw05,4B92,8,2415,47,-671,2320,2.20,72235
ground-height-4m-20260830-222436,d024m_r180_run01.csv,4,24,180,dw00;dw01;dw02;dw03;dw04;dw05;dw06;dw07;dw08,dw00;dw01;dw02;dw03;dw04;dw05;dw06;dw07;dw08,dw03;dw07;dw08,35,1,2026-09-01T12:35:29.326+0200,dw01,1729,212,2409,-113,2279,782,2.08,42327
ground-height-4m-20260830-222436,d024m_r180_run01.csv,4,24,180,dw00;dw01;dw02;dw03;dw04;dw05;dw06;dw07;dw08,dw00;dw01;dw02;dw03;dw04;dw05;dw06;dw07;dw08,dw03;dw07;dw08,125,1,2026-09-01T12:35:29.366+0200,dw06,0789,122,2397,-42,-1998,1324,1.93,82275
ground-height-4m-20260830-222436,d024m_r180_run01.csv,4,24,180,dw00;dw01;dw02;dw03;dw04;dw05;dw06;dw07;dw08,dw00;dw01;dw02;dw03;dw04;dw05;dw06;dw07;dw08,dw03;dw07;dw08,90,1,2026-09-01T12:35:29.446+0200,dw04,0F85,24,2396,10,-1222,2061,4.26,62286
ground-height-4m-20260830-222436,d024m_r180_run01.csv,4,24,180,dw00;dw01;dw02;dw03;dw04;dw05;dw06;dw07;dw08,dw00;dw01;dw02;dw03;dw04;dw05;dw06;dw07;dw08,dw03;dw07;dw08,105,1,2026-09-01T12:35:29.456+0200,dw05,4B92,9,2416,49,-647,2327,2.14,72265
ground-height-4m-20260830-222436,d024m_r180_run01.csv,4,24,180,dw00;dw01;dw02;dw03;dw04;dw05;dw06;dw07;dw08,dw00;dw01;dw02;dw03;dw04;dw05;dw06;dw07;dw08,dw03;dw07;dw08,35,1,2026-09-01T12:35:29.526+0200,dw01,1729,213,2407,-127,2067,1233,2.14,42327
ground-height-4m-20260830-222436,d024m_r180_run01.csv,4,24,180,dw00;dw01;dw02;dw03;dw04;dw05;dw06;dw07;dw08,dw00;dw01;dw02;dw03;dw04;dw05;dw06;dw07;dw08,dw03;dw07;dw08,125,1,2026-09-01T12:35:29.566+0200,dw06,0789,123,2398,-48,-2084,1185,1.99,82305
ground-height-4m-20260830-222436,d024m_r180_run01.csv,4,24,180,dw00;dw01;dw02;dw03;dw04;dw05;dw06;dw07;dw08,dw00;dw01;dw02;dw03;dw04;dw05;dw06;dw07;dw08,dw03;dw07;dw08,105,1,2026-09-01T12:35:29.656+0200,dw05,4B92,10,2414,41,-771,2288,2.08,72235
ground-height-4m-20260830-222436,d024m_r180_run01.csv,4,24,180,dw00;dw01;dw02;dw03;dw04;dw05;dw06;dw07;dw08,dw00;dw01;dw02;dw03;dw04;dw05;dw06;dw07;dw08,dw03;dw07;dw08,125,1,2026-09-01T12:35:29.766+0200,dw06,0789,124,2391,-57,-2215,902,2.08,82336
ground-height-4m-20260830-222436,d024m_r180_run01.csv,4,24,180,dw00;dw01;dw02;dw03;dw04;dw05;dw06;dw07;dw08,dw00;dw01;dw02;dw03;dw04;dw05;dw06;dw07;dw08,dw03;dw07;dw08,105,1,2026-09-01T12:35:29.856+0200,dw05,4B92,11,2415,39,-793,2281,2.32,72265
ground-height-4m-20260830-222436,d024m_r180_run01.csv,4,24,180,dw00;dw01;dw02;dw03;dw04;dw05;dw06;dw07;dw08,dw00;dw01;dw02;dw03;dw04;dw05;dw06;dw07;dw08,dw03;dw07;dw08,35,1,2026-09-01T12:35:29.926+0200,dw01,1729,215,2407,-133,1982,1365,2.08,42327
ground-height-4m-20260830-222436,d024m_r180_run01.csv,4,24,180,dw00;dw01;dw02;dw03;dw04;dw05;dw06;dw07;dw08,dw00;dw01;dw02;dw03;dw04;dw05;dw06;dw07;dw08,dw03;dw07;dw08,125,1,2026-09-01T12:35:29.966+0200,dw06,0789,125,2397,-39,-1956,1385,2.02,82305
ground-height-4m-20260830-222436,d024m_r180_run01.csv,4,24,180,dw00;dw01;dw02;dw03;dw04;dw05;dw06;dw07;dw08,dw00;dw01;dw02;dw03;dw04;dw05;dw06;dw07;dw08,dw03;dw07;dw08,105,1,2026-09-01T12:35:30.056+0200,dw05,4B92,12,2414,45,-705,2309,2.26,72296
ground-height-4m-20260830-222436,d024m_r180_run01.csv,4,24,180,dw00;dw01;dw02;dw03;dw04;dw05;dw06;dw07;dw08,dw00;dw01;dw02;dw03;dw04;dw05;dw06;dw07;dw08,dw03;dw07;dw08,35,1,2026-09-01T12:35:30.125+0200,dw01,1729,216,2408,-131,2015,1318,2.08,42358
ground-height-4m-20260830-222436,d024m_r180_run01.csv,4,24,180,dw00;dw01;dw02;dw03;dw04;dw05;dw06;dw07;dw08,dw00;dw01;dw02;dw03;dw04;dw05;dw06;dw07;dw08,dw03;dw07;dw08,125,1,2026-09-01T12:35:30.165+0200,dw06,0789,126,2396,-54,-2177,1000,2.02,82275
ground-height-4m-20260830-222436,d024m_r180_run01.csv,4,24,180,dw00;dw01;dw02;dw03;dw04;dw05;dw06;dw07;dw08,dw00;dw01;dw02;dw03;dw04;dw05;dw06;dw07;dw08,dw03;dw07;dw08,105,1,2026-09-01T12:35:30.255+0200,dw05,4B92,13,2413,40,-783,2282,2.08,72204
ground-height-4m-20260830-222436,d024m_r180_run01.csv,4,24,180,dw00;dw01;dw02;dw03;dw04;dw05;dw06;dw07;dw08,dw00;dw01;dw02;dw03;dw04;dw05;dw06;dw07;dw08,dw03;dw07;dw08,35,1,2026-09-01T12:35:30.326+0200,dw01,1729,217,2404,-134,1968,1381,2.02,42297
ground-height-4m-20260830-222436,d024m_r180_run01.csv,4,24,180,dw00;dw01;dw02;dw03;dw04;dw05;dw06;dw07;dw08,dw00;dw01;dw02;dw03;dw04;dw05;dw06;dw07;dw08,dw03;dw07;dw08,125,1,2026-09-01T12:35:30.366+0200,dw06,0789,127,2399,-43,-2020,1295,2.02,82305
ground-height-4m-20260830-222436,d024m_r180_run01.csv,4,24,180,dw00;dw01;dw02;dw03;dw04;dw05;dw06;dw07;dw08,dw00;dw01;dw02;dw03;dw04;dw05;dw06;dw07;dw08,dw03;dw07;dw08,15,1,2026-09-01T12:35:30.415+0200,dw00,8103,6,2414,-140,1876,1519,3.33,32287
ground-height-4m-20260830-222436,d024m_r180_run01.csv,4,24,180,dw00;dw01;dw02;dw03;dw04;dw05;dw06;dw07;dw08,dw00;dw01;dw02;dw03;dw04;dw05;dw06;dw07;dw08,dw03;dw07;dw08,105,1,2026-09-01T12:35:30.455+0200,dw05,4B92,14,2413,58,-518,2357,2.20,72235
ground-height-4m-20260830-222436,d024m_r180_run01.csv,4,24,180,dw00;dw01;dw02;dw03;dw04;dw05;dw06;dw07;dw08,dw00;dw01;dw02;dw03;dw04;dw05;dw06;dw07;dw08,dw03;dw07;dw08,125,1,2026-09-01T12:35:30.566+0200,dw06,0789,128,2394,-29,-1800,1579,1.99,82336
ground-height-4m-20260830-222436,d024m_r180_run01.csv,4,24,180,dw00;dw01;dw02;dw03;dw04;dw05;dw06;dw07;dw08,dw00;dw01;dw02;dw03;dw04;dw05;dw06;dw07;dw08,dw03;dw07;dw08,105,1,2026-09-01T12:35:30.656+0200,dw05,4B92,15,2414,34,-874,2250,2.08,72235
ground-height-4m-20260830-222436,d024m_r180_run01.csv,4,24,180,dw00;dw01;dw02;dw03;dw04;dw05;dw06;dw07;dw08,dw00;dw01;dw02;dw03;dw04;dw05;dw06;dw07;dw08,dw03;dw07;dw08,125,1,2026-09-01T12:35:30.766+0200,dw06,0789,129,2397,-42,-1997,1325,2.02,82275
ground-height-4m-20260830-222436,d024m_r180_run01.csv,4,24,180,dw00;dw01;dw02;dw03;dw04;dw05;dw06;dw07;dw08,dw00;dw01;dw02;dw03;dw04;dw05;dw06;dw07;dw08,dw03;dw07;dw08,15,1,2026-09-01T12:35:30.831+0200,dw00,8103,8,2414,-107,2371,451,3.57,47851
ground-height-4m-20260830-222436,d024m_r180_run01.csv,4,24,180,dw00;dw01;dw02;dw03;dw04;dw05;dw06;dw07;dw08,dw00;dw01;dw02;dw03;dw04;dw05;dw06;dw07;dw08,dw03;dw07;dw08,105,1,2026-09-01T12:35:30.856+0200,dw05,4B92,16,2415,64,-427,2377,2.26,72235
ground-height-4m-20260830-222436,d024m_r180_run01.csv,4,24,180,dw00;dw01;dw02;dw03;dw04;dw05;dw06;dw07;dw08,dw00;dw01;dw02;dw03;dw04;dw05;dw06;dw07;dw08,dw03;dw07;dw08,35,1,2026-09-01T12:35:30.925+0200,dw01,1729,220,2408,-114,2263,824,1.93,42358
ground-height-4m-20260830-222436,d024m_r180_run01.csv,4,24,180,dw00;dw01;dw02;dw03;dw04;dw05;dw06;dw07;dw08,dw00;dw01;dw02;dw03;dw04;dw05;dw06;dw07;dw08,dw03;dw07;dw08,125,1,2026-09-01T12:35:30.965+0200,dw06,0789,130,2391,-31,-1840,1527,1.99,82336
ground-height-4m-20260830-222436,d024m_r180_run01.csv,4,24,180,dw00;dw01;dw02;dw03;dw04;dw05;dw06;dw07;dw08,dw00;dw01;dw02;dw03;dw04;dw05;dw06;dw07;dw08,dw03;dw07;dw08,15,1,2026-09-01T12:35:31.015+0200,dw00,8103,9,2414,-162,1558,1844,3.06,32257
ground-height-4m-20260830-222436,d024m_r180_run01.csv,4,24,180,dw00;dw01;dw02;dw03;dw04;dw05;dw06;dw07;dw08,dw00;dw01;dw02;dw03;dw04;dw05;dw06;dw07;dw08,dw03;dw07;dw08,105,1,2026-09-01T12:35:31.055+0200,dw05,4B92,17,2415,54,-573,2346,2.14,72296
ground-height-4m-20260830-222436,d024m_r180_run01.csv,4,24,180,dw00;dw01;dw02;dw03;dw04;dw05;dw06;dw07;dw08,dw00;dw01;dw02;dw03;dw04;dw05;dw06;dw07;dw08,dw03;dw07;dw08,90,1,2026-09-01T12:35:31.158+0200,dw04,0F85,1,2394,3,-1316,2000,-8.19,75439
ground-height-4m-20260830-222436,d024m_r180_run01.csv,4,24,180,dw00;dw01;dw02;dw03;dw04;dw05;dw06;dw07;dw08,dw00;dw01;dw02;dw03;dw04;dw05;dw06;dw07;dw08,dw03;dw07;dw08,125,1,2026-09-01T12:35:31.165+0200,dw06,0789,131,2392,-33,-1861,1503,2.02,82305
ground-height-4m-20260830-222436,d024m_r180_run01.csv,4,24,180,dw00;dw01;dw02;dw03;dw04;dw05;dw06;dw07;dw08,dw00;dw01;dw02;dw03;dw04;dw05;dw06;dw07;dw08,dw03;dw07;dw08,15,1,2026-09-01T12:35:31.215+0200,dw00,8103,10,2412,-171,1415,1953,3.33,32226
ground-height-4m-20260830-222436,d024m_r180_run01.csv,4,24,180,dw00;dw01;dw02;dw03;dw04;dw05;dw06;dw07;dw08,dw00;dw01;dw02;dw03;dw04;dw05;dw06;dw07;dw08,dw03;dw07;dw08,105,1,2026-09-01T12:35:31.255+0200,dw05,4B92,18,2414,54,-575,2345,2.20,72235
ground-height-4m-20260830-222436,d024m_r180_run01.csv,4,24,180,dw00;dw01;dw02;dw03;dw04;dw05;dw06;dw07;dw08,dw00;dw01;dw02;dw03;dw04;dw05;dw06;dw07;dw08,dw03;dw07;dw08,35,1,2026-09-01T12:35:31.325+0200,dw01,1729,222,2406,-134,1961,1395,1.99,42358
ground-height-4m-20260830-222436,d024m_r180_run01.csv,4,24,180,dw00;dw01;dw02;dw03;dw04;dw05;dw06;dw07;dw08,dw00;dw01;dw02;dw03;dw04;dw05;dw06;dw07;dw08,dw03;dw07;dw08,90,1,2026-09-01T12:35:31.345+0200,dw04,0F85,2,2395,7,-1257,2038,2.44,62255
ground-height-4m-20260830-222436,d024m_r180_run01.csv,4,24,180,dw00;dw01;dw02;dw03;dw04;dw05;dw06;dw07;dw08,dw00;dw01;dw02;dw03;dw04;dw05;dw06;dw07;dw08,dw03;dw07;dw08,125,1,2026-09-01T12:35:31.365+0200,dw06,0789,132,2399,-38,-1938,1413,1.93,82336
ground-height-4m-20260830-222436,d024m_r180_run01.csv,4,24,180,dw00;dw01;dw02;dw03;dw04;dw05;dw06;dw07;dw08,dw00;dw01;dw02;dw03;dw04;dw05;dw06;dw07;dw08,dw03;dw07;dw08,15,1,2026-09-01T12:35:31.415+0200,dw00,8103,11,2416,-175,1355,1999,3.09,32226
ground-height-4m-20260830-222436,d024m_r180_run01.csv,4,24,180,dw00;dw01;dw02;dw03;dw04;dw05;dw06;dw07;dw08,dw00;dw01;dw02;dw03;dw04;dw05;dw06;dw07;dw08,dw03;dw07;dw08,105,1,2026-09-01T12:35:31.455+0200,dw05,4B92,19,2417,45,-710,2310,2.20,72265
ground-height-4m-20260830-222436,d024m_r180_run01.csv,4,24,180,dw00;dw01;dw02;dw03;dw04;dw05;dw06;dw07;dw08,dw00;dw01;dw02;dw03;dw04;dw05;dw06;dw07;dw08,dw03;dw07;dw08,35,1,2026-09-01T12:35:31.526+0200,dw01,1729,223,2411,-128,2056,1260,2.14,42297
ground-height-4m-20260830-222436,d024m_r180_run01.csv,4,24,180,dw00;dw01;dw02;dw03;dw04;dw05;dw06;dw07;dw08,dw00;dw01;dw02;dw03;dw04;dw05;dw06;dw07;dw08,dw03;dw07;dw08,125,1,2026-09-01T12:35:31.566+0200,dw06,0789,133,2394,-41,-1986,1336,1.99,82305
ground-height-4m-20260830-222436,d024m_r180_run01.csv,4,24,180,dw00;dw01;dw02;dw03;dw04;dw05;dw06;dw07;dw08,dw00;dw01;dw02;dw03;dw04;dw05;dw06;dw07;dw08,dw03;dw07;dw08,105,1,2026-09-01T12:35:31.655+0200,dw05,4B92,20,2417,55,-559,2352,2.20,72235
ground-height-4m-20260830-222436,d024m_r180_run01.csv,4,24,180,dw00;dw01;dw02;dw03;dw04;dw05;dw06;dw07;dw08,dw00;dw01;dw02;dw03;dw04;dw05;dw06;dw07;dw08,dw03;dw07;dw08,90,1,2026-09-01T12:35:31.761+0200,dw04,0F85,4,2395,0,-1379,1958,2.59,77819
ground-height-4m-20260830-222436,d024m_r180_run01.csv,4,24,180,dw00;dw01;dw02;dw03;dw04;dw05;dw06;dw07;dw08,dw00;dw01;dw02;dw03;dw04;dw05;dw06;dw07;dw08,dw03;dw07;dw08,105,1,2026-09-01T12:35:31.855+0200,dw05,4B92,21,2416,48,-666,2322,2.26,72265
ground-height-4m-20260830-222436,d024m_r180_run01.csv,4,24,180,dw00;dw01;dw02;dw03;dw04;dw05;dw06;dw07;dw08,dw00;dw01;dw02;dw03;dw04;dw05;dw06;dw07;dw08,dw03;dw07;dw08,90,1,2026-09-01T12:35:31.945+0200,dw04,0F85,5,2398,0,-1362,1974,2.50,62225
ground-height-4m-20260830-222436,d024m_r180_run01.csv,4,24,180,dw00;dw01;dw02;dw03;dw04;dw05;dw06;dw07;dw08,dw00;dw01;dw02;dw03;dw04;dw05;dw06;dw07;dw08,dw03;dw07;dw08,125,1,2026-09-01T12:35:31.981+0200,dw06,0789,135,2398,-42,-1999,1325,2.20,2147483
ground-height-4m-20260830-222436,d024m_r180_run01.csv,4,24,180,dw00;dw01;dw02;dw03;dw04;dw05;dw06;dw07;dw08,dw00;dw01;dw02;dw03;dw04;dw05;dw06;dw07;dw08,dw03;dw07;dw08,105,1,2026-09-01T12:35:32.055+0200,dw05,4B92,22,2418,47,-675,2322,2.26,72265
ground-height-4m-20260830-222436,d024m_r180_run01.csv,4,24,180,dw00;dw01;dw02;dw03;dw04;dw05;dw06;dw07;dw08,dw00;dw01;dw02;dw03;dw04;dw05;dw06;dw07;dw08,dw03;dw07;dw08,35,1,2026-09-01T12:35:32.125+0200,dw01,1729,226,2405,-135,1946,1413,2.08,42327
ground-height-4m-20260830-222436,d024m_r180_run01.csv,4,24,180,dw00;dw01;dw02;dw03;dw04;dw05;dw06;dw07;dw08,dw00;dw01;dw02;dw03;dw04;dw05;dw06;dw07;dw08,dw03;dw07;dw08,90,1,2026-09-01T12:35:32.145+0200,dw04,0F85,6,2396,20,-1067,2145,2.44,62255
ground-height-4m-20260830-222436,d024m_r180_run01.csv,4,24,180,dw00;dw01;dw02;dw03;dw04;dw05;dw06;dw07;dw08,dw00;dw01;dw02;dw03;dw04;dw05;dw06;dw07;dw08,dw03;dw07;dw08,125,1,2026-09-01T12:35:32.165+0200,dw06,0789,136,2396,-36,-1917,1438,2.14,82305
ground-height-4m-20260830-222436,d024m_r180_run01.csv,4,24,180,dw00;dw01;dw02;dw03;dw04;dw05;dw06;dw07;dw08,dw00;dw01;dw02;dw03;dw04;dw05;dw06;dw07;dw08,dw03;dw07;dw08,105,1,2026-09-01T12:35:32.255+0200,dw05,4B92,23,2413,46,-683,2315,2.20,72265
ground-height-4m-20260830-222436,d024m_r180_run01.csv,4,24,180,dw00;dw01;dw02;dw03;dw04;dw05;dw06;dw07;dw08,dw00;dw01;dw02;dw03;dw04;dw05;dw06;dw07;dw08,dw03;dw07;dw08,35,1,2026-09-01T12:35:32.325+0200,dw01,1729,227,2408,-142,1852,1539,1.93,42358
ground-height-4m-20260830-222436,d024m_r180_run01.csv,4,24,180,dw00;dw01;dw02;dw03;dw04;dw05;dw06;dw07;dw08,dw00;dw01;dw02;dw03;dw04;dw05;dw06;dw07;dw08,dw03;dw07;dw08,125,1,2026-09-01T12:35:32.365+0200,dw06,0789,137,2400,-37,-1923,1436,2.02,82305
ground-height-4m-20260830-222436,d024m_r180_run01.csv,4,24,180,dw00;dw01;dw02;dw03;dw04;dw05;dw06;dw07;dw08,dw00;dw01;dw02;dw03;dw04;dw05;dw06;dw07;dw08,dw03;dw07;dw08,105,1,2026-09-01T12:35:32.455+0200,dw05,4B92,24,2414,52,-604,2338,2.26,72235
ground-height-4m-20260830-222436,d024m_r180_run01.csv,4,24,180,dw00;dw01;dw02;dw03;dw04;dw05;dw06;dw07;dw08,dw00;dw01;dw02;dw03;dw04;dw05;dw06;dw07;dw08,dw03;dw07;dw08,35,1,2026-09-01T12:35:32.525+0200,dw01,1729,228,2407,-130,2021,1306,1.99,42358
ground-height-4m-20260830-222436,d024m_r180_run01.csv,4,24,180,dw00;dw01;dw02;dw03;dw04;dw05;dw06;dw07;dw08,dw00;dw01;dw02;dw03;dw04;dw05;dw06;dw07;dw08,dw03;dw07;dw08,90,1,2026-09-01T12:35:32.561+0200,dw04,0F85,8,2396,1,-1356,1975,2.65,77758
ground-height-4m-20260830-222436,d024m_r180_run01.csv,4,24,180,dw00;dw01;dw02;dw03;dw04;dw05;dw06;dw07;dw08,dw00;dw01;dw02;dw03;dw04;dw05;dw06;dw07;dw08,dw03;dw07;dw08,15,1,2026-09-01T12:35:32.646+0200,dw00,8103,17,2410,-149,1737,1670,3.78,63354
ground-height-4m-20260830-222436,d024m_r180_run01.csv,4,24,180,dw00;dw01;dw02;dw03;dw04;dw05;dw06;dw07;dw08,dw00;dw01;dw02;dw03;dw04;dw05;dw06;dw07;dw08,dw03;dw07;dw08,105,1,2026-09-01T12:35:32.654+0200,dw05,4B92,25,2413,53,-582,2342,2.02,72235
ground-height-4m-20260830-222436,d024m_r180_run01.csv,4,24,180,dw00;dw01;dw02;dw03;dw04;dw05;dw06;dw07;dw08,dw00;dw01;dw02;dw03;dw04;dw05;dw06;dw07;dw08,dw03;dw07;dw08,35,1,2026-09-01T12:35:32.725+0200,dw01,1729,229,2404,-111,2298,706,2.02,42358
ground-height-4m-20260830-222436,d024m_r180_run01.csv,4,24,180,dw00;dw01;dw02;dw03;dw04;dw05;dw06;dw07;dw08,dw00;dw01;dw02;dw03;dw04;dw05;dw06;dw07;dw08,dw03;dw07;dw08,90,1,2026-09-01T12:35:32.745+0200,dw04,0F85,9,2396,1,-1351,1979,2.44,62316
ground-height-4m-20260830-222436,d024m_r180_run01.csv,4,24,180,dw00;dw01;dw02;dw03;dw04;dw05;dw06;dw07;dw08,dw00;dw01;dw02;dw03;dw04;dw05;dw06;dw07;dw08,dw03;dw07;dw08,125,1,2026-09-01T12:35:32.780+0200,dw06,0789,139,2394,-39,-1958,1377,2.08,2147483
ground-height-4m-20260830-222436,d024m_r180_run01.csv,4,24,180,dw00;dw01;dw02;dw03;dw04;dw05;dw06;dw07;dw08,dw00;dw01;dw02;dw03;dw04;dw05;dw06;dw07;dw08,dw03;dw07;dw08,105,1,2026-09-01T12:35:32.855+0200,dw05,4B92,26,2416,49,-640,2330,2.20,72235
ground-height-4m-20260830-222436,d024m_r180_run01.csv,4,24,180,dw00;dw01;dw02;dw03;dw04;dw05;dw06;dw07;dw08,dw00;dw01;dw02;dw03;dw04;dw05;dw06;dw07;dw08,dw03;dw07;dw08,35,1,2026-09-01T12:35:32.925+0200,dw01,1729,230,2405,-121,2150,1078,1.99,42358
ground-height-4m-20260830-222436,d024m_r180_run01.csv,4,24,180,dw00;dw01;dw02;dw03;dw04;dw05;dw06;dw07;dw08,dw00;dw01;dw02;dw03;dw04;dw05;dw06;dw07;dw08,dw03;dw07;dw08,90,1,2026-09-01T12:35:32.944+0200,dw04,0F85,10,2397,9,-1231,2056,2.38,62225
ground-height-4m-20260830-222436,d024m_r180_run01.csv,4,24,180,dw00;dw01;dw02;dw03;dw04;dw05;dw06;dw07;dw08,dw00;dw01;dw02;dw03;dw04;dw05;dw06;dw07;dw08,dw03;dw07;dw08,125,1,2026-09-01T12:35:32.965+0200,dw06,0789,140,2397,-45,-2041,1258,1.93,82336
ground-height-4m-20260830-222436,d024m_r180_run01.csv,4,24,180,dw00;dw01;dw02;dw03;dw04;dw05;dw06;dw07;dw08,dw00;dw01;dw02;dw03;dw04;dw05;dw06;dw07;dw08,dw03;dw07;dw08,105,1,2026-09-01T12:35:33.055+0200,dw05,4B92,27,2417,46,-692,2316,2.20,72235
ground-height-4m-20260830-222436,d024m_r180_run01.csv,4,24,180,dw00;dw01;dw02;dw03;dw04;dw05;dw06;dw07;dw08,dw00;dw01;dw02;dw03;dw04;dw05;dw06;dw07;dw08,dw03;dw07;dw08,35,1,2026-09-01T12:35:33.125+0200,dw01,1729,231,2411,-125,2100,1183,1.99,42297
ground-height-4m-20260830-222436,d024m_r180_run01.csv,4,24,180,dw00;dw01;dw02;dw03;dw04;dw05;dw06;dw07;dw08,dw00;dw01;dw02;dw03;dw04;dw05;dw06;dw07;dw08,dw03;dw07;dw08,90,1,2026-09-01T12:35:33.145+0200,dw04,0F85,11,2395,13,-1176,2086,2.50,62255
ground-height-4m-20260830-222436,d024m_r180_run01.csv,4,24,180,dw00;dw01;dw02;dw03;dw04;dw05;dw06;dw07;dw08,dw00;dw01;dw02;dw03;dw04;dw05;dw06;dw07;dw08,dw03;dw07;dw08,125,1,2026-09-01T12:35:33.165+0200,dw06,0789,141,2397,-41,-1985,1344,1.93,82305
ground-height-4m-20260830-222436,d024m_r180_run01.csv,4,24,180,dw00;dw01;dw02;dw03;dw04;dw05;dw06;dw07;dw08,dw00;dw01;dw02;dw03;dw04;dw05;dw06;dw07;dw08,dw03;dw07;dw08,105,1,2026-09-01T12:35:33.255+0200,dw05,4B92,28,2415,42,-745,2297,2.26,72235
ground-height-4m-20260830-222436,d024m_r180_run01.csv,4,24,180,dw00;dw01;dw02;dw03;dw04;dw05;dw06;dw07;dw08,dw00;dw01;dw02;dw03;dw04;dw05;dw06;dw07;dw08,dw03;dw07;dw08,35,1,2026-09-01T12:35:33.324+0200,dw01,1729,232,2408,-121,2161,1062,1.93,42358
ground-height-4m-20260830-222436,d024m_r180_run01.csv,4,24,180,dw00;dw01;dw02;dw03;dw04;dw05;dw06;dw07;dw08,dw00;dw01;dw02;dw03;dw04;dw05;dw06;dw07;dw08,dw03;dw07;dw08,90,1,2026-09-01T12:35:33.345+0200,dw04,0F85,12,2394,14,-1153,2098,2.38,62194
ground-height-4m-20260830-222436,d024m_r180_run01.csv,4,24,180,dw00;dw01;dw02;dw03;dw04;dw05;dw06;dw07;dw08,dw00;dw01;dw02;dw03;dw04;dw05;dw06;dw07;dw08,dw03;dw07;dw08,125,1,2026-09-01T12:35:33.364+0200,dw06,0789,142,2390,-25,-1737,1642,1.87,82305
ground-height-4m-20260830-222436,d024m_r180_run01.csv,4,24,180,dw00;dw01;dw02;dw03;dw04;dw05;dw06;dw07;dw08,dw00;dw01;dw02;dw03;dw04;dw05;dw06;dw07;dw08,dw03;dw07;dw08,105,1,2026-09-01T12:35:33.454+0200,dw05,4B92,29,2416,56,-547,2353,2.26,72235
ground-height-4m-20260830-222436,d024m_r180_run01.csv,4,24,180,dw00;dw01;dw02;dw03;dw04;dw05;dw06;dw07;dw08,dw00;dw01;dw02;dw03;dw04;dw05;dw06;dw07;dw08,dw03;dw07;dw08,35,1,2026-09-01T12:35:33.524+0200,dw01,1729,233,2404,-124,2109,1153,1.93,42358
ground-height-4m-20260830-222436,d024m_r180_run01.csv,4,24,180,dw00;dw01;dw02;dw03;dw04;dw05;dw06;dw07;dw08,dw00;dw01;dw02;dw03;dw04;dw05;dw06;dw07;dw08,dw03;dw07;dw08,90,1,2026-09-01T12:35:33.545+0200,dw04,0F85,13,2397,2,-1333,1992,2.50,62255
ground-height-4m-20260830-222436,d024m_r180_run01.csv,4,24,180,dw00;dw01;dw02;dw03;dw04;dw05;dw06;dw07;dw08,dw00;dw01;dw02;dw03;dw04;dw05;dw06;dw07;dw08,dw03;dw07;dw08,125,1,2026-09-01T12:35:33.564+0200,dw06,0789,143,2397,-41,-1992,1334,1.81,82305
ground-height-4m-20260830-222436,d024m_r180_run01.csv,4,24,180,dw00;dw01;dw02;dw03;dw04;dw05;dw06;dw07;dw08,dw00;dw01;dw02;dw03;dw04;dw05;dw06;dw07;dw08,dw03;dw07;dw08,105,1,2026-09-01T12:35:33.654+0200,dw05,4B92,30,2418,48,-662,2325,2.20,72235
ground-height-4m-20260830-222436,d024m_r180_run01.csv,4,24,180,dw00;dw01;dw02;dw03;dw04;dw05;dw06;dw07;dw08,dw00;dw01;dw02;dw03;dw04;dw05;dw06;dw07;dw08,dw03;dw07;dw08,35,1,2026-09-01T12:35:33.725+0200,dw01,1729,234,2403,-122,2133,1106,2.02,42327
ground-height-4m-20260830-222436,d024m_r180_run01.csv,4,24,180,dw00;dw01;dw02;dw03;dw04;dw05;dw06;dw07;dw08,dw00;dw01;dw02;dw03;dw04;dw05;dw06;dw07;dw08,dw03;dw07;dw08,125,1,2026-09-01T12:35:33.765+0200,dw06,0789,144,2398,-46,-2060,1226,1.99,82305
ground-height-4m-20260830-222436,d024m_r180_run01.csv,4,24,180,dw00;dw01;dw02;dw03;dw04;dw05;dw06;dw07;dw08,dw00;dw01;dw02;dw03;dw04;dw05;dw06;dw07;dw08,dw03;dw07;dw08,105,1,2026-09-01T12:35:33.855+0200,dw05,4B92,31,2414,50,-627,2331,2.20,72235
ground-height-4m-20260830-222436,d024m_r180_run01.csv,4,24,180,dw00;dw01;dw02;dw03;dw04;dw05;dw06;dw07;dw08,dw00;dw01;dw02;dw03;dw04;dw05;dw06;dw07;dw08,dw03;dw07;dw08,35,1,2026-09-01T12:35:33.925+0200,dw01,1729,235,2412,-131,2009,1335,1.93,42327
ground-height-4m-20260830-222436,d024m_r180_run01.csv,4,24,180,dw00;dw01;dw02;dw03;dw04;dw05;dw06;dw07;dw08,dw00;dw01;dw02;dw03;dw04;dw05;dw06;dw07;dw08,dw03;dw07;dw08,90,1,2026-09-01T12:35:33.944+0200,dw04,0F85,15,2398,9,-1228,2060,2.50,62225
ground-height-4m-20260830-222436,d024m_r180_run01.csv,4,24,180,dw00;dw01;dw02;dw03;dw04;dw05;dw06;dw07;dw08,dw00;dw01;dw02;dw03;dw04;dw05;dw06;dw07;dw08,dw03;dw07;dw08,125,1,2026-09-01T12:35:33.965+0200,dw06,0789,145,2398,-39,-1951,1394,1.87,82305
ground-height-4m-20260830-222436,d024m_r180_run01.csv,4,24,180,dw00;dw01;dw02;dw03;dw04;dw05;dw06;dw07;dw08,dw00;dw01;dw02;dw03;dw04;dw05;dw06;dw07;dw08,dw03;dw07;dw08,105,1,2026-09-01T12:35:34.055+0200,dw05,4B92,32,2417,56,-545,2354,2.20,72235
ground-height-4m-20260830-222436,d024m_r180_run01.csv,4,24,180,dw00;dw01;dw02;dw03;dw04;dw05;dw06;dw07;dw08,dw00;dw01;dw02;dw03;dw04;dw05;dw06;dw07;dw08,dw03;dw07;dw08,90,1,2026-09-01T12:35:34.145+0200,dw04,0F85,16,2396,15,-1136,2109,2.44,62225
ground-height-4m-20260830-222436,d024m_r180_run01.csv,4,24,180,dw00;dw01;dw02;dw03;dw04;dw05;dw06;dw07;dw08,dw00;dw01;dw02;dw03;dw04;dw05;dw06;dw07;dw08,dw03;dw07;dw08,125,1,2026-09-01T12:35:34.164+0200,dw06,0789,146,2397,-29,-1807,1575,1.93,82305
ground-height-4m-20260830-222436,d024m_r180_run01.csv,4,24,180,dw00;dw01;dw02;dw03;dw04;dw05;dw06;dw07;dw08,dw00;dw01;dw02;dw03;dw04;dw05;dw06;dw07;dw08,dw03;dw07;dw08,105,1,2026-09-01T12:35:34.254+0200,dw05,4B92,33,2414,50,-630,2330,2.20,72265
ground-height-4m-20260830-222436,d024m_r180_run01.csv,4,24,180,dw00;dw01;dw02;dw03;dw04;dw05;dw06;dw07;dw08,dw00;dw01;dw02;dw03;dw04;dw05;dw06;dw07;dw08,dw03;dw07;dw08,35,1,2026-09-01T12:35:34.324+0200,dw01,1729,237,2408,-109,2338,576,2.08,42358
ground-height-4m-20260830-222436,d024m_r180_run01.csv,4,24,180,dw00;dw01;dw02;dw03;dw04;dw05;dw06;dw07;dw08,dw00;dw01;dw02;dw03;dw04;dw05;dw06;dw07;dw08,dw03;dw07;dw08,90,1,2026-09-01T12:35:34.345+0200,dw04,0F85,17,2394,7,-1254,2039,2.38,62255
ground-height-4m-20260830-222436,d024m_r180_run01.csv,4,24,180,dw00;dw01;dw02;dw03;dw04;dw05;dw06;dw07;dw08,dw00;dw01;dw02;dw03;dw04;dw05;dw06;dw07;dw08,dw03;dw07;dw08,125,1,2026-09-01T12:35:34.364+0200,dw06,0789,147,2396,-43,-2007,1308,1.81,82336
ground-height-4m-20260830-222436,d024m_r180_run01.csv,4,24,180,dw00;dw01;dw02;dw03;dw04;dw05;dw06;dw07;dw08,dw00;dw01;dw02;dw03;dw04;dw05;dw06;dw07;dw08,dw03;dw07;dw08,105,1,2026-09-01T12:35:34.454+0200,dw05,4B92,34,2413,56,-544,2351,2.26,72235
ground-height-4m-20260830-222436,d024m_r180_run01.csv,4,24,180,dw00;dw01;dw02;dw03;dw04;dw05;dw06;dw07;dw08,dw00;dw01;dw02;dw03;dw04;dw05;dw06;dw07;dw08,dw03;dw07;dw08,35,1,2026-09-01T12:35:34.524+0200,dw01,1729,238,2412,-123,2136,1122,1.93,42327
ground-height-4m-20260830-222436,d024m_r180_run01.csv,4,24,180,dw00;dw01;dw02;dw03;dw04;dw05;dw06;dw07;dw08,dw00;dw01;dw02;dw03;dw04;dw05;dw06;dw07;dw08,dw03;dw07;dw08,90,1,2026-09-01T12:35:34.544+0200,dw04,0F85,18,2396,13,-1167,2092,2.32,62225
ground-height-4m-20260830-222436,d024m_r180_run01.csv,4,24,180,dw00;dw01;dw02;dw03;dw04;dw05;dw06;dw07;dw08,dw00;dw01;dw02;dw03;dw04;dw05;dw06;dw07;dw08,dw03;dw07;dw08,125,1,2026-09-01T12:35:34.564+0200,dw06,0789,148,2395,-39,-1949,1391,1.81,82305
ground-height-4m-20260830-222436,d024m_r180_run01.csv,4,24,180,dw00;dw01;dw02;dw03;dw04;dw05;dw06;dw07;dw08,dw00;dw01;dw02;dw03;dw04;dw05;dw06;dw07;dw08,dw03;dw07;dw08,105,1,2026-09-01T12:35:34.654+0200,dw05,4B92,35,2417,46,-688,2317,2.20,72235
ground-height-4m-20260830-222436,d024m_r180_run01.csv,4,24,180,dw00;dw01;dw02;dw03;dw04;dw05;dw06;dw07;dw08,dw00;dw01;dw02;dw03;dw04;dw05;dw06;dw07;dw08,dw03;dw07;dw08,125,1,2026-09-01T12:35:34.765+0200,dw06,0789,149,2391,-53,-2158,1029,1.99,82305
ground-height-4m-20260830-222436,d024m_r180_run01.csv,4,24,180,dw00;dw01;dw02;dw03;dw04;dw05;dw06;dw07;dw08,dw00;dw01;dw02;dw03;dw04;dw05;dw06;dw07;dw08,dw03;dw07;dw08,105,1,2026-09-01T12:35:34.854+0200,dw05,4B92,36,2418,54,-579,2347,2.08,72235
ground-height-4m-20260830-222436,d024m_r180_run01.csv,4,24,180,dw00;dw01;dw02;dw03;dw04;dw05;dw06;dw07;dw08,dw00;dw01;dw02;dw03;dw04;dw05;dw06;dw07;dw08,dw03;dw07;dw08,90,1,2026-09-01T12:35:34.960+0200,dw04,0F85,20,2395,19,-1088,2134,2.59,77758
ground-height-4m-20260830-222436,d024m_r180_run01.csv,4,24,180,dw00;dw01;dw02;dw03;dw04;dw05;dw06;dw07;dw08,dw00;dw01;dw02;dw03;dw04;dw05;dw06;dw07;dw08,dw03;dw07;dw08,105,1,2026-09-01T12:35:35.054+0200,dw05,4B92,37,2414,45,-701,2310,2.20,72235
ground-height-4m-20260830-222436,d024m_r180_run01.csv,4,24,180,dw00;dw01;dw02;dw03;dw04;dw05;dw06;dw07;dw08,dw00;dw01;dw02;dw03;dw04;dw05;dw06;dw07;dw08,dw03;dw07;dw08,35,1,2026-09-01T12:35:35.124+0200,dw01,1729,241,2409,-130,2026,1303,2.08,42358
ground-height-4m-20260830-222436,d024m_r180_run01.csv,4,24,180,dw00;dw01;dw02;dw03;dw04;dw05;dw06;dw07;dw08,dw00;dw01;dw02;dw03;dw04;dw05;dw06;dw07;dw08,dw03;dw07;dw08,90,1,2026-09-01T12:35:35.144+0200,dw04,0F85,21,2402,3,-1319,2007,2.38,62286
ground-height-4m-20260830-222436,d024m_r180_run01.csv,4,24,180,dw00;dw01;dw02;dw03;dw04;dw05;dw06;dw07;dw08,dw00;dw01;dw02;dw03;dw04;dw05;dw06;dw07;dw08,dw03;dw07;dw08,125,1,2026-09-01T12:35:35.180+0200,dw06,0789,151,2396,-34,-1883,1481,2.02,2147483
ground-height-4m-20260830-222436,d024m_r180_run01.csv,4,24,180,dw00;dw01;dw02;dw03;dw04;dw05;dw06;dw07;dw08,dw00;dw01;dw02;dw03;dw04;dw05;dw06;dw07;dw08,dw03;dw07;dw08,105,1,2026-09-01T12:35:35.254+0200,dw05,4B92,38,2413,45,-701,2309,2.20,72235
ground-height-4m-20260830-222436,d024m_r180_run01.csv,4,24,180,dw00;dw01;dw02;dw03;dw04;dw05;dw06;dw07;dw08,dw00;dw01;dw02;dw03;dw04;dw05;dw06;dw07;dw08,dw03;dw07;dw08,35,1,2026-09-01T12:35:35.324+0200,dw01,1729,242,2405,-127,2063,1237,2.08,42327
ground-height-4m-20260830-222436,d024m_r180_run01.csv,4,24,180,dw00;dw01;dw02;dw03;dw04;dw05;dw06;dw07;dw08,dw00;dw01;dw02;dw03;dw04;dw05;dw06;dw07;dw08,dw03;dw07;dw08,90,1,2026-09-01T12:35:35.344+0200,dw04,0F85,22,2393,-7,-1484,1878,2.44,62225
ground-height-4m-20260830-222436,d024m_r180_run01.csv,4,24,180,dw00;dw01;dw02;dw03;dw04;dw05;dw06;dw07;dw08,dw00;dw01;dw02;dw03;dw04;dw05;dw06;dw07;dw08,dw03;dw07;dw08,125,1,2026-09-01T12:35:35.364+0200,dw06,0789,152,2398,-32,-1854,1521,1.81,82366
ground-height-4m-20260830-222436,d024m_r180_run01.csv,4,24,180,dw00;dw01;dw02;dw03;dw04;dw05;dw06;dw07;dw08,dw00;dw01;dw02;dw03;dw04;dw05;dw06;dw07;dw08,dw03;dw07;dw08,105,1,2026-09-01T12:35:35.454+0200,dw05,4B92,39,2415,54,-569,2347,2.14,72235
ground-height-4m-20260830-222436,d024m_r180_run01.csv,4,24,180,dw00;dw01;dw02;dw03;dw04;dw05;dw06;dw07;dw08,dw00;dw01;dw02;dw03;dw04;dw05;dw06;dw07;dw08,dw03;dw07;dw08,35,1,2026-09-01T12:35:35.524+0200,dw01,1729,243,2406,-119,2190,995,2.08,42358
ground-height-4m-20260830-222436,d024m_r180_run01.csv,4,24,180,dw00;dw01;dw02;dw03;dw04;dw05;dw06;dw07;dw08,dw00;dw01;dw02;dw03;dw04;dw05;dw06;dw07;dw08,dw03;dw07;dw08,125,1,2026-09-01T12:35:35.564+0200,dw06,0789,153,2396,-40,-1974,1357,2.02,82275
ground-height-4m-20260830-222436,d024m_r180_run01.csv,4,24,180,dw00;dw01;dw02;dw03;dw04;dw05;dw06;dw07;dw08,dw00;dw01;dw02;dw03;dw04;dw05;dw06;dw07;dw08,dw03;dw07;dw08,105,1,2026-09-01T12:35:35.654+0200,dw05,4B92,40,2415,50,-631,2331,2.26,72235
ground-height-4m-20260830-222436,d024m_r180_run01.csv,4,24,180,dw00;dw01;dw02;dw03;dw04;dw05;dw06;dw07;dw08,dw00;dw01;dw02;dw03;dw04;dw05;dw06;dw07;dw08,dw03;dw07;dw08,35,1,2026-09-01T12:35:35.724+0200,dw01,1729,244,2407,-147,1765,1636,2.02,42327
ground-height-4m-20260830-222436,d024m_r180_run01.csv,4,24,180,dw00;dw01;dw02;dw03;dw04;dw05;dw06;dw07;dw08,dw00;dw01;dw02;dw03;dw04;dw05;dw06;dw07;dw08,dw03;dw07;dw08,90,1,2026-09-01T12:35:35.744+0200,dw04,0F85,24,2393,132,576,2323,2.44,62225
ground-height-4m-20260830-222436,d024m_r180_run01.csv,4,24,180,dw00;dw01;dw02;dw03;dw04;dw05;dw06;dw07;dw08,dw00;dw01;dw02;dw03;dw04;dw05;dw06;dw07;dw08,dw03;dw07;dw08,125,1,2026-09-01T12:35:35.764+0200,dw06,0789,154,2400,-35,-1902,1463,1.93,82336
ground-height-4m-20260830-222436,d024m_r180_run01.csv,4,24,180,dw00;dw01;dw02;dw03;dw04;dw05;dw06;dw07;dw08,dw00;dw01;dw02;dw03;dw04;dw05;dw06;dw07;dw08,dw03;dw07;dw08,105,1,2026-09-01T12:35:35.853+0200,dw05,4B92,41,2414,48,-659,2322,2.20,72265
ground-height-4m-20260830-222436,d024m_r180_run01.csv,4,24,180,dw00;dw01;dw02;dw03;dw04;dw05;dw06;dw07;dw08,dw00;dw01;dw02;dw03;dw04;dw05;dw06;dw07;dw08,dw03;dw07;dw08,35,1,2026-09-01T12:35:35.924+0200,dw01,1729,245,2408,-133,1973,1380,2.08,42358
ground-height-4m-20260830-222436,d024m_r180_run01.csv,4,24,180,dw00;dw01;dw02;dw03;dw04;dw05;dw06;dw07;dw08,dw00;dw01;dw02;dw03;dw04;dw05;dw06;dw07;dw08,dw03;dw07;dw08,90,1,2026-09-01T12:35:35.944+0200,dw04,0F85,25,2391,0,-1372,1958,2.44,62225
ground-height-4m-20260830-222436,d024m_r180_run01.csv,4,24,180,dw00;dw01;dw02;dw03;dw04;dw05;dw06;dw07;dw08,dw00;dw01;dw02;dw03;dw04;dw05;dw06;dw07;dw08,dw03;dw07;dw08,125,1,2026-09-01T12:35:35.964+0200,dw06,0789,155,2395,-45,-2038,1257,1.87,82305
ground-height-4m-20260830-222436,d024m_r180_run01.csv,4,24,180,dw00;dw01;dw02;dw03;dw04;dw05;dw06;dw07;dw08,dw00;dw01;dw02;dw03;dw04;dw05;dw06;dw07;dw08,dw03;dw07;dw08,105,1,2026-09-01T12:35:36.054+0200,dw05,4B92,42,2415,56,-547,2352,2.32,72235
ground-height-4m-20260830-222436,d024m_r180_run01.csv,4,24,180,dw00;dw01;dw02;dw03;dw04;dw05;dw06;dw07;dw08,dw00;dw01;dw02;dw03;dw04;dw05;dw06;dw07;dw08,dw03;dw07;dw08,35,1,2026-09-01T12:35:36.124+0200,dw01,1729,246,2408,-125,2092,1192,2.02,42327
ground-height-4m-20260830-222436,d024m_r180_run01.csv,4,24,180,dw00;dw01;dw02;dw03;dw04;dw05;dw06;dw07;dw08,dw00;dw01;dw02;dw03;dw04;dw05;dw06;dw07;dw08,dw03;dw07;dw08,90,1,2026-09-01T12:35:36.143+0200,dw04,0F85,26,2396,12,-1186,2081,2.38,62225
ground-height-4m-20260830-222436,d024m_r180_run01.csv,4,24,180,dw00;dw01;dw02;dw03;dw04;dw05;dw06;dw07;dw08,dw00;dw01;dw02;dw03;dw04;dw05;dw06;dw07;dw08,dw03;dw07;dw08,125,1,2026-09-01T12:35:36.164+0200,dw06,0789,156,2402,-33,-1868,1510,1.93,82305
ground-height-4m-20260830-222436,d024m_r180_run01.csv,4,24,180,dw00;dw01;dw02;dw03;dw04;dw05;dw06;dw07;dw08,dw00;dw01;dw02;dw03;dw04;dw05;dw06;dw07;dw08,dw03;dw07;dw08,105,1,2026-09-01T12:35:36.254+0200,dw05,4B92,43,2413,54,-566,2346,2.26,72235
ground-height-4m-20260830-222436,d024m_r180_run01.csv,4,24,180,dw00;dw01;dw02;dw03;dw04;dw05;dw06;dw07;dw08,dw00;dw01;dw02;dw03;dw04;dw05;dw06;dw07;dw08,dw03;dw07;dw08,90,1,2026-09-01T12:35:36.344+0200,dw04,0F85,27,2388,11,-1202,2063,2.44,62225
ground-height-4m-20260830-222436,d024m_r180_run01.csv,4,24,180,dw00;dw01;dw02;dw03;dw04;dw05;dw06;dw07;dw08,dw00;dw01;dw02;dw03;dw04;dw05;dw06;dw07;dw08,dw03;dw07;dw08,125,1,2026-09-01T12:35:36.364+0200,dw06,0789,157,2397,-48,-2092,1169,1.81,82305
ground-height-4m-20260830-222436,d024m_r180_run01.csv,4,24,180,dw00;dw01;dw02;dw03;dw04;dw05;dw06;dw07;dw08,dw00;dw01;dw02;dw03;dw04;dw05;dw06;dw07;dw08,dw03;dw07;dw08,105,1,2026-09-01T12:35:36.454+0200,dw05,4B92,44,2414,55,-561,2348,2.38,72235
ground-height-4m-20260830-222436,d024m_r180_run01.csv,4,24,180,dw00;dw01;dw02;dw03;dw04;dw05;dw06;dw07;dw08,dw00;dw01;dw02;dw03;dw04;dw05;dw06;dw07;dw08,dw03;dw07;dw08,35,1,2026-09-01T12:35:36.540+0200,dw01,1729,248,2409,-132,1989,1358,2.14,58197
ground-height-4m-20260830-222436,d024m_r180_run01.csv,4,24,180,dw00;dw01;dw02;dw03;dw04;dw05;dw06;dw07;dw08,dw00;dw01;dw02;dw03;dw04;dw05;dw06;dw07;dw08,dw03;dw07;dw08,125,1,2026-09-01T12:35:36.563+0200,dw06,0789,158,2401,-47,-2080,1199,1.93,82305
ground-height-4m-20260830-222436,d024m_r180_run01.csv,4,24,180,dw00;dw01;dw02;dw03;dw04;dw05;dw06;dw07;dw08,dw00;dw01;dw02;dw03;dw04;dw05;dw06;dw07;dw08,dw03;dw07;dw08,105,1,2026-09-01T12:35:36.653+0200,dw05,4B92,45,2414,44,-725,2302,2.20,72235
ground-height-4m-20260830-222436,d024m_r180_run01.csv,4,24,180,dw00;dw01;dw02;dw03;dw04;dw05;dw06;dw07;dw08,dw00;dw01;dw02;dw03;dw04;dw05;dw06;dw07;dw08,dw03;dw07;dw08,35,1,2026-09-01T12:35:36.723+0200,dw01,1729,249,2403,-135,1946,1410,1.87,42358
ground-height-4m-20260830-222436,d024m_r180_run01.csv,4,24,180,dw00;dw01;dw02;dw03;dw04;dw05;dw06;dw07;dw08,dw00;dw01;dw02;dw03;dw04;dw05;dw06;dw07;dw08,dw03;dw07;dw08,90,1,2026-09-01T12:35:36.759+0200,dw04,0F85,29,2396,3,-1320,1999,2.77,77758
ground-height-4m-20260830-222436,d024m_r180_run01.csv,4,24,180,dw00;dw01;dw02;dw03;dw04;dw05;dw06;dw07;dw08,dw00;dw01;dw02;dw03;dw04;dw05;dw06;dw07;dw08,dw03;dw07;dw08,105,1,2026-09-01T12:35:36.853+0200,dw05,4B92,46,2413,54,-567,2346,2.26,72235
ground-height-4m-20260830-222436,d024m_r180_run01.csv,4,24,180,dw00;dw01;dw02;dw03;dw04;dw05;dw06;dw07;dw08,dw00;dw01;dw02;dw03;dw04;dw05;dw06;dw07;dw08,dw03;dw07;dw08,35,1,2026-09-01T12:35:36.924+0200,dw01,1729,250,2403,-132,1988,1349,1.93,42327
ground-height-4m-20260830-222436,d024m_r180_run01.csv,4,24,180,dw00;dw01;dw02;dw03;dw04;dw05;dw06;dw07;dw08,dw00;dw01;dw02;dw03;dw04;dw05;dw06;dw07;dw08,dw03;dw07;dw08,90,1,2026-09-01T12:35:36.943+0200,dw04,0F85,30,2400,18,-1097,2134,2.53,62286
ground-height-4m-20260830-222436,d024m_r180_run01.csv,4,24,180,dw00;dw01;dw02;dw03;dw04;dw05;dw06;dw07;dw08,dw00;dw01;dw02;dw03;dw04;dw05;dw06;dw07;dw08,dw03;dw07;dw08,125,1,2026-09-01T12:35:36.979+0200,dw06,0789,160,2396,-52,-2141,1074,1.99,2147483
ground-height-4m-20260830-222436,d024m_r180_run01.csv,4,24,180,dw00;dw01;dw02;dw03;dw04;dw05;dw06;dw07;dw08,dw00;dw01;dw02;dw03;dw04;dw05;dw06;dw07;dw08,dw03;dw07;dw08,105,1,2026-09-01T12:35:37.053+0200,dw05,4B92,47,2415,41,-763,2291,2.14,72235
ground-height-4m-20260830-222436,d024m_r180_run01.csv,4,24,180,dw00;dw01;dw02;dw03;dw04;dw05;dw06;dw07;dw08,dw00;dw01;dw02;dw03;dw04;dw05;dw06;dw07;dw08,dw03;dw07;dw08,35,1,2026-09-01T12:35:37.124+0200,dw01,1729,251,2407,-102,2407,0,1.93,42358
ground-height-4m-20260830-222436,d024m_r180_run01.csv,4,24,180,dw00;dw01;dw02;dw03;dw04;dw05;dw06;dw07;dw08,dw00;dw01;dw02;dw03;dw04;dw05;dw06;dw07;dw08,dw03;dw07;dw08,90,1,2026-09-01T12:35:37.143+0200,dw04,0F85,31,2390,-7,-1472,1884,2.50,62255
ground-height-4m-20260830-222436,d024m_r180_run01.csv,4,24,180,dw00;dw01;dw02;dw03;dw04;dw05;dw06;dw07;dw08,dw00;dw01;dw02;dw03;dw04;dw05;dw06;dw07;dw08,dw03;dw07;dw08,125,1,2026-09-01T12:35:37.164+0200,dw06,0789,161,2397,-49,-2100,1155,1.93,82336
ground-height-4m-20260830-222436,d024m_r180_run01.csv,4,24,180,dw00;dw01;dw02;dw03;dw04;dw05;dw06;dw07;dw08,dw00;dw01;dw02;dw03;dw04;dw05;dw06;dw07;dw08,dw03;dw07;dw08,105,1,2026-09-01T12:35:37.254+0200,dw05,4B92,48,2414,43,-737,2299,2.14,72265
ground-height-4m-20260830-222436,d024m_r180_run01.csv,4,24,180,dw00;dw01;dw02;dw03;dw04;dw05;dw06;dw07;dw08,dw00;dw01;dw02;dw03;dw04;dw05;dw06;dw07;dw08,dw03;dw07;dw08,35,1,2026-09-01T12:35:37.323+0200,dw01,1729,252,2410,-127,2070,1234,1.75,42358
ground-height-4m-20260830-222436,d024m_r180_run01.csv,4,24,180,dw00;dw01;dw02;dw03;dw04;dw05;dw06;dw07;dw08,dw00;dw01;dw02;dw03;dw04;dw05;dw06;dw07;dw08,dw03;dw07;dw08,90,1,2026-09-01T12:35:37.343+0200,dw04,0F85,32,2396,-3,-1423,1927,2.50,62286
ground-height-4m-20260830-222436,d024m_r180_run01.csv,4,24,180,dw00;dw01;dw02;dw03;dw04;dw05;dw06;dw07;dw08,dw00;dw01;dw02;dw03;dw04;dw05;dw06;dw07;dw08,dw03;dw07;dw08,125,1,2026-09-01T12:35:37.363+0200,dw06,0789,162,2396,-48,-2086,1177,1.75,82305
ground-height-4m-20260830-222436,d024m_r180_run01.csv,4,24,180,dw00;dw01;dw02;dw03;dw04;dw05;dw06;dw07;dw08,dw00;dw01;dw02;dw03;dw04;dw05;dw06;dw07;dw08,dw03;dw07;dw08,105,1,2026-09-01T12:35:37.453+0200,dw05,4B92,49,2417,49,-651,2327,2.20,72204
ground-height-4m-20260830-222436,d024m_r180_run01.csv,4,24,180,dw00;dw01;dw02;dw03;dw04;dw05;dw06;dw07;dw08,dw00;dw01;dw02;dw03;dw04;dw05;dw06;dw07;dw08,dw03;dw07;dw08,35,1,2026-09-01T12:35:37.523+0200,dw01,1729,253,2406,-129,2041,1275,1.81,42358
ground-height-4m-20260830-222436,d024m_r180_run01.csv,4,24,180,dw00;dw01;dw02;dw03;dw04;dw05;dw06;dw07;dw08,dw00;dw01;dw02;dw03;dw04;dw05;dw06;dw07;dw08,dw03;dw07;dw08,90,1,2026-09-01T12:35:37.543+0200,dw04,0F85,33,2393,1,-1342,1982,2.38,62194
ground-height-4m-20260830-222436,d024m_r180_run01.csv,4,24,180,dw00;dw01;dw02;dw03;dw04;dw05;dw06;dw07;dw08,dw00;dw01;dw02;dw03;dw04;dw05;dw06;dw07;dw08,dw03;dw07;dw08,125,1,2026-09-01T12:35:37.563+0200,dw06,0789,163,2397,-27,-1774,1611,1.81,82305
ground-height-4m-20260830-222436,d024m_r180_run01.csv,4,24,180,dw00;dw01;dw02;dw03;dw04;dw05;dw06;dw07;dw08,dw00;dw01;dw02;dw03;dw04;dw05;dw06;dw07;dw08,dw03;dw07;dw08,105,1,2026-09-01T12:35:37.653+0200,dw05,4B92,50,2415,52,-607,2337,2.26,72265
ground-height-4m-20260830-222436,d024m_r180_run01.csv,4,24,180,dw00;dw01;dw02;dw03;dw04;dw05;dw06;dw07;dw08,dw00;dw01;dw02;dw03;dw04;dw05;dw06;dw07;dw08,dw03;dw07;dw08,90,1,2026-09-01T12:35:37.744+0200,dw04,0F85,34,2397,35,-846,2243,2.38,62225
ground-height-4m-20260830-222436,d024m_r180_run01.csv,4,24,180,dw00;dw01;dw02;dw03;dw04;dw05;dw06;dw07;dw08,dw00;dw01;dw02;dw03;dw04;dw05;dw06;dw07;dw08,dw03;dw07;dw08,125,1,2026-09-01T12:35:37.764+0200,dw06,0789,164,2399,-29,-1811,1573,1.87,82305
ground-height-4m-20260830-222436,d024m_r180_run01.csv,4,24,180,dw00;dw01;dw02;dw03;dw04;dw05;dw06;dw07;dw08,dw00;dw01;dw02;dw03;dw04;dw05;dw06;dw07;dw08,dw03;dw07;dw08,15,1,2026-09-01T12:35:37.814+0200,dw00,8103,4,2420,-162,1554,1854,3.72,32348
ground-height-4m-20260830-222436,d024m_r180_run01.csv,4,24,180,dw00;dw01;dw02;dw03;dw04;dw05;dw06;dw07;dw08,dw00;dw01;dw02;dw03;dw04;dw05;dw06;dw07;dw08,dw03;dw07;dw08,105,1,2026-09-01T12:35:37.854+0200,dw05,4B92,51,2411,52,-599,2335,2.20,72235
ground-height-4m-20260830-222436,d024m_r180_run01.csv,4,24,180,dw00;dw01;dw02;dw03;dw04;dw05;dw06;dw07;dw08,dw00;dw01;dw02;dw03;dw04;dw05;dw06;dw07;dw08,dw03;dw07;dw08,35,1,2026-09-01T12:35:37.924+0200,dw01,1729,255,2413,-119,2191,1012,1.99,42358
ground-height-4m-20260830-222436,d024m_r180_run01.csv,4,24,180,dw00;dw01;dw02;dw03;dw04;dw05;dw06;dw07;dw08,dw00;dw01;dw02;dw03;dw04;dw05;dw06;dw07;dw08,dw03;dw07;dw08,90,1,2026-09-01T12:35:37.943+0200,dw04,0F85,35,2396,15,-1140,2107,2.44,62286
ground-height-4m-20260830-222436,d024m_r180_run01.csv,4,24,180,dw00;dw01;dw02;dw03;dw04;dw05;dw06;dw07;dw08,dw00;dw01;dw02;dw03;dw04;dw05;dw06;dw07;dw08,dw03;dw07;dw08,125,1,2026-09-01T12:35:37.964+0200,dw06,0789,165,2398,-43,-2021,1291,1.99,82305
ground-height-4m-20260830-222436,d024m_r180_run01.csv,4,24,180,dw00;dw01;dw02;dw03;dw04;dw05;dw06;dw07;dw08,dw00;dw01;dw02;dw03;dw04;dw05;dw06;dw07;dw08,dw03;dw07;dw08,15,1,2026-09-01T12:35:38.013+0200,dw00,8103,5,2416,-172,1413,1959,3.63,32257
ground-height-4m-20260830-222436,d024m_r180_run01.csv,4,24,180,dw00;dw01;dw02;dw03;dw04;dw05;dw06;dw07;dw08,dw00;dw01;dw02;dw03;dw04;dw05;dw06;dw07;dw08,dw03;dw07;dw08,105,1,2026-09-01T12:35:38.053+0200,dw05,4B92,52,2414,45,-711,2307,2.08,72265
ground-height-4m-20260830-222436,d024m_r180_run01.csv,4,24,180,dw00;dw01;dw02;dw03;dw04;dw05;dw06;dw07;dw08,dw00;dw01;dw02;dw03;dw04;dw05;dw06;dw07;dw08,dw03;dw07;dw08,35,1,2026-09-01T12:35:38.123+0200,dw01,1729,0,2407,-124,2108,1161,2.02,42327
ground-height-4m-20260830-222436,d024m_r180_run01.csv,4,24,180,dw00;dw01;dw02;dw03;dw04;dw05;dw06;dw07;dw08,dw00;dw01;dw02;dw03;dw04;dw05;dw06;dw07;dw08,dw03;dw07;dw08,90,1,2026-09-01T12:35:38.143+0200,dw04,0F85,36,2400,-5,-1452,1911,2.44,62225
ground-height-4m-20260830-222436,d024m_r180_run01.csv,4,24,180,dw00;dw01;dw02;dw03;dw04;dw05;dw06;dw07;dw08,dw00;dw01;dw02;dw03;dw04;dw05;dw06;dw07;dw08,dw03;dw07;dw08,125,1,2026-09-01T12:35:38.163+0200,dw06,0789,166,2403,-45,-2052,1249,1.87,82305
ground-height-4m-20260830-222436,d024m_r180_run01.csv,4,24,180,dw00;dw01;dw02;dw03;dw04;dw05;dw06;dw07;dw08,dw00;dw01;dw02;dw03;dw04;dw05;dw06;dw07;dw08,dw03;dw07;dw08,15,1,2026-09-01T12:35:38.213+0200,dw00,8103,6,2416,-138,1912,1476,3.63,32226
ground-height-4m-20260830-222436,d024m_r180_run01.csv,4,24,180,dw00;dw01;dw02;dw03;dw04;dw05;dw06;dw07;dw08,dw00;dw01;dw02;dw03;dw04;dw05;dw06;dw07;dw08,dw03;dw07;dw08,105,1,2026-09-01T12:35:38.253+0200,dw05,4B92,53,2413,56,-540,2352,2.20,72235
ground-height-4m-20260830-222436,d024m_r180_run01.csv,4,24,180,dw00;dw01;dw02;dw03;dw04;dw05;dw06;dw07;dw08,dw00;dw01;dw02;dw03;dw04;dw05;dw06;dw07;dw08,dw03;dw07;dw08,35,1,2026-09-01T12:35:38.324+0200,dw01,1729,1,2404,-124,2111,1150,1.93,42327
ground-height-4m-20260830-222436,d024m_r180_run01.csv,4,24,180,dw00;dw01;dw02;dw03;dw04;dw05;dw06;dw07;dw08,dw00;dw01;dw02;dw03;dw04;dw05;dw06;dw07;dw08,dw03;dw07;dw08,90,1,2026-09-01T12:35:38.344+0200,dw04,0F85,37,2392,0,-1376,1956,2.44,62225
ground-height-4m-20260830-222436,d024m_r180_run01.csv,4,24,180,dw00;dw01;dw02;dw03;dw04;dw05;dw06;dw07;dw08,dw00;dw01;dw02;dw03;dw04;dw05;dw06;dw07;dw08,dw03;dw07;dw08,125,1,2026-09-01T12:35:38.364+0200,dw06,0789,167,2396,-36,-1905,1452,1.81,82305
ground-height-4m-20260830-222436,d024m_r180_run01.csv,4,24,180,dw00;dw01;dw02;dw03;dw04;dw05;dw06;dw07;dw08,dw00;dw01;dw02;dw03;dw04;dw05;dw06;dw07;dw08,dw03;dw07;dw08,105,1,2026-09-01T12:35:38.454+0200,dw05,4B92,54,2414,52,-598,2339,2.08,72235
ground-height-4m-20260830-222436,d024m_r180_run01.csv,4,24,180,dw00;dw01;dw02;dw03;dw04;dw05;dw06;dw07;dw08,dw00;dw01;dw02;dw03;dw04;dw05;dw06;dw07;dw08,dw03;dw07;dw08,35,1,2026-09-01T12:35:38.524+0200,dw01,1729,2,2409,-129,2033,1291,1.93,42327
ground-height-4m-20260830-222436,d024m_r180_run01.csv,4,24,180,dw00;dw01;dw02;dw03;dw04;dw05;dw06;dw07;dw08,dw00;dw01;dw02;dw03;dw04;dw05;dw06;dw07;dw08,dw03;dw07;dw08,125,1,2026-09-01T12:35:38.564+0200,dw06,0789,168,2396,-43,-2013,1299,1.93,82336
ground-height-4m-20260830-222436,d024m_r180_run01.csv,4,24,180,dw00;dw01;dw02;dw03;dw04;dw05;dw06;dw07;dw08,dw00;dw01;dw02;dw03;dw04;dw05;dw06;dw07;dw08,dw03;dw07;dw08,105,1,2026-09-01T12:35:38.654+0200,dw05,4B92,55,2415,47,-674,2319,2.32,72235
ground-height-4m-20260830-222436,d024m_r180_run01.csv,4,24,180,dw00;dw01;dw02;dw03;dw04;dw05;dw06;dw07;dw08,dw00;dw01;dw02;dw03;dw04;dw05;dw06;dw07;dw08,dw03;dw07;dw08,90,1,2026-09-01T12:35:38.744+0200,dw04,0F85,39,2393,10,-1215,2061,2.44,62225
ground-height-4m-20260830-222436,d024m_r180_run01.csv,4,24,180,dw00;dw01;dw02;dw03;dw04;dw05;dw06;dw07;dw08,dw00;dw01;dw02;dw03;dw04;dw05;dw06;dw07;dw08,dw03;dw07;dw08,125,1,2026-09-01T12:35:38.764+0200,dw06,0789,169,2396,-51,-2137,1083,1.81,82305
ground-height-4m-20260830-222436,d024m_r180_run01.csv,4,24,180,dw00;dw01;dw02;dw03;dw04;dw05;dw06;dw07;dw08,dw00;dw01;dw02;dw03;dw04;dw05;dw06;dw07;dw08,dw03;dw07;dw08,15,1,2026-09-01T12:35:38.814+0200,dw00,8103,9,2420,-172,1416,1962,3.63,32318
ground-height-4m-20260830-222436,d024m_r180_run01.csv,4,24,180,dw00;dw01;dw02;dw03;dw04;dw05;dw06;dw07;dw08,dw00;dw01;dw02;dw03;dw04;dw05;dw06;dw07;dw08,dw03;dw07;dw08,105,1,2026-09-01T12:35:38.854+0200,dw05,4B92,56,2418,46,-695,2316,2.08,72265
ground-height-4m-20260830-222436,d024m_r180_run01.csv,4,24,180,dw00;dw01;dw02;dw03;dw04;dw05;dw06;dw07;dw08,dw00;dw01;dw02;dw03;dw04;dw05;dw06;dw07;dw08,dw03;dw07;dw08,35,1,2026-09-01T12:35:38.923+0200,dw01,1729,4,2409,-130,2020,1313,1.99,42327
ground-height-4m-20260830-222436,d024m_r180_run01.csv,4,24,180,dw00;dw01;dw02;dw03;dw04;dw05;dw06;dw07;dw08,dw00;dw01;dw02;dw03;dw04;dw05;dw06;dw07;dw08,dw03;dw07;dw08,90,1,2026-09-01T12:35:38.944+0200,dw04,0F85,40,2395,5,-1295,2015,2.50,62225
ground-height-4m-20260830-222436,d024m_r180_run01.csv,4,24,180,dw00;dw01;dw02;dw03;dw04;dw05;dw06;dw07;dw08,dw00;dw01;dw02;dw03;dw04;dw05;dw06;dw07;dw08,dw03;dw07;dw08,125,1,2026-09-01T12:35:38.963+0200,dw06,0789,170,2399,-26,-1762,1628,1.99,82305
ground-height-4m-20260830-222436,d024m_r180_run01.csv,4,24,180,dw00;dw01;dw02;dw03;dw04;dw05;dw06;dw07;dw08,dw00;dw01;dw02;dw03;dw04;dw05;dw06;dw07;dw08,dw03;dw07;dw08,105,1,2026-09-01T12:35:39.053+0200,dw05,4B92,57,2414,42,-747,2296,2.14,72235
ground-height-4m-20260830-222436,d024m_r180_run01.csv,4,24,180,dw00;dw01;dw02;dw03;dw04;dw05;dw06;dw07;dw08,dw00;dw01;dw02;dw03;dw04;dw05;dw06;dw07;dw08,dw03;dw07;dw08,35,1,2026-09-01T12:35:39.123+0200,dw01,1729,5,2411,-122,2150,1090,1.93,42358
ground-height-4m-20260830-222436,d024m_r180_run01.csv,4,24,180,dw00;dw01;dw02;dw03;dw04;dw05;dw06;dw07;dw08,dw00;dw01;dw02;dw03;dw04;dw05;dw06;dw07;dw08,dw03;dw07;dw08,90,1,2026-09-01T12:35:39.144+0200,dw04,0F85,41,2401,-1,-1396,1954,2.44,62225
ground-height-4m-20260830-222436,d024m_r180_run01.csv,4,24,180,dw00;dw01;dw02;dw03;dw04;dw05;dw06;dw07;dw08,dw00;dw01;dw02;dw03;dw04;dw05;dw06;dw07;dw08,dw03;dw07;dw08,125,1,2026-09-01T12:35:39.163+0200,dw06,0789,171,2396,-37,-1923,1428,1.63,82305
ground-height-4m-20260830-222436,d024m_r180_run01.csv,4,24,180,dw00;dw01;dw02;dw03;dw04;dw05;dw06;dw07;dw08,dw00;dw01;dw02;dw03;dw04;dw05;dw06;dw07;dw08,dw03;dw07;dw08,105,1,2026-09-01T12:35:39.253+0200,dw05,4B92,58,2418,46,-685,2319,2.14,72235
ground-height-4m-20260830-222436,d024m_r180_run01.csv,4,24,180,dw00;dw01;dw02;dw03;dw04;dw05;dw06;dw07;dw08,dw00;dw01;dw02;dw03;dw04;dw05;dw06;dw07;dw08,dw03;dw07;dw08,35,1,2026-09-01T12:35:39.324+0200,dw01,1729,6,2405,-139,1892,1485,1.93,42327
ground-height-4m-20260830-222436,d024m_r180_run01.csv,4,24,180,dw00;dw01;dw02;dw03;dw04;dw05;dw06;dw07;dw08,dw00;dw01;dw02;dw03;dw04;dw05;dw06;dw07;dw08,dw03;dw07;dw08,125,1,2026-09-01T12:35:39.364+0200,dw06,0789,172,2398,-40,-1966,1374,1.87,82305
ground-height-4m-20260830-222436,d024m_r180_run01.csv,4,24,180,dw00;dw01;dw02;dw03;dw04;dw05;dw06;dw07;dw08,dw00;dw01;dw02;dw03;dw04;dw05;dw06;dw07;dw08,dw03;dw07;dw08,105,1,2026-09-01T12:35:39.453+0200,dw05,4B92,59,2417,35,-859,2259,2.02,72235
ground-height-4m-20260830-222436,d024m_r180_run01.csv,4,24,180,dw00;dw01;dw02;dw03;dw04;dw05;dw06;dw07;dw08,dw00;dw01;dw02;dw03;dw04;dw05;dw06;dw07;dw08,dw03;dw07;dw08,35,1,2026-09-01T12:35:39.524+0200,dw01,1729,7,2405,-135,1942,1418,1.99,42358
ground-height-4m-20260830-222436,d024m_r180_run01.csv,4,24,180,dw00;dw01;dw02;dw03;dw04;dw05;dw06;dw07;dw08,dw00;dw01;dw02;dw03;dw04;dw05;dw06;dw07;dw08,dw03;dw07;dw08,90,1,2026-09-01T12:35:39.559+0200,dw04,0F85,43,2396,12,-1193,2077,2.65,77789
ground-height-4m-20260830-222436,d024m_r180_run01.csv,4,24,180,dw00;dw01;dw02;dw03;dw04;dw05;dw06;dw07;dw08,dw00;dw01;dw02;dw03;dw04;dw05;dw06;dw07;dw08,dw03;dw07;dw08,105,1,2026-09-01T12:35:39.654+0200,dw05,4B92,60,2412,46,-690,2311,2.14,72235
ground-height-4m-20260830-222436,d024m_r180_run01.csv,4,24,180,dw00;dw01;dw02;dw03;dw04;dw05;dw06;dw07;dw08,dw00;dw01;dw02;dw03;dw04;dw05;dw06;dw07;dw08,dw03;dw07;dw08,35,1,2026-09-01T12:35:39.723+0200,dw01,1729,8,2408,-134,1959,1400,1.93,42297
ground-height-4m-20260830-222436,d024m_r180_run01.csv,4,24,180,dw00;dw01;dw02;dw03;dw04;dw05;dw06;dw07;dw08,dw00;dw01;dw02;dw03;dw04;dw05;dw06;dw07;dw08,dw03;dw07;dw08,125,1,2026-09-01T12:35:39.779+0200,dw06,0789,174,2394,-31,-1837,1535,2.08,2147483
ground-height-4m-20260830-222436,d024m_r180_run01.csv,4,24,180,dw00;dw01;dw02;dw03;dw04;dw05;dw06;dw07;dw08,dw00;dw01;dw02;dw03;dw04;dw05;dw06;dw07;dw08,dw03;dw07;dw08,105,1,2026-09-01T12:35:39.853+0200,dw05,4B92,61,2413,47,-679,2316,2.14,72235
ground-height-4m-20260830-222436,d024m_r180_run01.csv,4,24,180,dw00;dw01;dw02;dw03;dw04;dw05;dw06;dw07;dw08,dw00;dw01;dw02;dw03;dw04;dw05;dw06;dw07;dw08,dw03;dw07;dw08,35,1,2026-09-01T12:35:39.923+0200,dw01,1729,9,2406,-129,2038,1279,1.87,42358
ground-height-4m-20260830-222436,d024m_r180_run01.csv,4,24,180,dw00;dw01;dw02;dw03;dw04;dw05;dw06;dw07;dw08,dw00;dw01;dw02;dw03;dw04;dw05;dw06;dw07;dw08,dw03;dw07;dw08,90,1,2026-09-01T12:35:39.958+0200,dw04,0F85,45,2393,-1,-1396,1943,2.71,77819
ground-height-4m-20260830-222436,d024m_r180_run01.csv,4,24,180,dw00;dw01;dw02;dw03;dw04;dw05;dw06;dw07;dw08,dw00;dw01;dw02;dw03;dw04;dw05;dw06;dw07;dw08,dw03;dw07;dw08,105,1,2026-09-01T12:35:40.053+0200,dw05,4B92,62,2414,49,-642,2327,2.20,72235
ground-height-4m-20260830-222436,d024m_r180_run01.csv,4,24,180,dw00;dw01;dw02;dw03;dw04;dw05;dw06;dw07;dw08,dw00;dw01;dw02;dw03;dw04;dw05;dw06;dw07;dw08,dw03;dw07;dw08,35,1,2026-09-01T12:35:40.123+0200,dw01,1729,10,2407,-119,2185,1009,1.93,42327
ground-height-4m-20260830-222436,d024m_r180_run01.csv,4,24,180,dw00;dw01;dw02;dw03;dw04;dw05;dw06;dw07;dw08,dw00;dw01;dw02;dw03;dw04;dw05;dw06;dw07;dw08,dw03;dw07;dw08,125,1,2026-09-01T12:35:40.179+0200,dw06,0789,176,2393,-33,-1861,1504,2.02,2147483
ground-height-4m-20260830-222436,d024m_r180_run01.csv,4,24,180,dw00;dw01;dw02;dw03;dw04;dw05;dw06;dw07;dw08,dw00;dw01;dw02;dw03;dw04;dw05;dw06;dw07;dw08,dw03;dw07;dw08,105,1,2026-09-01T12:35:40.253+0200,dw05,4B92,63,2413,38,-815,2272,2.20,72235
ground-height-4m-20260830-222436,d024m_r180_run01.csv,4,24,180,dw00;dw01;dw02;dw03;dw04;dw05;dw06;dw07;dw08,dw00;dw01;dw02;dw03;dw04;dw05;dw06;dw07;dw08,dw03;dw07;dw08,35,1,2026-09-01T12:35:40.323+0200,dw01,1729,11,2406,-121,2156,1068,1.87,42327
ground-height-4m-20260830-222436,d024m_r180_run01.csv,4,24,180,dw00;dw01;dw02;dw03;dw04;dw05;dw06;dw07;dw08,dw00;dw01;dw02;dw03;dw04;dw05;dw06;dw07;dw08,dw03;dw07;dw08,90,1,2026-09-01T12:35:40.359+0200,dw04,0F85,47,2391,2,-1334,1984,2.50,77850
ground-height-4m-20260830-222436,d024m_r180_run01.csv,4,24,180,dw00;dw01;dw02;dw03;dw04;dw05;dw06;dw07;dw08,dw00;dw01;dw02;dw03;dw04;dw05;dw06;dw07;dw08,dw03;dw07;dw08,105,1,2026-09-01T12:35:40.453+0200,dw05,4B92,64,2414,50,-636,2329,2.08,72235
ground-height-4m-20260830-222436,d024m_r180_run01.csv,4,24,180,dw00;dw01;dw02;dw03;dw04;dw05;dw06;dw07;dw08,dw00;dw01;dw02;dw03;dw04;dw05;dw06;dw07;dw08,dw03;dw07;dw08,35,1,2026-09-01T12:35:40.523+0200,dw01,1729,12,2408,-114,2260,832,1.93,42358
ground-height-4m-20260830-222436,d024m_r180_run01.csv,4,24,180,dw00;dw01;dw02;dw03;dw04;dw05;dw06;dw07;dw08,dw00;dw01;dw02;dw03;dw04;dw05;dw06;dw07;dw08,dw03;dw07;dw08,90,1,2026-09-01T12:35:40.543+0200,dw04,0F85,48,2393,23,-1018,2165,2.50,62286
ground-height-4m-20260830-222436,d024m_r180_run01.csv,4,24,180,dw00;dw01;dw02;dw03;dw04;dw05;dw06;dw07;dw08,dw00;dw01;dw02;dw03;dw04;dw05;dw06;dw07;dw08,dw03;dw07;dw08,125,1,2026-09-01T12:35:40.578+0200,dw06,0789,178,2394,-38,-1939,1404,2.08,2147483
ground-height-4m-20260830-222436,d024m_r180_run01.csv,4,24,180,dw00;dw01;dw02;dw03;dw04;dw05;dw06;dw07;dw08,dw00;dw01;dw02;dw03;dw04;dw05;dw06;dw07;dw08,dw03;dw07;dw08,15,1,2026-09-01T12:35:40.613+0200,dw00,8103,18,2413,177,1260,2058,3.69,32348
ground-height-4m-20260830-222436,d024m_r180_run01.csv,4,24,180,dw00;dw01;dw02;dw03;dw04;dw05;dw06;dw07;dw08,dw00;dw01;dw02;dw03;dw04;dw05;dw06;dw07;dw08,dw03;dw07;dw08,105,1,2026-09-01T12:35:40.652+0200,dw05,4B92,65,2416,41,-761,2293,2.08,72235
ground-height-4m-20260830-222436,d024m_r180_run01.csv,4,24,180,dw00;dw01;dw02;dw03;dw04;dw05;dw06;dw07;dw08,dw00;dw01;dw02;dw03;dw04;dw05;dw06;dw07;dw08,dw03;dw07;dw08,35,1,2026-09-01T12:35:40.723+0200,dw01,1729,13,2405,-135,1946,1413,1.93,42327
ground-height-4m-20260830-222436,d024m_r180_run01.csv,4,24,180,dw00;dw01;dw02;dw03;dw04;dw05;dw06;dw07;dw08,dw00;dw01;dw02;dw03;dw04;dw05;dw06;dw07;dw08,dw03;dw07;dw08,90,1,2026-09-01T12:35:40.743+0200,dw04,0F85,49,2393,8,-1240,2047,2.44,62255
ground-height-4m-20260830-222436,d024m_r180_run01.csv,4,24,180,dw00;dw01;dw02;dw03;dw04;dw05;dw06;dw07;dw08,dw00;dw01;dw02;dw03;dw04;dw05;dw06;dw07;dw08,dw03;dw07;dw08,125,1,2026-09-01T12:35:40.763+0200,dw06,0789,179,2397,-42,-2006,1313,1.93,82366
ground-height-4m-20260830-222436,d024m_r180_run01.csv,4,24,180,dw00;dw01;dw02;dw03;dw04;dw05;dw06;dw07;dw08,dw00;dw01;dw02;dw03;dw04;dw05;dw06;dw07;dw08,dw03;dw07;dw08,15,1,2026-09-01T12:35:40.813+0200,dw00,8103,19,2417,-151,1715,1703,3.84,32226
ground-height-4m-20260830-222436,d024m_r180_run01.csv,4,24,180,dw00;dw01;dw02;dw03;dw04;dw05;dw06;dw07;dw08,dw00;dw01;dw02;dw03;dw04;dw05;dw06;dw07;dw08,dw03;dw07;dw08,105,1,2026-09-01T12:35:40.853+0200,dw05,4B92,66,2412,56,-546,2349,2.14,72235
ground-height-4m-20260830-222436,d024m_r180_run01.csv,4,24,180,dw00;dw01;dw02;dw03;dw04;dw05;dw06;dw07;dw08,dw00;dw01;dw02;dw03;dw04;dw05;dw06;dw07;dw08,dw03;dw07;dw08,35,1,2026-09-01T12:35:40.923+0200,dw01,1729,14,2407,-124,2106,1165,1.99,42327
ground-height-4m-20260830-222436,d024m_r180_run01.csv,4,24,180,dw00;dw01;dw02;dw03;dw04;dw05;dw06;dw07;dw08,dw00;dw01;dw02;dw03;dw04;dw05;dw06;dw07;dw08,dw03;dw07;dw08,90,1,2026-09-01T12:35:40.943+0200,dw04,0F85,50,2394,9,-1228,2055,2.38,62255
ground-height-4m-20260830-222436,d024m_r180_run01.csv,4,24,180,dw00;dw01;dw02;dw03;dw04;dw05;dw06;dw07;dw08,dw00;dw01;dw02;dw03;dw04;dw05;dw06;dw07;dw08,dw03;dw07;dw08,125,1,2026-09-01T12:35:40.963+0200,dw06,0789,180,2395,-39,-1955,1383,1.69,82336
ground-height-4m-20260830-222436,d024m_r180_run01.csv,4,24,180,dw00;dw01;dw02;dw03;dw04;dw05;dw06;dw07;dw08,dw00;dw01;dw02;dw03;dw04;dw05;dw06;dw07;dw08,dw03;dw07;dw08,105,1,2026-09-01T12:35:41.053+0200,dw05,4B92,67,2414,45,-708,2308,2.08,72265
ground-height-4m-20260830-222436,d024m_r180_run01.csv,4,24,180,dw00;dw01;dw02;dw03;dw04;dw05;dw06;dw07;dw08,dw00;dw01;dw02;dw03;dw04;dw05;dw06;dw07;dw08,dw03;dw07;dw08,90,1,2026-09-01T12:35:41.143+0200,dw04,0F85,51,2395,5,-1289,2018,2.38,62194
ground-height-4m-20260830-222436,d024m_r180_run01.csv,4,24,180,dw00;dw01;dw02;dw03;dw04;dw05;dw06;dw07;dw08,dw00;dw01;dw02;dw03;dw04;dw05;dw06;dw07;dw08,dw03;dw07;dw08,125,1,2026-09-01T12:35:41.163+0200,dw06,0789,181,2398,-39,-1956,1387,1.75,82275
ground-height-4m-20260830-222436,d024m_r180_run01.csv,4,24,180,dw00;dw01;dw02;dw03;dw04;dw05;dw06;dw07;dw08,dw00;dw01;dw02;dw03;dw04;dw05;dw06;dw07;dw08,dw03;dw07;dw08,15,1,2026-09-01T12:35:41.213+0200,dw00,8103,21,2420,-161,1580,1834,3.69,32226
ground-height-4m-20260830-222436,d024m_r180_run01.csv,4,24,180,dw00;dw01;dw02;dw03;dw04;dw05;dw06;dw07;dw08,dw00;dw01;dw02;dw03;dw04;dw05;dw06;dw07;dw08,dw03;dw07;dw08,105,1,2026-09-01T12:35:41.253+0200,dw05,4B92,68,2417,54,-571,2348,2.20,72235
ground-height-4m-20260830-222436,d024m_r180_run01.csv,4,24,180,dw00;dw01;dw02;dw03;dw04;dw05;dw06;dw07;dw08,dw00;dw01;dw02;dw03;dw04;dw05;dw06;dw07;dw08,dw03;dw07;dw08,35,1,2026-09-01T12:35:41.322+0200,dw01,1729,16,2407,-134,1970,1382,1.93,42327
ground-height-4m-20260830-222436,d024m_r180_run01.csv,4,24,180,dw00;dw01;dw02;dw03;dw04;dw05;dw06;dw07;dw08,dw00;dw01;dw02;dw03;dw04;dw05;dw06;dw07;dw08,dw03;dw07;dw08,125,1,2026-09-01T12:35:41.362+0200,dw06,0789,182,2397,-33,-1866,1505,1.75,82336
ground-height-4m-20260830-222436,d024m_r180_run01.csv,4,24,180,dw00;dw01;dw02;dw03;dw04;dw05;dw06;dw07;dw08,dw00;dw01;dw02;dw03;dw04;dw05;dw06;dw07;dw08,dw03;dw07;dw08,105,1,2026-09-01T12:35:41.452+0200,dw05,4B92,69,2414,33,-888,2244,2.20,72235
ground-height-4m-20260830-222436,d024m_r180_run01.csv,4,24,180,dw00;dw01;dw02;dw03;dw04;dw05;dw06;dw07;dw08,dw00;dw01;dw02;dw03;dw04;dw05;dw06;dw07;dw08,dw03;dw07;dw08,90,1,2026-09-01T12:35:41.558+0200,dw04,0F85,53,2395,3,-1323,1996,2.50,77789
ground-height-4m-20260830-222436,d024m_r180_run01.csv,4,24,180,dw00;dw01;dw02;dw03;dw04;dw05;dw06;dw07;dw08,dw00;dw01;dw02;dw03;dw04;dw05;dw06;dw07;dw08,dw03;dw07;dw08,15,1,2026-09-01T12:35:41.612+0200,dw00,8103,23,2419,-176,1343,2011,3.45,32257
ground-height-4m-20260830-222436,d024m_r180_run01.csv,4,24,180,dw00;dw01;dw02;dw03;dw04;dw05;dw06;dw07;dw08,dw00;dw01;dw02;dw03;dw04;dw05;dw06;dw07;dw08,dw03;dw07;dw08,105,1,2026-09-01T12:35:41.652+0200,dw05,4B92,70,2417,50,-626,2335,2.20,72265
ground-height-4m-20260830-222436,d024m_r180_run01.csv,4,24,180,dw00;dw01;dw02;dw03;dw04;dw05;dw06;dw07;dw08,dw00;dw01;dw02;dw03;dw04;dw05;dw06;dw07;dw08,dw03;dw07;dw08,35,1,2026-09-01T12:35:41.723+0200,dw01,1729,18,2405,-126,2075,1216,1.93,42358
ground-height-4m-20260830-222436,d024m_r180_run01.csv,4,24,180,dw00;dw01;dw02;dw03;dw04;dw05;dw06;dw07;dw08,dw00;dw01;dw02;dw03;dw04;dw05;dw06;dw07;dw08,dw03;dw07;dw08,90,1,2026-09-01T12:35:41.742+0200,dw04,0F85,54,2398,9,-1226,2061,2.38,62255
ground-height-4m-20260830-222436,d024m_r180_run01.csv,4,24,180,dw00;dw01;dw02;dw03;dw04;dw05;dw06;dw07;dw08,dw00;dw01;dw02;dw03;dw04;dw05;dw06;dw07;dw08,dw03;dw07;dw08,125,1,2026-09-01T12:35:41.778+0200,dw06,0789,184,2394,-34,-1877,1487,1.99,2147483
ground-height-4m-20260830-222436,d024m_r180_run01.csv,4,24,180,dw00;dw01;dw02;dw03;dw04;dw05;dw06;dw07;dw08,dw00;dw01;dw02;dw03;dw04;dw05;dw06;dw07;dw08,dw03;dw07;dw08,15,1,2026-09-01T12:35:41.813+0200,dw00,8103,24,2422,-166,1502,1900,3.57,32226
ground-height-4m-20260830-222436,d024m_r180_run01.csv,4,24,180,dw00;dw01;dw02;dw03;dw04;dw05;dw06;dw07;dw08,dw00;dw01;dw02;dw03;dw04;dw05;dw06;dw07;dw08,dw03;dw07;dw08,105,1,2026-09-01T12:35:41.853+0200,dw05,4B92,71,2415,47,-679,2318,2.14,72235
ground-height-4m-20260830-222436,d024m_r180_run01.csv,4,24,180,dw00;dw01;dw02;dw03;dw04;dw05;dw06;dw07;dw08,dw00;dw01;dw02;dw03;dw04;dw05;dw06;dw07;dw08,dw03;dw07;dw08,35,1,2026-09-01T12:35:41.923+0200,dw01,1729,19,2408,-127,2071,1229,1.93,42358
ground-height-4m-20260830-222436,d024m_r180_run01.csv,4,24,180,dw00;dw01;dw02;dw03;dw04;dw05;dw06;dw07;dw08,dw00;dw01;dw02;dw03;dw04;dw05;dw06;dw07;dw08,dw03;dw07;dw08,90,1,2026-09-01T12:35:41.942+0200,dw04,0F85,55,2397,8,-1249,2046,2.38,62286
ground-height-4m-20260830-222436,d024m_r180_run01.csv,4,24,180,dw00;dw01;dw02;dw03;dw04;dw05;dw06;dw07;dw08,dw00;dw01;dw02;dw03;dw04;dw05;dw06;dw07;dw08,dw03;dw07;dw08,125,1,2026-09-01T12:35:41.963+0200,dw06,0789,185,2396,-44,-2021,1287,1.93,82366
ground-height-4m-20260830-222436,d024m_r180_run01.csv,4,24,180,dw00;dw01;dw02;dw03;dw04;dw05;dw06;dw07;dw08,dw00;dw01;dw02;dw03;dw04;dw05;dw06;dw07;dw08,dw03;dw07;dw08,105,1,2026-09-01T12:35:42.053+0200,dw05,4B92,72,2415,45,-707,2309,2.14,72235
ground-height-4m-20260830-222436,d024m_r180_run01.csv,4,24,180,dw00;dw01;dw02;dw03;dw04;dw05;dw06;dw07;dw08,dw00;dw01;dw02;dw03;dw04;dw05;dw06;dw07;dw08,dw03;dw07;dw08,125,1,2026-09-01T12:35:42.162+0200,dw06,0789,186,2395,-41,-1985,1339,1.75,82305
ground-height-4m-20260830-222436,d024m_r180_run01.csv,4,24,180,dw00;dw01;dw02;dw03;dw04;dw05;dw06;dw07;dw08,dw00;dw01;dw02;dw03;dw04;dw05;dw06;dw07;dw08,dw03;dw07;dw08,15,1,2026-09-01T12:35:42.212+0200,dw00,8103,26,2417,-159,1604,1808,3.69,32226
ground-height-4m-20260830-222436,d024m_r180_run01.csv,4,24,180,dw00;dw01;dw02;dw03;dw04;dw05;dw06;dw07;dw08,dw00;dw01;dw02;dw03;dw04;dw05;dw06;dw07;dw08,dw03;dw07;dw08,105,1,2026-09-01T12:35:42.252+0200,dw05,4B92,73,2416,47,-677,2319,2.14,72235
ground-height-4m-20260830-222436,d024m_r180_run01.csv,4,24,180,dw00;dw01;dw02;dw03;dw04;dw05;dw06;dw07;dw08,dw00;dw01;dw02;dw03;dw04;dw05;dw06;dw07;dw08,dw03;dw07;dw08,35,1,2026-09-01T12:35:42.338+0200,dw01,1729,21,2401,-130,2018,1301,2.14,58197
ground-height-4m-20260830-222436,d024m_r180_run01.csv,4,24,180,dw00;dw01;dw02;dw03;dw04;dw05;dw06;dw07;dw08,dw00;dw01;dw02;dw03;dw04;dw05;dw06;dw07;dw08,dw03;dw07;dw08,90,1,2026-09-01T12:35:42.357+0200,dw04,0F85,57,2396,14,-1159,2096,2.44,77758
ground-height-4m-20260830-222436,d024m_r180_run01.csv,4,24,180,dw00;dw01;dw02;dw03;dw04;dw05;dw06;dw07;dw08,dw00;dw01;dw02;dw03;dw04;dw05;dw06;dw07;dw08,dw03;dw07;dw08,105,1,2026-09-01T12:35:42.452+0200,dw05,4B92,74,2413,51,-611,2335,2.20,72265
ground-height-4m-20260830-222436,d024m_r180_run01.csv,4,24,180,dw00;dw01;dw02;dw03;dw04;dw05;dw06;dw07;dw08,dw00;dw01;dw02;dw03;dw04;dw05;dw06;dw07;dw08,dw03;dw07;dw08,35,1,2026-09-01T12:35:42.522+0200,dw01,1729,22,2408,-126,2087,1201,1.93,42388
ground-height-4m-20260830-222436,d024m_r180_run01.csv,4,24,180,dw00;dw01;dw02;dw03;dw04;dw05;dw06;dw07;dw08,dw00;dw01;dw02;dw03;dw04;dw05;dw06;dw07;dw08,dw03;dw07;dw08,90,1,2026-09-01T12:35:42.542+0200,dw04,0F85,58,2390,-1,-1387,1946,2.32,62286
ground-height-4m-20260830-222436,d024m_r180_run01.csv,4,24,180,dw00;dw01;dw02;dw03;dw04;dw05;dw06;dw07;dw08,dw00;dw01;dw02;dw03;dw04;dw05;dw06;dw07;dw08,dw03;dw07;dw08,125,1,2026-09-01T12:35:42.578+0200,dw06,0789,188,2395,-47,-2075,1196,1.99,2147483
ground-height-4m-20260830-222436,d024m_r180_run01.csv,4,24,180,dw00;dw01;dw02;dw03;dw04;dw05;dw06;dw07;dw08,dw00;dw01;dw02;dw03;dw04;dw05;dw06;dw07;dw08,dw03;dw07;dw08,15,1,2026-09-01T12:35:42.628+0200,dw00,8103,28,2413,-156,1648,1762,3.90,47821
ground-height-4m-20260830-222436,d024m_r180_run01.csv,4,24,180,dw00;dw01;dw02;dw03;dw04;dw05;dw06;dw07;dw08,dw00;dw01;dw02;dw03;dw04;dw05;dw06;dw07;dw08,dw03;dw07;dw08,105,1,2026-09-01T12:35:42.652+0200,dw05,4B92,75,2415,49,-652,2326,2.14,72235
ground-height-4m-20260830-222436,d024m_r180_run01.csv,4,24,180,dw00;dw01;dw02;dw03;dw04;dw05;dw06;dw07;dw08,dw00;dw01;dw02;dw03;dw04;dw05;dw06;dw07;dw08,dw03;dw07;dw08,35,1,2026-09-01T12:35:42.723+0200,dw01,1729,23,2404,-143,1833,1556,1.93,42358
ground-height-4m-20260830-222436,d024m_r180_run01.csv,4,24,180,dw00;dw01;dw02;dw03;dw04;dw05;dw06;dw07;dw08,dw00;dw01;dw02;dw03;dw04;dw05;dw06;dw07;dw08,dw03;dw07;dw08,90,1,2026-09-01T12:35:42.742+0200,dw04,0F85,59,2394,12,-1182,2082,2.38,62255
ground-height-4m-20260830-222436,d024m_r180_run01.csv,4,24,180,dw00;dw01;dw02;dw03;dw04;dw05;dw06;dw07;dw08,dw00;dw01;dw02;dw03;dw04;dw05;dw06;dw07;dw08,dw03;dw07;dw08,125,1,2026-09-01T12:35:42.763+0200,dw06,0789,189,2397,-32,-1856,1516,1.81,82366
ground-height-4m-20260830-222436,d024m_r180_run01.csv,4,24,180,dw00;dw01;dw02;dw03;dw04;dw05;dw06;dw07;dw08,dw00;dw01;dw02;dw03;dw04;dw05;dw06;dw07;dw08,dw03;dw07;dw08,15,1,2026-09-01T12:35:42.812+0200,dw00,8103,29,2423,-164,1530,1879,3.63,32348
ground-height-4m-20260830-222436,d024m_r180_run01.csv,4,24,180,dw00;dw01;dw02;dw03;dw04;dw05;dw06;dw07;dw08,dw00;dw01;dw02;dw03;dw04;dw05;dw06;dw07;dw08,dw03;dw07;dw08,105,1,2026-09-01T12:35:42.852+0200,dw05,4B92,76,2415,45,-704,2310,2.14,72235
ground-height-4m-20260830-222436,d024m_r180_run01.csv,4,24,180,dw00;dw01;dw02;dw03;dw04;dw05;dw06;dw07;dw08,dw00;dw01;dw02;dw03;dw04;dw05;dw06;dw07;dw08,dw03;dw07;dw08,35,1,2026-09-01T12:35:42.922+0200,dw01,1729,24,2405,-135,1945,1415,1.87,42358
ground-height-4m-20260830-222436,d024m_r180_run01.csv,4,24,180,dw00;dw01;dw02;dw03;dw04;dw05;dw06;dw07;dw08,dw00;dw01;dw02;dw03;dw04;dw05;dw06;dw07;dw08,dw03;dw07;dw08,90,1,2026-09-01T12:35:42.942+0200,dw04,0F85,60,2393,16,-1127,2111,2.26,62225
ground-height-4m-20260830-222436,d024m_r180_run01.csv,4,24,180,dw00;dw01;dw02;dw03;dw04;dw05;dw06;dw07;dw08,dw00;dw01;dw02;dw03;dw04;dw05;dw06;dw07;dw08,dw03;dw07;dw08,125,1,2026-09-01T12:35:42.962+0200,dw06,0789,190,2395,-40,-1975,1354,1.81,82305
ground-height-4m-20260830-222436,d024m_r180_run01.csv,4,24,180,dw00;dw01;dw02;dw03;dw04;dw05;dw06;dw07;dw08,dw00;dw01;dw02;dw03;dw04;dw05;dw06;dw07;dw08,dw03;dw07;dw08,15,1,2026-09-01T12:35:43.012+0200,dw00,8103,30,2415,-169,1453,1929,3.72,32226
ground-height-4m-20260830-222436,d024m_r180_run01.csv,4,24,180,dw00;dw01;dw02;dw03;dw04;dw05;dw06;dw07;dw08,dw00;dw01;dw02;dw03;dw04;dw05;dw06;dw07;dw08,dw03;dw07;dw08,105,1,2026-09-01T12:35:43.052+0200,dw05,4B92,77,2413,37,-821,2269,2.20,72235
ground-height-4m-20260830-222436,d024m_r180_run01.csv,4,24,180,dw00;dw01;dw02;dw03;dw04;dw05;dw06;dw07;dw08,dw00;dw01;dw02;dw03;dw04;dw05;dw06;dw07;dw08,dw03;dw07;dw08,90,1,2026-09-01T12:35:43.142+0200,dw04,0F85,61,2395,0,-1384,1954,2.38,62225
ground-height-4m-20260830-222436,d024m_r180_run01.csv,4,24,180,dw00;dw01;dw02;dw03;dw04;dw05;dw06;dw07;dw08,dw00;dw01;dw02;dw03;dw04;dw05;dw06;dw07;dw08,dw03;dw07;dw08,125,1,2026-09-01T12:35:43.162+0200,dw06,0789,191,2395,-37,-1926,1423,1.87,82305
ground-height-4m-20260830-222436,d024m_r180_run01.csv,4,24,180,dw00;dw01;dw02;dw03;dw04;dw05;dw06;dw07;dw08,dw00;dw01;dw02;dw03;dw04;dw05;dw06;dw07;dw08,dw03;dw07;dw08,15,1,2026-09-01T12:35:43.212+0200,dw00,8103,31,2420,-166,1494,1903,3.51,32226
ground-height-4m-20260830-222436,d024m_r180_run01.csv,4,24,180,dw00;dw01;dw02;dw03;dw04;dw05;dw06;dw07;dw08,dw00;dw01;dw02;dw03;dw04;dw05;dw06;dw07;dw08,dw03;dw07;dw08,105,1,2026-09-01T12:35:43.252+0200,dw05,4B92,78,2414,48,-667,2320,2.08,72235
ground-height-4m-20260830-222436,d024m_r180_run01.csv,4,24,180,dw00;dw01;dw02;dw03;dw04;dw05;dw06;dw07;dw08,dw00;dw01;dw02;dw03;dw04;dw05;dw06;dw07;dw08,dw03;dw07;dw08,35,1,2026-09-01T12:35:43.338+0200,dw01,1729,26,2407,-120,2165,1051,2.14,58197
ground-height-4m-20260830-222436,d024m_r180_run01.csv,4,24,180,dw00;dw01;dw02;dw03;dw04;dw05;dw06;dw07;dw08,dw00;dw01;dw02;dw03;dw04;dw05;dw06;dw07;dw08,dw03;dw07;dw08,125,1,2026-09-01T12:35:43.362+0200,dw06,0789,192,2397,-49,-2105,1145,1.87,82305
ground-height-4m-20260830-222436,d024m_r180_run01.csv,4,24,180,dw00;dw01;dw02;dw03;dw04;dw05;dw06;dw07;dw08,dw00;dw01;dw02;dw03;dw04;dw05;dw06;dw07;dw08,dw03;dw07;dw08,15,1,2026-09-01T12:35:43.412+0200,dw00,8103,32,2420,-163,1539,1868,3.78,32226
ground-height-4m-20260830-222436,d024m_r180_run01.csv,4,24,180,dw00;dw01;dw02;dw03;dw04;dw05;dw06;dw07;dw08,dw00;dw01;dw02;dw03;dw04;dw05;dw06;dw07;dw08,dw03;dw07;dw08,105,1,2026-09-01T12:35:43.452+0200,dw05,4B92,79,2413,54,-566,2346,2.20,72235
ground-height-4m-20260830-222436,d024m_r180_run01.csv,4,24,180,dw00;dw01;dw02;dw03;dw04;dw05;dw06;dw07;dw08,dw00;dw01;dw02;dw03;dw04;dw05;dw06;dw07;dw08,dw03;dw07;dw08,35,1,2026-09-01T12:35:43.522+0200,dw01,1729,27,2409,-107,2362,476,2.08,42358
ground-height-4m-20260830-222436,d024m_r180_run01.csv,4,24,180,dw00;dw01;dw02;dw03;dw04;dw05;dw06;dw07;dw08,dw00;dw01;dw02;dw03;dw04;dw05;dw06;dw07;dw08,dw03;dw07;dw08,90,1,2026-09-01T12:35:43.557+0200,dw04,0F85,63,2392,11,-1194,2072,2.50,77758
ground-height-4m-20260830-222436,d024m_r180_run01.csv,4,24,180,dw00;dw01;dw02;dw03;dw04;dw05;dw06;dw07;dw08,dw00;dw01;dw02;dw03;dw04;dw05;dw06;dw07;dw08,dw03;dw07;dw08,15,1,2026-09-01T12:35:43.612+0200,dw00,8103,33,2418,-165,1506,1891,3.57,32257
ground-height-4m-20260830-222436,d024m_r180_run01.csv,4,24,180,dw00;dw01;dw02;dw03;dw04;dw05;dw06;dw07;dw08,dw00;dw01;dw02;dw03;dw04;dw05;dw06;dw07;dw08,dw03;dw07;dw08,105,1,2026-09-01T12:35:43.652+0200,dw05,4B92,80,2414,46,-696,2312,2.08,72235
ground-height-4m-20260830-222436,d024m_r180_run01.csv,4,24,180,dw00;dw01;dw02;dw03;dw04;dw05;dw06;dw07;dw08,dw00;dw01;dw02;dw03;dw04;dw05;dw06;dw07;dw08,dw03;dw07;dw08,35,1,2026-09-01T12:35:43.721+0200,dw01,1729,28,2405,-125,2099,1174,1.87,42358
ground-height-4m-20260830-222436,d024m_r180_run01.csv,4,24,180,dw00;dw01;dw02;dw03;dw04;dw05;dw06;dw07;dw08,dw00;dw01;dw02;dw03;dw04;dw05;dw06;dw07;dw08,dw03;dw07;dw08,125,1,2026-09-01T12:35:43.777+0200,dw06,0789,194,2397,-46,-2063,1222,1.99,2147483
ground-height-4m-20260830-222436,d024m_r180_run01.csv,4,24,180,dw00;dw01;dw02;dw03;dw04;dw05;dw06;dw07;dw08,dw00;dw01;dw02;dw03;dw04;dw05;dw06;dw07;dw08,dw03;dw07;dw08,15,1,2026-09-01T12:35:43.811+0200,dw00,8103,34,2420,-163,1536,1869,3.72,32226
ground-height-4m-20260830-222436,d024m_r180_run01.csv,4,24,180,dw00;dw01;dw02;dw03;dw04;dw05;dw06;dw07;dw08,dw00;dw01;dw02;dw03;dw04;dw05;dw06;dw07;dw08,dw03;dw07;dw08,105,1,2026-09-01T12:35:43.851+0200,dw05,4B92,81,2416,41,-761,2293,2.14,72265
ground-height-4m-20260830-222436,d024m_r180_run01.csv,4,24,180,dw00;dw01;dw02;dw03;dw04;dw05;dw06;dw07;dw08,dw00;dw01;dw02;dw03;dw04;dw05;dw06;dw07;dw08,dw03;dw07;dw08,35,1,2026-09-01T12:35:43.922+0200,dw01,1729,29,2406,-143,1836,1554,1.81,42358
ground-height-4m-20260830-222436,d024m_r180_run01.csv,4,24,180,dw00;dw01;dw02;dw03;dw04;dw05;dw06;dw07;dw08,dw00;dw01;dw02;dw03;dw04;dw05;dw06;dw07;dw08,dw03;dw07;dw08,90,1,2026-09-01T12:35:43.957+0200,dw04,0F85,65,2397,-8,-1502,1867,2.53,77789
ground-height-4m-20260830-222436,d024m_r180_run01.csv,4,24,180,dw00;dw01;dw02;dw03;dw04;dw05;dw06;dw07;dw08,dw00;dw01;dw02;dw03;dw04;dw05;dw06;dw07;dw08,dw03;dw07;dw08,15,1,2026-09-01T12:35:44.011+0200,dw00,8103,35,2418,-176,1342,2010,3.45,32226
ground-height-4m-20260830-222436,d024m_r180_run01.csv,4,24,180,dw00;dw01;dw02;dw03;dw04;dw05;dw06;dw07;dw08,dw00;dw01;dw02;dw03;dw04;dw05;dw06;dw07;dw08,dw03;dw07;dw08,105,1,2026-09-01T12:35:44.051+0200,dw05,4B92,82,2415,60,-478,2368,2.08,72235
ground-height-4m-20260830-222436,d024m_r180_run01.csv,4,24,180,dw00;dw01;dw02;dw03;dw04;dw05;dw06;dw07;dw08,dw00;dw01;dw02;dw03;dw04;dw05;dw06;dw07;dw08,dw03;dw07;dw08,35,1,2026-09-01T12:35:44.122+0200,dw01,1729,30,2408,-130,2023,1306,1.93,42327
ground-height-4m-20260830-222436,d024m_r180_run01.csv,4,24,180,dw00;dw01;dw02;dw03;dw04;dw05;dw06;dw07;dw08,dw00;dw01;dw02;dw03;dw04;dw05;dw06;dw07;dw08,dw03;dw07;dw08,90,1,2026-09-01T12:35:44.141+0200,dw04,0F85,66,2393,13,-1164,2091,2.38,62286
ground-height-4m-20260830-222436,d024m_r180_run01.csv,4,24,180,dw00;dw01;dw02;dw03;dw04;dw05;dw06;dw07;dw08,dw00;dw01;dw02;dw03;dw04;dw05;dw06;dw07;dw08,dw03;dw07;dw08,125,1,2026-09-01T12:35:44.177+0200,dw06,0789,196,2398,-42,-2006,1314,1.93,2147483
ground-height-4m-20260830-222436,d024m_r180_run01.csv,4,24,180,dw00;dw01;dw02;dw03;dw04;dw05;dw06;dw07;dw08,dw00;dw01;dw02;dw03;dw04;dw05;dw06;dw07;dw08,dw03;dw07;dw08,15,1,2026-09-01T12:35:44.212+0200,dw00,8103,36,2414,-173,1397,1968,3.69,32226
ground-height-4m-20260830-222436,d024m_r180_run01.csv,4,24,180,dw00;dw01;dw02;dw03;dw04;dw05;dw06;dw07;dw08,dw00;dw01;dw02;dw03;dw04;dw05;dw06;dw07;dw08,dw03;dw07;dw08,105,1,2026-09-01T12:35:44.252+0200,dw05,4B92,83,2417,50,-624,2335,2.20,72235
ground-height-4m-20260830-222436,d024m_r180_run01.csv,4,24,180,dw00;dw01;dw02;dw03;dw04;dw05;dw06;dw07;dw08,dw00;dw01;dw02;dw03;dw04;dw05;dw06;dw07;dw08,dw03;dw07;dw08,90,1,2026-09-01T12:35:44.342+0200,dw04,0F85,67,2399,12,-1192,2082,2.38,62225
ground-height-4m-20260830-222436,d024m_r180_run01.csv,4,24,180,dw00;dw01;dw02;dw03;dw04;dw05;dw06;dw07;dw08,dw00;dw01;dw02;dw03;dw04;dw05;dw06;dw07;dw08,dw03;dw07;dw08,125,1,2026-09-01T12:35:44.362+0200,dw06,0789,197,2396,-51,-2134,1089,1.69,82305
ground-height-4m-20260830-222436,d024m_r180_run01.csv,4,24,180,dw00;dw01;dw02;dw03;dw04;dw05;dw06;dw07;dw08,dw00;dw01;dw02;dw03;dw04;dw05;dw06;dw07;dw08,dw03;dw07;dw08,15,1,2026-09-01T12:35:44.412+0200,dw00,8103,37,2420,-173,1388,1982,3.63,32226
ground-height-4m-20260830-222436,d024m_r180_run01.csv,4,24,180,dw00;dw01;dw02;dw03;dw04;dw05;dw06;dw07;dw08,dw00;dw01;dw02;dw03;dw04;dw05;dw06;dw07;dw08,dw03;dw07;dw08,105,1,2026-09-01T12:35:44.452+0200,dw05,4B92,84,2414,45,-712,2306,2.08,72265
ground-height-4m-20260830-222436,d024m_r180_run01.csv,4,24,180,dw00;dw01;dw02;dw03;dw04;dw05;dw06;dw07;dw08,dw00;dw01;dw02;dw03;dw04;dw05;dw06;dw07;dw08,dw03;dw07;dw08,35,1,2026-09-01T12:35:44.521+0200,dw01,1729,32,2405,-130,2017,1309,1.93,42358
ground-height-4m-20260830-222436,d024m_r180_run01.csv,4,24,180,dw00;dw01;dw02;dw03;dw04;dw05;dw06;dw07;dw08,dw00;dw01;dw02;dw03;dw04;dw05;dw06;dw07;dw08,dw03;dw07;dw08,125,1,2026-09-01T12:35:44.561+0200,dw06,0789,198,2393,-43,-2018,1285,1.81,82366
ground-height-4m-20260830-222436,d024m_r180_run01.csv,4,24,180,dw00;dw01;dw02;dw03;dw04;dw05;dw06;dw07;dw08,dw00;dw01;dw02;dw03;dw04;dw05;dw06;dw07;dw08,dw03;dw07;dw08,15,1,2026-09-01T12:35:44.611+0200,dw00,8103,38,2415,-171,1418,1955,3.72,32226
ground-height-4m-20260830-222436,d024m_r180_run01.csv,4,24,180,dw00;dw01;dw02;dw03;dw04;dw05;dw06;dw07;dw08,dw00;dw01;dw02;dw03;dw04;dw05;dw06;dw07;dw08,dw03;dw07;dw08,105,1,2026-09-01T12:35:44.651+0200,dw05,4B92,85,2420,49,-648,2331,2.14,72235
ground-height-4m-20260830-222436,d024m_r180_run01.csv,4,24,180,dw00;dw01;dw02;dw03;dw04;dw05;dw06;dw07;dw08,dw00;dw01;dw02;dw03;dw04;dw05;dw06;dw07;dw08,dw03;dw07;dw08,35,1,2026-09-01T12:35:44.721+0200,dw01,1729,33,2412,-137,1930,1446,1.81,42358
ground-height-4m-20260830-222436,d024m_r180_run01.csv,4,24,180,dw00;dw01;dw02;dw03;dw04;dw05;dw06;dw07;dw08,dw00;dw01;dw02;dw03;dw04;dw05;dw06;dw07;dw08,dw03;dw07;dw08,125,1,2026-09-01T12:35:44.761+0200,dw06,0789,199,2397,-40,-1970,1365,1.81,82305
ground-height-4m-20260830-222436,d024m_r180_run01.csv,4,24,180,dw00;dw01;dw02;dw03;dw04;dw05;dw06;dw07;dw08,dw00;dw01;dw02;dw03;dw04;dw05;dw06;dw07;dw08,dw03;dw07;dw08,15,1,2026-09-01T12:35:44.811+0200,dw00,8103,39,2424,-165,1519,1889,3.69,32226
ground-height-4m-20260830-222436,d024m_r180_run01.csv,4,24,180,dw00;dw01;dw02;dw03;dw04;dw05;dw06;dw07;dw08,dw00;dw01;dw02;dw03;dw04;dw05;dw06;dw07;dw08,dw03;dw07;dw08,125,1,2026-09-01T12:35:44.962+0200,dw06,0789,200,2396,-40,-1971,1362,1.75,82336
ground-height-4m-20260830-222436,d024m_r180_run01.csv,4,24,180,dw00;dw01;dw02;dw03;dw04;dw05;dw06;dw07;dw08,dw00;dw01;dw02;dw03;dw04;dw05;dw06;dw07;dw08,dw03;dw07;dw08,15,1,2026-09-01T12:35:45.011+0200,dw00,8103,40,2423,-167,1484,1916,3.63,32226
ground-height-4m-20260830-222436,d024m_r180_run01.csv,4,24,180,dw00;dw01;dw02;dw03;dw04;dw05;dw06;dw07;dw08,dw00;dw01;dw02;dw03;dw04;dw05;dw06;dw07;dw08,dw03;dw07;dw08,105,1,2026-09-01T12:35:45.067+0200,dw05,4B92,87,2414,51,-611,2336,2.32,87738
ground-height-4m-20260830-222436,d024m_r180_run01.csv,4,24,180,dw00;dw01;dw02;dw03;dw04;dw05;dw06;dw07;dw08,dw00;dw01;dw02;dw03;dw04;dw05;dw06;dw07;dw08,dw03;dw07;dw08,35,1,2026-09-01T12:35:45.137+0200,dw01,1729,35,2408,-134,1961,1396,2.20,58166
ground-height-4m-20260830-222436,d024m_r180_run01.csv,4,24,180,dw00;dw01;dw02;dw03;dw04;dw05;dw06;dw07;dw08,dw00;dw01;dw02;dw03;dw04;dw05;dw06;dw07;dw08,dw03;dw07;dw08,125,1,2026-09-01T12:35:45.162+0200,dw06,0789,201,2397,-44,-2029,1276,1.81,82305
ground-height-4m-20260830-222436,d024m_r180_run01.csv,4,24,180,dw00;dw01;dw02;dw03;dw04;dw05;dw06;dw07;dw08,dw00;dw01;dw02;dw03;dw04;dw05;dw06;dw07;dw08,dw03;dw07;dw08,15,1,2026-09-01T12:35:45.212+0200,dw00,8103,41,2425,179,1285,2056,3.69,32287
ground-height-4m-20260830-222436,d024m_r180_run01.csv,4,24,180,dw00;dw01;dw02;dw03;dw04;dw05;dw06;dw07;dw08,dw00;dw01;dw02;dw03;dw04;dw05;dw06;dw07;dw08,dw03;dw07;dw08,105,1,2026-09-01T12:35:45.252+0200,dw05,4B92,88,2420,36,-837,2270,2.14,72265
ground-height-4m-20260830-222436,d024m_r180_run01.csv,4,24,180,dw00;dw01;dw02;dw03;dw04;dw05;dw06;dw07;dw08,dw00;dw01;dw02;dw03;dw04;dw05;dw06;dw07;dw08,dw03;dw07;dw08,125,1,2026-09-01T12:35:45.361+0200,dw06,0789,202,2394,-44,-2030,1268,1.75,82305
ground-height-4m-20260830-222436,d024m_r180_run01.csv,4,24,180,dw00;dw01;dw02;dw03;dw04;dw05;dw06;dw07;dw08,dw00;dw01;dw02;dw03;dw04;dw05;dw06;dw07;dw08,dw03;dw07;dw08,15,1,2026-09-01T12:35:45.411+0200,dw00,8103,42,2417,-174,1371,1990,3.57,32196
ground-height-4m-20260830-222436,d024m_r180_run01.csv,4,24,180,dw00;dw01;dw02;dw03;dw04;dw05;dw06;dw07;dw08,dw00;dw01;dw02;dw03;dw04;dw05;dw06;dw07;dw08,dw03;dw07;dw08,105,1,2026-09-01T12:35:45.451+0200,dw05,4B92,89,2416,38,-817,2273,2.14,72235
ground-height-4m-20260830-222436,d024m_r180_run01.csv,4,24,180,dw00;dw01;dw02;dw03;dw04;dw05;dw06;dw07;dw08,dw00;dw01;dw02;dw03;dw04;dw05;dw06;dw07;dw08,dw03;dw07;dw08,35,1,2026-09-01T12:35:45.521+0200,dw01,1729,37,2408,-135,1956,1404,1.93,42327
ground-height-4m-20260830-222436,d024m_r180_run01.csv,4,24,180,dw00;dw01;dw02;dw03;dw04;dw05;dw06;dw07;dw08,dw00;dw01;dw02;dw03;dw04;dw05;dw06;dw07;dw08,dw03;dw07;dw08,125,1,2026-09-01T12:35:45.561+0200,dw06,0789,203,2396,-42,-2005,1312,1.81,82305
ground-height-4m-20260830-222436,d024m_r180_run01.csv,4,24,180,dw00;dw01;dw02;dw03;dw04;dw05;dw06;dw07;dw08,dw00;dw01;dw02;dw03;dw04;dw05;dw06;dw07;dw08,dw03;dw07;dw08,15,1,2026-09-01T12:35:45.611+0200,dw00,8103,43,2421,-172,1402,1973,3.69,32226
ground-height-4m-20260830-222436,d024m_r180_run01.csv,4,24,180,dw00;dw01;dw02;dw03;dw04;dw05;dw06;dw07;dw08,dw00;dw01;dw02;dw03;dw04;dw05;dw06;dw07;dw08,dw03;dw07;dw08,105,1,2026-09-01T12:35:45.651+0200,dw05,4B92,90,2416,39,-795,2281,2.14,72235
ground-height-4m-20260830-222436,d024m_r180_run01.csv,4,24,180,dw00;dw01;dw02;dw03;dw04;dw05;dw06;dw07;dw08,dw00;dw01;dw02;dw03;dw04;dw05;dw06;dw07;dw08,dw03;dw07;dw08,35,1,2026-09-01T12:35:45.721+0200,dw01,1729,38,2405,-136,1936,1428,1.99,42327
ground-height-4m-20260830-222436,d024m_r180_run01.csv,4,24,180,dw00;dw01;dw02;dw03;dw04;dw05;dw06;dw07;dw08,dw00;dw01;dw02;dw03;dw04;dw05;dw06;dw07;dw08,dw03;dw07;dw08,125,1,2026-09-01T12:35:45.761+0200,dw06,0789,204,2396,-45,-2046,1247,1.81,82336
ground-height-4m-20260830-222436,d024m_r180_run01.csv,4,24,180,dw00;dw01;dw02;dw03;dw04;dw05;dw06;dw07;dw08,dw00;dw01;dw02;dw03;dw04;dw05;dw06;dw07;dw08,dw03;dw07;dw08,15,1,2026-09-01T12:35:45.811+0200,dw00,8103,44,2420,179,1285,2050,3.63,32257
ground-height-4m-20260830-222436,d024m_r180_run01.csv,4,24,180,dw00;dw01;dw02;dw03;dw04;dw05;dw06;dw07;dw08,dw00;dw01;dw02;dw03;dw04;dw05;dw06;dw07;dw08,dw03;dw07;dw08,105,1,2026-09-01T12:35:45.851+0200,dw05,4B92,91,2413,54,-576,2343,2.08,72265
ground-height-4m-20260830-222436,d024m_r180_run01.csv,4,24,180,dw00;dw01;dw02;dw03;dw04;dw05;dw06;dw07;dw08,dw00;dw01;dw02;dw03;dw04;dw05;dw06;dw07;dw08,dw03;dw07;dw08,35,1,2026-09-01T12:35:45.921+0200,dw01,1729,39,2405,-138,1903,1470,1.87,42358
ground-height-4m-20260830-222436,d024m_r180_run01.csv,4,24,180,dw00;dw01;dw02;dw03;dw04;dw05;dw06;dw07;dw08,dw00;dw01;dw02;dw03;dw04;dw05;dw06;dw07;dw08,dw03;dw07;dw08,125,1,2026-09-01T12:35:45.961+0200,dw06,0789,205,2395,-35,-1900,1458,1.87,82305
ground-height-4m-20260830-222436,d024m_r180_run01.csv,4,24,180,dw00;dw01;dw02;dw03;dw04;dw05;dw06;dw07;dw08,dw00;dw01;dw02;dw03;dw04;dw05;dw06;dw07;dw08,dw03;dw07;dw08,15,1,2026-09-01T12:35:46.011+0200,dw00,8103,45,2417,-166,1496,1898,3.78,32226
ground-height-4m-20260830-222436,d024m_r180_run01.csv,4,24,180,dw00;dw01;dw02;dw03;dw04;dw05;dw06;dw07;dw08,dw00;dw01;dw02;dw03;dw04;dw05;dw06;dw07;dw08,dw03;dw07;dw08,105,1,2026-09-01T12:35:46.051+0200,dw05,4B92,92,2413,50,-637,2327,2.08,72204
ground-height-4m-20260830-222436,d024m_r180_run01.csv,4,24,180,dw00;dw01;dw02;dw03;dw04;dw05;dw06;dw07;dw08,dw00;dw01;dw02;dw03;dw04;dw05;dw06;dw07;dw08,dw03;dw07;dw08,35,1,2026-09-01T12:35:46.121+0200,dw01,1729,40,2407,-122,2140,1103,1.93,42358
ground-height-4m-20260830-222436,d024m_r180_run01.csv,4,24,180,dw00;dw01;dw02;dw03;dw04;dw05;dw06;dw07;dw08,dw00;dw01;dw02;dw03;dw04;dw05;dw06;dw07;dw08,dw03;dw07;dw08,125,1,2026-09-01T12:35:46.161+0200,dw06,0789,206,2398,-37,-1928,1426,1.81,82305
ground-height-4m-20260830-222436,d024m_r180_run01.csv,4,24,180,dw00;dw01;dw02;dw03;dw04;dw05;dw06;dw07;dw08,dw00;dw01;dw02;dw03;dw04;dw05;dw06;dw07;dw08,dw03;dw07;dw08,15,1,2026-09-01T12:35:46.210+0200,dw00,8103,46,2426,-159,1605,1818,3.51,32226
ground-height-4m-20260830-222436,d024m_r180_run01.csv,4,24,180,dw00;dw01;dw02;dw03;dw04;dw05;dw06;dw07;dw08,dw00;dw01;dw02;dw03;dw04;dw05;dw06;dw07;dw08,dw03;dw07;dw08,105,1,2026-09-01T12:35:46.250+0200,dw05,4B92,93,2415,37,-824,2270,2.14,72265
ground-height-4m-20260830-222436,d024m_r180_run01.csv,4,24,180,dw00;dw01;dw02;dw03;dw04;dw05;dw06;dw07;dw08,dw00;dw01;dw02;dw03;dw04;dw05;dw06;dw07;dw08,dw03;dw07;dw08,125,1,2026-09-01T12:35:46.361+0200,dw06,0789,207,2394,-45,-2034,1262,1.75,82305
ground-height-4m-20260830-222436,d024m_r180_run01.csv,4,24,180,dw00;dw01;dw02;dw03;dw04;dw05;dw06;dw07;dw08,dw00;dw01;dw02;dw03;dw04;dw05;dw06;dw07;dw08,dw03;dw07;dw08,15,1,2026-09-01T12:35:46.411+0200,dw00,8103,47,2420,-168,1474,1919,3.69,32226
ground-height-4m-20260830-222436,d024m_r180_run01.csv,4,24,180,dw00;dw01;dw02;dw03;dw04;dw05;dw06;dw07;dw08,dw00;dw01;dw02;dw03;dw04;dw05;dw06;dw07;dw08,dw03;dw07;dw08,105,1,2026-09-01T12:35:46.451+0200,dw05,4B92,94,2414,47,-674,2318,2.08,72235
ground-height-4m-20260830-222436,d024m_r180_run01.csv,4,24,180,dw00;dw01;dw02;dw03;dw04;dw05;dw06;dw07;dw08,dw00;dw01;dw02;dw03;dw04;dw05;dw06;dw07;dw08,dw03;dw07;dw08,35,1,2026-09-01T12:35:46.522+0200,dw01,1729,42,2403,-133,1975,1368,1.81,42358
ground-height-4m-20260830-222436,d024m_r180_run01.csv,4,24,180,dw00;dw01;dw02;dw03;dw04;dw05;dw06;dw07;dw08,dw00;dw01;dw02;dw03;dw04;dw05;dw06;dw07;dw08,dw03;dw07;dw08,125,1,2026-09-01T12:35:46.561+0200,dw06,0789,208,2394,-38,-1935,1410,1.75,82305
ground-height-4m-20260830-222436,d024m_r180_run01.csv,4,24,180,dw00;dw01;dw02;dw03;dw04;dw05;dw06;dw07;dw08,dw00;dw01;dw02;dw03;dw04;dw05;dw06;dw07;dw08,dw03;dw07;dw08,15,1,2026-09-01T12:35:46.611+0200,dw00,8103,48,2421,-158,1620,1798,3.69,32226
ground-height-4m-20260830-222436,d024m_r180_run01.csv,4,24,180,dw00;dw01;dw02;dw03;dw04;dw05;dw06;dw07;dw08,dw00;dw01;dw02;dw03;dw04;dw05;dw06;dw07;dw08,dw03;dw07;dw08,105,1,2026-09-01T12:35:46.651+0200,dw05,4B92,95,2415,55,-559,2349,2.14,72235
ground-height-4m-20260830-222436,d024m_r180_run01.csv,4,24,180,dw00;dw01;dw02;dw03;dw04;dw05;dw06;dw07;dw08,dw00;dw01;dw02;dw03;dw04;dw05;dw06;dw07;dw08,dw03;dw07;dw08,35,1,2026-09-01T12:35:46.721+0200,dw01,1729,43,2409,-131,2009,1330,1.87,42358
ground-height-4m-20260830-222436,d024m_r180_run01.csv,4,24,180,dw00;dw01;dw02;dw03;dw04;dw05;dw06;dw07;dw08,dw00;dw01;dw02;dw03;dw04;dw05;dw06;dw07;dw08,dw03;dw07;dw08,125,1,2026-09-01T12:35:46.761+0200,dw06,0789,209,2395,-52,-2138,1078,1.75,82305
ground-height-4m-20260830-222436,d024m_r180_run01.csv,4,24,180,dw00;dw01;dw02;dw03;dw04;dw05;dw06;dw07;dw08,dw00;dw01;dw02;dw03;dw04;dw05;dw06;dw07;dw08,dw03;dw07;dw08,15,1,2026-09-01T12:35:46.811+0200,dw00,8103,49,2419,-155,1666,1753,3.72,32226
ground-height-4m-20260830-222436,d024m_r180_run01.csv,4,24,180,dw00;dw01;dw02;dw03;dw04;dw05;dw06;dw07;dw08,dw00;dw01;dw02;dw03;dw04;dw05;dw06;dw07;dw08,dw03;dw07;dw08,105,1,2026-09-01T12:35:46.851+0200,dw05,4B92,96,2414,43,-735,2299,2.08,72235
ground-height-4m-20260830-222436,d024m_r180_run01.csv,4,24,180,dw00;dw01;dw02;dw03;dw04;dw05;dw06;dw07;dw08,dw00;dw01;dw02;dw03;dw04;dw05;dw06;dw07;dw08,dw03;dw07;dw08,35,1,2026-09-01T12:35:46.920+0200,dw01,1729,44,2411,-116,2235,905,1.81,42358
ground-height-4m-20260830-222436,d024m_r180_run01.csv,4,24,180,dw00;dw01;dw02;dw03;dw04;dw05;dw06;dw07;dw08,dw00;dw01;dw02;dw03;dw04;dw05;dw06;dw07;dw08,dw03;dw07;dw08,125,1,2026-09-01T12:35:46.960+0200,dw06,0789,210,2396,-27,-1784,1599,1.81,82336
ground-height-4m-20260830-222436,d024m_r180_run01.csv,4,24,180,dw00;dw01;dw02;dw03;dw04;dw05;dw06;dw07;dw08,dw00;dw01;dw02;dw03;dw04;dw05;dw06;dw07;dw08,dw03;dw07;dw08,15,1,2026-09-01T12:35:47.010+0200,dw00,8103,50,2420,-157,1634,1784,3.72,32226
ground-height-4m-20260830-222436,d024m_r180_run01.csv,4,24,180,dw00;dw01;dw02;dw03;dw04;dw05;dw06;dw07;dw08,dw00;dw01;dw02;dw03;dw04;dw05;dw06;dw07;dw08,dw03;dw07;dw08,105,1,2026-09-01T12:35:47.050+0200,dw05,4B92,97,2416,41,-771,2289,2.14,72235
ground-height-4m-20260830-222436,d024m_r180_run01.csv,4,24,180,dw00;dw01;dw02;dw03;dw04;dw05;dw06;dw07;dw08,dw00;dw01;dw02;dw03;dw04;dw05;dw06;dw07;dw08,dw03;dw07;dw08,35,1,2026-09-01T12:35:47.121+0200,dw01,1729,45,2400,-114,2254,824,1.81,42327
ground-height-4m-20260830-222436,d024m_r180_run01.csv,4,24,180,dw00;dw01;dw02;dw03;dw04;dw05;dw06;dw07;dw08,dw00;dw01;dw02;dw03;dw04;dw05;dw06;dw07;dw08,dw03;dw07;dw08,125,1,2026-09-01T12:35:47.161+0200,dw06,0789,211,2398,-50,-2113,1133,1.87,82305
ground-height-4m-20260830-222436,d024m_r180_run01.csv,4,24,180,dw00;dw01;dw02;dw03;dw04;dw05;dw06;dw07;dw08,dw00;dw01;dw02;dw03;dw04;dw05;dw06;dw07;dw08,dw03;dw07;dw08,15,1,2026-09-01T12:35:47.210+0200,dw00,8103,51,2419,-104,2419,0,3.69,32257
ground-height-4m-20260830-222436,d024m_r180_run01.csv,4,24,180,dw00;dw01;dw02;dw03;dw04;dw05;dw06;dw07;dw08,dw00;dw01;dw02;dw03;dw04;dw05;dw06;dw07;dw08,dw03;dw07;dw08,105,1,2026-09-01T12:35:47.250+0200,dw05,4B92,98,2415,56,-543,2353,2.14,72265
ground-height-4m-20260830-222436,d024m_r180_run01.csv,4,24,180,dw00;dw01;dw02;dw03;dw04;dw05;dw06;dw07;dw08,dw00;dw01;dw02;dw03;dw04;dw05;dw06;dw07;dw08,dw03;dw07;dw08,35,1,2026-09-01T12:35:47.321+0200,dw01,1729,46,2403,178,1268,2041,2.02,42358
ground-height-4m-20260830-222436,d024m_r180_run01.csv,4,24,180,dw00;dw01;dw02;dw03;dw04;dw05;dw06;dw07;dw08,dw00;dw01;dw02;dw03;dw04;dw05;dw06;dw07;dw08,dw03;dw07;dw08,125,1,2026-09-01T12:35:47.361+0200,dw06,0789,212,2401,-41,-1986,1348,1.81,82305
ground-height-4m-20260830-222436,d024m_r180_run01.csv,4,24,180,dw00;dw01;dw02;dw03;dw04;dw05;dw06;dw07;dw08,dw00;dw01;dw02;dw03;dw04;dw05;dw06;dw07;dw08,dw03;dw07;dw08,15,1,2026-09-01T12:35:47.410+0200,dw00,8103,52,2418,-147,1783,1632,3.69,32257
ground-height-4m-20260830-222436,d024m_r180_run01.csv,4,24,180,dw00;dw01;dw02;dw03;dw04;dw05;dw06;dw07;dw08,dw00;dw01;dw02;dw03;dw04;dw05;dw06;dw07;dw08,dw03;dw07;dw08,105,1,2026-09-01T12:35:47.451+0200,dw05,4B92,99,2416,48,-659,2325,2.14,72235
ground-height-4m-20260830-222436,d024m_r180_run01.csv,4,24,180,dw00;dw01;dw02;dw03;dw04;dw05;dw06;dw07;dw08,dw00;dw01;dw02;dw03;dw04;dw05;dw06;dw07;dw08,dw03;dw07;dw08,35,1,2026-09-01T12:35:47.521+0200,dw01,1729,47,2404,-133,1973,1373,1.87,42358
ground-height-4m-20260830-222436,d024m_r180_run01.csv,4,24,180,dw00;dw01;dw02;dw03;dw04;dw05;dw06;dw07;dw08,dw00;dw01;dw02;dw03;dw04;dw05;dw06;dw07;dw08,dw03;dw07;dw08,125,1,2026-09-01T12:35:47.561+0200,dw06,0789,213,2396,-42,-1999,1320,1.69,82305
ground-height-4m-20260830-222436,d024m_r180_run01.csv,4,24,180,dw00;dw01;dw02;dw03;dw04;dw05;dw06;dw07;dw08,dw00;dw01;dw02;dw03;dw04;dw05;dw06;dw07;dw08,dw03;dw07;dw08,105,1,2026-09-01T12:35:47.651+0200,dw05,4B92,100,2416,46,-684,2317,2.26,72235
ground-height-4m-20260830-222436,d024m_r180_run01.csv,4,24,180,dw00;dw01;dw02;dw03;dw04;dw05;dw06;dw07;dw08,dw00;dw01;dw02;dw03;dw04;dw05;dw06;dw07;dw08,dw03;dw07;dw08,35,1,2026-09-01T12:35:47.720+0200,dw01,1729,48,2404,-134,1957,1396,1.99,42358
ground-height-4m-20260830-222436,d024m_r180_run01.csv,4,24,180,dw00;dw01;dw02;dw03;dw04;dw05;dw06;dw07;dw08,dw00;dw01;dw02;dw03;dw04;dw05;dw06;dw07;dw08,dw03;dw07;dw08,125,1,2026-09-01T12:35:47.760+0200,dw06,0789,214,2399,-54,-2176,1010,1.81,82305
ground-height-4m-20260830-222436,d024m_r180_run01.csv,4,24,180,dw00;dw01;dw02;dw03;dw04;dw05;dw06;dw07;dw08,dw00;dw01;dw02;dw03;dw04;dw05;dw06;dw07;dw08,dw03;dw07;dw08,105,1,2026-09-01T12:35:47.850+0200,dw05,4B92,101,2414,49,-652,2324,2.08,72235
ground-height-4m-20260830-222436,d024m_r180_run01.csv,4,24,180,dw00;dw01;dw02;dw03;dw04;dw05;dw06;dw07;dw08,dw00;dw01;dw02;dw03;dw04;dw05;dw06;dw07;dw08,dw03;dw07;dw08,35,1,2026-09-01T12:35:47.920+0200,dw01,1729,49,2403,-121,2155,1062,1.87,42327
ground-height-4m-20260830-222436,d024m_r180_run01.csv,4,24,180,dw00;dw01;dw02;dw03;dw04;dw05;dw06;dw07;dw08,dw00;dw01;dw02;dw03;dw04;dw05;dw06;dw07;dw08,dw03;dw07;dw08,125,1,2026-09-01T12:35:47.960+0200,dw06,0789,215,2401,-24,-1740,1655,1.81,82305
ground-height-4m-20260830-222436,d024m_r180_run01.csv,4,24,180,dw00;dw01;dw02;dw03;dw04;dw05;dw06;dw07;dw08,dw00;dw01;dw02;dw03;dw04;dw05;dw06;dw07;dw08,dw03;dw07;dw08,15,1,2026-09-01T12:35:48.010+0200,dw00,8103,55,2416,-158,1615,1797,3.78,32226
ground-height-4m-20260830-222436,d024m_r180_run01.csv,4,24,180,dw00;dw01;dw02;dw03;dw04;dw05;dw06;dw07;dw08,dw00;dw01;dw02;dw03;dw04;dw05;dw06;dw07;dw08,dw03;dw07;dw08,105,1,2026-09-01T12:35:48.050+0200,dw05,4B92,102,2416,45,-699,2312,1.93,72296
ground-height-4m-20260830-222436,d024m_r180_run01.csv,4,24,180,dw00;dw01;dw02;dw03;dw04;dw05;dw06;dw07;dw08,dw00;dw01;dw02;dw03;dw04;dw05;dw06;dw07;dw08,dw03;dw07;dw08,35,1,2026-09-01T12:35:48.120+0200,dw01,1729,50,2406,-121,2154,1072,1.81,42388
ground-height-4m-20260830-222436,d024m_r180_run01.csv,4,24,180,dw00;dw01;dw02;dw03;dw04;dw05;dw06;dw07;dw08,dw00;dw01;dw02;dw03;dw04;dw05;dw06;dw07;dw08,dw03;dw07;dw08,125,1,2026-09-01T12:35:48.160+0200,dw06,0789,216,2397,-35,-1893,1470,1.93,82336
ground-height-4m-20260830-222436,d024m_r180_run01.csv,4,24,180,dw00;dw01;dw02;dw03;dw04;dw05;dw06;dw07;dw08,dw00;dw01;dw02;dw03;dw04;dw05;dw06;dw07;dw08,dw03;dw07;dw08,105,1,2026-09-01T12:35:48.250+0200,dw05,4B92,103,2414,62,-459,2370,2.08,72235
ground-height-4m-20260830-222436,d024m_r180_run01.csv,4,24,180,dw00;dw01;dw02;dw03;dw04;dw05;dw06;dw07;dw08,dw00;dw01;dw02;dw03;dw04;dw05;dw06;dw07;dw08,dw03;dw07;dw08,35,1,2026-09-01T12:35:48.321+0200,dw01,1729,51,2406,-133,1979,1369,1.75,42358
ground-height-4m-20260830-222436,d024m_r180_run01.csv,4,24,180,dw00;dw01;dw02;dw03;dw04;dw05;dw06;dw07;dw08,dw00;dw01;dw02;dw03;dw04;dw05;dw06;dw07;dw08,dw03;dw07;dw08,125,1,2026-09-01T12:35:48.361+0200,dw06,0789,217,2393,-45,-2047,1239,1.69,82305
ground-height-4m-20260830-222436,d024m_r180_run01.csv,4,24,180,dw00;dw01;dw02;dw03;dw04;dw05;dw06;dw07;dw08,dw00;dw01;dw02;dw03;dw04;dw05;dw06;dw07;dw08,dw03;dw07;dw08,105,1,2026-09-01T12:35:48.450+0200,dw05,4B92,104,2416,42,-754,2295,2.08,72235
ground-height-4m-20260830-222436,d024m_r180_run01.csv,4,24,180,dw00;dw01;dw02;dw03;dw04;dw05;dw06;dw07;dw08,dw00;dw01;dw02;dw03;dw04;dw05;dw06;dw07;dw08,dw03;dw07;dw08,90,1,2026-09-01T12:35:48.469+0200,dw04,0F85,2,2394,36,-830,2245,-7.74,90972
ground-height-4m-20260830-222436,d024m_r180_run01.csv,4,24,180,dw00;dw01;dw02;dw03;dw04;dw05;dw06;dw07;dw08,dw00;dw01;dw02;dw03;dw04;dw05;dw06;dw07;dw08,dw03;dw07;dw08,35,1,2026-09-01T12:35:48.520+0200,dw01,1729,52,2405,-123,2119,1137,1.81,42327
ground-height-4m-20260830-222436,d024m_r180_run01.csv,4,24,180,dw00;dw01;dw02;dw03;dw04;dw05;dw06;dw07;dw08,dw00;dw01;dw02;dw03;dw04;dw05;dw06;dw07;dw08,dw03;dw07;dw08,125,1,2026-09-01T12:35:48.560+0200,dw06,0789,218,2394,-41,-1984,1339,1.81,82305
ground-height-4m-20260830-222436,d024m_r180_run01.csv,4,24,180,dw00;dw01;dw02;dw03;dw04;dw05;dw06;dw07;dw08,dw00;dw01;dw02;dw03;dw04;dw05;dw06;dw07;dw08,dw03;dw07;dw08,15,1,2026-09-01T12:35:48.610+0200,dw00,8103,58,2429,-160,1590,1837,3.78,32257
ground-height-4m-20260830-222436,d024m_r180_run01.csv,4,24,180,dw00;dw01;dw02;dw03;dw04;dw05;dw06;dw07;dw08,dw00;dw01;dw02;dw03;dw04;dw05;dw06;dw07;dw08,dw03;dw07;dw08,105,1,2026-09-01T12:35:48.650+0200,dw05,4B92,105,2413,48,-664,2320,2.08,72235
ground-height-4m-20260830-222436,d024m_r180_run01.csv,4,24,180,dw00;dw01;dw02;dw03;dw04;dw05;dw06;dw07;dw08,dw00;dw01;dw02;dw03;dw04;dw05;dw06;dw07;dw08,dw03;dw07;dw08,125,1,2026-09-01T12:35:48.760+0200,dw06,0789,219,2397,-34,-1884,1482,1.81,82305
ground-height-4m-20260830-222436,d024m_r180_run01.csv,4,24,180,dw00;dw01;dw02;dw03;dw04;dw05;dw06;dw07;dw08,dw00;dw01;dw02;dw03;dw04;dw05;dw06;dw07;dw08,dw03;dw07;dw08,15,1,2026-09-01T12:35:48.810+0200,dw00,8103,59,2417,-178,1324,2022,3.69,32226
ground-height-4m-20260830-222436,d024m_r180_run01.csv,4,24,180,dw00;dw01;dw02;dw03;dw04;dw05;dw06;dw07;dw08,dw00;dw01;dw02;dw03;dw04;dw05;dw06;dw07;dw08,dw03;dw07;dw08,105,1,2026-09-01T12:35:48.850+0200,dw05,4B92,106,2416,49,-641,2329,2.26,72235
ground-height-4m-20260830-222436,d024m_r180_run01.csv,4,24,180,dw00;dw01;dw02;dw03;dw04;dw05;dw06;dw07;dw08,dw00;dw01;dw02;dw03;dw04;dw05;dw06;dw07;dw08,dw03;dw07;dw08,90,1,2026-09-01T12:35:48.856+0200,dw04,0F85,4,2397,22,-1035,2162,2.32,77850
ground-height-4m-20260830-222436,d024m_r180_run01.csv,4,24,180,dw00;dw01;dw02;dw03;dw04;dw05;dw06;dw07;dw08,dw00;dw01;dw02;dw03;dw04;dw05;dw06;dw07;dw08,dw03;dw07;dw08,35,1,2026-09-01T12:35:48.920+0200,dw01,1729,54,2411,-119,2184,1020,1.87,42327
ground-height-4m-20260830-222436,d024m_r180_run01.csv,4,24,180,dw00;dw01;dw02;dw03;dw04;dw05;dw06;dw07;dw08,dw00;dw01;dw02;dw03;dw04;dw05;dw06;dw07;dw08,dw03;dw07;dw08,125,1,2026-09-01T12:35:48.960+0200,dw06,0789,220,2395,-47,-2074,1197,1.69,82305
ground-height-4m-20260830-222436,d024m_r180_run01.csv,4,24,180,dw00;dw01;dw02;dw03;dw04;dw05;dw06;dw07;dw08,dw00;dw01;dw02;dw03;dw04;dw05;dw06;dw07;dw08,dw03;dw07;dw08,90,1,2026-09-01T12:35:49.040+0200,dw04,0F85,5,2389,-9,-1503,1857,2.26,62286
ground-height-4m-20260830-222436,d024m_r180_run01.csv,4,24,180,dw00;dw01;dw02;dw03;dw04;dw05;dw06;dw07;dw08,dw00;dw01;dw02;dw03;dw04;dw05;dw06;dw07;dw08,dw03;dw07;dw08,105,1,2026-09-01T12:35:49.050+0200,dw05,4B92,107,2413,38,-808,2273,2.20,72265
ground-height-4m-20260830-222436,d024m_r180_run01.csv,4,24,180,dw00;dw01;dw02;dw03;dw04;dw05;dw06;dw07;dw08,dw00;dw01;dw02;dw03;dw04;dw05;dw06;dw07;dw08,dw03;dw07;dw08,125,1,2026-09-01T12:35:49.160+0200,dw06,0789,221,2395,-42,-2003,1312,1.75,82305
ground-height-4m-20260830-222436,d024m_r180_run01.csv,4,24,180,dw00;dw01;dw02;dw03;dw04;dw05;dw06;dw07;dw08,dw00;dw01;dw02;dw03;dw04;dw05;dw06;dw07;dw08,dw03;dw07;dw08,15,1,2026-09-01T12:35:49.210+0200,dw00,8103,61,2419,-163,1543,1862,3.78,32257
ground-height-4m-20260830-222436,d024m_r180_run01.csv,4,24,180,dw00;dw01;dw02;dw03;dw04;dw05;dw06;dw07;dw08,dw00;dw01;dw02;dw03;dw04;dw05;dw06;dw07;dw08,dw03;dw07;dw08,90,1,2026-09-01T12:35:49.239+0200,dw04,0F85,6,2394,5,-1288,2017,2.20,62255
ground-height-4m-20260830-222436,d024m_r180_run01.csv,4,24,180,dw00;dw01;dw02;dw03;dw04;dw05;dw06;dw07;dw08,dw00;dw01;dw02;dw03;dw04;dw05;dw06;dw07;dw08,dw03;dw07;dw08,105,1,2026-09-01T12:35:49.250+0200,dw05,4B92,108,2414,45,-706,2309,2.08,72235
ground-height-4m-20260830-222436,d024m_r180_run01.csv,4,24,180,dw00;dw01;dw02;dw03;dw04;dw05;dw06;dw07;dw08,dw00;dw01;dw02;dw03;dw04;dw05;dw06;dw07;dw08,dw03;dw07;dw08,35,1,2026-09-01T12:35:49.335+0200,dw01,1729,56,2412,-113,2284,774,2.14,57830
ground-height-4m-20260830-222436,d024m_r180_run01.csv,4,24,180,dw00;dw01;dw02;dw03;dw04;dw05;dw06;dw07;dw08,dw00;dw01;dw02;dw03;dw04;dw05;dw06;dw07;dw08,dw03;dw07;dw08,125,1,2026-09-01T12:35:49.360+0200,dw06,0789,222,2398,-41,-1980,1353,1.87,82336
ground-height-4m-20260830-222436,d024m_r180_run01.csv,4,24,180,dw00;dw01;dw02;dw03;dw04;dw05;dw06;dw07;dw08,dw00;dw01;dw02;dw03;dw04;dw05;dw06;dw07;dw08,dw03;dw07;dw08,15,1,2026-09-01T12:35:49.409+0200,dw00,8103,62,2423,179,1292,2049,3.63,32257
ground-height-4m-20260830-222436,d024m_r180_run01.csv,4,24,180,dw00;dw01;dw02;dw03;dw04;dw05;dw06;dw07;dw08,dw00;dw01;dw02;dw03;dw04;dw05;dw06;dw07;dw08,dw03;dw07;dw08,90,1,2026-09-01T12:35:49.440+0200,dw04,0F85,7,2396,-11,-1542,1833,2.38,62255
ground-height-4m-20260830-222436,d024m_r180_run01.csv,4,24,180,dw00;dw01;dw02;dw03;dw04;dw05;dw06;dw07;dw08,dw00;dw01;dw02;dw03;dw04;dw05;dw06;dw07;dw08,dw03;dw07;dw08,105,1,2026-09-01T12:35:49.449+0200,dw05,4B92,109,2417,41,-759,2294,2.08,72235
ground-height-4m-20260830-222436,d024m_r180_run01.csv,4,24,180,dw00;dw01;dw02;dw03;dw04;dw05;dw06;dw07;dw08,dw00;dw01;dw02;dw03;dw04;dw05;dw06;dw07;dw08,dw03;dw07;dw08,35,1,2026-09-01T12:35:49.520+0200,dw01,1729,57,2410,-140,1877,1511,1.93,42327
ground-height-4m-20260830-222436,d024m_r180_run01.csv,4,24,180,dw00;dw01;dw02;dw03;dw04;dw05;dw06;dw07;dw08,dw00;dw01;dw02;dw03;dw04;dw05;dw06;dw07;dw08,dw03;dw07;dw08,125,1,2026-09-01T12:35:49.560+0200,dw06,0789,223,2399,-38,-1942,1408,1.81,82305
ground-height-4m-20260830-222436,d024m_r180_run01.csv,4,24,180,dw00;dw01;dw02;dw03;dw04;dw05;dw06;dw07;dw08,dw00;dw01;dw02;dw03;dw04;dw05;dw06;dw07;dw08,dw03;dw07;dw08,15,1,2026-09-01T12:35:49.609+0200,dw00,8103,63,2417,-167,1480,1911,3.63,32226
ground-height-4m-20260830-222436,d024m_r180_run01.csv,4,24,180,dw00;dw01;dw02;dw03;dw04;dw05;dw06;dw07;dw08,dw00;dw01;dw02;dw03;dw04;dw05;dw06;dw07;dw08,dw03;dw07;dw08,90,1,2026-09-01T12:35:49.640+0200,dw04,0F85,8,2396,0,-1360,1972,2.26,62225
ground-height-4m-20260830-222436,d024m_r180_run01.csv,4,24,180,dw00;dw01;dw02;dw03;dw04;dw05;dw06;dw07;dw08,dw00;dw01;dw02;dw03;dw04;dw05;dw06;dw07;dw08,dw03;dw07;dw08,105,1,2026-09-01T12:35:49.650+0200,dw05,4B92,110,2415,41,-762,2292,2.20,72235
ground-height-4m-20260830-222436,d024m_r180_run01.csv,4,24,180,dw00;dw01;dw02;dw03;dw04;dw05;dw06;dw07;dw08,dw00;dw01;dw02;dw03;dw04;dw05;dw06;dw07;dw08,dw03;dw07;dw08,35,1,2026-09-01T12:35:49.720+0200,dw01,1729,58,2404,-114,2261,816,1.93,42388
ground-height-4m-20260830-222436,d024m_r180_run01.csv,4,24,180,dw00;dw01;dw02;dw03;dw04;dw05;dw06;dw07;dw08,dw00;dw01;dw02;dw03;dw04;dw05;dw06;dw07;dw08,dw03;dw07;dw08,125,1,2026-09-01T12:35:49.760+0200,dw06,0789,224,2396,-33,-1867,1501,1.63,82336
ground-height-4m-20260830-222436,d024m_r180_run01.csv,4,24,180,dw00;dw01;dw02;dw03;dw04;dw05;dw06;dw07;dw08,dw00;dw01;dw02;dw03;dw04;dw05;dw06;dw07;dw08,dw03;dw07;dw08,15,1,2026-09-01T12:35:49.810+0200,dw00,8103,64,2415,-166,1489,1901,3.72,32226
ground-height-4m-20260830-222436,d024m_r180_run01.csv,4,24,180,dw00;dw01;dw02;dw03;dw04;dw05;dw06;dw07;dw08,dw00;dw01;dw02;dw03;dw04;dw05;dw06;dw07;dw08,dw03;dw07;dw08,90,1,2026-09-01T12:35:49.840+0200,dw04,0F85,9,2395,-6,-1468,1892,2.08,62225
ground-height-4m-20260830-222436,d024m_r180_run01.csv,4,24,180,dw00;dw01;dw02;dw03;dw04;dw05;dw06;dw07;dw08,dw00;dw01;dw02;dw03;dw04;dw05;dw06;dw07;dw08,dw03;dw07;dw08,105,1,2026-09-01T12:35:49.850+0200,dw05,4B92,111,2415,58,-518,2359,2.08,72265
ground-height-4m-20260830-222436,d024m_r180_run01.csv,4,24,180,dw00;dw01;dw02;dw03;dw04;dw05;dw06;dw07;dw08,dw00;dw01;dw02;dw03;dw04;dw05;dw06;dw07;dw08,dw03;dw07;dw08,35,1,2026-09-01T12:35:49.920+0200,dw01,1729,59,2412,-112,2288,762,1.81,42327
ground-height-4m-20260830-222436,d024m_r180_run01.csv,4,24,180,dw00;dw01;dw02;dw03;dw04;dw05;dw06;dw07;dw08,dw00;dw01;dw02;dw03;dw04;dw05;dw06;dw07;dw08,dw03;dw07;dw08,125,1,2026-09-01T12:35:49.960+0200,dw06,0789,225,2394,-29,-1811,1566,1.75,82305
ground-height-4m-20260830-222436,d024m_r180_run01.csv,4,24,180,dw00;dw01;dw02;dw03;dw04;dw05;dw06;dw07;dw08,dw00;dw01;dw02;dw03;dw04;dw05;dw06;dw07;dw08,dw03;dw07;dw08,90,1,2026-09-01T12:35:50.039+0200,dw04,0F85,10,2396,-2,-1413,1935,2.26,62225
ground-height-4m-20260830-222436,d024m_r180_run01.csv,4,24,180,dw00;dw01;dw02;dw03;dw04;dw05;dw06;dw07;dw08,dw00;dw01;dw02;dw03;dw04;dw05;dw06;dw07;dw08,dw03;dw07;dw08,105,1,2026-09-01T12:35:50.050+0200,dw05,4B92,112,2413,30,-922,2230,2.08,72204
ground-height-4m-20260830-222436,d024m_r180_run01.csv,4,24,180,dw00;dw01;dw02;dw03;dw04;dw05;dw06;dw07;dw08,dw00;dw01;dw02;dw03;dw04;dw05;dw06;dw07;dw08,dw03;dw07;dw08,35,1,2026-09-01T12:35:50.119+0200,dw01,1729,60,2406,-129,2040,1274,1.81,42388
ground-height-4m-20260830-222436,d024m_r180_run01.csv,4,24,180,dw00;dw01;dw02;dw03;dw04;dw05;dw06;dw07;dw08,dw00;dw01;dw02;dw03;dw04;dw05;dw06;dw07;dw08,dw03;dw07;dw08,125,1,2026-09-01T12:35:50.159+0200,dw06,0789,226,2402,-45,-2042,1264,1.75,82305
ground-height-4m-20260830-222436,d024m_r180_run01.csv,4,24,180,dw00;dw01;dw02;dw03;dw04;dw05;dw06;dw07;dw08,dw00;dw01;dw02;dw03;dw04;dw05;dw06;dw07;dw08,dw03;dw07;dw08,90,1,2026-09-01T12:35:50.239+0200,dw04,0F85,11,2401,20,-1076,2146,2.26,62225
ground-height-4m-20260830-222436,d024m_r180_run01.csv,4,24,180,dw00;dw01;dw02;dw03;dw04;dw05;dw06;dw07;dw08,dw00;dw01;dw02;dw03;dw04;dw05;dw06;dw07;dw08,dw03;dw07;dw08,105,1,2026-09-01T12:35:50.249+0200,dw05,4B92,113,2415,44,-722,2305,2.14,72235
ground-height-4m-20260830-222436,d024m_r180_run01.csv,4,24,180,dw00;dw01;dw02;dw03;dw04;dw05;dw06;dw07;dw08,dw00;dw01;dw02;dw03;dw04;dw05;dw06;dw07;dw08,dw03;dw07;dw08,35,1,2026-09-01T12:35:50.319+0200,dw01,1729,61,2410,-123,2135,1118,1.87,42297
ground-height-4m-20260830-222436,d024m_r180_run01.csv,4,24,180,dw00;dw01;dw02;dw03;dw04;dw05;dw06;dw07;dw08,dw00;dw01;dw02;dw03;dw04;dw05;dw06;dw07;dw08,dw03;dw07;dw08,125,1,2026-09-01T12:35:50.359+0200,dw06,0789,227,2398,-43,-2010,1308,1.69,82305
ground-height-4m-20260830-222436,d024m_r180_run01.csv,4,24,180,dw00;dw01;dw02;dw03;dw04;dw05;dw06;dw07;dw08,dw00;dw01;dw02;dw03;dw04;dw05;dw06;dw07;dw08,dw03;dw07;dw08,15,1,2026-09-01T12:35:50.409+0200,dw00,8103,67,2419,-158,1612,1804,3.90,32318
ground-height-4m-20260830-222436,d024m_r180_run01.csv,4,24,180,dw00;dw01;dw02;dw03;dw04;dw05;dw06;dw07;dw08,dw00;dw01;dw02;dw03;dw04;dw05;dw06;dw07;dw08,dw03;dw07;dw08,90,1,2026-09-01T12:35:50.439+0200,dw04,0F85,12,2393,-3,-1415,1929,2.14,62255
ground-height-4m-20260830-222436,d024m_r180_run01.csv,4,24,180,dw00;dw01;dw02;dw03;dw04;dw05;dw06;dw07;dw08,dw00;dw01;dw02;dw03;dw04;dw05;dw06;dw07;dw08,dw03;dw07;dw08,105,1,2026-09-01T12:35:50.449+0200,dw05,4B92,114,2417,51,-611,2338,2.08,72235
ground-height-4m-20260830-222436,d024m_r180_run01.csv,4,24,180,dw00;dw01;dw02;dw03;dw04;dw05;dw06;dw07;dw08,dw00;dw01;dw02;dw03;dw04;dw05;dw06;dw07;dw08,dw03;dw07;dw08,35,1,2026-09-01T12:35:50.520+0200,dw01,1729,62,2410,-129,2041,1281,1.87,42327
ground-height-4m-20260830-222436,d024m_r180_run01.csv,4,24,180,dw00;dw01;dw02;dw03;dw04;dw05;dw06;dw07;dw08,dw00;dw01;dw02;dw03;dw04;dw05;dw06;dw07;dw08,dw03;dw07;dw08,125,1,2026-09-01T12:35:50.560+0200,dw06,0789,228,2398,-29,-1808,1576,1.75,82305
ground-height-4m-20260830-222436,d024m_r180_run01.csv,4,24,180,dw00;dw01;dw02;dw03;dw04;dw05;dw06;dw07;dw08,dw00;dw01;dw02;dw03;dw04;dw05;dw06;dw07;dw08,dw03;dw07;dw08,15,1,2026-09-01T12:35:50.609+0200,dw00,8103,68,2421,178,1269,2062,3.90,32257
ground-height-4m-20260830-222436,d024m_r180_run01.csv,4,24,180,dw00;dw01;dw02;dw03;dw04;dw05;dw06;dw07;dw08,dw00;dw01;dw02;dw03;dw04;dw05;dw06;dw07;dw08,dw03;dw07;dw08,105,1,2026-09-01T12:35:50.649+0200,dw05,4B92,115,2417,48,-667,2323,2.02,72265
ground-height-4m-20260830-222436,d024m_r180_run01.csv,4,24,180,dw00;dw01;dw02;dw03;dw04;dw05;dw06;dw07;dw08,dw00;dw01;dw02;dw03;dw04;dw05;dw06;dw07;dw08,dw03;dw07;dw08,125,1,2026-09-01T12:35:50.760+0200,dw06,0789,229,2396,-36,-1907,1450,1.81,82305
ground-height-4m-20260830-222436,d024m_r180_run01.csv,4,24,180,dw00;dw01;dw02;dw03;dw04;dw05;dw06;dw07;dw08,dw00;dw01;dw02;dw03;dw04;dw05;dw06;dw07;dw08,dw03;dw07;dw08,15,1,2026-09-01T12:35:50.810+0200,dw00,8103,69,2420,-165,1514,1887,3.84,32226
ground-height-4m-20260830-222436,d024m_r180_run01.csv,4,24,180,dw00;dw01;dw02;dw03;dw04;dw05;dw06;dw07;dw08,dw00;dw01;dw02;dw03;dw04;dw05;dw06;dw07;dw08,dw03;dw07;dw08,105,1,2026-09-01T12:35:50.850+0200,dw05,4B92,116,2413,43,-737,2298,2.02,72265
ground-height-4m-20260830-222436,d024m_r180_run01.csv,4,24,180,dw00;dw01;dw02;dw03;dw04;dw05;dw06;dw07;dw08,dw00;dw01;dw02;dw03;dw04;dw05;dw06;dw07;dw08,dw03;dw07;dw08,35,1,2026-09-01T12:35:50.919+0200,dw01,1729,64,2407,-135,1950,1412,1.93,42297
ground-height-4m-20260830-222436,d024m_r180_run01.csv,4,24,180,dw00;dw01;dw02;dw03;dw04;dw05;dw06;dw07;dw08,dw00;dw01;dw02;dw03;dw04;dw05;dw06;dw07;dw08,dw03;dw07;dw08,125,1,2026-09-01T12:35:50.959+0200,dw06,0789,230,2397,-44,-2025,1282,1.81,82305
ground-height-4m-20260830-222436,d024m_r180_run01.csv,4,24,180,dw00;dw01;dw02;dw03;dw04;dw05;dw06;dw07;dw08,dw00;dw01;dw02;dw03;dw04;dw05;dw06;dw07;dw08,dw03;dw07;dw08,90,1,2026-09-01T12:35:51.039+0200,dw04,0F85,15,2397,8,-1242,2050,2.26,62286
ground-height-4m-20260830-222436,d024m_r180_run01.csv,4,24,180,dw00;dw01;dw02;dw03;dw04;dw05;dw06;dw07;dw08,dw00;dw01;dw02;dw03;dw04;dw05;dw06;dw07;dw08,dw03;dw07;dw08,105,1,2026-09-01T12:35:51.049+0200,dw05,4B92,117,2415,49,-650,2326,2.08,72235
ground-height-4m-20260830-222436,d024m_r180_run01.csv,4,24,180,dw00;dw01;dw02;dw03;dw04;dw05;dw06;dw07;dw08,dw00;dw01;dw02;dw03;dw04;dw05;dw06;dw07;dw08,dw03;dw07;dw08,35,1,2026-09-01T12:35:51.119+0200,dw01,1729,65,2403,-139,1884,1490,1.87,42358
ground-height-4m-20260830-222436,d024m_r180_run01.csv,4,24,180,dw00;dw01;dw02;dw03;dw04;dw05;dw06;dw07;dw08,dw00;dw01;dw02;dw03;dw04;dw05;dw06;dw07;dw08,dw03;dw07;dw08,125,1,2026-09-01T12:35:51.159+0200,dw06,0789,231,2396,-35,-1898,1462,1.75,82336
ground-height-4m-20260830-222436,d024m_r180_run01.csv,4,24,180,dw00;dw01;dw02;dw03;dw04;dw05;dw06;dw07;dw08,dw00;dw01;dw02;dw03;dw04;dw05;dw06;dw07;dw08,dw03;dw07;dw08,15,1,2026-09-01T12:35:51.209+0200,dw00,8103,71,2416,-155,1658,1757,3.78,32226
ground-height-4m-20260830-222436,d024m_r180_run01.csv,4,24,180,dw00;dw01;dw02;dw03;dw04;dw05;dw06;dw07;dw08,dw00;dw01;dw02;dw03;dw04;dw05;dw06;dw07;dw08,dw03;dw07;dw08,90,1,2026-09-01T12:35:51.239+0200,dw04,0F85,16,2391,3,-1310,2000,2.32,62225
ground-height-4m-20260830-222436,d024m_r180_run01.csv,4,24,180,dw00;dw01;dw02;dw03;dw04;dw05;dw06;dw07;dw08,dw00;dw01;dw02;dw03;dw04;dw05;dw06;dw07;dw08,dw03;dw07;dw08,105,1,2026-09-01T12:35:51.249+0200,dw05,4B92,118,2416,57,-531,2357,2.02,72235
ground-height-4m-20260830-222436,d024m_r180_run01.csv,4,24,180,dw00;dw01;dw02;dw03;dw04;dw05;dw06;dw07;dw08,dw00;dw01;dw02;dw03;dw04;dw05;dw06;dw07;dw08,dw03;dw07;dw08,35,1,2026-09-01T12:35:51.319+0200,dw01,1729,66,2405,-120,2164,1049,1.99,42358
ground-height-4m-20260830-222436,d024m_r180_run01.csv,4,24,180,dw00;dw01;dw02;dw03;dw04;dw05;dw06;dw07;dw08,dw00;dw01;dw02;dw03;dw04;dw05;dw06;dw07;dw08,dw03;dw07;dw08,125,1,2026-09-01T12:35:51.359+0200,dw06,0789,232,2397,-42,-2000,1322,1.69,82305
ground-height-4m-20260830-222436,d024m_r180_run01.csv,4,24,180,dw00;dw01;dw02;dw03;dw04;dw05;dw06;dw07;dw08,dw00;dw01;dw02;dw03;dw04;dw05;dw06;dw07;dw08,dw03;dw07;dw08,15,1,2026-09-01T12:35:51.409+0200,dw00,8103,72,2413,-155,1656,1755,3.84,32257
ground-height-4m-20260830-222436,d024m_r180_run01.csv,4,24,180,dw00;dw01;dw02;dw03;dw04;dw05;dw06;dw07;dw08,dw00;dw01;dw02;dw03;dw04;dw05;dw06;dw07;dw08,dw03;dw07;dw08,90,1,2026-09-01T12:35:51.439+0200,dw04,0F85,17,2386,-2,-1405,1928,2.20,62255
ground-height-4m-20260830-222436,d024m_r180_run01.csv,4,24,180,dw00;dw01;dw02;dw03;dw04;dw05;dw06;dw07;dw08,dw00;dw01;dw02;dw03;dw04;dw05;dw06;dw07;dw08,dw03;dw07;dw08,105,1,2026-09-01T12:35:51.449+0200,dw05,4B92,119,2417,47,-674,2321,2.20,72265
ground-height-4m-20260830-222436,d024m_r180_run01.csv,4,24,180,dw00;dw01;dw02;dw03;dw04;dw05;dw06;dw07;dw08,dw00;dw01;dw02;dw03;dw04;dw05;dw06;dw07;dw08,dw03;dw07;dw08,35,1,2026-09-01T12:35:51.519+0200,dw01,1729,67,2411,-135,1957,1408,1.81,42327
ground-height-4m-20260830-222436,d024m_r180_run01.csv,4,24,180,dw00;dw01;dw02;dw03;dw04;dw05;dw06;dw07;dw08,dw00;dw01;dw02;dw03;dw04;dw05;dw06;dw07;dw08,dw03;dw07;dw08,125,1,2026-09-01T12:35:51.559+0200,dw06,0789,233,2397,-44,-2029,1276,1.69,82305
ground-height-4m-20260830-222436,d024m_r180_run01.csv,4,24,180,dw00;dw01;dw02;dw03;dw04;dw05;dw06;dw07;dw08,dw00;dw01;dw02;dw03;dw04;dw05;dw06;dw07;dw08,dw03;dw07;dw08,90,1,2026-09-01T12:35:51.639+0200,dw04,0F85,18,2390,-14,-1577,1796,2.20,62286
ground-height-4m-20260830-222436,d024m_r180_run01.csv,4,24,180,dw00;dw01;dw02;dw03;dw04;dw05;dw06;dw07;dw08,dw00;dw01;dw02;dw03;dw04;dw05;dw06;dw07;dw08,dw03;dw07;dw08,105,1,2026-09-01T12:35:51.649+0200,dw05,4B92,120,2412,55,-558,2347,2.14,72204
ground-height-4m-20260830-222436,d024m_r180_run01.csv,4,24,180,dw00;dw01;dw02;dw03;dw04;dw05;dw06;dw07;dw08,dw00;dw01;dw02;dw03;dw04;dw05;dw06;dw07;dw08,dw03;dw07;dw08,35,1,2026-09-01T12:35:51.719+0200,dw01,1729,68,2403,-115,2235,884,1.93,42358
ground-height-4m-20260830-222436,d024m_r180_run01.csv,4,24,180,dw00;dw01;dw02;dw03;dw04;dw05;dw06;dw07;dw08,dw00;dw01;dw02;dw03;dw04;dw05;dw06;dw07;dw08,dw03;dw07;dw08,125,1,2026-09-01T12:35:51.759+0200,dw06,0789,234,2397,-50,-2124,1110,1.69,82305
ground-height-4m-20260830-222436,d024m_r180_run01.csv,4,24,180,dw00;dw01;dw02;dw03;dw04;dw05;dw06;dw07;dw08,dw00;dw01;dw02;dw03;dw04;dw05;dw06;dw07;dw08,dw03;dw07;dw08,15,1,2026-09-01T12:35:51.808+0200,dw00,8103,74,2417,-157,1637,1778,3.63,32226
ground-height-4m-20260830-222436,d024m_r180_run01.csv,4,24,180,dw00;dw01;dw02;dw03;dw04;dw05;dw06;dw07;dw08,dw00;dw01;dw02;dw03;dw04;dw05;dw06;dw07;dw08,dw03;dw07;dw08,90,1,2026-09-01T12:35:51.839+0200,dw04,0F85,19,2397,6,-1282,2026,2.32,62225
ground-height-4m-20260830-222436,d024m_r180_run01.csv,4,24,180,dw00;dw01;dw02;dw03;dw04;dw05;dw06;dw07;dw08,dw00;dw01;dw02;dw03;dw04;dw05;dw06;dw07;dw08,dw03;dw07;dw08,105,1,2026-09-01T12:35:51.848+0200,dw05,4B92,121,2415,45,-708,2309,2.02,72235
ground-height-4m-20260830-222436,d024m_r180_run01.csv,4,24,180,dw00;dw01;dw02;dw03;dw04;dw05;dw06;dw07;dw08,dw00;dw01;dw02;dw03;dw04;dw05;dw06;dw07;dw08,dw03;dw07;dw08,125,1,2026-09-01T12:35:51.959+0200,dw06,0789,235,2396,-49,-2099,1154,1.69,82305
ground-height-4m-20260830-222436,d024m_r180_run01.csv,4,24,180,dw00;dw01;dw02;dw03;dw04;dw05;dw06;dw07;dw08,dw00;dw01;dw02;dw03;dw04;dw05;dw06;dw07;dw08,dw03;dw07;dw08,15,1,2026-09-01T12:35:52.009+0200,dw00,8103,75,2419,-152,1702,1719,4.02,32257
ground-height-4m-20260830-222436,d024m_r180_run01.csv,4,24,180,dw00;dw01;dw02;dw03;dw04;dw05;dw06;dw07;dw08,dw00;dw01;dw02;dw03;dw04;dw05;dw06;dw07;dw08,dw03;dw07;dw08,90,1,2026-09-01T12:35:52.039+0200,dw04,0F85,20,2398,-9,-1509,1863,2.20,62225
ground-height-4m-20260830-222436,d024m_r180_run01.csv,4,24,180,dw00;dw01;dw02;dw03;dw04;dw05;dw06;dw07;dw08,dw00;dw01;dw02;dw03;dw04;dw05;dw06;dw07;dw08,dw03;dw07;dw08,105,1,2026-09-01T12:35:52.049+0200,dw05,4B92,122,2416,44,-723,2305,2.14,72265
ground-height-4m-20260830-222436,d024m_r180_run01.csv,4,24,180,dw00;dw01;dw02;dw03;dw04;dw05;dw06;dw07;dw08,dw00;dw01;dw02;dw03;dw04;dw05;dw06;dw07;dw08,dw03;dw07;dw08,125,1,2026-09-01T12:35:52.159+0200,dw06,0789,236,2397,-49,-2108,1140,1.69,82336
ground-height-4m-20260830-222436,d024m_r180_run01.csv,4,24,180,dw00;dw01;dw02;dw03;dw04;dw05;dw06;dw07;dw08,dw00;dw01;dw02;dw03;dw04;dw05;dw06;dw07;dw08,dw03;dw07;dw08,15,1,2026-09-01T12:35:52.209+0200,dw00,8103,76,2419,-176,1350,2007,3.90,32226
ground-height-4m-20260830-222436,d024m_r180_run01.csv,4,24,180,dw00;dw01;dw02;dw03;dw04;dw05;dw06;dw07;dw08,dw00;dw01;dw02;dw03;dw04;dw05;dw06;dw07;dw08,dw03;dw07;dw08,90,1,2026-09-01T12:35:52.239+0200,dw04,0F85,21,2390,5,-1291,2011,2.14,62255
ground-height-4m-20260830-222436,d024m_r180_run01.csv,4,24,180,dw00;dw01;dw02;dw03;dw04;dw05;dw06;dw07;dw08,dw00;dw01;dw02;dw03;dw04;dw05;dw06;dw07;dw08,dw03;dw07;dw08,105,1,2026-09-01T12:35:52.249+0200,dw05,4B92,123,2414,46,-688,2314,2.14,72265
ground-height-4m-20260830-222436,d024m_r180_run01.csv,4,24,180,dw00;dw01;dw02;dw03;dw04;dw05;dw06;dw07;dw08,dw00;dw01;dw02;dw03;dw04;dw05;dw06;dw07;dw08,dw03;dw07;dw08,35,1,2026-09-01T12:35:52.319+0200,dw01,1729,71,2405,-122,2146,1086,1.87,42388
ground-height-4m-20260830-222436,d024m_r180_run01.csv,4,24,180,dw00;dw01;dw02;dw03;dw04;dw05;dw06;dw07;dw08,dw00;dw01;dw02;dw03;dw04;dw05;dw06;dw07;dw08,dw03;dw07;dw08,125,1,2026-09-01T12:35:52.359+0200,dw06,0789,237,2396,-45,-2042,1253,1.69,82305
ground-height-4m-20260830-222436,d024m_r180_run01.csv,4,24,180,dw00;dw01;dw02;dw03;dw04;dw05;dw06;dw07;dw08,dw00;dw01;dw02;dw03;dw04;dw05;dw06;dw07;dw08,dw03;dw07;dw08,90,1,2026-09-01T12:35:52.438+0200,dw04,0F85,22,2397,-8,-1500,1870,2.14,62255
ground-height-4m-20260830-222436,d024m_r180_run01.csv,4,24,180,dw00;dw01;dw02;dw03;dw04;dw05;dw06;dw07;dw08,dw00;dw01;dw02;dw03;dw04;dw05;dw06;dw07;dw08,dw03;dw07;dw08,105,1,2026-09-01T12:35:52.449+0200,dw05,4B92,124,2413,51,-623,2331,2.08,72235
ground-height-4m-20260830-222436,d024m_r180_run01.csv,4,24,180,dw00;dw01;dw02;dw03;dw04;dw05;dw06;dw07;dw08,dw00;dw01;dw02;dw03;dw04;dw05;dw06;dw07;dw08,dw03;dw07;dw08,35,1,2026-09-01T12:35:52.518+0200,dw01,1729,72,2411,-127,2064,1246,1.87,42327
ground-height-4m-20260830-222436,d024m_r180_run01.csv,4,24,180,dw00;dw01;dw02;dw03;dw04;dw05;dw06;dw07;dw08,dw00;dw01;dw02;dw03;dw04;dw05;dw06;dw07;dw08,dw03;dw07;dw08,125,1,2026-09-01T12:35:52.558+0200,dw06,0789,238,2397,-42,-1992,1332,1.69,82305
ground-height-4m-20260830-222436,d024m_r180_run01.csv,4,24,180,dw00;dw01;dw02;dw03;dw04;dw05;dw06;dw07;dw08,dw00;dw01;dw02;dw03;dw04;dw05;dw06;dw07;dw08,dw03;dw07;dw08,15,1,2026-09-01T12:35:52.608+0200,dw00,8103,78,2425,177,1266,2068,3.78,32226
ground-height-4m-20260830-222436,d024m_r180_run01.csv,4,24,180,dw00;dw01;dw02;dw03;dw04;dw05;dw06;dw07;dw08,dw00;dw01;dw02;dw03;dw04;dw05;dw06;dw07;dw08,dw03;dw07;dw08,90,1,2026-09-01T12:35:52.638+0200,dw04,0F85,23,2391,26,-979,2182,2.08,62225
ground-height-4m-20260830-222436,d024m_r180_run01.csv,4,24,180,dw00;dw01;dw02;dw03;dw04;dw05;dw06;dw07;dw08,dw00;dw01;dw02;dw03;dw04;dw05;dw06;dw07;dw08,dw03;dw07;dw08,105,1,2026-09-01T12:35:52.648+0200,dw05,4B92,125,2413,46,-693,2311,2.08,72265
ground-height-4m-20260830-222436,d024m_r180_run01.csv,4,24,180,dw00;dw01;dw02;dw03;dw04;dw05;dw06;dw07;dw08,dw00;dw01;dw02;dw03;dw04;dw05;dw06;dw07;dw08,dw03;dw07;dw08,35,1,2026-09-01T12:35:52.719+0200,dw01,1729,73,2411,-124,2110,1166,1.93,42388
ground-height-4m-20260830-222436,d024m_r180_run01.csv,4,24,180,dw00;dw01;dw02;dw03;dw04;dw05;dw06;dw07;dw08,dw00;dw01;dw02;dw03;dw04;dw05;dw06;dw07;dw08,dw03;dw07;dw08,125,1,2026-09-01T12:35:52.759+0200,dw06,0789,239,2398,-42,-2006,1313,1.75,82305
ground-height-4m-20260830-222436,d024m_r180_run01.csv,4,24,180,dw00;dw01;dw02;dw03;dw04;dw05;dw06;dw07;dw08,dw00;dw01;dw02;dw03;dw04;dw05;dw06;dw07;dw08,dw03;dw07;dw08,90,1,2026-09-01T12:35:52.839+0200,dw04,0F85,24,2391,7,-1264,2030,2.20,62225
ground-height-4m-20260830-222436,d024m_r180_run01.csv,4,24,180,dw00;dw01;dw02;dw03;dw04;dw05;dw06;dw07;dw08,dw00;dw01;dw02;dw03;dw04;dw05;dw06;dw07;dw08,dw03;dw07;dw08,105,1,2026-09-01T12:35:52.848+0200,dw05,4B92,126,2417,52,-597,2342,2.14,72235
ground-height-4m-20260830-222436,d024m_r180_run01.csv,4,24,180,dw00;dw01;dw02;dw03;dw04;dw05;dw06;dw07;dw08,dw00;dw01;dw02;dw03;dw04;dw05;dw06;dw07;dw08,dw03;dw07;dw08,35,1,2026-09-01T12:35:52.919+0200,dw01,1729,74,2404,-125,2099,1172,1.99,42358
ground-height-4m-20260830-222436,d024m_r180_run01.csv,4,24,180,dw00;dw01;dw02;dw03;dw04;dw05;dw06;dw07;dw08,dw00;dw01;dw02;dw03;dw04;dw05;dw06;dw07;dw08,dw03;dw07;dw08,125,1,2026-09-01T12:35:52.959+0200,dw06,0789,240,2395,-37,-1930,1418,1.69,82305
ground-height-4m-20260830-222436,d024m_r180_run01.csv,4,24,180,dw00;dw01;dw02;dw03;dw04;dw05;dw06;dw07;dw08,dw00;dw01;dw02;dw03;dw04;dw05;dw06;dw07;dw08,dw03;dw07;dw08,90,1,2026-09-01T12:35:53.039+0200,dw04,0F85,25,2397,-16,-1608,1777,2.14,62255
ground-height-4m-20260830-222436,d024m_r180_run01.csv,4,24,180,dw00;dw01;dw02;dw03;dw04;dw05;dw06;dw07;dw08,dw00;dw01;dw02;dw03;dw04;dw05;dw06;dw07;dw08,dw03;dw07;dw08,105,1,2026-09-01T12:35:53.049+0200,dw05,4B92,127,2414,50,-632,2330,2.20,72235
ground-height-4m-20260830-222436,d024m_r180_run01.csv,4,24,180,dw00;dw01;dw02;dw03;dw04;dw05;dw06;dw07;dw08,dw00;dw01;dw02;dw03;dw04;dw05;dw06;dw07;dw08,dw03;dw07;dw08,35,1,2026-09-01T12:35:53.119+0200,dw01,1729,75,2405,-130,2026,1295,1.81,42358
ground-height-4m-20260830-222436,d024m_r180_run01.csv,4,24,180,dw00;dw01;dw02;dw03;dw04;dw05;dw06;dw07;dw08,dw00;dw01;dw02;dw03;dw04;dw05;dw06;dw07;dw08,dw03;dw07;dw08,125,1,2026-09-01T12:35:53.159+0200,dw06,0789,241,2396,-54,-2178,997,1.69,82305
ground-height-4m-20260830-222436,d024m_r180_run01.csv,4,24,180,dw00;dw01;dw02;dw03;dw04;dw05;dw06;dw07;dw08,dw00;dw01;dw02;dw03;dw04;dw05;dw06;dw07;dw08,dw03;dw07;dw08,15,1,2026-09-01T12:35:53.209+0200,dw00,8103,81,2418,-158,1616,1798,3.84,32226
ground-height-4m-20260830-222436,d024m_r180_run01.csv,4,24,180,dw00;dw01;dw02;dw03;dw04;dw05;dw06;dw07;dw08,dw00;dw01;dw02;dw03;dw04;dw05;dw06;dw07;dw08,dw03;dw07;dw08,90,1,2026-09-01T12:35:53.238+0200,dw04,0F85,26,2394,4,-1305,2007,2.14,62286
ground-height-4m-20260830-222436,d024m_r180_run01.csv,4,24,180,dw00;dw01;dw02;dw03;dw04;dw05;dw06;dw07;dw08,dw00;dw01;dw02;dw03;dw04;dw05;dw06;dw07;dw08,dw03;dw07;dw08,105,1,2026-09-01T12:35:53.249+0200,dw05,4B92,128,2413,38,-808,2274,2.08,72235
ground-height-4m-20260830-222436,d024m_r180_run01.csv,4,24,180,dw00;dw01;dw02;dw03;dw04;dw05;dw06;dw07;dw08,dw00;dw01;dw02;dw03;dw04;dw05;dw06;dw07;dw08,dw03;dw07;dw08,35,1,2026-09-01T12:35:53.318+0200,dw01,1729,76,2405,-132,1995,1344,1.75,42358
ground-height-4m-20260830-222436,d024m_r180_run01.csv,4,24,180,dw00;dw01;dw02;dw03;dw04;dw05;dw06;dw07;dw08,dw00;dw01;dw02;dw03;dw04;dw05;dw06;dw07;dw08,dw03;dw07;dw08,125,1,2026-09-01T12:35:53.358+0200,dw06,0789,242,2393,-47,-2064,1210,1.69,82305
ground-height-4m-20260830-222436,d024m_r180_run01.csv,4,24,180,dw00;dw01;dw02;dw03;dw04;dw05;dw06;dw07;dw08,dw00;dw01;dw02;dw03;dw04;dw05;dw06;dw07;dw08,dw03;dw07;dw08,90,1,2026-09-01T12:35:53.438+0200,dw04,0F85,27,2393,3,-1320,1996,2.26,62194
ground-height-4m-20260830-222436,d024m_r180_run01.csv,4,24,180,dw00;dw01;dw02;dw03;dw04;dw05;dw06;dw07;dw08,dw00;dw01;dw02;dw03;dw04;dw05;dw06;dw07;dw08,dw03;dw07;dw08,105,1,2026-09-01T12:35:53.448+0200,dw05,4B92,129,2415,57,-534,2355,2.26,72235
ground-height-4m-20260830-222436,d024m_r180_run01.csv,4,24,180,dw00;dw01;dw02;dw03;dw04;dw05;dw06;dw07;dw08,dw00;dw01;dw02;dw03;dw04;dw05;dw06;dw07;dw08,dw03;dw07;dw08,35,1,2026-09-01T12:35:53.518+0200,dw01,1729,77,2406,-130,2016,1312,1.69,42358
ground-height-4m-20260830-222436,d024m_r180_run01.csv,4,24,180,dw00;dw01;dw02;dw03;dw04;dw05;dw06;dw07;dw08,dw00;dw01;dw02;dw03;dw04;dw05;dw06;dw07;dw08,dw03;dw07;dw08,125,1,2026-09-01T12:35:53.558+0200,dw06,0789,243,2397,-34,-1879,1487,1.81,82305
ground-height-4m-20260830-222436,d024m_r180_run01.csv,4,24,180,dw00;dw01;dw02;dw03;dw04;dw05;dw06;dw07;dw08,dw00;dw01;dw02;dw03;dw04;dw05;dw06;dw07;dw08,dw03;dw07;dw08,15,1,2026-09-01T12:35:53.608+0200,dw00,8103,83,2415,-173,1389,1975,3.84,32226
ground-height-4m-20260830-222436,d024m_r180_run01.csv,4,24,180,dw00;dw01;dw02;dw03;dw04;dw05;dw06;dw07;dw08,dw00;dw01;dw02;dw03;dw04;dw05;dw06;dw07;dw08,dw03;dw07;dw08,90,1,2026-09-01T12:35:53.638+0200,dw04,0F85,28,2396,4,-1311,2005,2.14,62286
ground-height-4m-20260830-222436,d024m_r180_run01.csv,4,24,180,dw00;dw01;dw02;dw03;dw04;dw05;dw06;dw07;dw08,dw00;dw01;dw02;dw03;dw04;dw05;dw06;dw07;dw08,dw03;dw07;dw08,105,1,2026-09-01T12:35:53.648+0200,dw05,4B92,130,2416,35,-851,2261,2.14,72235
ground-height-4m-20260830-222436,d024m_r180_run01.csv,4,24,180,dw00;dw01;dw02;dw03;dw04;dw05;dw06;dw07;dw08,dw00;dw01;dw02;dw03;dw04;dw05;dw06;dw07;dw08,dw03;dw07;dw08,35,1,2026-09-01T12:35:53.718+0200,dw01,1729,78,2411,-121,2156,1079,1.93,42327
ground-height-4m-20260830-222436,d024m_r180_run01.csv,4,24,180,dw00;dw01;dw02;dw03;dw04;dw05;dw06;dw07;dw08,dw00;dw01;dw02;dw03;dw04;dw05;dw06;dw07;dw08,dw03;dw07;dw08,125,1,2026-09-01T12:35:53.758+0200,dw06,0789,244,2395,-39,-1952,1388,1.75,82336
ground-height-4m-20260830-222436,d024m_r180_run01.csv,4,24,180,dw00;dw01;dw02;dw03;dw04;dw05;dw06;dw07;dw08,dw00;dw01;dw02;dw03;dw04;dw05;dw06;dw07;dw08,dw03;dw07;dw08,15,1,2026-09-01T12:35:53.808+0200,dw00,8103,84,2420,-161,1571,1841,3.90,32226
ground-height-4m-20260830-222436,d024m_r180_run01.csv,4,24,180,dw00;dw01;dw02;dw03;dw04;dw05;dw06;dw07;dw08,dw00;dw01;dw02;dw03;dw04;dw05;dw06;dw07;dw08,dw03;dw07;dw08,90,1,2026-09-01T12:35:53.838+0200,dw04,0F85,29,2397,31,-912,2217,2.02,62225
ground-height-4m-20260830-222436,d024m_r180_run01.csv,4,24,180,dw00;dw01;dw02;dw03;dw04;dw05;dw06;dw07;dw08,dw00;dw01;dw02;dw03;dw04;dw05;dw06;dw07;dw08,dw03;dw07;dw08,105,1,2026-09-01T12:35:53.848+0200,dw05,4B92,131,2415,31,-909,2238,2.14,72235
ground-height-4m-20260830-222436,d024m_r180_run01.csv,4,24,180,dw00;dw01;dw02;dw03;dw04;dw05;dw06;dw07;dw08,dw00;dw01;dw02;dw03;dw04;dw05;dw06;dw07;dw08,dw03;dw07;dw08,125,1,2026-09-01T12:35:53.959+0200,dw06,0789,245,2398,-42,-1996,1329,1.75,82275
ground-height-4m-20260830-222436,d024m_r180_run01.csv,4,24,180,dw00;dw01;dw02;dw03;dw04;dw05;dw06;dw07;dw08,dw00;dw01;dw02;dw03;dw04;dw05;dw06;dw07;dw08,dw03;dw07;dw08,15,1,2026-09-01T12:35:54.008+0200,dw00,8103,85,2413,-166,1491,1897,3.78,32257
ground-height-4m-20260830-222436,d024m_r180_run01.csv,4,24,180,dw00;dw01;dw02;dw03;dw04;dw05;dw06;dw07;dw08,dw00;dw01;dw02;dw03;dw04;dw05;dw06;dw07;dw08,dw03;dw07;dw08,90,1,2026-09-01T12:35:54.038+0200,dw04,0F85,30,2393,-6,-1464,1893,2.14,62225
ground-height-4m-20260830-222436,d024m_r180_run01.csv,4,24,180,dw00;dw01;dw02;dw03;dw04;dw05;dw06;dw07;dw08,dw00;dw01;dw02;dw03;dw04;dw05;dw06;dw07;dw08,dw03;dw07;dw08,105,1,2026-09-01T12:35:54.048+0200,dw05,4B92,132,2418,44,-725,2306,2.08,72235
ground-height-4m-20260830-222436,d024m_r180_run01.csv,4,24,180,dw00;dw01;dw02;dw03;dw04;dw05;dw06;dw07;dw08,dw00;dw01;dw02;dw03;dw04;dw05;dw06;dw07;dw08,dw03;dw07;dw08,125,1,2026-09-01T12:35:54.158+0200,dw06,0789,246,2398,-39,-1957,1385,1.87,82336
ground-height-4m-20260830-222436,d024m_r180_run01.csv,4,24,180,dw00;dw01;dw02;dw03;dw04;dw05;dw06;dw07;dw08,dw00;dw01;dw02;dw03;dw04;dw05;dw06;dw07;dw08,dw03;dw07;dw08,15,1,2026-09-01T12:35:54.208+0200,dw00,8103,86,2412,-158,1618,1789,3.90,32226
ground-height-4m-20260830-222436,d024m_r180_run01.csv,4,24,180,dw00;dw01;dw02;dw03;dw04;dw05;dw06;dw07;dw08,dw00;dw01;dw02;dw03;dw04;dw05;dw06;dw07;dw08,dw03;dw07;dw08,90,1,2026-09-01T12:35:54.238+0200,dw04,0F85,31,2389,-3,-1426,1917,2.20,62255
ground-height-4m-20260830-222436,d024m_r180_run01.csv,4,24,180,dw00;dw01;dw02;dw03;dw04;dw05;dw06;dw07;dw08,dw00;dw01;dw02;dw03;dw04;dw05;dw06;dw07;dw08,dw03;dw07;dw08,105,1,2026-09-01T12:35:54.248+0200,dw05,4B92,133,2412,53,-587,2339,2.20,72265
ground-height-4m-20260830-222436,d024m_r180_run01.csv,4,24,180,dw00;dw01;dw02;dw03;dw04;dw05;dw06;dw07;dw08,dw00;dw01;dw02;dw03;dw04;dw05;dw06;dw07;dw08,dw03;dw07;dw08,35,1,2026-09-01T12:35:54.318+0200,dw01,1729,81,2405,-114,2254,839,1.87,42327
ground-height-4m-20260830-222436,d024m_r180_run01.csv,4,24,180,dw00;dw01;dw02;dw03;dw04;dw05;dw06;dw07;dw08,dw00;dw01;dw02;dw03;dw04;dw05;dw06;dw07;dw08,dw03;dw07;dw08,125,1,2026-09-01T12:35:54.358+0200,dw06,0789,247,2399,-34,-1877,1495,1.87,82305
ground-height-4m-20260830-222436,d024m_r180_run01.csv,4,24,180,dw00;dw01;dw02;dw03;dw04;dw05;dw06;dw07;dw08,dw00;dw01;dw02;dw03;dw04;dw05;dw06;dw07;dw08,dw03;dw07;dw08,15,1,2026-09-01T12:35:54.408+0200,dw00,8103,87,2422,-158,1611,1808,3.96,32257
ground-height-4m-20260830-222436,d024m_r180_run01.csv,4,24,180,dw00;dw01;dw02;dw03;dw04;dw05;dw06;dw07;dw08,dw00;dw01;dw02;dw03;dw04;dw05;dw06;dw07;dw08,dw03;dw07;dw08,90,1,2026-09-01T12:35:54.438+0200,dw04,0F85,32,2396,2,-1340,1986,2.26,62225
ground-height-4m-20260830-222436,d024m_r180_run01.csv,4,24,180,dw00;dw01;dw02;dw03;dw04;dw05;dw06;dw07;dw08,dw00;dw01;dw02;dw03;dw04;dw05;dw06;dw07;dw08,dw03;dw07;dw08,105,1,2026-09-01T12:35:54.448+0200,dw05,4B92,134,2415,46,-687,2315,2.14,72235
ground-height-4m-20260830-222436,d024m_r180_run01.csv,4,24,180,dw00;dw01;dw02;dw03;dw04;dw05;dw06;dw07;dw08,dw00;dw01;dw02;dw03;dw04;dw05;dw06;dw07;dw08,dw03;dw07;dw08,35,1,2026-09-01T12:35:54.518+0200,dw01,1729,82,2409,-142,1848,1545,1.87,42358
ground-height-4m-20260830-222436,d024m_r180_run01.csv,4,24,180,dw00;dw01;dw02;dw03;dw04;dw05;dw06;dw07;dw08,dw00;dw01;dw02;dw03;dw04;dw05;dw06;dw07;dw08,dw03;dw07;dw08,125,1,2026-09-01T12:35:54.558+0200,dw06,0789,248,2398,-31,-1840,1537,1.75,82305
ground-height-4m-20260830-222436,d024m_r180_run01.csv,4,24,180,dw00;dw01;dw02;dw03;dw04;dw05;dw06;dw07;dw08,dw00;dw01;dw02;dw03;dw04;dw05;dw06;dw07;dw08,dw03;dw07;dw08,15,1,2026-09-01T12:35:54.608+0200,dw00,8103,88,2424,-159,1611,1811,3.90,32226
ground-height-4m-20260830-222436,d024m_r180_run01.csv,4,24,180,dw00;dw01;dw02;dw03;dw04;dw05;dw06;dw07;dw08,dw00;dw01;dw02;dw03;dw04;dw05;dw06;dw07;dw08,dw03;dw07;dw08,105,1,2026-09-01T12:35:54.648+0200,dw05,4B92,135,2412,37,-823,2267,2.02,72296
ground-height-4m-20260830-222436,d024m_r180_run01.csv,4,24,180,dw00;dw01;dw02;dw03;dw04;dw05;dw06;dw07;dw08,dw00;dw01;dw02;dw03;dw04;dw05;dw06;dw07;dw08,dw03;dw07;dw08,35,1,2026-09-01T12:35:54.718+0200,dw01,1729,83,2405,-131,2013,1315,1.93,42388
ground-height-4m-20260830-222436,d024m_r180_run01.csv,4,24,180,dw00;dw01;dw02;dw03;dw04;dw05;dw06;dw07;dw08,dw00;dw01;dw02;dw03;dw04;dw05;dw06;dw07;dw08,dw03;dw07;dw08,125,1,2026-09-01T12:35:54.758+0200,dw06,0789,249,2395,-36,-1915,1437,1.69,82305
ground-height-4m-20260830-222436,d024m_r180_run01.csv,4,24,180,dw00;dw01;dw02;dw03;dw04;dw05;dw06;dw07;dw08,dw00;dw01;dw02;dw03;dw04;dw05;dw06;dw07;dw08,dw03;dw07;dw08,15,1,2026-09-01T12:35:54.808+0200,dw00,8103,89,2415,-67,-2382,399,3.78,32257
ground-height-4m-20260830-222436,d024m_r180_run01.csv,4,24,180,dw00;dw01;dw02;dw03;dw04;dw05;dw06;dw07;dw08,dw00;dw01;dw02;dw03;dw04;dw05;dw06;dw07;dw08,dw03;dw07;dw08,105,1,2026-09-01T12:35:54.848+0200,dw05,4B92,136,2412,56,-537,2352,2.08,72296
ground-height-4m-20260830-222436,d024m_r180_run01.csv,4,24,180,dw00;dw01;dw02;dw03;dw04;dw05;dw06;dw07;dw08,dw00;dw01;dw02;dw03;dw04;dw05;dw06;dw07;dw08,dw03;dw07;dw08,90,1,2026-09-01T12:35:54.853+0200,dw04,0F85,34,2397,-7,-1484,1882,2.26,77758
ground-height-4m-20260830-222436,d024m_r180_run01.csv,4,24,180,dw00;dw01;dw02;dw03;dw04;dw05;dw06;dw07;dw08,dw00;dw01;dw02;dw03;dw04;dw05;dw06;dw07;dw08,dw03;dw07;dw08,35,1,2026-09-01T12:35:54.917+0200,dw01,1729,84,2408,-124,2107,1165,1.69,42358
ground-height-4m-20260830-222436,d024m_r180_run01.csv,4,24,180,dw00;dw01;dw02;dw03;dw04;dw05;dw06;dw07;dw08,dw00;dw01;dw02;dw03;dw04;dw05;dw06;dw07;dw08,dw03;dw07;dw08,125,1,2026-09-01T12:35:54.958+0200,dw06,0789,250,2403,-48,-2086,1192,1.75,82305
ground-height-4m-20260830-222436,d024m_r180_run01.csv,4,24,180,dw00;dw01;dw02;dw03;dw04;dw05;dw06;dw07;dw08,dw00;dw01;dw02;dw03;dw04;dw05;dw06;dw07;dw08,dw03;dw07;dw08,15,1,2026-09-01T12:35:55.007+0200,dw00,8103,90,2420,-165,1509,1892,4.14,32226
ground-height-4m-20260830-222436,d024m_r180_run01.csv,4,24,180,dw00;dw01;dw02;dw03;dw04;dw05;dw06;dw07;dw08,dw00;dw01;dw02;dw03;dw04;dw05;dw06;dw07;dw08,dw03;dw07;dw08,90,1,2026-09-01T12:35:55.038+0200,dw04,0F85,35,2396,-1,-1392,1950,2.14,62286
ground-height-4m-20260830-222436,d024m_r180_run01.csv,4,24,180,dw00;dw01;dw02;dw03;dw04;dw05;dw06;dw07;dw08,dw00;dw01;dw02;dw03;dw04;dw05;dw06;dw07;dw08,dw03;dw07;dw08,105,1,2026-09-01T12:35:55.047+0200,dw05,4B92,137,2416,37,-827,2270,2.26,72265
ground-height-4m-20260830-222436,d024m_r180_run01.csv,4,24,180,dw00;dw01;dw02;dw03;dw04;dw05;dw06;dw07;dw08,dw00;dw01;dw02;dw03;dw04;dw05;dw06;dw07;dw08,dw03;dw07;dw08,35,1,2026-09-01T12:35:55.118+0200,dw01,1729,85,2405,-135,1952,1404,1.81,42358
ground-height-4m-20260830-222436,d024m_r180_run01.csv,4,24,180,dw00;dw01;dw02;dw03;dw04;dw05;dw06;dw07;dw08,dw00;dw01;dw02;dw03;dw04;dw05;dw06;dw07;dw08,dw03;dw07;dw08,125,1,2026-09-01T12:35:55.158+0200,dw06,0789,251,2396,-40,-1968,1366,1.81,82336
ground-height-4m-20260830-222436,d024m_r180_run01.csv,4,24,180,dw00;dw01;dw02;dw03;dw04;dw05;dw06;dw07;dw08,dw00;dw01;dw02;dw03;dw04;dw05;dw06;dw07;dw08,dw03;dw07;dw08,90,1,2026-09-01T12:35:55.238+0200,dw04,0F85,36,2397,15,-1140,2108,2.14,62255
ground-height-4m-20260830-222436,d024m_r180_run01.csv,4,24,180,dw00;dw01;dw02;dw03;dw04;dw05;dw06;dw07;dw08,dw00;dw01;dw02;dw03;dw04;dw05;dw06;dw07;dw08,dw03;dw07;dw08,105,1,2026-09-01T12:35:55.247+0200,dw05,4B92,138,2414,47,-672,2319,2.08,72235
ground-height-4m-20260830-222436,d024m_r180_run01.csv,4,24,180,dw00;dw01;dw02;dw03;dw04;dw05;dw06;dw07;dw08,dw00;dw01;dw02;dw03;dw04;dw05;dw06;dw07;dw08,dw03;dw07;dw08,35,1,2026-09-01T12:35:55.318+0200,dw01,1729,86,2407,-132,1990,1355,1.81,42327
ground-height-4m-20260830-222436,d024m_r180_run01.csv,4,24,180,dw00;dw01;dw02;dw03;dw04;dw05;dw06;dw07;dw08,dw00;dw01;dw02;dw03;dw04;dw05;dw06;dw07;dw08,dw03;dw07;dw08,125,1,2026-09-01T12:35:55.358+0200,dw06,0789,252,2392,-42,-2000,1311,1.75,82336
ground-height-4m-20260830-222436,d024m_r180_run01.csv,4,24,180,dw00;dw01;dw02;dw03;dw04;dw05;dw06;dw07;dw08,dw00;dw01;dw02;dw03;dw04;dw05;dw06;dw07;dw08,dw03;dw07;dw08,15,1,2026-09-01T12:35:55.408+0200,dw00,8103,92,2413,-162,1559,1842,3.90,32226
ground-height-4m-20260830-222436,d024m_r180_run01.csv,4,24,180,dw00;dw01;dw02;dw03;dw04;dw05;dw06;dw07;dw08,dw00;dw01;dw02;dw03;dw04;dw05;dw06;dw07;dw08,dw03;dw07;dw08,90,1,2026-09-01T12:35:55.438+0200,dw04,0F85,37,2393,0,-1361,1968,2.26,62225
ground-height-4m-20260830-222436,d024m_r180_run01.csv,4,24,180,dw00;dw01;dw02;dw03;dw04;dw05;dw06;dw07;dw08,dw00;dw01;dw02;dw03;dw04;dw05;dw06;dw07;dw08,dw03;dw07;dw08,105,1,2026-09-01T12:35:55.448+0200,dw05,4B92,139,2413,39,-796,2278,2.20,72235
ground-height-4m-20260830-222436,d024m_r180_run01.csv,4,24,180,dw00;dw01;dw02;dw03;dw04;dw05;dw06;dw07;dw08,dw00;dw01;dw02;dw03;dw04;dw05;dw06;dw07;dw08,dw03;dw07;dw08,35,1,2026-09-01T12:35:55.518+0200,dw01,1729,87,2409,-120,2179,1028,1.87,42388
ground-height-4m-20260830-222436,d024m_r180_run01.csv,4,24,180,dw00;dw01;dw02;dw03;dw04;dw05;dw06;dw07;dw08,dw00;dw01;dw02;dw03;dw04;dw05;dw06;dw07;dw08,dw03;dw07;dw08,125,1,2026-09-01T12:35:55.558+0200,dw06,0789,253,2399,-41,-1992,1338,1.69,82305
ground-height-4m-20260830-222436,d024m_r180_run01.csv,4,24,180,dw00;dw01;dw02;dw03;dw04;dw05;dw06;dw07;dw08,dw00;dw01;dw02;dw03;dw04;dw05;dw06;dw07;dw08,dw03;dw07;dw08,90,1,2026-09-01T12:35:55.637+0200,dw04,0F85,38,2396,15,-1139,2108,2.14,62225
ground-height-4m-20260830-222436,d024m_r180_run01.csv,4,24,180,dw00;dw01;dw02;dw03;dw04;dw05;dw06;dw07;dw08,dw00;dw01;dw02;dw03;dw04;dw05;dw06;dw07;dw08,dw03;dw07;dw08,105,1,2026-09-01T12:35:55.648+0200,dw05,4B92,140,2415,40,-778,2286,2.14,72265
ground-height-4m-20260830-222436,d024m_r180_run01.csv,4,24,180,dw00;dw01;dw02;dw03;dw04;dw05;dw06;dw07;dw08,dw00;dw01;dw02;dw03;dw04;dw05;dw06;dw07;dw08,dw03;dw07;dw08,35,1,2026-09-01T12:35:55.717+0200,dw01,1729,88,2405,-123,2119,1137,1.93,42358
ground-height-4m-20260830-222436,d024m_r180_run01.csv,4,24,180,dw00;dw01;dw02;dw03;dw04;dw05;dw06;dw07;dw08,dw00;dw01;dw02;dw03;dw04;dw05;dw06;dw07;dw08,dw03;dw07;dw08,125,1,2026-09-01T12:35:55.757+0200,dw06,0789,254,2399,-59,-2248,837,1.75,82305
ground-height-4m-20260830-222436,d024m_r180_run01.csv,4,24,180,dw00;dw01;dw02;dw03;dw04;dw05;dw06;dw07;dw08,dw00;dw01;dw02;dw03;dw04;dw05;dw06;dw07;dw08,dw03;dw07;dw08,15,1,2026-09-01T12:35:55.807+0200,dw00,8103,94,2417,171,1167,2116,3.84,32226
ground-height-4m-20260830-222436,d024m_r180_run01.csv,4,24,180,dw00;dw01;dw02;dw03;dw04;dw05;dw06;dw07;dw08,dw00;dw01;dw02;dw03;dw04;dw05;dw06;dw07;dw08,dw03;dw07;dw08,90,1,2026-09-01T12:35:55.837+0200,dw04,0F85,39,2397,2,-1341,1986,2.02,62255
ground-height-4m-20260830-222436,d024m_r180_run01.csv,4,24,180,dw00;dw01;dw02;dw03;dw04;dw05;dw06;dw07;dw08,dw00;dw01;dw02;dw03;dw04;dw05;dw06;dw07;dw08,dw03;dw07;dw08,105,1,2026-09-01T12:35:55.847+0200,dw05,4B92,141,2417,51,-621,2336,2.08,72235
ground-height-4m-20260830-222436,d024m_r180_run01.csv,4,24,180,dw00;dw01;dw02;dw03;dw04;dw05;dw06;dw07;dw08,dw00;dw01;dw02;dw03;dw04;dw05;dw06;dw07;dw08,dw03;dw07;dw08,35,1,2026-09-01T12:35:55.917+0200,dw01,1729,89,2408,-125,2100,1177,1.81,42327
ground-height-4m-20260830-222436,d024m_r180_run01.csv,4,24,180,dw00;dw01;dw02;dw03;dw04;dw05;dw06;dw07;dw08,dw00;dw01;dw02;dw03;dw04;dw05;dw06;dw07;dw08,dw03;dw07;dw08,125,1,2026-09-01T12:35:55.957+0200,dw06,0789,255,2395,-55,-2187,977,1.75,82305
ground-height-4m-20260830-222436,d024m_r180_run01.csv,4,24,180,dw00;dw01;dw02;dw03;dw04;dw05;dw06;dw07;dw08,dw00;dw01;dw02;dw03;dw04;dw05;dw06;dw07;dw08,dw03;dw07;dw08,90,1,2026-09-01T12:35:56.037+0200,dw04,0F85,40,2398,10,-1214,2068,2.20,62225
ground-height-4m-20260830-222436,d024m_r180_run01.csv,4,24,180,dw00;dw01;dw02;dw03;dw04;dw05;dw06;dw07;dw08,dw00;dw01;dw02;dw03;dw04;dw05;dw06;dw07;dw08,dw03;dw07;dw08,105,1,2026-09-01T12:35:56.047+0200,dw05,4B92,142,2414,40,-785,2283,2.08,72235
ground-height-4m-20260830-222436,d024m_r180_run01.csv,4,24,180,dw00;dw01;dw02;dw03;dw04;dw05;dw06;dw07;dw08,dw00;dw01;dw02;dw03;dw04;dw05;dw06;dw07;dw08,dw03;dw07;dw08,125,1,2026-09-01T12:35:56.158+0200,dw06,0789,0,2397,-29,-1809,1572,1.69,82305
ground-height-4m-20260830-222436,d024m_r180_run01.csv,4,24,180,dw00;dw01;dw02;dw03;dw04;dw05;dw06;dw07;dw08,dw00;dw01;dw02;dw03;dw04;dw05;dw06;dw07;dw08,dw03;dw07;dw08,90,1,2026-09-01T12:35:56.238+0200,dw04,0F85,41,2397,9,-1227,2059,2.14,62286
ground-height-4m-20260830-222436,d024m_r180_run01.csv,4,24,180,dw00;dw01;dw02;dw03;dw04;dw05;dw06;dw07;dw08,dw00;dw01;dw02;dw03;dw04;dw05;dw06;dw07;dw08,dw03;dw07;dw08,105,1,2026-09-01T12:35:56.247+0200,dw05,4B92,143,2417,51,-619,2336,2.02,72235
ground-height-4m-20260830-222436,d024m_r180_run01.csv,4,24,180,dw00;dw01;dw02;dw03;dw04;dw05;dw06;dw07;dw08,dw00;dw01;dw02;dw03;dw04;dw05;dw06;dw07;dw08,dw03;dw07;dw08,125,1,2026-09-01T12:35:56.358+0200,dw06,0789,1,2391,-39,-1946,1390,1.75,82305
ground-height-4m-20260830-222436,d024m_r180_run01.csv,4,24,180,dw00;dw01;dw02;dw03;dw04;dw05;dw06;dw07;dw08,dw00;dw01;dw02;dw03;dw04;dw05;dw06;dw07;dw08,dw03;dw07;dw08,15,1,2026-09-01T12:35:56.408+0200,dw00,8103,97,2418,-167,1478,1914,3.90,32379
ground-height-4m-20260830-222436,d024m_r180_run01.csv,4,24,180,dw00;dw01;dw02;dw03;dw04;dw05;dw06;dw07;dw08,dw00;dw01;dw02;dw03;dw04;dw05;dw06;dw07;dw08,dw03;dw07;dw08,90,1,2026-09-01T12:35:56.437+0200,dw04,0F85,42,2393,10,-1214,2063,2.14,62255
ground-height-4m-20260830-222436,d024m_r180_run01.csv,4,24,180,dw00;dw01;dw02;dw03;dw04;dw05;dw06;dw07;dw08,dw00;dw01;dw02;dw03;dw04;dw05;dw06;dw07;dw08,dw03;dw07;dw08,105,1,2026-09-01T12:35:56.448+0200,dw05,4B92,144,2413,41,-763,2289,2.08,72265
ground-height-4m-20260830-222436,d024m_r180_run01.csv,4,24,180,dw00;dw01;dw02;dw03;dw04;dw05;dw06;dw07;dw08,dw00;dw01;dw02;dw03;dw04;dw05;dw06;dw07;dw08,dw03;dw07;dw08,35,1,2026-09-01T12:35:56.517+0200,dw01,1729,92,2416,-134,1977,1389,1.81,42358
ground-height-4m-20260830-222436,d024m_r180_run01.csv,4,24,180,dw00;dw01;dw02;dw03;dw04;dw05;dw06;dw07;dw08,dw00;dw01;dw02;dw03;dw04;dw05;dw06;dw07;dw08,dw03;dw07;dw08,125,1,2026-09-01T12:35:56.557+0200,dw06,0789,2,2400,-40,-1967,1374,1.69,82336
ground-height-4m-20260830-222436,d024m_r180_run01.csv,4,24,180,dw00;dw01;dw02;dw03;dw04;dw05;dw06;dw07;dw08,dw00;dw01;dw02;dw03;dw04;dw05;dw06;dw07;dw08,dw03;dw07;dw08,90,1,2026-09-01T12:35:56.637+0200,dw04,0F85,43,2390,-7,-1472,1883,2.08,62225
ground-height-4m-20260830-222436,d024m_r180_run01.csv,4,24,180,dw00;dw01;dw02;dw03;dw04;dw05;dw06;dw07;dw08,dw00;dw01;dw02;dw03;dw04;dw05;dw06;dw07;dw08,dw03;dw07;dw08,105,1,2026-09-01T12:35:56.647+0200,dw05,4B92,145,2419,48,-654,2328,2.14,72235
ground-height-4m-20260830-222436,d024m_r180_run01.csv,4,24,180,dw00;dw01;dw02;dw03;dw04;dw05;dw06;dw07;dw08,dw00;dw01;dw02;dw03;dw04;dw05;dw06;dw07;dw08,dw03;dw07;dw08,125,1,2026-09-01T12:35:56.757+0200,dw06,0789,3,2397,-45,-2045,1250,1.81,82305
ground-height-4m-20260830-222436,d024m_r180_run01.csv,4,24,180,dw00;dw01;dw02;dw03;dw04;dw05;dw06;dw07;dw08,dw00;dw01;dw02;dw03;dw04;dw05;dw06;dw07;dw08,dw03;dw07;dw08,15,1,2026-09-01T12:35:56.807+0200,dw00,8103,99,2418,-157,1627,1788,3.90,32226
ground-height-4m-20260830-222436,d024m_r180_run01.csv,4,24,180,dw00;dw01;dw02;dw03;dw04;dw05;dw06;dw07;dw08,dw00;dw01;dw02;dw03;dw04;dw05;dw06;dw07;dw08,dw03;dw07;dw08,90,1,2026-09-01T12:35:56.837+0200,dw04,0F85,44,2399,8,-1253,2046,2.20,62255
ground-height-4m-20260830-222436,d024m_r180_run01.csv,4,24,180,dw00;dw01;dw02;dw03;dw04;dw05;dw06;dw07;dw08,dw00;dw01;dw02;dw03;dw04;dw05;dw06;dw07;dw08,dw03;dw07;dw08,105,1,2026-09-01T12:35:56.847+0200,dw05,4B92,146,2412,49,-646,2324,2.08,72235
ground-height-4m-20260830-222436,d024m_r180_run01.csv,4,24,180,dw00;dw01;dw02;dw03;dw04;dw05;dw06;dw07;dw08,dw00;dw01;dw02;dw03;dw04;dw05;dw06;dw07;dw08,dw03;dw07;dw08,125,1,2026-09-01T12:35:56.957+0200,dw06,0789,4,2397,-54,-2178,1000,1.69,82305
ground-height-4m-20260830-222436,d024m_r180_run01.csv,4,24,180,dw00;dw01;dw02;dw03;dw04;dw05;dw06;dw07;dw08,dw00;dw01;dw02;dw03;dw04;dw05;dw06;dw07;dw08,dw03;dw07;dw08,15,1,2026-09-01T12:35:57.007+0200,dw00,8103,100,2422,-166,1499,1902,3.84,32226
ground-height-4m-20260830-222436,d024m_r180_run01.csv,4,24,180,dw00;dw01;dw02;dw03;dw04;dw05;dw06;dw07;dw08,dw00;dw01;dw02;dw03;dw04;dw05;dw06;dw07;dw08,dw03;dw07;dw08,105,1,2026-09-01T12:35:57.047+0200,dw05,4B92,147,2416,49,-649,2327,2.14,72235
ground-height-4m-20260830-222436,d024m_r180_run01.csv,4,24,180,dw00;dw01;dw02;dw03;dw04;dw05;dw06;dw07;dw08,dw00;dw01;dw02;dw03;dw04;dw05;dw06;dw07;dw08,dw03;dw07;dw08,35,1,2026-09-01T12:35:57.117+0200,dw01,1729,95,2406,-120,2175,1030,1.69,42388
ground-height-4m-20260830-222436,d024m_r180_run01.csv,4,24,180,dw00;dw01;dw02;dw03;dw04;dw05;dw06;dw07;dw08,dw00;dw01;dw02;dw03;dw04;dw05;dw06;dw07;dw08,dw03;dw07;dw08,125,1,2026-09-01T12:35:57.157+0200,dw06,0789,5,2399,-42,-2005,1317,1.69,82305
ground-height-4m-20260830-222436,d024m_r180_run01.csv,4,24,180,dw00;dw01;dw02;dw03;dw04;dw05;dw06;dw07;dw08,dw00;dw01;dw02;dw03;dw04;dw05;dw06;dw07;dw08,dw03;dw07;dw08,15,1,2026-09-01T12:35:57.207+0200,dw00,8103,101,2421,-164,1528,1877,3.78,32226
ground-height-4m-20260830-222436,d024m_r180_run01.csv,4,24,180,dw00;dw01;dw02;dw03;dw04;dw05;dw06;dw07;dw08,dw00;dw01;dw02;dw03;dw04;dw05;dw06;dw07;dw08,dw03;dw07;dw08,105,1,2026-09-01T12:35:57.247+0200,dw05,4B92,148,2412,47,-674,2315,2.14,72235
ground-height-4m-20260830-222436,d024m_r180_run01.csv,4,24,180,dw00;dw01;dw02;dw03;dw04;dw05;dw06;dw07;dw08,dw00;dw01;dw02;dw03;dw04;dw05;dw06;dw07;dw08,dw03;dw07;dw08,90,1,2026-09-01T12:35:57.252+0200,dw04,0F85,46,2399,14,-1154,2103,2.20,77758
ground-height-4m-20260830-222436,d024m_r180_run01.csv,4,24,180,dw00;dw01;dw02;dw03;dw04;dw05;dw06;dw07;dw08,dw00;dw01;dw02;dw03;dw04;dw05;dw06;dw07;dw08,dw03;dw07;dw08,35,1,2026-09-01T12:35:57.317+0200,dw01,1729,96,2405,-135,1951,1405,1.81,42327
ground-height-4m-20260830-222436,d024m_r180_run01.csv,4,24,180,dw00;dw01;dw02;dw03;dw04;dw05;dw06;dw07;dw08,dw00;dw01;dw02;dw03;dw04;dw05;dw06;dw07;dw08,dw03;dw07;dw08,125,1,2026-09-01T12:35:57.357+0200,dw06,0789,6,2393,-35,-1888,1470,1.75,82305
ground-height-4m-20260830-222436,d024m_r180_run01.csv,4,24,180,dw00;dw01;dw02;dw03;dw04;dw05;dw06;dw07;dw08,dw00;dw01;dw02;dw03;dw04;dw05;dw06;dw07;dw08,dw03;dw07;dw08,90,1,2026-09-01T12:35:57.437+0200,dw04,0F85,47,2398,9,-1231,2057,2.08,62255
ground-height-4m-20260830-222436,d024m_r180_run01.csv,4,24,180,dw00;dw01;dw02;dw03;dw04;dw05;dw06;dw07;dw08,dw00;dw01;dw02;dw03;dw04;dw05;dw06;dw07;dw08,dw03;dw07;dw08,105,1,2026-09-01T12:35:57.446+0200,dw05,4B92,149,2413,41,-770,2287,2.08,72265
ground-height-4m-20260830-222436,d024m_r180_run01.csv,4,24,180,dw00;dw01;dw02;dw03;dw04;dw05;dw06;dw07;dw08,dw00;dw01;dw02;dw03;dw04;dw05;dw06;dw07;dw08,dw03;dw07;dw08,35,1,2026-09-01T12:35:57.517+0200,dw01,1729,97,2413,-121,2158,1080,1.75,42388
ground-height-4m-20260830-222436,d024m_r180_run01.csv,4,24,180,dw00;dw01;dw02;dw03;dw04;dw05;dw06;dw07;dw08,dw00;dw01;dw02;dw03;dw04;dw05;dw06;dw07;dw08,dw03;dw07;dw08,125,1,2026-09-01T12:35:57.557+0200,dw06,0789,7,2397,-34,-1888,1477,1.69,82305
ground-height-4m-20260830-222436,d024m_r180_run01.csv,4,24,180,dw00;dw01;dw02;dw03;dw04;dw05;dw06;dw07;dw08,dw00;dw01;dw02;dw03;dw04;dw05;dw06;dw07;dw08,dw03;dw07;dw08,15,1,2026-09-01T12:35:57.607+0200,dw00,8103,103,2415,-147,1774,1638,3.90,32257
ground-height-4m-20260830-222436,d024m_r180_run01.csv,4,24,180,dw00;dw01;dw02;dw03;dw04;dw05;dw06;dw07;dw08,dw00;dw01;dw02;dw03;dw04;dw05;dw06;dw07;dw08,dw03;dw07;dw08,105,1,2026-09-01T12:35:57.647+0200,dw05,4B92,150,2414,48,-657,2323,2.14,72265
ground-height-4m-20260830-222436,d024m_r180_run01.csv,4,24,180,dw00;dw01;dw02;dw03;dw04;dw05;dw06;dw07;dw08,dw00;dw01;dw02;dw03;dw04;dw05;dw06;dw07;dw08,dw03;dw07;dw08,125,1,2026-09-01T12:35:57.757+0200,dw06,0789,8,2394,-41,-1978,1348,1.75,82336
ground-height-4m-20260830-222436,d024m_r180_run01.csv,4,24,180,dw00;dw01;dw02;dw03;dw04;dw05;dw06;dw07;dw08,dw00;dw01;dw02;dw03;dw04;dw05;dw06;dw07;dw08,dw03;dw07;dw08,15,1,2026-09-01T12:35:57.807+0200,dw00,8103,104,2420,-164,1535,1871,3.90,32226
ground-height-4m-20260830-222436,d024m_r180_run01.csv,4,24,180,dw00;dw01;dw02;dw03;dw04;dw05;dw06;dw07;dw08,dw00;dw01;dw02;dw03;dw04;dw05;dw06;dw07;dw08,dw03;dw07;dw08,105,1,2026-09-01T12:35:57.847+0200,dw05,4B92,151,2413,51,-618,2332,2.20,72265
ground-height-4m-20260830-222436,d024m_r180_run01.csv,4,24,180,dw00;dw01;dw02;dw03;dw04;dw05;dw06;dw07;dw08,dw00;dw01;dw02;dw03;dw04;dw05;dw06;dw07;dw08,dw03;dw07;dw08,90,1,2026-09-01T12:35:57.853+0200,dw04,0F85,49,2395,4,-1300,2011,2.20,77789
ground-height-4m-20260830-222436,d024m_r180_run01.csv,4,24,180,dw00;dw01;dw02;dw03;dw04;dw05;dw06;dw07;dw08,dw00;dw01;dw02;dw03;dw04;dw05;dw06;dw07;dw08,dw03;dw07;dw08,35,1,2026-09-01T12:35:57.933+0200,dw01,1729,99,2412,-127,2069,1239,1.93,58166
ground-height-4m-20260830-222436,d024m_r180_run01.csv,4,24,180,dw00;dw01;dw02;dw03;dw04;dw05;dw06;dw07;dw08,dw00;dw01;dw02;dw03;dw04;dw05;dw06;dw07;dw08,dw03;dw07;dw08,125,1,2026-09-01T12:35:57.957+0200,dw06,0789,9,2400,-53,-2162,1042,1.81,82305
ground-height-4m-20260830-222436,d024m_r180_run01.csv,4,24,180,dw00;dw01;dw02;dw03;dw04;dw05;dw06;dw07;dw08,dw00;dw01;dw02;dw03;dw04;dw05;dw06;dw07;dw08,dw03;dw07;dw08,15,1,2026-09-01T12:35:58.007+0200,dw00,8103,105,2420,-158,1613,1803,3.72,32226
ground-height-4m-20260830-222436,d024m_r180_run01.csv,4,24,180,dw00;dw01;dw02;dw03;dw04;dw05;dw06;dw07;dw08,dw00;dw01;dw02;dw03;dw04;dw05;dw06;dw07;dw08,dw03;dw07;dw08,90,1,2026-09-01T12:35:58.036+0200,dw04,0F85,50,2398,0,-1368,1969,1.99,62286
ground-height-4m-20260830-222436,d024m_r180_run01.csv,4,24,180,dw00;dw01;dw02;dw03;dw04;dw05;dw06;dw07;dw08,dw00;dw01;dw02;dw03;dw04;dw05;dw06;dw07;dw08,dw03;dw07;dw08,105,1,2026-09-01T12:35:58.047+0200,dw05,4B92,152,2415,48,-667,2321,2.20,72235
ground-height-4m-20260830-222436,d024m_r180_run01.csv,4,24,180,dw00;dw01;dw02;dw03;dw04;dw05;dw06;dw07;dw08,dw00;dw01;dw02;dw03;dw04;dw05;dw06;dw07;dw08,dw03;dw07;dw08,35,1,2026-09-01T12:35:58.116+0200,dw01,1729,100,2408,-128,2055,1256,1.69,42358
ground-height-4m-20260830-222436,d024m_r180_run01.csv,4,24,180,dw00;dw01;dw02;dw03;dw04;dw05;dw06;dw07;dw08,dw00;dw01;dw02;dw03;dw04;dw05;dw06;dw07;dw08,dw03;dw07;dw08,125,1,2026-09-01T12:35:58.156+0200,dw06,0789,10,2399,-30,-1827,1555,1.69,82305
ground-height-4m-20260830-222436,d024m_r180_run01.csv,4,24,180,dw00;dw01;dw02;dw03;dw04;dw05;dw06;dw07;dw08,dw00;dw01;dw02;dw03;dw04;dw05;dw06;dw07;dw08,dw03;dw07;dw08,15,1,2026-09-01T12:35:58.206+0200,dw00,8103,106,2420,-137,1924,1467,4.02,32226
ground-height-4m-20260830-222436,d024m_r180_run01.csv,4,24,180,dw00;dw01;dw02;dw03;dw04;dw05;dw06;dw07;dw08,dw00;dw01;dw02;dw03;dw04;dw05;dw06;dw07;dw08,dw03;dw07;dw08,105,1,2026-09-01T12:35:58.246+0200,dw05,4B92,153,2414,38,-805,2276,2.26,72235
ground-height-4m-20260830-222436,d024m_r180_run01.csv,4,24,180,dw00;dw01;dw02;dw03;dw04;dw05;dw06;dw07;dw08,dw00;dw01;dw02;dw03;dw04;dw05;dw06;dw07;dw08,dw03;dw07;dw08,125,1,2026-09-01T12:35:58.357+0200,dw06,0789,11,2397,-44,-2035,1267,1.87,82305
ground-height-4m-20260830-222436,d024m_r180_run01.csv,4,24,180,dw00;dw01;dw02;dw03;dw04;dw05;dw06;dw07;dw08,dw00;dw01;dw02;dw03;dw04;dw05;dw06;dw07;dw08,dw03;dw07;dw08,105,1,2026-09-01T12:35:58.447+0200,dw05,4B92,154,2414,40,-781,2284,2.26,72265
ground-height-4m-20260830-222436,d024m_r180_run01.csv,4,24,180,dw00;dw01;dw02;dw03;dw04;dw05;dw06;dw07;dw08,dw00;dw01;dw02;dw03;dw04;dw05;dw06;dw07;dw08,dw03;dw07;dw08,90,1,2026-09-01T12:35:58.452+0200,dw04,0F85,52,2396,7,-1257,2039,2.38,77819
ground-height-4m-20260830-222436,d024m_r180_run01.csv,4,24,180,dw00;dw01;dw02;dw03;dw04;dw05;dw06;dw07;dw08,dw00;dw01;dw02;dw03;dw04;dw05;dw06;dw07;dw08,dw03;dw07;dw08,125,1,2026-09-01T12:35:58.557+0200,dw06,0789,12,2396,-36,-1905,1453,1.69,82305
ground-height-4m-20260830-222436,d024m_r180_run01.csv,4,24,180,dw00;dw01;dw02;dw03;dw04;dw05;dw06;dw07;dw08,dw00;dw01;dw02;dw03;dw04;dw05;dw06;dw07;dw08,dw03;dw07;dw08,15,1,2026-09-01T12:35:58.607+0200,dw00,8103,108,2423,-161,1579,1838,3.84,32257
ground-height-4m-20260830-222436,d024m_r180_run01.csv,4,24,180,dw00;dw01;dw02;dw03;dw04;dw05;dw06;dw07;dw08,dw00;dw01;dw02;dw03;dw04;dw05;dw06;dw07;dw08,dw03;dw07;dw08,90,1,2026-09-01T12:35:58.637+0200,dw04,0F85,53,2391,8,-1243,2043,2.08,62286
ground-height-4m-20260830-222436,d024m_r180_run01.csv,4,24,180,dw00;dw01;dw02;dw03;dw04;dw05;dw06;dw07;dw08,dw00;dw01;dw02;dw03;dw04;dw05;dw06;dw07;dw08,dw03;dw07;dw08,105,1,2026-09-01T12:35:58.647+0200,dw05,4B92,155,2412,48,-666,2318,2.32,72265
ground-height-4m-20260830-222436,d024m_r180_run01.csv,4,24,180,dw00;dw01;dw02;dw03;dw04;dw05;dw06;dw07;dw08,dw00;dw01;dw02;dw03;dw04;dw05;dw06;dw07;dw08,dw03;dw07;dw08,35,1,2026-09-01T12:35:58.717+0200,dw01,1729,103,2406,-123,2128,1121,1.87,42419
ground-height-4m-20260830-222436,d024m_r180_run01.csv,4,24,180,dw00;dw01;dw02;dw03;dw04;dw05;dw06;dw07;dw08,dw00;dw01;dw02;dw03;dw04;dw05;dw06;dw07;dw08,dw03;dw07;dw08,125,1,2026-09-01T12:35:58.757+0200,dw06,0789,13,2398,-45,-2048,1247,1.75,82305
ground-height-4m-20260830-222436,d024m_r180_run01.csv,4,24,180,dw00;dw01;dw02;dw03;dw04;dw05;dw06;dw07;dw08,dw00;dw01;dw02;dw03;dw04;dw05;dw06;dw07;dw08,dw03;dw07;dw08,90,1,2026-09-01T12:35:58.836+0200,dw04,0F85,54,2391,0,-1360,1966,2.08,62255
ground-height-4m-20260830-222436,d024m_r180_run01.csv,4,24,180,dw00;dw01;dw02;dw03;dw04;dw05;dw06;dw07;dw08,dw00;dw01;dw02;dw03;dw04;dw05;dw06;dw07;dw08,dw03;dw07;dw08,105,1,2026-09-01T12:35:58.847+0200,dw05,4B92,156,2415,43,-737,2300,2.26,72235
ground-height-4m-20260830-222436,d024m_r180_run01.csv,4,24,180,dw00;dw01;dw02;dw03;dw04;dw05;dw06;dw07;dw08,dw00;dw01;dw02;dw03;dw04;dw05;dw06;dw07;dw08,dw03;dw07;dw08,125,1,2026-09-01T12:35:58.956+0200,dw06,0789,14,2392,-43,-2014,1290,1.63,82305
ground-height-4m-20260830-222436,d024m_r180_run01.csv,4,24,180,dw00;dw01;dw02;dw03;dw04;dw05;dw06;dw07;dw08,dw00;dw01;dw02;dw03;dw04;dw05;dw06;dw07;dw08,dw03;dw07;dw08,15,1,2026-09-01T12:35:59.006+0200,dw00,8103,110,2424,-149,1748,1679,4.02,32226
ground-height-4m-20260830-222436,d024m_r180_run01.csv,4,24,180,dw00;dw01;dw02;dw03;dw04;dw05;dw06;dw07;dw08,dw00;dw01;dw02;dw03;dw04;dw05;dw06;dw07;dw08,dw03;dw07;dw08,105,1,2026-09-01T12:35:59.046+0200,dw05,4B92,157,2417,42,-747,2299,2.20,72296
ground-height-4m-20260830-222436,d024m_r180_run01.csv,4,24,180,dw00;dw01;dw02;dw03;dw04;dw05;dw06;dw07;dw08,dw00;dw01;dw02;dw03;dw04;dw05;dw06;dw07;dw08,dw03;dw07;dw08,35,1,2026-09-01T12:35:59.116+0200,dw01,1729,105,2411,-136,1935,1437,1.81,42327
ground-height-4m-20260830-222436,d024m_r180_run01.csv,4,24,180,dw00;dw01;dw02;dw03;dw04;dw05;dw06;dw07;dw08,dw00;dw01;dw02;dw03;dw04;dw05;dw06;dw07;dw08,dw03;dw07;dw08,125,1,2026-09-01T12:35:59.156+0200,dw06,0789,15,2398,-37,-1922,1434,1.63,82336
ground-height-4m-20260830-222436,d024m_r180_run01.csv,4,24,180,dw00;dw01;dw02;dw03;dw04;dw05;dw06;dw07;dw08,dw00;dw01;dw02;dw03;dw04;dw05;dw06;dw07;dw08,dw03;dw07;dw08,105,1,2026-09-01T12:35:59.247+0200,dw05,4B92,158,2416,52,-607,2338,2.14,72235
ground-height-4m-20260830-222436,d024m_r180_run01.csv,4,24,180,dw00;dw01;dw02;dw03;dw04;dw05;dw06;dw07;dw08,dw00;dw01;dw02;dw03;dw04;dw05;dw06;dw07;dw08,dw03;dw07;dw08,90,1,2026-09-01T12:35:59.252+0200,dw04,0F85,56,2403,0,-1389,1960,2.32,77819
ground-height-4m-20260830-222436,d024m_r180_run01.csv,4,24,180,dw00;dw01;dw02;dw03;dw04;dw05;dw06;dw07;dw08,dw00;dw01;dw02;dw03;dw04;dw05;dw06;dw07;dw08,dw03;dw07;dw08,35,1,2026-09-01T12:35:59.316+0200,dw01,1729,106,2407,-143,1834,1559,1.93,42327
ground-height-4m-20260830-222436,d024m_r180_run01.csv,4,24,180,dw00;dw01;dw02;dw03;dw04;dw05;dw06;dw07;dw08,dw00;dw01;dw02;dw03;dw04;dw05;dw06;dw07;dw08,dw03;dw07;dw08,125,1,2026-09-01T12:35:59.356+0200,dw06,0789,16,2396,-29,-1804,1575,1.69,82305
ground-height-4m-20260830-222436,d024m_r180_run01.csv,4,24,180,dw00;dw01;dw02;dw03;dw04;dw05;dw06;dw07;dw08,dw00;dw01;dw02;dw03;dw04;dw05;dw06;dw07;dw08,dw03;dw07;dw08,15,1,2026-09-01T12:35:59.406+0200,dw00,8103,112,2421,-172,1408,1969,4.08,32226
ground-height-4m-20260830-222436,d024m_r180_run01.csv,4,24,180,dw00;dw01;dw02;dw03;dw04;dw05;dw06;dw07;dw08,dw00;dw01;dw02;dw03;dw04;dw05;dw06;dw07;dw08,dw03;dw07;dw08,90,1,2026-09-01T12:35:59.436+0200,dw04,0F85,57,2397,13,-1165,2094,2.14,62286
ground-height-4m-20260830-222436,d024m_r180_run01.csv,4,24,180,dw00;dw01;dw02;dw03;dw04;dw05;dw06;dw07;dw08,dw00;dw01;dw02;dw03;dw04;dw05;dw06;dw07;dw08,dw03;dw07;dw08,105,1,2026-09-01T12:35:59.446+0200,dw05,4B92,159,2418,52,-604,2341,2.26,72235
ground-height-4m-20260830-222436,d024m_r180_run01.csv,4,24,180,dw00;dw01;dw02;dw03;dw04;dw05;dw06;dw07;dw08,dw00;dw01;dw02;dw03;dw04;dw05;dw06;dw07;dw08,dw03;dw07;dw08,35,1,2026-09-01T12:35:59.517+0200,dw01,1729,107,2407,-136,1938,1426,1.81,42327
ground-height-4m-20260830-222436,d024m_r180_run01.csv,4,24,180,dw00;dw01;dw02;dw03;dw04;dw05;dw06;dw07;dw08,dw00;dw01;dw02;dw03;dw04;dw05;dw06;dw07;dw08,dw03;dw07;dw08,125,1,2026-09-01T12:35:59.557+0200,dw06,0789,17,2396,-54,-2174,1005,1.81,82305
ground-height-4m-20260830-222436,d024m_r180_run01.csv,4,24,180,dw00;dw01;dw02;dw03;dw04;dw05;dw06;dw07;dw08,dw00;dw01;dw02;dw03;dw04;dw05;dw06;dw07;dw08,dw03;dw07;dw08,90,1,2026-09-01T12:35:59.636+0200,dw04,0F85,58,2395,17,-1109,2123,1.99,62225
ground-height-4m-20260830-222436,d024m_r180_run01.csv,4,24,180,dw00;dw01;dw02;dw03;dw04;dw05;dw06;dw07;dw08,dw00;dw01;dw02;dw03;dw04;dw05;dw06;dw07;dw08,dw03;dw07;dw08,105,1,2026-09-01T12:35:59.646+0200,dw05,4B92,160,2412,41,-770,2286,2.20,72235
ground-height-4m-20260830-222436,d024m_r180_run01.csv,4,24,180,dw00;dw01;dw02;dw03;dw04;dw05;dw06;dw07;dw08,dw00;dw01;dw02;dw03;dw04;dw05;dw06;dw07;dw08,dw03;dw07;dw08,35,1,2026-09-01T12:35:59.716+0200,dw01,1729,108,2407,-132,1996,1345,1.87,42327
ground-height-4m-20260830-222436,d024m_r180_run01.csv,4,24,180,dw00;dw01;dw02;dw03;dw04;dw05;dw06;dw07;dw08,dw00;dw01;dw02;dw03;dw04;dw05;dw06;dw07;dw08,dw03;dw07;dw08,125,1,2026-09-01T12:35:59.756+0200,dw06,0789,18,2395,-33,-1869,1497,1.63,82305
ground-height-4m-20260830-222436,d024m_r180_run01.csv,4,24,180,dw00;dw01;dw02;dw03;dw04;dw05;dw06;dw07;dw08,dw00;dw01;dw02;dw03;dw04;dw05;dw06;dw07;dw08,dw03;dw07;dw08,90,1,2026-09-01T12:35:59.836+0200,dw04,0F85,59,2395,11,-1197,2074,1.99,62255
ground-height-4m-20260830-222436,d024m_r180_run01.csv,4,24,180,dw00;dw01;dw02;dw03;dw04;dw05;dw06;dw07;dw08,dw00;dw01;dw02;dw03;dw04;dw05;dw06;dw07;dw08,dw03;dw07;dw08,105,1,2026-09-01T12:35:59.846+0200,dw05,4B92,161,2413,58,-517,2357,2.14,72265
ground-height-4m-20260830-222436,d024m_r180_run01.csv,4,24,180,dw00;dw01;dw02;dw03;dw04;dw05;dw06;dw07;dw08,dw00;dw01;dw02;dw03;dw04;dw05;dw06;dw07;dw08,dw03;dw07;dw08,35,1,2026-09-01T12:35:59.916+0200,dw01,1729,109,2412,-139,1895,1492,1.99,42327
ground-height-4m-20260830-222436,d024m_r180_run01.csv,4,24,180,dw00;dw01;dw02;dw03;dw04;dw05;dw06;dw07;dw08,dw00;dw01;dw02;dw03;dw04;dw05;dw06;dw07;dw08,dw03;dw07;dw08,125,1,2026-09-01T12:35:59.956+0200,dw06,0789,19,2396,-30,-1817,1561,1.75,82305
ground-height-4m-20260830-222436,d024m_r180_run01.csv,4,24,180,dw00;dw01;dw02;dw03;dw04;dw05;dw06;dw07;dw08,dw00;dw01;dw02;dw03;dw04;dw05;dw06;dw07;dw08,dw03;dw07;dw08,15,1,2026-09-01T12:36:00.006+0200,dw00,8103,115,2417,-157,1633,1782,3.84,32226
ground-height-4m-20260830-222436,d024m_r180_run01.csv,4,24,180,dw00;dw01;dw02;dw03;dw04;dw05;dw06;dw07;dw08,dw00;dw01;dw02;dw03;dw04;dw05;dw06;dw07;dw08,dw03;dw07;dw08,105,1,2026-09-01T12:36:00.046+0200,dw05,4B92,162,2414,51,-622,2333,2.08,72235
ground-height-4m-20260830-222436,d024m_r180_run01.csv,4,24,180,dw00;dw01;dw02;dw03;dw04;dw05;dw06;dw07;dw08,dw00;dw01;dw02;dw03;dw04;dw05;dw06;dw07;dw08,dw03;dw07;dw08,35,1,2026-09-01T12:36:00.116+0200,dw01,1729,110,2407,-118,2205,966,1.93,42358
ground-height-4m-20260830-222436,d024m_r180_run01.csv,4,24,180,dw00;dw01;dw02;dw03;dw04;dw05;dw06;dw07;dw08,dw00;dw01;dw02;dw03;dw04;dw05;dw06;dw07;dw08,dw03;dw07;dw08,125,1,2026-09-01T12:36:00.156+0200,dw06,0789,20,2393,-32,-1850,1518,1.69,82305
ground-height-4m-20260830-222436,d024m_r180_run01.csv,4,24,180,dw00;dw01;dw02;dw03;dw04;dw05;dw06;dw07;dw08,dw00;dw01;dw02;dw03;dw04;dw05;dw06;dw07;dw08,dw03;dw07;dw08,15,1,2026-09-01T12:36:00.206+0200,dw00,8103,116,2425,-158,1628,1797,3.90,32226
ground-height-4m-20260830-222436,d024m_r180_run01.csv,4,24,180,dw00;dw01;dw02;dw03;dw04;dw05;dw06;dw07;dw08,dw00;dw01;dw02;dw03;dw04;dw05;dw06;dw07;dw08,dw03;dw07;dw08,105,1,2026-09-01T12:36:00.246+0200,dw05,4B92,163,2412,50,-634,2327,2.14,72235
ground-height-4m-20260830-222436,d024m_r180_run01.csv,4,24,180,dw00;dw01;dw02;dw03;dw04;dw05;dw06;dw07;dw08,dw00;dw01;dw02;dw03;dw04;dw05;dw06;dw07;dw08,dw03;dw07;dw08,90,1,2026-09-01T12:36:00.252+0200,dw04,0F85,61,2401,5,-1298,2019,2.26,77819
ground-height-4m-20260830-222436,d024m_r180_run01.csv,4,24,180,dw00;dw01;dw02;dw03;dw04;dw05;dw06;dw07;dw08,dw00;dw01;dw02;dw03;dw04;dw05;dw06;dw07;dw08,dw03;dw07;dw08,35,1,2026-09-01T12:36:00.316+0200,dw01,1729,111,2405,-127,2074,1219,1.87,42327
ground-height-4m-20260830-222436,d024m_r180_run01.csv,4,24,180,dw00;dw01;dw02;dw03;dw04;dw05;dw06;dw07;dw08,dw00;dw01;dw02;dw03;dw04;dw05;dw06;dw07;dw08,dw03;dw07;dw08,125,1,2026-09-01T12:36:00.356+0200,dw06,0789,21,2395,-45,-2035,1262,1.63,82336
ground-height-4m-20260830-222436,d024m_r180_run01.csv,4,24,180,dw00;dw01;dw02;dw03;dw04;dw05;dw06;dw07;dw08,dw00;dw01;dw02;dw03;dw04;dw05;dw06;dw07;dw08,dw03;dw07;dw08,90,1,2026-09-01T12:36:00.435+0200,dw04,0F85,62,2393,15,-1136,2106,2.14,62286
ground-height-4m-20260830-222436,d024m_r180_run01.csv,4,24,180,dw00;dw01;dw02;dw03;dw04;dw05;dw06;dw07;dw08,dw00;dw01;dw02;dw03;dw04;dw05;dw06;dw07;dw08,dw03;dw07;dw08,105,1,2026-09-01T12:36:00.446+0200,dw05,4B92,164,2420,44,-725,2308,2.14,72265
ground-height-4m-20260830-222436,d024m_r180_run01.csv,4,24,180,dw00;dw01;dw02;dw03;dw04;dw05;dw06;dw07;dw08,dw00;dw01;dw02;dw03;dw04;dw05;dw06;dw07;dw08,dw03;dw07;dw08,35,1,2026-09-01T12:36:00.515+0200,dw01,1729,112,2402,-110,2315,640,1.87,42358
ground-height-4m-20260830-222436,d024m_r180_run01.csv,4,24,180,dw00;dw01;dw02;dw03;dw04;dw05;dw06;dw07;dw08,dw00;dw01;dw02;dw03;dw04;dw05;dw06;dw07;dw08,dw03;dw07;dw08,125,1,2026-09-01T12:36:00.556+0200,dw06,0789,22,2394,-56,-2203,937,1.63,82275
ground-height-4m-20260830-222436,d024m_r180_run01.csv,4,24,180,dw00;dw01;dw02;dw03;dw04;dw05;dw06;dw07;dw08,dw00;dw01;dw02;dw03;dw04;dw05;dw06;dw07;dw08,dw03;dw07;dw08,15,1,2026-09-01T12:36:00.605+0200,dw00,8103,118,2419,-159,1597,1817,3.84,32257
ground-height-4m-20260830-222436,d024m_r180_run01.csv,4,24,180,dw00;dw01;dw02;dw03;dw04;dw05;dw06;dw07;dw08,dw00;dw01;dw02;dw03;dw04;dw05;dw06;dw07;dw08,dw03;dw07;dw08,105,1,2026-09-01T12:36:00.645+0200,dw05,4B92,165,2414,40,-783,2283,2.08,72265
ground-height-4m-20260830-222436,d024m_r180_run01.csv,4,24,180,dw00;dw01;dw02;dw03;dw04;dw05;dw06;dw07;dw08,dw00;dw01;dw02;dw03;dw04;dw05;dw06;dw07;dw08,dw03;dw07;dw08,35,1,2026-09-01T12:36:00.716+0200,dw01,1729,113,2406,-119,2180,1017,1.87,42358
ground-height-4m-20260830-222436,d024m_r180_run01.csv,4,24,180,dw00;dw01;dw02;dw03;dw04;dw05;dw06;dw07;dw08,dw00;dw01;dw02;dw03;dw04;dw05;dw06;dw07;dw08,dw03;dw07;dw08,125,1,2026-09-01T12:36:00.756+0200,dw06,0789,23,2398,-43,-2013,1304,1.63,82336
ground-height-4m-20260830-222436,d024m_r180_run01.csv,4,24,180,dw00;dw01;dw02;dw03;dw04;dw05;dw06;dw07;dw08,dw00;dw01;dw02;dw03;dw04;dw05;dw06;dw07;dw08,dw03;dw07;dw08,15,1,2026-09-01T12:36:00.805+0200,dw00,8103,119,2422,167,1111,2152,3.78,32226
ground-height-4m-20260830-222436,d024m_r180_run01.csv,4,24,180,dw00;dw01;dw02;dw03;dw04;dw05;dw06;dw07;dw08,dw00;dw01;dw02;dw03;dw04;dw05;dw06;dw07;dw08,dw03;dw07;dw08,105,1,2026-09-01T12:36:00.846+0200,dw05,4B92,166,2414,45,-700,2310,2.08,72235
ground-height-4m-20260830-222436,d024m_r180_run01.csv,4,24,180,dw00;dw01;dw02;dw03;dw04;dw05;dw06;dw07;dw08,dw00;dw01;dw02;dw03;dw04;dw05;dw06;dw07;dw08,dw03;dw07;dw08,90,1,2026-09-01T12:36:00.851+0200,dw04,0F85,64,2397,-1,-1396,1948,2.14,77850
ground-height-4m-20260830-222436,d024m_r180_run01.csv,4,24,180,dw00;dw01;dw02;dw03;dw04;dw05;dw06;dw07;dw08,dw00;dw01;dw02;dw03;dw04;dw05;dw06;dw07;dw08,dw03;dw07;dw08,35,1,2026-09-01T12:36:00.916+0200,dw01,1729,114,2407,-121,2154,1074,1.93,42358
ground-height-4m-20260830-222436,d024m_r180_run01.csv,4,24,180,dw00;dw01;dw02;dw03;dw04;dw05;dw06;dw07;dw08,dw00;dw01;dw02;dw03;dw04;dw05;dw06;dw07;dw08,dw03;dw07;dw08,125,1,2026-09-01T12:36:00.956+0200,dw06,0789,24,2395,-36,-1909,1446,1.75,82305
ground-height-4m-20260830-222436,d024m_r180_run01.csv,4,24,180,dw00;dw01;dw02;dw03;dw04;dw05;dw06;dw07;dw08,dw00;dw01;dw02;dw03;dw04;dw05;dw06;dw07;dw08,dw03;dw07;dw08,105,1,2026-09-01T12:36:01.046+0200,dw05,4B92,167,2417,55,-557,2352,2.08,72235
ground-height-4m-20260830-222436,d024m_r180_run01.csv,4,24,180,dw00;dw01;dw02;dw03;dw04;dw05;dw06;dw07;dw08,dw00;dw01;dw02;dw03;dw04;dw05;dw06;dw07;dw08,dw03;dw07;dw08,35,1,2026-09-01T12:36:01.116+0200,dw01,1729,115,2409,-125,2106,1169,1.87,42358
ground-height-4m-20260830-222436,d024m_r180_run01.csv,4,24,180,dw00;dw01;dw02;dw03;dw04;dw05;dw06;dw07;dw08,dw00;dw01;dw02;dw03;dw04;dw05;dw06;dw07;dw08,dw03;dw07;dw08,125,1,2026-09-01T12:36:01.156+0200,dw06,0789,25,2401,-40,-1967,1376,1.69,82305
ground-height-4m-20260830-222436,d024m_r180_run01.csv,4,24,180,dw00;dw01;dw02;dw03;dw04;dw05;dw06;dw07;dw08,dw00;dw01;dw02;dw03;dw04;dw05;dw06;dw07;dw08,dw03;dw07;dw08,15,1,2026-09-01T12:36:01.206+0200,dw00,8103,121,2422,-158,1613,1806,3.90,32257
ground-height-4m-20260830-222436,d024m_r180_run01.csv,4,24,180,dw00;dw01;dw02;dw03;dw04;dw05;dw06;dw07;dw08,dw00;dw01;dw02;dw03;dw04;dw05;dw06;dw07;dw08,dw03;dw07;dw08,90,1,2026-09-01T12:36:01.235+0200,dw04,0F85,66,2387,-6,-1458,1890,2.08,62225
ground-height-4m-20260830-222436,d024m_r180_run01.csv,4,24,180,dw00;dw01;dw02;dw03;dw04;dw05;dw06;dw07;dw08,dw00;dw01;dw02;dw03;dw04;dw05;dw06;dw07;dw08,dw03;dw07;dw08,105,1,2026-09-01T12:36:01.246+0200,dw05,4B92,168,2414,41,-764,2290,2.08,72265
ground-height-4m-20260830-222436,d024m_r180_run01.csv,4,24,180,dw00;dw01;dw02;dw03;dw04;dw05;dw06;dw07;dw08,dw00;dw01;dw02;dw03;dw04;dw05;dw06;dw07;dw08,dw03;dw07;dw08,35,1,2026-09-01T12:36:01.315+0200,dw01,1729,116,2401,-133,1978,1361,1.87,42327
ground-height-4m-20260830-222436,d024m_r180_run01.csv,4,24,180,dw00;dw01;dw02;dw03;dw04;dw05;dw06;dw07;dw08,dw00;dw01;dw02;dw03;dw04;dw05;dw06;dw07;dw08,dw03;dw07;dw08,125,1,2026-09-01T12:36:01.355+0200,dw06,0789,26,2396,-26,-1761,1625,1.69,82305
ground-height-4m-20260830-222436,d024m_r180_run01.csv,4,24,180,dw00;dw01;dw02;dw03;dw04;dw05;dw06;dw07;dw08,dw00;dw01;dw02;dw03;dw04;dw05;dw06;dw07;dw08,dw03;dw07;dw08,15,1,2026-09-01T12:36:01.405+0200,dw00,8103,122,2420,-167,1487,1908,3.84,32226
ground-height-4m-20260830-222436,d024m_r180_run01.csv,4,24,180,dw00;dw01;dw02;dw03;dw04;dw05;dw06;dw07;dw08,dw00;dw01;dw02;dw03;dw04;dw05;dw06;dw07;dw08,dw03;dw07;dw08,90,1,2026-09-01T12:36:01.435+0200,dw04,0F85,67,2393,1,-1353,1973,2.20,62225
ground-height-4m-20260830-222436,d024m_r180_run01.csv,4,24,180,dw00;dw01;dw02;dw03;dw04;dw05;dw06;dw07;dw08,dw00;dw01;dw02;dw03;dw04;dw05;dw06;dw07;dw08,dw03;dw07;dw08,105,1,2026-09-01T12:36:01.445+0200,dw05,4B92,169,2412,44,-715,2303,2.20,72235
ground-height-4m-20260830-222436,d024m_r180_run01.csv,4,24,180,dw00;dw01;dw02;dw03;dw04;dw05;dw06;dw07;dw08,dw00;dw01;dw02;dw03;dw04;dw05;dw06;dw07;dw08,dw03;dw07;dw08,125,1,2026-09-01T12:36:01.555+0200,dw06,0789,27,2396,-55,-2187,979,1.81,82305
ground-height-4m-20260830-222436,d024m_r180_run01.csv,4,24,180,dw00;dw01;dw02;dw03;dw04;dw05;dw06;dw07;dw08,dw00;dw01;dw02;dw03;dw04;dw05;dw06;dw07;dw08,dw03;dw07;dw08,15,1,2026-09-01T12:36:01.605+0200,dw00,8103,123,2419,-151,1725,1695,4.02,32226
ground-height-4m-20260830-222436,d024m_r180_run01.csv,4,24,180,dw00;dw01;dw02;dw03;dw04;dw05;dw06;dw07;dw08,dw00;dw01;dw02;dw03;dw04;dw05;dw06;dw07;dw08,dw03;dw07;dw08,90,1,2026-09-01T12:36:01.635+0200,dw04,0F85,68,2393,20,-1068,2142,2.02,62225
ground-height-4m-20260830-222436,d024m_r180_run01.csv,4,24,180,dw00;dw01;dw02;dw03;dw04;dw05;dw06;dw07;dw08,dw00;dw01;dw02;dw03;dw04;dw05;dw06;dw07;dw08,dw03;dw07;dw08,105,1,2026-09-01T12:36:01.645+0200,dw05,4B92,170,2414,51,-616,2334,2.08,72235
ground-height-4m-20260830-222436,d024m_r180_run01.csv,4,24,180,dw00;dw01;dw02;dw03;dw04;dw05;dw06;dw07;dw08,dw00;dw01;dw02;dw03;dw04;dw05;dw06;dw07;dw08,dw03;dw07;dw08,35,1,2026-09-01T12:36:01.716+0200,dw01,1729,118,2409,-127,2072,1228,1.99,42358
ground-height-4m-20260830-222436,d024m_r180_run01.csv,4,24,180,dw00;dw01;dw02;dw03;dw04;dw05;dw06;dw07;dw08,dw00;dw01;dw02;dw03;dw04;dw05;dw06;dw07;dw08,dw03;dw07;dw08,125,1,2026-09-01T12:36:01.756+0200,dw06,0789,28,2393,-39,-1955,1381,1.69,82336
ground-height-4m-20260830-222436,d024m_r180_run01.csv,4,24,180,dw00;dw01;dw02;dw03;dw04;dw05;dw06;dw07;dw08,dw00;dw01;dw02;dw03;dw04;dw05;dw06;dw07;dw08,dw03;dw07;dw08,15,1,2026-09-01T12:36:01.805+0200,dw00,8103,124,2424,-151,1725,1703,4.02,32287
ground-height-4m-20260830-222436,d024m_r180_run01.csv,4,24,180,dw00;dw01;dw02;dw03;dw04;dw05;dw06;dw07;dw08,dw00;dw01;dw02;dw03;dw04;dw05;dw06;dw07;dw08,dw03;dw07;dw08,90,1,2026-09-01T12:36:01.836+0200,dw04,0F85,69,2390,-2,-1401,1937,1.99,62255
ground-height-4m-20260830-222436,d024m_r180_run01.csv,4,24,180,dw00;dw01;dw02;dw03;dw04;dw05;dw06;dw07;dw08,dw00;dw01;dw02;dw03;dw04;dw05;dw06;dw07;dw08,dw03;dw07;dw08,105,1,2026-09-01T12:36:01.845+0200,dw05,4B92,171,2413,45,-701,2309,2.02,72235
ground-height-4m-20260830-222436,d024m_r180_run01.csv,4,24,180,dw00;dw01;dw02;dw03;dw04;dw05;dw06;dw07;dw08,dw00;dw01;dw02;dw03;dw04;dw05;dw06;dw07;dw08,dw03;dw07;dw08,125,1,2026-09-01T12:36:01.956+0200,dw06,0789,29,2400,-41,-1993,1336,1.81,82305
ground-height-4m-20260830-222436,d024m_r180_run01.csv,4,24,180,dw00;dw01;dw02;dw03;dw04;dw05;dw06;dw07;dw08,dw00;dw01;dw02;dw03;dw04;dw05;dw06;dw07;dw08,dw03;dw07;dw08,15,1,2026-09-01T12:36:02.006+0200,dw00,8103,125,2428,-163,1549,1869,3.90,32226
ground-height-4m-20260830-222436,d024m_r180_run01.csv,4,24,180,dw00;dw01;dw02;dw03;dw04;dw05;dw06;dw07;dw08,dw00;dw01;dw02;dw03;dw04;dw05;dw06;dw07;dw08,dw03;dw07;dw08,90,1,2026-09-01T12:36:02.035+0200,dw04,0F85,70,2393,10,-1208,2066,2.14,62255
ground-height-4m-20260830-222436,d024m_r180_run01.csv,4,24,180,dw00;dw01;dw02;dw03;dw04;dw05;dw06;dw07;dw08,dw00;dw01;dw02;dw03;dw04;dw05;dw06;dw07;dw08,dw03;dw07;dw08,105,1,2026-09-01T12:36:02.046+0200,dw05,4B92,172,2415,38,-815,2273,2.08,72235
ground-height-4m-20260830-222436,d024m_r180_run01.csv,4,24,180,dw00;dw01;dw02;dw03;dw04;dw05;dw06;dw07;dw08,dw00;dw01;dw02;dw03;dw04;dw05;dw06;dw07;dw08,dw03;dw07;dw08,35,1,2026-09-01T12:36:02.115+0200,dw01,1729,120,2410,-124,2111,1162,1.75,42358
ground-height-4m-20260830-222436,d024m_r180_run01.csv,4,24,180,dw00;dw01;dw02;dw03;dw04;dw05;dw06;dw07;dw08,dw00;dw01;dw02;dw03;dw04;dw05;dw06;dw07;dw08,dw03;dw07;dw08,125,1,2026-09-01T12:36:02.155+0200,dw06,0789,30,2397,-43,-2017,1295,1.69,82305
ground-height-4m-20260830-222436,d024m_r180_run01.csv,4,24,180,dw00;dw01;dw02;dw03;dw04;dw05;dw06;dw07;dw08,dw00;dw01;dw02;dw03;dw04;dw05;dw06;dw07;dw08,dw03;dw07;dw08,15,1,2026-09-01T12:36:02.205+0200,dw00,8103,126,2424,-175,1373,1997,4.02,32257
ground-height-4m-20260830-222436,d024m_r180_run01.csv,4,24,180,dw00;dw01;dw02;dw03;dw04;dw05;dw06;dw07;dw08,dw00;dw01;dw02;dw03;dw04;dw05;dw06;dw07;dw08,dw03;dw07;dw08,90,1,2026-09-01T12:36:02.235+0200,dw04,0F85,71,2402,10,-1226,2066,2.20,62255
ground-height-4m-20260830-222436,d024m_r180_run01.csv,4,24,180,dw00;dw01;dw02;dw03;dw04;dw05;dw06;dw07;dw08,dw00;dw01;dw02;dw03;dw04;dw05;dw06;dw07;dw08,dw03;dw07;dw08,105,1,2026-09-01T12:36:02.245+0200,dw05,4B92,173,2417,40,-773,2290,2.08,72235
ground-height-4m-20260830-222436,d024m_r180_run01.csv,4,24,180,dw00;dw01;dw02;dw03;dw04;dw05;dw06;dw07;dw08,dw00;dw01;dw02;dw03;dw04;dw05;dw06;dw07;dw08,dw03;dw07;dw08,35,1,2026-09-01T12:36:02.315+0200,dw01,1729,121,2409,-112,2290,747,1.75,42327
ground-height-4m-20260830-222436,d024m_r180_run01.csv,4,24,180,dw00;dw01;dw02;dw03;dw04;dw05;dw06;dw07;dw08,dw00;dw01;dw02;dw03;dw04;dw05;dw06;dw07;dw08,dw03;dw07;dw08,125,1,2026-09-01T12:36:02.355+0200,dw06,0789,31,2394,-36,-1906,1449,1.75,82336
ground-height-4m-20260830-222436,d024m_r180_run01.csv,4,24,180,dw00;dw01;dw02;dw03;dw04;dw05;dw06;dw07;dw08,dw00;dw01;dw02;dw03;dw04;dw05;dw06;dw07;dw08,dw03;dw07;dw08,15,1,2026-09-01T12:36:02.405+0200,dw00,8103,127,2421,-159,1598,1819,3.90,32257
ground-height-4m-20260830-222436,d024m_r180_run01.csv,4,24,180,dw00;dw01;dw02;dw03;dw04;dw05;dw06;dw07;dw08,dw00;dw01;dw02;dw03;dw04;dw05;dw06;dw07;dw08,dw03;dw07;dw08,105,1,2026-09-01T12:36:02.445+0200,dw05,4B92,174,2417,47,-672,2321,2.20,72265
ground-height-4m-20260830-222436,d024m_r180_run01.csv,4,24,180,dw00;dw01;dw02;dw03;dw04;dw05;dw06;dw07;dw08,dw00;dw01;dw02;dw03;dw04;dw05;dw06;dw07;dw08,dw03;dw07;dw08,125,1,2026-09-01T12:36:02.555+0200,dw06,0789,32,2397,-55,-2188,979,1.69,82336
ground-height-4m-20260830-222436,d024m_r180_run01.csv,4,24,180,dw00;dw01;dw02;dw03;dw04;dw05;dw06;dw07;dw08,dw00;dw01;dw02;dw03;dw04;dw05;dw06;dw07;dw08,dw03;dw07;dw08,15,1,2026-09-01T12:36:02.605+0200,dw00,8103,128,2418,-150,1729,1689,4.02,32257
ground-height-4m-20260830-222436,d024m_r180_run01.csv,4,24,180,dw00;dw01;dw02;dw03;dw04;dw05;dw06;dw07;dw08,dw00;dw01;dw02;dw03;dw04;dw05;dw06;dw07;dw08,dw03;dw07;dw08,105,1,2026-09-01T12:36:02.645+0200,dw05,4B92,175,2413,38,-803,2275,2.08,72235
ground-height-4m-20260830-222436,d024m_r180_run01.csv,4,24,180,dw00;dw01;dw02;dw03;dw04;dw05;dw06;dw07;dw08,dw00;dw01;dw02;dw03;dw04;dw05;dw06;dw07;dw08,dw03;dw07;dw08,125,1,2026-09-01T12:36:02.755+0200,dw06,0789,33,2399,-39,-1956,1389,1.63,82275
ground-height-4m-20260830-222436,d024m_r180_run01.csv,4,24,180,dw00;dw01;dw02;dw03;dw04;dw05;dw06;dw07;dw08,dw00;dw01;dw02;dw03;dw04;dw05;dw06;dw07;dw08,dw03;dw07;dw08,15,1,2026-09-01T12:36:02.805+0200,dw00,8103,129,2416,-150,1733,1683,4.08,32196
ground-height-4m-20260830-222436,d024m_r180_run01.csv,4,24,180,dw00;dw01;dw02;dw03;dw04;dw05;dw06;dw07;dw08,dw00;dw01;dw02;dw03;dw04;dw05;dw06;dw07;dw08,dw03;dw07;dw08,105,1,2026-09-01T12:36:02.845+0200,dw05,4B92,176,2414,53,-579,2343,2.08,72235
ground-height-4m-20260830-222436,d024m_r180_run01.csv,4,24,180,dw00;dw01;dw02;dw03;dw04;dw05;dw06;dw07;dw08,dw00;dw01;dw02;dw03;dw04;dw05;dw06;dw07;dw08,dw03;dw07;dw08,90,1,2026-09-01T12:36:02.866+0200,dw04,0F85,74,2398,3,-1316,2005,2.20,93383
ground-height-4m-20260830-222436,d024m_r180_run01.csv,4,24,180,dw00;dw01;dw02;dw03;dw04;dw05;dw06;dw07;dw08,dw00;dw01;dw02;dw03;dw04;dw05;dw06;dw07;dw08,dw03;dw07;dw08,125,1,2026-09-01T12:36:02.955+0200,dw06,0789,34,2403,-48,-2090,1185,1.57,82336
ground-height-4m-20260830-222436,d024m_r180_run01.csv,4,24,180,dw00;dw01;dw02;dw03;dw04;dw05;dw06;dw07;dw08,dw00;dw01;dw02;dw03;dw04;dw05;dw06;dw07;dw08,dw03;dw07;dw08,90,1,2026-09-01T12:36:03.035+0200,dw04,0F85,75,2390,8,-1236,2046,1.99,62255
ground-height-4m-20260830-222436,d024m_r180_run01.csv,4,24,180,dw00;dw01;dw02;dw03;dw04;dw05;dw06;dw07;dw08,dw00;dw01;dw02;dw03;dw04;dw05;dw06;dw07;dw08,dw03;dw07;dw08,105,1,2026-09-01T12:36:03.044+0200,dw05,4B92,177,2412,45,-701,2308,2.20,72235
ground-height-4m-20260830-222436,d024m_r180_run01.csv,4,24,180,dw00;dw01;dw02;dw03;dw04;dw05;dw06;dw07;dw08,dw00;dw01;dw02;dw03;dw04;dw05;dw06;dw07;dw08,dw03;dw07;dw08,125,1,2026-09-01T12:36:03.155+0200,dw06,0789,35,2397,-49,-2102,1151,1.69,82305
ground-height-4m-20260830-222436,d024m_r180_run01.csv,4,24,180,dw00;dw01;dw02;dw03;dw04;dw05;dw06;dw07;dw08,dw00;dw01;dw02;dw03;dw04;dw05;dw06;dw07;dw08,dw03;dw07;dw08,15,1,2026-09-01T12:36:03.205+0200,dw00,8103,131,2416,-158,1612,1799,3.90,32257
ground-height-4m-20260830-222436,d024m_r180_run01.csv,4,24,180,dw00;dw01;dw02;dw03;dw04;dw05;dw06;dw07;dw08,dw00;dw01;dw02;dw03;dw04;dw05;dw06;dw07;dw08,dw03;dw07;dw08,90,1,2026-09-01T12:36:03.235+0200,dw04,0F85,76,2396,0,-1370,1965,2.02,62255
ground-height-4m-20260830-222436,d024m_r180_run01.csv,4,24,180,dw00;dw01;dw02;dw03;dw04;dw05;dw06;dw07;dw08,dw00;dw01;dw02;dw03;dw04;dw05;dw06;dw07;dw08,dw03;dw07;dw08,105,1,2026-09-01T12:36:03.245+0200,dw05,4B92,178,2416,51,-615,2337,2.20,72265
ground-height-4m-20260830-222436,d024m_r180_run01.csv,4,24,180,dw00;dw01;dw02;dw03;dw04;dw05;dw06;dw07;dw08,dw00;dw01;dw02;dw03;dw04;dw05;dw06;dw07;dw08,dw03;dw07;dw08,35,1,2026-09-01T12:36:03.315+0200,dw01,1729,126,2407,-130,2024,1303,1.81,42358
ground-height-4m-20260830-222436,d024m_r180_run01.csv,4,24,180,dw00;dw01;dw02;dw03;dw04;dw05;dw06;dw07;dw08,dw00;dw01;dw02;dw03;dw04;dw05;dw06;dw07;dw08,dw03;dw07;dw08,125,1,2026-09-01T12:36:03.355+0200,dw06,0789,36,2396,-57,-2221,899,1.69,82305
ground-height-4m-20260830-222436,d024m_r180_run01.csv,4,24,180,dw00;dw01;dw02;dw03;dw04;dw05;dw06;dw07;dw08,dw00;dw01;dw02;dw03;dw04;dw05;dw06;dw07;dw08,dw03;dw07;dw08,90,1,2026-09-01T12:36:03.435+0200,dw04,0F85,77,2396,0,-1358,1973,2.14,62255
ground-height-4m-20260830-222436,d024m_r180_run01.csv,4,24,180,dw00;dw01;dw02;dw03;dw04;dw05;dw06;dw07;dw08,dw00;dw01;dw02;dw03;dw04;dw05;dw06;dw07;dw08,dw03;dw07;dw08,105,1,2026-09-01T12:36:03.445+0200,dw05,4B92,179,2413,44,-716,2304,2.08,72265
ground-height-4m-20260830-222436,d024m_r180_run01.csv,4,24,180,dw00;dw01;dw02;dw03;dw04;dw05;dw06;dw07;dw08,dw00;dw01;dw02;dw03;dw04;dw05;dw06;dw07;dw08,dw03;dw07;dw08,35,1,2026-09-01T12:36:03.515+0200,dw01,1729,127,2407,-129,2045,1269,1.81,42327
ground-height-4m-20260830-222436,d024m_r180_run01.csv,4,24,180,dw00;dw01;dw02;dw03;dw04;dw05;dw06;dw07;dw08,dw00;dw01;dw02;dw03;dw04;dw05;dw06;dw07;dw08,dw03;dw07;dw08,125,1,2026-09-01T12:36:03.555+0200,dw06,0789,37,2396,-45,-2049,1242,1.81,82305
ground-height-4m-20260830-222436,d024m_r180_run01.csv,4,24,180,dw00;dw01;dw02;dw03;dw04;dw05;dw06;dw07;dw08,dw00;dw01;dw02;dw03;dw04;dw05;dw06;dw07;dw08,dw03;dw07;dw08,90,1,2026-09-01T12:36:03.634+0200,dw04,0F85,78,2397,-3,-1423,1929,2.08,62286
ground-height-4m-20260830-222436,d024m_r180_run01.csv,4,24,180,dw00;dw01;dw02;dw03;dw04;dw05;dw06;dw07;dw08,dw00;dw01;dw02;dw03;dw04;dw05;dw06;dw07;dw08,dw03;dw07;dw08,105,1,2026-09-01T12:36:03.645+0200,dw05,4B92,180,2415,31,-917,2234,2.14,72235
ground-height-4m-20260830-222436,d024m_r180_run01.csv,4,24,180,dw00;dw01;dw02;dw03;dw04;dw05;dw06;dw07;dw08,dw00;dw01;dw02;dw03;dw04;dw05;dw06;dw07;dw08,dw03;dw07;dw08,35,1,2026-09-01T12:36:03.714+0200,dw01,1729,128,2409,-133,1987,1362,1.75,42327
ground-height-4m-20260830-222436,d024m_r180_run01.csv,4,24,180,dw00;dw01;dw02;dw03;dw04;dw05;dw06;dw07;dw08,dw00;dw01;dw02;dw03;dw04;dw05;dw06;dw07;dw08,dw03;dw07;dw08,125,1,2026-09-01T12:36:03.754+0200,dw06,0789,38,2399,-53,-2162,1040,1.63,82305
ground-height-4m-20260830-222436,d024m_r180_run01.csv,4,24,180,dw00;dw01;dw02;dw03;dw04;dw05;dw06;dw07;dw08,dw00;dw01;dw02;dw03;dw04;dw05;dw06;dw07;dw08,dw03;dw07;dw08,15,1,2026-09-01T12:36:03.804+0200,dw00,8103,134,2420,-152,1705,1716,3.96,32226
ground-height-4m-20260830-222436,d024m_r180_run01.csv,4,24,180,dw00;dw01;dw02;dw03;dw04;dw05;dw06;dw07;dw08,dw00;dw01;dw02;dw03;dw04;dw05;dw06;dw07;dw08,dw03;dw07;dw08,90,1,2026-09-01T12:36:03.834+0200,dw04,0F85,79,2393,2,-1328,1991,2.02,62286
ground-height-4m-20260830-222436,d024m_r180_run01.csv,4,24,180,dw00;dw01;dw02;dw03;dw04;dw05;dw06;dw07;dw08,dw00;dw01;dw02;dw03;dw04;dw05;dw06;dw07;dw08,dw03;dw07;dw08,105,1,2026-09-01T12:36:03.844+0200,dw05,4B92,181,2414,55,-558,2348,2.08,72235
ground-height-4m-20260830-222436,d024m_r180_run01.csv,4,24,180,dw00;dw01;dw02;dw03;dw04;dw05;dw06;dw07;dw08,dw00;dw01;dw02;dw03;dw04;dw05;dw06;dw07;dw08,dw03;dw07;dw08,35,1,2026-09-01T12:36:03.915+0200,dw01,1729,129,2412,-118,2206,974,1.81,42358
ground-height-4m-20260830-222436,d024m_r180_run01.csv,4,24,180,dw00;dw01;dw02;dw03;dw04;dw05;dw06;dw07;dw08,dw00;dw01;dw02;dw03;dw04;dw05;dw06;dw07;dw08,dw03;dw07;dw08,125,1,2026-09-01T12:36:03.955+0200,dw06,0789,39,2395,-39,-1951,1388,1.63,82305
ground-height-4m-20260830-222436,d024m_r180_run01.csv,4,24,180,dw00;dw01;dw02;dw03;dw04;dw05;dw06;dw07;dw08,dw00;dw01;dw02;dw03;dw04;dw05;dw06;dw07;dw08,dw03;dw07;dw08,15,1,2026-09-01T12:36:04.004+0200,dw00,8103,135,2425,-159,1598,1823,3.84,32226
ground-height-4m-20260830-222436,d024m_r180_run01.csv,4,24,180,dw00;dw01;dw02;dw03;dw04;dw05;dw06;dw07;dw08,dw00;dw01;dw02;dw03;dw04;dw05;dw06;dw07;dw08,dw03;dw07;dw08,90,1,2026-09-01T12:36:04.035+0200,dw04,0F85,80,2396,6,-1279,2026,2.02,62286
ground-height-4m-20260830-222436,d024m_r180_run01.csv,4,24,180,dw00;dw01;dw02;dw03;dw04;dw05;dw06;dw07;dw08,dw00;dw01;dw02;dw03;dw04;dw05;dw06;dw07;dw08,dw03;dw07;dw08,105,1,2026-09-01T12:36:04.044+0200,dw05,4B92,182,2419,47,-681,2321,2.14,72265
ground-height-4m-20260830-222436,d024m_r180_run01.csv,4,24,180,dw00;dw01;dw02;dw03;dw04;dw05;dw06;dw07;dw08,dw00;dw01;dw02;dw03;dw04;dw05;dw06;dw07;dw08,dw03;dw07;dw08,35,1,2026-09-01T12:36:04.115+0200,dw01,1729,130,2404,-135,1942,1416,1.81,42358
ground-height-4m-20260830-222436,d024m_r180_run01.csv,4,24,180,dw00;dw01;dw02;dw03;dw04;dw05;dw06;dw07;dw08,dw00;dw01;dw02;dw03;dw04;dw05;dw06;dw07;dw08,dw03;dw07;dw08,125,1,2026-09-01T12:36:04.155+0200,dw06,0789,40,2397,-37,-1927,1425,1.69,82336
ground-height-4m-20260830-222436,d024m_r180_run01.csv,4,24,180,dw00;dw01;dw02;dw03;dw04;dw05;dw06;dw07;dw08,dw00;dw01;dw02;dw03;dw04;dw05;dw06;dw07;dw08,dw03;dw07;dw08,15,1,2026-09-01T12:36:04.205+0200,dw00,8103,136,2424,-171,1429,1957,3.90,32257
ground-height-4m-20260830-222436,d024m_r180_run01.csv,4,24,180,dw00;dw01;dw02;dw03;dw04;dw05;dw06;dw07;dw08,dw00;dw01;dw02;dw03;dw04;dw05;dw06;dw07;dw08,dw03;dw07;dw08,90,1,2026-09-01T12:36:04.235+0200,dw04,0F85,81,2391,6,-1269,2027,1.99,62286
ground-height-4m-20260830-222436,d024m_r180_run01.csv,4,24,180,dw00;dw01;dw02;dw03;dw04;dw05;dw06;dw07;dw08,dw00;dw01;dw02;dw03;dw04;dw05;dw06;dw07;dw08,dw03;dw07;dw08,105,1,2026-09-01T12:36:04.245+0200,dw05,4B92,183,2417,44,-722,2306,2.08,72235
ground-height-4m-20260830-222436,d024m_r180_run01.csv,4,24,180,dw00;dw01;dw02;dw03;dw04;dw05;dw06;dw07;dw08,dw00;dw01;dw02;dw03;dw04;dw05;dw06;dw07;dw08,dw03;dw07;dw08,35,1,2026-09-01T12:36:04.315+0200,dw01,1729,131,2403,-129,2036,1276,1.75,42327
ground-height-4m-20260830-222436,d024m_r180_run01.csv,4,24,180,dw00;dw01;dw02;dw03;dw04;dw05;dw06;dw07;dw08,dw00;dw01;dw02;dw03;dw04;dw05;dw06;dw07;dw08,dw03;dw07;dw08,125,1,2026-09-01T12:36:04.355+0200,dw06,0789,41,2398,-31,-1839,1539,1.63,82305
ground-height-4m-20260830-222436,d024m_r180_run01.csv,4,24,180,dw00;dw01;dw02;dw03;dw04;dw05;dw06;dw07;dw08,dw00;dw01;dw02;dw03;dw04;dw05;dw06;dw07;dw08,dw03;dw07;dw08,15,1,2026-09-01T12:36:04.405+0200,dw00,8103,137,2416,-153,1688,1729,3.90,32226
ground-height-4m-20260830-222436,d024m_r180_run01.csv,4,24,180,dw00;dw01;dw02;dw03;dw04;dw05;dw06;dw07;dw08,dw00;dw01;dw02;dw03;dw04;dw05;dw06;dw07;dw08,dw03;dw07;dw08,105,1,2026-09-01T12:36:04.445+0200,dw05,4B92,184,2415,55,-551,2351,2.26,72265
ground-height-4m-20260830-222436,d024m_r180_run01.csv,4,24,180,dw00;dw01;dw02;dw03;dw04;dw05;dw06;dw07;dw08,dw00;dw01;dw02;dw03;dw04;dw05;dw06;dw07;dw08,dw03;dw07;dw08,35,1,2026-09-01T12:36:04.514+0200,dw01,1729,132,2406,-123,2133,1113,1.75,42327
ground-height-4m-20260830-222436,d024m_r180_run01.csv,4,24,180,dw00;dw01;dw02;dw03;dw04;dw05;dw06;dw07;dw08,dw00;dw01;dw02;dw03;dw04;dw05;dw06;dw07;dw08,dw03;dw07;dw08,125,1,2026-09-01T12:36:04.554+0200,dw06,0789,42,2396,-52,-2148,1060,1.69,82305
ground-height-4m-20260830-222436,d024m_r180_run01.csv,4,24,180,dw00;dw01;dw02;dw03;dw04;dw05;dw06;dw07;dw08,dw00;dw01;dw02;dw03;dw04;dw05;dw06;dw07;dw08,dw03;dw07;dw08,105,1,2026-09-01T12:36:04.644+0200,dw05,4B92,185,2413,54,-575,2344,2.02,72235
ground-height-4m-20260830-222436,d024m_r180_run01.csv,4,24,180,dw00;dw01;dw02;dw03;dw04;dw05;dw06;dw07;dw08,dw00;dw01;dw02;dw03;dw04;dw05;dw06;dw07;dw08,dw03;dw07;dw08,35,1,2026-09-01T12:36:04.714+0200,dw01,1729,133,2406,-120,2167,1045,1.75,42358
ground-height-4m-20260830-222436,d024m_r180_run01.csv,4,24,180,dw00;dw01;dw02;dw03;dw04;dw05;dw06;dw07;dw08,dw00;dw01;dw02;dw03;dw04;dw05;dw06;dw07;dw08,dw03;dw07;dw08,125,1,2026-09-01T12:36:04.754+0200,dw06,0789,43,2393,-38,-1939,1402,1.57,82336
ground-height-4m-20260830-222436,d024m_r180_run01.csv,4,24,180,dw00;dw01;dw02;dw03;dw04;dw05;dw06;dw07;dw08,dw00;dw01;dw02;dw03;dw04;dw05;dw06;dw07;dw08,dw03;dw07;dw08,15,1,2026-09-01T12:36:04.804+0200,dw00,8103,139,2420,-156,1650,1770,3.90,32226
ground-height-4m-20260830-222436,d024m_r180_run01.csv,4,24,180,dw00;dw01;dw02;dw03;dw04;dw05;dw06;dw07;dw08,dw00;dw01;dw02;dw03;dw04;dw05;dw06;dw07;dw08,dw03;dw07;dw08,105,1,2026-09-01T12:36:04.844+0200,dw05,4B92,186,2412,48,-659,2321,2.08,72265
ground-height-4m-20260830-222436,d024m_r180_run01.csv,4,24,180,dw00;dw01;dw02;dw03;dw04;dw05;dw06;dw07;dw08,dw00;dw01;dw02;dw03;dw04;dw05;dw06;dw07;dw08,dw03;dw07;dw08,90,1,2026-09-01T12:36:04.866+0200,dw04,0F85,84,2397,8,-1247,2047,2.26,93322
ground-height-4m-20260830-222436,d024m_r180_run01.csv,4,24,180,dw00;dw01;dw02;dw03;dw04;dw05;dw06;dw07;dw08,dw00;dw01;dw02;dw03;dw04;dw05;dw06;dw07;dw08,dw03;dw07;dw08,35,1,2026-09-01T12:36:04.914+0200,dw01,1729,134,2405,-128,2055,1250,1.81,42358
ground-height-4m-20260830-222436,d024m_r180_run01.csv,4,24,180,dw00;dw01;dw02;dw03;dw04;dw05;dw06;dw07;dw08,dw00;dw01;dw02;dw03;dw04;dw05;dw06;dw07;dw08,dw03;dw07;dw08,125,1,2026-09-01T12:36:04.954+0200,dw06,0789,44,2398,-35,-1891,1474,1.63,82305
ground-height-4m-20260830-222436,d024m_r180_run01.csv,4,24,180,dw00;dw01;dw02;dw03;dw04;dw05;dw06;dw07;dw08,dw00;dw01;dw02;dw03;dw04;dw05;dw06;dw07;dw08,dw03;dw07;dw08,15,1,2026-09-01T12:36:05.004+0200,dw00,8103,140,2418,174,1209,2094,3.69,32226
ground-height-4m-20260830-222436,d024m_r180_run01.csv,4,24,180,dw00;dw01;dw02;dw03;dw04;dw05;dw06;dw07;dw08,dw00;dw01;dw02;dw03;dw04;dw05;dw06;dw07;dw08,dw03;dw07;dw08,105,1,2026-09-01T12:36:05.044+0200,dw05,4B92,187,2413,42,-752,2293,2.20,72265
ground-height-4m-20260830-222436,d024m_r180_run01.csv,4,24,180,dw00;dw01;dw02;dw03;dw04;dw05;dw06;dw07;dw08,dw00;dw01;dw02;dw03;dw04;dw05;dw06;dw07;dw08,dw03;dw07;dw08,125,1,2026-09-01T12:36:05.155+0200,dw06,0789,45,2393,-44,-2019,1284,1.69,82305
ground-height-4m-20260830-222436,d024m_r180_run01.csv,4,24,180,dw00;dw01;dw02;dw03;dw04;dw05;dw06;dw07;dw08,dw00;dw01;dw02;dw03;dw04;dw05;dw06;dw07;dw08,dw03;dw07;dw08,15,1,2026-09-01T12:36:05.204+0200,dw00,8103,141,2415,-147,1782,1631,4.08,32196
ground-height-4m-20260830-222436,d024m_r180_run01.csv,4,24,180,dw00;dw01;dw02;dw03;dw04;dw05;dw06;dw07;dw08,dw00;dw01;dw02;dw03;dw04;dw05;dw06;dw07;dw08,dw03;dw07;dw08,105,1,2026-09-01T12:36:05.244+0200,dw05,4B92,188,2412,43,-734,2298,2.14,72235
ground-height-4m-20260830-222436,d024m_r180_run01.csv,4,24,180,dw00;dw01;dw02;dw03;dw04;dw05;dw06;dw07;dw08,dw00;dw01;dw02;dw03;dw04;dw05;dw06;dw07;dw08,dw03;dw07;dw08,35,1,2026-09-01T12:36:05.314+0200,dw01,1729,136,2402,-133,1978,1362,1.75,42327
ground-height-4m-20260830-222436,d024m_r180_run01.csv,4,24,180,dw00;dw01;dw02;dw03;dw04;dw05;dw06;dw07;dw08,dw00;dw01;dw02;dw03;dw04;dw05;dw06;dw07;dw08,dw03;dw07;dw08,125,1,2026-09-01T12:36:05.354+0200,dw06,0789,46,2401,-29,-1806,1581,1.69,82305
ground-height-4m-20260830-222436,d024m_r180_run01.csv,4,24,180,dw00;dw01;dw02;dw03;dw04;dw05;dw06;dw07;dw08,dw00;dw01;dw02;dw03;dw04;dw05;dw06;dw07;dw08,dw03;dw07;dw08,90,1,2026-09-01T12:36:05.434+0200,dw04,0F85,87,2397,-6,-1462,1900,2.02,62255
ground-height-4m-20260830-222436,d024m_r180_run01.csv,4,24,180,dw00;dw01;dw02;dw03;dw04;dw05;dw06;dw07;dw08,dw00;dw01;dw02;dw03;dw04;dw05;dw06;dw07;dw08,dw03;dw07;dw08,105,1,2026-09-01T12:36:05.444+0200,dw05,4B92,189,2412,49,-646,2324,2.08,72235
ground-height-4m-20260830-222436,d024m_r180_run01.csv,4,24,180,dw00;dw01;dw02;dw03;dw04;dw05;dw06;dw07;dw08,dw00;dw01;dw02;dw03;dw04;dw05;dw06;dw07;dw08,dw03;dw07;dw08,35,1,2026-09-01T12:36:05.514+0200,dw01,1729,137,2408,-129,2043,1273,1.69,42327
ground-height-4m-20260830-222436,d024m_r180_run01.csv,4,24,180,dw00;dw01;dw02;dw03;dw04;dw05;dw06;dw07;dw08,dw00;dw01;dw02;dw03;dw04;dw05;dw06;dw07;dw08,dw03;dw07;dw08,125,1,2026-09-01T12:36:05.554+0200,dw06,0789,47,2398,-40,-1973,1363,1.75,82305
ground-height-4m-20260830-222436,d024m_r180_run01.csv,4,24,180,dw00;dw01;dw02;dw03;dw04;dw05;dw06;dw07;dw08,dw00;dw01;dw02;dw03;dw04;dw05;dw06;dw07;dw08,dw03;dw07;dw08,15,1,2026-09-01T12:36:05.604+0200,dw00,8103,143,2420,179,1283,2052,3.90,32257
ground-height-4m-20260830-222436,d024m_r180_run01.csv,4,24,180,dw00;dw01;dw02;dw03;dw04;dw05;dw06;dw07;dw08,dw00;dw01;dw02;dw03;dw04;dw05;dw06;dw07;dw08,dw03;dw07;dw08,90,1,2026-09-01T12:36:05.634+0200,dw04,0F85,88,2400,10,-1215,2069,2.02,62316
ground-height-4m-20260830-222436,d024m_r180_run01.csv,4,24,180,dw00;dw01;dw02;dw03;dw04;dw05;dw06;dw07;dw08,dw00;dw01;dw02;dw03;dw04;dw05;dw06;dw07;dw08,dw03;dw07;dw08,105,1,2026-09-01T12:36:05.644+0200,dw05,4B92,190,2412,48,-665,2318,2.14,72296
ground-height-4m-20260830-222436,d024m_r180_run01.csv,4,24,180,dw00;dw01;dw02;dw03;dw04;dw05;dw06;dw07;dw08,dw00;dw01;dw02;dw03;dw04;dw05;dw06;dw07;dw08,dw03;dw07;dw08,35,1,2026-09-01T12:36:05.714+0200,dw01,1729,138,2406,-121,2152,1076,1.69,42327
ground-height-4m-20260830-222436,d024m_r180_run01.csv,4,24,180,dw00;dw01;dw02;dw03;dw04;dw05;dw06;dw07;dw08,dw00;dw01;dw02;dw03;dw04;dw05;dw06;dw07;dw08,dw03;dw07;dw08,125,1,2026-09-01T12:36:05.754+0200,dw06,0789,48,2395,-39,-1946,1395,1.63,82336
ground-height-4m-20260830-222436,d024m_r180_run01.csv,4,24,180,dw00;dw01;dw02;dw03;dw04;dw05;dw06;dw07;dw08,dw00;dw01;dw02;dw03;dw04;dw05;dw06;dw07;dw08,dw03;dw07;dw08,105,1,2026-09-01T12:36:05.844+0200,dw05,4B92,191,2413,46,-685,2314,2.14,72265
ground-height-4m-20260830-222436,d024m_r180_run01.csv,4,24,180,dw00;dw01;dw02;dw03;dw04;dw05;dw06;dw07;dw08,dw00;dw01;dw02;dw03;dw04;dw05;dw06;dw07;dw08,dw03;dw07;dw08,125,1,2026-09-01T12:36:05.954+0200,dw06,0789,49,2392,-44,-2026,1272,1.69,82305
ground-height-4m-20260830-222436,d024m_r180_run01.csv,4,24,180,dw00;dw01;dw02;dw03;dw04;dw05;dw06;dw07;dw08,dw00;dw01;dw02;dw03;dw04;dw05;dw06;dw07;dw08,dw03;dw07;dw08,15,1,2026-09-01T12:36:06.004+0200,dw00,8103,145,2419,179,1293,2044,4.02,32226
ground-height-4m-20260830-222436,d024m_r180_run01.csv,4,24,180,dw00;dw01;dw02;dw03;dw04;dw05;dw06;dw07;dw08,dw00;dw01;dw02;dw03;dw04;dw05;dw06;dw07;dw08,dw03;dw07;dw08,105,1,2026-09-01T12:36:06.044+0200,dw05,4B92,192,2413,46,-687,2313,2.08,72235
ground-height-4m-20260830-222436,d024m_r180_run01.csv,4,24,180,dw00;dw01;dw02;dw03;dw04;dw05;dw06;dw07;dw08,dw00;dw01;dw02;dw03;dw04;dw05;dw06;dw07;dw08,dw03;dw07;dw08,35,1,2026-09-01T12:36:06.114+0200,dw01,1729,140,2403,-124,2102,1163,1.75,42327
ground-height-4m-20260830-222436,d024m_r180_run01.csv,4,24,180,dw00;dw01;dw02;dw03;dw04;dw05;dw06;dw07;dw08,dw00;dw01;dw02;dw03;dw04;dw05;dw06;dw07;dw08,dw03;dw07;dw08,125,1,2026-09-01T12:36:06.154+0200,dw06,0789,50,2397,-50,-2121,1116,1.69,82305
ground-height-4m-20260830-222436,d024m_r180_run01.csv,4,24,180,dw00;dw01;dw02;dw03;dw04;dw05;dw06;dw07;dw08,dw00;dw01;dw02;dw03;dw04;dw05;dw06;dw07;dw08,dw03;dw07;dw08,90,1,2026-09-01T12:36:06.234+0200,dw04,0F85,91,2391,8,-1237,2046,1.99,62255
ground-height-4m-20260830-222436,d024m_r180_run01.csv,4,24,180,dw00;dw01;dw02;dw03;dw04;dw05;dw06;dw07;dw08,dw00;dw01;dw02;dw03;dw04;dw05;dw06;dw07;dw08,dw03;dw07;dw08,105,1,2026-09-01T12:36:06.243+0200,dw05,4B92,193,2415,57,-533,2356,2.08,72235
ground-height-4m-20260830-222436,d024m_r180_run01.csv,4,24,180,dw00;dw01;dw02;dw03;dw04;dw05;dw06;dw07;dw08,dw00;dw01;dw02;dw03;dw04;dw05;dw06;dw07;dw08,dw03;dw07;dw08,35,1,2026-09-01T12:36:06.314+0200,dw01,1729,141,2404,-115,2243,865,1.81,42358
ground-height-4m-20260830-222436,d024m_r180_run01.csv,4,24,180,dw00;dw01;dw02;dw03;dw04;dw05;dw06;dw07;dw08,dw00;dw01;dw02;dw03;dw04;dw05;dw06;dw07;dw08,dw03;dw07;dw08,125,1,2026-09-01T12:36:06.354+0200,dw06,0789,51,2397,-44,-2031,1272,1.69,82305
ground-height-4m-20260830-222436,d024m_r180_run01.csv,4,24,180,dw00;dw01;dw02;dw03;dw04;dw05;dw06;dw07;dw08,dw00;dw01;dw02;dw03;dw04;dw05;dw06;dw07;dw08,dw03;dw07;dw08,15,1,2026-09-01T12:36:06.404+0200,dw00,8103,147,2412,-178,1318,2020,4.02,32257
ground-height-4m-20260830-222436,d024m_r180_run01.csv,4,24,180,dw00;dw01;dw02;dw03;dw04;dw05;dw06;dw07;dw08,dw00;dw01;dw02;dw03;dw04;dw05;dw06;dw07;dw08,dw03;dw07;dw08,90,1,2026-09-01T12:36:06.434+0200,dw04,0F85,92,2394,5,-1287,2019,1.99,62225
ground-height-4m-20260830-222436,d024m_r180_run01.csv,4,24,180,dw00;dw01;dw02;dw03;dw04;dw05;dw06;dw07;dw08,dw00;dw01;dw02;dw03;dw04;dw05;dw06;dw07;dw08,dw03;dw07;dw08,105,1,2026-09-01T12:36:06.444+0200,dw05,4B92,194,2417,41,-766,2292,2.14,72235
ground-height-4m-20260830-222436,d024m_r180_run01.csv,4,24,180,dw00;dw01;dw02;dw03;dw04;dw05;dw06;dw07;dw08,dw00;dw01;dw02;dw03;dw04;dw05;dw06;dw07;dw08,dw03;dw07;dw08,35,1,2026-09-01T12:36:06.514+0200,dw01,1729,142,2409,-127,2074,1226,1.87,42388
ground-height-4m-20260830-222436,d024m_r180_run01.csv,4,24,180,dw00;dw01;dw02;dw03;dw04;dw05;dw06;dw07;dw08,dw00;dw01;dw02;dw03;dw04;dw05;dw06;dw07;dw08,dw03;dw07;dw08,125,1,2026-09-01T12:36:06.554+0200,dw06,0789,52,2397,-44,-2032,1270,1.69,82305
ground-height-4m-20260830-222436,d024m_r180_run01.csv,4,24,180,dw00;dw01;dw02;dw03;dw04;dw05;dw06;dw07;dw08,dw00;dw01;dw02;dw03;dw04;dw05;dw06;dw07;dw08,dw03;dw07;dw08,15,1,2026-09-01T12:36:06.604+0200,dw00,8103,148,2418,-173,1393,1976,4.02,32226
ground-height-4m-20260830-222436,d024m_r180_run01.csv,4,24,180,dw00;dw01;dw02;dw03;dw04;dw05;dw06;dw07;dw08,dw00;dw01;dw02;dw03;dw04;dw05;dw06;dw07;dw08,dw03;dw07;dw08,90,1,2026-09-01T12:36:06.634+0200,dw04,0F85,93,2398,0,-1375,1965,2.02,62255
ground-height-4m-20260830-222436,d024m_r180_run01.csv,4,24,180,dw00;dw01;dw02;dw03;dw04;dw05;dw06;dw07;dw08,dw00;dw01;dw02;dw03;dw04;dw05;dw06;dw07;dw08,dw03;dw07;dw08,105,1,2026-09-01T12:36:06.644+0200,dw05,4B92,195,2414,58,-516,2358,2.08,72235
ground-height-4m-20260830-222436,d024m_r180_run01.csv,4,24,180,dw00;dw01;dw02;dw03;dw04;dw05;dw06;dw07;dw08,dw00;dw01;dw02;dw03;dw04;dw05;dw06;dw07;dw08,dw03;dw07;dw08,35,1,2026-09-01T12:36:06.714+0200,dw01,1729,143,2407,-129,2036,1284,1.75,42358
ground-height-4m-20260830-222436,d024m_r180_run01.csv,4,24,180,dw00;dw01;dw02;dw03;dw04;dw05;dw06;dw07;dw08,dw00;dw01;dw02;dw03;dw04;dw05;dw06;dw07;dw08,dw03;dw07;dw08,125,1,2026-09-01T12:36:06.754+0200,dw06,0789,53,2398,-34,-1885,1482,1.63,82305
ground-height-4m-20260830-222436,d024m_r180_run01.csv,4,24,180,dw00;dw01;dw02;dw03;dw04;dw05;dw06;dw07;dw08,dw00;dw01;dw02;dw03;dw04;dw05;dw06;dw07;dw08,dw03;dw07;dw08,15,1,2026-09-01T12:36:06.804+0200,dw00,8103,149,2414,-166,1489,1900,3.78,32226
ground-height-4m-20260830-222436,d024m_r180_run01.csv,4,24,180,dw00;dw01;dw02;dw03;dw04;dw05;dw06;dw07;dw08,dw00;dw01;dw02;dw03;dw04;dw05;dw06;dw07;dw08,dw03;dw07;dw08,90,1,2026-09-01T12:36:06.833+0200,dw04,0F85,94,2393,6,-1271,2027,2.02,62286
ground-height-4m-20260830-222436,d024m_r180_run01.csv,4,24,180,dw00;dw01;dw02;dw03;dw04;dw05;dw06;dw07;dw08,dw00;dw01;dw02;dw03;dw04;dw05;dw06;dw07;dw08,dw03;dw07;dw08,105,1,2026-09-01T12:36:06.844+0200,dw05,4B92,196,2414,47,-670,2319,2.14,72265
ground-height-4m-20260830-222436,d024m_r180_run01.csv,4,24,180,dw00;dw01;dw02;dw03;dw04;dw05;dw06;dw07;dw08,dw00;dw01;dw02;dw03;dw04;dw05;dw06;dw07;dw08,dw03;dw07;dw08,125,1,2026-09-01T12:36:06.953+0200,dw06,0789,54,2399,-43,-2019,1297,1.75,82305
ground-height-4m-20260830-222436,d024m_r180_run01.csv,4,24,180,dw00;dw01;dw02;dw03;dw04;dw05;dw06;dw07;dw08,dw00;dw01;dw02;dw03;dw04;dw05;dw06;dw07;dw08,dw03;dw07;dw08,15,1,2026-09-01T12:36:07.003+0200,dw00,8103,150,2419,172,1182,2110,4.02,32287
ground-height-4m-20260830-222436,d024m_r180_run01.csv,4,24,180,dw00;dw01;dw02;dw03;dw04;dw05;dw06;dw07;dw08,dw00;dw01;dw02;dw03;dw04;dw05;dw06;dw07;dw08,dw03;dw07;dw08,90,1,2026-09-01T12:36:07.033+0200,dw04,0F85,95,2398,13,-1176,2090,1.99,62316
ground-height-4m-20260830-222436,d024m_r180_run01.csv,4,24,180,dw00;dw01;dw02;dw03;dw04;dw05;dw06;dw07;dw08,dw00;dw01;dw02;dw03;dw04;dw05;dw06;dw07;dw08,dw03;dw07;dw08,105,1,2026-09-01T12:36:07.043+0200,dw05,4B92,197,2415,44,-719,2306,2.08,72235
ground-height-4m-20260830-222436,d024m_r180_run01.csv,4,24,180,dw00;dw01;dw02;dw03;dw04;dw05;dw06;dw07;dw08,dw00;dw01;dw02;dw03;dw04;dw05;dw06;dw07;dw08,dw03;dw07;dw08,125,1,2026-09-01T12:36:07.154+0200,dw06,0789,55,2396,-38,-1943,1401,1.75,82305
ground-height-4m-20260830-222436,d024m_r180_run01.csv,4,24,180,dw00;dw01;dw02;dw03;dw04;dw05;dw06;dw07;dw08,dw00;dw01;dw02;dw03;dw04;dw05;dw06;dw07;dw08,dw03;dw07;dw08,15,1,2026-09-01T12:36:07.203+0200,dw00,8103,151,2420,-172,1407,1969,3.90,32226
ground-height-4m-20260830-222436,d024m_r180_run01.csv,4,24,180,dw00;dw01;dw02;dw03;dw04;dw05;dw06;dw07;dw08,dw00;dw01;dw02;dw03;dw04;dw05;dw06;dw07;dw08,dw03;dw07;dw08,90,1,2026-09-01T12:36:07.234+0200,dw04,0F85,96,2394,1,-1354,1974,2.08,62255
ground-height-4m-20260830-222436,d024m_r180_run01.csv,4,24,180,dw00;dw01;dw02;dw03;dw04;dw05;dw06;dw07;dw08,dw00;dw01;dw02;dw03;dw04;dw05;dw06;dw07;dw08,dw03;dw07;dw08,35,1,2026-09-01T12:36:07.314+0200,dw01,1729,146,2406,-134,1963,1392,1.57,42327
ground-height-4m-20260830-222436,d024m_r180_run01.csv,4,24,180,dw00;dw01;dw02;dw03;dw04;dw05;dw06;dw07;dw08,dw00;dw01;dw02;dw03;dw04;dw05;dw06;dw07;dw08,dw03;dw07;dw08,125,1,2026-09-01T12:36:07.354+0200,dw06,0789,56,2394,-43,-2006,1305,1.63,82336
ground-height-4m-20260830-222436,d024m_r180_run01.csv,4,24,180,dw00;dw01;dw02;dw03;dw04;dw05;dw06;dw07;dw08,dw00;dw01;dw02;dw03;dw04;dw05;dw06;dw07;dw08,dw03;dw07;dw08,90,1,2026-09-01T12:36:07.434+0200,dw04,0F85,97,2400,0,-1360,1977,1.93,62255
ground-height-4m-20260830-222436,d024m_r180_run01.csv,4,24,180,dw00;dw01;dw02;dw03;dw04;dw05;dw06;dw07;dw08,dw00;dw01;dw02;dw03;dw04;dw05;dw06;dw07;dw08,dw03;dw07;dw08,35,1,2026-09-01T12:36:07.514+0200,dw01,1729,147,2407,-137,1917,1456,1.81,42358
ground-height-4m-20260830-222436,d024m_r180_run01.csv,4,24,180,dw00;dw01;dw02;dw03;dw04;dw05;dw06;dw07;dw08,dw00;dw01;dw02;dw03;dw04;dw05;dw06;dw07;dw08,dw03;dw07;dw08,125,1,2026-09-01T12:36:07.554+0200,dw06,0789,57,2394,-39,-1960,1375,1.75,82305
ground-height-4m-20260830-222436,d024m_r180_run01.csv,4,24,180,dw00;dw01;dw02;dw03;dw04;dw05;dw06;dw07;dw08,dw00;dw01;dw02;dw03;dw04;dw05;dw06;dw07;dw08,dw03;dw07;dw08,15,1,2026-09-01T12:36:07.604+0200,dw00,8103,153,2422,-177,1335,2020,3.78,32257
ground-height-4m-20260830-222436,d024m_r180_run01.csv,4,24,180,dw00;dw01;dw02;dw03;dw04;dw05;dw06;dw07;dw08,dw00;dw01;dw02;dw03;dw04;dw05;dw06;dw07;dw08,dw03;dw07;dw08,90,1,2026-09-01T12:36:07.633+0200,dw04,0F85,98,2398,0,-1360,1975,2.08,62255
ground-height-4m-20260830-222436,d024m_r180_run01.csv,4,24,180,dw00;dw01;dw02;dw03;dw04;dw05;dw06;dw07;dw08,dw00;dw01;dw02;dw03;dw04;dw05;dw06;dw07;dw08,dw03;dw07;dw08,35,1,2026-09-01T12:36:07.713+0200,dw01,1729,148,2409,-129,2033,1293,1.87,42327
ground-height-4m-20260830-222436,d024m_r180_run01.csv,4,24,180,dw00;dw01;dw02;dw03;dw04;dw05;dw06;dw07;dw08,dw00;dw01;dw02;dw03;dw04;dw05;dw06;dw07;dw08,dw03;dw07;dw08,125,1,2026-09-01T12:36:07.753+0200,dw06,0789,58,2396,-40,-1969,1364,1.69,82305
ground-height-4m-20260830-222436,d024m_r180_run01.csv,4,24,180,dw00;dw01;dw02;dw03;dw04;dw05;dw06;dw07;dw08,dw00;dw01;dw02;dw03;dw04;dw05;dw06;dw07;dw08,dw03;dw07;dw08,90,1,2026-09-01T12:36:07.833+0200,dw04,0F85,99,2396,16,-1128,2114,1.93,62255
ground-height-4m-20260830-222436,d024m_r180_run01.csv,4,24,180,dw00;dw01;dw02;dw03;dw04;dw05;dw06;dw07;dw08,dw00;dw01;dw02;dw03;dw04;dw05;dw06;dw07;dw08,dw03;dw07;dw08,35,1,2026-09-01T12:36:07.913+0200,dw01,1729,149,2405,-127,2074,1219,1.75,42358
ground-height-4m-20260830-222436,d024m_r180_run01.csv,4,24,180,dw00;dw01;dw02;dw03;dw04;dw05;dw06;dw07;dw08,dw00;dw01;dw02;dw03;dw04;dw05;dw06;dw07;dw08,dw03;dw07;dw08,125,1,2026-09-01T12:36:07.953+0200,dw06,0789,59,2396,-46,-2055,1230,1.75,82305
ground-height-4m-20260830-222436,d024m_r180_run01.csv,4,24,180,dw00;dw01;dw02;dw03;dw04;dw05;dw06;dw07;dw08,dw00;dw01;dw02;dw03;dw04;dw05;dw06;dw07;dw08,dw03;dw07;dw08,90,1,2026-09-01T12:36:08.033+0200,dw04,0F85,100,2398,-4,-1443,1916,1.93,62255
ground-height-4m-20260830-222436,d024m_r180_run01.csv,4,24,180,dw00;dw01;dw02;dw03;dw04;dw05;dw06;dw07;dw08,dw00;dw01;dw02;dw03;dw04;dw05;dw06;dw07;dw08,dw03;dw07;dw08,125,1,2026-09-01T12:36:08.153+0200,dw06,0789,60,2396,-46,-2064,1216,1.69,82305
ground-height-4m-20260830-222436,d024m_r180_run01.csv,4,24,180,dw00;dw01;dw02;dw03;dw04;dw05;dw06;dw07;dw08,dw00;dw01;dw02;dw03;dw04;dw05;dw06;dw07;dw08,dw03;dw07;dw08,15,1,2026-09-01T12:36:08.203+0200,dw00,8103,156,2415,-155,1663,1752,3.96,32226
ground-height-4m-20260830-222436,d024m_r180_run01.csv,4,24,180,dw00;dw01;dw02;dw03;dw04;dw05;dw06;dw07;dw08,dw00;dw01;dw02;dw03;dw04;dw05;dw06;dw07;dw08,dw03;dw07;dw08,90,1,2026-09-01T12:36:08.234+0200,dw04,0F85,101,2397,3,-1315,2003,1.93,62286
ground-height-4m-20260830-222436,d024m_r180_run01.csv,4,24,180,dw00;dw01;dw02;dw03;dw04;dw05;dw06;dw07;dw08,dw00;dw01;dw02;dw03;dw04;dw05;dw06;dw07;dw08,dw03;dw07;dw08,35,1,2026-09-01T12:36:08.329+0200,dw01,1729,151,2408,-133,1987,1360,1.93,58197
ground-height-4m-20260830-222436,d024m_r180_run01.csv,4,24,180,dw00;dw01;dw02;dw03;dw04;dw05;dw06;dw07;dw08,dw00;dw01;dw02;dw03;dw04;dw05;dw06;dw07;dw08,dw03;dw07;dw08,125,1,2026-09-01T12:36:08.354+0200,dw06,0789,61,2397,-44,-2027,1279,1.69,82305
ground-height-4m-20260830-222436,d024m_r180_run01.csv,4,24,180,dw00;dw01;dw02;dw03;dw04;dw05;dw06;dw07;dw08,dw00;dw01;dw02;dw03;dw04;dw05;dw06;dw07;dw08,dw03;dw07;dw08,90,1,2026-09-01T12:36:08.433+0200,dw04,0F85,102,2396,-8,-1499,1869,2.02,62225
ground-height-4m-20260830-222436,d024m_r180_run01.csv,4,24,180,dw00;dw01;dw02;dw03;dw04;dw05;dw06;dw07;dw08,dw00;dw01;dw02;dw03;dw04;dw05;dw06;dw07;dw08,dw03;dw07;dw08,35,1,2026-09-01T12:36:08.513+0200,dw01,1729,152,2411,-141,1868,1524,1.81,42419
ground-height-4m-20260830-222436,d024m_r180_run01.csv,4,24,180,dw00;dw01;dw02;dw03;dw04;dw05;dw06;dw07;dw08,dw00;dw01;dw02;dw03;dw04;dw05;dw06;dw07;dw08,dw03;dw07;dw08,125,1,2026-09-01T12:36:08.553+0200,dw06,0789,62,2399,-31,-1835,1545,1.63,82336
ground-height-4m-20260830-222436,d024m_r180_run01.csv,4,24,180,dw00;dw01;dw02;dw03;dw04;dw05;dw06;dw07;dw08,dw00;dw01;dw02;dw03;dw04;dw05;dw06;dw07;dw08,dw03;dw07;dw08,15,1,2026-09-01T12:36:08.603+0200,dw00,8103,158,2420,-143,1836,1576,3.90,32226
ground-height-4m-20260830-222436,d024m_r180_run01.csv,4,24,180,dw00;dw01;dw02;dw03;dw04;dw05;dw06;dw07;dw08,dw00;dw01;dw02;dw03;dw04;dw05;dw06;dw07;dw08,dw03;dw07;dw08,90,1,2026-09-01T12:36:08.633+0200,dw04,0F85,103,2400,-3,-1428,1929,1.93,62316
ground-height-4m-20260830-222436,d024m_r180_run01.csv,4,24,180,dw00;dw01;dw02;dw03;dw04;dw05;dw06;dw07;dw08,dw00;dw01;dw02;dw03;dw04;dw05;dw06;dw07;dw08,dw03;dw07;dw08,125,1,2026-09-01T12:36:08.753+0200,dw06,0789,63,2398,-46,-2060,1227,1.63,82305
ground-height-4m-20260830-222436,d024m_r180_run01.csv,4,24,180,dw00;dw01;dw02;dw03;dw04;dw05;dw06;dw07;dw08,dw00;dw01;dw02;dw03;dw04;dw05;dw06;dw07;dw08,dw03;dw07;dw08,15,1,2026-09-01T12:36:08.803+0200,dw00,8103,159,2423,-166,1503,1900,3.96,32257
ground-height-4m-20260830-222436,d024m_r180_run01.csv,4,24,180,dw00;dw01;dw02;dw03;dw04;dw05;dw06;dw07;dw08,dw00;dw01;dw02;dw03;dw04;dw05;dw06;dw07;dw08,dw03;dw07;dw08,90,1,2026-09-01T12:36:08.833+0200,dw04,0F85,104,2398,17,-1118,2122,1.99,62255
ground-height-4m-20260830-222436,d024m_r180_run01.csv,4,24,180,dw00;dw01;dw02;dw03;dw04;dw05;dw06;dw07;dw08,dw00;dw01;dw02;dw03;dw04;dw05;dw06;dw07;dw08,dw03;dw07;dw08,35,1,2026-09-01T12:36:08.913+0200,dw01,1729,154,2409,-140,1871,1517,1.63,42388
ground-height-4m-20260830-222436,d024m_r180_run01.csv,4,24,180,dw00;dw01;dw02;dw03;dw04;dw05;dw06;dw07;dw08,dw00;dw01;dw02;dw03;dw04;dw05;dw06;dw07;dw08,dw03;dw07;dw08,125,1,2026-09-01T12:36:08.953+0200,dw06,0789,64,2398,-32,-1848,1528,1.75,82305
ground-height-4m-20260830-222436,d024m_r180_run01.csv,4,24,180,dw00;dw01;dw02;dw03;dw04;dw05;dw06;dw07;dw08,dw00;dw01;dw02;dw03;dw04;dw05;dw06;dw07;dw08,dw03;dw07;dw08,90,1,2026-09-01T12:36:09.033+0200,dw04,0F85,105,2395,6,-1272,2028,1.93,62286
ground-height-4m-20260830-222436,d024m_r180_run01.csv,4,24,180,dw00;dw01;dw02;dw03;dw04;dw05;dw06;dw07;dw08,dw00;dw01;dw02;dw03;dw04;dw05;dw06;dw07;dw08,dw03;dw07;dw08,15,1,2026-09-01T12:36:09.203+0200,dw00,8103,161,2415,-167,1487,1903,4.02,32257
ground-height-4m-20260830-222436,d024m_r180_run01.csv,4,24,180,dw00;dw01;dw02;dw03;dw04;dw05;dw06;dw07;dw08,dw00;dw01;dw02;dw03;dw04;dw05;dw06;dw07;dw08,dw03;dw07;dw08,90,1,2026-09-01T12:36:09.232+0200,dw04,0F85,106,2397,18,-1105,2128,1.93,62255
ground-height-4m-20260830-222436,d024m_r180_run01.csv,4,24,180,dw00;dw01;dw02;dw03;dw04;dw05;dw06;dw07;dw08,dw00;dw01;dw02;dw03;dw04;dw05;dw06;dw07;dw08,dw03;dw07;dw08,35,1,2026-09-01T12:36:09.313+0200,dw01,1729,156,2407,-137,1921,1450,1.63,42327
ground-height-4m-20260830-222436,d024m_r180_run01.csv,4,24,180,dw00;dw01;dw02;dw03;dw04;dw05;dw06;dw07;dw08,dw00;dw01;dw02;dw03;dw04;dw05;dw06;dw07;dw08,dw03;dw07;dw08,15,1,2026-09-01T12:36:09.402+0200,dw00,8103,162,2418,-174,1382,1984,3.90,32196
ground-height-4m-20260830-222436,d024m_r180_run01.csv,4,24,180,dw00;dw01;dw02;dw03;dw04;dw05;dw06;dw07;dw08,dw00;dw01;dw02;dw03;dw04;dw05;dw06;dw07;dw08,dw03;dw07;dw08,90,1,2026-09-01T12:36:09.433+0200,dw04,0F85,107,2400,21,-1056,2155,1.93,62255
ground-height-4m-20260830-222436,d024m_r180_run01.csv,4,24,180,dw00;dw01;dw02;dw03;dw04;dw05;dw06;dw07;dw08,dw00;dw01;dw02;dw03;dw04;dw05;dw06;dw07;dw08,dw03;dw07;dw08,35,1,2026-09-01T12:36:09.513+0200,dw01,1729,157,2407,-113,2273,793,1.81,42327
ground-height-4m-20260830-222436,d024m_r180_run01.csv,4,24,180,dw00;dw01;dw02;dw03;dw04;dw05;dw06;dw07;dw08,dw00;dw01;dw02;dw03;dw04;dw05;dw06;dw07;dw08,dw03;dw07;dw08,15,1,2026-09-01T12:36:09.603+0200,dw00,8103,163,2416,-152,1703,1714,4.02,32226
ground-height-4m-20260830-222436,d024m_r180_run01.csv,4,24,180,dw00;dw01;dw02;dw03;dw04;dw05;dw06;dw07;dw08,dw00;dw01;dw02;dw03;dw04;dw05;dw06;dw07;dw08,dw03;dw07;dw08,90,1,2026-09-01T12:36:09.633+0200,dw04,0F85,108,2395,12,-1181,2084,1.87,62286
ground-height-4m-20260830-222436,d024m_r180_run01.csv,4,24,180,dw00;dw01;dw02;dw03;dw04;dw05;dw06;dw07;dw08,dw00;dw01;dw02;dw03;dw04;dw05;dw06;dw07;dw08,dw03;dw07;dw08,35,1,2026-09-01T12:36:09.713+0200,dw01,1729,158,2408,-128,2051,1261,1.75,42327
ground-height-4m-20260830-222436,d024m_r180_run01.csv,4,24,180,dw00;dw01;dw02;dw03;dw04;dw05;dw06;dw07;dw08,dw00;dw01;dw02;dw03;dw04;dw05;dw06;dw07;dw08,dw03;dw07;dw08,15,1,2026-09-01T12:36:09.804+0200,dw00,8103,164,2419,-157,1636,1781,4.14,32257
ground-height-4m-20260830-222436,d024m_r180_run01.csv,4,24,180,dw00;dw01;dw02;dw03;dw04;dw05;dw06;dw07;dw08,dw00;dw01;dw02;dw03;dw04;dw05;dw06;dw07;dw08,dw03;dw07;dw08,35,1,2026-09-01T12:36:09.913+0200,dw01,1729,159,2404,-121,2157,1060,1.81,42358
ground-height-4m-20260830-222436,d024m_r180_run01.csv,4,24,180,dw00;dw01;dw02;dw03;dw04;dw05;dw06;dw07;dw08,dw00;dw01;dw02;dw03;dw04;dw05;dw06;dw07;dw08,dw03;dw07;dw08,15,1,2026-09-01T12:36:10.003+0200,dw00,8103,165,2414,-140,1886,1506,3.90,32226
ground-height-4m-20260830-222436,d024m_r180_run01.csv,4,24,180,dw00;dw01;dw02;dw03;dw04;dw05;dw06;dw07;dw08,dw00;dw01;dw02;dw03;dw04;dw05;dw06;dw07;dw08,dw03;dw07;dw08,90,1,2026-09-01T12:36:10.048+0200,dw04,0F85,110,2391,-9,-1503,1860,2.08,77789
ground-height-4m-20260830-222436,d024m_r180_run01.csv,4,24,180,dw00;dw01;dw02;dw03;dw04;dw05;dw06;dw07;dw08,dw00;dw01;dw02;dw03;dw04;dw05;dw06;dw07;dw08,dw03;dw07;dw08,35,1,2026-09-01T12:36:10.113+0200,dw01,1729,160,2405,-148,1760,1640,1.75,42327
ground-height-4m-20260830-222436,d024m_r180_run01.csv,4,24,180,dw00;dw01;dw02;dw03;dw04;dw05;dw06;dw07;dw08,dw00;dw01;dw02;dw03;dw04;dw05;dw06;dw07;dw08,dw03;dw07;dw08,90,1,2026-09-01T12:36:10.233+0200,dw04,0F85,111,2404,11,-1201,2082,1.93,62316
ground-height-4m-20260830-222436,d024m_r180_run01.csv,4,24,180,dw00;dw01;dw02;dw03;dw04;dw05;dw06;dw07;dw08,dw00;dw01;dw02;dw03;dw04;dw05;dw06;dw07;dw08,dw03;dw07;dw08,35,1,2026-09-01T12:36:10.313+0200,dw01,1729,161,2408,-114,2255,846,1.69,42327
ground-height-4m-20260830-222436,d024m_r180_run01.csv,4,24,180,dw00;dw01;dw02;dw03;dw04;dw05;dw06;dw07;dw08,dw00;dw01;dw02;dw03;dw04;dw05;dw06;dw07;dw08,dw03;dw07;dw08,15,1,2026-09-01T12:36:10.419+0200,dw00,8103,167,2414,13,-1182,2105,4.08,47851
ground-height-4m-20260830-222436,d024m_r180_run01.csv,4,24,180,dw00;dw01;dw02;dw03;dw04;dw05;dw06;dw07;dw08,dw00;dw01;dw02;dw03;dw04;dw05;dw06;dw07;dw08,dw03;dw07;dw08,90,1,2026-09-01T12:36:10.433+0200,dw04,0F85,112,2397,5,-1293,2017,1.93,62225
ground-height-4m-20260830-222436,d024m_r180_run01.csv,4,24,180,dw00;dw01;dw02;dw03;dw04;dw05;dw06;dw07;dw08,dw00;dw01;dw02;dw03;dw04;dw05;dw06;dw07;dw08,dw03;dw07;dw08,35,1,2026-09-01T12:36:10.513+0200,dw01,1729,162,2405,-134,1957,1396,1.69,42358
ground-height-4m-20260830-222436,d024m_r180_run01.csv,4,24,180,dw00;dw01;dw02;dw03;dw04;dw05;dw06;dw07;dw08,dw00;dw01;dw02;dw03;dw04;dw05;dw06;dw07;dw08,dw03;dw07;dw08,15,1,2026-09-01T12:36:10.603+0200,dw00,8103,168,2424,-156,1651,1774,3.90,32318
ground-height-4m-20260830-222436,d024m_r180_run01.csv,4,24,180,dw00;dw01;dw02;dw03;dw04;dw05;dw06;dw07;dw08,dw00;dw01;dw02;dw03;dw04;dw05;dw06;dw07;dw08,dw03;dw07;dw08,90,1,2026-09-01T12:36:10.633+0200,dw04,0F85,113,2397,15,-1137,2110,1.93,62255
ground-height-4m-20260830-222436,d024m_r180_run01.csv,4,24,180,dw00;dw01;dw02;dw03;dw04;dw05;dw06;dw07;dw08,dw00;dw01;dw02;dw03;dw04;dw05;dw06;dw07;dw08,dw03;dw07;dw08,35,1,2026-09-01T12:36:10.714+0200,dw01,1729,163,2407,-136,1942,1422,1.69,42327
ground-height-4m-20260830-222436,d024m_r180_run01.csv,4,24,180,dw00;dw01;dw02;dw03;dw04;dw05;dw06;dw07;dw08,dw00;dw01;dw02;dw03;dw04;dw05;dw06;dw07;dw08,dw03;dw07;dw08,15,1,2026-09-01T12:36:10.803+0200,dw00,8103,169,2422,-161,1578,1837,3.90,32226
ground-height-4m-20260830-222436,d024m_r180_run01.csv,4,24,180,dw00;dw01;dw02;dw03;dw04;dw05;dw06;dw07;dw08,dw00;dw01;dw02;dw03;dw04;dw05;dw06;dw07;dw08,dw03;dw07;dw08,90,1,2026-09-01T12:36:10.833+0200,dw04,0F85,114,2405,6,-1284,2032,2.02,62286
ground-height-4m-20260830-222436,d024m_r180_run01.csv,4,24,180,dw00;dw01;dw02;dw03;dw04;dw05;dw06;dw07;dw08,dw00;dw01;dw02;dw03;dw04;dw05;dw06;dw07;dw08,dw03;dw07;dw08,35,1,2026-09-01T12:36:10.913+0200,dw01,1729,164,2411,-115,2251,861,1.63,42327
ground-height-4m-20260830-222436,d024m_r180_run01.csv,4,24,180,dw00;dw01;dw02;dw03;dw04;dw05;dw06;dw07;dw08,dw00;dw01;dw02;dw03;dw04;dw05;dw06;dw07;dw08,dw03;dw07;dw08,90,1,2026-09-01T12:36:11.033+0200,dw04,0F85,115,2394,16,-1119,2116,1.99,62286
ground-height-4m-20260830-222436,d024m_r180_run01.csv,4,24,180,dw00;dw01;dw02;dw03;dw04;dw05;dw06;dw07;dw08,dw00;dw01;dw02;dw03;dw04;dw05;dw06;dw07;dw08,dw03;dw07;dw08,35,1,2026-09-01T12:36:11.113+0200,dw01,1729,165,2405,-120,2163,1050,1.69,42388
ground-height-4m-20260830-222436,d024m_r180_run01.csv,4,24,180,dw00;dw01;dw02;dw03;dw04;dw05;dw06;dw07;dw08,dw00;dw01;dw02;dw03;dw04;dw05;dw06;dw07;dw08,dw03;dw07;dw08,90,1,2026-09-01T12:36:11.233+0200,dw04,0F85,116,2401,-4,-1435,1925,1.81,62255
ground-height-4m-20260830-222436,d024m_r180_run01.csv,4,24,180,dw00;dw01;dw02;dw03;dw04;dw05;dw06;dw07;dw08,dw00;dw01;dw02;dw03;dw04;dw05;dw06;dw07;dw08,dw03;dw07;dw08,35,1,2026-09-01T12:36:11.313+0200,dw01,1729,166,2410,-133,1980,1373,1.63,42327
ground-height-4m-20260830-222436,d024m_r180_run01.csv,4,24,180,dw00;dw01;dw02;dw03;dw04;dw05;dw06;dw07;dw08,dw00;dw01;dw02;dw03;dw04;dw05;dw06;dw07;dw08,dw03;dw07;dw08,15,1,2026-09-01T12:36:11.403+0200,dw00,8103,172,2423,166,1102,2157,3.96,32226
ground-height-4m-20260830-222436,d024m_r180_run01.csv,4,24,180,dw00;dw01;dw02;dw03;dw04;dw05;dw06;dw07;dw08,dw00;dw01;dw02;dw03;dw04;dw05;dw06;dw07;dw08,dw03;dw07;dw08,90,1,2026-09-01T12:36:11.433+0200,dw04,0F85,117,2398,-8,-1492,1878,1.93,62286
ground-height-4m-20260830-222436,d024m_r180_run01.csv,4,24,180,dw00;dw01;dw02;dw03;dw04;dw05;dw06;dw07;dw08,dw00;dw01;dw02;dw03;dw04;dw05;dw06;dw07;dw08,dw03;dw07;dw08,35,1,2026-09-01T12:36:11.513+0200,dw01,1729,167,2401,-115,2244,853,1.69,42297
ground-height-4m-20260830-222436,d024m_r180_run01.csv,4,24,180,dw00;dw01;dw02;dw03;dw04;dw05;dw06;dw07;dw08,dw00;dw01;dw02;dw03;dw04;dw05;dw06;dw07;dw08,dw03;dw07;dw08,15,1,2026-09-01T12:36:11.603+0200,dw00,8103,173,2420,-157,1626,1792,3.78,32226
ground-height-4m-20260830-222436,d024m_r180_run01.csv,4,24,180,dw00;dw01;dw02;dw03;dw04;dw05;dw06;dw07;dw08,dw00;dw01;dw02;dw03;dw04;dw05;dw06;dw07;dw08,dw03;dw07;dw08,90,1,2026-09-01T12:36:11.632+0200,dw04,0F85,118,2400,21,-1059,2154,1.93,62225
ground-height-4m-20260830-222436,d024m_r180_run01.csv,4,24,180,dw00;dw01;dw02;dw03;dw04;dw05;dw06;dw07;dw08,dw00;dw01;dw02;dw03;dw04;dw05;dw06;dw07;dw08,dw03;dw07;dw08,15,1,2026-09-01T12:36:11.802+0200,dw00,8103,174,2422,-152,1702,1723,3.90,32257
ground-height-4m-20260830-222436,d024m_r180_run01.csv,4,24,180,dw00;dw01;dw02;dw03;dw04;dw05;dw06;dw07;dw08,dw00;dw01;dw02;dw03;dw04;dw05;dw06;dw07;dw08,dw03;dw07;dw08,90,1,2026-09-01T12:36:11.833+0200,dw04,0F85,119,2398,0,-1384,1959,2.02,62255
ground-height-4m-20260830-222436,d024m_r180_run01.csv,4,24,180,dw00;dw01;dw02;dw03;dw04;dw05;dw06;dw07;dw08,dw00;dw01;dw02;dw03;dw04;dw05;dw06;dw07;dw08,dw03;dw07;dw08,35,1,2026-09-01T12:36:11.913+0200,dw01,1729,169,2405,-133,1977,1368,1.69,42327
ground-height-4m-20260830-222436,d024m_r180_run01.csv,4,24,180,dw00;dw01;dw02;dw03;dw04;dw05;dw06;dw07;dw08,dw00;dw01;dw02;dw03;dw04;dw05;dw06;dw07;dw08,dw03;dw07;dw08,90,1,2026-09-01T12:36:12.033+0200,dw04,0F85,120,2394,-17,-1633,1750,1.93,62255
ground-height-4m-20260830-222436,d024m_r180_run01.csv,4,24,180,dw00;dw01;dw02;dw03;dw04;dw05;dw06;dw07;dw08,dw00;dw01;dw02;dw03;dw04;dw05;dw06;dw07;dw08,dw03;dw07;dw08,35,1,2026-09-01T12:36:12.113+0200,dw01,1729,170,2407,-136,1937,1429,1.57,42358
ground-height-4m-20260830-222436,d024m_r180_run01.csv,4,24,180,dw00;dw01;dw02;dw03;dw04;dw05;dw06;dw07;dw08,dw00;dw01;dw02;dw03;dw04;dw05;dw06;dw07;dw08,dw03;dw07;dw08,15,1,2026-09-01T12:36:12.218+0200,dw00,8103,176,2419,-150,1739,1681,4.08,47790
ground-height-4m-20260830-222436,d024m_r180_run01.csv,4,24,180,dw00;dw01;dw02;dw03;dw04;dw05;dw06;dw07;dw08,dw00;dw01;dw02;dw03;dw04;dw05;dw06;dw07;dw08,dw03;dw07;dw08,90,1,2026-09-01T12:36:12.233+0200,dw04,0F85,121,2397,8,-1249,2045,1.93,62286
ground-height-4m-20260830-222436,d024m_r180_run01.csv,4,24,180,dw00;dw01;dw02;dw03;dw04;dw05;dw06;dw07;dw08,dw00;dw01;dw02;dw03;dw04;dw05;dw06;dw07;dw08,dw03;dw07;dw08,35,1,2026-09-01T12:36:12.313+0200,dw01,1729,171,2406,-134,1964,1391,1.63,42358
ground-height-4m-20260830-222436,d024m_r180_run01.csv,4,24,180,dw00;dw01;dw02;dw03;dw04;dw05;dw06;dw07;dw08,dw00;dw01;dw02;dw03;dw04;dw05;dw06;dw07;dw08,dw03;dw07;dw08,15,1,2026-09-01T12:36:12.403+0200,dw00,8103,177,2423,-164,1524,1884,3.90,32379
ground-height-4m-20260830-222436,d024m_r180_run01.csv,4,24,180,dw00;dw01;dw02;dw03;dw04;dw05;dw06;dw07;dw08,dw00;dw01;dw02;dw03;dw04;dw05;dw06;dw07;dw08,dw03;dw07;dw08,90,1,2026-09-01T12:36:12.432+0200,dw04,0F85,122,2393,3,-1321,1995,2.02,62255
ground-height-4m-20260830-222436,d024m_r180_run01.csv,4,24,180,dw00;dw01;dw02;dw03;dw04;dw05;dw06;dw07;dw08,dw00;dw01;dw02;dw03;dw04;dw05;dw06;dw07;dw08,dw03;dw07;dw08,15,1,2026-09-01T12:36:12.602+0200,dw00,8103,178,2420,-162,1560,1850,3.90,32257
ground-height-4m-20260830-222436,d024m_r180_run01.csv,4,24,180,dw00;dw01;dw02;dw03;dw04;dw05;dw06;dw07;dw08,dw00;dw01;dw02;dw03;dw04;dw05;dw06;dw07;dw08,dw03;dw07;dw08,90,1,2026-09-01T12:36:12.632+0200,dw04,0F85,123,2399,2,-1336,1993,2.14,62255
ground-height-4m-20260830-222436,d024m_r180_run01.csv,4,24,180,dw00;dw01;dw02;dw03;dw04;dw05;dw06;dw07;dw08,dw00;dw01;dw02;dw03;dw04;dw05;dw06;dw07;dw08,dw03;dw07;dw08,35,1,2026-09-01T12:36:12.913+0200,dw01,1729,174,2403,-129,2031,1285,1.63,42327
ground-height-4m-20260830-222436,d024m_r180_run01.csv,4,24,180,dw00;dw01;dw02;dw03;dw04;dw05;dw06;dw07;dw08,dw00;dw01;dw02;dw03;dw04;dw05;dw06;dw07;dw08,dw03;dw07;dw08,15,1,2026-09-01T12:36:13.002+0200,dw00,8103,180,2419,-154,1672,1747,4.02,32257
ground-height-4m-20260830-222436,d024m_r180_run01.csv,4,24,180,dw00;dw01;dw02;dw03;dw04;dw05;dw06;dw07;dw08,dw00;dw01;dw02;dw03;dw04;dw05;dw06;dw07;dw08,dw03;dw07;dw08,90,1,2026-09-01T12:36:13.048+0200,dw04,0F85,125,2398,8,-1240,2053,2.08,77789
ground-height-4m-20260830-222436,d024m_r180_run01.csv,4,24,180,dw00;dw01;dw02;dw03;dw04;dw05;dw06;dw07;dw08,dw00;dw01;dw02;dw03;dw04;dw05;dw06;dw07;dw08,dw03;dw07;dw08,35,1,2026-09-01T12:36:13.113+0200,dw01,1729,175,2409,-136,1939,1429,1.51,42358
ground-height-4m-20260830-222436,d024m_r180_run01.csv,4,24,180,dw00;dw01;dw02;dw03;dw04;dw05;dw06;dw07;dw08,dw00;dw01;dw02;dw03;dw04;dw05;dw06;dw07;dw08,dw03;dw07;dw08,90,1,2026-09-01T12:36:13.232+0200,dw04,0F85,126,2396,4,-1304,2009,2.02,62255
ground-height-4m-20260830-222436,d024m_r180_run01.csv,4,24,180,dw00;dw01;dw02;dw03;dw04;dw05;dw06;dw07;dw08,dw00;dw01;dw02;dw03;dw04;dw05;dw06;dw07;dw08,dw03;dw07;dw08,35,1,2026-09-01T12:36:13.312+0200,dw01,1729,176,2409,-108,2347,544,1.51,42327
ground-height-4m-20260830-222436,d024m_r180_run01.csv,4,24,180,dw00;dw01;dw02;dw03;dw04;dw05;dw06;dw07;dw08,dw00;dw01;dw02;dw03;dw04;dw05;dw06;dw07;dw08,dw03;dw07;dw08,15,1,2026-09-01T12:36:13.417+0200,dw00,8103,182,2418,-157,1638,1778,4.20,47851
ground-height-4m-20260830-222436,d024m_r180_run01.csv,4,24,180,dw00;dw01;dw02;dw03;dw04;dw05;dw06;dw07;dw08,dw00;dw01;dw02;dw03;dw04;dw05;dw06;dw07;dw08,dw03;dw07;dw08,35,1,2026-09-01T12:36:13.512+0200,dw01,1729,177,2407,-125,2100,1176,1.57,42358
ground-height-4m-20260830-222436,d024m_r180_run01.csv,4,24,180,dw00;dw01;dw02;dw03;dw04;dw05;dw06;dw07;dw08,dw00;dw01;dw02;dw03;dw04;dw05;dw06;dw07;dw08,dw03;dw07;dw08,15,1,2026-09-01T12:36:13.602+0200,dw00,8103,183,2420,-152,1705,1717,4.02,32348
ground-height-4m-20260830-222436,d024m_r180_run01.csv,4,24,180,dw00;dw01;dw02;dw03;dw04;dw05;dw06;dw07;dw08,dw00;dw01;dw02;dw03;dw04;dw05;dw06;dw07;dw08,dw03;dw07;dw08,35,1,2026-09-01T12:36:13.712+0200,dw01,1729,178,2405,-113,2281,763,1.63,42358
ground-height-4m-20260830-222436,d024m_r180_run01.csv,4,24,180,dw00;dw01;dw02;dw03;dw04;dw05;dw06;dw07;dw08,dw00;dw01;dw02;dw03;dw04;dw05;dw06;dw07;dw08,dw03;dw07;dw08,15,1,2026-09-01T12:36:13.802+0200,dw00,8103,184,2426,-163,1554,1862,3.84,32257
ground-height-4m-20260830-222436,d024m_r180_run01.csv,4,24,180,dw00;dw01;dw02;dw03;dw04;dw05;dw06;dw07;dw08,dw00;dw01;dw02;dw03;dw04;dw05;dw06;dw07;dw08,dw03;dw07;dw08,90,1,2026-09-01T12:36:13.863+0200,dw04,0F85,129,2393,2,-1334,1987,2.14,93353
ground-height-4m-20260830-222436,d024m_r180_run01.csv,4,24,180,dw00;dw01;dw02;dw03;dw04;dw05;dw06;dw07;dw08,dw00;dw01;dw02;dw03;dw04;dw05;dw06;dw07;dw08,dw03;dw07;dw08,35,1,2026-09-01T12:36:13.912+0200,dw01,1729,179,2408,-122,2136,1111,1.69,42327
ground-height-4m-20260830-222436,d024m_r180_run01.csv,4,24,180,dw00;dw01;dw02;dw03;dw04;dw05;dw06;dw07;dw08,dw00;dw01;dw02;dw03;dw04;dw05;dw06;dw07;dw08,dw03;dw07;dw08,15,1,2026-09-01T12:36:14.002+0200,dw00,8103,185,2417,-155,1660,1757,3.84,32226
ground-height-4m-20260830-222436,d024m_r180_run01.csv,4,24,180,dw00;dw01;dw02;dw03;dw04;dw05;dw06;dw07;dw08,dw00;dw01;dw02;dw03;dw04;dw05;dw06;dw07;dw08,dw03;dw07;dw08,90,1,2026-09-01T12:36:14.032+0200,dw04,0F85,130,2397,16,-1125,2117,2.08,62255
ground-height-4m-20260830-222436,d024m_r180_run01.csv,4,24,180,dw00;dw01;dw02;dw03;dw04;dw05;dw06;dw07;dw08,dw00;dw01;dw02;dw03;dw04;dw05;dw06;dw07;dw08,dw03;dw07;dw08,90,1,2026-09-01T12:36:14.232+0200,dw04,0F85,131,2396,-6,-1467,1894,2.02,62255
ground-height-4m-20260830-222436,d024m_r180_run01.csv,4,24,180,dw00;dw01;dw02;dw03;dw04;dw05;dw06;dw07;dw08,dw00;dw01;dw02;dw03;dw04;dw05;dw06;dw07;dw08,dw03;dw07;dw08,35,1,2026-09-01T12:36:14.312+0200,dw01,1729,181,2408,-123,2126,1130,1.57,42327
ground-height-4m-20260830-222436,d024m_r180_run01.csv,4,24,180,dw00;dw01;dw02;dw03;dw04;dw05;dw06;dw07;dw08,dw00;dw01;dw02;dw03;dw04;dw05;dw06;dw07;dw08,dw03;dw07;dw08,15,1,2026-09-01T12:36:14.402+0200,dw00,8103,187,2418,-171,1420,1957,3.96,32257
ground-height-4m-20260830-222436,d024m_r180_run01.csv,4,24,180,dw00;dw01;dw02;dw03;dw04;dw05;dw06;dw07;dw08,dw00;dw01;dw02;dw03;dw04;dw05;dw06;dw07;dw08,dw03;dw07;dw08,90,1,2026-09-01T12:36:14.432+0200,dw04,0F85,132,2396,10,-1214,2065,2.02,62286
ground-height-4m-20260830-222436,d024m_r180_run01.csv,4,24,180,dw00;dw01;dw02;dw03;dw04;dw05;dw06;dw07;dw08,dw00;dw01;dw02;dw03;dw04;dw05;dw06;dw07;dw08,dw03;dw07;dw08,35,1,2026-09-01T12:36:14.512+0200,dw01,1729,182,2406,-126,2078,1213,1.51,42327
ground-height-4m-20260830-222436,d024m_r180_run01.csv,4,24,180,dw00;dw01;dw02;dw03;dw04;dw05;dw06;dw07;dw08,dw00;dw01;dw02;dw03;dw04;dw05;dw06;dw07;dw08,dw03;dw07;dw08,15,1,2026-09-01T12:36:14.602+0200,dw00,8103,188,2416,-164,1520,1878,3.78,32226
ground-height-4m-20260830-222436,d024m_r180_run01.csv,4,24,180,dw00;dw01;dw02;dw03;dw04;dw05;dw06;dw07;dw08,dw00;dw01;dw02;dw03;dw04;dw05;dw06;dw07;dw08,dw03;dw07;dw08,90,1,2026-09-01T12:36:14.632+0200,dw04,0F85,133,2403,-15,-1601,1792,2.02,62286
ground-height-4m-20260830-222436,d024m_r180_run01.csv,4,24,180,dw00;dw01;dw02;dw03;dw04;dw05;dw06;dw07;dw08,dw00;dw01;dw02;dw03;dw04;dw05;dw06;dw07;dw08,dw03;dw07;dw08,35,1,2026-09-01T12:36:14.712+0200,dw01,1729,183,2407,-138,1912,1463,1.57,42358
ground-height-4m-20260830-222436,d024m_r180_run01.csv,4,24,180,dw00;dw01;dw02;dw03;dw04;dw05;dw06;dw07;dw08,dw00;dw01;dw02;dw03;dw04;dw05;dw06;dw07;dw08,dw03;dw07;dw08,15,1,2026-09-01T12:36:14.802+0200,dw00,8103,189,2419,-154,1680,1739,4.02,32226
ground-height-4m-20260830-222436,d024m_r180_run01.csv,4,24,180,dw00;dw01;dw02;dw03;dw04;dw05;dw06;dw07;dw08,dw00;dw01;dw02;dw03;dw04;dw05;dw06;dw07;dw08,dw03;dw07;dw08,15,1,2026-09-01T12:36:15.001+0200,dw00,8103,190,2417,168,1130,2137,3.63,32226
ground-height-4m-20260830-222436,d024m_r180_run01.csv,4,24,180,dw00;dw01;dw02;dw03;dw04;dw05;dw06;dw07;dw08,dw00;dw01;dw02;dw03;dw04;dw05;dw06;dw07;dw08,dw03;dw07;dw08,35,1,2026-09-01T12:36:15.111+0200,dw01,1729,185,2406,-124,2109,1157,1.63,42358
ground-height-4m-20260830-222436,d024m_r180_run01.csv,4,24,180,dw00;dw01;dw02;dw03;dw04;dw05;dw06;dw07;dw08,dw00;dw01;dw02;dw03;dw04;dw05;dw06;dw07;dw08,dw03;dw07;dw08,15,1,2026-09-01T12:36:15.201+0200,dw00,8103,191,2426,-175,1363,2006,3.96,32226
ground-height-4m-20260830-222436,d024m_r180_run01.csv,4,24,180,dw00;dw01;dw02;dw03;dw04;dw05;dw06;dw07;dw08,dw00;dw01;dw02;dw03;dw04;dw05;dw06;dw07;dw08,dw03;dw07;dw08,35,1,2026-09-01T12:36:15.312+0200,dw01,1729,186,2406,-131,2015,1315,1.63,42327
ground-height-4m-20260830-222436,d024m_r180_run01.csv,4,24,180,dw00;dw01;dw02;dw03;dw04;dw05;dw06;dw07;dw08,dw00;dw01;dw02;dw03;dw04;dw05;dw06;dw07;dw08,dw03;dw07;dw08,15,1,2026-09-01T12:36:15.402+0200,dw00,8103,192,2419,-155,1668,1751,4.14,32226
ground-height-4m-20260830-222436,d024m_r180_run01.csv,4,24,180,dw00;dw01;dw02;dw03;dw04;dw05;dw06;dw07;dw08,dw00;dw01;dw02;dw03;dw04;dw05;dw06;dw07;dw08,dw03;dw07;dw08,35,1,2026-09-01T12:36:15.512+0200,dw01,1729,187,2404,-135,1942,1417,1.57,42358
ground-height-4m-20260830-222436,d024m_r180_run01.csv,4,24,180,dw00;dw01;dw02;dw03;dw04;dw05;dw06;dw07;dw08,dw00;dw01;dw02;dw03;dw04;dw05;dw06;dw07;dw08,dw03;dw07;dw08,15,1,2026-09-01T12:36:15.602+0200,dw00,8103,193,2419,-157,1627,1789,3.78,32226
ground-height-4m-20260830-222436,d024m_r180_run01.csv,4,24,180,dw00;dw01;dw02;dw03;dw04;dw05;dw06;dw07;dw08,dw00;dw01;dw02;dw03;dw04;dw05;dw06;dw07;dw08,dw03;dw07;dw08,35,1,2026-09-01T12:36:15.711+0200,dw01,1729,188,2408,-127,2066,1236,1.75,42358
ground-height-4m-20260830-222436,d024m_r180_run01.csv,4,24,180,dw00;dw01;dw02;dw03;dw04;dw05;dw06;dw07;dw08,dw00;dw01;dw02;dw03;dw04;dw05;dw06;dw07;dw08,dw03;dw07;dw08,35,1,2026-09-01T12:36:15.911+0200,dw01,1729,189,2413,-129,2036,1295,1.63,42358
ground-height-4m-20260830-222436,d024m_r180_run01.csv,4,24,180,dw00;dw01;dw02;dw03;dw04;dw05;dw06;dw07;dw08,dw00;dw01;dw02;dw03;dw04;dw05;dw06;dw07;dw08,dw03;dw07;dw08,15,1,2026-09-01T12:36:16.002+0200,dw00,8103,195,2415,-168,1467,1919,3.78,32226
ground-height-4m-20260830-222436,d024m_r180_run01.csv,4,24,180,dw00;dw01;dw02;dw03;dw04;dw05;dw06;dw07;dw08,dw00;dw01;dw02;dw03;dw04;dw05;dw06;dw07;dw08,dw03;dw07;dw08,35,1,2026-09-01T12:36:16.111+0200,dw01,1729,190,2412,-115,2251,865,1.57,42327
ground-height-4m-20260830-222436,d024m_r180_run01.csv,4,24,180,dw00;dw01;dw02;dw03;dw04;dw05;dw06;dw07;dw08,dw00;dw01;dw02;dw03;dw04;dw05;dw06;dw07;dw08,dw03;dw07;dw08,15,1,2026-09-01T12:36:16.201+0200,dw00,8103,196,2418,-178,1325,2022,3.90,32226
ground-height-4m-20260830-222436,d024m_r180_run01.csv,4,24,180,dw00;dw01;dw02;dw03;dw04;dw05;dw06;dw07;dw08,dw00;dw01;dw02;dw03;dw04;dw05;dw06;dw07;dw08,dw03;dw07;dw08,35,1,2026-09-01T12:36:16.312+0200,dw01,1729,191,2405,-111,2298,709,1.57,42327
ground-height-4m-20260830-222436,d024m_r180_run01.csv,4,24,180,dw00;dw01;dw02;dw03;dw04;dw05;dw06;dw07;dw08,dw00;dw01;dw02;dw03;dw04;dw05;dw06;dw07;dw08,dw03;dw07;dw08,35,1,2026-09-01T12:36:16.511+0200,dw01,1729,192,2408,-125,2104,1171,1.57,42358
ground-height-4m-20260830-222436,d024m_r180_run01.csv,4,24,180,dw00;dw01;dw02;dw03;dw04;dw05;dw06;dw07;dw08,dw00;dw01;dw02;dw03;dw04;dw05;dw06;dw07;dw08,dw03;dw07;dw08,35,1,2026-09-01T12:36:16.711+0200,dw01,1729,193,2405,-123,2122,1130,1.57,42327
ground-height-4m-20260830-222436,d024m_r180_run01.csv,4,24,180,dw00;dw01;dw02;dw03;dw04;dw05;dw06;dw07;dw08,dw00;dw01;dw02;dw03;dw04;dw05;dw06;dw07;dw08,dw03;dw07;dw08,15,1,2026-09-01T12:36:16.832+0200,dw00,8103,199,2423,-149,1754,1672,4.08,63354
ground-height-4m-20260830-222436,d024m_r180_run01.csv,4,24,180,dw00;dw01;dw02;dw03;dw04;dw05;dw06;dw07;dw08,dw00;dw01;dw02;dw03;dw04;dw05;dw06;dw07;dw08,dw03;dw07;dw08,35,1,2026-09-01T12:36:16.911+0200,dw01,1729,194,2411,-144,1826,1574,3.27,42358
ground-height-4m-20260830-222436,d024m_r180_run01.csv,4,24,180,dw00;dw01;dw02;dw03;dw04;dw05;dw06;dw07;dw08,dw00;dw01;dw02;dw03;dw04;dw05;dw06;dw07;dw08,dw03;dw07;dw08,15,1,2026-09-01T12:36:17.001+0200,dw00,8103,200,2419,-146,1788,1628,3.90,32257
ground-height-4m-20260830-222436,d024m_r180_run01.csv,4,24,180,dw00;dw01;dw02;dw03;dw04;dw05;dw06;dw07;dw08,dw00;dw01;dw02;dw03;dw04;dw05;dw06;dw07;dw08,dw03;dw07;dw08,35,1,2026-09-01T12:36:17.111+0200,dw01,1729,195,2409,-135,1951,1413,3.15,42327
ground-height-4m-20260830-222436,d024m_r180_run01.csv,4,24,180,dw00;dw01;dw02;dw03;dw04;dw05;dw06;dw07;dw08,dw00;dw01;dw02;dw03;dw04;dw05;dw06;dw07;dw08,dw03;dw07;dw08,15,1,2026-09-01T12:36:17.201+0200,dw00,8103,201,2415,172,1182,2106,3.72,32257
ground-height-4m-20260830-222436,d024m_r180_run01.csv,4,24,180,dw00;dw01;dw02;dw03;dw04;dw05;dw06;dw07;dw08,dw00;dw01;dw02;dw03;dw04;dw05;dw06;dw07;dw08,dw03;dw07;dw08,35,1,2026-09-01T12:36:17.310+0200,dw01,1729,196,2412,-137,1924,1454,3.09,42327
ground-height-4m-20260830-222436,d024m_r180_run01.csv,4,24,180,dw00;dw01;dw02;dw03;dw04;dw05;dw06;dw07;dw08,dw00;dw01;dw02;dw03;dw04;dw05;dw06;dw07;dw08,dw03;dw07;dw08,15,1,2026-09-01T12:36:17.400+0200,dw00,8103,202,2414,-154,1667,1746,3.90,32226
ground-height-4m-20260830-222436,d024m_r180_run01.csv,4,24,180,dw00;dw01;dw02;dw03;dw04;dw05;dw06;dw07;dw08,dw00;dw01;dw02;dw03;dw04;dw05;dw06;dw07;dw08,dw03;dw07;dw08,15,1,2026-09-01T12:36:17.600+0200,dw00,8103,203,2418,-150,1728,1690,3.78,32226
ground-height-4m-20260830-222436,d024m_r180_run01.csv,4,24,180,dw00;dw01;dw02;dw03;dw04;dw05;dw06;dw07;dw08,dw00;dw01;dw02;dw03;dw04;dw05;dw06;dw07;dw08,dw03;dw07;dw08,35,1,2026-09-01T12:36:17.711+0200,dw01,1729,198,2408,106,208,2399,3.21,42327
ground-height-4m-20260830-222436,d024m_r180_run01.csv,4,24,180,dw00;dw01;dw02;dw03;dw04;dw05;dw06;dw07;dw08,dw00;dw01;dw02;dw03;dw04;dw05;dw06;dw07;dw08,dw03;dw07;dw08,15,1,2026-09-01T12:36:17.801+0200,dw00,8103,204,2419,-157,1629,1787,3.78,32257
ground-height-4m-20260830-222436,d024m_r180_run01.csv,4,24,180,dw00;dw01;dw02;dw03;dw04;dw05;dw06;dw07;dw08,dw00;dw01;dw02;dw03;dw04;dw05;dw06;dw07;dw08,dw03;dw07;dw08,15,1,2026-09-01T12:36:18.001+0200,dw00,8103,205,2418,-157,1624,1792,3.84,32226
ground-height-4m-20260830-222436,d024m_r180_run01.csv,4,24,180,dw00;dw01;dw02;dw03;dw04;dw05;dw06;dw07;dw08,dw00;dw01;dw02;dw03;dw04;dw05;dw06;dw07;dw08,dw03;dw07;dw08,35,1,2026-09-01T12:36:18.110+0200,dw01,1729,200,2405,-122,2140,1096,3.21,42327
ground-height-4m-20260830-222436,d024m_r180_run01.csv,4,24,180,dw00;dw01;dw02;dw03;dw04;dw05;dw06;dw07;dw08,dw00;dw01;dw02;dw03;dw04;dw05;dw06;dw07;dw08,dw03;dw07;dw08,90,1,2026-09-01T12:36:18.143+0200,dw04,0F85,1,2391,-2,-1411,1930,-7.98,75378
ground-height-4m-20260830-222436,d024m_r180_run01.csv,4,24,180,dw00;dw01;dw02;dw03;dw04;dw05;dw06;dw07;dw08,dw00;dw01;dw02;dw03;dw04;dw05;dw06;dw07;dw08,dw03;dw07;dw08,15,1,2026-09-01T12:36:18.200+0200,dw00,8103,206,2418,-168,1466,1922,3.78,32226
ground-height-4m-20260830-222436,d024m_r180_run01.csv,4,24,180,dw00;dw01;dw02;dw03;dw04;dw05;dw06;dw07;dw08,dw00;dw01;dw02;dw03;dw04;dw05;dw06;dw07;dw08,dw03;dw07;dw08,35,1,2026-09-01T12:36:18.310+0200,dw01,1729,201,2405,-125,2099,1175,3.27,42327
ground-height-4m-20260830-222436,d024m_r180_run01.csv,4,24,180,dw00;dw01;dw02;dw03;dw04;dw05;dw06;dw07;dw08,dw00;dw01;dw02;dw03;dw04;dw05;dw06;dw07;dw08,dw03;dw07;dw08,90,1,2026-09-01T12:36:18.331+0200,dw04,0F85,2,2398,31,-912,2218,1.75,62316
ground-height-4m-20260830-222436,d024m_r180_run01.csv,4,24,180,dw00;dw01;dw02;dw03;dw04;dw05;dw06;dw07;dw08,dw00;dw01;dw02;dw03;dw04;dw05;dw06;dw07;dw08,dw03;dw07;dw08,15,1,2026-09-01T12:36:18.400+0200,dw00,8103,207,2414,-160,1579,1826,3.90,32257
ground-height-4m-20260830-222436,d024m_r180_run01.csv,4,24,180,dw00;dw01;dw02;dw03;dw04;dw05;dw06;dw07;dw08,dw00;dw01;dw02;dw03;dw04;dw05;dw06;dw07;dw08,dw03;dw07;dw08,90,1,2026-09-01T12:36:18.530+0200,dw04,0F85,3,2400,-9,-1514,1862,1.87,62255
ground-height-4m-20260830-222436,d024m_r180_run01.csv,4,24,180,dw00;dw01;dw02;dw03;dw04;dw05;dw06;dw07;dw08,dw00;dw01;dw02;dw03;dw04;dw05;dw06;dw07;dw08,dw03;dw07;dw08,15,1,2026-09-01T12:36:18.600+0200,dw00,8103,208,2419,-155,1654,1765,3.96,32257
ground-height-4m-20260830-222436,d024m_r180_run01.csv,4,24,180,dw00;dw01;dw02;dw03;dw04;dw05;dw06;dw07;dw08,dw00;dw01;dw02;dw03;dw04;dw05;dw06;dw07;dw08,dw03;dw07;dw08,90,1,2026-09-01T12:36:18.730+0200,dw04,0F85,4,2399,-11,-1538,1841,1.75,62255
ground-height-4m-20260830-222436,d024m_r180_run01.csv,4,24,180,dw00;dw01;dw02;dw03;dw04;dw05;dw06;dw07;dw08,dw00;dw01;dw02;dw03;dw04;dw05;dw06;dw07;dw08,dw03;dw07;dw08,15,1,2026-09-01T12:36:18.801+0200,dw00,8103,209,2424,-155,1669,1758,3.78,32226
ground-height-4m-20260830-222436,d024m_r180_run01.csv,4,24,180,dw00;dw01;dw02;dw03;dw04;dw05;dw06;dw07;dw08,dw00;dw01;dw02;dw03;dw04;dw05;dw06;dw07;dw08,dw03;dw07;dw08,90,1,2026-09-01T12:36:18.930+0200,dw04,0F85,5,2395,18,-1096,2129,1.69,62286
ground-height-4m-20260830-222436,d024m_r180_run01.csv,4,24,180,dw00;dw01;dw02;dw03;dw04;dw05;dw06;dw07;dw08,dw00;dw01;dw02;dw03;dw04;dw05;dw06;dw07;dw08,dw03;dw07;dw08,90,1,2026-09-01T12:36:19.131+0200,dw04,0F85,6,2392,-3,-1423,1923,1.81,62286
ground-height-4m-20260830-222436,d024m_r180_run01.csv,4,24,180,dw00;dw01;dw02;dw03;dw04;dw05;dw06;dw07;dw08,dw00;dw01;dw02;dw03;dw04;dw05;dw06;dw07;dw08,dw03;dw07;dw08,15,1,2026-09-01T12:36:19.400+0200,dw00,8103,212,2416,-169,1452,1930,3.72,32287
ground-height-4m-20260830-222436,d024m_r180_run01.csv,4,24,180,dw00;dw01;dw02;dw03;dw04;dw05;dw06;dw07;dw08,dw00;dw01;dw02;dw03;dw04;dw05;dw06;dw07;dw08,dw03;dw07;dw08,90,1,2026-09-01T12:36:19.546+0200,dw04,0F85,8,2399,-9,-1519,1856,1.87,77850
ground-height-4m-20260830-222436,d024m_r180_run01.csv,4,24,180,dw00;dw01;dw02;dw03;dw04;dw05;dw06;dw07;dw08,dw00;dw01;dw02;dw03;dw04;dw05;dw06;dw07;dw08,dw03;dw07;dw08,15,1,2026-09-01T12:36:19.799+0200,dw00,8103,214,2409,-154,1666,1740,3.78,32226
ground-height-4m-20260830-222436,d024m_r180_run01.csv,4,24,180,dw00;dw01;dw02;dw03;dw04;dw05;dw06;dw07;dw08,dw00;dw01;dw02;dw03;dw04;dw05;dw06;dw07;dw08,dw03;dw07;dw08,90,1,2026-09-01T12:36:20.145+0200,dw04,0F85,11,2398,24,-1017,2171,1.87,77819
ground-height-4m-20260830-222436,d024m_r180_run01.csv,4,24,180,dw00;dw01;dw02;dw03;dw04;dw05;dw06;dw07;dw08,dw00;dw01;dw02;dw03;dw04;dw05;dw06;dw07;dw08,dw03;dw07;dw08,15,1,2026-09-01T12:36:20.200+0200,dw00,8103,216,2421,-172,1408,1970,3.90,32226
ground-height-4m-20260830-222436,d024m_r180_run01.csv,4,24,180,dw00;dw01;dw02;dw03;dw04;dw05;dw06;dw07;dw08,dw00;dw01;dw02;dw03;dw04;dw05;dw06;dw07;dw08,dw03;dw07;dw08,90,1,2026-09-01T12:36:20.330+0200,dw04,0F85,12,2394,-4,-1431,1919,1.63,62286
ground-height-4m-20260830-222436,d024m_r180_run01.csv,4,24,180,dw00;dw01;dw02;dw03;dw04;dw05;dw06;dw07;dw08,dw00;dw01;dw02;dw03;dw04;dw05;dw06;dw07;dw08,dw03;dw07;dw08,15,1,2026-09-01T12:36:20.400+0200,dw00,8103,217,2416,-178,1324,2021,3.78,32226
ground-height-4m-20260830-222436,d024m_r180_run01.csv,4,24,180,dw00;dw01;dw02;dw03;dw04;dw05;dw06;dw07;dw08,dw00;dw01;dw02;dw03;dw04;dw05;dw06;dw07;dw08,dw03;dw07;dw08,90,1,2026-09-01T12:36:20.530+0200,dw04,0F85,13,2390,11,-1201,2067,1.63,62255
ground-height-4m-20260830-222436,d024m_r180_run01.csv,4,24,180,dw00;dw01;dw02;dw03;dw04;dw05;dw06;dw07;dw08,dw00;dw01;dw02;dw03;dw04;dw05;dw06;dw07;dw08,dw03;dw07;dw08,90,1,2026-09-01T12:36:20.730+0200,dw04,0F85,14,2397,21,-1059,2151,1.75,62255
ground-height-4m-20260830-222436,d024m_r180_run01.csv,4,24,180,dw00;dw01;dw02;dw03;dw04;dw05;dw06;dw07;dw08,dw00;dw01;dw02;dw03;dw04;dw05;dw06;dw07;dw08,dw03;dw07;dw08,15,1,2026-09-01T12:36:20.799+0200,dw00,8103,219,2420,-166,1495,1904,3.78,32257
ground-height-4m-20260830-222436,d024m_r180_run01.csv,4,24,180,dw00;dw01;dw02;dw03;dw04;dw05;dw06;dw07;dw08,dw00;dw01;dw02;dw03;dw04;dw05;dw06;dw07;dw08,dw03;dw07;dw08,90,1,2026-09-01T12:36:20.929+0200,dw04,0F85,15,2398,3,-1325,1999,1.75,62286
ground-height-4m-20260830-222436,d024m_r180_run01.csv,4,24,180,dw00;dw01;dw02;dw03;dw04;dw05;dw06;dw07;dw08,dw00;dw01;dw02;dw03;dw04;dw05;dw06;dw07;dw08,dw03;dw07;dw08,15,1,2026-09-01T12:36:20.999+0200,dw00,8103,220,2413,-158,1611,1797,3.78,32226
ground-height-4m-20260830-222436,d024m_r180_run01.csv,4,24,180,dw00;dw01;dw02;dw03;dw04;dw05;dw06;dw07;dw08,dw00;dw01;dw02;dw03;dw04;dw05;dw06;dw07;dw08,dw03;dw07;dw08,90,1,2026-09-01T12:36:21.129+0200,dw04,0F85,16,2405,11,-1210,2077,1.69,62255
ground-height-4m-20260830-222436,d024m_r180_run01.csv,4,24,180,dw00;dw01;dw02;dw03;dw04;dw05;dw06;dw07;dw08,dw00;dw01;dw02;dw03;dw04;dw05;dw06;dw07;dw08,dw03;dw07;dw08,15,1,2026-09-01T12:36:21.200+0200,dw00,8103,221,2418,-175,1368,1994,3.78,32226
ground-height-4m-20260830-222436,d024m_r180_run01.csv,4,24,180,dw00;dw01;dw02;dw03;dw04;dw05;dw06;dw07;dw08,dw00;dw01;dw02;dw03;dw04;dw05;dw06;dw07;dw08,dw03;dw07;dw08,90,1,2026-09-01T12:36:21.330+0200,dw04,0F85,17,2396,-14,-1580,1800,1.69,62286
ground-height-4m-20260830-222436,d024m_r180_run01.csv,4,24,180,dw00;dw01;dw02;dw03;dw04;dw05;dw06;dw07;dw08,dw00;dw01;dw02;dw03;dw04;dw05;dw06;dw07;dw08,dw03;dw07;dw08,15,1,2026-09-01T12:36:21.399+0200,dw00,8103,222,2421,-175,1367,1998,3.78,32257
ground-height-4m-20260830-222436,d024m_r180_run01.csv,4,24,180,dw00;dw01;dw02;dw03;dw04;dw05;dw06;dw07;dw08,dw00;dw01;dw02;dw03;dw04;dw05;dw06;dw07;dw08,dw03;dw07;dw08,90,1,2026-09-01T12:36:21.530+0200,dw04,0F85,18,2395,11,-1201,2072,1.75,62255
ground-height-4m-20260830-222436,d024m_r180_run01.csv,4,24,180,dw00;dw01;dw02;dw03;dw04;dw05;dw06;dw07;dw08,dw00;dw01;dw02;dw03;dw04;dw05;dw06;dw07;dw08,dw03;dw07;dw08,15,1,2026-09-01T12:36:21.599+0200,dw00,8103,223,2415,-156,1648,1765,3.72,32226
ground-height-4m-20260830-222436,d024m_r180_run01.csv,4,24,180,dw00;dw01;dw02;dw03;dw04;dw05;dw06;dw07;dw08,dw00;dw01;dw02;dw03;dw04;dw05;dw06;dw07;dw08,dw03;dw07;dw08,90,1,2026-09-01T12:36:21.729+0200,dw04,0F85,19,2392,1,-1340,1981,1.69,62286
ground-height-4m-20260830-222436,d024m_r180_run01.csv,4,24,180,dw00;dw01;dw02;dw03;dw04;dw05;dw06;dw07;dw08,dw00;dw01;dw02;dw03;dw04;dw05;dw06;dw07;dw08,dw03;dw07;dw08,15,1,2026-09-01T12:36:21.799+0200,dw00,8103,224,2424,-175,1361,2005,3.69,32257
ground-height-4m-20260830-222436,d024m_r180_run01.csv,4,24,180,dw00;dw01;dw02;dw03;dw04;dw05;dw06;dw07;dw08,dw00;dw01;dw02;dw03;dw04;dw05;dw06;dw07;dw08,dw03;dw07;dw08,90,1,2026-09-01T12:36:21.929+0200,dw04,0F85,20,2396,5,-1293,2017,1.69,62286
ground-height-4m-20260830-222436,d024m_r180_run01.csv,4,24,180,dw00;dw01;dw02;dw03;dw04;dw05;dw06;dw07;dw08,dw00;dw01;dw02;dw03;dw04;dw05;dw06;dw07;dw08,dw03;dw07;dw08,15,1,2026-09-01T12:36:21.999+0200,dw00,8103,225,2416,-165,1516,1880,3.90,32257
ground-height-4m-20260830-222436,d024m_r180_run01.csv,4,24,180,dw00;dw01;dw02;dw03;dw04;dw05;dw06;dw07;dw08,dw00;dw01;dw02;dw03;dw04;dw05;dw06;dw07;dw08,dw03;dw07;dw08,90,1,2026-09-01T12:36:22.129+0200,dw04,0F85,21,2398,-6,-1472,1893,1.75,62286
ground-height-4m-20260830-222436,d024m_r180_run01.csv,4,24,180,dw00;dw01;dw02;dw03;dw04;dw05;dw06;dw07;dw08,dw00;dw01;dw02;dw03;dw04;dw05;dw06;dw07;dw08,dw03;dw07;dw08,90,1,2026-09-01T12:36:22.329+0200,dw04,0F85,22,2392,-8,-1487,1874,1.81,62255
ground-height-4m-20260830-222436,d024m_r180_run01.csv,4,24,180,dw00;dw01;dw02;dw03;dw04;dw05;dw06;dw07;dw08,dw00;dw01;dw02;dw03;dw04;dw05;dw06;dw07;dw08,dw03;dw07;dw08,90,1,2026-09-01T12:36:22.529+0200,dw04,0F85,23,2402,17,-1120,2124,1.87,62286
ground-height-4m-20260830-222436,d024m_r180_run01.csv,4,24,180,dw00;dw01;dw02;dw03;dw04;dw05;dw06;dw07;dw08,dw00;dw01;dw02;dw03;dw04;dw05;dw06;dw07;dw08,dw03;dw07;dw08,15,1,2026-09-01T12:36:22.599+0200,dw00,8103,228,2427,176,1252,2078,3.90,32257
ground-height-4m-20260830-222436,d024m_r180_run01.csv,4,24,180,dw00;dw01;dw02;dw03;dw04;dw05;dw06;dw07;dw08,dw00;dw01;dw02;dw03;dw04;dw05;dw06;dw07;dw08,dw03;dw07;dw08,90,1,2026-09-01T12:36:22.729+0200,dw04,0F85,24,2394,-5,-1451,1903,1.69,62286
ground-height-4m-20260830-222436,d024m_r180_run01.csv,4,24,180,dw00;dw01;dw02;dw03;dw04;dw05;dw06;dw07;dw08,dw00;dw01;dw02;dw03;dw04;dw05;dw06;dw07;dw08,dw03;dw07;dw08,90,1,2026-09-01T12:36:22.929+0200,dw04,0F85,25,2399,18,-1100,2132,1.75,62316
ground-height-4m-20260830-222436,d024m_r180_run01.csv,4,24,180,dw00;dw01;dw02;dw03;dw04;dw05;dw06;dw07;dw08,dw00;dw01;dw02;dw03;dw04;dw05;dw06;dw07;dw08,dw03;dw07;dw08,15,1,2026-09-01T12:36:22.998+0200,dw00,8103,230,2419,-160,1581,1830,3.90,32226
ground-height-4m-20260830-222436,d024m_r180_run01.csv,4,24,180,dw00;dw01;dw02;dw03;dw04;dw05;dw06;dw07;dw08,dw00;dw01;dw02;dw03;dw04;dw05;dw06;dw07;dw08,dw03;dw07;dw08,90,1,2026-09-01T12:36:23.129+0200,dw04,0F85,26,2397,4,-1307,2009,1.69,62255
ground-height-4m-20260830-222436,d024m_r180_run01.csv,4,24,180,dw00;dw01;dw02;dw03;dw04;dw05;dw06;dw07;dw08,dw00;dw01;dw02;dw03;dw04;dw05;dw06;dw07;dw08,dw03;dw07;dw08,90,1,2026-09-01T12:36:23.328+0200,dw04,0F85,27,2396,0,-1380,1958,1.81,62316
ground-height-4m-20260830-222436,d024m_r180_run01.csv,4,24,180,dw00;dw01;dw02;dw03;dw04;dw05;dw06;dw07;dw08,dw00;dw01;dw02;dw03;dw04;dw05;dw06;dw07;dw08,dw03;dw07;dw08,15,1,2026-09-01T12:36:23.399+0200,dw00,8103,232,2420,-142,1849,1561,3.90,32226
ground-height-4m-20260830-222436,d024m_r180_run01.csv,4,24,180,dw00;dw01;dw02;dw03;dw04;dw05;dw06;dw07;dw08,dw00;dw01;dw02;dw03;dw04;dw05;dw06;dw07;dw08,dw03;dw07;dw08,90,1,2026-09-01T12:36:23.529+0200,dw04,0F85,28,2395,6,-1276,2026,1.75,62286
ground-height-4m-20260830-222436,d024m_r180_run01.csv,4,24,180,dw00;dw01;dw02;dw03;dw04;dw05;dw06;dw07;dw08,dw00;dw01;dw02;dw03;dw04;dw05;dw06;dw07;dw08,dw03;dw07;dw08,15,1,2026-09-01T12:36:23.599+0200,dw00,8103,233,2414,176,1246,2068,3.69,32226
ground-height-4m-20260830-222436,d024m_r180_run01.csv,4,24,180,dw00;dw01;dw02;dw03;dw04;dw05;dw06;dw07;dw08,dw00;dw01;dw02;dw03;dw04;dw05;dw06;dw07;dw08,dw03;dw07;dw08,15,1,2026-09-01T12:36:23.798+0200,dw00,8103,234,2414,-157,1633,1778,3.69,32226
ground-height-4m-20260830-222436,d024m_r180_run01.csv,4,24,180,dw00;dw01;dw02;dw03;dw04;dw05;dw06;dw07;dw08,dw00;dw01;dw02;dw03;dw04;dw05;dw06;dw07;dw08,dw03;dw07;dw08,15,1,2026-09-01T12:36:23.998+0200,dw00,8103,235,2417,-159,1595,1816,3.96,32226
ground-height-4m-20260830-222436,d024m_r180_run01.csv,4,24,180,dw00;dw01;dw02;dw03;dw04;dw05;dw06;dw07;dw08,dw00;dw01;dw02;dw03;dw04;dw05;dw06;dw07;dw08,dw03;dw07;dw08,15,1,2026-09-01T12:36:24.198+0200,dw00,8103,236,2418,179,1288,2046,3.78,32226
ground-height-4m-20260830-222436,d024m_r180_run01.csv,4,24,180,dw00;dw01;dw02;dw03;dw04;dw05;dw06;dw07;dw08,dw00;dw01;dw02;dw03;dw04;dw05;dw06;dw07;dw08,dw03;dw07;dw08,15,1,2026-09-01T12:36:24.598+0200,dw00,8103,238,2412,179,1278,2045,3.72,32257
ground-height-4m-20260830-222436,d024m_r180_run01.csv,4,24,180,dw00;dw01;dw02;dw03;dw04;dw05;dw06;dw07;dw08,dw00;dw01;dw02;dw03;dw04;dw05;dw06;dw07;dw08,dw03;dw07;dw08,15,1,2026-09-01T12:36:24.798+0200,dw00,8103,239,2417,-163,1542,1861,3.78,32226
ground-height-4m-20260830-222436,d024m_r180_run01.csv,4,24,180,dw00;dw01;dw02;dw03;dw04;dw05;dw06;dw07;dw08,dw00;dw01;dw02;dw03;dw04;dw05;dw06;dw07;dw08,dw03;dw07;dw08,15,1,2026-09-01T12:36:25.598+0200,dw00,8103,243,2416,174,1220,2086,3.69,32287
ground-height-4m-20260830-222436,d024m_r180_run01.csv,4,24,180,dw00;dw01;dw02;dw03;dw04;dw05;dw06;dw07;dw08,dw00;dw01;dw02;dw03;dw04;dw05;dw06;dw07;dw08,dw03;dw07;dw08,15,1,2026-09-01T12:36:26.397+0200,dw00,8103,247,2420,-153,1697,1726,3.78,32226
ground-height-4m-20260830-222436,d024m_r180_run01.csv,4,24,180,dw00;dw01;dw02;dw03;dw04;dw05;dw06;dw07;dw08,dw00;dw01;dw02;dw03;dw04;dw05;dw06;dw07;dw08,dw03;dw07;dw08,15,1,2026-09-01T12:36:26.597+0200,dw00,8103,248,2413,-171,1421,1951,3.90,32257
ground-height-4m-20260830-222436,d024m_r180_run01.csv,4,24,180,dw00;dw01;dw02;dw03;dw04;dw05;dw06;dw07;dw08,dw00;dw01;dw02;dw03;dw04;dw05;dw06;dw07;dw08,dw03;dw07;dw08,15,1,2026-09-01T12:36:26.798+0200,dw00,8103,249,2418,-175,1361,1998,3.69,32226
ground-height-4m-20260830-222436,d024m_r180_run01.csv,4,24,180,dw00;dw01;dw02;dw03;dw04;dw05;dw06;dw07;dw08,dw00;dw01;dw02;dw03;dw04;dw05;dw06;dw07;dw08,dw03;dw07;dw08,15,1,2026-09-01T12:36:27.213+0200,dw00,8103,251,2418,-154,1669,1750,3.96,47851
ground-height-4m-20260830-222436,d024m_r180_run01.csv,4,24,180,dw00;dw01;dw02;dw03;dw04;dw05;dw06;dw07;dw08,dw00;dw01;dw02;dw03;dw04;dw05;dw06;dw07;dw08,dw03;dw07;dw08,15,1,2026-09-01T12:36:27.397+0200,dw00,8103,252,2417,-166,1496,1899,3.84,32287
ground-height-4m-20260830-222436,d024m_r180_run01.csv,4,24,180,dw00;dw01;dw02;dw03;dw04;dw05;dw06;dw07;dw08,dw00;dw01;dw02;dw03;dw04;dw05;dw06;dw07;dw08,dw03;dw07;dw08,15,1,2026-09-01T12:36:27.597+0200,dw00,8103,253,2417,-155,1661,1756,3.63,32226
ground-height-4m-20260830-222436,d024m_r180_run01.csv,4,24,180,dw00;dw01;dw02;dw03;dw04;dw05;dw06;dw07;dw08,dw00;dw01;dw02;dw03;dw04;dw05;dw06;dw07;dw08,dw03;dw07;dw08,15,1,2026-09-01T12:36:28.397+0200,dw00,8103,1,2422,-146,1802,1618,3.84,32226
ground-height-4m-20260830-222436,d024m_r180_run01.csv,4,24,180,dw00;dw01;dw02;dw03;dw04;dw05;dw06;dw07;dw08,dw00;dw01;dw02;dw03;dw04;dw05;dw06;dw07;dw08,dw03;dw07;dw08,15,1,2026-09-01T12:36:28.596+0200,dw00,8103,2,2420,-157,1633,1786,3.78,32226
ground-height-4m-20260830-222436,d024m_r180_run01.csv,4,24,180,dw00;dw01;dw02;dw03;dw04;dw05;dw06;dw07;dw08,dw00;dw01;dw02;dw03;dw04;dw05;dw06;dw07;dw08,dw03;dw07;dw08,15,1,2026-09-01T12:36:28.997+0200,dw00,8103,4,2415,-166,1488,1902,3.69,32226
ground-height-4m-20260830-222436,d024m_r180_run01.csv,4,24,180,dw00;dw01;dw02;dw03;dw04;dw05;dw06;dw07;dw08,dw00;dw01;dw02;dw03;dw04;dw05;dw06;dw07;dw08,dw03;dw07;dw08,15,1,2026-09-01T12:36:29.197+0200,dw00,8103,5,2420,-133,1992,1374,3.78,32226
ground-height-4m-20260830-222436,d024m_r180_run01.csv,4,24,180,dw00;dw01;dw02;dw03;dw04;dw05;dw06;dw07;dw08,dw00;dw01;dw02;dw03;dw04;dw05;dw06;dw07;dw08,dw03;dw07;dw08,15,1,2026-09-01T12:36:29.396+0200,dw00,8103,6,2417,-173,1387,1979,3.75,32287
ground-height-4m-20260830-222436,d024m_r180_run01.csv,4,24,180,dw00;dw01;dw02;dw03;dw04;dw05;dw06;dw07;dw08,dw00;dw01;dw02;dw03;dw04;dw05;dw06;dw07;dw08,dw03;dw07;dw08,15,1,2026-09-01T12:36:29.596+0200,dw00,8103,7,2416,-174,1377,1985,3.90,32196
ground-height-4m-20260830-222436,d024m_r180_run01.csv,4,24,180,dw00;dw01;dw02;dw03;dw04;dw05;dw06;dw07;dw08,dw00;dw01;dw02;dw03;dw04;dw05;dw06;dw07;dw08,dw03;dw07;dw08,15,1,2026-09-01T12:36:29.796+0200,dw00,8103,8,2419,-151,1713,1707,3.90,32226
ground-height-4m-20260830-222436,d024m_r180_run01.csv,4,24,180,dw00;dw01;dw02;dw03;dw04;dw05;dw06;dw07;dw08,dw00;dw01;dw02;dw03;dw04;dw05;dw06;dw07;dw08,dw03;dw07;dw08,15,1,2026-09-01T12:36:29.997+0200,dw00,8103,9,2420,-156,1645,1775,3.78,32287
ground-height-4m-20260830-222436,d024m_r180_run01.csv,4,24,180,dw00;dw01;dw02;dw03;dw04;dw05;dw06;dw07;dw08,dw00;dw01;dw02;dw03;dw04;dw05;dw06;dw07;dw08,dw03;dw07;dw08,15,1,2026-09-01T12:36:30.196+0200,dw00,8103,10,2418,-150,1729,1690,3.63,32226
ground-height-4m-20260830-222436,d024m_r180_run01.csv,4,24,180,dw00;dw01;dw02;dw03;dw04;dw05;dw06;dw07;dw08,dw00;dw01;dw02;dw03;dw04;dw05;dw06;dw07;dw08,dw03;dw07;dw08,15,1,2026-09-01T12:36:30.396+0200,dw00,8103,11,2417,-160,1579,1830,3.78,32257
ground-height-4m-20260830-222436,d024m_r180_run01.csv,4,24,180,dw00;dw01;dw02;dw03;dw04;dw05;dw06;dw07;dw08,dw00;dw01;dw02;dw03;dw04;dw05;dw06;dw07;dw08,dw03;dw07;dw08,15,1,2026-09-01T12:36:30.596+0200,dw00,8103,12,2418,-165,1512,1887,3.69,32257
ground-height-4m-20260830-222436,d024m_r180_run01.csv,4,24,180,dw00;dw01;dw02;dw03;dw04;dw05;dw06;dw07;dw08,dw00;dw01;dw02;dw03;dw04;dw05;dw06;dw07;dw08,dw03;dw07;dw08,15,1,2026-09-01T12:36:30.796+0200,dw00,8103,13,2417,-170,1441,1940,3.69,32257
ground-height-4m-20260830-222436,d024m_r180_run01.csv,4,24,180,dw00;dw01;dw02;dw03;dw04;dw05;dw06;dw07;dw08,dw00;dw01;dw02;dw03;dw04;dw05;dw06;dw07;dw08,dw03;dw07;dw08,15,1,2026-09-01T12:36:30.995+0200,dw00,8103,14,2414,-160,1579,1826,3.69,32226
ground-height-4m-20260830-222436,d024m_r180_run01.csv,4,24,180,dw00;dw01;dw02;dw03;dw04;dw05;dw06;dw07;dw08,dw00;dw01;dw02;dw03;dw04;dw05;dw06;dw07;dw08,dw03;dw07;dw08,15,1,2026-09-01T12:36:31.795+0200,dw00,8103,18,2422,-157,1628,1793,3.57,32287
ground-height-4m-20260830-222436,d024m_r180_run01.csv,4,24,180,dw00;dw01;dw02;dw03;dw04;dw05;dw06;dw07;dw08,dw00;dw01;dw02;dw03;dw04;dw05;dw06;dw07;dw08,dw03;dw07;dw08,15,1,2026-09-01T12:36:32.211+0200,dw00,8103,20,2418,-172,1414,1961,3.69,47821
ground-height-4m-20260830-222436,d024m_r180_run01.csv,4,24,180,dw00;dw01;dw02;dw03;dw04;dw05;dw06;dw07;dw08,dw00;dw01;dw02;dw03;dw04;dw05;dw06;dw07;dw08,dw03;dw07;dw08,15,1,2026-09-01T12:36:32.396+0200,dw00,8103,21,2422,-147,1786,1635,3.69,32287
ground-height-4m-20260830-222436,d024m_r180_run01.csv,4,24,180,dw00;dw01;dw02;dw03;dw04;dw05;dw06;dw07;dw08,dw00;dw01;dw02;dw03;dw04;dw05;dw06;dw07;dw08,dw03;dw07;dw08,15,1,2026-09-01T12:36:33.195+0200,dw00,8103,25,2417,-152,1699,1719,3.69,32257
ground-height-4m-20260830-222436,d024m_r180_run01.csv,4,24,180,dw00;dw01;dw02;dw03;dw04;dw05;dw06;dw07;dw08,dw00;dw01;dw02;dw03;dw04;dw05;dw06;dw07;dw08,dw03;dw07;dw08,15,1,2026-09-01T12:36:33.395+0200,dw00,8103,26,2420,-158,1620,1797,3.57,32226
ground-height-4m-20260830-222436,d024m_r180_run01.csv,4,24,180,dw00;dw01;dw02;dw03;dw04;dw05;dw06;dw07;dw08,dw00;dw01;dw02;dw03;dw04;dw05;dw06;dw07;dw08,dw03;dw07;dw08,15,1,2026-09-01T12:36:33.595+0200,dw00,8103,27,2423,-171,1424,1960,3.63,32226
ground-height-4m-20260830-222436,d024m_r180_run01.csv,4,24,180,dw00;dw01;dw02;dw03;dw04;dw05;dw06;dw07;dw08,dw00;dw01;dw02;dw03;dw04;dw05;dw06;dw07;dw08,dw03;dw07;dw08,15,1,2026-09-01T12:36:33.995+0200,dw00,8103,29,2416,-147,1785,1628,3.69,32226
ground-height-4m-20260830-222436,d024m_r180_run01.csv,4,24,180,dw00;dw01;dw02;dw03;dw04;dw05;dw06;dw07;dw08,dw00;dw01;dw02;dw03;dw04;dw05;dw06;dw07;dw08,dw03;dw07;dw08,15,1,2026-09-01T12:36:34.194+0200,dw00,8103,30,2423,-161,1582,1835,3.72,32257
ground-height-4m-20260830-222436,d024m_r180_run01.csv,4,24,180,dw00;dw01;dw02;dw03;dw04;dw05;dw06;dw07;dw08,dw00;dw01;dw02;dw03;dw04;dw05;dw06;dw07;dw08,dw03;dw07;dw08,15,1,2026-09-01T12:36:34.394+0200,dw00,8103,31,2417,-175,1362,1997,3.69,32226
ground-height-4m-20260830-222436,d024m_r180_run01.csv,4,24,180,dw00;dw01;dw02;dw03;dw04;dw05;dw06;dw07;dw08,dw00;dw01;dw02;dw03;dw04;dw05;dw06;dw07;dw08,dw03;dw07;dw08,55,1,2026-09-01T12:37:54.789+0200,dw02,8FB0,3,2394,-83,-2394,0,2.08,52368
ground-height-4m-20260830-222436,d024m_r180_run01.csv,4,24,180,dw00;dw01;dw02;dw03;dw04;dw05;dw06;dw07;dw08,dw00;dw01;dw02;dw03;dw04;dw05;dw06;dw07;dw08,dw03;dw07;dw08,55,1,2026-09-01T12:38:04.798+0200,dw02,8FB0,1,2404,-101,2404,0,-9.50,65704
ground-height-4m-20260830-222436,d024m_r180_run01.csv,4,24,180,dw00;dw01;dw02;dw03;dw04;dw05;dw06;dw07;dw08,dw00;dw01;dw02;dw03;dw04;dw05;dw06;dw07;dw08,dw03;dw07;dw08,55,1,2026-09-01T12:38:04.985+0200,dw02,8FB0,2,2400,-93,2400,0,2.14,52337
ground-height-4m-20260830-222436,d024m_r180_run01.csv,4,24,180,dw00;dw01;dw02;dw03;dw04;dw05;dw06;dw07;dw08,dw00;dw01;dw02;dw03;dw04;dw05;dw06;dw07;dw08,dw03;dw07;dw08,55,1,2026-09-01T12:38:17.896+0200,dw02,8FB0,1,2405,120,409,2370,-9.26,65704
ground-height-4m-20260830-222436,d024m_r180_run01.csv,4,24,180,dw00;dw01;dw02;dw03;dw04;dw05;dw06;dw07;dw08,dw00;dw01;dw02;dw03;dw04;dw05;dw06;dw07;dw08,dw03;dw07;dw08,55,1,2026-09-01T12:38:18.682+0200,dw02,8FB0,5,2398,-94,2398,0,2.44,52307
ground-height-4m-20260830-222436,d024m_r180_run01.csv,4,24,180,dw00;dw01;dw02;dw03;dw04;dw05;dw06;dw07;dw08,dw00;dw01;dw02;dw03;dw04;dw05;dw06;dw07;dw08,dw03;dw07;dw08,55,1,2026-09-01T12:38:18.882+0200,dw02,8FB0,6,2402,-171,1411,1944,2.38,52307
ground-height-4m-20260830-222436,d024m_r180_run01.csv,4,24,180,dw00;dw01;dw02;dw03;dw04;dw05;dw06;dw07;dw08,dw00;dw01;dw02;dw03;dw04;dw05;dw06;dw07;dw08,dw03;dw07;dw08,55,1,2026-09-01T12:38:19.081+0200,dw02,8FB0,7,2407,-155,1655,1748,2.50,52368
ground-height-4m-20260830-222436,d024m_r180_run01.csv,4,24,180,dw00;dw01;dw02;dw03;dw04;dw05;dw06;dw07;dw08,dw00;dw01;dw02;dw03;dw04;dw05;dw06;dw07;dw08,dw03;dw07;dw08,55,1,2026-09-01T12:38:19.281+0200,dw02,8FB0,8,2400,-98,2400,0,2.32,52337
ground-height-4m-20260830-222436,d024m_r180_run01.csv,4,24,180,dw00;dw01;dw02;dw03;dw04;dw05;dw06;dw07;dw08,dw00;dw01;dw02;dw03;dw04;dw05;dw06;dw07;dw08,dw03;dw07;dw08,55,1,2026-09-01T12:38:19.481+0200,dw02,8FB0,9,2405,-98,2405,0,2.38,52307
ground-height-4m-20260830-222436,d024m_r180_run01.csv,4,24,180,dw00;dw01;dw02;dw03;dw04;dw05;dw06;dw07;dw08,dw00;dw01;dw02;dw03;dw04;dw05;dw06;dw07;dw08,dw03;dw07;dw08,55,1,2026-09-01T12:38:31.406+0200,dw02,8FB0,2,2395,100,114,2392,-9.14,81604
ground-height-4m-20260830-222436,d024m_r180_run01.csv,4,24,180,dw00;dw01;dw02;dw03;dw04;dw05;dw06;dw07;dw08,dw00;dw01;dw02;dw03;dw04;dw05;dw06;dw07;dw08,dw03;dw07;dw08,55,1,2026-09-01T12:38:31.577+0200,dw02,8FB0,3,2399,-90,2399,0,2.32,52337
ground-height-4m-20260830-222436,d024m_r180_run01.csv,4,24,180,dw00;dw01;dw02;dw03;dw04;dw05;dw06;dw07;dw08,dw00;dw01;dw02;dw03;dw04;dw05;dw06;dw07;dw08,dw03;dw07;dw08,55,1,2026-09-01T12:38:31.777+0200,dw02,8FB0,4,2396,-100,2396,0,2.32,52307
ground-height-4m-20260830-222436,d024m_r180_run01.csv,4,24,180,dw00;dw01;dw02;dw03;dw04;dw05;dw06;dw07;dw08,dw00;dw01;dw02;dw03;dw04;dw05;dw06;dw07;dw08,dw03;dw07;dw08,55,1,2026-09-01T12:38:31.977+0200,dw02,8FB0,5,2393,-61,-2279,731,2.44,52337
ground-height-4m-20260830-222436,d024m_r180_run01.csv,4,24,180,dw00;dw01;dw02;dw03;dw04;dw05;dw06;dw07;dw08,dw00;dw01;dw02;dw03;dw04;dw05;dw06;dw07;dw08,dw03;dw07;dw08,55,1,2026-09-01T12:38:32.176+0200,dw02,8FB0,6,2397,-85,-2397,0,2.38,52307
ground-height-4m-20260830-222436,d024m_r180_run01.csv,4,24,180,dw00;dw01;dw02;dw03;dw04;dw05;dw06;dw07;dw08,dw00;dw01;dw02;dw03;dw04;dw05;dw06;dw07;dw08,dw03;dw07;dw08,55,1,2026-09-01T12:38:32.376+0200,dw02,8FB0,7,2393,-95,2393,0,2.44,52307
ground-height-4m-20260830-222436,d024m_r180_run01.csv,4,24,180,dw00;dw01;dw02;dw03;dw04;dw05;dw06;dw07;dw08,dw00;dw01;dw02;dw03;dw04;dw05;dw06;dw07;dw08,dw03;dw07;dw08,55,1,2026-09-01T12:38:32.576+0200,dw02,8FB0,8,2397,-55,-2196,960,2.44,52307
ground-height-4m-20260830-222436,d024m_r180_run01.csv,4,24,180,dw00;dw01;dw02;dw03;dw04;dw05;dw06;dw07;dw08,dw00;dw01;dw02;dw03;dw04;dw05;dw06;dw07;dw08,dw03;dw07;dw08,55,1,2026-09-01T12:38:32.777+0200,dw02,8FB0,9,2402,-17,-1628,1765,2.38,52368
ground-height-4m-20260830-222436,d024m_r180_run01.csv,4,24,180,dw00;dw01;dw02;dw03;dw04;dw05;dw06;dw07;dw08,dw00;dw01;dw02;dw03;dw04;dw05;dw06;dw07;dw08,dw03;dw07;dw08,55,1,2026-09-01T12:38:32.976+0200,dw02,8FB0,10,2398,-100,2398,0,2.38,52276
ground-height-4m-20260830-222436,d024m_r180_run01.csv,4,24,180,dw00;dw01;dw02;dw03;dw04;dw05;dw06;dw07;dw08,dw00;dw01;dw02;dw03;dw04;dw05;dw06;dw07;dw08,dw03;dw07;dw08,55,1,2026-09-01T12:38:33.176+0200,dw02,8FB0,11,2398,-86,-2398,0,2.50,52307
ground-height-4m-20260830-222436,d024m_r180_run01.csv,4,24,180,dw00;dw01;dw02;dw03;dw04;dw05;dw06;dw07;dw08,dw00;dw01;dw02;dw03;dw04;dw05;dw06;dw07;dw08,dw03;dw07;dw08,55,1,2026-09-01T12:38:33.376+0200,dw02,8FB0,12,2394,-43,-2012,1297,2.50,52337
ground-height-4m-20260830-222436,d024m_r180_run01.csv,4,24,180,dw00;dw01;dw02;dw03;dw04;dw05;dw06;dw07;dw08,dw00;dw01;dw02;dw03;dw04;dw05;dw06;dw07;dw08,dw03;dw07;dw08,55,1,2026-09-01T12:38:33.576+0200,dw02,8FB0,13,2393,-44,-2030,1268,2.44,52307
ground-height-4m-20260830-222436,d024m_r180_run01.csv,4,24,180,dw00;dw01;dw02;dw03;dw04;dw05;dw06;dw07;dw08,dw00;dw01;dw02;dw03;dw04;dw05;dw06;dw07;dw08,dw03;dw07;dw08,55,1,2026-09-01T12:38:33.776+0200,dw02,8FB0,14,2399,-102,2399,0,2.38,52337
ground-height-4m-20260830-222436,d024m_r180_run01.csv,4,24,180,dw00;dw01;dw02;dw03;dw04;dw05;dw06;dw07;dw08,dw00;dw01;dw02;dw03;dw04;dw05;dw06;dw07;dw08,dw03;dw07;dw08,55,1,2026-09-01T12:38:33.976+0200,dw02,8FB0,15,2397,-81,-2397,0,2.59,52307
ground-height-4m-20260830-222436,d024m_r180_run01.csv,4,24,180,dw00;dw01;dw02;dw03;dw04;dw05;dw06;dw07;dw08,dw00;dw01;dw02;dw03;dw04;dw05;dw06;dw07;dw08,dw03;dw07;dw08,55,1,2026-09-01T12:38:34.176+0200,dw02,8FB0,16,2395,-74,-2395,0,2.50,52307
ground-height-4m-20260830-222436,d024m_r180_run01.csv,4,24,180,dw00;dw01;dw02;dw03;dw04;dw05;dw06;dw07;dw08,dw00;dw01;dw02;dw03;dw04;dw05;dw06;dw07;dw08,dw03;dw07;dw08,55,1,2026-09-01T12:38:34.376+0200,dw02,8FB0,17,2398,-97,2398,0,2.50,52337
ground-height-4m-20260830-222436,d024m_r180_run01.csv,4,24,180,dw00;dw01;dw02;dw03;dw04;dw05;dw06;dw07;dw08,dw00;dw01;dw02;dw03;dw04;dw05;dw06;dw07;dw08,dw03;dw07;dw08,55,1,2026-09-01T12:38:34.575+0200,dw02,8FB0,18,2397,-85,-2397,0,2.59,52337
ground-height-4m-20260830-222436,d024m_r180_run01.csv,4,24,180,dw00;dw01;dw02;dw03;dw04;dw05;dw06;dw07;dw08,dw00;dw01;dw02;dw03;dw04;dw05;dw06;dw07;dw08,dw03;dw07;dw08,55,1,2026-09-01T12:38:34.991+0200,dw02,8FB0,20,2398,-33,-1863,1510,2.65,68206
ground-height-4m-20260830-222436,d024m_r180_run01.csv,4,24,180,dw00;dw01;dw02;dw03;dw04;dw05;dw06;dw07;dw08,dw00;dw01;dw02;dw03;dw04;dw05;dw06;dw07;dw08,dw03;dw07;dw08,55,1,2026-09-01T12:38:35.176+0200,dw02,8FB0,21,2397,-101,2397,0,2.53,52429
ground-height-4m-20260830-222436,d024m_r180_run01.csv,4,24,180,dw00;dw01;dw02;dw03;dw04;dw05;dw06;dw07;dw08,dw00;dw01;dw02;dw03;dw04;dw05;dw06;dw07;dw08,dw03;dw07;dw08,55,1,2026-09-01T12:38:35.375+0200,dw02,8FB0,22,2400,-98,2400,0,2.53,52276
ground-height-4m-20260830-222436,d024m_r180_run01.csv,4,24,180,dw00;dw01;dw02;dw03;dw04;dw05;dw06;dw07;dw08,dw00;dw01;dw02;dw03;dw04;dw05;dw06;dw07;dw08,dw03;dw07;dw08,55,1,2026-09-01T12:38:35.575+0200,dw02,8FB0,23,2393,-116,2216,903,2.44,52307
ground-height-4m-20260830-222436,d024m_r180_run01.csv,4,24,180,dw00;dw01;dw02;dw03;dw04;dw05;dw06;dw07;dw08,dw00;dw01;dw02;dw03;dw04;dw05;dw06;dw07;dw08,dw03;dw07;dw08,55,1,2026-09-01T12:38:35.775+0200,dw02,8FB0,24,2397,-68,-2386,220,2.44,52307
ground-height-4m-20260830-222436,d024m_r180_run01.csv,4,24,180,dw00;dw01;dw02;dw03;dw04;dw05;dw06;dw07;dw08,dw00;dw01;dw02;dw03;dw04;dw05;dw06;dw07;dw08,dw03;dw07;dw08,55,1,2026-09-01T12:38:35.976+0200,dw02,8FB0,25,2394,-50,-2122,1108,2.50,52337
ground-height-4m-20260830-222436,d024m_r180_run01.csv,4,24,180,dw00;dw01;dw02;dw03;dw04;dw05;dw06;dw07;dw08,dw00;dw01;dw02;dw03;dw04;dw05;dw06;dw07;dw08,dw03;dw07;dw08,55,1,2026-09-01T12:38:36.175+0200,dw02,8FB0,26,2398,-99,2398,0,2.59,52337
ground-height-4m-20260830-222436,d024m_r180_run01.csv,4,24,180,dw00;dw01;dw02;dw03;dw04;dw05;dw06;dw07;dw08,dw00;dw01;dw02;dw03;dw04;dw05;dw06;dw07;dw08,dw03;dw07;dw08,55,1,2026-09-01T12:38:36.375+0200,dw02,8FB0,27,2394,-76,-2394,0,2.59,52307
ground-height-4m-20260830-222436,d024m_r180_run01.csv,4,24,180,dw00;dw01;dw02;dw03;dw04;dw05;dw06;dw07;dw08,dw00;dw01;dw02;dw03;dw04;dw05;dw06;dw07;dw08,dw03;dw07;dw08,55,1,2026-09-01T12:38:36.575+0200,dw02,8FB0,28,2397,-101,2397,0,2.59,52337
ground-height-4m-20260830-222436,d024m_r180_run01.csv,4,24,180,dw00;dw01;dw02;dw03;dw04;dw05;dw06;dw07;dw08,dw00;dw01;dw02;dw03;dw04;dw05;dw06;dw07;dw08,dw03;dw07;dw08,55,1,2026-09-01T12:38:36.775+0200,dw02,8FB0,29,2396,-37,-1927,1424,2.53,52337
ground-height-4m-20260830-222436,d024m_r180_run01.csv,4,24,180,dw00;dw01;dw02;dw03;dw04;dw05;dw06;dw07;dw08,dw00;dw01;dw02;dw03;dw04;dw05;dw06;dw07;dw08,dw03;dw07;dw08,55,1,2026-09-01T12:38:36.975+0200,dw02,8FB0,30,2392,-105,2384,196,2.38,52337
ground-height-4m-20260830-222436,d024m_r180_run01.csv,4,24,180,dw00;dw01;dw02;dw03;dw04;dw05;dw06;dw07;dw08,dw00;dw01;dw02;dw03;dw04;dw05;dw06;dw07;dw08,dw03;dw07;dw08,55,1,2026-09-01T12:38:37.175+0200,dw02,8FB0,31,2397,-100,2397,0,2.44,52307
ground-height-4m-20260830-222436,d024m_r180_run01.csv,4,24,180,dw00;dw01;dw02;dw03;dw04;dw05;dw06;dw07;dw08,dw00;dw01;dw02;dw03;dw04;dw05;dw06;dw07;dw08,dw03;dw07;dw08,55,1,2026-09-01T12:38:37.375+0200,dw02,8FB0,32,2396,-98,2396,0,2.53,52307
ground-height-4m-20260830-222436,d024m_r180_run01.csv,4,24,180,dw00;dw01;dw02;dw03;dw04;dw05;dw06;dw07;dw08,dw00;dw01;dw02;dw03;dw04;dw05;dw06;dw07;dw08,dw03;dw07;dw08,55,1,2026-09-01T12:38:37.575+0200,dw02,8FB0,33,2397,-103,2397,0,2.53,52337
ground-height-4m-20260830-222436,d024m_r180_run01.csv,4,24,180,dw00;dw01;dw02;dw03;dw04;dw05;dw06;dw07;dw08,dw00;dw01;dw02;dw03;dw04;dw05;dw06;dw07;dw08,dw03;dw07;dw08,55,1,2026-09-01T12:38:37.775+0200,dw02,8FB0,34,2397,-44,-2036,1265,2.71,52337
ground-height-4m-20260830-222436,d024m_r180_run01.csv,4,24,180,dw00;dw01;dw02;dw03;dw04;dw05;dw06;dw07;dw08,dw00;dw01;dw02;dw03;dw04;dw05;dw06;dw07;dw08,dw03;dw07;dw08,55,1,2026-09-01T12:38:37.974+0200,dw02,8FB0,35,2393,-80,-2393,0,2.59,52307
ground-height-4m-20260830-222436,d024m_r180_run01.csv,4,24,180,dw00;dw01;dw02;dw03;dw04;dw05;dw06;dw07;dw08,dw00;dw01;dw02;dw03;dw04;dw05;dw06;dw07;dw08,dw03;dw07;dw08,55,1,2026-09-01T12:38:38.174+0200,dw02,8FB0,36,2397,-96,2397,0,2.50,52337
ground-height-4m-20260830-222436,d024m_r180_run01.csv,4,24,180,dw00;dw01;dw02;dw03;dw04;dw05;dw06;dw07;dw08,dw00;dw01;dw02;dw03;dw04;dw05;dw06;dw07;dw08,dw03;dw07;dw08,55,1,2026-09-01T12:38:38.375+0200,dw02,8FB0,37,2397,-94,2396,0,2.59,52337
ground-height-4m-20260830-222436,d024m_r180_run01.csv,4,24,180,dw00;dw01;dw02;dw03;dw04;dw05;dw06;dw07;dw08,dw00;dw01;dw02;dw03;dw04;dw05;dw06;dw07;dw08,dw03;dw07;dw08,55,1,2026-09-01T12:38:38.574+0200,dw02,8FB0,38,2401,-22,-1708,1688,2.59,52337
ground-height-4m-20260830-222436,d024m_r180_run01.csv,4,24,180,dw00;dw01;dw02;dw03;dw04;dw05;dw06;dw07;dw08,dw00;dw01;dw02;dw03;dw04;dw05;dw06;dw07;dw08,dw03;dw07;dw08,55,1,2026-09-01T12:38:38.774+0200,dw02,8FB0,39,2398,-56,-2206,941,2.44,52307
ground-height-4m-20260830-222436,d024m_r180_run01.csv,4,24,180,dw00;dw01;dw02;dw03;dw04;dw05;dw06;dw07;dw08,dw00;dw01;dw02;dw03;dw04;dw05;dw06;dw07;dw08,dw03;dw07;dw08,55,1,2026-09-01T12:38:38.974+0200,dw02,8FB0,40,2397,-32,-1845,1530,2.44,52337
ground-height-4m-20260830-222436,d024m_r180_run01.csv,4,24,180,dw00;dw01;dw02;dw03;dw04;dw05;dw06;dw07;dw08,dw00;dw01;dw02;dw03;dw04;dw05;dw06;dw07;dw08,dw03;dw07;dw08,55,1,2026-09-01T12:38:39.174+0200,dw02,8FB0,41,2392,-89,2392,0,2.59,52276
ground-height-4m-20260830-222436,d024m_r180_run01.csv,4,24,180,dw00;dw01;dw02;dw03;dw04;dw05;dw06;dw07;dw08,dw00;dw01;dw02;dw03;dw04;dw05;dw06;dw07;dw08,dw03;dw07;dw08,55,1,2026-09-01T12:38:39.375+0200,dw02,8FB0,42,2397,-39,-1955,1385,2.53,52337
ground-height-4m-20260830-222436,d024m_r180_run01.csv,4,24,180,dw00;dw01;dw02;dw03;dw04;dw05;dw06;dw07;dw08,dw00;dw01;dw02;dw03;dw04;dw05;dw06;dw07;dw08,dw03;dw07;dw08,55,1,2026-09-01T12:38:39.574+0200,dw02,8FB0,43,2398,-90,2398,0,2.53,52337
ground-height-4m-20260830-222436,d024m_r180_run01.csv,4,24,180,dw00;dw01;dw02;dw03;dw04;dw05;dw06;dw07;dw08,dw00;dw01;dw02;dw03;dw04;dw05;dw06;dw07;dw08,dw03;dw07;dw08,55,1,2026-09-01T12:38:39.774+0200,dw02,8FB0,44,2397,-25,-1744,1644,2.53,52307
ground-height-4m-20260830-222436,d024m_r180_run01.csv,4,24,180,dw00;dw01;dw02;dw03;dw04;dw05;dw06;dw07;dw08,dw00;dw01;dw02;dw03;dw04;dw05;dw06;dw07;dw08,dw03;dw07;dw08,55,1,2026-09-01T12:38:39.974+0200,dw02,8FB0,45,2392,-94,2392,0,2.50,52337
ground-height-4m-20260830-222436,d024m_r180_run01.csv,4,24,180,dw00;dw01;dw02;dw03;dw04;dw05;dw06;dw07;dw08,dw00;dw01;dw02;dw03;dw04;dw05;dw06;dw07;dw08,dw03;dw07;dw08,55,1,2026-09-01T12:38:40.173+0200,dw02,8FB0,46,2398,-31,-1834,1544,2.50,52337
ground-height-4m-20260830-222436,d024m_r180_run01.csv,4,24,180,dw00;dw01;dw02;dw03;dw04;dw05;dw06;dw07;dw08,dw00;dw01;dw02;dw03;dw04;dw05;dw06;dw07;dw08,dw03;dw07;dw08,55,1,2026-09-01T12:38:40.373+0200,dw02,8FB0,47,2391,-103,2391,0,2.50,52307
ground-height-4m-20260830-222436,d024m_r180_run01.csv,4,24,180,dw00;dw01;dw02;dw03;dw04;dw05;dw06;dw07;dw08,dw00;dw01;dw02;dw03;dw04;dw05;dw06;dw07;dw08,dw03;dw07;dw08,55,1,2026-09-01T12:38:40.574+0200,dw02,8FB0,48,2397,-98,2397,0,2.59,52307
ground-height-4m-20260830-222436,d024m_r180_run01.csv,4,24,180,dw00;dw01;dw02;dw03;dw04;dw05;dw06;dw07;dw08,dw00;dw01;dw02;dw03;dw04;dw05;dw06;dw07;dw08,dw03;dw07;dw08,55,1,2026-09-01T12:38:40.774+0200,dw02,8FB0,49,2397,-96,2397,0,2.65,52337
ground-height-4m-20260830-222436,d024m_r180_run01.csv,4,24,180,dw00;dw01;dw02;dw03;dw04;dw05;dw06;dw07;dw08,dw00;dw01;dw02;dw03;dw04;dw05;dw06;dw07;dw08,dw03;dw07;dw08,55,1,2026-09-01T12:38:40.974+0200,dw02,8FB0,50,2396,-8,-1495,1872,2.53,52337
ground-height-4m-20260830-222436,d024m_r180_run01.csv,4,24,180,dw00;dw01;dw02;dw03;dw04;dw05;dw06;dw07;dw08,dw00;dw01;dw02;dw03;dw04;dw05;dw06;dw07;dw08,dw03;dw07;dw08,55,1,2026-09-01T12:38:41.173+0200,dw02,8FB0,51,2396,-90,2396,0,2.65,52307
ground-height-4m-20260830-222436,d024m_r180_run01.csv,4,24,180,dw00;dw01;dw02;dw03;dw04;dw05;dw06;dw07;dw08,dw00;dw01;dw02;dw03;dw04;dw05;dw06;dw07;dw08,dw03;dw07;dw08,55,1,2026-09-01T12:38:41.373+0200,dw02,8FB0,52,2396,-12,-1549,1827,2.50,52337
ground-height-4m-20260830-222436,d024m_r180_run01.csv,4,24,180,dw00;dw01;dw02;dw03;dw04;dw05;dw06;dw07;dw08,dw00;dw01;dw02;dw03;dw04;dw05;dw06;dw07;dw08,dw03;dw07;dw08,55,1,2026-09-01T12:38:41.574+0200,dw02,8FB0,53,2397,-101,2397,0,2.59,52337
ground-height-4m-20260830-222436,d024m_r180_run01.csv,4,24,180,dw00;dw01;dw02;dw03;dw04;dw05;dw06;dw07;dw08,dw00;dw01;dw02;dw03;dw04;dw05;dw06;dw07;dw08,dw03;dw07;dw08,55,1,2026-09-01T12:38:41.773+0200,dw02,8FB0,54,2397,-33,-1866,1505,2.53,52307
ground-height-4m-20260830-222436,d024m_r180_run01.csv,4,24,180,dw00;dw01;dw02;dw03;dw04;dw05;dw06;dw07;dw08,dw00;dw01;dw02;dw03;dw04;dw05;dw06;dw07;dw08,dw03;dw07;dw08,55,1,2026-09-01T12:38:41.973+0200,dw02,8FB0,55,2394,-78,-2394,0,2.59,52337
ground-height-4m-20260830-222436,d024m_r180_run01.csv,4,24,180,dw00;dw01;dw02;dw03;dw04;dw05;dw06;dw07;dw08,dw00;dw01;dw02;dw03;dw04;dw05;dw06;dw07;dw08,dw03;dw07;dw08,55,1,2026-09-01T12:38:42.173+0200,dw02,8FB0,56,2396,-27,-1775,1609,2.50,52337
ground-height-4m-20260830-222436,d024m_r180_run01.csv,4,24,180,dw00;dw01;dw02;dw03;dw04;dw05;dw06;dw07;dw08,dw00;dw01;dw02;dw03;dw04;dw05;dw06;dw07;dw08,dw03;dw07;dw08,55,1,2026-09-01T12:38:42.373+0200,dw02,8FB0,57,2398,-98,2398,0,2.50,52276
ground-height-4m-20260830-222436,d024m_r180_run01.csv,4,24,180,dw00;dw01;dw02;dw03;dw04;dw05;dw06;dw07;dw08,dw00;dw01;dw02;dw03;dw04;dw05;dw06;dw07;dw08,dw03;dw07;dw08,55,1,2026-09-01T12:38:42.573+0200,dw02,8FB0,58,2397,-17,-1624,1762,2.65,52368
ground-height-4m-20260830-222436,d024m_r180_run01.csv,4,24,180,dw00;dw01;dw02;dw03;dw04;dw05;dw06;dw07;dw08,dw00;dw01;dw02;dw03;dw04;dw05;dw06;dw07;dw08,dw03;dw07;dw08,55,1,2026-09-01T12:38:42.773+0200,dw02,8FB0,59,2397,-100,2397,0,2.53,52307
ground-height-4m-20260830-222436,d024m_r180_run01.csv,4,24,180,dw00;dw01;dw02;dw03;dw04;dw05;dw06;dw07;dw08,dw00;dw01;dw02;dw03;dw04;dw05;dw06;dw07;dw08,dw03;dw07;dw08,55,1,2026-09-01T12:38:42.973+0200,dw02,8FB0,60,2400,-75,-2400,0,2.71,52307
ground-height-4m-20260830-222436,d024m_r180_run01.csv,4,24,180,dw00;dw01;dw02;dw03;dw04;dw05;dw06;dw07;dw08,dw00;dw01;dw02;dw03;dw04;dw05;dw06;dw07;dw08,dw03;dw07;dw08,55,1,2026-09-01T12:38:43.173+0200,dw02,8FB0,61,2397,-89,2396,0,2.59,52337
ground-height-4m-20260830-222436,d024m_r180_run01.csv,4,24,180,dw00;dw01;dw02;dw03;dw04;dw05;dw06;dw07;dw08,dw00;dw01;dw02;dw03;dw04;dw05;dw06;dw07;dw08,dw03;dw07;dw08,55,1,2026-09-01T12:38:43.372+0200,dw02,8FB0,62,2394,-5,-1450,1905,2.59,52337
ground-height-4m-20260830-222436,d024m_r180_run01.csv,4,24,180,dw00;dw01;dw02;dw03;dw04;dw05;dw06;dw07;dw08,dw00;dw01;dw02;dw03;dw04;dw05;dw06;dw07;dw08,dw03;dw07;dw08,55,1,2026-09-01T12:38:43.572+0200,dw02,8FB0,63,2400,-95,2400,0,2.65,52307
ground-height-4m-20260830-222436,d024m_r180_run01.csv,4,24,180,dw00;dw01;dw02;dw03;dw04;dw05;dw06;dw07;dw08,dw00;dw01;dw02;dw03;dw04;dw05;dw06;dw07;dw08,dw03;dw07;dw08,55,1,2026-09-01T12:38:43.773+0200,dw02,8FB0,64,2399,-92,2399,0,2.59,52337
ground-height-4m-20260830-222436,d024m_r180_run01.csv,4,24,180,dw00;dw01;dw02;dw03;dw04;dw05;dw06;dw07;dw08,dw00;dw01;dw02;dw03;dw04;dw05;dw06;dw07;dw08,dw03;dw07;dw08,55,1,2026-09-01T12:38:43.973+0200,dw02,8FB0,65,2394,-94,2394,0,2.59,52276
ground-height-4m-20260830-222436,d024m_r180_run01.csv,4,24,180,dw00;dw01;dw02;dw03;dw04;dw05;dw06;dw07;dw08,dw00;dw01;dw02;dw03;dw04;dw05;dw06;dw07;dw08,dw03;dw07;dw08,55,1,2026-09-01T12:38:44.172+0200,dw02,8FB0,66,2398,152,874,2233,2.71,52307
ground-height-4m-20260830-222436,d024m_r180_run01.csv,4,24,180,dw00;dw01;dw02;dw03;dw04;dw05;dw06;dw07;dw08,dw00;dw01;dw02;dw03;dw04;dw05;dw06;dw07;dw08,dw03;dw07;dw08,55,1,2026-09-01T12:38:44.372+0200,dw02,8FB0,67,2396,-86,-2396,0,2.65,52337
ground-height-4m-20260830-222436,d024m_r180_run01.csv,4,24,180,dw00;dw01;dw02;dw03;dw04;dw05;dw06;dw07;dw08,dw00;dw01;dw02;dw03;dw04;dw05;dw06;dw07;dw08,dw03;dw07;dw08,55,1,2026-09-01T12:38:44.572+0200,dw02,8FB0,68,2398,-62,-2297,689,2.59,52368
ground-height-4m-20260830-222436,d024m_r180_run01.csv,4,24,180,dw00;dw01;dw02;dw03;dw04;dw05;dw06;dw07;dw08,dw00;dw01;dw02;dw03;dw04;dw05;dw06;dw07;dw08,dw03;dw07;dw08,55,1,2026-09-01T12:38:44.773+0200,dw02,8FB0,69,2399,-157,1624,1765,2.50,52337
ground-height-4m-20260830-222436,d024m_r180_run01.csv,4,24,180,dw00;dw01;dw02;dw03;dw04;dw05;dw06;dw07;dw08,dw00;dw01;dw02;dw03;dw04;dw05;dw06;dw07;dw08,dw03;dw07;dw08,55,1,2026-09-01T12:38:44.972+0200,dw02,8FB0,70,2397,-88,2397,0,2.59,52337
ground-height-4m-20260830-222436,d024m_r180_run01.csv,4,24,180,dw00;dw01;dw02;dw03;dw04;dw05;dw06;dw07;dw08,dw00;dw01;dw02;dw03;dw04;dw05;dw06;dw07;dw08,dw03;dw07;dw08,55,1,2026-09-01T12:38:45.172+0200,dw02,8FB0,71,2398,-84,-2398,0,2.59,52307
ground-height-4m-20260830-222436,d024m_r180_run01.csv,4,24,180,dw00;dw01;dw02;dw03;dw04;dw05;dw06;dw07;dw08,dw00;dw01;dw02;dw03;dw04;dw05;dw06;dw07;dw08,dw03;dw07;dw08,55,1,2026-09-01T12:38:45.372+0200,dw02,8FB0,72,2399,-71,-2399,0,2.50,52307
ground-height-4m-20260830-222436,d024m_r180_run01.csv,4,24,180,dw00;dw01;dw02;dw03;dw04;dw05;dw06;dw07;dw08,dw00;dw01;dw02;dw03;dw04;dw05;dw06;dw07;dw08,dw03;dw07;dw08,55,1,2026-09-01T12:38:45.572+0200,dw02,8FB0,73,2397,-92,2397,0,2.53,52337
ground-height-4m-20260830-222436,d024m_r180_run01.csv,4,24,180,dw00;dw01;dw02;dw03;dw04;dw05;dw06;dw07;dw08,dw00;dw01;dw02;dw03;dw04;dw05;dw06;dw07;dw08,dw03;dw07;dw08,55,1,2026-09-01T12:38:45.772+0200,dw02,8FB0,74,2397,145,775,2268,2.71,52337
ground-height-4m-20260830-222436,d024m_r180_run01.csv,4,24,180,dw00;dw01;dw02;dw03;dw04;dw05;dw06;dw07;dw08,dw00;dw01;dw02;dw03;dw04;dw05;dw06;dw07;dw08,dw03;dw07;dw08,55,1,2026-09-01T12:38:45.972+0200,dw02,8FB0,75,2393,-75,-2393,0,2.59,52307
ground-height-4m-20260830-222436,d024m_r180_run01.csv,4,24,180,dw00;dw01;dw02;dw03;dw04;dw05;dw06;dw07;dw08,dw00;dw01;dw02;dw03;dw04;dw05;dw06;dw07;dw08,dw03;dw07;dw08,55,1,2026-09-01T12:38:46.172+0200,dw02,8FB0,76,2397,-101,2397,0,2.59,52337
ground-height-4m-20260830-222436,d024m_r180_run01.csv,4,24,180,dw00;dw01;dw02;dw03;dw04;dw05;dw06;dw07;dw08,dw00;dw01;dw02;dw03;dw04;dw05;dw06;dw07;dw08,dw03;dw07;dw08,55,1,2026-09-01T12:38:46.372+0200,dw02,8FB0,77,2397,114,316,2376,2.53,52337
ground-height-4m-20260830-222436,d024m_r180_run01.csv,4,24,180,dw00;dw01;dw02;dw03;dw04;dw05;dw06;dw07;dw08,dw00;dw01;dw02;dw03;dw04;dw05;dw06;dw07;dw08,dw03;dw07;dw08,55,1,2026-09-01T12:39:02.380+0200,dw02,8FB0,1,2393,-96,2393,0,-9.03,65704
ground-height-4m-20260830-222436,d024m_r180_run01.csv,4,24,180,dw00;dw01;dw02;dw03;dw04;dw05;dw06;dw07;dw08,dw00;dw01;dw02;dw03;dw04;dw05;dw06;dw07;dw08,dw03;dw07;dw08,55,1,2026-09-01T12:39:02.566+0200,dw02,8FB0,2,2399,-101,2399,0,2.50,52368
ground-height-4m-20260830-222436,d024m_r180_run01.csv,4,24,180,dw00;dw01;dw02;dw03;dw04;dw05;dw06;dw07;dw08,dw00;dw01;dw02;dw03;dw04;dw05;dw06;dw07;dw08,dw03;dw07;dw08,55,1,2026-09-01T12:39:02.766+0200,dw02,8FB0,3,2395,-88,2395,0,2.53,52337
ground-height-4m-20260830-222436,d024m_r180_run01.csv,4,24,180,dw00;dw01;dw02;dw03;dw04;dw05;dw06;dw07;dw08,dw00;dw01;dw02;dw03;dw04;dw05;dw06;dw07;dw08,dw03;dw07;dw08,55,1,2026-09-01T12:39:02.967+0200,dw02,8FB0,4,2397,-97,2396,0,2.50,52368
ground-height-4m-20260830-222436,d024m_r180_run01.csv,4,24,180,dw00;dw01;dw02;dw03;dw04;dw05;dw06;dw07;dw08,dw00;dw01;dw02;dw03;dw04;dw05;dw06;dw07;dw08,dw03;dw07;dw08,55,1,2026-09-01T12:39:03.167+0200,dw02,8FB0,5,2393,-91,2393,0,2.53,52307
ground-height-4m-20260830-222436,d024m_r180_run01.csv,4,24,180,dw00;dw01;dw02;dw03;dw04;dw05;dw06;dw07;dw08,dw00;dw01;dw02;dw03;dw04;dw05;dw06;dw07;dw08,dw03;dw07;dw08,55,1,2026-09-01T12:39:03.366+0200,dw02,8FB0,6,2399,-99,2399,0,2.65,52307
ground-height-4m-20260830-222436,d024m_r180_run01.csv,4,24,180,dw00;dw01;dw02;dw03;dw04;dw05;dw06;dw07;dw08,dw00;dw01;dw02;dw03;dw04;dw05;dw06;dw07;dw08,dw03;dw07;dw08,55,1,2026-09-01T12:39:03.566+0200,dw02,8FB0,7,2395,-88,2395,0,2.53,52307
ground-height-4m-20260830-222436,d024m_r180_run01.csv,4,24,180,dw00;dw01;dw02;dw03;dw04;dw05;dw06;dw07;dw08,dw00;dw01;dw02;dw03;dw04;dw05;dw06;dw07;dw08,dw03;dw07;dw08,55,1,2026-09-01T12:39:03.766+0200,dw02,8FB0,8,2402,-176,1345,1990,2.50,52307
ground-height-4m-20260830-222436,d024m_r180_run01.csv,4,24,180,dw00;dw01;dw02;dw03;dw04;dw05;dw06;dw07;dw08,dw00;dw01;dw02;dw03;dw04;dw05;dw06;dw07;dw08,dw03;dw07;dw08,55,1,2026-09-01T12:39:03.966+0200,dw02,8FB0,9,2396,-98,2396,0,2.53,52337
ground-height-4m-20260830-222436,d024m_r180_run01.csv,4,24,180,dw00;dw01;dw02;dw03;dw04;dw05;dw06;dw07;dw08,dw00;dw01;dw02;dw03;dw04;dw05;dw06;dw07;dw08,dw03;dw07;dw08,55,1,2026-09-01T12:39:04.166+0200,dw02,8FB0,10,2401,-97,2401,0,2.65,52307
ground-height-4m-20260830-222436,d024m_r180_run01.csv,4,24,180,dw00;dw01;dw02;dw03;dw04;dw05;dw06;dw07;dw08,dw00;dw01;dw02;dw03;dw04;dw05;dw06;dw07;dw08,dw03;dw07;dw08,55,1,2026-09-01T12:39:04.366+0200,dw02,8FB0,11,2397,-100,2397,0,2.53,52307
ground-height-4m-20260830-222436,d024m_r180_run01.csv,4,24,180,dw00;dw01;dw02;dw03;dw04;dw05;dw06;dw07;dw08,dw00;dw01;dw02;dw03;dw04;dw05;dw06;dw07;dw08,dw03;dw07;dw08,55,1,2026-09-01T12:39:04.566+0200,dw02,8FB0,12,2398,178,1261,2040,2.59,52337
ground-height-4m-20260830-222436,d024m_r180_run01.csv,4,24,180,dw00;dw01;dw02;dw03;dw04;dw05;dw06;dw07;dw08,dw00;dw01;dw02;dw03;dw04;dw05;dw06;dw07;dw08,dw03;dw07;dw08,55,1,2026-09-01T12:39:04.965+0200,dw02,8FB0,14,2399,-99,2399,0,2.59,52337
ground-height-4m-20260830-222436,d024m_r180_run01.csv,4,24,180,dw00;dw01;dw02;dw03;dw04;dw05;dw06;dw07;dw08,dw00;dw01;dw02;dw03;dw04;dw05;dw06;dw07;dw08,dw03;dw07;dw08,55,1,2026-09-01T12:39:05.166+0200,dw02,8FB0,15,2397,-92,2396,0,2.53,52337
ground-height-4m-20260830-222436,d024m_r180_run01.csv,4,24,180,dw00;dw01;dw02;dw03;dw04;dw05;dw06;dw07;dw08,dw00;dw01;dw02;dw03;dw04;dw05;dw06;dw07;dw08,dw03;dw07;dw08,55,1,2026-09-01T12:39:05.366+0200,dw02,8FB0,16,2398,-80,-2398,0,2.59,52337
ground-height-4m-20260830-222436,d024m_r180_run01.csv,4,24,180,dw00;dw01;dw02;dw03;dw04;dw05;dw06;dw07;dw08,dw00;dw01;dw02;dw03;dw04;dw05;dw06;dw07;dw08,dw03;dw07;dw08,55,1,2026-09-01T12:39:05.566+0200,dw02,8FB0,17,2399,-111,2290,715,2.50,52307
ground-height-4m-20260830-222436,d024m_r180_run01.csv,4,24,180,dw00;dw01;dw02;dw03;dw04;dw05;dw06;dw07;dw08,dw00;dw01;dw02;dw03;dw04;dw05;dw06;dw07;dw08,dw03;dw07;dw08,55,1,2026-09-01T12:39:05.765+0200,dw02,8FB0,18,2397,-80,-2397,0,2.53,52337
ground-height-4m-20260830-222436,d024m_r180_run01.csv,4,24,180,dw00;dw01;dw02;dw03;dw04;dw05;dw06;dw07;dw08,dw00;dw01;dw02;dw03;dw04;dw05;dw06;dw07;dw08,dw03;dw07;dw08,55,1,2026-09-01T12:39:05.965+0200,dw02,8FB0,19,2397,-98,2396,0,2.53,52337
ground-height-4m-20260830-222436,d024m_r180_run01.csv,4,24,180,dw00;dw01;dw02;dw03;dw04;dw05;dw06;dw07;dw08,dw00;dw01;dw02;dw03;dw04;dw05;dw06;dw07;dw08,dw03;dw07;dw08,55,1,2026-09-01T12:39:06.165+0200,dw02,8FB0,20,2397,-92,2396,0,2.59,52337
ground-height-4m-20260830-222436,d024m_r180_run01.csv,4,24,180,dw00;dw01;dw02;dw03;dw04;dw05;dw06;dw07;dw08,dw00;dw01;dw02;dw03;dw04;dw05;dw06;dw07;dw08,dw03;dw07;dw08,55,1,2026-09-01T12:39:06.366+0200,dw02,8FB0,21,2398,-96,2398,0,2.59,52307
ground-height-4m-20260830-222436,d024m_r180_run01.csv,4,24,180,dw00;dw01;dw02;dw03;dw04;dw05;dw06;dw07;dw08,dw00;dw01;dw02;dw03;dw04;dw05;dw06;dw07;dw08,dw03;dw07;dw08,55,1,2026-09-01T12:39:06.565+0200,dw02,8FB0,22,2398,-96,2398,0,2.44,52307
ground-height-4m-20260830-222436,d024m_r180_run01.csv,4,24,180,dw00;dw01;dw02;dw03;dw04;dw05;dw06;dw07;dw08,dw00;dw01;dw02;dw03;dw04;dw05;dw06;dw07;dw08,dw03;dw07;dw08,55,1,2026-09-01T12:39:06.765+0200,dw02,8FB0,23,2399,-113,2262,799,2.50,52337
ground-height-4m-20260830-222436,d024m_r180_run01.csv,4,24,180,dw00;dw01;dw02;dw03;dw04;dw05;dw06;dw07;dw08,dw00;dw01;dw02;dw03;dw04;dw05;dw06;dw07;dw08,dw03;dw07;dw08,55,1,2026-09-01T12:39:06.965+0200,dw02,8FB0,24,2398,-95,2398,0,2.44,52368
ground-height-4m-20260830-222436,d024m_r180_run01.csv,4,24,180,dw00;dw01;dw02;dw03;dw04;dw05;dw06;dw07;dw08,dw00;dw01;dw02;dw03;dw04;dw05;dw06;dw07;dw08,dw03;dw07;dw08,55,1,2026-09-01T12:39:07.165+0200,dw02,8FB0,25,2402,-99,2402,0,2.59,52276
ground-height-4m-20260830-222436,d024m_r180_run01.csv,4,24,180,dw00;dw01;dw02;dw03;dw04;dw05;dw06;dw07;dw08,dw00;dw01;dw02;dw03;dw04;dw05;dw06;dw07;dw08,dw03;dw07;dw08,55,1,2026-09-01T12:39:07.364+0200,dw02,8FB0,26,2399,-95,2399,0,2.50,52337
ground-height-4m-20260830-222436,d024m_r180_run01.csv,4,24,180,dw00;dw01;dw02;dw03;dw04;dw05;dw06;dw07;dw08,dw00;dw01;dw02;dw03;dw04;dw05;dw06;dw07;dw08,dw03;dw07;dw08,55,1,2026-09-01T12:39:07.565+0200,dw02,8FB0,27,2397,-99,2397,0,2.44,52337
ground-height-4m-20260830-222436,d024m_r180_run01.csv,4,24,180,dw00;dw01;dw02;dw03;dw04;dw05;dw06;dw07;dw08,dw00;dw01;dw02;dw03;dw04;dw05;dw06;dw07;dw08,dw03;dw07;dw08,55,1,2026-09-01T12:39:07.765+0200,dw02,8FB0,28,2397,-100,2397,0,2.65,52337
ground-height-4m-20260830-222436,d024m_r180_run01.csv,4,24,180,dw00;dw01;dw02;dw03;dw04;dw05;dw06;dw07;dw08,dw00;dw01;dw02;dw03;dw04;dw05;dw06;dw07;dw08,dw03;dw07;dw08,55,1,2026-09-01T12:39:07.965+0200,dw02,8FB0,29,2397,-75,-2397,0,2.53,52307
ground-height-4m-20260830-222436,d024m_r180_run01.csv,4,24,180,dw00;dw01;dw02;dw03;dw04;dw05;dw06;dw07;dw08,dw00;dw01;dw02;dw03;dw04;dw05;dw06;dw07;dw08,dw03;dw07;dw08,55,1,2026-09-01T12:39:08.164+0200,dw02,8FB0,30,2405,-93,2405,0,2.53,52337
ground-height-4m-20260830-222436,d024m_r180_run01.csv,4,24,180,dw00;dw01;dw02;dw03;dw04;dw05;dw06;dw07;dw08,dw00;dw01;dw02;dw03;dw04;dw05;dw06;dw07;dw08,dw03;dw07;dw08,55,1,2026-09-01T12:39:08.364+0200,dw02,8FB0,31,2398,-92,2398,0,2.59,52307
ground-height-4m-20260830-222436,d024m_r180_run01.csv,4,24,180,dw00;dw01;dw02;dw03;dw04;dw05;dw06;dw07;dw08,dw00;dw01;dw02;dw03;dw04;dw05;dw06;dw07;dw08,dw03;dw07;dw08,55,1,2026-09-01T12:39:08.565+0200,dw02,8FB0,32,2403,-100,2403,0,2.59,52337
ground-height-4m-20260830-222436,d024m_r180_run01.csv,4,24,180,dw00;dw01;dw02;dw03;dw04;dw05;dw06;dw07;dw08,dw00;dw01;dw02;dw03;dw04;dw05;dw06;dw07;dw08,dw03;dw07;dw08,55,1,2026-09-01T12:39:08.765+0200,dw02,8FB0,33,2400,-97,2400,0,2.53,52307
ground-height-4m-20260830-222436,d024m_r180_run01.csv,4,24,180,dw00;dw01;dw02;dw03;dw04;dw05;dw06;dw07;dw08,dw00;dw01;dw02;dw03;dw04;dw05;dw06;dw07;dw08,dw03;dw07;dw08,55,1,2026-09-01T12:39:08.964+0200,dw02,8FB0,34,2398,-98,2398,0,2.50,52368
ground-height-4m-20260830-222436,d024m_r180_run01.csv,4,24,180,dw00;dw01;dw02;dw03;dw04;dw05;dw06;dw07;dw08,dw00;dw01;dw02;dw03;dw04;dw05;dw06;dw07;dw08,dw03;dw07;dw08,55,1,2026-09-01T12:39:09.164+0200,dw02,8FB0,35,2402,-93,2402,0,2.50,52337
ground-height-4m-20260830-222436,d024m_r180_run01.csv,4,24,180,dw00;dw01;dw02;dw03;dw04;dw05;dw06;dw07;dw08,dw00;dw01;dw02;dw03;dw04;dw05;dw06;dw07;dw08,dw03;dw07;dw08,55,1,2026-09-01T12:39:09.364+0200,dw02,8FB0,36,2397,-104,2397,0,2.59,52337
ground-height-4m-20260830-222436,d024m_r180_run01.csv,4,24,180,dw00;dw01;dw02;dw03;dw04;dw05;dw06;dw07;dw08,dw00;dw01;dw02;dw03;dw04;dw05;dw06;dw07;dw08,dw03;dw07;dw08,55,1,2026-09-01T12:39:09.564+0200,dw02,8FB0,37,2398,-117,2208,935,2.53,52307
ground-height-4m-20260830-222436,d024m_r180_run01.csv,4,24,180,dw00;dw01;dw02;dw03;dw04;dw05;dw06;dw07;dw08,dw00;dw01;dw02;dw03;dw04;dw05;dw06;dw07;dw08,dw03;dw07;dw08,55,1,2026-09-01T12:39:09.764+0200,dw02,8FB0,38,2396,-77,-2396,0,2.59,52337
ground-height-4m-20260830-222436,d024m_r180_run01.csv,4,24,180,dw00;dw01;dw02;dw03;dw04;dw05;dw06;dw07;dw08,dw00;dw01;dw02;dw03;dw04;dw05;dw06;dw07;dw08,dw03;dw07;dw08,55,1,2026-09-01T12:39:09.964+0200,dw02,8FB0,39,2392,-90,2392,0,2.59,52307
ground-height-4m-20260830-222436,d024m_r180_run01.csv,4,24,180,dw00;dw01;dw02;dw03;dw04;dw05;dw06;dw07;dw08,dw00;dw01;dw02;dw03;dw04;dw05;dw06;dw07;dw08,dw03;dw07;dw08,55,1,2026-09-01T12:39:10.164+0200,dw02,8FB0,40,2396,-75,-2396,0,2.65,52337
ground-height-4m-20260830-222436,d024m_r180_run01.csv,4,24,180,dw00;dw01;dw02;dw03;dw04;dw05;dw06;dw07;dw08,dw00;dw01;dw02;dw03;dw04;dw05;dw06;dw07;dw08,dw03;dw07;dw08,55,1,2026-09-01T12:39:10.364+0200,dw02,8FB0,41,2397,-109,2326,581,2.53,52337
ground-height-4m-20260830-222436,d024m_r180_run01.csv,4,24,180,dw00;dw01;dw02;dw03;dw04;dw05;dw06;dw07;dw08,dw00;dw01;dw02;dw03;dw04;dw05;dw06;dw07;dw08,dw03;dw07;dw08,55,1,2026-09-01T12:39:10.563+0200,dw02,8FB0,42,2399,-95,2399,0,2.53,52307
ground-height-4m-20260830-222436,d024m_r180_run01.csv,4,24,180,dw00;dw01;dw02;dw03;dw04;dw05;dw06;dw07;dw08,dw00;dw01;dw02;dw03;dw04;dw05;dw06;dw07;dw08,dw03;dw07;dw08,55,1,2026-09-01T12:39:10.763+0200,dw02,8FB0,43,2394,-88,2394,0,2.71,52337
ground-height-4m-20260830-222436,d024m_r180_run01.csv,4,24,180,dw00;dw01;dw02;dw03;dw04;dw05;dw06;dw07;dw08,dw00;dw01;dw02;dw03;dw04;dw05;dw06;dw07;dw08,dw03;dw07;dw08,55,1,2026-09-01T12:39:10.964+0200,dw02,8FB0,44,2396,-88,2396,0,2.59,52337
ground-height-4m-20260830-222436,d024m_r180_run01.csv,4,24,180,dw00;dw01;dw02;dw03;dw04;dw05;dw06;dw07;dw08,dw00;dw01;dw02;dw03;dw04;dw05;dw06;dw07;dw08,dw03;dw07;dw08,55,1,2026-09-01T12:39:11.164+0200,dw02,8FB0,45,2394,-84,-2394,0,2.53,52337
ground-height-4m-20260830-222436,d024m_r180_run01.csv,4,24,180,dw00;dw01;dw02;dw03;dw04;dw05;dw06;dw07;dw08,dw00;dw01;dw02;dw03;dw04;dw05;dw06;dw07;dw08,dw03;dw07;dw08,55,1,2026-09-01T12:39:11.363+0200,dw02,8FB0,46,2401,-96,2401,0,2.53,52307
ground-height-4m-20260830-222436,d024m_r180_run01.csv,4,24,180,dw00;dw01;dw02;dw03;dw04;dw05;dw06;dw07;dw08,dw00;dw01;dw02;dw03;dw04;dw05;dw06;dw07;dw08,dw03;dw07;dw08,55,1,2026-09-01T12:39:11.563+0200,dw02,8FB0,47,2396,-93,2396,0,2.50,52337
ground-height-4m-20260830-222436,d024m_r180_run01.csv,4,24,180,dw00;dw01;dw02;dw03;dw04;dw05;dw06;dw07;dw08,dw00;dw01;dw02;dw03;dw04;dw05;dw06;dw07;dw08,dw03;dw07;dw08,55,1,2026-09-01T12:39:11.763+0200,dw02,8FB0,48,2398,-91,2398,0,2.50,52337
ground-height-4m-20260830-222436,d024m_r180_run01.csv,4,24,180,dw00;dw01;dw02;dw03;dw04;dw05;dw06;dw07;dw08,dw00;dw01;dw02;dw03;dw04;dw05;dw06;dw07;dw08,dw03;dw07;dw08,55,1,2026-09-01T12:39:11.964+0200,dw02,8FB0,49,2401,-105,2390,236,2.59,52307
ground-height-4m-20260830-222436,d024m_r180_run01.csv,4,24,180,dw00;dw01;dw02;dw03;dw04;dw05;dw06;dw07;dw08,dw00;dw01;dw02;dw03;dw04;dw05;dw06;dw07;dw08,dw03;dw07;dw08,55,1,2026-09-01T12:39:12.163+0200,dw02,8FB0,50,2395,-99,2395,0,2.53,52337
ground-height-4m-20260830-222436,d024m_r180_run01.csv,4,24,180,dw00;dw01;dw02;dw03;dw04;dw05;dw06;dw07;dw08,dw00;dw01;dw02;dw03;dw04;dw05;dw06;dw07;dw08,dw03;dw07;dw08,55,1,2026-09-01T12:39:12.363+0200,dw02,8FB0,51,2396,-95,2396,0,2.53,52337
ground-height-4m-20260830-222436,d024m_r180_run01.csv,4,24,180,dw00;dw01;dw02;dw03;dw04;dw05;dw06;dw07;dw08,dw00;dw01;dw02;dw03;dw04;dw05;dw06;dw07;dw08,dw03;dw07;dw08,55,1,2026-09-01T12:39:12.563+0200,dw02,8FB0,52,2392,-98,2392,0,2.59,52307
ground-height-4m-20260830-222436,d024m_r180_run01.csv,4,24,180,dw00;dw01;dw02;dw03;dw04;dw05;dw06;dw07;dw08,dw00;dw01;dw02;dw03;dw04;dw05;dw06;dw07;dw08,dw03;dw07;dw08,55,1,2026-09-01T12:39:12.763+0200,dw02,8FB0,53,2395,-105,2379,270,2.50,52337
ground-height-4m-20260830-222436,d024m_r180_run01.csv,4,24,180,dw00;dw01;dw02;dw03;dw04;dw05;dw06;dw07;dw08,dw00;dw01;dw02;dw03;dw04;dw05;dw06;dw07;dw08,dw03;dw07;dw08,55,1,2026-09-01T12:39:12.963+0200,dw02,8FB0,54,2389,-84,-2389,0,2.59,52307
ground-height-4m-20260830-222436,d024m_r180_run01.csv,4,24,180,dw00;dw01;dw02;dw03;dw04;dw05;dw06;dw07;dw08,dw00;dw01;dw02;dw03;dw04;dw05;dw06;dw07;dw08,dw03;dw07;dw08,55,1,2026-09-01T12:39:13.163+0200,dw02,8FB0,55,2398,-95,2398,0,2.59,52337
ground-height-4m-20260830-222436,d024m_r180_run01.csv,4,24,180,dw00;dw01;dw02;dw03;dw04;dw05;dw06;dw07;dw08,dw00;dw01;dw02;dw03;dw04;dw05;dw06;dw07;dw08,dw03;dw07;dw08,55,1,2026-09-01T12:39:13.363+0200,dw02,8FB0,56,2394,-97,2394,0,2.59,52307
ground-height-4m-20260830-222436,d024m_r180_run01.csv,4,24,180,dw00;dw01;dw02;dw03;dw04;dw05;dw06;dw07;dw08,dw00;dw01;dw02;dw03;dw04;dw05;dw06;dw07;dw08,dw03;dw07;dw08,55,1,2026-09-01T12:39:13.563+0200,dw02,8FB0,57,2393,-81,-2393,0,2.65,52337
ground-height-4m-20260830-222436,d024m_r180_run01.csv,4,24,180,dw00;dw01;dw02;dw03;dw04;dw05;dw06;dw07;dw08,dw00;dw01;dw02;dw03;dw04;dw05;dw06;dw07;dw08,dw03;dw07;dw08,55,1,2026-09-01T12:39:13.762+0200,dw02,8FB0,58,2392,-77,-2392,0,2.53,52337
ground-height-4m-20260830-222436,d024m_r180_run01.csv,4,24,180,dw00;dw01;dw02;dw03;dw04;dw05;dw06;dw07;dw08,dw00;dw01;dw02;dw03;dw04;dw05;dw06;dw07;dw08,dw03;dw07;dw08,55,1,2026-09-01T12:39:13.962+0200,dw02,8FB0,59,2392,-102,2392,0,2.50,52337
ground-height-4m-20260830-222436,d024m_r180_run01.csv,4,24,180,dw00;dw01;dw02;dw03;dw04;dw05;dw06;dw07;dw08,dw00;dw01;dw02;dw03;dw04;dw05;dw06;dw07;dw08,dw03;dw07;dw08,55,1,2026-09-01T12:39:14.163+0200,dw02,8FB0,60,2397,-99,2397,0,2.53,52337
ground-height-4m-20260830-222436,d024m_r180_run01.csv,4,24,180,dw00;dw01;dw02;dw03;dw04;dw05;dw06;dw07;dw08,dw00;dw01;dw02;dw03;dw04;dw05;dw06;dw07;dw08,dw03;dw07;dw08,55,1,2026-09-01T12:39:14.762+0200,dw02,8FB0,63,2394,-90,2394,0,2.50,52337
ground-height-4m-20260830-222436,d024m_r180_run01.csv,4,24,180,dw00;dw01;dw02;dw03;dw04;dw05;dw06;dw07;dw08,dw00;dw01;dw02;dw03;dw04;dw05;dw06;dw07;dw08,dw03;dw07;dw08,55,1,2026-09-01T12:39:14.962+0200,dw02,8FB0,64,2398,-103,2398,0,2.50,52337
ground-height-4m-20260830-222436,d024m_r180_run01.csv,4,24,180,dw00;dw01;dw02;dw03;dw04;dw05;dw06;dw07;dw08,dw00;dw01;dw02;dw03;dw04;dw05;dw06;dw07;dw08,dw03;dw07;dw08,55,1,2026-09-01T12:39:15.362+0200,dw02,8FB0,66,2392,-79,-2392,0,2.65,52307
ground-height-4m-20260830-222436,d024m_r180_run01.csv,4,24,180,dw00;dw01;dw02;dw03;dw04;dw05;dw06;dw07;dw08,dw00;dw01;dw02;dw03;dw04;dw05;dw06;dw07;dw08,dw03;dw07;dw08,55,1,2026-09-01T12:39:17.074+0200,dw02,8FB0,1,2393,-89,2393,0,-9.08,65673
ground-height-4m-20260830-222436,d024m_r180_run01.csv,4,24,180,dw00;dw01;dw02;dw03;dw04;dw05;dw06;dw07;dw08,dw00;dw01;dw02;dw03;dw04;dw05;dw06;dw07;dw08,dw03;dw07;dw08,55,1,2026-09-01T12:39:17.461+0200,dw02,8FB0,3,2396,-97,2396,0,2.53,52307
ground-height-4m-20260830-222436,d024m_r180_run01.csv,4,24,180,dw00;dw01;dw02;dw03;dw04;dw05;dw06;dw07;dw08,dw00;dw01;dw02;dw03;dw04;dw05;dw06;dw07;dw08,dw03;dw07;dw08,55,1,2026-09-01T12:39:17.662+0200,dw02,8FB0,4,2397,-176,1341,1986,2.50,52337
ground-height-4m-20260830-222436,d024m_r180_run01.csv,4,24,180,dw00;dw01;dw02;dw03;dw04;dw05;dw06;dw07;dw08,dw00;dw01;dw02;dw03;dw04;dw05;dw06;dw07;dw08,dw03;dw07;dw08,55,1,2026-09-01T12:39:17.862+0200,dw02,8FB0,5,2393,-143,1825,1547,2.59,52337
ground-height-4m-20260830-222436,d024m_r180_run01.csv,4,24,180,dw00;dw01;dw02;dw03;dw04;dw05;dw06;dw07;dw08,dw00;dw01;dw02;dw03;dw04;dw05;dw06;dw07;dw08,dw03;dw07;dw08,55,1,2026-09-01T12:39:18.062+0200,dw02,8FB0,6,2391,150,852,2234,2.59,52337
ground-height-4m-20260830-222436,d024m_r180_run01.csv,4,24,180,dw00;dw01;dw02;dw03;dw04;dw05;dw06;dw07;dw08,dw00;dw01;dw02;dw03;dw04;dw05;dw06;dw07;dw08,dw03;dw07;dw08,55,1,2026-09-01T12:39:18.262+0200,dw02,8FB0,7,2400,-120,2168,1030,2.65,52337
ground-height-4m-20260830-222436,d024m_r180_run01.csv,4,24,180,dw00;dw01;dw02;dw03;dw04;dw05;dw06;dw07;dw08,dw00;dw01;dw02;dw03;dw04;dw05;dw06;dw07;dw08,dw03;dw07;dw08,55,1,2026-09-01T12:39:18.462+0200,dw02,8FB0,8,2401,-98,2401,0,2.53,52368
ground-height-4m-20260830-222436,d024m_r180_run01.csv,4,24,180,dw00;dw01;dw02;dw03;dw04;dw05;dw06;dw07;dw08,dw00;dw01;dw02;dw03;dw04;dw05;dw06;dw07;dw08,dw03;dw07;dw08,55,1,2026-09-01T12:39:18.662+0200,dw02,8FB0,9,2395,-100,2395,0,2.53,52337
ground-height-4m-20260830-222436,d024m_r180_run01.csv,4,24,180,dw00;dw01;dw02;dw03;dw04;dw05;dw06;dw07;dw08,dw00;dw01;dw02;dw03;dw04;dw05;dw06;dw07;dw08,dw03;dw07;dw08,55,1,2026-09-01T12:39:18.862+0200,dw02,8FB0,10,2397,-92,2396,0,2.53,52337
ground-height-4m-20260830-222436,d024m_r180_run01.csv,4,24,180,dw00;dw01;dw02;dw03;dw04;dw05;dw06;dw07;dw08,dw00;dw01;dw02;dw03;dw04;dw05;dw06;dw07;dw08,dw03;dw07;dw08,55,1,2026-09-01T12:39:19.262+0200,dw02,8FB0,12,2395,-97,2395,0,2.50,52337
ground-height-4m-20260830-222436,d024m_r180_run01.csv,4,24,180,dw00;dw01;dw02;dw03;dw04;dw05;dw06;dw07;dw08,dw00;dw01;dw02;dw03;dw04;dw05;dw06;dw07;dw08,dw03;dw07;dw08,55,1,2026-09-01T12:39:19.678+0200,dw02,8FB0,14,2397,-87,2397,0,2.77,68206
ground-height-4m-20260830-222436,d024m_r180_run01.csv,4,24,180,dw00;dw01;dw02;dw03;dw04;dw05;dw06;dw07;dw08,dw00;dw01;dw02;dw03;dw04;dw05;dw06;dw07;dw08,dw03;dw07;dw08,55,1,2026-09-01T12:39:19.861+0200,dw02,8FB0,15,2397,-85,-2398,0,2.59,52337
ground-height-4m-20260830-222436,d024m_r180_run01.csv,4,24,180,dw00;dw01;dw02;dw03;dw04;dw05;dw06;dw07;dw08,dw00;dw01;dw02;dw03;dw04;dw05;dw06;dw07;dw08,dw03;dw07;dw08,55,1,2026-09-01T12:39:20.061+0200,dw02,8FB0,16,2397,-120,2163,1034,2.44,52368
ground-height-4m-20260830-222436,d024m_r180_run01.csv,4,24,180,dw00;dw01;dw02;dw03;dw04;dw05;dw06;dw07;dw08,dw00;dw01;dw02;dw03;dw04;dw05;dw06;dw07;dw08,dw03;dw07;dw08,55,1,2026-09-01T12:39:20.261+0200,dw02,8FB0,17,2400,-99,2400,0,2.59,52337
ground-height-4m-20260830-222436,d024m_r180_run01.csv,4,24,180,dw00;dw01;dw02;dw03;dw04;dw05;dw06;dw07;dw08,dw00;dw01;dw02;dw03;dw04;dw05;dw06;dw07;dw08,dw03;dw07;dw08,55,1,2026-09-01T12:39:20.462+0200,dw02,8FB0,18,2395,-105,2381,260,2.50,52337
ground-height-4m-20260830-222436,d024m_r180_run01.csv,4,24,180,dw00;dw01;dw02;dw03;dw04;dw05;dw06;dw07;dw08,dw00;dw01;dw02;dw03;dw04;dw05;dw06;dw07;dw08,dw03;dw07;dw08,55,1,2026-09-01T12:39:20.661+0200,dw02,8FB0,19,2398,-97,2398,0,2.59,52337
ground-height-4m-20260830-222436,d024m_r180_run01.csv,4,24,180,dw00;dw01;dw02;dw03;dw04;dw05;dw06;dw07;dw08,dw00;dw01;dw02;dw03;dw04;dw05;dw06;dw07;dw08,dw03;dw07;dw08,55,1,2026-09-01T12:39:22.861+0200,dw02,8FB0,30,2392,-88,2392,0,2.65,52307
ground-height-4m-20260830-222436,d024m_r180_run01.csv,4,24,180,dw00;dw01;dw02;dw03;dw04;dw05;dw06;dw07;dw08,dw00;dw01;dw02;dw03;dw04;dw05;dw06;dw07;dw08,dw03;dw07;dw08,55,1,2026-09-01T12:39:23.060+0200,dw02,8FB0,31,2398,-111,2300,678,2.50,52337
ground-height-4m-20260830-222436,d024m_r180_run01.csv,4,24,180,dw00;dw01;dw02;dw03;dw04;dw05;dw06;dw07;dw08,dw00;dw01;dw02;dw03;dw04;dw05;dw06;dw07;dw08,dw03;dw07;dw08,55,1,2026-09-01T12:39:23.676+0200,dw02,8FB0,34,2397,-86,-2398,0,2.71,68176
ground-height-4m-20260830-222436,d024m_r180_run01.csv,4,24,180,dw00;dw01;dw02;dw03;dw04;dw05;dw06;dw07;dw08,dw00;dw01;dw02;dw03;dw04;dw05;dw06;dw07;dw08,dw03;dw07;dw08,55,1,2026-09-01T12:39:23.860+0200,dw02,8FB0,35,2402,-84,-2402,0,2.59,52337
ground-height-4m-20260830-222436,d024m_r180_run01.csv,4,24,180,dw00;dw01;dw02;dw03;dw04;dw05;dw06;dw07;dw08,dw00;dw01;dw02;dw03;dw04;dw05;dw06;dw07;dw08,dw03;dw07;dw08,55,1,2026-09-01T12:39:24.060+0200,dw02,8FB0,36,2401,-103,2401,0,2.53,52307
ground-height-4m-20260830-222436,d024m_r180_run01.csv,4,24,180,dw00;dw01;dw02;dw03;dw04;dw05;dw06;dw07;dw08,dw00;dw01;dw02;dw03;dw04;dw05;dw06;dw07;dw08,dw03;dw07;dw08,55,1,2026-09-01T12:39:24.260+0200,dw02,8FB0,37,2401,-82,-2401,0,2.53,52368
ground-height-4m-20260830-222436,d024m_r180_run01.csv,4,24,180,dw00;dw01;dw02;dw03;dw04;dw05;dw06;dw07;dw08,dw00;dw01;dw02;dw03;dw04;dw05;dw06;dw07;dw08,dw03;dw07;dw08,55,1,2026-09-01T12:39:24.460+0200,dw02,8FB0,38,2399,-98,2399,0,2.50,52337
ground-height-4m-20260830-222436,d024m_r180_run01.csv,4,24,180,dw00;dw01;dw02;dw03;dw04;dw05;dw06;dw07;dw08,dw00;dw01;dw02;dw03;dw04;dw05;dw06;dw07;dw08,dw03;dw07;dw08,55,1,2026-09-01T12:39:24.659+0200,dw02,8FB0,39,2399,-96,2399,0,2.50,52337
ground-height-4m-20260830-222436,d024m_r180_run01.csv,4,24,180,dw00;dw01;dw02;dw03;dw04;dw05;dw06;dw07;dw08,dw00;dw01;dw02;dw03;dw04;dw05;dw06;dw07;dw08,dw03;dw07;dw08,55,1,2026-09-01T12:39:24.860+0200,dw02,8FB0,40,2394,-117,2202,940,2.50,52337
ground-height-4m-20260830-222436,d024m_r180_run01.csv,4,24,180,dw00;dw01;dw02;dw03;dw04;dw05;dw06;dw07;dw08,dw00;dw01;dw02;dw03;dw04;dw05;dw06;dw07;dw08,dw03;dw07;dw08,55,1,2026-09-01T12:39:25.060+0200,dw02,8FB0,41,2398,-97,2398,0,2.50,52368
ground-height-4m-20260830-222436,d024m_r180_run01.csv,4,24,180,dw00;dw01;dw02;dw03;dw04;dw05;dw06;dw07;dw08,dw00;dw01;dw02;dw03;dw04;dw05;dw06;dw07;dw08,dw03;dw07;dw08,55,1,2026-09-01T12:39:25.259+0200,dw02,8FB0,42,2401,-97,2401,0,2.53,52276
ground-height-4m-20260830-222436,d024m_r180_run01.csv,4,24,180,dw00;dw01;dw02;dw03;dw04;dw05;dw06;dw07;dw08,dw00;dw01;dw02;dw03;dw04;dw05;dw06;dw07;dw08,dw03;dw07;dw08,55,1,2026-09-01T12:39:25.459+0200,dw02,8FB0,43,2402,-93,2402,0,2.59,52337
ground-height-4m-20260830-222436,d024m_r180_run01.csv,4,24,180,dw00;dw01;dw02;dw03;dw04;dw05;dw06;dw07;dw08,dw00;dw01;dw02;dw03;dw04;dw05;dw06;dw07;dw08,dw03;dw07;dw08,55,1,2026-09-01T12:39:25.659+0200,dw02,8FB0,44,2396,-95,2396,0,2.50,52337
ground-height-4m-20260830-222436,d024m_r180_run01.csv,4,24,180,dw00;dw01;dw02;dw03;dw04;dw05;dw06;dw07;dw08,dw00;dw01;dw02;dw03;dw04;dw05;dw06;dw07;dw08,dw03;dw07;dw08,55,1,2026-09-01T12:39:25.859+0200,dw02,8FB0,45,2401,-105,2389,237,2.59,52368
ground-height-4m-20260830-222436,d024m_r180_run01.csv,4,24,180,dw00;dw01;dw02;dw03;dw04;dw05;dw06;dw07;dw08,dw00;dw01;dw02;dw03;dw04;dw05;dw06;dw07;dw08,dw03;dw07;dw08,55,1,2026-09-01T12:39:26.060+0200,dw02,8FB0,46,2395,-99,2395,0,2.59,52337
ground-height-4m-20260830-222436,d024m_r180_run01.csv,4,24,180,dw00;dw01;dw02;dw03;dw04;dw05;dw06;dw07;dw08,dw00;dw01;dw02;dw03;dw04;dw05;dw06;dw07;dw08,dw03;dw07;dw08,55,1,2026-09-01T12:39:26.459+0200,dw02,8FB0,48,2401,-109,2324,604,2.44,52337
ground-height-4m-20260830-222436,d024m_r180_run01.csv,4,24,180,dw00;dw01;dw02;dw03;dw04;dw05;dw06;dw07;dw08,dw00;dw01;dw02;dw03;dw04;dw05;dw06;dw07;dw08,dw03;dw07;dw08,55,1,2026-09-01T12:39:26.659+0200,dw02,8FB0,49,2398,-97,2398,0,2.59,52368
ground-height-4m-20260830-222436,d024m_r180_run01.csv,4,24,180,dw00;dw01;dw02;dw03;dw04;dw05;dw06;dw07;dw08,dw00;dw01;dw02;dw03;dw04;dw05;dw06;dw07;dw08,dw03;dw07;dw08,55,1,2026-09-01T12:39:26.858+0200,dw02,8FB0,50,2397,-93,2397,0,2.65,52276
ground-height-4m-20260830-222436,d024m_r180_run01.csv,4,24,180,dw00;dw01;dw02;dw03;dw04;dw05;dw06;dw07;dw08,dw00;dw01;dw02;dw03;dw04;dw05;dw06;dw07;dw08,dw03;dw07;dw08,55,1,2026-09-01T12:39:27.058+0200,dw02,8FB0,51,2393,-74,-2393,0,2.53,52337
ground-height-4m-20260830-222436,d024m_r180_run01.csv,4,24,180,dw00;dw01;dw02;dw03;dw04;dw05;dw06;dw07;dw08,dw00;dw01;dw02;dw03;dw04;dw05;dw06;dw07;dw08,dw03;dw07;dw08,55,1,2026-09-01T12:39:27.259+0200,dw02,8FB0,52,2396,-85,-2396,0,2.53,52307
ground-height-4m-20260830-222436,d024m_r180_run01.csv,4,24,180,dw00;dw01;dw02;dw03;dw04;dw05;dw06;dw07;dw08,dw00;dw01;dw02;dw03;dw04;dw05;dw06;dw07;dw08,dw03;dw07;dw08,55,1,2026-09-01T12:39:27.459+0200,dw02,8FB0,53,2395,-102,2395,0,2.44,52368
ground-height-4m-20260830-222436,d024m_r180_run01.csv,4,24,180,dw00;dw01;dw02;dw03;dw04;dw05;dw06;dw07;dw08,dw00;dw01;dw02;dw03;dw04;dw05;dw06;dw07;dw08,dw03;dw07;dw08,55,1,2026-09-01T12:39:27.659+0200,dw02,8FB0,54,2397,-98,2396,0,2.71,52337
ground-height-4m-20260830-222436,d024m_r180_run01.csv,4,24,180,dw00;dw01;dw02;dw03;dw04;dw05;dw06;dw07;dw08,dw00;dw01;dw02;dw03;dw04;dw05;dw06;dw07;dw08,dw03;dw07;dw08,55,1,2026-09-01T12:39:27.858+0200,dw02,8FB0,55,2395,-91,2395,0,2.53,52337
ground-height-4m-20260830-222436,d024m_r180_run01.csv,4,24,180,dw00;dw01;dw02;dw03;dw04;dw05;dw06;dw07;dw08,dw00;dw01;dw02;dw03;dw04;dw05;dw06;dw07;dw08,dw03;dw07;dw08,55,1,2026-09-01T12:39:28.259+0200,dw02,8FB0,57,2399,-80,-2399,0,2.59,52368
ground-height-4m-20260830-222436,d024m_r180_run01.csv,4,24,180,dw00;dw01;dw02;dw03;dw04;dw05;dw06;dw07;dw08,dw00;dw01;dw02;dw03;dw04;dw05;dw06;dw07;dw08,dw03;dw07;dw08,55,1,2026-09-01T12:39:28.459+0200,dw02,8FB0,58,2399,-100,2399,0,2.50,52307
ground-height-4m-20260830-222436,d024m_r180_run01.csv,4,24,180,dw00;dw01;dw02;dw03;dw04;dw05;dw06;dw07;dw08,dw00;dw01;dw02;dw03;dw04;dw05;dw06;dw07;dw08,dw03;dw07;dw08,55,1,2026-09-01T12:39:28.658+0200,dw02,8FB0,59,2403,-99,2403,0,2.59,52337
ground-height-4m-20260830-222436,d024m_r180_run01.csv,4,24,180,dw00;dw01;dw02;dw03;dw04;dw05;dw06;dw07;dw08,dw00;dw01;dw02;dw03;dw04;dw05;dw06;dw07;dw08,dw03;dw07;dw08,55,1,2026-09-01T12:39:28.858+0200,dw02,8FB0,60,2393,-105,2383,211,2.53,52307
ground-height-4m-20260830-222436,d024m_r180_run01.csv,4,24,180,dw00;dw01;dw02;dw03;dw04;dw05;dw06;dw07;dw08,dw00;dw01;dw02;dw03;dw04;dw05;dw06;dw07;dw08,dw03;dw07;dw08,55,1,2026-09-01T12:39:29.058+0200,dw02,8FB0,61,2399,-93,2399,0,2.53,52337
ground-height-4m-20260830-222436,d024m_r180_run01.csv,4,24,180,dw00;dw01;dw02;dw03;dw04;dw05;dw06;dw07;dw08,dw00;dw01;dw02;dw03;dw04;dw05;dw06;dw07;dw08,dw03;dw07;dw08,55,1,2026-09-01T12:39:29.258+0200,dw02,8FB0,62,2398,-86,-2398,0,2.59,52307
ground-height-4m-20260830-222436,d024m_r180_run01.csv,4,24,180,dw00;dw01;dw02;dw03;dw04;dw05;dw06;dw07;dw08,dw00;dw01;dw02;dw03;dw04;dw05;dw06;dw07;dw08,dw03;dw07;dw08,55,1,2026-09-01T12:39:29.458+0200,dw02,8FB0,63,2398,-89,2398,0,2.59,52307
ground-height-4m-20260830-222436,d024m_r180_run01.csv,4,24,180,dw00;dw01;dw02;dw03;dw04;dw05;dw06;dw07;dw08,dw00;dw01;dw02;dw03;dw04;dw05;dw06;dw07;dw08,dw03;dw07;dw08,55,1,2026-09-01T12:39:29.658+0200,dw02,8FB0,64,2397,-95,2396,0,2.53,52307
ground-height-4m-20260830-222436,d024m_r180_run01.csv,4,24,180,dw00;dw01;dw02;dw03;dw04;dw05;dw06;dw07;dw08,dw00;dw01;dw02;dw03;dw04;dw05;dw06;dw07;dw08,dw03;dw07;dw08,55,1,2026-09-01T12:39:29.858+0200,dw02,8FB0,65,2395,-101,2395,0,2.59,52307
ground-height-4m-20260830-222436,d024m_r180_run01.csv,4,24,180,dw00;dw01;dw02;dw03;dw04;dw05;dw06;dw07;dw08,dw00;dw01;dw02;dw03;dw04;dw05;dw06;dw07;dw08,dw03;dw07;dw08,55,1,2026-09-01T12:39:30.058+0200,dw02,8FB0,66,2400,-86,-2400,0,2.59,52337
ground-height-4m-20260830-222436,d024m_r180_run01.csv,4,24,180,dw00;dw01;dw02;dw03;dw04;dw05;dw06;dw07;dw08,dw00;dw01;dw02;dw03;dw04;dw05;dw06;dw07;dw08,dw03;dw07;dw08,55,1,2026-09-01T12:39:30.257+0200,dw02,8FB0,67,2402,-93,2402,0,2.44,52337
ground-height-4m-20260830-222436,d024m_r180_run01.csv,4,24,180,dw00;dw01;dw02;dw03;dw04;dw05;dw06;dw07;dw08,dw00;dw01;dw02;dw03;dw04;dw05;dw06;dw07;dw08,dw03;dw07;dw08,55,1,2026-09-01T12:39:30.457+0200,dw02,8FB0,68,2398,-88,2398,0,2.50,52368
ground-height-4m-20260830-222436,d024m_r180_run01.csv,4,24,180,dw00;dw01;dw02;dw03;dw04;dw05;dw06;dw07;dw08,dw00;dw01;dw02;dw03;dw04;dw05;dw06;dw07;dw08,dw03;dw07;dw08,55,1,2026-09-01T12:39:30.658+0200,dw02,8FB0,69,2398,171,1158,2100,2.53,52307
ground-height-4m-20260830-222436,d024m_r180_run01.csv,4,24,180,dw00;dw01;dw02;dw03;dw04;dw05;dw06;dw07;dw08,dw00;dw01;dw02;dw03;dw04;dw05;dw06;dw07;dw08,dw03;dw07;dw08,55,1,2026-09-01T12:39:30.858+0200,dw02,8FB0,70,2397,-88,2397,0,2.53,52337
ground-height-4m-20260830-222436,d024m_r180_run01.csv,4,24,180,dw00;dw01;dw02;dw03;dw04;dw05;dw06;dw07;dw08,dw00;dw01;dw02;dw03;dw04;dw05;dw06;dw07;dw08,dw03;dw07;dw08,55,1,2026-09-01T12:39:31.057+0200,dw02,8FB0,71,2406,-89,2406,0,2.53,52307
ground-height-4m-20260830-222436,d024m_r180_run01.csv,4,24,180,dw00;dw01;dw02;dw03;dw04;dw05;dw06;dw07;dw08,dw00;dw01;dw02;dw03;dw04;dw05;dw06;dw07;dw08,dw03;dw07;dw08,75,1,2026-09-01T12:39:55.524+0200,dw03,021B,1,2396,-41,-1986,1340,-11.44,26947
ground-height-4m-20260830-222436,d024m_r180_run01.csv,4,24,180,dw00;dw01;dw02;dw03;dw04;dw05;dw06;dw07;dw08,dw00;dw01;dw02;dw03;dw04;dw05;dw06;dw07;dw08,dw03;dw07;dw08,75,1,2026-09-01T12:39:55.709+0200,dw03,021B,2,2390,-38,-1934,1404,0.32,12359
ground-height-4m-20260830-222436,d024m_r180_run01.csv,4,24,180,dw00;dw01;dw02;dw03;dw04;dw05;dw06;dw07;dw08,dw00;dw01;dw02;dw03;dw04;dw05;dw06;dw07;dw08,dw03;dw07;dw08,75,1,2026-09-01T12:39:56.109+0200,dw03,021B,4,2390,-52,-2135,1074,1.57,12298
ground-height-4m-20260830-222436,d024m_r180_run01.csv,4,24,180,dw00;dw01;dw02;dw03;dw04;dw05;dw06;dw07;dw08,dw00;dw01;dw02;dw03;dw04;dw05;dw06;dw07;dw08,dw03;dw07;dw08,75,1,2026-09-01T12:39:56.741+0200,dw03,021B,7,2396,-47,-2079,1190,1.99,43548
ground-height-4m-20260830-222436,d024m_r180_run01.csv,4,24,180,dw00;dw01;dw02;dw03;dw04;dw05;dw06;dw07;dw08,dw00;dw01;dw02;dw03;dw04;dw05;dw06;dw07;dw08,dw03;dw07;dw08,75,1,2026-09-01T12:39:57.309+0200,dw03,021B,10,2401,-41,-1988,1346,1.81,12359
ground-height-4m-20260830-222436,d024m_r180_run01.csv,4,24,180,dw00;dw01;dw02;dw03;dw04;dw05;dw06;dw07;dw08,dw00;dw01;dw02;dw03;dw04;dw05;dw06;dw07;dw08,dw03;dw07;dw08,75,1,2026-09-01T12:39:57.509+0200,dw03,021B,11,2396,-43,-2007,1308,1.63,12298
ground-height-4m-20260830-222436,d024m_r180_run01.csv,4,24,180,dw00;dw01;dw02;dw03;dw04;dw05;dw06;dw07;dw08,dw00;dw01;dw02;dw03;dw04;dw05;dw06;dw07;dw08,dw03;dw07;dw08,75,1,2026-09-01T12:39:57.708+0200,dw03,021B,12,2395,-44,-2020,1286,1.69,12298
ground-height-4m-20260830-222436,d024m_r180_run01.csv,4,24,180,dw00;dw01;dw02;dw03;dw04;dw05;dw06;dw07;dw08,dw00;dw01;dw02;dw03;dw04;dw05;dw06;dw07;dw08,dw03;dw07;dw08,75,1,2026-09-01T12:39:57.908+0200,dw03,021B,13,2398,-42,-2005,1315,1.75,12329
ground-height-4m-20260830-222436,d024m_r180_run01.csv,4,24,180,dw00;dw01;dw02;dw03;dw04;dw05;dw06;dw07;dw08,dw00;dw01;dw02;dw03;dw04;dw05;dw06;dw07;dw08,dw03;dw07;dw08,75,1,2026-09-01T12:39:58.109+0200,dw03,021B,14,2399,-49,-2102,1156,1.75,12298
ground-height-4m-20260830-222436,d024m_r180_run01.csv,4,24,180,dw00;dw01;dw02;dw03;dw04;dw05;dw06;dw07;dw08,dw00;dw01;dw02;dw03;dw04;dw05;dw06;dw07;dw08,dw03;dw07;dw08,75,1,2026-09-01T12:39:58.309+0200,dw03,021B,15,2397,-36,-1913,1445,1.75,12298
ground-height-4m-20260830-222436,d024m_r180_run01.csv,4,24,180,dw00;dw01;dw02;dw03;dw04;dw05;dw06;dw07;dw08,dw00;dw01;dw02;dw03;dw04;dw05;dw06;dw07;dw08,dw03;dw07;dw08,75,1,2026-09-01T12:39:58.509+0200,dw03,021B,16,2398,-40,-1976,1359,1.81,12298
ground-height-4m-20260830-222436,d024m_r180_run01.csv,4,24,180,dw00;dw01;dw02;dw03;dw04;dw05;dw06;dw07;dw08,dw00;dw01;dw02;dw03;dw04;dw05;dw06;dw07;dw08,dw03;dw07;dw08,75,1,2026-09-01T12:39:58.708+0200,dw03,021B,17,2395,-47,-2071,1202,1.69,12329
ground-height-4m-20260830-222436,d024m_r180_run01.csv,4,24,180,dw00;dw01;dw02;dw03;dw04;dw05;dw06;dw07;dw08,dw00;dw01;dw02;dw03;dw04;dw05;dw06;dw07;dw08,dw03;dw07;dw08,75,1,2026-09-01T12:39:58.908+0200,dw03,021B,18,2396,-55,-2187,979,1.81,12298
ground-height-4m-20260830-222436,d024m_r180_run01.csv,4,24,180,dw00;dw01;dw02;dw03;dw04;dw05;dw06;dw07;dw08,dw00;dw01;dw02;dw03;dw04;dw05;dw06;dw07;dw08,dw03;dw07;dw08,75,1,2026-09-01T12:39:59.108+0200,dw03,021B,19,2397,-32,-1857,1514,1.81,12298
ground-height-4m-20260830-222436,d024m_r180_run01.csv,4,24,180,dw00;dw01;dw02;dw03;dw04;dw05;dw06;dw07;dw08,dw00;dw01;dw02;dw03;dw04;dw05;dw06;dw07;dw08,dw03;dw07;dw08,75,1,2026-09-01T12:39:59.309+0200,dw03,021B,20,2398,-38,-1942,1407,1.75,12298
ground-height-4m-20260830-222436,d024m_r180_run01.csv,4,24,180,dw00;dw01;dw02;dw03;dw04;dw05;dw06;dw07;dw08,dw00;dw01;dw02;dw03;dw04;dw05;dw06;dw07;dw08,dw03;dw07;dw08,75,1,2026-09-01T12:39:59.508+0200,dw03,021B,21,2393,-48,-2077,1187,1.81,12329
ground-height-4m-20260830-222436,d024m_r180_run01.csv,4,24,180,dw00;dw01;dw02;dw03;dw04;dw05;dw06;dw07;dw08,dw00;dw01;dw02;dw03;dw04;dw05;dw06;dw07;dw08,dw03;dw07;dw08,75,1,2026-09-01T12:39:59.708+0200,dw03,021B,22,2395,-41,-1983,1342,1.75,12329
ground-height-4m-20260830-222436,d024m_r180_run01.csv,4,24,180,dw00;dw01;dw02;dw03;dw04;dw05;dw06;dw07;dw08,dw00;dw01;dw02;dw03;dw04;dw05;dw06;dw07;dw08,dw03;dw07;dw08,75,1,2026-09-01T12:39:59.908+0200,dw03,021B,23,2392,-39,-1944,1393,1.81,12298
ground-height-4m-20260830-222436,d024m_r180_run01.csv,4,24,180,dw00;dw01;dw02;dw03;dw04;dw05;dw06;dw07;dw08,dw00;dw01;dw02;dw03;dw04;dw05;dw06;dw07;dw08,dw03;dw07;dw08,75,1,2026-09-01T12:40:00.539+0200,dw03,021B,26,2392,-58,-2226,876,2.02,43579
ground-height-4m-20260830-222436,d024m_r180_run01.csv,4,24,180,dw00;dw01;dw02;dw03;dw04;dw05;dw06;dw07;dw08,dw00;dw01;dw02;dw03;dw04;dw05;dw06;dw07;dw08,dw03;dw07;dw08,75,1,2026-09-01T12:40:00.708+0200,dw03,021B,27,2396,-49,-2104,1144,1.87,12298
ground-height-4m-20260830-222436,d024m_r180_run01.csv,4,24,180,dw00;dw01;dw02;dw03;dw04;dw05;dw06;dw07;dw08,dw00;dw01;dw02;dw03;dw04;dw05;dw06;dw07;dw08,dw03;dw07;dw08,75,1,2026-09-01T12:40:01.123+0200,dw03,021B,29,2393,-47,-2074,1193,2.02,27984
ground-height-4m-20260830-222436,d024m_r180_run01.csv,4,24,180,dw00;dw01;dw02;dw03;dw04;dw05;dw06;dw07;dw08,dw00;dw01;dw02;dw03;dw04;dw05;dw06;dw07;dw08,dw03;dw07;dw08,75,1,2026-09-01T12:40:01.307+0200,dw03,021B,30,2397,-53,-2160,1040,1.81,12359
ground-height-4m-20260830-222436,d024m_r180_run01.csv,4,24,180,dw00;dw01;dw02;dw03;dw04;dw05;dw06;dw07;dw08,dw00;dw01;dw02;dw03;dw04;dw05;dw06;dw07;dw08,dw03;dw07;dw08,75,1,2026-09-01T12:40:01.508+0200,dw03,021B,31,2397,-30,-1815,1565,1.81,12329
ground-height-4m-20260830-222436,d024m_r180_run01.csv,4,24,180,dw00;dw01;dw02;dw03;dw04;dw05;dw06;dw07;dw08,dw00;dw01;dw02;dw03;dw04;dw05;dw06;dw07;dw08,dw03;dw07;dw08,75,1,2026-09-01T12:40:01.707+0200,dw03,021B,32,2393,-45,-2035,1260,1.69,12298
ground-height-4m-20260830-222436,d024m_r180_run01.csv,4,24,180,dw00;dw01;dw02;dw03;dw04;dw05;dw06;dw07;dw08,dw00;dw01;dw02;dw03;dw04;dw05;dw06;dw07;dw08,dw03;dw07;dw08,75,1,2026-09-01T12:40:01.907+0200,dw03,021B,33,2390,-42,-1993,1320,1.87,12298
ground-height-4m-20260830-222436,d024m_r180_run01.csv,4,24,180,dw00;dw01;dw02;dw03;dw04;dw05;dw06;dw07;dw08,dw00;dw01;dw02;dw03;dw04;dw05;dw06;dw07;dw08,dw03;dw07;dw08,75,1,2026-09-01T12:40:02.323+0200,dw03,021B,35,2391,-47,-2068,1199,1.93,27984
ground-height-4m-20260830-222436,d024m_r180_run01.csv,4,24,180,dw00;dw01;dw02;dw03;dw04;dw05;dw06;dw07;dw08,dw00;dw01;dw02;dw03;dw04;dw05;dw06;dw07;dw08,dw03;dw07;dw08,75,1,2026-09-01T12:40:02.507+0200,dw03,021B,36,2394,-38,-1933,1412,1.87,12329
ground-height-4m-20260830-222436,d024m_r180_run01.csv,4,24,180,dw00;dw01;dw02;dw03;dw04;dw05;dw06;dw07;dw08,dw00;dw01;dw02;dw03;dw04;dw05;dw06;dw07;dw08,dw03;dw07;dw08,75,1,2026-09-01T12:40:02.707+0200,dw03,021B,37,2395,-47,-2074,1198,1.81,12329
ground-height-4m-20260830-222436,d024m_r180_run01.csv,4,24,180,dw00;dw01;dw02;dw03;dw04;dw05;dw06;dw07;dw08,dw00;dw01;dw02;dw03;dw04;dw05;dw06;dw07;dw08,dw03;dw07;dw08,75,1,2026-09-01T12:40:02.907+0200,dw03,021B,38,2393,-39,-1957,1376,1.87,12329
ground-height-4m-20260830-222436,d024m_r180_run01.csv,4,24,180,dw00;dw01;dw02;dw03;dw04;dw05;dw06;dw07;dw08,dw00;dw01;dw02;dw03;dw04;dw05;dw06;dw07;dw08,dw03;dw07;dw08,75,1,2026-09-01T12:40:03.107+0200,dw03,021B,39,2391,-33,-1855,1509,1.75,12298
ground-height-4m-20260830-222436,d024m_r180_run01.csv,4,24,180,dw00;dw01;dw02;dw03;dw04;dw05;dw06;dw07;dw08,dw00;dw01;dw02;dw03;dw04;dw05;dw06;dw07;dw08,dw03;dw07;dw08,75,1,2026-09-01T12:40:03.307+0200,dw03,021B,40,2393,-43,-2015,1291,1.81,12298
ground-height-4m-20260830-222436,d024m_r180_run01.csv,4,24,180,dw00;dw01;dw02;dw03;dw04;dw05;dw06;dw07;dw08,dw00;dw01;dw02;dw03;dw04;dw05;dw06;dw07;dw08,dw03;dw07;dw08,75,1,2026-09-01T12:40:03.506+0200,dw03,021B,41,2392,-36,-1908,1443,1.81,12298
ground-height-4m-20260830-222436,d024m_r180_run01.csv,4,24,180,dw00;dw01;dw02;dw03;dw04;dw05;dw06;dw07;dw08,dw00;dw01;dw02;dw03;dw04;dw05;dw06;dw07;dw08,dw03;dw07;dw08,75,1,2026-09-01T12:40:03.707+0200,dw03,021B,42,2395,-31,-1839,1533,1.75,12298
ground-height-4m-20260830-222436,d024m_r180_run01.csv,4,24,180,dw00;dw01;dw02;dw03;dw04;dw05;dw06;dw07;dw08,dw00;dw01;dw02;dw03;dw04;dw05;dw06;dw07;dw08,dw03;dw07;dw08,75,1,2026-09-01T12:40:03.907+0200,dw03,021B,43,2393,-35,-1889,1468,1.81,12298
ground-height-4m-20260830-222436,d024m_r180_run01.csv,4,24,180,dw00;dw01;dw02;dw03;dw04;dw05;dw06;dw07;dw08,dw00;dw01;dw02;dw03;dw04;dw05;dw06;dw07;dw08,dw03;dw07;dw08,75,1,2026-09-01T12:40:04.107+0200,dw03,021B,44,2392,-47,-2067,1203,1.81,12329
ground-height-4m-20260830-222436,d024m_r180_run01.csv,4,24,180,dw00;dw01;dw02;dw03;dw04;dw05;dw06;dw07;dw08,dw00;dw01;dw02;dw03;dw04;dw05;dw06;dw07;dw08,dw03;dw07;dw08,75,1,2026-09-01T12:40:04.306+0200,dw03,021B,45,2396,-54,-2177,1001,1.81,12298
ground-height-4m-20260830-222436,d024m_r180_run01.csv,4,24,180,dw00;dw01;dw02;dw03;dw04;dw05;dw06;dw07;dw08,dw00;dw01;dw02;dw03;dw04;dw05;dw06;dw07;dw08,dw03;dw07;dw08,75,1,2026-09-01T12:40:04.506+0200,dw03,021B,46,2393,-50,-2109,1131,1.81,12298
ground-height-4m-20260830-222436,d024m_r180_run01.csv,4,24,180,dw00;dw01;dw02;dw03;dw04;dw05;dw06;dw07;dw08,dw00;dw01;dw02;dw03;dw04;dw05;dw06;dw07;dw08,dw03;dw07;dw08,75,1,2026-09-01T12:40:04.706+0200,dw03,021B,47,2395,-37,-1927,1422,1.75,12329
ground-height-4m-20260830-222436,d024m_r180_run01.csv,4,24,180,dw00;dw01;dw02;dw03;dw04;dw05;dw06;dw07;dw08,dw00;dw01;dw02;dw03;dw04;dw05;dw06;dw07;dw08,dw03;dw07;dw08,75,1,2026-09-01T12:40:04.906+0200,dw03,021B,48,2397,-40,-1964,1374,1.69,12298
ground-height-4m-20260830-222436,d024m_r180_run01.csv,4,24,180,dw00;dw01;dw02;dw03;dw04;dw05;dw06;dw07;dw08,dw00;dw01;dw02;dw03;dw04;dw05;dw06;dw07;dw08,dw03;dw07;dw08,75,1,2026-09-01T12:40:05.106+0200,dw03,021B,49,2394,-26,-1757,1626,1.87,12298
ground-height-4m-20260830-222436,d024m_r180_run01.csv,4,24,180,dw00;dw01;dw02;dw03;dw04;dw05;dw06;dw07;dw08,dw00;dw01;dw02;dw03;dw04;dw05;dw06;dw07;dw08,dw03;dw07;dw08,75,1,2026-09-01T12:40:05.306+0200,dw03,021B,50,2394,-34,-1875,1488,1.75,12298
ground-height-4m-20260830-222436,d024m_r180_run01.csv,4,24,180,dw00;dw01;dw02;dw03;dw04;dw05;dw06;dw07;dw08,dw00;dw01;dw02;dw03;dw04;dw05;dw06;dw07;dw08,dw03;dw07;dw08,75,1,2026-09-01T12:40:05.506+0200,dw03,021B,51,2397,-40,-1965,1372,1.81,12298
ground-height-4m-20260830-222436,d024m_r180_run01.csv,4,24,180,dw00;dw01;dw02;dw03;dw04;dw05;dw06;dw07;dw08,dw00;dw01;dw02;dw03;dw04;dw05;dw06;dw07;dw08,dw03;dw07;dw08,75,1,2026-09-01T12:40:05.706+0200,dw03,021B,52,2395,-46,-2059,1223,1.75,12298
ground-height-4m-20260830-222436,d024m_r180_run01.csv,4,24,180,dw00;dw01;dw02;dw03;dw04;dw05;dw06;dw07;dw08,dw00;dw01;dw02;dw03;dw04;dw05;dw06;dw07;dw08,dw03;dw07;dw08,75,1,2026-09-01T12:40:05.906+0200,dw03,021B,53,2395,-43,-2009,1304,1.69,12298
ground-height-4m-20260830-222436,d024m_r180_run01.csv,4,24,180,dw00;dw01;dw02;dw03;dw04;dw05;dw06;dw07;dw08,dw00;dw01;dw02;dw03;dw04;dw05;dw06;dw07;dw08,dw03;dw07;dw08,75,1,2026-09-01T12:40:06.106+0200,dw03,021B,54,2391,-45,-2033,1259,1.87,12298
ground-height-4m-20260830-222436,d024m_r180_run01.csv,4,24,180,dw00;dw01;dw02;dw03;dw04;dw05;dw06;dw07;dw08,dw00;dw01;dw02;dw03;dw04;dw05;dw06;dw07;dw08,dw03;dw07;dw08,75,1,2026-09-01T12:40:06.306+0200,dw03,021B,55,2393,-51,-2123,1105,1.69,12329
ground-height-4m-20260830-222436,d024m_r180_run01.csv,4,24,180,dw00;dw01;dw02;dw03;dw04;dw05;dw06;dw07;dw08,dw00;dw01;dw02;dw03;dw04;dw05;dw06;dw07;dw08,dw03;dw07;dw08,75,1,2026-09-01T12:40:06.505+0200,dw03,021B,56,2394,-41,-1987,1334,1.69,12298
ground-height-4m-20260830-222436,d024m_r180_run01.csv,4,24,180,dw00;dw01;dw02;dw03;dw04;dw05;dw06;dw07;dw08,dw00;dw01;dw02;dw03;dw04;dw05;dw06;dw07;dw08,dw03;dw07;dw08,75,1,2026-09-01T12:40:06.705+0200,dw03,021B,57,2393,-54,-2170,1009,1.81,12298
ground-height-4m-20260830-222436,d024m_r180_run01.csv,4,24,180,dw00;dw01;dw02;dw03;dw04;dw05;dw06;dw07;dw08,dw00;dw01;dw02;dw03;dw04;dw05;dw06;dw07;dw08,dw03;dw07;dw08,75,1,2026-09-01T12:40:06.905+0200,dw03,021B,58,2394,-39,-1956,1380,1.63,12298
ground-height-4m-20260830-222436,d024m_r180_run01.csv,4,24,180,dw00;dw01;dw02;dw03;dw04;dw05;dw06;dw07;dw08,dw00;dw01;dw02;dw03;dw04;dw05;dw06;dw07;dw08,dw03;dw07;dw08,75,1,2026-09-01T12:40:07.106+0200,dw03,021B,59,2395,-47,-2071,1201,1.75,12298
ground-height-4m-20260830-222436,d024m_r180_run01.csv,4,24,180,dw00;dw01;dw02;dw03;dw04;dw05;dw06;dw07;dw08,dw00;dw01;dw02;dw03;dw04;dw05;dw06;dw07;dw08,dw03;dw07;dw08,75,1,2026-09-01T12:40:07.306+0200,dw03,021B,60,2394,-50,-2114,1123,1.63,12298
ground-height-4m-20260830-222436,d024m_r180_run01.csv,4,24,180,dw00;dw01;dw02;dw03;dw04;dw05;dw06;dw07;dw08,dw00;dw01;dw02;dw03;dw04;dw05;dw06;dw07;dw08,dw03;dw07;dw08,75,1,2026-09-01T12:40:07.505+0200,dw03,021B,61,2397,-29,-1809,1573,1.69,12298
ground-height-4m-20260830-222436,d024m_r180_run01.csv,4,24,180,dw00;dw01;dw02;dw03;dw04;dw05;dw06;dw07;dw08,dw00;dw01;dw02;dw03;dw04;dw05;dw06;dw07;dw08,dw03;dw07;dw08,75,1,2026-09-01T12:40:07.705+0200,dw03,021B,62,2395,-37,-1923,1427,1.81,12298
ground-height-4m-20260830-222436,d024m_r180_run01.csv,4,24,180,dw00;dw01;dw02;dw03;dw04;dw05;dw06;dw07;dw08,dw00;dw01;dw02;dw03;dw04;dw05;dw06;dw07;dw08,dw03;dw07;dw08,75,1,2026-09-01T12:40:07.905+0200,dw03,021B,63,2396,-48,-2084,1180,1.87,12329
ground-height-4m-20260830-222436,d024m_r180_run01.csv,4,24,180,dw00;dw01;dw02;dw03;dw04;dw05;dw06;dw07;dw08,dw00;dw01;dw02;dw03;dw04;dw05;dw06;dw07;dw08,dw03;dw07;dw08,75,1,2026-09-01T12:40:08.104+0200,dw03,021B,64,2395,-48,-2079,1188,1.75,12298
ground-height-4m-20260830-222436,d024m_r180_run01.csv,4,24,180,dw00;dw01;dw02;dw03;dw04;dw05;dw06;dw07;dw08,dw00;dw01;dw02;dw03;dw04;dw05;dw06;dw07;dw08,dw03;dw07;dw08,75,1,2026-09-01T12:40:08.305+0200,dw03,021B,65,2398,-33,-1863,1510,1.75,12329
ground-height-4m-20260830-222436,d024m_r180_run01.csv,4,24,180,dw00;dw01;dw02;dw03;dw04;dw05;dw06;dw07;dw08,dw00;dw01;dw02;dw03;dw04;dw05;dw06;dw07;dw08,dw03;dw07;dw08,75,1,2026-09-01T12:40:08.505+0200,dw03,021B,66,2394,-36,-1914,1438,1.75,12268
ground-height-4m-20260830-222436,d024m_r180_run01.csv,4,24,180,dw00;dw01;dw02;dw03;dw04;dw05;dw06;dw07;dw08,dw00;dw01;dw02;dw03;dw04;dw05;dw06;dw07;dw08,dw03;dw07;dw08,75,1,2026-09-01T12:40:08.705+0200,dw03,021B,67,2395,-42,-1991,1330,1.81,12298
ground-height-4m-20260830-222436,d024m_r180_run01.csv,4,24,180,dw00;dw01;dw02;dw03;dw04;dw05;dw06;dw07;dw08,dw00;dw01;dw02;dw03;dw04;dw05;dw06;dw07;dw08,dw03;dw07;dw08,75,1,2026-09-01T12:40:08.905+0200,dw03,021B,68,2395,-23,-1712,1675,1.75,12329
ground-height-4m-20260830-222436,d024m_r180_run01.csv,4,24,180,dw00;dw01;dw02;dw03;dw04;dw05;dw06;dw07;dw08,dw00;dw01;dw02;dw03;dw04;dw05;dw06;dw07;dw08,dw03;dw07;dw08,75,1,2026-09-01T12:40:09.104+0200,dw03,021B,69,2395,-52,-2139,1076,1.57,12298
ground-height-4m-20260830-222436,d024m_r180_run01.csv,4,24,180,dw00;dw01;dw02;dw03;dw04;dw05;dw06;dw07;dw08,dw00;dw01;dw02;dw03;dw04;dw05;dw06;dw07;dw08,dw03;dw07;dw08,75,1,2026-09-01T12:40:09.305+0200,dw03,021B,70,2394,-42,-2004,1310,1.87,12298
ground-height-4m-20260830-222436,d024m_r180_run01.csv,4,24,180,dw00;dw01;dw02;dw03;dw04;dw05;dw06;dw07;dw08,dw00;dw01;dw02;dw03;dw04;dw05;dw06;dw07;dw08,dw03;dw07;dw08,75,1,2026-09-01T12:40:09.505+0200,dw03,021B,71,2393,-33,-1865,1499,1.75,12298
ground-height-4m-20260830-222436,d024m_r180_run01.csv,4,24,180,dw00;dw01;dw02;dw03;dw04;dw05;dw06;dw07;dw08,dw00;dw01;dw02;dw03;dw04;dw05;dw06;dw07;dw08,dw03;dw07;dw08,75,1,2026-09-01T12:40:09.705+0200,dw03,021B,72,2393,-35,-1891,1466,1.69,12298
ground-height-4m-20260830-222436,d024m_r180_run01.csv,4,24,180,dw00;dw01;dw02;dw03;dw04;dw05;dw06;dw07;dw08,dw00;dw01;dw02;dw03;dw04;dw05;dw06;dw07;dw08,dw03;dw07;dw08,75,1,2026-09-01T12:40:09.904+0200,dw03,021B,73,2396,-41,-1986,1340,1.63,12329
ground-height-4m-20260830-222436,d024m_r180_run01.csv,4,24,180,dw00;dw01;dw02;dw03;dw04;dw05;dw06;dw07;dw08,dw00;dw01;dw02;dw03;dw04;dw05;dw06;dw07;dw08,dw03;dw07;dw08,75,1,2026-09-01T12:40:10.104+0200,dw03,021B,74,2394,-26,-1767,1615,1.75,12298
ground-height-4m-20260830-222436,d024m_r180_run01.csv,4,24,180,dw00;dw01;dw02;dw03;dw04;dw05;dw06;dw07;dw08,dw00;dw01;dw02;dw03;dw04;dw05;dw06;dw07;dw08,dw03;dw07;dw08,75,1,2026-09-01T12:40:10.304+0200,dw03,021B,75,2394,-36,-1905,1449,1.75,12298
ground-height-4m-20260830-222436,d024m_r180_run01.csv,4,24,180,dw00;dw01;dw02;dw03;dw04;dw05;dw06;dw07;dw08,dw00;dw01;dw02;dw03;dw04;dw05;dw06;dw07;dw08,dw03;dw07;dw08,75,1,2026-09-01T12:40:10.504+0200,dw03,021B,76,2396,-38,-1941,1404,1.69,12298
ground-height-4m-20260830-222436,d024m_r180_run01.csv,4,24,180,dw00;dw01;dw02;dw03;dw04;dw05;dw06;dw07;dw08,dw00;dw01;dw02;dw03;dw04;dw05;dw06;dw07;dw08,dw03;dw07;dw08,75,1,2026-09-01T12:40:10.704+0200,dw03,021B,77,2394,-43,-2018,1289,1.75,12298
ground-height-4m-20260830-222436,d024m_r180_run01.csv,4,24,180,dw00;dw01;dw02;dw03;dw04;dw05;dw06;dw07;dw08,dw00;dw01;dw02;dw03;dw04;dw05;dw06;dw07;dw08,dw03;dw07;dw08,75,1,2026-09-01T12:40:10.904+0200,dw03,021B,78,2392,-33,-1870,1492,1.81,12298
ground-height-4m-20260830-222436,d024m_r180_run01.csv,4,24,180,dw00;dw01;dw02;dw03;dw04;dw05;dw06;dw07;dw08,dw00;dw01;dw02;dw03;dw04;dw05;dw06;dw07;dw08,dw03;dw07;dw08,75,1,2026-09-01T12:40:11.104+0200,dw03,021B,79,2394,-43,-2007,1305,1.75,12298
ground-height-4m-20260830-222436,d024m_r180_run01.csv,4,24,180,dw00;dw01;dw02;dw03;dw04;dw05;dw06;dw07;dw08,dw00;dw01;dw02;dw03;dw04;dw05;dw06;dw07;dw08,dw03;dw07;dw08,75,1,2026-09-01T12:40:11.304+0200,dw03,021B,80,2398,-33,-1861,1513,1.57,12298
ground-height-4m-20260830-222436,d024m_r180_run01.csv,4,24,180,dw00;dw01;dw02;dw03;dw04;dw05;dw06;dw07;dw08,dw00;dw01;dw02;dw03;dw04;dw05;dw06;dw07;dw08,dw03;dw07;dw08,75,1,2026-09-01T12:40:11.504+0200,dw03,021B,81,2393,-53,-2164,1022,1.81,12329
ground-height-4m-20260830-222436,d024m_r180_run01.csv,4,24,180,dw00;dw01;dw02;dw03;dw04;dw05;dw06;dw07;dw08,dw00;dw01;dw02;dw03;dw04;dw05;dw06;dw07;dw08,dw03;dw07;dw08,75,1,2026-09-01T12:40:11.704+0200,dw03,021B,82,2393,-38,-1937,1404,1.81,12298
ground-height-4m-20260830-222436,d024m_r180_run01.csv,4,24,180,dw00;dw01;dw02;dw03;dw04;dw05;dw06;dw07;dw08,dw00;dw01;dw02;dw03;dw04;dw05;dw06;dw07;dw08,dw03;dw07;dw08,75,1,2026-09-01T12:40:11.904+0200,dw03,021B,83,2391,-31,-1828,1541,1.75,12298
ground-height-4m-20260830-222436,d024m_r180_run01.csv,4,24,180,dw00;dw01;dw02;dw03;dw04;dw05;dw06;dw07;dw08,dw00;dw01;dw02;dw03;dw04;dw05;dw06;dw07;dw08,dw03;dw07;dw08,75,1,2026-09-01T12:40:12.103+0200,dw03,021B,84,2397,-43,-2013,1300,1.81,12298
ground-height-4m-20260830-222436,d024m_r180_run01.csv,4,24,180,dw00;dw01;dw02;dw03;dw04;dw05;dw06;dw07;dw08,dw00;dw01;dw02;dw03;dw04;dw05;dw06;dw07;dw08,dw03;dw07;dw08,75,1,2026-09-01T12:40:12.303+0200,dw03,021B,85,2393,-41,-1987,1333,1.69,12298
ground-height-4m-20260830-222436,d024m_r180_run01.csv,4,24,180,dw00;dw01;dw02;dw03;dw04;dw05;dw06;dw07;dw08,dw00;dw01;dw02;dw03;dw04;dw05;dw06;dw07;dw08,dw03;dw07;dw08,75,1,2026-09-01T12:40:12.503+0200,dw03,021B,86,2393,-36,-1909,1442,1.81,12298
ground-height-4m-20260830-222436,d024m_r180_run01.csv,4,24,180,dw00;dw01;dw02;dw03;dw04;dw05;dw06;dw07;dw08,dw00;dw01;dw02;dw03;dw04;dw05;dw06;dw07;dw08,dw03;dw07;dw08,75,1,2026-09-01T12:40:12.704+0200,dw03,021B,87,2392,-54,-2169,1008,1.69,12329
ground-height-4m-20260830-222436,d024m_r180_run01.csv,4,24,180,dw00;dw01;dw02;dw03;dw04;dw05;dw06;dw07;dw08,dw00;dw01;dw02;dw03;dw04;dw05;dw06;dw07;dw08,dw03;dw07;dw08,75,1,2026-09-01T12:40:12.903+0200,dw03,021B,88,2395,-42,-1996,1323,1.75,12298
ground-height-4m-20260830-222436,d024m_r180_run01.csv,4,24,180,dw00;dw01;dw02;dw03;dw04;dw05;dw06;dw07;dw08,dw00;dw01;dw02;dw03;dw04;dw05;dw06;dw07;dw08,dw03;dw07;dw08,75,1,2026-09-01T12:40:13.103+0200,dw03,021B,89,2396,-31,-1842,1532,1.81,12298
ground-height-4m-20260830-222436,d024m_r180_run01.csv,4,24,180,dw00;dw01;dw02;dw03;dw04;dw05;dw06;dw07;dw08,dw00;dw01;dw02;dw03;dw04;dw05;dw06;dw07;dw08,dw03;dw07;dw08,75,1,2026-09-01T12:40:13.303+0200,dw03,021B,90,2396,-36,-1913,1442,1.81,12298
ground-height-4m-20260830-222436,d024m_r180_run01.csv,4,24,180,dw00;dw01;dw02;dw03;dw04;dw05;dw06;dw07;dw08,dw00;dw01;dw02;dw03;dw04;dw05;dw06;dw07;dw08,dw03;dw07;dw08,75,1,2026-09-01T12:40:13.503+0200,dw03,021B,91,2397,-43,-2013,1301,1.69,12298
ground-height-4m-20260830-222436,d024m_r180_run01.csv,4,24,180,dw00;dw01;dw02;dw03;dw04;dw05;dw06;dw07;dw08,dw00;dw01;dw02;dw03;dw04;dw05;dw06;dw07;dw08,dw03;dw07;dw08,75,1,2026-09-01T12:40:13.704+0200,dw03,021B,92,2393,-29,-1800,1577,1.69,12298
ground-height-4m-20260830-222436,d024m_r180_run01.csv,4,24,180,dw00;dw01;dw02;dw03;dw04;dw05;dw06;dw07;dw08,dw00;dw01;dw02;dw03;dw04;dw05;dw06;dw07;dw08,dw03;dw07;dw08,75,1,2026-09-01T12:40:13.903+0200,dw03,021B,93,2396,-56,-2208,931,1.81,12298
ground-height-4m-20260830-222436,d024m_r180_run01.csv,4,24,180,dw00;dw01;dw02;dw03;dw04;dw05;dw06;dw07;dw08,dw00;dw01;dw02;dw03;dw04;dw05;dw06;dw07;dw08,dw03;dw07;dw08,75,1,2026-09-01T12:40:14.103+0200,dw03,021B,94,2396,-53,-2164,1028,1.81,12329
ground-height-4m-20260830-222436,d024m_r180_run01.csv,4,24,180,dw00;dw01;dw02;dw03;dw04;dw05;dw06;dw07;dw08,dw00;dw01;dw02;dw03;dw04;dw05;dw06;dw07;dw08,dw03;dw07;dw08,75,1,2026-09-01T12:40:14.303+0200,dw03,021B,95,2393,-45,-2041,1249,1.81,12298
ground-height-4m-20260830-222436,d024m_r180_run01.csv,4,24,180,dw00;dw01;dw02;dw03;dw04;dw05;dw06;dw07;dw08,dw00;dw01;dw02;dw03;dw04;dw05;dw06;dw07;dw08,dw03;dw07;dw08,75,1,2026-09-01T12:40:14.503+0200,dw03,021B,96,2391,-38,-1930,1412,1.75,12298
ground-height-4m-20260830-222436,d024m_r180_run01.csv,4,24,180,dw00;dw01;dw02;dw03;dw04;dw05;dw06;dw07;dw08,dw00;dw01;dw02;dw03;dw04;dw05;dw06;dw07;dw08,dw03;dw07;dw08,75,1,2026-09-01T12:40:14.702+0200,dw03,021B,97,2394,-28,-1792,1586,1.69,12298
ground-height-4m-20260830-222436,d024m_r180_run01.csv,4,24,180,dw00;dw01;dw02;dw03;dw04;dw05;dw06;dw07;dw08,dw00;dw01;dw02;dw03;dw04;dw05;dw06;dw07;dw08,dw03;dw07;dw08,75,1,2026-09-01T12:41:10.098+0200,dw03,021B,1,2397,-40,-1969,1366,-11.11,26947
ground-height-4m-20260830-222436,d024m_r180_run01.csv,4,24,180,dw00;dw01;dw02;dw03;dw04;dw05;dw06;dw07;dw08,dw00;dw01;dw02;dw03;dw04;dw05;dw06;dw07;dw08,dw03;dw07;dw08,75,1,2026-09-01T12:41:10.284+0200,dw03,021B,2,2399,-39,-1951,1395,0.50,12329
ground-height-4m-20260830-222436,d024m_r180_run01.csv,4,24,180,dw00;dw01;dw02;dw03;dw04;dw05;dw06;dw07;dw08,dw00;dw01;dw02;dw03;dw04;dw05;dw06;dw07;dw08,dw03;dw07;dw08,75,1,2026-09-01T12:41:10.484+0200,dw03,021B,3,2395,-36,-1905,1450,1.93,12329
ground-height-4m-20260830-222436,d024m_r180_run01.csv,4,24,180,dw00;dw01;dw02;dw03;dw04;dw05;dw06;dw07;dw08,dw00;dw01;dw02;dw03;dw04;dw05;dw06;dw07;dw08,dw03;dw07;dw08,75,1,2026-09-01T12:41:10.683+0200,dw03,021B,4,2394,-38,-1943,1398,1.99,12298
ground-height-4m-20260830-222436,d024m_r180_run01.csv,4,24,180,dw00;dw01;dw02;dw03;dw04;dw05;dw06;dw07;dw08,dw00;dw01;dw02;dw03;dw04;dw05;dw06;dw07;dw08,dw03;dw07;dw08,75,1,2026-09-01T12:41:10.883+0200,dw03,021B,5,2397,-33,-1863,1508,2.08,12268
ground-height-4m-20260830-222436,d024m_r180_run01.csv,4,24,180,dw00;dw01;dw02;dw03;dw04;dw05;dw06;dw07;dw08,dw00;dw01;dw02;dw03;dw04;dw05;dw06;dw07;dw08,dw03;dw07;dw08,75,1,2026-09-01T12:41:11.083+0200,dw03,021B,6,2396,-45,-2037,1261,2.14,12298
ground-height-4m-20260830-222436,d024m_r180_run01.csv,4,24,180,dw00;dw01;dw02;dw03;dw04;dw05;dw06;dw07;dw08,dw00;dw01;dw02;dw03;dw04;dw05;dw06;dw07;dw08,dw03;dw07;dw08,75,1,2026-09-01T12:41:11.283+0200,dw03,021B,7,2396,-43,-2020,1287,1.99,12268
ground-height-4m-20260830-222436,d024m_r180_run01.csv,4,24,180,dw00;dw01;dw02;dw03;dw04;dw05;dw06;dw07;dw08,dw00;dw01;dw02;dw03;dw04;dw05;dw06;dw07;dw08,dw03;dw07;dw08,75,1,2026-09-01T12:41:11.483+0200,dw03,021B,8,2392,-38,-1934,1407,2.02,12359
ground-height-4m-20260830-222436,d024m_r180_run01.csv,4,24,180,dw00;dw01;dw02;dw03;dw04;dw05;dw06;dw07;dw08,dw00;dw01;dw02;dw03;dw04;dw05;dw06;dw07;dw08,dw03;dw07;dw08,75,1,2026-09-01T12:41:11.683+0200,dw03,021B,9,2391,-40,-1964,1365,1.99,12268
ground-height-4m-20260830-222436,d024m_r180_run01.csv,4,24,180,dw00;dw01;dw02;dw03;dw04;dw05;dw06;dw07;dw08,dw00;dw01;dw02;dw03;dw04;dw05;dw06;dw07;dw08,dw03;dw07;dw08,75,1,2026-09-01T12:41:11.883+0200,dw03,021B,10,2393,-33,-1870,1493,2.02,12329
ground-height-4m-20260830-222436,d024m_r180_run01.csv,4,24,180,dw00;dw01;dw02;dw03;dw04;dw05;dw06;dw07;dw08,dw00;dw01;dw02;dw03;dw04;dw05;dw06;dw07;dw08,dw03;dw07;dw08,75,1,2026-09-01T12:41:12.082+0200,dw03,021B,11,2395,-56,-2201,943,1.99,12268
ground-height-4m-20260830-222436,d024m_r180_run01.csv,4,24,180,dw00;dw01;dw02;dw03;dw04;dw05;dw06;dw07;dw08,dw00;dw01;dw02;dw03;dw04;dw05;dw06;dw07;dw08,dw03;dw07;dw08,75,1,2026-09-01T12:41:12.283+0200,dw03,021B,12,2397,-40,-1965,1372,2.08,12298
ground-height-4m-20260830-222436,d024m_r180_run01.csv,4,24,180,dw00;dw01;dw02;dw03;dw04;dw05;dw06;dw07;dw08,dw00;dw01;dw02;dw03;dw04;dw05;dw06;dw07;dw08,dw03;dw07;dw08,75,1,2026-09-01T12:41:12.483+0200,dw03,021B,13,2394,-35,-1895,1462,2.02,12268
ground-height-4m-20260830-222436,d024m_r180_run01.csv,4,24,180,dw00;dw01;dw02;dw03;dw04;dw05;dw06;dw07;dw08,dw00;dw01;dw02;dw03;dw04;dw05;dw06;dw07;dw08,dw03;dw07;dw08,75,1,2026-09-01T12:41:12.683+0200,dw03,021B,14,2392,-38,-1936,1404,1.99,12298
ground-height-4m-20260830-222436,d024m_r180_run01.csv,4,24,180,dw00;dw01;dw02;dw03;dw04;dw05;dw06;dw07;dw08,dw00;dw01;dw02;dw03;dw04;dw05;dw06;dw07;dw08,dw03;dw07;dw08,75,1,2026-09-01T12:41:12.883+0200,dw03,021B,15,2396,-42,-1992,1330,1.99,12298
ground-height-4m-20260830-222436,d024m_r180_run01.csv,4,24,180,dw00;dw01;dw02;dw03;dw04;dw05;dw06;dw07;dw08,dw00;dw01;dw02;dw03;dw04;dw05;dw06;dw07;dw08,dw03;dw07;dw08,75,1,2026-09-01T12:41:13.082+0200,dw03,021B,16,2394,-48,-2085,1176,2.08,12268
ground-height-4m-20260830-222436,d024m_r180_run01.csv,4,24,180,dw00;dw01;dw02;dw03;dw04;dw05;dw06;dw07;dw08,dw00;dw01;dw02;dw03;dw04;dw05;dw06;dw07;dw08,dw03;dw07;dw08,75,1,2026-09-01T12:41:13.283+0200,dw03,021B,17,2394,-53,-2165,1021,1.99,12329
ground-height-4m-20260830-222436,d024m_r180_run01.csv,4,24,180,dw00;dw01;dw02;dw03;dw04;dw05;dw06;dw07;dw08,dw00;dw01;dw02;dw03;dw04;dw05;dw06;dw07;dw08,dw03;dw07;dw08,75,1,2026-09-01T12:41:13.483+0200,dw03,021B,18,2394,-46,-2050,1236,1.99,12268
ground-height-4m-20260830-222436,d024m_r180_run01.csv,4,24,180,dw00;dw01;dw02;dw03;dw04;dw05;dw06;dw07;dw08,dw00;dw01;dw02;dw03;dw04;dw05;dw06;dw07;dw08,dw03;dw07;dw08,75,1,2026-09-01T12:41:13.682+0200,dw03,021B,19,2394,-39,-1951,1387,1.99,12298
ground-height-4m-20260830-222436,d024m_r180_run01.csv,4,24,180,dw00;dw01;dw02;dw03;dw04;dw05;dw06;dw07;dw08,dw00;dw01;dw02;dw03;dw04;dw05;dw06;dw07;dw08,dw03;dw07;dw08,75,1,2026-09-01T12:41:13.882+0200,dw03,021B,20,2397,-29,-1804,1577,2.02,12268
ground-height-4m-20260830-222436,d024m_r180_run01.csv,4,24,180,dw00;dw01;dw02;dw03;dw04;dw05;dw06;dw07;dw08,dw00;dw01;dw02;dw03;dw04;dw05;dw06;dw07;dw08,dw03;dw07;dw08,75,1,2026-09-01T12:41:14.082+0200,dw03,021B,21,2396,-40,-1971,1361,2.14,12298
ground-height-4m-20260830-222436,d024m_r180_run01.csv,4,24,180,dw00;dw01;dw02;dw03;dw04;dw05;dw06;dw07;dw08,dw00;dw01;dw02;dw03;dw04;dw05;dw06;dw07;dw08,dw03;dw07;dw08,75,1,2026-09-01T12:41:14.282+0200,dw03,021B,22,2394,-47,-2074,1195,2.08,12268
ground-height-4m-20260830-222436,d024m_r180_run01.csv,4,24,180,dw00;dw01;dw02;dw03;dw04;dw05;dw06;dw07;dw08,dw00;dw01;dw02;dw03;dw04;dw05;dw06;dw07;dw08,dw03;dw07;dw08,75,1,2026-09-01T12:41:14.483+0200,dw03,021B,23,2397,-43,-2014,1299,2.02,12329
ground-height-4m-20260830-222436,d024m_r180_run01.csv,4,24,180,dw00;dw01;dw02;dw03;dw04;dw05;dw06;dw07;dw08,dw00;dw01;dw02;dw03;dw04;dw05;dw06;dw07;dw08,dw03;dw07;dw08,75,1,2026-09-01T12:41:14.682+0200,dw03,021B,24,2394,-49,-2101,1146,2.02,12298
ground-height-4m-20260830-222436,d024m_r180_run01.csv,4,24,180,dw00;dw01;dw02;dw03;dw04;dw05;dw06;dw07;dw08,dw00;dw01;dw02;dw03;dw04;dw05;dw06;dw07;dw08,dw03;dw07;dw08,75,1,2026-09-01T12:41:14.882+0200,dw03,021B,25,2393,-37,-1917,1432,2.08,12268
ground-height-4m-20260830-222436,d024m_r180_run01.csv,4,24,180,dw00;dw01;dw02;dw03;dw04;dw05;dw06;dw07;dw08,dw00;dw01;dw02;dw03;dw04;dw05;dw06;dw07;dw08,dw03;dw07;dw08,75,1,2026-09-01T12:41:15.082+0200,dw03,021B,26,2392,-39,-1955,1377,1.99,12298
ground-height-4m-20260830-222436,d024m_r180_run01.csv,4,24,180,dw00;dw01;dw02;dw03;dw04;dw05;dw06;dw07;dw08,dw00;dw01;dw02;dw03;dw04;dw05;dw06;dw07;dw08,dw03;dw07;dw08,75,1,2026-09-01T12:41:15.282+0200,dw03,021B,27,2397,-42,-1998,1323,1.93,12298
ground-height-4m-20260830-222436,d024m_r180_run01.csv,4,24,180,dw00;dw01;dw02;dw03;dw04;dw05;dw06;dw07;dw08,dw00;dw01;dw02;dw03;dw04;dw05;dw06;dw07;dw08,dw03;dw07;dw08,75,1,2026-09-01T12:41:15.481+0200,dw03,021B,28,2395,-37,-1923,1428,1.99,12298
ground-height-4m-20260830-222436,d024m_r180_run01.csv,4,24,180,dw00;dw01;dw02;dw03;dw04;dw05;dw06;dw07;dw08,dw00;dw01;dw02;dw03;dw04;dw05;dw06;dw07;dw08,dw03;dw07;dw08,75,1,2026-09-01T12:41:15.682+0200,dw03,021B,29,2394,-49,-2095,1158,1.99,12268
ground-height-4m-20260830-222436,d024m_r180_run01.csv,4,24,180,dw00;dw01;dw02;dw03;dw04;dw05;dw06;dw07;dw08,dw00;dw01;dw02;dw03;dw04;dw05;dw06;dw07;dw08,dw03;dw07;dw08,75,1,2026-09-01T12:41:15.882+0200,dw03,021B,30,2390,-41,-1974,1348,1.99,12268
ground-height-4m-20260830-222436,d024m_r180_run01.csv,4,24,180,dw00;dw01;dw02;dw03;dw04;dw05;dw06;dw07;dw08,dw00;dw01;dw02;dw03;dw04;dw05;dw06;dw07;dw08,dw03;dw07;dw08,75,1,2026-09-01T12:41:16.081+0200,dw03,021B,31,2395,-47,-2074,1197,2.08,12298
ground-height-4m-20260830-222436,d024m_r180_run01.csv,4,24,180,dw00;dw01;dw02;dw03;dw04;dw05;dw06;dw07;dw08,dw00;dw01;dw02;dw03;dw04;dw05;dw06;dw07;dw08,dw03;dw07;dw08,75,1,2026-09-01T12:41:16.281+0200,dw03,021B,32,2390,-46,-2059,1214,1.99,12298
ground-height-4m-20260830-222436,d024m_r180_run01.csv,4,24,180,dw00;dw01;dw02;dw03;dw04;dw05;dw06;dw07;dw08,dw00;dw01;dw02;dw03;dw04;dw05;dw06;dw07;dw08,dw03;dw07;dw08,75,1,2026-09-01T12:41:16.481+0200,dw03,021B,33,2394,-41,-1980,1346,2.08,12298
ground-height-4m-20260830-222436,d024m_r180_run01.csv,4,24,180,dw00;dw01;dw02;dw03;dw04;dw05;dw06;dw07;dw08,dw00;dw01;dw02;dw03;dw04;dw05;dw06;dw07;dw08,dw03;dw07;dw08,75,1,2026-09-01T12:41:16.682+0200,dw03,021B,34,2398,-42,-2007,1312,2.08,12268
ground-height-4m-20260830-222436,d024m_r180_run01.csv,4,24,180,dw00;dw01;dw02;dw03;dw04;dw05;dw06;dw07;dw08,dw00;dw01;dw02;dw03;dw04;dw05;dw06;dw07;dw08,dw03;dw07;dw08,75,1,2026-09-01T12:41:16.881+0200,dw03,021B,35,2396,-55,-2185,981,1.99,12298
ground-height-4m-20260830-222436,d024m_r180_run01.csv,4,24,180,dw00;dw01;dw02;dw03;dw04;dw05;dw06;dw07;dw08,dw00;dw01;dw02;dw03;dw04;dw05;dw06;dw07;dw08,dw03;dw07;dw08,75,1,2026-09-01T12:41:17.081+0200,dw03,021B,36,2396,-39,-1949,1392,2.02,12237
ground-height-4m-20260830-222436,d024m_r180_run01.csv,4,24,180,dw00;dw01;dw02;dw03;dw04;dw05;dw06;dw07;dw08,dw00;dw01;dw02;dw03;dw04;dw05;dw06;dw07;dw08,dw03;dw07;dw08,75,1,2026-09-01T12:41:17.281+0200,dw03,021B,37,2396,-29,-1811,1568,1.99,12298
ground-height-4m-20260830-222436,d024m_r180_run01.csv,4,24,180,dw00;dw01;dw02;dw03;dw04;dw05;dw06;dw07;dw08,dw00;dw01;dw02;dw03;dw04;dw05;dw06;dw07;dw08,dw03;dw07;dw08,75,1,2026-09-01T12:41:17.481+0200,dw03,021B,38,2395,-50,-2110,1133,2.08,12298
ground-height-4m-20260830-222436,d024m_r180_run01.csv,4,24,180,dw00;dw01;dw02;dw03;dw04;dw05;dw06;dw07;dw08,dw00;dw01;dw02;dw03;dw04;dw05;dw06;dw07;dw08,dw03;dw07;dw08,75,1,2026-09-01T12:41:17.680+0200,dw03,021B,39,2398,-42,-1998,1325,2.08,12268
ground-height-4m-20260830-222436,d024m_r180_run01.csv,4,24,180,dw00;dw01;dw02;dw03;dw04;dw05;dw06;dw07;dw08,dw00;dw01;dw02;dw03;dw04;dw05;dw06;dw07;dw08,dw03;dw07;dw08,75,1,2026-09-01T12:41:17.881+0200,dw03,021B,40,2393,-53,-2162,1025,2.08,12268
ground-height-4m-20260830-222436,d024m_r180_run01.csv,4,24,180,dw00;dw01;dw02;dw03;dw04;dw05;dw06;dw07;dw08,dw00;dw01;dw02;dw03;dw04;dw05;dw06;dw07;dw08,dw03;dw07;dw08,75,1,2026-09-01T12:41:18.081+0200,dw03,021B,41,2394,-42,-1996,1321,2.14,12268
ground-height-4m-20260830-222436,d024m_r180_run01.csv,4,24,180,dw00;dw01;dw02;dw03;dw04;dw05;dw06;dw07;dw08,dw00;dw01;dw02;dw03;dw04;dw05;dw06;dw07;dw08,dw03;dw07;dw08,75,1,2026-09-01T12:41:18.281+0200,dw03,021B,42,2398,-44,-2023,1287,2.08,12298
ground-height-4m-20260830-222436,d024m_r180_run01.csv,4,24,180,dw00;dw01;dw02;dw03;dw04;dw05;dw06;dw07;dw08,dw00;dw01;dw02;dw03;dw04;dw05;dw06;dw07;dw08,dw03;dw07;dw08,75,1,2026-09-01T12:41:18.480+0200,dw03,021B,43,2397,-42,-2004,1315,2.14,12268
ground-height-4m-20260830-222436,d024m_r180_run01.csv,4,24,180,dw00;dw01;dw02;dw03;dw04;dw05;dw06;dw07;dw08,dw00;dw01;dw02;dw03;dw04;dw05;dw06;dw07;dw08,dw03;dw07;dw08,75,1,2026-09-01T12:41:18.680+0200,dw03,021B,44,2396,-40,-1969,1365,2.14,12298
ground-height-4m-20260830-222436,d024m_r180_run01.csv,4,24,180,dw00;dw01;dw02;dw03;dw04;dw05;dw06;dw07;dw08,dw00;dw01;dw02;dw03;dw04;dw05;dw06;dw07;dw08,dw03;dw07;dw08,75,1,2026-09-01T12:41:18.880+0200,dw03,021B,45,2397,-40,-1974,1360,2.02,12298
ground-height-4m-20260830-222436,d024m_r180_run01.csv,4,24,180,dw00;dw01;dw02;dw03;dw04;dw05;dw06;dw07;dw08,dw00;dw01;dw02;dw03;dw04;dw05;dw06;dw07;dw08,dw03;dw07;dw08,75,1,2026-09-01T12:41:19.081+0200,dw03,021B,46,2397,-47,-2072,1205,2.02,12298
ground-height-4m-20260830-222436,d024m_r180_run01.csv,4,24,180,dw00;dw01;dw02;dw03;dw04;dw05;dw06;dw07;dw08,dw00;dw01;dw02;dw03;dw04;dw05;dw06;dw07;dw08,dw03;dw07;dw08,75,1,2026-09-01T12:41:19.280+0200,dw03,021B,47,2395,-47,-2074,1198,2.08,12268
ground-height-4m-20260830-222436,d024m_r180_run01.csv,4,24,180,dw00;dw01;dw02;dw03;dw04;dw05;dw06;dw07;dw08,dw00;dw01;dw02;dw03;dw04;dw05;dw06;dw07;dw08,dw03;dw07;dw08,75,1,2026-09-01T12:41:19.480+0200,dw03,021B,48,2396,-48,-2080,1188,2.08,12268
ground-height-4m-20260830-222436,d024m_r180_run01.csv,4,24,180,dw00;dw01;dw02;dw03;dw04;dw05;dw06;dw07;dw08,dw00;dw01;dw02;dw03;dw04;dw05;dw06;dw07;dw08,dw03;dw07;dw08,75,1,2026-09-01T12:41:19.680+0200,dw03,021B,49,2397,-42,-1994,1328,2.08,12268
ground-height-4m-20260830-222436,d024m_r180_run01.csv,4,24,180,dw00;dw01;dw02;dw03;dw04;dw05;dw06;dw07;dw08,dw00;dw01;dw02;dw03;dw04;dw05;dw06;dw07;dw08,dw03;dw07;dw08,75,1,2026-09-01T12:41:19.880+0200,dw03,021B,50,2394,-46,-2052,1234,2.08,12268
ground-height-4m-20260830-222436,d024m_r180_run01.csv,4,24,180,dw00;dw01;dw02;dw03;dw04;dw05;dw06;dw07;dw08,dw00;dw01;dw02;dw03;dw04;dw05;dw06;dw07;dw08,dw03;dw07;dw08,75,1,2026-09-01T12:41:20.080+0200,dw03,021B,51,2397,-48,-2082,1187,2.02,12268
ground-height-4m-20260830-222436,d024m_r180_run01.csv,4,24,180,dw00;dw01;dw02;dw03;dw04;dw05;dw06;dw07;dw08,dw00;dw01;dw02;dw03;dw04;dw05;dw06;dw07;dw08,dw03;dw07;dw08,75,1,2026-09-01T12:41:20.280+0200,dw03,021B,52,2397,-38,-1933,1417,2.02,12268
ground-height-4m-20260830-222436,d024m_r180_run01.csv,4,24,180,dw00;dw01;dw02;dw03;dw04;dw05;dw06;dw07;dw08,dw00;dw01;dw02;dw03;dw04;dw05;dw06;dw07;dw08,dw03;dw07;dw08,75,1,2026-09-01T12:41:20.480+0200,dw03,021B,53,2397,-53,-2159,1040,2.14,12329
ground-height-4m-20260830-222436,d024m_r180_run01.csv,4,24,180,dw00;dw01;dw02;dw03;dw04;dw05;dw06;dw07;dw08,dw00;dw01;dw02;dw03;dw04;dw05;dw06;dw07;dw08,dw03;dw07;dw08,75,1,2026-09-01T12:41:20.680+0200,dw03,021B,54,2397,-41,-1989,1337,2.14,12268
ground-height-4m-20260830-222436,d024m_r180_run01.csv,4,24,180,dw00;dw01;dw02;dw03;dw04;dw05;dw06;dw07;dw08,dw00;dw01;dw02;dw03;dw04;dw05;dw06;dw07;dw08,dw03;dw07;dw08,75,1,2026-09-01T12:41:20.879+0200,dw03,021B,55,2397,-38,-1940,1407,2.08,12268
ground-height-4m-20260830-222436,d024m_r180_run01.csv,4,24,180,dw00;dw01;dw02;dw03;dw04;dw05;dw06;dw07;dw08,dw00;dw01;dw02;dw03;dw04;dw05;dw06;dw07;dw08,dw03;dw07;dw08,75,1,2026-09-01T12:41:21.079+0200,dw03,021B,56,2394,-47,-2071,1201,2.20,12268
ground-height-4m-20260830-222436,d024m_r180_run01.csv,4,24,180,dw00;dw01;dw02;dw03;dw04;dw05;dw06;dw07;dw08,dw00;dw01;dw02;dw03;dw04;dw05;dw06;dw07;dw08,dw03;dw07;dw08,75,1,2026-09-01T12:41:21.280+0200,dw03,021B,57,2396,-39,-1959,1379,2.14,12268
ground-height-4m-20260830-222436,d024m_r180_run01.csv,4,24,180,dw00;dw01;dw02;dw03;dw04;dw05;dw06;dw07;dw08,dw00;dw01;dw02;dw03;dw04;dw05;dw06;dw07;dw08,dw03;dw07;dw08,75,1,2026-09-01T12:41:21.480+0200,dw03,021B,58,2393,-48,-2087,1170,2.14,12268
ground-height-4m-20260830-222436,d024m_r180_run01.csv,4,24,180,dw00;dw01;dw02;dw03;dw04;dw05;dw06;dw07;dw08,dw00;dw01;dw02;dw03;dw04;dw05;dw06;dw07;dw08,dw03;dw07;dw08,75,1,2026-09-01T12:41:21.679+0200,dw03,021B,59,2393,-44,-2028,1269,2.32,12298
ground-height-4m-20260830-222436,d024m_r180_run01.csv,4,24,180,dw00;dw01;dw02;dw03;dw04;dw05;dw06;dw07;dw08,dw00;dw01;dw02;dw03;dw04;dw05;dw06;dw07;dw08,dw03;dw07;dw08,75,1,2026-09-01T12:41:21.879+0200,dw03,021B,60,2395,-46,-2058,1223,2.08,12268
ground-height-4m-20260830-222436,d024m_r180_run01.csv,4,24,180,dw00;dw01;dw02;dw03;dw04;dw05;dw06;dw07;dw08,dw00;dw01;dw02;dw03;dw04;dw05;dw06;dw07;dw08,dw03;dw07;dw08,75,1,2026-09-01T12:41:22.079+0200,dw03,021B,61,2401,-39,-1959,1387,2.14,12268
ground-height-4m-20260830-222436,d024m_r180_run01.csv,4,24,180,dw00;dw01;dw02;dw03;dw04;dw05;dw06;dw07;dw08,dw00;dw01;dw02;dw03;dw04;dw05;dw06;dw07;dw08,dw03;dw07;dw08,75,1,2026-09-01T12:41:22.280+0200,dw03,021B,62,2397,-39,-1959,1381,2.14,12268
ground-height-4m-20260830-222436,d024m_r180_run01.csv,4,24,180,dw00;dw01;dw02;dw03;dw04;dw05;dw06;dw07;dw08,dw00;dw01;dw02;dw03;dw04;dw05;dw06;dw07;dw08,dw03;dw07;dw08,75,1,2026-09-01T12:41:22.479+0200,dw03,021B,63,2397,-50,-2122,1114,2.02,12298
ground-height-4m-20260830-222436,d024m_r180_run01.csv,4,24,180,dw00;dw01;dw02;dw03;dw04;dw05;dw06;dw07;dw08,dw00;dw01;dw02;dw03;dw04;dw05;dw06;dw07;dw08,dw03;dw07;dw08,75,1,2026-09-01T12:41:22.679+0200,dw03,021B,64,2394,-44,-2031,1267,2.20,12237
ground-height-4m-20260830-222436,d024m_r180_run01.csv,4,24,180,dw00;dw01;dw02;dw03;dw04;dw05;dw06;dw07;dw08,dw00;dw01;dw02;dw03;dw04;dw05;dw06;dw07;dw08,dw03;dw07;dw08,75,1,2026-09-01T12:41:22.879+0200,dw03,021B,65,2395,-53,-2156,1042,2.08,12268
ground-height-4m-20260830-222436,d024m_r180_run01.csv,4,24,180,dw00;dw01;dw02;dw03;dw04;dw05;dw06;dw07;dw08,dw00;dw01;dw02;dw03;dw04;dw05;dw06;dw07;dw08,dw03;dw07;dw08,75,1,2026-09-01T12:41:23.079+0200,dw03,021B,66,2396,-37,-1918,1435,2.14,12298
ground-height-4m-20260830-222436,d024m_r180_run01.csv,4,24,180,dw00;dw01;dw02;dw03;dw04;dw05;dw06;dw07;dw08,dw00;dw01;dw02;dw03;dw04;dw05;dw06;dw07;dw08,dw03;dw07;dw08,75,1,2026-09-01T12:41:23.278+0200,dw03,021B,67,2397,-35,-1889,1475,2.14,12268
ground-height-4m-20260830-222436,d024m_r180_run01.csv,4,24,180,dw00;dw01;dw02;dw03;dw04;dw05;dw06;dw07;dw08,dw00;dw01;dw02;dw03;dw04;dw05;dw06;dw07;dw08,dw03;dw07;dw08,75,1,2026-09-01T12:41:23.479+0200,dw03,021B,68,2395,-31,-1841,1531,2.02,12268
ground-height-4m-20260830-222436,d024m_r180_run01.csv,4,24,180,dw00;dw01;dw02;dw03;dw04;dw05;dw06;dw07;dw08,dw00;dw01;dw02;dw03;dw04;dw05;dw06;dw07;dw08,dw03;dw07;dw08,75,1,2026-09-01T12:41:23.679+0200,dw03,021B,69,2394,-48,-2080,1186,2.08,12268
ground-height-4m-20260830-222436,d024m_r180_run01.csv,4,24,180,dw00;dw01;dw02;dw03;dw04;dw05;dw06;dw07;dw08,dw00;dw01;dw02;dw03;dw04;dw05;dw06;dw07;dw08,dw03;dw07;dw08,75,1,2026-09-01T12:41:23.879+0200,dw03,021B,70,2391,-48,-2090,1160,2.08,12268
ground-height-4m-20260830-222436,d024m_r180_run01.csv,4,24,180,dw00;dw01;dw02;dw03;dw04;dw05;dw06;dw07;dw08,dw00;dw01;dw02;dw03;dw04;dw05;dw06;dw07;dw08,dw03;dw07;dw08,75,1,2026-09-01T12:41:24.078+0200,dw03,021B,71,2392,-48,-2076,1187,2.14,12268
ground-height-4m-20260830-222436,d024m_r180_run01.csv,4,24,180,dw00;dw01;dw02;dw03;dw04;dw05;dw06;dw07;dw08,dw00;dw01;dw02;dw03;dw04;dw05;dw06;dw07;dw08,dw03;dw07;dw08,75,1,2026-09-01T12:41:24.278+0200,dw03,021B,72,2396,-51,-2135,1086,2.26,12268
ground-height-4m-20260830-222436,d024m_r180_run01.csv,4,24,180,dw00;dw01;dw02;dw03;dw04;dw05;dw06;dw07;dw08,dw00;dw01;dw02;dw03;dw04;dw05;dw06;dw07;dw08,dw03;dw07;dw08,75,1,2026-09-01T12:41:24.478+0200,dw03,021B,73,2392,-44,-2021,1279,2.02,12298
ground-height-4m-20260830-222436,d024m_r180_run01.csv,4,24,180,dw00;dw01;dw02;dw03;dw04;dw05;dw06;dw07;dw08,dw00;dw01;dw02;dw03;dw04;dw05;dw06;dw07;dw08,dw03;dw07;dw08,75,1,2026-09-01T12:41:24.679+0200,dw03,021B,74,2390,-42,-1990,1324,2.20,12268
ground-height-4m-20260830-222436,d024m_r180_run01.csv,4,24,180,dw00;dw01;dw02;dw03;dw04;dw05;dw06;dw07;dw08,dw00;dw01;dw02;dw03;dw04;dw05;dw06;dw07;dw08,dw03;dw07;dw08,75,1,2026-09-01T12:41:24.878+0200,dw03,021B,75,2394,-43,-2011,1298,2.20,12268
ground-height-4m-20260830-222436,d024m_r180_run01.csv,4,24,180,dw00;dw01;dw02;dw03;dw04;dw05;dw06;dw07;dw08,dw00;dw01;dw02;dw03;dw04;dw05;dw06;dw07;dw08,dw03;dw07;dw08,75,1,2026-09-01T12:41:25.078+0200,dw03,021B,76,2391,-47,-2069,1198,2.08,12268
ground-height-4m-20260830-222436,d024m_r180_run01.csv,4,24,180,dw00;dw01;dw02;dw03;dw04;dw05;dw06;dw07;dw08,dw00;dw01;dw02;dw03;dw04;dw05;dw06;dw07;dw08,dw03;dw07;dw08,75,1,2026-09-01T12:41:25.278+0200,dw03,021B,77,2391,-54,-2165,1014,2.02,12268
ground-height-4m-20260830-222436,d024m_r180_run01.csv,4,24,180,dw00;dw01;dw02;dw03;dw04;dw05;dw06;dw07;dw08,dw00;dw01;dw02;dw03;dw04;dw05;dw06;dw07;dw08,dw03;dw07;dw08,75,1,2026-09-01T12:41:25.478+0200,dw03,021B,78,2397,-40,-1973,1361,2.14,12268
ground-height-4m-20260830-222436,d024m_r180_run01.csv,4,24,180,dw00;dw01;dw02;dw03;dw04;dw05;dw06;dw07;dw08,dw00;dw01;dw02;dw03;dw04;dw05;dw06;dw07;dw08,dw03;dw07;dw08,75,1,2026-09-01T12:41:25.678+0200,dw03,021B,79,2391,-45,-2038,1250,2.26,12268
ground-height-4m-20260830-222436,d024m_r180_run01.csv,4,24,180,dw00;dw01;dw02;dw03;dw04;dw05;dw06;dw07;dw08,dw00;dw01;dw02;dw03;dw04;dw05;dw06;dw07;dw08,dw03;dw07;dw08,75,1,2026-09-01T12:41:25.878+0200,dw03,021B,80,2395,-40,-1969,1363,2.14,12298
ground-height-4m-20260830-222436,d024m_r180_run01.csv,4,24,180,dw00;dw01;dw02;dw03;dw04;dw05;dw06;dw07;dw08,dw00;dw01;dw02;dw03;dw04;dw05;dw06;dw07;dw08,dw03;dw07;dw08,75,1,2026-09-01T12:41:26.078+0200,dw03,021B,81,2393,-46,-2048,1238,2.14,12268
ground-height-4m-20260830-222436,d024m_r180_run01.csv,4,24,180,dw00;dw01;dw02;dw03;dw04;dw05;dw06;dw07;dw08,dw00;dw01;dw02;dw03;dw04;dw05;dw06;dw07;dw08,dw03;dw07;dw08,75,1,2026-09-01T12:41:26.278+0200,dw03,021B,82,2398,-50,-2124,1112,2.20,12268
ground-height-4m-20260830-222436,d024m_r180_run01.csv,4,24,180,dw00;dw01;dw02;dw03;dw04;dw05;dw06;dw07;dw08,dw00;dw01;dw02;dw03;dw04;dw05;dw06;dw07;dw08,dw03;dw07;dw08,75,1,2026-09-01T12:41:26.477+0200,dw03,021B,83,2392,-44,-2022,1278,2.14,12268
ground-height-4m-20260830-222436,d024m_r180_run01.csv,4,24,180,dw00;dw01;dw02;dw03;dw04;dw05;dw06;dw07;dw08,dw00;dw01;dw02;dw03;dw04;dw05;dw06;dw07;dw08,dw03;dw07;dw08,75,1,2026-09-01T12:41:26.677+0200,dw03,021B,84,2391,-45,-2034,1256,2.26,12268
ground-height-4m-20260830-222436,d024m_r180_run01.csv,4,24,180,dw00;dw01;dw02;dw03;dw04;dw05;dw06;dw07;dw08,dw00;dw01;dw02;dw03;dw04;dw05;dw06;dw07;dw08,dw03;dw07;dw08,75,1,2026-09-01T12:41:26.878+0200,dw03,021B,85,2395,-36,-1903,1454,2.02,12268
ground-height-4m-20260830-222436,d024m_r180_run01.csv,4,24,180,dw00;dw01;dw02;dw03;dw04;dw05;dw06;dw07;dw08,dw00;dw01;dw02;dw03;dw04;dw05;dw06;dw07;dw08,dw03;dw07;dw08,75,1,2026-09-01T12:41:27.078+0200,dw03,021B,86,2395,-34,-1878,1487,2.08,12268
ground-height-4m-20260830-222436,d024m_r180_run01.csv,4,24,180,dw00;dw01;dw02;dw03;dw04;dw05;dw06;dw07;dw08,dw00;dw01;dw02;dw03;dw04;dw05;dw06;dw07;dw08,dw03;dw07;dw08,75,1,2026-09-01T12:41:27.277+0200,dw03,021B,87,2396,-38,-1932,1416,2.26,12298
ground-height-4m-20260830-222436,d024m_r180_run01.csv,4,24,180,dw00;dw01;dw02;dw03;dw04;dw05;dw06;dw07;dw08,dw00;dw01;dw02;dw03;dw04;dw05;dw06;dw07;dw08,dw03;dw07;dw08,75,1,2026-09-01T12:41:27.477+0200,dw03,021B,88,2390,-41,-1984,1334,2.08,12268
ground-height-4m-20260830-222436,d024m_r180_run01.csv,4,24,180,dw00;dw01;dw02;dw03;dw04;dw05;dw06;dw07;dw08,dw00;dw01;dw02;dw03;dw04;dw05;dw06;dw07;dw08,dw03;dw07;dw08,75,1,2026-09-01T12:41:27.677+0200,dw03,021B,89,2395,-47,-2067,1209,2.02,12268
ground-height-4m-20260830-222436,d024m_r180_run01.csv,4,24,180,dw00;dw01;dw02;dw03;dw04;dw05;dw06;dw07;dw08,dw00;dw01;dw02;dw03;dw04;dw05;dw06;dw07;dw08,dw03;dw07;dw08,75,1,2026-09-01T12:41:27.877+0200,dw03,021B,90,2393,-34,-1880,1481,2.14,12268
ground-height-4m-20260830-222436,d024m_r180_run01.csv,4,24,180,dw00;dw01;dw02;dw03;dw04;dw05;dw06;dw07;dw08,dw00;dw01;dw02;dw03;dw04;dw05;dw06;dw07;dw08,dw03;dw07;dw08,75,1,2026-09-01T12:41:28.077+0200,dw03,021B,91,2394,-37,-1919,1431,2.20,12268
ground-height-4m-20260830-222436,d024m_r180_run01.csv,4,24,180,dw00;dw01;dw02;dw03;dw04;dw05;dw06;dw07;dw08,dw00;dw01;dw02;dw03;dw04;dw05;dw06;dw07;dw08,dw03;dw07;dw08,75,1,2026-09-01T12:41:28.277+0200,dw03,021B,92,2396,-38,-1945,1398,2.20,12268
ground-height-4m-20260830-222436,d024m_r180_run01.csv,4,24,180,dw00;dw01;dw02;dw03;dw04;dw05;dw06;dw07;dw08,dw00;dw01;dw02;dw03;dw04;dw05;dw06;dw07;dw08,dw03;dw07;dw08,75,1,2026-09-01T12:41:28.477+0200,dw03,021B,93,2393,-48,-2080,1184,2.14,12268
ground-height-4m-20260830-222436,d024m_r180_run01.csv,4,24,180,dw00;dw01;dw02;dw03;dw04;dw05;dw06;dw07;dw08,dw00;dw01;dw02;dw03;dw04;dw05;dw06;dw07;dw08,dw03;dw07;dw08,75,1,2026-09-01T12:41:28.677+0200,dw03,021B,94,2389,-37,-1923,1417,2.14,12268
ground-height-4m-20260830-222436,d024m_r180_run01.csv,4,24,180,dw00;dw01;dw02;dw03;dw04;dw05;dw06;dw07;dw08,dw00;dw01;dw02;dw03;dw04;dw05;dw06;dw07;dw08,dw03;dw07;dw08,75,1,2026-09-01T12:41:28.876+0200,dw03,021B,95,2392,-43,-2015,1290,2.26,12298
ground-height-4m-20260830-222436,d024m_r180_run01.csv,4,24,180,dw00;dw01;dw02;dw03;dw04;dw05;dw06;dw07;dw08,dw00;dw01;dw02;dw03;dw04;dw05;dw06;dw07;dw08,dw03;dw07;dw08,75,1,2026-09-01T12:41:29.077+0200,dw03,021B,96,2395,-35,-1889,1471,2.14,12268
ground-height-4m-20260830-222436,d024m_r180_run01.csv,4,24,180,dw00;dw01;dw02;dw03;dw04;dw05;dw06;dw07;dw08,dw00;dw01;dw02;dw03;dw04;dw05;dw06;dw07;dw08,dw03;dw07;dw08,75,1,2026-09-01T12:41:29.277+0200,dw03,021B,97,2392,-50,-2120,1107,2.20,12268
ground-height-4m-20260830-222436,d024m_r180_run01.csv,4,24,180,dw00;dw01;dw02;dw03;dw04;dw05;dw06;dw07;dw08,dw00;dw01;dw02;dw03;dw04;dw05;dw06;dw07;dw08,dw03;dw07;dw08,75,1,2026-09-01T12:41:29.477+0200,dw03,021B,98,2392,-50,-2112,1123,2.20,12268
ground-height-4m-20260830-222436,d024m_r180_run01.csv,4,24,180,dw00;dw01;dw02;dw03;dw04;dw05;dw06;dw07;dw08,dw00;dw01;dw02;dw03;dw04;dw05;dw06;dw07;dw08,dw03;dw07;dw08,75,1,2026-09-01T12:41:29.676+0200,dw03,021B,99,2391,-41,-1978,1344,2.08,12268
ground-height-4m-20260830-222436,d024m_r180_run01.csv,4,24,180,dw00;dw01;dw02;dw03;dw04;dw05;dw06;dw07;dw08,dw00;dw01;dw02;dw03;dw04;dw05;dw06;dw07;dw08,dw03;dw07;dw08,75,1,2026-09-01T12:41:29.876+0200,dw03,021B,100,2396,-49,-2104,1146,2.26,12268
ground-height-4m-20260830-222436,d024m_r180_run01.csv,4,24,180,dw00;dw01;dw02;dw03;dw04;dw05;dw06;dw07;dw08,dw00;dw01;dw02;dw03;dw04;dw05;dw06;dw07;dw08,dw03;dw07;dw08,75,1,2026-09-01T12:41:30.076+0200,dw03,021B,101,2392,-47,-2073,1194,2.14,12268
ground-height-4m-20260830-222436,d024m_r180_run01.csv,4,24,180,dw00;dw01;dw02;dw03;dw04;dw05;dw06;dw07;dw08,dw00;dw01;dw02;dw03;dw04;dw05;dw06;dw07;dw08,dw03;dw07;dw08,75,1,2026-09-01T12:41:30.277+0200,dw03,021B,102,2396,-47,-2072,1204,2.26,12298
ground-height-4m-20260830-222436,d024m_r180_run01.csv,4,24,180,dw00;dw01;dw02;dw03;dw04;dw05;dw06;dw07;dw08,dw00;dw01;dw02;dw03;dw04;dw05;dw06;dw07;dw08,dw03;dw07;dw08,75,1,2026-09-01T12:41:30.476+0200,dw03,021B,103,2393,-37,-1920,1428,2.14,12268
ground-height-4m-20260830-222436,d024m_r180_run01.csv,4,24,180,dw00;dw01;dw02;dw03;dw04;dw05;dw06;dw07;dw08,dw00;dw01;dw02;dw03;dw04;dw05;dw06;dw07;dw08,dw03;dw07;dw08,75,1,2026-09-01T12:41:30.676+0200,dw03,021B,104,2393,-35,-1893,1463,2.14,12268
ground-height-4m-20260830-222436,d024m_r180_run01.csv,4,24,180,dw00;dw01;dw02;dw03;dw04;dw05;dw06;dw07;dw08,dw00;dw01;dw02;dw03;dw04;dw05;dw06;dw07;dw08,dw03;dw07;dw08,75,1,2026-09-01T12:41:30.876+0200,dw03,021B,105,2392,-55,-2192,957,2.26,12268
ground-height-4m-20260830-222436,d024m_r180_run01.csv,4,24,180,dw00;dw01;dw02;dw03;dw04;dw05;dw06;dw07;dw08,dw00;dw01;dw02;dw03;dw04;dw05;dw06;dw07;dw08,dw03;dw07;dw08,75,1,2026-09-01T12:41:31.076+0200,dw03,021B,106,2397,-47,-2071,1207,2.26,12268
ground-height-4m-20260830-222436,d024m_r180_run01.csv,4,24,180,dw00;dw01;dw02;dw03;dw04;dw05;dw06;dw07;dw08,dw00;dw01;dw02;dw03;dw04;dw05;dw06;dw07;dw08,dw03;dw07;dw08,75,1,2026-09-01T12:41:31.275+0200,dw03,021B,107,2395,-40,-1963,1371,2.20,12268
ground-height-4m-20260830-222436,d024m_r180_run01.csv,4,24,180,dw00;dw01;dw02;dw03;dw04;dw05;dw06;dw07;dw08,dw00;dw01;dw02;dw03;dw04;dw05;dw06;dw07;dw08,dw03;dw07;dw08,75,1,2026-09-01T12:41:31.476+0200,dw03,021B,108,2393,-30,-1816,1558,2.14,12298
ground-height-4m-20260830-222436,d024m_r180_run01.csv,4,24,180,dw00;dw01;dw02;dw03;dw04;dw05;dw06;dw07;dw08,dw00;dw01;dw02;dw03;dw04;dw05;dw06;dw07;dw08,dw03;dw07;dw08,75,1,2026-09-01T12:41:31.676+0200,dw03,021B,109,2397,-47,-2074,1201,2.38,12237
ground-height-4m-20260830-222436,d024m_r180_run01.csv,4,24,180,dw00;dw01;dw02;dw03;dw04;dw05;dw06;dw07;dw08,dw00;dw01;dw02;dw03;dw04;dw05;dw06;dw07;dw08,dw03;dw07;dw08,75,1,2026-09-01T12:41:31.876+0200,dw03,021B,110,2390,-46,-2046,1235,2.20,12298
ground-height-4m-20260830-222436,d024m_r180_run01.csv,4,24,180,dw00;dw01;dw02;dw03;dw04;dw05;dw06;dw07;dw08,dw00;dw01;dw02;dw03;dw04;dw05;dw06;dw07;dw08,dw03;dw07;dw08,75,1,2026-09-01T12:41:32.075+0200,dw03,021B,111,2394,-28,-1784,1596,2.14,12268
ground-height-4m-20260830-222436,d024m_r180_run01.csv,4,24,180,dw00;dw01;dw02;dw03;dw04;dw05;dw06;dw07;dw08,dw00;dw01;dw02;dw03;dw04;dw05;dw06;dw07;dw08,dw03;dw07;dw08,75,1,2026-09-01T12:41:32.275+0200,dw03,021B,112,2394,-41,-1984,1340,2.20,12268
ground-height-4m-20260830-222436,d024m_r180_run01.csv,4,24,180,dw00;dw01;dw02;dw03;dw04;dw05;dw06;dw07;dw08,dw00;dw01;dw02;dw03;dw04;dw05;dw06;dw07;dw08,dw03;dw07;dw08,145,1,2026-09-01T12:42:39.631+0200,dw07,5783,14,2398,-149,1729,1661,3.15,2147483
ground-height-4m-20260830-222436,d024m_r180_run01.csv,4,24,180,dw00;dw01;dw02;dw03;dw04;dw05;dw06;dw07;dw08,dw00;dw01;dw02;dw03;dw04;dw05;dw06;dw07;dw08,dw03;dw07;dw08,145,1,2026-09-01T12:43:03.338+0200,dw07,5783,3,2400,155,919,2217,1.69,2147483
ground-height-4m-20260830-222436,d024m_r180_run01.csv,4,24,180,dw00;dw01;dw02;dw03;dw04;dw05;dw06;dw07;dw08,dw00;dw01;dw02;dw03;dw04;dw05;dw06;dw07;dw08,dw03;dw07;dw08,145,1,2026-09-01T12:43:42.224+0200,dw07,5783,3,2402,51,-610,2323,1.69,2147483
ground-height-4m-20260830-222436,d024m_r180_run01.csv,4,24,180,dw00;dw01;dw02;dw03;dw04;dw05;dw06;dw07;dw08,dw00;dw01;dw02;dw03;dw04;dw05;dw06;dw07;dw08,dw03;dw07;dw08,145,1,2026-09-01T12:43:44.121+0200,dw07,5783,1,2396,101,126,2392,-8.70,2147483
ground-height-4m-20260830-222436,d024m_r180_run01.csv,4,24,180,dw00;dw01;dw02;dw03;dw04;dw05;dw06;dw07;dw08,dw00;dw01;dw02;dw03;dw04;dw05;dw06;dw07;dw08,dw03;dw07;dw08,145,1,2026-09-01T12:43:50.221+0200,dw07,5783,5,2405,-45,-2048,1262,3.27,2147483
ground-height-4m-20260830-222436,d024m_r180_run01.csv,4,24,180,dw00;dw01;dw02;dw03;dw04;dw05;dw06;dw07;dw08,dw00;dw01;dw02;dw03;dw04;dw05;dw06;dw07;dw08,dw03;dw07;dw08,145,1,2026-09-01T12:43:54.021+0200,dw07,5783,21,2398,9,-1226,2061,3.06,2147483
ground-height-4m-20260830-222436,d024m_r180_run01.csv,4,24,180,dw00;dw01;dw02;dw03;dw04;dw05;dw06;dw07;dw08,dw00;dw01;dw02;dw03;dw04;dw05;dw06;dw07;dw08,dw03;dw07;dw08,145,1,2026-09-01T12:43:54.521+0200,dw07,5783,23,2401,-19,-1658,1737,3.15,2147483
ground-height-4m-20260830-222436,d024m_r180_run01.csv,4,24,180,dw00;dw01;dw02;dw03;dw04;dw05;dw06;dw07;dw08,dw00;dw01;dw02;dw03;dw04;dw05;dw06;dw07;dw08,dw03;dw07;dw08,145,1,2026-09-01T12:43:55.020+0200,dw07,5783,25,2400,-2,-1414,1938,3.09,2147483
ground-height-4m-20260830-222436,d024m_r180_run01.csv,4,24,180,dw00;dw01;dw02;dw03;dw04;dw05;dw06;dw07;dw08,dw00;dw01;dw02;dw03;dw04;dw05;dw06;dw07;dw08,dw03;dw07;dw08,145,1,2026-09-01T12:43:56.917+0200,dw07,5783,1,2396,81,-169,2390,-8.70,2147483
ground-height-4m-20260830-222436,d024m_r180_run01.csv,4,24,180,dw00;dw01;dw02;dw03;dw04;dw05;dw06;dw07;dw08,dw00;dw01;dw02;dw03;dw04;dw05;dw06;dw07;dw08,dw03;dw07;dw08,145,1,2026-09-01T12:43:57.403+0200,dw07,5783,3,2400,120,411,2364,3.01,2147483
ground-height-4m-20260830-222436,d024m_r180_run01.csv,4,24,180,dw00;dw01;dw02;dw03;dw04;dw05;dw06;dw07;dw08,dw00;dw01;dw02;dw03;dw04;dw05;dw06;dw07;dw08,dw03;dw07;dw08,145,1,2026-09-01T12:43:59.018+0200,dw07,5783,11,2397,137,659,2305,3.15,2147483
ground-height-4m-20260830-222436,d024m_r180_run01.csv,4,24,180,dw00;dw01;dw02;dw03;dw04;dw05;dw06;dw07;dw08,dw00;dw01;dw02;dw03;dw04;dw05;dw06;dw07;dw08,dw03;dw07;dw08,145,1,2026-09-01T12:44:01.417+0200,dw07,5783,21,2397,132,577,2326,3.09,2147483
ground-height-4m-20260830-222436,d024m_r180_run01.csv,4,24,180,dw00;dw01;dw02;dw03;dw04;dw05;dw06;dw07;dw08,dw00;dw01;dw02;dw03;dw04;dw05;dw06;dw07;dw08,dw03;dw07;dw08,145,1,2026-09-01T12:44:05.001+0200,dw07,5783,36,2406,130,552,2342,2.89,2147483
ground-height-4m-20260830-222436,d024m_r180_run01.csv,4,24,180,dw00;dw01;dw02;dw03;dw04;dw05;dw06;dw07;dw08,dw00;dw01;dw02;dw03;dw04;dw05;dw06;dw07;dw08,dw03;dw07;dw08,145,1,2026-09-01T12:44:05.400+0200,dw07,5783,38,2401,125,485,2351,2.89,2147483
ground-height-4m-20260830-222436,d024m_r180_run01.csv,4,24,180,dw00;dw01;dw02;dw03;dw04;dw05;dw06;dw07;dw08,dw00;dw01;dw02;dw03;dw04;dw05;dw06;dw07;dw08,dw03;dw07;dw08,145,1,2026-09-01T12:44:05.600+0200,dw07,5783,39,2404,122,436,2364,2.95,2147483
ground-height-4m-20260830-222436,d024m_r180_run01.csv,4,24,180,dw00;dw01;dw02;dw03;dw04;dw05;dw06;dw07;dw08,dw00;dw01;dw02;dw03;dw04;dw05;dw06;dw07;dw08,dw03;dw07;dw08,145,1,2026-09-01T12:44:06.200+0200,dw07,5783,42,2399,92,-6,2399,2.95,2147483
ground-height-4m-20260830-222436,d024m_r180_run01.csv,4,24,180,dw00;dw01;dw02;dw03;dw04;dw05;dw06;dw07;dw08,dw00;dw01;dw02;dw03;dw04;dw05;dw06;dw07;dw08,dw03;dw07;dw08,145,1,2026-09-01T12:44:06.400+0200,dw07,5783,43,2402,81,-174,2396,2.95,2147483
ground-height-4m-20260830-222436,d024m_r180_run01.csv,4,24,180,dw00;dw01;dw02;dw03;dw04;dw05;dw06;dw07;dw08,dw00;dw01;dw02;dw03;dw04;dw05;dw06;dw07;dw08,dw03;dw07;dw08,145,1,2026-09-01T12:44:07.000+0200,dw07,5783,46,2399,120,409,2364,2.95,2147483
ground-height-4m-20260830-222436,d024m_r180_run01.csv,4,24,180,dw00;dw01;dw02;dw03;dw04;dw05;dw06;dw07;dw08,dw00;dw01;dw02;dw03;dw04;dw05;dw06;dw07;dw08,dw03;dw07;dw08,145,1,2026-09-01T12:44:07.831+0200,dw07,5783,50,2401,127,512,2346,3.15,2147483
ground-height-4m-20260830-222436,d024m_r180_run01.csv,4,24,180,dw00;dw01;dw02;dw03;dw04;dw05;dw06;dw07;dw08,dw00;dw01;dw02;dw03;dw04;dw05;dw06;dw07;dw08,dw03;dw07;dw08,145,1,2026-09-01T12:44:08.799+0200,dw07,5783,54,2401,81,-163,2395,3.01,2147483
ground-height-4m-20260830-222436,d024m_r180_run01.csv,4,24,180,dw00;dw01;dw02;dw03;dw04;dw05;dw06;dw07;dw08,dw00;dw01;dw02;dw03;dw04;dw05;dw06;dw07;dw08,dw03;dw07;dw08,145,1,2026-09-01T12:44:08.999+0200,dw07,5783,55,2401,112,283,2384,3.06,2147483
ground-height-4m-20260830-222436,d024m_r180_run01.csv,4,24,180,dw00;dw01;dw02;dw03;dw04;dw05;dw06;dw07;dw08,dw00;dw01;dw02;dw03;dw04;dw05;dw06;dw07;dw08,dw03;dw07;dw08,145,1,2026-09-01T12:44:09.799+0200,dw07,5783,59,2400,61,-458,2356,2.89,2147483
ground-height-4m-20260830-222436,d024m_r180_run01.csv,4,24,180,dw00;dw01;dw02;dw03;dw04;dw05;dw06;dw07;dw08,dw00;dw01;dw02;dw03;dw04;dw05;dw06;dw07;dw08,dw03;dw07;dw08,145,1,2026-09-01T12:44:09.998+0200,dw07,5783,60,2401,89,-47,2400,3.01,2147483
ground-height-4m-20260830-222436,d024m_r180_run01.csv,4,24,180,dw00;dw01;dw02;dw03;dw04;dw05;dw06;dw07;dw08,dw00;dw01;dw02;dw03;dw04;dw05;dw06;dw07;dw08,dw03;dw07;dw08,145,1,2026-09-01T12:44:10.815+0200,dw07,5783,64,2402,128,530,2342,3.06,2147483
ground-height-4m-20260830-222436,d024m_r180_run01.csv,4,24,180,dw00;dw01;dw02;dw03;dw04;dw05;dw06;dw07;dw08,dw00;dw01;dw02;dw03;dw04;dw05;dw06;dw07;dw08,dw03;dw07;dw08,145,1,2026-09-01T12:44:12.613+0200,dw07,5783,72,2403,-133,1977,1365,3.06,2147483
ground-height-4m-20260830-222436,d024m_r180_run01.csv,4,24,180,dw00;dw01;dw02;dw03;dw04;dw05;dw06;dw07;dw08,dw00;dw01;dw02;dw03;dw04;dw05;dw06;dw07;dw08,dw03;dw07;dw08,145,1,2026-09-01T12:44:13.113+0200,dw07,5783,74,2399,-50,-2124,1114,3.06,2147483
ground-height-4m-20260830-222436,d024m_r180_run01.csv,4,24,180,dw00;dw01;dw02;dw03;dw04;dw05;dw06;dw07;dw08,dw00;dw01;dw02;dw03;dw04;dw05;dw06;dw07;dw08,dw03;dw07;dw08,145,1,2026-09-01T12:44:13.598+0200,dw07,5783,76,2397,67,-372,2368,2.83,2147483
ground-height-4m-20260830-222436,d024m_r180_run01.csv,4,24,180,dw00;dw01;dw02;dw03;dw04;dw05;dw06;dw07;dw08,dw00;dw01;dw02;dw03;dw04;dw05;dw06;dw07;dw08,dw03;dw07;dw08,145,1,2026-09-01T12:44:13.798+0200,dw07,5783,77,2401,58,-511,2346,2.77,2147483
ground-height-4m-20260830-222436,d024m_r180_run01.csv,4,24,180,dw00;dw01;dw02;dw03;dw04;dw05;dw06;dw07;dw08,dw00;dw01;dw02;dw03;dw04;dw05;dw06;dw07;dw08,dw03;dw07;dw08,145,1,2026-09-01T12:44:14.197+0200,dw07,5783,79,2400,62,-443,2359,2.95,2147483
ground-height-4m-20260830-222436,d024m_r180_run01.csv,4,24,180,dw00;dw01;dw02;dw03;dw04;dw05;dw06;dw07;dw08,dw00;dw01;dw02;dw03;dw04;dw05;dw06;dw07;dw08,dw03;dw07;dw08,145,1,2026-09-01T12:44:14.597+0200,dw07,5783,81,2402,72,-296,2384,2.89,2147483
ground-height-4m-20260830-222436,d024m_r180_run01.csv,4,24,180,dw00;dw01;dw02;dw03;dw04;dw05;dw06;dw07;dw08,dw00;dw01;dw02;dw03;dw04;dw05;dw06;dw07;dw08,dw03;dw07;dw08,145,1,2026-09-01T12:44:14.997+0200,dw07,5783,83,2400,90,-40,2400,2.89,2147483
ground-height-4m-20260830-222436,d024m_r180_run01.csv,4,24,180,dw00;dw01;dw02;dw03;dw04;dw05;dw06;dw07;dw08,dw00;dw01;dw02;dw03;dw04;dw05;dw06;dw07;dw08,dw03;dw07;dw08,145,1,2026-09-01T12:44:15.397+0200,dw07,5783,85,2403,63,-432,2364,2.95,2147483
ground-height-4m-20260830-222436,d024m_r180_run01.csv,4,24,180,dw00;dw01;dw02;dw03;dw04;dw05;dw06;dw07;dw08,dw00;dw01;dw02;dw03;dw04;dw05;dw06;dw07;dw08,dw03;dw07;dw08,145,1,2026-09-01T12:44:16.997+0200,dw07,5783,92,2400,-15,-1605,1785,2.95,2147483
ground-height-4m-20260830-222436,d024m_r180_run01.csv,4,24,180,dw00;dw01;dw02;dw03;dw04;dw05;dw06;dw07;dw08,dw00;dw01;dw02;dw03;dw04;dw05;dw06;dw07;dw08,dw03;dw07;dw08,145,1,2026-09-01T12:44:17.196+0200,dw07,5783,93,2398,69,-341,2374,2.83,2147483
ground-height-4m-20260830-222436,d024m_r180_run01.csv,4,24,180,dw00;dw01;dw02;dw03;dw04;dw05;dw06;dw07;dw08,dw00;dw01;dw02;dw03;dw04;dw05;dw06;dw07;dw08,dw03;dw07;dw08,145,1,2026-09-01T12:44:17.396+0200,dw07,5783,94,2398,84,-119,2395,2.95,2147483
ground-height-4m-20260830-222436,d024m_r180_run01.csv,4,24,180,dw00;dw01;dw02;dw03;dw04;dw05;dw06;dw07;dw08,dw00;dw01;dw02;dw03;dw04;dw05;dw06;dw07;dw08,dw03;dw07;dw08,145,1,2026-09-01T12:44:18.512+0200,dw07,5783,99,2405,167,1101,2138,3.06,2147483
ground-height-4m-20260830-222436,d024m_r180_run01.csv,4,24,180,dw00;dw01;dw02;dw03;dw04;dw05;dw06;dw07;dw08,dw00;dw01;dw02;dw03;dw04;dw05;dw06;dw07;dw08,dw03;dw07;dw08,145,1,2026-09-01T12:44:19.511+0200,dw07,5783,103,2397,53,-577,2326,3.01,2147483
ground-height-4m-20260830-222436,d024m_r180_run01.csv,4,24,180,dw00;dw01;dw02;dw03;dw04;dw05;dw06;dw07;dw08,dw00;dw01;dw02;dw03;dw04;dw05;dw06;dw07;dw08,dw03;dw07;dw08,145,1,2026-09-01T12:44:20.011+0200,dw07,5783,105,2402,-23,-1725,1671,2.95,2147483
ground-height-4m-20260830-222436,d024m_r180_run01.csv,4,24,180,dw00;dw01;dw02;dw03;dw04;dw05;dw06;dw07;dw08,dw00;dw01;dw02;dw03;dw04;dw05;dw06;dw07;dw08,dw03;dw07;dw08,145,1,2026-09-01T12:44:21.495+0200,dw07,5783,111,2400,127,511,2345,2.77,2147483
ground-height-4m-20260830-222436,d024m_r180_run01.csv,4,24,180,dw00;dw01;dw02;dw03;dw04;dw05;dw06;dw07;dw08,dw00;dw01;dw02;dw03;dw04;dw05;dw06;dw07;dw08,dw03;dw07;dw08,145,1,2026-09-01T12:44:21.694+0200,dw07,5783,112,2405,-98,2404,0,2.89,2147483
ground-height-4m-20260830-222436,d024m_r180_run01.csv,4,24,180,dw00;dw01;dw02;dw03;dw04;dw05;dw06;dw07;dw08,dw00;dw01;dw02;dw03;dw04;dw05;dw06;dw07;dw08,dw03;dw07;dw08,145,1,2026-09-01T12:44:22.295+0200,dw07,5783,115,2402,107,216,2392,2.83,2147483
ground-height-4m-20260830-222436,d024m_r180_run01.csv,4,24,180,dw00;dw01;dw02;dw03;dw04;dw05;dw06;dw07;dw08,dw00;dw01;dw02;dw03;dw04;dw05;dw06;dw07;dw08,dw03;dw07;dw08,145,1,2026-09-01T12:44:22.494+0200,dw07,5783,116,2405,-67,-2381,341,2.71,2147483
ground-height-4m-20260830-222436,d024m_r180_run01.csv,4,24,180,dw00;dw01;dw02;dw03;dw04;dw05;dw06;dw07;dw08,dw00;dw01;dw02;dw03;dw04;dw05;dw06;dw07;dw08,dw03;dw07;dw08,145,1,2026-09-01T12:44:23.110+0200,dw07,5783,119,2397,-30,-1823,1557,2.83,2147483
ground-height-4m-20260830-222436,d024m_r180_run01.csv,4,24,180,dw00;dw01;dw02;dw03;dw04;dw05;dw06;dw07;dw08,dw00;dw01;dw02;dw03;dw04;dw05;dw06;dw07;dw08,dw03;dw07;dw08,145,1,2026-09-01T12:44:24.494+0200,dw07,5783,125,2397,-64,-2328,568,2.89,2147483
ground-height-4m-20260830-222436,d024m_r180_run01.csv,4,24,180,dw00;dw01;dw02;dw03;dw04;dw05;dw06;dw07;dw08,dw00;dw01;dw02;dw03;dw04;dw05;dw06;dw07;dw08,dw03;dw07;dw08,145,1,2026-09-01T12:44:24.694+0200,dw07,5783,126,2397,76,-244,2385,2.83,2147483
ground-height-4m-20260830-222436,d024m_r180_run01.csv,4,24,180,dw00;dw01;dw02;dw03;dw04;dw05;dw06;dw07;dw08,dw00;dw01;dw02;dw03;dw04;dw05;dw06;dw07;dw08,dw03;dw07;dw08,145,1,2026-09-01T12:44:25.924+0200,dw07,5783,132,2403,132,578,2332,3.06,2147483
ground-height-4m-20260830-222436,d024m_r180_run01.csv,4,24,180,dw00;dw01;dw02;dw03;dw04;dw05;dw06;dw07;dw08,dw00;dw01;dw02;dw03;dw04;dw05;dw06;dw07;dw08,dw03;dw07;dw08,145,1,2026-09-01T12:44:26.409+0200,dw07,5783,134,2396,-28,-1799,1582,3.06,2147483
ground-height-4m-20260830-222436,d024m_r180_run01.csv,4,24,180,dw00;dw01;dw02;dw03;dw04;dw05;dw06;dw07;dw08,dw00;dw01;dw02;dw03;dw04;dw05;dw06;dw07;dw08,dw03;dw07;dw08,145,1,2026-09-01T12:44:26.893+0200,dw07,5783,136,2400,68,-359,2373,2.77,2147483
ground-height-4m-20260830-222436,d024m_r180_run01.csv,4,24,180,dw00;dw01;dw02;dw03;dw04;dw05;dw06;dw07;dw08,dw00;dw01;dw02;dw03;dw04;dw05;dw06;dw07;dw08,dw03;dw07;dw08,145,1,2026-09-01T12:44:29.208+0200,dw07,5783,146,2400,128,525,2342,3.01,2147483
ground-height-4m-20260830-222436,d024m_r180_run01.csv,4,24,180,dw00;dw01;dw02;dw03;dw04;dw05;dw06;dw07;dw08,dw00;dw01;dw02;dw03;dw04;dw05;dw06;dw07;dw08,dw03;dw07;dw08,145,1,2026-09-01T12:44:29.691+0200,dw07,5783,148,2403,10,-1223,2068,2.71,2147483
ground-height-4m-20260830-222436,d024m_r180_run01.csv,4,24,180,dw00;dw01;dw02;dw03;dw04;dw05;dw06;dw07;dw08,dw00;dw01;dw02;dw03;dw04;dw05;dw06;dw07;dw08,dw03;dw07;dw08,145,1,2026-09-01T12:44:32.291+0200,dw07,5783,160,2403,110,258,2389,2.71,2147483
ground-height-4m-20260830-222436,d024m_r180_run01.csv,4,24,180,dw00;dw01;dw02;dw03;dw04;dw05;dw06;dw07;dw08,dw00;dw01;dw02;dw03;dw04;dw05;dw06;dw07;dw08,dw03;dw07;dw08,145,1,2026-09-01T12:44:32.491+0200,dw07,5783,161,2401,78,-209,2392,2.77,2147483
ground-height-4m-20260830-222436,d024m_r180_run01.csv,4,24,180,dw00;dw01;dw02;dw03;dw04;dw05;dw06;dw07;dw08,dw00;dw01;dw02;dw03;dw04;dw05;dw06;dw07;dw08,dw03;dw07;dw08,145,1,2026-09-01T12:44:32.890+0200,dw07,5783,163,2402,118,371,2373,2.65,2147483
ground-height-4m-20260830-222436,d024m_r180_run01.csv,4,24,180,dw00;dw01;dw02;dw03;dw04;dw05;dw06;dw07;dw08,dw00;dw01;dw02;dw03;dw04;dw05;dw06;dw07;dw08,dw03;dw07;dw08,145,1,2026-09-01T12:44:33.090+0200,dw07,5783,164,2403,-65,-2341,544,2.71,2147483
ground-height-4m-20260830-222436,d024m_r180_run01.csv,4,24,180,dw00;dw01;dw02;dw03;dw04;dw05;dw06;dw07;dw08,dw00;dw01;dw02;dw03;dw04;dw05;dw06;dw07;dw08,dw03;dw07;dw08,145,1,2026-09-01T12:44:33.291+0200,dw07,5783,165,2403,-92,2403,0,2.59,2147483
ground-height-4m-20260830-222436,d024m_r180_run01.csv,4,24,180,dw00;dw01;dw02;dw03;dw04;dw05;dw06;dw07;dw08,dw00;dw01;dw02;dw03;dw04;dw05;dw06;dw07;dw08,dw03;dw07;dw08,145,1,2026-09-01T12:44:34.290+0200,dw07,5783,170,2402,59,-495,2350,2.71,2147483
ground-height-4m-20260830-222436,d024m_r180_run01.csv,4,24,180,dw00;dw01;dw02;dw03;dw04;dw05;dw06;dw07;dw08,dw00;dw01;dw02;dw03;dw04;dw05;dw06;dw07;dw08,dw03;dw07;dw08,145,1,2026-09-01T12:44:35.690+0200,dw07,5783,176,2404,73,-289,2386,2.77,2147483
ground-height-4m-20260830-222436,d024m_r180_run01.csv,4,24,180,dw00;dw01;dw02;dw03;dw04;dw05;dw06;dw07;dw08,dw00;dw01;dw02;dw03;dw04;dw05;dw06;dw07;dw08,dw03;dw07;dw08,145,1,2026-09-01T12:44:35.890+0200,dw07,5783,177,2405,-47,-2087,1195,2.83,2147483
ground-height-4m-20260830-222436,d024m_r180_run01.csv,4,24,180,dw00;dw01;dw02;dw03;dw04;dw05;dw06;dw07;dw08,dw00;dw01;dw02;dw03;dw04;dw05;dw06;dw07;dw08,dw03;dw07;dw08,145,1,2026-09-01T12:44:37.689+0200,dw07,5783,185,2406,71,-316,2385,2.71,2147483
ground-height-4m-20260830-222436,d024m_r180_run01.csv,4,24,180,dw00;dw01;dw02;dw03;dw04;dw05;dw06;dw07;dw08,dw00;dw01;dw02;dw03;dw04;dw05;dw06;dw07;dw08,dw03;dw07;dw08,145,1,2026-09-01T12:44:37.889+0200,dw07,5783,186,2399,129,541,2337,2.59,2147483
ground-height-4m-20260830-222436,d024m_r180_run01.csv,4,24,180,dw00;dw01;dw02;dw03;dw04;dw05;dw06;dw07;dw08,dw00;dw01;dw02;dw03;dw04;dw05;dw06;dw07;dw08,dw03;dw07;dw08,145,1,2026-09-01T12:44:38.289+0200,dw07,5783,188,2400,-91,2400,0,2.83,2147483
ground-height-4m-20260830-222436,d024m_r180_run01.csv,4,24,180,dw00;dw01;dw02;dw03;dw04;dw05;dw06;dw07;dw08,dw00;dw01;dw02;dw03;dw04;dw05;dw06;dw07;dw08,dw03;dw07;dw08,145,1,2026-09-01T12:44:38.688+0200,dw07,5783,190,2397,-79,-2397,0,2.77,2147483
ground-height-4m-20260830-222436,d024m_r180_run01.csv,4,24,180,dw00;dw01;dw02;dw03;dw04;dw05;dw06;dw07;dw08,dw00;dw01;dw02;dw03;dw04;dw05;dw06;dw07;dw08,dw03;dw07;dw08,145,1,2026-09-01T12:44:39.688+0200,dw07,5783,195,2401,-58,-2233,880,2.77,2147483
ground-height-4m-20260830-222436,d024m_r180_run01.csv,4,24,180,dw00;dw01;dw02;dw03;dw04;dw05;dw06;dw07;dw08,dw00;dw01;dw02;dw03;dw04;dw05;dw06;dw07;dw08,dw03;dw07;dw08,145,1,2026-09-01T12:44:40.088+0200,dw07,5783,197,2399,73,-284,2382,2.71,2147483
ground-height-4m-20260830-222436,d024m_r180_run01.csv,4,24,180,dw00;dw01;dw02;dw03;dw04;dw05;dw06;dw07;dw08,dw00;dw01;dw02;dw03;dw04;dw05;dw06;dw07;dw08,dw03;dw07;dw08,145,1,2026-09-01T12:44:40.704+0200,dw07,5783,200,2402,-11,-1539,1844,2.95,2147483
ground-height-4m-20260830-222436,d024m_r180_run01.csv,4,24,180,dw00;dw01;dw02;dw03;dw04;dw05;dw06;dw07;dw08,dw00;dw01;dw02;dw03;dw04;dw05;dw06;dw07;dw08,dw03;dw07;dw08,145,1,2026-09-01T12:44:41.488+0200,dw07,5783,203,2398,119,385,2367,2.83,2147483
ground-height-4m-20260830-222436,d024m_r180_run01.csv,4,24,180,dw00;dw01;dw02;dw03;dw04;dw05;dw06;dw07;dw08,dw00;dw01;dw02;dw03;dw04;dw05;dw06;dw07;dw08,dw03;dw07;dw08,145,1,2026-09-01T12:44:43.087+0200,dw07,5783,210,2403,77,-232,2391,2.83,2147483
ground-height-4m-20260830-222436,d024m_r180_run01.csv,4,24,180,dw00;dw01;dw02;dw03;dw04;dw05;dw06;dw07;dw08,dw00;dw01;dw02;dw03;dw04;dw05;dw06;dw07;dw08,dw03;dw07;dw08,145,1,2026-09-01T12:44:43.287+0200,dw07,5783,211,2400,175,1221,2066,2.77,2147483
ground-height-4m-20260830-222436,d024m_r180_run01.csv,4,24,180,dw00;dw01;dw02;dw03;dw04;dw05;dw06;dw07;dw08,dw00;dw01;dw02;dw03;dw04;dw05;dw06;dw07;dw08,dw03;dw07;dw08,145,1,2026-09-01T12:44:43.487+0200,dw07,5783,212,2405,107,220,2394,2.77,2147483
ground-height-4m-20260830-222436,d024m_r180_run01.csv,4,24,180,dw00;dw01;dw02;dw03;dw04;dw05;dw06;dw07;dw08,dw00;dw01;dw02;dw03;dw04;dw05;dw06;dw07;dw08,dw03;dw07;dw08,145,1,2026-09-01T12:44:43.687+0200,dw07,5783,213,2401,157,951,2204,2.65,2147483
ground-height-4m-20260830-222436,d024m_r180_run01.csv,4,24,180,dw00;dw01;dw02;dw03;dw04;dw05;dw06;dw07;dw08,dw00;dw01;dw02;dw03;dw04;dw05;dw06;dw07;dw08,dw03;dw07;dw08,145,1,2026-09-01T12:44:43.887+0200,dw07,5783,214,2400,85,-103,2398,2.71,2147483
ground-height-4m-20260830-222436,d024m_r180_run01.csv,4,24,180,dw00;dw01;dw02;dw03;dw04;dw05;dw06;dw07;dw08,dw00;dw01;dw02;dw03;dw04;dw05;dw06;dw07;dw08,dw03;dw07;dw08,145,1,2026-09-01T12:44:44.902+0200,dw07,5783,219,2400,-67,-2377,329,2.95,2147483
ground-height-4m-20260830-222436,d024m_r180_run01.csv,4,24,180,dw00;dw01;dw02;dw03;dw04;dw05;dw06;dw07;dw08,dw00;dw01;dw02;dw03;dw04;dw05;dw06;dw07;dw08,dw03;dw07;dw08,145,1,2026-09-01T12:44:45.402+0200,dw07,5783,221,2402,-64,-2329,584,2.95,2147483
ground-height-4m-20260830-222436,d024m_r180_run01.csv,4,24,180,dw00;dw01;dw02;dw03;dw04;dw05;dw06;dw07;dw08,dw00;dw01;dw02;dw03;dw04;dw05;dw06;dw07;dw08,dw03;dw07;dw08,145,1,2026-09-01T12:44:46.686+0200,dw07,5783,227,2401,-96,2401,0,2.77,2147483
ground-height-4m-20260830-222436,d024m_r180_run01.csv,4,24,180,dw00;dw01;dw02;dw03;dw04;dw05;dw06;dw07;dw08,dw00;dw01;dw02;dw03;dw04;dw05;dw06;dw07;dw08,dw03;dw07;dw08,145,1,2026-09-01T12:44:46.886+0200,dw07,5783,228,2398,91,-23,2398,2.71,2147483
ground-height-4m-20260830-222436,d024m_r180_run01.csv,4,24,180,dw00;dw01;dw02;dw03;dw04;dw05;dw06;dw07;dw08,dw00;dw01;dw02;dw03;dw04;dw05;dw06;dw07;dw08,dw03;dw07;dw08,145,1,2026-09-01T12:44:47.285+0200,dw07,5783,230,2400,-112,2280,748,2.77,2147483
ground-height-4m-20260830-222436,d024m_r180_run01.csv,4,24,180,dw00;dw01;dw02;dw03;dw04;dw05;dw06;dw07;dw08,dw00;dw01;dw02;dw03;dw04;dw05;dw06;dw07;dw08,dw03;dw07;dw08,145,1,2026-09-01T12:44:47.886+0200,dw07,5783,233,2399,-81,-2399,0,2.71,2147483
ground-height-4m-20260830-222436,d024m_r180_run01.csv,4,24,180,dw00;dw01;dw02;dw03;dw04;dw05;dw06;dw07;dw08,dw00;dw01;dw02;dw03;dw04;dw05;dw06;dw07;dw08,dw03;dw07;dw08,145,1,2026-09-01T12:44:48.485+0200,dw07,5783,236,2403,112,288,2386,2.89,2147483
ground-height-4m-20260830-222436,d024m_r180_run01.csv,4,24,180,dw00;dw01;dw02;dw03;dw04;dw05;dw06;dw07;dw08,dw00;dw01;dw02;dw03;dw04;dw05;dw06;dw07;dw08,dw03;dw07;dw08,145,1,2026-09-01T12:44:48.685+0200,dw07,5783,237,2403,-88,2403,0,2.71,2147483
ground-height-4m-20260830-222436,d024m_r180_run01.csv,4,24,180,dw00;dw01;dw02;dw03;dw04;dw05;dw06;dw07;dw08,dw00;dw01;dw02;dw03;dw04;dw05;dw06;dw07;dw08,dw03;dw07;dw08,145,1,2026-09-01T12:44:49.085+0200,dw07,5783,239,2401,79,-194,2393,2.65,2147483
ground-height-4m-20260830-222436,d024m_r180_run01.csv,4,24,180,dw00;dw01;dw02;dw03;dw04;dw05;dw06;dw07;dw08,dw00;dw01;dw02;dw03;dw04;dw05;dw06;dw07;dw08,dw03;dw07;dw08,145,1,2026-09-01T12:44:49.501+0200,dw07,5783,241,2404,20,-1077,2149,3.01,2147483
ground-height-4m-20260830-222436,d024m_r180_run01.csv,4,24,180,dw00;dw01;dw02;dw03;dw04;dw05;dw06;dw07;dw08,dw00;dw01;dw02;dw03;dw04;dw05;dw06;dw07;dw08,dw03;dw07;dw08,145,1,2026-09-01T12:44:50.001+0200,dw07,5783,243,2399,-54,-2181,999,2.83,2147483
ground-height-4m-20260830-222436,d024m_r180_run01.csv,4,24,180,dw00;dw01;dw02;dw03;dw04;dw05;dw06;dw07;dw08,dw00;dw01;dw02;dw03;dw04;dw05;dw06;dw07;dw08,dw03;dw07;dw08,145,1,2026-09-01T12:44:50.484+0200,dw07,5783,245,2405,92,-5,2405,2.65,2147483
ground-height-4m-20260830-222436,d024m_r180_run01.csv,4,24,180,dw00;dw01;dw02;dw03;dw04;dw05;dw06;dw07;dw08,dw00;dw01;dw02;dw03;dw04;dw05;dw06;dw07;dw08,dw03;dw07;dw08,145,1,2026-09-01T12:44:50.684+0200,dw07,5783,246,2403,93,3,2403,2.71,2147483
ground-height-4m-20260830-222436,d024m_r180_run01.csv,4,24,180,dw00;dw01;dw02;dw03;dw04;dw05;dw06;dw07;dw08,dw00;dw01;dw02;dw03;dw04;dw05;dw06;dw07;dw08,dw03;dw07;dw08,145,1,2026-09-01T12:44:51.284+0200,dw07,5783,249,2404,-123,2131,1112,2.77,2147483
ground-height-4m-20260830-222436,d024m_r180_run01.csv,4,24,180,dw00;dw01;dw02;dw03;dw04;dw05;dw06;dw07;dw08,dw00;dw01;dw02;dw03;dw04;dw05;dw06;dw07;dw08,dw03;dw07;dw08,145,1,2026-09-01T12:44:52.099+0200,dw07,5783,253,2402,-81,-2402,0,2.83,2147483
ground-height-4m-20260830-222436,d024m_r180_run01.csv,4,24,180,dw00;dw01;dw02;dw03;dw04;dw05;dw06;dw07;dw08,dw00;dw01;dw02;dw03;dw04;dw05;dw06;dw07;dw08,dw03;dw07;dw08,145,1,2026-09-01T12:44:52.815+0200,dw07,5783,0,2400,-54,-2179,1006,3.01,2147483
ground-height-4m-20260830-222436,d024m_r180_run01.csv,4,24,180,dw00;dw01;dw02;dw03;dw04;dw05;dw06;dw07;dw08,dw00;dw01;dw02;dw03;dw04;dw05;dw06;dw07;dw08,dw03;dw07;dw08,145,1,2026-09-01T12:44:53.299+0200,dw07,5783,2,2399,117,356,2372,2.71,2147483
ground-height-4m-20260830-222436,d024m_r180_run01.csv,4,24,180,dw00;dw01;dw02;dw03;dw04;dw05;dw06;dw07;dw08,dw00;dw01;dw02;dw03;dw04;dw05;dw06;dw07;dw08,dw03;dw07;dw08,145,1,2026-09-01T12:44:54.083+0200,dw07,5783,5,2403,-120,2168,1036,2.59,2147483
ground-height-4m-20260830-222436,d024m_r180_run01.csv,4,24,180,dw00;dw01;dw02;dw03;dw04;dw05;dw06;dw07;dw08,dw00;dw01;dw02;dw03;dw04;dw05;dw06;dw07;dw08,dw03;dw07;dw08,145,1,2026-09-01T12:44:54.483+0200,dw07,5783,7,2401,-134,1964,1381,2.59,2147483
ground-height-4m-20260830-222436,d024m_r180_run01.csv,4,24,180,dw00;dw01;dw02;dw03;dw04;dw05;dw06;dw07;dw08,dw00;dw01;dw02;dw03;dw04;dw05;dw06;dw07;dw08,dw03;dw07;dw08,145,1,2026-09-01T12:44:54.683+0200,dw07,5783,8,2401,144,768,2275,2.65,2147483
ground-height-4m-20260830-222436,d024m_r180_run01.csv,4,24,180,dw00;dw01;dw02;dw03;dw04;dw05;dw06;dw07;dw08,dw00;dw01;dw02;dw03;dw04;dw05;dw06;dw07;dw08,dw03;dw07;dw08,145,1,2026-09-01T12:44:55.898+0200,dw07,5783,14,2402,-55,-2193,981,2.71,2147483
ground-height-4m-20260830-222436,d024m_r180_run01.csv,4,24,180,dw00;dw01;dw02;dw03;dw04;dw05;dw06;dw07;dw08,dw00;dw01;dw02;dw03;dw04;dw05;dw06;dw07;dw08,dw03;dw07;dw08,145,1,2026-09-01T12:44:57.082+0200,dw07,5783,19,2398,-113,2261,799,2.59,2147483
ground-height-4m-20260830-222436,d024m_r180_run01.csv,4,24,180,dw00;dw01;dw02;dw03;dw04;dw05;dw06;dw07;dw08,dw00;dw01;dw02;dw03;dw04;dw05;dw06;dw07;dw08,dw03;dw07;dw08,145,1,2026-09-01T12:44:57.497+0200,dw07,5783,21,2398,125,477,2350,2.71,2147483
ground-height-4m-20260830-222436,d024m_r180_run01.csv,4,24,180,dw00;dw01;dw02;dw03;dw04;dw05;dw06;dw07;dw08,dw00;dw01;dw02;dw03;dw04;dw05;dw06;dw07;dw08,dw03;dw07;dw08,145,1,2026-09-01T12:44:57.998+0200,dw07,5783,23,2404,115,336,2380,2.65,2147483
ground-height-4m-20260830-222436,d024m_r180_run01.csv,4,24,180,dw00;dw01;dw02;dw03;dw04;dw05;dw06;dw07;dw08,dw00;dw01;dw02;dw03;dw04;dw05;dw06;dw07;dw08,dw03;dw07;dw08,145,1,2026-09-01T12:44:58.282+0200,dw07,5783,24,2405,117,362,2378,2.59,2147483
ground-height-4m-20260830-222436,d024m_r180_run01.csv,4,24,180,dw00;dw01;dw02;dw03;dw04;dw05;dw06;dw07;dw08,dw00;dw01;dw02;dw03;dw04;dw05;dw06;dw07;dw08,dw03;dw07;dw08,145,1,2026-09-01T12:44:58.481+0200,dw07,5783,25,2403,-132,1995,1338,2.59,2147483
ground-height-4m-20260830-222436,d024m_r180_run01.csv,4,24,180,dw00;dw01;dw02;dw03;dw04;dw05;dw06;dw07;dw08,dw00;dw01;dw02;dw03;dw04;dw05;dw06;dw07;dw08,dw03;dw07;dw08,145,1,2026-09-01T12:44:59.296+0200,dw07,5783,29,2403,-76,-2403,0,2.71,2147483
ground-height-4m-20260830-222436,d024m_r180_run01.csv,4,24,180,dw00;dw01;dw02;dw03;dw04;dw05;dw06;dw07;dw08,dw00;dw01;dw02;dw03;dw04;dw05;dw06;dw07;dw08,dw03;dw07;dw08,145,1,2026-09-01T12:45:00.081+0200,dw07,5783,32,2399,-120,2159,1046,2.59,2147483
ground-height-4m-20260830-222436,d024m_r180_run01.csv,4,24,180,dw00;dw01;dw02;dw03;dw04;dw05;dw06;dw07;dw08,dw00;dw01;dw02;dw03;dw04;dw05;dw06;dw07;dw08,dw03;dw07;dw08,145,1,2026-09-01T12:45:00.281+0200,dw07,5783,33,2405,-95,2404,0,2.53,2147483
ground-height-4m-20260830-222436,d024m_r180_run01.csv,4,24,180,dw00;dw01;dw02;dw03;dw04;dw05;dw06;dw07;dw08,dw00;dw01;dw02;dw03;dw04;dw05;dw06;dw07;dw08,dw03;dw07;dw08,145,1,2026-09-01T12:45:00.880+0200,dw07,5783,36,2403,121,426,2364,2.50,2147483
ground-height-4m-20260830-222436,d024m_r180_run01.csv,4,24,180,dw00;dw01;dw02;dw03;dw04;dw05;dw06;dw07;dw08,dw00;dw01;dw02;dw03;dw04;dw05;dw06;dw07;dw08,dw03;dw07;dw08,145,1,2026-09-01T12:45:02.280+0200,dw07,5783,42,2401,117,358,2374,2.59,2147483
ground-height-4m-20260830-222436,d024m_r180_run01.csv,4,24,180,dw00;dw01;dw02;dw03;dw04;dw05;dw06;dw07;dw08,dw00;dw01;dw02;dw03;dw04;dw05;dw06;dw07;dw08,dw03;dw07;dw08,145,1,2026-09-01T12:45:02.480+0200,dw07,5783,43,2403,-126,2085,1193,2.59,2147483
ground-height-4m-20260830-222436,d024m_r180_run01.csv,4,24,180,dw00;dw01;dw02;dw03;dw04;dw05;dw06;dw07;dw08,dw00;dw01;dw02;dw03;dw04;dw05;dw06;dw07;dw08,dw03;dw07;dw08,145,1,2026-09-01T12:45:02.680+0200,dw07,5783,44,2400,-133,1969,1372,2.53,2147483
ground-height-4m-20260830-222436,d024m_r180_run01.csv,4,24,180,dw00;dw01;dw02;dw03;dw04;dw05;dw06;dw07;dw08,dw00;dw01;dw02;dw03;dw04;dw05;dw06;dw07;dw08,dw03;dw07;dw08,145,1,2026-09-01T12:45:03.096+0200,dw07,5783,46,2397,113,300,2379,2.71,2147483
ground-height-4m-20260830-222436,d024m_r180_run01.csv,4,24,180,dw00;dw01;dw02;dw03;dw04;dw05;dw06;dw07;dw08,dw00;dw01;dw02;dw03;dw04;dw05;dw06;dw07;dw08,dw03;dw07;dw08,145,1,2026-09-01T12:45:03.880+0200,dw07,5783,49,2401,-117,2215,925,2.53,2147483
ground-height-4m-20260830-222436,d024m_r180_run01.csv,4,24,180,dw00;dw01;dw02;dw03;dw04;dw05;dw06;dw07;dw08,dw00;dw01;dw02;dw03;dw04;dw05;dw06;dw07;dw08,dw03;dw07;dw08,145,1,2026-09-01T12:45:04.295+0200,dw07,5783,51,2402,121,417,2366,2.71,2147483
ground-height-4m-20260830-222436,d024m_r180_run01.csv,4,24,180,dw00;dw01;dw02;dw03;dw04;dw05;dw06;dw07;dw08,dw00;dw01;dw02;dw03;dw04;dw05;dw06;dw07;dw08,dw03;dw07;dw08,145,1,2026-09-01T12:45:04.795+0200,dw07,5783,53,2405,126,504,2351,2.65,2147483
ground-height-4m-20260830-222436,d024m_r180_run01.csv,4,24,180,dw00;dw01;dw02;dw03;dw04;dw05;dw06;dw07;dw08,dw00;dw01;dw02;dw03;dw04;dw05;dw06;dw07;dw08,dw03;dw07;dw08,145,1,2026-09-01T12:45:05.279+0200,dw07,5783,55,2401,128,521,2344,2.50,2147483
ground-height-4m-20260830-222436,d024m_r180_run01.csv,4,24,180,dw00;dw01;dw02;dw03;dw04;dw05;dw06;dw07;dw08,dw00;dw01;dw02;dw03;dw04;dw05;dw06;dw07;dw08,dw03;dw07;dw08,145,1,2026-09-01T12:45:05.479+0200,dw07,5783,56,2399,116,345,2374,2.50,2147483
ground-height-4m-20260830-222436,d024m_r180_run01.csv,4,24,180,dw00;dw01;dw02;dw03;dw04;dw05;dw06;dw07;dw08,dw00;dw01;dw02;dw03;dw04;dw05;dw06;dw07;dw08,dw03;dw07;dw08,145,1,2026-09-01T12:45:05.679+0200,dw07,5783,57,2405,138,667,2310,2.50,2147483
ground-height-4m-20260830-222436,d024m_r180_run01.csv,4,24,180,dw00;dw01;dw02;dw03;dw04;dw05;dw06;dw07;dw08,dw00;dw01;dw02;dw03;dw04;dw05;dw06;dw07;dw08,dw03;dw07;dw08,145,1,2026-09-01T12:45:05.879+0200,dw07,5783,58,2402,98,78,2400,2.50,2147483
ground-height-4m-20260830-222436,d024m_r180_run01.csv,4,24,180,dw00;dw01;dw02;dw03;dw04;dw05;dw06;dw07;dw08,dw00;dw01;dw02;dw03;dw04;dw05;dw06;dw07;dw08,dw03;dw07;dw08,145,1,2026-09-01T12:45:12.090+0200,dw07,5783,1,2404,-117,2211,944,-9.20,2147483
ground-height-4m-20260830-222436,d024m_r180_run01.csv,4,24,180,dw00;dw01;dw02;dw03;dw04;dw05;dw06;dw07;dw08,dw00;dw01;dw02;dw03;dw04;dw05;dw06;dw07;dw08,dw03;dw07;dw08,145,1,2026-09-01T12:45:14.276+0200,dw07,5783,2,2398,-116,2228,887,2.38,2147483
ground-height-4m-20260830-222436,d024m_r180_run01.csv,4,24,180,dw00;dw01;dw02;dw03;dw04;dw05;dw06;dw07;dw08,dw00;dw01;dw02;dw03;dw04;dw05;dw06;dw07;dw08,dw03;dw07;dw08,145,1,2026-09-01T12:45:17.691+0200,dw07,5783,3,2400,127,512,2345,2.59,2147483
ground-height-4m-20260830-222436,d024m_r180_run01.csv,4,24,180,dw00;dw01;dw02;dw03;dw04;dw05;dw06;dw07;dw08,dw00;dw01;dw02;dw03;dw04;dw05;dw06;dw07;dw08,dw03;dw07;dw08,145,1,2026-09-01T12:45:18.190+0200,dw07,5783,5,2400,120,400,2367,2.53,2147483
ground-height-4m-20260830-222436,d024m_r180_run01.csv,4,24,180,dw00;dw01;dw02;dw03;dw04;dw05;dw06;dw07;dw08,dw00;dw01;dw02;dw03;dw04;dw05;dw06;dw07;dw08,dw03;dw07;dw08,145,1,2026-09-01T12:45:18.474+0200,dw07,5783,6,2400,-125,2087,1186,2.38,2147483
ground-height-4m-20260830-222436,d024m_r180_run01.csv,4,24,180,dw00;dw01;dw02;dw03;dw04;dw05;dw06;dw07;dw08,dw00;dw01;dw02;dw03;dw04;dw05;dw06;dw07;dw08,dw03;dw07;dw08,145,1,2026-09-01T12:45:18.674+0200,dw07,5783,7,2405,-128,2051,1254,2.53,2147483
ground-height-4m-20260830-222436,d024m_r180_run01.csv,4,24,180,dw00;dw01;dw02;dw03;dw04;dw05;dw06;dw07;dw08,dw00;dw01;dw02;dw03;dw04;dw05;dw06;dw07;dw08,dw03;dw07;dw08,145,1,2026-09-01T12:45:18.874+0200,dw07,5783,8,2398,121,427,2359,2.50,2147483
ground-height-4m-20260830-222436,d024m_r180_run01.csv,4,24,180,dw00;dw01;dw02;dw03;dw04;dw05;dw06;dw07;dw08,dw00;dw01;dw02;dw03;dw04;dw05;dw06;dw07;dw08,dw03;dw07;dw08,145,1,2026-09-01T12:45:19.074+0200,dw07,5783,9,2403,119,386,2372,2.44,2147483
ground-height-4m-20260830-222436,d024m_r180_run01.csv,4,24,180,dw00;dw01;dw02;dw03;dw04;dw05;dw06;dw07;dw08,dw00;dw01;dw02;dw03;dw04;dw05;dw06;dw07;dw08,dw03;dw07;dw08,145,1,2026-09-01T12:45:19.274+0200,dw07,5783,10,2405,126,489,2355,2.50,2147483
ground-height-4m-20260830-222436,d024m_r180_run01.csv,4,24,180,dw00;dw01;dw02;dw03;dw04;dw05;dw06;dw07;dw08,dw00;dw01;dw02;dw03;dw04;dw05;dw06;dw07;dw08,dw03;dw07;dw08,145,1,2026-09-01T12:45:19.674+0200,dw07,5783,12,2402,111,274,2386,2.38,2147483
ground-height-4m-20260830-222436,d024m_r180_run01.csv,4,24,180,dw00;dw01;dw02;dw03;dw04;dw05;dw06;dw07;dw08,dw00;dw01;dw02;dw03;dw04;dw05;dw06;dw07;dw08,dw03;dw07;dw08,145,1,2026-09-01T12:45:19.874+0200,dw07,5783,13,2399,115,338,2375,2.38,2147483
ground-height-4m-20260830-222436,d024m_r180_run01.csv,4,24,180,dw00;dw01;dw02;dw03;dw04;dw05;dw06;dw07;dw08,dw00;dw01;dw02;dw03;dw04;dw05;dw06;dw07;dw08,dw03;dw07;dw08,145,1,2026-09-01T12:45:20.073+0200,dw07,5783,14,2403,120,414,2367,2.38,2147483
ground-height-4m-20260830-222436,d024m_r180_run01.csv,4,24,180,dw00;dw01;dw02;dw03;dw04;dw05;dw06;dw07;dw08,dw00;dw01;dw02;dw03;dw04;dw05;dw06;dw07;dw08,dw03;dw07;dw08,145,1,2026-09-01T12:45:20.274+0200,dw07,5783,15,2399,124,469,2353,2.44,2147483
ground-height-4m-20260830-222436,d024m_r180_run01.csv,4,24,180,dw00;dw01;dw02;dw03;dw04;dw05;dw06;dw07;dw08,dw00;dw01;dw02;dw03;dw04;dw05;dw06;dw07;dw08,dw03;dw07;dw08,145,1,2026-09-01T12:45:20.474+0200,dw07,5783,16,2399,116,353,2373,2.38,2147483
ground-height-4m-20260830-222436,d024m_r180_run01.csv,4,24,180,dw00;dw01;dw02;dw03;dw04;dw05;dw06;dw07;dw08,dw00;dw01;dw02;dw03;dw04;dw05;dw06;dw07;dw08,dw03;dw07;dw08,145,1,2026-09-01T12:45:20.674+0200,dw07,5783,17,2399,115,337,2375,2.38,2147483
ground-height-4m-20260830-222436,d024m_r180_run01.csv,4,24,180,dw00;dw01;dw02;dw03;dw04;dw05;dw06;dw07;dw08,dw00;dw01;dw02;dw03;dw04;dw05;dw06;dw07;dw08,dw03;dw07;dw08,145,1,2026-09-01T12:45:20.873+0200,dw07,5783,18,2402,124,473,2355,2.59,2147483
ground-height-4m-20260830-222436,d024m_r180_run01.csv,4,24,180,dw00;dw01;dw02;dw03;dw04;dw05;dw06;dw07;dw08,dw00;dw01;dw02;dw03;dw04;dw05;dw06;dw07;dw08,dw03;dw07;dw08,145,1,2026-09-01T12:45:21.073+0200,dw07,5783,19,2400,-137,1919,1441,2.50,2147483
ground-height-4m-20260830-222436,d024m_r180_run01.csv,4,24,180,dw00;dw01;dw02;dw03;dw04;dw05;dw06;dw07;dw08,dw00;dw01;dw02;dw03;dw04;dw05;dw06;dw07;dw08,dw03;dw07;dw08,145,1,2026-09-01T12:45:21.273+0200,dw07,5783,20,2399,121,427,2360,2.38,2147483
ground-height-4m-20260830-222436,d024m_r180_run01.csv,4,24,180,dw00;dw01;dw02;dw03;dw04;dw05;dw06;dw07;dw08,dw00;dw01;dw02;dw03;dw04;dw05;dw06;dw07;dw08,dw03;dw07;dw08,145,1,2026-09-01T12:45:21.474+0200,dw07,5783,21,2398,-75,-2398,0,2.38,2147483
ground-height-4m-20260830-222436,d024m_r180_run01.csv,4,24,180,dw00;dw01;dw02;dw03;dw04;dw05;dw06;dw07;dw08,dw00;dw01;dw02;dw03;dw04;dw05;dw06;dw07;dw08,dw03;dw07;dw08,145,1,2026-09-01T12:45:21.889+0200,dw07,5783,23,2403,121,419,2366,2.65,2147483
ground-height-4m-20260830-222436,d024m_r180_run01.csv,4,24,180,dw00;dw01;dw02;dw03;dw04;dw05;dw06;dw07;dw08,dw00;dw01;dw02;dw03;dw04;dw05;dw06;dw07;dw08,dw03;dw07;dw08,145,1,2026-09-01T12:45:22.389+0200,dw07,5783,25,2403,125,482,2354,2.59,2147483
ground-height-4m-20260830-222436,d024m_r180_run01.csv,4,24,180,dw00;dw01;dw02;dw03;dw04;dw05;dw06;dw07;dw08,dw00;dw01;dw02;dw03;dw04;dw05;dw06;dw07;dw08,dw03;dw07;dw08,145,1,2026-09-01T12:45:22.673+0200,dw07,5783,26,2398,-150,1727,1664,2.38,2147483
ground-height-4m-20260830-222436,d024m_r180_run01.csv,4,24,180,dw00;dw01;dw02;dw03;dw04;dw05;dw06;dw07;dw08,dw00;dw01;dw02;dw03;dw04;dw05;dw06;dw07;dw08,dw03;dw07;dw08,145,1,2026-09-01T12:45:23.073+0200,dw07,5783,28,2401,-119,2178,1010,2.44,2147483
ground-height-4m-20260830-222436,d024m_r180_run01.csv,4,24,180,dw00;dw01;dw02;dw03;dw04;dw05;dw06;dw07;dw08,dw00;dw01;dw02;dw03;dw04;dw05;dw06;dw07;dw08,dw03;dw07;dw08,145,1,2026-09-01T12:45:23.472+0200,dw07,5783,30,2401,127,510,2346,2.50,2147483
ground-height-4m-20260830-222436,d024m_r180_run01.csv,4,24,180,dw00;dw01;dw02;dw03;dw04;dw05;dw06;dw07;dw08,dw00;dw01;dw02;dw03;dw04;dw05;dw06;dw07;dw08,dw03;dw07;dw08,145,1,2026-09-01T12:45:23.873+0200,dw07,5783,32,2399,117,356,2373,2.50,2147483
ground-height-4m-20260830-222436,d024m_r180_run01.csv,4,24,180,dw00;dw01;dw02;dw03;dw04;dw05;dw06;dw07;dw08,dw00;dw01;dw02;dw03;dw04;dw05;dw06;dw07;dw08,dw03;dw07;dw08,145,1,2026-09-01T12:45:24.072+0200,dw07,5783,33,2405,118,383,2374,2.50,2147483
ground-height-4m-20260830-222436,d024m_r180_run01.csv,4,24,180,dw00;dw01;dw02;dw03;dw04;dw05;dw06;dw07;dw08,dw00;dw01;dw02;dw03;dw04;dw05;dw06;dw07;dw08,dw03;dw07;dw08,145,1,2026-09-01T12:45:24.472+0200,dw07,5783,35,2400,125,484,2351,2.44,2147483
ground-height-4m-20260830-222436,d024m_r180_run01.csv,4,24,180,dw00;dw01;dw02;dw03;dw04;dw05;dw06;dw07;dw08,dw00;dw01;dw02;dw03;dw04;dw05;dw06;dw07;dw08,dw03;dw07;dw08,145,1,2026-09-01T12:45:24.672+0200,dw07,5783,36,2398,120,404,2364,2.38,2147483
ground-height-4m-20260830-222436,d024m_r180_run01.csv,4,24,180,dw00;dw01;dw02;dw03;dw04;dw05;dw06;dw07;dw08,dw00;dw01;dw02;dw03;dw04;dw05;dw06;dw07;dw08,dw03;dw07;dw08,145,1,2026-09-01T12:45:24.872+0200,dw07,5783,37,2403,-120,2173,1025,2.32,2147483
ground-height-4m-20260830-222436,d024m_r180_run01.csv,4,24,180,dw00;dw01;dw02;dw03;dw04;dw05;dw06;dw07;dw08,dw00;dw01;dw02;dw03;dw04;dw05;dw06;dw07;dw08,dw03;dw07;dw08,145,1,2026-09-01T12:45:25.272+0200,dw07,5783,39,2401,-136,1929,1429,2.44,2147483
ground-height-4m-20260830-222436,d024m_r180_run01.csv,4,24,180,dw00;dw01;dw02;dw03;dw04;dw05;dw06;dw07;dw08,dw00;dw01;dw02;dw03;dw04;dw05;dw06;dw07;dw08,dw03;dw07;dw08,145,1,2026-09-01T12:45:25.472+0200,dw07,5783,40,2402,110,258,2388,2.50,2147483
ground-height-4m-20260830-222436,d024m_r180_run01.csv,4,24,180,dw00;dw01;dw02;dw03;dw04;dw05;dw06;dw07;dw08,dw00;dw01;dw02;dw03;dw04;dw05;dw06;dw07;dw08,dw03;dw07;dw08,145,1,2026-09-01T12:45:25.887+0200,dw07,5783,42,2405,-97,2404,0,2.53,2147483
ground-height-4m-20260830-222436,d024m_r180_run01.csv,4,24,180,dw00;dw01;dw02;dw03;dw04;dw05;dw06;dw07;dw08,dw00;dw01;dw02;dw03;dw04;dw05;dw06;dw07;dw08,dw03;dw07;dw08,145,1,2026-09-01T12:45:26.387+0200,dw07,5783,44,2407,-96,2407,0,2.53,2147483
ground-height-4m-20260830-222436,d024m_r180_run01.csv,4,24,180,dw00;dw01;dw02;dw03;dw04;dw05;dw06;dw07;dw08,dw00;dw01;dw02;dw03;dw04;dw05;dw06;dw07;dw08,dw03;dw07;dw08,145,1,2026-09-01T12:45:26.671+0200,dw07,5783,45,2398,114,314,2378,2.38,2147483
ground-height-4m-20260830-222436,d024m_r180_run01.csv,4,24,180,dw00;dw01;dw02;dw03;dw04;dw05;dw06;dw07;dw08,dw00;dw01;dw02;dw03;dw04;dw05;dw06;dw07;dw08,dw03;dw07;dw08,145,1,2026-09-01T12:45:27.271+0200,dw07,5783,48,2400,121,426,2362,2.38,2147483
ground-height-4m-20260830-222436,d024m_r180_run01.csv,4,24,180,dw00;dw01;dw02;dw03;dw04;dw05;dw06;dw07;dw08,dw00;dw01;dw02;dw03;dw04;dw05;dw06;dw07;dw08,dw03;dw07;dw08,145,1,2026-09-01T12:45:27.471+0200,dw07,5783,49,2398,-82,-2398,0,2.50,2147483
ground-height-4m-20260830-222436,d024m_r180_run01.csv,4,24,180,dw00;dw01;dw02;dw03;dw04;dw05;dw06;dw07;dw08,dw00;dw01;dw02;dw03;dw04;dw05;dw06;dw07;dw08,dw03;dw07;dw08,145,1,2026-09-01T12:45:28.070+0200,dw07,5783,52,2404,133,593,2330,2.44,2147483
ground-height-4m-20260830-222436,d024m_r180_run01.csv,4,24,180,dw00;dw01;dw02;dw03;dw04;dw05;dw06;dw07;dw08,dw00;dw01;dw02;dw03;dw04;dw05;dw06;dw07;dw08,dw03;dw07;dw08,145,1,2026-09-01T12:45:28.271+0200,dw07,5783,53,2398,-127,2065,1220,2.38,2147483
ground-height-4m-20260830-222436,d024m_r180_run01.csv,4,24,180,dw00;dw01;dw02;dw03;dw04;dw05;dw06;dw07;dw08,dw00;dw01;dw02;dw03;dw04;dw05;dw06;dw07;dw08,dw03;dw07;dw08,145,1,2026-09-01T12:45:28.471+0200,dw07,5783,54,2400,118,380,2370,2.38,2147483
ground-height-4m-20260830-222436,d024m_r180_run01.csv,4,24,180,dw00;dw01;dw02;dw03;dw04;dw05;dw06;dw07;dw08,dw00;dw01;dw02;dw03;dw04;dw05;dw06;dw07;dw08,dw03;dw07;dw08,145,1,2026-09-01T12:45:28.671+0200,dw07,5783,55,2394,102,141,2390,2.38,2147483
ground-height-4m-20260830-222436,d024m_r180_run01.csv,4,24,180,dw00;dw01;dw02;dw03;dw04;dw05;dw06;dw07;dw08,dw00;dw01;dw02;dw03;dw04;dw05;dw06;dw07;dw08,dw03;dw07;dw08,145,1,2026-09-01T12:45:29.070+0200,dw07,5783,57,2399,132,584,2327,2.44,2147483
ground-height-4m-20260830-222436,d024m_r180_run01.csv,4,24,180,dw00;dw01;dw02;dw03;dw04;dw05;dw06;dw07;dw08,dw00;dw01;dw02;dw03;dw04;dw05;dw06;dw07;dw08,dw03;dw07;dw08,145,1,2026-09-01T12:45:29.471+0200,dw07,5783,59,2403,-122,2144,1085,2.44,2147483
ground-height-4m-20260830-222436,d024m_r180_run01.csv,4,24,180,dw00;dw01;dw02;dw03;dw04;dw05;dw06;dw07;dw08,dw00;dw01;dw02;dw03;dw04;dw05;dw06;dw07;dw08,dw03;dw07;dw08,145,1,2026-09-01T12:45:29.870+0200,dw07,5783,61,2401,128,521,2343,2.38,2147483
ground-height-4m-20260830-222436,d024m_r180_run01.csv,4,24,180,dw00;dw01;dw02;dw03;dw04;dw05;dw06;dw07;dw08,dw00;dw01;dw02;dw03;dw04;dw05;dw06;dw07;dw08,dw03;dw07;dw08,145,1,2026-09-01T12:45:30.070+0200,dw07,5783,62,2402,115,328,2380,2.50,2147483
ground-height-4m-20260830-222436,d024m_r180_run01.csv,4,24,180,dw00;dw01;dw02;dw03;dw04;dw05;dw06;dw07;dw08,dw00;dw01;dw02;dw03;dw04;dw05;dw06;dw07;dw08,dw03;dw07;dw08,145,1,2026-09-01T12:45:30.270+0200,dw07,5783,63,2404,-142,1845,1541,2.50,2147483
ground-height-4m-20260830-222436,d024m_r180_run01.csv,4,24,180,dw00;dw01;dw02;dw03;dw04;dw05;dw06;dw07;dw08,dw00;dw01;dw02;dw03;dw04;dw05;dw06;dw07;dw08,dw03;dw07;dw08,145,1,2026-09-01T12:45:30.470+0200,dw07,5783,64,2402,127,511,2347,2.38,2147483
ground-height-4m-20260830-222436,d024m_r180_run01.csv,4,24,180,dw00;dw01;dw02;dw03;dw04;dw05;dw06;dw07;dw08,dw00;dw01;dw02;dw03;dw04;dw05;dw06;dw07;dw08,dw03;dw07;dw08,145,1,2026-09-01T12:45:30.670+0200,dw07,5783,65,2397,116,346,2372,2.38,2147483
ground-height-4m-20260830-222436,d024m_r180_run01.csv,4,24,180,dw00;dw01;dw02;dw03;dw04;dw05;dw06;dw07;dw08,dw00;dw01;dw02;dw03;dw04;dw05;dw06;dw07;dw08,dw03;dw07;dw08,145,1,2026-09-01T12:45:30.870+0200,dw07,5783,66,2400,132,590,2326,2.44,2147483
ground-height-4m-20260830-222436,d024m_r180_run01.csv,4,24,180,dw00;dw01;dw02;dw03;dw04;dw05;dw06;dw07;dw08,dw00;dw01;dw02;dw03;dw04;dw05;dw06;dw07;dw08,dw03;dw07;dw08,145,1,2026-09-01T12:45:31.269+0200,dw07,5783,68,2402,131,574,2332,2.50,2147483
ground-height-4m-20260830-222436,d024m_r180_run01.csv,4,24,180,dw00;dw01;dw02;dw03;dw04;dw05;dw06;dw07;dw08,dw00;dw01;dw02;dw03;dw04;dw05;dw06;dw07;dw08,dw03;dw07;dw08,145,1,2026-09-01T12:45:31.470+0200,dw07,5783,69,2399,-128,2050,1246,2.38,2147483
ground-height-4m-20260830-222436,d024m_r180_run01.csv,4,24,180,dw00;dw01;dw02;dw03;dw04;dw05;dw06;dw07;dw08,dw00;dw01;dw02;dw03;dw04;dw05;dw06;dw07;dw08,dw03;dw07;dw08,145,1,2026-09-01T12:45:31.670+0200,dw07,5783,70,2400,124,461,2355,2.44,2147483
ground-height-4m-20260830-222436,d024m_r180_run01.csv,4,24,180,dw00;dw01;dw02;dw03;dw04;dw05;dw06;dw07;dw08,dw00;dw01;dw02;dw03;dw04;dw05;dw06;dw07;dw08,dw03;dw07;dw08,145,1,2026-09-01T12:45:31.870+0200,dw07,5783,71,2401,102,144,2396,2.38,2147483
ground-height-4m-20260830-222436,d024m_r180_run01.csv,4,24,180,dw00;dw01;dw02;dw03;dw04;dw05;dw06;dw07;dw08,dw00;dw01;dw02;dw03;dw04;dw05;dw06;dw07;dw08,dw03;dw07;dw08,145,1,2026-09-01T12:45:32.069+0200,dw07,5783,72,2400,149,841,2248,2.44,2147483
ground-height-4m-20260830-222436,d024m_r180_run01.csv,4,24,180,dw00;dw01;dw02;dw03;dw04;dw05;dw06;dw07;dw08,dw00;dw01;dw02;dw03;dw04;dw05;dw06;dw07;dw08,dw03;dw07;dw08,145,1,2026-09-01T12:45:32.269+0200,dw07,5783,73,2398,115,328,2376,2.38,2147483
ground-height-4m-20260830-222436,d024m_r180_run01.csv,4,24,180,dw00;dw01;dw02;dw03;dw04;dw05;dw06;dw07;dw08,dw00;dw01;dw02;dw03;dw04;dw05;dw06;dw07;dw08,dw03;dw07;dw08,145,1,2026-09-01T12:45:32.670+0200,dw07,5783,75,2402,-131,2009,1317,2.38,2147483
ground-height-4m-20260830-222436,d024m_r180_run01.csv,4,24,180,dw00;dw01;dw02;dw03;dw04;dw05;dw06;dw07;dw08,dw00;dw01;dw02;dw03;dw04;dw05;dw06;dw07;dw08,dw03;dw07;dw08,145,1,2026-09-01T12:45:32.869+0200,dw07,5783,76,2400,109,238,2388,2.44,2147483
ground-height-4m-20260830-222436,d024m_r180_run01.csv,4,24,180,dw00;dw01;dw02;dw03;dw04;dw05;dw06;dw07;dw08,dw00;dw01;dw02;dw03;dw04;dw05;dw06;dw07;dw08,dw03;dw07;dw08,145,1,2026-09-01T12:45:33.069+0200,dw07,5783,77,2402,117,361,2374,2.38,2147483
ground-height-4m-20260830-222436,d024m_r180_run01.csv,4,24,180,dw00;dw01;dw02;dw03;dw04;dw05;dw06;dw07;dw08,dw00;dw01;dw02;dw03;dw04;dw05;dw06;dw07;dw08,dw03;dw07;dw08,145,1,2026-09-01T12:45:33.669+0200,dw07,5783,80,2400,120,402,2366,2.44,2147483
ground-height-4m-20260830-222436,d024m_r180_run01.csv,4,24,180,dw00;dw01;dw02;dw03;dw04;dw05;dw06;dw07;dw08,dw00;dw01;dw02;dw03;dw04;dw05;dw06;dw07;dw08,dw03;dw07;dw08,145,1,2026-09-01T12:45:33.869+0200,dw07,5783,81,2406,108,234,2394,2.50,2147483
ground-height-4m-20260830-222436,d024m_r180_run01.csv,4,24,180,dw00;dw01;dw02;dw03;dw04;dw05;dw06;dw07;dw08,dw00;dw01;dw02;dw03;dw04;dw05;dw06;dw07;dw08,dw03;dw07;dw08,145,1,2026-09-01T12:45:34.069+0200,dw07,5783,82,2406,116,344,2381,2.44,2147483
ground-height-4m-20260830-222436,d024m_r180_run01.csv,4,24,180,dw00;dw01;dw02;dw03;dw04;dw05;dw06;dw07;dw08,dw00;dw01;dw02;dw03;dw04;dw05;dw06;dw07;dw08,dw03;dw07;dw08,145,1,2026-09-01T12:45:34.468+0200,dw07,5783,84,2396,123,455,2352,2.44,2147483
ground-height-4m-20260830-222436,d024m_r180_run01.csv,4,24,180,dw00;dw01;dw02;dw03;dw04;dw05;dw06;dw07;dw08,dw00;dw01;dw02;dw03;dw04;dw05;dw06;dw07;dw08,dw03;dw07;dw08,145,1,2026-09-01T12:45:34.668+0200,dw07,5783,85,2403,120,410,2367,2.38,2147483
ground-height-4m-20260830-222436,d024m_r180_run01.csv,4,24,180,dw00;dw01;dw02;dw03;dw04;dw05;dw06;dw07;dw08,dw00;dw01;dw02;dw03;dw04;dw05;dw06;dw07;dw08,dw03;dw07;dw08,145,1,2026-09-01T12:45:34.869+0200,dw07,5783,86,2401,109,240,2389,2.38,2147483
ground-height-4m-20260830-222436,d024m_r180_run01.csv,4,24,180,dw00;dw01;dw02;dw03;dw04;dw05;dw06;dw07;dw08,dw00;dw01;dw02;dw03;dw04;dw05;dw06;dw07;dw08,dw03;dw07;dw08,145,1,2026-09-01T12:45:35.468+0200,dw07,5783,89,2400,118,382,2369,2.44,2147483
ground-height-4m-20260830-222436,d024m_r180_run01.csv,4,24,180,dw00;dw01;dw02;dw03;dw04;dw05;dw06;dw07;dw08,dw00;dw01;dw02;dw03;dw04;dw05;dw06;dw07;dw08,dw03;dw07;dw08,145,1,2026-09-01T12:45:35.668+0200,dw07,5783,90,2399,115,328,2376,2.38,2147483
ground-height-4m-20260830-222436,d024m_r180_run01.csv,4,24,180,dw00;dw01;dw02;dw03;dw04;dw05;dw06;dw07;dw08,dw00;dw01;dw02;dw03;dw04;dw05;dw06;dw07;dw08,dw03;dw07;dw08,145,1,2026-09-01T12:45:35.868+0200,dw07,5783,91,2403,135,636,2317,2.44,2147483
ground-height-4m-20260830-222436,d024m_r180_run01.csv,4,24,180,dw00;dw01;dw02;dw03;dw04;dw05;dw06;dw07;dw08,dw00;dw01;dw02;dw03;dw04;dw05;dw06;dw07;dw08,dw03;dw07;dw08,145,1,2026-09-01T12:45:36.068+0200,dw07,5783,92,2405,117,362,2377,2.38,2147483
ground-height-4m-20260830-222436,d024m_r180_run01.csv,4,24,180,dw00;dw01;dw02;dw03;dw04;dw05;dw06;dw07;dw08,dw00;dw01;dw02;dw03;dw04;dw05;dw06;dw07;dw08,dw03;dw07;dw08,145,1,2026-09-01T12:45:36.268+0200,dw07,5783,93,2396,126,488,2345,2.32,2147483
ground-height-4m-20260830-222436,d024m_r180_run01.csv,4,24,180,dw00;dw01;dw02;dw03;dw04;dw05;dw06;dw07;dw08,dw00;dw01;dw02;dw03;dw04;dw05;dw06;dw07;dw08,dw03;dw07;dw08,145,1,2026-09-01T12:45:36.668+0200,dw07,5783,95,2402,143,745,2283,2.38,2147483
ground-height-4m-20260830-222436,d024m_r180_run01.csv,4,24,180,dw00;dw01;dw02;dw03;dw04;dw05;dw06;dw07;dw08,dw00;dw01;dw02;dw03;dw04;dw05;dw06;dw07;dw08,dw03;dw07;dw08,145,1,2026-09-01T12:45:36.867+0200,dw07,5783,96,2399,-128,2045,1254,2.38,2147483
ground-height-4m-20260830-222436,d024m_r180_run01.csv,4,24,180,dw00;dw01;dw02;dw03;dw04;dw05;dw06;dw07;dw08,dw00;dw01;dw02;dw03;dw04;dw05;dw06;dw07;dw08,dw03;dw07;dw08,145,1,2026-09-01T12:45:37.268+0200,dw07,5783,98,2403,131,567,2335,2.32,2147483
ground-height-4m-20260830-222436,d024m_r180_run01.csv,4,24,180,dw00;dw01;dw02;dw03;dw04;dw05;dw06;dw07;dw08,dw00;dw01;dw02;dw03;dw04;dw05;dw06;dw07;dw08,dw03;dw07;dw08,145,1,2026-09-01T12:45:37.468+0200,dw07,5783,99,2402,111,267,2387,2.32,2147483
ground-height-4m-20260830-222436,d024m_r180_run01.csv,4,24,180,dw00;dw01;dw02;dw03;dw04;dw05;dw06;dw07;dw08,dw00;dw01;dw02;dw03;dw04;dw05;dw06;dw07;dw08,dw03;dw07;dw08,145,1,2026-09-01T12:45:37.867+0200,dw07,5783,101,2400,115,330,2377,2.32,2147483
ground-height-4m-20260830-222436,d024m_r180_run01.csv,4,24,180,dw00;dw01;dw02;dw03;dw04;dw05;dw06;dw07;dw08,dw00;dw01;dw02;dw03;dw04;dw05;dw06;dw07;dw08,dw03;dw07;dw08,145,1,2026-09-01T12:45:38.067+0200,dw07,5783,102,2397,136,638,2311,2.32,2147483
ground-height-4m-20260830-222436,d024m_r180_run01.csv,4,24,180,dw00;dw01;dw02;dw03;dw04;dw05;dw06;dw07;dw08,dw00;dw01;dw02;dw03;dw04;dw05;dw06;dw07;dw08,dw03;dw07;dw08,145,1,2026-09-01T12:45:38.268+0200,dw07,5783,103,2403,128,523,2345,2.32,2147483
ground-height-4m-20260830-222436,d024m_r180_run01.csv,4,24,180,dw00;dw01;dw02;dw03;dw04;dw05;dw06;dw07;dw08,dw00;dw01;dw02;dw03;dw04;dw05;dw06;dw07;dw08,dw03;dw07;dw08,145,1,2026-09-01T12:45:38.867+0200,dw07,5783,106,2405,124,469,2359,2.32,2147483
ground-height-4m-20260830-222436,d024m_r180_run01.csv,4,24,180,dw00;dw01;dw02;dw03;dw04;dw05;dw06;dw07;dw08,dw00;dw01;dw02;dw03;dw04;dw05;dw06;dw07;dw08,dw03;dw07;dw08,145,1,2026-09-01T12:45:39.267+0200,dw07,5783,108,2404,108,232,2393,2.32,2147483
ground-height-4m-20260830-222436,d024m_r180_run01.csv,4,24,180,dw00;dw01;dw02;dw03;dw04;dw05;dw06;dw07;dw08,dw00;dw01;dw02;dw03;dw04;dw05;dw06;dw07;dw08,dw03;dw07;dw08,145,1,2026-09-01T12:45:39.467+0200,dw07,5783,109,2398,106,199,2390,2.32,2147483
ground-height-4m-20260830-222436,d024m_r180_run01.csv,4,24,180,dw00;dw01;dw02;dw03;dw04;dw05;dw06;dw07;dw08,dw00;dw01;dw02;dw03;dw04;dw05;dw06;dw07;dw08,dw03;dw07;dw08,145,1,2026-09-01T12:45:39.667+0200,dw07,5783,110,2397,124,472,2351,2.20,2147483
ground-height-4m-20260830-222436,d024m_r180_run01.csv,4,24,180,dw00;dw01;dw02;dw03;dw04;dw05;dw06;dw07;dw08,dw00;dw01;dw02;dw03;dw04;dw05;dw06;dw07;dw08,dw03;dw07;dw08,145,1,2026-09-01T12:45:39.867+0200,dw07,5783,111,2399,119,392,2367,2.32,2147483
ground-height-4m-20260830-222436,d024m_r180_run01.csv,4,24,180,dw00;dw01;dw02;dw03;dw04;dw05;dw06;dw07;dw08,dw00;dw01;dw02;dw03;dw04;dw05;dw06;dw07;dw08,dw03;dw07;dw08,145,1,2026-09-01T12:45:40.066+0200,dw07,5783,112,2402,-170,1424,1934,2.20,2147483
ground-height-4m-20260830-222436,d024m_r180_run01.csv,4,24,180,dw00;dw01;dw02;dw03;dw04;dw05;dw06;dw07;dw08,dw00;dw01;dw02;dw03;dw04;dw05;dw06;dw07;dw08,dw03;dw07;dw08,145,1,2026-09-01T12:45:40.266+0200,dw07,5783,113,2401,136,649,2312,2.32,2147483
ground-height-4m-20260830-222436,d024m_r180_run01.csv,4,24,180,dw00;dw01;dw02;dw03;dw04;dw05;dw06;dw07;dw08,dw00;dw01;dw02;dw03;dw04;dw05;dw06;dw07;dw08,dw03;dw07;dw08,145,1,2026-09-01T12:45:40.682+0200,dw07,5783,115,2397,120,405,2362,2.44,2147483
ground-height-4m-20260830-222436,d024m_r180_run01.csv,4,24,180,dw00;dw01;dw02;dw03;dw04;dw05;dw06;dw07;dw08,dw00;dw01;dw02;dw03;dw04;dw05;dw06;dw07;dw08,dw03;dw07;dw08,145,1,2026-09-01T12:45:41.182+0200,dw07,5783,117,2397,114,320,2375,2.50,2147483
ground-height-4m-20260830-222436,d024m_r180_run01.csv,4,24,180,dw00;dw01;dw02;dw03;dw04;dw05;dw06;dw07;dw08,dw00;dw01;dw02;dw03;dw04;dw05;dw06;dw07;dw08,dw03;dw07;dw08,145,1,2026-09-01T12:45:41.866+0200,dw07,5783,120,2399,122,433,2359,2.32,2147483
ground-height-4m-20260830-222436,d024m_r180_run01.csv,4,24,180,dw00;dw01;dw02;dw03;dw04;dw05;dw06;dw07;dw08,dw00;dw01;dw02;dw03;dw04;dw05;dw06;dw07;dw08,dw03;dw07;dw08,145,1,2026-09-01T12:45:42.066+0200,dw07,5783,121,2404,122,434,2364,2.26,2147483
ground-height-4m-20260830-222436,d024m_r180_run01.csv,4,24,180,dw00;dw01;dw02;dw03;dw04;dw05;dw06;dw07;dw08,dw00;dw01;dw02;dw03;dw04;dw05;dw06;dw07;dw08,dw03;dw07;dw08,145,1,2026-09-01T12:45:42.465+0200,dw07,5783,123,2397,112,286,2380,2.32,2147483
ground-height-4m-20260830-222436,d024m_r180_run01.csv,4,24,180,dw00;dw01;dw02;dw03;dw04;dw05;dw06;dw07;dw08,dw00;dw01;dw02;dw03;dw04;dw05;dw06;dw07;dw08,dw03;dw07;dw08,145,1,2026-09-01T12:45:42.666+0200,dw07,5783,124,2402,174,1200,2080,2.32,2147483
