experiment_id,run_file,node_height_m,target_distance_m,tag_rotation_deg,expected_tags,participating_tags,missing_tags,tag_bearing_deg,valid_position,time,tag,a16,seq,range_cm,pdoa_deg,x_cm,y_cm,clk_ppm,t_us
ground-height-0m-20260825-163632,d002m_r180_run01.csv,0,2,180,dw00;dw01;dw02;dw03;dw04;dw05;dw06;dw07;dw08,dw00;dw01;dw02;dw03;dw04;dw05;dw06;dw07;dw08,,105,1,2026-08-28T09:29:29.081+0200,dw05,4B92,229,166,55,-37,162,2.26,72235
ground-height-0m-20260825-163632,d002m_r180_run01.csv,0,2,180,dw00;dw01;dw02;dw03;dw04;dw05;dw06;dw07;dw08,dw00;dw01;dw02;dw03;dw04;dw05;dw06;dw07;dw08,,125,1,2026-08-28T09:29:29.091+0200,dw06,0789,90,156,96,4,156,1.93,82305
ground-height-0m-20260825-163632,d002m_r180_run01.csv,0,2,180,dw00;dw01;dw02;dw03;dw04;dw05;dw06;dw07;dw08,dw00;dw01;dw02;dw03;dw04;dw05;dw06;dw07;dw08,,15,1,2026-08-28T09:29:29.141+0200,dw00,8103,61,178,-158,120,132,3.57,32257
ground-height-0m-20260825-163632,d002m_r180_run01.csv,0,2,180,dw00;dw01;dw02;dw03;dw04;dw05;dw06;dw07;dw08,dw00;dw01;dw02;dw03;dw04;dw05;dw06;dw07;dw08,,35,1,2026-08-28T09:29:29.152+0200,dw01,1729,159,164,-134,134,94,2.95,42327
ground-height-0m-20260825-163632,d002m_r180_run01.csv,0,2,180,dw00;dw01;dw02;dw03;dw04;dw05;dw06;dw07;dw08,dw00;dw01;dw02;dw03;dw04;dw05;dw06;dw07;dw08,,55,1,2026-08-28T09:29:29.162+0200,dw02,8FB0,140,161,-96,161,0,3.01,52368
ground-height-0m-20260825-163632,d002m_r180_run01.csv,0,2,180,dw00;dw01;dw02;dw03;dw04;dw05;dw06;dw07;dw08,dw00;dw01;dw02;dw03;dw04;dw05;dw06;dw07;dw08,,145,1,2026-08-28T09:29:29.202+0200,dw07,5783,76,161,137,45,155,2.95,2147483
ground-height-0m-20260825-163632,d002m_r180_run01.csv,0,2,180,dw00;dw01;dw02;dw03;dw04;dw05;dw06;dw07;dw08,dw00;dw01;dw02;dw03;dw04;dw05;dw06;dw07;dw08,,75,1,2026-08-28T09:29:29.221+0200,dw03,021B,150,152,-40,-125,86,3.21,12268
ground-height-0m-20260825-163632,d002m_r180_run01.csv,0,2,180,dw00;dw01;dw02;dw03;dw04;dw05;dw06;dw07;dw08,dw00;dw01;dw02;dw03;dw04;dw05;dw06;dw07;dw08,,165,1,2026-08-28T09:29:29.231+0200,dw08,028E,34,163,157,65,149,3.57,22277
ground-height-0m-20260825-163632,d002m_r180_run01.csv,0,2,180,dw00;dw01;dw02;dw03;dw04;dw05;dw06;dw07;dw08,dw00;dw01;dw02;dw03;dw04;dw05;dw06;dw07;dw08,,90,1,2026-08-28T09:29:29.271+0200,dw04,0F85,68,166,0,-94,137,2.02,62286
ground-height-0m-20260825-163632,d002m_r180_run01.csv,0,2,180,dw00;dw01;dw02;dw03;dw04;dw05;dw06;dw07;dw08,dw00;dw01;dw02;dw03;dw04;dw05;dw06;dw07;dw08,,105,1,2026-08-28T09:29:29.282+0200,dw05,4B92,230,166,50,-42,160,2.20,72265
ground-height-0m-20260825-163632,d002m_r180_run01.csv,0,2,180,dw00;dw01;dw02;dw03;dw04;dw05;dw06;dw07;dw08,dw00;dw01;dw02;dw03;dw04;dw05;dw06;dw07;dw08,,125,1,2026-08-28T09:29:29.291+0200,dw06,0789,91,157,100,8,156,1.87,82305
ground-height-0m-20260825-163632,d002m_r180_run01.csv,0,2,180,dw00;dw01;dw02;dw03;dw04;dw05;dw06;dw07;dw08,dw00;dw01;dw02;dw03;dw04;dw05;dw06;dw07;dw08,,15,1,2026-08-28T09:29:29.341+0200,dw00,8103,62,174,-156,119,126,3.39,32318
ground-height-0m-20260825-163632,d002m_r180_run01.csv,0,2,180,dw00;dw01;dw02;dw03;dw04;dw05;dw06;dw07;dw08,dw00;dw01;dw02;dw03;dw04;dw05;dw06;dw07;dw08,,35,1,2026-08-28T09:29:29.351+0200,dw01,1729,160,163,-140,127,101,3.06,42297
ground-height-0m-20260825-163632,d002m_r180_run01.csv,0,2,180,dw00;dw01;dw02;dw03;dw04;dw05;dw06;dw07;dw08,dw00;dw01;dw02;dw03;dw04;dw05;dw06;dw07;dw08,,55,1,2026-08-28T09:29:29.362+0200,dw02,8FB0,141,163,-104,162,10,3.15,52337
ground-height-0m-20260825-163632,d002m_r180_run01.csv,0,2,180,dw00;dw01;dw02;dw03;dw04;dw05;dw06;dw07;dw08,dw00;dw01;dw02;dw03;dw04;dw05;dw06;dw07;dw08,,145,1,2026-08-28T09:29:29.401+0200,dw07,5783,77,165,137,46,158,2.95,2147483
ground-height-0m-20260825-163632,d002m_r180_run01.csv,0,2,180,dw00;dw01;dw02;dw03;dw04;dw05;dw06;dw07;dw08,dw00;dw01;dw02;dw03;dw04;dw05;dw06;dw07;dw08,,75,1,2026-08-28T09:29:29.421+0200,dw03,021B,151,149,-41,-123,84,3.27,12268
ground-height-0m-20260825-163632,d002m_r180_run01.csv,0,2,180,dw00;dw01;dw02;dw03;dw04;dw05;dw06;dw07;dw08,dw00;dw01;dw02;dw03;dw04;dw05;dw06;dw07;dw08,,165,1,2026-08-28T09:29:29.431+0200,dw08,028E,35,166,163,73,149,3.45,22277
ground-height-0m-20260825-163632,d002m_r180_run01.csv,0,2,180,dw00;dw01;dw02;dw03;dw04;dw05;dw06;dw07;dw08,dw00;dw01;dw02;dw03;dw04;dw05;dw06;dw07;dw08,,90,1,2026-08-28T09:29:29.471+0200,dw04,0F85,69,165,4,-89,139,1.99,62286
ground-height-0m-20260825-163632,d002m_r180_run01.csv,0,2,180,dw00;dw01;dw02;dw03;dw04;dw05;dw06;dw07;dw08,dw00;dw01;dw02;dw03;dw04;dw05;dw06;dw07;dw08,,105,1,2026-08-28T09:29:29.481+0200,dw05,4B92,231,163,46,-45,157,2.14,72235
ground-height-0m-20260825-163632,d002m_r180_run01.csv,0,2,180,dw00;dw01;dw02;dw03;dw04;dw05;dw06;dw07;dw08,dw00;dw01;dw02;dw03;dw04;dw05;dw06;dw07;dw08,,125,1,2026-08-28T09:29:29.492+0200,dw06,0789,92,156,107,14,155,1.99,82305
ground-height-0m-20260825-163632,d002m_r180_run01.csv,0,2,180,dw00;dw01;dw02;dw03;dw04;dw05;dw06;dw07;dw08,dw00;dw01;dw02;dw03;dw04;dw05;dw06;dw07;dw08,,15,1,2026-08-28T09:29:29.541+0200,dw00,8103,63,176,-163,112,135,3.45,32257
ground-height-0m-20260825-163632,d002m_r180_run01.csv,0,2,180,dw00;dw01;dw02;dw03;dw04;dw05;dw06;dw07;dw08,dw00;dw01;dw02;dw03;dw04;dw05;dw06;dw07;dw08,,35,1,2026-08-28T09:29:29.551+0200,dw01,1729,161,165,-136,133,97,2.95,42327
ground-height-0m-20260825-163632,d002m_r180_run01.csv,0,2,180,dw00;dw01;dw02;dw03;dw04;dw05;dw06;dw07;dw08,dw00;dw01;dw02;dw03;dw04;dw05;dw06;dw07;dw08,,55,1,2026-08-28T09:29:29.561+0200,dw02,8FB0,142,161,-100,161,0,3.06,52337
ground-height-0m-20260825-163632,d002m_r180_run01.csv,0,2,180,dw00;dw01;dw02;dw03;dw04;dw05;dw06;dw07;dw08,dw00;dw01;dw02;dw03;dw04;dw05;dw06;dw07;dw08,,145,1,2026-08-28T09:29:29.601+0200,dw07,5783,78,163,144,52,154,2.95,2147483
ground-height-0m-20260825-163632,d002m_r180_run01.csv,0,2,180,dw00;dw01;dw02;dw03;dw04;dw05;dw06;dw07;dw08,dw00;dw01;dw02;dw03;dw04;dw05;dw06;dw07;dw08,,75,1,2026-08-28T09:29:29.621+0200,dw03,021B,152,154,-43,-129,84,3.27,12268
ground-height-0m-20260825-163632,d002m_r180_run01.csv,0,2,180,dw00;dw01;dw02;dw03;dw04;dw05;dw06;dw07;dw08,dw00;dw01;dw02;dw03;dw04;dw05;dw06;dw07;dw08,,165,1,2026-08-28T09:29:29.631+0200,dw08,028E,36,165,168,77,145,3.45,22277
ground-height-0m-20260825-163632,d002m_r180_run01.csv,0,2,180,dw00;dw01;dw02;dw03;dw04;dw05;dw06;dw07;dw08,dw00;dw01;dw02;dw03;dw04;dw05;dw06;dw07;dw08,,90,1,2026-08-28T09:29:29.671+0200,dw04,0F85,70,165,-5,-99,131,2.08,62255
ground-height-0m-20260825-163632,d002m_r180_run01.csv,0,2,180,dw00;dw01;dw02;dw03;dw04;dw05;dw06;dw07;dw08,dw00;dw01;dw02;dw03;dw04;dw05;dw06;dw07;dw08,,105,1,2026-08-28T09:29:29.681+0200,dw05,4B92,232,166,51,-41,161,2.26,72235
ground-height-0m-20260825-163632,d002m_r180_run01.csv,0,2,180,dw00;dw01;dw02;dw03;dw04;dw05;dw06;dw07;dw08,dw00;dw01;dw02;dw03;dw04;dw05;dw06;dw07;dw08,,125,1,2026-08-28T09:29:29.691+0200,dw06,0789,93,158,104,11,157,1.87,82336
ground-height-0m-20260825-163632,d002m_r180_run01.csv,0,2,180,dw00;dw01;dw02;dw03;dw04;dw05;dw06;dw07;dw08,dw00;dw01;dw02;dw03;dw04;dw05;dw06;dw07;dw08,,15,1,2026-08-28T09:29:29.742+0200,dw00,8103,64,177,-155,122,128,3.57,32257
ground-height-0m-20260825-163632,d002m_r180_run01.csv,0,2,180,dw00;dw01;dw02;dw03;dw04;dw05;dw06;dw07;dw08,dw00;dw01;dw02;dw03;dw04;dw05;dw06;dw07;dw08,,35,1,2026-08-28T09:29:29.751+0200,dw01,1729,162,166,-134,136,96,3.01,42327
ground-height-0m-20260825-163632,d002m_r180_run01.csv,0,2,180,dw00;dw01;dw02;dw03;dw04;dw05;dw06;dw07;dw08,dw00;dw01;dw02;dw03;dw04;dw05;dw06;dw07;dw08,,55,1,2026-08-28T09:29:29.761+0200,dw02,8FB0,143,162,-103,162,0,3.09,52337
ground-height-0m-20260825-163632,d002m_r180_run01.csv,0,2,180,dw00;dw01;dw02;dw03;dw04;dw05;dw06;dw07;dw08,dw00;dw01;dw02;dw03;dw04;dw05;dw06;dw07;dw08,,145,1,2026-08-28T09:29:29.801+0200,dw07,5783,79,165,145,54,155,2.95,2147483
ground-height-0m-20260825-163632,d002m_r180_run01.csv,0,2,180,dw00;dw01;dw02;dw03;dw04;dw05;dw06;dw07;dw08,dw00;dw01;dw02;dw03;dw04;dw05;dw06;dw07;dw08,,75,1,2026-08-28T09:29:29.821+0200,dw03,021B,153,154,-45,-132,80,3.27,12268
ground-height-0m-20260825-163632,d002m_r180_run01.csv,0,2,180,dw00;dw01;dw02;dw03;dw04;dw05;dw06;dw07;dw08,dw00;dw01;dw02;dw03;dw04;dw05;dw06;dw07;dw08,,165,1,2026-08-28T09:29:29.831+0200,dw08,028E,37,168,167,77,149,3.45,22277
ground-height-0m-20260825-163632,d002m_r180_run01.csv,0,2,180,dw00;dw01;dw02;dw03;dw04;dw05;dw06;dw07;dw08,dw00;dw01;dw02;dw03;dw04;dw05;dw06;dw07;dw08,,90,1,2026-08-28T09:29:29.871+0200,dw04,0F85,71,166,-4,-99,133,1.93,62255
ground-height-0m-20260825-163632,d002m_r180_run01.csv,0,2,180,dw00;dw01;dw02;dw03;dw04;dw05;dw06;dw07;dw08,dw00;dw01;dw02;dw03;dw04;dw05;dw06;dw07;dw08,,105,1,2026-08-28T09:29:29.881+0200,dw05,4B92,233,162,51,-40,157,2.20,72265
ground-height-0m-20260825-163632,d002m_r180_run01.csv,0,2,180,dw00;dw01;dw02;dw03;dw04;dw05;dw06;dw07;dw08,dw00;dw01;dw02;dw03;dw04;dw05;dw06;dw07;dw08,,125,1,2026-08-28T09:29:29.891+0200,dw06,0789,94,158,103,11,158,1.87,82305
ground-height-0m-20260825-163632,d002m_r180_run01.csv,0,2,180,dw00;dw01;dw02;dw03;dw04;dw05;dw06;dw07;dw08,dw00;dw01;dw02;dw03;dw04;dw05;dw06;dw07;dw08,,15,1,2026-08-28T09:29:29.941+0200,dw00,8103,65,179,-159,119,133,3.45,32257
ground-height-0m-20260825-163632,d002m_r180_run01.csv,0,2,180,dw00;dw01;dw02;dw03;dw04;dw05;dw06;dw07;dw08,dw00;dw01;dw02;dw03;dw04;dw05;dw06;dw07;dw08,,35,1,2026-08-28T09:29:29.952+0200,dw01,1729,163,166,-137,133,99,3.01,42327
ground-height-0m-20260825-163632,d002m_r180_run01.csv,0,2,180,dw00;dw01;dw02;dw03;dw04;dw05;dw06;dw07;dw08,dw00;dw01;dw02;dw03;dw04;dw05;dw06;dw07;dw08,,55,1,2026-08-28T09:29:29.961+0200,dw02,8FB0,144,159,-102,159,0,3.15,52337
ground-height-0m-20260825-163632,d002m_r180_run01.csv,0,2,180,dw00;dw01;dw02;dw03;dw04;dw05;dw06;dw07;dw08,dw00;dw01;dw02;dw03;dw04;dw05;dw06;dw07;dw08,,145,1,2026-08-28T09:29:30.001+0200,dw07,5783,80,160,137,45,154,2.95,2147483
ground-height-0m-20260825-163632,d002m_r180_run01.csv,0,2,180,dw00;dw01;dw02;dw03;dw04;dw05;dw06;dw07;dw08,dw00;dw01;dw02;dw03;dw04;dw05;dw06;dw07;dw08,,75,1,2026-08-28T09:29:30.021+0200,dw03,021B,154,153,-52,-138,67,3.27,12268
ground-height-0m-20260825-163632,d002m_r180_run01.csv,0,2,180,dw00;dw01;dw02;dw03;dw04;dw05;dw06;dw07;dw08,dw00;dw01;dw02;dw03;dw04;dw05;dw06;dw07;dw08,,165,1,2026-08-28T09:29:30.031+0200,dw08,028E,38,166,160,70,151,3.39,22277
ground-height-0m-20260825-163632,d002m_r180_run01.csv,0,2,180,dw00;dw01;dw02;dw03;dw04;dw05;dw06;dw07;dw08,dw00;dw01;dw02;dw03;dw04;dw05;dw06;dw07;dw08,,90,1,2026-08-28T09:29:30.071+0200,dw04,0F85,72,164,0,-94,134,2.02,62255
ground-height-0m-20260825-163632,d002m_r180_run01.csv,0,2,180,dw00;dw01;dw02;dw03;dw04;dw05;dw06;dw07;dw08,dw00;dw01;dw02;dw03;dw04;dw05;dw06;dw07;dw08,,105,1,2026-08-28T09:29:30.081+0200,dw05,4B92,234,166,47,-46,159,2.20,72235
ground-height-0m-20260825-163632,d002m_r180_run01.csv,0,2,180,dw00;dw01;dw02;dw03;dw04;dw05;dw06;dw07;dw08,dw00;dw01;dw02;dw03;dw04;dw05;dw06;dw07;dw08,,125,1,2026-08-28T09:29:30.091+0200,dw06,0789,95,158,105,12,157,1.93,82275
ground-height-0m-20260825-163632,d002m_r180_run01.csv,0,2,180,dw00;dw01;dw02;dw03;dw04;dw05;dw06;dw07;dw08,dw00;dw01;dw02;dw03;dw04;dw05;dw06;dw07;dw08,,15,1,2026-08-28T09:29:30.141+0200,dw00,8103,66,179,-155,123,129,3.57,32257
ground-height-0m-20260825-163632,d002m_r180_run01.csv,0,2,180,dw00;dw01;dw02;dw03;dw04;dw05;dw06;dw07;dw08,dw00;dw01;dw02;dw03;dw04;dw05;dw06;dw07;dw08,,35,1,2026-08-28T09:29:30.151+0200,dw01,1729,164,165,-137,131,99,2.95,42358
ground-height-0m-20260825-163632,d002m_r180_run01.csv,0,2,180,dw00;dw01;dw02;dw03;dw04;dw05;dw06;dw07;dw08,dw00;dw01;dw02;dw03;dw04;dw05;dw06;dw07;dw08,,55,1,2026-08-28T09:29:30.161+0200,dw02,8FB0,145,158,-94,158,0,3.06,52337
ground-height-0m-20260825-163632,d002m_r180_run01.csv,0,2,180,dw00;dw01;dw02;dw03;dw04;dw05;dw06;dw07;dw08,dw00;dw01;dw02;dw03;dw04;dw05;dw06;dw07;dw08,,145,1,2026-08-28T09:29:30.200+0200,dw07,5783,81,165,138,47,158,2.83,2147483
ground-height-0m-20260825-163632,d002m_r180_run01.csv,0,2,180,dw00;dw01;dw02;dw03;dw04;dw05;dw06;dw07;dw08,dw00;dw01;dw02;dw03;dw04;dw05;dw06;dw07;dw08,,75,1,2026-08-28T09:29:30.221+0200,dw03,021B,155,149,-41,-123,84,3.27,12268
ground-height-0m-20260825-163632,d002m_r180_run01.csv,0,2,180,dw00;dw01;dw02;dw03;dw04;dw05;dw06;dw07;dw08,dw00;dw01;dw02;dw03;dw04;dw05;dw06;dw07;dw08,,165,1,2026-08-28T09:29:30.231+0200,dw08,028E,39,167,167,77,148,3.45,22277
ground-height-0m-20260825-163632,d002m_r180_run01.csv,0,2,180,dw00;dw01;dw02;dw03;dw04;dw05;dw06;dw07;dw08,dw00;dw01;dw02;dw03;dw04;dw05;dw06;dw07;dw08,,90,1,2026-08-28T09:29:30.271+0200,dw04,0F85,73,164,-4,-98,132,1.93,62286
ground-height-0m-20260825-163632,d002m_r180_run01.csv,0,2,180,dw00;dw01;dw02;dw03;dw04;dw05;dw06;dw07;dw08,dw00;dw01;dw02;dw03;dw04;dw05;dw06;dw07;dw08,,105,1,2026-08-28T09:29:30.281+0200,dw05,4B92,235,166,47,-45,160,2.26,72235
ground-height-0m-20260825-163632,d002m_r180_run01.csv,0,2,180,dw00;dw01;dw02;dw03;dw04;dw05;dw06;dw07;dw08,dw00;dw01;dw02;dw03;dw04;dw05;dw06;dw07;dw08,,125,1,2026-08-28T09:29:30.291+0200,dw06,0789,96,161,105,13,160,1.87,82336
ground-height-0m-20260825-163632,d002m_r180_run01.csv,0,2,180,dw00;dw01;dw02;dw03;dw04;dw05;dw06;dw07;dw08,dw00;dw01;dw02;dw03;dw04;dw05;dw06;dw07;dw08,,15,1,2026-08-28T09:29:30.341+0200,dw00,8103,67,176,-159,118,131,3.45,32257
ground-height-0m-20260825-163632,d002m_r180_run01.csv,0,2,180,dw00;dw01;dw02;dw03;dw04;dw05;dw06;dw07;dw08,dw00;dw01;dw02;dw03;dw04;dw05;dw06;dw07;dw08,,35,1,2026-08-28T09:29:30.351+0200,dw01,1729,165,163,-134,134,93,3.01,42266
ground-height-0m-20260825-163632,d002m_r180_run01.csv,0,2,180,dw00;dw01;dw02;dw03;dw04;dw05;dw06;dw07;dw08,dw00;dw01;dw02;dw03;dw04;dw05;dw06;dw07;dw08,,55,1,2026-08-28T09:29:30.361+0200,dw02,8FB0,146,159,-101,159,0,3.09,52337
ground-height-0m-20260825-163632,d002m_r180_run01.csv,0,2,180,dw00;dw01;dw02;dw03;dw04;dw05;dw06;dw07;dw08,dw00;dw01;dw02;dw03;dw04;dw05;dw06;dw07;dw08,,145,1,2026-08-28T09:29:30.401+0200,dw07,5783,82,162,140,48,155,2.95,2147483
ground-height-0m-20260825-163632,d002m_r180_run01.csv,0,2,180,dw00;dw01;dw02;dw03;dw04;dw05;dw06;dw07;dw08,dw00;dw01;dw02;dw03;dw04;dw05;dw06;dw07;dw08,,75,1,2026-08-28T09:29:30.421+0200,dw03,021B,156,153,-49,-134,73,3.27,12268
ground-height-0m-20260825-163632,d002m_r180_run01.csv,0,2,180,dw00;dw01;dw02;dw03;dw04;dw05;dw06;dw07;dw08,dw00;dw01;dw02;dw03;dw04;dw05;dw06;dw07;dw08,,165,1,2026-08-28T09:29:30.431+0200,dw08,028E,40,169,163,74,152,3.57,22308
ground-height-0m-20260825-163632,d002m_r180_run01.csv,0,2,180,dw00;dw01;dw02;dw03;dw04;dw05;dw06;dw07;dw08,dw00;dw01;dw02;dw03;dw04;dw05;dw06;dw07;dw08,,90,1,2026-08-28T09:29:30.471+0200,dw04,0F85,74,165,0,-94,135,2.08,62255
ground-height-0m-20260825-163632,d002m_r180_run01.csv,0,2,180,dw00;dw01;dw02;dw03;dw04;dw05;dw06;dw07;dw08,dw00;dw01;dw02;dw03;dw04;dw05;dw06;dw07;dw08,,105,1,2026-08-28T09:29:30.481+0200,dw05,4B92,236,166,47,-45,160,2.26,72296
ground-height-0m-20260825-163632,d002m_r180_run01.csv,0,2,180,dw00;dw01;dw02;dw03;dw04;dw05;dw06;dw07;dw08,dw00;dw01;dw02;dw03;dw04;dw05;dw06;dw07;dw08,,125,1,2026-08-28T09:29:30.491+0200,dw06,0789,97,154,97,5,154,1.75,82305
ground-height-0m-20260825-163632,d002m_r180_run01.csv,0,2,180,dw00;dw01;dw02;dw03;dw04;dw05;dw06;dw07;dw08,dw00;dw01;dw02;dw03;dw04;dw05;dw06;dw07;dw08,,15,1,2026-08-28T09:29:30.541+0200,dw00,8103,68,177,-155,122,128,3.69,32257
ground-height-0m-20260825-163632,d002m_r180_run01.csv,0,2,180,dw00;dw01;dw02;dw03;dw04;dw05;dw06;dw07;dw08,dw00;dw01;dw02;dw03;dw04;dw05;dw06;dw07;dw08,,35,1,2026-08-28T09:29:30.551+0200,dw01,1729,166,166,-140,129,104,2.89,42327
ground-height-0m-20260825-163632,d002m_r180_run01.csv,0,2,180,dw00;dw01;dw02;dw03;dw04;dw05;dw06;dw07;dw08,dw00;dw01;dw02;dw03;dw04;dw05;dw06;dw07;dw08,,55,1,2026-08-28T09:29:30.561+0200,dw02,8FB0,147,161,-105,161,12,3.06,52368
ground-height-0m-20260825-163632,d002m_r180_run01.csv,0,2,180,dw00;dw01;dw02;dw03;dw04;dw05;dw06;dw07;dw08,dw00;dw01;dw02;dw03;dw04;dw05;dw06;dw07;dw08,,145,1,2026-08-28T09:29:30.601+0200,dw07,5783,83,166,138,47,159,2.95,2147483
ground-height-0m-20260825-163632,d002m_r180_run01.csv,0,2,180,dw00;dw01;dw02;dw03;dw04;dw05;dw06;dw07;dw08,dw00;dw01;dw02;dw03;dw04;dw05;dw06;dw07;dw08,,75,1,2026-08-28T09:29:30.620+0200,dw03,021B,157,156,-43,-130,85,3.21,12268
ground-height-0m-20260825-163632,d002m_r180_run01.csv,0,2,180,dw00;dw01;dw02;dw03;dw04;dw05;dw06;dw07;dw08,dw00;dw01;dw02;dw03;dw04;dw05;dw06;dw07;dw08,,165,1,2026-08-28T09:29:30.631+0200,dw08,028E,41,168,160,71,153,3.57,22247
ground-height-0m-20260825-163632,d002m_r180_run01.csv,0,2,180,dw00;dw01;dw02;dw03;dw04;dw05;dw06;dw07;dw08,dw00;dw01;dw02;dw03;dw04;dw05;dw06;dw07;dw08,,90,1,2026-08-28T09:29:30.671+0200,dw04,0F85,75,164,0,-94,134,1.93,62286
ground-height-0m-20260825-163632,d002m_r180_run01.csv,0,2,180,dw00;dw01;dw02;dw03;dw04;dw05;dw06;dw07;dw08,dw00;dw01;dw02;dw03;dw04;dw05;dw06;dw07;dw08,,105,1,2026-08-28T09:29:30.681+0200,dw05,4B92,237,166,52,-41,161,2.32,72265
ground-height-0m-20260825-163632,d002m_r180_run01.csv,0,2,180,dw00;dw01;dw02;dw03;dw04;dw05;dw06;dw07;dw08,dw00;dw01;dw02;dw03;dw04;dw05;dw06;dw07;dw08,,125,1,2026-08-28T09:29:30.691+0200,dw06,0789,98,154,96,4,154,1.87,82305
ground-height-0m-20260825-163632,d002m_r180_run01.csv,0,2,180,dw00;dw01;dw02;dw03;dw04;dw05;dw06;dw07;dw08,dw00;dw01;dw02;dw03;dw04;dw05;dw06;dw07;dw08,,15,1,2026-08-28T09:29:30.740+0200,dw00,8103,69,176,-152,124,124,3.57,32287
ground-height-0m-20260825-163632,d002m_r180_run01.csv,0,2,180,dw00;dw01;dw02;dw03;dw04;dw05;dw06;dw07;dw08,dw00;dw01;dw02;dw03;dw04;dw05;dw06;dw07;dw08,,35,1,2026-08-28T09:29:30.751+0200,dw01,1729,167,162,-135,131,95,2.95,42266
ground-height-0m-20260825-163632,d002m_r180_run01.csv,0,2,180,dw00;dw01;dw02;dw03;dw04;dw05;dw06;dw07;dw08,dw00;dw01;dw02;dw03;dw04;dw05;dw06;dw07;dw08,,55,1,2026-08-28T09:29:30.761+0200,dw02,8FB0,148,166,-102,165,0,3.15,52337
ground-height-0m-20260825-163632,d002m_r180_run01.csv,0,2,180,dw00;dw01;dw02;dw03;dw04;dw05;dw06;dw07;dw08,dw00;dw01;dw02;dw03;dw04;dw05;dw06;dw07;dw08,,145,1,2026-08-28T09:29:30.801+0200,dw07,5783,84,161,131,39,156,2.95,2147483
ground-height-0m-20260825-163632,d002m_r180_run01.csv,0,2,180,dw00;dw01;dw02;dw03;dw04;dw05;dw06;dw07;dw08,dw00;dw01;dw02;dw03;dw04;dw05;dw06;dw07;dw08,,75,1,2026-08-28T09:29:30.821+0200,dw03,021B,158,152,-37,-122,91,3.21,12268
ground-height-0m-20260825-163632,d002m_r180_run01.csv,0,2,180,dw00;dw01;dw02;dw03;dw04;dw05;dw06;dw07;dw08,dw00;dw01;dw02;dw03;dw04;dw05;dw06;dw07;dw08,,165,1,2026-08-28T09:29:30.830+0200,dw08,028E,42,166,173,83,144,3.51,22308
ground-height-0m-20260825-163632,d002m_r180_run01.csv,0,2,180,dw00;dw01;dw02;dw03;dw04;dw05;dw06;dw07;dw08,dw00;dw01;dw02;dw03;dw04;dw05;dw06;dw07;dw08,,90,1,2026-08-28T09:29:30.870+0200,dw04,0F85,76,165,1,-92,137,2.08,62286
ground-height-0m-20260825-163632,d002m_r180_run01.csv,0,2,180,dw00;dw01;dw02;dw03;dw04;dw05;dw06;dw07;dw08,dw00;dw01;dw02;dw03;dw04;dw05;dw06;dw07;dw08,,105,1,2026-08-28T09:29:30.881+0200,dw05,4B92,238,159,43,-48,152,2.26,72204
ground-height-0m-20260825-163632,d002m_r180_run01.csv,0,2,180,dw00;dw01;dw02;dw03;dw04;dw05;dw06;dw07;dw08,dw00;dw01;dw02;dw03;dw04;dw05;dw06;dw07;dw08,,125,1,2026-08-28T09:29:30.891+0200,dw06,0789,99,157,97,5,157,1.99,82305
ground-height-0m-20260825-163632,d002m_r180_run01.csv,0,2,180,dw00;dw01;dw02;dw03;dw04;dw05;dw06;dw07;dw08,dw00;dw01;dw02;dw03;dw04;dw05;dw06;dw07;dw08,,15,1,2026-08-28T09:29:30.941+0200,dw00,8103,70,174,-152,123,123,3.57,32257
ground-height-0m-20260825-163632,d002m_r180_run01.csv,0,2,180,dw00;dw01;dw02;dw03;dw04;dw05;dw06;dw07;dw08,dw00;dw01;dw02;dw03;dw04;dw05;dw06;dw07;dw08,,35,1,2026-08-28T09:29:30.950+0200,dw01,1729,168,164,-129,139,86,3.01,42358
ground-height-0m-20260825-163632,d002m_r180_run01.csv,0,2,180,dw00;dw01;dw02;dw03;dw04;dw05;dw06;dw07;dw08,dw00;dw01;dw02;dw03;dw04;dw05;dw06;dw07;dw08,,55,1,2026-08-28T09:29:30.961+0200,dw02,8FB0,149,161,-95,161,0,3.15,52307
ground-height-0m-20260825-163632,d002m_r180_run01.csv,0,2,180,dw00;dw01;dw02;dw03;dw04;dw05;dw06;dw07;dw08,dw00;dw01;dw02;dw03;dw04;dw05;dw06;dw07;dw08,,145,1,2026-08-28T09:29:31.001+0200,dw07,5783,85,164,134,42,159,2.95,2147483
ground-height-0m-20260825-163632,d002m_r180_run01.csv,0,2,180,dw00;dw01;dw02;dw03;dw04;dw05;dw06;dw07;dw08,dw00;dw01;dw02;dw03;dw04;dw05;dw06;dw07;dw08,,75,1,2026-08-28T09:29:31.021+0200,dw03,021B,159,152,-33,-118,96,3.33,12268
ground-height-0m-20260825-163632,d002m_r180_run01.csv,0,2,180,dw00;dw01;dw02;dw03;dw04;dw05;dw06;dw07;dw08,dw00;dw01;dw02;dw03;dw04;dw05;dw06;dw07;dw08,,165,1,2026-08-28T09:29:31.030+0200,dw08,028E,43,166,167,77,147,3.51,22277
ground-height-0m-20260825-163632,d002m_r180_run01.csv,0,2,180,dw00;dw01;dw02;dw03;dw04;dw05;dw06;dw07;dw08,dw00;dw01;dw02;dw03;dw04;dw05;dw06;dw07;dw08,,90,1,2026-08-28T09:29:31.071+0200,dw04,0F85,77,166,-4,-99,134,2.02,62316
ground-height-0m-20260825-163632,d002m_r180_run01.csv,0,2,180,dw00;dw01;dw02;dw03;dw04;dw05;dw06;dw07;dw08,dw00;dw01;dw02;dw03;dw04;dw05;dw06;dw07;dw08,,105,1,2026-08-28T09:29:31.080+0200,dw05,4B92,239,166,51,-41,161,2.26,72235
ground-height-0m-20260825-163632,d002m_r180_run01.csv,0,2,180,dw00;dw01;dw02;dw03;dw04;dw05;dw06;dw07;dw08,dw00;dw01;dw02;dw03;dw04;dw05;dw06;dw07;dw08,,125,1,2026-08-28T09:29:31.091+0200,dw06,0789,100,159,104,12,158,1.93,82305
ground-height-0m-20260825-163632,d002m_r180_run01.csv,0,2,180,dw00;dw01;dw02;dw03;dw04;dw05;dw06;dw07;dw08,dw00;dw01;dw02;dw03;dw04;dw05;dw06;dw07;dw08,,15,1,2026-08-28T09:29:31.141+0200,dw00,8103,71,177,-160,117,133,3.51,32287
ground-height-0m-20260825-163632,d002m_r180_run01.csv,0,2,180,dw00;dw01;dw02;dw03;dw04;dw05;dw06;dw07;dw08,dw00;dw01;dw02;dw03;dw04;dw05;dw06;dw07;dw08,,35,1,2026-08-28T09:29:31.151+0200,dw01,1729,169,160,-138,127,96,3.01,42297
ground-height-0m-20260825-163632,d002m_r180_run01.csv,0,2,180,dw00;dw01;dw02;dw03;dw04;dw05;dw06;dw07;dw08,dw00;dw01;dw02;dw03;dw04;dw05;dw06;dw07;dw08,,55,1,2026-08-28T09:29:31.160+0200,dw02,8FB0,150,163,-95,163,0,3.09,52337
ground-height-0m-20260825-163632,d002m_r180_run01.csv,0,2,180,dw00;dw01;dw02;dw03;dw04;dw05;dw06;dw07;dw08,dw00;dw01;dw02;dw03;dw04;dw05;dw06;dw07;dw08,,145,1,2026-08-28T09:29:31.200+0200,dw07,5783,86,163,134,42,158,3.01,2147483
ground-height-0m-20260825-163632,d002m_r180_run01.csv,0,2,180,dw00;dw01;dw02;dw03;dw04;dw05;dw06;dw07;dw08,dw00;dw01;dw02;dw03;dw04;dw05;dw06;dw07;dw08,,75,1,2026-08-28T09:29:31.221+0200,dw03,021B,160,158,-43,-132,85,3.21,12298
ground-height-0m-20260825-163632,d002m_r180_run01.csv,0,2,180,dw00;dw01;dw02;dw03;dw04;dw05;dw06;dw07;dw08,dw00;dw01;dw02;dw03;dw04;dw05;dw06;dw07;dw08,,165,1,2026-08-28T09:29:31.231+0200,dw08,028E,44,167,164,74,150,3.45,22277
ground-height-0m-20260825-163632,d002m_r180_run01.csv,0,2,180,dw00;dw01;dw02;dw03;dw04;dw05;dw06;dw07;dw08,dw00;dw01;dw02;dw03;dw04;dw05;dw06;dw07;dw08,,90,1,2026-08-28T09:29:31.271+0200,dw04,0F85,78,164,-1,-94,134,1.93,62255
ground-height-0m-20260825-163632,d002m_r180_run01.csv,0,2,180,dw00;dw01;dw02;dw03;dw04;dw05;dw06;dw07;dw08,dw00;dw01;dw02;dw03;dw04;dw05;dw06;dw07;dw08,,105,1,2026-08-28T09:29:31.280+0200,dw05,4B92,240,164,48,-44,158,2.32,72235
ground-height-0m-20260825-163632,d002m_r180_run01.csv,0,2,180,dw00;dw01;dw02;dw03;dw04;dw05;dw06;dw07;dw08,dw00;dw01;dw02;dw03;dw04;dw05;dw06;dw07;dw08,,125,1,2026-08-28T09:29:31.290+0200,dw06,0789,101,157,102,10,157,1.99,82305
ground-height-0m-20260825-163632,d002m_r180_run01.csv,0,2,180,dw00;dw01;dw02;dw03;dw04;dw05;dw06;dw07;dw08,dw00;dw01;dw02;dw03;dw04;dw05;dw06;dw07;dw08,,15,1,2026-08-28T09:29:31.341+0200,dw00,8103,72,174,-158,117,129,3.57,32257
ground-height-0m-20260825-163632,d002m_r180_run01.csv,0,2,180,dw00;dw01;dw02;dw03;dw04;dw05;dw06;dw07;dw08,dw00;dw01;dw02;dw03;dw04;dw05;dw06;dw07;dw08,,35,1,2026-08-28T09:29:31.351+0200,dw01,1729,170,163,-133,134,93,3.01,42358
ground-height-0m-20260825-163632,d002m_r180_run01.csv,0,2,180,dw00;dw01;dw02;dw03;dw04;dw05;dw06;dw07;dw08,dw00;dw01;dw02;dw03;dw04;dw05;dw06;dw07;dw08,,55,1,2026-08-28T09:29:31.361+0200,dw02,8FB0,151,164,-100,164,0,3.01,52368
ground-height-0m-20260825-163632,d002m_r180_run01.csv,0,2,180,dw00;dw01;dw02;dw03;dw04;dw05;dw06;dw07;dw08,dw00;dw01;dw02;dw03;dw04;dw05;dw06;dw07;dw08,,145,1,2026-08-28T09:29:31.401+0200,dw07,5783,87,161,143,51,153,2.89,2147483
ground-height-0m-20260825-163632,d002m_r180_run01.csv,0,2,180,dw00;dw01;dw02;dw03;dw04;dw05;dw06;dw07;dw08,dw00;dw01;dw02;dw03;dw04;dw05;dw06;dw07;dw08,,75,1,2026-08-28T09:29:31.420+0200,dw03,021B,161,152,-41,-126,86,3.21,12268
ground-height-0m-20260825-163632,d002m_r180_run01.csv,0,2,180,dw00;dw01;dw02;dw03;dw04;dw05;dw06;dw07;dw08,dw00;dw01;dw02;dw03;dw04;dw05;dw06;dw07;dw08,,165,1,2026-08-28T09:29:31.431+0200,dw08,028E,45,166,155,64,152,3.45,22277
ground-height-0m-20260825-163632,d002m_r180_run01.csv,0,2,180,dw00;dw01;dw02;dw03;dw04;dw05;dw06;dw07;dw08,dw00;dw01;dw02;dw03;dw04;dw05;dw06;dw07;dw08,,90,1,2026-08-28T09:29:31.471+0200,dw04,0F85,79,162,-6,-98,129,2.14,62286
ground-height-0m-20260825-163632,d002m_r180_run01.csv,0,2,180,dw00;dw01;dw02;dw03;dw04;dw05;dw06;dw07;dw08,dw00;dw01;dw02;dw03;dw04;dw05;dw06;dw07;dw08,,105,1,2026-08-28T09:29:31.481+0200,dw05,4B92,241,166,49,-43,160,2.20,72265
ground-height-0m-20260825-163632,d002m_r180_run01.csv,0,2,180,dw00;dw01;dw02;dw03;dw04;dw05;dw06;dw07;dw08,dw00;dw01;dw02;dw03;dw04;dw05;dw06;dw07;dw08,,125,1,2026-08-28T09:29:31.490+0200,dw06,0789,102,156,103,11,156,1.93,82305
ground-height-0m-20260825-163632,d002m_r180_run01.csv,0,2,180,dw00;dw01;dw02;dw03;dw04;dw05;dw06;dw07;dw08,dw00;dw01;dw02;dw03;dw04;dw05;dw06;dw07;dw08,,15,1,2026-08-28T09:29:31.540+0200,dw00,8103,73,176,-157,120,129,3.45,32257
ground-height-0m-20260825-163632,d002m_r180_run01.csv,0,2,180,dw00;dw01;dw02;dw03;dw04;dw05;dw06;dw07;dw08,dw00;dw01;dw02;dw03;dw04;dw05;dw06;dw07;dw08,,35,1,2026-08-28T09:29:31.551+0200,dw01,1729,171,166,-132,138,92,3.06,42297
ground-height-0m-20260825-163632,d002m_r180_run01.csv,0,2,180,dw00;dw01;dw02;dw03;dw04;dw05;dw06;dw07;dw08,dw00;dw01;dw02;dw03;dw04;dw05;dw06;dw07;dw08,,55,1,2026-08-28T09:29:31.561+0200,dw02,8FB0,152,166,-101,166,0,3.09,52337
ground-height-0m-20260825-163632,d002m_r180_run01.csv,0,2,180,dw00;dw01;dw02;dw03;dw04;dw05;dw06;dw07;dw08,dw00;dw01;dw02;dw03;dw04;dw05;dw06;dw07;dw08,,145,1,2026-08-28T09:29:31.601+0200,dw07,5783,88,166,142,51,158,3.01,2147483
ground-height-0m-20260825-163632,d002m_r180_run01.csv,0,2,180,dw00;dw01;dw02;dw03;dw04;dw05;dw06;dw07;dw08,dw00;dw01;dw02;dw03;dw04;dw05;dw06;dw07;dw08,,75,1,2026-08-28T09:29:31.620+0200,dw03,021B,162,156,-41,-129,87,3.33,12268
ground-height-0m-20260825-163632,d002m_r180_run01.csv,0,2,180,dw00;dw01;dw02;dw03;dw04;dw05;dw06;dw07;dw08,dw00;dw01;dw02;dw03;dw04;dw05;dw06;dw07;dw08,,165,1,2026-08-28T09:29:31.630+0200,dw08,028E,46,167,163,73,150,3.45,22277
ground-height-0m-20260825-163632,d002m_r180_run01.csv,0,2,180,dw00;dw01;dw02;dw03;dw04;dw05;dw06;dw07;dw08,dw00;dw01;dw02;dw03;dw04;dw05;dw06;dw07;dw08,,90,1,2026-08-28T09:29:31.670+0200,dw04,0F85,80,166,2,-91,138,1.99,62225
ground-height-0m-20260825-163632,d002m_r180_run01.csv,0,2,180,dw00;dw01;dw02;dw03;dw04;dw05;dw06;dw07;dw08,dw00;dw01;dw02;dw03;dw04;dw05;dw06;dw07;dw08,,105,1,2026-08-28T09:29:31.681+0200,dw05,4B92,242,165,50,-41,159,2.20,72265
ground-height-0m-20260825-163632,d002m_r180_run01.csv,0,2,180,dw00;dw01;dw02;dw03;dw04;dw05;dw06;dw07;dw08,dw00;dw01;dw02;dw03;dw04;dw05;dw06;dw07;dw08,,125,1,2026-08-28T09:29:31.691+0200,dw06,0789,103,158,107,15,157,1.99,82305
ground-height-0m-20260825-163632,d002m_r180_run01.csv,0,2,180,dw00;dw01;dw02;dw03;dw04;dw05;dw06;dw07;dw08,dw00;dw01;dw02;dw03;dw04;dw05;dw06;dw07;dw08,,15,1,2026-08-28T09:29:31.740+0200,dw00,8103,74,176,-157,119,129,3.57,32318
ground-height-0m-20260825-163632,d002m_r180_run01.csv,0,2,180,dw00;dw01;dw02;dw03;dw04;dw05;dw06;dw07;dw08,dw00;dw01;dw02;dw03;dw04;dw05;dw06;dw07;dw08,,35,1,2026-08-28T09:29:31.750+0200,dw01,1729,172,163,-138,129,100,3.01,42327
ground-height-0m-20260825-163632,d002m_r180_run01.csv,0,2,180,dw00;dw01;dw02;dw03;dw04;dw05;dw06;dw07;dw08,dw00;dw01;dw02;dw03;dw04;dw05;dw06;dw07;dw08,,55,1,2026-08-28T09:29:31.761+0200,dw02,8FB0,153,162,-103,162,0,3.06,52368
ground-height-0m-20260825-163632,d002m_r180_run01.csv,0,2,180,dw00;dw01;dw02;dw03;dw04;dw05;dw06;dw07;dw08,dw00;dw01;dw02;dw03;dw04;dw05;dw06;dw07;dw08,,145,1,2026-08-28T09:29:31.801+0200,dw07,5783,89,166,130,39,161,2.95,2147483
ground-height-0m-20260825-163632,d002m_r180_run01.csv,0,2,180,dw00;dw01;dw02;dw03;dw04;dw05;dw06;dw07;dw08,dw00;dw01;dw02;dw03;dw04;dw05;dw06;dw07;dw08,,75,1,2026-08-28T09:29:31.820+0200,dw03,021B,163,154,-44,-130,82,3.27,12268
ground-height-0m-20260825-163632,d002m_r180_run01.csv,0,2,180,dw00;dw01;dw02;dw03;dw04;dw05;dw06;dw07;dw08,dw00;dw01;dw02;dw03;dw04;dw05;dw06;dw07;dw08,,165,1,2026-08-28T09:29:31.830+0200,dw08,028E,47,166,161,70,151,3.57,22308
ground-height-0m-20260825-163632,d002m_r180_run01.csv,0,2,180,dw00;dw01;dw02;dw03;dw04;dw05;dw06;dw07;dw08,dw00;dw01;dw02;dw03;dw04;dw05;dw06;dw07;dw08,,90,1,2026-08-28T09:29:31.870+0200,dw04,0F85,81,165,-3,-97,134,1.99,62225
ground-height-0m-20260825-163632,d002m_r180_run01.csv,0,2,180,dw00;dw01;dw02;dw03;dw04;dw05;dw06;dw07;dw08,dw00;dw01;dw02;dw03;dw04;dw05;dw06;dw07;dw08,,105,1,2026-08-28T09:29:31.880+0200,dw05,4B92,243,166,47,-45,159,2.20,72235
ground-height-0m-20260825-163632,d002m_r180_run01.csv,0,2,180,dw00;dw01;dw02;dw03;dw04;dw05;dw06;dw07;dw08,dw00;dw01;dw02;dw03;dw04;dw05;dw06;dw07;dw08,,125,1,2026-08-28T09:29:31.891+0200,dw06,0789,104,161,100,8,161,1.81,82305
ground-height-0m-20260825-163632,d002m_r180_run01.csv,0,2,180,dw00;dw01;dw02;dw03;dw04;dw05;dw06;dw07;dw08,dw00;dw01;dw02;dw03;dw04;dw05;dw06;dw07;dw08,,15,1,2026-08-28T09:29:31.940+0200,dw00,8103,75,176,-161,115,134,3.57,32257
ground-height-0m-20260825-163632,d002m_r180_run01.csv,0,2,180,dw00;dw01;dw02;dw03;dw04;dw05;dw06;dw07;dw08,dw00;dw01;dw02;dw03;dw04;dw05;dw06;dw07;dw08,,35,1,2026-08-28T09:29:31.950+0200,dw01,1729,173,166,-138,131,100,2.83,42327
ground-height-0m-20260825-163632,d002m_r180_run01.csv,0,2,180,dw00;dw01;dw02;dw03;dw04;dw05;dw06;dw07;dw08,dw00;dw01;dw02;dw03;dw04;dw05;dw06;dw07;dw08,,55,1,2026-08-28T09:29:31.960+0200,dw02,8FB0,154,162,-98,162,0,3.09,52337
ground-height-0m-20260825-163632,d002m_r180_run01.csv,0,2,180,dw00;dw01;dw02;dw03;dw04;dw05;dw06;dw07;dw08,dw00;dw01;dw02;dw03;dw04;dw05;dw06;dw07;dw08,,145,1,2026-08-28T09:29:32.000+0200,dw07,5783,90,161,137,45,154,2.95,2147483
ground-height-0m-20260825-163632,d002m_r180_run01.csv,0,2,180,dw00;dw01;dw02;dw03;dw04;dw05;dw06;dw07;dw08,dw00;dw01;dw02;dw03;dw04;dw05;dw06;dw07;dw08,,75,1,2026-08-28T09:29:32.021+0200,dw03,021B,164,156,-39,-127,90,3.21,12268
ground-height-0m-20260825-163632,d002m_r180_run01.csv,0,2,180,dw00;dw01;dw02;dw03;dw04;dw05;dw06;dw07;dw08,dw00;dw01;dw02;dw03;dw04;dw05;dw06;dw07;dw08,,165,1,2026-08-28T09:29:32.030+0200,dw08,028E,48,166,171,81,145,3.39,22277
ground-height-0m-20260825-163632,d002m_r180_run01.csv,0,2,180,dw00;dw01;dw02;dw03;dw04;dw05;dw06;dw07;dw08,dw00;dw01;dw02;dw03;dw04;dw05;dw06;dw07;dw08,,90,1,2026-08-28T09:29:32.070+0200,dw04,0F85,82,163,0,-92,134,1.93,62286
ground-height-0m-20260825-163632,d002m_r180_run01.csv,0,2,180,dw00;dw01;dw02;dw03;dw04;dw05;dw06;dw07;dw08,dw00;dw01;dw02;dw03;dw04;dw05;dw06;dw07;dw08,,105,1,2026-08-28T09:29:32.080+0200,dw05,4B92,244,166,47,-46,160,2.26,72235
ground-height-0m-20260825-163632,d002m_r180_run01.csv,0,2,180,dw00;dw01;dw02;dw03;dw04;dw05;dw06;dw07;dw08,dw00;dw01;dw02;dw03;dw04;dw05;dw06;dw07;dw08,,125,1,2026-08-28T09:29:32.090+0200,dw06,0789,105,157,100,8,156,1.99,82305
ground-height-0m-20260825-163632,d002m_r180_run01.csv,0,2,180,dw00;dw01;dw02;dw03;dw04;dw05;dw06;dw07;dw08,dw00;dw01;dw02;dw03;dw04;dw05;dw06;dw07;dw08,,15,1,2026-08-28T09:29:32.141+0200,dw00,8103,76,177,-161,115,134,3.45,32257
ground-height-0m-20260825-163632,d002m_r180_run01.csv,0,2,180,dw00;dw01;dw02;dw03;dw04;dw05;dw06;dw07;dw08,dw00;dw01;dw02;dw03;dw04;dw05;dw06;dw07;dw08,,35,1,2026-08-28T09:29:32.150+0200,dw01,1729,174,166,-139,130,103,2.95,42327
ground-height-0m-20260825-163632,d002m_r180_run01.csv,0,2,180,dw00;dw01;dw02;dw03;dw04;dw05;dw06;dw07;dw08,dw00;dw01;dw02;dw03;dw04;dw05;dw06;dw07;dw08,,55,1,2026-08-28T09:29:32.160+0200,dw02,8FB0,155,166,-93,166,0,3.09,52337
ground-height-0m-20260825-163632,d002m_r180_run01.csv,0,2,180,dw00;dw01;dw02;dw03;dw04;dw05;dw06;dw07;dw08,dw00;dw01;dw02;dw03;dw04;dw05;dw06;dw07;dw08,,145,1,2026-08-28T09:29:32.200+0200,dw07,5783,91,160,141,48,153,2.95,2147483
ground-height-0m-20260825-163632,d002m_r180_run01.csv,0,2,180,dw00;dw01;dw02;dw03;dw04;dw05;dw06;dw07;dw08,dw00;dw01;dw02;dw03;dw04;dw05;dw06;dw07;dw08,,75,1,2026-08-28T09:29:32.220+0200,dw03,021B,165,149,-37,-119,90,3.27,12268
ground-height-0m-20260825-163632,d002m_r180_run01.csv,0,2,180,dw00;dw01;dw02;dw03;dw04;dw05;dw06;dw07;dw08,dw00;dw01;dw02;dw03;dw04;dw05;dw06;dw07;dw08,,165,1,2026-08-28T09:29:32.231+0200,dw08,028E,49,165,167,76,146,3.45,22277
ground-height-0m-20260825-163632,d002m_r180_run01.csv,0,2,180,dw00;dw01;dw02;dw03;dw04;dw05;dw06;dw07;dw08,dw00;dw01;dw02;dw03;dw04;dw05;dw06;dw07;dw08,,90,1,2026-08-28T09:29:32.271+0200,dw04,0F85,83,166,3,-90,139,2.08,62255
ground-height-0m-20260825-163632,d002m_r180_run01.csv,0,2,180,dw00;dw01;dw02;dw03;dw04;dw05;dw06;dw07;dw08,dw00;dw01;dw02;dw03;dw04;dw05;dw06;dw07;dw08,,105,1,2026-08-28T09:29:32.280+0200,dw05,4B92,245,163,50,-41,157,2.26,72235
ground-height-0m-20260825-163632,d002m_r180_run01.csv,0,2,180,dw00;dw01;dw02;dw03;dw04;dw05;dw06;dw07;dw08,dw00;dw01;dw02;dw03;dw04;dw05;dw06;dw07;dw08,,125,1,2026-08-28T09:29:32.290+0200,dw06,0789,106,156,96,4,156,1.93,82305
ground-height-0m-20260825-163632,d002m_r180_run01.csv,0,2,180,dw00;dw01;dw02;dw03;dw04;dw05;dw06;dw07;dw08,dw00;dw01;dw02;dw03;dw04;dw05;dw06;dw07;dw08,,15,1,2026-08-28T09:29:32.340+0200,dw00,8103,77,177,-155,122,128,3.45,32287
ground-height-0m-20260825-163632,d002m_r180_run01.csv,0,2,180,dw00;dw01;dw02;dw03;dw04;dw05;dw06;dw07;dw08,dw00;dw01;dw02;dw03;dw04;dw05;dw06;dw07;dw08,,35,1,2026-08-28T09:29:32.351+0200,dw01,1729,175,162,-133,133,91,2.95,42327
ground-height-0m-20260825-163632,d002m_r180_run01.csv,0,2,180,dw00;dw01;dw02;dw03;dw04;dw05;dw06;dw07;dw08,dw00;dw01;dw02;dw03;dw04;dw05;dw06;dw07;dw08,,55,1,2026-08-28T09:29:32.360+0200,dw02,8FB0,156,166,-103,166,0,3.21,52337
ground-height-0m-20260825-163632,d002m_r180_run01.csv,0,2,180,dw00;dw01;dw02;dw03;dw04;dw05;dw06;dw07;dw08,dw00;dw01;dw02;dw03;dw04;dw05;dw06;dw07;dw08,,145,1,2026-08-28T09:29:32.400+0200,dw07,5783,92,162,138,46,155,2.95,2147483
ground-height-0m-20260825-163632,d002m_r180_run01.csv,0,2,180,dw00;dw01;dw02;dw03;dw04;dw05;dw06;dw07;dw08,dw00;dw01;dw02;dw03;dw04;dw05;dw06;dw07;dw08,,75,1,2026-08-28T09:29:32.420+0200,dw03,021B,166,153,-51,-136,70,3.27,12268
ground-height-0m-20260825-163632,d002m_r180_run01.csv,0,2,180,dw00;dw01;dw02;dw03;dw04;dw05;dw06;dw07;dw08,dw00;dw01;dw02;dw03;dw04;dw05;dw06;dw07;dw08,,165,1,2026-08-28T09:29:32.430+0200,dw08,028E,50,167,167,77,148,3.45,22277
ground-height-0m-20260825-163632,d002m_r180_run01.csv,0,2,180,dw00;dw01;dw02;dw03;dw04;dw05;dw06;dw07;dw08,dw00;dw01;dw02;dw03;dw04;dw05;dw06;dw07;dw08,,90,1,2026-08-28T09:29:32.470+0200,dw04,0F85,84,166,0,-94,137,1.87,62286
ground-height-0m-20260825-163632,d002m_r180_run01.csv,0,2,180,dw00;dw01;dw02;dw03;dw04;dw05;dw06;dw07;dw08,dw00;dw01;dw02;dw03;dw04;dw05;dw06;dw07;dw08,,105,1,2026-08-28T09:29:32.481+0200,dw05,4B92,246,166,58,-34,162,2.26,72265
ground-height-0m-20260825-163632,d002m_r180_run01.csv,0,2,180,dw00;dw01;dw02;dw03;dw04;dw05;dw06;dw07;dw08,dw00;dw01;dw02;dw03;dw04;dw05;dw06;dw07;dw08,,125,1,2026-08-28T09:29:32.490+0200,dw06,0789,107,162,102,10,161,1.99,82305
ground-height-0m-20260825-163632,d002m_r180_run01.csv,0,2,180,dw00;dw01;dw02;dw03;dw04;dw05;dw06;dw07;dw08,dw00;dw01;dw02;dw03;dw04;dw05;dw06;dw07;dw08,,15,1,2026-08-28T09:29:32.540+0200,dw00,8103,78,176,-167,108,139,3.57,32257
ground-height-0m-20260825-163632,d002m_r180_run01.csv,0,2,180,dw00;dw01;dw02;dw03;dw04;dw05;dw06;dw07;dw08,dw00;dw01;dw02;dw03;dw04;dw05;dw06;dw07;dw08,,35,1,2026-08-28T09:29:32.550+0200,dw01,1729,176,163,-137,130,98,3.15,42327
ground-height-0m-20260825-163632,d002m_r180_run01.csv,0,2,180,dw00;dw01;dw02;dw03;dw04;dw05;dw06;dw07;dw08,dw00;dw01;dw02;dw03;dw04;dw05;dw06;dw07;dw08,,55,1,2026-08-28T09:29:32.561+0200,dw02,8FB0,157,160,-96,160,0,3.06,52307
ground-height-0m-20260825-163632,d002m_r180_run01.csv,0,2,180,dw00;dw01;dw02;dw03;dw04;dw05;dw06;dw07;dw08,dw00;dw01;dw02;dw03;dw04;dw05;dw06;dw07;dw08,,145,1,2026-08-28T09:29:32.600+0200,dw07,5783,93,163,139,48,155,3.01,2147483
ground-height-0m-20260825-163632,d002m_r180_run01.csv,0,2,180,dw00;dw01;dw02;dw03;dw04;dw05;dw06;dw07;dw08,dw00;dw01;dw02;dw03;dw04;dw05;dw06;dw07;dw08,,75,1,2026-08-28T09:29:32.620+0200,dw03,021B,167,154,-34,-120,96,3.27,12268
ground-height-0m-20260825-163632,d002m_r180_run01.csv,0,2,180,dw00;dw01;dw02;dw03;dw04;dw05;dw06;dw07;dw08,dw00;dw01;dw02;dw03;dw04;dw05;dw06;dw07;dw08,,165,1,2026-08-28T09:29:32.630+0200,dw08,028E,51,171,165,77,153,3.45,22277
ground-height-0m-20260825-163632,d002m_r180_run01.csv,0,2,180,dw00;dw01;dw02;dw03;dw04;dw05;dw06;dw07;dw08,dw00;dw01;dw02;dw03;dw04;dw05;dw06;dw07;dw08,,90,1,2026-08-28T09:29:32.670+0200,dw04,0F85,85,164,-6,-99,130,1.93,62286
ground-height-0m-20260825-163632,d002m_r180_run01.csv,0,2,180,dw00;dw01;dw02;dw03;dw04;dw05;dw06;dw07;dw08,dw00;dw01;dw02;dw03;dw04;dw05;dw06;dw07;dw08,,105,1,2026-08-28T09:29:32.680+0200,dw05,4B92,247,160,49,-42,155,2.20,72235
ground-height-0m-20260825-163632,d002m_r180_run01.csv,0,2,180,dw00;dw01;dw02;dw03;dw04;dw05;dw06;dw07;dw08,dw00;dw01;dw02;dw03;dw04;dw05;dw06;dw07;dw08,,125,1,2026-08-28T09:29:32.690+0200,dw06,0789,108,156,100,8,155,1.87,82305
ground-height-0m-20260825-163632,d002m_r180_run01.csv,0,2,180,dw00;dw01;dw02;dw03;dw04;dw05;dw06;dw07;dw08,dw00;dw01;dw02;dw03;dw04;dw05;dw06;dw07;dw08,,15,1,2026-08-28T09:29:32.740+0200,dw00,8103,79,175,-157,119,128,3.57,32257
ground-height-0m-20260825-163632,d002m_r180_run01.csv,0,2,180,dw00;dw01;dw02;dw03;dw04;dw05;dw06;dw07;dw08,dw00;dw01;dw02;dw03;dw04;dw05;dw06;dw07;dw08,,35,1,2026-08-28T09:29:32.750+0200,dw01,1729,177,166,-138,131,101,2.95,42297
ground-height-0m-20260825-163632,d002m_r180_run01.csv,0,2,180,dw00;dw01;dw02;dw03;dw04;dw05;dw06;dw07;dw08,dw00;dw01;dw02;dw03;dw04;dw05;dw06;dw07;dw08,,55,1,2026-08-28T09:29:32.760+0200,dw02,8FB0,158,163,-99,163,0,3.09,52337
ground-height-0m-20260825-163632,d002m_r180_run01.csv,0,2,180,dw00;dw01;dw02;dw03;dw04;dw05;dw06;dw07;dw08,dw00;dw01;dw02;dw03;dw04;dw05;dw06;dw07;dw08,,145,1,2026-08-28T09:29:32.800+0200,dw07,5783,94,162,139,47,155,3.01,2147483
ground-height-0m-20260825-163632,d002m_r180_run01.csv,0,2,180,dw00;dw01;dw02;dw03;dw04;dw05;dw06;dw07;dw08,dw00;dw01;dw02;dw03;dw04;dw05;dw06;dw07;dw08,,75,1,2026-08-28T09:29:32.820+0200,dw03,021B,168,154,-46,-132,80,3.27,12268
ground-height-0m-20260825-163632,d002m_r180_run01.csv,0,2,180,dw00;dw01;dw02;dw03;dw04;dw05;dw06;dw07;dw08,dw00;dw01;dw02;dw03;dw04;dw05;dw06;dw07;dw08,,165,1,2026-08-28T09:29:32.830+0200,dw08,028E,52,165,157,66,151,3.45,22277
ground-height-0m-20260825-163632,d002m_r180_run01.csv,0,2,180,dw00;dw01;dw02;dw03;dw04;dw05;dw06;dw07;dw08,dw00;dw01;dw02;dw03;dw04;dw05;dw06;dw07;dw08,,90,1,2026-08-28T09:29:32.870+0200,dw04,0F85,86,163,0,-91,134,2.02,62286
ground-height-0m-20260825-163632,d002m_r180_run01.csv,0,2,180,dw00;dw01;dw02;dw03;dw04;dw05;dw06;dw07;dw08,dw00;dw01;dw02;dw03;dw04;dw05;dw06;dw07;dw08,,105,1,2026-08-28T09:29:32.880+0200,dw05,4B92,248,166,43,-49,158,2.26,72235
ground-height-0m-20260825-163632,d002m_r180_run01.csv,0,2,180,dw00;dw01;dw02;dw03;dw04;dw05;dw06;dw07;dw08,dw00;dw01;dw02;dw03;dw04;dw05;dw06;dw07;dw08,,125,1,2026-08-28T09:29:32.890+0200,dw06,0789,109,160,102,10,160,1.81,82305
ground-height-0m-20260825-163632,d002m_r180_run01.csv,0,2,180,dw00;dw01;dw02;dw03;dw04;dw05;dw06;dw07;dw08,dw00;dw01;dw02;dw03;dw04;dw05;dw06;dw07;dw08,,15,1,2026-08-28T09:29:32.941+0200,dw00,8103,80,178,-156,121,129,3.63,32257
ground-height-0m-20260825-163632,d002m_r180_run01.csv,0,2,180,dw00;dw01;dw02;dw03;dw04;dw05;dw06;dw07;dw08,dw00;dw01;dw02;dw03;dw04;dw05;dw06;dw07;dw08,,35,1,2026-08-28T09:29:32.950+0200,dw01,1729,178,166,-139,131,102,2.95,42297
ground-height-0m-20260825-163632,d002m_r180_run01.csv,0,2,180,dw00;dw01;dw02;dw03;dw04;dw05;dw06;dw07;dw08,dw00;dw01;dw02;dw03;dw04;dw05;dw06;dw07;dw08,,55,1,2026-08-28T09:29:32.960+0200,dw02,8FB0,159,165,-100,165,0,3.15,52307
ground-height-0m-20260825-163632,d002m_r180_run01.csv,0,2,180,dw00;dw01;dw02;dw03;dw04;dw05;dw06;dw07;dw08,dw00;dw01;dw02;dw03;dw04;dw05;dw06;dw07;dw08,,145,1,2026-08-28T09:29:33.000+0200,dw07,5783,95,164,134,43,158,2.89,2147483
ground-height-0m-20260825-163632,d002m_r180_run01.csv,0,2,180,dw00;dw01;dw02;dw03;dw04;dw05;dw06;dw07;dw08,dw00;dw01;dw02;dw03;dw04;dw05;dw06;dw07;dw08,,75,1,2026-08-28T09:29:33.020+0200,dw03,021B,169,155,-43,-130,85,3.27,12268
ground-height-0m-20260825-163632,d002m_r180_run01.csv,0,2,180,dw00;dw01;dw02;dw03;dw04;dw05;dw06;dw07;dw08,dw00;dw01;dw02;dw03;dw04;dw05;dw06;dw07;dw08,,165,1,2026-08-28T09:29:33.030+0200,dw08,028E,53,167,164,74,150,3.45,22277
ground-height-0m-20260825-163632,d002m_r180_run01.csv,0,2,180,dw00;dw01;dw02;dw03;dw04;dw05;dw06;dw07;dw08,dw00;dw01;dw02;dw03;dw04;dw05;dw06;dw07;dw08,,90,1,2026-08-28T09:29:33.070+0200,dw04,0F85,87,166,-4,-99,133,2.02,62286
ground-height-0m-20260825-163632,d002m_r180_run01.csv,0,2,180,dw00;dw01;dw02;dw03;dw04;dw05;dw06;dw07;dw08,dw00;dw01;dw02;dw03;dw04;dw05;dw06;dw07;dw08,,105,1,2026-08-28T09:29:33.080+0200,dw05,4B92,249,166,45,-47,159,2.20,72235
ground-height-0m-20260825-163632,d002m_r180_run01.csv,0,2,180,dw00;dw01;dw02;dw03;dw04;dw05;dw06;dw07;dw08,dw00;dw01;dw02;dw03;dw04;dw05;dw06;dw07;dw08,,125,1,2026-08-28T09:29:33.090+0200,dw06,0789,110,153,99,6,153,1.99,82305
ground-height-0m-20260825-163632,d002m_r180_run01.csv,0,2,180,dw00;dw01;dw02;dw03;dw04;dw05;dw06;dw07;dw08,dw00;dw01;dw02;dw03;dw04;dw05;dw06;dw07;dw08,,15,1,2026-08-28T09:29:33.140+0200,dw00,8103,81,174,-156,119,127,3.51,32226
ground-height-0m-20260825-163632,d002m_r180_run01.csv,0,2,180,dw00;dw01;dw02;dw03;dw04;dw05;dw06;dw07;dw08,dw00;dw01;dw02;dw03;dw04;dw05;dw06;dw07;dw08,,35,1,2026-08-28T09:29:33.150+0200,dw01,1729,179,167,-134,137,96,3.06,42327
ground-height-0m-20260825-163632,d002m_r180_run01.csv,0,2,180,dw00;dw01;dw02;dw03;dw04;dw05;dw06;dw07;dw08,dw00;dw01;dw02;dw03;dw04;dw05;dw06;dw07;dw08,,55,1,2026-08-28T09:29:33.160+0200,dw02,8FB0,160,159,-104,159,0,3.15,52337
ground-height-0m-20260825-163632,d002m_r180_run01.csv,0,2,180,dw00;dw01;dw02;dw03;dw04;dw05;dw06;dw07;dw08,dw00;dw01;dw02;dw03;dw04;dw05;dw06;dw07;dw08,,145,1,2026-08-28T09:29:33.200+0200,dw07,5783,96,160,138,45,153,3.01,2147483
ground-height-0m-20260825-163632,d002m_r180_run01.csv,0,2,180,dw00;dw01;dw02;dw03;dw04;dw05;dw06;dw07;dw08,dw00;dw01;dw02;dw03;dw04;dw05;dw06;dw07;dw08,,75,1,2026-08-28T09:29:33.220+0200,dw03,021B,170,154,-45,-131,81,3.27,12298
ground-height-0m-20260825-163632,d002m_r180_run01.csv,0,2,180,dw00;dw01;dw02;dw03;dw04;dw05;dw06;dw07;dw08,dw00;dw01;dw02;dw03;dw04;dw05;dw06;dw07;dw08,,165,1,2026-08-28T09:29:33.229+0200,dw08,028E,54,168,167,78,149,3.33,22277
ground-height-0m-20260825-163632,d002m_r180_run01.csv,0,2,180,dw00;dw01;dw02;dw03;dw04;dw05;dw06;dw07;dw08,dw00;dw01;dw02;dw03;dw04;dw05;dw06;dw07;dw08,,90,1,2026-08-28T09:29:33.269+0200,dw04,0F85,88,164,-2,-96,133,1.99,62225
ground-height-0m-20260825-163632,d002m_r180_run01.csv,0,2,180,dw00;dw01;dw02;dw03;dw04;dw05;dw06;dw07;dw08,dw00;dw01;dw02;dw03;dw04;dw05;dw06;dw07;dw08,,105,1,2026-08-28T09:29:33.280+0200,dw05,4B92,250,166,49,-43,160,2.14,72235
ground-height-0m-20260825-163632,d002m_r180_run01.csv,0,2,180,dw00;dw01;dw02;dw03;dw04;dw05;dw06;dw07;dw08,dw00;dw01;dw02;dw03;dw04;dw05;dw06;dw07;dw08,,125,1,2026-08-28T09:29:33.290+0200,dw06,0789,111,160,98,6,160,1.93,82305
ground-height-0m-20260825-163632,d002m_r180_run01.csv,0,2,180,dw00;dw01;dw02;dw03;dw04;dw05;dw06;dw07;dw08,dw00;dw01;dw02;dw03;dw04;dw05;dw06;dw07;dw08,,15,1,2026-08-28T09:29:33.340+0200,dw00,8103,82,177,-157,120,130,3.51,32257
ground-height-0m-20260825-163632,d002m_r180_run01.csv,0,2,180,dw00;dw01;dw02;dw03;dw04;dw05;dw06;dw07;dw08,dw00;dw01;dw02;dw03;dw04;dw05;dw06;dw07;dw08,,35,1,2026-08-28T09:29:33.350+0200,dw01,1729,180,165,-139,130,101,3.06,42327
ground-height-0m-20260825-163632,d002m_r180_run01.csv,0,2,180,dw00;dw01;dw02;dw03;dw04;dw05;dw06;dw07;dw08,dw00;dw01;dw02;dw03;dw04;dw05;dw06;dw07;dw08,,55,1,2026-08-28T09:29:33.360+0200,dw02,8FB0,161,159,-100,159,0,3.15,52337
ground-height-0m-20260825-163632,d002m_r180_run01.csv,0,2,180,dw00;dw01;dw02;dw03;dw04;dw05;dw06;dw07;dw08,dw00;dw01;dw02;dw03;dw04;dw05;dw06;dw07;dw08,,145,1,2026-08-28T09:29:33.399+0200,dw07,5783,97,162,141,49,154,3.01,2147483
ground-height-0m-20260825-163632,d002m_r180_run01.csv,0,2,180,dw00;dw01;dw02;dw03;dw04;dw05;dw06;dw07;dw08,dw00;dw01;dw02;dw03;dw04;dw05;dw06;dw07;dw08,,75,1,2026-08-28T09:29:33.420+0200,dw03,021B,171,157,-39,-128,91,3.27,12268
ground-height-0m-20260825-163632,d002m_r180_run01.csv,0,2,180,dw00;dw01;dw02;dw03;dw04;dw05;dw06;dw07;dw08,dw00;dw01;dw02;dw03;dw04;dw05;dw06;dw07;dw08,,165,1,2026-08-28T09:29:33.430+0200,dw08,028E,55,165,166,75,146,3.33,22277
ground-height-0m-20260825-163632,d002m_r180_run01.csv,0,2,180,dw00;dw01;dw02;dw03;dw04;dw05;dw06;dw07;dw08,dw00;dw01;dw02;dw03;dw04;dw05;dw06;dw07;dw08,,90,1,2026-08-28T09:29:33.470+0200,dw04,0F85,89,165,2,-91,137,1.99,62286
ground-height-0m-20260825-163632,d002m_r180_run01.csv,0,2,180,dw00;dw01;dw02;dw03;dw04;dw05;dw06;dw07;dw08,dw00;dw01;dw02;dw03;dw04;dw05;dw06;dw07;dw08,,105,1,2026-08-28T09:29:33.479+0200,dw05,4B92,251,166,50,-42,161,2.32,72265
ground-height-0m-20260825-163632,d002m_r180_run01.csv,0,2,180,dw00;dw01;dw02;dw03;dw04;dw05;dw06;dw07;dw08,dw00;dw01;dw02;dw03;dw04;dw05;dw06;dw07;dw08,,125,1,2026-08-28T09:29:33.490+0200,dw06,0789,112,158,100,8,158,1.75,82336
ground-height-0m-20260825-163632,d002m_r180_run01.csv,0,2,180,dw00;dw01;dw02;dw03;dw04;dw05;dw06;dw07;dw08,dw00;dw01;dw02;dw03;dw04;dw05;dw06;dw07;dw08,,15,1,2026-08-28T09:29:33.540+0200,dw00,8103,83,178,-157,120,130,3.51,32287
ground-height-0m-20260825-163632,d002m_r180_run01.csv,0,2,180,dw00;dw01;dw02;dw03;dw04;dw05;dw06;dw07;dw08,dw00;dw01;dw02;dw03;dw04;dw05;dw06;dw07;dw08,,35,1,2026-08-28T09:29:33.550+0200,dw01,1729,181,163,-134,133,93,3.01,42327
ground-height-0m-20260825-163632,d002m_r180_run01.csv,0,2,180,dw00;dw01;dw02;dw03;dw04;dw05;dw06;dw07;dw08,dw00;dw01;dw02;dw03;dw04;dw05;dw06;dw07;dw08,,55,1,2026-08-28T09:29:33.559+0200,dw02,8FB0,162,164,-97,164,0,3.06,52337
ground-height-0m-20260825-163632,d002m_r180_run01.csv,0,2,180,dw00;dw01;dw02;dw03;dw04;dw05;dw06;dw07;dw08,dw00;dw01;dw02;dw03;dw04;dw05;dw06;dw07;dw08,,145,1,2026-08-28T09:29:33.600+0200,dw07,5783,98,160,142,49,152,2.89,2147483
ground-height-0m-20260825-163632,d002m_r180_run01.csv,0,2,180,dw00;dw01;dw02;dw03;dw04;dw05;dw06;dw07;dw08,dw00;dw01;dw02;dw03;dw04;dw05;dw06;dw07;dw08,,75,1,2026-08-28T09:29:33.620+0200,dw03,021B,172,156,-39,-127,90,3.21,12268
ground-height-0m-20260825-163632,d002m_r180_run01.csv,0,2,180,dw00;dw01;dw02;dw03;dw04;dw05;dw06;dw07;dw08,dw00;dw01;dw02;dw03;dw04;dw05;dw06;dw07;dw08,,165,1,2026-08-28T09:29:33.630+0200,dw08,028E,56,166,163,73,149,3.51,22308
ground-height-0m-20260825-163632,d002m_r180_run01.csv,0,2,180,dw00;dw01;dw02;dw03;dw04;dw05;dw06;dw07;dw08,dw00;dw01;dw02;dw03;dw04;dw05;dw06;dw07;dw08,,90,1,2026-08-28T09:29:33.670+0200,dw04,0F85,90,164,-3,-96,132,2.02,62316
ground-height-0m-20260825-163632,d002m_r180_run01.csv,0,2,180,dw00;dw01;dw02;dw03;dw04;dw05;dw06;dw07;dw08,dw00;dw01;dw02;dw03;dw04;dw05;dw06;dw07;dw08,,105,1,2026-08-28T09:29:33.680+0200,dw05,4B92,252,162,52,-39,157,2.26,72235
ground-height-0m-20260825-163632,d002m_r180_run01.csv,0,2,180,dw00;dw01;dw02;dw03;dw04;dw05;dw06;dw07;dw08,dw00;dw01;dw02;dw03;dw04;dw05;dw06;dw07;dw08,,125,1,2026-08-28T09:29:33.689+0200,dw06,0789,113,158,99,7,157,1.81,82305
ground-height-0m-20260825-163632,d002m_r180_run01.csv,0,2,180,dw00;dw01;dw02;dw03;dw04;dw05;dw06;dw07;dw08,dw00;dw01;dw02;dw03;dw04;dw05;dw06;dw07;dw08,,15,1,2026-08-28T09:29:33.740+0200,dw00,8103,84,177,-154,123,127,3.51,32257
ground-height-0m-20260825-163632,d002m_r180_run01.csv,0,2,180,dw00;dw01;dw02;dw03;dw04;dw05;dw06;dw07;dw08,dw00;dw01;dw02;dw03;dw04;dw05;dw06;dw07;dw08,,35,1,2026-08-28T09:29:33.750+0200,dw01,1729,182,165,-135,133,96,2.95,42358
ground-height-0m-20260825-163632,d002m_r180_run01.csv,0,2,180,dw00;dw01;dw02;dw03;dw04;dw05;dw06;dw07;dw08,dw00;dw01;dw02;dw03;dw04;dw05;dw06;dw07;dw08,,55,1,2026-08-28T09:29:33.760+0200,dw02,8FB0,163,166,-99,165,0,3.06,52307
ground-height-0m-20260825-163632,d002m_r180_run01.csv,0,2,180,dw00;dw01;dw02;dw03;dw04;dw05;dw06;dw07;dw08,dw00;dw01;dw02;dw03;dw04;dw05;dw06;dw07;dw08,,145,1,2026-08-28T09:29:33.800+0200,dw07,5783,99,162,142,50,154,3.01,2147483
ground-height-0m-20260825-163632,d002m_r180_run01.csv,0,2,180,dw00;dw01;dw02;dw03;dw04;dw05;dw06;dw07;dw08,dw00;dw01;dw02;dw03;dw04;dw05;dw06;dw07;dw08,,75,1,2026-08-28T09:29:33.819+0200,dw03,021B,173,154,-35,-121,95,3.27,12268
ground-height-0m-20260825-163632,d002m_r180_run01.csv,0,2,180,dw00;dw01;dw02;dw03;dw04;dw05;dw06;dw07;dw08,dw00;dw01;dw02;dw03;dw04;dw05;dw06;dw07;dw08,,165,1,2026-08-28T09:29:33.830+0200,dw08,028E,57,164,163,72,147,3.33,22277
ground-height-0m-20260825-163632,d002m_r180_run01.csv,0,2,180,dw00;dw01;dw02;dw03;dw04;dw05;dw06;dw07;dw08,dw00;dw01;dw02;dw03;dw04;dw05;dw06;dw07;dw08,,90,1,2026-08-28T09:29:33.870+0200,dw04,0F85,91,164,-1,-95,134,2.02,62286
ground-height-0m-20260825-163632,d002m_r180_run01.csv,0,2,180,dw00;dw01;dw02;dw03;dw04;dw05;dw06;dw07;dw08,dw00;dw01;dw02;dw03;dw04;dw05;dw06;dw07;dw08,,105,1,2026-08-28T09:29:33.880+0200,dw05,4B92,253,166,55,-37,162,2.20,72265
ground-height-0m-20260825-163632,d002m_r180_run01.csv,0,2,180,dw00;dw01;dw02;dw03;dw04;dw05;dw06;dw07;dw08,dw00;dw01;dw02;dw03;dw04;dw05;dw06;dw07;dw08,,125,1,2026-08-28T09:29:33.890+0200,dw06,0789,114,156,100,8,156,1.81,82305
ground-height-0m-20260825-163632,d002m_r180_run01.csv,0,2,180,dw00;dw01;dw02;dw03;dw04;dw05;dw06;dw07;dw08,dw00;dw01;dw02;dw03;dw04;dw05;dw06;dw07;dw08,,15,1,2026-08-28T09:29:33.939+0200,dw00,8103,85,177,-156,121,129,3.51,32257
ground-height-0m-20260825-163632,d002m_r180_run01.csv,0,2,180,dw00;dw01;dw02;dw03;dw04;dw05;dw06;dw07;dw08,dw00;dw01;dw02;dw03;dw04;dw05;dw06;dw07;dw08,,35,1,2026-08-28T09:29:33.950+0200,dw01,1729,183,162,-139,128,100,3.01,42297
ground-height-0m-20260825-163632,d002m_r180_run01.csv,0,2,180,dw00;dw01;dw02;dw03;dw04;dw05;dw06;dw07;dw08,dw00;dw01;dw02;dw03;dw04;dw05;dw06;dw07;dw08,,55,1,2026-08-28T09:29:33.960+0200,dw02,8FB0,164,158,-99,158,0,3.06,52368
ground-height-0m-20260825-163632,d002m_r180_run01.csv,0,2,180,dw00;dw01;dw02;dw03;dw04;dw05;dw06;dw07;dw08,dw00;dw01;dw02;dw03;dw04;dw05;dw06;dw07;dw08,,145,1,2026-08-28T09:29:34.000+0200,dw07,5783,100,160,136,44,154,3.01,2147483
ground-height-0m-20260825-163632,d002m_r180_run01.csv,0,2,180,dw00;dw01;dw02;dw03;dw04;dw05;dw06;dw07;dw08,dw00;dw01;dw02;dw03;dw04;dw05;dw06;dw07;dw08,,75,1,2026-08-28T09:29:34.019+0200,dw03,021B,174,152,-47,-131,77,3.21,12268
ground-height-0m-20260825-163632,d002m_r180_run01.csv,0,2,180,dw00;dw01;dw02;dw03;dw04;dw05;dw06;dw07;dw08,dw00;dw01;dw02;dw03;dw04;dw05;dw06;dw07;dw08,,165,1,2026-08-28T09:29:34.029+0200,dw08,028E,58,168,163,74,151,3.45,22277
ground-height-0m-20260825-163632,d002m_r180_run01.csv,0,2,180,dw00;dw01;dw02;dw03;dw04;dw05;dw06;dw07;dw08,dw00;dw01;dw02;dw03;dw04;dw05;dw06;dw07;dw08,,90,1,2026-08-28T09:29:34.069+0200,dw04,0F85,92,164,6,-86,139,2.02,62225
ground-height-0m-20260825-163632,d002m_r180_run01.csv,0,2,180,dw00;dw01;dw02;dw03;dw04;dw05;dw06;dw07;dw08,dw00;dw01;dw02;dw03;dw04;dw05;dw06;dw07;dw08,,105,1,2026-08-28T09:29:34.080+0200,dw05,4B92,254,160,47,-43,154,2.20,72235
ground-height-0m-20260825-163632,d002m_r180_run01.csv,0,2,180,dw00;dw01;dw02;dw03;dw04;dw05;dw06;dw07;dw08,dw00;dw01;dw02;dw03;dw04;dw05;dw06;dw07;dw08,,125,1,2026-08-28T09:29:34.090+0200,dw06,0789,115,161,99,7,161,1.69,82305
ground-height-0m-20260825-163632,d002m_r180_run01.csv,0,2,180,dw00;dw01;dw02;dw03;dw04;dw05;dw06;dw07;dw08,dw00;dw01;dw02;dw03;dw04;dw05;dw06;dw07;dw08,,15,1,2026-08-28T09:29:34.140+0200,dw00,8103,86,174,-158,117,129,3.57,32287
ground-height-0m-20260825-163632,d002m_r180_run01.csv,0,2,180,dw00;dw01;dw02;dw03;dw04;dw05;dw06;dw07;dw08,dw00;dw01;dw02;dw03;dw04;dw05;dw06;dw07;dw08,,35,1,2026-08-28T09:29:34.149+0200,dw01,1729,184,164,-134,134,94,2.89,42297
ground-height-0m-20260825-163632,d002m_r180_run01.csv,0,2,180,dw00;dw01;dw02;dw03;dw04;dw05;dw06;dw07;dw08,dw00;dw01;dw02;dw03;dw04;dw05;dw06;dw07;dw08,,55,1,2026-08-28T09:29:34.159+0200,dw02,8FB0,165,161,-93,161,0,3.01,52276
ground-height-0m-20260825-163632,d002m_r180_run01.csv,0,2,180,dw00;dw01;dw02;dw03;dw04;dw05;dw06;dw07;dw08,dw00;dw01;dw02;dw03;dw04;dw05;dw06;dw07;dw08,,145,1,2026-08-28T09:29:34.199+0200,dw07,5783,101,164,135,44,158,2.95,2147483
ground-height-0m-20260825-163632,d002m_r180_run01.csv,0,2,180,dw00;dw01;dw02;dw03;dw04;dw05;dw06;dw07;dw08,dw00;dw01;dw02;dw03;dw04;dw05;dw06;dw07;dw08,,75,1,2026-08-28T09:29:34.220+0200,dw03,021B,175,153,-44,-129,81,3.27,12268
ground-height-0m-20260825-163632,d002m_r180_run01.csv,0,2,180,dw00;dw01;dw02;dw03;dw04;dw05;dw06;dw07;dw08,dw00;dw01;dw02;dw03;dw04;dw05;dw06;dw07;dw08,,165,1,2026-08-28T09:29:34.229+0200,dw08,028E,59,167,162,73,151,3.45,22277
ground-height-0m-20260825-163632,d002m_r180_run01.csv,0,2,180,dw00;dw01;dw02;dw03;dw04;dw05;dw06;dw07;dw08,dw00;dw01;dw02;dw03;dw04;dw05;dw06;dw07;dw08,,90,1,2026-08-28T09:29:34.269+0200,dw04,0F85,93,164,-1,-94,134,2.02,62255
ground-height-0m-20260825-163632,d002m_r180_run01.csv,0,2,180,dw00;dw01;dw02;dw03;dw04;dw05;dw06;dw07;dw08,dw00;dw01;dw02;dw03;dw04;dw05;dw06;dw07;dw08,,105,1,2026-08-28T09:29:34.279+0200,dw05,4B92,255,164,52,-39,159,2.26,72265
ground-height-0m-20260825-163632,d002m_r180_run01.csv,0,2,180,dw00;dw01;dw02;dw03;dw04;dw05;dw06;dw07;dw08,dw00;dw01;dw02;dw03;dw04;dw05;dw06;dw07;dw08,,125,1,2026-08-28T09:29:34.290+0200,dw06,0789,116,164,96,4,164,1.81,82305
ground-height-0m-20260825-163632,d002m_r180_run01.csv,0,2,180,dw00;dw01;dw02;dw03;dw04;dw05;dw06;dw07;dw08,dw00;dw01;dw02;dw03;dw04;dw05;dw06;dw07;dw08,,15,1,2026-08-28T09:29:34.340+0200,dw00,8103,87,176,-158,118,130,3.57,32257
ground-height-0m-20260825-163632,d002m_r180_run01.csv,0,2,180,dw00;dw01;dw02;dw03;dw04;dw05;dw06;dw07;dw08,dw00;dw01;dw02;dw03;dw04;dw05;dw06;dw07;dw08,,35,1,2026-08-28T09:29:34.349+0200,dw01,1729,185,166,-133,136,94,2.95,42327
ground-height-0m-20260825-163632,d002m_r180_run01.csv,0,2,180,dw00;dw01;dw02;dw03;dw04;dw05;dw06;dw07;dw08,dw00;dw01;dw02;dw03;dw04;dw05;dw06;dw07;dw08,,55,1,2026-08-28T09:29:34.359+0200,dw02,8FB0,166,160,-98,160,0,3.09,52337
ground-height-0m-20260825-163632,d002m_r180_run01.csv,0,2,180,dw00;dw01;dw02;dw03;dw04;dw05;dw06;dw07;dw08,dw00;dw01;dw02;dw03;dw04;dw05;dw06;dw07;dw08,,145,1,2026-08-28T09:29:34.399+0200,dw07,5783,102,162,140,48,154,2.95,2147483
ground-height-0m-20260825-163632,d002m_r180_run01.csv,0,2,180,dw00;dw01;dw02;dw03;dw04;dw05;dw06;dw07;dw08,dw00;dw01;dw02;dw03;dw04;dw05;dw06;dw07;dw08,,75,1,2026-08-28T09:29:34.420+0200,dw03,021B,176,154,-38,-124,91,3.27,12268
ground-height-0m-20260825-163632,d002m_r180_run01.csv,0,2,180,dw00;dw01;dw02;dw03;dw04;dw05;dw06;dw07;dw08,dw00;dw01;dw02;dw03;dw04;dw05;dw06;dw07;dw08,,165,1,2026-08-28T09:29:34.430+0200,dw08,028E,60,166,160,70,151,3.51,22277
ground-height-0m-20260825-163632,d002m_r180_run01.csv,0,2,180,dw00;dw01;dw02;dw03;dw04;dw05;dw06;dw07;dw08,dw00;dw01;dw02;dw03;dw04;dw05;dw06;dw07;dw08,,90,1,2026-08-28T09:29:34.470+0200,dw04,0F85,94,163,-1,-93,133,2.02,62255
ground-height-0m-20260825-163632,d002m_r180_run01.csv,0,2,180,dw00;dw01;dw02;dw03;dw04;dw05;dw06;dw07;dw08,dw00;dw01;dw02;dw03;dw04;dw05;dw06;dw07;dw08,,105,1,2026-08-28T09:29:34.479+0200,dw05,4B92,0,166,50,-42,161,2.26,72235
ground-height-0m-20260825-163632,d002m_r180_run01.csv,0,2,180,dw00;dw01;dw02;dw03;dw04;dw05;dw06;dw07;dw08,dw00;dw01;dw02;dw03;dw04;dw05;dw06;dw07;dw08,,125,1,2026-08-28T09:29:34.489+0200,dw06,0789,117,161,104,12,161,1.87,82305
ground-height-0m-20260825-163632,d002m_r180_run01.csv,0,2,180,dw00;dw01;dw02;dw03;dw04;dw05;dw06;dw07;dw08,dw00;dw01;dw02;dw03;dw04;dw05;dw06;dw07;dw08,,15,1,2026-08-28T09:29:34.540+0200,dw00,8103,88,175,-156,119,128,3.57,32257
ground-height-0m-20260825-163632,d002m_r180_run01.csv,0,2,180,dw00;dw01;dw02;dw03;dw04;dw05;dw06;dw07;dw08,dw00;dw01;dw02;dw03;dw04;dw05;dw06;dw07;dw08,,35,1,2026-08-28T09:29:34.550+0200,dw01,1729,186,164,-138,129,100,3.01,42358
ground-height-0m-20260825-163632,d002m_r180_run01.csv,0,2,180,dw00;dw01;dw02;dw03;dw04;dw05;dw06;dw07;dw08,dw00;dw01;dw02;dw03;dw04;dw05;dw06;dw07;dw08,,55,1,2026-08-28T09:29:34.559+0200,dw02,8FB0,167,164,-101,164,0,3.09,52368
ground-height-0m-20260825-163632,d002m_r180_run01.csv,0,2,180,dw00;dw01;dw02;dw03;dw04;dw05;dw06;dw07;dw08,dw00;dw01;dw02;dw03;dw04;dw05;dw06;dw07;dw08,,145,1,2026-08-28T09:29:34.599+0200,dw07,5783,103,166,139,48,159,3.01,2147483
ground-height-0m-20260825-163632,d002m_r180_run01.csv,0,2,180,dw00;dw01;dw02;dw03;dw04;dw05;dw06;dw07;dw08,dw00;dw01;dw02;dw03;dw04;dw05;dw06;dw07;dw08,,75,1,2026-08-28T09:29:34.619+0200,dw03,021B,177,158,-40,-129,90,3.27,12268
ground-height-0m-20260825-163632,d002m_r180_run01.csv,0,2,180,dw00;dw01;dw02;dw03;dw04;dw05;dw06;dw07;dw08,dw00;dw01;dw02;dw03;dw04;dw05;dw06;dw07;dw08,,165,1,2026-08-28T09:29:34.630+0200,dw08,028E,61,167,168,79,148,3.45,22277
ground-height-0m-20260825-163632,d002m_r180_run01.csv,0,2,180,dw00;dw01;dw02;dw03;dw04;dw05;dw06;dw07;dw08,dw00;dw01;dw02;dw03;dw04;dw05;dw06;dw07;dw08,,90,1,2026-08-28T09:29:34.670+0200,dw04,0F85,95,166,-5,-100,132,2.08,62316
ground-height-0m-20260825-163632,d002m_r180_run01.csv,0,2,180,dw00;dw01;dw02;dw03;dw04;dw05;dw06;dw07;dw08,dw00;dw01;dw02;dw03;dw04;dw05;dw06;dw07;dw08,,105,1,2026-08-28T09:29:34.680+0200,dw05,4B92,1,166,51,-42,161,2.26,72235
ground-height-0m-20260825-163632,d002m_r180_run01.csv,0,2,180,dw00;dw01;dw02;dw03;dw04;dw05;dw06;dw07;dw08,dw00;dw01;dw02;dw03;dw04;dw05;dw06;dw07;dw08,,125,1,2026-08-28T09:29:34.689+0200,dw06,0789,118,160,94,2,160,1.81,82305
ground-height-0m-20260825-163632,d002m_r180_run01.csv,0,2,180,dw00;dw01;dw02;dw03;dw04;dw05;dw06;dw07;dw08,dw00;dw01;dw02;dw03;dw04;dw05;dw06;dw07;dw08,,15,1,2026-08-28T09:29:34.739+0200,dw00,8103,89,175,-159,116,131,3.57,32257
ground-height-0m-20260825-163632,d002m_r180_run01.csv,0,2,180,dw00;dw01;dw02;dw03;dw04;dw05;dw06;dw07;dw08,dw00;dw01;dw02;dw03;dw04;dw05;dw06;dw07;dw08,,35,1,2026-08-28T09:29:34.750+0200,dw01,1729,187,166,-137,132,100,3.06,42297
ground-height-0m-20260825-163632,d002m_r180_run01.csv,0,2,180,dw00;dw01;dw02;dw03;dw04;dw05;dw06;dw07;dw08,dw00;dw01;dw02;dw03;dw04;dw05;dw06;dw07;dw08,,55,1,2026-08-28T09:29:34.760+0200,dw02,8FB0,168,166,-95,165,0,3.06,52368
ground-height-0m-20260825-163632,d002m_r180_run01.csv,0,2,180,dw00;dw01;dw02;dw03;dw04;dw05;dw06;dw07;dw08,dw00;dw01;dw02;dw03;dw04;dw05;dw06;dw07;dw08,,145,1,2026-08-28T09:29:34.800+0200,dw07,5783,104,159,142,49,151,3.01,2147483
ground-height-0m-20260825-163632,d002m_r180_run01.csv,0,2,180,dw00;dw01;dw02;dw03;dw04;dw05;dw06;dw07;dw08,dw00;dw01;dw02;dw03;dw04;dw05;dw06;dw07;dw08,,75,1,2026-08-28T09:29:34.819+0200,dw03,021B,178,153,-38,-124,90,3.27,12298
ground-height-0m-20260825-163632,d002m_r180_run01.csv,0,2,180,dw00;dw01;dw02;dw03;dw04;dw05;dw06;dw07;dw08,dw00;dw01;dw02;dw03;dw04;dw05;dw06;dw07;dw08,,165,1,2026-08-28T09:29:34.829+0200,dw08,028E,62,165,161,70,149,3.45,22277
ground-height-0m-20260825-163632,d002m_r180_run01.csv,0,2,180,dw00;dw01;dw02;dw03;dw04;dw05;dw06;dw07;dw08,dw00;dw01;dw02;dw03;dw04;dw05;dw06;dw07;dw08,,90,1,2026-08-28T09:29:34.869+0200,dw04,0F85,96,164,0,-93,135,2.02,62225
ground-height-0m-20260825-163632,d002m_r180_run01.csv,0,2,180,dw00;dw01;dw02;dw03;dw04;dw05;dw06;dw07;dw08,dw00;dw01;dw02;dw03;dw04;dw05;dw06;dw07;dw08,,105,1,2026-08-28T09:29:34.880+0200,dw05,4B92,2,167,49,-43,161,2.26,72235
ground-height-0m-20260825-163632,d002m_r180_run01.csv,0,2,180,dw00;dw01;dw02;dw03;dw04;dw05;dw06;dw07;dw08,dw00;dw01;dw02;dw03;dw04;dw05;dw06;dw07;dw08,,125,1,2026-08-28T09:29:34.889+0200,dw06,0789,119,162,105,13,162,1.75,82305
ground-height-0m-20260825-163632,d002m_r180_run01.csv,0,2,180,dw00;dw01;dw02;dw03;dw04;dw05;dw06;dw07;dw08,dw00;dw01;dw02;dw03;dw04;dw05;dw06;dw07;dw08,,15,1,2026-08-28T09:29:34.939+0200,dw00,8103,90,177,-158,118,132,3.51,32287
ground-height-0m-20260825-163632,d002m_r180_run01.csv,0,2,180,dw00;dw01;dw02;dw03;dw04;dw05;dw06;dw07;dw08,dw00;dw01;dw02;dw03;dw04;dw05;dw06;dw07;dw08,,35,1,2026-08-28T09:29:34.949+0200,dw01,1729,188,167,-138,133,101,2.95,42297
ground-height-0m-20260825-163632,d002m_r180_run01.csv,0,2,180,dw00;dw01;dw02;dw03;dw04;dw05;dw06;dw07;dw08,dw00;dw01;dw02;dw03;dw04;dw05;dw06;dw07;dw08,,55,1,2026-08-28T09:29:34.960+0200,dw02,8FB0,169,162,-100,162,0,3.09,52307
ground-height-0m-20260825-163632,d002m_r180_run01.csv,0,2,180,dw00;dw01;dw02;dw03;dw04;dw05;dw06;dw07;dw08,dw00;dw01;dw02;dw03;dw04;dw05;dw06;dw07;dw08,,145,1,2026-08-28T09:29:35.000+0200,dw07,5783,105,163,139,47,156,3.01,2147483
ground-height-0m-20260825-163632,d002m_r180_run01.csv,0,2,180,dw00;dw01;dw02;dw03;dw04;dw05;dw06;dw07;dw08,dw00;dw01;dw02;dw03;dw04;dw05;dw06;dw07;dw08,,75,1,2026-08-28T09:29:35.019+0200,dw03,021B,179,154,-37,-124,92,3.27,12237
ground-height-0m-20260825-163632,d002m_r180_run01.csv,0,2,180,dw00;dw01;dw02;dw03;dw04;dw05;dw06;dw07;dw08,dw00;dw01;dw02;dw03;dw04;dw05;dw06;dw07;dw08,,165,1,2026-08-28T09:29:35.029+0200,dw08,028E,63,169,162,73,152,3.45,22277
ground-height-0m-20260825-163632,d002m_r180_run01.csv,0,2,180,dw00;dw01;dw02;dw03;dw04;dw05;dw06;dw07;dw08,dw00;dw01;dw02;dw03;dw04;dw05;dw06;dw07;dw08,,90,1,2026-08-28T09:29:35.069+0200,dw04,0F85,97,164,2,-91,136,1.99,62286
ground-height-0m-20260825-163632,d002m_r180_run01.csv,0,2,180,dw00;dw01;dw02;dw03;dw04;dw05;dw06;dw07;dw08,dw00;dw01;dw02;dw03;dw04;dw05;dw06;dw07;dw08,,105,1,2026-08-28T09:29:35.079+0200,dw05,4B92,3,162,47,-44,156,2.26,72265
ground-height-0m-20260825-163632,d002m_r180_run01.csv,0,2,180,dw00;dw01;dw02;dw03;dw04;dw05;dw06;dw07;dw08,dw00;dw01;dw02;dw03;dw04;dw05;dw06;dw07;dw08,,125,1,2026-08-28T09:29:35.090+0200,dw06,0789,120,159,99,7,159,1.93,82305
ground-height-0m-20260825-163632,d002m_r180_run01.csv,0,2,180,dw00;dw01;dw02;dw03;dw04;dw05;dw06;dw07;dw08,dw00;dw01;dw02;dw03;dw04;dw05;dw06;dw07;dw08,,15,1,2026-08-28T09:29:35.140+0200,dw00,8103,91,175,-161,114,132,3.57,32226
ground-height-0m-20260825-163632,d002m_r180_run01.csv,0,2,180,dw00;dw01;dw02;dw03;dw04;dw05;dw06;dw07;dw08,dw00;dw01;dw02;dw03;dw04;dw05;dw06;dw07;dw08,,35,1,2026-08-28T09:29:35.149+0200,dw01,1729,189,169,-144,128,110,3.01,42327
ground-height-0m-20260825-163632,d002m_r180_run01.csv,0,2,180,dw00;dw01;dw02;dw03;dw04;dw05;dw06;dw07;dw08,dw00;dw01;dw02;dw03;dw04;dw05;dw06;dw07;dw08,,55,1,2026-08-28T09:29:35.159+0200,dw02,8FB0,170,162,-106,160,23,3.06,52337
ground-height-0m-20260825-163632,d002m_r180_run01.csv,0,2,180,dw00;dw01;dw02;dw03;dw04;dw05;dw06;dw07;dw08,dw00;dw01;dw02;dw03;dw04;dw05;dw06;dw07;dw08,,145,1,2026-08-28T09:29:35.199+0200,dw07,5783,106,163,138,46,156,3.01,2147483
ground-height-0m-20260825-163632,d002m_r180_run01.csv,0,2,180,dw00;dw01;dw02;dw03;dw04;dw05;dw06;dw07;dw08,dw00;dw01;dw02;dw03;dw04;dw05;dw06;dw07;dw08,,75,1,2026-08-28T09:29:35.220+0200,dw03,021B,180,157,-39,-128,91,3.27,12268
ground-height-0m-20260825-163632,d002m_r180_run01.csv,0,2,180,dw00;dw01;dw02;dw03;dw04;dw05;dw06;dw07;dw08,dw00;dw01;dw02;dw03;dw04;dw05;dw06;dw07;dw08,,165,1,2026-08-28T09:29:35.229+0200,dw08,028E,64,170,163,74,153,3.39,22277
ground-height-0m-20260825-163632,d002m_r180_run01.csv,0,2,180,dw00;dw01;dw02;dw03;dw04;dw05;dw06;dw07;dw08,dw00;dw01;dw02;dw03;dw04;dw05;dw06;dw07;dw08,,90,1,2026-08-28T09:29:35.269+0200,dw04,0F85,98,164,-2,-96,133,2.02,62255
ground-height-0m-20260825-163632,d002m_r180_run01.csv,0,2,180,dw00;dw01;dw02;dw03;dw04;dw05;dw06;dw07;dw08,dw00;dw01;dw02;dw03;dw04;dw05;dw06;dw07;dw08,,105,1,2026-08-28T09:29:35.279+0200,dw05,4B92,4,160,55,-36,156,2.20,72204
ground-height-0m-20260825-163632,d002m_r180_run01.csv,0,2,180,dw00;dw01;dw02;dw03;dw04;dw05;dw06;dw07;dw08,dw00;dw01;dw02;dw03;dw04;dw05;dw06;dw07;dw08,,125,1,2026-08-28T09:29:35.289+0200,dw06,0789,121,158,101,9,157,1.81,82305
ground-height-0m-20260825-163632,d002m_r180_run01.csv,0,2,180,dw00;dw01;dw02;dw03;dw04;dw05;dw06;dw07;dw08,dw00;dw01;dw02;dw03;dw04;dw05;dw06;dw07;dw08,,15,1,2026-08-28T09:29:35.340+0200,dw00,8103,92,173,-158,116,128,3.57,32257
ground-height-0m-20260825-163632,d002m_r180_run01.csv,0,2,180,dw00;dw01;dw02;dw03;dw04;dw05;dw06;dw07;dw08,dw00;dw01;dw02;dw03;dw04;dw05;dw06;dw07;dw08,,35,1,2026-08-28T09:29:35.349+0200,dw01,1729,190,167,-138,133,101,2.95,42327
ground-height-0m-20260825-163632,d002m_r180_run01.csv,0,2,180,dw00;dw01;dw02;dw03;dw04;dw05;dw06;dw07;dw08,dw00;dw01;dw02;dw03;dw04;dw05;dw06;dw07;dw08,,55,1,2026-08-28T09:29:35.359+0200,dw02,8FB0,171,162,-101,162,0,3.21,52337
ground-height-0m-20260825-163632,d002m_r180_run01.csv,0,2,180,dw00;dw01;dw02;dw03;dw04;dw05;dw06;dw07;dw08,dw00;dw01;dw02;dw03;dw04;dw05;dw06;dw07;dw08,,145,1,2026-08-28T09:29:35.399+0200,dw07,5783,107,160,138,46,154,2.95,2147483
ground-height-0m-20260825-163632,d002m_r180_run01.csv,0,2,180,dw00;dw01;dw02;dw03;dw04;dw05;dw06;dw07;dw08,dw00;dw01;dw02;dw03;dw04;dw05;dw06;dw07;dw08,,75,1,2026-08-28T09:29:35.419+0200,dw03,021B,181,157,-45,-134,82,3.27,12298
ground-height-0m-20260825-163632,d002m_r180_run01.csv,0,2,180,dw00;dw01;dw02;dw03;dw04;dw05;dw06;dw07;dw08,dw00;dw01;dw02;dw03;dw04;dw05;dw06;dw07;dw08,,165,1,2026-08-28T09:29:35.430+0200,dw08,028E,65,166,165,75,148,3.45,22277
ground-height-0m-20260825-163632,d002m_r180_run01.csv,0,2,180,dw00;dw01;dw02;dw03;dw04;dw05;dw06;dw07;dw08,dw00;dw01;dw02;dw03;dw04;dw05;dw06;dw07;dw08,,90,1,2026-08-28T09:29:35.470+0200,dw04,0F85,99,162,-5,-98,129,1.99,62225
ground-height-0m-20260825-163632,d002m_r180_run01.csv,0,2,180,dw00;dw01;dw02;dw03;dw04;dw05;dw06;dw07;dw08,dw00;dw01;dw02;dw03;dw04;dw05;dw06;dw07;dw08,,105,1,2026-08-28T09:29:35.479+0200,dw05,4B92,5,163,47,-44,157,2.26,72265
ground-height-0m-20260825-163632,d002m_r180_run01.csv,0,2,180,dw00;dw01;dw02;dw03;dw04;dw05;dw06;dw07;dw08,dw00;dw01;dw02;dw03;dw04;dw05;dw06;dw07;dw08,,125,1,2026-08-28T09:29:35.489+0200,dw06,0789,122,159,97,5,159,1.93,82305
ground-height-0m-20260825-163632,d002m_r180_run01.csv,0,2,180,dw00;dw01;dw02;dw03;dw04;dw05;dw06;dw07;dw08,dw00;dw01;dw02;dw03;dw04;dw05;dw06;dw07;dw08,,15,1,2026-08-28T09:29:35.539+0200,dw00,8103,93,173,-159,115,129,3.57,32257
ground-height-0m-20260825-163632,d002m_r180_run01.csv,0,2,180,dw00;dw01;dw02;dw03;dw04;dw05;dw06;dw07;dw08,dw00;dw01;dw02;dw03;dw04;dw05;dw06;dw07;dw08,,35,1,2026-08-28T09:29:35.550+0200,dw01,1729,191,159,-138,126,97,3.01,42327
ground-height-0m-20260825-163632,d002m_r180_run01.csv,0,2,180,dw00;dw01;dw02;dw03;dw04;dw05;dw06;dw07;dw08,dw00;dw01;dw02;dw03;dw04;dw05;dw06;dw07;dw08,,55,1,2026-08-28T09:29:35.559+0200,dw02,8FB0,172,166,-103,166,0,3.06,52368
ground-height-0m-20260825-163632,d002m_r180_run01.csv,0,2,180,dw00;dw01;dw02;dw03;dw04;dw05;dw06;dw07;dw08,dw00;dw01;dw02;dw03;dw04;dw05;dw06;dw07;dw08,,145,1,2026-08-28T09:29:35.599+0200,dw07,5783,108,162,141,49,154,2.95,2147483
ground-height-0m-20260825-163632,d002m_r180_run01.csv,0,2,180,dw00;dw01;dw02;dw03;dw04;dw05;dw06;dw07;dw08,dw00;dw01;dw02;dw03;dw04;dw05;dw06;dw07;dw08,,75,1,2026-08-28T09:29:35.619+0200,dw03,021B,182,157,-46,-134,81,3.15,12268
ground-height-0m-20260825-163632,d002m_r180_run01.csv,0,2,180,dw00;dw01;dw02;dw03;dw04;dw05;dw06;dw07;dw08,dw00;dw01;dw02;dw03;dw04;dw05;dw06;dw07;dw08,,165,1,2026-08-28T09:29:35.629+0200,dw08,028E,66,166,166,75,148,3.57,22308
ground-height-0m-20260825-163632,d002m_r180_run01.csv,0,2,180,dw00;dw01;dw02;dw03;dw04;dw05;dw06;dw07;dw08,dw00;dw01;dw02;dw03;dw04;dw05;dw06;dw07;dw08,,90,1,2026-08-28T09:29:35.669+0200,dw04,0F85,100,165,0,-92,136,1.99,62286
ground-height-0m-20260825-163632,d002m_r180_run01.csv,0,2,180,dw00;dw01;dw02;dw03;dw04;dw05;dw06;dw07;dw08,dw00;dw01;dw02;dw03;dw04;dw05;dw06;dw07;dw08,,105,1,2026-08-28T09:29:35.680+0200,dw05,4B92,6,158,52,-38,154,2.32,72235
ground-height-0m-20260825-163632,d002m_r180_run01.csv,0,2,180,dw00;dw01;dw02;dw03;dw04;dw05;dw06;dw07;dw08,dw00;dw01;dw02;dw03;dw04;dw05;dw06;dw07;dw08,,125,1,2026-08-28T09:29:35.689+0200,dw06,0789,123,159,103,11,159,1.93,82305
ground-height-0m-20260825-163632,d002m_r180_run01.csv,0,2,180,dw00;dw01;dw02;dw03;dw04;dw05;dw06;dw07;dw08,dw00;dw01;dw02;dw03;dw04;dw05;dw06;dw07;dw08,,15,1,2026-08-28T09:29:35.739+0200,dw00,8103,94,178,-157,120,131,3.51,32287
ground-height-0m-20260825-163632,d002m_r180_run01.csv,0,2,180,dw00;dw01;dw02;dw03;dw04;dw05;dw06;dw07;dw08,dw00;dw01;dw02;dw03;dw04;dw05;dw06;dw07;dw08,,35,1,2026-08-28T09:29:35.749+0200,dw01,1729,192,166,-135,135,97,2.89,42297
ground-height-0m-20260825-163632,d002m_r180_run01.csv,0,2,180,dw00;dw01;dw02;dw03;dw04;dw05;dw06;dw07;dw08,dw00;dw01;dw02;dw03;dw04;dw05;dw06;dw07;dw08,,55,1,2026-08-28T09:29:35.760+0200,dw02,8FB0,173,162,-91,162,0,3.06,52307
ground-height-0m-20260825-163632,d002m_r180_run01.csv,0,2,180,dw00;dw01;dw02;dw03;dw04;dw05;dw06;dw07;dw08,dw00;dw01;dw02;dw03;dw04;dw05;dw06;dw07;dw08,,145,1,2026-08-28T09:29:35.800+0200,dw07,5783,109,162,137,45,155,2.95,2147483
ground-height-0m-20260825-163632,d002m_r180_run01.csv,0,2,180,dw00;dw01;dw02;dw03;dw04;dw05;dw06;dw07;dw08,dw00;dw01;dw02;dw03;dw04;dw05;dw06;dw07;dw08,,75,1,2026-08-28T09:29:35.819+0200,dw03,021B,183,155,-52,-138,69,3.21,12268
ground-height-0m-20260825-163632,d002m_r180_run01.csv,0,2,180,dw00;dw01;dw02;dw03;dw04;dw05;dw06;dw07;dw08,dw00;dw01;dw02;dw03;dw04;dw05;dw06;dw07;dw08,,165,1,2026-08-28T09:29:35.829+0200,dw08,028E,67,168,160,71,152,3.51,22277
ground-height-0m-20260825-163632,d002m_r180_run01.csv,0,2,180,dw00;dw01;dw02;dw03;dw04;dw05;dw06;dw07;dw08,dw00;dw01;dw02;dw03;dw04;dw05;dw06;dw07;dw08,,90,1,2026-08-28T09:29:35.869+0200,dw04,0F85,101,165,-2,-96,134,1.99,62286
ground-height-0m-20260825-163632,d002m_r180_run01.csv,0,2,180,dw00;dw01;dw02;dw03;dw04;dw05;dw06;dw07;dw08,dw00;dw01;dw02;dw03;dw04;dw05;dw06;dw07;dw08,,105,1,2026-08-28T09:29:35.879+0200,dw05,4B92,7,162,42,-50,154,2.26,72296
ground-height-0m-20260825-163632,d002m_r180_run01.csv,0,2,180,dw00;dw01;dw02;dw03;dw04;dw05;dw06;dw07;dw08,dw00;dw01;dw02;dw03;dw04;dw05;dw06;dw07;dw08,,125,1,2026-08-28T09:29:35.889+0200,dw06,0789,124,157,96,4,157,1.99,82336
ground-height-0m-20260825-163632,d002m_r180_run01.csv,0,2,180,dw00;dw01;dw02;dw03;dw04;dw05;dw06;dw07;dw08,dw00;dw01;dw02;dw03;dw04;dw05;dw06;dw07;dw08,,15,1,2026-08-28T09:29:35.939+0200,dw00,8103,95,177,-159,117,132,3.51,32226
ground-height-0m-20260825-163632,d002m_r180_run01.csv,0,2,180,dw00;dw01;dw02;dw03;dw04;dw05;dw06;dw07;dw08,dw00;dw01;dw02;dw03;dw04;dw05;dw06;dw07;dw08,,35,1,2026-08-28T09:29:35.949+0200,dw01,1729,193,168,-127,145,85,2.89,42327
ground-height-0m-20260825-163632,d002m_r180_run01.csv,0,2,180,dw00;dw01;dw02;dw03;dw04;dw05;dw06;dw07;dw08,dw00;dw01;dw02;dw03;dw04;dw05;dw06;dw07;dw08,,55,1,2026-08-28T09:29:35.959+0200,dw02,8FB0,174,162,-104,162,0,3.21,52337
ground-height-0m-20260825-163632,d002m_r180_run01.csv,0,2,180,dw00;dw01;dw02;dw03;dw04;dw05;dw06;dw07;dw08,dw00;dw01;dw02;dw03;dw04;dw05;dw06;dw07;dw08,,145,1,2026-08-28T09:29:35.999+0200,dw07,5783,110,162,139,47,155,2.95,2147483
ground-height-0m-20260825-163632,d002m_r180_run01.csv,0,2,180,dw00;dw01;dw02;dw03;dw04;dw05;dw06;dw07;dw08,dw00;dw01;dw02;dw03;dw04;dw05;dw06;dw07;dw08,,75,1,2026-08-28T09:29:36.019+0200,dw03,021B,184,155,-47,-133,78,3.33,12268
ground-height-0m-20260825-163632,d002m_r180_run01.csv,0,2,180,dw00;dw01;dw02;dw03;dw04;dw05;dw06;dw07;dw08,dw00;dw01;dw02;dw03;dw04;dw05;dw06;dw07;dw08,,165,1,2026-08-28T09:29:36.029+0200,dw08,028E,68,171,164,75,153,3.57,22277
ground-height-0m-20260825-163632,d002m_r180_run01.csv,0,2,180,dw00;dw01;dw02;dw03;dw04;dw05;dw06;dw07;dw08,dw00;dw01;dw02;dw03;dw04;dw05;dw06;dw07;dw08,,90,1,2026-08-28T09:29:36.069+0200,dw04,0F85,102,166,-3,-98,133,1.87,62316
ground-height-0m-20260825-163632,d002m_r180_run01.csv,0,2,180,dw00;dw01;dw02;dw03;dw04;dw05;dw06;dw07;dw08,dw00;dw01;dw02;dw03;dw04;dw05;dw06;dw07;dw08,,105,1,2026-08-28T09:29:36.079+0200,dw05,4B92,8,164,52,-40,159,2.20,72235
ground-height-0m-20260825-163632,d002m_r180_run01.csv,0,2,180,dw00;dw01;dw02;dw03;dw04;dw05;dw06;dw07;dw08,dw00;dw01;dw02;dw03;dw04;dw05;dw06;dw07;dw08,,125,1,2026-08-28T09:29:36.089+0200,dw06,0789,125,164,111,19,162,1.81,82275
ground-height-0m-20260825-163632,d002m_r180_run01.csv,0,2,180,dw00;dw01;dw02;dw03;dw04;dw05;dw06;dw07;dw08,dw00;dw01;dw02;dw03;dw04;dw05;dw06;dw07;dw08,,15,1,2026-08-28T09:29:36.140+0200,dw00,8103,96,178,-155,122,129,3.51,32287
ground-height-0m-20260825-163632,d002m_r180_run01.csv,0,2,180,dw00;dw01;dw02;dw03;dw04;dw05;dw06;dw07;dw08,dw00;dw01;dw02;dw03;dw04;dw05;dw06;dw07;dw08,,35,1,2026-08-28T09:29:36.149+0200,dw01,1729,194,163,-140,127,102,3.01,42297
ground-height-0m-20260825-163632,d002m_r180_run01.csv,0,2,180,dw00;dw01;dw02;dw03;dw04;dw05;dw06;dw07;dw08,dw00;dw01;dw02;dw03;dw04;dw05;dw06;dw07;dw08,,55,1,2026-08-28T09:29:36.159+0200,dw02,8FB0,175,160,-102,160,0,3.06,52307
ground-height-0m-20260825-163632,d002m_r180_run01.csv,0,2,180,dw00;dw01;dw02;dw03;dw04;dw05;dw06;dw07;dw08,dw00;dw01;dw02;dw03;dw04;dw05;dw06;dw07;dw08,,145,1,2026-08-28T09:29:36.199+0200,dw07,5783,111,163,135,44,157,2.95,2147483
ground-height-0m-20260825-163632,d002m_r180_run01.csv,0,2,180,dw00;dw01;dw02;dw03;dw04;dw05;dw06;dw07;dw08,dw00;dw01;dw02;dw03;dw04;dw05;dw06;dw07;dw08,,75,1,2026-08-28T09:29:36.219+0200,dw03,021B,185,157,-40,-129,89,3.15,12268
ground-height-0m-20260825-163632,d002m_r180_run01.csv,0,2,180,dw00;dw01;dw02;dw03;dw04;dw05;dw06;dw07;dw08,dw00;dw01;dw02;dw03;dw04;dw05;dw06;dw07;dw08,,165,1,2026-08-28T09:29:36.229+0200,dw08,028E,69,165,156,65,151,3.57,22277
ground-height-0m-20260825-163632,d002m_r180_run01.csv,0,2,180,dw00;dw01;dw02;dw03;dw04;dw05;dw06;dw07;dw08,dw00;dw01;dw02;dw03;dw04;dw05;dw06;dw07;dw08,,90,1,2026-08-28T09:29:36.269+0200,dw04,0F85,103,165,-2,-96,133,2.08,62194
ground-height-0m-20260825-163632,d002m_r180_run01.csv,0,2,180,dw00;dw01;dw02;dw03;dw04;dw05;dw06;dw07;dw08,dw00;dw01;dw02;dw03;dw04;dw05;dw06;dw07;dw08,,105,1,2026-08-28T09:29:36.279+0200,dw05,4B92,9,166,46,-46,159,2.20,72296
ground-height-0m-20260825-163632,d002m_r180_run01.csv,0,2,180,dw00;dw01;dw02;dw03;dw04;dw05;dw06;dw07;dw08,dw00;dw01;dw02;dw03;dw04;dw05;dw06;dw07;dw08,,125,1,2026-08-28T09:29:36.289+0200,dw06,0789,126,159,98,6,159,1.81,82336
ground-height-0m-20260825-163632,d002m_r180_run01.csv,0,2,180,dw00;dw01;dw02;dw03;dw04;dw05;dw06;dw07;dw08,dw00;dw01;dw02;dw03;dw04;dw05;dw06;dw07;dw08,,15,1,2026-08-28T09:29:36.339+0200,dw00,8103,97,179,-156,122,130,3.45,32257
ground-height-0m-20260825-163632,d002m_r180_run01.csv,0,2,180,dw00;dw01;dw02;dw03;dw04;dw05;dw06;dw07;dw08,dw00;dw01;dw02;dw03;dw04;dw05;dw06;dw07;dw08,,35,1,2026-08-28T09:29:36.350+0200,dw01,1729,195,164,-132,136,91,3.01,42327
ground-height-0m-20260825-163632,d002m_r180_run01.csv,0,2,180,dw00;dw01;dw02;dw03;dw04;dw05;dw06;dw07;dw08,dw00;dw01;dw02;dw03;dw04;dw05;dw06;dw07;dw08,,55,1,2026-08-28T09:29:36.360+0200,dw02,8FB0,176,165,-100,165,0,3.06,52337
ground-height-0m-20260825-163632,d002m_r180_run01.csv,0,2,180,dw00;dw01;dw02;dw03;dw04;dw05;dw06;dw07;dw08,dw00;dw01;dw02;dw03;dw04;dw05;dw06;dw07;dw08,,145,1,2026-08-28T09:29:36.400+0200,dw07,5783,112,165,141,50,157,2.95,2147483
ground-height-0m-20260825-163632,d002m_r180_run01.csv,0,2,180,dw00;dw01;dw02;dw03;dw04;dw05;dw06;dw07;dw08,dw00;dw01;dw02;dw03;dw04;dw05;dw06;dw07;dw08,,75,1,2026-08-28T09:29:36.420+0200,dw03,021B,186,155,-44,-131,82,3.33,12268
ground-height-0m-20260825-163632,d002m_r180_run01.csv,0,2,180,dw00;dw01;dw02;dw03;dw04;dw05;dw06;dw07;dw08,dw00;dw01;dw02;dw03;dw04;dw05;dw06;dw07;dw08,,165,1,2026-08-28T09:29:36.429+0200,dw08,028E,70,170,164,76,152,3.45,22277
ground-height-0m-20260825-163632,d002m_r180_run01.csv,0,2,180,dw00;dw01;dw02;dw03;dw04;dw05;dw06;dw07;dw08,dw00;dw01;dw02;dw03;dw04;dw05;dw06;dw07;dw08,,90,1,2026-08-28T09:29:36.469+0200,dw04,0F85,104,165,-2,-96,134,2.02,62255
ground-height-0m-20260825-163632,d002m_r180_run01.csv,0,2,180,dw00;dw01;dw02;dw03;dw04;dw05;dw06;dw07;dw08,dw00;dw01;dw02;dw03;dw04;dw05;dw06;dw07;dw08,,105,1,2026-08-28T09:29:36.480+0200,dw05,4B92,10,162,52,-39,157,2.20,72204
ground-height-0m-20260825-163632,d002m_r180_run01.csv,0,2,180,dw00;dw01;dw02;dw03;dw04;dw05;dw06;dw07;dw08,dw00;dw01;dw02;dw03;dw04;dw05;dw06;dw07;dw08,,125,1,2026-08-28T09:29:36.490+0200,dw06,0789,127,159,104,11,159,1.81,82305
ground-height-0m-20260825-163632,d002m_r180_run01.csv,0,2,180,dw00;dw01;dw02;dw03;dw04;dw05;dw06;dw07;dw08,dw00;dw01;dw02;dw03;dw04;dw05;dw06;dw07;dw08,,15,1,2026-08-28T09:29:36.540+0200,dw00,8103,98,175,-152,124,124,3.57,32287
ground-height-0m-20260825-163632,d002m_r180_run01.csv,0,2,180,dw00;dw01;dw02;dw03;dw04;dw05;dw06;dw07;dw08,dw00;dw01;dw02;dw03;dw04;dw05;dw06;dw07;dw08,,35,1,2026-08-28T09:29:36.549+0200,dw01,1729,196,164,-140,128,102,2.89,42297
ground-height-0m-20260825-163632,d002m_r180_run01.csv,0,2,180,dw00;dw01;dw02;dw03;dw04;dw05;dw06;dw07;dw08,dw00;dw01;dw02;dw03;dw04;dw05;dw06;dw07;dw08,,55,1,2026-08-28T09:29:36.560+0200,dw02,8FB0,177,162,-98,162,0,3.21,52307
ground-height-0m-20260825-163632,d002m_r180_run01.csv,0,2,180,dw00;dw01;dw02;dw03;dw04;dw05;dw06;dw07;dw08,dw00;dw01;dw02;dw03;dw04;dw05;dw06;dw07;dw08,,145,1,2026-08-28T09:29:36.600+0200,dw07,5783,113,162,138,46,156,3.01,2147483
ground-height-0m-20260825-163632,d002m_r180_run01.csv,0,2,180,dw00;dw01;dw02;dw03;dw04;dw05;dw06;dw07;dw08,dw00;dw01;dw02;dw03;dw04;dw05;dw06;dw07;dw08,,75,1,2026-08-28T09:29:36.620+0200,dw03,021B,187,152,-37,-122,91,3.21,12268
ground-height-0m-20260825-163632,d002m_r180_run01.csv,0,2,180,dw00;dw01;dw02;dw03;dw04;dw05;dw06;dw07;dw08,dw00;dw01;dw02;dw03;dw04;dw05;dw06;dw07;dw08,,165,1,2026-08-28T09:29:36.629+0200,dw08,028E,71,163,168,77,144,3.45,22277
ground-height-0m-20260825-163632,d002m_r180_run01.csv,0,2,180,dw00;dw01;dw02;dw03;dw04;dw05;dw06;dw07;dw08,dw00;dw01;dw02;dw03;dw04;dw05;dw06;dw07;dw08,,90,1,2026-08-28T09:29:36.670+0200,dw04,0F85,105,165,-6,-101,131,1.99,62255
ground-height-0m-20260825-163632,d002m_r180_run01.csv,0,2,180,dw00;dw01;dw02;dw03;dw04;dw05;dw06;dw07;dw08,dw00;dw01;dw02;dw03;dw04;dw05;dw06;dw07;dw08,,105,1,2026-08-28T09:29:36.679+0200,dw05,4B92,11,166,54,-38,162,2.26,72265
ground-height-0m-20260825-163632,d002m_r180_run01.csv,0,2,180,dw00;dw01;dw02;dw03;dw04;dw05;dw06;dw07;dw08,dw00;dw01;dw02;dw03;dw04;dw05;dw06;dw07;dw08,,125,1,2026-08-28T09:29:36.690+0200,dw06,0789,128,159,94,2,159,1.93,82305
ground-height-0m-20260825-163632,d002m_r180_run01.csv,0,2,180,dw00;dw01;dw02;dw03;dw04;dw05;dw06;dw07;dw08,dw00;dw01;dw02;dw03;dw04;dw05;dw06;dw07;dw08,,15,1,2026-08-28T09:29:36.740+0200,dw00,8103,99,177,-155,122,128,3.57,32257
ground-height-0m-20260825-163632,d002m_r180_run01.csv,0,2,180,dw00;dw01;dw02;dw03;dw04;dw05;dw06;dw07;dw08,dw00;dw01;dw02;dw03;dw04;dw05;dw06;dw07;dw08,,35,1,2026-08-28T09:29:36.750+0200,dw01,1729,197,168,-139,132,103,2.89,42327
ground-height-0m-20260825-163632,d002m_r180_run01.csv,0,2,180,dw00;dw01;dw02;dw03;dw04;dw05;dw06;dw07;dw08,dw00;dw01;dw02;dw03;dw04;dw05;dw06;dw07;dw08,,55,1,2026-08-28T09:29:36.759+0200,dw02,8FB0,178,157,-105,156,14,3.06,52368
ground-height-0m-20260825-163632,d002m_r180_run01.csv,0,2,180,dw00;dw01;dw02;dw03;dw04;dw05;dw06;dw07;dw08,dw00;dw01;dw02;dw03;dw04;dw05;dw06;dw07;dw08,,145,1,2026-08-28T09:29:36.799+0200,dw07,5783,114,162,136,44,156,2.95,2147483
ground-height-0m-20260825-163632,d002m_r180_run01.csv,0,2,180,dw00;dw01;dw02;dw03;dw04;dw05;dw06;dw07;dw08,dw00;dw01;dw02;dw03;dw04;dw05;dw06;dw07;dw08,,75,1,2026-08-28T09:29:36.820+0200,dw03,021B,188,154,-45,-131,80,3.27,12298
ground-height-0m-20260825-163632,d002m_r180_run01.csv,0,2,180,dw00;dw01;dw02;dw03;dw04;dw05;dw06;dw07;dw08,dw00;dw01;dw02;dw03;dw04;dw05;dw06;dw07;dw08,,165,1,2026-08-28T09:29:36.830+0200,dw08,028E,72,168,162,73,151,3.45,22277
ground-height-0m-20260825-163632,d002m_r180_run01.csv,0,2,180,dw00;dw01;dw02;dw03;dw04;dw05;dw06;dw07;dw08,dw00;dw01;dw02;dw03;dw04;dw05;dw06;dw07;dw08,,90,1,2026-08-28T09:29:36.870+0200,dw04,0F85,106,166,-7,-101,131,1.99,62255
ground-height-0m-20260825-163632,d002m_r180_run01.csv,0,2,180,dw00;dw01;dw02;dw03;dw04;dw05;dw06;dw07;dw08,dw00;dw01;dw02;dw03;dw04;dw05;dw06;dw07;dw08,,105,1,2026-08-28T09:29:36.879+0200,dw05,4B92,12,164,48,-43,158,2.20,72235
ground-height-0m-20260825-163632,d002m_r180_run01.csv,0,2,180,dw00;dw01;dw02;dw03;dw04;dw05;dw06;dw07;dw08,dw00;dw01;dw02;dw03;dw04;dw05;dw06;dw07;dw08,,125,1,2026-08-28T09:29:36.889+0200,dw06,0789,129,156,108,16,155,1.99,82336
ground-height-0m-20260825-163632,d002m_r180_run01.csv,0,2,180,dw00;dw01;dw02;dw03;dw04;dw05;dw06;dw07;dw08,dw00;dw01;dw02;dw03;dw04;dw05;dw06;dw07;dw08,,15,1,2026-08-28T09:29:36.940+0200,dw00,8103,100,177,-159,118,132,3.51,32257
ground-height-0m-20260825-163632,d002m_r180_run01.csv,0,2,180,dw00;dw01;dw02;dw03;dw04;dw05;dw06;dw07;dw08,dw00;dw01;dw02;dw03;dw04;dw05;dw06;dw07;dw08,,35,1,2026-08-28T09:29:36.950+0200,dw01,1729,198,165,-139,130,101,2.95,42297
ground-height-0m-20260825-163632,d002m_r180_run01.csv,0,2,180,dw00;dw01;dw02;dw03;dw04;dw05;dw06;dw07;dw08,dw00;dw01;dw02;dw03;dw04;dw05;dw06;dw07;dw08,,55,1,2026-08-28T09:29:36.959+0200,dw02,8FB0,179,162,-101,162,0,3.21,52337
ground-height-0m-20260825-163632,d002m_r180_run01.csv,0,2,180,dw00;dw01;dw02;dw03;dw04;dw05;dw06;dw07;dw08,dw00;dw01;dw02;dw03;dw04;dw05;dw06;dw07;dw08,,145,1,2026-08-28T09:29:37.000+0200,dw07,5783,115,162,142,51,154,3.01,2147483
ground-height-0m-20260825-163632,d002m_r180_run01.csv,0,2,180,dw00;dw01;dw02;dw03;dw04;dw05;dw06;dw07;dw08,dw00;dw01;dw02;dw03;dw04;dw05;dw06;dw07;dw08,,75,1,2026-08-28T09:29:37.019+0200,dw03,021B,189,157,-38,-127,92,3.27,12237
ground-height-0m-20260825-163632,d002m_r180_run01.csv,0,2,180,dw00;dw01;dw02;dw03;dw04;dw05;dw06;dw07;dw08,dw00;dw01;dw02;dw03;dw04;dw05;dw06;dw07;dw08,,165,1,2026-08-28T09:29:37.030+0200,dw08,028E,73,167,165,75,149,3.45,22277
ground-height-0m-20260825-163632,d002m_r180_run01.csv,0,2,180,dw00;dw01;dw02;dw03;dw04;dw05;dw06;dw07;dw08,dw00;dw01;dw02;dw03;dw04;dw05;dw06;dw07;dw08,,90,1,2026-08-28T09:29:37.070+0200,dw04,0F85,107,165,1,-92,137,2.02,62316
ground-height-0m-20260825-163632,d002m_r180_run01.csv,0,2,180,dw00;dw01;dw02;dw03;dw04;dw05;dw06;dw07;dw08,dw00;dw01;dw02;dw03;dw04;dw05;dw06;dw07;dw08,,105,1,2026-08-28T09:29:37.080+0200,dw05,4B92,13,166,52,-40,161,2.26,72265
ground-height-0m-20260825-163632,d002m_r180_run01.csv,0,2,180,dw00;dw01;dw02;dw03;dw04;dw05;dw06;dw07;dw08,dw00;dw01;dw02;dw03;dw04;dw05;dw06;dw07;dw08,,125,1,2026-08-28T09:29:37.089+0200,dw06,0789,130,159,99,7,159,1.81,82305
ground-height-0m-20260825-163632,d002m_r180_run01.csv,0,2,180,dw00;dw01;dw02;dw03;dw04;dw05;dw06;dw07;dw08,dw00;dw01;dw02;dw03;dw04;dw05;dw06;dw07;dw08,,15,1,2026-08-28T09:29:37.139+0200,dw00,8103,101,174,-165,109,136,3.57,32287
ground-height-0m-20260825-163632,d002m_r180_run01.csv,0,2,180,dw00;dw01;dw02;dw03;dw04;dw05;dw06;dw07;dw08,dw00;dw01;dw02;dw03;dw04;dw05;dw06;dw07;dw08,,35,1,2026-08-28T09:29:37.150+0200,dw01,1729,199,160,-136,129,94,2.95,42327
ground-height-0m-20260825-163632,d002m_r180_run01.csv,0,2,180,dw00;dw01;dw02;dw03;dw04;dw05;dw06;dw07;dw08,dw00;dw01;dw02;dw03;dw04;dw05;dw06;dw07;dw08,,55,1,2026-08-28T09:29:37.160+0200,dw02,8FB0,180,163,-110,157,43,3.09,52337
ground-height-0m-20260825-163632,d002m_r180_run01.csv,0,2,180,dw00;dw01;dw02;dw03;dw04;dw05;dw06;dw07;dw08,dw00;dw01;dw02;dw03;dw04;dw05;dw06;dw07;dw08,,145,1,2026-08-28T09:29:37.200+0200,dw07,5783,116,165,134,42,159,2.95,2147483
ground-height-0m-20260825-163632,d002m_r180_run01.csv,0,2,180,dw00;dw01;dw02;dw03;dw04;dw05;dw06;dw07;dw08,dw00;dw01;dw02;dw03;dw04;dw05;dw06;dw07;dw08,,75,1,2026-08-28T09:29:37.219+0200,dw03,021B,190,157,-44,-133,83,3.27,12298
ground-height-0m-20260825-163632,d002m_r180_run01.csv,0,2,180,dw00;dw01;dw02;dw03;dw04;dw05;dw06;dw07;dw08,dw00;dw01;dw02;dw03;dw04;dw05;dw06;dw07;dw08,,165,1,2026-08-28T09:29:37.229+0200,dw08,028E,74,167,162,72,151,3.45,22277
ground-height-0m-20260825-163632,d002m_r180_run01.csv,0,2,180,dw00;dw01;dw02;dw03;dw04;dw05;dw06;dw07;dw08,dw00;dw01;dw02;dw03;dw04;dw05;dw06;dw07;dw08,,90,1,2026-08-28T09:29:37.269+0200,dw04,0F85,108,163,-7,-100,128,2.02,62225
ground-height-0m-20260825-163632,d002m_r180_run01.csv,0,2,180,dw00;dw01;dw02;dw03;dw04;dw05;dw06;dw07;dw08,dw00;dw01;dw02;dw03;dw04;dw05;dw06;dw07;dw08,,105,1,2026-08-28T09:29:37.280+0200,dw05,4B92,14,167,51,-42,162,2.20,72204
ground-height-0m-20260825-163632,d002m_r180_run01.csv,0,2,180,dw00;dw01;dw02;dw03;dw04;dw05;dw06;dw07;dw08,dw00;dw01;dw02;dw03;dw04;dw05;dw06;dw07;dw08,,125,1,2026-08-28T09:29:37.290+0200,dw06,0789,131,158,104,12,157,1.87,82305
ground-height-0m-20260825-163632,d002m_r180_run01.csv,0,2,180,dw00;dw01;dw02;dw03;dw04;dw05;dw06;dw07;dw08,dw00;dw01;dw02;dw03;dw04;dw05;dw06;dw07;dw08,,15,1,2026-08-28T09:29:37.339+0200,dw00,8103,102,178,-157,121,131,3.57,32257
ground-height-0m-20260825-163632,d002m_r180_run01.csv,0,2,180,dw00;dw01;dw02;dw03;dw04;dw05;dw06;dw07;dw08,dw00;dw01;dw02;dw03;dw04;dw05;dw06;dw07;dw08,,35,1,2026-08-28T09:29:37.349+0200,dw01,1729,200,165,-132,136,92,2.83,42327
ground-height-0m-20260825-163632,d002m_r180_run01.csv,0,2,180,dw00;dw01;dw02;dw03;dw04;dw05;dw06;dw07;dw08,dw00;dw01;dw02;dw03;dw04;dw05;dw06;dw07;dw08,,55,1,2026-08-28T09:29:37.359+0200,dw02,8FB0,181,162,-97,162,0,3.09,52307
ground-height-0m-20260825-163632,d002m_r180_run01.csv,0,2,180,dw00;dw01;dw02;dw03;dw04;dw05;dw06;dw07;dw08,dw00;dw01;dw02;dw03;dw04;dw05;dw06;dw07;dw08,,145,1,2026-08-28T09:29:37.400+0200,dw07,5783,117,161,136,44,155,2.95,2147483
ground-height-0m-20260825-163632,d002m_r180_run01.csv,0,2,180,dw00;dw01;dw02;dw03;dw04;dw05;dw06;dw07;dw08,dw00;dw01;dw02;dw03;dw04;dw05;dw06;dw07;dw08,,75,1,2026-08-28T09:29:37.419+0200,dw03,021B,191,156,-37,-125,93,3.21,12268
ground-height-0m-20260825-163632,d002m_r180_run01.csv,0,2,180,dw00;dw01;dw02;dw03;dw04;dw05;dw06;dw07;dw08,dw00;dw01;dw02;dw03;dw04;dw05;dw06;dw07;dw08,,165,1,2026-08-28T09:29:37.429+0200,dw08,028E,75,166,167,77,147,3.45,22277
ground-height-0m-20260825-163632,d002m_r180_run01.csv,0,2,180,dw00;dw01;dw02;dw03;dw04;dw05;dw06;dw07;dw08,dw00;dw01;dw02;dw03;dw04;dw05;dw06;dw07;dw08,,90,1,2026-08-28T09:29:37.469+0200,dw04,0F85,109,164,-5,-98,130,2.02,62286
ground-height-0m-20260825-163632,d002m_r180_run01.csv,0,2,180,dw00;dw01;dw02;dw03;dw04;dw05;dw06;dw07;dw08,dw00;dw01;dw02;dw03;dw04;dw05;dw06;dw07;dw08,,105,1,2026-08-28T09:29:37.479+0200,dw05,4B92,15,165,48,-44,159,2.32,72296
ground-height-0m-20260825-163632,d002m_r180_run01.csv,0,2,180,dw00;dw01;dw02;dw03;dw04;dw05;dw06;dw07;dw08,dw00;dw01;dw02;dw03;dw04;dw05;dw06;dw07;dw08,,125,1,2026-08-28T09:29:37.490+0200,dw06,0789,132,156,100,7,155,1.93,82305
ground-height-0m-20260825-163632,d002m_r180_run01.csv,0,2,180,dw00;dw01;dw02;dw03;dw04;dw05;dw06;dw07;dw08,dw00;dw01;dw02;dw03;dw04;dw05;dw06;dw07;dw08,,15,1,2026-08-28T09:29:37.540+0200,dw00,8103,103,177,-158,118,131,3.51,32257
ground-height-0m-20260825-163632,d002m_r180_run01.csv,0,2,180,dw00;dw01;dw02;dw03;dw04;dw05;dw06;dw07;dw08,dw00;dw01;dw02;dw03;dw04;dw05;dw06;dw07;dw08,,35,1,2026-08-28T09:29:37.549+0200,dw01,1729,201,166,-133,137,94,2.95,42327
ground-height-0m-20260825-163632,d002m_r180_run01.csv,0,2,180,dw00;dw01;dw02;dw03;dw04;dw05;dw06;dw07;dw08,dw00;dw01;dw02;dw03;dw04;dw05;dw06;dw07;dw08,,55,1,2026-08-28T09:29:37.559+0200,dw02,8FB0,182,162,-100,162,0,3.06,52307
ground-height-0m-20260825-163632,d002m_r180_run01.csv,0,2,180,dw00;dw01;dw02;dw03;dw04;dw05;dw06;dw07;dw08,dw00;dw01;dw02;dw03;dw04;dw05;dw06;dw07;dw08,,145,1,2026-08-28T09:29:37.599+0200,dw07,5783,118,161,140,48,153,2.95,2147483
ground-height-0m-20260825-163632,d002m_r180_run01.csv,0,2,180,dw00;dw01;dw02;dw03;dw04;dw05;dw06;dw07;dw08,dw00;dw01;dw02;dw03;dw04;dw05;dw06;dw07;dw08,,75,1,2026-08-28T09:29:37.620+0200,dw03,021B,192,153,-43,-128,83,3.27,12237
ground-height-0m-20260825-163632,d002m_r180_run01.csv,0,2,180,dw00;dw01;dw02;dw03;dw04;dw05;dw06;dw07;dw08,dw00;dw01;dw02;dw03;dw04;dw05;dw06;dw07;dw08,,165,1,2026-08-28T09:29:37.629+0200,dw08,028E,76,165,161,70,149,3.33,22277
ground-height-0m-20260825-163632,d002m_r180_run01.csv,0,2,180,dw00;dw01;dw02;dw03;dw04;dw05;dw06;dw07;dw08,dw00;dw01;dw02;dw03;dw04;dw05;dw06;dw07;dw08,,90,1,2026-08-28T09:29:37.669+0200,dw04,0F85,110,164,-6,-100,130,2.02,62255
ground-height-0m-20260825-163632,d002m_r180_run01.csv,0,2,180,dw00;dw01;dw02;dw03;dw04;dw05;dw06;dw07;dw08,dw00;dw01;dw02;dw03;dw04;dw05;dw06;dw07;dw08,,105,1,2026-08-28T09:29:37.679+0200,dw05,4B92,16,164,49,-43,158,2.26,72265
ground-height-0m-20260825-163632,d002m_r180_run01.csv,0,2,180,dw00;dw01;dw02;dw03;dw04;dw05;dw06;dw07;dw08,dw00;dw01;dw02;dw03;dw04;dw05;dw06;dw07;dw08,,125,1,2026-08-28T09:29:37.689+0200,dw06,0789,133,161,106,14,160,1.87,82305
ground-height-0m-20260825-163632,d002m_r180_run01.csv,0,2,180,dw00;dw01;dw02;dw03;dw04;dw05;dw06;dw07;dw08,dw00;dw01;dw02;dw03;dw04;dw05;dw06;dw07;dw08,,15,1,2026-08-28T09:29:37.740+0200,dw00,8103,104,175,-162,113,133,3.57,32287
ground-height-0m-20260825-163632,d002m_r180_run01.csv,0,2,180,dw00;dw01;dw02;dw03;dw04;dw05;dw06;dw07;dw08,dw00;dw01;dw02;dw03;dw04;dw05;dw06;dw07;dw08,,35,1,2026-08-28T09:29:37.749+0200,dw01,1729,202,166,-140,129,104,3.01,42327
ground-height-0m-20260825-163632,d002m_r180_run01.csv,0,2,180,dw00;dw01;dw02;dw03;dw04;dw05;dw06;dw07;dw08,dw00;dw01;dw02;dw03;dw04;dw05;dw06;dw07;dw08,,55,1,2026-08-28T09:29:37.759+0200,dw02,8FB0,183,162,-97,162,0,3.09,52307
ground-height-0m-20260825-163632,d002m_r180_run01.csv,0,2,180,dw00;dw01;dw02;dw03;dw04;dw05;dw06;dw07;dw08,dw00;dw01;dw02;dw03;dw04;dw05;dw06;dw07;dw08,,145,1,2026-08-28T09:29:37.799+0200,dw07,5783,119,162,138,46,155,2.95,2147483
ground-height-0m-20260825-163632,d002m_r180_run01.csv,0,2,180,dw00;dw01;dw02;dw03;dw04;dw05;dw06;dw07;dw08,dw00;dw01;dw02;dw03;dw04;dw05;dw06;dw07;dw08,,75,1,2026-08-28T09:29:37.819+0200,dw03,021B,193,154,-46,-132,80,3.27,12298
ground-height-0m-20260825-163632,d002m_r180_run01.csv,0,2,180,dw00;dw01;dw02;dw03;dw04;dw05;dw06;dw07;dw08,dw00;dw01;dw02;dw03;dw04;dw05;dw06;dw07;dw08,,165,1,2026-08-28T09:29:37.830+0200,dw08,028E,77,170,169,81,150,3.39,22308
ground-height-0m-20260825-163632,d002m_r180_run01.csv,0,2,180,dw00;dw01;dw02;dw03;dw04;dw05;dw06;dw07;dw08,dw00;dw01;dw02;dw03;dw04;dw05;dw06;dw07;dw08,,90,1,2026-08-28T09:29:37.870+0200,dw04,0F85,111,162,0,-91,134,1.99,62286
ground-height-0m-20260825-163632,d002m_r180_run01.csv,0,2,180,dw00;dw01;dw02;dw03;dw04;dw05;dw06;dw07;dw08,dw00;dw01;dw02;dw03;dw04;dw05;dw06;dw07;dw08,,105,1,2026-08-28T09:29:37.879+0200,dw05,4B92,17,167,51,-41,162,2.26,72235
ground-height-0m-20260825-163632,d002m_r180_run01.csv,0,2,180,dw00;dw01;dw02;dw03;dw04;dw05;dw06;dw07;dw08,dw00;dw01;dw02;dw03;dw04;dw05;dw06;dw07;dw08,,125,1,2026-08-28T09:29:37.889+0200,dw06,0789,134,161,109,17,160,1.87,82305
ground-height-0m-20260825-163632,d002m_r180_run01.csv,0,2,180,dw00;dw01;dw02;dw03;dw04;dw05;dw06;dw07;dw08,dw00;dw01;dw02;dw03;dw04;dw05;dw06;dw07;dw08,,15,1,2026-08-28T09:29:37.939+0200,dw00,8103,105,178,-160,118,133,3.45,32287
ground-height-0m-20260825-163632,d002m_r180_run01.csv,0,2,180,dw00;dw01;dw02;dw03;dw04;dw05;dw06;dw07;dw08,dw00;dw01;dw02;dw03;dw04;dw05;dw06;dw07;dw08,,35,1,2026-08-28T09:29:37.950+0200,dw01,1729,203,159,-138,127,96,2.89,42327
ground-height-0m-20260825-163632,d002m_r180_run01.csv,0,2,180,dw00;dw01;dw02;dw03;dw04;dw05;dw06;dw07;dw08,dw00;dw01;dw02;dw03;dw04;dw05;dw06;dw07;dw08,,55,1,2026-08-28T09:29:37.959+0200,dw02,8FB0,184,163,-92,163,0,3.15,52398
ground-height-0m-20260825-163632,d002m_r180_run01.csv,0,2,180,dw00;dw01;dw02;dw03;dw04;dw05;dw06;dw07;dw08,dw00;dw01;dw02;dw03;dw04;dw05;dw06;dw07;dw08,,145,1,2026-08-28T09:29:37.999+0200,dw07,5783,120,163,143,51,154,3.01,2147483
ground-height-0m-20260825-163632,d002m_r180_run01.csv,0,2,180,dw00;dw01;dw02;dw03;dw04;dw05;dw06;dw07;dw08,dw00;dw01;dw02;dw03;dw04;dw05;dw06;dw07;dw08,,75,1,2026-08-28T09:29:38.019+0200,dw03,021B,194,154,-38,-124,91,3.27,12268
ground-height-0m-20260825-163632,d002m_r180_run01.csv,0,2,180,dw00;dw01;dw02;dw03;dw04;dw05;dw06;dw07;dw08,dw00;dw01;dw02;dw03;dw04;dw05;dw06;dw07;dw08,,165,1,2026-08-28T09:29:38.029+0200,dw08,028E,78,169,159,70,153,3.51,22277
ground-height-0m-20260825-163632,d002m_r180_run01.csv,0,2,180,dw00;dw01;dw02;dw03;dw04;dw05;dw06;dw07;dw08,dw00;dw01;dw02;dw03;dw04;dw05;dw06;dw07;dw08,,90,1,2026-08-28T09:29:38.069+0200,dw04,0F85,112,164,0,-92,136,2.08,62225
ground-height-0m-20260825-163632,d002m_r180_run01.csv,0,2,180,dw00;dw01;dw02;dw03;dw04;dw05;dw06;dw07;dw08,dw00;dw01;dw02;dw03;dw04;dw05;dw06;dw07;dw08,,105,1,2026-08-28T09:29:38.079+0200,dw05,4B92,18,166,46,-46,159,2.20,72235
ground-height-0m-20260825-163632,d002m_r180_run01.csv,0,2,180,dw00;dw01;dw02;dw03;dw04;dw05;dw06;dw07;dw08,dw00;dw01;dw02;dw03;dw04;dw05;dw06;dw07;dw08,,125,1,2026-08-28T09:29:38.089+0200,dw06,0789,135,158,98,6,158,1.81,82305
ground-height-0m-20260825-163632,d002m_r180_run01.csv,0,2,180,dw00;dw01;dw02;dw03;dw04;dw05;dw06;dw07;dw08,dw00;dw01;dw02;dw03;dw04;dw05;dw06;dw07;dw08,,15,1,2026-08-28T09:29:38.139+0200,dw00,8103,106,178,-156,121,130,3.45,32226
ground-height-0m-20260825-163632,d002m_r180_run01.csv,0,2,180,dw00;dw01;dw02;dw03;dw04;dw05;dw06;dw07;dw08,dw00;dw01;dw02;dw03;dw04;dw05;dw06;dw07;dw08,,35,1,2026-08-28T09:29:38.149+0200,dw01,1729,204,166,-136,134,98,2.89,42327
ground-height-0m-20260825-163632,d002m_r180_run01.csv,0,2,180,dw00;dw01;dw02;dw03;dw04;dw05;dw06;dw07;dw08,dw00;dw01;dw02;dw03;dw04;dw05;dw06;dw07;dw08,,55,1,2026-08-28T09:29:38.160+0200,dw02,8FB0,185,161,-105,161,12,3.09,52307
ground-height-0m-20260825-163632,d002m_r180_run01.csv,0,2,180,dw00;dw01;dw02;dw03;dw04;dw05;dw06;dw07;dw08,dw00;dw01;dw02;dw03;dw04;dw05;dw06;dw07;dw08,,145,1,2026-08-28T09:29:38.200+0200,dw07,5783,121,165,138,46,158,2.95,2147483
ground-height-0m-20260825-163632,d002m_r180_run01.csv,0,2,180,dw00;dw01;dw02;dw03;dw04;dw05;dw06;dw07;dw08,dw00;dw01;dw02;dw03;dw04;dw05;dw06;dw07;dw08,,75,1,2026-08-28T09:29:38.219+0200,dw03,021B,195,156,-35,-123,96,3.33,12268
ground-height-0m-20260825-163632,d002m_r180_run01.csv,0,2,180,dw00;dw01;dw02;dw03;dw04;dw05;dw06;dw07;dw08,dw00;dw01;dw02;dw03;dw04;dw05;dw06;dw07;dw08,,165,1,2026-08-28T09:29:38.229+0200,dw08,028E,79,167,166,76,148,3.45,22277
ground-height-0m-20260825-163632,d002m_r180_run01.csv,0,2,180,dw00;dw01;dw02;dw03;dw04;dw05;dw06;dw07;dw08,dw00;dw01;dw02;dw03;dw04;dw05;dw06;dw07;dw08,,90,1,2026-08-28T09:29:38.269+0200,dw04,0F85,113,164,-7,-100,129,1.93,62255
ground-height-0m-20260825-163632,d002m_r180_run01.csv,0,2,180,dw00;dw01;dw02;dw03;dw04;dw05;dw06;dw07;dw08,dw00;dw01;dw02;dw03;dw04;dw05;dw06;dw07;dw08,,105,1,2026-08-28T09:29:38.279+0200,dw05,4B92,19,166,43,-49,158,2.26,72235
ground-height-0m-20260825-163632,d002m_r180_run01.csv,0,2,180,dw00;dw01;dw02;dw03;dw04;dw05;dw06;dw07;dw08,dw00;dw01;dw02;dw03;dw04;dw05;dw06;dw07;dw08,,125,1,2026-08-28T09:29:38.289+0200,dw06,0789,136,154,104,11,153,1.93,82305
ground-height-0m-20260825-163632,d002m_r180_run01.csv,0,2,180,dw00;dw01;dw02;dw03;dw04;dw05;dw06;dw07;dw08,dw00;dw01;dw02;dw03;dw04;dw05;dw06;dw07;dw08,,15,1,2026-08-28T09:29:38.339+0200,dw00,8103,107,176,-154,123,126,3.45,32287
ground-height-0m-20260825-163632,d002m_r180_run01.csv,0,2,180,dw00;dw01;dw02;dw03;dw04;dw05;dw06;dw07;dw08,dw00;dw01;dw02;dw03;dw04;dw05;dw06;dw07;dw08,,35,1,2026-08-28T09:29:38.349+0200,dw01,1729,205,166,-135,135,97,3.01,42327
ground-height-0m-20260825-163632,d002m_r180_run01.csv,0,2,180,dw00;dw01;dw02;dw03;dw04;dw05;dw06;dw07;dw08,dw00;dw01;dw02;dw03;dw04;dw05;dw06;dw07;dw08,,55,1,2026-08-28T09:29:38.359+0200,dw02,8FB0,186,166,-97,165,0,3.15,52307
ground-height-0m-20260825-163632,d002m_r180_run01.csv,0,2,180,dw00;dw01;dw02;dw03;dw04;dw05;dw06;dw07;dw08,dw00;dw01;dw02;dw03;dw04;dw05;dw06;dw07;dw08,,145,1,2026-08-28T09:29:38.399+0200,dw07,5783,122,163,141,50,155,2.89,2147483
ground-height-0m-20260825-163632,d002m_r180_run01.csv,0,2,180,dw00;dw01;dw02;dw03;dw04;dw05;dw06;dw07;dw08,dw00;dw01;dw02;dw03;dw04;dw05;dw06;dw07;dw08,,75,1,2026-08-28T09:29:38.419+0200,dw03,021B,196,151,-39,-122,87,3.27,12298
ground-height-0m-20260825-163632,d002m_r180_run01.csv,0,2,180,dw00;dw01;dw02;dw03;dw04;dw05;dw06;dw07;dw08,dw00;dw01;dw02;dw03;dw04;dw05;dw06;dw07;dw08,,165,1,2026-08-28T09:29:38.429+0200,dw08,028E,80,167,163,73,150,3.45,22277
ground-height-0m-20260825-163632,d002m_r180_run01.csv,0,2,180,dw00;dw01;dw02;dw03;dw04;dw05;dw06;dw07;dw08,dw00;dw01;dw02;dw03;dw04;dw05;dw06;dw07;dw08,,90,1,2026-08-28T09:29:38.469+0200,dw04,0F85,114,165,-8,-102,129,1.99,62225
ground-height-0m-20260825-163632,d002m_r180_run01.csv,0,2,180,dw00;dw01;dw02;dw03;dw04;dw05;dw06;dw07;dw08,dw00;dw01;dw02;dw03;dw04;dw05;dw06;dw07;dw08,,105,1,2026-08-28T09:29:38.479+0200,dw05,4B92,20,166,54,-38,161,2.26,72265
ground-height-0m-20260825-163632,d002m_r180_run01.csv,0,2,180,dw00;dw01;dw02;dw03;dw04;dw05;dw06;dw07;dw08,dw00;dw01;dw02;dw03;dw04;dw05;dw06;dw07;dw08,,125,1,2026-08-28T09:29:38.489+0200,dw06,0789,137,156,93,1,156,1.81,82305
ground-height-0m-20260825-163632,d002m_r180_run01.csv,0,2,180,dw00;dw01;dw02;dw03;dw04;dw05;dw06;dw07;dw08,dw00;dw01;dw02;dw03;dw04;dw05;dw06;dw07;dw08,,15,1,2026-08-28T09:29:38.539+0200,dw00,8103,108,179,-157,122,131,3.57,32257
ground-height-0m-20260825-163632,d002m_r180_run01.csv,0,2,180,dw00;dw01;dw02;dw03;dw04;dw05;dw06;dw07;dw08,dw00;dw01;dw02;dw03;dw04;dw05;dw06;dw07;dw08,,35,1,2026-08-28T09:29:38.549+0200,dw01,1729,206,166,-136,134,98,3.01,42327
ground-height-0m-20260825-163632,d002m_r180_run01.csv,0,2,180,dw00;dw01;dw02;dw03;dw04;dw05;dw06;dw07;dw08,dw00;dw01;dw02;dw03;dw04;dw05;dw06;dw07;dw08,,55,1,2026-08-28T09:29:38.559+0200,dw02,8FB0,187,165,-96,165,0,3.12,52337
ground-height-0m-20260825-163632,d002m_r180_run01.csv,0,2,180,dw00;dw01;dw02;dw03;dw04;dw05;dw06;dw07;dw08,dw00;dw01;dw02;dw03;dw04;dw05;dw06;dw07;dw08,,145,1,2026-08-28T09:29:38.599+0200,dw07,5783,123,163,138,46,156,3.06,2147483
ground-height-0m-20260825-163632,d002m_r180_run01.csv,0,2,180,dw00;dw01;dw02;dw03;dw04;dw05;dw06;dw07;dw08,dw00;dw01;dw02;dw03;dw04;dw05;dw06;dw07;dw08,,75,1,2026-08-28T09:29:38.618+0200,dw03,021B,197,151,-40,-123,86,3.15,12237
ground-height-0m-20260825-163632,d002m_r180_run01.csv,0,2,180,dw00;dw01;dw02;dw03;dw04;dw05;dw06;dw07;dw08,dw00;dw01;dw02;dw03;dw04;dw05;dw06;dw07;dw08,,165,1,2026-08-28T09:29:38.629+0200,dw08,028E,81,168,163,73,151,3.45,22277
ground-height-0m-20260825-163632,d002m_r180_run01.csv,0,2,180,dw00;dw01;dw02;dw03;dw04;dw05;dw06;dw07;dw08,dw00;dw01;dw02;dw03;dw04;dw05;dw06;dw07;dw08,,90,1,2026-08-28T09:29:38.669+0200,dw04,0F85,115,163,-2,-95,132,2.08,62286
ground-height-0m-20260825-163632,d002m_r180_run01.csv,0,2,180,dw00;dw01;dw02;dw03;dw04;dw05;dw06;dw07;dw08,dw00;dw01;dw02;dw03;dw04;dw05;dw06;dw07;dw08,,105,1,2026-08-28T09:29:38.679+0200,dw05,4B92,21,167,47,-45,161,2.32,72235
ground-height-0m-20260825-163632,d002m_r180_run01.csv,0,2,180,dw00;dw01;dw02;dw03;dw04;dw05;dw06;dw07;dw08,dw00;dw01;dw02;dw03;dw04;dw05;dw06;dw07;dw08,,125,1,2026-08-28T09:29:38.689+0200,dw06,0789,138,158,105,13,158,1.81,82305
ground-height-0m-20260825-163632,d002m_r180_run01.csv,0,2,180,dw00;dw01;dw02;dw03;dw04;dw05;dw06;dw07;dw08,dw00;dw01;dw02;dw03;dw04;dw05;dw06;dw07;dw08,,15,1,2026-08-28T09:29:38.739+0200,dw00,8103,109,180,-155,124,130,3.57,32257
ground-height-0m-20260825-163632,d002m_r180_run01.csv,0,2,180,dw00;dw01;dw02;dw03;dw04;dw05;dw06;dw07;dw08,dw00;dw01;dw02;dw03;dw04;dw05;dw06;dw07;dw08,,35,1,2026-08-28T09:29:38.749+0200,dw01,1729,207,162,-138,129,98,2.95,42327
ground-height-0m-20260825-163632,d002m_r180_run01.csv,0,2,180,dw00;dw01;dw02;dw03;dw04;dw05;dw06;dw07;dw08,dw00;dw01;dw02;dw03;dw04;dw05;dw06;dw07;dw08,,55,1,2026-08-28T09:29:38.759+0200,dw02,8FB0,188,163,-102,163,0,3.09,52368
ground-height-0m-20260825-163632,d002m_r180_run01.csv,0,2,180,dw00;dw01;dw02;dw03;dw04;dw05;dw06;dw07;dw08,dw00;dw01;dw02;dw03;dw04;dw05;dw06;dw07;dw08,,145,1,2026-08-28T09:29:38.799+0200,dw07,5783,124,164,135,44,158,2.89,2147483
ground-height-0m-20260825-163632,d002m_r180_run01.csv,0,2,180,dw00;dw01;dw02;dw03;dw04;dw05;dw06;dw07;dw08,dw00;dw01;dw02;dw03;dw04;dw05;dw06;dw07;dw08,,75,1,2026-08-28T09:29:38.819+0200,dw03,021B,198,155,-39,-126,89,3.15,12268
ground-height-0m-20260825-163632,d002m_r180_run01.csv,0,2,180,dw00;dw01;dw02;dw03;dw04;dw05;dw06;dw07;dw08,dw00;dw01;dw02;dw03;dw04;dw05;dw06;dw07;dw08,,165,1,2026-08-28T09:29:38.828+0200,dw08,028E,82,168,168,79,148,3.33,22277
ground-height-0m-20260825-163632,d002m_r180_run01.csv,0,2,180,dw00;dw01;dw02;dw03;dw04;dw05;dw06;dw07;dw08,dw00;dw01;dw02;dw03;dw04;dw05;dw06;dw07;dw08,,90,1,2026-08-28T09:29:38.868+0200,dw04,0F85,116,164,-1,-94,133,1.93,62225
ground-height-0m-20260825-163632,d002m_r180_run01.csv,0,2,180,dw00;dw01;dw02;dw03;dw04;dw05;dw06;dw07;dw08,dw00;dw01;dw02;dw03;dw04;dw05;dw06;dw07;dw08,,105,1,2026-08-28T09:29:38.879+0200,dw05,4B92,22,164,51,-41,158,2.14,72235
ground-height-0m-20260825-163632,d002m_r180_run01.csv,0,2,180,dw00;dw01;dw02;dw03;dw04;dw05;dw06;dw07;dw08,dw00;dw01;dw02;dw03;dw04;dw05;dw06;dw07;dw08,,125,1,2026-08-28T09:29:38.889+0200,dw06,0789,139,160,103,11,160,1.87,82366
ground-height-0m-20260825-163632,d002m_r180_run01.csv,0,2,180,dw00;dw01;dw02;dw03;dw04;dw05;dw06;dw07;dw08,dw00;dw01;dw02;dw03;dw04;dw05;dw06;dw07;dw08,,15,1,2026-08-28T09:29:38.939+0200,dw00,8103,110,177,-157,120,130,3.51,32287
ground-height-0m-20260825-163632,d002m_r180_run01.csv,0,2,180,dw00;dw01;dw02;dw03;dw04;dw05;dw06;dw07;dw08,dw00;dw01;dw02;dw03;dw04;dw05;dw06;dw07;dw08,,35,1,2026-08-28T09:29:38.949+0200,dw01,1729,208,166,-135,134,97,2.83,42327
ground-height-0m-20260825-163632,d002m_r180_run01.csv,0,2,180,dw00;dw01;dw02;dw03;dw04;dw05;dw06;dw07;dw08,dw00;dw01;dw02;dw03;dw04;dw05;dw06;dw07;dw08,,55,1,2026-08-28T09:29:38.959+0200,dw02,8FB0,189,166,-97,166,0,3.09,52307
ground-height-0m-20260825-163632,d002m_r180_run01.csv,0,2,180,dw00;dw01;dw02;dw03;dw04;dw05;dw06;dw07;dw08,dw00;dw01;dw02;dw03;dw04;dw05;dw06;dw07;dw08,,145,1,2026-08-28T09:29:38.999+0200,dw07,5783,125,162,141,49,154,2.83,2147483
ground-height-0m-20260825-163632,d002m_r180_run01.csv,0,2,180,dw00;dw01;dw02;dw03;dw04;dw05;dw06;dw07;dw08,dw00;dw01;dw02;dw03;dw04;dw05;dw06;dw07;dw08,,75,1,2026-08-28T09:29:39.019+0200,dw03,021B,199,156,-43,-131,84,3.21,12268
ground-height-0m-20260825-163632,d002m_r180_run01.csv,0,2,180,dw00;dw01;dw02;dw03;dw04;dw05;dw06;dw07;dw08,dw00;dw01;dw02;dw03;dw04;dw05;dw06;dw07;dw08,,165,1,2026-08-28T09:29:39.029+0200,dw08,028E,83,166,165,75,148,3.51,22308
ground-height-0m-20260825-163632,d002m_r180_run01.csv,0,2,180,dw00;dw01;dw02;dw03;dw04;dw05;dw06;dw07;dw08,dw00;dw01;dw02;dw03;dw04;dw05;dw06;dw07;dw08,,90,1,2026-08-28T09:29:39.069+0200,dw04,0F85,117,166,-3,-97,134,2.08,62286
ground-height-0m-20260825-163632,d002m_r180_run01.csv,0,2,180,dw00;dw01;dw02;dw03;dw04;dw05;dw06;dw07;dw08,dw00;dw01;dw02;dw03;dw04;dw05;dw06;dw07;dw08,,105,1,2026-08-28T09:29:39.078+0200,dw05,4B92,23,160,52,-38,156,2.20,72235
ground-height-0m-20260825-163632,d002m_r180_run01.csv,0,2,180,dw00;dw01;dw02;dw03;dw04;dw05;dw06;dw07;dw08,dw00;dw01;dw02;dw03;dw04;dw05;dw06;dw07;dw08,,125,1,2026-08-28T09:29:39.089+0200,dw06,0789,140,158,105,13,157,1.87,82336
ground-height-0m-20260825-163632,d002m_r180_run01.csv,0,2,180,dw00;dw01;dw02;dw03;dw04;dw05;dw06;dw07;dw08,dw00;dw01;dw02;dw03;dw04;dw05;dw06;dw07;dw08,,15,1,2026-08-28T09:29:39.139+0200,dw00,8103,111,179,-148,131,122,3.57,32287
ground-height-0m-20260825-163632,d002m_r180_run01.csv,0,2,180,dw00;dw01;dw02;dw03;dw04;dw05;dw06;dw07;dw08,dw00;dw01;dw02;dw03;dw04;dw05;dw06;dw07;dw08,,35,1,2026-08-28T09:29:39.149+0200,dw01,1729,209,166,-140,130,104,2.89,42327
ground-height-0m-20260825-163632,d002m_r180_run01.csv,0,2,180,dw00;dw01;dw02;dw03;dw04;dw05;dw06;dw07;dw08,dw00;dw01;dw02;dw03;dw04;dw05;dw06;dw07;dw08,,55,1,2026-08-28T09:29:39.158+0200,dw02,8FB0,190,161,-99,161,0,3.06,52368
ground-height-0m-20260825-163632,d002m_r180_run01.csv,0,2,180,dw00;dw01;dw02;dw03;dw04;dw05;dw06;dw07;dw08,dw00;dw01;dw02;dw03;dw04;dw05;dw06;dw07;dw08,,145,1,2026-08-28T09:29:39.198+0200,dw07,5783,126,162,138,46,155,2.95,2147483
ground-height-0m-20260825-163632,d002m_r180_run01.csv,0,2,180,dw00;dw01;dw02;dw03;dw04;dw05;dw06;dw07;dw08,dw00;dw01;dw02;dw03;dw04;dw05;dw06;dw07;dw08,,75,1,2026-08-28T09:29:39.219+0200,dw03,021B,200,155,-39,-125,90,3.33,12298
ground-height-0m-20260825-163632,d002m_r180_run01.csv,0,2,180,dw00;dw01;dw02;dw03;dw04;dw05;dw06;dw07;dw08,dw00;dw01;dw02;dw03;dw04;dw05;dw06;dw07;dw08,,165,1,2026-08-28T09:29:39.229+0200,dw08,028E,84,166,166,76,148,3.45,22277
ground-height-0m-20260825-163632,d002m_r180_run01.csv,0,2,180,dw00;dw01;dw02;dw03;dw04;dw05;dw06;dw07;dw08,dw00;dw01;dw02;dw03;dw04;dw05;dw06;dw07;dw08,,90,1,2026-08-28T09:29:39.269+0200,dw04,0F85,118,166,-3,-98,134,1.99,62255
ground-height-0m-20260825-163632,d002m_r180_run01.csv,0,2,180,dw00;dw01;dw02;dw03;dw04;dw05;dw06;dw07;dw08,dw00;dw01;dw02;dw03;dw04;dw05;dw06;dw07;dw08,,105,1,2026-08-28T09:29:39.279+0200,dw05,4B92,24,165,48,-44,159,2.20,72296
ground-height-0m-20260825-163632,d002m_r180_run01.csv,0,2,180,dw00;dw01;dw02;dw03;dw04;dw05;dw06;dw07;dw08,dw00;dw01;dw02;dw03;dw04;dw05;dw06;dw07;dw08,,125,1,2026-08-28T09:29:39.288+0200,dw06,0789,141,158,103,11,158,1.75,82305
ground-height-0m-20260825-163632,d002m_r180_run01.csv,0,2,180,dw00;dw01;dw02;dw03;dw04;dw05;dw06;dw07;dw08,dw00;dw01;dw02;dw03;dw04;dw05;dw06;dw07;dw08,,15,1,2026-08-28T09:29:39.339+0200,dw00,8103,112,173,-162,112,132,3.69,32257
ground-height-0m-20260825-163632,d002m_r180_run01.csv,0,2,180,dw00;dw01;dw02;dw03;dw04;dw05;dw06;dw07;dw08,dw00;dw01;dw02;dw03;dw04;dw05;dw06;dw07;dw08,,35,1,2026-08-28T09:29:39.349+0200,dw01,1729,210,166,-130,140,90,2.89,42327
ground-height-0m-20260825-163632,d002m_r180_run01.csv,0,2,180,dw00;dw01;dw02;dw03;dw04;dw05;dw06;dw07;dw08,dw00;dw01;dw02;dw03;dw04;dw05;dw06;dw07;dw08,,55,1,2026-08-28T09:29:39.359+0200,dw02,8FB0,191,158,-104,158,0,3.06,52398
ground-height-0m-20260825-163632,d002m_r180_run01.csv,0,2,180,dw00;dw01;dw02;dw03;dw04;dw05;dw06;dw07;dw08,dw00;dw01;dw02;dw03;dw04;dw05;dw06;dw07;dw08,,145,1,2026-08-28T09:29:39.399+0200,dw07,5783,127,166,131,40,161,3.01,2147483
ground-height-0m-20260825-163632,d002m_r180_run01.csv,0,2,180,dw00;dw01;dw02;dw03;dw04;dw05;dw06;dw07;dw08,dw00;dw01;dw02;dw03;dw04;dw05;dw06;dw07;dw08,,75,1,2026-08-28T09:29:39.418+0200,dw03,021B,201,158,-46,-135,81,3.27,12268
ground-height-0m-20260825-163632,d002m_r180_run01.csv,0,2,180,dw00;dw01;dw02;dw03;dw04;dw05;dw06;dw07;dw08,dw00;dw01;dw02;dw03;dw04;dw05;dw06;dw07;dw08,,165,1,2026-08-28T09:29:39.429+0200,dw08,028E,85,168,165,76,150,3.33,22277
ground-height-0m-20260825-163632,d002m_r180_run01.csv,0,2,180,dw00;dw01;dw02;dw03;dw04;dw05;dw06;dw07;dw08,dw00;dw01;dw02;dw03;dw04;dw05;dw06;dw07;dw08,,90,1,2026-08-28T09:29:39.469+0200,dw04,0F85,119,163,0,-93,134,2.08,62286
ground-height-0m-20260825-163632,d002m_r180_run01.csv,0,2,180,dw00;dw01;dw02;dw03;dw04;dw05;dw06;dw07;dw08,dw00;dw01;dw02;dw03;dw04;dw05;dw06;dw07;dw08,,105,1,2026-08-28T09:29:39.479+0200,dw05,4B92,25,166,46,-47,159,2.26,72235
ground-height-0m-20260825-163632,d002m_r180_run01.csv,0,2,180,dw00;dw01;dw02;dw03;dw04;dw05;dw06;dw07;dw08,dw00;dw01;dw02;dw03;dw04;dw05;dw06;dw07;dw08,,125,1,2026-08-28T09:29:39.489+0200,dw06,0789,142,158,98,6,158,1.99,82305
ground-height-0m-20260825-163632,d002m_r180_run01.csv,0,2,180,dw00;dw01;dw02;dw03;dw04;dw05;dw06;dw07;dw08,dw00;dw01;dw02;dw03;dw04;dw05;dw06;dw07;dw08,,15,1,2026-08-28T09:29:39.538+0200,dw00,8103,113,174,-162,113,132,3.57,32257
ground-height-0m-20260825-163632,d002m_r180_run01.csv,0,2,180,dw00;dw01;dw02;dw03;dw04;dw05;dw06;dw07;dw08,dw00;dw01;dw02;dw03;dw04;dw05;dw06;dw07;dw08,,35,1,2026-08-28T09:29:39.549+0200,dw01,1729,211,164,-138,130,99,2.89,42327
ground-height-0m-20260825-163632,d002m_r180_run01.csv,0,2,180,dw00;dw01;dw02;dw03;dw04;dw05;dw06;dw07;dw08,dw00;dw01;dw02;dw03;dw04;dw05;dw06;dw07;dw08,,55,1,2026-08-28T09:29:39.559+0200,dw02,8FB0,192,162,-100,162,0,3.15,52368
ground-height-0m-20260825-163632,d002m_r180_run01.csv,0,2,180,dw00;dw01;dw02;dw03;dw04;dw05;dw06;dw07;dw08,dw00;dw01;dw02;dw03;dw04;dw05;dw06;dw07;dw08,,145,1,2026-08-28T09:29:39.599+0200,dw07,5783,128,163,135,43,157,3.01,2147483
ground-height-0m-20260825-163632,d002m_r180_run01.csv,0,2,180,dw00;dw01;dw02;dw03;dw04;dw05;dw06;dw07;dw08,dw00;dw01;dw02;dw03;dw04;dw05;dw06;dw07;dw08,,75,1,2026-08-28T09:29:39.618+0200,dw03,021B,202,153,-41,-126,86,3.27,12268
ground-height-0m-20260825-163632,d002m_r180_run01.csv,0,2,180,dw00;dw01;dw02;dw03;dw04;dw05;dw06;dw07;dw08,dw00;dw01;dw02;dw03;dw04;dw05;dw06;dw07;dw08,,165,1,2026-08-28T09:29:39.628+0200,dw08,028E,86,164,158,67,150,3.45,22277
ground-height-0m-20260825-163632,d002m_r180_run01.csv,0,2,180,dw00;dw01;dw02;dw03;dw04;dw05;dw06;dw07;dw08,dw00;dw01;dw02;dw03;dw04;dw05;dw06;dw07;dw08,,90,1,2026-08-28T09:29:39.668+0200,dw04,0F85,120,160,0,-90,132,2.02,62255
ground-height-0m-20260825-163632,d002m_r180_run01.csv,0,2,180,dw00;dw01;dw02;dw03;dw04;dw05;dw06;dw07;dw08,dw00;dw01;dw02;dw03;dw04;dw05;dw06;dw07;dw08,,105,1,2026-08-28T09:29:39.679+0200,dw05,4B92,26,165,49,-43,159,2.20,72265
ground-height-0m-20260825-163632,d002m_r180_run01.csv,0,2,180,dw00;dw01;dw02;dw03;dw04;dw05;dw06;dw07;dw08,dw00;dw01;dw02;dw03;dw04;dw05;dw06;dw07;dw08,,125,1,2026-08-28T09:29:39.689+0200,dw06,0789,143,157,95,3,157,1.99,82336
ground-height-0m-20260825-163632,d002m_r180_run01.csv,0,2,180,dw00;dw01;dw02;dw03;dw04;dw05;dw06;dw07;dw08,dw00;dw01;dw02;dw03;dw04;dw05;dw06;dw07;dw08,,15,1,2026-08-28T09:29:39.738+0200,dw00,8103,114,178,-158,119,132,3.45,32257
ground-height-0m-20260825-163632,d002m_r180_run01.csv,0,2,180,dw00;dw01;dw02;dw03;dw04;dw05;dw06;dw07;dw08,dw00;dw01;dw02;dw03;dw04;dw05;dw06;dw07;dw08,,35,1,2026-08-28T09:29:39.748+0200,dw01,1729,212,166,-135,135,97,3.01,42327
ground-height-0m-20260825-163632,d002m_r180_run01.csv,0,2,180,dw00;dw01;dw02;dw03;dw04;dw05;dw06;dw07;dw08,dw00;dw01;dw02;dw03;dw04;dw05;dw06;dw07;dw08,,55,1,2026-08-28T09:29:39.759+0200,dw02,8FB0,193,158,-98,158,0,3.15,52337
ground-height-0m-20260825-163632,d002m_r180_run01.csv,0,2,180,dw00;dw01;dw02;dw03;dw04;dw05;dw06;dw07;dw08,dw00;dw01;dw02;dw03;dw04;dw05;dw06;dw07;dw08,,145,1,2026-08-28T09:29:39.798+0200,dw07,5783,129,164,137,46,157,2.89,2147483
ground-height-0m-20260825-163632,d002m_r180_run01.csv,0,2,180,dw00;dw01;dw02;dw03;dw04;dw05;dw06;dw07;dw08,dw00;dw01;dw02;dw03;dw04;dw05;dw06;dw07;dw08,,75,1,2026-08-28T09:29:39.819+0200,dw03,021B,203,152,-39,-124,88,3.21,12268
ground-height-0m-20260825-163632,d002m_r180_run01.csv,0,2,180,dw00;dw01;dw02;dw03;dw04;dw05;dw06;dw07;dw08,dw00;dw01;dw02;dw03;dw04;dw05;dw06;dw07;dw08,,165,1,2026-08-28T09:29:39.828+0200,dw08,028E,87,166,166,76,148,3.57,22277
ground-height-0m-20260825-163632,d002m_r180_run01.csv,0,2,180,dw00;dw01;dw02;dw03;dw04;dw05;dw06;dw07;dw08,dw00;dw01;dw02;dw03;dw04;dw05;dw06;dw07;dw08,,90,1,2026-08-28T09:29:39.868+0200,dw04,0F85,121,164,0,-93,135,2.02,62286
ground-height-0m-20260825-163632,d002m_r180_run01.csv,0,2,180,dw00;dw01;dw02;dw03;dw04;dw05;dw06;dw07;dw08,dw00;dw01;dw02;dw03;dw04;dw05;dw06;dw07;dw08,,105,1,2026-08-28T09:29:39.878+0200,dw05,4B92,27,161,48,-43,155,2.14,72235
ground-height-0m-20260825-163632,d002m_r180_run01.csv,0,2,180,dw00;dw01;dw02;dw03;dw04;dw05;dw06;dw07;dw08,dw00;dw01;dw02;dw03;dw04;dw05;dw06;dw07;dw08,,125,1,2026-08-28T09:29:39.889+0200,dw06,0789,144,163,105,13,163,1.81,82336
ground-height-0m-20260825-163632,d002m_r180_run01.csv,0,2,180,dw00;dw01;dw02;dw03;dw04;dw05;dw06;dw07;dw08,dw00;dw01;dw02;dw03;dw04;dw05;dw06;dw07;dw08,,15,1,2026-08-28T09:29:39.939+0200,dw00,8103,115,175,-161,114,133,3.57,32287
ground-height-0m-20260825-163632,d002m_r180_run01.csv,0,2,180,dw00;dw01;dw02;dw03;dw04;dw05;dw06;dw07;dw08,dw00;dw01;dw02;dw03;dw04;dw05;dw06;dw07;dw08,,35,1,2026-08-28T09:29:39.948+0200,dw01,1729,213,162,-136,130,96,3.09,42327
ground-height-0m-20260825-163632,d002m_r180_run01.csv,0,2,180,dw00;dw01;dw02;dw03;dw04;dw05;dw06;dw07;dw08,dw00;dw01;dw02;dw03;dw04;dw05;dw06;dw07;dw08,,55,1,2026-08-28T09:29:39.958+0200,dw02,8FB0,194,164,-101,164,0,3.09,52307
ground-height-0m-20260825-163632,d002m_r180_run01.csv,0,2,180,dw00;dw01;dw02;dw03;dw04;dw05;dw06;dw07;dw08,dw00;dw01;dw02;dw03;dw04;dw05;dw06;dw07;dw08,,145,1,2026-08-28T09:29:39.998+0200,dw07,5783,130,163,138,46,156,3.01,2147483
ground-height-0m-20260825-163632,d002m_r180_run01.csv,0,2,180,dw00;dw01;dw02;dw03;dw04;dw05;dw06;dw07;dw08,dw00;dw01;dw02;dw03;dw04;dw05;dw06;dw07;dw08,,75,1,2026-08-28T09:29:40.019+0200,dw03,021B,204,154,-47,-133,77,3.27,12298
ground-height-0m-20260825-163632,d002m_r180_run01.csv,0,2,180,dw00;dw01;dw02;dw03;dw04;dw05;dw06;dw07;dw08,dw00;dw01;dw02;dw03;dw04;dw05;dw06;dw07;dw08,,165,1,2026-08-28T09:29:40.028+0200,dw08,028E,88,166,162,72,149,3.57,22277
ground-height-0m-20260825-163632,d002m_r180_run01.csv,0,2,180,dw00;dw01;dw02;dw03;dw04;dw05;dw06;dw07;dw08,dw00;dw01;dw02;dw03;dw04;dw05;dw06;dw07;dw08,,90,1,2026-08-28T09:29:40.069+0200,dw04,0F85,122,163,-6,-99,129,2.02,62286
ground-height-0m-20260825-163632,d002m_r180_run01.csv,0,2,180,dw00;dw01;dw02;dw03;dw04;dw05;dw06;dw07;dw08,dw00;dw01;dw02;dw03;dw04;dw05;dw06;dw07;dw08,,105,1,2026-08-28T09:29:40.078+0200,dw05,4B92,28,166,51,-41,161,2.26,72235
ground-height-0m-20260825-163632,d002m_r180_run01.csv,0,2,180,dw00;dw01;dw02;dw03;dw04;dw05;dw06;dw07;dw08,dw00;dw01;dw02;dw03;dw04;dw05;dw06;dw07;dw08,,125,1,2026-08-28T09:29:40.088+0200,dw06,0789,145,159,99,7,159,1.99,82305
ground-height-0m-20260825-163632,d002m_r180_run01.csv,0,2,180,dw00;dw01;dw02;dw03;dw04;dw05;dw06;dw07;dw08,dw00;dw01;dw02;dw03;dw04;dw05;dw06;dw07;dw08,,15,1,2026-08-28T09:29:40.139+0200,dw00,8103,116,178,-157,120,131,3.63,32257
ground-height-0m-20260825-163632,d002m_r180_run01.csv,0,2,180,dw00;dw01;dw02;dw03;dw04;dw05;dw06;dw07;dw08,dw00;dw01;dw02;dw03;dw04;dw05;dw06;dw07;dw08,,35,1,2026-08-28T09:29:40.149+0200,dw01,1729,214,158,-137,127,95,3.06,42358
ground-height-0m-20260825-163632,d002m_r180_run01.csv,0,2,180,dw00;dw01;dw02;dw03;dw04;dw05;dw06;dw07;dw08,dw00;dw01;dw02;dw03;dw04;dw05;dw06;dw07;dw08,,55,1,2026-08-28T09:29:40.158+0200,dw02,8FB0,195,160,-101,160,0,3.09,52307
ground-height-0m-20260825-163632,d002m_r180_run01.csv,0,2,180,dw00;dw01;dw02;dw03;dw04;dw05;dw06;dw07;dw08,dw00;dw01;dw02;dw03;dw04;dw05;dw06;dw07;dw08,,145,1,2026-08-28T09:29:40.198+0200,dw07,5783,131,163,132,41,158,3.01,2147483
ground-height-0m-20260825-163632,d002m_r180_run01.csv,0,2,180,dw00;dw01;dw02;dw03;dw04;dw05;dw06;dw07;dw08,dw00;dw01;dw02;dw03;dw04;dw05;dw06;dw07;dw08,,75,1,2026-08-28T09:29:40.218+0200,dw03,021B,205,153,-38,-123,90,3.27,12268
ground-height-0m-20260825-163632,d002m_r180_run01.csv,0,2,180,dw00;dw01;dw02;dw03;dw04;dw05;dw06;dw07;dw08,dw00;dw01;dw02;dw03;dw04;dw05;dw06;dw07;dw08,,165,1,2026-08-28T09:29:40.229+0200,dw08,028E,89,170,168,80,150,3.39,22277
ground-height-0m-20260825-163632,d002m_r180_run01.csv,0,2,180,dw00;dw01;dw02;dw03;dw04;dw05;dw06;dw07;dw08,dw00;dw01;dw02;dw03;dw04;dw05;dw06;dw07;dw08,,90,1,2026-08-28T09:29:40.269+0200,dw04,0F85,123,163,0,-92,135,2.08,62255
ground-height-0m-20260825-163632,d002m_r180_run01.csv,0,2,180,dw00;dw01;dw02;dw03;dw04;dw05;dw06;dw07;dw08,dw00;dw01;dw02;dw03;dw04;dw05;dw06;dw07;dw08,,105,1,2026-08-28T09:29:40.278+0200,dw05,4B92,29,163,46,-45,157,2.32,72265
ground-height-0m-20260825-163632,d002m_r180_run01.csv,0,2,180,dw00;dw01;dw02;dw03;dw04;dw05;dw06;dw07;dw08,dw00;dw01;dw02;dw03;dw04;dw05;dw06;dw07;dw08,,125,1,2026-08-28T09:29:40.288+0200,dw06,0789,146,159,105,13,159,1.93,82336
ground-height-0m-20260825-163632,d002m_r180_run01.csv,0,2,180,dw00;dw01;dw02;dw03;dw04;dw05;dw06;dw07;dw08,dw00;dw01;dw02;dw03;dw04;dw05;dw06;dw07;dw08,,15,1,2026-08-28T09:29:40.338+0200,dw00,8103,117,175,-159,117,130,3.57,32257
ground-height-0m-20260825-163632,d002m_r180_run01.csv,0,2,180,dw00;dw01;dw02;dw03;dw04;dw05;dw06;dw07;dw08,dw00;dw01;dw02;dw03;dw04;dw05;dw06;dw07;dw08,,35,1,2026-08-28T09:29:40.349+0200,dw01,1729,215,166,-142,128,105,2.95,42327
ground-height-0m-20260825-163632,d002m_r180_run01.csv,0,2,180,dw00;dw01;dw02;dw03;dw04;dw05;dw06;dw07;dw08,dw00;dw01;dw02;dw03;dw04;dw05;dw06;dw07;dw08,,55,1,2026-08-28T09:29:40.359+0200,dw02,8FB0,196,163,-96,163,0,3.09,52368
ground-height-0m-20260825-163632,d002m_r180_run01.csv,0,2,180,dw00;dw01;dw02;dw03;dw04;dw05;dw06;dw07;dw08,dw00;dw01;dw02;dw03;dw04;dw05;dw06;dw07;dw08,,145,1,2026-08-28T09:29:40.399+0200,dw07,5783,132,161,134,42,156,2.95,2147483
ground-height-0m-20260825-163632,d002m_r180_run01.csv,0,2,180,dw00;dw01;dw02;dw03;dw04;dw05;dw06;dw07;dw08,dw00;dw01;dw02;dw03;dw04;dw05;dw06;dw07;dw08,,75,1,2026-08-28T09:29:40.418+0200,dw03,021B,206,157,-43,-132,85,3.27,12268
ground-height-0m-20260825-163632,d002m_r180_run01.csv,0,2,180,dw00;dw01;dw02;dw03;dw04;dw05;dw06;dw07;dw08,dw00;dw01;dw02;dw03;dw04;dw05;dw06;dw07;dw08,,165,1,2026-08-28T09:29:40.428+0200,dw08,028E,90,168,168,78,148,3.39,22277
ground-height-0m-20260825-163632,d002m_r180_run01.csv,0,2,180,dw00;dw01;dw02;dw03;dw04;dw05;dw06;dw07;dw08,dw00;dw01;dw02;dw03;dw04;dw05;dw06;dw07;dw08,,90,1,2026-08-28T09:29:40.468+0200,dw04,0F85,124,164,-5,-99,130,2.02,62286
ground-height-0m-20260825-163632,d002m_r180_run01.csv,0,2,180,dw00;dw01;dw02;dw03;dw04;dw05;dw06;dw07;dw08,dw00;dw01;dw02;dw03;dw04;dw05;dw06;dw07;dw08,,105,1,2026-08-28T09:29:40.479+0200,dw05,4B92,30,163,50,-42,157,2.26,72235
ground-height-0m-20260825-163632,d002m_r180_run01.csv,0,2,180,dw00;dw01;dw02;dw03;dw04;dw05;dw06;dw07;dw08,dw00;dw01;dw02;dw03;dw04;dw05;dw06;dw07;dw08,,125,1,2026-08-28T09:29:40.488+0200,dw06,0789,147,159,104,12,159,1.93,82336
ground-height-0m-20260825-163632,d002m_r180_run01.csv,0,2,180,dw00;dw01;dw02;dw03;dw04;dw05;dw06;dw07;dw08,dw00;dw01;dw02;dw03;dw04;dw05;dw06;dw07;dw08,,15,1,2026-08-28T09:29:40.538+0200,dw00,8103,118,178,-150,128,123,3.57,32257
ground-height-0m-20260825-163632,d002m_r180_run01.csv,0,2,180,dw00;dw01;dw02;dw03;dw04;dw05;dw06;dw07;dw08,dw00;dw01;dw02;dw03;dw04;dw05;dw06;dw07;dw08,,35,1,2026-08-28T09:29:40.548+0200,dw01,1729,216,163,-139,128,100,3.06,42297
ground-height-0m-20260825-163632,d002m_r180_run01.csv,0,2,180,dw00;dw01;dw02;dw03;dw04;dw05;dw06;dw07;dw08,dw00;dw01;dw02;dw03;dw04;dw05;dw06;dw07;dw08,,55,1,2026-08-28T09:29:40.559+0200,dw02,8FB0,197,162,-99,162,0,3.06,52307
ground-height-0m-20260825-163632,d002m_r180_run01.csv,0,2,180,dw00;dw01;dw02;dw03;dw04;dw05;dw06;dw07;dw08,dw00;dw01;dw02;dw03;dw04;dw05;dw06;dw07;dw08,,145,1,2026-08-28T09:29:40.599+0200,dw07,5783,133,162,137,44,155,2.95,2147483
ground-height-0m-20260825-163632,d002m_r180_run01.csv,0,2,180,dw00;dw01;dw02;dw03;dw04;dw05;dw06;dw07;dw08,dw00;dw01;dw02;dw03;dw04;dw05;dw06;dw07;dw08,,75,1,2026-08-28T09:29:40.618+0200,dw03,021B,207,154,-38,-124,91,3.27,12268
ground-height-0m-20260825-163632,d002m_r180_run01.csv,0,2,180,dw00;dw01;dw02;dw03;dw04;dw05;dw06;dw07;dw08,dw00;dw01;dw02;dw03;dw04;dw05;dw06;dw07;dw08,,165,1,2026-08-28T09:29:40.628+0200,dw08,028E,91,163,159,68,148,3.57,22247
ground-height-0m-20260825-163632,d002m_r180_run01.csv,0,2,180,dw00;dw01;dw02;dw03;dw04;dw05;dw06;dw07;dw08,dw00;dw01;dw02;dw03;dw04;dw05;dw06;dw07;dw08,,90,1,2026-08-28T09:29:40.668+0200,dw04,0F85,125,163,-3,-95,132,2.02,62255
ground-height-0m-20260825-163632,d002m_r180_run01.csv,0,2,180,dw00;dw01;dw02;dw03;dw04;dw05;dw06;dw07;dw08,dw00;dw01;dw02;dw03;dw04;dw05;dw06;dw07;dw08,,105,1,2026-08-28T09:29:40.678+0200,dw05,4B92,31,165,52,-40,160,2.26,72265
ground-height-0m-20260825-163632,d002m_r180_run01.csv,0,2,180,dw00;dw01;dw02;dw03;dw04;dw05;dw06;dw07;dw08,dw00;dw01;dw02;dw03;dw04;dw05;dw06;dw07;dw08,,125,1,2026-08-28T09:29:40.689+0200,dw06,0789,148,157,106,13,156,1.99,82336
ground-height-0m-20260825-163632,d002m_r180_run01.csv,0,2,180,dw00;dw01;dw02;dw03;dw04;dw05;dw06;dw07;dw08,dw00;dw01;dw02;dw03;dw04;dw05;dw06;dw07;dw08,,15,1,2026-08-28T09:29:40.738+0200,dw00,8103,119,175,-154,121,126,3.69,32257
ground-height-0m-20260825-163632,d002m_r180_run01.csv,0,2,180,dw00;dw01;dw02;dw03;dw04;dw05;dw06;dw07;dw08,dw00;dw01;dw02;dw03;dw04;dw05;dw06;dw07;dw08,,35,1,2026-08-28T09:29:40.748+0200,dw01,1729,217,166,-137,133,99,2.95,42327
ground-height-0m-20260825-163632,d002m_r180_run01.csv,0,2,180,dw00;dw01;dw02;dw03;dw04;dw05;dw06;dw07;dw08,dw00;dw01;dw02;dw03;dw04;dw05;dw06;dw07;dw08,,55,1,2026-08-28T09:29:40.758+0200,dw02,8FB0,198,165,-98,165,0,3.06,52337
ground-height-0m-20260825-163632,d002m_r180_run01.csv,0,2,180,dw00;dw01;dw02;dw03;dw04;dw05;dw06;dw07;dw08,dw00;dw01;dw02;dw03;dw04;dw05;dw06;dw07;dw08,,145,1,2026-08-28T09:29:40.798+0200,dw07,5783,134,161,137,45,155,2.77,2147483
ground-height-0m-20260825-163632,d002m_r180_run01.csv,0,2,180,dw00;dw01;dw02;dw03;dw04;dw05;dw06;dw07;dw08,dw00;dw01;dw02;dw03;dw04;dw05;dw06;dw07;dw08,,75,1,2026-08-28T09:29:40.818+0200,dw03,021B,208,158,-44,-134,85,3.27,12298
ground-height-0m-20260825-163632,d002m_r180_run01.csv,0,2,180,dw00;dw01;dw02;dw03;dw04;dw05;dw06;dw07;dw08,dw00;dw01;dw02;dw03;dw04;dw05;dw06;dw07;dw08,,165,1,2026-08-28T09:29:40.828+0200,dw08,028E,92,168,163,73,151,3.39,22277
ground-height-0m-20260825-163632,d002m_r180_run01.csv,0,2,180,dw00;dw01;dw02;dw03;dw04;dw05;dw06;dw07;dw08,dw00;dw01;dw02;dw03;dw04;dw05;dw06;dw07;dw08,,90,1,2026-08-28T09:29:40.868+0200,dw04,0F85,126,166,-4,-98,133,1.99,62255
ground-height-0m-20260825-163632,d002m_r180_run01.csv,0,2,180,dw00;dw01;dw02;dw03;dw04;dw05;dw06;dw07;dw08,dw00;dw01;dw02;dw03;dw04;dw05;dw06;dw07;dw08,,105,1,2026-08-28T09:29:40.878+0200,dw05,4B92,32,166,50,-42,161,2.26,72235
ground-height-0m-20260825-163632,d002m_r180_run01.csv,0,2,180,dw00;dw01;dw02;dw03;dw04;dw05;dw06;dw07;dw08,dw00;dw01;dw02;dw03;dw04;dw05;dw06;dw07;dw08,,125,1,2026-08-28T09:29:40.888+0200,dw06,0789,149,158,109,17,158,1.87,82305
ground-height-0m-20260825-163632,d002m_r180_run01.csv,0,2,180,dw00;dw01;dw02;dw03;dw04;dw05;dw06;dw07;dw08,dw00;dw01;dw02;dw03;dw04;dw05;dw06;dw07;dw08,,15,1,2026-08-28T09:29:40.939+0200,dw00,8103,120,176,-156,120,129,3.63,32257
ground-height-0m-20260825-163632,d002m_r180_run01.csv,0,2,180,dw00;dw01;dw02;dw03;dw04;dw05;dw06;dw07;dw08,dw00;dw01;dw02;dw03;dw04;dw05;dw06;dw07;dw08,,35,1,2026-08-28T09:29:40.948+0200,dw01,1729,218,164,-137,131,98,3.01,42358
ground-height-0m-20260825-163632,d002m_r180_run01.csv,0,2,180,dw00;dw01;dw02;dw03;dw04;dw05;dw06;dw07;dw08,dw00;dw01;dw02;dw03;dw04;dw05;dw06;dw07;dw08,,55,1,2026-08-28T09:29:40.958+0200,dw02,8FB0,199,159,-101,159,0,3.06,52398
ground-height-0m-20260825-163632,d002m_r180_run01.csv,0,2,180,dw00;dw01;dw02;dw03;dw04;dw05;dw06;dw07;dw08,dw00;dw01;dw02;dw03;dw04;dw05;dw06;dw07;dw08,,145,1,2026-08-28T09:29:40.998+0200,dw07,5783,135,163,142,50,155,2.95,2147483
ground-height-0m-20260825-163632,d002m_r180_run01.csv,0,2,180,dw00;dw01;dw02;dw03;dw04;dw05;dw06;dw07;dw08,dw00;dw01;dw02;dw03;dw04;dw05;dw06;dw07;dw08,,75,1,2026-08-28T09:29:41.018+0200,dw03,021B,209,154,-43,-129,84,3.27,12268
ground-height-0m-20260825-163632,d002m_r180_run01.csv,0,2,180,dw00;dw01;dw02;dw03;dw04;dw05;dw06;dw07;dw08,dw00;dw01;dw02;dw03;dw04;dw05;dw06;dw07;dw08,,165,1,2026-08-28T09:29:41.028+0200,dw08,028E,93,171,166,78,152,3.45,22277
ground-height-0m-20260825-163632,d002m_r180_run01.csv,0,2,180,dw00;dw01;dw02;dw03;dw04;dw05;dw06;dw07;dw08,dw00;dw01;dw02;dw03;dw04;dw05;dw06;dw07;dw08,,90,1,2026-08-28T09:29:41.068+0200,dw04,0F85,127,163,1,-91,135,2.02,62286
ground-height-0m-20260825-163632,d002m_r180_run01.csv,0,2,180,dw00;dw01;dw02;dw03;dw04;dw05;dw06;dw07;dw08,dw00;dw01;dw02;dw03;dw04;dw05;dw06;dw07;dw08,,105,1,2026-08-28T09:29:41.078+0200,dw05,4B92,33,165,57,-34,161,2.20,72235
ground-height-0m-20260825-163632,d002m_r180_run01.csv,0,2,180,dw00;dw01;dw02;dw03;dw04;dw05;dw06;dw07;dw08,dw00;dw01;dw02;dw03;dw04;dw05;dw06;dw07;dw08,,125,1,2026-08-28T09:29:41.088+0200,dw06,0789,150,157,101,9,157,1.87,82305
ground-height-0m-20260825-163632,d002m_r180_run01.csv,0,2,180,dw00;dw01;dw02;dw03;dw04;dw05;dw06;dw07;dw08,dw00;dw01;dw02;dw03;dw04;dw05;dw06;dw07;dw08,,15,1,2026-08-28T09:29:41.138+0200,dw00,8103,121,176,-161,115,133,3.45,32257
ground-height-0m-20260825-163632,d002m_r180_run01.csv,0,2,180,dw00;dw01;dw02;dw03;dw04;dw05;dw06;dw07;dw08,dw00;dw01;dw02;dw03;dw04;dw05;dw06;dw07;dw08,,35,1,2026-08-28T09:29:41.149+0200,dw01,1729,219,166,-136,133,98,2.95,42297
ground-height-0m-20260825-163632,d002m_r180_run01.csv,0,2,180,dw00;dw01;dw02;dw03;dw04;dw05;dw06;dw07;dw08,dw00;dw01;dw02;dw03;dw04;dw05;dw06;dw07;dw08,,55,1,2026-08-28T09:29:41.158+0200,dw02,8FB0,200,166,-104,166,0,3.09,52307
ground-height-0m-20260825-163632,d002m_r180_run01.csv,0,2,180,dw00;dw01;dw02;dw03;dw04;dw05;dw06;dw07;dw08,dw00;dw01;dw02;dw03;dw04;dw05;dw06;dw07;dw08,,145,1,2026-08-28T09:29:41.198+0200,dw07,5783,136,162,138,46,155,2.95,2147483
ground-height-0m-20260825-163632,d002m_r180_run01.csv,0,2,180,dw00;dw01;dw02;dw03;dw04;dw05;dw06;dw07;dw08,dw00;dw01;dw02;dw03;dw04;dw05;dw06;dw07;dw08,,75,1,2026-08-28T09:29:41.218+0200,dw03,021B,210,151,-36,-120,91,3.27,12298
ground-height-0m-20260825-163632,d002m_r180_run01.csv,0,2,180,dw00;dw01;dw02;dw03;dw04;dw05;dw06;dw07;dw08,dw00;dw01;dw02;dw03;dw04;dw05;dw06;dw07;dw08,,165,1,2026-08-28T09:29:41.228+0200,dw08,028E,94,166,164,73,148,3.33,22277
ground-height-0m-20260825-163632,d002m_r180_run01.csv,0,2,180,dw00;dw01;dw02;dw03;dw04;dw05;dw06;dw07;dw08,dw00;dw01;dw02;dw03;dw04;dw05;dw06;dw07;dw08,,90,1,2026-08-28T09:29:41.268+0200,dw04,0F85,128,165,-6,-100,130,1.99,62225
ground-height-0m-20260825-163632,d002m_r180_run01.csv,0,2,180,dw00;dw01;dw02;dw03;dw04;dw05;dw06;dw07;dw08,dw00;dw01;dw02;dw03;dw04;dw05;dw06;dw07;dw08,,105,1,2026-08-28T09:29:41.278+0200,dw05,4B92,34,163,47,-44,156,2.26,72265
ground-height-0m-20260825-163632,d002m_r180_run01.csv,0,2,180,dw00;dw01;dw02;dw03;dw04;dw05;dw06;dw07;dw08,dw00;dw01;dw02;dw03;dw04;dw05;dw06;dw07;dw08,,125,1,2026-08-28T09:29:41.288+0200,dw06,0789,151,161,101,9,161,1.99,82305
ground-height-0m-20260825-163632,d002m_r180_run01.csv,0,2,180,dw00;dw01;dw02;dw03;dw04;dw05;dw06;dw07;dw08,dw00;dw01;dw02;dw03;dw04;dw05;dw06;dw07;dw08,,15,1,2026-08-28T09:29:41.338+0200,dw00,8103,122,176,-156,121,128,3.45,32257
ground-height-0m-20260825-163632,d002m_r180_run01.csv,0,2,180,dw00;dw01;dw02;dw03;dw04;dw05;dw06;dw07;dw08,dw00;dw01;dw02;dw03;dw04;dw05;dw06;dw07;dw08,,35,1,2026-08-28T09:29:41.348+0200,dw01,1729,220,163,-133,134,92,3.06,42358
ground-height-0m-20260825-163632,d002m_r180_run01.csv,0,2,180,dw00;dw01;dw02;dw03;dw04;dw05;dw06;dw07;dw08,dw00;dw01;dw02;dw03;dw04;dw05;dw06;dw07;dw08,,55,1,2026-08-28T09:29:41.358+0200,dw02,8FB0,201,162,-96,162,0,3.15,52337
ground-height-0m-20260825-163632,d002m_r180_run01.csv,0,2,180,dw00;dw01;dw02;dw03;dw04;dw05;dw06;dw07;dw08,dw00;dw01;dw02;dw03;dw04;dw05;dw06;dw07;dw08,,145,1,2026-08-28T09:29:41.398+0200,dw07,5783,137,162,141,49,154,2.83,2147483
ground-height-0m-20260825-163632,d002m_r180_run01.csv,0,2,180,dw00;dw01;dw02;dw03;dw04;dw05;dw06;dw07;dw08,dw00;dw01;dw02;dw03;dw04;dw05;dw06;dw07;dw08,,75,1,2026-08-28T09:29:41.418+0200,dw03,021B,211,155,-38,-125,91,3.27,12268
ground-height-0m-20260825-163632,d002m_r180_run01.csv,0,2,180,dw00;dw01;dw02;dw03;dw04;dw05;dw06;dw07;dw08,dw00;dw01;dw02;dw03;dw04;dw05;dw06;dw07;dw08,,165,1,2026-08-28T09:29:41.428+0200,dw08,028E,95,167,167,77,148,3.45,22308
ground-height-0m-20260825-163632,d002m_r180_run01.csv,0,2,180,dw00;dw01;dw02;dw03;dw04;dw05;dw06;dw07;dw08,dw00;dw01;dw02;dw03;dw04;dw05;dw06;dw07;dw08,,90,1,2026-08-28T09:29:41.468+0200,dw04,0F85,129,163,0,-93,134,2.02,62286
ground-height-0m-20260825-163632,d002m_r180_run01.csv,0,2,180,dw00;dw01;dw02;dw03;dw04;dw05;dw06;dw07;dw08,dw00;dw01;dw02;dw03;dw04;dw05;dw06;dw07;dw08,,105,1,2026-08-28T09:29:41.477+0200,dw05,4B92,35,166,50,-43,160,2.32,72265
ground-height-0m-20260825-163632,d002m_r180_run01.csv,0,2,180,dw00;dw01;dw02;dw03;dw04;dw05;dw06;dw07;dw08,dw00;dw01;dw02;dw03;dw04;dw05;dw06;dw07;dw08,,125,1,2026-08-28T09:29:41.488+0200,dw06,0789,152,161,105,13,161,1.81,82336
ground-height-0m-20260825-163632,d002m_r180_run01.csv,0,2,180,dw00;dw01;dw02;dw03;dw04;dw05;dw06;dw07;dw08,dw00;dw01;dw02;dw03;dw04;dw05;dw06;dw07;dw08,,15,1,2026-08-28T09:29:41.538+0200,dw00,8103,123,173,-156,119,126,3.51,32287
ground-height-0m-20260825-163632,d002m_r180_run01.csv,0,2,180,dw00;dw01;dw02;dw03;dw04;dw05;dw06;dw07;dw08,dw00;dw01;dw02;dw03;dw04;dw05;dw06;dw07;dw08,,35,1,2026-08-28T09:29:41.548+0200,dw01,1729,221,167,-140,130,104,2.83,42327
ground-height-0m-20260825-163632,d002m_r180_run01.csv,0,2,180,dw00;dw01;dw02;dw03;dw04;dw05;dw06;dw07;dw08,dw00;dw01;dw02;dw03;dw04;dw05;dw06;dw07;dw08,,55,1,2026-08-28T09:29:41.558+0200,dw02,8FB0,202,164,-94,164,0,3.09,52307
ground-height-0m-20260825-163632,d002m_r180_run01.csv,0,2,180,dw00;dw01;dw02;dw03;dw04;dw05;dw06;dw07;dw08,dw00;dw01;dw02;dw03;dw04;dw05;dw06;dw07;dw08,,145,1,2026-08-28T09:29:41.598+0200,dw07,5783,138,159,139,46,152,2.95,2147483
ground-height-0m-20260825-163632,d002m_r180_run01.csv,0,2,180,dw00;dw01;dw02;dw03;dw04;dw05;dw06;dw07;dw08,dw00;dw01;dw02;dw03;dw04;dw05;dw06;dw07;dw08,,75,1,2026-08-28T09:29:41.618+0200,dw03,021B,212,157,-39,-127,91,3.27,12268
ground-height-0m-20260825-163632,d002m_r180_run01.csv,0,2,180,dw00;dw01;dw02;dw03;dw04;dw05;dw06;dw07;dw08,dw00;dw01;dw02;dw03;dw04;dw05;dw06;dw07;dw08,,165,1,2026-08-28T09:29:41.628+0200,dw08,028E,96,167,166,76,148,3.45,22277
ground-height-0m-20260825-163632,d002m_r180_run01.csv,0,2,180,dw00;dw01;dw02;dw03;dw04;dw05;dw06;dw07;dw08,dw00;dw01;dw02;dw03;dw04;dw05;dw06;dw07;dw08,,90,1,2026-08-28T09:29:41.668+0200,dw04,0F85,130,163,0,-93,134,1.93,62286
ground-height-0m-20260825-163632,d002m_r180_run01.csv,0,2,180,dw00;dw01;dw02;dw03;dw04;dw05;dw06;dw07;dw08,dw00;dw01;dw02;dw03;dw04;dw05;dw06;dw07;dw08,,105,1,2026-08-28T09:29:41.678+0200,dw05,4B92,36,165,58,-34,161,2.14,72265
ground-height-0m-20260825-163632,d002m_r180_run01.csv,0,2,180,dw00;dw01;dw02;dw03;dw04;dw05;dw06;dw07;dw08,dw00;dw01;dw02;dw03;dw04;dw05;dw06;dw07;dw08,,125,1,2026-08-28T09:29:41.687+0200,dw06,0789,153,156,105,12,155,1.93,82305
ground-height-0m-20260825-163632,d002m_r180_run01.csv,0,2,180,dw00;dw01;dw02;dw03;dw04;dw05;dw06;dw07;dw08,dw00;dw01;dw02;dw03;dw04;dw05;dw06;dw07;dw08,,15,1,2026-08-28T09:29:41.737+0200,dw00,8103,124,177,-155,121,128,3.57,32226
ground-height-0m-20260825-163632,d002m_r180_run01.csv,0,2,180,dw00;dw01;dw02;dw03;dw04;dw05;dw06;dw07;dw08,dw00;dw01;dw02;dw03;dw04;dw05;dw06;dw07;dw08,,35,1,2026-08-28T09:29:41.748+0200,dw01,1729,222,166,-140,130,103,2.89,42327
ground-height-0m-20260825-163632,d002m_r180_run01.csv,0,2,180,dw00;dw01;dw02;dw03;dw04;dw05;dw06;dw07;dw08,dw00;dw01;dw02;dw03;dw04;dw05;dw06;dw07;dw08,,55,1,2026-08-28T09:29:41.758+0200,dw02,8FB0,203,164,-100,164,0,3.09,52337
ground-height-0m-20260825-163632,d002m_r180_run01.csv,0,2,180,dw00;dw01;dw02;dw03;dw04;dw05;dw06;dw07;dw08,dw00;dw01;dw02;dw03;dw04;dw05;dw06;dw07;dw08,,145,1,2026-08-28T09:29:41.798+0200,dw07,5783,139,162,132,40,157,2.95,2147483
ground-height-0m-20260825-163632,d002m_r180_run01.csv,0,2,180,dw00;dw01;dw02;dw03;dw04;dw05;dw06;dw07;dw08,dw00;dw01;dw02;dw03;dw04;dw05;dw06;dw07;dw08,,75,1,2026-08-28T09:29:41.817+0200,dw03,021B,213,153,-39,-125,88,3.27,12268
ground-height-0m-20260825-163632,d002m_r180_run01.csv,0,2,180,dw00;dw01;dw02;dw03;dw04;dw05;dw06;dw07;dw08,dw00;dw01;dw02;dw03;dw04;dw05;dw06;dw07;dw08,,165,1,2026-08-28T09:29:41.828+0200,dw08,028E,97,168,164,75,151,3.33,22247
ground-height-0m-20260825-163632,d002m_r180_run01.csv,0,2,180,dw00;dw01;dw02;dw03;dw04;dw05;dw06;dw07;dw08,dw00;dw01;dw02;dw03;dw04;dw05;dw06;dw07;dw08,,90,1,2026-08-28T09:29:41.868+0200,dw04,0F85,131,167,0,-94,137,1.93,62286
ground-height-0m-20260825-163632,d002m_r180_run01.csv,0,2,180,dw00;dw01;dw02;dw03;dw04;dw05;dw06;dw07;dw08,dw00;dw01;dw02;dw03;dw04;dw05;dw06;dw07;dw08,,105,1,2026-08-28T09:29:41.878+0200,dw05,4B92,37,168,49,-43,162,2.14,72235
ground-height-0m-20260825-163632,d002m_r180_run01.csv,0,2,180,dw00;dw01;dw02;dw03;dw04;dw05;dw06;dw07;dw08,dw00;dw01;dw02;dw03;dw04;dw05;dw06;dw07;dw08,,125,1,2026-08-28T09:29:41.888+0200,dw06,0789,154,156,96,3,156,1.99,82305
ground-height-0m-20260825-163632,d002m_r180_run01.csv,0,2,180,dw00;dw01;dw02;dw03;dw04;dw05;dw06;dw07;dw08,dw00;dw01;dw02;dw03;dw04;dw05;dw06;dw07;dw08,,15,1,2026-08-28T09:29:41.937+0200,dw00,8103,125,179,-158,120,133,3.39,32257
ground-height-0m-20260825-163632,d002m_r180_run01.csv,0,2,180,dw00;dw01;dw02;dw03;dw04;dw05;dw06;dw07;dw08,dw00;dw01;dw02;dw03;dw04;dw05;dw06;dw07;dw08,,35,1,2026-08-28T09:29:41.948+0200,dw01,1729,223,165,-134,135,94,2.95,42297
ground-height-0m-20260825-163632,d002m_r180_run01.csv,0,2,180,dw00;dw01;dw02;dw03;dw04;dw05;dw06;dw07;dw08,dw00;dw01;dw02;dw03;dw04;dw05;dw06;dw07;dw08,,55,1,2026-08-28T09:29:41.958+0200,dw02,8FB0,204,162,-97,162,0,3.21,52368
ground-height-0m-20260825-163632,d002m_r180_run01.csv,0,2,180,dw00;dw01;dw02;dw03;dw04;dw05;dw06;dw07;dw08,dw00;dw01;dw02;dw03;dw04;dw05;dw06;dw07;dw08,,145,1,2026-08-28T09:29:41.998+0200,dw07,5783,140,164,135,44,158,2.89,2147483
ground-height-0m-20260825-163632,d002m_r180_run01.csv,0,2,180,dw00;dw01;dw02;dw03;dw04;dw05;dw06;dw07;dw08,dw00;dw01;dw02;dw03;dw04;dw05;dw06;dw07;dw08,,75,1,2026-08-28T09:29:42.017+0200,dw03,021B,214,153,-39,-124,89,3.27,12268
ground-height-0m-20260825-163632,d002m_r180_run01.csv,0,2,180,dw00;dw01;dw02;dw03;dw04;dw05;dw06;dw07;dw08,dw00;dw01;dw02;dw03;dw04;dw05;dw06;dw07;dw08,,165,1,2026-08-28T09:29:42.027+0200,dw08,028E,98,168,167,77,149,3.45,22308
ground-height-0m-20260825-163632,d002m_r180_run01.csv,0,2,180,dw00;dw01;dw02;dw03;dw04;dw05;dw06;dw07;dw08,dw00;dw01;dw02;dw03;dw04;dw05;dw06;dw07;dw08,,90,1,2026-08-28T09:29:42.067+0200,dw04,0F85,132,162,-3,-95,131,2.02,62225
ground-height-0m-20260825-163632,d002m_r180_run01.csv,0,2,180,dw00;dw01;dw02;dw03;dw04;dw05;dw06;dw07;dw08,dw00;dw01;dw02;dw03;dw04;dw05;dw06;dw07;dw08,,105,1,2026-08-28T09:29:42.078+0200,dw05,4B92,38,166,50,-42,160,2.20,72265
ground-height-0m-20260825-163632,d002m_r180_run01.csv,0,2,180,dw00;dw01;dw02;dw03;dw04;dw05;dw06;dw07;dw08,dw00;dw01;dw02;dw03;dw04;dw05;dw06;dw07;dw08,,125,1,2026-08-28T09:29:42.088+0200,dw06,0789,155,158,100,7,157,1.81,82305
ground-height-0m-20260825-163632,d002m_r180_run01.csv,0,2,180,dw00;dw01;dw02;dw03;dw04;dw05;dw06;dw07;dw08,dw00;dw01;dw02;dw03;dw04;dw05;dw06;dw07;dw08,,15,1,2026-08-28T09:29:42.138+0200,dw00,8103,126,176,-159,118,131,3.63,32257
ground-height-0m-20260825-163632,d002m_r180_run01.csv,0,2,180,dw00;dw01;dw02;dw03;dw04;dw05;dw06;dw07;dw08,dw00;dw01;dw02;dw03;dw04;dw05;dw06;dw07;dw08,,35,1,2026-08-28T09:29:42.147+0200,dw01,1729,224,167,-132,138,93,2.83,42327
ground-height-0m-20260825-163632,d002m_r180_run01.csv,0,2,180,dw00;dw01;dw02;dw03;dw04;dw05;dw06;dw07;dw08,dw00;dw01;dw02;dw03;dw04;dw05;dw06;dw07;dw08,,55,1,2026-08-28T09:29:42.158+0200,dw02,8FB0,205,162,-102,162,0,3.06,52307
ground-height-0m-20260825-163632,d002m_r180_run01.csv,0,2,180,dw00;dw01;dw02;dw03;dw04;dw05;dw06;dw07;dw08,dw00;dw01;dw02;dw03;dw04;dw05;dw06;dw07;dw08,,145,1,2026-08-28T09:29:42.198+0200,dw07,5783,141,163,137,46,157,2.95,2147483
ground-height-0m-20260825-163632,d002m_r180_run01.csv,0,2,180,dw00;dw01;dw02;dw03;dw04;dw05;dw06;dw07;dw08,dw00;dw01;dw02;dw03;dw04;dw05;dw06;dw07;dw08,,75,1,2026-08-28T09:29:42.218+0200,dw03,021B,215,156,-40,-128,90,3.33,12268
ground-height-0m-20260825-163632,d002m_r180_run01.csv,0,2,180,dw00;dw01;dw02;dw03;dw04;dw05;dw06;dw07;dw08,dw00;dw01;dw02;dw03;dw04;dw05;dw06;dw07;dw08,,165,1,2026-08-28T09:29:42.227+0200,dw08,028E,99,167,170,81,146,3.45,22277
ground-height-0m-20260825-163632,d002m_r180_run01.csv,0,2,180,dw00;dw01;dw02;dw03;dw04;dw05;dw06;dw07;dw08,dw00;dw01;dw02;dw03;dw04;dw05;dw06;dw07;dw08,,90,1,2026-08-28T09:29:42.267+0200,dw04,0F85,133,166,-1,-96,135,2.02,62225
ground-height-0m-20260825-163632,d002m_r180_run01.csv,0,2,180,dw00;dw01;dw02;dw03;dw04;dw05;dw06;dw07;dw08,dw00;dw01;dw02;dw03;dw04;dw05;dw06;dw07;dw08,,105,1,2026-08-28T09:29:42.277+0200,dw05,4B92,39,164,50,-41,158,2.14,72204
ground-height-0m-20260825-163632,d002m_r180_run01.csv,0,2,180,dw00;dw01;dw02;dw03;dw04;dw05;dw06;dw07;dw08,dw00;dw01;dw02;dw03;dw04;dw05;dw06;dw07;dw08,,125,1,2026-08-28T09:29:42.288+0200,dw06,0789,156,158,95,3,158,1.93,82305
ground-height-0m-20260825-163632,d002m_r180_run01.csv,0,2,180,dw00;dw01;dw02;dw03;dw04;dw05;dw06;dw07;dw08,dw00;dw01;dw02;dw03;dw04;dw05;dw06;dw07;dw08,,15,1,2026-08-28T09:29:42.338+0200,dw00,8103,127,178,-155,123,128,3.51,32287
ground-height-0m-20260825-163632,d002m_r180_run01.csv,0,2,180,dw00;dw01;dw02;dw03;dw04;dw05;dw06;dw07;dw08,dw00;dw01;dw02;dw03;dw04;dw05;dw06;dw07;dw08,,35,1,2026-08-28T09:29:42.348+0200,dw01,1729,225,158,-142,121,101,2.95,42327
ground-height-0m-20260825-163632,d002m_r180_run01.csv,0,2,180,dw00;dw01;dw02;dw03;dw04;dw05;dw06;dw07;dw08,dw00;dw01;dw02;dw03;dw04;dw05;dw06;dw07;dw08,,55,1,2026-08-28T09:29:42.357+0200,dw02,8FB0,206,165,-92,164,0,3.15,52368
ground-height-0m-20260825-163632,d002m_r180_run01.csv,0,2,180,dw00;dw01;dw02;dw03;dw04;dw05;dw06;dw07;dw08,dw00;dw01;dw02;dw03;dw04;dw05;dw06;dw07;dw08,,145,1,2026-08-28T09:29:42.397+0200,dw07,5783,142,166,137,46,159,2.89,2147483
ground-height-0m-20260825-163632,d002m_r180_run01.csv,0,2,180,dw00;dw01;dw02;dw03;dw04;dw05;dw06;dw07;dw08,dw00;dw01;dw02;dw03;dw04;dw05;dw06;dw07;dw08,,75,1,2026-08-28T09:29:42.418+0200,dw03,021B,216,151,-40,-123,86,3.27,12268
ground-height-0m-20260825-163632,d002m_r180_run01.csv,0,2,180,dw00;dw01;dw02;dw03;dw04;dw05;dw06;dw07;dw08,dw00;dw01;dw02;dw03;dw04;dw05;dw06;dw07;dw08,,165,1,2026-08-28T09:29:42.428+0200,dw08,028E,100,166,166,76,148,3.57,22277
ground-height-0m-20260825-163632,d002m_r180_run01.csv,0,2,180,dw00;dw01;dw02;dw03;dw04;dw05;dw06;dw07;dw08,dw00;dw01;dw02;dw03;dw04;dw05;dw06;dw07;dw08,,90,1,2026-08-28T09:29:42.468+0200,dw04,0F85,134,166,-7,-102,130,1.99,62225
ground-height-0m-20260825-163632,d002m_r180_run01.csv,0,2,180,dw00;dw01;dw02;dw03;dw04;dw05;dw06;dw07;dw08,dw00;dw01;dw02;dw03;dw04;dw05;dw06;dw07;dw08,,105,1,2026-08-28T09:29:42.477+0200,dw05,4B92,40,168,51,-42,162,2.14,72265
ground-height-0m-20260825-163632,d002m_r180_run01.csv,0,2,180,dw00;dw01;dw02;dw03;dw04;dw05;dw06;dw07;dw08,dw00;dw01;dw02;dw03;dw04;dw05;dw06;dw07;dw08,,125,1,2026-08-28T09:29:42.487+0200,dw06,0789,157,158,101,9,158,1.87,82336
ground-height-0m-20260825-163632,d002m_r180_run01.csv,0,2,180,dw00;dw01;dw02;dw03;dw04;dw05;dw06;dw07;dw08,dw00;dw01;dw02;dw03;dw04;dw05;dw06;dw07;dw08,,15,1,2026-08-28T09:29:42.538+0200,dw00,8103,128,175,-155,121,126,3.57,32226
ground-height-0m-20260825-163632,d002m_r180_run01.csv,0,2,180,dw00;dw01;dw02;dw03;dw04;dw05;dw06;dw07;dw08,dw00;dw01;dw02;dw03;dw04;dw05;dw06;dw07;dw08,,35,1,2026-08-28T09:29:42.548+0200,dw01,1729,226,165,-136,132,97,2.95,42297
ground-height-0m-20260825-163632,d002m_r180_run01.csv,0,2,180,dw00;dw01;dw02;dw03;dw04;dw05;dw06;dw07;dw08,dw00;dw01;dw02;dw03;dw04;dw05;dw06;dw07;dw08,,55,1,2026-08-28T09:29:42.557+0200,dw02,8FB0,207,160,-95,160,0,3.09,52368
ground-height-0m-20260825-163632,d002m_r180_run01.csv,0,2,180,dw00;dw01;dw02;dw03;dw04;dw05;dw06;dw07;dw08,dw00;dw01;dw02;dw03;dw04;dw05;dw06;dw07;dw08,,145,1,2026-08-28T09:29:42.598+0200,dw07,5783,143,159,143,50,151,2.95,2147483
ground-height-0m-20260825-163632,d002m_r180_run01.csv,0,2,180,dw00;dw01;dw02;dw03;dw04;dw05;dw06;dw07;dw08,dw00;dw01;dw02;dw03;dw04;dw05;dw06;dw07;dw08,,75,1,2026-08-28T09:29:42.617+0200,dw03,021B,217,154,-41,-127,87,3.27,12268
ground-height-0m-20260825-163632,d002m_r180_run01.csv,0,2,180,dw00;dw01;dw02;dw03;dw04;dw05;dw06;dw07;dw08,dw00;dw01;dw02;dw03;dw04;dw05;dw06;dw07;dw08,,165,1,2026-08-28T09:29:42.628+0200,dw08,028E,101,168,167,78,149,3.45,22277
ground-height-0m-20260825-163632,d002m_r180_run01.csv,0,2,180,dw00;dw01;dw02;dw03;dw04;dw05;dw06;dw07;dw08,dw00;dw01;dw02;dw03;dw04;dw05;dw06;dw07;dw08,,90,1,2026-08-28T09:29:42.668+0200,dw04,0F85,135,162,0,-91,133,1.99,62255
ground-height-0m-20260825-163632,d002m_r180_run01.csv,0,2,180,dw00;dw01;dw02;dw03;dw04;dw05;dw06;dw07;dw08,dw00;dw01;dw02;dw03;dw04;dw05;dw06;dw07;dw08,,105,1,2026-08-28T09:29:42.678+0200,dw05,4B92,41,161,48,-43,155,2.20,72265
ground-height-0m-20260825-163632,d002m_r180_run01.csv,0,2,180,dw00;dw01;dw02;dw03;dw04;dw05;dw06;dw07;dw08,dw00;dw01;dw02;dw03;dw04;dw05;dw06;dw07;dw08,,125,1,2026-08-28T09:29:42.687+0200,dw06,0789,158,160,104,12,159,1.81,82305
ground-height-0m-20260825-163632,d002m_r180_run01.csv,0,2,180,dw00;dw01;dw02;dw03;dw04;dw05;dw06;dw07;dw08,dw00;dw01;dw02;dw03;dw04;dw05;dw06;dw07;dw08,,15,1,2026-08-28T09:29:42.737+0200,dw00,8103,129,177,-155,122,128,3.51,32257
ground-height-0m-20260825-163632,d002m_r180_run01.csv,0,2,180,dw00;dw01;dw02;dw03;dw04;dw05;dw06;dw07;dw08,dw00;dw01;dw02;dw03;dw04;dw05;dw06;dw07;dw08,,35,1,2026-08-28T09:29:42.748+0200,dw01,1729,227,165,-133,136,93,2.77,42327
ground-height-0m-20260825-163632,d002m_r180_run01.csv,0,2,180,dw00;dw01;dw02;dw03;dw04;dw05;dw06;dw07;dw08,dw00;dw01;dw02;dw03;dw04;dw05;dw06;dw07;dw08,,55,1,2026-08-28T09:29:42.758+0200,dw02,8FB0,208,166,-100,166,0,3.09,52307
ground-height-0m-20260825-163632,d002m_r180_run01.csv,0,2,180,dw00;dw01;dw02;dw03;dw04;dw05;dw06;dw07;dw08,dw00;dw01;dw02;dw03;dw04;dw05;dw06;dw07;dw08,,145,1,2026-08-28T09:29:42.798+0200,dw07,5783,144,162,136,44,156,3.01,2147483
ground-height-0m-20260825-163632,d002m_r180_run01.csv,0,2,180,dw00;dw01;dw02;dw03;dw04;dw05;dw06;dw07;dw08,dw00;dw01;dw02;dw03;dw04;dw05;dw06;dw07;dw08,,75,1,2026-08-28T09:29:42.817+0200,dw03,021B,218,153,-40,-125,87,3.15,12268
ground-height-0m-20260825-163632,d002m_r180_run01.csv,0,2,180,dw00;dw01;dw02;dw03;dw04;dw05;dw06;dw07;dw08,dw00;dw01;dw02;dw03;dw04;dw05;dw06;dw07;dw08,,165,1,2026-08-28T09:29:42.827+0200,dw08,028E,102,167,163,74,150,3.57,22277
ground-height-0m-20260825-163632,d002m_r180_run01.csv,0,2,180,dw00;dw01;dw02;dw03;dw04;dw05;dw06;dw07;dw08,dw00;dw01;dw02;dw03;dw04;dw05;dw06;dw07;dw08,,90,1,2026-08-28T09:29:42.867+0200,dw04,0F85,136,162,0,-91,133,1.99,62286
ground-height-0m-20260825-163632,d002m_r180_run01.csv,0,2,180,dw00;dw01;dw02;dw03;dw04;dw05;dw06;dw07;dw08,dw00;dw01;dw02;dw03;dw04;dw05;dw06;dw07;dw08,,105,1,2026-08-28T09:29:42.878+0200,dw05,4B92,42,166,48,-44,160,2.26,72235
ground-height-0m-20260825-163632,d002m_r180_run01.csv,0,2,180,dw00;dw01;dw02;dw03;dw04;dw05;dw06;dw07;dw08,dw00;dw01;dw02;dw03;dw04;dw05;dw06;dw07;dw08,,125,1,2026-08-28T09:29:42.887+0200,dw06,0789,159,165,105,13,164,1.87,82336
ground-height-0m-20260825-163632,d002m_r180_run01.csv,0,2,180,dw00;dw01;dw02;dw03;dw04;dw05;dw06;dw07;dw08,dw00;dw01;dw02;dw03;dw04;dw05;dw06;dw07;dw08,,15,1,2026-08-28T09:29:42.937+0200,dw00,8103,130,177,-164,112,136,3.69,32257
ground-height-0m-20260825-163632,d002m_r180_run01.csv,0,2,180,dw00;dw01;dw02;dw03;dw04;dw05;dw06;dw07;dw08,dw00;dw01;dw02;dw03;dw04;dw05;dw06;dw07;dw08,,35,1,2026-08-28T09:29:42.947+0200,dw01,1729,228,164,-135,133,95,2.95,42327
ground-height-0m-20260825-163632,d002m_r180_run01.csv,0,2,180,dw00;dw01;dw02;dw03;dw04;dw05;dw06;dw07;dw08,dw00;dw01;dw02;dw03;dw04;dw05;dw06;dw07;dw08,,55,1,2026-08-28T09:29:42.958+0200,dw02,8FB0,209,166,-93,166,0,3.15,52368
ground-height-0m-20260825-163632,d002m_r180_run01.csv,0,2,180,dw00;dw01;dw02;dw03;dw04;dw05;dw06;dw07;dw08,dw00;dw01;dw02;dw03;dw04;dw05;dw06;dw07;dw08,,145,1,2026-08-28T09:29:42.998+0200,dw07,5783,145,164,138,47,157,2.89,2147483
ground-height-0m-20260825-163632,d002m_r180_run01.csv,0,2,180,dw00;dw01;dw02;dw03;dw04;dw05;dw06;dw07;dw08,dw00;dw01;dw02;dw03;dw04;dw05;dw06;dw07;dw08,,75,1,2026-08-28T09:29:43.017+0200,dw03,021B,219,156,-47,-135,78,3.21,12268
ground-height-0m-20260825-163632,d002m_r180_run01.csv,0,2,180,dw00;dw01;dw02;dw03;dw04;dw05;dw06;dw07;dw08,dw00;dw01;dw02;dw03;dw04;dw05;dw06;dw07;dw08,,165,1,2026-08-28T09:29:43.027+0200,dw08,028E,103,165,163,72,148,3.45,22338
ground-height-0m-20260825-163632,d002m_r180_run01.csv,0,2,180,dw00;dw01;dw02;dw03;dw04;dw05;dw06;dw07;dw08,dw00;dw01;dw02;dw03;dw04;dw05;dw06;dw07;dw08,,90,1,2026-08-28T09:29:43.067+0200,dw04,0F85,137,164,0,-94,135,1.93,62286
ground-height-0m-20260825-163632,d002m_r180_run01.csv,0,2,180,dw00;dw01;dw02;dw03;dw04;dw05;dw06;dw07;dw08,dw00;dw01;dw02;dw03;dw04;dw05;dw06;dw07;dw08,,105,1,2026-08-28T09:29:43.077+0200,dw05,4B92,43,164,52,-39,159,2.26,72265
ground-height-0m-20260825-163632,d002m_r180_run01.csv,0,2,180,dw00;dw01;dw02;dw03;dw04;dw05;dw06;dw07;dw08,dw00;dw01;dw02;dw03;dw04;dw05;dw06;dw07;dw08,,125,1,2026-08-28T09:29:43.088+0200,dw06,0789,160,158,96,4,157,1.87,82336
ground-height-0m-20260825-163632,d002m_r180_run01.csv,0,2,180,dw00;dw01;dw02;dw03;dw04;dw05;dw06;dw07;dw08,dw00;dw01;dw02;dw03;dw04;dw05;dw06;dw07;dw08,,15,1,2026-08-28T09:29:43.138+0200,dw00,8103,131,177,-160,116,133,3.57,32287
ground-height-0m-20260825-163632,d002m_r180_run01.csv,0,2,180,dw00;dw01;dw02;dw03;dw04;dw05;dw06;dw07;dw08,dw00;dw01;dw02;dw03;dw04;dw05;dw06;dw07;dw08,,35,1,2026-08-28T09:29:43.147+0200,dw01,1729,229,162,-136,130,96,3.09,42327
ground-height-0m-20260825-163632,d002m_r180_run01.csv,0,2,180,dw00;dw01;dw02;dw03;dw04;dw05;dw06;dw07;dw08,dw00;dw01;dw02;dw03;dw04;dw05;dw06;dw07;dw08,,55,1,2026-08-28T09:29:43.157+0200,dw02,8FB0,210,159,-102,159,0,3.09,52337
ground-height-0m-20260825-163632,d002m_r180_run01.csv,0,2,180,dw00;dw01;dw02;dw03;dw04;dw05;dw06;dw07;dw08,dw00;dw01;dw02;dw03;dw04;dw05;dw06;dw07;dw08,,145,1,2026-08-28T09:29:43.197+0200,dw07,5783,146,160,140,48,153,2.95,2147483
ground-height-0m-20260825-163632,d002m_r180_run01.csv,0,2,180,dw00;dw01;dw02;dw03;dw04;dw05;dw06;dw07;dw08,dw00;dw01;dw02;dw03;dw04;dw05;dw06;dw07;dw08,,75,1,2026-08-28T09:29:43.218+0200,dw03,021B,220,155,-40,-126,89,3.27,12268
ground-height-0m-20260825-163632,d002m_r180_run01.csv,0,2,180,dw00;dw01;dw02;dw03;dw04;dw05;dw06;dw07;dw08,dw00;dw01;dw02;dw03;dw04;dw05;dw06;dw07;dw08,,165,1,2026-08-28T09:29:43.227+0200,dw08,028E,104,166,166,75,147,3.45,22247
ground-height-0m-20260825-163632,d002m_r180_run01.csv,0,2,180,dw00;dw01;dw02;dw03;dw04;dw05;dw06;dw07;dw08,dw00;dw01;dw02;dw03;dw04;dw05;dw06;dw07;dw08,,90,1,2026-08-28T09:29:43.267+0200,dw04,0F85,138,166,-2,-96,135,1.99,62225
ground-height-0m-20260825-163632,d002m_r180_run01.csv,0,2,180,dw00;dw01;dw02;dw03;dw04;dw05;dw06;dw07;dw08,dw00;dw01;dw02;dw03;dw04;dw05;dw06;dw07;dw08,,105,1,2026-08-28T09:29:43.277+0200,dw05,4B92,44,166,49,-43,160,2.20,72265
ground-height-0m-20260825-163632,d002m_r180_run01.csv,0,2,180,dw00;dw01;dw02;dw03;dw04;dw05;dw06;dw07;dw08,dw00;dw01;dw02;dw03;dw04;dw05;dw06;dw07;dw08,,125,1,2026-08-28T09:29:43.287+0200,dw06,0789,161,157,97,5,157,1.87,82336
ground-height-0m-20260825-163632,d002m_r180_run01.csv,0,2,180,dw00;dw01;dw02;dw03;dw04;dw05;dw06;dw07;dw08,dw00;dw01;dw02;dw03;dw04;dw05;dw06;dw07;dw08,,15,1,2026-08-28T09:29:43.338+0200,dw00,8103,132,178,-155,123,128,3.69,32257
ground-height-0m-20260825-163632,d002m_r180_run01.csv,0,2,180,dw00;dw01;dw02;dw03;dw04;dw05;dw06;dw07;dw08,dw00;dw01;dw02;dw03;dw04;dw05;dw06;dw07;dw08,,35,1,2026-08-28T09:29:43.347+0200,dw01,1729,230,162,-132,134,91,3.06,42358
ground-height-0m-20260825-163632,d002m_r180_run01.csv,0,2,180,dw00;dw01;dw02;dw03;dw04;dw05;dw06;dw07;dw08,dw00;dw01;dw02;dw03;dw04;dw05;dw06;dw07;dw08,,55,1,2026-08-28T09:29:43.357+0200,dw02,8FB0,211,161,-99,161,0,3.15,52368
ground-height-0m-20260825-163632,d002m_r180_run01.csv,0,2,180,dw00;dw01;dw02;dw03;dw04;dw05;dw06;dw07;dw08,dw00;dw01;dw02;dw03;dw04;dw05;dw06;dw07;dw08,,145,1,2026-08-28T09:29:43.397+0200,dw07,5783,147,163,135,44,157,2.95,2147483
ground-height-0m-20260825-163632,d002m_r180_run01.csv,0,2,180,dw00;dw01;dw02;dw03;dw04;dw05;dw06;dw07;dw08,dw00;dw01;dw02;dw03;dw04;dw05;dw06;dw07;dw08,,75,1,2026-08-28T09:29:43.417+0200,dw03,021B,221,152,-40,-125,86,3.33,12268
ground-height-0m-20260825-163632,d002m_r180_run01.csv,0,2,180,dw00;dw01;dw02;dw03;dw04;dw05;dw06;dw07;dw08,dw00;dw01;dw02;dw03;dw04;dw05;dw06;dw07;dw08,,165,1,2026-08-28T09:29:43.427+0200,dw08,028E,105,165,163,72,148,3.45,22308
ground-height-0m-20260825-163632,d002m_r180_run01.csv,0,2,180,dw00;dw01;dw02;dw03;dw04;dw05;dw06;dw07;dw08,dw00;dw01;dw02;dw03;dw04;dw05;dw06;dw07;dw08,,90,1,2026-08-28T09:29:43.468+0200,dw04,0F85,139,165,1,-92,137,1.99,62316
ground-height-0m-20260825-163632,d002m_r180_run01.csv,0,2,180,dw00;dw01;dw02;dw03;dw04;dw05;dw06;dw07;dw08,dw00;dw01;dw02;dw03;dw04;dw05;dw06;dw07;dw08,,105,1,2026-08-28T09:29:43.477+0200,dw05,4B92,45,166,53,-39,161,2.20,72265
ground-height-0m-20260825-163632,d002m_r180_run01.csv,0,2,180,dw00;dw01;dw02;dw03;dw04;dw05;dw06;dw07;dw08,dw00;dw01;dw02;dw03;dw04;dw05;dw06;dw07;dw08,,125,1,2026-08-28T09:29:43.487+0200,dw06,0789,162,156,106,13,156,1.81,82275
ground-height-0m-20260825-163632,d002m_r180_run01.csv,0,2,180,dw00;dw01;dw02;dw03;dw04;dw05;dw06;dw07;dw08,dw00;dw01;dw02;dw03;dw04;dw05;dw06;dw07;dw08,,15,1,2026-08-28T09:29:43.537+0200,dw00,8103,133,176,-155,121,127,3.57,32257
ground-height-0m-20260825-163632,d002m_r180_run01.csv,0,2,180,dw00;dw01;dw02;dw03;dw04;dw05;dw06;dw07;dw08,dw00;dw01;dw02;dw03;dw04;dw05;dw06;dw07;dw08,,35,1,2026-08-28T09:29:43.548+0200,dw01,1729,231,166,-144,126,108,3.09,42297
ground-height-0m-20260825-163632,d002m_r180_run01.csv,0,2,180,dw00;dw01;dw02;dw03;dw04;dw05;dw06;dw07;dw08,dw00;dw01;dw02;dw03;dw04;dw05;dw06;dw07;dw08,,55,1,2026-08-28T09:29:43.557+0200,dw02,8FB0,212,162,-101,162,0,3.15,52337
ground-height-0m-20260825-163632,d002m_r180_run01.csv,0,2,180,dw00;dw01;dw02;dw03;dw04;dw05;dw06;dw07;dw08,dw00;dw01;dw02;dw03;dw04;dw05;dw06;dw07;dw08,,145,1,2026-08-28T09:29:43.597+0200,dw07,5783,148,165,142,51,156,2.95,2147483
ground-height-0m-20260825-163632,d002m_r180_run01.csv,0,2,180,dw00;dw01;dw02;dw03;dw04;dw05;dw06;dw07;dw08,dw00;dw01;dw02;dw03;dw04;dw05;dw06;dw07;dw08,,75,1,2026-08-28T09:29:43.617+0200,dw03,021B,222,156,-41,-129,87,3.21,12268
ground-height-0m-20260825-163632,d002m_r180_run01.csv,0,2,180,dw00;dw01;dw02;dw03;dw04;dw05;dw06;dw07;dw08,dw00;dw01;dw02;dw03;dw04;dw05;dw06;dw07;dw08,,165,1,2026-08-28T09:29:43.627+0200,dw08,028E,106,166,164,74,148,3.33,22277
ground-height-0m-20260825-163632,d002m_r180_run01.csv,0,2,180,dw00;dw01;dw02;dw03;dw04;dw05;dw06;dw07;dw08,dw00;dw01;dw02;dw03;dw04;dw05;dw06;dw07;dw08,,90,1,2026-08-28T09:29:43.667+0200,dw04,0F85,140,163,0,-93,134,2.02,62225
ground-height-0m-20260825-163632,d002m_r180_run01.csv,0,2,180,dw00;dw01;dw02;dw03;dw04;dw05;dw06;dw07;dw08,dw00;dw01;dw02;dw03;dw04;dw05;dw06;dw07;dw08,,105,1,2026-08-28T09:29:43.677+0200,dw05,4B92,46,167,50,-42,161,2.26,72204
ground-height-0m-20260825-163632,d002m_r180_run01.csv,0,2,180,dw00;dw01;dw02;dw03;dw04;dw05;dw06;dw07;dw08,dw00;dw01;dw02;dw03;dw04;dw05;dw06;dw07;dw08,,125,1,2026-08-28T09:29:43.687+0200,dw06,0789,163,159,100,8,159,1.99,82336
ground-height-0m-20260825-163632,d002m_r180_run01.csv,0,2,180,dw00;dw01;dw02;dw03;dw04;dw05;dw06;dw07;dw08,dw00;dw01;dw02;dw03;dw04;dw05;dw06;dw07;dw08,,15,1,2026-08-28T09:29:43.737+0200,dw00,8103,134,177,-159,117,132,3.57,32257
ground-height-0m-20260825-163632,d002m_r180_run01.csv,0,2,180,dw00;dw01;dw02;dw03;dw04;dw05;dw06;dw07;dw08,dw00;dw01;dw02;dw03;dw04;dw05;dw06;dw07;dw08,,35,1,2026-08-28T09:29:43.747+0200,dw01,1729,232,162,-136,131,96,3.01,42358
ground-height-0m-20260825-163632,d002m_r180_run01.csv,0,2,180,dw00;dw01;dw02;dw03;dw04;dw05;dw06;dw07;dw08,dw00;dw01;dw02;dw03;dw04;dw05;dw06;dw07;dw08,,55,1,2026-08-28T09:29:43.758+0200,dw02,8FB0,213,161,-98,161,0,3.15,52368
ground-height-0m-20260825-163632,d002m_r180_run01.csv,0,2,180,dw00;dw01;dw02;dw03;dw04;dw05;dw06;dw07;dw08,dw00;dw01;dw02;dw03;dw04;dw05;dw06;dw07;dw08,,145,1,2026-08-28T09:29:43.798+0200,dw07,5783,149,161,139,47,154,3.06,2147483
ground-height-0m-20260825-163632,d002m_r180_run01.csv,0,2,180,dw00;dw01;dw02;dw03;dw04;dw05;dw06;dw07;dw08,dw00;dw01;dw02;dw03;dw04;dw05;dw06;dw07;dw08,,75,1,2026-08-28T09:29:43.817+0200,dw03,021B,223,155,-34,-122,96,3.33,12298
ground-height-0m-20260825-163632,d002m_r180_run01.csv,0,2,180,dw00;dw01;dw02;dw03;dw04;dw05;dw06;dw07;dw08,dw00;dw01;dw02;dw03;dw04;dw05;dw06;dw07;dw08,,165,1,2026-08-28T09:29:43.827+0200,dw08,028E,107,167,166,76,148,3.33,22247
ground-height-0m-20260825-163632,d002m_r180_run01.csv,0,2,180,dw00;dw01;dw02;dw03;dw04;dw05;dw06;dw07;dw08,dw00;dw01;dw02;dw03;dw04;dw05;dw06;dw07;dw08,,90,1,2026-08-28T09:29:43.867+0200,dw04,0F85,141,164,-2,-96,133,1.99,62225
ground-height-0m-20260825-163632,d002m_r180_run01.csv,0,2,180,dw00;dw01;dw02;dw03;dw04;dw05;dw06;dw07;dw08,dw00;dw01;dw02;dw03;dw04;dw05;dw06;dw07;dw08,,105,1,2026-08-28T09:29:43.877+0200,dw05,4B92,47,165,50,-41,159,2.20,72265
ground-height-0m-20260825-163632,d002m_r180_run01.csv,0,2,180,dw00;dw01;dw02;dw03;dw04;dw05;dw06;dw07;dw08,dw00;dw01;dw02;dw03;dw04;dw05;dw06;dw07;dw08,,125,1,2026-08-28T09:29:43.887+0200,dw06,0789,164,155,98,6,155,1.93,82336
ground-height-0m-20260825-163632,d002m_r180_run01.csv,0,2,180,dw00;dw01;dw02;dw03;dw04;dw05;dw06;dw07;dw08,dw00;dw01;dw02;dw03;dw04;dw05;dw06;dw07;dw08,,15,1,2026-08-28T09:29:43.937+0200,dw00,8103,135,178,-153,125,126,3.51,32287
ground-height-0m-20260825-163632,d002m_r180_run01.csv,0,2,180,dw00;dw01;dw02;dw03;dw04;dw05;dw06;dw07;dw08,dw00;dw01;dw02;dw03;dw04;dw05;dw06;dw07;dw08,,35,1,2026-08-28T09:29:43.947+0200,dw01,1729,233,167,-134,136,96,2.95,42327
ground-height-0m-20260825-163632,d002m_r180_run01.csv,0,2,180,dw00;dw01;dw02;dw03;dw04;dw05;dw06;dw07;dw08,dw00;dw01;dw02;dw03;dw04;dw05;dw06;dw07;dw08,,55,1,2026-08-28T09:29:43.957+0200,dw02,8FB0,214,161,-98,161,0,3.09,52307
ground-height-0m-20260825-163632,d002m_r180_run01.csv,0,2,180,dw00;dw01;dw02;dw03;dw04;dw05;dw06;dw07;dw08,dw00;dw01;dw02;dw03;dw04;dw05;dw06;dw07;dw08,,145,1,2026-08-28T09:29:43.997+0200,dw07,5783,150,162,137,45,155,2.83,2147483
ground-height-0m-20260825-163632,d002m_r180_run01.csv,0,2,180,dw00;dw01;dw02;dw03;dw04;dw05;dw06;dw07;dw08,dw00;dw01;dw02;dw03;dw04;dw05;dw06;dw07;dw08,,75,1,2026-08-28T09:29:44.017+0200,dw03,021B,224,152,-40,-124,88,3.33,12268
ground-height-0m-20260825-163632,d002m_r180_run01.csv,0,2,180,dw00;dw01;dw02;dw03;dw04;dw05;dw06;dw07;dw08,dw00;dw01;dw02;dw03;dw04;dw05;dw06;dw07;dw08,,165,1,2026-08-28T09:29:44.027+0200,dw08,028E,108,168,162,73,152,3.45,22277
ground-height-0m-20260825-163632,d002m_r180_run01.csv,0,2,180,dw00;dw01;dw02;dw03;dw04;dw05;dw06;dw07;dw08,dw00;dw01;dw02;dw03;dw04;dw05;dw06;dw07;dw08,,90,1,2026-08-28T09:29:44.067+0200,dw04,0F85,142,166,-1,-96,135,2.08,62225
ground-height-0m-20260825-163632,d002m_r180_run01.csv,0,2,180,dw00;dw01;dw02;dw03;dw04;dw05;dw06;dw07;dw08,dw00;dw01;dw02;dw03;dw04;dw05;dw06;dw07;dw08,,105,1,2026-08-28T09:29:44.077+0200,dw05,4B92,48,162,47,-44,156,2.08,72235
ground-height-0m-20260825-163632,d002m_r180_run01.csv,0,2,180,dw00;dw01;dw02;dw03;dw04;dw05;dw06;dw07;dw08,dw00;dw01;dw02;dw03;dw04;dw05;dw06;dw07;dw08,,125,1,2026-08-28T09:29:44.087+0200,dw06,0789,165,155,100,8,155,1.81,82305
ground-height-0m-20260825-163632,d002m_r180_run01.csv,0,2,180,dw00;dw01;dw02;dw03;dw04;dw05;dw06;dw07;dw08,dw00;dw01;dw02;dw03;dw04;dw05;dw06;dw07;dw08,,15,1,2026-08-28T09:29:44.138+0200,dw00,8103,136,173,-156,118,126,3.63,32226
ground-height-0m-20260825-163632,d002m_r180_run01.csv,0,2,180,dw00;dw01;dw02;dw03;dw04;dw05;dw06;dw07;dw08,dw00;dw01;dw02;dw03;dw04;dw05;dw06;dw07;dw08,,35,1,2026-08-28T09:29:44.147+0200,dw01,1729,234,163,-134,134,93,3.06,42297
ground-height-0m-20260825-163632,d002m_r180_run01.csv,0,2,180,dw00;dw01;dw02;dw03;dw04;dw05;dw06;dw07;dw08,dw00;dw01;dw02;dw03;dw04;dw05;dw06;dw07;dw08,,55,1,2026-08-28T09:29:44.157+0200,dw02,8FB0,215,166,-95,166,0,3.06,52398
ground-height-0m-20260825-163632,d002m_r180_run01.csv,0,2,180,dw00;dw01;dw02;dw03;dw04;dw05;dw06;dw07;dw08,dw00;dw01;dw02;dw03;dw04;dw05;dw06;dw07;dw08,,145,1,2026-08-28T09:29:44.197+0200,dw07,5783,151,161,142,50,153,2.89,2147483
ground-height-0m-20260825-163632,d002m_r180_run01.csv,0,2,180,dw00;dw01;dw02;dw03;dw04;dw05;dw06;dw07;dw08,dw00;dw01;dw02;dw03;dw04;dw05;dw06;dw07;dw08,,75,1,2026-08-28T09:29:44.216+0200,dw03,021B,225,153,-39,-125,88,3.27,12268
ground-height-0m-20260825-163632,d002m_r180_run01.csv,0,2,180,dw00;dw01;dw02;dw03;dw04;dw05;dw06;dw07;dw08,dw00;dw01;dw02;dw03;dw04;dw05;dw06;dw07;dw08,,165,1,2026-08-28T09:29:44.227+0200,dw08,028E,109,168,161,72,152,3.45,22277
ground-height-0m-20260825-163632,d002m_r180_run01.csv,0,2,180,dw00;dw01;dw02;dw03;dw04;dw05;dw06;dw07;dw08,dw00;dw01;dw02;dw03;dw04;dw05;dw06;dw07;dw08,,90,1,2026-08-28T09:29:44.267+0200,dw04,0F85,143,165,-3,-97,134,1.93,62286
ground-height-0m-20260825-163632,d002m_r180_run01.csv,0,2,180,dw00;dw01;dw02;dw03;dw04;dw05;dw06;dw07;dw08,dw00;dw01;dw02;dw03;dw04;dw05;dw06;dw07;dw08,,105,1,2026-08-28T09:29:44.277+0200,dw05,4B92,49,167,53,-40,162,2.20,72235
ground-height-0m-20260825-163632,d002m_r180_run01.csv,0,2,180,dw00;dw01;dw02;dw03;dw04;dw05;dw06;dw07;dw08,dw00;dw01;dw02;dw03;dw04;dw05;dw06;dw07;dw08,,125,1,2026-08-28T09:29:44.287+0200,dw06,0789,166,162,106,14,162,1.81,82305
ground-height-0m-20260825-163632,d002m_r180_run01.csv,0,2,180,dw00;dw01;dw02;dw03;dw04;dw05;dw06;dw07;dw08,dw00;dw01;dw02;dw03;dw04;dw05;dw06;dw07;dw08,,15,1,2026-08-28T09:29:44.337+0200,dw00,8103,137,177,-164,113,137,3.51,32287
ground-height-0m-20260825-163632,d002m_r180_run01.csv,0,2,180,dw00;dw01;dw02;dw03;dw04;dw05;dw06;dw07;dw08,dw00;dw01;dw02;dw03;dw04;dw05;dw06;dw07;dw08,,35,1,2026-08-28T09:29:44.348+0200,dw01,1729,235,168,-136,136,99,2.95,42327
ground-height-0m-20260825-163632,d002m_r180_run01.csv,0,2,180,dw00;dw01;dw02;dw03;dw04;dw05;dw06;dw07;dw08,dw00;dw01;dw02;dw03;dw04;dw05;dw06;dw07;dw08,,55,1,2026-08-28T09:29:44.357+0200,dw02,8FB0,216,164,-89,164,0,3.09,52307
ground-height-0m-20260825-163632,d002m_r180_run01.csv,0,2,180,dw00;dw01;dw02;dw03;dw04;dw05;dw06;dw07;dw08,dw00;dw01;dw02;dw03;dw04;dw05;dw06;dw07;dw08,,145,1,2026-08-28T09:29:44.397+0200,dw07,5783,152,162,137,45,155,2.95,2147483
ground-height-0m-20260825-163632,d002m_r180_run01.csv,0,2,180,dw00;dw01;dw02;dw03;dw04;dw05;dw06;dw07;dw08,dw00;dw01;dw02;dw03;dw04;dw05;dw06;dw07;dw08,,75,1,2026-08-28T09:29:44.417+0200,dw03,021B,226,156,-38,-126,92,3.33,12268
ground-height-0m-20260825-163632,d002m_r180_run01.csv,0,2,180,dw00;dw01;dw02;dw03;dw04;dw05;dw06;dw07;dw08,dw00;dw01;dw02;dw03;dw04;dw05;dw06;dw07;dw08,,165,1,2026-08-28T09:29:44.426+0200,dw08,028E,110,164,163,72,147,3.45,22277
ground-height-0m-20260825-163632,d002m_r180_run01.csv,0,2,180,dw00;dw01;dw02;dw03;dw04;dw05;dw06;dw07;dw08,dw00;dw01;dw02;dw03;dw04;dw05;dw06;dw07;dw08,,90,1,2026-08-28T09:29:44.466+0200,dw04,0F85,144,166,1,-92,138,2.02,62286
ground-height-0m-20260825-163632,d002m_r180_run01.csv,0,2,180,dw00;dw01;dw02;dw03;dw04;dw05;dw06;dw07;dw08,dw00;dw01;dw02;dw03;dw04;dw05;dw06;dw07;dw08,,105,1,2026-08-28T09:29:44.477+0200,dw05,4B92,50,167,46,-46,161,2.20,72235
ground-height-0m-20260825-163632,d002m_r180_run01.csv,0,2,180,dw00;dw01;dw02;dw03;dw04;dw05;dw06;dw07;dw08,dw00;dw01;dw02;dw03;dw04;dw05;dw06;dw07;dw08,,125,1,2026-08-28T09:29:44.487+0200,dw06,0789,167,159,98,6,159,1.81,82305
ground-height-0m-20260825-163632,d002m_r180_run01.csv,0,2,180,dw00;dw01;dw02;dw03;dw04;dw05;dw06;dw07;dw08,dw00;dw01;dw02;dw03;dw04;dw05;dw06;dw07;dw08,,15,1,2026-08-28T09:29:44.537+0200,dw00,8103,138,178,-157,121,131,3.57,32257
ground-height-0m-20260825-163632,d002m_r180_run01.csv,0,2,180,dw00;dw01;dw02;dw03;dw04;dw05;dw06;dw07;dw08,dw00;dw01;dw02;dw03;dw04;dw05;dw06;dw07;dw08,,35,1,2026-08-28T09:29:44.547+0200,dw01,1729,236,164,-136,132,96,3.01,42327
ground-height-0m-20260825-163632,d002m_r180_run01.csv,0,2,180,dw00;dw01;dw02;dw03;dw04;dw05;dw06;dw07;dw08,dw00;dw01;dw02;dw03;dw04;dw05;dw06;dw07;dw08,,55,1,2026-08-28T09:29:44.557+0200,dw02,8FB0,217,163,-100,163,0,3.09,52337
ground-height-0m-20260825-163632,d002m_r180_run01.csv,0,2,180,dw00;dw01;dw02;dw03;dw04;dw05;dw06;dw07;dw08,dw00;dw01;dw02;dw03;dw04;dw05;dw06;dw07;dw08,,145,1,2026-08-28T09:29:44.596+0200,dw07,5783,153,163,137,45,157,2.89,2147483
ground-height-0m-20260825-163632,d002m_r180_run01.csv,0,2,180,dw00;dw01;dw02;dw03;dw04;dw05;dw06;dw07;dw08,dw00;dw01;dw02;dw03;dw04;dw05;dw06;dw07;dw08,,75,1,2026-08-28T09:29:44.617+0200,dw03,021B,227,156,-40,-127,90,3.33,12268
ground-height-0m-20260825-163632,d002m_r180_run01.csv,0,2,180,dw00;dw01;dw02;dw03;dw04;dw05;dw06;dw07;dw08,dw00;dw01;dw02;dw03;dw04;dw05;dw06;dw07;dw08,,165,1,2026-08-28T09:29:44.627+0200,dw08,028E,111,168,163,74,151,3.45,22277
ground-height-0m-20260825-163632,d002m_r180_run01.csv,0,2,180,dw00;dw01;dw02;dw03;dw04;dw05;dw06;dw07;dw08,dw00;dw01;dw02;dw03;dw04;dw05;dw06;dw07;dw08,,90,1,2026-08-28T09:29:44.667+0200,dw04,0F85,145,164,2,-91,137,1.99,62225
ground-height-0m-20260825-163632,d002m_r180_run01.csv,0,2,180,dw00;dw01;dw02;dw03;dw04;dw05;dw06;dw07;dw08,dw00;dw01;dw02;dw03;dw04;dw05;dw06;dw07;dw08,,105,1,2026-08-28T09:29:44.676+0200,dw05,4B92,51,166,55,-37,162,2.14,72235
ground-height-0m-20260825-163632,d002m_r180_run01.csv,0,2,180,dw00;dw01;dw02;dw03;dw04;dw05;dw06;dw07;dw08,dw00;dw01;dw02;dw03;dw04;dw05;dw06;dw07;dw08,,125,1,2026-08-28T09:29:44.687+0200,dw06,0789,168,157,99,7,157,1.87,82336
ground-height-0m-20260825-163632,d002m_r180_run01.csv,0,2,180,dw00;dw01;dw02;dw03;dw04;dw05;dw06;dw07;dw08,dw00;dw01;dw02;dw03;dw04;dw05;dw06;dw07;dw08,,15,1,2026-08-28T09:29:44.737+0200,dw00,8103,139,175,-164,111,135,3.57,32287
ground-height-0m-20260825-163632,d002m_r180_run01.csv,0,2,180,dw00;dw01;dw02;dw03;dw04;dw05;dw06;dw07;dw08,dw00;dw01;dw02;dw03;dw04;dw05;dw06;dw07;dw08,,35,1,2026-08-28T09:29:44.747+0200,dw01,1729,237,164,-136,131,97,2.89,42327
ground-height-0m-20260825-163632,d002m_r180_run01.csv,0,2,180,dw00;dw01;dw02;dw03;dw04;dw05;dw06;dw07;dw08,dw00;dw01;dw02;dw03;dw04;dw05;dw06;dw07;dw08,,55,1,2026-08-28T09:29:44.756+0200,dw02,8FB0,218,164,-98,164,0,3.06,52368
ground-height-0m-20260825-163632,d002m_r180_run01.csv,0,2,180,dw00;dw01;dw02;dw03;dw04;dw05;dw06;dw07;dw08,dw00;dw01;dw02;dw03;dw04;dw05;dw06;dw07;dw08,,145,1,2026-08-28T09:29:44.797+0200,dw07,5783,154,162,142,50,154,2.95,2147483
ground-height-0m-20260825-163632,d002m_r180_run01.csv,0,2,180,dw00;dw01;dw02;dw03;dw04;dw05;dw06;dw07;dw08,dw00;dw01;dw02;dw03;dw04;dw05;dw06;dw07;dw08,,75,1,2026-08-28T09:29:44.817+0200,dw03,021B,228,155,-40,-126,89,3.33,12268
ground-height-0m-20260825-163632,d002m_r180_run01.csv,0,2,180,dw00;dw01;dw02;dw03;dw04;dw05;dw06;dw07;dw08,dw00;dw01;dw02;dw03;dw04;dw05;dw06;dw07;dw08,,165,1,2026-08-28T09:29:44.827+0200,dw08,028E,112,170,166,78,151,3.51,22247
ground-height-0m-20260825-163632,d002m_r180_run01.csv,0,2,180,dw00;dw01;dw02;dw03;dw04;dw05;dw06;dw07;dw08,dw00;dw01;dw02;dw03;dw04;dw05;dw06;dw07;dw08,,90,1,2026-08-28T09:29:44.867+0200,dw04,0F85,146,166,1,-93,137,1.99,62286
ground-height-0m-20260825-163632,d002m_r180_run01.csv,0,2,180,dw00;dw01;dw02;dw03;dw04;dw05;dw06;dw07;dw08,dw00;dw01;dw02;dw03;dw04;dw05;dw06;dw07;dw08,,105,1,2026-08-28T09:29:44.877+0200,dw05,4B92,52,168,52,-41,163,2.20,72235
ground-height-0m-20260825-163632,d002m_r180_run01.csv,0,2,180,dw00;dw01;dw02;dw03;dw04;dw05;dw06;dw07;dw08,dw00;dw01;dw02;dw03;dw04;dw05;dw06;dw07;dw08,,125,1,2026-08-28T09:29:44.886+0200,dw06,0789,169,159,105,13,158,1.81,82336
ground-height-0m-20260825-163632,d002m_r180_run01.csv,0,2,180,dw00;dw01;dw02;dw03;dw04;dw05;dw06;dw07;dw08,dw00;dw01;dw02;dw03;dw04;dw05;dw06;dw07;dw08,,15,1,2026-08-28T09:29:44.937+0200,dw00,8103,140,173,-157,117,128,3.51,32257
ground-height-0m-20260825-163632,d002m_r180_run01.csv,0,2,180,dw00;dw01;dw02;dw03;dw04;dw05;dw06;dw07;dw08,dw00;dw01;dw02;dw03;dw04;dw05;dw06;dw07;dw08,,35,1,2026-08-28T09:29:44.947+0200,dw01,1729,238,167,-133,138,94,2.95,42327
ground-height-0m-20260825-163632,d002m_r180_run01.csv,0,2,180,dw00;dw01;dw02;dw03;dw04;dw05;dw06;dw07;dw08,dw00;dw01;dw02;dw03;dw04;dw05;dw06;dw07;dw08,,55,1,2026-08-28T09:29:44.957+0200,dw02,8FB0,219,162,-101,162,0,3.06,52368
ground-height-0m-20260825-163632,d002m_r180_run01.csv,0,2,180,dw00;dw01;dw02;dw03;dw04;dw05;dw06;dw07;dw08,dw00;dw01;dw02;dw03;dw04;dw05;dw06;dw07;dw08,,145,1,2026-08-28T09:29:44.997+0200,dw07,5783,155,161,137,45,155,2.95,2147483
ground-height-0m-20260825-163632,d002m_r180_run01.csv,0,2,180,dw00;dw01;dw02;dw03;dw04;dw05;dw06;dw07;dw08,dw00;dw01;dw02;dw03;dw04;dw05;dw06;dw07;dw08,,75,1,2026-08-28T09:29:45.016+0200,dw03,021B,229,156,-41,-129,87,3.27,12268
ground-height-0m-20260825-163632,d002m_r180_run01.csv,0,2,180,dw00;dw01;dw02;dw03;dw04;dw05;dw06;dw07;dw08,dw00;dw01;dw02;dw03;dw04;dw05;dw06;dw07;dw08,,165,1,2026-08-28T09:29:45.027+0200,dw08,028E,113,166,169,79,146,3.39,22308
ground-height-0m-20260825-163632,d002m_r180_run01.csv,0,2,180,dw00;dw01;dw02;dw03;dw04;dw05;dw06;dw07;dw08,dw00;dw01;dw02;dw03;dw04;dw05;dw06;dw07;dw08,,90,1,2026-08-28T09:29:45.067+0200,dw04,0F85,147,165,-2,-96,134,1.93,62225
ground-height-0m-20260825-163632,d002m_r180_run01.csv,0,2,180,dw00;dw01;dw02;dw03;dw04;dw05;dw06;dw07;dw08,dw00;dw01;dw02;dw03;dw04;dw05;dw06;dw07;dw08,,105,1,2026-08-28T09:29:45.077+0200,dw05,4B92,53,164,52,-39,159,2.20,72296
ground-height-0m-20260825-163632,d002m_r180_run01.csv,0,2,180,dw00;dw01;dw02;dw03;dw04;dw05;dw06;dw07;dw08,dw00;dw01;dw02;dw03;dw04;dw05;dw06;dw07;dw08,,125,1,2026-08-28T09:29:45.087+0200,dw06,0789,170,154,103,10,153,1.87,82275
ground-height-0m-20260825-163632,d002m_r180_run01.csv,0,2,180,dw00;dw01;dw02;dw03;dw04;dw05;dw06;dw07;dw08,dw00;dw01;dw02;dw03;dw04;dw05;dw06;dw07;dw08,,15,1,2026-08-28T09:29:45.136+0200,dw00,8103,141,180,-153,125,128,3.57,32287
ground-height-0m-20260825-163632,d002m_r180_run01.csv,0,2,180,dw00;dw01;dw02;dw03;dw04;dw05;dw06;dw07;dw08,dw00;dw01;dw02;dw03;dw04;dw05;dw06;dw07;dw08,,35,1,2026-08-28T09:29:45.147+0200,dw01,1729,239,166,-135,134,97,2.95,42327
ground-height-0m-20260825-163632,d002m_r180_run01.csv,0,2,180,dw00;dw01;dw02;dw03;dw04;dw05;dw06;dw07;dw08,dw00;dw01;dw02;dw03;dw04;dw05;dw06;dw07;dw08,,55,1,2026-08-28T09:29:45.157+0200,dw02,8FB0,220,166,-98,166,0,3.15,52337
ground-height-0m-20260825-163632,d002m_r180_run01.csv,0,2,180,dw00;dw01;dw02;dw03;dw04;dw05;dw06;dw07;dw08,dw00;dw01;dw02;dw03;dw04;dw05;dw06;dw07;dw08,,145,1,2026-08-28T09:29:45.197+0200,dw07,5783,156,162,138,46,155,2.95,2147483
ground-height-0m-20260825-163632,d002m_r180_run01.csv,0,2,180,dw00;dw01;dw02;dw03;dw04;dw05;dw06;dw07;dw08,dw00;dw01;dw02;dw03;dw04;dw05;dw06;dw07;dw08,,75,1,2026-08-28T09:29:45.216+0200,dw03,021B,230,155,-39,-127,90,3.33,12268
ground-height-0m-20260825-163632,d002m_r180_run01.csv,0,2,180,dw00;dw01;dw02;dw03;dw04;dw05;dw06;dw07;dw08,dw00;dw01;dw02;dw03;dw04;dw05;dw06;dw07;dw08,,165,1,2026-08-28T09:29:45.226+0200,dw08,028E,114,168,162,73,152,3.33,22247
ground-height-0m-20260825-163632,d002m_r180_run01.csv,0,2,180,dw00;dw01;dw02;dw03;dw04;dw05;dw06;dw07;dw08,dw00;dw01;dw02;dw03;dw04;dw05;dw06;dw07;dw08,,90,1,2026-08-28T09:29:45.266+0200,dw04,0F85,148,165,-2,-96,134,1.93,62286
ground-height-0m-20260825-163632,d002m_r180_run01.csv,0,2,180,dw00;dw01;dw02;dw03;dw04;dw05;dw06;dw07;dw08,dw00;dw01;dw02;dw03;dw04;dw05;dw06;dw07;dw08,,105,1,2026-08-28T09:29:45.277+0200,dw05,4B92,54,167,49,-44,161,2.20,72204
ground-height-0m-20260825-163632,d002m_r180_run01.csv,0,2,180,dw00;dw01;dw02;dw03;dw04;dw05;dw06;dw07;dw08,dw00;dw01;dw02;dw03;dw04;dw05;dw06;dw07;dw08,,125,1,2026-08-28T09:29:45.287+0200,dw06,0789,171,162,102,10,161,1.75,82305
ground-height-0m-20260825-163632,d002m_r180_run01.csv,0,2,180,dw00;dw01;dw02;dw03;dw04;dw05;dw06;dw07;dw08,dw00;dw01;dw02;dw03;dw04;dw05;dw06;dw07;dw08,,15,1,2026-08-28T09:29:45.337+0200,dw00,8103,142,175,-159,116,131,3.57,32287
ground-height-0m-20260825-163632,d002m_r180_run01.csv,0,2,180,dw00;dw01;dw02;dw03;dw04;dw05;dw06;dw07;dw08,dw00;dw01;dw02;dw03;dw04;dw05;dw06;dw07;dw08,,35,1,2026-08-28T09:29:45.346+0200,dw01,1729,240,161,-134,132,92,2.95,42327
ground-height-0m-20260825-163632,d002m_r180_run01.csv,0,2,180,dw00;dw01;dw02;dw03;dw04;dw05;dw06;dw07;dw08,dw00;dw01;dw02;dw03;dw04;dw05;dw06;dw07;dw08,,55,1,2026-08-28T09:29:45.357+0200,dw02,8FB0,221,162,-102,162,0,3.06,52337
ground-height-0m-20260825-163632,d002m_r180_run01.csv,0,2,180,dw00;dw01;dw02;dw03;dw04;dw05;dw06;dw07;dw08,dw00;dw01;dw02;dw03;dw04;dw05;dw06;dw07;dw08,,145,1,2026-08-28T09:29:45.396+0200,dw07,5783,157,164,136,45,157,2.89,2147483
ground-height-0m-20260825-163632,d002m_r180_run01.csv,0,2,180,dw00;dw01;dw02;dw03;dw04;dw05;dw06;dw07;dw08,dw00;dw01;dw02;dw03;dw04;dw05;dw06;dw07;dw08,,75,1,2026-08-28T09:29:45.417+0200,dw03,021B,231,152,-46,-130,78,3.21,12268
ground-height-0m-20260825-163632,d002m_r180_run01.csv,0,2,180,dw00;dw01;dw02;dw03;dw04;dw05;dw06;dw07;dw08,dw00;dw01;dw02;dw03;dw04;dw05;dw06;dw07;dw08,,165,1,2026-08-28T09:29:45.426+0200,dw08,028E,115,169,163,73,152,3.51,22216
ground-height-0m-20260825-163632,d002m_r180_run01.csv,0,2,180,dw00;dw01;dw02;dw03;dw04;dw05;dw06;dw07;dw08,dw00;dw01;dw02;dw03;dw04;dw05;dw06;dw07;dw08,,90,1,2026-08-28T09:29:45.466+0200,dw04,0F85,149,162,-3,-95,131,1.99,62255
ground-height-0m-20260825-163632,d002m_r180_run01.csv,0,2,180,dw00;dw01;dw02;dw03;dw04;dw05;dw06;dw07;dw08,dw00;dw01;dw02;dw03;dw04;dw05;dw06;dw07;dw08,,105,1,2026-08-28T09:29:45.476+0200,dw05,4B92,55,165,49,-43,159,2.20,72235
ground-height-0m-20260825-163632,d002m_r180_run01.csv,0,2,180,dw00;dw01;dw02;dw03;dw04;dw05;dw06;dw07;dw08,dw00;dw01;dw02;dw03;dw04;dw05;dw06;dw07;dw08,,125,1,2026-08-28T09:29:45.487+0200,dw06,0789,172,160,102,10,160,1.81,82336
ground-height-0m-20260825-163632,d002m_r180_run01.csv,0,2,180,dw00;dw01;dw02;dw03;dw04;dw05;dw06;dw07;dw08,dw00;dw01;dw02;dw03;dw04;dw05;dw06;dw07;dw08,,15,1,2026-08-28T09:29:45.537+0200,dw00,8103,143,177,-159,118,131,3.57,32257
ground-height-0m-20260825-163632,d002m_r180_run01.csv,0,2,180,dw00;dw01;dw02;dw03;dw04;dw05;dw06;dw07;dw08,dw00;dw01;dw02;dw03;dw04;dw05;dw06;dw07;dw08,,35,1,2026-08-28T09:29:45.547+0200,dw01,1729,241,166,-139,130,103,2.95,42327
ground-height-0m-20260825-163632,d002m_r180_run01.csv,0,2,180,dw00;dw01;dw02;dw03;dw04;dw05;dw06;dw07;dw08,dw00;dw01;dw02;dw03;dw04;dw05;dw06;dw07;dw08,,55,1,2026-08-28T09:29:45.556+0200,dw02,8FB0,222,167,-94,167,0,3.15,52368
ground-height-0m-20260825-163632,d002m_r180_run01.csv,0,2,180,dw00;dw01;dw02;dw03;dw04;dw05;dw06;dw07;dw08,dw00;dw01;dw02;dw03;dw04;dw05;dw06;dw07;dw08,,145,1,2026-08-28T09:29:45.596+0200,dw07,5783,158,158,143,50,150,2.83,2147483
ground-height-0m-20260825-163632,d002m_r180_run01.csv,0,2,180,dw00;dw01;dw02;dw03;dw04;dw05;dw06;dw07;dw08,dw00;dw01;dw02;dw03;dw04;dw05;dw06;dw07;dw08,,75,1,2026-08-28T09:29:45.617+0200,dw03,021B,232,154,-40,-127,88,3.27,12268
ground-height-0m-20260825-163632,d002m_r180_run01.csv,0,2,180,dw00;dw01;dw02;dw03;dw04;dw05;dw06;dw07;dw08,dw00;dw01;dw02;dw03;dw04;dw05;dw06;dw07;dw08,,165,1,2026-08-28T09:29:45.627+0200,dw08,028E,116,166,163,73,149,3.45,22308
ground-height-0m-20260825-163632,d002m_r180_run01.csv,0,2,180,dw00;dw01;dw02;dw03;dw04;dw05;dw06;dw07;dw08,dw00;dw01;dw02;dw03;dw04;dw05;dw06;dw07;dw08,,90,1,2026-08-28T09:29:45.667+0200,dw04,0F85,150,165,2,-91,137,1.99,62225
ground-height-0m-20260825-163632,d002m_r180_run01.csv,0,2,180,dw00;dw01;dw02;dw03;dw04;dw05;dw06;dw07;dw08,dw00;dw01;dw02;dw03;dw04;dw05;dw06;dw07;dw08,,105,1,2026-08-28T09:29:45.676+0200,dw05,4B92,56,161,51,-39,156,2.14,72265
ground-height-0m-20260825-163632,d002m_r180_run01.csv,0,2,180,dw00;dw01;dw02;dw03;dw04;dw05;dw06;dw07;dw08,dw00;dw01;dw02;dw03;dw04;dw05;dw06;dw07;dw08,,125,1,2026-08-28T09:29:45.686+0200,dw06,0789,173,157,100,8,157,1.87,82336
ground-height-0m-20260825-163632,d002m_r180_run01.csv,0,2,180,dw00;dw01;dw02;dw03;dw04;dw05;dw06;dw07;dw08,dw00;dw01;dw02;dw03;dw04;dw05;dw06;dw07;dw08,,15,1,2026-08-28T09:29:45.737+0200,dw00,8103,144,178,-162,114,136,3.51,32257
ground-height-0m-20260825-163632,d002m_r180_run01.csv,0,2,180,dw00;dw01;dw02;dw03;dw04;dw05;dw06;dw07;dw08,dw00;dw01;dw02;dw03;dw04;dw05;dw06;dw07;dw08,,35,1,2026-08-28T09:29:45.747+0200,dw01,1729,242,164,-135,133,95,3.01,42327
ground-height-0m-20260825-163632,d002m_r180_run01.csv,0,2,180,dw00;dw01;dw02;dw03;dw04;dw05;dw06;dw07;dw08,dw00;dw01;dw02;dw03;dw04;dw05;dw06;dw07;dw08,,55,1,2026-08-28T09:29:45.756+0200,dw02,8FB0,223,166,-99,166,0,3.06,52398
ground-height-0m-20260825-163632,d002m_r180_run01.csv,0,2,180,dw00;dw01;dw02;dw03;dw04;dw05;dw06;dw07;dw08,dw00;dw01;dw02;dw03;dw04;dw05;dw06;dw07;dw08,,145,1,2026-08-28T09:29:45.797+0200,dw07,5783,159,162,135,43,156,2.89,2092254
ground-height-0m-20260825-163632,d002m_r180_run01.csv,0,2,180,dw00;dw01;dw02;dw03;dw04;dw05;dw06;dw07;dw08,dw00;dw01;dw02;dw03;dw04;dw05;dw06;dw07;dw08,,75,1,2026-08-28T09:29:45.816+0200,dw03,021B,233,155,-39,-125,90,3.33,12298
ground-height-0m-20260825-163632,d002m_r180_run01.csv,0,2,180,dw00;dw01;dw02;dw03;dw04;dw05;dw06;dw07;dw08,dw00;dw01;dw02;dw03;dw04;dw05;dw06;dw07;dw08,,165,1,2026-08-28T09:29:45.827+0200,dw08,028E,117,171,161,72,154,3.45,22277
ground-height-0m-20260825-163632,d002m_r180_run01.csv,0,2,180,dw00;dw01;dw02;dw03;dw04;dw05;dw06;dw07;dw08,dw00;dw01;dw02;dw03;dw04;dw05;dw06;dw07;dw08,,90,1,2026-08-28T09:29:45.867+0200,dw04,0F85,151,163,-3,-96,131,2.02,62316
ground-height-0m-20260825-163632,d002m_r180_run01.csv,0,2,180,dw00;dw01;dw02;dw03;dw04;dw05;dw06;dw07;dw08,dw00;dw01;dw02;dw03;dw04;dw05;dw06;dw07;dw08,,105,1,2026-08-28T09:29:45.877+0200,dw05,4B92,57,166,55,-36,161,2.20,72265
ground-height-0m-20260825-163632,d002m_r180_run01.csv,0,2,180,dw00;dw01;dw02;dw03;dw04;dw05;dw06;dw07;dw08,dw00;dw01;dw02;dw03;dw04;dw05;dw06;dw07;dw08,,125,1,2026-08-28T09:29:45.886+0200,dw06,0789,174,158,103,10,158,1.87,82275
ground-height-0m-20260825-163632,d002m_r180_run01.csv,0,2,180,dw00;dw01;dw02;dw03;dw04;dw05;dw06;dw07;dw08,dw00;dw01;dw02;dw03;dw04;dw05;dw06;dw07;dw08,,15,1,2026-08-28T09:29:45.936+0200,dw00,8103,145,177,-154,123,127,3.51,32287
ground-height-0m-20260825-163632,d002m_r180_run01.csv,0,2,180,dw00;dw01;dw02;dw03;dw04;dw05;dw06;dw07;dw08,dw00;dw01;dw02;dw03;dw04;dw05;dw06;dw07;dw08,,35,1,2026-08-28T09:29:45.947+0200,dw01,1729,243,160,-136,129,95,3.06,42297
ground-height-0m-20260825-163632,d002m_r180_run01.csv,0,2,180,dw00;dw01;dw02;dw03;dw04;dw05;dw06;dw07;dw08,dw00;dw01;dw02;dw03;dw04;dw05;dw06;dw07;dw08,,55,1,2026-08-28T09:29:45.957+0200,dw02,8FB0,224,163,-101,163,0,3.15,52337
ground-height-0m-20260825-163632,d002m_r180_run01.csv,0,2,180,dw00;dw01;dw02;dw03;dw04;dw05;dw06;dw07;dw08,dw00;dw01;dw02;dw03;dw04;dw05;dw06;dw07;dw08,,145,1,2026-08-28T09:29:45.997+0200,dw07,5783,160,159,142,50,151,3.06,92285
ground-height-0m-20260825-163632,d002m_r180_run01.csv,0,2,180,dw00;dw01;dw02;dw03;dw04;dw05;dw06;dw07;dw08,dw00;dw01;dw02;dw03;dw04;dw05;dw06;dw07;dw08,,75,1,2026-08-28T09:29:46.016+0200,dw03,021B,234,153,-42,-128,84,3.27,12268
ground-height-0m-20260825-163632,d002m_r180_run01.csv,0,2,180,dw00;dw01;dw02;dw03;dw04;dw05;dw06;dw07;dw08,dw00;dw01;dw02;dw03;dw04;dw05;dw06;dw07;dw08,,165,1,2026-08-28T09:29:46.026+0200,dw08,028E,118,165,163,72,148,3.33,22277
ground-height-0m-20260825-163632,d002m_r180_run01.csv,0,2,180,dw00;dw01;dw02;dw03;dw04;dw05;dw06;dw07;dw08,dw00;dw01;dw02;dw03;dw04;dw05;dw06;dw07;dw08,,90,1,2026-08-28T09:29:46.066+0200,dw04,0F85,152,165,-3,-97,132,2.08,62255
ground-height-0m-20260825-163632,d002m_r180_run01.csv,0,2,180,dw00;dw01;dw02;dw03;dw04;dw05;dw06;dw07;dw08,dw00;dw01;dw02;dw03;dw04;dw05;dw06;dw07;dw08,,105,1,2026-08-28T09:29:46.077+0200,dw05,4B92,58,161,50,-41,155,2.20,72235
ground-height-0m-20260825-163632,d002m_r180_run01.csv,0,2,180,dw00;dw01;dw02;dw03;dw04;dw05;dw06;dw07;dw08,dw00;dw01;dw02;dw03;dw04;dw05;dw06;dw07;dw08,,125,1,2026-08-28T09:29:46.087+0200,dw06,0789,175,156,103,11,156,1.93,82305
ground-height-0m-20260825-163632,d002m_r180_run01.csv,0,2,180,dw00;dw01;dw02;dw03;dw04;dw05;dw06;dw07;dw08,dw00;dw01;dw02;dw03;dw04;dw05;dw06;dw07;dw08,,15,1,2026-08-28T09:29:46.136+0200,dw00,8103,146,173,-157,118,127,3.69,32257
ground-height-0m-20260825-163632,d002m_r180_run01.csv,0,2,180,dw00;dw01;dw02;dw03;dw04;dw05;dw06;dw07;dw08,dw00;dw01;dw02;dw03;dw04;dw05;dw06;dw07;dw08,,35,1,2026-08-28T09:29:46.146+0200,dw01,1729,244,165,-130,138,89,2.95,42327
ground-height-0m-20260825-163632,d002m_r180_run01.csv,0,2,180,dw00;dw01;dw02;dw03;dw04;dw05;dw06;dw07;dw08,dw00;dw01;dw02;dw03;dw04;dw05;dw06;dw07;dw08,,55,1,2026-08-28T09:29:46.157+0200,dw02,8FB0,225,159,-104,159,0,3.09,52307
ground-height-0m-20260825-163632,d002m_r180_run01.csv,0,2,180,dw00;dw01;dw02;dw03;dw04;dw05;dw06;dw07;dw08,dw00;dw01;dw02;dw03;dw04;dw05;dw06;dw07;dw08,,145,1,2026-08-28T09:29:46.197+0200,dw07,5783,161,165,140,49,157,2.89,92285
ground-height-0m-20260825-163632,d002m_r180_run01.csv,0,2,180,dw00;dw01;dw02;dw03;dw04;dw05;dw06;dw07;dw08,dw00;dw01;dw02;dw03;dw04;dw05;dw06;dw07;dw08,,75,1,2026-08-28T09:29:46.216+0200,dw03,021B,235,152,-49,-133,74,3.21,12268
ground-height-0m-20260825-163632,d002m_r180_run01.csv,0,2,180,dw00;dw01;dw02;dw03;dw04;dw05;dw06;dw07;dw08,dw00;dw01;dw02;dw03;dw04;dw05;dw06;dw07;dw08,,165,1,2026-08-28T09:29:46.226+0200,dw08,028E,119,168,162,72,151,3.45,22277
ground-height-0m-20260825-163632,d002m_r180_run01.csv,0,2,180,dw00;dw01;dw02;dw03;dw04;dw05;dw06;dw07;dw08,dw00;dw01;dw02;dw03;dw04;dw05;dw06;dw07;dw08,,90,1,2026-08-28T09:29:46.266+0200,dw04,0F85,153,165,1,-92,137,1.99,62255
ground-height-0m-20260825-163632,d002m_r180_run01.csv,0,2,180,dw00;dw01;dw02;dw03;dw04;dw05;dw06;dw07;dw08,dw00;dw01;dw02;dw03;dw04;dw05;dw06;dw07;dw08,,105,1,2026-08-28T09:29:46.276+0200,dw05,4B92,59,160,48,-42,155,2.20,72235
ground-height-0m-20260825-163632,d002m_r180_run01.csv,0,2,180,dw00;dw01;dw02;dw03;dw04;dw05;dw06;dw07;dw08,dw00;dw01;dw02;dw03;dw04;dw05;dw06;dw07;dw08,,125,1,2026-08-28T09:29:46.287+0200,dw06,0789,176,157,104,12,157,1.87,82336
ground-height-0m-20260825-163632,d002m_r180_run01.csv,0,2,180,dw00;dw01;dw02;dw03;dw04;dw05;dw06;dw07;dw08,dw00;dw01;dw02;dw03;dw04;dw05;dw06;dw07;dw08,,15,1,2026-08-28T09:29:46.337+0200,dw00,8103,147,176,-162,114,134,3.45,32257
ground-height-0m-20260825-163632,d002m_r180_run01.csv,0,2,180,dw00;dw01;dw02;dw03;dw04;dw05;dw06;dw07;dw08,dw00;dw01;dw02;dw03;dw04;dw05;dw06;dw07;dw08,,35,1,2026-08-28T09:29:46.346+0200,dw01,1729,245,166,-131,139,92,2.89,42327
ground-height-0m-20260825-163632,d002m_r180_run01.csv,0,2,180,dw00;dw01;dw02;dw03;dw04;dw05;dw06;dw07;dw08,dw00;dw01;dw02;dw03;dw04;dw05;dw06;dw07;dw08,,55,1,2026-08-28T09:29:46.356+0200,dw02,8FB0,226,158,-102,158,0,3.12,52398
ground-height-0m-20260825-163632,d002m_r180_run01.csv,0,2,180,dw00;dw01;dw02;dw03;dw04;dw05;dw06;dw07;dw08,dw00;dw01;dw02;dw03;dw04;dw05;dw06;dw07;dw08,,145,1,2026-08-28T09:29:46.396+0200,dw07,5783,162,159,138,46,153,2.89,2147483
ground-height-0m-20260825-163632,d002m_r180_run01.csv,0,2,180,dw00;dw01;dw02;dw03;dw04;dw05;dw06;dw07;dw08,dw00;dw01;dw02;dw03;dw04;dw05;dw06;dw07;dw08,,75,1,2026-08-28T09:29:46.417+0200,dw03,021B,236,155,-37,-124,92,3.33,12268
ground-height-0m-20260825-163632,d002m_r180_run01.csv,0,2,180,dw00;dw01;dw02;dw03;dw04;dw05;dw06;dw07;dw08,dw00;dw01;dw02;dw03;dw04;dw05;dw06;dw07;dw08,,165,1,2026-08-28T09:29:46.426+0200,dw08,028E,120,166,165,75,148,3.45,22277
ground-height-0m-20260825-163632,d002m_r180_run01.csv,0,2,180,dw00;dw01;dw02;dw03;dw04;dw05;dw06;dw07;dw08,dw00;dw01;dw02;dw03;dw04;dw05;dw06;dw07;dw08,,90,1,2026-08-28T09:29:46.466+0200,dw04,0F85,154,161,-1,-93,131,1.99,62255
ground-height-0m-20260825-163632,d002m_r180_run01.csv,0,2,180,dw00;dw01;dw02;dw03;dw04;dw05;dw06;dw07;dw08,dw00;dw01;dw02;dw03;dw04;dw05;dw06;dw07;dw08,,105,1,2026-08-28T09:29:46.476+0200,dw05,4B92,60,166,53,-39,161,2.08,72235
ground-height-0m-20260825-163632,d002m_r180_run01.csv,0,2,180,dw00;dw01;dw02;dw03;dw04;dw05;dw06;dw07;dw08,dw00;dw01;dw02;dw03;dw04;dw05;dw06;dw07;dw08,,125,1,2026-08-28T09:29:46.486+0200,dw06,0789,177,157,96,4,157,1.87,82275
ground-height-0m-20260825-163632,d002m_r180_run01.csv,0,2,180,dw00;dw01;dw02;dw03;dw04;dw05;dw06;dw07;dw08,dw00;dw01;dw02;dw03;dw04;dw05;dw06;dw07;dw08,,15,1,2026-08-28T09:29:46.537+0200,dw00,8103,148,180,-156,123,131,3.57,32257
ground-height-0m-20260825-163632,d002m_r180_run01.csv,0,2,180,dw00;dw01;dw02;dw03;dw04;dw05;dw06;dw07;dw08,dw00;dw01;dw02;dw03;dw04;dw05;dw06;dw07;dw08,,35,1,2026-08-28T09:29:46.546+0200,dw01,1729,246,165,-138,130,100,3.06,42358
ground-height-0m-20260825-163632,d002m_r180_run01.csv,0,2,180,dw00;dw01;dw02;dw03;dw04;dw05;dw06;dw07;dw08,dw00;dw01;dw02;dw03;dw04;dw05;dw06;dw07;dw08,,55,1,2026-08-28T09:29:46.556+0200,dw02,8FB0,227,161,-106,159,21,3.15,52307
ground-height-0m-20260825-163632,d002m_r180_run01.csv,0,2,180,dw00;dw01;dw02;dw03;dw04;dw05;dw06;dw07;dw08,dw00;dw01;dw02;dw03;dw04;dw05;dw06;dw07;dw08,,145,1,2026-08-28T09:29:46.596+0200,dw07,5783,163,164,133,42,159,2.95,2147483
ground-height-0m-20260825-163632,d002m_r180_run01.csv,0,2,180,dw00;dw01;dw02;dw03;dw04;dw05;dw06;dw07;dw08,dw00;dw01;dw02;dw03;dw04;dw05;dw06;dw07;dw08,,75,1,2026-08-28T09:29:46.616+0200,dw03,021B,237,156,-45,-133,81,3.33,12268
ground-height-0m-20260825-163632,d002m_r180_run01.csv,0,2,180,dw00;dw01;dw02;dw03;dw04;dw05;dw06;dw07;dw08,dw00;dw01;dw02;dw03;dw04;dw05;dw06;dw07;dw08,,165,1,2026-08-28T09:29:46.627+0200,dw08,028E,121,172,162,74,155,3.45,22277
ground-height-0m-20260825-163632,d002m_r180_run01.csv,0,2,180,dw00;dw01;dw02;dw03;dw04;dw05;dw06;dw07;dw08,dw00;dw01;dw02;dw03;dw04;dw05;dw06;dw07;dw08,,90,1,2026-08-28T09:29:46.667+0200,dw04,0F85,155,164,-4,-97,132,1.99,62316
ground-height-0m-20260825-163632,d002m_r180_run01.csv,0,2,180,dw00;dw01;dw02;dw03;dw04;dw05;dw06;dw07;dw08,dw00;dw01;dw02;dw03;dw04;dw05;dw06;dw07;dw08,,105,1,2026-08-28T09:29:46.676+0200,dw05,4B92,61,162,49,-42,156,2.20,72265
ground-height-0m-20260825-163632,d002m_r180_run01.csv,0,2,180,dw00;dw01;dw02;dw03;dw04;dw05;dw06;dw07;dw08,dw00;dw01;dw02;dw03;dw04;dw05;dw06;dw07;dw08,,125,1,2026-08-28T09:29:46.686+0200,dw06,0789,178,158,105,12,158,1.75,82336
ground-height-0m-20260825-163632,d002m_r180_run01.csv,0,2,180,dw00;dw01;dw02;dw03;dw04;dw05;dw06;dw07;dw08,dw00;dw01;dw02;dw03;dw04;dw05;dw06;dw07;dw08,,15,1,2026-08-28T09:29:46.736+0200,dw00,8103,149,178,-158,119,132,3.57,32318
ground-height-0m-20260825-163632,d002m_r180_run01.csv,0,2,180,dw00;dw01;dw02;dw03;dw04;dw05;dw06;dw07;dw08,dw00;dw01;dw02;dw03;dw04;dw05;dw06;dw07;dw08,,35,1,2026-08-28T09:29:46.747+0200,dw01,1729,247,160,-138,127,98,3.06,42327
ground-height-0m-20260825-163632,d002m_r180_run01.csv,0,2,180,dw00;dw01;dw02;dw03;dw04;dw05;dw06;dw07;dw08,dw00;dw01;dw02;dw03;dw04;dw05;dw06;dw07;dw08,,55,1,2026-08-28T09:29:46.756+0200,dw02,8FB0,228,160,-97,160,0,3.15,52368
ground-height-0m-20260825-163632,d002m_r180_run01.csv,0,2,180,dw00;dw01;dw02;dw03;dw04;dw05;dw06;dw07;dw08,dw00;dw01;dw02;dw03;dw04;dw05;dw06;dw07;dw08,,145,1,2026-08-28T09:29:46.796+0200,dw07,5783,164,162,136,44,156,2.95,2147483
ground-height-0m-20260825-163632,d002m_r180_run01.csv,0,2,180,dw00;dw01;dw02;dw03;dw04;dw05;dw06;dw07;dw08,dw00;dw01;dw02;dw03;dw04;dw05;dw06;dw07;dw08,,75,1,2026-08-28T09:29:46.816+0200,dw03,021B,238,152,-43,-128,82,3.33,12268
ground-height-0m-20260825-163632,d002m_r180_run01.csv,0,2,180,dw00;dw01;dw02;dw03;dw04;dw05;dw06;dw07;dw08,dw00;dw01;dw02;dw03;dw04;dw05;dw06;dw07;dw08,,165,1,2026-08-28T09:29:46.826+0200,dw08,028E,122,165,163,72,148,3.51,22277
ground-height-0m-20260825-163632,d002m_r180_run01.csv,0,2,180,dw00;dw01;dw02;dw03;dw04;dw05;dw06;dw07;dw08,dw00;dw01;dw02;dw03;dw04;dw05;dw06;dw07;dw08,,90,1,2026-08-28T09:29:46.867+0200,dw04,0F85,156,164,-1,-94,134,1.99,62286
ground-height-0m-20260825-163632,d002m_r180_run01.csv,0,2,180,dw00;dw01;dw02;dw03;dw04;dw05;dw06;dw07;dw08,dw00;dw01;dw02;dw03;dw04;dw05;dw06;dw07;dw08,,105,1,2026-08-28T09:29:46.877+0200,dw05,4B92,62,169,50,-43,164,2.26,72204
ground-height-0m-20260825-163632,d002m_r180_run01.csv,0,2,180,dw00;dw01;dw02;dw03;dw04;dw05;dw06;dw07;dw08,dw00;dw01;dw02;dw03;dw04;dw05;dw06;dw07;dw08,,125,1,2026-08-28T09:29:46.887+0200,dw06,0789,179,156,104,12,155,1.87,82336
ground-height-0m-20260825-163632,d002m_r180_run01.csv,0,2,180,dw00;dw01;dw02;dw03;dw04;dw05;dw06;dw07;dw08,dw00;dw01;dw02;dw03;dw04;dw05;dw06;dw07;dw08,,15,1,2026-08-28T09:29:46.937+0200,dw00,8103,150,176,-154,122,127,3.57,32257
ground-height-0m-20260825-163632,d002m_r180_run01.csv,0,2,180,dw00;dw01;dw02;dw03;dw04;dw05;dw06;dw07;dw08,dw00;dw01;dw02;dw03;dw04;dw05;dw06;dw07;dw08,,35,1,2026-08-28T09:29:46.947+0200,dw01,1729,248,165,-137,132,98,2.95,42297
ground-height-0m-20260825-163632,d002m_r180_run01.csv,0,2,180,dw00;dw01;dw02;dw03;dw04;dw05;dw06;dw07;dw08,dw00;dw01;dw02;dw03;dw04;dw05;dw06;dw07;dw08,,55,1,2026-08-28T09:29:46.957+0200,dw02,8FB0,229,163,-104,163,9,3.09,52398
ground-height-0m-20260825-163632,d002m_r180_run01.csv,0,2,180,dw00;dw01;dw02;dw03;dw04;dw05;dw06;dw07;dw08,dw00;dw01;dw02;dw03;dw04;dw05;dw06;dw07;dw08,,145,1,2026-08-28T09:29:46.997+0200,dw07,5783,165,165,133,42,159,2.95,2147483
ground-height-0m-20260825-163632,d002m_r180_run01.csv,0,2,180,dw00;dw01;dw02;dw03;dw04;dw05;dw06;dw07;dw08,dw00;dw01;dw02;dw03;dw04;dw05;dw06;dw07;dw08,,75,1,2026-08-28T09:29:47.017+0200,dw03,021B,239,153,-37,-122,91,3.27,12268
ground-height-0m-20260825-163632,d002m_r180_run01.csv,0,2,180,dw00;dw01;dw02;dw03;dw04;dw05;dw06;dw07;dw08,dw00;dw01;dw02;dw03;dw04;dw05;dw06;dw07;dw08,,165,1,2026-08-28T09:29:47.027+0200,dw08,028E,123,166,170,80,145,3.45,22308
ground-height-0m-20260825-163632,d002m_r180_run01.csv,0,2,180,dw00;dw01;dw02;dw03;dw04;dw05;dw06;dw07;dw08,dw00;dw01;dw02;dw03;dw04;dw05;dw06;dw07;dw08,,90,1,2026-08-28T09:29:47.067+0200,dw04,0F85,157,164,-1,-95,134,1.93,62255
ground-height-0m-20260825-163632,d002m_r180_run01.csv,0,2,180,dw00;dw01;dw02;dw03;dw04;dw05;dw06;dw07;dw08,dw00;dw01;dw02;dw03;dw04;dw05;dw06;dw07;dw08,,105,1,2026-08-28T09:29:47.077+0200,dw05,4B92,63,162,46,-45,156,2.08,72265
ground-height-0m-20260825-163632,d002m_r180_run01.csv,0,2,180,dw00;dw01;dw02;dw03;dw04;dw05;dw06;dw07;dw08,dw00;dw01;dw02;dw03;dw04;dw05;dw06;dw07;dw08,,125,1,2026-08-28T09:29:47.087+0200,dw06,0789,180,163,112,20,161,1.81,82336
ground-height-0m-20260825-163632,d002m_r180_run01.csv,0,2,180,dw00;dw01;dw02;dw03;dw04;dw05;dw06;dw07;dw08,dw00;dw01;dw02;dw03;dw04;dw05;dw06;dw07;dw08,,15,1,2026-08-28T09:29:47.137+0200,dw00,8103,151,175,-155,120,127,3.45,32257
ground-height-0m-20260825-163632,d002m_r180_run01.csv,0,2,180,dw00;dw01;dw02;dw03;dw04;dw05;dw06;dw07;dw08,dw00;dw01;dw02;dw03;dw04;dw05;dw06;dw07;dw08,,35,1,2026-08-28T09:29:47.147+0200,dw01,1729,249,166,-136,133,99,3.01,42358
ground-height-0m-20260825-163632,d002m_r180_run01.csv,0,2,180,dw00;dw01;dw02;dw03;dw04;dw05;dw06;dw07;dw08,dw00;dw01;dw02;dw03;dw04;dw05;dw06;dw07;dw08,,55,1,2026-08-28T09:29:47.157+0200,dw02,8FB0,230,167,-96,167,0,3.15,52337
ground-height-0m-20260825-163632,d002m_r180_run01.csv,0,2,180,dw00;dw01;dw02;dw03;dw04;dw05;dw06;dw07;dw08,dw00;dw01;dw02;dw03;dw04;dw05;dw06;dw07;dw08,,145,1,2026-08-28T09:29:47.197+0200,dw07,5783,166,162,145,53,153,2.83,2147483
ground-height-0m-20260825-163632,d002m_r180_run01.csv,0,2,180,dw00;dw01;dw02;dw03;dw04;dw05;dw06;dw07;dw08,dw00;dw01;dw02;dw03;dw04;dw05;dw06;dw07;dw08,,75,1,2026-08-28T09:29:47.217+0200,dw03,021B,240,154,-44,-131,82,3.27,12268
ground-height-0m-20260825-163632,d002m_r180_run01.csv,0,2,180,dw00;dw01;dw02;dw03;dw04;dw05;dw06;dw07;dw08,dw00;dw01;dw02;dw03;dw04;dw05;dw06;dw07;dw08,,165,1,2026-08-28T09:29:47.227+0200,dw08,028E,124,170,164,75,152,3.57,22277
ground-height-0m-20260825-163632,d002m_r180_run01.csv,0,2,180,dw00;dw01;dw02;dw03;dw04;dw05;dw06;dw07;dw08,dw00;dw01;dw02;dw03;dw04;dw05;dw06;dw07;dw08,,90,1,2026-08-28T09:29:47.267+0200,dw04,0F85,158,163,-5,-98,130,2.02,62225
ground-height-0m-20260825-163632,d002m_r180_run01.csv,0,2,180,dw00;dw01;dw02;dw03;dw04;dw05;dw06;dw07;dw08,dw00;dw01;dw02;dw03;dw04;dw05;dw06;dw07;dw08,,105,1,2026-08-28T09:29:47.277+0200,dw05,4B92,64,163,46,-45,157,2.32,72204
ground-height-0m-20260825-163632,d002m_r180_run01.csv,0,2,180,dw00;dw01;dw02;dw03;dw04;dw05;dw06;dw07;dw08,dw00;dw01;dw02;dw03;dw04;dw05;dw06;dw07;dw08,,125,1,2026-08-28T09:29:47.286+0200,dw06,0789,181,160,99,7,160,1.75,82275
ground-height-0m-20260825-163632,d002m_r180_run01.csv,0,2,180,dw00;dw01;dw02;dw03;dw04;dw05;dw06;dw07;dw08,dw00;dw01;dw02;dw03;dw04;dw05;dw06;dw07;dw08,,15,1,2026-08-28T09:29:47.337+0200,dw00,8103,152,178,-158,120,132,3.45,32257
ground-height-0m-20260825-163632,d002m_r180_run01.csv,0,2,180,dw00;dw01;dw02;dw03;dw04;dw05;dw06;dw07;dw08,dw00;dw01;dw02;dw03;dw04;dw05;dw06;dw07;dw08,,35,1,2026-08-28T09:29:47.347+0200,dw01,1729,250,167,-139,131,103,2.83,42327
ground-height-0m-20260825-163632,d002m_r180_run01.csv,0,2,180,dw00;dw01;dw02;dw03;dw04;dw05;dw06;dw07;dw08,dw00;dw01;dw02;dw03;dw04;dw05;dw06;dw07;dw08,,55,1,2026-08-28T09:29:47.357+0200,dw02,8FB0,231,166,-96,166,0,3.09,52337
ground-height-0m-20260825-163632,d002m_r180_run01.csv,0,2,180,dw00;dw01;dw02;dw03;dw04;dw05;dw06;dw07;dw08,dw00;dw01;dw02;dw03;dw04;dw05;dw06;dw07;dw08,,145,1,2026-08-28T09:29:47.397+0200,dw07,5783,167,160,133,40,155,2.95,2147483
ground-height-0m-20260825-163632,d002m_r180_run01.csv,0,2,180,dw00;dw01;dw02;dw03;dw04;dw05;dw06;dw07;dw08,dw00;dw01;dw02;dw03;dw04;dw05;dw06;dw07;dw08,,75,1,2026-08-28T09:29:47.416+0200,dw03,021B,241,158,-49,-138,77,3.27,12268
ground-height-0m-20260825-163632,d002m_r180_run01.csv,0,2,180,dw00;dw01;dw02;dw03;dw04;dw05;dw06;dw07;dw08,dw00;dw01;dw02;dw03;dw04;dw05;dw06;dw07;dw08,,165,1,2026-08-28T09:29:47.427+0200,dw08,028E,125,166,169,78,146,3.45,22277
ground-height-0m-20260825-163632,d002m_r180_run01.csv,0,2,180,dw00;dw01;dw02;dw03;dw04;dw05;dw06;dw07;dw08,dw00;dw01;dw02;dw03;dw04;dw05;dw06;dw07;dw08,,90,1,2026-08-28T09:29:47.467+0200,dw04,0F85,159,165,1,-92,136,2.08,62286
ground-height-0m-20260825-163632,d002m_r180_run01.csv,0,2,180,dw00;dw01;dw02;dw03;dw04;dw05;dw06;dw07;dw08,dw00;dw01;dw02;dw03;dw04;dw05;dw06;dw07;dw08,,105,1,2026-08-28T09:29:47.477+0200,dw05,4B92,65,166,47,-45,160,2.20,72296
ground-height-0m-20260825-163632,d002m_r180_run01.csv,0,2,180,dw00;dw01;dw02;dw03;dw04;dw05;dw06;dw07;dw08,dw00;dw01;dw02;dw03;dw04;dw05;dw06;dw07;dw08,,125,1,2026-08-28T09:29:47.487+0200,dw06,0789,182,158,106,14,158,1.75,82305
ground-height-0m-20260825-163632,d002m_r180_run01.csv,0,2,180,dw00;dw01;dw02;dw03;dw04;dw05;dw06;dw07;dw08,dw00;dw01;dw02;dw03;dw04;dw05;dw06;dw07;dw08,,15,1,2026-08-28T09:29:47.536+0200,dw00,8103,153,181,-154,126,130,3.51,32287
ground-height-0m-20260825-163632,d002m_r180_run01.csv,0,2,180,dw00;dw01;dw02;dw03;dw04;dw05;dw06;dw07;dw08,dw00;dw01;dw02;dw03;dw04;dw05;dw06;dw07;dw08,,35,1,2026-08-28T09:29:47.547+0200,dw01,1729,251,161,-135,131,94,3.06,42327
ground-height-0m-20260825-163632,d002m_r180_run01.csv,0,2,180,dw00;dw01;dw02;dw03;dw04;dw05;dw06;dw07;dw08,dw00;dw01;dw02;dw03;dw04;dw05;dw06;dw07;dw08,,55,1,2026-08-28T09:29:47.557+0200,dw02,8FB0,232,159,-99,159,0,3.09,52307
ground-height-0m-20260825-163632,d002m_r180_run01.csv,0,2,180,dw00;dw01;dw02;dw03;dw04;dw05;dw06;dw07;dw08,dw00;dw01;dw02;dw03;dw04;dw05;dw06;dw07;dw08,,145,1,2026-08-28T09:29:47.597+0200,dw07,5783,168,164,145,53,155,2.89,2147483
ground-height-0m-20260825-163632,d002m_r180_run01.csv,0,2,180,dw00;dw01;dw02;dw03;dw04;dw05;dw06;dw07;dw08,dw00;dw01;dw02;dw03;dw04;dw05;dw06;dw07;dw08,,75,1,2026-08-28T09:29:47.617+0200,dw03,021B,242,149,-42,-124,83,3.27,12298
ground-height-0m-20260825-163632,d002m_r180_run01.csv,0,2,180,dw00;dw01;dw02;dw03;dw04;dw05;dw06;dw07;dw08,dw00;dw01;dw02;dw03;dw04;dw05;dw06;dw07;dw08,,165,1,2026-08-28T09:29:47.626+0200,dw08,028E,126,166,165,74,149,3.45,22277
ground-height-0m-20260825-163632,d002m_r180_run01.csv,0,2,180,dw00;dw01;dw02;dw03;dw04;dw05;dw06;dw07;dw08,dw00;dw01;dw02;dw03;dw04;dw05;dw06;dw07;dw08,,90,1,2026-08-28T09:29:47.666+0200,dw04,0F85,160,165,-5,-99,131,1.99,62286
ground-height-0m-20260825-163632,d002m_r180_run01.csv,0,2,180,dw00;dw01;dw02;dw03;dw04;dw05;dw06;dw07;dw08,dw00;dw01;dw02;dw03;dw04;dw05;dw06;dw07;dw08,,105,1,2026-08-28T09:29:47.677+0200,dw05,4B92,66,166,49,-43,161,2.26,72235
ground-height-0m-20260825-163632,d002m_r180_run01.csv,0,2,180,dw00;dw01;dw02;dw03;dw04;dw05;dw06;dw07;dw08,dw00;dw01;dw02;dw03;dw04;dw05;dw06;dw07;dw08,,125,1,2026-08-28T09:29:47.687+0200,dw06,0789,183,159,97,5,159,1.81,82336
ground-height-0m-20260825-163632,d002m_r180_run01.csv,0,2,180,dw00;dw01;dw02;dw03;dw04;dw05;dw06;dw07;dw08,dw00;dw01;dw02;dw03;dw04;dw05;dw06;dw07;dw08,,15,1,2026-08-28T09:29:47.737+0200,dw00,8103,154,178,-169,107,142,3.63,32257
ground-height-0m-20260825-163632,d002m_r180_run01.csv,0,2,180,dw00;dw01;dw02;dw03;dw04;dw05;dw06;dw07;dw08,dw00;dw01;dw02;dw03;dw04;dw05;dw06;dw07;dw08,,35,1,2026-08-28T09:29:47.746+0200,dw01,1729,252,164,-141,127,103,3.01,42297
ground-height-0m-20260825-163632,d002m_r180_run01.csv,0,2,180,dw00;dw01;dw02;dw03;dw04;dw05;dw06;dw07;dw08,dw00;dw01;dw02;dw03;dw04;dw05;dw06;dw07;dw08,,55,1,2026-08-28T09:29:47.757+0200,dw02,8FB0,233,162,-107,159,28,3.06,52368
ground-height-0m-20260825-163632,d002m_r180_run01.csv,0,2,180,dw00;dw01;dw02;dw03;dw04;dw05;dw06;dw07;dw08,dw00;dw01;dw02;dw03;dw04;dw05;dw06;dw07;dw08,,145,1,2026-08-28T09:29:47.797+0200,dw07,5783,169,165,139,47,157,2.95,2147483
ground-height-0m-20260825-163632,d002m_r180_run01.csv,0,2,180,dw00;dw01;dw02;dw03;dw04;dw05;dw06;dw07;dw08,dw00;dw01;dw02;dw03;dw04;dw05;dw06;dw07;dw08,,75,1,2026-08-28T09:29:47.817+0200,dw03,021B,243,151,-38,-122,89,3.27,12268
ground-height-0m-20260825-163632,d002m_r180_run01.csv,0,2,180,dw00;dw01;dw02;dw03;dw04;dw05;dw06;dw07;dw08,dw00;dw01;dw02;dw03;dw04;dw05;dw06;dw07;dw08,,165,1,2026-08-28T09:29:47.826+0200,dw08,028E,127,166,172,82,145,3.51,22277
ground-height-0m-20260825-163632,d002m_r180_run01.csv,0,2,180,dw00;dw01;dw02;dw03;dw04;dw05;dw06;dw07;dw08,dw00;dw01;dw02;dw03;dw04;dw05;dw06;dw07;dw08,,90,1,2026-08-28T09:29:47.866+0200,dw04,0F85,161,165,-4,-98,133,1.99,62286
ground-height-0m-20260825-163632,d002m_r180_run01.csv,0,2,180,dw00;dw01;dw02;dw03;dw04;dw05;dw06;dw07;dw08,dw00;dw01;dw02;dw03;dw04;dw05;dw06;dw07;dw08,,105,1,2026-08-28T09:29:47.876+0200,dw05,4B92,67,166,43,-50,158,2.20,72235
ground-height-0m-20260825-163632,d002m_r180_run01.csv,0,2,180,dw00;dw01;dw02;dw03;dw04;dw05;dw06;dw07;dw08,dw00;dw01;dw02;dw03;dw04;dw05;dw06;dw07;dw08,,125,1,2026-08-28T09:29:47.887+0200,dw06,0789,184,158,106,14,158,1.87,82305
ground-height-0m-20260825-163632,d002m_r180_run01.csv,0,2,180,dw00;dw01;dw02;dw03;dw04;dw05;dw06;dw07;dw08,dw00;dw01;dw02;dw03;dw04;dw05;dw06;dw07;dw08,,15,1,2026-08-28T09:29:47.937+0200,dw00,8103,155,177,-159,118,132,3.51,32287
ground-height-0m-20260825-163632,d002m_r180_run01.csv,0,2,180,dw00;dw01;dw02;dw03;dw04;dw05;dw06;dw07;dw08,dw00;dw01;dw02;dw03;dw04;dw05;dw06;dw07;dw08,,35,1,2026-08-28T09:29:47.947+0200,dw01,1729,253,166,-137,133,99,3.01,42327
ground-height-0m-20260825-163632,d002m_r180_run01.csv,0,2,180,dw00;dw01;dw02;dw03;dw04;dw05;dw06;dw07;dw08,dw00;dw01;dw02;dw03;dw04;dw05;dw06;dw07;dw08,,55,1,2026-08-28T09:29:47.956+0200,dw02,8FB0,234,161,-102,161,0,3.01,52307
ground-height-0m-20260825-163632,d002m_r180_run01.csv,0,2,180,dw00;dw01;dw02;dw03;dw04;dw05;dw06;dw07;dw08,dw00;dw01;dw02;dw03;dw04;dw05;dw06;dw07;dw08,,145,1,2026-08-28T09:29:47.996+0200,dw07,5783,170,163,138,46,156,2.89,2147483
ground-height-0m-20260825-163632,d002m_r180_run01.csv,0,2,180,dw00;dw01;dw02;dw03;dw04;dw05;dw06;dw07;dw08,dw00;dw01;dw02;dw03;dw04;dw05;dw06;dw07;dw08,,75,1,2026-08-28T09:29:48.017+0200,dw03,021B,244,153,-44,-130,81,3.27,12268
ground-height-0m-20260825-163632,d002m_r180_run01.csv,0,2,180,dw00;dw01;dw02;dw03;dw04;dw05;dw06;dw07;dw08,dw00;dw01;dw02;dw03;dw04;dw05;dw06;dw07;dw08,,165,1,2026-08-28T09:29:48.027+0200,dw08,028E,128,168,164,75,151,3.45,22277
ground-height-0m-20260825-163632,d002m_r180_run01.csv,0,2,180,dw00;dw01;dw02;dw03;dw04;dw05;dw06;dw07;dw08,dw00;dw01;dw02;dw03;dw04;dw05;dw06;dw07;dw08,,90,1,2026-08-28T09:29:48.067+0200,dw04,0F85,162,163,-1,-94,133,2.08,62286
ground-height-0m-20260825-163632,d002m_r180_run01.csv,0,2,180,dw00;dw01;dw02;dw03;dw04;dw05;dw06;dw07;dw08,dw00;dw01;dw02;dw03;dw04;dw05;dw06;dw07;dw08,,105,1,2026-08-28T09:29:48.076+0200,dw05,4B92,68,168,52,-40,163,2.20,72235
ground-height-0m-20260825-163632,d002m_r180_run01.csv,0,2,180,dw00;dw01;dw02;dw03;dw04;dw05;dw06;dw07;dw08,dw00;dw01;dw02;dw03;dw04;dw05;dw06;dw07;dw08,,125,1,2026-08-28T09:29:48.086+0200,dw06,0789,185,160,104,12,160,1.81,82305
ground-height-0m-20260825-163632,d002m_r180_run01.csv,0,2,180,dw00;dw01;dw02;dw03;dw04;dw05;dw06;dw07;dw08,dw00;dw01;dw02;dw03;dw04;dw05;dw06;dw07;dw08,,15,1,2026-08-28T09:29:48.137+0200,dw00,8103,156,176,-165,110,136,3.57,32257
ground-height-0m-20260825-163632,d002m_r180_run01.csv,0,2,180,dw00;dw01;dw02;dw03;dw04;dw05;dw06;dw07;dw08,dw00;dw01;dw02;dw03;dw04;dw05;dw06;dw07;dw08,,35,1,2026-08-28T09:29:48.147+0200,dw01,1729,254,166,-137,132,100,2.83,42327
ground-height-0m-20260825-163632,d002m_r180_run01.csv,0,2,180,dw00;dw01;dw02;dw03;dw04;dw05;dw06;dw07;dw08,dw00;dw01;dw02;dw03;dw04;dw05;dw06;dw07;dw08,,55,1,2026-08-28T09:29:48.156+0200,dw02,8FB0,235,158,-102,158,0,3.06,52368
ground-height-0m-20260825-163632,d002m_r180_run01.csv,0,2,180,dw00;dw01;dw02;dw03;dw04;dw05;dw06;dw07;dw08,dw00;dw01;dw02;dw03;dw04;dw05;dw06;dw07;dw08,,145,1,2026-08-28T09:29:48.197+0200,dw07,5783,171,165,135,44,159,2.83,2147483
ground-height-0m-20260825-163632,d002m_r180_run01.csv,0,2,180,dw00;dw01;dw02;dw03;dw04;dw05;dw06;dw07;dw08,dw00;dw01;dw02;dw03;dw04;dw05;dw06;dw07;dw08,,75,1,2026-08-28T09:29:48.216+0200,dw03,021B,245,154,-40,-126,88,3.21,12268
ground-height-0m-20260825-163632,d002m_r180_run01.csv,0,2,180,dw00;dw01;dw02;dw03;dw04;dw05;dw06;dw07;dw08,dw00;dw01;dw02;dw03;dw04;dw05;dw06;dw07;dw08,,165,1,2026-08-28T09:29:48.227+0200,dw08,028E,129,166,169,78,146,3.45,22277
ground-height-0m-20260825-163632,d002m_r180_run01.csv,0,2,180,dw00;dw01;dw02;dw03;dw04;dw05;dw06;dw07;dw08,dw00;dw01;dw02;dw03;dw04;dw05;dw06;dw07;dw08,,90,1,2026-08-28T09:29:48.267+0200,dw04,0F85,163,164,0,-94,134,1.93,62255
ground-height-0m-20260825-163632,d002m_r180_run01.csv,0,2,180,dw00;dw01;dw02;dw03;dw04;dw05;dw06;dw07;dw08,dw00;dw01;dw02;dw03;dw04;dw05;dw06;dw07;dw08,,105,1,2026-08-28T09:29:48.277+0200,dw05,4B92,69,162,49,-42,157,2.08,72235
ground-height-0m-20260825-163632,d002m_r180_run01.csv,0,2,180,dw00;dw01;dw02;dw03;dw04;dw05;dw06;dw07;dw08,dw00;dw01;dw02;dw03;dw04;dw05;dw06;dw07;dw08,,125,1,2026-08-28T09:29:48.286+0200,dw06,0789,186,163,105,14,162,1.81,82305
ground-height-0m-20260825-163632,d002m_r180_run01.csv,0,2,180,dw00;dw01;dw02;dw03;dw04;dw05;dw06;dw07;dw08,dw00;dw01;dw02;dw03;dw04;dw05;dw06;dw07;dw08,,15,1,2026-08-28T09:29:48.336+0200,dw00,8103,157,176,-157,119,129,3.57,32257
ground-height-0m-20260825-163632,d002m_r180_run01.csv,0,2,180,dw00;dw01;dw02;dw03;dw04;dw05;dw06;dw07;dw08,dw00;dw01;dw02;dw03;dw04;dw05;dw06;dw07;dw08,,35,1,2026-08-28T09:29:48.347+0200,dw01,1729,255,163,-135,132,95,3.01,42297
ground-height-0m-20260825-163632,d002m_r180_run01.csv,0,2,180,dw00;dw01;dw02;dw03;dw04;dw05;dw06;dw07;dw08,dw00;dw01;dw02;dw03;dw04;dw05;dw06;dw07;dw08,,55,1,2026-08-28T09:29:48.357+0200,dw02,8FB0,236,164,-101,164,0,3.09,52368
ground-height-0m-20260825-163632,d002m_r180_run01.csv,0,2,180,dw00;dw01;dw02;dw03;dw04;dw05;dw06;dw07;dw08,dw00;dw01;dw02;dw03;dw04;dw05;dw06;dw07;dw08,,145,1,2026-08-28T09:29:48.397+0200,dw07,5783,172,163,137,45,156,2.95,2147483
ground-height-0m-20260825-163632,d002m_r180_run01.csv,0,2,180,dw00;dw01;dw02;dw03;dw04;dw05;dw06;dw07;dw08,dw00;dw01;dw02;dw03;dw04;dw05;dw06;dw07;dw08,,75,1,2026-08-28T09:29:48.416+0200,dw03,021B,246,155,-44,-131,83,3.21,12268
ground-height-0m-20260825-163632,d002m_r180_run01.csv,0,2,180,dw00;dw01;dw02;dw03;dw04;dw05;dw06;dw07;dw08,dw00;dw01;dw02;dw03;dw04;dw05;dw06;dw07;dw08,,165,1,2026-08-28T09:29:48.426+0200,dw08,028E,130,170,164,75,152,3.39,22277
ground-height-0m-20260825-163632,d002m_r180_run01.csv,0,2,180,dw00;dw01;dw02;dw03;dw04;dw05;dw06;dw07;dw08,dw00;dw01;dw02;dw03;dw04;dw05;dw06;dw07;dw08,,90,1,2026-08-28T09:29:48.466+0200,dw04,0F85,164,162,-2,-94,132,1.99,62286
ground-height-0m-20260825-163632,d002m_r180_run01.csv,0,2,180,dw00;dw01;dw02;dw03;dw04;dw05;dw06;dw07;dw08,dw00;dw01;dw02;dw03;dw04;dw05;dw06;dw07;dw08,,105,1,2026-08-28T09:29:48.477+0200,dw05,4B92,70,162,54,-37,158,2.20,72235
ground-height-0m-20260825-163632,d002m_r180_run01.csv,0,2,180,dw00;dw01;dw02;dw03;dw04;dw05;dw06;dw07;dw08,dw00;dw01;dw02;dw03;dw04;dw05;dw06;dw07;dw08,,125,1,2026-08-28T09:29:48.487+0200,dw06,0789,187,159,105,12,158,1.93,82336
ground-height-0m-20260825-163632,d002m_r180_run01.csv,0,2,180,dw00;dw01;dw02;dw03;dw04;dw05;dw06;dw07;dw08,dw00;dw01;dw02;dw03;dw04;dw05;dw06;dw07;dw08,,15,1,2026-08-28T09:29:48.536+0200,dw00,8103,158,178,-156,122,130,3.57,32287
ground-height-0m-20260825-163632,d002m_r180_run01.csv,0,2,180,dw00;dw01;dw02;dw03;dw04;dw05;dw06;dw07;dw08,dw00;dw01;dw02;dw03;dw04;dw05;dw06;dw07;dw08,,35,1,2026-08-28T09:29:48.546+0200,dw01,1729,0,163,-136,131,96,3.01,42297
ground-height-0m-20260825-163632,d002m_r180_run01.csv,0,2,180,dw00;dw01;dw02;dw03;dw04;dw05;dw06;dw07;dw08,dw00;dw01;dw02;dw03;dw04;dw05;dw06;dw07;dw08,,55,1,2026-08-28T09:29:48.557+0200,dw02,8FB0,237,165,-101,165,0,3.01,52337
ground-height-0m-20260825-163632,d002m_r180_run01.csv,0,2,180,dw00;dw01;dw02;dw03;dw04;dw05;dw06;dw07;dw08,dw00;dw01;dw02;dw03;dw04;dw05;dw06;dw07;dw08,,145,1,2026-08-28T09:29:48.597+0200,dw07,5783,173,162,138,46,155,2.95,2147483
ground-height-0m-20260825-163632,d002m_r180_run01.csv,0,2,180,dw00;dw01;dw02;dw03;dw04;dw05;dw06;dw07;dw08,dw00;dw01;dw02;dw03;dw04;dw05;dw06;dw07;dw08,,75,1,2026-08-28T09:29:48.616+0200,dw03,021B,247,158,-50,-139,74,3.33,12268
ground-height-0m-20260825-163632,d002m_r180_run01.csv,0,2,180,dw00;dw01;dw02;dw03;dw04;dw05;dw06;dw07;dw08,dw00;dw01;dw02;dw03;dw04;dw05;dw06;dw07;dw08,,165,1,2026-08-28T09:29:48.626+0200,dw08,028E,131,166,158,68,151,3.51,22277
ground-height-0m-20260825-163632,d002m_r180_run01.csv,0,2,180,dw00;dw01;dw02;dw03;dw04;dw05;dw06;dw07;dw08,dw00;dw01;dw02;dw03;dw04;dw05;dw06;dw07;dw08,,90,1,2026-08-28T09:29:48.666+0200,dw04,0F85,165,163,0,-93,134,1.99,62316
ground-height-0m-20260825-163632,d002m_r180_run01.csv,0,2,180,dw00;dw01;dw02;dw03;dw04;dw05;dw06;dw07;dw08,dw00;dw01;dw02;dw03;dw04;dw05;dw06;dw07;dw08,,105,1,2026-08-28T09:29:48.676+0200,dw05,4B92,71,166,45,-47,159,2.26,72265
ground-height-0m-20260825-163632,d002m_r180_run01.csv,0,2,180,dw00;dw01;dw02;dw03;dw04;dw05;dw06;dw07;dw08,dw00;dw01;dw02;dw03;dw04;dw05;dw06;dw07;dw08,,125,1,2026-08-28T09:29:48.687+0200,dw06,0789,188,159,106,14,159,1.81,82305
ground-height-0m-20260825-163632,d002m_r180_run01.csv,0,2,180,dw00;dw01;dw02;dw03;dw04;dw05;dw06;dw07;dw08,dw00;dw01;dw02;dw03;dw04;dw05;dw06;dw07;dw08,,15,1,2026-08-28T09:29:48.737+0200,dw00,8103,159,175,-152,124,123,3.69,32287
ground-height-0m-20260825-163632,d002m_r180_run01.csv,0,2,180,dw00;dw01;dw02;dw03;dw04;dw05;dw06;dw07;dw08,dw00;dw01;dw02;dw03;dw04;dw05;dw06;dw07;dw08,,35,1,2026-08-28T09:29:48.746+0200,dw01,1729,1,162,-134,132,93,2.95,42327
ground-height-0m-20260825-163632,d002m_r180_run01.csv,0,2,180,dw00;dw01;dw02;dw03;dw04;dw05;dw06;dw07;dw08,dw00;dw01;dw02;dw03;dw04;dw05;dw06;dw07;dw08,,55,1,2026-08-28T09:29:48.756+0200,dw02,8FB0,238,163,-94,163,0,3.09,52337
ground-height-0m-20260825-163632,d002m_r180_run01.csv,0,2,180,dw00;dw01;dw02;dw03;dw04;dw05;dw06;dw07;dw08,dw00;dw01;dw02;dw03;dw04;dw05;dw06;dw07;dw08,,145,1,2026-08-28T09:29:48.796+0200,dw07,5783,174,158,138,45,151,2.95,2147483
ground-height-0m-20260825-163632,d002m_r180_run01.csv,0,2,180,dw00;dw01;dw02;dw03;dw04;dw05;dw06;dw07;dw08,dw00;dw01;dw02;dw03;dw04;dw05;dw06;dw07;dw08,,75,1,2026-08-28T09:29:48.817+0200,dw03,021B,248,155,-45,-132,81,3.27,12268
ground-height-0m-20260825-163632,d002m_r180_run01.csv,0,2,180,dw00;dw01;dw02;dw03;dw04;dw05;dw06;dw07;dw08,dw00;dw01;dw02;dw03;dw04;dw05;dw06;dw07;dw08,,165,1,2026-08-28T09:29:48.826+0200,dw08,028E,132,166,168,78,146,3.33,22308
ground-height-0m-20260825-163632,d002m_r180_run01.csv,0,2,180,dw00;dw01;dw02;dw03;dw04;dw05;dw06;dw07;dw08,dw00;dw01;dw02;dw03;dw04;dw05;dw06;dw07;dw08,,90,1,2026-08-28T09:29:48.866+0200,dw04,0F85,166,164,-3,-97,132,2.02,62255
ground-height-0m-20260825-163632,d002m_r180_run01.csv,0,2,180,dw00;dw01;dw02;dw03;dw04;dw05;dw06;dw07;dw08,dw00;dw01;dw02;dw03;dw04;dw05;dw06;dw07;dw08,,105,1,2026-08-28T09:29:48.876+0200,dw05,4B92,72,167,55,-37,163,2.20,72204
ground-height-0m-20260825-163632,d002m_r180_run01.csv,0,2,180,dw00;dw01;dw02;dw03;dw04;dw05;dw06;dw07;dw08,dw00;dw01;dw02;dw03;dw04;dw05;dw06;dw07;dw08,,125,1,2026-08-28T09:29:48.886+0200,dw06,0789,189,158,102,10,158,1.87,82305
ground-height-0m-20260825-163632,d002m_r180_run01.csv,0,2,180,dw00;dw01;dw02;dw03;dw04;dw05;dw06;dw07;dw08,dw00;dw01;dw02;dw03;dw04;dw05;dw06;dw07;dw08,,15,1,2026-08-28T09:29:48.937+0200,dw00,8103,160,179,-163,114,138,3.45,32226
ground-height-0m-20260825-163632,d002m_r180_run01.csv,0,2,180,dw00;dw01;dw02;dw03;dw04;dw05;dw06;dw07;dw08,dw00;dw01;dw02;dw03;dw04;dw05;dw06;dw07;dw08,,35,1,2026-08-28T09:29:48.946+0200,dw01,1729,2,165,-135,133,96,2.95,42327
ground-height-0m-20260825-163632,d002m_r180_run01.csv,0,2,180,dw00;dw01;dw02;dw03;dw04;dw05;dw06;dw07;dw08,dw00;dw01;dw02;dw03;dw04;dw05;dw06;dw07;dw08,,55,1,2026-08-28T09:29:48.956+0200,dw02,8FB0,239,158,-96,157,0,3.01,52337
ground-height-0m-20260825-163632,d002m_r180_run01.csv,0,2,180,dw00;dw01;dw02;dw03;dw04;dw05;dw06;dw07;dw08,dw00;dw01;dw02;dw03;dw04;dw05;dw06;dw07;dw08,,145,1,2026-08-28T09:29:48.996+0200,dw07,5783,175,164,134,43,158,2.89,2147483
ground-height-0m-20260825-163632,d002m_r180_run01.csv,0,2,180,dw00;dw01;dw02;dw03;dw04;dw05;dw06;dw07;dw08,dw00;dw01;dw02;dw03;dw04;dw05;dw06;dw07;dw08,,75,1,2026-08-28T09:29:49.016+0200,dw03,021B,249,155,-41,-128,88,3.33,12298
ground-height-0m-20260825-163632,d002m_r180_run01.csv,0,2,180,dw00;dw01;dw02;dw03;dw04;dw05;dw06;dw07;dw08,dw00;dw01;dw02;dw03;dw04;dw05;dw06;dw07;dw08,,165,1,2026-08-28T09:29:49.027+0200,dw08,028E,133,165,164,73,148,3.45,22277
ground-height-0m-20260825-163632,d002m_r180_run01.csv,0,2,180,dw00;dw01;dw02;dw03;dw04;dw05;dw06;dw07;dw08,dw00;dw01;dw02;dw03;dw04;dw05;dw06;dw07;dw08,,90,1,2026-08-28T09:29:49.067+0200,dw04,0F85,167,166,-2,-96,134,1.93,62286
ground-height-0m-20260825-163632,d002m_r180_run01.csv,0,2,180,dw00;dw01;dw02;dw03;dw04;dw05;dw06;dw07;dw08,dw00;dw01;dw02;dw03;dw04;dw05;dw06;dw07;dw08,,105,1,2026-08-28T09:29:49.076+0200,dw05,4B92,73,162,48,-43,156,2.20,72265
ground-height-0m-20260825-163632,d002m_r180_run01.csv,0,2,180,dw00;dw01;dw02;dw03;dw04;dw05;dw06;dw07;dw08,dw00;dw01;dw02;dw03;dw04;dw05;dw06;dw07;dw08,,125,1,2026-08-28T09:29:49.086+0200,dw06,0789,190,156,106,13,155,1.93,82336
ground-height-0m-20260825-163632,d002m_r180_run01.csv,0,2,180,dw00;dw01;dw02;dw03;dw04;dw05;dw06;dw07;dw08,dw00;dw01;dw02;dw03;dw04;dw05;dw06;dw07;dw08,,15,1,2026-08-28T09:29:49.136+0200,dw00,8103,161,173,-154,120,124,3.57,32318
ground-height-0m-20260825-163632,d002m_r180_run01.csv,0,2,180,dw00;dw01;dw02;dw03;dw04;dw05;dw06;dw07;dw08,dw00;dw01;dw02;dw03;dw04;dw05;dw06;dw07;dw08,,35,1,2026-08-28T09:29:49.147+0200,dw01,1729,3,168,-132,139,94,2.89,42297
ground-height-0m-20260825-163632,d002m_r180_run01.csv,0,2,180,dw00;dw01;dw02;dw03;dw04;dw05;dw06;dw07;dw08,dw00;dw01;dw02;dw03;dw04;dw05;dw06;dw07;dw08,,55,1,2026-08-28T09:29:49.156+0200,dw02,8FB0,240,160,-94,160,0,3.09,52368
ground-height-0m-20260825-163632,d002m_r180_run01.csv,0,2,180,dw00;dw01;dw02;dw03;dw04;dw05;dw06;dw07;dw08,dw00;dw01;dw02;dw03;dw04;dw05;dw06;dw07;dw08,,145,1,2026-08-28T09:29:49.196+0200,dw07,5783,176,162,135,43,156,2.95,2147483
ground-height-0m-20260825-163632,d002m_r180_run01.csv,0,2,180,dw00;dw01;dw02;dw03;dw04;dw05;dw06;dw07;dw08,dw00;dw01;dw02;dw03;dw04;dw05;dw06;dw07;dw08,,75,1,2026-08-28T09:29:49.216+0200,dw03,021B,250,151,-32,-116,96,3.27,12237
ground-height-0m-20260825-163632,d002m_r180_run01.csv,0,2,180,dw00;dw01;dw02;dw03;dw04;dw05;dw06;dw07;dw08,dw00;dw01;dw02;dw03;dw04;dw05;dw06;dw07;dw08,,165,1,2026-08-28T09:29:49.226+0200,dw08,028E,134,167,164,74,150,3.57,22277
ground-height-0m-20260825-163632,d002m_r180_run01.csv,0,2,180,dw00;dw01;dw02;dw03;dw04;dw05;dw06;dw07;dw08,dw00;dw01;dw02;dw03;dw04;dw05;dw06;dw07;dw08,,90,1,2026-08-28T09:29:49.266+0200,dw04,0F85,168,163,1,-91,135,2.02,62286
ground-height-0m-20260825-163632,d002m_r180_run01.csv,0,2,180,dw00;dw01;dw02;dw03;dw04;dw05;dw06;dw07;dw08,dw00;dw01;dw02;dw03;dw04;dw05;dw06;dw07;dw08,,105,1,2026-08-28T09:29:49.276+0200,dw05,4B92,74,166,48,-44,159,2.20,72265
ground-height-0m-20260825-163632,d002m_r180_run01.csv,0,2,180,dw00;dw01;dw02;dw03;dw04;dw05;dw06;dw07;dw08,dw00;dw01;dw02;dw03;dw04;dw05;dw06;dw07;dw08,,125,1,2026-08-28T09:29:49.286+0200,dw06,0789,191,159,99,7,159,1.87,82305
ground-height-0m-20260825-163632,d002m_r180_run01.csv,0,2,180,dw00;dw01;dw02;dw03;dw04;dw05;dw06;dw07;dw08,dw00;dw01;dw02;dw03;dw04;dw05;dw06;dw07;dw08,,15,1,2026-08-28T09:29:49.336+0200,dw00,8103,162,176,-165,110,137,3.45,32257
ground-height-0m-20260825-163632,d002m_r180_run01.csv,0,2,180,dw00;dw01;dw02;dw03;dw04;dw05;dw06;dw07;dw08,dw00;dw01;dw02;dw03;dw04;dw05;dw06;dw07;dw08,,35,1,2026-08-28T09:29:49.346+0200,dw01,1729,4,166,-143,127,107,2.89,42327
ground-height-0m-20260825-163632,d002m_r180_run01.csv,0,2,180,dw00;dw01;dw02;dw03;dw04;dw05;dw06;dw07;dw08,dw00;dw01;dw02;dw03;dw04;dw05;dw06;dw07;dw08,,55,1,2026-08-28T09:29:49.357+0200,dw02,8FB0,241,163,-102,163,0,3.09,52398
ground-height-0m-20260825-163632,d002m_r180_run01.csv,0,2,180,dw00;dw01;dw02;dw03;dw04;dw05;dw06;dw07;dw08,dw00;dw01;dw02;dw03;dw04;dw05;dw06;dw07;dw08,,145,1,2026-08-28T09:29:49.397+0200,dw07,5783,177,164,139,47,157,2.89,2147483
ground-height-0m-20260825-163632,d002m_r180_run01.csv,0,2,180,dw00;dw01;dw02;dw03;dw04;dw05;dw06;dw07;dw08,dw00;dw01;dw02;dw03;dw04;dw05;dw06;dw07;dw08,,75,1,2026-08-28T09:29:49.416+0200,dw03,021B,251,153,-53,-138,65,3.27,12298
ground-height-0m-20260825-163632,d002m_r180_run01.csv,0,2,180,dw00;dw01;dw02;dw03;dw04;dw05;dw06;dw07;dw08,dw00;dw01;dw02;dw03;dw04;dw05;dw06;dw07;dw08,,165,1,2026-08-28T09:29:49.426+0200,dw08,028E,135,166,164,73,149,3.51,22277
ground-height-0m-20260825-163632,d002m_r180_run01.csv,0,2,180,dw00;dw01;dw02;dw03;dw04;dw05;dw06;dw07;dw08,dw00;dw01;dw02;dw03;dw04;dw05;dw06;dw07;dw08,,90,1,2026-08-28T09:29:49.466+0200,dw04,0F85,169,164,-4,-97,131,2.02,62316
ground-height-0m-20260825-163632,d002m_r180_run01.csv,0,2,180,dw00;dw01;dw02;dw03;dw04;dw05;dw06;dw07;dw08,dw00;dw01;dw02;dw03;dw04;dw05;dw06;dw07;dw08,,105,1,2026-08-28T09:29:49.476+0200,dw05,4B92,75,166,50,-43,161,2.26,72235
ground-height-0m-20260825-163632,d002m_r180_run01.csv,0,2,180,dw00;dw01;dw02;dw03;dw04;dw05;dw06;dw07;dw08,dw00;dw01;dw02;dw03;dw04;dw05;dw06;dw07;dw08,,125,1,2026-08-28T09:29:49.486+0200,dw06,0789,192,158,102,10,157,1.81,82305
ground-height-0m-20260825-163632,d002m_r180_run01.csv,0,2,180,dw00;dw01;dw02;dw03;dw04;dw05;dw06;dw07;dw08,dw00;dw01;dw02;dw03;dw04;dw05;dw06;dw07;dw08,,15,1,2026-08-28T09:29:49.536+0200,dw00,8103,163,178,-163,113,136,3.63,32226
ground-height-0m-20260825-163632,d002m_r180_run01.csv,0,2,180,dw00;dw01;dw02;dw03;dw04;dw05;dw06;dw07;dw08,dw00;dw01;dw02;dw03;dw04;dw05;dw06;dw07;dw08,,35,1,2026-08-28T09:29:49.546+0200,dw01,1729,5,162,-137,130,96,2.95,42327
ground-height-0m-20260825-163632,d002m_r180_run01.csv,0,2,180,dw00;dw01;dw02;dw03;dw04;dw05;dw06;dw07;dw08,dw00;dw01;dw02;dw03;dw04;dw05;dw06;dw07;dw08,,55,1,2026-08-28T09:29:49.556+0200,dw02,8FB0,242,158,-102,158,0,3.09,52307
ground-height-0m-20260825-163632,d002m_r180_run01.csv,0,2,180,dw00;dw01;dw02;dw03;dw04;dw05;dw06;dw07;dw08,dw00;dw01;dw02;dw03;dw04;dw05;dw06;dw07;dw08,,145,1,2026-08-28T09:29:49.596+0200,dw07,5783,178,164,138,46,157,2.95,2147483
ground-height-0m-20260825-163632,d002m_r180_run01.csv,0,2,180,dw00;dw01;dw02;dw03;dw04;dw05;dw06;dw07;dw08,dw00;dw01;dw02;dw03;dw04;dw05;dw06;dw07;dw08,,75,1,2026-08-28T09:29:49.616+0200,dw03,021B,252,156,-39,-127,90,3.21,12237
ground-height-0m-20260825-163632,d002m_r180_run01.csv,0,2,180,dw00;dw01;dw02;dw03;dw04;dw05;dw06;dw07;dw08,dw00;dw01;dw02;dw03;dw04;dw05;dw06;dw07;dw08,,165,1,2026-08-28T09:29:49.626+0200,dw08,028E,136,170,158,69,155,3.57,22277
ground-height-0m-20260825-163632,d002m_r180_run01.csv,0,2,180,dw00;dw01;dw02;dw03;dw04;dw05;dw06;dw07;dw08,dw00;dw01;dw02;dw03;dw04;dw05;dw06;dw07;dw08,,90,1,2026-08-28T09:29:49.666+0200,dw04,0F85,170,162,-1,-93,132,1.99,62255
ground-height-0m-20260825-163632,d002m_r180_run01.csv,0,2,180,dw00;dw01;dw02;dw03;dw04;dw05;dw06;dw07;dw08,dw00;dw01;dw02;dw03;dw04;dw05;dw06;dw07;dw08,,105,1,2026-08-28T09:29:49.676+0200,dw05,4B92,76,166,57,-35,162,2.26,72235
ground-height-0m-20260825-163632,d002m_r180_run01.csv,0,2,180,dw00;dw01;dw02;dw03;dw04;dw05;dw06;dw07;dw08,dw00;dw01;dw02;dw03;dw04;dw05;dw06;dw07;dw08,,125,1,2026-08-28T09:29:49.686+0200,dw06,0789,193,156,97,5,156,1.69,82305
ground-height-0m-20260825-163632,d002m_r180_run01.csv,0,2,180,dw00;dw01;dw02;dw03;dw04;dw05;dw06;dw07;dw08,dw00;dw01;dw02;dw03;dw04;dw05;dw06;dw07;dw08,,15,1,2026-08-28T09:29:49.736+0200,dw00,8103,164,176,-158,118,130,3.63,32287
ground-height-0m-20260825-163632,d002m_r180_run01.csv,0,2,180,dw00;dw01;dw02;dw03;dw04;dw05;dw06;dw07;dw08,dw00;dw01;dw02;dw03;dw04;dw05;dw06;dw07;dw08,,35,1,2026-08-28T09:29:49.746+0200,dw01,1729,6,164,-135,132,96,3.01,42327
ground-height-0m-20260825-163632,d002m_r180_run01.csv,0,2,180,dw00;dw01;dw02;dw03;dw04;dw05;dw06;dw07;dw08,dw00;dw01;dw02;dw03;dw04;dw05;dw06;dw07;dw08,,55,1,2026-08-28T09:29:49.756+0200,dw02,8FB0,243,164,-108,160,34,3.09,52337
ground-height-0m-20260825-163632,d002m_r180_run01.csv,0,2,180,dw00;dw01;dw02;dw03;dw04;dw05;dw06;dw07;dw08,dw00;dw01;dw02;dw03;dw04;dw05;dw06;dw07;dw08,,145,1,2026-08-28T09:29:49.796+0200,dw07,5783,179,161,138,46,154,2.95,2147483
ground-height-0m-20260825-163632,d002m_r180_run01.csv,0,2,180,dw00;dw01;dw02;dw03;dw04;dw05;dw06;dw07;dw08,dw00;dw01;dw02;dw03;dw04;dw05;dw06;dw07;dw08,,75,1,2026-08-28T09:29:49.815+0200,dw03,021B,253,157,-42,-130,86,3.27,12298
ground-height-0m-20260825-163632,d002m_r180_run01.csv,0,2,180,dw00;dw01;dw02;dw03;dw04;dw05;dw06;dw07;dw08,dw00;dw01;dw02;dw03;dw04;dw05;dw06;dw07;dw08,,165,1,2026-08-28T09:29:49.826+0200,dw08,028E,137,166,160,70,150,3.51,22277
ground-height-0m-20260825-163632,d002m_r180_run01.csv,0,2,180,dw00;dw01;dw02;dw03;dw04;dw05;dw06;dw07;dw08,dw00;dw01;dw02;dw03;dw04;dw05;dw06;dw07;dw08,,90,1,2026-08-28T09:29:49.866+0200,dw04,0F85,171,166,-1,-95,136,1.99,62316
ground-height-0m-20260825-163632,d002m_r180_run01.csv,0,2,180,dw00;dw01;dw02;dw03;dw04;dw05;dw06;dw07;dw08,dw00;dw01;dw02;dw03;dw04;dw05;dw06;dw07;dw08,,105,1,2026-08-28T09:29:49.876+0200,dw05,4B92,77,164,50,-42,159,2.20,72265
ground-height-0m-20260825-163632,d002m_r180_run01.csv,0,2,180,dw00;dw01;dw02;dw03;dw04;dw05;dw06;dw07;dw08,dw00;dw01;dw02;dw03;dw04;dw05;dw06;dw07;dw08,,125,1,2026-08-28T09:29:49.886+0200,dw06,0789,194,161,107,15,160,1.87,82336
ground-height-0m-20260825-163632,d002m_r180_run01.csv,0,2,180,dw00;dw01;dw02;dw03;dw04;dw05;dw06;dw07;dw08,dw00;dw01;dw02;dw03;dw04;dw05;dw06;dw07;dw08,,15,1,2026-08-28T09:29:49.936+0200,dw00,8103,165,175,-151,125,123,3.51,32257
ground-height-0m-20260825-163632,d002m_r180_run01.csv,0,2,180,dw00;dw01;dw02;dw03;dw04;dw05;dw06;dw07;dw08,dw00;dw01;dw02;dw03;dw04;dw05;dw06;dw07;dw08,,35,1,2026-08-28T09:29:49.946+0200,dw01,1729,7,166,-134,136,95,2.89,42327
ground-height-0m-20260825-163632,d002m_r180_run01.csv,0,2,180,dw00;dw01;dw02;dw03;dw04;dw05;dw06;dw07;dw08,dw00;dw01;dw02;dw03;dw04;dw05;dw06;dw07;dw08,,55,1,2026-08-28T09:29:49.956+0200,dw02,8FB0,244,168,-101,168,0,3.01,52337
ground-height-0m-20260825-163632,d002m_r180_run01.csv,0,2,180,dw00;dw01;dw02;dw03;dw04;dw05;dw06;dw07;dw08,dw00;dw01;dw02;dw03;dw04;dw05;dw06;dw07;dw08,,145,1,2026-08-28T09:29:49.996+0200,dw07,5783,180,160,132,40,155,2.95,2147483
ground-height-0m-20260825-163632,d002m_r180_run01.csv,0,2,180,dw00;dw01;dw02;dw03;dw04;dw05;dw06;dw07;dw08,dw00;dw01;dw02;dw03;dw04;dw05;dw06;dw07;dw08,,75,1,2026-08-28T09:29:50.016+0200,dw03,021B,254,154,-35,-121,94,3.27,12268
ground-height-0m-20260825-163632,d002m_r180_run01.csv,0,2,180,dw00;dw01;dw02;dw03;dw04;dw05;dw06;dw07;dw08,dw00;dw01;dw02;dw03;dw04;dw05;dw06;dw07;dw08,,165,1,2026-08-28T09:29:50.025+0200,dw08,028E,138,169,165,76,150,3.45,22277
ground-height-0m-20260825-163632,d002m_r180_run01.csv,0,2,180,dw00;dw01;dw02;dw03;dw04;dw05;dw06;dw07;dw08,dw00;dw01;dw02;dw03;dw04;dw05;dw06;dw07;dw08,,90,1,2026-08-28T09:29:50.065+0200,dw04,0F85,172,164,0,-93,135,1.93,62286
ground-height-0m-20260825-163632,d002m_r180_run01.csv,0,2,180,dw00;dw01;dw02;dw03;dw04;dw05;dw06;dw07;dw08,dw00;dw01;dw02;dw03;dw04;dw05;dw06;dw07;dw08,,105,1,2026-08-28T09:29:50.076+0200,dw05,4B92,78,166,47,-46,160,2.26,72204
ground-height-0m-20260825-163632,d002m_r180_run01.csv,0,2,180,dw00;dw01;dw02;dw03;dw04;dw05;dw06;dw07;dw08,dw00;dw01;dw02;dw03;dw04;dw05;dw06;dw07;dw08,,125,1,2026-08-28T09:29:50.086+0200,dw06,0789,195,158,99,7,157,1.87,82275
ground-height-0m-20260825-163632,d002m_r180_run01.csv,0,2,180,dw00;dw01;dw02;dw03;dw04;dw05;dw06;dw07;dw08,dw00;dw01;dw02;dw03;dw04;dw05;dw06;dw07;dw08,,15,1,2026-08-28T09:29:50.136+0200,dw00,8103,166,173,-162,112,132,3.63,32287
ground-height-0m-20260825-163632,d002m_r180_run01.csv,0,2,180,dw00;dw01;dw02;dw03;dw04;dw05;dw06;dw07;dw08,dw00;dw01;dw02;dw03;dw04;dw05;dw06;dw07;dw08,,35,1,2026-08-28T09:29:50.146+0200,dw01,1729,8,164,-133,135,92,3.01,42297
ground-height-0m-20260825-163632,d002m_r180_run01.csv,0,2,180,dw00;dw01;dw02;dw03;dw04;dw05;dw06;dw07;dw08,dw00;dw01;dw02;dw03;dw04;dw05;dw06;dw07;dw08,,55,1,2026-08-28T09:29:50.156+0200,dw02,8FB0,245,160,-97,160,0,3.09,52337
ground-height-0m-20260825-163632,d002m_r180_run01.csv,0,2,180,dw00;dw01;dw02;dw03;dw04;dw05;dw06;dw07;dw08,dw00;dw01;dw02;dw03;dw04;dw05;dw06;dw07;dw08,,145,1,2026-08-28T09:29:50.196+0200,dw07,5783,181,163,136,44,157,2.95,2147483
ground-height-0m-20260825-163632,d002m_r180_run01.csv,0,2,180,dw00;dw01;dw02;dw03;dw04;dw05;dw06;dw07;dw08,dw00;dw01;dw02;dw03;dw04;dw05;dw06;dw07;dw08,,75,1,2026-08-28T09:29:50.216+0200,dw03,021B,255,156,-43,-130,85,3.27,12268
ground-height-0m-20260825-163632,d002m_r180_run01.csv,0,2,180,dw00;dw01;dw02;dw03;dw04;dw05;dw06;dw07;dw08,dw00;dw01;dw02;dw03;dw04;dw05;dw06;dw07;dw08,,165,1,2026-08-28T09:29:50.226+0200,dw08,028E,139,166,164,74,148,3.57,22277
ground-height-0m-20260825-163632,d002m_r180_run01.csv,0,2,180,dw00;dw01;dw02;dw03;dw04;dw05;dw06;dw07;dw08,dw00;dw01;dw02;dw03;dw04;dw05;dw06;dw07;dw08,,90,1,2026-08-28T09:29:50.266+0200,dw04,0F85,173,162,-1,-93,132,1.99,62255
ground-height-0m-20260825-163632,d002m_r180_run01.csv,0,2,180,dw00;dw01;dw02;dw03;dw04;dw05;dw06;dw07;dw08,dw00;dw01;dw02;dw03;dw04;dw05;dw06;dw07;dw08,,105,1,2026-08-28T09:29:50.275+0200,dw05,4B92,79,166,54,-38,161,2.20,72235
ground-height-0m-20260825-163632,d002m_r180_run01.csv,0,2,180,dw00;dw01;dw02;dw03;dw04;dw05;dw06;dw07;dw08,dw00;dw01;dw02;dw03;dw04;dw05;dw06;dw07;dw08,,125,1,2026-08-28T09:29:50.286+0200,dw06,0789,196,155,100,8,155,1.93,82366
ground-height-0m-20260825-163632,d002m_r180_run01.csv,0,2,180,dw00;dw01;dw02;dw03;dw04;dw05;dw06;dw07;dw08,dw00;dw01;dw02;dw03;dw04;dw05;dw06;dw07;dw08,,15,1,2026-08-28T09:29:50.336+0200,dw00,8103,167,178,-157,120,131,3.51,32257
ground-height-0m-20260825-163632,d002m_r180_run01.csv,0,2,180,dw00;dw01;dw02;dw03;dw04;dw05;dw06;dw07;dw08,dw00;dw01;dw02;dw03;dw04;dw05;dw06;dw07;dw08,,35,1,2026-08-28T09:29:50.346+0200,dw01,1729,9,162,-138,129,98,2.95,42358
ground-height-0m-20260825-163632,d002m_r180_run01.csv,0,2,180,dw00;dw01;dw02;dw03;dw04;dw05;dw06;dw07;dw08,dw00;dw01;dw02;dw03;dw04;dw05;dw06;dw07;dw08,,55,1,2026-08-28T09:29:50.355+0200,dw02,8FB0,246,165,-98,165,0,3.15,52307
ground-height-0m-20260825-163632,d002m_r180_run01.csv,0,2,180,dw00;dw01;dw02;dw03;dw04;dw05;dw06;dw07;dw08,dw00;dw01;dw02;dw03;dw04;dw05;dw06;dw07;dw08,,145,1,2026-08-28T09:29:50.395+0200,dw07,5783,182,162,132,40,157,2.95,2147483
ground-height-0m-20260825-163632,d002m_r180_run01.csv,0,2,180,dw00;dw01;dw02;dw03;dw04;dw05;dw06;dw07;dw08,dw00;dw01;dw02;dw03;dw04;dw05;dw06;dw07;dw08,,75,1,2026-08-28T09:29:50.416+0200,dw03,021B,0,153,-39,-124,90,3.27,12268
ground-height-0m-20260825-163632,d002m_r180_run01.csv,0,2,180,dw00;dw01;dw02;dw03;dw04;dw05;dw06;dw07;dw08,dw00;dw01;dw02;dw03;dw04;dw05;dw06;dw07;dw08,,165,1,2026-08-28T09:29:50.426+0200,dw08,028E,140,166,163,73,149,3.45,22308
ground-height-0m-20260825-163632,d002m_r180_run01.csv,0,2,180,dw00;dw01;dw02;dw03;dw04;dw05;dw06;dw07;dw08,dw00;dw01;dw02;dw03;dw04;dw05;dw06;dw07;dw08,,90,1,2026-08-28T09:29:50.466+0200,dw04,0F85,174,163,2,-90,136,1.99,62316
ground-height-0m-20260825-163632,d002m_r180_run01.csv,0,2,180,dw00;dw01;dw02;dw03;dw04;dw05;dw06;dw07;dw08,dw00;dw01;dw02;dw03;dw04;dw05;dw06;dw07;dw08,,105,1,2026-08-28T09:29:50.476+0200,dw05,4B92,80,167,52,-41,162,2.20,72296
ground-height-0m-20260825-163632,d002m_r180_run01.csv,0,2,180,dw00;dw01;dw02;dw03;dw04;dw05;dw06;dw07;dw08,dw00;dw01;dw02;dw03;dw04;dw05;dw06;dw07;dw08,,125,1,2026-08-28T09:29:50.485+0200,dw06,0789,197,158,95,3,158,1.75,82305
ground-height-0m-20260825-163632,d002m_r180_run01.csv,0,2,180,dw00;dw01;dw02;dw03;dw04;dw05;dw06;dw07;dw08,dw00;dw01;dw02;dw03;dw04;dw05;dw06;dw07;dw08,,15,1,2026-08-28T09:29:50.536+0200,dw00,8103,168,175,-154,122,126,3.57,32257
ground-height-0m-20260825-163632,d002m_r180_run01.csv,0,2,180,dw00;dw01;dw02;dw03;dw04;dw05;dw06;dw07;dw08,dw00;dw01;dw02;dw03;dw04;dw05;dw06;dw07;dw08,,35,1,2026-08-28T09:29:50.546+0200,dw01,1729,10,167,-141,130,105,2.95,42327
ground-height-0m-20260825-163632,d002m_r180_run01.csv,0,2,180,dw00;dw01;dw02;dw03;dw04;dw05;dw06;dw07;dw08,dw00;dw01;dw02;dw03;dw04;dw05;dw06;dw07;dw08,,55,1,2026-08-28T09:29:50.556+0200,dw02,8FB0,247,163,-98,163,0,3.15,52398
ground-height-0m-20260825-163632,d002m_r180_run01.csv,0,2,180,dw00;dw01;dw02;dw03;dw04;dw05;dw06;dw07;dw08,dw00;dw01;dw02;dw03;dw04;dw05;dw06;dw07;dw08,,145,1,2026-08-28T09:29:50.596+0200,dw07,5783,183,161,134,42,155,2.95,2147483
ground-height-0m-20260825-163632,d002m_r180_run01.csv,0,2,180,dw00;dw01;dw02;dw03;dw04;dw05;dw06;dw07;dw08,dw00;dw01;dw02;dw03;dw04;dw05;dw06;dw07;dw08,,75,1,2026-08-28T09:29:50.615+0200,dw03,021B,1,152,-41,-126,85,3.33,12268
ground-height-0m-20260825-163632,d002m_r180_run01.csv,0,2,180,dw00;dw01;dw02;dw03;dw04;dw05;dw06;dw07;dw08,dw00;dw01;dw02;dw03;dw04;dw05;dw06;dw07;dw08,,165,1,2026-08-28T09:29:50.626+0200,dw08,028E,141,170,159,70,154,3.51,22277
ground-height-0m-20260825-163632,d002m_r180_run01.csv,0,2,180,dw00;dw01;dw02;dw03;dw04;dw05;dw06;dw07;dw08,dw00;dw01;dw02;dw03;dw04;dw05;dw06;dw07;dw08,,90,1,2026-08-28T09:29:50.666+0200,dw04,0F85,175,165,-2,-96,133,1.99,62286
ground-height-0m-20260825-163632,d002m_r180_run01.csv,0,2,180,dw00;dw01;dw02;dw03;dw04;dw05;dw06;dw07;dw08,dw00;dw01;dw02;dw03;dw04;dw05;dw06;dw07;dw08,,105,1,2026-08-28T09:29:50.676+0200,dw05,4B92,81,168,44,-49,160,2.14,72265
ground-height-0m-20260825-163632,d002m_r180_run01.csv,0,2,180,dw00;dw01;dw02;dw03;dw04;dw05;dw06;dw07;dw08,dw00;dw01;dw02;dw03;dw04;dw05;dw06;dw07;dw08,,125,1,2026-08-28T09:29:50.685+0200,dw06,0789,198,157,96,4,157,1.87,82305
ground-height-0m-20260825-163632,d002m_r180_run01.csv,0,2,180,dw00;dw01;dw02;dw03;dw04;dw05;dw06;dw07;dw08,dw00;dw01;dw02;dw03;dw04;dw05;dw06;dw07;dw08,,15,1,2026-08-28T09:29:50.735+0200,dw00,8103,169,177,-160,117,132,3.57,32257
ground-height-0m-20260825-163632,d002m_r180_run01.csv,0,2,180,dw00;dw01;dw02;dw03;dw04;dw05;dw06;dw07;dw08,dw00;dw01;dw02;dw03;dw04;dw05;dw06;dw07;dw08,,35,1,2026-08-28T09:29:50.746+0200,dw01,1729,11,163,-136,131,96,3.01,42327
ground-height-0m-20260825-163632,d002m_r180_run01.csv,0,2,180,dw00;dw01;dw02;dw03;dw04;dw05;dw06;dw07;dw08,dw00;dw01;dw02;dw03;dw04;dw05;dw06;dw07;dw08,,55,1,2026-08-28T09:29:50.756+0200,dw02,8FB0,248,165,-104,165,0,3.06,52368
ground-height-0m-20260825-163632,d002m_r180_run01.csv,0,2,180,dw00;dw01;dw02;dw03;dw04;dw05;dw06;dw07;dw08,dw00;dw01;dw02;dw03;dw04;dw05;dw06;dw07;dw08,,145,1,2026-08-28T09:29:50.796+0200,dw07,5783,184,165,138,47,158,2.95,2147483
ground-height-0m-20260825-163632,d002m_r180_run01.csv,0,2,180,dw00;dw01;dw02;dw03;dw04;dw05;dw06;dw07;dw08,dw00;dw01;dw02;dw03;dw04;dw05;dw06;dw07;dw08,,75,1,2026-08-28T09:29:50.815+0200,dw03,021B,2,156,-43,-131,85,3.21,12268
ground-height-0m-20260825-163632,d002m_r180_run01.csv,0,2,180,dw00;dw01;dw02;dw03;dw04;dw05;dw06;dw07;dw08,dw00;dw01;dw02;dw03;dw04;dw05;dw06;dw07;dw08,,165,1,2026-08-28T09:29:50.825+0200,dw08,028E,142,170,165,77,152,3.51,22277
ground-height-0m-20260825-163632,d002m_r180_run01.csv,0,2,180,dw00;dw01;dw02;dw03;dw04;dw05;dw06;dw07;dw08,dw00;dw01;dw02;dw03;dw04;dw05;dw06;dw07;dw08,,90,1,2026-08-28T09:29:50.865+0200,dw04,0F85,176,162,1,-90,134,1.99,62286
ground-height-0m-20260825-163632,d002m_r180_run01.csv,0,2,180,dw00;dw01;dw02;dw03;dw04;dw05;dw06;dw07;dw08,dw00;dw01;dw02;dw03;dw04;dw05;dw06;dw07;dw08,,105,1,2026-08-28T09:29:50.876+0200,dw05,4B92,82,159,45,-46,153,2.26,72235
ground-height-0m-20260825-163632,d002m_r180_run01.csv,0,2,180,dw00;dw01;dw02;dw03;dw04;dw05;dw06;dw07;dw08,dw00;dw01;dw02;dw03;dw04;dw05;dw06;dw07;dw08,,125,1,2026-08-28T09:29:50.886+0200,dw06,0789,199,158,92,0,158,1.87,82305
ground-height-0m-20260825-163632,d002m_r180_run01.csv,0,2,180,dw00;dw01;dw02;dw03;dw04;dw05;dw06;dw07;dw08,dw00;dw01;dw02;dw03;dw04;dw05;dw06;dw07;dw08,,15,1,2026-08-28T09:29:50.935+0200,dw00,8103,170,176,-160,116,133,3.57,32287
ground-height-0m-20260825-163632,d002m_r180_run01.csv,0,2,180,dw00;dw01;dw02;dw03;dw04;dw05;dw06;dw07;dw08,dw00;dw01;dw02;dw03;dw04;dw05;dw06;dw07;dw08,,35,1,2026-08-28T09:29:50.945+0200,dw01,1729,12,166,-142,127,106,2.95,42327
ground-height-0m-20260825-163632,d002m_r180_run01.csv,0,2,180,dw00;dw01;dw02;dw03;dw04;dw05;dw06;dw07;dw08,dw00;dw01;dw02;dw03;dw04;dw05;dw06;dw07;dw08,,55,1,2026-08-28T09:29:50.956+0200,dw02,8FB0,249,166,-109,161,42,3.09,52307
ground-height-0m-20260825-163632,d002m_r180_run01.csv,0,2,180,dw00;dw01;dw02;dw03;dw04;dw05;dw06;dw07;dw08,dw00;dw01;dw02;dw03;dw04;dw05;dw06;dw07;dw08,,145,1,2026-08-28T09:29:50.995+0200,dw07,5783,185,162,136,44,156,2.89,2147483
ground-height-0m-20260825-163632,d002m_r180_run01.csv,0,2,180,dw00;dw01;dw02;dw03;dw04;dw05;dw06;dw07;dw08,dw00;dw01;dw02;dw03;dw04;dw05;dw06;dw07;dw08,,75,1,2026-08-28T09:29:51.016+0200,dw03,021B,3,154,-40,-127,88,3.27,12268
ground-height-0m-20260825-163632,d002m_r180_run01.csv,0,2,180,dw00;dw01;dw02;dw03;dw04;dw05;dw06;dw07;dw08,dw00;dw01;dw02;dw03;dw04;dw05;dw06;dw07;dw08,,165,1,2026-08-28T09:29:51.025+0200,dw08,028E,143,167,160,70,152,3.45,22277
ground-height-0m-20260825-163632,d002m_r180_run01.csv,0,2,180,dw00;dw01;dw02;dw03;dw04;dw05;dw06;dw07;dw08,dw00;dw01;dw02;dw03;dw04;dw05;dw06;dw07;dw08,,90,1,2026-08-28T09:29:51.065+0200,dw04,0F85,177,164,-5,-98,130,2.02,62286
ground-height-0m-20260825-163632,d002m_r180_run01.csv,0,2,180,dw00;dw01;dw02;dw03;dw04;dw05;dw06;dw07;dw08,dw00;dw01;dw02;dw03;dw04;dw05;dw06;dw07;dw08,,105,1,2026-08-28T09:29:51.075+0200,dw05,4B92,83,166,44,-48,159,2.26,72265
ground-height-0m-20260825-163632,d002m_r180_run01.csv,0,2,180,dw00;dw01;dw02;dw03;dw04;dw05;dw06;dw07;dw08,dw00;dw01;dw02;dw03;dw04;dw05;dw06;dw07;dw08,,125,1,2026-08-28T09:29:51.086+0200,dw06,0789,200,157,102,10,157,1.87,82305
ground-height-0m-20260825-163632,d002m_r180_run01.csv,0,2,180,dw00;dw01;dw02;dw03;dw04;dw05;dw06;dw07;dw08,dw00;dw01;dw02;dw03;dw04;dw05;dw06;dw07;dw08,,15,1,2026-08-28T09:29:51.136+0200,dw00,8103,171,178,-160,117,133,3.63,32226
ground-height-0m-20260825-163632,d002m_r180_run01.csv,0,2,180,dw00;dw01;dw02;dw03;dw04;dw05;dw06;dw07;dw08,dw00;dw01;dw02;dw03;dw04;dw05;dw06;dw07;dw08,,35,1,2026-08-28T09:29:51.145+0200,dw01,1729,13,165,-137,132,99,2.95,42327
ground-height-0m-20260825-163632,d002m_r180_run01.csv,0,2,180,dw00;dw01;dw02;dw03;dw04;dw05;dw06;dw07;dw08,dw00;dw01;dw02;dw03;dw04;dw05;dw06;dw07;dw08,,55,1,2026-08-28T09:29:51.155+0200,dw02,8FB0,250,159,-105,159,11,3.15,52368
ground-height-0m-20260825-163632,d002m_r180_run01.csv,0,2,180,dw00;dw01;dw02;dw03;dw04;dw05;dw06;dw07;dw08,dw00;dw01;dw02;dw03;dw04;dw05;dw06;dw07;dw08,,145,1,2026-08-28T09:29:51.195+0200,dw07,5783,186,162,132,40,157,2.95,2147483
ground-height-0m-20260825-163632,d002m_r180_run01.csv,0,2,180,dw00;dw01;dw02;dw03;dw04;dw05;dw06;dw07;dw08,dw00;dw01;dw02;dw03;dw04;dw05;dw06;dw07;dw08,,75,1,2026-08-28T09:29:51.216+0200,dw03,021B,4,154,-42,-129,85,3.27,12268
ground-height-0m-20260825-163632,d002m_r180_run01.csv,0,2,180,dw00;dw01;dw02;dw03;dw04;dw05;dw06;dw07;dw08,dw00;dw01;dw02;dw03;dw04;dw05;dw06;dw07;dw08,,165,1,2026-08-28T09:29:51.225+0200,dw08,028E,144,169,166,77,150,3.39,22277
ground-height-0m-20260825-163632,d002m_r180_run01.csv,0,2,180,dw00;dw01;dw02;dw03;dw04;dw05;dw06;dw07;dw08,dw00;dw01;dw02;dw03;dw04;dw05;dw06;dw07;dw08,,90,1,2026-08-28T09:29:51.266+0200,dw04,0F85,178,162,2,-90,134,1.99,62286
ground-height-0m-20260825-163632,d002m_r180_run01.csv,0,2,180,dw00;dw01;dw02;dw03;dw04;dw05;dw06;dw07;dw08,dw00;dw01;dw02;dw03;dw04;dw05;dw06;dw07;dw08,,105,1,2026-08-28T09:29:51.275+0200,dw05,4B92,84,166,42,-50,158,2.26,72235
ground-height-0m-20260825-163632,d002m_r180_run01.csv,0,2,180,dw00;dw01;dw02;dw03;dw04;dw05;dw06;dw07;dw08,dw00;dw01;dw02;dw03;dw04;dw05;dw06;dw07;dw08,,125,1,2026-08-28T09:29:51.285+0200,dw06,0789,201,161,96,4,161,1.81,82305
ground-height-0m-20260825-163632,d002m_r180_run01.csv,0,2,180,dw00;dw01;dw02;dw03;dw04;dw05;dw06;dw07;dw08,dw00;dw01;dw02;dw03;dw04;dw05;dw06;dw07;dw08,,15,1,2026-08-28T09:29:51.336+0200,dw00,8103,172,176,-157,120,129,3.51,32257
ground-height-0m-20260825-163632,d002m_r180_run01.csv,0,2,180,dw00;dw01;dw02;dw03;dw04;dw05;dw06;dw07;dw08,dw00;dw01;dw02;dw03;dw04;dw05;dw06;dw07;dw08,,35,1,2026-08-28T09:29:51.346+0200,dw01,1729,14,166,-135,134,97,2.89,42327
ground-height-0m-20260825-163632,d002m_r180_run01.csv,0,2,180,dw00;dw01;dw02;dw03;dw04;dw05;dw06;dw07;dw08,dw00;dw01;dw02;dw03;dw04;dw05;dw06;dw07;dw08,,55,1,2026-08-28T09:29:51.355+0200,dw02,8FB0,251,162,-96,162,0,3.21,52368
ground-height-0m-20260825-163632,d002m_r180_run01.csv,0,2,180,dw00;dw01;dw02;dw03;dw04;dw05;dw06;dw07;dw08,dw00;dw01;dw02;dw03;dw04;dw05;dw06;dw07;dw08,,145,1,2026-08-28T09:29:51.395+0200,dw07,5783,187,164,137,46,157,3.01,2147483
ground-height-0m-20260825-163632,d002m_r180_run01.csv,0,2,180,dw00;dw01;dw02;dw03;dw04;dw05;dw06;dw07;dw08,dw00;dw01;dw02;dw03;dw04;dw05;dw06;dw07;dw08,,75,1,2026-08-28T09:29:51.415+0200,dw03,021B,5,154,-36,-122,93,3.27,12268
ground-height-0m-20260825-163632,d002m_r180_run01.csv,0,2,180,dw00;dw01;dw02;dw03;dw04;dw05;dw06;dw07;dw08,dw00;dw01;dw02;dw03;dw04;dw05;dw06;dw07;dw08,,165,1,2026-08-28T09:29:51.426+0200,dw08,028E,145,167,164,74,150,3.45,22277
ground-height-0m-20260825-163632,d002m_r180_run01.csv,0,2,180,dw00;dw01;dw02;dw03;dw04;dw05;dw06;dw07;dw08,dw00;dw01;dw02;dw03;dw04;dw05;dw06;dw07;dw08,,90,1,2026-08-28T09:29:51.466+0200,dw04,0F85,179,162,-6,-99,128,1.87,62286
ground-height-0m-20260825-163632,d002m_r180_run01.csv,0,2,180,dw00;dw01;dw02;dw03;dw04;dw05;dw06;dw07;dw08,dw00;dw01;dw02;dw03;dw04;dw05;dw06;dw07;dw08,,105,1,2026-08-28T09:29:51.475+0200,dw05,4B92,85,162,49,-42,157,2.08,72265
ground-height-0m-20260825-163632,d002m_r180_run01.csv,0,2,180,dw00;dw01;dw02;dw03;dw04;dw05;dw06;dw07;dw08,dw00;dw01;dw02;dw03;dw04;dw05;dw06;dw07;dw08,,125,1,2026-08-28T09:29:51.485+0200,dw06,0789,202,158,98,6,158,1.87,82336
ground-height-0m-20260825-163632,d002m_r180_run01.csv,0,2,180,dw00;dw01;dw02;dw03;dw04;dw05;dw06;dw07;dw08,dw00;dw01;dw02;dw03;dw04;dw05;dw06;dw07;dw08,,15,1,2026-08-28T09:29:51.535+0200,dw00,8103,173,176,-167,109,138,3.57,32287
ground-height-0m-20260825-163632,d002m_r180_run01.csv,0,2,180,dw00;dw01;dw02;dw03;dw04;dw05;dw06;dw07;dw08,dw00;dw01;dw02;dw03;dw04;dw05;dw06;dw07;dw08,,35,1,2026-08-28T09:29:51.546+0200,dw01,1729,15,163,-137,130,97,3.09,42327
ground-height-0m-20260825-163632,d002m_r180_run01.csv,0,2,180,dw00;dw01;dw02;dw03;dw04;dw05;dw06;dw07;dw08,dw00;dw01;dw02;dw03;dw04;dw05;dw06;dw07;dw08,,55,1,2026-08-28T09:29:51.556+0200,dw02,8FB0,252,166,-105,164,18,3.06,52368
ground-height-0m-20260825-163632,d002m_r180_run01.csv,0,2,180,dw00;dw01;dw02;dw03;dw04;dw05;dw06;dw07;dw08,dw00;dw01;dw02;dw03;dw04;dw05;dw06;dw07;dw08,,145,1,2026-08-28T09:29:51.596+0200,dw07,5783,188,165,137,46,158,2.77,2147483
ground-height-0m-20260825-163632,d002m_r180_run01.csv,0,2,180,dw00;dw01;dw02;dw03;dw04;dw05;dw06;dw07;dw08,dw00;dw01;dw02;dw03;dw04;dw05;dw06;dw07;dw08,,75,1,2026-08-28T09:29:51.615+0200,dw03,021B,6,157,-36,-124,95,3.27,12298
ground-height-0m-20260825-163632,d002m_r180_run01.csv,0,2,180,dw00;dw01;dw02;dw03;dw04;dw05;dw06;dw07;dw08,dw00;dw01;dw02;dw03;dw04;dw05;dw06;dw07;dw08,,165,1,2026-08-28T09:29:51.625+0200,dw08,028E,146,168,164,75,151,3.45,22277
ground-height-0m-20260825-163632,d002m_r180_run01.csv,0,2,180,dw00;dw01;dw02;dw03;dw04;dw05;dw06;dw07;dw08,dw00;dw01;dw02;dw03;dw04;dw05;dw06;dw07;dw08,,90,1,2026-08-28T09:29:51.665+0200,dw04,0F85,180,165,-1,-95,135,1.93,62286
ground-height-0m-20260825-163632,d002m_r180_run01.csv,0,2,180,dw00;dw01;dw02;dw03;dw04;dw05;dw06;dw07;dw08,dw00;dw01;dw02;dw03;dw04;dw05;dw06;dw07;dw08,,105,1,2026-08-28T09:29:51.676+0200,dw05,4B92,86,159,48,-43,153,2.14,72235
ground-height-0m-20260825-163632,d002m_r180_run01.csv,0,2,180,dw00;dw01;dw02;dw03;dw04;dw05;dw06;dw07;dw08,dw00;dw01;dw02;dw03;dw04;dw05;dw06;dw07;dw08,,125,1,2026-08-28T09:29:51.685+0200,dw06,0789,203,161,98,6,161,1.99,82305
ground-height-0m-20260825-163632,d002m_r180_run01.csv,0,2,180,dw00;dw01;dw02;dw03;dw04;dw05;dw06;dw07;dw08,dw00;dw01;dw02;dw03;dw04;dw05;dw06;dw07;dw08,,15,1,2026-08-28T09:29:51.735+0200,dw00,8103,174,176,-159,117,131,3.57,32318
ground-height-0m-20260825-163632,d002m_r180_run01.csv,0,2,180,dw00;dw01;dw02;dw03;dw04;dw05;dw06;dw07;dw08,dw00;dw01;dw02;dw03;dw04;dw05;dw06;dw07;dw08,,35,1,2026-08-28T09:29:51.745+0200,dw01,1729,16,167,-135,135,98,2.95,42327
ground-height-0m-20260825-163632,d002m_r180_run01.csv,0,2,180,dw00;dw01;dw02;dw03;dw04;dw05;dw06;dw07;dw08,dw00;dw01;dw02;dw03;dw04;dw05;dw06;dw07;dw08,,55,1,2026-08-28T09:29:51.756+0200,dw02,8FB0,253,166,-96,165,0,3.06,52307
ground-height-0m-20260825-163632,d002m_r180_run01.csv,0,2,180,dw00;dw01;dw02;dw03;dw04;dw05;dw06;dw07;dw08,dw00;dw01;dw02;dw03;dw04;dw05;dw06;dw07;dw08,,145,1,2026-08-28T09:29:51.796+0200,dw07,5783,189,162,142,50,154,2.95,2147483
ground-height-0m-20260825-163632,d002m_r180_run01.csv,0,2,180,dw00;dw01;dw02;dw03;dw04;dw05;dw06;dw07;dw08,dw00;dw01;dw02;dw03;dw04;dw05;dw06;dw07;dw08,,75,1,2026-08-28T09:29:51.815+0200,dw03,021B,7,156,-37,-125,94,3.21,12268
ground-height-0m-20260825-163632,d002m_r180_run01.csv,0,2,180,dw00;dw01;dw02;dw03;dw04;dw05;dw06;dw07;dw08,dw00;dw01;dw02;dw03;dw04;dw05;dw06;dw07;dw08,,165,1,2026-08-28T09:29:51.825+0200,dw08,028E,147,167,164,74,150,3.45,22277
ground-height-0m-20260825-163632,d002m_r180_run01.csv,0,2,180,dw00;dw01;dw02;dw03;dw04;dw05;dw06;dw07;dw08,dw00;dw01;dw02;dw03;dw04;dw05;dw06;dw07;dw08,,90,1,2026-08-28T09:29:51.865+0200,dw04,0F85,181,166,-5,-100,132,1.87,62286
ground-height-0m-20260825-163632,d002m_r180_run01.csv,0,2,180,dw00;dw01;dw02;dw03;dw04;dw05;dw06;dw07;dw08,dw00;dw01;dw02;dw03;dw04;dw05;dw06;dw07;dw08,,105,1,2026-08-28T09:29:51.875+0200,dw05,4B92,87,162,47,-44,155,2.20,72235
ground-height-0m-20260825-163632,d002m_r180_run01.csv,0,2,180,dw00;dw01;dw02;dw03;dw04;dw05;dw06;dw07;dw08,dw00;dw01;dw02;dw03;dw04;dw05;dw06;dw07;dw08,,125,1,2026-08-28T09:29:51.886+0200,dw06,0789,204,155,99,7,155,1.75,82305
ground-height-0m-20260825-163632,d002m_r180_run01.csv,0,2,180,dw00;dw01;dw02;dw03;dw04;dw05;dw06;dw07;dw08,dw00;dw01;dw02;dw03;dw04;dw05;dw06;dw07;dw08,,15,1,2026-08-28T09:29:51.935+0200,dw00,8103,175,177,-165,111,137,3.69,32226
ground-height-0m-20260825-163632,d002m_r180_run01.csv,0,2,180,dw00;dw01;dw02;dw03;dw04;dw05;dw06;dw07;dw08,dw00;dw01;dw02;dw03;dw04;dw05;dw06;dw07;dw08,,35,1,2026-08-28T09:29:51.945+0200,dw01,1729,17,159,-138,126,96,3.06,42327
ground-height-0m-20260825-163632,d002m_r180_run01.csv,0,2,180,dw00;dw01;dw02;dw03;dw04;dw05;dw06;dw07;dw08,dw00;dw01;dw02;dw03;dw04;dw05;dw06;dw07;dw08,,55,1,2026-08-28T09:29:51.955+0200,dw02,8FB0,254,159,-105,159,12,3.09,52307
ground-height-0m-20260825-163632,d002m_r180_run01.csv,0,2,180,dw00;dw01;dw02;dw03;dw04;dw05;dw06;dw07;dw08,dw00;dw01;dw02;dw03;dw04;dw05;dw06;dw07;dw08,,145,1,2026-08-28T09:29:51.995+0200,dw07,5783,190,161,135,43,155,2.95,2147483
ground-height-0m-20260825-163632,d002m_r180_run01.csv,0,2,180,dw00;dw01;dw02;dw03;dw04;dw05;dw06;dw07;dw08,dw00;dw01;dw02;dw03;dw04;dw05;dw06;dw07;dw08,,75,1,2026-08-28T09:29:52.015+0200,dw03,021B,8,159,-47,-137,80,3.33,12268
ground-height-0m-20260825-163632,d002m_r180_run01.csv,0,2,180,dw00;dw01;dw02;dw03;dw04;dw05;dw06;dw07;dw08,dw00;dw01;dw02;dw03;dw04;dw05;dw06;dw07;dw08,,165,1,2026-08-28T09:29:52.025+0200,dw08,028E,148,166,162,72,150,3.57,22277
ground-height-0m-20260825-163632,d002m_r180_run01.csv,0,2,180,dw00;dw01;dw02;dw03;dw04;dw05;dw06;dw07;dw08,dw00;dw01;dw02;dw03;dw04;dw05;dw06;dw07;dw08,,90,1,2026-08-28T09:29:52.065+0200,dw04,0F85,182,162,2,-90,135,2.02,62286
ground-height-0m-20260825-163632,d002m_r180_run01.csv,0,2,180,dw00;dw01;dw02;dw03;dw04;dw05;dw06;dw07;dw08,dw00;dw01;dw02;dw03;dw04;dw05;dw06;dw07;dw08,,105,1,2026-08-28T09:29:52.075+0200,dw05,4B92,88,168,52,-40,163,2.20,72265
ground-height-0m-20260825-163632,d002m_r180_run01.csv,0,2,180,dw00;dw01;dw02;dw03;dw04;dw05;dw06;dw07;dw08,dw00;dw01;dw02;dw03;dw04;dw05;dw06;dw07;dw08,,125,1,2026-08-28T09:29:52.085+0200,dw06,0789,205,161,98,6,161,1.87,82336
ground-height-0m-20260825-163632,d002m_r180_run01.csv,0,2,180,dw00;dw01;dw02;dw03;dw04;dw05;dw06;dw07;dw08,dw00;dw01;dw02;dw03;dw04;dw05;dw06;dw07;dw08,,15,1,2026-08-28T09:29:52.136+0200,dw00,8103,176,176,-161,115,133,3.45,32287
ground-height-0m-20260825-163632,d002m_r180_run01.csv,0,2,180,dw00;dw01;dw02;dw03;dw04;dw05;dw06;dw07;dw08,dw00;dw01;dw02;dw03;dw04;dw05;dw06;dw07;dw08,,35,1,2026-08-28T09:29:52.145+0200,dw01,1729,18,165,-134,134,95,2.95,42358
ground-height-0m-20260825-163632,d002m_r180_run01.csv,0,2,180,dw00;dw01;dw02;dw03;dw04;dw05;dw06;dw07;dw08,dw00;dw01;dw02;dw03;dw04;dw05;dw06;dw07;dw08,,55,1,2026-08-28T09:29:52.155+0200,dw02,8FB0,255,167,-99,167,0,3.06,52368
ground-height-0m-20260825-163632,d002m_r180_run01.csv,0,2,180,dw00;dw01;dw02;dw03;dw04;dw05;dw06;dw07;dw08,dw00;dw01;dw02;dw03;dw04;dw05;dw06;dw07;dw08,,145,1,2026-08-28T09:29:52.195+0200,dw07,5783,191,163,133,41,158,2.95,2147483
ground-height-0m-20260825-163632,d002m_r180_run01.csv,0,2,180,dw00;dw01;dw02;dw03;dw04;dw05;dw06;dw07;dw08,dw00;dw01;dw02;dw03;dw04;dw05;dw06;dw07;dw08,,75,1,2026-08-28T09:29:52.215+0200,dw03,021B,9,153,-38,-124,90,3.27,12268
ground-height-0m-20260825-163632,d002m_r180_run01.csv,0,2,180,dw00;dw01;dw02;dw03;dw04;dw05;dw06;dw07;dw08,dw00;dw01;dw02;dw03;dw04;dw05;dw06;dw07;dw08,,165,1,2026-08-28T09:29:52.225+0200,dw08,028E,149,166,167,77,147,3.39,22277
ground-height-0m-20260825-163632,d002m_r180_run01.csv,0,2,180,dw00;dw01;dw02;dw03;dw04;dw05;dw06;dw07;dw08,dw00;dw01;dw02;dw03;dw04;dw05;dw06;dw07;dw08,,90,1,2026-08-28T09:29:52.265+0200,dw04,0F85,183,165,0,-93,135,1.99,62286
ground-height-0m-20260825-163632,d002m_r180_run01.csv,0,2,180,dw00;dw01;dw02;dw03;dw04;dw05;dw06;dw07;dw08,dw00;dw01;dw02;dw03;dw04;dw05;dw06;dw07;dw08,,105,1,2026-08-28T09:29:52.275+0200,dw05,4B92,89,160,55,-35,156,2.14,72265
ground-height-0m-20260825-163632,d002m_r180_run01.csv,0,2,180,dw00;dw01;dw02;dw03;dw04;dw05;dw06;dw07;dw08,dw00;dw01;dw02;dw03;dw04;dw05;dw06;dw07;dw08,,125,1,2026-08-28T09:29:52.285+0200,dw06,0789,206,160,101,9,160,1.81,82305
ground-height-0m-20260825-163632,d002m_r180_run01.csv,0,2,180,dw00;dw01;dw02;dw03;dw04;dw05;dw06;dw07;dw08,dw00;dw01;dw02;dw03;dw04;dw05;dw06;dw07;dw08,,15,1,2026-08-28T09:29:52.335+0200,dw00,8103,177,177,-154,123,127,3.51,32287
ground-height-0m-20260825-163632,d002m_r180_run01.csv,0,2,180,dw00;dw01;dw02;dw03;dw04;dw05;dw06;dw07;dw08,dw00;dw01;dw02;dw03;dw04;dw05;dw06;dw07;dw08,,35,1,2026-08-28T09:29:52.345+0200,dw01,1729,19,166,-133,136,93,2.95,42327
ground-height-0m-20260825-163632,d002m_r180_run01.csv,0,2,180,dw00;dw01;dw02;dw03;dw04;dw05;dw06;dw07;dw08,dw00;dw01;dw02;dw03;dw04;dw05;dw06;dw07;dw08,,55,1,2026-08-28T09:29:52.355+0200,dw02,8FB0,0,160,-102,160,0,3.09,52337
ground-height-0m-20260825-163632,d002m_r180_run01.csv,0,2,180,dw00;dw01;dw02;dw03;dw04;dw05;dw06;dw07;dw08,dw00;dw01;dw02;dw03;dw04;dw05;dw06;dw07;dw08,,145,1,2026-08-28T09:29:52.395+0200,dw07,5783,192,164,134,43,158,2.95,2147483
ground-height-0m-20260825-163632,d002m_r180_run01.csv,0,2,180,dw00;dw01;dw02;dw03;dw04;dw05;dw06;dw07;dw08,dw00;dw01;dw02;dw03;dw04;dw05;dw06;dw07;dw08,,75,1,2026-08-28T09:29:52.415+0200,dw03,021B,10,154,-37,-123,91,3.27,12268
ground-height-0m-20260825-163632,d002m_r180_run01.csv,0,2,180,dw00;dw01;dw02;dw03;dw04;dw05;dw06;dw07;dw08,dw00;dw01;dw02;dw03;dw04;dw05;dw06;dw07;dw08,,165,1,2026-08-28T09:29:52.425+0200,dw08,028E,150,166,165,75,148,3.57,22308
ground-height-0m-20260825-163632,d002m_r180_run01.csv,0,2,180,dw00;dw01;dw02;dw03;dw04;dw05;dw06;dw07;dw08,dw00;dw01;dw02;dw03;dw04;dw05;dw06;dw07;dw08,,90,1,2026-08-28T09:29:52.465+0200,dw04,0F85,184,161,0,-90,133,1.99,62286
ground-height-0m-20260825-163632,d002m_r180_run01.csv,0,2,180,dw00;dw01;dw02;dw03;dw04;dw05;dw06;dw07;dw08,dw00;dw01;dw02;dw03;dw04;dw05;dw06;dw07;dw08,,105,1,2026-08-28T09:29:52.475+0200,dw05,4B92,90,166,50,-42,161,2.20,72265
ground-height-0m-20260825-163632,d002m_r180_run01.csv,0,2,180,dw00;dw01;dw02;dw03;dw04;dw05;dw06;dw07;dw08,dw00;dw01;dw02;dw03;dw04;dw05;dw06;dw07;dw08,,125,1,2026-08-28T09:29:52.485+0200,dw06,0789,207,159,95,3,159,1.87,82305
ground-height-0m-20260825-163632,d002m_r180_run01.csv,0,2,180,dw00;dw01;dw02;dw03;dw04;dw05;dw06;dw07;dw08,dw00;dw01;dw02;dw03;dw04;dw05;dw06;dw07;dw08,,15,1,2026-08-28T09:29:52.535+0200,dw00,8103,178,174,-154,121,124,3.51,32226
ground-height-0m-20260825-163632,d002m_r180_run01.csv,0,2,180,dw00;dw01;dw02;dw03;dw04;dw05;dw06;dw07;dw08,dw00;dw01;dw02;dw03;dw04;dw05;dw06;dw07;dw08,,35,1,2026-08-28T09:29:52.545+0200,dw01,1729,20,162,-137,129,97,2.95,42297
ground-height-0m-20260825-163632,d002m_r180_run01.csv,0,2,180,dw00;dw01;dw02;dw03;dw04;dw05;dw06;dw07;dw08,dw00;dw01;dw02;dw03;dw04;dw05;dw06;dw07;dw08,,55,1,2026-08-28T09:29:52.555+0200,dw02,8FB0,1,160,-103,160,0,3.09,52307
ground-height-0m-20260825-163632,d002m_r180_run01.csv,0,2,180,dw00;dw01;dw02;dw03;dw04;dw05;dw06;dw07;dw08,dw00;dw01;dw02;dw03;dw04;dw05;dw06;dw07;dw08,,145,1,2026-08-28T09:29:52.594+0200,dw07,5783,193,163,139,48,155,3.01,2147483
ground-height-0m-20260825-163632,d002m_r180_run01.csv,0,2,180,dw00;dw01;dw02;dw03;dw04;dw05;dw06;dw07;dw08,dw00;dw01;dw02;dw03;dw04;dw05;dw06;dw07;dw08,,75,1,2026-08-28T09:29:52.615+0200,dw03,021B,11,157,-40,-129,89,3.27,12268
ground-height-0m-20260825-163632,d002m_r180_run01.csv,0,2,180,dw00;dw01;dw02;dw03;dw04;dw05;dw06;dw07;dw08,dw00;dw01;dw02;dw03;dw04;dw05;dw06;dw07;dw08,,165,1,2026-08-28T09:29:52.625+0200,dw08,028E,151,169,165,75,151,3.39,22277
ground-height-0m-20260825-163632,d002m_r180_run01.csv,0,2,180,dw00;dw01;dw02;dw03;dw04;dw05;dw06;dw07;dw08,dw00;dw01;dw02;dw03;dw04;dw05;dw06;dw07;dw08,,90,1,2026-08-28T09:29:52.665+0200,dw04,0F85,185,166,-2,-97,135,2.02,62286
ground-height-0m-20260825-163632,d002m_r180_run01.csv,0,2,180,dw00;dw01;dw02;dw03;dw04;dw05;dw06;dw07;dw08,dw00;dw01;dw02;dw03;dw04;dw05;dw06;dw07;dw08,,105,1,2026-08-28T09:29:52.675+0200,dw05,4B92,91,164,47,-44,157,2.14,72235
ground-height-0m-20260825-163632,d002m_r180_run01.csv,0,2,180,dw00;dw01;dw02;dw03;dw04;dw05;dw06;dw07;dw08,dw00;dw01;dw02;dw03;dw04;dw05;dw06;dw07;dw08,,125,1,2026-08-28T09:29:52.685+0200,dw06,0789,208,161,98,6,161,1.87,82305
ground-height-0m-20260825-163632,d002m_r180_run01.csv,0,2,180,dw00;dw01;dw02;dw03;dw04;dw05;dw06;dw07;dw08,dw00;dw01;dw02;dw03;dw04;dw05;dw06;dw07;dw08,,15,1,2026-08-28T09:29:52.735+0200,dw00,8103,179,178,-157,120,131,3.63,32287
ground-height-0m-20260825-163632,d002m_r180_run01.csv,0,2,180,dw00;dw01;dw02;dw03;dw04;dw05;dw06;dw07;dw08,dw00;dw01;dw02;dw03;dw04;dw05;dw06;dw07;dw08,,35,1,2026-08-28T09:29:52.745+0200,dw01,1729,21,166,-138,131,101,2.89,42327
ground-height-0m-20260825-163632,d002m_r180_run01.csv,0,2,180,dw00;dw01;dw02;dw03;dw04;dw05;dw06;dw07;dw08,dw00;dw01;dw02;dw03;dw04;dw05;dw06;dw07;dw08,,55,1,2026-08-28T09:29:52.755+0200,dw02,8FB0,2,160,-100,160,0,3.06,52368
ground-height-0m-20260825-163632,d002m_r180_run01.csv,0,2,180,dw00;dw01;dw02;dw03;dw04;dw05;dw06;dw07;dw08,dw00;dw01;dw02;dw03;dw04;dw05;dw06;dw07;dw08,,145,1,2026-08-28T09:29:52.795+0200,dw07,5783,194,162,135,43,156,2.83,2147483
ground-height-0m-20260825-163632,d002m_r180_run01.csv,0,2,180,dw00;dw01;dw02;dw03;dw04;dw05;dw06;dw07;dw08,dw00;dw01;dw02;dw03;dw04;dw05;dw06;dw07;dw08,,75,1,2026-08-28T09:29:52.815+0200,dw03,021B,12,153,-37,-122,91,3.27,12268
ground-height-0m-20260825-163632,d002m_r180_run01.csv,0,2,180,dw00;dw01;dw02;dw03;dw04;dw05;dw06;dw07;dw08,dw00;dw01;dw02;dw03;dw04;dw05;dw06;dw07;dw08,,165,1,2026-08-28T09:29:52.825+0200,dw08,028E,152,166,164,73,149,3.51,22277
ground-height-0m-20260825-163632,d002m_r180_run01.csv,0,2,180,dw00;dw01;dw02;dw03;dw04;dw05;dw06;dw07;dw08,dw00;dw01;dw02;dw03;dw04;dw05;dw06;dw07;dw08,,90,1,2026-08-28T09:29:52.865+0200,dw04,0F85,186,161,-1,-93,131,1.99,62316
ground-height-0m-20260825-163632,d002m_r180_run01.csv,0,2,180,dw00;dw01;dw02;dw03;dw04;dw05;dw06;dw07;dw08,dw00;dw01;dw02;dw03;dw04;dw05;dw06;dw07;dw08,,105,1,2026-08-28T09:29:52.875+0200,dw05,4B92,92,168,51,-42,162,2.20,72235
ground-height-0m-20260825-163632,d002m_r180_run01.csv,0,2,180,dw00;dw01;dw02;dw03;dw04;dw05;dw06;dw07;dw08,dw00;dw01;dw02;dw03;dw04;dw05;dw06;dw07;dw08,,125,1,2026-08-28T09:29:52.884+0200,dw06,0789,209,163,108,16,162,1.81,82305
ground-height-0m-20260825-163632,d002m_r180_run01.csv,0,2,180,dw00;dw01;dw02;dw03;dw04;dw05;dw06;dw07;dw08,dw00;dw01;dw02;dw03;dw04;dw05;dw06;dw07;dw08,,15,1,2026-08-28T09:29:52.936+0200,dw00,8103,180,174,-156,119,127,3.57,32226
ground-height-0m-20260825-163632,d002m_r180_run01.csv,0,2,180,dw00;dw01;dw02;dw03;dw04;dw05;dw06;dw07;dw08,dw00;dw01;dw02;dw03;dw04;dw05;dw06;dw07;dw08,,35,1,2026-08-28T09:29:52.945+0200,dw01,1729,22,166,-133,136,93,2.95,42297
ground-height-0m-20260825-163632,d002m_r180_run01.csv,0,2,180,dw00;dw01;dw02;dw03;dw04;dw05;dw06;dw07;dw08,dw00;dw01;dw02;dw03;dw04;dw05;dw06;dw07;dw08,,55,1,2026-08-28T09:29:52.955+0200,dw02,8FB0,3,161,-90,161,0,3.01,52368
ground-height-0m-20260825-163632,d002m_r180_run01.csv,0,2,180,dw00;dw01;dw02;dw03;dw04;dw05;dw06;dw07;dw08,dw00;dw01;dw02;dw03;dw04;dw05;dw06;dw07;dw08,,145,1,2026-08-28T09:29:52.995+0200,dw07,5783,195,160,132,40,155,2.77,2147483
ground-height-0m-20260825-163632,d002m_r180_run01.csv,0,2,180,dw00;dw01;dw02;dw03;dw04;dw05;dw06;dw07;dw08,dw00;dw01;dw02;dw03;dw04;dw05;dw06;dw07;dw08,,75,1,2026-08-28T09:29:53.014+0200,dw03,021B,13,151,-40,-125,86,3.33,12268
ground-height-0m-20260825-163632,d002m_r180_run01.csv,0,2,180,dw00;dw01;dw02;dw03;dw04;dw05;dw06;dw07;dw08,dw00;dw01;dw02;dw03;dw04;dw05;dw06;dw07;dw08,,165,1,2026-08-28T09:29:53.025+0200,dw08,028E,153,166,162,71,150,3.57,22277
ground-height-0m-20260825-163632,d002m_r180_run01.csv,0,2,180,dw00;dw01;dw02;dw03;dw04;dw05;dw06;dw07;dw08,dw00;dw01;dw02;dw03;dw04;dw05;dw06;dw07;dw08,,90,1,2026-08-28T09:29:53.065+0200,dw04,0F85,187,165,0,-94,135,2.08,62255
ground-height-0m-20260825-163632,d002m_r180_run01.csv,0,2,180,dw00;dw01;dw02;dw03;dw04;dw05;dw06;dw07;dw08,dw00;dw01;dw02;dw03;dw04;dw05;dw06;dw07;dw08,,105,1,2026-08-28T09:29:53.075+0200,dw05,4B92,93,165,47,-45,158,2.20,72265
ground-height-0m-20260825-163632,d002m_r180_run01.csv,0,2,180,dw00;dw01;dw02;dw03;dw04;dw05;dw06;dw07;dw08,dw00;dw01;dw02;dw03;dw04;dw05;dw06;dw07;dw08,,125,1,2026-08-28T09:29:53.085+0200,dw06,0789,210,160,98,6,160,1.81,82305
ground-height-0m-20260825-163632,d002m_r180_run01.csv,0,2,180,dw00;dw01;dw02;dw03;dw04;dw05;dw06;dw07;dw08,dw00;dw01;dw02;dw03;dw04;dw05;dw06;dw07;dw08,,15,1,2026-08-28T09:29:53.134+0200,dw00,8103,181,177,-162,115,135,3.51,32287
ground-height-0m-20260825-163632,d002m_r180_run01.csv,0,2,180,dw00;dw01;dw02;dw03;dw04;dw05;dw06;dw07;dw08,dw00;dw01;dw02;dw03;dw04;dw05;dw06;dw07;dw08,,35,1,2026-08-28T09:29:53.145+0200,dw01,1729,23,162,-135,132,94,3.01,42297
ground-height-0m-20260825-163632,d002m_r180_run01.csv,0,2,180,dw00;dw01;dw02;dw03;dw04;dw05;dw06;dw07;dw08,dw00;dw01;dw02;dw03;dw04;dw05;dw06;dw07;dw08,,55,1,2026-08-28T09:29:53.155+0200,dw02,8FB0,4,166,-97,166,0,3.09,52337
ground-height-0m-20260825-163632,d002m_r180_run01.csv,0,2,180,dw00;dw01;dw02;dw03;dw04;dw05;dw06;dw07;dw08,dw00;dw01;dw02;dw03;dw04;dw05;dw06;dw07;dw08,,145,1,2026-08-28T09:29:53.195+0200,dw07,5783,196,162,137,45,155,2.95,2147483
ground-height-0m-20260825-163632,d002m_r180_run01.csv,0,2,180,dw00;dw01;dw02;dw03;dw04;dw05;dw06;dw07;dw08,dw00;dw01;dw02;dw03;dw04;dw05;dw06;dw07;dw08,,75,1,2026-08-28T09:29:53.215+0200,dw03,021B,14,153,-36,-121,93,3.27,12268
ground-height-0m-20260825-163632,d002m_r180_run01.csv,0,2,180,dw00;dw01;dw02;dw03;dw04;dw05;dw06;dw07;dw08,dw00;dw01;dw02;dw03;dw04;dw05;dw06;dw07;dw08,,165,1,2026-08-28T09:29:53.224+0200,dw08,028E,154,166,164,74,149,3.57,22277
ground-height-0m-20260825-163632,d002m_r180_run01.csv,0,2,180,dw00;dw01;dw02;dw03;dw04;dw05;dw06;dw07;dw08,dw00;dw01;dw02;dw03;dw04;dw05;dw06;dw07;dw08,,90,1,2026-08-28T09:29:53.264+0200,dw04,0F85,188,162,-1,-93,132,1.99,62286
ground-height-0m-20260825-163632,d002m_r180_run01.csv,0,2,180,dw00;dw01;dw02;dw03;dw04;dw05;dw06;dw07;dw08,dw00;dw01;dw02;dw03;dw04;dw05;dw06;dw07;dw08,,105,1,2026-08-28T09:29:53.275+0200,dw05,4B92,94,166,49,-43,160,2.08,72235
ground-height-0m-20260825-163632,d002m_r180_run01.csv,0,2,180,dw00;dw01;dw02;dw03;dw04;dw05;dw06;dw07;dw08,dw00;dw01;dw02;dw03;dw04;dw05;dw06;dw07;dw08,,125,1,2026-08-28T09:29:53.285+0200,dw06,0789,211,161,109,17,160,1.87,82305
ground-height-0m-20260825-163632,d002m_r180_run01.csv,0,2,180,dw00;dw01;dw02;dw03;dw04;dw05;dw06;dw07;dw08,dw00;dw01;dw02;dw03;dw04;dw05;dw06;dw07;dw08,,15,1,2026-08-28T09:29:53.335+0200,dw00,8103,182,179,-156,122,130,3.57,32257
ground-height-0m-20260825-163632,d002m_r180_run01.csv,0,2,180,dw00;dw01;dw02;dw03;dw04;dw05;dw06;dw07;dw08,dw00;dw01;dw02;dw03;dw04;dw05;dw06;dw07;dw08,,35,1,2026-08-28T09:29:53.344+0200,dw01,1729,24,165,-135,134,96,2.95,42327
ground-height-0m-20260825-163632,d002m_r180_run01.csv,0,2,180,dw00;dw01;dw02;dw03;dw04;dw05;dw06;dw07;dw08,dw00;dw01;dw02;dw03;dw04;dw05;dw06;dw07;dw08,,55,1,2026-08-28T09:29:53.355+0200,dw02,8FB0,5,164,-102,164,0,3.09,52368
ground-height-0m-20260825-163632,d002m_r180_run01.csv,0,2,180,dw00;dw01;dw02;dw03;dw04;dw05;dw06;dw07;dw08,dw00;dw01;dw02;dw03;dw04;dw05;dw06;dw07;dw08,,145,1,2026-08-28T09:29:53.395+0200,dw07,5783,197,162,141,49,154,2.95,2147483
ground-height-0m-20260825-163632,d002m_r180_run01.csv,0,2,180,dw00;dw01;dw02;dw03;dw04;dw05;dw06;dw07;dw08,dw00;dw01;dw02;dw03;dw04;dw05;dw06;dw07;dw08,,75,1,2026-08-28T09:29:53.415+0200,dw03,021B,15,154,-44,-130,82,3.27,12298
ground-height-0m-20260825-163632,d002m_r180_run01.csv,0,2,180,dw00;dw01;dw02;dw03;dw04;dw05;dw06;dw07;dw08,dw00;dw01;dw02;dw03;dw04;dw05;dw06;dw07;dw08,,165,1,2026-08-28T09:29:53.424+0200,dw08,028E,155,169,166,77,150,3.63,22277
ground-height-0m-20260825-163632,d002m_r180_run01.csv,0,2,180,dw00;dw01;dw02;dw03;dw04;dw05;dw06;dw07;dw08,dw00;dw01;dw02;dw03;dw04;dw05;dw06;dw07;dw08,,90,1,2026-08-28T09:29:53.464+0200,dw04,0F85,189,166,0,-94,136,2.02,62286
ground-height-0m-20260825-163632,d002m_r180_run01.csv,0,2,180,dw00;dw01;dw02;dw03;dw04;dw05;dw06;dw07;dw08,dw00;dw01;dw02;dw03;dw04;dw05;dw06;dw07;dw08,,105,1,2026-08-28T09:29:53.474+0200,dw05,4B92,95,167,54,-39,163,2.20,72265
ground-height-0m-20260825-163632,d002m_r180_run01.csv,0,2,180,dw00;dw01;dw02;dw03;dw04;dw05;dw06;dw07;dw08,dw00;dw01;dw02;dw03;dw04;dw05;dw06;dw07;dw08,,125,1,2026-08-28T09:29:53.485+0200,dw06,0789,212,159,104,12,159,1.87,82305
ground-height-0m-20260825-163632,d002m_r180_run01.csv,0,2,180,dw00;dw01;dw02;dw03;dw04;dw05;dw06;dw07;dw08,dw00;dw01;dw02;dw03;dw04;dw05;dw06;dw07;dw08,,15,1,2026-08-28T09:29:53.535+0200,dw00,8103,183,177,-159,118,132,3.69,32287
ground-height-0m-20260825-163632,d002m_r180_run01.csv,0,2,180,dw00;dw01;dw02;dw03;dw04;dw05;dw06;dw07;dw08,dw00;dw01;dw02;dw03;dw04;dw05;dw06;dw07;dw08,,35,1,2026-08-28T09:29:53.545+0200,dw01,1729,25,162,-138,129,98,3.01,42327
ground-height-0m-20260825-163632,d002m_r180_run01.csv,0,2,180,dw00;dw01;dw02;dw03;dw04;dw05;dw06;dw07;dw08,dw00;dw01;dw02;dw03;dw04;dw05;dw06;dw07;dw08,,55,1,2026-08-28T09:29:53.554+0200,dw02,8FB0,6,166,-100,166,0,3.09,52368
ground-height-0m-20260825-163632,d002m_r180_run01.csv,0,2,180,dw00;dw01;dw02;dw03;dw04;dw05;dw06;dw07;dw08,dw00;dw01;dw02;dw03;dw04;dw05;dw06;dw07;dw08,,145,1,2026-08-28T09:29:53.594+0200,dw07,5783,198,164,136,44,157,2.89,2147483
ground-height-0m-20260825-163632,d002m_r180_run01.csv,0,2,180,dw00;dw01;dw02;dw03;dw04;dw05;dw06;dw07;dw08,dw00;dw01;dw02;dw03;dw04;dw05;dw06;dw07;dw08,,75,1,2026-08-28T09:29:53.615+0200,dw03,021B,16,155,-36,-123,93,3.33,12268
ground-height-0m-20260825-163632,d002m_r180_run01.csv,0,2,180,dw00;dw01;dw02;dw03;dw04;dw05;dw06;dw07;dw08,dw00;dw01;dw02;dw03;dw04;dw05;dw06;dw07;dw08,,165,1,2026-08-28T09:29:53.625+0200,dw08,028E,156,167,162,72,151,3.57,22277
ground-height-0m-20260825-163632,d002m_r180_run01.csv,0,2,180,dw00;dw01;dw02;dw03;dw04;dw05;dw06;dw07;dw08,dw00;dw01;dw02;dw03;dw04;dw05;dw06;dw07;dw08,,90,1,2026-08-28T09:29:53.665+0200,dw04,0F85,190,165,0,-93,135,1.99,62286
ground-height-0m-20260825-163632,d002m_r180_run01.csv,0,2,180,dw00;dw01;dw02;dw03;dw04;dw05;dw06;dw07;dw08,dw00;dw01;dw02;dw03;dw04;dw05;dw06;dw07;dw08,,105,1,2026-08-28T09:29:53.674+0200,dw05,4B92,96,166,48,-44,160,2.26,72204
ground-height-0m-20260825-163632,d002m_r180_run01.csv,0,2,180,dw00;dw01;dw02;dw03;dw04;dw05;dw06;dw07;dw08,dw00;dw01;dw02;dw03;dw04;dw05;dw06;dw07;dw08,,125,1,2026-08-28T09:29:53.684+0200,dw06,0789,213,164,104,12,163,1.81,82305
ground-height-0m-20260825-163632,d002m_r180_run01.csv,0,2,180,dw00;dw01;dw02;dw03;dw04;dw05;dw06;dw07;dw08,dw00;dw01;dw02;dw03;dw04;dw05;dw06;dw07;dw08,,15,1,2026-08-28T09:29:53.735+0200,dw00,8103,184,177,-154,122,127,3.57,32226
ground-height-0m-20260825-163632,d002m_r180_run01.csv,0,2,180,dw00;dw01;dw02;dw03;dw04;dw05;dw06;dw07;dw08,dw00;dw01;dw02;dw03;dw04;dw05;dw06;dw07;dw08,,35,1,2026-08-28T09:29:53.745+0200,dw01,1729,26,169,-142,130,107,3.01,42297
ground-height-0m-20260825-163632,d002m_r180_run01.csv,0,2,180,dw00;dw01;dw02;dw03;dw04;dw05;dw06;dw07;dw08,dw00;dw01;dw02;dw03;dw04;dw05;dw06;dw07;dw08,,55,1,2026-08-28T09:29:53.754+0200,dw02,8FB0,7,160,-101,160,0,3.15,52368
ground-height-0m-20260825-163632,d002m_r180_run01.csv,0,2,180,dw00;dw01;dw02;dw03;dw04;dw05;dw06;dw07;dw08,dw00;dw01;dw02;dw03;dw04;dw05;dw06;dw07;dw08,,145,1,2026-08-28T09:29:53.794+0200,dw07,5783,199,161,139,47,154,2.95,2147483
ground-height-0m-20260825-163632,d002m_r180_run01.csv,0,2,180,dw00;dw01;dw02;dw03;dw04;dw05;dw06;dw07;dw08,dw00;dw01;dw02;dw03;dw04;dw05;dw06;dw07;dw08,,75,1,2026-08-28T09:29:53.814+0200,dw03,021B,17,151,-42,-126,84,3.27,12268
ground-height-0m-20260825-163632,d002m_r180_run01.csv,0,2,180,dw00;dw01;dw02;dw03;dw04;dw05;dw06;dw07;dw08,dw00;dw01;dw02;dw03;dw04;dw05;dw06;dw07;dw08,,165,1,2026-08-28T09:29:53.825+0200,dw08,028E,157,167,167,77,148,3.45,22277
ground-height-0m-20260825-163632,d002m_r180_run01.csv,0,2,180,dw00;dw01;dw02;dw03;dw04;dw05;dw06;dw07;dw08,dw00;dw01;dw02;dw03;dw04;dw05;dw06;dw07;dw08,,90,1,2026-08-28T09:29:53.865+0200,dw04,0F85,191,164,6,-86,139,1.93,62225
ground-height-0m-20260825-163632,d002m_r180_run01.csv,0,2,180,dw00;dw01;dw02;dw03;dw04;dw05;dw06;dw07;dw08,dw00;dw01;dw02;dw03;dw04;dw05;dw06;dw07;dw08,,105,1,2026-08-28T09:29:53.875+0200,dw05,4B92,97,161,47,-44,155,2.14,72265
ground-height-0m-20260825-163632,d002m_r180_run01.csv,0,2,180,dw00;dw01;dw02;dw03;dw04;dw05;dw06;dw07;dw08,dw00;dw01;dw02;dw03;dw04;dw05;dw06;dw07;dw08,,125,1,2026-08-28T09:29:53.884+0200,dw06,0789,214,156,96,4,156,1.99,82305
ground-height-0m-20260825-163632,d002m_r180_run01.csv,0,2,180,dw00;dw01;dw02;dw03;dw04;dw05;dw06;dw07;dw08,dw00;dw01;dw02;dw03;dw04;dw05;dw06;dw07;dw08,,15,1,2026-08-28T09:29:53.934+0200,dw00,8103,185,177,-153,124,127,3.51,32287
ground-height-0m-20260825-163632,d002m_r180_run01.csv,0,2,180,dw00;dw01;dw02;dw03;dw04;dw05;dw06;dw07;dw08,dw00;dw01;dw02;dw03;dw04;dw05;dw06;dw07;dw08,,35,1,2026-08-28T09:29:53.945+0200,dw01,1729,27,166,-140,130,103,2.95,42327
ground-height-0m-20260825-163632,d002m_r180_run01.csv,0,2,180,dw00;dw01;dw02;dw03;dw04;dw05;dw06;dw07;dw08,dw00;dw01;dw02;dw03;dw04;dw05;dw06;dw07;dw08,,55,1,2026-08-28T09:29:53.955+0200,dw02,8FB0,8,160,-102,160,0,3.06,52368
ground-height-0m-20260825-163632,d002m_r180_run01.csv,0,2,180,dw00;dw01;dw02;dw03;dw04;dw05;dw06;dw07;dw08,dw00;dw01;dw02;dw03;dw04;dw05;dw06;dw07;dw08,,145,1,2026-08-28T09:29:53.995+0200,dw07,5783,200,165,142,51,156,2.95,2147483
ground-height-0m-20260825-163632,d002m_r180_run01.csv,0,2,180,dw00;dw01;dw02;dw03;dw04;dw05;dw06;dw07;dw08,dw00;dw01;dw02;dw03;dw04;dw05;dw06;dw07;dw08,,75,1,2026-08-28T09:29:54.014+0200,dw03,021B,18,154,-45,-131,80,3.27,12268
ground-height-0m-20260825-163632,d002m_r180_run01.csv,0,2,180,dw00;dw01;dw02;dw03;dw04;dw05;dw06;dw07;dw08,dw00;dw01;dw02;dw03;dw04;dw05;dw06;dw07;dw08,,165,1,2026-08-28T09:29:54.024+0200,dw08,028E,158,167,161,71,151,3.45,22308
ground-height-0m-20260825-163632,d002m_r180_run01.csv,0,2,180,dw00;dw01;dw02;dw03;dw04;dw05;dw06;dw07;dw08,dw00;dw01;dw02;dw03;dw04;dw05;dw06;dw07;dw08,,90,1,2026-08-28T09:29:54.064+0200,dw04,0F85,192,166,1,-92,138,2.02,62316
ground-height-0m-20260825-163632,d002m_r180_run01.csv,0,2,180,dw00;dw01;dw02;dw03;dw04;dw05;dw06;dw07;dw08,dw00;dw01;dw02;dw03;dw04;dw05;dw06;dw07;dw08,,105,1,2026-08-28T09:29:54.075+0200,dw05,4B92,98,159,51,-39,154,2.32,72265
ground-height-0m-20260825-163632,d002m_r180_run01.csv,0,2,180,dw00;dw01;dw02;dw03;dw04;dw05;dw06;dw07;dw08,dw00;dw01;dw02;dw03;dw04;dw05;dw06;dw07;dw08,,125,1,2026-08-28T09:29:54.085+0200,dw06,0789,215,161,103,11,160,1.87,82305
ground-height-0m-20260825-163632,d002m_r180_run01.csv,0,2,180,dw00;dw01;dw02;dw03;dw04;dw05;dw06;dw07;dw08,dw00;dw01;dw02;dw03;dw04;dw05;dw06;dw07;dw08,,15,1,2026-08-28T09:29:54.134+0200,dw00,8103,186,176,-157,119,129,3.45,32257
ground-height-0m-20260825-163632,d002m_r180_run01.csv,0,2,180,dw00;dw01;dw02;dw03;dw04;dw05;dw06;dw07;dw08,dw00;dw01;dw02;dw03;dw04;dw05;dw06;dw07;dw08,,35,1,2026-08-28T09:29:54.144+0200,dw01,1729,28,168,-142,129,107,2.95,42327
ground-height-0m-20260825-163632,d002m_r180_run01.csv,0,2,180,dw00;dw01;dw02;dw03;dw04;dw05;dw06;dw07;dw08,dw00;dw01;dw02;dw03;dw04;dw05;dw06;dw07;dw08,,55,1,2026-08-28T09:29:54.155+0200,dw02,8FB0,9,159,-98,159,0,3.09,52337
ground-height-0m-20260825-163632,d002m_r180_run01.csv,0,2,180,dw00;dw01;dw02;dw03;dw04;dw05;dw06;dw07;dw08,dw00;dw01;dw02;dw03;dw04;dw05;dw06;dw07;dw08,,145,1,2026-08-28T09:29:54.194+0200,dw07,5783,201,164,135,43,158,2.89,2147483
ground-height-0m-20260825-163632,d002m_r180_run01.csv,0,2,180,dw00;dw01;dw02;dw03;dw04;dw05;dw06;dw07;dw08,dw00;dw01;dw02;dw03;dw04;dw05;dw06;dw07;dw08,,75,1,2026-08-28T09:29:54.214+0200,dw03,021B,19,156,-47,-135,78,3.21,12268
ground-height-0m-20260825-163632,d002m_r180_run01.csv,0,2,180,dw00;dw01;dw02;dw03;dw04;dw05;dw06;dw07;dw08,dw00;dw01;dw02;dw03;dw04;dw05;dw06;dw07;dw08,,165,1,2026-08-28T09:29:54.224+0200,dw08,028E,159,170,167,79,151,3.39,22277
ground-height-0m-20260825-163632,d002m_r180_run01.csv,0,2,180,dw00;dw01;dw02;dw03;dw04;dw05;dw06;dw07;dw08,dw00;dw01;dw02;dw03;dw04;dw05;dw06;dw07;dw08,,90,1,2026-08-28T09:29:54.264+0200,dw04,0F85,193,164,-10,-103,127,1.93,62286
ground-height-0m-20260825-163632,d002m_r180_run01.csv,0,2,180,dw00;dw01;dw02;dw03;dw04;dw05;dw06;dw07;dw08,dw00;dw01;dw02;dw03;dw04;dw05;dw06;dw07;dw08,,105,1,2026-08-28T09:29:54.274+0200,dw05,4B92,99,164,51,-40,159,2.20,72235
ground-height-0m-20260825-163632,d002m_r180_run01.csv,0,2,180,dw00;dw01;dw02;dw03;dw04;dw05;dw06;dw07;dw08,dw00;dw01;dw02;dw03;dw04;dw05;dw06;dw07;dw08,,125,1,2026-08-28T09:29:54.285+0200,dw06,0789,216,159,103,11,159,1.87,82305
ground-height-0m-20260825-163632,d002m_r180_run01.csv,0,2,180,dw00;dw01;dw02;dw03;dw04;dw05;dw06;dw07;dw08,dw00;dw01;dw02;dw03;dw04;dw05;dw06;dw07;dw08,,15,1,2026-08-28T09:29:54.334+0200,dw00,8103,187,177,-159,118,132,3.51,32226
ground-height-0m-20260825-163632,d002m_r180_run01.csv,0,2,180,dw00;dw01;dw02;dw03;dw04;dw05;dw06;dw07;dw08,dw00;dw01;dw02;dw03;dw04;dw05;dw06;dw07;dw08,,35,1,2026-08-28T09:29:54.344+0200,dw01,1729,29,164,-133,135,93,2.89,42327
ground-height-0m-20260825-163632,d002m_r180_run01.csv,0,2,180,dw00;dw01;dw02;dw03;dw04;dw05;dw06;dw07;dw08,dw00;dw01;dw02;dw03;dw04;dw05;dw06;dw07;dw08,,55,1,2026-08-28T09:29:54.354+0200,dw02,8FB0,10,162,-98,162,0,3.06,52368
ground-height-0m-20260825-163632,d002m_r180_run01.csv,0,2,180,dw00;dw01;dw02;dw03;dw04;dw05;dw06;dw07;dw08,dw00;dw01;dw02;dw03;dw04;dw05;dw06;dw07;dw08,,145,1,2026-08-28T09:29:54.394+0200,dw07,5783,202,166,135,44,160,2.83,2147483
ground-height-0m-20260825-163632,d002m_r180_run01.csv,0,2,180,dw00;dw01;dw02;dw03;dw04;dw05;dw06;dw07;dw08,dw00;dw01;dw02;dw03;dw04;dw05;dw06;dw07;dw08,,75,1,2026-08-28T09:29:54.415+0200,dw03,021B,20,155,-47,-134,78,3.33,12268
ground-height-0m-20260825-163632,d002m_r180_run01.csv,0,2,180,dw00;dw01;dw02;dw03;dw04;dw05;dw06;dw07;dw08,dw00;dw01;dw02;dw03;dw04;dw05;dw06;dw07;dw08,,165,1,2026-08-28T09:29:54.424+0200,dw08,028E,160,166,169,79,146,3.39,22277
ground-height-0m-20260825-163632,d002m_r180_run01.csv,0,2,180,dw00;dw01;dw02;dw03;dw04;dw05;dw06;dw07;dw08,dw00;dw01;dw02;dw03;dw04;dw05;dw06;dw07;dw08,,90,1,2026-08-28T09:29:54.464+0200,dw04,0F85,194,164,-6,-99,130,2.02,62286
ground-height-0m-20260825-163632,d002m_r180_run01.csv,0,2,180,dw00;dw01;dw02;dw03;dw04;dw05;dw06;dw07;dw08,dw00;dw01;dw02;dw03;dw04;dw05;dw06;dw07;dw08,,105,1,2026-08-28T09:29:54.474+0200,dw05,4B92,100,168,50,-43,163,2.20,72235
ground-height-0m-20260825-163632,d002m_r180_run01.csv,0,2,180,dw00;dw01;dw02;dw03;dw04;dw05;dw06;dw07;dw08,dw00;dw01;dw02;dw03;dw04;dw05;dw06;dw07;dw08,,125,1,2026-08-28T09:29:54.484+0200,dw06,0789,217,161,105,13,161,1.69,82336
ground-height-0m-20260825-163632,d002m_r180_run01.csv,0,2,180,dw00;dw01;dw02;dw03;dw04;dw05;dw06;dw07;dw08,dw00;dw01;dw02;dw03;dw04;dw05;dw06;dw07;dw08,,15,1,2026-08-28T09:29:54.535+0200,dw00,8103,188,177,-164,112,137,3.69,32318
ground-height-0m-20260825-163632,d002m_r180_run01.csv,0,2,180,dw00;dw01;dw02;dw03;dw04;dw05;dw06;dw07;dw08,dw00;dw01;dw02;dw03;dw04;dw05;dw06;dw07;dw08,,35,1,2026-08-28T09:29:54.544+0200,dw01,1729,30,162,-132,134,91,3.06,42327
ground-height-0m-20260825-163632,d002m_r180_run01.csv,0,2,180,dw00;dw01;dw02;dw03;dw04;dw05;dw06;dw07;dw08,dw00;dw01;dw02;dw03;dw04;dw05;dw06;dw07;dw08,,55,1,2026-08-28T09:29:54.554+0200,dw02,8FB0,11,166,-91,166,0,3.09,52368
ground-height-0m-20260825-163632,d002m_r180_run01.csv,0,2,180,dw00;dw01;dw02;dw03;dw04;dw05;dw06;dw07;dw08,dw00;dw01;dw02;dw03;dw04;dw05;dw06;dw07;dw08,,145,1,2026-08-28T09:29:54.594+0200,dw07,5783,203,164,137,46,157,2.95,2147483
ground-height-0m-20260825-163632,d002m_r180_run01.csv,0,2,180,dw00;dw01;dw02;dw03;dw04;dw05;dw06;dw07;dw08,dw00;dw01;dw02;dw03;dw04;dw05;dw06;dw07;dw08,,75,1,2026-08-28T09:29:54.614+0200,dw03,021B,21,153,-38,-123,91,3.27,12268
ground-height-0m-20260825-163632,d002m_r180_run01.csv,0,2,180,dw00;dw01;dw02;dw03;dw04;dw05;dw06;dw07;dw08,dw00;dw01;dw02;dw03;dw04;dw05;dw06;dw07;dw08,,165,1,2026-08-28T09:29:54.624+0200,dw08,028E,161,166,163,72,149,3.51,22277
ground-height-0m-20260825-163632,d002m_r180_run01.csv,0,2,180,dw00;dw01;dw02;dw03;dw04;dw05;dw06;dw07;dw08,dw00;dw01;dw02;dw03;dw04;dw05;dw06;dw07;dw08,,90,1,2026-08-28T09:29:54.665+0200,dw04,0F85,195,161,1,-90,134,1.99,62286
ground-height-0m-20260825-163632,d002m_r180_run01.csv,0,2,180,dw00;dw01;dw02;dw03;dw04;dw05;dw06;dw07;dw08,dw00;dw01;dw02;dw03;dw04;dw05;dw06;dw07;dw08,,105,1,2026-08-28T09:29:54.674+0200,dw05,4B92,101,166,50,-42,160,2.14,72265
ground-height-0m-20260825-163632,d002m_r180_run01.csv,0,2,180,dw00;dw01;dw02;dw03;dw04;dw05;dw06;dw07;dw08,dw00;dw01;dw02;dw03;dw04;dw05;dw06;dw07;dw08,,125,1,2026-08-28T09:29:54.684+0200,dw06,0789,218,157,104,11,157,1.87,82336
ground-height-0m-20260825-163632,d002m_r180_run01.csv,0,2,180,dw00;dw01;dw02;dw03;dw04;dw05;dw06;dw07;dw08,dw00;dw01;dw02;dw03;dw04;dw05;dw06;dw07;dw08,,15,1,2026-08-28T09:29:54.734+0200,dw00,8103,189,179,-155,123,129,3.57,32257
ground-height-0m-20260825-163632,d002m_r180_run01.csv,0,2,180,dw00;dw01;dw02;dw03;dw04;dw05;dw06;dw07;dw08,dw00;dw01;dw02;dw03;dw04;dw05;dw06;dw07;dw08,,35,1,2026-08-28T09:29:54.745+0200,dw01,1729,31,168,-134,138,96,2.95,42297
ground-height-0m-20260825-163632,d002m_r180_run01.csv,0,2,180,dw00;dw01;dw02;dw03;dw04;dw05;dw06;dw07;dw08,dw00;dw01;dw02;dw03;dw04;dw05;dw06;dw07;dw08,,55,1,2026-08-28T09:29:54.754+0200,dw02,8FB0,12,158,-110,152,43,3.06,52368
ground-height-0m-20260825-163632,d002m_r180_run01.csv,0,2,180,dw00;dw01;dw02;dw03;dw04;dw05;dw06;dw07;dw08,dw00;dw01;dw02;dw03;dw04;dw05;dw06;dw07;dw08,,145,1,2026-08-28T09:29:54.794+0200,dw07,5783,204,165,137,45,158,2.95,2147483
ground-height-0m-20260825-163632,d002m_r180_run01.csv,0,2,180,dw00;dw01;dw02;dw03;dw04;dw05;dw06;dw07;dw08,dw00;dw01;dw02;dw03;dw04;dw05;dw06;dw07;dw08,,75,1,2026-08-28T09:29:54.814+0200,dw03,021B,22,156,-46,-134,80,3.21,12268
ground-height-0m-20260825-163632,d002m_r180_run01.csv,0,2,180,dw00;dw01;dw02;dw03;dw04;dw05;dw06;dw07;dw08,dw00;dw01;dw02;dw03;dw04;dw05;dw06;dw07;dw08,,165,1,2026-08-28T09:29:54.824+0200,dw08,028E,162,166,162,72,150,3.57,22277
ground-height-0m-20260825-163632,d002m_r180_run01.csv,0,2,180,dw00;dw01;dw02;dw03;dw04;dw05;dw06;dw07;dw08,dw00;dw01;dw02;dw03;dw04;dw05;dw06;dw07;dw08,,90,1,2026-08-28T09:29:54.864+0200,dw04,0F85,196,163,-3,-96,132,2.02,62286
ground-height-0m-20260825-163632,d002m_r180_run01.csv,0,2,180,dw00;dw01;dw02;dw03;dw04;dw05;dw06;dw07;dw08,dw00;dw01;dw02;dw03;dw04;dw05;dw06;dw07;dw08,,105,1,2026-08-28T09:29:54.874+0200,dw05,4B92,102,166,50,-42,160,2.20,72235
ground-height-0m-20260825-163632,d002m_r180_run01.csv,0,2,180,dw00;dw01;dw02;dw03;dw04;dw05;dw06;dw07;dw08,dw00;dw01;dw02;dw03;dw04;dw05;dw06;dw07;dw08,,125,1,2026-08-28T09:29:54.884+0200,dw06,0789,219,156,99,7,155,1.87,82305
ground-height-0m-20260825-163632,d002m_r180_run01.csv,0,2,180,dw00;dw01;dw02;dw03;dw04;dw05;dw06;dw07;dw08,dw00;dw01;dw02;dw03;dw04;dw05;dw06;dw07;dw08,,15,1,2026-08-28T09:29:54.934+0200,dw00,8103,190,176,-157,119,129,3.57,32226
ground-height-0m-20260825-163632,d002m_r180_run01.csv,0,2,180,dw00;dw01;dw02;dw03;dw04;dw05;dw06;dw07;dw08,dw00;dw01;dw02;dw03;dw04;dw05;dw06;dw07;dw08,,35,1,2026-08-28T09:29:54.944+0200,dw01,1729,32,162,-137,130,96,2.95,42327
ground-height-0m-20260825-163632,d002m_r180_run01.csv,0,2,180,dw00;dw01;dw02;dw03;dw04;dw05;dw06;dw07;dw08,dw00;dw01;dw02;dw03;dw04;dw05;dw06;dw07;dw08,,55,1,2026-08-28T09:29:54.955+0200,dw02,8FB0,13,160,-104,160,10,3.06,52368
ground-height-0m-20260825-163632,d002m_r180_run01.csv,0,2,180,dw00;dw01;dw02;dw03;dw04;dw05;dw06;dw07;dw08,dw00;dw01;dw02;dw03;dw04;dw05;dw06;dw07;dw08,,145,1,2026-08-28T09:29:54.995+0200,dw07,5783,205,164,139,47,157,2.89,2147483
ground-height-0m-20260825-163632,d002m_r180_run01.csv,0,2,180,dw00;dw01;dw02;dw03;dw04;dw05;dw06;dw07;dw08,dw00;dw01;dw02;dw03;dw04;dw05;dw06;dw07;dw08,,75,1,2026-08-28T09:29:55.014+0200,dw03,021B,23,157,-40,-128,90,3.27,12268
ground-height-0m-20260825-163632,d002m_r180_run01.csv,0,2,180,dw00;dw01;dw02;dw03;dw04;dw05;dw06;dw07;dw08,dw00;dw01;dw02;dw03;dw04;dw05;dw06;dw07;dw08,,165,1,2026-08-28T09:29:55.024+0200,dw08,028E,163,167,164,74,150,3.33,22277
ground-height-0m-20260825-163632,d002m_r180_run01.csv,0,2,180,dw00;dw01;dw02;dw03;dw04;dw05;dw06;dw07;dw08,dw00;dw01;dw02;dw03;dw04;dw05;dw06;dw07;dw08,,90,1,2026-08-28T09:29:55.064+0200,dw04,0F85,197,164,0,-92,136,1.93,62286
ground-height-0m-20260825-163632,d002m_r180_run01.csv,0,2,180,dw00;dw01;dw02;dw03;dw04;dw05;dw06;dw07;dw08,dw00;dw01;dw02;dw03;dw04;dw05;dw06;dw07;dw08,,105,1,2026-08-28T09:29:55.074+0200,dw05,4B92,103,165,51,-41,160,2.20,72265
ground-height-0m-20260825-163632,d002m_r180_run01.csv,0,2,180,dw00;dw01;dw02;dw03;dw04;dw05;dw06;dw07;dw08,dw00;dw01;dw02;dw03;dw04;dw05;dw06;dw07;dw08,,125,1,2026-08-28T09:29:55.084+0200,dw06,0789,220,158,96,4,158,1.87,82305
ground-height-0m-20260825-163632,d002m_r180_run01.csv,0,2,180,dw00;dw01;dw02;dw03;dw04;dw05;dw06;dw07;dw08,dw00;dw01;dw02;dw03;dw04;dw05;dw06;dw07;dw08,,15,1,2026-08-28T09:29:55.134+0200,dw00,8103,191,179,-153,125,128,3.69,32257
ground-height-0m-20260825-163632,d002m_r180_run01.csv,0,2,180,dw00;dw01;dw02;dw03;dw04;dw05;dw06;dw07;dw08,dw00;dw01;dw02;dw03;dw04;dw05;dw06;dw07;dw08,,35,1,2026-08-28T09:29:55.144+0200,dw01,1729,33,168,-131,140,92,2.89,42327
ground-height-0m-20260825-163632,d002m_r180_run01.csv,0,2,180,dw00;dw01;dw02;dw03;dw04;dw05;dw06;dw07;dw08,dw00;dw01;dw02;dw03;dw04;dw05;dw06;dw07;dw08,,55,1,2026-08-28T09:29:55.154+0200,dw02,8FB0,14,166,-97,166,0,3.01,52307
ground-height-0m-20260825-163632,d002m_r180_run01.csv,0,2,180,dw00;dw01;dw02;dw03;dw04;dw05;dw06;dw07;dw08,dw00;dw01;dw02;dw03;dw04;dw05;dw06;dw07;dw08,,145,1,2026-08-28T09:29:55.194+0200,dw07,5783,206,164,139,47,156,2.89,2147483
ground-height-0m-20260825-163632,d002m_r180_run01.csv,0,2,180,dw00;dw01;dw02;dw03;dw04;dw05;dw06;dw07;dw08,dw00;dw01;dw02;dw03;dw04;dw05;dw06;dw07;dw08,,75,1,2026-08-28T09:29:55.214+0200,dw03,021B,24,158,-46,-135,81,3.21,12268
ground-height-0m-20260825-163632,d002m_r180_run01.csv,0,2,180,dw00;dw01;dw02;dw03;dw04;dw05;dw06;dw07;dw08,dw00;dw01;dw02;dw03;dw04;dw05;dw06;dw07;dw08,,165,1,2026-08-28T09:29:55.224+0200,dw08,028E,164,165,162,71,148,3.57,22277
ground-height-0m-20260825-163632,d002m_r180_run01.csv,0,2,180,dw00;dw01;dw02;dw03;dw04;dw05;dw06;dw07;dw08,dw00;dw01;dw02;dw03;dw04;dw05;dw06;dw07;dw08,,90,1,2026-08-28T09:29:55.264+0200,dw04,0F85,198,166,0,-94,137,2.02,62286
ground-height-0m-20260825-163632,d002m_r180_run01.csv,0,2,180,dw00;dw01;dw02;dw03;dw04;dw05;dw06;dw07;dw08,dw00;dw01;dw02;dw03;dw04;dw05;dw06;dw07;dw08,,105,1,2026-08-28T09:29:55.274+0200,dw05,4B92,104,166,53,-39,161,2.20,72235
ground-height-0m-20260825-163632,d002m_r180_run01.csv,0,2,180,dw00;dw01;dw02;dw03;dw04;dw05;dw06;dw07;dw08,dw00;dw01;dw02;dw03;dw04;dw05;dw06;dw07;dw08,,125,1,2026-08-28T09:29:55.284+0200,dw06,0789,221,156,98,6,156,1.93,82305
ground-height-0m-20260825-163632,d002m_r180_run01.csv,0,2,180,dw00;dw01;dw02;dw03;dw04;dw05;dw06;dw07;dw08,dw00;dw01;dw02;dw03;dw04;dw05;dw06;dw07;dw08,,15,1,2026-08-28T09:29:55.334+0200,dw00,8103,192,175,-161,114,133,3.45,32287
ground-height-0m-20260825-163632,d002m_r180_run01.csv,0,2,180,dw00;dw01;dw02;dw03;dw04;dw05;dw06;dw07;dw08,dw00;dw01;dw02;dw03;dw04;dw05;dw06;dw07;dw08,,35,1,2026-08-28T09:29:55.344+0200,dw01,1729,34,166,-140,129,104,2.89,42327
ground-height-0m-20260825-163632,d002m_r180_run01.csv,0,2,180,dw00;dw01;dw02;dw03;dw04;dw05;dw06;dw07;dw08,dw00;dw01;dw02;dw03;dw04;dw05;dw06;dw07;dw08,,55,1,2026-08-28T09:29:55.354+0200,dw02,8FB0,15,166,-99,166,0,3.09,52398
ground-height-0m-20260825-163632,d002m_r180_run01.csv,0,2,180,dw00;dw01;dw02;dw03;dw04;dw05;dw06;dw07;dw08,dw00;dw01;dw02;dw03;dw04;dw05;dw06;dw07;dw08,,145,1,2026-08-28T09:29:55.394+0200,dw07,5783,207,160,136,44,154,2.95,2147483
ground-height-0m-20260825-163632,d002m_r180_run01.csv,0,2,180,dw00;dw01;dw02;dw03;dw04;dw05;dw06;dw07;dw08,dw00;dw01;dw02;dw03;dw04;dw05;dw06;dw07;dw08,,75,1,2026-08-28T09:29:55.414+0200,dw03,021B,25,153,-41,-126,86,3.27,12298
ground-height-0m-20260825-163632,d002m_r180_run01.csv,0,2,180,dw00;dw01;dw02;dw03;dw04;dw05;dw06;dw07;dw08,dw00;dw01;dw02;dw03;dw04;dw05;dw06;dw07;dw08,,165,1,2026-08-28T09:29:55.424+0200,dw08,028E,165,167,161,71,151,3.57,22277
ground-height-0m-20260825-163632,d002m_r180_run01.csv,0,2,180,dw00;dw01;dw02;dw03;dw04;dw05;dw06;dw07;dw08,dw00;dw01;dw02;dw03;dw04;dw05;dw06;dw07;dw08,,90,1,2026-08-28T09:29:55.464+0200,dw04,0F85,199,166,3,-90,139,2.02,62316
ground-height-0m-20260825-163632,d002m_r180_run01.csv,0,2,180,dw00;dw01;dw02;dw03;dw04;dw05;dw06;dw07;dw08,dw00;dw01;dw02;dw03;dw04;dw05;dw06;dw07;dw08,,105,1,2026-08-28T09:29:55.474+0200,dw05,4B92,105,166,50,-43,161,2.26,72296
ground-height-0m-20260825-163632,d002m_r180_run01.csv,0,2,180,dw00;dw01;dw02;dw03;dw04;dw05;dw06;dw07;dw08,dw00;dw01;dw02;dw03;dw04;dw05;dw06;dw07;dw08,,125,1,2026-08-28T09:29:55.484+0200,dw06,0789,222,156,99,7,155,1.81,82336
ground-height-0m-20260825-163632,d002m_r180_run01.csv,0,2,180,dw00;dw01;dw02;dw03;dw04;dw05;dw06;dw07;dw08,dw00;dw01;dw02;dw03;dw04;dw05;dw06;dw07;dw08,,15,1,2026-08-28T09:29:55.534+0200,dw00,8103,193,176,-157,118,130,3.45,32287
ground-height-0m-20260825-163632,d002m_r180_run01.csv,0,2,180,dw00;dw01;dw02;dw03;dw04;dw05;dw06;dw07;dw08,dw00;dw01;dw02;dw03;dw04;dw05;dw06;dw07;dw08,,35,1,2026-08-28T09:29:55.544+0200,dw01,1729,35,161,-138,128,98,2.95,42327
ground-height-0m-20260825-163632,d002m_r180_run01.csv,0,2,180,dw00;dw01;dw02;dw03;dw04;dw05;dw06;dw07;dw08,dw00;dw01;dw02;dw03;dw04;dw05;dw06;dw07;dw08,,55,1,2026-08-28T09:29:55.554+0200,dw02,8FB0,16,166,-100,166,0,3.06,52337
ground-height-0m-20260825-163632,d002m_r180_run01.csv,0,2,180,dw00;dw01;dw02;dw03;dw04;dw05;dw06;dw07;dw08,dw00;dw01;dw02;dw03;dw04;dw05;dw06;dw07;dw08,,145,1,2026-08-28T09:29:55.594+0200,dw07,5783,208,165,135,43,159,2.95,2147483
ground-height-0m-20260825-163632,d002m_r180_run01.csv,0,2,180,dw00;dw01;dw02;dw03;dw04;dw05;dw06;dw07;dw08,dw00;dw01;dw02;dw03;dw04;dw05;dw06;dw07;dw08,,75,1,2026-08-28T09:29:55.614+0200,dw03,021B,26,156,-47,-135,79,3.33,12237
ground-height-0m-20260825-163632,d002m_r180_run01.csv,0,2,180,dw00;dw01;dw02;dw03;dw04;dw05;dw06;dw07;dw08,dw00;dw01;dw02;dw03;dw04;dw05;dw06;dw07;dw08,,165,1,2026-08-28T09:29:55.623+0200,dw08,028E,166,166,163,72,149,3.45,22277
ground-height-0m-20260825-163632,d002m_r180_run01.csv,0,2,180,dw00;dw01;dw02;dw03;dw04;dw05;dw06;dw07;dw08,dw00;dw01;dw02;dw03;dw04;dw05;dw06;dw07;dw08,,90,1,2026-08-28T09:29:55.664+0200,dw04,0F85,200,163,-1,-94,133,2.02,62255
ground-height-0m-20260825-163632,d002m_r180_run01.csv,0,2,180,dw00;dw01;dw02;dw03;dw04;dw05;dw06;dw07;dw08,dw00;dw01;dw02;dw03;dw04;dw05;dw06;dw07;dw08,,105,1,2026-08-28T09:29:55.674+0200,dw05,4B92,106,166,55,-37,161,2.08,72235
ground-height-0m-20260825-163632,d002m_r180_run01.csv,0,2,180,dw00;dw01;dw02;dw03;dw04;dw05;dw06;dw07;dw08,dw00;dw01;dw02;dw03;dw04;dw05;dw06;dw07;dw08,,125,1,2026-08-28T09:29:55.684+0200,dw06,0789,223,161,96,4,161,1.69,82305
ground-height-0m-20260825-163632,d002m_r180_run01.csv,0,2,180,dw00;dw01;dw02;dw03;dw04;dw05;dw06;dw07;dw08,dw00;dw01;dw02;dw03;dw04;dw05;dw06;dw07;dw08,,15,1,2026-08-28T09:29:55.734+0200,dw00,8103,194,177,-158,119,131,3.51,32257
ground-height-0m-20260825-163632,d002m_r180_run01.csv,0,2,180,dw00;dw01;dw02;dw03;dw04;dw05;dw06;dw07;dw08,dw00;dw01;dw02;dw03;dw04;dw05;dw06;dw07;dw08,,35,1,2026-08-28T09:29:55.744+0200,dw01,1729,36,164,-135,133,95,3.01,42327
ground-height-0m-20260825-163632,d002m_r180_run01.csv,0,2,180,dw00;dw01;dw02;dw03;dw04;dw05;dw06;dw07;dw08,dw00;dw01;dw02;dw03;dw04;dw05;dw06;dw07;dw08,,55,1,2026-08-28T09:29:55.754+0200,dw02,8FB0,17,158,-103,158,0,3.21,52337
ground-height-0m-20260825-163632,d002m_r180_run01.csv,0,2,180,dw00;dw01;dw02;dw03;dw04;dw05;dw06;dw07;dw08,dw00;dw01;dw02;dw03;dw04;dw05;dw06;dw07;dw08,,145,1,2026-08-28T09:29:55.793+0200,dw07,5783,209,161,142,50,153,2.95,2147483
ground-height-0m-20260825-163632,d002m_r180_run01.csv,0,2,180,dw00;dw01;dw02;dw03;dw04;dw05;dw06;dw07;dw08,dw00;dw01;dw02;dw03;dw04;dw05;dw06;dw07;dw08,,75,1,2026-08-28T09:29:55.814+0200,dw03,021B,27,155,-39,-126,89,3.27,12298
ground-height-0m-20260825-163632,d002m_r180_run01.csv,0,2,180,dw00;dw01;dw02;dw03;dw04;dw05;dw06;dw07;dw08,dw00;dw01;dw02;dw03;dw04;dw05;dw06;dw07;dw08,,165,1,2026-08-28T09:29:55.824+0200,dw08,028E,167,166,158,68,152,3.51,22308
ground-height-0m-20260825-163632,d002m_r180_run01.csv,0,2,180,dw00;dw01;dw02;dw03;dw04;dw05;dw06;dw07;dw08,dw00;dw01;dw02;dw03;dw04;dw05;dw06;dw07;dw08,,90,1,2026-08-28T09:29:55.864+0200,dw04,0F85,201,161,1,-90,134,1.93,62316
ground-height-0m-20260825-163632,d002m_r180_run01.csv,0,2,180,dw00;dw01;dw02;dw03;dw04;dw05;dw06;dw07;dw08,dw00;dw01;dw02;dw03;dw04;dw05;dw06;dw07;dw08,,105,1,2026-08-28T09:29:55.873+0200,dw05,4B92,107,164,48,-44,158,2.20,72235
ground-height-0m-20260825-163632,d002m_r180_run01.csv,0,2,180,dw00;dw01;dw02;dw03;dw04;dw05;dw06;dw07;dw08,dw00;dw01;dw02;dw03;dw04;dw05;dw06;dw07;dw08,,125,1,2026-08-28T09:29:55.884+0200,dw06,0789,224,158,105,12,157,1.87,82305
ground-height-0m-20260825-163632,d002m_r180_run01.csv,0,2,180,dw00;dw01;dw02;dw03;dw04;dw05;dw06;dw07;dw08,dw00;dw01;dw02;dw03;dw04;dw05;dw06;dw07;dw08,,15,1,2026-08-28T09:29:55.934+0200,dw00,8103,195,176,-152,124,124,3.45,32287
ground-height-0m-20260825-163632,d002m_r180_run01.csv,0,2,180,dw00;dw01;dw02;dw03;dw04;dw05;dw06;dw07;dw08,dw00;dw01;dw02;dw03;dw04;dw05;dw06;dw07;dw08,,35,1,2026-08-28T09:29:55.944+0200,dw01,1729,37,162,-139,128,99,2.83,42327
ground-height-0m-20260825-163632,d002m_r180_run01.csv,0,2,180,dw00;dw01;dw02;dw03;dw04;dw05;dw06;dw07;dw08,dw00;dw01;dw02;dw03;dw04;dw05;dw06;dw07;dw08,,55,1,2026-08-28T09:29:55.954+0200,dw02,8FB0,18,163,-99,163,0,3.09,52398
ground-height-0m-20260825-163632,d002m_r180_run01.csv,0,2,180,dw00;dw01;dw02;dw03;dw04;dw05;dw06;dw07;dw08,dw00;dw01;dw02;dw03;dw04;dw05;dw06;dw07;dw08,,145,1,2026-08-28T09:29:55.994+0200,dw07,5783,210,158,135,41,152,2.83,2147483
ground-height-0m-20260825-163632,d002m_r180_run01.csv,0,2,180,dw00;dw01;dw02;dw03;dw04;dw05;dw06;dw07;dw08,dw00;dw01;dw02;dw03;dw04;dw05;dw06;dw07;dw08,,75,1,2026-08-28T09:29:56.014+0200,dw03,021B,28,151,-37,-121,90,3.27,12268
ground-height-0m-20260825-163632,d002m_r180_run01.csv,0,2,180,dw00;dw01;dw02;dw03;dw04;dw05;dw06;dw07;dw08,dw00;dw01;dw02;dw03;dw04;dw05;dw06;dw07;dw08,,165,1,2026-08-28T09:29:56.024+0200,dw08,028E,168,166,163,73,149,3.57,22247
ground-height-0m-20260825-163632,d002m_r180_run01.csv,0,2,180,dw00;dw01;dw02;dw03;dw04;dw05;dw06;dw07;dw08,dw00;dw01;dw02;dw03;dw04;dw05;dw06;dw07;dw08,,90,1,2026-08-28T09:29:56.064+0200,dw04,0F85,202,165,1,-92,137,2.08,62255
ground-height-0m-20260825-163632,d002m_r180_run01.csv,0,2,180,dw00;dw01;dw02;dw03;dw04;dw05;dw06;dw07;dw08,dw00;dw01;dw02;dw03;dw04;dw05;dw06;dw07;dw08,,105,1,2026-08-28T09:29:56.074+0200,dw05,4B92,108,166,55,-37,162,2.26,72235
ground-height-0m-20260825-163632,d002m_r180_run01.csv,0,2,180,dw00;dw01;dw02;dw03;dw04;dw05;dw06;dw07;dw08,dw00;dw01;dw02;dw03;dw04;dw05;dw06;dw07;dw08,,125,1,2026-08-28T09:29:56.083+0200,dw06,0789,225,162,105,13,161,1.75,82305
ground-height-0m-20260825-163632,d002m_r180_run01.csv,0,2,180,dw00;dw01;dw02;dw03;dw04;dw05;dw06;dw07;dw08,dw00;dw01;dw02;dw03;dw04;dw05;dw06;dw07;dw08,,15,1,2026-08-28T09:29:56.134+0200,dw00,8103,196,175,-156,120,127,3.57,32287
ground-height-0m-20260825-163632,d002m_r180_run01.csv,0,2,180,dw00;dw01;dw02;dw03;dw04;dw05;dw06;dw07;dw08,dw00;dw01;dw02;dw03;dw04;dw05;dw06;dw07;dw08,,35,1,2026-08-28T09:29:56.144+0200,dw01,1729,38,165,-135,133,96,2.95,42358
ground-height-0m-20260825-163632,d002m_r180_run01.csv,0,2,180,dw00;dw01;dw02;dw03;dw04;dw05;dw06;dw07;dw08,dw00;dw01;dw02;dw03;dw04;dw05;dw06;dw07;dw08,,55,1,2026-08-28T09:29:56.154+0200,dw02,8FB0,19,163,-101,163,0,3.15,52368
ground-height-0m-20260825-163632,d002m_r180_run01.csv,0,2,180,dw00;dw01;dw02;dw03;dw04;dw05;dw06;dw07;dw08,dw00;dw01;dw02;dw03;dw04;dw05;dw06;dw07;dw08,,145,1,2026-08-28T09:29:56.194+0200,dw07,5783,211,157,139,46,150,2.95,2147483
ground-height-0m-20260825-163632,d002m_r180_run01.csv,0,2,180,dw00;dw01;dw02;dw03;dw04;dw05;dw06;dw07;dw08,dw00;dw01;dw02;dw03;dw04;dw05;dw06;dw07;dw08,,75,1,2026-08-28T09:29:56.213+0200,dw03,021B,29,152,-27,-112,102,3.33,12268
ground-height-0m-20260825-163632,d002m_r180_run01.csv,0,2,180,dw00;dw01;dw02;dw03;dw04;dw05;dw06;dw07;dw08,dw00;dw01;dw02;dw03;dw04;dw05;dw06;dw07;dw08,,165,1,2026-08-28T09:29:56.224+0200,dw08,028E,169,166,162,72,149,3.51,22308
ground-height-0m-20260825-163632,d002m_r180_run01.csv,0,2,180,dw00;dw01;dw02;dw03;dw04;dw05;dw06;dw07;dw08,dw00;dw01;dw02;dw03;dw04;dw05;dw06;dw07;dw08,,90,1,2026-08-28T09:29:56.264+0200,dw04,0F85,203,166,-6,-100,132,1.99,62286
ground-height-0m-20260825-163632,d002m_r180_run01.csv,0,2,180,dw00;dw01;dw02;dw03;dw04;dw05;dw06;dw07;dw08,dw00;dw01;dw02;dw03;dw04;dw05;dw06;dw07;dw08,,105,1,2026-08-28T09:29:56.274+0200,dw05,4B92,109,166,53,-39,162,2.26,72265
ground-height-0m-20260825-163632,d002m_r180_run01.csv,0,2,180,dw00;dw01;dw02;dw03;dw04;dw05;dw06;dw07;dw08,dw00;dw01;dw02;dw03;dw04;dw05;dw06;dw07;dw08,,125,1,2026-08-28T09:29:56.284+0200,dw06,0789,226,160,107,15,159,1.93,82305
ground-height-0m-20260825-163632,d002m_r180_run01.csv,0,2,180,dw00;dw01;dw02;dw03;dw04;dw05;dw06;dw07;dw08,dw00;dw01;dw02;dw03;dw04;dw05;dw06;dw07;dw08,,15,1,2026-08-28T09:29:56.333+0200,dw00,8103,197,176,-159,117,132,3.63,32257
ground-height-0m-20260825-163632,d002m_r180_run01.csv,0,2,180,dw00;dw01;dw02;dw03;dw04;dw05;dw06;dw07;dw08,dw00;dw01;dw02;dw03;dw04;dw05;dw06;dw07;dw08,,35,1,2026-08-28T09:29:56.344+0200,dw01,1729,39,161,-134,131,93,3.06,42327
ground-height-0m-20260825-163632,d002m_r180_run01.csv,0,2,180,dw00;dw01;dw02;dw03;dw04;dw05;dw06;dw07;dw08,dw00;dw01;dw02;dw03;dw04;dw05;dw06;dw07;dw08,,55,1,2026-08-28T09:29:56.354+0200,dw02,8FB0,20,166,-98,166,0,3.06,52337
ground-height-0m-20260825-163632,d002m_r180_run01.csv,0,2,180,dw00;dw01;dw02;dw03;dw04;dw05;dw06;dw07;dw08,dw00;dw01;dw02;dw03;dw04;dw05;dw06;dw07;dw08,,145,1,2026-08-28T09:29:56.394+0200,dw07,5783,212,163,135,43,157,2.95,2147483
ground-height-0m-20260825-163632,d002m_r180_run01.csv,0,2,180,dw00;dw01;dw02;dw03;dw04;dw05;dw06;dw07;dw08,dw00;dw01;dw02;dw03;dw04;dw05;dw06;dw07;dw08,,75,1,2026-08-28T09:29:56.413+0200,dw03,021B,30,155,-46,-133,79,3.33,12268
ground-height-0m-20260825-163632,d002m_r180_run01.csv,0,2,180,dw00;dw01;dw02;dw03;dw04;dw05;dw06;dw07;dw08,dw00;dw01;dw02;dw03;dw04;dw05;dw06;dw07;dw08,,165,1,2026-08-28T09:29:56.423+0200,dw08,028E,170,165,165,74,147,3.33,22277
ground-height-0m-20260825-163632,d002m_r180_run01.csv,0,2,180,dw00;dw01;dw02;dw03;dw04;dw05;dw06;dw07;dw08,dw00;dw01;dw02;dw03;dw04;dw05;dw06;dw07;dw08,,90,1,2026-08-28T09:29:56.463+0200,dw04,0F85,204,162,-5,-97,129,1.93,62286
ground-height-0m-20260825-163632,d002m_r180_run01.csv,0,2,180,dw00;dw01;dw02;dw03;dw04;dw05;dw06;dw07;dw08,dw00;dw01;dw02;dw03;dw04;dw05;dw06;dw07;dw08,,105,1,2026-08-28T09:29:56.474+0200,dw05,4B92,110,166,49,-43,160,2.20,72235
ground-height-0m-20260825-163632,d002m_r180_run01.csv,0,2,180,dw00;dw01;dw02;dw03;dw04;dw05;dw06;dw07;dw08,dw00;dw01;dw02;dw03;dw04;dw05;dw06;dw07;dw08,,125,1,2026-08-28T09:29:56.484+0200,dw06,0789,227,157,101,9,157,1.87,82305
ground-height-0m-20260825-163632,d002m_r180_run01.csv,0,2,180,dw00;dw01;dw02;dw03;dw04;dw05;dw06;dw07;dw08,dw00;dw01;dw02;dw03;dw04;dw05;dw06;dw07;dw08,,15,1,2026-08-28T09:29:56.534+0200,dw00,8103,198,177,-158,118,131,3.57,32257
ground-height-0m-20260825-163632,d002m_r180_run01.csv,0,2,180,dw00;dw01;dw02;dw03;dw04;dw05;dw06;dw07;dw08,dw00;dw01;dw02;dw03;dw04;dw05;dw06;dw07;dw08,,35,1,2026-08-28T09:29:56.543+0200,dw01,1729,40,166,-137,133,100,2.89,42327
ground-height-0m-20260825-163632,d002m_r180_run01.csv,0,2,180,dw00;dw01;dw02;dw03;dw04;dw05;dw06;dw07;dw08,dw00;dw01;dw02;dw03;dw04;dw05;dw06;dw07;dw08,,55,1,2026-08-28T09:29:56.554+0200,dw02,8FB0,21,159,-103,159,0,3.09,52307
ground-height-0m-20260825-163632,d002m_r180_run01.csv,0,2,180,dw00;dw01;dw02;dw03;dw04;dw05;dw06;dw07;dw08,dw00;dw01;dw02;dw03;dw04;dw05;dw06;dw07;dw08,,145,1,2026-08-28T09:29:56.593+0200,dw07,5783,213,162,128,36,158,2.83,2147483
ground-height-0m-20260825-163632,d002m_r180_run01.csv,0,2,180,dw00;dw01;dw02;dw03;dw04;dw05;dw06;dw07;dw08,dw00;dw01;dw02;dw03;dw04;dw05;dw06;dw07;dw08,,75,1,2026-08-28T09:29:56.614+0200,dw03,021B,31,156,-45,-133,82,3.21,12268
ground-height-0m-20260825-163632,d002m_r180_run01.csv,0,2,180,dw00;dw01;dw02;dw03;dw04;dw05;dw06;dw07;dw08,dw00;dw01;dw02;dw03;dw04;dw05;dw06;dw07;dw08,,165,1,2026-08-28T09:29:56.623+0200,dw08,028E,171,169,164,75,151,3.45,22277
ground-height-0m-20260825-163632,d002m_r180_run01.csv,0,2,180,dw00;dw01;dw02;dw03;dw04;dw05;dw06;dw07;dw08,dw00;dw01;dw02;dw03;dw04;dw05;dw06;dw07;dw08,,90,1,2026-08-28T09:29:56.664+0200,dw04,0F85,205,165,6,-86,140,1.99,62286
ground-height-0m-20260825-163632,d002m_r180_run01.csv,0,2,180,dw00;dw01;dw02;dw03;dw04;dw05;dw06;dw07;dw08,dw00;dw01;dw02;dw03;dw04;dw05;dw06;dw07;dw08,,105,1,2026-08-28T09:29:56.673+0200,dw05,4B92,111,166,43,-50,158,2.26,72235
ground-height-0m-20260825-163632,d002m_r180_run01.csv,0,2,180,dw00;dw01;dw02;dw03;dw04;dw05;dw06;dw07;dw08,dw00;dw01;dw02;dw03;dw04;dw05;dw06;dw07;dw08,,125,1,2026-08-28T09:29:56.684+0200,dw06,0789,228,160,98,6,160,1.81,82305
ground-height-0m-20260825-163632,d002m_r180_run01.csv,0,2,180,dw00;dw01;dw02;dw03;dw04;dw05;dw06;dw07;dw08,dw00;dw01;dw02;dw03;dw04;dw05;dw06;dw07;dw08,,15,1,2026-08-28T09:29:56.734+0200,dw00,8103,199,176,-163,112,135,3.57,32257
ground-height-0m-20260825-163632,d002m_r180_run01.csv,0,2,180,dw00;dw01;dw02;dw03;dw04;dw05;dw06;dw07;dw08,dw00;dw01;dw02;dw03;dw04;dw05;dw06;dw07;dw08,,35,1,2026-08-28T09:29:56.744+0200,dw01,1729,41,165,-139,130,101,2.95,42297
ground-height-0m-20260825-163632,d002m_r180_run01.csv,0,2,180,dw00;dw01;dw02;dw03;dw04;dw05;dw06;dw07;dw08,dw00;dw01;dw02;dw03;dw04;dw05;dw06;dw07;dw08,,55,1,2026-08-28T09:29:56.753+0200,dw02,8FB0,22,159,-104,159,0,3.09,52368
ground-height-0m-20260825-163632,d002m_r180_run01.csv,0,2,180,dw00;dw01;dw02;dw03;dw04;dw05;dw06;dw07;dw08,dw00;dw01;dw02;dw03;dw04;dw05;dw06;dw07;dw08,,145,1,2026-08-28T09:29:56.793+0200,dw07,5783,214,162,130,38,158,2.95,2147483
ground-height-0m-20260825-163632,d002m_r180_run01.csv,0,2,180,dw00;dw01;dw02;dw03;dw04;dw05;dw06;dw07;dw08,dw00;dw01;dw02;dw03;dw04;dw05;dw06;dw07;dw08,,75,1,2026-08-28T09:29:56.814+0200,dw03,021B,32,154,-41,-128,86,3.15,12268
ground-height-0m-20260825-163632,d002m_r180_run01.csv,0,2,180,dw00;dw01;dw02;dw03;dw04;dw05;dw06;dw07;dw08,dw00;dw01;dw02;dw03;dw04;dw05;dw06;dw07;dw08,,165,1,2026-08-28T09:29:56.824+0200,dw08,028E,172,167,157,67,153,3.57,22277
ground-height-0m-20260825-163632,d002m_r180_run01.csv,0,2,180,dw00;dw01;dw02;dw03;dw04;dw05;dw06;dw07;dw08,dw00;dw01;dw02;dw03;dw04;dw05;dw06;dw07;dw08,,90,1,2026-08-28T09:29:56.864+0200,dw04,0F85,206,166,2,-92,139,2.02,62286
ground-height-0m-20260825-163632,d002m_r180_run01.csv,0,2,180,dw00;dw01;dw02;dw03;dw04;dw05;dw06;dw07;dw08,dw00;dw01;dw02;dw03;dw04;dw05;dw06;dw07;dw08,,105,1,2026-08-28T09:29:56.873+0200,dw05,4B92,112,166,52,-40,161,2.26,72235
ground-height-0m-20260825-163632,d002m_r180_run01.csv,0,2,180,dw00;dw01;dw02;dw03;dw04;dw05;dw06;dw07;dw08,dw00;dw01;dw02;dw03;dw04;dw05;dw06;dw07;dw08,,125,1,2026-08-28T09:29:56.883+0200,dw06,0789,229,159,98,6,159,1.93,82305
ground-height-0m-20260825-163632,d002m_r180_run01.csv,0,2,180,dw00;dw01;dw02;dw03;dw04;dw05;dw06;dw07;dw08,dw00;dw01;dw02;dw03;dw04;dw05;dw06;dw07;dw08,,15,1,2026-08-28T09:29:56.934+0200,dw00,8103,200,174,-157,118,128,3.51,32257
ground-height-0m-20260825-163632,d002m_r180_run01.csv,0,2,180,dw00;dw01;dw02;dw03;dw04;dw05;dw06;dw07;dw08,dw00;dw01;dw02;dw03;dw04;dw05;dw06;dw07;dw08,,35,1,2026-08-28T09:29:56.944+0200,dw01,1729,42,163,-136,131,97,3.06,42358
ground-height-0m-20260825-163632,d002m_r180_run01.csv,0,2,180,dw00;dw01;dw02;dw03;dw04;dw05;dw06;dw07;dw08,dw00;dw01;dw02;dw03;dw04;dw05;dw06;dw07;dw08,,55,1,2026-08-28T09:29:56.954+0200,dw02,8FB0,23,159,-106,157,24,3.09,52398
ground-height-0m-20260825-163632,d002m_r180_run01.csv,0,2,180,dw00;dw01;dw02;dw03;dw04;dw05;dw06;dw07;dw08,dw00;dw01;dw02;dw03;dw04;dw05;dw06;dw07;dw08,,145,1,2026-08-28T09:29:56.994+0200,dw07,5783,215,162,136,44,156,2.83,2147483
ground-height-0m-20260825-163632,d002m_r180_run01.csv,0,2,180,dw00;dw01;dw02;dw03;dw04;dw05;dw06;dw07;dw08,dw00;dw01;dw02;dw03;dw04;dw05;dw06;dw07;dw08,,75,1,2026-08-28T09:29:57.013+0200,dw03,021B,33,156,-42,-129,87,3.21,12268
ground-height-0m-20260825-163632,d002m_r180_run01.csv,0,2,180,dw00;dw01;dw02;dw03;dw04;dw05;dw06;dw07;dw08,dw00;dw01;dw02;dw03;dw04;dw05;dw06;dw07;dw08,,165,1,2026-08-28T09:29:57.024+0200,dw08,028E,173,165,156,65,152,3.45,22277
ground-height-0m-20260825-163632,d002m_r180_run01.csv,0,2,180,dw00;dw01;dw02;dw03;dw04;dw05;dw06;dw07;dw08,dw00;dw01;dw02;dw03;dw04;dw05;dw06;dw07;dw08,,90,1,2026-08-28T09:29:57.064+0200,dw04,0F85,207,161,1,-90,133,2.08,62316
ground-height-0m-20260825-163632,d002m_r180_run01.csv,0,2,180,dw00;dw01;dw02;dw03;dw04;dw05;dw06;dw07;dw08,dw00;dw01;dw02;dw03;dw04;dw05;dw06;dw07;dw08,,105,1,2026-08-28T09:29:57.074+0200,dw05,4B92,113,166,48,-44,160,2.26,72296
ground-height-0m-20260825-163632,d002m_r180_run01.csv,0,2,180,dw00;dw01;dw02;dw03;dw04;dw05;dw06;dw07;dw08,dw00;dw01;dw02;dw03;dw04;dw05;dw06;dw07;dw08,,125,1,2026-08-28T09:29:57.083+0200,dw06,0789,230,160,99,7,160,1.81,82305
ground-height-0m-20260825-163632,d002m_r180_run01.csv,0,2,180,dw00;dw01;dw02;dw03;dw04;dw05;dw06;dw07;dw08,dw00;dw01;dw02;dw03;dw04;dw05;dw06;dw07;dw08,,15,1,2026-08-28T09:29:57.133+0200,dw00,8103,201,174,-160,114,131,3.57,32257
ground-height-0m-20260825-163632,d002m_r180_run01.csv,0,2,180,dw00;dw01;dw02;dw03;dw04;dw05;dw06;dw07;dw08,dw00;dw01;dw02;dw03;dw04;dw05;dw06;dw07;dw08,,35,1,2026-08-28T09:29:57.144+0200,dw01,1729,43,166,-138,131,101,3.01,42327
ground-height-0m-20260825-163632,d002m_r180_run01.csv,0,2,180,dw00;dw01;dw02;dw03;dw04;dw05;dw06;dw07;dw08,dw00;dw01;dw02;dw03;dw04;dw05;dw06;dw07;dw08,,55,1,2026-08-28T09:29:57.154+0200,dw02,8FB0,24,168,-91,168,0,3.15,52307
ground-height-0m-20260825-163632,d002m_r180_run01.csv,0,2,180,dw00;dw01;dw02;dw03;dw04;dw05;dw06;dw07;dw08,dw00;dw01;dw02;dw03;dw04;dw05;dw06;dw07;dw08,,145,1,2026-08-28T09:29:57.194+0200,dw07,5783,216,165,134,42,159,2.95,2147483
ground-height-0m-20260825-163632,d002m_r180_run01.csv,0,2,180,dw00;dw01;dw02;dw03;dw04;dw05;dw06;dw07;dw08,dw00;dw01;dw02;dw03;dw04;dw05;dw06;dw07;dw08,,75,1,2026-08-28T09:29:57.213+0200,dw03,021B,34,152,-49,-133,72,3.33,12298
ground-height-0m-20260825-163632,d002m_r180_run01.csv,0,2,180,dw00;dw01;dw02;dw03;dw04;dw05;dw06;dw07;dw08,dw00;dw01;dw02;dw03;dw04;dw05;dw06;dw07;dw08,,165,1,2026-08-28T09:29:57.223+0200,dw08,028E,174,170,156,67,156,3.51,22277
ground-height-0m-20260825-163632,d002m_r180_run01.csv,0,2,180,dw00;dw01;dw02;dw03;dw04;dw05;dw06;dw07;dw08,dw00;dw01;dw02;dw03;dw04;dw05;dw06;dw07;dw08,,90,1,2026-08-28T09:29:57.263+0200,dw04,0F85,208,166,-3,-98,134,2.02,62255
ground-height-0m-20260825-163632,d002m_r180_run01.csv,0,2,180,dw00;dw01;dw02;dw03;dw04;dw05;dw06;dw07;dw08,dw00;dw01;dw02;dw03;dw04;dw05;dw06;dw07;dw08,,105,1,2026-08-28T09:29:57.274+0200,dw05,4B92,114,162,49,-42,157,2.26,72235
ground-height-0m-20260825-163632,d002m_r180_run01.csv,0,2,180,dw00;dw01;dw02;dw03;dw04;dw05;dw06;dw07;dw08,dw00;dw01;dw02;dw03;dw04;dw05;dw06;dw07;dw08,,125,1,2026-08-28T09:29:57.284+0200,dw06,0789,231,156,101,9,156,1.81,82305
ground-height-0m-20260825-163632,d002m_r180_run01.csv,0,2,180,dw00;dw01;dw02;dw03;dw04;dw05;dw06;dw07;dw08,dw00;dw01;dw02;dw03;dw04;dw05;dw06;dw07;dw08,,15,1,2026-08-28T09:29:57.334+0200,dw00,8103,202,177,-159,118,132,3.57,32257
ground-height-0m-20260825-163632,d002m_r180_run01.csv,0,2,180,dw00;dw01;dw02;dw03;dw04;dw05;dw06;dw07;dw08,dw00;dw01;dw02;dw03;dw04;dw05;dw06;dw07;dw08,,35,1,2026-08-28T09:29:57.344+0200,dw01,1729,44,167,-135,136,98,2.95,42327
ground-height-0m-20260825-163632,d002m_r180_run01.csv,0,2,180,dw00;dw01;dw02;dw03;dw04;dw05;dw06;dw07;dw08,dw00;dw01;dw02;dw03;dw04;dw05;dw06;dw07;dw08,,55,1,2026-08-28T09:29:57.354+0200,dw02,8FB0,25,164,-92,164,0,3.06,52368
ground-height-0m-20260825-163632,d002m_r180_run01.csv,0,2,180,dw00;dw01;dw02;dw03;dw04;dw05;dw06;dw07;dw08,dw00;dw01;dw02;dw03;dw04;dw05;dw06;dw07;dw08,,145,1,2026-08-28T09:29:57.395+0200,dw07,5783,217,165,137,46,158,2.77,2147483
ground-height-0m-20260825-163632,d002m_r180_run01.csv,0,2,180,dw00;dw01;dw02;dw03;dw04;dw05;dw06;dw07;dw08,dw00;dw01;dw02;dw03;dw04;dw05;dw06;dw07;dw08,,75,1,2026-08-28T09:29:57.414+0200,dw03,021B,35,153,-41,-126,86,3.27,12237
ground-height-0m-20260825-163632,d002m_r180_run01.csv,0,2,180,dw00;dw01;dw02;dw03;dw04;dw05;dw06;dw07;dw08,dw00;dw01;dw02;dw03;dw04;dw05;dw06;dw07;dw08,,165,1,2026-08-28T09:29:57.424+0200,dw08,028E,175,167,161,71,151,3.57,22277
ground-height-0m-20260825-163632,d002m_r180_run01.csv,0,2,180,dw00;dw01;dw02;dw03;dw04;dw05;dw06;dw07;dw08,dw00;dw01;dw02;dw03;dw04;dw05;dw06;dw07;dw08,,90,1,2026-08-28T09:29:57.464+0200,dw04,0F85,209,165,-6,-100,131,1.99,62286
ground-height-0m-20260825-163632,d002m_r180_run01.csv,0,2,180,dw00;dw01;dw02;dw03;dw04;dw05;dw06;dw07;dw08,dw00;dw01;dw02;dw03;dw04;dw05;dw06;dw07;dw08,,105,1,2026-08-28T09:29:57.474+0200,dw05,4B92,115,166,53,-39,162,2.26,72265
ground-height-0m-20260825-163632,d002m_r180_run01.csv,0,2,180,dw00;dw01;dw02;dw03;dw04;dw05;dw06;dw07;dw08,dw00;dw01;dw02;dw03;dw04;dw05;dw06;dw07;dw08,,125,1,2026-08-28T09:29:57.485+0200,dw06,0789,232,154,93,1,154,1.87,82305
ground-height-0m-20260825-163632,d002m_r180_run01.csv,0,2,180,dw00;dw01;dw02;dw03;dw04;dw05;dw06;dw07;dw08,dw00;dw01;dw02;dw03;dw04;dw05;dw06;dw07;dw08,,15,1,2026-08-28T09:29:57.534+0200,dw00,8103,203,177,-160,116,133,3.57,32226
ground-height-0m-20260825-163632,d002m_r180_run01.csv,0,2,180,dw00;dw01;dw02;dw03;dw04;dw05;dw06;dw07;dw08,dw00;dw01;dw02;dw03;dw04;dw05;dw06;dw07;dw08,,35,1,2026-08-28T09:29:57.544+0200,dw01,1729,45,166,-137,132,100,2.95,42327
ground-height-0m-20260825-163632,d002m_r180_run01.csv,0,2,180,dw00;dw01;dw02;dw03;dw04;dw05;dw06;dw07;dw08,dw00;dw01;dw02;dw03;dw04;dw05;dw06;dw07;dw08,,55,1,2026-08-28T09:29:57.554+0200,dw02,8FB0,26,166,-98,166,0,3.06,52368
ground-height-0m-20260825-163632,d002m_r180_run01.csv,0,2,180,dw00;dw01;dw02;dw03;dw04;dw05;dw06;dw07;dw08,dw00;dw01;dw02;dw03;dw04;dw05;dw06;dw07;dw08,,145,1,2026-08-28T09:29:57.594+0200,dw07,5783,218,163,134,42,157,2.95,2147483
ground-height-0m-20260825-163632,d002m_r180_run01.csv,0,2,180,dw00;dw01;dw02;dw03;dw04;dw05;dw06;dw07;dw08,dw00;dw01;dw02;dw03;dw04;dw05;dw06;dw07;dw08,,75,1,2026-08-28T09:29:57.614+0200,dw03,021B,36,153,-47,-132,77,3.27,12268
ground-height-0m-20260825-163632,d002m_r180_run01.csv,0,2,180,dw00;dw01;dw02;dw03;dw04;dw05;dw06;dw07;dw08,dw00;dw01;dw02;dw03;dw04;dw05;dw06;dw07;dw08,,165,1,2026-08-28T09:29:57.624+0200,dw08,028E,176,167,165,75,149,3.57,22308
ground-height-0m-20260825-163632,d002m_r180_run01.csv,0,2,180,dw00;dw01;dw02;dw03;dw04;dw05;dw06;dw07;dw08,dw00;dw01;dw02;dw03;dw04;dw05;dw06;dw07;dw08,,90,1,2026-08-28T09:29:57.664+0200,dw04,0F85,210,163,-2,-95,133,2.02,62286
ground-height-0m-20260825-163632,d002m_r180_run01.csv,0,2,180,dw00;dw01;dw02;dw03;dw04;dw05;dw06;dw07;dw08,dw00;dw01;dw02;dw03;dw04;dw05;dw06;dw07;dw08,,105,1,2026-08-28T09:29:57.674+0200,dw05,4B92,116,167,51,-41,162,2.20,72265
ground-height-0m-20260825-163632,d002m_r180_run01.csv,0,2,180,dw00;dw01;dw02;dw03;dw04;dw05;dw06;dw07;dw08,dw00;dw01;dw02;dw03;dw04;dw05;dw06;dw07;dw08,,125,1,2026-08-28T09:29:57.684+0200,dw06,0789,233,157,104,12,157,1.87,82305
ground-height-0m-20260825-163632,d002m_r180_run01.csv,0,2,180,dw00;dw01;dw02;dw03;dw04;dw05;dw06;dw07;dw08,dw00;dw01;dw02;dw03;dw04;dw05;dw06;dw07;dw08,,15,1,2026-08-28T09:29:57.735+0200,dw00,8103,204,180,-157,122,132,3.45,32287
ground-height-0m-20260825-163632,d002m_r180_run01.csv,0,2,180,dw00;dw01;dw02;dw03;dw04;dw05;dw06;dw07;dw08,dw00;dw01;dw02;dw03;dw04;dw05;dw06;dw07;dw08,,35,1,2026-08-28T09:29:57.744+0200,dw01,1729,46,162,-138,129,98,2.95,42327
ground-height-0m-20260825-163632,d002m_r180_run01.csv,0,2,180,dw00;dw01;dw02;dw03;dw04;dw05;dw06;dw07;dw08,dw00;dw01;dw02;dw03;dw04;dw05;dw06;dw07;dw08,,55,1,2026-08-28T09:29:57.754+0200,dw02,8FB0,27,159,-105,158,18,3.09,52307
ground-height-0m-20260825-163632,d002m_r180_run01.csv,0,2,180,dw00;dw01;dw02;dw03;dw04;dw05;dw06;dw07;dw08,dw00;dw01;dw02;dw03;dw04;dw05;dw06;dw07;dw08,,145,1,2026-08-28T09:29:57.794+0200,dw07,5783,219,161,132,40,156,2.95,2147483
ground-height-0m-20260825-163632,d002m_r180_run01.csv,0,2,180,dw00;dw01;dw02;dw03;dw04;dw05;dw06;dw07;dw08,dw00;dw01;dw02;dw03;dw04;dw05;dw06;dw07;dw08,,75,1,2026-08-28T09:29:57.814+0200,dw03,021B,37,157,-38,-126,93,3.27,12268
ground-height-0m-20260825-163632,d002m_r180_run01.csv,0,2,180,dw00;dw01;dw02;dw03;dw04;dw05;dw06;dw07;dw08,dw00;dw01;dw02;dw03;dw04;dw05;dw06;dw07;dw08,,165,1,2026-08-28T09:29:57.824+0200,dw08,028E,177,166,162,72,150,3.57,22277
ground-height-0m-20260825-163632,d002m_r180_run01.csv,0,2,180,dw00;dw01;dw02;dw03;dw04;dw05;dw06;dw07;dw08,dw00;dw01;dw02;dw03;dw04;dw05;dw06;dw07;dw08,,90,1,2026-08-28T09:29:57.864+0200,dw04,0F85,211,165,0,-93,136,1.99,62347
ground-height-0m-20260825-163632,d002m_r180_run01.csv,0,2,180,dw00;dw01;dw02;dw03;dw04;dw05;dw06;dw07;dw08,dw00;dw01;dw02;dw03;dw04;dw05;dw06;dw07;dw08,,105,1,2026-08-28T09:29:57.874+0200,dw05,4B92,117,166,51,-41,161,2.26,72235
ground-height-0m-20260825-163632,d002m_r180_run01.csv,0,2,180,dw00;dw01;dw02;dw03;dw04;dw05;dw06;dw07;dw08,dw00;dw01;dw02;dw03;dw04;dw05;dw06;dw07;dw08,,125,1,2026-08-28T09:29:57.884+0200,dw06,0789,234,159,97,5,159,1.81,82305
ground-height-0m-20260825-163632,d002m_r180_run01.csv,0,2,180,dw00;dw01;dw02;dw03;dw04;dw05;dw06;dw07;dw08,dw00;dw01;dw02;dw03;dw04;dw05;dw06;dw07;dw08,,15,1,2026-08-28T09:29:57.934+0200,dw00,8103,205,175,-163,112,135,3.57,32257
ground-height-0m-20260825-163632,d002m_r180_run01.csv,0,2,180,dw00;dw01;dw02;dw03;dw04;dw05;dw06;dw07;dw08,dw00;dw01;dw02;dw03;dw04;dw05;dw06;dw07;dw08,,35,1,2026-08-28T09:29:57.944+0200,dw01,1729,47,166,-140,130,103,2.89,42297
ground-height-0m-20260825-163632,d002m_r180_run01.csv,0,2,180,dw00;dw01;dw02;dw03;dw04;dw05;dw06;dw07;dw08,dw00;dw01;dw02;dw03;dw04;dw05;dw06;dw07;dw08,,55,1,2026-08-28T09:29:57.954+0200,dw02,8FB0,28,162,-97,162,0,3.06,52368
ground-height-0m-20260825-163632,d002m_r180_run01.csv,0,2,180,dw00;dw01;dw02;dw03;dw04;dw05;dw06;dw07;dw08,dw00;dw01;dw02;dw03;dw04;dw05;dw06;dw07;dw08,,145,1,2026-08-28T09:29:57.994+0200,dw07,5783,220,163,140,48,155,2.95,2147483
ground-height-0m-20260825-163632,d002m_r180_run01.csv,0,2,180,dw00;dw01;dw02;dw03;dw04;dw05;dw06;dw07;dw08,dw00;dw01;dw02;dw03;dw04;dw05;dw06;dw07;dw08,,75,1,2026-08-28T09:29:58.014+0200,dw03,021B,38,152,-38,-122,90,3.15,12268
ground-height-0m-20260825-163632,d002m_r180_run01.csv,0,2,180,dw00;dw01;dw02;dw03;dw04;dw05;dw06;dw07;dw08,dw00;dw01;dw02;dw03;dw04;dw05;dw06;dw07;dw08,,165,1,2026-08-28T09:29:58.023+0200,dw08,028E,178,167,163,73,150,3.57,22277
ground-height-0m-20260825-163632,d002m_r180_run01.csv,0,2,180,dw00;dw01;dw02;dw03;dw04;dw05;dw06;dw07;dw08,dw00;dw01;dw02;dw03;dw04;dw05;dw06;dw07;dw08,,90,1,2026-08-28T09:29:58.064+0200,dw04,0F85,212,164,-9,-103,128,1.99,62225
ground-height-0m-20260825-163632,d002m_r180_run01.csv,0,2,180,dw00;dw01;dw02;dw03;dw04;dw05;dw06;dw07;dw08,dw00;dw01;dw02;dw03;dw04;dw05;dw06;dw07;dw08,,105,1,2026-08-28T09:29:58.074+0200,dw05,4B92,118,166,52,-40,161,2.20,72265
ground-height-0m-20260825-163632,d002m_r180_run01.csv,0,2,180,dw00;dw01;dw02;dw03;dw04;dw05;dw06;dw07;dw08,dw00;dw01;dw02;dw03;dw04;dw05;dw06;dw07;dw08,,125,1,2026-08-28T09:29:58.084+0200,dw06,0789,235,159,98,6,159,1.99,82336
ground-height-0m-20260825-163632,d002m_r180_run01.csv,0,2,180,dw00;dw01;dw02;dw03;dw04;dw05;dw06;dw07;dw08,dw00;dw01;dw02;dw03;dw04;dw05;dw06;dw07;dw08,,15,1,2026-08-28T09:29:58.134+0200,dw00,8103,206,174,-164,111,134,3.57,32257
ground-height-0m-20260825-163632,d002m_r180_run01.csv,0,2,180,dw00;dw01;dw02;dw03;dw04;dw05;dw06;dw07;dw08,dw00;dw01;dw02;dw03;dw04;dw05;dw06;dw07;dw08,,35,1,2026-08-28T09:29:58.144+0200,dw01,1729,48,160,-136,129,95,3.01,42297
ground-height-0m-20260825-163632,d002m_r180_run01.csv,0,2,180,dw00;dw01;dw02;dw03;dw04;dw05;dw06;dw07;dw08,dw00;dw01;dw02;dw03;dw04;dw05;dw06;dw07;dw08,,55,1,2026-08-28T09:29:58.154+0200,dw02,8FB0,29,166,-102,166,0,3.09,52337
ground-height-0m-20260825-163632,d002m_r180_run01.csv,0,2,180,dw00;dw01;dw02;dw03;dw04;dw05;dw06;dw07;dw08,dw00;dw01;dw02;dw03;dw04;dw05;dw06;dw07;dw08,,145,1,2026-08-28T09:29:58.194+0200,dw07,5783,221,163,134,42,157,2.89,2147483
ground-height-0m-20260825-163632,d002m_r180_run01.csv,0,2,180,dw00;dw01;dw02;dw03;dw04;dw05;dw06;dw07;dw08,dw00;dw01;dw02;dw03;dw04;dw05;dw06;dw07;dw08,,75,1,2026-08-28T09:29:58.214+0200,dw03,021B,39,156,-41,-129,88,3.21,12298
ground-height-0m-20260825-163632,d002m_r180_run01.csv,0,2,180,dw00;dw01;dw02;dw03;dw04;dw05;dw06;dw07;dw08,dw00;dw01;dw02;dw03;dw04;dw05;dw06;dw07;dw08,,165,1,2026-08-28T09:29:58.224+0200,dw08,028E,179,169,158,69,154,3.51,22277
ground-height-0m-20260825-163632,d002m_r180_run01.csv,0,2,180,dw00;dw01;dw02;dw03;dw04;dw05;dw06;dw07;dw08,dw00;dw01;dw02;dw03;dw04;dw05;dw06;dw07;dw08,,90,1,2026-08-28T09:29:58.264+0200,dw04,0F85,213,162,3,-88,135,1.99,62316
ground-height-0m-20260825-163632,d002m_r180_run01.csv,0,2,180,dw00;dw01;dw02;dw03;dw04;dw05;dw06;dw07;dw08,dw00;dw01;dw02;dw03;dw04;dw05;dw06;dw07;dw08,,105,1,2026-08-28T09:29:58.274+0200,dw05,4B92,119,163,47,-45,156,2.26,72235
ground-height-0m-20260825-163632,d002m_r180_run01.csv,0,2,180,dw00;dw01;dw02;dw03;dw04;dw05;dw06;dw07;dw08,dw00;dw01;dw02;dw03;dw04;dw05;dw06;dw07;dw08,,125,1,2026-08-28T09:29:58.284+0200,dw06,0789,236,158,99,7,157,1.93,82305
ground-height-0m-20260825-163632,d002m_r180_run01.csv,0,2,180,dw00;dw01;dw02;dw03;dw04;dw05;dw06;dw07;dw08,dw00;dw01;dw02;dw03;dw04;dw05;dw06;dw07;dw08,,15,1,2026-08-28T09:29:58.334+0200,dw00,8103,207,173,-162,112,132,3.51,32257
ground-height-0m-20260825-163632,d002m_r180_run01.csv,0,2,180,dw00;dw01;dw02;dw03;dw04;dw05;dw06;dw07;dw08,dw00;dw01;dw02;dw03;dw04;dw05;dw06;dw07;dw08,,35,1,2026-08-28T09:29:58.344+0200,dw01,1729,49,159,-140,124,99,3.15,42327
ground-height-0m-20260825-163632,d002m_r180_run01.csv,0,2,180,dw00;dw01;dw02;dw03;dw04;dw05;dw06;dw07;dw08,dw00;dw01;dw02;dw03;dw04;dw05;dw06;dw07;dw08,,55,1,2026-08-28T09:29:58.354+0200,dw02,8FB0,30,166,-103,166,0,3.15,52337
ground-height-0m-20260825-163632,d002m_r180_run01.csv,0,2,180,dw00;dw01;dw02;dw03;dw04;dw05;dw06;dw07;dw08,dw00;dw01;dw02;dw03;dw04;dw05;dw06;dw07;dw08,,145,1,2026-08-28T09:29:58.394+0200,dw07,5783,222,164,144,52,155,2.89,2147483
ground-height-0m-20260825-163632,d002m_r180_run01.csv,0,2,180,dw00;dw01;dw02;dw03;dw04;dw05;dw06;dw07;dw08,dw00;dw01;dw02;dw03;dw04;dw05;dw06;dw07;dw08,,75,1,2026-08-28T09:29:58.414+0200,dw03,021B,40,155,-44,-131,82,3.21,12268
ground-height-0m-20260825-163632,d002m_r180_run01.csv,0,2,180,dw00;dw01;dw02;dw03;dw04;dw05;dw06;dw07;dw08,dw00;dw01;dw02;dw03;dw04;dw05;dw06;dw07;dw08,,165,1,2026-08-28T09:29:58.424+0200,dw08,028E,180,168,163,73,151,3.39,22277
ground-height-0m-20260825-163632,d002m_r180_run01.csv,0,2,180,dw00;dw01;dw02;dw03;dw04;dw05;dw06;dw07;dw08,dw00;dw01;dw02;dw03;dw04;dw05;dw06;dw07;dw08,,90,1,2026-08-28T09:29:58.464+0200,dw04,0F85,214,164,0,-94,134,2.02,62255
ground-height-0m-20260825-163632,d002m_r180_run01.csv,0,2,180,dw00;dw01;dw02;dw03;dw04;dw05;dw06;dw07;dw08,dw00;dw01;dw02;dw03;dw04;dw05;dw06;dw07;dw08,,105,1,2026-08-28T09:29:58.474+0200,dw05,4B92,120,166,45,-47,159,2.14,72235
ground-height-0m-20260825-163632,d002m_r180_run01.csv,0,2,180,dw00;dw01;dw02;dw03;dw04;dw05;dw06;dw07;dw08,dw00;dw01;dw02;dw03;dw04;dw05;dw06;dw07;dw08,,125,1,2026-08-28T09:29:58.483+0200,dw06,0789,237,162,103,11,161,1.87,82305
ground-height-0m-20260825-163632,d002m_r180_run01.csv,0,2,180,dw00;dw01;dw02;dw03;dw04;dw05;dw06;dw07;dw08,dw00;dw01;dw02;dw03;dw04;dw05;dw06;dw07;dw08,,15,1,2026-08-28T09:29:58.535+0200,dw00,8103,208,180,-156,123,132,3.45,32257
ground-height-0m-20260825-163632,d002m_r180_run01.csv,0,2,180,dw00;dw01;dw02;dw03;dw04;dw05;dw06;dw07;dw08,dw00;dw01;dw02;dw03;dw04;dw05;dw06;dw07;dw08,,35,1,2026-08-28T09:29:58.544+0200,dw01,1729,50,161,-140,126,100,3.06,42297
ground-height-0m-20260825-163632,d002m_r180_run01.csv,0,2,180,dw00;dw01;dw02;dw03;dw04;dw05;dw06;dw07;dw08,dw00;dw01;dw02;dw03;dw04;dw05;dw06;dw07;dw08,,55,1,2026-08-28T09:29:58.554+0200,dw02,8FB0,31,162,-108,159,34,3.09,52337
ground-height-0m-20260825-163632,d002m_r180_run01.csv,0,2,180,dw00;dw01;dw02;dw03;dw04;dw05;dw06;dw07;dw08,dw00;dw01;dw02;dw03;dw04;dw05;dw06;dw07;dw08,,145,1,2026-08-28T09:29:58.594+0200,dw07,5783,223,165,131,40,160,2.89,2147483
ground-height-0m-20260825-163632,d002m_r180_run01.csv,0,2,180,dw00;dw01;dw02;dw03;dw04;dw05;dw06;dw07;dw08,dw00;dw01;dw02;dw03;dw04;dw05;dw06;dw07;dw08,,75,1,2026-08-28T09:29:58.613+0200,dw03,021B,41,154,-45,-131,80,3.33,12268
ground-height-0m-20260825-163632,d002m_r180_run01.csv,0,2,180,dw00;dw01;dw02;dw03;dw04;dw05;dw06;dw07;dw08,dw00;dw01;dw02;dw03;dw04;dw05;dw06;dw07;dw08,,165,1,2026-08-28T09:29:58.624+0200,dw08,028E,181,165,155,64,151,3.45,22277
ground-height-0m-20260825-163632,d002m_r180_run01.csv,0,2,180,dw00;dw01;dw02;dw03;dw04;dw05;dw06;dw07;dw08,dw00;dw01;dw02;dw03;dw04;dw05;dw06;dw07;dw08,,90,1,2026-08-28T09:29:58.664+0200,dw04,0F85,215,163,-3,-96,131,2.02,62316
ground-height-0m-20260825-163632,d002m_r180_run01.csv,0,2,180,dw00;dw01;dw02;dw03;dw04;dw05;dw06;dw07;dw08,dw00;dw01;dw02;dw03;dw04;dw05;dw06;dw07;dw08,,105,1,2026-08-28T09:29:58.674+0200,dw05,4B92,121,166,44,-48,158,2.20,72235
ground-height-0m-20260825-163632,d002m_r180_run01.csv,0,2,180,dw00;dw01;dw02;dw03;dw04;dw05;dw06;dw07;dw08,dw00;dw01;dw02;dw03;dw04;dw05;dw06;dw07;dw08,,125,1,2026-08-28T09:29:58.684+0200,dw06,0789,238,160,97,5,160,1.81,82305
ground-height-0m-20260825-163632,d002m_r180_run01.csv,0,2,180,dw00;dw01;dw02;dw03;dw04;dw05;dw06;dw07;dw08,dw00;dw01;dw02;dw03;dw04;dw05;dw06;dw07;dw08,,15,1,2026-08-28T09:29:58.733+0200,dw00,8103,209,176,-159,117,132,3.51,32287
ground-height-0m-20260825-163632,d002m_r180_run01.csv,0,2,180,dw00;dw01;dw02;dw03;dw04;dw05;dw06;dw07;dw08,dw00;dw01;dw02;dw03;dw04;dw05;dw06;dw07;dw08,,35,1,2026-08-28T09:29:58.744+0200,dw01,1729,51,167,-132,138,93,2.95,42297
ground-height-0m-20260825-163632,d002m_r180_run01.csv,0,2,180,dw00;dw01;dw02;dw03;dw04;dw05;dw06;dw07;dw08,dw00;dw01;dw02;dw03;dw04;dw05;dw06;dw07;dw08,,55,1,2026-08-28T09:29:58.754+0200,dw02,8FB0,32,161,-101,161,0,3.01,52337
ground-height-0m-20260825-163632,d002m_r180_run01.csv,0,2,180,dw00;dw01;dw02;dw03;dw04;dw05;dw06;dw07;dw08,dw00;dw01;dw02;dw03;dw04;dw05;dw06;dw07;dw08,,145,1,2026-08-28T09:29:58.794+0200,dw07,5783,224,164,141,49,156,2.95,2147483
ground-height-0m-20260825-163632,d002m_r180_run01.csv,0,2,180,dw00;dw01;dw02;dw03;dw04;dw05;dw06;dw07;dw08,dw00;dw01;dw02;dw03;dw04;dw05;dw06;dw07;dw08,,75,1,2026-08-28T09:29:58.813+0200,dw03,021B,42,156,-45,-132,81,3.27,12268
ground-height-0m-20260825-163632,d002m_r180_run01.csv,0,2,180,dw00;dw01;dw02;dw03;dw04;dw05;dw06;dw07;dw08,dw00;dw01;dw02;dw03;dw04;dw05;dw06;dw07;dw08,,165,1,2026-08-28T09:29:58.823+0200,dw08,028E,182,166,167,77,147,3.57,22277
ground-height-0m-20260825-163632,d002m_r180_run01.csv,0,2,180,dw00;dw01;dw02;dw03;dw04;dw05;dw06;dw07;dw08,dw00;dw01;dw02;dw03;dw04;dw05;dw06;dw07;dw08,,90,1,2026-08-28T09:29:58.863+0200,dw04,0F85,216,163,4,-88,137,2.08,62286
ground-height-0m-20260825-163632,d002m_r180_run01.csv,0,2,180,dw00;dw01;dw02;dw03;dw04;dw05;dw06;dw07;dw08,dw00;dw01;dw02;dw03;dw04;dw05;dw06;dw07;dw08,,105,1,2026-08-28T09:29:58.874+0200,dw05,4B92,122,159,51,-39,154,2.14,72235
ground-height-0m-20260825-163632,d002m_r180_run01.csv,0,2,180,dw00;dw01;dw02;dw03;dw04;dw05;dw06;dw07;dw08,dw00;dw01;dw02;dw03;dw04;dw05;dw06;dw07;dw08,,125,1,2026-08-28T09:29:58.884+0200,dw06,0789,239,155,104,11,155,1.93,82305
ground-height-0m-20260825-163632,d002m_r180_run01.csv,0,2,180,dw00;dw01;dw02;dw03;dw04;dw05;dw06;dw07;dw08,dw00;dw01;dw02;dw03;dw04;dw05;dw06;dw07;dw08,,15,1,2026-08-28T09:29:58.934+0200,dw00,8103,210,174,-157,118,128,3.57,32287
ground-height-0m-20260825-163632,d002m_r180_run01.csv,0,2,180,dw00;dw01;dw02;dw03;dw04;dw05;dw06;dw07;dw08,dw00;dw01;dw02;dw03;dw04;dw05;dw06;dw07;dw08,,35,1,2026-08-28T09:29:58.943+0200,dw01,1729,52,166,-139,131,102,2.89,42327
ground-height-0m-20260825-163632,d002m_r180_run01.csv,0,2,180,dw00;dw01;dw02;dw03;dw04;dw05;dw06;dw07;dw08,dw00;dw01;dw02;dw03;dw04;dw05;dw06;dw07;dw08,,55,1,2026-08-28T09:29:58.954+0200,dw02,8FB0,33,164,-99,164,0,3.15,52337
ground-height-0m-20260825-163632,d002m_r180_run01.csv,0,2,180,dw00;dw01;dw02;dw03;dw04;dw05;dw06;dw07;dw08,dw00;dw01;dw02;dw03;dw04;dw05;dw06;dw07;dw08,,145,1,2026-08-28T09:29:58.993+0200,dw07,5783,225,164,138,46,157,2.89,2147483
ground-height-0m-20260825-163632,d002m_r180_run01.csv,0,2,180,dw00;dw01;dw02;dw03;dw04;dw05;dw06;dw07;dw08,dw00;dw01;dw02;dw03;dw04;dw05;dw06;dw07;dw08,,75,1,2026-08-28T09:29:59.014+0200,dw03,021B,43,154,-49,-135,75,3.27,12268
ground-height-0m-20260825-163632,d002m_r180_run01.csv,0,2,180,dw00;dw01;dw02;dw03;dw04;dw05;dw06;dw07;dw08,dw00;dw01;dw02;dw03;dw04;dw05;dw06;dw07;dw08,,165,1,2026-08-28T09:29:59.023+0200,dw08,028E,183,163,166,74,145,3.45,22277
ground-height-0m-20260825-163632,d002m_r180_run01.csv,0,2,180,dw00;dw01;dw02;dw03;dw04;dw05;dw06;dw07;dw08,dw00;dw01;dw02;dw03;dw04;dw05;dw06;dw07;dw08,,90,1,2026-08-28T09:29:59.063+0200,dw04,0F85,217,166,-4,-98,133,2.02,62286
ground-height-0m-20260825-163632,d002m_r180_run01.csv,0,2,180,dw00;dw01;dw02;dw03;dw04;dw05;dw06;dw07;dw08,dw00;dw01;dw02;dw03;dw04;dw05;dw06;dw07;dw08,,105,1,2026-08-28T09:29:59.073+0200,dw05,4B92,123,161,46,-45,155,2.20,72235
ground-height-0m-20260825-163632,d002m_r180_run01.csv,0,2,180,dw00;dw01;dw02;dw03;dw04;dw05;dw06;dw07;dw08,dw00;dw01;dw02;dw03;dw04;dw05;dw06;dw07;dw08,,125,1,2026-08-28T09:29:59.084+0200,dw06,0789,240,161,104,12,161,1.87,82305
ground-height-0m-20260825-163632,d002m_r180_run01.csv,0,2,180,dw00;dw01;dw02;dw03;dw04;dw05;dw06;dw07;dw08,dw00;dw01;dw02;dw03;dw04;dw05;dw06;dw07;dw08,,15,1,2026-08-28T09:29:59.134+0200,dw00,8103,211,176,-157,119,130,3.63,32257
ground-height-0m-20260825-163632,d002m_r180_run01.csv,0,2,180,dw00;dw01;dw02;dw03;dw04;dw05;dw06;dw07;dw08,dw00;dw01;dw02;dw03;dw04;dw05;dw06;dw07;dw08,,35,1,2026-08-28T09:29:59.144+0200,dw01,1729,53,167,-134,137,96,2.95,42327
ground-height-0m-20260825-163632,d002m_r180_run01.csv,0,2,180,dw00;dw01;dw02;dw03;dw04;dw05;dw06;dw07;dw08,dw00;dw01;dw02;dw03;dw04;dw05;dw06;dw07;dw08,,55,1,2026-08-28T09:29:59.153+0200,dw02,8FB0,34,158,-104,158,0,3.09,52337
ground-height-0m-20260825-163632,d002m_r180_run01.csv,0,2,180,dw00;dw01;dw02;dw03;dw04;dw05;dw06;dw07;dw08,dw00;dw01;dw02;dw03;dw04;dw05;dw06;dw07;dw08,,145,1,2026-08-28T09:29:59.193+0200,dw07,5783,226,162,133,41,157,2.83,2147483
ground-height-0m-20260825-163632,d002m_r180_run01.csv,0,2,180,dw00;dw01;dw02;dw03;dw04;dw05;dw06;dw07;dw08,dw00;dw01;dw02;dw03;dw04;dw05;dw06;dw07;dw08,,75,1,2026-08-28T09:29:59.214+0200,dw03,021B,44,156,-46,-133,80,3.33,12268
ground-height-0m-20260825-163632,d002m_r180_run01.csv,0,2,180,dw00;dw01;dw02;dw03;dw04;dw05;dw06;dw07;dw08,dw00;dw01;dw02;dw03;dw04;dw05;dw06;dw07;dw08,,165,1,2026-08-28T09:29:59.224+0200,dw08,028E,184,167,159,69,152,3.45,22277
ground-height-0m-20260825-163632,d002m_r180_run01.csv,0,2,180,dw00;dw01;dw02;dw03;dw04;dw05;dw06;dw07;dw08,dw00;dw01;dw02;dw03;dw04;dw05;dw06;dw07;dw08,,90,1,2026-08-28T09:29:59.264+0200,dw04,0F85,218,163,-3,-95,132,2.02,62255
ground-height-0m-20260825-163632,d002m_r180_run01.csv,0,2,180,dw00;dw01;dw02;dw03;dw04;dw05;dw06;dw07;dw08,dw00;dw01;dw02;dw03;dw04;dw05;dw06;dw07;dw08,,105,1,2026-08-28T09:29:59.273+0200,dw05,4B92,124,166,45,-48,159,2.26,72235
ground-height-0m-20260825-163632,d002m_r180_run01.csv,0,2,180,dw00;dw01;dw02;dw03;dw04;dw05;dw06;dw07;dw08,dw00;dw01;dw02;dw03;dw04;dw05;dw06;dw07;dw08,,125,1,2026-08-28T09:29:59.283+0200,dw06,0789,241,159,107,15,158,1.93,82336
ground-height-0m-20260825-163632,d002m_r180_run01.csv,0,2,180,dw00;dw01;dw02;dw03;dw04;dw05;dw06;dw07;dw08,dw00;dw01;dw02;dw03;dw04;dw05;dw06;dw07;dw08,,15,1,2026-08-28T09:29:59.334+0200,dw00,8103,212,177,-158,119,130,3.57,32257
ground-height-0m-20260825-163632,d002m_r180_run01.csv,0,2,180,dw00;dw01;dw02;dw03;dw04;dw05;dw06;dw07;dw08,dw00;dw01;dw02;dw03;dw04;dw05;dw06;dw07;dw08,,35,1,2026-08-28T09:29:59.344+0200,dw01,1729,54,166,-133,137,94,2.83,42358
ground-height-0m-20260825-163632,d002m_r180_run01.csv,0,2,180,dw00;dw01;dw02;dw03;dw04;dw05;dw06;dw07;dw08,dw00;dw01;dw02;dw03;dw04;dw05;dw06;dw07;dw08,,55,1,2026-08-28T09:29:59.353+0200,dw02,8FB0,35,161,-102,161,0,3.01,52398
ground-height-0m-20260825-163632,d002m_r180_run01.csv,0,2,180,dw00;dw01;dw02;dw03;dw04;dw05;dw06;dw07;dw08,dw00;dw01;dw02;dw03;dw04;dw05;dw06;dw07;dw08,,145,1,2026-08-28T09:29:59.394+0200,dw07,5783,227,164,131,39,159,3.01,2147483
ground-height-0m-20260825-163632,d002m_r180_run01.csv,0,2,180,dw00;dw01;dw02;dw03;dw04;dw05;dw06;dw07;dw08,dw00;dw01;dw02;dw03;dw04;dw05;dw06;dw07;dw08,,75,1,2026-08-28T09:29:59.413+0200,dw03,021B,45,157,-43,-131,86,3.15,12268
ground-height-0m-20260825-163632,d002m_r180_run01.csv,0,2,180,dw00;dw01;dw02;dw03;dw04;dw05;dw06;dw07;dw08,dw00;dw01;dw02;dw03;dw04;dw05;dw06;dw07;dw08,,165,1,2026-08-28T09:29:59.424+0200,dw08,028E,185,166,166,76,148,3.45,22277
ground-height-0m-20260825-163632,d002m_r180_run01.csv,0,2,180,dw00;dw01;dw02;dw03;dw04;dw05;dw06;dw07;dw08,dw00;dw01;dw02;dw03;dw04;dw05;dw06;dw07;dw08,,90,1,2026-08-28T09:29:59.464+0200,dw04,0F85,219,163,-8,-101,128,1.93,62316
ground-height-0m-20260825-163632,d002m_r180_run01.csv,0,2,180,dw00;dw01;dw02;dw03;dw04;dw05;dw06;dw07;dw08,dw00;dw01;dw02;dw03;dw04;dw05;dw06;dw07;dw08,,105,1,2026-08-28T09:29:59.474+0200,dw05,4B92,125,167,53,-39,163,2.32,72296
ground-height-0m-20260825-163632,d002m_r180_run01.csv,0,2,180,dw00;dw01;dw02;dw03;dw04;dw05;dw06;dw07;dw08,dw00;dw01;dw02;dw03;dw04;dw05;dw06;dw07;dw08,,125,1,2026-08-28T09:29:59.483+0200,dw06,0789,242,157,101,9,157,1.87,82305
ground-height-0m-20260825-163632,d002m_r180_run01.csv,0,2,180,dw00;dw01;dw02;dw03;dw04;dw05;dw06;dw07;dw08,dw00;dw01;dw02;dw03;dw04;dw05;dw06;dw07;dw08,,15,1,2026-08-28T09:29:59.533+0200,dw00,8103,213,178,-153,125,126,3.51,32287
ground-height-0m-20260825-163632,d002m_r180_run01.csv,0,2,180,dw00;dw01;dw02;dw03;dw04;dw05;dw06;dw07;dw08,dw00;dw01;dw02;dw03;dw04;dw05;dw06;dw07;dw08,,35,1,2026-08-28T09:29:59.544+0200,dw01,1729,55,168,-137,134,101,3.01,42266
ground-height-0m-20260825-163632,d002m_r180_run01.csv,0,2,180,dw00;dw01;dw02;dw03;dw04;dw05;dw06;dw07;dw08,dw00;dw01;dw02;dw03;dw04;dw05;dw06;dw07;dw08,,55,1,2026-08-28T09:29:59.554+0200,dw02,8FB0,36,161,-94,161,0,3.01,52337
ground-height-0m-20260825-163632,d002m_r180_run01.csv,0,2,180,dw00;dw01;dw02;dw03;dw04;dw05;dw06;dw07;dw08,dw00;dw01;dw02;dw03;dw04;dw05;dw06;dw07;dw08,,145,1,2026-08-28T09:29:59.594+0200,dw07,5783,228,162,136,44,155,2.95,2147483
ground-height-0m-20260825-163632,d002m_r180_run01.csv,0,2,180,dw00;dw01;dw02;dw03;dw04;dw05;dw06;dw07;dw08,dw00;dw01;dw02;dw03;dw04;dw05;dw06;dw07;dw08,,75,1,2026-08-28T09:29:59.613+0200,dw03,021B,46,155,-48,-135,76,3.33,12268
ground-height-0m-20260825-163632,d002m_r180_run01.csv,0,2,180,dw00;dw01;dw02;dw03;dw04;dw05;dw06;dw07;dw08,dw00;dw01;dw02;dw03;dw04;dw05;dw06;dw07;dw08,,165,1,2026-08-28T09:29:59.623+0200,dw08,028E,186,167,165,75,149,3.57,22308
ground-height-0m-20260825-163632,d002m_r180_run01.csv,0,2,180,dw00;dw01;dw02;dw03;dw04;dw05;dw06;dw07;dw08,dw00;dw01;dw02;dw03;dw04;dw05;dw06;dw07;dw08,,90,1,2026-08-28T09:29:59.663+0200,dw04,0F85,220,162,-3,-95,131,1.99,62255
ground-height-0m-20260825-163632,d002m_r180_run01.csv,0,2,180,dw00;dw01;dw02;dw03;dw04;dw05;dw06;dw07;dw08,dw00;dw01;dw02;dw03;dw04;dw05;dw06;dw07;dw08,,105,1,2026-08-28T09:29:59.674+0200,dw05,4B92,126,166,52,-40,161,2.26,72265
ground-height-0m-20260825-163632,d002m_r180_run01.csv,0,2,180,dw00;dw01;dw02;dw03;dw04;dw05;dw06;dw07;dw08,dw00;dw01;dw02;dw03;dw04;dw05;dw06;dw07;dw08,,125,1,2026-08-28T09:29:59.684+0200,dw06,0789,243,159,103,11,159,1.93,82305
ground-height-0m-20260825-163632,d002m_r180_run01.csv,0,2,180,dw00;dw01;dw02;dw03;dw04;dw05;dw06;dw07;dw08,dw00;dw01;dw02;dw03;dw04;dw05;dw06;dw07;dw08,,15,1,2026-08-28T09:29:59.733+0200,dw00,8103,214,178,-160,118,134,3.45,32257
ground-height-0m-20260825-163632,d002m_r180_run01.csv,0,2,180,dw00;dw01;dw02;dw03;dw04;dw05;dw06;dw07;dw08,dw00;dw01;dw02;dw03;dw04;dw05;dw06;dw07;dw08,,35,1,2026-08-28T09:29:59.743+0200,dw01,1729,56,161,-135,131,93,3.06,42327
ground-height-0m-20260825-163632,d002m_r180_run01.csv,0,2,180,dw00;dw01;dw02;dw03;dw04;dw05;dw06;dw07;dw08,dw00;dw01;dw02;dw03;dw04;dw05;dw06;dw07;dw08,,55,1,2026-08-28T09:29:59.754+0200,dw02,8FB0,37,166,-93,166,0,3.21,52307
ground-height-0m-20260825-163632,d002m_r180_run01.csv,0,2,180,dw00;dw01;dw02;dw03;dw04;dw05;dw06;dw07;dw08,dw00;dw01;dw02;dw03;dw04;dw05;dw06;dw07;dw08,,145,1,2026-08-28T09:29:59.794+0200,dw07,5783,229,164,136,44,157,2.89,2147483
ground-height-0m-20260825-163632,d002m_r180_run01.csv,0,2,180,dw00;dw01;dw02;dw03;dw04;dw05;dw06;dw07;dw08,dw00;dw01;dw02;dw03;dw04;dw05;dw06;dw07;dw08,,75,1,2026-08-28T09:29:59.813+0200,dw03,021B,47,152,-43,-128,82,3.21,12268
ground-height-0m-20260825-163632,d002m_r180_run01.csv,0,2,180,dw00;dw01;dw02;dw03;dw04;dw05;dw06;dw07;dw08,dw00;dw01;dw02;dw03;dw04;dw05;dw06;dw07;dw08,,165,1,2026-08-28T09:29:59.823+0200,dw08,028E,187,166,157,67,152,3.51,22277
ground-height-0m-20260825-163632,d002m_r180_run01.csv,0,2,180,dw00;dw01;dw02;dw03;dw04;dw05;dw06;dw07;dw08,dw00;dw01;dw02;dw03;dw04;dw05;dw06;dw07;dw08,,90,1,2026-08-28T09:29:59.863+0200,dw04,0F85,221,166,-3,-98,135,2.02,62255
ground-height-0m-20260825-163632,d002m_r180_run01.csv,0,2,180,dw00;dw01;dw02;dw03;dw04;dw05;dw06;dw07;dw08,dw00;dw01;dw02;dw03;dw04;dw05;dw06;dw07;dw08,,105,1,2026-08-28T09:29:59.873+0200,dw05,4B92,127,162,46,-45,155,2.08,72235
ground-height-0m-20260825-163632,d002m_r180_run01.csv,0,2,180,dw00;dw01;dw02;dw03;dw04;dw05;dw06;dw07;dw08,dw00;dw01;dw02;dw03;dw04;dw05;dw06;dw07;dw08,,125,1,2026-08-28T09:29:59.884+0200,dw06,0789,244,160,100,8,160,1.69,82305
ground-height-0m-20260825-163632,d002m_r180_run01.csv,0,2,180,dw00;dw01;dw02;dw03;dw04;dw05;dw06;dw07;dw08,dw00;dw01;dw02;dw03;dw04;dw05;dw06;dw07;dw08,,15,1,2026-08-28T09:29:59.933+0200,dw00,8103,215,178,-156,122,130,3.57,32257
ground-height-0m-20260825-163632,d002m_r180_run01.csv,0,2,180,dw00;dw01;dw02;dw03;dw04;dw05;dw06;dw07;dw08,dw00;dw01;dw02;dw03;dw04;dw05;dw06;dw07;dw08,,35,1,2026-08-28T09:29:59.943+0200,dw01,1729,57,159,-135,130,92,3.01,42358
ground-height-0m-20260825-163632,d002m_r180_run01.csv,0,2,180,dw00;dw01;dw02;dw03;dw04;dw05;dw06;dw07;dw08,dw00;dw01;dw02;dw03;dw04;dw05;dw06;dw07;dw08,,55,1,2026-08-28T09:29:59.953+0200,dw02,8FB0,38,164,-96,164,0,3.09,52368
ground-height-0m-20260825-163632,d002m_r180_run01.csv,0,2,180,dw00;dw01;dw02;dw03;dw04;dw05;dw06;dw07;dw08,dw00;dw01;dw02;dw03;dw04;dw05;dw06;dw07;dw08,,145,1,2026-08-28T09:29:59.993+0200,dw07,5783,230,161,140,48,153,2.95,2147483
ground-height-0m-20260825-163632,d002m_r180_run01.csv,0,2,180,dw00;dw01;dw02;dw03;dw04;dw05;dw06;dw07;dw08,dw00;dw01;dw02;dw03;dw04;dw05;dw06;dw07;dw08,,75,1,2026-08-28T09:30:00.014+0200,dw03,021B,48,155,-44,-131,82,3.33,12298
ground-height-0m-20260825-163632,d002m_r180_run01.csv,0,2,180,dw00;dw01;dw02;dw03;dw04;dw05;dw06;dw07;dw08,dw00;dw01;dw02;dw03;dw04;dw05;dw06;dw07;dw08,,165,1,2026-08-28T09:30:00.023+0200,dw08,028E,188,169,165,76,151,3.63,22277
ground-height-0m-20260825-163632,d002m_r180_run01.csv,0,2,180,dw00;dw01;dw02;dw03;dw04;dw05;dw06;dw07;dw08,dw00;dw01;dw02;dw03;dw04;dw05;dw06;dw07;dw08,,90,1,2026-08-28T09:30:00.063+0200,dw04,0F85,222,162,0,-93,133,2.02,62316
ground-height-0m-20260825-163632,d002m_r180_run01.csv,0,2,180,dw00;dw01;dw02;dw03;dw04;dw05;dw06;dw07;dw08,dw00;dw01;dw02;dw03;dw04;dw05;dw06;dw07;dw08,,105,1,2026-08-28T09:30:00.073+0200,dw05,4B92,128,163,49,-42,158,2.32,72265
ground-height-0m-20260825-163632,d002m_r180_run01.csv,0,2,180,dw00;dw01;dw02;dw03;dw04;dw05;dw06;dw07;dw08,dw00;dw01;dw02;dw03;dw04;dw05;dw06;dw07;dw08,,125,1,2026-08-28T09:30:00.083+0200,dw06,0789,245,156,101,9,155,1.93,82305
ground-height-0m-20260825-163632,d002m_r180_run01.csv,0,2,180,dw00;dw01;dw02;dw03;dw04;dw05;dw06;dw07;dw08,dw00;dw01;dw02;dw03;dw04;dw05;dw06;dw07;dw08,,15,1,2026-08-28T09:30:00.134+0200,dw00,8103,216,177,-154,123,127,3.57,32257
ground-height-0m-20260825-163632,d002m_r180_run01.csv,0,2,180,dw00;dw01;dw02;dw03;dw04;dw05;dw06;dw07;dw08,dw00;dw01;dw02;dw03;dw04;dw05;dw06;dw07;dw08,,35,1,2026-08-28T09:30:00.143+0200,dw01,1729,58,160,-142,123,102,3.09,42327
ground-height-0m-20260825-163632,d002m_r180_run01.csv,0,2,180,dw00;dw01;dw02;dw03;dw04;dw05;dw06;dw07;dw08,dw00;dw01;dw02;dw03;dw04;dw05;dw06;dw07;dw08,,55,1,2026-08-28T09:30:00.153+0200,dw02,8FB0,39,165,-94,165,0,3.06,52368
ground-height-0m-20260825-163632,d002m_r180_run01.csv,0,2,180,dw00;dw01;dw02;dw03;dw04;dw05;dw06;dw07;dw08,dw00;dw01;dw02;dw03;dw04;dw05;dw06;dw07;dw08,,145,1,2026-08-28T09:30:00.193+0200,dw07,5783,231,161,132,40,156,2.77,2147483
ground-height-0m-20260825-163632,d002m_r180_run01.csv,0,2,180,dw00;dw01;dw02;dw03;dw04;dw05;dw06;dw07;dw08,dw00;dw01;dw02;dw03;dw04;dw05;dw06;dw07;dw08,,75,1,2026-08-28T09:30:00.213+0200,dw03,021B,49,158,-49,-138,76,3.27,12237
ground-height-0m-20260825-163632,d002m_r180_run01.csv,0,2,180,dw00;dw01;dw02;dw03;dw04;dw05;dw06;dw07;dw08,dw00;dw01;dw02;dw03;dw04;dw05;dw06;dw07;dw08,,165,1,2026-08-28T09:30:00.223+0200,dw08,028E,189,168,162,73,152,3.45,22277
ground-height-0m-20260825-163632,d002m_r180_run01.csv,0,2,180,dw00;dw01;dw02;dw03;dw04;dw05;dw06;dw07;dw08,dw00;dw01;dw02;dw03;dw04;dw05;dw06;dw07;dw08,,90,1,2026-08-28T09:30:00.264+0200,dw04,0F85,223,165,0,-93,136,1.99,62255
ground-height-0m-20260825-163632,d002m_r180_run01.csv,0,2,180,dw00;dw01;dw02;dw03;dw04;dw05;dw06;dw07;dw08,dw00;dw01;dw02;dw03;dw04;dw05;dw06;dw07;dw08,,105,1,2026-08-28T09:30:00.273+0200,dw05,4B92,129,164,49,-42,158,2.20,72265
ground-height-0m-20260825-163632,d002m_r180_run01.csv,0,2,180,dw00;dw01;dw02;dw03;dw04;dw05;dw06;dw07;dw08,dw00;dw01;dw02;dw03;dw04;dw05;dw06;dw07;dw08,,125,1,2026-08-28T09:30:00.283+0200,dw06,0789,246,160,107,15,160,1.75,82305
ground-height-0m-20260825-163632,d002m_r180_run01.csv,0,2,180,dw00;dw01;dw02;dw03;dw04;dw05;dw06;dw07;dw08,dw00;dw01;dw02;dw03;dw04;dw05;dw06;dw07;dw08,,15,1,2026-08-28T09:30:00.333+0200,dw00,8103,217,175,-156,119,128,3.57,32257
ground-height-0m-20260825-163632,d002m_r180_run01.csv,0,2,180,dw00;dw01;dw02;dw03;dw04;dw05;dw06;dw07;dw08,dw00;dw01;dw02;dw03;dw04;dw05;dw06;dw07;dw08,,35,1,2026-08-28T09:30:00.344+0200,dw01,1729,59,166,-131,138,91,2.95,42297
ground-height-0m-20260825-163632,d002m_r180_run01.csv,0,2,180,dw00;dw01;dw02;dw03;dw04;dw05;dw06;dw07;dw08,dw00;dw01;dw02;dw03;dw04;dw05;dw06;dw07;dw08,,55,1,2026-08-28T09:30:00.353+0200,dw02,8FB0,40,163,-99,163,0,3.09,52368
ground-height-0m-20260825-163632,d002m_r180_run01.csv,0,2,180,dw00;dw01;dw02;dw03;dw04;dw05;dw06;dw07;dw08,dw00;dw01;dw02;dw03;dw04;dw05;dw06;dw07;dw08,,145,1,2026-08-28T09:30:00.393+0200,dw07,5783,232,162,143,51,153,2.95,2147483
ground-height-0m-20260825-163632,d002m_r180_run01.csv,0,2,180,dw00;dw01;dw02;dw03;dw04;dw05;dw06;dw07;dw08,dw00;dw01;dw02;dw03;dw04;dw05;dw06;dw07;dw08,,75,1,2026-08-28T09:30:00.413+0200,dw03,021B,50,155,-44,-131,83,3.33,12298
ground-height-0m-20260825-163632,d002m_r180_run01.csv,0,2,180,dw00;dw01;dw02;dw03;dw04;dw05;dw06;dw07;dw08,dw00;dw01;dw02;dw03;dw04;dw05;dw06;dw07;dw08,,165,1,2026-08-28T09:30:00.423+0200,dw08,028E,190,168,163,74,151,3.45,22247
ground-height-0m-20260825-163632,d002m_r180_run01.csv,0,2,180,dw00;dw01;dw02;dw03;dw04;dw05;dw06;dw07;dw08,dw00;dw01;dw02;dw03;dw04;dw05;dw06;dw07;dw08,,90,1,2026-08-28T09:30:00.463+0200,dw04,0F85,224,164,-2,-96,133,1.99,62316
ground-height-0m-20260825-163632,d002m_r180_run01.csv,0,2,180,dw00;dw01;dw02;dw03;dw04;dw05;dw06;dw07;dw08,dw00;dw01;dw02;dw03;dw04;dw05;dw06;dw07;dw08,,105,1,2026-08-28T09:30:00.473+0200,dw05,4B92,130,164,48,-44,158,2.20,72235
ground-height-0m-20260825-163632,d002m_r180_run01.csv,0,2,180,dw00;dw01;dw02;dw03;dw04;dw05;dw06;dw07;dw08,dw00;dw01;dw02;dw03;dw04;dw05;dw06;dw07;dw08,,125,1,2026-08-28T09:30:00.483+0200,dw06,0789,247,163,97,5,163,1.81,82305
ground-height-0m-20260825-163632,d002m_r180_run01.csv,0,2,180,dw00;dw01;dw02;dw03;dw04;dw05;dw06;dw07;dw08,dw00;dw01;dw02;dw03;dw04;dw05;dw06;dw07;dw08,,15,1,2026-08-28T09:30:00.533+0200,dw00,8103,218,180,-155,124,130,3.57,32257
ground-height-0m-20260825-163632,d002m_r180_run01.csv,0,2,180,dw00;dw01;dw02;dw03;dw04;dw05;dw06;dw07;dw08,dw00;dw01;dw02;dw03;dw04;dw05;dw06;dw07;dw08,,35,1,2026-08-28T09:30:00.543+0200,dw01,1729,60,162,-137,130,96,2.95,42327
ground-height-0m-20260825-163632,d002m_r180_run01.csv,0,2,180,dw00;dw01;dw02;dw03;dw04;dw05;dw06;dw07;dw08,dw00;dw01;dw02;dw03;dw04;dw05;dw06;dw07;dw08,,55,1,2026-08-28T09:30:00.554+0200,dw02,8FB0,41,162,-107,159,31,3.09,52337
ground-height-0m-20260825-163632,d002m_r180_run01.csv,0,2,180,dw00;dw01;dw02;dw03;dw04;dw05;dw06;dw07;dw08,dw00;dw01;dw02;dw03;dw04;dw05;dw06;dw07;dw08,,145,1,2026-08-28T09:30:00.593+0200,dw07,5783,233,165,138,47,158,2.83,2147483
ground-height-0m-20260825-163632,d002m_r180_run01.csv,0,2,180,dw00;dw01;dw02;dw03;dw04;dw05;dw06;dw07;dw08,dw00;dw01;dw02;dw03;dw04;dw05;dw06;dw07;dw08,,75,1,2026-08-28T09:30:00.613+0200,dw03,021B,51,151,-43,-127,82,3.27,12268
ground-height-0m-20260825-163632,d002m_r180_run01.csv,0,2,180,dw00;dw01;dw02;dw03;dw04;dw05;dw06;dw07;dw08,dw00;dw01;dw02;dw03;dw04;dw05;dw06;dw07;dw08,,165,1,2026-08-28T09:30:00.623+0200,dw08,028E,191,168,165,76,150,3.33,22308
ground-height-0m-20260825-163632,d002m_r180_run01.csv,0,2,180,dw00;dw01;dw02;dw03;dw04;dw05;dw06;dw07;dw08,dw00;dw01;dw02;dw03;dw04;dw05;dw06;dw07;dw08,,90,1,2026-08-28T09:30:00.663+0200,dw04,0F85,225,166,-1,-96,135,1.93,62286
ground-height-0m-20260825-163632,d002m_r180_run01.csv,0,2,180,dw00;dw01;dw02;dw03;dw04;dw05;dw06;dw07;dw08,dw00;dw01;dw02;dw03;dw04;dw05;dw06;dw07;dw08,,105,1,2026-08-28T09:30:00.673+0200,dw05,4B92,131,168,52,-41,163,2.20,72265
ground-height-0m-20260825-163632,d002m_r180_run01.csv,0,2,180,dw00;dw01;dw02;dw03;dw04;dw05;dw06;dw07;dw08,dw00;dw01;dw02;dw03;dw04;dw05;dw06;dw07;dw08,,125,1,2026-08-28T09:30:00.683+0200,dw06,0789,248,158,96,4,157,1.87,82305
ground-height-0m-20260825-163632,d002m_r180_run01.csv,0,2,180,dw00;dw01;dw02;dw03;dw04;dw05;dw06;dw07;dw08,dw00;dw01;dw02;dw03;dw04;dw05;dw06;dw07;dw08,,15,1,2026-08-28T09:30:00.733+0200,dw00,8103,219,177,-154,123,127,3.69,32257
ground-height-0m-20260825-163632,d002m_r180_run01.csv,0,2,180,dw00;dw01;dw02;dw03;dw04;dw05;dw06;dw07;dw08,dw00;dw01;dw02;dw03;dw04;dw05;dw06;dw07;dw08,,35,1,2026-08-28T09:30:00.743+0200,dw01,1729,61,159,-139,125,97,3.06,42327
ground-height-0m-20260825-163632,d002m_r180_run01.csv,0,2,180,dw00;dw01;dw02;dw03;dw04;dw05;dw06;dw07;dw08,dw00;dw01;dw02;dw03;dw04;dw05;dw06;dw07;dw08,,55,1,2026-08-28T09:30:00.753+0200,dw02,8FB0,42,163,-106,161,23,3.09,52398
ground-height-0m-20260825-163632,d002m_r180_run01.csv,0,2,180,dw00;dw01;dw02;dw03;dw04;dw05;dw06;dw07;dw08,dw00;dw01;dw02;dw03;dw04;dw05;dw06;dw07;dw08,,145,1,2026-08-28T09:30:00.793+0200,dw07,5783,234,163,132,40,158,3.01,2147483
ground-height-0m-20260825-163632,d002m_r180_run01.csv,0,2,180,dw00;dw01;dw02;dw03;dw04;dw05;dw06;dw07;dw08,dw00;dw01;dw02;dw03;dw04;dw05;dw06;dw07;dw08,,75,1,2026-08-28T09:30:00.813+0200,dw03,021B,52,157,-41,-130,88,3.27,12268
ground-height-0m-20260825-163632,d002m_r180_run01.csv,0,2,180,dw00;dw01;dw02;dw03;dw04;dw05;dw06;dw07;dw08,dw00;dw01;dw02;dw03;dw04;dw05;dw06;dw07;dw08,,165,1,2026-08-28T09:30:00.823+0200,dw08,028E,192,167,169,80,146,3.45,22277
ground-height-0m-20260825-163632,d002m_r180_run01.csv,0,2,180,dw00;dw01;dw02;dw03;dw04;dw05;dw06;dw07;dw08,dw00;dw01;dw02;dw03;dw04;dw05;dw06;dw07;dw08,,90,1,2026-08-28T09:30:00.863+0200,dw04,0F85,226,166,-1,-95,136,1.87,62286
ground-height-0m-20260825-163632,d002m_r180_run01.csv,0,2,180,dw00;dw01;dw02;dw03;dw04;dw05;dw06;dw07;dw08,dw00;dw01;dw02;dw03;dw04;dw05;dw06;dw07;dw08,,105,1,2026-08-28T09:30:00.873+0200,dw05,4B92,132,166,50,-42,161,2.26,72265
ground-height-0m-20260825-163632,d002m_r180_run01.csv,0,2,180,dw00;dw01;dw02;dw03;dw04;dw05;dw06;dw07;dw08,dw00;dw01;dw02;dw03;dw04;dw05;dw06;dw07;dw08,,125,1,2026-08-28T09:30:00.883+0200,dw06,0789,249,156,100,8,155,1.93,82305
ground-height-0m-20260825-163632,d002m_r180_run01.csv,0,2,180,dw00;dw01;dw02;dw03;dw04;dw05;dw06;dw07;dw08,dw00;dw01;dw02;dw03;dw04;dw05;dw06;dw07;dw08,,15,1,2026-08-28T09:30:00.934+0200,dw00,8103,220,177,-160,117,133,3.57,32257
ground-height-0m-20260825-163632,d002m_r180_run01.csv,0,2,180,dw00;dw01;dw02;dw03;dw04;dw05;dw06;dw07;dw08,dw00;dw01;dw02;dw03;dw04;dw05;dw06;dw07;dw08,,35,1,2026-08-28T09:30:00.943+0200,dw01,1729,62,162,-138,129,98,2.95,42297
ground-height-0m-20260825-163632,d002m_r180_run01.csv,0,2,180,dw00;dw01;dw02;dw03;dw04;dw05;dw06;dw07;dw08,dw00;dw01;dw02;dw03;dw04;dw05;dw06;dw07;dw08,,55,1,2026-08-28T09:30:00.953+0200,dw02,8FB0,43,163,-106,160,27,3.09,52337
ground-height-0m-20260825-163632,d002m_r180_run01.csv,0,2,180,dw00;dw01;dw02;dw03;dw04;dw05;dw06;dw07;dw08,dw00;dw01;dw02;dw03;dw04;dw05;dw06;dw07;dw08,,145,1,2026-08-28T09:30:00.993+0200,dw07,5783,235,164,138,46,157,2.89,2147483
ground-height-0m-20260825-163632,d002m_r180_run01.csv,0,2,180,dw00;dw01;dw02;dw03;dw04;dw05;dw06;dw07;dw08,dw00;dw01;dw02;dw03;dw04;dw05;dw06;dw07;dw08,,75,1,2026-08-28T09:30:01.012+0200,dw03,021B,53,155,-47,-134,79,3.27,12268
ground-height-0m-20260825-163632,d002m_r180_run01.csv,0,2,180,dw00;dw01;dw02;dw03;dw04;dw05;dw06;dw07;dw08,dw00;dw01;dw02;dw03;dw04;dw05;dw06;dw07;dw08,,165,1,2026-08-28T09:30:01.023+0200,dw08,028E,193,166,162,71,150,3.57,22277
ground-height-0m-20260825-163632,d002m_r180_run01.csv,0,2,180,dw00;dw01;dw02;dw03;dw04;dw05;dw06;dw07;dw08,dw00;dw01;dw02;dw03;dw04;dw05;dw06;dw07;dw08,,90,1,2026-08-28T09:30:01.063+0200,dw04,0F85,227,165,-2,-95,134,1.99,62255
ground-height-0m-20260825-163632,d002m_r180_run01.csv,0,2,180,dw00;dw01;dw02;dw03;dw04;dw05;dw06;dw07;dw08,dw00;dw01;dw02;dw03;dw04;dw05;dw06;dw07;dw08,,105,1,2026-08-28T09:30:01.073+0200,dw05,4B92,133,161,44,-47,154,2.20,72235
ground-height-0m-20260825-163632,d002m_r180_run01.csv,0,2,180,dw00;dw01;dw02;dw03;dw04;dw05;dw06;dw07;dw08,dw00;dw01;dw02;dw03;dw04;dw05;dw06;dw07;dw08,,125,1,2026-08-28T09:30:01.083+0200,dw06,0789,250,158,99,6,157,1.69,82305
ground-height-0m-20260825-163632,d002m_r180_run01.csv,0,2,180,dw00;dw01;dw02;dw03;dw04;dw05;dw06;dw07;dw08,dw00;dw01;dw02;dw03;dw04;dw05;dw06;dw07;dw08,,15,1,2026-08-28T09:30:01.133+0200,dw00,8103,221,176,-153,123,125,3.57,32318
ground-height-0m-20260825-163632,d002m_r180_run01.csv,0,2,180,dw00;dw01;dw02;dw03;dw04;dw05;dw06;dw07;dw08,dw00;dw01;dw02;dw03;dw04;dw05;dw06;dw07;dw08,,35,1,2026-08-28T09:30:01.143+0200,dw01,1729,63,166,-140,130,104,3.01,42297
ground-height-0m-20260825-163632,d002m_r180_run01.csv,0,2,180,dw00;dw01;dw02;dw03;dw04;dw05;dw06;dw07;dw08,dw00;dw01;dw02;dw03;dw04;dw05;dw06;dw07;dw08,,55,1,2026-08-28T09:30:01.153+0200,dw02,8FB0,44,158,-94,158,0,3.09,52337
ground-height-0m-20260825-163632,d002m_r180_run01.csv,0,2,180,dw00;dw01;dw02;dw03;dw04;dw05;dw06;dw07;dw08,dw00;dw01;dw02;dw03;dw04;dw05;dw06;dw07;dw08,,145,1,2026-08-28T09:30:01.193+0200,dw07,5783,236,163,136,44,157,2.95,2147483
ground-height-0m-20260825-163632,d002m_r180_run01.csv,0,2,180,dw00;dw01;dw02;dw03;dw04;dw05;dw06;dw07;dw08,dw00;dw01;dw02;dw03;dw04;dw05;dw06;dw07;dw08,,75,1,2026-08-28T09:30:01.213+0200,dw03,021B,54,155,-43,-130,84,3.33,12268
ground-height-0m-20260825-163632,d002m_r180_run01.csv,0,2,180,dw00;dw01;dw02;dw03;dw04;dw05;dw06;dw07;dw08,dw00;dw01;dw02;dw03;dw04;dw05;dw06;dw07;dw08,,165,1,2026-08-28T09:30:01.222+0200,dw08,028E,194,165,163,72,148,3.45,22277
ground-height-0m-20260825-163632,d002m_r180_run01.csv,0,2,180,dw00;dw01;dw02;dw03;dw04;dw05;dw06;dw07;dw08,dw00;dw01;dw02;dw03;dw04;dw05;dw06;dw07;dw08,,90,1,2026-08-28T09:30:01.262+0200,dw04,0F85,228,161,-2,-94,131,1.99,62316
ground-height-0m-20260825-163632,d002m_r180_run01.csv,0,2,180,dw00;dw01;dw02;dw03;dw04;dw05;dw06;dw07;dw08,dw00;dw01;dw02;dw03;dw04;dw05;dw06;dw07;dw08,,105,1,2026-08-28T09:30:01.273+0200,dw05,4B92,134,166,51,-42,161,2.26,72265
ground-height-0m-20260825-163632,d002m_r180_run01.csv,0,2,180,dw00;dw01;dw02;dw03;dw04;dw05;dw06;dw07;dw08,dw00;dw01;dw02;dw03;dw04;dw05;dw06;dw07;dw08,,125,1,2026-08-28T09:30:01.283+0200,dw06,0789,251,156,105,13,155,1.93,82305
ground-height-0m-20260825-163632,d002m_r180_run01.csv,0,2,180,dw00;dw01;dw02;dw03;dw04;dw05;dw06;dw07;dw08,dw00;dw01;dw02;dw03;dw04;dw05;dw06;dw07;dw08,,15,1,2026-08-28T09:30:01.333+0200,dw00,8103,222,181,-153,127,129,3.63,32257
ground-height-0m-20260825-163632,d002m_r180_run01.csv,0,2,180,dw00;dw01;dw02;dw03;dw04;dw05;dw06;dw07;dw08,dw00;dw01;dw02;dw03;dw04;dw05;dw06;dw07;dw08,,35,1,2026-08-28T09:30:01.342+0200,dw01,1729,64,166,-133,136,94,2.83,42327
ground-height-0m-20260825-163632,d002m_r180_run01.csv,0,2,180,dw00;dw01;dw02;dw03;dw04;dw05;dw06;dw07;dw08,dw00;dw01;dw02;dw03;dw04;dw05;dw06;dw07;dw08,,55,1,2026-08-28T09:30:01.353+0200,dw02,8FB0,45,159,-104,159,0,3.09,52368
ground-height-0m-20260825-163632,d002m_r180_run01.csv,0,2,180,dw00;dw01;dw02;dw03;dw04;dw05;dw06;dw07;dw08,dw00;dw01;dw02;dw03;dw04;dw05;dw06;dw07;dw08,,145,1,2026-08-28T09:30:01.392+0200,dw07,5783,237,164,138,46,157,2.89,2147483
ground-height-0m-20260825-163632,d002m_r180_run01.csv,0,2,180,dw00;dw01;dw02;dw03;dw04;dw05;dw06;dw07;dw08,dw00;dw01;dw02;dw03;dw04;dw05;dw06;dw07;dw08,,75,1,2026-08-28T09:30:01.413+0200,dw03,021B,55,153,-38,-123,90,3.27,12268
ground-height-0m-20260825-163632,d002m_r180_run01.csv,0,2,180,dw00;dw01;dw02;dw03;dw04;dw05;dw06;dw07;dw08,dw00;dw01;dw02;dw03;dw04;dw05;dw06;dw07;dw08,,165,1,2026-08-28T09:30:01.423+0200,dw08,028E,195,168,163,74,150,3.45,22308
ground-height-0m-20260825-163632,d002m_r180_run01.csv,0,2,180,dw00;dw01;dw02;dw03;dw04;dw05;dw06;dw07;dw08,dw00;dw01;dw02;dw03;dw04;dw05;dw06;dw07;dw08,,90,1,2026-08-28T09:30:01.463+0200,dw04,0F85,229,165,-2,-96,134,1.93,62286
ground-height-0m-20260825-163632,d002m_r180_run01.csv,0,2,180,dw00;dw01;dw02;dw03;dw04;dw05;dw06;dw07;dw08,dw00;dw01;dw02;dw03;dw04;dw05;dw06;dw07;dw08,,105,1,2026-08-28T09:30:01.472+0200,dw05,4B92,135,162,50,-41,157,2.20,72265
ground-height-0m-20260825-163632,d002m_r180_run01.csv,0,2,180,dw00;dw01;dw02;dw03;dw04;dw05;dw06;dw07;dw08,dw00;dw01;dw02;dw03;dw04;dw05;dw06;dw07;dw08,,125,1,2026-08-28T09:30:01.483+0200,dw06,0789,252,160,104,12,160,1.87,82305
ground-height-0m-20260825-163632,d002m_r180_run01.csv,0,2,180,dw00;dw01;dw02;dw03;dw04;dw05;dw06;dw07;dw08,dw00;dw01;dw02;dw03;dw04;dw05;dw06;dw07;dw08,,15,1,2026-08-28T09:30:01.533+0200,dw00,8103,223,180,-151,128,126,3.45,32257
ground-height-0m-20260825-163632,d002m_r180_run01.csv,0,2,180,dw00;dw01;dw02;dw03;dw04;dw05;dw06;dw07;dw08,dw00;dw01;dw02;dw03;dw04;dw05;dw06;dw07;dw08,,35,1,2026-08-28T09:30:01.543+0200,dw01,1729,65,164,-139,129,101,3.01,42327
ground-height-0m-20260825-163632,d002m_r180_run01.csv,0,2,180,dw00;dw01;dw02;dw03;dw04;dw05;dw06;dw07;dw08,dw00;dw01;dw02;dw03;dw04;dw05;dw06;dw07;dw08,,55,1,2026-08-28T09:30:01.552+0200,dw02,8FB0,46,163,-101,163,0,3.15,52368
ground-height-0m-20260825-163632,d002m_r180_run01.csv,0,2,180,dw00;dw01;dw02;dw03;dw04;dw05;dw06;dw07;dw08,dw00;dw01;dw02;dw03;dw04;dw05;dw06;dw07;dw08,,145,1,2026-08-28T09:30:01.592+0200,dw07,5783,238,162,139,47,155,2.89,2147483
ground-height-0m-20260825-163632,d002m_r180_run01.csv,0,2,180,dw00;dw01;dw02;dw03;dw04;dw05;dw06;dw07;dw08,dw00;dw01;dw02;dw03;dw04;dw05;dw06;dw07;dw08,,75,1,2026-08-28T09:30:01.613+0200,dw03,021B,56,157,-39,-128,91,3.15,12268
ground-height-0m-20260825-163632,d002m_r180_run01.csv,0,2,180,dw00;dw01;dw02;dw03;dw04;dw05;dw06;dw07;dw08,dw00;dw01;dw02;dw03;dw04;dw05;dw06;dw07;dw08,,165,1,2026-08-28T09:30:01.623+0200,dw08,028E,196,166,164,74,148,3.45,22247
ground-height-0m-20260825-163632,d002m_r180_run01.csv,0,2,180,dw00;dw01;dw02;dw03;dw04;dw05;dw06;dw07;dw08,dw00;dw01;dw02;dw03;dw04;dw05;dw06;dw07;dw08,,90,1,2026-08-28T09:30:01.663+0200,dw04,0F85,230,163,-3,-96,132,1.93,62286
ground-height-0m-20260825-163632,d002m_r180_run01.csv,0,2,180,dw00;dw01;dw02;dw03;dw04;dw05;dw06;dw07;dw08,dw00;dw01;dw02;dw03;dw04;dw05;dw06;dw07;dw08,,105,1,2026-08-28T09:30:01.672+0200,dw05,4B92,136,165,48,-43,159,2.20,72235
ground-height-0m-20260825-163632,d002m_r180_run01.csv,0,2,180,dw00;dw01;dw02;dw03;dw04;dw05;dw06;dw07;dw08,dw00;dw01;dw02;dw03;dw04;dw05;dw06;dw07;dw08,,125,1,2026-08-28T09:30:01.682+0200,dw06,0789,253,157,101,9,157,1.87,82305
ground-height-0m-20260825-163632,d002m_r180_run01.csv,0,2,180,dw00;dw01;dw02;dw03;dw04;dw05;dw06;dw07;dw08,dw00;dw01;dw02;dw03;dw04;dw05;dw06;dw07;dw08,,15,1,2026-08-28T09:30:01.732+0200,dw00,8103,224,176,-161,115,133,3.45,32226
ground-height-0m-20260825-163632,d002m_r180_run01.csv,0,2,180,dw00;dw01;dw02;dw03;dw04;dw05;dw06;dw07;dw08,dw00;dw01;dw02;dw03;dw04;dw05;dw06;dw07;dw08,,35,1,2026-08-28T09:30:01.743+0200,dw01,1729,66,165,-133,135,93,2.95,42297
ground-height-0m-20260825-163632,d002m_r180_run01.csv,0,2,180,dw00;dw01;dw02;dw03;dw04;dw05;dw06;dw07;dw08,dw00;dw01;dw02;dw03;dw04;dw05;dw06;dw07;dw08,,55,1,2026-08-28T09:30:01.753+0200,dw02,8FB0,47,162,-102,162,0,3.09,52368
ground-height-0m-20260825-163632,d002m_r180_run01.csv,0,2,180,dw00;dw01;dw02;dw03;dw04;dw05;dw06;dw07;dw08,dw00;dw01;dw02;dw03;dw04;dw05;dw06;dw07;dw08,,145,1,2026-08-28T09:30:01.793+0200,dw07,5783,239,163,141,49,155,3.01,2147483
ground-height-0m-20260825-163632,d002m_r180_run01.csv,0,2,180,dw00;dw01;dw02;dw03;dw04;dw05;dw06;dw07;dw08,dw00;dw01;dw02;dw03;dw04;dw05;dw06;dw07;dw08,,75,1,2026-08-28T09:30:01.812+0200,dw03,021B,57,156,-42,-130,86,3.21,12268
ground-height-0m-20260825-163632,d002m_r180_run01.csv,0,2,180,dw00;dw01;dw02;dw03;dw04;dw05;dw06;dw07;dw08,dw00;dw01;dw02;dw03;dw04;dw05;dw06;dw07;dw08,,165,1,2026-08-28T09:30:01.823+0200,dw08,028E,197,171,162,73,154,3.57,22308
ground-height-0m-20260825-163632,d002m_r180_run01.csv,0,2,180,dw00;dw01;dw02;dw03;dw04;dw05;dw06;dw07;dw08,dw00;dw01;dw02;dw03;dw04;dw05;dw06;dw07;dw08,,90,1,2026-08-28T09:30:01.863+0200,dw04,0F85,231,165,-2,-96,134,1.99,62255
ground-height-0m-20260825-163632,d002m_r180_run01.csv,0,2,180,dw00;dw01;dw02;dw03;dw04;dw05;dw06;dw07;dw08,dw00;dw01;dw02;dw03;dw04;dw05;dw06;dw07;dw08,,105,1,2026-08-28T09:30:01.873+0200,dw05,4B92,137,166,42,-50,158,2.20,72235
ground-height-0m-20260825-163632,d002m_r180_run01.csv,0,2,180,dw00;dw01;dw02;dw03;dw04;dw05;dw06;dw07;dw08,dw00;dw01;dw02;dw03;dw04;dw05;dw06;dw07;dw08,,125,1,2026-08-28T09:30:01.882+0200,dw06,0789,254,158,99,7,158,1.93,82305
ground-height-0m-20260825-163632,d002m_r180_run01.csv,0,2,180,dw00;dw01;dw02;dw03;dw04;dw05;dw06;dw07;dw08,dw00;dw01;dw02;dw03;dw04;dw05;dw06;dw07;dw08,,15,1,2026-08-28T09:30:01.932+0200,dw00,8103,225,173,-155,119,126,3.63,32287
ground-height-0m-20260825-163632,d002m_r180_run01.csv,0,2,180,dw00;dw01;dw02;dw03;dw04;dw05;dw06;dw07;dw08,dw00;dw01;dw02;dw03;dw04;dw05;dw06;dw07;dw08,,35,1,2026-08-28T09:30:01.943+0200,dw01,1729,67,164,-137,131,98,3.01,42327
ground-height-0m-20260825-163632,d002m_r180_run01.csv,0,2,180,dw00;dw01;dw02;dw03;dw04;dw05;dw06;dw07;dw08,dw00;dw01;dw02;dw03;dw04;dw05;dw06;dw07;dw08,,55,1,2026-08-28T09:30:01.953+0200,dw02,8FB0,48,158,-92,158,0,3.09,52368
ground-height-0m-20260825-163632,d002m_r180_run01.csv,0,2,180,dw00;dw01;dw02;dw03;dw04;dw05;dw06;dw07;dw08,dw00;dw01;dw02;dw03;dw04;dw05;dw06;dw07;dw08,,145,1,2026-08-28T09:30:01.993+0200,dw07,5783,240,163,138,46,156,2.95,2147483
ground-height-0m-20260825-163632,d002m_r180_run01.csv,0,2,180,dw00;dw01;dw02;dw03;dw04;dw05;dw06;dw07;dw08,dw00;dw01;dw02;dw03;dw04;dw05;dw06;dw07;dw08,,75,1,2026-08-28T09:30:02.012+0200,dw03,021B,58,154,-39,-126,89,3.27,12298
ground-height-0m-20260825-163632,d002m_r180_run01.csv,0,2,180,dw00;dw01;dw02;dw03;dw04;dw05;dw06;dw07;dw08,dw00;dw01;dw02;dw03;dw04;dw05;dw06;dw07;dw08,,165,1,2026-08-28T09:30:02.022+0200,dw08,028E,198,169,170,81,148,3.57,22277
ground-height-0m-20260825-163632,d002m_r180_run01.csv,0,2,180,dw00;dw01;dw02;dw03;dw04;dw05;dw06;dw07;dw08,dw00;dw01;dw02;dw03;dw04;dw05;dw06;dw07;dw08,,90,1,2026-08-28T09:30:02.062+0200,dw04,0F85,232,164,0,-93,134,2.02,62286
ground-height-0m-20260825-163632,d002m_r180_run01.csv,0,2,180,dw00;dw01;dw02;dw03;dw04;dw05;dw06;dw07;dw08,dw00;dw01;dw02;dw03;dw04;dw05;dw06;dw07;dw08,,105,1,2026-08-28T09:30:02.073+0200,dw05,4B92,138,166,48,-44,160,2.26,72235
ground-height-0m-20260825-163632,d002m_r180_run01.csv,0,2,180,dw00;dw01;dw02;dw03;dw04;dw05;dw06;dw07;dw08,dw00;dw01;dw02;dw03;dw04;dw05;dw06;dw07;dw08,,125,1,2026-08-28T09:30:02.083+0200,dw06,0789,255,164,113,21,162,1.81,82305
ground-height-0m-20260825-163632,d002m_r180_run01.csv,0,2,180,dw00;dw01;dw02;dw03;dw04;dw05;dw06;dw07;dw08,dw00;dw01;dw02;dw03;dw04;dw05;dw06;dw07;dw08,,15,1,2026-08-28T09:30:02.132+0200,dw00,8103,226,176,-153,123,126,3.63,32257
ground-height-0m-20260825-163632,d002m_r180_run01.csv,0,2,180,dw00;dw01;dw02;dw03;dw04;dw05;dw06;dw07;dw08,dw00;dw01;dw02;dw03;dw04;dw05;dw06;dw07;dw08,,35,1,2026-08-28T09:30:02.142+0200,dw01,1729,68,163,-136,131,97,3.06,42327
ground-height-0m-20260825-163632,d002m_r180_run01.csv,0,2,180,dw00;dw01;dw02;dw03;dw04;dw05;dw06;dw07;dw08,dw00;dw01;dw02;dw03;dw04;dw05;dw06;dw07;dw08,,55,1,2026-08-28T09:30:02.153+0200,dw02,8FB0,49,162,-96,162,0,3.06,52368
ground-height-0m-20260825-163632,d002m_r180_run01.csv,0,2,180,dw00;dw01;dw02;dw03;dw04;dw05;dw06;dw07;dw08,dw00;dw01;dw02;dw03;dw04;dw05;dw06;dw07;dw08,,145,1,2026-08-28T09:30:02.193+0200,dw07,5783,241,161,132,40,156,2.95,2147483
ground-height-0m-20260825-163632,d002m_r180_run01.csv,0,2,180,dw00;dw01;dw02;dw03;dw04;dw05;dw06;dw07;dw08,dw00;dw01;dw02;dw03;dw04;dw05;dw06;dw07;dw08,,75,1,2026-08-28T09:30:02.212+0200,dw03,021B,59,156,-44,-132,83,3.21,12237
ground-height-0m-20260825-163632,d002m_r180_run01.csv,0,2,180,dw00;dw01;dw02;dw03;dw04;dw05;dw06;dw07;dw08,dw00;dw01;dw02;dw03;dw04;dw05;dw06;dw07;dw08,,165,1,2026-08-28T09:30:02.222+0200,dw08,028E,199,165,160,69,150,3.51,22277
ground-height-0m-20260825-163632,d002m_r180_run01.csv,0,2,180,dw00;dw01;dw02;dw03;dw04;dw05;dw06;dw07;dw08,dw00;dw01;dw02;dw03;dw04;dw05;dw06;dw07;dw08,,90,1,2026-08-28T09:30:02.262+0200,dw04,0F85,233,161,-2,-94,131,1.99,62286
ground-height-0m-20260825-163632,d002m_r180_run01.csv,0,2,180,dw00;dw01;dw02;dw03;dw04;dw05;dw06;dw07;dw08,dw00;dw01;dw02;dw03;dw04;dw05;dw06;dw07;dw08,,105,1,2026-08-28T09:30:02.272+0200,dw05,4B92,139,168,45,-47,161,2.20,72235
ground-height-0m-20260825-163632,d002m_r180_run01.csv,0,2,180,dw00;dw01;dw02;dw03;dw04;dw05;dw06;dw07;dw08,dw00;dw01;dw02;dw03;dw04;dw05;dw06;dw07;dw08,,125,1,2026-08-28T09:30:02.283+0200,dw06,0789,0,155,103,10,155,1.93,82336
ground-height-0m-20260825-163632,d002m_r180_run01.csv,0,2,180,dw00;dw01;dw02;dw03;dw04;dw05;dw06;dw07;dw08,dw00;dw01;dw02;dw03;dw04;dw05;dw06;dw07;dw08,,15,1,2026-08-28T09:30:02.333+0200,dw00,8103,227,175,-160,115,132,3.57,32257
ground-height-0m-20260825-163632,d002m_r180_run01.csv,0,2,180,dw00;dw01;dw02;dw03;dw04;dw05;dw06;dw07;dw08,dw00;dw01;dw02;dw03;dw04;dw05;dw06;dw07;dw08,,35,1,2026-08-28T09:30:02.342+0200,dw01,1729,69,168,-137,134,101,2.89,42297
ground-height-0m-20260825-163632,d002m_r180_run01.csv,0,2,180,dw00;dw01;dw02;dw03;dw04;dw05;dw06;dw07;dw08,dw00;dw01;dw02;dw03;dw04;dw05;dw06;dw07;dw08,,55,1,2026-08-28T09:30:02.352+0200,dw02,8FB0,50,160,-98,160,0,3.15,52337
ground-height-0m-20260825-163632,d002m_r180_run01.csv,0,2,180,dw00;dw01;dw02;dw03;dw04;dw05;dw06;dw07;dw08,dw00;dw01;dw02;dw03;dw04;dw05;dw06;dw07;dw08,,145,1,2026-08-28T09:30:02.392+0200,dw07,5783,242,164,136,45,157,2.89,2147483
ground-height-0m-20260825-163632,d002m_r180_run01.csv,0,2,180,dw00;dw01;dw02;dw03;dw04;dw05;dw06;dw07;dw08,dw00;dw01;dw02;dw03;dw04;dw05;dw06;dw07;dw08,,75,1,2026-08-28T09:30:02.413+0200,dw03,021B,60,157,-40,-129,89,3.27,12298
ground-height-0m-20260825-163632,d002m_r180_run01.csv,0,2,180,dw00;dw01;dw02;dw03;dw04;dw05;dw06;dw07;dw08,dw00;dw01;dw02;dw03;dw04;dw05;dw06;dw07;dw08,,165,1,2026-08-28T09:30:02.422+0200,dw08,028E,200,166,165,75,148,3.45,22277
ground-height-0m-20260825-163632,d002m_r180_run01.csv,0,2,180,dw00;dw01;dw02;dw03;dw04;dw05;dw06;dw07;dw08,dw00;dw01;dw02;dw03;dw04;dw05;dw06;dw07;dw08,,90,1,2026-08-28T09:30:02.462+0200,dw04,0F85,234,161,-3,-95,130,1.99,62286
ground-height-0m-20260825-163632,d002m_r180_run01.csv,0,2,180,dw00;dw01;dw02;dw03;dw04;dw05;dw06;dw07;dw08,dw00;dw01;dw02;dw03;dw04;dw05;dw06;dw07;dw08,,105,1,2026-08-28T09:30:02.472+0200,dw05,4B92,140,163,53,-38,158,2.20,72235
ground-height-0m-20260825-163632,d002m_r180_run01.csv,0,2,180,dw00;dw01;dw02;dw03;dw04;dw05;dw06;dw07;dw08,dw00;dw01;dw02;dw03;dw04;dw05;dw06;dw07;dw08,,125,1,2026-08-28T09:30:02.482+0200,dw06,0789,1,160,102,10,160,1.81,82305
ground-height-0m-20260825-163632,d002m_r180_run01.csv,0,2,180,dw00;dw01;dw02;dw03;dw04;dw05;dw06;dw07;dw08,dw00;dw01;dw02;dw03;dw04;dw05;dw06;dw07;dw08,,15,1,2026-08-28T09:30:02.533+0200,dw00,8103,228,178,-157,121,131,3.45,32257
ground-height-0m-20260825-163632,d002m_r180_run01.csv,0,2,180,dw00;dw01;dw02;dw03;dw04;dw05;dw06;dw07;dw08,dw00;dw01;dw02;dw03;dw04;dw05;dw06;dw07;dw08,,35,1,2026-08-28T09:30:02.543+0200,dw01,1729,70,162,-136,131,95,3.06,42358
ground-height-0m-20260825-163632,d002m_r180_run01.csv,0,2,180,dw00;dw01;dw02;dw03;dw04;dw05;dw06;dw07;dw08,dw00;dw01;dw02;dw03;dw04;dw05;dw06;dw07;dw08,,55,1,2026-08-28T09:30:02.552+0200,dw02,8FB0,51,166,-99,166,0,3.06,52337
ground-height-0m-20260825-163632,d002m_r180_run01.csv,0,2,180,dw00;dw01;dw02;dw03;dw04;dw05;dw06;dw07;dw08,dw00;dw01;dw02;dw03;dw04;dw05;dw06;dw07;dw08,,145,1,2026-08-28T09:30:02.592+0200,dw07,5783,243,165,137,45,159,2.89,2147483
ground-height-0m-20260825-163632,d002m_r180_run01.csv,0,2,180,dw00;dw01;dw02;dw03;dw04;dw05;dw06;dw07;dw08,dw00;dw01;dw02;dw03;dw04;dw05;dw06;dw07;dw08,,75,1,2026-08-28T09:30:02.612+0200,dw03,021B,61,156,-45,-132,82,3.21,12268
ground-height-0m-20260825-163632,d002m_r180_run01.csv,0,2,180,dw00;dw01;dw02;dw03;dw04;dw05;dw06;dw07;dw08,dw00;dw01;dw02;dw03;dw04;dw05;dw06;dw07;dw08,,165,1,2026-08-28T09:30:02.623+0200,dw08,028E,201,166,167,77,147,3.45,22277
ground-height-0m-20260825-163632,d002m_r180_run01.csv,0,2,180,dw00;dw01;dw02;dw03;dw04;dw05;dw06;dw07;dw08,dw00;dw01;dw02;dw03;dw04;dw05;dw06;dw07;dw08,,90,1,2026-08-28T09:30:02.663+0200,dw04,0F85,235,163,-1,-93,133,2.02,62255
ground-height-0m-20260825-163632,d002m_r180_run01.csv,0,2,180,dw00;dw01;dw02;dw03;dw04;dw05;dw06;dw07;dw08,dw00;dw01;dw02;dw03;dw04;dw05;dw06;dw07;dw08,,105,1,2026-08-28T09:30:02.672+0200,dw05,4B92,141,166,48,-44,159,2.20,72265
ground-height-0m-20260825-163632,d002m_r180_run01.csv,0,2,180,dw00;dw01;dw02;dw03;dw04;dw05;dw06;dw07;dw08,dw00;dw01;dw02;dw03;dw04;dw05;dw06;dw07;dw08,,125,1,2026-08-28T09:30:02.682+0200,dw06,0789,2,156,105,12,156,1.81,82275
ground-height-0m-20260825-163632,d002m_r180_run01.csv,0,2,180,dw00;dw01;dw02;dw03;dw04;dw05;dw06;dw07;dw08,dw00;dw01;dw02;dw03;dw04;dw05;dw06;dw07;dw08,,15,1,2026-08-28T09:30:02.732+0200,dw00,8103,229,174,-158,117,128,3.51,32287
ground-height-0m-20260825-163632,d002m_r180_run01.csv,0,2,180,dw00;dw01;dw02;dw03;dw04;dw05;dw06;dw07;dw08,dw00;dw01;dw02;dw03;dw04;dw05;dw06;dw07;dw08,,35,1,2026-08-28T09:30:02.743+0200,dw01,1729,71,166,-140,130,104,3.01,42266
ground-height-0m-20260825-163632,d002m_r180_run01.csv,0,2,180,dw00;dw01;dw02;dw03;dw04;dw05;dw06;dw07;dw08,dw00;dw01;dw02;dw03;dw04;dw05;dw06;dw07;dw08,,55,1,2026-08-28T09:30:02.752+0200,dw02,8FB0,52,160,-101,160,0,3.09,52398
ground-height-0m-20260825-163632,d002m_r180_run01.csv,0,2,180,dw00;dw01;dw02;dw03;dw04;dw05;dw06;dw07;dw08,dw00;dw01;dw02;dw03;dw04;dw05;dw06;dw07;dw08,,145,1,2026-08-28T09:30:02.793+0200,dw07,5783,244,162,136,44,156,2.95,2147483
ground-height-0m-20260825-163632,d002m_r180_run01.csv,0,2,180,dw00;dw01;dw02;dw03;dw04;dw05;dw06;dw07;dw08,dw00;dw01;dw02;dw03;dw04;dw05;dw06;dw07;dw08,,75,1,2026-08-28T09:30:02.812+0200,dw03,021B,62,157,-44,-133,84,3.27,12268
ground-height-0m-20260825-163632,d002m_r180_run01.csv,0,2,180,dw00;dw01;dw02;dw03;dw04;dw05;dw06;dw07;dw08,dw00;dw01;dw02;dw03;dw04;dw05;dw06;dw07;dw08,,165,1,2026-08-28T09:30:02.822+0200,dw08,028E,202,171,160,71,155,3.45,22277
ground-height-0m-20260825-163632,d002m_r180_run01.csv,0,2,180,dw00;dw01;dw02;dw03;dw04;dw05;dw06;dw07;dw08,dw00;dw01;dw02;dw03;dw04;dw05;dw06;dw07;dw08,,90,1,2026-08-28T09:30:02.862+0200,dw04,0F85,236,162,-2,-94,132,2.02,62286
ground-height-0m-20260825-163632,d002m_r180_run01.csv,0,2,180,dw00;dw01;dw02;dw03;dw04;dw05;dw06;dw07;dw08,dw00;dw01;dw02;dw03;dw04;dw05;dw06;dw07;dw08,,105,1,2026-08-28T09:30:02.873+0200,dw05,4B92,142,166,46,-47,160,2.26,72265
ground-height-0m-20260825-163632,d002m_r180_run01.csv,0,2,180,dw00;dw01;dw02;dw03;dw04;dw05;dw06;dw07;dw08,dw00;dw01;dw02;dw03;dw04;dw05;dw06;dw07;dw08,,125,1,2026-08-28T09:30:02.882+0200,dw06,0789,3,158,116,23,157,1.75,82305
ground-height-0m-20260825-163632,d002m_r180_run01.csv,0,2,180,dw00;dw01;dw02;dw03;dw04;dw05;dw06;dw07;dw08,dw00;dw01;dw02;dw03;dw04;dw05;dw06;dw07;dw08,,15,1,2026-08-28T09:30:02.932+0200,dw00,8103,230,179,-151,128,125,3.57,32257
ground-height-0m-20260825-163632,d002m_r180_run01.csv,0,2,180,dw00;dw01;dw02;dw03;dw04;dw05;dw06;dw07;dw08,dw00;dw01;dw02;dw03;dw04;dw05;dw06;dw07;dw08,,35,1,2026-08-28T09:30:02.942+0200,dw01,1729,72,166,-132,137,92,2.83,42358
ground-height-0m-20260825-163632,d002m_r180_run01.csv,0,2,180,dw00;dw01;dw02;dw03;dw04;dw05;dw06;dw07;dw08,dw00;dw01;dw02;dw03;dw04;dw05;dw06;dw07;dw08,,55,1,2026-08-28T09:30:02.952+0200,dw02,8FB0,53,163,-99,163,0,3.15,52276
ground-height-0m-20260825-163632,d002m_r180_run01.csv,0,2,180,dw00;dw01;dw02;dw03;dw04;dw05;dw06;dw07;dw08,dw00;dw01;dw02;dw03;dw04;dw05;dw06;dw07;dw08,,145,1,2026-08-28T09:30:02.992+0200,dw07,5783,245,162,138,46,156,2.95,2147483
ground-height-0m-20260825-163632,d002m_r180_run01.csv,0,2,180,dw00;dw01;dw02;dw03;dw04;dw05;dw06;dw07;dw08,dw00;dw01;dw02;dw03;dw04;dw05;dw06;dw07;dw08,,75,1,2026-08-28T09:30:03.012+0200,dw03,021B,63,156,-40,-128,89,3.21,12268
ground-height-0m-20260825-163632,d002m_r180_run01.csv,0,2,180,dw00;dw01;dw02;dw03;dw04;dw05;dw06;dw07;dw08,dw00;dw01;dw02;dw03;dw04;dw05;dw06;dw07;dw08,,165,1,2026-08-28T09:30:03.022+0200,dw08,028E,203,166,168,78,147,3.51,22308
ground-height-0m-20260825-163632,d002m_r180_run01.csv,0,2,180,dw00;dw01;dw02;dw03;dw04;dw05;dw06;dw07;dw08,dw00;dw01;dw02;dw03;dw04;dw05;dw06;dw07;dw08,,90,1,2026-08-28T09:30:03.062+0200,dw04,0F85,237,166,0,-95,136,2.02,62286
ground-height-0m-20260825-163632,d002m_r180_run01.csv,0,2,180,dw00;dw01;dw02;dw03;dw04;dw05;dw06;dw07;dw08,dw00;dw01;dw02;dw03;dw04;dw05;dw06;dw07;dw08,,105,1,2026-08-28T09:30:03.072+0200,dw05,4B92,143,166,51,-41,161,2.26,72235
ground-height-0m-20260825-163632,d002m_r180_run01.csv,0,2,180,dw00;dw01;dw02;dw03;dw04;dw05;dw06;dw07;dw08,dw00;dw01;dw02;dw03;dw04;dw05;dw06;dw07;dw08,,125,1,2026-08-28T09:30:03.082+0200,dw06,0789,4,158,104,12,158,1.75,82336
ground-height-0m-20260825-163632,d002m_r180_run01.csv,0,2,180,dw00;dw01;dw02;dw03;dw04;dw05;dw06;dw07;dw08,dw00;dw01;dw02;dw03;dw04;dw05;dw06;dw07;dw08,,15,1,2026-08-28T09:30:03.132+0200,dw00,8103,231,177,-157,120,130,3.57,32226
ground-height-0m-20260825-163632,d002m_r180_run01.csv,0,2,180,dw00;dw01;dw02;dw03;dw04;dw05;dw06;dw07;dw08,dw00;dw01;dw02;dw03;dw04;dw05;dw06;dw07;dw08,,35,1,2026-08-28T09:30:03.142+0200,dw01,1729,73,166,-135,135,98,3.01,42327
ground-height-0m-20260825-163632,d002m_r180_run01.csv,0,2,180,dw00;dw01;dw02;dw03;dw04;dw05;dw06;dw07;dw08,dw00;dw01;dw02;dw03;dw04;dw05;dw06;dw07;dw08,,55,1,2026-08-28T09:30:03.152+0200,dw02,8FB0,54,166,-101,166,0,3.06,52398
ground-height-0m-20260825-163632,d002m_r180_run01.csv,0,2,180,dw00;dw01;dw02;dw03;dw04;dw05;dw06;dw07;dw08,dw00;dw01;dw02;dw03;dw04;dw05;dw06;dw07;dw08,,145,1,2026-08-28T09:30:03.192+0200,dw07,5783,246,164,134,43,158,3.01,2147483
ground-height-0m-20260825-163632,d002m_r180_run01.csv,0,2,180,dw00;dw01;dw02;dw03;dw04;dw05;dw06;dw07;dw08,dw00;dw01;dw02;dw03;dw04;dw05;dw06;dw07;dw08,,75,1,2026-08-28T09:30:03.212+0200,dw03,021B,64,155,-44,-130,83,3.33,12268
ground-height-0m-20260825-163632,d002m_r180_run01.csv,0,2,180,dw00;dw01;dw02;dw03;dw04;dw05;dw06;dw07;dw08,dw00;dw01;dw02;dw03;dw04;dw05;dw06;dw07;dw08,,165,1,2026-08-28T09:30:03.222+0200,dw08,028E,204,167,165,75,149,3.57,22247
ground-height-0m-20260825-163632,d002m_r180_run01.csv,0,2,180,dw00;dw01;dw02;dw03;dw04;dw05;dw06;dw07;dw08,dw00;dw01;dw02;dw03;dw04;dw05;dw06;dw07;dw08,,90,1,2026-08-28T09:30:03.262+0200,dw04,0F85,238,164,-1,-94,133,1.93,62286
ground-height-0m-20260825-163632,d002m_r180_run01.csv,0,2,180,dw00;dw01;dw02;dw03;dw04;dw05;dw06;dw07;dw08,dw00;dw01;dw02;dw03;dw04;dw05;dw06;dw07;dw08,,105,1,2026-08-28T09:30:03.272+0200,dw05,4B92,144,168,49,-44,162,2.20,72235
ground-height-0m-20260825-163632,d002m_r180_run01.csv,0,2,180,dw00;dw01;dw02;dw03;dw04;dw05;dw06;dw07;dw08,dw00;dw01;dw02;dw03;dw04;dw05;dw06;dw07;dw08,,125,1,2026-08-28T09:30:03.282+0200,dw06,0789,5,161,98,6,161,1.87,82305
ground-height-0m-20260825-163632,d002m_r180_run01.csv,0,2,180,dw00;dw01;dw02;dw03;dw04;dw05;dw06;dw07;dw08,dw00;dw01;dw02;dw03;dw04;dw05;dw06;dw07;dw08,,15,1,2026-08-28T09:30:03.333+0200,dw00,8103,232,176,-164,111,136,3.69,32287
ground-height-0m-20260825-163632,d002m_r180_run01.csv,0,2,180,dw00;dw01;dw02;dw03;dw04;dw05;dw06;dw07;dw08,dw00;dw01;dw02;dw03;dw04;dw05;dw06;dw07;dw08,,35,1,2026-08-28T09:30:03.342+0200,dw01,1729,74,165,-139,129,102,3.01,42327
ground-height-0m-20260825-163632,d002m_r180_run01.csv,0,2,180,dw00;dw01;dw02;dw03;dw04;dw05;dw06;dw07;dw08,dw00;dw01;dw02;dw03;dw04;dw05;dw06;dw07;dw08,,55,1,2026-08-28T09:30:03.352+0200,dw02,8FB0,55,163,-98,163,0,3.15,52337
ground-height-0m-20260825-163632,d002m_r180_run01.csv,0,2,180,dw00;dw01;dw02;dw03;dw04;dw05;dw06;dw07;dw08,dw00;dw01;dw02;dw03;dw04;dw05;dw06;dw07;dw08,,145,1,2026-08-28T09:30:03.392+0200,dw07,5783,247,163,137,45,156,3.01,2147483
ground-height-0m-20260825-163632,d002m_r180_run01.csv,0,2,180,dw00;dw01;dw02;dw03;dw04;dw05;dw06;dw07;dw08,dw00;dw01;dw02;dw03;dw04;dw05;dw06;dw07;dw08,,75,1,2026-08-28T09:30:03.412+0200,dw03,021B,65,157,-47,-135,79,3.27,12268
ground-height-0m-20260825-163632,d002m_r180_run01.csv,0,2,180,dw00;dw01;dw02;dw03;dw04;dw05;dw06;dw07;dw08,dw00;dw01;dw02;dw03;dw04;dw05;dw06;dw07;dw08,,165,1,2026-08-28T09:30:03.422+0200,dw08,028E,205,169,170,81,148,3.45,22308
ground-height-0m-20260825-163632,d002m_r180_run01.csv,0,2,180,dw00;dw01;dw02;dw03;dw04;dw05;dw06;dw07;dw08,dw00;dw01;dw02;dw03;dw04;dw05;dw06;dw07;dw08,,90,1,2026-08-28T09:30:03.462+0200,dw04,0F85,239,165,1,-92,136,1.99,62255
ground-height-0m-20260825-163632,d002m_r180_run01.csv,0,2,180,dw00;dw01;dw02;dw03;dw04;dw05;dw06;dw07;dw08,dw00;dw01;dw02;dw03;dw04;dw05;dw06;dw07;dw08,,105,1,2026-08-28T09:30:03.472+0200,dw05,4B92,145,165,50,-42,159,2.20,72296
ground-height-0m-20260825-163632,d002m_r180_run01.csv,0,2,180,dw00;dw01;dw02;dw03;dw04;dw05;dw06;dw07;dw08,dw00;dw01;dw02;dw03;dw04;dw05;dw06;dw07;dw08,,125,1,2026-08-28T09:30:03.482+0200,dw06,0789,6,158,104,12,158,1.87,82305
ground-height-0m-20260825-163632,d002m_r180_run01.csv,0,2,180,dw00;dw01;dw02;dw03;dw04;dw05;dw06;dw07;dw08,dw00;dw01;dw02;dw03;dw04;dw05;dw06;dw07;dw08,,15,1,2026-08-28T09:30:03.532+0200,dw00,8103,233,176,-154,122,126,3.57,32257
ground-height-0m-20260825-163632,d002m_r180_run01.csv,0,2,180,dw00;dw01;dw02;dw03;dw04;dw05;dw06;dw07;dw08,dw00;dw01;dw02;dw03;dw04;dw05;dw06;dw07;dw08,,35,1,2026-08-28T09:30:03.542+0200,dw01,1729,75,166,-139,131,102,2.95,42327
ground-height-0m-20260825-163632,d002m_r180_run01.csv,0,2,180,dw00;dw01;dw02;dw03;dw04;dw05;dw06;dw07;dw08,dw00;dw01;dw02;dw03;dw04;dw05;dw06;dw07;dw08,,55,1,2026-08-28T09:30:03.552+0200,dw02,8FB0,56,165,-94,165,0,3.06,52368
ground-height-0m-20260825-163632,d002m_r180_run01.csv,0,2,180,dw00;dw01;dw02;dw03;dw04;dw05;dw06;dw07;dw08,dw00;dw01;dw02;dw03;dw04;dw05;dw06;dw07;dw08,,145,1,2026-08-28T09:30:03.592+0200,dw07,5783,248,163,132,40,158,2.95,2147483
ground-height-0m-20260825-163632,d002m_r180_run01.csv,0,2,180,dw00;dw01;dw02;dw03;dw04;dw05;dw06;dw07;dw08,dw00;dw01;dw02;dw03;dw04;dw05;dw06;dw07;dw08,,75,1,2026-08-28T09:30:03.612+0200,dw03,021B,66,152,-37,-121,91,3.33,12268
ground-height-0m-20260825-163632,d002m_r180_run01.csv,0,2,180,dw00;dw01;dw02;dw03;dw04;dw05;dw06;dw07;dw08,dw00;dw01;dw02;dw03;dw04;dw05;dw06;dw07;dw08,,165,1,2026-08-28T09:30:03.622+0200,dw08,028E,206,166,162,72,149,3.45,22277
ground-height-0m-20260825-163632,d002m_r180_run01.csv,0,2,180,dw00;dw01;dw02;dw03;dw04;dw05;dw06;dw07;dw08,dw00;dw01;dw02;dw03;dw04;dw05;dw06;dw07;dw08,,90,1,2026-08-28T09:30:03.662+0200,dw04,0F85,240,161,3,-88,135,1.93,62286
ground-height-0m-20260825-163632,d002m_r180_run01.csv,0,2,180,dw00;dw01;dw02;dw03;dw04;dw05;dw06;dw07;dw08,dw00;dw01;dw02;dw03;dw04;dw05;dw06;dw07;dw08,,105,1,2026-08-28T09:30:03.672+0200,dw05,4B92,146,168,52,-40,163,2.20,72235
ground-height-0m-20260825-163632,d002m_r180_run01.csv,0,2,180,dw00;dw01;dw02;dw03;dw04;dw05;dw06;dw07;dw08,dw00;dw01;dw02;dw03;dw04;dw05;dw06;dw07;dw08,,125,1,2026-08-28T09:30:03.682+0200,dw06,0789,7,158,91,0,158,1.87,82305
ground-height-0m-20260825-163632,d002m_r180_run01.csv,0,2,180,dw00;dw01;dw02;dw03;dw04;dw05;dw06;dw07;dw08,dw00;dw01;dw02;dw03;dw04;dw05;dw06;dw07;dw08,,15,1,2026-08-28T09:30:03.732+0200,dw00,8103,234,178,-160,117,133,3.63,32257
ground-height-0m-20260825-163632,d002m_r180_run01.csv,0,2,180,dw00;dw01;dw02;dw03;dw04;dw05;dw06;dw07;dw08,dw00;dw01;dw02;dw03;dw04;dw05;dw06;dw07;dw08,,35,1,2026-08-28T09:30:03.742+0200,dw01,1729,76,165,-134,135,94,3.01,42327
ground-height-0m-20260825-163632,d002m_r180_run01.csv,0,2,180,dw00;dw01;dw02;dw03;dw04;dw05;dw06;dw07;dw08,dw00;dw01;dw02;dw03;dw04;dw05;dw06;dw07;dw08,,55,1,2026-08-28T09:30:03.752+0200,dw02,8FB0,57,162,-101,162,0,3.06,52368
ground-height-0m-20260825-163632,d002m_r180_run01.csv,0,2,180,dw00;dw01;dw02;dw03;dw04;dw05;dw06;dw07;dw08,dw00;dw01;dw02;dw03;dw04;dw05;dw06;dw07;dw08,,145,1,2026-08-28T09:30:03.792+0200,dw07,5783,249,163,135,43,157,2.89,2147483
ground-height-0m-20260825-163632,d002m_r180_run01.csv,0,2,180,dw00;dw01;dw02;dw03;dw04;dw05;dw06;dw07;dw08,dw00;dw01;dw02;dw03;dw04;dw05;dw06;dw07;dw08,,75,1,2026-08-28T09:30:03.812+0200,dw03,021B,67,155,-41,-128,88,3.21,12268
ground-height-0m-20260825-163632,d002m_r180_run01.csv,0,2,180,dw00;dw01;dw02;dw03;dw04;dw05;dw06;dw07;dw08,dw00;dw01;dw02;dw03;dw04;dw05;dw06;dw07;dw08,,165,1,2026-08-28T09:30:03.822+0200,dw08,028E,207,168,164,74,150,3.39,22277
ground-height-0m-20260825-163632,d002m_r180_run01.csv,0,2,180,dw00;dw01;dw02;dw03;dw04;dw05;dw06;dw07;dw08,dw00;dw01;dw02;dw03;dw04;dw05;dw06;dw07;dw08,,90,1,2026-08-28T09:30:03.862+0200,dw04,0F85,241,165,-3,-97,133,1.93,62286
ground-height-0m-20260825-163632,d002m_r180_run01.csv,0,2,180,dw00;dw01;dw02;dw03;dw04;dw05;dw06;dw07;dw08,dw00;dw01;dw02;dw03;dw04;dw05;dw06;dw07;dw08,,105,1,2026-08-28T09:30:03.871+0200,dw05,4B92,147,165,45,-47,158,2.20,72265
ground-height-0m-20260825-163632,d002m_r180_run01.csv,0,2,180,dw00;dw01;dw02;dw03;dw04;dw05;dw06;dw07;dw08,dw00;dw01;dw02;dw03;dw04;dw05;dw06;dw07;dw08,,125,1,2026-08-28T09:30:03.882+0200,dw06,0789,8,163,107,15,162,1.81,82305
ground-height-0m-20260825-163632,d002m_r180_run01.csv,0,2,180,dw00;dw01;dw02;dw03;dw04;dw05;dw06;dw07;dw08,dw00;dw01;dw02;dw03;dw04;dw05;dw06;dw07;dw08,,15,1,2026-08-28T09:30:03.932+0200,dw00,8103,235,179,-156,122,130,3.57,32257
ground-height-0m-20260825-163632,d002m_r180_run01.csv,0,2,180,dw00;dw01;dw02;dw03;dw04;dw05;dw06;dw07;dw08,dw00;dw01;dw02;dw03;dw04;dw05;dw06;dw07;dw08,,35,1,2026-08-28T09:30:03.942+0200,dw01,1729,77,166,-140,129,103,2.95,42297
ground-height-0m-20260825-163632,d002m_r180_run01.csv,0,2,180,dw00;dw01;dw02;dw03;dw04;dw05;dw06;dw07;dw08,dw00;dw01;dw02;dw03;dw04;dw05;dw06;dw07;dw08,,55,1,2026-08-28T09:30:03.952+0200,dw02,8FB0,58,159,-98,159,0,3.09,52337
ground-height-0m-20260825-163632,d002m_r180_run01.csv,0,2,180,dw00;dw01;dw02;dw03;dw04;dw05;dw06;dw07;dw08,dw00;dw01;dw02;dw03;dw04;dw05;dw06;dw07;dw08,,145,1,2026-08-28T09:30:03.992+0200,dw07,5783,250,164,143,52,156,2.95,2147483
ground-height-0m-20260825-163632,d002m_r180_run01.csv,0,2,180,dw00;dw01;dw02;dw03;dw04;dw05;dw06;dw07;dw08,dw00;dw01;dw02;dw03;dw04;dw05;dw06;dw07;dw08,,75,1,2026-08-28T09:30:04.012+0200,dw03,021B,68,150,-42,-124,83,3.27,12268
ground-height-0m-20260825-163632,d002m_r180_run01.csv,0,2,180,dw00;dw01;dw02;dw03;dw04;dw05;dw06;dw07;dw08,dw00;dw01;dw02;dw03;dw04;dw05;dw06;dw07;dw08,,165,1,2026-08-28T09:30:04.022+0200,dw08,028E,208,166,168,78,146,3.45,22277
ground-height-0m-20260825-163632,d002m_r180_run01.csv,0,2,180,dw00;dw01;dw02;dw03;dw04;dw05;dw06;dw07;dw08,dw00;dw01;dw02;dw03;dw04;dw05;dw06;dw07;dw08,,90,1,2026-08-28T09:30:04.062+0200,dw04,0F85,242,163,-3,-96,132,2.02,62286
ground-height-0m-20260825-163632,d002m_r180_run01.csv,0,2,180,dw00;dw01;dw02;dw03;dw04;dw05;dw06;dw07;dw08,dw00;dw01;dw02;dw03;dw04;dw05;dw06;dw07;dw08,,105,1,2026-08-28T09:30:04.072+0200,dw05,4B92,148,166,47,-45,160,2.26,72235
ground-height-0m-20260825-163632,d002m_r180_run01.csv,0,2,180,dw00;dw01;dw02;dw03;dw04;dw05;dw06;dw07;dw08,dw00;dw01;dw02;dw03;dw04;dw05;dw06;dw07;dw08,,125,1,2026-08-28T09:30:04.081+0200,dw06,0789,9,158,102,10,158,1.81,82305
ground-height-0m-20260825-163632,d002m_r180_run01.csv,0,2,180,dw00;dw01;dw02;dw03;dw04;dw05;dw06;dw07;dw08,dw00;dw01;dw02;dw03;dw04;dw05;dw06;dw07;dw08,,15,1,2026-08-28T09:30:04.132+0200,dw00,8103,236,179,-157,121,131,3.57,32287
ground-height-0m-20260825-163632,d002m_r180_run01.csv,0,2,180,dw00;dw01;dw02;dw03;dw04;dw05;dw06;dw07;dw08,dw00;dw01;dw02;dw03;dw04;dw05;dw06;dw07;dw08,,35,1,2026-08-28T09:30:04.142+0200,dw01,1729,78,165,-138,131,100,3.06,42327
ground-height-0m-20260825-163632,d002m_r180_run01.csv,0,2,180,dw00;dw01;dw02;dw03;dw04;dw05;dw06;dw07;dw08,dw00;dw01;dw02;dw03;dw04;dw05;dw06;dw07;dw08,,55,1,2026-08-28T09:30:04.152+0200,dw02,8FB0,59,166,-100,166,0,3.06,52368
ground-height-0m-20260825-163632,d002m_r180_run01.csv,0,2,180,dw00;dw01;dw02;dw03;dw04;dw05;dw06;dw07;dw08,dw00;dw01;dw02;dw03;dw04;dw05;dw06;dw07;dw08,,145,1,2026-08-28T09:30:04.192+0200,dw07,5783,251,163,139,47,156,3.06,2147483
ground-height-0m-20260825-163632,d002m_r180_run01.csv,0,2,180,dw00;dw01;dw02;dw03;dw04;dw05;dw06;dw07;dw08,dw00;dw01;dw02;dw03;dw04;dw05;dw06;dw07;dw08,,75,1,2026-08-28T09:30:04.211+0200,dw03,021B,69,156,-43,-130,85,3.27,12298
ground-height-0m-20260825-163632,d002m_r180_run01.csv,0,2,180,dw00;dw01;dw02;dw03;dw04;dw05;dw06;dw07;dw08,dw00;dw01;dw02;dw03;dw04;dw05;dw06;dw07;dw08,,165,1,2026-08-28T09:30:04.222+0200,dw08,028E,209,166,158,68,151,3.69,22277
ground-height-0m-20260825-163632,d002m_r180_run01.csv,0,2,180,dw00;dw01;dw02;dw03;dw04;dw05;dw06;dw07;dw08,dw00;dw01;dw02;dw03;dw04;dw05;dw06;dw07;dw08,,90,1,2026-08-28T09:30:04.262+0200,dw04,0F85,243,161,-3,-95,130,1.93,62286
ground-height-0m-20260825-163632,d002m_r180_run01.csv,0,2,180,dw00;dw01;dw02;dw03;dw04;dw05;dw06;dw07;dw08,dw00;dw01;dw02;dw03;dw04;dw05;dw06;dw07;dw08,,105,1,2026-08-28T09:30:04.272+0200,dw05,4B92,149,166,50,-42,161,2.14,72265
ground-height-0m-20260825-163632,d002m_r180_run01.csv,0,2,180,dw00;dw01;dw02;dw03;dw04;dw05;dw06;dw07;dw08,dw00;dw01;dw02;dw03;dw04;dw05;dw06;dw07;dw08,,125,1,2026-08-28T09:30:04.282+0200,dw06,0789,10,158,91,0,158,1.75,82305
ground-height-0m-20260825-163632,d002m_r180_run01.csv,0,2,180,dw00;dw01;dw02;dw03;dw04;dw05;dw06;dw07;dw08,dw00;dw01;dw02;dw03;dw04;dw05;dw06;dw07;dw08,,15,1,2026-08-28T09:30:04.331+0200,dw00,8103,237,174,-161,114,132,3.57,32257
ground-height-0m-20260825-163632,d002m_r180_run01.csv,0,2,180,dw00;dw01;dw02;dw03;dw04;dw05;dw06;dw07;dw08,dw00;dw01;dw02;dw03;dw04;dw05;dw06;dw07;dw08,,35,1,2026-08-28T09:30:04.342+0200,dw01,1729,79,160,-137,128,96,3.01,42327
ground-height-0m-20260825-163632,d002m_r180_run01.csv,0,2,180,dw00;dw01;dw02;dw03;dw04;dw05;dw06;dw07;dw08,dw00;dw01;dw02;dw03;dw04;dw05;dw06;dw07;dw08,,55,1,2026-08-28T09:30:04.352+0200,dw02,8FB0,60,165,-97,165,0,3.15,52368
ground-height-0m-20260825-163632,d002m_r180_run01.csv,0,2,180,dw00;dw01;dw02;dw03;dw04;dw05;dw06;dw07;dw08,dw00;dw01;dw02;dw03;dw04;dw05;dw06;dw07;dw08,,145,1,2026-08-28T09:30:04.392+0200,dw07,5783,252,158,136,43,152,2.83,2147483
ground-height-0m-20260825-163632,d002m_r180_run01.csv,0,2,180,dw00;dw01;dw02;dw03;dw04;dw05;dw06;dw07;dw08,dw00;dw01;dw02;dw03;dw04;dw05;dw06;dw07;dw08,,75,1,2026-08-28T09:30:04.411+0200,dw03,021B,70,151,-40,-124,87,3.33,12268
ground-height-0m-20260825-163632,d002m_r180_run01.csv,0,2,180,dw00;dw01;dw02;dw03;dw04;dw05;dw06;dw07;dw08,dw00;dw01;dw02;dw03;dw04;dw05;dw06;dw07;dw08,,165,1,2026-08-28T09:30:04.421+0200,dw08,028E,210,166,165,75,148,3.39,22277
ground-height-0m-20260825-163632,d002m_r180_run01.csv,0,2,180,dw00;dw01;dw02;dw03;dw04;dw05;dw06;dw07;dw08,dw00;dw01;dw02;dw03;dw04;dw05;dw06;dw07;dw08,,90,1,2026-08-28T09:30:04.461+0200,dw04,0F85,244,165,0,-94,135,1.99,62286
ground-height-0m-20260825-163632,d002m_r180_run01.csv,0,2,180,dw00;dw01;dw02;dw03;dw04;dw05;dw06;dw07;dw08,dw00;dw01;dw02;dw03;dw04;dw05;dw06;dw07;dw08,,105,1,2026-08-28T09:30:04.472+0200,dw05,4B92,150,165,50,-42,159,2.20,72235
ground-height-0m-20260825-163632,d002m_r180_run01.csv,0,2,180,dw00;dw01;dw02;dw03;dw04;dw05;dw06;dw07;dw08,dw00;dw01;dw02;dw03;dw04;dw05;dw06;dw07;dw08,,125,1,2026-08-28T09:30:04.482+0200,dw06,0789,11,160,99,7,160,1.81,82305
ground-height-0m-20260825-163632,d002m_r180_run01.csv,0,2,180,dw00;dw01;dw02;dw03;dw04;dw05;dw06;dw07;dw08,dw00;dw01;dw02;dw03;dw04;dw05;dw06;dw07;dw08,,15,1,2026-08-28T09:30:04.532+0200,dw00,8103,238,175,-160,116,131,3.63,32287
ground-height-0m-20260825-163632,d002m_r180_run01.csv,0,2,180,dw00;dw01;dw02;dw03;dw04;dw05;dw06;dw07;dw08,dw00;dw01;dw02;dw03;dw04;dw05;dw06;dw07;dw08,,35,1,2026-08-28T09:30:04.541+0200,dw01,1729,80,168,-135,136,98,2.89,42327
ground-height-0m-20260825-163632,d002m_r180_run01.csv,0,2,180,dw00;dw01;dw02;dw03;dw04;dw05;dw06;dw07;dw08,dw00;dw01;dw02;dw03;dw04;dw05;dw06;dw07;dw08,,55,1,2026-08-28T09:30:04.552+0200,dw02,8FB0,61,160,-103,160,0,3.09,52398
ground-height-0m-20260825-163632,d002m_r180_run01.csv,0,2,180,dw00;dw01;dw02;dw03;dw04;dw05;dw06;dw07;dw08,dw00;dw01;dw02;dw03;dw04;dw05;dw06;dw07;dw08,,145,1,2026-08-28T09:30:04.592+0200,dw07,5783,253,164,137,46,157,2.95,2147483
ground-height-0m-20260825-163632,d002m_r180_run01.csv,0,2,180,dw00;dw01;dw02;dw03;dw04;dw05;dw06;dw07;dw08,dw00;dw01;dw02;dw03;dw04;dw05;dw06;dw07;dw08,,75,1,2026-08-28T09:30:04.612+0200,dw03,021B,71,155,-42,-129,86,3.27,12268
ground-height-0m-20260825-163632,d002m_r180_run01.csv,0,2,180,dw00;dw01;dw02;dw03;dw04;dw05;dw06;dw07;dw08,dw00;dw01;dw02;dw03;dw04;dw05;dw06;dw07;dw08,,165,1,2026-08-28T09:30:04.621+0200,dw08,028E,211,167,159,69,152,3.57,22277
ground-height-0m-20260825-163632,d002m_r180_run01.csv,0,2,180,dw00;dw01;dw02;dw03;dw04;dw05;dw06;dw07;dw08,dw00;dw01;dw02;dw03;dw04;dw05;dw06;dw07;dw08,,90,1,2026-08-28T09:30:04.661+0200,dw04,0F85,245,165,2,-91,137,1.99,62286
ground-height-0m-20260825-163632,d002m_r180_run01.csv,0,2,180,dw00;dw01;dw02;dw03;dw04;dw05;dw06;dw07;dw08,dw00;dw01;dw02;dw03;dw04;dw05;dw06;dw07;dw08,,105,1,2026-08-28T09:30:04.671+0200,dw05,4B92,151,166,50,-43,161,2.26,72235
ground-height-0m-20260825-163632,d002m_r180_run01.csv,0,2,180,dw00;dw01;dw02;dw03;dw04;dw05;dw06;dw07;dw08,dw00;dw01;dw02;dw03;dw04;dw05;dw06;dw07;dw08,,125,1,2026-08-28T09:30:04.682+0200,dw06,0789,12,156,99,7,156,1.93,82336
ground-height-0m-20260825-163632,d002m_r180_run01.csv,0,2,180,dw00;dw01;dw02;dw03;dw04;dw05;dw06;dw07;dw08,dw00;dw01;dw02;dw03;dw04;dw05;dw06;dw07;dw08,,15,1,2026-08-28T09:30:04.732+0200,dw00,8103,239,177,-161,115,134,3.69,32226
ground-height-0m-20260825-163632,d002m_r180_run01.csv,0,2,180,dw00;dw01;dw02;dw03;dw04;dw05;dw06;dw07;dw08,dw00;dw01;dw02;dw03;dw04;dw05;dw06;dw07;dw08,,35,1,2026-08-28T09:30:04.742+0200,dw01,1729,81,163,-140,127,101,3.06,42297
ground-height-0m-20260825-163632,d002m_r180_run01.csv,0,2,180,dw00;dw01;dw02;dw03;dw04;dw05;dw06;dw07;dw08,dw00;dw01;dw02;dw03;dw04;dw05;dw06;dw07;dw08,,55,1,2026-08-28T09:30:04.751+0200,dw02,8FB0,62,160,-103,160,0,3.09,52307
ground-height-0m-20260825-163632,d002m_r180_run01.csv,0,2,180,dw00;dw01;dw02;dw03;dw04;dw05;dw06;dw07;dw08,dw00;dw01;dw02;dw03;dw04;dw05;dw06;dw07;dw08,,145,1,2026-08-28T09:30:04.791+0200,dw07,5783,254,159,134,42,153,2.95,2147483
ground-height-0m-20260825-163632,d002m_r180_run01.csv,0,2,180,dw00;dw01;dw02;dw03;dw04;dw05;dw06;dw07;dw08,dw00;dw01;dw02;dw03;dw04;dw05;dw06;dw07;dw08,,75,1,2026-08-28T09:30:04.812+0200,dw03,021B,72,154,-36,-122,93,3.33,12268
ground-height-0m-20260825-163632,d002m_r180_run01.csv,0,2,180,dw00;dw01;dw02;dw03;dw04;dw05;dw06;dw07;dw08,dw00;dw01;dw02;dw03;dw04;dw05;dw06;dw07;dw08,,165,1,2026-08-28T09:30:04.822+0200,dw08,028E,212,167,167,77,148,3.45,22277
ground-height-0m-20260825-163632,d002m_r180_run01.csv,0,2,180,dw00;dw01;dw02;dw03;dw04;dw05;dw06;dw07;dw08,dw00;dw01;dw02;dw03;dw04;dw05;dw06;dw07;dw08,,90,1,2026-08-28T09:30:04.862+0200,dw04,0F85,246,163,-3,-96,131,2.02,62316
ground-height-0m-20260825-163632,d002m_r180_run01.csv,0,2,180,dw00;dw01;dw02;dw03;dw04;dw05;dw06;dw07;dw08,dw00;dw01;dw02;dw03;dw04;dw05;dw06;dw07;dw08,,105,1,2026-08-28T09:30:04.871+0200,dw05,4B92,152,163,49,-42,158,2.20,72235
ground-height-0m-20260825-163632,d002m_r180_run01.csv,0,2,180,dw00;dw01;dw02;dw03;dw04;dw05;dw06;dw07;dw08,dw00;dw01;dw02;dw03;dw04;dw05;dw06;dw07;dw08,,125,1,2026-08-28T09:30:04.881+0200,dw06,0789,13,161,104,12,160,1.87,82305
ground-height-0m-20260825-163632,d002m_r180_run01.csv,0,2,180,dw00;dw01;dw02;dw03;dw04;dw05;dw06;dw07;dw08,dw00;dw01;dw02;dw03;dw04;dw05;dw06;dw07;dw08,,15,1,2026-08-28T09:30:04.932+0200,dw00,8103,240,177,-160,116,133,3.51,32257
ground-height-0m-20260825-163632,d002m_r180_run01.csv,0,2,180,dw00;dw01;dw02;dw03;dw04;dw05;dw06;dw07;dw08,dw00;dw01;dw02;dw03;dw04;dw05;dw06;dw07;dw08,,35,1,2026-08-28T09:30:04.942+0200,dw01,1729,82,160,-136,129,95,3.06,42358
ground-height-0m-20260825-163632,d002m_r180_run01.csv,0,2,180,dw00;dw01;dw02;dw03;dw04;dw05;dw06;dw07;dw08,dw00;dw01;dw02;dw03;dw04;dw05;dw06;dw07;dw08,,55,1,2026-08-28T09:30:04.951+0200,dw02,8FB0,63,162,-101,162,0,3.06,52337
ground-height-0m-20260825-163632,d002m_r180_run01.csv,0,2,180,dw00;dw01;dw02;dw03;dw04;dw05;dw06;dw07;dw08,dw00;dw01;dw02;dw03;dw04;dw05;dw06;dw07;dw08,,145,1,2026-08-28T09:30:04.991+0200,dw07,5783,255,160,136,44,154,2.95,2147483
ground-height-0m-20260825-163632,d002m_r180_run01.csv,0,2,180,dw00;dw01;dw02;dw03;dw04;dw05;dw06;dw07;dw08,dw00;dw01;dw02;dw03;dw04;dw05;dw06;dw07;dw08,,75,1,2026-08-28T09:30:05.011+0200,dw03,021B,73,157,-40,-128,90,3.27,12268
ground-height-0m-20260825-163632,d002m_r180_run01.csv,0,2,180,dw00;dw01;dw02;dw03;dw04;dw05;dw06;dw07;dw08,dw00;dw01;dw02;dw03;dw04;dw05;dw06;dw07;dw08,,165,1,2026-08-28T09:30:05.022+0200,dw08,028E,213,169,161,72,153,3.51,22308
ground-height-0m-20260825-163632,d002m_r180_run01.csv,0,2,180,dw00;dw01;dw02;dw03;dw04;dw05;dw06;dw07;dw08,dw00;dw01;dw02;dw03;dw04;dw05;dw06;dw07;dw08,,90,1,2026-08-28T09:30:05.062+0200,dw04,0F85,247,161,-4,-96,130,1.93,62255
ground-height-0m-20260825-163632,d002m_r180_run01.csv,0,2,180,dw00;dw01;dw02;dw03;dw04;dw05;dw06;dw07;dw08,dw00;dw01;dw02;dw03;dw04;dw05;dw06;dw07;dw08,,105,1,2026-08-28T09:30:05.072+0200,dw05,4B92,153,165,50,-42,159,2.20,72265
ground-height-0m-20260825-163632,d002m_r180_run01.csv,0,2,180,dw00;dw01;dw02;dw03;dw04;dw05;dw06;dw07;dw08,dw00;dw01;dw02;dw03;dw04;dw05;dw06;dw07;dw08,,125,1,2026-08-28T09:30:05.081+0200,dw06,0789,14,156,96,4,156,1.81,82305
ground-height-0m-20260825-163632,d002m_r180_run01.csv,0,2,180,dw00;dw01;dw02;dw03;dw04;dw05;dw06;dw07;dw08,dw00;dw01;dw02;dw03;dw04;dw05;dw06;dw07;dw08,,15,1,2026-08-28T09:30:05.131+0200,dw00,8103,241,180,-159,119,135,3.57,32257
ground-height-0m-20260825-163632,d002m_r180_run01.csv,0,2,180,dw00;dw01;dw02;dw03;dw04;dw05;dw06;dw07;dw08,dw00;dw01;dw02;dw03;dw04;dw05;dw06;dw07;dw08,,35,1,2026-08-28T09:30:05.142+0200,dw01,1729,83,164,-136,132,96,3.01,42297
ground-height-0m-20260825-163632,d002m_r180_run01.csv,0,2,180,dw00;dw01;dw02;dw03;dw04;dw05;dw06;dw07;dw08,dw00;dw01;dw02;dw03;dw04;dw05;dw06;dw07;dw08,,55,1,2026-08-28T09:30:05.152+0200,dw02,8FB0,64,160,-98,160,0,3.01,52368
ground-height-0m-20260825-163632,d002m_r180_run01.csv,0,2,180,dw00;dw01;dw02;dw03;dw04;dw05;dw06;dw07;dw08,dw00;dw01;dw02;dw03;dw04;dw05;dw06;dw07;dw08,,145,1,2026-08-28T09:30:05.192+0200,dw07,5783,0,159,136,43,153,2.95,2147483
ground-height-0m-20260825-163632,d002m_r180_run01.csv,0,2,180,dw00;dw01;dw02;dw03;dw04;dw05;dw06;dw07;dw08,dw00;dw01;dw02;dw03;dw04;dw05;dw06;dw07;dw08,,75,1,2026-08-28T09:30:05.211+0200,dw03,021B,74,154,-46,-132,79,3.33,12268
ground-height-0m-20260825-163632,d002m_r180_run01.csv,0,2,180,dw00;dw01;dw02;dw03;dw04;dw05;dw06;dw07;dw08,dw00;dw01;dw02;dw03;dw04;dw05;dw06;dw07;dw08,,165,1,2026-08-28T09:30:05.221+0200,dw08,028E,214,169,159,69,154,3.45,22277
ground-height-0m-20260825-163632,d002m_r180_run01.csv,0,2,180,dw00;dw01;dw02;dw03;dw04;dw05;dw06;dw07;dw08,dw00;dw01;dw02;dw03;dw04;dw05;dw06;dw07;dw08,,90,1,2026-08-28T09:30:05.261+0200,dw04,0F85,248,166,0,-95,136,1.87,62286
ground-height-0m-20260825-163632,d002m_r180_run01.csv,0,2,180,dw00;dw01;dw02;dw03;dw04;dw05;dw06;dw07;dw08,dw00;dw01;dw02;dw03;dw04;dw05;dw06;dw07;dw08,,105,1,2026-08-28T09:30:05.272+0200,dw05,4B92,154,165,48,-44,159,2.20,72296
ground-height-0m-20260825-163632,d002m_r180_run01.csv,0,2,180,dw00;dw01;dw02;dw03;dw04;dw05;dw06;dw07;dw08,dw00;dw01;dw02;dw03;dw04;dw05;dw06;dw07;dw08,,125,1,2026-08-28T09:30:05.281+0200,dw06,0789,15,163,107,15,162,1.81,82366
ground-height-0m-20260825-163632,d002m_r180_run01.csv,0,2,180,dw00;dw01;dw02;dw03;dw04;dw05;dw06;dw07;dw08,dw00;dw01;dw02;dw03;dw04;dw05;dw06;dw07;dw08,,15,1,2026-08-28T09:30:05.331+0200,dw00,8103,242,175,-158,117,130,3.57,32287
ground-height-0m-20260825-163632,d002m_r180_run01.csv,0,2,180,dw00;dw01;dw02;dw03;dw04;dw05;dw06;dw07;dw08,dw00;dw01;dw02;dw03;dw04;dw05;dw06;dw07;dw08,,35,1,2026-08-28T09:30:05.341+0200,dw01,1729,84,164,-135,133,95,3.01,42358
ground-height-0m-20260825-163632,d002m_r180_run01.csv,0,2,180,dw00;dw01;dw02;dw03;dw04;dw05;dw06;dw07;dw08,dw00;dw01;dw02;dw03;dw04;dw05;dw06;dw07;dw08,,55,1,2026-08-28T09:30:05.352+0200,dw02,8FB0,65,164,-101,164,0,3.09,52368
ground-height-0m-20260825-163632,d002m_r180_run01.csv,0,2,180,dw00;dw01;dw02;dw03;dw04;dw05;dw06;dw07;dw08,dw00;dw01;dw02;dw03;dw04;dw05;dw06;dw07;dw08,,145,1,2026-08-28T09:30:05.392+0200,dw07,5783,1,164,138,46,157,2.89,2147483
ground-height-0m-20260825-163632,d002m_r180_run01.csv,0,2,180,dw00;dw01;dw02;dw03;dw04;dw05;dw06;dw07;dw08,dw00;dw01;dw02;dw03;dw04;dw05;dw06;dw07;dw08,,75,1,2026-08-28T09:30:05.411+0200,dw03,021B,75,154,-44,-131,82,3.15,12268
ground-height-0m-20260825-163632,d002m_r180_run01.csv,0,2,180,dw00;dw01;dw02;dw03;dw04;dw05;dw06;dw07;dw08,dw00;dw01;dw02;dw03;dw04;dw05;dw06;dw07;dw08,,165,1,2026-08-28T09:30:05.421+0200,dw08,028E,215,166,161,71,150,3.57,22277
ground-height-0m-20260825-163632,d002m_r180_run01.csv,0,2,180,dw00;dw01;dw02;dw03;dw04;dw05;dw06;dw07;dw08,dw00;dw01;dw02;dw03;dw04;dw05;dw06;dw07;dw08,,90,1,2026-08-28T09:30:05.461+0200,dw04,0F85,249,165,-4,-98,133,1.99,62286
ground-height-0m-20260825-163632,d002m_r180_run01.csv,0,2,180,dw00;dw01;dw02;dw03;dw04;dw05;dw06;dw07;dw08,dw00;dw01;dw02;dw03;dw04;dw05;dw06;dw07;dw08,,105,1,2026-08-28T09:30:05.471+0200,dw05,4B92,155,163,52,-40,158,2.26,72235
ground-height-0m-20260825-163632,d002m_r180_run01.csv,0,2,180,dw00;dw01;dw02;dw03;dw04;dw05;dw06;dw07;dw08,dw00;dw01;dw02;dw03;dw04;dw05;dw06;dw07;dw08,,125,1,2026-08-28T09:30:05.482+0200,dw06,0789,16,155,104,11,155,1.81,82305
ground-height-0m-20260825-163632,d002m_r180_run01.csv,0,2,180,dw00;dw01;dw02;dw03;dw04;dw05;dw06;dw07;dw08,dw00;dw01;dw02;dw03;dw04;dw05;dw06;dw07;dw08,,15,1,2026-08-28T09:30:05.531+0200,dw00,8103,243,178,-151,127,124,3.57,32257
ground-height-0m-20260825-163632,d002m_r180_run01.csv,0,2,180,dw00;dw01;dw02;dw03;dw04;dw05;dw06;dw07;dw08,dw00;dw01;dw02;dw03;dw04;dw05;dw06;dw07;dw08,,35,1,2026-08-28T09:30:05.541+0200,dw01,1729,85,160,-140,125,100,3.06,42266
ground-height-0m-20260825-163632,d002m_r180_run01.csv,0,2,180,dw00;dw01;dw02;dw03;dw04;dw05;dw06;dw07;dw08,dw00;dw01;dw02;dw03;dw04;dw05;dw06;dw07;dw08,,55,1,2026-08-28T09:30:05.551+0200,dw02,8FB0,66,165,-97,165,0,3.12,52337
ground-height-0m-20260825-163632,d002m_r180_run01.csv,0,2,180,dw00;dw01;dw02;dw03;dw04;dw05;dw06;dw07;dw08,dw00;dw01;dw02;dw03;dw04;dw05;dw06;dw07;dw08,,145,1,2026-08-28T09:30:05.591+0200,dw07,5783,2,159,141,48,152,2.95,2147483
ground-height-0m-20260825-163632,d002m_r180_run01.csv,0,2,180,dw00;dw01;dw02;dw03;dw04;dw05;dw06;dw07;dw08,dw00;dw01;dw02;dw03;dw04;dw05;dw06;dw07;dw08,,75,1,2026-08-28T09:30:05.612+0200,dw03,021B,76,152,-36,-121,93,3.33,12268
ground-height-0m-20260825-163632,d002m_r180_run01.csv,0,2,180,dw00;dw01;dw02;dw03;dw04;dw05;dw06;dw07;dw08,dw00;dw01;dw02;dw03;dw04;dw05;dw06;dw07;dw08,,165,1,2026-08-28T09:30:05.621+0200,dw08,028E,216,169,166,77,150,3.51,22277
ground-height-0m-20260825-163632,d002m_r180_run01.csv,0,2,180,dw00;dw01;dw02;dw03;dw04;dw05;dw06;dw07;dw08,dw00;dw01;dw02;dw03;dw04;dw05;dw06;dw07;dw08,,90,1,2026-08-28T09:30:05.661+0200,dw04,0F85,250,165,0,-93,136,1.99,62316
ground-height-0m-20260825-163632,d002m_r180_run01.csv,0,2,180,dw00;dw01;dw02;dw03;dw04;dw05;dw06;dw07;dw08,dw00;dw01;dw02;dw03;dw04;dw05;dw06;dw07;dw08,,105,1,2026-08-28T09:30:05.671+0200,dw05,4B92,156,166,54,-38,161,2.20,72235
ground-height-0m-20260825-163632,d002m_r180_run01.csv,0,2,180,dw00;dw01;dw02;dw03;dw04;dw05;dw06;dw07;dw08,dw00;dw01;dw02;dw03;dw04;dw05;dw06;dw07;dw08,,125,1,2026-08-28T09:30:05.681+0200,dw06,0789,17,158,104,12,158,1.87,82305
ground-height-0m-20260825-163632,d002m_r180_run01.csv,0,2,180,dw00;dw01;dw02;dw03;dw04;dw05;dw06;dw07;dw08,dw00;dw01;dw02;dw03;dw04;dw05;dw06;dw07;dw08,,15,1,2026-08-28T09:30:05.732+0200,dw00,8103,244,176,-159,117,131,3.57,32257
ground-height-0m-20260825-163632,d002m_r180_run01.csv,0,2,180,dw00;dw01;dw02;dw03;dw04;dw05;dw06;dw07;dw08,dw00;dw01;dw02;dw03;dw04;dw05;dw06;dw07;dw08,,35,1,2026-08-28T09:30:05.741+0200,dw01,1729,86,159,-138,127,97,3.01,42358
ground-height-0m-20260825-163632,d002m_r180_run01.csv,0,2,180,dw00;dw01;dw02;dw03;dw04;dw05;dw06;dw07;dw08,dw00;dw01;dw02;dw03;dw04;dw05;dw06;dw07;dw08,,55,1,2026-08-28T09:30:05.751+0200,dw02,8FB0,67,166,-95,165,0,3.06,52398
ground-height-0m-20260825-163632,d002m_r180_run01.csv,0,2,180,dw00;dw01;dw02;dw03;dw04;dw05;dw06;dw07;dw08,dw00;dw01;dw02;dw03;dw04;dw05;dw06;dw07;dw08,,145,1,2026-08-28T09:30:05.791+0200,dw07,5783,3,164,134,42,158,2.95,2147483
ground-height-0m-20260825-163632,d002m_r180_run01.csv,0,2,180,dw00;dw01;dw02;dw03;dw04;dw05;dw06;dw07;dw08,dw00;dw01;dw02;dw03;dw04;dw05;dw06;dw07;dw08,,75,1,2026-08-28T09:30:05.811+0200,dw03,021B,77,153,-46,-131,79,3.27,12298
ground-height-0m-20260825-163632,d002m_r180_run01.csv,0,2,180,dw00;dw01;dw02;dw03;dw04;dw05;dw06;dw07;dw08,dw00;dw01;dw02;dw03;dw04;dw05;dw06;dw07;dw08,,165,1,2026-08-28T09:30:05.822+0200,dw08,028E,217,165,164,73,148,3.45,22277
ground-height-0m-20260825-163632,d002m_r180_run01.csv,0,2,180,dw00;dw01;dw02;dw03;dw04;dw05;dw06;dw07;dw08,dw00;dw01;dw02;dw03;dw04;dw05;dw06;dw07;dw08,,90,1,2026-08-28T09:30:05.862+0200,dw04,0F85,251,163,-2,-95,132,1.93,62255
ground-height-0m-20260825-163632,d002m_r180_run01.csv,0,2,180,dw00;dw01;dw02;dw03;dw04;dw05;dw06;dw07;dw08,dw00;dw01;dw02;dw03;dw04;dw05;dw06;dw07;dw08,,105,1,2026-08-28T09:30:05.871+0200,dw05,4B92,157,163,45,-46,156,2.14,72265
ground-height-0m-20260825-163632,d002m_r180_run01.csv,0,2,180,dw00;dw01;dw02;dw03;dw04;dw05;dw06;dw07;dw08,dw00;dw01;dw02;dw03;dw04;dw05;dw06;dw07;dw08,,125,1,2026-08-28T09:30:05.881+0200,dw06,0789,18,155,98,5,155,1.93,82336
ground-height-0m-20260825-163632,d002m_r180_run01.csv,0,2,180,dw00;dw01;dw02;dw03;dw04;dw05;dw06;dw07;dw08,dw00;dw01;dw02;dw03;dw04;dw05;dw06;dw07;dw08,,15,1,2026-08-28T09:30:05.931+0200,dw00,8103,245,175,-157,119,128,3.57,32257
ground-height-0m-20260825-163632,d002m_r180_run01.csv,0,2,180,dw00;dw01;dw02;dw03;dw04;dw05;dw06;dw07;dw08,dw00;dw01;dw02;dw03;dw04;dw05;dw06;dw07;dw08,,35,1,2026-08-28T09:30:05.942+0200,dw01,1729,87,161,-138,127,98,2.95,42297
ground-height-0m-20260825-163632,d002m_r180_run01.csv,0,2,180,dw00;dw01;dw02;dw03;dw04;dw05;dw06;dw07;dw08,dw00;dw01;dw02;dw03;dw04;dw05;dw06;dw07;dw08,,55,1,2026-08-28T09:30:05.951+0200,dw02,8FB0,68,164,-91,164,0,3.09,52368
ground-height-0m-20260825-163632,d002m_r180_run01.csv,0,2,180,dw00;dw01;dw02;dw03;dw04;dw05;dw06;dw07;dw08,dw00;dw01;dw02;dw03;dw04;dw05;dw06;dw07;dw08,,145,1,2026-08-28T09:30:05.991+0200,dw07,5783,4,162,139,47,155,2.83,2147483
ground-height-0m-20260825-163632,d002m_r180_run01.csv,0,2,180,dw00;dw01;dw02;dw03;dw04;dw05;dw06;dw07;dw08,dw00;dw01;dw02;dw03;dw04;dw05;dw06;dw07;dw08,,75,1,2026-08-28T09:30:06.011+0200,dw03,021B,78,154,-41,-128,86,3.27,12268
ground-height-0m-20260825-163632,d002m_r180_run01.csv,0,2,180,dw00;dw01;dw02;dw03;dw04;dw05;dw06;dw07;dw08,dw00;dw01;dw02;dw03;dw04;dw05;dw06;dw07;dw08,,165,1,2026-08-28T09:30:06.021+0200,dw08,028E,218,168,160,71,152,3.45,22277
ground-height-0m-20260825-163632,d002m_r180_run01.csv,0,2,180,dw00;dw01;dw02;dw03;dw04;dw05;dw06;dw07;dw08,dw00;dw01;dw02;dw03;dw04;dw05;dw06;dw07;dw08,,90,1,2026-08-28T09:30:06.061+0200,dw04,0F85,252,164,1,-91,136,1.93,62316
ground-height-0m-20260825-163632,d002m_r180_run01.csv,0,2,180,dw00;dw01;dw02;dw03;dw04;dw05;dw06;dw07;dw08,dw00;dw01;dw02;dw03;dw04;dw05;dw06;dw07;dw08,,105,1,2026-08-28T09:30:06.071+0200,dw05,4B92,158,166,51,-41,161,2.26,72204
ground-height-0m-20260825-163632,d002m_r180_run01.csv,0,2,180,dw00;dw01;dw02;dw03;dw04;dw05;dw06;dw07;dw08,dw00;dw01;dw02;dw03;dw04;dw05;dw06;dw07;dw08,,125,1,2026-08-28T09:30:06.081+0200,dw06,0789,19,158,99,7,158,1.87,82275
ground-height-0m-20260825-163632,d002m_r180_run01.csv,0,2,180,dw00;dw01;dw02;dw03;dw04;dw05;dw06;dw07;dw08,dw00;dw01;dw02;dw03;dw04;dw05;dw06;dw07;dw08,,15,1,2026-08-28T09:30:06.131+0200,dw00,8103,246,176,-161,115,133,3.45,32287
ground-height-0m-20260825-163632,d002m_r180_run01.csv,0,2,180,dw00;dw01;dw02;dw03;dw04;dw05;dw06;dw07;dw08,dw00;dw01;dw02;dw03;dw04;dw05;dw06;dw07;dw08,,35,1,2026-08-28T09:30:06.141+0200,dw01,1729,88,162,-134,132,93,3.09,42358
ground-height-0m-20260825-163632,d002m_r180_run01.csv,0,2,180,dw00;dw01;dw02;dw03;dw04;dw05;dw06;dw07;dw08,dw00;dw01;dw02;dw03;dw04;dw05;dw06;dw07;dw08,,55,1,2026-08-28T09:30:06.152+0200,dw02,8FB0,69,162,-97,162,0,3.06,52307
ground-height-0m-20260825-163632,d002m_r180_run01.csv,0,2,180,dw00;dw01;dw02;dw03;dw04;dw05;dw06;dw07;dw08,dw00;dw01;dw02;dw03;dw04;dw05;dw06;dw07;dw08,,145,1,2026-08-28T09:30:06.191+0200,dw07,5783,5,163,137,45,156,3.01,2147483
ground-height-0m-20260825-163632,d002m_r180_run01.csv,0,2,180,dw00;dw01;dw02;dw03;dw04;dw05;dw06;dw07;dw08,dw00;dw01;dw02;dw03;dw04;dw05;dw06;dw07;dw08,,75,1,2026-08-28T09:30:06.211+0200,dw03,021B,79,156,-46,-134,79,3.33,12268
ground-height-0m-20260825-163632,d002m_r180_run01.csv,0,2,180,dw00;dw01;dw02;dw03;dw04;dw05;dw06;dw07;dw08,dw00;dw01;dw02;dw03;dw04;dw05;dw06;dw07;dw08,,165,1,2026-08-28T09:30:06.221+0200,dw08,028E,219,166,162,72,150,3.45,22277
ground-height-0m-20260825-163632,d002m_r180_run01.csv,0,2,180,dw00;dw01;dw02;dw03;dw04;dw05;dw06;dw07;dw08,dw00;dw01;dw02;dw03;dw04;dw05;dw06;dw07;dw08,,90,1,2026-08-28T09:30:06.261+0200,dw04,0F85,253,164,-2,-95,133,2.08,62255
ground-height-0m-20260825-163632,d002m_r180_run01.csv,0,2,180,dw00;dw01;dw02;dw03;dw04;dw05;dw06;dw07;dw08,dw00;dw01;dw02;dw03;dw04;dw05;dw06;dw07;dw08,,105,1,2026-08-28T09:30:06.271+0200,dw05,4B92,159,166,50,-42,160,2.32,72265
ground-height-0m-20260825-163632,d002m_r180_run01.csv,0,2,180,dw00;dw01;dw02;dw03;dw04;dw05;dw06;dw07;dw08,dw00;dw01;dw02;dw03;dw04;dw05;dw06;dw07;dw08,,125,1,2026-08-28T09:30:06.281+0200,dw06,0789,20,158,99,7,157,1.93,82336
ground-height-0m-20260825-163632,d002m_r180_run01.csv,0,2,180,dw00;dw01;dw02;dw03;dw04;dw05;dw06;dw07;dw08,dw00;dw01;dw02;dw03;dw04;dw05;dw06;dw07;dw08,,15,1,2026-08-28T09:30:06.331+0200,dw00,8103,247,176,-159,117,131,3.57,32226
ground-height-0m-20260825-163632,d002m_r180_run01.csv,0,2,180,dw00;dw01;dw02;dw03;dw04;dw05;dw06;dw07;dw08,dw00;dw01;dw02;dw03;dw04;dw05;dw06;dw07;dw08,,35,1,2026-08-28T09:30:06.341+0200,dw01,1729,89,168,-137,134,101,2.95,42297
ground-height-0m-20260825-163632,d002m_r180_run01.csv,0,2,180,dw00;dw01;dw02;dw03;dw04;dw05;dw06;dw07;dw08,dw00;dw01;dw02;dw03;dw04;dw05;dw06;dw07;dw08,,55,1,2026-08-28T09:30:06.351+0200,dw02,8FB0,70,160,-92,160,0,3.06,52398
ground-height-0m-20260825-163632,d002m_r180_run01.csv,0,2,180,dw00;dw01;dw02;dw03;dw04;dw05;dw06;dw07;dw08,dw00;dw01;dw02;dw03;dw04;dw05;dw06;dw07;dw08,,145,1,2026-08-28T09:30:06.391+0200,dw07,5783,6,165,143,51,157,2.89,2147483
ground-height-0m-20260825-163632,d002m_r180_run01.csv,0,2,180,dw00;dw01;dw02;dw03;dw04;dw05;dw06;dw07;dw08,dw00;dw01;dw02;dw03;dw04;dw05;dw06;dw07;dw08,,75,1,2026-08-28T09:30:06.411+0200,dw03,021B,80,156,-35,-123,96,3.21,12268
ground-height-0m-20260825-163632,d002m_r180_run01.csv,0,2,180,dw00;dw01;dw02;dw03;dw04;dw05;dw06;dw07;dw08,dw00;dw01;dw02;dw03;dw04;dw05;dw06;dw07;dw08,,165,1,2026-08-28T09:30:06.421+0200,dw08,028E,220,164,167,76,145,3.33,22277
ground-height-0m-20260825-163632,d002m_r180_run01.csv,0,2,180,dw00;dw01;dw02;dw03;dw04;dw05;dw06;dw07;dw08,dw00;dw01;dw02;dw03;dw04;dw05;dw06;dw07;dw08,,90,1,2026-08-28T09:30:06.461+0200,dw04,0F85,254,164,0,-94,134,2.02,62286
ground-height-0m-20260825-163632,d002m_r180_run01.csv,0,2,180,dw00;dw01;dw02;dw03;dw04;dw05;dw06;dw07;dw08,dw00;dw01;dw02;dw03;dw04;dw05;dw06;dw07;dw08,,105,1,2026-08-28T09:30:06.471+0200,dw05,4B92,160,166,51,-41,161,2.26,72235
ground-height-0m-20260825-163632,d002m_r180_run01.csv,0,2,180,dw00;dw01;dw02;dw03;dw04;dw05;dw06;dw07;dw08,dw00;dw01;dw02;dw03;dw04;dw05;dw06;dw07;dw08,,125,1,2026-08-28T09:30:06.481+0200,dw06,0789,21,156,101,9,155,1.93,82305
ground-height-0m-20260825-163632,d002m_r180_run01.csv,0,2,180,dw00;dw01;dw02;dw03;dw04;dw05;dw06;dw07;dw08,dw00;dw01;dw02;dw03;dw04;dw05;dw06;dw07;dw08,,15,1,2026-08-28T09:30:06.531+0200,dw00,8103,248,174,-155,120,126,3.57,32287
ground-height-0m-20260825-163632,d002m_r180_run01.csv,0,2,180,dw00;dw01;dw02;dw03;dw04;dw05;dw06;dw07;dw08,dw00;dw01;dw02;dw03;dw04;dw05;dw06;dw07;dw08,,35,1,2026-08-28T09:30:06.541+0200,dw01,1729,90,164,-134,133,94,3.01,42358
ground-height-0m-20260825-163632,d002m_r180_run01.csv,0,2,180,dw00;dw01;dw02;dw03;dw04;dw05;dw06;dw07;dw08,dw00;dw01;dw02;dw03;dw04;dw05;dw06;dw07;dw08,,55,1,2026-08-28T09:30:06.551+0200,dw02,8FB0,71,166,-96,166,0,3.09,52337
ground-height-0m-20260825-163632,d002m_r180_run01.csv,0,2,180,dw00;dw01;dw02;dw03;dw04;dw05;dw06;dw07;dw08,dw00;dw01;dw02;dw03;dw04;dw05;dw06;dw07;dw08,,145,1,2026-08-28T09:30:06.591+0200,dw07,5783,7,164,133,41,158,2.89,2147483
ground-height-0m-20260825-163632,d002m_r180_run01.csv,0,2,180,dw00;dw01;dw02;dw03;dw04;dw05;dw06;dw07;dw08,dw00;dw01;dw02;dw03;dw04;dw05;dw06;dw07;dw08,,75,1,2026-08-28T09:30:06.611+0200,dw03,021B,81,155,-41,-128,87,3.27,12268
ground-height-0m-20260825-163632,d002m_r180_run01.csv,0,2,180,dw00;dw01;dw02;dw03;dw04;dw05;dw06;dw07;dw08,dw00;dw01;dw02;dw03;dw04;dw05;dw06;dw07;dw08,,165,1,2026-08-28T09:30:06.621+0200,dw08,028E,221,163,159,67,149,3.57,22277
ground-height-0m-20260825-163632,d002m_r180_run01.csv,0,2,180,dw00;dw01;dw02;dw03;dw04;dw05;dw06;dw07;dw08,dw00;dw01;dw02;dw03;dw04;dw05;dw06;dw07;dw08,,90,1,2026-08-28T09:30:06.661+0200,dw04,0F85,255,165,-3,-97,133,2.08,62255
ground-height-0m-20260825-163632,d002m_r180_run01.csv,0,2,180,dw00;dw01;dw02;dw03;dw04;dw05;dw06;dw07;dw08,dw00;dw01;dw02;dw03;dw04;dw05;dw06;dw07;dw08,,105,1,2026-08-28T09:30:06.671+0200,dw05,4B92,161,167,50,-42,162,2.20,72296
ground-height-0m-20260825-163632,d002m_r180_run01.csv,0,2,180,dw00;dw01;dw02;dw03;dw04;dw05;dw06;dw07;dw08,dw00;dw01;dw02;dw03;dw04;dw05;dw06;dw07;dw08,,125,1,2026-08-28T09:30:06.681+0200,dw06,0789,22,157,97,5,157,1.75,82305
ground-height-0m-20260825-163632,d002m_r180_run01.csv,0,2,180,dw00;dw01;dw02;dw03;dw04;dw05;dw06;dw07;dw08,dw00;dw01;dw02;dw03;dw04;dw05;dw06;dw07;dw08,,15,1,2026-08-28T09:30:06.731+0200,dw00,8103,249,176,-157,118,130,3.45,32257
ground-height-0m-20260825-163632,d002m_r180_run01.csv,0,2,180,dw00;dw01;dw02;dw03;dw04;dw05;dw06;dw07;dw08,dw00;dw01;dw02;dw03;dw04;dw05;dw06;dw07;dw08,,35,1,2026-08-28T09:30:06.741+0200,dw01,1729,91,166,-130,139,90,2.89,42327
ground-height-0m-20260825-163632,d002m_r180_run01.csv,0,2,180,dw00;dw01;dw02;dw03;dw04;dw05;dw06;dw07;dw08,dw00;dw01;dw02;dw03;dw04;dw05;dw06;dw07;dw08,,55,1,2026-08-28T09:30:06.751+0200,dw02,8FB0,72,160,-94,160,0,3.15,52337
ground-height-0m-20260825-163632,d002m_r180_run01.csv,0,2,180,dw00;dw01;dw02;dw03;dw04;dw05;dw06;dw07;dw08,dw00;dw01;dw02;dw03;dw04;dw05;dw06;dw07;dw08,,145,1,2026-08-28T09:30:06.791+0200,dw07,5783,8,161,134,41,155,2.95,2147483
ground-height-0m-20260825-163632,d002m_r180_run01.csv,0,2,180,dw00;dw01;dw02;dw03;dw04;dw05;dw06;dw07;dw08,dw00;dw01;dw02;dw03;dw04;dw05;dw06;dw07;dw08,,75,1,2026-08-28T09:30:06.811+0200,dw03,021B,82,150,-38,-121,88,3.15,12268
ground-height-0m-20260825-163632,d002m_r180_run01.csv,0,2,180,dw00;dw01;dw02;dw03;dw04;dw05;dw06;dw07;dw08,dw00;dw01;dw02;dw03;dw04;dw05;dw06;dw07;dw08,,165,1,2026-08-28T09:30:06.821+0200,dw08,028E,222,166,166,76,147,3.45,22277
ground-height-0m-20260825-163632,d002m_r180_run01.csv,0,2,180,dw00;dw01;dw02;dw03;dw04;dw05;dw06;dw07;dw08,dw00;dw01;dw02;dw03;dw04;dw05;dw06;dw07;dw08,,90,1,2026-08-28T09:30:06.861+0200,dw04,0F85,0,163,-3,-96,132,2.02,62286
ground-height-0m-20260825-163632,d002m_r180_run01.csv,0,2,180,dw00;dw01;dw02;dw03;dw04;dw05;dw06;dw07;dw08,dw00;dw01;dw02;dw03;dw04;dw05;dw06;dw07;dw08,,105,1,2026-08-28T09:30:06.871+0200,dw05,4B92,162,164,51,-41,158,2.14,72235
ground-height-0m-20260825-163632,d002m_r180_run01.csv,0,2,180,dw00;dw01;dw02;dw03;dw04;dw05;dw06;dw07;dw08,dw00;dw01;dw02;dw03;dw04;dw05;dw06;dw07;dw08,,125,1,2026-08-28T09:30:06.881+0200,dw06,0789,23,158,103,11,158,1.93,82305
ground-height-0m-20260825-163632,d002m_r180_run01.csv,0,2,180,dw00;dw01;dw02;dw03;dw04;dw05;dw06;dw07;dw08,dw00;dw01;dw02;dw03;dw04;dw05;dw06;dw07;dw08,,15,1,2026-08-28T09:30:06.931+0200,dw00,8103,250,177,-158,118,131,3.63,32257
ground-height-0m-20260825-163632,d002m_r180_run01.csv,0,2,180,dw00;dw01;dw02;dw03;dw04;dw05;dw06;dw07;dw08,dw00;dw01;dw02;dw03;dw04;dw05;dw06;dw07;dw08,,35,1,2026-08-28T09:30:06.941+0200,dw01,1729,92,166,-136,134,98,2.95,42327
ground-height-0m-20260825-163632,d002m_r180_run01.csv,0,2,180,dw00;dw01;dw02;dw03;dw04;dw05;dw06;dw07;dw08,dw00;dw01;dw02;dw03;dw04;dw05;dw06;dw07;dw08,,55,1,2026-08-28T09:30:06.951+0200,dw02,8FB0,73,162,-91,162,0,3.06,52368
ground-height-0m-20260825-163632,d002m_r180_run01.csv,0,2,180,dw00;dw01;dw02;dw03;dw04;dw05;dw06;dw07;dw08,dw00;dw01;dw02;dw03;dw04;dw05;dw06;dw07;dw08,,145,1,2026-08-28T09:30:06.990+0200,dw07,5783,9,158,132,39,153,2.83,2147483
ground-height-0m-20260825-163632,d002m_r180_run01.csv,0,2,180,dw00;dw01;dw02;dw03;dw04;dw05;dw06;dw07;dw08,dw00;dw01;dw02;dw03;dw04;dw05;dw06;dw07;dw08,,75,1,2026-08-28T09:30:07.011+0200,dw03,021B,83,156,-36,-124,94,3.21,12268
ground-height-0m-20260825-163632,d002m_r180_run01.csv,0,2,180,dw00;dw01;dw02;dw03;dw04;dw05;dw06;dw07;dw08,dw00;dw01;dw02;dw03;dw04;dw05;dw06;dw07;dw08,,165,1,2026-08-28T09:30:07.021+0200,dw08,028E,223,169,168,79,149,3.51,22277
ground-height-0m-20260825-163632,d002m_r180_run01.csv,0,2,180,dw00;dw01;dw02;dw03;dw04;dw05;dw06;dw07;dw08,dw00;dw01;dw02;dw03;dw04;dw05;dw06;dw07;dw08,,90,1,2026-08-28T09:30:07.061+0200,dw04,0F85,1,162,8,-83,139,2.08,62255
ground-height-0m-20260825-163632,d002m_r180_run01.csv,0,2,180,dw00;dw01;dw02;dw03;dw04;dw05;dw06;dw07;dw08,dw00;dw01;dw02;dw03;dw04;dw05;dw06;dw07;dw08,,105,1,2026-08-28T09:30:07.071+0200,dw05,4B92,163,164,51,-40,158,2.14,72204
ground-height-0m-20260825-163632,d002m_r180_run01.csv,0,2,180,dw00;dw01;dw02;dw03;dw04;dw05;dw06;dw07;dw08,dw00;dw01;dw02;dw03;dw04;dw05;dw06;dw07;dw08,,125,1,2026-08-28T09:30:07.081+0200,dw06,0789,24,156,104,12,156,1.81,82305
ground-height-0m-20260825-163632,d002m_r180_run01.csv,0,2,180,dw00;dw01;dw02;dw03;dw04;dw05;dw06;dw07;dw08,dw00;dw01;dw02;dw03;dw04;dw05;dw06;dw07;dw08,,15,1,2026-08-28T09:30:07.131+0200,dw00,8103,251,175,-165,110,136,3.69,32257
ground-height-0m-20260825-163632,d002m_r180_run01.csv,0,2,180,dw00;dw01;dw02;dw03;dw04;dw05;dw06;dw07;dw08,dw00;dw01;dw02;dw03;dw04;dw05;dw06;dw07;dw08,,35,1,2026-08-28T09:30:07.141+0200,dw01,1729,93,162,-133,134,91,3.01,42327
ground-height-0m-20260825-163632,d002m_r180_run01.csv,0,2,180,dw00;dw01;dw02;dw03;dw04;dw05;dw06;dw07;dw08,dw00;dw01;dw02;dw03;dw04;dw05;dw06;dw07;dw08,,55,1,2026-08-28T09:30:07.151+0200,dw02,8FB0,74,162,-92,162,0,3.15,52368
ground-height-0m-20260825-163632,d002m_r180_run01.csv,0,2,180,dw00;dw01;dw02;dw03;dw04;dw05;dw06;dw07;dw08,dw00;dw01;dw02;dw03;dw04;dw05;dw06;dw07;dw08,,145,1,2026-08-28T09:30:07.191+0200,dw07,5783,10,165,139,48,158,2.95,2147483
ground-height-0m-20260825-163632,d002m_r180_run01.csv,0,2,180,dw00;dw01;dw02;dw03;dw04;dw05;dw06;dw07;dw08,dw00;dw01;dw02;dw03;dw04;dw05;dw06;dw07;dw08,,75,1,2026-08-28T09:30:07.211+0200,dw03,021B,84,156,-46,-133,81,3.21,12268
ground-height-0m-20260825-163632,d002m_r180_run01.csv,0,2,180,dw00;dw01;dw02;dw03;dw04;dw05;dw06;dw07;dw08,dw00;dw01;dw02;dw03;dw04;dw05;dw06;dw07;dw08,,165,1,2026-08-28T09:30:07.221+0200,dw08,028E,224,166,161,71,150,3.51,22308
ground-height-0m-20260825-163632,d002m_r180_run01.csv,0,2,180,dw00;dw01;dw02;dw03;dw04;dw05;dw06;dw07;dw08,dw00;dw01;dw02;dw03;dw04;dw05;dw06;dw07;dw08,,90,1,2026-08-28T09:30:07.261+0200,dw04,0F85,2,165,-3,-97,133,1.99,62286
ground-height-0m-20260825-163632,d002m_r180_run01.csv,0,2,180,dw00;dw01;dw02;dw03;dw04;dw05;dw06;dw07;dw08,dw00;dw01;dw02;dw03;dw04;dw05;dw06;dw07;dw08,,105,1,2026-08-28T09:30:07.271+0200,dw05,4B92,164,161,48,-42,156,2.32,72296
ground-height-0m-20260825-163632,d002m_r180_run01.csv,0,2,180,dw00;dw01;dw02;dw03;dw04;dw05;dw06;dw07;dw08,dw00;dw01;dw02;dw03;dw04;dw05;dw06;dw07;dw08,,125,1,2026-08-28T09:30:07.280+0200,dw06,0789,25,159,95,3,159,1.87,82305
ground-height-0m-20260825-163632,d002m_r180_run01.csv,0,2,180,dw00;dw01;dw02;dw03;dw04;dw05;dw06;dw07;dw08,dw00;dw01;dw02;dw03;dw04;dw05;dw06;dw07;dw08,,15,1,2026-08-28T09:30:07.331+0200,dw00,8103,252,175,-161,114,132,3.57,32257
ground-height-0m-20260825-163632,d002m_r180_run01.csv,0,2,180,dw00;dw01;dw02;dw03;dw04;dw05;dw06;dw07;dw08,dw00;dw01;dw02;dw03;dw04;dw05;dw06;dw07;dw08,,35,1,2026-08-28T09:30:07.341+0200,dw01,1729,94,165,-139,130,101,2.95,42327
ground-height-0m-20260825-163632,d002m_r180_run01.csv,0,2,180,dw00;dw01;dw02;dw03;dw04;dw05;dw06;dw07;dw08,dw00;dw01;dw02;dw03;dw04;dw05;dw06;dw07;dw08,,55,1,2026-08-28T09:30:07.351+0200,dw02,8FB0,75,158,-100,158,0,3.06,52368
ground-height-0m-20260825-163632,d002m_r180_run01.csv,0,2,180,dw00;dw01;dw02;dw03;dw04;dw05;dw06;dw07;dw08,dw00;dw01;dw02;dw03;dw04;dw05;dw06;dw07;dw08,,145,1,2026-08-28T09:30:07.391+0200,dw07,5783,11,164,131,39,159,2.89,2147483
ground-height-0m-20260825-163632,d002m_r180_run01.csv,0,2,180,dw00;dw01;dw02;dw03;dw04;dw05;dw06;dw07;dw08,dw00;dw01;dw02;dw03;dw04;dw05;dw06;dw07;dw08,,75,1,2026-08-28T09:30:07.410+0200,dw03,021B,85,156,-40,-127,89,3.21,12268
ground-height-0m-20260825-163632,d002m_r180_run01.csv,0,2,180,dw00;dw01;dw02;dw03;dw04;dw05;dw06;dw07;dw08,dw00;dw01;dw02;dw03;dw04;dw05;dw06;dw07;dw08,,165,1,2026-08-28T09:30:07.421+0200,dw08,028E,225,166,157,67,152,3.39,22247
ground-height-0m-20260825-163632,d002m_r180_run01.csv,0,2,180,dw00;dw01;dw02;dw03;dw04;dw05;dw06;dw07;dw08,dw00;dw01;dw02;dw03;dw04;dw05;dw06;dw07;dw08,,90,1,2026-08-28T09:30:07.461+0200,dw04,0F85,3,165,3,-90,138,1.93,62286
ground-height-0m-20260825-163632,d002m_r180_run01.csv,0,2,180,dw00;dw01;dw02;dw03;dw04;dw05;dw06;dw07;dw08,dw00;dw01;dw02;dw03;dw04;dw05;dw06;dw07;dw08,,105,1,2026-08-28T09:30:07.471+0200,dw05,4B92,165,163,44,-48,155,2.26,72235
ground-height-0m-20260825-163632,d002m_r180_run01.csv,0,2,180,dw00;dw01;dw02;dw03;dw04;dw05;dw06;dw07;dw08,dw00;dw01;dw02;dw03;dw04;dw05;dw06;dw07;dw08,,125,1,2026-08-28T09:30:07.481+0200,dw06,0789,26,161,95,3,161,1.81,82305
ground-height-0m-20260825-163632,d002m_r180_run01.csv,0,2,180,dw00;dw01;dw02;dw03;dw04;dw05;dw06;dw07;dw08,dw00;dw01;dw02;dw03;dw04;dw05;dw06;dw07;dw08,,15,1,2026-08-28T09:30:07.530+0200,dw00,8103,253,176,-162,113,134,3.45,32257
ground-height-0m-20260825-163632,d002m_r180_run01.csv,0,2,180,dw00;dw01;dw02;dw03;dw04;dw05;dw06;dw07;dw08,dw00;dw01;dw02;dw03;dw04;dw05;dw06;dw07;dw08,,35,1,2026-08-28T09:30:07.541+0200,dw01,1729,95,160,-136,129,94,3.01,42297
ground-height-0m-20260825-163632,d002m_r180_run01.csv,0,2,180,dw00;dw01;dw02;dw03;dw04;dw05;dw06;dw07;dw08,dw00;dw01;dw02;dw03;dw04;dw05;dw06;dw07;dw08,,55,1,2026-08-28T09:30:07.551+0200,dw02,8FB0,76,159,-102,159,0,3.15,52368
ground-height-0m-20260825-163632,d002m_r180_run01.csv,0,2,180,dw00;dw01;dw02;dw03;dw04;dw05;dw06;dw07;dw08,dw00;dw01;dw02;dw03;dw04;dw05;dw06;dw07;dw08,,145,1,2026-08-28T09:30:07.591+0200,dw07,5783,12,164,141,49,156,2.89,2147483
ground-height-0m-20260825-163632,d002m_r180_run01.csv,0,2,180,dw00;dw01;dw02;dw03;dw04;dw05;dw06;dw07;dw08,dw00;dw01;dw02;dw03;dw04;dw05;dw06;dw07;dw08,,75,1,2026-08-28T09:30:07.611+0200,dw03,021B,86,156,-46,-134,80,3.21,12268
ground-height-0m-20260825-163632,d002m_r180_run01.csv,0,2,180,dw00;dw01;dw02;dw03;dw04;dw05;dw06;dw07;dw08,dw00;dw01;dw02;dw03;dw04;dw05;dw06;dw07;dw08,,165,1,2026-08-28T09:30:07.620+0200,dw08,028E,226,170,165,77,151,3.39,22277
ground-height-0m-20260825-163632,d002m_r180_run01.csv,0,2,180,dw00;dw01;dw02;dw03;dw04;dw05;dw06;dw07;dw08,dw00;dw01;dw02;dw03;dw04;dw05;dw06;dw07;dw08,,90,1,2026-08-28T09:30:07.660+0200,dw04,0F85,4,161,0,-92,132,1.93,62286
ground-height-0m-20260825-163632,d002m_r180_run01.csv,0,2,180,dw00;dw01;dw02;dw03;dw04;dw05;dw06;dw07;dw08,dw00;dw01;dw02;dw03;dw04;dw05;dw06;dw07;dw08,,105,1,2026-08-28T09:30:07.671+0200,dw05,4B92,166,166,47,-45,159,2.20,72265
ground-height-0m-20260825-163632,d002m_r180_run01.csv,0,2,180,dw00;dw01;dw02;dw03;dw04;dw05;dw06;dw07;dw08,dw00;dw01;dw02;dw03;dw04;dw05;dw06;dw07;dw08,,125,1,2026-08-28T09:30:07.681+0200,dw06,0789,27,159,94,2,159,1.87,82305
ground-height-0m-20260825-163632,d002m_r180_run01.csv,0,2,180,dw00;dw01;dw02;dw03;dw04;dw05;dw06;dw07;dw08,dw00;dw01;dw02;dw03;dw04;dw05;dw06;dw07;dw08,,15,1,2026-08-28T09:30:07.731+0200,dw00,8103,254,178,-156,122,129,3.63,32287
ground-height-0m-20260825-163632,d002m_r180_run01.csv,0,2,180,dw00;dw01;dw02;dw03;dw04;dw05;dw06;dw07;dw08,dw00;dw01;dw02;dw03;dw04;dw05;dw06;dw07;dw08,,35,1,2026-08-28T09:30:07.740+0200,dw01,1729,96,166,-135,134,97,2.95,42327
ground-height-0m-20260825-163632,d002m_r180_run01.csv,0,2,180,dw00;dw01;dw02;dw03;dw04;dw05;dw06;dw07;dw08,dw00;dw01;dw02;dw03;dw04;dw05;dw06;dw07;dw08,,55,1,2026-08-28T09:30:07.751+0200,dw02,8FB0,77,166,-102,166,0,3.09,52398
ground-height-0m-20260825-163632,d002m_r180_run01.csv,0,2,180,dw00;dw01;dw02;dw03;dw04;dw05;dw06;dw07;dw08,dw00;dw01;dw02;dw03;dw04;dw05;dw06;dw07;dw08,,145,1,2026-08-28T09:30:07.792+0200,dw07,5783,13,165,139,48,157,2.95,2147483
ground-height-0m-20260825-163632,d002m_r180_run01.csv,0,2,180,dw00;dw01;dw02;dw03;dw04;dw05;dw06;dw07;dw08,dw00;dw01;dw02;dw03;dw04;dw05;dw06;dw07;dw08,,75,1,2026-08-28T09:30:07.812+0200,dw03,021B,87,153,-34,-120,95,3.27,12268
ground-height-0m-20260825-163632,d002m_r180_run01.csv,0,2,180,dw00;dw01;dw02;dw03;dw04;dw05;dw06;dw07;dw08,dw00;dw01;dw02;dw03;dw04;dw05;dw06;dw07;dw08,,165,1,2026-08-28T09:30:07.820+0200,dw08,028E,227,168,163,73,151,3.45,22308
ground-height-0m-20260825-163632,d002m_r180_run01.csv,0,2,180,dw00;dw01;dw02;dw03;dw04;dw05;dw06;dw07;dw08,dw00;dw01;dw02;dw03;dw04;dw05;dw06;dw07;dw08,,90,1,2026-08-28T09:30:07.861+0200,dw04,0F85,5,161,0,-90,133,1.99,62286
ground-height-0m-20260825-163632,d002m_r180_run01.csv,0,2,180,dw00;dw01;dw02;dw03;dw04;dw05;dw06;dw07;dw08,dw00;dw01;dw02;dw03;dw04;dw05;dw06;dw07;dw08,,105,1,2026-08-28T09:30:07.870+0200,dw05,4B92,167,165,46,-45,158,2.20,72235
ground-height-0m-20260825-163632,d002m_r180_run01.csv,0,2,180,dw00;dw01;dw02;dw03;dw04;dw05;dw06;dw07;dw08,dw00;dw01;dw02;dw03;dw04;dw05;dw06;dw07;dw08,,125,1,2026-08-28T09:30:07.881+0200,dw06,0789,28,158,102,10,158,1.81,82305
ground-height-0m-20260825-163632,d002m_r180_run01.csv,0,2,180,dw00;dw01;dw02;dw03;dw04;dw05;dw06;dw07;dw08,dw00;dw01;dw02;dw03;dw04;dw05;dw06;dw07;dw08,,15,1,2026-08-28T09:30:07.932+0200,dw00,8103,255,176,-160,115,132,3.57,32257
ground-height-0m-20260825-163632,d002m_r180_run01.csv,0,2,180,dw00;dw01;dw02;dw03;dw04;dw05;dw06;dw07;dw08,dw00;dw01;dw02;dw03;dw04;dw05;dw06;dw07;dw08,,35,1,2026-08-28T09:30:07.941+0200,dw01,1729,97,166,-138,132,101,3.01,42297
ground-height-0m-20260825-163632,d002m_r180_run01.csv,0,2,180,dw00;dw01;dw02;dw03;dw04;dw05;dw06;dw07;dw08,dw00;dw01;dw02;dw03;dw04;dw05;dw06;dw07;dw08,,55,1,2026-08-28T09:30:07.950+0200,dw02,8FB0,78,160,-98,160,0,3.09,52307
ground-height-0m-20260825-163632,d002m_r180_run01.csv,0,2,180,dw00;dw01;dw02;dw03;dw04;dw05;dw06;dw07;dw08,dw00;dw01;dw02;dw03;dw04;dw05;dw06;dw07;dw08,,145,1,2026-08-28T09:30:07.991+0200,dw07,5783,14,164,134,42,158,2.89,2147483
ground-height-0m-20260825-163632,d002m_r180_run01.csv,0,2,180,dw00;dw01;dw02;dw03;dw04;dw05;dw06;dw07;dw08,dw00;dw01;dw02;dw03;dw04;dw05;dw06;dw07;dw08,,75,1,2026-08-28T09:30:08.012+0200,dw03,021B,88,156,-37,-125,93,3.21,12298
ground-height-0m-20260825-163632,d002m_r180_run01.csv,0,2,180,dw00;dw01;dw02;dw03;dw04;dw05;dw06;dw07;dw08,dw00;dw01;dw02;dw03;dw04;dw05;dw06;dw07;dw08,,165,1,2026-08-28T09:30:08.021+0200,dw08,028E,228,166,169,79,146,3.39,22277
ground-height-0m-20260825-163632,d002m_r180_run01.csv,0,2,180,dw00;dw01;dw02;dw03;dw04;dw05;dw06;dw07;dw08,dw00;dw01;dw02;dw03;dw04;dw05;dw06;dw07;dw08,,90,1,2026-08-28T09:30:08.061+0200,dw04,0F85,6,166,2,-92,138,1.87,62255
ground-height-0m-20260825-163632,d002m_r180_run01.csv,0,2,180,dw00;dw01;dw02;dw03;dw04;dw05;dw06;dw07;dw08,dw00;dw01;dw02;dw03;dw04;dw05;dw06;dw07;dw08,,105,1,2026-08-28T09:30:08.071+0200,dw05,4B92,168,164,52,-40,159,2.14,72265
ground-height-0m-20260825-163632,d002m_r180_run01.csv,0,2,180,dw00;dw01;dw02;dw03;dw04;dw05;dw06;dw07;dw08,dw00;dw01;dw02;dw03;dw04;dw05;dw06;dw07;dw08,,125,1,2026-08-28T09:30:08.081+0200,dw06,0789,29,160,106,14,160,1.87,82305
ground-height-0m-20260825-163632,d002m_r180_run01.csv,0,2,180,dw00;dw01;dw02;dw03;dw04;dw05;dw06;dw07;dw08,dw00;dw01;dw02;dw03;dw04;dw05;dw06;dw07;dw08,,15,1,2026-08-28T09:30:08.132+0200,dw00,8103,0,174,-164,111,134,3.57,32257
ground-height-0m-20260825-163632,d002m_r180_run01.csv,0,2,180,dw00;dw01;dw02;dw03;dw04;dw05;dw06;dw07;dw08,dw00;dw01;dw02;dw03;dw04;dw05;dw06;dw07;dw08,,35,1,2026-08-28T09:30:08.141+0200,dw01,1729,98,165,-141,127,104,2.83,42327
ground-height-0m-20260825-163632,d002m_r180_run01.csv,0,2,180,dw00;dw01;dw02;dw03;dw04;dw05;dw06;dw07;dw08,dw00;dw01;dw02;dw03;dw04;dw05;dw06;dw07;dw08,,55,1,2026-08-28T09:30:08.151+0200,dw02,8FB0,79,159,-105,158,19,3.09,52307
ground-height-0m-20260825-163632,d002m_r180_run01.csv,0,2,180,dw00;dw01;dw02;dw03;dw04;dw05;dw06;dw07;dw08,dw00;dw01;dw02;dw03;dw04;dw05;dw06;dw07;dw08,,145,1,2026-08-28T09:30:08.191+0200,dw07,5783,15,161,143,51,152,2.95,2147483
ground-height-0m-20260825-163632,d002m_r180_run01.csv,0,2,180,dw00;dw01;dw02;dw03;dw04;dw05;dw06;dw07;dw08,dw00;dw01;dw02;dw03;dw04;dw05;dw06;dw07;dw08,,75,1,2026-08-28T09:30:08.211+0200,dw03,021B,89,154,-46,-131,80,3.27,12268
ground-height-0m-20260825-163632,d002m_r180_run01.csv,0,2,180,dw00;dw01;dw02;dw03;dw04;dw05;dw06;dw07;dw08,dw00;dw01;dw02;dw03;dw04;dw05;dw06;dw07;dw08,,165,1,2026-08-28T09:30:08.222+0200,dw08,028E,229,167,162,72,151,3.45,22277
ground-height-0m-20260825-163632,d002m_r180_run01.csv,0,2,180,dw00;dw01;dw02;dw03;dw04;dw05;dw06;dw07;dw08,dw00;dw01;dw02;dw03;dw04;dw05;dw06;dw07;dw08,,90,1,2026-08-28T09:30:08.262+0200,dw04,0F85,7,165,2,-91,137,1.93,62286
ground-height-0m-20260825-163632,d002m_r180_run01.csv,0,2,180,dw00;dw01;dw02;dw03;dw04;dw05;dw06;dw07;dw08,dw00;dw01;dw02;dw03;dw04;dw05;dw06;dw07;dw08,,105,1,2026-08-28T09:30:08.271+0200,dw05,4B92,169,162,47,-44,156,2.20,72265
ground-height-0m-20260825-163632,d002m_r180_run01.csv,0,2,180,dw00;dw01;dw02;dw03;dw04;dw05;dw06;dw07;dw08,dw00;dw01;dw02;dw03;dw04;dw05;dw06;dw07;dw08,,125,1,2026-08-28T09:30:08.281+0200,dw06,0789,30,155,108,15,154,1.93,82305
ground-height-0m-20260825-163632,d002m_r180_run01.csv,0,2,180,dw00;dw01;dw02;dw03;dw04;dw05;dw06;dw07;dw08,dw00;dw01;dw02;dw03;dw04;dw05;dw06;dw07;dw08,,15,1,2026-08-28T09:30:08.331+0200,dw00,8103,1,179,-156,122,130,3.57,32257
ground-height-0m-20260825-163632,d002m_r180_run01.csv,0,2,180,dw00;dw01;dw02;dw03;dw04;dw05;dw06;dw07;dw08,dw00;dw01;dw02;dw03;dw04;dw05;dw06;dw07;dw08,,35,1,2026-08-28T09:30:08.342+0200,dw01,1729,99,166,-143,126,107,2.95,42297
ground-height-0m-20260825-163632,d002m_r180_run01.csv,0,2,180,dw00;dw01;dw02;dw03;dw04;dw05;dw06;dw07;dw08,dw00;dw01;dw02;dw03;dw04;dw05;dw06;dw07;dw08,,55,1,2026-08-28T09:30:08.351+0200,dw02,8FB0,80,161,-101,161,0,3.06,52337
ground-height-0m-20260825-163632,d002m_r180_run01.csv,0,2,180,dw00;dw01;dw02;dw03;dw04;dw05;dw06;dw07;dw08,dw00;dw01;dw02;dw03;dw04;dw05;dw06;dw07;dw08,,145,1,2026-08-28T09:30:08.392+0200,dw07,5783,16,162,139,47,155,2.95,2147483
ground-height-0m-20260825-163632,d002m_r180_run01.csv,0,2,180,dw00;dw01;dw02;dw03;dw04;dw05;dw06;dw07;dw08,dw00;dw01;dw02;dw03;dw04;dw05;dw06;dw07;dw08,,75,1,2026-08-28T09:30:08.411+0200,dw03,021B,90,153,-46,-131,79,3.27,12268
ground-height-0m-20260825-163632,d002m_r180_run01.csv,0,2,180,dw00;dw01;dw02;dw03;dw04;dw05;dw06;dw07;dw08,dw00;dw01;dw02;dw03;dw04;dw05;dw06;dw07;dw08,,165,1,2026-08-28T09:30:08.421+0200,dw08,028E,230,169,158,69,154,3.57,22308
ground-height-0m-20260825-163632,d002m_r180_run01.csv,0,2,180,dw00;dw01;dw02;dw03;dw04;dw05;dw06;dw07;dw08,dw00;dw01;dw02;dw03;dw04;dw05;dw06;dw07;dw08,,90,1,2026-08-28T09:30:08.461+0200,dw04,0F85,8,162,5,-87,137,2.02,62286
ground-height-0m-20260825-163632,d002m_r180_run01.csv,0,2,180,dw00;dw01;dw02;dw03;dw04;dw05;dw06;dw07;dw08,dw00;dw01;dw02;dw03;dw04;dw05;dw06;dw07;dw08,,105,1,2026-08-28T09:30:08.472+0200,dw05,4B92,170,164,51,-40,159,2.14,72235
ground-height-0m-20260825-163632,d002m_r180_run01.csv,0,2,180,dw00;dw01;dw02;dw03;dw04;dw05;dw06;dw07;dw08,dw00;dw01;dw02;dw03;dw04;dw05;dw06;dw07;dw08,,125,1,2026-08-28T09:30:08.481+0200,dw06,0789,31,157,101,9,157,1.87,82305
ground-height-0m-20260825-163632,d002m_r180_run01.csv,0,2,180,dw00;dw01;dw02;dw03;dw04;dw05;dw06;dw07;dw08,dw00;dw01;dw02;dw03;dw04;dw05;dw06;dw07;dw08,,15,1,2026-08-28T09:30:08.531+0200,dw00,8103,2,176,-157,119,129,3.51,32287
ground-height-0m-20260825-163632,d002m_r180_run01.csv,0,2,180,dw00;dw01;dw02;dw03;dw04;dw05;dw06;dw07;dw08,dw00;dw01;dw02;dw03;dw04;dw05;dw06;dw07;dw08,,35,1,2026-08-28T09:30:08.541+0200,dw01,1729,100,166,-141,128,104,2.83,42327
ground-height-0m-20260825-163632,d002m_r180_run01.csv,0,2,180,dw00;dw01;dw02;dw03;dw04;dw05;dw06;dw07;dw08,dw00;dw01;dw02;dw03;dw04;dw05;dw06;dw07;dw08,,55,1,2026-08-28T09:30:08.552+0200,dw02,8FB0,81,160,-101,160,0,3.06,52307
ground-height-0m-20260825-163632,d002m_r180_run01.csv,0,2,180,dw00;dw01;dw02;dw03;dw04;dw05;dw06;dw07;dw08,dw00;dw01;dw02;dw03;dw04;dw05;dw06;dw07;dw08,,145,1,2026-08-28T09:30:08.591+0200,dw07,5783,17,164,142,50,156,2.89,2147483
ground-height-0m-20260825-163632,d002m_r180_run01.csv,0,2,180,dw00;dw01;dw02;dw03;dw04;dw05;dw06;dw07;dw08,dw00;dw01;dw02;dw03;dw04;dw05;dw06;dw07;dw08,,75,1,2026-08-28T09:30:08.611+0200,dw03,021B,91,157,-42,-131,86,3.27,12268
ground-height-0m-20260825-163632,d002m_r180_run01.csv,0,2,180,dw00;dw01;dw02;dw03;dw04;dw05;dw06;dw07;dw08,dw00;dw01;dw02;dw03;dw04;dw05;dw06;dw07;dw08,,165,1,2026-08-28T09:30:08.621+0200,dw08,028E,231,167,166,76,148,3.45,22277
ground-height-0m-20260825-163632,d002m_r180_run01.csv,0,2,180,dw00;dw01;dw02;dw03;dw04;dw05;dw06;dw07;dw08,dw00;dw01;dw02;dw03;dw04;dw05;dw06;dw07;dw08,,90,1,2026-08-28T09:30:08.661+0200,dw04,0F85,9,164,0,-92,135,2.02,62286
ground-height-0m-20260825-163632,d002m_r180_run01.csv,0,2,180,dw00;dw01;dw02;dw03;dw04;dw05;dw06;dw07;dw08,dw00;dw01;dw02;dw03;dw04;dw05;dw06;dw07;dw08,,105,1,2026-08-28T09:30:08.671+0200,dw05,4B92,171,162,41,-50,154,2.20,72265
ground-height-0m-20260825-163632,d002m_r180_run01.csv,0,2,180,dw00;dw01;dw02;dw03;dw04;dw05;dw06;dw07;dw08,dw00;dw01;dw02;dw03;dw04;dw05;dw06;dw07;dw08,,125,1,2026-08-28T09:30:08.682+0200,dw06,0789,32,158,99,7,158,1.87,82305
ground-height-0m-20260825-163632,d002m_r180_run01.csv,0,2,180,dw00;dw01;dw02;dw03;dw04;dw05;dw06;dw07;dw08,dw00;dw01;dw02;dw03;dw04;dw05;dw06;dw07;dw08,,15,1,2026-08-28T09:30:08.731+0200,dw00,8103,3,176,-153,124,125,3.63,32257
ground-height-0m-20260825-163632,d002m_r180_run01.csv,0,2,180,dw00;dw01;dw02;dw03;dw04;dw05;dw06;dw07;dw08,dw00;dw01;dw02;dw03;dw04;dw05;dw06;dw07;dw08,,35,1,2026-08-28T09:30:08.741+0200,dw01,1729,101,166,-136,134,98,3.01,42297
ground-height-0m-20260825-163632,d002m_r180_run01.csv,0,2,180,dw00;dw01;dw02;dw03;dw04;dw05;dw06;dw07;dw08,dw00;dw01;dw02;dw03;dw04;dw05;dw06;dw07;dw08,,55,1,2026-08-28T09:30:08.751+0200,dw02,8FB0,82,166,-95,166,0,3.01,52398
ground-height-0m-20260825-163632,d002m_r180_run01.csv,0,2,180,dw00;dw01;dw02;dw03;dw04;dw05;dw06;dw07;dw08,dw00;dw01;dw02;dw03;dw04;dw05;dw06;dw07;dw08,,145,1,2026-08-28T09:30:08.791+0200,dw07,5783,18,163,137,46,157,2.89,2147483
ground-height-0m-20260825-163632,d002m_r180_run01.csv,0,2,180,dw00;dw01;dw02;dw03;dw04;dw05;dw06;dw07;dw08,dw00;dw01;dw02;dw03;dw04;dw05;dw06;dw07;dw08,,75,1,2026-08-28T09:30:08.811+0200,dw03,021B,92,156,-41,-129,88,3.21,12268
ground-height-0m-20260825-163632,d002m_r180_run01.csv,0,2,180,dw00;dw01;dw02;dw03;dw04;dw05;dw06;dw07;dw08,dw00;dw01;dw02;dw03;dw04;dw05;dw06;dw07;dw08,,165,1,2026-08-28T09:30:08.821+0200,dw08,028E,232,160,158,65,146,3.57,22277
ground-height-0m-20260825-163632,d002m_r180_run01.csv,0,2,180,dw00;dw01;dw02;dw03;dw04;dw05;dw06;dw07;dw08,dw00;dw01;dw02;dw03;dw04;dw05;dw06;dw07;dw08,,90,1,2026-08-28T09:30:08.861+0200,dw04,0F85,10,162,2,-89,135,1.99,62255
ground-height-0m-20260825-163632,d002m_r180_run01.csv,0,2,180,dw00;dw01;dw02;dw03;dw04;dw05;dw06;dw07;dw08,dw00;dw01;dw02;dw03;dw04;dw05;dw06;dw07;dw08,,105,1,2026-08-28T09:30:08.871+0200,dw05,4B92,172,161,44,-47,154,2.14,72265
ground-height-0m-20260825-163632,d002m_r180_run01.csv,0,2,180,dw00;dw01;dw02;dw03;dw04;dw05;dw06;dw07;dw08,dw00;dw01;dw02;dw03;dw04;dw05;dw06;dw07;dw08,,125,1,2026-08-28T09:30:08.881+0200,dw06,0789,33,158,102,10,158,1.87,82305
ground-height-0m-20260825-163632,d002m_r180_run01.csv,0,2,180,dw00;dw01;dw02;dw03;dw04;dw05;dw06;dw07;dw08,dw00;dw01;dw02;dw03;dw04;dw05;dw06;dw07;dw08,,15,1,2026-08-28T09:30:08.931+0200,dw00,8103,4,177,-160,117,132,3.57,32257
ground-height-0m-20260825-163632,d002m_r180_run01.csv,0,2,180,dw00;dw01;dw02;dw03;dw04;dw05;dw06;dw07;dw08,dw00;dw01;dw02;dw03;dw04;dw05;dw06;dw07;dw08,,35,1,2026-08-28T09:30:08.941+0200,dw01,1729,102,166,-133,136,94,2.89,42358
ground-height-0m-20260825-163632,d002m_r180_run01.csv,0,2,180,dw00;dw01;dw02;dw03;dw04;dw05;dw06;dw07;dw08,dw00;dw01;dw02;dw03;dw04;dw05;dw06;dw07;dw08,,55,1,2026-08-28T09:30:08.951+0200,dw02,8FB0,83,161,-102,161,0,3.01,52307
ground-height-0m-20260825-163632,d002m_r180_run01.csv,0,2,180,dw00;dw01;dw02;dw03;dw04;dw05;dw06;dw07;dw08,dw00;dw01;dw02;dw03;dw04;dw05;dw06;dw07;dw08,,145,1,2026-08-28T09:30:08.991+0200,dw07,5783,19,161,137,45,155,3.01,2147483
ground-height-0m-20260825-163632,d002m_r180_run01.csv,0,2,180,dw00;dw01;dw02;dw03;dw04;dw05;dw06;dw07;dw08,dw00;dw01;dw02;dw03;dw04;dw05;dw06;dw07;dw08,,75,1,2026-08-28T09:30:09.011+0200,dw03,021B,93,155,-56,-142,61,3.27,12268
ground-height-0m-20260825-163632,d002m_r180_run01.csv,0,2,180,dw00;dw01;dw02;dw03;dw04;dw05;dw06;dw07;dw08,dw00;dw01;dw02;dw03;dw04;dw05;dw06;dw07;dw08,,165,1,2026-08-28T09:30:09.021+0200,dw08,028E,233,165,169,78,145,3.33,22247
ground-height-0m-20260825-163632,d002m_r180_run01.csv,0,2,180,dw00;dw01;dw02;dw03;dw04;dw05;dw06;dw07;dw08,dw00;dw01;dw02;dw03;dw04;dw05;dw06;dw07;dw08,,90,1,2026-08-28T09:30:09.061+0200,dw04,0F85,11,160,-1,-92,131,1.99,62286
