experiment_id,run_file,node_height_m,target_distance_m,tag_rotation_deg,expected_tags,participating_tags,missing_tags,tag_bearing_deg,valid_position,time,tag,a16,seq,range_cm,pdoa_deg,x_cm,y_cm,clk_ppm,t_us
ground-height-0m-20260825-163632,d018m_r270_run01.csv,0,18,270,dw00;dw01;dw02;dw03;dw04;dw05;dw06;dw07;dw08,dw00;dw01;dw02;dw03;dw04;dw05;dw06;dw07;dw08,,75,1,2026-08-28T06:54:05.830+0200,dw03,021B,65,1747,-34,-1371,1082,2.89,12298
ground-height-0m-20260825-163632,d018m_r270_run01.csv,0,18,270,dw00;dw01;dw02;dw03;dw04;dw05;dw06;dw07;dw08,dw00;dw01;dw02;dw03;dw04;dw05;dw06;dw07;dw08,,165,1,2026-08-28T06:54:05.840+0200,dw08,028E,29,1757,155,678,1621,2.38,22338
ground-height-0m-20260825-163632,d018m_r270_run01.csv,0,18,270,dw00;dw01;dw02;dw03;dw04;dw05;dw06;dw07;dw08,dw00;dw01;dw02;dw03;dw04;dw05;dw06;dw07;dw08,,15,1,2026-08-28T06:54:05.850+0200,dw00,8103,87,1767,-152,1244,1255,-3.18,32287
ground-height-0m-20260825-163632,d018m_r270_run01.csv,0,18,270,dw00;dw01;dw02;dw03;dw04;dw05;dw06;dw07;dw08,dw00;dw01;dw02;dw03;dw04;dw05;dw06;dw07;dw08,,55,1,2026-08-28T06:54:05.871+0200,dw02,8FB0,187,1756,-95,1756,0,3.21,52398
ground-height-0m-20260825-163632,d018m_r270_run01.csv,0,18,270,dw00;dw01;dw02;dw03;dw04;dw05;dw06;dw07;dw08,dw00;dw01;dw02;dw03;dw04;dw05;dw06;dw07;dw08,,90,1,2026-08-28T06:54:05.880+0200,dw04,0F85,83,1757,13,-860,1532,-3.09,62286
ground-height-0m-20260825-163632,d018m_r270_run01.csv,0,18,270,dw00;dw01;dw02;dw03;dw04;dw05;dw06;dw07;dw08,dw00;dw01;dw02;dw03;dw04;dw05;dw06;dw07;dw08,,105,1,2026-08-28T06:54:05.890+0200,dw05,4B92,95,1757,51,-451,1698,-3.75,72296
ground-height-0m-20260825-163632,d018m_r270_run01.csv,0,18,270,dw00;dw01;dw02;dw03;dw04;dw05;dw06;dw07;dw08,dw00;dw01;dw02;dw03;dw04;dw05;dw06;dw07;dw08,,125,1,2026-08-28T06:54:06.000+0200,dw06,0789,165,1762,87,-55,1762,4.08,82366
ground-height-0m-20260825-163632,d018m_r270_run01.csv,0,18,270,dw00;dw01;dw02;dw03;dw04;dw05;dw06;dw07;dw08,dw00;dw01;dw02;dw03;dw04;dw05;dw06;dw07;dw08,,75,1,2026-08-28T06:54:06.031+0200,dw03,021B,66,1749,-44,-1480,933,2.95,12268
ground-height-0m-20260825-163632,d018m_r270_run01.csv,0,18,270,dw00;dw01;dw02;dw03;dw04;dw05;dw06;dw07;dw08,dw00;dw01;dw02;dw03;dw04;dw05;dw06;dw07;dw08,,165,1,2026-08-28T06:54:06.040+0200,dw08,028E,30,1765,146,582,1666,2.50,22277
ground-height-0m-20260825-163632,d018m_r270_run01.csv,0,18,270,dw00;dw01;dw02;dw03;dw04;dw05;dw06;dw07;dw08,dw00;dw01;dw02;dw03;dw04;dw05;dw06;dw07;dw08,,15,1,2026-08-28T06:54:06.050+0200,dw00,8103,88,1767,49,-473,1703,-3.09,32287
ground-height-0m-20260825-163632,d018m_r270_run01.csv,0,18,270,dw00;dw01;dw02;dw03;dw04;dw05;dw06;dw07;dw08,dw00;dw01;dw02;dw03;dw04;dw05;dw06;dw07;dw08,,55,1,2026-08-28T06:54:06.071+0200,dw02,8FB0,188,1759,-90,1759,0,3.27,52368
ground-height-0m-20260825-163632,d018m_r270_run01.csv,0,18,270,dw00;dw01;dw02;dw03;dw04;dw05;dw06;dw07;dw08,dw00;dw01;dw02;dw03;dw04;dw05;dw06;dw07;dw08,,90,1,2026-08-28T06:54:06.080+0200,dw04,0F85,84,1759,6,-937,1488,-3.03,62286
ground-height-0m-20260825-163632,d018m_r270_run01.csv,0,18,270,dw00;dw01;dw02;dw03;dw04;dw05;dw06;dw07;dw08,dw00;dw01;dw02;dw03;dw04;dw05;dw06;dw07;dw08,,105,1,2026-08-28T06:54:06.090+0200,dw05,4B92,96,1754,46,-503,1680,-3.75,72265
ground-height-0m-20260825-163632,d018m_r270_run01.csv,0,18,270,dw00;dw01;dw02;dw03;dw04;dw05;dw06;dw07;dw08,dw00;dw01;dw02;dw03;dw04;dw05;dw06;dw07;dw08,,125,1,2026-08-28T06:54:06.201+0200,dw06,0789,166,1762,100,86,1760,4.08,2147483
ground-height-0m-20260825-163632,d018m_r270_run01.csv,0,18,270,dw00;dw01;dw02;dw03;dw04;dw05;dw06;dw07;dw08,dw00;dw01;dw02;dw03;dw04;dw05;dw06;dw07;dw08,,75,1,2026-08-28T06:54:06.230+0200,dw03,021B,67,1748,-22,-1246,1227,2.89,12268
ground-height-0m-20260825-163632,d018m_r270_run01.csv,0,18,270,dw00;dw01;dw02;dw03;dw04;dw05;dw06;dw07;dw08,dw00;dw01;dw02;dw03;dw04;dw05;dw06;dw07;dw08,,165,1,2026-08-28T06:54:06.241+0200,dw08,028E,31,1761,142,536,1677,2.38,22277
ground-height-0m-20260825-163632,d018m_r270_run01.csv,0,18,270,dw00;dw01;dw02;dw03;dw04;dw05;dw06;dw07;dw08,dw00;dw01;dw02;dw03;dw04;dw05;dw06;dw07;dw08,,15,1,2026-08-28T06:54:06.250+0200,dw00,8103,89,1765,-163,1121,1363,-3.18,32257
ground-height-0m-20260825-163632,d018m_r270_run01.csv,0,18,270,dw00;dw01;dw02;dw03;dw04;dw05;dw06;dw07;dw08,dw00;dw01;dw02;dw03;dw04;dw05;dw06;dw07;dw08,,55,1,2026-08-28T06:54:06.270+0200,dw02,8FB0,189,1755,-86,-1755,0,3.33,52337
ground-height-0m-20260825-163632,d018m_r270_run01.csv,0,18,270,dw00;dw01;dw02;dw03;dw04;dw05;dw06;dw07;dw08,dw00;dw01;dw02;dw03;dw04;dw05;dw06;dw07;dw08,,90,1,2026-08-28T06:54:06.281+0200,dw04,0F85,85,1759,6,-937,1489,-3.12,62225
ground-height-0m-20260825-163632,d018m_r270_run01.csv,0,18,270,dw00;dw01;dw02;dw03;dw04;dw05;dw06;dw07;dw08,dw00;dw01;dw02;dw03;dw04;dw05;dw06;dw07;dw08,,105,1,2026-08-28T06:54:06.290+0200,dw05,4B92,97,1755,49,-467,1691,-3.69,72265
ground-height-0m-20260825-163632,d018m_r270_run01.csv,0,18,270,dw00;dw01;dw02;dw03;dw04;dw05;dw06;dw07;dw08,dw00;dw01;dw02;dw03;dw04;dw05;dw06;dw07;dw08,,75,1,2026-08-28T06:54:06.430+0200,dw03,021B,68,1754,-38,-1417,1033,2.83,12298
ground-height-0m-20260825-163632,d018m_r270_run01.csv,0,18,270,dw00;dw01;dw02;dw03;dw04;dw05;dw06;dw07;dw08,dw00;dw01;dw02;dw03;dw04;dw05;dw06;dw07;dw08,,165,1,2026-08-28T06:54:06.440+0200,dw08,028E,32,1762,138,490,1692,2.32,22308
ground-height-0m-20260825-163632,d018m_r270_run01.csv,0,18,270,dw00;dw01;dw02;dw03;dw04;dw05;dw06;dw07;dw08,dw00;dw01;dw02;dw03;dw04;dw05;dw06;dw07;dw08,,15,1,2026-08-28T06:54:06.451+0200,dw00,8103,90,1766,-140,1373,1110,-3.18,32318
ground-height-0m-20260825-163632,d018m_r270_run01.csv,0,18,270,dw00;dw01;dw02;dw03;dw04;dw05;dw06;dw07;dw08,dw00;dw01;dw02;dw03;dw04;dw05;dw06;dw07;dw08,,55,1,2026-08-28T06:54:06.470+0200,dw02,8FB0,190,1754,-85,-1754,0,3.27,52337
ground-height-0m-20260825-163632,d018m_r270_run01.csv,0,18,270,dw00;dw01;dw02;dw03;dw04;dw05;dw06;dw07;dw08,dw00;dw01;dw02;dw03;dw04;dw05;dw06;dw07;dw08,,90,1,2026-08-28T06:54:06.480+0200,dw04,0F85,86,1759,14,-852,1538,-3.18,62286
ground-height-0m-20260825-163632,d018m_r270_run01.csv,0,18,270,dw00;dw01;dw02;dw03;dw04;dw05;dw06;dw07;dw08,dw00;dw01;dw02;dw03;dw04;dw05;dw06;dw07;dw08,,105,1,2026-08-28T06:54:06.491+0200,dw05,4B92,98,1754,51,-443,1697,-3.75,72296
ground-height-0m-20260825-163632,d018m_r270_run01.csv,0,18,270,dw00;dw01;dw02;dw03;dw04;dw05;dw06;dw07;dw08,dw00;dw01;dw02;dw03;dw04;dw05;dw06;dw07;dw08,,145,1,2026-08-28T06:54:06.627+0200,dw07,5783,8,1761,127,374,1720,2.38,2147483
ground-height-0m-20260825-163632,d018m_r270_run01.csv,0,18,270,dw00;dw01;dw02;dw03;dw04;dw05;dw06;dw07;dw08,dw00;dw01;dw02;dw03;dw04;dw05;dw06;dw07;dw08,,125,1,2026-08-28T06:54:06.634+0200,dw06,0789,168,1758,94,21,1758,4.20,2147483
ground-height-0m-20260825-163632,d018m_r270_run01.csv,0,18,270,dw00;dw01;dw02;dw03;dw04;dw05;dw06;dw07;dw08,dw00;dw01;dw02;dw03;dw04;dw05;dw06;dw07;dw08,,165,1,2026-08-28T06:54:06.640+0200,dw08,028E,33,1762,146,582,1664,2.44,2147483
ground-height-0m-20260825-163632,d018m_r270_run01.csv,0,18,270,dw00;dw01;dw02;dw03;dw04;dw05;dw06;dw07;dw08,dw00;dw01;dw02;dw03;dw04;dw05;dw06;dw07;dw08,,15,1,2026-08-28T06:54:06.650+0200,dw00,8103,91,1761,-151,1256,1234,-3.09,2147483
ground-height-0m-20260825-163632,d018m_r270_run01.csv,0,18,270,dw00;dw01;dw02;dw03;dw04;dw05;dw06;dw07;dw08,dw00;dw01;dw02;dw03;dw04;dw05;dw06;dw07;dw08,,55,1,2026-08-28T06:54:06.670+0200,dw02,8FB0,191,1756,-94,1756,0,3.33,2147483
ground-height-0m-20260825-163632,d018m_r270_run01.csv,0,18,270,dw00;dw01;dw02;dw03;dw04;dw05;dw06;dw07;dw08,dw00;dw01;dw02;dw03;dw04;dw05;dw06;dw07;dw08,,90,1,2026-08-28T06:54:06.680+0200,dw04,0F85,87,1756,8,-913,1500,-3.12,2147483
ground-height-0m-20260825-163632,d018m_r270_run01.csv,0,18,270,dw00;dw01;dw02;dw03;dw04;dw05;dw06;dw07;dw08,dw00;dw01;dw02;dw03;dw04;dw05;dw06;dw07;dw08,,105,1,2026-08-28T06:54:06.690+0200,dw05,4B92,99,1758,54,-419,1707,-3.81,2147483
ground-height-0m-20260825-163632,d018m_r270_run01.csv,0,18,270,dw00;dw01;dw02;dw03;dw04;dw05;dw06;dw07;dw08,dw00;dw01;dw02;dw03;dw04;dw05;dw06;dw07;dw08,,75,1,2026-08-28T06:54:06.846+0200,dw03,021B,70,1752,-18,-1197,1279,3.01,27893
ground-height-0m-20260825-163632,d018m_r270_run01.csv,0,18,270,dw00;dw01;dw02;dw03;dw04;dw05;dw06;dw07;dw08,dw00;dw01;dw02;dw03;dw04;dw05;dw06;dw07;dw08,,125,1,2026-08-28T06:54:06.853+0200,dw06,0789,169,1760,101,96,1757,4.08,35064
ground-height-0m-20260825-163632,d018m_r270_run01.csv,0,18,270,dw00;dw01;dw02;dw03;dw04;dw05;dw06;dw07;dw08,dw00;dw01;dw02;dw03;dw04;dw05;dw06;dw07;dw08,,165,1,2026-08-28T06:54:06.859+0200,dw08,028E,34,1760,147,589,1658,2.44,40802
ground-height-0m-20260825-163632,d018m_r270_run01.csv,0,18,270,dw00;dw01;dw02;dw03;dw04;dw05;dw06;dw07;dw08,dw00;dw01;dw02;dw03;dw04;dw05;dw06;dw07;dw08,,15,1,2026-08-28T06:54:06.868+0200,dw00,8103,92,1763,-156,1201,1291,-3.18,50842
ground-height-0m-20260825-163632,d018m_r270_run01.csv,0,18,270,dw00;dw01;dw02;dw03;dw04;dw05;dw06;dw07;dw08,dw00;dw01;dw02;dw03;dw04;dw05;dw06;dw07;dw08,,55,1,2026-08-28T06:54:06.889+0200,dw02,8FB0,192,1754,-81,-1755,0,3.15,71258
ground-height-0m-20260825-163632,d018m_r270_run01.csv,0,18,270,dw00;dw01;dw02;dw03;dw04;dw05;dw06;dw07;dw08,dw00;dw01;dw02;dw03;dw04;dw05;dw06;dw07;dw08,,90,1,2026-08-28T06:54:06.899+0200,dw04,0F85,88,1757,13,-857,1534,-3.09,80780
ground-height-0m-20260825-163632,d018m_r270_run01.csv,0,18,270,dw00;dw01;dw02;dw03;dw04;dw05;dw06;dw07;dw08,dw00;dw01;dw02;dw03;dw04;dw05;dw06;dw07;dw08,,105,1,2026-08-28T06:54:06.908+0200,dw05,4B92,100,1756,56,-398,1710,-3.66,90759
ground-height-0m-20260825-163632,d018m_r270_run01.csv,0,18,270,dw00;dw01;dw02;dw03;dw04;dw05;dw06;dw07;dw08,dw00;dw01;dw02;dw03;dw04;dw05;dw06;dw07;dw08,,75,1,2026-08-28T06:54:07.030+0200,dw03,021B,71,1749,-41,-1444,986,2.89,12298
ground-height-0m-20260825-163632,d018m_r270_run01.csv,0,18,270,dw00;dw01;dw02;dw03;dw04;dw05;dw06;dw07;dw08,dw00;dw01;dw02;dw03;dw04;dw05;dw06;dw07;dw08,,165,1,2026-08-28T06:54:07.040+0200,dw08,028E,35,1763,139,506,1689,2.50,22308
ground-height-0m-20260825-163632,d018m_r270_run01.csv,0,18,270,dw00;dw01;dw02;dw03;dw04;dw05;dw06;dw07;dw08,dw00;dw01;dw02;dw03;dw04;dw05;dw06;dw07;dw08,,15,1,2026-08-28T06:54:07.050+0200,dw00,8103,93,1766,-145,1324,1169,-3.12,32318
ground-height-0m-20260825-163632,d018m_r270_run01.csv,0,18,270,dw00;dw01;dw02;dw03;dw04;dw05;dw06;dw07;dw08,dw00;dw01;dw02;dw03;dw04;dw05;dw06;dw07;dw08,,55,1,2026-08-28T06:54:07.071+0200,dw02,8FB0,193,1758,-93,1758,0,3.27,52429
ground-height-0m-20260825-163632,d018m_r270_run01.csv,0,18,270,dw00;dw01;dw02;dw03;dw04;dw05;dw06;dw07;dw08,dw00;dw01;dw02;dw03;dw04;dw05;dw06;dw07;dw08,,90,1,2026-08-28T06:54:07.080+0200,dw04,0F85,89,1759,11,-882,1521,-3.12,62286
ground-height-0m-20260825-163632,d018m_r270_run01.csv,0,18,270,dw00;dw01;dw02;dw03;dw04;dw05;dw06;dw07;dw08,dw00;dw01;dw02;dw03;dw04;dw05;dw06;dw07;dw08,,105,1,2026-08-28T06:54:07.090+0200,dw05,4B92,101,1756,52,-434,1702,-3.69,72296
ground-height-0m-20260825-163632,d018m_r270_run01.csv,0,18,270,dw00;dw01;dw02;dw03;dw04;dw05;dw06;dw07;dw08,dw00;dw01;dw02;dw03;dw04;dw05;dw06;dw07;dw08,,125,1,2026-08-28T06:54:07.100+0200,dw06,0789,170,1765,102,105,1762,4.02,82275
ground-height-0m-20260825-163632,d018m_r270_run01.csv,0,18,270,dw00;dw01;dw02;dw03;dw04;dw05;dw06;dw07;dw08,dw00;dw01;dw02;dw03;dw04;dw05;dw06;dw07;dw08,,75,1,2026-08-28T06:54:07.230+0200,dw03,021B,72,1751,-39,-1430,1010,2.83,12298
ground-height-0m-20260825-163632,d018m_r270_run01.csv,0,18,270,dw00;dw01;dw02;dw03;dw04;dw05;dw06;dw07;dw08,dw00;dw01;dw02;dw03;dw04;dw05;dw06;dw07;dw08,,165,1,2026-08-28T06:54:07.239+0200,dw08,028E,36,1759,141,531,1677,2.38,22277
ground-height-0m-20260825-163632,d018m_r270_run01.csv,0,18,270,dw00;dw01;dw02;dw03;dw04;dw05;dw06;dw07;dw08,dw00;dw01;dw02;dw03;dw04;dw05;dw06;dw07;dw08,,15,1,2026-08-28T06:54:07.250+0200,dw00,8103,94,1767,-151,1261,1237,-3.09,32287
ground-height-0m-20260825-163632,d018m_r270_run01.csv,0,18,270,dw00;dw01;dw02;dw03;dw04;dw05;dw06;dw07;dw08,dw00;dw01;dw02;dw03;dw04;dw05;dw06;dw07;dw08,,55,1,2026-08-28T06:54:07.270+0200,dw02,8FB0,194,1758,-91,1758,0,3.15,52337
ground-height-0m-20260825-163632,d018m_r270_run01.csv,0,18,270,dw00;dw01;dw02;dw03;dw04;dw05;dw06;dw07;dw08,dw00;dw01;dw02;dw03;dw04;dw05;dw06;dw07;dw08,,90,1,2026-08-28T06:54:07.280+0200,dw04,0F85,90,1756,10,-896,1510,-3.12,62255
ground-height-0m-20260825-163632,d018m_r270_run01.csv,0,18,270,dw00;dw01;dw02;dw03;dw04;dw05;dw06;dw07;dw08,dw00;dw01;dw02;dw03;dw04;dw05;dw06;dw07;dw08,,105,1,2026-08-28T06:54:07.290+0200,dw05,4B92,102,1755,45,-512,1679,-3.69,72265
ground-height-0m-20260825-163632,d018m_r270_run01.csv,0,18,270,dw00;dw01;dw02;dw03;dw04;dw05;dw06;dw07;dw08,dw00;dw01;dw02;dw03;dw04;dw05;dw06;dw07;dw08,,125,1,2026-08-28T06:54:07.300+0200,dw06,0789,171,1759,98,57,1758,3.96,82305
ground-height-0m-20260825-163632,d018m_r270_run01.csv,0,18,270,dw00;dw01;dw02;dw03;dw04;dw05;dw06;dw07;dw08,dw00;dw01;dw02;dw03;dw04;dw05;dw06;dw07;dw08,,75,1,2026-08-28T06:54:07.430+0200,dw03,021B,73,1748,-28,-1305,1163,2.77,12268
ground-height-0m-20260825-163632,d018m_r270_run01.csv,0,18,270,dw00;dw01;dw02;dw03;dw04;dw05;dw06;dw07;dw08,dw00;dw01;dw02;dw03;dw04;dw05;dw06;dw07;dw08,,165,1,2026-08-28T06:54:07.440+0200,dw08,028E,37,1759,147,596,1655,2.38,22277
ground-height-0m-20260825-163632,d018m_r270_run01.csv,0,18,270,dw00;dw01;dw02;dw03;dw04;dw05;dw06;dw07;dw08,dw00;dw01;dw02;dw03;dw04;dw05;dw06;dw07;dw08,,15,1,2026-08-28T06:54:07.449+0200,dw00,8103,95,1764,-166,1092,1385,-3.12,32257
ground-height-0m-20260825-163632,d018m_r270_run01.csv,0,18,270,dw00;dw01;dw02;dw03;dw04;dw05;dw06;dw07;dw08,dw00;dw01;dw02;dw03;dw04;dw05;dw06;dw07;dw08,,55,1,2026-08-28T06:54:07.470+0200,dw02,8FB0,195,1754,-85,-1754,0,3.27,52398
ground-height-0m-20260825-163632,d018m_r270_run01.csv,0,18,270,dw00;dw01;dw02;dw03;dw04;dw05;dw06;dw07;dw08,dw00;dw01;dw02;dw03;dw04;dw05;dw06;dw07;dw08,,90,1,2026-08-28T06:54:07.480+0200,dw04,0F85,91,1757,9,-900,1508,-3.09,62255
ground-height-0m-20260825-163632,d018m_r270_run01.csv,0,18,270,dw00;dw01;dw02;dw03;dw04;dw05;dw06;dw07;dw08,dw00;dw01;dw02;dw03;dw04;dw05;dw06;dw07;dw08,,105,1,2026-08-28T06:54:07.489+0200,dw05,4B92,103,1755,42,-541,1670,-3.60,72265
ground-height-0m-20260825-163632,d018m_r270_run01.csv,0,18,270,dw00;dw01;dw02;dw03;dw04;dw05;dw06;dw07;dw08,dw00;dw01;dw02;dw03;dw04;dw05;dw06;dw07;dw08,,125,1,2026-08-28T06:54:07.500+0200,dw06,0789,172,1756,93,5,1756,4.02,82336
ground-height-0m-20260825-163632,d018m_r270_run01.csv,0,18,270,dw00;dw01;dw02;dw03;dw04;dw05;dw06;dw07;dw08,dw00;dw01;dw02;dw03;dw04;dw05;dw06;dw07;dw08,,75,1,2026-08-28T06:54:07.630+0200,dw03,021B,74,1753,-24,-1264,1215,2.83,12268
ground-height-0m-20260825-163632,d018m_r270_run01.csv,0,18,270,dw00;dw01;dw02;dw03;dw04;dw05;dw06;dw07;dw08,dw00;dw01;dw02;dw03;dw04;dw05;dw06;dw07;dw08,,165,1,2026-08-28T06:54:07.640+0200,dw08,028E,38,1760,141,521,1681,2.44,22308
ground-height-0m-20260825-163632,d018m_r270_run01.csv,0,18,270,dw00;dw01;dw02;dw03;dw04;dw05;dw06;dw07;dw08,dw00;dw01;dw02;dw03;dw04;dw05;dw06;dw07;dw08,,55,1,2026-08-28T06:54:07.670+0200,dw02,8FB0,196,1754,-103,1754,0,3.15,52368
ground-height-0m-20260825-163632,d018m_r270_run01.csv,0,18,270,dw00;dw01;dw02;dw03;dw04;dw05;dw06;dw07;dw08,dw00;dw01;dw02;dw03;dw04;dw05;dw06;dw07;dw08,,90,1,2026-08-28T06:54:07.680+0200,dw04,0F85,92,1761,14,-850,1542,-3.09,62286
ground-height-0m-20260825-163632,d018m_r270_run01.csv,0,18,270,dw00;dw01;dw02;dw03;dw04;dw05;dw06;dw07;dw08,dw00;dw01;dw02;dw03;dw04;dw05;dw06;dw07;dw08,,105,1,2026-08-28T06:54:07.690+0200,dw05,4B92,104,1758,58,-370,1718,-3.81,72265
ground-height-0m-20260825-163632,d018m_r270_run01.csv,0,18,270,dw00;dw01;dw02;dw03;dw04;dw05;dw06;dw07;dw08,dw00;dw01;dw02;dw03;dw04;dw05;dw06;dw07;dw08,,125,1,2026-08-28T06:54:07.699+0200,dw06,0789,173,1754,100,84,1752,4.02,82305
ground-height-0m-20260825-163632,d018m_r270_run01.csv,0,18,270,dw00;dw01;dw02;dw03;dw04;dw05;dw06;dw07;dw08,dw00;dw01;dw02;dw03;dw04;dw05;dw06;dw07;dw08,,75,1,2026-08-28T06:54:07.829+0200,dw03,021B,75,1748,-31,-1338,1126,2.77,2147483
ground-height-0m-20260825-163632,d018m_r270_run01.csv,0,18,270,dw00;dw01;dw02;dw03;dw04;dw05;dw06;dw07;dw08,dw00;dw01;dw02;dw03;dw04;dw05;dw06;dw07;dw08,,165,1,2026-08-28T06:54:07.840+0200,dw08,028E,39,1759,138,492,1688,2.32,2147483
ground-height-0m-20260825-163632,d018m_r270_run01.csv,0,18,270,dw00;dw01;dw02;dw03;dw04;dw05;dw06;dw07;dw08,dw00;dw01;dw02;dw03;dw04;dw05;dw06;dw07;dw08,,15,1,2026-08-28T06:54:07.865+0200,dw00,8103,97,1764,-155,1214,1280,-3.03,2147483
ground-height-0m-20260825-163632,d018m_r270_run01.csv,0,18,270,dw00;dw01;dw02;dw03;dw04;dw05;dw06;dw07;dw08,dw00;dw01;dw02;dw03;dw04;dw05;dw06;dw07;dw08,,90,1,2026-08-28T06:54:07.880+0200,dw04,0F85,93,1758,7,-924,1495,-3.09,2147483
ground-height-0m-20260825-163632,d018m_r270_run01.csv,0,18,270,dw00;dw01;dw02;dw03;dw04;dw05;dw06;dw07;dw08,dw00;dw01;dw02;dw03;dw04;dw05;dw06;dw07;dw08,,105,1,2026-08-28T06:54:07.890+0200,dw05,4B92,105,1754,57,-385,1712,-3.75,2147483
ground-height-0m-20260825-163632,d018m_r270_run01.csv,0,18,270,dw00;dw01;dw02;dw03;dw04;dw05;dw06;dw07;dw08,dw00;dw01;dw02;dw03;dw04;dw05;dw06;dw07;dw08,,125,1,2026-08-28T06:54:07.900+0200,dw06,0789,174,1763,100,79,1762,4.08,2147483
ground-height-0m-20260825-163632,d018m_r270_run01.csv,0,18,270,dw00;dw01;dw02;dw03;dw04;dw05;dw06;dw07;dw08,dw00;dw01;dw02;dw03;dw04;dw05;dw06;dw07;dw08,,75,1,2026-08-28T06:54:08.048+0200,dw03,021B,76,1751,-29,-1316,1155,2.83,2147483
ground-height-0m-20260825-163632,d018m_r270_run01.csv,0,18,270,dw00;dw01;dw02;dw03;dw04;dw05;dw06;dw07;dw08,dw00;dw01;dw02;dw03;dw04;dw05;dw06;dw07;dw08,,165,1,2026-08-28T06:54:08.058+0200,dw08,028E,40,1761,137,480,1694,2.50,2147483
ground-height-0m-20260825-163632,d018m_r270_run01.csv,0,18,270,dw00;dw01;dw02;dw03;dw04;dw05;dw06;dw07;dw08,dw00;dw01;dw02;dw03;dw04;dw05;dw06;dw07;dw08,,15,1,2026-08-28T06:54:08.084+0200,dw00,8103,98,1764,-152,1241,1253,-3.12,2147483
ground-height-0m-20260825-163632,d018m_r270_run01.csv,0,18,270,dw00;dw01;dw02;dw03;dw04;dw05;dw06;dw07;dw08,dw00;dw01;dw02;dw03;dw04;dw05;dw06;dw07;dw08,,90,1,2026-08-28T06:54:08.098+0200,dw04,0F85,94,1757,8,-908,1504,-3.09,2147483
ground-height-0m-20260825-163632,d018m_r270_run01.csv,0,18,270,dw00;dw01;dw02;dw03;dw04;dw05;dw06;dw07;dw08,dw00;dw01;dw02;dw03;dw04;dw05;dw06;dw07;dw08,,105,1,2026-08-28T06:54:08.108+0200,dw05,4B92,106,1755,43,-535,1672,-3.69,2147483
ground-height-0m-20260825-163632,d018m_r270_run01.csv,0,18,270,dw00;dw01;dw02;dw03;dw04;dw05;dw06;dw07;dw08,dw00;dw01;dw02;dw03;dw04;dw05;dw06;dw07;dw08,,125,1,2026-08-28T06:54:08.118+0200,dw06,0789,175,1758,96,34,1757,3.96,823
ground-height-0m-20260825-163632,d018m_r270_run01.csv,0,18,270,dw00;dw01;dw02;dw03;dw04;dw05;dw06;dw07;dw08,dw00;dw01;dw02;dw03;dw04;dw05;dw06;dw07;dw08,,75,1,2026-08-28T06:54:08.267+0200,dw03,021B,77,1750,-30,-1326,1143,2.83,49072
ground-height-0m-20260825-163632,d018m_r270_run01.csv,0,18,270,dw00;dw01;dw02;dw03;dw04;dw05;dw06;dw07;dw08,dw00;dw01;dw02;dw03;dw04;dw05;dw06;dw07;dw08,,165,1,2026-08-28T06:54:08.276+0200,dw08,028E,41,1757,145,574,1661,2.38,59265
ground-height-0m-20260825-163632,d018m_r270_run01.csv,0,18,270,dw00;dw01;dw02;dw03;dw04;dw05;dw06;dw07;dw08,dw00;dw01;dw02;dw03;dw04;dw05;dw06;dw07;dw08,,55,1,2026-08-28T06:54:08.302+0200,dw02,8FB0,199,1757,-100,1757,0,3.33,84503
ground-height-0m-20260825-163632,d018m_r270_run01.csv,0,18,270,dw00;dw01;dw02;dw03;dw04;dw05;dw06;dw07;dw08,dw00;dw01;dw02;dw03;dw04;dw05;dw06;dw07;dw08,,90,1,2026-08-28T06:54:08.317+0200,dw04,0F85,95,1758,17,-813,1559,-3.18,2147483
ground-height-0m-20260825-163632,d018m_r270_run01.csv,0,18,270,dw00;dw01;dw02;dw03;dw04;dw05;dw06;dw07;dw08,dw00;dw01;dw02;dw03;dw04;dw05;dw06;dw07;dw08,,105,1,2026-08-28T06:54:08.327+0200,dw05,4B92,107,1755,52,-436,1700,-3.69,9185
ground-height-0m-20260825-163632,d018m_r270_run01.csv,0,18,270,dw00;dw01;dw02;dw03;dw04;dw05;dw06;dw07;dw08,dw00;dw01;dw02;dw03;dw04;dw05;dw06;dw07;dw08,,125,1,2026-08-28T06:54:08.400+0200,dw06,0789,176,1756,98,56,1755,4.08,82305
ground-height-0m-20260825-163632,d018m_r270_run01.csv,0,18,270,dw00;dw01;dw02;dw03;dw04;dw05;dw06;dw07;dw08,dw00;dw01;dw02;dw03;dw04;dw05;dw06;dw07;dw08,,15,1,2026-08-28T06:54:08.518+0200,dw00,8103,100,1762,89,-41,1762,-3.09,885
ground-height-0m-20260825-163632,d018m_r270_run01.csv,0,18,270,dw00;dw01;dw02;dw03;dw04;dw05;dw06;dw07;dw08,dw00;dw01;dw02;dw03;dw04;dw05;dw06;dw07;dw08,,75,1,2026-08-28T06:54:08.529+0200,dw03,021B,78,1746,-31,-1337,1122,2.83,12329
ground-height-0m-20260825-163632,d018m_r270_run01.csv,0,18,270,dw00;dw01;dw02;dw03;dw04;dw05;dw06;dw07;dw08,dw00;dw01;dw02;dw03;dw04;dw05;dw06;dw07;dw08,,165,1,2026-08-28T06:54:08.539+0200,dw08,028E,42,1763,136,477,1697,2.44,22338
ground-height-0m-20260825-163632,d018m_r270_run01.csv,0,18,270,dw00;dw01;dw02;dw03;dw04;dw05;dw06;dw07;dw08,dw00;dw01;dw02;dw03;dw04;dw05;dw06;dw07;dw08,,55,1,2026-08-28T06:54:08.569+0200,dw02,8FB0,200,1754,-96,1754,0,3.15,52368
ground-height-0m-20260825-163632,d018m_r270_run01.csv,0,18,270,dw00;dw01;dw02;dw03;dw04;dw05;dw06;dw07;dw08,dw00;dw01;dw02;dw03;dw04;dw05;dw06;dw07;dw08,,90,1,2026-08-28T06:54:08.579+0200,dw04,0F85,96,1757,8,-918,1498,-3.09,62286
ground-height-0m-20260825-163632,d018m_r270_run01.csv,0,18,270,dw00;dw01;dw02;dw03;dw04;dw05;dw06;dw07;dw08,dw00;dw01;dw02;dw03;dw04;dw05;dw06;dw07;dw08,,105,1,2026-08-28T06:54:08.590+0200,dw05,4B92,108,1756,56,-396,1711,-3.69,72265
ground-height-0m-20260825-163632,d018m_r270_run01.csv,0,18,270,dw00;dw01;dw02;dw03;dw04;dw05;dw06;dw07;dw08,dw00;dw01;dw02;dw03;dw04;dw05;dw06;dw07;dw08,,125,1,2026-08-28T06:54:08.600+0200,dw06,0789,177,1757,90,-26,1757,4.02,82305
ground-height-0m-20260825-163632,d018m_r270_run01.csv,0,18,270,dw00;dw01;dw02;dw03;dw04;dw05;dw06;dw07;dw08,dw00;dw01;dw02;dw03;dw04;dw05;dw06;dw07;dw08,,75,1,2026-08-28T06:54:08.730+0200,dw03,021B,79,1750,-35,-1382,1073,2.83,12268
ground-height-0m-20260825-163632,d018m_r270_run01.csv,0,18,270,dw00;dw01;dw02;dw03;dw04;dw05;dw06;dw07;dw08,dw00;dw01;dw02;dw03;dw04;dw05;dw06;dw07;dw08,,165,1,2026-08-28T06:54:08.739+0200,dw08,028E,43,1763,134,450,1705,2.50,22277
ground-height-0m-20260825-163632,d018m_r270_run01.csv,0,18,270,dw00;dw01;dw02;dw03;dw04;dw05;dw06;dw07;dw08,dw00;dw01;dw02;dw03;dw04;dw05;dw06;dw07;dw08,,15,1,2026-08-28T06:54:08.749+0200,dw00,8103,101,1761,-158,1180,1307,-3.09,32318
ground-height-0m-20260825-163632,d018m_r270_run01.csv,0,18,270,dw00;dw01;dw02;dw03;dw04;dw05;dw06;dw07;dw08,dw00;dw01;dw02;dw03;dw04;dw05;dw06;dw07;dw08,,55,1,2026-08-28T06:54:08.770+0200,dw02,8FB0,201,1755,-87,1755,0,3.15,52398
ground-height-0m-20260825-163632,d018m_r270_run01.csv,0,18,270,dw00;dw01;dw02;dw03;dw04;dw05;dw06;dw07;dw08,dw00;dw01;dw02;dw03;dw04;dw05;dw06;dw07;dw08,,90,1,2026-08-28T06:54:08.779+0200,dw04,0F85,97,1760,8,-911,1506,-3.12,62286
ground-height-0m-20260825-163632,d018m_r270_run01.csv,0,18,270,dw00;dw01;dw02;dw03;dw04;dw05;dw06;dw07;dw08,dw00;dw01;dw02;dw03;dw04;dw05;dw06;dw07;dw08,,105,1,2026-08-28T06:54:08.789+0200,dw05,4B92,109,1756,49,-471,1692,-3.81,72265
ground-height-0m-20260825-163632,d018m_r270_run01.csv,0,18,270,dw00;dw01;dw02;dw03;dw04;dw05;dw06;dw07;dw08,dw00;dw01;dw02;dw03;dw04;dw05;dw06;dw07;dw08,,125,1,2026-08-28T06:54:08.799+0200,dw06,0789,178,1762,85,-77,1760,4.02,82275
ground-height-0m-20260825-163632,d018m_r270_run01.csv,0,18,270,dw00;dw01;dw02;dw03;dw04;dw05;dw06;dw07;dw08,dw00;dw01;dw02;dw03;dw04;dw05;dw06;dw07;dw08,,75,1,2026-08-28T06:54:08.930+0200,dw03,021B,80,1754,-38,-1424,1023,2.83,12298
ground-height-0m-20260825-163632,d018m_r270_run01.csv,0,18,270,dw00;dw01;dw02;dw03;dw04;dw05;dw06;dw07;dw08,dw00;dw01;dw02;dw03;dw04;dw05;dw06;dw07;dw08,,165,1,2026-08-28T06:54:08.939+0200,dw08,028E,44,1759,137,484,1691,2.38,22308
ground-height-0m-20260825-163632,d018m_r270_run01.csv,0,18,270,dw00;dw01;dw02;dw03;dw04;dw05;dw06;dw07;dw08,dw00;dw01;dw02;dw03;dw04;dw05;dw06;dw07;dw08,,15,1,2026-08-28T06:54:08.949+0200,dw00,8103,102,1760,-151,1247,1241,-3.18,32287
ground-height-0m-20260825-163632,d018m_r270_run01.csv,0,18,270,dw00;dw01;dw02;dw03;dw04;dw05;dw06;dw07;dw08,dw00;dw01;dw02;dw03;dw04;dw05;dw06;dw07;dw08,,55,1,2026-08-28T06:54:08.970+0200,dw02,8FB0,202,1755,-76,-1755,0,3.15,52337
ground-height-0m-20260825-163632,d018m_r270_run01.csv,0,18,270,dw00;dw01;dw02;dw03;dw04;dw05;dw06;dw07;dw08,dw00;dw01;dw02;dw03;dw04;dw05;dw06;dw07;dw08,,90,1,2026-08-28T06:54:08.980+0200,dw04,0F85,98,1758,5,-945,1482,-3.12,62255
ground-height-0m-20260825-163632,d018m_r270_run01.csv,0,18,270,dw00;dw01;dw02;dw03;dw04;dw05;dw06;dw07;dw08,dw00;dw01;dw02;dw03;dw04;dw05;dw06;dw07;dw08,,105,1,2026-08-28T06:54:08.989+0200,dw05,4B92,110,1755,56,-393,1710,-3.75,72265
ground-height-0m-20260825-163632,d018m_r270_run01.csv,0,18,270,dw00;dw01;dw02;dw03;dw04;dw05;dw06;dw07;dw08,dw00;dw01;dw02;dw03;dw04;dw05;dw06;dw07;dw08,,125,1,2026-08-28T06:54:08.999+0200,dw06,0789,179,1757,92,-8,1757,4.02,82275
ground-height-0m-20260825-163632,d018m_r270_run01.csv,0,18,270,dw00;dw01;dw02;dw03;dw04;dw05;dw06;dw07;dw08,dw00;dw01;dw02;dw03;dw04;dw05;dw06;dw07;dw08,,75,1,2026-08-28T06:54:09.129+0200,dw03,021B,81,1752,-37,-1412,1037,2.89,12268
ground-height-0m-20260825-163632,d018m_r270_run01.csv,0,18,270,dw00;dw01;dw02;dw03;dw04;dw05;dw06;dw07;dw08,dw00;dw01;dw02;dw03;dw04;dw05;dw06;dw07;dw08,,165,1,2026-08-28T06:54:09.140+0200,dw08,028E,45,1758,139,501,1685,2.32,22308
ground-height-0m-20260825-163632,d018m_r270_run01.csv,0,18,270,dw00;dw01;dw02;dw03;dw04;dw05;dw06;dw07;dw08,dw00;dw01;dw02;dw03;dw04;dw05;dw06;dw07;dw08,,15,1,2026-08-28T06:54:09.149+0200,dw00,8103,103,1762,-151,1258,1234,-3.18,32257
ground-height-0m-20260825-163632,d018m_r270_run01.csv,0,18,270,dw00;dw01;dw02;dw03;dw04;dw05;dw06;dw07;dw08,dw00;dw01;dw02;dw03;dw04;dw05;dw06;dw07;dw08,,55,1,2026-08-28T06:54:09.169+0200,dw02,8FB0,203,1757,-85,-1757,0,3.27,52368
ground-height-0m-20260825-163632,d018m_r270_run01.csv,0,18,270,dw00;dw01;dw02;dw03;dw04;dw05;dw06;dw07;dw08,dw00;dw01;dw02;dw03;dw04;dw05;dw06;dw07;dw08,,90,1,2026-08-28T06:54:09.180+0200,dw04,0F85,99,1759,13,-859,1534,-3.12,62255
ground-height-0m-20260825-163632,d018m_r270_run01.csv,0,18,270,dw00;dw01;dw02;dw03;dw04;dw05;dw06;dw07;dw08,dw00;dw01;dw02;dw03;dw04;dw05;dw06;dw07;dw08,,105,1,2026-08-28T06:54:09.189+0200,dw05,4B92,111,1758,49,-468,1694,-3.66,72265
ground-height-0m-20260825-163632,d018m_r270_run01.csv,0,18,270,dw00;dw01;dw02;dw03;dw04;dw05;dw06;dw07;dw08,dw00;dw01;dw02;dw03;dw04;dw05;dw06;dw07;dw08,,125,1,2026-08-28T06:54:09.199+0200,dw06,0789,180,1761,95,23,1760,4.02,82275
ground-height-0m-20260825-163632,d018m_r270_run01.csv,0,18,270,dw00;dw01;dw02;dw03;dw04;dw05;dw06;dw07;dw08,dw00;dw01;dw02;dw03;dw04;dw05;dw06;dw07;dw08,,75,1,2026-08-28T06:54:09.329+0200,dw03,021B,82,1750,-42,-1456,971,2.83,12268
ground-height-0m-20260825-163632,d018m_r270_run01.csv,0,18,270,dw00;dw01;dw02;dw03;dw04;dw05;dw06;dw07;dw08,dw00;dw01;dw02;dw03;dw04;dw05;dw06;dw07;dw08,,165,1,2026-08-28T06:54:09.339+0200,dw08,028E,46,1762,142,542,1677,2.38,22247
ground-height-0m-20260825-163632,d018m_r270_run01.csv,0,18,270,dw00;dw01;dw02;dw03;dw04;dw05;dw06;dw07;dw08,dw00;dw01;dw02;dw03;dw04;dw05;dw06;dw07;dw08,,15,1,2026-08-28T06:54:09.350+0200,dw00,8103,104,1767,-149,1279,1219,-3.09,32257
ground-height-0m-20260825-163632,d018m_r270_run01.csv,0,18,270,dw00;dw01;dw02;dw03;dw04;dw05;dw06;dw07;dw08,dw00;dw01;dw02;dw03;dw04;dw05;dw06;dw07;dw08,,55,1,2026-08-28T06:54:09.369+0200,dw02,8FB0,204,1758,-96,1758,0,3.15,52368
ground-height-0m-20260825-163632,d018m_r270_run01.csv,0,18,270,dw00;dw01;dw02;dw03;dw04;dw05;dw06;dw07;dw08,dw00;dw01;dw02;dw03;dw04;dw05;dw06;dw07;dw08,,90,1,2026-08-28T06:54:09.379+0200,dw04,0F85,100,1760,14,-855,1538,-3.09,62255
ground-height-0m-20260825-163632,d018m_r270_run01.csv,0,18,270,dw00;dw01;dw02;dw03;dw04;dw05;dw06;dw07;dw08,dw00;dw01;dw02;dw03;dw04;dw05;dw06;dw07;dw08,,105,1,2026-08-28T06:54:09.390+0200,dw05,4B92,112,1754,53,-430,1701,-3.75,72265
ground-height-0m-20260825-163632,d018m_r270_run01.csv,0,18,270,dw00;dw01;dw02;dw03;dw04;dw05;dw06;dw07;dw08,dw00;dw01;dw02;dw03;dw04;dw05;dw06;dw07;dw08,,125,1,2026-08-28T06:54:09.399+0200,dw06,0789,181,1759,106,149,1752,4.02,82275
ground-height-0m-20260825-163632,d018m_r270_run01.csv,0,18,270,dw00;dw01;dw02;dw03;dw04;dw05;dw06;dw07;dw08,dw00;dw01;dw02;dw03;dw04;dw05;dw06;dw07;dw08,,75,1,2026-08-28T06:54:09.529+0200,dw03,021B,83,1751,-33,-1360,1102,2.83,12268
ground-height-0m-20260825-163632,d018m_r270_run01.csv,0,18,270,dw00;dw01;dw02;dw03;dw04;dw05;dw06;dw07;dw08,dw00;dw01;dw02;dw03;dw04;dw05;dw06;dw07;dw08,,165,1,2026-08-28T06:54:09.539+0200,dw08,028E,47,1761,134,450,1702,2.38,22308
ground-height-0m-20260825-163632,d018m_r270_run01.csv,0,18,270,dw00;dw01;dw02;dw03;dw04;dw05;dw06;dw07;dw08,dw00;dw01;dw02;dw03;dw04;dw05;dw06;dw07;dw08,,15,1,2026-08-28T06:54:09.549+0200,dw00,8103,105,1764,-161,1143,1343,-3.12,32287
ground-height-0m-20260825-163632,d018m_r270_run01.csv,0,18,270,dw00;dw01;dw02;dw03;dw04;dw05;dw06;dw07;dw08,dw00;dw01;dw02;dw03;dw04;dw05;dw06;dw07;dw08,,55,1,2026-08-28T06:54:09.569+0200,dw02,8FB0,205,1757,-89,1757,0,3.27,52398
ground-height-0m-20260825-163632,d018m_r270_run01.csv,0,18,270,dw00;dw01;dw02;dw03;dw04;dw05;dw06;dw07;dw08,dw00;dw01;dw02;dw03;dw04;dw05;dw06;dw07;dw08,,90,1,2026-08-28T06:54:09.579+0200,dw04,0F85,101,1757,4,-956,1474,-3.09,62255
ground-height-0m-20260825-163632,d018m_r270_run01.csv,0,18,270,dw00;dw01;dw02;dw03;dw04;dw05;dw06;dw07;dw08,dw00;dw01;dw02;dw03;dw04;dw05;dw06;dw07;dw08,,105,1,2026-08-28T06:54:09.589+0200,dw05,4B92,113,1755,57,-382,1713,-3.69,72265
ground-height-0m-20260825-163632,d018m_r270_run01.csv,0,18,270,dw00;dw01;dw02;dw03;dw04;dw05;dw06;dw07;dw08,dw00;dw01;dw02;dw03;dw04;dw05;dw06;dw07;dw08,,125,1,2026-08-28T06:54:09.600+0200,dw06,0789,182,1755,88,-49,1755,4.02,82305
ground-height-0m-20260825-163632,d018m_r270_run01.csv,0,18,270,dw00;dw01;dw02;dw03;dw04;dw05;dw06;dw07;dw08,dw00;dw01;dw02;dw03;dw04;dw05;dw06;dw07;dw08,,75,1,2026-08-28T06:54:09.730+0200,dw03,021B,84,1750,-35,-1382,1072,2.83,12268
ground-height-0m-20260825-163632,d018m_r270_run01.csv,0,18,270,dw00;dw01;dw02;dw03;dw04;dw05;dw06;dw07;dw08,dw00;dw01;dw02;dw03;dw04;dw05;dw06;dw07;dw08,,165,1,2026-08-28T06:54:09.739+0200,dw08,028E,48,1757,147,595,1653,2.38,22277
ground-height-0m-20260825-163632,d018m_r270_run01.csv,0,18,270,dw00;dw01;dw02;dw03;dw04;dw05;dw06;dw07;dw08,dw00;dw01;dw02;dw03;dw04;dw05;dw06;dw07;dw08,,15,1,2026-08-28T06:54:09.749+0200,dw00,8103,106,1766,60,-348,1731,-3.18,32257
ground-height-0m-20260825-163632,d018m_r270_run01.csv,0,18,270,dw00;dw01;dw02;dw03;dw04;dw05;dw06;dw07;dw08,dw00;dw01;dw02;dw03;dw04;dw05;dw06;dw07;dw08,,55,1,2026-08-28T06:54:09.770+0200,dw02,8FB0,206,1752,-92,1752,0,3.21,52307
ground-height-0m-20260825-163632,d018m_r270_run01.csv,0,18,270,dw00;dw01;dw02;dw03;dw04;dw05;dw06;dw07;dw08,dw00;dw01;dw02;dw03;dw04;dw05;dw06;dw07;dw08,,90,1,2026-08-28T06:54:09.779+0200,dw04,0F85,102,1760,11,-882,1523,-3.12,62255
ground-height-0m-20260825-163632,d018m_r270_run01.csv,0,18,270,dw00;dw01;dw02;dw03;dw04;dw05;dw06;dw07;dw08,dw00;dw01;dw02;dw03;dw04;dw05;dw06;dw07;dw08,,105,1,2026-08-28T06:54:09.789+0200,dw05,4B92,114,1756,49,-471,1691,-3.75,72265
ground-height-0m-20260825-163632,d018m_r270_run01.csv,0,18,270,dw00;dw01;dw02;dw03;dw04;dw05;dw06;dw07;dw08,dw00;dw01;dw02;dw03;dw04;dw05;dw06;dw07;dw08,,125,1,2026-08-28T06:54:09.799+0200,dw06,0789,183,1759,90,-26,1759,4.02,82336
ground-height-0m-20260825-163632,d018m_r270_run01.csv,0,18,270,dw00;dw01;dw02;dw03;dw04;dw05;dw06;dw07;dw08,dw00;dw01;dw02;dw03;dw04;dw05;dw06;dw07;dw08,,75,1,2026-08-28T06:54:09.929+0200,dw03,021B,85,1750,-40,-1438,997,2.83,12268
ground-height-0m-20260825-163632,d018m_r270_run01.csv,0,18,270,dw00;dw01;dw02;dw03;dw04;dw05;dw06;dw07;dw08,dw00;dw01;dw02;dw03;dw04;dw05;dw06;dw07;dw08,,165,1,2026-08-28T06:54:09.940+0200,dw08,028E,49,1759,142,537,1675,2.53,22308
ground-height-0m-20260825-163632,d018m_r270_run01.csv,0,18,270,dw00;dw01;dw02;dw03;dw04;dw05;dw06;dw07;dw08,dw00;dw01;dw02;dw03;dw04;dw05;dw06;dw07;dw08,,15,1,2026-08-28T06:54:09.949+0200,dw00,8103,107,1764,-125,1537,867,-3.18,32287
ground-height-0m-20260825-163632,d018m_r270_run01.csv,0,18,270,dw00;dw01;dw02;dw03;dw04;dw05;dw06;dw07;dw08,dw00;dw01;dw02;dw03;dw04;dw05;dw06;dw07;dw08,,55,1,2026-08-28T06:54:09.969+0200,dw02,8FB0,207,1758,-97,1758,0,3.27,52398
ground-height-0m-20260825-163632,d018m_r270_run01.csv,0,18,270,dw00;dw01;dw02;dw03;dw04;dw05;dw06;dw07;dw08,dw00;dw01;dw02;dw03;dw04;dw05;dw06;dw07;dw08,,90,1,2026-08-28T06:54:09.980+0200,dw04,0F85,103,1757,6,-934,1488,-3.09,62255
ground-height-0m-20260825-163632,d018m_r270_run01.csv,0,18,270,dw00;dw01;dw02;dw03;dw04;dw05;dw06;dw07;dw08,dw00;dw01;dw02;dw03;dw04;dw05;dw06;dw07;dw08,,105,1,2026-08-28T06:54:09.989+0200,dw05,4B92,115,1754,47,-486,1686,-3.87,72265
ground-height-0m-20260825-163632,d018m_r270_run01.csv,0,18,270,dw00;dw01;dw02;dw03;dw04;dw05;dw06;dw07;dw08,dw00;dw01;dw02;dw03;dw04;dw05;dw06;dw07;dw08,,125,1,2026-08-28T06:54:09.999+0200,dw06,0789,184,1754,101,92,1752,4.02,82275
ground-height-0m-20260825-163632,d018m_r270_run01.csv,0,18,270,dw00;dw01;dw02;dw03;dw04;dw05;dw06;dw07;dw08,dw00;dw01;dw02;dw03;dw04;dw05;dw06;dw07;dw08,,75,1,2026-08-28T06:54:10.129+0200,dw03,021B,86,1747,-39,-1425,1012,2.83,12298
ground-height-0m-20260825-163632,d018m_r270_run01.csv,0,18,270,dw00;dw01;dw02;dw03;dw04;dw05;dw06;dw07;dw08,dw00;dw01;dw02;dw03;dw04;dw05;dw06;dw07;dw08,,165,1,2026-08-28T06:54:10.139+0200,dw08,028E,50,1757,141,523,1677,2.38,22338
ground-height-0m-20260825-163632,d018m_r270_run01.csv,0,18,270,dw00;dw01;dw02;dw03;dw04;dw05;dw06;dw07;dw08,dw00;dw01;dw02;dw03;dw04;dw05;dw06;dw07;dw08,,15,1,2026-08-28T06:54:10.149+0200,dw00,8103,108,1765,-150,1261,1235,-3.18,32257
ground-height-0m-20260825-163632,d018m_r270_run01.csv,0,18,270,dw00;dw01;dw02;dw03;dw04;dw05;dw06;dw07;dw08,dw00;dw01;dw02;dw03;dw04;dw05;dw06;dw07;dw08,,55,1,2026-08-28T06:54:10.169+0200,dw02,8FB0,208,1753,-95,1753,0,3.27,52337
ground-height-0m-20260825-163632,d018m_r270_run01.csv,0,18,270,dw00;dw01;dw02;dw03;dw04;dw05;dw06;dw07;dw08,dw00;dw01;dw02;dw03;dw04;dw05;dw06;dw07;dw08,,90,1,2026-08-28T06:54:10.179+0200,dw04,0F85,104,1758,10,-892,1515,-3.09,62286
ground-height-0m-20260825-163632,d018m_r270_run01.csv,0,18,270,dw00;dw01;dw02;dw03;dw04;dw05;dw06;dw07;dw08,dw00;dw01;dw02;dw03;dw04;dw05;dw06;dw07;dw08,,105,1,2026-08-28T06:54:10.190+0200,dw05,4B92,116,1754,58,-374,1714,-3.75,72326
ground-height-0m-20260825-163632,d018m_r270_run01.csv,0,18,270,dw00;dw01;dw02;dw03;dw04;dw05;dw06;dw07;dw08,dw00;dw01;dw02;dw03;dw04;dw05;dw06;dw07;dw08,,125,1,2026-08-28T06:54:10.199+0200,dw06,0789,185,1755,94,21,1755,4.02,82305
ground-height-0m-20260825-163632,d018m_r270_run01.csv,0,18,270,dw00;dw01;dw02;dw03;dw04;dw05;dw06;dw07;dw08,dw00;dw01;dw02;dw03;dw04;dw05;dw06;dw07;dw08,,35,1,2026-08-28T06:54:10.272+0200,dw01,1729,1,1756,-117,1620,679,-3.99,55786
ground-height-0m-20260825-163632,d018m_r270_run01.csv,0,18,270,dw00;dw01;dw02;dw03;dw04;dw05;dw06;dw07;dw08,dw00;dw01;dw02;dw03;dw04;dw05;dw06;dw07;dw08,,75,1,2026-08-28T06:54:10.329+0200,dw03,021B,87,1748,-39,-1428,1007,2.89,2147483
ground-height-0m-20260825-163632,d018m_r270_run01.csv,0,18,270,dw00;dw01;dw02;dw03;dw04;dw05;dw06;dw07;dw08,dw00;dw01;dw02;dw03;dw04;dw05;dw06;dw07;dw08,,165,1,2026-08-28T06:54:10.339+0200,dw08,028E,51,1756,147,588,1655,2.44,2147483
ground-height-0m-20260825-163632,d018m_r270_run01.csv,0,18,270,dw00;dw01;dw02;dw03;dw04;dw05;dw06;dw07;dw08,dw00;dw01;dw02;dw03;dw04;dw05;dw06;dw07;dw08,,15,1,2026-08-28T06:54:10.348+0200,dw00,8103,109,1761,-152,1246,1243,-3.18,2147483
ground-height-0m-20260825-163632,d018m_r270_run01.csv,0,18,270,dw00;dw01;dw02;dw03;dw04;dw05;dw06;dw07;dw08,dw00;dw01;dw02;dw03;dw04;dw05;dw06;dw07;dw08,,55,1,2026-08-28T06:54:10.369+0200,dw02,8FB0,209,1754,-99,1754,0,3.15,2147483
ground-height-0m-20260825-163632,d018m_r270_run01.csv,0,18,270,dw00;dw01;dw02;dw03;dw04;dw05;dw06;dw07;dw08,dw00;dw01;dw02;dw03;dw04;dw05;dw06;dw07;dw08,,90,1,2026-08-28T06:54:10.379+0200,dw04,0F85,105,1754,2,-977,1456,-3.09,2147483
ground-height-0m-20260825-163632,d018m_r270_run01.csv,0,18,270,dw00;dw01;dw02;dw03;dw04;dw05;dw06;dw07;dw08,dw00;dw01;dw02;dw03;dw04;dw05;dw06;dw07;dw08,,105,1,2026-08-28T06:54:10.389+0200,dw05,4B92,117,1754,50,-456,1693,-3.75,2147483
ground-height-0m-20260825-163632,d018m_r270_run01.csv,0,18,270,dw00;dw01;dw02;dw03;dw04;dw05;dw06;dw07;dw08,dw00;dw01;dw02;dw03;dw04;dw05;dw06;dw07;dw08,,125,1,2026-08-28T06:54:10.399+0200,dw06,0789,186,1759,85,-77,1757,4.14,2147483
ground-height-0m-20260825-163632,d018m_r270_run01.csv,0,18,270,dw00;dw01;dw02;dw03;dw04;dw05;dw06;dw07;dw08,dw00;dw01;dw02;dw03;dw04;dw05;dw06;dw07;dw08,,75,1,2026-08-28T06:54:10.547+0200,dw03,021B,88,1747,-31,-1343,1117,2.65,2147483
ground-height-0m-20260825-163632,d018m_r270_run01.csv,0,18,270,dw00;dw01;dw02;dw03;dw04;dw05;dw06;dw07;dw08,dw00;dw01;dw02;dw03;dw04;dw05;dw06;dw07;dw08,,165,1,2026-08-28T06:54:10.557+0200,dw08,028E,52,1762,140,519,1683,2.38,2147483
ground-height-0m-20260825-163632,d018m_r270_run01.csv,0,18,270,dw00;dw01;dw02;dw03;dw04;dw05;dw06;dw07;dw08,dw00;dw01;dw02;dw03;dw04;dw05;dw06;dw07;dw08,,15,1,2026-08-28T06:54:10.567+0200,dw00,8103,110,1758,-150,1266,1220,-3.09,2147483
ground-height-0m-20260825-163632,d018m_r270_run01.csv,0,18,270,dw00;dw01;dw02;dw03;dw04;dw05;dw06;dw07;dw08,dw00;dw01;dw02;dw03;dw04;dw05;dw06;dw07;dw08,,55,1,2026-08-28T06:54:10.588+0200,dw02,8FB0,210,1758,-92,1758,0,3.27,2147483
ground-height-0m-20260825-163632,d018m_r270_run01.csv,0,18,270,dw00;dw01;dw02;dw03;dw04;dw05;dw06;dw07;dw08,dw00;dw01;dw02;dw03;dw04;dw05;dw06;dw07;dw08,,90,1,2026-08-28T06:54:10.597+0200,dw04,0F85,106,1758,9,-901,1509,-3.09,2147483
ground-height-0m-20260825-163632,d018m_r270_run01.csv,0,18,270,dw00;dw01;dw02;dw03;dw04;dw05;dw06;dw07;dw08,dw00;dw01;dw02;dw03;dw04;dw05;dw06;dw07;dw08,,105,1,2026-08-28T06:54:10.607+0200,dw05,4B92,118,1755,50,-460,1694,-3.69,2147483
ground-height-0m-20260825-163632,d018m_r270_run01.csv,0,18,270,dw00;dw01;dw02;dw03;dw04;dw05;dw06;dw07;dw08,dw00;dw01;dw02;dw03;dw04;dw05;dw06;dw07;dw08,,125,1,2026-08-28T06:54:10.617+0200,dw06,0789,187,1763,94,21,1763,4.08,823
ground-height-0m-20260825-163632,d018m_r270_run01.csv,0,18,270,dw00;dw01;dw02;dw03;dw04;dw05;dw06;dw07;dw08,dw00;dw01;dw02;dw03;dw04;dw05;dw06;dw07;dw08,,35,1,2026-08-28T06:54:10.659+0200,dw01,1729,3,1753,-112,1673,523,2.44,42388
ground-height-0m-20260825-163632,d018m_r270_run01.csv,0,18,270,dw00;dw01;dw02;dw03;dw04;dw05;dw06;dw07;dw08,dw00;dw01;dw02;dw03;dw04;dw05;dw06;dw07;dw08,,75,1,2026-08-28T06:54:10.765+0200,dw03,021B,89,1747,-34,-1369,1085,2.83,49133
ground-height-0m-20260825-163632,d018m_r270_run01.csv,0,18,270,dw00;dw01;dw02;dw03;dw04;dw05;dw06;dw07;dw08,dw00;dw01;dw02;dw03;dw04;dw05;dw06;dw07;dw08,,165,1,2026-08-28T06:54:10.775+0200,dw08,028E,53,1762,139,510,1686,2.38,59326
ground-height-0m-20260825-163632,d018m_r270_run01.csv,0,18,270,dw00;dw01;dw02;dw03;dw04;dw05;dw06;dw07;dw08,dw00;dw01;dw02;dw03;dw04;dw05;dw06;dw07;dw08,,15,1,2026-08-28T06:54:10.786+0200,dw00,8103,111,1761,-140,1374,1102,-3.09,69458
ground-height-0m-20260825-163632,d018m_r270_run01.csv,0,18,270,dw00;dw01;dw02;dw03;dw04;dw05;dw06;dw07;dw08,dw00;dw01;dw02;dw03;dw04;dw05;dw06;dw07;dw08,,55,1,2026-08-28T06:54:10.807+0200,dw02,8FB0,211,1756,-97,1756,0,3.21,90148
ground-height-0m-20260825-163632,d018m_r270_run01.csv,0,18,270,dw00;dw01;dw02;dw03;dw04;dw05;dw06;dw07;dw08,dw00;dw01;dw02;dw03;dw04;dw05;dw06;dw07;dw08,,90,1,2026-08-28T06:54:10.815+0200,dw04,0F85,107,1760,5,-948,1483,-3.12,2147483
ground-height-0m-20260825-163632,d018m_r270_run01.csv,0,18,270,dw00;dw01;dw02;dw03;dw04;dw05;dw06;dw07;dw08,dw00;dw01;dw02;dw03;dw04;dw05;dw06;dw07;dw08,,105,1,2026-08-28T06:54:10.826+0200,dw05,4B92,119,1755,47,-494,1684,-3.69,9216
ground-height-0m-20260825-163632,d018m_r270_run01.csv,0,18,270,dw00;dw01;dw02;dw03;dw04;dw05;dw06;dw07;dw08,dw00;dw01;dw02;dw03;dw04;dw05;dw06;dw07;dw08,,125,1,2026-08-28T06:54:10.898+0200,dw06,0789,188,1761,95,23,1761,4.02,82366
ground-height-0m-20260825-163632,d018m_r270_run01.csv,0,18,270,dw00;dw01;dw02;dw03;dw04;dw05;dw06;dw07;dw08,dw00;dw01;dw02;dw03;dw04;dw05;dw06;dw07;dw08,,75,1,2026-08-28T06:54:11.028+0200,dw03,021B,90,1750,-41,-1448,982,2.83,2147483
ground-height-0m-20260825-163632,d018m_r270_run01.csv,0,18,270,dw00;dw01;dw02;dw03;dw04;dw05;dw06;dw07;dw08,dw00;dw01;dw02;dw03;dw04;dw05;dw06;dw07;dw08,,165,1,2026-08-28T06:54:11.039+0200,dw08,028E,54,1760,146,578,1662,2.38,2147483
ground-height-0m-20260825-163632,d018m_r270_run01.csv,0,18,270,dw00;dw01;dw02;dw03;dw04;dw05;dw06;dw07;dw08,dw00;dw01;dw02;dw03;dw04;dw05;dw06;dw07;dw08,,15,1,2026-08-28T06:54:11.049+0200,dw00,8103,112,1762,-146,1308,1180,-3.18,2147483
ground-height-0m-20260825-163632,d018m_r270_run01.csv,0,18,270,dw00;dw01;dw02;dw03;dw04;dw05;dw06;dw07;dw08,dw00;dw01;dw02;dw03;dw04;dw05;dw06;dw07;dw08,,55,1,2026-08-28T06:54:11.068+0200,dw02,8FB0,212,1758,-96,1758,0,3.15,2147483
ground-height-0m-20260825-163632,d018m_r270_run01.csv,0,18,270,dw00;dw01;dw02;dw03;dw04;dw05;dw06;dw07;dw08,dw00;dw01;dw02;dw03;dw04;dw05;dw06;dw07;dw08,,90,1,2026-08-28T06:54:11.079+0200,dw04,0F85,108,1757,12,-871,1526,-3.09,2147483
ground-height-0m-20260825-163632,d018m_r270_run01.csv,0,18,270,dw00;dw01;dw02;dw03;dw04;dw05;dw06;dw07;dw08,dw00;dw01;dw02;dw03;dw04;dw05;dw06;dw07;dw08,,105,1,2026-08-28T06:54:11.089+0200,dw05,4B92,120,1755,49,-470,1691,-3.75,2147483
ground-height-0m-20260825-163632,d018m_r270_run01.csv,0,18,270,dw00;dw01;dw02;dw03;dw04;dw05;dw06;dw07;dw08,dw00;dw01;dw02;dw03;dw04;dw05;dw06;dw07;dw08,,125,1,2026-08-28T06:54:11.098+0200,dw06,0789,189,1759,88,-44,1759,4.14,2147483
ground-height-0m-20260825-163632,d018m_r270_run01.csv,0,18,270,dw00;dw01;dw02;dw03;dw04;dw05;dw06;dw07;dw08,dw00;dw01;dw02;dw03;dw04;dw05;dw06;dw07;dw08,,75,1,2026-08-28T06:54:11.247+0200,dw03,021B,91,1748,-35,-1381,1072,2.77,2147483
ground-height-0m-20260825-163632,d018m_r270_run01.csv,0,18,270,dw00;dw01;dw02;dw03;dw04;dw05;dw06;dw07;dw08,dw00;dw01;dw02;dw03;dw04;dw05;dw06;dw07;dw08,,165,1,2026-08-28T06:54:11.257+0200,dw08,028E,55,1760,131,415,1710,2.38,2147483
ground-height-0m-20260825-163632,d018m_r270_run01.csv,0,18,270,dw00;dw01;dw02;dw03;dw04;dw05;dw06;dw07;dw08,dw00;dw01;dw02;dw03;dw04;dw05;dw06;dw07;dw08,,15,1,2026-08-28T06:54:11.267+0200,dw00,8103,113,1760,-149,1279,1209,-3.12,2147483
ground-height-0m-20260825-163632,d018m_r270_run01.csv,0,18,270,dw00;dw01;dw02;dw03;dw04;dw05;dw06;dw07;dw08,dw00;dw01;dw02;dw03;dw04;dw05;dw06;dw07;dw08,,55,1,2026-08-28T06:54:11.288+0200,dw02,8FB0,213,1754,-86,-1754,0,3.21,2147483
ground-height-0m-20260825-163632,d018m_r270_run01.csv,0,18,270,dw00;dw01;dw02;dw03;dw04;dw05;dw06;dw07;dw08,dw00;dw01;dw02;dw03;dw04;dw05;dw06;dw07;dw08,,90,1,2026-08-28T06:54:11.297+0200,dw04,0F85,109,1757,5,-951,1478,-3.09,2147483
ground-height-0m-20260825-163632,d018m_r270_run01.csv,0,18,270,dw00;dw01;dw02;dw03;dw04;dw05;dw06;dw07;dw08,dw00;dw01;dw02;dw03;dw04;dw05;dw06;dw07;dw08,,105,1,2026-08-28T06:54:11.306+0200,dw05,4B92,121,1754,52,-439,1698,-3.75,2147483
ground-height-0m-20260825-163632,d018m_r270_run01.csv,0,18,270,dw00;dw01;dw02;dw03;dw04;dw05;dw06;dw07;dw08,dw00;dw01;dw02;dw03;dw04;dw05;dw06;dw07;dw08,,125,1,2026-08-28T06:54:11.317+0200,dw06,0789,190,1755,101,89,1753,4.02,823
ground-height-0m-20260825-163632,d018m_r270_run01.csv,0,18,270,dw00;dw01;dw02;dw03;dw04;dw05;dw06;dw07;dw08,dw00;dw01;dw02;dw03;dw04;dw05;dw06;dw07;dw08,,75,1,2026-08-28T06:54:11.465+0200,dw03,021B,92,1748,-25,-1279,1192,2.89,49133
ground-height-0m-20260825-163632,d018m_r270_run01.csv,0,18,270,dw00;dw01;dw02;dw03;dw04;dw05;dw06;dw07;dw08,dw00;dw01;dw02;dw03;dw04;dw05;dw06;dw07;dw08,,165,1,2026-08-28T06:54:11.475+0200,dw08,028E,56,1762,144,557,1671,2.38,59265
ground-height-0m-20260825-163632,d018m_r270_run01.csv,0,18,270,dw00;dw01;dw02;dw03;dw04;dw05;dw06;dw07;dw08,dw00;dw01;dw02;dw03;dw04;dw05;dw06;dw07;dw08,,15,1,2026-08-28T06:54:11.485+0200,dw00,8103,114,1764,-151,1254,1241,-3.18,69366
ground-height-0m-20260825-163632,d018m_r270_run01.csv,0,18,270,dw00;dw01;dw02;dw03;dw04;dw05;dw06;dw07;dw08,dw00;dw01;dw02;dw03;dw04;dw05;dw06;dw07;dw08,,55,1,2026-08-28T06:54:11.507+0200,dw02,8FB0,214,1755,-80,-1755,0,3.15,90118
ground-height-0m-20260825-163632,d018m_r270_run01.csv,0,18,270,dw00;dw01;dw02;dw03;dw04;dw05;dw06;dw07;dw08,dw00;dw01;dw02;dw03;dw04;dw05;dw06;dw07;dw08,,90,1,2026-08-28T06:54:11.515+0200,dw04,0F85,110,1760,11,-877,1525,-3.12,2147483
ground-height-0m-20260825-163632,d018m_r270_run01.csv,0,18,270,dw00;dw01;dw02;dw03;dw04;dw05;dw06;dw07;dw08,dw00;dw01;dw02;dw03;dw04;dw05;dw06;dw07;dw08,,105,1,2026-08-28T06:54:11.525+0200,dw05,4B92,122,1752,51,-441,1696,-3.66,9155
ground-height-0m-20260825-163632,d018m_r270_run01.csv,0,18,270,dw00;dw01;dw02;dw03;dw04;dw05;dw06;dw07;dw08,dw00;dw01;dw02;dw03;dw04;dw05;dw06;dw07;dw08,,125,1,2026-08-28T06:54:11.598+0200,dw06,0789,191,1762,92,-7,1762,4.02,82366
ground-height-0m-20260825-163632,d018m_r270_run01.csv,0,18,270,dw00;dw01;dw02;dw03;dw04;dw05;dw06;dw07;dw08,dw00;dw01;dw02;dw03;dw04;dw05;dw06;dw07;dw08,,75,1,2026-08-28T06:54:11.728+0200,dw03,021B,93,1749,-26,-1286,1185,2.83,12298
ground-height-0m-20260825-163632,d018m_r270_run01.csv,0,18,270,dw00;dw01;dw02;dw03;dw04;dw05;dw06;dw07;dw08,dw00;dw01;dw02;dw03;dw04;dw05;dw06;dw07;dw08,,165,1,2026-08-28T06:54:11.738+0200,dw08,028E,57,1758,151,630,1641,2.38,22277
ground-height-0m-20260825-163632,d018m_r270_run01.csv,0,18,270,dw00;dw01;dw02;dw03;dw04;dw05;dw06;dw07;dw08,dw00;dw01;dw02;dw03;dw04;dw05;dw06;dw07;dw08,,15,1,2026-08-28T06:54:11.749+0200,dw00,8103,115,1762,-138,1392,1080,-3.18,32318
ground-height-0m-20260825-163632,d018m_r270_run01.csv,0,18,270,dw00;dw01;dw02;dw03;dw04;dw05;dw06;dw07;dw08,dw00;dw01;dw02;dw03;dw04;dw05;dw06;dw07;dw08,,55,1,2026-08-28T06:54:11.768+0200,dw02,8FB0,215,1757,-83,-1757,0,3.27,52337
ground-height-0m-20260825-163632,d018m_r270_run01.csv,0,18,270,dw00;dw01;dw02;dw03;dw04;dw05;dw06;dw07;dw08,dw00;dw01;dw02;dw03;dw04;dw05;dw06;dw07;dw08,,90,1,2026-08-28T06:54:11.778+0200,dw04,0F85,111,1762,13,-867,1534,-3.03,62286
ground-height-0m-20260825-163632,d018m_r270_run01.csv,0,18,270,dw00;dw01;dw02;dw03;dw04;dw05;dw06;dw07;dw08,dw00;dw01;dw02;dw03;dw04;dw05;dw06;dw07;dw08,,105,1,2026-08-28T06:54:11.788+0200,dw05,4B92,123,1754,47,-494,1683,-3.75,72235
ground-height-0m-20260825-163632,d018m_r270_run01.csv,0,18,270,dw00;dw01;dw02;dw03;dw04;dw05;dw06;dw07;dw08,dw00;dw01;dw02;dw03;dw04;dw05;dw06;dw07;dw08,,125,1,2026-08-28T06:54:11.799+0200,dw06,0789,192,1754,91,-10,1754,4.02,82275
ground-height-0m-20260825-163632,d018m_r270_run01.csv,0,18,270,dw00;dw01;dw02;dw03;dw04;dw05;dw06;dw07;dw08,dw00;dw01;dw02;dw03;dw04;dw05;dw06;dw07;dw08,,75,1,2026-08-28T06:54:11.928+0200,dw03,021B,94,1748,-31,-1338,1125,2.95,12268
ground-height-0m-20260825-163632,d018m_r270_run01.csv,0,18,270,dw00;dw01;dw02;dw03;dw04;dw05;dw06;dw07;dw08,dw00;dw01;dw02;dw03;dw04;dw05;dw06;dw07;dw08,,165,1,2026-08-28T06:54:11.938+0200,dw08,028E,58,1757,147,589,1655,2.38,22308
ground-height-0m-20260825-163632,d018m_r270_run01.csv,0,18,270,dw00;dw01;dw02;dw03;dw04;dw05;dw06;dw07;dw08,dw00;dw01;dw02;dw03;dw04;dw05;dw06;dw07;dw08,,15,1,2026-08-28T06:54:11.948+0200,dw00,8103,116,1765,-149,1275,1220,-3.09,32287
ground-height-0m-20260825-163632,d018m_r270_run01.csv,0,18,270,dw00;dw01;dw02;dw03;dw04;dw05;dw06;dw07;dw08,dw00;dw01;dw02;dw03;dw04;dw05;dw06;dw07;dw08,,55,1,2026-08-28T06:54:11.968+0200,dw02,8FB0,216,1758,-95,1758,0,3.15,52429
ground-height-0m-20260825-163632,d018m_r270_run01.csv,0,18,270,dw00;dw01;dw02;dw03;dw04;dw05;dw06;dw07;dw08,dw00;dw01;dw02;dw03;dw04;dw05;dw06;dw07;dw08,,90,1,2026-08-28T06:54:11.978+0200,dw04,0F85,112,1758,10,-892,1515,-3.03,62255
ground-height-0m-20260825-163632,d018m_r270_run01.csv,0,18,270,dw00;dw01;dw02;dw03;dw04;dw05;dw06;dw07;dw08,dw00;dw01;dw02;dw03;dw04;dw05;dw06;dw07;dw08,,105,1,2026-08-28T06:54:11.988+0200,dw05,4B92,124,1757,53,-430,1703,-3.75,72265
ground-height-0m-20260825-163632,d018m_r270_run01.csv,0,18,270,dw00;dw01;dw02;dw03;dw04;dw05;dw06;dw07;dw08,dw00;dw01;dw02;dw03;dw04;dw05;dw06;dw07;dw08,,125,1,2026-08-28T06:54:11.999+0200,dw06,0789,193,1763,97,54,1763,4.08,82336
ground-height-0m-20260825-163632,d018m_r270_run01.csv,0,18,270,dw00;dw01;dw02;dw03;dw04;dw05;dw06;dw07;dw08,dw00;dw01;dw02;dw03;dw04;dw05;dw06;dw07;dw08,,75,1,2026-08-28T06:54:12.129+0200,dw03,021B,95,1750,-30,-1325,1143,2.77,12268
ground-height-0m-20260825-163632,d018m_r270_run01.csv,0,18,270,dw00;dw01;dw02;dw03;dw04;dw05;dw06;dw07;dw08,dw00;dw01;dw02;dw03;dw04;dw05;dw06;dw07;dw08,,165,1,2026-08-28T06:54:12.138+0200,dw08,028E,59,1759,144,564,1666,2.53,22277
ground-height-0m-20260825-163632,d018m_r270_run01.csv,0,18,270,dw00;dw01;dw02;dw03;dw04;dw05;dw06;dw07;dw08,dw00;dw01;dw02;dw03;dw04;dw05;dw06;dw07;dw08,,15,1,2026-08-28T06:54:12.148+0200,dw00,8103,117,1762,-139,1389,1084,-3.12,32287
ground-height-0m-20260825-163632,d018m_r270_run01.csv,0,18,270,dw00;dw01;dw02;dw03;dw04;dw05;dw06;dw07;dw08,dw00;dw01;dw02;dw03;dw04;dw05;dw06;dw07;dw08,,55,1,2026-08-28T06:54:12.169+0200,dw02,8FB0,217,1756,-74,-1756,0,3.21,52337
ground-height-0m-20260825-163632,d018m_r270_run01.csv,0,18,270,dw00;dw01;dw02;dw03;dw04;dw05;dw06;dw07;dw08,dw00;dw01;dw02;dw03;dw04;dw05;dw06;dw07;dw08,,90,1,2026-08-28T06:54:12.178+0200,dw04,0F85,113,1760,6,-932,1493,-3.24,62255
ground-height-0m-20260825-163632,d018m_r270_run01.csv,0,18,270,dw00;dw01;dw02;dw03;dw04;dw05;dw06;dw07;dw08,dw00;dw01;dw02;dw03;dw04;dw05;dw06;dw07;dw08,,105,1,2026-08-28T06:54:12.188+0200,dw05,4B92,125,1756,55,-404,1709,-3.81,72296
ground-height-0m-20260825-163632,d018m_r270_run01.csv,0,18,270,dw00;dw01;dw02;dw03;dw04;dw05;dw06;dw07;dw08,dw00;dw01;dw02;dw03;dw04;dw05;dw06;dw07;dw08,,125,1,2026-08-28T06:54:12.198+0200,dw06,0789,194,1762,87,-61,1761,4.02,82275
ground-height-0m-20260825-163632,d018m_r270_run01.csv,0,18,270,dw00;dw01;dw02;dw03;dw04;dw05;dw06;dw07;dw08,dw00;dw01;dw02;dw03;dw04;dw05;dw06;dw07;dw08,,75,1,2026-08-28T06:54:12.328+0200,dw03,021B,96,1750,-36,-1398,1053,2.83,12298
ground-height-0m-20260825-163632,d018m_r270_run01.csv,0,18,270,dw00;dw01;dw02;dw03;dw04;dw05;dw06;dw07;dw08,dw00;dw01;dw02;dw03;dw04;dw05;dw06;dw07;dw08,,165,1,2026-08-28T06:54:12.339+0200,dw08,028E,60,1763,138,493,1693,2.44,22247
ground-height-0m-20260825-163632,d018m_r270_run01.csv,0,18,270,dw00;dw01;dw02;dw03;dw04;dw05;dw06;dw07;dw08,dw00;dw01;dw02;dw03;dw04;dw05;dw06;dw07;dw08,,15,1,2026-08-28T06:54:12.348+0200,dw00,8103,118,1761,-168,1072,1396,-3.18,32257
ground-height-0m-20260825-163632,d018m_r270_run01.csv,0,18,270,dw00;dw01;dw02;dw03;dw04;dw05;dw06;dw07;dw08,dw00;dw01;dw02;dw03;dw04;dw05;dw06;dw07;dw08,,55,1,2026-08-28T06:54:12.368+0200,dw02,8FB0,218,1757,-93,1757,0,3.27,52368
ground-height-0m-20260825-163632,d018m_r270_run01.csv,0,18,270,dw00;dw01;dw02;dw03;dw04;dw05;dw06;dw07;dw08,dw00;dw01;dw02;dw03;dw04;dw05;dw06;dw07;dw08,,90,1,2026-08-28T06:54:12.379+0200,dw04,0F85,114,1758,8,-912,1503,-3.12,62255
ground-height-0m-20260825-163632,d018m_r270_run01.csv,0,18,270,dw00;dw01;dw02;dw03;dw04;dw05;dw06;dw07;dw08,dw00;dw01;dw02;dw03;dw04;dw05;dw06;dw07;dw08,,105,1,2026-08-28T06:54:12.388+0200,dw05,4B92,126,1756,53,-424,1704,-3.69,72265
ground-height-0m-20260825-163632,d018m_r270_run01.csv,0,18,270,dw00;dw01;dw02;dw03;dw04;dw05;dw06;dw07;dw08,dw00;dw01;dw02;dw03;dw04;dw05;dw06;dw07;dw08,,125,1,2026-08-28T06:54:12.398+0200,dw06,0789,195,1760,95,27,1759,3.96,82336
ground-height-0m-20260825-163632,d018m_r270_run01.csv,0,18,270,dw00;dw01;dw02;dw03;dw04;dw05;dw06;dw07;dw08,dw00;dw01;dw02;dw03;dw04;dw05;dw06;dw07;dw08,,75,1,2026-08-28T06:54:12.528+0200,dw03,021B,97,1748,-36,-1395,1054,2.95,12298
ground-height-0m-20260825-163632,d018m_r270_run01.csv,0,18,270,dw00;dw01;dw02;dw03;dw04;dw05;dw06;dw07;dw08,dw00;dw01;dw02;dw03;dw04;dw05;dw06;dw07;dw08,,165,1,2026-08-28T06:54:12.538+0200,dw08,028E,61,1760,136,475,1695,2.44,22369
ground-height-0m-20260825-163632,d018m_r270_run01.csv,0,18,270,dw00;dw01;dw02;dw03;dw04;dw05;dw06;dw07;dw08,dw00;dw01;dw02;dw03;dw04;dw05;dw06;dw07;dw08,,15,1,2026-08-28T06:54:12.548+0200,dw00,8103,119,1763,-154,1223,1270,-3.09,32287
ground-height-0m-20260825-163632,d018m_r270_run01.csv,0,18,270,dw00;dw01;dw02;dw03;dw04;dw05;dw06;dw07;dw08,dw00;dw01;dw02;dw03;dw04;dw05;dw06;dw07;dw08,,55,1,2026-08-28T06:54:12.568+0200,dw02,8FB0,219,1755,-97,1755,0,3.21,52368
ground-height-0m-20260825-163632,d018m_r270_run01.csv,0,18,270,dw00;dw01;dw02;dw03;dw04;dw05;dw06;dw07;dw08,dw00;dw01;dw02;dw03;dw04;dw05;dw06;dw07;dw08,,90,1,2026-08-28T06:54:12.578+0200,dw04,0F85,115,1758,8,-915,1501,-3.09,62316
ground-height-0m-20260825-163632,d018m_r270_run01.csv,0,18,270,dw00;dw01;dw02;dw03;dw04;dw05;dw06;dw07;dw08,dw00;dw01;dw02;dw03;dw04;dw05;dw06;dw07;dw08,,105,1,2026-08-28T06:54:12.589+0200,dw05,4B92,127,1754,45,-507,1680,-3.75,72296
ground-height-0m-20260825-163632,d018m_r270_run01.csv,0,18,270,dw00;dw01;dw02;dw03;dw04;dw05;dw06;dw07;dw08,dw00;dw01;dw02;dw03;dw04;dw05;dw06;dw07;dw08,,125,1,2026-08-28T06:54:12.598+0200,dw06,0789,196,1757,95,30,1757,4.02,82305
ground-height-0m-20260825-163632,d018m_r270_run01.csv,0,18,270,dw00;dw01;dw02;dw03;dw04;dw05;dw06;dw07;dw08,dw00;dw01;dw02;dw03;dw04;dw05;dw06;dw07;dw08,,75,1,2026-08-28T06:54:12.728+0200,dw03,021B,98,1747,-38,-1409,1033,2.89,12268
ground-height-0m-20260825-163632,d018m_r270_run01.csv,0,18,270,dw00;dw01;dw02;dw03;dw04;dw05;dw06;dw07;dw08,dw00;dw01;dw02;dw03;dw04;dw05;dw06;dw07;dw08,,165,1,2026-08-28T06:54:12.738+0200,dw08,028E,62,1759,148,604,1651,2.44,22277
ground-height-0m-20260825-163632,d018m_r270_run01.csv,0,18,270,dw00;dw01;dw02;dw03;dw04;dw05;dw06;dw07;dw08,dw00;dw01;dw02;dw03;dw04;dw05;dw06;dw07;dw08,,15,1,2026-08-28T06:54:12.748+0200,dw00,8103,120,1763,-156,1204,1288,-3.09,32257
ground-height-0m-20260825-163632,d018m_r270_run01.csv,0,18,270,dw00;dw01;dw02;dw03;dw04;dw05;dw06;dw07;dw08,dw00;dw01;dw02;dw03;dw04;dw05;dw06;dw07;dw08,,55,1,2026-08-28T06:54:12.768+0200,dw02,8FB0,220,1754,-92,1754,0,3.15,52398
ground-height-0m-20260825-163632,d018m_r270_run01.csv,0,18,270,dw00;dw01;dw02;dw03;dw04;dw05;dw06;dw07;dw08,dw00;dw01;dw02;dw03;dw04;dw05;dw06;dw07;dw08,,90,1,2026-08-28T06:54:12.778+0200,dw04,0F85,116,1759,7,-924,1497,-2.98,62255
ground-height-0m-20260825-163632,d018m_r270_run01.csv,0,18,270,dw00;dw01;dw02;dw03;dw04;dw05;dw06;dw07;dw08,dw00;dw01;dw02;dw03;dw04;dw05;dw06;dw07;dw08,,105,1,2026-08-28T06:54:12.788+0200,dw05,4B92,128,1755,42,-541,1669,-3.69,72265
ground-height-0m-20260825-163632,d018m_r270_run01.csv,0,18,270,dw00;dw01;dw02;dw03;dw04;dw05;dw06;dw07;dw08,dw00;dw01;dw02;dw03;dw04;dw05;dw06;dw07;dw08,,125,1,2026-08-28T06:54:12.798+0200,dw06,0789,197,1759,95,29,1758,4.08,82305
ground-height-0m-20260825-163632,d018m_r270_run01.csv,0,18,270,dw00;dw01;dw02;dw03;dw04;dw05;dw06;dw07;dw08,dw00;dw01;dw02;dw03;dw04;dw05;dw06;dw07;dw08,,75,1,2026-08-28T06:54:12.929+0200,dw03,021B,99,1751,-24,-1261,1214,2.83,12268
ground-height-0m-20260825-163632,d018m_r270_run01.csv,0,18,270,dw00;dw01;dw02;dw03;dw04;dw05;dw06;dw07;dw08,dw00;dw01;dw02;dw03;dw04;dw05;dw06;dw07;dw08,,165,1,2026-08-28T06:54:12.938+0200,dw08,028E,63,1759,157,697,1614,2.38,22277
ground-height-0m-20260825-163632,d018m_r270_run01.csv,0,18,270,dw00;dw01;dw02;dw03;dw04;dw05;dw06;dw07;dw08,dw00;dw01;dw02;dw03;dw04;dw05;dw06;dw07;dw08,,15,1,2026-08-28T06:54:12.948+0200,dw00,8103,121,1762,-149,1275,1217,-3.18,32257
ground-height-0m-20260825-163632,d018m_r270_run01.csv,0,18,270,dw00;dw01;dw02;dw03;dw04;dw05;dw06;dw07;dw08,dw00;dw01;dw02;dw03;dw04;dw05;dw06;dw07;dw08,,55,1,2026-08-28T06:54:12.969+0200,dw02,8FB0,221,1755,-94,1755,0,3.21,52337
ground-height-0m-20260825-163632,d018m_r270_run01.csv,0,18,270,dw00;dw01;dw02;dw03;dw04;dw05;dw06;dw07;dw08,dw00;dw01;dw02;dw03;dw04;dw05;dw06;dw07;dw08,,90,1,2026-08-28T06:54:12.978+0200,dw04,0F85,117,1758,2,-977,1461,-3.12,62255
ground-height-0m-20260825-163632,d018m_r270_run01.csv,0,18,270,dw00;dw01;dw02;dw03;dw04;dw05;dw06;dw07;dw08,dw00;dw01;dw02;dw03;dw04;dw05;dw06;dw07;dw08,,105,1,2026-08-28T06:54:12.988+0200,dw05,4B92,129,1755,54,-419,1705,-3.81,72265
ground-height-0m-20260825-163632,d018m_r270_run01.csv,0,18,270,dw00;dw01;dw02;dw03;dw04;dw05;dw06;dw07;dw08,dw00;dw01;dw02;dw03;dw04;dw05;dw06;dw07;dw08,,125,1,2026-08-28T06:54:12.998+0200,dw06,0789,198,1763,102,106,1760,4.02,82305
ground-height-0m-20260825-163632,d018m_r270_run01.csv,0,18,270,dw00;dw01;dw02;dw03;dw04;dw05;dw06;dw07;dw08,dw00;dw01;dw02;dw03;dw04;dw05;dw06;dw07;dw08,,75,1,2026-08-28T06:54:13.127+0200,dw03,021B,100,1751,-34,-1374,1084,2.83,12268
ground-height-0m-20260825-163632,d018m_r270_run01.csv,0,18,270,dw00;dw01;dw02;dw03;dw04;dw05;dw06;dw07;dw08,dw00;dw01;dw02;dw03;dw04;dw05;dw06;dw07;dw08,,165,1,2026-08-28T06:54:13.138+0200,dw08,028E,64,1757,158,710,1607,2.38,22277
ground-height-0m-20260825-163632,d018m_r270_run01.csv,0,18,270,dw00;dw01;dw02;dw03;dw04;dw05;dw06;dw07;dw08,dw00;dw01;dw02;dw03;dw04;dw05;dw06;dw07;dw08,,15,1,2026-08-28T06:54:13.148+0200,dw00,8103,122,1762,-148,1284,1205,-3.18,32257
ground-height-0m-20260825-163632,d018m_r270_run01.csv,0,18,270,dw00;dw01;dw02;dw03;dw04;dw05;dw06;dw07;dw08,dw00;dw01;dw02;dw03;dw04;dw05;dw06;dw07;dw08,,55,1,2026-08-28T06:54:13.167+0200,dw02,8FB0,222,1756,-65,-1715,377,3.21,52368
ground-height-0m-20260825-163632,d018m_r270_run01.csv,0,18,270,dw00;dw01;dw02;dw03;dw04;dw05;dw06;dw07;dw08,dw00;dw01;dw02;dw03;dw04;dw05;dw06;dw07;dw08,,90,1,2026-08-28T06:54:13.179+0200,dw04,0F85,118,1761,8,-911,1506,-3.09,62286
ground-height-0m-20260825-163632,d018m_r270_run01.csv,0,18,270,dw00;dw01;dw02;dw03;dw04;dw05;dw06;dw07;dw08,dw00;dw01;dw02;dw03;dw04;dw05;dw06;dw07;dw08,,105,1,2026-08-28T06:54:13.188+0200,dw05,4B92,130,1757,53,-426,1704,-3.75,72326
ground-height-0m-20260825-163632,d018m_r270_run01.csv,0,18,270,dw00;dw01;dw02;dw03;dw04;dw05;dw06;dw07;dw08,dw00;dw01;dw02;dw03;dw04;dw05;dw06;dw07;dw08,,125,1,2026-08-28T06:54:13.198+0200,dw06,0789,199,1757,94,12,1757,4.02,82244
ground-height-0m-20260825-163632,d018m_r270_run01.csv,0,18,270,dw00;dw01;dw02;dw03;dw04;dw05;dw06;dw07;dw08,dw00;dw01;dw02;dw03;dw04;dw05;dw06;dw07;dw08,,75,1,2026-08-28T06:54:13.328+0200,dw03,021B,101,1750,-33,-1364,1096,2.83,12268
ground-height-0m-20260825-163632,d018m_r270_run01.csv,0,18,270,dw00;dw01;dw02;dw03;dw04;dw05;dw06;dw07;dw08,dw00;dw01;dw02;dw03;dw04;dw05;dw06;dw07;dw08,,165,1,2026-08-28T06:54:13.337+0200,dw08,028E,65,1758,149,613,1648,2.38,22277
ground-height-0m-20260825-163632,d018m_r270_run01.csv,0,18,270,dw00;dw01;dw02;dw03;dw04;dw05;dw06;dw07;dw08,dw00;dw01;dw02;dw03;dw04;dw05;dw06;dw07;dw08,,15,1,2026-08-28T06:54:13.348+0200,dw00,8103,123,1767,-146,1315,1180,-3.12,32287
ground-height-0m-20260825-163632,d018m_r270_run01.csv,0,18,270,dw00;dw01;dw02;dw03;dw04;dw05;dw06;dw07;dw08,dw00;dw01;dw02;dw03;dw04;dw05;dw06;dw07;dw08,,55,1,2026-08-28T06:54:13.368+0200,dw02,8FB0,223,1752,-88,1752,0,3.21,52368
ground-height-0m-20260825-163632,d018m_r270_run01.csv,0,18,270,dw00;dw01;dw02;dw03;dw04;dw05;dw06;dw07;dw08,dw00;dw01;dw02;dw03;dw04;dw05;dw06;dw07;dw08,,90,1,2026-08-28T06:54:13.377+0200,dw04,0F85,119,1757,8,-912,1502,-3.09,62255
ground-height-0m-20260825-163632,d018m_r270_run01.csv,0,18,270,dw00;dw01;dw02;dw03;dw04;dw05;dw06;dw07;dw08,dw00;dw01;dw02;dw03;dw04;dw05;dw06;dw07;dw08,,105,1,2026-08-28T06:54:13.388+0200,dw05,4B92,131,1753,49,-463,1691,-3.75,72265
ground-height-0m-20260825-163632,d018m_r270_run01.csv,0,18,270,dw00;dw01;dw02;dw03;dw04;dw05;dw06;dw07;dw08,dw00;dw01;dw02;dw03;dw04;dw05;dw06;dw07;dw08,,125,1,2026-08-28T06:54:13.398+0200,dw06,0789,200,1757,97,48,1756,4.02,82275
ground-height-0m-20260825-163632,d018m_r270_run01.csv,0,18,270,dw00;dw01;dw02;dw03;dw04;dw05;dw06;dw07;dw08,dw00;dw01;dw02;dw03;dw04;dw05;dw06;dw07;dw08,,75,1,2026-08-28T06:54:13.528+0200,dw03,021B,102,1752,-40,-1443,993,2.83,12298
ground-height-0m-20260825-163632,d018m_r270_run01.csv,0,18,270,dw00;dw01;dw02;dw03;dw04;dw05;dw06;dw07;dw08,dw00;dw01;dw02;dw03;dw04;dw05;dw06;dw07;dw08,,165,1,2026-08-28T06:54:13.537+0200,dw08,028E,66,1754,131,420,1702,2.32,22308
ground-height-0m-20260825-163632,d018m_r270_run01.csv,0,18,270,dw00;dw01;dw02;dw03;dw04;dw05;dw06;dw07;dw08,dw00;dw01;dw02;dw03;dw04;dw05;dw06;dw07;dw08,,15,1,2026-08-28T06:54:13.547+0200,dw00,8103,124,1762,-142,1350,1132,-3.18,32287
ground-height-0m-20260825-163632,d018m_r270_run01.csv,0,18,270,dw00;dw01;dw02;dw03;dw04;dw05;dw06;dw07;dw08,dw00;dw01;dw02;dw03;dw04;dw05;dw06;dw07;dw08,,55,1,2026-08-28T06:54:13.568+0200,dw02,8FB0,224,1756,-86,-1756,0,3.21,52398
ground-height-0m-20260825-163632,d018m_r270_run01.csv,0,18,270,dw00;dw01;dw02;dw03;dw04;dw05;dw06;dw07;dw08,dw00;dw01;dw02;dw03;dw04;dw05;dw06;dw07;dw08,,90,1,2026-08-28T06:54:13.578+0200,dw04,0F85,120,1758,11,-885,1519,-3.09,62255
ground-height-0m-20260825-163632,d018m_r270_run01.csv,0,18,270,dw00;dw01;dw02;dw03;dw04;dw05;dw06;dw07;dw08,dw00;dw01;dw02;dw03;dw04;dw05;dw06;dw07;dw08,,105,1,2026-08-28T06:54:13.587+0200,dw05,4B92,132,1756,51,-446,1698,-3.69,72265
ground-height-0m-20260825-163632,d018m_r270_run01.csv,0,18,270,dw00;dw01;dw02;dw03;dw04;dw05;dw06;dw07;dw08,dw00;dw01;dw02;dw03;dw04;dw05;dw06;dw07;dw08,,125,1,2026-08-28T06:54:13.598+0200,dw06,0789,201,1762,95,30,1762,4.02,82305
ground-height-0m-20260825-163632,d018m_r270_run01.csv,0,18,270,dw00;dw01;dw02;dw03;dw04;dw05;dw06;dw07;dw08,dw00;dw01;dw02;dw03;dw04;dw05;dw06;dw07;dw08,,75,1,2026-08-28T06:54:13.728+0200,dw03,021B,103,1749,-35,-1382,1071,2.89,12268
ground-height-0m-20260825-163632,d018m_r270_run01.csv,0,18,270,dw00;dw01;dw02;dw03;dw04;dw05;dw06;dw07;dw08,dw00;dw01;dw02;dw03;dw04;dw05;dw06;dw07;dw08,,165,1,2026-08-28T06:54:13.738+0200,dw08,028E,67,1760,124,346,1726,2.38,22277
ground-height-0m-20260825-163632,d018m_r270_run01.csv,0,18,270,dw00;dw01;dw02;dw03;dw04;dw05;dw06;dw07;dw08,dw00;dw01;dw02;dw03;dw04;dw05;dw06;dw07;dw08,,15,1,2026-08-28T06:54:13.747+0200,dw00,8103,125,1765,-155,1211,1284,-3.24,32257
ground-height-0m-20260825-163632,d018m_r270_run01.csv,0,18,270,dw00;dw01;dw02;dw03;dw04;dw05;dw06;dw07;dw08,dw00;dw01;dw02;dw03;dw04;dw05;dw06;dw07;dw08,,55,1,2026-08-28T06:54:13.768+0200,dw02,8FB0,225,1758,-88,1758,0,3.21,52368
ground-height-0m-20260825-163632,d018m_r270_run01.csv,0,18,270,dw00;dw01;dw02;dw03;dw04;dw05;dw06;dw07;dw08,dw00;dw01;dw02;dw03;dw04;dw05;dw06;dw07;dw08,,90,1,2026-08-28T06:54:13.778+0200,dw04,0F85,121,1760,15,-844,1544,-2.98,62255
ground-height-0m-20260825-163632,d018m_r270_run01.csv,0,18,270,dw00;dw01;dw02;dw03;dw04;dw05;dw06;dw07;dw08,dw00;dw01;dw02;dw03;dw04;dw05;dw06;dw07;dw08,,105,1,2026-08-28T06:54:13.788+0200,dw05,4B92,133,1759,58,-369,1719,-3.87,72265
ground-height-0m-20260825-163632,d018m_r270_run01.csv,0,18,270,dw00;dw01;dw02;dw03;dw04;dw05;dw06;dw07;dw08,dw00;dw01;dw02;dw03;dw04;dw05;dw06;dw07;dw08,,125,1,2026-08-28T06:54:13.797+0200,dw06,0789,202,1756,94,17,1756,3.96,82275
ground-height-0m-20260825-163632,d018m_r270_run01.csv,0,18,270,dw00;dw01;dw02;dw03;dw04;dw05;dw06;dw07;dw08,dw00;dw01;dw02;dw03;dw04;dw05;dw06;dw07;dw08,,75,1,2026-08-28T06:54:13.927+0200,dw03,021B,104,1747,-19,-1213,1257,2.83,12268
ground-height-0m-20260825-163632,d018m_r270_run01.csv,0,18,270,dw00;dw01;dw02;dw03;dw04;dw05;dw06;dw07;dw08,dw00;dw01;dw02;dw03;dw04;dw05;dw06;dw07;dw08,,165,1,2026-08-28T06:54:13.938+0200,dw08,028E,68,1756,153,651,1631,2.26,22277
ground-height-0m-20260825-163632,d018m_r270_run01.csv,0,18,270,dw00;dw01;dw02;dw03;dw04;dw05;dw06;dw07;dw08,dw00;dw01;dw02;dw03;dw04;dw05;dw06;dw07;dw08,,15,1,2026-08-28T06:54:13.948+0200,dw00,8103,126,1766,-150,1268,1229,-3.18,32257
ground-height-0m-20260825-163632,d018m_r270_run01.csv,0,18,270,dw00;dw01;dw02;dw03;dw04;dw05;dw06;dw07;dw08,dw00;dw01;dw02;dw03;dw04;dw05;dw06;dw07;dw08,,55,1,2026-08-28T06:54:13.967+0200,dw02,8FB0,226,1759,-86,-1759,0,3.27,52398
ground-height-0m-20260825-163632,d018m_r270_run01.csv,0,18,270,dw00;dw01;dw02;dw03;dw04;dw05;dw06;dw07;dw08,dw00;dw01;dw02;dw03;dw04;dw05;dw06;dw07;dw08,,90,1,2026-08-28T06:54:13.978+0200,dw04,0F85,122,1761,4,-956,1478,-3.09,62255
ground-height-0m-20260825-163632,d018m_r270_run01.csv,0,18,270,dw00;dw01;dw02;dw03;dw04;dw05;dw06;dw07;dw08,dw00;dw01;dw02;dw03;dw04;dw05;dw06;dw07;dw08,,105,1,2026-08-28T06:54:13.988+0200,dw05,4B92,134,1758,41,-559,1667,-3.75,72265
ground-height-0m-20260825-163632,d018m_r270_run01.csv,0,18,270,dw00;dw01;dw02;dw03;dw04;dw05;dw06;dw07;dw08,dw00;dw01;dw02;dw03;dw04;dw05;dw06;dw07;dw08,,125,1,2026-08-28T06:54:13.997+0200,dw06,0789,203,1760,94,21,1760,4.02,82275
ground-height-0m-20260825-163632,d018m_r270_run01.csv,0,18,270,dw00;dw01;dw02;dw03;dw04;dw05;dw06;dw07;dw08,dw00;dw01;dw02;dw03;dw04;dw05;dw06;dw07;dw08,,75,1,2026-08-28T06:54:14.127+0200,dw03,021B,105,1746,-32,-1353,1103,2.95,12268
ground-height-0m-20260825-163632,d018m_r270_run01.csv,0,18,270,dw00;dw01;dw02;dw03;dw04;dw05;dw06;dw07;dw08,dw00;dw01;dw02;dw03;dw04;dw05;dw06;dw07;dw08,,165,1,2026-08-28T06:54:14.137+0200,dw08,028E,69,1761,137,485,1692,2.50,22308
ground-height-0m-20260825-163632,d018m_r270_run01.csv,0,18,270,dw00;dw01;dw02;dw03;dw04;dw05;dw06;dw07;dw08,dw00;dw01;dw02;dw03;dw04;dw05;dw06;dw07;dw08,,15,1,2026-08-28T06:54:14.148+0200,dw00,8103,127,1762,-152,1241,1251,-3.18,32257
ground-height-0m-20260825-163632,d018m_r270_run01.csv,0,18,270,dw00;dw01;dw02;dw03;dw04;dw05;dw06;dw07;dw08,dw00;dw01;dw02;dw03;dw04;dw05;dw06;dw07;dw08,,55,1,2026-08-28T06:54:14.167+0200,dw02,8FB0,227,1755,-88,1755,0,3.27,52398
ground-height-0m-20260825-163632,d018m_r270_run01.csv,0,18,270,dw00;dw01;dw02;dw03;dw04;dw05;dw06;dw07;dw08,dw00;dw01;dw02;dw03;dw04;dw05;dw06;dw07;dw08,,90,1,2026-08-28T06:54:14.177+0200,dw04,0F85,123,1758,8,-911,1504,-3.09,62286
ground-height-0m-20260825-163632,d018m_r270_run01.csv,0,18,270,dw00;dw01;dw02;dw03;dw04;dw05;dw06;dw07;dw08,dw00;dw01;dw02;dw03;dw04;dw05;dw06;dw07;dw08,,105,1,2026-08-28T06:54:14.188+0200,dw05,4B92,135,1758,51,-451,1699,-3.75,72265
ground-height-0m-20260825-163632,d018m_r270_run01.csv,0,18,270,dw00;dw01;dw02;dw03;dw04;dw05;dw06;dw07;dw08,dw00;dw01;dw02;dw03;dw04;dw05;dw06;dw07;dw08,,125,1,2026-08-28T06:54:14.198+0200,dw06,0789,204,1761,94,17,1761,4.02,82336
ground-height-0m-20260825-163632,d018m_r270_run01.csv,0,18,270,dw00;dw01;dw02;dw03;dw04;dw05;dw06;dw07;dw08,dw00;dw01;dw02;dw03;dw04;dw05;dw06;dw07;dw08,,75,1,2026-08-28T06:54:14.327+0200,dw03,021B,106,1747,-33,-1362,1094,2.83,12268
ground-height-0m-20260825-163632,d018m_r270_run01.csv,0,18,270,dw00;dw01;dw02;dw03;dw04;dw05;dw06;dw07;dw08,dw00;dw01;dw02;dw03;dw04;dw05;dw06;dw07;dw08,,165,1,2026-08-28T06:54:14.337+0200,dw08,028E,70,1757,149,609,1648,2.38,22277
ground-height-0m-20260825-163632,d018m_r270_run01.csv,0,18,270,dw00;dw01;dw02;dw03;dw04;dw05;dw06;dw07;dw08,dw00;dw01;dw02;dw03;dw04;dw05;dw06;dw07;dw08,,15,1,2026-08-28T06:54:14.347+0200,dw00,8103,128,1765,-148,1291,1203,-3.18,32257
ground-height-0m-20260825-163632,d018m_r270_run01.csv,0,18,270,dw00;dw01;dw02;dw03;dw04;dw05;dw06;dw07;dw08,dw00;dw01;dw02;dw03;dw04;dw05;dw06;dw07;dw08,,55,1,2026-08-28T06:54:14.368+0200,dw02,8FB0,228,1753,-95,1753,0,3.15,52368
ground-height-0m-20260825-163632,d018m_r270_run01.csv,0,18,270,dw00;dw01;dw02;dw03;dw04;dw05;dw06;dw07;dw08,dw00;dw01;dw02;dw03;dw04;dw05;dw06;dw07;dw08,,90,1,2026-08-28T06:54:14.377+0200,dw04,0F85,124,1760,10,-897,1514,-3.12,62255
ground-height-0m-20260825-163632,d018m_r270_run01.csv,0,18,270,dw00;dw01;dw02;dw03;dw04;dw05;dw06;dw07;dw08,dw00;dw01;dw02;dw03;dw04;dw05;dw06;dw07;dw08,,105,1,2026-08-28T06:54:14.387+0200,dw05,4B92,136,1754,52,-436,1699,-3.81,72265
ground-height-0m-20260825-163632,d018m_r270_run01.csv,0,18,270,dw00;dw01;dw02;dw03;dw04;dw05;dw06;dw07;dw08,dw00;dw01;dw02;dw03;dw04;dw05;dw06;dw07;dw08,,125,1,2026-08-28T06:54:14.398+0200,dw06,0789,205,1759,97,54,1758,3.90,82305
ground-height-0m-20260825-163632,d018m_r270_run01.csv,0,18,270,dw00;dw01;dw02;dw03;dw04;dw05;dw06;dw07;dw08,dw00;dw01;dw02;dw03;dw04;dw05;dw06;dw07;dw08,,145,1,2026-08-28T06:54:14.523+0200,dw07,5783,4,1757,131,418,1707,2.50,2147483
ground-height-0m-20260825-163632,d018m_r270_run01.csv,0,18,270,dw00;dw01;dw02;dw03;dw04;dw05;dw06;dw07;dw08,dw00;dw01;dw02;dw03;dw04;dw05;dw06;dw07;dw08,,165,1,2026-08-28T06:54:14.537+0200,dw08,028E,71,1760,151,635,1641,2.44,2147483
ground-height-0m-20260825-163632,d018m_r270_run01.csv,0,18,270,dw00;dw01;dw02;dw03;dw04;dw05;dw06;dw07;dw08,dw00;dw01;dw02;dw03;dw04;dw05;dw06;dw07;dw08,,15,1,2026-08-28T06:54:14.547+0200,dw00,8103,129,1767,-152,1249,1250,-3.18,2147483
ground-height-0m-20260825-163632,d018m_r270_run01.csv,0,18,270,dw00;dw01;dw02;dw03;dw04;dw05;dw06;dw07;dw08,dw00;dw01;dw02;dw03;dw04;dw05;dw06;dw07;dw08,,55,1,2026-08-28T06:54:14.568+0200,dw02,8FB0,229,1754,-86,-1754,0,3.09,2147483
ground-height-0m-20260825-163632,d018m_r270_run01.csv,0,18,270,dw00;dw01;dw02;dw03;dw04;dw05;dw06;dw07;dw08,dw00;dw01;dw02;dw03;dw04;dw05;dw06;dw07;dw08,,90,1,2026-08-28T06:54:14.577+0200,dw04,0F85,125,1761,11,-886,1522,-3.18,2147483
ground-height-0m-20260825-163632,d018m_r270_run01.csv,0,18,270,dw00;dw01;dw02;dw03;dw04;dw05;dw06;dw07;dw08,dw00;dw01;dw02;dw03;dw04;dw05;dw06;dw07;dw08,,105,1,2026-08-28T06:54:14.587+0200,dw05,4B92,137,1754,56,-394,1709,-3.75,2147483
ground-height-0m-20260825-163632,d018m_r270_run01.csv,0,18,270,dw00;dw01;dw02;dw03;dw04;dw05;dw06;dw07;dw08,dw00;dw01;dw02;dw03;dw04;dw05;dw06;dw07;dw08,,125,1,2026-08-28T06:54:14.597+0200,dw06,0789,206,1757,100,79,1755,4.02,2147483
ground-height-0m-20260825-163632,d018m_r270_run01.csv,0,18,270,dw00;dw01;dw02;dw03;dw04;dw05;dw06;dw07;dw08,dw00;dw01;dw02;dw03;dw04;dw05;dw06;dw07;dw08,,75,1,2026-08-28T06:54:14.742+0200,dw03,021B,108,1749,-27,-1293,1178,3.06,27923
ground-height-0m-20260825-163632,d018m_r270_run01.csv,0,18,270,dw00;dw01;dw02;dw03;dw04;dw05;dw06;dw07;dw08,dw00;dw01;dw02;dw03;dw04;dw05;dw06;dw07;dw08,,165,1,2026-08-28T06:54:14.756+0200,dw08,028E,72,1757,137,482,1690,2.50,40802
ground-height-0m-20260825-163632,d018m_r270_run01.csv,0,18,270,dw00;dw01;dw02;dw03;dw04;dw05;dw06;dw07;dw08,dw00;dw01;dw02;dw03;dw04;dw05;dw06;dw07;dw08,,15,1,2026-08-28T06:54:14.766+0200,dw00,8103,130,1762,-131,1465,978,-3.09,50811
ground-height-0m-20260825-163632,d018m_r270_run01.csv,0,18,270,dw00;dw01;dw02;dw03;dw04;dw05;dw06;dw07;dw08,dw00;dw01;dw02;dw03;dw04;dw05;dw06;dw07;dw08,,55,1,2026-08-28T06:54:14.787+0200,dw02,8FB0,230,1752,-95,1752,0,3.21,71228
ground-height-0m-20260825-163632,d018m_r270_run01.csv,0,18,270,dw00;dw01;dw02;dw03;dw04;dw05;dw06;dw07;dw08,dw00;dw01;dw02;dw03;dw04;dw05;dw06;dw07;dw08,,90,1,2026-08-28T06:54:14.795+0200,dw04,0F85,126,1757,7,-928,1491,-3.09,80749
ground-height-0m-20260825-163632,d018m_r270_run01.csv,0,18,270,dw00;dw01;dw02;dw03;dw04;dw05;dw06;dw07;dw08,dw00;dw01;dw02;dw03;dw04;dw05;dw06;dw07;dw08,,105,1,2026-08-28T06:54:14.806+0200,dw05,4B92,138,1755,44,-521,1676,-3.75,90728
ground-height-0m-20260825-163632,d018m_r270_run01.csv,0,18,270,dw00;dw01;dw02;dw03;dw04;dw05;dw06;dw07;dw08,dw00;dw01;dw02;dw03;dw04;dw05;dw06;dw07;dw08,,125,1,2026-08-28T06:54:14.816+0200,dw06,0789,207,1756,95,25,1756,4.02,854
ground-height-0m-20260825-163632,d018m_r270_run01.csv,0,18,270,dw00;dw01;dw02;dw03;dw04;dw05;dw06;dw07;dw08,dw00;dw01;dw02;dw03;dw04;dw05;dw06;dw07;dw08,,75,1,2026-08-28T06:54:14.927+0200,dw03,021B,109,1747,-42,-1460,959,2.83,12298
ground-height-0m-20260825-163632,d018m_r270_run01.csv,0,18,270,dw00;dw01;dw02;dw03;dw04;dw05;dw06;dw07;dw08,dw00;dw01;dw02;dw03;dw04;dw05;dw06;dw07;dw08,,165,1,2026-08-28T06:54:14.937+0200,dw08,028E,73,1758,159,723,1603,2.32,22338
ground-height-0m-20260825-163632,d018m_r270_run01.csv,0,18,270,dw00;dw01;dw02;dw03;dw04;dw05;dw06;dw07;dw08,dw00;dw01;dw02;dw03;dw04;dw05;dw06;dw07;dw08,,15,1,2026-08-28T06:54:14.948+0200,dw00,8103,131,1763,-131,1470,973,-3.09,32348
ground-height-0m-20260825-163632,d018m_r270_run01.csv,0,18,270,dw00;dw01;dw02;dw03;dw04;dw05;dw06;dw07;dw08,dw00;dw01;dw02;dw03;dw04;dw05;dw06;dw07;dw08,,55,1,2026-08-28T06:54:14.967+0200,dw02,8FB0,231,1756,-100,1756,0,3.21,52398
ground-height-0m-20260825-163632,d018m_r270_run01.csv,0,18,270,dw00;dw01;dw02;dw03;dw04;dw05;dw06;dw07;dw08,dw00;dw01;dw02;dw03;dw04;dw05;dw06;dw07;dw08,,90,1,2026-08-28T06:54:14.977+0200,dw04,0F85,127,1758,8,-914,1501,-3.18,62286
ground-height-0m-20260825-163632,d018m_r270_run01.csv,0,18,270,dw00;dw01;dw02;dw03;dw04;dw05;dw06;dw07;dw08,dw00;dw01;dw02;dw03;dw04;dw05;dw06;dw07;dw08,,105,1,2026-08-28T06:54:14.988+0200,dw05,4B92,139,1754,49,-474,1689,-3.75,72296
ground-height-0m-20260825-163632,d018m_r270_run01.csv,0,18,270,dw00;dw01;dw02;dw03;dw04;dw05;dw06;dw07;dw08,dw00;dw01;dw02;dw03;dw04;dw05;dw06;dw07;dw08,,125,1,2026-08-28T06:54:15.097+0200,dw06,0789,208,1758,101,96,1755,3.96,2147483
ground-height-0m-20260825-163632,d018m_r270_run01.csv,0,18,270,dw00;dw01;dw02;dw03;dw04;dw05;dw06;dw07;dw08,dw00;dw01;dw02;dw03;dw04;dw05;dw06;dw07;dw08,,75,1,2026-08-28T06:54:15.127+0200,dw03,021B,110,1745,-37,-1400,1042,2.89,12298
ground-height-0m-20260825-163632,d018m_r270_run01.csv,0,18,270,dw00;dw01;dw02;dw03;dw04;dw05;dw06;dw07;dw08,dw00;dw01;dw02;dw03;dw04;dw05;dw06;dw07;dw08,,165,1,2026-08-28T06:54:15.137+0200,dw08,028E,74,1762,134,455,1701,2.38,22277
ground-height-0m-20260825-163632,d018m_r270_run01.csv,0,18,270,dw00;dw01;dw02;dw03;dw04;dw05;dw06;dw07;dw08,dw00;dw01;dw02;dw03;dw04;dw05;dw06;dw07;dw08,,15,1,2026-08-28T06:54:15.147+0200,dw00,8103,132,1763,43,-533,1681,-3.12,32287
ground-height-0m-20260825-163632,d018m_r270_run01.csv,0,18,270,dw00;dw01;dw02;dw03;dw04;dw05;dw06;dw07;dw08,dw00;dw01;dw02;dw03;dw04;dw05;dw06;dw07;dw08,,55,1,2026-08-28T06:54:15.167+0200,dw02,8FB0,232,1756,-96,1756,0,3.21,52368
ground-height-0m-20260825-163632,d018m_r270_run01.csv,0,18,270,dw00;dw01;dw02;dw03;dw04;dw05;dw06;dw07;dw08,dw00;dw01;dw02;dw03;dw04;dw05;dw06;dw07;dw08,,90,1,2026-08-28T06:54:15.177+0200,dw04,0F85,128,1761,9,-899,1514,-3.09,62286
ground-height-0m-20260825-163632,d018m_r270_run01.csv,0,18,270,dw00;dw01;dw02;dw03;dw04;dw05;dw06;dw07;dw08,dw00;dw01;dw02;dw03;dw04;dw05;dw06;dw07;dw08,,105,1,2026-08-28T06:54:15.187+0200,dw05,4B92,140,1755,47,-486,1686,-3.87,72265
ground-height-0m-20260825-163632,d018m_r270_run01.csv,0,18,270,dw00;dw01;dw02;dw03;dw04;dw05;dw06;dw07;dw08,dw00;dw01;dw02;dw03;dw04;dw05;dw06;dw07;dw08,,125,1,2026-08-28T06:54:15.316+0200,dw06,0789,209,1759,96,42,1758,4.02,854
ground-height-0m-20260825-163632,d018m_r270_run01.csv,0,18,270,dw00;dw01;dw02;dw03;dw04;dw05;dw06;dw07;dw08,dw00;dw01;dw02;dw03;dw04;dw05;dw06;dw07;dw08,,75,1,2026-08-28T06:54:15.328+0200,dw03,021B,111,1753,-30,-1335,1136,2.89,12268
ground-height-0m-20260825-163632,d018m_r270_run01.csv,0,18,270,dw00;dw01;dw02;dw03;dw04;dw05;dw06;dw07;dw08,dw00;dw01;dw02;dw03;dw04;dw05;dw06;dw07;dw08,,165,1,2026-08-28T06:54:15.337+0200,dw08,028E,75,1760,137,485,1692,2.44,22277
ground-height-0m-20260825-163632,d018m_r270_run01.csv,0,18,270,dw00;dw01;dw02;dw03;dw04;dw05;dw06;dw07;dw08,dw00;dw01;dw02;dw03;dw04;dw05;dw06;dw07;dw08,,15,1,2026-08-28T06:54:15.347+0200,dw00,8103,133,1763,-145,1320,1169,-3.12,32287
ground-height-0m-20260825-163632,d018m_r270_run01.csv,0,18,270,dw00;dw01;dw02;dw03;dw04;dw05;dw06;dw07;dw08,dw00;dw01;dw02;dw03;dw04;dw05;dw06;dw07;dw08,,55,1,2026-08-28T06:54:15.368+0200,dw02,8FB0,233,1756,-88,1756,0,3.21,52368
ground-height-0m-20260825-163632,d018m_r270_run01.csv,0,18,270,dw00;dw01;dw02;dw03;dw04;dw05;dw06;dw07;dw08,dw00;dw01;dw02;dw03;dw04;dw05;dw06;dw07;dw08,,90,1,2026-08-28T06:54:15.377+0200,dw04,0F85,129,1759,5,-952,1479,-3.03,62225
ground-height-0m-20260825-163632,d018m_r270_run01.csv,0,18,270,dw00;dw01;dw02;dw03;dw04;dw05;dw06;dw07;dw08,dw00;dw01;dw02;dw03;dw04;dw05;dw06;dw07;dw08,,105,1,2026-08-28T06:54:15.387+0200,dw05,4B92,141,1758,52,-437,1703,-3.75,72265
ground-height-0m-20260825-163632,d018m_r270_run01.csv,0,18,270,dw00;dw01;dw02;dw03;dw04;dw05;dw06;dw07;dw08,dw00;dw01;dw02;dw03;dw04;dw05;dw06;dw07;dw08,,145,1,2026-08-28T06:54:15.507+0200,dw07,5783,8,1754,34,-634,1635,2.32,2147483
ground-height-0m-20260825-163632,d018m_r270_run01.csv,0,18,270,dw00;dw01;dw02;dw03;dw04;dw05;dw06;dw07;dw08,dw00;dw01;dw02;dw03;dw04;dw05;dw06;dw07;dw08,,75,1,2026-08-28T06:54:15.527+0200,dw03,021B,112,1753,-31,-1343,1126,2.89,12268
ground-height-0m-20260825-163632,d018m_r270_run01.csv,0,18,270,dw00;dw01;dw02;dw03;dw04;dw05;dw06;dw07;dw08,dw00;dw01;dw02;dw03;dw04;dw05;dw06;dw07;dw08,,165,1,2026-08-28T06:54:15.538+0200,dw08,028E,76,1762,136,477,1697,2.44,22277
ground-height-0m-20260825-163632,d018m_r270_run01.csv,0,18,270,dw00;dw01;dw02;dw03;dw04;dw05;dw06;dw07;dw08,dw00;dw01;dw02;dw03;dw04;dw05;dw06;dw07;dw08,,15,1,2026-08-28T06:54:15.547+0200,dw00,8103,134,1764,-141,1368,1114,-3.18,32226
ground-height-0m-20260825-163632,d018m_r270_run01.csv,0,18,270,dw00;dw01;dw02;dw03;dw04;dw05;dw06;dw07;dw08,dw00;dw01;dw02;dw03;dw04;dw05;dw06;dw07;dw08,,55,1,2026-08-28T06:54:15.567+0200,dw02,8FB0,234,1757,-88,1757,0,3.27,52398
ground-height-0m-20260825-163632,d018m_r270_run01.csv,0,18,270,dw00;dw01;dw02;dw03;dw04;dw05;dw06;dw07;dw08,dw00;dw01;dw02;dw03;dw04;dw05;dw06;dw07;dw08,,90,1,2026-08-28T06:54:15.578+0200,dw04,0F85,130,1759,10,-898,1513,-3.09,62255
ground-height-0m-20260825-163632,d018m_r270_run01.csv,0,18,270,dw00;dw01;dw02;dw03;dw04;dw05;dw06;dw07;dw08,dw00;dw01;dw02;dw03;dw04;dw05;dw06;dw07;dw08,,105,1,2026-08-28T06:54:15.587+0200,dw05,4B92,142,1754,58,-371,1714,-3.75,72265
ground-height-0m-20260825-163632,d018m_r270_run01.csv,0,18,270,dw00;dw01;dw02;dw03;dw04;dw05;dw06;dw07;dw08,dw00;dw01;dw02;dw03;dw04;dw05;dw06;dw07;dw08,,125,1,2026-08-28T06:54:15.597+0200,dw06,0789,210,1762,97,54,1761,3.90,82397
ground-height-0m-20260825-163632,d018m_r270_run01.csv,0,18,270,dw00;dw01;dw02;dw03;dw04;dw05;dw06;dw07;dw08,dw00;dw01;dw02;dw03;dw04;dw05;dw06;dw07;dw08,,145,1,2026-08-28T06:54:15.707+0200,dw07,5783,9,1755,124,346,1720,2.38,2147483
ground-height-0m-20260825-163632,d018m_r270_run01.csv,0,18,270,dw00;dw01;dw02;dw03;dw04;dw05;dw06;dw07;dw08,dw00;dw01;dw02;dw03;dw04;dw05;dw06;dw07;dw08,,75,1,2026-08-28T06:54:15.727+0200,dw03,021B,113,1747,-42,-1458,961,2.83,12268
ground-height-0m-20260825-163632,d018m_r270_run01.csv,0,18,270,dw00;dw01;dw02;dw03;dw04;dw05;dw06;dw07;dw08,dw00;dw01;dw02;dw03;dw04;dw05;dw06;dw07;dw08,,165,1,2026-08-28T06:54:15.736+0200,dw08,028E,77,1762,139,502,1688,2.38,22308
ground-height-0m-20260825-163632,d018m_r270_run01.csv,0,18,270,dw00;dw01;dw02;dw03;dw04;dw05;dw06;dw07;dw08,dw00;dw01;dw02;dw03;dw04;dw05;dw06;dw07;dw08,,15,1,2026-08-28T06:54:15.747+0200,dw00,8103,135,1764,-150,1269,1225,-3.24,32287
ground-height-0m-20260825-163632,d018m_r270_run01.csv,0,18,270,dw00;dw01;dw02;dw03;dw04;dw05;dw06;dw07;dw08,dw00;dw01;dw02;dw03;dw04;dw05;dw06;dw07;dw08,,55,1,2026-08-28T06:54:15.767+0200,dw02,8FB0,235,1758,-76,-1758,0,3.21,52398
ground-height-0m-20260825-163632,d018m_r270_run01.csv,0,18,270,dw00;dw01;dw02;dw03;dw04;dw05;dw06;dw07;dw08,dw00;dw01;dw02;dw03;dw04;dw05;dw06;dw07;dw08,,90,1,2026-08-28T06:54:15.777+0200,dw04,0F85,131,1762,13,-858,1539,-3.18,62255
ground-height-0m-20260825-163632,d018m_r270_run01.csv,0,18,270,dw00;dw01;dw02;dw03;dw04;dw05;dw06;dw07;dw08,dw00;dw01;dw02;dw03;dw04;dw05;dw06;dw07;dw08,,105,1,2026-08-28T06:54:15.788+0200,dw05,4B92,143,1755,47,-486,1687,-3.66,72296
ground-height-0m-20260825-163632,d018m_r270_run01.csv,0,18,270,dw00;dw01;dw02;dw03;dw04;dw05;dw06;dw07;dw08,dw00;dw01;dw02;dw03;dw04;dw05;dw06;dw07;dw08,,125,1,2026-08-28T06:54:15.797+0200,dw06,0789,211,1761,88,-52,1760,4.02,82275
ground-height-0m-20260825-163632,d018m_r270_run01.csv,0,18,270,dw00;dw01;dw02;dw03;dw04;dw05;dw06;dw07;dw08,dw00;dw01;dw02;dw03;dw04;dw05;dw06;dw07;dw08,,75,1,2026-08-28T06:54:15.927+0200,dw03,021B,114,1749,-40,-1433,1002,2.77,12268
ground-height-0m-20260825-163632,d018m_r270_run01.csv,0,18,270,dw00;dw01;dw02;dw03;dw04;dw05;dw06;dw07;dw08,dw00;dw01;dw02;dw03;dw04;dw05;dw06;dw07;dw08,,165,1,2026-08-28T06:54:15.937+0200,dw08,028E,78,1763,138,496,1692,2.50,22308
ground-height-0m-20260825-163632,d018m_r270_run01.csv,0,18,270,dw00;dw01;dw02;dw03;dw04;dw05;dw06;dw07;dw08,dw00;dw01;dw02;dw03;dw04;dw05;dw06;dw07;dw08,,15,1,2026-08-28T06:54:15.946+0200,dw00,8103,136,1764,-152,1249,1245,-3.24,32287
ground-height-0m-20260825-163632,d018m_r270_run01.csv,0,18,270,dw00;dw01;dw02;dw03;dw04;dw05;dw06;dw07;dw08,dw00;dw01;dw02;dw03;dw04;dw05;dw06;dw07;dw08,,55,1,2026-08-28T06:54:15.967+0200,dw02,8FB0,236,1756,-100,1756,0,3.21,52398
ground-height-0m-20260825-163632,d018m_r270_run01.csv,0,18,270,dw00;dw01;dw02;dw03;dw04;dw05;dw06;dw07;dw08,dw00;dw01;dw02;dw03;dw04;dw05;dw06;dw07;dw08,,90,1,2026-08-28T06:54:15.977+0200,dw04,0F85,132,1757,8,-918,1498,-3.09,62286
ground-height-0m-20260825-163632,d018m_r270_run01.csv,0,18,270,dw00;dw01;dw02;dw03;dw04;dw05;dw06;dw07;dw08,dw00;dw01;dw02;dw03;dw04;dw05;dw06;dw07;dw08,,105,1,2026-08-28T06:54:15.986+0200,dw05,4B92,144,1757,49,-474,1692,-3.75,72235
ground-height-0m-20260825-163632,d018m_r270_run01.csv,0,18,270,dw00;dw01;dw02;dw03;dw04;dw05;dw06;dw07;dw08,dw00;dw01;dw02;dw03;dw04;dw05;dw06;dw07;dw08,,125,1,2026-08-28T06:54:15.997+0200,dw06,0789,212,1759,86,-71,1757,4.02,82275
ground-height-0m-20260825-163632,d018m_r270_run01.csv,0,18,270,dw00;dw01;dw02;dw03;dw04;dw05;dw06;dw07;dw08,dw00;dw01;dw02;dw03;dw04;dw05;dw06;dw07;dw08,,145,1,2026-08-28T06:54:16.122+0200,dw07,5783,11,1754,128,382,1711,2.50,2147483
ground-height-0m-20260825-163632,d018m_r270_run01.csv,0,18,270,dw00;dw01;dw02;dw03;dw04;dw05;dw06;dw07;dw08,dw00;dw01;dw02;dw03;dw04;dw05;dw06;dw07;dw08,,165,1,2026-08-28T06:54:16.137+0200,dw08,028E,79,1763,146,585,1663,2.38,2147483
ground-height-0m-20260825-163632,d018m_r270_run01.csv,0,18,270,dw00;dw01;dw02;dw03;dw04;dw05;dw06;dw07;dw08,dw00;dw01;dw02;dw03;dw04;dw05;dw06;dw07;dw08,,15,1,2026-08-28T06:54:16.147+0200,dw00,8103,137,1765,-147,1299,1195,-3.18,2147483
ground-height-0m-20260825-163632,d018m_r270_run01.csv,0,18,270,dw00;dw01;dw02;dw03;dw04;dw05;dw06;dw07;dw08,dw00;dw01;dw02;dw03;dw04;dw05;dw06;dw07;dw08,,55,1,2026-08-28T06:54:16.167+0200,dw02,8FB0,237,1752,-83,-1752,0,3.09,2147483
ground-height-0m-20260825-163632,d018m_r270_run01.csv,0,18,270,dw00;dw01;dw02;dw03;dw04;dw05;dw06;dw07;dw08,dw00;dw01;dw02;dw03;dw04;dw05;dw06;dw07;dw08,,90,1,2026-08-28T06:54:16.177+0200,dw04,0F85,133,1755,8,-916,1497,-3.09,2147483
ground-height-0m-20260825-163632,d018m_r270_run01.csv,0,18,270,dw00;dw01;dw02;dw03;dw04;dw05;dw06;dw07;dw08,dw00;dw01;dw02;dw03;dw04;dw05;dw06;dw07;dw08,,105,1,2026-08-28T06:54:16.187+0200,dw05,4B92,145,1755,54,-410,1706,-3.87,2147483
ground-height-0m-20260825-163632,d018m_r270_run01.csv,0,18,270,dw00;dw01;dw02;dw03;dw04;dw05;dw06;dw07;dw08,dw00;dw01;dw02;dw03;dw04;dw05;dw06;dw07;dw08,,125,1,2026-08-28T06:54:16.196+0200,dw06,0789,213,1759,99,75,1758,4.02,2147483
ground-height-0m-20260825-163632,d018m_r270_run01.csv,0,18,270,dw00;dw01;dw02;dw03;dw04;dw05;dw06;dw07;dw08,dw00;dw01;dw02;dw03;dw04;dw05;dw06;dw07;dw08,,75,1,2026-08-28T06:54:16.342+0200,dw03,021B,116,1751,-34,-1370,1091,2.95,27923
ground-height-0m-20260825-163632,d018m_r270_run01.csv,0,18,270,dw00;dw01;dw02;dw03;dw04;dw05;dw06;dw07;dw08,dw00;dw01;dw02;dw03;dw04;dw05;dw06;dw07;dw08,,165,1,2026-08-28T06:54:16.356+0200,dw08,028E,80,1759,147,589,1657,2.38,40832
ground-height-0m-20260825-163632,d018m_r270_run01.csv,0,18,270,dw00;dw01;dw02;dw03;dw04;dw05;dw06;dw07;dw08,dw00;dw01;dw02;dw03;dw04;dw05;dw06;dw07;dw08,,15,1,2026-08-28T06:54:16.365+0200,dw00,8103,138,1763,-153,1232,1260,-3.09,50811
ground-height-0m-20260825-163632,d018m_r270_run01.csv,0,18,270,dw00;dw01;dw02;dw03;dw04;dw05;dw06;dw07;dw08,dw00;dw01;dw02;dw03;dw04;dw05;dw06;dw07;dw08,,55,1,2026-08-28T06:54:16.386+0200,dw02,8FB0,238,1754,-86,-1754,0,3.15,71258
ground-height-0m-20260825-163632,d018m_r270_run01.csv,0,18,270,dw00;dw01;dw02;dw03;dw04;dw05;dw06;dw07;dw08,dw00;dw01;dw02;dw03;dw04;dw05;dw06;dw07;dw08,,90,1,2026-08-28T06:54:16.395+0200,dw04,0F85,134,1758,14,-852,1537,-3.09,80780
ground-height-0m-20260825-163632,d018m_r270_run01.csv,0,18,270,dw00;dw01;dw02;dw03;dw04;dw05;dw06;dw07;dw08,dw00;dw01;dw02;dw03;dw04;dw05;dw06;dw07;dw08,,105,1,2026-08-28T06:54:16.405+0200,dw05,4B92,146,1757,50,-457,1696,-3.75,90698
ground-height-0m-20260825-163632,d018m_r270_run01.csv,0,18,270,dw00;dw01;dw02;dw03;dw04;dw05;dw06;dw07;dw08,dw00;dw01;dw02;dw03;dw04;dw05;dw06;dw07;dw08,,125,1,2026-08-28T06:54:16.415+0200,dw06,0789,214,1761,90,-26,1761,4.02,793
ground-height-0m-20260825-163632,d018m_r270_run01.csv,0,18,270,dw00;dw01;dw02;dw03;dw04;dw05;dw06;dw07;dw08,dw00;dw01;dw02;dw03;dw04;dw05;dw06;dw07;dw08,,75,1,2026-08-28T06:54:16.526+0200,dw03,021B,117,1750,-38,-1416,1028,2.83,12329
ground-height-0m-20260825-163632,d018m_r270_run01.csv,0,18,270,dw00;dw01;dw02;dw03;dw04;dw05;dw06;dw07;dw08,dw00;dw01;dw02;dw03;dw04;dw05;dw06;dw07;dw08,,165,1,2026-08-28T06:54:16.536+0200,dw08,028E,81,1757,154,663,1627,2.44,22338
ground-height-0m-20260825-163632,d018m_r270_run01.csv,0,18,270,dw00;dw01;dw02;dw03;dw04;dw05;dw06;dw07;dw08,dw00;dw01;dw02;dw03;dw04;dw05;dw06;dw07;dw08,,15,1,2026-08-28T06:54:16.547+0200,dw00,8103,139,1762,-144,1326,1160,-3.18,32318
ground-height-0m-20260825-163632,d018m_r270_run01.csv,0,18,270,dw00;dw01;dw02;dw03;dw04;dw05;dw06;dw07;dw08,dw00;dw01;dw02;dw03;dw04;dw05;dw06;dw07;dw08,,55,1,2026-08-28T06:54:16.566+0200,dw02,8FB0,239,1758,-91,1758,0,3.27,52429
ground-height-0m-20260825-163632,d018m_r270_run01.csv,0,18,270,dw00;dw01;dw02;dw03;dw04;dw05;dw06;dw07;dw08,dw00;dw01;dw02;dw03;dw04;dw05;dw06;dw07;dw08,,90,1,2026-08-28T06:54:16.576+0200,dw04,0F85,135,1754,10,-885,1514,-3.09,62286
ground-height-0m-20260825-163632,d018m_r270_run01.csv,0,18,270,dw00;dw01;dw02;dw03;dw04;dw05;dw06;dw07;dw08,dw00;dw01;dw02;dw03;dw04;dw05;dw06;dw07;dw08,,105,1,2026-08-28T06:54:16.587+0200,dw05,4B92,147,1757,60,-346,1722,-3.75,72357
ground-height-0m-20260825-163632,d018m_r270_run01.csv,0,18,270,dw00;dw01;dw02;dw03;dw04;dw05;dw06;dw07;dw08,dw00;dw01;dw02;dw03;dw04;dw05;dw06;dw07;dw08,,145,1,2026-08-28T06:54:16.622+0200,dw07,5783,13,1759,132,432,1705,2.38,2147483
ground-height-0m-20260825-163632,d018m_r270_run01.csv,0,18,270,dw00;dw01;dw02;dw03;dw04;dw05;dw06;dw07;dw08,dw00;dw01;dw02;dw03;dw04;dw05;dw06;dw07;dw08,,125,1,2026-08-28T06:54:16.696+0200,dw06,0789,215,1761,99,69,1759,4.02,2147483
ground-height-0m-20260825-163632,d018m_r270_run01.csv,0,18,270,dw00;dw01;dw02;dw03;dw04;dw05;dw06;dw07;dw08,dw00;dw01;dw02;dw03;dw04;dw05;dw06;dw07;dw08,,75,1,2026-08-28T06:54:16.727+0200,dw03,021B,118,1747,-33,-1355,1102,2.83,12268
ground-height-0m-20260825-163632,d018m_r270_run01.csv,0,18,270,dw00;dw01;dw02;dw03;dw04;dw05;dw06;dw07;dw08,dw00;dw01;dw02;dw03;dw04;dw05;dw06;dw07;dw08,,165,1,2026-08-28T06:54:16.736+0200,dw08,028E,82,1765,136,476,1699,2.50,22277
ground-height-0m-20260825-163632,d018m_r270_run01.csv,0,18,270,dw00;dw01;dw02;dw03;dw04;dw05;dw06;dw07;dw08,dw00;dw01;dw02;dw03;dw04;dw05;dw06;dw07;dw08,,15,1,2026-08-28T06:54:16.746+0200,dw00,8103,140,1762,-160,1159,1327,-3.18,32257
ground-height-0m-20260825-163632,d018m_r270_run01.csv,0,18,270,dw00;dw01;dw02;dw03;dw04;dw05;dw06;dw07;dw08,dw00;dw01;dw02;dw03;dw04;dw05;dw06;dw07;dw08,,55,1,2026-08-28T06:54:16.767+0200,dw02,8FB0,240,1756,-88,1756,0,3.21,52337
ground-height-0m-20260825-163632,d018m_r270_run01.csv,0,18,270,dw00;dw01;dw02;dw03;dw04;dw05;dw06;dw07;dw08,dw00;dw01;dw02;dw03;dw04;dw05;dw06;dw07;dw08,,90,1,2026-08-28T06:54:16.776+0200,dw04,0F85,136,1760,7,-927,1496,-3.12,62255
ground-height-0m-20260825-163632,d018m_r270_run01.csv,0,18,270,dw00;dw01;dw02;dw03;dw04;dw05;dw06;dw07;dw08,dw00;dw01;dw02;dw03;dw04;dw05;dw06;dw07;dw08,,105,1,2026-08-28T06:54:16.786+0200,dw05,4B92,148,1752,53,-428,1699,-3.66,72265
ground-height-0m-20260825-163632,d018m_r270_run01.csv,0,18,270,dw00;dw01;dw02;dw03;dw04;dw05;dw06;dw07;dw08,dw00;dw01;dw02;dw03;dw04;dw05;dw06;dw07;dw08,,125,1,2026-08-28T06:54:16.915+0200,dw06,0789,216,1757,91,-11,1757,4.14,946
ground-height-0m-20260825-163632,d018m_r270_run01.csv,0,18,270,dw00;dw01;dw02;dw03;dw04;dw05;dw06;dw07;dw08,dw00;dw01;dw02;dw03;dw04;dw05;dw06;dw07;dw08,,75,1,2026-08-28T06:54:16.927+0200,dw03,021B,119,1752,-26,-1290,1185,2.89,12268
ground-height-0m-20260825-163632,d018m_r270_run01.csv,0,18,270,dw00;dw01;dw02;dw03;dw04;dw05;dw06;dw07;dw08,dw00;dw01;dw02;dw03;dw04;dw05;dw06;dw07;dw08,,165,1,2026-08-28T06:54:16.937+0200,dw08,028E,83,1762,142,542,1677,2.44,22277
ground-height-0m-20260825-163632,d018m_r270_run01.csv,0,18,270,dw00;dw01;dw02;dw03;dw04;dw05;dw06;dw07;dw08,dw00;dw01;dw02;dw03;dw04;dw05;dw06;dw07;dw08,,15,1,2026-08-28T06:54:16.946+0200,dw00,8103,141,1760,-136,1416,1044,-3.18,32257
ground-height-0m-20260825-163632,d018m_r270_run01.csv,0,18,270,dw00;dw01;dw02;dw03;dw04;dw05;dw06;dw07;dw08,dw00;dw01;dw02;dw03;dw04;dw05;dw06;dw07;dw08,,55,1,2026-08-28T06:54:16.967+0200,dw02,8FB0,241,1754,-81,-1754,0,3.27,52368
ground-height-0m-20260825-163632,d018m_r270_run01.csv,0,18,270,dw00;dw01;dw02;dw03;dw04;dw05;dw06;dw07;dw08,dw00;dw01;dw02;dw03;dw04;dw05;dw06;dw07;dw08,,90,1,2026-08-28T06:54:16.977+0200,dw04,0F85,137,1759,10,-895,1514,-3.03,62255
ground-height-0m-20260825-163632,d018m_r270_run01.csv,0,18,270,dw00;dw01;dw02;dw03;dw04;dw05;dw06;dw07;dw08,dw00;dw01;dw02;dw03;dw04;dw05;dw06;dw07;dw08,,105,1,2026-08-28T06:54:16.986+0200,dw05,4B92,149,1755,45,-508,1680,-3.69,72265
ground-height-0m-20260825-163632,d018m_r270_run01.csv,0,18,270,dw00;dw01;dw02;dw03;dw04;dw05;dw06;dw07;dw08,dw00;dw01;dw02;dw03;dw04;dw05;dw06;dw07;dw08,,145,1,2026-08-28T06:54:17.122+0200,dw07,5783,15,1758,151,637,1639,2.38,2147483
ground-height-0m-20260825-163632,d018m_r270_run01.csv,0,18,270,dw00;dw01;dw02;dw03;dw04;dw05;dw06;dw07;dw08,dw00;dw01;dw02;dw03;dw04;dw05;dw06;dw07;dw08,,165,1,2026-08-28T06:54:17.137+0200,dw08,028E,84,1763,130,412,1714,2.50,2147483
ground-height-0m-20260825-163632,d018m_r270_run01.csv,0,18,270,dw00;dw01;dw02;dw03;dw04;dw05;dw06;dw07;dw08,dw00;dw01;dw02;dw03;dw04;dw05;dw06;dw07;dw08,,15,1,2026-08-28T06:54:17.147+0200,dw00,8103,142,1766,-156,1204,1292,-3.18,2147483
ground-height-0m-20260825-163632,d018m_r270_run01.csv,0,18,270,dw00;dw01;dw02;dw03;dw04;dw05;dw06;dw07;dw08,dw00;dw01;dw02;dw03;dw04;dw05;dw06;dw07;dw08,,55,1,2026-08-28T06:54:17.166+0200,dw02,8FB0,242,1753,-108,1715,359,3.21,2147483
ground-height-0m-20260825-163632,d018m_r270_run01.csv,0,18,270,dw00;dw01;dw02;dw03;dw04;dw05;dw06;dw07;dw08,dw00;dw01;dw02;dw03;dw04;dw05;dw06;dw07;dw08,,90,1,2026-08-28T06:54:17.177+0200,dw04,0F85,138,1757,14,-853,1536,-3.09,2147483
ground-height-0m-20260825-163632,d018m_r270_run01.csv,0,18,270,dw00;dw01;dw02;dw03;dw04;dw05;dw06;dw07;dw08,dw00;dw01;dw02;dw03;dw04;dw05;dw06;dw07;dw08,,105,1,2026-08-28T06:54:17.187+0200,dw05,4B92,150,1754,62,-329,1723,-3.87,2147483
ground-height-0m-20260825-163632,d018m_r270_run01.csv,0,18,270,dw00;dw01;dw02;dw03;dw04;dw05;dw06;dw07;dw08,dw00;dw01;dw02;dw03;dw04;dw05;dw06;dw07;dw08,,125,1,2026-08-28T06:54:17.196+0200,dw06,0789,217,1762,95,22,1762,4.02,2147483
ground-height-0m-20260825-163632,d018m_r270_run01.csv,0,18,270,dw00;dw01;dw02;dw03;dw04;dw05;dw06;dw07;dw08,dw00;dw01;dw02;dw03;dw04;dw05;dw06;dw07;dw08,,35,1,2026-08-28T06:54:17.272+0200,dw01,1729,6,1757,-93,1757,0,2.71,58380
ground-height-0m-20260825-163632,d018m_r270_run01.csv,0,18,270,dw00;dw01;dw02;dw03;dw04;dw05;dw06;dw07;dw08,dw00;dw01;dw02;dw03;dw04;dw05;dw06;dw07;dw08,,75,1,2026-08-28T06:54:17.342+0200,dw03,021B,121,1747,-36,-1394,1054,3.01,27923
ground-height-0m-20260825-163632,d018m_r270_run01.csv,0,18,270,dw00;dw01;dw02;dw03;dw04;dw05;dw06;dw07;dw08,dw00;dw01;dw02;dw03;dw04;dw05;dw06;dw07;dw08,,165,1,2026-08-28T06:54:17.355+0200,dw08,028E,85,1760,150,623,1645,2.38,40771
ground-height-0m-20260825-163632,d018m_r270_run01.csv,0,18,270,dw00;dw01;dw02;dw03;dw04;dw05;dw06;dw07;dw08,dw00;dw01;dw02;dw03;dw04;dw05;dw06;dw07;dw08,,15,1,2026-08-28T06:54:17.365+0200,dw00,8103,143,1760,44,-528,1679,-3.12,50811
ground-height-0m-20260825-163632,d018m_r270_run01.csv,0,18,270,dw00;dw01;dw02;dw03;dw04;dw05;dw06;dw07;dw08,dw00;dw01;dw02;dw03;dw04;dw05;dw06;dw07;dw08,,55,1,2026-08-28T06:54:17.385+0200,dw02,8FB0,243,1752,-101,1752,0,3.27,71258
ground-height-0m-20260825-163632,d018m_r270_run01.csv,0,18,270,dw00;dw01;dw02;dw03;dw04;dw05;dw06;dw07;dw08,dw00;dw01;dw02;dw03;dw04;dw05;dw06;dw07;dw08,,90,1,2026-08-28T06:54:17.395+0200,dw04,0F85,139,1759,14,-847,1541,-3.18,80780
ground-height-0m-20260825-163632,d018m_r270_run01.csv,0,18,270,dw00;dw01;dw02;dw03;dw04;dw05;dw06;dw07;dw08,dw00;dw01;dw02;dw03;dw04;dw05;dw06;dw07;dw08,,105,1,2026-08-28T06:54:17.404+0200,dw05,4B92,151,1757,56,-394,1712,-3.75,90698
ground-height-0m-20260825-163632,d018m_r270_run01.csv,0,18,270,dw00;dw01;dw02;dw03;dw04;dw05;dw06;dw07;dw08,dw00;dw01;dw02;dw03;dw04;dw05;dw06;dw07;dw08,,125,1,2026-08-28T06:54:17.415+0200,dw06,0789,218,1765,92,-3,1765,4.02,854
ground-height-0m-20260825-163632,d018m_r270_run01.csv,0,18,270,dw00;dw01;dw02;dw03;dw04;dw05;dw06;dw07;dw08,dw00;dw01;dw02;dw03;dw04;dw05;dw06;dw07;dw08,,75,1,2026-08-28T06:54:17.526+0200,dw03,021B,122,1748,-23,-1251,1221,2.77,12298
ground-height-0m-20260825-163632,d018m_r270_run01.csv,0,18,270,dw00;dw01;dw02;dw03;dw04;dw05;dw06;dw07;dw08,dw00;dw01;dw02;dw03;dw04;dw05;dw06;dw07;dw08,,165,1,2026-08-28T06:54:17.536+0200,dw08,028E,86,1760,-67,-1742,248,2.38,22308
ground-height-0m-20260825-163632,d018m_r270_run01.csv,0,18,270,dw00;dw01;dw02;dw03;dw04;dw05;dw06;dw07;dw08,dw00;dw01;dw02;dw03;dw04;dw05;dw06;dw07;dw08,,15,1,2026-08-28T06:54:17.546+0200,dw00,8103,144,1765,-155,1212,1282,-3.18,32287
ground-height-0m-20260825-163632,d018m_r270_run01.csv,0,18,270,dw00;dw01;dw02;dw03;dw04;dw05;dw06;dw07;dw08,dw00;dw01;dw02;dw03;dw04;dw05;dw06;dw07;dw08,,55,1,2026-08-28T06:54:17.566+0200,dw02,8FB0,244,1757,-78,-1757,0,3.27,52398
ground-height-0m-20260825-163632,d018m_r270_run01.csv,0,18,270,dw00;dw01;dw02;dw03;dw04;dw05;dw06;dw07;dw08,dw00;dw01;dw02;dw03;dw04;dw05;dw06;dw07;dw08,,90,1,2026-08-28T06:54:17.576+0200,dw04,0F85,140,1759,4,-961,1473,-3.03,62286
ground-height-0m-20260825-163632,d018m_r270_run01.csv,0,18,270,dw00;dw01;dw02;dw03;dw04;dw05;dw06;dw07;dw08,dw00;dw01;dw02;dw03;dw04;dw05;dw06;dw07;dw08,,105,1,2026-08-28T06:54:17.586+0200,dw05,4B92,152,1756,56,-389,1713,-3.81,72296
ground-height-0m-20260825-163632,d018m_r270_run01.csv,0,18,270,dw00;dw01;dw02;dw03;dw04;dw05;dw06;dw07;dw08,dw00;dw01;dw02;dw03;dw04;dw05;dw06;dw07;dw08,,145,1,2026-08-28T06:54:17.622+0200,dw07,5783,17,1753,112,212,1740,2.44,2147483
ground-height-0m-20260825-163632,d018m_r270_run01.csv,0,18,270,dw00;dw01;dw02;dw03;dw04;dw05;dw06;dw07;dw08,dw00;dw01;dw02;dw03;dw04;dw05;dw06;dw07;dw08,,35,1,2026-08-28T06:54:17.672+0200,dw01,1729,8,1761,-98,1761,0,2.59,2147483
ground-height-0m-20260825-163632,d018m_r270_run01.csv,0,18,270,dw00;dw01;dw02;dw03;dw04;dw05;dw06;dw07;dw08,dw00;dw01;dw02;dw03;dw04;dw05;dw06;dw07;dw08,,125,1,2026-08-28T06:54:17.696+0200,dw06,0789,219,1756,93,6,1756,4.02,2147483
ground-height-0m-20260825-163632,d018m_r270_run01.csv,0,18,270,dw00;dw01;dw02;dw03;dw04;dw05;dw06;dw07;dw08,dw00;dw01;dw02;dw03;dw04;dw05;dw06;dw07;dw08,,75,1,2026-08-28T06:54:17.727+0200,dw03,021B,123,1752,-40,-1437,1002,2.83,12268
ground-height-0m-20260825-163632,d018m_r270_run01.csv,0,18,270,dw00;dw01;dw02;dw03;dw04;dw05;dw06;dw07;dw08,dw00;dw01;dw02;dw03;dw04;dw05;dw06;dw07;dw08,,165,1,2026-08-28T06:54:17.736+0200,dw08,028E,87,1762,146,582,1663,2.32,22277
ground-height-0m-20260825-163632,d018m_r270_run01.csv,0,18,270,dw00;dw01;dw02;dw03;dw04;dw05;dw06;dw07;dw08,dw00;dw01;dw02;dw03;dw04;dw05;dw06;dw07;dw08,,15,1,2026-08-28T06:54:17.746+0200,dw00,8103,145,1764,-137,1402,1070,-3.12,32257
ground-height-0m-20260825-163632,d018m_r270_run01.csv,0,18,270,dw00;dw01;dw02;dw03;dw04;dw05;dw06;dw07;dw08,dw00;dw01;dw02;dw03;dw04;dw05;dw06;dw07;dw08,,55,1,2026-08-28T06:54:17.767+0200,dw02,8FB0,245,1759,-88,1759,0,3.27,52368
ground-height-0m-20260825-163632,d018m_r270_run01.csv,0,18,270,dw00;dw01;dw02;dw03;dw04;dw05;dw06;dw07;dw08,dw00;dw01;dw02;dw03;dw04;dw05;dw06;dw07;dw08,,90,1,2026-08-28T06:54:17.776+0200,dw04,0F85,141,1758,0,-998,1447,-3.09,62255
ground-height-0m-20260825-163632,d018m_r270_run01.csv,0,18,270,dw00;dw01;dw02;dw03;dw04;dw05;dw06;dw07;dw08,dw00;dw01;dw02;dw03;dw04;dw05;dw06;dw07;dw08,,105,1,2026-08-28T06:54:17.786+0200,dw05,4B92,153,1754,41,-559,1663,-3.66,72265
ground-height-0m-20260825-163632,d018m_r270_run01.csv,0,18,270,dw00;dw01;dw02;dw03;dw04;dw05;dw06;dw07;dw08,dw00;dw01;dw02;dw03;dw04;dw05;dw06;dw07;dw08,,125,1,2026-08-28T06:54:17.915+0200,dw06,0789,220,1762,101,97,1759,3.90,854
ground-height-0m-20260825-163632,d018m_r270_run01.csv,0,18,270,dw00;dw01;dw02;dw03;dw04;dw05;dw06;dw07;dw08,dw00;dw01;dw02;dw03;dw04;dw05;dw06;dw07;dw08,,75,1,2026-08-28T06:54:17.926+0200,dw03,021B,124,1748,-26,-1284,1186,2.77,12268
ground-height-0m-20260825-163632,d018m_r270_run01.csv,0,18,270,dw00;dw01;dw02;dw03;dw04;dw05;dw06;dw07;dw08,dw00;dw01;dw02;dw03;dw04;dw05;dw06;dw07;dw08,,165,1,2026-08-28T06:54:17.937+0200,dw08,028E,88,1766,134,451,1707,2.50,22308
ground-height-0m-20260825-163632,d018m_r270_run01.csv,0,18,270,dw00;dw01;dw02;dw03;dw04;dw05;dw06;dw07;dw08,dw00;dw01;dw02;dw03;dw04;dw05;dw06;dw07;dw08,,15,1,2026-08-28T06:54:17.946+0200,dw00,8103,146,1765,18,-808,1569,-3.24,32287
ground-height-0m-20260825-163632,d018m_r270_run01.csv,0,18,270,dw00;dw01;dw02;dw03;dw04;dw05;dw06;dw07;dw08,dw00;dw01;dw02;dw03;dw04;dw05;dw06;dw07;dw08,,55,1,2026-08-28T06:54:17.966+0200,dw02,8FB0,246,1758,-96,1758,0,3.21,52368
ground-height-0m-20260825-163632,d018m_r270_run01.csv,0,18,270,dw00;dw01;dw02;dw03;dw04;dw05;dw06;dw07;dw08,dw00;dw01;dw02;dw03;dw04;dw05;dw06;dw07;dw08,,90,1,2026-08-28T06:54:17.977+0200,dw04,0F85,142,1758,5,-947,1481,-3.24,62255
ground-height-0m-20260825-163632,d018m_r270_run01.csv,0,18,270,dw00;dw01;dw02;dw03;dw04;dw05;dw06;dw07;dw08,dw00;dw01;dw02;dw03;dw04;dw05;dw06;dw07;dw08,,105,1,2026-08-28T06:54:17.986+0200,dw05,4B92,154,1753,55,-405,1705,-3.69,72265
ground-height-0m-20260825-163632,d018m_r270_run01.csv,0,18,270,dw00;dw01;dw02;dw03;dw04;dw05;dw06;dw07;dw08,dw00;dw01;dw02;dw03;dw04;dw05;dw06;dw07;dw08,,75,1,2026-08-28T06:54:18.126+0200,dw03,021B,125,1753,-36,-1395,1060,2.77,2147483
ground-height-0m-20260825-163632,d018m_r270_run01.csv,0,18,270,dw00;dw01;dw02;dw03;dw04;dw05;dw06;dw07;dw08,dw00;dw01;dw02;dw03;dw04;dw05;dw06;dw07;dw08,,165,1,2026-08-28T06:54:18.136+0200,dw08,028E,89,1761,148,597,1657,2.38,2147483
ground-height-0m-20260825-163632,d018m_r270_run01.csv,0,18,270,dw00;dw01;dw02;dw03;dw04;dw05;dw06;dw07;dw08,dw00;dw01;dw02;dw03;dw04;dw05;dw06;dw07;dw08,,15,1,2026-08-28T06:54:18.146+0200,dw00,8103,147,1762,-155,1210,1281,-3.03,2147483
ground-height-0m-20260825-163632,d018m_r270_run01.csv,0,18,270,dw00;dw01;dw02;dw03;dw04;dw05;dw06;dw07;dw08,dw00;dw01;dw02;dw03;dw04;dw05;dw06;dw07;dw08,,55,1,2026-08-28T06:54:18.166+0200,dw02,8FB0,247,1758,-99,1758,0,3.27,2147483
ground-height-0m-20260825-163632,d018m_r270_run01.csv,0,18,270,dw00;dw01;dw02;dw03;dw04;dw05;dw06;dw07;dw08,dw00;dw01;dw02;dw03;dw04;dw05;dw06;dw07;dw08,,90,1,2026-08-28T06:54:18.176+0200,dw04,0F85,143,1757,4,-952,1477,-3.09,2147483
ground-height-0m-20260825-163632,d018m_r270_run01.csv,0,18,270,dw00;dw01;dw02;dw03;dw04;dw05;dw06;dw07;dw08,dw00;dw01;dw02;dw03;dw04;dw05;dw06;dw07;dw08,,105,1,2026-08-28T06:54:18.186+0200,dw05,4B92,155,1753,52,-441,1697,-3.75,2147483
ground-height-0m-20260825-163632,d018m_r270_run01.csv,0,18,270,dw00;dw01;dw02;dw03;dw04;dw05;dw06;dw07;dw08,dw00;dw01;dw02;dw03;dw04;dw05;dw06;dw07;dw08,,125,1,2026-08-28T06:54:18.196+0200,dw06,0789,221,1762,100,83,1760,3.90,2147483
ground-height-0m-20260825-163632,d018m_r270_run01.csv,0,18,270,dw00;dw01;dw02;dw03;dw04;dw05;dw06;dw07;dw08,dw00;dw01;dw02;dw03;dw04;dw05;dw06;dw07;dw08,,75,1,2026-08-28T06:54:18.345+0200,dw03,021B,126,1749,-31,-1341,1122,2.89,2147483
ground-height-0m-20260825-163632,d018m_r270_run01.csv,0,18,270,dw00;dw01;dw02;dw03;dw04;dw05;dw06;dw07;dw08,dw00;dw01;dw02;dw03;dw04;dw05;dw06;dw07;dw08,,165,1,2026-08-28T06:54:18.354+0200,dw08,028E,90,1759,144,563,1666,2.38,2147483
ground-height-0m-20260825-163632,d018m_r270_run01.csv,0,18,270,dw00;dw01;dw02;dw03;dw04;dw05;dw06;dw07;dw08,dw00;dw01;dw02;dw03;dw04;dw05;dw06;dw07;dw08,,15,1,2026-08-28T06:54:18.364+0200,dw00,8103,148,1762,-157,1187,1302,-3.12,2147483
ground-height-0m-20260825-163632,d018m_r270_run01.csv,0,18,270,dw00;dw01;dw02;dw03;dw04;dw05;dw06;dw07;dw08,dw00;dw01;dw02;dw03;dw04;dw05;dw06;dw07;dw08,,55,1,2026-08-28T06:54:18.385+0200,dw02,8FB0,248,1755,-88,1755,0,3.15,2147483
ground-height-0m-20260825-163632,d018m_r270_run01.csv,0,18,270,dw00;dw01;dw02;dw03;dw04;dw05;dw06;dw07;dw08,dw00;dw01;dw02;dw03;dw04;dw05;dw06;dw07;dw08,,90,1,2026-08-28T06:54:18.394+0200,dw04,0F85,144,1760,17,-820,1557,-3.09,2147483
ground-height-0m-20260825-163632,d018m_r270_run01.csv,0,18,270,dw00;dw01;dw02;dw03;dw04;dw05;dw06;dw07;dw08,dw00;dw01;dw02;dw03;dw04;dw05;dw06;dw07;dw08,,105,1,2026-08-28T06:54:18.404+0200,dw05,4B92,156,1751,54,-414,1702,-3.69,2147483
ground-height-0m-20260825-163632,d018m_r270_run01.csv,0,18,270,dw00;dw01;dw02;dw03;dw04;dw05;dw06;dw07;dw08,dw00;dw01;dw02;dw03;dw04;dw05;dw06;dw07;dw08,,125,1,2026-08-28T06:54:18.415+0200,dw06,0789,222,1760,100,79,1758,3.96,885
ground-height-0m-20260825-163632,d018m_r270_run01.csv,0,18,270,dw00;dw01;dw02;dw03;dw04;dw05;dw06;dw07;dw08,dw00;dw01;dw02;dw03;dw04;dw05;dw06;dw07;dw08,,75,1,2026-08-28T06:54:18.562+0200,dw03,021B,127,1748,-33,-1366,1091,2.77,49133
ground-height-0m-20260825-163632,d018m_r270_run01.csv,0,18,270,dw00;dw01;dw02;dw03;dw04;dw05;dw06;dw07;dw08,dw00;dw01;dw02;dw03;dw04;dw05;dw06;dw07;dw08,,165,1,2026-08-28T06:54:18.573+0200,dw08,028E,91,1760,148,606,1652,2.50,59326
ground-height-0m-20260825-163632,d018m_r270_run01.csv,0,18,270,dw00;dw01;dw02;dw03;dw04;dw05;dw06;dw07;dw08,dw00;dw01;dw02;dw03;dw04;dw05;dw06;dw07;dw08,,15,1,2026-08-28T06:54:18.583+0200,dw00,8103,149,1759,-133,1450,996,-3.09,69366
ground-height-0m-20260825-163632,d018m_r270_run01.csv,0,18,270,dw00;dw01;dw02;dw03;dw04;dw05;dw06;dw07;dw08,dw00;dw01;dw02;dw03;dw04;dw05;dw06;dw07;dw08,,55,1,2026-08-28T06:54:18.604+0200,dw02,8FB0,249,1754,-90,1753,0,3.27,90118
ground-height-0m-20260825-163632,d018m_r270_run01.csv,0,18,270,dw00;dw01;dw02;dw03;dw04;dw05;dw06;dw07;dw08,dw00;dw01;dw02;dw03;dw04;dw05;dw06;dw07;dw08,,90,1,2026-08-28T06:54:18.613+0200,dw04,0F85,145,1759,3,-969,1468,-3.09,2147483
ground-height-0m-20260825-163632,d018m_r270_run01.csv,0,18,270,dw00;dw01;dw02;dw03;dw04;dw05;dw06;dw07;dw08,dw00;dw01;dw02;dw03;dw04;dw05;dw06;dw07;dw08,,105,1,2026-08-28T06:54:18.623+0200,dw05,4B92,157,1754,53,-429,1701,-3.75,9155
ground-height-0m-20260825-163632,d018m_r270_run01.csv,0,18,270,dw00;dw01;dw02;dw03;dw04;dw05;dw06;dw07;dw08,dw00;dw01;dw02;dw03;dw04;dw05;dw06;dw07;dw08,,125,1,2026-08-28T06:54:18.696+0200,dw06,0789,223,1756,83,-98,1753,4.08,82366
ground-height-0m-20260825-163632,d018m_r270_run01.csv,0,18,270,dw00;dw01;dw02;dw03;dw04;dw05;dw06;dw07;dw08,dw00;dw01;dw02;dw03;dw04;dw05;dw06;dw07;dw08,,75,1,2026-08-28T06:54:18.826+0200,dw03,021B,128,1753,-36,-1395,1061,2.89,2147483
ground-height-0m-20260825-163632,d018m_r270_run01.csv,0,18,270,dw00;dw01;dw02;dw03;dw04;dw05;dw06;dw07;dw08,dw00;dw01;dw02;dw03;dw04;dw05;dw06;dw07;dw08,,165,1,2026-08-28T06:54:18.836+0200,dw08,028E,92,1767,138,500,1694,2.44,2147483
ground-height-0m-20260825-163632,d018m_r270_run01.csv,0,18,270,dw00;dw01;dw02;dw03;dw04;dw05;dw06;dw07;dw08,dw00;dw01;dw02;dw03;dw04;dw05;dw06;dw07;dw08,,15,1,2026-08-28T06:54:18.846+0200,dw00,8103,150,1765,-145,1316,1176,-3.09,2147483
ground-height-0m-20260825-163632,d018m_r270_run01.csv,0,18,270,dw00;dw01;dw02;dw03;dw04;dw05;dw06;dw07;dw08,dw00;dw01;dw02;dw03;dw04;dw05;dw06;dw07;dw08,,55,1,2026-08-28T06:54:18.866+0200,dw02,8FB0,250,1756,-90,1756,0,3.21,2147483
ground-height-0m-20260825-163632,d018m_r270_run01.csv,0,18,270,dw00;dw01;dw02;dw03;dw04;dw05;dw06;dw07;dw08,dw00;dw01;dw02;dw03;dw04;dw05;dw06;dw07;dw08,,90,1,2026-08-28T06:54:18.876+0200,dw04,0F85,146,1758,6,-933,1490,-3.18,2147483
ground-height-0m-20260825-163632,d018m_r270_run01.csv,0,18,270,dw00;dw01;dw02;dw03;dw04;dw05;dw06;dw07;dw08,dw00;dw01;dw02;dw03;dw04;dw05;dw06;dw07;dw08,,105,1,2026-08-28T06:54:18.886+0200,dw05,4B92,158,1758,56,-394,1713,-3.81,2147483
ground-height-0m-20260825-163632,d018m_r270_run01.csv,0,18,270,dw00;dw01;dw02;dw03;dw04;dw05;dw06;dw07;dw08,dw00;dw01;dw02;dw03;dw04;dw05;dw06;dw07;dw08,,125,1,2026-08-28T06:54:18.895+0200,dw06,0789,224,1759,97,48,1758,4.02,2147483
ground-height-0m-20260825-163632,d018m_r270_run01.csv,0,18,270,dw00;dw01;dw02;dw03;dw04;dw05;dw06;dw07;dw08,dw00;dw01;dw02;dw03;dw04;dw05;dw06;dw07;dw08,,75,1,2026-08-28T06:54:19.044+0200,dw03,021B,129,1752,-26,-1293,1182,2.89,30731
ground-height-0m-20260825-163632,d018m_r270_run01.csv,0,18,270,dw00;dw01;dw02;dw03;dw04;dw05;dw06;dw07;dw08,dw00;dw01;dw02;dw03;dw04;dw05;dw06;dw07;dw08,,165,1,2026-08-28T06:54:19.055+0200,dw08,028E,93,1763,160,731,1604,2.44,40832
ground-height-0m-20260825-163632,d018m_r270_run01.csv,0,18,270,dw00;dw01;dw02;dw03;dw04;dw05;dw06;dw07;dw08,dw00;dw01;dw02;dw03;dw04;dw05;dw06;dw07;dw08,,15,1,2026-08-28T06:54:19.064+0200,dw00,8103,151,1758,-145,1320,1161,-3.09,50842
ground-height-0m-20260825-163632,d018m_r270_run01.csv,0,18,270,dw00;dw01;dw02;dw03;dw04;dw05;dw06;dw07;dw08,dw00;dw01;dw02;dw03;dw04;dw05;dw06;dw07;dw08,,55,1,2026-08-28T06:54:19.085+0200,dw02,8FB0,251,1755,-77,-1755,0,3.33,71228
ground-height-0m-20260825-163632,d018m_r270_run01.csv,0,18,270,dw00;dw01;dw02;dw03;dw04;dw05;dw06;dw07;dw08,dw00;dw01;dw02;dw03;dw04;dw05;dw06;dw07;dw08,,90,1,2026-08-28T06:54:19.095+0200,dw04,0F85,147,1760,7,-928,1495,-3.12,80871
ground-height-0m-20260825-163632,d018m_r270_run01.csv,0,18,270,dw00;dw01;dw02;dw03;dw04;dw05;dw06;dw07;dw08,dw00;dw01;dw02;dw03;dw04;dw05;dw06;dw07;dw08,,105,1,2026-08-28T06:54:19.104+0200,dw05,4B92,159,1756,47,-486,1688,-3.81,90728
ground-height-0m-20260825-163632,d018m_r270_run01.csv,0,18,270,dw00;dw01;dw02;dw03;dw04;dw05;dw06;dw07;dw08,dw00;dw01;dw02;dw03;dw04;dw05;dw06;dw07;dw08,,125,1,2026-08-28T06:54:19.114+0200,dw06,0789,225,1762,94,18,1761,4.02,823
ground-height-0m-20260825-163632,d018m_r270_run01.csv,0,18,270,dw00;dw01;dw02;dw03;dw04;dw05;dw06;dw07;dw08,dw00;dw01;dw02;dw03;dw04;dw05;dw06;dw07;dw08,,75,1,2026-08-28T06:54:19.225+0200,dw03,021B,130,1751,-34,-1374,1085,2.83,12268
ground-height-0m-20260825-163632,d018m_r270_run01.csv,0,18,270,dw00;dw01;dw02;dw03;dw04;dw05;dw06;dw07;dw08,dw00;dw01;dw02;dw03;dw04;dw05;dw06;dw07;dw08,,165,1,2026-08-28T06:54:19.235+0200,dw08,028E,94,1759,66,-287,1735,2.38,22308
ground-height-0m-20260825-163632,d018m_r270_run01.csv,0,18,270,dw00;dw01;dw02;dw03;dw04;dw05;dw06;dw07;dw08,dw00;dw01;dw02;dw03;dw04;dw05;dw06;dw07;dw08,,15,1,2026-08-28T06:54:19.246+0200,dw00,8103,152,1763,-141,1361,1121,-3.12,32257
ground-height-0m-20260825-163632,d018m_r270_run01.csv,0,18,270,dw00;dw01;dw02;dw03;dw04;dw05;dw06;dw07;dw08,dw00;dw01;dw02;dw03;dw04;dw05;dw06;dw07;dw08,,55,1,2026-08-28T06:54:19.265+0200,dw02,8FB0,252,1754,-93,1754,0,3.27,52337
ground-height-0m-20260825-163632,d018m_r270_run01.csv,0,18,270,dw00;dw01;dw02;dw03;dw04;dw05;dw06;dw07;dw08,dw00;dw01;dw02;dw03;dw04;dw05;dw06;dw07;dw08,,90,1,2026-08-28T06:54:19.275+0200,dw04,0F85,148,1760,9,-905,1509,-3.12,62255
ground-height-0m-20260825-163632,d018m_r270_run01.csv,0,18,270,dw00;dw01;dw02;dw03;dw04;dw05;dw06;dw07;dw08,dw00;dw01;dw02;dw03;dw04;dw05;dw06;dw07;dw08,,105,1,2026-08-28T06:54:19.286+0200,dw05,4B92,160,1756,55,-402,1709,-3.69,72296
ground-height-0m-20260825-163632,d018m_r270_run01.csv,0,18,270,dw00;dw01;dw02;dw03;dw04;dw05;dw06;dw07;dw08,dw00;dw01;dw02;dw03;dw04;dw05;dw06;dw07;dw08,,125,1,2026-08-28T06:54:19.395+0200,dw06,0789,226,1762,98,61,1761,4.02,82336
ground-height-0m-20260825-163632,d018m_r270_run01.csv,0,18,270,dw00;dw01;dw02;dw03;dw04;dw05;dw06;dw07;dw08,dw00;dw01;dw02;dw03;dw04;dw05;dw06;dw07;dw08,,75,1,2026-08-28T06:54:19.426+0200,dw03,021B,131,1748,-23,-1248,1224,2.89,12268
ground-height-0m-20260825-163632,d018m_r270_run01.csv,0,18,270,dw00;dw01;dw02;dw03;dw04;dw05;dw06;dw07;dw08,dw00;dw01;dw02;dw03;dw04;dw05;dw06;dw07;dw08,,165,1,2026-08-28T06:54:19.435+0200,dw08,028E,95,1759,140,516,1681,2.44,22277
ground-height-0m-20260825-163632,d018m_r270_run01.csv,0,18,270,dw00;dw01;dw02;dw03;dw04;dw05;dw06;dw07;dw08,dw00;dw01;dw02;dw03;dw04;dw05;dw06;dw07;dw08,,15,1,2026-08-28T06:54:19.445+0200,dw00,8103,153,1761,-144,1329,1155,-3.09,32257
ground-height-0m-20260825-163632,d018m_r270_run01.csv,0,18,270,dw00;dw01;dw02;dw03;dw04;dw05;dw06;dw07;dw08,dw00;dw01;dw02;dw03;dw04;dw05;dw06;dw07;dw08,,55,1,2026-08-28T06:54:19.466+0200,dw02,8FB0,253,1752,-98,1752,0,3.21,52429
ground-height-0m-20260825-163632,d018m_r270_run01.csv,0,18,270,dw00;dw01;dw02;dw03;dw04;dw05;dw06;dw07;dw08,dw00;dw01;dw02;dw03;dw04;dw05;dw06;dw07;dw08,,90,1,2026-08-28T06:54:19.475+0200,dw04,0F85,149,1757,6,-940,1484,-3.09,62255
ground-height-0m-20260825-163632,d018m_r270_run01.csv,0,18,270,dw00;dw01;dw02;dw03;dw04;dw05;dw06;dw07;dw08,dw00;dw01;dw02;dw03;dw04;dw05;dw06;dw07;dw08,,105,1,2026-08-28T06:54:19.485+0200,dw05,4B92,161,1757,49,-469,1693,-3.75,72265
ground-height-0m-20260825-163632,d018m_r270_run01.csv,0,18,270,dw00;dw01;dw02;dw03;dw04;dw05;dw06;dw07;dw08,dw00;dw01;dw02;dw03;dw04;dw05;dw06;dw07;dw08,,35,1,2026-08-28T06:54:19.507+0200,dw01,1729,16,1754,-146,1305,1173,2.59,93048
ground-height-0m-20260825-163632,d018m_r270_run01.csv,0,18,270,dw00;dw01;dw02;dw03;dw04;dw05;dw06;dw07;dw08,dw00;dw01;dw02;dw03;dw04;dw05;dw06;dw07;dw08,,125,1,2026-08-28T06:54:19.596+0200,dw06,0789,227,1757,84,-86,1755,4.02,2147483
ground-height-0m-20260825-163632,d018m_r270_run01.csv,0,18,270,dw00;dw01;dw02;dw03;dw04;dw05;dw06;dw07;dw08,dw00;dw01;dw02;dw03;dw04;dw05;dw06;dw07;dw08,,75,1,2026-08-28T06:54:19.626+0200,dw03,021B,132,1753,-34,-1374,1088,2.77,12268
ground-height-0m-20260825-163632,d018m_r270_run01.csv,0,18,270,dw00;dw01;dw02;dw03;dw04;dw05;dw06;dw07;dw08,dw00;dw01;dw02;dw03;dw04;dw05;dw06;dw07;dw08,,165,1,2026-08-28T06:54:19.636+0200,dw08,028E,96,1756,134,448,1698,2.44,22277
ground-height-0m-20260825-163632,d018m_r270_run01.csv,0,18,270,dw00;dw01;dw02;dw03;dw04;dw05;dw06;dw07;dw08,dw00;dw01;dw02;dw03;dw04;dw05;dw06;dw07;dw08,,15,1,2026-08-28T06:54:19.645+0200,dw00,8103,154,1764,-155,1215,1279,-3.12,32257
ground-height-0m-20260825-163632,d018m_r270_run01.csv,0,18,270,dw00;dw01;dw02;dw03;dw04;dw05;dw06;dw07;dw08,dw00;dw01;dw02;dw03;dw04;dw05;dw06;dw07;dw08,,55,1,2026-08-28T06:54:19.666+0200,dw02,8FB0,254,1755,-83,-1756,0,3.27,52307
ground-height-0m-20260825-163632,d018m_r270_run01.csv,0,18,270,dw00;dw01;dw02;dw03;dw04;dw05;dw06;dw07;dw08,dw00;dw01;dw02;dw03;dw04;dw05;dw06;dw07;dw08,,90,1,2026-08-28T06:54:19.676+0200,dw04,0F85,150,1757,13,-859,1533,-3.09,62255
ground-height-0m-20260825-163632,d018m_r270_run01.csv,0,18,270,dw00;dw01;dw02;dw03;dw04;dw05;dw06;dw07;dw08,dw00;dw01;dw02;dw03;dw04;dw05;dw06;dw07;dw08,,105,1,2026-08-28T06:54:19.685+0200,dw05,4B92,162,1756,51,-450,1698,-3.69,72265
ground-height-0m-20260825-163632,d018m_r270_run01.csv,0,18,270,dw00;dw01;dw02;dw03;dw04;dw05;dw06;dw07;dw08,dw00;dw01;dw02;dw03;dw04;dw05;dw06;dw07;dw08,,125,1,2026-08-28T06:54:19.814+0200,dw06,0789,228,1758,103,113,1754,4.02,854
ground-height-0m-20260825-163632,d018m_r270_run01.csv,0,18,270,dw00;dw01;dw02;dw03;dw04;dw05;dw06;dw07;dw08,dw00;dw01;dw02;dw03;dw04;dw05;dw06;dw07;dw08,,75,1,2026-08-28T06:54:19.825+0200,dw03,021B,133,1751,-33,-1360,1103,2.83,12268
ground-height-0m-20260825-163632,d018m_r270_run01.csv,0,18,270,dw00;dw01;dw02;dw03;dw04;dw05;dw06;dw07;dw08,dw00;dw01;dw02;dw03;dw04;dw05;dw06;dw07;dw08,,165,1,2026-08-28T06:54:19.836+0200,dw08,028E,97,1762,134,455,1702,2.38,22277
ground-height-0m-20260825-163632,d018m_r270_run01.csv,0,18,270,dw00;dw01;dw02;dw03;dw04;dw05;dw06;dw07;dw08,dw00;dw01;dw02;dw03;dw04;dw05;dw06;dw07;dw08,,15,1,2026-08-28T06:54:19.845+0200,dw00,8103,155,1765,-147,1303,1191,-3.12,32287
ground-height-0m-20260825-163632,d018m_r270_run01.csv,0,18,270,dw00;dw01;dw02;dw03;dw04;dw05;dw06;dw07;dw08,dw00;dw01;dw02;dw03;dw04;dw05;dw06;dw07;dw08,,55,1,2026-08-28T06:54:19.865+0200,dw02,8FB0,255,1756,-84,-1756,0,3.09,52368
ground-height-0m-20260825-163632,d018m_r270_run01.csv,0,18,270,dw00;dw01;dw02;dw03;dw04;dw05;dw06;dw07;dw08,dw00;dw01;dw02;dw03;dw04;dw05;dw06;dw07;dw08,,90,1,2026-08-28T06:54:19.876+0200,dw04,0F85,151,1760,7,-925,1497,-3.09,62255
ground-height-0m-20260825-163632,d018m_r270_run01.csv,0,18,270,dw00;dw01;dw02;dw03;dw04;dw05;dw06;dw07;dw08,dw00;dw01;dw02;dw03;dw04;dw05;dw06;dw07;dw08,,105,1,2026-08-28T06:54:19.886+0200,dw05,4B92,163,1755,47,-486,1687,-3.66,72265
ground-height-0m-20260825-163632,d018m_r270_run01.csv,0,18,270,dw00;dw01;dw02;dw03;dw04;dw05;dw06;dw07;dw08,dw00;dw01;dw02;dw03;dw04;dw05;dw06;dw07;dw08,,75,1,2026-08-28T06:54:20.025+0200,dw03,021B,134,1750,-35,-1382,1074,2.95,12298
ground-height-0m-20260825-163632,d018m_r270_run01.csv,0,18,270,dw00;dw01;dw02;dw03;dw04;dw05;dw06;dw07;dw08,dw00;dw01;dw02;dw03;dw04;dw05;dw06;dw07;dw08,,165,1,2026-08-28T06:54:20.035+0200,dw08,028E,98,1757,146,583,1658,2.38,22277
ground-height-0m-20260825-163632,d018m_r270_run01.csv,0,18,270,dw00;dw01;dw02;dw03;dw04;dw05;dw06;dw07;dw08,dw00;dw01;dw02;dw03;dw04;dw05;dw06;dw07;dw08,,15,1,2026-08-28T06:54:20.046+0200,dw00,8103,156,1764,-143,1339,1149,-3.09,32287
ground-height-0m-20260825-163632,d018m_r270_run01.csv,0,18,270,dw00;dw01;dw02;dw03;dw04;dw05;dw06;dw07;dw08,dw00;dw01;dw02;dw03;dw04;dw05;dw06;dw07;dw08,,55,1,2026-08-28T06:54:20.065+0200,dw02,8FB0,0,1758,-83,-1758,0,3.21,52398
ground-height-0m-20260825-163632,d018m_r270_run01.csv,0,18,270,dw00;dw01;dw02;dw03;dw04;dw05;dw06;dw07;dw08,dw00;dw01;dw02;dw03;dw04;dw05;dw06;dw07;dw08,,90,1,2026-08-28T06:54:20.075+0200,dw04,0F85,152,1757,15,-836,1545,-3.09,62286
ground-height-0m-20260825-163632,d018m_r270_run01.csv,0,18,270,dw00;dw01;dw02;dw03;dw04;dw05;dw06;dw07;dw08,dw00;dw01;dw02;dw03;dw04;dw05;dw06;dw07;dw08,,105,1,2026-08-28T06:54:20.086+0200,dw05,4B92,164,1755,51,-446,1698,-3.60,72265
ground-height-0m-20260825-163632,d018m_r270_run01.csv,0,18,270,dw00;dw01;dw02;dw03;dw04;dw05;dw06;dw07;dw08,dw00;dw01;dw02;dw03;dw04;dw05;dw06;dw07;dw08,,125,1,2026-08-28T06:54:20.095+0200,dw06,0789,229,1763,99,69,1762,4.02,82397
ground-height-0m-20260825-163632,d018m_r270_run01.csv,0,18,270,dw00;dw01;dw02;dw03;dw04;dw05;dw06;dw07;dw08,dw00;dw01;dw02;dw03;dw04;dw05;dw06;dw07;dw08,,75,1,2026-08-28T06:54:20.225+0200,dw03,021B,135,1748,-36,-1392,1056,2.89,12268
ground-height-0m-20260825-163632,d018m_r270_run01.csv,0,18,270,dw00;dw01;dw02;dw03;dw04;dw05;dw06;dw07;dw08,dw00;dw01;dw02;dw03;dw04;dw05;dw06;dw07;dw08,,165,1,2026-08-28T06:54:20.235+0200,dw08,028E,99,1754,150,625,1639,2.38,22277
ground-height-0m-20260825-163632,d018m_r270_run01.csv,0,18,270,dw00;dw01;dw02;dw03;dw04;dw05;dw06;dw07;dw08,dw00;dw01;dw02;dw03;dw04;dw05;dw06;dw07;dw08,,15,1,2026-08-28T06:54:20.245+0200,dw00,8103,157,1764,-160,1160,1329,-3.18,32257
ground-height-0m-20260825-163632,d018m_r270_run01.csv,0,18,270,dw00;dw01;dw02;dw03;dw04;dw05;dw06;dw07;dw08,dw00;dw01;dw02;dw03;dw04;dw05;dw06;dw07;dw08,,55,1,2026-08-28T06:54:20.265+0200,dw02,8FB0,1,1756,-87,1756,0,3.33,52368
ground-height-0m-20260825-163632,d018m_r270_run01.csv,0,18,270,dw00;dw01;dw02;dw03;dw04;dw05;dw06;dw07;dw08,dw00;dw01;dw02;dw03;dw04;dw05;dw06;dw07;dw08,,90,1,2026-08-28T06:54:20.275+0200,dw04,0F85,153,1756,10,-891,1513,-3.12,62255
ground-height-0m-20260825-163632,d018m_r270_run01.csv,0,18,270,dw00;dw01;dw02;dw03;dw04;dw05;dw06;dw07;dw08,dw00;dw01;dw02;dw03;dw04;dw05;dw06;dw07;dw08,,105,1,2026-08-28T06:54:20.285+0200,dw05,4B92,165,1755,42,-548,1667,-3.75,72296
ground-height-0m-20260825-163632,d018m_r270_run01.csv,0,18,270,dw00;dw01;dw02;dw03;dw04;dw05;dw06;dw07;dw08,dw00;dw01;dw02;dw03;dw04;dw05;dw06;dw07;dw08,,125,1,2026-08-28T06:54:20.296+0200,dw06,0789,230,1756,92,-4,1756,4.14,82275
ground-height-0m-20260825-163632,d018m_r270_run01.csv,0,18,270,dw00;dw01;dw02;dw03;dw04;dw05;dw06;dw07;dw08,dw00;dw01;dw02;dw03;dw04;dw05;dw06;dw07;dw08,,75,1,2026-08-28T06:54:20.426+0200,dw03,021B,136,1747,-36,-1391,1055,2.95,12298
ground-height-0m-20260825-163632,d018m_r270_run01.csv,0,18,270,dw00;dw01;dw02;dw03;dw04;dw05;dw06;dw07;dw08,dw00;dw01;dw02;dw03;dw04;dw05;dw06;dw07;dw08,,165,1,2026-08-28T06:54:20.435+0200,dw08,028E,100,1763,145,567,1669,2.50,22338
ground-height-0m-20260825-163632,d018m_r270_run01.csv,0,18,270,dw00;dw01;dw02;dw03;dw04;dw05;dw06;dw07;dw08,dw00;dw01;dw02;dw03;dw04;dw05;dw06;dw07;dw08,,15,1,2026-08-28T06:54:20.445+0200,dw00,8103,158,1757,-143,1333,1145,-3.18,32257
ground-height-0m-20260825-163632,d018m_r270_run01.csv,0,18,270,dw00;dw01;dw02;dw03;dw04;dw05;dw06;dw07;dw08,dw00;dw01;dw02;dw03;dw04;dw05;dw06;dw07;dw08,,55,1,2026-08-28T06:54:20.466+0200,dw02,8FB0,2,1755,-96,1755,0,3.27,52398
ground-height-0m-20260825-163632,d018m_r270_run01.csv,0,18,270,dw00;dw01;dw02;dw03;dw04;dw05;dw06;dw07;dw08,dw00;dw01;dw02;dw03;dw04;dw05;dw06;dw07;dw08,,90,1,2026-08-28T06:54:20.475+0200,dw04,0F85,154,1758,3,-969,1467,-3.18,62286
ground-height-0m-20260825-163632,d018m_r270_run01.csv,0,18,270,dw00;dw01;dw02;dw03;dw04;dw05;dw06;dw07;dw08,dw00;dw01;dw02;dw03;dw04;dw05;dw06;dw07;dw08,,105,1,2026-08-28T06:54:20.485+0200,dw05,4B92,166,1754,47,-489,1684,-3.72,72265
ground-height-0m-20260825-163632,d018m_r270_run01.csv,0,18,270,dw00;dw01;dw02;dw03;dw04;dw05;dw06;dw07;dw08,dw00;dw01;dw02;dw03;dw04;dw05;dw06;dw07;dw08,,125,1,2026-08-28T06:54:20.495+0200,dw06,0789,231,1760,96,42,1760,3.96,82305
ground-height-0m-20260825-163632,d018m_r270_run01.csv,0,18,270,dw00;dw01;dw02;dw03;dw04;dw05;dw06;dw07;dw08,dw00;dw01;dw02;dw03;dw04;dw05;dw06;dw07;dw08,,75,1,2026-08-28T06:54:20.625+0200,dw03,021B,137,1753,-18,-1199,1278,2.89,12268
ground-height-0m-20260825-163632,d018m_r270_run01.csv,0,18,270,dw00;dw01;dw02;dw03;dw04;dw05;dw06;dw07;dw08,dw00;dw01;dw02;dw03;dw04;dw05;dw06;dw07;dw08,,165,1,2026-08-28T06:54:20.635+0200,dw08,028E,101,1756,148,602,1650,2.38,22277
ground-height-0m-20260825-163632,d018m_r270_run01.csv,0,18,270,dw00;dw01;dw02;dw03;dw04;dw05;dw06;dw07;dw08,dw00;dw01;dw02;dw03;dw04;dw05;dw06;dw07;dw08,,15,1,2026-08-28T06:54:20.645+0200,dw00,8103,159,1765,-162,1137,1350,-3.09,32287
ground-height-0m-20260825-163632,d018m_r270_run01.csv,0,18,270,dw00;dw01;dw02;dw03;dw04;dw05;dw06;dw07;dw08,dw00;dw01;dw02;dw03;dw04;dw05;dw06;dw07;dw08,,55,1,2026-08-28T06:54:20.665+0200,dw02,8FB0,3,1756,-92,1756,0,3.21,52337
ground-height-0m-20260825-163632,d018m_r270_run01.csv,0,18,270,dw00;dw01;dw02;dw03;dw04;dw05;dw06;dw07;dw08,dw00;dw01;dw02;dw03;dw04;dw05;dw06;dw07;dw08,,90,1,2026-08-28T06:54:20.675+0200,dw04,0F85,155,1757,5,-947,1480,-3.09,62255
ground-height-0m-20260825-163632,d018m_r270_run01.csv,0,18,270,dw00;dw01;dw02;dw03;dw04;dw05;dw06;dw07;dw08,dw00;dw01;dw02;dw03;dw04;dw05;dw06;dw07;dw08,,105,1,2026-08-28T06:54:20.685+0200,dw05,4B92,167,1755,54,-417,1705,-3.75,72265
ground-height-0m-20260825-163632,d018m_r270_run01.csv,0,18,270,dw00;dw01;dw02;dw03;dw04;dw05;dw06;dw07;dw08,dw00;dw01;dw02;dw03;dw04;dw05;dw06;dw07;dw08,,125,1,2026-08-28T06:54:20.695+0200,dw06,0789,232,1760,102,105,1757,4.02,82305
ground-height-0m-20260825-163632,d018m_r270_run01.csv,0,18,270,dw00;dw01;dw02;dw03;dw04;dw05;dw06;dw07;dw08,dw00;dw01;dw02;dw03;dw04;dw05;dw06;dw07;dw08,,75,1,2026-08-28T06:54:20.825+0200,dw03,021B,138,1751,-34,-1378,1079,2.83,12268
ground-height-0m-20260825-163632,d018m_r270_run01.csv,0,18,270,dw00;dw01;dw02;dw03;dw04;dw05;dw06;dw07;dw08,dw00;dw01;dw02;dw03;dw04;dw05;dw06;dw07;dw08,,165,1,2026-08-28T06:54:20.835+0200,dw08,028E,102,1763,139,505,1689,2.44,22277
ground-height-0m-20260825-163632,d018m_r270_run01.csv,0,18,270,dw00;dw01;dw02;dw03;dw04;dw05;dw06;dw07;dw08,dw00;dw01;dw02;dw03;dw04;dw05;dw06;dw07;dw08,,15,1,2026-08-28T06:54:20.845+0200,dw00,8103,160,1765,-160,1159,1331,-3.18,32257
ground-height-0m-20260825-163632,d018m_r270_run01.csv,0,18,270,dw00;dw01;dw02;dw03;dw04;dw05;dw06;dw07;dw08,dw00;dw01;dw02;dw03;dw04;dw05;dw06;dw07;dw08,,55,1,2026-08-28T06:54:20.865+0200,dw02,8FB0,4,1755,-80,-1756,0,3.33,52368
ground-height-0m-20260825-163632,d018m_r270_run01.csv,0,18,270,dw00;dw01;dw02;dw03;dw04;dw05;dw06;dw07;dw08,dw00;dw01;dw02;dw03;dw04;dw05;dw06;dw07;dw08,,90,1,2026-08-28T06:54:20.875+0200,dw04,0F85,156,1760,4,-953,1479,-3.12,62255
ground-height-0m-20260825-163632,d018m_r270_run01.csv,0,18,270,dw00;dw01;dw02;dw03;dw04;dw05;dw06;dw07;dw08,dw00;dw01;dw02;dw03;dw04;dw05;dw06;dw07;dw08,,105,1,2026-08-28T06:54:20.885+0200,dw05,4B92,168,1755,51,-442,1698,-3.75,72265
ground-height-0m-20260825-163632,d018m_r270_run01.csv,0,18,270,dw00;dw01;dw02;dw03;dw04;dw05;dw06;dw07;dw08,dw00;dw01;dw02;dw03;dw04;dw05;dw06;dw07;dw08,,125,1,2026-08-28T06:54:20.895+0200,dw06,0789,233,1757,88,-51,1757,4.02,82336
ground-height-0m-20260825-163632,d018m_r270_run01.csv,0,18,270,dw00;dw01;dw02;dw03;dw04;dw05;dw06;dw07;dw08,dw00;dw01;dw02;dw03;dw04;dw05;dw06;dw07;dw08,,75,1,2026-08-28T06:54:21.025+0200,dw03,021B,139,1751,-36,-1390,1064,2.83,12237
ground-height-0m-20260825-163632,d018m_r270_run01.csv,0,18,270,dw00;dw01;dw02;dw03;dw04;dw05;dw06;dw07;dw08,dw00;dw01;dw02;dw03;dw04;dw05;dw06;dw07;dw08,,165,1,2026-08-28T06:54:21.035+0200,dw08,028E,103,1754,116,252,1735,2.38,22308
ground-height-0m-20260825-163632,d018m_r270_run01.csv,0,18,270,dw00;dw01;dw02;dw03;dw04;dw05;dw06;dw07;dw08,dw00;dw01;dw02;dw03;dw04;dw05;dw06;dw07;dw08,,15,1,2026-08-28T06:54:21.045+0200,dw00,8103,161,1765,-151,1255,1240,-3.18,32257
ground-height-0m-20260825-163632,d018m_r270_run01.csv,0,18,270,dw00;dw01;dw02;dw03;dw04;dw05;dw06;dw07;dw08,dw00;dw01;dw02;dw03;dw04;dw05;dw06;dw07;dw08,,55,1,2026-08-28T06:54:21.065+0200,dw02,8FB0,5,1754,-87,1754,0,3.27,52337
ground-height-0m-20260825-163632,d018m_r270_run01.csv,0,18,270,dw00;dw01;dw02;dw03;dw04;dw05;dw06;dw07;dw08,dw00;dw01;dw02;dw03;dw04;dw05;dw06;dw07;dw08,,90,1,2026-08-28T06:54:21.075+0200,dw04,0F85,157,1760,9,-909,1507,-3.09,62286
ground-height-0m-20260825-163632,d018m_r270_run01.csv,0,18,270,dw00;dw01;dw02;dw03;dw04;dw05;dw06;dw07;dw08,dw00;dw01;dw02;dw03;dw04;dw05;dw06;dw07;dw08,,105,1,2026-08-28T06:54:21.085+0200,dw05,4B92,169,1757,63,-322,1728,-3.75,72265
ground-height-0m-20260825-163632,d018m_r270_run01.csv,0,18,270,dw00;dw01;dw02;dw03;dw04;dw05;dw06;dw07;dw08,dw00;dw01;dw02;dw03;dw04;dw05;dw06;dw07;dw08,,125,1,2026-08-28T06:54:21.095+0200,dw06,0789,234,1760,101,98,1757,4.02,82305
ground-height-0m-20260825-163632,d018m_r270_run01.csv,0,18,270,dw00;dw01;dw02;dw03;dw04;dw05;dw06;dw07;dw08,dw00;dw01;dw02;dw03;dw04;dw05;dw06;dw07;dw08,,75,1,2026-08-28T06:54:21.225+0200,dw03,021B,140,1749,-32,-1356,1105,2.89,12268
ground-height-0m-20260825-163632,d018m_r270_run01.csv,0,18,270,dw00;dw01;dw02;dw03;dw04;dw05;dw06;dw07;dw08,dw00;dw01;dw02;dw03;dw04;dw05;dw06;dw07;dw08,,165,1,2026-08-28T06:54:21.235+0200,dw08,028E,104,1759,135,462,1697,2.38,22308
ground-height-0m-20260825-163632,d018m_r270_run01.csv,0,18,270,dw00;dw01;dw02;dw03;dw04;dw05;dw06;dw07;dw08,dw00;dw01;dw02;dw03;dw04;dw05;dw06;dw07;dw08,,15,1,2026-08-28T06:54:21.245+0200,dw00,8103,162,1765,35,-628,1649,-3.09,32257
ground-height-0m-20260825-163632,d018m_r270_run01.csv,0,18,270,dw00;dw01;dw02;dw03;dw04;dw05;dw06;dw07;dw08,dw00;dw01;dw02;dw03;dw04;dw05;dw06;dw07;dw08,,55,1,2026-08-28T06:54:21.265+0200,dw02,8FB0,6,1757,-89,1757,0,3.27,52337
ground-height-0m-20260825-163632,d018m_r270_run01.csv,0,18,270,dw00;dw01;dw02;dw03;dw04;dw05;dw06;dw07;dw08,dw00;dw01;dw02;dw03;dw04;dw05;dw06;dw07;dw08,,90,1,2026-08-28T06:54:21.275+0200,dw04,0F85,158,1758,12,-865,1530,-3.09,62255
ground-height-0m-20260825-163632,d018m_r270_run01.csv,0,18,270,dw00;dw01;dw02;dw03;dw04;dw05;dw06;dw07;dw08,dw00;dw01;dw02;dw03;dw04;dw05;dw06;dw07;dw08,,105,1,2026-08-28T06:54:21.285+0200,dw05,4B92,170,1755,50,-462,1693,-3.66,72265
ground-height-0m-20260825-163632,d018m_r270_run01.csv,0,18,270,dw00;dw01;dw02;dw03;dw04;dw05;dw06;dw07;dw08,dw00;dw01;dw02;dw03;dw04;dw05;dw06;dw07;dw08,,125,1,2026-08-28T06:54:21.295+0200,dw06,0789,235,1761,88,-47,1760,4.02,82305
ground-height-0m-20260825-163632,d018m_r270_run01.csv,0,18,270,dw00;dw01;dw02;dw03;dw04;dw05;dw06;dw07;dw08,dw00;dw01;dw02;dw03;dw04;dw05;dw06;dw07;dw08,,75,1,2026-08-28T06:54:21.424+0200,dw03,021B,141,1751,-33,-1367,1093,2.71,12268
ground-height-0m-20260825-163632,d018m_r270_run01.csv,0,18,270,dw00;dw01;dw02;dw03;dw04;dw05;dw06;dw07;dw08,dw00;dw01;dw02;dw03;dw04;dw05;dw06;dw07;dw08,,165,1,2026-08-28T06:54:21.435+0200,dw08,028E,105,1758,149,613,1648,2.38,22277
ground-height-0m-20260825-163632,d018m_r270_run01.csv,0,18,270,dw00;dw01;dw02;dw03;dw04;dw05;dw06;dw07;dw08,dw00;dw01;dw02;dw03;dw04;dw05;dw06;dw07;dw08,,15,1,2026-08-28T06:54:21.445+0200,dw00,8103,163,1762,-149,1275,1216,-3.18,32257
ground-height-0m-20260825-163632,d018m_r270_run01.csv,0,18,270,dw00;dw01;dw02;dw03;dw04;dw05;dw06;dw07;dw08,dw00;dw01;dw02;dw03;dw04;dw05;dw06;dw07;dw08,,55,1,2026-08-28T06:54:21.464+0200,dw02,8FB0,7,1754,-84,-1755,0,3.15,52398
ground-height-0m-20260825-163632,d018m_r270_run01.csv,0,18,270,dw00;dw01;dw02;dw03;dw04;dw05;dw06;dw07;dw08,dw00;dw01;dw02;dw03;dw04;dw05;dw06;dw07;dw08,,90,1,2026-08-28T06:54:21.475+0200,dw04,0F85,159,1759,12,-875,1525,-3.12,62255
ground-height-0m-20260825-163632,d018m_r270_run01.csv,0,18,270,dw00;dw01;dw02;dw03;dw04;dw05;dw06;dw07;dw08,dw00;dw01;dw02;dw03;dw04;dw05;dw06;dw07;dw08,,105,1,2026-08-28T06:54:21.485+0200,dw05,4B92,171,1754,47,-492,1684,-3.75,72296
ground-height-0m-20260825-163632,d018m_r270_run01.csv,0,18,270,dw00;dw01;dw02;dw03;dw04;dw05;dw06;dw07;dw08,dw00;dw01;dw02;dw03;dw04;dw05;dw06;dw07;dw08,,125,1,2026-08-28T06:54:21.495+0200,dw06,0789,236,1760,94,19,1760,3.84,82305
ground-height-0m-20260825-163632,d018m_r270_run01.csv,0,18,270,dw00;dw01;dw02;dw03;dw04;dw05;dw06;dw07;dw08,dw00;dw01;dw02;dw03;dw04;dw05;dw06;dw07;dw08,,75,1,2026-08-28T06:54:21.625+0200,dw03,021B,142,1751,-39,-1425,1017,2.83,12298
ground-height-0m-20260825-163632,d018m_r270_run01.csv,0,18,270,dw00;dw01;dw02;dw03;dw04;dw05;dw06;dw07;dw08,dw00;dw01;dw02;dw03;dw04;dw05;dw06;dw07;dw08,,165,1,2026-08-28T06:54:21.634+0200,dw08,028E,106,1761,140,512,1685,2.38,22277
ground-height-0m-20260825-163632,d018m_r270_run01.csv,0,18,270,dw00;dw01;dw02;dw03;dw04;dw05;dw06;dw07;dw08,dw00;dw01;dw02;dw03;dw04;dw05;dw06;dw07;dw08,,15,1,2026-08-28T06:54:21.645+0200,dw00,8103,164,1759,-153,1234,1253,-3.09,32257
ground-height-0m-20260825-163632,d018m_r270_run01.csv,0,18,270,dw00;dw01;dw02;dw03;dw04;dw05;dw06;dw07;dw08,dw00;dw01;dw02;dw03;dw04;dw05;dw06;dw07;dw08,,55,1,2026-08-28T06:54:21.665+0200,dw02,8FB0,8,1754,-95,1754,0,3.15,52368
ground-height-0m-20260825-163632,d018m_r270_run01.csv,0,18,270,dw00;dw01;dw02;dw03;dw04;dw05;dw06;dw07;dw08,dw00;dw01;dw02;dw03;dw04;dw05;dw06;dw07;dw08,,90,1,2026-08-28T06:54:21.674+0200,dw04,0F85,160,1761,12,-876,1527,-3.09,62316
ground-height-0m-20260825-163632,d018m_r270_run01.csv,0,18,270,dw00;dw01;dw02;dw03;dw04;dw05;dw06;dw07;dw08,dw00;dw01;dw02;dw03;dw04;dw05;dw06;dw07;dw08,,105,1,2026-08-28T06:54:21.685+0200,dw05,4B92,172,1755,51,-448,1697,-3.69,72296
ground-height-0m-20260825-163632,d018m_r270_run01.csv,0,18,270,dw00;dw01;dw02;dw03;dw04;dw05;dw06;dw07;dw08,dw00;dw01;dw02;dw03;dw04;dw05;dw06;dw07;dw08,,125,1,2026-08-28T06:54:21.695+0200,dw06,0789,237,1762,97,51,1761,4.02,82305
ground-height-0m-20260825-163632,d018m_r270_run01.csv,0,18,270,dw00;dw01;dw02;dw03;dw04;dw05;dw06;dw07;dw08,dw00;dw01;dw02;dw03;dw04;dw05;dw06;dw07;dw08,,75,1,2026-08-28T06:54:21.825+0200,dw03,021B,143,1751,-33,-1361,1100,2.71,12237
ground-height-0m-20260825-163632,d018m_r270_run01.csv,0,18,270,dw00;dw01;dw02;dw03;dw04;dw05;dw06;dw07;dw08,dw00;dw01;dw02;dw03;dw04;dw05;dw06;dw07;dw08,,165,1,2026-08-28T06:54:21.835+0200,dw08,028E,107,1759,133,441,1702,2.38,22308
ground-height-0m-20260825-163632,d018m_r270_run01.csv,0,18,270,dw00;dw01;dw02;dw03;dw04;dw05;dw06;dw07;dw08,dw00;dw01;dw02;dw03;dw04;dw05;dw06;dw07;dw08,,15,1,2026-08-28T06:54:21.844+0200,dw00,8103,165,1766,-153,1237,1260,-3.09,32287
ground-height-0m-20260825-163632,d018m_r270_run01.csv,0,18,270,dw00;dw01;dw02;dw03;dw04;dw05;dw06;dw07;dw08,dw00;dw01;dw02;dw03;dw04;dw05;dw06;dw07;dw08,,55,1,2026-08-28T06:54:21.865+0200,dw02,8FB0,9,1758,-85,-1758,0,3.27,52368
ground-height-0m-20260825-163632,d018m_r270_run01.csv,0,18,270,dw00;dw01;dw02;dw03;dw04;dw05;dw06;dw07;dw08,dw00;dw01;dw02;dw03;dw04;dw05;dw06;dw07;dw08,,90,1,2026-08-28T06:54:21.875+0200,dw04,0F85,161,1757,12,-866,1529,-3.09,62225
ground-height-0m-20260825-163632,d018m_r270_run01.csv,0,18,270,dw00;dw01;dw02;dw03;dw04;dw05;dw06;dw07;dw08,dw00;dw01;dw02;dw03;dw04;dw05;dw06;dw07;dw08,,105,1,2026-08-28T06:54:21.884+0200,dw05,4B92,173,1753,52,-432,1699,-3.75,72265
ground-height-0m-20260825-163632,d018m_r270_run01.csv,0,18,270,dw00;dw01;dw02;dw03;dw04;dw05;dw06;dw07;dw08,dw00;dw01;dw02;dw03;dw04;dw05;dw06;dw07;dw08,,125,1,2026-08-28T06:54:21.895+0200,dw06,0789,238,1759,97,46,1758,3.90,82336
ground-height-0m-20260825-163632,d018m_r270_run01.csv,0,18,270,dw00;dw01;dw02;dw03;dw04;dw05;dw06;dw07;dw08,dw00;dw01;dw02;dw03;dw04;dw05;dw06;dw07;dw08,,75,1,2026-08-28T06:54:22.025+0200,dw03,021B,144,1749,-30,-1325,1141,2.89,12268
ground-height-0m-20260825-163632,d018m_r270_run01.csv,0,18,270,dw00;dw01;dw02;dw03;dw04;dw05;dw06;dw07;dw08,dw00;dw01;dw02;dw03;dw04;dw05;dw06;dw07;dw08,,165,1,2026-08-28T06:54:22.035+0200,dw08,028E,108,1764,150,621,1651,2.38,22308
ground-height-0m-20260825-163632,d018m_r270_run01.csv,0,18,270,dw00;dw01;dw02;dw03;dw04;dw05;dw06;dw07;dw08,dw00;dw01;dw02;dw03;dw04;dw05;dw06;dw07;dw08,,15,1,2026-08-28T06:54:22.044+0200,dw00,8103,166,1762,-155,1214,1276,-3.18,32257
ground-height-0m-20260825-163632,d018m_r270_run01.csv,0,18,270,dw00;dw01;dw02;dw03;dw04;dw05;dw06;dw07;dw08,dw00;dw01;dw02;dw03;dw04;dw05;dw06;dw07;dw08,,55,1,2026-08-28T06:54:22.065+0200,dw02,8FB0,10,1758,-86,-1758,0,3.15,52337
ground-height-0m-20260825-163632,d018m_r270_run01.csv,0,18,270,dw00;dw01;dw02;dw03;dw04;dw05;dw06;dw07;dw08,dw00;dw01;dw02;dw03;dw04;dw05;dw06;dw07;dw08,,90,1,2026-08-28T06:54:22.075+0200,dw04,0F85,162,1757,8,-916,1499,-3.09,62286
ground-height-0m-20260825-163632,d018m_r270_run01.csv,0,18,270,dw00;dw01;dw02;dw03;dw04;dw05;dw06;dw07;dw08,dw00;dw01;dw02;dw03;dw04;dw05;dw06;dw07;dw08,,105,1,2026-08-28T06:54:22.085+0200,dw05,4B92,174,1757,46,-503,1683,-3.66,72265
ground-height-0m-20260825-163632,d018m_r270_run01.csv,0,18,270,dw00;dw01;dw02;dw03;dw04;dw05;dw06;dw07;dw08,dw00;dw01;dw02;dw03;dw04;dw05;dw06;dw07;dw08,,125,1,2026-08-28T06:54:22.094+0200,dw06,0789,239,1760,98,56,1759,3.96,82244
ground-height-0m-20260825-163632,d018m_r270_run01.csv,0,18,270,dw00;dw01;dw02;dw03;dw04;dw05;dw06;dw07;dw08,dw00;dw01;dw02;dw03;dw04;dw05;dw06;dw07;dw08,,75,1,2026-08-28T06:54:22.224+0200,dw03,021B,145,1750,-38,-1418,1025,2.83,12298
ground-height-0m-20260825-163632,d018m_r270_run01.csv,0,18,270,dw00;dw01;dw02;dw03;dw04;dw05;dw06;dw07;dw08,dw00;dw01;dw02;dw03;dw04;dw05;dw06;dw07;dw08,,165,1,2026-08-28T06:54:22.235+0200,dw08,028E,109,1762,139,500,1689,2.38,22277
ground-height-0m-20260825-163632,d018m_r270_run01.csv,0,18,270,dw00;dw01;dw02;dw03;dw04;dw05;dw06;dw07;dw08,dw00;dw01;dw02;dw03;dw04;dw05;dw06;dw07;dw08,,15,1,2026-08-28T06:54:22.245+0200,dw00,8103,167,1765,45,-512,1689,-3.18,32257
ground-height-0m-20260825-163632,d018m_r270_run01.csv,0,18,270,dw00;dw01;dw02;dw03;dw04;dw05;dw06;dw07;dw08,dw00;dw01;dw02;dw03;dw04;dw05;dw06;dw07;dw08,,55,1,2026-08-28T06:54:22.264+0200,dw02,8FB0,11,1756,-90,1756,0,3.21,52368
ground-height-0m-20260825-163632,d018m_r270_run01.csv,0,18,270,dw00;dw01;dw02;dw03;dw04;dw05;dw06;dw07;dw08,dw00;dw01;dw02;dw03;dw04;dw05;dw06;dw07;dw08,,90,1,2026-08-28T06:54:22.275+0200,dw04,0F85,163,1755,9,-896,1509,-3.03,62255
ground-height-0m-20260825-163632,d018m_r270_run01.csv,0,18,270,dw00;dw01;dw02;dw03;dw04;dw05;dw06;dw07;dw08,dw00;dw01;dw02;dw03;dw04;dw05;dw06;dw07;dw08,,105,1,2026-08-28T06:54:22.285+0200,dw05,4B92,175,1756,53,-429,1703,-3.69,72296
ground-height-0m-20260825-163632,d018m_r270_run01.csv,0,18,270,dw00;dw01;dw02;dw03;dw04;dw05;dw06;dw07;dw08,dw00;dw01;dw02;dw03;dw04;dw05;dw06;dw07;dw08,,125,1,2026-08-28T06:54:22.294+0200,dw06,0789,240,1754,89,-36,1753,4.02,82305
ground-height-0m-20260825-163632,d018m_r270_run01.csv,0,18,270,dw00;dw01;dw02;dw03;dw04;dw05;dw06;dw07;dw08,dw00;dw01;dw02;dw03;dw04;dw05;dw06;dw07;dw08,,75,1,2026-08-28T06:54:22.425+0200,dw03,021B,146,1751,-29,-1323,1147,2.83,12268
ground-height-0m-20260825-163632,d018m_r270_run01.csv,0,18,270,dw00;dw01;dw02;dw03;dw04;dw05;dw06;dw07;dw08,dw00;dw01;dw02;dw03;dw04;dw05;dw06;dw07;dw08,,165,1,2026-08-28T06:54:22.434+0200,dw08,028E,110,1759,91,-13,1759,2.38,22308
ground-height-0m-20260825-163632,d018m_r270_run01.csv,0,18,270,dw00;dw01;dw02;dw03;dw04;dw05;dw06;dw07;dw08,dw00;dw01;dw02;dw03;dw04;dw05;dw06;dw07;dw08,,15,1,2026-08-28T06:54:22.445+0200,dw00,8103,168,1763,-150,1267,1226,-3.18,32287
ground-height-0m-20260825-163632,d018m_r270_run01.csv,0,18,270,dw00;dw01;dw02;dw03;dw04;dw05;dw06;dw07;dw08,dw00;dw01;dw02;dw03;dw04;dw05;dw06;dw07;dw08,,55,1,2026-08-28T06:54:22.464+0200,dw02,8FB0,12,1754,-87,1754,0,3.27,52337
ground-height-0m-20260825-163632,d018m_r270_run01.csv,0,18,270,dw00;dw01;dw02;dw03;dw04;dw05;dw06;dw07;dw08,dw00;dw01;dw02;dw03;dw04;dw05;dw06;dw07;dw08,,90,1,2026-08-28T06:54:22.474+0200,dw04,0F85,164,1755,18,-801,1562,-3.09,62255
ground-height-0m-20260825-163632,d018m_r270_run01.csv,0,18,270,dw00;dw01;dw02;dw03;dw04;dw05;dw06;dw07;dw08,dw00;dw01;dw02;dw03;dw04;dw05;dw06;dw07;dw08,,105,1,2026-08-28T06:54:22.485+0200,dw05,4B92,176,1752,54,-415,1702,-3.66,72296
ground-height-0m-20260825-163632,d018m_r270_run01.csv,0,18,270,dw00;dw01;dw02;dw03;dw04;dw05;dw06;dw07;dw08,dw00;dw01;dw02;dw03;dw04;dw05;dw06;dw07;dw08,,125,1,2026-08-28T06:54:22.495+0200,dw06,0789,241,1764,103,115,1761,4.02,82275
ground-height-0m-20260825-163632,d018m_r270_run01.csv,0,18,270,dw00;dw01;dw02;dw03;dw04;dw05;dw06;dw07;dw08,dw00;dw01;dw02;dw03;dw04;dw05;dw06;dw07;dw08,,75,1,2026-08-28T06:54:22.625+0200,dw03,021B,147,1751,-36,-1401,1051,2.89,12268
ground-height-0m-20260825-163632,d018m_r270_run01.csv,0,18,270,dw00;dw01;dw02;dw03;dw04;dw05;dw06;dw07;dw08,dw00;dw01;dw02;dw03;dw04;dw05;dw06;dw07;dw08,,165,1,2026-08-28T06:54:22.634+0200,dw08,028E,111,1762,149,608,1653,2.38,22308
ground-height-0m-20260825-163632,d018m_r270_run01.csv,0,18,270,dw00;dw01;dw02;dw03;dw04;dw05;dw06;dw07;dw08,dw00;dw01;dw02;dw03;dw04;dw05;dw06;dw07;dw08,,15,1,2026-08-28T06:54:22.644+0200,dw00,8103,169,1761,-144,1332,1151,-3.09,32257
ground-height-0m-20260825-163632,d018m_r270_run01.csv,0,18,270,dw00;dw01;dw02;dw03;dw04;dw05;dw06;dw07;dw08,dw00;dw01;dw02;dw03;dw04;dw05;dw06;dw07;dw08,,55,1,2026-08-28T06:54:22.665+0200,dw02,8FB0,13,1754,-98,1754,0,3.27,52429
ground-height-0m-20260825-163632,d018m_r270_run01.csv,0,18,270,dw00;dw01;dw02;dw03;dw04;dw05;dw06;dw07;dw08,dw00;dw01;dw02;dw03;dw04;dw05;dw06;dw07;dw08,,90,1,2026-08-28T06:54:22.674+0200,dw04,0F85,165,1758,8,-909,1504,-3.09,62255
ground-height-0m-20260825-163632,d018m_r270_run01.csv,0,18,270,dw00;dw01;dw02;dw03;dw04;dw05;dw06;dw07;dw08,dw00;dw01;dw02;dw03;dw04;dw05;dw06;dw07;dw08,,105,1,2026-08-28T06:54:22.684+0200,dw05,4B92,177,1757,44,-525,1677,-3.75,72265
ground-height-0m-20260825-163632,d018m_r270_run01.csv,0,18,270,dw00;dw01;dw02;dw03;dw04;dw05;dw06;dw07;dw08,dw00;dw01;dw02;dw03;dw04;dw05;dw06;dw07;dw08,,125,1,2026-08-28T06:54:22.695+0200,dw06,0789,242,1757,99,76,1756,4.02,82275
ground-height-0m-20260825-163632,d018m_r270_run01.csv,0,18,270,dw00;dw01;dw02;dw03;dw04;dw05;dw06;dw07;dw08,dw00;dw01;dw02;dw03;dw04;dw05;dw06;dw07;dw08,,75,1,2026-08-28T06:54:22.825+0200,dw03,021B,148,1752,-17,-1195,1282,2.77,12268
ground-height-0m-20260825-163632,d018m_r270_run01.csv,0,18,270,dw00;dw01;dw02;dw03;dw04;dw05;dw06;dw07;dw08,dw00;dw01;dw02;dw03;dw04;dw05;dw06;dw07;dw08,,165,1,2026-08-28T06:54:22.834+0200,dw08,028E,112,1762,142,542,1676,2.38,22277
ground-height-0m-20260825-163632,d018m_r270_run01.csv,0,18,270,dw00;dw01;dw02;dw03;dw04;dw05;dw06;dw07;dw08,dw00;dw01;dw02;dw03;dw04;dw05;dw06;dw07;dw08,,15,1,2026-08-28T06:54:22.844+0200,dw00,8103,170,1763,-157,1190,1301,-3.18,32287
ground-height-0m-20260825-163632,d018m_r270_run01.csv,0,18,270,dw00;dw01;dw02;dw03;dw04;dw05;dw06;dw07;dw08,dw00;dw01;dw02;dw03;dw04;dw05;dw06;dw07;dw08,,55,1,2026-08-28T06:54:22.865+0200,dw02,8FB0,14,1756,-83,-1756,0,3.21,52368
ground-height-0m-20260825-163632,d018m_r270_run01.csv,0,18,270,dw00;dw01;dw02;dw03;dw04;dw05;dw06;dw07;dw08,dw00;dw01;dw02;dw03;dw04;dw05;dw06;dw07;dw08,,90,1,2026-08-28T06:54:22.874+0200,dw04,0F85,166,1757,12,-871,1526,-3.09,62255
ground-height-0m-20260825-163632,d018m_r270_run01.csv,0,18,270,dw00;dw01;dw02;dw03;dw04;dw05;dw06;dw07;dw08,dw00;dw01;dw02;dw03;dw04;dw05;dw06;dw07;dw08,,105,1,2026-08-28T06:54:22.884+0200,dw05,4B92,178,1754,57,-380,1713,-3.87,72265
ground-height-0m-20260825-163632,d018m_r270_run01.csv,0,18,270,dw00;dw01;dw02;dw03;dw04;dw05;dw06;dw07;dw08,dw00;dw01;dw02;dw03;dw04;dw05;dw06;dw07;dw08,,125,1,2026-08-28T06:54:22.894+0200,dw06,0789,243,1760,94,17,1760,4.02,82275
ground-height-0m-20260825-163632,d018m_r270_run01.csv,0,18,270,dw00;dw01;dw02;dw03;dw04;dw05;dw06;dw07;dw08,dw00;dw01;dw02;dw03;dw04;dw05;dw06;dw07;dw08,,75,1,2026-08-28T06:54:23.025+0200,dw03,021B,149,1748,-24,-1263,1208,2.95,12298
ground-height-0m-20260825-163632,d018m_r270_run01.csv,0,18,270,dw00;dw01;dw02;dw03;dw04;dw05;dw06;dw07;dw08,dw00;dw01;dw02;dw03;dw04;dw05;dw06;dw07;dw08,,165,1,2026-08-28T06:54:23.035+0200,dw08,028E,113,1756,154,663,1626,2.38,22308
ground-height-0m-20260825-163632,d018m_r270_run01.csv,0,18,270,dw00;dw01;dw02;dw03;dw04;dw05;dw06;dw07;dw08,dw00;dw01;dw02;dw03;dw04;dw05;dw06;dw07;dw08,,15,1,2026-08-28T06:54:23.044+0200,dw00,8103,171,1761,-145,1315,1171,-3.18,32226
ground-height-0m-20260825-163632,d018m_r270_run01.csv,0,18,270,dw00;dw01;dw02;dw03;dw04;dw05;dw06;dw07;dw08,dw00;dw01;dw02;dw03;dw04;dw05;dw06;dw07;dw08,,55,1,2026-08-28T06:54:23.064+0200,dw02,8FB0,15,1755,-87,1755,0,3.21,52398
ground-height-0m-20260825-163632,d018m_r270_run01.csv,0,18,270,dw00;dw01;dw02;dw03;dw04;dw05;dw06;dw07;dw08,dw00;dw01;dw02;dw03;dw04;dw05;dw06;dw07;dw08,,90,1,2026-08-28T06:54:23.075+0200,dw04,0F85,167,1760,3,-972,1467,-3.12,62255
ground-height-0m-20260825-163632,d018m_r270_run01.csv,0,18,270,dw00;dw01;dw02;dw03;dw04;dw05;dw06;dw07;dw08,dw00;dw01;dw02;dw03;dw04;dw05;dw06;dw07;dw08,,105,1,2026-08-28T06:54:23.084+0200,dw05,4B92,179,1755,43,-536,1671,-3.69,72265
ground-height-0m-20260825-163632,d018m_r270_run01.csv,0,18,270,dw00;dw01;dw02;dw03;dw04;dw05;dw06;dw07;dw08,dw00;dw01;dw02;dw03;dw04;dw05;dw06;dw07;dw08,,125,1,2026-08-28T06:54:23.094+0200,dw06,0789,244,1761,95,33,1761,4.02,82305
ground-height-0m-20260825-163632,d018m_r270_run01.csv,0,18,270,dw00;dw01;dw02;dw03;dw04;dw05;dw06;dw07;dw08,dw00;dw01;dw02;dw03;dw04;dw05;dw06;dw07;dw08,,75,1,2026-08-28T06:54:23.225+0200,dw03,021B,150,1753,-37,-1404,1049,2.89,12268
ground-height-0m-20260825-163632,d018m_r270_run01.csv,0,18,270,dw00;dw01;dw02;dw03;dw04;dw05;dw06;dw07;dw08,dw00;dw01;dw02;dw03;dw04;dw05;dw06;dw07;dw08,,165,1,2026-08-28T06:54:23.235+0200,dw08,028E,114,1757,135,457,1697,2.50,22277
ground-height-0m-20260825-163632,d018m_r270_run01.csv,0,18,270,dw00;dw01;dw02;dw03;dw04;dw05;dw06;dw07;dw08,dw00;dw01;dw02;dw03;dw04;dw05;dw06;dw07;dw08,,15,1,2026-08-28T06:54:23.245+0200,dw00,8103,172,1762,-149,1273,1217,-3.24,32287
ground-height-0m-20260825-163632,d018m_r270_run01.csv,0,18,270,dw00;dw01;dw02;dw03;dw04;dw05;dw06;dw07;dw08,dw00;dw01;dw02;dw03;dw04;dw05;dw06;dw07;dw08,,55,1,2026-08-28T06:54:23.265+0200,dw02,8FB0,16,1757,-85,-1757,0,3.27,52398
ground-height-0m-20260825-163632,d018m_r270_run01.csv,0,18,270,dw00;dw01;dw02;dw03;dw04;dw05;dw06;dw07;dw08,dw00;dw01;dw02;dw03;dw04;dw05;dw06;dw07;dw08,,90,1,2026-08-28T06:54:23.275+0200,dw04,0F85,168,1759,11,-886,1519,-3.03,62255
ground-height-0m-20260825-163632,d018m_r270_run01.csv,0,18,270,dw00;dw01;dw02;dw03;dw04;dw05;dw06;dw07;dw08,dw00;dw01;dw02;dw03;dw04;dw05;dw06;dw07;dw08,,105,1,2026-08-28T06:54:23.285+0200,dw05,4B92,180,1753,49,-470,1689,-3.75,72265
ground-height-0m-20260825-163632,d018m_r270_run01.csv,0,18,270,dw00;dw01;dw02;dw03;dw04;dw05;dw06;dw07;dw08,dw00;dw01;dw02;dw03;dw04;dw05;dw06;dw07;dw08,,125,1,2026-08-28T06:54:23.295+0200,dw06,0789,245,1761,100,87,1758,4.02,82305
ground-height-0m-20260825-163632,d018m_r270_run01.csv,0,18,270,dw00;dw01;dw02;dw03;dw04;dw05;dw06;dw07;dw08,dw00;dw01;dw02;dw03;dw04;dw05;dw06;dw07;dw08,,75,1,2026-08-28T06:54:23.425+0200,dw03,021B,151,1745,-26,-1287,1178,2.77,12268
ground-height-0m-20260825-163632,d018m_r270_run01.csv,0,18,270,dw00;dw01;dw02;dw03;dw04;dw05;dw06;dw07;dw08,dw00;dw01;dw02;dw03;dw04;dw05;dw06;dw07;dw08,,165,1,2026-08-28T06:54:23.435+0200,dw08,028E,115,1759,132,431,1705,2.38,22277
ground-height-0m-20260825-163632,d018m_r270_run01.csv,0,18,270,dw00;dw01;dw02;dw03;dw04;dw05;dw06;dw07;dw08,dw00;dw01;dw02;dw03;dw04;dw05;dw06;dw07;dw08,,15,1,2026-08-28T06:54:23.444+0200,dw00,8103,173,1765,-156,1199,1296,-3.12,32287
ground-height-0m-20260825-163632,d018m_r270_run01.csv,0,18,270,dw00;dw01;dw02;dw03;dw04;dw05;dw06;dw07;dw08,dw00;dw01;dw02;dw03;dw04;dw05;dw06;dw07;dw08,,55,1,2026-08-28T06:54:23.465+0200,dw02,8FB0,17,1754,-86,-1755,0,3.27,52398
ground-height-0m-20260825-163632,d018m_r270_run01.csv,0,18,270,dw00;dw01;dw02;dw03;dw04;dw05;dw06;dw07;dw08,dw00;dw01;dw02;dw03;dw04;dw05;dw06;dw07;dw08,,90,1,2026-08-28T06:54:23.475+0200,dw04,0F85,169,1759,16,-828,1552,-3.09,62286
ground-height-0m-20260825-163632,d018m_r270_run01.csv,0,18,270,dw00;dw01;dw02;dw03;dw04;dw05;dw06;dw07;dw08,dw00;dw01;dw02;dw03;dw04;dw05;dw06;dw07;dw08,,105,1,2026-08-28T06:54:23.485+0200,dw05,4B92,181,1755,45,-517,1677,-3.69,72265
ground-height-0m-20260825-163632,d018m_r270_run01.csv,0,18,270,dw00;dw01;dw02;dw03;dw04;dw05;dw06;dw07;dw08,dw00;dw01;dw02;dw03;dw04;dw05;dw06;dw07;dw08,,125,1,2026-08-28T06:54:23.495+0200,dw06,0789,246,1762,90,-28,1762,4.02,82305
ground-height-0m-20260825-163632,d018m_r270_run01.csv,0,18,270,dw00;dw01;dw02;dw03;dw04;dw05;dw06;dw07;dw08,dw00;dw01;dw02;dw03;dw04;dw05;dw06;dw07;dw08,,75,1,2026-08-28T06:54:23.625+0200,dw03,021B,152,1752,-34,-1377,1083,2.89,12268
ground-height-0m-20260825-163632,d018m_r270_run01.csv,0,18,270,dw00;dw01;dw02;dw03;dw04;dw05;dw06;dw07;dw08,dw00;dw01;dw02;dw03;dw04;dw05;dw06;dw07;dw08,,165,1,2026-08-28T06:54:23.635+0200,dw08,028E,116,1755,149,615,1644,2.38,22277
ground-height-0m-20260825-163632,d018m_r270_run01.csv,0,18,270,dw00;dw01;dw02;dw03;dw04;dw05;dw06;dw07;dw08,dw00;dw01;dw02;dw03;dw04;dw05;dw06;dw07;dw08,,15,1,2026-08-28T06:54:23.645+0200,dw00,8103,174,1767,-144,1336,1156,-3.12,32257
ground-height-0m-20260825-163632,d018m_r270_run01.csv,0,18,270,dw00;dw01;dw02;dw03;dw04;dw05;dw06;dw07;dw08,dw00;dw01;dw02;dw03;dw04;dw05;dw06;dw07;dw08,,55,1,2026-08-28T06:54:23.665+0200,dw02,8FB0,18,1756,-93,1756,0,3.27,52337
ground-height-0m-20260825-163632,d018m_r270_run01.csv,0,18,270,dw00;dw01;dw02;dw03;dw04;dw05;dw06;dw07;dw08,dw00;dw01;dw02;dw03;dw04;dw05;dw06;dw07;dw08,,90,1,2026-08-28T06:54:23.675+0200,dw04,0F85,170,1758,6,-939,1486,-3.09,62255
ground-height-0m-20260825-163632,d018m_r270_run01.csv,0,18,270,dw00;dw01;dw02;dw03;dw04;dw05;dw06;dw07;dw08,dw00;dw01;dw02;dw03;dw04;dw05;dw06;dw07;dw08,,105,1,2026-08-28T06:54:23.685+0200,dw05,4B92,182,1755,55,-401,1708,-3.69,72265
ground-height-0m-20260825-163632,d018m_r270_run01.csv,0,18,270,dw00;dw01;dw02;dw03;dw04;dw05;dw06;dw07;dw08,dw00;dw01;dw02;dw03;dw04;dw05;dw06;dw07;dw08,,125,1,2026-08-28T06:54:23.695+0200,dw06,0789,247,1756,91,-17,1756,4.02,82305
ground-height-0m-20260825-163632,d018m_r270_run01.csv,0,18,270,dw00;dw01;dw02;dw03;dw04;dw05;dw06;dw07;dw08,dw00;dw01;dw02;dw03;dw04;dw05;dw06;dw07;dw08,,75,1,2026-08-28T06:54:23.824+0200,dw03,021B,153,1753,-43,-1474,949,2.77,12298
ground-height-0m-20260825-163632,d018m_r270_run01.csv,0,18,270,dw00;dw01;dw02;dw03;dw04;dw05;dw06;dw07;dw08,dw00;dw01;dw02;dw03;dw04;dw05;dw06;dw07;dw08,,165,1,2026-08-28T06:54:23.835+0200,dw08,028E,117,1760,140,519,1682,2.44,22277
ground-height-0m-20260825-163632,d018m_r270_run01.csv,0,18,270,dw00;dw01;dw02;dw03;dw04;dw05;dw06;dw07;dw08,dw00;dw01;dw02;dw03;dw04;dw05;dw06;dw07;dw08,,15,1,2026-08-28T06:54:23.845+0200,dw00,8103,175,1763,-137,1402,1070,-3.12,32257
ground-height-0m-20260825-163632,d018m_r270_run01.csv,0,18,270,dw00;dw01;dw02;dw03;dw04;dw05;dw06;dw07;dw08,dw00;dw01;dw02;dw03;dw04;dw05;dw06;dw07;dw08,,55,1,2026-08-28T06:54:23.864+0200,dw02,8FB0,19,1754,-90,1754,0,3.27,52398
ground-height-0m-20260825-163632,d018m_r270_run01.csv,0,18,270,dw00;dw01;dw02;dw03;dw04;dw05;dw06;dw07;dw08,dw00;dw01;dw02;dw03;dw04;dw05;dw06;dw07;dw08,,90,1,2026-08-28T06:54:23.875+0200,dw04,0F85,171,1762,7,-925,1500,-3.18,62255
ground-height-0m-20260825-163632,d018m_r270_run01.csv,0,18,270,dw00;dw01;dw02;dw03;dw04;dw05;dw06;dw07;dw08,dw00;dw01;dw02;dw03;dw04;dw05;dw06;dw07;dw08,,105,1,2026-08-28T06:54:23.885+0200,dw05,4B92,183,1754,46,-502,1681,-3.75,72265
ground-height-0m-20260825-163632,d018m_r270_run01.csv,0,18,270,dw00;dw01;dw02;dw03;dw04;dw05;dw06;dw07;dw08,dw00;dw01;dw02;dw03;dw04;dw05;dw06;dw07;dw08,,125,1,2026-08-28T06:54:23.895+0200,dw06,0789,248,1758,98,58,1757,4.02,82275
ground-height-0m-20260825-163632,d018m_r270_run01.csv,0,18,270,dw00;dw01;dw02;dw03;dw04;dw05;dw06;dw07;dw08,dw00;dw01;dw02;dw03;dw04;dw05;dw06;dw07;dw08,,75,1,2026-08-28T06:54:24.025+0200,dw03,021B,154,1748,-31,-1344,1117,2.83,12268
ground-height-0m-20260825-163632,d018m_r270_run01.csv,0,18,270,dw00;dw01;dw02;dw03;dw04;dw05;dw06;dw07;dw08,dw00;dw01;dw02;dw03;dw04;dw05;dw06;dw07;dw08,,165,1,2026-08-28T06:54:24.034+0200,dw08,028E,118,1759,144,557,1668,2.44,22277
ground-height-0m-20260825-163632,d018m_r270_run01.csv,0,18,270,dw00;dw01;dw02;dw03;dw04;dw05;dw06;dw07;dw08,dw00;dw01;dw02;dw03;dw04;dw05;dw06;dw07;dw08,,15,1,2026-08-28T06:54:24.045+0200,dw00,8103,176,1763,-152,1241,1252,-3.09,32257
ground-height-0m-20260825-163632,d018m_r270_run01.csv,0,18,270,dw00;dw01;dw02;dw03;dw04;dw05;dw06;dw07;dw08,dw00;dw01;dw02;dw03;dw04;dw05;dw06;dw07;dw08,,55,1,2026-08-28T06:54:24.065+0200,dw02,8FB0,20,1755,-94,1755,0,3.21,52398
ground-height-0m-20260825-163632,d018m_r270_run01.csv,0,18,270,dw00;dw01;dw02;dw03;dw04;dw05;dw06;dw07;dw08,dw00;dw01;dw02;dw03;dw04;dw05;dw06;dw07;dw08,,35,1,2026-08-28T06:54:24.070+0200,dw01,1729,12,1755,90,-27,1755,2.53,58319
ground-height-0m-20260825-163632,d018m_r270_run01.csv,0,18,270,dw00;dw01;dw02;dw03;dw04;dw05;dw06;dw07;dw08,dw00;dw01;dw02;dw03;dw04;dw05;dw06;dw07;dw08,,105,1,2026-08-28T06:54:24.085+0200,dw05,4B92,184,1754,54,-419,1704,-3.66,72296
ground-height-0m-20260825-163632,d018m_r270_run01.csv,0,18,270,dw00;dw01;dw02;dw03;dw04;dw05;dw06;dw07;dw08,dw00;dw01;dw02;dw03;dw04;dw05;dw06;dw07;dw08,,125,1,2026-08-28T06:54:24.095+0200,dw06,0789,249,1757,101,97,1755,4.02,82275
ground-height-0m-20260825-163632,d018m_r270_run01.csv,0,18,270,dw00;dw01;dw02;dw03;dw04;dw05;dw06;dw07;dw08,dw00;dw01;dw02;dw03;dw04;dw05;dw06;dw07;dw08,,75,1,2026-08-28T06:54:24.225+0200,dw03,021B,155,1752,-32,-1355,1111,2.83,12268
ground-height-0m-20260825-163632,d018m_r270_run01.csv,0,18,270,dw00;dw01;dw02;dw03;dw04;dw05;dw06;dw07;dw08,dw00;dw01;dw02;dw03;dw04;dw05;dw06;dw07;dw08,,165,1,2026-08-28T06:54:24.234+0200,dw08,028E,119,1759,140,520,1680,2.44,22277
ground-height-0m-20260825-163632,d018m_r270_run01.csv,0,18,270,dw00;dw01;dw02;dw03;dw04;dw05;dw06;dw07;dw08,dw00;dw01;dw02;dw03;dw04;dw05;dw06;dw07;dw08,,15,1,2026-08-28T06:54:24.244+0200,dw00,8103,177,1762,-144,1328,1158,-3.18,32257
ground-height-0m-20260825-163632,d018m_r270_run01.csv,0,18,270,dw00;dw01;dw02;dw03;dw04;dw05;dw06;dw07;dw08,dw00;dw01;dw02;dw03;dw04;dw05;dw06;dw07;dw08,,55,1,2026-08-28T06:54:24.265+0200,dw02,8FB0,21,1755,-87,1755,0,3.15,52368
ground-height-0m-20260825-163632,d018m_r270_run01.csv,0,18,270,dw00;dw01;dw02;dw03;dw04;dw05;dw06;dw07;dw08,dw00;dw01;dw02;dw03;dw04;dw05;dw06;dw07;dw08,,105,1,2026-08-28T06:54:24.285+0200,dw05,4B92,185,1755,53,-422,1704,-3.66,72265
ground-height-0m-20260825-163632,d018m_r270_run01.csv,0,18,270,dw00;dw01;dw02;dw03;dw04;dw05;dw06;dw07;dw08,dw00;dw01;dw02;dw03;dw04;dw05;dw06;dw07;dw08,,90,1,2026-08-28T06:54:24.290+0200,dw04,0F85,173,1755,9,-899,1508,-2.98,77941
ground-height-0m-20260825-163632,d018m_r270_run01.csv,0,18,270,dw00;dw01;dw02;dw03;dw04;dw05;dw06;dw07;dw08,dw00;dw01;dw02;dw03;dw04;dw05;dw06;dw07;dw08,,75,1,2026-08-28T06:54:24.425+0200,dw03,021B,156,1747,-29,-1318,1146,2.83,12268
ground-height-0m-20260825-163632,d018m_r270_run01.csv,0,18,270,dw00;dw01;dw02;dw03;dw04;dw05;dw06;dw07;dw08,dw00;dw01;dw02;dw03;dw04;dw05;dw06;dw07;dw08,,165,1,2026-08-28T06:54:24.435+0200,dw08,028E,120,1762,126,365,1724,2.38,22277
ground-height-0m-20260825-163632,d018m_r270_run01.csv,0,18,270,dw00;dw01;dw02;dw03;dw04;dw05;dw06;dw07;dw08,dw00;dw01;dw02;dw03;dw04;dw05;dw06;dw07;dw08,,15,1,2026-08-28T06:54:24.444+0200,dw00,8103,178,1766,-155,1213,1283,-3.18,32257
ground-height-0m-20260825-163632,d018m_r270_run01.csv,0,18,270,dw00;dw01;dw02;dw03;dw04;dw05;dw06;dw07;dw08,dw00;dw01;dw02;dw03;dw04;dw05;dw06;dw07;dw08,,55,1,2026-08-28T06:54:24.465+0200,dw02,8FB0,22,1756,-68,-1744,202,3.27,52398
ground-height-0m-20260825-163632,d018m_r270_run01.csv,0,18,270,dw00;dw01;dw02;dw03;dw04;dw05;dw06;dw07;dw08,dw00;dw01;dw02;dw03;dw04;dw05;dw06;dw07;dw08,,105,1,2026-08-28T06:54:24.484+0200,dw05,4B92,186,1756,47,-494,1685,-3.75,72235
ground-height-0m-20260825-163632,d018m_r270_run01.csv,0,18,270,dw00;dw01;dw02;dw03;dw04;dw05;dw06;dw07;dw08,dw00;dw01;dw02;dw03;dw04;dw05;dw06;dw07;dw08,,125,1,2026-08-28T06:54:24.511+0200,dw06,0789,251,1754,102,105,1751,4.14,2147483
ground-height-0m-20260825-163632,d018m_r270_run01.csv,0,18,270,dw00;dw01;dw02;dw03;dw04;dw05;dw06;dw07;dw08,dw00;dw01;dw02;dw03;dw04;dw05;dw06;dw07;dw08,,75,1,2026-08-28T06:54:24.624+0200,dw03,021B,157,1751,-29,-1319,1151,2.83,12298
ground-height-0m-20260825-163632,d018m_r270_run01.csv,0,18,270,dw00;dw01;dw02;dw03;dw04;dw05;dw06;dw07;dw08,dw00;dw01;dw02;dw03;dw04;dw05;dw06;dw07;dw08,,165,1,2026-08-28T06:54:24.635+0200,dw08,028E,121,1766,143,546,1679,2.32,22277
ground-height-0m-20260825-163632,d018m_r270_run01.csv,0,18,270,dw00;dw01;dw02;dw03;dw04;dw05;dw06;dw07;dw08,dw00;dw01;dw02;dw03;dw04;dw05;dw06;dw07;dw08,,15,1,2026-08-28T06:54:24.645+0200,dw00,8103,179,1761,-159,1167,1318,-3.09,32257
ground-height-0m-20260825-163632,d018m_r270_run01.csv,0,18,270,dw00;dw01;dw02;dw03;dw04;dw05;dw06;dw07;dw08,dw00;dw01;dw02;dw03;dw04;dw05;dw06;dw07;dw08,,55,1,2026-08-28T06:54:24.664+0200,dw02,8FB0,23,1756,-76,-1756,0,3.27,52337
ground-height-0m-20260825-163632,d018m_r270_run01.csv,0,18,270,dw00;dw01;dw02;dw03;dw04;dw05;dw06;dw07;dw08,dw00;dw01;dw02;dw03;dw04;dw05;dw06;dw07;dw08,,105,1,2026-08-28T06:54:24.685+0200,dw05,4B92,187,1756,39,-578,1658,-3.69,72296
ground-height-0m-20260825-163632,d018m_r270_run01.csv,0,18,270,dw00;dw01;dw02;dw03;dw04;dw05;dw06;dw07;dw08,dw00;dw01;dw02;dw03;dw04;dw05;dw06;dw07;dw08,,90,1,2026-08-28T06:54:24.690+0200,dw04,0F85,175,1758,6,-936,1488,-2.98,78033
ground-height-0m-20260825-163632,d018m_r270_run01.csv,0,18,270,dw00;dw01;dw02;dw03;dw04;dw05;dw06;dw07;dw08,dw00;dw01;dw02;dw03;dw04;dw05;dw06;dw07;dw08,,75,1,2026-08-28T06:54:24.824+0200,dw03,021B,158,1748,-23,-1258,1214,2.83,12268
ground-height-0m-20260825-163632,d018m_r270_run01.csv,0,18,270,dw00;dw01;dw02;dw03;dw04;dw05;dw06;dw07;dw08,dw00;dw01;dw02;dw03;dw04;dw05;dw06;dw07;dw08,,165,1,2026-08-28T06:54:24.834+0200,dw08,028E,122,1764,144,565,1671,2.38,22308
ground-height-0m-20260825-163632,d018m_r270_run01.csv,0,18,270,dw00;dw01;dw02;dw03;dw04;dw05;dw06;dw07;dw08,dw00;dw01;dw02;dw03;dw04;dw05;dw06;dw07;dw08,,15,1,2026-08-28T06:54:24.845+0200,dw00,8103,180,1764,-142,1354,1131,-3.18,32287
ground-height-0m-20260825-163632,d018m_r270_run01.csv,0,18,270,dw00;dw01;dw02;dw03;dw04;dw05;dw06;dw07;dw08,dw00;dw01;dw02;dw03;dw04;dw05;dw06;dw07;dw08,,55,1,2026-08-28T06:54:24.864+0200,dw02,8FB0,24,1756,-89,1756,0,3.21,52368
ground-height-0m-20260825-163632,d018m_r270_run01.csv,0,18,270,dw00;dw01;dw02;dw03;dw04;dw05;dw06;dw07;dw08,dw00;dw01;dw02;dw03;dw04;dw05;dw06;dw07;dw08,,90,1,2026-08-28T06:54:24.874+0200,dw04,0F85,176,1755,10,-888,1514,-2.98,62286
ground-height-0m-20260825-163632,d018m_r270_run01.csv,0,18,270,dw00;dw01;dw02;dw03;dw04;dw05;dw06;dw07;dw08,dw00;dw01;dw02;dw03;dw04;dw05;dw06;dw07;dw08,,105,1,2026-08-28T06:54:24.885+0200,dw05,4B92,188,1755,44,-521,1676,-3.69,72265
ground-height-0m-20260825-163632,d018m_r270_run01.csv,0,18,270,dw00;dw01;dw02;dw03;dw04;dw05;dw06;dw07;dw08,dw00;dw01;dw02;dw03;dw04;dw05;dw06;dw07;dw08,,125,1,2026-08-28T06:54:24.910+0200,dw06,0789,253,1762,85,-83,1760,4.14,2147483
ground-height-0m-20260825-163632,d018m_r270_run01.csv,0,18,270,dw00;dw01;dw02;dw03;dw04;dw05;dw06;dw07;dw08,dw00;dw01;dw02;dw03;dw04;dw05;dw06;dw07;dw08,,75,1,2026-08-28T06:54:25.024+0200,dw03,021B,159,1751,-26,-1284,1190,2.71,12268
ground-height-0m-20260825-163632,d018m_r270_run01.csv,0,18,270,dw00;dw01;dw02;dw03;dw04;dw05;dw06;dw07;dw08,dw00;dw01;dw02;dw03;dw04;dw05;dw06;dw07;dw08,,165,1,2026-08-28T06:54:25.034+0200,dw08,028E,123,1762,142,535,1679,2.53,22277
ground-height-0m-20260825-163632,d018m_r270_run01.csv,0,18,270,dw00;dw01;dw02;dw03;dw04;dw05;dw06;dw07;dw08,dw00;dw01;dw02;dw03;dw04;dw05;dw06;dw07;dw08,,15,1,2026-08-28T06:54:25.044+0200,dw00,8103,181,1762,-135,1424,1037,-3.18,32257
ground-height-0m-20260825-163632,d018m_r270_run01.csv,0,18,270,dw00;dw01;dw02;dw03;dw04;dw05;dw06;dw07;dw08,dw00;dw01;dw02;dw03;dw04;dw05;dw06;dw07;dw08,,55,1,2026-08-28T06:54:25.064+0200,dw02,8FB0,25,1759,-93,1759,0,3.33,52368
ground-height-0m-20260825-163632,d018m_r270_run01.csv,0,18,270,dw00;dw01;dw02;dw03;dw04;dw05;dw06;dw07;dw08,dw00;dw01;dw02;dw03;dw04;dw05;dw06;dw07;dw08,,90,1,2026-08-28T06:54:25.074+0200,dw04,0F85,177,1756,11,-882,1519,-3.12,62255
ground-height-0m-20260825-163632,d018m_r270_run01.csv,0,18,270,dw00;dw01;dw02;dw03;dw04;dw05;dw06;dw07;dw08,dw00;dw01;dw02;dw03;dw04;dw05;dw06;dw07;dw08,,105,1,2026-08-28T06:54:25.084+0200,dw05,4B92,189,1755,49,-464,1693,-3.81,72265
ground-height-0m-20260825-163632,d018m_r270_run01.csv,0,18,270,dw00;dw01;dw02;dw03;dw04;dw05;dw06;dw07;dw08,dw00;dw01;dw02;dw03;dw04;dw05;dw06;dw07;dw08,,125,1,2026-08-28T06:54:25.095+0200,dw06,0789,254,1766,89,-41,1765,4.02,82397
ground-height-0m-20260825-163632,d018m_r270_run01.csv,0,18,270,dw00;dw01;dw02;dw03;dw04;dw05;dw06;dw07;dw08,dw00;dw01;dw02;dw03;dw04;dw05;dw06;dw07;dw08,,75,1,2026-08-28T06:54:25.225+0200,dw03,021B,160,1750,-32,-1352,1111,2.77,12268
ground-height-0m-20260825-163632,d018m_r270_run01.csv,0,18,270,dw00;dw01;dw02;dw03;dw04;dw05;dw06;dw07;dw08,dw00;dw01;dw02;dw03;dw04;dw05;dw06;dw07;dw08,,165,1,2026-08-28T06:54:25.234+0200,dw08,028E,124,1758,147,589,1656,2.26,22277
ground-height-0m-20260825-163632,d018m_r270_run01.csv,0,18,270,dw00;dw01;dw02;dw03;dw04;dw05;dw06;dw07;dw08,dw00;dw01;dw02;dw03;dw04;dw05;dw06;dw07;dw08,,15,1,2026-08-28T06:54:25.244+0200,dw00,8103,182,1765,-147,1303,1190,-3.18,32257
ground-height-0m-20260825-163632,d018m_r270_run01.csv,0,18,270,dw00;dw01;dw02;dw03;dw04;dw05;dw06;dw07;dw08,dw00;dw01;dw02;dw03;dw04;dw05;dw06;dw07;dw08,,55,1,2026-08-28T06:54:25.265+0200,dw02,8FB0,26,1756,-95,1756,0,3.33,52368
ground-height-0m-20260825-163632,d018m_r270_run01.csv,0,18,270,dw00;dw01;dw02;dw03;dw04;dw05;dw06;dw07;dw08,dw00;dw01;dw02;dw03;dw04;dw05;dw06;dw07;dw08,,90,1,2026-08-28T06:54:25.274+0200,dw04,0F85,178,1758,9,-898,1511,-3.12,62255
ground-height-0m-20260825-163632,d018m_r270_run01.csv,0,18,270,dw00;dw01;dw02;dw03;dw04;dw05;dw06;dw07;dw08,dw00;dw01;dw02;dw03;dw04;dw05;dw06;dw07;dw08,,105,1,2026-08-28T06:54:25.284+0200,dw05,4B92,190,1754,55,-407,1706,-3.75,72265
ground-height-0m-20260825-163632,d018m_r270_run01.csv,0,18,270,dw00;dw01;dw02;dw03;dw04;dw05;dw06;dw07;dw08,dw00;dw01;dw02;dw03;dw04;dw05;dw06;dw07;dw08,,125,1,2026-08-28T06:54:25.294+0200,dw06,0789,255,1760,97,53,1759,3.84,82275
ground-height-0m-20260825-163632,d018m_r270_run01.csv,0,18,270,dw00;dw01;dw02;dw03;dw04;dw05;dw06;dw07;dw08,dw00;dw01;dw02;dw03;dw04;dw05;dw06;dw07;dw08,,75,1,2026-08-28T06:54:25.424+0200,dw03,021B,161,1751,-38,-1413,1034,2.71,12268
ground-height-0m-20260825-163632,d018m_r270_run01.csv,0,18,270,dw00;dw01;dw02;dw03;dw04;dw05;dw06;dw07;dw08,dw00;dw01;dw02;dw03;dw04;dw05;dw06;dw07;dw08,,165,1,2026-08-28T06:54:25.435+0200,dw08,028E,125,1756,143,547,1669,2.59,22308
ground-height-0m-20260825-163632,d018m_r270_run01.csv,0,18,270,dw00;dw01;dw02;dw03;dw04;dw05;dw06;dw07;dw08,dw00;dw01;dw02;dw03;dw04;dw05;dw06;dw07;dw08,,15,1,2026-08-28T06:54:25.444+0200,dw00,8103,183,1763,-149,1277,1216,-3.18,32257
ground-height-0m-20260825-163632,d018m_r270_run01.csv,0,18,270,dw00;dw01;dw02;dw03;dw04;dw05;dw06;dw07;dw08,dw00;dw01;dw02;dw03;dw04;dw05;dw06;dw07;dw08,,55,1,2026-08-28T06:54:25.464+0200,dw02,8FB0,27,1762,-96,1761,0,3.27,52398
ground-height-0m-20260825-163632,d018m_r270_run01.csv,0,18,270,dw00;dw01;dw02;dw03;dw04;dw05;dw06;dw07;dw08,dw00;dw01;dw02;dw03;dw04;dw05;dw06;dw07;dw08,,90,1,2026-08-28T06:54:25.475+0200,dw04,0F85,179,1759,5,-946,1482,-3.12,62255
ground-height-0m-20260825-163632,d018m_r270_run01.csv,0,18,270,dw00;dw01;dw02;dw03;dw04;dw05;dw06;dw07;dw08,dw00;dw01;dw02;dw03;dw04;dw05;dw06;dw07;dw08,,105,1,2026-08-28T06:54:25.484+0200,dw05,4B92,191,1754,47,-485,1686,-3.75,72296
ground-height-0m-20260825-163632,d018m_r270_run01.csv,0,18,270,dw00;dw01;dw02;dw03;dw04;dw05;dw06;dw07;dw08,dw00;dw01;dw02;dw03;dw04;dw05;dw06;dw07;dw08,,125,1,2026-08-28T06:54:25.494+0200,dw06,0789,0,1763,92,-9,1763,4.08,82305
ground-height-0m-20260825-163632,d018m_r270_run01.csv,0,18,270,dw00;dw01;dw02;dw03;dw04;dw05;dw06;dw07;dw08,dw00;dw01;dw02;dw03;dw04;dw05;dw06;dw07;dw08,,75,1,2026-08-28T06:54:25.624+0200,dw03,021B,162,1750,-25,-1280,1194,2.77,12268
ground-height-0m-20260825-163632,d018m_r270_run01.csv,0,18,270,dw00;dw01;dw02;dw03;dw04;dw05;dw06;dw07;dw08,dw00;dw01;dw02;dw03;dw04;dw05;dw06;dw07;dw08,,165,1,2026-08-28T06:54:25.634+0200,dw08,028E,126,1758,145,568,1664,2.32,22277
ground-height-0m-20260825-163632,d018m_r270_run01.csv,0,18,270,dw00;dw01;dw02;dw03;dw04;dw05;dw06;dw07;dw08,dw00;dw01;dw02;dw03;dw04;dw05;dw06;dw07;dw08,,15,1,2026-08-28T06:54:25.644+0200,dw00,8103,184,1762,-138,1392,1080,-3.18,32257
ground-height-0m-20260825-163632,d018m_r270_run01.csv,0,18,270,dw00;dw01;dw02;dw03;dw04;dw05;dw06;dw07;dw08,dw00;dw01;dw02;dw03;dw04;dw05;dw06;dw07;dw08,,55,1,2026-08-28T06:54:25.664+0200,dw02,8FB0,28,1755,-94,1755,0,3.33,52398
ground-height-0m-20260825-163632,d018m_r270_run01.csv,0,18,270,dw00;dw01;dw02;dw03;dw04;dw05;dw06;dw07;dw08,dw00;dw01;dw02;dw03;dw04;dw05;dw06;dw07;dw08,,90,1,2026-08-28T06:54:25.674+0200,dw04,0F85,180,1761,3,-971,1468,-3.18,62255
ground-height-0m-20260825-163632,d018m_r270_run01.csv,0,18,270,dw00;dw01;dw02;dw03;dw04;dw05;dw06;dw07;dw08,dw00;dw01;dw02;dw03;dw04;dw05;dw06;dw07;dw08,,105,1,2026-08-28T06:54:25.684+0200,dw05,4B92,192,1756,52,-437,1700,-3.69,72265
ground-height-0m-20260825-163632,d018m_r270_run01.csv,0,18,270,dw00;dw01;dw02;dw03;dw04;dw05;dw06;dw07;dw08,dw00;dw01;dw02;dw03;dw04;dw05;dw06;dw07;dw08,,125,1,2026-08-28T06:54:25.694+0200,dw06,0789,1,1761,98,58,1760,4.02,82275
ground-height-0m-20260825-163632,d018m_r270_run01.csv,0,18,270,dw00;dw01;dw02;dw03;dw04;dw05;dw06;dw07;dw08,dw00;dw01;dw02;dw03;dw04;dw05;dw06;dw07;dw08,,75,1,2026-08-28T06:54:25.824+0200,dw03,021B,163,1746,-45,-1485,918,2.83,12268
ground-height-0m-20260825-163632,d018m_r270_run01.csv,0,18,270,dw00;dw01;dw02;dw03;dw04;dw05;dw06;dw07;dw08,dw00;dw01;dw02;dw03;dw04;dw05;dw06;dw07;dw08,,165,1,2026-08-28T06:54:25.834+0200,dw08,028E,127,1762,121,313,1734,2.44,22277
ground-height-0m-20260825-163632,d018m_r270_run01.csv,0,18,270,dw00;dw01;dw02;dw03;dw04;dw05;dw06;dw07;dw08,dw00;dw01;dw02;dw03;dw04;dw05;dw06;dw07;dw08,,15,1,2026-08-28T06:54:25.844+0200,dw00,8103,185,1763,-164,1112,1368,-3.09,32287
ground-height-0m-20260825-163632,d018m_r270_run01.csv,0,18,270,dw00;dw01;dw02;dw03;dw04;dw05;dw06;dw07;dw08,dw00;dw01;dw02;dw03;dw04;dw05;dw06;dw07;dw08,,55,1,2026-08-28T06:54:25.864+0200,dw02,8FB0,29,1756,-99,1756,0,3.27,52368
ground-height-0m-20260825-163632,d018m_r270_run01.csv,0,18,270,dw00;dw01;dw02;dw03;dw04;dw05;dw06;dw07;dw08,dw00;dw01;dw02;dw03;dw04;dw05;dw06;dw07;dw08,,90,1,2026-08-28T06:54:25.874+0200,dw04,0F85,181,1757,13,-854,1535,-3.09,62255
ground-height-0m-20260825-163632,d018m_r270_run01.csv,0,18,270,dw00;dw01;dw02;dw03;dw04;dw05;dw06;dw07;dw08,dw00;dw01;dw02;dw03;dw04;dw05;dw06;dw07;dw08,,105,1,2026-08-28T06:54:25.884+0200,dw05,4B92,193,1758,46,-501,1685,-3.81,72265
ground-height-0m-20260825-163632,d018m_r270_run01.csv,0,18,270,dw00;dw01;dw02;dw03;dw04;dw05;dw06;dw07;dw08,dw00;dw01;dw02;dw03;dw04;dw05;dw06;dw07;dw08,,125,1,2026-08-28T06:54:25.894+0200,dw06,0789,2,1760,97,54,1759,4.14,82275
ground-height-0m-20260825-163632,d018m_r270_run01.csv,0,18,270,dw00;dw01;dw02;dw03;dw04;dw05;dw06;dw07;dw08,dw00;dw01;dw02;dw03;dw04;dw05;dw06;dw07;dw08,,75,1,2026-08-28T06:54:26.024+0200,dw03,021B,164,1751,-38,-1422,1020,2.83,2147483
ground-height-0m-20260825-163632,d018m_r270_run01.csv,0,18,270,dw00;dw01;dw02;dw03;dw04;dw05;dw06;dw07;dw08,dw00;dw01;dw02;dw03;dw04;dw05;dw06;dw07;dw08,,165,1,2026-08-28T06:54:26.034+0200,dw08,028E,128,1761,136,477,1695,2.38,2147483
ground-height-0m-20260825-163632,d018m_r270_run01.csv,0,18,270,dw00;dw01;dw02;dw03;dw04;dw05;dw06;dw07;dw08,dw00;dw01;dw02;dw03;dw04;dw05;dw06;dw07;dw08,,15,1,2026-08-28T06:54:26.044+0200,dw00,8103,186,1764,-151,1254,1240,-3.12,2147483
ground-height-0m-20260825-163632,d018m_r270_run01.csv,0,18,270,dw00;dw01;dw02;dw03;dw04;dw05;dw06;dw07;dw08,dw00;dw01;dw02;dw03;dw04;dw05;dw06;dw07;dw08,,55,1,2026-08-28T06:54:26.064+0200,dw02,8FB0,30,1760,-68,-1749,193,3.33,2147483
ground-height-0m-20260825-163632,d018m_r270_run01.csv,0,18,270,dw00;dw01;dw02;dw03;dw04;dw05;dw06;dw07;dw08,dw00;dw01;dw02;dw03;dw04;dw05;dw06;dw07;dw08,,90,1,2026-08-28T06:54:26.074+0200,dw04,0F85,182,1760,10,-895,1515,-3.12,2147483
ground-height-0m-20260825-163632,d018m_r270_run01.csv,0,18,270,dw00;dw01;dw02;dw03;dw04;dw05;dw06;dw07;dw08,dw00;dw01;dw02;dw03;dw04;dw05;dw06;dw07;dw08,,105,1,2026-08-28T06:54:26.084+0200,dw05,4B92,194,1757,49,-466,1694,-3.75,2147483
ground-height-0m-20260825-163632,d018m_r270_run01.csv,0,18,270,dw00;dw01;dw02;dw03;dw04;dw05;dw06;dw07;dw08,dw00;dw01;dw02;dw03;dw04;dw05;dw06;dw07;dw08,,125,1,2026-08-28T06:54:26.094+0200,dw06,0789,3,1759,86,-66,1757,4.02,2147483
ground-height-0m-20260825-163632,d018m_r270_run01.csv,0,18,270,dw00;dw01;dw02;dw03;dw04;dw05;dw06;dw07;dw08,dw00;dw01;dw02;dw03;dw04;dw05;dw06;dw07;dw08,,75,1,2026-08-28T06:54:26.242+0200,dw03,021B,165,1750,-49,-1534,842,2.83,30731
ground-height-0m-20260825-163632,d018m_r270_run01.csv,0,18,270,dw00;dw01;dw02;dw03;dw04;dw05;dw06;dw07;dw08,dw00;dw01;dw02;dw03;dw04;dw05;dw06;dw07;dw08,,165,1,2026-08-28T06:54:26.253+0200,dw08,028E,129,1764,139,505,1690,2.38,40802
ground-height-0m-20260825-163632,d018m_r270_run01.csv,0,18,270,dw00;dw01;dw02;dw03;dw04;dw05;dw06;dw07;dw08,dw00;dw01;dw02;dw03;dw04;dw05;dw06;dw07;dw08,,15,1,2026-08-28T06:54:26.263+0200,dw00,8103,187,1762,-150,1265,1227,-3.18,50781
ground-height-0m-20260825-163632,d018m_r270_run01.csv,0,18,270,dw00;dw01;dw02;dw03;dw04;dw05;dw06;dw07;dw08,dw00;dw01;dw02;dw03;dw04;dw05;dw06;dw07;dw08,,55,1,2026-08-28T06:54:26.283+0200,dw02,8FB0,31,1757,-88,1757,0,3.27,71258
ground-height-0m-20260825-163632,d018m_r270_run01.csv,0,18,270,dw00;dw01;dw02;dw03;dw04;dw05;dw06;dw07;dw08,dw00;dw01;dw02;dw03;dw04;dw05;dw06;dw07;dw08,,90,1,2026-08-28T06:54:26.293+0200,dw04,0F85,183,1755,6,-933,1487,-3.09,80810
ground-height-0m-20260825-163632,d018m_r270_run01.csv,0,18,270,dw00;dw01;dw02;dw03;dw04;dw05;dw06;dw07;dw08,dw00;dw01;dw02;dw03;dw04;dw05;dw06;dw07;dw08,,105,1,2026-08-28T06:54:26.303+0200,dw05,4B92,195,1754,55,-402,1707,-3.75,90759
ground-height-0m-20260825-163632,d018m_r270_run01.csv,0,18,270,dw00;dw01;dw02;dw03;dw04;dw05;dw06;dw07;dw08,dw00;dw01;dw02;dw03;dw04;dw05;dw06;dw07;dw08,,125,1,2026-08-28T06:54:26.312+0200,dw06,0789,4,1758,101,90,1756,4.02,885
ground-height-0m-20260825-163632,d018m_r270_run01.csv,0,18,270,dw00;dw01;dw02;dw03;dw04;dw05;dw06;dw07;dw08,dw00;dw01;dw02;dw03;dw04;dw05;dw06;dw07;dw08,,75,1,2026-08-28T06:54:26.424+0200,dw03,021B,166,1753,-31,-1345,1123,2.77,12298
ground-height-0m-20260825-163632,d018m_r270_run01.csv,0,18,270,dw00;dw01;dw02;dw03;dw04;dw05;dw06;dw07;dw08,dw00;dw01;dw02;dw03;dw04;dw05;dw06;dw07;dw08,,165,1,2026-08-28T06:54:26.435+0200,dw08,028E,130,1757,137,480,1690,2.32,22369
ground-height-0m-20260825-163632,d018m_r270_run01.csv,0,18,270,dw00;dw01;dw02;dw03;dw04;dw05;dw06;dw07;dw08,dw00;dw01;dw02;dw03;dw04;dw05;dw06;dw07;dw08,,15,1,2026-08-28T06:54:26.444+0200,dw00,8103,188,1764,-147,1295,1197,-3.12,32348
ground-height-0m-20260825-163632,d018m_r270_run01.csv,0,18,270,dw00;dw01;dw02;dw03;dw04;dw05;dw06;dw07;dw08,dw00;dw01;dw02;dw03;dw04;dw05;dw06;dw07;dw08,,55,1,2026-08-28T06:54:26.464+0200,dw02,8FB0,32,1752,-93,1752,0,3.21,52368
ground-height-0m-20260825-163632,d018m_r270_run01.csv,0,18,270,dw00;dw01;dw02;dw03;dw04;dw05;dw06;dw07;dw08,dw00;dw01;dw02;dw03;dw04;dw05;dw06;dw07;dw08,,90,1,2026-08-28T06:54:26.473+0200,dw04,0F85,184,1760,1,-986,1458,-3.12,62286
ground-height-0m-20260825-163632,d018m_r270_run01.csv,0,18,270,dw00;dw01;dw02;dw03;dw04;dw05;dw06;dw07;dw08,dw00;dw01;dw02;dw03;dw04;dw05;dw06;dw07;dw08,,105,1,2026-08-28T06:54:26.484+0200,dw05,4B92,196,1755,52,-439,1699,-3.75,72296
ground-height-0m-20260825-163632,d018m_r270_run01.csv,0,18,270,dw00;dw01;dw02;dw03;dw04;dw05;dw06;dw07;dw08,dw00;dw01;dw02;dw03;dw04;dw05;dw06;dw07;dw08,,125,1,2026-08-28T06:54:26.594+0200,dw06,0789,5,1757,96,34,1756,4.02,82366
ground-height-0m-20260825-163632,d018m_r270_run01.csv,0,18,270,dw00;dw01;dw02;dw03;dw04;dw05;dw06;dw07;dw08,dw00;dw01;dw02;dw03;dw04;dw05;dw06;dw07;dw08,,75,1,2026-08-28T06:54:26.624+0200,dw03,021B,167,1751,-29,-1325,1144,2.83,12268
ground-height-0m-20260825-163632,d018m_r270_run01.csv,0,18,270,dw00;dw01;dw02;dw03;dw04;dw05;dw06;dw07;dw08,dw00;dw01;dw02;dw03;dw04;dw05;dw06;dw07;dw08,,165,1,2026-08-28T06:54:26.634+0200,dw08,028E,131,1762,136,473,1698,2.38,22277
ground-height-0m-20260825-163632,d018m_r270_run01.csv,0,18,270,dw00;dw01;dw02;dw03;dw04;dw05;dw06;dw07;dw08,dw00;dw01;dw02;dw03;dw04;dw05;dw06;dw07;dw08,,15,1,2026-08-28T06:54:26.643+0200,dw00,8103,189,1764,-153,1233,1262,-3.09,32257
ground-height-0m-20260825-163632,d018m_r270_run01.csv,0,18,270,dw00;dw01;dw02;dw03;dw04;dw05;dw06;dw07;dw08,dw00;dw01;dw02;dw03;dw04;dw05;dw06;dw07;dw08,,55,1,2026-08-28T06:54:26.664+0200,dw02,8FB0,33,1756,-89,1756,0,3.21,52398
ground-height-0m-20260825-163632,d018m_r270_run01.csv,0,18,270,dw00;dw01;dw02;dw03;dw04;dw05;dw06;dw07;dw08,dw00;dw01;dw02;dw03;dw04;dw05;dw06;dw07;dw08,,90,1,2026-08-28T06:54:26.674+0200,dw04,0F85,185,1760,10,-888,1519,-3.09,62255
ground-height-0m-20260825-163632,d018m_r270_run01.csv,0,18,270,dw00;dw01;dw02;dw03;dw04;dw05;dw06;dw07;dw08,dw00;dw01;dw02;dw03;dw04;dw05;dw06;dw07;dw08,,105,1,2026-08-28T06:54:26.683+0200,dw05,4B92,197,1759,45,-511,1683,-3.69,72296
ground-height-0m-20260825-163632,d018m_r270_run01.csv,0,18,270,dw00;dw01;dw02;dw03;dw04;dw05;dw06;dw07;dw08,dw00;dw01;dw02;dw03;dw04;dw05;dw06;dw07;dw08,,125,1,2026-08-28T06:54:26.794+0200,dw06,0789,6,1761,95,26,1761,4.02,82336
ground-height-0m-20260825-163632,d018m_r270_run01.csv,0,18,270,dw00;dw01;dw02;dw03;dw04;dw05;dw06;dw07;dw08,dw00;dw01;dw02;dw03;dw04;dw05;dw06;dw07;dw08,,75,1,2026-08-28T06:54:26.824+0200,dw03,021B,168,1750,-38,-1419,1023,2.95,12268
ground-height-0m-20260825-163632,d018m_r270_run01.csv,0,18,270,dw00;dw01;dw02;dw03;dw04;dw05;dw06;dw07;dw08,dw00;dw01;dw02;dw03;dw04;dw05;dw06;dw07;dw08,,165,1,2026-08-28T06:54:26.834+0200,dw08,028E,132,1759,131,413,1709,2.44,22277
ground-height-0m-20260825-163632,d018m_r270_run01.csv,0,18,270,dw00;dw01;dw02;dw03;dw04;dw05;dw06;dw07;dw08,dw00;dw01;dw02;dw03;dw04;dw05;dw06;dw07;dw08,,15,1,2026-08-28T06:54:26.844+0200,dw00,8103,190,1764,-161,1152,1336,-3.18,32257
ground-height-0m-20260825-163632,d018m_r270_run01.csv,0,18,270,dw00;dw01;dw02;dw03;dw04;dw05;dw06;dw07;dw08,dw00;dw01;dw02;dw03;dw04;dw05;dw06;dw07;dw08,,55,1,2026-08-28T06:54:26.864+0200,dw02,8FB0,34,1752,-89,1752,0,3.21,52368
ground-height-0m-20260825-163632,d018m_r270_run01.csv,0,18,270,dw00;dw01;dw02;dw03;dw04;dw05;dw06;dw07;dw08,dw00;dw01;dw02;dw03;dw04;dw05;dw06;dw07;dw08,,90,1,2026-08-28T06:54:26.874+0200,dw04,0F85,186,1758,4,-952,1478,-3.09,62255
ground-height-0m-20260825-163632,d018m_r270_run01.csv,0,18,270,dw00;dw01;dw02;dw03;dw04;dw05;dw06;dw07;dw08,dw00;dw01;dw02;dw03;dw04;dw05;dw06;dw07;dw08,,105,1,2026-08-28T06:54:26.884+0200,dw05,4B92,198,1758,61,-343,1724,-3.75,72235
ground-height-0m-20260825-163632,d018m_r270_run01.csv,0,18,270,dw00;dw01;dw02;dw03;dw04;dw05;dw06;dw07;dw08,dw00;dw01;dw02;dw03;dw04;dw05;dw06;dw07;dw08,,125,1,2026-08-28T06:54:26.994+0200,dw06,0789,7,1757,98,58,1756,4.02,82305
ground-height-0m-20260825-163632,d018m_r270_run01.csv,0,18,270,dw00;dw01;dw02;dw03;dw04;dw05;dw06;dw07;dw08,dw00;dw01;dw02;dw03;dw04;dw05;dw06;dw07;dw08,,75,1,2026-08-28T06:54:27.023+0200,dw03,021B,169,1749,-45,-1496,906,2.89,12268
ground-height-0m-20260825-163632,d018m_r270_run01.csv,0,18,270,dw00;dw01;dw02;dw03;dw04;dw05;dw06;dw07;dw08,dw00;dw01;dw02;dw03;dw04;dw05;dw06;dw07;dw08,,165,1,2026-08-28T06:54:27.034+0200,dw08,028E,133,1760,126,369,1721,2.50,22277
ground-height-0m-20260825-163632,d018m_r270_run01.csv,0,18,270,dw00;dw01;dw02;dw03;dw04;dw05;dw06;dw07;dw08,dw00;dw01;dw02;dw03;dw04;dw05;dw06;dw07;dw08,,55,1,2026-08-28T06:54:27.063+0200,dw02,8FB0,35,1757,-78,-1757,0,3.27,52398
ground-height-0m-20260825-163632,d018m_r270_run01.csv,0,18,270,dw00;dw01;dw02;dw03;dw04;dw05;dw06;dw07;dw08,dw00;dw01;dw02;dw03;dw04;dw05;dw06;dw07;dw08,,90,1,2026-08-28T06:54:27.074+0200,dw04,0F85,187,1760,7,-922,1498,-3.12,62255
ground-height-0m-20260825-163632,d018m_r270_run01.csv,0,18,270,dw00;dw01;dw02;dw03;dw04;dw05;dw06;dw07;dw08,dw00;dw01;dw02;dw03;dw04;dw05;dw06;dw07;dw08,,105,1,2026-08-28T06:54:27.084+0200,dw05,4B92,199,1756,51,-442,1699,-3.66,72265
ground-height-0m-20260825-163632,d018m_r270_run01.csv,0,18,270,dw00;dw01;dw02;dw03;dw04;dw05;dw06;dw07;dw08,dw00;dw01;dw02;dw03;dw04;dw05;dw06;dw07;dw08,,125,1,2026-08-28T06:54:27.193+0200,dw06,0789,8,1758,92,0,1758,4.02,82275
ground-height-0m-20260825-163632,d018m_r270_run01.csv,0,18,270,dw00;dw01;dw02;dw03;dw04;dw05;dw06;dw07;dw08,dw00;dw01;dw02;dw03;dw04;dw05;dw06;dw07;dw08,,75,1,2026-08-28T06:54:27.223+0200,dw03,021B,170,1750,-39,-1427,1013,2.83,12268
ground-height-0m-20260825-163632,d018m_r270_run01.csv,0,18,270,dw00;dw01;dw02;dw03;dw04;dw05;dw06;dw07;dw08,dw00;dw01;dw02;dw03;dw04;dw05;dw06;dw07;dw08,,165,1,2026-08-28T06:54:27.233+0200,dw08,028E,134,1762,142,538,1677,2.38,22277
ground-height-0m-20260825-163632,d018m_r270_run01.csv,0,18,270,dw00;dw01;dw02;dw03;dw04;dw05;dw06;dw07;dw08,dw00;dw01;dw02;dw03;dw04;dw05;dw06;dw07;dw08,,15,1,2026-08-28T06:54:27.259+0200,dw00,8103,192,1764,-131,1467,979,-2.98,48004
ground-height-0m-20260825-163632,d018m_r270_run01.csv,0,18,270,dw00;dw01;dw02;dw03;dw04;dw05;dw06;dw07;dw08,dw00;dw01;dw02;dw03;dw04;dw05;dw06;dw07;dw08,,90,1,2026-08-28T06:54:27.273+0200,dw04,0F85,188,1759,19,-790,1572,-3.12,62286
ground-height-0m-20260825-163632,d018m_r270_run01.csv,0,18,270,dw00;dw01;dw02;dw03;dw04;dw05;dw06;dw07;dw08,dw00;dw01;dw02;dw03;dw04;dw05;dw06;dw07;dw08,,105,1,2026-08-28T06:54:27.284+0200,dw05,4B92,200,1755,43,-528,1673,-3.66,72265
ground-height-0m-20260825-163632,d018m_r270_run01.csv,0,18,270,dw00;dw01;dw02;dw03;dw04;dw05;dw06;dw07;dw08,dw00;dw01;dw02;dw03;dw04;dw05;dw06;dw07;dw08,,125,1,2026-08-28T06:54:27.393+0200,dw06,0789,9,1758,104,121,1754,4.08,82244
ground-height-0m-20260825-163632,d018m_r270_run01.csv,0,18,270,dw00;dw01;dw02;dw03;dw04;dw05;dw06;dw07;dw08,dw00;dw01;dw02;dw03;dw04;dw05;dw06;dw07;dw08,,75,1,2026-08-28T06:54:27.424+0200,dw03,021B,171,1750,-31,-1344,1121,2.83,12268
ground-height-0m-20260825-163632,d018m_r270_run01.csv,0,18,270,dw00;dw01;dw02;dw03;dw04;dw05;dw06;dw07;dw08,dw00;dw01;dw02;dw03;dw04;dw05;dw06;dw07;dw08,,165,1,2026-08-28T06:54:27.433+0200,dw08,028E,135,1757,132,427,1705,2.38,22338
ground-height-0m-20260825-163632,d018m_r270_run01.csv,0,18,270,dw00;dw01;dw02;dw03;dw04;dw05;dw06;dw07;dw08,dw00;dw01;dw02;dw03;dw04;dw05;dw06;dw07;dw08,,15,1,2026-08-28T06:54:27.443+0200,dw00,8103,193,1762,-136,1418,1044,-3.24,32318
ground-height-0m-20260825-163632,d018m_r270_run01.csv,0,18,270,dw00;dw01;dw02;dw03;dw04;dw05;dw06;dw07;dw08,dw00;dw01;dw02;dw03;dw04;dw05;dw06;dw07;dw08,,90,1,2026-08-28T06:54:27.473+0200,dw04,0F85,189,1758,9,-904,1508,-3.18,62255
ground-height-0m-20260825-163632,d018m_r270_run01.csv,0,18,270,dw00;dw01;dw02;dw03;dw04;dw05;dw06;dw07;dw08,dw00;dw01;dw02;dw03;dw04;dw05;dw06;dw07;dw08,,55,1,2026-08-28T06:54:27.479+0200,dw02,8FB0,37,1754,-87,1753,0,3.33,68450
ground-height-0m-20260825-163632,d018m_r270_run01.csv,0,18,270,dw00;dw01;dw02;dw03;dw04;dw05;dw06;dw07;dw08,dw00;dw01;dw02;dw03;dw04;dw05;dw06;dw07;dw08,,125,1,2026-08-28T06:54:27.593+0200,dw06,0789,10,1761,88,-50,1760,4.14,82366
ground-height-0m-20260825-163632,d018m_r270_run01.csv,0,18,270,dw00;dw01;dw02;dw03;dw04;dw05;dw06;dw07;dw08,dw00;dw01;dw02;dw03;dw04;dw05;dw06;dw07;dw08,,75,1,2026-08-28T06:54:27.624+0200,dw03,021B,172,1751,-38,-1420,1023,2.83,12298
ground-height-0m-20260825-163632,d018m_r270_run01.csv,0,18,270,dw00;dw01;dw02;dw03;dw04;dw05;dw06;dw07;dw08,dw00;dw01;dw02;dw03;dw04;dw05;dw06;dw07;dw08,,165,1,2026-08-28T06:54:27.633+0200,dw08,028E,136,1756,141,530,1674,2.38,22277
ground-height-0m-20260825-163632,d018m_r270_run01.csv,0,18,270,dw00;dw01;dw02;dw03;dw04;dw05;dw06;dw07;dw08,dw00;dw01;dw02;dw03;dw04;dw05;dw06;dw07;dw08,,15,1,2026-08-28T06:54:27.643+0200,dw00,8103,194,1765,-150,1265,1230,-3.18,32287
ground-height-0m-20260825-163632,d018m_r270_run01.csv,0,18,270,dw00;dw01;dw02;dw03;dw04;dw05;dw06;dw07;dw08,dw00;dw01;dw02;dw03;dw04;dw05;dw06;dw07;dw08,,55,1,2026-08-28T06:54:27.664+0200,dw02,8FB0,38,1753,-87,1753,0,3.15,52398
ground-height-0m-20260825-163632,d018m_r270_run01.csv,0,18,270,dw00;dw01;dw02;dw03;dw04;dw05;dw06;dw07;dw08,dw00;dw01;dw02;dw03;dw04;dw05;dw06;dw07;dw08,,90,1,2026-08-28T06:54:27.673+0200,dw04,0F85,190,1760,13,-863,1534,-3.12,62255
ground-height-0m-20260825-163632,d018m_r270_run01.csv,0,18,270,dw00;dw01;dw02;dw03;dw04;dw05;dw06;dw07;dw08,dw00;dw01;dw02;dw03;dw04;dw05;dw06;dw07;dw08,,105,1,2026-08-28T06:54:27.699+0200,dw05,4B92,202,1756,59,-359,1719,-3.54,87921
ground-height-0m-20260825-163632,d018m_r270_run01.csv,0,18,270,dw00;dw01;dw02;dw03;dw04;dw05;dw06;dw07;dw08,dw00;dw01;dw02;dw03;dw04;dw05;dw06;dw07;dw08,,125,1,2026-08-28T06:54:27.794+0200,dw06,0789,11,1762,101,98,1760,4.02,82336
ground-height-0m-20260825-163632,d018m_r270_run01.csv,0,18,270,dw00;dw01;dw02;dw03;dw04;dw05;dw06;dw07;dw08,dw00;dw01;dw02;dw03;dw04;dw05;dw06;dw07;dw08,,75,1,2026-08-28T06:54:27.823+0200,dw03,021B,173,1753,-26,-1293,1182,2.77,12268
ground-height-0m-20260825-163632,d018m_r270_run01.csv,0,18,270,dw00;dw01;dw02;dw03;dw04;dw05;dw06;dw07;dw08,dw00;dw01;dw02;dw03;dw04;dw05;dw06;dw07;dw08,,165,1,2026-08-28T06:54:27.834+0200,dw08,028E,137,1759,131,419,1708,2.53,22277
ground-height-0m-20260825-163632,d018m_r270_run01.csv,0,18,270,dw00;dw01;dw02;dw03;dw04;dw05;dw06;dw07;dw08,dw00;dw01;dw02;dw03;dw04;dw05;dw06;dw07;dw08,,15,1,2026-08-28T06:54:27.843+0200,dw00,8103,195,1758,-167,1079,1388,-3.18,32257
ground-height-0m-20260825-163632,d018m_r270_run01.csv,0,18,270,dw00;dw01;dw02;dw03;dw04;dw05;dw06;dw07;dw08,dw00;dw01;dw02;dw03;dw04;dw05;dw06;dw07;dw08,,55,1,2026-08-28T06:54:27.863+0200,dw02,8FB0,39,1756,-92,1756,0,3.21,52398
ground-height-0m-20260825-163632,d018m_r270_run01.csv,0,18,270,dw00;dw01;dw02;dw03;dw04;dw05;dw06;dw07;dw08,dw00;dw01;dw02;dw03;dw04;dw05;dw06;dw07;dw08,,90,1,2026-08-28T06:54:27.874+0200,dw04,0F85,191,1759,13,-863,1532,-3.03,62255
ground-height-0m-20260825-163632,d018m_r270_run01.csv,0,18,270,dw00;dw01;dw02;dw03;dw04;dw05;dw06;dw07;dw08,dw00;dw01;dw02;dw03;dw04;dw05;dw06;dw07;dw08,,105,1,2026-08-28T06:54:27.883+0200,dw05,4B92,203,1756,60,-351,1721,-3.81,72326
ground-height-0m-20260825-163632,d018m_r270_run01.csv,0,18,270,dw00;dw01;dw02;dw03;dw04;dw05;dw06;dw07;dw08,dw00;dw01;dw02;dw03;dw04;dw05;dw06;dw07;dw08,,125,1,2026-08-28T06:54:27.994+0200,dw06,0789,12,1754,104,130,1750,4.02,82305
ground-height-0m-20260825-163632,d018m_r270_run01.csv,0,18,270,dw00;dw01;dw02;dw03;dw04;dw05;dw06;dw07;dw08,dw00;dw01;dw02;dw03;dw04;dw05;dw06;dw07;dw08,,75,1,2026-08-28T06:54:28.023+0200,dw03,021B,174,1750,-27,-1302,1170,2.77,2147483
ground-height-0m-20260825-163632,d018m_r270_run01.csv,0,18,270,dw00;dw01;dw02;dw03;dw04;dw05;dw06;dw07;dw08,dw00;dw01;dw02;dw03;dw04;dw05;dw06;dw07;dw08,,165,1,2026-08-28T06:54:28.033+0200,dw08,028E,138,1761,139,502,1688,2.38,2147483
ground-height-0m-20260825-163632,d018m_r270_run01.csv,0,18,270,dw00;dw01;dw02;dw03;dw04;dw05;dw06;dw07;dw08,dw00;dw01;dw02;dw03;dw04;dw05;dw06;dw07;dw08,,15,1,2026-08-28T06:54:28.044+0200,dw00,8103,196,1761,-159,1171,1315,-3.18,2147483
ground-height-0m-20260825-163632,d018m_r270_run01.csv,0,18,270,dw00;dw01;dw02;dw03;dw04;dw05;dw06;dw07;dw08,dw00;dw01;dw02;dw03;dw04;dw05;dw06;dw07;dw08,,55,1,2026-08-28T06:54:28.063+0200,dw02,8FB0,40,1754,-96,1754,0,3.27,2147483
ground-height-0m-20260825-163632,d018m_r270_run01.csv,0,18,270,dw00;dw01;dw02;dw03;dw04;dw05;dw06;dw07;dw08,dw00;dw01;dw02;dw03;dw04;dw05;dw06;dw07;dw08,,90,1,2026-08-28T06:54:28.073+0200,dw04,0F85,192,1760,7,-928,1495,-3.12,2147483
ground-height-0m-20260825-163632,d018m_r270_run01.csv,0,18,270,dw00;dw01;dw02;dw03;dw04;dw05;dw06;dw07;dw08,dw00;dw01;dw02;dw03;dw04;dw05;dw06;dw07;dw08,,105,1,2026-08-28T06:54:28.084+0200,dw05,4B92,204,1755,52,-437,1699,-3.69,2147483
ground-height-0m-20260825-163632,d018m_r270_run01.csv,0,18,270,dw00;dw01;dw02;dw03;dw04;dw05;dw06;dw07;dw08,dw00;dw01;dw02;dw03;dw04;dw05;dw06;dw07;dw08,,125,1,2026-08-28T06:54:28.193+0200,dw06,0789,13,1762,96,38,1762,4.02,82275
ground-height-0m-20260825-163632,d018m_r270_run01.csv,0,18,270,dw00;dw01;dw02;dw03;dw04;dw05;dw06;dw07;dw08,dw00;dw01;dw02;dw03;dw04;dw05;dw06;dw07;dw08,,75,1,2026-08-28T06:54:28.242+0200,dw03,021B,175,1756,-32,-1358,1113,2.89,30700
ground-height-0m-20260825-163632,d018m_r270_run01.csv,0,18,270,dw00;dw01;dw02;dw03;dw04;dw05;dw06;dw07;dw08,dw00;dw01;dw02;dw03;dw04;dw05;dw06;dw07;dw08,,165,1,2026-08-28T06:54:28.252+0200,dw08,028E,139,1762,146,583,1662,2.26,40771
ground-height-0m-20260825-163632,d018m_r270_run01.csv,0,18,270,dw00;dw01;dw02;dw03;dw04;dw05;dw06;dw07;dw08,dw00;dw01;dw02;dw03;dw04;dw05;dw06;dw07;dw08,,15,1,2026-08-28T06:54:28.261+0200,dw00,8103,197,1760,-146,1308,1176,-3.09,50842
ground-height-0m-20260825-163632,d018m_r270_run01.csv,0,18,270,dw00;dw01;dw02;dw03;dw04;dw05;dw06;dw07;dw08,dw00;dw01;dw02;dw03;dw04;dw05;dw06;dw07;dw08,,55,1,2026-08-28T06:54:28.282+0200,dw02,8FB0,41,1757,-98,1757,0,3.33,71289
ground-height-0m-20260825-163632,d018m_r270_run01.csv,0,18,270,dw00;dw01;dw02;dw03;dw04;dw05;dw06;dw07;dw08,dw00;dw01;dw02;dw03;dw04;dw05;dw06;dw07;dw08,,90,1,2026-08-28T06:54:28.292+0200,dw04,0F85,193,1757,9,-899,1509,-3.09,80780
ground-height-0m-20260825-163632,d018m_r270_run01.csv,0,18,270,dw00;dw01;dw02;dw03;dw04;dw05;dw06;dw07;dw08,dw00;dw01;dw02;dw03;dw04;dw05;dw06;dw07;dw08,,105,1,2026-08-28T06:54:28.301+0200,dw05,4B92,205,1754,52,-433,1699,-3.75,90698
ground-height-0m-20260825-163632,d018m_r270_run01.csv,0,18,270,dw00;dw01;dw02;dw03;dw04;dw05;dw06;dw07;dw08,dw00;dw01;dw02;dw03;dw04;dw05;dw06;dw07;dw08,,125,1,2026-08-28T06:54:28.393+0200,dw06,0789,14,1762,98,62,1760,3.96,82275
ground-height-0m-20260825-163632,d018m_r270_run01.csv,0,18,270,dw00;dw01;dw02;dw03;dw04;dw05;dw06;dw07;dw08,dw00;dw01;dw02;dw03;dw04;dw05;dw06;dw07;dw08,,75,1,2026-08-28T06:54:28.423+0200,dw03,021B,176,1750,-24,-1266,1207,2.83,12298
ground-height-0m-20260825-163632,d018m_r270_run01.csv,0,18,270,dw00;dw01;dw02;dw03;dw04;dw05;dw06;dw07;dw08,dw00;dw01;dw02;dw03;dw04;dw05;dw06;dw07;dw08,,165,1,2026-08-28T06:54:28.433+0200,dw08,028E,140,1765,149,614,1654,2.38,22338
ground-height-0m-20260825-163632,d018m_r270_run01.csv,0,18,270,dw00;dw01;dw02;dw03;dw04;dw05;dw06;dw07;dw08,dw00;dw01;dw02;dw03;dw04;dw05;dw06;dw07;dw08,,15,1,2026-08-28T06:54:28.444+0200,dw00,8103,198,1762,-158,1174,1314,-3.09,32287
ground-height-0m-20260825-163632,d018m_r270_run01.csv,0,18,270,dw00;dw01;dw02;dw03;dw04;dw05;dw06;dw07;dw08,dw00;dw01;dw02;dw03;dw04;dw05;dw06;dw07;dw08,,145,1,2026-08-28T06:54:28.453+0200,dw07,5783,3,1756,124,342,1723,-4.55,2147483
ground-height-0m-20260825-163632,d018m_r270_run01.csv,0,18,270,dw00;dw01;dw02;dw03;dw04;dw05;dw06;dw07;dw08,dw00;dw01;dw02;dw03;dw04;dw05;dw06;dw07;dw08,,55,1,2026-08-28T06:54:28.463+0200,dw02,8FB0,42,1754,-91,1754,0,3.27,2147483
ground-height-0m-20260825-163632,d018m_r270_run01.csv,0,18,270,dw00;dw01;dw02;dw03;dw04;dw05;dw06;dw07;dw08,dw00;dw01;dw02;dw03;dw04;dw05;dw06;dw07;dw08,,90,1,2026-08-28T06:54:28.473+0200,dw04,0F85,194,1758,5,-947,1481,-3.03,2147483
ground-height-0m-20260825-163632,d018m_r270_run01.csv,0,18,270,dw00;dw01;dw02;dw03;dw04;dw05;dw06;dw07;dw08,dw00;dw01;dw02;dw03;dw04;dw05;dw06;dw07;dw08,,105,1,2026-08-28T06:54:28.483+0200,dw05,4B92,206,1755,47,-492,1685,-3.69,2147483
ground-height-0m-20260825-163632,d018m_r270_run01.csv,0,18,270,dw00;dw01;dw02;dw03;dw04;dw05;dw06;dw07;dw08,dw00;dw01;dw02;dw03;dw04;dw05;dw06;dw07;dw08,,125,1,2026-08-28T06:54:28.593+0200,dw06,0789,15,1756,105,138,1750,4.14,82336
ground-height-0m-20260825-163632,d018m_r270_run01.csv,0,18,270,dw00;dw01;dw02;dw03;dw04;dw05;dw06;dw07;dw08,dw00;dw01;dw02;dw03;dw04;dw05;dw06;dw07;dw08,,75,1,2026-08-28T06:54:28.623+0200,dw03,021B,177,1754,-33,-1363,1103,2.83,12268
ground-height-0m-20260825-163632,d018m_r270_run01.csv,0,18,270,dw00;dw01;dw02;dw03;dw04;dw05;dw06;dw07;dw08,dw00;dw01;dw02;dw03;dw04;dw05;dw06;dw07;dw08,,165,1,2026-08-28T06:54:28.633+0200,dw08,028E,141,1761,147,594,1657,2.50,22277
ground-height-0m-20260825-163632,d018m_r270_run01.csv,0,18,270,dw00;dw01;dw02;dw03;dw04;dw05;dw06;dw07;dw08,dw00;dw01;dw02;dw03;dw04;dw05;dw06;dw07;dw08,,15,1,2026-08-28T06:54:28.643+0200,dw00,8103,199,1763,-155,1214,1278,-3.09,32257
ground-height-0m-20260825-163632,d018m_r270_run01.csv,0,18,270,dw00;dw01;dw02;dw03;dw04;dw05;dw06;dw07;dw08,dw00;dw01;dw02;dw03;dw04;dw05;dw06;dw07;dw08,,55,1,2026-08-28T06:54:28.682+0200,dw02,8FB0,43,1756,-102,1756,0,3.21,71289
ground-height-0m-20260825-163632,d018m_r270_run01.csv,0,18,270,dw00;dw01;dw02;dw03;dw04;dw05;dw06;dw07;dw08,dw00;dw01;dw02;dw03;dw04;dw05;dw06;dw07;dw08,,90,1,2026-08-28T06:54:28.692+0200,dw04,0F85,195,1759,7,-924,1497,-2.98,80841
ground-height-0m-20260825-163632,d018m_r270_run01.csv,0,18,270,dw00;dw01;dw02;dw03;dw04;dw05;dw06;dw07;dw08,dw00;dw01;dw02;dw03;dw04;dw05;dw06;dw07;dw08,,105,1,2026-08-28T06:54:28.702+0200,dw05,4B92,207,1758,51,-444,1701,-3.66,90759
ground-height-0m-20260825-163632,d018m_r270_run01.csv,0,18,270,dw00;dw01;dw02;dw03;dw04;dw05;dw06;dw07;dw08,dw00;dw01;dw02;dw03;dw04;dw05;dw06;dw07;dw08,,125,1,2026-08-28T06:54:28.793+0200,dw06,0789,16,1760,100,81,1758,3.96,82275
ground-height-0m-20260825-163632,d018m_r270_run01.csv,0,18,270,dw00;dw01;dw02;dw03;dw04;dw05;dw06;dw07;dw08,dw00;dw01;dw02;dw03;dw04;dw05;dw06;dw07;dw08,,75,1,2026-08-28T06:54:28.823+0200,dw03,021B,178,1753,-34,-1373,1090,2.83,12268
ground-height-0m-20260825-163632,d018m_r270_run01.csv,0,18,270,dw00;dw01;dw02;dw03;dw04;dw05;dw06;dw07;dw08,dw00;dw01;dw02;dw03;dw04;dw05;dw06;dw07;dw08,,165,1,2026-08-28T06:54:28.832+0200,dw08,028E,142,1762,149,612,1652,2.50,22308
ground-height-0m-20260825-163632,d018m_r270_run01.csv,0,18,270,dw00;dw01;dw02;dw03;dw04;dw05;dw06;dw07;dw08,dw00;dw01;dw02;dw03;dw04;dw05;dw06;dw07;dw08,,15,1,2026-08-28T06:54:28.843+0200,dw00,8103,200,1764,-157,1190,1302,-3.18,32257
ground-height-0m-20260825-163632,d018m_r270_run01.csv,0,18,270,dw00;dw01;dw02;dw03;dw04;dw05;dw06;dw07;dw08,dw00;dw01;dw02;dw03;dw04;dw05;dw06;dw07;dw08,,55,1,2026-08-28T06:54:28.863+0200,dw02,8FB0,44,1759,-92,1759,0,3.33,52398
ground-height-0m-20260825-163632,d018m_r270_run01.csv,0,18,270,dw00;dw01;dw02;dw03;dw04;dw05;dw06;dw07;dw08,dw00;dw01;dw02;dw03;dw04;dw05;dw06;dw07;dw08,,90,1,2026-08-28T06:54:28.873+0200,dw04,0F85,196,1759,7,-926,1495,-3.09,62347
ground-height-0m-20260825-163632,d018m_r270_run01.csv,0,18,270,dw00;dw01;dw02;dw03;dw04;dw05;dw06;dw07;dw08,dw00;dw01;dw02;dw03;dw04;dw05;dw06;dw07;dw08,,105,1,2026-08-28T06:54:28.883+0200,dw05,4B92,208,1756,43,-534,1672,-3.69,72265
ground-height-0m-20260825-163632,d018m_r270_run01.csv,0,18,270,dw00;dw01;dw02;dw03;dw04;dw05;dw06;dw07;dw08,dw00;dw01;dw02;dw03;dw04;dw05;dw06;dw07;dw08,,125,1,2026-08-28T06:54:28.993+0200,dw06,0789,17,1757,94,22,1757,4.02,2147483
ground-height-0m-20260825-163632,d018m_r270_run01.csv,0,18,270,dw00;dw01;dw02;dw03;dw04;dw05;dw06;dw07;dw08,dw00;dw01;dw02;dw03;dw04;dw05;dw06;dw07;dw08,,75,1,2026-08-28T06:54:29.023+0200,dw03,021B,179,1753,-35,-1391,1066,2.89,12298
ground-height-0m-20260825-163632,d018m_r270_run01.csv,0,18,270,dw00;dw01;dw02;dw03;dw04;dw05;dw06;dw07;dw08,dw00;dw01;dw02;dw03;dw04;dw05;dw06;dw07;dw08,,165,1,2026-08-28T06:54:29.033+0200,dw08,028E,143,1754,146,577,1656,2.38,22247
ground-height-0m-20260825-163632,d018m_r270_run01.csv,0,18,270,dw00;dw01;dw02;dw03;dw04;dw05;dw06;dw07;dw08,dw00;dw01;dw02;dw03;dw04;dw05;dw06;dw07;dw08,,15,1,2026-08-28T06:54:29.042+0200,dw00,8103,201,1768,-157,1189,1308,-3.09,32257
ground-height-0m-20260825-163632,d018m_r270_run01.csv,0,18,270,dw00;dw01;dw02;dw03;dw04;dw05;dw06;dw07;dw08,dw00;dw01;dw02;dw03;dw04;dw05;dw06;dw07;dw08,,55,1,2026-08-28T06:54:29.063+0200,dw02,8FB0,45,1752,-96,1752,0,3.21,52368
ground-height-0m-20260825-163632,d018m_r270_run01.csv,0,18,270,dw00;dw01;dw02;dw03;dw04;dw05;dw06;dw07;dw08,dw00;dw01;dw02;dw03;dw04;dw05;dw06;dw07;dw08,,35,1,2026-08-28T06:54:29.069+0200,dw01,1729,6,1756,73,-210,1744,2.53,58410
ground-height-0m-20260825-163632,d018m_r270_run01.csv,0,18,270,dw00;dw01;dw02;dw03;dw04;dw05;dw06;dw07;dw08,dw00;dw01;dw02;dw03;dw04;dw05;dw06;dw07;dw08,,105,1,2026-08-28T06:54:29.083+0200,dw05,4B92,209,1754,49,-467,1690,-3.75,72296
ground-height-0m-20260825-163632,d018m_r270_run01.csv,0,18,270,dw00;dw01;dw02;dw03;dw04;dw05;dw06;dw07;dw08,dw00;dw01;dw02;dw03;dw04;dw05;dw06;dw07;dw08,,125,1,2026-08-28T06:54:29.211+0200,dw06,0789,18,1761,88,-50,1760,4.02,854
ground-height-0m-20260825-163632,d018m_r270_run01.csv,0,18,270,dw00;dw01;dw02;dw03;dw04;dw05;dw06;dw07;dw08,dw00;dw01;dw02;dw03;dw04;dw05;dw06;dw07;dw08,,75,1,2026-08-28T06:54:29.223+0200,dw03,021B,180,1750,-31,-1344,1120,2.83,12237
ground-height-0m-20260825-163632,d018m_r270_run01.csv,0,18,270,dw00;dw01;dw02;dw03;dw04;dw05;dw06;dw07;dw08,dw00;dw01;dw02;dw03;dw04;dw05;dw06;dw07;dw08,,165,1,2026-08-28T06:54:29.233+0200,dw08,028E,144,1762,128,383,1720,2.38,22308
ground-height-0m-20260825-163632,d018m_r270_run01.csv,0,18,270,dw00;dw01;dw02;dw03;dw04;dw05;dw06;dw07;dw08,dw00;dw01;dw02;dw03;dw04;dw05;dw06;dw07;dw08,,15,1,2026-08-28T06:54:29.243+0200,dw00,8103,202,1764,-151,1258,1236,-3.12,32257
ground-height-0m-20260825-163632,d018m_r270_run01.csv,0,18,270,dw00;dw01;dw02;dw03;dw04;dw05;dw06;dw07;dw08,dw00;dw01;dw02;dw03;dw04;dw05;dw06;dw07;dw08,,55,1,2026-08-28T06:54:29.263+0200,dw02,8FB0,46,1755,-84,-1756,0,3.33,52368
ground-height-0m-20260825-163632,d018m_r270_run01.csv,0,18,270,dw00;dw01;dw02;dw03;dw04;dw05;dw06;dw07;dw08,dw00;dw01;dw02;dw03;dw04;dw05;dw06;dw07;dw08,,105,1,2026-08-28T06:54:29.283+0200,dw05,4B92,210,1753,47,-487,1684,-3.66,72235
ground-height-0m-20260825-163632,d018m_r270_run01.csv,0,18,270,dw00;dw01;dw02;dw03;dw04;dw05;dw06;dw07;dw08,dw00;dw01;dw02;dw03;dw04;dw05;dw06;dw07;dw08,,90,1,2026-08-28T06:54:29.289+0200,dw04,0F85,198,1757,15,-839,1544,-2.98,77972
ground-height-0m-20260825-163632,d018m_r270_run01.csv,0,18,270,dw00;dw01;dw02;dw03;dw04;dw05;dw06;dw07;dw08,dw00;dw01;dw02;dw03;dw04;dw05;dw06;dw07;dw08,,75,1,2026-08-28T06:54:29.422+0200,dw03,021B,181,1749,-35,-1387,1065,2.77,12268
ground-height-0m-20260825-163632,d018m_r270_run01.csv,0,18,270,dw00;dw01;dw02;dw03;dw04;dw05;dw06;dw07;dw08,dw00;dw01;dw02;dw03;dw04;dw05;dw06;dw07;dw08,,165,1,2026-08-28T06:54:29.433+0200,dw08,028E,145,1762,123,329,1731,2.38,22277
ground-height-0m-20260825-163632,d018m_r270_run01.csv,0,18,270,dw00;dw01;dw02;dw03;dw04;dw05;dw06;dw07;dw08,dw00;dw01;dw02;dw03;dw04;dw05;dw06;dw07;dw08,,15,1,2026-08-28T06:54:29.443+0200,dw00,8103,203,1766,-142,1351,1137,-3.18,32257
ground-height-0m-20260825-163632,d018m_r270_run01.csv,0,18,270,dw00;dw01;dw02;dw03;dw04;dw05;dw06;dw07;dw08,dw00;dw01;dw02;dw03;dw04;dw05;dw06;dw07;dw08,,55,1,2026-08-28T06:54:29.464+0200,dw02,8FB0,47,1753,-93,1753,0,3.15,52398
ground-height-0m-20260825-163632,d018m_r270_run01.csv,0,18,270,dw00;dw01;dw02;dw03;dw04;dw05;dw06;dw07;dw08,dw00;dw01;dw02;dw03;dw04;dw05;dw06;dw07;dw08,,90,1,2026-08-28T06:54:29.473+0200,dw04,0F85,199,1757,10,-888,1516,-3.09,62316
ground-height-0m-20260825-163632,d018m_r270_run01.csv,0,18,270,dw00;dw01;dw02;dw03;dw04;dw05;dw06;dw07;dw08,dw00;dw01;dw02;dw03;dw04;dw05;dw06;dw07;dw08,,105,1,2026-08-28T06:54:29.483+0200,dw05,4B92,211,1756,50,-458,1695,-3.66,72265
ground-height-0m-20260825-163632,d018m_r270_run01.csv,0,18,270,dw00;dw01;dw02;dw03;dw04;dw05;dw06;dw07;dw08,dw00;dw01;dw02;dw03;dw04;dw05;dw06;dw07;dw08,,125,1,2026-08-28T06:54:29.493+0200,dw06,0789,19,1757,83,-101,1754,4.02,82336
ground-height-0m-20260825-163632,d018m_r270_run01.csv,0,18,270,dw00;dw01;dw02;dw03;dw04;dw05;dw06;dw07;dw08,dw00;dw01;dw02;dw03;dw04;dw05;dw06;dw07;dw08,,75,1,2026-08-28T06:54:29.622+0200,dw03,021B,182,1749,-34,-1370,1087,2.77,12298
ground-height-0m-20260825-163632,d018m_r270_run01.csv,0,18,270,dw00;dw01;dw02;dw03;dw04;dw05;dw06;dw07;dw08,dw00;dw01;dw02;dw03;dw04;dw05;dw06;dw07;dw08,,165,1,2026-08-28T06:54:29.632+0200,dw08,028E,146,1760,150,627,1644,2.50,22277
ground-height-0m-20260825-163632,d018m_r270_run01.csv,0,18,270,dw00;dw01;dw02;dw03;dw04;dw05;dw06;dw07;dw08,dw00;dw01;dw02;dw03;dw04;dw05;dw06;dw07;dw08,,15,1,2026-08-28T06:54:29.643+0200,dw00,8103,204,1759,-143,1335,1146,-3.12,32287
ground-height-0m-20260825-163632,d018m_r270_run01.csv,0,18,270,dw00;dw01;dw02;dw03;dw04;dw05;dw06;dw07;dw08,dw00;dw01;dw02;dw03;dw04;dw05;dw06;dw07;dw08,,55,1,2026-08-28T06:54:29.663+0200,dw02,8FB0,48,1756,-87,1756,0,3.15,52398
ground-height-0m-20260825-163632,d018m_r270_run01.csv,0,18,270,dw00;dw01;dw02;dw03;dw04;dw05;dw06;dw07;dw08,dw00;dw01;dw02;dw03;dw04;dw05;dw06;dw07;dw08,,90,1,2026-08-28T06:54:29.672+0200,dw04,0F85,200,1758,9,-899,1511,-3.18,62255
ground-height-0m-20260825-163632,d018m_r270_run01.csv,0,18,270,dw00;dw01;dw02;dw03;dw04;dw05;dw06;dw07;dw08,dw00;dw01;dw02;dw03;dw04;dw05;dw06;dw07;dw08,,105,1,2026-08-28T06:54:29.683+0200,dw05,4B92,212,1754,49,-467,1691,-3.66,72296
ground-height-0m-20260825-163632,d018m_r270_run01.csv,0,18,270,dw00;dw01;dw02;dw03;dw04;dw05;dw06;dw07;dw08,dw00;dw01;dw02;dw03;dw04;dw05;dw06;dw07;dw08,,125,1,2026-08-28T06:54:29.693+0200,dw06,0789,20,1757,93,1,1757,4.02,82275
ground-height-0m-20260825-163632,d018m_r270_run01.csv,0,18,270,dw00;dw01;dw02;dw03;dw04;dw05;dw06;dw07;dw08,dw00;dw01;dw02;dw03;dw04;dw05;dw06;dw07;dw08,,75,1,2026-08-28T06:54:29.823+0200,dw03,021B,183,1750,-36,-1398,1052,2.83,12268
ground-height-0m-20260825-163632,d018m_r270_run01.csv,0,18,270,dw00;dw01;dw02;dw03;dw04;dw05;dw06;dw07;dw08,dw00;dw01;dw02;dw03;dw04;dw05;dw06;dw07;dw08,,165,1,2026-08-28T06:54:29.832+0200,dw08,028E,147,1759,132,424,1707,2.38,22277
ground-height-0m-20260825-163632,d018m_r270_run01.csv,0,18,270,dw00;dw01;dw02;dw03;dw04;dw05;dw06;dw07;dw08,dw00;dw01;dw02;dw03;dw04;dw05;dw06;dw07;dw08,,15,1,2026-08-28T06:54:29.842+0200,dw00,8103,205,1762,-158,1173,1314,-3.18,32257
ground-height-0m-20260825-163632,d018m_r270_run01.csv,0,18,270,dw00;dw01;dw02;dw03;dw04;dw05;dw06;dw07;dw08,dw00;dw01;dw02;dw03;dw04;dw05;dw06;dw07;dw08,,55,1,2026-08-28T06:54:29.863+0200,dw02,8FB0,49,1756,-96,1756,0,3.21,52337
ground-height-0m-20260825-163632,d018m_r270_run01.csv,0,18,270,dw00;dw01;dw02;dw03;dw04;dw05;dw06;dw07;dw08,dw00;dw01;dw02;dw03;dw04;dw05;dw06;dw07;dw08,,90,1,2026-08-28T06:54:29.872+0200,dw04,0F85,201,1758,15,-835,1547,-3.09,62255
ground-height-0m-20260825-163632,d018m_r270_run01.csv,0,18,270,dw00;dw01;dw02;dw03;dw04;dw05;dw06;dw07;dw08,dw00;dw01;dw02;dw03;dw04;dw05;dw06;dw07;dw08,,105,1,2026-08-28T06:54:29.882+0200,dw05,4B92,213,1754,51,-451,1695,-3.75,72265
ground-height-0m-20260825-163632,d018m_r270_run01.csv,0,18,270,dw00;dw01;dw02;dw03;dw04;dw05;dw06;dw07;dw08,dw00;dw01;dw02;dw03;dw04;dw05;dw06;dw07;dw08,,125,1,2026-08-28T06:54:29.893+0200,dw06,0789,21,1757,98,64,1756,4.02,82305
ground-height-0m-20260825-163632,d018m_r270_run01.csv,0,18,270,dw00;dw01;dw02;dw03;dw04;dw05;dw06;dw07;dw08,dw00;dw01;dw02;dw03;dw04;dw05;dw06;dw07;dw08,,75,1,2026-08-28T06:54:30.023+0200,dw03,021B,184,1747,-29,-1322,1141,2.83,12268
ground-height-0m-20260825-163632,d018m_r270_run01.csv,0,18,270,dw00;dw01;dw02;dw03;dw04;dw05;dw06;dw07;dw08,dw00;dw01;dw02;dw03;dw04;dw05;dw06;dw07;dw08,,165,1,2026-08-28T06:54:30.033+0200,dw08,028E,148,1762,144,559,1671,2.38,22277
ground-height-0m-20260825-163632,d018m_r270_run01.csv,0,18,270,dw00;dw01;dw02;dw03;dw04;dw05;dw06;dw07;dw08,dw00;dw01;dw02;dw03;dw04;dw05;dw06;dw07;dw08,,15,1,2026-08-28T06:54:30.042+0200,dw00,8103,206,1769,-135,1434,1034,-3.09,32257
ground-height-0m-20260825-163632,d018m_r270_run01.csv,0,18,270,dw00;dw01;dw02;dw03;dw04;dw05;dw06;dw07;dw08,dw00;dw01;dw02;dw03;dw04;dw05;dw06;dw07;dw08,,55,1,2026-08-28T06:54:30.063+0200,dw02,8FB0,50,1755,-85,-1756,0,3.27,52368
ground-height-0m-20260825-163632,d018m_r270_run01.csv,0,18,270,dw00;dw01;dw02;dw03;dw04;dw05;dw06;dw07;dw08,dw00;dw01;dw02;dw03;dw04;dw05;dw06;dw07;dw08,,90,1,2026-08-28T06:54:30.073+0200,dw04,0F85,202,1756,6,-938,1484,-3.03,62255
ground-height-0m-20260825-163632,d018m_r270_run01.csv,0,18,270,dw00;dw01;dw02;dw03;dw04;dw05;dw06;dw07;dw08,dw00;dw01;dw02;dw03;dw04;dw05;dw06;dw07;dw08,,105,1,2026-08-28T06:54:30.082+0200,dw05,4B92,214,1755,58,-374,1715,-3.81,72265
ground-height-0m-20260825-163632,d018m_r270_run01.csv,0,18,270,dw00;dw01;dw02;dw03;dw04;dw05;dw06;dw07;dw08,dw00;dw01;dw02;dw03;dw04;dw05;dw06;dw07;dw08,,125,1,2026-08-28T06:54:30.092+0200,dw06,0789,22,1757,95,32,1757,4.02,82275
ground-height-0m-20260825-163632,d018m_r270_run01.csv,0,18,270,dw00;dw01;dw02;dw03;dw04;dw05;dw06;dw07;dw08,dw00;dw01;dw02;dw03;dw04;dw05;dw06;dw07;dw08,,75,1,2026-08-28T06:54:30.222+0200,dw03,021B,185,1747,-27,-1291,1177,2.71,12268
ground-height-0m-20260825-163632,d018m_r270_run01.csv,0,18,270,dw00;dw01;dw02;dw03;dw04;dw05;dw06;dw07;dw08,dw00;dw01;dw02;dw03;dw04;dw05;dw06;dw07;dw08,,165,1,2026-08-28T06:54:30.233+0200,dw08,028E,149,1755,131,420,1704,2.38,22277
ground-height-0m-20260825-163632,d018m_r270_run01.csv,0,18,270,dw00;dw01;dw02;dw03;dw04;dw05;dw06;dw07;dw08,dw00;dw01;dw02;dw03;dw04;dw05;dw06;dw07;dw08,,15,1,2026-08-28T06:54:30.243+0200,dw00,8103,207,1768,-162,1139,1352,-3.09,32257
ground-height-0m-20260825-163632,d018m_r270_run01.csv,0,18,270,dw00;dw01;dw02;dw03;dw04;dw05;dw06;dw07;dw08,dw00;dw01;dw02;dw03;dw04;dw05;dw06;dw07;dw08,,55,1,2026-08-28T06:54:30.262+0200,dw02,8FB0,51,1755,-85,-1756,0,3.27,52398
ground-height-0m-20260825-163632,d018m_r270_run01.csv,0,18,270,dw00;dw01;dw02;dw03;dw04;dw05;dw06;dw07;dw08,dw00;dw01;dw02;dw03;dw04;dw05;dw06;dw07;dw08,,90,1,2026-08-28T06:54:30.273+0200,dw04,0F85,203,1756,8,-913,1500,-3.12,62255
ground-height-0m-20260825-163632,d018m_r270_run01.csv,0,18,270,dw00;dw01;dw02;dw03;dw04;dw05;dw06;dw07;dw08,dw00;dw01;dw02;dw03;dw04;dw05;dw06;dw07;dw08,,105,1,2026-08-28T06:54:30.283+0200,dw05,4B92,215,1757,43,-534,1674,-3.66,72265
ground-height-0m-20260825-163632,d018m_r270_run01.csv,0,18,270,dw00;dw01;dw02;dw03;dw04;dw05;dw06;dw07;dw08,dw00;dw01;dw02;dw03;dw04;dw05;dw06;dw07;dw08,,125,1,2026-08-28T06:54:30.292+0200,dw06,0789,23,1759,101,90,1756,3.96,82305
ground-height-0m-20260825-163632,d018m_r270_run01.csv,0,18,270,dw00;dw01;dw02;dw03;dw04;dw05;dw06;dw07;dw08,dw00;dw01;dw02;dw03;dw04;dw05;dw06;dw07;dw08,,75,1,2026-08-28T06:54:30.422+0200,dw03,021B,186,1751,-36,-1395,1058,2.83,12268
ground-height-0m-20260825-163632,d018m_r270_run01.csv,0,18,270,dw00;dw01;dw02;dw03;dw04;dw05;dw06;dw07;dw08,dw00;dw01;dw02;dw03;dw04;dw05;dw06;dw07;dw08,,165,1,2026-08-28T06:54:30.432+0200,dw08,028E,150,1764,136,468,1700,2.44,22308
ground-height-0m-20260825-163632,d018m_r270_run01.csv,0,18,270,dw00;dw01;dw02;dw03;dw04;dw05;dw06;dw07;dw08,dw00;dw01;dw02;dw03;dw04;dw05;dw06;dw07;dw08,,15,1,2026-08-28T06:54:30.443+0200,dw00,8103,208,1764,-160,1152,1336,-3.12,32287
ground-height-0m-20260825-163632,d018m_r270_run01.csv,0,18,270,dw00;dw01;dw02;dw03;dw04;dw05;dw06;dw07;dw08,dw00;dw01;dw02;dw03;dw04;dw05;dw06;dw07;dw08,,55,1,2026-08-28T06:54:30.462+0200,dw02,8FB0,52,1756,-82,-1756,0,3.33,52398
ground-height-0m-20260825-163632,d018m_r270_run01.csv,0,18,270,dw00;dw01;dw02;dw03;dw04;dw05;dw06;dw07;dw08,dw00;dw01;dw02;dw03;dw04;dw05;dw06;dw07;dw08,,90,1,2026-08-28T06:54:30.472+0200,dw04,0F85,204,1759,10,-894,1515,-2.98,62255
ground-height-0m-20260825-163632,d018m_r270_run01.csv,0,18,270,dw00;dw01;dw02;dw03;dw04;dw05;dw06;dw07;dw08,dw00;dw01;dw02;dw03;dw04;dw05;dw06;dw07;dw08,,105,1,2026-08-28T06:54:30.483+0200,dw05,4B92,216,1759,54,-420,1708,-3.69,72265
ground-height-0m-20260825-163632,d018m_r270_run01.csv,0,18,270,dw00;dw01;dw02;dw03;dw04;dw05;dw06;dw07;dw08,dw00;dw01;dw02;dw03;dw04;dw05;dw06;dw07;dw08,,125,1,2026-08-28T06:54:30.492+0200,dw06,0789,24,1757,98,62,1756,4.02,82305
ground-height-0m-20260825-163632,d018m_r270_run01.csv,0,18,270,dw00;dw01;dw02;dw03;dw04;dw05;dw06;dw07;dw08,dw00;dw01;dw02;dw03;dw04;dw05;dw06;dw07;dw08,,75,1,2026-08-28T06:54:30.622+0200,dw03,021B,187,1751,-34,-1370,1090,2.83,12298
ground-height-0m-20260825-163632,d018m_r270_run01.csv,0,18,270,dw00;dw01;dw02;dw03;dw04;dw05;dw06;dw07;dw08,dw00;dw01;dw02;dw03;dw04;dw05;dw06;dw07;dw08,,165,1,2026-08-28T06:54:30.632+0200,dw08,028E,151,1760,150,621,1646,2.38,22277
ground-height-0m-20260825-163632,d018m_r270_run01.csv,0,18,270,dw00;dw01;dw02;dw03;dw04;dw05;dw06;dw07;dw08,dw00;dw01;dw02;dw03;dw04;dw05;dw06;dw07;dw08,,15,1,2026-08-28T06:54:30.642+0200,dw00,8103,209,1760,-147,1297,1188,-3.09,32257
ground-height-0m-20260825-163632,d018m_r270_run01.csv,0,18,270,dw00;dw01;dw02;dw03;dw04;dw05;dw06;dw07;dw08,dw00;dw01;dw02;dw03;dw04;dw05;dw06;dw07;dw08,,55,1,2026-08-28T06:54:30.662+0200,dw02,8FB0,53,1757,-77,-1757,0,3.15,52337
ground-height-0m-20260825-163632,d018m_r270_run01.csv,0,18,270,dw00;dw01;dw02;dw03;dw04;dw05;dw06;dw07;dw08,dw00;dw01;dw02;dw03;dw04;dw05;dw06;dw07;dw08,,90,1,2026-08-28T06:54:30.672+0200,dw04,0F85,205,1758,7,-927,1494,-3.18,62255
ground-height-0m-20260825-163632,d018m_r270_run01.csv,0,18,270,dw00;dw01;dw02;dw03;dw04;dw05;dw06;dw07;dw08,dw00;dw01;dw02;dw03;dw04;dw05;dw06;dw07;dw08,,105,1,2026-08-28T06:54:30.682+0200,dw05,4B92,217,1756,47,-491,1686,-3.81,72265
ground-height-0m-20260825-163632,d018m_r270_run01.csv,0,18,270,dw00;dw01;dw02;dw03;dw04;dw05;dw06;dw07;dw08,dw00;dw01;dw02;dw03;dw04;dw05;dw06;dw07;dw08,,125,1,2026-08-28T06:54:30.693+0200,dw06,0789,25,1758,102,103,1755,4.02,82336
ground-height-0m-20260825-163632,d018m_r270_run01.csv,0,18,270,dw00;dw01;dw02;dw03;dw04;dw05;dw06;dw07;dw08,dw00;dw01;dw02;dw03;dw04;dw05;dw06;dw07;dw08,,75,1,2026-08-28T06:54:30.822+0200,dw03,021B,188,1754,-34,-1373,1091,2.83,12268
ground-height-0m-20260825-163632,d018m_r270_run01.csv,0,18,270,dw00;dw01;dw02;dw03;dw04;dw05;dw06;dw07;dw08,dw00;dw01;dw02;dw03;dw04;dw05;dw06;dw07;dw08,,165,1,2026-08-28T06:54:30.832+0200,dw08,028E,152,1757,149,610,1648,2.38,22277
ground-height-0m-20260825-163632,d018m_r270_run01.csv,0,18,270,dw00;dw01;dw02;dw03;dw04;dw05;dw06;dw07;dw08,dw00;dw01;dw02;dw03;dw04;dw05;dw06;dw07;dw08,,15,1,2026-08-28T06:54:30.842+0200,dw00,8103,210,1768,-137,1406,1071,-3.09,32257
ground-height-0m-20260825-163632,d018m_r270_run01.csv,0,18,270,dw00;dw01;dw02;dw03;dw04;dw05;dw06;dw07;dw08,dw00;dw01;dw02;dw03;dw04;dw05;dw06;dw07;dw08,,55,1,2026-08-28T06:54:30.863+0200,dw02,8FB0,54,1751,-90,1751,0,3.15,52368
ground-height-0m-20260825-163632,d018m_r270_run01.csv,0,18,270,dw00;dw01;dw02;dw03;dw04;dw05;dw06;dw07;dw08,dw00;dw01;dw02;dw03;dw04;dw05;dw06;dw07;dw08,,90,1,2026-08-28T06:54:30.872+0200,dw04,0F85,206,1756,10,-893,1512,-3.12,62255
ground-height-0m-20260825-163632,d018m_r270_run01.csv,0,18,270,dw00;dw01;dw02;dw03;dw04;dw05;dw06;dw07;dw08,dw00;dw01;dw02;dw03;dw04;dw05;dw06;dw07;dw08,,105,1,2026-08-28T06:54:30.882+0200,dw05,4B92,218,1756,56,-393,1711,-3.69,72296
ground-height-0m-20260825-163632,d018m_r270_run01.csv,0,18,270,dw00;dw01;dw02;dw03;dw04;dw05;dw06;dw07;dw08,dw00;dw01;dw02;dw03;dw04;dw05;dw06;dw07;dw08,,125,1,2026-08-28T06:54:30.892+0200,dw06,0789,26,1762,96,34,1762,4.02,82244
ground-height-0m-20260825-163632,d018m_r270_run01.csv,0,18,270,dw00;dw01;dw02;dw03;dw04;dw05;dw06;dw07;dw08,dw00;dw01;dw02;dw03;dw04;dw05;dw06;dw07;dw08,,75,1,2026-08-28T06:54:31.022+0200,dw03,021B,189,1747,-34,-1370,1083,2.77,12268
ground-height-0m-20260825-163632,d018m_r270_run01.csv,0,18,270,dw00;dw01;dw02;dw03;dw04;dw05;dw06;dw07;dw08,dw00;dw01;dw02;dw03;dw04;dw05;dw06;dw07;dw08,,165,1,2026-08-28T06:54:31.032+0200,dw08,028E,153,1759,152,640,1638,2.44,22277
ground-height-0m-20260825-163632,d018m_r270_run01.csv,0,18,270,dw00;dw01;dw02;dw03;dw04;dw05;dw06;dw07;dw08,dw00;dw01;dw02;dw03;dw04;dw05;dw06;dw07;dw08,,15,1,2026-08-28T06:54:31.042+0200,dw00,8103,211,1762,-164,1118,1362,-3.12,32287
ground-height-0m-20260825-163632,d018m_r270_run01.csv,0,18,270,dw00;dw01;dw02;dw03;dw04;dw05;dw06;dw07;dw08,dw00;dw01;dw02;dw03;dw04;dw05;dw06;dw07;dw08,,55,1,2026-08-28T06:54:31.062+0200,dw02,8FB0,55,1758,-94,1758,0,3.27,52398
ground-height-0m-20260825-163632,d018m_r270_run01.csv,0,18,270,dw00;dw01;dw02;dw03;dw04;dw05;dw06;dw07;dw08,dw00;dw01;dw02;dw03;dw04;dw05;dw06;dw07;dw08,,105,1,2026-08-28T06:54:31.082+0200,dw05,4B92,219,1756,55,-402,1710,-3.81,72265
ground-height-0m-20260825-163632,d018m_r270_run01.csv,0,18,270,dw00;dw01;dw02;dw03;dw04;dw05;dw06;dw07;dw08,dw00;dw01;dw02;dw03;dw04;dw05;dw06;dw07;dw08,,125,1,2026-08-28T06:54:31.092+0200,dw06,0789,27,1760,92,-7,1760,4.14,82305
ground-height-0m-20260825-163632,d018m_r270_run01.csv,0,18,270,dw00;dw01;dw02;dw03;dw04;dw05;dw06;dw07;dw08,dw00;dw01;dw02;dw03;dw04;dw05;dw06;dw07;dw08,,75,1,2026-08-28T06:54:31.222+0200,dw03,021B,190,1747,-40,-1432,1000,2.71,12268
ground-height-0m-20260825-163632,d018m_r270_run01.csv,0,18,270,dw00;dw01;dw02;dw03;dw04;dw05;dw06;dw07;dw08,dw00;dw01;dw02;dw03;dw04;dw05;dw06;dw07;dw08,,165,1,2026-08-28T06:54:31.232+0200,dw08,028E,154,1765,141,528,1684,2.38,22277
ground-height-0m-20260825-163632,d018m_r270_run01.csv,0,18,270,dw00;dw01;dw02;dw03;dw04;dw05;dw06;dw07;dw08,dw00;dw01;dw02;dw03;dw04;dw05;dw06;dw07;dw08,,15,1,2026-08-28T06:54:31.242+0200,dw00,8103,212,1760,-149,1274,1213,-3.09,32287
ground-height-0m-20260825-163632,d018m_r270_run01.csv,0,18,270,dw00;dw01;dw02;dw03;dw04;dw05;dw06;dw07;dw08,dw00;dw01;dw02;dw03;dw04;dw05;dw06;dw07;dw08,,55,1,2026-08-28T06:54:31.262+0200,dw02,8FB0,56,1752,-85,-1752,0,3.27,52398
ground-height-0m-20260825-163632,d018m_r270_run01.csv,0,18,270,dw00;dw01;dw02;dw03;dw04;dw05;dw06;dw07;dw08,dw00;dw01;dw02;dw03;dw04;dw05;dw06;dw07;dw08,,105,1,2026-08-28T06:54:31.283+0200,dw05,4B92,220,1757,53,-424,1705,-3.75,72296
ground-height-0m-20260825-163632,d018m_r270_run01.csv,0,18,270,dw00;dw01;dw02;dw03;dw04;dw05;dw06;dw07;dw08,dw00;dw01;dw02;dw03;dw04;dw05;dw06;dw07;dw08,,90,1,2026-08-28T06:54:31.288+0200,dw04,0F85,208,1760,12,-874,1527,-2.86,77972
ground-height-0m-20260825-163632,d018m_r270_run01.csv,0,18,270,dw00;dw01;dw02;dw03;dw04;dw05;dw06;dw07;dw08,dw00;dw01;dw02;dw03;dw04;dw05;dw06;dw07;dw08,,75,1,2026-08-28T06:54:31.422+0200,dw03,021B,191,1746,-31,-1342,1117,2.95,12268
ground-height-0m-20260825-163632,d018m_r270_run01.csv,0,18,270,dw00;dw01;dw02;dw03;dw04;dw05;dw06;dw07;dw08,dw00;dw01;dw02;dw03;dw04;dw05;dw06;dw07;dw08,,165,1,2026-08-28T06:54:31.432+0200,dw08,028E,155,1762,136,473,1698,2.38,22277
ground-height-0m-20260825-163632,d018m_r270_run01.csv,0,18,270,dw00;dw01;dw02;dw03;dw04;dw05;dw06;dw07;dw08,dw00;dw01;dw02;dw03;dw04;dw05;dw06;dw07;dw08,,15,1,2026-08-28T06:54:31.442+0200,dw00,8103,213,1768,-151,1260,1240,-3.24,32287
ground-height-0m-20260825-163632,d018m_r270_run01.csv,0,18,270,dw00;dw01;dw02;dw03;dw04;dw05;dw06;dw07;dw08,dw00;dw01;dw02;dw03;dw04;dw05;dw06;dw07;dw08,,55,1,2026-08-28T06:54:31.462+0200,dw02,8FB0,57,1754,-85,-1755,0,3.27,52307
ground-height-0m-20260825-163632,d018m_r270_run01.csv,0,18,270,dw00;dw01;dw02;dw03;dw04;dw05;dw06;dw07;dw08,dw00;dw01;dw02;dw03;dw04;dw05;dw06;dw07;dw08,,90,1,2026-08-28T06:54:31.472+0200,dw04,0F85,209,1758,11,-882,1521,-3.18,62316
ground-height-0m-20260825-163632,d018m_r270_run01.csv,0,18,270,dw00;dw01;dw02;dw03;dw04;dw05;dw06;dw07;dw08,dw00;dw01;dw02;dw03;dw04;dw05;dw06;dw07;dw08,,105,1,2026-08-28T06:54:31.482+0200,dw05,4B92,221,1756,51,-444,1699,-3.75,72265
ground-height-0m-20260825-163632,d018m_r270_run01.csv,0,18,270,dw00;dw01;dw02;dw03;dw04;dw05;dw06;dw07;dw08,dw00;dw01;dw02;dw03;dw04;dw05;dw06;dw07;dw08,,125,1,2026-08-28T06:54:31.508+0200,dw06,0789,29,1762,95,31,1762,4.14,2147483
ground-height-0m-20260825-163632,d018m_r270_run01.csv,0,18,270,dw00;dw01;dw02;dw03;dw04;dw05;dw06;dw07;dw08,dw00;dw01;dw02;dw03;dw04;dw05;dw06;dw07;dw08,,75,1,2026-08-28T06:54:31.622+0200,dw03,021B,192,1747,-36,-1388,1061,2.83,12268
ground-height-0m-20260825-163632,d018m_r270_run01.csv,0,18,270,dw00;dw01;dw02;dw03;dw04;dw05;dw06;dw07;dw08,dw00;dw01;dw02;dw03;dw04;dw05;dw06;dw07;dw08,,165,1,2026-08-28T06:54:31.632+0200,dw08,028E,156,1762,131,420,1711,2.38,22308
ground-height-0m-20260825-163632,d018m_r270_run01.csv,0,18,270,dw00;dw01;dw02;dw03;dw04;dw05;dw06;dw07;dw08,dw00;dw01;dw02;dw03;dw04;dw05;dw06;dw07;dw08,,15,1,2026-08-28T06:54:31.642+0200,dw00,8103,214,1767,-138,1399,1079,-3.12,32257
ground-height-0m-20260825-163632,d018m_r270_run01.csv,0,18,270,dw00;dw01;dw02;dw03;dw04;dw05;dw06;dw07;dw08,dw00;dw01;dw02;dw03;dw04;dw05;dw06;dw07;dw08,,55,1,2026-08-28T06:54:31.662+0200,dw02,8FB0,58,1756,-88,1756,0,3.21,52398
ground-height-0m-20260825-163632,d018m_r270_run01.csv,0,18,270,dw00;dw01;dw02;dw03;dw04;dw05;dw06;dw07;dw08,dw00;dw01;dw02;dw03;dw04;dw05;dw06;dw07;dw08,,90,1,2026-08-28T06:54:31.672+0200,dw04,0F85,210,1758,11,-882,1520,-3.15,62255
ground-height-0m-20260825-163632,d018m_r270_run01.csv,0,18,270,dw00;dw01;dw02;dw03;dw04;dw05;dw06;dw07;dw08,dw00;dw01;dw02;dw03;dw04;dw05;dw06;dw07;dw08,,105,1,2026-08-28T06:54:31.682+0200,dw05,4B92,222,1758,55,-401,1711,-3.75,72265
ground-height-0m-20260825-163632,d018m_r270_run01.csv,0,18,270,dw00;dw01;dw02;dw03;dw04;dw05;dw06;dw07;dw08,dw00;dw01;dw02;dw03;dw04;dw05;dw06;dw07;dw08,,125,1,2026-08-28T06:54:31.692+0200,dw06,0789,30,1757,91,-14,1757,4.02,82366
ground-height-0m-20260825-163632,d018m_r270_run01.csv,0,18,270,dw00;dw01;dw02;dw03;dw04;dw05;dw06;dw07;dw08,dw00;dw01;dw02;dw03;dw04;dw05;dw06;dw07;dw08,,75,1,2026-08-28T06:54:31.821+0200,dw03,021B,193,1746,-35,-1385,1063,2.71,12268
ground-height-0m-20260825-163632,d018m_r270_run01.csv,0,18,270,dw00;dw01;dw02;dw03;dw04;dw05;dw06;dw07;dw08,dw00;dw01;dw02;dw03;dw04;dw05;dw06;dw07;dw08,,165,1,2026-08-28T06:54:31.832+0200,dw08,028E,157,1761,139,504,1687,2.44,22277
ground-height-0m-20260825-163632,d018m_r270_run01.csv,0,18,270,dw00;dw01;dw02;dw03;dw04;dw05;dw06;dw07;dw08,dw00;dw01;dw02;dw03;dw04;dw05;dw06;dw07;dw08,,15,1,2026-08-28T06:54:31.842+0200,dw00,8103,215,1763,40,-570,1669,-3.12,32257
ground-height-0m-20260825-163632,d018m_r270_run01.csv,0,18,270,dw00;dw01;dw02;dw03;dw04;dw05;dw06;dw07;dw08,dw00;dw01;dw02;dw03;dw04;dw05;dw06;dw07;dw08,,55,1,2026-08-28T06:54:31.861+0200,dw02,8FB0,59,1758,-88,1758,0,3.27,52398
ground-height-0m-20260825-163632,d018m_r270_run01.csv,0,18,270,dw00;dw01;dw02;dw03;dw04;dw05;dw06;dw07;dw08,dw00;dw01;dw02;dw03;dw04;dw05;dw06;dw07;dw08,,90,1,2026-08-28T06:54:31.872+0200,dw04,0F85,211,1757,3,-967,1467,-3.18,62286
ground-height-0m-20260825-163632,d018m_r270_run01.csv,0,18,270,dw00;dw01;dw02;dw03;dw04;dw05;dw06;dw07;dw08,dw00;dw01;dw02;dw03;dw04;dw05;dw06;dw07;dw08,,105,1,2026-08-28T06:54:31.882+0200,dw05,4B92,223,1757,56,-397,1712,-3.75,72265
ground-height-0m-20260825-163632,d018m_r270_run01.csv,0,18,270,dw00;dw01;dw02;dw03;dw04;dw05;dw06;dw07;dw08,dw00;dw01;dw02;dw03;dw04;dw05;dw06;dw07;dw08,,125,1,2026-08-28T06:54:31.892+0200,dw06,0789,31,1763,95,27,1763,3.96,82305
ground-height-0m-20260825-163632,d018m_r270_run01.csv,0,18,270,dw00;dw01;dw02;dw03;dw04;dw05;dw06;dw07;dw08,dw00;dw01;dw02;dw03;dw04;dw05;dw06;dw07;dw08,,75,1,2026-08-28T06:54:32.022+0200,dw03,021B,194,1750,-32,-1353,1110,2.83,12268
ground-height-0m-20260825-163632,d018m_r270_run01.csv,0,18,270,dw00;dw01;dw02;dw03;dw04;dw05;dw06;dw07;dw08,dw00;dw01;dw02;dw03;dw04;dw05;dw06;dw07;dw08,,165,1,2026-08-28T06:54:32.031+0200,dw08,028E,158,1760,139,504,1686,2.44,22277
ground-height-0m-20260825-163632,d018m_r270_run01.csv,0,18,270,dw00;dw01;dw02;dw03;dw04;dw05;dw06;dw07;dw08,dw00;dw01;dw02;dw03;dw04;dw05;dw06;dw07;dw08,,15,1,2026-08-28T06:54:32.042+0200,dw00,8103,216,1757,58,-369,1718,-3.18,32257
ground-height-0m-20260825-163632,d018m_r270_run01.csv,0,18,270,dw00;dw01;dw02;dw03;dw04;dw05;dw06;dw07;dw08,dw00;dw01;dw02;dw03;dw04;dw05;dw06;dw07;dw08,,55,1,2026-08-28T06:54:32.062+0200,dw02,8FB0,60,1755,-97,1755,0,3.21,52398
ground-height-0m-20260825-163632,d018m_r270_run01.csv,0,18,270,dw00;dw01;dw02;dw03;dw04;dw05;dw06;dw07;dw08,dw00;dw01;dw02;dw03;dw04;dw05;dw06;dw07;dw08,,90,1,2026-08-28T06:54:32.071+0200,dw04,0F85,212,1755,10,-895,1510,-3.09,62255
ground-height-0m-20260825-163632,d018m_r270_run01.csv,0,18,270,dw00;dw01;dw02;dw03;dw04;dw05;dw06;dw07;dw08,dw00;dw01;dw02;dw03;dw04;dw05;dw06;dw07;dw08,,105,1,2026-08-28T06:54:32.082+0200,dw05,4B92,224,1755,55,-399,1709,-3.69,72296
ground-height-0m-20260825-163632,d018m_r270_run01.csv,0,18,270,dw00;dw01;dw02;dw03;dw04;dw05;dw06;dw07;dw08,dw00;dw01;dw02;dw03;dw04;dw05;dw06;dw07;dw08,,125,1,2026-08-28T06:54:32.092+0200,dw06,0789,32,1760,95,32,1760,4.08,82275
ground-height-0m-20260825-163632,d018m_r270_run01.csv,0,18,270,dw00;dw01;dw02;dw03;dw04;dw05;dw06;dw07;dw08,dw00;dw01;dw02;dw03;dw04;dw05;dw06;dw07;dw08,,75,1,2026-08-28T06:54:32.222+0200,dw03,021B,195,1750,-29,-1318,1150,2.83,12298
ground-height-0m-20260825-163632,d018m_r270_run01.csv,0,18,270,dw00;dw01;dw02;dw03;dw04;dw05;dw06;dw07;dw08,dw00;dw01;dw02;dw03;dw04;dw05;dw06;dw07;dw08,,15,1,2026-08-28T06:54:32.241+0200,dw00,8103,217,1765,-166,1087,1390,-3.09,32257
ground-height-0m-20260825-163632,d018m_r270_run01.csv,0,18,270,dw00;dw01;dw02;dw03;dw04;dw05;dw06;dw07;dw08,dw00;dw01;dw02;dw03;dw04;dw05;dw06;dw07;dw08,,55,1,2026-08-28T06:54:32.262+0200,dw02,8FB0,61,1754,-87,1753,0,3.27,52368
ground-height-0m-20260825-163632,d018m_r270_run01.csv,0,18,270,dw00;dw01;dw02;dw03;dw04;dw05;dw06;dw07;dw08,dw00;dw01;dw02;dw03;dw04;dw05;dw06;dw07;dw08,,90,1,2026-08-28T06:54:32.272+0200,dw04,0F85,213,1757,6,-940,1485,-3.09,62286
ground-height-0m-20260825-163632,d018m_r270_run01.csv,0,18,270,dw00;dw01;dw02;dw03;dw04;dw05;dw06;dw07;dw08,dw00;dw01;dw02;dw03;dw04;dw05;dw06;dw07;dw08,,105,1,2026-08-28T06:54:32.281+0200,dw05,4B92,225,1754,53,-423,1702,-3.72,72265
ground-height-0m-20260825-163632,d018m_r270_run01.csv,0,18,270,dw00;dw01;dw02;dw03;dw04;dw05;dw06;dw07;dw08,dw00;dw01;dw02;dw03;dw04;dw05;dw06;dw07;dw08,,125,1,2026-08-28T06:54:32.292+0200,dw06,0789,33,1762,86,-64,1761,4.02,82305
ground-height-0m-20260825-163632,d018m_r270_run01.csv,0,18,270,dw00;dw01;dw02;dw03;dw04;dw05;dw06;dw07;dw08,dw00;dw01;dw02;dw03;dw04;dw05;dw06;dw07;dw08,,75,1,2026-08-28T06:54:32.422+0200,dw03,021B,196,1751,-37,-1404,1047,2.77,12268
ground-height-0m-20260825-163632,d018m_r270_run01.csv,0,18,270,dw00;dw01;dw02;dw03;dw04;dw05;dw06;dw07;dw08,dw00;dw01;dw02;dw03;dw04;dw05;dw06;dw07;dw08,,15,1,2026-08-28T06:54:32.442+0200,dw00,8103,218,1765,-152,1241,1255,-3.18,32257
ground-height-0m-20260825-163632,d018m_r270_run01.csv,0,18,270,dw00;dw01;dw02;dw03;dw04;dw05;dw06;dw07;dw08,dw00;dw01;dw02;dw03;dw04;dw05;dw06;dw07;dw08,,165,1,2026-08-28T06:54:32.447+0200,dw08,028E,160,1760,144,555,1670,2.59,37933
ground-height-0m-20260825-163632,d018m_r270_run01.csv,0,18,270,dw00;dw01;dw02;dw03;dw04;dw05;dw06;dw07;dw08,dw00;dw01;dw02;dw03;dw04;dw05;dw06;dw07;dw08,,55,1,2026-08-28T06:54:32.462+0200,dw02,8FB0,62,1754,-99,1754,0,3.15,52368
ground-height-0m-20260825-163632,d018m_r270_run01.csv,0,18,270,dw00;dw01;dw02;dw03;dw04;dw05;dw06;dw07;dw08,dw00;dw01;dw02;dw03;dw04;dw05;dw06;dw07;dw08,,90,1,2026-08-28T06:54:32.472+0200,dw04,0F85,214,1759,2,-983,1458,-3.03,62255
ground-height-0m-20260825-163632,d018m_r270_run01.csv,0,18,270,dw00;dw01;dw02;dw03;dw04;dw05;dw06;dw07;dw08,dw00;dw01;dw02;dw03;dw04;dw05;dw06;dw07;dw08,,105,1,2026-08-28T06:54:32.481+0200,dw05,4B92,226,1754,48,-483,1686,-3.66,72296
ground-height-0m-20260825-163632,d018m_r270_run01.csv,0,18,270,dw00;dw01;dw02;dw03;dw04;dw05;dw06;dw07;dw08,dw00;dw01;dw02;dw03;dw04;dw05;dw06;dw07;dw08,,125,1,2026-08-28T06:54:32.491+0200,dw06,0789,34,1763,98,55,1762,4.14,82275
ground-height-0m-20260825-163632,d018m_r270_run01.csv,0,18,270,dw00;dw01;dw02;dw03;dw04;dw05;dw06;dw07;dw08,dw00;dw01;dw02;dw03;dw04;dw05;dw06;dw07;dw08,,75,1,2026-08-28T06:54:32.621+0200,dw03,021B,197,1755,-33,-1371,1096,2.89,12268
ground-height-0m-20260825-163632,d018m_r270_run01.csv,0,18,270,dw00;dw01;dw02;dw03;dw04;dw05;dw06;dw07;dw08,dw00;dw01;dw02;dw03;dw04;dw05;dw06;dw07;dw08,,165,1,2026-08-28T06:54:32.632+0200,dw08,028E,161,1760,154,664,1629,2.44,22338
ground-height-0m-20260825-163632,d018m_r270_run01.csv,0,18,270,dw00;dw01;dw02;dw03;dw04;dw05;dw06;dw07;dw08,dw00;dw01;dw02;dw03;dw04;dw05;dw06;dw07;dw08,,15,1,2026-08-28T06:54:32.642+0200,dw00,8103,219,1764,-146,1309,1183,-3.18,32257
ground-height-0m-20260825-163632,d018m_r270_run01.csv,0,18,270,dw00;dw01;dw02;dw03;dw04;dw05;dw06;dw07;dw08,dw00;dw01;dw02;dw03;dw04;dw05;dw06;dw07;dw08,,55,1,2026-08-28T06:54:32.661+0200,dw02,8FB0,63,1754,-90,1754,0,3.15,52368
ground-height-0m-20260825-163632,d018m_r270_run01.csv,0,18,270,dw00;dw01;dw02;dw03;dw04;dw05;dw06;dw07;dw08,dw00;dw01;dw02;dw03;dw04;dw05;dw06;dw07;dw08,,90,1,2026-08-28T06:54:32.672+0200,dw04,0F85,215,1756,10,-894,1511,-3.09,62255
ground-height-0m-20260825-163632,d018m_r270_run01.csv,0,18,270,dw00;dw01;dw02;dw03;dw04;dw05;dw06;dw07;dw08,dw00;dw01;dw02;dw03;dw04;dw05;dw06;dw07;dw08,,105,1,2026-08-28T06:54:32.682+0200,dw05,4B92,227,1756,58,-367,1717,-3.69,72265
ground-height-0m-20260825-163632,d018m_r270_run01.csv,0,18,270,dw00;dw01;dw02;dw03;dw04;dw05;dw06;dw07;dw08,dw00;dw01;dw02;dw03;dw04;dw05;dw06;dw07;dw08,,125,1,2026-08-28T06:54:32.691+0200,dw06,0789,35,1757,96,34,1756,4.02,82275
ground-height-0m-20260825-163632,d018m_r270_run01.csv,0,18,270,dw00;dw01;dw02;dw03;dw04;dw05;dw06;dw07;dw08,dw00;dw01;dw02;dw03;dw04;dw05;dw06;dw07;dw08,,75,1,2026-08-28T06:54:32.821+0200,dw03,021B,198,1749,-26,-1290,1181,2.77,12268
ground-height-0m-20260825-163632,d018m_r270_run01.csv,0,18,270,dw00;dw01;dw02;dw03;dw04;dw05;dw06;dw07;dw08,dw00;dw01;dw02;dw03;dw04;dw05;dw06;dw07;dw08,,165,1,2026-08-28T06:54:32.831+0200,dw08,028E,162,1761,132,429,1708,2.50,22247
ground-height-0m-20260825-163632,d018m_r270_run01.csv,0,18,270,dw00;dw01;dw02;dw03;dw04;dw05;dw06;dw07;dw08,dw00;dw01;dw02;dw03;dw04;dw05;dw06;dw07;dw08,,15,1,2026-08-28T06:54:32.842+0200,dw00,8103,220,1763,-143,1346,1139,-3.12,32287
ground-height-0m-20260825-163632,d018m_r270_run01.csv,0,18,270,dw00;dw01;dw02;dw03;dw04;dw05;dw06;dw07;dw08,dw00;dw01;dw02;dw03;dw04;dw05;dw06;dw07;dw08,,55,1,2026-08-28T06:54:32.861+0200,dw02,8FB0,64,1755,-101,1755,0,3.33,52368
ground-height-0m-20260825-163632,d018m_r270_run01.csv,0,18,270,dw00;dw01;dw02;dw03;dw04;dw05;dw06;dw07;dw08,dw00;dw01;dw02;dw03;dw04;dw05;dw06;dw07;dw08,,90,1,2026-08-28T06:54:32.871+0200,dw04,0F85,216,1758,11,-886,1518,-3.09,62255
ground-height-0m-20260825-163632,d018m_r270_run01.csv,0,18,270,dw00;dw01;dw02;dw03;dw04;dw05;dw06;dw07;dw08,dw00;dw01;dw02;dw03;dw04;dw05;dw06;dw07;dw08,,105,1,2026-08-28T06:54:32.882+0200,dw05,4B92,228,1754,54,-409,1706,-3.75,72265
ground-height-0m-20260825-163632,d018m_r270_run01.csv,0,18,270,dw00;dw01;dw02;dw03;dw04;dw05;dw06;dw07;dw08,dw00;dw01;dw02;dw03;dw04;dw05;dw06;dw07;dw08,,125,1,2026-08-28T06:54:32.892+0200,dw06,0789,36,1763,94,22,1763,4.02,82275
ground-height-0m-20260825-163632,d018m_r270_run01.csv,0,18,270,dw00;dw01;dw02;dw03;dw04;dw05;dw06;dw07;dw08,dw00;dw01;dw02;dw03;dw04;dw05;dw06;dw07;dw08,,75,1,2026-08-28T06:54:33.021+0200,dw03,021B,199,1751,-42,-1455,973,2.83,12268
ground-height-0m-20260825-163632,d018m_r270_run01.csv,0,18,270,dw00;dw01;dw02;dw03;dw04;dw05;dw06;dw07;dw08,dw00;dw01;dw02;dw03;dw04;dw05;dw06;dw07;dw08,,165,1,2026-08-28T06:54:33.031+0200,dw08,028E,163,1761,127,376,1720,2.38,22308
ground-height-0m-20260825-163632,d018m_r270_run01.csv,0,18,270,dw00;dw01;dw02;dw03;dw04;dw05;dw06;dw07;dw08,dw00;dw01;dw02;dw03;dw04;dw05;dw06;dw07;dw08,,15,1,2026-08-28T06:54:33.041+0200,dw00,8103,221,1759,-139,1385,1084,-3.09,32257
ground-height-0m-20260825-163632,d018m_r270_run01.csv,0,18,270,dw00;dw01;dw02;dw03;dw04;dw05;dw06;dw07;dw08,dw00;dw01;dw02;dw03;dw04;dw05;dw06;dw07;dw08,,55,1,2026-08-28T06:54:33.062+0200,dw02,8FB0,65,1755,-105,1745,189,3.33,52368
ground-height-0m-20260825-163632,d018m_r270_run01.csv,0,18,270,dw00;dw01;dw02;dw03;dw04;dw05;dw06;dw07;dw08,dw00;dw01;dw02;dw03;dw04;dw05;dw06;dw07;dw08,,90,1,2026-08-28T06:54:33.071+0200,dw04,0F85,217,1754,3,-968,1463,-3.09,62286
ground-height-0m-20260825-163632,d018m_r270_run01.csv,0,18,270,dw00;dw01;dw02;dw03;dw04;dw05;dw06;dw07;dw08,dw00;dw01;dw02;dw03;dw04;dw05;dw06;dw07;dw08,,105,1,2026-08-28T06:54:33.081+0200,dw05,4B92,229,1755,51,-445,1697,-3.69,72235
ground-height-0m-20260825-163632,d018m_r270_run01.csv,0,18,270,dw00;dw01;dw02;dw03;dw04;dw05;dw06;dw07;dw08,dw00;dw01;dw02;dw03;dw04;dw05;dw06;dw07;dw08,,125,1,2026-08-28T06:54:33.092+0200,dw06,0789,37,1760,88,-52,1759,3.96,82336
ground-height-0m-20260825-163632,d018m_r270_run01.csv,0,18,270,dw00;dw01;dw02;dw03;dw04;dw05;dw06;dw07;dw08,dw00;dw01;dw02;dw03;dw04;dw05;dw06;dw07;dw08,,75,1,2026-08-28T06:54:33.222+0200,dw03,021B,200,1751,-31,-1338,1129,2.83,2147483
ground-height-0m-20260825-163632,d018m_r270_run01.csv,0,18,270,dw00;dw01;dw02;dw03;dw04;dw05;dw06;dw07;dw08,dw00;dw01;dw02;dw03;dw04;dw05;dw06;dw07;dw08,,165,1,2026-08-28T06:54:33.231+0200,dw08,028E,164,1762,138,499,1690,2.44,2147483
ground-height-0m-20260825-163632,d018m_r270_run01.csv,0,18,270,dw00;dw01;dw02;dw03;dw04;dw05;dw06;dw07;dw08,dw00;dw01;dw02;dw03;dw04;dw05;dw06;dw07;dw08,,15,1,2026-08-28T06:54:33.241+0200,dw00,8103,222,1763,-160,1156,1331,-3.09,2147483
ground-height-0m-20260825-163632,d018m_r270_run01.csv,0,18,270,dw00;dw01;dw02;dw03;dw04;dw05;dw06;dw07;dw08,dw00;dw01;dw02;dw03;dw04;dw05;dw06;dw07;dw08,,55,1,2026-08-28T06:54:33.262+0200,dw02,8FB0,66,1760,-80,-1760,0,3.33,2147483
ground-height-0m-20260825-163632,d018m_r270_run01.csv,0,18,270,dw00;dw01;dw02;dw03;dw04;dw05;dw06;dw07;dw08,dw00;dw01;dw02;dw03;dw04;dw05;dw06;dw07;dw08,,90,1,2026-08-28T06:54:33.271+0200,dw04,0F85,218,1760,5,-943,1485,-3.09,2147483
ground-height-0m-20260825-163632,d018m_r270_run01.csv,0,18,270,dw00;dw01;dw02;dw03;dw04;dw05;dw06;dw07;dw08,dw00;dw01;dw02;dw03;dw04;dw05;dw06;dw07;dw08,,105,1,2026-08-28T06:54:33.281+0200,dw05,4B92,230,1755,50,-456,1694,-3.69,2147483
ground-height-0m-20260825-163632,d018m_r270_run01.csv,0,18,270,dw00;dw01;dw02;dw03;dw04;dw05;dw06;dw07;dw08,dw00;dw01;dw02;dw03;dw04;dw05;dw06;dw07;dw08,,125,1,2026-08-28T06:54:33.291+0200,dw06,0789,38,1762,104,121,1758,4.02,2147483
ground-height-0m-20260825-163632,d018m_r270_run01.csv,0,18,270,dw00;dw01;dw02;dw03;dw04;dw05;dw06;dw07;dw08,dw00;dw01;dw02;dw03;dw04;dw05;dw06;dw07;dw08,,145,1,2026-08-28T06:54:33.431+0200,dw07,5783,2,1762,132,425,1709,-4.50,2147483
ground-height-0m-20260825-163632,d018m_r270_run01.csv,0,18,270,dw00;dw01;dw02;dw03;dw04;dw05;dw06;dw07;dw08,dw00;dw01;dw02;dw03;dw04;dw05;dw06;dw07;dw08,,75,1,2026-08-28T06:54:33.439+0200,dw03,021B,201,1747,-33,-1358,1100,2.83,2147483
ground-height-0m-20260825-163632,d018m_r270_run01.csv,0,18,270,dw00;dw01;dw02;dw03;dw04;dw05;dw06;dw07;dw08,dw00;dw01;dw02;dw03;dw04;dw05;dw06;dw07;dw08,,165,1,2026-08-28T06:54:33.450+0200,dw08,028E,165,1756,146,583,1657,2.38,2147483
ground-height-0m-20260825-163632,d018m_r270_run01.csv,0,18,270,dw00;dw01;dw02;dw03;dw04;dw05;dw06;dw07;dw08,dw00;dw01;dw02;dw03;dw04;dw05;dw06;dw07;dw08,,15,1,2026-08-28T06:54:33.460+0200,dw00,8103,223,1765,-155,1211,1284,-3.18,2147483
ground-height-0m-20260825-163632,d018m_r270_run01.csv,0,18,270,dw00;dw01;dw02;dw03;dw04;dw05;dw06;dw07;dw08,dw00;dw01;dw02;dw03;dw04;dw05;dw06;dw07;dw08,,55,1,2026-08-28T06:54:33.481+0200,dw02,8FB0,67,1752,-91,1752,0,3.27,2147483
ground-height-0m-20260825-163632,d018m_r270_run01.csv,0,18,270,dw00;dw01;dw02;dw03;dw04;dw05;dw06;dw07;dw08,dw00;dw01;dw02;dw03;dw04;dw05;dw06;dw07;dw08,,90,1,2026-08-28T06:54:33.490+0200,dw04,0F85,219,1759,9,-903,1509,-3.03,2147483
ground-height-0m-20260825-163632,d018m_r270_run01.csv,0,18,270,dw00;dw01;dw02;dw03;dw04;dw05;dw06;dw07;dw08,dw00;dw01;dw02;dw03;dw04;dw05;dw06;dw07;dw08,,105,1,2026-08-28T06:54:33.500+0200,dw05,4B92,231,1754,43,-537,1670,-3.75,2147483
ground-height-0m-20260825-163632,d018m_r270_run01.csv,0,18,270,dw00;dw01;dw02;dw03;dw04;dw05;dw06;dw07;dw08,dw00;dw01;dw02;dw03;dw04;dw05;dw06;dw07;dw08,,125,1,2026-08-28T06:54:33.510+0200,dw06,0789,39,1757,96,37,1757,4.02,854
ground-height-0m-20260825-163632,d018m_r270_run01.csv,0,18,270,dw00;dw01;dw02;dw03;dw04;dw05;dw06;dw07;dw08,dw00;dw01;dw02;dw03;dw04;dw05;dw06;dw07;dw08,,75,1,2026-08-28T06:54:33.658+0200,dw03,021B,202,1748,-33,-1364,1093,2.95,49133
ground-height-0m-20260825-163632,d018m_r270_run01.csv,0,18,270,dw00;dw01;dw02;dw03;dw04;dw05;dw06;dw07;dw08,dw00;dw01;dw02;dw03;dw04;dw05;dw06;dw07;dw08,,165,1,2026-08-28T06:54:33.668+0200,dw08,028E,166,1759,154,663,1629,2.44,59295
ground-height-0m-20260825-163632,d018m_r270_run01.csv,0,18,270,dw00;dw01;dw02;dw03;dw04;dw05;dw06;dw07;dw08,dw00;dw01;dw02;dw03;dw04;dw05;dw06;dw07;dw08,,15,1,2026-08-28T06:54:33.679+0200,dw00,8103,224,1761,-142,1347,1134,-3.09,69366
ground-height-0m-20260825-163632,d018m_r270_run01.csv,0,18,270,dw00;dw01;dw02;dw03;dw04;dw05;dw06;dw07;dw08,dw00;dw01;dw02;dw03;dw04;dw05;dw06;dw07;dw08,,55,1,2026-08-28T06:54:33.699+0200,dw02,8FB0,68,1759,-79,-1759,0,3.21,90087
ground-height-0m-20260825-163632,d018m_r270_run01.csv,0,18,270,dw00;dw01;dw02;dw03;dw04;dw05;dw06;dw07;dw08,dw00;dw01;dw02;dw03;dw04;dw05;dw06;dw07;dw08,,90,1,2026-08-28T06:54:33.708+0200,dw04,0F85,220,1759,11,-886,1519,-3.12,2147483
ground-height-0m-20260825-163632,d018m_r270_run01.csv,0,18,270,dw00;dw01;dw02;dw03;dw04;dw05;dw06;dw07;dw08,dw00;dw01;dw02;dw03;dw04;dw05;dw06;dw07;dw08,,105,1,2026-08-28T06:54:33.718+0200,dw05,4B92,232,1754,52,-441,1697,-3.75,9216
ground-height-0m-20260825-163632,d018m_r270_run01.csv,0,18,270,dw00;dw01;dw02;dw03;dw04;dw05;dw06;dw07;dw08,dw00;dw01;dw02;dw03;dw04;dw05;dw06;dw07;dw08,,125,1,2026-08-28T06:54:33.791+0200,dw06,0789,40,1756,90,-30,1756,4.02,82366
ground-height-0m-20260825-163632,d018m_r270_run01.csv,0,18,270,dw00;dw01;dw02;dw03;dw04;dw05;dw06;dw07;dw08,dw00;dw01;dw02;dw03;dw04;dw05;dw06;dw07;dw08,,145,1,2026-08-28T06:54:33.917+0200,dw07,5783,4,1756,126,365,1718,2.44,2147483
ground-height-0m-20260825-163632,d018m_r270_run01.csv,0,18,270,dw00;dw01;dw02;dw03;dw04;dw05;dw06;dw07;dw08,dw00;dw01;dw02;dw03;dw04;dw05;dw06;dw07;dw08,,165,1,2026-08-28T06:54:33.932+0200,dw08,028E,167,1761,129,398,1715,2.38,2147483
ground-height-0m-20260825-163632,d018m_r270_run01.csv,0,18,270,dw00;dw01;dw02;dw03;dw04;dw05;dw06;dw07;dw08,dw00;dw01;dw02;dw03;dw04;dw05;dw06;dw07;dw08,,15,1,2026-08-28T06:54:33.941+0200,dw00,8103,225,1760,-140,1372,1102,-3.12,2147483
ground-height-0m-20260825-163632,d018m_r270_run01.csv,0,18,270,dw00;dw01;dw02;dw03;dw04;dw05;dw06;dw07;dw08,dw00;dw01;dw02;dw03;dw04;dw05;dw06;dw07;dw08,,55,1,2026-08-28T06:54:33.961+0200,dw02,8FB0,69,1753,-86,-1753,0,3.27,2147483
ground-height-0m-20260825-163632,d018m_r270_run01.csv,0,18,270,dw00;dw01;dw02;dw03;dw04;dw05;dw06;dw07;dw08,dw00;dw01;dw02;dw03;dw04;dw05;dw06;dw07;dw08,,90,1,2026-08-28T06:54:33.972+0200,dw04,0F85,221,1756,9,-900,1508,-3.09,2147483
ground-height-0m-20260825-163632,d018m_r270_run01.csv,0,18,270,dw00;dw01;dw02;dw03;dw04;dw05;dw06;dw07;dw08,dw00;dw01;dw02;dw03;dw04;dw05;dw06;dw07;dw08,,105,1,2026-08-28T06:54:33.981+0200,dw05,4B92,233,1755,56,-397,1710,-3.66,2147483
ground-height-0m-20260825-163632,d018m_r270_run01.csv,0,18,270,dw00;dw01;dw02;dw03;dw04;dw05;dw06;dw07;dw08,dw00;dw01;dw02;dw03;dw04;dw05;dw06;dw07;dw08,,125,1,2026-08-28T06:54:33.991+0200,dw06,0789,41,1754,99,71,1753,4.02,2147483
ground-height-0m-20260825-163632,d018m_r270_run01.csv,0,18,270,dw00;dw01;dw02;dw03;dw04;dw05;dw06;dw07;dw08,dw00;dw01;dw02;dw03;dw04;dw05;dw06;dw07;dw08,,75,1,2026-08-28T06:54:34.137+0200,dw03,021B,204,1751,-33,-1361,1102,3.09,27954
ground-height-0m-20260825-163632,d018m_r270_run01.csv,0,18,270,dw00;dw01;dw02;dw03;dw04;dw05;dw06;dw07;dw08,dw00;dw01;dw02;dw03;dw04;dw05;dw06;dw07;dw08,,165,1,2026-08-28T06:54:34.149+0200,dw08,028E,168,1759,8,-915,1502,2.38,40771
ground-height-0m-20260825-163632,d018m_r270_run01.csv,0,18,270,dw00;dw01;dw02;dw03;dw04;dw05;dw06;dw07;dw08,dw00;dw01;dw02;dw03;dw04;dw05;dw06;dw07;dw08,,15,1,2026-08-28T06:54:34.160+0200,dw00,8103,226,1762,-154,1217,1275,-3.12,50811
ground-height-0m-20260825-163632,d018m_r270_run01.csv,0,18,270,dw00;dw01;dw02;dw03;dw04;dw05;dw06;dw07;dw08,dw00;dw01;dw02;dw03;dw04;dw05;dw06;dw07;dw08,,55,1,2026-08-28T06:54:34.180+0200,dw02,8FB0,70,1755,-84,-1755,0,3.33,71197
ground-height-0m-20260825-163632,d018m_r270_run01.csv,0,18,270,dw00;dw01;dw02;dw03;dw04;dw05;dw06;dw07;dw08,dw00;dw01;dw02;dw03;dw04;dw05;dw06;dw07;dw08,,90,1,2026-08-28T06:54:34.189+0200,dw04,0F85,222,1758,3,-968,1468,-3.09,80841
ground-height-0m-20260825-163632,d018m_r270_run01.csv,0,18,270,dw00;dw01;dw02;dw03;dw04;dw05;dw06;dw07;dw08,dw00;dw01;dw02;dw03;dw04;dw05;dw06;dw07;dw08,,105,1,2026-08-28T06:54:34.199+0200,dw05,4B92,234,1755,48,-479,1688,-3.69,90698
ground-height-0m-20260825-163632,d018m_r270_run01.csv,0,18,270,dw00;dw01;dw02;dw03;dw04;dw05;dw06;dw07;dw08,dw00;dw01;dw02;dw03;dw04;dw05;dw06;dw07;dw08,,125,1,2026-08-28T06:54:34.210+0200,dw06,0789,42,1758,87,-55,1757,4.02,823
ground-height-0m-20260825-163632,d018m_r270_run01.csv,0,18,270,dw00;dw01;dw02;dw03;dw04;dw05;dw06;dw07;dw08,dw00;dw01;dw02;dw03;dw04;dw05;dw06;dw07;dw08,,75,1,2026-08-28T06:54:34.321+0200,dw03,021B,205,1750,-34,-1371,1087,2.83,12298
ground-height-0m-20260825-163632,d018m_r270_run01.csv,0,18,270,dw00;dw01;dw02;dw03;dw04;dw05;dw06;dw07;dw08,dw00;dw01;dw02;dw03;dw04;dw05;dw06;dw07;dw08,,165,1,2026-08-28T06:54:34.331+0200,dw08,028E,169,1765,127,375,1725,2.50,22338
ground-height-0m-20260825-163632,d018m_r270_run01.csv,0,18,270,dw00;dw01;dw02;dw03;dw04;dw05;dw06;dw07;dw08,dw00;dw01;dw02;dw03;dw04;dw05;dw06;dw07;dw08,,15,1,2026-08-28T06:54:34.341+0200,dw00,8103,227,1764,-144,1329,1160,-3.18,32287
ground-height-0m-20260825-163632,d018m_r270_run01.csv,0,18,270,dw00;dw01;dw02;dw03;dw04;dw05;dw06;dw07;dw08,dw00;dw01;dw02;dw03;dw04;dw05;dw06;dw07;dw08,,55,1,2026-08-28T06:54:34.361+0200,dw02,8FB0,71,1752,-80,-1752,0,3.21,52368
ground-height-0m-20260825-163632,d018m_r270_run01.csv,0,18,270,dw00;dw01;dw02;dw03;dw04;dw05;dw06;dw07;dw08,dw00;dw01;dw02;dw03;dw04;dw05;dw06;dw07;dw08,,90,1,2026-08-28T06:54:34.371+0200,dw04,0F85,223,1758,13,-855,1536,-3.09,62255
ground-height-0m-20260825-163632,d018m_r270_run01.csv,0,18,270,dw00;dw01;dw02;dw03;dw04;dw05;dw06;dw07;dw08,dw00;dw01;dw02;dw03;dw04;dw05;dw06;dw07;dw08,,105,1,2026-08-28T06:54:34.381+0200,dw05,4B92,235,1756,51,-444,1699,-3.75,72265
ground-height-0m-20260825-163632,d018m_r270_run01.csv,0,18,270,dw00;dw01;dw02;dw03;dw04;dw05;dw06;dw07;dw08,dw00;dw01;dw02;dw03;dw04;dw05;dw06;dw07;dw08,,125,1,2026-08-28T06:54:34.491+0200,dw06,0789,43,1758,89,-32,1757,3.84,2147483
ground-height-0m-20260825-163632,d018m_r270_run01.csv,0,18,270,dw00;dw01;dw02;dw03;dw04;dw05;dw06;dw07;dw08,dw00;dw01;dw02;dw03;dw04;dw05;dw06;dw07;dw08,,75,1,2026-08-28T06:54:34.522+0200,dw03,021B,206,1747,-34,-1374,1079,2.89,12268
ground-height-0m-20260825-163632,d018m_r270_run01.csv,0,18,270,dw00;dw01;dw02;dw03;dw04;dw05;dw06;dw07;dw08,dw00;dw01;dw02;dw03;dw04;dw05;dw06;dw07;dw08,,165,1,2026-08-28T06:54:34.531+0200,dw08,028E,170,1763,137,478,1697,2.50,22247
ground-height-0m-20260825-163632,d018m_r270_run01.csv,0,18,270,dw00;dw01;dw02;dw03;dw04;dw05;dw06;dw07;dw08,dw00;dw01;dw02;dw03;dw04;dw05;dw06;dw07;dw08,,15,1,2026-08-28T06:54:34.541+0200,dw00,8103,228,1765,-152,1243,1252,-3.09,32287
ground-height-0m-20260825-163632,d018m_r270_run01.csv,0,18,270,dw00;dw01;dw02;dw03;dw04;dw05;dw06;dw07;dw08,dw00;dw01;dw02;dw03;dw04;dw05;dw06;dw07;dw08,,55,1,2026-08-28T06:54:34.562+0200,dw02,8FB0,72,1756,-84,-1756,0,3.21,52337
ground-height-0m-20260825-163632,d018m_r270_run01.csv,0,18,270,dw00;dw01;dw02;dw03;dw04;dw05;dw06;dw07;dw08,dw00;dw01;dw02;dw03;dw04;dw05;dw06;dw07;dw08,,90,1,2026-08-28T06:54:34.571+0200,dw04,0F85,224,1760,4,-960,1475,-3.03,62255
ground-height-0m-20260825-163632,d018m_r270_run01.csv,0,18,270,dw00;dw01;dw02;dw03;dw04;dw05;dw06;dw07;dw08,dw00;dw01;dw02;dw03;dw04;dw05;dw06;dw07;dw08,,105,1,2026-08-28T06:54:34.581+0200,dw05,4B92,236,1754,47,-493,1684,-3.66,72265
ground-height-0m-20260825-163632,d018m_r270_run01.csv,0,18,270,dw00;dw01;dw02;dw03;dw04;dw05;dw06;dw07;dw08,dw00;dw01;dw02;dw03;dw04;dw05;dw06;dw07;dw08,,125,1,2026-08-28T06:54:34.710+0200,dw06,0789,44,1754,104,120,1750,3.96,885
ground-height-0m-20260825-163632,d018m_r270_run01.csv,0,18,270,dw00;dw01;dw02;dw03;dw04;dw05;dw06;dw07;dw08,dw00;dw01;dw02;dw03;dw04;dw05;dw06;dw07;dw08,,75,1,2026-08-28T06:54:34.720+0200,dw03,021B,207,1751,-39,-1430,1010,2.83,12268
ground-height-0m-20260825-163632,d018m_r270_run01.csv,0,18,270,dw00;dw01;dw02;dw03;dw04;dw05;dw06;dw07;dw08,dw00;dw01;dw02;dw03;dw04;dw05;dw06;dw07;dw08,,165,1,2026-08-28T06:54:34.732+0200,dw08,028E,171,1758,144,558,1667,2.32,22277
ground-height-0m-20260825-163632,d018m_r270_run01.csv,0,18,270,dw00;dw01;dw02;dw03;dw04;dw05;dw06;dw07;dw08,dw00;dw01;dw02;dw03;dw04;dw05;dw06;dw07;dw08,,15,1,2026-08-28T06:54:34.741+0200,dw00,8103,229,1760,-156,1198,1288,-3.12,32287
ground-height-0m-20260825-163632,d018m_r270_run01.csv,0,18,270,dw00;dw01;dw02;dw03;dw04;dw05;dw06;dw07;dw08,dw00;dw01;dw02;dw03;dw04;dw05;dw06;dw07;dw08,,55,1,2026-08-28T06:54:34.761+0200,dw02,8FB0,73,1756,-88,1756,0,3.21,52337
ground-height-0m-20260825-163632,d018m_r270_run01.csv,0,18,270,dw00;dw01;dw02;dw03;dw04;dw05;dw06;dw07;dw08,dw00;dw01;dw02;dw03;dw04;dw05;dw06;dw07;dw08,,90,1,2026-08-28T06:54:34.771+0200,dw04,0F85,225,1760,6,-932,1493,-3.12,62255
ground-height-0m-20260825-163632,d018m_r270_run01.csv,0,18,270,dw00;dw01;dw02;dw03;dw04;dw05;dw06;dw07;dw08,dw00;dw01;dw02;dw03;dw04;dw05;dw06;dw07;dw08,,105,1,2026-08-28T06:54:34.781+0200,dw05,4B92,237,1755,50,-455,1695,-3.75,72265
ground-height-0m-20260825-163632,d018m_r270_run01.csv,0,18,270,dw00;dw01;dw02;dw03;dw04;dw05;dw06;dw07;dw08,dw00;dw01;dw02;dw03;dw04;dw05;dw06;dw07;dw08,,145,1,2026-08-28T06:54:34.901+0200,dw07,5783,8,1755,126,364,1717,2.38,2147483
ground-height-0m-20260825-163632,d018m_r270_run01.csv,0,18,270,dw00;dw01;dw02;dw03;dw04;dw05;dw06;dw07;dw08,dw00;dw01;dw02;dw03;dw04;dw05;dw06;dw07;dw08,,75,1,2026-08-28T06:54:34.921+0200,dw03,021B,208,1753,-41,-1450,985,2.77,12268
ground-height-0m-20260825-163632,d018m_r270_run01.csv,0,18,270,dw00;dw01;dw02;dw03;dw04;dw05;dw06;dw07;dw08,dw00;dw01;dw02;dw03;dw04;dw05;dw06;dw07;dw08,,165,1,2026-08-28T06:54:34.930+0200,dw08,028E,172,1762,135,463,1701,2.44,22308
ground-height-0m-20260825-163632,d018m_r270_run01.csv,0,18,270,dw00;dw01;dw02;dw03;dw04;dw05;dw06;dw07;dw08,dw00;dw01;dw02;dw03;dw04;dw05;dw06;dw07;dw08,,15,1,2026-08-28T06:54:34.941+0200,dw00,8103,230,1764,-152,1246,1249,-3.12,32287
ground-height-0m-20260825-163632,d018m_r270_run01.csv,0,18,270,dw00;dw01;dw02;dw03;dw04;dw05;dw06;dw07;dw08,dw00;dw01;dw02;dw03;dw04;dw05;dw06;dw07;dw08,,55,1,2026-08-28T06:54:34.961+0200,dw02,8FB0,74,1755,-94,1755,0,3.15,52337
ground-height-0m-20260825-163632,d018m_r270_run01.csv,0,18,270,dw00;dw01;dw02;dw03;dw04;dw05;dw06;dw07;dw08,dw00;dw01;dw02;dw03;dw04;dw05;dw06;dw07;dw08,,90,1,2026-08-28T06:54:34.970+0200,dw04,0F85,226,1759,7,-922,1497,-3.18,62286
ground-height-0m-20260825-163632,d018m_r270_run01.csv,0,18,270,dw00;dw01;dw02;dw03;dw04;dw05;dw06;dw07;dw08,dw00;dw01;dw02;dw03;dw04;dw05;dw06;dw07;dw08,,105,1,2026-08-28T06:54:34.981+0200,dw05,4B92,238,1756,48,-480,1689,-3.69,72265
ground-height-0m-20260825-163632,d018m_r270_run01.csv,0,18,270,dw00;dw01;dw02;dw03;dw04;dw05;dw06;dw07;dw08,dw00;dw01;dw02;dw03;dw04;dw05;dw06;dw07;dw08,,125,1,2026-08-28T06:54:34.991+0200,dw06,0789,45,1759,100,80,1757,4.14,82275
ground-height-0m-20260825-163632,d018m_r270_run01.csv,0,18,270,dw00;dw01;dw02;dw03;dw04;dw05;dw06;dw07;dw08,dw00;dw01;dw02;dw03;dw04;dw05;dw06;dw07;dw08,,145,1,2026-08-28T06:54:35.100+0200,dw07,5783,9,1760,124,342,1726,2.38,2147483
ground-height-0m-20260825-163632,d018m_r270_run01.csv,0,18,270,dw00;dw01;dw02;dw03;dw04;dw05;dw06;dw07;dw08,dw00;dw01;dw02;dw03;dw04;dw05;dw06;dw07;dw08,,75,1,2026-08-28T06:54:35.121+0200,dw03,021B,209,1752,-35,-1381,1078,2.95,12298
ground-height-0m-20260825-163632,d018m_r270_run01.csv,0,18,270,dw00;dw01;dw02;dw03;dw04;dw05;dw06;dw07;dw08,dw00;dw01;dw02;dw03;dw04;dw05;dw06;dw07;dw08,,165,1,2026-08-28T06:54:35.131+0200,dw08,028E,173,1762,158,716,1609,2.38,22308
ground-height-0m-20260825-163632,d018m_r270_run01.csv,0,18,270,dw00;dw01;dw02;dw03;dw04;dw05;dw06;dw07;dw08,dw00;dw01;dw02;dw03;dw04;dw05;dw06;dw07;dw08,,15,1,2026-08-28T06:54:35.140+0200,dw00,8103,231,1764,-144,1330,1159,-3.18,32257
ground-height-0m-20260825-163632,d018m_r270_run01.csv,0,18,270,dw00;dw01;dw02;dw03;dw04;dw05;dw06;dw07;dw08,dw00;dw01;dw02;dw03;dw04;dw05;dw06;dw07;dw08,,55,1,2026-08-28T06:54:35.161+0200,dw02,8FB0,75,1753,-93,1753,0,3.21,52337
ground-height-0m-20260825-163632,d018m_r270_run01.csv,0,18,270,dw00;dw01;dw02;dw03;dw04;dw05;dw06;dw07;dw08,dw00;dw01;dw02;dw03;dw04;dw05;dw06;dw07;dw08,,90,1,2026-08-28T06:54:35.171+0200,dw04,0F85,227,1756,9,-902,1507,-3.12,62255
ground-height-0m-20260825-163632,d018m_r270_run01.csv,0,18,270,dw00;dw01;dw02;dw03;dw04;dw05;dw06;dw07;dw08,dw00;dw01;dw02;dw03;dw04;dw05;dw06;dw07;dw08,,105,1,2026-08-28T06:54:35.180+0200,dw05,4B92,239,1756,50,-459,1695,-3.69,72265
ground-height-0m-20260825-163632,d018m_r270_run01.csv,0,18,270,dw00;dw01;dw02;dw03;dw04;dw05;dw06;dw07;dw08,dw00;dw01;dw02;dw03;dw04;dw05;dw06;dw07;dw08,,125,1,2026-08-28T06:54:35.191+0200,dw06,0789,46,1763,96,38,1763,4.02,82275
ground-height-0m-20260825-163632,d018m_r270_run01.csv,0,18,270,dw00;dw01;dw02;dw03;dw04;dw05;dw06;dw07;dw08,dw00;dw01;dw02;dw03;dw04;dw05;dw06;dw07;dw08,,145,1,2026-08-28T06:54:35.300+0200,dw07,5783,10,1762,130,402,1715,2.32,2147483
ground-height-0m-20260825-163632,d018m_r270_run01.csv,0,18,270,dw00;dw01;dw02;dw03;dw04;dw05;dw06;dw07;dw08,dw00;dw01;dw02;dw03;dw04;dw05;dw06;dw07;dw08,,75,1,2026-08-28T06:54:35.321+0200,dw03,021B,210,1752,-36,-1394,1060,2.77,12237
ground-height-0m-20260825-163632,d018m_r270_run01.csv,0,18,270,dw00;dw01;dw02;dw03;dw04;dw05;dw06;dw07;dw08,dw00;dw01;dw02;dw03;dw04;dw05;dw06;dw07;dw08,,165,1,2026-08-28T06:54:35.331+0200,dw08,028E,174,1761,138,493,1690,2.44,22277
ground-height-0m-20260825-163632,d018m_r270_run01.csv,0,18,270,dw00;dw01;dw02;dw03;dw04;dw05;dw06;dw07;dw08,dw00;dw01;dw02;dw03;dw04;dw05;dw06;dw07;dw08,,15,1,2026-08-28T06:54:35.341+0200,dw00,8103,232,1763,-157,1186,1304,-3.09,32287
ground-height-0m-20260825-163632,d018m_r270_run01.csv,0,18,270,dw00;dw01;dw02;dw03;dw04;dw05;dw06;dw07;dw08,dw00;dw01;dw02;dw03;dw04;dw05;dw06;dw07;dw08,,55,1,2026-08-28T06:54:35.361+0200,dw02,8FB0,76,1755,-96,1755,0,3.33,52337
ground-height-0m-20260825-163632,d018m_r270_run01.csv,0,18,270,dw00;dw01;dw02;dw03;dw04;dw05;dw06;dw07;dw08,dw00;dw01;dw02;dw03;dw04;dw05;dw06;dw07;dw08,,90,1,2026-08-28T06:54:35.371+0200,dw04,0F85,228,1756,13,-860,1531,-3.12,62255
ground-height-0m-20260825-163632,d018m_r270_run01.csv,0,18,270,dw00;dw01;dw02;dw03;dw04;dw05;dw06;dw07;dw08,dw00;dw01;dw02;dw03;dw04;dw05;dw06;dw07;dw08,,105,1,2026-08-28T06:54:35.381+0200,dw05,4B92,240,1756,52,-431,1702,-3.81,72265
ground-height-0m-20260825-163632,d018m_r270_run01.csv,0,18,270,dw00;dw01;dw02;dw03;dw04;dw05;dw06;dw07;dw08,dw00;dw01;dw02;dw03;dw04;dw05;dw06;dw07;dw08,,125,1,2026-08-28T06:54:35.390+0200,dw06,0789,47,1755,101,91,1753,4.02,82305
ground-height-0m-20260825-163632,d018m_r270_run01.csv,0,18,270,dw00;dw01;dw02;dw03;dw04;dw05;dw06;dw07;dw08,dw00;dw01;dw02;dw03;dw04;dw05;dw06;dw07;dw08,,75,1,2026-08-28T06:54:35.520+0200,dw03,021B,211,1752,-36,-1399,1054,2.77,12329
ground-height-0m-20260825-163632,d018m_r270_run01.csv,0,18,270,dw00;dw01;dw02;dw03;dw04;dw05;dw06;dw07;dw08,dw00;dw01;dw02;dw03;dw04;dw05;dw06;dw07;dw08,,165,1,2026-08-28T06:54:35.531+0200,dw08,028E,175,1760,149,618,1647,2.44,22277
ground-height-0m-20260825-163632,d018m_r270_run01.csv,0,18,270,dw00;dw01;dw02;dw03;dw04;dw05;dw06;dw07;dw08,dw00;dw01;dw02;dw03;dw04;dw05;dw06;dw07;dw08,,15,1,2026-08-28T06:54:35.541+0200,dw00,8103,233,1763,-148,1290,1202,-3.12,32287
ground-height-0m-20260825-163632,d018m_r270_run01.csv,0,18,270,dw00;dw01;dw02;dw03;dw04;dw05;dw06;dw07;dw08,dw00;dw01;dw02;dw03;dw04;dw05;dw06;dw07;dw08,,55,1,2026-08-28T06:54:35.560+0200,dw02,8FB0,77,1752,-89,1752,0,3.15,52398
ground-height-0m-20260825-163632,d018m_r270_run01.csv,0,18,270,dw00;dw01;dw02;dw03;dw04;dw05;dw06;dw07;dw08,dw00;dw01;dw02;dw03;dw04;dw05;dw06;dw07;dw08,,90,1,2026-08-28T06:54:35.571+0200,dw04,0F85,229,1756,11,-876,1522,-3.12,62316
ground-height-0m-20260825-163632,d018m_r270_run01.csv,0,18,270,dw00;dw01;dw02;dw03;dw04;dw05;dw06;dw07;dw08,dw00;dw01;dw02;dw03;dw04;dw05;dw06;dw07;dw08,,105,1,2026-08-28T06:54:35.581+0200,dw05,4B92,241,1758,48,-481,1691,-3.75,72296
ground-height-0m-20260825-163632,d018m_r270_run01.csv,0,18,270,dw00;dw01;dw02;dw03;dw04;dw05;dw06;dw07;dw08,dw00;dw01;dw02;dw03;dw04;dw05;dw06;dw07;dw08,,125,1,2026-08-28T06:54:35.590+0200,dw06,0789,48,1761,87,-53,1760,4.14,82336
ground-height-0m-20260825-163632,d018m_r270_run01.csv,0,18,270,dw00;dw01;dw02;dw03;dw04;dw05;dw06;dw07;dw08,dw00;dw01;dw02;dw03;dw04;dw05;dw06;dw07;dw08,,145,1,2026-08-28T06:54:35.716+0200,dw07,5783,12,1759,141,521,1680,2.44,2147483
ground-height-0m-20260825-163632,d018m_r270_run01.csv,0,18,270,dw00;dw01;dw02;dw03;dw04;dw05;dw06;dw07;dw08,dw00;dw01;dw02;dw03;dw04;dw05;dw06;dw07;dw08,,165,1,2026-08-28T06:54:35.730+0200,dw08,028E,176,1760,150,621,1646,2.50,2147483
ground-height-0m-20260825-163632,d018m_r270_run01.csv,0,18,270,dw00;dw01;dw02;dw03;dw04;dw05;dw06;dw07;dw08,dw00;dw01;dw02;dw03;dw04;dw05;dw06;dw07;dw08,,55,1,2026-08-28T06:54:35.760+0200,dw02,8FB0,78,1755,-99,1755,0,3.27,2147483
ground-height-0m-20260825-163632,d018m_r270_run01.csv,0,18,270,dw00;dw01;dw02;dw03;dw04;dw05;dw06;dw07;dw08,dw00;dw01;dw02;dw03;dw04;dw05;dw06;dw07;dw08,,90,1,2026-08-28T06:54:35.770+0200,dw04,0F85,230,1755,15,-842,1540,-3.09,2147483
ground-height-0m-20260825-163632,d018m_r270_run01.csv,0,18,270,dw00;dw01;dw02;dw03;dw04;dw05;dw06;dw07;dw08,dw00;dw01;dw02;dw03;dw04;dw05;dw06;dw07;dw08,,105,1,2026-08-28T06:54:35.781+0200,dw05,4B92,242,1755,53,-429,1702,-3.69,2147483
ground-height-0m-20260825-163632,d018m_r270_run01.csv,0,18,270,dw00;dw01;dw02;dw03;dw04;dw05;dw06;dw07;dw08,dw00;dw01;dw02;dw03;dw04;dw05;dw06;dw07;dw08,,125,1,2026-08-28T06:54:35.791+0200,dw06,0789,49,1760,98,55,1759,4.14,2147483
ground-height-0m-20260825-163632,d018m_r270_run01.csv,0,18,270,dw00;dw01;dw02;dw03;dw04;dw05;dw06;dw07;dw08,dw00;dw01;dw02;dw03;dw04;dw05;dw06;dw07;dw08,,75,1,2026-08-28T06:54:35.936+0200,dw03,021B,213,1750,-30,-1329,1138,2.95,27862
ground-height-0m-20260825-163632,d018m_r270_run01.csv,0,18,270,dw00;dw01;dw02;dw03;dw04;dw05;dw06;dw07;dw08,dw00;dw01;dw02;dw03;dw04;dw05;dw06;dw07;dw08,,165,1,2026-08-28T06:54:35.949+0200,dw08,028E,177,1760,127,373,1720,2.38,40832
ground-height-0m-20260825-163632,d018m_r270_run01.csv,0,18,270,dw00;dw01;dw02;dw03;dw04;dw05;dw06;dw07;dw08,dw00;dw01;dw02;dw03;dw04;dw05;dw06;dw07;dw08,,15,1,2026-08-28T06:54:35.959+0200,dw00,8103,235,1765,-141,1367,1116,-3.18,50811
ground-height-0m-20260825-163632,d018m_r270_run01.csv,0,18,270,dw00;dw01;dw02;dw03;dw04;dw05;dw06;dw07;dw08,dw00;dw01;dw02;dw03;dw04;dw05;dw06;dw07;dw08,,55,1,2026-08-28T06:54:35.979+0200,dw02,8FB0,79,1758,-71,-1758,0,3.27,71197
ground-height-0m-20260825-163632,d018m_r270_run01.csv,0,18,270,dw00;dw01;dw02;dw03;dw04;dw05;dw06;dw07;dw08,dw00;dw01;dw02;dw03;dw04;dw05;dw06;dw07;dw08,,90,1,2026-08-28T06:54:35.989+0200,dw04,0F85,231,1761,13,-865,1534,-3.09,80749
ground-height-0m-20260825-163632,d018m_r270_run01.csv,0,18,270,dw00;dw01;dw02;dw03;dw04;dw05;dw06;dw07;dw08,dw00;dw01;dw02;dw03;dw04;dw05;dw06;dw07;dw08,,105,1,2026-08-28T06:54:35.999+0200,dw05,4B92,243,1751,51,-448,1692,-3.75,90698
ground-height-0m-20260825-163632,d018m_r270_run01.csv,0,18,270,dw00;dw01;dw02;dw03;dw04;dw05;dw06;dw07;dw08,dw00;dw01;dw02;dw03;dw04;dw05;dw06;dw07;dw08,,125,1,2026-08-28T06:54:36.008+0200,dw06,0789,50,1760,99,66,1759,4.08,793
ground-height-0m-20260825-163632,d018m_r270_run01.csv,0,18,270,dw00;dw01;dw02;dw03;dw04;dw05;dw06;dw07;dw08,dw00;dw01;dw02;dw03;dw04;dw05;dw06;dw07;dw08,,75,1,2026-08-28T06:54:36.121+0200,dw03,021B,214,1750,-32,-1354,1109,2.77,12329
ground-height-0m-20260825-163632,d018m_r270_run01.csv,0,18,270,dw00;dw01;dw02;dw03;dw04;dw05;dw06;dw07;dw08,dw00;dw01;dw02;dw03;dw04;dw05;dw06;dw07;dw08,,165,1,2026-08-28T06:54:36.130+0200,dw08,028E,178,1759,142,534,1676,2.38,22277
ground-height-0m-20260825-163632,d018m_r270_run01.csv,0,18,270,dw00;dw01;dw02;dw03;dw04;dw05;dw06;dw07;dw08,dw00;dw01;dw02;dw03;dw04;dw05;dw06;dw07;dw08,,15,1,2026-08-28T06:54:36.140+0200,dw00,8103,236,1759,-159,1162,1320,-3.09,32257
ground-height-0m-20260825-163632,d018m_r270_run01.csv,0,18,270,dw00;dw01;dw02;dw03;dw04;dw05;dw06;dw07;dw08,dw00;dw01;dw02;dw03;dw04;dw05;dw06;dw07;dw08,,55,1,2026-08-28T06:54:36.161+0200,dw02,8FB0,80,1756,-82,-1756,0,3.33,52337
ground-height-0m-20260825-163632,d018m_r270_run01.csv,0,18,270,dw00;dw01;dw02;dw03;dw04;dw05;dw06;dw07;dw08,dw00;dw01;dw02;dw03;dw04;dw05;dw06;dw07;dw08,,90,1,2026-08-28T06:54:36.170+0200,dw04,0F85,232,1757,14,-848,1538,-3.09,62286
ground-height-0m-20260825-163632,d018m_r270_run01.csv,0,18,270,dw00;dw01;dw02;dw03;dw04;dw05;dw06;dw07;dw08,dw00;dw01;dw02;dw03;dw04;dw05;dw06;dw07;dw08,,105,1,2026-08-28T06:54:36.180+0200,dw05,4B92,244,1756,57,-387,1713,-3.81,72296
ground-height-0m-20260825-163632,d018m_r270_run01.csv,0,18,270,dw00;dw01;dw02;dw03;dw04;dw05;dw06;dw07;dw08,dw00;dw01;dw02;dw03;dw04;dw05;dw06;dw07;dw08,,125,1,2026-08-28T06:54:36.291+0200,dw06,0789,51,1758,100,78,1757,4.02,2147483
ground-height-0m-20260825-163632,d018m_r270_run01.csv,0,18,270,dw00;dw01;dw02;dw03;dw04;dw05;dw06;dw07;dw08,dw00;dw01;dw02;dw03;dw04;dw05;dw06;dw07;dw08,,75,1,2026-08-28T06:54:36.320+0200,dw03,021B,215,1752,-27,-1303,1171,2.89,12237
ground-height-0m-20260825-163632,d018m_r270_run01.csv,0,18,270,dw00;dw01;dw02;dw03;dw04;dw05;dw06;dw07;dw08,dw00;dw01;dw02;dw03;dw04;dw05;dw06;dw07;dw08,,165,1,2026-08-28T06:54:36.331+0200,dw08,028E,179,1761,140,520,1683,2.50,22277
ground-height-0m-20260825-163632,d018m_r270_run01.csv,0,18,270,dw00;dw01;dw02;dw03;dw04;dw05;dw06;dw07;dw08,dw00;dw01;dw02;dw03;dw04;dw05;dw06;dw07;dw08,,15,1,2026-08-28T06:54:36.340+0200,dw00,8103,237,1763,-146,1305,1185,-3.09,32287
ground-height-0m-20260825-163632,d018m_r270_run01.csv,0,18,270,dw00;dw01;dw02;dw03;dw04;dw05;dw06;dw07;dw08,dw00;dw01;dw02;dw03;dw04;dw05;dw06;dw07;dw08,,55,1,2026-08-28T06:54:36.360+0200,dw02,8FB0,81,1759,-87,1759,0,3.27,52368
ground-height-0m-20260825-163632,d018m_r270_run01.csv,0,18,270,dw00;dw01;dw02;dw03;dw04;dw05;dw06;dw07;dw08,dw00;dw01;dw02;dw03;dw04;dw05;dw06;dw07;dw08,,90,1,2026-08-28T06:54:36.371+0200,dw04,0F85,233,1758,6,-937,1487,-3.12,62255
ground-height-0m-20260825-163632,d018m_r270_run01.csv,0,18,270,dw00;dw01;dw02;dw03;dw04;dw05;dw06;dw07;dw08,dw00;dw01;dw02;dw03;dw04;dw05;dw06;dw07;dw08,,105,1,2026-08-28T06:54:36.380+0200,dw05,4B92,245,1755,48,-484,1687,-3.75,72296
ground-height-0m-20260825-163632,d018m_r270_run01.csv,0,18,270,dw00;dw01;dw02;dw03;dw04;dw05;dw06;dw07;dw08,dw00;dw01;dw02;dw03;dw04;dw05;dw06;dw07;dw08,,125,1,2026-08-28T06:54:36.508+0200,dw06,0789,52,1756,98,59,1755,3.96,946
ground-height-0m-20260825-163632,d018m_r270_run01.csv,0,18,270,dw00;dw01;dw02;dw03;dw04;dw05;dw06;dw07;dw08,dw00;dw01;dw02;dw03;dw04;dw05;dw06;dw07;dw08,,75,1,2026-08-28T06:54:36.520+0200,dw03,021B,216,1747,-30,-1332,1130,2.95,12298
ground-height-0m-20260825-163632,d018m_r270_run01.csv,0,18,270,dw00;dw01;dw02;dw03;dw04;dw05;dw06;dw07;dw08,dw00;dw01;dw02;dw03;dw04;dw05;dw06;dw07;dw08,,165,1,2026-08-28T06:54:36.530+0200,dw08,028E,180,1762,159,721,1607,2.38,22277
ground-height-0m-20260825-163632,d018m_r270_run01.csv,0,18,270,dw00;dw01;dw02;dw03;dw04;dw05;dw06;dw07;dw08,dw00;dw01;dw02;dw03;dw04;dw05;dw06;dw07;dw08,,15,1,2026-08-28T06:54:36.541+0200,dw00,8103,238,1763,-157,1184,1306,-3.24,32257
ground-height-0m-20260825-163632,d018m_r270_run01.csv,0,18,270,dw00;dw01;dw02;dw03;dw04;dw05;dw06;dw07;dw08,dw00;dw01;dw02;dw03;dw04;dw05;dw06;dw07;dw08,,55,1,2026-08-28T06:54:36.560+0200,dw02,8FB0,82,1754,-96,1754,0,3.15,52337
ground-height-0m-20260825-163632,d018m_r270_run01.csv,0,18,270,dw00;dw01;dw02;dw03;dw04;dw05;dw06;dw07;dw08,dw00;dw01;dw02;dw03;dw04;dw05;dw06;dw07;dw08,,90,1,2026-08-28T06:54:36.570+0200,dw04,0F85,234,1760,5,-947,1484,-3.03,62255
ground-height-0m-20260825-163632,d018m_r270_run01.csv,0,18,270,dw00;dw01;dw02;dw03;dw04;dw05;dw06;dw07;dw08,dw00;dw01;dw02;dw03;dw04;dw05;dw06;dw07;dw08,,105,1,2026-08-28T06:54:36.581+0200,dw05,4B92,246,1759,47,-493,1688,-3.69,72265
ground-height-0m-20260825-163632,d018m_r270_run01.csv,0,18,270,dw00;dw01;dw02;dw03;dw04;dw05;dw06;dw07;dw08,dw00;dw01;dw02;dw03;dw04;dw05;dw06;dw07;dw08,,75,1,2026-08-28T06:54:36.720+0200,dw03,021B,217,1753,-41,-1455,977,2.83,12268
ground-height-0m-20260825-163632,d018m_r270_run01.csv,0,18,270,dw00;dw01;dw02;dw03;dw04;dw05;dw06;dw07;dw08,dw00;dw01;dw02;dw03;dw04;dw05;dw06;dw07;dw08,,165,1,2026-08-28T06:54:36.730+0200,dw08,028E,181,1762,143,553,1673,2.38,22277
ground-height-0m-20260825-163632,d018m_r270_run01.csv,0,18,270,dw00;dw01;dw02;dw03;dw04;dw05;dw06;dw07;dw08,dw00;dw01;dw02;dw03;dw04;dw05;dw06;dw07;dw08,,15,1,2026-08-28T06:54:36.740+0200,dw00,8103,239,1764,-145,1323,1166,-3.24,32257
ground-height-0m-20260825-163632,d018m_r270_run01.csv,0,18,270,dw00;dw01;dw02;dw03;dw04;dw05;dw06;dw07;dw08,dw00;dw01;dw02;dw03;dw04;dw05;dw06;dw07;dw08,,55,1,2026-08-28T06:54:36.760+0200,dw02,8FB0,83,1754,-88,1754,0,3.27,52337
ground-height-0m-20260825-163632,d018m_r270_run01.csv,0,18,270,dw00;dw01;dw02;dw03;dw04;dw05;dw06;dw07;dw08,dw00;dw01;dw02;dw03;dw04;dw05;dw06;dw07;dw08,,90,1,2026-08-28T06:54:36.770+0200,dw04,0F85,235,1760,8,-916,1502,-3.12,62286
ground-height-0m-20260825-163632,d018m_r270_run01.csv,0,18,270,dw00;dw01;dw02;dw03;dw04;dw05;dw06;dw07;dw08,dw00;dw01;dw02;dw03;dw04;dw05;dw06;dw07;dw08,,105,1,2026-08-28T06:54:36.780+0200,dw05,4B92,247,1754,52,-434,1699,-3.72,72265
ground-height-0m-20260825-163632,d018m_r270_run01.csv,0,18,270,dw00;dw01;dw02;dw03;dw04;dw05;dw06;dw07;dw08,dw00;dw01;dw02;dw03;dw04;dw05;dw06;dw07;dw08,,125,1,2026-08-28T06:54:36.790+0200,dw06,0789,53,1757,101,88,1755,3.90,82336
ground-height-0m-20260825-163632,d018m_r270_run01.csv,0,18,270,dw00;dw01;dw02;dw03;dw04;dw05;dw06;dw07;dw08,dw00;dw01;dw02;dw03;dw04;dw05;dw06;dw07;dw08,,75,1,2026-08-28T06:54:36.921+0200,dw03,021B,218,1748,-31,-1339,1124,2.83,12268
ground-height-0m-20260825-163632,d018m_r270_run01.csv,0,18,270,dw00;dw01;dw02;dw03;dw04;dw05;dw06;dw07;dw08,dw00;dw01;dw02;dw03;dw04;dw05;dw06;dw07;dw08,,165,1,2026-08-28T06:54:36.930+0200,dw08,028E,182,1762,140,511,1686,2.38,22277
ground-height-0m-20260825-163632,d018m_r270_run01.csv,0,18,270,dw00;dw01;dw02;dw03;dw04;dw05;dw06;dw07;dw08,dw00;dw01;dw02;dw03;dw04;dw05;dw06;dw07;dw08,,15,1,2026-08-28T06:54:36.940+0200,dw00,8103,240,1760,46,-508,1685,-3.12,32287
ground-height-0m-20260825-163632,d018m_r270_run01.csv,0,18,270,dw00;dw01;dw02;dw03;dw04;dw05;dw06;dw07;dw08,dw00;dw01;dw02;dw03;dw04;dw05;dw06;dw07;dw08,,55,1,2026-08-28T06:54:36.960+0200,dw02,8FB0,84,1753,-80,-1753,0,3.21,52368
ground-height-0m-20260825-163632,d018m_r270_run01.csv,0,18,270,dw00;dw01;dw02;dw03;dw04;dw05;dw06;dw07;dw08,dw00;dw01;dw02;dw03;dw04;dw05;dw06;dw07;dw08,,105,1,2026-08-28T06:54:36.980+0200,dw05,4B92,248,1754,48,-484,1685,-3.66,72265
ground-height-0m-20260825-163632,d018m_r270_run01.csv,0,18,270,dw00;dw01;dw02;dw03;dw04;dw05;dw06;dw07;dw08,dw00;dw01;dw02;dw03;dw04;dw05;dw06;dw07;dw08,,125,1,2026-08-28T06:54:36.990+0200,dw06,0789,54,1761,98,59,1760,4.02,82275
ground-height-0m-20260825-163632,d018m_r270_run01.csv,0,18,270,dw00;dw01;dw02;dw03;dw04;dw05;dw06;dw07;dw08,dw00;dw01;dw02;dw03;dw04;dw05;dw06;dw07;dw08,,75,1,2026-08-28T06:54:37.120+0200,dw03,021B,219,1751,-33,-1364,1098,2.83,12268
ground-height-0m-20260825-163632,d018m_r270_run01.csv,0,18,270,dw00;dw01;dw02;dw03;dw04;dw05;dw06;dw07;dw08,dw00;dw01;dw02;dw03;dw04;dw05;dw06;dw07;dw08,,165,1,2026-08-28T06:54:37.131+0200,dw08,028E,183,1762,146,586,1662,2.50,22277
ground-height-0m-20260825-163632,d018m_r270_run01.csv,0,18,270,dw00;dw01;dw02;dw03;dw04;dw05;dw06;dw07;dw08,dw00;dw01;dw02;dw03;dw04;dw05;dw06;dw07;dw08,,15,1,2026-08-28T06:54:37.140+0200,dw00,8103,241,1766,-147,1299,1196,-3.18,32257
ground-height-0m-20260825-163632,d018m_r270_run01.csv,0,18,270,dw00;dw01;dw02;dw03;dw04;dw05;dw06;dw07;dw08,dw00;dw01;dw02;dw03;dw04;dw05;dw06;dw07;dw08,,55,1,2026-08-28T06:54:37.160+0200,dw02,8FB0,85,1756,-86,-1756,0,3.21,52337
ground-height-0m-20260825-163632,d018m_r270_run01.csv,0,18,270,dw00;dw01;dw02;dw03;dw04;dw05;dw06;dw07;dw08,dw00;dw01;dw02;dw03;dw04;dw05;dw06;dw07;dw08,,105,1,2026-08-28T06:54:37.180+0200,dw05,4B92,249,1754,57,-381,1712,-3.81,72265
ground-height-0m-20260825-163632,d018m_r270_run01.csv,0,18,270,dw00;dw01;dw02;dw03;dw04;dw05;dw06;dw07;dw08,dw00;dw01;dw02;dw03;dw04;dw05;dw06;dw07;dw08,,90,1,2026-08-28T06:54:37.186+0200,dw04,0F85,237,1758,4,-953,1477,-2.86,78002
ground-height-0m-20260825-163632,d018m_r270_run01.csv,0,18,270,dw00;dw01;dw02;dw03;dw04;dw05;dw06;dw07;dw08,dw00;dw01;dw02;dw03;dw04;dw05;dw06;dw07;dw08,,75,1,2026-08-28T06:54:37.320+0200,dw03,021B,220,1747,-34,-1367,1087,2.77,12298
ground-height-0m-20260825-163632,d018m_r270_run01.csv,0,18,270,dw00;dw01;dw02;dw03;dw04;dw05;dw06;dw07;dw08,dw00;dw01;dw02;dw03;dw04;dw05;dw06;dw07;dw08,,165,1,2026-08-28T06:54:37.330+0200,dw08,028E,184,1763,142,538,1679,2.44,22308
ground-height-0m-20260825-163632,d018m_r270_run01.csv,0,18,270,dw00;dw01;dw02;dw03;dw04;dw05;dw06;dw07;dw08,dw00;dw01;dw02;dw03;dw04;dw05;dw06;dw07;dw08,,15,1,2026-08-28T06:54:37.340+0200,dw00,8103,242,1762,-154,1220,1270,-3.24,32287
ground-height-0m-20260825-163632,d018m_r270_run01.csv,0,18,270,dw00;dw01;dw02;dw03;dw04;dw05;dw06;dw07;dw08,dw00;dw01;dw02;dw03;dw04;dw05;dw06;dw07;dw08,,55,1,2026-08-28T06:54:37.360+0200,dw02,8FB0,86,1754,-89,1753,0,3.27,52368
ground-height-0m-20260825-163632,d018m_r270_run01.csv,0,18,270,dw00;dw01;dw02;dw03;dw04;dw05;dw06;dw07;dw08,dw00;dw01;dw02;dw03;dw04;dw05;dw06;dw07;dw08,,90,1,2026-08-28T06:54:37.370+0200,dw04,0F85,238,1757,4,-953,1476,-3.18,62286
ground-height-0m-20260825-163632,d018m_r270_run01.csv,0,18,270,dw00;dw01;dw02;dw03;dw04;dw05;dw06;dw07;dw08,dw00;dw01;dw02;dw03;dw04;dw05;dw06;dw07;dw08,,105,1,2026-08-28T06:54:37.380+0200,dw05,4B92,250,1756,50,-453,1696,-3.69,72265
ground-height-0m-20260825-163632,d018m_r270_run01.csv,0,18,270,dw00;dw01;dw02;dw03;dw04;dw05;dw06;dw07;dw08,dw00;dw01;dw02;dw03;dw04;dw05;dw06;dw07;dw08,,125,1,2026-08-28T06:54:37.406+0200,dw06,0789,56,1761,98,56,1760,4.14,2147483
ground-height-0m-20260825-163632,d018m_r270_run01.csv,0,18,270,dw00;dw01;dw02;dw03;dw04;dw05;dw06;dw07;dw08,dw00;dw01;dw02;dw03;dw04;dw05;dw06;dw07;dw08,,75,1,2026-08-28T06:54:37.520+0200,dw03,021B,221,1753,-43,-1474,948,2.89,12268
ground-height-0m-20260825-163632,d018m_r270_run01.csv,0,18,270,dw00;dw01;dw02;dw03;dw04;dw05;dw06;dw07;dw08,dw00;dw01;dw02;dw03;dw04;dw05;dw06;dw07;dw08,,165,1,2026-08-28T06:54:37.530+0200,dw08,028E,185,1760,139,506,1685,2.50,22308
ground-height-0m-20260825-163632,d018m_r270_run01.csv,0,18,270,dw00;dw01;dw02;dw03;dw04;dw05;dw06;dw07;dw08,dw00;dw01;dw02;dw03;dw04;dw05;dw06;dw07;dw08,,15,1,2026-08-28T06:54:37.539+0200,dw00,8103,243,1762,-144,1335,1150,-3.18,32257
ground-height-0m-20260825-163632,d018m_r270_run01.csv,0,18,270,dw00;dw01;dw02;dw03;dw04;dw05;dw06;dw07;dw08,dw00;dw01;dw02;dw03;dw04;dw05;dw06;dw07;dw08,,55,1,2026-08-28T06:54:37.560+0200,dw02,8FB0,87,1754,-82,-1755,0,3.15,52398
ground-height-0m-20260825-163632,d018m_r270_run01.csv,0,18,270,dw00;dw01;dw02;dw03;dw04;dw05;dw06;dw07;dw08,dw00;dw01;dw02;dw03;dw04;dw05;dw06;dw07;dw08,,90,1,2026-08-28T06:54:37.570+0200,dw04,0F85,239,1759,9,-902,1510,-3.03,62255
ground-height-0m-20260825-163632,d018m_r270_run01.csv,0,18,270,dw00;dw01;dw02;dw03;dw04;dw05;dw06;dw07;dw08,dw00;dw01;dw02;dw03;dw04;dw05;dw06;dw07;dw08,,105,1,2026-08-28T06:54:37.580+0200,dw05,4B92,251,1756,52,-434,1702,-3.69,72265
ground-height-0m-20260825-163632,d018m_r270_run01.csv,0,18,270,dw00;dw01;dw02;dw03;dw04;dw05;dw06;dw07;dw08,dw00;dw01;dw02;dw03;dw04;dw05;dw06;dw07;dw08,,125,1,2026-08-28T06:54:37.590+0200,dw06,0789,57,1759,97,44,1758,4.08,82366
ground-height-0m-20260825-163632,d018m_r270_run01.csv,0,18,270,dw00;dw01;dw02;dw03;dw04;dw05;dw06;dw07;dw08,dw00;dw01;dw02;dw03;dw04;dw05;dw06;dw07;dw08,,75,1,2026-08-28T06:54:37.720+0200,dw03,021B,222,1748,-38,-1411,1032,2.83,12268
ground-height-0m-20260825-163632,d018m_r270_run01.csv,0,18,270,dw00;dw01;dw02;dw03;dw04;dw05;dw06;dw07;dw08,dw00;dw01;dw02;dw03;dw04;dw05;dw06;dw07;dw08,,165,1,2026-08-28T06:54:37.730+0200,dw08,028E,186,1763,145,566,1670,2.50,22308
ground-height-0m-20260825-163632,d018m_r270_run01.csv,0,18,270,dw00;dw01;dw02;dw03;dw04;dw05;dw06;dw07;dw08,dw00;dw01;dw02;dw03;dw04;dw05;dw06;dw07;dw08,,15,1,2026-08-28T06:54:37.740+0200,dw00,8103,244,1765,-133,1446,1012,-3.09,32257
ground-height-0m-20260825-163632,d018m_r270_run01.csv,0,18,270,dw00;dw01;dw02;dw03;dw04;dw05;dw06;dw07;dw08,dw00;dw01;dw02;dw03;dw04;dw05;dw06;dw07;dw08,,55,1,2026-08-28T06:54:37.760+0200,dw02,8FB0,88,1755,-89,1755,0,3.33,52368
ground-height-0m-20260825-163632,d018m_r270_run01.csv,0,18,270,dw00;dw01;dw02;dw03;dw04;dw05;dw06;dw07;dw08,dw00;dw01;dw02;dw03;dw04;dw05;dw06;dw07;dw08,,105,1,2026-08-28T06:54:37.780+0200,dw05,4B92,252,1752,51,-449,1693,-3.81,72265
ground-height-0m-20260825-163632,d018m_r270_run01.csv,0,18,270,dw00;dw01;dw02;dw03;dw04;dw05;dw06;dw07;dw08,dw00;dw01;dw02;dw03;dw04;dw05;dw06;dw07;dw08,,125,1,2026-08-28T06:54:37.789+0200,dw06,0789,58,1754,100,79,1753,4.02,82336
ground-height-0m-20260825-163632,d018m_r270_run01.csv,0,18,270,dw00;dw01;dw02;dw03;dw04;dw05;dw06;dw07;dw08,dw00;dw01;dw02;dw03;dw04;dw05;dw06;dw07;dw08,,75,1,2026-08-28T06:54:37.919+0200,dw03,021B,223,1750,-36,-1391,1061,2.83,12268
ground-height-0m-20260825-163632,d018m_r270_run01.csv,0,18,270,dw00;dw01;dw02;dw03;dw04;dw05;dw06;dw07;dw08,dw00;dw01;dw02;dw03;dw04;dw05;dw06;dw07;dw08,,165,1,2026-08-28T06:54:37.930+0200,dw08,028E,187,1765,144,561,1673,2.38,22277
ground-height-0m-20260825-163632,d018m_r270_run01.csv,0,18,270,dw00;dw01;dw02;dw03;dw04;dw05;dw06;dw07;dw08,dw00;dw01;dw02;dw03;dw04;dw05;dw06;dw07;dw08,,15,1,2026-08-28T06:54:37.940+0200,dw00,8103,245,1765,-170,1049,1419,-3.09,32287
ground-height-0m-20260825-163632,d018m_r270_run01.csv,0,18,270,dw00;dw01;dw02;dw03;dw04;dw05;dw06;dw07;dw08,dw00;dw01;dw02;dw03;dw04;dw05;dw06;dw07;dw08,,55,1,2026-08-28T06:54:37.959+0200,dw02,8FB0,89,1755,-82,-1755,0,3.15,52398
ground-height-0m-20260825-163632,d018m_r270_run01.csv,0,18,270,dw00;dw01;dw02;dw03;dw04;dw05;dw06;dw07;dw08,dw00;dw01;dw02;dw03;dw04;dw05;dw06;dw07;dw08,,105,1,2026-08-28T06:54:37.980+0200,dw05,4B92,253,1755,47,-492,1685,-3.81,72296
ground-height-0m-20260825-163632,d018m_r270_run01.csv,0,18,270,dw00;dw01;dw02;dw03;dw04;dw05;dw06;dw07;dw08,dw00;dw01;dw02;dw03;dw04;dw05;dw06;dw07;dw08,,90,1,2026-08-28T06:54:37.986+0200,dw04,0F85,241,1759,12,-875,1525,-2.98,78002
ground-height-0m-20260825-163632,d018m_r270_run01.csv,0,18,270,dw00;dw01;dw02;dw03;dw04;dw05;dw06;dw07;dw08,dw00;dw01;dw02;dw03;dw04;dw05;dw06;dw07;dw08,,75,1,2026-08-28T06:54:38.119+0200,dw03,021B,224,1747,-27,-1297,1170,2.71,12268
ground-height-0m-20260825-163632,d018m_r270_run01.csv,0,18,270,dw00;dw01;dw02;dw03;dw04;dw05;dw06;dw07;dw08,dw00;dw01;dw02;dw03;dw04;dw05;dw06;dw07;dw08,,165,1,2026-08-28T06:54:38.129+0200,dw08,028E,188,1759,159,719,1605,2.32,22277
ground-height-0m-20260825-163632,d018m_r270_run01.csv,0,18,270,dw00;dw01;dw02;dw03;dw04;dw05;dw06;dw07;dw08,dw00;dw01;dw02;dw03;dw04;dw05;dw06;dw07;dw08,,15,1,2026-08-28T06:54:38.140+0200,dw00,8103,246,1764,-153,1235,1259,-3.09,32257
ground-height-0m-20260825-163632,d018m_r270_run01.csv,0,18,270,dw00;dw01;dw02;dw03;dw04;dw05;dw06;dw07;dw08,dw00;dw01;dw02;dw03;dw04;dw05;dw06;dw07;dw08,,55,1,2026-08-28T06:54:38.160+0200,dw02,8FB0,90,1756,-88,1756,0,3.21,52307
ground-height-0m-20260825-163632,d018m_r270_run01.csv,0,18,270,dw00;dw01;dw02;dw03;dw04;dw05;dw06;dw07;dw08,dw00;dw01;dw02;dw03;dw04;dw05;dw06;dw07;dw08,,90,1,2026-08-28T06:54:38.169+0200,dw04,0F85,242,1758,8,-910,1504,-3.12,62316
ground-height-0m-20260825-163632,d018m_r270_run01.csv,0,18,270,dw00;dw01;dw02;dw03;dw04;dw05;dw06;dw07;dw08,dw00;dw01;dw02;dw03;dw04;dw05;dw06;dw07;dw08,,105,1,2026-08-28T06:54:38.180+0200,dw05,4B92,254,1752,52,-436,1697,-3.66,72265
ground-height-0m-20260825-163632,d018m_r270_run01.csv,0,18,270,dw00;dw01;dw02;dw03;dw04;dw05;dw06;dw07;dw08,dw00;dw01;dw02;dw03;dw04;dw05;dw06;dw07;dw08,,125,1,2026-08-28T06:54:38.205+0200,dw06,0789,60,1759,100,83,1757,4.02,2147483
ground-height-0m-20260825-163632,d018m_r270_run01.csv,0,18,270,dw00;dw01;dw02;dw03;dw04;dw05;dw06;dw07;dw08,dw00;dw01;dw02;dw03;dw04;dw05;dw06;dw07;dw08,,75,1,2026-08-28T06:54:38.320+0200,dw03,021B,225,1748,-28,-1306,1161,2.83,12298
ground-height-0m-20260825-163632,d018m_r270_run01.csv,0,18,270,dw00;dw01;dw02;dw03;dw04;dw05;dw06;dw07;dw08,dw00;dw01;dw02;dw03;dw04;dw05;dw06;dw07;dw08,,165,1,2026-08-28T06:54:38.329+0200,dw08,028E,189,1763,144,563,1671,2.44,22277
ground-height-0m-20260825-163632,d018m_r270_run01.csv,0,18,270,dw00;dw01;dw02;dw03;dw04;dw05;dw06;dw07;dw08,dw00;dw01;dw02;dw03;dw04;dw05;dw06;dw07;dw08,,15,1,2026-08-28T06:54:38.339+0200,dw00,8103,247,1762,-151,1257,1235,-3.18,32257
ground-height-0m-20260825-163632,d018m_r270_run01.csv,0,18,270,dw00;dw01;dw02;dw03;dw04;dw05;dw06;dw07;dw08,dw00;dw01;dw02;dw03;dw04;dw05;dw06;dw07;dw08,,55,1,2026-08-28T06:54:38.360+0200,dw02,8FB0,91,1755,-85,-1756,0,3.27,52368
ground-height-0m-20260825-163632,d018m_r270_run01.csv,0,18,270,dw00;dw01;dw02;dw03;dw04;dw05;dw06;dw07;dw08,dw00;dw01;dw02;dw03;dw04;dw05;dw06;dw07;dw08,,90,1,2026-08-28T06:54:38.369+0200,dw04,0F85,243,1757,8,-916,1500,-3.09,62225
ground-height-0m-20260825-163632,d018m_r270_run01.csv,0,18,270,dw00;dw01;dw02;dw03;dw04;dw05;dw06;dw07;dw08,dw00;dw01;dw02;dw03;dw04;dw05;dw06;dw07;dw08,,105,1,2026-08-28T06:54:38.379+0200,dw05,4B92,255,1757,47,-486,1688,-3.81,72265
ground-height-0m-20260825-163632,d018m_r270_run01.csv,0,18,270,dw00;dw01;dw02;dw03;dw04;dw05;dw06;dw07;dw08,dw00;dw01;dw02;dw03;dw04;dw05;dw06;dw07;dw08,,125,1,2026-08-28T06:54:38.390+0200,dw06,0789,61,1759,90,-23,1759,4.02,82336
ground-height-0m-20260825-163632,d018m_r270_run01.csv,0,18,270,dw00;dw01;dw02;dw03;dw04;dw05;dw06;dw07;dw08,dw00;dw01;dw02;dw03;dw04;dw05;dw06;dw07;dw08,,75,1,2026-08-28T06:54:38.520+0200,dw03,021B,226,1754,-37,-1408,1044,2.95,12268
ground-height-0m-20260825-163632,d018m_r270_run01.csv,0,18,270,dw00;dw01;dw02;dw03;dw04;dw05;dw06;dw07;dw08,dw00;dw01;dw02;dw03;dw04;dw05;dw06;dw07;dw08,,165,1,2026-08-28T06:54:38.530+0200,dw08,028E,190,1760,155,679,1623,2.44,22277
ground-height-0m-20260825-163632,d018m_r270_run01.csv,0,18,270,dw00;dw01;dw02;dw03;dw04;dw05;dw06;dw07;dw08,dw00;dw01;dw02;dw03;dw04;dw05;dw06;dw07;dw08,,15,1,2026-08-28T06:54:38.539+0200,dw00,8103,248,1762,39,-580,1664,-3.18,32287
ground-height-0m-20260825-163632,d018m_r270_run01.csv,0,18,270,dw00;dw01;dw02;dw03;dw04;dw05;dw06;dw07;dw08,dw00;dw01;dw02;dw03;dw04;dw05;dw06;dw07;dw08,,55,1,2026-08-28T06:54:38.560+0200,dw02,8FB0,92,1756,-84,-1756,0,3.33,52368
ground-height-0m-20260825-163632,d018m_r270_run01.csv,0,18,270,dw00;dw01;dw02;dw03;dw04;dw05;dw06;dw07;dw08,dw00;dw01;dw02;dw03;dw04;dw05;dw06;dw07;dw08,,90,1,2026-08-28T06:54:38.570+0200,dw04,0F85,244,1758,12,-868,1528,-3.24,62255
ground-height-0m-20260825-163632,d018m_r270_run01.csv,0,18,270,dw00;dw01;dw02;dw03;dw04;dw05;dw06;dw07;dw08,dw00;dw01;dw02;dw03;dw04;dw05;dw06;dw07;dw08,,105,1,2026-08-28T06:54:38.579+0200,dw05,4B92,0,1754,47,-495,1683,-3.75,72296
ground-height-0m-20260825-163632,d018m_r270_run01.csv,0,18,270,dw00;dw01;dw02;dw03;dw04;dw05;dw06;dw07;dw08,dw00;dw01;dw02;dw03;dw04;dw05;dw06;dw07;dw08,,125,1,2026-08-28T06:54:38.589+0200,dw06,0789,62,1753,103,117,1749,4.02,82305
ground-height-0m-20260825-163632,d018m_r270_run01.csv,0,18,270,dw00;dw01;dw02;dw03;dw04;dw05;dw06;dw07;dw08,dw00;dw01;dw02;dw03;dw04;dw05;dw06;dw07;dw08,,75,1,2026-08-28T06:54:38.719+0200,dw03,021B,227,1751,-31,-1338,1129,2.71,12268
ground-height-0m-20260825-163632,d018m_r270_run01.csv,0,18,270,dw00;dw01;dw02;dw03;dw04;dw05;dw06;dw07;dw08,dw00;dw01;dw02;dw03;dw04;dw05;dw06;dw07;dw08,,165,1,2026-08-28T06:54:38.730+0200,dw08,028E,191,1762,141,530,1681,2.44,22277
ground-height-0m-20260825-163632,d018m_r270_run01.csv,0,18,270,dw00;dw01;dw02;dw03;dw04;dw05;dw06;dw07;dw08,dw00;dw01;dw02;dw03;dw04;dw05;dw06;dw07;dw08,,15,1,2026-08-28T06:54:38.740+0200,dw00,8103,249,1762,-161,1147,1337,-3.18,32257
ground-height-0m-20260825-163632,d018m_r270_run01.csv,0,18,270,dw00;dw01;dw02;dw03;dw04;dw05;dw06;dw07;dw08,dw00;dw01;dw02;dw03;dw04;dw05;dw06;dw07;dw08,,55,1,2026-08-28T06:54:38.759+0200,dw02,8FB0,93,1758,-81,-1758,0,3.15,52337
ground-height-0m-20260825-163632,d018m_r270_run01.csv,0,18,270,dw00;dw01;dw02;dw03;dw04;dw05;dw06;dw07;dw08,dw00;dw01;dw02;dw03;dw04;dw05;dw06;dw07;dw08,,90,1,2026-08-28T06:54:38.770+0200,dw04,0F85,245,1762,8,-915,1505,-3.09,62316
ground-height-0m-20260825-163632,d018m_r270_run01.csv,0,18,270,dw00;dw01;dw02;dw03;dw04;dw05;dw06;dw07;dw08,dw00;dw01;dw02;dw03;dw04;dw05;dw06;dw07;dw08,,105,1,2026-08-28T06:54:38.780+0200,dw05,4B92,1,1758,57,-379,1716,-3.81,72265
ground-height-0m-20260825-163632,d018m_r270_run01.csv,0,18,270,dw00;dw01;dw02;dw03;dw04;dw05;dw06;dw07;dw08,dw00;dw01;dw02;dw03;dw04;dw05;dw06;dw07;dw08,,125,1,2026-08-28T06:54:38.789+0200,dw06,0789,63,1756,97,54,1755,4.14,82336
ground-height-0m-20260825-163632,d018m_r270_run01.csv,0,18,270,dw00;dw01;dw02;dw03;dw04;dw05;dw06;dw07;dw08,dw00;dw01;dw02;dw03;dw04;dw05;dw06;dw07;dw08,,75,1,2026-08-28T06:54:38.919+0200,dw03,021B,228,1753,-39,-1434,1007,2.89,12268
ground-height-0m-20260825-163632,d018m_r270_run01.csv,0,18,270,dw00;dw01;dw02;dw03;dw04;dw05;dw06;dw07;dw08,dw00;dw01;dw02;dw03;dw04;dw05;dw06;dw07;dw08,,165,1,2026-08-28T06:54:38.929+0200,dw08,028E,192,1757,67,-271,1736,2.38,22308
ground-height-0m-20260825-163632,d018m_r270_run01.csv,0,18,270,dw00;dw01;dw02;dw03;dw04;dw05;dw06;dw07;dw08,dw00;dw01;dw02;dw03;dw04;dw05;dw06;dw07;dw08,,15,1,2026-08-28T06:54:38.940+0200,dw00,8103,250,1761,-140,1367,1109,-3.18,32257
ground-height-0m-20260825-163632,d018m_r270_run01.csv,0,18,270,dw00;dw01;dw02;dw03;dw04;dw05;dw06;dw07;dw08,dw00;dw01;dw02;dw03;dw04;dw05;dw06;dw07;dw08,,55,1,2026-08-28T06:54:38.959+0200,dw02,8FB0,94,1759,-82,-1759,0,3.33,52398
ground-height-0m-20260825-163632,d018m_r270_run01.csv,0,18,270,dw00;dw01;dw02;dw03;dw04;dw05;dw06;dw07;dw08,dw00;dw01;dw02;dw03;dw04;dw05;dw06;dw07;dw08,,90,1,2026-08-28T06:54:38.969+0200,dw04,0F85,246,1757,8,-909,1503,-3.09,62255
ground-height-0m-20260825-163632,d018m_r270_run01.csv,0,18,270,dw00;dw01;dw02;dw03;dw04;dw05;dw06;dw07;dw08,dw00;dw01;dw02;dw03;dw04;dw05;dw06;dw07;dw08,,105,1,2026-08-28T06:54:38.980+0200,dw05,4B92,2,1755,41,-558,1664,-3.66,72265
ground-height-0m-20260825-163632,d018m_r270_run01.csv,0,18,270,dw00;dw01;dw02;dw03;dw04;dw05;dw06;dw07;dw08,dw00;dw01;dw02;dw03;dw04;dw05;dw06;dw07;dw08,,125,1,2026-08-28T06:54:38.989+0200,dw06,0789,64,1758,97,53,1757,4.02,82305
ground-height-0m-20260825-163632,d018m_r270_run01.csv,0,18,270,dw00;dw01;dw02;dw03;dw04;dw05;dw06;dw07;dw08,dw00;dw01;dw02;dw03;dw04;dw05;dw06;dw07;dw08,,75,1,2026-08-28T06:54:39.119+0200,dw03,021B,229,1750,-30,-1331,1136,2.83,12268
ground-height-0m-20260825-163632,d018m_r270_run01.csv,0,18,270,dw00;dw01;dw02;dw03;dw04;dw05;dw06;dw07;dw08,dw00;dw01;dw02;dw03;dw04;dw05;dw06;dw07;dw08,,165,1,2026-08-28T06:54:39.129+0200,dw08,028E,193,1762,148,598,1657,2.50,22277
ground-height-0m-20260825-163632,d018m_r270_run01.csv,0,18,270,dw00;dw01;dw02;dw03;dw04;dw05;dw06;dw07;dw08,dw00;dw01;dw02;dw03;dw04;dw05;dw06;dw07;dw08,,15,1,2026-08-28T06:54:39.139+0200,dw00,8103,251,1762,-163,1127,1355,-3.18,32257
ground-height-0m-20260825-163632,d018m_r270_run01.csv,0,18,270,dw00;dw01;dw02;dw03;dw04;dw05;dw06;dw07;dw08,dw00;dw01;dw02;dw03;dw04;dw05;dw06;dw07;dw08,,55,1,2026-08-28T06:54:39.159+0200,dw02,8FB0,95,1758,-92,1758,0,3.27,52368
ground-height-0m-20260825-163632,d018m_r270_run01.csv,0,18,270,dw00;dw01;dw02;dw03;dw04;dw05;dw06;dw07;dw08,dw00;dw01;dw02;dw03;dw04;dw05;dw06;dw07;dw08,,90,1,2026-08-28T06:54:39.169+0200,dw04,0F85,247,1755,9,-903,1505,-3.09,62255
ground-height-0m-20260825-163632,d018m_r270_run01.csv,0,18,270,dw00;dw01;dw02;dw03;dw04;dw05;dw06;dw07;dw08,dw00;dw01;dw02;dw03;dw04;dw05;dw06;dw07;dw08,,105,1,2026-08-28T06:54:39.179+0200,dw05,4B92,3,1755,61,-336,1723,-3.81,72265
ground-height-0m-20260825-163632,d018m_r270_run01.csv,0,18,270,dw00;dw01;dw02;dw03;dw04;dw05;dw06;dw07;dw08,dw00;dw01;dw02;dw03;dw04;dw05;dw06;dw07;dw08,,75,1,2026-08-28T06:54:39.320+0200,dw03,021B,230,1754,-28,-1307,1170,2.83,12268
ground-height-0m-20260825-163632,d018m_r270_run01.csv,0,18,270,dw00;dw01;dw02;dw03;dw04;dw05;dw06;dw07;dw08,dw00;dw01;dw02;dw03;dw04;dw05;dw06;dw07;dw08,,165,1,2026-08-28T06:54:39.329+0200,dw08,028E,194,1767,151,637,1648,2.44,22277
ground-height-0m-20260825-163632,d018m_r270_run01.csv,0,18,270,dw00;dw01;dw02;dw03;dw04;dw05;dw06;dw07;dw08,dw00;dw01;dw02;dw03;dw04;dw05;dw06;dw07;dw08,,15,1,2026-08-28T06:54:39.339+0200,dw00,8103,252,1763,-148,1288,1204,-3.12,32257
ground-height-0m-20260825-163632,d018m_r270_run01.csv,0,18,270,dw00;dw01;dw02;dw03;dw04;dw05;dw06;dw07;dw08,dw00;dw01;dw02;dw03;dw04;dw05;dw06;dw07;dw08,,55,1,2026-08-28T06:54:39.360+0200,dw02,8FB0,96,1754,-88,1754,0,3.09,52368
ground-height-0m-20260825-163632,d018m_r270_run01.csv,0,18,270,dw00;dw01;dw02;dw03;dw04;dw05;dw06;dw07;dw08,dw00;dw01;dw02;dw03;dw04;dw05;dw06;dw07;dw08,,90,1,2026-08-28T06:54:39.369+0200,dw04,0F85,248,1760,17,-821,1557,-3.12,62255
ground-height-0m-20260825-163632,d018m_r270_run01.csv,0,18,270,dw00;dw01;dw02;dw03;dw04;dw05;dw06;dw07;dw08,dw00;dw01;dw02;dw03;dw04;dw05;dw06;dw07;dw08,,105,1,2026-08-28T06:54:39.379+0200,dw05,4B92,4,1755,53,-430,1701,-3.75,72265
ground-height-0m-20260825-163632,d018m_r270_run01.csv,0,18,270,dw00;dw01;dw02;dw03;dw04;dw05;dw06;dw07;dw08,dw00;dw01;dw02;dw03;dw04;dw05;dw06;dw07;dw08,,125,1,2026-08-28T06:54:39.404+0200,dw06,0789,66,1762,106,146,1755,4.20,2147483
ground-height-0m-20260825-163632,d018m_r270_run01.csv,0,18,270,dw00;dw01;dw02;dw03;dw04;dw05;dw06;dw07;dw08,dw00;dw01;dw02;dw03;dw04;dw05;dw06;dw07;dw08,,75,1,2026-08-28T06:54:39.519+0200,dw03,021B,231,1747,-33,-1359,1099,2.83,12268
ground-height-0m-20260825-163632,d018m_r270_run01.csv,0,18,270,dw00;dw01;dw02;dw03;dw04;dw05;dw06;dw07;dw08,dw00;dw01;dw02;dw03;dw04;dw05;dw06;dw07;dw08,,165,1,2026-08-28T06:54:39.530+0200,dw08,028E,195,1759,31,-667,1628,2.44,22277
ground-height-0m-20260825-163632,d018m_r270_run01.csv,0,18,270,dw00;dw01;dw02;dw03;dw04;dw05;dw06;dw07;dw08,dw00;dw01;dw02;dw03;dw04;dw05;dw06;dw07;dw08,,15,1,2026-08-28T06:54:39.539+0200,dw00,8103,253,1763,-157,1185,1306,-3.12,32257
ground-height-0m-20260825-163632,d018m_r270_run01.csv,0,18,270,dw00;dw01;dw02;dw03;dw04;dw05;dw06;dw07;dw08,dw00;dw01;dw02;dw03;dw04;dw05;dw06;dw07;dw08,,55,1,2026-08-28T06:54:39.559+0200,dw02,8FB0,97,1755,-103,1755,0,3.33,52368
ground-height-0m-20260825-163632,d018m_r270_run01.csv,0,18,270,dw00;dw01;dw02;dw03;dw04;dw05;dw06;dw07;dw08,dw00;dw01;dw02;dw03;dw04;dw05;dw06;dw07;dw08,,90,1,2026-08-28T06:54:39.570+0200,dw04,0F85,249,1760,12,-873,1527,-3.12,62255
ground-height-0m-20260825-163632,d018m_r270_run01.csv,0,18,270,dw00;dw01;dw02;dw03;dw04;dw05;dw06;dw07;dw08,dw00;dw01;dw02;dw03;dw04;dw05;dw06;dw07;dw08,,105,1,2026-08-28T06:54:39.579+0200,dw05,4B92,5,1755,55,-404,1708,-3.66,72265
ground-height-0m-20260825-163632,d018m_r270_run01.csv,0,18,270,dw00;dw01;dw02;dw03;dw04;dw05;dw06;dw07;dw08,dw00;dw01;dw02;dw03;dw04;dw05;dw06;dw07;dw08,,125,1,2026-08-28T06:54:39.589+0200,dw06,0789,67,1758,100,86,1756,4.02,82366
ground-height-0m-20260825-163632,d018m_r270_run01.csv,0,18,270,dw00;dw01;dw02;dw03;dw04;dw05;dw06;dw07;dw08,dw00;dw01;dw02;dw03;dw04;dw05;dw06;dw07;dw08,,75,1,2026-08-28T06:54:39.719+0200,dw03,021B,232,1749,-26,-1283,1189,2.83,12268
ground-height-0m-20260825-163632,d018m_r270_run01.csv,0,18,270,dw00;dw01;dw02;dw03;dw04;dw05;dw06;dw07;dw08,dw00;dw01;dw02;dw03;dw04;dw05;dw06;dw07;dw08,,165,1,2026-08-28T06:54:39.729+0200,dw08,028E,196,1754,143,549,1666,2.32,22277
ground-height-0m-20260825-163632,d018m_r270_run01.csv,0,18,270,dw00;dw01;dw02;dw03;dw04;dw05;dw06;dw07;dw08,dw00;dw01;dw02;dw03;dw04;dw05;dw06;dw07;dw08,,15,1,2026-08-28T06:54:39.739+0200,dw00,8103,254,1763,-157,1185,1305,-3.09,32318
ground-height-0m-20260825-163632,d018m_r270_run01.csv,0,18,270,dw00;dw01;dw02;dw03;dw04;dw05;dw06;dw07;dw08,dw00;dw01;dw02;dw03;dw04;dw05;dw06;dw07;dw08,,55,1,2026-08-28T06:54:39.759+0200,dw02,8FB0,98,1756,-97,1756,0,3.21,52368
ground-height-0m-20260825-163632,d018m_r270_run01.csv,0,18,270,dw00;dw01;dw02;dw03;dw04;dw05;dw06;dw07;dw08,dw00;dw01;dw02;dw03;dw04;dw05;dw06;dw07;dw08,,90,1,2026-08-28T06:54:39.769+0200,dw04,0F85,250,1758,7,-930,1492,-3.18,62255
ground-height-0m-20260825-163632,d018m_r270_run01.csv,0,18,270,dw00;dw01;dw02;dw03;dw04;dw05;dw06;dw07;dw08,dw00;dw01;dw02;dw03;dw04;dw05;dw06;dw07;dw08,,105,1,2026-08-28T06:54:39.780+0200,dw05,4B92,6,1759,44,-524,1679,-3.69,72296
ground-height-0m-20260825-163632,d018m_r270_run01.csv,0,18,270,dw00;dw01;dw02;dw03;dw04;dw05;dw06;dw07;dw08,dw00;dw01;dw02;dw03;dw04;dw05;dw06;dw07;dw08,,125,1,2026-08-28T06:54:39.789+0200,dw06,0789,68,1756,91,-12,1756,4.08,82305
ground-height-0m-20260825-163632,d018m_r270_run01.csv,0,18,270,dw00;dw01;dw02;dw03;dw04;dw05;dw06;dw07;dw08,dw00;dw01;dw02;dw03;dw04;dw05;dw06;dw07;dw08,,75,1,2026-08-28T06:54:39.919+0200,dw03,021B,233,1747,-35,-1377,1076,2.89,12298
ground-height-0m-20260825-163632,d018m_r270_run01.csv,0,18,270,dw00;dw01;dw02;dw03;dw04;dw05;dw06;dw07;dw08,dw00;dw01;dw02;dw03;dw04;dw05;dw06;dw07;dw08,,165,1,2026-08-28T06:54:39.929+0200,dw08,028E,197,1762,140,521,1684,2.44,22277
ground-height-0m-20260825-163632,d018m_r270_run01.csv,0,18,270,dw00;dw01;dw02;dw03;dw04;dw05;dw06;dw07;dw08,dw00;dw01;dw02;dw03;dw04;dw05;dw06;dw07;dw08,,15,1,2026-08-28T06:54:39.939+0200,dw00,8103,255,1762,-142,1351,1132,-3.09,32257
ground-height-0m-20260825-163632,d018m_r270_run01.csv,0,18,270,dw00;dw01;dw02;dw03;dw04;dw05;dw06;dw07;dw08,dw00;dw01;dw02;dw03;dw04;dw05;dw06;dw07;dw08,,55,1,2026-08-28T06:54:39.959+0200,dw02,8FB0,99,1757,-96,1757,0,3.27,52368
ground-height-0m-20260825-163632,d018m_r270_run01.csv,0,18,270,dw00;dw01;dw02;dw03;dw04;dw05;dw06;dw07;dw08,dw00;dw01;dw02;dw03;dw04;dw05;dw06;dw07;dw08,,90,1,2026-08-28T06:54:39.969+0200,dw04,0F85,251,1758,14,-845,1542,-3.18,62255
ground-height-0m-20260825-163632,d018m_r270_run01.csv,0,18,270,dw00;dw01;dw02;dw03;dw04;dw05;dw06;dw07;dw08,dw00;dw01;dw02;dw03;dw04;dw05;dw06;dw07;dw08,,105,1,2026-08-28T06:54:39.979+0200,dw05,4B92,7,1756,49,-466,1693,-3.81,72235
ground-height-0m-20260825-163632,d018m_r270_run01.csv,0,18,270,dw00;dw01;dw02;dw03;dw04;dw05;dw06;dw07;dw08,dw00;dw01;dw02;dw03;dw04;dw05;dw06;dw07;dw08,,125,1,2026-08-28T06:54:39.989+0200,dw06,0789,69,1759,104,120,1755,4.02,82275
ground-height-0m-20260825-163632,d018m_r270_run01.csv,0,18,270,dw00;dw01;dw02;dw03;dw04;dw05;dw06;dw07;dw08,dw00;dw01;dw02;dw03;dw04;dw05;dw06;dw07;dw08,,35,1,2026-08-28T06:54:40.049+0200,dw01,1729,6,1756,-137,1403,1055,2.38,42297
ground-height-0m-20260825-163632,d018m_r270_run01.csv,0,18,270,dw00;dw01;dw02;dw03;dw04;dw05;dw06;dw07;dw08,dw00;dw01;dw02;dw03;dw04;dw05;dw06;dw07;dw08,,75,1,2026-08-28T06:54:40.119+0200,dw03,021B,234,1749,-26,-1289,1182,2.77,12268
ground-height-0m-20260825-163632,d018m_r270_run01.csv,0,18,270,dw00;dw01;dw02;dw03;dw04;dw05;dw06;dw07;dw08,dw00;dw01;dw02;dw03;dw04;dw05;dw06;dw07;dw08,,165,1,2026-08-28T06:54:40.129+0200,dw08,028E,198,1760,146,578,1662,2.38,22308
ground-height-0m-20260825-163632,d018m_r270_run01.csv,0,18,270,dw00;dw01;dw02;dw03;dw04;dw05;dw06;dw07;dw08,dw00;dw01;dw02;dw03;dw04;dw05;dw06;dw07;dw08,,15,1,2026-08-28T06:54:40.139+0200,dw00,8103,0,1769,-140,1373,1114,-3.09,32226
ground-height-0m-20260825-163632,d018m_r270_run01.csv,0,18,270,dw00;dw01;dw02;dw03;dw04;dw05;dw06;dw07;dw08,dw00;dw01;dw02;dw03;dw04;dw05;dw06;dw07;dw08,,55,1,2026-08-28T06:54:40.160+0200,dw02,8FB0,100,1755,-84,-1756,0,3.33,52398
ground-height-0m-20260825-163632,d018m_r270_run01.csv,0,18,270,dw00;dw01;dw02;dw03;dw04;dw05;dw06;dw07;dw08,dw00;dw01;dw02;dw03;dw04;dw05;dw06;dw07;dw08,,90,1,2026-08-28T06:54:40.169+0200,dw04,0F85,252,1756,12,-869,1525,-3.12,62255
ground-height-0m-20260825-163632,d018m_r270_run01.csv,0,18,270,dw00;dw01;dw02;dw03;dw04;dw05;dw06;dw07;dw08,dw00;dw01;dw02;dw03;dw04;dw05;dw06;dw07;dw08,,105,1,2026-08-28T06:54:40.179+0200,dw05,4B92,8,1759,63,-320,1730,-3.69,72265
ground-height-0m-20260825-163632,d018m_r270_run01.csv,0,18,270,dw00;dw01;dw02;dw03;dw04;dw05;dw06;dw07;dw08,dw00;dw01;dw02;dw03;dw04;dw05;dw06;dw07;dw08,,125,1,2026-08-28T06:54:40.189+0200,dw06,0789,70,1756,94,16,1756,3.96,82305
ground-height-0m-20260825-163632,d018m_r270_run01.csv,0,18,270,dw00;dw01;dw02;dw03;dw04;dw05;dw06;dw07;dw08,dw00;dw01;dw02;dw03;dw04;dw05;dw06;dw07;dw08,,75,1,2026-08-28T06:54:40.318+0200,dw03,021B,235,1747,-42,-1458,963,2.89,12268
ground-height-0m-20260825-163632,d018m_r270_run01.csv,0,18,270,dw00;dw01;dw02;dw03;dw04;dw05;dw06;dw07;dw08,dw00;dw01;dw02;dw03;dw04;dw05;dw06;dw07;dw08,,165,1,2026-08-28T06:54:40.329+0200,dw08,028E,199,1760,52,-441,1703,2.44,22277
ground-height-0m-20260825-163632,d018m_r270_run01.csv,0,18,270,dw00;dw01;dw02;dw03;dw04;dw05;dw06;dw07;dw08,dw00;dw01;dw02;dw03;dw04;dw05;dw06;dw07;dw08,,15,1,2026-08-28T06:54:40.339+0200,dw00,8103,1,1764,-152,1243,1251,-3.12,32287
ground-height-0m-20260825-163632,d018m_r270_run01.csv,0,18,270,dw00;dw01;dw02;dw03;dw04;dw05;dw06;dw07;dw08,dw00;dw01;dw02;dw03;dw04;dw05;dw06;dw07;dw08,,55,1,2026-08-28T06:54:40.358+0200,dw02,8FB0,101,1758,-88,1758,0,3.27,52398
ground-height-0m-20260825-163632,d018m_r270_run01.csv,0,18,270,dw00;dw01;dw02;dw03;dw04;dw05;dw06;dw07;dw08,dw00;dw01;dw02;dw03;dw04;dw05;dw06;dw07;dw08,,90,1,2026-08-28T06:54:40.369+0200,dw04,0F85,253,1760,7,-928,1495,-3.09,62255
ground-height-0m-20260825-163632,d018m_r270_run01.csv,0,18,270,dw00;dw01;dw02;dw03;dw04;dw05;dw06;dw07;dw08,dw00;dw01;dw02;dw03;dw04;dw05;dw06;dw07;dw08,,105,1,2026-08-28T06:54:40.379+0200,dw05,4B92,9,1759,46,-503,1685,-3.81,72296
ground-height-0m-20260825-163632,d018m_r270_run01.csv,0,18,270,dw00;dw01;dw02;dw03;dw04;dw05;dw06;dw07;dw08,dw00;dw01;dw02;dw03;dw04;dw05;dw06;dw07;dw08,,125,1,2026-08-28T06:54:40.389+0200,dw06,0789,71,1757,93,11,1757,4.02,82275
ground-height-0m-20260825-163632,d018m_r270_run01.csv,0,18,270,dw00;dw01;dw02;dw03;dw04;dw05;dw06;dw07;dw08,dw00;dw01;dw02;dw03;dw04;dw05;dw06;dw07;dw08,,35,1,2026-08-28T06:54:40.449+0200,dw01,1729,8,1757,-135,1421,1033,2.50,42388
ground-height-0m-20260825-163632,d018m_r270_run01.csv,0,18,270,dw00;dw01;dw02;dw03;dw04;dw05;dw06;dw07;dw08,dw00;dw01;dw02;dw03;dw04;dw05;dw06;dw07;dw08,,75,1,2026-08-28T06:54:40.519+0200,dw03,021B,236,1750,-30,-1332,1134,2.83,12268
ground-height-0m-20260825-163632,d018m_r270_run01.csv,0,18,270,dw00;dw01;dw02;dw03;dw04;dw05;dw06;dw07;dw08,dw00;dw01;dw02;dw03;dw04;dw05;dw06;dw07;dw08,,165,1,2026-08-28T06:54:40.528+0200,dw08,028E,200,1765,140,521,1687,2.44,22277
ground-height-0m-20260825-163632,d018m_r270_run01.csv,0,18,270,dw00;dw01;dw02;dw03;dw04;dw05;dw06;dw07;dw08,dw00;dw01;dw02;dw03;dw04;dw05;dw06;dw07;dw08,,15,1,2026-08-28T06:54:40.539+0200,dw00,8103,2,1765,-136,1418,1051,-3.18,32257
ground-height-0m-20260825-163632,d018m_r270_run01.csv,0,18,270,dw00;dw01;dw02;dw03;dw04;dw05;dw06;dw07;dw08,dw00;dw01;dw02;dw03;dw04;dw05;dw06;dw07;dw08,,55,1,2026-08-28T06:54:40.559+0200,dw02,8FB0,102,1755,-97,1755,0,3.27,52398
ground-height-0m-20260825-163632,d018m_r270_run01.csv,0,18,270,dw00;dw01;dw02;dw03;dw04;dw05;dw06;dw07;dw08,dw00;dw01;dw02;dw03;dw04;dw05;dw06;dw07;dw08,,90,1,2026-08-28T06:54:40.568+0200,dw04,0F85,254,1757,2,-974,1462,-3.09,62255
ground-height-0m-20260825-163632,d018m_r270_run01.csv,0,18,270,dw00;dw01;dw02;dw03;dw04;dw05;dw06;dw07;dw08,dw00;dw01;dw02;dw03;dw04;dw05;dw06;dw07;dw08,,105,1,2026-08-28T06:54:40.579+0200,dw05,4B92,10,1756,47,-488,1687,-3.69,72265
ground-height-0m-20260825-163632,d018m_r270_run01.csv,0,18,270,dw00;dw01;dw02;dw03;dw04;dw05;dw06;dw07;dw08,dw00;dw01;dw02;dw03;dw04;dw05;dw06;dw07;dw08,,125,1,2026-08-28T06:54:40.589+0200,dw06,0789,72,1759,103,110,1755,4.02,82305
ground-height-0m-20260825-163632,d018m_r270_run01.csv,0,18,270,dw00;dw01;dw02;dw03;dw04;dw05;dw06;dw07;dw08,dw00;dw01;dw02;dw03;dw04;dw05;dw06;dw07;dw08,,75,1,2026-08-28T06:54:40.719+0200,dw03,021B,237,1749,-36,-1394,1056,2.83,12268
ground-height-0m-20260825-163632,d018m_r270_run01.csv,0,18,270,dw00;dw01;dw02;dw03;dw04;dw05;dw06;dw07;dw08,dw00;dw01;dw02;dw03;dw04;dw05;dw06;dw07;dw08,,165,1,2026-08-28T06:54:40.728+0200,dw08,028E,201,1754,136,473,1689,2.38,22277
ground-height-0m-20260825-163632,d018m_r270_run01.csv,0,18,270,dw00;dw01;dw02;dw03;dw04;dw05;dw06;dw07;dw08,dw00;dw01;dw02;dw03;dw04;dw05;dw06;dw07;dw08,,15,1,2026-08-28T06:54:40.738+0200,dw00,8103,3,1762,-152,1244,1248,-3.18,32226
ground-height-0m-20260825-163632,d018m_r270_run01.csv,0,18,270,dw00;dw01;dw02;dw03;dw04;dw05;dw06;dw07;dw08,dw00;dw01;dw02;dw03;dw04;dw05;dw06;dw07;dw08,,55,1,2026-08-28T06:54:40.759+0200,dw02,8FB0,103,1757,-77,-1757,0,3.33,52368
ground-height-0m-20260825-163632,d018m_r270_run01.csv,0,18,270,dw00;dw01;dw02;dw03;dw04;dw05;dw06;dw07;dw08,dw00;dw01;dw02;dw03;dw04;dw05;dw06;dw07;dw08,,90,1,2026-08-28T06:54:40.769+0200,dw04,0F85,255,1760,4,-954,1479,-3.12,62255
ground-height-0m-20260825-163632,d018m_r270_run01.csv,0,18,270,dw00;dw01;dw02;dw03;dw04;dw05;dw06;dw07;dw08,dw00;dw01;dw02;dw03;dw04;dw05;dw06;dw07;dw08,,105,1,2026-08-28T06:54:40.778+0200,dw05,4B92,11,1756,54,-415,1707,-3.69,72265
ground-height-0m-20260825-163632,d018m_r270_run01.csv,0,18,270,dw00;dw01;dw02;dw03;dw04;dw05;dw06;dw07;dw08,dw00;dw01;dw02;dw03;dw04;dw05;dw06;dw07;dw08,,125,1,2026-08-28T06:54:40.789+0200,dw06,0789,73,1764,97,49,1764,4.02,82275
ground-height-0m-20260825-163632,d018m_r270_run01.csv,0,18,270,dw00;dw01;dw02;dw03;dw04;dw05;dw06;dw07;dw08,dw00;dw01;dw02;dw03;dw04;dw05;dw06;dw07;dw08,,75,1,2026-08-28T06:54:40.919+0200,dw03,021B,238,1753,-30,-1336,1135,2.83,12268
ground-height-0m-20260825-163632,d018m_r270_run01.csv,0,18,270,dw00;dw01;dw02;dw03;dw04;dw05;dw06;dw07;dw08,dw00;dw01;dw02;dw03;dw04;dw05;dw06;dw07;dw08,,165,1,2026-08-28T06:54:40.929+0200,dw08,028E,202,1760,131,413,1710,2.38,22277
ground-height-0m-20260825-163632,d018m_r270_run01.csv,0,18,270,dw00;dw01;dw02;dw03;dw04;dw05;dw06;dw07;dw08,dw00;dw01;dw02;dw03;dw04;dw05;dw06;dw07;dw08,,15,1,2026-08-28T06:54:40.938+0200,dw00,8103,4,1762,53,-432,1709,-3.09,32257
ground-height-0m-20260825-163632,d018m_r270_run01.csv,0,18,270,dw00;dw01;dw02;dw03;dw04;dw05;dw06;dw07;dw08,dw00;dw01;dw02;dw03;dw04;dw05;dw06;dw07;dw08,,55,1,2026-08-28T06:54:40.959+0200,dw02,8FB0,104,1753,-84,-1753,0,3.15,52368
ground-height-0m-20260825-163632,d018m_r270_run01.csv,0,18,270,dw00;dw01;dw02;dw03;dw04;dw05;dw06;dw07;dw08,dw00;dw01;dw02;dw03;dw04;dw05;dw06;dw07;dw08,,105,1,2026-08-28T06:54:40.978+0200,dw05,4B92,12,1756,53,-431,1702,-3.75,72265
ground-height-0m-20260825-163632,d018m_r270_run01.csv,0,18,270,dw00;dw01;dw02;dw03;dw04;dw05;dw06;dw07;dw08,dw00;dw01;dw02;dw03;dw04;dw05;dw06;dw07;dw08,,125,1,2026-08-28T06:54:40.988+0200,dw06,0789,74,1761,104,125,1757,4.02,82275
ground-height-0m-20260825-163632,d018m_r270_run01.csv,0,18,270,dw00;dw01;dw02;dw03;dw04;dw05;dw06;dw07;dw08,dw00;dw01;dw02;dw03;dw04;dw05;dw06;dw07;dw08,,75,1,2026-08-28T06:54:41.118+0200,dw03,021B,239,1749,-34,-1373,1083,2.83,12268
ground-height-0m-20260825-163632,d018m_r270_run01.csv,0,18,270,dw00;dw01;dw02;dw03;dw04;dw05;dw06;dw07;dw08,dw00;dw01;dw02;dw03;dw04;dw05;dw06;dw07;dw08,,165,1,2026-08-28T06:54:41.129+0200,dw08,028E,203,1759,149,613,1648,2.38,22277
ground-height-0m-20260825-163632,d018m_r270_run01.csv,0,18,270,dw00;dw01;dw02;dw03;dw04;dw05;dw06;dw07;dw08,dw00;dw01;dw02;dw03;dw04;dw05;dw06;dw07;dw08,,15,1,2026-08-28T06:54:41.139+0200,dw00,8103,5,1764,-155,1208,1285,-3.18,32287
ground-height-0m-20260825-163632,d018m_r270_run01.csv,0,18,270,dw00;dw01;dw02;dw03;dw04;dw05;dw06;dw07;dw08,dw00;dw01;dw02;dw03;dw04;dw05;dw06;dw07;dw08,,55,1,2026-08-28T06:54:41.158+0200,dw02,8FB0,105,1754,-89,1754,0,3.15,52368
ground-height-0m-20260825-163632,d018m_r270_run01.csv,0,18,270,dw00;dw01;dw02;dw03;dw04;dw05;dw06;dw07;dw08,dw00;dw01;dw02;dw03;dw04;dw05;dw06;dw07;dw08,,105,1,2026-08-28T06:54:41.179+0200,dw05,4B92,13,1757,50,-454,1698,-3.75,72296
ground-height-0m-20260825-163632,d018m_r270_run01.csv,0,18,270,dw00;dw01;dw02;dw03;dw04;dw05;dw06;dw07;dw08,dw00;dw01;dw02;dw03;dw04;dw05;dw06;dw07;dw08,,90,1,2026-08-28T06:54:41.185+0200,dw04,0F85,1,1759,8,-910,1505,-2.86,77972
ground-height-0m-20260825-163632,d018m_r270_run01.csv,0,18,270,dw00;dw01;dw02;dw03;dw04;dw05;dw06;dw07;dw08,dw00;dw01;dw02;dw03;dw04;dw05;dw06;dw07;dw08,,75,1,2026-08-28T06:54:41.318+0200,dw03,021B,240,1747,-33,-1358,1099,2.83,12268
ground-height-0m-20260825-163632,d018m_r270_run01.csv,0,18,270,dw00;dw01;dw02;dw03;dw04;dw05;dw06;dw07;dw08,dw00;dw01;dw02;dw03;dw04;dw05;dw06;dw07;dw08,,165,1,2026-08-28T06:54:41.328+0200,dw08,028E,204,1762,149,619,1650,2.50,22308
ground-height-0m-20260825-163632,d018m_r270_run01.csv,0,18,270,dw00;dw01;dw02;dw03;dw04;dw05;dw06;dw07;dw08,dw00;dw01;dw02;dw03;dw04;dw05;dw06;dw07;dw08,,15,1,2026-08-28T06:54:41.339+0200,dw00,8103,6,1762,-144,1326,1160,-3.18,32257
ground-height-0m-20260825-163632,d018m_r270_run01.csv,0,18,270,dw00;dw01;dw02;dw03;dw04;dw05;dw06;dw07;dw08,dw00;dw01;dw02;dw03;dw04;dw05;dw06;dw07;dw08,,55,1,2026-08-28T06:54:41.358+0200,dw02,8FB0,106,1756,-95,1756,0,3.33,52368
ground-height-0m-20260825-163632,d018m_r270_run01.csv,0,18,270,dw00;dw01;dw02;dw03;dw04;dw05;dw06;dw07;dw08,dw00;dw01;dw02;dw03;dw04;dw05;dw06;dw07;dw08,,90,1,2026-08-28T06:54:41.368+0200,dw04,0F85,2,1759,8,-913,1503,-3.03,62347
ground-height-0m-20260825-163632,d018m_r270_run01.csv,0,18,270,dw00;dw01;dw02;dw03;dw04;dw05;dw06;dw07;dw08,dw00;dw01;dw02;dw03;dw04;dw05;dw06;dw07;dw08,,105,1,2026-08-28T06:54:41.379+0200,dw05,4B92,14,1760,48,-485,1692,-3.69,72265
ground-height-0m-20260825-163632,d018m_r270_run01.csv,0,18,270,dw00;dw01;dw02;dw03;dw04;dw05;dw06;dw07;dw08,dw00;dw01;dw02;dw03;dw04;dw05;dw06;dw07;dw08,,125,1,2026-08-28T06:54:41.404+0200,dw06,0789,76,1759,82,-113,1755,4.14,2147483
ground-height-0m-20260825-163632,d018m_r270_run01.csv,0,18,270,dw00;dw01;dw02;dw03;dw04;dw05;dw06;dw07;dw08,dw00;dw01;dw02;dw03;dw04;dw05;dw06;dw07;dw08,,75,1,2026-08-28T06:54:41.518+0200,dw03,021B,241,1750,-37,-1403,1046,2.83,12298
ground-height-0m-20260825-163632,d018m_r270_run01.csv,0,18,270,dw00;dw01;dw02;dw03;dw04;dw05;dw06;dw07;dw08,dw00;dw01;dw02;dw03;dw04;dw05;dw06;dw07;dw08,,165,1,2026-08-28T06:54:41.528+0200,dw08,028E,205,1757,147,589,1655,2.44,22247
ground-height-0m-20260825-163632,d018m_r270_run01.csv,0,18,270,dw00;dw01;dw02;dw03;dw04;dw05;dw06;dw07;dw08,dw00;dw01;dw02;dw03;dw04;dw05;dw06;dw07;dw08,,15,1,2026-08-28T06:54:41.538+0200,dw00,8103,7,1760,-153,1228,1260,-3.24,32257
ground-height-0m-20260825-163632,d018m_r270_run01.csv,0,18,270,dw00;dw01;dw02;dw03;dw04;dw05;dw06;dw07;dw08,dw00;dw01;dw02;dw03;dw04;dw05;dw06;dw07;dw08,,55,1,2026-08-28T06:54:41.559+0200,dw02,8FB0,107,1756,-97,1756,0,3.21,52368
ground-height-0m-20260825-163632,d018m_r270_run01.csv,0,18,270,dw00;dw01;dw02;dw03;dw04;dw05;dw06;dw07;dw08,dw00;dw01;dw02;dw03;dw04;dw05;dw06;dw07;dw08,,105,1,2026-08-28T06:54:41.578+0200,dw05,4B92,15,1754,48,-483,1687,-3.75,72296
ground-height-0m-20260825-163632,d018m_r270_run01.csv,0,18,270,dw00;dw01;dw02;dw03;dw04;dw05;dw06;dw07;dw08,dw00;dw01;dw02;dw03;dw04;dw05;dw06;dw07;dw08,,125,1,2026-08-28T06:54:41.589+0200,dw06,0789,77,1761,95,23,1761,4.02,82336
ground-height-0m-20260825-163632,d018m_r270_run01.csv,0,18,270,dw00;dw01;dw02;dw03;dw04;dw05;dw06;dw07;dw08,dw00;dw01;dw02;dw03;dw04;dw05;dw06;dw07;dw08,,75,1,2026-08-28T06:54:41.719+0200,dw03,021B,242,1751,-38,-1417,1029,2.83,12268
ground-height-0m-20260825-163632,d018m_r270_run01.csv,0,18,270,dw00;dw01;dw02;dw03;dw04;dw05;dw06;dw07;dw08,dw00;dw01;dw02;dw03;dw04;dw05;dw06;dw07;dw08,,165,1,2026-08-28T06:54:41.728+0200,dw08,028E,206,1764,144,555,1674,2.44,22308
ground-height-0m-20260825-163632,d018m_r270_run01.csv,0,18,270,dw00;dw01;dw02;dw03;dw04;dw05;dw06;dw07;dw08,dw00;dw01;dw02;dw03;dw04;dw05;dw06;dw07;dw08,,15,1,2026-08-28T06:54:41.738+0200,dw00,8103,8,1762,-156,1195,1295,-3.18,32257
ground-height-0m-20260825-163632,d018m_r270_run01.csv,0,18,270,dw00;dw01;dw02;dw03;dw04;dw05;dw06;dw07;dw08,dw00;dw01;dw02;dw03;dw04;dw05;dw06;dw07;dw08,,55,1,2026-08-28T06:54:41.759+0200,dw02,8FB0,108,1754,-87,1754,0,3.15,52398
ground-height-0m-20260825-163632,d018m_r270_run01.csv,0,18,270,dw00;dw01;dw02;dw03;dw04;dw05;dw06;dw07;dw08,dw00;dw01;dw02;dw03;dw04;dw05;dw06;dw07;dw08,,105,1,2026-08-28T06:54:41.779+0200,dw05,4B92,16,1758,50,-462,1696,-3.66,72235
ground-height-0m-20260825-163632,d018m_r270_run01.csv,0,18,270,dw00;dw01;dw02;dw03;dw04;dw05;dw06;dw07;dw08,dw00;dw01;dw02;dw03;dw04;dw05;dw06;dw07;dw08,,90,1,2026-08-28T06:54:41.784+0200,dw04,0F85,4,1756,9,-906,1504,-2.92,77972
ground-height-0m-20260825-163632,d018m_r270_run01.csv,0,18,270,dw00;dw01;dw02;dw03;dw04;dw05;dw06;dw07;dw08,dw00;dw01;dw02;dw03;dw04;dw05;dw06;dw07;dw08,,75,1,2026-08-28T06:54:41.918+0200,dw03,021B,243,1748,-27,-1298,1171,2.89,12268
ground-height-0m-20260825-163632,d018m_r270_run01.csv,0,18,270,dw00;dw01;dw02;dw03;dw04;dw05;dw06;dw07;dw08,dw00;dw01;dw02;dw03;dw04;dw05;dw06;dw07;dw08,,165,1,2026-08-28T06:54:41.929+0200,dw08,028E,207,1763,142,539,1679,2.38,22277
ground-height-0m-20260825-163632,d018m_r270_run01.csv,0,18,270,dw00;dw01;dw02;dw03;dw04;dw05;dw06;dw07;dw08,dw00;dw01;dw02;dw03;dw04;dw05;dw06;dw07;dw08,,15,1,2026-08-28T06:54:41.938+0200,dw00,8103,9,1764,-153,1239,1256,-3.09,32287
ground-height-0m-20260825-163632,d018m_r270_run01.csv,0,18,270,dw00;dw01;dw02;dw03;dw04;dw05;dw06;dw07;dw08,dw00;dw01;dw02;dw03;dw04;dw05;dw06;dw07;dw08,,55,1,2026-08-28T06:54:41.958+0200,dw02,8FB0,109,1756,-92,1756,0,3.21,52398
ground-height-0m-20260825-163632,d018m_r270_run01.csv,0,18,270,dw00;dw01;dw02;dw03;dw04;dw05;dw06;dw07;dw08,dw00;dw01;dw02;dw03;dw04;dw05;dw06;dw07;dw08,,90,1,2026-08-28T06:54:41.969+0200,dw04,0F85,5,1759,17,-812,1560,-3.09,62316
ground-height-0m-20260825-163632,d018m_r270_run01.csv,0,18,270,dw00;dw01;dw02;dw03;dw04;dw05;dw06;dw07;dw08,dw00;dw01;dw02;dw03;dw04;dw05;dw06;dw07;dw08,,105,1,2026-08-28T06:54:41.978+0200,dw05,4B92,17,1756,54,-411,1707,-3.69,72265
ground-height-0m-20260825-163632,d018m_r270_run01.csv,0,18,270,dw00;dw01;dw02;dw03;dw04;dw05;dw06;dw07;dw08,dw00;dw01;dw02;dw03;dw04;dw05;dw06;dw07;dw08,,125,1,2026-08-28T06:54:42.004+0200,dw06,0789,79,1762,98,58,1761,4.26,2147483
ground-height-0m-20260825-163632,d018m_r270_run01.csv,0,18,270,dw00;dw01;dw02;dw03;dw04;dw05;dw06;dw07;dw08,dw00;dw01;dw02;dw03;dw04;dw05;dw06;dw07;dw08,,75,1,2026-08-28T06:54:42.118+0200,dw03,021B,244,1747,-32,-1345,1114,2.71,12268
ground-height-0m-20260825-163632,d018m_r270_run01.csv,0,18,270,dw00;dw01;dw02;dw03;dw04;dw05;dw06;dw07;dw08,dw00;dw01;dw02;dw03;dw04;dw05;dw06;dw07;dw08,,165,1,2026-08-28T06:54:42.128+0200,dw08,028E,208,1762,142,543,1676,2.38,22277
ground-height-0m-20260825-163632,d018m_r270_run01.csv,0,18,270,dw00;dw01;dw02;dw03;dw04;dw05;dw06;dw07;dw08,dw00;dw01;dw02;dw03;dw04;dw05;dw06;dw07;dw08,,15,1,2026-08-28T06:54:42.139+0200,dw00,8103,10,1762,-140,1368,1110,-3.18,32257
ground-height-0m-20260825-163632,d018m_r270_run01.csv,0,18,270,dw00;dw01;dw02;dw03;dw04;dw05;dw06;dw07;dw08,dw00;dw01;dw02;dw03;dw04;dw05;dw06;dw07;dw08,,55,1,2026-08-28T06:54:42.158+0200,dw02,8FB0,110,1756,-87,1756,0,3.21,52368
ground-height-0m-20260825-163632,d018m_r270_run01.csv,0,18,270,dw00;dw01;dw02;dw03;dw04;dw05;dw06;dw07;dw08,dw00;dw01;dw02;dw03;dw04;dw05;dw06;dw07;dw08,,105,1,2026-08-28T06:54:42.180+0200,dw05,4B92,18,1754,55,-406,1707,-3.75,72265
ground-height-0m-20260825-163632,d018m_r270_run01.csv,0,18,270,dw00;dw01;dw02;dw03;dw04;dw05;dw06;dw07;dw08,dw00;dw01;dw02;dw03;dw04;dw05;dw06;dw07;dw08,,125,1,2026-08-28T06:54:42.188+0200,dw06,0789,80,1759,108,166,1751,4.08,82366
ground-height-0m-20260825-163632,d018m_r270_run01.csv,0,18,270,dw00;dw01;dw02;dw03;dw04;dw05;dw06;dw07;dw08,dw00;dw01;dw02;dw03;dw04;dw05;dw06;dw07;dw08,,75,1,2026-08-28T06:54:42.318+0200,dw03,021B,245,1747,-39,-1430,1004,2.71,12268
ground-height-0m-20260825-163632,d018m_r270_run01.csv,0,18,270,dw00;dw01;dw02;dw03;dw04;dw05;dw06;dw07;dw08,dw00;dw01;dw02;dw03;dw04;dw05;dw06;dw07;dw08,,165,1,2026-08-28T06:54:42.328+0200,dw08,028E,209,1763,144,559,1672,2.38,22277
ground-height-0m-20260825-163632,d018m_r270_run01.csv,0,18,270,dw00;dw01;dw02;dw03;dw04;dw05;dw06;dw07;dw08,dw00;dw01;dw02;dw03;dw04;dw05;dw06;dw07;dw08,,15,1,2026-08-28T06:54:42.338+0200,dw00,8103,11,1762,-122,1567,805,-3.18,32226
ground-height-0m-20260825-163632,d018m_r270_run01.csv,0,18,270,dw00;dw01;dw02;dw03;dw04;dw05;dw06;dw07;dw08,dw00;dw01;dw02;dw03;dw04;dw05;dw06;dw07;dw08,,55,1,2026-08-28T06:54:42.358+0200,dw02,8FB0,111,1754,-87,1754,0,3.15,52398
ground-height-0m-20260825-163632,d018m_r270_run01.csv,0,18,270,dw00;dw01;dw02;dw03;dw04;dw05;dw06;dw07;dw08,dw00;dw01;dw02;dw03;dw04;dw05;dw06;dw07;dw08,,105,1,2026-08-28T06:54:42.378+0200,dw05,4B92,19,1757,55,-399,1711,-3.75,72265
ground-height-0m-20260825-163632,d018m_r270_run01.csv,0,18,270,dw00;dw01;dw02;dw03;dw04;dw05;dw06;dw07;dw08,dw00;dw01;dw02;dw03;dw04;dw05;dw06;dw07;dw08,,90,1,2026-08-28T06:54:42.384+0200,dw04,0F85,7,1758,15,-840,1544,-3.03,78002
ground-height-0m-20260825-163632,d018m_r270_run01.csv,0,18,270,dw00;dw01;dw02;dw03;dw04;dw05;dw06;dw07;dw08,dw00;dw01;dw02;dw03;dw04;dw05;dw06;dw07;dw08,,75,1,2026-08-28T06:54:42.519+0200,dw03,021B,246,1751,-47,-1511,885,2.83,12268
ground-height-0m-20260825-163632,d018m_r270_run01.csv,0,18,270,dw00;dw01;dw02;dw03;dw04;dw05;dw06;dw07;dw08,dw00;dw01;dw02;dw03;dw04;dw05;dw06;dw07;dw08,,165,1,2026-08-28T06:54:42.528+0200,dw08,028E,210,1759,149,614,1648,2.38,22277
ground-height-0m-20260825-163632,d018m_r270_run01.csv,0,18,270,dw00;dw01;dw02;dw03;dw04;dw05;dw06;dw07;dw08,dw00;dw01;dw02;dw03;dw04;dw05;dw06;dw07;dw08,,15,1,2026-08-28T06:54:42.538+0200,dw00,8103,12,1763,-134,1440,1018,-3.09,32257
ground-height-0m-20260825-163632,d018m_r270_run01.csv,0,18,270,dw00;dw01;dw02;dw03;dw04;dw05;dw06;dw07;dw08,dw00;dw01;dw02;dw03;dw04;dw05;dw06;dw07;dw08,,55,1,2026-08-28T06:54:42.558+0200,dw02,8FB0,112,1757,-76,-1757,0,3.27,52368
ground-height-0m-20260825-163632,d018m_r270_run01.csv,0,18,270,dw00;dw01;dw02;dw03;dw04;dw05;dw06;dw07;dw08,dw00;dw01;dw02;dw03;dw04;dw05;dw06;dw07;dw08,,105,1,2026-08-28T06:54:42.578+0200,dw05,4B92,20,1756,56,-397,1711,-3.69,72265
ground-height-0m-20260825-163632,d018m_r270_run01.csv,0,18,270,dw00;dw01;dw02;dw03;dw04;dw05;dw06;dw07;dw08,dw00;dw01;dw02;dw03;dw04;dw05;dw06;dw07;dw08,,125,1,2026-08-28T06:54:42.603+0200,dw06,0789,82,1762,100,84,1760,4.14,2147483
ground-height-0m-20260825-163632,d018m_r270_run01.csv,0,18,270,dw00;dw01;dw02;dw03;dw04;dw05;dw06;dw07;dw08,dw00;dw01;dw02;dw03;dw04;dw05;dw06;dw07;dw08,,75,1,2026-08-28T06:54:42.718+0200,dw03,021B,247,1749,-31,-1345,1118,2.77,12268
ground-height-0m-20260825-163632,d018m_r270_run01.csv,0,18,270,dw00;dw01;dw02;dw03;dw04;dw05;dw06;dw07;dw08,dw00;dw01;dw02;dw03;dw04;dw05;dw06;dw07;dw08,,165,1,2026-08-28T06:54:42.729+0200,dw08,028E,211,1761,139,502,1687,2.38,22277
ground-height-0m-20260825-163632,d018m_r270_run01.csv,0,18,270,dw00;dw01;dw02;dw03;dw04;dw05;dw06;dw07;dw08,dw00;dw01;dw02;dw03;dw04;dw05;dw06;dw07;dw08,,15,1,2026-08-28T06:54:42.738+0200,dw00,8103,13,1762,-144,1333,1152,-3.18,32287
ground-height-0m-20260825-163632,d018m_r270_run01.csv,0,18,270,dw00;dw01;dw02;dw03;dw04;dw05;dw06;dw07;dw08,dw00;dw01;dw02;dw03;dw04;dw05;dw06;dw07;dw08,,55,1,2026-08-28T06:54:42.758+0200,dw02,8FB0,113,1754,-88,1754,0,3.27,52368
ground-height-0m-20260825-163632,d018m_r270_run01.csv,0,18,270,dw00;dw01;dw02;dw03;dw04;dw05;dw06;dw07;dw08,dw00;dw01;dw02;dw03;dw04;dw05;dw06;dw07;dw08,,105,1,2026-08-28T06:54:42.778+0200,dw05,4B92,21,1754,53,-427,1701,-3.66,72296
ground-height-0m-20260825-163632,d018m_r270_run01.csv,0,18,270,dw00;dw01;dw02;dw03;dw04;dw05;dw06;dw07;dw08,dw00;dw01;dw02;dw03;dw04;dw05;dw06;dw07;dw08,,90,1,2026-08-28T06:54:42.784+0200,dw04,0F85,9,1756,8,-909,1503,-2.92,78002
ground-height-0m-20260825-163632,d018m_r270_run01.csv,0,18,270,dw00;dw01;dw02;dw03;dw04;dw05;dw06;dw07;dw08,dw00;dw01;dw02;dw03;dw04;dw05;dw06;dw07;dw08,,75,1,2026-08-28T06:54:42.918+0200,dw03,021B,248,1748,-31,-1345,1116,2.89,12298
ground-height-0m-20260825-163632,d018m_r270_run01.csv,0,18,270,dw00;dw01;dw02;dw03;dw04;dw05;dw06;dw07;dw08,dw00;dw01;dw02;dw03;dw04;dw05;dw06;dw07;dw08,,165,1,2026-08-28T06:54:42.927+0200,dw08,028E,212,1758,149,613,1648,2.32,22277
ground-height-0m-20260825-163632,d018m_r270_run01.csv,0,18,270,dw00;dw01;dw02;dw03;dw04;dw05;dw06;dw07;dw08,dw00;dw01;dw02;dw03;dw04;dw05;dw06;dw07;dw08,,15,1,2026-08-28T06:54:42.938+0200,dw00,8103,14,1764,-151,1256,1239,-3.12,32287
ground-height-0m-20260825-163632,d018m_r270_run01.csv,0,18,270,dw00;dw01;dw02;dw03;dw04;dw05;dw06;dw07;dw08,dw00;dw01;dw02;dw03;dw04;dw05;dw06;dw07;dw08,,55,1,2026-08-28T06:54:42.958+0200,dw02,8FB0,114,1755,-90,1755,0,3.27,52368
ground-height-0m-20260825-163632,d018m_r270_run01.csv,0,18,270,dw00;dw01;dw02;dw03;dw04;dw05;dw06;dw07;dw08,dw00;dw01;dw02;dw03;dw04;dw05;dw06;dw07;dw08,,90,1,2026-08-28T06:54:42.967+0200,dw04,0F85,10,1755,7,-924,1493,-2.98,62316
ground-height-0m-20260825-163632,d018m_r270_run01.csv,0,18,270,dw00;dw01;dw02;dw03;dw04;dw05;dw06;dw07;dw08,dw00;dw01;dw02;dw03;dw04;dw05;dw06;dw07;dw08,,105,1,2026-08-28T06:54:42.978+0200,dw05,4B92,22,1758,55,-408,1710,-3.75,72265
ground-height-0m-20260825-163632,d018m_r270_run01.csv,0,18,270,dw00;dw01;dw02;dw03;dw04;dw05;dw06;dw07;dw08,dw00;dw01;dw02;dw03;dw04;dw05;dw06;dw07;dw08,,125,1,2026-08-28T06:54:43.004+0200,dw06,0789,84,1764,100,80,1762,4.20,2147483
ground-height-0m-20260825-163632,d018m_r270_run01.csv,0,18,270,dw00;dw01;dw02;dw03;dw04;dw05;dw06;dw07;dw08,dw00;dw01;dw02;dw03;dw04;dw05;dw06;dw07;dw08,,75,1,2026-08-28T06:54:43.118+0200,dw03,021B,249,1751,-24,-1269,1206,2.77,12237
ground-height-0m-20260825-163632,d018m_r270_run01.csv,0,18,270,dw00;dw01;dw02;dw03;dw04;dw05;dw06;dw07;dw08,dw00;dw01;dw02;dw03;dw04;dw05;dw06;dw07;dw08,,165,1,2026-08-28T06:54:43.128+0200,dw08,028E,213,1758,131,414,1709,2.50,22308
ground-height-0m-20260825-163632,d018m_r270_run01.csv,0,18,270,dw00;dw01;dw02;dw03;dw04;dw05;dw06;dw07;dw08,dw00;dw01;dw02;dw03;dw04;dw05;dw06;dw07;dw08,,15,1,2026-08-28T06:54:43.137+0200,dw00,8103,15,1758,-153,1234,1252,-3.18,32257
ground-height-0m-20260825-163632,d018m_r270_run01.csv,0,18,270,dw00;dw01;dw02;dw03;dw04;dw05;dw06;dw07;dw08,dw00;dw01;dw02;dw03;dw04;dw05;dw06;dw07;dw08,,55,1,2026-08-28T06:54:43.158+0200,dw02,8FB0,115,1757,-92,1757,0,3.27,52368
ground-height-0m-20260825-163632,d018m_r270_run01.csv,0,18,270,dw00;dw01;dw02;dw03;dw04;dw05;dw06;dw07;dw08,dw00;dw01;dw02;dw03;dw04;dw05;dw06;dw07;dw08,,90,1,2026-08-28T06:54:43.168+0200,dw04,0F85,11,1760,13,-864,1533,-3.12,62255
ground-height-0m-20260825-163632,d018m_r270_run01.csv,0,18,270,dw00;dw01;dw02;dw03;dw04;dw05;dw06;dw07;dw08,dw00;dw01;dw02;dw03;dw04;dw05;dw06;dw07;dw08,,105,1,2026-08-28T06:54:43.177+0200,dw05,4B92,23,1755,50,-459,1694,-3.69,72265
ground-height-0m-20260825-163632,d018m_r270_run01.csv,0,18,270,dw00;dw01;dw02;dw03;dw04;dw05;dw06;dw07;dw08,dw00;dw01;dw02;dw03;dw04;dw05;dw06;dw07;dw08,,125,1,2026-08-28T06:54:43.188+0200,dw06,0789,85,1757,101,91,1754,4.02,82366
ground-height-0m-20260825-163632,d018m_r270_run01.csv,0,18,270,dw00;dw01;dw02;dw03;dw04;dw05;dw06;dw07;dw08,dw00;dw01;dw02;dw03;dw04;dw05;dw06;dw07;dw08,,75,1,2026-08-28T06:54:43.318+0200,dw03,021B,250,1750,-28,-1305,1166,2.83,12298
ground-height-0m-20260825-163632,d018m_r270_run01.csv,0,18,270,dw00;dw01;dw02;dw03;dw04;dw05;dw06;dw07;dw08,dw00;dw01;dw02;dw03;dw04;dw05;dw06;dw07;dw08,,165,1,2026-08-28T06:54:43.328+0200,dw08,028E,214,1760,69,-249,1742,2.44,22277
ground-height-0m-20260825-163632,d018m_r270_run01.csv,0,18,270,dw00;dw01;dw02;dw03;dw04;dw05;dw06;dw07;dw08,dw00;dw01;dw02;dw03;dw04;dw05;dw06;dw07;dw08,,15,1,2026-08-28T06:54:43.338+0200,dw00,8103,16,1768,-138,1400,1080,-3.09,32257
ground-height-0m-20260825-163632,d018m_r270_run01.csv,0,18,270,dw00;dw01;dw02;dw03;dw04;dw05;dw06;dw07;dw08,dw00;dw01;dw02;dw03;dw04;dw05;dw06;dw07;dw08,,55,1,2026-08-28T06:54:43.358+0200,dw02,8FB0,116,1756,-97,1756,0,3.21,52398
ground-height-0m-20260825-163632,d018m_r270_run01.csv,0,18,270,dw00;dw01;dw02;dw03;dw04;dw05;dw06;dw07;dw08,dw00;dw01;dw02;dw03;dw04;dw05;dw06;dw07;dw08,,90,1,2026-08-28T06:54:43.368+0200,dw04,0F85,12,1756,8,-916,1498,-3.03,62255
ground-height-0m-20260825-163632,d018m_r270_run01.csv,0,18,270,dw00;dw01;dw02;dw03;dw04;dw05;dw06;dw07;dw08,dw00;dw01;dw02;dw03;dw04;dw05;dw06;dw07;dw08,,105,1,2026-08-28T06:54:43.378+0200,dw05,4B92,24,1758,44,-524,1678,-3.81,72265
ground-height-0m-20260825-163632,d018m_r270_run01.csv,0,18,270,dw00;dw01;dw02;dw03;dw04;dw05;dw06;dw07;dw08,dw00;dw01;dw02;dw03;dw04;dw05;dw06;dw07;dw08,,125,1,2026-08-28T06:54:43.387+0200,dw06,0789,86,1755,88,-50,1754,4.08,82305
ground-height-0m-20260825-163632,d018m_r270_run01.csv,0,18,270,dw00;dw01;dw02;dw03;dw04;dw05;dw06;dw07;dw08,dw00;dw01;dw02;dw03;dw04;dw05;dw06;dw07;dw08,,145,1,2026-08-28T06:54:43.498+0200,dw07,5783,3,1760,141,529,1679,2.38,2147483
ground-height-0m-20260825-163632,d018m_r270_run01.csv,0,18,270,dw00;dw01;dw02;dw03;dw04;dw05;dw06;dw07;dw08,dw00;dw01;dw02;dw03;dw04;dw05;dw06;dw07;dw08,,75,1,2026-08-28T06:54:43.517+0200,dw03,021B,251,1751,-40,-1434,1004,2.77,12268
ground-height-0m-20260825-163632,d018m_r270_run01.csv,0,18,270,dw00;dw01;dw02;dw03;dw04;dw05;dw06;dw07;dw08,dw00;dw01;dw02;dw03;dw04;dw05;dw06;dw07;dw08,,165,1,2026-08-28T06:54:43.528+0200,dw08,028E,215,1761,151,635,1642,2.38,22277
ground-height-0m-20260825-163632,d018m_r270_run01.csv,0,18,270,dw00;dw01;dw02;dw03;dw04;dw05;dw06;dw07;dw08,dw00;dw01;dw02;dw03;dw04;dw05;dw06;dw07;dw08,,15,1,2026-08-28T06:54:43.538+0200,dw00,8103,17,1763,-142,1350,1133,-3.09,32257
ground-height-0m-20260825-163632,d018m_r270_run01.csv,0,18,270,dw00;dw01;dw02;dw03;dw04;dw05;dw06;dw07;dw08,dw00;dw01;dw02;dw03;dw04;dw05;dw06;dw07;dw08,,55,1,2026-08-28T06:54:43.557+0200,dw02,8FB0,117,1754,-95,1754,0,3.21,52398
ground-height-0m-20260825-163632,d018m_r270_run01.csv,0,18,270,dw00;dw01;dw02;dw03;dw04;dw05;dw06;dw07;dw08,dw00;dw01;dw02;dw03;dw04;dw05;dw06;dw07;dw08,,90,1,2026-08-28T06:54:43.568+0200,dw04,0F85,13,1760,7,-926,1496,-3.09,62255
ground-height-0m-20260825-163632,d018m_r270_run01.csv,0,18,270,dw00;dw01;dw02;dw03;dw04;dw05;dw06;dw07;dw08,dw00;dw01;dw02;dw03;dw04;dw05;dw06;dw07;dw08,,105,1,2026-08-28T06:54:43.578+0200,dw05,4B92,25,1758,57,-384,1715,-3.69,72265
ground-height-0m-20260825-163632,d018m_r270_run01.csv,0,18,270,dw00;dw01;dw02;dw03;dw04;dw05;dw06;dw07;dw08,dw00;dw01;dw02;dw03;dw04;dw05;dw06;dw07;dw08,,125,1,2026-08-28T06:54:43.588+0200,dw06,0789,87,1761,91,-15,1761,4.02,82336
ground-height-0m-20260825-163632,d018m_r270_run01.csv,0,18,270,dw00;dw01;dw02;dw03;dw04;dw05;dw06;dw07;dw08,dw00;dw01;dw02;dw03;dw04;dw05;dw06;dw07;dw08,,145,1,2026-08-28T06:54:43.698+0200,dw07,5783,4,1754,104,122,1750,2.32,2147483
ground-height-0m-20260825-163632,d018m_r270_run01.csv,0,18,270,dw00;dw01;dw02;dw03;dw04;dw05;dw06;dw07;dw08,dw00;dw01;dw02;dw03;dw04;dw05;dw06;dw07;dw08,,75,1,2026-08-28T06:54:43.717+0200,dw03,021B,252,1750,-26,-1288,1184,2.83,12268
ground-height-0m-20260825-163632,d018m_r270_run01.csv,0,18,270,dw00;dw01;dw02;dw03;dw04;dw05;dw06;dw07;dw08,dw00;dw01;dw02;dw03;dw04;dw05;dw06;dw07;dw08,,165,1,2026-08-28T06:54:43.727+0200,dw08,028E,216,1761,142,533,1678,2.38,22277
ground-height-0m-20260825-163632,d018m_r270_run01.csv,0,18,270,dw00;dw01;dw02;dw03;dw04;dw05;dw06;dw07;dw08,dw00;dw01;dw02;dw03;dw04;dw05;dw06;dw07;dw08,,15,1,2026-08-28T06:54:43.738+0200,dw00,8103,18,1762,-151,1253,1239,-3.12,32318
ground-height-0m-20260825-163632,d018m_r270_run01.csv,0,18,270,dw00;dw01;dw02;dw03;dw04;dw05;dw06;dw07;dw08,dw00;dw01;dw02;dw03;dw04;dw05;dw06;dw07;dw08,,55,1,2026-08-28T06:54:43.757+0200,dw02,8FB0,118,1758,-82,-1758,0,3.15,52337
ground-height-0m-20260825-163632,d018m_r270_run01.csv,0,18,270,dw00;dw01;dw02;dw03;dw04;dw05;dw06;dw07;dw08,dw00;dw01;dw02;dw03;dw04;dw05;dw06;dw07;dw08,,90,1,2026-08-28T06:54:43.767+0200,dw04,0F85,14,1762,11,-881,1525,-3.24,62286
ground-height-0m-20260825-163632,d018m_r270_run01.csv,0,18,270,dw00;dw01;dw02;dw03;dw04;dw05;dw06;dw07;dw08,dw00;dw01;dw02;dw03;dw04;dw05;dw06;dw07;dw08,,105,1,2026-08-28T06:54:43.778+0200,dw05,4B92,26,1755,59,-362,1718,-3.66,72265
ground-height-0m-20260825-163632,d018m_r270_run01.csv,0,18,270,dw00;dw01;dw02;dw03;dw04;dw05;dw06;dw07;dw08,dw00;dw01;dw02;dw03;dw04;dw05;dw06;dw07;dw08,,125,1,2026-08-28T06:54:43.788+0200,dw06,0789,88,1759,102,104,1756,4.14,82275
ground-height-0m-20260825-163632,d018m_r270_run01.csv,0,18,270,dw00;dw01;dw02;dw03;dw04;dw05;dw06;dw07;dw08,dw00;dw01;dw02;dw03;dw04;dw05;dw06;dw07;dw08,,145,1,2026-08-28T06:54:43.897+0200,dw07,5783,5,1756,108,165,1749,2.26,2147483
ground-height-0m-20260825-163632,d018m_r270_run01.csv,0,18,270,dw00;dw01;dw02;dw03;dw04;dw05;dw06;dw07;dw08,dw00;dw01;dw02;dw03;dw04;dw05;dw06;dw07;dw08,,75,1,2026-08-28T06:54:43.918+0200,dw03,021B,253,1752,-33,-1368,1095,2.83,12268
ground-height-0m-20260825-163632,d018m_r270_run01.csv,0,18,270,dw00;dw01;dw02;dw03;dw04;dw05;dw06;dw07;dw08,dw00;dw01;dw02;dw03;dw04;dw05;dw06;dw07;dw08,,165,1,2026-08-28T06:54:43.927+0200,dw08,028E,217,1761,145,574,1664,2.50,22277
ground-height-0m-20260825-163632,d018m_r270_run01.csv,0,18,270,dw00;dw01;dw02;dw03;dw04;dw05;dw06;dw07;dw08,dw00;dw01;dw02;dw03;dw04;dw05;dw06;dw07;dw08,,15,1,2026-08-28T06:54:43.937+0200,dw00,8103,19,1763,-149,1277,1216,-3.12,32257
ground-height-0m-20260825-163632,d018m_r270_run01.csv,0,18,270,dw00;dw01;dw02;dw03;dw04;dw05;dw06;dw07;dw08,dw00;dw01;dw02;dw03;dw04;dw05;dw06;dw07;dw08,,55,1,2026-08-28T06:54:43.958+0200,dw02,8FB0,119,1757,-87,1757,0,3.27,52398
ground-height-0m-20260825-163632,d018m_r270_run01.csv,0,18,270,dw00;dw01;dw02;dw03;dw04;dw05;dw06;dw07;dw08,dw00;dw01;dw02;dw03;dw04;dw05;dw06;dw07;dw08,,90,1,2026-08-28T06:54:43.967+0200,dw04,0F85,15,1757,8,-911,1502,-3.09,62255
ground-height-0m-20260825-163632,d018m_r270_run01.csv,0,18,270,dw00;dw01;dw02;dw03;dw04;dw05;dw06;dw07;dw08,dw00;dw01;dw02;dw03;dw04;dw05;dw06;dw07;dw08,,105,1,2026-08-28T06:54:43.977+0200,dw05,4B92,27,1754,50,-458,1694,-3.66,72296
ground-height-0m-20260825-163632,d018m_r270_run01.csv,0,18,270,dw00;dw01;dw02;dw03;dw04;dw05;dw06;dw07;dw08,dw00;dw01;dw02;dw03;dw04;dw05;dw06;dw07;dw08,,125,1,2026-08-28T06:54:43.988+0200,dw06,0789,89,1764,105,137,1759,3.96,82305
ground-height-0m-20260825-163632,d018m_r270_run01.csv,0,18,270,dw00;dw01;dw02;dw03;dw04;dw05;dw06;dw07;dw08,dw00;dw01;dw02;dw03;dw04;dw05;dw06;dw07;dw08,,145,1,2026-08-28T06:54:44.097+0200,dw07,5783,6,1756,126,358,1719,2.26,2147483
ground-height-0m-20260825-163632,d018m_r270_run01.csv,0,18,270,dw00;dw01;dw02;dw03;dw04;dw05;dw06;dw07;dw08,dw00;dw01;dw02;dw03;dw04;dw05;dw06;dw07;dw08,,75,1,2026-08-28T06:54:44.118+0200,dw03,021B,254,1751,-37,-1406,1043,2.83,12268
ground-height-0m-20260825-163632,d018m_r270_run01.csv,0,18,270,dw00;dw01;dw02;dw03;dw04;dw05;dw06;dw07;dw08,dw00;dw01;dw02;dw03;dw04;dw05;dw06;dw07;dw08,,165,1,2026-08-28T06:54:44.127+0200,dw08,028E,218,1756,143,543,1670,2.38,22308
ground-height-0m-20260825-163632,d018m_r270_run01.csv,0,18,270,dw00;dw01;dw02;dw03;dw04;dw05;dw06;dw07;dw08,dw00;dw01;dw02;dw03;dw04;dw05;dw06;dw07;dw08,,15,1,2026-08-28T06:54:44.137+0200,dw00,8103,20,1762,52,-442,1706,-3.18,32287
ground-height-0m-20260825-163632,d018m_r270_run01.csv,0,18,270,dw00;dw01;dw02;dw03;dw04;dw05;dw06;dw07;dw08,dw00;dw01;dw02;dw03;dw04;dw05;dw06;dw07;dw08,,55,1,2026-08-28T06:54:44.158+0200,dw02,8FB0,120,1757,-88,1757,0,3.27,52398
ground-height-0m-20260825-163632,d018m_r270_run01.csv,0,18,270,dw00;dw01;dw02;dw03;dw04;dw05;dw06;dw07;dw08,dw00;dw01;dw02;dw03;dw04;dw05;dw06;dw07;dw08,,90,1,2026-08-28T06:54:44.168+0200,dw04,0F85,16,1759,11,-878,1524,-3.18,62225
ground-height-0m-20260825-163632,d018m_r270_run01.csv,0,18,270,dw00;dw01;dw02;dw03;dw04;dw05;dw06;dw07;dw08,dw00;dw01;dw02;dw03;dw04;dw05;dw06;dw07;dw08,,105,1,2026-08-28T06:54:44.177+0200,dw05,4B92,28,1756,56,-395,1711,-3.69,72265
ground-height-0m-20260825-163632,d018m_r270_run01.csv,0,18,270,dw00;dw01;dw02;dw03;dw04;dw05;dw06;dw07;dw08,dw00;dw01;dw02;dw03;dw04;dw05;dw06;dw07;dw08,,125,1,2026-08-28T06:54:44.187+0200,dw06,0789,90,1759,107,157,1752,3.96,82305
ground-height-0m-20260825-163632,d018m_r270_run01.csv,0,18,270,dw00;dw01;dw02;dw03;dw04;dw05;dw06;dw07;dw08,dw00;dw01;dw02;dw03;dw04;dw05;dw06;dw07;dw08,,75,1,2026-08-28T06:54:44.317+0200,dw03,021B,255,1750,-38,-1414,1031,2.83,12268
ground-height-0m-20260825-163632,d018m_r270_run01.csv,0,18,270,dw00;dw01;dw02;dw03;dw04;dw05;dw06;dw07;dw08,dw00;dw01;dw02;dw03;dw04;dw05;dw06;dw07;dw08,,165,1,2026-08-28T06:54:44.328+0200,dw08,028E,219,1761,142,540,1676,2.50,22277
ground-height-0m-20260825-163632,d018m_r270_run01.csv,0,18,270,dw00;dw01;dw02;dw03;dw04;dw05;dw06;dw07;dw08,dw00;dw01;dw02;dw03;dw04;dw05;dw06;dw07;dw08,,15,1,2026-08-28T06:54:44.337+0200,dw00,8103,21,1766,-150,1270,1227,-3.18,32257
ground-height-0m-20260825-163632,d018m_r270_run01.csv,0,18,270,dw00;dw01;dw02;dw03;dw04;dw05;dw06;dw07;dw08,dw00;dw01;dw02;dw03;dw04;dw05;dw06;dw07;dw08,,55,1,2026-08-28T06:54:44.357+0200,dw02,8FB0,121,1754,-92,1754,0,3.15,52398
ground-height-0m-20260825-163632,d018m_r270_run01.csv,0,18,270,dw00;dw01;dw02;dw03;dw04;dw05;dw06;dw07;dw08,dw00;dw01;dw02;dw03;dw04;dw05;dw06;dw07;dw08,,90,1,2026-08-28T06:54:44.368+0200,dw04,0F85,17,1759,6,-933,1490,-3.03,62286
ground-height-0m-20260825-163632,d018m_r270_run01.csv,0,18,270,dw00;dw01;dw02;dw03;dw04;dw05;dw06;dw07;dw08,dw00;dw01;dw02;dw03;dw04;dw05;dw06;dw07;dw08,,105,1,2026-08-28T06:54:44.377+0200,dw05,4B92,29,1754,60,-348,1719,-3.72,72235
ground-height-0m-20260825-163632,d018m_r270_run01.csv,0,18,270,dw00;dw01;dw02;dw03;dw04;dw05;dw06;dw07;dw08,dw00;dw01;dw02;dw03;dw04;dw05;dw06;dw07;dw08,,125,1,2026-08-28T06:54:44.387+0200,dw06,0789,91,1763,108,165,1755,4.02,82275
ground-height-0m-20260825-163632,d018m_r270_run01.csv,0,18,270,dw00;dw01;dw02;dw03;dw04;dw05;dw06;dw07;dw08,dw00;dw01;dw02;dw03;dw04;dw05;dw06;dw07;dw08,,145,1,2026-08-28T06:54:44.498+0200,dw07,5783,8,1757,131,420,1706,2.32,2147483
ground-height-0m-20260825-163632,d018m_r270_run01.csv,0,18,270,dw00;dw01;dw02;dw03;dw04;dw05;dw06;dw07;dw08,dw00;dw01;dw02;dw03;dw04;dw05;dw06;dw07;dw08,,75,1,2026-08-28T06:54:44.517+0200,dw03,021B,0,1749,-29,-1320,1147,2.89,12298
ground-height-0m-20260825-163632,d018m_r270_run01.csv,0,18,270,dw00;dw01;dw02;dw03;dw04;dw05;dw06;dw07;dw08,dw00;dw01;dw02;dw03;dw04;dw05;dw06;dw07;dw08,,165,1,2026-08-28T06:54:44.527+0200,dw08,028E,220,1760,144,558,1669,2.38,22247
ground-height-0m-20260825-163632,d018m_r270_run01.csv,0,18,270,dw00;dw01;dw02;dw03;dw04;dw05;dw06;dw07;dw08,dw00;dw01;dw02;dw03;dw04;dw05;dw06;dw07;dw08,,15,1,2026-08-28T06:54:44.538+0200,dw00,8103,22,1762,-147,1292,1198,-3.18,32257
ground-height-0m-20260825-163632,d018m_r270_run01.csv,0,18,270,dw00;dw01;dw02;dw03;dw04;dw05;dw06;dw07;dw08,dw00;dw01;dw02;dw03;dw04;dw05;dw06;dw07;dw08,,55,1,2026-08-28T06:54:44.557+0200,dw02,8FB0,122,1756,-95,1756,0,3.21,52368
ground-height-0m-20260825-163632,d018m_r270_run01.csv,0,18,270,dw00;dw01;dw02;dw03;dw04;dw05;dw06;dw07;dw08,dw00;dw01;dw02;dw03;dw04;dw05;dw06;dw07;dw08,,90,1,2026-08-28T06:54:44.567+0200,dw04,0F85,18,1757,7,-929,1491,-3.09,62255
ground-height-0m-20260825-163632,d018m_r270_run01.csv,0,18,270,dw00;dw01;dw02;dw03;dw04;dw05;dw06;dw07;dw08,dw00;dw01;dw02;dw03;dw04;dw05;dw06;dw07;dw08,,105,1,2026-08-28T06:54:44.578+0200,dw05,4B92,30,1754,54,-410,1705,-3.75,72296
ground-height-0m-20260825-163632,d018m_r270_run01.csv,0,18,270,dw00;dw01;dw02;dw03;dw04;dw05;dw06;dw07;dw08,dw00;dw01;dw02;dw03;dw04;dw05;dw06;dw07;dw08,,125,1,2026-08-28T06:54:44.587+0200,dw06,0789,92,1755,100,85,1753,3.90,82275
ground-height-0m-20260825-163632,d018m_r270_run01.csv,0,18,270,dw00;dw01;dw02;dw03;dw04;dw05;dw06;dw07;dw08,dw00;dw01;dw02;dw03;dw04;dw05;dw06;dw07;dw08,,75,1,2026-08-28T06:54:44.717+0200,dw03,021B,1,1753,-34,-1371,1092,2.83,12268
ground-height-0m-20260825-163632,d018m_r270_run01.csv,0,18,270,dw00;dw01;dw02;dw03;dw04;dw05;dw06;dw07;dw08,dw00;dw01;dw02;dw03;dw04;dw05;dw06;dw07;dw08,,165,1,2026-08-28T06:54:44.727+0200,dw08,028E,221,1761,139,510,1685,2.38,22308
ground-height-0m-20260825-163632,d018m_r270_run01.csv,0,18,270,dw00;dw01;dw02;dw03;dw04;dw05;dw06;dw07;dw08,dw00;dw01;dw02;dw03;dw04;dw05;dw06;dw07;dw08,,15,1,2026-08-28T06:54:44.737+0200,dw00,8103,23,1769,-142,1362,1129,-3.09,32287
ground-height-0m-20260825-163632,d018m_r270_run01.csv,0,18,270,dw00;dw01;dw02;dw03;dw04;dw05;dw06;dw07;dw08,dw00;dw01;dw02;dw03;dw04;dw05;dw06;dw07;dw08,,55,1,2026-08-28T06:54:44.757+0200,dw02,8FB0,123,1754,-81,-1754,0,3.27,52368
ground-height-0m-20260825-163632,d018m_r270_run01.csv,0,18,270,dw00;dw01;dw02;dw03;dw04;dw05;dw06;dw07;dw08,dw00;dw01;dw02;dw03;dw04;dw05;dw06;dw07;dw08,,90,1,2026-08-28T06:54:44.767+0200,dw04,0F85,19,1757,8,-908,1504,-3.09,62255
ground-height-0m-20260825-163632,d018m_r270_run01.csv,0,18,270,dw00;dw01;dw02;dw03;dw04;dw05;dw06;dw07;dw08,dw00;dw01;dw02;dw03;dw04;dw05;dw06;dw07;dw08,,105,1,2026-08-28T06:54:44.777+0200,dw05,4B92,31,1754,58,-374,1714,-3.75,72265
ground-height-0m-20260825-163632,d018m_r270_run01.csv,0,18,270,dw00;dw01;dw02;dw03;dw04;dw05;dw06;dw07;dw08,dw00;dw01;dw02;dw03;dw04;dw05;dw06;dw07;dw08,,125,1,2026-08-28T06:54:44.788+0200,dw06,0789,93,1758,106,150,1752,4.02,82275
ground-height-0m-20260825-163632,d018m_r270_run01.csv,0,18,270,dw00;dw01;dw02;dw03;dw04;dw05;dw06;dw07;dw08,dw00;dw01;dw02;dw03;dw04;dw05;dw06;dw07;dw08,,75,1,2026-08-28T06:54:44.917+0200,dw03,021B,2,1753,-36,-1402,1052,2.89,12268
ground-height-0m-20260825-163632,d018m_r270_run01.csv,0,18,270,dw00;dw01;dw02;dw03;dw04;dw05;dw06;dw07;dw08,dw00;dw01;dw02;dw03;dw04;dw05;dw06;dw07;dw08,,165,1,2026-08-28T06:54:44.927+0200,dw08,028E,222,1762,151,634,1644,2.38,22308
ground-height-0m-20260825-163632,d018m_r270_run01.csv,0,18,270,dw00;dw01;dw02;dw03;dw04;dw05;dw06;dw07;dw08,dw00;dw01;dw02;dw03;dw04;dw05;dw06;dw07;dw08,,15,1,2026-08-28T06:54:44.937+0200,dw00,8103,24,1763,-151,1254,1239,-3.09,32318
ground-height-0m-20260825-163632,d018m_r270_run01.csv,0,18,270,dw00;dw01;dw02;dw03;dw04;dw05;dw06;dw07;dw08,dw00;dw01;dw02;dw03;dw04;dw05;dw06;dw07;dw08,,55,1,2026-08-28T06:54:44.958+0200,dw02,8FB0,124,1757,-84,-1757,0,3.33,52398
ground-height-0m-20260825-163632,d018m_r270_run01.csv,0,18,270,dw00;dw01;dw02;dw03;dw04;dw05;dw06;dw07;dw08,dw00;dw01;dw02;dw03;dw04;dw05;dw06;dw07;dw08,,90,1,2026-08-28T06:54:44.967+0200,dw04,0F85,20,1759,15,-839,1546,-3.12,62255
ground-height-0m-20260825-163632,d018m_r270_run01.csv,0,18,270,dw00;dw01;dw02;dw03;dw04;dw05;dw06;dw07;dw08,dw00;dw01;dw02;dw03;dw04;dw05;dw06;dw07;dw08,,105,1,2026-08-28T06:54:44.977+0200,dw05,4B92,32,1755,49,-471,1690,-3.75,72265
ground-height-0m-20260825-163632,d018m_r270_run01.csv,0,18,270,dw00;dw01;dw02;dw03;dw04;dw05;dw06;dw07;dw08,dw00;dw01;dw02;dw03;dw04;dw05;dw06;dw07;dw08,,125,1,2026-08-28T06:54:44.987+0200,dw06,0789,94,1759,103,115,1755,4.08,82305
ground-height-0m-20260825-163632,d018m_r270_run01.csv,0,18,270,dw00;dw01;dw02;dw03;dw04;dw05;dw06;dw07;dw08,dw00;dw01;dw02;dw03;dw04;dw05;dw06;dw07;dw08,,145,1,2026-08-28T06:54:45.113+0200,dw07,5783,11,1757,122,319,1728,2.50,2147483
ground-height-0m-20260825-163632,d018m_r270_run01.csv,0,18,270,dw00;dw01;dw02;dw03;dw04;dw05;dw06;dw07;dw08,dw00;dw01;dw02;dw03;dw04;dw05;dw06;dw07;dw08,,165,1,2026-08-28T06:54:45.128+0200,dw08,028E,223,1761,141,532,1679,2.38,2147483
ground-height-0m-20260825-163632,d018m_r270_run01.csv,0,18,270,dw00;dw01;dw02;dw03;dw04;dw05;dw06;dw07;dw08,dw00;dw01;dw02;dw03;dw04;dw05;dw06;dw07;dw08,,15,1,2026-08-28T06:54:45.137+0200,dw00,8103,25,1761,-147,1296,1192,-3.18,2147483
ground-height-0m-20260825-163632,d018m_r270_run01.csv,0,18,270,dw00;dw01;dw02;dw03;dw04;dw05;dw06;dw07;dw08,dw00;dw01;dw02;dw03;dw04;dw05;dw06;dw07;dw08,,55,1,2026-08-28T06:54:45.157+0200,dw02,8FB0,125,1757,-89,1757,0,3.27,2147483
ground-height-0m-20260825-163632,d018m_r270_run01.csv,0,18,270,dw00;dw01;dw02;dw03;dw04;dw05;dw06;dw07;dw08,dw00;dw01;dw02;dw03;dw04;dw05;dw06;dw07;dw08,,90,1,2026-08-28T06:54:45.168+0200,dw04,0F85,21,1758,4,-959,1473,-3.12,2147483
ground-height-0m-20260825-163632,d018m_r270_run01.csv,0,18,270,dw00;dw01;dw02;dw03;dw04;dw05;dw06;dw07;dw08,dw00;dw01;dw02;dw03;dw04;dw05;dw06;dw07;dw08,,105,1,2026-08-28T06:54:45.177+0200,dw05,4B92,33,1756,54,-417,1706,-3.81,2147483
ground-height-0m-20260825-163632,d018m_r270_run01.csv,0,18,270,dw00;dw01;dw02;dw03;dw04;dw05;dw06;dw07;dw08,dw00;dw01;dw02;dw03;dw04;dw05;dw06;dw07;dw08,,125,1,2026-08-28T06:54:45.187+0200,dw06,0789,95,1759,106,143,1753,3.96,2147483
ground-height-0m-20260825-163632,d018m_r270_run01.csv,0,18,270,dw00;dw01;dw02;dw03;dw04;dw05;dw06;dw07;dw08,dw00;dw01;dw02;dw03;dw04;dw05;dw06;dw07;dw08,,75,1,2026-08-28T06:54:45.332+0200,dw03,021B,4,1749,-38,-1412,1031,3.01,27923
ground-height-0m-20260825-163632,d018m_r270_run01.csv,0,18,270,dw00;dw01;dw02;dw03;dw04;dw05;dw06;dw07;dw08,dw00;dw01;dw02;dw03;dw04;dw05;dw06;dw07;dw08,,165,1,2026-08-28T06:54:45.345+0200,dw08,028E,224,1762,125,352,1726,2.38,40832
ground-height-0m-20260825-163632,d018m_r270_run01.csv,0,18,270,dw00;dw01;dw02;dw03;dw04;dw05;dw06;dw07;dw08,dw00;dw01;dw02;dw03;dw04;dw05;dw06;dw07;dw08,,15,1,2026-08-28T06:54:45.356+0200,dw00,8103,26,1761,-163,1124,1355,-3.09,50842
ground-height-0m-20260825-163632,d018m_r270_run01.csv,0,18,270,dw00;dw01;dw02;dw03;dw04;dw05;dw06;dw07;dw08,dw00;dw01;dw02;dw03;dw04;dw05;dw06;dw07;dw08,,55,1,2026-08-28T06:54:45.375+0200,dw02,8FB0,126,1754,-92,1754,0,3.15,71228
ground-height-0m-20260825-163632,d018m_r270_run01.csv,0,18,270,dw00;dw01;dw02;dw03;dw04;dw05;dw06;dw07;dw08,dw00;dw01;dw02;dw03;dw04;dw05;dw06;dw07;dw08,,90,1,2026-08-28T06:54:45.385+0200,dw04,0F85,22,1760,7,-924,1498,-3.12,80780
ground-height-0m-20260825-163632,d018m_r270_run01.csv,0,18,270,dw00;dw01;dw02;dw03;dw04;dw05;dw06;dw07;dw08,dw00;dw01;dw02;dw03;dw04;dw05;dw06;dw07;dw08,,105,1,2026-08-28T06:54:45.395+0200,dw05,4B92,34,1757,44,-521,1678,-3.75,90698
ground-height-0m-20260825-163632,d018m_r270_run01.csv,0,18,270,dw00;dw01;dw02;dw03;dw04;dw05;dw06;dw07;dw08,dw00;dw01;dw02;dw03;dw04;dw05;dw06;dw07;dw08,,125,1,2026-08-28T06:54:45.406+0200,dw06,0789,96,1762,97,54,1762,4.08,915
ground-height-0m-20260825-163632,d018m_r270_run01.csv,0,18,270,dw00;dw01;dw02;dw03;dw04;dw05;dw06;dw07;dw08,dw00;dw01;dw02;dw03;dw04;dw05;dw06;dw07;dw08,,75,1,2026-08-28T06:54:45.517+0200,dw03,021B,5,1750,-40,-1438,996,2.83,12298
ground-height-0m-20260825-163632,d018m_r270_run01.csv,0,18,270,dw00;dw01;dw02;dw03;dw04;dw05;dw06;dw07;dw08,dw00;dw01;dw02;dw03;dw04;dw05;dw06;dw07;dw08,,165,1,2026-08-28T06:54:45.527+0200,dw08,028E,225,1761,137,479,1694,2.38,22308
ground-height-0m-20260825-163632,d018m_r270_run01.csv,0,18,270,dw00;dw01;dw02;dw03;dw04;dw05;dw06;dw07;dw08,dw00;dw01;dw02;dw03;dw04;dw05;dw06;dw07;dw08,,15,1,2026-08-28T06:54:45.537+0200,dw00,8103,27,1762,-135,1430,1029,-3.09,32287
ground-height-0m-20260825-163632,d018m_r270_run01.csv,0,18,270,dw00;dw01;dw02;dw03;dw04;dw05;dw06;dw07;dw08,dw00;dw01;dw02;dw03;dw04;dw05;dw06;dw07;dw08,,55,1,2026-08-28T06:54:45.557+0200,dw02,8FB0,127,1752,-99,1752,0,3.21,52398
ground-height-0m-20260825-163632,d018m_r270_run01.csv,0,18,270,dw00;dw01;dw02;dw03;dw04;dw05;dw06;dw07;dw08,dw00;dw01;dw02;dw03;dw04;dw05;dw06;dw07;dw08,,90,1,2026-08-28T06:54:45.567+0200,dw04,0F85,23,1762,6,-933,1494,-3.12,62286
ground-height-0m-20260825-163632,d018m_r270_run01.csv,0,18,270,dw00;dw01;dw02;dw03;dw04;dw05;dw06;dw07;dw08,dw00;dw01;dw02;dw03;dw04;dw05;dw06;dw07;dw08,,105,1,2026-08-28T06:54:45.577+0200,dw05,4B92,35,1755,46,-502,1682,-3.69,72296
ground-height-0m-20260825-163632,d018m_r270_run01.csv,0,18,270,dw00;dw01;dw02;dw03;dw04;dw05;dw06;dw07;dw08,dw00;dw01;dw02;dw03;dw04;dw05;dw06;dw07;dw08,,145,1,2026-08-28T06:54:45.613+0200,dw07,5783,13,1754,118,272,1732,2.38,2147483
ground-height-0m-20260825-163632,d018m_r270_run01.csv,0,18,270,dw00;dw01;dw02;dw03;dw04;dw05;dw06;dw07;dw08,dw00;dw01;dw02;dw03;dw04;dw05;dw06;dw07;dw08,,125,1,2026-08-28T06:54:45.687+0200,dw06,0789,97,1760,94,22,1760,4.02,2147483
ground-height-0m-20260825-163632,d018m_r270_run01.csv,0,18,270,dw00;dw01;dw02;dw03;dw04;dw05;dw06;dw07;dw08,dw00;dw01;dw02;dw03;dw04;dw05;dw06;dw07;dw08,,75,1,2026-08-28T06:54:45.717+0200,dw03,021B,6,1751,-34,-1373,1085,2.83,12268
ground-height-0m-20260825-163632,d018m_r270_run01.csv,0,18,270,dw00;dw01;dw02;dw03;dw04;dw05;dw06;dw07;dw08,dw00;dw01;dw02;dw03;dw04;dw05;dw06;dw07;dw08,,165,1,2026-08-28T06:54:45.727+0200,dw08,028E,226,1759,136,470,1695,2.38,22308
ground-height-0m-20260825-163632,d018m_r270_run01.csv,0,18,270,dw00;dw01;dw02;dw03;dw04;dw05;dw06;dw07;dw08,dw00;dw01;dw02;dw03;dw04;dw05;dw06;dw07;dw08,,15,1,2026-08-28T06:54:45.737+0200,dw00,8103,28,1764,-155,1212,1282,-3.09,32257
ground-height-0m-20260825-163632,d018m_r270_run01.csv,0,18,270,dw00;dw01;dw02;dw03;dw04;dw05;dw06;dw07;dw08,dw00;dw01;dw02;dw03;dw04;dw05;dw06;dw07;dw08,,55,1,2026-08-28T06:54:45.757+0200,dw02,8FB0,128,1757,-102,1757,0,3.27,52398
ground-height-0m-20260825-163632,d018m_r270_run01.csv,0,18,270,dw00;dw01;dw02;dw03;dw04;dw05;dw06;dw07;dw08,dw00;dw01;dw02;dw03;dw04;dw05;dw06;dw07;dw08,,90,1,2026-08-28T06:54:45.767+0200,dw04,0F85,24,1756,12,-871,1525,-3.12,62286
ground-height-0m-20260825-163632,d018m_r270_run01.csv,0,18,270,dw00;dw01;dw02;dw03;dw04;dw05;dw06;dw07;dw08,dw00;dw01;dw02;dw03;dw04;dw05;dw06;dw07;dw08,,105,1,2026-08-28T06:54:45.777+0200,dw05,4B92,36,1754,55,-409,1706,-3.75,72296
ground-height-0m-20260825-163632,d018m_r270_run01.csv,0,18,270,dw00;dw01;dw02;dw03;dw04;dw05;dw06;dw07;dw08,dw00;dw01;dw02;dw03;dw04;dw05;dw06;dw07;dw08,,125,1,2026-08-28T06:54:45.906+0200,dw06,0789,98,1758,93,2,1758,3.90,823
ground-height-0m-20260825-163632,d018m_r270_run01.csv,0,18,270,dw00;dw01;dw02;dw03;dw04;dw05;dw06;dw07;dw08,dw00;dw01;dw02;dw03;dw04;dw05;dw06;dw07;dw08,,75,1,2026-08-28T06:54:45.916+0200,dw03,021B,7,1747,-31,-1341,1120,2.83,12268
ground-height-0m-20260825-163632,d018m_r270_run01.csv,0,18,270,dw00;dw01;dw02;dw03;dw04;dw05;dw06;dw07;dw08,dw00;dw01;dw02;dw03;dw04;dw05;dw06;dw07;dw08,,165,1,2026-08-28T06:54:45.927+0200,dw08,028E,227,1763,141,530,1682,2.38,22247
ground-height-0m-20260825-163632,d018m_r270_run01.csv,0,18,270,dw00;dw01;dw02;dw03;dw04;dw05;dw06;dw07;dw08,dw00;dw01;dw02;dw03;dw04;dw05;dw06;dw07;dw08,,15,1,2026-08-28T06:54:45.937+0200,dw00,8103,29,1759,-161,1148,1332,-3.12,32287
ground-height-0m-20260825-163632,d018m_r270_run01.csv,0,18,270,dw00;dw01;dw02;dw03;dw04;dw05;dw06;dw07;dw08,dw00;dw01;dw02;dw03;dw04;dw05;dw06;dw07;dw08,,55,1,2026-08-28T06:54:45.956+0200,dw02,8FB0,129,1754,-85,-1754,0,3.15,52368
ground-height-0m-20260825-163632,d018m_r270_run01.csv,0,18,270,dw00;dw01;dw02;dw03;dw04;dw05;dw06;dw07;dw08,dw00;dw01;dw02;dw03;dw04;dw05;dw06;dw07;dw08,,90,1,2026-08-28T06:54:45.967+0200,dw04,0F85,25,1758,5,-944,1483,-3.09,62255
ground-height-0m-20260825-163632,d018m_r270_run01.csv,0,18,270,dw00;dw01;dw02;dw03;dw04;dw05;dw06;dw07;dw08,dw00;dw01;dw02;dw03;dw04;dw05;dw06;dw07;dw08,,105,1,2026-08-28T06:54:45.977+0200,dw05,4B92,37,1760,52,-436,1705,-3.81,72265
ground-height-0m-20260825-163632,d018m_r270_run01.csv,0,18,270,dw00;dw01;dw02;dw03;dw04;dw05;dw06;dw07;dw08,dw00;dw01;dw02;dw03;dw04;dw05;dw06;dw07;dw08,,75,1,2026-08-28T06:54:46.117+0200,dw03,021B,8,1748,-28,-1311,1157,2.83,12268
ground-height-0m-20260825-163632,d018m_r270_run01.csv,0,18,270,dw00;dw01;dw02;dw03;dw04;dw05;dw06;dw07;dw08,dw00;dw01;dw02;dw03;dw04;dw05;dw06;dw07;dw08,,165,1,2026-08-28T06:54:46.126+0200,dw08,028E,228,1762,138,491,1693,2.32,22308
ground-height-0m-20260825-163632,d018m_r270_run01.csv,0,18,270,dw00;dw01;dw02;dw03;dw04;dw05;dw06;dw07;dw08,dw00;dw01;dw02;dw03;dw04;dw05;dw06;dw07;dw08,,15,1,2026-08-28T06:54:46.137+0200,dw00,8103,30,1760,-149,1270,1218,-3.12,32257
ground-height-0m-20260825-163632,d018m_r270_run01.csv,0,18,270,dw00;dw01;dw02;dw03;dw04;dw05;dw06;dw07;dw08,dw00;dw01;dw02;dw03;dw04;dw05;dw06;dw07;dw08,,55,1,2026-08-28T06:54:46.157+0200,dw02,8FB0,130,1756,-79,-1756,0,3.27,52368
ground-height-0m-20260825-163632,d018m_r270_run01.csv,0,18,270,dw00;dw01;dw02;dw03;dw04;dw05;dw06;dw07;dw08,dw00;dw01;dw02;dw03;dw04;dw05;dw06;dw07;dw08,,90,1,2026-08-28T06:54:46.166+0200,dw04,0F85,26,1758,10,-889,1516,-3.03,62255
ground-height-0m-20260825-163632,d018m_r270_run01.csv,0,18,270,dw00;dw01;dw02;dw03;dw04;dw05;dw06;dw07;dw08,dw00;dw01;dw02;dw03;dw04;dw05;dw06;dw07;dw08,,105,1,2026-08-28T06:54:46.176+0200,dw05,4B92,38,1754,54,-409,1706,-3.75,72235
ground-height-0m-20260825-163632,d018m_r270_run01.csv,0,18,270,dw00;dw01;dw02;dw03;dw04;dw05;dw06;dw07;dw08,dw00;dw01;dw02;dw03;dw04;dw05;dw06;dw07;dw08,,125,1,2026-08-28T06:54:46.187+0200,dw06,0789,99,1759,81,-119,1755,4.08,82366
ground-height-0m-20260825-163632,d018m_r270_run01.csv,0,18,270,dw00;dw01;dw02;dw03;dw04;dw05;dw06;dw07;dw08,dw00;dw01;dw02;dw03;dw04;dw05;dw06;dw07;dw08,,75,1,2026-08-28T06:54:46.317+0200,dw03,021B,9,1748,-27,-1299,1169,2.77,12298
ground-height-0m-20260825-163632,d018m_r270_run01.csv,0,18,270,dw00;dw01;dw02;dw03;dw04;dw05;dw06;dw07;dw08,dw00;dw01;dw02;dw03;dw04;dw05;dw06;dw07;dw08,,165,1,2026-08-28T06:54:46.326+0200,dw08,028E,229,1762,135,464,1700,2.38,22277
ground-height-0m-20260825-163632,d018m_r270_run01.csv,0,18,270,dw00;dw01;dw02;dw03;dw04;dw05;dw06;dw07;dw08,dw00;dw01;dw02;dw03;dw04;dw05;dw06;dw07;dw08,,15,1,2026-08-28T06:54:46.336+0200,dw00,8103,31,1760,-145,1321,1162,-3.12,32287
ground-height-0m-20260825-163632,d018m_r270_run01.csv,0,18,270,dw00;dw01;dw02;dw03;dw04;dw05;dw06;dw07;dw08,dw00;dw01;dw02;dw03;dw04;dw05;dw06;dw07;dw08,,55,1,2026-08-28T06:54:46.357+0200,dw02,8FB0,131,1756,-91,1756,0,3.21,52398
ground-height-0m-20260825-163632,d018m_r270_run01.csv,0,18,270,dw00;dw01;dw02;dw03;dw04;dw05;dw06;dw07;dw08,dw00;dw01;dw02;dw03;dw04;dw05;dw06;dw07;dw08,,90,1,2026-08-28T06:54:46.366+0200,dw04,0F85,27,1756,6,-936,1485,-3.12,62286
ground-height-0m-20260825-163632,d018m_r270_run01.csv,0,18,270,dw00;dw01;dw02;dw03;dw04;dw05;dw06;dw07;dw08,dw00;dw01;dw02;dw03;dw04;dw05;dw06;dw07;dw08,,105,1,2026-08-28T06:54:46.376+0200,dw05,4B92,39,1751,55,-405,1704,-3.75,72265
ground-height-0m-20260825-163632,d018m_r270_run01.csv,0,18,270,dw00;dw01;dw02;dw03;dw04;dw05;dw06;dw07;dw08,dw00;dw01;dw02;dw03;dw04;dw05;dw06;dw07;dw08,,125,1,2026-08-28T06:54:46.386+0200,dw06,0789,100,1762,96,38,1762,4.02,82275
ground-height-0m-20260825-163632,d018m_r270_run01.csv,0,18,270,dw00;dw01;dw02;dw03;dw04;dw05;dw06;dw07;dw08,dw00;dw01;dw02;dw03;dw04;dw05;dw06;dw07;dw08,,75,1,2026-08-28T06:54:46.517+0200,dw03,021B,10,1753,-31,-1348,1120,2.77,12268
ground-height-0m-20260825-163632,d018m_r270_run01.csv,0,18,270,dw00;dw01;dw02;dw03;dw04;dw05;dw06;dw07;dw08,dw00;dw01;dw02;dw03;dw04;dw05;dw06;dw07;dw08,,15,1,2026-08-28T06:54:46.536+0200,dw00,8103,32,1762,-141,1365,1115,-3.03,32257
ground-height-0m-20260825-163632,d018m_r270_run01.csv,0,18,270,dw00;dw01;dw02;dw03;dw04;dw05;dw06;dw07;dw08,dw00;dw01;dw02;dw03;dw04;dw05;dw06;dw07;dw08,,55,1,2026-08-28T06:54:46.557+0200,dw02,8FB0,132,1758,-96,1758,0,3.21,52368
ground-height-0m-20260825-163632,d018m_r270_run01.csv,0,18,270,dw00;dw01;dw02;dw03;dw04;dw05;dw06;dw07;dw08,dw00;dw01;dw02;dw03;dw04;dw05;dw06;dw07;dw08,,90,1,2026-08-28T06:54:46.567+0200,dw04,0F85,28,1760,9,-905,1509,-3.09,62255
ground-height-0m-20260825-163632,d018m_r270_run01.csv,0,18,270,dw00;dw01;dw02;dw03;dw04;dw05;dw06;dw07;dw08,dw00;dw01;dw02;dw03;dw04;dw05;dw06;dw07;dw08,,125,1,2026-08-28T06:54:46.586+0200,dw06,0789,101,1761,97,47,1760,4.02,82305
ground-height-0m-20260825-163632,d018m_r270_run01.csv,0,18,270,dw00;dw01;dw02;dw03;dw04;dw05;dw06;dw07;dw08,dw00;dw01;dw02;dw03;dw04;dw05;dw06;dw07;dw08,,75,1,2026-08-28T06:54:46.716+0200,dw03,021B,11,1750,-34,-1372,1086,2.77,12268
ground-height-0m-20260825-163632,d018m_r270_run01.csv,0,18,270,dw00;dw01;dw02;dw03;dw04;dw05;dw06;dw07;dw08,dw00;dw01;dw02;dw03;dw04;dw05;dw06;dw07;dw08,,15,1,2026-08-28T06:54:46.737+0200,dw00,8103,33,1768,-142,1360,1128,-3.03,32287
ground-height-0m-20260825-163632,d018m_r270_run01.csv,0,18,270,dw00;dw01;dw02;dw03;dw04;dw05;dw06;dw07;dw08,dw00;dw01;dw02;dw03;dw04;dw05;dw06;dw07;dw08,,55,1,2026-08-28T06:54:46.756+0200,dw02,8FB0,133,1758,-98,1758,0,3.27,52337
ground-height-0m-20260825-163632,d018m_r270_run01.csv,0,18,270,dw00;dw01;dw02;dw03;dw04;dw05;dw06;dw07;dw08,dw00;dw01;dw02;dw03;dw04;dw05;dw06;dw07;dw08,,90,1,2026-08-28T06:54:46.766+0200,dw04,0F85,29,1758,4,-953,1477,-3.09,62255
ground-height-0m-20260825-163632,d018m_r270_run01.csv,0,18,270,dw00;dw01;dw02;dw03;dw04;dw05;dw06;dw07;dw08,dw00;dw01;dw02;dw03;dw04;dw05;dw06;dw07;dw08,,125,1,2026-08-28T06:54:46.786+0200,dw06,0789,102,1757,93,8,1757,4.02,82305
ground-height-0m-20260825-163632,d018m_r270_run01.csv,0,18,270,dw00;dw01;dw02;dw03;dw04;dw05;dw06;dw07;dw08,dw00;dw01;dw02;dw03;dw04;dw05;dw06;dw07;dw08,,75,1,2026-08-28T06:54:46.916+0200,dw03,021B,12,1748,-34,-1375,1080,2.77,12268
ground-height-0m-20260825-163632,d018m_r270_run01.csv,0,18,270,dw00;dw01;dw02;dw03;dw04;dw05;dw06;dw07;dw08,dw00;dw01;dw02;dw03;dw04;dw05;dw06;dw07;dw08,,15,1,2026-08-28T06:54:46.937+0200,dw00,8103,34,1762,-152,1243,1248,-3.18,32257
ground-height-0m-20260825-163632,d018m_r270_run01.csv,0,18,270,dw00;dw01;dw02;dw03;dw04;dw05;dw06;dw07;dw08,dw00;dw01;dw02;dw03;dw04;dw05;dw06;dw07;dw08,,90,1,2026-08-28T06:54:46.966+0200,dw04,0F85,30,1761,13,-860,1536,-3.18,62255
ground-height-0m-20260825-163632,d018m_r270_run01.csv,0,18,270,dw00;dw01;dw02;dw03;dw04;dw05;dw06;dw07;dw08,dw00;dw01;dw02;dw03;dw04;dw05;dw06;dw07;dw08,,125,1,2026-08-28T06:54:46.987+0200,dw06,0789,103,1756,103,117,1752,4.02,82275
ground-height-0m-20260825-163632,d018m_r270_run01.csv,0,18,270,dw00;dw01;dw02;dw03;dw04;dw05;dw06;dw07;dw08,dw00;dw01;dw02;dw03;dw04;dw05;dw06;dw07;dw08,,75,1,2026-08-28T06:54:47.116+0200,dw03,021B,13,1751,-26,-1293,1180,2.83,12268
ground-height-0m-20260825-163632,d018m_r270_run01.csv,0,18,270,dw00;dw01;dw02;dw03;dw04;dw05;dw06;dw07;dw08,dw00;dw01;dw02;dw03;dw04;dw05;dw06;dw07;dw08,,90,1,2026-08-28T06:54:47.166+0200,dw04,0F85,31,1758,11,-877,1524,-3.09,62225
ground-height-0m-20260825-163632,d018m_r270_run01.csv,0,18,270,dw00;dw01;dw02;dw03;dw04;dw05;dw06;dw07;dw08,dw00;dw01;dw02;dw03;dw04;dw05;dw06;dw07;dw08,,125,1,2026-08-28T06:54:47.187+0200,dw06,0789,104,1761,106,143,1755,4.02,82275
ground-height-0m-20260825-163632,d018m_r270_run01.csv,0,18,270,dw00;dw01;dw02;dw03;dw04;dw05;dw06;dw07;dw08,dw00;dw01;dw02;dw03;dw04;dw05;dw06;dw07;dw08,,75,1,2026-08-28T06:54:47.317+0200,dw03,021B,14,1747,-31,-1334,1128,2.83,12268
ground-height-0m-20260825-163632,d018m_r270_run01.csv,0,18,270,dw00;dw01;dw02;dw03;dw04;dw05;dw06;dw07;dw08,dw00;dw01;dw02;dw03;dw04;dw05;dw06;dw07;dw08,,90,1,2026-08-28T06:54:47.366+0200,dw04,0F85,32,1758,3,-965,1469,-3.24,62286
ground-height-0m-20260825-163632,d018m_r270_run01.csv,0,18,270,dw00;dw01;dw02;dw03;dw04;dw05;dw06;dw07;dw08,dw00;dw01;dw02;dw03;dw04;dw05;dw06;dw07;dw08,,125,1,2026-08-28T06:54:47.386+0200,dw06,0789,105,1754,97,46,1753,4.02,82275
ground-height-0m-20260825-163632,d018m_r270_run01.csv,0,18,270,dw00;dw01;dw02;dw03;dw04;dw05;dw06;dw07;dw08,dw00;dw01;dw02;dw03;dw04;dw05;dw06;dw07;dw08,,75,1,2026-08-28T06:54:47.516+0200,dw03,021B,15,1748,-23,-1255,1217,2.89,2147483
ground-height-0m-20260825-163632,d018m_r270_run01.csv,0,18,270,dw00;dw01;dw02;dw03;dw04;dw05;dw06;dw07;dw08,dw00;dw01;dw02;dw03;dw04;dw05;dw06;dw07;dw08,,90,1,2026-08-28T06:54:47.567+0200,dw04,0F85,33,1757,9,-900,1509,-3.09,2147483
ground-height-0m-20260825-163632,d018m_r270_run01.csv,0,18,270,dw00;dw01;dw02;dw03;dw04;dw05;dw06;dw07;dw08,dw00;dw01;dw02;dw03;dw04;dw05;dw06;dw07;dw08,,125,1,2026-08-28T06:54:47.586+0200,dw06,0789,106,1764,95,23,1764,3.96,2147483
ground-height-0m-20260825-163632,d018m_r270_run01.csv,0,18,270,dw00;dw01;dw02;dw03;dw04;dw05;dw06;dw07;dw08,dw00;dw01;dw02;dw03;dw04;dw05;dw06;dw07;dw08,,145,1,2026-08-28T06:54:47.725+0200,dw07,5783,2,1756,139,508,1681,-4.55,2147483
ground-height-0m-20260825-163632,d018m_r270_run01.csv,0,18,270,dw00;dw01;dw02;dw03;dw04;dw05;dw06;dw07;dw08,dw00;dw01;dw02;dw03;dw04;dw05;dw06;dw07;dw08,,90,1,2026-08-28T06:54:47.784+0200,dw04,0F85,34,1758,5,-944,1483,-3.09,2147483
ground-height-0m-20260825-163632,d018m_r270_run01.csv,0,18,270,dw00;dw01;dw02;dw03;dw04;dw05;dw06;dw07;dw08,dw00;dw01;dw02;dw03;dw04;dw05;dw06;dw07;dw08,,125,1,2026-08-28T06:54:47.805+0200,dw06,0789,107,1758,103,111,1754,4.08,823
ground-height-0m-20260825-163632,d018m_r270_run01.csv,0,18,270,dw00;dw01;dw02;dw03;dw04;dw05;dw06;dw07;dw08,dw00;dw01;dw02;dw03;dw04;dw05;dw06;dw07;dw08,,35,1,2026-08-28T06:54:47.846+0200,dw01,1729,6,1757,-120,1587,754,2.50,42358
ground-height-0m-20260825-163632,d018m_r270_run01.csv,0,18,270,dw00;dw01;dw02;dw03;dw04;dw05;dw06;dw07;dw08,dw00;dw01;dw02;dw03;dw04;dw05;dw06;dw07;dw08,,90,1,2026-08-28T06:54:48.003+0200,dw04,0F85,35,1756,11,-882,1518,-3.18,2147483
ground-height-0m-20260825-163632,d018m_r270_run01.csv,0,18,270,dw00;dw01;dw02;dw03;dw04;dw05;dw06;dw07;dw08,dw00;dw01;dw02;dw03;dw04;dw05;dw06;dw07;dw08,,125,1,2026-08-28T06:54:48.086+0200,dw06,0789,108,1757,100,85,1755,4.02,82336
ground-height-0m-20260825-163632,d018m_r270_run01.csv,0,18,270,dw00;dw01;dw02;dw03;dw04;dw05;dw06;dw07;dw08,dw00;dw01;dw02;dw03;dw04;dw05;dw06;dw07;dw08,,145,1,2026-08-28T06:54:48.211+0200,dw07,5783,4,1757,131,413,1708,2.50,2147483
ground-height-0m-20260825-163632,d018m_r270_run01.csv,0,18,270,dw00;dw01;dw02;dw03;dw04;dw05;dw06;dw07;dw08,dw00;dw01;dw02;dw03;dw04;dw05;dw06;dw07;dw08,,125,1,2026-08-28T06:54:48.286+0200,dw06,0789,109,1760,101,93,1757,4.08,2147483
ground-height-0m-20260825-163632,d018m_r270_run01.csv,0,18,270,dw00;dw01;dw02;dw03;dw04;dw05;dw06;dw07;dw08,dw00;dw01;dw02;dw03;dw04;dw05;dw06;dw07;dw08,,125,1,2026-08-28T06:54:48.504+0200,dw06,0789,110,1760,81,-119,1756,3.96,793
ground-height-0m-20260825-163632,d018m_r270_run01.csv,0,18,270,dw00;dw01;dw02;dw03;dw04;dw05;dw06;dw07;dw08,dw00;dw01;dw02;dw03;dw04;dw05;dw06;dw07;dw08,,35,1,2026-08-28T06:54:48.696+0200,dw01,1729,10,1755,-141,1353,1117,2.59,93109
ground-height-0m-20260825-163632,d018m_r270_run01.csv,0,18,270,dw00;dw01;dw02;dw03;dw04;dw05;dw06;dw07;dw08,dw00;dw01;dw02;dw03;dw04;dw05;dw06;dw07;dw08,,125,1,2026-08-28T06:54:48.786+0200,dw06,0789,111,1756,99,67,1755,4.08,82336
ground-height-0m-20260825-163632,d018m_r270_run01.csv,0,18,270,dw00;dw01;dw02;dw03;dw04;dw05;dw06;dw07;dw08,dw00;dw01;dw02;dw03;dw04;dw05;dw06;dw07;dw08,,125,1,2026-08-28T06:54:48.985+0200,dw06,0789,112,1758,99,73,1757,3.90,2147483
ground-height-0m-20260825-163632,d018m_r270_run01.csv,0,18,270,dw00;dw01;dw02;dw03;dw04;dw05;dw06;dw07;dw08,dw00;dw01;dw02;dw03;dw04;dw05;dw06;dw07;dw08,,125,1,2026-08-28T06:54:49.204+0200,dw06,0789,113,1763,99,69,1762,4.02,793
ground-height-0m-20260825-163632,d018m_r270_run01.csv,0,18,270,dw00;dw01;dw02;dw03;dw04;dw05;dw06;dw07;dw08,dw00;dw01;dw02;dw03;dw04;dw05;dw06;dw07;dw08,,125,1,2026-08-28T06:54:49.485+0200,dw06,0789,114,1756,98,65,1755,4.02,82305
ground-height-0m-20260825-163632,d018m_r270_run01.csv,0,18,270,dw00;dw01;dw02;dw03;dw04;dw05;dw06;dw07;dw08,dw00;dw01;dw02;dw03;dw04;dw05;dw06;dw07;dw08,,125,1,2026-08-28T06:54:49.685+0200,dw06,0789,115,1759,92,-3,1759,4.14,2147483
ground-height-0m-20260825-163632,d018m_r270_run01.csv,0,18,270,dw00;dw01;dw02;dw03;dw04;dw05;dw06;dw07;dw08,dw00;dw01;dw02;dw03;dw04;dw05;dw06;dw07;dw08,,90,1,2026-08-28T06:54:49.778+0200,dw04,0F85,1,1758,16,-826,1552,-2.98,75531
ground-height-0m-20260825-163632,d018m_r270_run01.csv,0,18,270,dw00;dw01;dw02;dw03;dw04;dw05;dw06;dw07;dw08,dw00;dw01;dw02;dw03;dw04;dw05;dw06;dw07;dw08,,125,1,2026-08-28T06:54:49.904+0200,dw06,0789,116,1759,101,89,1756,3.90,823
ground-height-0m-20260825-163632,d018m_r270_run01.csv,0,18,270,dw00;dw01;dw02;dw03;dw04;dw05;dw06;dw07;dw08,dw00;dw01;dw02;dw03;dw04;dw05;dw06;dw07;dw08,,125,1,2026-08-28T06:54:50.185+0200,dw06,0789,117,1756,98,63,1755,3.96,82366
ground-height-0m-20260825-163632,d018m_r270_run01.csv,0,18,270,dw00;dw01;dw02;dw03;dw04;dw05;dw06;dw07;dw08,dw00;dw01;dw02;dw03;dw04;dw05;dw06;dw07;dw08,,125,1,2026-08-28T06:54:50.385+0200,dw06,0789,118,1762,98,60,1761,4.02,82244
ground-height-0m-20260825-163632,d018m_r270_run01.csv,0,18,270,dw00;dw01;dw02;dw03;dw04;dw05;dw06;dw07;dw08,dw00;dw01;dw02;dw03;dw04;dw05;dw06;dw07;dw08,,125,1,2026-08-28T06:54:50.585+0200,dw06,0789,119,1756,94,21,1756,3.96,82275
ground-height-0m-20260825-163632,d018m_r270_run01.csv,0,18,270,dw00;dw01;dw02;dw03;dw04;dw05;dw06;dw07;dw08,dw00;dw01;dw02;dw03;dw04;dw05;dw06;dw07;dw08,,35,1,2026-08-28T06:54:50.961+0200,dw01,1729,20,1756,34,-637,1637,2.65,58288
ground-height-0m-20260825-163632,d018m_r270_run01.csv,0,18,270,dw00;dw01;dw02;dw03;dw04;dw05;dw06;dw07;dw08,dw00;dw01;dw02;dw03;dw04;dw05;dw06;dw07;dw08,,145,1,2026-08-28T06:54:55.494+0200,dw07,5783,6,1758,143,546,1671,2.38,2147483
ground-height-0m-20260825-163632,d018m_r270_run01.csv,0,18,270,dw00;dw01;dw02;dw03;dw04;dw05;dw06;dw07;dw08,dw00;dw01;dw02;dw03;dw04;dw05;dw06;dw07;dw08,,145,1,2026-08-28T06:54:55.694+0200,dw07,5783,7,1758,117,265,1738,2.32,2147483
ground-height-0m-20260825-163632,d018m_r270_run01.csv,0,18,270,dw00;dw01;dw02;dw03;dw04;dw05;dw06;dw07;dw08,dw00;dw01;dw02;dw03;dw04;dw05;dw06;dw07;dw08,,145,1,2026-08-28T06:54:56.109+0200,dw07,5783,9,1755,133,436,1700,2.38,2147483
ground-height-0m-20260825-163632,d018m_r270_run01.csv,0,18,270,dw00;dw01;dw02;dw03;dw04;dw05;dw06;dw07;dw08,dw00;dw01;dw02;dw03;dw04;dw05;dw06;dw07;dw08,,145,1,2026-08-28T06:54:56.609+0200,dw07,5783,11,1759,66,-281,1736,2.38,2147483
ground-height-0m-20260825-163632,d018m_r270_run01.csv,0,18,270,dw00;dw01;dw02;dw03;dw04;dw05;dw06;dw07;dw08,dw00;dw01;dw02;dw03;dw04;dw05;dw06;dw07;dw08,,35,1,2026-08-28T06:54:56.644+0200,dw01,1729,4,1758,152,645,1635,2.50,2147483
ground-height-0m-20260825-163632,d018m_r270_run01.csv,0,18,270,dw00;dw01;dw02;dw03;dw04;dw05;dw06;dw07;dw08,dw00;dw01;dw02;dw03;dw04;dw05;dw06;dw07;dw08,,145,1,2026-08-28T06:54:56.894+0200,dw07,5783,12,1758,131,416,1708,2.26,2147483
ground-height-0m-20260825-163632,d018m_r270_run01.csv,0,18,270,dw00;dw01;dw02;dw03;dw04;dw05;dw06;dw07;dw08,dw00;dw01;dw02;dw03;dw04;dw05;dw06;dw07;dw08,,35,1,2026-08-28T06:54:57.760+0200,dw01,1729,9,1760,-164,1106,1369,2.65,58319
ground-height-0m-20260825-163632,d018m_r270_run01.csv,0,18,270,dw00;dw01;dw02;dw03;dw04;dw05;dw06;dw07;dw08,dw00;dw01;dw02;dw03;dw04;dw05;dw06;dw07;dw08,,35,1,2026-08-28T06:54:59.159+0200,dw01,1729,16,1758,-68,-1753,134,2.59,58288
ground-height-0m-20260825-163632,d018m_r270_run01.csv,0,18,270,dw00;dw01;dw02;dw03;dw04;dw05;dw06;dw07;dw08,dw00;dw01;dw02;dw03;dw04;dw05;dw06;dw07;dw08,,145,1,2026-08-28T06:54:59.306+0200,dw07,5783,1,1754,124,336,1722,-4.61,2147483
ground-height-0m-20260825-163632,d018m_r270_run01.csv,0,18,270,dw00;dw01;dw02;dw03;dw04;dw05;dw06;dw07;dw08,dw00;dw01;dw02;dw03;dw04;dw05;dw06;dw07;dw08,,145,1,2026-08-28T06:54:59.592+0200,dw07,5783,2,1757,123,328,1726,2.38,2147483
ground-height-0m-20260825-163632,d018m_r270_run01.csv,0,18,270,dw00;dw01;dw02;dw03;dw04;dw05;dw06;dw07;dw08,dw00;dw01;dw02;dw03;dw04;dw05;dw06;dw07;dw08,,35,1,2026-08-28T06:54:59.777+0200,dw01,1729,19,1756,-124,1540,843,2.65,77117
ground-height-0m-20260825-163632,d018m_r270_run01.csv,0,18,270,dw00;dw01;dw02;dw03;dw04;dw05;dw06;dw07;dw08,dw00;dw01;dw02;dw03;dw04;dw05;dw06;dw07;dw08,,145,1,2026-08-28T06:54:59.793+0200,dw07,5783,3,1756,133,437,1700,2.32,2147483
ground-height-0m-20260825-163632,d018m_r270_run01.csv,0,18,270,dw00;dw01;dw02;dw03;dw04;dw05;dw06;dw07;dw08,dw00;dw01;dw02;dw03;dw04;dw05;dw06;dw07;dw08,,145,1,2026-08-28T06:54:59.993+0200,dw07,5783,4,1755,124,340,1722,2.32,2147483
ground-height-0m-20260825-163632,d018m_r270_run01.csv,0,18,270,dw00;dw01;dw02;dw03;dw04;dw05;dw06;dw07;dw08,dw00;dw01;dw02;dw03;dw04;dw05;dw06;dw07;dw08,,145,1,2026-08-28T06:55:00.192+0200,dw07,5783,5,1755,128,388,1712,2.32,2147483
ground-height-0m-20260825-163632,d018m_r270_run01.csv,0,18,270,dw00;dw01;dw02;dw03;dw04;dw05;dw06;dw07;dw08,dw00;dw01;dw02;dw03;dw04;dw05;dw06;dw07;dw08,,35,1,2026-08-28T06:55:00.243+0200,dw01,1729,21,1755,31,-659,1626,2.38,42358
ground-height-0m-20260825-163632,d018m_r270_run01.csv,0,18,270,dw00;dw01;dw02;dw03;dw04;dw05;dw06;dw07;dw08,dw00;dw01;dw02;dw03;dw04;dw05;dw06;dw07;dw08,,145,1,2026-08-28T06:55:00.392+0200,dw07,5783,6,1757,124,347,1723,2.32,2147483
ground-height-0m-20260825-163632,d018m_r270_run01.csv,0,18,270,dw00;dw01;dw02;dw03;dw04;dw05;dw06;dw07;dw08,dw00;dw01;dw02;dw03;dw04;dw05;dw06;dw07;dw08,,145,1,2026-08-28T06:55:00.792+0200,dw07,5783,8,1758,131,418,1708,2.32,2147483
ground-height-0m-20260825-163632,d018m_r270_run01.csv,0,18,270,dw00;dw01;dw02;dw03;dw04;dw05;dw06;dw07;dw08,dw00;dw01;dw02;dw03;dw04;dw05;dw06;dw07;dw08,,35,1,2026-08-28T06:55:00.858+0200,dw01,1729,24,1758,79,-147,1752,2.59,58349
ground-height-0m-20260825-163632,d018m_r270_run01.csv,0,18,270,dw00;dw01;dw02;dw03;dw04;dw05;dw06;dw07;dw08,dw00;dw01;dw02;dw03;dw04;dw05;dw06;dw07;dw08,,35,1,2026-08-28T06:55:01.258+0200,dw01,1729,26,1761,83,-101,1758,2.59,2147483
ground-height-0m-20260825-163632,d018m_r270_run01.csv,0,18,270,dw00;dw01;dw02;dw03;dw04;dw05;dw06;dw07;dw08,dw00;dw01;dw02;dw03;dw04;dw05;dw06;dw07;dw08,,145,1,2026-08-28T06:55:01.423+0200,dw07,5783,11,1759,120,304,1732,2.38,2147483
ground-height-0m-20260825-163632,d018m_r270_run01.csv,0,18,270,dw00;dw01;dw02;dw03;dw04;dw05;dw06;dw07;dw08,dw00;dw01;dw02;dw03;dw04;dw05;dw06;dw07;dw08,,35,1,2026-08-28T06:55:03.271+0200,dw01,1729,2,1755,22,-763,1580,-4.05,71685
ground-height-0m-20260825-163632,d018m_r270_run01.csv,0,18,270,dw00;dw01;dw02;dw03;dw04;dw05;dw06;dw07;dw08,dw00;dw01;dw02;dw03;dw04;dw05;dw06;dw07;dw08,,145,1,2026-08-28T06:55:05.204+0200,dw07,5783,1,1760,131,420,1709,-4.64,2147483
ground-height-0m-20260825-163632,d018m_r270_run01.csv,0,18,270,dw00;dw01;dw02;dw03;dw04;dw05;dw06;dw07;dw08,dw00;dw01;dw02;dw03;dw04;dw05;dw06;dw07;dw08,,145,1,2026-08-28T06:55:05.706+0200,dw07,5783,3,1758,127,369,1719,2.38,2147483
ground-height-0m-20260825-163632,d018m_r270_run01.csv,0,18,270,dw00;dw01;dw02;dw03;dw04;dw05;dw06;dw07;dw08,dw00;dw01;dw02;dw03;dw04;dw05;dw06;dw07;dw08,,145,1,2026-08-28T06:55:05.990+0200,dw07,5783,4,1758,125,348,1723,2.32,2147483
ground-height-0m-20260825-163632,d018m_r270_run01.csv,0,18,270,dw00;dw01;dw02;dw03;dw04;dw05;dw06;dw07;dw08,dw00;dw01;dw02;dw03;dw04;dw05;dw06;dw07;dw08,,35,1,2026-08-28T06:55:06.341+0200,dw01,1729,3,1760,-129,1491,935,2.38,42388
ground-height-0m-20260825-163632,d018m_r270_run01.csv,0,18,270,dw00;dw01;dw02;dw03;dw04;dw05;dw06;dw07;dw08,dw00;dw01;dw02;dw03;dw04;dw05;dw06;dw07;dw08,,145,1,2026-08-28T06:55:06.390+0200,dw07,5783,6,1758,122,317,1729,2.32,2147483
ground-height-0m-20260825-163632,d018m_r270_run01.csv,0,18,270,dw00;dw01;dw02;dw03;dw04;dw05;dw06;dw07;dw08,dw00;dw01;dw02;dw03;dw04;dw05;dw06;dw07;dw08,,145,1,2026-08-28T06:55:06.805+0200,dw07,5783,8,1754,129,395,1709,2.44,2147483
ground-height-0m-20260825-163632,d018m_r270_run01.csv,0,18,270,dw00;dw01;dw02;dw03;dw04;dw05;dw06;dw07;dw08,dw00;dw01;dw02;dw03;dw04;dw05;dw06;dw07;dw08,,145,1,2026-08-28T06:55:10.018+0200,dw07,5783,2,1751,124,336,1719,-4.64,2147483
ground-height-0m-20260825-163632,d018m_r270_run01.csv,0,18,270,dw00;dw01;dw02;dw03;dw04;dw05;dw06;dw07;dw08,dw00;dw01;dw02;dw03;dw04;dw05;dw06;dw07;dw08,,145,1,2026-08-28T06:55:10.504+0200,dw07,5783,4,1761,128,384,1719,2.50,2147483
ground-height-0m-20260825-163632,d018m_r270_run01.csv,0,18,270,dw00;dw01;dw02;dw03;dw04;dw05;dw06;dw07;dw08,dw00;dw01;dw02;dw03;dw04;dw05;dw06;dw07;dw08,,145,1,2026-08-28T06:55:11.220+0200,dw07,5783,7,1759,121,312,1731,2.38,2147483
ground-height-0m-20260825-163632,d018m_r270_run01.csv,0,18,270,dw00;dw01;dw02;dw03;dw04;dw05;dw06;dw07;dw08,dw00;dw01;dw02;dw03;dw04;dw05;dw06;dw07;dw08,,145,1,2026-08-28T06:55:11.488+0200,dw07,5783,8,1756,130,406,1709,2.38,2147483
ground-height-0m-20260825-163632,d018m_r270_run01.csv,0,18,270,dw00;dw01;dw02;dw03;dw04;dw05;dw06;dw07;dw08,dw00;dw01;dw02;dw03;dw04;dw05;dw06;dw07;dw08,,145,1,2026-08-28T06:55:11.689+0200,dw07,5783,9,1755,107,152,1749,2.38,2147483
ground-height-0m-20260825-163632,d018m_r270_run01.csv,0,18,270,dw00;dw01;dw02;dw03;dw04;dw05;dw06;dw07;dw08,dw00;dw01;dw02;dw03;dw04;dw05;dw06;dw07;dw08,,145,1,2026-08-28T06:55:11.888+0200,dw07,5783,10,1759,127,379,1718,2.26,2147483
ground-height-0m-20260825-163632,d018m_r270_run01.csv,0,18,270,dw00;dw01;dw02;dw03;dw04;dw05;dw06;dw07;dw08,dw00;dw01;dw02;dw03;dw04;dw05;dw06;dw07;dw08,,35,1,2026-08-28T06:55:11.905+0200,dw01,1729,7,1759,-48,-1529,869,2.59,9246
ground-height-0m-20260825-163632,d018m_r270_run01.csv,0,18,270,dw00;dw01;dw02;dw03;dw04;dw05;dw06;dw07;dw08,dw00;dw01;dw02;dw03;dw04;dw05;dw06;dw07;dw08,,145,1,2026-08-28T06:55:12.088+0200,dw07,5783,11,1756,124,336,1723,2.32,2147483
ground-height-0m-20260825-163632,d018m_r270_run01.csv,0,18,270,dw00;dw01;dw02;dw03;dw04;dw05;dw06;dw07;dw08,dw00;dw01;dw02;dw03;dw04;dw05;dw06;dw07;dw08,,145,1,2026-08-28T06:55:12.288+0200,dw07,5783,12,1758,137,486,1690,2.32,2147483
ground-height-0m-20260825-163632,d018m_r270_run01.csv,0,18,270,dw00;dw01;dw02;dw03;dw04;dw05;dw06;dw07;dw08,dw00;dw01;dw02;dw03;dw04;dw05;dw06;dw07;dw08,,145,1,2026-08-28T06:55:12.987+0200,dw07,5783,15,1758,114,236,1742,2.32,2147483
ground-height-0m-20260825-163632,d018m_r270_run01.csv,0,18,270,dw00;dw01;dw02;dw03;dw04;dw05;dw06;dw07;dw08,dw00;dw01;dw02;dw03;dw04;dw05;dw06;dw07;dw08,,145,1,2026-08-28T06:55:13.388+0200,dw07,5783,17,1760,128,387,1717,2.26,2147483
ground-height-0m-20260825-163632,d018m_r270_run01.csv,0,18,270,dw00;dw01;dw02;dw03;dw04;dw05;dw06;dw07;dw08,dw00;dw01;dw02;dw03;dw04;dw05;dw06;dw07;dw08,,145,1,2026-08-28T06:55:13.588+0200,dw07,5783,18,1762,134,451,1703,2.20,2147483
ground-height-0m-20260825-163632,d018m_r270_run01.csv,0,18,270,dw00;dw01;dw02;dw03;dw04;dw05;dw06;dw07;dw08,dw00;dw01;dw02;dw03;dw04;dw05;dw06;dw07;dw08,,145,1,2026-08-28T06:55:13.788+0200,dw07,5783,19,1758,138,493,1687,2.26,2147483
ground-height-0m-20260825-163632,d018m_r270_run01.csv,0,18,270,dw00;dw01;dw02;dw03;dw04;dw05;dw06;dw07;dw08,dw00;dw01;dw02;dw03;dw04;dw05;dw06;dw07;dw08,,145,1,2026-08-28T06:55:13.987+0200,dw07,5783,20,1754,130,407,1706,2.32,2147483
ground-height-0m-20260825-163632,d018m_r270_run01.csv,0,18,270,dw00;dw01;dw02;dw03;dw04;dw05;dw06;dw07;dw08,dw00;dw01;dw02;dw03;dw04;dw05;dw06;dw07;dw08,,145,1,2026-08-28T06:55:14.403+0200,dw07,5783,22,1762,134,447,1704,2.38,2147483
ground-height-0m-20260825-163632,d018m_r270_run01.csv,0,18,270,dw00;dw01;dw02;dw03;dw04;dw05;dw06;dw07;dw08,dw00;dw01;dw02;dw03;dw04;dw05;dw06;dw07;dw08,,145,1,2026-08-28T06:55:14.903+0200,dw07,5783,24,1757,137,478,1690,2.50,2147483
ground-height-0m-20260825-163632,d018m_r270_run01.csv,0,18,270,dw00;dw01;dw02;dw03;dw04;dw05;dw06;dw07;dw08,dw00;dw01;dw02;dw03;dw04;dw05;dw06;dw07;dw08,,145,1,2026-08-28T06:55:15.188+0200,dw07,5783,25,1758,123,335,1726,2.32,2147483
ground-height-0m-20260825-163632,d018m_r270_run01.csv,0,18,270,dw00;dw01;dw02;dw03;dw04;dw05;dw06;dw07;dw08,dw00;dw01;dw02;dw03;dw04;dw05;dw06;dw07;dw08,,145,1,2026-08-28T06:55:15.386+0200,dw07,5783,26,1760,123,334,1728,2.38,2147483
ground-height-0m-20260825-163632,d018m_r270_run01.csv,0,18,270,dw00;dw01;dw02;dw03;dw04;dw05;dw06;dw07;dw08,dw00;dw01;dw02;dw03;dw04;dw05;dw06;dw07;dw08,,145,1,2026-08-28T06:55:15.587+0200,dw07,5783,27,1754,137,486,1686,2.32,2147483
ground-height-0m-20260825-163632,d018m_r270_run01.csv,0,18,270,dw00;dw01;dw02;dw03;dw04;dw05;dw06;dw07;dw08,dw00;dw01;dw02;dw03;dw04;dw05;dw06;dw07;dw08,,145,1,2026-08-28T06:55:15.787+0200,dw07,5783,28,1757,115,246,1740,2.32,2147483
ground-height-0m-20260825-163632,d018m_r270_run01.csv,0,18,270,dw00;dw01;dw02;dw03;dw04;dw05;dw06;dw07;dw08,dw00;dw01;dw02;dw03;dw04;dw05;dw06;dw07;dw08,,145,1,2026-08-28T06:55:16.187+0200,dw07,5783,30,1758,130,408,1710,2.38,2147483
ground-height-0m-20260825-163632,d018m_r270_run01.csv,0,18,270,dw00;dw01;dw02;dw03;dw04;dw05;dw06;dw07;dw08,dw00;dw01;dw02;dw03;dw04;dw05;dw06;dw07;dw08,,145,1,2026-08-28T06:55:16.386+0200,dw07,5783,31,1762,113,224,1748,2.38,2147483
ground-height-0m-20260825-163632,d018m_r270_run01.csv,0,18,270,dw00;dw01;dw02;dw03;dw04;dw05;dw06;dw07;dw08,dw00;dw01;dw02;dw03;dw04;dw05;dw06;dw07;dw08,,145,1,2026-08-28T06:55:16.586+0200,dw07,5783,32,1757,137,481,1690,2.32,2147483
ground-height-0m-20260825-163632,d018m_r270_run01.csv,0,18,270,dw00;dw01;dw02;dw03;dw04;dw05;dw06;dw07;dw08,dw00;dw01;dw02;dw03;dw04;dw05;dw06;dw07;dw08,,145,1,2026-08-28T06:55:16.787+0200,dw07,5783,33,1759,126,365,1721,2.38,2147483
ground-height-0m-20260825-163632,d018m_r270_run01.csv,0,18,270,dw00;dw01;dw02;dw03;dw04;dw05;dw06;dw07;dw08,dw00;dw01;dw02;dw03;dw04;dw05;dw06;dw07;dw08,,145,1,2026-08-28T06:55:17.202+0200,dw07,5783,35,1755,123,329,1724,2.38,2147483
ground-height-0m-20260825-163632,d018m_r270_run01.csv,0,18,270,dw00;dw01;dw02;dw03;dw04;dw05;dw06;dw07;dw08,dw00;dw01;dw02;dw03;dw04;dw05;dw06;dw07;dw08,,145,1,2026-08-28T06:55:17.986+0200,dw07,5783,38,1758,127,373,1718,2.32,2147483
ground-height-0m-20260825-163632,d018m_r270_run01.csv,0,18,270,dw00;dw01;dw02;dw03;dw04;dw05;dw06;dw07;dw08,dw00;dw01;dw02;dw03;dw04;dw05;dw06;dw07;dw08,,145,1,2026-08-28T06:55:18.186+0200,dw07,5783,39,1759,119,283,1736,2.38,2147483
ground-height-0m-20260825-163632,d018m_r270_run01.csv,0,18,270,dw00;dw01;dw02;dw03;dw04;dw05;dw06;dw07;dw08,dw00;dw01;dw02;dw03;dw04;dw05;dw06;dw07;dw08,,145,1,2026-08-28T06:55:18.386+0200,dw07,5783,40,1759,124,347,1724,2.32,2147483
ground-height-0m-20260825-163632,d018m_r270_run01.csv,0,18,270,dw00;dw01;dw02;dw03;dw04;dw05;dw06;dw07;dw08,dw00;dw01;dw02;dw03;dw04;dw05;dw06;dw07;dw08,,145,1,2026-08-28T06:55:18.801+0200,dw07,5783,42,1758,136,472,1693,2.38,2147483
ground-height-0m-20260825-163632,d018m_r270_run01.csv,0,18,270,dw00;dw01;dw02;dw03;dw04;dw05;dw06;dw07;dw08,dw00;dw01;dw02;dw03;dw04;dw05;dw06;dw07;dw08,,35,1,2026-08-28T06:55:18.936+0200,dw01,1729,5,1757,-12,-1144,1334,2.38,42419
ground-height-0m-20260825-163632,d018m_r270_run01.csv,0,18,270,dw00;dw01;dw02;dw03;dw04;dw05;dw06;dw07;dw08,dw00;dw01;dw02;dw03;dw04;dw05;dw06;dw07;dw08,,145,1,2026-08-28T06:55:19.301+0200,dw07,5783,44,1759,135,462,1697,2.44,2147483
ground-height-0m-20260825-163632,d018m_r270_run01.csv,0,18,270,dw00;dw01;dw02;dw03;dw04;dw05;dw06;dw07;dw08,dw00;dw01;dw02;dw03;dw04;dw05;dw06;dw07;dw08,,145,1,2026-08-28T06:55:19.585+0200,dw07,5783,45,1757,112,210,1745,2.32,2147483
ground-height-0m-20260825-163632,d018m_r270_run01.csv,0,18,270,dw00;dw01;dw02;dw03;dw04;dw05;dw06;dw07;dw08,dw00;dw01;dw02;dw03;dw04;dw05;dw06;dw07;dw08,,145,1,2026-08-28T06:55:19.785+0200,dw07,5783,46,1757,115,241,1740,2.38,2147483
ground-height-0m-20260825-163632,d018m_r270_run01.csv,0,18,270,dw00;dw01;dw02;dw03;dw04;dw05;dw06;dw07;dw08,dw00;dw01;dw02;dw03;dw04;dw05;dw06;dw07;dw08,,145,1,2026-08-28T06:55:19.985+0200,dw07,5783,47,1763,132,425,1711,2.50,2147483
ground-height-0m-20260825-163632,d018m_r270_run01.csv,0,18,270,dw00;dw01;dw02;dw03;dw04;dw05;dw06;dw07;dw08,dw00;dw01;dw02;dw03;dw04;dw05;dw06;dw07;dw08,,35,1,2026-08-28T06:55:20.167+0200,dw01,1729,11,1756,61,-336,1723,2.71,74279
ground-height-0m-20260825-163632,d018m_r270_run01.csv,0,18,270,dw00;dw01;dw02;dw03;dw04;dw05;dw06;dw07;dw08,dw00;dw01;dw02;dw03;dw04;dw05;dw06;dw07;dw08,,145,1,2026-08-28T06:55:20.400+0200,dw07,5783,49,1760,125,358,1723,2.38,2147483
ground-height-0m-20260825-163632,d018m_r270_run01.csv,0,18,270,dw00;dw01;dw02;dw03;dw04;dw05;dw06;dw07;dw08,dw00;dw01;dw02;dw03;dw04;dw05;dw06;dw07;dw08,,35,1,2026-08-28T06:55:20.654+0200,dw01,1729,13,1759,1,-987,1455,2.38,61187
ground-height-0m-20260825-163632,d018m_r270_run01.csv,0,18,270,dw00;dw01;dw02;dw03;dw04;dw05;dw06;dw07;dw08,dw00;dw01;dw02;dw03;dw04;dw05;dw06;dw07;dw08,,145,1,2026-08-28T06:55:20.900+0200,dw07,5783,51,1758,129,398,1712,2.38,2147483
ground-height-0m-20260825-163632,d018m_r270_run01.csv,0,18,270,dw00;dw01;dw02;dw03;dw04;dw05;dw06;dw07;dw08,dw00;dw01;dw02;dw03;dw04;dw05;dw06;dw07;dw08,,145,1,2026-08-28T06:55:21.185+0200,dw07,5783,52,1759,120,299,1733,2.32,2147483
ground-height-0m-20260825-163632,d018m_r270_run01.csv,0,18,270,dw00;dw01;dw02;dw03;dw04;dw05;dw06;dw07;dw08,dw00;dw01;dw02;dw03;dw04;dw05;dw06;dw07;dw08,,145,1,2026-08-28T06:55:21.801+0200,dw07,5783,55,1761,128,386,1718,2.50,2147483
ground-height-0m-20260825-163632,d018m_r270_run01.csv,0,18,270,dw00;dw01;dw02;dw03;dw04;dw05;dw06;dw07;dw08,dw00;dw01;dw02;dw03;dw04;dw05;dw06;dw07;dw08,,145,1,2026-08-28T06:55:22.301+0200,dw07,5783,57,1758,138,495,1687,2.38,2147483
ground-height-0m-20260825-163632,d018m_r270_run01.csv,0,18,270,dw00;dw01;dw02;dw03;dw04;dw05;dw06;dw07;dw08,dw00;dw01;dw02;dw03;dw04;dw05;dw06;dw07;dw08,,145,1,2026-08-28T06:55:22.585+0200,dw07,5783,58,1762,126,360,1725,2.38,2147483
ground-height-0m-20260825-163632,d018m_r270_run01.csv,0,18,270,dw00;dw01;dw02;dw03;dw04;dw05;dw06;dw07;dw08,dw00;dw01;dw02;dw03;dw04;dw05;dw06;dw07;dw08,,145,1,2026-08-28T06:55:22.784+0200,dw07,5783,59,1762,134,456,1701,2.26,2147483
ground-height-0m-20260825-163632,d018m_r270_run01.csv,0,18,270,dw00;dw01;dw02;dw03;dw04;dw05;dw06;dw07;dw08,dw00;dw01;dw02;dw03;dw04;dw05;dw06;dw07;dw08,,145,1,2026-08-28T06:55:22.984+0200,dw07,5783,60,1757,141,524,1677,2.38,2147483
ground-height-0m-20260825-163632,d018m_r270_run01.csv,0,18,270,dw00;dw01;dw02;dw03;dw04;dw05;dw06;dw07;dw08,dw00;dw01;dw02;dw03;dw04;dw05;dw06;dw07;dw08,,145,1,2026-08-28T06:55:23.184+0200,dw07,5783,61,1758,131,415,1709,2.32,2147483
ground-height-0m-20260825-163632,d018m_r270_run01.csv,0,18,270,dw00;dw01;dw02;dw03;dw04;dw05;dw06;dw07;dw08,dw00;dw01;dw02;dw03;dw04;dw05;dw06;dw07;dw08,,145,1,2026-08-28T06:55:23.385+0200,dw07,5783,62,1759,118,272,1738,2.26,2147483
ground-height-0m-20260825-163632,d018m_r270_run01.csv,0,18,270,dw00;dw01;dw02;dw03;dw04;dw05;dw06;dw07;dw08,dw00;dw01;dw02;dw03;dw04;dw05;dw06;dw07;dw08,,145,1,2026-08-28T06:55:23.584+0200,dw07,5783,63,1759,132,424,1707,2.38,2147483
ground-height-0m-20260825-163632,d018m_r270_run01.csv,0,18,270,dw00;dw01;dw02;dw03;dw04;dw05;dw06;dw07;dw08,dw00;dw01;dw02;dw03;dw04;dw05;dw06;dw07;dw08,,145,1,2026-08-28T06:55:23.784+0200,dw07,5783,64,1761,-102,1761,0,2.38,2147483
ground-height-0m-20260825-163632,d018m_r270_run01.csv,0,18,270,dw00;dw01;dw02;dw03;dw04;dw05;dw06;dw07;dw08,dw00;dw01;dw02;dw03;dw04;dw05;dw06;dw07;dw08,,145,1,2026-08-28T06:55:23.984+0200,dw07,5783,65,1752,112,208,1740,2.38,2147483
ground-height-0m-20260825-163632,d018m_r270_run01.csv,0,18,270,dw00;dw01;dw02;dw03;dw04;dw05;dw06;dw07;dw08,dw00;dw01;dw02;dw03;dw04;dw05;dw06;dw07;dw08,,35,1,2026-08-28T06:55:24.050+0200,dw01,1729,9,1753,-90,1753,0,2.59,58319
ground-height-0m-20260825-163632,d018m_r270_run01.csv,0,18,270,dw00;dw01;dw02;dw03;dw04;dw05;dw06;dw07;dw08,dw00;dw01;dw02;dw03;dw04;dw05;dw06;dw07;dw08,,145,1,2026-08-28T06:55:24.184+0200,dw07,5783,66,1760,108,168,1752,2.38,2147483
ground-height-0m-20260825-163632,d018m_r270_run01.csv,0,18,270,dw00;dw01;dw02;dw03;dw04;dw05;dw06;dw07;dw08,dw00;dw01;dw02;dw03;dw04;dw05;dw06;dw07;dw08,,145,1,2026-08-28T06:55:24.383+0200,dw07,5783,67,1761,119,288,1737,2.32,2147483
ground-height-0m-20260825-163632,d018m_r270_run01.csv,0,18,270,dw00;dw01;dw02;dw03;dw04;dw05;dw06;dw07;dw08,dw00;dw01;dw02;dw03;dw04;dw05;dw06;dw07;dw08,,145,1,2026-08-28T06:55:24.584+0200,dw07,5783,68,1762,135,460,1700,2.38,2147483
ground-height-0m-20260825-163632,d018m_r270_run01.csv,0,18,270,dw00;dw01;dw02;dw03;dw04;dw05;dw06;dw07;dw08,dw00;dw01;dw02;dw03;dw04;dw05;dw06;dw07;dw08,,145,1,2026-08-28T06:55:25.000+0200,dw07,5783,70,1760,123,335,1727,2.50,2147483
ground-height-0m-20260825-163632,d018m_r270_run01.csv,0,18,270,dw00;dw01;dw02;dw03;dw04;dw05;dw06;dw07;dw08,dw00;dw01;dw02;dw03;dw04;dw05;dw06;dw07;dw08,,145,1,2026-08-28T06:55:25.499+0200,dw07,5783,72,1759,123,327,1729,2.44,2147483
ground-height-0m-20260825-163632,d018m_r270_run01.csv,0,18,270,dw00;dw01;dw02;dw03;dw04;dw05;dw06;dw07;dw08,dw00;dw01;dw02;dw03;dw04;dw05;dw06;dw07;dw08,,145,1,2026-08-28T06:55:25.785+0200,dw07,5783,73,1758,131,420,1707,2.38,2147483
ground-height-0m-20260825-163632,d018m_r270_run01.csv,0,18,270,dw00;dw01;dw02;dw03;dw04;dw05;dw06;dw07;dw08,dw00;dw01;dw02;dw03;dw04;dw05;dw06;dw07;dw08,,145,1,2026-08-28T06:55:25.984+0200,dw07,5783,74,1765,122,326,1734,2.38,2147483
ground-height-0m-20260825-163632,d018m_r270_run01.csv,0,18,270,dw00;dw01;dw02;dw03;dw04;dw05;dw06;dw07;dw08,dw00;dw01;dw02;dw03;dw04;dw05;dw06;dw07;dw08,,145,1,2026-08-28T06:55:26.184+0200,dw07,5783,75,1758,127,372,1718,2.32,2147483
ground-height-0m-20260825-163632,d018m_r270_run01.csv,0,18,270,dw00;dw01;dw02;dw03;dw04;dw05;dw06;dw07;dw08,dw00;dw01;dw02;dw03;dw04;dw05;dw06;dw07;dw08,,145,1,2026-08-28T06:55:26.384+0200,dw07,5783,76,1758,123,332,1726,2.26,2147483
ground-height-0m-20260825-163632,d018m_r270_run01.csv,0,18,270,dw00;dw01;dw02;dw03;dw04;dw05;dw06;dw07;dw08,dw00;dw01;dw02;dw03;dw04;dw05;dw06;dw07;dw08,,35,1,2026-08-28T06:55:26.550+0200,dw01,1729,21,1751,75,-190,1741,2.65,58349
ground-height-0m-20260825-163632,d018m_r270_run01.csv,0,18,270,dw00;dw01;dw02;dw03;dw04;dw05;dw06;dw07;dw08,dw00;dw01;dw02;dw03;dw04;dw05;dw06;dw07;dw08,,145,1,2026-08-28T06:55:26.583+0200,dw07,5783,77,1761,119,292,1737,2.32,2147483
ground-height-0m-20260825-163632,d018m_r270_run01.csv,0,18,270,dw00;dw01;dw02;dw03;dw04;dw05;dw06;dw07;dw08,dw00;dw01;dw02;dw03;dw04;dw05;dw06;dw07;dw08,,145,1,2026-08-28T06:55:26.783+0200,dw07,5783,78,1755,119,286,1731,2.32,2147483
ground-height-0m-20260825-163632,d018m_r270_run01.csv,0,18,270,dw00;dw01;dw02;dw03;dw04;dw05;dw06;dw07;dw08,dw00;dw01;dw02;dw03;dw04;dw05;dw06;dw07;dw08,,145,1,2026-08-28T06:55:27.199+0200,dw07,5783,80,1756,135,461,1695,2.44,2147483
ground-height-0m-20260825-163632,d018m_r270_run01.csv,0,18,270,dw00;dw01;dw02;dw03;dw04;dw05;dw06;dw07;dw08,dw00;dw01;dw02;dw03;dw04;dw05;dw06;dw07;dw08,,145,1,2026-08-28T06:55:27.699+0200,dw07,5783,82,1761,115,240,1745,2.38,2147483
ground-height-0m-20260825-163632,d018m_r270_run01.csv,0,18,270,dw00;dw01;dw02;dw03;dw04;dw05;dw06;dw07;dw08,dw00;dw01;dw02;dw03;dw04;dw05;dw06;dw07;dw08,,145,1,2026-08-28T06:55:27.984+0200,dw07,5783,83,1759,120,299,1733,2.44,2147483
ground-height-0m-20260825-163632,d018m_r270_run01.csv,0,18,270,dw00;dw01;dw02;dw03;dw04;dw05;dw06;dw07;dw08,dw00;dw01;dw02;dw03;dw04;dw05;dw06;dw07;dw08,,145,1,2026-08-28T06:55:28.184+0200,dw07,5783,84,1761,125,348,1726,2.38,2147483
ground-height-0m-20260825-163632,d018m_r270_run01.csv,0,18,270,dw00;dw01;dw02;dw03;dw04;dw05;dw06;dw07;dw08,dw00;dw01;dw02;dw03;dw04;dw05;dw06;dw07;dw08,,145,1,2026-08-28T06:55:28.599+0200,dw07,5783,86,1759,129,395,1714,2.53,2147483
ground-height-0m-20260825-163632,d018m_r270_run01.csv,0,18,270,dw00;dw01;dw02;dw03;dw04;dw05;dw06;dw07;dw08,dw00;dw01;dw02;dw03;dw04;dw05;dw06;dw07;dw08,,145,1,2026-08-28T06:55:29.098+0200,dw07,5783,88,1758,129,400,1711,2.50,2147483
ground-height-0m-20260825-163632,d018m_r270_run01.csv,0,18,270,dw00;dw01;dw02;dw03;dw04;dw05;dw06;dw07;dw08,dw00;dw01;dw02;dw03;dw04;dw05;dw06;dw07;dw08,,145,1,2026-08-28T06:55:29.383+0200,dw07,5783,89,1755,139,500,1683,2.50,2147483
ground-height-0m-20260825-163632,d018m_r270_run01.csv,0,18,270,dw00;dw01;dw02;dw03;dw04;dw05;dw06;dw07;dw08,dw00;dw01;dw02;dw03;dw04;dw05;dw06;dw07;dw08,,145,1,2026-08-28T06:55:29.583+0200,dw07,5783,90,1762,124,346,1727,2.26,2147483
ground-height-0m-20260825-163632,d018m_r270_run01.csv,0,18,270,dw00;dw01;dw02;dw03;dw04;dw05;dw06;dw07;dw08,dw00;dw01;dw02;dw03;dw04;dw05;dw06;dw07;dw08,,145,1,2026-08-28T06:55:29.783+0200,dw07,5783,91,1762,137,486,1694,2.38,2147483
ground-height-0m-20260825-163632,d018m_r270_run01.csv,0,18,270,dw00;dw01;dw02;dw03;dw04;dw05;dw06;dw07;dw08,dw00;dw01;dw02;dw03;dw04;dw05;dw06;dw07;dw08,,145,1,2026-08-28T06:55:29.982+0200,dw07,5783,92,1758,123,326,1727,2.38,2147483
ground-height-0m-20260825-163632,d018m_r270_run01.csv,0,18,270,dw00;dw01;dw02;dw03;dw04;dw05;dw06;dw07;dw08,dw00;dw01;dw02;dw03;dw04;dw05;dw06;dw07;dw08,,145,1,2026-08-28T06:55:30.614+0200,dw07,5783,95,1758,115,246,1741,2.38,2147483
ground-height-0m-20260825-163632,d018m_r270_run01.csv,0,18,270,dw00;dw01;dw02;dw03;dw04;dw05;dw06;dw07;dw08,dw00;dw01;dw02;dw03;dw04;dw05;dw06;dw07;dw08,,145,1,2026-08-28T06:55:31.082+0200,dw07,5783,97,1759,128,385,1716,2.38,2147483
ground-height-0m-20260825-163632,d018m_r270_run01.csv,0,18,270,dw00;dw01;dw02;dw03;dw04;dw05;dw06;dw07;dw08,dw00;dw01;dw02;dw03;dw04;dw05;dw06;dw07;dw08,,145,1,2026-08-28T06:55:31.282+0200,dw07,5783,98,1763,120,294,1738,2.38,2147483
ground-height-0m-20260825-163632,d018m_r270_run01.csv,0,18,270,dw00;dw01;dw02;dw03;dw04;dw05;dw06;dw07;dw08,dw00;dw01;dw02;dw03;dw04;dw05;dw06;dw07;dw08,,145,1,2026-08-28T06:55:31.482+0200,dw07,5783,99,1760,134,446,1702,2.38,2147483
ground-height-0m-20260825-163632,d018m_r270_run01.csv,0,18,270,dw00;dw01;dw02;dw03;dw04;dw05;dw06;dw07;dw08,dw00;dw01;dw02;dw03;dw04;dw05;dw06;dw07;dw08,,145,1,2026-08-28T06:55:31.682+0200,dw07,5783,100,1757,129,397,1711,2.32,2147483
ground-height-0m-20260825-163632,d018m_r270_run01.csv,0,18,270,dw00;dw01;dw02;dw03;dw04;dw05;dw06;dw07;dw08,dw00;dw01;dw02;dw03;dw04;dw05;dw06;dw07;dw08,,145,1,2026-08-28T06:55:31.881+0200,dw07,5783,101,1757,122,320,1727,2.38,2147483
ground-height-0m-20260825-163632,d018m_r270_run01.csv,0,18,270,dw00;dw01;dw02;dw03;dw04;dw05;dw06;dw07;dw08,dw00;dw01;dw02;dw03;dw04;dw05;dw06;dw07;dw08,,145,1,2026-08-28T06:55:32.082+0200,dw07,5783,102,1760,119,288,1736,2.38,2147483
ground-height-0m-20260825-163632,d018m_r270_run01.csv,0,18,270,dw00;dw01;dw02;dw03;dw04;dw05;dw06;dw07;dw08,dw00;dw01;dw02;dw03;dw04;dw05;dw06;dw07;dw08,,145,1,2026-08-28T06:55:32.282+0200,dw07,5783,103,1760,125,353,1724,2.38,2147483
ground-height-0m-20260825-163632,d018m_r270_run01.csv,0,18,270,dw00;dw01;dw02;dw03;dw04;dw05;dw06;dw07;dw08,dw00;dw01;dw02;dw03;dw04;dw05;dw06;dw07;dw08,,145,1,2026-08-28T06:55:32.482+0200,dw07,5783,104,1763,109,182,1754,2.44,2147483
ground-height-0m-20260825-163632,d018m_r270_run01.csv,0,18,270,dw00;dw01;dw02;dw03;dw04;dw05;dw06;dw07;dw08,dw00;dw01;dw02;dw03;dw04;dw05;dw06;dw07;dw08,,145,1,2026-08-28T06:55:32.681+0200,dw07,5783,105,1762,112,211,1749,2.32,2147483
ground-height-0m-20260825-163632,d018m_r270_run01.csv,0,18,270,dw00;dw01;dw02;dw03;dw04;dw05;dw06;dw07;dw08,dw00;dw01;dw02;dw03;dw04;dw05;dw06;dw07;dw08,,145,1,2026-08-28T06:55:32.881+0200,dw07,5783,106,1761,114,239,1745,2.38,2147483
ground-height-0m-20260825-163632,d018m_r270_run01.csv,0,18,270,dw00;dw01;dw02;dw03;dw04;dw05;dw06;dw07;dw08,dw00;dw01;dw02;dw03;dw04;dw05;dw06;dw07;dw08,,145,1,2026-08-28T06:55:33.081+0200,dw07,5783,107,1755,140,516,1677,2.32,2147483
ground-height-0m-20260825-163632,d018m_r270_run01.csv,0,18,270,dw00;dw01;dw02;dw03;dw04;dw05;dw06;dw07;dw08,dw00;dw01;dw02;dw03;dw04;dw05;dw06;dw07;dw08,,145,1,2026-08-28T06:55:33.497+0200,dw07,5783,109,1761,128,388,1717,2.38,2147483
ground-height-0m-20260825-163632,d018m_r270_run01.csv,0,18,270,dw00;dw01;dw02;dw03;dw04;dw05;dw06;dw07;dw08,dw00;dw01;dw02;dw03;dw04;dw05;dw06;dw07;dw08,,145,1,2026-08-28T06:55:33.996+0200,dw07,5783,111,1757,139,507,1682,2.44,2147483
ground-height-0m-20260825-163632,d018m_r270_run01.csv,0,18,270,dw00;dw01;dw02;dw03;dw04;dw05;dw06;dw07;dw08,dw00;dw01;dw02;dw03;dw04;dw05;dw06;dw07;dw08,,145,1,2026-08-28T06:55:34.281+0200,dw07,5783,112,1759,87,-59,1758,2.50,2147483
ground-height-0m-20260825-163632,d018m_r270_run01.csv,0,18,270,dw00;dw01;dw02;dw03;dw04;dw05;dw06;dw07;dw08,dw00;dw01;dw02;dw03;dw04;dw05;dw06;dw07;dw08,,145,1,2026-08-28T06:55:34.481+0200,dw07,5783,113,1756,115,244,1739,2.38,2147483
ground-height-0m-20260825-163632,d018m_r270_run01.csv,0,18,270,dw00;dw01;dw02;dw03;dw04;dw05;dw06;dw07;dw08,dw00;dw01;dw02;dw03;dw04;dw05;dw06;dw07;dw08,,145,1,2026-08-28T06:55:34.681+0200,dw07,5783,114,1758,138,494,1687,2.32,2147483
ground-height-0m-20260825-163632,d018m_r270_run01.csv,0,18,270,dw00;dw01;dw02;dw03;dw04;dw05;dw06;dw07;dw08,dw00;dw01;dw02;dw03;dw04;dw05;dw06;dw07;dw08,,145,1,2026-08-28T06:55:34.881+0200,dw07,5783,115,1759,128,385,1716,2.38,2147483
ground-height-0m-20260825-163632,d018m_r270_run01.csv,0,18,270,dw00;dw01;dw02;dw03;dw04;dw05;dw06;dw07;dw08,dw00;dw01;dw02;dw03;dw04;dw05;dw06;dw07;dw08,,145,1,2026-08-28T06:55:35.080+0200,dw07,5783,116,1763,130,409,1715,2.50,2147483
ground-height-0m-20260825-163632,d018m_r270_run01.csv,0,18,270,dw00;dw01;dw02;dw03;dw04;dw05;dw06;dw07;dw08,dw00;dw01;dw02;dw03;dw04;dw05;dw06;dw07;dw08,,145,1,2026-08-28T06:55:35.280+0200,dw07,5783,117,1758,125,355,1722,2.32,2147483
ground-height-0m-20260825-163632,d018m_r270_run01.csv,0,18,270,dw00;dw01;dw02;dw03;dw04;dw05;dw06;dw07;dw08,dw00;dw01;dw02;dw03;dw04;dw05;dw06;dw07;dw08,,145,1,2026-08-28T06:55:35.480+0200,dw07,5783,118,1760,134,453,1701,2.26,2147483
ground-height-0m-20260825-163632,d018m_r270_run01.csv,0,18,270,dw00;dw01;dw02;dw03;dw04;dw05;dw06;dw07;dw08,dw00;dw01;dw02;dw03;dw04;dw05;dw06;dw07;dw08,,35,1,2026-08-28T06:55:35.647+0200,dw01,1729,10,1758,-92,1758,0,2.53,58319
ground-height-0m-20260825-163632,d018m_r270_run01.csv,0,18,270,dw00;dw01;dw02;dw03;dw04;dw05;dw06;dw07;dw08,dw00;dw01;dw02;dw03;dw04;dw05;dw06;dw07;dw08,,145,1,2026-08-28T06:55:35.896+0200,dw07,5783,120,1761,127,378,1719,2.50,2147483
ground-height-0m-20260825-163632,d018m_r270_run01.csv,0,18,270,dw00;dw01;dw02;dw03;dw04;dw05;dw06;dw07;dw08,dw00;dw01;dw02;dw03;dw04;dw05;dw06;dw07;dw08,,145,1,2026-08-28T06:55:36.395+0200,dw07,5783,122,1758,117,268,1738,2.50,2147483
ground-height-0m-20260825-163632,d018m_r270_run01.csv,0,18,270,dw00;dw01;dw02;dw03;dw04;dw05;dw06;dw07;dw08,dw00;dw01;dw02;dw03;dw04;dw05;dw06;dw07;dw08,,145,1,2026-08-28T06:55:36.680+0200,dw07,5783,123,1763,120,298,1738,2.38,2147483
ground-height-0m-20260825-163632,d018m_r270_run01.csv,0,18,270,dw00;dw01;dw02;dw03;dw04;dw05;dw06;dw07;dw08,dw00;dw01;dw02;dw03;dw04;dw05;dw06;dw07;dw08,,145,1,2026-08-28T06:55:36.880+0200,dw07,5783,124,1757,135,459,1696,2.38,2147483
ground-height-0m-20260825-163632,d018m_r270_run01.csv,0,18,270,dw00;dw01;dw02;dw03;dw04;dw05;dw06;dw07;dw08,dw00;dw01;dw02;dw03;dw04;dw05;dw06;dw07;dw08,,145,1,2026-08-28T06:55:37.080+0200,dw07,5783,125,1760,122,319,1730,2.38,2147483
ground-height-0m-20260825-163632,d018m_r270_run01.csv,0,18,270,dw00;dw01;dw02;dw03;dw04;dw05;dw06;dw07;dw08,dw00;dw01;dw02;dw03;dw04;dw05;dw06;dw07;dw08,,145,1,2026-08-28T06:55:37.495+0200,dw07,5783,127,1763,114,237,1747,2.44,2147483
ground-height-0m-20260825-163632,d018m_r270_run01.csv,0,18,270,dw00;dw01;dw02;dw03;dw04;dw05;dw06;dw07;dw08,dw00;dw01;dw02;dw03;dw04;dw05;dw06;dw07;dw08,,35,1,2026-08-28T06:55:37.929+0200,dw01,1729,21,1755,-141,1355,1115,2.38,42358
ground-height-0m-20260825-163632,d018m_r270_run01.csv,0,18,270,dw00;dw01;dw02;dw03;dw04;dw05;dw06;dw07;dw08,dw00;dw01;dw02;dw03;dw04;dw05;dw06;dw07;dw08,,35,1,2026-08-28T06:55:39.529+0200,dw01,1729,29,1756,54,-418,1705,2.38,42327
ground-height-0m-20260825-163632,d018m_r270_run01.csv,0,18,270,dw00;dw01;dw02;dw03;dw04;dw05;dw06;dw07;dw08,dw00;dw01;dw02;dw03;dw04;dw05;dw06;dw07;dw08,,145,1,2026-08-28T06:55:40.923+0200,dw07,5783,3,1757,133,434,1703,-4.70,2147483
ground-height-0m-20260825-163632,d018m_r270_run01.csv,0,18,270,dw00;dw01;dw02;dw03;dw04;dw05;dw06;dw07;dw08,dw00;dw01;dw02;dw03;dw04;dw05;dw06;dw07;dw08,,35,1,2026-08-28T06:55:41.184+0200,dw01,1729,37,1756,-129,1484,939,2.65,93170
ground-height-0m-20260825-163632,d018m_r270_run01.csv,0,18,270,dw00;dw01;dw02;dw03;dw04;dw05;dw06;dw07;dw08,dw00;dw01;dw02;dw03;dw04;dw05;dw06;dw07;dw08,,145,1,2026-08-28T06:55:41.394+0200,dw07,5783,5,1762,135,464,1700,2.44,2147483
ground-height-0m-20260825-163632,d018m_r270_run01.csv,0,18,270,dw00;dw01;dw02;dw03;dw04;dw05;dw06;dw07;dw08,dw00;dw01;dw02;dw03;dw04;dw05;dw06;dw07;dw08,,145,1,2026-08-28T06:55:42.110+0200,dw07,5783,8,1762,128,384,1720,2.44,2147483
ground-height-0m-20260825-163632,d018m_r270_run01.csv,0,18,270,dw00;dw01;dw02;dw03;dw04;dw05;dw06;dw07;dw08,dw00;dw01;dw02;dw03;dw04;dw05;dw06;dw07;dw08,,145,1,2026-08-28T06:55:42.378+0200,dw07,5783,9,1762,127,380,1721,2.32,2147483
ground-height-0m-20260825-163632,d018m_r270_run01.csv,0,18,270,dw00;dw01;dw02;dw03;dw04;dw05;dw06;dw07;dw08,dw00;dw01;dw02;dw03;dw04;dw05;dw06;dw07;dw08,,35,1,2026-08-28T06:55:42.628+0200,dw01,1729,44,1754,22,-761,1580,2.38,42327
ground-height-0m-20260825-163632,d018m_r270_run01.csv,0,18,270,dw00;dw01;dw02;dw03;dw04;dw05;dw06;dw07;dw08,dw00;dw01;dw02;dw03;dw04;dw05;dw06;dw07;dw08,,145,1,2026-08-28T06:55:42.793+0200,dw07,5783,11,1761,121,314,1732,2.44,2147483
ground-height-0m-20260825-163632,d018m_r270_run01.csv,0,18,270,dw00;dw01;dw02;dw03;dw04;dw05;dw06;dw07;dw08,dw00;dw01;dw02;dw03;dw04;dw05;dw06;dw07;dw08,,145,1,2026-08-28T06:55:43.293+0200,dw07,5783,13,1760,118,280,1737,2.38,2147483
ground-height-0m-20260825-163632,d018m_r270_run01.csv,0,18,270,dw00;dw01;dw02;dw03;dw04;dw05;dw06;dw07;dw08,dw00;dw01;dw02;dw03;dw04;dw05;dw06;dw07;dw08,,145,1,2026-08-28T06:55:43.577+0200,dw07,5783,14,1756,122,319,1727,2.32,2147483
ground-height-0m-20260825-163632,d018m_r270_run01.csv,0,18,270,dw00;dw01;dw02;dw03;dw04;dw05;dw06;dw07;dw08,dw00;dw01;dw02;dw03;dw04;dw05;dw06;dw07;dw08,,145,1,2026-08-28T06:55:43.993+0200,dw07,5783,16,1759,143,547,1672,2.38,2147483
ground-height-0m-20260825-163632,d018m_r270_run01.csv,0,18,270,dw00;dw01;dw02;dw03;dw04;dw05;dw06;dw07;dw08,dw00;dw01;dw02;dw03;dw04;dw05;dw06;dw07;dw08,,35,1,2026-08-28T06:55:45.181+0200,dw01,1729,56,1758,-68,-1744,221,2.50,2147483
ground-height-0m-20260825-163632,d018m_r270_run01.csv,0,18,270,dw00;dw01;dw02;dw03;dw04;dw05;dw06;dw07;dw08,dw00;dw01;dw02;dw03;dw04;dw05;dw06;dw07;dw08,,145,1,2026-08-28T06:55:47.589+0200,dw07,5783,1,1756,122,318,1727,-4.55,2147483
ground-height-0m-20260825-163632,d018m_r270_run01.csv,0,18,270,dw00;dw01;dw02;dw03;dw04;dw05;dw06;dw07;dw08,dw00;dw01;dw02;dw03;dw04;dw05;dw06;dw07;dw08,,145,1,2026-08-28T06:55:48.091+0200,dw07,5783,3,1758,131,413,1708,2.26,2147483
ground-height-0m-20260825-163632,d018m_r270_run01.csv,0,18,270,dw00;dw01;dw02;dw03;dw04;dw05;dw06;dw07;dw08,dw00;dw01;dw02;dw03;dw04;dw05;dw06;dw07;dw08,,145,1,2026-08-28T06:55:48.375+0200,dw07,5783,4,1765,126,364,1727,2.32,2147483
ground-height-0m-20260825-163632,d018m_r270_run01.csv,0,18,270,dw00;dw01;dw02;dw03;dw04;dw05;dw06;dw07;dw08,dw00;dw01;dw02;dw03;dw04;dw05;dw06;dw07;dw08,,145,1,2026-08-28T06:55:48.576+0200,dw07,5783,5,1764,141,524,1684,2.26,2147483
ground-height-0m-20260825-163632,d018m_r270_run01.csv,0,18,270,dw00;dw01;dw02;dw03;dw04;dw05;dw06;dw07;dw08,dw00;dw01;dw02;dw03;dw04;dw05;dw06;dw07;dw08,,35,1,2026-08-28T06:55:48.742+0200,dw01,1729,3,1754,-26,-1285,1193,1.37,58380
ground-height-0m-20260825-163632,d018m_r270_run01.csv,0,18,270,dw00;dw01;dw02;dw03;dw04;dw05;dw06;dw07;dw08,dw00;dw01;dw02;dw03;dw04;dw05;dw06;dw07;dw08,,145,1,2026-08-28T06:55:48.776+0200,dw07,5783,6,1753,130,404,1706,2.32,2147483
ground-height-0m-20260825-163632,d018m_r270_run01.csv,0,18,270,dw00;dw01;dw02;dw03;dw04;dw05;dw06;dw07;dw08,dw00;dw01;dw02;dw03;dw04;dw05;dw06;dw07;dw08,,35,1,2026-08-28T06:55:49.358+0200,dw01,1729,6,1761,-81,-1761,0,2.59,74371
ground-height-0m-20260825-163632,d018m_r270_run01.csv,0,18,270,dw00;dw01;dw02;dw03;dw04;dw05;dw06;dw07;dw08,dw00;dw01;dw02;dw03;dw04;dw05;dw06;dw07;dw08,,145,1,2026-08-28T06:55:49.407+0200,dw07,5783,9,1761,132,433,1707,2.38,2147483
ground-height-0m-20260825-163632,d018m_r270_run01.csv,0,18,270,dw00;dw01;dw02;dw03;dw04;dw05;dw06;dw07;dw08,dw00;dw01;dw02;dw03;dw04;dw05;dw06;dw07;dw08,,145,1,2026-08-28T06:55:49.891+0200,dw07,5783,11,1758,117,264,1738,2.38,2147483
ground-height-0m-20260825-163632,d018m_r270_run01.csv,0,18,270,dw00;dw01;dw02;dw03;dw04;dw05;dw06;dw07;dw08,dw00;dw01;dw02;dw03;dw04;dw05;dw06;dw07;dw08,,145,1,2026-08-28T06:55:50.391+0200,dw07,5783,13,1762,118,275,1740,2.38,2147483
ground-height-0m-20260825-163632,d018m_r270_run01.csv,0,18,270,dw00;dw01;dw02;dw03;dw04;dw05;dw06;dw07;dw08,dw00;dw01;dw02;dw03;dw04;dw05;dw06;dw07;dw08,,145,1,2026-08-28T06:55:50.675+0200,dw07,5783,14,1758,142,538,1673,2.20,2147483
ground-height-0m-20260825-163632,d018m_r270_run01.csv,0,18,270,dw00;dw01;dw02;dw03;dw04;dw05;dw06;dw07;dw08,dw00;dw01;dw02;dw03;dw04;dw05;dw06;dw07;dw08,,145,1,2026-08-28T06:55:50.875+0200,dw07,5783,15,1761,141,529,1680,2.32,2147483
ground-height-0m-20260825-163632,d018m_r270_run01.csv,0,18,270,dw00;dw01;dw02;dw03;dw04;dw05;dw06;dw07;dw08,dw00;dw01;dw02;dw03;dw04;dw05;dw06;dw07;dw08,,145,1,2026-08-28T06:55:51.290+0200,dw07,5783,17,1757,110,189,1747,2.50,2147483
ground-height-0m-20260825-163632,d018m_r270_run01.csv,0,18,270,dw00;dw01;dw02;dw03;dw04;dw05;dw06;dw07;dw08,dw00;dw01;dw02;dw03;dw04;dw05;dw06;dw07;dw08,,145,1,2026-08-28T06:55:52.006+0200,dw07,5783,20,1756,134,445,1699,2.44,2147483
ground-height-0m-20260825-163632,d018m_r270_run01.csv,0,18,270,dw00;dw01;dw02;dw03;dw04;dw05;dw06;dw07;dw08,dw00;dw01;dw02;dw03;dw04;dw05;dw06;dw07;dw08,,145,1,2026-08-28T06:55:52.275+0200,dw07,5783,21,1756,121,303,1729,2.32,2147483
ground-height-0m-20260825-163632,d018m_r270_run01.csv,0,18,270,dw00;dw01;dw02;dw03;dw04;dw05;dw06;dw07;dw08,dw00;dw01;dw02;dw03;dw04;dw05;dw06;dw07;dw08,,145,1,2026-08-28T06:55:52.906+0200,dw07,5783,24,1755,112,212,1742,2.38,2147483
ground-height-0m-20260825-163632,d018m_r270_run01.csv,0,18,270,dw00;dw01;dw02;dw03;dw04;dw05;dw06;dw07;dw08,dw00;dw01;dw02;dw03;dw04;dw05;dw06;dw07;dw08,,145,1,2026-08-28T06:55:53.390+0200,dw07,5783,26,1764,117,266,1744,2.44,2147483
ground-height-0m-20260825-163632,d018m_r270_run01.csv,0,18,270,dw00;dw01;dw02;dw03;dw04;dw05;dw06;dw07;dw08,dw00;dw01;dw02;dw03;dw04;dw05;dw06;dw07;dw08,,145,1,2026-08-28T06:55:53.890+0200,dw07,5783,28,1757,134,449,1698,2.32,2147483
ground-height-0m-20260825-163632,d018m_r270_run01.csv,0,18,270,dw00;dw01;dw02;dw03;dw04;dw05;dw06;dw07;dw08,dw00;dw01;dw02;dw03;dw04;dw05;dw06;dw07;dw08,,145,1,2026-08-28T06:55:54.175+0200,dw07,5783,29,1761,127,378,1719,2.38,2147483
ground-height-0m-20260825-163632,d018m_r270_run01.csv,0,18,270,dw00;dw01;dw02;dw03;dw04;dw05;dw06;dw07;dw08,dw00;dw01;dw02;dw03;dw04;dw05;dw06;dw07;dw08,,145,1,2026-08-28T06:55:54.375+0200,dw07,5783,30,1761,128,391,1717,2.32,2147483
ground-height-0m-20260825-163632,d018m_r270_run01.csv,0,18,270,dw00;dw01;dw02;dw03;dw04;dw05;dw06;dw07;dw08,dw00;dw01;dw02;dw03;dw04;dw05;dw06;dw07;dw08,,145,1,2026-08-28T06:55:54.573+0200,dw07,5783,31,1762,130,404,1715,2.20,2147483
ground-height-0m-20260825-163632,d018m_r270_run01.csv,0,18,270,dw00;dw01;dw02;dw03;dw04;dw05;dw06;dw07;dw08,dw00;dw01;dw02;dw03;dw04;dw05;dw06;dw07;dw08,,145,1,2026-08-28T06:55:54.774+0200,dw07,5783,32,1762,144,557,1672,2.38,2147483
ground-height-0m-20260825-163632,d018m_r270_run01.csv,0,18,270,dw00;dw01;dw02;dw03;dw04;dw05;dw06;dw07;dw08,dw00;dw01;dw02;dw03;dw04;dw05;dw06;dw07;dw08,,145,1,2026-08-28T06:55:54.974+0200,dw07,5783,33,1758,115,239,1741,2.26,2147483
ground-height-0m-20260825-163632,d018m_r270_run01.csv,0,18,270,dw00;dw01;dw02;dw03;dw04;dw05;dw06;dw07;dw08,dw00;dw01;dw02;dw03;dw04;dw05;dw06;dw07;dw08,,145,1,2026-08-28T06:55:55.174+0200,dw07,5783,34,1754,100,83,1753,2.32,2147483
ground-height-0m-20260825-163632,d018m_r270_run01.csv,0,18,270,dw00;dw01;dw02;dw03;dw04;dw05;dw06;dw07;dw08,dw00;dw01;dw02;dw03;dw04;dw05;dw06;dw07;dw08,,145,1,2026-08-28T06:55:55.374+0200,dw07,5783,35,1765,132,435,1710,2.32,2147483
ground-height-0m-20260825-163632,d018m_r270_run01.csv,0,18,270,dw00;dw01;dw02;dw03;dw04;dw05;dw06;dw07;dw08,dw00;dw01;dw02;dw03;dw04;dw05;dw06;dw07;dw08,,145,1,2026-08-28T06:55:55.574+0200,dw07,5783,36,1757,131,414,1707,2.32,2147483
ground-height-0m-20260825-163632,d018m_r270_run01.csv,0,18,270,dw00;dw01;dw02;dw03;dw04;dw05;dw06;dw07;dw08,dw00;dw01;dw02;dw03;dw04;dw05;dw06;dw07;dw08,,145,1,2026-08-28T06:55:55.774+0200,dw07,5783,37,1763,120,301,1737,2.38,2147483
ground-height-0m-20260825-163632,d018m_r270_run01.csv,0,18,270,dw00;dw01;dw02;dw03;dw04;dw05;dw06;dw07;dw08,dw00;dw01;dw02;dw03;dw04;dw05;dw06;dw07;dw08,,145,1,2026-08-28T06:55:55.974+0200,dw07,5783,38,1756,136,469,1692,2.14,2147483
ground-height-0m-20260825-163632,d018m_r270_run01.csv,0,18,270,dw00;dw01;dw02;dw03;dw04;dw05;dw06;dw07;dw08,dw00;dw01;dw02;dw03;dw04;dw05;dw06;dw07;dw08,,35,1,2026-08-28T06:55:56.140+0200,dw01,1729,3,1754,-45,-1501,908,1.25,58380
ground-height-0m-20260825-163632,d018m_r270_run01.csv,0,18,270,dw00;dw01;dw02;dw03;dw04;dw05;dw06;dw07;dw08,dw00;dw01;dw02;dw03;dw04;dw05;dw06;dw07;dw08,,145,1,2026-08-28T06:55:56.173+0200,dw07,5783,39,1761,120,294,1736,2.32,2147483
ground-height-0m-20260825-163632,d018m_r270_run01.csv,0,18,270,dw00;dw01;dw02;dw03;dw04;dw05;dw06;dw07;dw08,dw00;dw01;dw02;dw03;dw04;dw05;dw06;dw07;dw08,,145,1,2026-08-28T06:55:56.373+0200,dw07,5783,40,1762,124,340,1729,2.32,2147483
ground-height-0m-20260825-163632,d018m_r270_run01.csv,0,18,270,dw00;dw01;dw02;dw03;dw04;dw05;dw06;dw07;dw08,dw00;dw01;dw02;dw03;dw04;dw05;dw06;dw07;dw08,,145,1,2026-08-28T06:55:56.574+0200,dw07,5783,41,1757,110,188,1747,2.38,2147483
ground-height-0m-20260825-163632,d018m_r270_run01.csv,0,18,270,dw00;dw01;dw02;dw03;dw04;dw05;dw06;dw07;dw08,dw00;dw01;dw02;dw03;dw04;dw05;dw06;dw07;dw08,,35,1,2026-08-28T06:55:56.755+0200,dw01,1729,6,1759,-59,-1652,604,2.77,74279
ground-height-0m-20260825-163632,d018m_r270_run01.csv,0,18,270,dw00;dw01;dw02;dw03;dw04;dw05;dw06;dw07;dw08,dw00;dw01;dw02;dw03;dw04;dw05;dw06;dw07;dw08,,145,1,2026-08-28T06:55:56.774+0200,dw07,5783,42,1761,138,499,1689,2.32,2147483
ground-height-0m-20260825-163632,d018m_r270_run01.csv,0,18,270,dw00;dw01;dw02;dw03;dw04;dw05;dw06;dw07;dw08,dw00;dw01;dw02;dw03;dw04;dw05;dw06;dw07;dw08,,145,1,2026-08-28T06:55:56.973+0200,dw07,5783,43,1762,143,548,1675,2.26,2147483
ground-height-0m-20260825-163632,d018m_r270_run01.csv,0,18,270,dw00;dw01;dw02;dw03;dw04;dw05;dw06;dw07;dw08,dw00;dw01;dw02;dw03;dw04;dw05;dw06;dw07;dw08,,145,1,2026-08-28T06:55:57.173+0200,dw07,5783,44,1767,133,443,1711,2.38,2147483
ground-height-0m-20260825-163632,d018m_r270_run01.csv,0,18,270,dw00;dw01;dw02;dw03;dw04;dw05;dw06;dw07;dw08,dw00;dw01;dw02;dw03;dw04;dw05;dw06;dw07;dw08,,145,1,2026-08-28T06:55:57.373+0200,dw07,5783,45,1760,118,277,1738,2.32,2147483
ground-height-0m-20260825-163632,d018m_r270_run01.csv,0,18,270,dw00;dw01;dw02;dw03;dw04;dw05;dw06;dw07;dw08,dw00;dw01;dw02;dw03;dw04;dw05;dw06;dw07;dw08,,145,1,2026-08-28T06:55:57.574+0200,dw07,5783,46,1762,136,471,1698,2.32,2147483
ground-height-0m-20260825-163632,d018m_r270_run01.csv,0,18,270,dw00;dw01;dw02;dw03;dw04;dw05;dw06;dw07;dw08,dw00;dw01;dw02;dw03;dw04;dw05;dw06;dw07;dw08,,145,1,2026-08-28T06:55:57.773+0200,dw07,5783,47,1759,131,421,1708,2.38,2147483
ground-height-0m-20260825-163632,d018m_r270_run01.csv,0,18,270,dw00;dw01;dw02;dw03;dw04;dw05;dw06;dw07;dw08,dw00;dw01;dw02;dw03;dw04;dw05;dw06;dw07;dw08,,145,1,2026-08-28T06:55:57.973+0200,dw07,5783,48,1759,127,379,1717,2.38,2147483
ground-height-0m-20260825-163632,d018m_r270_run01.csv,0,18,270,dw00;dw01;dw02;dw03;dw04;dw05;dw06;dw07;dw08,dw00;dw01;dw02;dw03;dw04;dw05;dw06;dw07;dw08,,145,1,2026-08-28T06:55:58.173+0200,dw07,5783,49,1759,127,373,1719,2.38,2147483
ground-height-0m-20260825-163632,d018m_r270_run01.csv,0,18,270,dw00;dw01;dw02;dw03;dw04;dw05;dw06;dw07;dw08,dw00;dw01;dw02;dw03;dw04;dw05;dw06;dw07;dw08,,145,1,2026-08-28T06:55:58.373+0200,dw07,5783,50,1762,122,323,1732,2.32,2147483
ground-height-0m-20260825-163632,d018m_r270_run01.csv,0,18,270,dw00;dw01;dw02;dw03;dw04;dw05;dw06;dw07;dw08,dw00;dw01;dw02;dw03;dw04;dw05;dw06;dw07;dw08,,145,1,2026-08-28T06:55:58.572+0200,dw07,5783,51,1759,128,389,1715,2.20,2147483
ground-height-0m-20260825-163632,d018m_r270_run01.csv,0,18,270,dw00;dw01;dw02;dw03;dw04;dw05;dw06;dw07;dw08,dw00;dw01;dw02;dw03;dw04;dw05;dw06;dw07;dw08,,145,1,2026-08-28T06:55:58.773+0200,dw07,5783,52,1759,139,505,1685,2.38,2147483
ground-height-0m-20260825-163632,d018m_r270_run01.csv,0,18,270,dw00;dw01;dw02;dw03;dw04;dw05;dw06;dw07;dw08,dw00;dw01;dw02;dw03;dw04;dw05;dw06;dw07;dw08,,145,1,2026-08-28T06:55:58.973+0200,dw07,5783,53,1757,124,344,1723,2.32,2147483
ground-height-0m-20260825-163632,d018m_r270_run01.csv,0,18,270,dw00;dw01;dw02;dw03;dw04;dw05;dw06;dw07;dw08,dw00;dw01;dw02;dw03;dw04;dw05;dw06;dw07;dw08,,145,1,2026-08-28T06:55:59.173+0200,dw07,5783,54,1759,130,404,1712,2.38,2147483
ground-height-0m-20260825-163632,d018m_r270_run01.csv,0,18,270,dw00;dw01;dw02;dw03;dw04;dw05;dw06;dw07;dw08,dw00;dw01;dw02;dw03;dw04;dw05;dw06;dw07;dw08,,145,1,2026-08-28T06:55:59.372+0200,dw07,5783,55,1760,140,515,1683,2.26,2147483
ground-height-0m-20260825-163632,d018m_r270_run01.csv,0,18,270,dw00;dw01;dw02;dw03;dw04;dw05;dw06;dw07;dw08,dw00;dw01;dw02;dw03;dw04;dw05;dw06;dw07;dw08,,145,1,2026-08-28T06:55:59.572+0200,dw07,5783,56,1761,100,82,1759,2.32,2147483
ground-height-0m-20260825-163632,d018m_r270_run01.csv,0,18,270,dw00;dw01;dw02;dw03;dw04;dw05;dw06;dw07;dw08,dw00;dw01;dw02;dw03;dw04;dw05;dw06;dw07;dw08,,145,1,2026-08-28T06:55:59.772+0200,dw07,5783,57,1758,115,245,1741,2.26,2147483
ground-height-0m-20260825-163632,d018m_r270_run01.csv,0,18,270,dw00;dw01;dw02;dw03;dw04;dw05;dw06;dw07;dw08,dw00;dw01;dw02;dw03;dw04;dw05;dw06;dw07;dw08,,145,1,2026-08-28T06:55:59.973+0200,dw07,5783,58,1764,129,400,1718,2.26,2147483
ground-height-0m-20260825-163632,d018m_r270_run01.csv,0,18,270,dw00;dw01;dw02;dw03;dw04;dw05;dw06;dw07;dw08,dw00;dw01;dw02;dw03;dw04;dw05;dw06;dw07;dw08,,145,1,2026-08-28T06:56:00.172+0200,dw07,5783,59,1762,126,365,1724,2.26,2147483
ground-height-0m-20260825-163632,d018m_r270_run01.csv,0,18,270,dw00;dw01;dw02;dw03;dw04;dw05;dw06;dw07;dw08,dw00;dw01;dw02;dw03;dw04;dw05;dw06;dw07;dw08,,145,1,2026-08-28T06:56:00.372+0200,dw07,5783,60,1757,114,238,1741,2.32,2147483
ground-height-0m-20260825-163632,d018m_r270_run01.csv,0,18,270,dw00;dw01;dw02;dw03;dw04;dw05;dw06;dw07;dw08,dw00;dw01;dw02;dw03;dw04;dw05;dw06;dw07;dw08,,145,1,2026-08-28T06:56:00.572+0200,dw07,5783,61,1759,120,295,1734,2.38,2147483
ground-height-0m-20260825-163632,d018m_r270_run01.csv,0,18,270,dw00;dw01;dw02;dw03;dw04;dw05;dw06;dw07;dw08,dw00;dw01;dw02;dw03;dw04;dw05;dw06;dw07;dw08,,145,1,2026-08-28T06:56:00.772+0200,dw07,5783,62,1761,119,284,1737,2.32,2147483
ground-height-0m-20260825-163632,d018m_r270_run01.csv,0,18,270,dw00;dw01;dw02;dw03;dw04;dw05;dw06;dw07;dw08,dw00;dw01;dw02;dw03;dw04;dw05;dw06;dw07;dw08,,35,1,2026-08-28T06:56:00.851+0200,dw01,1729,2,1755,8,-916,1497,-4.08,71685
ground-height-0m-20260825-163632,d018m_r270_run01.csv,0,18,270,dw00;dw01;dw02;dw03;dw04;dw05;dw06;dw07;dw08,dw00;dw01;dw02;dw03;dw04;dw05;dw06;dw07;dw08,,145,1,2026-08-28T06:56:00.972+0200,dw07,5783,63,1759,133,436,1704,2.38,2147483
ground-height-0m-20260825-163632,d018m_r270_run01.csv,0,18,270,dw00;dw01;dw02;dw03;dw04;dw05;dw06;dw07;dw08,dw00;dw01;dw02;dw03;dw04;dw05;dw06;dw07;dw08,,145,1,2026-08-28T06:56:01.172+0200,dw07,5783,64,1760,121,310,1733,2.38,2147483
ground-height-0m-20260825-163632,d018m_r270_run01.csv,0,18,270,dw00;dw01;dw02;dw03;dw04;dw05;dw06;dw07;dw08,dw00;dw01;dw02;dw03;dw04;dw05;dw06;dw07;dw08,,145,1,2026-08-28T06:56:01.372+0200,dw07,5783,65,1759,107,159,1752,2.38,2147483
ground-height-0m-20260825-163632,d018m_r270_run01.csv,0,18,270,dw00;dw01;dw02;dw03;dw04;dw05;dw06;dw07;dw08,dw00;dw01;dw02;dw03;dw04;dw05;dw06;dw07;dw08,,145,1,2026-08-28T06:56:01.572+0200,dw07,5783,66,1761,121,310,1733,2.32,2147483
ground-height-0m-20260825-163632,d018m_r270_run01.csv,0,18,270,dw00;dw01;dw02;dw03;dw04;dw05;dw06;dw07;dw08,dw00;dw01;dw02;dw03;dw04;dw05;dw06;dw07;dw08,,145,1,2026-08-28T06:56:01.771+0200,dw07,5783,67,1763,129,399,1717,2.38,2147483
ground-height-0m-20260825-163632,d018m_r270_run01.csv,0,18,270,dw00;dw01;dw02;dw03;dw04;dw05;dw06;dw07;dw08,dw00;dw01;dw02;dw03;dw04;dw05;dw06;dw07;dw08,,145,1,2026-08-28T06:56:01.971+0200,dw07,5783,68,1758,129,400,1712,2.32,2147483
ground-height-0m-20260825-163632,d018m_r270_run01.csv,0,18,270,dw00;dw01;dw02;dw03;dw04;dw05;dw06;dw07;dw08,dw00;dw01;dw02;dw03;dw04;dw05;dw06;dw07;dw08,,145,1,2026-08-28T06:56:02.172+0200,dw07,5783,69,1762,118,273,1741,2.32,2147483
ground-height-0m-20260825-163632,d018m_r270_run01.csv,0,18,270,dw00;dw01;dw02;dw03;dw04;dw05;dw06;dw07;dw08,dw00;dw01;dw02;dw03;dw04;dw05;dw06;dw07;dw08,,35,1,2026-08-28T06:56:10.934+0200,dw01,1729,13,1760,100,82,1758,2.71,58319
ground-height-0m-20260825-163632,d018m_r270_run01.csv,0,18,270,dw00;dw01;dw02;dw03;dw04;dw05;dw06;dw07;dw08,dw00;dw01;dw02;dw03;dw04;dw05;dw06;dw07;dw08,,35,1,2026-08-28T06:56:15.833+0200,dw01,1729,5,1760,-24,-1278,1210,1.19,58319
ground-height-0m-20260825-163632,d018m_r270_run01.csv,0,18,270,dw00;dw01;dw02;dw03;dw04;dw05;dw06;dw07;dw08,dw00;dw01;dw02;dw03;dw04;dw05;dw06;dw07;dw08,,35,1,2026-08-28T06:56:19.116+0200,dw01,1729,8,1759,-177,965,1470,2.38,42388
ground-height-0m-20260825-163632,d018m_r270_run01.csv,0,18,270,dw00;dw01;dw02;dw03;dw04;dw05;dw06;dw07;dw08,dw00;dw01;dw02;dw03;dw04;dw05;dw06;dw07;dw08,,35,1,2026-08-28T06:56:19.315+0200,dw01,1729,9,1757,-155,1208,1275,2.38,42327
ground-height-0m-20260825-163632,d018m_r270_run01.csv,0,18,270,dw00;dw01;dw02;dw03;dw04;dw05;dw06;dw07;dw08,dw00;dw01;dw02;dw03;dw04;dw05;dw06;dw07;dw08,,35,1,2026-08-28T06:56:19.515+0200,dw01,1729,10,1757,-139,1377,1091,2.38,42327
ground-height-0m-20260825-163632,d018m_r270_run01.csv,0,18,270,dw00;dw01;dw02;dw03;dw04;dw05;dw06;dw07;dw08,dw00;dw01;dw02;dw03;dw04;dw05;dw06;dw07;dw08,,35,1,2026-08-28T06:56:22.031+0200,dw01,1729,22,1759,91,-11,1759,2.65,58410
ground-height-0m-20260825-163632,d018m_r270_run01.csv,0,18,270,dw00;dw01;dw02;dw03;dw04;dw05;dw06;dw07;dw08,dw00;dw01;dw02;dw03;dw04;dw05;dw06;dw07;dw08,,35,1,2026-08-28T06:56:22.414+0200,dw01,1729,24,1755,39,-572,1659,2.38,42327
ground-height-0m-20260825-163632,d018m_r270_run01.csv,0,18,270,dw00;dw01;dw02;dw03;dw04;dw05;dw06;dw07;dw08,dw00;dw01;dw02;dw03;dw04;dw05;dw06;dw07;dw08,,35,1,2026-08-28T06:56:24.744+0200,dw01,1729,2,1753,-175,991,1446,-3.99,71777
ground-height-0m-20260825-163632,d018m_r270_run01.csv,0,18,270,dw00;dw01;dw02;dw03;dw04;dw05;dw06;dw07;dw08,dw00;dw01;dw02;dw03;dw04;dw05;dw06;dw07;dw08,,35,1,2026-08-28T06:56:28.413+0200,dw01,1729,20,1757,-121,1576,777,2.38,42358
ground-height-0m-20260825-163632,d018m_r270_run01.csv,0,18,270,dw00;dw01;dw02;dw03;dw04;dw05;dw06;dw07;dw08,dw00;dw01;dw02;dw03;dw04;dw05;dw06;dw07;dw08,,35,1,2026-08-28T06:56:28.813+0200,dw01,1729,22,1757,139,508,1682,2.38,42358
ground-height-0m-20260825-163632,d018m_r270_run01.csv,0,18,270,dw00;dw01;dw02;dw03;dw04;dw05;dw06;dw07;dw08,dw00;dw01;dw02;dw03;dw04;dw05;dw06;dw07;dw08,,35,1,2026-08-28T06:56:29.013+0200,dw01,1729,23,1754,-143,1329,1143,2.32,42327
ground-height-0m-20260825-163632,d018m_r270_run01.csv,0,18,270,dw00;dw01;dw02;dw03;dw04;dw05;dw06;dw07;dw08,dw00;dw01;dw02;dw03;dw04;dw05;dw06;dw07;dw08,,35,1,2026-08-28T06:56:30.112+0200,dw01,1729,28,1757,-58,-1634,645,2.38,42358
ground-height-0m-20260825-163632,d018m_r270_run01.csv,0,18,270,dw00;dw01;dw02;dw03;dw04;dw05;dw06;dw07;dw08,dw00;dw01;dw02;dw03;dw04;dw05;dw06;dw07;dw08,,35,1,2026-08-28T06:56:35.327+0200,dw01,1729,3,1758,-118,1608,710,1.25,58319
ground-height-0m-20260825-163632,d018m_r270_run01.csv,0,18,270,dw00;dw01;dw02;dw03;dw04;dw05;dw06;dw07;dw08,dw00;dw01;dw02;dw03;dw04;dw05;dw06;dw07;dw08,,35,1,2026-08-28T06:56:35.926+0200,dw01,1729,6,1759,98,58,1758,2.65,58288
ground-height-0m-20260825-163632,d018m_r270_run01.csv,0,18,270,dw00;dw01;dw02;dw03;dw04;dw05;dw06;dw07;dw08,dw00;dw01;dw02;dw03;dw04;dw05;dw06;dw07;dw08,,35,1,2026-08-28T06:56:37.125+0200,dw01,1729,12,1754,69,-252,1736,2.59,58288
ground-height-0m-20260825-163632,d018m_r270_run01.csv,0,18,270,dw00;dw01;dw02;dw03;dw04;dw05;dw06;dw07;dw08,dw00;dw01;dw02;dw03;dw04;dw05;dw06;dw07;dw08,,35,1,2026-08-28T06:56:37.510+0200,dw01,1729,14,1751,-131,1458,969,2.44,42327
ground-height-0m-20260825-163632,d018m_r270_run01.csv,0,18,270,dw00;dw01;dw02;dw03;dw04;dw05;dw06;dw07;dw08,dw00;dw01;dw02;dw03;dw04;dw05;dw06;dw07;dw08,,35,1,2026-08-28T06:56:38.109+0200,dw01,1729,17,1756,-164,1109,1362,2.38,42327
ground-height-0m-20260825-163632,d018m_r270_run01.csv,0,18,270,dw00;dw01;dw02;dw03;dw04;dw05;dw06;dw07;dw08,dw00;dw01;dw02;dw03;dw04;dw05;dw06;dw07;dw08,,35,1,2026-08-28T06:56:38.310+0200,dw01,1729,18,1757,-136,1412,1045,2.38,42388
ground-height-0m-20260825-163632,d018m_r270_run01.csv,0,18,270,dw00;dw01;dw02;dw03;dw04;dw05;dw06;dw07;dw08,dw00;dw01;dw02;dw03;dw04;dw05;dw06;dw07;dw08,,35,1,2026-08-28T06:56:38.709+0200,dw01,1729,20,1757,37,-604,1650,2.38,42358
ground-height-0m-20260825-163632,d018m_r270_run01.csv,0,18,270,dw00;dw01;dw02;dw03;dw04;dw05;dw06;dw07;dw08,dw00;dw01;dw02;dw03;dw04;dw05;dw06;dw07;dw08,,35,1,2026-08-28T06:56:39.309+0200,dw01,1729,23,1756,57,-385,1713,2.38,42327
ground-height-0m-20260825-163632,d018m_r270_run01.csv,0,18,270,dw00;dw01;dw02;dw03;dw04;dw05;dw06;dw07;dw08,dw00;dw01;dw02;dw03;dw04;dw05;dw06;dw07;dw08,,35,1,2026-08-28T06:56:39.725+0200,dw01,1729,25,1759,-147,1291,1194,2.50,58288
ground-height-0m-20260825-163632,d018m_r270_run01.csv,0,18,270,dw00;dw01;dw02;dw03;dw04;dw05;dw06;dw07;dw08,dw00;dw01;dw02;dw03;dw04;dw05;dw06;dw07;dw08,,35,1,2026-08-28T06:56:39.909+0200,dw01,1729,26,1752,31,-658,1624,2.38,42419
ground-height-0m-20260825-163632,d018m_r270_run01.csv,0,18,270,dw00;dw01;dw02;dw03;dw04;dw05;dw06;dw07;dw08,dw00;dw01;dw02;dw03;dw04;dw05;dw06;dw07;dw08,,35,1,2026-08-28T06:56:40.108+0200,dw01,1729,27,1756,-130,1475,954,2.38,42327
ground-height-0m-20260825-163632,d018m_r270_run01.csv,0,18,270,dw00;dw01;dw02;dw03;dw04;dw05;dw06;dw07;dw08,dw00;dw01;dw02;dw03;dw04;dw05;dw06;dw07;dw08,,35,1,2026-08-28T06:56:40.308+0200,dw01,1729,28,1756,70,-246,1738,2.32,42358
ground-height-0m-20260825-163632,d018m_r270_run01.csv,0,18,270,dw00;dw01;dw02;dw03;dw04;dw05;dw06;dw07;dw08,dw00;dw01;dw02;dw03;dw04;dw05;dw06;dw07;dw08,,35,1,2026-08-28T06:56:40.709+0200,dw01,1729,30,1755,-120,1586,750,2.38,42327
ground-height-0m-20260825-163632,d018m_r270_run01.csv,0,18,270,dw00;dw01;dw02;dw03;dw04;dw05;dw06;dw07;dw08,dw00;dw01;dw02;dw03;dw04;dw05;dw06;dw07;dw08,,35,1,2026-08-28T06:56:41.108+0200,dw01,1729,32,1756,-134,1434,1014,2.26,2147483
ground-height-0m-20260825-163632,d018m_r270_run01.csv,0,18,270,dw00;dw01;dw02;dw03;dw04;dw05;dw06;dw07;dw08,dw00;dw01;dw02;dw03;dw04;dw05;dw06;dw07;dw08,,35,1,2026-08-28T06:56:41.327+0200,dw01,1729,33,1759,-139,1382,1089,2.44,2147483
ground-height-0m-20260825-163632,d018m_r270_run01.csv,0,18,270,dw00;dw01;dw02;dw03;dw04;dw05;dw06;dw07;dw08,dw00;dw01;dw02;dw03;dw04;dw05;dw06;dw07;dw08,,35,1,2026-08-28T06:56:41.546+0200,dw01,1729,34,1754,-127,1503,904,2.38,2147483
ground-height-0m-20260825-163632,d018m_r270_run01.csv,0,18,270,dw00;dw01;dw02;dw03;dw04;dw05;dw06;dw07;dw08,dw00;dw01;dw02;dw03;dw04;dw05;dw06;dw07;dw08,,35,1,2026-08-28T06:56:41.764+0200,dw01,1729,35,1759,-122,1568,797,2.32,2147483
ground-height-0m-20260825-163632,d018m_r270_run01.csv,0,18,270,dw00;dw01;dw02;dw03;dw04;dw05;dw06;dw07;dw08,dw00;dw01;dw02;dw03;dw04;dw05;dw06;dw07;dw08,,35,1,2026-08-28T06:56:42.208+0200,dw01,1729,37,1759,-129,1486,941,2.44,42297
ground-height-0m-20260825-163632,d018m_r270_run01.csv,0,18,270,dw00;dw01;dw02;dw03;dw04;dw05;dw06;dw07;dw08,dw00;dw01;dw02;dw03;dw04;dw05;dw06;dw07;dw08,,35,1,2026-08-28T06:56:42.624+0200,dw01,1729,39,1755,41,-552,1666,2.65,58349
ground-height-0m-20260825-163632,d018m_r270_run01.csv,0,18,270,dw00;dw01;dw02;dw03;dw04;dw05;dw06;dw07;dw08,dw00;dw01;dw02;dw03;dw04;dw05;dw06;dw07;dw08,,35,1,2026-08-28T06:56:43.007+0200,dw01,1729,41,1760,-139,1379,1093,2.38,42358
ground-height-0m-20260825-163632,d018m_r270_run01.csv,0,18,270,dw00;dw01;dw02;dw03;dw04;dw05;dw06;dw07;dw08,dw00;dw01;dw02;dw03;dw04;dw05;dw06;dw07;dw08,,35,1,2026-08-28T06:56:43.207+0200,dw01,1729,42,1760,-146,1309,1175,2.26,42327
ground-height-0m-20260825-163632,d018m_r270_run01.csv,0,18,270,dw00;dw01;dw02;dw03;dw04;dw05;dw06;dw07;dw08,dw00;dw01;dw02;dw03;dw04;dw05;dw06;dw07;dw08,,35,1,2026-08-28T06:56:43.408+0200,dw01,1729,43,1755,34,-634,1636,2.38,42358
ground-height-0m-20260825-163632,d018m_r270_run01.csv,0,18,270,dw00;dw01;dw02;dw03;dw04;dw05;dw06;dw07;dw08,dw00;dw01;dw02;dw03;dw04;dw05;dw06;dw07;dw08,,35,1,2026-08-28T06:56:43.608+0200,dw01,1729,44,1759,-122,1561,810,2.44,42327
ground-height-0m-20260825-163632,d018m_r270_run01.csv,0,18,270,dw00;dw01;dw02;dw03;dw04;dw05;dw06;dw07;dw08,dw00;dw01;dw02;dw03;dw04;dw05;dw06;dw07;dw08,,35,1,2026-08-28T06:56:43.807+0200,dw01,1729,45,1756,-148,1279,1203,2.38,42388
ground-height-0m-20260825-163632,d018m_r270_run01.csv,0,18,270,dw00;dw01;dw02;dw03;dw04;dw05;dw06;dw07;dw08,dw00;dw01;dw02;dw03;dw04;dw05;dw06;dw07;dw08,,35,1,2026-08-28T06:56:44.007+0200,dw01,1729,46,1756,-140,1364,1105,2.44,42327
ground-height-0m-20260825-163632,d018m_r270_run01.csv,0,18,270,dw00;dw01;dw02;dw03;dw04;dw05;dw06;dw07;dw08,dw00;dw01;dw02;dw03;dw04;dw05;dw06;dw07;dw08,,35,1,2026-08-28T06:56:44.207+0200,dw01,1729,47,1752,-136,1408,1042,2.32,42297
ground-height-0m-20260825-163632,d018m_r270_run01.csv,0,18,270,dw00;dw01;dw02;dw03;dw04;dw05;dw06;dw07;dw08,dw00;dw01;dw02;dw03;dw04;dw05;dw06;dw07;dw08,,35,1,2026-08-28T06:56:44.408+0200,dw01,1729,48,1759,-138,1394,1073,2.38,42358
ground-height-0m-20260825-163632,d018m_r270_run01.csv,0,18,270,dw00;dw01;dw02;dw03;dw04;dw05;dw06;dw07;dw08,dw00;dw01;dw02;dw03;dw04;dw05;dw06;dw07;dw08,,35,1,2026-08-28T06:56:44.607+0200,dw01,1729,49,1760,-134,1434,1020,2.38,42327
ground-height-0m-20260825-163632,d018m_r270_run01.csv,0,18,270,dw00;dw01;dw02;dw03;dw04;dw05;dw06;dw07;dw08,dw00;dw01;dw02;dw03;dw04;dw05;dw06;dw07;dw08,,35,1,2026-08-28T06:56:44.807+0200,dw01,1729,50,1760,-121,1573,789,2.38,42327
ground-height-0m-20260825-163632,d018m_r270_run01.csv,0,18,270,dw00;dw01;dw02;dw03;dw04;dw05;dw06;dw07;dw08,dw00;dw01;dw02;dw03;dw04;dw05;dw06;dw07;dw08,,35,1,2026-08-28T06:56:45.007+0200,dw01,1729,51,1758,-140,1370,1101,2.38,42327
ground-height-0m-20260825-163632,d018m_r270_run01.csv,0,18,270,dw00;dw01;dw02;dw03;dw04;dw05;dw06;dw07;dw08,dw00;dw01;dw02;dw03;dw04;dw05;dw06;dw07;dw08,,35,1,2026-08-28T06:56:45.406+0200,dw01,1729,53,1760,-126,1519,887,2.38,42358
ground-height-0m-20260825-163632,d018m_r270_run01.csv,0,18,270,dw00;dw01;dw02;dw03;dw04;dw05;dw06;dw07;dw08,dw00;dw01;dw02;dw03;dw04;dw05;dw06;dw07;dw08,,35,1,2026-08-28T06:56:45.607+0200,dw01,1729,54,1758,140,512,1682,2.38,42358
ground-height-0m-20260825-163632,d018m_r270_run01.csv,0,18,270,dw00;dw01;dw02;dw03;dw04;dw05;dw06;dw07;dw08,dw00;dw01;dw02;dw03;dw04;dw05;dw06;dw07;dw08,,35,1,2026-08-28T06:56:45.807+0200,dw01,1729,55,1754,-113,1655,578,2.38,42327
ground-height-0m-20260825-163632,d018m_r270_run01.csv,0,18,270,dw00;dw01;dw02;dw03;dw04;dw05;dw06;dw07;dw08,dw00;dw01;dw02;dw03;dw04;dw05;dw06;dw07;dw08,,35,1,2026-08-28T06:56:46.007+0200,dw01,1729,56,1754,-162,1128,1343,2.38,42327
ground-height-0m-20260825-163632,d018m_r270_run01.csv,0,18,270,dw00;dw01;dw02;dw03;dw04;dw05;dw06;dw07;dw08,dw00;dw01;dw02;dw03;dw04;dw05;dw06;dw07;dw08,,35,1,2026-08-28T06:56:46.206+0200,dw01,1729,57,1760,47,-492,1690,2.38,42358
ground-height-0m-20260825-163632,d018m_r270_run01.csv,0,18,270,dw00;dw01;dw02;dw03;dw04;dw05;dw06;dw07;dw08,dw00;dw01;dw02;dw03;dw04;dw05;dw06;dw07;dw08,,35,1,2026-08-28T06:56:46.406+0200,dw01,1729,58,1758,9,-902,1509,2.32,42358
ground-height-0m-20260825-163632,d018m_r270_run01.csv,0,18,270,dw00;dw01;dw02;dw03;dw04;dw05;dw06;dw07;dw08,dw00;dw01;dw02;dw03;dw04;dw05;dw06;dw07;dw08,,35,1,2026-08-28T06:56:46.607+0200,dw01,1729,59,1759,20,-789,1572,2.20,42358
ground-height-0m-20260825-163632,d018m_r270_run01.csv,0,18,270,dw00;dw01;dw02;dw03;dw04;dw05;dw06;dw07;dw08,dw00;dw01;dw02;dw03;dw04;dw05;dw06;dw07;dw08,,35,1,2026-08-28T06:56:46.806+0200,dw01,1729,60,1754,36,-608,1645,2.32,42327
ground-height-0m-20260825-163632,d018m_r270_run01.csv,0,18,270,dw00;dw01;dw02;dw03;dw04;dw05;dw06;dw07;dw08,dw00;dw01;dw02;dw03;dw04;dw05;dw06;dw07;dw08,,35,1,2026-08-28T06:56:47.006+0200,dw01,1729,61,1760,-140,1366,1108,2.38,42327
ground-height-0m-20260825-163632,d018m_r270_run01.csv,0,18,270,dw00;dw01;dw02;dw03;dw04;dw05;dw06;dw07;dw08,dw00;dw01;dw02;dw03;dw04;dw05;dw06;dw07;dw08,,35,1,2026-08-28T06:56:47.206+0200,dw01,1729,62,1756,34,-629,1639,2.38,42327
ground-height-0m-20260825-163632,d018m_r270_run01.csv,0,18,270,dw00;dw01;dw02;dw03;dw04;dw05;dw06;dw07;dw08,dw00;dw01;dw02;dw03;dw04;dw05;dw06;dw07;dw08,,35,1,2026-08-28T06:56:47.622+0200,dw01,1729,64,1756,-145,1318,1160,2.59,58288
ground-height-0m-20260825-163632,d018m_r270_run01.csv,0,18,270,dw00;dw01;dw02;dw03;dw04;dw05;dw06;dw07;dw08,dw00;dw01;dw02;dw03;dw04;dw05;dw06;dw07;dw08,,35,1,2026-08-28T06:56:47.806+0200,dw01,1729,65,1759,-119,1600,730,2.44,42358
ground-height-0m-20260825-163632,d018m_r270_run01.csv,0,18,270,dw00;dw01;dw02;dw03;dw04;dw05;dw06;dw07;dw08,dw00;dw01;dw02;dw03;dw04;dw05;dw06;dw07;dw08,,35,1,2026-08-28T06:56:48.006+0200,dw01,1729,66,1758,-137,1404,1057,2.38,42297
ground-height-0m-20260825-163632,d018m_r270_run01.csv,0,18,270,dw00;dw01;dw02;dw03;dw04;dw05;dw06;dw07;dw08,dw00;dw01;dw02;dw03;dw04;dw05;dw06;dw07;dw08,,35,1,2026-08-28T06:56:48.206+0200,dw01,1729,67,1754,-131,1468,959,2.38,42358
ground-height-0m-20260825-163632,d018m_r270_run01.csv,0,18,270,dw00;dw01;dw02;dw03;dw04;dw05;dw06;dw07;dw08,dw00;dw01;dw02;dw03;dw04;dw05;dw06;dw07;dw08,,35,1,2026-08-28T06:56:48.406+0200,dw01,1729,68,1754,-129,1491,924,2.32,42358
ground-height-0m-20260825-163632,d018m_r270_run01.csv,0,18,270,dw00;dw01;dw02;dw03;dw04;dw05;dw06;dw07;dw08,dw00;dw01;dw02;dw03;dw04;dw05;dw06;dw07;dw08,,35,1,2026-08-28T06:56:48.806+0200,dw01,1729,70,1759,-126,1522,880,2.38,42297
ground-height-0m-20260825-163632,d018m_r270_run01.csv,0,18,270,dw00;dw01;dw02;dw03;dw04;dw05;dw06;dw07;dw08,dw00;dw01;dw02;dw03;dw04;dw05;dw06;dw07;dw08,,35,1,2026-08-28T06:56:49.421+0200,dw01,1729,73,1759,-132,1461,978,2.53,58197
ground-height-0m-20260825-163632,d018m_r270_run01.csv,0,18,270,dw00;dw01;dw02;dw03;dw04;dw05;dw06;dw07;dw08,dw00;dw01;dw02;dw03;dw04;dw05;dw06;dw07;dw08,,35,1,2026-08-28T06:56:49.605+0200,dw01,1729,74,1761,-137,1408,1058,2.38,42327
ground-height-0m-20260825-163632,d018m_r270_run01.csv,0,18,270,dw00;dw01;dw02;dw03;dw04;dw05;dw06;dw07;dw08,dw00;dw01;dw02;dw03;dw04;dw05;dw06;dw07;dw08,,35,1,2026-08-28T06:56:49.805+0200,dw01,1729,75,1759,-131,1470,965,2.44,42388
ground-height-0m-20260825-163632,d018m_r270_run01.csv,0,18,270,dw00;dw01;dw02;dw03;dw04;dw05;dw06;dw07;dw08,dw00;dw01;dw02;dw03;dw04;dw05;dw06;dw07;dw08,,35,1,2026-08-28T06:56:50.405+0200,dw01,1729,78,1760,40,-571,1665,2.26,42297
ground-height-0m-20260825-163632,d018m_r270_run01.csv,0,18,270,dw00;dw01;dw02;dw03;dw04;dw05;dw06;dw07;dw08,dw00;dw01;dw02;dw03;dw04;dw05;dw06;dw07;dw08,,35,1,2026-08-28T06:56:50.605+0200,dw01,1729,79,1758,-131,1469,966,2.50,42358
ground-height-0m-20260825-163632,d018m_r270_run01.csv,0,18,270,dw00;dw01;dw02;dw03;dw04;dw05;dw06;dw07;dw08,dw00;dw01;dw02;dw03;dw04;dw05;dw06;dw07;dw08,,35,1,2026-08-28T06:56:51.005+0200,dw01,1729,81,1757,-128,1500,916,2.32,42358
ground-height-0m-20260825-163632,d018m_r270_run01.csv,0,18,270,dw00;dw01;dw02;dw03;dw04;dw05;dw06;dw07;dw08,dw00;dw01;dw02;dw03;dw04;dw05;dw06;dw07;dw08,,35,1,2026-08-28T06:56:51.205+0200,dw01,1729,82,1761,16,-830,1553,2.32,42388
ground-height-0m-20260825-163632,d018m_r270_run01.csv,0,18,270,dw00;dw01;dw02;dw03;dw04;dw05;dw06;dw07;dw08,dw00;dw01;dw02;dw03;dw04;dw05;dw06;dw07;dw08,,35,1,2026-08-28T06:56:51.405+0200,dw01,1729,83,1764,-119,1598,747,2.38,42327
ground-height-0m-20260825-163632,d018m_r270_run01.csv,0,18,270,dw00;dw01;dw02;dw03;dw04;dw05;dw06;dw07;dw08,dw00;dw01;dw02;dw03;dw04;dw05;dw06;dw07;dw08,,35,1,2026-08-28T06:56:51.604+0200,dw01,1729,84,1759,-124,1544,842,2.38,42327
ground-height-0m-20260825-163632,d018m_r270_run01.csv,0,18,270,dw00;dw01;dw02;dw03;dw04;dw05;dw06;dw07;dw08,dw00;dw01;dw02;dw03;dw04;dw05;dw06;dw07;dw08,,35,1,2026-08-28T06:56:51.804+0200,dw01,1729,85,1759,-128,1502,915,2.38,42358
ground-height-0m-20260825-163632,d018m_r270_run01.csv,0,18,270,dw00;dw01;dw02;dw03;dw04;dw05;dw06;dw07;dw08,dw00;dw01;dw02;dw03;dw04;dw05;dw06;dw07;dw08,,35,1,2026-08-28T06:56:52.004+0200,dw01,1729,86,1759,-128,1504,913,2.38,42327
ground-height-0m-20260825-163632,d018m_r270_run01.csv,0,18,270,dw00;dw01;dw02;dw03;dw04;dw05;dw06;dw07;dw08,dw00;dw01;dw02;dw03;dw04;dw05;dw06;dw07;dw08,,35,1,2026-08-28T06:56:52.205+0200,dw01,1729,87,1761,-142,1356,1124,2.38,42358
ground-height-0m-20260825-163632,d018m_r270_run01.csv,0,18,270,dw00;dw01;dw02;dw03;dw04;dw05;dw06;dw07;dw08,dw00;dw01;dw02;dw03;dw04;dw05;dw06;dw07;dw08,,35,1,2026-08-28T06:56:52.405+0200,dw01,1729,88,1760,-125,1539,855,2.38,42297
ground-height-0m-20260825-163632,d018m_r270_run01.csv,0,18,270,dw00;dw01;dw02;dw03;dw04;dw05;dw06;dw07;dw08,dw00;dw01;dw02;dw03;dw04;dw05;dw06;dw07;dw08,,35,1,2026-08-28T06:56:52.605+0200,dw01,1729,89,1755,-132,1455,981,2.26,42388
ground-height-0m-20260825-163632,d018m_r270_run01.csv,0,18,270,dw00;dw01;dw02;dw03;dw04;dw05;dw06;dw07;dw08,dw00;dw01;dw02;dw03;dw04;dw05;dw06;dw07;dw08,,35,1,2026-08-28T06:56:52.805+0200,dw01,1729,90,1759,-136,1413,1047,2.38,42358
ground-height-0m-20260825-163632,d018m_r270_run01.csv,0,18,270,dw00;dw01;dw02;dw03;dw04;dw05;dw06;dw07;dw08,dw00;dw01;dw02;dw03;dw04;dw05;dw06;dw07;dw08,,35,1,2026-08-28T06:56:53.204+0200,dw01,1729,92,1753,-138,1384,1076,2.38,42327
ground-height-0m-20260825-163632,d018m_r270_run01.csv,0,18,270,dw00;dw01;dw02;dw03;dw04;dw05;dw06;dw07;dw08,dw00;dw01;dw02;dw03;dw04;dw05;dw06;dw07;dw08,,35,1,2026-08-28T06:56:53.404+0200,dw01,1729,93,1759,-139,1378,1092,2.44,42297
ground-height-0m-20260825-163632,d018m_r270_run01.csv,0,18,270,dw00;dw01;dw02;dw03;dw04;dw05;dw06;dw07;dw08,dw00;dw01;dw02;dw03;dw04;dw05;dw06;dw07;dw08,,35,1,2026-08-28T06:56:53.605+0200,dw01,1729,94,1758,-143,1341,1137,2.32,42327
ground-height-0m-20260825-163632,d018m_r270_run01.csv,0,18,270,dw00;dw01;dw02;dw03;dw04;dw05;dw06;dw07;dw08,dw00;dw01;dw02;dw03;dw04;dw05;dw06;dw07;dw08,,35,1,2026-08-28T06:56:53.805+0200,dw01,1729,95,1755,-134,1430,1016,2.38,42327
ground-height-0m-20260825-163632,d018m_r270_run01.csv,0,18,270,dw00;dw01;dw02;dw03;dw04;dw05;dw06;dw07;dw08,dw00;dw01;dw02;dw03;dw04;dw05;dw06;dw07;dw08,,35,1,2026-08-28T06:56:54.004+0200,dw01,1729,96,1756,-142,1351,1121,2.38,42327
ground-height-0m-20260825-163632,d018m_r270_run01.csv,0,18,270,dw00;dw01;dw02;dw03;dw04;dw05;dw06;dw07;dw08,dw00;dw01;dw02;dw03;dw04;dw05;dw06;dw07;dw08,,35,1,2026-08-28T06:56:54.204+0200,dw01,1729,97,1760,-138,1391,1077,2.38,42388
ground-height-0m-20260825-163632,d018m_r270_run01.csv,0,18,270,dw00;dw01;dw02;dw03;dw04;dw05;dw06;dw07;dw08,dw00;dw01;dw02;dw03;dw04;dw05;dw06;dw07;dw08,,35,1,2026-08-28T06:56:54.404+0200,dw01,1729,98,1759,-135,1420,1038,2.32,42297
ground-height-0m-20260825-163632,d018m_r270_run01.csv,0,18,270,dw00;dw01;dw02;dw03;dw04;dw05;dw06;dw07;dw08,dw00;dw01;dw02;dw03;dw04;dw05;dw06;dw07;dw08,,35,1,2026-08-28T06:56:54.605+0200,dw01,1729,99,1760,9,-903,1511,2.38,42327
ground-height-0m-20260825-163632,d018m_r270_run01.csv,0,18,270,dw00;dw01;dw02;dw03;dw04;dw05;dw06;dw07;dw08,dw00;dw01;dw02;dw03;dw04;dw05;dw06;dw07;dw08,,35,1,2026-08-28T06:56:54.804+0200,dw01,1729,100,1758,-125,1536,856,2.38,42327
ground-height-0m-20260825-163632,d018m_r270_run01.csv,0,18,270,dw00;dw01;dw02;dw03;dw04;dw05;dw06;dw07;dw08,dw00;dw01;dw02;dw03;dw04;dw05;dw06;dw07;dw08,,35,1,2026-08-28T06:56:55.004+0200,dw01,1729,101,1764,-153,1233,1262,2.38,42327
ground-height-0m-20260825-163632,d018m_r270_run01.csv,0,18,270,dw00;dw01;dw02;dw03;dw04;dw05;dw06;dw07;dw08,dw00;dw01;dw02;dw03;dw04;dw05;dw06;dw07;dw08,,35,1,2026-08-28T06:56:55.204+0200,dw01,1729,102,1760,-122,1561,812,2.38,42327
ground-height-0m-20260825-163632,d018m_r270_run01.csv,0,18,270,dw00;dw01;dw02;dw03;dw04;dw05;dw06;dw07;dw08,dw00;dw01;dw02;dw03;dw04;dw05;dw06;dw07;dw08,,35,1,2026-08-28T06:56:55.404+0200,dw01,1729,103,1758,-120,1584,762,2.26,42327
ground-height-0m-20260825-163632,d018m_r270_run01.csv,0,18,270,dw00;dw01;dw02;dw03;dw04;dw05;dw06;dw07;dw08,dw00;dw01;dw02;dw03;dw04;dw05;dw06;dw07;dw08,,35,1,2026-08-28T06:56:55.804+0200,dw01,1729,105,1757,-123,1557,815,2.38,42358
ground-height-0m-20260825-163632,d018m_r270_run01.csv,0,18,270,dw00;dw01;dw02;dw03;dw04;dw05;dw06;dw07;dw08,dw00;dw01;dw02;dw03;dw04;dw05;dw06;dw07;dw08,,35,1,2026-08-28T06:56:56.004+0200,dw01,1729,106,1756,-144,1328,1149,2.38,42327
ground-height-0m-20260825-163632,d018m_r270_run01.csv,0,18,270,dw00;dw01;dw02;dw03;dw04;dw05;dw06;dw07;dw08,dw00;dw01;dw02;dw03;dw04;dw05;dw06;dw07;dw08,,35,1,2026-08-28T06:56:56.204+0200,dw01,1729,107,1761,-132,1457,988,2.32,42388
ground-height-0m-20260825-163632,d018m_r270_run01.csv,0,18,270,dw00;dw01;dw02;dw03;dw04;dw05;dw06;dw07;dw08,dw00;dw01;dw02;dw03;dw04;dw05;dw06;dw07;dw08,,35,1,2026-08-28T06:56:56.403+0200,dw01,1729,108,1754,-148,1281,1199,2.38,42327
ground-height-0m-20260825-163632,d018m_r270_run01.csv,0,18,270,dw00;dw01;dw02;dw03;dw04;dw05;dw06;dw07;dw08,dw00;dw01;dw02;dw03;dw04;dw05;dw06;dw07;dw08,,35,1,2026-08-28T06:56:56.603+0200,dw01,1729,109,1761,-138,1396,1073,2.38,42327
ground-height-0m-20260825-163632,d018m_r270_run01.csv,0,18,270,dw00;dw01;dw02;dw03;dw04;dw05;dw06;dw07;dw08,dw00;dw01;dw02;dw03;dw04;dw05;dw06;dw07;dw08,,35,1,2026-08-28T06:56:56.803+0200,dw01,1729,110,1755,-140,1363,1106,2.32,42327
ground-height-0m-20260825-163632,d018m_r270_run01.csv,0,18,270,dw00;dw01;dw02;dw03;dw04;dw05;dw06;dw07;dw08,dw00;dw01;dw02;dw03;dw04;dw05;dw06;dw07;dw08,,35,1,2026-08-28T06:56:57.004+0200,dw01,1729,111,1760,-134,1431,1024,2.38,42327
ground-height-0m-20260825-163632,d018m_r270_run01.csv,0,18,270,dw00;dw01;dw02;dw03;dw04;dw05;dw06;dw07;dw08,dw00;dw01;dw02;dw03;dw04;dw05;dw06;dw07;dw08,,35,1,2026-08-28T06:56:57.204+0200,dw01,1729,112,1755,-145,1318,1158,2.32,42327
ground-height-0m-20260825-163632,d018m_r270_run01.csv,0,18,270,dw00;dw01;dw02;dw03;dw04;dw05;dw06;dw07;dw08,dw00;dw01;dw02;dw03;dw04;dw05;dw06;dw07;dw08,,35,1,2026-08-28T06:56:57.403+0200,dw01,1729,113,1761,-126,1527,875,2.50,42327
ground-height-0m-20260825-163632,d018m_r270_run01.csv,0,18,270,dw00;dw01;dw02;dw03;dw04;dw05;dw06;dw07;dw08,dw00;dw01;dw02;dw03;dw04;dw05;dw06;dw07;dw08,,35,1,2026-08-28T06:56:57.603+0200,dw01,1729,114,1761,-131,1468,973,2.38,42388
ground-height-0m-20260825-163632,d018m_r270_run01.csv,0,18,270,dw00;dw01;dw02;dw03;dw04;dw05;dw06;dw07;dw08,dw00;dw01;dw02;dw03;dw04;dw05;dw06;dw07;dw08,,35,1,2026-08-28T06:56:57.803+0200,dw01,1729,115,1753,-139,1378,1083,2.50,42358
ground-height-0m-20260825-163632,d018m_r270_run01.csv,0,18,270,dw00;dw01;dw02;dw03;dw04;dw05;dw06;dw07;dw08,dw00;dw01;dw02;dw03;dw04;dw05;dw06;dw07;dw08,,35,1,2026-08-28T06:56:58.003+0200,dw01,1729,116,1762,-135,1422,1039,2.38,42297
ground-height-0m-20260825-163632,d018m_r270_run01.csv,0,18,270,dw00;dw01;dw02;dw03;dw04;dw05;dw06;dw07;dw08,dw00;dw01;dw02;dw03;dw04;dw05;dw06;dw07;dw08,,35,1,2026-08-28T06:56:58.203+0200,dw01,1729,117,1757,-132,1450,991,2.26,42327
ground-height-0m-20260825-163632,d018m_r270_run01.csv,0,18,270,dw00;dw01;dw02;dw03;dw04;dw05;dw06;dw07;dw08,dw00;dw01;dw02;dw03;dw04;dw05;dw06;dw07;dw08,,35,1,2026-08-28T06:56:58.403+0200,dw01,1729,118,1766,-116,1635,666,2.38,42358
ground-height-0m-20260825-163632,d018m_r270_run01.csv,0,18,270,dw00;dw01;dw02;dw03;dw04;dw05;dw06;dw07;dw08,dw00;dw01;dw02;dw03;dw04;dw05;dw06;dw07;dw08,,35,1,2026-08-28T06:56:58.603+0200,dw01,1729,119,1752,-142,1347,1121,2.38,42358
ground-height-0m-20260825-163632,d018m_r270_run01.csv,0,18,270,dw00;dw01;dw02;dw03;dw04;dw05;dw06;dw07;dw08,dw00;dw01;dw02;dw03;dw04;dw05;dw06;dw07;dw08,,35,1,2026-08-28T06:56:58.802+0200,dw01,1729,120,1758,-122,1566,799,2.38,42327
ground-height-0m-20260825-163632,d018m_r270_run01.csv,0,18,270,dw00;dw01;dw02;dw03;dw04;dw05;dw06;dw07;dw08,dw00;dw01;dw02;dw03;dw04;dw05;dw06;dw07;dw08,,35,1,2026-08-28T06:56:59.002+0200,dw01,1729,121,1760,-134,1439,1014,2.44,42297
ground-height-0m-20260825-163632,d018m_r270_run01.csv,0,18,270,dw00;dw01;dw02;dw03;dw04;dw05;dw06;dw07;dw08,dw00;dw01;dw02;dw03;dw04;dw05;dw06;dw07;dw08,,35,1,2026-08-28T06:56:59.203+0200,dw01,1729,122,1758,-133,1447,999,2.32,42297
ground-height-0m-20260825-163632,d018m_r270_run01.csv,0,18,270,dw00;dw01;dw02;dw03;dw04;dw05;dw06;dw07;dw08,dw00;dw01;dw02;dw03;dw04;dw05;dw06;dw07;dw08,,35,1,2026-08-28T06:56:59.403+0200,dw01,1729,123,1762,-130,1478,958,2.38,42388
ground-height-0m-20260825-163632,d018m_r270_run01.csv,0,18,270,dw00;dw01;dw02;dw03;dw04;dw05;dw06;dw07;dw08,dw00;dw01;dw02;dw03;dw04;dw05;dw06;dw07;dw08,,35,1,2026-08-28T06:56:59.602+0200,dw01,1729,124,1761,-136,1419,1042,2.38,42297
ground-height-0m-20260825-163632,d018m_r270_run01.csv,0,18,270,dw00;dw01;dw02;dw03;dw04;dw05;dw06;dw07;dw08,dw00;dw01;dw02;dw03;dw04;dw05;dw06;dw07;dw08,,35,1,2026-08-28T06:56:59.802+0200,dw01,1729,125,1762,-136,1414,1052,2.44,42358
ground-height-0m-20260825-163632,d018m_r270_run01.csv,0,18,270,dw00;dw01;dw02;dw03;dw04;dw05;dw06;dw07;dw08,dw00;dw01;dw02;dw03;dw04;dw05;dw06;dw07;dw08,,35,1,2026-08-28T06:57:00.002+0200,dw01,1729,126,1758,-147,1296,1188,2.32,42358
ground-height-0m-20260825-163632,d018m_r270_run01.csv,0,18,270,dw00;dw01;dw02;dw03;dw04;dw05;dw06;dw07;dw08,dw00;dw01;dw02;dw03;dw04;dw05;dw06;dw07;dw08,,35,1,2026-08-28T06:57:00.202+0200,dw01,1729,127,1754,-139,1375,1089,2.50,42358
ground-height-0m-20260825-163632,d018m_r270_run01.csv,0,18,270,dw00;dw01;dw02;dw03;dw04;dw05;dw06;dw07;dw08,dw00;dw01;dw02;dw03;dw04;dw05;dw06;dw07;dw08,,35,1,2026-08-28T06:57:00.403+0200,dw01,1729,128,1760,-126,1522,884,2.38,42358
ground-height-0m-20260825-163632,d018m_r270_run01.csv,0,18,270,dw00;dw01;dw02;dw03;dw04;dw05;dw06;dw07;dw08,dw00;dw01;dw02;dw03;dw04;dw05;dw06;dw07;dw08,,35,1,2026-08-28T06:57:00.602+0200,dw01,1729,129,1758,-128,1502,913,2.38,42358
ground-height-0m-20260825-163632,d018m_r270_run01.csv,0,18,270,dw00;dw01;dw02;dw03;dw04;dw05;dw06;dw07;dw08,dw00;dw01;dw02;dw03;dw04;dw05;dw06;dw07;dw08,,35,1,2026-08-28T06:57:00.802+0200,dw01,1729,130,1760,-125,1537,857,2.38,42388
ground-height-0m-20260825-163632,d018m_r270_run01.csv,0,18,270,dw00;dw01;dw02;dw03;dw04;dw05;dw06;dw07;dw08,dw00;dw01;dw02;dw03;dw04;dw05;dw06;dw07;dw08,,35,1,2026-08-28T06:57:01.002+0200,dw01,1729,131,1757,44,-528,1676,2.32,42297
ground-height-0m-20260825-163632,d018m_r270_run01.csv,0,18,270,dw00;dw01;dw02;dw03;dw04;dw05;dw06;dw07;dw08,dw00;dw01;dw02;dw03;dw04;dw05;dw06;dw07;dw08,,35,1,2026-08-28T06:57:01.402+0200,dw01,1729,133,1758,-132,1457,983,2.38,42358
ground-height-0m-20260825-163632,d018m_r270_run01.csv,0,18,270,dw00;dw01;dw02;dw03;dw04;dw05;dw06;dw07;dw08,dw00;dw01;dw02;dw03;dw04;dw05;dw06;dw07;dw08,,35,1,2026-08-28T06:57:01.817+0200,dw01,1729,135,1757,-131,1467,967,2.59,58288
ground-height-0m-20260825-163632,d018m_r270_run01.csv,0,18,270,dw00;dw01;dw02;dw03;dw04;dw05;dw06;dw07;dw08,dw00;dw01;dw02;dw03;dw04;dw05;dw06;dw07;dw08,,35,1,2026-08-28T06:57:02.002+0200,dw01,1729,136,1756,-125,1535,853,2.38,42419
ground-height-0m-20260825-163632,d018m_r270_run01.csv,0,18,270,dw00;dw01;dw02;dw03;dw04;dw05;dw06;dw07;dw08,dw00;dw01;dw02;dw03;dw04;dw05;dw06;dw07;dw08,,35,1,2026-08-28T06:57:02.201+0200,dw01,1729,137,1755,-137,1397,1061,2.44,42327
ground-height-0m-20260825-163632,d018m_r270_run01.csv,0,18,270,dw00;dw01;dw02;dw03;dw04;dw05;dw06;dw07;dw08,dw00;dw01;dw02;dw03;dw04;dw05;dw06;dw07;dw08,,35,1,2026-08-28T06:57:02.401+0200,dw01,1729,138,1760,-140,1371,1103,2.38,42297
ground-height-0m-20260825-163632,d018m_r270_run01.csv,0,18,270,dw00;dw01;dw02;dw03;dw04;dw05;dw06;dw07;dw08,dw00;dw01;dw02;dw03;dw04;dw05;dw06;dw07;dw08,,35,1,2026-08-28T06:57:02.602+0200,dw01,1729,139,1759,25,-732,1600,2.38,42358
ground-height-0m-20260825-163632,d018m_r270_run01.csv,0,18,270,dw00;dw01;dw02;dw03;dw04;dw05;dw06;dw07;dw08,dw00;dw01;dw02;dw03;dw04;dw05;dw06;dw07;dw08,,35,1,2026-08-28T06:57:02.801+0200,dw01,1729,140,1757,-133,1440,1006,2.38,42327
ground-height-0m-20260825-163632,d018m_r270_run01.csv,0,18,270,dw00;dw01;dw02;dw03;dw04;dw05;dw06;dw07;dw08,dw00;dw01;dw02;dw03;dw04;dw05;dw06;dw07;dw08,,35,1,2026-08-28T06:57:03.001+0200,dw01,1729,141,1758,-133,1444,1003,2.32,42297
ground-height-0m-20260825-163632,d018m_r270_run01.csv,0,18,270,dw00;dw01;dw02;dw03;dw04;dw05;dw06;dw07;dw08,dw00;dw01;dw02;dw03;dw04;dw05;dw06;dw07;dw08,,35,1,2026-08-28T06:57:03.201+0200,dw01,1729,142,1756,-138,1393,1070,2.38,42358
ground-height-0m-20260825-163632,d018m_r270_run01.csv,0,18,270,dw00;dw01;dw02;dw03;dw04;dw05;dw06;dw07;dw08,dw00;dw01;dw02;dw03;dw04;dw05;dw06;dw07;dw08,,35,1,2026-08-28T06:57:03.401+0200,dw01,1729,143,1757,-127,1514,892,2.38,42358
ground-height-0m-20260825-163632,d018m_r270_run01.csv,0,18,270,dw00;dw01;dw02;dw03;dw04;dw05;dw06;dw07;dw08,dw00;dw01;dw02;dw03;dw04;dw05;dw06;dw07;dw08,,35,1,2026-08-28T06:57:03.801+0200,dw01,1729,145,1760,-123,1551,832,2.44,42358
ground-height-0m-20260825-163632,d018m_r270_run01.csv,0,18,270,dw00;dw01;dw02;dw03;dw04;dw05;dw06;dw07;dw08,dw00;dw01;dw02;dw03;dw04;dw05;dw06;dw07;dw08,,35,1,2026-08-28T06:57:04.001+0200,dw01,1729,146,1758,17,-815,1558,2.38,42327
ground-height-0m-20260825-163632,d018m_r270_run01.csv,0,18,270,dw00;dw01;dw02;dw03;dw04;dw05;dw06;dw07;dw08,dw00;dw01;dw02;dw03;dw04;dw05;dw06;dw07;dw08,,35,1,2026-08-28T06:57:04.201+0200,dw01,1729,147,1762,-146,1309,1179,2.32,42327
ground-height-0m-20260825-163632,d018m_r270_run01.csv,0,18,270,dw00;dw01;dw02;dw03;dw04;dw05;dw06;dw07;dw08,dw00;dw01;dw02;dw03;dw04;dw05;dw06;dw07;dw08,,35,1,2026-08-28T06:57:04.600+0200,dw01,1729,149,1758,-122,1568,794,2.50,2147483
ground-height-0m-20260825-163632,d018m_r270_run01.csv,0,18,270,dw00;dw01;dw02;dw03;dw04;dw05;dw06;dw07;dw08,dw00;dw01;dw02;dw03;dw04;dw05;dw06;dw07;dw08,,35,1,2026-08-28T06:57:04.819+0200,dw01,1729,150,1757,-133,1441,1005,2.32,2147483
ground-height-0m-20260825-163632,d018m_r270_run01.csv,0,18,270,dw00;dw01;dw02;dw03;dw04;dw05;dw06;dw07;dw08,dw00;dw01;dw02;dw03;dw04;dw05;dw06;dw07;dw08,,35,1,2026-08-28T06:57:05.038+0200,dw01,1729,151,1756,-115,1638,634,2.44,2147483
ground-height-0m-20260825-163632,d018m_r270_run01.csv,0,18,270,dw00;dw01;dw02;dw03;dw04;dw05;dw06;dw07;dw08,dw00;dw01;dw02;dw03;dw04;dw05;dw06;dw07;dw08,,35,1,2026-08-28T06:57:05.257+0200,dw01,1729,152,1759,-138,1389,1079,2.44,2147483
ground-height-0m-20260825-163632,d018m_r270_run01.csv,0,18,270,dw00;dw01;dw02;dw03;dw04;dw05;dw06;dw07;dw08,dw00;dw01;dw02;dw03;dw04;dw05;dw06;dw07;dw08,,35,1,2026-08-28T06:57:05.501+0200,dw01,1729,153,1759,-140,1373,1100,2.44,2147483
ground-height-0m-20260825-163632,d018m_r270_run01.csv,0,18,270,dw00;dw01;dw02;dw03;dw04;dw05;dw06;dw07;dw08,dw00;dw01;dw02;dw03;dw04;dw05;dw06;dw07;dw08,,35,1,2026-08-28T06:57:05.719+0200,dw01,1729,154,1758,-134,1440,1009,2.32,2147483
ground-height-0m-20260825-163632,d018m_r270_run01.csv,0,18,270,dw00;dw01;dw02;dw03;dw04;dw05;dw06;dw07;dw08,dw00;dw01;dw02;dw03;dw04;dw05;dw06;dw07;dw08,,35,1,2026-08-28T06:57:05.938+0200,dw01,1729,155,1756,-131,1470,960,2.38,79986
ground-height-0m-20260825-163632,d018m_r270_run01.csv,0,18,270,dw00;dw01;dw02;dw03;dw04;dw05;dw06;dw07;dw08,dw00;dw01;dw02;dw03;dw04;dw05;dw06;dw07;dw08,,35,1,2026-08-28T06:57:06.200+0200,dw01,1729,156,1758,-137,1397,1066,2.38,42327
ground-height-0m-20260825-163632,d018m_r270_run01.csv,0,18,270,dw00;dw01;dw02;dw03;dw04;dw05;dw06;dw07;dw08,dw00;dw01;dw02;dw03;dw04;dw05;dw06;dw07;dw08,,35,1,2026-08-28T06:57:06.400+0200,dw01,1729,157,1756,-139,1378,1088,2.38,42358
ground-height-0m-20260825-163632,d018m_r270_run01.csv,0,18,270,dw00;dw01;dw02;dw03;dw04;dw05;dw06;dw07;dw08,dw00;dw01;dw02;dw03;dw04;dw05;dw06;dw07;dw08,,35,1,2026-08-28T06:57:06.600+0200,dw01,1729,158,1759,-145,1319,1163,2.32,42327
ground-height-0m-20260825-163632,d018m_r270_run01.csv,0,18,270,dw00;dw01;dw02;dw03;dw04;dw05;dw06;dw07;dw08,dw00;dw01;dw02;dw03;dw04;dw05;dw06;dw07;dw08,,35,1,2026-08-28T06:57:06.801+0200,dw01,1729,159,1760,-135,1427,1030,2.38,42358
ground-height-0m-20260825-163632,d018m_r270_run01.csv,0,18,270,dw00;dw01;dw02;dw03;dw04;dw05;dw06;dw07;dw08,dw00;dw01;dw02;dw03;dw04;dw05;dw06;dw07;dw08,,35,1,2026-08-28T06:57:06.999+0200,dw01,1729,160,1760,-134,1440,1012,2.38,42297
ground-height-0m-20260825-163632,d018m_r270_run01.csv,0,18,270,dw00;dw01;dw02;dw03;dw04;dw05;dw06;dw07;dw08,dw00;dw01;dw02;dw03;dw04;dw05;dw06;dw07;dw08,,35,1,2026-08-28T06:57:07.200+0200,dw01,1729,161,1761,-139,1379,1094,2.38,42297
ground-height-0m-20260825-163632,d018m_r270_run01.csv,0,18,270,dw00;dw01;dw02;dw03;dw04;dw05;dw06;dw07;dw08,dw00;dw01;dw02;dw03;dw04;dw05;dw06;dw07;dw08,,35,1,2026-08-28T06:57:07.400+0200,dw01,1729,162,1761,-139,1383,1089,2.38,42327
ground-height-0m-20260825-163632,d018m_r270_run01.csv,0,18,270,dw00;dw01;dw02;dw03;dw04;dw05;dw06;dw07;dw08,dw00;dw01;dw02;dw03;dw04;dw05;dw06;dw07;dw08,,35,1,2026-08-28T06:57:07.599+0200,dw01,1729,163,1756,58,-368,1717,2.38,42327
ground-height-0m-20260825-163632,d018m_r270_run01.csv,0,18,270,dw00;dw01;dw02;dw03;dw04;dw05;dw06;dw07;dw08,dw00;dw01;dw02;dw03;dw04;dw05;dw06;dw07;dw08,,35,1,2026-08-28T06:57:07.799+0200,dw01,1729,164,1761,-130,1481,952,2.38,42297
ground-height-0m-20260825-163632,d018m_r270_run01.csv,0,18,270,dw00;dw01;dw02;dw03;dw04;dw05;dw06;dw07;dw08,dw00;dw01;dw02;dw03;dw04;dw05;dw06;dw07;dw08,,35,1,2026-08-28T06:57:07.999+0200,dw01,1729,165,1756,-141,1362,1108,2.38,42327
ground-height-0m-20260825-163632,d018m_r270_run01.csv,0,18,270,dw00;dw01;dw02;dw03;dw04;dw05;dw06;dw07;dw08,dw00;dw01;dw02;dw03;dw04;dw05;dw06;dw07;dw08,,35,1,2026-08-28T06:57:08.200+0200,dw01,1729,166,1759,-143,1338,1142,2.38,42297
ground-height-0m-20260825-163632,d018m_r270_run01.csv,0,18,270,dw00;dw01;dw02;dw03;dw04;dw05;dw06;dw07;dw08,dw00;dw01;dw02;dw03;dw04;dw05;dw06;dw07;dw08,,35,1,2026-08-28T06:57:08.400+0200,dw01,1729,167,1758,-125,1530,866,2.38,42388
ground-height-0m-20260825-163632,d018m_r270_run01.csv,0,18,270,dw00;dw01;dw02;dw03;dw04;dw05;dw06;dw07;dw08,dw00;dw01;dw02;dw03;dw04;dw05;dw06;dw07;dw08,,35,1,2026-08-28T06:57:08.599+0200,dw01,1729,168,1756,-136,1415,1040,2.38,42327
ground-height-0m-20260825-163632,d018m_r270_run01.csv,0,18,270,dw00;dw01;dw02;dw03;dw04;dw05;dw06;dw07;dw08,dw00;dw01;dw02;dw03;dw04;dw05;dw06;dw07;dw08,,35,1,2026-08-28T06:57:08.799+0200,dw01,1729,169,1753,-133,1440,998,2.38,42327
ground-height-0m-20260825-163632,d018m_r270_run01.csv,0,18,270,dw00;dw01;dw02;dw03;dw04;dw05;dw06;dw07;dw08,dw00;dw01;dw02;dw03;dw04;dw05;dw06;dw07;dw08,,35,1,2026-08-28T06:57:09.198+0200,dw01,1729,171,1761,20,-784,1577,2.38,42297
ground-height-0m-20260825-163632,d018m_r270_run01.csv,0,18,270,dw00;dw01;dw02;dw03;dw04;dw05;dw06;dw07;dw08,dw00;dw01;dw02;dw03;dw04;dw05;dw06;dw07;dw08,,35,1,2026-08-28T06:57:09.799+0200,dw01,1729,174,1758,-138,1396,1069,2.38,42327
ground-height-0m-20260825-163632,d018m_r270_run01.csv,0,18,270,dw00;dw01;dw02;dw03;dw04;dw05;dw06;dw07;dw08,dw00;dw01;dw02;dw03;dw04;dw05;dw06;dw07;dw08,,35,1,2026-08-28T06:57:09.998+0200,dw01,1729,175,1756,-145,1315,1164,2.32,42327
ground-height-0m-20260825-163632,d018m_r270_run01.csv,0,18,270,dw00;dw01;dw02;dw03;dw04;dw05;dw06;dw07;dw08,dw00;dw01;dw02;dw03;dw04;dw05;dw06;dw07;dw08,,35,1,2026-08-28T06:57:10.814+0200,dw01,1729,179,1760,-130,1484,947,2.44,58319
ground-height-0m-20260825-163632,d018m_r270_run01.csv,0,18,270,dw00;dw01;dw02;dw03;dw04;dw05;dw06;dw07;dw08,dw00;dw01;dw02;dw03;dw04;dw05;dw06;dw07;dw08,,35,1,2026-08-28T06:57:10.998+0200,dw01,1729,180,1755,-131,1470,958,2.32,42388
ground-height-0m-20260825-163632,d018m_r270_run01.csv,0,18,270,dw00;dw01;dw02;dw03;dw04;dw05;dw06;dw07;dw08,dw00;dw01;dw02;dw03;dw04;dw05;dw06;dw07;dw08,,35,1,2026-08-28T06:57:11.198+0200,dw01,1729,181,1759,-137,1405,1058,2.38,42358
ground-height-0m-20260825-163632,d018m_r270_run01.csv,0,18,270,dw00;dw01;dw02;dw03;dw04;dw05;dw06;dw07;dw08,dw00;dw01;dw02;dw03;dw04;dw05;dw06;dw07;dw08,,35,1,2026-08-28T06:57:11.398+0200,dw01,1729,182,1755,-143,1340,1133,2.32,42358
ground-height-0m-20260825-163632,d018m_r270_run01.csv,0,18,270,dw00;dw01;dw02;dw03;dw04;dw05;dw06;dw07;dw08,dw00;dw01;dw02;dw03;dw04;dw05;dw06;dw07;dw08,,35,1,2026-08-28T06:57:11.599+0200,dw01,1729,183,1757,-137,1406,1053,2.38,42327
ground-height-0m-20260825-163632,d018m_r270_run01.csv,0,18,270,dw00;dw01;dw02;dw03;dw04;dw05;dw06;dw07;dw08,dw00;dw01;dw02;dw03;dw04;dw05;dw06;dw07;dw08,,35,1,2026-08-28T06:57:11.798+0200,dw01,1729,184,1758,-127,1506,907,2.38,42327
ground-height-0m-20260825-163632,d018m_r270_run01.csv,0,18,270,dw00;dw01;dw02;dw03;dw04;dw05;dw06;dw07;dw08,dw00;dw01;dw02;dw03;dw04;dw05;dw06;dw07;dw08,,35,1,2026-08-28T06:57:11.998+0200,dw01,1729,185,1755,-126,1523,871,2.32,42358
ground-height-0m-20260825-163632,d018m_r270_run01.csv,0,18,270,dw00;dw01;dw02;dw03;dw04;dw05;dw06;dw07;dw08,dw00;dw01;dw02;dw03;dw04;dw05;dw06;dw07;dw08,,35,1,2026-08-28T06:57:12.198+0200,dw01,1729,186,1756,-135,1424,1028,2.38,42358
ground-height-0m-20260825-163632,d018m_r270_run01.csv,0,18,270,dw00;dw01;dw02;dw03;dw04;dw05;dw06;dw07;dw08,dw00;dw01;dw02;dw03;dw04;dw05;dw06;dw07;dw08,,35,1,2026-08-28T06:57:12.397+0200,dw01,1729,187,1757,-117,1616,690,2.38,42297
ground-height-0m-20260825-163632,d018m_r270_run01.csv,0,18,270,dw00;dw01;dw02;dw03;dw04;dw05;dw06;dw07;dw08,dw00;dw01;dw02;dw03;dw04;dw05;dw06;dw07;dw08,,35,1,2026-08-28T06:57:12.597+0200,dw01,1729,188,1758,-128,1503,911,2.38,42327
ground-height-0m-20260825-163632,d018m_r270_run01.csv,0,18,270,dw00;dw01;dw02;dw03;dw04;dw05;dw06;dw07;dw08,dw00;dw01;dw02;dw03;dw04;dw05;dw06;dw07;dw08,,35,1,2026-08-28T06:57:12.798+0200,dw01,1729,189,1756,-131,1464,971,2.38,42358
ground-height-0m-20260825-163632,d018m_r270_run01.csv,0,18,270,dw00;dw01;dw02;dw03;dw04;dw05;dw06;dw07;dw08,dw00;dw01;dw02;dw03;dw04;dw05;dw06;dw07;dw08,,35,1,2026-08-28T06:57:12.998+0200,dw01,1729,190,1754,-134,1435,1009,2.32,42358
ground-height-0m-20260825-163632,d018m_r270_run01.csv,0,18,270,dw00;dw01;dw02;dw03;dw04;dw05;dw06;dw07;dw08,dw00;dw01;dw02;dw03;dw04;dw05;dw06;dw07;dw08,,35,1,2026-08-28T06:57:13.197+0200,dw01,1729,191,1759,-135,1421,1037,2.44,42297
