experiment_id,run_file,node_height_m,target_distance_m,tag_rotation_deg,expected_tags,participating_tags,missing_tags,tag_bearing_deg,valid_position,time,tag,a16,seq,range_cm,pdoa_deg,x_cm,y_cm,clk_ppm,t_us
ground-height-0m-20260825-163632,d020m_r090_run01.csv,0,20,90,dw00;dw01;dw02;dw03;dw04;dw05;dw06;dw07;dw08,dw00;dw01;dw02;dw03;dw04;dw05;dw06;dw07;dw08,dw06,75,1,2026-08-27T13:14:32.910+0200,dw03,021B,73,1964,-40,-1612,1122,3.01,12329
ground-height-0m-20260825-163632,d020m_r090_run01.csv,0,20,90,dw00;dw01;dw02;dw03;dw04;dw05;dw06;dw07;dw08,dw00;dw01;dw02;dw03;dw04;dw05;dw06;dw07;dw08,dw06,55,1,2026-08-27T13:14:32.951+0200,dw02,8FB0,169,1974,-105,1961,225,3.39,52337
ground-height-0m-20260825-163632,d020m_r090_run01.csv,0,20,90,dw00;dw01;dw02;dw03;dw04;dw05;dw06;dw07;dw08,dw00;dw01;dw02;dw03;dw04;dw05;dw06;dw07;dw08,dw06,90,1,2026-08-27T13:14:32.960+0200,dw04,0F85,169,1963,2,-1098,1628,4.02,62286
ground-height-0m-20260825-163632,d020m_r090_run01.csv,0,20,90,dw00;dw01;dw02;dw03;dw04;dw05;dw06;dw07;dw08,dw00;dw01;dw02;dw03;dw04;dw05;dw06;dw07;dw08,dw06,145,1,2026-08-27T13:14:32.989+0200,dw07,5783,134,1970,141,591,1879,2.89,2147483
ground-height-0m-20260825-163632,d020m_r090_run01.csv,0,20,90,dw00;dw01;dw02;dw03;dw04;dw05;dw06;dw07;dw08,dw00;dw01;dw02;dw03;dw04;dw05;dw06;dw07;dw08,dw06,165,1,2026-08-27T13:14:33.038+0200,dw08,028E,54,1968,78,-176,1960,2.95,40588
ground-height-0m-20260825-163632,d020m_r090_run01.csv,0,20,90,dw00;dw01;dw02;dw03;dw04;dw05;dw06;dw07;dw08,dw00;dw01;dw02;dw03;dw04;dw05;dw06;dw07;dw08,dw06,15,1,2026-08-27T13:14:33.048+0200,dw00,8103,130,1973,-151,1408,1381,3.78,50537
ground-height-0m-20260825-163632,d020m_r090_run01.csv,0,20,90,dw00;dw01;dw02;dw03;dw04;dw05;dw06;dw07;dw08,dw00;dw01;dw02;dw03;dw04;dw05;dw06;dw07;dw08,dw06,35,1,2026-08-27T13:14:33.059+0200,dw01,1729,47,1971,-129,1666,1053,3.45,60943
ground-height-0m-20260825-163632,d020m_r090_run01.csv,0,20,90,dw00;dw01;dw02;dw03;dw04;dw05;dw06;dw07;dw08,dw00;dw01;dw02;dw03;dw04;dw05;dw06;dw07;dw08,dw06,105,1,2026-08-27T13:14:33.088+0200,dw05,4B92,122,1974,44,-586,1885,3.78,90545
ground-height-0m-20260825-163632,d020m_r090_run01.csv,0,20,90,dw00;dw01;dw02;dw03;dw04;dw05;dw06;dw07;dw08,dw00;dw01;dw02;dw03;dw04;dw05;dw06;dw07;dw08,dw06,75,1,2026-08-27T13:14:33.110+0200,dw03,021B,74,1961,-47,-1701,976,3.21,12268
ground-height-0m-20260825-163632,d020m_r090_run01.csv,0,20,90,dw00;dw01;dw02;dw03;dw04;dw05;dw06;dw07;dw08,dw00;dw01;dw02;dw03;dw04;dw05;dw06;dw07;dw08,dw06,55,1,2026-08-27T13:14:33.150+0200,dw02,8FB0,170,1971,-93,1971,0,3.45,52337
ground-height-0m-20260825-163632,d020m_r090_run01.csv,0,20,90,dw00;dw01;dw02;dw03;dw04;dw05;dw06;dw07;dw08,dw00;dw01;dw02;dw03;dw04;dw05;dw06;dw07;dw08,dw06,90,1,2026-08-27T13:14:33.159+0200,dw04,0F85,170,1965,7,-1034,1671,3.78,62255
ground-height-0m-20260825-163632,d020m_r090_run01.csv,0,20,90,dw00;dw01;dw02;dw03;dw04;dw05;dw06;dw07;dw08,dw00;dw01;dw02;dw03;dw04;dw05;dw06;dw07;dw08,dw06,145,1,2026-08-27T13:14:33.190+0200,dw07,5783,135,1973,117,294,1951,2.95,2147483
ground-height-0m-20260825-163632,d020m_r090_run01.csv,0,20,90,dw00;dw01;dw02;dw03;dw04;dw05;dw06;dw07;dw08,dw00;dw01;dw02;dw03;dw04;dw05;dw06;dw07;dw08,dw06,15,1,2026-08-27T13:14:33.230+0200,dw00,8103,131,1976,-155,1357,1437,3.84,32257
ground-height-0m-20260825-163632,d020m_r090_run01.csv,0,20,90,dw00;dw01;dw02;dw03;dw04;dw05;dw06;dw07;dw08,dw00;dw01;dw02;dw03;dw04;dw05;dw06;dw07;dw08,dw06,35,1,2026-08-27T13:14:33.239+0200,dw01,1729,48,1973,-140,1540,1233,3.39,42358
ground-height-0m-20260825-163632,d020m_r090_run01.csv,0,20,90,dw00;dw01;dw02;dw03;dw04;dw05;dw06;dw07;dw08,dw00;dw01;dw02;dw03;dw04;dw05;dw06;dw07;dw08,dw06,105,1,2026-08-27T13:14:33.270+0200,dw05,4B92,123,1971,44,-585,1882,3.69,72326
ground-height-0m-20260825-163632,d020m_r090_run01.csv,0,20,90,dw00;dw01;dw02;dw03;dw04;dw05;dw06;dw07;dw08,dw00;dw01;dw02;dw03;dw04;dw05;dw06;dw07;dw08,dw06,145,1,2026-08-27T13:14:33.305+0200,dw07,5783,226,1974,88,-56,1973,2.95,2147483
ground-height-0m-20260825-163632,d020m_r090_run01.csv,0,20,90,dw00;dw01;dw02;dw03;dw04;dw05;dw06;dw07;dw08,dw00;dw01;dw02;dw03;dw04;dw05;dw06;dw07;dw08,dw06,55,1,2026-08-27T13:14:33.350+0200,dw02,8FB0,171,1973,-86,-1973,0,3.51,2147483
ground-height-0m-20260825-163632,d020m_r090_run01.csv,0,20,90,dw00;dw01;dw02;dw03;dw04;dw05;dw06;dw07;dw08,dw00;dw01;dw02;dw03;dw04;dw05;dw06;dw07;dw08,dw06,90,1,2026-08-27T13:14:33.360+0200,dw04,0F85,171,1969,0,-1123,1617,3.90,2147483
ground-height-0m-20260825-163632,d020m_r090_run01.csv,0,20,90,dw00;dw01;dw02;dw03;dw04;dw05;dw06;dw07;dw08,dw00;dw01;dw02;dw03;dw04;dw05;dw06;dw07;dw08,dw06,145,1,2026-08-27T13:14:33.390+0200,dw07,5783,136,1972,124,383,1934,2.95,2147483
ground-height-0m-20260825-163632,d020m_r090_run01.csv,0,20,90,dw00;dw01;dw02;dw03;dw04;dw05;dw06;dw07;dw08,dw00;dw01;dw02;dw03;dw04;dw05;dw06;dw07;dw08,dw06,15,1,2026-08-27T13:14:33.430+0200,dw00,8103,132,1975,-162,1268,1514,3.90,32257
ground-height-0m-20260825-163632,d020m_r090_run01.csv,0,20,90,dw00;dw01;dw02;dw03;dw04;dw05;dw06;dw07;dw08,dw00;dw01;dw02;dw03;dw04;dw05;dw06;dw07;dw08,dw06,165,1,2026-08-27T13:14:33.436+0200,dw08,028E,56,1969,-35,-1558,1205,3.15,37780
ground-height-0m-20260825-163632,d020m_r090_run01.csv,0,20,90,dw00;dw01;dw02;dw03;dw04;dw05;dw06;dw07;dw08,dw00;dw01;dw02;dw03;dw04;dw05;dw06;dw07;dw08,dw06,105,1,2026-08-27T13:14:33.470+0200,dw05,4B92,124,1972,57,-425,1926,3.78,72296
ground-height-0m-20260825-163632,d020m_r090_run01.csv,0,20,90,dw00;dw01;dw02;dw03;dw04;dw05;dw06;dw07;dw08,dw00;dw01;dw02;dw03;dw04;dw05;dw06;dw07;dw08,dw06,75,1,2026-08-27T13:14:33.526+0200,dw03,021B,76,1964,-43,-1645,1072,3.27,27923
ground-height-0m-20260825-163632,d020m_r090_run01.csv,0,20,90,dw00;dw01;dw02;dw03;dw04;dw05;dw06;dw07;dw08,dw00;dw01;dw02;dw03;dw04;dw05;dw06;dw07;dw08,dw06,55,1,2026-08-27T13:14:33.569+0200,dw02,8FB0,172,1976,-107,1937,390,3.45,71014
ground-height-0m-20260825-163632,d020m_r090_run01.csv,0,20,90,dw00;dw01;dw02;dw03;dw04;dw05;dw06;dw07;dw08,dw00;dw01;dw02;dw03;dw04;dw05;dw06;dw07;dw08,dw06,90,1,2026-08-27T13:14:33.578+0200,dw04,0F85,172,1968,3,-1079,1646,4.02,80566
ground-height-0m-20260825-163632,d020m_r090_run01.csv,0,20,90,dw00;dw01;dw02;dw03;dw04;dw05;dw06;dw07;dw08,dw00;dw01;dw02;dw03;dw04;dw05;dw06;dw07;dw08,dw06,145,1,2026-08-27T13:14:33.590+0200,dw07,5783,227,1975,93,8,1975,2.83,2147483
ground-height-0m-20260825-163632,d020m_r090_run01.csv,0,20,90,dw00;dw01;dw02;dw03;dw04;dw05;dw06;dw07;dw08,dw00;dw01;dw02;dw03;dw04;dw05;dw06;dw07;dw08,dw06,145,1,2026-08-27T13:14:33.609+0200,dw07,5783,137,1967,120,335,1939,2.95,2147483
ground-height-0m-20260825-163632,d020m_r090_run01.csv,0,20,90,dw00;dw01;dw02;dw03;dw04;dw05;dw06;dw07;dw08,dw00;dw01;dw02;dw03;dw04;dw05;dw06;dw07;dw08,dw06,165,1,2026-08-27T13:14:33.619+0200,dw08,028E,57,1966,113,243,1951,2.89,2147483
ground-height-0m-20260825-163632,d020m_r090_run01.csv,0,20,90,dw00;dw01;dw02;dw03;dw04;dw05;dw06;dw07;dw08,dw00;dw01;dw02;dw03;dw04;dw05;dw06;dw07;dw08,dw06,15,1,2026-08-27T13:14:33.630+0200,dw00,8103,133,1975,-147,1458,1332,3.90,2147483
ground-height-0m-20260825-163632,d020m_r090_run01.csv,0,20,90,dw00;dw01;dw02;dw03;dw04;dw05;dw06;dw07;dw08,dw00;dw01;dw02;dw03;dw04;dw05;dw06;dw07;dw08,dw06,35,1,2026-08-27T13:14:33.655+0200,dw01,1729,50,1971,-158,1312,1471,3.78,2147483
ground-height-0m-20260825-163632,d020m_r090_run01.csv,0,20,90,dw00;dw01;dw02;dw03;dw04;dw05;dw06;dw07;dw08,dw00;dw01;dw02;dw03;dw04;dw05;dw06;dw07;dw08,dw06,105,1,2026-08-27T13:14:33.670+0200,dw05,4B92,125,1969,37,-668,1852,3.72,2147483
ground-height-0m-20260825-163632,d020m_r090_run01.csv,0,20,90,dw00;dw01;dw02;dw03;dw04;dw05;dw06;dw07;dw08,dw00;dw01;dw02;dw03;dw04;dw05;dw06;dw07;dw08,dw06,75,1,2026-08-27T13:14:33.710+0200,dw03,021B,77,1961,-42,-1641,1074,3.09,12298
ground-height-0m-20260825-163632,d020m_r090_run01.csv,0,20,90,dw00;dw01;dw02;dw03;dw04;dw05;dw06;dw07;dw08,dw00;dw01;dw02;dw03;dw04;dw05;dw06;dw07;dw08,dw06,55,1,2026-08-27T13:14:33.749+0200,dw02,8FB0,173,1972,-102,1972,0,3.51,52337
ground-height-0m-20260825-163632,d020m_r090_run01.csv,0,20,90,dw00;dw01;dw02;dw03;dw04;dw05;dw06;dw07;dw08,dw00;dw01;dw02;dw03;dw04;dw05;dw06;dw07;dw08,dw06,90,1,2026-08-27T13:14:33.760+0200,dw04,0F85,173,1966,1,-1110,1623,3.96,62316
ground-height-0m-20260825-163632,d020m_r090_run01.csv,0,20,90,dw00;dw01;dw02;dw03;dw04;dw05;dw06;dw07;dw08,dw00;dw01;dw02;dw03;dw04;dw05;dw06;dw07;dw08,dw06,145,1,2026-08-27T13:14:33.789+0200,dw07,5783,228,1971,90,-23,1971,2.71,2147483
ground-height-0m-20260825-163632,d020m_r090_run01.csv,0,20,90,dw00;dw01;dw02;dw03;dw04;dw05;dw06;dw07;dw08,dw00;dw01;dw02;dw03;dw04;dw05;dw06;dw07;dw08,dw06,165,1,2026-08-27T13:14:33.838+0200,dw08,028E,58,1970,116,285,1949,2.89,40618
ground-height-0m-20260825-163632,d020m_r090_run01.csv,0,20,90,dw00;dw01;dw02;dw03;dw04;dw05;dw06;dw07;dw08,dw00;dw01;dw02;dw03;dw04;dw05;dw06;dw07;dw08,dw06,15,1,2026-08-27T13:14:33.848+0200,dw00,8103,134,1973,-158,1324,1463,3.90,50567
ground-height-0m-20260825-163632,d020m_r090_run01.csv,0,20,90,dw00;dw01;dw02;dw03;dw04;dw05;dw06;dw07;dw08,dw00;dw01;dw02;dw03;dw04;dw05;dw06;dw07;dw08,dw06,35,1,2026-08-27T13:14:33.874+0200,dw01,1729,51,1973,-132,1634,1106,3.51,76843
ground-height-0m-20260825-163632,d020m_r090_run01.csv,0,20,90,dw00;dw01;dw02;dw03;dw04;dw05;dw06;dw07;dw08,dw00;dw01;dw02;dw03;dw04;dw05;dw06;dw07;dw08,dw06,105,1,2026-08-27T13:14:33.888+0200,dw05,4B92,126,1974,43,-598,1881,3.72,90545
ground-height-0m-20260825-163632,d020m_r090_run01.csv,0,20,90,dw00;dw01;dw02;dw03;dw04;dw05;dw06;dw07;dw08,dw00;dw01;dw02;dw03;dw04;dw05;dw06;dw07;dw08,dw06,75,1,2026-08-27T13:14:33.909+0200,dw03,021B,78,1962,-39,-1604,1130,3.09,12268
ground-height-0m-20260825-163632,d020m_r090_run01.csv,0,20,90,dw00;dw01;dw02;dw03;dw04;dw05;dw06;dw07;dw08,dw00;dw01;dw02;dw03;dw04;dw05;dw06;dw07;dw08,dw06,55,1,2026-08-27T13:14:33.949+0200,dw02,8FB0,174,1972,-95,1972,0,3.45,52337
ground-height-0m-20260825-163632,d020m_r090_run01.csv,0,20,90,dw00;dw01;dw02;dw03;dw04;dw05;dw06;dw07;dw08,dw00;dw01;dw02;dw03;dw04;dw05;dw06;dw07;dw08,dw06,90,1,2026-08-27T13:14:33.959+0200,dw04,0F85,174,1963,3,-1085,1636,4.02,62225
ground-height-0m-20260825-163632,d020m_r090_run01.csv,0,20,90,dw00;dw01;dw02;dw03;dw04;dw05;dw06;dw07;dw08,dw00;dw01;dw02;dw03;dw04;dw05;dw06;dw07;dw08,dw06,145,1,2026-08-27T13:14:33.989+0200,dw07,5783,229,1974,93,4,1974,2.83,2147483
ground-height-0m-20260825-163632,d020m_r090_run01.csv,0,20,90,dw00;dw01;dw02;dw03;dw04;dw05;dw06;dw07;dw08,dw00;dw01;dw02;dw03;dw04;dw05;dw06;dw07;dw08,dw06,165,1,2026-08-27T13:14:34.020+0200,dw08,028E,59,1972,158,795,1804,2.95,22247
ground-height-0m-20260825-163632,d020m_r090_run01.csv,0,20,90,dw00;dw01;dw02;dw03;dw04;dw05;dw06;dw07;dw08,dw00;dw01;dw02;dw03;dw04;dw05;dw06;dw07;dw08,dw06,15,1,2026-08-27T13:14:34.029+0200,dw00,8103,135,1973,-156,1342,1446,3.90,32287
ground-height-0m-20260825-163632,d020m_r090_run01.csv,0,20,90,dw00;dw01;dw02;dw03;dw04;dw05;dw06;dw07;dw08,dw00;dw01;dw02;dw03;dw04;dw05;dw06;dw07;dw08,dw06,105,1,2026-08-27T13:14:34.070+0200,dw05,4B92,127,1971,44,-589,1881,3.69,72296
ground-height-0m-20260825-163632,d020m_r090_run01.csv,0,20,90,dw00;dw01;dw02;dw03;dw04;dw05;dw06;dw07;dw08,dw00;dw01;dw02;dw03;dw04;dw05;dw06;dw07;dw08,dw06,145,1,2026-08-27T13:14:34.106+0200,dw07,5783,139,1971,128,432,1923,3.06,2147483
ground-height-0m-20260825-163632,d020m_r090_run01.csv,0,20,90,dw00;dw01;dw02;dw03;dw04;dw05;dw06;dw07;dw08,dw00;dw01;dw02;dw03;dw04;dw05;dw06;dw07;dw08,dw06,35,1,2026-08-27T13:14:34.140+0200,dw01,1729,52,1973,-137,1570,1193,3.51,2147483
ground-height-0m-20260825-163632,d020m_r090_run01.csv,0,20,90,dw00;dw01;dw02;dw03;dw04;dw05;dw06;dw07;dw08,dw00;dw01;dw02;dw03;dw04;dw05;dw06;dw07;dw08,dw06,55,1,2026-08-27T13:14:34.150+0200,dw02,8FB0,175,1972,-95,1972,0,3.45,2147483
ground-height-0m-20260825-163632,d020m_r090_run01.csv,0,20,90,dw00;dw01;dw02;dw03;dw04;dw05;dw06;dw07;dw08,dw00;dw01;dw02;dw03;dw04;dw05;dw06;dw07;dw08,dw06,90,1,2026-08-27T13:14:34.159+0200,dw04,0F85,175,1966,1,-1111,1621,3.90,2147483
ground-height-0m-20260825-163632,d020m_r090_run01.csv,0,20,90,dw00;dw01;dw02;dw03;dw04;dw05;dw06;dw07;dw08,dw00;dw01;dw02;dw03;dw04;dw05;dw06;dw07;dw08,dw06,145,1,2026-08-27T13:14:34.190+0200,dw07,5783,230,1976,90,-30,1976,2.77,2147483
ground-height-0m-20260825-163632,d020m_r090_run01.csv,0,20,90,dw00;dw01;dw02;dw03;dw04;dw05;dw06;dw07;dw08,dw00;dw01;dw02;dw03;dw04;dw05;dw06;dw07;dw08,dw06,165,1,2026-08-27T13:14:34.220+0200,dw08,028E,60,1970,161,832,1785,2.89,22247
ground-height-0m-20260825-163632,d020m_r090_run01.csv,0,20,90,dw00;dw01;dw02;dw03;dw04;dw05;dw06;dw07;dw08,dw00;dw01;dw02;dw03;dw04;dw05;dw06;dw07;dw08,dw06,15,1,2026-08-27T13:14:34.230+0200,dw00,8103,136,1975,-150,1421,1371,3.90,32226
ground-height-0m-20260825-163632,d020m_r090_run01.csv,0,20,90,dw00;dw01;dw02;dw03;dw04;dw05;dw06;dw07;dw08,dw00;dw01;dw02;dw03;dw04;dw05;dw06;dw07;dw08,dw06,105,1,2026-08-27T13:14:34.270+0200,dw05,4B92,128,1973,53,-482,1913,3.69,72296
ground-height-0m-20260825-163632,d020m_r090_run01.csv,0,20,90,dw00;dw01;dw02;dw03;dw04;dw05;dw06;dw07;dw08,dw00;dw01;dw02;dw03;dw04;dw05;dw06;dw07;dw08,dw06,75,1,2026-08-27T13:14:34.326+0200,dw03,021B,80,1961,-39,-1601,1131,3.27,27923
ground-height-0m-20260825-163632,d020m_r090_run01.csv,0,20,90,dw00;dw01;dw02;dw03;dw04;dw05;dw06;dw07;dw08,dw00;dw01;dw02;dw03;dw04;dw05;dw06;dw07;dw08,dw06,35,1,2026-08-27T13:14:34.359+0200,dw01,1729,53,1973,-143,1506,1273,3.51,61035
ground-height-0m-20260825-163632,d020m_r090_run01.csv,0,20,90,dw00;dw01;dw02;dw03;dw04;dw05;dw06;dw07;dw08,dw00;dw01;dw02;dw03;dw04;dw05;dw06;dw07;dw08,dw06,55,1,2026-08-27T13:14:34.369+0200,dw02,8FB0,176,1976,-101,1976,0,3.39,71014
ground-height-0m-20260825-163632,d020m_r090_run01.csv,0,20,90,dw00;dw01;dw02;dw03;dw04;dw05;dw06;dw07;dw08,dw00;dw01;dw02;dw03;dw04;dw05;dw06;dw07;dw08,dw06,90,1,2026-08-27T13:14:34.379+0200,dw04,0F85,176,1968,0,-1127,1613,4.02,80535
ground-height-0m-20260825-163632,d020m_r090_run01.csv,0,20,90,dw00;dw01;dw02;dw03;dw04;dw05;dw06;dw07;dw08,dw00;dw01;dw02;dw03;dw04;dw05;dw06;dw07;dw08,dw06,145,1,2026-08-27T13:14:34.391+0200,dw07,5783,140,1968,139,563,1886,2.95,2147483
ground-height-0m-20260825-163632,d020m_r090_run01.csv,0,20,90,dw00;dw01;dw02;dw03;dw04;dw05;dw06;dw07;dw08,dw00;dw01;dw02;dw03;dw04;dw05;dw06;dw07;dw08,dw06,145,1,2026-08-27T13:14:34.408+0200,dw07,5783,231,1979,94,13,1979,2.71,2147483
ground-height-0m-20260825-163632,d020m_r090_run01.csv,0,20,90,dw00;dw01;dw02;dw03;dw04;dw05;dw06;dw07;dw08,dw00;dw01;dw02;dw03;dw04;dw05;dw06;dw07;dw08,dw06,165,1,2026-08-27T13:14:34.420+0200,dw08,028E,61,1972,173,981,1711,2.83,2147483
ground-height-0m-20260825-163632,d020m_r090_run01.csv,0,20,90,dw00;dw01;dw02;dw03;dw04;dw05;dw06;dw07;dw08,dw00;dw01;dw02;dw03;dw04;dw05;dw06;dw07;dw08,dw06,15,1,2026-08-27T13:14:34.431+0200,dw00,8103,137,1977,-156,1350,1444,3.90,2147483
ground-height-0m-20260825-163632,d020m_r090_run01.csv,0,20,90,dw00;dw01;dw02;dw03;dw04;dw05;dw06;dw07;dw08,dw00;dw01;dw02;dw03;dw04;dw05;dw06;dw07;dw08,dw06,105,1,2026-08-27T13:14:34.471+0200,dw05,4B92,129,1972,45,-575,1886,3.69,2147483
ground-height-0m-20260825-163632,d020m_r090_run01.csv,0,20,90,dw00;dw01;dw02;dw03;dw04;dw05;dw06;dw07;dw08,dw00;dw01;dw02;dw03;dw04;dw05;dw06;dw07;dw08,dw06,75,1,2026-08-27T13:14:34.511+0200,dw03,021B,81,1961,-36,-1566,1180,3.15,12298
ground-height-0m-20260825-163632,d020m_r090_run01.csv,0,20,90,dw00;dw01;dw02;dw03;dw04;dw05;dw06;dw07;dw08,dw00;dw01;dw02;dw03;dw04;dw05;dw06;dw07;dw08,dw06,35,1,2026-08-27T13:14:34.540+0200,dw01,1729,54,1972,-138,1565,1199,3.57,42327
ground-height-0m-20260825-163632,d020m_r090_run01.csv,0,20,90,dw00;dw01;dw02;dw03;dw04;dw05;dw06;dw07;dw08,dw00;dw01;dw02;dw03;dw04;dw05;dw06;dw07;dw08,dw06,55,1,2026-08-27T13:14:34.550+0200,dw02,8FB0,177,1972,-98,1972,0,3.51,52307
ground-height-0m-20260825-163632,d020m_r090_run01.csv,0,20,90,dw00;dw01;dw02;dw03;dw04;dw05;dw06;dw07;dw08,dw00;dw01;dw02;dw03;dw04;dw05;dw06;dw07;dw08,dw06,90,1,2026-08-27T13:14:34.560+0200,dw04,0F85,177,1963,4,-1073,1644,3.90,62286
ground-height-0m-20260825-163632,d020m_r090_run01.csv,0,20,90,dw00;dw01;dw02;dw03;dw04;dw05;dw06;dw07;dw08,dw00;dw01;dw02;dw03;dw04;dw05;dw06;dw07;dw08,dw06,145,1,2026-08-27T13:14:34.590+0200,dw07,5783,141,1969,134,501,1904,2.83,2147483
ground-height-0m-20260825-163632,d020m_r090_run01.csv,0,20,90,dw00;dw01;dw02;dw03;dw04;dw05;dw06;dw07;dw08,dw00;dw01;dw02;dw03;dw04;dw05;dw06;dw07;dw08,dw06,165,1,2026-08-27T13:14:34.639+0200,dw08,028E,62,1979,132,487,1918,2.95,40557
ground-height-0m-20260825-163632,d020m_r090_run01.csv,0,20,90,dw00;dw01;dw02;dw03;dw04;dw05;dw06;dw07;dw08,dw00;dw01;dw02;dw03;dw04;dw05;dw06;dw07;dw08,dw06,15,1,2026-08-27T13:14:34.648+0200,dw00,8103,138,1975,-155,1355,1436,3.90,50567
ground-height-0m-20260825-163632,d020m_r090_run01.csv,0,20,90,dw00;dw01;dw02;dw03;dw04;dw05;dw06;dw07;dw08,dw00;dw01;dw02;dw03;dw04;dw05;dw06;dw07;dw08,dw06,105,1,2026-08-27T13:14:34.688+0200,dw05,4B92,130,1972,45,-570,1887,3.78,90606
ground-height-0m-20260825-163632,d020m_r090_run01.csv,0,20,90,dw00;dw01;dw02;dw03;dw04;dw05;dw06;dw07;dw08,dw00;dw01;dw02;dw03;dw04;dw05;dw06;dw07;dw08,dw06,75,1,2026-08-27T13:14:34.710+0200,dw03,021B,82,1965,-50,-1737,919,3.06,12268
ground-height-0m-20260825-163632,d020m_r090_run01.csv,0,20,90,dw00;dw01;dw02;dw03;dw04;dw05;dw06;dw07;dw08,dw00;dw01;dw02;dw03;dw04;dw05;dw06;dw07;dw08,dw06,35,1,2026-08-27T13:14:34.740+0200,dw01,1729,55,1971,-142,1511,1266,3.57,42327
ground-height-0m-20260825-163632,d020m_r090_run01.csv,0,20,90,dw00;dw01;dw02;dw03;dw04;dw05;dw06;dw07;dw08,dw00;dw01;dw02;dw03;dw04;dw05;dw06;dw07;dw08,dw06,55,1,2026-08-27T13:14:34.750+0200,dw02,8FB0,178,1971,-95,1971,0,3.45,52337
ground-height-0m-20260825-163632,d020m_r090_run01.csv,0,20,90,dw00;dw01;dw02;dw03;dw04;dw05;dw06;dw07;dw08,dw00;dw01;dw02;dw03;dw04;dw05;dw06;dw07;dw08,dw06,90,1,2026-08-27T13:14:34.760+0200,dw04,0F85,178,1962,3,-1083,1636,3.90,62194
ground-height-0m-20260825-163632,d020m_r090_run01.csv,0,20,90,dw00;dw01;dw02;dw03;dw04;dw05;dw06;dw07;dw08,dw00;dw01;dw02;dw03;dw04;dw05;dw06;dw07;dw08,dw06,145,1,2026-08-27T13:14:34.790+0200,dw07,5783,142,1966,124,386,1928,2.89,2147483
ground-height-0m-20260825-163632,d020m_r090_run01.csv,0,20,90,dw00;dw01;dw02;dw03;dw04;dw05;dw06;dw07;dw08,dw00;dw01;dw02;dw03;dw04;dw05;dw06;dw07;dw08,dw06,165,1,2026-08-27T13:14:34.820+0200,dw08,028E,63,1971,129,440,1921,2.95,22277
ground-height-0m-20260825-163632,d020m_r090_run01.csv,0,20,90,dw00;dw01;dw02;dw03;dw04;dw05;dw06;dw07;dw08,dw00;dw01;dw02;dw03;dw04;dw05;dw06;dw07;dw08,dw06,15,1,2026-08-27T13:14:34.830+0200,dw00,8103,139,1974,-153,1383,1409,3.78,32287
ground-height-0m-20260825-163632,d020m_r090_run01.csv,0,20,90,dw00;dw01;dw02;dw03;dw04;dw05;dw06;dw07;dw08,dw00;dw01;dw02;dw03;dw04;dw05;dw06;dw07;dw08,dw06,105,1,2026-08-27T13:14:34.870+0200,dw05,4B92,131,1975,44,-585,1886,3.69,72326
ground-height-0m-20260825-163632,d020m_r090_run01.csv,0,20,90,dw00;dw01;dw02;dw03;dw04;dw05;dw06;dw07;dw08,dw00;dw01;dw02;dw03;dw04;dw05;dw06;dw07;dw08,dw06,145,1,2026-08-27T13:14:34.906+0200,dw07,5783,233,1975,92,-2,1975,3.01,2147483
ground-height-0m-20260825-163632,d020m_r090_run01.csv,0,20,90,dw00;dw01;dw02;dw03;dw04;dw05;dw06;dw07;dw08,dw00;dw01;dw02;dw03;dw04;dw05;dw06;dw07;dw08,dw06,35,1,2026-08-27T13:14:34.940+0200,dw01,1729,56,1973,-141,1520,1257,3.45,2147483
ground-height-0m-20260825-163632,d020m_r090_run01.csv,0,20,90,dw00;dw01;dw02;dw03;dw04;dw05;dw06;dw07;dw08,dw00;dw01;dw02;dw03;dw04;dw05;dw06;dw07;dw08,dw06,55,1,2026-08-27T13:14:34.950+0200,dw02,8FB0,179,1974,-89,1974,0,3.39,2147483
ground-height-0m-20260825-163632,d020m_r090_run01.csv,0,20,90,dw00;dw01;dw02;dw03;dw04;dw05;dw06;dw07;dw08,dw00;dw01;dw02;dw03;dw04;dw05;dw06;dw07;dw08,dw06,90,1,2026-08-27T13:14:34.960+0200,dw04,0F85,179,1968,2,-1097,1634,3.84,2147483
ground-height-0m-20260825-163632,d020m_r090_run01.csv,0,20,90,dw00;dw01;dw02;dw03;dw04;dw05;dw06;dw07;dw08,dw00;dw01;dw02;dw03;dw04;dw05;dw06;dw07;dw08,dw06,145,1,2026-08-27T13:14:34.990+0200,dw07,5783,143,1971,117,299,1948,2.95,2147483
ground-height-0m-20260825-163632,d020m_r090_run01.csv,0,20,90,dw00;dw01;dw02;dw03;dw04;dw05;dw06;dw07;dw08,dw00;dw01;dw02;dw03;dw04;dw05;dw06;dw07;dw08,dw06,165,1,2026-08-27T13:14:35.021+0200,dw08,028E,64,1971,138,550,1892,2.83,22277
ground-height-0m-20260825-163632,d020m_r090_run01.csv,0,20,90,dw00;dw01;dw02;dw03;dw04;dw05;dw06;dw07;dw08,dw00;dw01;dw02;dw03;dw04;dw05;dw06;dw07;dw08,dw06,15,1,2026-08-27T13:14:35.030+0200,dw00,8103,140,1976,-160,1294,1494,3.90,32257
ground-height-0m-20260825-163632,d020m_r090_run01.csv,0,20,90,dw00;dw01;dw02;dw03;dw04;dw05;dw06;dw07;dw08,dw00;dw01;dw02;dw03;dw04;dw05;dw06;dw07;dw08,dw06,105,1,2026-08-27T13:14:35.070+0200,dw05,4B92,132,1969,42,-611,1872,3.72,72296
ground-height-0m-20260825-163632,d020m_r090_run01.csv,0,20,90,dw00;dw01;dw02;dw03;dw04;dw05;dw06;dw07;dw08,dw00;dw01;dw02;dw03;dw04;dw05;dw06;dw07;dw08,dw06,75,1,2026-08-27T13:14:35.126+0200,dw03,021B,84,1961,-37,-1577,1165,3.27,27923
ground-height-0m-20260825-163632,d020m_r090_run01.csv,0,20,90,dw00;dw01;dw02;dw03;dw04;dw05;dw06;dw07;dw08,dw00;dw01;dw02;dw03;dw04;dw05;dw06;dw07;dw08,dw06,35,1,2026-08-27T13:14:35.159+0200,dw01,1729,57,1974,-127,1692,1016,3.63,61004
ground-height-0m-20260825-163632,d020m_r090_run01.csv,0,20,90,dw00;dw01;dw02;dw03;dw04;dw05;dw06;dw07;dw08,dw00;dw01;dw02;dw03;dw04;dw05;dw06;dw07;dw08,dw06,55,1,2026-08-27T13:14:35.169+0200,dw02,8FB0,180,1971,-109,1912,475,3.45,71014
ground-height-0m-20260825-163632,d020m_r090_run01.csv,0,20,90,dw00;dw01;dw02;dw03;dw04;dw05;dw06;dw07;dw08,dw00;dw01;dw02;dw03;dw04;dw05;dw06;dw07;dw08,dw06,90,1,2026-08-27T13:14:35.179+0200,dw04,0F85,180,1965,-2,-1155,1590,3.90,80566
ground-height-0m-20260825-163632,d020m_r090_run01.csv,0,20,90,dw00;dw01;dw02;dw03;dw04;dw05;dw06;dw07;dw08,dw00;dw01;dw02;dw03;dw04;dw05;dw06;dw07;dw08,dw06,145,1,2026-08-27T13:14:35.190+0200,dw07,5783,234,1975,92,-9,1975,2.71,2147483
ground-height-0m-20260825-163632,d020m_r090_run01.csv,0,20,90,dw00;dw01;dw02;dw03;dw04;dw05;dw06;dw07;dw08,dw00;dw01;dw02;dw03;dw04;dw05;dw06;dw07;dw08,dw06,145,1,2026-08-27T13:14:35.209+0200,dw07,5783,144,1971,125,396,1931,2.95,2147483
ground-height-0m-20260825-163632,d020m_r090_run01.csv,0,20,90,dw00;dw01;dw02;dw03;dw04;dw05;dw06;dw07;dw08,dw00;dw01;dw02;dw03;dw04;dw05;dw06;dw07;dw08,dw06,165,1,2026-08-27T13:14:35.220+0200,dw08,028E,65,1972,97,55,1971,2.95,2147483
ground-height-0m-20260825-163632,d020m_r090_run01.csv,0,20,90,dw00;dw01;dw02;dw03;dw04;dw05;dw06;dw07;dw08,dw00;dw01;dw02;dw03;dw04;dw05;dw06;dw07;dw08,dw06,15,1,2026-08-27T13:14:35.230+0200,dw00,8103,141,1976,-155,1352,1441,3.78,2147483
ground-height-0m-20260825-163632,d020m_r090_run01.csv,0,20,90,dw00;dw01;dw02;dw03;dw04;dw05;dw06;dw07;dw08,dw00;dw01;dw02;dw03;dw04;dw05;dw06;dw07;dw08,dw06,105,1,2026-08-27T13:14:35.270+0200,dw05,4B92,133,1971,48,-536,1896,3.78,2147483
ground-height-0m-20260825-163632,d020m_r090_run01.csv,0,20,90,dw00;dw01;dw02;dw03;dw04;dw05;dw06;dw07;dw08,dw00;dw01;dw02;dw03;dw04;dw05;dw06;dw07;dw08,dw06,75,1,2026-08-27T13:14:35.310+0200,dw03,021B,85,1967,-47,-1700,990,3.15,12298
ground-height-0m-20260825-163632,d020m_r090_run01.csv,0,20,90,dw00;dw01;dw02;dw03;dw04;dw05;dw06;dw07;dw08,dw00;dw01;dw02;dw03;dw04;dw05;dw06;dw07;dw08,dw06,35,1,2026-08-27T13:14:35.340+0200,dw01,1729,58,1972,-146,1461,1325,3.45,42297
ground-height-0m-20260825-163632,d020m_r090_run01.csv,0,20,90,dw00;dw01;dw02;dw03;dw04;dw05;dw06;dw07;dw08,dw00;dw01;dw02;dw03;dw04;dw05;dw06;dw07;dw08,dw06,55,1,2026-08-27T13:14:35.349+0200,dw02,8FB0,181,1971,-96,1971,0,3.45,52337
ground-height-0m-20260825-163632,d020m_r090_run01.csv,0,20,90,dw00;dw01;dw02;dw03;dw04;dw05;dw06;dw07;dw08,dw00;dw01;dw02;dw03;dw04;dw05;dw06;dw07;dw08,dw06,90,1,2026-08-27T13:14:35.360+0200,dw04,0F85,181,1967,9,-1016,1685,3.90,62286
ground-height-0m-20260825-163632,d020m_r090_run01.csv,0,20,90,dw00;dw01;dw02;dw03;dw04;dw05;dw06;dw07;dw08,dw00;dw01;dw02;dw03;dw04;dw05;dw06;dw07;dw08,dw06,145,1,2026-08-27T13:14:35.389+0200,dw07,5783,235,1975,93,3,1975,2.65,2147483
ground-height-0m-20260825-163632,d020m_r090_run01.csv,0,20,90,dw00;dw01;dw02;dw03;dw04;dw05;dw06;dw07;dw08,dw00;dw01;dw02;dw03;dw04;dw05;dw06;dw07;dw08,dw06,165,1,2026-08-27T13:14:35.438+0200,dw08,028E,66,1968,-175,1109,1626,2.83,40679
ground-height-0m-20260825-163632,d020m_r090_run01.csv,0,20,90,dw00;dw01;dw02;dw03;dw04;dw05;dw06;dw07;dw08,dw00;dw01;dw02;dw03;dw04;dw05;dw06;dw07;dw08,dw06,15,1,2026-08-27T13:14:35.448+0200,dw00,8103,142,1975,-165,1233,1543,3.84,50537
ground-height-0m-20260825-163632,d020m_r090_run01.csv,0,20,90,dw00;dw01;dw02;dw03;dw04;dw05;dw06;dw07;dw08,dw00;dw01;dw02;dw03;dw04;dw05;dw06;dw07;dw08,dw06,105,1,2026-08-27T13:14:35.488+0200,dw05,4B92,134,1972,39,-643,1864,3.78,90576
ground-height-0m-20260825-163632,d020m_r090_run01.csv,0,20,90,dw00;dw01;dw02;dw03;dw04;dw05;dw06;dw07;dw08,dw00;dw01;dw02;dw03;dw04;dw05;dw06;dw07;dw08,dw06,75,1,2026-08-27T13:14:35.510+0200,dw03,021B,86,1966,-41,-1628,1101,3.09,12268
ground-height-0m-20260825-163632,d020m_r090_run01.csv,0,20,90,dw00;dw01;dw02;dw03;dw04;dw05;dw06;dw07;dw08,dw00;dw01;dw02;dw03;dw04;dw05;dw06;dw07;dw08,dw06,35,1,2026-08-27T13:14:35.540+0200,dw01,1729,59,1973,-41,-1634,1105,3.57,42327
ground-height-0m-20260825-163632,d020m_r090_run01.csv,0,20,90,dw00;dw01;dw02;dw03;dw04;dw05;dw06;dw07;dw08,dw00;dw01;dw02;dw03;dw04;dw05;dw06;dw07;dw08,dw06,55,1,2026-08-27T13:14:35.550+0200,dw02,8FB0,182,1971,-90,1971,0,3.45,52337
ground-height-0m-20260825-163632,d020m_r090_run01.csv,0,20,90,dw00;dw01;dw02;dw03;dw04;dw05;dw06;dw07;dw08,dw00;dw01;dw02;dw03;dw04;dw05;dw06;dw07;dw08,dw06,90,1,2026-08-27T13:14:35.559+0200,dw04,0F85,182,1967,-1,-1139,1604,4.02,62225
ground-height-0m-20260825-163632,d020m_r090_run01.csv,0,20,90,dw00;dw01;dw02;dw03;dw04;dw05;dw06;dw07;dw08,dw00;dw01;dw02;dw03;dw04;dw05;dw06;dw07;dw08,dw06,145,1,2026-08-27T13:14:35.590+0200,dw07,5783,236,1974,102,119,1970,2.65,2147483
ground-height-0m-20260825-163632,d020m_r090_run01.csv,0,20,90,dw00;dw01;dw02;dw03;dw04;dw05;dw06;dw07;dw08,dw00;dw01;dw02;dw03;dw04;dw05;dw06;dw07;dw08,dw06,165,1,2026-08-27T13:14:35.620+0200,dw08,028E,67,1971,136,527,1899,2.95,22247
ground-height-0m-20260825-163632,d020m_r090_run01.csv,0,20,90,dw00;dw01;dw02;dw03;dw04;dw05;dw06;dw07;dw08,dw00;dw01;dw02;dw03;dw04;dw05;dw06;dw07;dw08,dw06,15,1,2026-08-27T13:14:35.630+0200,dw00,8103,143,1973,-166,1221,1550,3.90,32257
ground-height-0m-20260825-163632,d020m_r090_run01.csv,0,20,90,dw00;dw01;dw02;dw03;dw04;dw05;dw06;dw07;dw08,dw00;dw01;dw02;dw03;dw04;dw05;dw06;dw07;dw08,dw06,105,1,2026-08-27T13:14:35.670+0200,dw05,4B92,135,1971,36,-689,1846,3.78,72296
ground-height-0m-20260825-163632,d020m_r090_run01.csv,0,20,90,dw00;dw01;dw02;dw03;dw04;dw05;dw06;dw07;dw08,dw00;dw01;dw02;dw03;dw04;dw05;dw06;dw07;dw08,dw06,145,1,2026-08-27T13:14:35.706+0200,dw07,5783,146,1971,126,409,1928,3.15,2147483
ground-height-0m-20260825-163632,d020m_r090_run01.csv,0,20,90,dw00;dw01;dw02;dw03;dw04;dw05;dw06;dw07;dw08,dw00;dw01;dw02;dw03;dw04;dw05;dw06;dw07;dw08,dw06,35,1,2026-08-27T13:14:35.740+0200,dw01,1729,60,1974,-141,1528,1249,3.51,2147483
ground-height-0m-20260825-163632,d020m_r090_run01.csv,0,20,90,dw00;dw01;dw02;dw03;dw04;dw05;dw06;dw07;dw08,dw00;dw01;dw02;dw03;dw04;dw05;dw06;dw07;dw08,dw06,55,1,2026-08-27T13:14:35.750+0200,dw02,8FB0,183,1974,-92,1974,0,3.45,2147483
ground-height-0m-20260825-163632,d020m_r090_run01.csv,0,20,90,dw00;dw01;dw02;dw03;dw04;dw05;dw06;dw07;dw08,dw00;dw01;dw02;dw03;dw04;dw05;dw06;dw07;dw08,dw06,90,1,2026-08-27T13:14:35.760+0200,dw04,0F85,183,1969,2,-1095,1636,4.02,2147483
ground-height-0m-20260825-163632,d020m_r090_run01.csv,0,20,90,dw00;dw01;dw02;dw03;dw04;dw05;dw06;dw07;dw08,dw00;dw01;dw02;dw03;dw04;dw05;dw06;dw07;dw08,dw06,145,1,2026-08-27T13:14:35.790+0200,dw07,5783,237,1973,81,-135,1968,2.77,2147483
ground-height-0m-20260825-163632,d020m_r090_run01.csv,0,20,90,dw00;dw01;dw02;dw03;dw04;dw05;dw06;dw07;dw08,dw00;dw01;dw02;dw03;dw04;dw05;dw06;dw07;dw08,dw06,165,1,2026-08-27T13:14:35.820+0200,dw08,028E,68,1973,167,906,1753,2.89,22216
ground-height-0m-20260825-163632,d020m_r090_run01.csv,0,20,90,dw00;dw01;dw02;dw03;dw04;dw05;dw06;dw07;dw08,dw00;dw01;dw02;dw03;dw04;dw05;dw06;dw07;dw08,dw06,15,1,2026-08-27T13:14:35.830+0200,dw00,8103,144,1975,-162,1266,1516,3.84,32257
ground-height-0m-20260825-163632,d020m_r090_run01.csv,0,20,90,dw00;dw01;dw02;dw03;dw04;dw05;dw06;dw07;dw08,dw00;dw01;dw02;dw03;dw04;dw05;dw06;dw07;dw08,dw06,105,1,2026-08-27T13:14:35.870+0200,dw05,4B92,136,1974,58,-413,1930,3.84,72296
ground-height-0m-20260825-163632,d020m_r090_run01.csv,0,20,90,dw00;dw01;dw02;dw03;dw04;dw05;dw06;dw07;dw08,dw00;dw01;dw02;dw03;dw04;dw05;dw06;dw07;dw08,dw06,75,1,2026-08-27T13:14:35.926+0200,dw03,021B,88,1964,-42,-1636,1087,3.21,27923
ground-height-0m-20260825-163632,d020m_r090_run01.csv,0,20,90,dw00;dw01;dw02;dw03;dw04;dw05;dw06;dw07;dw08,dw00;dw01;dw02;dw03;dw04;dw05;dw06;dw07;dw08,dw06,35,1,2026-08-27T13:14:35.959+0200,dw01,1729,61,1970,-150,1419,1366,3.57,60974
ground-height-0m-20260825-163632,d020m_r090_run01.csv,0,20,90,dw00;dw01;dw02;dw03;dw04;dw05;dw06;dw07;dw08,dw00;dw01;dw02;dw03;dw04;dw05;dw06;dw07;dw08,dw06,55,1,2026-08-27T13:14:35.969+0200,dw02,8FB0,184,1973,-85,-1973,0,3.45,71105
ground-height-0m-20260825-163632,d020m_r090_run01.csv,0,20,90,dw00;dw01;dw02;dw03;dw04;dw05;dw06;dw07;dw08,dw00;dw01;dw02;dw03;dw04;dw05;dw06;dw07;dw08,dw06,90,1,2026-08-27T13:14:35.978+0200,dw04,0F85,184,1967,5,-1063,1655,4.02,80535
ground-height-0m-20260825-163632,d020m_r090_run01.csv,0,20,90,dw00;dw01;dw02;dw03;dw04;dw05;dw06;dw07;dw08,dw00;dw01;dw02;dw03;dw04;dw05;dw06;dw07;dw08,dw06,145,1,2026-08-27T13:14:35.990+0200,dw07,5783,147,1974,122,356,1941,3.01,2147483
ground-height-0m-20260825-163632,d020m_r090_run01.csv,0,20,90,dw00;dw01;dw02;dw03;dw04;dw05;dw06;dw07;dw08,dw00;dw01;dw02;dw03;dw04;dw05;dw06;dw07;dw08,dw06,145,1,2026-08-27T13:14:36.008+0200,dw07,5783,238,1974,94,22,1974,2.77,2147483
ground-height-0m-20260825-163632,d020m_r090_run01.csv,0,20,90,dw00;dw01;dw02;dw03;dw04;dw05;dw06;dw07;dw08,dw00;dw01;dw02;dw03;dw04;dw05;dw06;dw07;dw08,dw06,165,1,2026-08-27T13:14:36.019+0200,dw08,028E,69,1972,170,940,1733,2.95,2147483
ground-height-0m-20260825-163632,d020m_r090_run01.csv,0,20,90,dw00;dw01;dw02;dw03;dw04;dw05;dw06;dw07;dw08,dw00;dw01;dw02;dw03;dw04;dw05;dw06;dw07;dw08,dw06,15,1,2026-08-27T13:14:36.030+0200,dw00,8103,145,1975,-154,1364,1428,3.90,2147483
ground-height-0m-20260825-163632,d020m_r090_run01.csv,0,20,90,dw00;dw01;dw02;dw03;dw04;dw05;dw06;dw07;dw08,dw00;dw01;dw02;dw03;dw04;dw05;dw06;dw07;dw08,dw06,105,1,2026-08-27T13:14:36.070+0200,dw05,4B92,137,1975,45,-582,1888,3.78,2147483
ground-height-0m-20260825-163632,d020m_r090_run01.csv,0,20,90,dw00;dw01;dw02;dw03;dw04;dw05;dw06;dw07;dw08,dw00;dw01;dw02;dw03;dw04;dw05;dw06;dw07;dw08,dw06,75,1,2026-08-27T13:14:36.110+0200,dw03,021B,89,1963,-38,-1593,1147,3.15,12329
ground-height-0m-20260825-163632,d020m_r090_run01.csv,0,20,90,dw00;dw01;dw02;dw03;dw04;dw05;dw06;dw07;dw08,dw00;dw01;dw02;dw03;dw04;dw05;dw06;dw07;dw08,dw06,35,1,2026-08-27T13:14:36.139+0200,dw01,1729,62,1974,-147,1453,1336,3.63,42358
ground-height-0m-20260825-163632,d020m_r090_run01.csv,0,20,90,dw00;dw01;dw02;dw03;dw04;dw05;dw06;dw07;dw08,dw00;dw01;dw02;dw03;dw04;dw05;dw06;dw07;dw08,dw06,55,1,2026-08-27T13:14:36.149+0200,dw02,8FB0,185,1971,-94,1971,0,3.45,52337
ground-height-0m-20260825-163632,d020m_r090_run01.csv,0,20,90,dw00;dw01;dw02;dw03;dw04;dw05;dw06;dw07;dw08,dw00;dw01;dw02;dw03;dw04;dw05;dw06;dw07;dw08,dw06,90,1,2026-08-27T13:14:36.160+0200,dw04,0F85,185,1966,4,-1067,1651,3.96,62255
ground-height-0m-20260825-163632,d020m_r090_run01.csv,0,20,90,dw00;dw01;dw02;dw03;dw04;dw05;dw06;dw07;dw08,dw00;dw01;dw02;dw03;dw04;dw05;dw06;dw07;dw08,dw06,145,1,2026-08-27T13:14:36.189+0200,dw07,5783,148,1971,118,312,1946,2.95,2147483
ground-height-0m-20260825-163632,d020m_r090_run01.csv,0,20,90,dw00;dw01;dw02;dw03;dw04;dw05;dw06;dw07;dw08,dw00;dw01;dw02;dw03;dw04;dw05;dw06;dw07;dw08,dw06,165,1,2026-08-27T13:14:36.238+0200,dw08,028E,70,1972,120,328,1944,2.95,40618
ground-height-0m-20260825-163632,d020m_r090_run01.csv,0,20,90,dw00;dw01;dw02;dw03;dw04;dw05;dw06;dw07;dw08,dw00;dw01;dw02;dw03;dw04;dw05;dw06;dw07;dw08,dw06,15,1,2026-08-27T13:14:36.248+0200,dw00,8103,146,1973,-156,1345,1443,4.02,50567
ground-height-0m-20260825-163632,d020m_r090_run01.csv,0,20,90,dw00;dw01;dw02;dw03;dw04;dw05;dw06;dw07;dw08,dw00;dw01;dw02;dw03;dw04;dw05;dw06;dw07;dw08,dw06,105,1,2026-08-27T13:14:36.288+0200,dw05,4B92,138,1971,47,-546,1894,3.78,90576
ground-height-0m-20260825-163632,d020m_r090_run01.csv,0,20,90,dw00;dw01;dw02;dw03;dw04;dw05;dw06;dw07;dw08,dw00;dw01;dw02;dw03;dw04;dw05;dw06;dw07;dw08,dw06,75,1,2026-08-27T13:14:36.309+0200,dw03,021B,90,1964,-43,-1649,1067,3.01,12237
ground-height-0m-20260825-163632,d020m_r090_run01.csv,0,20,90,dw00;dw01;dw02;dw03;dw04;dw05;dw06;dw07;dw08,dw00;dw01;dw02;dw03;dw04;dw05;dw06;dw07;dw08,dw06,35,1,2026-08-27T13:14:36.340+0200,dw01,1729,63,1973,-132,1634,1105,3.45,42297
ground-height-0m-20260825-163632,d020m_r090_run01.csv,0,20,90,dw00;dw01;dw02;dw03;dw04;dw05;dw06;dw07;dw08,dw00;dw01;dw02;dw03;dw04;dw05;dw06;dw07;dw08,dw06,55,1,2026-08-27T13:14:36.349+0200,dw02,8FB0,186,1971,-96,1971,0,3.57,52307
ground-height-0m-20260825-163632,d020m_r090_run01.csv,0,20,90,dw00;dw01;dw02;dw03;dw04;dw05;dw06;dw07;dw08,dw00;dw01;dw02;dw03;dw04;dw05;dw06;dw07;dw08,dw06,90,1,2026-08-27T13:14:36.359+0200,dw04,0F85,186,1966,7,-1029,1676,3.96,62225
ground-height-0m-20260825-163632,d020m_r090_run01.csv,0,20,90,dw00;dw01;dw02;dw03;dw04;dw05;dw06;dw07;dw08,dw00;dw01;dw02;dw03;dw04;dw05;dw06;dw07;dw08,dw06,145,1,2026-08-27T13:14:36.389+0200,dw07,5783,149,1970,133,489,1908,2.83,2147483
ground-height-0m-20260825-163632,d020m_r090_run01.csv,0,20,90,dw00;dw01;dw02;dw03;dw04;dw05;dw06;dw07;dw08,dw00;dw01;dw02;dw03;dw04;dw05;dw06;dw07;dw08,dw06,165,1,2026-08-27T13:14:36.420+0200,dw08,028E,71,1967,133,496,1904,2.95,22277
ground-height-0m-20260825-163632,d020m_r090_run01.csv,0,20,90,dw00;dw01;dw02;dw03;dw04;dw05;dw06;dw07;dw08,dw00;dw01;dw02;dw03;dw04;dw05;dw06;dw07;dw08,dw06,15,1,2026-08-27T13:14:36.429+0200,dw00,8103,147,1974,-155,1351,1438,3.84,32257
ground-height-0m-20260825-163632,d020m_r090_run01.csv,0,20,90,dw00;dw01;dw02;dw03;dw04;dw05;dw06;dw07;dw08,dw00;dw01;dw02;dw03;dw04;dw05;dw06;dw07;dw08,dw06,105,1,2026-08-27T13:14:36.469+0200,dw05,4B92,139,1970,42,-612,1873,3.72,72326
ground-height-0m-20260825-163632,d020m_r090_run01.csv,0,20,90,dw00;dw01;dw02;dw03;dw04;dw05;dw06;dw07;dw08,dw00;dw01;dw02;dw03;dw04;dw05;dw06;dw07;dw08,dw06,145,1,2026-08-27T13:14:36.506+0200,dw07,5783,240,1974,107,173,1966,3.06,2147483
ground-height-0m-20260825-163632,d020m_r090_run01.csv,0,20,90,dw00;dw01;dw02;dw03;dw04;dw05;dw06;dw07;dw08,dw00;dw01;dw02;dw03;dw04;dw05;dw06;dw07;dw08,dw06,35,1,2026-08-27T13:14:36.540+0200,dw01,1729,64,1976,-132,1640,1103,3.45,2147483
ground-height-0m-20260825-163632,d020m_r090_run01.csv,0,20,90,dw00;dw01;dw02;dw03;dw04;dw05;dw06;dw07;dw08,dw00;dw01;dw02;dw03;dw04;dw05;dw06;dw07;dw08,dw06,55,1,2026-08-27T13:14:36.549+0200,dw02,8FB0,187,1973,-87,1972,0,3.39,2147483
ground-height-0m-20260825-163632,d020m_r090_run01.csv,0,20,90,dw00;dw01;dw02;dw03;dw04;dw05;dw06;dw07;dw08,dw00;dw01;dw02;dw03;dw04;dw05;dw06;dw07;dw08,dw06,90,1,2026-08-27T13:14:36.559+0200,dw04,0F85,187,1964,5,-1059,1653,4.02,2147483
ground-height-0m-20260825-163632,d020m_r090_run01.csv,0,20,90,dw00;dw01;dw02;dw03;dw04;dw05;dw06;dw07;dw08,dw00;dw01;dw02;dw03;dw04;dw05;dw06;dw07;dw08,dw06,145,1,2026-08-27T13:14:36.590+0200,dw07,5783,150,1970,143,609,1874,2.89,2147483
ground-height-0m-20260825-163632,d020m_r090_run01.csv,0,20,90,dw00;dw01;dw02;dw03;dw04;dw05;dw06;dw07;dw08,dw00;dw01;dw02;dw03;dw04;dw05;dw06;dw07;dw08,dw06,165,1,2026-08-27T13:14:36.620+0200,dw08,028E,72,1973,128,432,1925,3.01,22247
ground-height-0m-20260825-163632,d020m_r090_run01.csv,0,20,90,dw00;dw01;dw02;dw03;dw04;dw05;dw06;dw07;dw08,dw00;dw01;dw02;dw03;dw04;dw05;dw06;dw07;dw08,dw06,15,1,2026-08-27T13:14:36.630+0200,dw00,8103,148,1974,-154,1366,1425,3.78,32257
ground-height-0m-20260825-163632,d020m_r090_run01.csv,0,20,90,dw00;dw01;dw02;dw03;dw04;dw05;dw06;dw07;dw08,dw00;dw01;dw02;dw03;dw04;dw05;dw06;dw07;dw08,dw06,105,1,2026-08-27T13:14:36.670+0200,dw05,4B92,140,1973,46,-558,1892,3.78,72326
ground-height-0m-20260825-163632,d020m_r090_run01.csv,0,20,90,dw00;dw01;dw02;dw03;dw04;dw05;dw06;dw07;dw08,dw00;dw01;dw02;dw03;dw04;dw05;dw06;dw07;dw08,dw06,75,1,2026-08-27T13:14:36.725+0200,dw03,021B,92,1964,-39,-1606,1130,3.33,27954
ground-height-0m-20260825-163632,d020m_r090_run01.csv,0,20,90,dw00;dw01;dw02;dw03;dw04;dw05;dw06;dw07;dw08,dw00;dw01;dw02;dw03;dw04;dw05;dw06;dw07;dw08,dw06,35,1,2026-08-27T13:14:36.758+0200,dw01,1729,65,1975,-143,1496,1289,3.45,60974
ground-height-0m-20260825-163632,d020m_r090_run01.csv,0,20,90,dw00;dw01;dw02;dw03;dw04;dw05;dw06;dw07;dw08,dw00;dw01;dw02;dw03;dw04;dw05;dw06;dw07;dw08,dw06,55,1,2026-08-27T13:14:36.768+0200,dw02,8FB0,188,1972,-97,1972,0,3.39,71044
ground-height-0m-20260825-163632,d020m_r090_run01.csv,0,20,90,dw00;dw01;dw02;dw03;dw04;dw05;dw06;dw07;dw08,dw00;dw01;dw02;dw03;dw04;dw05;dw06;dw07;dw08,dw06,90,1,2026-08-27T13:14:36.778+0200,dw04,0F85,188,1965,4,-1068,1649,3.96,80566
ground-height-0m-20260825-163632,d020m_r090_run01.csv,0,20,90,dw00;dw01;dw02;dw03;dw04;dw05;dw06;dw07;dw08,dw00;dw01;dw02;dw03;dw04;dw05;dw06;dw07;dw08,dw06,145,1,2026-08-27T13:14:36.790+0200,dw07,5783,241,1973,95,32,1973,2.83,2147483
ground-height-0m-20260825-163632,d020m_r090_run01.csv,0,20,90,dw00;dw01;dw02;dw03;dw04;dw05;dw06;dw07;dw08,dw00;dw01;dw02;dw03;dw04;dw05;dw06;dw07;dw08,dw06,145,1,2026-08-27T13:14:36.808+0200,dw07,5783,151,1967,127,418,1922,2.95,2147483
ground-height-0m-20260825-163632,d020m_r090_run01.csv,0,20,90,dw00;dw01;dw02;dw03;dw04;dw05;dw06;dw07;dw08,dw00;dw01;dw02;dw03;dw04;dw05;dw06;dw07;dw08,dw06,165,1,2026-08-27T13:14:36.819+0200,dw08,028E,73,1972,105,148,1967,2.95,2147483
ground-height-0m-20260825-163632,d020m_r090_run01.csv,0,20,90,dw00;dw01;dw02;dw03;dw04;dw05;dw06;dw07;dw08,dw00;dw01;dw02;dw03;dw04;dw05;dw06;dw07;dw08,dw06,15,1,2026-08-27T13:14:36.830+0200,dw00,8103,149,1978,-163,1259,1525,3.90,2147483
ground-height-0m-20260825-163632,d020m_r090_run01.csv,0,20,90,dw00;dw01;dw02;dw03;dw04;dw05;dw06;dw07;dw08,dw00;dw01;dw02;dw03;dw04;dw05;dw06;dw07;dw08,dw06,105,1,2026-08-27T13:14:36.870+0200,dw05,4B92,141,1971,52,-491,1909,3.78,2147483
ground-height-0m-20260825-163632,d020m_r090_run01.csv,0,20,90,dw00;dw01;dw02;dw03;dw04;dw05;dw06;dw07;dw08,dw00;dw01;dw02;dw03;dw04;dw05;dw06;dw07;dw08,dw06,75,1,2026-08-27T13:14:36.910+0200,dw03,021B,93,1961,-42,-1630,1090,3.06,12298
ground-height-0m-20260825-163632,d020m_r090_run01.csv,0,20,90,dw00;dw01;dw02;dw03;dw04;dw05;dw06;dw07;dw08,dw00;dw01;dw02;dw03;dw04;dw05;dw06;dw07;dw08,dw06,35,1,2026-08-27T13:14:36.939+0200,dw01,1729,66,1973,-64,-1912,486,3.51,42327
ground-height-0m-20260825-163632,d020m_r090_run01.csv,0,20,90,dw00;dw01;dw02;dw03;dw04;dw05;dw06;dw07;dw08,dw00;dw01;dw02;dw03;dw04;dw05;dw06;dw07;dw08,dw06,55,1,2026-08-27T13:14:36.949+0200,dw02,8FB0,189,1971,-98,1971,0,3.57,52337
ground-height-0m-20260825-163632,d020m_r090_run01.csv,0,20,90,dw00;dw01;dw02;dw03;dw04;dw05;dw06;dw07;dw08,dw00;dw01;dw02;dw03;dw04;dw05;dw06;dw07;dw08,dw06,90,1,2026-08-27T13:14:36.960+0200,dw04,0F85,189,1965,6,-1047,1662,3.90,62286
ground-height-0m-20260825-163632,d020m_r090_run01.csv,0,20,90,dw00;dw01;dw02;dw03;dw04;dw05;dw06;dw07;dw08,dw00;dw01;dw02;dw03;dw04;dw05;dw06;dw07;dw08,dw06,145,1,2026-08-27T13:14:36.989+0200,dw07,5783,242,1974,96,46,1973,2.65,2147483
ground-height-0m-20260825-163632,d020m_r090_run01.csv,0,20,90,dw00;dw01;dw02;dw03;dw04;dw05;dw06;dw07;dw08,dw00;dw01;dw02;dw03;dw04;dw05;dw06;dw07;dw08,dw06,165,1,2026-08-27T13:14:37.038+0200,dw08,028E,74,1972,149,687,1848,2.95,40557
ground-height-0m-20260825-163632,d020m_r090_run01.csv,0,20,90,dw00;dw01;dw02;dw03;dw04;dw05;dw06;dw07;dw08,dw00;dw01;dw02;dw03;dw04;dw05;dw06;dw07;dw08,dw06,15,1,2026-08-27T13:14:37.048+0200,dw00,8103,150,1976,-153,1385,1409,3.78,50628
ground-height-0m-20260825-163632,d020m_r090_run01.csv,0,20,90,dw00;dw01;dw02;dw03;dw04;dw05;dw06;dw07;dw08,dw00;dw01;dw02;dw03;dw04;dw05;dw06;dw07;dw08,dw06,105,1,2026-08-27T13:14:37.088+0200,dw05,4B92,142,1972,40,-637,1866,3.78,90606
ground-height-0m-20260825-163632,d020m_r090_run01.csv,0,20,90,dw00;dw01;dw02;dw03;dw04;dw05;dw06;dw07;dw08,dw00;dw01;dw02;dw03;dw04;dw05;dw06;dw07;dw08,dw06,75,1,2026-08-27T13:14:37.109+0200,dw03,021B,94,1965,-52,-1759,875,3.06,12268
ground-height-0m-20260825-163632,d020m_r090_run01.csv,0,20,90,dw00;dw01;dw02;dw03;dw04;dw05;dw06;dw07;dw08,dw00;dw01;dw02;dw03;dw04;dw05;dw06;dw07;dw08,dw06,35,1,2026-08-27T13:14:37.139+0200,dw01,1729,67,1973,-140,1542,1230,3.51,42297
ground-height-0m-20260825-163632,d020m_r090_run01.csv,0,20,90,dw00;dw01;dw02;dw03;dw04;dw05;dw06;dw07;dw08,dw00;dw01;dw02;dw03;dw04;dw05;dw06;dw07;dw08,dw06,55,1,2026-08-27T13:14:37.149+0200,dw02,8FB0,190,1974,-96,1973,0,3.51,52307
ground-height-0m-20260825-163632,d020m_r090_run01.csv,0,20,90,dw00;dw01;dw02;dw03;dw04;dw05;dw06;dw07;dw08,dw00;dw01;dw02;dw03;dw04;dw05;dw06;dw07;dw08,dw06,90,1,2026-08-27T13:14:37.159+0200,dw04,0F85,190,1965,0,-1126,1610,4.02,62225
ground-height-0m-20260825-163632,d020m_r090_run01.csv,0,20,90,dw00;dw01;dw02;dw03;dw04;dw05;dw06;dw07;dw08,dw00;dw01;dw02;dw03;dw04;dw05;dw06;dw07;dw08,dw06,145,1,2026-08-27T13:14:37.189+0200,dw07,5783,243,1974,87,-67,1972,2.83,2147483
ground-height-0m-20260825-163632,d020m_r090_run01.csv,0,20,90,dw00;dw01;dw02;dw03;dw04;dw05;dw06;dw07;dw08,dw00;dw01;dw02;dw03;dw04;dw05;dw06;dw07;dw08,dw06,165,1,2026-08-27T13:14:37.219+0200,dw08,028E,75,1971,173,975,1713,2.83,22277
ground-height-0m-20260825-163632,d020m_r090_run01.csv,0,20,90,dw00;dw01;dw02;dw03;dw04;dw05;dw06;dw07;dw08,dw00;dw01;dw02;dw03;dw04;dw05;dw06;dw07;dw08,dw06,15,1,2026-08-27T13:14:37.229+0200,dw00,8103,151,1976,-168,1195,1574,3.84,32257
ground-height-0m-20260825-163632,d020m_r090_run01.csv,0,20,90,dw00;dw01;dw02;dw03;dw04;dw05;dw06;dw07;dw08,dw00;dw01;dw02;dw03;dw04;dw05;dw06;dw07;dw08,dw06,105,1,2026-08-27T13:14:37.269+0200,dw05,4B92,143,1974,52,-486,1913,3.78,72326
ground-height-0m-20260825-163632,d020m_r090_run01.csv,0,20,90,dw00;dw01;dw02;dw03;dw04;dw05;dw06;dw07;dw08,dw00;dw01;dw02;dw03;dw04;dw05;dw06;dw07;dw08,dw06,145,1,2026-08-27T13:14:37.305+0200,dw07,5783,153,1975,132,477,1916,3.06,2147483
ground-height-0m-20260825-163632,d020m_r090_run01.csv,0,20,90,dw00;dw01;dw02;dw03;dw04;dw05;dw06;dw07;dw08,dw00;dw01;dw02;dw03;dw04;dw05;dw06;dw07;dw08,dw06,35,1,2026-08-27T13:14:37.339+0200,dw01,1729,68,1975,-83,-1975,0,3.57,2147483
ground-height-0m-20260825-163632,d020m_r090_run01.csv,0,20,90,dw00;dw01;dw02;dw03;dw04;dw05;dw06;dw07;dw08,dw00;dw01;dw02;dw03;dw04;dw05;dw06;dw07;dw08,dw06,55,1,2026-08-27T13:14:37.349+0200,dw02,8FB0,191,1974,-92,1974,0,3.39,2147483
ground-height-0m-20260825-163632,d020m_r090_run01.csv,0,20,90,dw00;dw01;dw02;dw03;dw04;dw05;dw06;dw07;dw08,dw00;dw01;dw02;dw03;dw04;dw05;dw06;dw07;dw08,dw06,90,1,2026-08-27T13:14:37.359+0200,dw04,0F85,191,1965,4,-1066,1650,3.90,2147483
ground-height-0m-20260825-163632,d020m_r090_run01.csv,0,20,90,dw00;dw01;dw02;dw03;dw04;dw05;dw06;dw07;dw08,dw00;dw01;dw02;dw03;dw04;dw05;dw06;dw07;dw08,dw06,145,1,2026-08-27T13:14:37.389+0200,dw07,5783,244,1975,96,41,1975,2.71,2147483
ground-height-0m-20260825-163632,d020m_r090_run01.csv,0,20,90,dw00;dw01;dw02;dw03;dw04;dw05;dw06;dw07;dw08,dw00;dw01;dw02;dw03;dw04;dw05;dw06;dw07;dw08,dw06,165,1,2026-08-27T13:14:37.420+0200,dw08,028E,76,1974,89,-47,1973,2.89,22277
ground-height-0m-20260825-163632,d020m_r090_run01.csv,0,20,90,dw00;dw01;dw02;dw03;dw04;dw05;dw06;dw07;dw08,dw00;dw01;dw02;dw03;dw04;dw05;dw06;dw07;dw08,dw06,15,1,2026-08-27T13:14:37.429+0200,dw00,8103,152,1977,-170,1172,1592,3.90,32226
ground-height-0m-20260825-163632,d020m_r090_run01.csv,0,20,90,dw00;dw01;dw02;dw03;dw04;dw05;dw06;dw07;dw08,dw00;dw01;dw02;dw03;dw04;dw05;dw06;dw07;dw08,dw06,105,1,2026-08-27T13:14:37.469+0200,dw05,4B92,144,1975,46,-562,1893,3.78,72296
ground-height-0m-20260825-163632,d020m_r090_run01.csv,0,20,90,dw00;dw01;dw02;dw03;dw04;dw05;dw06;dw07;dw08,dw00;dw01;dw02;dw03;dw04;dw05;dw06;dw07;dw08,dw06,75,1,2026-08-27T13:14:37.525+0200,dw03,021B,96,1965,-40,-1612,1123,3.39,27923
ground-height-0m-20260825-163632,d020m_r090_run01.csv,0,20,90,dw00;dw01;dw02;dw03;dw04;dw05;dw06;dw07;dw08,dw00;dw01;dw02;dw03;dw04;dw05;dw06;dw07;dw08,dw06,35,1,2026-08-27T13:14:37.558+0200,dw01,1729,69,1972,-128,1676,1039,3.45,60974
ground-height-0m-20260825-163632,d020m_r090_run01.csv,0,20,90,dw00;dw01;dw02;dw03;dw04;dw05;dw06;dw07;dw08,dw00;dw01;dw02;dw03;dw04;dw05;dw06;dw07;dw08,dw06,55,1,2026-08-27T13:14:37.568+0200,dw02,8FB0,192,1970,-82,-1970,0,3.39,71014
ground-height-0m-20260825-163632,d020m_r090_run01.csv,0,20,90,dw00;dw01;dw02;dw03;dw04;dw05;dw06;dw07;dw08,dw00;dw01;dw02;dw03;dw04;dw05;dw06;dw07;dw08,dw06,90,1,2026-08-27T13:14:37.578+0200,dw04,0F85,192,1965,0,-1120,1614,4.02,80566
ground-height-0m-20260825-163632,d020m_r090_run01.csv,0,20,90,dw00;dw01;dw02;dw03;dw04;dw05;dw06;dw07;dw08,dw00;dw01;dw02;dw03;dw04;dw05;dw06;dw07;dw08,dw06,145,1,2026-08-27T13:14:37.589+0200,dw07,5783,154,1972,128,432,1924,2.89,2147483
ground-height-0m-20260825-163632,d020m_r090_run01.csv,0,20,90,dw00;dw01;dw02;dw03;dw04;dw05;dw06;dw07;dw08,dw00;dw01;dw02;dw03;dw04;dw05;dw06;dw07;dw08,dw06,145,1,2026-08-27T13:14:37.607+0200,dw07,5783,245,1971,93,6,1971,2.83,2147483
ground-height-0m-20260825-163632,d020m_r090_run01.csv,0,20,90,dw00;dw01;dw02;dw03;dw04;dw05;dw06;dw07;dw08,dw00;dw01;dw02;dw03;dw04;dw05;dw06;dw07;dw08,dw06,165,1,2026-08-27T13:14:37.619+0200,dw08,028E,77,1972,157,783,1810,2.83,2147483
ground-height-0m-20260825-163632,d020m_r090_run01.csv,0,20,90,dw00;dw01;dw02;dw03;dw04;dw05;dw06;dw07;dw08,dw00;dw01;dw02;dw03;dw04;dw05;dw06;dw07;dw08,dw06,15,1,2026-08-27T13:14:37.630+0200,dw00,8103,153,1976,-159,1307,1481,3.90,2147483
ground-height-0m-20260825-163632,d020m_r090_run01.csv,0,20,90,dw00;dw01;dw02;dw03;dw04;dw05;dw06;dw07;dw08,dw00;dw01;dw02;dw03;dw04;dw05;dw06;dw07;dw08,dw06,105,1,2026-08-27T13:14:37.670+0200,dw05,4B92,145,1974,42,-614,1876,3.72,2147483
ground-height-0m-20260825-163632,d020m_r090_run01.csv,0,20,90,dw00;dw01;dw02;dw03;dw04;dw05;dw06;dw07;dw08,dw00;dw01;dw02;dw03;dw04;dw05;dw06;dw07;dw08,dw06,75,1,2026-08-27T13:14:37.710+0200,dw03,021B,97,1962,-40,-1612,1118,3.15,12298
ground-height-0m-20260825-163632,d020m_r090_run01.csv,0,20,90,dw00;dw01;dw02;dw03;dw04;dw05;dw06;dw07;dw08,dw00;dw01;dw02;dw03;dw04;dw05;dw06;dw07;dw08,dw06,35,1,2026-08-27T13:14:37.739+0200,dw01,1729,70,1974,-135,1604,1150,3.51,42358
ground-height-0m-20260825-163632,d020m_r090_run01.csv,0,20,90,dw00;dw01;dw02;dw03;dw04;dw05;dw06;dw07;dw08,dw00;dw01;dw02;dw03;dw04;dw05;dw06;dw07;dw08,dw06,55,1,2026-08-27T13:14:37.750+0200,dw02,8FB0,193,1974,-108,1930,414,3.39,52337
ground-height-0m-20260825-163632,d020m_r090_run01.csv,0,20,90,dw00;dw01;dw02;dw03;dw04;dw05;dw06;dw07;dw08,dw00;dw01;dw02;dw03;dw04;dw05;dw06;dw07;dw08,dw06,90,1,2026-08-27T13:14:37.759+0200,dw04,0F85,193,1968,0,-1127,1614,3.90,62286
ground-height-0m-20260825-163632,d020m_r090_run01.csv,0,20,90,dw00;dw01;dw02;dw03;dw04;dw05;dw06;dw07;dw08,dw00;dw01;dw02;dw03;dw04;dw05;dw06;dw07;dw08,dw06,145,1,2026-08-27T13:14:37.789+0200,dw07,5783,155,1971,113,253,1955,2.95,2147483
ground-height-0m-20260825-163632,d020m_r090_run01.csv,0,20,90,dw00;dw01;dw02;dw03;dw04;dw05;dw06;dw07;dw08,dw00;dw01;dw02;dw03;dw04;dw05;dw06;dw07;dw08,dw06,165,1,2026-08-27T13:14:37.837+0200,dw08,028E,78,1966,114,260,1949,2.77,40588
ground-height-0m-20260825-163632,d020m_r090_run01.csv,0,20,90,dw00;dw01;dw02;dw03;dw04;dw05;dw06;dw07;dw08,dw00;dw01;dw02;dw03;dw04;dw05;dw06;dw07;dw08,dw06,15,1,2026-08-27T13:14:37.847+0200,dw00,8103,154,1976,-162,1270,1514,3.90,50628
ground-height-0m-20260825-163632,d020m_r090_run01.csv,0,20,90,dw00;dw01;dw02;dw03;dw04;dw05;dw06;dw07;dw08,dw00;dw01;dw02;dw03;dw04;dw05;dw06;dw07;dw08,dw06,105,1,2026-08-27T13:14:37.887+0200,dw05,4B92,146,1975,42,-613,1878,3.78,90576
ground-height-0m-20260825-163632,d020m_r090_run01.csv,0,20,90,dw00;dw01;dw02;dw03;dw04;dw05;dw06;dw07;dw08,dw00;dw01;dw02;dw03;dw04;dw05;dw06;dw07;dw08,dw06,75,1,2026-08-27T13:14:37.909+0200,dw03,021B,98,1963,-38,-1590,1152,3.15,12268
ground-height-0m-20260825-163632,d020m_r090_run01.csv,0,20,90,dw00;dw01;dw02;dw03;dw04;dw05;dw06;dw07;dw08,dw00;dw01;dw02;dw03;dw04;dw05;dw06;dw07;dw08,dw06,35,1,2026-08-27T13:14:37.939+0200,dw01,1729,71,1971,-86,-1971,0,3.57,42297
ground-height-0m-20260825-163632,d020m_r090_run01.csv,0,20,90,dw00;dw01;dw02;dw03;dw04;dw05;dw06;dw07;dw08,dw00;dw01;dw02;dw03;dw04;dw05;dw06;dw07;dw08,dw06,55,1,2026-08-27T13:14:37.949+0200,dw02,8FB0,194,1975,-93,1975,0,3.45,52337
ground-height-0m-20260825-163632,d020m_r090_run01.csv,0,20,90,dw00;dw01;dw02;dw03;dw04;dw05;dw06;dw07;dw08,dw00;dw01;dw02;dw03;dw04;dw05;dw06;dw07;dw08,dw06,90,1,2026-08-27T13:14:37.959+0200,dw04,0F85,194,1964,2,-1092,1633,4.02,62225
ground-height-0m-20260825-163632,d020m_r090_run01.csv,0,20,90,dw00;dw01;dw02;dw03;dw04;dw05;dw06;dw07;dw08,dw00;dw01;dw02;dw03;dw04;dw05;dw06;dw07;dw08,dw06,145,1,2026-08-27T13:14:37.989+0200,dw07,5783,156,1972,134,509,1905,2.95,2147483
ground-height-0m-20260825-163632,d020m_r090_run01.csv,0,20,90,dw00;dw01;dw02;dw03;dw04;dw05;dw06;dw07;dw08,dw00;dw01;dw02;dw03;dw04;dw05;dw06;dw07;dw08,dw06,165,1,2026-08-27T13:14:38.019+0200,dw08,028E,79,1976,65,-330,1948,2.95,22277
ground-height-0m-20260825-163632,d020m_r090_run01.csv,0,20,90,dw00;dw01;dw02;dw03;dw04;dw05;dw06;dw07;dw08,dw00;dw01;dw02;dw03;dw04;dw05;dw06;dw07;dw08,dw06,15,1,2026-08-27T13:14:38.029+0200,dw00,8103,155,1974,-166,1219,1553,3.90,32287
ground-height-0m-20260825-163632,d020m_r090_run01.csv,0,20,90,dw00;dw01;dw02;dw03;dw04;dw05;dw06;dw07;dw08,dw00;dw01;dw02;dw03;dw04;dw05;dw06;dw07;dw08,dw06,105,1,2026-08-27T13:14:38.069+0200,dw05,4B92,147,1969,37,-670,1852,3.78,72326
ground-height-0m-20260825-163632,d020m_r090_run01.csv,0,20,90,dw00;dw01;dw02;dw03;dw04;dw05;dw06;dw07;dw08,dw00;dw01;dw02;dw03;dw04;dw05;dw06;dw07;dw08,dw06,145,1,2026-08-27T13:14:38.105+0200,dw07,5783,247,1976,95,36,1976,2.95,2147483
ground-height-0m-20260825-163632,d020m_r090_run01.csv,0,20,90,dw00;dw01;dw02;dw03;dw04;dw05;dw06;dw07;dw08,dw00;dw01;dw02;dw03;dw04;dw05;dw06;dw07;dw08,dw06,35,1,2026-08-27T13:14:38.139+0200,dw01,1729,72,1973,-117,1817,769,3.63,2147483
ground-height-0m-20260825-163632,d020m_r090_run01.csv,0,20,90,dw00;dw01;dw02;dw03;dw04;dw05;dw06;dw07;dw08,dw00;dw01;dw02;dw03;dw04;dw05;dw06;dw07;dw08,dw06,55,1,2026-08-27T13:14:38.149+0200,dw02,8FB0,195,1972,-104,1972,0,3.45,2147483
ground-height-0m-20260825-163632,d020m_r090_run01.csv,0,20,90,dw00;dw01;dw02;dw03;dw04;dw05;dw06;dw07;dw08,dw00;dw01;dw02;dw03;dw04;dw05;dw06;dw07;dw08,dw06,90,1,2026-08-27T13:14:38.159+0200,dw04,0F85,195,1965,0,-1120,1615,3.96,2147483
ground-height-0m-20260825-163632,d020m_r090_run01.csv,0,20,90,dw00;dw01;dw02;dw03;dw04;dw05;dw06;dw07;dw08,dw00;dw01;dw02;dw03;dw04;dw05;dw06;dw07;dw08,dw06,145,1,2026-08-27T13:14:38.189+0200,dw07,5783,157,1973,121,348,1942,2.95,2147483
ground-height-0m-20260825-163632,d020m_r090_run01.csv,0,20,90,dw00;dw01;dw02;dw03;dw04;dw05;dw06;dw07;dw08,dw00;dw01;dw02;dw03;dw04;dw05;dw06;dw07;dw08,dw06,165,1,2026-08-27T13:14:38.220+0200,dw08,028E,80,1970,110,209,1959,2.89,22247
ground-height-0m-20260825-163632,d020m_r090_run01.csv,0,20,90,dw00;dw01;dw02;dw03;dw04;dw05;dw06;dw07;dw08,dw00;dw01;dw02;dw03;dw04;dw05;dw06;dw07;dw08,dw06,15,1,2026-08-27T13:14:38.229+0200,dw00,8103,156,1976,-168,1199,1571,3.78,32196
ground-height-0m-20260825-163632,d020m_r090_run01.csv,0,20,90,dw00;dw01;dw02;dw03;dw04;dw05;dw06;dw07;dw08,dw00;dw01;dw02;dw03;dw04;dw05;dw06;dw07;dw08,dw06,105,1,2026-08-27T13:14:38.269+0200,dw05,4B92,148,1973,42,-607,1877,3.90,72296
ground-height-0m-20260825-163632,d020m_r090_run01.csv,0,20,90,dw00;dw01;dw02;dw03;dw04;dw05;dw06;dw07;dw08,dw00;dw01;dw02;dw03;dw04;dw05;dw06;dw07;dw08,dw06,75,1,2026-08-27T13:14:38.325+0200,dw03,021B,100,1965,-35,-1555,1200,3.27,27862
ground-height-0m-20260825-163632,d020m_r090_run01.csv,0,20,90,dw00;dw01;dw02;dw03;dw04;dw05;dw06;dw07;dw08,dw00;dw01;dw02;dw03;dw04;dw05;dw06;dw07;dw08,dw06,35,1,2026-08-27T13:14:38.358+0200,dw01,1729,73,1972,-137,1574,1188,3.45,60974
ground-height-0m-20260825-163632,d020m_r090_run01.csv,0,20,90,dw00;dw01;dw02;dw03;dw04;dw05;dw06;dw07;dw08,dw00;dw01;dw02;dw03;dw04;dw05;dw06;dw07;dw08,dw06,55,1,2026-08-27T13:14:38.368+0200,dw02,8FB0,196,1972,-99,1972,0,3.45,71014
ground-height-0m-20260825-163632,d020m_r090_run01.csv,0,20,90,dw00;dw01;dw02;dw03;dw04;dw05;dw06;dw07;dw08,dw00;dw01;dw02;dw03;dw04;dw05;dw06;dw07;dw08,dw06,90,1,2026-08-27T13:14:38.377+0200,dw04,0F85,196,1966,1,-1111,1622,3.96,80535
ground-height-0m-20260825-163632,d020m_r090_run01.csv,0,20,90,dw00;dw01;dw02;dw03;dw04;dw05;dw06;dw07;dw08,dw00;dw01;dw02;dw03;dw04;dw05;dw06;dw07;dw08,dw06,145,1,2026-08-27T13:14:38.389+0200,dw07,5783,248,1974,83,-114,1971,2.71,2147483
ground-height-0m-20260825-163632,d020m_r090_run01.csv,0,20,90,dw00;dw01;dw02;dw03;dw04;dw05;dw06;dw07;dw08,dw00;dw01;dw02;dw03;dw04;dw05;dw06;dw07;dw08,dw06,145,1,2026-08-27T13:14:38.408+0200,dw07,5783,158,1973,128,435,1924,3.06,2147483
ground-height-0m-20260825-163632,d020m_r090_run01.csv,0,20,90,dw00;dw01;dw02;dw03;dw04;dw05;dw06;dw07;dw08,dw00;dw01;dw02;dw03;dw04;dw05;dw06;dw07;dw08,dw06,165,1,2026-08-27T13:14:38.418+0200,dw08,028E,81,1975,109,196,1966,2.83,2147483
ground-height-0m-20260825-163632,d020m_r090_run01.csv,0,20,90,dw00;dw01;dw02;dw03;dw04;dw05;dw06;dw07;dw08,dw00;dw01;dw02;dw03;dw04;dw05;dw06;dw07;dw08,dw06,15,1,2026-08-27T13:14:38.429+0200,dw00,8103,157,1977,-159,1312,1479,3.84,2147483
ground-height-0m-20260825-163632,d020m_r090_run01.csv,0,20,90,dw00;dw01;dw02;dw03;dw04;dw05;dw06;dw07;dw08,dw00;dw01;dw02;dw03;dw04;dw05;dw06;dw07;dw08,dw06,105,1,2026-08-27T13:14:38.469+0200,dw05,4B92,149,1968,49,-523,1897,3.69,2147483
ground-height-0m-20260825-163632,d020m_r090_run01.csv,0,20,90,dw00;dw01;dw02;dw03;dw04;dw05;dw06;dw07;dw08,dw00;dw01;dw02;dw03;dw04;dw05;dw06;dw07;dw08,dw06,75,1,2026-08-27T13:14:38.509+0200,dw03,021B,101,1963,-43,-1647,1067,3.09,12329
ground-height-0m-20260825-163632,d020m_r090_run01.csv,0,20,90,dw00;dw01;dw02;dw03;dw04;dw05;dw06;dw07;dw08,dw00;dw01;dw02;dw03;dw04;dw05;dw06;dw07;dw08,dw06,35,1,2026-08-27T13:14:38.539+0200,dw01,1729,74,1974,-131,1647,1088,3.63,42358
ground-height-0m-20260825-163632,d020m_r090_run01.csv,0,20,90,dw00;dw01;dw02;dw03;dw04;dw05;dw06;dw07;dw08,dw00;dw01;dw02;dw03;dw04;dw05;dw06;dw07;dw08,dw06,55,1,2026-08-27T13:14:38.548+0200,dw02,8FB0,197,1974,-89,1973,0,3.39,52337
ground-height-0m-20260825-163632,d020m_r090_run01.csv,0,20,90,dw00;dw01;dw02;dw03;dw04;dw05;dw06;dw07;dw08,dw00;dw01;dw02;dw03;dw04;dw05;dw06;dw07;dw08,dw06,90,1,2026-08-27T13:14:38.559+0200,dw04,0F85,197,1965,2,-1090,1634,3.90,62255
ground-height-0m-20260825-163632,d020m_r090_run01.csv,0,20,90,dw00;dw01;dw02;dw03;dw04;dw05;dw06;dw07;dw08,dw00;dw01;dw02;dw03;dw04;dw05;dw06;dw07;dw08,dw06,145,1,2026-08-27T13:14:38.588+0200,dw07,5783,249,1972,94,18,1972,2.71,2147483
ground-height-0m-20260825-163632,d020m_r090_run01.csv,0,20,90,dw00;dw01;dw02;dw03;dw04;dw05;dw06;dw07;dw08,dw00;dw01;dw02;dw03;dw04;dw05;dw06;dw07;dw08,dw06,165,1,2026-08-27T13:14:38.637+0200,dw08,028E,82,1970,177,1025,1682,2.95,40557
ground-height-0m-20260825-163632,d020m_r090_run01.csv,0,20,90,dw00;dw01;dw02;dw03;dw04;dw05;dw06;dw07;dw08,dw00;dw01;dw02;dw03;dw04;dw05;dw06;dw07;dw08,dw06,15,1,2026-08-27T13:14:38.647+0200,dw00,8103,158,1976,-157,1336,1455,3.90,50567
ground-height-0m-20260825-163632,d020m_r090_run01.csv,0,20,90,dw00;dw01;dw02;dw03;dw04;dw05;dw06;dw07;dw08,dw00;dw01;dw02;dw03;dw04;dw05;dw06;dw07;dw08,dw06,105,1,2026-08-27T13:14:38.687+0200,dw05,4B92,150,1972,40,-634,1867,3.78,90545
ground-height-0m-20260825-163632,d020m_r090_run01.csv,0,20,90,dw00;dw01;dw02;dw03;dw04;dw05;dw06;dw07;dw08,dw00;dw01;dw02;dw03;dw04;dw05;dw06;dw07;dw08,dw06,75,1,2026-08-27T13:14:38.708+0200,dw03,021B,102,1961,-42,-1642,1072,3.06,12268
ground-height-0m-20260825-163632,d020m_r090_run01.csv,0,20,90,dw00;dw01;dw02;dw03;dw04;dw05;dw06;dw07;dw08,dw00;dw01;dw02;dw03;dw04;dw05;dw06;dw07;dw08,dw06,35,1,2026-08-27T13:14:38.739+0200,dw01,1729,75,1977,-134,1608,1150,3.51,42327
ground-height-0m-20260825-163632,d020m_r090_run01.csv,0,20,90,dw00;dw01;dw02;dw03;dw04;dw05;dw06;dw07;dw08,dw00;dw01;dw02;dw03;dw04;dw05;dw06;dw07;dw08,dw06,55,1,2026-08-27T13:14:38.749+0200,dw02,8FB0,198,1971,-86,-1971,0,3.45,52337
ground-height-0m-20260825-163632,d020m_r090_run01.csv,0,20,90,dw00;dw01;dw02;dw03;dw04;dw05;dw06;dw07;dw08,dw00;dw01;dw02;dw03;dw04;dw05;dw06;dw07;dw08,dw06,90,1,2026-08-27T13:14:38.758+0200,dw04,0F85,198,1965,2,-1092,1634,3.96,62225
ground-height-0m-20260825-163632,d020m_r090_run01.csv,0,20,90,dw00;dw01;dw02;dw03;dw04;dw05;dw06;dw07;dw08,dw00;dw01;dw02;dw03;dw04;dw05;dw06;dw07;dw08,dw06,145,1,2026-08-27T13:14:38.789+0200,dw07,5783,250,1974,91,-18,1974,2.65,2147483
ground-height-0m-20260825-163632,d020m_r090_run01.csv,0,20,90,dw00;dw01;dw02;dw03;dw04;dw05;dw06;dw07;dw08,dw00;dw01;dw02;dw03;dw04;dw05;dw06;dw07;dw08,dw06,165,1,2026-08-27T13:14:38.819+0200,dw08,028E,83,1967,170,937,1730,2.71,22277
ground-height-0m-20260825-163632,d020m_r090_run01.csv,0,20,90,dw00;dw01;dw02;dw03;dw04;dw05;dw06;dw07;dw08,dw00;dw01;dw02;dw03;dw04;dw05;dw06;dw07;dw08,dw06,15,1,2026-08-27T13:14:38.829+0200,dw00,8103,159,1975,-162,1268,1513,3.90,32257
ground-height-0m-20260825-163632,d020m_r090_run01.csv,0,20,90,dw00;dw01;dw02;dw03;dw04;dw05;dw06;dw07;dw08,dw00;dw01;dw02;dw03;dw04;dw05;dw06;dw07;dw08,dw06,105,1,2026-08-27T13:14:38.869+0200,dw05,4B92,151,1967,45,-569,1883,3.69,72326
ground-height-0m-20260825-163632,d020m_r090_run01.csv,0,20,90,dw00;dw01;dw02;dw03;dw04;dw05;dw06;dw07;dw08,dw00;dw01;dw02;dw03;dw04;dw05;dw06;dw07;dw08,dw06,145,1,2026-08-27T13:14:38.905+0200,dw07,5783,160,1969,131,463,1914,3.09,2147483
ground-height-0m-20260825-163632,d020m_r090_run01.csv,0,20,90,dw00;dw01;dw02;dw03;dw04;dw05;dw06;dw07;dw08,dw00;dw01;dw02;dw03;dw04;dw05;dw06;dw07;dw08,dw06,35,1,2026-08-27T13:14:38.939+0200,dw01,1729,76,1974,-129,1666,1058,3.39,2147483
ground-height-0m-20260825-163632,d020m_r090_run01.csv,0,20,90,dw00;dw01;dw02;dw03;dw04;dw05;dw06;dw07;dw08,dw00;dw01;dw02;dw03;dw04;dw05;dw06;dw07;dw08,dw06,55,1,2026-08-27T13:14:38.949+0200,dw02,8FB0,199,1976,-102,1976,0,3.45,2147483
ground-height-0m-20260825-163632,d020m_r090_run01.csv,0,20,90,dw00;dw01;dw02;dw03;dw04;dw05;dw06;dw07;dw08,dw00;dw01;dw02;dw03;dw04;dw05;dw06;dw07;dw08,dw06,90,1,2026-08-27T13:14:38.958+0200,dw04,0F85,199,1965,2,-1089,1635,3.90,2147483
ground-height-0m-20260825-163632,d020m_r090_run01.csv,0,20,90,dw00;dw01;dw02;dw03;dw04;dw05;dw06;dw07;dw08,dw00;dw01;dw02;dw03;dw04;dw05;dw06;dw07;dw08,dw06,145,1,2026-08-27T13:14:38.989+0200,dw07,5783,251,1973,96,43,1973,2.83,2147483
ground-height-0m-20260825-163632,d020m_r090_run01.csv,0,20,90,dw00;dw01;dw02;dw03;dw04;dw05;dw06;dw07;dw08,dw00;dw01;dw02;dw03;dw04;dw05;dw06;dw07;dw08,dw06,165,1,2026-08-27T13:14:39.019+0200,dw08,028E,84,1983,169,936,1748,2.89,22247
ground-height-0m-20260825-163632,d020m_r090_run01.csv,0,20,90,dw00;dw01;dw02;dw03;dw04;dw05;dw06;dw07;dw08,dw00;dw01;dw02;dw03;dw04;dw05;dw06;dw07;dw08,dw06,15,1,2026-08-27T13:14:39.029+0200,dw00,8103,160,1974,-156,1341,1448,3.84,32257
ground-height-0m-20260825-163632,d020m_r090_run01.csv,0,20,90,dw00;dw01;dw02;dw03;dw04;dw05;dw06;dw07;dw08,dw00;dw01;dw02;dw03;dw04;dw05;dw06;dw07;dw08,dw06,105,1,2026-08-27T13:14:39.069+0200,dw05,4B92,152,1971,42,-615,1873,3.78,72296
ground-height-0m-20260825-163632,d020m_r090_run01.csv,0,20,90,dw00;dw01;dw02;dw03;dw04;dw05;dw06;dw07;dw08,dw00;dw01;dw02;dw03;dw04;dw05;dw06;dw07;dw08,dw06,75,1,2026-08-27T13:14:39.124+0200,dw03,021B,104,1967,-42,-1642,1082,3.27,27923
ground-height-0m-20260825-163632,d020m_r090_run01.csv,0,20,90,dw00;dw01;dw02;dw03;dw04;dw05;dw06;dw07;dw08,dw00;dw01;dw02;dw03;dw04;dw05;dw06;dw07;dw08,dw06,35,1,2026-08-27T13:14:39.158+0200,dw01,1729,77,1973,-139,1554,1215,3.51,60974
ground-height-0m-20260825-163632,d020m_r090_run01.csv,0,20,90,dw00;dw01;dw02;dw03;dw04;dw05;dw06;dw07;dw08,dw00;dw01;dw02;dw03;dw04;dw05;dw06;dw07;dw08,dw06,55,1,2026-08-27T13:14:39.168+0200,dw02,8FB0,200,1972,-100,1972,0,3.33,71014
ground-height-0m-20260825-163632,d020m_r090_run01.csv,0,20,90,dw00;dw01;dw02;dw03;dw04;dw05;dw06;dw07;dw08,dw00;dw01;dw02;dw03;dw04;dw05;dw06;dw07;dw08,dw06,90,1,2026-08-27T13:14:39.177+0200,dw04,0F85,200,1966,10,-1003,1691,3.96,80566
ground-height-0m-20260825-163632,d020m_r090_run01.csv,0,20,90,dw00;dw01;dw02;dw03;dw04;dw05;dw06;dw07;dw08,dw00;dw01;dw02;dw03;dw04;dw05;dw06;dw07;dw08,dw06,145,1,2026-08-27T13:14:39.189+0200,dw07,5783,161,1970,119,327,1942,2.89,2147483
ground-height-0m-20260825-163632,d020m_r090_run01.csv,0,20,90,dw00;dw01;dw02;dw03;dw04;dw05;dw06;dw07;dw08,dw00;dw01;dw02;dw03;dw04;dw05;dw06;dw07;dw08,dw06,145,1,2026-08-27T13:14:39.206+0200,dw07,5783,252,1976,94,22,1976,2.71,2147483
ground-height-0m-20260825-163632,d020m_r090_run01.csv,0,20,90,dw00;dw01;dw02;dw03;dw04;dw05;dw06;dw07;dw08,dw00;dw01;dw02;dw03;dw04;dw05;dw06;dw07;dw08,dw06,165,1,2026-08-27T13:14:39.218+0200,dw08,028E,85,1973,102,117,1970,3.01,2147483
ground-height-0m-20260825-163632,d020m_r090_run01.csv,0,20,90,dw00;dw01;dw02;dw03;dw04;dw05;dw06;dw07;dw08,dw00;dw01;dw02;dw03;dw04;dw05;dw06;dw07;dw08,dw06,15,1,2026-08-27T13:14:39.229+0200,dw00,8103,161,1975,-165,1235,1541,3.90,2147483
ground-height-0m-20260825-163632,d020m_r090_run01.csv,0,20,90,dw00;dw01;dw02;dw03;dw04;dw05;dw06;dw07;dw08,dw00;dw01;dw02;dw03;dw04;dw05;dw06;dw07;dw08,dw06,105,1,2026-08-27T13:14:39.269+0200,dw05,4B92,153,1972,40,-641,1865,3.78,2147483
ground-height-0m-20260825-163632,d020m_r090_run01.csv,0,20,90,dw00;dw01;dw02;dw03;dw04;dw05;dw06;dw07;dw08,dw00;dw01;dw02;dw03;dw04;dw05;dw06;dw07;dw08,dw06,75,1,2026-08-27T13:14:39.309+0200,dw03,021B,105,1964,-41,-1631,1094,3.15,12298
ground-height-0m-20260825-163632,d020m_r090_run01.csv,0,20,90,dw00;dw01;dw02;dw03;dw04;dw05;dw06;dw07;dw08,dw00;dw01;dw02;dw03;dw04;dw05;dw06;dw07;dw08,dw06,35,1,2026-08-27T13:14:39.338+0200,dw01,1729,78,1972,-130,1660,1065,3.45,42358
ground-height-0m-20260825-163632,d020m_r090_run01.csv,0,20,90,dw00;dw01;dw02;dw03;dw04;dw05;dw06;dw07;dw08,dw00;dw01;dw02;dw03;dw04;dw05;dw06;dw07;dw08,dw06,55,1,2026-08-27T13:14:39.348+0200,dw02,8FB0,201,1971,-97,1971,0,3.57,52337
ground-height-0m-20260825-163632,d020m_r090_run01.csv,0,20,90,dw00;dw01;dw02;dw03;dw04;dw05;dw06;dw07;dw08,dw00;dw01;dw02;dw03;dw04;dw05;dw06;dw07;dw08,dw06,90,1,2026-08-27T13:14:39.359+0200,dw04,0F85,201,1965,1,-1106,1624,3.90,62286
ground-height-0m-20260825-163632,d020m_r090_run01.csv,0,20,90,dw00;dw01;dw02;dw03;dw04;dw05;dw06;dw07;dw08,dw00;dw01;dw02;dw03;dw04;dw05;dw06;dw07;dw08,dw06,145,1,2026-08-27T13:14:39.388+0200,dw07,5783,162,1969,125,389,1930,2.95,2147483
ground-height-0m-20260825-163632,d020m_r090_run01.csv,0,20,90,dw00;dw01;dw02;dw03;dw04;dw05;dw06;dw07;dw08,dw00;dw01;dw02;dw03;dw04;dw05;dw06;dw07;dw08,dw06,165,1,2026-08-27T13:14:39.437+0200,dw08,028E,86,1971,118,313,1946,2.71,40618
ground-height-0m-20260825-163632,d020m_r090_run01.csv,0,20,90,dw00;dw01;dw02;dw03;dw04;dw05;dw06;dw07;dw08,dw00;dw01;dw02;dw03;dw04;dw05;dw06;dw07;dw08,dw06,15,1,2026-08-27T13:14:39.447+0200,dw00,8103,162,1975,-163,1260,1521,3.84,50567
ground-height-0m-20260825-163632,d020m_r090_run01.csv,0,20,90,dw00;dw01;dw02;dw03;dw04;dw05;dw06;dw07;dw08,dw00;dw01;dw02;dw03;dw04;dw05;dw06;dw07;dw08,dw06,105,1,2026-08-27T13:14:39.487+0200,dw05,4B92,154,1974,41,-627,1871,3.72,90576
ground-height-0m-20260825-163632,d020m_r090_run01.csv,0,20,90,dw00;dw01;dw02;dw03;dw04;dw05;dw06;dw07;dw08,dw00;dw01;dw02;dw03;dw04;dw05;dw06;dw07;dw08,dw06,75,1,2026-08-27T13:14:39.508+0200,dw03,021B,106,1960,-43,-1650,1059,3.06,12268
ground-height-0m-20260825-163632,d020m_r090_run01.csv,0,20,90,dw00;dw01;dw02;dw03;dw04;dw05;dw06;dw07;dw08,dw00;dw01;dw02;dw03;dw04;dw05;dw06;dw07;dw08,dw06,35,1,2026-08-27T13:14:39.538+0200,dw01,1729,79,1976,-35,-1564,1207,3.57,42327
ground-height-0m-20260825-163632,d020m_r090_run01.csv,0,20,90,dw00;dw01;dw02;dw03;dw04;dw05;dw06;dw07;dw08,dw00;dw01;dw02;dw03;dw04;dw05;dw06;dw07;dw08,dw06,55,1,2026-08-27T13:14:39.548+0200,dw02,8FB0,202,1974,-95,1974,0,3.39,52337
ground-height-0m-20260825-163632,d020m_r090_run01.csv,0,20,90,dw00;dw01;dw02;dw03;dw04;dw05;dw06;dw07;dw08,dw00;dw01;dw02;dw03;dw04;dw05;dw06;dw07;dw08,dw06,90,1,2026-08-27T13:14:39.558+0200,dw04,0F85,202,1966,0,-1130,1608,3.96,62255
ground-height-0m-20260825-163632,d020m_r090_run01.csv,0,20,90,dw00;dw01;dw02;dw03;dw04;dw05;dw06;dw07;dw08,dw00;dw01;dw02;dw03;dw04;dw05;dw06;dw07;dw08,dw06,145,1,2026-08-27T13:14:39.588+0200,dw07,5783,163,1975,138,549,1897,2.95,2147483
ground-height-0m-20260825-163632,d020m_r090_run01.csv,0,20,90,dw00;dw01;dw02;dw03;dw04;dw05;dw06;dw07;dw08,dw00;dw01;dw02;dw03;dw04;dw05;dw06;dw07;dw08,dw06,165,1,2026-08-27T13:14:39.619+0200,dw08,028E,87,1974,117,293,1952,2.95,22277
ground-height-0m-20260825-163632,d020m_r090_run01.csv,0,20,90,dw00;dw01;dw02;dw03;dw04;dw05;dw06;dw07;dw08,dw00;dw01;dw02;dw03;dw04;dw05;dw06;dw07;dw08,dw06,15,1,2026-08-27T13:14:39.628+0200,dw00,8103,163,1974,-163,1261,1519,3.84,32287
ground-height-0m-20260825-163632,d020m_r090_run01.csv,0,20,90,dw00;dw01;dw02;dw03;dw04;dw05;dw06;dw07;dw08,dw00;dw01;dw02;dw03;dw04;dw05;dw06;dw07;dw08,dw06,105,1,2026-08-27T13:14:39.668+0200,dw05,4B92,155,1970,47,-555,1890,3.78,72296
ground-height-0m-20260825-163632,d020m_r090_run01.csv,0,20,90,dw00;dw01;dw02;dw03;dw04;dw05;dw06;dw07;dw08,dw00;dw01;dw02;dw03;dw04;dw05;dw06;dw07;dw08,dw06,145,1,2026-08-27T13:14:39.704+0200,dw07,5783,254,1977,89,-44,1977,3.06,2147483
ground-height-0m-20260825-163632,d020m_r090_run01.csv,0,20,90,dw00;dw01;dw02;dw03;dw04;dw05;dw06;dw07;dw08,dw00;dw01;dw02;dw03;dw04;dw05;dw06;dw07;dw08,dw06,35,1,2026-08-27T13:14:39.739+0200,dw01,1729,80,1971,-49,-1730,945,3.57,2147483
ground-height-0m-20260825-163632,d020m_r090_run01.csv,0,20,90,dw00;dw01;dw02;dw03;dw04;dw05;dw06;dw07;dw08,dw00;dw01;dw02;dw03;dw04;dw05;dw06;dw07;dw08,dw06,55,1,2026-08-27T13:14:39.748+0200,dw02,8FB0,203,1973,-101,1973,0,3.45,2147483
ground-height-0m-20260825-163632,d020m_r090_run01.csv,0,20,90,dw00;dw01;dw02;dw03;dw04;dw05;dw06;dw07;dw08,dw00;dw01;dw02;dw03;dw04;dw05;dw06;dw07;dw08,dw06,90,1,2026-08-27T13:14:39.758+0200,dw04,0F85,203,1964,6,-1050,1660,3.96,2147483
ground-height-0m-20260825-163632,d020m_r090_run01.csv,0,20,90,dw00;dw01;dw02;dw03;dw04;dw05;dw06;dw07;dw08,dw00;dw01;dw02;dw03;dw04;dw05;dw06;dw07;dw08,dw06,145,1,2026-08-27T13:14:39.788+0200,dw07,5783,164,1968,132,477,1909,2.95,2147483
ground-height-0m-20260825-163632,d020m_r090_run01.csv,0,20,90,dw00;dw01;dw02;dw03;dw04;dw05;dw06;dw07;dw08,dw00;dw01;dw02;dw03;dw04;dw05;dw06;dw07;dw08,dw06,165,1,2026-08-27T13:14:39.819+0200,dw08,028E,88,1974,99,76,1972,3.06,22277
ground-height-0m-20260825-163632,d020m_r090_run01.csv,0,20,90,dw00;dw01;dw02;dw03;dw04;dw05;dw06;dw07;dw08,dw00;dw01;dw02;dw03;dw04;dw05;dw06;dw07;dw08,dw06,15,1,2026-08-27T13:14:39.828+0200,dw00,8103,164,1975,-154,1371,1421,3.90,32257
ground-height-0m-20260825-163632,d020m_r090_run01.csv,0,20,90,dw00;dw01;dw02;dw03;dw04;dw05;dw06;dw07;dw08,dw00;dw01;dw02;dw03;dw04;dw05;dw06;dw07;dw08,dw06,105,1,2026-08-27T13:14:39.869+0200,dw05,4B92,156,1972,48,-535,1898,3.69,72265
ground-height-0m-20260825-163632,d020m_r090_run01.csv,0,20,90,dw00;dw01;dw02;dw03;dw04;dw05;dw06;dw07;dw08,dw00;dw01;dw02;dw03;dw04;dw05;dw06;dw07;dw08,dw06,75,1,2026-08-27T13:14:39.924+0200,dw03,021B,108,1962,-42,-1635,1084,3.33,27923
ground-height-0m-20260825-163632,d020m_r090_run01.csv,0,20,90,dw00;dw01;dw02;dw03;dw04;dw05;dw06;dw07;dw08,dw00;dw01;dw02;dw03;dw04;dw05;dw06;dw07;dw08,dw06,55,1,2026-08-27T13:14:39.967+0200,dw02,8FB0,204,1971,-100,1971,0,3.57,70983
ground-height-0m-20260825-163632,d020m_r090_run01.csv,0,20,90,dw00;dw01;dw02;dw03;dw04;dw05;dw06;dw07;dw08,dw00;dw01;dw02;dw03;dw04;dw05;dw06;dw07;dw08,dw06,90,1,2026-08-27T13:14:39.977+0200,dw04,0F85,204,1968,-4,-1176,1578,3.90,80535
ground-height-0m-20260825-163632,d020m_r090_run01.csv,0,20,90,dw00;dw01;dw02;dw03;dw04;dw05;dw06;dw07;dw08,dw00;dw01;dw02;dw03;dw04;dw05;dw06;dw07;dw08,dw06,145,1,2026-08-27T13:14:39.989+0200,dw07,5783,255,1973,92,-6,1973,2.77,2147483
ground-height-0m-20260825-163632,d020m_r090_run01.csv,0,20,90,dw00;dw01;dw02;dw03;dw04;dw05;dw06;dw07;dw08,dw00;dw01;dw02;dw03;dw04;dw05;dw06;dw07;dw08,dw06,145,1,2026-08-27T13:14:40.007+0200,dw07,5783,165,1970,114,261,1953,3.09,2147483
ground-height-0m-20260825-163632,d020m_r090_run01.csv,0,20,90,dw00;dw01;dw02;dw03;dw04;dw05;dw06;dw07;dw08,dw00;dw01;dw02;dw03;dw04;dw05;dw06;dw07;dw08,dw06,165,1,2026-08-27T13:14:40.018+0200,dw08,028E,89,1973,104,134,1968,2.83,2147483
ground-height-0m-20260825-163632,d020m_r090_run01.csv,0,20,90,dw00;dw01;dw02;dw03;dw04;dw05;dw06;dw07;dw08,dw00;dw01;dw02;dw03;dw04;dw05;dw06;dw07;dw08,dw06,15,1,2026-08-27T13:14:40.029+0200,dw00,8103,165,1976,-163,1258,1524,3.90,2147483
ground-height-0m-20260825-163632,d020m_r090_run01.csv,0,20,90,dw00;dw01;dw02;dw03;dw04;dw05;dw06;dw07;dw08,dw00;dw01;dw02;dw03;dw04;dw05;dw06;dw07;dw08,dw06,105,1,2026-08-27T13:14:40.069+0200,dw05,4B92,157,1974,38,-661,1860,3.78,2147483
ground-height-0m-20260825-163632,d020m_r090_run01.csv,0,20,90,dw00;dw01;dw02;dw03;dw04;dw05;dw06;dw07;dw08,dw00;dw01;dw02;dw03;dw04;dw05;dw06;dw07;dw08,dw06,75,1,2026-08-27T13:14:40.109+0200,dw03,021B,109,1963,-36,-1568,1181,3.15,12329
ground-height-0m-20260825-163632,d020m_r090_run01.csv,0,20,90,dw00;dw01;dw02;dw03;dw04;dw05;dw06;dw07;dw08,dw00;dw01;dw02;dw03;dw04;dw05;dw06;dw07;dw08,dw06,35,1,2026-08-27T13:14:40.138+0200,dw01,1729,82,1973,-137,1570,1194,3.51,42358
ground-height-0m-20260825-163632,d020m_r090_run01.csv,0,20,90,dw00;dw01;dw02;dw03;dw04;dw05;dw06;dw07;dw08,dw00;dw01;dw02;dw03;dw04;dw05;dw06;dw07;dw08,dw06,55,1,2026-08-27T13:14:40.149+0200,dw02,8FB0,205,1975,-109,1912,496,3.45,52368
ground-height-0m-20260825-163632,d020m_r090_run01.csv,0,20,90,dw00;dw01;dw02;dw03;dw04;dw05;dw06;dw07;dw08,dw00;dw01;dw02;dw03;dw04;dw05;dw06;dw07;dw08,dw06,90,1,2026-08-27T13:14:40.159+0200,dw04,0F85,205,1967,2,-1093,1636,4.02,62286
ground-height-0m-20260825-163632,d020m_r090_run01.csv,0,20,90,dw00;dw01;dw02;dw03;dw04;dw05;dw06;dw07;dw08,dw00;dw01;dw02;dw03;dw04;dw05;dw06;dw07;dw08,dw06,145,1,2026-08-27T13:14:40.188+0200,dw07,5783,0,1978,86,-72,1976,2.77,2147483
ground-height-0m-20260825-163632,d020m_r090_run01.csv,0,20,90,dw00;dw01;dw02;dw03;dw04;dw05;dw06;dw07;dw08,dw00;dw01;dw02;dw03;dw04;dw05;dw06;dw07;dw08,dw06,165,1,2026-08-27T13:14:40.237+0200,dw08,028E,90,1970,153,740,1825,2.89,40588
ground-height-0m-20260825-163632,d020m_r090_run01.csv,0,20,90,dw00;dw01;dw02;dw03;dw04;dw05;dw06;dw07;dw08,dw00;dw01;dw02;dw03;dw04;dw05;dw06;dw07;dw08,dw06,15,1,2026-08-27T13:14:40.246+0200,dw00,8103,166,1977,-166,1222,1553,4.02,50598
ground-height-0m-20260825-163632,d020m_r090_run01.csv,0,20,90,dw00;dw01;dw02;dw03;dw04;dw05;dw06;dw07;dw08,dw00;dw01;dw02;dw03;dw04;dw05;dw06;dw07;dw08,dw06,105,1,2026-08-27T13:14:40.286+0200,dw05,4B92,158,1971,43,-605,1876,3.69,90545
ground-height-0m-20260825-163632,d020m_r090_run01.csv,0,20,90,dw00;dw01;dw02;dw03;dw04;dw05;dw06;dw07;dw08,dw00;dw01;dw02;dw03;dw04;dw05;dw06;dw07;dw08,dw06,75,1,2026-08-27T13:14:40.308+0200,dw03,021B,110,1966,-38,-1586,1161,3.09,12268
ground-height-0m-20260825-163632,d020m_r090_run01.csv,0,20,90,dw00;dw01;dw02;dw03;dw04;dw05;dw06;dw07;dw08,dw00;dw01;dw02;dw03;dw04;dw05;dw06;dw07;dw08,dw06,35,1,2026-08-27T13:14:40.338+0200,dw01,1729,83,1975,-132,1641,1098,3.57,42327
ground-height-0m-20260825-163632,d020m_r090_run01.csv,0,20,90,dw00;dw01;dw02;dw03;dw04;dw05;dw06;dw07;dw08,dw00;dw01;dw02;dw03;dw04;dw05;dw06;dw07;dw08,dw06,55,1,2026-08-27T13:14:40.348+0200,dw02,8FB0,206,1973,-99,1973,0,3.45,52276
ground-height-0m-20260825-163632,d020m_r090_run01.csv,0,20,90,dw00;dw01;dw02;dw03;dw04;dw05;dw06;dw07;dw08,dw00;dw01;dw02;dw03;dw04;dw05;dw06;dw07;dw08,dw06,90,1,2026-08-27T13:14:40.358+0200,dw04,0F85,206,1966,-2,-1150,1594,3.96,62255
ground-height-0m-20260825-163632,d020m_r090_run01.csv,0,20,90,dw00;dw01;dw02;dw03;dw04;dw05;dw06;dw07;dw08,dw00;dw01;dw02;dw03;dw04;dw05;dw06;dw07;dw08,dw06,145,1,2026-08-27T13:14:40.388+0200,dw07,5783,1,1974,88,-48,1973,2.71,2147483
ground-height-0m-20260825-163632,d020m_r090_run01.csv,0,20,90,dw00;dw01;dw02;dw03;dw04;dw05;dw06;dw07;dw08,dw00;dw01;dw02;dw03;dw04;dw05;dw06;dw07;dw08,dw06,165,1,2026-08-27T13:14:40.418+0200,dw08,028E,91,1971,109,197,1961,2.89,22277
ground-height-0m-20260825-163632,d020m_r090_run01.csv,0,20,90,dw00;dw01;dw02;dw03;dw04;dw05;dw06;dw07;dw08,dw00;dw01;dw02;dw03;dw04;dw05;dw06;dw07;dw08,dw06,15,1,2026-08-27T13:14:40.428+0200,dw00,8103,167,1976,-149,1427,1367,3.84,32257
ground-height-0m-20260825-163632,d020m_r090_run01.csv,0,20,90,dw00;dw01;dw02;dw03;dw04;dw05;dw06;dw07;dw08,dw00;dw01;dw02;dw03;dw04;dw05;dw06;dw07;dw08,dw06,105,1,2026-08-27T13:14:40.468+0200,dw05,4B92,159,1970,39,-648,1860,3.78,72296
ground-height-0m-20260825-163632,d020m_r090_run01.csv,0,20,90,dw00;dw01;dw02;dw03;dw04;dw05;dw06;dw07;dw08,dw00;dw01;dw02;dw03;dw04;dw05;dw06;dw07;dw08,dw06,145,1,2026-08-27T13:14:40.504+0200,dw07,5783,167,1973,123,372,1937,2.95,2147483
ground-height-0m-20260825-163632,d020m_r090_run01.csv,0,20,90,dw00;dw01;dw02;dw03;dw04;dw05;dw06;dw07;dw08,dw00;dw01;dw02;dw03;dw04;dw05;dw06;dw07;dw08,dw06,35,1,2026-08-27T13:14:40.538+0200,dw01,1729,84,1971,-138,1563,1200,3.33,2147483
ground-height-0m-20260825-163632,d020m_r090_run01.csv,0,20,90,dw00;dw01;dw02;dw03;dw04;dw05;dw06;dw07;dw08,dw00;dw01;dw02;dw03;dw04;dw05;dw06;dw07;dw08,dw06,55,1,2026-08-27T13:14:40.548+0200,dw02,8FB0,207,1972,-85,-1972,0,3.45,2147483
ground-height-0m-20260825-163632,d020m_r090_run01.csv,0,20,90,dw00;dw01;dw02;dw03;dw04;dw05;dw06;dw07;dw08,dw00;dw01;dw02;dw03;dw04;dw05;dw06;dw07;dw08,dw06,90,1,2026-08-27T13:14:40.558+0200,dw04,0F85,207,1964,0,-1120,1613,3.96,2147483
ground-height-0m-20260825-163632,d020m_r090_run01.csv,0,20,90,dw00;dw01;dw02;dw03;dw04;dw05;dw06;dw07;dw08,dw00;dw01;dw02;dw03;dw04;dw05;dw06;dw07;dw08,dw06,145,1,2026-08-27T13:14:40.588+0200,dw07,5783,2,1972,93,7,1972,2.71,2147483
ground-height-0m-20260825-163632,d020m_r090_run01.csv,0,20,90,dw00;dw01;dw02;dw03;dw04;dw05;dw06;dw07;dw08,dw00;dw01;dw02;dw03;dw04;dw05;dw06;dw07;dw08,dw06,165,1,2026-08-27T13:14:40.619+0200,dw08,028E,92,1973,91,-16,1973,2.89,22247
ground-height-0m-20260825-163632,d020m_r090_run01.csv,0,20,90,dw00;dw01;dw02;dw03;dw04;dw05;dw06;dw07;dw08,dw00;dw01;dw02;dw03;dw04;dw05;dw06;dw07;dw08,dw06,15,1,2026-08-27T13:14:40.628+0200,dw00,8103,168,1974,-155,1350,1440,3.90,32257
ground-height-0m-20260825-163632,d020m_r090_run01.csv,0,20,90,dw00;dw01;dw02;dw03;dw04;dw05;dw06;dw07;dw08,dw00;dw01;dw02;dw03;dw04;dw05;dw06;dw07;dw08,dw06,105,1,2026-08-27T13:14:40.668+0200,dw05,4B92,160,1970,43,-601,1876,3.72,72296
ground-height-0m-20260825-163632,d020m_r090_run01.csv,0,20,90,dw00;dw01;dw02;dw03;dw04;dw05;dw06;dw07;dw08,dw00;dw01;dw02;dw03;dw04;dw05;dw06;dw07;dw08,dw06,75,1,2026-08-27T13:14:40.724+0200,dw03,021B,112,1963,-40,-1615,1115,3.27,27893
ground-height-0m-20260825-163632,d020m_r090_run01.csv,0,20,90,dw00;dw01;dw02;dw03;dw04;dw05;dw06;dw07;dw08,dw00;dw01;dw02;dw03;dw04;dw05;dw06;dw07;dw08,dw06,35,1,2026-08-27T13:14:40.757+0200,dw01,1729,85,1974,-147,1450,1339,3.51,60974
ground-height-0m-20260825-163632,d020m_r090_run01.csv,0,20,90,dw00;dw01;dw02;dw03;dw04;dw05;dw06;dw07;dw08,dw00;dw01;dw02;dw03;dw04;dw05;dw06;dw07;dw08,dw06,55,1,2026-08-27T13:14:40.767+0200,dw02,8FB0,208,1973,-103,1973,0,3.45,71044
ground-height-0m-20260825-163632,d020m_r090_run01.csv,0,20,90,dw00;dw01;dw02;dw03;dw04;dw05;dw06;dw07;dw08,dw00;dw01;dw02;dw03;dw04;dw05;dw06;dw07;dw08,dw06,90,1,2026-08-27T13:14:40.777+0200,dw04,0F85,208,1966,-2,-1153,1592,4.02,80566
ground-height-0m-20260825-163632,d020m_r090_run01.csv,0,20,90,dw00;dw01;dw02;dw03;dw04;dw05;dw06;dw07;dw08,dw00;dw01;dw02;dw03;dw04;dw05;dw06;dw07;dw08,dw06,145,1,2026-08-27T13:14:40.788+0200,dw07,5783,168,1975,140,573,1890,2.95,2147483
ground-height-0m-20260825-163632,d020m_r090_run01.csv,0,20,90,dw00;dw01;dw02;dw03;dw04;dw05;dw06;dw07;dw08,dw00;dw01;dw02;dw03;dw04;dw05;dw06;dw07;dw08,dw06,145,1,2026-08-27T13:14:40.806+0200,dw07,5783,3,1976,89,-38,1976,2.71,2147483
ground-height-0m-20260825-163632,d020m_r090_run01.csv,0,20,90,dw00;dw01;dw02;dw03;dw04;dw05;dw06;dw07;dw08,dw00;dw01;dw02;dw03;dw04;dw05;dw06;dw07;dw08,dw06,165,1,2026-08-27T13:14:40.818+0200,dw08,028E,93,1972,153,734,1830,2.71,2147483
ground-height-0m-20260825-163632,d020m_r090_run01.csv,0,20,90,dw00;dw01;dw02;dw03;dw04;dw05;dw06;dw07;dw08,dw00;dw01;dw02;dw03;dw04;dw05;dw06;dw07;dw08,dw06,15,1,2026-08-27T13:14:40.828+0200,dw00,8103,169,1974,-145,1479,1308,3.90,2147483
ground-height-0m-20260825-163632,d020m_r090_run01.csv,0,20,90,dw00;dw01;dw02;dw03;dw04;dw05;dw06;dw07;dw08,dw00;dw01;dw02;dw03;dw04;dw05;dw06;dw07;dw08,dw06,105,1,2026-08-27T13:14:40.868+0200,dw05,4B92,161,1973,40,-632,1869,3.78,2147483
ground-height-0m-20260825-163632,d020m_r090_run01.csv,0,20,90,dw00;dw01;dw02;dw03;dw04;dw05;dw06;dw07;dw08,dw00;dw01;dw02;dw03;dw04;dw05;dw06;dw07;dw08,dw06,75,1,2026-08-27T13:14:40.908+0200,dw03,021B,113,1961,-37,-1579,1163,3.06,12329
ground-height-0m-20260825-163632,d020m_r090_run01.csv,0,20,90,dw00;dw01;dw02;dw03;dw04;dw05;dw06;dw07;dw08,dw00;dw01;dw02;dw03;dw04;dw05;dw06;dw07;dw08,dw06,35,1,2026-08-27T13:14:40.938+0200,dw01,1729,86,1972,-132,1628,1112,3.45,42297
ground-height-0m-20260825-163632,d020m_r090_run01.csv,0,20,90,dw00;dw01;dw02;dw03;dw04;dw05;dw06;dw07;dw08,dw00;dw01;dw02;dw03;dw04;dw05;dw06;dw07;dw08,dw06,55,1,2026-08-27T13:14:40.948+0200,dw02,8FB0,209,1971,-89,1971,0,3.45,52337
ground-height-0m-20260825-163632,d020m_r090_run01.csv,0,20,90,dw00;dw01;dw02;dw03;dw04;dw05;dw06;dw07;dw08,dw00;dw01;dw02;dw03;dw04;dw05;dw06;dw07;dw08,dw06,90,1,2026-08-27T13:14:40.958+0200,dw04,0F85,209,1968,0,-1132,1609,3.96,62286
ground-height-0m-20260825-163632,d020m_r090_run01.csv,0,20,90,dw00;dw01;dw02;dw03;dw04;dw05;dw06;dw07;dw08,dw00;dw01;dw02;dw03;dw04;dw05;dw06;dw07;dw08,dw06,145,1,2026-08-27T13:14:40.988+0200,dw07,5783,169,1972,123,372,1937,2.83,2147483
ground-height-0m-20260825-163632,d020m_r090_run01.csv,0,20,90,dw00;dw01;dw02;dw03;dw04;dw05;dw06;dw07;dw08,dw00;dw01;dw02;dw03;dw04;dw05;dw06;dw07;dw08,dw06,165,1,2026-08-27T13:14:41.036+0200,dw08,028E,94,1970,91,-17,1970,2.83,40557
ground-height-0m-20260825-163632,d020m_r090_run01.csv,0,20,90,dw00;dw01;dw02;dw03;dw04;dw05;dw06;dw07;dw08,dw00;dw01;dw02;dw03;dw04;dw05;dw06;dw07;dw08,dw06,15,1,2026-08-27T13:14:41.046+0200,dw00,8103,170,1973,-148,1435,1354,3.90,50537
ground-height-0m-20260825-163632,d020m_r090_run01.csv,0,20,90,dw00;dw01;dw02;dw03;dw04;dw05;dw06;dw07;dw08,dw00;dw01;dw02;dw03;dw04;dw05;dw06;dw07;dw08,dw06,105,1,2026-08-27T13:14:41.086+0200,dw05,4B92,162,1973,43,-596,1880,3.78,90576
ground-height-0m-20260825-163632,d020m_r090_run01.csv,0,20,90,dw00;dw01;dw02;dw03;dw04;dw05;dw06;dw07;dw08,dw00;dw01;dw02;dw03;dw04;dw05;dw06;dw07;dw08,dw06,75,1,2026-08-27T13:14:41.108+0200,dw03,021B,114,1965,-45,-1674,1027,3.15,12268
ground-height-0m-20260825-163632,d020m_r090_run01.csv,0,20,90,dw00;dw01;dw02;dw03;dw04;dw05;dw06;dw07;dw08,dw00;dw01;dw02;dw03;dw04;dw05;dw06;dw07;dw08,dw06,35,1,2026-08-27T13:14:41.138+0200,dw01,1729,87,1970,-128,1686,1018,3.51,42266
ground-height-0m-20260825-163632,d020m_r090_run01.csv,0,20,90,dw00;dw01;dw02;dw03;dw04;dw05;dw06;dw07;dw08,dw00;dw01;dw02;dw03;dw04;dw05;dw06;dw07;dw08,dw06,55,1,2026-08-27T13:14:41.148+0200,dw02,8FB0,210,1971,-101,1971,0,3.45,52337
ground-height-0m-20260825-163632,d020m_r090_run01.csv,0,20,90,dw00;dw01;dw02;dw03;dw04;dw05;dw06;dw07;dw08,dw00;dw01;dw02;dw03;dw04;dw05;dw06;dw07;dw08,dw06,90,1,2026-08-27T13:14:41.157+0200,dw04,0F85,210,1967,4,-1074,1647,3.90,62255
ground-height-0m-20260825-163632,d020m_r090_run01.csv,0,20,90,dw00;dw01;dw02;dw03;dw04;dw05;dw06;dw07;dw08,dw00;dw01;dw02;dw03;dw04;dw05;dw06;dw07;dw08,dw06,145,1,2026-08-27T13:14:41.188+0200,dw07,5783,170,1972,125,397,1932,2.95,2147483
ground-height-0m-20260825-163632,d020m_r090_run01.csv,0,20,90,dw00;dw01;dw02;dw03;dw04;dw05;dw06;dw07;dw08,dw00;dw01;dw02;dw03;dw04;dw05;dw06;dw07;dw08,dw06,165,1,2026-08-27T13:14:41.218+0200,dw08,028E,95,1972,119,327,1944,2.89,22308
ground-height-0m-20260825-163632,d020m_r090_run01.csv,0,20,90,dw00;dw01;dw02;dw03;dw04;dw05;dw06;dw07;dw08,dw00;dw01;dw02;dw03;dw04;dw05;dw06;dw07;dw08,dw06,15,1,2026-08-27T13:14:41.228+0200,dw00,8103,171,1975,-155,1362,1430,3.90,32287
ground-height-0m-20260825-163632,d020m_r090_run01.csv,0,20,90,dw00;dw01;dw02;dw03;dw04;dw05;dw06;dw07;dw08,dw00;dw01;dw02;dw03;dw04;dw05;dw06;dw07;dw08,dw06,105,1,2026-08-27T13:14:41.268+0200,dw05,4B92,163,1973,45,-579,1886,3.84,72296
ground-height-0m-20260825-163632,d020m_r090_run01.csv,0,20,90,dw00;dw01;dw02;dw03;dw04;dw05;dw06;dw07;dw08,dw00;dw01;dw02;dw03;dw04;dw05;dw06;dw07;dw08,dw06,145,1,2026-08-27T13:14:41.303+0200,dw07,5783,5,1974,80,-156,1968,3.01,2147483
ground-height-0m-20260825-163632,d020m_r090_run01.csv,0,20,90,dw00;dw01;dw02;dw03;dw04;dw05;dw06;dw07;dw08,dw00;dw01;dw02;dw03;dw04;dw05;dw06;dw07;dw08,dw06,35,1,2026-08-27T13:14:41.338+0200,dw01,1729,88,1968,-140,1540,1226,3.57,2147483
ground-height-0m-20260825-163632,d020m_r090_run01.csv,0,20,90,dw00;dw01;dw02;dw03;dw04;dw05;dw06;dw07;dw08,dw00;dw01;dw02;dw03;dw04;dw05;dw06;dw07;dw08,dw06,55,1,2026-08-27T13:14:41.348+0200,dw02,8FB0,211,1972,-98,1972,0,3.33,2147483
ground-height-0m-20260825-163632,d020m_r090_run01.csv,0,20,90,dw00;dw01;dw02;dw03;dw04;dw05;dw06;dw07;dw08,dw00;dw01;dw02;dw03;dw04;dw05;dw06;dw07;dw08,dw06,90,1,2026-08-27T13:14:41.358+0200,dw04,0F85,211,1965,0,-1131,1607,3.90,2147483
ground-height-0m-20260825-163632,d020m_r090_run01.csv,0,20,90,dw00;dw01;dw02;dw03;dw04;dw05;dw06;dw07;dw08,dw00;dw01;dw02;dw03;dw04;dw05;dw06;dw07;dw08,dw06,145,1,2026-08-27T13:14:41.388+0200,dw07,5783,171,1969,130,459,1915,2.95,2147483
ground-height-0m-20260825-163632,d020m_r090_run01.csv,0,20,90,dw00;dw01;dw02;dw03;dw04;dw05;dw06;dw07;dw08,dw00;dw01;dw02;dw03;dw04;dw05;dw06;dw07;dw08,dw06,165,1,2026-08-27T13:14:41.418+0200,dw08,028E,96,1968,122,352,1936,2.65,22247
ground-height-0m-20260825-163632,d020m_r090_run01.csv,0,20,90,dw00;dw01;dw02;dw03;dw04;dw05;dw06;dw07;dw08,dw00;dw01;dw02;dw03;dw04;dw05;dw06;dw07;dw08,dw06,15,1,2026-08-27T13:14:41.428+0200,dw00,8103,172,1976,-172,1153,1605,3.96,32287
ground-height-0m-20260825-163632,d020m_r090_run01.csv,0,20,90,dw00;dw01;dw02;dw03;dw04;dw05;dw06;dw07;dw08,dw00;dw01;dw02;dw03;dw04;dw05;dw06;dw07;dw08,dw06,105,1,2026-08-27T13:14:41.468+0200,dw05,4B92,164,1972,49,-523,1901,3.78,72235
ground-height-0m-20260825-163632,d020m_r090_run01.csv,0,20,90,dw00;dw01;dw02;dw03;dw04;dw05;dw06;dw07;dw08,dw00;dw01;dw02;dw03;dw04;dw05;dw06;dw07;dw08,dw06,75,1,2026-08-27T13:14:41.524+0200,dw03,021B,116,1964,-42,-1640,1080,3.27,27893
ground-height-0m-20260825-163632,d020m_r090_run01.csv,0,20,90,dw00;dw01;dw02;dw03;dw04;dw05;dw06;dw07;dw08,dw00;dw01;dw02;dw03;dw04;dw05;dw06;dw07;dw08,dw06,35,1,2026-08-27T13:14:41.557+0200,dw01,1729,89,1977,-100,1977,0,3.57,60974
ground-height-0m-20260825-163632,d020m_r090_run01.csv,0,20,90,dw00;dw01;dw02;dw03;dw04;dw05;dw06;dw07;dw08,dw00;dw01;dw02;dw03;dw04;dw05;dw06;dw07;dw08,dw06,55,1,2026-08-27T13:14:41.567+0200,dw02,8FB0,212,1969,-93,1969,0,3.51,71014
ground-height-0m-20260825-163632,d020m_r090_run01.csv,0,20,90,dw00;dw01;dw02;dw03;dw04;dw05;dw06;dw07;dw08,dw00;dw01;dw02;dw03;dw04;dw05;dw06;dw07;dw08,dw06,90,1,2026-08-27T13:14:41.576+0200,dw04,0F85,212,1964,5,-1056,1656,4.02,80566
ground-height-0m-20260825-163632,d020m_r090_run01.csv,0,20,90,dw00;dw01;dw02;dw03;dw04;dw05;dw06;dw07;dw08,dw00;dw01;dw02;dw03;dw04;dw05;dw06;dw07;dw08,dw06,145,1,2026-08-27T13:14:41.588+0200,dw07,5783,6,1975,92,-1,1975,2.71,2147483
ground-height-0m-20260825-163632,d020m_r090_run01.csv,0,20,90,dw00;dw01;dw02;dw03;dw04;dw05;dw06;dw07;dw08,dw00;dw01;dw02;dw03;dw04;dw05;dw06;dw07;dw08,dw06,145,1,2026-08-27T13:14:41.607+0200,dw07,5783,172,1971,112,240,1956,2.95,2147483
ground-height-0m-20260825-163632,d020m_r090_run01.csv,0,20,90,dw00;dw01;dw02;dw03;dw04;dw05;dw06;dw07;dw08,dw00;dw01;dw02;dw03;dw04;dw05;dw06;dw07;dw08,dw06,165,1,2026-08-27T13:14:41.617+0200,dw08,028E,97,1969,77,-188,1960,2.83,2147483
ground-height-0m-20260825-163632,d020m_r090_run01.csv,0,20,90,dw00;dw01;dw02;dw03;dw04;dw05;dw06;dw07;dw08,dw00;dw01;dw02;dw03;dw04;dw05;dw06;dw07;dw08,dw06,15,1,2026-08-27T13:14:41.628+0200,dw00,8103,173,1973,-163,1260,1518,3.90,2147483
ground-height-0m-20260825-163632,d020m_r090_run01.csv,0,20,90,dw00;dw01;dw02;dw03;dw04;dw05;dw06;dw07;dw08,dw00;dw01;dw02;dw03;dw04;dw05;dw06;dw07;dw08,dw06,105,1,2026-08-27T13:14:41.668+0200,dw05,4B92,165,1973,38,-660,1859,3.72,2147483
ground-height-0m-20260825-163632,d020m_r090_run01.csv,0,20,90,dw00;dw01;dw02;dw03;dw04;dw05;dw06;dw07;dw08,dw00;dw01;dw02;dw03;dw04;dw05;dw06;dw07;dw08,dw06,75,1,2026-08-27T13:14:41.708+0200,dw03,021B,117,1961,-41,-1622,1102,3.06,12298
ground-height-0m-20260825-163632,d020m_r090_run01.csv,0,20,90,dw00;dw01;dw02;dw03;dw04;dw05;dw06;dw07;dw08,dw00;dw01;dw02;dw03;dw04;dw05;dw06;dw07;dw08,dw06,35,1,2026-08-27T13:14:41.738+0200,dw01,1729,90,1971,-150,1411,1376,3.45,42358
ground-height-0m-20260825-163632,d020m_r090_run01.csv,0,20,90,dw00;dw01;dw02;dw03;dw04;dw05;dw06;dw07;dw08,dw00;dw01;dw02;dw03;dw04;dw05;dw06;dw07;dw08,dw06,55,1,2026-08-27T13:14:41.747+0200,dw02,8FB0,213,1969,-89,1969,0,3.45,52307
ground-height-0m-20260825-163632,d020m_r090_run01.csv,0,20,90,dw00;dw01;dw02;dw03;dw04;dw05;dw06;dw07;dw08,dw00;dw01;dw02;dw03;dw04;dw05;dw06;dw07;dw08,dw06,90,1,2026-08-27T13:14:41.758+0200,dw04,0F85,213,1966,0,-1127,1611,4.02,62286
ground-height-0m-20260825-163632,d020m_r090_run01.csv,0,20,90,dw00;dw01;dw02;dw03;dw04;dw05;dw06;dw07;dw08,dw00;dw01;dw02;dw03;dw04;dw05;dw06;dw07;dw08,dw06,145,1,2026-08-27T13:14:41.787+0200,dw07,5783,7,1975,94,14,1975,2.83,2147483
ground-height-0m-20260825-163632,d020m_r090_run01.csv,0,20,90,dw00;dw01;dw02;dw03;dw04;dw05;dw06;dw07;dw08,dw00;dw01;dw02;dw03;dw04;dw05;dw06;dw07;dw08,dw06,165,1,2026-08-27T13:14:41.836+0200,dw08,028E,98,1975,144,625,1873,2.83,40588
ground-height-0m-20260825-163632,d020m_r090_run01.csv,0,20,90,dw00;dw01;dw02;dw03;dw04;dw05;dw06;dw07;dw08,dw00;dw01;dw02;dw03;dw04;dw05;dw06;dw07;dw08,dw06,15,1,2026-08-27T13:14:41.846+0200,dw00,8103,174,1976,-167,1208,1564,3.90,50598
ground-height-0m-20260825-163632,d020m_r090_run01.csv,0,20,90,dw00;dw01;dw02;dw03;dw04;dw05;dw06;dw07;dw08,dw00;dw01;dw02;dw03;dw04;dw05;dw06;dw07;dw08,dw06,105,1,2026-08-27T13:14:41.886+0200,dw05,4B92,166,1970,45,-579,1883,3.78,90576
ground-height-0m-20260825-163632,d020m_r090_run01.csv,0,20,90,dw00;dw01;dw02;dw03;dw04;dw05;dw06;dw07;dw08,dw00;dw01;dw02;dw03;dw04;dw05;dw06;dw07;dw08,dw06,75,1,2026-08-27T13:14:41.908+0200,dw03,021B,118,1964,-43,-1655,1057,3.15,12268
ground-height-0m-20260825-163632,d020m_r090_run01.csv,0,20,90,dw00;dw01;dw02;dw03;dw04;dw05;dw06;dw07;dw08,dw00;dw01;dw02;dw03;dw04;dw05;dw06;dw07;dw08,dw06,35,1,2026-08-27T13:14:41.938+0200,dw01,1729,91,1973,-142,1514,1264,3.57,42327
ground-height-0m-20260825-163632,d020m_r090_run01.csv,0,20,90,dw00;dw01;dw02;dw03;dw04;dw05;dw06;dw07;dw08,dw00;dw01;dw02;dw03;dw04;dw05;dw06;dw07;dw08,dw06,55,1,2026-08-27T13:14:41.948+0200,dw02,8FB0,214,1971,-96,1971,0,3.57,52337
ground-height-0m-20260825-163632,d020m_r090_run01.csv,0,20,90,dw00;dw01;dw02;dw03;dw04;dw05;dw06;dw07;dw08,dw00;dw01;dw02;dw03;dw04;dw05;dw06;dw07;dw08,dw06,90,1,2026-08-27T13:14:41.957+0200,dw04,0F85,214,1965,-3,-1163,1584,3.96,62255
ground-height-0m-20260825-163632,d020m_r090_run01.csv,0,20,90,dw00;dw01;dw02;dw03;dw04;dw05;dw06;dw07;dw08,dw00;dw01;dw02;dw03;dw04;dw05;dw06;dw07;dw08,dw06,145,1,2026-08-27T13:14:41.988+0200,dw07,5783,8,1974,90,-32,1974,2.77,2147483
ground-height-0m-20260825-163632,d020m_r090_run01.csv,0,20,90,dw00;dw01;dw02;dw03;dw04;dw05;dw06;dw07;dw08,dw00;dw01;dw02;dw03;dw04;dw05;dw06;dw07;dw08,dw06,165,1,2026-08-27T13:14:42.018+0200,dw08,028E,99,1971,105,150,1965,2.95,22277
ground-height-0m-20260825-163632,d020m_r090_run01.csv,0,20,90,dw00;dw01;dw02;dw03;dw04;dw05;dw06;dw07;dw08,dw00;dw01;dw02;dw03;dw04;dw05;dw06;dw07;dw08,dw06,15,1,2026-08-27T13:14:42.028+0200,dw00,8103,175,1976,-160,1297,1491,3.90,32257
ground-height-0m-20260825-163632,d020m_r090_run01.csv,0,20,90,dw00;dw01;dw02;dw03;dw04;dw05;dw06;dw07;dw08,dw00;dw01;dw02;dw03;dw04;dw05;dw06;dw07;dw08,dw06,105,1,2026-08-27T13:14:42.068+0200,dw05,4B92,167,1975,43,-599,1882,3.69,72265
ground-height-0m-20260825-163632,d020m_r090_run01.csv,0,20,90,dw00;dw01;dw02;dw03;dw04;dw05;dw06;dw07;dw08,dw00;dw01;dw02;dw03;dw04;dw05;dw06;dw07;dw08,dw06,145,1,2026-08-27T13:14:42.104+0200,dw07,5783,174,1971,122,356,1938,2.95,2147483
ground-height-0m-20260825-163632,d020m_r090_run01.csv,0,20,90,dw00;dw01;dw02;dw03;dw04;dw05;dw06;dw07;dw08,dw00;dw01;dw02;dw03;dw04;dw05;dw06;dw07;dw08,dw06,35,1,2026-08-27T13:14:42.138+0200,dw01,1729,92,1972,-77,-1972,0,3.45,2147483
ground-height-0m-20260825-163632,d020m_r090_run01.csv,0,20,90,dw00;dw01;dw02;dw03;dw04;dw05;dw06;dw07;dw08,dw00;dw01;dw02;dw03;dw04;dw05;dw06;dw07;dw08,dw06,55,1,2026-08-27T13:14:42.148+0200,dw02,8FB0,215,1973,-88,1973,0,3.45,2147483
ground-height-0m-20260825-163632,d020m_r090_run01.csv,0,20,90,dw00;dw01;dw02;dw03;dw04;dw05;dw06;dw07;dw08,dw00;dw01;dw02;dw03;dw04;dw05;dw06;dw07;dw08,dw06,90,1,2026-08-27T13:14:42.158+0200,dw04,0F85,215,1964,-1,-1142,1598,3.96,2147483
ground-height-0m-20260825-163632,d020m_r090_run01.csv,0,20,90,dw00;dw01;dw02;dw03;dw04;dw05;dw06;dw07;dw08,dw00;dw01;dw02;dw03;dw04;dw05;dw06;dw07;dw08,dw06,145,1,2026-08-27T13:14:42.188+0200,dw07,5783,9,1975,88,-59,1975,2.77,2147483
ground-height-0m-20260825-163632,d020m_r090_run01.csv,0,20,90,dw00;dw01;dw02;dw03;dw04;dw05;dw06;dw07;dw08,dw00;dw01;dw02;dw03;dw04;dw05;dw06;dw07;dw08,dw06,165,1,2026-08-27T13:14:42.218+0200,dw08,028E,100,1972,145,640,1865,2.83,22247
ground-height-0m-20260825-163632,d020m_r090_run01.csv,0,20,90,dw00;dw01;dw02;dw03;dw04;dw05;dw06;dw07;dw08,dw00;dw01;dw02;dw03;dw04;dw05;dw06;dw07;dw08,dw06,15,1,2026-08-27T13:14:42.228+0200,dw00,8103,176,1974,-153,1375,1416,3.84,32257
ground-height-0m-20260825-163632,d020m_r090_run01.csv,0,20,90,dw00;dw01;dw02;dw03;dw04;dw05;dw06;dw07;dw08,dw00;dw01;dw02;dw03;dw04;dw05;dw06;dw07;dw08,dw06,105,1,2026-08-27T13:14:42.268+0200,dw05,4B92,168,1970,46,-565,1887,3.72,72296
ground-height-0m-20260825-163632,d020m_r090_run01.csv,0,20,90,dw00;dw01;dw02;dw03;dw04;dw05;dw06;dw07;dw08,dw00;dw01;dw02;dw03;dw04;dw05;dw06;dw07;dw08,dw06,75,1,2026-08-27T13:14:42.324+0200,dw03,021B,120,1962,-44,-1666,1035,3.27,27923
ground-height-0m-20260825-163632,d020m_r090_run01.csv,0,20,90,dw00;dw01;dw02;dw03;dw04;dw05;dw06;dw07;dw08,dw00;dw01;dw02;dw03;dw04;dw05;dw06;dw07;dw08,dw06,35,1,2026-08-27T13:14:42.357+0200,dw01,1729,93,1972,-132,1634,1104,3.45,60974
ground-height-0m-20260825-163632,d020m_r090_run01.csv,0,20,90,dw00;dw01;dw02;dw03;dw04;dw05;dw06;dw07;dw08,dw00;dw01;dw02;dw03;dw04;dw05;dw06;dw07;dw08,dw06,55,1,2026-08-27T13:14:42.367+0200,dw02,8FB0,216,1974,-96,1973,0,3.45,71014
ground-height-0m-20260825-163632,d020m_r090_run01.csv,0,20,90,dw00;dw01;dw02;dw03;dw04;dw05;dw06;dw07;dw08,dw00;dw01;dw02;dw03;dw04;dw05;dw06;dw07;dw08,dw06,90,1,2026-08-27T13:14:42.376+0200,dw04,0F85,216,1965,0,-1130,1607,3.90,80535
ground-height-0m-20260825-163632,d020m_r090_run01.csv,0,20,90,dw00;dw01;dw02;dw03;dw04;dw05;dw06;dw07;dw08,dw00;dw01;dw02;dw03;dw04;dw05;dw06;dw07;dw08,dw06,145,1,2026-08-27T13:14:42.388+0200,dw07,5783,175,1971,135,517,1901,2.95,2147483
ground-height-0m-20260825-163632,d020m_r090_run01.csv,0,20,90,dw00;dw01;dw02;dw03;dw04;dw05;dw06;dw07;dw08,dw00;dw01;dw02;dw03;dw04;dw05;dw06;dw07;dw08,dw06,145,1,2026-08-27T13:14:42.406+0200,dw07,5783,10,1975,92,0,1975,2.83,2147483
ground-height-0m-20260825-163632,d020m_r090_run01.csv,0,20,90,dw00;dw01;dw02;dw03;dw04;dw05;dw06;dw07;dw08,dw00;dw01;dw02;dw03;dw04;dw05;dw06;dw07;dw08,dw06,165,1,2026-08-27T13:14:42.417+0200,dw08,028E,101,1970,160,815,1793,2.77,2147483
ground-height-0m-20260825-163632,d020m_r090_run01.csv,0,20,90,dw00;dw01;dw02;dw03;dw04;dw05;dw06;dw07;dw08,dw00;dw01;dw02;dw03;dw04;dw05;dw06;dw07;dw08,dw06,15,1,2026-08-27T13:14:42.428+0200,dw00,8103,177,1976,-169,1191,1576,3.78,2147483
ground-height-0m-20260825-163632,d020m_r090_run01.csv,0,20,90,dw00;dw01;dw02;dw03;dw04;dw05;dw06;dw07;dw08,dw00;dw01;dw02;dw03;dw04;dw05;dw06;dw07;dw08,dw06,105,1,2026-08-27T13:14:42.468+0200,dw05,4B92,169,1969,44,-584,1880,3.78,2147483
ground-height-0m-20260825-163632,d020m_r090_run01.csv,0,20,90,dw00;dw01;dw02;dw03;dw04;dw05;dw06;dw07;dw08,dw00;dw01;dw02;dw03;dw04;dw05;dw06;dw07;dw08,dw06,75,1,2026-08-27T13:14:42.508+0200,dw03,021B,121,1965,-44,-1662,1047,3.06,12329
ground-height-0m-20260825-163632,d020m_r090_run01.csv,0,20,90,dw00;dw01;dw02;dw03;dw04;dw05;dw06;dw07;dw08,dw00;dw01;dw02;dw03;dw04;dw05;dw06;dw07;dw08,dw06,35,1,2026-08-27T13:14:42.537+0200,dw01,1729,94,1974,-132,1638,1102,3.57,42358
ground-height-0m-20260825-163632,d020m_r090_run01.csv,0,20,90,dw00;dw01;dw02;dw03;dw04;dw05;dw06;dw07;dw08,dw00;dw01;dw02;dw03;dw04;dw05;dw06;dw07;dw08,dw06,55,1,2026-08-27T13:14:42.547+0200,dw02,8FB0,217,1973,-94,1973,0,3.45,52307
ground-height-0m-20260825-163632,d020m_r090_run01.csv,0,20,90,dw00;dw01;dw02;dw03;dw04;dw05;dw06;dw07;dw08,dw00;dw01;dw02;dw03;dw04;dw05;dw06;dw07;dw08,dw06,90,1,2026-08-27T13:14:42.558+0200,dw04,0F85,217,1969,3,-1088,1641,3.96,62286
ground-height-0m-20260825-163632,d020m_r090_run01.csv,0,20,90,dw00;dw01;dw02;dw03;dw04;dw05;dw06;dw07;dw08,dw00;dw01;dw02;dw03;dw04;dw05;dw06;dw07;dw08,dw06,145,1,2026-08-27T13:14:42.587+0200,dw07,5783,176,1974,123,365,1940,2.95,2147483
ground-height-0m-20260825-163632,d020m_r090_run01.csv,0,20,90,dw00;dw01;dw02;dw03;dw04;dw05;dw06;dw07;dw08,dw00;dw01;dw02;dw03;dw04;dw05;dw06;dw07;dw08,dw06,165,1,2026-08-27T13:14:42.636+0200,dw08,028E,102,1970,90,-27,1970,2.83,40588
ground-height-0m-20260825-163632,d020m_r090_run01.csv,0,20,90,dw00;dw01;dw02;dw03;dw04;dw05;dw06;dw07;dw08,dw00;dw01;dw02;dw03;dw04;dw05;dw06;dw07;dw08,dw06,15,1,2026-08-27T13:14:42.646+0200,dw00,8103,178,1974,-158,1317,1470,3.84,50567
ground-height-0m-20260825-163632,d020m_r090_run01.csv,0,20,90,dw00;dw01;dw02;dw03;dw04;dw05;dw06;dw07;dw08,dw00;dw01;dw02;dw03;dw04;dw05;dw06;dw07;dw08,dw06,105,1,2026-08-27T13:14:42.687+0200,dw05,4B92,170,1973,48,-537,1898,3.72,90606
ground-height-0m-20260825-163632,d020m_r090_run01.csv,0,20,90,dw00;dw01;dw02;dw03;dw04;dw05;dw06;dw07;dw08,dw00;dw01;dw02;dw03;dw04;dw05;dw06;dw07;dw08,dw06,75,1,2026-08-27T13:14:42.707+0200,dw03,021B,122,1966,-37,-1581,1169,3.01,12237
ground-height-0m-20260825-163632,d020m_r090_run01.csv,0,20,90,dw00;dw01;dw02;dw03;dw04;dw05;dw06;dw07;dw08,dw00;dw01;dw02;dw03;dw04;dw05;dw06;dw07;dw08,dw06,35,1,2026-08-27T13:14:42.738+0200,dw01,1729,95,1973,-73,-1973,0,3.45,42266
ground-height-0m-20260825-163632,d020m_r090_run01.csv,0,20,90,dw00;dw01;dw02;dw03;dw04;dw05;dw06;dw07;dw08,dw00;dw01;dw02;dw03;dw04;dw05;dw06;dw07;dw08,dw06,55,1,2026-08-27T13:14:42.747+0200,dw02,8FB0,218,1973,-90,1973,0,3.51,52337
ground-height-0m-20260825-163632,d020m_r090_run01.csv,0,20,90,dw00;dw01;dw02;dw03;dw04;dw05;dw06;dw07;dw08,dw00;dw01;dw02;dw03;dw04;dw05;dw06;dw07;dw08,dw06,90,1,2026-08-27T13:14:42.757+0200,dw04,0F85,218,1966,-2,-1151,1594,3.96,62255
ground-height-0m-20260825-163632,d020m_r090_run01.csv,0,20,90,dw00;dw01;dw02;dw03;dw04;dw05;dw06;dw07;dw08,dw00;dw01;dw02;dw03;dw04;dw05;dw06;dw07;dw08,dw06,145,1,2026-08-27T13:14:42.788+0200,dw07,5783,177,1972,129,438,1922,2.95,2147483
ground-height-0m-20260825-163632,d020m_r090_run01.csv,0,20,90,dw00;dw01;dw02;dw03;dw04;dw05;dw06;dw07;dw08,dw00;dw01;dw02;dw03;dw04;dw05;dw06;dw07;dw08,dw06,165,1,2026-08-27T13:14:42.818+0200,dw08,028E,103,1969,90,-28,1969,2.65,22308
ground-height-0m-20260825-163632,d020m_r090_run01.csv,0,20,90,dw00;dw01;dw02;dw03;dw04;dw05;dw06;dw07;dw08,dw00;dw01;dw02;dw03;dw04;dw05;dw06;dw07;dw08,dw06,15,1,2026-08-27T13:14:42.828+0200,dw00,8103,179,1972,-165,1228,1543,3.78,32257
ground-height-0m-20260825-163632,d020m_r090_run01.csv,0,20,90,dw00;dw01;dw02;dw03;dw04;dw05;dw06;dw07;dw08,dw00;dw01;dw02;dw03;dw04;dw05;dw06;dw07;dw08,dw06,105,1,2026-08-27T13:14:42.868+0200,dw05,4B92,171,1972,44,-583,1883,3.78,72296
ground-height-0m-20260825-163632,d020m_r090_run01.csv,0,20,90,dw00;dw01;dw02;dw03;dw04;dw05;dw06;dw07;dw08,dw00;dw01;dw02;dw03;dw04;dw05;dw06;dw07;dw08,dw06,145,1,2026-08-27T13:14:42.903+0200,dw07,5783,12,1973,92,0,1973,2.89,2147483
ground-height-0m-20260825-163632,d020m_r090_run01.csv,0,20,90,dw00;dw01;dw02;dw03;dw04;dw05;dw06;dw07;dw08,dw00;dw01;dw02;dw03;dw04;dw05;dw06;dw07;dw08,dw06,35,1,2026-08-27T13:14:42.939+0200,dw01,1729,96,1967,-58,-1840,695,3.57,2147483
ground-height-0m-20260825-163632,d020m_r090_run01.csv,0,20,90,dw00;dw01;dw02;dw03;dw04;dw05;dw06;dw07;dw08,dw00;dw01;dw02;dw03;dw04;dw05;dw06;dw07;dw08,dw06,55,1,2026-08-27T13:14:42.948+0200,dw02,8FB0,219,1976,-91,1976,0,3.45,2147483
ground-height-0m-20260825-163632,d020m_r090_run01.csv,0,20,90,dw00;dw01;dw02;dw03;dw04;dw05;dw06;dw07;dw08,dw00;dw01;dw02;dw03;dw04;dw05;dw06;dw07;dw08,dw06,90,1,2026-08-27T13:14:42.958+0200,dw04,0F85,219,1966,3,-1089,1637,3.96,2147483
ground-height-0m-20260825-163632,d020m_r090_run01.csv,0,20,90,dw00;dw01;dw02;dw03;dw04;dw05;dw06;dw07;dw08,dw00;dw01;dw02;dw03;dw04;dw05;dw06;dw07;dw08,dw06,145,1,2026-08-27T13:14:42.988+0200,dw07,5783,178,1968,140,575,1883,2.83,2147483
ground-height-0m-20260825-163632,d020m_r090_run01.csv,0,20,90,dw00;dw01;dw02;dw03;dw04;dw05;dw06;dw07;dw08,dw00;dw01;dw02;dw03;dw04;dw05;dw06;dw07;dw08,dw06,165,1,2026-08-27T13:14:43.019+0200,dw08,028E,104,1974,107,174,1966,2.95,22247
ground-height-0m-20260825-163632,d020m_r090_run01.csv,0,20,90,dw00;dw01;dw02;dw03;dw04;dw05;dw06;dw07;dw08,dw00;dw01;dw02;dw03;dw04;dw05;dw06;dw07;dw08,dw06,15,1,2026-08-27T13:14:43.028+0200,dw00,8103,180,1978,-158,1320,1473,3.90,32318
ground-height-0m-20260825-163632,d020m_r090_run01.csv,0,20,90,dw00;dw01;dw02;dw03;dw04;dw05;dw06;dw07;dw08,dw00;dw01;dw02;dw03;dw04;dw05;dw06;dw07;dw08,dw06,105,1,2026-08-27T13:14:43.068+0200,dw05,4B92,172,1973,35,-694,1846,3.72,72326
ground-height-0m-20260825-163632,d020m_r090_run01.csv,0,20,90,dw00;dw01;dw02;dw03;dw04;dw05;dw06;dw07;dw08,dw00;dw01;dw02;dw03;dw04;dw05;dw06;dw07;dw08,dw06,75,1,2026-08-27T13:14:43.124+0200,dw03,021B,124,1963,-36,-1564,1186,3.33,27923
ground-height-0m-20260825-163632,d020m_r090_run01.csv,0,20,90,dw00;dw01;dw02;dw03;dw04;dw05;dw06;dw07;dw08,dw00;dw01;dw02;dw03;dw04;dw05;dw06;dw07;dw08,dw06,35,1,2026-08-27T13:14:43.157+0200,dw01,1729,97,1970,-141,1528,1244,3.51,60974
ground-height-0m-20260825-163632,d020m_r090_run01.csv,0,20,90,dw00;dw01;dw02;dw03;dw04;dw05;dw06;dw07;dw08,dw00;dw01;dw02;dw03;dw04;dw05;dw06;dw07;dw08,dw06,55,1,2026-08-27T13:14:43.167+0200,dw02,8FB0,220,1971,-101,1971,0,3.45,71014
ground-height-0m-20260825-163632,d020m_r090_run01.csv,0,20,90,dw00;dw01;dw02;dw03;dw04;dw05;dw06;dw07;dw08,dw00;dw01;dw02;dw03;dw04;dw05;dw06;dw07;dw08,dw06,90,1,2026-08-27T13:14:43.177+0200,dw04,0F85,220,1966,4,-1066,1652,3.84,80566
ground-height-0m-20260825-163632,d020m_r090_run01.csv,0,20,90,dw00;dw01;dw02;dw03;dw04;dw05;dw06;dw07;dw08,dw00;dw01;dw02;dw03;dw04;dw05;dw06;dw07;dw08,dw06,145,1,2026-08-27T13:14:43.189+0200,dw07,5783,13,1974,86,-74,1973,2.83,2147483
ground-height-0m-20260825-163632,d020m_r090_run01.csv,0,20,90,dw00;dw01;dw02;dw03;dw04;dw05;dw06;dw07;dw08,dw00;dw01;dw02;dw03;dw04;dw05;dw06;dw07;dw08,dw06,145,1,2026-08-27T13:14:43.207+0200,dw07,5783,179,1968,124,379,1931,2.95,2147483
ground-height-0m-20260825-163632,d020m_r090_run01.csv,0,20,90,dw00;dw01;dw02;dw03;dw04;dw05;dw06;dw07;dw08,dw00;dw01;dw02;dw03;dw04;dw05;dw06;dw07;dw08,dw06,165,1,2026-08-27T13:14:43.218+0200,dw08,028E,105,1970,89,-41,1969,2.77,2147483
ground-height-0m-20260825-163632,d020m_r090_run01.csv,0,20,90,dw00;dw01;dw02;dw03;dw04;dw05;dw06;dw07;dw08,dw00;dw01;dw02;dw03;dw04;dw05;dw06;dw07;dw08,dw06,15,1,2026-08-27T13:14:43.229+0200,dw00,8103,181,1974,-164,1243,1533,3.84,2147483
ground-height-0m-20260825-163632,d020m_r090_run01.csv,0,20,90,dw00;dw01;dw02;dw03;dw04;dw05;dw06;dw07;dw08,dw00;dw01;dw02;dw03;dw04;dw05;dw06;dw07;dw08,dw06,105,1,2026-08-27T13:14:43.269+0200,dw05,4B92,173,1970,42,-613,1872,3.72,2147483
ground-height-0m-20260825-163632,d020m_r090_run01.csv,0,20,90,dw00;dw01;dw02;dw03;dw04;dw05;dw06;dw07;dw08,dw00;dw01;dw02;dw03;dw04;dw05;dw06;dw07;dw08,dw06,75,1,2026-08-27T13:14:43.309+0200,dw03,021B,125,1964,-38,-1588,1155,3.15,12329
ground-height-0m-20260825-163632,d020m_r090_run01.csv,0,20,90,dw00;dw01;dw02;dw03;dw04;dw05;dw06;dw07;dw08,dw00;dw01;dw02;dw03;dw04;dw05;dw06;dw07;dw08,dw06,35,1,2026-08-27T13:14:43.338+0200,dw01,1729,98,1973,-78,-1973,0,3.57,42358
ground-height-0m-20260825-163632,d020m_r090_run01.csv,0,20,90,dw00;dw01;dw02;dw03;dw04;dw05;dw06;dw07;dw08,dw00;dw01;dw02;dw03;dw04;dw05;dw06;dw07;dw08,dw06,55,1,2026-08-27T13:14:43.348+0200,dw02,8FB0,221,1973,-96,1973,0,3.39,52337
ground-height-0m-20260825-163632,d020m_r090_run01.csv,0,20,90,dw00;dw01;dw02;dw03;dw04;dw05;dw06;dw07;dw08,dw00;dw01;dw02;dw03;dw04;dw05;dw06;dw07;dw08,dw06,90,1,2026-08-27T13:14:43.358+0200,dw04,0F85,221,1964,-4,-1173,1575,4.02,62316
ground-height-0m-20260825-163632,d020m_r090_run01.csv,0,20,90,dw00;dw01;dw02;dw03;dw04;dw05;dw06;dw07;dw08,dw00;dw01;dw02;dw03;dw04;dw05;dw06;dw07;dw08,dw06,145,1,2026-08-27T13:14:43.388+0200,dw07,5783,14,1975,92,-9,1975,2.83,2147483
ground-height-0m-20260825-163632,d020m_r090_run01.csv,0,20,90,dw00;dw01;dw02;dw03;dw04;dw05;dw06;dw07;dw08,dw00;dw01;dw02;dw03;dw04;dw05;dw06;dw07;dw08,dw06,165,1,2026-08-27T13:14:43.437+0200,dw08,028E,106,1977,154,745,1831,2.89,40588
ground-height-0m-20260825-163632,d020m_r090_run01.csv,0,20,90,dw00;dw01;dw02;dw03;dw04;dw05;dw06;dw07;dw08,dw00;dw01;dw02;dw03;dw04;dw05;dw06;dw07;dw08,dw06,15,1,2026-08-27T13:14:43.446+0200,dw00,8103,182,1972,-154,1369,1420,3.78,50537
ground-height-0m-20260825-163632,d020m_r090_run01.csv,0,20,90,dw00;dw01;dw02;dw03;dw04;dw05;dw06;dw07;dw08,dw00;dw01;dw02;dw03;dw04;dw05;dw06;dw07;dw08,dw06,105,1,2026-08-27T13:14:43.486+0200,dw05,4B92,174,1967,52,-485,1906,3.69,90576
ground-height-0m-20260825-163632,d020m_r090_run01.csv,0,20,90,dw00;dw01;dw02;dw03;dw04;dw05;dw06;dw07;dw08,dw00;dw01;dw02;dw03;dw04;dw05;dw06;dw07;dw08,dw06,75,1,2026-08-27T13:14:43.508+0200,dw03,021B,126,1964,-36,-1563,1189,3.06,12268
ground-height-0m-20260825-163632,d020m_r090_run01.csv,0,20,90,dw00;dw01;dw02;dw03;dw04;dw05;dw06;dw07;dw08,dw00;dw01;dw02;dw03;dw04;dw05;dw06;dw07;dw08,dw06,35,1,2026-08-27T13:14:43.538+0200,dw01,1729,99,1972,-78,-1972,0,3.45,42266
ground-height-0m-20260825-163632,d020m_r090_run01.csv,0,20,90,dw00;dw01;dw02;dw03;dw04;dw05;dw06;dw07;dw08,dw00;dw01;dw02;dw03;dw04;dw05;dw06;dw07;dw08,dw06,55,1,2026-08-27T13:14:43.548+0200,dw02,8FB0,222,1973,-105,1958,242,3.45,52307
ground-height-0m-20260825-163632,d020m_r090_run01.csv,0,20,90,dw00;dw01;dw02;dw03;dw04;dw05;dw06;dw07;dw08,dw00;dw01;dw02;dw03;dw04;dw05;dw06;dw07;dw08,dw06,90,1,2026-08-27T13:14:43.558+0200,dw04,0F85,222,1965,3,-1082,1640,3.90,62255
ground-height-0m-20260825-163632,d020m_r090_run01.csv,0,20,90,dw00;dw01;dw02;dw03;dw04;dw05;dw06;dw07;dw08,dw00;dw01;dw02;dw03;dw04;dw05;dw06;dw07;dw08,dw06,145,1,2026-08-27T13:14:43.588+0200,dw07,5783,15,1974,92,-4,1974,2.77,2147483
ground-height-0m-20260825-163632,d020m_r090_run01.csv,0,20,90,dw00;dw01;dw02;dw03;dw04;dw05;dw06;dw07;dw08,dw00;dw01;dw02;dw03;dw04;dw05;dw06;dw07;dw08,dw06,165,1,2026-08-27T13:14:43.618+0200,dw08,028E,107,1973,120,330,1945,2.89,22308
ground-height-0m-20260825-163632,d020m_r090_run01.csv,0,20,90,dw00;dw01;dw02;dw03;dw04;dw05;dw06;dw07;dw08,dw00;dw01;dw02;dw03;dw04;dw05;dw06;dw07;dw08,dw06,15,1,2026-08-27T13:14:43.628+0200,dw00,8103,183,1975,-152,1391,1402,3.78,32257
ground-height-0m-20260825-163632,d020m_r090_run01.csv,0,20,90,dw00;dw01;dw02;dw03;dw04;dw05;dw06;dw07;dw08,dw00;dw01;dw02;dw03;dw04;dw05;dw06;dw07;dw08,dw06,105,1,2026-08-27T13:14:43.668+0200,dw05,4B92,175,1968,43,-604,1873,3.69,72326
ground-height-0m-20260825-163632,d020m_r090_run01.csv,0,20,90,dw00;dw01;dw02;dw03;dw04;dw05;dw06;dw07;dw08,dw00;dw01;dw02;dw03;dw04;dw05;dw06;dw07;dw08,dw06,145,1,2026-08-27T13:14:43.704+0200,dw07,5783,181,1967,109,204,1957,3.15,2147483
ground-height-0m-20260825-163632,d020m_r090_run01.csv,0,20,90,dw00;dw01;dw02;dw03;dw04;dw05;dw06;dw07;dw08,dw00;dw01;dw02;dw03;dw04;dw05;dw06;dw07;dw08,dw06,35,1,2026-08-27T13:14:43.738+0200,dw01,1729,100,1972,-137,1568,1195,3.57,2147483
ground-height-0m-20260825-163632,d020m_r090_run01.csv,0,20,90,dw00;dw01;dw02;dw03;dw04;dw05;dw06;dw07;dw08,dw00;dw01;dw02;dw03;dw04;dw05;dw06;dw07;dw08,dw06,55,1,2026-08-27T13:14:43.748+0200,dw02,8FB0,223,1974,-98,1973,0,3.51,2147483
ground-height-0m-20260825-163632,d020m_r090_run01.csv,0,20,90,dw00;dw01;dw02;dw03;dw04;dw05;dw06;dw07;dw08,dw00;dw01;dw02;dw03;dw04;dw05;dw06;dw07;dw08,dw06,90,1,2026-08-27T13:14:43.758+0200,dw04,0F85,223,1966,4,-1076,1645,3.96,2147483
ground-height-0m-20260825-163632,d020m_r090_run01.csv,0,20,90,dw00;dw01;dw02;dw03;dw04;dw05;dw06;dw07;dw08,dw00;dw01;dw02;dw03;dw04;dw05;dw06;dw07;dw08,dw06,145,1,2026-08-27T13:14:43.788+0200,dw07,5783,16,1974,89,-46,1974,2.71,2147483
ground-height-0m-20260825-163632,d020m_r090_run01.csv,0,20,90,dw00;dw01;dw02;dw03;dw04;dw05;dw06;dw07;dw08,dw00;dw01;dw02;dw03;dw04;dw05;dw06;dw07;dw08,dw06,165,1,2026-08-27T13:14:43.818+0200,dw08,028E,108,1968,134,503,1903,2.83,22247
ground-height-0m-20260825-163632,d020m_r090_run01.csv,0,20,90,dw00;dw01;dw02;dw03;dw04;dw05;dw06;dw07;dw08,dw00;dw01;dw02;dw03;dw04;dw05;dw06;dw07;dw08,dw06,15,1,2026-08-27T13:14:43.828+0200,dw00,8103,184,1972,-178,1076,1653,3.90,32318
ground-height-0m-20260825-163632,d020m_r090_run01.csv,0,20,90,dw00;dw01;dw02;dw03;dw04;dw05;dw06;dw07;dw08,dw00;dw01;dw02;dw03;dw04;dw05;dw06;dw07;dw08,dw06,105,1,2026-08-27T13:14:43.868+0200,dw05,4B92,176,1970,47,-554,1891,3.72,72326
ground-height-0m-20260825-163632,d020m_r090_run01.csv,0,20,90,dw00;dw01;dw02;dw03;dw04;dw05;dw06;dw07;dw08,dw00;dw01;dw02;dw03;dw04;dw05;dw06;dw07;dw08,dw06,75,1,2026-08-27T13:14:43.924+0200,dw03,021B,128,1965,-41,-1629,1099,3.27,27954
ground-height-0m-20260825-163632,d020m_r090_run01.csv,0,20,90,dw00;dw01;dw02;dw03;dw04;dw05;dw06;dw07;dw08,dw00;dw01;dw02;dw03;dw04;dw05;dw06;dw07;dw08,dw06,35,1,2026-08-27T13:14:43.957+0200,dw01,1729,101,1973,-141,1527,1249,3.57,60974
ground-height-0m-20260825-163632,d020m_r090_run01.csv,0,20,90,dw00;dw01;dw02;dw03;dw04;dw05;dw06;dw07;dw08,dw00;dw01;dw02;dw03;dw04;dw05;dw06;dw07;dw08,dw06,55,1,2026-08-27T13:14:43.967+0200,dw02,8FB0,224,1974,-102,1974,0,3.69,71044
ground-height-0m-20260825-163632,d020m_r090_run01.csv,0,20,90,dw00;dw01;dw02;dw03;dw04;dw05;dw06;dw07;dw08,dw00;dw01;dw02;dw03;dw04;dw05;dw06;dw07;dw08,dw06,90,1,2026-08-27T13:14:43.977+0200,dw04,0F85,224,1968,2,-1095,1635,3.90,80535
ground-height-0m-20260825-163632,d020m_r090_run01.csv,0,20,90,dw00;dw01;dw02;dw03;dw04;dw05;dw06;dw07;dw08,dw00;dw01;dw02;dw03;dw04;dw05;dw06;dw07;dw08,dw06,145,1,2026-08-27T13:14:43.988+0200,dw07,5783,182,1973,133,492,1910,2.95,2147483
ground-height-0m-20260825-163632,d020m_r090_run01.csv,0,20,90,dw00;dw01;dw02;dw03;dw04;dw05;dw06;dw07;dw08,dw00;dw01;dw02;dw03;dw04;dw05;dw06;dw07;dw08,dw06,145,1,2026-08-27T13:14:44.006+0200,dw07,5783,17,1974,93,4,1974,2.83,2147483
ground-height-0m-20260825-163632,d020m_r090_run01.csv,0,20,90,dw00;dw01;dw02;dw03;dw04;dw05;dw06;dw07;dw08,dw00;dw01;dw02;dw03;dw04;dw05;dw06;dw07;dw08,dw06,165,1,2026-08-27T13:14:44.018+0200,dw08,028E,109,1975,96,49,1974,2.95,2147483
ground-height-0m-20260825-163632,d020m_r090_run01.csv,0,20,90,dw00;dw01;dw02;dw03;dw04;dw05;dw06;dw07;dw08,dw00;dw01;dw02;dw03;dw04;dw05;dw06;dw07;dw08,dw06,15,1,2026-08-27T13:14:44.028+0200,dw00,8103,185,1974,-156,1349,1442,3.90,2147483
ground-height-0m-20260825-163632,d020m_r090_run01.csv,0,20,90,dw00;dw01;dw02;dw03;dw04;dw05;dw06;dw07;dw08,dw00;dw01;dw02;dw03;dw04;dw05;dw06;dw07;dw08,dw06,105,1,2026-08-27T13:14:44.068+0200,dw05,4B92,177,1972,39,-644,1864,3.78,2147483
ground-height-0m-20260825-163632,d020m_r090_run01.csv,0,20,90,dw00;dw01;dw02;dw03;dw04;dw05;dw06;dw07;dw08,dw00;dw01;dw02;dw03;dw04;dw05;dw06;dw07;dw08,dw06,75,1,2026-08-27T13:14:44.108+0200,dw03,021B,129,1962,-45,-1679,1015,3.15,12298
ground-height-0m-20260825-163632,d020m_r090_run01.csv,0,20,90,dw00;dw01;dw02;dw03;dw04;dw05;dw06;dw07;dw08,dw00;dw01;dw02;dw03;dw04;dw05;dw06;dw07;dw08,dw06,35,1,2026-08-27T13:14:44.138+0200,dw01,1729,102,1969,-147,1448,1334,3.57,42358
ground-height-0m-20260825-163632,d020m_r090_run01.csv,0,20,90,dw00;dw01;dw02;dw03;dw04;dw05;dw06;dw07;dw08,dw00;dw01;dw02;dw03;dw04;dw05;dw06;dw07;dw08,dw06,55,1,2026-08-27T13:14:44.147+0200,dw02,8FB0,225,1973,-103,1973,0,3.51,52337
ground-height-0m-20260825-163632,d020m_r090_run01.csv,0,20,90,dw00;dw01;dw02;dw03;dw04;dw05;dw06;dw07;dw08,dw00;dw01;dw02;dw03;dw04;dw05;dw06;dw07;dw08,dw06,90,1,2026-08-27T13:14:44.158+0200,dw04,0F85,225,1966,0,-1118,1617,3.96,62286
ground-height-0m-20260825-163632,d020m_r090_run01.csv,0,20,90,dw00;dw01;dw02;dw03;dw04;dw05;dw06;dw07;dw08,dw00;dw01;dw02;dw03;dw04;dw05;dw06;dw07;dw08,dw06,145,1,2026-08-27T13:14:44.187+0200,dw07,5783,183,1972,124,381,1935,2.83,2147483
ground-height-0m-20260825-163632,d020m_r090_run01.csv,0,20,90,dw00;dw01;dw02;dw03;dw04;dw05;dw06;dw07;dw08,dw00;dw01;dw02;dw03;dw04;dw05;dw06;dw07;dw08,dw06,165,1,2026-08-27T13:14:44.236+0200,dw08,028E,110,1973,67,-308,1949,2.89,40557
ground-height-0m-20260825-163632,d020m_r090_run01.csv,0,20,90,dw00;dw01;dw02;dw03;dw04;dw05;dw06;dw07;dw08,dw00;dw01;dw02;dw03;dw04;dw05;dw06;dw07;dw08,dw06,15,1,2026-08-27T13:14:44.246+0200,dw00,8103,186,1973,-158,1318,1468,3.90,50567
ground-height-0m-20260825-163632,d020m_r090_run01.csv,0,20,90,dw00;dw01;dw02;dw03;dw04;dw05;dw06;dw07;dw08,dw00;dw01;dw02;dw03;dw04;dw05;dw06;dw07;dw08,dw06,105,1,2026-08-27T13:14:44.286+0200,dw05,4B92,178,1972,42,-615,1874,3.69,90576
ground-height-0m-20260825-163632,d020m_r090_run01.csv,0,20,90,dw00;dw01;dw02;dw03;dw04;dw05;dw06;dw07;dw08,dw00;dw01;dw02;dw03;dw04;dw05;dw06;dw07;dw08,dw06,75,1,2026-08-27T13:14:44.308+0200,dw03,021B,130,1962,-46,-1682,1009,3.09,12268
ground-height-0m-20260825-163632,d020m_r090_run01.csv,0,20,90,dw00;dw01;dw02;dw03;dw04;dw05;dw06;dw07;dw08,dw00;dw01;dw02;dw03;dw04;dw05;dw06;dw07;dw08,dw06,35,1,2026-08-27T13:14:44.338+0200,dw01,1729,103,1969,-145,1470,1310,3.45,42327
ground-height-0m-20260825-163632,d020m_r090_run01.csv,0,20,90,dw00;dw01;dw02;dw03;dw04;dw05;dw06;dw07;dw08,dw00;dw01;dw02;dw03;dw04;dw05;dw06;dw07;dw08,dw06,55,1,2026-08-27T13:14:44.348+0200,dw02,8FB0,226,1972,-100,1972,0,3.51,52307
ground-height-0m-20260825-163632,d020m_r090_run01.csv,0,20,90,dw00;dw01;dw02;dw03;dw04;dw05;dw06;dw07;dw08,dw00;dw01;dw02;dw03;dw04;dw05;dw06;dw07;dw08,dw06,90,1,2026-08-27T13:14:44.357+0200,dw04,0F85,226,1965,1,-1109,1622,4.02,62225
ground-height-0m-20260825-163632,d020m_r090_run01.csv,0,20,90,dw00;dw01;dw02;dw03;dw04;dw05;dw06;dw07;dw08,dw00;dw01;dw02;dw03;dw04;dw05;dw06;dw07;dw08,dw06,145,1,2026-08-27T13:14:44.388+0200,dw07,5783,184,1969,128,431,1921,2.95,2147483
ground-height-0m-20260825-163632,d020m_r090_run01.csv,0,20,90,dw00;dw01;dw02;dw03;dw04;dw05;dw06;dw07;dw08,dw00;dw01;dw02;dw03;dw04;dw05;dw06;dw07;dw08,dw06,165,1,2026-08-27T13:14:44.418+0200,dw08,028E,111,1970,82,-121,1966,2.77,22277
ground-height-0m-20260825-163632,d020m_r090_run01.csv,0,20,90,dw00;dw01;dw02;dw03;dw04;dw05;dw06;dw07;dw08,dw00;dw01;dw02;dw03;dw04;dw05;dw06;dw07;dw08,dw06,15,1,2026-08-27T13:14:44.428+0200,dw00,8103,187,1976,-164,1252,1529,3.96,32287
ground-height-0m-20260825-163632,d020m_r090_run01.csv,0,20,90,dw00;dw01;dw02;dw03;dw04;dw05;dw06;dw07;dw08,dw00;dw01;dw02;dw03;dw04;dw05;dw06;dw07;dw08,dw06,105,1,2026-08-27T13:14:44.468+0200,dw05,4B92,179,1975,37,-678,1855,3.78,72326
ground-height-0m-20260825-163632,d020m_r090_run01.csv,0,20,90,dw00;dw01;dw02;dw03;dw04;dw05;dw06;dw07;dw08,dw00;dw01;dw02;dw03;dw04;dw05;dw06;dw07;dw08,dw06,145,1,2026-08-27T13:14:44.503+0200,dw07,5783,19,1974,94,14,1973,3.01,2147483
ground-height-0m-20260825-163632,d020m_r090_run01.csv,0,20,90,dw00;dw01;dw02;dw03;dw04;dw05;dw06;dw07;dw08,dw00;dw01;dw02;dw03;dw04;dw05;dw06;dw07;dw08,dw06,35,1,2026-08-27T13:14:44.538+0200,dw01,1729,104,1969,-55,-1798,802,3.45,2147483
ground-height-0m-20260825-163632,d020m_r090_run01.csv,0,20,90,dw00;dw01;dw02;dw03;dw04;dw05;dw06;dw07;dw08,dw00;dw01;dw02;dw03;dw04;dw05;dw06;dw07;dw08,dw06,55,1,2026-08-27T13:14:44.548+0200,dw02,8FB0,227,1970,-95,1970,0,3.51,2147483
ground-height-0m-20260825-163632,d020m_r090_run01.csv,0,20,90,dw00;dw01;dw02;dw03;dw04;dw05;dw06;dw07;dw08,dw00;dw01;dw02;dw03;dw04;dw05;dw06;dw07;dw08,dw06,90,1,2026-08-27T13:14:44.558+0200,dw04,0F85,227,1966,-1,-1137,1603,4.02,2147483
ground-height-0m-20260825-163632,d020m_r090_run01.csv,0,20,90,dw00;dw01;dw02;dw03;dw04;dw05;dw06;dw07;dw08,dw00;dw01;dw02;dw03;dw04;dw05;dw06;dw07;dw08,dw06,145,1,2026-08-27T13:14:44.588+0200,dw07,5783,185,1970,127,417,1926,3.01,2147483
ground-height-0m-20260825-163632,d020m_r090_run01.csv,0,20,90,dw00;dw01;dw02;dw03;dw04;dw05;dw06;dw07;dw08,dw00;dw01;dw02;dw03;dw04;dw05;dw06;dw07;dw08,dw06,165,1,2026-08-27T13:14:44.618+0200,dw08,028E,112,1969,28,-786,1805,2.77,22247
ground-height-0m-20260825-163632,d020m_r090_run01.csv,0,20,90,dw00;dw01;dw02;dw03;dw04;dw05;dw06;dw07;dw08,dw00;dw01;dw02;dw03;dw04;dw05;dw06;dw07;dw08,dw06,15,1,2026-08-27T13:14:44.628+0200,dw00,8103,188,1975,-164,1246,1532,3.96,32226
ground-height-0m-20260825-163632,d020m_r090_run01.csv,0,20,90,dw00;dw01;dw02;dw03;dw04;dw05;dw06;dw07;dw08,dw00;dw01;dw02;dw03;dw04;dw05;dw06;dw07;dw08,dw06,105,1,2026-08-27T13:14:44.668+0200,dw05,4B92,180,1975,44,-588,1886,3.84,72296
ground-height-0m-20260825-163632,d020m_r090_run01.csv,0,20,90,dw00;dw01;dw02;dw03;dw04;dw05;dw06;dw07;dw08,dw00;dw01;dw02;dw03;dw04;dw05;dw06;dw07;dw08,dw06,75,1,2026-08-27T13:14:44.723+0200,dw03,021B,132,1964,-42,-1642,1077,3.27,27923
ground-height-0m-20260825-163632,d020m_r090_run01.csv,0,20,90,dw00;dw01;dw02;dw03;dw04;dw05;dw06;dw07;dw08,dw00;dw01;dw02;dw03;dw04;dw05;dw06;dw07;dw08,dw06,35,1,2026-08-27T13:14:44.757+0200,dw01,1729,105,1973,-98,1973,0,3.51,60974
ground-height-0m-20260825-163632,d020m_r090_run01.csv,0,20,90,dw00;dw01;dw02;dw03;dw04;dw05;dw06;dw07;dw08,dw00;dw01;dw02;dw03;dw04;dw05;dw06;dw07;dw08,dw06,55,1,2026-08-27T13:14:44.767+0200,dw02,8FB0,228,1971,-97,1971,0,3.33,71014
ground-height-0m-20260825-163632,d020m_r090_run01.csv,0,20,90,dw00;dw01;dw02;dw03;dw04;dw05;dw06;dw07;dw08,dw00;dw01;dw02;dw03;dw04;dw05;dw06;dw07;dw08,dw06,90,1,2026-08-27T13:14:44.776+0200,dw04,0F85,228,1966,3,-1087,1639,4.02,80596
ground-height-0m-20260825-163632,d020m_r090_run01.csv,0,20,90,dw00;dw01;dw02;dw03;dw04;dw05;dw06;dw07;dw08,dw00;dw01;dw02;dw03;dw04;dw05;dw06;dw07;dw08,dw06,145,1,2026-08-27T13:14:44.788+0200,dw07,5783,20,1972,80,-153,1966,2.71,2147483
ground-height-0m-20260825-163632,d020m_r090_run01.csv,0,20,90,dw00;dw01;dw02;dw03;dw04;dw05;dw06;dw07;dw08,dw00;dw01;dw02;dw03;dw04;dw05;dw06;dw07;dw08,dw06,145,1,2026-08-27T13:14:44.807+0200,dw07,5783,186,1971,127,422,1925,2.95,2147483
ground-height-0m-20260825-163632,d020m_r090_run01.csv,0,20,90,dw00;dw01;dw02;dw03;dw04;dw05;dw06;dw07;dw08,dw00;dw01;dw02;dw03;dw04;dw05;dw06;dw07;dw08,dw06,165,1,2026-08-27T13:14:44.817+0200,dw08,028E,113,1970,113,253,1954,2.89,2147483
ground-height-0m-20260825-163632,d020m_r090_run01.csv,0,20,90,dw00;dw01;dw02;dw03;dw04;dw05;dw06;dw07;dw08,dw00;dw01;dw02;dw03;dw04;dw05;dw06;dw07;dw08,dw06,15,1,2026-08-27T13:14:44.828+0200,dw00,8103,189,1978,-163,1259,1525,3.84,2147483
ground-height-0m-20260825-163632,d020m_r090_run01.csv,0,20,90,dw00;dw01;dw02;dw03;dw04;dw05;dw06;dw07;dw08,dw00;dw01;dw02;dw03;dw04;dw05;dw06;dw07;dw08,dw06,105,1,2026-08-27T13:14:44.868+0200,dw05,4B92,181,1973,43,-598,1880,3.78,2147483
ground-height-0m-20260825-163632,d020m_r090_run01.csv,0,20,90,dw00;dw01;dw02;dw03;dw04;dw05;dw06;dw07;dw08,dw00;dw01;dw02;dw03;dw04;dw05;dw06;dw07;dw08,dw06,75,1,2026-08-27T13:14:44.908+0200,dw03,021B,133,1968,-39,-1608,1135,3.06,12298
ground-height-0m-20260825-163632,d020m_r090_run01.csv,0,20,90,dw00;dw01;dw02;dw03;dw04;dw05;dw06;dw07;dw08,dw00;dw01;dw02;dw03;dw04;dw05;dw06;dw07;dw08,dw06,35,1,2026-08-27T13:14:44.937+0200,dw01,1729,106,1971,-126,1710,979,3.45,42358
ground-height-0m-20260825-163632,d020m_r090_run01.csv,0,20,90,dw00;dw01;dw02;dw03;dw04;dw05;dw06;dw07;dw08,dw00;dw01;dw02;dw03;dw04;dw05;dw06;dw07;dw08,dw06,55,1,2026-08-27T13:14:44.947+0200,dw02,8FB0,229,1973,-81,-1973,0,3.57,52337
ground-height-0m-20260825-163632,d020m_r090_run01.csv,0,20,90,dw00;dw01;dw02;dw03;dw04;dw05;dw06;dw07;dw08,dw00;dw01;dw02;dw03;dw04;dw05;dw06;dw07;dw08,dw06,90,1,2026-08-27T13:14:44.958+0200,dw04,0F85,229,1965,-4,-1183,1569,3.96,62255
ground-height-0m-20260825-163632,d020m_r090_run01.csv,0,20,90,dw00;dw01;dw02;dw03;dw04;dw05;dw06;dw07;dw08,dw00;dw01;dw02;dw03;dw04;dw05;dw06;dw07;dw08,dw06,145,1,2026-08-27T13:14:44.987+0200,dw07,5783,21,1976,90,-26,1976,2.71,2147483
ground-height-0m-20260825-163632,d020m_r090_run01.csv,0,20,90,dw00;dw01;dw02;dw03;dw04;dw05;dw06;dw07;dw08,dw00;dw01;dw02;dw03;dw04;dw05;dw06;dw07;dw08,dw06,165,1,2026-08-27T13:14:45.036+0200,dw08,028E,114,1971,157,785,1808,2.83,40557
ground-height-0m-20260825-163632,d020m_r090_run01.csv,0,20,90,dw00;dw01;dw02;dw03;dw04;dw05;dw06;dw07;dw08,dw00;dw01;dw02;dw03;dw04;dw05;dw06;dw07;dw08,dw06,15,1,2026-08-27T13:14:45.046+0200,dw00,8103,190,1978,-157,1338,1456,3.90,50598
ground-height-0m-20260825-163632,d020m_r090_run01.csv,0,20,90,dw00;dw01;dw02;dw03;dw04;dw05;dw06;dw07;dw08,dw00;dw01;dw02;dw03;dw04;dw05;dw06;dw07;dw08,dw06,105,1,2026-08-27T13:14:45.086+0200,dw05,4B92,182,1967,42,-607,1871,3.69,90545
ground-height-0m-20260825-163632,d020m_r090_run01.csv,0,20,90,dw00;dw01;dw02;dw03;dw04;dw05;dw06;dw07;dw08,dw00;dw01;dw02;dw03;dw04;dw05;dw06;dw07;dw08,dw06,75,1,2026-08-27T13:14:45.107+0200,dw03,021B,134,1965,-47,-1705,977,3.09,12268
ground-height-0m-20260825-163632,d020m_r090_run01.csv,0,20,90,dw00;dw01;dw02;dw03;dw04;dw05;dw06;dw07;dw08,dw00;dw01;dw02;dw03;dw04;dw05;dw06;dw07;dw08,dw06,35,1,2026-08-27T13:14:45.138+0200,dw01,1729,107,1968,-135,1591,1159,3.33,42297
ground-height-0m-20260825-163632,d020m_r090_run01.csv,0,20,90,dw00;dw01;dw02;dw03;dw04;dw05;dw06;dw07;dw08,dw00;dw01;dw02;dw03;dw04;dw05;dw06;dw07;dw08,dw06,55,1,2026-08-27T13:14:45.147+0200,dw02,8FB0,230,1972,-106,1951,285,3.51,52307
ground-height-0m-20260825-163632,d020m_r090_run01.csv,0,20,90,dw00;dw01;dw02;dw03;dw04;dw05;dw06;dw07;dw08,dw00;dw01;dw02;dw03;dw04;dw05;dw06;dw07;dw08,dw06,90,1,2026-08-27T13:14:45.157+0200,dw04,0F85,230,1965,6,-1050,1660,3.90,62225
ground-height-0m-20260825-163632,d020m_r090_run01.csv,0,20,90,dw00;dw01;dw02;dw03;dw04;dw05;dw06;dw07;dw08,dw00;dw01;dw02;dw03;dw04;dw05;dw06;dw07;dw08,dw06,145,1,2026-08-27T13:14:45.187+0200,dw07,5783,22,1974,101,108,1971,2.71,2147483
ground-height-0m-20260825-163632,d020m_r090_run01.csv,0,20,90,dw00;dw01;dw02;dw03;dw04;dw05;dw06;dw07;dw08,dw00;dw01;dw02;dw03;dw04;dw05;dw06;dw07;dw08,dw06,165,1,2026-08-27T13:14:45.218+0200,dw08,028E,115,1974,145,635,1868,2.77,22277
ground-height-0m-20260825-163632,d020m_r090_run01.csv,0,20,90,dw00;dw01;dw02;dw03;dw04;dw05;dw06;dw07;dw08,dw00;dw01;dw02;dw03;dw04;dw05;dw06;dw07;dw08,dw06,15,1,2026-08-27T13:14:45.227+0200,dw00,8103,191,1975,-150,1417,1375,3.90,32257
ground-height-0m-20260825-163632,d020m_r090_run01.csv,0,20,90,dw00;dw01;dw02;dw03;dw04;dw05;dw06;dw07;dw08,dw00;dw01;dw02;dw03;dw04;dw05;dw06;dw07;dw08,dw06,105,1,2026-08-27T13:14:45.267+0200,dw05,4B92,183,1971,35,-701,1842,3.78,72296
ground-height-0m-20260825-163632,d020m_r090_run01.csv,0,20,90,dw00;dw01;dw02;dw03;dw04;dw05;dw06;dw07;dw08,dw00;dw01;dw02;dw03;dw04;dw05;dw06;dw07;dw08,dw06,145,1,2026-08-27T13:14:45.304+0200,dw07,5783,188,1970,124,385,1932,3.09,2147483
ground-height-0m-20260825-163632,d020m_r090_run01.csv,0,20,90,dw00;dw01;dw02;dw03;dw04;dw05;dw06;dw07;dw08,dw00;dw01;dw02;dw03;dw04;dw05;dw06;dw07;dw08,dw06,35,1,2026-08-27T13:14:45.338+0200,dw01,1729,108,1975,-147,1457,1333,3.45,2147483
ground-height-0m-20260825-163632,d020m_r090_run01.csv,0,20,90,dw00;dw01;dw02;dw03;dw04;dw05;dw06;dw07;dw08,dw00;dw01;dw02;dw03;dw04;dw05;dw06;dw07;dw08,dw06,55,1,2026-08-27T13:14:45.347+0200,dw02,8FB0,231,1971,-103,1971,0,3.45,2147483
ground-height-0m-20260825-163632,d020m_r090_run01.csv,0,20,90,dw00;dw01;dw02;dw03;dw04;dw05;dw06;dw07;dw08,dw00;dw01;dw02;dw03;dw04;dw05;dw06;dw07;dw08,dw06,90,1,2026-08-27T13:14:45.357+0200,dw04,0F85,231,1966,1,-1105,1626,3.96,2147483
ground-height-0m-20260825-163632,d020m_r090_run01.csv,0,20,90,dw00;dw01;dw02;dw03;dw04;dw05;dw06;dw07;dw08,dw00;dw01;dw02;dw03;dw04;dw05;dw06;dw07;dw08,dw06,145,1,2026-08-27T13:14:45.388+0200,dw07,5783,23,1975,89,-41,1975,2.83,2147483
ground-height-0m-20260825-163632,d020m_r090_run01.csv,0,20,90,dw00;dw01;dw02;dw03;dw04;dw05;dw06;dw07;dw08,dw00;dw01;dw02;dw03;dw04;dw05;dw06;dw07;dw08,dw06,165,1,2026-08-27T13:14:45.418+0200,dw08,028E,116,1970,145,636,1864,2.95,22308
ground-height-0m-20260825-163632,d020m_r090_run01.csv,0,20,90,dw00;dw01;dw02;dw03;dw04;dw05;dw06;dw07;dw08,dw00;dw01;dw02;dw03;dw04;dw05;dw06;dw07;dw08,dw06,15,1,2026-08-27T13:14:45.428+0200,dw00,8103,192,1978,-140,1538,1244,3.90,32257
ground-height-0m-20260825-163632,d020m_r090_run01.csv,0,20,90,dw00;dw01;dw02;dw03;dw04;dw05;dw06;dw07;dw08,dw00;dw01;dw02;dw03;dw04;dw05;dw06;dw07;dw08,dw06,105,1,2026-08-27T13:14:45.468+0200,dw05,4B92,184,1975,39,-651,1864,3.78,72296
ground-height-0m-20260825-163632,d020m_r090_run01.csv,0,20,90,dw00;dw01;dw02;dw03;dw04;dw05;dw06;dw07;dw08,dw00;dw01;dw02;dw03;dw04;dw05;dw06;dw07;dw08,dw06,75,1,2026-08-27T13:14:45.523+0200,dw03,021B,136,1964,-35,-1550,1205,3.27,27893
ground-height-0m-20260825-163632,d020m_r090_run01.csv,0,20,90,dw00;dw01;dw02;dw03;dw04;dw05;dw06;dw07;dw08,dw00;dw01;dw02;dw03;dw04;dw05;dw06;dw07;dw08,dw06,35,1,2026-08-27T13:14:45.556+0200,dw01,1729,109,1974,-137,1570,1195,3.39,60974
ground-height-0m-20260825-163632,d020m_r090_run01.csv,0,20,90,dw00;dw01;dw02;dw03;dw04;dw05;dw06;dw07;dw08,dw00;dw01;dw02;dw03;dw04;dw05;dw06;dw07;dw08,dw06,55,1,2026-08-27T13:14:45.566+0200,dw02,8FB0,232,1972,-101,1972,0,3.45,71044
ground-height-0m-20260825-163632,d020m_r090_run01.csv,0,20,90,dw00;dw01;dw02;dw03;dw04;dw05;dw06;dw07;dw08,dw00;dw01;dw02;dw03;dw04;dw05;dw06;dw07;dw08,dw06,90,1,2026-08-27T13:14:45.576+0200,dw04,0F85,232,1966,1,-1111,1621,3.90,80596
ground-height-0m-20260825-163632,d020m_r090_run01.csv,0,20,90,dw00;dw01;dw02;dw03;dw04;dw05;dw06;dw07;dw08,dw00;dw01;dw02;dw03;dw04;dw05;dw06;dw07;dw08,dw06,145,1,2026-08-27T13:14:45.588+0200,dw07,5783,189,1967,122,352,1936,2.95,2147483
ground-height-0m-20260825-163632,d020m_r090_run01.csv,0,20,90,dw00;dw01;dw02;dw03;dw04;dw05;dw06;dw07;dw08,dw00;dw01;dw02;dw03;dw04;dw05;dw06;dw07;dw08,dw06,145,1,2026-08-27T13:14:45.605+0200,dw07,5783,24,1975,86,-75,1973,2.83,2147483
ground-height-0m-20260825-163632,d020m_r090_run01.csv,0,20,90,dw00;dw01;dw02;dw03;dw04;dw05;dw06;dw07;dw08,dw00;dw01;dw02;dw03;dw04;dw05;dw06;dw07;dw08,dw06,165,1,2026-08-27T13:14:45.617+0200,dw08,028E,117,1975,134,502,1910,2.71,2147483
ground-height-0m-20260825-163632,d020m_r090_run01.csv,0,20,90,dw00;dw01;dw02;dw03;dw04;dw05;dw06;dw07;dw08,dw00;dw01;dw02;dw03;dw04;dw05;dw06;dw07;dw08,dw06,15,1,2026-08-27T13:14:45.628+0200,dw00,8103,193,1977,-161,1287,1500,4.02,2147483
ground-height-0m-20260825-163632,d020m_r090_run01.csv,0,20,90,dw00;dw01;dw02;dw03;dw04;dw05;dw06;dw07;dw08,dw00;dw01;dw02;dw03;dw04;dw05;dw06;dw07;dw08,dw06,105,1,2026-08-27T13:14:45.668+0200,dw05,4B92,185,1968,48,-542,1892,3.75,2147483
ground-height-0m-20260825-163632,d020m_r090_run01.csv,0,20,90,dw00;dw01;dw02;dw03;dw04;dw05;dw06;dw07;dw08,dw00;dw01;dw02;dw03;dw04;dw05;dw06;dw07;dw08,dw06,75,1,2026-08-27T13:14:45.708+0200,dw03,021B,137,1966,-37,-1578,1173,3.09,12329
ground-height-0m-20260825-163632,d020m_r090_run01.csv,0,20,90,dw00;dw01;dw02;dw03;dw04;dw05;dw06;dw07;dw08,dw00;dw01;dw02;dw03;dw04;dw05;dw06;dw07;dw08,dw06,35,1,2026-08-27T13:14:45.737+0200,dw01,1729,110,1975,-141,1528,1251,3.45,42358
ground-height-0m-20260825-163632,d020m_r090_run01.csv,0,20,90,dw00;dw01;dw02;dw03;dw04;dw05;dw06;dw07;dw08,dw00;dw01;dw02;dw03;dw04;dw05;dw06;dw07;dw08,dw06,55,1,2026-08-27T13:14:45.748+0200,dw02,8FB0,233,1970,-104,1968,72,3.39,52337
ground-height-0m-20260825-163632,d020m_r090_run01.csv,0,20,90,dw00;dw01;dw02;dw03;dw04;dw05;dw06;dw07;dw08,dw00;dw01;dw02;dw03;dw04;dw05;dw06;dw07;dw08,dw06,90,1,2026-08-27T13:14:45.758+0200,dw04,0F85,233,1966,-1,-1138,1603,3.96,62255
ground-height-0m-20260825-163632,d020m_r090_run01.csv,0,20,90,dw00;dw01;dw02;dw03;dw04;dw05;dw06;dw07;dw08,dw00;dw01;dw02;dw03;dw04;dw05;dw06;dw07;dw08,dw06,145,1,2026-08-27T13:14:45.787+0200,dw07,5783,190,1968,119,327,1941,2.95,2147483
ground-height-0m-20260825-163632,d020m_r090_run01.csv,0,20,90,dw00;dw01;dw02;dw03;dw04;dw05;dw06;dw07;dw08,dw00;dw01;dw02;dw03;dw04;dw05;dw06;dw07;dw08,dw06,165,1,2026-08-27T13:14:45.836+0200,dw08,028E,118,1971,108,189,1962,2.83,40557
ground-height-0m-20260825-163632,d020m_r090_run01.csv,0,20,90,dw00;dw01;dw02;dw03;dw04;dw05;dw06;dw07;dw08,dw00;dw01;dw02;dw03;dw04;dw05;dw06;dw07;dw08,dw06,15,1,2026-08-27T13:14:45.845+0200,dw00,8103,194,1977,-157,1336,1458,3.96,50598
ground-height-0m-20260825-163632,d020m_r090_run01.csv,0,20,90,dw00;dw01;dw02;dw03;dw04;dw05;dw06;dw07;dw08,dw00;dw01;dw02;dw03;dw04;dw05;dw06;dw07;dw08,dw06,105,1,2026-08-27T13:14:45.886+0200,dw05,4B92,186,1973,43,-596,1881,3.78,90576
ground-height-0m-20260825-163632,d020m_r090_run01.csv,0,20,90,dw00;dw01;dw02;dw03;dw04;dw05;dw06;dw07;dw08,dw00;dw01;dw02;dw03;dw04;dw05;dw06;dw07;dw08,dw06,75,1,2026-08-27T13:14:45.907+0200,dw03,021B,138,1962,-40,-1616,1113,3.09,12268
ground-height-0m-20260825-163632,d020m_r090_run01.csv,0,20,90,dw00;dw01;dw02;dw03;dw04;dw05;dw06;dw07;dw08,dw00;dw01;dw02;dw03;dw04;dw05;dw06;dw07;dw08,dw06,35,1,2026-08-27T13:14:45.937+0200,dw01,1729,111,1972,-137,1572,1189,3.57,42297
ground-height-0m-20260825-163632,d020m_r090_run01.csv,0,20,90,dw00;dw01;dw02;dw03;dw04;dw05;dw06;dw07;dw08,dw00;dw01;dw02;dw03;dw04;dw05;dw06;dw07;dw08,dw06,55,1,2026-08-27T13:14:45.947+0200,dw02,8FB0,234,1972,-93,1972,0,3.39,52307
ground-height-0m-20260825-163632,d020m_r090_run01.csv,0,20,90,dw00;dw01;dw02;dw03;dw04;dw05;dw06;dw07;dw08,dw00;dw01;dw02;dw03;dw04;dw05;dw06;dw07;dw08,dw06,90,1,2026-08-27T13:14:45.957+0200,dw04,0F85,234,1966,-3,-1170,1580,4.02,62225
ground-height-0m-20260825-163632,d020m_r090_run01.csv,0,20,90,dw00;dw01;dw02;dw03;dw04;dw05;dw06;dw07;dw08,dw00;dw01;dw02;dw03;dw04;dw05;dw06;dw07;dw08,dw06,145,1,2026-08-27T13:14:45.987+0200,dw07,5783,191,1973,125,393,1933,3.01,2147483
ground-height-0m-20260825-163632,d020m_r090_run01.csv,0,20,90,dw00;dw01;dw02;dw03;dw04;dw05;dw06;dw07;dw08,dw00;dw01;dw02;dw03;dw04;dw05;dw06;dw07;dw08,dw06,165,1,2026-08-27T13:14:46.017+0200,dw08,028E,119,1975,34,-707,1844,2.83,22308
ground-height-0m-20260825-163632,d020m_r090_run01.csv,0,20,90,dw00;dw01;dw02;dw03;dw04;dw05;dw06;dw07;dw08,dw00;dw01;dw02;dw03;dw04;dw05;dw06;dw07;dw08,dw06,15,1,2026-08-27T13:14:46.027+0200,dw00,8103,195,1974,-170,1173,1587,3.84,32257
ground-height-0m-20260825-163632,d020m_r090_run01.csv,0,20,90,dw00;dw01;dw02;dw03;dw04;dw05;dw06;dw07;dw08,dw00;dw01;dw02;dw03;dw04;dw05;dw06;dw07;dw08,dw06,105,1,2026-08-27T13:14:46.067+0200,dw05,4B92,187,1971,42,-616,1872,3.69,72326
ground-height-0m-20260825-163632,d020m_r090_run01.csv,0,20,90,dw00;dw01;dw02;dw03;dw04;dw05;dw06;dw07;dw08,dw00;dw01;dw02;dw03;dw04;dw05;dw06;dw07;dw08,dw06,145,1,2026-08-27T13:14:46.102+0200,dw07,5783,26,1976,83,-115,1972,2.83,2147483
ground-height-0m-20260825-163632,d020m_r090_run01.csv,0,20,90,dw00;dw01;dw02;dw03;dw04;dw05;dw06;dw07;dw08,dw00;dw01;dw02;dw03;dw04;dw05;dw06;dw07;dw08,dw06,35,1,2026-08-27T13:14:46.137+0200,dw01,1729,112,1974,-137,1569,1197,3.39,2147483
ground-height-0m-20260825-163632,d020m_r090_run01.csv,0,20,90,dw00;dw01;dw02;dw03;dw04;dw05;dw06;dw07;dw08,dw00;dw01;dw02;dw03;dw04;dw05;dw06;dw07;dw08,dw06,55,1,2026-08-27T13:14:46.147+0200,dw02,8FB0,235,1974,-94,1973,0,3.33,2147483
ground-height-0m-20260825-163632,d020m_r090_run01.csv,0,20,90,dw00;dw01;dw02;dw03;dw04;dw05;dw06;dw07;dw08,dw00;dw01;dw02;dw03;dw04;dw05;dw06;dw07;dw08,dw06,90,1,2026-08-27T13:14:46.157+0200,dw04,0F85,235,1968,7,-1034,1674,3.90,2147483
ground-height-0m-20260825-163632,d020m_r090_run01.csv,0,20,90,dw00;dw01;dw02;dw03;dw04;dw05;dw06;dw07;dw08,dw00;dw01;dw02;dw03;dw04;dw05;dw06;dw07;dw08,dw06,145,1,2026-08-27T13:14:46.187+0200,dw07,5783,192,1971,141,594,1879,2.95,2147483
ground-height-0m-20260825-163632,d020m_r090_run01.csv,0,20,90,dw00;dw01;dw02;dw03;dw04;dw05;dw06;dw07;dw08,dw00;dw01;dw02;dw03;dw04;dw05;dw06;dw07;dw08,dw06,165,1,2026-08-27T13:14:46.218+0200,dw08,028E,120,1972,88,-58,1971,2.77,22247
ground-height-0m-20260825-163632,d020m_r090_run01.csv,0,20,90,dw00;dw01;dw02;dw03;dw04;dw05;dw06;dw07;dw08,dw00;dw01;dw02;dw03;dw04;dw05;dw06;dw07;dw08,dw06,15,1,2026-08-27T13:14:46.227+0200,dw00,8103,196,1975,-153,1386,1407,3.78,32226
ground-height-0m-20260825-163632,d020m_r090_run01.csv,0,20,90,dw00;dw01;dw02;dw03;dw04;dw05;dw06;dw07;dw08,dw00;dw01;dw02;dw03;dw04;dw05;dw06;dw07;dw08,dw06,105,1,2026-08-27T13:14:46.267+0200,dw05,4B92,188,1972,43,-595,1880,3.69,72296
ground-height-0m-20260825-163632,d020m_r090_run01.csv,0,20,90,dw00;dw01;dw02;dw03;dw04;dw05;dw06;dw07;dw08,dw00;dw01;dw02;dw03;dw04;dw05;dw06;dw07;dw08,dw06,75,1,2026-08-27T13:14:46.323+0200,dw03,021B,140,1966,-34,-1537,1226,3.33,27862
ground-height-0m-20260825-163632,d020m_r090_run01.csv,0,20,90,dw00;dw01;dw02;dw03;dw04;dw05;dw06;dw07;dw08,dw00;dw01;dw02;dw03;dw04;dw05;dw06;dw07;dw08,dw06,35,1,2026-08-27T13:14:46.356+0200,dw01,1729,113,1977,-139,1551,1227,3.57,61004
ground-height-0m-20260825-163632,d020m_r090_run01.csv,0,20,90,dw00;dw01;dw02;dw03;dw04;dw05;dw06;dw07;dw08,dw00;dw01;dw02;dw03;dw04;dw05;dw06;dw07;dw08,dw06,55,1,2026-08-27T13:14:46.366+0200,dw02,8FB0,236,1973,-101,1973,0,3.39,71044
ground-height-0m-20260825-163632,d020m_r090_run01.csv,0,20,90,dw00;dw01;dw02;dw03;dw04;dw05;dw06;dw07;dw08,dw00;dw01;dw02;dw03;dw04;dw05;dw06;dw07;dw08,dw06,90,1,2026-08-27T13:14:46.376+0200,dw04,0F85,236,1966,4,-1074,1646,3.96,80596
ground-height-0m-20260825-163632,d020m_r090_run01.csv,0,20,90,dw00;dw01;dw02;dw03;dw04;dw05;dw06;dw07;dw08,dw00;dw01;dw02;dw03;dw04;dw05;dw06;dw07;dw08,dw06,145,1,2026-08-27T13:14:46.387+0200,dw07,5783,27,1971,90,-34,1971,2.71,2147483
ground-height-0m-20260825-163632,d020m_r090_run01.csv,0,20,90,dw00;dw01;dw02;dw03;dw04;dw05;dw06;dw07;dw08,dw00;dw01;dw02;dw03;dw04;dw05;dw06;dw07;dw08,dw06,145,1,2026-08-27T13:14:46.406+0200,dw07,5783,193,1974,118,316,1948,3.01,2147483
ground-height-0m-20260825-163632,d020m_r090_run01.csv,0,20,90,dw00;dw01;dw02;dw03;dw04;dw05;dw06;dw07;dw08,dw00;dw01;dw02;dw03;dw04;dw05;dw06;dw07;dw08,dw06,165,1,2026-08-27T13:14:46.417+0200,dw08,028E,121,1973,79,-167,1965,2.83,2147483
ground-height-0m-20260825-163632,d020m_r090_run01.csv,0,20,90,dw00;dw01;dw02;dw03;dw04;dw05;dw06;dw07;dw08,dw00;dw01;dw02;dw03;dw04;dw05;dw06;dw07;dw08,dw06,15,1,2026-08-27T13:14:46.427+0200,dw00,8103,197,1973,-159,1303,1481,3.90,2147483
ground-height-0m-20260825-163632,d020m_r090_run01.csv,0,20,90,dw00;dw01;dw02;dw03;dw04;dw05;dw06;dw07;dw08,dw00;dw01;dw02;dw03;dw04;dw05;dw06;dw07;dw08,dw06,105,1,2026-08-27T13:14:46.467+0200,dw05,4B92,189,1974,50,-509,1907,3.72,2147483
ground-height-0m-20260825-163632,d020m_r090_run01.csv,0,20,90,dw00;dw01;dw02;dw03;dw04;dw05;dw06;dw07;dw08,dw00;dw01;dw02;dw03;dw04;dw05;dw06;dw07;dw08,dw06,75,1,2026-08-27T13:14:46.508+0200,dw03,021B,141,1963,-36,-1569,1179,3.15,12329
ground-height-0m-20260825-163632,d020m_r090_run01.csv,0,20,90,dw00;dw01;dw02;dw03;dw04;dw05;dw06;dw07;dw08,dw00;dw01;dw02;dw03;dw04;dw05;dw06;dw07;dw08,dw06,35,1,2026-08-27T13:14:46.537+0200,dw01,1729,114,1972,-138,1559,1208,3.45,42358
ground-height-0m-20260825-163632,d020m_r090_run01.csv,0,20,90,dw00;dw01;dw02;dw03;dw04;dw05;dw06;dw07;dw08,dw00;dw01;dw02;dw03;dw04;dw05;dw06;dw07;dw08,dw06,55,1,2026-08-27T13:14:46.547+0200,dw02,8FB0,237,1973,-93,1973,0,3.45,52337
ground-height-0m-20260825-163632,d020m_r090_run01.csv,0,20,90,dw00;dw01;dw02;dw03;dw04;dw05;dw06;dw07;dw08,dw00;dw01;dw02;dw03;dw04;dw05;dw06;dw07;dw08,dw06,90,1,2026-08-27T13:14:46.557+0200,dw04,0F85,237,1963,2,-1098,1627,4.02,62286
ground-height-0m-20260825-163632,d020m_r090_run01.csv,0,20,90,dw00;dw01;dw02;dw03;dw04;dw05;dw06;dw07;dw08,dw00;dw01;dw02;dw03;dw04;dw05;dw06;dw07;dw08,dw06,145,1,2026-08-27T13:14:46.587+0200,dw07,5783,28,1974,90,-25,1974,2.71,2147483
ground-height-0m-20260825-163632,d020m_r090_run01.csv,0,20,90,dw00;dw01;dw02;dw03;dw04;dw05;dw06;dw07;dw08,dw00;dw01;dw02;dw03;dw04;dw05;dw06;dw07;dw08,dw06,165,1,2026-08-27T13:14:46.635+0200,dw08,028E,122,1970,147,667,1853,2.65,40527
ground-height-0m-20260825-163632,d020m_r090_run01.csv,0,20,90,dw00;dw01;dw02;dw03;dw04;dw05;dw06;dw07;dw08,dw00;dw01;dw02;dw03;dw04;dw05;dw06;dw07;dw08,dw06,15,1,2026-08-27T13:14:46.645+0200,dw00,8103,198,1975,-167,1214,1558,3.84,50567
ground-height-0m-20260825-163632,d020m_r090_run01.csv,0,20,90,dw00;dw01;dw02;dw03;dw04;dw05;dw06;dw07;dw08,dw00;dw01;dw02;dw03;dw04;dw05;dw06;dw07;dw08,dw06,105,1,2026-08-27T13:14:46.685+0200,dw05,4B92,190,1969,40,-630,1865,3.78,90576
ground-height-0m-20260825-163632,d020m_r090_run01.csv,0,20,90,dw00;dw01;dw02;dw03;dw04;dw05;dw06;dw07;dw08,dw00;dw01;dw02;dw03;dw04;dw05;dw06;dw07;dw08,dw06,75,1,2026-08-27T13:14:46.707+0200,dw03,021B,142,1967,-34,-1544,1218,3.15,12268
ground-height-0m-20260825-163632,d020m_r090_run01.csv,0,20,90,dw00;dw01;dw02;dw03;dw04;dw05;dw06;dw07;dw08,dw00;dw01;dw02;dw03;dw04;dw05;dw06;dw07;dw08,dw06,35,1,2026-08-27T13:14:46.737+0200,dw01,1729,115,1972,-131,1642,1092,3.45,42327
ground-height-0m-20260825-163632,d020m_r090_run01.csv,0,20,90,dw00;dw01;dw02;dw03;dw04;dw05;dw06;dw07;dw08,dw00;dw01;dw02;dw03;dw04;dw05;dw06;dw07;dw08,dw06,55,1,2026-08-27T13:14:46.747+0200,dw02,8FB0,238,1973,-103,1973,0,3.45,52307
ground-height-0m-20260825-163632,d020m_r090_run01.csv,0,20,90,dw00;dw01;dw02;dw03;dw04;dw05;dw06;dw07;dw08,dw00;dw01;dw02;dw03;dw04;dw05;dw06;dw07;dw08,dw06,90,1,2026-08-27T13:14:46.757+0200,dw04,0F85,238,1965,7,-1028,1674,3.90,62255
ground-height-0m-20260825-163632,d020m_r090_run01.csv,0,20,90,dw00;dw01;dw02;dw03;dw04;dw05;dw06;dw07;dw08,dw00;dw01;dw02;dw03;dw04;dw05;dw06;dw07;dw08,dw06,145,1,2026-08-27T13:14:46.787+0200,dw07,5783,29,1974,89,-41,1973,2.83,2147483
ground-height-0m-20260825-163632,d020m_r090_run01.csv,0,20,90,dw00;dw01;dw02;dw03;dw04;dw05;dw06;dw07;dw08,dw00;dw01;dw02;dw03;dw04;dw05;dw06;dw07;dw08,dw06,165,1,2026-08-27T13:14:46.817+0200,dw08,028E,123,1976,152,722,1839,2.83,22308
ground-height-0m-20260825-163632,d020m_r090_run01.csv,0,20,90,dw00;dw01;dw02;dw03;dw04;dw05;dw06;dw07;dw08,dw00;dw01;dw02;dw03;dw04;dw05;dw06;dw07;dw08,dw06,15,1,2026-08-27T13:14:46.827+0200,dw00,8103,199,1975,-162,1275,1509,3.90,32257
ground-height-0m-20260825-163632,d020m_r090_run01.csv,0,20,90,dw00;dw01;dw02;dw03;dw04;dw05;dw06;dw07;dw08,dw00;dw01;dw02;dw03;dw04;dw05;dw06;dw07;dw08,dw06,105,1,2026-08-27T13:14:46.867+0200,dw05,4B92,191,1971,44,-582,1883,3.78,72296
ground-height-0m-20260825-163632,d020m_r090_run01.csv,0,20,90,dw00;dw01;dw02;dw03;dw04;dw05;dw06;dw07;dw08,dw00;dw01;dw02;dw03;dw04;dw05;dw06;dw07;dw08,dw06,145,1,2026-08-27T13:14:46.903+0200,dw07,5783,195,1971,127,419,1926,3.15,2147483
ground-height-0m-20260825-163632,d020m_r090_run01.csv,0,20,90,dw00;dw01;dw02;dw03;dw04;dw05;dw06;dw07;dw08,dw00;dw01;dw02;dw03;dw04;dw05;dw06;dw07;dw08,dw06,35,1,2026-08-27T13:14:46.937+0200,dw01,1729,116,1970,-88,1970,0,3.51,2147483
ground-height-0m-20260825-163632,d020m_r090_run01.csv,0,20,90,dw00;dw01;dw02;dw03;dw04;dw05;dw06;dw07;dw08,dw00;dw01;dw02;dw03;dw04;dw05;dw06;dw07;dw08,dw06,55,1,2026-08-27T13:14:46.947+0200,dw02,8FB0,239,1972,-97,1972,0,3.45,2147483
ground-height-0m-20260825-163632,d020m_r090_run01.csv,0,20,90,dw00;dw01;dw02;dw03;dw04;dw05;dw06;dw07;dw08,dw00;dw01;dw02;dw03;dw04;dw05;dw06;dw07;dw08,dw06,90,1,2026-08-27T13:14:46.957+0200,dw04,0F85,239,1966,6,-1050,1661,4.02,2147483
ground-height-0m-20260825-163632,d020m_r090_run01.csv,0,20,90,dw00;dw01;dw02;dw03;dw04;dw05;dw06;dw07;dw08,dw00;dw01;dw02;dw03;dw04;dw05;dw06;dw07;dw08,dw06,145,1,2026-08-27T13:14:46.987+0200,dw07,5783,30,1974,87,-67,1973,2.77,2147483
ground-height-0m-20260825-163632,d020m_r090_run01.csv,0,20,90,dw00;dw01;dw02;dw03;dw04;dw05;dw06;dw07;dw08,dw00;dw01;dw02;dw03;dw04;dw05;dw06;dw07;dw08,dw06,165,1,2026-08-27T13:14:47.018+0200,dw08,028E,124,1971,88,-47,1971,2.83,22247
ground-height-0m-20260825-163632,d020m_r090_run01.csv,0,20,90,dw00;dw01;dw02;dw03;dw04;dw05;dw06;dw07;dw08,dw00;dw01;dw02;dw03;dw04;dw05;dw06;dw07;dw08,dw06,15,1,2026-08-27T13:14:47.027+0200,dw00,8103,200,1977,-155,1353,1441,4.02,32226
ground-height-0m-20260825-163632,d020m_r090_run01.csv,0,20,90,dw00;dw01;dw02;dw03;dw04;dw05;dw06;dw07;dw08,dw00;dw01;dw02;dw03;dw04;dw05;dw06;dw07;dw08,dw06,105,1,2026-08-27T13:14:47.067+0200,dw05,4B92,192,1968,42,-612,1871,3.69,72265
ground-height-0m-20260825-163632,d020m_r090_run01.csv,0,20,90,dw00;dw01;dw02;dw03;dw04;dw05;dw06;dw07;dw08,dw00;dw01;dw02;dw03;dw04;dw05;dw06;dw07;dw08,dw06,75,1,2026-08-27T13:14:47.123+0200,dw03,021B,144,1967,-38,-1596,1150,3.27,27893
ground-height-0m-20260825-163632,d020m_r090_run01.csv,0,20,90,dw00;dw01;dw02;dw03;dw04;dw05;dw06;dw07;dw08,dw00;dw01;dw02;dw03;dw04;dw05;dw06;dw07;dw08,dw06,35,1,2026-08-27T13:14:47.156+0200,dw01,1729,117,1973,-135,1600,1154,3.45,60974
ground-height-0m-20260825-163632,d020m_r090_run01.csv,0,20,90,dw00;dw01;dw02;dw03;dw04;dw05;dw06;dw07;dw08,dw00;dw01;dw02;dw03;dw04;dw05;dw06;dw07;dw08,dw06,55,1,2026-08-27T13:14:47.166+0200,dw02,8FB0,240,1971,-103,1971,0,3.45,71044
ground-height-0m-20260825-163632,d020m_r090_run01.csv,0,20,90,dw00;dw01;dw02;dw03;dw04;dw05;dw06;dw07;dw08,dw00;dw01;dw02;dw03;dw04;dw05;dw06;dw07;dw08,dw06,90,1,2026-08-27T13:14:47.175+0200,dw04,0F85,240,1966,3,-1087,1638,3.96,80535
ground-height-0m-20260825-163632,d020m_r090_run01.csv,0,20,90,dw00;dw01;dw02;dw03;dw04;dw05;dw06;dw07;dw08,dw00;dw01;dw02;dw03;dw04;dw05;dw06;dw07;dw08,dw06,145,1,2026-08-27T13:14:47.187+0200,dw07,5783,196,1971,119,325,1944,3.06,2147483
ground-height-0m-20260825-163632,d020m_r090_run01.csv,0,20,90,dw00;dw01;dw02;dw03;dw04;dw05;dw06;dw07;dw08,dw00;dw01;dw02;dw03;dw04;dw05;dw06;dw07;dw08,dw06,145,1,2026-08-27T13:14:47.205+0200,dw07,5783,31,1974,94,23,1974,2.77,2147483
ground-height-0m-20260825-163632,d020m_r090_run01.csv,0,20,90,dw00;dw01;dw02;dw03;dw04;dw05;dw06;dw07;dw08,dw00;dw01;dw02;dw03;dw04;dw05;dw06;dw07;dw08,dw06,165,1,2026-08-27T13:14:47.216+0200,dw08,028E,125,1968,139,563,1886,2.71,2147483
ground-height-0m-20260825-163632,d020m_r090_run01.csv,0,20,90,dw00;dw01;dw02;dw03;dw04;dw05;dw06;dw07;dw08,dw00;dw01;dw02;dw03;dw04;dw05;dw06;dw07;dw08,dw06,15,1,2026-08-27T13:14:47.227+0200,dw00,8103,201,1974,-143,1499,1285,3.90,2147483
ground-height-0m-20260825-163632,d020m_r090_run01.csv,0,20,90,dw00;dw01;dw02;dw03;dw04;dw05;dw06;dw07;dw08,dw00;dw01;dw02;dw03;dw04;dw05;dw06;dw07;dw08,dw06,105,1,2026-08-27T13:14:47.267+0200,dw05,4B92,193,1974,43,-600,1880,3.72,2147483
ground-height-0m-20260825-163632,d020m_r090_run01.csv,0,20,90,dw00;dw01;dw02;dw03;dw04;dw05;dw06;dw07;dw08,dw00;dw01;dw02;dw03;dw04;dw05;dw06;dw07;dw08,dw06,75,1,2026-08-27T13:14:47.307+0200,dw03,021B,145,1962,-35,-1553,1199,3.15,12329
ground-height-0m-20260825-163632,d020m_r090_run01.csv,0,20,90,dw00;dw01;dw02;dw03;dw04;dw05;dw06;dw07;dw08,dw00;dw01;dw02;dw03;dw04;dw05;dw06;dw07;dw08,dw06,35,1,2026-08-27T13:14:47.337+0200,dw01,1729,118,1976,-116,1831,745,3.51,42358
ground-height-0m-20260825-163632,d020m_r090_run01.csv,0,20,90,dw00;dw01;dw02;dw03;dw04;dw05;dw06;dw07;dw08,dw00;dw01;dw02;dw03;dw04;dw05;dw06;dw07;dw08,dw06,55,1,2026-08-27T13:14:47.346+0200,dw02,8FB0,241,1973,-92,1973,0,3.33,52337
ground-height-0m-20260825-163632,d020m_r090_run01.csv,0,20,90,dw00;dw01;dw02;dw03;dw04;dw05;dw06;dw07;dw08,dw00;dw01;dw02;dw03;dw04;dw05;dw06;dw07;dw08,dw06,90,1,2026-08-27T13:14:47.357+0200,dw04,0F85,241,1967,0,-1124,1615,3.90,62286
ground-height-0m-20260825-163632,d020m_r090_run01.csv,0,20,90,dw00;dw01;dw02;dw03;dw04;dw05;dw06;dw07;dw08,dw00;dw01;dw02;dw03;dw04;dw05;dw06;dw07;dw08,dw06,145,1,2026-08-27T13:14:47.386+0200,dw07,5783,197,1967,123,376,1931,3.06,2147483
ground-height-0m-20260825-163632,d020m_r090_run01.csv,0,20,90,dw00;dw01;dw02;dw03;dw04;dw05;dw06;dw07;dw08,dw00;dw01;dw02;dw03;dw04;dw05;dw06;dw07;dw08,dw06,165,1,2026-08-27T13:14:47.435+0200,dw08,028E,126,1975,90,-28,1975,2.71,40588
ground-height-0m-20260825-163632,d020m_r090_run01.csv,0,20,90,dw00;dw01;dw02;dw03;dw04;dw05;dw06;dw07;dw08,dw00;dw01;dw02;dw03;dw04;dw05;dw06;dw07;dw08,dw06,15,1,2026-08-27T13:14:47.445+0200,dw00,8103,202,1972,-140,1531,1243,3.90,50537
ground-height-0m-20260825-163632,d020m_r090_run01.csv,0,20,90,dw00;dw01;dw02;dw03;dw04;dw05;dw06;dw07;dw08,dw00;dw01;dw02;dw03;dw04;dw05;dw06;dw07;dw08,dw06,105,1,2026-08-27T13:14:47.485+0200,dw05,4B92,194,1973,43,-606,1877,3.84,90545
ground-height-0m-20260825-163632,d020m_r090_run01.csv,0,20,90,dw00;dw01;dw02;dw03;dw04;dw05;dw06;dw07;dw08,dw00;dw01;dw02;dw03;dw04;dw05;dw06;dw07;dw08,dw06,75,1,2026-08-27T13:14:47.506+0200,dw03,021B,146,1961,-47,-1696,984,3.15,12268
ground-height-0m-20260825-163632,d020m_r090_run01.csv,0,20,90,dw00;dw01;dw02;dw03;dw04;dw05;dw06;dw07;dw08,dw00;dw01;dw02;dw03;dw04;dw05;dw06;dw07;dw08,dw06,35,1,2026-08-27T13:14:47.537+0200,dw01,1729,119,1974,-148,1441,1349,3.39,42297
ground-height-0m-20260825-163632,d020m_r090_run01.csv,0,20,90,dw00;dw01;dw02;dw03;dw04;dw05;dw06;dw07;dw08,dw00;dw01;dw02;dw03;dw04;dw05;dw06;dw07;dw08,dw06,55,1,2026-08-27T13:14:47.546+0200,dw02,8FB0,242,1973,-93,1973,0,3.45,52307
ground-height-0m-20260825-163632,d020m_r090_run01.csv,0,20,90,dw00;dw01;dw02;dw03;dw04;dw05;dw06;dw07;dw08,dw00;dw01;dw02;dw03;dw04;dw05;dw06;dw07;dw08,dw06,90,1,2026-08-27T13:14:47.556+0200,dw04,0F85,242,1964,-3,-1166,1580,3.90,62225
ground-height-0m-20260825-163632,d020m_r090_run01.csv,0,20,90,dw00;dw01;dw02;dw03;dw04;dw05;dw06;dw07;dw08,dw00;dw01;dw02;dw03;dw04;dw05;dw06;dw07;dw08,dw06,145,1,2026-08-27T13:14:47.587+0200,dw07,5783,198,1970,119,317,1945,3.01,2147483
ground-height-0m-20260825-163632,d020m_r090_run01.csv,0,20,90,dw00;dw01;dw02;dw03;dw04;dw05;dw06;dw07;dw08,dw00;dw01;dw02;dw03;dw04;dw05;dw06;dw07;dw08,dw06,165,1,2026-08-27T13:14:47.617+0200,dw08,028E,127,1971,45,-580,1883,2.83,22277
ground-height-0m-20260825-163632,d020m_r090_run01.csv,0,20,90,dw00;dw01;dw02;dw03;dw04;dw05;dw06;dw07;dw08,dw00;dw01;dw02;dw03;dw04;dw05;dw06;dw07;dw08,dw06,15,1,2026-08-27T13:14:47.627+0200,dw00,8103,203,1977,-163,1256,1527,3.84,32257
ground-height-0m-20260825-163632,d020m_r090_run01.csv,0,20,90,dw00;dw01;dw02;dw03;dw04;dw05;dw06;dw07;dw08,dw00;dw01;dw02;dw03;dw04;dw05;dw06;dw07;dw08,dw06,105,1,2026-08-27T13:14:47.667+0200,dw05,4B92,195,1972,46,-562,1890,3.69,72265
ground-height-0m-20260825-163632,d020m_r090_run01.csv,0,20,90,dw00;dw01;dw02;dw03;dw04;dw05;dw06;dw07;dw08,dw00;dw01;dw02;dw03;dw04;dw05;dw06;dw07;dw08,dw06,145,1,2026-08-27T13:14:47.702+0200,dw07,5783,33,1972,86,-72,1970,2.89,2147483
ground-height-0m-20260825-163632,d020m_r090_run01.csv,0,20,90,dw00;dw01;dw02;dw03;dw04;dw05;dw06;dw07;dw08,dw00;dw01;dw02;dw03;dw04;dw05;dw06;dw07;dw08,dw06,35,1,2026-08-27T13:14:47.737+0200,dw01,1729,120,1973,-141,1527,1249,3.63,2147483
ground-height-0m-20260825-163632,d020m_r090_run01.csv,0,20,90,dw00;dw01;dw02;dw03;dw04;dw05;dw06;dw07;dw08,dw00;dw01;dw02;dw03;dw04;dw05;dw06;dw07;dw08,dw06,55,1,2026-08-27T13:14:47.747+0200,dw02,8FB0,243,1971,-104,1971,0,3.45,2147483
ground-height-0m-20260825-163632,d020m_r090_run01.csv,0,20,90,dw00;dw01;dw02;dw03;dw04;dw05;dw06;dw07;dw08,dw00;dw01;dw02;dw03;dw04;dw05;dw06;dw07;dw08,dw06,90,1,2026-08-27T13:14:47.756+0200,dw04,0F85,243,1967,2,-1093,1635,3.90,2147483
ground-height-0m-20260825-163632,d020m_r090_run01.csv,0,20,90,dw00;dw01;dw02;dw03;dw04;dw05;dw06;dw07;dw08,dw00;dw01;dw02;dw03;dw04;dw05;dw06;dw07;dw08,dw06,145,1,2026-08-27T13:14:47.787+0200,dw07,5783,199,1974,132,478,1915,3.01,2147483
ground-height-0m-20260825-163632,d020m_r090_run01.csv,0,20,90,dw00;dw01;dw02;dw03;dw04;dw05;dw06;dw07;dw08,dw00;dw01;dw02;dw03;dw04;dw05;dw06;dw07;dw08,dw06,165,1,2026-08-27T13:14:47.817+0200,dw08,028E,128,1974,74,-223,1961,2.83,22247
ground-height-0m-20260825-163632,d020m_r090_run01.csv,0,20,90,dw00;dw01;dw02;dw03;dw04;dw05;dw06;dw07;dw08,dw00;dw01;dw02;dw03;dw04;dw05;dw06;dw07;dw08,dw06,15,1,2026-08-27T13:14:47.827+0200,dw00,8103,204,1978,-149,1428,1369,3.78,32287
ground-height-0m-20260825-163632,d020m_r090_run01.csv,0,20,90,dw00;dw01;dw02;dw03;dw04;dw05;dw06;dw07;dw08,dw00;dw01;dw02;dw03;dw04;dw05;dw06;dw07;dw08,dw06,105,1,2026-08-27T13:14:47.867+0200,dw05,4B92,196,1972,40,-630,1868,3.63,72265
ground-height-0m-20260825-163632,d020m_r090_run01.csv,0,20,90,dw00;dw01;dw02;dw03;dw04;dw05;dw06;dw07;dw08,dw00;dw01;dw02;dw03;dw04;dw05;dw06;dw07;dw08,dw06,75,1,2026-08-27T13:14:47.922+0200,dw03,021B,148,1965,-41,-1628,1099,3.27,27832
ground-height-0m-20260825-163632,d020m_r090_run01.csv,0,20,90,dw00;dw01;dw02;dw03;dw04;dw05;dw06;dw07;dw08,dw00;dw01;dw02;dw03;dw04;dw05;dw06;dw07;dw08,dw06,35,1,2026-08-27T13:14:47.956+0200,dw01,1729,121,1974,-131,1643,1092,3.57,61004
ground-height-0m-20260825-163632,d020m_r090_run01.csv,0,20,90,dw00;dw01;dw02;dw03;dw04;dw05;dw06;dw07;dw08,dw00;dw01;dw02;dw03;dw04;dw05;dw06;dw07;dw08,dw06,55,1,2026-08-27T13:14:47.966+0200,dw02,8FB0,244,1974,-102,1974,0,3.69,71075
ground-height-0m-20260825-163632,d020m_r090_run01.csv,0,20,90,dw00;dw01;dw02;dw03;dw04;dw05;dw06;dw07;dw08,dw00;dw01;dw02;dw03;dw04;dw05;dw06;dw07;dw08,dw06,90,1,2026-08-27T13:14:47.975+0200,dw04,0F85,244,1963,1,-1106,1621,3.90,80566
ground-height-0m-20260825-163632,d020m_r090_run01.csv,0,20,90,dw00;dw01;dw02;dw03;dw04;dw05;dw06;dw07;dw08,dw00;dw01;dw02;dw03;dw04;dw05;dw06;dw07;dw08,dw06,145,1,2026-08-27T13:14:47.987+0200,dw07,5783,34,1972,89,-37,1972,2.59,2147483
ground-height-0m-20260825-163632,d020m_r090_run01.csv,0,20,90,dw00;dw01;dw02;dw03;dw04;dw05;dw06;dw07;dw08,dw00;dw01;dw02;dw03;dw04;dw05;dw06;dw07;dw08,dw06,145,1,2026-08-27T13:14:48.005+0200,dw07,5783,200,1968,127,419,1923,2.95,2147483
ground-height-0m-20260825-163632,d020m_r090_run01.csv,0,20,90,dw00;dw01;dw02;dw03;dw04;dw05;dw06;dw07;dw08,dw00;dw01;dw02;dw03;dw04;dw05;dw06;dw07;dw08,dw06,165,1,2026-08-27T13:14:48.016+0200,dw08,028E,129,1967,84,-99,1965,2.71,2147483
ground-height-0m-20260825-163632,d020m_r090_run01.csv,0,20,90,dw00;dw01;dw02;dw03;dw04;dw05;dw06;dw07;dw08,dw00;dw01;dw02;dw03;dw04;dw05;dw06;dw07;dw08,dw06,15,1,2026-08-27T13:14:48.027+0200,dw00,8103,205,1976,-157,1330,1461,3.90,2147483
ground-height-0m-20260825-163632,d020m_r090_run01.csv,0,20,90,dw00;dw01;dw02;dw03;dw04;dw05;dw06;dw07;dw08,dw00;dw01;dw02;dw03;dw04;dw05;dw06;dw07;dw08,dw06,105,1,2026-08-27T13:14:48.067+0200,dw05,4B92,197,1971,41,-625,1869,3.78,2147483
ground-height-0m-20260825-163632,d020m_r090_run01.csv,0,20,90,dw00;dw01;dw02;dw03;dw04;dw05;dw06;dw07;dw08,dw00;dw01;dw02;dw03;dw04;dw05;dw06;dw07;dw08,dw06,75,1,2026-08-27T13:14:48.107+0200,dw03,021B,149,1963,-30,-1492,1274,3.09,12329
ground-height-0m-20260825-163632,d020m_r090_run01.csv,0,20,90,dw00;dw01;dw02;dw03;dw04;dw05;dw06;dw07;dw08,dw00;dw01;dw02;dw03;dw04;dw05;dw06;dw07;dw08,dw06,35,1,2026-08-27T13:14:48.136+0200,dw01,1729,122,1973,-126,1702,997,3.51,42388
ground-height-0m-20260825-163632,d020m_r090_run01.csv,0,20,90,dw00;dw01;dw02;dw03;dw04;dw05;dw06;dw07;dw08,dw00;dw01;dw02;dw03;dw04;dw05;dw06;dw07;dw08,dw06,55,1,2026-08-27T13:14:48.146+0200,dw02,8FB0,245,1973,-101,1973,0,3.45,52337
ground-height-0m-20260825-163632,d020m_r090_run01.csv,0,20,90,dw00;dw01;dw02;dw03;dw04;dw05;dw06;dw07;dw08,dw00;dw01;dw02;dw03;dw04;dw05;dw06;dw07;dw08,dw06,90,1,2026-08-27T13:14:48.157+0200,dw04,0F85,245,1965,2,-1100,1628,4.02,62286
ground-height-0m-20260825-163632,d020m_r090_run01.csv,0,20,90,dw00;dw01;dw02;dw03;dw04;dw05;dw06;dw07;dw08,dw00;dw01;dw02;dw03;dw04;dw05;dw06;dw07;dw08,dw06,145,1,2026-08-27T13:14:48.186+0200,dw07,5783,35,1974,86,-78,1972,2.65,2147483
ground-height-0m-20260825-163632,d020m_r090_run01.csv,0,20,90,dw00;dw01;dw02;dw03;dw04;dw05;dw06;dw07;dw08,dw00;dw01;dw02;dw03;dw04;dw05;dw06;dw07;dw08,dw06,165,1,2026-08-27T13:14:48.235+0200,dw08,028E,130,1974,130,454,1920,2.83,40557
ground-height-0m-20260825-163632,d020m_r090_run01.csv,0,20,90,dw00;dw01;dw02;dw03;dw04;dw05;dw06;dw07;dw08,dw00;dw01;dw02;dw03;dw04;dw05;dw06;dw07;dw08,dw06,15,1,2026-08-27T13:14:48.245+0200,dw00,8103,206,1977,-164,1247,1534,4.02,50537
ground-height-0m-20260825-163632,d020m_r090_run01.csv,0,20,90,dw00;dw01;dw02;dw03;dw04;dw05;dw06;dw07;dw08,dw00;dw01;dw02;dw03;dw04;dw05;dw06;dw07;dw08,dw06,105,1,2026-08-27T13:14:48.285+0200,dw05,4B92,198,1972,47,-556,1891,3.72,90576
ground-height-0m-20260825-163632,d020m_r090_run01.csv,0,20,90,dw00;dw01;dw02;dw03;dw04;dw05;dw06;dw07;dw08,dw00;dw01;dw02;dw03;dw04;dw05;dw06;dw07;dw08,dw06,75,1,2026-08-27T13:14:48.306+0200,dw03,021B,150,1962,-42,-1634,1085,3.15,12268
ground-height-0m-20260825-163632,d020m_r090_run01.csv,0,20,90,dw00;dw01;dw02;dw03;dw04;dw05;dw06;dw07;dw08,dw00;dw01;dw02;dw03;dw04;dw05;dw06;dw07;dw08,dw06,35,1,2026-08-27T13:14:48.336+0200,dw01,1729,123,1974,-140,1536,1240,3.45,42297
ground-height-0m-20260825-163632,d020m_r090_run01.csv,0,20,90,dw00;dw01;dw02;dw03;dw04;dw05;dw06;dw07;dw08,dw00;dw01;dw02;dw03;dw04;dw05;dw06;dw07;dw08,dw06,55,1,2026-08-27T13:14:48.346+0200,dw02,8FB0,246,1974,-104,1974,0,3.39,52307
ground-height-0m-20260825-163632,d020m_r090_run01.csv,0,20,90,dw00;dw01;dw02;dw03;dw04;dw05;dw06;dw07;dw08,dw00;dw01;dw02;dw03;dw04;dw05;dw06;dw07;dw08,dw06,90,1,2026-08-27T13:14:48.356+0200,dw04,0F85,246,1965,-4,-1183,1569,3.96,62194
ground-height-0m-20260825-163632,d020m_r090_run01.csv,0,20,90,dw00;dw01;dw02;dw03;dw04;dw05;dw06;dw07;dw08,dw00;dw01;dw02;dw03;dw04;dw05;dw06;dw07;dw08,dw06,145,1,2026-08-27T13:14:48.386+0200,dw07,5783,36,1974,85,-85,1972,2.65,2147483
ground-height-0m-20260825-163632,d020m_r090_run01.csv,0,20,90,dw00;dw01;dw02;dw03;dw04;dw05;dw06;dw07;dw08,dw00;dw01;dw02;dw03;dw04;dw05;dw06;dw07;dw08,dw06,165,1,2026-08-27T13:14:48.416+0200,dw08,028E,131,1972,85,-92,1970,2.71,22308
ground-height-0m-20260825-163632,d020m_r090_run01.csv,0,20,90,dw00;dw01;dw02;dw03;dw04;dw05;dw06;dw07;dw08,dw00;dw01;dw02;dw03;dw04;dw05;dw06;dw07;dw08,dw06,15,1,2026-08-27T13:14:48.426+0200,dw00,8103,207,1974,-156,1344,1447,3.90,32257
ground-height-0m-20260825-163632,d020m_r090_run01.csv,0,20,90,dw00;dw01;dw02;dw03;dw04;dw05;dw06;dw07;dw08,dw00;dw01;dw02;dw03;dw04;dw05;dw06;dw07;dw08,dw06,105,1,2026-08-27T13:14:48.466+0200,dw05,4B92,199,1970,50,-518,1900,3.72,72326
ground-height-0m-20260825-163632,d020m_r090_run01.csv,0,20,90,dw00;dw01;dw02;dw03;dw04;dw05;dw06;dw07;dw08,dw00;dw01;dw02;dw03;dw04;dw05;dw06;dw07;dw08,dw06,145,1,2026-08-27T13:14:48.502+0200,dw07,5783,202,1966,123,371,1931,3.27,2147483
ground-height-0m-20260825-163632,d020m_r090_run01.csv,0,20,90,dw00;dw01;dw02;dw03;dw04;dw05;dw06;dw07;dw08,dw00;dw01;dw02;dw03;dw04;dw05;dw06;dw07;dw08,dw06,35,1,2026-08-27T13:14:48.537+0200,dw01,1729,124,1970,-138,1561,1202,3.51,2147483
ground-height-0m-20260825-163632,d020m_r090_run01.csv,0,20,90,dw00;dw01;dw02;dw03;dw04;dw05;dw06;dw07;dw08,dw00;dw01;dw02;dw03;dw04;dw05;dw06;dw07;dw08,dw06,55,1,2026-08-27T13:14:48.546+0200,dw02,8FB0,247,1974,-94,1974,0,3.51,2147483
ground-height-0m-20260825-163632,d020m_r090_run01.csv,0,20,90,dw00;dw01;dw02;dw03;dw04;dw05;dw06;dw07;dw08,dw00;dw01;dw02;dw03;dw04;dw05;dw06;dw07;dw08,dw06,90,1,2026-08-27T13:14:48.556+0200,dw04,0F85,247,1966,3,-1077,1645,3.96,2147483
ground-height-0m-20260825-163632,d020m_r090_run01.csv,0,20,90,dw00;dw01;dw02;dw03;dw04;dw05;dw06;dw07;dw08,dw00;dw01;dw02;dw03;dw04;dw05;dw06;dw07;dw08,dw06,145,1,2026-08-27T13:14:48.586+0200,dw07,5783,37,1972,94,13,1972,2.71,2147483
ground-height-0m-20260825-163632,d020m_r090_run01.csv,0,20,90,dw00;dw01;dw02;dw03;dw04;dw05;dw06;dw07;dw08,dw00;dw01;dw02;dw03;dw04;dw05;dw06;dw07;dw08,dw06,165,1,2026-08-27T13:14:48.617+0200,dw08,028E,132,1971,129,440,1921,2.59,22247
ground-height-0m-20260825-163632,d020m_r090_run01.csv,0,20,90,dw00;dw01;dw02;dw03;dw04;dw05;dw06;dw07;dw08,dw00;dw01;dw02;dw03;dw04;dw05;dw06;dw07;dw08,dw06,15,1,2026-08-27T13:14:48.626+0200,dw00,8103,208,1976,-156,1341,1451,3.78,32257
ground-height-0m-20260825-163632,d020m_r090_run01.csv,0,20,90,dw00;dw01;dw02;dw03;dw04;dw05;dw06;dw07;dw08,dw00;dw01;dw02;dw03;dw04;dw05;dw06;dw07;dw08,dw06,105,1,2026-08-27T13:14:48.666+0200,dw05,4B92,200,1969,35,-698,1841,3.90,72296
ground-height-0m-20260825-163632,d020m_r090_run01.csv,0,20,90,dw00;dw01;dw02;dw03;dw04;dw05;dw06;dw07;dw08,dw00;dw01;dw02;dw03;dw04;dw05;dw06;dw07;dw08,dw06,75,1,2026-08-27T13:14:48.722+0200,dw03,021B,152,1966,-38,-1598,1146,3.33,27893
ground-height-0m-20260825-163632,d020m_r090_run01.csv,0,20,90,dw00;dw01;dw02;dw03;dw04;dw05;dw06;dw07;dw08,dw00;dw01;dw02;dw03;dw04;dw05;dw06;dw07;dw08,dw06,35,1,2026-08-27T13:14:48.755+0200,dw01,1729,125,1971,-146,1457,1327,3.57,61004
ground-height-0m-20260825-163632,d020m_r090_run01.csv,0,20,90,dw00;dw01;dw02;dw03;dw04;dw05;dw06;dw07;dw08,dw00;dw01;dw02;dw03;dw04;dw05;dw06;dw07;dw08,dw06,55,1,2026-08-27T13:14:48.765+0200,dw02,8FB0,248,1971,-105,1957,236,3.45,71044
ground-height-0m-20260825-163632,d020m_r090_run01.csv,0,20,90,dw00;dw01;dw02;dw03;dw04;dw05;dw06;dw07;dw08,dw00;dw01;dw02;dw03;dw04;dw05;dw06;dw07;dw08,dw06,90,1,2026-08-27T13:14:48.775+0200,dw04,0F85,248,1968,0,-1117,1620,4.02,80566
ground-height-0m-20260825-163632,d020m_r090_run01.csv,0,20,90,dw00;dw01;dw02;dw03;dw04;dw05;dw06;dw07;dw08,dw00;dw01;dw02;dw03;dw04;dw05;dw06;dw07;dw08,dw06,145,1,2026-08-27T13:14:48.787+0200,dw07,5783,203,1970,122,364,1936,3.01,2147483
ground-height-0m-20260825-163632,d020m_r090_run01.csv,0,20,90,dw00;dw01;dw02;dw03;dw04;dw05;dw06;dw07;dw08,dw00;dw01;dw02;dw03;dw04;dw05;dw06;dw07;dw08,dw06,145,1,2026-08-27T13:14:48.804+0200,dw07,5783,38,1978,88,-54,1977,2.77,2147483
ground-height-0m-20260825-163632,d020m_r090_run01.csv,0,20,90,dw00;dw01;dw02;dw03;dw04;dw05;dw06;dw07;dw08,dw00;dw01;dw02;dw03;dw04;dw05;dw06;dw07;dw08,dw06,165,1,2026-08-27T13:14:48.816+0200,dw08,028E,133,1969,155,757,1817,2.83,2147483
ground-height-0m-20260825-163632,d020m_r090_run01.csv,0,20,90,dw00;dw01;dw02;dw03;dw04;dw05;dw06;dw07;dw08,dw00;dw01;dw02;dw03;dw04;dw05;dw06;dw07;dw08,dw06,15,1,2026-08-27T13:14:48.827+0200,dw00,8103,209,1978,-156,1348,1447,3.78,2147483
ground-height-0m-20260825-163632,d020m_r090_run01.csv,0,20,90,dw00;dw01;dw02;dw03;dw04;dw05;dw06;dw07;dw08,dw00;dw01;dw02;dw03;dw04;dw05;dw06;dw07;dw08,dw06,105,1,2026-08-27T13:14:48.867+0200,dw05,4B92,201,1972,55,-460,1917,3.78,2147483
ground-height-0m-20260825-163632,d020m_r090_run01.csv,0,20,90,dw00;dw01;dw02;dw03;dw04;dw05;dw06;dw07;dw08,dw00;dw01;dw02;dw03;dw04;dw05;dw06;dw07;dw08,dw06,75,1,2026-08-27T13:14:48.907+0200,dw03,021B,153,1968,-40,-1623,1113,3.15,12329
ground-height-0m-20260825-163632,d020m_r090_run01.csv,0,20,90,dw00;dw01;dw02;dw03;dw04;dw05;dw06;dw07;dw08,dw00;dw01;dw02;dw03;dw04;dw05;dw06;dw07;dw08,dw06,35,1,2026-08-27T13:14:48.936+0200,dw01,1729,126,1970,-141,1522,1251,3.51,42388
ground-height-0m-20260825-163632,d020m_r090_run01.csv,0,20,90,dw00;dw01;dw02;dw03;dw04;dw05;dw06;dw07;dw08,dw00;dw01;dw02;dw03;dw04;dw05;dw06;dw07;dw08,dw06,55,1,2026-08-27T13:14:48.946+0200,dw02,8FB0,249,1975,-100,1975,0,3.39,52337
ground-height-0m-20260825-163632,d020m_r090_run01.csv,0,20,90,dw00;dw01;dw02;dw03;dw04;dw05;dw06;dw07;dw08,dw00;dw01;dw02;dw03;dw04;dw05;dw06;dw07;dw08,dw06,90,1,2026-08-27T13:14:48.956+0200,dw04,0F85,249,1964,4,-1069,1648,3.90,62286
ground-height-0m-20260825-163632,d020m_r090_run01.csv,0,20,90,dw00;dw01;dw02;dw03;dw04;dw05;dw06;dw07;dw08,dw00;dw01;dw02;dw03;dw04;dw05;dw06;dw07;dw08,dw06,145,1,2026-08-27T13:14:48.986+0200,dw07,5783,204,1971,126,409,1928,3.06,2147483
ground-height-0m-20260825-163632,d020m_r090_run01.csv,0,20,90,dw00;dw01;dw02;dw03;dw04;dw05;dw06;dw07;dw08,dw00;dw01;dw02;dw03;dw04;dw05;dw06;dw07;dw08,dw06,165,1,2026-08-27T13:14:49.035+0200,dw08,028E,134,1974,50,-515,1905,2.89,40557
ground-height-0m-20260825-163632,d020m_r090_run01.csv,0,20,90,dw00;dw01;dw02;dw03;dw04;dw05;dw06;dw07;dw08,dw00;dw01;dw02;dw03;dw04;dw05;dw06;dw07;dw08,dw06,15,1,2026-08-27T13:14:49.044+0200,dw00,8103,210,1976,-153,1379,1415,3.78,50628
ground-height-0m-20260825-163632,d020m_r090_run01.csv,0,20,90,dw00;dw01;dw02;dw03;dw04;dw05;dw06;dw07;dw08,dw00;dw01;dw02;dw03;dw04;dw05;dw06;dw07;dw08,dw06,105,1,2026-08-27T13:14:49.084+0200,dw05,4B92,202,1972,41,-625,1870,3.69,90606
ground-height-0m-20260825-163632,d020m_r090_run01.csv,0,20,90,dw00;dw01;dw02;dw03;dw04;dw05;dw06;dw07;dw08,dw00;dw01;dw02;dw03;dw04;dw05;dw06;dw07;dw08,dw06,75,1,2026-08-27T13:14:49.106+0200,dw03,021B,154,1963,-42,-1641,1078,3.15,12268
ground-height-0m-20260825-163632,d020m_r090_run01.csv,0,20,90,dw00;dw01;dw02;dw03;dw04;dw05;dw06;dw07;dw08,dw00;dw01;dw02;dw03;dw04;dw05;dw06;dw07;dw08,dw06,35,1,2026-08-27T13:14:49.136+0200,dw01,1729,127,1973,-61,-1880,599,3.57,42266
ground-height-0m-20260825-163632,d020m_r090_run01.csv,0,20,90,dw00;dw01;dw02;dw03;dw04;dw05;dw06;dw07;dw08,dw00;dw01;dw02;dw03;dw04;dw05;dw06;dw07;dw08,dw06,55,1,2026-08-27T13:14:49.146+0200,dw02,8FB0,250,1972,-103,1972,0,3.45,52307
ground-height-0m-20260825-163632,d020m_r090_run01.csv,0,20,90,dw00;dw01;dw02;dw03;dw04;dw05;dw06;dw07;dw08,dw00;dw01;dw02;dw03;dw04;dw05;dw06;dw07;dw08,dw06,90,1,2026-08-27T13:14:49.156+0200,dw04,0F85,250,1965,4,-1075,1645,3.90,62286
ground-height-0m-20260825-163632,d020m_r090_run01.csv,0,20,90,dw00;dw01;dw02;dw03;dw04;dw05;dw06;dw07;dw08,dw00;dw01;dw02;dw03;dw04;dw05;dw06;dw07;dw08,dw06,145,1,2026-08-27T13:14:49.186+0200,dw07,5783,205,1968,132,479,1909,3.01,2147483
ground-height-0m-20260825-163632,d020m_r090_run01.csv,0,20,90,dw00;dw01;dw02;dw03;dw04;dw05;dw06;dw07;dw08,dw00;dw01;dw02;dw03;dw04;dw05;dw06;dw07;dw08,dw06,165,1,2026-08-27T13:14:49.216+0200,dw08,028E,135,1979,160,821,1800,2.83,22308
ground-height-0m-20260825-163632,d020m_r090_run01.csv,0,20,90,dw00;dw01;dw02;dw03;dw04;dw05;dw06;dw07;dw08,dw00;dw01;dw02;dw03;dw04;dw05;dw06;dw07;dw08,dw06,15,1,2026-08-27T13:14:49.226+0200,dw00,8103,211,1977,-158,1325,1466,4.02,32287
ground-height-0m-20260825-163632,d020m_r090_run01.csv,0,20,90,dw00;dw01;dw02;dw03;dw04;dw05;dw06;dw07;dw08,dw00;dw01;dw02;dw03;dw04;dw05;dw06;dw07;dw08,dw06,105,1,2026-08-27T13:14:49.266+0200,dw05,4B92,203,1972,47,-557,1891,3.63,72326
ground-height-0m-20260825-163632,d020m_r090_run01.csv,0,20,90,dw00;dw01;dw02;dw03;dw04;dw05;dw06;dw07;dw08,dw00;dw01;dw02;dw03;dw04;dw05;dw06;dw07;dw08,dw06,145,1,2026-08-27T13:14:49.301+0200,dw07,5783,40,1982,87,-68,1980,3.01,2147483
ground-height-0m-20260825-163632,d020m_r090_run01.csv,0,20,90,dw00;dw01;dw02;dw03;dw04;dw05;dw06;dw07;dw08,dw00;dw01;dw02;dw03;dw04;dw05;dw06;dw07;dw08,dw06,35,1,2026-08-27T13:14:49.336+0200,dw01,1729,128,1974,-130,1657,1073,3.57,2147483
ground-height-0m-20260825-163632,d020m_r090_run01.csv,0,20,90,dw00;dw01;dw02;dw03;dw04;dw05;dw06;dw07;dw08,dw00;dw01;dw02;dw03;dw04;dw05;dw06;dw07;dw08,dw06,55,1,2026-08-27T13:14:49.346+0200,dw02,8FB0,251,1972,-95,1972,0,3.33,2147483
ground-height-0m-20260825-163632,d020m_r090_run01.csv,0,20,90,dw00;dw01;dw02;dw03;dw04;dw05;dw06;dw07;dw08,dw00;dw01;dw02;dw03;dw04;dw05;dw06;dw07;dw08,dw06,90,1,2026-08-27T13:14:49.356+0200,dw04,0F85,251,1967,3,-1077,1646,4.02,2147483
ground-height-0m-20260825-163632,d020m_r090_run01.csv,0,20,90,dw00;dw01;dw02;dw03;dw04;dw05;dw06;dw07;dw08,dw00;dw01;dw02;dw03;dw04;dw05;dw06;dw07;dw08,dw06,145,1,2026-08-27T13:14:49.386+0200,dw07,5783,206,1970,136,530,1898,3.01,2147483
ground-height-0m-20260825-163632,d020m_r090_run01.csv,0,20,90,dw00;dw01;dw02;dw03;dw04;dw05;dw06;dw07;dw08,dw00;dw01;dw02;dw03;dw04;dw05;dw06;dw07;dw08,dw06,165,1,2026-08-27T13:14:49.416+0200,dw08,028E,136,1973,73,-235,1959,2.71,22247
ground-height-0m-20260825-163632,d020m_r090_run01.csv,0,20,90,dw00;dw01;dw02;dw03;dw04;dw05;dw06;dw07;dw08,dw00;dw01;dw02;dw03;dw04;dw05;dw06;dw07;dw08,dw06,15,1,2026-08-27T13:14:49.426+0200,dw00,8103,212,1976,-161,1286,1499,3.90,32287
ground-height-0m-20260825-163632,d020m_r090_run01.csv,0,20,90,dw00;dw01;dw02;dw03;dw04;dw05;dw06;dw07;dw08,dw00;dw01;dw02;dw03;dw04;dw05;dw06;dw07;dw08,dw06,105,1,2026-08-27T13:14:49.466+0200,dw05,4B92,204,1973,38,-666,1857,3.78,72296
ground-height-0m-20260825-163632,d020m_r090_run01.csv,0,20,90,dw00;dw01;dw02;dw03;dw04;dw05;dw06;dw07;dw08,dw00;dw01;dw02;dw03;dw04;dw05;dw06;dw07;dw08,dw06,75,1,2026-08-27T13:14:49.522+0200,dw03,021B,156,1962,-44,-1656,1052,3.33,27923
ground-height-0m-20260825-163632,d020m_r090_run01.csv,0,20,90,dw00;dw01;dw02;dw03;dw04;dw05;dw06;dw07;dw08,dw00;dw01;dw02;dw03;dw04;dw05;dw06;dw07;dw08,dw06,55,1,2026-08-27T13:14:49.565+0200,dw02,8FB0,252,1968,-89,1968,0,3.45,71044
ground-height-0m-20260825-163632,d020m_r090_run01.csv,0,20,90,dw00;dw01;dw02;dw03;dw04;dw05;dw06;dw07;dw08,dw00;dw01;dw02;dw03;dw04;dw05;dw06;dw07;dw08,dw06,90,1,2026-08-27T13:14:49.575+0200,dw04,0F85,252,1968,5,-1064,1655,3.96,80535
ground-height-0m-20260825-163632,d020m_r090_run01.csv,0,20,90,dw00;dw01;dw02;dw03;dw04;dw05;dw06;dw07;dw08,dw00;dw01;dw02;dw03;dw04;dw05;dw06;dw07;dw08,dw06,145,1,2026-08-27T13:14:49.586+0200,dw07,5783,41,1975,86,-80,1974,2.77,2147483
ground-height-0m-20260825-163632,d020m_r090_run01.csv,0,20,90,dw00;dw01;dw02;dw03;dw04;dw05;dw06;dw07;dw08,dw00;dw01;dw02;dw03;dw04;dw05;dw06;dw07;dw08,dw06,145,1,2026-08-27T13:14:49.605+0200,dw07,5783,207,1972,124,386,1933,3.01,2147483
ground-height-0m-20260825-163632,d020m_r090_run01.csv,0,20,90,dw00;dw01;dw02;dw03;dw04;dw05;dw06;dw07;dw08,dw00;dw01;dw02;dw03;dw04;dw05;dw06;dw07;dw08,dw06,165,1,2026-08-27T13:14:49.616+0200,dw08,028E,137,1973,74,-228,1960,2.77,2147483
ground-height-0m-20260825-163632,d020m_r090_run01.csv,0,20,90,dw00;dw01;dw02;dw03;dw04;dw05;dw06;dw07;dw08,dw00;dw01;dw02;dw03;dw04;dw05;dw06;dw07;dw08,dw06,15,1,2026-08-27T13:14:49.626+0200,dw00,8103,213,1979,-150,1417,1382,3.96,2147483
ground-height-0m-20260825-163632,d020m_r090_run01.csv,0,20,90,dw00;dw01;dw02;dw03;dw04;dw05;dw06;dw07;dw08,dw00;dw01;dw02;dw03;dw04;dw05;dw06;dw07;dw08,dw06,105,1,2026-08-27T13:14:49.666+0200,dw05,4B92,205,1972,46,-566,1888,3.72,2147483
ground-height-0m-20260825-163632,d020m_r090_run01.csv,0,20,90,dw00;dw01;dw02;dw03;dw04;dw05;dw06;dw07;dw08,dw00;dw01;dw02;dw03;dw04;dw05;dw06;dw07;dw08,dw06,75,1,2026-08-27T13:14:49.706+0200,dw03,021B,157,1965,-37,-1581,1166,3.06,12329
ground-height-0m-20260825-163632,d020m_r090_run01.csv,0,20,90,dw00;dw01;dw02;dw03;dw04;dw05;dw06;dw07;dw08,dw00;dw01;dw02;dw03;dw04;dw05;dw06;dw07;dw08,dw06,35,1,2026-08-27T13:14:49.736+0200,dw01,1729,130,1973,-138,1558,1210,3.51,42388
ground-height-0m-20260825-163632,d020m_r090_run01.csv,0,20,90,dw00;dw01;dw02;dw03;dw04;dw05;dw06;dw07;dw08,dw00;dw01;dw02;dw03;dw04;dw05;dw06;dw07;dw08,dw06,55,1,2026-08-27T13:14:49.746+0200,dw02,8FB0,253,1971,-102,1971,0,3.45,52337
ground-height-0m-20260825-163632,d020m_r090_run01.csv,0,20,90,dw00;dw01;dw02;dw03;dw04;dw05;dw06;dw07;dw08,dw00;dw01;dw02;dw03;dw04;dw05;dw06;dw07;dw08,dw06,90,1,2026-08-27T13:14:49.756+0200,dw04,0F85,253,1966,5,-1055,1659,4.08,62286
ground-height-0m-20260825-163632,d020m_r090_run01.csv,0,20,90,dw00;dw01;dw02;dw03;dw04;dw05;dw06;dw07;dw08,dw00;dw01;dw02;dw03;dw04;dw05;dw06;dw07;dw08,dw06,145,1,2026-08-27T13:14:49.786+0200,dw07,5783,42,1977,88,-55,1977,2.77,2147483
ground-height-0m-20260825-163632,d020m_r090_run01.csv,0,20,90,dw00;dw01;dw02;dw03;dw04;dw05;dw06;dw07;dw08,dw00;dw01;dw02;dw03;dw04;dw05;dw06;dw07;dw08,dw06,165,1,2026-08-27T13:14:49.834+0200,dw08,028E,138,1978,130,463,1923,2.83,40588
ground-height-0m-20260825-163632,d020m_r090_run01.csv,0,20,90,dw00;dw01;dw02;dw03;dw04;dw05;dw06;dw07;dw08,dw00;dw01;dw02;dw03;dw04;dw05;dw06;dw07;dw08,dw06,15,1,2026-08-27T13:14:49.844+0200,dw00,8103,214,1977,-163,1265,1520,3.84,50537
ground-height-0m-20260825-163632,d020m_r090_run01.csv,0,20,90,dw00;dw01;dw02;dw03;dw04;dw05;dw06;dw07;dw08,dw00;dw01;dw02;dw03;dw04;dw05;dw06;dw07;dw08,dw06,105,1,2026-08-27T13:14:49.884+0200,dw05,4B92,206,1972,52,-493,1909,3.69,90484
ground-height-0m-20260825-163632,d020m_r090_run01.csv,0,20,90,dw00;dw01;dw02;dw03;dw04;dw05;dw06;dw07;dw08,dw00;dw01;dw02;dw03;dw04;dw05;dw06;dw07;dw08,dw06,75,1,2026-08-27T13:14:49.906+0200,dw03,021B,158,1964,-48,-1709,966,3.15,12268
ground-height-0m-20260825-163632,d020m_r090_run01.csv,0,20,90,dw00;dw01;dw02;dw03;dw04;dw05;dw06;dw07;dw08,dw00;dw01;dw02;dw03;dw04;dw05;dw06;dw07;dw08,dw06,35,1,2026-08-27T13:14:49.936+0200,dw01,1729,131,1972,-150,1411,1377,3.45,42266
ground-height-0m-20260825-163632,d020m_r090_run01.csv,0,20,90,dw00;dw01;dw02;dw03;dw04;dw05;dw06;dw07;dw08,dw00;dw01;dw02;dw03;dw04;dw05;dw06;dw07;dw08,dw06,55,1,2026-08-27T13:14:49.946+0200,dw02,8FB0,254,1973,-101,1973,0,3.39,52307
ground-height-0m-20260825-163632,d020m_r090_run01.csv,0,20,90,dw00;dw01;dw02;dw03;dw04;dw05;dw06;dw07;dw08,dw00;dw01;dw02;dw03;dw04;dw05;dw06;dw07;dw08,dw06,90,1,2026-08-27T13:14:49.955+0200,dw04,0F85,254,1967,3,-1078,1645,4.02,62225
ground-height-0m-20260825-163632,d020m_r090_run01.csv,0,20,90,dw00;dw01;dw02;dw03;dw04;dw05;dw06;dw07;dw08,dw00;dw01;dw02;dw03;dw04;dw05;dw06;dw07;dw08,dw06,145,1,2026-08-27T13:14:49.986+0200,dw07,5783,43,1974,90,-32,1974,2.65,2147483
ground-height-0m-20260825-163632,d020m_r090_run01.csv,0,20,90,dw00;dw01;dw02;dw03;dw04;dw05;dw06;dw07;dw08,dw00;dw01;dw02;dw03;dw04;dw05;dw06;dw07;dw08,dw06,165,1,2026-08-27T13:14:50.016+0200,dw08,028E,139,1971,61,-381,1933,2.71,22277
ground-height-0m-20260825-163632,d020m_r090_run01.csv,0,20,90,dw00;dw01;dw02;dw03;dw04;dw05;dw06;dw07;dw08,dw00;dw01;dw02;dw03;dw04;dw05;dw06;dw07;dw08,dw06,15,1,2026-08-27T13:14:50.026+0200,dw00,8103,215,1976,-171,1166,1595,3.90,32287
ground-height-0m-20260825-163632,d020m_r090_run01.csv,0,20,90,dw00;dw01;dw02;dw03;dw04;dw05;dw06;dw07;dw08,dw00;dw01;dw02;dw03;dw04;dw05;dw06;dw07;dw08,dw06,105,1,2026-08-27T13:14:50.066+0200,dw05,4B92,207,1971,51,-497,1907,3.78,72296
ground-height-0m-20260825-163632,d020m_r090_run01.csv,0,20,90,dw00;dw01;dw02;dw03;dw04;dw05;dw06;dw07;dw08,dw00;dw01;dw02;dw03;dw04;dw05;dw06;dw07;dw08,dw06,145,1,2026-08-27T13:14:50.102+0200,dw07,5783,209,1971,132,475,1912,3.15,2147483
ground-height-0m-20260825-163632,d020m_r090_run01.csv,0,20,90,dw00;dw01;dw02;dw03;dw04;dw05;dw06;dw07;dw08,dw00;dw01;dw02;dw03;dw04;dw05;dw06;dw07;dw08,dw06,35,1,2026-08-27T13:14:50.136+0200,dw01,1729,132,1974,-143,1498,1285,3.57,2147483
ground-height-0m-20260825-163632,d020m_r090_run01.csv,0,20,90,dw00;dw01;dw02;dw03;dw04;dw05;dw06;dw07;dw08,dw00;dw01;dw02;dw03;dw04;dw05;dw06;dw07;dw08,dw06,55,1,2026-08-27T13:14:50.146+0200,dw02,8FB0,255,1969,-86,-1969,0,3.45,2147483
ground-height-0m-20260825-163632,d020m_r090_run01.csv,0,20,90,dw00;dw01;dw02;dw03;dw04;dw05;dw06;dw07;dw08,dw00;dw01;dw02;dw03;dw04;dw05;dw06;dw07;dw08,dw06,90,1,2026-08-27T13:14:50.156+0200,dw04,0F85,255,1967,0,-1118,1618,4.02,2147483
ground-height-0m-20260825-163632,d020m_r090_run01.csv,0,20,90,dw00;dw01;dw02;dw03;dw04;dw05;dw06;dw07;dw08,dw00;dw01;dw02;dw03;dw04;dw05;dw06;dw07;dw08,dw06,145,1,2026-08-27T13:14:50.186+0200,dw07,5783,44,1974,91,-13,1974,2.83,2147483
ground-height-0m-20260825-163632,d020m_r090_run01.csv,0,20,90,dw00;dw01;dw02;dw03;dw04;dw05;dw06;dw07;dw08,dw00;dw01;dw02;dw03;dw04;dw05;dw06;dw07;dw08,dw06,165,1,2026-08-27T13:14:50.217+0200,dw08,028E,140,1974,125,396,1933,2.83,22247
ground-height-0m-20260825-163632,d020m_r090_run01.csv,0,20,90,dw00;dw01;dw02;dw03;dw04;dw05;dw06;dw07;dw08,dw00;dw01;dw02;dw03;dw04;dw05;dw06;dw07;dw08,dw06,15,1,2026-08-27T13:14:50.226+0200,dw00,8103,216,1976,-160,1297,1491,3.78,32257
ground-height-0m-20260825-163632,d020m_r090_run01.csv,0,20,90,dw00;dw01;dw02;dw03;dw04;dw05;dw06;dw07;dw08,dw00;dw01;dw02;dw03;dw04;dw05;dw06;dw07;dw08,dw06,105,1,2026-08-27T13:14:50.266+0200,dw05,4B92,208,1968,39,-650,1858,3.69,72265
ground-height-0m-20260825-163632,d020m_r090_run01.csv,0,20,90,dw00;dw01;dw02;dw03;dw04;dw05;dw06;dw07;dw08,dw00;dw01;dw02;dw03;dw04;dw05;dw06;dw07;dw08,dw06,75,1,2026-08-27T13:14:50.322+0200,dw03,021B,160,1961,-42,-1637,1081,3.15,27893
ground-height-0m-20260825-163632,d020m_r090_run01.csv,0,20,90,dw00;dw01;dw02;dw03;dw04;dw05;dw06;dw07;dw08,dw00;dw01;dw02;dw03;dw04;dw05;dw06;dw07;dw08,dw06,35,1,2026-08-27T13:14:50.355+0200,dw01,1729,133,1970,-134,1607,1140,3.39,61035
ground-height-0m-20260825-163632,d020m_r090_run01.csv,0,20,90,dw00;dw01;dw02;dw03;dw04;dw05;dw06;dw07;dw08,dw00;dw01;dw02;dw03;dw04;dw05;dw06;dw07;dw08,dw06,55,1,2026-08-27T13:14:50.365+0200,dw02,8FB0,0,1974,-95,1974,0,3.51,71044
ground-height-0m-20260825-163632,d020m_r090_run01.csv,0,20,90,dw00;dw01;dw02;dw03;dw04;dw05;dw06;dw07;dw08,dw00;dw01;dw02;dw03;dw04;dw05;dw06;dw07;dw08,dw06,90,1,2026-08-27T13:14:50.374+0200,dw04,0F85,0,1963,0,-1125,1609,4.02,80535
ground-height-0m-20260825-163632,d020m_r090_run01.csv,0,20,90,dw00;dw01;dw02;dw03;dw04;dw05;dw06;dw07;dw08,dw00;dw01;dw02;dw03;dw04;dw05;dw06;dw07;dw08,dw06,145,1,2026-08-27T13:14:50.386+0200,dw07,5783,210,1971,127,414,1927,3.06,2147483
ground-height-0m-20260825-163632,d020m_r090_run01.csv,0,20,90,dw00;dw01;dw02;dw03;dw04;dw05;dw06;dw07;dw08,dw00;dw01;dw02;dw03;dw04;dw05;dw06;dw07;dw08,dw06,145,1,2026-08-27T13:14:50.404+0200,dw07,5783,45,1975,85,-88,1973,2.65,2147483
ground-height-0m-20260825-163632,d020m_r090_run01.csv,0,20,90,dw00;dw01;dw02;dw03;dw04;dw05;dw06;dw07;dw08,dw00;dw01;dw02;dw03;dw04;dw05;dw06;dw07;dw08,dw06,165,1,2026-08-27T13:14:50.415+0200,dw08,028E,141,1975,127,417,1930,2.59,2147483
ground-height-0m-20260825-163632,d020m_r090_run01.csv,0,20,90,dw00;dw01;dw02;dw03;dw04;dw05;dw06;dw07;dw08,dw00;dw01;dw02;dw03;dw04;dw05;dw06;dw07;dw08,dw06,15,1,2026-08-27T13:14:50.426+0200,dw00,8103,217,1974,-163,1256,1523,3.90,2147483
ground-height-0m-20260825-163632,d020m_r090_run01.csv,0,20,90,dw00;dw01;dw02;dw03;dw04;dw05;dw06;dw07;dw08,dw00;dw01;dw02;dw03;dw04;dw05;dw06;dw07;dw08,dw06,105,1,2026-08-27T13:14:50.466+0200,dw05,4B92,209,1974,35,-697,1847,3.72,2147483
ground-height-0m-20260825-163632,d020m_r090_run01.csv,0,20,90,dw00;dw01;dw02;dw03;dw04;dw05;dw06;dw07;dw08,dw00;dw01;dw02;dw03;dw04;dw05;dw06;dw07;dw08,dw06,75,1,2026-08-27T13:14:50.506+0200,dw03,021B,161,1964,-36,-1570,1179,3.15,12329
ground-height-0m-20260825-163632,d020m_r090_run01.csv,0,20,90,dw00;dw01;dw02;dw03;dw04;dw05;dw06;dw07;dw08,dw00;dw01;dw02;dw03;dw04;dw05;dw06;dw07;dw08,dw06,35,1,2026-08-27T13:14:50.536+0200,dw01,1729,134,1975,-120,1785,845,3.45,42358
ground-height-0m-20260825-163632,d020m_r090_run01.csv,0,20,90,dw00;dw01;dw02;dw03;dw04;dw05;dw06;dw07;dw08,dw00;dw01;dw02;dw03;dw04;dw05;dw06;dw07;dw08,dw06,55,1,2026-08-27T13:14:50.545+0200,dw02,8FB0,1,1974,-91,1974,0,3.45,52337
ground-height-0m-20260825-163632,d020m_r090_run01.csv,0,20,90,dw00;dw01;dw02;dw03;dw04;dw05;dw06;dw07;dw08,dw00;dw01;dw02;dw03;dw04;dw05;dw06;dw07;dw08,dw06,90,1,2026-08-27T13:14:50.556+0200,dw04,0F85,1,1966,0,-1130,1609,3.96,62255
ground-height-0m-20260825-163632,d020m_r090_run01.csv,0,20,90,dw00;dw01;dw02;dw03;dw04;dw05;dw06;dw07;dw08,dw00;dw01;dw02;dw03;dw04;dw05;dw06;dw07;dw08,dw06,145,1,2026-08-27T13:14:50.585+0200,dw07,5783,211,1967,130,454,1914,3.06,2147483
ground-height-0m-20260825-163632,d020m_r090_run01.csv,0,20,90,dw00;dw01;dw02;dw03;dw04;dw05;dw06;dw07;dw08,dw00;dw01;dw02;dw03;dw04;dw05;dw06;dw07;dw08,dw06,165,1,2026-08-27T13:14:50.634+0200,dw08,028E,142,1970,63,-353,1938,2.65,40557
ground-height-0m-20260825-163632,d020m_r090_run01.csv,0,20,90,dw00;dw01;dw02;dw03;dw04;dw05;dw06;dw07;dw08,dw00;dw01;dw02;dw03;dw04;dw05;dw06;dw07;dw08,dw06,15,1,2026-08-27T13:14:50.644+0200,dw00,8103,218,1976,-164,1250,1530,3.90,50567
ground-height-0m-20260825-163632,d020m_r090_run01.csv,0,20,90,dw00;dw01;dw02;dw03;dw04;dw05;dw06;dw07;dw08,dw00;dw01;dw02;dw03;dw04;dw05;dw06;dw07;dw08,dw06,105,1,2026-08-27T13:14:50.684+0200,dw05,4B92,210,1973,47,-554,1893,3.69,90484
ground-height-0m-20260825-163632,d020m_r090_run01.csv,0,20,90,dw00;dw01;dw02;dw03;dw04;dw05;dw06;dw07;dw08,dw00;dw01;dw02;dw03;dw04;dw05;dw06;dw07;dw08,dw06,75,1,2026-08-27T13:14:50.705+0200,dw03,021B,162,1964,-42,-1642,1076,3.15,12268
ground-height-0m-20260825-163632,d020m_r090_run01.csv,0,20,90,dw00;dw01;dw02;dw03;dw04;dw05;dw06;dw07;dw08,dw00;dw01;dw02;dw03;dw04;dw05;dw06;dw07;dw08,dw06,35,1,2026-08-27T13:14:50.736+0200,dw01,1729,135,1969,-135,1600,1148,3.57,42266
ground-height-0m-20260825-163632,d020m_r090_run01.csv,0,20,90,dw00;dw01;dw02;dw03;dw04;dw05;dw06;dw07;dw08,dw00;dw01;dw02;dw03;dw04;dw05;dw06;dw07;dw08,dw06,55,1,2026-08-27T13:14:50.746+0200,dw02,8FB0,2,1976,-96,1976,0,3.51,52307
ground-height-0m-20260825-163632,d020m_r090_run01.csv,0,20,90,dw00;dw01;dw02;dw03;dw04;dw05;dw06;dw07;dw08,dw00;dw01;dw02;dw03;dw04;dw05;dw06;dw07;dw08,dw06,90,1,2026-08-27T13:14:50.755+0200,dw04,0F85,2,1966,1,-1103,1628,3.96,62225
ground-height-0m-20260825-163632,d020m_r090_run01.csv,0,20,90,dw00;dw01;dw02;dw03;dw04;dw05;dw06;dw07;dw08,dw00;dw01;dw02;dw03;dw04;dw05;dw06;dw07;dw08,dw06,145,1,2026-08-27T13:14:50.786+0200,dw07,5783,212,1972,138,548,1894,2.95,2147483
ground-height-0m-20260825-163632,d020m_r090_run01.csv,0,20,90,dw00;dw01;dw02;dw03;dw04;dw05;dw06;dw07;dw08,dw00;dw01;dw02;dw03;dw04;dw05;dw06;dw07;dw08,dw06,165,1,2026-08-27T13:14:50.816+0200,dw08,028E,143,1971,81,-138,1966,2.71,22338
ground-height-0m-20260825-163632,d020m_r090_run01.csv,0,20,90,dw00;dw01;dw02;dw03;dw04;dw05;dw06;dw07;dw08,dw00;dw01;dw02;dw03;dw04;dw05;dw06;dw07;dw08,dw06,15,1,2026-08-27T13:14:50.826+0200,dw00,8103,219,1980,-155,1355,1443,3.90,32287
ground-height-0m-20260825-163632,d020m_r090_run01.csv,0,20,90,dw00;dw01;dw02;dw03;dw04;dw05;dw06;dw07;dw08,dw00;dw01;dw02;dw03;dw04;dw05;dw06;dw07;dw08,dw06,105,1,2026-08-27T13:14:50.866+0200,dw05,4B92,211,1969,46,-557,1889,3.90,72265
ground-height-0m-20260825-163632,d020m_r090_run01.csv,0,20,90,dw00;dw01;dw02;dw03;dw04;dw05;dw06;dw07;dw08,dw00;dw01;dw02;dw03;dw04;dw05;dw06;dw07;dw08,dw06,145,1,2026-08-27T13:14:50.901+0200,dw07,5783,47,1975,84,-101,1973,3.06,2147483
ground-height-0m-20260825-163632,d020m_r090_run01.csv,0,20,90,dw00;dw01;dw02;dw03;dw04;dw05;dw06;dw07;dw08,dw00;dw01;dw02;dw03;dw04;dw05;dw06;dw07;dw08,dw06,35,1,2026-08-27T13:14:50.936+0200,dw01,1729,136,1975,-147,1449,1341,3.57,2147483
ground-height-0m-20260825-163632,d020m_r090_run01.csv,0,20,90,dw00;dw01;dw02;dw03;dw04;dw05;dw06;dw07;dw08,dw00;dw01;dw02;dw03;dw04;dw05;dw06;dw07;dw08,dw06,55,1,2026-08-27T13:14:50.946+0200,dw02,8FB0,3,1971,-89,1971,0,3.45,2147483
ground-height-0m-20260825-163632,d020m_r090_run01.csv,0,20,90,dw00;dw01;dw02;dw03;dw04;dw05;dw06;dw07;dw08,dw00;dw01;dw02;dw03;dw04;dw05;dw06;dw07;dw08,dw06,90,1,2026-08-27T13:14:50.955+0200,dw04,0F85,3,1967,2,-1092,1636,4.02,2147483
ground-height-0m-20260825-163632,d020m_r090_run01.csv,0,20,90,dw00;dw01;dw02;dw03;dw04;dw05;dw06;dw07;dw08,dw00;dw01;dw02;dw03;dw04;dw05;dw06;dw07;dw08,dw06,145,1,2026-08-27T13:14:50.986+0200,dw07,5783,213,1971,125,397,1930,3.06,2147483
ground-height-0m-20260825-163632,d020m_r090_run01.csv,0,20,90,dw00;dw01;dw02;dw03;dw04;dw05;dw06;dw07;dw08,dw00;dw01;dw02;dw03;dw04;dw05;dw06;dw07;dw08,dw06,165,1,2026-08-27T13:14:51.016+0200,dw08,028E,144,1969,62,-372,1934,2.71,22247
ground-height-0m-20260825-163632,d020m_r090_run01.csv,0,20,90,dw00;dw01;dw02;dw03;dw04;dw05;dw06;dw07;dw08,dw00;dw01;dw02;dw03;dw04;dw05;dw06;dw07;dw08,dw06,15,1,2026-08-27T13:14:51.026+0200,dw00,8103,220,1974,-176,1102,1637,3.84,32226
ground-height-0m-20260825-163632,d020m_r090_run01.csv,0,20,90,dw00;dw01;dw02;dw03;dw04;dw05;dw06;dw07;dw08,dw00;dw01;dw02;dw03;dw04;dw05;dw06;dw07;dw08,dw06,105,1,2026-08-27T13:14:51.066+0200,dw05,4B92,212,1972,35,-694,1845,3.78,72235
ground-height-0m-20260825-163632,d020m_r090_run01.csv,0,20,90,dw00;dw01;dw02;dw03;dw04;dw05;dw06;dw07;dw08,dw00;dw01;dw02;dw03;dw04;dw05;dw06;dw07;dw08,dw06,75,1,2026-08-27T13:14:51.122+0200,dw03,021B,164,1963,-45,-1676,1021,3.33,27923
ground-height-0m-20260825-163632,d020m_r090_run01.csv,0,20,90,dw00;dw01;dw02;dw03;dw04;dw05;dw06;dw07;dw08,dw00;dw01;dw02;dw03;dw04;dw05;dw06;dw07;dw08,dw06,35,1,2026-08-27T13:14:51.155+0200,dw01,1729,137,1971,-148,1444,1342,3.45,60974
ground-height-0m-20260825-163632,d020m_r090_run01.csv,0,20,90,dw00;dw01;dw02;dw03;dw04;dw05;dw06;dw07;dw08,dw00;dw01;dw02;dw03;dw04;dw05;dw06;dw07;dw08,dw06,55,1,2026-08-27T13:14:51.165+0200,dw02,8FB0,4,1974,-94,1973,0,3.45,71044
ground-height-0m-20260825-163632,d020m_r090_run01.csv,0,20,90,dw00;dw01;dw02;dw03;dw04;dw05;dw06;dw07;dw08,dw00;dw01;dw02;dw03;dw04;dw05;dw06;dw07;dw08,dw06,90,1,2026-08-27T13:14:51.174+0200,dw04,0F85,4,1966,3,-1079,1643,4.14,80566
ground-height-0m-20260825-163632,d020m_r090_run01.csv,0,20,90,dw00;dw01;dw02;dw03;dw04;dw05;dw06;dw07;dw08,dw00;dw01;dw02;dw03;dw04;dw05;dw06;dw07;dw08,dw06,145,1,2026-08-27T13:14:51.187+0200,dw07,5783,48,1976,92,-2,1976,2.71,2147483
ground-height-0m-20260825-163632,d020m_r090_run01.csv,0,20,90,dw00;dw01;dw02;dw03;dw04;dw05;dw06;dw07;dw08,dw00;dw01;dw02;dw03;dw04;dw05;dw06;dw07;dw08,dw06,145,1,2026-08-27T13:14:51.205+0200,dw07,5783,214,1970,113,244,1955,3.01,2147483
ground-height-0m-20260825-163632,d020m_r090_run01.csv,0,20,90,dw00;dw01;dw02;dw03;dw04;dw05;dw06;dw07;dw08,dw00;dw01;dw02;dw03;dw04;dw05;dw06;dw07;dw08,dw06,15,1,2026-08-27T13:14:51.227+0200,dw00,8103,221,1974,-159,1302,1485,3.90,2147483
ground-height-0m-20260825-163632,d020m_r090_run01.csv,0,20,90,dw00;dw01;dw02;dw03;dw04;dw05;dw06;dw07;dw08,dw00;dw01;dw02;dw03;dw04;dw05;dw06;dw07;dw08,dw06,105,1,2026-08-27T13:14:51.267+0200,dw05,4B92,213,1970,36,-684,1847,3.90,2147483
ground-height-0m-20260825-163632,d020m_r090_run01.csv,0,20,90,dw00;dw01;dw02;dw03;dw04;dw05;dw06;dw07;dw08,dw00;dw01;dw02;dw03;dw04;dw05;dw06;dw07;dw08,dw06,75,1,2026-08-27T13:14:51.307+0200,dw03,021B,165,1963,-46,-1687,1004,3.15,12298
ground-height-0m-20260825-163632,d020m_r090_run01.csv,0,20,90,dw00;dw01;dw02;dw03;dw04;dw05;dw06;dw07;dw08,dw00;dw01;dw02;dw03;dw04;dw05;dw06;dw07;dw08,dw06,35,1,2026-08-27T13:14:51.336+0200,dw01,1729,138,1968,-135,1590,1160,3.45,42358
ground-height-0m-20260825-163632,d020m_r090_run01.csv,0,20,90,dw00;dw01;dw02;dw03;dw04;dw05;dw06;dw07;dw08,dw00;dw01;dw02;dw03;dw04;dw05;dw06;dw07;dw08,dw06,55,1,2026-08-27T13:14:51.346+0200,dw02,8FB0,5,1971,-93,1971,0,3.57,52368
ground-height-0m-20260825-163632,d020m_r090_run01.csv,0,20,90,dw00;dw01;dw02;dw03;dw04;dw05;dw06;dw07;dw08,dw00;dw01;dw02;dw03;dw04;dw05;dw06;dw07;dw08,dw06,90,1,2026-08-27T13:14:51.357+0200,dw04,0F85,5,1968,3,-1080,1645,4.02,62255
ground-height-0m-20260825-163632,d020m_r090_run01.csv,0,20,90,dw00;dw01;dw02;dw03;dw04;dw05;dw06;dw07;dw08,dw00;dw01;dw02;dw03;dw04;dw05;dw06;dw07;dw08,dw06,145,1,2026-08-27T13:14:51.386+0200,dw07,5783,49,1973,89,-36,1972,2.89,2147483
ground-height-0m-20260825-163632,d020m_r090_run01.csv,0,20,90,dw00;dw01;dw02;dw03;dw04;dw05;dw06;dw07;dw08,dw00;dw01;dw02;dw03;dw04;dw05;dw06;dw07;dw08,dw06,165,1,2026-08-27T13:14:51.432+0200,dw08,028E,146,1974,78,-180,1966,2.95,37811
ground-height-0m-20260825-163632,d020m_r090_run01.csv,0,20,90,dw00;dw01;dw02;dw03;dw04;dw05;dw06;dw07;dw08,dw00;dw01;dw02;dw03;dw04;dw05;dw06;dw07;dw08,dw06,15,1,2026-08-27T13:14:51.445+0200,dw00,8103,222,1976,-150,1415,1379,3.96,50598
ground-height-0m-20260825-163632,d020m_r090_run01.csv,0,20,90,dw00;dw01;dw02;dw03;dw04;dw05;dw06;dw07;dw08,dw00;dw01;dw02;dw03;dw04;dw05;dw06;dw07;dw08,dw06,105,1,2026-08-27T13:14:51.485+0200,dw05,4B92,214,1974,49,-529,1901,3.72,90576
ground-height-0m-20260825-163632,d020m_r090_run01.csv,0,20,90,dw00;dw01;dw02;dw03;dw04;dw05;dw06;dw07;dw08,dw00;dw01;dw02;dw03;dw04;dw05;dw06;dw07;dw08,dw06,75,1,2026-08-27T13:14:51.506+0200,dw03,021B,166,1965,-49,-1729,933,3.06,12268
ground-height-0m-20260825-163632,d020m_r090_run01.csv,0,20,90,dw00;dw01;dw02;dw03;dw04;dw05;dw06;dw07;dw08,dw00;dw01;dw02;dw03;dw04;dw05;dw06;dw07;dw08,dw06,35,1,2026-08-27T13:14:51.536+0200,dw01,1729,139,1972,-142,1514,1263,3.39,42327
ground-height-0m-20260825-163632,d020m_r090_run01.csv,0,20,90,dw00;dw01;dw02;dw03;dw04;dw05;dw06;dw07;dw08,dw00;dw01;dw02;dw03;dw04;dw05;dw06;dw07;dw08,dw06,55,1,2026-08-27T13:14:51.546+0200,dw02,8FB0,6,1974,-95,1974,0,3.39,52307
ground-height-0m-20260825-163632,d020m_r090_run01.csv,0,20,90,dw00;dw01;dw02;dw03;dw04;dw05;dw06;dw07;dw08,dw00;dw01;dw02;dw03;dw04;dw05;dw06;dw07;dw08,dw06,90,1,2026-08-27T13:14:51.556+0200,dw04,0F85,6,1966,4,-1064,1652,4.02,62225
ground-height-0m-20260825-163632,d020m_r090_run01.csv,0,20,90,dw00;dw01;dw02;dw03;dw04;dw05;dw06;dw07;dw08,dw00;dw01;dw02;dw03;dw04;dw05;dw06;dw07;dw08,dw06,145,1,2026-08-27T13:14:51.586+0200,dw07,5783,50,1970,96,47,1970,2.77,2147483
ground-height-0m-20260825-163632,d020m_r090_run01.csv,0,20,90,dw00;dw01;dw02;dw03;dw04;dw05;dw06;dw07;dw08,dw00;dw01;dw02;dw03;dw04;dw05;dw06;dw07;dw08,dw06,165,1,2026-08-27T13:14:51.616+0200,dw08,028E,147,1971,98,65,1970,2.83,22308
ground-height-0m-20260825-163632,d020m_r090_run01.csv,0,20,90,dw00;dw01;dw02;dw03;dw04;dw05;dw06;dw07;dw08,dw00;dw01;dw02;dw03;dw04;dw05;dw06;dw07;dw08,dw06,15,1,2026-08-27T13:14:51.626+0200,dw00,8103,223,1975,-161,1281,1503,3.90,32257
ground-height-0m-20260825-163632,d020m_r090_run01.csv,0,20,90,dw00;dw01;dw02;dw03;dw04;dw05;dw06;dw07;dw08,dw00;dw01;dw02;dw03;dw04;dw05;dw06;dw07;dw08,dw06,105,1,2026-08-27T13:14:51.666+0200,dw05,4B92,215,1972,41,-621,1871,3.72,72326
ground-height-0m-20260825-163632,d020m_r090_run01.csv,0,20,90,dw00;dw01;dw02;dw03;dw04;dw05;dw06;dw07;dw08,dw00;dw01;dw02;dw03;dw04;dw05;dw06;dw07;dw08,dw06,145,1,2026-08-27T13:14:51.702+0200,dw07,5783,216,1968,134,506,1902,3.21,2147483
ground-height-0m-20260825-163632,d020m_r090_run01.csv,0,20,90,dw00;dw01;dw02;dw03;dw04;dw05;dw06;dw07;dw08,dw00;dw01;dw02;dw03;dw04;dw05;dw06;dw07;dw08,dw06,35,1,2026-08-27T13:14:51.736+0200,dw01,1729,140,1976,-136,1588,1175,3.57,2147483
ground-height-0m-20260825-163632,d020m_r090_run01.csv,0,20,90,dw00;dw01;dw02;dw03;dw04;dw05;dw06;dw07;dw08,dw00;dw01;dw02;dw03;dw04;dw05;dw06;dw07;dw08,dw06,55,1,2026-08-27T13:14:51.746+0200,dw02,8FB0,7,1974,-97,1973,0,3.39,2147483
ground-height-0m-20260825-163632,d020m_r090_run01.csv,0,20,90,dw00;dw01;dw02;dw03;dw04;dw05;dw06;dw07;dw08,dw00;dw01;dw02;dw03;dw04;dw05;dw06;dw07;dw08,dw06,90,1,2026-08-27T13:14:51.756+0200,dw04,0F85,7,1966,-3,-1166,1583,4.14,2147483
ground-height-0m-20260825-163632,d020m_r090_run01.csv,0,20,90,dw00;dw01;dw02;dw03;dw04;dw05;dw06;dw07;dw08,dw00;dw01;dw02;dw03;dw04;dw05;dw06;dw07;dw08,dw06,145,1,2026-08-27T13:14:51.786+0200,dw07,5783,51,1974,94,23,1974,2.83,2147483
ground-height-0m-20260825-163632,d020m_r090_run01.csv,0,20,90,dw00;dw01;dw02;dw03;dw04;dw05;dw06;dw07;dw08,dw00;dw01;dw02;dw03;dw04;dw05;dw06;dw07;dw08,dw06,165,1,2026-08-27T13:14:51.817+0200,dw08,028E,148,1973,113,255,1956,2.77,22247
ground-height-0m-20260825-163632,d020m_r090_run01.csv,0,20,90,dw00;dw01;dw02;dw03;dw04;dw05;dw06;dw07;dw08,dw00;dw01;dw02;dw03;dw04;dw05;dw06;dw07;dw08,dw06,15,1,2026-08-27T13:14:51.826+0200,dw00,8103,224,1974,-155,1360,1431,3.90,32287
ground-height-0m-20260825-163632,d020m_r090_run01.csv,0,20,90,dw00;dw01;dw02;dw03;dw04;dw05;dw06;dw07;dw08,dw00;dw01;dw02;dw03;dw04;dw05;dw06;dw07;dw08,dw06,105,1,2026-08-27T13:14:51.866+0200,dw05,4B92,216,1972,46,-561,1891,3.78,72235
ground-height-0m-20260825-163632,d020m_r090_run01.csv,0,20,90,dw00;dw01;dw02;dw03;dw04;dw05;dw06;dw07;dw08,dw00;dw01;dw02;dw03;dw04;dw05;dw06;dw07;dw08,dw06,75,1,2026-08-27T13:14:51.922+0200,dw03,021B,168,1966,-35,-1553,1206,3.33,27893
ground-height-0m-20260825-163632,d020m_r090_run01.csv,0,20,90,dw00;dw01;dw02;dw03;dw04;dw05;dw06;dw07;dw08,dw00;dw01;dw02;dw03;dw04;dw05;dw06;dw07;dw08,dw06,35,1,2026-08-27T13:14:51.955+0200,dw01,1729,141,1971,-138,1563,1201,3.57,60943
ground-height-0m-20260825-163632,d020m_r090_run01.csv,0,20,90,dw00;dw01;dw02;dw03;dw04;dw05;dw06;dw07;dw08,dw00;dw01;dw02;dw03;dw04;dw05;dw06;dw07;dw08,dw06,55,1,2026-08-27T13:14:51.965+0200,dw02,8FB0,8,1972,-82,-1972,0,3.45,71044
ground-height-0m-20260825-163632,d020m_r090_run01.csv,0,20,90,dw00;dw01;dw02;dw03;dw04;dw05;dw06;dw07;dw08,dw00;dw01;dw02;dw03;dw04;dw05;dw06;dw07;dw08,dw06,90,1,2026-08-27T13:14:51.975+0200,dw04,0F85,8,1966,1,-1107,1625,3.96,80535
ground-height-0m-20260825-163632,d020m_r090_run01.csv,0,20,90,dw00;dw01;dw02;dw03;dw04;dw05;dw06;dw07;dw08,dw00;dw01;dw02;dw03;dw04;dw05;dw06;dw07;dw08,dw06,145,1,2026-08-27T13:14:51.986+0200,dw07,5783,217,1971,126,402,1929,2.95,2147483
ground-height-0m-20260825-163632,d020m_r090_run01.csv,0,20,90,dw00;dw01;dw02;dw03;dw04;dw05;dw06;dw07;dw08,dw00;dw01;dw02;dw03;dw04;dw05;dw06;dw07;dw08,dw06,145,1,2026-08-27T13:14:52.004+0200,dw07,5783,52,1975,90,-28,1975,2.71,2147483
ground-height-0m-20260825-163632,d020m_r090_run01.csv,0,20,90,dw00;dw01;dw02;dw03;dw04;dw05;dw06;dw07;dw08,dw00;dw01;dw02;dw03;dw04;dw05;dw06;dw07;dw08,dw06,165,1,2026-08-27T13:14:52.016+0200,dw08,028E,149,1974,99,74,1973,2.77,2147483
ground-height-0m-20260825-163632,d020m_r090_run01.csv,0,20,90,dw00;dw01;dw02;dw03;dw04;dw05;dw06;dw07;dw08,dw00;dw01;dw02;dw03;dw04;dw05;dw06;dw07;dw08,dw06,15,1,2026-08-27T13:14:52.027+0200,dw00,8103,225,1976,-159,1305,1484,3.78,2147483
ground-height-0m-20260825-163632,d020m_r090_run01.csv,0,20,90,dw00;dw01;dw02;dw03;dw04;dw05;dw06;dw07;dw08,dw00;dw01;dw02;dw03;dw04;dw05;dw06;dw07;dw08,dw06,105,1,2026-08-27T13:14:52.066+0200,dw05,4B92,217,1972,39,-649,1862,3.72,2147483
ground-height-0m-20260825-163632,d020m_r090_run01.csv,0,20,90,dw00;dw01;dw02;dw03;dw04;dw05;dw06;dw07;dw08,dw00;dw01;dw02;dw03;dw04;dw05;dw06;dw07;dw08,dw06,75,1,2026-08-27T13:14:52.107+0200,dw03,021B,169,1961,-43,-1642,1071,3.06,12298
ground-height-0m-20260825-163632,d020m_r090_run01.csv,0,20,90,dw00;dw01;dw02;dw03;dw04;dw05;dw06;dw07;dw08,dw00;dw01;dw02;dw03;dw04;dw05;dw06;dw07;dw08,dw06,35,1,2026-08-27T13:14:52.136+0200,dw01,1729,142,1968,-147,1454,1327,3.45,42388
ground-height-0m-20260825-163632,d020m_r090_run01.csv,0,20,90,dw00;dw01;dw02;dw03;dw04;dw05;dw06;dw07;dw08,dw00;dw01;dw02;dw03;dw04;dw05;dw06;dw07;dw08,dw06,55,1,2026-08-27T13:14:52.146+0200,dw02,8FB0,9,1975,-103,1975,0,3.57,52337
ground-height-0m-20260825-163632,d020m_r090_run01.csv,0,20,90,dw00;dw01;dw02;dw03;dw04;dw05;dw06;dw07;dw08,dw00;dw01;dw02;dw03;dw04;dw05;dw06;dw07;dw08,dw06,90,1,2026-08-27T13:14:52.156+0200,dw04,0F85,9,1965,-2,-1160,1586,3.90,62255
ground-height-0m-20260825-163632,d020m_r090_run01.csv,0,20,90,dw00;dw01;dw02;dw03;dw04;dw05;dw06;dw07;dw08,dw00;dw01;dw02;dw03;dw04;dw05;dw06;dw07;dw08,dw06,145,1,2026-08-27T13:14:52.186+0200,dw07,5783,218,1969,128,433,1921,3.06,2147483
ground-height-0m-20260825-163632,d020m_r090_run01.csv,0,20,90,dw00;dw01;dw02;dw03;dw04;dw05;dw06;dw07;dw08,dw00;dw01;dw02;dw03;dw04;dw05;dw06;dw07;dw08,dw06,165,1,2026-08-27T13:14:52.234+0200,dw08,028E,150,1970,43,-596,1877,2.71,40588
ground-height-0m-20260825-163632,d020m_r090_run01.csv,0,20,90,dw00;dw01;dw02;dw03;dw04;dw05;dw06;dw07;dw08,dw00;dw01;dw02;dw03;dw04;dw05;dw06;dw07;dw08,dw06,15,1,2026-08-27T13:14:52.244+0200,dw00,8103,226,1977,-158,1321,1471,3.90,50567
ground-height-0m-20260825-163632,d020m_r090_run01.csv,0,20,90,dw00;dw01;dw02;dw03;dw04;dw05;dw06;dw07;dw08,dw00;dw01;dw02;dw03;dw04;dw05;dw06;dw07;dw08,dw06,105,1,2026-08-27T13:14:52.284+0200,dw05,4B92,218,1971,39,-654,1859,3.78,90484
ground-height-0m-20260825-163632,d020m_r090_run01.csv,0,20,90,dw00;dw01;dw02;dw03;dw04;dw05;dw06;dw07;dw08,dw00;dw01;dw02;dw03;dw04;dw05;dw06;dw07;dw08,dw06,75,1,2026-08-27T13:14:52.306+0200,dw03,021B,170,1962,-40,-1611,1120,3.15,12268
ground-height-0m-20260825-163632,d020m_r090_run01.csv,0,20,90,dw00;dw01;dw02;dw03;dw04;dw05;dw06;dw07;dw08,dw00;dw01;dw02;dw03;dw04;dw05;dw06;dw07;dw08,dw06,35,1,2026-08-27T13:14:52.336+0200,dw01,1729,143,1973,-128,1677,1038,3.45,42327
ground-height-0m-20260825-163632,d020m_r090_run01.csv,0,20,90,dw00;dw01;dw02;dw03;dw04;dw05;dw06;dw07;dw08,dw00;dw01;dw02;dw03;dw04;dw05;dw06;dw07;dw08,dw06,55,1,2026-08-27T13:14:52.346+0200,dw02,8FB0,10,1976,-90,1976,0,3.45,52307
ground-height-0m-20260825-163632,d020m_r090_run01.csv,0,20,90,dw00;dw01;dw02;dw03;dw04;dw05;dw06;dw07;dw08,dw00;dw01;dw02;dw03;dw04;dw05;dw06;dw07;dw08,dw06,90,1,2026-08-27T13:14:52.356+0200,dw04,0F85,10,1968,4,-1069,1653,3.90,62255
ground-height-0m-20260825-163632,d020m_r090_run01.csv,0,20,90,dw00;dw01;dw02;dw03;dw04;dw05;dw06;dw07;dw08,dw00;dw01;dw02;dw03;dw04;dw05;dw06;dw07;dw08,dw06,145,1,2026-08-27T13:14:52.386+0200,dw07,5783,219,1969,117,303,1945,3.06,2147483
ground-height-0m-20260825-163632,d020m_r090_run01.csv,0,20,90,dw00;dw01;dw02;dw03;dw04;dw05;dw06;dw07;dw08,dw00;dw01;dw02;dw03;dw04;dw05;dw06;dw07;dw08,dw06,165,1,2026-08-27T13:14:52.416+0200,dw08,028E,151,1975,60,-392,1936,2.71,22308
ground-height-0m-20260825-163632,d020m_r090_run01.csv,0,20,90,dw00;dw01;dw02;dw03;dw04;dw05;dw06;dw07;dw08,dw00;dw01;dw02;dw03;dw04;dw05;dw06;dw07;dw08,dw06,15,1,2026-08-27T13:14:52.426+0200,dw00,8103,227,1975,-156,1343,1447,3.90,32257
ground-height-0m-20260825-163632,d020m_r090_run01.csv,0,20,90,dw00;dw01;dw02;dw03;dw04;dw05;dw06;dw07;dw08,dw00;dw01;dw02;dw03;dw04;dw05;dw06;dw07;dw08,dw06,105,1,2026-08-27T13:14:52.466+0200,dw05,4B92,219,1974,43,-599,1880,3.78,72265
ground-height-0m-20260825-163632,d020m_r090_run01.csv,0,20,90,dw00;dw01;dw02;dw03;dw04;dw05;dw06;dw07;dw08,dw00;dw01;dw02;dw03;dw04;dw05;dw06;dw07;dw08,dw06,145,1,2026-08-27T13:14:52.501+0200,dw07,5783,54,1973,91,-15,1973,3.01,2147483
ground-height-0m-20260825-163632,d020m_r090_run01.csv,0,20,90,dw00;dw01;dw02;dw03;dw04;dw05;dw06;dw07;dw08,dw00;dw01;dw02;dw03;dw04;dw05;dw06;dw07;dw08,dw06,35,1,2026-08-27T13:14:52.536+0200,dw01,1729,144,1971,-136,1585,1171,3.45,2147483
ground-height-0m-20260825-163632,d020m_r090_run01.csv,0,20,90,dw00;dw01;dw02;dw03;dw04;dw05;dw06;dw07;dw08,dw00;dw01;dw02;dw03;dw04;dw05;dw06;dw07;dw08,dw06,55,1,2026-08-27T13:14:52.546+0200,dw02,8FB0,11,1973,-106,1949,304,3.33,2147483
ground-height-0m-20260825-163632,d020m_r090_run01.csv,0,20,90,dw00;dw01;dw02;dw03;dw04;dw05;dw06;dw07;dw08,dw00;dw01;dw02;dw03;dw04;dw05;dw06;dw07;dw08,dw06,90,1,2026-08-27T13:14:52.556+0200,dw04,0F85,11,1964,3,-1077,1643,4.08,2147483
ground-height-0m-20260825-163632,d020m_r090_run01.csv,0,20,90,dw00;dw01;dw02;dw03;dw04;dw05;dw06;dw07;dw08,dw00;dw01;dw02;dw03;dw04;dw05;dw06;dw07;dw08,dw06,145,1,2026-08-27T13:14:52.586+0200,dw07,5783,220,1970,129,439,1921,3.09,2147483
ground-height-0m-20260825-163632,d020m_r090_run01.csv,0,20,90,dw00;dw01;dw02;dw03;dw04;dw05;dw06;dw07;dw08,dw00;dw01;dw02;dw03;dw04;dw05;dw06;dw07;dw08,dw06,165,1,2026-08-27T13:14:52.617+0200,dw08,028E,152,1970,59,-407,1928,2.65,22247
ground-height-0m-20260825-163632,d020m_r090_run01.csv,0,20,90,dw00;dw01;dw02;dw03;dw04;dw05;dw06;dw07;dw08,dw00;dw01;dw02;dw03;dw04;dw05;dw06;dw07;dw08,dw06,15,1,2026-08-27T13:14:52.626+0200,dw00,8103,228,1975,-150,1413,1380,3.78,32257
ground-height-0m-20260825-163632,d020m_r090_run01.csv,0,20,90,dw00;dw01;dw02;dw03;dw04;dw05;dw06;dw07;dw08,dw00;dw01;dw02;dw03;dw04;dw05;dw06;dw07;dw08,dw06,105,1,2026-08-27T13:14:52.666+0200,dw05,4B92,220,1973,51,-504,1907,3.69,72235
ground-height-0m-20260825-163632,d020m_r090_run01.csv,0,20,90,dw00;dw01;dw02;dw03;dw04;dw05;dw06;dw07;dw08,dw00;dw01;dw02;dw03;dw04;dw05;dw06;dw07;dw08,dw06,75,1,2026-08-27T13:14:52.722+0200,dw03,021B,172,1961,-34,-1539,1215,3.27,27923
ground-height-0m-20260825-163632,d020m_r090_run01.csv,0,20,90,dw00;dw01;dw02;dw03;dw04;dw05;dw06;dw07;dw08,dw00;dw01;dw02;dw03;dw04;dw05;dw06;dw07;dw08,dw06,55,1,2026-08-27T13:14:52.765+0200,dw02,8FB0,12,1972,-95,1972,0,3.45,71014
ground-height-0m-20260825-163632,d020m_r090_run01.csv,0,20,90,dw00;dw01;dw02;dw03;dw04;dw05;dw06;dw07;dw08,dw00;dw01;dw02;dw03;dw04;dw05;dw06;dw07;dw08,dw06,90,1,2026-08-27T13:14:52.774+0200,dw04,0F85,12,1966,-1,-1145,1597,4.02,80535
ground-height-0m-20260825-163632,d020m_r090_run01.csv,0,20,90,dw00;dw01;dw02;dw03;dw04;dw05;dw06;dw07;dw08,dw00;dw01;dw02;dw03;dw04;dw05;dw06;dw07;dw08,dw06,145,1,2026-08-27T13:14:52.786+0200,dw07,5783,55,1977,90,-30,1977,2.89,2147483
ground-height-0m-20260825-163632,d020m_r090_run01.csv,0,20,90,dw00;dw01;dw02;dw03;dw04;dw05;dw06;dw07;dw08,dw00;dw01;dw02;dw03;dw04;dw05;dw06;dw07;dw08,dw06,145,1,2026-08-27T13:14:52.805+0200,dw07,5783,221,1967,123,369,1932,3.06,2147483
ground-height-0m-20260825-163632,d020m_r090_run01.csv,0,20,90,dw00;dw01;dw02;dw03;dw04;dw05;dw06;dw07;dw08,dw00;dw01;dw02;dw03;dw04;dw05;dw06;dw07;dw08,dw06,165,1,2026-08-27T13:14:52.815+0200,dw08,028E,153,1972,12,-981,1710,2.59,2147483
ground-height-0m-20260825-163632,d020m_r090_run01.csv,0,20,90,dw00;dw01;dw02;dw03;dw04;dw05;dw06;dw07;dw08,dw00;dw01;dw02;dw03;dw04;dw05;dw06;dw07;dw08,dw06,15,1,2026-08-27T13:14:52.826+0200,dw00,8103,229,1974,-161,1286,1497,3.96,2147483
ground-height-0m-20260825-163632,d020m_r090_run01.csv,0,20,90,dw00;dw01;dw02;dw03;dw04;dw05;dw06;dw07;dw08,dw00;dw01;dw02;dw03;dw04;dw05;dw06;dw07;dw08,dw06,105,1,2026-08-27T13:14:52.866+0200,dw05,4B92,221,1976,48,-535,1902,3.78,2147483
ground-height-0m-20260825-163632,d020m_r090_run01.csv,0,20,90,dw00;dw01;dw02;dw03;dw04;dw05;dw06;dw07;dw08,dw00;dw01;dw02;dw03;dw04;dw05;dw06;dw07;dw08,dw06,75,1,2026-08-27T13:14:52.906+0200,dw03,021B,173,1966,-46,-1694,999,3.21,12298
ground-height-0m-20260825-163632,d020m_r090_run01.csv,0,20,90,dw00;dw01;dw02;dw03;dw04;dw05;dw06;dw07;dw08,dw00;dw01;dw02;dw03;dw04;dw05;dw06;dw07;dw08,dw06,35,1,2026-08-27T13:14:52.936+0200,dw01,1729,146,1971,-118,1803,795,3.45,42358
ground-height-0m-20260825-163632,d020m_r090_run01.csv,0,20,90,dw00;dw01;dw02;dw03;dw04;dw05;dw06;dw07;dw08,dw00;dw01;dw02;dw03;dw04;dw05;dw06;dw07;dw08,dw06,55,1,2026-08-27T13:14:52.945+0200,dw02,8FB0,13,1974,-101,1974,0,3.51,52337
ground-height-0m-20260825-163632,d020m_r090_run01.csv,0,20,90,dw00;dw01;dw02;dw03;dw04;dw05;dw06;dw07;dw08,dw00;dw01;dw02;dw03;dw04;dw05;dw06;dw07;dw08,dw06,90,1,2026-08-27T13:14:52.956+0200,dw04,0F85,13,1967,8,-1018,1683,4.02,62286
ground-height-0m-20260825-163632,d020m_r090_run01.csv,0,20,90,dw00;dw01;dw02;dw03;dw04;dw05;dw06;dw07;dw08,dw00;dw01;dw02;dw03;dw04;dw05;dw06;dw07;dw08,dw06,145,1,2026-08-27T13:14:52.985+0200,dw07,5783,56,1970,94,24,1970,2.77,2147483
ground-height-0m-20260825-163632,d020m_r090_run01.csv,0,20,90,dw00;dw01;dw02;dw03;dw04;dw05;dw06;dw07;dw08,dw00;dw01;dw02;dw03;dw04;dw05;dw06;dw07;dw08,dw06,165,1,2026-08-27T13:14:53.034+0200,dw08,028E,154,1968,73,-234,1954,2.71,40618
ground-height-0m-20260825-163632,d020m_r090_run01.csv,0,20,90,dw00;dw01;dw02;dw03;dw04;dw05;dw06;dw07;dw08,dw00;dw01;dw02;dw03;dw04;dw05;dw06;dw07;dw08,dw06,15,1,2026-08-27T13:14:53.044+0200,dw00,8103,230,1974,-164,1244,1533,3.96,50567
ground-height-0m-20260825-163632,d020m_r090_run01.csv,0,20,90,dw00;dw01;dw02;dw03;dw04;dw05;dw06;dw07;dw08,dw00;dw01;dw02;dw03;dw04;dw05;dw06;dw07;dw08,dw06,105,1,2026-08-27T13:14:53.084+0200,dw05,4B92,222,1972,41,-626,1869,3.63,90545
ground-height-0m-20260825-163632,d020m_r090_run01.csv,0,20,90,dw00;dw01;dw02;dw03;dw04;dw05;dw06;dw07;dw08,dw00;dw01;dw02;dw03;dw04;dw05;dw06;dw07;dw08,dw06,75,1,2026-08-27T13:14:53.105+0200,dw03,021B,174,1962,-36,-1565,1184,3.09,12268
ground-height-0m-20260825-163632,d020m_r090_run01.csv,0,20,90,dw00;dw01;dw02;dw03;dw04;dw05;dw06;dw07;dw08,dw00;dw01;dw02;dw03;dw04;dw05;dw06;dw07;dw08,dw06,35,1,2026-08-27T13:14:53.136+0200,dw01,1729,147,1973,-140,1537,1237,3.45,42297
ground-height-0m-20260825-163632,d020m_r090_run01.csv,0,20,90,dw00;dw01;dw02;dw03;dw04;dw05;dw06;dw07;dw08,dw00;dw01;dw02;dw03;dw04;dw05;dw06;dw07;dw08,dw06,55,1,2026-08-27T13:14:53.145+0200,dw02,8FB0,14,1969,-84,-1969,0,3.45,52307
ground-height-0m-20260825-163632,d020m_r090_run01.csv,0,20,90,dw00;dw01;dw02;dw03;dw04;dw05;dw06;dw07;dw08,dw00;dw01;dw02;dw03;dw04;dw05;dw06;dw07;dw08,dw06,90,1,2026-08-27T13:14:53.155+0200,dw04,0F85,14,1966,0,-1131,1608,3.96,62225
ground-height-0m-20260825-163632,d020m_r090_run01.csv,0,20,90,dw00;dw01;dw02;dw03;dw04;dw05;dw06;dw07;dw08,dw00;dw01;dw02;dw03;dw04;dw05;dw06;dw07;dw08,dw06,145,1,2026-08-27T13:14:53.186+0200,dw07,5783,57,1978,87,-60,1977,2.77,2147483
ground-height-0m-20260825-163632,d020m_r090_run01.csv,0,20,90,dw00;dw01;dw02;dw03;dw04;dw05;dw06;dw07;dw08,dw00;dw01;dw02;dw03;dw04;dw05;dw06;dw07;dw08,dw06,165,1,2026-08-27T13:14:53.216+0200,dw08,028E,155,1975,138,553,1896,2.71,22308
ground-height-0m-20260825-163632,d020m_r090_run01.csv,0,20,90,dw00;dw01;dw02;dw03;dw04;dw05;dw06;dw07;dw08,dw00;dw01;dw02;dw03;dw04;dw05;dw06;dw07;dw08,dw06,15,1,2026-08-27T13:14:53.226+0200,dw00,8103,231,1976,-165,1233,1545,3.78,32287
ground-height-0m-20260825-163632,d020m_r090_run01.csv,0,20,90,dw00;dw01;dw02;dw03;dw04;dw05;dw06;dw07;dw08,dw00;dw01;dw02;dw03;dw04;dw05;dw06;dw07;dw08,dw06,105,1,2026-08-27T13:14:53.266+0200,dw05,4B92,223,1971,53,-477,1912,3.69,72326
ground-height-0m-20260825-163632,d020m_r090_run01.csv,0,20,90,dw00;dw01;dw02;dw03;dw04;dw05;dw06;dw07;dw08,dw00;dw01;dw02;dw03;dw04;dw05;dw06;dw07;dw08,dw06,145,1,2026-08-27T13:14:53.302+0200,dw07,5783,223,1973,134,499,1909,3.27,2147483
ground-height-0m-20260825-163632,d020m_r090_run01.csv,0,20,90,dw00;dw01;dw02;dw03;dw04;dw05;dw06;dw07;dw08,dw00;dw01;dw02;dw03;dw04;dw05;dw06;dw07;dw08,dw06,35,1,2026-08-27T13:14:53.336+0200,dw01,1729,148,1970,-134,1610,1134,3.39,2147483
ground-height-0m-20260825-163632,d020m_r090_run01.csv,0,20,90,dw00;dw01;dw02;dw03;dw04;dw05;dw06;dw07;dw08,dw00;dw01;dw02;dw03;dw04;dw05;dw06;dw07;dw08,dw06,55,1,2026-08-27T13:14:53.346+0200,dw02,8FB0,15,1971,-101,1971,0,3.45,2147483
ground-height-0m-20260825-163632,d020m_r090_run01.csv,0,20,90,dw00;dw01;dw02;dw03;dw04;dw05;dw06;dw07;dw08,dw00;dw01;dw02;dw03;dw04;dw05;dw06;dw07;dw08,dw06,90,1,2026-08-27T13:14:53.355+0200,dw04,0F85,15,1965,-1,-1137,1603,4.02,2147483
ground-height-0m-20260825-163632,d020m_r090_run01.csv,0,20,90,dw00;dw01;dw02;dw03;dw04;dw05;dw06;dw07;dw08,dw00;dw01;dw02;dw03;dw04;dw05;dw06;dw07;dw08,dw06,145,1,2026-08-27T13:14:53.386+0200,dw07,5783,58,1977,88,-55,1976,2.71,2147483
ground-height-0m-20260825-163632,d020m_r090_run01.csv,0,20,90,dw00;dw01;dw02;dw03;dw04;dw05;dw06;dw07;dw08,dw00;dw01;dw02;dw03;dw04;dw05;dw06;dw07;dw08,dw06,165,1,2026-08-27T13:14:53.416+0200,dw08,028E,156,1973,101,106,1970,2.77,22277
ground-height-0m-20260825-163632,d020m_r090_run01.csv,0,20,90,dw00;dw01;dw02;dw03;dw04;dw05;dw06;dw07;dw08,dw00;dw01;dw02;dw03;dw04;dw05;dw06;dw07;dw08,dw06,15,1,2026-08-27T13:14:53.426+0200,dw00,8103,232,1976,-159,1305,1483,3.90,32196
ground-height-0m-20260825-163632,d020m_r090_run01.csv,0,20,90,dw00;dw01;dw02;dw03;dw04;dw05;dw06;dw07;dw08,dw00;dw01;dw02;dw03;dw04;dw05;dw06;dw07;dw08,dw06,105,1,2026-08-27T13:14:53.466+0200,dw05,4B92,224,1977,43,-600,1884,3.72,72265
ground-height-0m-20260825-163632,d020m_r090_run01.csv,0,20,90,dw00;dw01;dw02;dw03;dw04;dw05;dw06;dw07;dw08,dw00;dw01;dw02;dw03;dw04;dw05;dw06;dw07;dw08,dw06,75,1,2026-08-27T13:14:53.521+0200,dw03,021B,176,1964,-34,-1539,1219,3.33,27923
ground-height-0m-20260825-163632,d020m_r090_run01.csv,0,20,90,dw00;dw01;dw02;dw03;dw04;dw05;dw06;dw07;dw08,dw00;dw01;dw02;dw03;dw04;dw05;dw06;dw07;dw08,dw06,35,1,2026-08-27T13:14:53.555+0200,dw01,1729,149,1973,-98,1973,0,3.45,60974
ground-height-0m-20260825-163632,d020m_r090_run01.csv,0,20,90,dw00;dw01;dw02;dw03;dw04;dw05;dw06;dw07;dw08,dw00;dw01;dw02;dw03;dw04;dw05;dw06;dw07;dw08,dw06,55,1,2026-08-27T13:14:53.565+0200,dw02,8FB0,16,1974,-97,1973,0,3.57,71044
ground-height-0m-20260825-163632,d020m_r090_run01.csv,0,20,90,dw00;dw01;dw02;dw03;dw04;dw05;dw06;dw07;dw08,dw00;dw01;dw02;dw03;dw04;dw05;dw06;dw07;dw08,dw06,90,1,2026-08-27T13:14:53.574+0200,dw04,0F85,16,1969,3,-1084,1643,3.96,80535
ground-height-0m-20260825-163632,d020m_r090_run01.csv,0,20,90,dw00;dw01;dw02;dw03;dw04;dw05;dw06;dw07;dw08,dw00;dw01;dw02;dw03;dw04;dw05;dw06;dw07;dw08,dw06,145,1,2026-08-27T13:14:53.586+0200,dw07,5783,224,1969,133,488,1907,3.09,2147483
ground-height-0m-20260825-163632,d020m_r090_run01.csv,0,20,90,dw00;dw01;dw02;dw03;dw04;dw05;dw06;dw07;dw08,dw00;dw01;dw02;dw03;dw04;dw05;dw06;dw07;dw08,dw06,145,1,2026-08-27T13:14:53.603+0200,dw07,5783,59,1978,99,77,1976,2.77,2147483
ground-height-0m-20260825-163632,d020m_r090_run01.csv,0,20,90,dw00;dw01;dw02;dw03;dw04;dw05;dw06;dw07;dw08,dw00;dw01;dw02;dw03;dw04;dw05;dw06;dw07;dw08,dw06,165,1,2026-08-27T13:14:53.615+0200,dw08,028E,157,1977,102,114,1973,2.77,2147483
ground-height-0m-20260825-163632,d020m_r090_run01.csv,0,20,90,dw00;dw01;dw02;dw03;dw04;dw05;dw06;dw07;dw08,dw00;dw01;dw02;dw03;dw04;dw05;dw06;dw07;dw08,dw06,15,1,2026-08-27T13:14:53.626+0200,dw00,8103,233,1974,-153,1383,1409,3.90,2147483
ground-height-0m-20260825-163632,d020m_r090_run01.csv,0,20,90,dw00;dw01;dw02;dw03;dw04;dw05;dw06;dw07;dw08,dw00;dw01;dw02;dw03;dw04;dw05;dw06;dw07;dw08,dw06,105,1,2026-08-27T13:14:53.666+0200,dw05,4B92,225,1970,46,-564,1887,3.78,2147483
ground-height-0m-20260825-163632,d020m_r090_run01.csv,0,20,90,dw00;dw01;dw02;dw03;dw04;dw05;dw06;dw07;dw08,dw00;dw01;dw02;dw03;dw04;dw05;dw06;dw07;dw08,dw06,75,1,2026-08-27T13:14:53.706+0200,dw03,021B,177,1964,-47,-1701,980,3.15,12298
ground-height-0m-20260825-163632,d020m_r090_run01.csv,0,20,90,dw00;dw01;dw02;dw03;dw04;dw05;dw06;dw07;dw08,dw00;dw01;dw02;dw03;dw04;dw05;dw06;dw07;dw08,dw06,35,1,2026-08-27T13:14:53.735+0200,dw01,1729,150,1973,-120,1777,856,3.45,42358
ground-height-0m-20260825-163632,d020m_r090_run01.csv,0,20,90,dw00;dw01;dw02;dw03;dw04;dw05;dw06;dw07;dw08,dw00;dw01;dw02;dw03;dw04;dw05;dw06;dw07;dw08,dw06,55,1,2026-08-27T13:14:53.745+0200,dw02,8FB0,17,1972,-94,1972,0,3.45,52368
ground-height-0m-20260825-163632,d020m_r090_run01.csv,0,20,90,dw00;dw01;dw02;dw03;dw04;dw05;dw06;dw07;dw08,dw00;dw01;dw02;dw03;dw04;dw05;dw06;dw07;dw08,dw06,90,1,2026-08-27T13:14:53.756+0200,dw04,0F85,17,1964,6,-1040,1666,4.02,62316
ground-height-0m-20260825-163632,d020m_r090_run01.csv,0,20,90,dw00;dw01;dw02;dw03;dw04;dw05;dw06;dw07;dw08,dw00;dw01;dw02;dw03;dw04;dw05;dw06;dw07;dw08,dw06,145,1,2026-08-27T13:14:53.785+0200,dw07,5783,225,1970,130,461,1915,3.01,2147483
ground-height-0m-20260825-163632,d020m_r090_run01.csv,0,20,90,dw00;dw01;dw02;dw03;dw04;dw05;dw06;dw07;dw08,dw00;dw01;dw02;dw03;dw04;dw05;dw06;dw07;dw08,dw06,165,1,2026-08-27T13:14:53.834+0200,dw08,028E,158,1973,36,-680,1852,2.65,40618
ground-height-0m-20260825-163632,d020m_r090_run01.csv,0,20,90,dw00;dw01;dw02;dw03;dw04;dw05;dw06;dw07;dw08,dw00;dw01;dw02;dw03;dw04;dw05;dw06;dw07;dw08,dw06,15,1,2026-08-27T13:14:53.844+0200,dw00,8103,234,1974,-163,1260,1520,3.90,50628
ground-height-0m-20260825-163632,d020m_r090_run01.csv,0,20,90,dw00;dw01;dw02;dw03;dw04;dw05;dw06;dw07;dw08,dw00;dw01;dw02;dw03;dw04;dw05;dw06;dw07;dw08,dw06,105,1,2026-08-27T13:14:53.884+0200,dw05,4B92,226,1973,47,-557,1892,3.84,90606
ground-height-0m-20260825-163632,d020m_r090_run01.csv,0,20,90,dw00;dw01;dw02;dw03;dw04;dw05;dw06;dw07;dw08,dw00;dw01;dw02;dw03;dw04;dw05;dw06;dw07;dw08,dw06,75,1,2026-08-27T13:14:53.905+0200,dw03,021B,178,1966,-45,-1676,1027,3.15,12298
ground-height-0m-20260825-163632,d020m_r090_run01.csv,0,20,90,dw00;dw01;dw02;dw03;dw04;dw05;dw06;dw07;dw08,dw00;dw01;dw02;dw03;dw04;dw05;dw06;dw07;dw08,dw06,35,1,2026-08-27T13:14:53.935+0200,dw01,1729,151,1972,-140,1541,1230,3.51,42297
ground-height-0m-20260825-163632,d020m_r090_run01.csv,0,20,90,dw00;dw01;dw02;dw03;dw04;dw05;dw06;dw07;dw08,dw00;dw01;dw02;dw03;dw04;dw05;dw06;dw07;dw08,dw06,55,1,2026-08-27T13:14:53.945+0200,dw02,8FB0,18,1972,-104,1972,0,3.45,52307
ground-height-0m-20260825-163632,d020m_r090_run01.csv,0,20,90,dw00;dw01;dw02;dw03;dw04;dw05;dw06;dw07;dw08,dw00;dw01;dw02;dw03;dw04;dw05;dw06;dw07;dw08,dw06,90,1,2026-08-27T13:14:53.955+0200,dw04,0F85,18,1964,2,-1097,1629,3.84,62225
ground-height-0m-20260825-163632,d020m_r090_run01.csv,0,20,90,dw00;dw01;dw02;dw03;dw04;dw05;dw06;dw07;dw08,dw00;dw01;dw02;dw03;dw04;dw05;dw06;dw07;dw08,dw06,145,1,2026-08-27T13:14:53.985+0200,dw07,5783,226,1970,133,488,1908,3.01,2147483
ground-height-0m-20260825-163632,d020m_r090_run01.csv,0,20,90,dw00;dw01;dw02;dw03;dw04;dw05;dw06;dw07;dw08,dw00;dw01;dw02;dw03;dw04;dw05;dw06;dw07;dw08,dw06,165,1,2026-08-27T13:14:54.016+0200,dw08,028E,159,1975,43,-595,1883,2.71,22277
ground-height-0m-20260825-163632,d020m_r090_run01.csv,0,20,90,dw00;dw01;dw02;dw03;dw04;dw05;dw06;dw07;dw08,dw00;dw01;dw02;dw03;dw04;dw05;dw06;dw07;dw08,dw06,15,1,2026-08-27T13:14:54.025+0200,dw00,8103,235,1976,-156,1346,1447,3.96,32287
ground-height-0m-20260825-163632,d020m_r090_run01.csv,0,20,90,dw00;dw01;dw02;dw03;dw04;dw05;dw06;dw07;dw08,dw00;dw01;dw02;dw03;dw04;dw05;dw06;dw07;dw08,dw06,105,1,2026-08-27T13:14:54.065+0200,dw05,4B92,227,1973,41,-622,1872,3.72,72326
ground-height-0m-20260825-163632,d020m_r090_run01.csv,0,20,90,dw00;dw01;dw02;dw03;dw04;dw05;dw06;dw07;dw08,dw00;dw01;dw02;dw03;dw04;dw05;dw06;dw07;dw08,dw06,145,1,2026-08-27T13:14:54.101+0200,dw07,5783,61,1975,98,72,1974,2.95,2147483
ground-height-0m-20260825-163632,d020m_r090_run01.csv,0,20,90,dw00;dw01;dw02;dw03;dw04;dw05;dw06;dw07;dw08,dw00;dw01;dw02;dw03;dw04;dw05;dw06;dw07;dw08,dw06,35,1,2026-08-27T13:14:54.136+0200,dw01,1729,152,1973,-122,1757,897,3.57,2147483
ground-height-0m-20260825-163632,d020m_r090_run01.csv,0,20,90,dw00;dw01;dw02;dw03;dw04;dw05;dw06;dw07;dw08,dw00;dw01;dw02;dw03;dw04;dw05;dw06;dw07;dw08,dw06,55,1,2026-08-27T13:14:54.145+0200,dw02,8FB0,19,1974,-97,1973,0,3.51,2147483
ground-height-0m-20260825-163632,d020m_r090_run01.csv,0,20,90,dw00;dw01;dw02;dw03;dw04;dw05;dw06;dw07;dw08,dw00;dw01;dw02;dw03;dw04;dw05;dw06;dw07;dw08,dw06,90,1,2026-08-27T13:14:54.155+0200,dw04,0F85,19,1966,3,-1088,1638,4.08,2147483
ground-height-0m-20260825-163632,d020m_r090_run01.csv,0,20,90,dw00;dw01;dw02;dw03;dw04;dw05;dw06;dw07;dw08,dw00;dw01;dw02;dw03;dw04;dw05;dw06;dw07;dw08,dw06,145,1,2026-08-27T13:14:54.185+0200,dw07,5783,227,1970,140,575,1884,3.01,2147483
ground-height-0m-20260825-163632,d020m_r090_run01.csv,0,20,90,dw00;dw01;dw02;dw03;dw04;dw05;dw06;dw07;dw08,dw00;dw01;dw02;dw03;dw04;dw05;dw06;dw07;dw08,dw06,165,1,2026-08-27T13:14:54.216+0200,dw08,028E,160,1972,51,-500,1908,2.71,22247
ground-height-0m-20260825-163632,d020m_r090_run01.csv,0,20,90,dw00;dw01;dw02;dw03;dw04;dw05;dw06;dw07;dw08,dw00;dw01;dw02;dw03;dw04;dw05;dw06;dw07;dw08,dw06,15,1,2026-08-27T13:14:54.225+0200,dw00,8103,236,1977,-163,1259,1524,3.90,32226
ground-height-0m-20260825-163632,d020m_r090_run01.csv,0,20,90,dw00;dw01;dw02;dw03;dw04;dw05;dw06;dw07;dw08,dw00;dw01;dw02;dw03;dw04;dw05;dw06;dw07;dw08,dw06,105,1,2026-08-27T13:14:54.266+0200,dw05,4B92,228,1969,48,-538,1894,3.69,72296
ground-height-0m-20260825-163632,d020m_r090_run01.csv,0,20,90,dw00;dw01;dw02;dw03;dw04;dw05;dw06;dw07;dw08,dw00;dw01;dw02;dw03;dw04;dw05;dw06;dw07;dw08,dw06,75,1,2026-08-27T13:14:54.321+0200,dw03,021B,180,1962,-51,-1750,887,3.21,27832
ground-height-0m-20260825-163632,d020m_r090_run01.csv,0,20,90,dw00;dw01;dw02;dw03;dw04;dw05;dw06;dw07;dw08,dw00;dw01;dw02;dw03;dw04;dw05;dw06;dw07;dw08,dw06,35,1,2026-08-27T13:14:54.354+0200,dw01,1729,153,1973,-134,1613,1135,3.45,60974
ground-height-0m-20260825-163632,d020m_r090_run01.csv,0,20,90,dw00;dw01;dw02;dw03;dw04;dw05;dw06;dw07;dw08,dw00;dw01;dw02;dw03;dw04;dw05;dw06;dw07;dw08,dw06,55,1,2026-08-27T13:14:54.364+0200,dw02,8FB0,20,1973,-88,1973,0,3.57,71044
ground-height-0m-20260825-163632,d020m_r090_run01.csv,0,20,90,dw00;dw01;dw02;dw03;dw04;dw05;dw06;dw07;dw08,dw00;dw01;dw02;dw03;dw04;dw05;dw06;dw07;dw08,dw06,90,1,2026-08-27T13:14:54.374+0200,dw04,0F85,20,1968,-2,-1160,1590,3.96,80535
ground-height-0m-20260825-163632,d020m_r090_run01.csv,0,20,90,dw00;dw01;dw02;dw03;dw04;dw05;dw06;dw07;dw08,dw00;dw01;dw02;dw03;dw04;dw05;dw06;dw07;dw08,dw06,145,1,2026-08-27T13:14:54.386+0200,dw07,5783,62,1971,83,-115,1968,2.71,2147483
ground-height-0m-20260825-163632,d020m_r090_run01.csv,0,20,90,dw00;dw01;dw02;dw03;dw04;dw05;dw06;dw07;dw08,dw00;dw01;dw02;dw03;dw04;dw05;dw06;dw07;dw08,dw06,145,1,2026-08-27T13:14:54.404+0200,dw07,5783,228,1970,125,391,1931,3.09,2147483
ground-height-0m-20260825-163632,d020m_r090_run01.csv,0,20,90,dw00;dw01;dw02;dw03;dw04;dw05;dw06;dw07;dw08,dw00;dw01;dw02;dw03;dw04;dw05;dw06;dw07;dw08,dw06,165,1,2026-08-27T13:14:54.415+0200,dw08,028E,161,1972,42,-607,1876,2.71,2147483
ground-height-0m-20260825-163632,d020m_r090_run01.csv,0,20,90,dw00;dw01;dw02;dw03;dw04;dw05;dw06;dw07;dw08,dw00;dw01;dw02;dw03;dw04;dw05;dw06;dw07;dw08,dw06,15,1,2026-08-27T13:14:54.426+0200,dw00,8103,237,1977,-161,1283,1505,3.84,2147483
ground-height-0m-20260825-163632,d020m_r090_run01.csv,0,20,90,dw00;dw01;dw02;dw03;dw04;dw05;dw06;dw07;dw08,dw00;dw01;dw02;dw03;dw04;dw05;dw06;dw07;dw08,dw06,105,1,2026-08-27T13:14:54.466+0200,dw05,4B92,229,1971,46,-562,1889,3.69,2147483
ground-height-0m-20260825-163632,d020m_r090_run01.csv,0,20,90,dw00;dw01;dw02;dw03;dw04;dw05;dw06;dw07;dw08,dw00;dw01;dw02;dw03;dw04;dw05;dw06;dw07;dw08,dw06,75,1,2026-08-27T13:14:54.506+0200,dw03,021B,181,1962,-55,-1794,795,3.15,12329
ground-height-0m-20260825-163632,d020m_r090_run01.csv,0,20,90,dw00;dw01;dw02;dw03;dw04;dw05;dw06;dw07;dw08,dw00;dw01;dw02;dw03;dw04;dw05;dw06;dw07;dw08,dw06,35,1,2026-08-27T13:14:54.535+0200,dw01,1729,154,1973,-136,1582,1179,3.39,42327
ground-height-0m-20260825-163632,d020m_r090_run01.csv,0,20,90,dw00;dw01;dw02;dw03;dw04;dw05;dw06;dw07;dw08,dw00;dw01;dw02;dw03;dw04;dw05;dw06;dw07;dw08,dw06,55,1,2026-08-27T13:14:54.545+0200,dw02,8FB0,21,1973,-101,1973,0,3.45,52337
ground-height-0m-20260825-163632,d020m_r090_run01.csv,0,20,90,dw00;dw01;dw02;dw03;dw04;dw05;dw06;dw07;dw08,dw00;dw01;dw02;dw03;dw04;dw05;dw06;dw07;dw08,dw06,90,1,2026-08-27T13:14:54.556+0200,dw04,0F85,21,1966,-4,-1175,1576,4.02,62255
ground-height-0m-20260825-163632,d020m_r090_run01.csv,0,20,90,dw00;dw01;dw02;dw03;dw04;dw05;dw06;dw07;dw08,dw00;dw01;dw02;dw03;dw04;dw05;dw06;dw07;dw08,dw06,145,1,2026-08-27T13:14:54.585+0200,dw07,5783,63,1973,82,-125,1969,2.77,2147483
ground-height-0m-20260825-163632,d020m_r090_run01.csv,0,20,90,dw00;dw01;dw02;dw03;dw04;dw05;dw06;dw07;dw08,dw00;dw01;dw02;dw03;dw04;dw05;dw06;dw07;dw08,dw06,165,1,2026-08-27T13:14:54.634+0200,dw08,028E,162,1970,104,135,1965,2.53,40618
ground-height-0m-20260825-163632,d020m_r090_run01.csv,0,20,90,dw00;dw01;dw02;dw03;dw04;dw05;dw06;dw07;dw08,dw00;dw01;dw02;dw03;dw04;dw05;dw06;dw07;dw08,dw06,15,1,2026-08-27T13:14:54.643+0200,dw00,8103,238,1974,-153,1381,1410,3.90,50598
ground-height-0m-20260825-163632,d020m_r090_run01.csv,0,20,90,dw00;dw01;dw02;dw03;dw04;dw05;dw06;dw07;dw08,dw00;dw01;dw02;dw03;dw04;dw05;dw06;dw07;dw08,dw06,105,1,2026-08-27T13:14:54.683+0200,dw05,4B92,230,1974,36,-682,1852,3.72,90515
ground-height-0m-20260825-163632,d020m_r090_run01.csv,0,20,90,dw00;dw01;dw02;dw03;dw04;dw05;dw06;dw07;dw08,dw00;dw01;dw02;dw03;dw04;dw05;dw06;dw07;dw08,dw06,75,1,2026-08-27T13:14:54.705+0200,dw03,021B,182,1962,-43,-1648,1064,3.09,12268
ground-height-0m-20260825-163632,d020m_r090_run01.csv,0,20,90,dw00;dw01;dw02;dw03;dw04;dw05;dw06;dw07;dw08,dw00;dw01;dw02;dw03;dw04;dw05;dw06;dw07;dw08,dw06,35,1,2026-08-27T13:14:54.735+0200,dw01,1729,155,1968,-132,1625,1110,3.45,42297
ground-height-0m-20260825-163632,d020m_r090_run01.csv,0,20,90,dw00;dw01;dw02;dw03;dw04;dw05;dw06;dw07;dw08,dw00;dw01;dw02;dw03;dw04;dw05;dw06;dw07;dw08,dw06,55,1,2026-08-27T13:14:54.745+0200,dw02,8FB0,22,1972,-89,1972,0,3.33,52337
ground-height-0m-20260825-163632,d020m_r090_run01.csv,0,20,90,dw00;dw01;dw02;dw03;dw04;dw05;dw06;dw07;dw08,dw00;dw01;dw02;dw03;dw04;dw05;dw06;dw07;dw08,dw06,90,1,2026-08-27T13:14:54.755+0200,dw04,0F85,22,1964,5,-1058,1654,4.02,62225
ground-height-0m-20260825-163632,d020m_r090_run01.csv,0,20,90,dw00;dw01;dw02;dw03;dw04;dw05;dw06;dw07;dw08,dw00;dw01;dw02;dw03;dw04;dw05;dw06;dw07;dw08,dw06,145,1,2026-08-27T13:14:54.785+0200,dw07,5783,64,1972,88,-51,1971,2.77,2147483
ground-height-0m-20260825-163632,d020m_r090_run01.csv,0,20,90,dw00;dw01;dw02;dw03;dw04;dw05;dw06;dw07;dw08,dw00;dw01;dw02;dw03;dw04;dw05;dw06;dw07;dw08,dw06,165,1,2026-08-27T13:14:54.815+0200,dw08,028E,163,1974,110,212,1962,2.83,22308
ground-height-0m-20260825-163632,d020m_r090_run01.csv,0,20,90,dw00;dw01;dw02;dw03;dw04;dw05;dw06;dw07;dw08,dw00;dw01;dw02;dw03;dw04;dw05;dw06;dw07;dw08,dw06,15,1,2026-08-27T13:14:54.825+0200,dw00,8103,239,1977,-165,1235,1544,3.96,32257
ground-height-0m-20260825-163632,d020m_r090_run01.csv,0,20,90,dw00;dw01;dw02;dw03;dw04;dw05;dw06;dw07;dw08,dw00;dw01;dw02;dw03;dw04;dw05;dw06;dw07;dw08,dw06,105,1,2026-08-27T13:14:54.865+0200,dw05,4B92,231,1972,47,-555,1892,3.63,72265
ground-height-0m-20260825-163632,d020m_r090_run01.csv,0,20,90,dw00;dw01;dw02;dw03;dw04;dw05;dw06;dw07;dw08,dw00;dw01;dw02;dw03;dw04;dw05;dw06;dw07;dw08,dw06,145,1,2026-08-27T13:14:54.901+0200,dw07,5783,230,1972,120,340,1943,3.15,2147483
ground-height-0m-20260825-163632,d020m_r090_run01.csv,0,20,90,dw00;dw01;dw02;dw03;dw04;dw05;dw06;dw07;dw08,dw00;dw01;dw02;dw03;dw04;dw05;dw06;dw07;dw08,dw06,35,1,2026-08-27T13:14:54.935+0200,dw01,1729,156,1974,-144,1493,1291,3.51,2147483
ground-height-0m-20260825-163632,d020m_r090_run01.csv,0,20,90,dw00;dw01;dw02;dw03;dw04;dw05;dw06;dw07;dw08,dw00;dw01;dw02;dw03;dw04;dw05;dw06;dw07;dw08,dw06,55,1,2026-08-27T13:14:54.945+0200,dw02,8FB0,23,1974,-97,1974,0,3.51,2147483
ground-height-0m-20260825-163632,d020m_r090_run01.csv,0,20,90,dw00;dw01;dw02;dw03;dw04;dw05;dw06;dw07;dw08,dw00;dw01;dw02;dw03;dw04;dw05;dw06;dw07;dw08,dw06,90,1,2026-08-27T13:14:54.955+0200,dw04,0F85,23,1965,-11,-1267,1502,3.96,2147483
ground-height-0m-20260825-163632,d020m_r090_run01.csv,0,20,90,dw00;dw01;dw02;dw03;dw04;dw05;dw06;dw07;dw08,dw00;dw01;dw02;dw03;dw04;dw05;dw06;dw07;dw08,dw06,145,1,2026-08-27T13:14:54.985+0200,dw07,5783,65,1974,94,21,1974,2.77,2147483
ground-height-0m-20260825-163632,d020m_r090_run01.csv,0,20,90,dw00;dw01;dw02;dw03;dw04;dw05;dw06;dw07;dw08,dw00;dw01;dw02;dw03;dw04;dw05;dw06;dw07;dw08,dw06,165,1,2026-08-27T13:14:55.016+0200,dw08,028E,164,1969,132,484,1909,2.71,22216
ground-height-0m-20260825-163632,d020m_r090_run01.csv,0,20,90,dw00;dw01;dw02;dw03;dw04;dw05;dw06;dw07;dw08,dw00;dw01;dw02;dw03;dw04;dw05;dw06;dw07;dw08,dw06,15,1,2026-08-27T13:14:55.025+0200,dw00,8103,240,1976,-148,1446,1347,3.78,32226
ground-height-0m-20260825-163632,d020m_r090_run01.csv,0,20,90,dw00;dw01;dw02;dw03;dw04;dw05;dw06;dw07;dw08,dw00;dw01;dw02;dw03;dw04;dw05;dw06;dw07;dw08,dw06,105,1,2026-08-27T13:14:55.065+0200,dw05,4B92,232,1974,40,-641,1866,3.72,72235
ground-height-0m-20260825-163632,d020m_r090_run01.csv,0,20,90,dw00;dw01;dw02;dw03;dw04;dw05;dw06;dw07;dw08,dw00;dw01;dw02;dw03;dw04;dw05;dw06;dw07;dw08,dw06,75,1,2026-08-27T13:14:55.121+0200,dw03,021B,184,1963,-42,-1640,1078,3.27,27893
ground-height-0m-20260825-163632,d020m_r090_run01.csv,0,20,90,dw00;dw01;dw02;dw03;dw04;dw05;dw06;dw07;dw08,dw00;dw01;dw02;dw03;dw04;dw05;dw06;dw07;dw08,dw06,35,1,2026-08-27T13:14:55.154+0200,dw01,1729,157,1970,-152,1388,1397,3.39,60974
ground-height-0m-20260825-163632,d020m_r090_run01.csv,0,20,90,dw00;dw01;dw02;dw03;dw04;dw05;dw06;dw07;dw08,dw00;dw01;dw02;dw03;dw04;dw05;dw06;dw07;dw08,dw06,55,1,2026-08-27T13:14:55.164+0200,dw02,8FB0,24,1971,-105,1955,244,3.45,71044
ground-height-0m-20260825-163632,d020m_r090_run01.csv,0,20,90,dw00;dw01;dw02;dw03;dw04;dw05;dw06;dw07;dw08,dw00;dw01;dw02;dw03;dw04;dw05;dw06;dw07;dw08,dw06,90,1,2026-08-27T13:14:55.174+0200,dw04,0F85,24,1968,0,-1125,1615,4.02,80566
ground-height-0m-20260825-163632,d020m_r090_run01.csv,0,20,90,dw00;dw01;dw02;dw03;dw04;dw05;dw06;dw07;dw08,dw00;dw01;dw02;dw03;dw04;dw05;dw06;dw07;dw08,dw06,145,1,2026-08-27T13:14:55.185+0200,dw07,5783,231,1970,123,376,1934,3.09,2147483
ground-height-0m-20260825-163632,d020m_r090_run01.csv,0,20,90,dw00;dw01;dw02;dw03;dw04;dw05;dw06;dw07;dw08,dw00;dw01;dw02;dw03;dw04;dw05;dw06;dw07;dw08,dw06,145,1,2026-08-27T13:14:55.204+0200,dw07,5783,66,1974,86,-75,1973,2.71,2147483
ground-height-0m-20260825-163632,d020m_r090_run01.csv,0,20,90,dw00;dw01;dw02;dw03;dw04;dw05;dw06;dw07;dw08,dw00;dw01;dw02;dw03;dw04;dw05;dw06;dw07;dw08,dw06,165,1,2026-08-27T13:14:55.215+0200,dw08,028E,165,1975,120,334,1947,2.59,2147483
ground-height-0m-20260825-163632,d020m_r090_run01.csv,0,20,90,dw00;dw01;dw02;dw03;dw04;dw05;dw06;dw07;dw08,dw00;dw01;dw02;dw03;dw04;dw05;dw06;dw07;dw08,dw06,15,1,2026-08-27T13:14:55.225+0200,dw00,8103,241,1978,-154,1365,1431,3.72,2147483
ground-height-0m-20260825-163632,d020m_r090_run01.csv,0,20,90,dw00;dw01;dw02;dw03;dw04;dw05;dw06;dw07;dw08,dw00;dw01;dw02;dw03;dw04;dw05;dw06;dw07;dw08,dw06,105,1,2026-08-27T13:14:55.265+0200,dw05,4B92,233,1974,49,-526,1903,3.78,2147483
ground-height-0m-20260825-163632,d020m_r090_run01.csv,0,20,90,dw00;dw01;dw02;dw03;dw04;dw05;dw06;dw07;dw08,dw00;dw01;dw02;dw03;dw04;dw05;dw06;dw07;dw08,dw06,75,1,2026-08-27T13:14:55.305+0200,dw03,021B,185,1961,-38,-1592,1146,3.21,12298
ground-height-0m-20260825-163632,d020m_r090_run01.csv,0,20,90,dw00;dw01;dw02;dw03;dw04;dw05;dw06;dw07;dw08,dw00;dw01;dw02;dw03;dw04;dw05;dw06;dw07;dw08,dw06,35,1,2026-08-27T13:14:55.335+0200,dw01,1729,158,1972,-139,1549,1221,3.45,42358
ground-height-0m-20260825-163632,d020m_r090_run01.csv,0,20,90,dw00;dw01;dw02;dw03;dw04;dw05;dw06;dw07;dw08,dw00;dw01;dw02;dw03;dw04;dw05;dw06;dw07;dw08,dw06,55,1,2026-08-27T13:14:55.345+0200,dw02,8FB0,25,1973,-96,1973,0,3.57,52337
ground-height-0m-20260825-163632,d020m_r090_run01.csv,0,20,90,dw00;dw01;dw02;dw03;dw04;dw05;dw06;dw07;dw08,dw00;dw01;dw02;dw03;dw04;dw05;dw06;dw07;dw08,dw06,90,1,2026-08-27T13:14:55.355+0200,dw04,0F85,25,1966,-1,-1141,1601,3.96,62286
ground-height-0m-20260825-163632,d020m_r090_run01.csv,0,20,90,dw00;dw01;dw02;dw03;dw04;dw05;dw06;dw07;dw08,dw00;dw01;dw02;dw03;dw04;dw05;dw06;dw07;dw08,dw06,145,1,2026-08-27T13:14:55.385+0200,dw07,5783,232,1970,125,397,1930,3.01,2147483
ground-height-0m-20260825-163632,d020m_r090_run01.csv,0,20,90,dw00;dw01;dw02;dw03;dw04;dw05;dw06;dw07;dw08,dw00;dw01;dw02;dw03;dw04;dw05;dw06;dw07;dw08,dw06,165,1,2026-08-27T13:14:55.433+0200,dw08,028E,166,1971,44,-586,1881,2.71,40618
ground-height-0m-20260825-163632,d020m_r090_run01.csv,0,20,90,dw00;dw01;dw02;dw03;dw04;dw05;dw06;dw07;dw08,dw00;dw01;dw02;dw03;dw04;dw05;dw06;dw07;dw08,dw06,15,1,2026-08-27T13:14:55.443+0200,dw00,8103,242,1978,-165,1234,1545,3.84,50598
ground-height-0m-20260825-163632,d020m_r090_run01.csv,0,20,90,dw00;dw01;dw02;dw03;dw04;dw05;dw06;dw07;dw08,dw00;dw01;dw02;dw03;dw04;dw05;dw06;dw07;dw08,dw06,105,1,2026-08-27T13:14:55.483+0200,dw05,4B92,234,1972,46,-566,1889,3.69,90484
ground-height-0m-20260825-163632,d020m_r090_run01.csv,0,20,90,dw00;dw01;dw02;dw03;dw04;dw05;dw06;dw07;dw08,dw00;dw01;dw02;dw03;dw04;dw05;dw06;dw07;dw08,dw06,75,1,2026-08-27T13:14:55.505+0200,dw03,021B,186,1964,-44,-1657,1053,3.21,12268
ground-height-0m-20260825-163632,d020m_r090_run01.csv,0,20,90,dw00;dw01;dw02;dw03;dw04;dw05;dw06;dw07;dw08,dw00;dw01;dw02;dw03;dw04;dw05;dw06;dw07;dw08,dw06,35,1,2026-08-27T13:14:55.535+0200,dw01,1729,159,1973,-62,-1885,583,3.51,42297
ground-height-0m-20260825-163632,d020m_r090_run01.csv,0,20,90,dw00;dw01;dw02;dw03;dw04;dw05;dw06;dw07;dw08,dw00;dw01;dw02;dw03;dw04;dw05;dw06;dw07;dw08,dw06,55,1,2026-08-27T13:14:55.545+0200,dw02,8FB0,26,1974,-103,1974,0,3.51,52307
ground-height-0m-20260825-163632,d020m_r090_run01.csv,0,20,90,dw00;dw01;dw02;dw03;dw04;dw05;dw06;dw07;dw08,dw00;dw01;dw02;dw03;dw04;dw05;dw06;dw07;dw08,dw06,90,1,2026-08-27T13:14:55.554+0200,dw04,0F85,26,1966,5,-1062,1654,3.84,62225
ground-height-0m-20260825-163632,d020m_r090_run01.csv,0,20,90,dw00;dw01;dw02;dw03;dw04;dw05;dw06;dw07;dw08,dw00;dw01;dw02;dw03;dw04;dw05;dw06;dw07;dw08,dw06,145,1,2026-08-27T13:14:55.585+0200,dw07,5783,233,1972,127,422,1926,3.06,2147483
ground-height-0m-20260825-163632,d020m_r090_run01.csv,0,20,90,dw00;dw01;dw02;dw03;dw04;dw05;dw06;dw07;dw08,dw00;dw01;dw02;dw03;dw04;dw05;dw06;dw07;dw08,dw06,165,1,2026-08-27T13:14:55.615+0200,dw08,028E,167,1975,60,-391,1936,2.59,22277
ground-height-0m-20260825-163632,d020m_r090_run01.csv,0,20,90,dw00;dw01;dw02;dw03;dw04;dw05;dw06;dw07;dw08,dw00;dw01;dw02;dw03;dw04;dw05;dw06;dw07;dw08,dw06,15,1,2026-08-27T13:14:55.625+0200,dw00,8103,243,1976,-177,1095,1645,3.78,32257
ground-height-0m-20260825-163632,d020m_r090_run01.csv,0,20,90,dw00;dw01;dw02;dw03;dw04;dw05;dw06;dw07;dw08,dw00;dw01;dw02;dw03;dw04;dw05;dw06;dw07;dw08,dw06,105,1,2026-08-27T13:14:55.665+0200,dw05,4B92,235,1976,42,-610,1880,3.84,72265
ground-height-0m-20260825-163632,d020m_r090_run01.csv,0,20,90,dw00;dw01;dw02;dw03;dw04;dw05;dw06;dw07;dw08,dw00;dw01;dw02;dw03;dw04;dw05;dw06;dw07;dw08,dw06,145,1,2026-08-27T13:14:55.701+0200,dw07,5783,68,1976,91,-11,1976,2.95,2147483
ground-height-0m-20260825-163632,d020m_r090_run01.csv,0,20,90,dw00;dw01;dw02;dw03;dw04;dw05;dw06;dw07;dw08,dw00;dw01;dw02;dw03;dw04;dw05;dw06;dw07;dw08,dw06,35,1,2026-08-27T13:14:55.735+0200,dw01,1729,160,1971,-145,1478,1303,3.33,2147483
ground-height-0m-20260825-163632,d020m_r090_run01.csv,0,20,90,dw00;dw01;dw02;dw03;dw04;dw05;dw06;dw07;dw08,dw00;dw01;dw02;dw03;dw04;dw05;dw06;dw07;dw08,dw06,55,1,2026-08-27T13:14:55.745+0200,dw02,8FB0,27,1974,-109,1921,456,3.51,2147483
ground-height-0m-20260825-163632,d020m_r090_run01.csv,0,20,90,dw00;dw01;dw02;dw03;dw04;dw05;dw06;dw07;dw08,dw00;dw01;dw02;dw03;dw04;dw05;dw06;dw07;dw08,dw06,90,1,2026-08-27T13:14:55.755+0200,dw04,0F85,27,1967,0,-1115,1620,4.02,2147483
ground-height-0m-20260825-163632,d020m_r090_run01.csv,0,20,90,dw00;dw01;dw02;dw03;dw04;dw05;dw06;dw07;dw08,dw00;dw01;dw02;dw03;dw04;dw05;dw06;dw07;dw08,dw06,145,1,2026-08-27T13:14:55.785+0200,dw07,5783,234,1974,117,294,1951,3.09,2147483
ground-height-0m-20260825-163632,d020m_r090_run01.csv,0,20,90,dw00;dw01;dw02;dw03;dw04;dw05;dw06;dw07;dw08,dw00;dw01;dw02;dw03;dw04;dw05;dw06;dw07;dw08,dw06,165,1,2026-08-27T13:14:55.815+0200,dw08,028E,168,1972,22,-859,1775,2.59,22247
ground-height-0m-20260825-163632,d020m_r090_run01.csv,0,20,90,dw00;dw01;dw02;dw03;dw04;dw05;dw06;dw07;dw08,dw00;dw01;dw02;dw03;dw04;dw05;dw06;dw07;dw08,dw06,15,1,2026-08-27T13:14:55.825+0200,dw00,8103,244,1972,-165,1233,1539,3.78,32226
ground-height-0m-20260825-163632,d020m_r090_run01.csv,0,20,90,dw00;dw01;dw02;dw03;dw04;dw05;dw06;dw07;dw08,dw00;dw01;dw02;dw03;dw04;dw05;dw06;dw07;dw08,dw06,105,1,2026-08-27T13:14:55.865+0200,dw05,4B92,236,1974,41,-627,1872,3.72,72265
ground-height-0m-20260825-163632,d020m_r090_run01.csv,0,20,90,dw00;dw01;dw02;dw03;dw04;dw05;dw06;dw07;dw08,dw00;dw01;dw02;dw03;dw04;dw05;dw06;dw07;dw08,dw06,75,1,2026-08-27T13:14:55.921+0200,dw03,021B,188,1965,-41,-1625,1104,3.27,27893
ground-height-0m-20260825-163632,d020m_r090_run01.csv,0,20,90,dw00;dw01;dw02;dw03;dw04;dw05;dw06;dw07;dw08,dw00;dw01;dw02;dw03;dw04;dw05;dw06;dw07;dw08,dw06,35,1,2026-08-27T13:14:55.954+0200,dw01,1729,161,1967,-128,1676,1030,3.45,61004
ground-height-0m-20260825-163632,d020m_r090_run01.csv,0,20,90,dw00;dw01;dw02;dw03;dw04;dw05;dw06;dw07;dw08,dw00;dw01;dw02;dw03;dw04;dw05;dw06;dw07;dw08,dw06,55,1,2026-08-27T13:14:55.964+0200,dw02,8FB0,28,1973,-102,1973,0,3.51,71044
ground-height-0m-20260825-163632,d020m_r090_run01.csv,0,20,90,dw00;dw01;dw02;dw03;dw04;dw05;dw06;dw07;dw08,dw00;dw01;dw02;dw03;dw04;dw05;dw06;dw07;dw08,dw06,90,1,2026-08-27T13:14:55.973+0200,dw04,0F85,28,1967,1,-1105,1627,3.90,80566
ground-height-0m-20260825-163632,d020m_r090_run01.csv,0,20,90,dw00;dw01;dw02;dw03;dw04;dw05;dw06;dw07;dw08,dw00;dw01;dw02;dw03;dw04;dw05;dw06;dw07;dw08,dw06,145,1,2026-08-27T13:14:55.985+0200,dw07,5783,69,1977,84,-108,1974,2.65,2147483
ground-height-0m-20260825-163632,d020m_r090_run01.csv,0,20,90,dw00;dw01;dw02;dw03;dw04;dw05;dw06;dw07;dw08,dw00;dw01;dw02;dw03;dw04;dw05;dw06;dw07;dw08,dw06,145,1,2026-08-27T13:14:56.004+0200,dw07,5783,235,1972,124,382,1934,3.12,2147483
ground-height-0m-20260825-163632,d020m_r090_run01.csv,0,20,90,dw00;dw01;dw02;dw03;dw04;dw05;dw06;dw07;dw08,dw00;dw01;dw02;dw03;dw04;dw05;dw06;dw07;dw08,dw06,165,1,2026-08-27T13:14:56.014+0200,dw08,028E,169,1972,84,-102,1969,2.59,2147483
ground-height-0m-20260825-163632,d020m_r090_run01.csv,0,20,90,dw00;dw01;dw02;dw03;dw04;dw05;dw06;dw07;dw08,dw00;dw01;dw02;dw03;dw04;dw05;dw06;dw07;dw08,dw06,15,1,2026-08-27T13:14:56.025+0200,dw00,8103,245,1974,-161,1278,1504,3.90,2147483
ground-height-0m-20260825-163632,d020m_r090_run01.csv,0,20,90,dw00;dw01;dw02;dw03;dw04;dw05;dw06;dw07;dw08,dw00;dw01;dw02;dw03;dw04;dw05;dw06;dw07;dw08,dw06,105,1,2026-08-27T13:14:56.064+0200,dw05,4B92,237,1972,46,-567,1889,3.69,2147483
ground-height-0m-20260825-163632,d020m_r090_run01.csv,0,20,90,dw00;dw01;dw02;dw03;dw04;dw05;dw06;dw07;dw08,dw00;dw01;dw02;dw03;dw04;dw05;dw06;dw07;dw08,dw06,75,1,2026-08-27T13:14:56.105+0200,dw03,021B,189,1965,-44,-1663,1046,3.15,12298
ground-height-0m-20260825-163632,d020m_r090_run01.csv,0,20,90,dw00;dw01;dw02;dw03;dw04;dw05;dw06;dw07;dw08,dw00;dw01;dw02;dw03;dw04;dw05;dw06;dw07;dw08,dw06,35,1,2026-08-27T13:14:56.134+0200,dw01,1729,162,1969,-64,-1906,494,3.57,42388
ground-height-0m-20260825-163632,d020m_r090_run01.csv,0,20,90,dw00;dw01;dw02;dw03;dw04;dw05;dw06;dw07;dw08,dw00;dw01;dw02;dw03;dw04;dw05;dw06;dw07;dw08,dw06,55,1,2026-08-27T13:14:56.144+0200,dw02,8FB0,29,1976,-87,1976,0,3.45,52337
ground-height-0m-20260825-163632,d020m_r090_run01.csv,0,20,90,dw00;dw01;dw02;dw03;dw04;dw05;dw06;dw07;dw08,dw00;dw01;dw02;dw03;dw04;dw05;dw06;dw07;dw08,dw06,90,1,2026-08-27T13:14:56.155+0200,dw04,0F85,29,1965,-3,-1172,1576,3.90,62286
ground-height-0m-20260825-163632,d020m_r090_run01.csv,0,20,90,dw00;dw01;dw02;dw03;dw04;dw05;dw06;dw07;dw08,dw00;dw01;dw02;dw03;dw04;dw05;dw06;dw07;dw08,dw06,145,1,2026-08-27T13:14:56.184+0200,dw07,5783,70,1975,94,20,1975,2.71,2147483
ground-height-0m-20260825-163632,d020m_r090_run01.csv,0,20,90,dw00;dw01;dw02;dw03;dw04;dw05;dw06;dw07;dw08,dw00;dw01;dw02;dw03;dw04;dw05;dw06;dw07;dw08,dw06,165,1,2026-08-27T13:14:56.233+0200,dw08,028E,170,1973,46,-559,1892,2.65,40557
ground-height-0m-20260825-163632,d020m_r090_run01.csv,0,20,90,dw00;dw01;dw02;dw03;dw04;dw05;dw06;dw07;dw08,dw00;dw01;dw02;dw03;dw04;dw05;dw06;dw07;dw08,dw06,15,1,2026-08-27T13:14:56.243+0200,dw00,8103,246,1974,-169,1191,1573,3.90,50598
ground-height-0m-20260825-163632,d020m_r090_run01.csv,0,20,90,dw00;dw01;dw02;dw03;dw04;dw05;dw06;dw07;dw08,dw00;dw01;dw02;dw03;dw04;dw05;dw06;dw07;dw08,dw06,105,1,2026-08-27T13:14:56.283+0200,dw05,4B92,238,1974,43,-602,1880,3.72,90454
ground-height-0m-20260825-163632,d020m_r090_run01.csv,0,20,90,dw00;dw01;dw02;dw03;dw04;dw05;dw06;dw07;dw08,dw00;dw01;dw02;dw03;dw04;dw05;dw06;dw07;dw08,dw06,75,1,2026-08-27T13:14:56.304+0200,dw03,021B,190,1961,-48,-1703,971,3.06,12298
ground-height-0m-20260825-163632,d020m_r090_run01.csv,0,20,90,dw00;dw01;dw02;dw03;dw04;dw05;dw06;dw07;dw08,dw00;dw01;dw02;dw03;dw04;dw05;dw06;dw07;dw08,dw06,35,1,2026-08-27T13:14:56.335+0200,dw01,1729,163,1972,-130,1657,1069,3.45,42297
ground-height-0m-20260825-163632,d020m_r090_run01.csv,0,20,90,dw00;dw01;dw02;dw03;dw04;dw05;dw06;dw07;dw08,dw00;dw01;dw02;dw03;dw04;dw05;dw06;dw07;dw08,dw06,55,1,2026-08-27T13:14:56.344+0200,dw02,8FB0,30,1973,-97,1973,0,3.45,52337
ground-height-0m-20260825-163632,d020m_r090_run01.csv,0,20,90,dw00;dw01;dw02;dw03;dw04;dw05;dw06;dw07;dw08,dw00;dw01;dw02;dw03;dw04;dw05;dw06;dw07;dw08,dw06,90,1,2026-08-27T13:14:56.354+0200,dw04,0F85,30,1966,0,-1115,1620,3.96,62225
ground-height-0m-20260825-163632,d020m_r090_run01.csv,0,20,90,dw00;dw01;dw02;dw03;dw04;dw05;dw06;dw07;dw08,dw00;dw01;dw02;dw03;dw04;dw05;dw06;dw07;dw08,dw06,145,1,2026-08-27T13:14:56.384+0200,dw07,5783,71,1971,89,-37,1971,2.71,2147483
ground-height-0m-20260825-163632,d020m_r090_run01.csv,0,20,90,dw00;dw01;dw02;dw03;dw04;dw05;dw06;dw07;dw08,dw00;dw01;dw02;dw03;dw04;dw05;dw06;dw07;dw08,dw06,165,1,2026-08-27T13:14:56.415+0200,dw08,028E,171,1972,99,83,1970,2.59,22277
ground-height-0m-20260825-163632,d020m_r090_run01.csv,0,20,90,dw00;dw01;dw02;dw03;dw04;dw05;dw06;dw07;dw08,dw00;dw01;dw02;dw03;dw04;dw05;dw06;dw07;dw08,dw06,15,1,2026-08-27T13:14:56.424+0200,dw00,8103,247,1974,-150,1412,1378,3.84,32257
ground-height-0m-20260825-163632,d020m_r090_run01.csv,0,20,90,dw00;dw01;dw02;dw03;dw04;dw05;dw06;dw07;dw08,dw00;dw01;dw02;dw03;dw04;dw05;dw06;dw07;dw08,dw06,105,1,2026-08-27T13:14:56.465+0200,dw05,4B92,239,1973,40,-635,1868,3.90,72296
ground-height-0m-20260825-163632,d020m_r090_run01.csv,0,20,90,dw00;dw01;dw02;dw03;dw04;dw05;dw06;dw07;dw08,dw00;dw01;dw02;dw03;dw04;dw05;dw06;dw07;dw08,dw06,145,1,2026-08-27T13:14:56.501+0200,dw07,5783,237,1969,130,456,1916,3.27,2147483
ground-height-0m-20260825-163632,d020m_r090_run01.csv,0,20,90,dw00;dw01;dw02;dw03;dw04;dw05;dw06;dw07;dw08,dw00;dw01;dw02;dw03;dw04;dw05;dw06;dw07;dw08,dw06,35,1,2026-08-27T13:14:56.535+0200,dw01,1729,164,1971,-133,1622,1120,3.57,2147483
ground-height-0m-20260825-163632,d020m_r090_run01.csv,0,20,90,dw00;dw01;dw02;dw03;dw04;dw05;dw06;dw07;dw08,dw00;dw01;dw02;dw03;dw04;dw05;dw06;dw07;dw08,dw06,55,1,2026-08-27T13:14:56.545+0200,dw02,8FB0,31,1972,-95,1972,0,3.57,2147483
ground-height-0m-20260825-163632,d020m_r090_run01.csv,0,20,90,dw00;dw01;dw02;dw03;dw04;dw05;dw06;dw07;dw08,dw00;dw01;dw02;dw03;dw04;dw05;dw06;dw07;dw08,dw06,90,1,2026-08-27T13:14:56.554+0200,dw04,0F85,31,1966,-4,-1184,1569,3.96,2147483
ground-height-0m-20260825-163632,d020m_r090_run01.csv,0,20,90,dw00;dw01;dw02;dw03;dw04;dw05;dw06;dw07;dw08,dw00;dw01;dw02;dw03;dw04;dw05;dw06;dw07;dw08,dw06,145,1,2026-08-27T13:14:56.585+0200,dw07,5783,72,1972,87,-59,1971,2.59,2147483
ground-height-0m-20260825-163632,d020m_r090_run01.csv,0,20,90,dw00;dw01;dw02;dw03;dw04;dw05;dw06;dw07;dw08,dw00;dw01;dw02;dw03;dw04;dw05;dw06;dw07;dw08,dw06,165,1,2026-08-27T13:14:56.615+0200,dw08,028E,172,1974,81,-139,1969,2.65,22247
ground-height-0m-20260825-163632,d020m_r090_run01.csv,0,20,90,dw00;dw01;dw02;dw03;dw04;dw05;dw06;dw07;dw08,dw00;dw01;dw02;dw03;dw04;dw05;dw06;dw07;dw08,dw06,15,1,2026-08-27T13:14:56.625+0200,dw00,8103,248,1977,-154,1374,1421,4.02,32257
ground-height-0m-20260825-163632,d020m_r090_run01.csv,0,20,90,dw00;dw01;dw02;dw03;dw04;dw05;dw06;dw07;dw08,dw00;dw01;dw02;dw03;dw04;dw05;dw06;dw07;dw08,dw06,105,1,2026-08-27T13:14:56.665+0200,dw05,4B92,240,1972,45,-570,1887,3.69,72235
ground-height-0m-20260825-163632,d020m_r090_run01.csv,0,20,90,dw00;dw01;dw02;dw03;dw04;dw05;dw06;dw07;dw08,dw00;dw01;dw02;dw03;dw04;dw05;dw06;dw07;dw08,dw06,75,1,2026-08-27T13:14:56.720+0200,dw03,021B,192,1965,-49,-1722,946,3.27,27893
ground-height-0m-20260825-163632,d020m_r090_run01.csv,0,20,90,dw00;dw01;dw02;dw03;dw04;dw05;dw06;dw07;dw08,dw00;dw01;dw02;dw03;dw04;dw05;dw06;dw07;dw08,dw06,35,1,2026-08-27T13:14:56.754+0200,dw01,1729,165,1973,-128,1679,1035,3.45,60974
ground-height-0m-20260825-163632,d020m_r090_run01.csv,0,20,90,dw00;dw01;dw02;dw03;dw04;dw05;dw06;dw07;dw08,dw00;dw01;dw02;dw03;dw04;dw05;dw06;dw07;dw08,dw06,55,1,2026-08-27T13:14:56.763+0200,dw02,8FB0,32,1972,-94,1972,0,3.57,71014
ground-height-0m-20260825-163632,d020m_r090_run01.csv,0,20,90,dw00;dw01;dw02;dw03;dw04;dw05;dw06;dw07;dw08,dw00;dw01;dw02;dw03;dw04;dw05;dw06;dw07;dw08,dw06,90,1,2026-08-27T13:14:56.773+0200,dw04,0F85,32,1964,-4,-1173,1574,4.02,80535
ground-height-0m-20260825-163632,d020m_r090_run01.csv,0,20,90,dw00;dw01;dw02;dw03;dw04;dw05;dw06;dw07;dw08,dw00;dw01;dw02;dw03;dw04;dw05;dw06;dw07;dw08,dw06,145,1,2026-08-27T13:14:56.785+0200,dw07,5783,238,1970,123,370,1935,3.01,2147483
ground-height-0m-20260825-163632,d020m_r090_run01.csv,0,20,90,dw00;dw01;dw02;dw03;dw04;dw05;dw06;dw07;dw08,dw00;dw01;dw02;dw03;dw04;dw05;dw06;dw07;dw08,dw06,145,1,2026-08-27T13:14:56.802+0200,dw07,5783,73,1975,90,-33,1975,2.83,2147483
ground-height-0m-20260825-163632,d020m_r090_run01.csv,0,20,90,dw00;dw01;dw02;dw03;dw04;dw05;dw06;dw07;dw08,dw00;dw01;dw02;dw03;dw04;dw05;dw06;dw07;dw08,dw06,165,1,2026-08-27T13:14:56.814+0200,dw08,028E,173,1972,109,195,1962,2.59,2147483
ground-height-0m-20260825-163632,d020m_r090_run01.csv,0,20,90,dw00;dw01;dw02;dw03;dw04;dw05;dw06;dw07;dw08,dw00;dw01;dw02;dw03;dw04;dw05;dw06;dw07;dw08,dw06,15,1,2026-08-27T13:14:56.825+0200,dw00,8103,249,1975,-166,1225,1549,3.90,2147483
ground-height-0m-20260825-163632,d020m_r090_run01.csv,0,20,90,dw00;dw01;dw02;dw03;dw04;dw05;dw06;dw07;dw08,dw00;dw01;dw02;dw03;dw04;dw05;dw06;dw07;dw08,dw06,105,1,2026-08-27T13:14:56.865+0200,dw05,4B92,241,1974,46,-568,1890,3.69,2147483
ground-height-0m-20260825-163632,d020m_r090_run01.csv,0,20,90,dw00;dw01;dw02;dw03;dw04;dw05;dw06;dw07;dw08,dw00;dw01;dw02;dw03;dw04;dw05;dw06;dw07;dw08,dw06,75,1,2026-08-27T13:14:56.905+0200,dw03,021B,193,1963,-39,-1598,1139,3.09,12298
ground-height-0m-20260825-163632,d020m_r090_run01.csv,0,20,90,dw00;dw01;dw02;dw03;dw04;dw05;dw06;dw07;dw08,dw00;dw01;dw02;dw03;dw04;dw05;dw06;dw07;dw08,dw06,35,1,2026-08-27T13:14:56.934+0200,dw01,1729,166,1971,-144,1488,1292,3.69,42388
ground-height-0m-20260825-163632,d020m_r090_run01.csv,0,20,90,dw00;dw01;dw02;dw03;dw04;dw05;dw06;dw07;dw08,dw00;dw01;dw02;dw03;dw04;dw05;dw06;dw07;dw08,dw06,55,1,2026-08-27T13:14:56.944+0200,dw02,8FB0,33,1973,-88,1973,0,3.51,52337
ground-height-0m-20260825-163632,d020m_r090_run01.csv,0,20,90,dw00;dw01;dw02;dw03;dw04;dw05;dw06;dw07;dw08,dw00;dw01;dw02;dw03;dw04;dw05;dw06;dw07;dw08,dw06,90,1,2026-08-27T13:14:56.955+0200,dw04,0F85,33,1967,1,-1103,1629,3.90,62255
ground-height-0m-20260825-163632,d020m_r090_run01.csv,0,20,90,dw00;dw01;dw02;dw03;dw04;dw05;dw06;dw07;dw08,dw00;dw01;dw02;dw03;dw04;dw05;dw06;dw07;dw08,dw06,145,1,2026-08-27T13:14:56.984+0200,dw07,5783,239,1970,127,418,1925,3.01,2147483
ground-height-0m-20260825-163632,d020m_r090_run01.csv,0,20,90,dw00;dw01;dw02;dw03;dw04;dw05;dw06;dw07;dw08,dw00;dw01;dw02;dw03;dw04;dw05;dw06;dw07;dw08,dw06,165,1,2026-08-27T13:14:57.033+0200,dw08,028E,174,1971,28,-778,1811,2.50,40557
ground-height-0m-20260825-163632,d020m_r090_run01.csv,0,20,90,dw00;dw01;dw02;dw03;dw04;dw05;dw06;dw07;dw08,dw00;dw01;dw02;dw03;dw04;dw05;dw06;dw07;dw08,dw06,15,1,2026-08-27T13:14:57.043+0200,dw00,8103,250,1974,-148,1439,1352,3.90,50537
ground-height-0m-20260825-163632,d020m_r090_run01.csv,0,20,90,dw00;dw01;dw02;dw03;dw04;dw05;dw06;dw07;dw08,dw00;dw01;dw02;dw03;dw04;dw05;dw06;dw07;dw08,dw06,105,1,2026-08-27T13:14:57.083+0200,dw05,4B92,242,1973,50,-519,1903,3.69,90515
ground-height-0m-20260825-163632,d020m_r090_run01.csv,0,20,90,dw00;dw01;dw02;dw03;dw04;dw05;dw06;dw07;dw08,dw00;dw01;dw02;dw03;dw04;dw05;dw06;dw07;dw08,dw06,75,1,2026-08-27T13:14:57.104+0200,dw03,021B,194,1963,-32,-1517,1246,3.15,12298
ground-height-0m-20260825-163632,d020m_r090_run01.csv,0,20,90,dw00;dw01;dw02;dw03;dw04;dw05;dw06;dw07;dw08,dw00;dw01;dw02;dw03;dw04;dw05;dw06;dw07;dw08,dw06,35,1,2026-08-27T13:14:57.134+0200,dw01,1729,167,1970,-74,-1970,0,3.51,42297
ground-height-0m-20260825-163632,d020m_r090_run01.csv,0,20,90,dw00;dw01;dw02;dw03;dw04;dw05;dw06;dw07;dw08,dw00;dw01;dw02;dw03;dw04;dw05;dw06;dw07;dw08,dw06,55,1,2026-08-27T13:14:57.144+0200,dw02,8FB0,34,1972,-100,1972,0,3.45,52276
ground-height-0m-20260825-163632,d020m_r090_run01.csv,0,20,90,dw00;dw01;dw02;dw03;dw04;dw05;dw06;dw07;dw08,dw00;dw01;dw02;dw03;dw04;dw05;dw06;dw07;dw08,dw06,90,1,2026-08-27T13:14:57.154+0200,dw04,0F85,34,1964,2,-1097,1629,3.90,62225
ground-height-0m-20260825-163632,d020m_r090_run01.csv,0,20,90,dw00;dw01;dw02;dw03;dw04;dw05;dw06;dw07;dw08,dw00;dw01;dw02;dw03;dw04;dw05;dw06;dw07;dw08,dw06,145,1,2026-08-27T13:14:57.184+0200,dw07,5783,240,1971,120,333,1942,3.06,2147483
ground-height-0m-20260825-163632,d020m_r090_run01.csv,0,20,90,dw00;dw01;dw02;dw03;dw04;dw05;dw06;dw07;dw08,dw00;dw01;dw02;dw03;dw04;dw05;dw06;dw07;dw08,dw06,165,1,2026-08-27T13:14:57.214+0200,dw08,028E,175,1976,7,-1043,1679,2.50,22308
ground-height-0m-20260825-163632,d020m_r090_run01.csv,0,20,90,dw00;dw01;dw02;dw03;dw04;dw05;dw06;dw07;dw08,dw00;dw01;dw02;dw03;dw04;dw05;dw06;dw07;dw08,dw06,15,1,2026-08-27T13:14:57.224+0200,dw00,8103,251,1978,-168,1203,1570,3.90,32287
ground-height-0m-20260825-163632,d020m_r090_run01.csv,0,20,90,dw00;dw01;dw02;dw03;dw04;dw05;dw06;dw07;dw08,dw00;dw01;dw02;dw03;dw04;dw05;dw06;dw07;dw08,dw06,105,1,2026-08-27T13:14:57.264+0200,dw05,4B92,243,1972,46,-559,1891,3.69,72265
ground-height-0m-20260825-163632,d020m_r090_run01.csv,0,20,90,dw00;dw01;dw02;dw03;dw04;dw05;dw06;dw07;dw08,dw00;dw01;dw02;dw03;dw04;dw05;dw06;dw07;dw08,dw06,145,1,2026-08-27T13:14:57.299+0200,dw07,5783,75,1974,93,4,1974,2.89,2147483
ground-height-0m-20260825-163632,d020m_r090_run01.csv,0,20,90,dw00;dw01;dw02;dw03;dw04;dw05;dw06;dw07;dw08,dw00;dw01;dw02;dw03;dw04;dw05;dw06;dw07;dw08,dw06,35,1,2026-08-27T13:14:57.335+0200,dw01,1729,168,1973,-127,1691,1016,3.63,2147483
ground-height-0m-20260825-163632,d020m_r090_run01.csv,0,20,90,dw00;dw01;dw02;dw03;dw04;dw05;dw06;dw07;dw08,dw00;dw01;dw02;dw03;dw04;dw05;dw06;dw07;dw08,dw06,55,1,2026-08-27T13:14:57.344+0200,dw02,8FB0,35,1973,-97,1973,0,3.45,2147483
ground-height-0m-20260825-163632,d020m_r090_run01.csv,0,20,90,dw00;dw01;dw02;dw03;dw04;dw05;dw06;dw07;dw08,dw00;dw01;dw02;dw03;dw04;dw05;dw06;dw07;dw08,dw06,90,1,2026-08-27T13:14:57.354+0200,dw04,0F85,35,1967,-2,-1158,1589,4.02,2147483
ground-height-0m-20260825-163632,d020m_r090_run01.csv,0,20,90,dw00;dw01;dw02;dw03;dw04;dw05;dw06;dw07;dw08,dw00;dw01;dw02;dw03;dw04;dw05;dw06;dw07;dw08,dw06,145,1,2026-08-27T13:14:57.384+0200,dw07,5783,241,1969,118,304,1946,3.01,2147483
ground-height-0m-20260825-163632,d020m_r090_run01.csv,0,20,90,dw00;dw01;dw02;dw03;dw04;dw05;dw06;dw07;dw08,dw00;dw01;dw02;dw03;dw04;dw05;dw06;dw07;dw08,dw06,165,1,2026-08-27T13:14:57.415+0200,dw08,028E,176,1974,29,-769,1818,2.59,22247
ground-height-0m-20260825-163632,d020m_r090_run01.csv,0,20,90,dw00;dw01;dw02;dw03;dw04;dw05;dw06;dw07;dw08,dw00;dw01;dw02;dw03;dw04;dw05;dw06;dw07;dw08,dw06,15,1,2026-08-27T13:14:57.424+0200,dw00,8103,252,1977,-156,1342,1452,3.84,32287
ground-height-0m-20260825-163632,d020m_r090_run01.csv,0,20,90,dw00;dw01;dw02;dw03;dw04;dw05;dw06;dw07;dw08,dw00;dw01;dw02;dw03;dw04;dw05;dw06;dw07;dw08,dw06,105,1,2026-08-27T13:14:57.464+0200,dw05,4B92,244,1974,51,-497,1910,3.72,72235
ground-height-0m-20260825-163632,d020m_r090_run01.csv,0,20,90,dw00;dw01;dw02;dw03;dw04;dw05;dw06;dw07;dw08,dw00;dw01;dw02;dw03;dw04;dw05;dw06;dw07;dw08,dw06,75,1,2026-08-27T13:14:57.520+0200,dw03,021B,196,1964,-49,-1722,944,3.33,27893
ground-height-0m-20260825-163632,d020m_r090_run01.csv,0,20,90,dw00;dw01;dw02;dw03;dw04;dw05;dw06;dw07;dw08,dw00;dw01;dw02;dw03;dw04;dw05;dw06;dw07;dw08,dw06,55,1,2026-08-27T13:14:57.563+0200,dw02,8FB0,36,1973,-95,1973,0,3.45,71014
ground-height-0m-20260825-163632,d020m_r090_run01.csv,0,20,90,dw00;dw01;dw02;dw03;dw04;dw05;dw06;dw07;dw08,dw00;dw01;dw02;dw03;dw04;dw05;dw06;dw07;dw08,dw06,90,1,2026-08-27T13:14:57.573+0200,dw04,0F85,36,1964,-1,-1140,1599,3.90,80535
ground-height-0m-20260825-163632,d020m_r090_run01.csv,0,20,90,dw00;dw01;dw02;dw03;dw04;dw05;dw06;dw07;dw08,dw00;dw01;dw02;dw03;dw04;dw05;dw06;dw07;dw08,dw06,145,1,2026-08-27T13:14:57.585+0200,dw07,5783,76,1975,94,21,1975,2.77,2147483
ground-height-0m-20260825-163632,d020m_r090_run01.csv,0,20,90,dw00;dw01;dw02;dw03;dw04;dw05;dw06;dw07;dw08,dw00;dw01;dw02;dw03;dw04;dw05;dw06;dw07;dw08,dw06,145,1,2026-08-27T13:14:57.603+0200,dw07,5783,242,1972,119,320,1945,3.01,2147483
ground-height-0m-20260825-163632,d020m_r090_run01.csv,0,20,90,dw00;dw01;dw02;dw03;dw04;dw05;dw06;dw07;dw08,dw00;dw01;dw02;dw03;dw04;dw05;dw06;dw07;dw08,dw06,165,1,2026-08-27T13:14:57.614+0200,dw08,028E,177,1973,-13,-1292,1490,2.50,2147483
ground-height-0m-20260825-163632,d020m_r090_run01.csv,0,20,90,dw00;dw01;dw02;dw03;dw04;dw05;dw06;dw07;dw08,dw00;dw01;dw02;dw03;dw04;dw05;dw06;dw07;dw08,dw06,15,1,2026-08-27T13:14:57.625+0200,dw00,8103,253,1973,-157,1332,1455,3.90,2147483
ground-height-0m-20260825-163632,d020m_r090_run01.csv,0,20,90,dw00;dw01;dw02;dw03;dw04;dw05;dw06;dw07;dw08,dw00;dw01;dw02;dw03;dw04;dw05;dw06;dw07;dw08,dw06,105,1,2026-08-27T13:14:57.665+0200,dw05,4B92,245,1969,48,-543,1893,3.78,2147483
ground-height-0m-20260825-163632,d020m_r090_run01.csv,0,20,90,dw00;dw01;dw02;dw03;dw04;dw05;dw06;dw07;dw08,dw00;dw01;dw02;dw03;dw04;dw05;dw06;dw07;dw08,dw06,75,1,2026-08-27T13:14:57.705+0200,dw03,021B,197,1966,-43,-1648,1072,3.15,12329
ground-height-0m-20260825-163632,d020m_r090_run01.csv,0,20,90,dw00;dw01;dw02;dw03;dw04;dw05;dw06;dw07;dw08,dw00;dw01;dw02;dw03;dw04;dw05;dw06;dw07;dw08,dw06,35,1,2026-08-27T13:14:57.734+0200,dw01,1729,170,1973,-145,1479,1305,3.51,42388
ground-height-0m-20260825-163632,d020m_r090_run01.csv,0,20,90,dw00;dw01;dw02;dw03;dw04;dw05;dw06;dw07;dw08,dw00;dw01;dw02;dw03;dw04;dw05;dw06;dw07;dw08,dw06,55,1,2026-08-27T13:14:57.744+0200,dw02,8FB0,37,1974,-86,-1974,0,3.51,52337
ground-height-0m-20260825-163632,d020m_r090_run01.csv,0,20,90,dw00;dw01;dw02;dw03;dw04;dw05;dw06;dw07;dw08,dw00;dw01;dw02;dw03;dw04;dw05;dw06;dw07;dw08,dw06,90,1,2026-08-27T13:14:57.754+0200,dw04,0F85,37,1966,1,-1103,1628,3.96,62286
ground-height-0m-20260825-163632,d020m_r090_run01.csv,0,20,90,dw00;dw01;dw02;dw03;dw04;dw05;dw06;dw07;dw08,dw00;dw01;dw02;dw03;dw04;dw05;dw06;dw07;dw08,dw06,145,1,2026-08-27T13:14:57.784+0200,dw07,5783,77,1970,88,-57,1969,2.65,2147483
ground-height-0m-20260825-163632,d020m_r090_run01.csv,0,20,90,dw00;dw01;dw02;dw03;dw04;dw05;dw06;dw07;dw08,dw00;dw01;dw02;dw03;dw04;dw05;dw06;dw07;dw08,dw06,165,1,2026-08-27T13:14:57.833+0200,dw08,028E,178,1975,95,31,1975,2.59,40618
ground-height-0m-20260825-163632,d020m_r090_run01.csv,0,20,90,dw00;dw01;dw02;dw03;dw04;dw05;dw06;dw07;dw08,dw00;dw01;dw02;dw03;dw04;dw05;dw06;dw07;dw08,dw06,15,1,2026-08-27T13:14:57.842+0200,dw00,8103,254,1976,-170,1169,1593,3.90,50537
ground-height-0m-20260825-163632,d020m_r090_run01.csv,0,20,90,dw00;dw01;dw02;dw03;dw04;dw05;dw06;dw07;dw08,dw00;dw01;dw02;dw03;dw04;dw05;dw06;dw07;dw08,dw06,105,1,2026-08-27T13:14:57.882+0200,dw05,4B92,246,1974,47,-555,1895,3.78,90484
ground-height-0m-20260825-163632,d020m_r090_run01.csv,0,20,90,dw00;dw01;dw02;dw03;dw04;dw05;dw06;dw07;dw08,dw00;dw01;dw02;dw03;dw04;dw05;dw06;dw07;dw08,dw06,75,1,2026-08-27T13:14:57.904+0200,dw03,021B,198,1959,-42,-1635,1079,3.15,12268
ground-height-0m-20260825-163632,d020m_r090_run01.csv,0,20,90,dw00;dw01;dw02;dw03;dw04;dw05;dw06;dw07;dw08,dw00;dw01;dw02;dw03;dw04;dw05;dw06;dw07;dw08,dw06,35,1,2026-08-27T13:14:57.934+0200,dw01,1729,171,1971,-45,-1682,1027,3.57,42266
ground-height-0m-20260825-163632,d020m_r090_run01.csv,0,20,90,dw00;dw01;dw02;dw03;dw04;dw05;dw06;dw07;dw08,dw00;dw01;dw02;dw03;dw04;dw05;dw06;dw07;dw08,dw06,55,1,2026-08-27T13:14:57.944+0200,dw02,8FB0,38,1974,-94,1974,0,3.51,52307
ground-height-0m-20260825-163632,d020m_r090_run01.csv,0,20,90,dw00;dw01;dw02;dw03;dw04;dw05;dw06;dw07;dw08,dw00;dw01;dw02;dw03;dw04;dw05;dw06;dw07;dw08,dw06,90,1,2026-08-27T13:14:57.954+0200,dw04,0F85,38,1966,3,-1083,1641,3.96,62225
ground-height-0m-20260825-163632,d020m_r090_run01.csv,0,20,90,dw00;dw01;dw02;dw03;dw04;dw05;dw06;dw07;dw08,dw00;dw01;dw02;dw03;dw04;dw05;dw06;dw07;dw08,dw06,145,1,2026-08-27T13:14:57.984+0200,dw07,5783,78,1974,96,39,1974,2.65,2147483
ground-height-0m-20260825-163632,d020m_r090_run01.csv,0,20,90,dw00;dw01;dw02;dw03;dw04;dw05;dw06;dw07;dw08,dw00;dw01;dw02;dw03;dw04;dw05;dw06;dw07;dw08,dw06,165,1,2026-08-27T13:14:58.014+0200,dw08,028E,179,1967,138,556,1887,2.59,22277
ground-height-0m-20260825-163632,d020m_r090_run01.csv,0,20,90,dw00;dw01;dw02;dw03;dw04;dw05;dw06;dw07;dw08,dw00;dw01;dw02;dw03;dw04;dw05;dw06;dw07;dw08,dw06,15,1,2026-08-27T13:14:58.024+0200,dw00,8103,255,1975,-159,1311,1477,3.90,32287
ground-height-0m-20260825-163632,d020m_r090_run01.csv,0,20,90,dw00;dw01;dw02;dw03;dw04;dw05;dw06;dw07;dw08,dw00;dw01;dw02;dw03;dw04;dw05;dw06;dw07;dw08,dw06,105,1,2026-08-27T13:14:58.064+0200,dw05,4B92,247,1974,37,-671,1856,3.72,72265
ground-height-0m-20260825-163632,d020m_r090_run01.csv,0,20,90,dw00;dw01;dw02;dw03;dw04;dw05;dw06;dw07;dw08,dw00;dw01;dw02;dw03;dw04;dw05;dw06;dw07;dw08,dw06,145,1,2026-08-27T13:14:58.100+0200,dw07,5783,244,1971,132,479,1912,3.27,2147483
ground-height-0m-20260825-163632,d020m_r090_run01.csv,0,20,90,dw00;dw01;dw02;dw03;dw04;dw05;dw06;dw07;dw08,dw00;dw01;dw02;dw03;dw04;dw05;dw06;dw07;dw08,dw06,35,1,2026-08-27T13:14:58.134+0200,dw01,1729,172,1973,-122,1750,910,3.45,2147483
ground-height-0m-20260825-163632,d020m_r090_run01.csv,0,20,90,dw00;dw01;dw02;dw03;dw04;dw05;dw06;dw07;dw08,dw00;dw01;dw02;dw03;dw04;dw05;dw06;dw07;dw08,dw06,55,1,2026-08-27T13:14:58.144+0200,dw02,8FB0,39,1973,-102,1973,0,3.45,2147483
ground-height-0m-20260825-163632,d020m_r090_run01.csv,0,20,90,dw00;dw01;dw02;dw03;dw04;dw05;dw06;dw07;dw08,dw00;dw01;dw02;dw03;dw04;dw05;dw06;dw07;dw08,dw06,90,1,2026-08-27T13:14:58.154+0200,dw04,0F85,39,1967,0,-1135,1607,3.90,2147483
ground-height-0m-20260825-163632,d020m_r090_run01.csv,0,20,90,dw00;dw01;dw02;dw03;dw04;dw05;dw06;dw07;dw08,dw00;dw01;dw02;dw03;dw04;dw05;dw06;dw07;dw08,dw06,145,1,2026-08-27T13:14:58.184+0200,dw07,5783,79,1973,78,-174,1965,2.59,2147483
ground-height-0m-20260825-163632,d020m_r090_run01.csv,0,20,90,dw00;dw01;dw02;dw03;dw04;dw05;dw06;dw07;dw08,dw00;dw01;dw02;dw03;dw04;dw05;dw06;dw07;dw08,dw06,165,1,2026-08-27T13:14:58.215+0200,dw08,028E,180,1969,84,-106,1966,2.59,22277
ground-height-0m-20260825-163632,d020m_r090_run01.csv,0,20,90,dw00;dw01;dw02;dw03;dw04;dw05;dw06;dw07;dw08,dw00;dw01;dw02;dw03;dw04;dw05;dw06;dw07;dw08,dw06,15,1,2026-08-27T13:14:58.224+0200,dw00,8103,0,1977,-160,1297,1491,3.90,32196
ground-height-0m-20260825-163632,d020m_r090_run01.csv,0,20,90,dw00;dw01;dw02;dw03;dw04;dw05;dw06;dw07;dw08,dw00;dw01;dw02;dw03;dw04;dw05;dw06;dw07;dw08,dw06,105,1,2026-08-27T13:14:58.264+0200,dw05,4B92,248,1969,49,-526,1898,3.78,72265
ground-height-0m-20260825-163632,d020m_r090_run01.csv,0,20,90,dw00;dw01;dw02;dw03;dw04;dw05;dw06;dw07;dw08,dw00;dw01;dw02;dw03;dw04;dw05;dw06;dw07;dw08,dw06,75,1,2026-08-27T13:14:58.320+0200,dw03,021B,200,1963,-39,-1598,1141,3.27,27862
ground-height-0m-20260825-163632,d020m_r090_run01.csv,0,20,90,dw00;dw01;dw02;dw03;dw04;dw05;dw06;dw07;dw08,dw00;dw01;dw02;dw03;dw04;dw05;dw06;dw07;dw08,dw06,35,1,2026-08-27T13:14:58.353+0200,dw01,1729,173,1977,-130,1659,1075,3.57,61004
ground-height-0m-20260825-163632,d020m_r090_run01.csv,0,20,90,dw00;dw01;dw02;dw03;dw04;dw05;dw06;dw07;dw08,dw00;dw01;dw02;dw03;dw04;dw05;dw06;dw07;dw08,dw06,55,1,2026-08-27T13:14:58.363+0200,dw02,8FB0,40,1974,-88,1973,0,3.51,71044
ground-height-0m-20260825-163632,d020m_r090_run01.csv,0,20,90,dw00;dw01;dw02;dw03;dw04;dw05;dw06;dw07;dw08,dw00;dw01;dw02;dw03;dw04;dw05;dw06;dw07;dw08,dw06,90,1,2026-08-27T13:14:58.373+0200,dw04,0F85,40,1965,4,-1070,1648,3.96,80566
ground-height-0m-20260825-163632,d020m_r090_run01.csv,0,20,90,dw00;dw01;dw02;dw03;dw04;dw05;dw06;dw07;dw08,dw00;dw01;dw02;dw03;dw04;dw05;dw06;dw07;dw08,dw06,145,1,2026-08-27T13:14:58.384+0200,dw07,5783,245,1966,129,445,1915,3.06,2147483
ground-height-0m-20260825-163632,d020m_r090_run01.csv,0,20,90,dw00;dw01;dw02;dw03;dw04;dw05;dw06;dw07;dw08,dw00;dw01;dw02;dw03;dw04;dw05;dw06;dw07;dw08,dw06,145,1,2026-08-27T13:14:58.402+0200,dw07,5783,80,1973,87,-65,1972,2.71,2147483
ground-height-0m-20260825-163632,d020m_r090_run01.csv,0,20,90,dw00;dw01;dw02;dw03;dw04;dw05;dw06;dw07;dw08,dw00;dw01;dw02;dw03;dw04;dw05;dw06;dw07;dw08,dw06,165,1,2026-08-27T13:14:58.414+0200,dw08,028E,181,1973,80,-147,1968,2.65,2147483
ground-height-0m-20260825-163632,d020m_r090_run01.csv,0,20,90,dw00;dw01;dw02;dw03;dw04;dw05;dw06;dw07;dw08,dw00;dw01;dw02;dw03;dw04;dw05;dw06;dw07;dw08,dw06,15,1,2026-08-27T13:14:58.424+0200,dw00,8103,1,1974,-172,1154,1602,3.90,2147483
ground-height-0m-20260825-163632,d020m_r090_run01.csv,0,20,90,dw00;dw01;dw02;dw03;dw04;dw05;dw06;dw07;dw08,dw00;dw01;dw02;dw03;dw04;dw05;dw06;dw07;dw08,dw06,105,1,2026-08-27T13:14:58.464+0200,dw05,4B92,249,1974,52,-492,1912,3.78,2147483
ground-height-0m-20260825-163632,d020m_r090_run01.csv,0,20,90,dw00;dw01;dw02;dw03;dw04;dw05;dw06;dw07;dw08,dw00;dw01;dw02;dw03;dw04;dw05;dw06;dw07;dw08,dw06,75,1,2026-08-27T13:14:58.504+0200,dw03,021B,201,1966,-44,-1669,1037,3.27,12329
ground-height-0m-20260825-163632,d020m_r090_run01.csv,0,20,90,dw00;dw01;dw02;dw03;dw04;dw05;dw06;dw07;dw08,dw00;dw01;dw02;dw03;dw04;dw05;dw06;dw07;dw08,dw06,35,1,2026-08-27T13:14:58.534+0200,dw01,1729,174,1969,-133,1616,1124,3.51,42388
ground-height-0m-20260825-163632,d020m_r090_run01.csv,0,20,90,dw00;dw01;dw02;dw03;dw04;dw05;dw06;dw07;dw08,dw00;dw01;dw02;dw03;dw04;dw05;dw06;dw07;dw08,dw06,55,1,2026-08-27T13:14:58.544+0200,dw02,8FB0,41,1971,-103,1971,0,3.45,52368
ground-height-0m-20260825-163632,d020m_r090_run01.csv,0,20,90,dw00;dw01;dw02;dw03;dw04;dw05;dw06;dw07;dw08,dw00;dw01;dw02;dw03;dw04;dw05;dw06;dw07;dw08,dw06,90,1,2026-08-27T13:14:58.554+0200,dw04,0F85,41,1964,3,-1081,1639,4.02,62255
ground-height-0m-20260825-163632,d020m_r090_run01.csv,0,20,90,dw00;dw01;dw02;dw03;dw04;dw05;dw06;dw07;dw08,dw00;dw01;dw02;dw03;dw04;dw05;dw06;dw07;dw08,dw06,145,1,2026-08-27T13:14:58.584+0200,dw07,5783,246,1974,130,452,1922,3.06,2147483
ground-height-0m-20260825-163632,d020m_r090_run01.csv,0,20,90,dw00;dw01;dw02;dw03;dw04;dw05;dw06;dw07;dw08,dw00;dw01;dw02;dw03;dw04;dw05;dw06;dw07;dw08,dw06,165,1,2026-08-27T13:14:58.632+0200,dw08,028E,182,1972,24,-833,1787,2.59,40588
ground-height-0m-20260825-163632,d020m_r090_run01.csv,0,20,90,dw00;dw01;dw02;dw03;dw04;dw05;dw06;dw07;dw08,dw00;dw01;dw02;dw03;dw04;dw05;dw06;dw07;dw08,dw06,15,1,2026-08-27T13:14:58.642+0200,dw00,8103,2,1977,-163,1264,1520,3.90,50628
ground-height-0m-20260825-163632,d020m_r090_run01.csv,0,20,90,dw00;dw01;dw02;dw03;dw04;dw05;dw06;dw07;dw08,dw00;dw01;dw02;dw03;dw04;dw05;dw06;dw07;dw08,dw06,105,1,2026-08-27T13:14:58.682+0200,dw05,4B92,250,1971,41,-627,1869,3.78,90454
ground-height-0m-20260825-163632,d020m_r090_run01.csv,0,20,90,dw00;dw01;dw02;dw03;dw04;dw05;dw06;dw07;dw08,dw00;dw01;dw02;dw03;dw04;dw05;dw06;dw07;dw08,dw06,75,1,2026-08-27T13:14:58.704+0200,dw03,021B,202,1965,-48,-1706,974,3.15,12268
ground-height-0m-20260825-163632,d020m_r090_run01.csv,0,20,90,dw00;dw01;dw02;dw03;dw04;dw05;dw06;dw07;dw08,dw00;dw01;dw02;dw03;dw04;dw05;dw06;dw07;dw08,dw06,35,1,2026-08-27T13:14:58.734+0200,dw01,1729,175,1974,-135,1603,1152,3.51,42266
ground-height-0m-20260825-163632,d020m_r090_run01.csv,0,20,90,dw00;dw01;dw02;dw03;dw04;dw05;dw06;dw07;dw08,dw00;dw01;dw02;dw03;dw04;dw05;dw06;dw07;dw08,dw06,55,1,2026-08-27T13:14:58.744+0200,dw02,8FB0,42,1971,-92,1971,0,3.57,52276
ground-height-0m-20260825-163632,d020m_r090_run01.csv,0,20,90,dw00;dw01;dw02;dw03;dw04;dw05;dw06;dw07;dw08,dw00;dw01;dw02;dw03;dw04;dw05;dw06;dw07;dw08,dw06,90,1,2026-08-27T13:14:58.753+0200,dw04,0F85,42,1964,7,-1037,1668,3.96,62225
ground-height-0m-20260825-163632,d020m_r090_run01.csv,0,20,90,dw00;dw01;dw02;dw03;dw04;dw05;dw06;dw07;dw08,dw00;dw01;dw02;dw03;dw04;dw05;dw06;dw07;dw08,dw06,145,1,2026-08-27T13:14:58.784+0200,dw07,5783,247,1970,128,427,1923,3.01,2147483
ground-height-0m-20260825-163632,d020m_r090_run01.csv,0,20,90,dw00;dw01;dw02;dw03;dw04;dw05;dw06;dw07;dw08,dw00;dw01;dw02;dw03;dw04;dw05;dw06;dw07;dw08,dw06,165,1,2026-08-27T13:14:58.814+0200,dw08,028E,183,1967,10,-999,1695,2.59,22277
ground-height-0m-20260825-163632,d020m_r090_run01.csv,0,20,90,dw00;dw01;dw02;dw03;dw04;dw05;dw06;dw07;dw08,dw00;dw01;dw02;dw03;dw04;dw05;dw06;dw07;dw08,dw06,15,1,2026-08-27T13:14:58.824+0200,dw00,8103,3,1972,-158,1315,1470,3.78,32257
ground-height-0m-20260825-163632,d020m_r090_run01.csv,0,20,90,dw00;dw01;dw02;dw03;dw04;dw05;dw06;dw07;dw08,dw00;dw01;dw02;dw03;dw04;dw05;dw06;dw07;dw08,dw06,105,1,2026-08-27T13:14:58.864+0200,dw05,4B92,251,1973,41,-620,1873,3.78,72265
ground-height-0m-20260825-163632,d020m_r090_run01.csv,0,20,90,dw00;dw01;dw02;dw03;dw04;dw05;dw06;dw07;dw08,dw00;dw01;dw02;dw03;dw04;dw05;dw06;dw07;dw08,dw06,145,1,2026-08-27T13:14:58.899+0200,dw07,5783,82,1972,91,-12,1972,2.95,2147483
ground-height-0m-20260825-163632,d020m_r090_run01.csv,0,20,90,dw00;dw01;dw02;dw03;dw04;dw05;dw06;dw07;dw08,dw00;dw01;dw02;dw03;dw04;dw05;dw06;dw07;dw08,dw06,35,1,2026-08-27T13:14:58.934+0200,dw01,1729,176,1973,-133,1624,1120,3.45,2147483
ground-height-0m-20260825-163632,d020m_r090_run01.csv,0,20,90,dw00;dw01;dw02;dw03;dw04;dw05;dw06;dw07;dw08,dw00;dw01;dw02;dw03;dw04;dw05;dw06;dw07;dw08,dw06,55,1,2026-08-27T13:14:58.944+0200,dw02,8FB0,43,1977,-95,1977,0,3.57,2147483
ground-height-0m-20260825-163632,d020m_r090_run01.csv,0,20,90,dw00;dw01;dw02;dw03;dw04;dw05;dw06;dw07;dw08,dw00;dw01;dw02;dw03;dw04;dw05;dw06;dw07;dw08,dw06,90,1,2026-08-27T13:14:58.954+0200,dw04,0F85,43,1969,2,-1091,1639,3.90,2147483
ground-height-0m-20260825-163632,d020m_r090_run01.csv,0,20,90,dw00;dw01;dw02;dw03;dw04;dw05;dw06;dw07;dw08,dw00;dw01;dw02;dw03;dw04;dw05;dw06;dw07;dw08,dw06,145,1,2026-08-27T13:14:58.984+0200,dw07,5783,248,1973,123,370,1938,3.06,2147483
ground-height-0m-20260825-163632,d020m_r090_run01.csv,0,20,90,dw00;dw01;dw02;dw03;dw04;dw05;dw06;dw07;dw08,dw00;dw01;dw02;dw03;dw04;dw05;dw06;dw07;dw08,dw06,165,1,2026-08-27T13:14:59.015+0200,dw08,028E,184,1974,46,-565,1891,2.53,22277
ground-height-0m-20260825-163632,d020m_r090_run01.csv,0,20,90,dw00;dw01;dw02;dw03;dw04;dw05;dw06;dw07;dw08,dw00;dw01;dw02;dw03;dw04;dw05;dw06;dw07;dw08,dw06,15,1,2026-08-27T13:14:59.024+0200,dw00,8103,4,1975,-167,1207,1563,3.90,32226
ground-height-0m-20260825-163632,d020m_r090_run01.csv,0,20,90,dw00;dw01;dw02;dw03;dw04;dw05;dw06;dw07;dw08,dw00;dw01;dw02;dw03;dw04;dw05;dw06;dw07;dw08,dw06,105,1,2026-08-27T13:14:59.064+0200,dw05,4B92,252,1971,42,-611,1873,3.78,72265
ground-height-0m-20260825-163632,d020m_r090_run01.csv,0,20,90,dw00;dw01;dw02;dw03;dw04;dw05;dw06;dw07;dw08,dw00;dw01;dw02;dw03;dw04;dw05;dw06;dw07;dw08,dw06,75,1,2026-08-27T13:14:59.120+0200,dw03,021B,204,1965,-32,-1523,1241,3.27,27923
ground-height-0m-20260825-163632,d020m_r090_run01.csv,0,20,90,dw00;dw01;dw02;dw03;dw04;dw05;dw06;dw07;dw08,dw00;dw01;dw02;dw03;dw04;dw05;dw06;dw07;dw08,dw06,35,1,2026-08-27T13:14:59.153+0200,dw01,1729,177,1972,-140,1536,1237,3.45,61004
ground-height-0m-20260825-163632,d020m_r090_run01.csv,0,20,90,dw00;dw01;dw02;dw03;dw04;dw05;dw06;dw07;dw08,dw00;dw01;dw02;dw03;dw04;dw05;dw06;dw07;dw08,dw06,55,1,2026-08-27T13:14:59.163+0200,dw02,8FB0,44,1972,-80,-1972,0,3.39,71105
ground-height-0m-20260825-163632,d020m_r090_run01.csv,0,20,90,dw00;dw01;dw02;dw03;dw04;dw05;dw06;dw07;dw08,dw00;dw01;dw02;dw03;dw04;dw05;dw06;dw07;dw08,dw06,90,1,2026-08-27T13:14:59.172+0200,dw04,0F85,44,1965,-1,-1145,1596,3.90,80535
ground-height-0m-20260825-163632,d020m_r090_run01.csv,0,20,90,dw00;dw01;dw02;dw03;dw04;dw05;dw06;dw07;dw08,dw00;dw01;dw02;dw03;dw04;dw05;dw06;dw07;dw08,dw06,145,1,2026-08-27T13:14:59.184+0200,dw07,5783,83,1974,90,-30,1973,2.71,2147483
ground-height-0m-20260825-163632,d020m_r090_run01.csv,0,20,90,dw00;dw01;dw02;dw03;dw04;dw05;dw06;dw07;dw08,dw00;dw01;dw02;dw03;dw04;dw05;dw06;dw07;dw08,dw06,145,1,2026-08-27T13:14:59.203+0200,dw07,5783,249,1968,126,401,1926,3.01,2147483
ground-height-0m-20260825-163632,d020m_r090_run01.csv,0,20,90,dw00;dw01;dw02;dw03;dw04;dw05;dw06;dw07;dw08,dw00;dw01;dw02;dw03;dw04;dw05;dw06;dw07;dw08,dw06,165,1,2026-08-27T13:14:59.213+0200,dw08,028E,185,1975,3,-1093,1645,2.59,2147483
ground-height-0m-20260825-163632,d020m_r090_run01.csv,0,20,90,dw00;dw01;dw02;dw03;dw04;dw05;dw06;dw07;dw08,dw00;dw01;dw02;dw03;dw04;dw05;dw06;dw07;dw08,dw06,15,1,2026-08-27T13:14:59.224+0200,dw00,8103,5,1974,-160,1293,1491,3.96,2147483
ground-height-0m-20260825-163632,d020m_r090_run01.csv,0,20,90,dw00;dw01;dw02;dw03;dw04;dw05;dw06;dw07;dw08,dw00;dw01;dw02;dw03;dw04;dw05;dw06;dw07;dw08,dw06,105,1,2026-08-27T13:14:59.264+0200,dw05,4B92,253,1975,45,-581,1887,3.78,2147483
ground-height-0m-20260825-163632,d020m_r090_run01.csv,0,20,90,dw00;dw01;dw02;dw03;dw04;dw05;dw06;dw07;dw08,dw00;dw01;dw02;dw03;dw04;dw05;dw06;dw07;dw08,dw06,75,1,2026-08-27T13:14:59.304+0200,dw03,021B,205,1966,-46,-1686,1010,3.27,12298
ground-height-0m-20260825-163632,d020m_r090_run01.csv,0,20,90,dw00;dw01;dw02;dw03;dw04;dw05;dw06;dw07;dw08,dw00;dw01;dw02;dw03;dw04;dw05;dw06;dw07;dw08,dw06,35,1,2026-08-27T13:14:59.334+0200,dw01,1729,178,1972,-132,1632,1106,3.51,42327
ground-height-0m-20260825-163632,d020m_r090_run01.csv,0,20,90,dw00;dw01;dw02;dw03;dw04;dw05;dw06;dw07;dw08,dw00;dw01;dw02;dw03;dw04;dw05;dw06;dw07;dw08,dw06,55,1,2026-08-27T13:14:59.343+0200,dw02,8FB0,45,1973,-90,1973,0,3.51,52337
ground-height-0m-20260825-163632,d020m_r090_run01.csv,0,20,90,dw00;dw01;dw02;dw03;dw04;dw05;dw06;dw07;dw08,dw00;dw01;dw02;dw03;dw04;dw05;dw06;dw07;dw08,dw06,90,1,2026-08-27T13:14:59.354+0200,dw04,0F85,45,1964,2,-1091,1633,3.90,62255
ground-height-0m-20260825-163632,d020m_r090_run01.csv,0,20,90,dw00;dw01;dw02;dw03;dw04;dw05;dw06;dw07;dw08,dw00;dw01;dw02;dw03;dw04;dw05;dw06;dw07;dw08,dw06,145,1,2026-08-27T13:14:59.383+0200,dw07,5783,84,1975,92,-6,1975,2.71,2147483
ground-height-0m-20260825-163632,d020m_r090_run01.csv,0,20,90,dw00;dw01;dw02;dw03;dw04;dw05;dw06;dw07;dw08,dw00;dw01;dw02;dw03;dw04;dw05;dw06;dw07;dw08,dw06,165,1,2026-08-27T13:14:59.432+0200,dw08,028E,186,1978,98,66,1977,2.65,40557
ground-height-0m-20260825-163632,d020m_r090_run01.csv,0,20,90,dw00;dw01;dw02;dw03;dw04;dw05;dw06;dw07;dw08,dw00;dw01;dw02;dw03;dw04;dw05;dw06;dw07;dw08,dw06,15,1,2026-08-27T13:14:59.442+0200,dw00,8103,6,1982,-163,1264,1526,3.84,50567
ground-height-0m-20260825-163632,d020m_r090_run01.csv,0,20,90,dw00;dw01;dw02;dw03;dw04;dw05;dw06;dw07;dw08,dw00;dw01;dw02;dw03;dw04;dw05;dw06;dw07;dw08,dw06,105,1,2026-08-27T13:14:59.482+0200,dw05,4B92,254,1974,47,-549,1895,3.90,90484
ground-height-0m-20260825-163632,d020m_r090_run01.csv,0,20,90,dw00;dw01;dw02;dw03;dw04;dw05;dw06;dw07;dw08,dw00;dw01;dw02;dw03;dw04;dw05;dw06;dw07;dw08,dw06,75,1,2026-08-27T13:14:59.504+0200,dw03,021B,206,1959,-38,-1585,1151,3.15,12268
ground-height-0m-20260825-163632,d020m_r090_run01.csv,0,20,90,dw00;dw01;dw02;dw03;dw04;dw05;dw06;dw07;dw08,dw00;dw01;dw02;dw03;dw04;dw05;dw06;dw07;dw08,dw06,35,1,2026-08-27T13:14:59.534+0200,dw01,1729,179,1971,-140,1536,1235,3.45,42327
ground-height-0m-20260825-163632,d020m_r090_run01.csv,0,20,90,dw00;dw01;dw02;dw03;dw04;dw05;dw06;dw07;dw08,dw00;dw01;dw02;dw03;dw04;dw05;dw06;dw07;dw08,dw06,55,1,2026-08-27T13:14:59.544+0200,dw02,8FB0,46,1972,-88,1972,0,3.57,52337
ground-height-0m-20260825-163632,d020m_r090_run01.csv,0,20,90,dw00;dw01;dw02;dw03;dw04;dw05;dw06;dw07;dw08,dw00;dw01;dw02;dw03;dw04;dw05;dw06;dw07;dw08,dw06,90,1,2026-08-27T13:14:59.553+0200,dw04,0F85,46,1964,5,-1059,1654,4.02,62225
ground-height-0m-20260825-163632,d020m_r090_run01.csv,0,20,90,dw00;dw01;dw02;dw03;dw04;dw05;dw06;dw07;dw08,dw00;dw01;dw02;dw03;dw04;dw05;dw06;dw07;dw08,dw06,145,1,2026-08-27T13:14:59.584+0200,dw07,5783,85,1973,91,-20,1972,2.71,2147483
ground-height-0m-20260825-163632,d020m_r090_run01.csv,0,20,90,dw00;dw01;dw02;dw03;dw04;dw05;dw06;dw07;dw08,dw00;dw01;dw02;dw03;dw04;dw05;dw06;dw07;dw08,dw06,165,1,2026-08-27T13:14:59.614+0200,dw08,028E,187,1972,79,-164,1965,2.38,22308
ground-height-0m-20260825-163632,d020m_r090_run01.csv,0,20,90,dw00;dw01;dw02;dw03;dw04;dw05;dw06;dw07;dw08,dw00;dw01;dw02;dw03;dw04;dw05;dw06;dw07;dw08,dw06,15,1,2026-08-27T13:14:59.624+0200,dw00,8103,7,1976,-163,1259,1523,3.84,32257
ground-height-0m-20260825-163632,d020m_r090_run01.csv,0,20,90,dw00;dw01;dw02;dw03;dw04;dw05;dw06;dw07;dw08,dw00;dw01;dw02;dw03;dw04;dw05;dw06;dw07;dw08,dw06,105,1,2026-08-27T13:14:59.664+0200,dw05,4B92,255,1972,50,-517,1903,3.78,72296
ground-height-0m-20260825-163632,d020m_r090_run01.csv,0,20,90,dw00;dw01;dw02;dw03;dw04;dw05;dw06;dw07;dw08,dw00;dw01;dw02;dw03;dw04;dw05;dw06;dw07;dw08,dw06,35,1,2026-08-27T13:14:59.735+0200,dw01,1729,180,1971,-112,1873,613,3.45,2147483
ground-height-0m-20260825-163632,d020m_r090_run01.csv,0,20,90,dw00;dw01;dw02;dw03;dw04;dw05;dw06;dw07;dw08,dw00;dw01;dw02;dw03;dw04;dw05;dw06;dw07;dw08,dw06,55,1,2026-08-27T13:14:59.744+0200,dw02,8FB0,47,1975,-100,1975,0,3.45,2147483
ground-height-0m-20260825-163632,d020m_r090_run01.csv,0,20,90,dw00;dw01;dw02;dw03;dw04;dw05;dw06;dw07;dw08,dw00;dw01;dw02;dw03;dw04;dw05;dw06;dw07;dw08,dw06,90,1,2026-08-27T13:14:59.754+0200,dw04,0F85,47,1964,3,-1077,1642,3.90,2147483
ground-height-0m-20260825-163632,d020m_r090_run01.csv,0,20,90,dw00;dw01;dw02;dw03;dw04;dw05;dw06;dw07;dw08,dw00;dw01;dw02;dw03;dw04;dw05;dw06;dw07;dw08,dw06,165,1,2026-08-27T13:14:59.815+0200,dw08,028E,188,1974,89,-44,1973,2.53,22247
ground-height-0m-20260825-163632,d020m_r090_run01.csv,0,20,90,dw00;dw01;dw02;dw03;dw04;dw05;dw06;dw07;dw08,dw00;dw01;dw02;dw03;dw04;dw05;dw06;dw07;dw08,dw06,15,1,2026-08-27T13:14:59.825+0200,dw00,8103,8,1972,-149,1428,1360,3.90,32257
ground-height-0m-20260825-163632,d020m_r090_run01.csv,0,20,90,dw00;dw01;dw02;dw03;dw04;dw05;dw06;dw07;dw08,dw00;dw01;dw02;dw03;dw04;dw05;dw06;dw07;dw08,dw06,105,1,2026-08-27T13:14:59.865+0200,dw05,4B92,0,1971,50,-512,1903,3.69,72265
ground-height-0m-20260825-163632,d020m_r090_run01.csv,0,20,90,dw00;dw01;dw02;dw03;dw04;dw05;dw06;dw07;dw08,dw00;dw01;dw02;dw03;dw04;dw05;dw06;dw07;dw08,dw06,75,1,2026-08-27T13:14:59.920+0200,dw03,021B,208,1968,-44,-1667,1046,3.33,27862
ground-height-0m-20260825-163632,d020m_r090_run01.csv,0,20,90,dw00;dw01;dw02;dw03;dw04;dw05;dw06;dw07;dw08,dw00;dw01;dw02;dw03;dw04;dw05;dw06;dw07;dw08,dw06,35,1,2026-08-27T13:14:59.953+0200,dw01,1729,181,1975,-139,1556,1216,3.57,60974
ground-height-0m-20260825-163632,d020m_r090_run01.csv,0,20,90,dw00;dw01;dw02;dw03;dw04;dw05;dw06;dw07;dw08,dw00;dw01;dw02;dw03;dw04;dw05;dw06;dw07;dw08,dw06,55,1,2026-08-27T13:14:59.963+0200,dw02,8FB0,48,1975,-99,1975,0,3.39,71044
ground-height-0m-20260825-163632,d020m_r090_run01.csv,0,20,90,dw00;dw01;dw02;dw03;dw04;dw05;dw06;dw07;dw08,dw00;dw01;dw02;dw03;dw04;dw05;dw06;dw07;dw08,dw06,90,1,2026-08-27T13:14:59.973+0200,dw04,0F85,48,1966,0,-1124,1612,4.02,80535
ground-height-0m-20260825-163632,d020m_r090_run01.csv,0,20,90,dw00;dw01;dw02;dw03;dw04;dw05;dw06;dw07;dw08,dw00;dw01;dw02;dw03;dw04;dw05;dw06;dw07;dw08,dw06,165,1,2026-08-27T13:15:00.014+0200,dw08,028E,189,1971,77,-182,1963,2.59,2147483
ground-height-0m-20260825-163632,d020m_r090_run01.csv,0,20,90,dw00;dw01;dw02;dw03;dw04;dw05;dw06;dw07;dw08,dw00;dw01;dw02;dw03;dw04;dw05;dw06;dw07;dw08,dw06,15,1,2026-08-27T13:15:00.025+0200,dw00,8103,9,1976,-163,1264,1519,3.96,2147483
ground-height-0m-20260825-163632,d020m_r090_run01.csv,0,20,90,dw00;dw01;dw02;dw03;dw04;dw05;dw06;dw07;dw08,dw00;dw01;dw02;dw03;dw04;dw05;dw06;dw07;dw08,dw06,105,1,2026-08-27T13:15:00.065+0200,dw05,4B92,1,1971,45,-578,1884,3.78,2147483
ground-height-0m-20260825-163632,d020m_r090_run01.csv,0,20,90,dw00;dw01;dw02;dw03;dw04;dw05;dw06;dw07;dw08,dw00;dw01;dw02;dw03;dw04;dw05;dw06;dw07;dw08,dw06,75,1,2026-08-27T13:15:00.105+0200,dw03,021B,209,1962,-45,-1671,1028,3.27,12298
ground-height-0m-20260825-163632,d020m_r090_run01.csv,0,20,90,dw00;dw01;dw02;dw03;dw04;dw05;dw06;dw07;dw08,dw00;dw01;dw02;dw03;dw04;dw05;dw06;dw07;dw08,dw06,35,1,2026-08-27T13:15:00.134+0200,dw01,1729,182,1974,-134,1615,1134,3.51,42358
ground-height-0m-20260825-163632,d020m_r090_run01.csv,0,20,90,dw00;dw01;dw02;dw03;dw04;dw05;dw06;dw07;dw08,dw00;dw01;dw02;dw03;dw04;dw05;dw06;dw07;dw08,dw06,55,1,2026-08-27T13:15:00.144+0200,dw02,8FB0,49,1973,-90,1973,0,3.51,52337
ground-height-0m-20260825-163632,d020m_r090_run01.csv,0,20,90,dw00;dw01;dw02;dw03;dw04;dw05;dw06;dw07;dw08,dw00;dw01;dw02;dw03;dw04;dw05;dw06;dw07;dw08,dw06,90,1,2026-08-27T13:15:00.155+0200,dw04,0F85,49,1967,5,-1058,1658,4.02,62255
ground-height-0m-20260825-163632,d020m_r090_run01.csv,0,20,90,dw00;dw01;dw02;dw03;dw04;dw05;dw06;dw07;dw08,dw00;dw01;dw02;dw03;dw04;dw05;dw06;dw07;dw08,dw06,15,1,2026-08-27T13:15:00.242+0200,dw00,8103,10,1977,-160,1292,1496,3.90,50537
ground-height-0m-20260825-163632,d020m_r090_run01.csv,0,20,90,dw00;dw01;dw02;dw03;dw04;dw05;dw06;dw07;dw08,dw00;dw01;dw02;dw03;dw04;dw05;dw06;dw07;dw08,dw06,105,1,2026-08-27T13:15:00.283+0200,dw05,4B92,2,1968,54,-463,1913,3.72,90606
ground-height-0m-20260825-163632,d020m_r090_run01.csv,0,20,90,dw00;dw01;dw02;dw03;dw04;dw05;dw06;dw07;dw08,dw00;dw01;dw02;dw03;dw04;dw05;dw06;dw07;dw08,dw06,75,1,2026-08-27T13:15:00.304+0200,dw03,021B,210,1966,-39,-1609,1130,3.27,12298
ground-height-0m-20260825-163632,d020m_r090_run01.csv,0,20,90,dw00;dw01;dw02;dw03;dw04;dw05;dw06;dw07;dw08,dw00;dw01;dw02;dw03;dw04;dw05;dw06;dw07;dw08,dw06,35,1,2026-08-27T13:15:00.334+0200,dw01,1729,183,1969,-142,1512,1261,3.45,42327
ground-height-0m-20260825-163632,d020m_r090_run01.csv,0,20,90,dw00;dw01;dw02;dw03;dw04;dw05;dw06;dw07;dw08,dw00;dw01;dw02;dw03;dw04;dw05;dw06;dw07;dw08,dw06,55,1,2026-08-27T13:15:00.344+0200,dw02,8FB0,50,1973,-97,1973,0,3.57,52337
ground-height-0m-20260825-163632,d020m_r090_run01.csv,0,20,90,dw00;dw01;dw02;dw03;dw04;dw05;dw06;dw07;dw08,dw00;dw01;dw02;dw03;dw04;dw05;dw06;dw07;dw08,dw06,90,1,2026-08-27T13:15:00.354+0200,dw04,0F85,50,1965,2,-1090,1634,3.90,62225
ground-height-0m-20260825-163632,d020m_r090_run01.csv,0,20,90,dw00;dw01;dw02;dw03;dw04;dw05;dw06;dw07;dw08,dw00;dw01;dw02;dw03;dw04;dw05;dw06;dw07;dw08,dw06,15,1,2026-08-27T13:15:00.424+0200,dw00,8103,11,1977,-169,1184,1584,3.84,32287
ground-height-0m-20260825-163632,d020m_r090_run01.csv,0,20,90,dw00;dw01;dw02;dw03;dw04;dw05;dw06;dw07;dw08,dw00;dw01;dw02;dw03;dw04;dw05;dw06;dw07;dw08,dw06,165,1,2026-08-27T13:15:00.448+0200,dw08,028E,191,1973,-111,1885,580,2.77,56182
ground-height-0m-20260825-163632,d020m_r090_run01.csv,0,20,90,dw00;dw01;dw02;dw03;dw04;dw05;dw06;dw07;dw08,dw00;dw01;dw02;dw03;dw04;dw05;dw06;dw07;dw08,dw06,105,1,2026-08-27T13:15:00.464+0200,dw05,4B92,3,1973,41,-628,1870,3.78,72265
ground-height-0m-20260825-163632,d020m_r090_run01.csv,0,20,90,dw00;dw01;dw02;dw03;dw04;dw05;dw06;dw07;dw08,dw00;dw01;dw02;dw03;dw04;dw05;dw06;dw07;dw08,dw06,35,1,2026-08-27T13:15:00.534+0200,dw01,1729,184,1971,-134,1614,1131,3.45,2147483
ground-height-0m-20260825-163632,d020m_r090_run01.csv,0,20,90,dw00;dw01;dw02;dw03;dw04;dw05;dw06;dw07;dw08,dw00;dw01;dw02;dw03;dw04;dw05;dw06;dw07;dw08,dw06,55,1,2026-08-27T13:15:00.544+0200,dw02,8FB0,51,1974,-92,1974,0,3.39,2147483
ground-height-0m-20260825-163632,d020m_r090_run01.csv,0,20,90,dw00;dw01;dw02;dw03;dw04;dw05;dw06;dw07;dw08,dw00;dw01;dw02;dw03;dw04;dw05;dw06;dw07;dw08,dw06,90,1,2026-08-27T13:15:00.554+0200,dw04,0F85,51,1965,2,-1090,1635,3.90,2147483
ground-height-0m-20260825-163632,d020m_r090_run01.csv,0,20,90,dw00;dw01;dw02;dw03;dw04;dw05;dw06;dw07;dw08,dw00;dw01;dw02;dw03;dw04;dw05;dw06;dw07;dw08,dw06,15,1,2026-08-27T13:15:00.624+0200,dw00,8103,12,1974,-153,1385,1406,3.84,32287
ground-height-0m-20260825-163632,d020m_r090_run01.csv,0,20,90,dw00;dw01;dw02;dw03;dw04;dw05;dw06;dw07;dw08,dw00;dw01;dw02;dw03;dw04;dw05;dw06;dw07;dw08,dw06,105,1,2026-08-27T13:15:00.664+0200,dw05,4B92,4,1970,39,-646,1861,3.72,72265
ground-height-0m-20260825-163632,d020m_r090_run01.csv,0,20,90,dw00;dw01;dw02;dw03;dw04;dw05;dw06;dw07;dw08,dw00;dw01;dw02;dw03;dw04;dw05;dw06;dw07;dw08,dw06,165,1,2026-08-27T13:15:00.715+0200,dw08,028E,192,1970,-158,1312,1469,2.53,22277
ground-height-0m-20260825-163632,d020m_r090_run01.csv,0,20,90,dw00;dw01;dw02;dw03;dw04;dw05;dw06;dw07;dw08,dw00;dw01;dw02;dw03;dw04;dw05;dw06;dw07;dw08,dw06,35,1,2026-08-27T13:15:00.753+0200,dw01,1729,185,1971,-127,1698,999,3.45,60943
ground-height-0m-20260825-163632,d020m_r090_run01.csv,0,20,90,dw00;dw01;dw02;dw03;dw04;dw05;dw06;dw07;dw08,dw00;dw01;dw02;dw03;dw04;dw05;dw06;dw07;dw08,dw06,55,1,2026-08-27T13:15:00.763+0200,dw02,8FB0,52,1970,-94,1970,0,3.39,71044
ground-height-0m-20260825-163632,d020m_r090_run01.csv,0,20,90,dw00;dw01;dw02;dw03;dw04;dw05;dw06;dw07;dw08,dw00;dw01;dw02;dw03;dw04;dw05;dw06;dw07;dw08,dw06,90,1,2026-08-27T13:15:00.773+0200,dw04,0F85,52,1963,2,-1095,1629,3.90,80566
ground-height-0m-20260825-163632,d020m_r090_run01.csv,0,20,90,dw00;dw01;dw02;dw03;dw04;dw05;dw06;dw07;dw08,dw00;dw01;dw02;dw03;dw04;dw05;dw06;dw07;dw08,dw06,15,1,2026-08-27T13:15:00.823+0200,dw00,8103,13,1975,-152,1393,1400,3.90,2147483
ground-height-0m-20260825-163632,d020m_r090_run01.csv,0,20,90,dw00;dw01;dw02;dw03;dw04;dw05;dw06;dw07;dw08,dw00;dw01;dw02;dw03;dw04;dw05;dw06;dw07;dw08,dw06,105,1,2026-08-27T13:15:00.864+0200,dw05,4B92,5,1973,57,-435,1924,3.69,2147483
ground-height-0m-20260825-163632,d020m_r090_run01.csv,0,20,90,dw00;dw01;dw02;dw03;dw04;dw05;dw06;dw07;dw08,dw00;dw01;dw02;dw03;dw04;dw05;dw06;dw07;dw08,dw06,75,1,2026-08-27T13:15:00.905+0200,dw03,021B,213,1962,-39,-1596,1141,3.15,12329
ground-height-0m-20260825-163632,d020m_r090_run01.csv,0,20,90,dw00;dw01;dw02;dw03;dw04;dw05;dw06;dw07;dw08,dw00;dw01;dw02;dw03;dw04;dw05;dw06;dw07;dw08,dw06,165,1,2026-08-27T13:15:00.914+0200,dw08,028E,193,1972,-8,-1228,1543,2.50,22277
ground-height-0m-20260825-163632,d020m_r090_run01.csv,0,20,90,dw00;dw01;dw02;dw03;dw04;dw05;dw06;dw07;dw08,dw00;dw01;dw02;dw03;dw04;dw05;dw06;dw07;dw08,dw06,35,1,2026-08-27T13:15:00.934+0200,dw01,1729,186,1969,-132,1631,1104,3.57,42358
ground-height-0m-20260825-163632,d020m_r090_run01.csv,0,20,90,dw00;dw01;dw02;dw03;dw04;dw05;dw06;dw07;dw08,dw00;dw01;dw02;dw03;dw04;dw05;dw06;dw07;dw08,dw06,55,1,2026-08-27T13:15:00.944+0200,dw02,8FB0,53,1973,-98,1973,0,3.39,52337
ground-height-0m-20260825-163632,d020m_r090_run01.csv,0,20,90,dw00;dw01;dw02;dw03;dw04;dw05;dw06;dw07;dw08,dw00;dw01;dw02;dw03;dw04;dw05;dw06;dw07;dw08,dw06,90,1,2026-08-27T13:15:00.954+0200,dw04,0F85,53,1967,9,-1011,1687,3.90,62286
ground-height-0m-20260825-163632,d020m_r090_run01.csv,0,20,90,dw00;dw01;dw02;dw03;dw04;dw05;dw06;dw07;dw08,dw00;dw01;dw02;dw03;dw04;dw05;dw06;dw07;dw08,dw06,15,1,2026-08-27T13:15:01.042+0200,dw00,8103,14,1975,-164,1247,1531,3.90,50537
ground-height-0m-20260825-163632,d020m_r090_run01.csv,0,20,90,dw00;dw01;dw02;dw03;dw04;dw05;dw06;dw07;dw08,dw00;dw01;dw02;dw03;dw04;dw05;dw06;dw07;dw08,dw06,105,1,2026-08-27T13:15:01.082+0200,dw05,4B92,6,1969,54,-468,1912,3.69,90484
ground-height-0m-20260825-163632,d020m_r090_run01.csv,0,20,90,dw00;dw01;dw02;dw03;dw04;dw05;dw06;dw07;dw08,dw00;dw01;dw02;dw03;dw04;dw05;dw06;dw07;dw08,dw06,75,1,2026-08-27T13:15:01.104+0200,dw03,021B,214,1963,-37,-1575,1171,3.09,12268
ground-height-0m-20260825-163632,d020m_r090_run01.csv,0,20,90,dw00;dw01;dw02;dw03;dw04;dw05;dw06;dw07;dw08,dw00;dw01;dw02;dw03;dw04;dw05;dw06;dw07;dw08,dw06,165,1,2026-08-27T13:15:01.113+0200,dw08,028E,194,1971,6,-1050,1668,2.59,22247
ground-height-0m-20260825-163632,d020m_r090_run01.csv,0,20,90,dw00;dw01;dw02;dw03;dw04;dw05;dw06;dw07;dw08,dw00;dw01;dw02;dw03;dw04;dw05;dw06;dw07;dw08,dw06,35,1,2026-08-27T13:15:01.134+0200,dw01,1729,187,1969,-136,1582,1173,3.57,42327
ground-height-0m-20260825-163632,d020m_r090_run01.csv,0,20,90,dw00;dw01;dw02;dw03;dw04;dw05;dw06;dw07;dw08,dw00;dw01;dw02;dw03;dw04;dw05;dw06;dw07;dw08,dw06,55,1,2026-08-27T13:15:01.144+0200,dw02,8FB0,54,1975,-90,1975,0,3.45,52337
ground-height-0m-20260825-163632,d020m_r090_run01.csv,0,20,90,dw00;dw01;dw02;dw03;dw04;dw05;dw06;dw07;dw08,dw00;dw01;dw02;dw03;dw04;dw05;dw06;dw07;dw08,dw06,90,1,2026-08-27T13:15:01.154+0200,dw04,0F85,54,1963,2,-1097,1628,4.02,62194
ground-height-0m-20260825-163632,d020m_r090_run01.csv,0,20,90,dw00;dw01;dw02;dw03;dw04;dw05;dw06;dw07;dw08,dw00;dw01;dw02;dw03;dw04;dw05;dw06;dw07;dw08,dw06,15,1,2026-08-27T13:15:01.224+0200,dw00,8103,15,1976,-155,1353,1439,3.78,32257
ground-height-0m-20260825-163632,d020m_r090_run01.csv,0,20,90,dw00;dw01;dw02;dw03;dw04;dw05;dw06;dw07;dw08,dw00;dw01;dw02;dw03;dw04;dw05;dw06;dw07;dw08,dw06,105,1,2026-08-27T13:15:01.264+0200,dw05,4B92,7,1971,44,-590,1881,3.69,72265
ground-height-0m-20260825-163632,d020m_r090_run01.csv,0,20,90,dw00;dw01;dw02;dw03;dw04;dw05;dw06;dw07;dw08,dw00;dw01;dw02;dw03;dw04;dw05;dw06;dw07;dw08,dw06,165,1,2026-08-27T13:15:01.314+0200,dw08,028E,195,1972,-30,-1494,1287,2.38,2147483
ground-height-0m-20260825-163632,d020m_r090_run01.csv,0,20,90,dw00;dw01;dw02;dw03;dw04;dw05;dw06;dw07;dw08,dw00;dw01;dw02;dw03;dw04;dw05;dw06;dw07;dw08,dw06,35,1,2026-08-27T13:15:01.334+0200,dw01,1729,188,1976,-120,1779,860,3.63,2147483
ground-height-0m-20260825-163632,d020m_r090_run01.csv,0,20,90,dw00;dw01;dw02;dw03;dw04;dw05;dw06;dw07;dw08,dw00;dw01;dw02;dw03;dw04;dw05;dw06;dw07;dw08,dw06,55,1,2026-08-27T13:15:01.344+0200,dw02,8FB0,55,1972,-99,1972,0,3.45,2147483
ground-height-0m-20260825-163632,d020m_r090_run01.csv,0,20,90,dw00;dw01;dw02;dw03;dw04;dw05;dw06;dw07;dw08,dw00;dw01;dw02;dw03;dw04;dw05;dw06;dw07;dw08,dw06,90,1,2026-08-27T13:15:01.354+0200,dw04,0F85,55,1965,4,-1075,1644,4.02,2147483
ground-height-0m-20260825-163632,d020m_r090_run01.csv,0,20,90,dw00;dw01;dw02;dw03;dw04;dw05;dw06;dw07;dw08,dw00;dw01;dw02;dw03;dw04;dw05;dw06;dw07;dw08,dw06,15,1,2026-08-27T13:15:01.424+0200,dw00,8103,16,1974,-155,1350,1439,3.84,32257
ground-height-0m-20260825-163632,d020m_r090_run01.csv,0,20,90,dw00;dw01;dw02;dw03;dw04;dw05;dw06;dw07;dw08,dw00;dw01;dw02;dw03;dw04;dw05;dw06;dw07;dw08,dw06,105,1,2026-08-27T13:15:01.464+0200,dw05,4B92,8,1974,46,-567,1891,3.72,72235
ground-height-0m-20260825-163632,d020m_r090_run01.csv,0,20,90,dw00;dw01;dw02;dw03;dw04;dw05;dw06;dw07;dw08,dw00;dw01;dw02;dw03;dw04;dw05;dw06;dw07;dw08,dw06,75,1,2026-08-27T13:15:01.520+0200,dw03,021B,216,1965,-34,-1544,1214,3.33,27862
ground-height-0m-20260825-163632,d020m_r090_run01.csv,0,20,90,dw00;dw01;dw02;dw03;dw04;dw05;dw06;dw07;dw08,dw00;dw01;dw02;dw03;dw04;dw05;dw06;dw07;dw08,dw06,35,1,2026-08-27T13:15:01.553+0200,dw01,1729,189,1971,-150,1414,1373,3.57,60943
ground-height-0m-20260825-163632,d020m_r090_run01.csv,0,20,90,dw00;dw01;dw02;dw03;dw04;dw05;dw06;dw07;dw08,dw00;dw01;dw02;dw03;dw04;dw05;dw06;dw07;dw08,dw06,55,1,2026-08-27T13:15:01.563+0200,dw02,8FB0,56,1972,-102,1972,0,3.51,71044
ground-height-0m-20260825-163632,d020m_r090_run01.csv,0,20,90,dw00;dw01;dw02;dw03;dw04;dw05;dw06;dw07;dw08,dw00;dw01;dw02;dw03;dw04;dw05;dw06;dw07;dw08,dw06,90,1,2026-08-27T13:15:01.572+0200,dw04,0F85,56,1969,0,-1124,1617,4.02,80566
ground-height-0m-20260825-163632,d020m_r090_run01.csv,0,20,90,dw00;dw01;dw02;dw03;dw04;dw05;dw06;dw07;dw08,dw00;dw01;dw02;dw03;dw04;dw05;dw06;dw07;dw08,dw06,15,1,2026-08-27T13:15:01.624+0200,dw00,8103,17,1977,-164,1243,1537,3.90,2147483
ground-height-0m-20260825-163632,d020m_r090_run01.csv,0,20,90,dw00;dw01;dw02;dw03;dw04;dw05;dw06;dw07;dw08,dw00;dw01;dw02;dw03;dw04;dw05;dw06;dw07;dw08,dw06,105,1,2026-08-27T13:15:01.664+0200,dw05,4B92,9,1971,46,-566,1888,3.69,2147483
ground-height-0m-20260825-163632,d020m_r090_run01.csv,0,20,90,dw00;dw01;dw02;dw03;dw04;dw05;dw06;dw07;dw08,dw00;dw01;dw02;dw03;dw04;dw05;dw06;dw07;dw08,dw06,75,1,2026-08-27T13:15:01.704+0200,dw03,021B,217,1962,-38,-1585,1156,3.27,12329
ground-height-0m-20260825-163632,d020m_r090_run01.csv,0,20,90,dw00;dw01;dw02;dw03;dw04;dw05;dw06;dw07;dw08,dw00;dw01;dw02;dw03;dw04;dw05;dw06;dw07;dw08,dw06,35,1,2026-08-27T13:15:01.734+0200,dw01,1729,190,1972,-131,1650,1081,3.57,42327
ground-height-0m-20260825-163632,d020m_r090_run01.csv,0,20,90,dw00;dw01;dw02;dw03;dw04;dw05;dw06;dw07;dw08,dw00;dw01;dw02;dw03;dw04;dw05;dw06;dw07;dw08,dw06,55,1,2026-08-27T13:15:01.743+0200,dw02,8FB0,57,1972,-94,1972,0,3.57,52337
ground-height-0m-20260825-163632,d020m_r090_run01.csv,0,20,90,dw00;dw01;dw02;dw03;dw04;dw05;dw06;dw07;dw08,dw00;dw01;dw02;dw03;dw04;dw05;dw06;dw07;dw08,dw06,90,1,2026-08-27T13:15:01.754+0200,dw04,0F85,57,1968,4,-1077,1647,3.84,62255
ground-height-0m-20260825-163632,d020m_r090_run01.csv,0,20,90,dw00;dw01;dw02;dw03;dw04;dw05;dw06;dw07;dw08,dw00;dw01;dw02;dw03;dw04;dw05;dw06;dw07;dw08,dw06,15,1,2026-08-27T13:15:01.842+0200,dw00,8103,18,1974,-160,1289,1495,3.78,50598
ground-height-0m-20260825-163632,d020m_r090_run01.csv,0,20,90,dw00;dw01;dw02;dw03;dw04;dw05;dw06;dw07;dw08,dw00;dw01;dw02;dw03;dw04;dw05;dw06;dw07;dw08,dw06,105,1,2026-08-27T13:15:01.882+0200,dw05,4B92,10,1972,44,-590,1882,3.69,90484
ground-height-0m-20260825-163632,d020m_r090_run01.csv,0,20,90,dw00;dw01;dw02;dw03;dw04;dw05;dw06;dw07;dw08,dw00;dw01;dw02;dw03;dw04;dw05;dw06;dw07;dw08,dw06,75,1,2026-08-27T13:15:01.903+0200,dw03,021B,218,1965,-46,-1688,1004,3.15,12268
ground-height-0m-20260825-163632,d020m_r090_run01.csv,0,20,90,dw00;dw01;dw02;dw03;dw04;dw05;dw06;dw07;dw08,dw00;dw01;dw02;dw03;dw04;dw05;dw06;dw07;dw08,dw06,35,1,2026-08-27T13:15:01.934+0200,dw01,1729,191,1970,-141,1518,1255,3.51,42297
ground-height-0m-20260825-163632,d020m_r090_run01.csv,0,20,90,dw00;dw01;dw02;dw03;dw04;dw05;dw06;dw07;dw08,dw00;dw01;dw02;dw03;dw04;dw05;dw06;dw07;dw08,dw06,55,1,2026-08-27T13:15:01.943+0200,dw02,8FB0,58,1975,-100,1975,0,3.39,52337
ground-height-0m-20260825-163632,d020m_r090_run01.csv,0,20,90,dw00;dw01;dw02;dw03;dw04;dw05;dw06;dw07;dw08,dw00;dw01;dw02;dw03;dw04;dw05;dw06;dw07;dw08,dw06,90,1,2026-08-27T13:15:01.953+0200,dw04,0F85,58,1966,-2,-1161,1586,3.96,62225
ground-height-0m-20260825-163632,d020m_r090_run01.csv,0,20,90,dw00;dw01;dw02;dw03;dw04;dw05;dw06;dw07;dw08,dw00;dw01;dw02;dw03;dw04;dw05;dw06;dw07;dw08,dw06,165,1,2026-08-27T13:15:01.963+0200,dw08,028E,198,1974,-160,1294,1491,2.65,71807
ground-height-0m-20260825-163632,d020m_r090_run01.csv,0,20,90,dw00;dw01;dw02;dw03;dw04;dw05;dw06;dw07;dw08,dw00;dw01;dw02;dw03;dw04;dw05;dw06;dw07;dw08,dw06,15,1,2026-08-27T13:15:02.024+0200,dw00,8103,19,1972,-160,1297,1485,3.78,32318
ground-height-0m-20260825-163632,d020m_r090_run01.csv,0,20,90,dw00;dw01;dw02;dw03;dw04;dw05;dw06;dw07;dw08,dw00;dw01;dw02;dw03;dw04;dw05;dw06;dw07;dw08,dw06,105,1,2026-08-27T13:15:02.064+0200,dw05,4B92,11,1972,46,-569,1888,3.69,72265
ground-height-0m-20260825-163632,d020m_r090_run01.csv,0,20,90,dw00;dw01;dw02;dw03;dw04;dw05;dw06;dw07;dw08,dw00;dw01;dw02;dw03;dw04;dw05;dw06;dw07;dw08,dw06,35,1,2026-08-27T13:15:02.134+0200,dw01,1729,192,1973,-130,1663,1062,3.57,2147483
ground-height-0m-20260825-163632,d020m_r090_run01.csv,0,20,90,dw00;dw01;dw02;dw03;dw04;dw05;dw06;dw07;dw08,dw00;dw01;dw02;dw03;dw04;dw05;dw06;dw07;dw08,dw06,55,1,2026-08-27T13:15:02.144+0200,dw02,8FB0,59,1974,-96,1974,0,3.51,2147483
ground-height-0m-20260825-163632,d020m_r090_run01.csv,0,20,90,dw00;dw01;dw02;dw03;dw04;dw05;dw06;dw07;dw08,dw00;dw01;dw02;dw03;dw04;dw05;dw06;dw07;dw08,dw06,90,1,2026-08-27T13:15:02.153+0200,dw04,0F85,59,1965,-3,-1169,1580,3.90,2147483
ground-height-0m-20260825-163632,d020m_r090_run01.csv,0,20,90,dw00;dw01;dw02;dw03;dw04;dw05;dw06;dw07;dw08,dw00;dw01;dw02;dw03;dw04;dw05;dw06;dw07;dw08,dw06,165,1,2026-08-27T13:15:02.214+0200,dw08,028E,199,1970,13,-969,1715,2.59,22277
ground-height-0m-20260825-163632,d020m_r090_run01.csv,0,20,90,dw00;dw01;dw02;dw03;dw04;dw05;dw06;dw07;dw08,dw00;dw01;dw02;dw03;dw04;dw05;dw06;dw07;dw08,dw06,15,1,2026-08-27T13:15:02.224+0200,dw00,8103,20,1974,-151,1403,1389,3.90,32196
ground-height-0m-20260825-163632,d020m_r090_run01.csv,0,20,90,dw00;dw01;dw02;dw03;dw04;dw05;dw06;dw07;dw08,dw00;dw01;dw02;dw03;dw04;dw05;dw06;dw07;dw08,dw06,105,1,2026-08-27T13:15:02.264+0200,dw05,4B92,12,1971,32,-738,1828,3.78,72296
ground-height-0m-20260825-163632,d020m_r090_run01.csv,0,20,90,dw00;dw01;dw02;dw03;dw04;dw05;dw06;dw07;dw08,dw00;dw01;dw02;dw03;dw04;dw05;dw06;dw07;dw08,dw06,75,1,2026-08-27T13:15:02.319+0200,dw03,021B,220,1962,-39,-1599,1137,3.33,27923
ground-height-0m-20260825-163632,d020m_r090_run01.csv,0,20,90,dw00;dw01;dw02;dw03;dw04;dw05;dw06;dw07;dw08,dw00;dw01;dw02;dw03;dw04;dw05;dw06;dw07;dw08,dw06,35,1,2026-08-27T13:15:02.353+0200,dw01,1729,193,1971,-139,1545,1224,3.57,60943
ground-height-0m-20260825-163632,d020m_r090_run01.csv,0,20,90,dw00;dw01;dw02;dw03;dw04;dw05;dw06;dw07;dw08,dw00;dw01;dw02;dw03;dw04;dw05;dw06;dw07;dw08,dw06,55,1,2026-08-27T13:15:02.363+0200,dw02,8FB0,60,1972,-105,1961,200,3.57,71044
ground-height-0m-20260825-163632,d020m_r090_run01.csv,0,20,90,dw00;dw01;dw02;dw03;dw04;dw05;dw06;dw07;dw08,dw00;dw01;dw02;dw03;dw04;dw05;dw06;dw07;dw08,dw06,90,1,2026-08-27T13:15:02.372+0200,dw04,0F85,60,1966,3,-1088,1638,3.96,80566
ground-height-0m-20260825-163632,d020m_r090_run01.csv,0,20,90,dw00;dw01;dw02;dw03;dw04;dw05;dw06;dw07;dw08,dw00;dw01;dw02;dw03;dw04;dw05;dw06;dw07;dw08,dw06,165,1,2026-08-27T13:15:02.413+0200,dw08,028E,200,1972,16,-926,1740,2.53,2147483
ground-height-0m-20260825-163632,d020m_r090_run01.csv,0,20,90,dw00;dw01;dw02;dw03;dw04;dw05;dw06;dw07;dw08,dw00;dw01;dw02;dw03;dw04;dw05;dw06;dw07;dw08,dw06,15,1,2026-08-27T13:15:02.424+0200,dw00,8103,21,1974,-168,1195,1571,3.78,2147483
ground-height-0m-20260825-163632,d020m_r090_run01.csv,0,20,90,dw00;dw01;dw02;dw03;dw04;dw05;dw06;dw07;dw08,dw00;dw01;dw02;dw03;dw04;dw05;dw06;dw07;dw08,dw06,105,1,2026-08-27T13:15:02.463+0200,dw05,4B92,13,1971,49,-524,1900,3.78,2147483
ground-height-0m-20260825-163632,d020m_r090_run01.csv,0,20,90,dw00;dw01;dw02;dw03;dw04;dw05;dw06;dw07;dw08,dw00;dw01;dw02;dw03;dw04;dw05;dw06;dw07;dw08,dw06,75,1,2026-08-27T13:15:02.504+0200,dw03,021B,221,1965,-38,-1587,1158,3.15,12298
ground-height-0m-20260825-163632,d020m_r090_run01.csv,0,20,90,dw00;dw01;dw02;dw03;dw04;dw05;dw06;dw07;dw08,dw00;dw01;dw02;dw03;dw04;dw05;dw06;dw07;dw08,dw06,35,1,2026-08-27T13:15:02.533+0200,dw01,1729,194,1975,-139,1548,1227,3.57,42358
ground-height-0m-20260825-163632,d020m_r090_run01.csv,0,20,90,dw00;dw01;dw02;dw03;dw04;dw05;dw06;dw07;dw08,dw00;dw01;dw02;dw03;dw04;dw05;dw06;dw07;dw08,dw06,55,1,2026-08-27T13:15:02.543+0200,dw02,8FB0,61,1973,-93,1973,0,3.51,52337
ground-height-0m-20260825-163632,d020m_r090_run01.csv,0,20,90,dw00;dw01;dw02;dw03;dw04;dw05;dw06;dw07;dw08,dw00;dw01;dw02;dw03;dw04;dw05;dw06;dw07;dw08,dw06,90,1,2026-08-27T13:15:02.554+0200,dw04,0F85,61,1966,2,-1098,1630,4.02,62286
ground-height-0m-20260825-163632,d020m_r090_run01.csv,0,20,90,dw00;dw01;dw02;dw03;dw04;dw05;dw06;dw07;dw08,dw00;dw01;dw02;dw03;dw04;dw05;dw06;dw07;dw08,dw06,165,1,2026-08-27T13:15:02.632+0200,dw08,028E,201,1969,19,-893,1755,2.59,40618
ground-height-0m-20260825-163632,d020m_r090_run01.csv,0,20,90,dw00;dw01;dw02;dw03;dw04;dw05;dw06;dw07;dw08,dw00;dw01;dw02;dw03;dw04;dw05;dw06;dw07;dw08,dw06,15,1,2026-08-27T13:15:02.642+0200,dw00,8103,22,1973,-146,1461,1326,3.90,50598
ground-height-0m-20260825-163632,d020m_r090_run01.csv,0,20,90,dw00;dw01;dw02;dw03;dw04;dw05;dw06;dw07;dw08,dw00;dw01;dw02;dw03;dw04;dw05;dw06;dw07;dw08,dw06,105,1,2026-08-27T13:15:02.682+0200,dw05,4B92,14,1974,34,-707,1842,3.78,90454
ground-height-0m-20260825-163632,d020m_r090_run01.csv,0,20,90,dw00;dw01;dw02;dw03;dw04;dw05;dw06;dw07;dw08,dw00;dw01;dw02;dw03;dw04;dw05;dw06;dw07;dw08,dw06,75,1,2026-08-27T13:15:02.703+0200,dw03,021B,222,1963,-42,-1640,1078,3.09,12268
ground-height-0m-20260825-163632,d020m_r090_run01.csv,0,20,90,dw00;dw01;dw02;dw03;dw04;dw05;dw06;dw07;dw08,dw00;dw01;dw02;dw03;dw04;dw05;dw06;dw07;dw08,dw06,35,1,2026-08-27T13:15:02.733+0200,dw01,1729,195,1973,-128,1688,1020,3.33,42297
ground-height-0m-20260825-163632,d020m_r090_run01.csv,0,20,90,dw00;dw01;dw02;dw03;dw04;dw05;dw06;dw07;dw08,dw00;dw01;dw02;dw03;dw04;dw05;dw06;dw07;dw08,dw06,55,1,2026-08-27T13:15:02.743+0200,dw02,8FB0,62,1973,-98,1973,0,3.63,52337
ground-height-0m-20260825-163632,d020m_r090_run01.csv,0,20,90,dw00;dw01;dw02;dw03;dw04;dw05;dw06;dw07;dw08,dw00;dw01;dw02;dw03;dw04;dw05;dw06;dw07;dw08,dw06,90,1,2026-08-27T13:15:02.753+0200,dw04,0F85,62,1966,1,-1111,1622,3.96,62225
ground-height-0m-20260825-163632,d020m_r090_run01.csv,0,20,90,dw00;dw01;dw02;dw03;dw04;dw05;dw06;dw07;dw08,dw00;dw01;dw02;dw03;dw04;dw05;dw06;dw07;dw08,dw06,165,1,2026-08-27T13:15:02.813+0200,dw08,028E,202,1976,79,-160,1969,2.50,22277
ground-height-0m-20260825-163632,d020m_r090_run01.csv,0,20,90,dw00;dw01;dw02;dw03;dw04;dw05;dw06;dw07;dw08,dw00;dw01;dw02;dw03;dw04;dw05;dw06;dw07;dw08,dw06,15,1,2026-08-27T13:15:02.823+0200,dw00,8103,23,1974,-152,1391,1401,3.90,32257
ground-height-0m-20260825-163632,d020m_r090_run01.csv,0,20,90,dw00;dw01;dw02;dw03;dw04;dw05;dw06;dw07;dw08,dw00;dw01;dw02;dw03;dw04;dw05;dw06;dw07;dw08,dw06,105,1,2026-08-27T13:15:02.863+0200,dw05,4B92,15,1973,47,-551,1894,3.69,72265
ground-height-0m-20260825-163632,d020m_r090_run01.csv,0,20,90,dw00;dw01;dw02;dw03;dw04;dw05;dw06;dw07;dw08,dw00;dw01;dw02;dw03;dw04;dw05;dw06;dw07;dw08,dw06,35,1,2026-08-27T13:15:02.934+0200,dw01,1729,196,1974,-131,1648,1085,3.57,2147483
ground-height-0m-20260825-163632,d020m_r090_run01.csv,0,20,90,dw00;dw01;dw02;dw03;dw04;dw05;dw06;dw07;dw08,dw00;dw01;dw02;dw03;dw04;dw05;dw06;dw07;dw08,dw06,55,1,2026-08-27T13:15:02.943+0200,dw02,8FB0,63,1973,-100,1973,0,3.39,2147483
ground-height-0m-20260825-163632,d020m_r090_run01.csv,0,20,90,dw00;dw01;dw02;dw03;dw04;dw05;dw06;dw07;dw08,dw00;dw01;dw02;dw03;dw04;dw05;dw06;dw07;dw08,dw06,90,1,2026-08-27T13:15:02.953+0200,dw04,0F85,63,1966,4,-1067,1650,3.90,2147483
ground-height-0m-20260825-163632,d020m_r090_run01.csv,0,20,90,dw00;dw01;dw02;dw03;dw04;dw05;dw06;dw07;dw08,dw00;dw01;dw02;dw03;dw04;dw05;dw06;dw07;dw08,dw06,165,1,2026-08-27T13:15:03.014+0200,dw08,028E,203,1973,76,-195,1963,2.53,22247
ground-height-0m-20260825-163632,d020m_r090_run01.csv,0,20,90,dw00;dw01;dw02;dw03;dw04;dw05;dw06;dw07;dw08,dw00;dw01;dw02;dw03;dw04;dw05;dw06;dw07;dw08,dw06,15,1,2026-08-27T13:15:03.023+0200,dw00,8103,24,1975,-163,1257,1523,3.78,32196
ground-height-0m-20260825-163632,d020m_r090_run01.csv,0,20,90,dw00;dw01;dw02;dw03;dw04;dw05;dw06;dw07;dw08,dw00;dw01;dw02;dw03;dw04;dw05;dw06;dw07;dw08,dw06,105,1,2026-08-27T13:15:03.063+0200,dw05,4B92,16,1971,50,-516,1902,3.78,72265
ground-height-0m-20260825-163632,d020m_r090_run01.csv,0,20,90,dw00;dw01;dw02;dw03;dw04;dw05;dw06;dw07;dw08,dw00;dw01;dw02;dw03;dw04;dw05;dw06;dw07;dw08,dw06,75,1,2026-08-27T13:15:03.119+0200,dw03,021B,224,1962,-43,-1647,1066,3.33,27923
ground-height-0m-20260825-163632,d020m_r090_run01.csv,0,20,90,dw00;dw01;dw02;dw03;dw04;dw05;dw06;dw07;dw08,dw00;dw01;dw02;dw03;dw04;dw05;dw06;dw07;dw08,dw06,35,1,2026-08-27T13:15:03.152+0200,dw01,1729,197,1973,-133,1624,1120,3.51,61004
ground-height-0m-20260825-163632,d020m_r090_run01.csv,0,20,90,dw00;dw01;dw02;dw03;dw04;dw05;dw06;dw07;dw08,dw00;dw01;dw02;dw03;dw04;dw05;dw06;dw07;dw08,dw06,55,1,2026-08-27T13:15:03.162+0200,dw02,8FB0,64,1974,-83,-1975,0,3.45,71044
ground-height-0m-20260825-163632,d020m_r090_run01.csv,0,20,90,dw00;dw01;dw02;dw03;dw04;dw05;dw06;dw07;dw08,dw00;dw01;dw02;dw03;dw04;dw05;dw06;dw07;dw08,dw06,90,1,2026-08-27T13:15:03.172+0200,dw04,0F85,64,1966,3,-1088,1638,3.96,80596
ground-height-0m-20260825-163632,d020m_r090_run01.csv,0,20,90,dw00;dw01;dw02;dw03;dw04;dw05;dw06;dw07;dw08,dw00;dw01;dw02;dw03;dw04;dw05;dw06;dw07;dw08,dw06,165,1,2026-08-27T13:15:03.213+0200,dw08,028E,204,1973,90,-32,1972,2.59,2147483
ground-height-0m-20260825-163632,d020m_r090_run01.csv,0,20,90,dw00;dw01;dw02;dw03;dw04;dw05;dw06;dw07;dw08,dw00;dw01;dw02;dw03;dw04;dw05;dw06;dw07;dw08,dw06,15,1,2026-08-27T13:15:03.224+0200,dw00,8103,25,1977,-147,1450,1344,3.84,2147483
ground-height-0m-20260825-163632,d020m_r090_run01.csv,0,20,90,dw00;dw01;dw02;dw03;dw04;dw05;dw06;dw07;dw08,dw00;dw01;dw02;dw03;dw04;dw05;dw06;dw07;dw08,dw06,105,1,2026-08-27T13:15:03.264+0200,dw05,4B92,17,1970,45,-571,1885,3.78,2147483
ground-height-0m-20260825-163632,d020m_r090_run01.csv,0,20,90,dw00;dw01;dw02;dw03;dw04;dw05;dw06;dw07;dw08,dw00;dw01;dw02;dw03;dw04;dw05;dw06;dw07;dw08,dw06,75,1,2026-08-27T13:15:03.304+0200,dw03,021B,225,1963,-41,-1620,1108,3.27,12298
ground-height-0m-20260825-163632,d020m_r090_run01.csv,0,20,90,dw00;dw01;dw02;dw03;dw04;dw05;dw06;dw07;dw08,dw00;dw01;dw02;dw03;dw04;dw05;dw06;dw07;dw08,dw06,35,1,2026-08-27T13:15:03.333+0200,dw01,1729,198,1975,-131,1650,1085,3.57,42358
ground-height-0m-20260825-163632,d020m_r090_run01.csv,0,20,90,dw00;dw01;dw02;dw03;dw04;dw05;dw06;dw07;dw08,dw00;dw01;dw02;dw03;dw04;dw05;dw06;dw07;dw08,dw06,55,1,2026-08-27T13:15:03.343+0200,dw02,8FB0,65,1974,-95,1973,0,3.57,52337
ground-height-0m-20260825-163632,d020m_r090_run01.csv,0,20,90,dw00;dw01;dw02;dw03;dw04;dw05;dw06;dw07;dw08,dw00;dw01;dw02;dw03;dw04;dw05;dw06;dw07;dw08,dw06,90,1,2026-08-27T13:15:03.353+0200,dw04,0F85,65,1966,6,-1048,1663,3.96,62286
ground-height-0m-20260825-163632,d020m_r090_run01.csv,0,20,90,dw00;dw01;dw02;dw03;dw04;dw05;dw06;dw07;dw08,dw00;dw01;dw02;dw03;dw04;dw05;dw06;dw07;dw08,dw06,165,1,2026-08-27T13:15:03.432+0200,dw08,028E,205,1973,0,-1134,1614,2.44,40588
ground-height-0m-20260825-163632,d020m_r090_run01.csv,0,20,90,dw00;dw01;dw02;dw03;dw04;dw05;dw06;dw07;dw08,dw00;dw01;dw02;dw03;dw04;dw05;dw06;dw07;dw08,dw06,15,1,2026-08-27T13:15:03.441+0200,dw00,8103,26,1974,-176,1096,1642,3.84,50598
ground-height-0m-20260825-163632,d020m_r090_run01.csv,0,20,90,dw00;dw01;dw02;dw03;dw04;dw05;dw06;dw07;dw08,dw00;dw01;dw02;dw03;dw04;dw05;dw06;dw07;dw08,dw06,105,1,2026-08-27T13:15:03.481+0200,dw05,4B92,18,1974,55,-459,1920,3.69,90484
ground-height-0m-20260825-163632,d020m_r090_run01.csv,0,20,90,dw00;dw01;dw02;dw03;dw04;dw05;dw06;dw07;dw08,dw00;dw01;dw02;dw03;dw04;dw05;dw06;dw07;dw08,dw06,75,1,2026-08-27T13:15:03.503+0200,dw03,021B,226,1961,-52,-1753,878,3.06,12268
ground-height-0m-20260825-163632,d020m_r090_run01.csv,0,20,90,dw00;dw01;dw02;dw03;dw04;dw05;dw06;dw07;dw08,dw00;dw01;dw02;dw03;dw04;dw05;dw06;dw07;dw08,dw06,35,1,2026-08-27T13:15:03.533+0200,dw01,1729,199,1973,-160,1292,1490,3.63,42297
ground-height-0m-20260825-163632,d020m_r090_run01.csv,0,20,90,dw00;dw01;dw02;dw03;dw04;dw05;dw06;dw07;dw08,dw00;dw01;dw02;dw03;dw04;dw05;dw06;dw07;dw08,dw06,55,1,2026-08-27T13:15:03.543+0200,dw02,8FB0,66,1975,-91,1975,0,3.45,52368
ground-height-0m-20260825-163632,d020m_r090_run01.csv,0,20,90,dw00;dw01;dw02;dw03;dw04;dw05;dw06;dw07;dw08,dw00;dw01;dw02;dw03;dw04;dw05;dw06;dw07;dw08,dw06,90,1,2026-08-27T13:15:03.553+0200,dw04,0F85,66,1966,0,-1133,1607,3.96,62194
ground-height-0m-20260825-163632,d020m_r090_run01.csv,0,20,90,dw00;dw01;dw02;dw03;dw04;dw05;dw06;dw07;dw08,dw00;dw01;dw02;dw03;dw04;dw05;dw06;dw07;dw08,dw06,15,1,2026-08-27T13:15:03.623+0200,dw00,8103,27,1976,-172,1147,1609,3.90,32257
ground-height-0m-20260825-163632,d020m_r090_run01.csv,0,20,90,dw00;dw01;dw02;dw03;dw04;dw05;dw06;dw07;dw08,dw00;dw01;dw02;dw03;dw04;dw05;dw06;dw07;dw08,dw06,105,1,2026-08-27T13:15:03.663+0200,dw05,4B92,19,1972,48,-538,1897,3.69,72265
ground-height-0m-20260825-163632,d020m_r090_run01.csv,0,20,90,dw00;dw01;dw02;dw03;dw04;dw05;dw06;dw07;dw08,dw00;dw01;dw02;dw03;dw04;dw05;dw06;dw07;dw08,dw06,35,1,2026-08-27T13:15:03.733+0200,dw01,1729,200,1970,-149,1428,1356,3.51,2147483
ground-height-0m-20260825-163632,d020m_r090_run01.csv,0,20,90,dw00;dw01;dw02;dw03;dw04;dw05;dw06;dw07;dw08,dw00;dw01;dw02;dw03;dw04;dw05;dw06;dw07;dw08,dw06,55,1,2026-08-27T13:15:03.743+0200,dw02,8FB0,67,1971,-89,1971,0,3.57,2147483
ground-height-0m-20260825-163632,d020m_r090_run01.csv,0,20,90,dw00;dw01;dw02;dw03;dw04;dw05;dw06;dw07;dw08,dw00;dw01;dw02;dw03;dw04;dw05;dw06;dw07;dw08,dw06,90,1,2026-08-27T13:15:03.753+0200,dw04,0F85,67,1967,1,-1103,1628,3.90,2147483
ground-height-0m-20260825-163632,d020m_r090_run01.csv,0,20,90,dw00;dw01;dw02;dw03;dw04;dw05;dw06;dw07;dw08,dw00;dw01;dw02;dw03;dw04;dw05;dw06;dw07;dw08,dw06,15,1,2026-08-27T13:15:03.823+0200,dw00,8103,28,1977,-156,1344,1450,3.90,32257
ground-height-0m-20260825-163632,d020m_r090_run01.csv,0,20,90,dw00;dw01;dw02;dw03;dw04;dw05;dw06;dw07;dw08,dw00;dw01;dw02;dw03;dw04;dw05;dw06;dw07;dw08,dw06,165,1,2026-08-27T13:15:03.829+0200,dw08,028E,207,1978,-130,1660,1075,2.65,37811
ground-height-0m-20260825-163632,d020m_r090_run01.csv,0,20,90,dw00;dw01;dw02;dw03;dw04;dw05;dw06;dw07;dw08,dw00;dw01;dw02;dw03;dw04;dw05;dw06;dw07;dw08,dw06,105,1,2026-08-27T13:15:03.863+0200,dw05,4B92,20,1972,44,-586,1883,3.69,72265
ground-height-0m-20260825-163632,d020m_r090_run01.csv,0,20,90,dw00;dw01;dw02;dw03;dw04;dw05;dw06;dw07;dw08,dw00;dw01;dw02;dw03;dw04;dw05;dw06;dw07;dw08,dw06,75,1,2026-08-27T13:15:03.919+0200,dw03,021B,228,1963,-48,-1710,963,3.33,27923
ground-height-0m-20260825-163632,d020m_r090_run01.csv,0,20,90,dw00;dw01;dw02;dw03;dw04;dw05;dw06;dw07;dw08,dw00;dw01;dw02;dw03;dw04;dw05;dw06;dw07;dw08,dw06,35,1,2026-08-27T13:15:03.952+0200,dw01,1729,201,1974,-145,1478,1308,3.63,61004
ground-height-0m-20260825-163632,d020m_r090_run01.csv,0,20,90,dw00;dw01;dw02;dw03;dw04;dw05;dw06;dw07;dw08,dw00;dw01;dw02;dw03;dw04;dw05;dw06;dw07;dw08,dw06,55,1,2026-08-27T13:15:03.962+0200,dw02,8FB0,68,1975,-102,1975,0,3.39,71014
ground-height-0m-20260825-163632,d020m_r090_run01.csv,0,20,90,dw00;dw01;dw02;dw03;dw04;dw05;dw06;dw07;dw08,dw00;dw01;dw02;dw03;dw04;dw05;dw06;dw07;dw08,dw06,90,1,2026-08-27T13:15:03.972+0200,dw04,0F85,68,1966,0,-1125,1612,4.02,80566
ground-height-0m-20260825-163632,d020m_r090_run01.csv,0,20,90,dw00;dw01;dw02;dw03;dw04;dw05;dw06;dw07;dw08,dw00;dw01;dw02;dw03;dw04;dw05;dw06;dw07;dw08,dw06,165,1,2026-08-27T13:15:04.013+0200,dw08,028E,208,1974,-30,-1504,1279,2.53,2147483
ground-height-0m-20260825-163632,d020m_r090_run01.csv,0,20,90,dw00;dw01;dw02;dw03;dw04;dw05;dw06;dw07;dw08,dw00;dw01;dw02;dw03;dw04;dw05;dw06;dw07;dw08,dw06,15,1,2026-08-27T13:15:04.023+0200,dw00,8103,29,1977,-166,1219,1557,3.84,2147483
ground-height-0m-20260825-163632,d020m_r090_run01.csv,0,20,90,dw00;dw01;dw02;dw03;dw04;dw05;dw06;dw07;dw08,dw00;dw01;dw02;dw03;dw04;dw05;dw06;dw07;dw08,dw06,105,1,2026-08-27T13:15:04.063+0200,dw05,4B92,21,1976,51,-508,1910,3.69,2147483
ground-height-0m-20260825-163632,d020m_r090_run01.csv,0,20,90,dw00;dw01;dw02;dw03;dw04;dw05;dw06;dw07;dw08,dw00;dw01;dw02;dw03;dw04;dw05;dw06;dw07;dw08,dw06,75,1,2026-08-27T13:15:04.103+0200,dw03,021B,229,1964,-41,-1630,1095,3.15,12298
ground-height-0m-20260825-163632,d020m_r090_run01.csv,0,20,90,dw00;dw01;dw02;dw03;dw04;dw05;dw06;dw07;dw08,dw00;dw01;dw02;dw03;dw04;dw05;dw06;dw07;dw08,dw06,35,1,2026-08-27T13:15:04.133+0200,dw01,1729,202,1974,-135,1596,1162,3.57,42358
ground-height-0m-20260825-163632,d020m_r090_run01.csv,0,20,90,dw00;dw01;dw02;dw03;dw04;dw05;dw06;dw07;dw08,dw00;dw01;dw02;dw03;dw04;dw05;dw06;dw07;dw08,dw06,55,1,2026-08-27T13:15:04.142+0200,dw02,8FB0,69,1975,-89,1975,0,3.33,52307
ground-height-0m-20260825-163632,d020m_r090_run01.csv,0,20,90,dw00;dw01;dw02;dw03;dw04;dw05;dw06;dw07;dw08,dw00;dw01;dw02;dw03;dw04;dw05;dw06;dw07;dw08,dw06,90,1,2026-08-27T13:15:04.153+0200,dw04,0F85,69,1966,4,-1070,1649,3.96,62286
ground-height-0m-20260825-163632,d020m_r090_run01.csv,0,20,90,dw00;dw01;dw02;dw03;dw04;dw05;dw06;dw07;dw08,dw00;dw01;dw02;dw03;dw04;dw05;dw06;dw07;dw08,dw06,165,1,2026-08-27T13:15:04.231+0200,dw08,028E,209,1979,49,-534,1905,2.59,40618
ground-height-0m-20260825-163632,d020m_r090_run01.csv,0,20,90,dw00;dw01;dw02;dw03;dw04;dw05;dw06;dw07;dw08,dw00;dw01;dw02;dw03;dw04;dw05;dw06;dw07;dw08,dw06,15,1,2026-08-27T13:15:04.241+0200,dw00,8103,30,1974,-146,1464,1324,3.96,50628
ground-height-0m-20260825-163632,d020m_r090_run01.csv,0,20,90,dw00;dw01;dw02;dw03;dw04;dw05;dw06;dw07;dw08,dw00;dw01;dw02;dw03;dw04;dw05;dw06;dw07;dw08,dw06,105,1,2026-08-27T13:15:04.281+0200,dw05,4B92,22,1974,43,-597,1881,3.72,90515
ground-height-0m-20260825-163632,d020m_r090_run01.csv,0,20,90,dw00;dw01;dw02;dw03;dw04;dw05;dw06;dw07;dw08,dw00;dw01;dw02;dw03;dw04;dw05;dw06;dw07;dw08,dw06,75,1,2026-08-27T13:15:04.303+0200,dw03,021B,230,1962,-44,-1657,1050,3.21,12268
ground-height-0m-20260825-163632,d020m_r090_run01.csv,0,20,90,dw00;dw01;dw02;dw03;dw04;dw05;dw06;dw07;dw08,dw00;dw01;dw02;dw03;dw04;dw05;dw06;dw07;dw08,dw06,35,1,2026-08-27T13:15:04.333+0200,dw01,1729,203,1967,-142,1514,1256,3.45,42297
ground-height-0m-20260825-163632,d020m_r090_run01.csv,0,20,90,dw00;dw01;dw02;dw03;dw04;dw05;dw06;dw07;dw08,dw00;dw01;dw02;dw03;dw04;dw05;dw06;dw07;dw08,dw06,55,1,2026-08-27T13:15:04.343+0200,dw02,8FB0,70,1974,-104,1974,0,3.51,52337
ground-height-0m-20260825-163632,d020m_r090_run01.csv,0,20,90,dw00;dw01;dw02;dw03;dw04;dw05;dw06;dw07;dw08,dw00;dw01;dw02;dw03;dw04;dw05;dw06;dw07;dw08,dw06,90,1,2026-08-27T13:15:04.352+0200,dw04,0F85,70,1967,-2,-1155,1592,3.90,62255
ground-height-0m-20260825-163632,d020m_r090_run01.csv,0,20,90,dw00;dw01;dw02;dw03;dw04;dw05;dw06;dw07;dw08,dw00;dw01;dw02;dw03;dw04;dw05;dw06;dw07;dw08,dw06,165,1,2026-08-27T13:15:04.413+0200,dw08,028E,210,1969,69,-284,1949,2.44,22277
ground-height-0m-20260825-163632,d020m_r090_run01.csv,0,20,90,dw00;dw01;dw02;dw03;dw04;dw05;dw06;dw07;dw08,dw00;dw01;dw02;dw03;dw04;dw05;dw06;dw07;dw08,dw06,15,1,2026-08-27T13:15:04.423+0200,dw00,8103,31,1977,-153,1383,1412,3.84,32257
ground-height-0m-20260825-163632,d020m_r090_run01.csv,0,20,90,dw00;dw01;dw02;dw03;dw04;dw05;dw06;dw07;dw08,dw00;dw01;dw02;dw03;dw04;dw05;dw06;dw07;dw08,dw06,105,1,2026-08-27T13:15:04.463+0200,dw05,4B92,23,1971,46,-568,1887,3.69,72265
ground-height-0m-20260825-163632,d020m_r090_run01.csv,0,20,90,dw00;dw01;dw02;dw03;dw04;dw05;dw06;dw07;dw08,dw00;dw01;dw02;dw03;dw04;dw05;dw06;dw07;dw08,dw06,35,1,2026-08-27T13:15:04.533+0200,dw01,1729,204,1971,-141,1523,1251,3.57,2147483
ground-height-0m-20260825-163632,d020m_r090_run01.csv,0,20,90,dw00;dw01;dw02;dw03;dw04;dw05;dw06;dw07;dw08,dw00;dw01;dw02;dw03;dw04;dw05;dw06;dw07;dw08,dw06,55,1,2026-08-27T13:15:04.543+0200,dw02,8FB0,71,1972,-91,1972,0,3.57,2147483
ground-height-0m-20260825-163632,d020m_r090_run01.csv,0,20,90,dw00;dw01;dw02;dw03;dw04;dw05;dw06;dw07;dw08,dw00;dw01;dw02;dw03;dw04;dw05;dw06;dw07;dw08,dw06,90,1,2026-08-27T13:15:04.553+0200,dw04,0F85,71,1966,3,-1083,1641,3.84,2147483
ground-height-0m-20260825-163632,d020m_r090_run01.csv,0,20,90,dw00;dw01;dw02;dw03;dw04;dw05;dw06;dw07;dw08,dw00;dw01;dw02;dw03;dw04;dw05;dw06;dw07;dw08,dw06,165,1,2026-08-27T13:15:04.613+0200,dw08,028E,211,1977,57,-434,1929,2.53,22277
ground-height-0m-20260825-163632,d020m_r090_run01.csv,0,20,90,dw00;dw01;dw02;dw03;dw04;dw05;dw06;dw07;dw08,dw00;dw01;dw02;dw03;dw04;dw05;dw06;dw07;dw08,dw06,15,1,2026-08-27T13:15:04.623+0200,dw00,8103,32,1974,-162,1268,1513,3.84,32226
ground-height-0m-20260825-163632,d020m_r090_run01.csv,0,20,90,dw00;dw01;dw02;dw03;dw04;dw05;dw06;dw07;dw08,dw00;dw01;dw02;dw03;dw04;dw05;dw06;dw07;dw08,dw06,105,1,2026-08-27T13:15:04.663+0200,dw05,4B92,24,1975,42,-613,1877,3.78,72265
ground-height-0m-20260825-163632,d020m_r090_run01.csv,0,20,90,dw00;dw01;dw02;dw03;dw04;dw05;dw06;dw07;dw08,dw00;dw01;dw02;dw03;dw04;dw05;dw06;dw07;dw08,dw06,75,1,2026-08-27T13:15:04.719+0200,dw03,021B,232,1962,-43,-1645,1070,3.39,27923
ground-height-0m-20260825-163632,d020m_r090_run01.csv,0,20,90,dw00;dw01;dw02;dw03;dw04;dw05;dw06;dw07;dw08,dw00;dw01;dw02;dw03;dw04;dw05;dw06;dw07;dw08,dw06,35,1,2026-08-27T13:15:04.752+0200,dw01,1729,205,1979,-133,1625,1129,3.57,61004
ground-height-0m-20260825-163632,d020m_r090_run01.csv,0,20,90,dw00;dw01;dw02;dw03;dw04;dw05;dw06;dw07;dw08,dw00;dw01;dw02;dw03;dw04;dw05;dw06;dw07;dw08,dw06,55,1,2026-08-27T13:15:04.762+0200,dw02,8FB0,72,1971,-105,1961,197,3.45,71044
ground-height-0m-20260825-163632,d020m_r090_run01.csv,0,20,90,dw00;dw01;dw02;dw03;dw04;dw05;dw06;dw07;dw08,dw00;dw01;dw02;dw03;dw04;dw05;dw06;dw07;dw08,dw06,90,1,2026-08-27T13:15:04.771+0200,dw04,0F85,72,1968,0,-1131,1611,4.02,80566
ground-height-0m-20260825-163632,d020m_r090_run01.csv,0,20,90,dw00;dw01;dw02;dw03;dw04;dw05;dw06;dw07;dw08,dw00;dw01;dw02;dw03;dw04;dw05;dw06;dw07;dw08,dw06,165,1,2026-08-27T13:15:04.812+0200,dw08,028E,212,1971,61,-379,1934,2.38,2147483
ground-height-0m-20260825-163632,d020m_r090_run01.csv,0,20,90,dw00;dw01;dw02;dw03;dw04;dw05;dw06;dw07;dw08,dw00;dw01;dw02;dw03;dw04;dw05;dw06;dw07;dw08,dw06,15,1,2026-08-27T13:15:04.823+0200,dw00,8103,33,1974,-157,1335,1454,3.84,2147483
ground-height-0m-20260825-163632,d020m_r090_run01.csv,0,20,90,dw00;dw01;dw02;dw03;dw04;dw05;dw06;dw07;dw08,dw00;dw01;dw02;dw03;dw04;dw05;dw06;dw07;dw08,dw06,105,1,2026-08-27T13:15:04.863+0200,dw05,4B92,25,1972,40,-641,1865,3.69,2147483
ground-height-0m-20260825-163632,d020m_r090_run01.csv,0,20,90,dw00;dw01;dw02;dw03;dw04;dw05;dw06;dw07;dw08,dw00;dw01;dw02;dw03;dw04;dw05;dw06;dw07;dw08,dw06,75,1,2026-08-27T13:15:04.903+0200,dw03,021B,233,1960,-42,-1641,1073,3.15,12329
ground-height-0m-20260825-163632,d020m_r090_run01.csv,0,20,90,dw00;dw01;dw02;dw03;dw04;dw05;dw06;dw07;dw08,dw00;dw01;dw02;dw03;dw04;dw05;dw06;dw07;dw08,dw06,35,1,2026-08-27T13:15:04.932+0200,dw01,1729,206,1968,-74,-1968,0,3.51,42358
ground-height-0m-20260825-163632,d020m_r090_run01.csv,0,20,90,dw00;dw01;dw02;dw03;dw04;dw05;dw06;dw07;dw08,dw00;dw01;dw02;dw03;dw04;dw05;dw06;dw07;dw08,dw06,55,1,2026-08-27T13:15:04.942+0200,dw02,8FB0,73,1974,-89,1974,0,3.57,52337
ground-height-0m-20260825-163632,d020m_r090_run01.csv,0,20,90,dw00;dw01;dw02;dw03;dw04;dw05;dw06;dw07;dw08,dw00;dw01;dw02;dw03;dw04;dw05;dw06;dw07;dw08,dw06,90,1,2026-08-27T13:15:04.953+0200,dw04,0F85,73,1964,3,-1080,1640,3.96,62255
ground-height-0m-20260825-163632,d020m_r090_run01.csv,0,20,90,dw00;dw01;dw02;dw03;dw04;dw05;dw06;dw07;dw08,dw00;dw01;dw02;dw03;dw04;dw05;dw06;dw07;dw08,dw06,165,1,2026-08-27T13:15:05.031+0200,dw08,028E,213,1972,-40,-1618,1127,2.44,40618
ground-height-0m-20260825-163632,d020m_r090_run01.csv,0,20,90,dw00;dw01;dw02;dw03;dw04;dw05;dw06;dw07;dw08,dw00;dw01;dw02;dw03;dw04;dw05;dw06;dw07;dw08,dw06,15,1,2026-08-27T13:15:05.041+0200,dw00,8103,34,1974,-155,1359,1432,3.78,50628
ground-height-0m-20260825-163632,d020m_r090_run01.csv,0,20,90,dw00;dw01;dw02;dw03;dw04;dw05;dw06;dw07;dw08,dw00;dw01;dw02;dw03;dw04;dw05;dw06;dw07;dw08,dw06,105,1,2026-08-27T13:15:05.081+0200,dw05,4B92,26,1976,47,-547,1899,3.69,90484
ground-height-0m-20260825-163632,d020m_r090_run01.csv,0,20,90,dw00;dw01;dw02;dw03;dw04;dw05;dw06;dw07;dw08,dw00;dw01;dw02;dw03;dw04;dw05;dw06;dw07;dw08,dw06,75,1,2026-08-27T13:15:05.102+0200,dw03,021B,234,1963,-41,-1624,1103,3.09,12268
ground-height-0m-20260825-163632,d020m_r090_run01.csv,0,20,90,dw00;dw01;dw02;dw03;dw04;dw05;dw06;dw07;dw08,dw00;dw01;dw02;dw03;dw04;dw05;dw06;dw07;dw08,dw06,35,1,2026-08-27T13:15:05.133+0200,dw01,1729,207,1974,-60,-1868,636,3.57,42297
ground-height-0m-20260825-163632,d020m_r090_run01.csv,0,20,90,dw00;dw01;dw02;dw03;dw04;dw05;dw06;dw07;dw08,dw00;dw01;dw02;dw03;dw04;dw05;dw06;dw07;dw08,dw06,55,1,2026-08-27T13:15:05.142+0200,dw02,8FB0,74,1974,-104,1974,0,3.69,52337
ground-height-0m-20260825-163632,d020m_r090_run01.csv,0,20,90,dw00;dw01;dw02;dw03;dw04;dw05;dw06;dw07;dw08,dw00;dw01;dw02;dw03;dw04;dw05;dw06;dw07;dw08,dw06,90,1,2026-08-27T13:15:05.152+0200,dw04,0F85,74,1966,0,-1124,1613,3.84,62225
ground-height-0m-20260825-163632,d020m_r090_run01.csv,0,20,90,dw00;dw01;dw02;dw03;dw04;dw05;dw06;dw07;dw08,dw00;dw01;dw02;dw03;dw04;dw05;dw06;dw07;dw08,dw06,165,1,2026-08-27T13:15:05.213+0200,dw08,028E,214,1976,4,-1076,1658,2.38,22277
ground-height-0m-20260825-163632,d020m_r090_run01.csv,0,20,90,dw00;dw01;dw02;dw03;dw04;dw05;dw06;dw07;dw08,dw00;dw01;dw02;dw03;dw04;dw05;dw06;dw07;dw08,dw06,15,1,2026-08-27T13:15:05.222+0200,dw00,8103,35,1977,-157,1327,1465,3.90,32257
ground-height-0m-20260825-163632,d020m_r090_run01.csv,0,20,90,dw00;dw01;dw02;dw03;dw04;dw05;dw06;dw07;dw08,dw00;dw01;dw02;dw03;dw04;dw05;dw06;dw07;dw08,dw06,105,1,2026-08-27T13:15:05.262+0200,dw05,4B92,27,1973,53,-476,1914,3.69,72265
ground-height-0m-20260825-163632,d020m_r090_run01.csv,0,20,90,dw00;dw01;dw02;dw03;dw04;dw05;dw06;dw07;dw08,dw00;dw01;dw02;dw03;dw04;dw05;dw06;dw07;dw08,dw06,35,1,2026-08-27T13:15:05.333+0200,dw01,1729,208,1973,-19,-1362,1427,3.63,29663
ground-height-0m-20260825-163632,d020m_r090_run01.csv,0,20,90,dw00;dw01;dw02;dw03;dw04;dw05;dw06;dw07;dw08,dw00;dw01;dw02;dw03;dw04;dw05;dw06;dw07;dw08,dw06,55,1,2026-08-27T13:15:05.343+0200,dw02,8FB0,75,1974,-95,1974,0,3.45,39672
ground-height-0m-20260825-163632,d020m_r090_run01.csv,0,20,90,dw00;dw01;dw02;dw03;dw04;dw05;dw06;dw07;dw08,dw00;dw01;dw02;dw03;dw04;dw05;dw06;dw07;dw08,dw06,90,1,2026-08-27T13:15:05.352+0200,dw04,0F85,75,1966,-3,-1170,1580,3.96,49560
ground-height-0m-20260825-163632,d020m_r090_run01.csv,0,20,90,dw00;dw01;dw02;dw03;dw04;dw05;dw06;dw07;dw08,dw00;dw01;dw02;dw03;dw04;dw05;dw06;dw07;dw08,dw06,165,1,2026-08-27T13:15:05.413+0200,dw08,028E,215,1974,-3,-1175,1585,2.53,22247
ground-height-0m-20260825-163632,d020m_r090_run01.csv,0,20,90,dw00;dw01;dw02;dw03;dw04;dw05;dw06;dw07;dw08,dw00;dw01;dw02;dw03;dw04;dw05;dw06;dw07;dw08,dw06,15,1,2026-08-27T13:15:05.423+0200,dw00,8103,36,1976,-167,1214,1559,3.84,32257
ground-height-0m-20260825-163632,d020m_r090_run01.csv,0,20,90,dw00;dw01;dw02;dw03;dw04;dw05;dw06;dw07;dw08,dw00;dw01;dw02;dw03;dw04;dw05;dw06;dw07;dw08,dw06,105,1,2026-08-27T13:15:05.463+0200,dw05,4B92,28,1970,40,-633,1865,3.72,72265
ground-height-0m-20260825-163632,d020m_r090_run01.csv,0,20,90,dw00;dw01;dw02;dw03;dw04;dw05;dw06;dw07;dw08,dw00;dw01;dw02;dw03;dw04;dw05;dw06;dw07;dw08,dw06,75,1,2026-08-27T13:15:05.518+0200,dw03,021B,236,1962,-38,-1591,1148,3.39,27923
ground-height-0m-20260825-163632,d020m_r090_run01.csv,0,20,90,dw00;dw01;dw02;dw03;dw04;dw05;dw06;dw07;dw08,dw00;dw01;dw02;dw03;dw04;dw05;dw06;dw07;dw08,dw06,35,1,2026-08-27T13:15:05.545+0200,dw01,1729,209,1975,-114,1860,666,3.39,54962
ground-height-0m-20260825-163632,d020m_r090_run01.csv,0,20,90,dw00;dw01;dw02;dw03;dw04;dw05;dw06;dw07;dw08,dw00;dw01;dw02;dw03;dw04;dw05;dw06;dw07;dw08,dw06,55,1,2026-08-27T13:15:05.555+0200,dw02,8FB0,76,1973,-98,1973,0,3.45,64941
ground-height-0m-20260825-163632,d020m_r090_run01.csv,0,20,90,dw00;dw01;dw02;dw03;dw04;dw05;dw06;dw07;dw08,dw00;dw01;dw02;dw03;dw04;dw05;dw06;dw07;dw08,dw06,90,1,2026-08-27T13:15:05.565+0200,dw04,0F85,76,1965,-4,-1180,1571,3.90,74890
ground-height-0m-20260825-163632,d020m_r090_run01.csv,0,20,90,dw00;dw01;dw02;dw03;dw04;dw05;dw06;dw07;dw08,dw00;dw01;dw02;dw03;dw04;dw05;dw06;dw07;dw08,dw06,165,1,2026-08-27T13:15:05.612+0200,dw08,028E,216,1974,-36,-1574,1192,2.53,2147483
ground-height-0m-20260825-163632,d020m_r090_run01.csv,0,20,90,dw00;dw01;dw02;dw03;dw04;dw05;dw06;dw07;dw08,dw00;dw01;dw02;dw03;dw04;dw05;dw06;dw07;dw08,dw06,15,1,2026-08-27T13:15:05.623+0200,dw00,8103,37,1974,-163,1262,1517,3.90,2147483
ground-height-0m-20260825-163632,d020m_r090_run01.csv,0,20,90,dw00;dw01;dw02;dw03;dw04;dw05;dw06;dw07;dw08,dw00;dw01;dw02;dw03;dw04;dw05;dw06;dw07;dw08,dw06,105,1,2026-08-27T13:15:05.663+0200,dw05,4B92,29,1968,47,-555,1888,3.75,2147483
ground-height-0m-20260825-163632,d020m_r090_run01.csv,0,20,90,dw00;dw01;dw02;dw03;dw04;dw05;dw06;dw07;dw08,dw00;dw01;dw02;dw03;dw04;dw05;dw06;dw07;dw08,dw06,75,1,2026-08-27T13:15:05.703+0200,dw03,021B,237,1966,-46,-1687,1010,3.21,12298
ground-height-0m-20260825-163632,d020m_r090_run01.csv,0,20,90,dw00;dw01;dw02;dw03;dw04;dw05;dw06;dw07;dw08,dw00;dw01;dw02;dw03;dw04;dw05;dw06;dw07;dw08,dw06,35,1,2026-08-27T13:15:05.732+0200,dw01,1729,210,1972,-127,1699,1000,3.45,42358
ground-height-0m-20260825-163632,d020m_r090_run01.csv,0,20,90,dw00;dw01;dw02;dw03;dw04;dw05;dw06;dw07;dw08,dw00;dw01;dw02;dw03;dw04;dw05;dw06;dw07;dw08,dw06,55,1,2026-08-27T13:15:05.742+0200,dw02,8FB0,77,1974,-102,1974,0,3.51,52337
ground-height-0m-20260825-163632,d020m_r090_run01.csv,0,20,90,dw00;dw01;dw02;dw03;dw04;dw05;dw06;dw07;dw08,dw00;dw01;dw02;dw03;dw04;dw05;dw06;dw07;dw08,dw06,90,1,2026-08-27T13:15:05.753+0200,dw04,0F85,77,1968,6,-1053,1662,3.96,62225
ground-height-0m-20260825-163632,d020m_r090_run01.csv,0,20,90,dw00;dw01;dw02;dw03;dw04;dw05;dw06;dw07;dw08,dw00;dw01;dw02;dw03;dw04;dw05;dw06;dw07;dw08,dw06,165,1,2026-08-27T13:15:05.831+0200,dw08,028E,217,1970,59,-402,1929,2.38,40618
ground-height-0m-20260825-163632,d020m_r090_run01.csv,0,20,90,dw00;dw01;dw02;dw03;dw04;dw05;dw06;dw07;dw08,dw00;dw01;dw02;dw03;dw04;dw05;dw06;dw07;dw08,dw06,15,1,2026-08-27T13:15:05.841+0200,dw00,8103,38,1972,-157,1329,1456,3.78,50598
ground-height-0m-20260825-163632,d020m_r090_run01.csv,0,20,90,dw00;dw01;dw02;dw03;dw04;dw05;dw06;dw07;dw08,dw00;dw01;dw02;dw03;dw04;dw05;dw06;dw07;dw08,dw06,105,1,2026-08-27T13:15:05.881+0200,dw05,4B92,30,1970,43,-593,1878,3.69,90484
ground-height-0m-20260825-163632,d020m_r090_run01.csv,0,20,90,dw00;dw01;dw02;dw03;dw04;dw05;dw06;dw07;dw08,dw00;dw01;dw02;dw03;dw04;dw05;dw06;dw07;dw08,dw06,75,1,2026-08-27T13:15:05.902+0200,dw03,021B,238,1965,-35,-1549,1208,3.15,12268
ground-height-0m-20260825-163632,d020m_r090_run01.csv,0,20,90,dw00;dw01;dw02;dw03;dw04;dw05;dw06;dw07;dw08,dw00;dw01;dw02;dw03;dw04;dw05;dw06;dw07;dw08,dw06,35,1,2026-08-27T13:15:05.932+0200,dw01,1729,211,1975,-139,1556,1216,3.57,42297
ground-height-0m-20260825-163632,d020m_r090_run01.csv,0,20,90,dw00;dw01;dw02;dw03;dw04;dw05;dw06;dw07;dw08,dw00;dw01;dw02;dw03;dw04;dw05;dw06;dw07;dw08,dw06,55,1,2026-08-27T13:15:05.942+0200,dw02,8FB0,78,1972,-103,1972,0,3.45,52337
ground-height-0m-20260825-163632,d020m_r090_run01.csv,0,20,90,dw00;dw01;dw02;dw03;dw04;dw05;dw06;dw07;dw08,dw00;dw01;dw02;dw03;dw04;dw05;dw06;dw07;dw08,dw06,90,1,2026-08-27T13:15:05.952+0200,dw04,0F85,78,1965,0,-1123,1612,3.90,62225
ground-height-0m-20260825-163632,d020m_r090_run01.csv,0,20,90,dw00;dw01;dw02;dw03;dw04;dw05;dw06;dw07;dw08,dw00;dw01;dw02;dw03;dw04;dw05;dw06;dw07;dw08,dw06,165,1,2026-08-27T13:15:06.012+0200,dw08,028E,218,1975,64,-340,1946,2.38,22277
ground-height-0m-20260825-163632,d020m_r090_run01.csv,0,20,90,dw00;dw01;dw02;dw03;dw04;dw05;dw06;dw07;dw08,dw00;dw01;dw02;dw03;dw04;dw05;dw06;dw07;dw08,dw06,15,1,2026-08-27T13:15:06.022+0200,dw00,8103,39,1974,-162,1270,1511,3.84,32257
ground-height-0m-20260825-163632,d020m_r090_run01.csv,0,20,90,dw00;dw01;dw02;dw03;dw04;dw05;dw06;dw07;dw08,dw00;dw01;dw02;dw03;dw04;dw05;dw06;dw07;dw08,dw06,105,1,2026-08-27T13:15:06.062+0200,dw05,4B92,31,1970,44,-593,1879,3.72,72265
ground-height-0m-20260825-163632,d020m_r090_run01.csv,0,20,90,dw00;dw01;dw02;dw03;dw04;dw05;dw06;dw07;dw08,dw00;dw01;dw02;dw03;dw04;dw05;dw06;dw07;dw08,dw06,35,1,2026-08-27T13:15:06.133+0200,dw01,1729,212,1974,-146,1471,1317,3.57,2147483
ground-height-0m-20260825-163632,d020m_r090_run01.csv,0,20,90,dw00;dw01;dw02;dw03;dw04;dw05;dw06;dw07;dw08,dw00;dw01;dw02;dw03;dw04;dw05;dw06;dw07;dw08,dw06,55,1,2026-08-27T13:15:06.142+0200,dw02,8FB0,79,1972,-92,1972,0,3.45,2147483
ground-height-0m-20260825-163632,d020m_r090_run01.csv,0,20,90,dw00;dw01;dw02;dw03;dw04;dw05;dw06;dw07;dw08,dw00;dw01;dw02;dw03;dw04;dw05;dw06;dw07;dw08,dw06,90,1,2026-08-27T13:15:06.152+0200,dw04,0F85,79,1965,2,-1089,1635,3.90,2147483
ground-height-0m-20260825-163632,d020m_r090_run01.csv,0,20,90,dw00;dw01;dw02;dw03;dw04;dw05;dw06;dw07;dw08,dw00;dw01;dw02;dw03;dw04;dw05;dw06;dw07;dw08,dw06,165,1,2026-08-27T13:15:06.213+0200,dw08,028E,219,1974,89,-46,1973,2.44,22247
ground-height-0m-20260825-163632,d020m_r090_run01.csv,0,20,90,dw00;dw01;dw02;dw03;dw04;dw05;dw06;dw07;dw08,dw00;dw01;dw02;dw03;dw04;dw05;dw06;dw07;dw08,dw06,15,1,2026-08-27T13:15:06.222+0200,dw00,8103,40,1976,-151,1404,1390,3.78,32226
ground-height-0m-20260825-163632,d020m_r090_run01.csv,0,20,90,dw00;dw01;dw02;dw03;dw04;dw05;dw06;dw07;dw08,dw00;dw01;dw02;dw03;dw04;dw05;dw06;dw07;dw08,dw06,105,1,2026-08-27T13:15:06.262+0200,dw05,4B92,32,1974,52,-492,1912,3.63,72296
ground-height-0m-20260825-163632,d020m_r090_run01.csv,0,20,90,dw00;dw01;dw02;dw03;dw04;dw05;dw06;dw07;dw08,dw00;dw01;dw02;dw03;dw04;dw05;dw06;dw07;dw08,dw06,75,1,2026-08-27T13:15:06.318+0200,dw03,021B,240,1964,-39,-1599,1139,3.27,27893
ground-height-0m-20260825-163632,d020m_r090_run01.csv,0,20,90,dw00;dw01;dw02;dw03;dw04;dw05;dw06;dw07;dw08,dw00;dw01;dw02;dw03;dw04;dw05;dw06;dw07;dw08,dw06,35,1,2026-08-27T13:15:06.351+0200,dw01,1729,213,1971,-121,1768,870,3.45,60974
ground-height-0m-20260825-163632,d020m_r090_run01.csv,0,20,90,dw00;dw01;dw02;dw03;dw04;dw05;dw06;dw07;dw08,dw00;dw01;dw02;dw03;dw04;dw05;dw06;dw07;dw08,dw06,55,1,2026-08-27T13:15:06.361+0200,dw02,8FB0,80,1972,-90,1972,0,3.57,71014
ground-height-0m-20260825-163632,d020m_r090_run01.csv,0,20,90,dw00;dw01;dw02;dw03;dw04;dw05;dw06;dw07;dw08,dw00;dw01;dw02;dw03;dw04;dw05;dw06;dw07;dw08,dw06,90,1,2026-08-27T13:15:06.371+0200,dw04,0F85,80,1963,4,-1073,1644,4.02,80596
ground-height-0m-20260825-163632,d020m_r090_run01.csv,0,20,90,dw00;dw01;dw02;dw03;dw04;dw05;dw06;dw07;dw08,dw00;dw01;dw02;dw03;dw04;dw05;dw06;dw07;dw08,dw06,165,1,2026-08-27T13:15:06.412+0200,dw08,028E,220,1970,70,-272,1951,2.50,2147483
ground-height-0m-20260825-163632,d020m_r090_run01.csv,0,20,90,dw00;dw01;dw02;dw03;dw04;dw05;dw06;dw07;dw08,dw00;dw01;dw02;dw03;dw04;dw05;dw06;dw07;dw08,dw06,15,1,2026-08-27T13:15:06.423+0200,dw00,8103,41,1976,-153,1379,1415,3.78,2147483
ground-height-0m-20260825-163632,d020m_r090_run01.csv,0,20,90,dw00;dw01;dw02;dw03;dw04;dw05;dw06;dw07;dw08,dw00;dw01;dw02;dw03;dw04;dw05;dw06;dw07;dw08,dw06,105,1,2026-08-27T13:15:06.463+0200,dw05,4B92,33,1972,52,-494,1909,3.57,2147483
ground-height-0m-20260825-163632,d020m_r090_run01.csv,0,20,90,dw00;dw01;dw02;dw03;dw04;dw05;dw06;dw07;dw08,dw00;dw01;dw02;dw03;dw04;dw05;dw06;dw07;dw08,dw06,75,1,2026-08-27T13:15:06.503+0200,dw03,021B,241,1964,-48,-1708,970,3.27,12329
ground-height-0m-20260825-163632,d020m_r090_run01.csv,0,20,90,dw00;dw01;dw02;dw03;dw04;dw05;dw06;dw07;dw08,dw00;dw01;dw02;dw03;dw04;dw05;dw06;dw07;dw08,dw06,35,1,2026-08-27T13:15:06.532+0200,dw01,1729,214,1973,-140,1540,1233,3.57,42327
ground-height-0m-20260825-163632,d020m_r090_run01.csv,0,20,90,dw00;dw01;dw02;dw03;dw04;dw05;dw06;dw07;dw08,dw00;dw01;dw02;dw03;dw04;dw05;dw06;dw07;dw08,dw06,55,1,2026-08-27T13:15:06.542+0200,dw02,8FB0,81,1974,-97,1973,0,3.51,52368
ground-height-0m-20260825-163632,d020m_r090_run01.csv,0,20,90,dw00;dw01;dw02;dw03;dw04;dw05;dw06;dw07;dw08,dw00;dw01;dw02;dw03;dw04;dw05;dw06;dw07;dw08,dw06,90,1,2026-08-27T13:15:06.552+0200,dw04,0F85,81,1967,0,-1129,1611,3.90,62286
ground-height-0m-20260825-163632,d020m_r090_run01.csv,0,20,90,dw00;dw01;dw02;dw03;dw04;dw05;dw06;dw07;dw08,dw00;dw01;dw02;dw03;dw04;dw05;dw06;dw07;dw08,dw06,165,1,2026-08-27T13:15:06.631+0200,dw08,028E,221,1977,-48,-1722,971,2.53,40557
ground-height-0m-20260825-163632,d020m_r090_run01.csv,0,20,90,dw00;dw01;dw02;dw03;dw04;dw05;dw06;dw07;dw08,dw00;dw01;dw02;dw03;dw04;dw05;dw06;dw07;dw08,dw06,15,1,2026-08-27T13:15:06.640+0200,dw00,8103,42,1977,-170,1179,1587,3.90,50628
ground-height-0m-20260825-163632,d020m_r090_run01.csv,0,20,90,dw00;dw01;dw02;dw03;dw04;dw05;dw06;dw07;dw08,dw00;dw01;dw02;dw03;dw04;dw05;dw06;dw07;dw08,dw06,105,1,2026-08-27T13:15:06.680+0200,dw05,4B92,34,1970,39,-652,1859,3.63,90484
ground-height-0m-20260825-163632,d020m_r090_run01.csv,0,20,90,dw00;dw01;dw02;dw03;dw04;dw05;dw06;dw07;dw08,dw00;dw01;dw02;dw03;dw04;dw05;dw06;dw07;dw08,dw06,75,1,2026-08-27T13:15:06.702+0200,dw03,021B,242,1962,-39,-1604,1129,3.21,12268
ground-height-0m-20260825-163632,d020m_r090_run01.csv,0,20,90,dw00;dw01;dw02;dw03;dw04;dw05;dw06;dw07;dw08,dw00;dw01;dw02;dw03;dw04;dw05;dw06;dw07;dw08,dw06,35,1,2026-08-27T13:15:06.732+0200,dw01,1729,215,1972,-138,1559,1207,3.51,42297
ground-height-0m-20260825-163632,d020m_r090_run01.csv,0,20,90,dw00;dw01;dw02;dw03;dw04;dw05;dw06;dw07;dw08,dw00;dw01;dw02;dw03;dw04;dw05;dw06;dw07;dw08,dw06,55,1,2026-08-27T13:15:06.742+0200,dw02,8FB0,82,1972,-105,1967,139,3.45,52337
ground-height-0m-20260825-163632,d020m_r090_run01.csv,0,20,90,dw00;dw01;dw02;dw03;dw04;dw05;dw06;dw07;dw08,dw00;dw01;dw02;dw03;dw04;dw05;dw06;dw07;dw08,dw06,90,1,2026-08-27T13:15:06.752+0200,dw04,0F85,82,1967,1,-1104,1628,4.02,62255
ground-height-0m-20260825-163632,d020m_r090_run01.csv,0,20,90,dw00;dw01;dw02;dw03;dw04;dw05;dw06;dw07;dw08,dw00;dw01;dw02;dw03;dw04;dw05;dw06;dw07;dw08,dw06,165,1,2026-08-27T13:15:06.812+0200,dw08,028E,222,1974,0,-1122,1623,2.50,22308
ground-height-0m-20260825-163632,d020m_r090_run01.csv,0,20,90,dw00;dw01;dw02;dw03;dw04;dw05;dw06;dw07;dw08,dw00;dw01;dw02;dw03;dw04;dw05;dw06;dw07;dw08,dw06,15,1,2026-08-27T13:15:06.822+0200,dw00,8103,43,1974,-167,1212,1557,3.84,32287
ground-height-0m-20260825-163632,d020m_r090_run01.csv,0,20,90,dw00;dw01;dw02;dw03;dw04;dw05;dw06;dw07;dw08,dw00;dw01;dw02;dw03;dw04;dw05;dw06;dw07;dw08,dw06,105,1,2026-08-27T13:15:06.862+0200,dw05,4B92,35,1972,42,-617,1873,3.78,72265
ground-height-0m-20260825-163632,d020m_r090_run01.csv,0,20,90,dw00;dw01;dw02;dw03;dw04;dw05;dw06;dw07;dw08,dw00;dw01;dw02;dw03;dw04;dw05;dw06;dw07;dw08,dw06,35,1,2026-08-27T13:15:06.932+0200,dw01,1729,216,1975,-136,1587,1175,3.57,2147483
ground-height-0m-20260825-163632,d020m_r090_run01.csv,0,20,90,dw00;dw01;dw02;dw03;dw04;dw05;dw06;dw07;dw08,dw00;dw01;dw02;dw03;dw04;dw05;dw06;dw07;dw08,dw06,55,1,2026-08-27T13:15:06.942+0200,dw02,8FB0,83,1973,-99,1973,0,3.45,2147483
ground-height-0m-20260825-163632,d020m_r090_run01.csv,0,20,90,dw00;dw01;dw02;dw03;dw04;dw05;dw06;dw07;dw08,dw00;dw01;dw02;dw03;dw04;dw05;dw06;dw07;dw08,dw06,90,1,2026-08-27T13:15:06.952+0200,dw04,0F85,83,1965,8,-1024,1677,3.90,2147483
ground-height-0m-20260825-163632,d020m_r090_run01.csv,0,20,90,dw00;dw01;dw02;dw03;dw04;dw05;dw06;dw07;dw08,dw00;dw01;dw02;dw03;dw04;dw05;dw06;dw07;dw08,dw06,165,1,2026-08-27T13:15:07.013+0200,dw08,028E,223,1974,-8,-1232,1542,2.50,22277
ground-height-0m-20260825-163632,d020m_r090_run01.csv,0,20,90,dw00;dw01;dw02;dw03;dw04;dw05;dw06;dw07;dw08,dw00;dw01;dw02;dw03;dw04;dw05;dw06;dw07;dw08,dw06,15,1,2026-08-27T13:15:07.022+0200,dw00,8103,44,1978,-161,1285,1503,3.84,32226
ground-height-0m-20260825-163632,d020m_r090_run01.csv,0,20,90,dw00;dw01;dw02;dw03;dw04;dw05;dw06;dw07;dw08,dw00;dw01;dw02;dw03;dw04;dw05;dw06;dw07;dw08,dw06,105,1,2026-08-27T13:15:07.062+0200,dw05,4B92,36,1970,45,-580,1882,3.78,72235
ground-height-0m-20260825-163632,d020m_r090_run01.csv,0,20,90,dw00;dw01;dw02;dw03;dw04;dw05;dw06;dw07;dw08,dw00;dw01;dw02;dw03;dw04;dw05;dw06;dw07;dw08,dw06,75,1,2026-08-27T13:15:07.118+0200,dw03,021B,244,1965,-41,-1630,1097,3.27,27893
ground-height-0m-20260825-163632,d020m_r090_run01.csv,0,20,90,dw00;dw01;dw02;dw03;dw04;dw05;dw06;dw07;dw08,dw00;dw01;dw02;dw03;dw04;dw05;dw06;dw07;dw08,dw06,35,1,2026-08-27T13:15:07.151+0200,dw01,1729,217,1971,-146,1463,1321,3.57,61004
ground-height-0m-20260825-163632,d020m_r090_run01.csv,0,20,90,dw00;dw01;dw02;dw03;dw04;dw05;dw06;dw07;dw08,dw00;dw01;dw02;dw03;dw04;dw05;dw06;dw07;dw08,dw06,55,1,2026-08-27T13:15:07.161+0200,dw02,8FB0,84,1970,-105,1961,192,3.51,71044
ground-height-0m-20260825-163632,d020m_r090_run01.csv,0,20,90,dw00;dw01;dw02;dw03;dw04;dw05;dw06;dw07;dw08,dw00;dw01;dw02;dw03;dw04;dw05;dw06;dw07;dw08,dw06,90,1,2026-08-27T13:15:07.171+0200,dw04,0F85,84,1965,3,-1079,1642,3.90,80505
ground-height-0m-20260825-163632,d020m_r090_run01.csv,0,20,90,dw00;dw01;dw02;dw03;dw04;dw05;dw06;dw07;dw08,dw00;dw01;dw02;dw03;dw04;dw05;dw06;dw07;dw08,dw06,165,1,2026-08-27T13:15:07.212+0200,dw08,028E,224,1973,10,-1000,1700,2.44,2147483
ground-height-0m-20260825-163632,d020m_r090_run01.csv,0,20,90,dw00;dw01;dw02;dw03;dw04;dw05;dw06;dw07;dw08,dw00;dw01;dw02;dw03;dw04;dw05;dw06;dw07;dw08,dw06,15,1,2026-08-27T13:15:07.222+0200,dw00,8103,45,1975,-154,1374,1419,3.78,2147483
ground-height-0m-20260825-163632,d020m_r090_run01.csv,0,20,90,dw00;dw01;dw02;dw03;dw04;dw05;dw06;dw07;dw08,dw00;dw01;dw02;dw03;dw04;dw05;dw06;dw07;dw08,dw06,105,1,2026-08-27T13:15:07.262+0200,dw05,4B92,37,1968,51,-506,1902,3.69,2147483
ground-height-0m-20260825-163632,d020m_r090_run01.csv,0,20,90,dw00;dw01;dw02;dw03;dw04;dw05;dw06;dw07;dw08,dw00;dw01;dw02;dw03;dw04;dw05;dw06;dw07;dw08,dw06,75,1,2026-08-27T13:15:07.302+0200,dw03,021B,245,1962,-42,-1638,1079,3.15,12298
ground-height-0m-20260825-163632,d020m_r090_run01.csv,0,20,90,dw00;dw01;dw02;dw03;dw04;dw05;dw06;dw07;dw08,dw00;dw01;dw02;dw03;dw04;dw05;dw06;dw07;dw08,dw06,35,1,2026-08-27T13:15:07.332+0200,dw01,1729,218,1974,-152,1389,1403,3.63,42358
ground-height-0m-20260825-163632,d020m_r090_run01.csv,0,20,90,dw00;dw01;dw02;dw03;dw04;dw05;dw06;dw07;dw08,dw00;dw01;dw02;dw03;dw04;dw05;dw06;dw07;dw08,dw06,55,1,2026-08-27T13:15:07.341+0200,dw02,8FB0,85,1972,-97,1972,0,3.57,52337
ground-height-0m-20260825-163632,d020m_r090_run01.csv,0,20,90,dw00;dw01;dw02;dw03;dw04;dw05;dw06;dw07;dw08,dw00;dw01;dw02;dw03;dw04;dw05;dw06;dw07;dw08,dw06,90,1,2026-08-27T13:15:07.352+0200,dw04,0F85,85,1965,0,-1130,1607,4.08,62316
ground-height-0m-20260825-163632,d020m_r090_run01.csv,0,20,90,dw00;dw01;dw02;dw03;dw04;dw05;dw06;dw07;dw08,dw00;dw01;dw02;dw03;dw04;dw05;dw06;dw07;dw08,dw06,165,1,2026-08-27T13:15:07.430+0200,dw08,028E,225,1974,22,-853,1780,2.53,40588
ground-height-0m-20260825-163632,d020m_r090_run01.csv,0,20,90,dw00;dw01;dw02;dw03;dw04;dw05;dw06;dw07;dw08,dw00;dw01;dw02;dw03;dw04;dw05;dw06;dw07;dw08,dw06,15,1,2026-08-27T13:15:07.440+0200,dw00,8103,46,1974,-157,1331,1456,3.84,50567
ground-height-0m-20260825-163632,d020m_r090_run01.csv,0,20,90,dw00;dw01;dw02;dw03;dw04;dw05;dw06;dw07;dw08,dw00;dw01;dw02;dw03;dw04;dw05;dw06;dw07;dw08,dw06,105,1,2026-08-27T13:15:07.480+0200,dw05,4B92,38,1973,43,-602,1879,3.69,90515
ground-height-0m-20260825-163632,d020m_r090_run01.csv,0,20,90,dw00;dw01;dw02;dw03;dw04;dw05;dw06;dw07;dw08,dw00;dw01;dw02;dw03;dw04;dw05;dw06;dw07;dw08,dw06,75,1,2026-08-27T13:15:07.502+0200,dw03,021B,246,1963,-42,-1632,1091,3.15,12268
ground-height-0m-20260825-163632,d020m_r090_run01.csv,0,20,90,dw00;dw01;dw02;dw03;dw04;dw05;dw06;dw07;dw08,dw00;dw01;dw02;dw03;dw04;dw05;dw06;dw07;dw08,dw06,35,1,2026-08-27T13:15:07.532+0200,dw01,1729,219,1972,-132,1631,1109,3.57,42327
ground-height-0m-20260825-163632,d020m_r090_run01.csv,0,20,90,dw00;dw01;dw02;dw03;dw04;dw05;dw06;dw07;dw08,dw00;dw01;dw02;dw03;dw04;dw05;dw06;dw07;dw08,dw06,55,1,2026-08-27T13:15:07.542+0200,dw02,8FB0,86,1973,-94,1973,0,3.57,52337
ground-height-0m-20260825-163632,d020m_r090_run01.csv,0,20,90,dw00;dw01;dw02;dw03;dw04;dw05;dw06;dw07;dw08,dw00;dw01;dw02;dw03;dw04;dw05;dw06;dw07;dw08,dw06,90,1,2026-08-27T13:15:07.551+0200,dw04,0F85,86,1964,0,-1131,1605,4.02,62225
ground-height-0m-20260825-163632,d020m_r090_run01.csv,0,20,90,dw00;dw01;dw02;dw03;dw04;dw05;dw06;dw07;dw08,dw00;dw01;dw02;dw03;dw04;dw05;dw06;dw07;dw08,dw06,165,1,2026-08-27T13:15:07.612+0200,dw08,028E,226,1971,66,-323,1945,2.50,22277
ground-height-0m-20260825-163632,d020m_r090_run01.csv,0,20,90,dw00;dw01;dw02;dw03;dw04;dw05;dw06;dw07;dw08,dw00;dw01;dw02;dw03;dw04;dw05;dw06;dw07;dw08,dw06,15,1,2026-08-27T13:15:07.622+0200,dw00,8103,47,1978,-147,1452,1343,3.78,32287
ground-height-0m-20260825-163632,d020m_r090_run01.csv,0,20,90,dw00;dw01;dw02;dw03;dw04;dw05;dw06;dw07;dw08,dw00;dw01;dw02;dw03;dw04;dw05;dw06;dw07;dw08,dw06,105,1,2026-08-27T13:15:07.662+0200,dw05,4B92,39,1976,42,-611,1879,3.69,72265
ground-height-0m-20260825-163632,d020m_r090_run01.csv,0,20,90,dw00;dw01;dw02;dw03;dw04;dw05;dw06;dw07;dw08,dw00;dw01;dw02;dw03;dw04;dw05;dw06;dw07;dw08,dw06,35,1,2026-08-27T13:15:07.732+0200,dw01,1729,220,1974,-132,1639,1100,3.57,2147483
ground-height-0m-20260825-163632,d020m_r090_run01.csv,0,20,90,dw00;dw01;dw02;dw03;dw04;dw05;dw06;dw07;dw08,dw00;dw01;dw02;dw03;dw04;dw05;dw06;dw07;dw08,dw06,55,1,2026-08-27T13:15:07.742+0200,dw02,8FB0,87,1976,-101,1976,0,3.51,2147483
ground-height-0m-20260825-163632,d020m_r090_run01.csv,0,20,90,dw00;dw01;dw02;dw03;dw04;dw05;dw06;dw07;dw08,dw00;dw01;dw02;dw03;dw04;dw05;dw06;dw07;dw08,dw06,90,1,2026-08-27T13:15:07.752+0200,dw04,0F85,87,1966,0,-1133,1607,3.90,2147483
ground-height-0m-20260825-163632,d020m_r090_run01.csv,0,20,90,dw00;dw01;dw02;dw03;dw04;dw05;dw06;dw07;dw08,dw00;dw01;dw02;dw03;dw04;dw05;dw06;dw07;dw08,dw06,165,1,2026-08-27T13:15:07.812+0200,dw08,028E,227,1972,66,-319,1946,2.50,22247
ground-height-0m-20260825-163632,d020m_r090_run01.csv,0,20,90,dw00;dw01;dw02;dw03;dw04;dw05;dw06;dw07;dw08,dw00;dw01;dw02;dw03;dw04;dw05;dw06;dw07;dw08,dw06,15,1,2026-08-27T13:15:07.822+0200,dw00,8103,48,1978,-160,1294,1495,3.84,32226
ground-height-0m-20260825-163632,d020m_r090_run01.csv,0,20,90,dw00;dw01;dw02;dw03;dw04;dw05;dw06;dw07;dw08,dw00;dw01;dw02;dw03;dw04;dw05;dw06;dw07;dw08,dw06,105,1,2026-08-27T13:15:07.862+0200,dw05,4B92,40,1974,39,-651,1863,3.72,72235
ground-height-0m-20260825-163632,d020m_r090_run01.csv,0,20,90,dw00;dw01;dw02;dw03;dw04;dw05;dw06;dw07;dw08,dw00;dw01;dw02;dw03;dw04;dw05;dw06;dw07;dw08,dw06,75,1,2026-08-27T13:15:07.918+0200,dw03,021B,248,1965,-44,-1660,1051,3.33,27923
ground-height-0m-20260825-163632,d020m_r090_run01.csv,0,20,90,dw00;dw01;dw02;dw03;dw04;dw05;dw06;dw07;dw08,dw00;dw01;dw02;dw03;dw04;dw05;dw06;dw07;dw08,dw06,35,1,2026-08-27T13:15:07.951+0200,dw01,1729,221,1967,-136,1586,1164,3.45,61004
ground-height-0m-20260825-163632,d020m_r090_run01.csv,0,20,90,dw00;dw01;dw02;dw03;dw04;dw05;dw06;dw07;dw08,dw00;dw01;dw02;dw03;dw04;dw05;dw06;dw07;dw08,dw06,55,1,2026-08-27T13:15:07.961+0200,dw02,8FB0,88,1975,-95,1975,0,3.57,71044
ground-height-0m-20260825-163632,d020m_r090_run01.csv,0,20,90,dw00;dw01;dw02;dw03;dw04;dw05;dw06;dw07;dw08,dw00;dw01;dw02;dw03;dw04;dw05;dw06;dw07;dw08,dw06,90,1,2026-08-27T13:15:07.970+0200,dw04,0F85,88,1968,2,-1090,1638,3.96,80566
ground-height-0m-20260825-163632,d020m_r090_run01.csv,0,20,90,dw00;dw01;dw02;dw03;dw04;dw05;dw06;dw07;dw08,dw00;dw01;dw02;dw03;dw04;dw05;dw06;dw07;dw08,dw06,165,1,2026-08-27T13:15:08.012+0200,dw08,028E,228,1974,50,-513,1906,2.44,2147483
ground-height-0m-20260825-163632,d020m_r090_run01.csv,0,20,90,dw00;dw01;dw02;dw03;dw04;dw05;dw06;dw07;dw08,dw00;dw01;dw02;dw03;dw04;dw05;dw06;dw07;dw08,dw06,15,1,2026-08-27T13:15:08.023+0200,dw00,8103,49,1974,-178,1082,1651,3.84,2147483
ground-height-0m-20260825-163632,d020m_r090_run01.csv,0,20,90,dw00;dw01;dw02;dw03;dw04;dw05;dw06;dw07;dw08,dw00;dw01;dw02;dw03;dw04;dw05;dw06;dw07;dw08,dw06,105,1,2026-08-27T13:15:08.063+0200,dw05,4B92,41,1972,46,-567,1889,3.69,2147483
ground-height-0m-20260825-163632,d020m_r090_run01.csv,0,20,90,dw00;dw01;dw02;dw03;dw04;dw05;dw06;dw07;dw08,dw00;dw01;dw02;dw03;dw04;dw05;dw06;dw07;dw08,dw06,75,1,2026-08-27T13:15:08.103+0200,dw03,021B,249,1962,-40,-1611,1120,3.21,12329
ground-height-0m-20260825-163632,d020m_r090_run01.csv,0,20,90,dw00;dw01;dw02;dw03;dw04;dw05;dw06;dw07;dw08,dw00;dw01;dw02;dw03;dw04;dw05;dw06;dw07;dw08,dw06,35,1,2026-08-27T13:15:08.132+0200,dw01,1729,222,1972,-131,1649,1081,3.45,42358
ground-height-0m-20260825-163632,d020m_r090_run01.csv,0,20,90,dw00;dw01;dw02;dw03;dw04;dw05;dw06;dw07;dw08,dw00;dw01;dw02;dw03;dw04;dw05;dw06;dw07;dw08,dw06,55,1,2026-08-27T13:15:08.142+0200,dw02,8FB0,89,1971,-98,1971,0,3.45,52337
ground-height-0m-20260825-163632,d020m_r090_run01.csv,0,20,90,dw00;dw01;dw02;dw03;dw04;dw05;dw06;dw07;dw08,dw00;dw01;dw02;dw03;dw04;dw05;dw06;dw07;dw08,dw06,90,1,2026-08-27T13:15:08.153+0200,dw04,0F85,89,1967,1,-1109,1625,4.02,62286
ground-height-0m-20260825-163632,d020m_r090_run01.csv,0,20,90,dw00;dw01;dw02;dw03;dw04;dw05;dw06;dw07;dw08,dw00;dw01;dw02;dw03;dw04;dw05;dw06;dw07;dw08,dw06,165,1,2026-08-27T13:15:08.231+0200,dw08,028E,229,1968,-48,-1711,972,2.50,40618
ground-height-0m-20260825-163632,d020m_r090_run01.csv,0,20,90,dw00;dw01;dw02;dw03;dw04;dw05;dw06;dw07;dw08,dw00;dw01;dw02;dw03;dw04;dw05;dw06;dw07;dw08,dw06,15,1,2026-08-27T13:15:08.241+0200,dw00,8103,50,1975,-167,1206,1564,3.72,50598
ground-height-0m-20260825-163632,d020m_r090_run01.csv,0,20,90,dw00;dw01;dw02;dw03;dw04;dw05;dw06;dw07;dw08,dw00;dw01;dw02;dw03;dw04;dw05;dw06;dw07;dw08,dw06,105,1,2026-08-27T13:15:08.281+0200,dw05,4B92,42,1975,46,-558,1894,3.78,90484
ground-height-0m-20260825-163632,d020m_r090_run01.csv,0,20,90,dw00;dw01;dw02;dw03;dw04;dw05;dw06;dw07;dw08,dw00;dw01;dw02;dw03;dw04;dw05;dw06;dw07;dw08,dw06,75,1,2026-08-27T13:15:08.302+0200,dw03,021B,250,1965,-41,-1622,1109,3.15,12268
ground-height-0m-20260825-163632,d020m_r090_run01.csv,0,20,90,dw00;dw01;dw02;dw03;dw04;dw05;dw06;dw07;dw08,dw00;dw01;dw02;dw03;dw04;dw05;dw06;dw07;dw08,dw06,35,1,2026-08-27T13:15:08.332+0200,dw01,1729,223,1974,-147,1452,1337,3.51,42297
ground-height-0m-20260825-163632,d020m_r090_run01.csv,0,20,90,dw00;dw01;dw02;dw03;dw04;dw05;dw06;dw07;dw08,dw00;dw01;dw02;dw03;dw04;dw05;dw06;dw07;dw08,dw06,55,1,2026-08-27T13:15:08.342+0200,dw02,8FB0,90,1974,-113,1871,628,3.51,52337
ground-height-0m-20260825-163632,d020m_r090_run01.csv,0,20,90,dw00;dw01;dw02;dw03;dw04;dw05;dw06;dw07;dw08,dw00;dw01;dw02;dw03;dw04;dw05;dw06;dw07;dw08,dw06,90,1,2026-08-27T13:15:08.352+0200,dw04,0F85,90,1966,6,-1047,1664,3.96,62255
ground-height-0m-20260825-163632,d020m_r090_run01.csv,0,20,90,dw00;dw01;dw02;dw03;dw04;dw05;dw06;dw07;dw08,dw00;dw01;dw02;dw03;dw04;dw05;dw06;dw07;dw08,dw06,165,1,2026-08-27T13:15:08.413+0200,dw08,028E,230,1973,-1,-1143,1607,2.53,22308
ground-height-0m-20260825-163632,d020m_r090_run01.csv,0,20,90,dw00;dw01;dw02;dw03;dw04;dw05;dw06;dw07;dw08,dw00;dw01;dw02;dw03;dw04;dw05;dw06;dw07;dw08,dw06,15,1,2026-08-27T13:15:08.422+0200,dw00,8103,51,1975,-153,1381,1412,3.90,32257
ground-height-0m-20260825-163632,d020m_r090_run01.csv,0,20,90,dw00;dw01;dw02;dw03;dw04;dw05;dw06;dw07;dw08,dw00;dw01;dw02;dw03;dw04;dw05;dw06;dw07;dw08,dw06,105,1,2026-08-27T13:15:08.462+0200,dw05,4B92,43,1971,48,-535,1897,3.78,72296
ground-height-0m-20260825-163632,d020m_r090_run01.csv,0,20,90,dw00;dw01;dw02;dw03;dw04;dw05;dw06;dw07;dw08,dw00;dw01;dw02;dw03;dw04;dw05;dw06;dw07;dw08,dw06,35,1,2026-08-27T13:15:08.533+0200,dw01,1729,224,1971,-26,-1446,1339,3.57,2147483
ground-height-0m-20260825-163632,d020m_r090_run01.csv,0,20,90,dw00;dw01;dw02;dw03;dw04;dw05;dw06;dw07;dw08,dw00;dw01;dw02;dw03;dw04;dw05;dw06;dw07;dw08,dw06,55,1,2026-08-27T13:15:08.542+0200,dw02,8FB0,91,1976,-92,1976,0,3.63,2147483
ground-height-0m-20260825-163632,d020m_r090_run01.csv,0,20,90,dw00;dw01;dw02;dw03;dw04;dw05;dw06;dw07;dw08,dw00;dw01;dw02;dw03;dw04;dw05;dw06;dw07;dw08,dw06,90,1,2026-08-27T13:15:08.552+0200,dw04,0F85,91,1967,-1,-1142,1601,4.02,2147483
ground-height-0m-20260825-163632,d020m_r090_run01.csv,0,20,90,dw00;dw01;dw02;dw03;dw04;dw05;dw06;dw07;dw08,dw00;dw01;dw02;dw03;dw04;dw05;dw06;dw07;dw08,dw06,165,1,2026-08-27T13:15:08.613+0200,dw08,028E,231,1971,-12,-1284,1496,2.50,22277
ground-height-0m-20260825-163632,d020m_r090_run01.csv,0,20,90,dw00;dw01;dw02;dw03;dw04;dw05;dw06;dw07;dw08,dw00;dw01;dw02;dw03;dw04;dw05;dw06;dw07;dw08,dw06,15,1,2026-08-27T13:15:08.622+0200,dw00,8103,52,1977,-149,1428,1367,3.90,32226
ground-height-0m-20260825-163632,d020m_r090_run01.csv,0,20,90,dw00;dw01;dw02;dw03;dw04;dw05;dw06;dw07;dw08,dw00;dw01;dw02;dw03;dw04;dw05;dw06;dw07;dw08,dw06,105,1,2026-08-27T13:15:08.662+0200,dw05,4B92,44,1975,46,-561,1894,3.57,72235
ground-height-0m-20260825-163632,d020m_r090_run01.csv,0,20,90,dw00;dw01;dw02;dw03;dw04;dw05;dw06;dw07;dw08,dw00;dw01;dw02;dw03;dw04;dw05;dw06;dw07;dw08,dw06,75,1,2026-08-27T13:15:08.718+0200,dw03,021B,252,1962,-52,-1760,868,3.33,27832
ground-height-0m-20260825-163632,d020m_r090_run01.csv,0,20,90,dw00;dw01;dw02;dw03;dw04;dw05;dw06;dw07;dw08,dw00;dw01;dw02;dw03;dw04;dw05;dw06;dw07;dw08,dw06,35,1,2026-08-27T13:15:08.751+0200,dw01,1729,225,1971,-135,1601,1149,3.45,61004
ground-height-0m-20260825-163632,d020m_r090_run01.csv,0,20,90,dw00;dw01;dw02;dw03;dw04;dw05;dw06;dw07;dw08,dw00;dw01;dw02;dw03;dw04;dw05;dw06;dw07;dw08,dw06,55,1,2026-08-27T13:15:08.761+0200,dw02,8FB0,92,1973,-105,1967,153,3.45,71014
ground-height-0m-20260825-163632,d020m_r090_run01.csv,0,20,90,dw00;dw01;dw02;dw03;dw04;dw05;dw06;dw07;dw08,dw00;dw01;dw02;dw03;dw04;dw05;dw06;dw07;dw08,dw06,90,1,2026-08-27T13:15:08.771+0200,dw04,0F85,92,1967,-5,-1194,1563,4.02,80505
ground-height-0m-20260825-163632,d020m_r090_run01.csv,0,20,90,dw00;dw01;dw02;dw03;dw04;dw05;dw06;dw07;dw08,dw00;dw01;dw02;dw03;dw04;dw05;dw06;dw07;dw08,dw06,165,1,2026-08-27T13:15:08.812+0200,dw08,028E,232,1976,17,-922,1748,2.44,2147483
ground-height-0m-20260825-163632,d020m_r090_run01.csv,0,20,90,dw00;dw01;dw02;dw03;dw04;dw05;dw06;dw07;dw08,dw00;dw01;dw02;dw03;dw04;dw05;dw06;dw07;dw08,dw06,15,1,2026-08-27T13:15:08.823+0200,dw00,8103,53,1975,-169,1186,1579,3.78,2147483
ground-height-0m-20260825-163632,d020m_r090_run01.csv,0,20,90,dw00;dw01;dw02;dw03;dw04;dw05;dw06;dw07;dw08,dw00;dw01;dw02;dw03;dw04;dw05;dw06;dw07;dw08,dw06,105,1,2026-08-27T13:15:08.863+0200,dw05,4B92,45,1969,46,-564,1886,3.72,2147483
ground-height-0m-20260825-163632,d020m_r090_run01.csv,0,20,90,dw00;dw01;dw02;dw03;dw04;dw05;dw06;dw07;dw08,dw00;dw01;dw02;dw03;dw04;dw05;dw06;dw07;dw08,dw06,75,1,2026-08-27T13:15:08.903+0200,dw03,021B,253,1962,-44,-1656,1051,3.15,12329
ground-height-0m-20260825-163632,d020m_r090_run01.csv,0,20,90,dw00;dw01;dw02;dw03;dw04;dw05;dw06;dw07;dw08,dw00;dw01;dw02;dw03;dw04;dw05;dw06;dw07;dw08,dw06,35,1,2026-08-27T13:15:08.932+0200,dw01,1729,226,1975,-119,1795,823,3.57,42358
ground-height-0m-20260825-163632,d020m_r090_run01.csv,0,20,90,dw00;dw01;dw02;dw03;dw04;dw05;dw06;dw07;dw08,dw00;dw01;dw02;dw03;dw04;dw05;dw06;dw07;dw08,dw06,55,1,2026-08-27T13:15:08.942+0200,dw02,8FB0,93,1973,-82,-1973,0,3.51,52368
ground-height-0m-20260825-163632,d020m_r090_run01.csv,0,20,90,dw00;dw01;dw02;dw03;dw04;dw05;dw06;dw07;dw08,dw00;dw01;dw02;dw03;dw04;dw05;dw06;dw07;dw08,dw06,90,1,2026-08-27T13:15:08.953+0200,dw04,0F85,93,1966,0,-1118,1617,4.08,62286
ground-height-0m-20260825-163632,d020m_r090_run01.csv,0,20,90,dw00;dw01;dw02;dw03;dw04;dw05;dw06;dw07;dw08,dw00;dw01;dw02;dw03;dw04;dw05;dw06;dw07;dw08,dw06,165,1,2026-08-27T13:15:09.031+0200,dw08,028E,233,1978,23,-843,1789,2.53,40588
ground-height-0m-20260825-163632,d020m_r090_run01.csv,0,20,90,dw00;dw01;dw02;dw03;dw04;dw05;dw06;dw07;dw08,dw00;dw01;dw02;dw03;dw04;dw05;dw06;dw07;dw08,dw06,15,1,2026-08-27T13:15:09.040+0200,dw00,8103,54,1974,-155,1359,1432,3.90,50628
ground-height-0m-20260825-163632,d020m_r090_run01.csv,0,20,90,dw00;dw01;dw02;dw03;dw04;dw05;dw06;dw07;dw08,dw00;dw01;dw02;dw03;dw04;dw05;dw06;dw07;dw08,dw06,105,1,2026-08-27T13:15:09.080+0200,dw05,4B92,46,1969,48,-544,1892,3.78,90545
ground-height-0m-20260825-163632,d020m_r090_run01.csv,0,20,90,dw00;dw01;dw02;dw03;dw04;dw05;dw06;dw07;dw08,dw00;dw01;dw02;dw03;dw04;dw05;dw06;dw07;dw08,dw06,75,1,2026-08-27T13:15:09.102+0200,dw03,021B,254,1965,-37,-1573,1177,3.27,12268
ground-height-0m-20260825-163632,d020m_r090_run01.csv,0,20,90,dw00;dw01;dw02;dw03;dw04;dw05;dw06;dw07;dw08,dw00;dw01;dw02;dw03;dw04;dw05;dw06;dw07;dw08,dw06,35,1,2026-08-27T13:15:09.132+0200,dw01,1729,227,1973,-133,1621,1123,3.63,42297
ground-height-0m-20260825-163632,d020m_r090_run01.csv,0,20,90,dw00;dw01;dw02;dw03;dw04;dw05;dw06;dw07;dw08,dw00;dw01;dw02;dw03;dw04;dw05;dw06;dw07;dw08,dw06,55,1,2026-08-27T13:15:09.142+0200,dw02,8FB0,94,1975,-89,1975,0,3.45,52337
ground-height-0m-20260825-163632,d020m_r090_run01.csv,0,20,90,dw00;dw01;dw02;dw03;dw04;dw05;dw06;dw07;dw08,dw00;dw01;dw02;dw03;dw04;dw05;dw06;dw07;dw08,dw06,90,1,2026-08-27T13:15:09.152+0200,dw04,0F85,94,1965,2,-1088,1636,3.90,62225
ground-height-0m-20260825-163632,d020m_r090_run01.csv,0,20,90,dw00;dw01;dw02;dw03;dw04;dw05;dw06;dw07;dw08,dw00;dw01;dw02;dw03;dw04;dw05;dw06;dw07;dw08,dw06,165,1,2026-08-27T13:15:09.212+0200,dw08,028E,234,1973,51,-501,1908,2.44,22277
ground-height-0m-20260825-163632,d020m_r090_run01.csv,0,20,90,dw00;dw01;dw02;dw03;dw04;dw05;dw06;dw07;dw08,dw00;dw01;dw02;dw03;dw04;dw05;dw06;dw07;dw08,dw06,15,1,2026-08-27T13:15:09.222+0200,dw00,8103,55,1974,-172,1154,1602,3.84,32257
ground-height-0m-20260825-163632,d020m_r090_run01.csv,0,20,90,dw00;dw01;dw02;dw03;dw04;dw05;dw06;dw07;dw08,dw00;dw01;dw02;dw03;dw04;dw05;dw06;dw07;dw08,dw06,105,1,2026-08-27T13:15:09.262+0200,dw05,4B92,47,1972,44,-584,1883,3.69,72326
ground-height-0m-20260825-163632,d020m_r090_run01.csv,0,20,90,dw00;dw01;dw02;dw03;dw04;dw05;dw06;dw07;dw08,dw00;dw01;dw02;dw03;dw04;dw05;dw06;dw07;dw08,dw06,35,1,2026-08-27T13:15:09.332+0200,dw01,1729,228,1974,-128,1681,1034,3.69,2147483
ground-height-0m-20260825-163632,d020m_r090_run01.csv,0,20,90,dw00;dw01;dw02;dw03;dw04;dw05;dw06;dw07;dw08,dw00;dw01;dw02;dw03;dw04;dw05;dw06;dw07;dw08,dw06,55,1,2026-08-27T13:15:09.342+0200,dw02,8FB0,95,1973,-93,1973,0,3.51,2147483
ground-height-0m-20260825-163632,d020m_r090_run01.csv,0,20,90,dw00;dw01;dw02;dw03;dw04;dw05;dw06;dw07;dw08,dw00;dw01;dw02;dw03;dw04;dw05;dw06;dw07;dw08,dw06,90,1,2026-08-27T13:15:09.352+0200,dw04,0F85,95,1966,3,-1081,1642,3.96,2147483
ground-height-0m-20260825-163632,d020m_r090_run01.csv,0,20,90,dw00;dw01;dw02;dw03;dw04;dw05;dw06;dw07;dw08,dw00;dw01;dw02;dw03;dw04;dw05;dw06;dw07;dw08,dw06,165,1,2026-08-27T13:15:09.413+0200,dw08,028E,235,1975,49,-524,1905,2.38,22247
ground-height-0m-20260825-163632,d020m_r090_run01.csv,0,20,90,dw00;dw01;dw02;dw03;dw04;dw05;dw06;dw07;dw08,dw00;dw01;dw02;dw03;dw04;dw05;dw06;dw07;dw08,dw06,15,1,2026-08-27T13:15:09.422+0200,dw00,8103,56,1977,-160,1297,1492,3.84,32257
ground-height-0m-20260825-163632,d020m_r090_run01.csv,0,20,90,dw00;dw01;dw02;dw03;dw04;dw05;dw06;dw07;dw08,dw00;dw01;dw02;dw03;dw04;dw05;dw06;dw07;dw08,dw06,105,1,2026-08-27T13:15:09.462+0200,dw05,4B92,48,1971,44,-591,1880,3.69,72296
ground-height-0m-20260825-163632,d020m_r090_run01.csv,0,20,90,dw00;dw01;dw02;dw03;dw04;dw05;dw06;dw07;dw08,dw00;dw01;dw02;dw03;dw04;dw05;dw06;dw07;dw08,dw06,75,1,2026-08-27T13:15:09.518+0200,dw03,021B,0,1967,-41,-1627,1105,3.33,27832
ground-height-0m-20260825-163632,d020m_r090_run01.csv,0,20,90,dw00;dw01;dw02;dw03;dw04;dw05;dw06;dw07;dw08,dw00;dw01;dw02;dw03;dw04;dw05;dw06;dw07;dw08,dw06,35,1,2026-08-27T13:15:09.551+0200,dw01,1729,229,1969,-130,1660,1059,3.51,61035
ground-height-0m-20260825-163632,d020m_r090_run01.csv,0,20,90,dw00;dw01;dw02;dw03;dw04;dw05;dw06;dw07;dw08,dw00;dw01;dw02;dw03;dw04;dw05;dw06;dw07;dw08,dw06,55,1,2026-08-27T13:15:09.561+0200,dw02,8FB0,96,1975,-93,1975,0,3.45,71044
ground-height-0m-20260825-163632,d020m_r090_run01.csv,0,20,90,dw00;dw01;dw02;dw03;dw04;dw05;dw06;dw07;dw08,dw00;dw01;dw02;dw03;dw04;dw05;dw06;dw07;dw08,dw06,90,1,2026-08-27T13:15:09.571+0200,dw04,0F85,96,1964,2,-1099,1627,4.02,80566
ground-height-0m-20260825-163632,d020m_r090_run01.csv,0,20,90,dw00;dw01;dw02;dw03;dw04;dw05;dw06;dw07;dw08,dw00;dw01;dw02;dw03;dw04;dw05;dw06;dw07;dw08,dw06,165,1,2026-08-27T13:15:09.612+0200,dw08,028E,236,1967,53,-471,1910,2.44,2147483
ground-height-0m-20260825-163632,d020m_r090_run01.csv,0,20,90,dw00;dw01;dw02;dw03;dw04;dw05;dw06;dw07;dw08,dw00;dw01;dw02;dw03;dw04;dw05;dw06;dw07;dw08,dw06,15,1,2026-08-27T13:15:09.622+0200,dw00,8103,57,1972,-152,1391,1398,3.90,2147483
ground-height-0m-20260825-163632,d020m_r090_run01.csv,0,20,90,dw00;dw01;dw02;dw03;dw04;dw05;dw06;dw07;dw08,dw00;dw01;dw02;dw03;dw04;dw05;dw06;dw07;dw08,dw06,105,1,2026-08-27T13:15:09.662+0200,dw05,4B92,49,1973,44,-585,1884,3.72,2147483
ground-height-0m-20260825-163632,d020m_r090_run01.csv,0,20,90,dw00;dw01;dw02;dw03;dw04;dw05;dw06;dw07;dw08,dw00;dw01;dw02;dw03;dw04;dw05;dw06;dw07;dw08,dw06,75,1,2026-08-27T13:15:09.702+0200,dw03,021B,1,1964,-40,-1615,1117,3.27,12329
ground-height-0m-20260825-163632,d020m_r090_run01.csv,0,20,90,dw00;dw01;dw02;dw03;dw04;dw05;dw06;dw07;dw08,dw00;dw01;dw02;dw03;dw04;dw05;dw06;dw07;dw08,dw06,35,1,2026-08-27T13:15:09.732+0200,dw01,1729,230,1971,-134,1610,1137,3.45,42297
ground-height-0m-20260825-163632,d020m_r090_run01.csv,0,20,90,dw00;dw01;dw02;dw03;dw04;dw05;dw06;dw07;dw08,dw00;dw01;dw02;dw03;dw04;dw05;dw06;dw07;dw08,dw06,55,1,2026-08-27T13:15:09.742+0200,dw02,8FB0,97,1974,-98,1974,0,3.51,52337
ground-height-0m-20260825-163632,d020m_r090_run01.csv,0,20,90,dw00;dw01;dw02;dw03;dw04;dw05;dw06;dw07;dw08,dw00;dw01;dw02;dw03;dw04;dw05;dw06;dw07;dw08,dw06,90,1,2026-08-27T13:15:09.752+0200,dw04,0F85,97,1964,1,-1109,1621,3.96,62316
ground-height-0m-20260825-163632,d020m_r090_run01.csv,0,20,90,dw00;dw01;dw02;dw03;dw04;dw05;dw06;dw07;dw08,dw00;dw01;dw02;dw03;dw04;dw05;dw06;dw07;dw08,dw06,165,1,2026-08-27T13:15:09.830+0200,dw08,028E,237,1973,-86,-1973,0,2.44,40557
ground-height-0m-20260825-163632,d020m_r090_run01.csv,0,20,90,dw00;dw01;dw02;dw03;dw04;dw05;dw06;dw07;dw08,dw00;dw01;dw02;dw03;dw04;dw05;dw06;dw07;dw08,dw06,15,1,2026-08-27T13:15:09.840+0200,dw00,8103,58,1974,-168,1199,1568,3.90,50537
ground-height-0m-20260825-163632,d020m_r090_run01.csv,0,20,90,dw00;dw01;dw02;dw03;dw04;dw05;dw06;dw07;dw08,dw00;dw01;dw02;dw03;dw04;dw05;dw06;dw07;dw08,dw06,105,1,2026-08-27T13:15:09.880+0200,dw05,4B92,50,1974,55,-455,1921,3.63,90545
ground-height-0m-20260825-163632,d020m_r090_run01.csv,0,20,90,dw00;dw01;dw02;dw03;dw04;dw05;dw06;dw07;dw08,dw00;dw01;dw02;dw03;dw04;dw05;dw06;dw07;dw08,dw06,75,1,2026-08-27T13:15:09.902+0200,dw03,021B,2,1962,-40,-1618,1110,3.09,12268
ground-height-0m-20260825-163632,d020m_r090_run01.csv,0,20,90,dw00;dw01;dw02;dw03;dw04;dw05;dw06;dw07;dw08,dw00;dw01;dw02;dw03;dw04;dw05;dw06;dw07;dw08,dw06,35,1,2026-08-27T13:15:09.932+0200,dw01,1729,231,1974,-44,-1665,1059,3.63,42297
ground-height-0m-20260825-163632,d020m_r090_run01.csv,0,20,90,dw00;dw01;dw02;dw03;dw04;dw05;dw06;dw07;dw08,dw00;dw01;dw02;dw03;dw04;dw05;dw06;dw07;dw08,dw06,55,1,2026-08-27T13:15:09.942+0200,dw02,8FB0,98,1975,-101,1975,0,3.45,52368
ground-height-0m-20260825-163632,d020m_r090_run01.csv,0,20,90,dw00;dw01;dw02;dw03;dw04;dw05;dw06;dw07;dw08,dw00;dw01;dw02;dw03;dw04;dw05;dw06;dw07;dw08,dw06,90,1,2026-08-27T13:15:09.951+0200,dw04,0F85,98,1965,0,-1114,1618,3.90,62255
ground-height-0m-20260825-163632,d020m_r090_run01.csv,0,20,90,dw00;dw01;dw02;dw03;dw04;dw05;dw06;dw07;dw08,dw00;dw01;dw02;dw03;dw04;dw05;dw06;dw07;dw08,dw06,165,1,2026-08-27T13:15:10.012+0200,dw08,028E,238,1974,138,556,1894,2.44,22277
ground-height-0m-20260825-163632,d020m_r090_run01.csv,0,20,90,dw00;dw01;dw02;dw03;dw04;dw05;dw06;dw07;dw08,dw00;dw01;dw02;dw03;dw04;dw05;dw06;dw07;dw08,dw06,15,1,2026-08-27T13:15:10.022+0200,dw00,8103,59,1972,-157,1336,1450,3.78,32287
ground-height-0m-20260825-163632,d020m_r090_run01.csv,0,20,90,dw00;dw01;dw02;dw03;dw04;dw05;dw06;dw07;dw08,dw00;dw01;dw02;dw03;dw04;dw05;dw06;dw07;dw08,dw06,105,1,2026-08-27T13:15:10.062+0200,dw05,4B92,51,1972,49,-526,1900,3.69,72296
ground-height-0m-20260825-163632,d020m_r090_run01.csv,0,20,90,dw00;dw01;dw02;dw03;dw04;dw05;dw06;dw07;dw08,dw00;dw01;dw02;dw03;dw04;dw05;dw06;dw07;dw08,dw06,35,1,2026-08-27T13:15:10.132+0200,dw01,1729,232,1974,-134,1609,1143,3.51,2147483
ground-height-0m-20260825-163632,d020m_r090_run01.csv,0,20,90,dw00;dw01;dw02;dw03;dw04;dw05;dw06;dw07;dw08,dw00;dw01;dw02;dw03;dw04;dw05;dw06;dw07;dw08,dw06,55,1,2026-08-27T13:15:10.142+0200,dw02,8FB0,99,1972,-95,1972,0,3.45,2147483
ground-height-0m-20260825-163632,d020m_r090_run01.csv,0,20,90,dw00;dw01;dw02;dw03;dw04;dw05;dw06;dw07;dw08,dw00;dw01;dw02;dw03;dw04;dw05;dw06;dw07;dw08,dw06,90,1,2026-08-27T13:15:10.152+0200,dw04,0F85,99,1967,2,-1090,1637,4.02,2147483
ground-height-0m-20260825-163632,d020m_r090_run01.csv,0,20,90,dw00;dw01;dw02;dw03;dw04;dw05;dw06;dw07;dw08,dw00;dw01;dw02;dw03;dw04;dw05;dw06;dw07;dw08,dw06,165,1,2026-08-27T13:15:10.212+0200,dw08,028E,239,1971,-10,-1254,1520,2.38,22247
ground-height-0m-20260825-163632,d020m_r090_run01.csv,0,20,90,dw00;dw01;dw02;dw03;dw04;dw05;dw06;dw07;dw08,dw00;dw01;dw02;dw03;dw04;dw05;dw06;dw07;dw08,dw06,15,1,2026-08-27T13:15:10.222+0200,dw00,8103,60,1976,-157,1338,1454,3.96,32226
ground-height-0m-20260825-163632,d020m_r090_run01.csv,0,20,90,dw00;dw01;dw02;dw03;dw04;dw05;dw06;dw07;dw08,dw00;dw01;dw02;dw03;dw04;dw05;dw06;dw07;dw08,dw06,105,1,2026-08-27T13:15:10.262+0200,dw05,4B92,52,1975,38,-658,1862,3.69,72235
ground-height-0m-20260825-163632,d020m_r090_run01.csv,0,20,90,dw00;dw01;dw02;dw03;dw04;dw05;dw06;dw07;dw08,dw00;dw01;dw02;dw03;dw04;dw05;dw06;dw07;dw08,dw06,75,1,2026-08-27T13:15:10.318+0200,dw03,021B,4,1962,-38,-1589,1150,3.45,27923
ground-height-0m-20260825-163632,d020m_r090_run01.csv,0,20,90,dw00;dw01;dw02;dw03;dw04;dw05;dw06;dw07;dw08,dw00;dw01;dw02;dw03;dw04;dw05;dw06;dw07;dw08,dw06,35,1,2026-08-27T13:15:10.351+0200,dw01,1729,233,1974,-127,1697,1008,3.57,61004
ground-height-0m-20260825-163632,d020m_r090_run01.csv,0,20,90,dw00;dw01;dw02;dw03;dw04;dw05;dw06;dw07;dw08,dw00;dw01;dw02;dw03;dw04;dw05;dw06;dw07;dw08,dw06,55,1,2026-08-27T13:15:10.361+0200,dw02,8FB0,100,1973,-96,1973,0,3.57,71044
ground-height-0m-20260825-163632,d020m_r090_run01.csv,0,20,90,dw00;dw01;dw02;dw03;dw04;dw05;dw06;dw07;dw08,dw00;dw01;dw02;dw03;dw04;dw05;dw06;dw07;dw08,dw06,90,1,2026-08-27T13:15:10.370+0200,dw04,0F85,100,1967,0,-1129,1611,4.02,80535
ground-height-0m-20260825-163632,d020m_r090_run01.csv,0,20,90,dw00;dw01;dw02;dw03;dw04;dw05;dw06;dw07;dw08,dw00;dw01;dw02;dw03;dw04;dw05;dw06;dw07;dw08,dw06,165,1,2026-08-27T13:15:10.411+0200,dw08,028E,240,1974,-34,-1548,1225,2.50,2147483
ground-height-0m-20260825-163632,d020m_r090_run01.csv,0,20,90,dw00;dw01;dw02;dw03;dw04;dw05;dw06;dw07;dw08,dw00;dw01;dw02;dw03;dw04;dw05;dw06;dw07;dw08,dw06,15,1,2026-08-27T13:15:10.422+0200,dw00,8103,61,1979,-163,1257,1528,3.78,2147483
ground-height-0m-20260825-163632,d020m_r090_run01.csv,0,20,90,dw00;dw01;dw02;dw03;dw04;dw05;dw06;dw07;dw08,dw00;dw01;dw02;dw03;dw04;dw05;dw06;dw07;dw08,dw06,105,1,2026-08-27T13:15:10.462+0200,dw05,4B92,53,1970,44,-588,1880,3.78,2147483
ground-height-0m-20260825-163632,d020m_r090_run01.csv,0,20,90,dw00;dw01;dw02;dw03;dw04;dw05;dw06;dw07;dw08,dw00;dw01;dw02;dw03;dw04;dw05;dw06;dw07;dw08,dw06,75,1,2026-08-27T13:15:10.502+0200,dw03,021B,5,1965,-40,-1612,1124,3.15,12298
ground-height-0m-20260825-163632,d020m_r090_run01.csv,0,20,90,dw00;dw01;dw02;dw03;dw04;dw05;dw06;dw07;dw08,dw00;dw01;dw02;dw03;dw04;dw05;dw06;dw07;dw08,dw06,35,1,2026-08-27T13:15:10.531+0200,dw01,1729,234,1971,-143,1503,1275,3.45,42388
ground-height-0m-20260825-163632,d020m_r090_run01.csv,0,20,90,dw00;dw01;dw02;dw03;dw04;dw05;dw06;dw07;dw08,dw00;dw01;dw02;dw03;dw04;dw05;dw06;dw07;dw08,dw06,55,1,2026-08-27T13:15:10.541+0200,dw02,8FB0,101,1973,-100,1973,0,3.45,52368
ground-height-0m-20260825-163632,d020m_r090_run01.csv,0,20,90,dw00;dw01;dw02;dw03;dw04;dw05;dw06;dw07;dw08,dw00;dw01;dw02;dw03;dw04;dw05;dw06;dw07;dw08,dw06,90,1,2026-08-27T13:15:10.552+0200,dw04,0F85,101,1967,1,-1112,1623,4.02,62225
ground-height-0m-20260825-163632,d020m_r090_run01.csv,0,20,90,dw00;dw01;dw02;dw03;dw04;dw05;dw06;dw07;dw08,dw00;dw01;dw02;dw03;dw04;dw05;dw06;dw07;dw08,dw06,165,1,2026-08-27T13:15:10.630+0200,dw08,028E,241,1975,49,-533,1902,2.50,40618
ground-height-0m-20260825-163632,d020m_r090_run01.csv,0,20,90,dw00;dw01;dw02;dw03;dw04;dw05;dw06;dw07;dw08,dw00;dw01;dw02;dw03;dw04;dw05;dw06;dw07;dw08,dw06,15,1,2026-08-27T13:15:10.640+0200,dw00,8103,62,1976,-164,1244,1535,3.78,50567
ground-height-0m-20260825-163632,d020m_r090_run01.csv,0,20,90,dw00;dw01;dw02;dw03;dw04;dw05;dw06;dw07;dw08,dw00;dw01;dw02;dw03;dw04;dw05;dw06;dw07;dw08,dw06,105,1,2026-08-27T13:15:10.680+0200,dw05,4B92,54,1972,45,-580,1885,3.69,90484
ground-height-0m-20260825-163632,d020m_r090_run01.csv,0,20,90,dw00;dw01;dw02;dw03;dw04;dw05;dw06;dw07;dw08,dw00;dw01;dw02;dw03;dw04;dw05;dw06;dw07;dw08,dw06,75,1,2026-08-27T13:15:10.701+0200,dw03,021B,6,1965,-43,-1651,1066,3.21,12268
ground-height-0m-20260825-163632,d020m_r090_run01.csv,0,20,90,dw00;dw01;dw02;dw03;dw04;dw05;dw06;dw07;dw08,dw00;dw01;dw02;dw03;dw04;dw05;dw06;dw07;dw08,dw06,35,1,2026-08-27T13:15:10.732+0200,dw01,1729,235,1971,-130,1654,1071,3.57,42266
ground-height-0m-20260825-163632,d020m_r090_run01.csv,0,20,90,dw00;dw01;dw02;dw03;dw04;dw05;dw06;dw07;dw08,dw00;dw01;dw02;dw03;dw04;dw05;dw06;dw07;dw08,dw06,55,1,2026-08-27T13:15:10.741+0200,dw02,8FB0,102,1972,-94,1972,0,3.39,52276
ground-height-0m-20260825-163632,d020m_r090_run01.csv,0,20,90,dw00;dw01;dw02;dw03;dw04;dw05;dw06;dw07;dw08,dw00;dw01;dw02;dw03;dw04;dw05;dw06;dw07;dw08,dw06,90,1,2026-08-27T13:15:10.751+0200,dw04,0F85,102,1966,3,-1077,1644,4.14,62225
ground-height-0m-20260825-163632,d020m_r090_run01.csv,0,20,90,dw00;dw01;dw02;dw03;dw04;dw05;dw06;dw07;dw08,dw00;dw01;dw02;dw03;dw04;dw05;dw06;dw07;dw08,dw06,165,1,2026-08-27T13:15:10.812+0200,dw08,028E,242,1971,43,-604,1876,2.50,22308
ground-height-0m-20260825-163632,d020m_r090_run01.csv,0,20,90,dw00;dw01;dw02;dw03;dw04;dw05;dw06;dw07;dw08,dw00;dw01;dw02;dw03;dw04;dw05;dw06;dw07;dw08,dw06,15,1,2026-08-27T13:15:10.821+0200,dw00,8103,63,1977,-171,1168,1595,3.84,32287
ground-height-0m-20260825-163632,d020m_r090_run01.csv,0,20,90,dw00;dw01;dw02;dw03;dw04;dw05;dw06;dw07;dw08,dw00;dw01;dw02;dw03;dw04;dw05;dw06;dw07;dw08,dw06,105,1,2026-08-27T13:15:10.862+0200,dw05,4B92,55,1976,47,-553,1897,3.72,72265
ground-height-0m-20260825-163632,d020m_r090_run01.csv,0,20,90,dw00;dw01;dw02;dw03;dw04;dw05;dw06;dw07;dw08,dw00;dw01;dw02;dw03;dw04;dw05;dw06;dw07;dw08,dw06,35,1,2026-08-27T13:15:10.932+0200,dw01,1729,236,1969,-132,1633,1099,3.57,2147483
ground-height-0m-20260825-163632,d020m_r090_run01.csv,0,20,90,dw00;dw01;dw02;dw03;dw04;dw05;dw06;dw07;dw08,dw00;dw01;dw02;dw03;dw04;dw05;dw06;dw07;dw08,dw06,55,1,2026-08-27T13:15:10.942+0200,dw02,8FB0,103,1976,-108,1924,453,3.51,2147483
ground-height-0m-20260825-163632,d020m_r090_run01.csv,0,20,90,dw00;dw01;dw02;dw03;dw04;dw05;dw06;dw07;dw08,dw00;dw01;dw02;dw03;dw04;dw05;dw06;dw07;dw08,dw06,90,1,2026-08-27T13:15:10.951+0200,dw04,0F85,103,1964,3,-1084,1638,4.02,2147483
ground-height-0m-20260825-163632,d020m_r090_run01.csv,0,20,90,dw00;dw01;dw02;dw03;dw04;dw05;dw06;dw07;dw08,dw00;dw01;dw02;dw03;dw04;dw05;dw06;dw07;dw08,dw06,165,1,2026-08-27T13:15:11.012+0200,dw08,028E,243,1974,63,-356,1941,2.38,22247
ground-height-0m-20260825-163632,d020m_r090_run01.csv,0,20,90,dw00;dw01;dw02;dw03;dw04;dw05;dw06;dw07;dw08,dw00;dw01;dw02;dw03;dw04;dw05;dw06;dw07;dw08,dw06,15,1,2026-08-27T13:15:11.022+0200,dw00,8103,64,1976,-166,1226,1549,3.78,32257
ground-height-0m-20260825-163632,d020m_r090_run01.csv,0,20,90,dw00;dw01;dw02;dw03;dw04;dw05;dw06;dw07;dw08,dw00;dw01;dw02;dw03;dw04;dw05;dw06;dw07;dw08,dw06,105,1,2026-08-27T13:15:11.062+0200,dw05,4B92,56,1970,40,-635,1865,3.72,72235
ground-height-0m-20260825-163632,d020m_r090_run01.csv,0,20,90,dw00;dw01;dw02;dw03;dw04;dw05;dw06;dw07;dw08,dw00;dw01;dw02;dw03;dw04;dw05;dw06;dw07;dw08,dw06,75,1,2026-08-27T13:15:11.117+0200,dw03,021B,8,1966,-40,-1621,1113,3.33,27923
ground-height-0m-20260825-163632,d020m_r090_run01.csv,0,20,90,dw00;dw01;dw02;dw03;dw04;dw05;dw06;dw07;dw08,dw00;dw01;dw02;dw03;dw04;dw05;dw06;dw07;dw08,dw06,35,1,2026-08-27T13:15:11.151+0200,dw01,1729,237,1972,-146,1459,1327,3.45,61004
ground-height-0m-20260825-163632,d020m_r090_run01.csv,0,20,90,dw00;dw01;dw02;dw03;dw04;dw05;dw06;dw07;dw08,dw00;dw01;dw02;dw03;dw04;dw05;dw06;dw07;dw08,dw06,55,1,2026-08-27T13:15:11.161+0200,dw02,8FB0,104,1975,-92,1975,0,3.45,71075
ground-height-0m-20260825-163632,d020m_r090_run01.csv,0,20,90,dw00;dw01;dw02;dw03;dw04;dw05;dw06;dw07;dw08,dw00;dw01;dw02;dw03;dw04;dw05;dw06;dw07;dw08,dw06,90,1,2026-08-27T13:15:11.170+0200,dw04,0F85,104,1965,0,-1136,1603,4.08,80596
ground-height-0m-20260825-163632,d020m_r090_run01.csv,0,20,90,dw00;dw01;dw02;dw03;dw04;dw05;dw06;dw07;dw08,dw00;dw01;dw02;dw03;dw04;dw05;dw06;dw07;dw08,dw06,165,1,2026-08-27T13:15:11.211+0200,dw08,028E,244,1971,47,-550,1892,2.38,2147483
ground-height-0m-20260825-163632,d020m_r090_run01.csv,0,20,90,dw00;dw01;dw02;dw03;dw04;dw05;dw06;dw07;dw08,dw00;dw01;dw02;dw03;dw04;dw05;dw06;dw07;dw08,dw06,15,1,2026-08-27T13:15:11.222+0200,dw00,8103,65,1978,-172,1148,1611,3.78,2147483
ground-height-0m-20260825-163632,d020m_r090_run01.csv,0,20,90,dw00;dw01;dw02;dw03;dw04;dw05;dw06;dw07;dw08,dw00;dw01;dw02;dw03;dw04;dw05;dw06;dw07;dw08,dw06,105,1,2026-08-27T13:15:11.262+0200,dw05,4B92,57,1974,35,-693,1848,3.63,2147483
ground-height-0m-20260825-163632,d020m_r090_run01.csv,0,20,90,dw00;dw01;dw02;dw03;dw04;dw05;dw06;dw07;dw08,dw00;dw01;dw02;dw03;dw04;dw05;dw06;dw07;dw08,dw06,75,1,2026-08-27T13:15:11.302+0200,dw03,021B,9,1964,-41,-1625,1102,3.21,12329
ground-height-0m-20260825-163632,d020m_r090_run01.csv,0,20,90,dw00;dw01;dw02;dw03;dw04;dw05;dw06;dw07;dw08,dw00;dw01;dw02;dw03;dw04;dw05;dw06;dw07;dw08,dw06,35,1,2026-08-27T13:15:11.331+0200,dw01,1729,238,1971,-138,1562,1201,3.57,42388
ground-height-0m-20260825-163632,d020m_r090_run01.csv,0,20,90,dw00;dw01;dw02;dw03;dw04;dw05;dw06;dw07;dw08,dw00;dw01;dw02;dw03;dw04;dw05;dw06;dw07;dw08,dw06,55,1,2026-08-27T13:15:11.342+0200,dw02,8FB0,105,1974,-105,1961,227,3.51,52307
ground-height-0m-20260825-163632,d020m_r090_run01.csv,0,20,90,dw00;dw01;dw02;dw03;dw04;dw05;dw06;dw07;dw08,dw00;dw01;dw02;dw03;dw04;dw05;dw06;dw07;dw08,dw06,90,1,2026-08-27T13:15:11.352+0200,dw04,0F85,105,1967,0,-1129,1611,4.02,62316
ground-height-0m-20260825-163632,d020m_r090_run01.csv,0,20,90,dw00;dw01;dw02;dw03;dw04;dw05;dw06;dw07;dw08,dw00;dw01;dw02;dw03;dw04;dw05;dw06;dw07;dw08,dw06,165,1,2026-08-27T13:15:11.430+0200,dw08,028E,245,1974,-34,-1544,1231,2.50,40618
ground-height-0m-20260825-163632,d020m_r090_run01.csv,0,20,90,dw00;dw01;dw02;dw03;dw04;dw05;dw06;dw07;dw08,dw00;dw01;dw02;dw03;dw04;dw05;dw06;dw07;dw08,dw06,15,1,2026-08-27T13:15:11.440+0200,dw00,8103,66,1974,-159,1303,1483,3.78,50537
ground-height-0m-20260825-163632,d020m_r090_run01.csv,0,20,90,dw00;dw01;dw02;dw03;dw04;dw05;dw06;dw07;dw08,dw00;dw01;dw02;dw03;dw04;dw05;dw06;dw07;dw08,dw06,105,1,2026-08-27T13:15:11.480+0200,dw05,4B92,58,1970,41,-622,1869,3.69,90515
ground-height-0m-20260825-163632,d020m_r090_run01.csv,0,20,90,dw00;dw01;dw02;dw03;dw04;dw05;dw06;dw07;dw08,dw00;dw01;dw02;dw03;dw04;dw05;dw06;dw07;dw08,dw06,75,1,2026-08-27T13:15:11.501+0200,dw03,021B,10,1963,-38,-1588,1153,3.09,12268
ground-height-0m-20260825-163632,d020m_r090_run01.csv,0,20,90,dw00;dw01;dw02;dw03;dw04;dw05;dw06;dw07;dw08,dw00;dw01;dw02;dw03;dw04;dw05;dw06;dw07;dw08,dw06,35,1,2026-08-27T13:15:11.531+0200,dw01,1729,239,1975,-145,1473,1315,3.57,42266
ground-height-0m-20260825-163632,d020m_r090_run01.csv,0,20,90,dw00;dw01;dw02;dw03;dw04;dw05;dw06;dw07;dw08,dw00;dw01;dw02;dw03;dw04;dw05;dw06;dw07;dw08,dw06,55,1,2026-08-27T13:15:11.541+0200,dw02,8FB0,106,1971,-96,1971,0,3.45,52368
ground-height-0m-20260825-163632,d020m_r090_run01.csv,0,20,90,dw00;dw01;dw02;dw03;dw04;dw05;dw06;dw07;dw08,dw00;dw01;dw02;dw03;dw04;dw05;dw06;dw07;dw08,dw06,90,1,2026-08-27T13:15:11.551+0200,dw04,0F85,106,1966,0,-1132,1607,3.96,62255
ground-height-0m-20260825-163632,d020m_r090_run01.csv,0,20,90,dw00;dw01;dw02;dw03;dw04;dw05;dw06;dw07;dw08,dw00;dw01;dw02;dw03;dw04;dw05;dw06;dw07;dw08,dw06,165,1,2026-08-27T13:15:11.611+0200,dw08,028E,246,1973,4,-1072,1656,2.38,22308
ground-height-0m-20260825-163632,d020m_r090_run01.csv,0,20,90,dw00;dw01;dw02;dw03;dw04;dw05;dw06;dw07;dw08,dw00;dw01;dw02;dw03;dw04;dw05;dw06;dw07;dw08,dw06,15,1,2026-08-27T13:15:11.621+0200,dw00,8103,67,1976,-157,1331,1460,3.90,32318
ground-height-0m-20260825-163632,d020m_r090_run01.csv,0,20,90,dw00;dw01;dw02;dw03;dw04;dw05;dw06;dw07;dw08,dw00;dw01;dw02;dw03;dw04;dw05;dw06;dw07;dw08,dw06,105,1,2026-08-27T13:15:11.661+0200,dw05,4B92,59,1974,44,-583,1886,3.72,72265
ground-height-0m-20260825-163632,d020m_r090_run01.csv,0,20,90,dw00;dw01;dw02;dw03;dw04;dw05;dw06;dw07;dw08,dw00;dw01;dw02;dw03;dw04;dw05;dw06;dw07;dw08,dw06,35,1,2026-08-27T13:15:11.732+0200,dw01,1729,240,1973,-144,1494,1289,3.45,2147483
ground-height-0m-20260825-163632,d020m_r090_run01.csv,0,20,90,dw00;dw01;dw02;dw03;dw04;dw05;dw06;dw07;dw08,dw00;dw01;dw02;dw03;dw04;dw05;dw06;dw07;dw08,dw06,55,1,2026-08-27T13:15:11.741+0200,dw02,8FB0,107,1977,-95,1977,0,3.57,2147483
ground-height-0m-20260825-163632,d020m_r090_run01.csv,0,20,90,dw00;dw01;dw02;dw03;dw04;dw05;dw06;dw07;dw08,dw00;dw01;dw02;dw03;dw04;dw05;dw06;dw07;dw08,dw06,90,1,2026-08-27T13:15:11.751+0200,dw04,0F85,107,1969,3,-1081,1646,4.02,2147483
ground-height-0m-20260825-163632,d020m_r090_run01.csv,0,20,90,dw00;dw01;dw02;dw03;dw04;dw05;dw06;dw07;dw08,dw00;dw01;dw02;dw03;dw04;dw05;dw06;dw07;dw08,dw06,165,1,2026-08-27T13:15:11.812+0200,dw08,028E,247,1972,158,793,1805,2.38,22247
ground-height-0m-20260825-163632,d020m_r090_run01.csv,0,20,90,dw00;dw01;dw02;dw03;dw04;dw05;dw06;dw07;dw08,dw00;dw01;dw02;dw03;dw04;dw05;dw06;dw07;dw08,dw06,15,1,2026-08-27T13:15:11.821+0200,dw00,8103,68,1973,-162,1273,1507,3.78,32196
ground-height-0m-20260825-163632,d020m_r090_run01.csv,0,20,90,dw00;dw01;dw02;dw03;dw04;dw05;dw06;dw07;dw08,dw00;dw01;dw02;dw03;dw04;dw05;dw06;dw07;dw08,dw06,105,1,2026-08-27T13:15:11.861+0200,dw05,4B92,60,1973,48,-544,1897,3.57,72235
ground-height-0m-20260825-163632,d020m_r090_run01.csv,0,20,90,dw00;dw01;dw02;dw03;dw04;dw05;dw06;dw07;dw08,dw00;dw01;dw02;dw03;dw04;dw05;dw06;dw07;dw08,dw06,75,1,2026-08-27T13:15:11.917+0200,dw03,021B,12,1962,-33,-1523,1237,3.33,27893
ground-height-0m-20260825-163632,d020m_r090_run01.csv,0,20,90,dw00;dw01;dw02;dw03;dw04;dw05;dw06;dw07;dw08,dw00;dw01;dw02;dw03;dw04;dw05;dw06;dw07;dw08,dw06,35,1,2026-08-27T13:15:11.950+0200,dw01,1729,241,1970,-138,1555,1210,3.63,61004
ground-height-0m-20260825-163632,d020m_r090_run01.csv,0,20,90,dw00;dw01;dw02;dw03;dw04;dw05;dw06;dw07;dw08,dw00;dw01;dw02;dw03;dw04;dw05;dw06;dw07;dw08,dw06,55,1,2026-08-27T13:15:11.960+0200,dw02,8FB0,108,1973,-100,1973,0,3.45,71014
ground-height-0m-20260825-163632,d020m_r090_run01.csv,0,20,90,dw00;dw01;dw02;dw03;dw04;dw05;dw06;dw07;dw08,dw00;dw01;dw02;dw03;dw04;dw05;dw06;dw07;dw08,dw06,90,1,2026-08-27T13:15:11.970+0200,dw04,0F85,108,1966,-1,-1144,1599,4.08,80505
ground-height-0m-20260825-163632,d020m_r090_run01.csv,0,20,90,dw00;dw01;dw02;dw03;dw04;dw05;dw06;dw07;dw08,dw00;dw01;dw02;dw03;dw04;dw05;dw06;dw07;dw08,dw06,165,1,2026-08-27T13:15:12.011+0200,dw08,028E,248,1971,-5,-1192,1570,2.38,2147483
ground-height-0m-20260825-163632,d020m_r090_run01.csv,0,20,90,dw00;dw01;dw02;dw03;dw04;dw05;dw06;dw07;dw08,dw00;dw01;dw02;dw03;dw04;dw05;dw06;dw07;dw08,dw06,15,1,2026-08-27T13:15:12.022+0200,dw00,8103,69,1974,-152,1389,1403,3.90,2147483
ground-height-0m-20260825-163632,d020m_r090_run01.csv,0,20,90,dw00;dw01;dw02;dw03;dw04;dw05;dw06;dw07;dw08,dw00;dw01;dw02;dw03;dw04;dw05;dw06;dw07;dw08,dw06,105,1,2026-08-27T13:15:12.062+0200,dw05,4B92,61,1977,46,-570,1893,3.69,2147483
ground-height-0m-20260825-163632,d020m_r090_run01.csv,0,20,90,dw00;dw01;dw02;dw03;dw04;dw05;dw06;dw07;dw08,dw00;dw01;dw02;dw03;dw04;dw05;dw06;dw07;dw08,dw06,75,1,2026-08-27T13:15:12.102+0200,dw03,021B,13,1964,-43,-1646,1071,3.15,12329
ground-height-0m-20260825-163632,d020m_r090_run01.csv,0,20,90,dw00;dw01;dw02;dw03;dw04;dw05;dw06;dw07;dw08,dw00;dw01;dw02;dw03;dw04;dw05;dw06;dw07;dw08,dw06,35,1,2026-08-27T13:15:12.131+0200,dw01,1729,242,1971,-55,-1800,802,3.57,42388
ground-height-0m-20260825-163632,d020m_r090_run01.csv,0,20,90,dw00;dw01;dw02;dw03;dw04;dw05;dw06;dw07;dw08,dw00;dw01;dw02;dw03;dw04;dw05;dw06;dw07;dw08,dw06,55,1,2026-08-27T13:15:12.141+0200,dw02,8FB0,109,1971,-98,1971,0,3.57,52307
ground-height-0m-20260825-163632,d020m_r090_run01.csv,0,20,90,dw00;dw01;dw02;dw03;dw04;dw05;dw06;dw07;dw08,dw00;dw01;dw02;dw03;dw04;dw05;dw06;dw07;dw08,dw06,90,1,2026-08-27T13:15:12.151+0200,dw04,0F85,109,1966,-1,-1137,1603,3.96,62316
ground-height-0m-20260825-163632,d020m_r090_run01.csv,0,20,90,dw00;dw01;dw02;dw03;dw04;dw05;dw06;dw07;dw08,dw00;dw01;dw02;dw03;dw04;dw05;dw06;dw07;dw08,dw06,165,1,2026-08-27T13:15:12.229+0200,dw08,028E,249,1973,23,-846,1782,2.38,40557
ground-height-0m-20260825-163632,d020m_r090_run01.csv,0,20,90,dw00;dw01;dw02;dw03;dw04;dw05;dw06;dw07;dw08,dw00;dw01;dw02;dw03;dw04;dw05;dw06;dw07;dw08,dw06,15,1,2026-08-27T13:15:12.239+0200,dw00,8103,70,1976,-160,1293,1494,3.78,50598
ground-height-0m-20260825-163632,d020m_r090_run01.csv,0,20,90,dw00;dw01;dw02;dw03;dw04;dw05;dw06;dw07;dw08,dw00;dw01;dw02;dw03;dw04;dw05;dw06;dw07;dw08,dw06,105,1,2026-08-27T13:15:12.279+0200,dw05,4B92,62,1977,51,-504,1912,3.63,90515
ground-height-0m-20260825-163632,d020m_r090_run01.csv,0,20,90,dw00;dw01;dw02;dw03;dw04;dw05;dw06;dw07;dw08,dw00;dw01;dw02;dw03;dw04;dw05;dw06;dw07;dw08,dw06,75,1,2026-08-27T13:15:12.301+0200,dw03,021B,14,1961,-30,-1489,1276,3.15,12268
ground-height-0m-20260825-163632,d020m_r090_run01.csv,0,20,90,dw00;dw01;dw02;dw03;dw04;dw05;dw06;dw07;dw08,dw00;dw01;dw02;dw03;dw04;dw05;dw06;dw07;dw08,dw06,35,1,2026-08-27T13:15:12.331+0200,dw01,1729,243,1973,-136,1589,1169,3.45,42297
ground-height-0m-20260825-163632,d020m_r090_run01.csv,0,20,90,dw00;dw01;dw02;dw03;dw04;dw05;dw06;dw07;dw08,dw00;dw01;dw02;dw03;dw04;dw05;dw06;dw07;dw08,dw06,55,1,2026-08-27T13:15:12.341+0200,dw02,8FB0,110,1973,-96,1973,0,3.45,52368
ground-height-0m-20260825-163632,d020m_r090_run01.csv,0,20,90,dw00;dw01;dw02;dw03;dw04;dw05;dw06;dw07;dw08,dw00;dw01;dw02;dw03;dw04;dw05;dw06;dw07;dw08,dw06,90,1,2026-08-27T13:15:12.351+0200,dw04,0F85,110,1963,-2,-1155,1587,4.08,62255
ground-height-0m-20260825-163632,d020m_r090_run01.csv,0,20,90,dw00;dw01;dw02;dw03;dw04;dw05;dw06;dw07;dw08,dw00;dw01;dw02;dw03;dw04;dw05;dw06;dw07;dw08,dw06,165,1,2026-08-27T13:15:12.411+0200,dw08,028E,250,1975,28,-780,1815,2.38,22277
ground-height-0m-20260825-163632,d020m_r090_run01.csv,0,20,90,dw00;dw01;dw02;dw03;dw04;dw05;dw06;dw07;dw08,dw00;dw01;dw02;dw03;dw04;dw05;dw06;dw07;dw08,dw06,15,1,2026-08-27T13:15:12.421+0200,dw00,8103,71,1974,-164,1252,1526,3.78,32287
ground-height-0m-20260825-163632,d020m_r090_run01.csv,0,20,90,dw00;dw01;dw02;dw03;dw04;dw05;dw06;dw07;dw08,dw00;dw01;dw02;dw03;dw04;dw05;dw06;dw07;dw08,dw06,105,1,2026-08-27T13:15:12.461+0200,dw05,4B92,63,1970,45,-579,1883,3.63,72296
ground-height-0m-20260825-163632,d020m_r090_run01.csv,0,20,90,dw00;dw01;dw02;dw03;dw04;dw05;dw06;dw07;dw08,dw00;dw01;dw02;dw03;dw04;dw05;dw06;dw07;dw08,dw06,35,1,2026-08-27T13:15:12.531+0200,dw01,1729,244,1972,-146,1466,1319,3.45,2147483
ground-height-0m-20260825-163632,d020m_r090_run01.csv,0,20,90,dw00;dw01;dw02;dw03;dw04;dw05;dw06;dw07;dw08,dw00;dw01;dw02;dw03;dw04;dw05;dw06;dw07;dw08,dw06,55,1,2026-08-27T13:15:12.541+0200,dw02,8FB0,111,1974,-86,-1974,0,3.57,2147483
ground-height-0m-20260825-163632,d020m_r090_run01.csv,0,20,90,dw00;dw01;dw02;dw03;dw04;dw05;dw06;dw07;dw08,dw00;dw01;dw02;dw03;dw04;dw05;dw06;dw07;dw08,dw06,90,1,2026-08-27T13:15:12.551+0200,dw04,0F85,111,1966,3,-1087,1638,4.08,2147483
ground-height-0m-20260825-163632,d020m_r090_run01.csv,0,20,90,dw00;dw01;dw02;dw03;dw04;dw05;dw06;dw07;dw08,dw00;dw01;dw02;dw03;dw04;dw05;dw06;dw07;dw08,dw06,165,1,2026-08-27T13:15:12.612+0200,dw08,028E,251,1979,44,-584,1891,2.38,22277
ground-height-0m-20260825-163632,d020m_r090_run01.csv,0,20,90,dw00;dw01;dw02;dw03;dw04;dw05;dw06;dw07;dw08,dw00;dw01;dw02;dw03;dw04;dw05;dw06;dw07;dw08,dw06,15,1,2026-08-27T13:15:12.621+0200,dw00,8103,72,1977,-157,1332,1461,4.02,32257
ground-height-0m-20260825-163632,d020m_r090_run01.csv,0,20,90,dw00;dw01;dw02;dw03;dw04;dw05;dw06;dw07;dw08,dw00;dw01;dw02;dw03;dw04;dw05;dw06;dw07;dw08,dw06,105,1,2026-08-27T13:15:12.661+0200,dw05,4B92,64,1971,45,-577,1885,3.69,72235
ground-height-0m-20260825-163632,d020m_r090_run01.csv,0,20,90,dw00;dw01;dw02;dw03;dw04;dw05;dw06;dw07;dw08,dw00;dw01;dw02;dw03;dw04;dw05;dw06;dw07;dw08,dw06,75,1,2026-08-27T13:15:12.717+0200,dw03,021B,16,1965,-42,-1633,1093,3.27,27893
ground-height-0m-20260825-163632,d020m_r090_run01.csv,0,20,90,dw00;dw01;dw02;dw03;dw04;dw05;dw06;dw07;dw08,dw00;dw01;dw02;dw03;dw04;dw05;dw06;dw07;dw08,dw06,35,1,2026-08-27T13:15:12.750+0200,dw01,1729,245,1972,-131,1644,1088,3.57,60974
ground-height-0m-20260825-163632,d020m_r090_run01.csv,0,20,90,dw00;dw01;dw02;dw03;dw04;dw05;dw06;dw07;dw08,dw00;dw01;dw02;dw03;dw04;dw05;dw06;dw07;dw08,dw06,55,1,2026-08-27T13:15:12.760+0200,dw02,8FB0,112,1974,-89,1974,0,3.39,71014
ground-height-0m-20260825-163632,d020m_r090_run01.csv,0,20,90,dw00;dw01;dw02;dw03;dw04;dw05;dw06;dw07;dw08,dw00;dw01;dw02;dw03;dw04;dw05;dw06;dw07;dw08,dw06,90,1,2026-08-27T13:15:12.770+0200,dw04,0F85,112,1966,-3,-1166,1583,4.14,80596
ground-height-0m-20260825-163632,d020m_r090_run01.csv,0,20,90,dw00;dw01;dw02;dw03;dw04;dw05;dw06;dw07;dw08,dw00;dw01;dw02;dw03;dw04;dw05;dw06;dw07;dw08,dw06,165,1,2026-08-27T13:15:12.811+0200,dw08,028E,252,1972,53,-474,1914,2.38,2147483
ground-height-0m-20260825-163632,d020m_r090_run01.csv,0,20,90,dw00;dw01;dw02;dw03;dw04;dw05;dw06;dw07;dw08,dw00;dw01;dw02;dw03;dw04;dw05;dw06;dw07;dw08,dw06,15,1,2026-08-27T13:15:12.821+0200,dw00,8103,73,1976,-139,1557,1218,3.78,2147483
ground-height-0m-20260825-163632,d020m_r090_run01.csv,0,20,90,dw00;dw01;dw02;dw03;dw04;dw05;dw06;dw07;dw08,dw00;dw01;dw02;dw03;dw04;dw05;dw06;dw07;dw08,dw06,105,1,2026-08-27T13:15:12.861+0200,dw05,4B92,65,1971,40,-637,1865,3.69,2147483
ground-height-0m-20260825-163632,d020m_r090_run01.csv,0,20,90,dw00;dw01;dw02;dw03;dw04;dw05;dw06;dw07;dw08,dw00;dw01;dw02;dw03;dw04;dw05;dw06;dw07;dw08,dw06,75,1,2026-08-27T13:15:12.901+0200,dw03,021B,17,1965,-45,-1674,1028,3.21,12329
ground-height-0m-20260825-163632,d020m_r090_run01.csv,0,20,90,dw00;dw01;dw02;dw03;dw04;dw05;dw06;dw07;dw08,dw00;dw01;dw02;dw03;dw04;dw05;dw06;dw07;dw08,dw06,35,1,2026-08-27T13:15:12.931+0200,dw01,1729,246,1972,-90,1972,0,3.39,42388
ground-height-0m-20260825-163632,d020m_r090_run01.csv,0,20,90,dw00;dw01;dw02;dw03;dw04;dw05;dw06;dw07;dw08,dw00;dw01;dw02;dw03;dw04;dw05;dw06;dw07;dw08,dw06,165,1,2026-08-27T13:15:13.029+0200,dw08,028E,253,1976,-21,-1392,1402,2.38,40618
ground-height-0m-20260825-163632,d020m_r090_run01.csv,0,20,90,dw00;dw01;dw02;dw03;dw04;dw05;dw06;dw07;dw08,dw00;dw01;dw02;dw03;dw04;dw05;dw06;dw07;dw08,dw06,75,1,2026-08-27T13:15:13.100+0200,dw03,021B,18,1965,-41,-1624,1105,3.15,12268
ground-height-0m-20260825-163632,d020m_r090_run01.csv,0,20,90,dw00;dw01;dw02;dw03;dw04;dw05;dw06;dw07;dw08,dw00;dw01;dw02;dw03;dw04;dw05;dw06;dw07;dw08,dw06,35,1,2026-08-27T13:15:13.131+0200,dw01,1729,247,1971,-141,1522,1251,3.57,42266
ground-height-0m-20260825-163632,d020m_r090_run01.csv,0,20,90,dw00;dw01;dw02;dw03;dw04;dw05;dw06;dw07;dw08,dw00;dw01;dw02;dw03;dw04;dw05;dw06;dw07;dw08,dw06,165,1,2026-08-27T13:15:13.211+0200,dw08,028E,254,1970,-40,-1623,1117,2.53,22277
ground-height-0m-20260825-163632,d020m_r090_run01.csv,0,20,90,dw00;dw01;dw02;dw03;dw04;dw05;dw06;dw07;dw08,dw00;dw01;dw02;dw03;dw04;dw05;dw06;dw07;dw08,dw06,35,1,2026-08-27T13:15:13.331+0200,dw01,1729,248,1975,-127,1700,1006,3.57,2147483
ground-height-0m-20260825-163632,d020m_r090_run01.csv,0,20,90,dw00;dw01;dw02;dw03;dw04;dw05;dw06;dw07;dw08,dw00;dw01;dw02;dw03;dw04;dw05;dw06;dw07;dw08,dw06,165,1,2026-08-27T13:15:13.411+0200,dw08,028E,255,1974,18,-909,1752,2.44,22308
ground-height-0m-20260825-163632,d020m_r090_run01.csv,0,20,90,dw00;dw01;dw02;dw03;dw04;dw05;dw06;dw07;dw08,dw00;dw01;dw02;dw03;dw04;dw05;dw06;dw07;dw08,dw06,75,1,2026-08-27T13:15:13.517+0200,dw03,021B,20,1964,-45,-1678,1021,3.33,27893
ground-height-0m-20260825-163632,d020m_r090_run01.csv,0,20,90,dw00;dw01;dw02;dw03;dw04;dw05;dw06;dw07;dw08,dw00;dw01;dw02;dw03;dw04;dw05;dw06;dw07;dw08,dw06,35,1,2026-08-27T13:15:13.550+0200,dw01,1729,249,1972,-98,1972,0,3.45,61004
ground-height-0m-20260825-163632,d020m_r090_run01.csv,0,20,90,dw00;dw01;dw02;dw03;dw04;dw05;dw06;dw07;dw08,dw00;dw01;dw02;dw03;dw04;dw05;dw06;dw07;dw08,dw06,165,1,2026-08-27T13:15:13.610+0200,dw08,028E,0,1972,-19,-1370,1418,2.38,2147483
ground-height-0m-20260825-163632,d020m_r090_run01.csv,0,20,90,dw00;dw01;dw02;dw03;dw04;dw05;dw06;dw07;dw08,dw00;dw01;dw02;dw03;dw04;dw05;dw06;dw07;dw08,dw06,75,1,2026-08-27T13:15:13.701+0200,dw03,021B,21,1962,-44,-1666,1037,3.21,12298
ground-height-0m-20260825-163632,d020m_r090_run01.csv,0,20,90,dw00;dw01;dw02;dw03;dw04;dw05;dw06;dw07;dw08,dw00;dw01;dw02;dw03;dw04;dw05;dw06;dw07;dw08,dw06,35,1,2026-08-27T13:15:13.730+0200,dw01,1729,250,1967,-127,1688,1009,3.45,42388
ground-height-0m-20260825-163632,d020m_r090_run01.csv,0,20,90,dw00;dw01;dw02;dw03;dw04;dw05;dw06;dw07;dw08,dw00;dw01;dw02;dw03;dw04;dw05;dw06;dw07;dw08,dw06,165,1,2026-08-27T13:15:13.829+0200,dw08,028E,1,1974,58,-415,1930,2.38,40557
ground-height-0m-20260825-163632,d020m_r090_run01.csv,0,20,90,dw00;dw01;dw02;dw03;dw04;dw05;dw06;dw07;dw08,dw00;dw01;dw02;dw03;dw04;dw05;dw06;dw07;dw08,dw06,75,1,2026-08-27T13:15:13.900+0200,dw03,021B,22,1965,-39,-1605,1133,3.15,12268
ground-height-0m-20260825-163632,d020m_r090_run01.csv,0,20,90,dw00;dw01;dw02;dw03;dw04;dw05;dw06;dw07;dw08,dw00;dw01;dw02;dw03;dw04;dw05;dw06;dw07;dw08,dw06,35,1,2026-08-27T13:15:13.931+0200,dw01,1729,251,1972,-141,1523,1252,3.57,42297
ground-height-0m-20260825-163632,d020m_r090_run01.csv,0,20,90,dw00;dw01;dw02;dw03;dw04;dw05;dw06;dw07;dw08,dw00;dw01;dw02;dw03;dw04;dw05;dw06;dw07;dw08,dw06,165,1,2026-08-27T13:15:14.011+0200,dw08,028E,2,1973,-1,-1149,1604,2.50,22308
ground-height-0m-20260825-163632,d020m_r090_run01.csv,0,20,90,dw00;dw01;dw02;dw03;dw04;dw05;dw06;dw07;dw08,dw00;dw01;dw02;dw03;dw04;dw05;dw06;dw07;dw08,dw06,165,1,2026-08-27T13:15:14.211+0200,dw08,028E,3,1974,42,-611,1877,2.44,22247
ground-height-0m-20260825-163632,d020m_r090_run01.csv,0,20,90,dw00;dw01;dw02;dw03;dw04;dw05;dw06;dw07;dw08,dw00;dw01;dw02;dw03;dw04;dw05;dw06;dw07;dw08,dw06,75,1,2026-08-27T13:15:14.316+0200,dw03,021B,24,1965,-36,-1566,1187,3.33,27923
ground-height-0m-20260825-163632,d020m_r090_run01.csv,0,20,90,dw00;dw01;dw02;dw03;dw04;dw05;dw06;dw07;dw08,dw00;dw01;dw02;dw03;dw04;dw05;dw06;dw07;dw08,dw06,75,1,2026-08-27T13:15:14.501+0200,dw03,021B,25,1967,-40,-1621,1114,3.15,12329
ground-height-0m-20260825-163632,d020m_r090_run01.csv,0,20,90,dw00;dw01;dw02;dw03;dw04;dw05;dw06;dw07;dw08,dw00;dw01;dw02;dw03;dw04;dw05;dw06;dw07;dw08,dw06,75,1,2026-08-27T13:15:14.700+0200,dw03,021B,26,1965,-39,-1608,1129,3.15,12268
ground-height-0m-20260825-163632,d020m_r090_run01.csv,0,20,90,dw00;dw01;dw02;dw03;dw04;dw05;dw06;dw07;dw08,dw00;dw01;dw02;dw03;dw04;dw05;dw06;dw07;dw08,dw06,75,1,2026-08-27T13:15:15.116+0200,dw03,021B,28,1966,-42,-1636,1089,3.33,27893
ground-height-0m-20260825-163632,d020m_r090_run01.csv,0,20,90,dw00;dw01;dw02;dw03;dw04;dw05;dw06;dw07;dw08,dw00;dw01;dw02;dw03;dw04;dw05;dw06;dw07;dw08,dw06,75,1,2026-08-27T13:15:15.301+0200,dw03,021B,29,1964,-39,-1604,1132,3.15,12329
ground-height-0m-20260825-163632,d020m_r090_run01.csv,0,20,90,dw00;dw01;dw02;dw03;dw04;dw05;dw06;dw07;dw08,dw00;dw01;dw02;dw03;dw04;dw05;dw06;dw07;dw08,dw06,75,1,2026-08-27T13:15:15.500+0200,dw03,021B,30,1961,-39,-1597,1138,3.15,12268
ground-height-0m-20260825-163632,d020m_r090_run01.csv,0,20,90,dw00;dw01;dw02;dw03;dw04;dw05;dw06;dw07;dw08,dw00;dw01;dw02;dw03;dw04;dw05;dw06;dw07;dw08,dw06,75,1,2026-08-27T13:15:15.916+0200,dw03,021B,32,1964,-44,-1661,1048,3.33,27862
ground-height-0m-20260825-163632,d020m_r090_run01.csv,0,20,90,dw00;dw01;dw02;dw03;dw04;dw05;dw06;dw07;dw08,dw00;dw01;dw02;dw03;dw04;dw05;dw06;dw07;dw08,dw06,75,1,2026-08-27T13:15:16.100+0200,dw03,021B,33,1966,-45,-1678,1025,3.27,12329
ground-height-0m-20260825-163632,d020m_r090_run01.csv,0,20,90,dw00;dw01;dw02;dw03;dw04;dw05;dw06;dw07;dw08,dw00;dw01;dw02;dw03;dw04;dw05;dw06;dw07;dw08,dw06,75,1,2026-08-27T13:15:16.300+0200,dw03,021B,34,1963,-30,-1495,1273,3.27,12268
ground-height-0m-20260825-163632,d020m_r090_run01.csv,0,20,90,dw00;dw01;dw02;dw03;dw04;dw05;dw06;dw07;dw08,dw00;dw01;dw02;dw03;dw04;dw05;dw06;dw07;dw08,dw06,75,1,2026-08-27T13:15:16.716+0200,dw03,021B,36,1964,-35,-1552,1203,3.33,27893
ground-height-0m-20260825-163632,d020m_r090_run01.csv,0,20,90,dw00;dw01;dw02;dw03;dw04;dw05;dw06;dw07;dw08,dw00;dw01;dw02;dw03;dw04;dw05;dw06;dw07;dw08,dw06,75,1,2026-08-27T13:15:16.901+0200,dw03,021B,37,1963,-48,-1708,968,3.15,12298
ground-height-0m-20260825-163632,d020m_r090_run01.csv,0,20,90,dw00;dw01;dw02;dw03;dw04;dw05;dw06;dw07;dw08,dw00;dw01;dw02;dw03;dw04;dw05;dw06;dw07;dw08,dw06,75,1,2026-08-27T13:15:17.100+0200,dw03,021B,38,1966,-40,-1617,1118,3.21,12268
ground-height-0m-20260825-163632,d020m_r090_run01.csv,0,20,90,dw00;dw01;dw02;dw03;dw04;dw05;dw06;dw07;dw08,dw00;dw01;dw02;dw03;dw04;dw05;dw06;dw07;dw08,dw06,75,1,2026-08-27T13:15:17.516+0200,dw03,021B,40,1965,-32,-1514,1251,3.33,27893
ground-height-0m-20260825-163632,d020m_r090_run01.csv,0,20,90,dw00;dw01;dw02;dw03;dw04;dw05;dw06;dw07;dw08,dw00;dw01;dw02;dw03;dw04;dw05;dw06;dw07;dw08,dw06,75,1,2026-08-27T13:15:17.701+0200,dw03,021B,41,1962,-42,-1634,1086,3.21,12329
ground-height-0m-20260825-163632,d020m_r090_run01.csv,0,20,90,dw00;dw01;dw02;dw03;dw04;dw05;dw06;dw07;dw08,dw00;dw01;dw02;dw03;dw04;dw05;dw06;dw07;dw08,dw06,75,1,2026-08-27T13:15:17.900+0200,dw03,021B,42,1963,-41,-1627,1098,3.15,12268
ground-height-0m-20260825-163632,d020m_r090_run01.csv,0,20,90,dw00;dw01;dw02;dw03;dw04;dw05;dw06;dw07;dw08,dw00;dw01;dw02;dw03;dw04;dw05;dw06;dw07;dw08,dw06,75,1,2026-08-27T13:15:18.316+0200,dw03,021B,44,1963,-31,-1500,1267,3.33,27893
ground-height-0m-20260825-163632,d020m_r090_run01.csv,0,20,90,dw00;dw01;dw02;dw03;dw04;dw05;dw06;dw07;dw08,dw00;dw01;dw02;dw03;dw04;dw05;dw06;dw07;dw08,dw06,75,1,2026-08-27T13:15:18.500+0200,dw03,021B,45,1965,-46,-1685,1010,3.21,12329
ground-height-0m-20260825-163632,d020m_r090_run01.csv,0,20,90,dw00;dw01;dw02;dw03;dw04;dw05;dw06;dw07;dw08,dw00;dw01;dw02;dw03;dw04;dw05;dw06;dw07;dw08,dw06,75,1,2026-08-27T13:15:18.700+0200,dw03,021B,46,1965,-46,-1686,1009,3.15,12268
ground-height-0m-20260825-163632,d020m_r090_run01.csv,0,20,90,dw00;dw01;dw02;dw03;dw04;dw05;dw06;dw07;dw08,dw00;dw01;dw02;dw03;dw04;dw05;dw06;dw07;dw08,dw06,75,1,2026-08-27T13:15:19.116+0200,dw03,021B,48,1961,-45,-1670,1028,3.27,27893
ground-height-0m-20260825-163632,d020m_r090_run01.csv,0,20,90,dw00;dw01;dw02;dw03;dw04;dw05;dw06;dw07;dw08,dw00;dw01;dw02;dw03;dw04;dw05;dw06;dw07;dw08,dw06,75,1,2026-08-27T13:15:19.300+0200,dw03,021B,49,1964,-40,-1609,1125,3.15,12298
ground-height-0m-20260825-163632,d020m_r090_run01.csv,0,20,90,dw00;dw01;dw02;dw03;dw04;dw05;dw06;dw07;dw08,dw00;dw01;dw02;dw03;dw04;dw05;dw06;dw07;dw08,dw06,75,1,2026-08-27T13:15:19.499+0200,dw03,021B,50,1963,-41,-1630,1093,3.09,12268
ground-height-0m-20260825-163632,d020m_r090_run01.csv,0,20,90,dw00;dw01;dw02;dw03;dw04;dw05;dw06;dw07;dw08,dw00;dw01;dw02;dw03;dw04;dw05;dw06;dw07;dw08,dw06,75,1,2026-08-27T13:15:19.915+0200,dw03,021B,52,1963,-32,-1520,1242,3.33,27893
ground-height-0m-20260825-163632,d020m_r090_run01.csv,0,20,90,dw00;dw01;dw02;dw03;dw04;dw05;dw06;dw07;dw08,dw00;dw01;dw02;dw03;dw04;dw05;dw06;dw07;dw08,dw06,75,1,2026-08-27T13:15:20.100+0200,dw03,021B,53,1960,-48,-1713,954,3.21,12329
ground-height-0m-20260825-163632,d020m_r090_run01.csv,0,20,90,dw00;dw01;dw02;dw03;dw04;dw05;dw06;dw07;dw08,dw00;dw01;dw02;dw03;dw04;dw05;dw06;dw07;dw08,dw06,75,1,2026-08-27T13:15:20.299+0200,dw03,021B,54,1963,-40,-1613,1119,3.15,12268
ground-height-0m-20260825-163632,d020m_r090_run01.csv,0,20,90,dw00;dw01;dw02;dw03;dw04;dw05;dw06;dw07;dw08,dw00;dw01;dw02;dw03;dw04;dw05;dw06;dw07;dw08,dw06,75,1,2026-08-27T13:15:20.715+0200,dw03,021B,56,1964,-44,-1663,1045,3.27,27893
ground-height-0m-20260825-163632,d020m_r090_run01.csv,0,20,90,dw00;dw01;dw02;dw03;dw04;dw05;dw06;dw07;dw08,dw00;dw01;dw02;dw03;dw04;dw05;dw06;dw07;dw08,dw06,75,1,2026-08-27T13:15:20.900+0200,dw03,021B,57,1966,-49,-1726,942,3.21,12298
ground-height-0m-20260825-163632,d020m_r090_run01.csv,0,20,90,dw00;dw01;dw02;dw03;dw04;dw05;dw06;dw07;dw08,dw00;dw01;dw02;dw03;dw04;dw05;dw06;dw07;dw08,dw06,75,1,2026-08-27T13:15:21.099+0200,dw03,021B,58,1964,-40,-1609,1125,3.15,12268
ground-height-0m-20260825-163632,d020m_r090_run01.csv,0,20,90,dw00;dw01;dw02;dw03;dw04;dw05;dw06;dw07;dw08,dw00;dw01;dw02;dw03;dw04;dw05;dw06;dw07;dw08,dw06,75,1,2026-08-27T13:15:21.515+0200,dw03,021B,60,1963,-39,-1606,1128,3.33,27862
ground-height-0m-20260825-163632,d020m_r090_run01.csv,0,20,90,dw00;dw01;dw02;dw03;dw04;dw05;dw06;dw07;dw08,dw00;dw01;dw02;dw03;dw04;dw05;dw06;dw07;dw08,dw06,75,1,2026-08-27T13:15:21.699+0200,dw03,021B,61,1964,-40,-1616,1116,3.21,12329
ground-height-0m-20260825-163632,d020m_r090_run01.csv,0,20,90,dw00;dw01;dw02;dw03;dw04;dw05;dw06;dw07;dw08,dw00;dw01;dw02;dw03;dw04;dw05;dw06;dw07;dw08,dw06,75,1,2026-08-27T13:15:21.898+0200,dw03,021B,62,1962,-39,-1599,1136,3.27,12268
ground-height-0m-20260825-163632,d020m_r090_run01.csv,0,20,90,dw00;dw01;dw02;dw03;dw04;dw05;dw06;dw07;dw08,dw00;dw01;dw02;dw03;dw04;dw05;dw06;dw07;dw08,dw06,75,1,2026-08-27T13:15:22.314+0200,dw03,021B,64,1964,-45,-1674,1027,3.33,27862
ground-height-0m-20260825-163632,d020m_r090_run01.csv,0,20,90,dw00;dw01;dw02;dw03;dw04;dw05;dw06;dw07;dw08,dw00;dw01;dw02;dw03;dw04;dw05;dw06;dw07;dw08,dw06,75,1,2026-08-27T13:15:22.499+0200,dw03,021B,65,1966,-47,-1696,995,3.21,12329
ground-height-0m-20260825-163632,d020m_r090_run01.csv,0,20,90,dw00;dw01;dw02;dw03;dw04;dw05;dw06;dw07;dw08,dw00;dw01;dw02;dw03;dw04;dw05;dw06;dw07;dw08,dw06,75,1,2026-08-27T13:15:22.698+0200,dw03,021B,66,1960,-44,-1665,1034,3.15,12268
ground-height-0m-20260825-163632,d020m_r090_run01.csv,0,20,90,dw00;dw01;dw02;dw03;dw04;dw05;dw06;dw07;dw08,dw00;dw01;dw02;dw03;dw04;dw05;dw06;dw07;dw08,dw06,75,1,2026-08-27T13:15:23.114+0200,dw03,021B,68,1961,-39,-1597,1138,3.33,27923
ground-height-0m-20260825-163632,d020m_r090_run01.csv,0,20,90,dw00;dw01;dw02;dw03;dw04;dw05;dw06;dw07;dw08,dw00;dw01;dw02;dw03;dw04;dw05;dw06;dw07;dw08,dw06,75,1,2026-08-27T13:15:23.299+0200,dw03,021B,69,1965,-50,-1736,919,3.15,12329
ground-height-0m-20260825-163632,d020m_r090_run01.csv,0,20,90,dw00;dw01;dw02;dw03;dw04;dw05;dw06;dw07;dw08,dw00;dw01;dw02;dw03;dw04;dw05;dw06;dw07;dw08,dw06,75,1,2026-08-27T13:15:23.498+0200,dw03,021B,70,1962,-41,-1630,1092,3.15,12268
ground-height-0m-20260825-163632,d020m_r090_run01.csv,0,20,90,dw00;dw01;dw02;dw03;dw04;dw05;dw06;dw07;dw08,dw00;dw01;dw02;dw03;dw04;dw05;dw06;dw07;dw08,dw06,75,1,2026-08-27T13:15:23.914+0200,dw03,021B,72,1966,-43,-1651,1068,3.39,27893
ground-height-0m-20260825-163632,d020m_r090_run01.csv,0,20,90,dw00;dw01;dw02;dw03;dw04;dw05;dw06;dw07;dw08,dw00;dw01;dw02;dw03;dw04;dw05;dw06;dw07;dw08,dw06,75,1,2026-08-27T13:15:24.099+0200,dw03,021B,73,1965,-37,-1584,1162,3.27,12298
ground-height-0m-20260825-163632,d020m_r090_run01.csv,0,20,90,dw00;dw01;dw02;dw03;dw04;dw05;dw06;dw07;dw08,dw00;dw01;dw02;dw03;dw04;dw05;dw06;dw07;dw08,dw06,75,1,2026-08-27T13:15:24.298+0200,dw03,021B,74,1961,-36,-1560,1188,3.06,12298
ground-height-0m-20260825-163632,d020m_r090_run01.csv,0,20,90,dw00;dw01;dw02;dw03;dw04;dw05;dw06;dw07;dw08,dw00;dw01;dw02;dw03;dw04;dw05;dw06;dw07;dw08,dw06,75,1,2026-08-27T13:15:24.714+0200,dw03,021B,76,1964,-42,-1633,1090,3.33,27893
ground-height-0m-20260825-163632,d020m_r090_run01.csv,0,20,90,dw00;dw01;dw02;dw03;dw04;dw05;dw06;dw07;dw08,dw00;dw01;dw02;dw03;dw04;dw05;dw06;dw07;dw08,dw06,75,1,2026-08-27T13:15:24.899+0200,dw03,021B,77,1965,-43,-1652,1064,3.27,12329
ground-height-0m-20260825-163632,d020m_r090_run01.csv,0,20,90,dw00;dw01;dw02;dw03;dw04;dw05;dw06;dw07;dw08,dw00;dw01;dw02;dw03;dw04;dw05;dw06;dw07;dw08,dw06,75,1,2026-08-27T13:15:25.098+0200,dw03,021B,78,1961,-43,-1647,1064,3.15,12268
ground-height-0m-20260825-163632,d020m_r090_run01.csv,0,20,90,dw00;dw01;dw02;dw03;dw04;dw05;dw06;dw07;dw08,dw00;dw01;dw02;dw03;dw04;dw05;dw06;dw07;dw08,dw06,75,1,2026-08-27T13:15:25.514+0200,dw03,021B,80,1961,-43,-1647,1063,3.27,27893
ground-height-0m-20260825-163632,d020m_r090_run01.csv,0,20,90,dw00;dw01;dw02;dw03;dw04;dw05;dw06;dw07;dw08,dw00;dw01;dw02;dw03;dw04;dw05;dw06;dw07;dw08,dw06,75,1,2026-08-27T13:15:25.699+0200,dw03,021B,81,1967,-37,-1583,1167,3.15,12329
ground-height-0m-20260825-163632,d020m_r090_run01.csv,0,20,90,dw00;dw01;dw02;dw03;dw04;dw05;dw06;dw07;dw08,dw00;dw01;dw02;dw03;dw04;dw05;dw06;dw07;dw08,dw06,75,1,2026-08-27T13:15:25.898+0200,dw03,021B,82,1963,-47,-1699,983,3.09,12268
ground-height-0m-20260825-163632,d020m_r090_run01.csv,0,20,90,dw00;dw01;dw02;dw03;dw04;dw05;dw06;dw07;dw08,dw00;dw01;dw02;dw03;dw04;dw05;dw06;dw07;dw08,dw06,75,1,2026-08-27T13:15:26.314+0200,dw03,021B,84,1964,-37,-1572,1177,3.33,27893
ground-height-0m-20260825-163632,d020m_r090_run01.csv,0,20,90,dw00;dw01;dw02;dw03;dw04;dw05;dw06;dw07;dw08,dw00;dw01;dw02;dw03;dw04;dw05;dw06;dw07;dw08,dw06,125,1,2026-08-27T13:16:33.383+0200,dw06,0789,2,1970,79,-162,1963,-4.08,12634
ground-height-0m-20260825-163632,d020m_r090_run01.csv,0,20,90,dw00;dw01;dw02;dw03;dw04;dw05;dw06;dw07;dw08,dw00;dw01;dw02;dw03;dw04;dw05;dw06;dw07;dw08,dw06,125,1,2026-08-27T13:16:33.653+0200,dw06,0789,3,1975,87,-65,1974,1.75,82336
ground-height-0m-20260825-163632,d020m_r090_run01.csv,0,20,90,dw00;dw01;dw02;dw03;dw04;dw05;dw06;dw07;dw08,dw00;dw01;dw02;dw03;dw04;dw05;dw06;dw07;dw08,dw06,125,1,2026-08-27T13:16:33.853+0200,dw06,0789,4,1974,82,-123,1970,1.87,82275
ground-height-0m-20260825-163632,d020m_r090_run01.csv,0,20,90,dw00;dw01;dw02;dw03;dw04;dw05;dw06;dw07;dw08,dw00;dw01;dw02;dw03;dw04;dw05;dw06;dw07;dw08,dw06,125,1,2026-08-27T13:16:34.052+0200,dw06,0789,5,1974,94,15,1973,1.81,82336
ground-height-0m-20260825-163632,d020m_r090_run01.csv,0,20,90,dw00;dw01;dw02;dw03;dw04;dw05;dw06;dw07;dw08,dw00;dw01;dw02;dw03;dw04;dw05;dw06;dw07;dw08,dw06,125,1,2026-08-27T13:16:34.252+0200,dw06,0789,6,1974,96,39,1973,1.69,82305
ground-height-0m-20260825-163632,d020m_r090_run01.csv,0,20,90,dw00;dw01;dw02;dw03;dw04;dw05;dw06;dw07;dw08,dw00;dw01;dw02;dw03;dw04;dw05;dw06;dw07;dw08,dw06,125,1,2026-08-27T13:16:34.453+0200,dw06,0789,7,1970,91,-17,1970,1.81,82336
ground-height-0m-20260825-163632,d020m_r090_run01.csv,0,20,90,dw00;dw01;dw02;dw03;dw04;dw05;dw06;dw07;dw08,dw00;dw01;dw02;dw03;dw04;dw05;dw06;dw07;dw08,dw06,125,1,2026-08-27T13:16:34.653+0200,dw06,0789,8,1975,92,-10,1975,1.69,82275
ground-height-0m-20260825-163632,d020m_r090_run01.csv,0,20,90,dw00;dw01;dw02;dw03;dw04;dw05;dw06;dw07;dw08,dw00;dw01;dw02;dw03;dw04;dw05;dw06;dw07;dw08,dw06,125,1,2026-08-27T13:16:34.852+0200,dw06,0789,9,1973,83,-117,1969,1.69,82366
ground-height-0m-20260825-163632,d020m_r090_run01.csv,0,20,90,dw00;dw01;dw02;dw03;dw04;dw05;dw06;dw07;dw08,dw00;dw01;dw02;dw03;dw04;dw05;dw06;dw07;dw08,dw06,125,1,2026-08-27T13:16:35.052+0200,dw06,0789,10,1975,86,-74,1974,1.87,82336
ground-height-0m-20260825-163632,d020m_r090_run01.csv,0,20,90,dw00;dw01;dw02;dw03;dw04;dw05;dw06;dw07;dw08,dw00;dw01;dw02;dw03;dw04;dw05;dw06;dw07;dw08,dw06,125,1,2026-08-27T13:16:35.252+0200,dw06,0789,11,1975,85,-85,1973,1.75,82305
ground-height-0m-20260825-163632,d020m_r090_run01.csv,0,20,90,dw00;dw01;dw02;dw03;dw04;dw05;dw06;dw07;dw08,dw00;dw01;dw02;dw03;dw04;dw05;dw06;dw07;dw08,dw06,125,1,2026-08-27T13:16:35.453+0200,dw06,0789,12,1974,97,53,1973,1.99,82305
ground-height-0m-20260825-163632,d020m_r090_run01.csv,0,20,90,dw00;dw01;dw02;dw03;dw04;dw05;dw06;dw07;dw08,dw00;dw01;dw02;dw03;dw04;dw05;dw06;dw07;dw08,dw06,125,1,2026-08-27T13:16:35.652+0200,dw06,0789,13,1974,86,-72,1973,1.81,82275
ground-height-0m-20260825-163632,d020m_r090_run01.csv,0,20,90,dw00;dw01;dw02;dw03;dw04;dw05;dw06;dw07;dw08,dw00;dw01;dw02;dw03;dw04;dw05;dw06;dw07;dw08,dw06,125,1,2026-08-27T13:16:35.852+0200,dw06,0789,14,1972,85,-89,1970,1.87,82336
ground-height-0m-20260825-163632,d020m_r090_run01.csv,0,20,90,dw00;dw01;dw02;dw03;dw04;dw05;dw06;dw07;dw08,dw00;dw01;dw02;dw03;dw04;dw05;dw06;dw07;dw08,dw06,125,1,2026-08-27T13:16:36.052+0200,dw06,0789,15,1974,98,70,1973,1.81,82305
ground-height-0m-20260825-163632,d020m_r090_run01.csv,0,20,90,dw00;dw01;dw02;dw03;dw04;dw05;dw06;dw07;dw08,dw00;dw01;dw02;dw03;dw04;dw05;dw06;dw07;dw08,dw06,125,1,2026-08-27T13:16:36.252+0200,dw06,0789,16,1974,91,-13,1974,1.87,82305
ground-height-0m-20260825-163632,d020m_r090_run01.csv,0,20,90,dw00;dw01;dw02;dw03;dw04;dw05;dw06;dw07;dw08,dw00;dw01;dw02;dw03;dw04;dw05;dw06;dw07;dw08,dw06,125,1,2026-08-27T13:16:36.451+0200,dw06,0789,17,1974,84,-97,1972,1.81,82305
ground-height-0m-20260825-163632,d020m_r090_run01.csv,0,20,90,dw00;dw01;dw02;dw03;dw04;dw05;dw06;dw07;dw08,dw00;dw01;dw02;dw03;dw04;dw05;dw06;dw07;dw08,dw06,125,1,2026-08-27T13:16:36.652+0200,dw06,0789,18,1977,86,-78,1976,1.81,82305
ground-height-0m-20260825-163632,d020m_r090_run01.csv,0,20,90,dw00;dw01;dw02;dw03;dw04;dw05;dw06;dw07;dw08,dw00;dw01;dw02;dw03;dw04;dw05;dw06;dw07;dw08,dw06,125,1,2026-08-27T13:16:36.852+0200,dw06,0789,19,1972,95,26,1972,1.75,82305
ground-height-0m-20260825-163632,d020m_r090_run01.csv,0,20,90,dw00;dw01;dw02;dw03;dw04;dw05;dw06;dw07;dw08,dw00;dw01;dw02;dw03;dw04;dw05;dw06;dw07;dw08,dw06,125,1,2026-08-27T13:16:37.052+0200,dw06,0789,20,1975,106,164,1969,1.87,82305
ground-height-0m-20260825-163632,d020m_r090_run01.csv,0,20,90,dw00;dw01;dw02;dw03;dw04;dw05;dw06;dw07;dw08,dw00;dw01;dw02;dw03;dw04;dw05;dw06;dw07;dw08,dw06,125,1,2026-08-27T13:16:37.251+0200,dw06,0789,21,1971,91,-18,1971,1.87,82305
ground-height-0m-20260825-163632,d020m_r090_run01.csv,0,20,90,dw00;dw01;dw02;dw03;dw04;dw05;dw06;dw07;dw08,dw00;dw01;dw02;dw03;dw04;dw05;dw06;dw07;dw08,dw06,125,1,2026-08-27T13:16:37.451+0200,dw06,0789,22,1971,86,-76,1970,1.87,82305
ground-height-0m-20260825-163632,d020m_r090_run01.csv,0,20,90,dw00;dw01;dw02;dw03;dw04;dw05;dw06;dw07;dw08,dw00;dw01;dw02;dw03;dw04;dw05;dw06;dw07;dw08,dw06,125,1,2026-08-27T13:16:37.652+0200,dw06,0789,23,1970,83,-111,1967,1.99,82305
ground-height-0m-20260825-163632,d020m_r090_run01.csv,0,20,90,dw00;dw01;dw02;dw03;dw04;dw05;dw06;dw07;dw08,dw00;dw01;dw02;dw03;dw04;dw05;dw06;dw07;dw08,dw06,125,1,2026-08-27T13:16:37.852+0200,dw06,0789,24,1972,85,-94,1970,1.75,82305
ground-height-0m-20260825-163632,d020m_r090_run01.csv,0,20,90,dw00;dw01;dw02;dw03;dw04;dw05;dw06;dw07;dw08,dw00;dw01;dw02;dw03;dw04;dw05;dw06;dw07;dw08,dw06,125,1,2026-08-27T13:16:38.051+0200,dw06,0789,25,1976,80,-155,1970,1.87,82305
ground-height-0m-20260825-163632,d020m_r090_run01.csv,0,20,90,dw00;dw01;dw02;dw03;dw04;dw05;dw06;dw07;dw08,dw00;dw01;dw02;dw03;dw04;dw05;dw06;dw07;dw08,dw06,125,1,2026-08-27T13:16:38.251+0200,dw06,0789,26,1972,97,57,1971,1.87,82336
ground-height-0m-20260825-163632,d020m_r090_run01.csv,0,20,90,dw00;dw01;dw02;dw03;dw04;dw05;dw06;dw07;dw08,dw00;dw01;dw02;dw03;dw04;dw05;dw06;dw07;dw08,dw06,125,1,2026-08-27T13:16:38.451+0200,dw06,0789,27,1975,92,-2,1975,1.75,82336
ground-height-0m-20260825-163632,d020m_r090_run01.csv,0,20,90,dw00;dw01;dw02;dw03;dw04;dw05;dw06;dw07;dw08,dw00;dw01;dw02;dw03;dw04;dw05;dw06;dw07;dw08,dw06,125,1,2026-08-27T13:16:38.651+0200,dw06,0789,28,1974,91,-15,1973,1.81,82275
ground-height-0m-20260825-163632,d020m_r090_run01.csv,0,20,90,dw00;dw01;dw02;dw03;dw04;dw05;dw06;dw07;dw08,dw00;dw01;dw02;dw03;dw04;dw05;dw06;dw07;dw08,dw06,125,1,2026-08-27T13:16:38.851+0200,dw06,0789,29,1973,88,-54,1972,1.81,82336
ground-height-0m-20260825-163632,d020m_r090_run01.csv,0,20,90,dw00;dw01;dw02;dw03;dw04;dw05;dw06;dw07;dw08,dw00;dw01;dw02;dw03;dw04;dw05;dw06;dw07;dw08,dw06,125,1,2026-08-27T13:16:39.051+0200,dw06,0789,30,1973,90,-24,1973,1.81,82275
ground-height-0m-20260825-163632,d020m_r090_run01.csv,0,20,90,dw00;dw01;dw02;dw03;dw04;dw05;dw06;dw07;dw08,dw00;dw01;dw02;dw03;dw04;dw05;dw06;dw07;dw08,dw06,125,1,2026-08-27T13:16:39.251+0200,dw06,0789,31,1974,92,-2,1974,1.87,82336
ground-height-0m-20260825-163632,d020m_r090_run01.csv,0,20,90,dw00;dw01;dw02;dw03;dw04;dw05;dw06;dw07;dw08,dw00;dw01;dw02;dw03;dw04;dw05;dw06;dw07;dw08,dw06,125,1,2026-08-27T13:16:39.451+0200,dw06,0789,32,1975,92,-7,1975,1.87,82275
ground-height-0m-20260825-163632,d020m_r090_run01.csv,0,20,90,dw00;dw01;dw02;dw03;dw04;dw05;dw06;dw07;dw08,dw00;dw01;dw02;dw03;dw04;dw05;dw06;dw07;dw08,dw06,125,1,2026-08-27T13:16:39.650+0200,dw06,0789,33,1974,92,-3,1974,1.81,82305
ground-height-0m-20260825-163632,d020m_r090_run01.csv,0,20,90,dw00;dw01;dw02;dw03;dw04;dw05;dw06;dw07;dw08,dw00;dw01;dw02;dw03;dw04;dw05;dw06;dw07;dw08,dw06,125,1,2026-08-27T13:16:39.851+0200,dw06,0789,34,1975,81,-135,1971,1.87,82336
ground-height-0m-20260825-163632,d020m_r090_run01.csv,0,20,90,dw00;dw01;dw02;dw03;dw04;dw05;dw06;dw07;dw08,dw00;dw01;dw02;dw03;dw04;dw05;dw06;dw07;dw08,dw06,125,1,2026-08-27T13:16:40.051+0200,dw06,0789,35,1974,91,-11,1974,1.93,82305
ground-height-0m-20260825-163632,d020m_r090_run01.csv,0,20,90,dw00;dw01;dw02;dw03;dw04;dw05;dw06;dw07;dw08,dw00;dw01;dw02;dw03;dw04;dw05;dw06;dw07;dw08,dw06,125,1,2026-08-27T13:16:40.251+0200,dw06,0789,36,1972,90,-23,1972,1.87,82305
ground-height-0m-20260825-163632,d020m_r090_run01.csv,0,20,90,dw00;dw01;dw02;dw03;dw04;dw05;dw06;dw07;dw08,dw00;dw01;dw02;dw03;dw04;dw05;dw06;dw07;dw08,dw06,125,1,2026-08-27T13:16:40.450+0200,dw06,0789,37,1974,88,-53,1974,1.93,82305
ground-height-0m-20260825-163632,d020m_r090_run01.csv,0,20,90,dw00;dw01;dw02;dw03;dw04;dw05;dw06;dw07;dw08,dw00;dw01;dw02;dw03;dw04;dw05;dw06;dw07;dw08,dw06,125,1,2026-08-27T13:16:40.650+0200,dw06,0789,38,1974,97,54,1974,1.81,82275
ground-height-0m-20260825-163632,d020m_r090_run01.csv,0,20,90,dw00;dw01;dw02;dw03;dw04;dw05;dw06;dw07;dw08,dw00;dw01;dw02;dw03;dw04;dw05;dw06;dw07;dw08,dw06,125,1,2026-08-27T13:16:40.851+0200,dw06,0789,39,1974,90,-26,1974,1.93,82336
ground-height-0m-20260825-163632,d020m_r090_run01.csv,0,20,90,dw00;dw01;dw02;dw03;dw04;dw05;dw06;dw07;dw08,dw00;dw01;dw02;dw03;dw04;dw05;dw06;dw07;dw08,dw06,125,1,2026-08-27T13:16:41.052+0200,dw06,0789,40,1975,95,27,1975,1.87,82275
ground-height-0m-20260825-163632,d020m_r090_run01.csv,0,20,90,dw00;dw01;dw02;dw03;dw04;dw05;dw06;dw07;dw08,dw00;dw01;dw02;dw03;dw04;dw05;dw06;dw07;dw08,dw06,125,1,2026-08-27T13:16:41.251+0200,dw06,0789,41,1975,87,-63,1974,1.69,82336
ground-height-0m-20260825-163632,d020m_r090_run01.csv,0,20,90,dw00;dw01;dw02;dw03;dw04;dw05;dw06;dw07;dw08,dw00;dw01;dw02;dw03;dw04;dw05;dw06;dw07;dw08,dw06,125,1,2026-08-27T13:16:41.451+0200,dw06,0789,42,1974,97,57,1973,1.99,82305
ground-height-0m-20260825-163632,d020m_r090_run01.csv,0,20,90,dw00;dw01;dw02;dw03;dw04;dw05;dw06;dw07;dw08,dw00;dw01;dw02;dw03;dw04;dw05;dw06;dw07;dw08,dw06,125,1,2026-08-27T13:16:41.651+0200,dw06,0789,43,1976,92,-7,1976,1.81,82305
ground-height-0m-20260825-163632,d020m_r090_run01.csv,0,20,90,dw00;dw01;dw02;dw03;dw04;dw05;dw06;dw07;dw08,dw00;dw01;dw02;dw03;dw04;dw05;dw06;dw07;dw08,dw06,125,1,2026-08-27T13:16:41.851+0200,dw06,0789,44,1973,100,95,1970,1.87,82275
ground-height-0m-20260825-163632,d020m_r090_run01.csv,0,20,90,dw00;dw01;dw02;dw03;dw04;dw05;dw06;dw07;dw08,dw00;dw01;dw02;dw03;dw04;dw05;dw06;dw07;dw08,dw06,125,1,2026-08-27T13:16:42.051+0200,dw06,0789,45,1973,87,-65,1971,1.93,82336
ground-height-0m-20260825-163632,d020m_r090_run01.csv,0,20,90,dw00;dw01;dw02;dw03;dw04;dw05;dw06;dw07;dw08,dw00;dw01;dw02;dw03;dw04;dw05;dw06;dw07;dw08,dw06,125,1,2026-08-27T13:16:42.251+0200,dw06,0789,46,1974,84,-97,1972,1.81,82305
ground-height-0m-20260825-163632,d020m_r090_run01.csv,0,20,90,dw00;dw01;dw02;dw03;dw04;dw05;dw06;dw07;dw08,dw00;dw01;dw02;dw03;dw04;dw05;dw06;dw07;dw08,dw06,125,1,2026-08-27T13:16:42.451+0200,dw06,0789,47,1974,85,-90,1972,1.93,82275
ground-height-0m-20260825-163632,d020m_r090_run01.csv,0,20,90,dw00;dw01;dw02;dw03;dw04;dw05;dw06;dw07;dw08,dw00;dw01;dw02;dw03;dw04;dw05;dw06;dw07;dw08,dw06,125,1,2026-08-27T13:16:42.651+0200,dw06,0789,48,1970,94,23,1970,1.87,82336
ground-height-0m-20260825-163632,d020m_r090_run01.csv,0,20,90,dw00;dw01;dw02;dw03;dw04;dw05;dw06;dw07;dw08,dw00;dw01;dw02;dw03;dw04;dw05;dw06;dw07;dw08,dw06,125,1,2026-08-27T13:16:42.850+0200,dw06,0789,49,1976,92,-4,1976,1.93,82305
ground-height-0m-20260825-163632,d020m_r090_run01.csv,0,20,90,dw00;dw01;dw02;dw03;dw04;dw05;dw06;dw07;dw08,dw00;dw01;dw02;dw03;dw04;dw05;dw06;dw07;dw08,dw06,125,1,2026-08-27T13:16:43.050+0200,dw06,0789,50,1975,94,14,1975,1.87,82305
ground-height-0m-20260825-163632,d020m_r090_run01.csv,0,20,90,dw00;dw01;dw02;dw03;dw04;dw05;dw06;dw07;dw08,dw00;dw01;dw02;dw03;dw04;dw05;dw06;dw07;dw08,dw06,125,1,2026-08-27T13:16:43.251+0200,dw06,0789,51,1974,89,-42,1973,1.93,82305
ground-height-0m-20260825-163632,d020m_r090_run01.csv,0,20,90,dw00;dw01;dw02;dw03;dw04;dw05;dw06;dw07;dw08,dw00;dw01;dw02;dw03;dw04;dw05;dw06;dw07;dw08,dw06,125,1,2026-08-27T13:16:43.451+0200,dw06,0789,52,1972,90,-31,1971,1.87,82305
ground-height-0m-20260825-163632,d020m_r090_run01.csv,0,20,90,dw00;dw01;dw02;dw03;dw04;dw05;dw06;dw07;dw08,dw00;dw01;dw02;dw03;dw04;dw05;dw06;dw07;dw08,dw06,125,1,2026-08-27T13:16:43.650+0200,dw06,0789,53,1974,89,-38,1974,1.87,82305
ground-height-0m-20260825-163632,d020m_r090_run01.csv,0,20,90,dw00;dw01;dw02;dw03;dw04;dw05;dw06;dw07;dw08,dw00;dw01;dw02;dw03;dw04;dw05;dw06;dw07;dw08,dw06,125,1,2026-08-27T13:16:43.850+0200,dw06,0789,54,1971,85,-96,1969,1.75,82305
ground-height-0m-20260825-163632,d020m_r090_run01.csv,0,20,90,dw00;dw01;dw02;dw03;dw04;dw05;dw06;dw07;dw08,dw00;dw01;dw02;dw03;dw04;dw05;dw06;dw07;dw08,dw06,125,1,2026-08-27T13:16:44.050+0200,dw06,0789,55,1974,86,-82,1972,1.93,82305
ground-height-0m-20260825-163632,d020m_r090_run01.csv,0,20,90,dw00;dw01;dw02;dw03;dw04;dw05;dw06;dw07;dw08,dw00;dw01;dw02;dw03;dw04;dw05;dw06;dw07;dw08,dw06,125,1,2026-08-27T13:16:44.250+0200,dw06,0789,56,1975,86,-73,1974,1.99,82305
ground-height-0m-20260825-163632,d020m_r090_run01.csv,0,20,90,dw00;dw01;dw02;dw03;dw04;dw05;dw06;dw07;dw08,dw00;dw01;dw02;dw03;dw04;dw05;dw06;dw07;dw08,dw06,125,1,2026-08-27T13:16:44.450+0200,dw06,0789,57,1971,93,11,1971,1.99,82305
ground-height-0m-20260825-163632,d020m_r090_run01.csv,0,20,90,dw00;dw01;dw02;dw03;dw04;dw05;dw06;dw07;dw08,dw00;dw01;dw02;dw03;dw04;dw05;dw06;dw07;dw08,dw06,125,1,2026-08-27T13:16:44.650+0200,dw06,0789,58,1974,96,41,1973,1.99,82305
ground-height-0m-20260825-163632,d020m_r090_run01.csv,0,20,90,dw00;dw01;dw02;dw03;dw04;dw05;dw06;dw07;dw08,dw00;dw01;dw02;dw03;dw04;dw05;dw06;dw07;dw08,dw06,125,1,2026-08-27T13:16:44.850+0200,dw06,0789,59,1974,89,-42,1974,1.93,82305
ground-height-0m-20260825-163632,d020m_r090_run01.csv,0,20,90,dw00;dw01;dw02;dw03;dw04;dw05;dw06;dw07;dw08,dw00;dw01;dw02;dw03;dw04;dw05;dw06;dw07;dw08,dw06,125,1,2026-08-27T13:16:45.050+0200,dw06,0789,60,1972,91,-21,1972,1.87,82336
ground-height-0m-20260825-163632,d020m_r090_run01.csv,0,20,90,dw00;dw01;dw02;dw03;dw04;dw05;dw06;dw07;dw08,dw00;dw01;dw02;dw03;dw04;dw05;dw06;dw07;dw08,dw06,125,1,2026-08-27T13:16:45.249+0200,dw06,0789,61,1973,96,48,1972,1.93,82305
ground-height-0m-20260825-163632,d020m_r090_run01.csv,0,20,90,dw00;dw01;dw02;dw03;dw04;dw05;dw06;dw07;dw08,dw00;dw01;dw02;dw03;dw04;dw05;dw06;dw07;dw08,dw06,125,1,2026-08-27T13:16:45.450+0200,dw06,0789,62,1974,83,-111,1971,1.93,82275
ground-height-0m-20260825-163632,d020m_r090_run01.csv,0,20,90,dw00;dw01;dw02;dw03;dw04;dw05;dw06;dw07;dw08,dw00;dw01;dw02;dw03;dw04;dw05;dw06;dw07;dw08,dw06,125,1,2026-08-27T13:16:45.650+0200,dw06,0789,63,1972,89,-37,1972,1.99,82336
ground-height-0m-20260825-163632,d020m_r090_run01.csv,0,20,90,dw00;dw01;dw02;dw03;dw04;dw05;dw06;dw07;dw08,dw00;dw01;dw02;dw03;dw04;dw05;dw06;dw07;dw08,dw06,125,1,2026-08-27T13:16:45.850+0200,dw06,0789,64,1974,81,-138,1969,1.93,82305
ground-height-0m-20260825-163632,d020m_r090_run01.csv,0,20,90,dw00;dw01;dw02;dw03;dw04;dw05;dw06;dw07;dw08,dw00;dw01;dw02;dw03;dw04;dw05;dw06;dw07;dw08,dw06,125,1,2026-08-27T13:16:46.049+0200,dw06,0789,65,1974,95,29,1974,1.93,82305
ground-height-0m-20260825-163632,d020m_r090_run01.csv,0,20,90,dw00;dw01;dw02;dw03;dw04;dw05;dw06;dw07;dw08,dw00;dw01;dw02;dw03;dw04;dw05;dw06;dw07;dw08,dw06,125,1,2026-08-27T13:16:46.249+0200,dw06,0789,66,1974,80,-146,1969,1.99,82305
ground-height-0m-20260825-163632,d020m_r090_run01.csv,0,20,90,dw00;dw01;dw02;dw03;dw04;dw05;dw06;dw07;dw08,dw00;dw01;dw02;dw03;dw04;dw05;dw06;dw07;dw08,dw06,125,1,2026-08-27T13:16:46.449+0200,dw06,0789,67,1972,79,-160,1966,1.87,82305
ground-height-0m-20260825-163632,d020m_r090_run01.csv,0,20,90,dw00;dw01;dw02;dw03;dw04;dw05;dw06;dw07;dw08,dw00;dw01;dw02;dw03;dw04;dw05;dw06;dw07;dw08,dw06,125,1,2026-08-27T13:16:46.650+0200,dw06,0789,68,1966,94,16,1966,1.93,82305
ground-height-0m-20260825-163632,d020m_r090_run01.csv,0,20,90,dw00;dw01;dw02;dw03;dw04;dw05;dw06;dw07;dw08,dw00;dw01;dw02;dw03;dw04;dw05;dw06;dw07;dw08,dw06,125,1,2026-08-27T13:16:46.849+0200,dw06,0789,69,1975,100,92,1973,1.81,82305
ground-height-0m-20260825-163632,d020m_r090_run01.csv,0,20,90,dw00;dw01;dw02;dw03;dw04;dw05;dw06;dw07;dw08,dw00;dw01;dw02;dw03;dw04;dw05;dw06;dw07;dw08,dw06,125,1,2026-08-27T13:16:47.049+0200,dw06,0789,70,1972,85,-95,1969,1.99,82305
ground-height-0m-20260825-163632,d020m_r090_run01.csv,0,20,90,dw00;dw01;dw02;dw03;dw04;dw05;dw06;dw07;dw08,dw00;dw01;dw02;dw03;dw04;dw05;dw06;dw07;dw08,dw06,125,1,2026-08-27T13:16:47.249+0200,dw06,0789,71,1971,84,-106,1968,1.99,82305
ground-height-0m-20260825-163632,d020m_r090_run01.csv,0,20,90,dw00;dw01;dw02;dw03;dw04;dw05;dw06;dw07;dw08,dw00;dw01;dw02;dw03;dw04;dw05;dw06;dw07;dw08,dw06,125,1,2026-08-27T13:16:47.449+0200,dw06,0789,72,1969,93,8,1969,2.02,82305
ground-height-0m-20260825-163632,d020m_r090_run01.csv,0,20,90,dw00;dw01;dw02;dw03;dw04;dw05;dw06;dw07;dw08,dw00;dw01;dw02;dw03;dw04;dw05;dw06;dw07;dw08,dw06,125,1,2026-08-27T13:16:47.649+0200,dw06,0789,73,1975,95,32,1975,1.93,82305
ground-height-0m-20260825-163632,d020m_r090_run01.csv,0,20,90,dw00;dw01;dw02;dw03;dw04;dw05;dw06;dw07;dw08,dw00;dw01;dw02;dw03;dw04;dw05;dw06;dw07;dw08,dw06,125,1,2026-08-27T13:16:47.849+0200,dw06,0789,74,1971,93,5,1971,2.08,82305
ground-height-0m-20260825-163632,d020m_r090_run01.csv,0,20,90,dw00;dw01;dw02;dw03;dw04;dw05;dw06;dw07;dw08,dw00;dw01;dw02;dw03;dw04;dw05;dw06;dw07;dw08,dw06,125,1,2026-08-27T13:16:48.049+0200,dw06,0789,75,1970,85,-88,1968,2.02,82336
ground-height-0m-20260825-163632,d020m_r090_run01.csv,0,20,90,dw00;dw01;dw02;dw03;dw04;dw05;dw06;dw07;dw08,dw00;dw01;dw02;dw03;dw04;dw05;dw06;dw07;dw08,dw06,125,1,2026-08-27T13:16:48.249+0200,dw06,0789,76,1971,93,4,1971,2.08,82275
ground-height-0m-20260825-163632,d020m_r090_run01.csv,0,20,90,dw00;dw01;dw02;dw03;dw04;dw05;dw06;dw07;dw08,dw00;dw01;dw02;dw03;dw04;dw05;dw06;dw07;dw08,dw06,125,1,2026-08-27T13:16:48.448+0200,dw06,0789,77,1974,82,-121,1971,2.02,82275
ground-height-0m-20260825-163632,d020m_r090_run01.csv,0,20,90,dw00;dw01;dw02;dw03;dw04;dw05;dw06;dw07;dw08,dw00;dw01;dw02;dw03;dw04;dw05;dw06;dw07;dw08,dw06,125,1,2026-08-27T13:16:48.649+0200,dw06,0789,78,1971,96,49,1970,1.99,82305
ground-height-0m-20260825-163632,d020m_r090_run01.csv,0,20,90,dw00;dw01;dw02;dw03;dw04;dw05;dw06;dw07;dw08,dw00;dw01;dw02;dw03;dw04;dw05;dw06;dw07;dw08,dw06,125,1,2026-08-27T13:16:48.849+0200,dw06,0789,79,1974,80,-149,1968,1.99,82336
ground-height-0m-20260825-163632,d020m_r090_run01.csv,0,20,90,dw00;dw01;dw02;dw03;dw04;dw05;dw06;dw07;dw08,dw00;dw01;dw02;dw03;dw04;dw05;dw06;dw07;dw08,dw06,125,1,2026-08-27T13:16:49.049+0200,dw06,0789,80,1973,88,-50,1972,1.99,82275
ground-height-0m-20260825-163632,d020m_r090_run01.csv,0,20,90,dw00;dw01;dw02;dw03;dw04;dw05;dw06;dw07;dw08,dw00;dw01;dw02;dw03;dw04;dw05;dw06;dw07;dw08,dw06,125,1,2026-08-27T13:16:49.248+0200,dw06,0789,81,1974,88,-48,1973,2.02,82336
ground-height-0m-20260825-163632,d020m_r090_run01.csv,0,20,90,dw00;dw01;dw02;dw03;dw04;dw05;dw06;dw07;dw08,dw00;dw01;dw02;dw03;dw04;dw05;dw06;dw07;dw08,dw06,125,1,2026-08-27T13:16:49.449+0200,dw06,0789,82,1975,94,24,1975,2.08,82305
ground-height-0m-20260825-163632,d020m_r090_run01.csv,0,20,90,dw00;dw01;dw02;dw03;dw04;dw05;dw06;dw07;dw08,dw00;dw01;dw02;dw03;dw04;dw05;dw06;dw07;dw08,dw06,125,1,2026-08-27T13:16:49.649+0200,dw06,0789,83,1975,93,2,1975,2.08,82275
ground-height-0m-20260825-163632,d020m_r090_run01.csv,0,20,90,dw00;dw01;dw02;dw03;dw04;dw05;dw06;dw07;dw08,dw00;dw01;dw02;dw03;dw04;dw05;dw06;dw07;dw08,dw06,125,1,2026-08-27T13:16:49.849+0200,dw06,0789,84,1974,96,37,1974,2.02,82275
ground-height-0m-20260825-163632,d020m_r090_run01.csv,0,20,90,dw00;dw01;dw02;dw03;dw04;dw05;dw06;dw07;dw08,dw00;dw01;dw02;dw03;dw04;dw05;dw06;dw07;dw08,dw06,125,1,2026-08-27T13:16:50.049+0200,dw06,0789,85,1972,89,-46,1972,2.08,82336
ground-height-0m-20260825-163632,d020m_r090_run01.csv,0,20,90,dw00;dw01;dw02;dw03;dw04;dw05;dw06;dw07;dw08,dw00;dw01;dw02;dw03;dw04;dw05;dw06;dw07;dw08,dw06,125,1,2026-08-27T13:16:50.249+0200,dw06,0789,86,1973,97,56,1972,2.02,82305
ground-height-0m-20260825-163632,d020m_r090_run01.csv,0,20,90,dw00;dw01;dw02;dw03;dw04;dw05;dw06;dw07;dw08,dw00;dw01;dw02;dw03;dw04;dw05;dw06;dw07;dw08,dw06,125,1,2026-08-27T13:16:50.449+0200,dw06,0789,87,1971,89,-46,1971,2.08,82275
ground-height-0m-20260825-163632,d020m_r090_run01.csv,0,20,90,dw00;dw01;dw02;dw03;dw04;dw05;dw06;dw07;dw08,dw00;dw01;dw02;dw03;dw04;dw05;dw06;dw07;dw08,dw06,125,1,2026-08-27T13:16:50.649+0200,dw06,0789,88,1973,84,-106,1970,2.02,82275
ground-height-0m-20260825-163632,d020m_r090_run01.csv,0,20,90,dw00;dw01;dw02;dw03;dw04;dw05;dw06;dw07;dw08,dw00;dw01;dw02;dw03;dw04;dw05;dw06;dw07;dw08,dw06,125,1,2026-08-27T13:16:50.848+0200,dw06,0789,89,1974,95,25,1973,2.14,82275
ground-height-0m-20260825-163632,d020m_r090_run01.csv,0,20,90,dw00;dw01;dw02;dw03;dw04;dw05;dw06;dw07;dw08,dw00;dw01;dw02;dw03;dw04;dw05;dw06;dw07;dw08,dw06,125,1,2026-08-27T13:16:51.049+0200,dw06,0789,90,1973,88,-58,1972,2.20,82275
ground-height-0m-20260825-163632,d020m_r090_run01.csv,0,20,90,dw00;dw01;dw02;dw03;dw04;dw05;dw06;dw07;dw08,dw00;dw01;dw02;dw03;dw04;dw05;dw06;dw07;dw08,dw06,125,1,2026-08-27T13:16:51.249+0200,dw06,0789,91,1972,88,-57,1971,2.20,82275
ground-height-0m-20260825-163632,d020m_r090_run01.csv,0,20,90,dw00;dw01;dw02;dw03;dw04;dw05;dw06;dw07;dw08,dw00;dw01;dw02;dw03;dw04;dw05;dw06;dw07;dw08,dw06,125,1,2026-08-27T13:16:51.449+0200,dw06,0789,92,1972,86,-82,1970,1.99,82275
ground-height-0m-20260825-163632,d020m_r090_run01.csv,0,20,90,dw00;dw01;dw02;dw03;dw04;dw05;dw06;dw07;dw08,dw00;dw01;dw02;dw03;dw04;dw05;dw06;dw07;dw08,dw06,125,1,2026-08-27T13:16:51.648+0200,dw06,0789,93,1973,87,-63,1972,2.14,82275
ground-height-0m-20260825-163632,d020m_r090_run01.csv,0,20,90,dw00;dw01;dw02;dw03;dw04;dw05;dw06;dw07;dw08,dw00;dw01;dw02;dw03;dw04;dw05;dw06;dw07;dw08,dw06,125,1,2026-08-27T13:16:51.848+0200,dw06,0789,94,1974,100,88,1972,2.20,82305
ground-height-0m-20260825-163632,d020m_r090_run01.csv,0,20,90,dw00;dw01;dw02;dw03;dw04;dw05;dw06;dw07;dw08,dw00;dw01;dw02;dw03;dw04;dw05;dw06;dw07;dw08,dw06,125,1,2026-08-27T13:16:52.048+0200,dw06,0789,95,1975,92,0,1975,2.20,82275
ground-height-0m-20260825-163632,d020m_r090_run01.csv,0,20,90,dw00;dw01;dw02;dw03;dw04;dw05;dw06;dw07;dw08,dw00;dw01;dw02;dw03;dw04;dw05;dw06;dw07;dw08,dw06,125,1,2026-08-27T13:16:52.249+0200,dw06,0789,96,1970,98,63,1969,2.14,82275
ground-height-0m-20260825-163632,d020m_r090_run01.csv,0,20,90,dw00;dw01;dw02;dw03;dw04;dw05;dw06;dw07;dw08,dw00;dw01;dw02;dw03;dw04;dw05;dw06;dw07;dw08,dw06,125,1,2026-08-27T13:16:52.448+0200,dw06,0789,97,1973,95,29,1973,2.14,82275
ground-height-0m-20260825-163632,d020m_r090_run01.csv,0,20,90,dw00;dw01;dw02;dw03;dw04;dw05;dw06;dw07;dw08,dw00;dw01;dw02;dw03;dw04;dw05;dw06;dw07;dw08,dw06,125,1,2026-08-27T13:16:52.648+0200,dw06,0789,98,1974,94,25,1973,2.14,82275
ground-height-0m-20260825-163632,d020m_r090_run01.csv,0,20,90,dw00;dw01;dw02;dw03;dw04;dw05;dw06;dw07;dw08,dw00;dw01;dw02;dw03;dw04;dw05;dw06;dw07;dw08,dw06,125,1,2026-08-27T13:16:52.848+0200,dw06,0789,99,1974,90,-29,1973,2.20,82275
ground-height-0m-20260825-163632,d020m_r090_run01.csv,0,20,90,dw00;dw01;dw02;dw03;dw04;dw05;dw06;dw07;dw08,dw00;dw01;dw02;dw03;dw04;dw05;dw06;dw07;dw08,dw06,125,1,2026-08-27T13:16:53.048+0200,dw06,0789,100,1971,91,-22,1971,2.08,82305
ground-height-0m-20260825-163632,d020m_r090_run01.csv,0,20,90,dw00;dw01;dw02;dw03;dw04;dw05;dw06;dw07;dw08,dw00;dw01;dw02;dw03;dw04;dw05;dw06;dw07;dw08,dw06,125,1,2026-08-27T13:16:53.248+0200,dw06,0789,101,1973,91,-21,1972,2.08,82244
ground-height-0m-20260825-163632,d020m_r090_run01.csv,0,20,90,dw00;dw01;dw02;dw03;dw04;dw05;dw06;dw07;dw08,dw00;dw01;dw02;dw03;dw04;dw05;dw06;dw07;dw08,dw06,125,1,2026-08-27T13:16:53.448+0200,dw06,0789,102,1974,81,-144,1969,2.14,82275
ground-height-0m-20260825-163632,d020m_r090_run01.csv,0,20,90,dw00;dw01;dw02;dw03;dw04;dw05;dw06;dw07;dw08,dw00;dw01;dw02;dw03;dw04;dw05;dw06;dw07;dw08,dw06,125,1,2026-08-27T13:16:53.648+0200,dw06,0789,103,1970,78,-171,1962,2.14,82336
ground-height-0m-20260825-163632,d020m_r090_run01.csv,0,20,90,dw00;dw01;dw02;dw03;dw04;dw05;dw06;dw07;dw08,dw00;dw01;dw02;dw03;dw04;dw05;dw06;dw07;dw08,dw06,125,1,2026-08-27T13:16:53.848+0200,dw06,0789,104,1976,102,115,1973,2.26,82244
ground-height-0m-20260825-163632,d020m_r090_run01.csv,0,20,90,dw00;dw01;dw02;dw03;dw04;dw05;dw06;dw07;dw08,dw00;dw01;dw02;dw03;dw04;dw05;dw06;dw07;dw08,dw06,125,1,2026-08-27T13:16:54.047+0200,dw06,0789,105,1975,86,-74,1974,2.20,82305
ground-height-0m-20260825-163632,d020m_r090_run01.csv,0,20,90,dw00;dw01;dw02;dw03;dw04;dw05;dw06;dw07;dw08,dw00;dw01;dw02;dw03;dw04;dw05;dw06;dw07;dw08,dw06,125,1,2026-08-27T13:16:54.247+0200,dw06,0789,106,1968,94,24,1968,2.08,82244
ground-height-0m-20260825-163632,d020m_r090_run01.csv,0,20,90,dw00;dw01;dw02;dw03;dw04;dw05;dw06;dw07;dw08,dw00;dw01;dw02;dw03;dw04;dw05;dw06;dw07;dw08,dw06,125,1,2026-08-27T13:16:54.448+0200,dw06,0789,107,1976,88,-50,1975,2.20,82305
ground-height-0m-20260825-163632,d020m_r090_run01.csv,0,20,90,dw00;dw01;dw02;dw03;dw04;dw05;dw06;dw07;dw08,dw00;dw01;dw02;dw03;dw04;dw05;dw06;dw07;dw08,dw06,125,1,2026-08-27T13:16:54.648+0200,dw06,0789,108,1974,90,-32,1974,2.14,82275
ground-height-0m-20260825-163632,d020m_r090_run01.csv,0,20,90,dw00;dw01;dw02;dw03;dw04;dw05;dw06;dw07;dw08,dw00;dw01;dw02;dw03;dw04;dw05;dw06;dw07;dw08,dw06,125,1,2026-08-27T13:16:54.847+0200,dw06,0789,109,1973,97,60,1972,2.02,82244
ground-height-0m-20260825-163632,d020m_r090_run01.csv,0,20,90,dw00;dw01;dw02;dw03;dw04;dw05;dw06;dw07;dw08,dw00;dw01;dw02;dw03;dw04;dw05;dw06;dw07;dw08,dw06,125,1,2026-08-27T13:16:55.047+0200,dw06,0789,110,1969,98,73,1968,2.14,82275
ground-height-0m-20260825-163632,d020m_r090_run01.csv,0,20,90,dw00;dw01;dw02;dw03;dw04;dw05;dw06;dw07;dw08,dw00;dw01;dw02;dw03;dw04;dw05;dw06;dw07;dw08,dw06,125,1,2026-08-27T13:16:55.463+0200,dw06,0789,112,1970,88,-53,1970,2.26,2147483
ground-height-0m-20260825-163632,d020m_r090_run01.csv,0,20,90,dw00;dw01;dw02;dw03;dw04;dw05;dw06;dw07;dw08,dw00;dw01;dw02;dw03;dw04;dw05;dw06;dw07;dw08,dw06,125,1,2026-08-27T13:16:55.647+0200,dw06,0789,113,1974,96,39,1973,2.14,82336
ground-height-0m-20260825-163632,d020m_r090_run01.csv,0,20,90,dw00;dw01;dw02;dw03;dw04;dw05;dw06;dw07;dw08,dw00;dw01;dw02;dw03;dw04;dw05;dw06;dw07;dw08,dw06,125,1,2026-08-27T13:16:55.847+0200,dw06,0789,114,1972,95,30,1971,2.20,82275
ground-height-0m-20260825-163632,d020m_r090_run01.csv,0,20,90,dw00;dw01;dw02;dw03;dw04;dw05;dw06;dw07;dw08,dw00;dw01;dw02;dw03;dw04;dw05;dw06;dw07;dw08,dw06,125,1,2026-08-27T13:16:56.047+0200,dw06,0789,115,1972,92,0,1972,2.08,82275
ground-height-0m-20260825-163632,d020m_r090_run01.csv,0,20,90,dw00;dw01;dw02;dw03;dw04;dw05;dw06;dw07;dw08,dw00;dw01;dw02;dw03;dw04;dw05;dw06;dw07;dw08,dw06,125,1,2026-08-27T13:16:56.247+0200,dw06,0789,116,1973,87,-60,1972,2.14,82305
ground-height-0m-20260825-163632,d020m_r090_run01.csv,0,20,90,dw00;dw01;dw02;dw03;dw04;dw05;dw06;dw07;dw08,dw00;dw01;dw02;dw03;dw04;dw05;dw06;dw07;dw08,dw06,125,1,2026-08-27T13:16:56.447+0200,dw06,0789,117,1973,89,-44,1972,2.08,82244
ground-height-0m-20260825-163632,d020m_r090_run01.csv,0,20,90,dw00;dw01;dw02;dw03;dw04;dw05;dw06;dw07;dw08,dw00;dw01;dw02;dw03;dw04;dw05;dw06;dw07;dw08,dw06,125,1,2026-08-27T13:16:56.647+0200,dw06,0789,118,1970,87,-65,1969,2.14,82336
ground-height-0m-20260825-163632,d020m_r090_run01.csv,0,20,90,dw00;dw01;dw02;dw03;dw04;dw05;dw06;dw07;dw08,dw00;dw01;dw02;dw03;dw04;dw05;dw06;dw07;dw08,dw06,125,1,2026-08-27T13:16:56.847+0200,dw06,0789,119,1973,87,-69,1971,2.02,82275
ground-height-0m-20260825-163632,d020m_r090_run01.csv,0,20,90,dw00;dw01;dw02;dw03;dw04;dw05;dw06;dw07;dw08,dw00;dw01;dw02;dw03;dw04;dw05;dw06;dw07;dw08,dw06,125,1,2026-08-27T13:16:57.047+0200,dw06,0789,120,1974,93,5,1974,2.02,82275
ground-height-0m-20260825-163632,d020m_r090_run01.csv,0,20,90,dw00;dw01;dw02;dw03;dw04;dw05;dw06;dw07;dw08,dw00;dw01;dw02;dw03;dw04;dw05;dw06;dw07;dw08,dw06,125,1,2026-08-27T13:16:57.246+0200,dw06,0789,121,1970,95,29,1970,2.14,82275
ground-height-0m-20260825-163632,d020m_r090_run01.csv,0,20,90,dw00;dw01;dw02;dw03;dw04;dw05;dw06;dw07;dw08,dw00;dw01;dw02;dw03;dw04;dw05;dw06;dw07;dw08,dw06,125,1,2026-08-27T13:16:57.447+0200,dw06,0789,122,1971,97,49,1971,2.20,82275
ground-height-0m-20260825-163632,d020m_r090_run01.csv,0,20,90,dw00;dw01;dw02;dw03;dw04;dw05;dw06;dw07;dw08,dw00;dw01;dw02;dw03;dw04;dw05;dw06;dw07;dw08,dw06,125,1,2026-08-27T13:16:57.647+0200,dw06,0789,123,1968,90,-26,1968,2.08,82275
ground-height-0m-20260825-163632,d020m_r090_run01.csv,0,20,90,dw00;dw01;dw02;dw03;dw04;dw05;dw06;dw07;dw08,dw00;dw01;dw02;dw03;dw04;dw05;dw06;dw07;dw08,dw06,125,1,2026-08-27T13:16:57.848+0200,dw06,0789,124,1974,92,-7,1974,2.32,82244
ground-height-0m-20260825-163632,d020m_r090_run01.csv,0,20,90,dw00;dw01;dw02;dw03;dw04;dw05;dw06;dw07;dw08,dw00;dw01;dw02;dw03;dw04;dw05;dw06;dw07;dw08,dw06,125,1,2026-08-27T13:16:58.047+0200,dw06,0789,125,1972,89,-44,1971,2.02,2147483
ground-height-0m-20260825-163632,d020m_r090_run01.csv,0,20,90,dw00;dw01;dw02;dw03;dw04;dw05;dw06;dw07;dw08,dw00;dw01;dw02;dw03;dw04;dw05;dw06;dw07;dw08,dw06,125,1,2026-08-27T13:16:58.266+0200,dw06,0789,126,1972,85,-95,1969,2.08,732
ground-height-0m-20260825-163632,d020m_r090_run01.csv,0,20,90,dw00;dw01;dw02;dw03;dw04;dw05;dw06;dw07;dw08,dw00;dw01;dw02;dw03;dw04;dw05;dw06;dw07;dw08,dw06,125,1,2026-08-27T13:16:58.547+0200,dw06,0789,127,1972,88,-50,1971,2.08,2147483
ground-height-0m-20260825-163632,d020m_r090_run01.csv,0,20,90,dw00;dw01;dw02;dw03;dw04;dw05;dw06;dw07;dw08,dw00;dw01;dw02;dw03;dw04;dw05;dw06;dw07;dw08,dw06,125,1,2026-08-27T13:16:58.766+0200,dw06,0789,128,1976,94,25,1976,2.08,793
ground-height-0m-20260825-163632,d020m_r090_run01.csv,0,20,90,dw00;dw01;dw02;dw03;dw04;dw05;dw06;dw07;dw08,dw00;dw01;dw02;dw03;dw04;dw05;dw06;dw07;dw08,dw06,125,1,2026-08-27T13:16:59.047+0200,dw06,0789,129,1973,95,36,1972,2.14,82336
ground-height-0m-20260825-163632,d020m_r090_run01.csv,0,20,90,dw00;dw01;dw02;dw03;dw04;dw05;dw06;dw07;dw08,dw00;dw01;dw02;dw03;dw04;dw05;dw06;dw07;dw08,dw06,125,1,2026-08-27T13:16:59.247+0200,dw06,0789,130,1974,83,-114,1971,2.02,82275
ground-height-0m-20260825-163632,d020m_r090_run01.csv,0,20,90,dw00;dw01;dw02;dw03;dw04;dw05;dw06;dw07;dw08,dw00;dw01;dw02;dw03;dw04;dw05;dw06;dw07;dw08,dw06,125,1,2026-08-27T13:16:59.447+0200,dw06,0789,131,1969,90,-27,1969,2.20,82275
ground-height-0m-20260825-163632,d020m_r090_run01.csv,0,20,90,dw00;dw01;dw02;dw03;dw04;dw05;dw06;dw07;dw08,dw00;dw01;dw02;dw03;dw04;dw05;dw06;dw07;dw08,dw06,125,1,2026-08-27T13:16:59.646+0200,dw06,0789,132,1971,86,-79,1970,2.08,82275
ground-height-0m-20260825-163632,d020m_r090_run01.csv,0,20,90,dw00;dw01;dw02;dw03;dw04;dw05;dw06;dw07;dw08,dw00;dw01;dw02;dw03;dw04;dw05;dw06;dw07;dw08,dw06,125,1,2026-08-27T13:16:59.847+0200,dw06,0789,133,1971,86,-77,1969,1.99,82336
ground-height-0m-20260825-163632,d020m_r090_run01.csv,0,20,90,dw00;dw01;dw02;dw03;dw04;dw05;dw06;dw07;dw08,dw00;dw01;dw02;dw03;dw04;dw05;dw06;dw07;dw08,dw06,125,1,2026-08-27T13:17:00.047+0200,dw06,0789,134,1973,83,-117,1970,2.26,82244
ground-height-0m-20260825-163632,d020m_r090_run01.csv,0,20,90,dw00;dw01;dw02;dw03;dw04;dw05;dw06;dw07;dw08,dw00;dw01;dw02;dw03;dw04;dw05;dw06;dw07;dw08,dw06,125,1,2026-08-27T13:17:00.247+0200,dw06,0789,135,1970,92,-8,1970,2.14,82275
ground-height-0m-20260825-163632,d020m_r090_run01.csv,0,20,90,dw00;dw01;dw02;dw03;dw04;dw05;dw06;dw07;dw08,dw00;dw01;dw02;dw03;dw04;dw05;dw06;dw07;dw08,dw06,125,1,2026-08-27T13:17:00.446+0200,dw06,0789,136,1973,80,-154,1967,2.14,82275
ground-height-0m-20260825-163632,d020m_r090_run01.csv,0,20,90,dw00;dw01;dw02;dw03;dw04;dw05;dw06;dw07;dw08,dw00;dw01;dw02;dw03;dw04;dw05;dw06;dw07;dw08,dw06,125,1,2026-08-27T13:17:00.646+0200,dw06,0789,137,1976,84,-96,1974,2.08,82305
ground-height-0m-20260825-163632,d020m_r090_run01.csv,0,20,90,dw00;dw01;dw02;dw03;dw04;dw05;dw06;dw07;dw08,dw00;dw01;dw02;dw03;dw04;dw05;dw06;dw07;dw08,dw06,125,1,2026-08-27T13:17:00.846+0200,dw06,0789,138,1974,90,-26,1974,2.02,2147483
ground-height-0m-20260825-163632,d020m_r090_run01.csv,0,20,90,dw00;dw01;dw02;dw03;dw04;dw05;dw06;dw07;dw08,dw00;dw01;dw02;dw03;dw04;dw05;dw06;dw07;dw08,dw06,125,1,2026-08-27T13:17:01.064+0200,dw06,0789,139,1972,97,50,1971,2.08,762
ground-height-0m-20260825-163632,d020m_r090_run01.csv,0,20,90,dw00;dw01;dw02;dw03;dw04;dw05;dw06;dw07;dw08,dw00;dw01;dw02;dw03;dw04;dw05;dw06;dw07;dw08,dw06,125,1,2026-08-27T13:17:01.346+0200,dw06,0789,140,1972,88,-56,1971,2.08,2147483
ground-height-0m-20260825-163632,d020m_r090_run01.csv,0,20,90,dw00;dw01;dw02;dw03;dw04;dw05;dw06;dw07;dw08,dw00;dw01;dw02;dw03;dw04;dw05;dw06;dw07;dw08,dw06,125,1,2026-08-27T13:17:01.564+0200,dw06,0789,141,1974,93,6,1974,2.14,762
ground-height-0m-20260825-163632,d020m_r090_run01.csv,0,20,90,dw00;dw01;dw02;dw03;dw04;dw05;dw06;dw07;dw08,dw00;dw01;dw02;dw03;dw04;dw05;dw06;dw07;dw08,dw06,125,1,2026-08-27T13:17:01.846+0200,dw06,0789,142,1974,84,-99,1972,2.02,82366
ground-height-0m-20260825-163632,d020m_r090_run01.csv,0,20,90,dw00;dw01;dw02;dw03;dw04;dw05;dw06;dw07;dw08,dw00;dw01;dw02;dw03;dw04;dw05;dw06;dw07;dw08,dw06,125,1,2026-08-27T13:17:02.045+0200,dw06,0789,143,1976,90,-28,1976,2.08,82275
ground-height-0m-20260825-163632,d020m_r090_run01.csv,0,20,90,dw00;dw01;dw02;dw03;dw04;dw05;dw06;dw07;dw08,dw00;dw01;dw02;dw03;dw04;dw05;dw06;dw07;dw08,dw06,125,1,2026-08-27T13:17:02.246+0200,dw06,0789,144,1966,79,-166,1959,2.20,82305
ground-height-0m-20260825-163632,d020m_r090_run01.csv,0,20,90,dw00;dw01;dw02;dw03;dw04;dw05;dw06;dw07;dw08,dw00;dw01;dw02;dw03;dw04;dw05;dw06;dw07;dw08,dw06,125,1,2026-08-27T13:17:02.446+0200,dw06,0789,145,1975,85,-93,1973,2.02,82275
ground-height-0m-20260825-163632,d020m_r090_run01.csv,0,20,90,dw00;dw01;dw02;dw03;dw04;dw05;dw06;dw07;dw08,dw00;dw01;dw02;dw03;dw04;dw05;dw06;dw07;dw08,dw06,125,1,2026-08-27T13:17:02.646+0200,dw06,0789,146,1974,95,28,1974,2.02,82275
ground-height-0m-20260825-163632,d020m_r090_run01.csv,0,20,90,dw00;dw01;dw02;dw03;dw04;dw05;dw06;dw07;dw08,dw00;dw01;dw02;dw03;dw04;dw05;dw06;dw07;dw08,dw06,125,1,2026-08-27T13:17:02.845+0200,dw06,0789,147,1970,81,-140,1965,2.02,82275
ground-height-0m-20260825-163632,d020m_r090_run01.csv,0,20,90,dw00;dw01;dw02;dw03;dw04;dw05;dw06;dw07;dw08,dw00;dw01;dw02;dw03;dw04;dw05;dw06;dw07;dw08,dw06,125,1,2026-08-27T13:17:03.045+0200,dw06,0789,148,1974,89,-41,1973,2.02,82305
ground-height-0m-20260825-163632,d020m_r090_run01.csv,0,20,90,dw00;dw01;dw02;dw03;dw04;dw05;dw06;dw07;dw08,dw00;dw01;dw02;dw03;dw04;dw05;dw06;dw07;dw08,dw06,125,1,2026-08-27T13:17:03.246+0200,dw06,0789,149,1973,88,-53,1972,2.08,82275
ground-height-0m-20260825-163632,d020m_r090_run01.csv,0,20,90,dw00;dw01;dw02;dw03;dw04;dw05;dw06;dw07;dw08,dw00;dw01;dw02;dw03;dw04;dw05;dw06;dw07;dw08,dw06,125,1,2026-08-27T13:17:03.446+0200,dw06,0789,150,1974,89,-46,1973,2.02,82305
ground-height-0m-20260825-163632,d020m_r090_run01.csv,0,20,90,dw00;dw01;dw02;dw03;dw04;dw05;dw06;dw07;dw08,dw00;dw01;dw02;dw03;dw04;dw05;dw06;dw07;dw08,dw06,125,1,2026-08-27T13:17:03.645+0200,dw06,0789,151,1973,91,-20,1973,2.14,82305
ground-height-0m-20260825-163632,d020m_r090_run01.csv,0,20,90,dw00;dw01;dw02;dw03;dw04;dw05;dw06;dw07;dw08,dw00;dw01;dw02;dw03;dw04;dw05;dw06;dw07;dw08,dw06,125,1,2026-08-27T13:17:03.845+0200,dw06,0789,152,1976,94,19,1976,1.99,82275
ground-height-0m-20260825-163632,d020m_r090_run01.csv,0,20,90,dw00;dw01;dw02;dw03;dw04;dw05;dw06;dw07;dw08,dw00;dw01;dw02;dw03;dw04;dw05;dw06;dw07;dw08,dw06,125,1,2026-08-27T13:17:04.045+0200,dw06,0789,153,1974,79,-164,1968,2.02,82275
ground-height-0m-20260825-163632,d020m_r090_run01.csv,0,20,90,dw00;dw01;dw02;dw03;dw04;dw05;dw06;dw07;dw08,dw00;dw01;dw02;dw03;dw04;dw05;dw06;dw07;dw08,dw06,125,1,2026-08-27T13:17:04.245+0200,dw06,0789,154,1975,93,4,1975,2.02,82275
ground-height-0m-20260825-163632,d020m_r090_run01.csv,0,20,90,dw00;dw01;dw02;dw03;dw04;dw05;dw06;dw07;dw08,dw00;dw01;dw02;dw03;dw04;dw05;dw06;dw07;dw08,dw06,125,1,2026-08-27T13:17:04.445+0200,dw06,0789,155,1972,87,-62,1971,1.99,82275
ground-height-0m-20260825-163632,d020m_r090_run01.csv,0,20,90,dw00;dw01;dw02;dw03;dw04;dw05;dw06;dw07;dw08,dw00;dw01;dw02;dw03;dw04;dw05;dw06;dw07;dw08,dw06,125,1,2026-08-27T13:17:04.645+0200,dw06,0789,156,1973,92,-1,1973,2.14,82275
ground-height-0m-20260825-163632,d020m_r090_run01.csv,0,20,90,dw00;dw01;dw02;dw03;dw04;dw05;dw06;dw07;dw08,dw00;dw01;dw02;dw03;dw04;dw05;dw06;dw07;dw08,dw06,125,1,2026-08-27T13:17:04.845+0200,dw06,0789,157,1974,93,2,1974,2.08,82275
ground-height-0m-20260825-163632,d020m_r090_run01.csv,0,20,90,dw00;dw01;dw02;dw03;dw04;dw05;dw06;dw07;dw08,dw00;dw01;dw02;dw03;dw04;dw05;dw06;dw07;dw08,dw06,125,1,2026-08-27T13:17:05.045+0200,dw06,0789,158,1974,88,-58,1973,2.14,82275
ground-height-0m-20260825-163632,d020m_r090_run01.csv,0,20,90,dw00;dw01;dw02;dw03;dw04;dw05;dw06;dw07;dw08,dw00;dw01;dw02;dw03;dw04;dw05;dw06;dw07;dw08,dw06,125,1,2026-08-27T13:17:05.245+0200,dw06,0789,159,1975,98,69,1974,2.08,82275
ground-height-0m-20260825-163632,d020m_r090_run01.csv,0,20,90,dw00;dw01;dw02;dw03;dw04;dw05;dw06;dw07;dw08,dw00;dw01;dw02;dw03;dw04;dw05;dw06;dw07;dw08,dw06,125,1,2026-08-27T13:17:05.445+0200,dw06,0789,160,1978,94,23,1978,2.14,82275
ground-height-0m-20260825-163632,d020m_r090_run01.csv,0,20,90,dw00;dw01;dw02;dw03;dw04;dw05;dw06;dw07;dw08,dw00;dw01;dw02;dw03;dw04;dw05;dw06;dw07;dw08,dw06,125,1,2026-08-27T13:17:05.645+0200,dw06,0789,161,1971,94,13,1971,2.08,82275
ground-height-0m-20260825-163632,d020m_r090_run01.csv,0,20,90,dw00;dw01;dw02;dw03;dw04;dw05;dw06;dw07;dw08,dw00;dw01;dw02;dw03;dw04;dw05;dw06;dw07;dw08,dw06,125,1,2026-08-27T13:17:05.845+0200,dw06,0789,162,1975,87,-60,1974,2.08,82275
ground-height-0m-20260825-163632,d020m_r090_run01.csv,0,20,90,dw00;dw01;dw02;dw03;dw04;dw05;dw06;dw07;dw08,dw00;dw01;dw02;dw03;dw04;dw05;dw06;dw07;dw08,dw06,125,1,2026-08-27T13:17:06.044+0200,dw06,0789,163,1972,94,21,1972,2.20,82275
ground-height-0m-20260825-163632,d020m_r090_run01.csv,0,20,90,dw00;dw01;dw02;dw03;dw04;dw05;dw06;dw07;dw08,dw00;dw01;dw02;dw03;dw04;dw05;dw06;dw07;dw08,dw06,125,1,2026-08-27T13:17:06.245+0200,dw06,0789,164,1976,90,-27,1976,2.02,82305
ground-height-0m-20260825-163632,d020m_r090_run01.csv,0,20,90,dw00;dw01;dw02;dw03;dw04;dw05;dw06;dw07;dw08,dw00;dw01;dw02;dw03;dw04;dw05;dw06;dw07;dw08,dw06,125,1,2026-08-27T13:17:06.445+0200,dw06,0789,165,1975,90,-28,1975,2.08,82244
ground-height-0m-20260825-163632,d020m_r090_run01.csv,0,20,90,dw00;dw01;dw02;dw03;dw04;dw05;dw06;dw07;dw08,dw00;dw01;dw02;dw03;dw04;dw05;dw06;dw07;dw08,dw06,125,1,2026-08-27T13:17:06.646+0200,dw06,0789,166,1970,89,-38,1969,2.20,82305
ground-height-0m-20260825-163632,d020m_r090_run01.csv,0,20,90,dw00;dw01;dw02;dw03;dw04;dw05;dw06;dw07;dw08,dw00;dw01;dw02;dw03;dw04;dw05;dw06;dw07;dw08,dw06,125,1,2026-08-27T13:17:06.845+0200,dw06,0789,167,1970,90,-24,1970,2.02,82275
ground-height-0m-20260825-163632,d020m_r090_run01.csv,0,20,90,dw00;dw01;dw02;dw03;dw04;dw05;dw06;dw07;dw08,dw00;dw01;dw02;dw03;dw04;dw05;dw06;dw07;dw08,dw06,125,1,2026-08-27T13:17:07.045+0200,dw06,0789,168,1973,85,-95,1970,2.08,82275
ground-height-0m-20260825-163632,d020m_r090_run01.csv,0,20,90,dw00;dw01;dw02;dw03;dw04;dw05;dw06;dw07;dw08,dw00;dw01;dw02;dw03;dw04;dw05;dw06;dw07;dw08,dw06,125,1,2026-08-27T13:17:07.245+0200,dw06,0789,169,1972,94,13,1972,2.02,82275
ground-height-0m-20260825-163632,d020m_r090_run01.csv,0,20,90,dw00;dw01;dw02;dw03;dw04;dw05;dw06;dw07;dw08,dw00;dw01;dw02;dw03;dw04;dw05;dw06;dw07;dw08,dw06,125,1,2026-08-27T13:17:07.445+0200,dw06,0789,170,1970,91,-17,1970,2.08,82275
ground-height-0m-20260825-163632,d020m_r090_run01.csv,0,20,90,dw00;dw01;dw02;dw03;dw04;dw05;dw06;dw07;dw08,dw00;dw01;dw02;dw03;dw04;dw05;dw06;dw07;dw08,dw06,125,1,2026-08-27T13:17:07.645+0200,dw06,0789,171,1971,86,-73,1969,2.08,82275
ground-height-0m-20260825-163632,d020m_r090_run01.csv,0,20,90,dw00;dw01;dw02;dw03;dw04;dw05;dw06;dw07;dw08,dw00;dw01;dw02;dw03;dw04;dw05;dw06;dw07;dw08,dw06,125,1,2026-08-27T13:17:07.845+0200,dw06,0789,172,1971,88,-51,1971,1.99,82305
ground-height-0m-20260825-163632,d020m_r090_run01.csv,0,20,90,dw00;dw01;dw02;dw03;dw04;dw05;dw06;dw07;dw08,dw00;dw01;dw02;dw03;dw04;dw05;dw06;dw07;dw08,dw06,125,1,2026-08-27T13:17:08.045+0200,dw06,0789,173,1974,87,-69,1973,2.14,82275
ground-height-0m-20260825-163632,d020m_r090_run01.csv,0,20,90,dw00;dw01;dw02;dw03;dw04;dw05;dw06;dw07;dw08,dw00;dw01;dw02;dw03;dw04;dw05;dw06;dw07;dw08,dw06,125,1,2026-08-27T13:17:08.245+0200,dw06,0789,174,1973,92,0,1973,2.14,82366
ground-height-0m-20260825-163632,d020m_r090_run01.csv,0,20,90,dw00;dw01;dw02;dw03;dw04;dw05;dw06;dw07;dw08,dw00;dw01;dw02;dw03;dw04;dw05;dw06;dw07;dw08,dw06,125,1,2026-08-27T13:17:08.444+0200,dw06,0789,175,1975,84,-98,1973,2.08,82305
ground-height-0m-20260825-163632,d020m_r090_run01.csv,0,20,90,dw00;dw01;dw02;dw03;dw04;dw05;dw06;dw07;dw08,dw00;dw01;dw02;dw03;dw04;dw05;dw06;dw07;dw08,dw06,125,1,2026-08-27T13:17:08.644+0200,dw06,0789,176,1972,93,1,1972,2.08,82275
ground-height-0m-20260825-163632,d020m_r090_run01.csv,0,20,90,dw00;dw01;dw02;dw03;dw04;dw05;dw06;dw07;dw08,dw00;dw01;dw02;dw03;dw04;dw05;dw06;dw07;dw08,dw06,125,1,2026-08-27T13:17:08.845+0200,dw06,0789,177,1973,92,-10,1973,2.08,82275
ground-height-0m-20260825-163632,d020m_r090_run01.csv,0,20,90,dw00;dw01;dw02;dw03;dw04;dw05;dw06;dw07;dw08,dw00;dw01;dw02;dw03;dw04;dw05;dw06;dw07;dw08,dw06,125,1,2026-08-27T13:17:09.045+0200,dw06,0789,178,1974,85,-84,1972,2.14,82305
ground-height-0m-20260825-163632,d020m_r090_run01.csv,0,20,90,dw00;dw01;dw02;dw03;dw04;dw05;dw06;dw07;dw08,dw00;dw01;dw02;dw03;dw04;dw05;dw06;dw07;dw08,dw06,125,1,2026-08-27T13:17:09.244+0200,dw06,0789,179,1973,84,-102,1970,2.08,82275
ground-height-0m-20260825-163632,d020m_r090_run01.csv,0,20,90,dw00;dw01;dw02;dw03;dw04;dw05;dw06;dw07;dw08,dw00;dw01;dw02;dw03;dw04;dw05;dw06;dw07;dw08,dw06,125,1,2026-08-27T13:17:09.444+0200,dw06,0789,180,1973,78,-175,1965,2.08,82305
ground-height-0m-20260825-163632,d020m_r090_run01.csv,0,20,90,dw00;dw01;dw02;dw03;dw04;dw05;dw06;dw07;dw08,dw00;dw01;dw02;dw03;dw04;dw05;dw06;dw07;dw08,dw06,125,1,2026-08-27T13:17:09.644+0200,dw06,0789,181,1975,90,-26,1975,2.08,82305
ground-height-0m-20260825-163632,d020m_r090_run01.csv,0,20,90,dw00;dw01;dw02;dw03;dw04;dw05;dw06;dw07;dw08,dw00;dw01;dw02;dw03;dw04;dw05;dw06;dw07;dw08,dw06,125,1,2026-08-27T13:17:09.845+0200,dw06,0789,182,1972,88,-55,1971,2.08,82275
ground-height-0m-20260825-163632,d020m_r090_run01.csv,0,20,90,dw00;dw01;dw02;dw03;dw04;dw05;dw06;dw07;dw08,dw00;dw01;dw02;dw03;dw04;dw05;dw06;dw07;dw08,dw06,125,1,2026-08-27T13:17:10.044+0200,dw06,0789,183,1971,90,-28,1971,2.08,82244
ground-height-0m-20260825-163632,d020m_r090_run01.csv,0,20,90,dw00;dw01;dw02;dw03;dw04;dw05;dw06;dw07;dw08,dw00;dw01;dw02;dw03;dw04;dw05;dw06;dw07;dw08,dw06,125,1,2026-08-27T13:17:10.244+0200,dw06,0789,184,1972,93,7,1972,2.08,82305
ground-height-0m-20260825-163632,d020m_r090_run01.csv,0,20,90,dw00;dw01;dw02;dw03;dw04;dw05;dw06;dw07;dw08,dw00;dw01;dw02;dw03;dw04;dw05;dw06;dw07;dw08,dw06,125,1,2026-08-27T13:17:10.444+0200,dw06,0789,185,1973,77,-182,1964,2.26,82305
ground-height-0m-20260825-163632,d020m_r090_run01.csv,0,20,90,dw00;dw01;dw02;dw03;dw04;dw05;dw06;dw07;dw08,dw00;dw01;dw02;dw03;dw04;dw05;dw06;dw07;dw08,dw06,125,1,2026-08-27T13:17:10.644+0200,dw06,0789,186,1973,96,46,1972,2.08,82305
ground-height-0m-20260825-163632,d020m_r090_run01.csv,0,20,90,dw00;dw01;dw02;dw03;dw04;dw05;dw06;dw07;dw08,dw00;dw01;dw02;dw03;dw04;dw05;dw06;dw07;dw08,dw06,125,1,2026-08-27T13:17:10.843+0200,dw06,0789,187,1976,82,-120,1973,2.14,82305
ground-height-0m-20260825-163632,d020m_r090_run01.csv,0,20,90,dw00;dw01;dw02;dw03;dw04;dw05;dw06;dw07;dw08,dw00;dw01;dw02;dw03;dw04;dw05;dw06;dw07;dw08,dw06,125,1,2026-08-27T13:17:11.044+0200,dw06,0789,188,1973,88,-50,1972,2.14,82275
ground-height-0m-20260825-163632,d020m_r090_run01.csv,0,20,90,dw00;dw01;dw02;dw03;dw04;dw05;dw06;dw07;dw08,dw00;dw01;dw02;dw03;dw04;dw05;dw06;dw07;dw08,dw06,125,1,2026-08-27T13:17:11.244+0200,dw06,0789,189,1973,100,96,1971,2.14,82305
ground-height-0m-20260825-163632,d020m_r090_run01.csv,0,20,90,dw00;dw01;dw02;dw03;dw04;dw05;dw06;dw07;dw08,dw00;dw01;dw02;dw03;dw04;dw05;dw06;dw07;dw08,dw06,125,1,2026-08-27T13:17:11.444+0200,dw06,0789,190,1971,84,-103,1968,2.08,82275
ground-height-0m-20260825-163632,d020m_r090_run01.csv,0,20,90,dw00;dw01;dw02;dw03;dw04;dw05;dw06;dw07;dw08,dw00;dw01;dw02;dw03;dw04;dw05;dw06;dw07;dw08,dw06,125,1,2026-08-27T13:17:11.643+0200,dw06,0789,191,1976,88,-51,1976,2.14,82275
ground-height-0m-20260825-163632,d020m_r090_run01.csv,0,20,90,dw00;dw01;dw02;dw03;dw04;dw05;dw06;dw07;dw08,dw00;dw01;dw02;dw03;dw04;dw05;dw06;dw07;dw08,dw06,125,1,2026-08-27T13:17:11.843+0200,dw06,0789,192,1972,81,-134,1968,2.08,82305
ground-height-0m-20260825-163632,d020m_r090_run01.csv,0,20,90,dw00;dw01;dw02;dw03;dw04;dw05;dw06;dw07;dw08,dw00;dw01;dw02;dw03;dw04;dw05;dw06;dw07;dw08,dw06,125,1,2026-08-27T13:17:12.044+0200,dw06,0789,193,1973,86,-75,1971,2.02,82244
ground-height-0m-20260825-163632,d020m_r090_run01.csv,0,20,90,dw00;dw01;dw02;dw03;dw04;dw05;dw06;dw07;dw08,dw00;dw01;dw02;dw03;dw04;dw05;dw06;dw07;dw08,dw06,125,1,2026-08-27T13:17:12.244+0200,dw06,0789,194,1973,94,19,1972,2.14,82305
ground-height-0m-20260825-163632,d020m_r090_run01.csv,0,20,90,dw00;dw01;dw02;dw03;dw04;dw05;dw06;dw07;dw08,dw00;dw01;dw02;dw03;dw04;dw05;dw06;dw07;dw08,dw06,125,1,2026-08-27T13:17:12.443+0200,dw06,0789,195,1974,94,21,1974,2.02,82305
ground-height-0m-20260825-163632,d020m_r090_run01.csv,0,20,90,dw00;dw01;dw02;dw03;dw04;dw05;dw06;dw07;dw08,dw00;dw01;dw02;dw03;dw04;dw05;dw06;dw07;dw08,dw06,125,1,2026-08-27T13:17:12.643+0200,dw06,0789,196,1971,82,-130,1967,2.08,82336
ground-height-0m-20260825-163632,d020m_r090_run01.csv,0,20,90,dw00;dw01;dw02;dw03;dw04;dw05;dw06;dw07;dw08,dw00;dw01;dw02;dw03;dw04;dw05;dw06;dw07;dw08,dw06,125,1,2026-08-27T13:17:12.843+0200,dw06,0789,197,1974,91,-13,1974,2.08,82275
ground-height-0m-20260825-163632,d020m_r090_run01.csv,0,20,90,dw00;dw01;dw02;dw03;dw04;dw05;dw06;dw07;dw08,dw00;dw01;dw02;dw03;dw04;dw05;dw06;dw07;dw08,dw06,125,1,2026-08-27T13:17:13.043+0200,dw06,0789,198,1972,91,-17,1972,2.08,82305
ground-height-0m-20260825-163632,d020m_r090_run01.csv,0,20,90,dw00;dw01;dw02;dw03;dw04;dw05;dw06;dw07;dw08,dw00;dw01;dw02;dw03;dw04;dw05;dw06;dw07;dw08,dw06,125,1,2026-08-27T13:17:13.243+0200,dw06,0789,199,1973,89,-41,1972,2.14,82305
ground-height-0m-20260825-163632,d020m_r090_run01.csv,0,20,90,dw00;dw01;dw02;dw03;dw04;dw05;dw06;dw07;dw08,dw00;dw01;dw02;dw03;dw04;dw05;dw06;dw07;dw08,dw06,125,1,2026-08-27T13:17:13.443+0200,dw06,0789,200,1975,92,-9,1975,2.08,82244
ground-height-0m-20260825-163632,d020m_r090_run01.csv,0,20,90,dw00;dw01;dw02;dw03;dw04;dw05;dw06;dw07;dw08,dw00;dw01;dw02;dw03;dw04;dw05;dw06;dw07;dw08,dw06,125,1,2026-08-27T13:17:13.643+0200,dw06,0789,201,1973,87,-62,1972,2.14,82305
ground-height-0m-20260825-163632,d020m_r090_run01.csv,0,20,90,dw00;dw01;dw02;dw03;dw04;dw05;dw06;dw07;dw08,dw00;dw01;dw02;dw03;dw04;dw05;dw06;dw07;dw08,dw06,125,1,2026-08-27T13:17:13.843+0200,dw06,0789,202,1974,88,-52,1973,2.14,82244
