experiment_id,run_file,node_height_m,target_distance_m,tag_rotation_deg,expected_tags,participating_tags,missing_tags,tag_bearing_deg,valid_position,time,tag,a16,seq,range_cm,pdoa_deg,x_cm,y_cm,clk_ppm,t_us
ground-height-0m-20260825-163632,d022m_r180_run01.csv,0,22,180,dw00;dw01;dw02;dw03;dw04;dw05;dw06;dw07;dw08,dw00;dw01;dw02;dw03;dw04;dw05;dw06;dw07;dw08,dw08,90,1,2026-08-27T12:49:27.012+0200,dw04,0F85,64,2163,2,-1204,1797,2.08,62194
ground-height-0m-20260825-163632,d022m_r180_run01.csv,0,22,180,dw00;dw01;dw02;dw03;dw04;dw05;dw06;dw07;dw08,dw00;dw01;dw02;dw03;dw04;dw05;dw06;dw07;dw08,dw08,125,1,2026-08-27T12:49:27.033+0200,dw06,0789,34,2165,97,66,2164,-2.59,82305
ground-height-0m-20260825-163632,d022m_r180_run01.csv,0,22,180,dw00;dw01;dw02;dw03;dw04;dw05;dw06;dw07;dw08,dw00;dw01;dw02;dw03;dw04;dw05;dw06;dw07;dw08,dw08,145,1,2026-08-27T12:49:27.042+0200,dw07,5783,30,2162,141,650,2061,2.32,2147483
ground-height-0m-20260825-163632,d022m_r180_run01.csv,0,22,180,dw00;dw01;dw02;dw03;dw04;dw05;dw06;dw07;dw08,dw00;dw01;dw02;dw03;dw04;dw05;dw06;dw07;dw08,dw08,75,1,2026-08-27T12:49:27.062+0200,dw03,021B,65,2155,-43,-1815,1162,1.99,12298
ground-height-0m-20260825-163632,d022m_r180_run01.csv,0,22,180,dw00;dw01;dw02;dw03;dw04;dw05;dw06;dw07;dw08,dw00;dw01;dw02;dw03;dw04;dw05;dw06;dw07;dw08,dw08,15,1,2026-08-27T12:49:27.082+0200,dw00,8103,54,2175,-164,1378,1683,1.93,32287
ground-height-0m-20260825-163632,d022m_r180_run01.csv,0,22,180,dw00;dw01;dw02;dw03;dw04;dw05;dw06;dw07;dw08,dw00;dw01;dw02;dw03;dw04;dw05;dw06;dw07;dw08,dw08,55,1,2026-08-27T12:49:27.102+0200,dw02,8FB0,65,2167,-108,2112,484,1.93,52337
ground-height-0m-20260825-163632,d022m_r180_run01.csv,0,22,180,dw00;dw01;dw02;dw03;dw04;dw05;dw06;dw07;dw08,dw00;dw01;dw02;dw03;dw04;dw05;dw06;dw07;dw08,dw08,105,1,2026-08-27T12:49:27.122+0200,dw05,4B92,65,2171,56,-490,2115,3.15,72204
ground-height-0m-20260825-163632,d022m_r180_run01.csv,0,22,180,dw00;dw01;dw02;dw03;dw04;dw05;dw06;dw07;dw08,dw00;dw01;dw02;dw03;dw04;dw05;dw06;dw07;dw08,dw08,90,1,2026-08-27T12:49:27.212+0200,dw04,0F85,65,2161,8,-1128,1843,2.14,62286
ground-height-0m-20260825-163632,d022m_r180_run01.csv,0,22,180,dw00;dw01;dw02;dw03;dw04;dw05;dw06;dw07;dw08,dw00;dw01;dw02;dw03;dw04;dw05;dw06;dw07;dw08,dw08,125,1,2026-08-27T12:49:27.232+0200,dw06,0789,35,2166,102,128,2162,-2.71,82275
ground-height-0m-20260825-163632,d022m_r180_run01.csv,0,22,180,dw00;dw01;dw02;dw03;dw04;dw05;dw06;dw07;dw08,dw00;dw01;dw02;dw03;dw04;dw05;dw06;dw07;dw08,dw08,75,1,2026-08-27T12:49:27.262+0200,dw03,021B,66,2164,-31,-1652,1397,2.08,12298
ground-height-0m-20260825-163632,d022m_r180_run01.csv,0,22,180,dw00;dw01;dw02;dw03;dw04;dw05;dw06;dw07;dw08,dw00;dw01;dw02;dw03;dw04;dw05;dw06;dw07;dw08,dw08,15,1,2026-08-27T12:49:27.282+0200,dw00,8103,55,2176,-164,1370,1690,1.93,32287
ground-height-0m-20260825-163632,d022m_r180_run01.csv,0,22,180,dw00;dw01;dw02;dw03;dw04;dw05;dw06;dw07;dw08,dw00;dw01;dw02;dw03;dw04;dw05;dw06;dw07;dw08,dw08,55,1,2026-08-27T12:49:27.302+0200,dw02,8FB0,66,2164,-91,2164,0,1.81,52337
ground-height-0m-20260825-163632,d022m_r180_run01.csv,0,22,180,dw00;dw01;dw02;dw03;dw04;dw05;dw06;dw07;dw08,dw00;dw01;dw02;dw03;dw04;dw05;dw06;dw07;dw08,dw08,105,1,2026-08-27T12:49:27.322+0200,dw05,4B92,66,2171,43,-661,2068,3.06,72296
ground-height-0m-20260825-163632,d022m_r180_run01.csv,0,22,180,dw00;dw01;dw02;dw03;dw04;dw05;dw06;dw07;dw08,dw00;dw01;dw02;dw03;dw04;dw05;dw06;dw07;dw08,dw08,90,1,2026-08-27T12:49:27.412+0200,dw04,0F85,66,2160,-1,-1262,1753,2.14,62255
ground-height-0m-20260825-163632,d022m_r180_run01.csv,0,22,180,dw00;dw01;dw02;dw03;dw04;dw05;dw06;dw07;dw08,dw00;dw01;dw02;dw03;dw04;dw05;dw06;dw07;dw08,dw08,125,1,2026-08-27T12:49:27.432+0200,dw06,0789,36,2167,115,303,2145,-2.59,82275
ground-height-0m-20260825-163632,d022m_r180_run01.csv,0,22,180,dw00;dw01;dw02;dw03;dw04;dw05;dw06;dw07;dw08,dw00;dw01;dw02;dw03;dw04;dw05;dw06;dw07;dw08,dw08,145,1,2026-08-27T12:49:27.442+0200,dw07,5783,32,2164,128,474,2112,2.26,2147483
ground-height-0m-20260825-163632,d022m_r180_run01.csv,0,22,180,dw00;dw01;dw02;dw03;dw04;dw05;dw06;dw07;dw08,dw00;dw01;dw02;dw03;dw04;dw05;dw06;dw07;dw08,dw08,75,1,2026-08-27T12:49:27.462+0200,dw03,021B,67,2162,-41,-1791,1211,1.93,12298
ground-height-0m-20260825-163632,d022m_r180_run01.csv,0,22,180,dw00;dw01;dw02;dw03;dw04;dw05;dw06;dw07;dw08,dw00;dw01;dw02;dw03;dw04;dw05;dw06;dw07;dw08,dw08,15,1,2026-08-27T12:49:27.482+0200,dw00,8103,56,2180,-155,1494,1588,1.99,32287
ground-height-0m-20260825-163632,d022m_r180_run01.csv,0,22,180,dw00;dw01;dw02;dw03;dw04;dw05;dw06;dw07;dw08,dw00;dw01;dw02;dw03;dw04;dw05;dw06;dw07;dw08,dw08,55,1,2026-08-27T12:49:27.502+0200,dw02,8FB0,67,2170,-110,2093,571,1.87,52337
ground-height-0m-20260825-163632,d022m_r180_run01.csv,0,22,180,dw00;dw01;dw02;dw03;dw04;dw05;dw06;dw07;dw08,dw00;dw01;dw02;dw03;dw04;dw05;dw06;dw07;dw08,dw08,105,1,2026-08-27T12:49:27.522+0200,dw05,4B92,67,2170,48,-592,2088,2.95,72296
ground-height-0m-20260825-163632,d022m_r180_run01.csv,0,22,180,dw00;dw01;dw02;dw03;dw04;dw05;dw06;dw07;dw08,dw00;dw01;dw02;dw03;dw04;dw05;dw06;dw07;dw08,dw08,90,1,2026-08-27T12:49:27.612+0200,dw04,0F85,67,2162,-6,-1327,1706,2.08,62194
ground-height-0m-20260825-163632,d022m_r180_run01.csv,0,22,180,dw00;dw01;dw02;dw03;dw04;dw05;dw06;dw07;dw08,dw00;dw01;dw02;dw03;dw04;dw05;dw06;dw07;dw08,dw08,125,1,2026-08-27T12:49:27.632+0200,dw06,0789,37,2169,97,65,2168,-2.47,82336
ground-height-0m-20260825-163632,d022m_r180_run01.csv,0,22,180,dw00;dw01;dw02;dw03;dw04;dw05;dw06;dw07;dw08,dw00;dw01;dw02;dw03;dw04;dw05;dw06;dw07;dw08,dw08,75,1,2026-08-27T12:49:27.662+0200,dw03,021B,68,2158,-47,-1873,1072,1.99,12298
ground-height-0m-20260825-163632,d022m_r180_run01.csv,0,22,180,dw00;dw01;dw02;dw03;dw04;dw05;dw06;dw07;dw08,dw00;dw01;dw02;dw03;dw04;dw05;dw06;dw07;dw08,dw08,15,1,2026-08-27T12:49:27.682+0200,dw00,8103,57,2174,-153,1513,1561,2.02,32287
ground-height-0m-20260825-163632,d022m_r180_run01.csv,0,22,180,dw00;dw01;dw02;dw03;dw04;dw05;dw06;dw07;dw08,dw00;dw01;dw02;dw03;dw04;dw05;dw06;dw07;dw08,dw08,55,1,2026-08-27T12:49:27.701+0200,dw02,8FB0,68,2166,-101,2166,0,1.87,52368
ground-height-0m-20260825-163632,d022m_r180_run01.csv,0,22,180,dw00;dw01;dw02;dw03;dw04;dw05;dw06;dw07;dw08,dw00;dw01;dw02;dw03;dw04;dw05;dw06;dw07;dw08,dw08,105,1,2026-08-27T12:49:27.722+0200,dw05,4B92,68,2170,47,-607,2083,2.95,72296
ground-height-0m-20260825-163632,d022m_r180_run01.csv,0,22,180,dw00;dw01;dw02;dw03;dw04;dw05;dw06;dw07;dw08,dw00;dw01;dw02;dw03;dw04;dw05;dw06;dw07;dw08,dw08,90,1,2026-08-27T12:49:27.812+0200,dw04,0F85,68,2164,5,-1163,1825,2.14,62255
ground-height-0m-20260825-163632,d022m_r180_run01.csv,0,22,180,dw00;dw01;dw02;dw03;dw04;dw05;dw06;dw07;dw08,dw00;dw01;dw02;dw03;dw04;dw05;dw06;dw07;dw08,dw08,125,1,2026-08-27T12:49:27.833+0200,dw06,0789,38,2166,97,61,2165,-2.53,82275
ground-height-0m-20260825-163632,d022m_r180_run01.csv,0,22,180,dw00;dw01;dw02;dw03;dw04;dw05;dw06;dw07;dw08,dw00;dw01;dw02;dw03;dw04;dw05;dw06;dw07;dw08,dw08,145,1,2026-08-27T12:49:27.842+0200,dw07,5783,34,2165,145,705,2047,2.32,2147483
ground-height-0m-20260825-163632,d022m_r180_run01.csv,0,22,180,dw00;dw01;dw02;dw03;dw04;dw05;dw06;dw07;dw08,dw00;dw01;dw02;dw03;dw04;dw05;dw06;dw07;dw08,dw08,75,1,2026-08-27T12:49:27.862+0200,dw03,021B,69,2162,-39,-1763,1250,2.08,12268
ground-height-0m-20260825-163632,d022m_r180_run01.csv,0,22,180,dw00;dw01;dw02;dw03;dw04;dw05;dw06;dw07;dw08,dw00;dw01;dw02;dw03;dw04;dw05;dw06;dw07;dw08,dw08,15,1,2026-08-27T12:49:27.882+0200,dw00,8103,58,2181,-163,1390,1681,1.81,32287
ground-height-0m-20260825-163632,d022m_r180_run01.csv,0,22,180,dw00;dw01;dw02;dw03;dw04;dw05;dw06;dw07;dw08,dw00;dw01;dw02;dw03;dw04;dw05;dw06;dw07;dw08,dw08,55,1,2026-08-27T12:49:27.902+0200,dw02,8FB0,69,2170,-94,2170,0,1.81,52337
ground-height-0m-20260825-163632,d022m_r180_run01.csv,0,22,180,dw00;dw01;dw02;dw03;dw04;dw05;dw06;dw07;dw08,dw00;dw01;dw02;dw03;dw04;dw05;dw06;dw07;dw08,dw08,105,1,2026-08-27T12:49:27.922+0200,dw05,4B92,69,2170,52,-539,2101,3.09,72235
ground-height-0m-20260825-163632,d022m_r180_run01.csv,0,22,180,dw00;dw01;dw02;dw03;dw04;dw05;dw06;dw07;dw08,dw00;dw01;dw02;dw03;dw04;dw05;dw06;dw07;dw08,dw08,90,1,2026-08-27T12:49:28.012+0200,dw04,0F85,69,2160,1,-1212,1788,2.32,62255
ground-height-0m-20260825-163632,d022m_r180_run01.csv,0,22,180,dw00;dw01;dw02;dw03;dw04;dw05;dw06;dw07;dw08,dw00;dw01;dw02;dw03;dw04;dw05;dw06;dw07;dw08,dw08,125,1,2026-08-27T12:49:28.031+0200,dw06,0789,39,2168,93,4,2168,-2.65,82275
ground-height-0m-20260825-163632,d022m_r180_run01.csv,0,22,180,dw00;dw01;dw02;dw03;dw04;dw05;dw06;dw07;dw08,dw00;dw01;dw02;dw03;dw04;dw05;dw06;dw07;dw08,dw08,75,1,2026-08-27T12:49:28.062+0200,dw03,021B,70,2159,-43,-1809,1179,1.99,12268
ground-height-0m-20260825-163632,d022m_r180_run01.csv,0,22,180,dw00;dw01;dw02;dw03;dw04;dw05;dw06;dw07;dw08,dw00;dw01;dw02;dw03;dw04;dw05;dw06;dw07;dw08,dw08,15,1,2026-08-27T12:49:28.082+0200,dw00,8103,59,2184,-159,1443,1638,1.93,32287
ground-height-0m-20260825-163632,d022m_r180_run01.csv,0,22,180,dw00;dw01;dw02;dw03;dw04;dw05;dw06;dw07;dw08,dw00;dw01;dw02;dw03;dw04;dw05;dw06;dw07;dw08,dw08,55,1,2026-08-27T12:49:28.102+0200,dw02,8FB0,70,2165,-93,2165,0,1.93,52368
ground-height-0m-20260825-163632,d022m_r180_run01.csv,0,22,180,dw00;dw01;dw02;dw03;dw04;dw05;dw06;dw07;dw08,dw00;dw01;dw02;dw03;dw04;dw05;dw06;dw07;dw08,dw08,105,1,2026-08-27T12:49:28.121+0200,dw05,4B92,70,2170,46,-622,2078,3.12,72265
ground-height-0m-20260825-163632,d022m_r180_run01.csv,0,22,180,dw00;dw01;dw02;dw03;dw04;dw05;dw06;dw07;dw08,dw00;dw01;dw02;dw03;dw04;dw05;dw06;dw07;dw08,dw08,90,1,2026-08-27T12:49:28.212+0200,dw04,0F85,70,2162,-4,-1295,1730,2.20,62255
ground-height-0m-20260825-163632,d022m_r180_run01.csv,0,22,180,dw00;dw01;dw02;dw03;dw04;dw05;dw06;dw07;dw08,dw00;dw01;dw02;dw03;dw04;dw05;dw06;dw07;dw08,dw08,125,1,2026-08-27T12:49:28.232+0200,dw06,0789,40,2164,96,48,2163,-2.59,82305
ground-height-0m-20260825-163632,d022m_r180_run01.csv,0,22,180,dw00;dw01;dw02;dw03;dw04;dw05;dw06;dw07;dw08,dw00;dw01;dw02;dw03;dw04;dw05;dw06;dw07;dw08,dw08,75,1,2026-08-27T12:49:28.262+0200,dw03,021B,71,2158,-42,-1806,1181,1.99,12298
ground-height-0m-20260825-163632,d022m_r180_run01.csv,0,22,180,dw00;dw01;dw02;dw03;dw04;dw05;dw06;dw07;dw08,dw00;dw01;dw02;dw03;dw04;dw05;dw06;dw07;dw08,dw08,15,1,2026-08-27T12:49:28.281+0200,dw00,8103,60,2177,-157,1472,1603,1.99,32287
ground-height-0m-20260825-163632,d022m_r180_run01.csv,0,22,180,dw00;dw01;dw02;dw03;dw04;dw05;dw06;dw07;dw08,dw00;dw01;dw02;dw03;dw04;dw05;dw06;dw07;dw08,dw08,55,1,2026-08-27T12:49:28.302+0200,dw02,8FB0,71,2169,-111,2071,644,1.99,52337
ground-height-0m-20260825-163632,d022m_r180_run01.csv,0,22,180,dw00;dw01;dw02;dw03;dw04;dw05;dw06;dw07;dw08,dw00;dw01;dw02;dw03;dw04;dw05;dw06;dw07;dw08,dw08,105,1,2026-08-27T12:49:28.321+0200,dw05,4B92,71,2170,52,-545,2100,3.01,72296
ground-height-0m-20260825-163632,d022m_r180_run01.csv,0,22,180,dw00;dw01;dw02;dw03;dw04;dw05;dw06;dw07;dw08,dw00;dw01;dw02;dw03;dw04;dw05;dw06;dw07;dw08,dw08,90,1,2026-08-27T12:49:28.411+0200,dw04,0F85,71,2162,0,-1248,1766,2.20,62225
ground-height-0m-20260825-163632,d022m_r180_run01.csv,0,22,180,dw00;dw01;dw02;dw03;dw04;dw05;dw06;dw07;dw08,dw00;dw01;dw02;dw03;dw04;dw05;dw06;dw07;dw08,dw08,125,1,2026-08-27T12:49:28.432+0200,dw06,0789,41,2165,100,104,2162,-2.59,82275
ground-height-0m-20260825-163632,d022m_r180_run01.csv,0,22,180,dw00;dw01;dw02;dw03;dw04;dw05;dw06;dw07;dw08,dw00;dw01;dw02;dw03;dw04;dw05;dw06;dw07;dw08,dw08,145,1,2026-08-27T12:49:28.442+0200,dw07,5783,37,2166,132,534,2099,2.32,2147483
ground-height-0m-20260825-163632,d022m_r180_run01.csv,0,22,180,dw00;dw01;dw02;dw03;dw04;dw05;dw06;dw07;dw08,dw00;dw01;dw02;dw03;dw04;dw05;dw06;dw07;dw08,dw08,75,1,2026-08-27T12:49:28.462+0200,dw03,021B,72,2161,-39,-1758,1256,2.08,12298
ground-height-0m-20260825-163632,d022m_r180_run01.csv,0,22,180,dw00;dw01;dw02;dw03;dw04;dw05;dw06;dw07;dw08,dw00;dw01;dw02;dw03;dw04;dw05;dw06;dw07;dw08,dw08,15,1,2026-08-27T12:49:28.482+0200,dw00,8103,61,2179,-162,1405,1665,2.08,32287
ground-height-0m-20260825-163632,d022m_r180_run01.csv,0,22,180,dw00;dw01;dw02;dw03;dw04;dw05;dw06;dw07;dw08,dw00;dw01;dw02;dw03;dw04;dw05;dw06;dw07;dw08,dw08,55,1,2026-08-27T12:49:28.501+0200,dw02,8FB0,72,2165,-100,2165,0,1.99,52368
ground-height-0m-20260825-163632,d022m_r180_run01.csv,0,22,180,dw00;dw01;dw02;dw03;dw04;dw05;dw06;dw07;dw08,dw00;dw01;dw02;dw03;dw04;dw05;dw06;dw07;dw08,dw08,105,1,2026-08-27T12:49:28.522+0200,dw05,4B92,72,2173,53,-533,2106,3.06,72296
ground-height-0m-20260825-163632,d022m_r180_run01.csv,0,22,180,dw00;dw01;dw02;dw03;dw04;dw05;dw06;dw07;dw08,dw00;dw01;dw02;dw03;dw04;dw05;dw06;dw07;dw08,dw08,90,1,2026-08-27T12:49:28.611+0200,dw04,0F85,72,2165,-3,-1290,1739,2.20,62225
ground-height-0m-20260825-163632,d022m_r180_run01.csv,0,22,180,dw00;dw01;dw02;dw03;dw04;dw05;dw06;dw07;dw08,dw00;dw01;dw02;dw03;dw04;dw05;dw06;dw07;dw08,dw08,125,1,2026-08-27T12:49:28.632+0200,dw06,0789,42,2165,104,158,2159,-2.59,82244
ground-height-0m-20260825-163632,d022m_r180_run01.csv,0,22,180,dw00;dw01;dw02;dw03;dw04;dw05;dw06;dw07;dw08,dw00;dw01;dw02;dw03;dw04;dw05;dw06;dw07;dw08,dw08,145,1,2026-08-27T12:49:28.642+0200,dw07,5783,38,2170,127,458,2121,2.26,2147483
ground-height-0m-20260825-163632,d022m_r180_run01.csv,0,22,180,dw00;dw01;dw02;dw03;dw04;dw05;dw06;dw07;dw08,dw00;dw01;dw02;dw03;dw04;dw05;dw06;dw07;dw08,dw08,75,1,2026-08-27T12:49:28.661+0200,dw03,021B,73,2161,-43,-1814,1174,2.02,12298
ground-height-0m-20260825-163632,d022m_r180_run01.csv,0,22,180,dw00;dw01;dw02;dw03;dw04;dw05;dw06;dw07;dw08,dw00;dw01;dw02;dw03;dw04;dw05;dw06;dw07;dw08,dw08,15,1,2026-08-27T12:49:28.682+0200,dw00,8103,62,2177,-148,1583,1494,1.99,32257
ground-height-0m-20260825-163632,d022m_r180_run01.csv,0,22,180,dw00;dw01;dw02;dw03;dw04;dw05;dw06;dw07;dw08,dw00;dw01;dw02;dw03;dw04;dw05;dw06;dw07;dw08,dw08,55,1,2026-08-27T12:49:28.701+0200,dw02,8FB0,73,2164,-99,2164,0,1.87,52368
ground-height-0m-20260825-163632,d022m_r180_run01.csv,0,22,180,dw00;dw01;dw02;dw03;dw04;dw05;dw06;dw07;dw08,dw00;dw01;dw02;dw03;dw04;dw05;dw06;dw07;dw08,dw08,90,1,2026-08-27T12:49:28.812+0200,dw04,0F85,73,2166,0,-1238,1777,2.20,62225
ground-height-0m-20260825-163632,d022m_r180_run01.csv,0,22,180,dw00;dw01;dw02;dw03;dw04;dw05;dw06;dw07;dw08,dw00;dw01;dw02;dw03;dw04;dw05;dw06;dw07;dw08,dw08,125,1,2026-08-27T12:49:28.831+0200,dw06,0789,43,2167,101,117,2164,-2.59,82305
ground-height-0m-20260825-163632,d022m_r180_run01.csv,0,22,180,dw00;dw01;dw02;dw03;dw04;dw05;dw06;dw07;dw08,dw00;dw01;dw02;dw03;dw04;dw05;dw06;dw07;dw08,dw08,75,1,2026-08-27T12:49:28.861+0200,dw03,021B,74,2161,-47,-1864,1092,2.02,12329
ground-height-0m-20260825-163632,d022m_r180_run01.csv,0,22,180,dw00;dw01;dw02;dw03;dw04;dw05;dw06;dw07;dw08,dw00;dw01;dw02;dw03;dw04;dw05;dw06;dw07;dw08,dw08,15,1,2026-08-27T12:49:28.881+0200,dw00,8103,63,2177,-156,1477,1599,1.93,32287
ground-height-0m-20260825-163632,d022m_r180_run01.csv,0,22,180,dw00;dw01;dw02;dw03;dw04;dw05;dw06;dw07;dw08,dw00;dw01;dw02;dw03;dw04;dw05;dw06;dw07;dw08,dw08,55,1,2026-08-27T12:49:28.901+0200,dw02,8FB0,74,2167,-108,2114,477,1.81,52368
ground-height-0m-20260825-163632,d022m_r180_run01.csv,0,22,180,dw00;dw01;dw02;dw03;dw04;dw05;dw06;dw07;dw08,dw00;dw01;dw02;dw03;dw04;dw05;dw06;dw07;dw08,dw08,105,1,2026-08-27T12:49:28.937+0200,dw05,4B92,74,2173,42,-671,2066,3.15,87707
ground-height-0m-20260825-163632,d022m_r180_run01.csv,0,22,180,dw00;dw01;dw02;dw03;dw04;dw05;dw06;dw07;dw08,dw00;dw01;dw02;dw03;dw04;dw05;dw06;dw07;dw08,dw08,90,1,2026-08-27T12:49:29.012+0200,dw04,0F85,74,2164,1,-1214,1792,2.38,62255
ground-height-0m-20260825-163632,d022m_r180_run01.csv,0,22,180,dw00;dw01;dw02;dw03;dw04;dw05;dw06;dw07;dw08,dw00;dw01;dw02;dw03;dw04;dw05;dw06;dw07;dw08,dw08,125,1,2026-08-27T12:49:29.031+0200,dw06,0789,44,2168,102,132,2164,-2.65,82244
ground-height-0m-20260825-163632,d022m_r180_run01.csv,0,22,180,dw00;dw01;dw02;dw03;dw04;dw05;dw06;dw07;dw08,dw00;dw01;dw02;dw03;dw04;dw05;dw06;dw07;dw08,dw08,145,1,2026-08-27T12:49:29.041+0200,dw07,5783,40,2166,135,574,2088,2.38,2147483
ground-height-0m-20260825-163632,d022m_r180_run01.csv,0,22,180,dw00;dw01;dw02;dw03;dw04;dw05;dw06;dw07;dw08,dw00;dw01;dw02;dw03;dw04;dw05;dw06;dw07;dw08,dw08,75,1,2026-08-27T12:49:29.062+0200,dw03,021B,75,2162,-39,-1762,1252,2.08,12268
ground-height-0m-20260825-163632,d022m_r180_run01.csv,0,22,180,dw00;dw01;dw02;dw03;dw04;dw05;dw06;dw07;dw08,dw00;dw01;dw02;dw03;dw04;dw05;dw06;dw07;dw08,dw08,15,1,2026-08-27T12:49:29.081+0200,dw00,8103,64,2184,-164,1375,1696,1.87,32257
ground-height-0m-20260825-163632,d022m_r180_run01.csv,0,22,180,dw00;dw01;dw02;dw03;dw04;dw05;dw06;dw07;dw08,dw00;dw01;dw02;dw03;dw04;dw05;dw06;dw07;dw08,dw08,55,1,2026-08-27T12:49:29.102+0200,dw02,8FB0,75,2166,-97,2166,0,3.33,52398
ground-height-0m-20260825-163632,d022m_r180_run01.csv,0,22,180,dw00;dw01;dw02;dw03;dw04;dw05;dw06;dw07;dw08,dw00;dw01;dw02;dw03;dw04;dw05;dw06;dw07;dw08,dw08,105,1,2026-08-27T12:49:29.121+0200,dw05,4B92,75,2170,49,-584,2090,3.06,72296
ground-height-0m-20260825-163632,d022m_r180_run01.csv,0,22,180,dw00;dw01;dw02;dw03;dw04;dw05;dw06;dw07;dw08,dw00;dw01;dw02;dw03;dw04;dw05;dw06;dw07;dw08,dw08,90,1,2026-08-27T12:49:29.211+0200,dw04,0F85,75,2167,6,-1150,1837,2.38,62225
ground-height-0m-20260825-163632,d022m_r180_run01.csv,0,22,180,dw00;dw01;dw02;dw03;dw04;dw05;dw06;dw07;dw08,dw00;dw01;dw02;dw03;dw04;dw05;dw06;dw07;dw08,dw08,125,1,2026-08-27T12:49:29.231+0200,dw06,0789,45,2166,97,61,2165,-2.71,82275
ground-height-0m-20260825-163632,d022m_r180_run01.csv,0,22,180,dw00;dw01;dw02;dw03;dw04;dw05;dw06;dw07;dw08,dw00;dw01;dw02;dw03;dw04;dw05;dw06;dw07;dw08,dw08,145,1,2026-08-27T12:49:29.241+0200,dw07,5783,41,2166,145,701,2049,2.32,2147483
ground-height-0m-20260825-163632,d022m_r180_run01.csv,0,22,180,dw00;dw01;dw02;dw03;dw04;dw05;dw06;dw07;dw08,dw00;dw01;dw02;dw03;dw04;dw05;dw06;dw07;dw08,dw08,75,1,2026-08-27T12:49:29.262+0200,dw03,021B,76,2161,-34,-1690,1346,2.02,12298
ground-height-0m-20260825-163632,d022m_r180_run01.csv,0,22,180,dw00;dw01;dw02;dw03;dw04;dw05;dw06;dw07;dw08,dw00;dw01;dw02;dw03;dw04;dw05;dw06;dw07;dw08,dw08,15,1,2026-08-27T12:49:29.281+0200,dw00,8103,65,2177,-148,1591,1486,1.81,32318
ground-height-0m-20260825-163632,d022m_r180_run01.csv,0,22,180,dw00;dw01;dw02;dw03;dw04;dw05;dw06;dw07;dw08,dw00;dw01;dw02;dw03;dw04;dw05;dw06;dw07;dw08,dw08,55,1,2026-08-27T12:49:29.301+0200,dw02,8FB0,76,2167,-94,2167,0,3.39,52276
ground-height-0m-20260825-163632,d022m_r180_run01.csv,0,22,180,dw00;dw01;dw02;dw03;dw04;dw05;dw06;dw07;dw08,dw00;dw01;dw02;dw03;dw04;dw05;dw06;dw07;dw08,dw08,105,1,2026-08-27T12:49:29.321+0200,dw05,4B92,76,2170,48,-592,2088,3.09,72296
ground-height-0m-20260825-163632,d022m_r180_run01.csv,0,22,180,dw00;dw01;dw02;dw03;dw04;dw05;dw06;dw07;dw08,dw00;dw01;dw02;dw03;dw04;dw05;dw06;dw07;dw08,dw08,90,1,2026-08-27T12:49:29.411+0200,dw04,0F85,76,2159,1,-1217,1783,2.32,62255
ground-height-0m-20260825-163632,d022m_r180_run01.csv,0,22,180,dw00;dw01;dw02;dw03;dw04;dw05;dw06;dw07;dw08,dw00;dw01;dw02;dw03;dw04;dw05;dw06;dw07;dw08,dw08,125,1,2026-08-27T12:49:29.432+0200,dw06,0789,46,2167,95,29,2167,-2.47,82275
ground-height-0m-20260825-163632,d022m_r180_run01.csv,0,22,180,dw00;dw01;dw02;dw03;dw04;dw05;dw06;dw07;dw08,dw00;dw01;dw02;dw03;dw04;dw05;dw06;dw07;dw08,dw08,75,1,2026-08-27T12:49:29.461+0200,dw03,021B,77,2157,-44,-1831,1140,2.08,12268
ground-height-0m-20260825-163632,d022m_r180_run01.csv,0,22,180,dw00;dw01;dw02;dw03;dw04;dw05;dw06;dw07;dw08,dw00;dw01;dw02;dw03;dw04;dw05;dw06;dw07;dw08,dw08,15,1,2026-08-27T12:49:29.482+0200,dw00,8103,66,2179,-152,1530,1551,1.99,32257
ground-height-0m-20260825-163632,d022m_r180_run01.csv,0,22,180,dw00;dw01;dw02;dw03;dw04;dw05;dw06;dw07;dw08,dw00;dw01;dw02;dw03;dw04;dw05;dw06;dw07;dw08,dw08,55,1,2026-08-27T12:49:29.501+0200,dw02,8FB0,77,2166,-91,2166,0,3.45,52368
ground-height-0m-20260825-163632,d022m_r180_run01.csv,0,22,180,dw00;dw01;dw02;dw03;dw04;dw05;dw06;dw07;dw08,dw00;dw01;dw02;dw03;dw04;dw05;dw06;dw07;dw08,dw08,105,1,2026-08-27T12:49:29.522+0200,dw05,4B92,77,2170,51,-553,2098,3.06,72235
ground-height-0m-20260825-163632,d022m_r180_run01.csv,0,22,180,dw00;dw01;dw02;dw03;dw04;dw05;dw06;dw07;dw08,dw00;dw01;dw02;dw03;dw04;dw05;dw06;dw07;dw08,dw08,90,1,2026-08-27T12:49:29.611+0200,dw04,0F85,77,2162,2,-1205,1795,2.38,62225
ground-height-0m-20260825-163632,d022m_r180_run01.csv,0,22,180,dw00;dw01;dw02;dw03;dw04;dw05;dw06;dw07;dw08,dw00;dw01;dw02;dw03;dw04;dw05;dw06;dw07;dw08,dw08,125,1,2026-08-27T12:49:29.631+0200,dw06,0789,47,2169,113,272,2151,-2.47,82305
ground-height-0m-20260825-163632,d022m_r180_run01.csv,0,22,180,dw00;dw01;dw02;dw03;dw04;dw05;dw06;dw07;dw08,dw00;dw01;dw02;dw03;dw04;dw05;dw06;dw07;dw08,dw08,145,1,2026-08-27T12:49:29.642+0200,dw07,5783,43,2162,131,519,2098,2.38,2147483
ground-height-0m-20260825-163632,d022m_r180_run01.csv,0,22,180,dw00;dw01;dw02;dw03;dw04;dw05;dw06;dw07;dw08,dw00;dw01;dw02;dw03;dw04;dw05;dw06;dw07;dw08,dw08,75,1,2026-08-27T12:49:29.661+0200,dw03,021B,78,2156,-48,-1880,1056,2.02,12268
ground-height-0m-20260825-163632,d022m_r180_run01.csv,0,22,180,dw00;dw01;dw02;dw03;dw04;dw05;dw06;dw07;dw08,dw00;dw01;dw02;dw03;dw04;dw05;dw06;dw07;dw08,dw08,15,1,2026-08-27T12:49:29.681+0200,dw00,8103,67,2180,-169,1311,1741,1.93,32287
ground-height-0m-20260825-163632,d022m_r180_run01.csv,0,22,180,dw00;dw01;dw02;dw03;dw04;dw05;dw06;dw07;dw08,dw00;dw01;dw02;dw03;dw04;dw05;dw06;dw07;dw08,dw08,55,1,2026-08-27T12:49:29.702+0200,dw02,8FB0,78,2163,-103,2163,0,3.45,52276
ground-height-0m-20260825-163632,d022m_r180_run01.csv,0,22,180,dw00;dw01;dw02;dw03;dw04;dw05;dw06;dw07;dw08,dw00;dw01;dw02;dw03;dw04;dw05;dw06;dw07;dw08,dw08,105,1,2026-08-27T12:49:29.721+0200,dw05,4B92,78,2168,51,-549,2097,3.01,72265
ground-height-0m-20260825-163632,d022m_r180_run01.csv,0,22,180,dw00;dw01;dw02;dw03;dw04;dw05;dw06;dw07;dw08,dw00;dw01;dw02;dw03;dw04;dw05;dw06;dw07;dw08,dw08,90,1,2026-08-27T12:49:29.811+0200,dw04,0F85,78,2162,2,-1207,1793,2.38,62225
ground-height-0m-20260825-163632,d022m_r180_run01.csv,0,22,180,dw00;dw01;dw02;dw03;dw04;dw05;dw06;dw07;dw08,dw00;dw01;dw02;dw03;dw04;dw05;dw06;dw07;dw08,dw08,125,1,2026-08-27T12:49:29.831+0200,dw06,0789,48,2167,106,179,2160,-2.59,82275
ground-height-0m-20260825-163632,d022m_r180_run01.csv,0,22,180,dw00;dw01;dw02;dw03;dw04;dw05;dw06;dw07;dw08,dw00;dw01;dw02;dw03;dw04;dw05;dw06;dw07;dw08,dw08,145,1,2026-08-27T12:49:29.841+0200,dw07,5783,44,2167,156,849,1994,2.38,2147483
ground-height-0m-20260825-163632,d022m_r180_run01.csv,0,22,180,dw00;dw01;dw02;dw03;dw04;dw05;dw06;dw07;dw08,dw00;dw01;dw02;dw03;dw04;dw05;dw06;dw07;dw08,dw08,75,1,2026-08-27T12:49:29.861+0200,dw03,021B,79,2162,-35,-1713,1318,2.02,12298
ground-height-0m-20260825-163632,d022m_r180_run01.csv,0,22,180,dw00;dw01;dw02;dw03;dw04;dw05;dw06;dw07;dw08,dw00;dw01;dw02;dw03;dw04;dw05;dw06;dw07;dw08,dw08,15,1,2026-08-27T12:49:29.881+0200,dw00,8103,68,2177,-153,1527,1552,1.87,32257
ground-height-0m-20260825-163632,d022m_r180_run01.csv,0,22,180,dw00;dw01;dw02;dw03;dw04;dw05;dw06;dw07;dw08,dw00;dw01;dw02;dw03;dw04;dw05;dw06;dw07;dw08,dw08,55,1,2026-08-27T12:49:29.901+0200,dw02,8FB0,79,2166,-87,2166,0,3.33,52307
ground-height-0m-20260825-163632,d022m_r180_run01.csv,0,22,180,dw00;dw01;dw02;dw03;dw04;dw05;dw06;dw07;dw08,dw00;dw01;dw02;dw03;dw04;dw05;dw06;dw07;dw08,dw08,105,1,2026-08-27T12:49:29.921+0200,dw05,4B92,79,2170,41,-689,2057,3.01,72296
ground-height-0m-20260825-163632,d022m_r180_run01.csv,0,22,180,dw00;dw01;dw02;dw03;dw04;dw05;dw06;dw07;dw08,dw00;dw01;dw02;dw03;dw04;dw05;dw06;dw07;dw08,dw08,90,1,2026-08-27T12:49:30.011+0200,dw04,0F85,79,2164,0,-1235,1777,2.44,62225
ground-height-0m-20260825-163632,d022m_r180_run01.csv,0,22,180,dw00;dw01;dw02;dw03;dw04;dw05;dw06;dw07;dw08,dw00;dw01;dw02;dw03;dw04;dw05;dw06;dw07;dw08,dw08,125,1,2026-08-27T12:49:30.031+0200,dw06,0789,49,2162,97,63,2161,-2.53,82305
ground-height-0m-20260825-163632,d022m_r180_run01.csv,0,22,180,dw00;dw01;dw02;dw03;dw04;dw05;dw06;dw07;dw08,dw00;dw01;dw02;dw03;dw04;dw05;dw06;dw07;dw08,dw08,145,1,2026-08-27T12:49:30.041+0200,dw07,5783,45,2164,136,576,2086,2.38,2147483
ground-height-0m-20260825-163632,d022m_r180_run01.csv,0,22,180,dw00;dw01;dw02;dw03;dw04;dw05;dw06;dw07;dw08,dw00;dw01;dw02;dw03;dw04;dw05;dw06;dw07;dw08,dw08,75,1,2026-08-27T12:49:30.062+0200,dw03,021B,80,2159,-50,-1909,1009,1.99,12298
ground-height-0m-20260825-163632,d022m_r180_run01.csv,0,22,180,dw00;dw01;dw02;dw03;dw04;dw05;dw06;dw07;dw08,dw00;dw01;dw02;dw03;dw04;dw05;dw06;dw07;dw08,dw08,15,1,2026-08-27T12:49:30.081+0200,dw00,8103,69,2180,-159,1450,1628,1.99,32318
ground-height-0m-20260825-163632,d022m_r180_run01.csv,0,22,180,dw00;dw01;dw02;dw03;dw04;dw05;dw06;dw07;dw08,dw00;dw01;dw02;dw03;dw04;dw05;dw06;dw07;dw08,dw08,55,1,2026-08-27T12:49:30.101+0200,dw02,8FB0,80,2167,-105,2154,236,3.33,52307
ground-height-0m-20260825-163632,d022m_r180_run01.csv,0,22,180,dw00;dw01;dw02;dw03;dw04;dw05;dw06;dw07;dw08,dw00;dw01;dw02;dw03;dw04;dw05;dw06;dw07;dw08,dw08,105,1,2026-08-27T12:49:30.121+0200,dw05,4B92,80,2173,45,-640,2076,3.06,72265
ground-height-0m-20260825-163632,d022m_r180_run01.csv,0,22,180,dw00;dw01;dw02;dw03;dw04;dw05;dw06;dw07;dw08,dw00;dw01;dw02;dw03;dw04;dw05;dw06;dw07;dw08,dw08,90,1,2026-08-27T12:49:30.211+0200,dw04,0F85,80,2162,3,-1185,1808,2.50,62225
ground-height-0m-20260825-163632,d022m_r180_run01.csv,0,22,180,dw00;dw01;dw02;dw03;dw04;dw05;dw06;dw07;dw08,dw00;dw01;dw02;dw03;dw04;dw05;dw06;dw07;dw08,dw08,125,1,2026-08-27T12:49:30.232+0200,dw06,0789,50,2170,104,157,2165,-2.59,82244
ground-height-0m-20260825-163632,d022m_r180_run01.csv,0,22,180,dw00;dw01;dw02;dw03;dw04;dw05;dw06;dw07;dw08,dw00;dw01;dw02;dw03;dw04;dw05;dw06;dw07;dw08,dw08,145,1,2026-08-27T12:49:30.241+0200,dw07,5783,46,2162,138,612,2074,2.32,2147483
ground-height-0m-20260825-163632,d022m_r180_run01.csv,0,22,180,dw00;dw01;dw02;dw03;dw04;dw05;dw06;dw07;dw08,dw00;dw01;dw02;dw03;dw04;dw05;dw06;dw07;dw08,dw08,75,1,2026-08-27T12:49:30.261+0200,dw03,021B,81,2160,-30,-1648,1397,2.02,12298
ground-height-0m-20260825-163632,d022m_r180_run01.csv,0,22,180,dw00;dw01;dw02;dw03;dw04;dw05;dw06;dw07;dw08,dw00;dw01;dw02;dw03;dw04;dw05;dw06;dw07;dw08,dw08,15,1,2026-08-27T12:49:30.281+0200,dw00,8103,70,2174,-152,1535,1540,1.99,32257
ground-height-0m-20260825-163632,d022m_r180_run01.csv,0,22,180,dw00;dw01;dw02;dw03;dw04;dw05;dw06;dw07;dw08,dw00;dw01;dw02;dw03;dw04;dw05;dw06;dw07;dw08,dw08,55,1,2026-08-27T12:49:30.301+0200,dw02,8FB0,81,2168,-98,2168,0,3.39,52307
ground-height-0m-20260825-163632,d022m_r180_run01.csv,0,22,180,dw00;dw01;dw02;dw03;dw04;dw05;dw06;dw07;dw08,dw00;dw01;dw02;dw03;dw04;dw05;dw06;dw07;dw08,dw08,105,1,2026-08-27T12:49:30.321+0200,dw05,4B92,81,2173,46,-622,2082,3.06,72235
ground-height-0m-20260825-163632,d022m_r180_run01.csv,0,22,180,dw00;dw01;dw02;dw03;dw04;dw05;dw06;dw07;dw08,dw00;dw01;dw02;dw03;dw04;dw05;dw06;dw07;dw08,dw08,90,1,2026-08-27T12:49:30.411+0200,dw04,0F85,81,2161,0,-1235,1773,2.59,62225
ground-height-0m-20260825-163632,d022m_r180_run01.csv,0,22,180,dw00;dw01;dw02;dw03;dw04;dw05;dw06;dw07;dw08,dw00;dw01;dw02;dw03;dw04;dw05;dw06;dw07;dw08,dw08,125,1,2026-08-27T12:49:30.431+0200,dw06,0789,51,2169,96,51,2168,-2.59,82275
ground-height-0m-20260825-163632,d022m_r180_run01.csv,0,22,180,dw00;dw01;dw02;dw03;dw04;dw05;dw06;dw07;dw08,dw00;dw01;dw02;dw03;dw04;dw05;dw06;dw07;dw08,dw08,75,1,2026-08-27T12:49:30.461+0200,dw03,021B,82,2162,-46,-1860,1103,1.99,12268
ground-height-0m-20260825-163632,d022m_r180_run01.csv,0,22,180,dw00;dw01;dw02;dw03;dw04;dw05;dw06;dw07;dw08,dw00;dw01;dw02;dw03;dw04;dw05;dw06;dw07;dw08,dw08,15,1,2026-08-27T12:49:30.482+0200,dw00,8103,71,2175,-160,1421,1646,1.99,32348
ground-height-0m-20260825-163632,d022m_r180_run01.csv,0,22,180,dw00;dw01;dw02;dw03;dw04;dw05;dw06;dw07;dw08,dw00;dw01;dw02;dw03;dw04;dw05;dw06;dw07;dw08,dw08,55,1,2026-08-27T12:49:30.501+0200,dw02,8FB0,82,2167,-94,2167,0,3.33,52337
ground-height-0m-20260825-163632,d022m_r180_run01.csv,0,22,180,dw00;dw01;dw02;dw03;dw04;dw05;dw06;dw07;dw08,dw00;dw01;dw02;dw03;dw04;dw05;dw06;dw07;dw08,dw08,105,1,2026-08-27T12:49:30.521+0200,dw05,4B92,82,2173,52,-540,2105,3.01,72296
ground-height-0m-20260825-163632,d022m_r180_run01.csv,0,22,180,dw00;dw01;dw02;dw03;dw04;dw05;dw06;dw07;dw08,dw00;dw01;dw02;dw03;dw04;dw05;dw06;dw07;dw08,dw08,90,1,2026-08-27T12:49:30.611+0200,dw04,0F85,82,2163,11,-1089,1868,2.77,62225
ground-height-0m-20260825-163632,d022m_r180_run01.csv,0,22,180,dw00;dw01;dw02;dw03;dw04;dw05;dw06;dw07;dw08,dw00;dw01;dw02;dw03;dw04;dw05;dw06;dw07;dw08,dw08,125,1,2026-08-27T12:49:30.632+0200,dw06,0789,52,2168,115,301,2147,-2.53,82275
ground-height-0m-20260825-163632,d022m_r180_run01.csv,0,22,180,dw00;dw01;dw02;dw03;dw04;dw05;dw06;dw07;dw08,dw00;dw01;dw02;dw03;dw04;dw05;dw06;dw07;dw08,dw08,145,1,2026-08-27T12:49:30.642+0200,dw07,5783,48,2164,150,761,2026,2.38,2147483
ground-height-0m-20260825-163632,d022m_r180_run01.csv,0,22,180,dw00;dw01;dw02;dw03;dw04;dw05;dw06;dw07;dw08,dw00;dw01;dw02;dw03;dw04;dw05;dw06;dw07;dw08,dw08,75,1,2026-08-27T12:49:30.662+0200,dw03,021B,83,2158,-33,-1683,1351,1.99,12298
ground-height-0m-20260825-163632,d022m_r180_run01.csv,0,22,180,dw00;dw01;dw02;dw03;dw04;dw05;dw06;dw07;dw08,dw00;dw01;dw02;dw03;dw04;dw05;dw06;dw07;dw08,dw08,15,1,2026-08-27T12:49:30.682+0200,dw00,8103,72,2178,-160,1429,1643,1.99,32287
ground-height-0m-20260825-163632,d022m_r180_run01.csv,0,22,180,dw00;dw01;dw02;dw03;dw04;dw05;dw06;dw07;dw08,dw00;dw01;dw02;dw03;dw04;dw05;dw06;dw07;dw08,dw08,55,1,2026-08-27T12:49:30.702+0200,dw02,8FB0,83,2170,-87,2170,0,3.45,52307
ground-height-0m-20260825-163632,d022m_r180_run01.csv,0,22,180,dw00;dw01;dw02;dw03;dw04;dw05;dw06;dw07;dw08,dw00;dw01;dw02;dw03;dw04;dw05;dw06;dw07;dw08,dw08,105,1,2026-08-27T12:49:30.722+0200,dw05,4B92,83,2173,57,-472,2121,3.06,72265
ground-height-0m-20260825-163632,d022m_r180_run01.csv,0,22,180,dw00;dw01;dw02;dw03;dw04;dw05;dw06;dw07;dw08,dw00;dw01;dw02;dw03;dw04;dw05;dw06;dw07;dw08,dw08,90,1,2026-08-27T12:49:30.811+0200,dw04,0F85,83,2164,0,-1235,1777,2.77,62225
ground-height-0m-20260825-163632,d022m_r180_run01.csv,0,22,180,dw00;dw01;dw02;dw03;dw04;dw05;dw06;dw07;dw08,dw00;dw01;dw02;dw03;dw04;dw05;dw06;dw07;dw08,dw08,125,1,2026-08-27T12:49:30.832+0200,dw06,0789,53,2169,109,221,2157,-2.47,82275
ground-height-0m-20260825-163632,d022m_r180_run01.csv,0,22,180,dw00;dw01;dw02;dw03;dw04;dw05;dw06;dw07;dw08,dw00;dw01;dw02;dw03;dw04;dw05;dw06;dw07;dw08,dw08,145,1,2026-08-27T12:49:30.842+0200,dw07,5783,49,2160,139,613,2071,2.26,2147483
ground-height-0m-20260825-163632,d022m_r180_run01.csv,0,22,180,dw00;dw01;dw02;dw03;dw04;dw05;dw06;dw07;dw08,dw00;dw01;dw02;dw03;dw04;dw05;dw06;dw07;dw08,dw08,75,1,2026-08-27T12:49:30.862+0200,dw03,021B,84,2156,-50,-1906,1007,2.02,12298
ground-height-0m-20260825-163632,d022m_r180_run01.csv,0,22,180,dw00;dw01;dw02;dw03;dw04;dw05;dw06;dw07;dw08,dw00;dw01;dw02;dw03;dw04;dw05;dw06;dw07;dw08,dw08,15,1,2026-08-27T12:49:30.882+0200,dw00,8103,73,2177,-162,1402,1665,1.99,32287
ground-height-0m-20260825-163632,d022m_r180_run01.csv,0,22,180,dw00;dw01;dw02;dw03;dw04;dw05;dw06;dw07;dw08,dw00;dw01;dw02;dw03;dw04;dw05;dw06;dw07;dw08,dw08,55,1,2026-08-27T12:49:30.901+0200,dw02,8FB0,84,2170,-99,2170,0,3.39,52307
ground-height-0m-20260825-163632,d022m_r180_run01.csv,0,22,180,dw00;dw01;dw02;dw03;dw04;dw05;dw06;dw07;dw08,dw00;dw01;dw02;dw03;dw04;dw05;dw06;dw07;dw08,dw08,105,1,2026-08-27T12:49:30.922+0200,dw05,4B92,84,2169,41,-682,2059,3.06,72296
ground-height-0m-20260825-163632,d022m_r180_run01.csv,0,22,180,dw00;dw01;dw02;dw03;dw04;dw05;dw06;dw07;dw08,dw00;dw01;dw02;dw03;dw04;dw05;dw06;dw07;dw08,dw08,90,1,2026-08-27T12:49:31.012+0200,dw04,0F85,84,2166,4,-1173,1820,2.77,62225
ground-height-0m-20260825-163632,d022m_r180_run01.csv,0,22,180,dw00;dw01;dw02;dw03;dw04;dw05;dw06;dw07;dw08,dw00;dw01;dw02;dw03;dw04;dw05;dw06;dw07;dw08,dw08,125,1,2026-08-27T12:49:31.032+0200,dw06,0789,54,2166,107,188,2158,-2.53,82275
ground-height-0m-20260825-163632,d022m_r180_run01.csv,0,22,180,dw00;dw01;dw02;dw03;dw04;dw05;dw06;dw07;dw08,dw00;dw01;dw02;dw03;dw04;dw05;dw06;dw07;dw08,dw08,145,1,2026-08-27T12:49:31.042+0200,dw07,5783,50,2165,135,567,2089,2.32,2147483
ground-height-0m-20260825-163632,d022m_r180_run01.csv,0,22,180,dw00;dw01;dw02;dw03;dw04;dw05;dw06;dw07;dw08,dw00;dw01;dw02;dw03;dw04;dw05;dw06;dw07;dw08,dw08,75,1,2026-08-27T12:49:31.061+0200,dw03,021B,85,2157,-41,-1785,1210,1.93,12298
ground-height-0m-20260825-163632,d022m_r180_run01.csv,0,22,180,dw00;dw01;dw02;dw03;dw04;dw05;dw06;dw07;dw08,dw00;dw01;dw02;dw03;dw04;dw05;dw06;dw07;dw08,dw08,15,1,2026-08-27T12:49:31.082+0200,dw00,8103,74,2175,-163,1384,1678,1.87,32287
ground-height-0m-20260825-163632,d022m_r180_run01.csv,0,22,180,dw00;dw01;dw02;dw03;dw04;dw05;dw06;dw07;dw08,dw00;dw01;dw02;dw03;dw04;dw05;dw06;dw07;dw08,dw08,55,1,2026-08-27T12:49:31.101+0200,dw02,8FB0,85,2166,-103,2166,0,3.33,52307
ground-height-0m-20260825-163632,d022m_r180_run01.csv,0,22,180,dw00;dw01;dw02;dw03;dw04;dw05;dw06;dw07;dw08,dw00;dw01;dw02;dw03;dw04;dw05;dw06;dw07;dw08,dw08,105,1,2026-08-27T12:49:31.122+0200,dw05,4B92,85,2169,45,-626,2076,3.06,72235
ground-height-0m-20260825-163632,d022m_r180_run01.csv,0,22,180,dw00;dw01;dw02;dw03;dw04;dw05;dw06;dw07;dw08,dw00;dw01;dw02;dw03;dw04;dw05;dw06;dw07;dw08,dw08,90,1,2026-08-27T12:49:31.212+0200,dw04,0F85,85,2161,3,-1188,1805,2.83,62225
ground-height-0m-20260825-163632,d022m_r180_run01.csv,0,22,180,dw00;dw01;dw02;dw03;dw04;dw05;dw06;dw07;dw08,dw00;dw01;dw02;dw03;dw04;dw05;dw06;dw07;dw08,dw08,125,1,2026-08-27T12:49:31.231+0200,dw06,0789,55,2166,110,238,2153,-2.71,82275
ground-height-0m-20260825-163632,d022m_r180_run01.csv,0,22,180,dw00;dw01;dw02;dw03;dw04;dw05;dw06;dw07;dw08,dw00;dw01;dw02;dw03;dw04;dw05;dw06;dw07;dw08,dw08,145,1,2026-08-27T12:49:31.242+0200,dw07,5783,51,2162,143,677,2053,2.32,2147483
ground-height-0m-20260825-163632,d022m_r180_run01.csv,0,22,180,dw00;dw01;dw02;dw03;dw04;dw05;dw06;dw07;dw08,dw00;dw01;dw02;dw03;dw04;dw05;dw06;dw07;dw08,dw08,75,1,2026-08-27T12:49:31.262+0200,dw03,021B,86,2158,-35,-1711,1315,1.99,12298
ground-height-0m-20260825-163632,d022m_r180_run01.csv,0,22,180,dw00;dw01;dw02;dw03;dw04;dw05;dw06;dw07;dw08,dw00;dw01;dw02;dw03;dw04;dw05;dw06;dw07;dw08,dw08,15,1,2026-08-27T12:49:31.282+0200,dw00,8103,75,2177,-155,1498,1580,1.87,32287
ground-height-0m-20260825-163632,d022m_r180_run01.csv,0,22,180,dw00;dw01;dw02;dw03;dw04;dw05;dw06;dw07;dw08,dw00;dw01;dw02;dw03;dw04;dw05;dw06;dw07;dw08,dw08,55,1,2026-08-27T12:49:31.302+0200,dw02,8FB0,86,2162,-93,2162,0,3.33,52276
ground-height-0m-20260825-163632,d022m_r180_run01.csv,0,22,180,dw00;dw01;dw02;dw03;dw04;dw05;dw06;dw07;dw08,dw00;dw01;dw02;dw03;dw04;dw05;dw06;dw07;dw08,dw08,105,1,2026-08-27T12:49:31.321+0200,dw05,4B92,86,2170,49,-586,2089,3.06,72296
ground-height-0m-20260825-163632,d022m_r180_run01.csv,0,22,180,dw00;dw01;dw02;dw03;dw04;dw05;dw06;dw07;dw08,dw00;dw01;dw02;dw03;dw04;dw05;dw06;dw07;dw08,dw08,90,1,2026-08-27T12:49:31.412+0200,dw04,0F85,86,2161,5,-1165,1820,2.83,62255
ground-height-0m-20260825-163632,d022m_r180_run01.csv,0,22,180,dw00;dw01;dw02;dw03;dw04;dw05;dw06;dw07;dw08,dw00;dw01;dw02;dw03;dw04;dw05;dw06;dw07;dw08,dw08,125,1,2026-08-27T12:49:31.432+0200,dw06,0789,56,2168,103,141,2164,-2.53,82275
ground-height-0m-20260825-163632,d022m_r180_run01.csv,0,22,180,dw00;dw01;dw02;dw03;dw04;dw05;dw06;dw07;dw08,dw00;dw01;dw02;dw03;dw04;dw05;dw06;dw07;dw08,dw08,145,1,2026-08-27T12:49:31.441+0200,dw07,5783,52,2162,139,620,2071,2.32,2147483
ground-height-0m-20260825-163632,d022m_r180_run01.csv,0,22,180,dw00;dw01;dw02;dw03;dw04;dw05;dw06;dw07;dw08,dw00;dw01;dw02;dw03;dw04;dw05;dw06;dw07;dw08,dw08,75,1,2026-08-27T12:49:31.462+0200,dw03,021B,87,2160,-44,-1828,1150,2.02,12329
ground-height-0m-20260825-163632,d022m_r180_run01.csv,0,22,180,dw00;dw01;dw02;dw03;dw04;dw05;dw06;dw07;dw08,dw00;dw01;dw02;dw03;dw04;dw05;dw06;dw07;dw08,dw08,15,1,2026-08-27T12:49:31.481+0200,dw00,8103,76,2179,-164,1379,1687,1.99,32287
ground-height-0m-20260825-163632,d022m_r180_run01.csv,0,22,180,dw00;dw01;dw02;dw03;dw04;dw05;dw06;dw07;dw08,dw00;dw01;dw02;dw03;dw04;dw05;dw06;dw07;dw08,dw08,55,1,2026-08-27T12:49:31.502+0200,dw02,8FB0,87,2166,-97,2166,0,3.33,52307
ground-height-0m-20260825-163632,d022m_r180_run01.csv,0,22,180,dw00;dw01;dw02;dw03;dw04;dw05;dw06;dw07;dw08,dw00;dw01;dw02;dw03;dw04;dw05;dw06;dw07;dw08,dw08,105,1,2026-08-27T12:49:31.521+0200,dw05,4B92,87,2170,51,-548,2100,2.95,72296
ground-height-0m-20260825-163632,d022m_r180_run01.csv,0,22,180,dw00;dw01;dw02;dw03;dw04;dw05;dw06;dw07;dw08,dw00;dw01;dw02;dw03;dw04;dw05;dw06;dw07;dw08,dw08,90,1,2026-08-27T12:49:31.611+0200,dw04,0F85,87,2163,3,-1196,1802,2.89,62225
ground-height-0m-20260825-163632,d022m_r180_run01.csv,0,22,180,dw00;dw01;dw02;dw03;dw04;dw05;dw06;dw07;dw08,dw00;dw01;dw02;dw03;dw04;dw05;dw06;dw07;dw08,dw08,125,1,2026-08-27T12:49:31.632+0200,dw06,0789,57,2165,103,142,2160,-2.59,82275
ground-height-0m-20260825-163632,d022m_r180_run01.csv,0,22,180,dw00;dw01;dw02;dw03;dw04;dw05;dw06;dw07;dw08,dw00;dw01;dw02;dw03;dw04;dw05;dw06;dw07;dw08,dw08,145,1,2026-08-27T12:49:31.641+0200,dw07,5783,53,2166,129,486,2110,2.32,2147483
ground-height-0m-20260825-163632,d022m_r180_run01.csv,0,22,180,dw00;dw01;dw02;dw03;dw04;dw05;dw06;dw07;dw08,dw00;dw01;dw02;dw03;dw04;dw05;dw06;dw07;dw08,dw08,75,1,2026-08-27T12:49:31.662+0200,dw03,021B,88,2159,-35,-1707,1321,2.08,12298
ground-height-0m-20260825-163632,d022m_r180_run01.csv,0,22,180,dw00;dw01;dw02;dw03;dw04;dw05;dw06;dw07;dw08,dw00;dw01;dw02;dw03;dw04;dw05;dw06;dw07;dw08,dw08,15,1,2026-08-27T12:49:31.681+0200,dw00,8103,77,2179,-150,1562,1519,1.93,32318
ground-height-0m-20260825-163632,d022m_r180_run01.csv,0,22,180,dw00;dw01;dw02;dw03;dw04;dw05;dw06;dw07;dw08,dw00;dw01;dw02;dw03;dw04;dw05;dw06;dw07;dw08,dw08,55,1,2026-08-27T12:49:31.701+0200,dw02,8FB0,88,2170,-98,2170,0,3.33,52337
ground-height-0m-20260825-163632,d022m_r180_run01.csv,0,22,180,dw00;dw01;dw02;dw03;dw04;dw05;dw06;dw07;dw08,dw00;dw01;dw02;dw03;dw04;dw05;dw06;dw07;dw08,dw08,105,1,2026-08-27T12:49:31.722+0200,dw05,4B92,88,2170,52,-540,2101,3.06,72235
ground-height-0m-20260825-163632,d022m_r180_run01.csv,0,22,180,dw00;dw01;dw02;dw03;dw04;dw05;dw06;dw07;dw08,dw00;dw01;dw02;dw03;dw04;dw05;dw06;dw07;dw08,dw08,90,1,2026-08-27T12:49:31.811+0200,dw04,0F85,88,2166,11,-1085,1874,2.83,62255
ground-height-0m-20260825-163632,d022m_r180_run01.csv,0,22,180,dw00;dw01;dw02;dw03;dw04;dw05;dw06;dw07;dw08,dw00;dw01;dw02;dw03;dw04;dw05;dw06;dw07;dw08,dw08,125,1,2026-08-27T12:49:31.832+0200,dw06,0789,58,2170,112,260,2155,-2.59,82275
ground-height-0m-20260825-163632,d022m_r180_run01.csv,0,22,180,dw00;dw01;dw02;dw03;dw04;dw05;dw06;dw07;dw08,dw00;dw01;dw02;dw03;dw04;dw05;dw06;dw07;dw08,dw08,75,1,2026-08-27T12:49:31.861+0200,dw03,021B,89,2162,-47,-1876,1074,1.99,12298
ground-height-0m-20260825-163632,d022m_r180_run01.csv,0,22,180,dw00;dw01;dw02;dw03;dw04;dw05;dw06;dw07;dw08,dw00;dw01;dw02;dw03;dw04;dw05;dw06;dw07;dw08,dw08,15,1,2026-08-27T12:49:31.882+0200,dw00,8103,78,2179,-149,1576,1505,1.93,32287
ground-height-0m-20260825-163632,d022m_r180_run01.csv,0,22,180,dw00;dw01;dw02;dw03;dw04;dw05;dw06;dw07;dw08,dw00;dw01;dw02;dw03;dw04;dw05;dw06;dw07;dw08,dw08,55,1,2026-08-27T12:49:31.901+0200,dw02,8FB0,89,2165,-100,2165,0,3.27,52337
ground-height-0m-20260825-163632,d022m_r180_run01.csv,0,22,180,dw00;dw01;dw02;dw03;dw04;dw05;dw06;dw07;dw08,dw00;dw01;dw02;dw03;dw04;dw05;dw06;dw07;dw08,dw08,105,1,2026-08-27T12:49:31.922+0200,dw05,4B92,89,2171,58,-457,2122,3.01,72265
ground-height-0m-20260825-163632,d022m_r180_run01.csv,0,22,180,dw00;dw01;dw02;dw03;dw04;dw05;dw06;dw07;dw08,dw00;dw01;dw02;dw03;dw04;dw05;dw06;dw07;dw08,dw08,90,1,2026-08-27T12:49:32.012+0200,dw04,0F85,89,2166,2,-1209,1797,2.83,62225
ground-height-0m-20260825-163632,d022m_r180_run01.csv,0,22,180,dw00;dw01;dw02;dw03;dw04;dw05;dw06;dw07;dw08,dw00;dw01;dw02;dw03;dw04;dw05;dw06;dw07;dw08,dw08,125,1,2026-08-27T12:49:32.031+0200,dw06,0789,59,2166,92,-10,2166,-2.53,82275
ground-height-0m-20260825-163632,d022m_r180_run01.csv,0,22,180,dw00;dw01;dw02;dw03;dw04;dw05;dw06;dw07;dw08,dw00;dw01;dw02;dw03;dw04;dw05;dw06;dw07;dw08,dw08,145,1,2026-08-27T12:49:32.042+0200,dw07,5783,55,2166,124,418,2125,2.32,2147483
ground-height-0m-20260825-163632,d022m_r180_run01.csv,0,22,180,dw00;dw01;dw02;dw03;dw04;dw05;dw06;dw07;dw08,dw00;dw01;dw02;dw03;dw04;dw05;dw06;dw07;dw08,dw08,75,1,2026-08-27T12:49:32.061+0200,dw03,021B,90,2160,-50,-1902,1023,2.02,12268
ground-height-0m-20260825-163632,d022m_r180_run01.csv,0,22,180,dw00;dw01;dw02;dw03;dw04;dw05;dw06;dw07;dw08,dw00;dw01;dw02;dw03;dw04;dw05;dw06;dw07;dw08,dw08,15,1,2026-08-27T12:49:32.081+0200,dw00,8103,79,2177,-150,1564,1514,1.81,32257
ground-height-0m-20260825-163632,d022m_r180_run01.csv,0,22,180,dw00;dw01;dw02;dw03;dw04;dw05;dw06;dw07;dw08,dw00;dw01;dw02;dw03;dw04;dw05;dw06;dw07;dw08,dw08,55,1,2026-08-27T12:49:32.101+0200,dw02,8FB0,90,2171,-99,2171,0,3.33,52276
ground-height-0m-20260825-163632,d022m_r180_run01.csv,0,22,180,dw00;dw01;dw02;dw03;dw04;dw05;dw06;dw07;dw08,dw00;dw01;dw02;dw03;dw04;dw05;dw06;dw07;dw08,dw08,105,1,2026-08-27T12:49:32.121+0200,dw05,4B92,90,2170,52,-538,2102,3.06,72265
ground-height-0m-20260825-163632,d022m_r180_run01.csv,0,22,180,dw00;dw01;dw02;dw03;dw04;dw05;dw06;dw07;dw08,dw00;dw01;dw02;dw03;dw04;dw05;dw06;dw07;dw08,dw08,90,1,2026-08-27T12:49:32.211+0200,dw04,0F85,90,2165,1,-1215,1791,2.71,62225
ground-height-0m-20260825-163632,d022m_r180_run01.csv,0,22,180,dw00;dw01;dw02;dw03;dw04;dw05;dw06;dw07;dw08,dw00;dw01;dw02;dw03;dw04;dw05;dw06;dw07;dw08,dw08,125,1,2026-08-27T12:49:32.231+0200,dw06,0789,60,2160,111,241,2147,-2.47,82275
ground-height-0m-20260825-163632,d022m_r180_run01.csv,0,22,180,dw00;dw01;dw02;dw03;dw04;dw05;dw06;dw07;dw08,dw00;dw01;dw02;dw03;dw04;dw05;dw06;dw07;dw08,dw08,145,1,2026-08-27T12:49:32.241+0200,dw07,5783,56,2167,123,404,2129,2.32,2147483
ground-height-0m-20260825-163632,d022m_r180_run01.csv,0,22,180,dw00;dw01;dw02;dw03;dw04;dw05;dw06;dw07;dw08,dw00;dw01;dw02;dw03;dw04;dw05;dw06;dw07;dw08,dw08,75,1,2026-08-27T12:49:32.262+0200,dw03,021B,91,2163,-54,-1969,894,2.02,12329
ground-height-0m-20260825-163632,d022m_r180_run01.csv,0,22,180,dw00;dw01;dw02;dw03;dw04;dw05;dw06;dw07;dw08,dw00;dw01;dw02;dw03;dw04;dw05;dw06;dw07;dw08,dw08,15,1,2026-08-27T12:49:32.281+0200,dw00,8103,80,2180,-166,1348,1713,1.81,32318
ground-height-0m-20260825-163632,d022m_r180_run01.csv,0,22,180,dw00;dw01;dw02;dw03;dw04;dw05;dw06;dw07;dw08,dw00;dw01;dw02;dw03;dw04;dw05;dw06;dw07;dw08,dw08,55,1,2026-08-27T12:49:32.302+0200,dw02,8FB0,91,2169,-88,2169,0,3.33,52337
ground-height-0m-20260825-163632,d022m_r180_run01.csv,0,22,180,dw00;dw01;dw02;dw03;dw04;dw05;dw06;dw07;dw08,dw00;dw01;dw02;dw03;dw04;dw05;dw06;dw07;dw08,dw08,105,1,2026-08-27T12:49:32.321+0200,dw05,4B92,91,2173,41,-681,2064,2.95,72265
ground-height-0m-20260825-163632,d022m_r180_run01.csv,0,22,180,dw00;dw01;dw02;dw03;dw04;dw05;dw06;dw07;dw08,dw00;dw01;dw02;dw03;dw04;dw05;dw06;dw07;dw08,dw08,90,1,2026-08-27T12:49:32.411+0200,dw04,0F85,91,2167,-2,-1276,1751,2.77,62225
ground-height-0m-20260825-163632,d022m_r180_run01.csv,0,22,180,dw00;dw01;dw02;dw03;dw04;dw05;dw06;dw07;dw08,dw00;dw01;dw02;dw03;dw04;dw05;dw06;dw07;dw08,dw08,125,1,2026-08-27T12:49:32.431+0200,dw06,0789,61,2168,101,113,2165,-2.65,82275
ground-height-0m-20260825-163632,d022m_r180_run01.csv,0,22,180,dw00;dw01;dw02;dw03;dw04;dw05;dw06;dw07;dw08,dw00;dw01;dw02;dw03;dw04;dw05;dw06;dw07;dw08,dw08,145,1,2026-08-27T12:49:32.441+0200,dw07,5783,57,2166,142,655,2065,2.38,2147483
ground-height-0m-20260825-163632,d022m_r180_run01.csv,0,22,180,dw00;dw01;dw02;dw03;dw04;dw05;dw06;dw07;dw08,dw00;dw01;dw02;dw03;dw04;dw05;dw06;dw07;dw08,dw08,75,1,2026-08-27T12:49:32.462+0200,dw03,021B,92,2160,-42,-1805,1186,1.93,12298
ground-height-0m-20260825-163632,d022m_r180_run01.csv,0,22,180,dw00;dw01;dw02;dw03;dw04;dw05;dw06;dw07;dw08,dw00;dw01;dw02;dw03;dw04;dw05;dw06;dw07;dw08,dw08,15,1,2026-08-27T12:49:32.481+0200,dw00,8103,81,2178,-161,1414,1657,1.93,32287
ground-height-0m-20260825-163632,d022m_r180_run01.csv,0,22,180,dw00;dw01;dw02;dw03;dw04;dw05;dw06;dw07;dw08,dw00;dw01;dw02;dw03;dw04;dw05;dw06;dw07;dw08,dw08,55,1,2026-08-27T12:49:32.501+0200,dw02,8FB0,92,2167,-102,2167,0,3.39,52307
ground-height-0m-20260825-163632,d022m_r180_run01.csv,0,22,180,dw00;dw01;dw02;dw03;dw04;dw05;dw06;dw07;dw08,dw00;dw01;dw02;dw03;dw04;dw05;dw06;dw07;dw08,dw08,105,1,2026-08-27T12:49:32.521+0200,dw05,4B92,92,2173,45,-631,2080,3.01,72296
ground-height-0m-20260825-163632,d022m_r180_run01.csv,0,22,180,dw00;dw01;dw02;dw03;dw04;dw05;dw06;dw07;dw08,dw00;dw01;dw02;dw03;dw04;dw05;dw06;dw07;dw08,dw08,90,1,2026-08-27T12:49:32.611+0200,dw04,0F85,92,2167,0,-1234,1780,2.89,62225
ground-height-0m-20260825-163632,d022m_r180_run01.csv,0,22,180,dw00;dw01;dw02;dw03;dw04;dw05;dw06;dw07;dw08,dw00;dw01;dw02;dw03;dw04;dw05;dw06;dw07;dw08,dw08,125,1,2026-08-27T12:49:32.632+0200,dw06,0789,62,2166,105,165,2160,-2.59,82275
ground-height-0m-20260825-163632,d022m_r180_run01.csv,0,22,180,dw00;dw01;dw02;dw03;dw04;dw05;dw06;dw07;dw08,dw00;dw01;dw02;dw03;dw04;dw05;dw06;dw07;dw08,dw08,145,1,2026-08-27T12:49:32.641+0200,dw07,5783,58,2167,145,701,2050,2.26,2147483
ground-height-0m-20260825-163632,d022m_r180_run01.csv,0,22,180,dw00;dw01;dw02;dw03;dw04;dw05;dw06;dw07;dw08,dw00;dw01;dw02;dw03;dw04;dw05;dw06;dw07;dw08,dw08,75,1,2026-08-27T12:49:32.661+0200,dw03,021B,93,2162,-38,-1748,1271,1.99,12298
ground-height-0m-20260825-163632,d022m_r180_run01.csv,0,22,180,dw00;dw01;dw02;dw03;dw04;dw05;dw06;dw07;dw08,dw00;dw01;dw02;dw03;dw04;dw05;dw06;dw07;dw08,dw08,15,1,2026-08-27T12:49:32.681+0200,dw00,8103,82,2177,-155,1490,1587,1.99,32287
ground-height-0m-20260825-163632,d022m_r180_run01.csv,0,22,180,dw00;dw01;dw02;dw03;dw04;dw05;dw06;dw07;dw08,dw00;dw01;dw02;dw03;dw04;dw05;dw06;dw07;dw08,dw08,55,1,2026-08-27T12:49:32.701+0200,dw02,8FB0,93,2167,-95,2167,0,3.33,52276
ground-height-0m-20260825-163632,d022m_r180_run01.csv,0,22,180,dw00;dw01;dw02;dw03;dw04;dw05;dw06;dw07;dw08,dw00;dw01;dw02;dw03;dw04;dw05;dw06;dw07;dw08,dw08,105,1,2026-08-27T12:49:32.721+0200,dw05,4B92,93,2171,47,-601,2086,3.09,72204
ground-height-0m-20260825-163632,d022m_r180_run01.csv,0,22,180,dw00;dw01;dw02;dw03;dw04;dw05;dw06;dw07;dw08,dw00;dw01;dw02;dw03;dw04;dw05;dw06;dw07;dw08,dw08,90,1,2026-08-27T12:49:32.811+0200,dw04,0F85,93,2162,1,-1218,1785,2.71,62225
ground-height-0m-20260825-163632,d022m_r180_run01.csv,0,22,180,dw00;dw01;dw02;dw03;dw04;dw05;dw06;dw07;dw08,dw00;dw01;dw02;dw03;dw04;dw05;dw06;dw07;dw08,dw08,125,1,2026-08-27T12:49:32.831+0200,dw06,0789,63,2167,102,133,2163,-2.47,82275
ground-height-0m-20260825-163632,d022m_r180_run01.csv,0,22,180,dw00;dw01;dw02;dw03;dw04;dw05;dw06;dw07;dw08,dw00;dw01;dw02;dw03;dw04;dw05;dw06;dw07;dw08,dw08,145,1,2026-08-27T12:49:32.842+0200,dw07,5783,59,2166,138,602,2080,2.26,2147483
ground-height-0m-20260825-163632,d022m_r180_run01.csv,0,22,180,dw00;dw01;dw02;dw03;dw04;dw05;dw06;dw07;dw08,dw00;dw01;dw02;dw03;dw04;dw05;dw06;dw07;dw08,dw08,75,1,2026-08-27T12:49:32.861+0200,dw03,021B,94,2161,-42,-1801,1194,1.93,12298
ground-height-0m-20260825-163632,d022m_r180_run01.csv,0,22,180,dw00;dw01;dw02;dw03;dw04;dw05;dw06;dw07;dw08,dw00;dw01;dw02;dw03;dw04;dw05;dw06;dw07;dw08,dw08,15,1,2026-08-27T12:49:32.881+0200,dw00,8103,83,2180,-152,1532,1551,2.02,32287
ground-height-0m-20260825-163632,d022m_r180_run01.csv,0,22,180,dw00;dw01;dw02;dw03;dw04;dw05;dw06;dw07;dw08,dw00;dw01;dw02;dw03;dw04;dw05;dw06;dw07;dw08,dw08,55,1,2026-08-27T12:49:32.901+0200,dw02,8FB0,94,2169,-111,2079,619,3.33,52307
ground-height-0m-20260825-163632,d022m_r180_run01.csv,0,22,180,dw00;dw01;dw02;dw03;dw04;dw05;dw06;dw07;dw08,dw00;dw01;dw02;dw03;dw04;dw05;dw06;dw07;dw08,dw08,105,1,2026-08-27T12:49:32.921+0200,dw05,4B92,94,2173,55,-504,2114,3.06,72265
ground-height-0m-20260825-163632,d022m_r180_run01.csv,0,22,180,dw00;dw01;dw02;dw03;dw04;dw05;dw06;dw07;dw08,dw00;dw01;dw02;dw03;dw04;dw05;dw06;dw07;dw08,dw08,90,1,2026-08-27T12:49:33.011+0200,dw04,0F85,94,2166,1,-1216,1792,2.77,62225
ground-height-0m-20260825-163632,d022m_r180_run01.csv,0,22,180,dw00;dw01;dw02;dw03;dw04;dw05;dw06;dw07;dw08,dw00;dw01;dw02;dw03;dw04;dw05;dw06;dw07;dw08,dw08,125,1,2026-08-27T12:49:33.031+0200,dw06,0789,64,2168,96,50,2168,-2.65,82305
ground-height-0m-20260825-163632,d022m_r180_run01.csv,0,22,180,dw00;dw01;dw02;dw03;dw04;dw05;dw06;dw07;dw08,dw00;dw01;dw02;dw03;dw04;dw05;dw06;dw07;dw08,dw08,145,1,2026-08-27T12:49:33.041+0200,dw07,5783,60,2164,130,505,2104,2.44,2147483
ground-height-0m-20260825-163632,d022m_r180_run01.csv,0,22,180,dw00;dw01;dw02;dw03;dw04;dw05;dw06;dw07;dw08,dw00;dw01;dw02;dw03;dw04;dw05;dw06;dw07;dw08,dw08,75,1,2026-08-27T12:49:33.061+0200,dw03,021B,95,2160,-48,-1886,1053,2.02,12298
ground-height-0m-20260825-163632,d022m_r180_run01.csv,0,22,180,dw00;dw01;dw02;dw03;dw04;dw05;dw06;dw07;dw08,dw00;dw01;dw02;dw03;dw04;dw05;dw06;dw07;dw08,dw08,15,1,2026-08-27T12:49:33.081+0200,dw00,8103,84,2177,-152,1534,1544,1.93,32287
ground-height-0m-20260825-163632,d022m_r180_run01.csv,0,22,180,dw00;dw01;dw02;dw03;dw04;dw05;dw06;dw07;dw08,dw00;dw01;dw02;dw03;dw04;dw05;dw06;dw07;dw08,dw08,55,1,2026-08-27T12:49:33.101+0200,dw02,8FB0,95,2167,-101,2167,0,3.27,52368
ground-height-0m-20260825-163632,d022m_r180_run01.csv,0,22,180,dw00;dw01;dw02;dw03;dw04;dw05;dw06;dw07;dw08,dw00;dw01;dw02;dw03;dw04;dw05;dw06;dw07;dw08,dw08,105,1,2026-08-27T12:49:33.121+0200,dw05,4B92,95,2171,46,-627,2078,3.06,72204
ground-height-0m-20260825-163632,d022m_r180_run01.csv,0,22,180,dw00;dw01;dw02;dw03;dw04;dw05;dw06;dw07;dw08,dw00;dw01;dw02;dw03;dw04;dw05;dw06;dw07;dw08,dw08,90,1,2026-08-27T12:49:33.211+0200,dw04,0F85,95,2162,0,-1249,1765,2.83,62225
ground-height-0m-20260825-163632,d022m_r180_run01.csv,0,22,180,dw00;dw01;dw02;dw03;dw04;dw05;dw06;dw07;dw08,dw00;dw01;dw02;dw03;dw04;dw05;dw06;dw07;dw08,dw08,125,1,2026-08-27T12:49:33.231+0200,dw06,0789,65,2168,107,198,2159,-2.53,82275
ground-height-0m-20260825-163632,d022m_r180_run01.csv,0,22,180,dw00;dw01;dw02;dw03;dw04;dw05;dw06;dw07;dw08,dw00;dw01;dw02;dw03;dw04;dw05;dw06;dw07;dw08,dw08,145,1,2026-08-27T12:49:33.241+0200,dw07,5783,61,2167,151,775,2023,2.38,2147483
ground-height-0m-20260825-163632,d022m_r180_run01.csv,0,22,180,dw00;dw01;dw02;dw03;dw04;dw05;dw06;dw07;dw08,dw00;dw01;dw02;dw03;dw04;dw05;dw06;dw07;dw08,dw08,75,1,2026-08-27T12:49:33.261+0200,dw03,021B,96,2159,-39,-1764,1245,1.99,12298
ground-height-0m-20260825-163632,d022m_r180_run01.csv,0,22,180,dw00;dw01;dw02;dw03;dw04;dw05;dw06;dw07;dw08,dw00;dw01;dw02;dw03;dw04;dw05;dw06;dw07;dw08,dw08,15,1,2026-08-27T12:49:33.281+0200,dw00,8103,85,2178,-164,1381,1684,1.99,32318
ground-height-0m-20260825-163632,d022m_r180_run01.csv,0,22,180,dw00;dw01;dw02;dw03;dw04;dw05;dw06;dw07;dw08,dw00;dw01;dw02;dw03;dw04;dw05;dw06;dw07;dw08,dw08,55,1,2026-08-27T12:49:33.301+0200,dw02,8FB0,96,2170,-106,2138,369,3.33,52337
ground-height-0m-20260825-163632,d022m_r180_run01.csv,0,22,180,dw00;dw01;dw02;dw03;dw04;dw05;dw06;dw07;dw08,dw00;dw01;dw02;dw03;dw04;dw05;dw06;dw07;dw08,dw08,105,1,2026-08-27T12:49:33.321+0200,dw05,4B92,96,2171,48,-597,2087,3.15,72326
ground-height-0m-20260825-163632,d022m_r180_run01.csv,0,22,180,dw00;dw01;dw02;dw03;dw04;dw05;dw06;dw07;dw08,dw00;dw01;dw02;dw03;dw04;dw05;dw06;dw07;dw08,dw08,125,1,2026-08-27T12:49:33.431+0200,dw06,0789,66,2164,94,24,2164,-2.59,82244
ground-height-0m-20260825-163632,d022m_r180_run01.csv,0,22,180,dw00;dw01;dw02;dw03;dw04;dw05;dw06;dw07;dw08,dw00;dw01;dw02;dw03;dw04;dw05;dw06;dw07;dw08,dw08,145,1,2026-08-27T12:49:33.441+0200,dw07,5783,62,2165,146,719,2042,2.26,2147483
ground-height-0m-20260825-163632,d022m_r180_run01.csv,0,22,180,dw00;dw01;dw02;dw03;dw04;dw05;dw06;dw07;dw08,dw00;dw01;dw02;dw03;dw04;dw05;dw06;dw07;dw08,dw08,75,1,2026-08-27T12:49:33.461+0200,dw03,021B,97,2159,-37,-1740,1278,1.99,12298
ground-height-0m-20260825-163632,d022m_r180_run01.csv,0,22,180,dw00;dw01;dw02;dw03;dw04;dw05;dw06;dw07;dw08,dw00;dw01;dw02;dw03;dw04;dw05;dw06;dw07;dw08,dw08,15,1,2026-08-27T12:49:33.481+0200,dw00,8103,86,2179,-162,1405,1666,1.93,32287
ground-height-0m-20260825-163632,d022m_r180_run01.csv,0,22,180,dw00;dw01;dw02;dw03;dw04;dw05;dw06;dw07;dw08,dw00;dw01;dw02;dw03;dw04;dw05;dw06;dw07;dw08,dw08,55,1,2026-08-27T12:49:33.501+0200,dw02,8FB0,97,2167,-95,2167,0,3.33,52276
ground-height-0m-20260825-163632,d022m_r180_run01.csv,0,22,180,dw00;dw01;dw02;dw03;dw04;dw05;dw06;dw07;dw08,dw00;dw01;dw02;dw03;dw04;dw05;dw06;dw07;dw08,dw08,105,1,2026-08-27T12:49:33.521+0200,dw05,4B92,97,2173,53,-529,2107,3.06,72204
ground-height-0m-20260825-163632,d022m_r180_run01.csv,0,22,180,dw00;dw01;dw02;dw03;dw04;dw05;dw06;dw07;dw08,dw00;dw01;dw02;dw03;dw04;dw05;dw06;dw07;dw08,dw08,90,1,2026-08-27T12:49:33.627+0200,dw04,0F85,97,2165,0,-1237,1777,3.57,77819
ground-height-0m-20260825-163632,d022m_r180_run01.csv,0,22,180,dw00;dw01;dw02;dw03;dw04;dw05;dw06;dw07;dw08,dw00;dw01;dw02;dw03;dw04;dw05;dw06;dw07;dw08,dw08,145,1,2026-08-27T12:49:33.641+0200,dw07,5783,63,2166,137,595,2083,2.32,2147483
ground-height-0m-20260825-163632,d022m_r180_run01.csv,0,22,180,dw00;dw01;dw02;dw03;dw04;dw05;dw06;dw07;dw08,dw00;dw01;dw02;dw03;dw04;dw05;dw06;dw07;dw08,dw08,75,1,2026-08-27T12:49:33.661+0200,dw03,021B,98,2161,-33,-1683,1355,2.02,12298
ground-height-0m-20260825-163632,d022m_r180_run01.csv,0,22,180,dw00;dw01;dw02;dw03;dw04;dw05;dw06;dw07;dw08,dw00;dw01;dw02;dw03;dw04;dw05;dw06;dw07;dw08,dw08,15,1,2026-08-27T12:49:33.680+0200,dw00,8103,87,2180,-152,1542,1541,1.87,32287
ground-height-0m-20260825-163632,d022m_r180_run01.csv,0,22,180,dw00;dw01;dw02;dw03;dw04;dw05;dw06;dw07;dw08,dw00;dw01;dw02;dw03;dw04;dw05;dw06;dw07;dw08,dw08,55,1,2026-08-27T12:49:33.701+0200,dw02,8FB0,98,2170,-97,2170,0,3.27,52337
ground-height-0m-20260825-163632,d022m_r180_run01.csv,0,22,180,dw00;dw01;dw02;dw03;dw04;dw05;dw06;dw07;dw08,dw00;dw01;dw02;dw03;dw04;dw05;dw06;dw07;dw08,dw08,105,1,2026-08-27T12:49:33.720+0200,dw05,4B92,98,2172,50,-564,2098,2.95,72265
ground-height-0m-20260825-163632,d022m_r180_run01.csv,0,22,180,dw00;dw01;dw02;dw03;dw04;dw05;dw06;dw07;dw08,dw00;dw01;dw02;dw03;dw04;dw05;dw06;dw07;dw08,dw08,90,1,2026-08-27T12:49:33.811+0200,dw04,0F85,98,2164,3,-1197,1803,3.06,62255
ground-height-0m-20260825-163632,d022m_r180_run01.csv,0,22,180,dw00;dw01;dw02;dw03;dw04;dw05;dw06;dw07;dw08,dw00;dw01;dw02;dw03;dw04;dw05;dw06;dw07;dw08,dw08,145,1,2026-08-27T12:49:33.841+0200,dw07,5783,64,2163,138,608,2076,2.38,2147483
ground-height-0m-20260825-163632,d022m_r180_run01.csv,0,22,180,dw00;dw01;dw02;dw03;dw04;dw05;dw06;dw07;dw08,dw00;dw01;dw02;dw03;dw04;dw05;dw06;dw07;dw08,dw08,125,1,2026-08-27T12:49:33.846+0200,dw06,0789,68,2165,104,150,2160,-2.35,2147483
ground-height-0m-20260825-163632,d022m_r180_run01.csv,0,22,180,dw00;dw01;dw02;dw03;dw04;dw05;dw06;dw07;dw08,dw00;dw01;dw02;dw03;dw04;dw05;dw06;dw07;dw08,dw08,75,1,2026-08-27T12:49:33.861+0200,dw03,021B,99,2162,-34,-1698,1339,1.99,12298
ground-height-0m-20260825-163632,d022m_r180_run01.csv,0,22,180,dw00;dw01;dw02;dw03;dw04;dw05;dw06;dw07;dw08,dw00;dw01;dw02;dw03;dw04;dw05;dw06;dw07;dw08,dw08,15,1,2026-08-27T12:49:33.880+0200,dw00,8103,88,2181,-157,1466,1614,1.99,32287
ground-height-0m-20260825-163632,d022m_r180_run01.csv,0,22,180,dw00;dw01;dw02;dw03;dw04;dw05;dw06;dw07;dw08,dw00;dw01;dw02;dw03;dw04;dw05;dw06;dw07;dw08,dw08,55,1,2026-08-27T12:49:33.901+0200,dw02,8FB0,99,2166,-97,2166,0,3.33,52337
ground-height-0m-20260825-163632,d022m_r180_run01.csv,0,22,180,dw00;dw01;dw02;dw03;dw04;dw05;dw06;dw07;dw08,dw00;dw01;dw02;dw03;dw04;dw05;dw06;dw07;dw08,dw08,105,1,2026-08-27T12:49:33.921+0200,dw05,4B92,99,2172,44,-643,2074,3.09,72296
ground-height-0m-20260825-163632,d022m_r180_run01.csv,0,22,180,dw00;dw01;dw02;dw03;dw04;dw05;dw06;dw07;dw08,dw00;dw01;dw02;dw03;dw04;dw05;dw06;dw07;dw08,dw08,90,1,2026-08-27T12:49:34.010+0200,dw04,0F85,99,2163,-1,-1253,1763,2.83,62255
ground-height-0m-20260825-163632,d022m_r180_run01.csv,0,22,180,dw00;dw01;dw02;dw03;dw04;dw05;dw06;dw07;dw08,dw00;dw01;dw02;dw03;dw04;dw05;dw06;dw07;dw08,dw08,145,1,2026-08-27T12:49:34.041+0200,dw07,5783,65,2162,135,572,2084,2.32,2147483
ground-height-0m-20260825-163632,d022m_r180_run01.csv,0,22,180,dw00;dw01;dw02;dw03;dw04;dw05;dw06;dw07;dw08,dw00;dw01;dw02;dw03;dw04;dw05;dw06;dw07;dw08,dw08,75,1,2026-08-27T12:49:34.061+0200,dw03,021B,100,2160,-46,-1853,1109,1.93,12329
ground-height-0m-20260825-163632,d022m_r180_run01.csv,0,22,180,dw00;dw01;dw02;dw03;dw04;dw05;dw06;dw07;dw08,dw00;dw01;dw02;dw03;dw04;dw05;dw06;dw07;dw08,dw08,15,1,2026-08-27T12:49:34.081+0200,dw00,8103,89,2177,-139,1711,1345,1.99,32287
ground-height-0m-20260825-163632,d022m_r180_run01.csv,0,22,180,dw00;dw01;dw02;dw03;dw04;dw05;dw06;dw07;dw08,dw00;dw01;dw02;dw03;dw04;dw05;dw06;dw07;dw08,dw08,55,1,2026-08-27T12:49:34.101+0200,dw02,8FB0,100,2165,-114,2027,760,3.33,52337
ground-height-0m-20260825-163632,d022m_r180_run01.csv,0,22,180,dw00;dw01;dw02;dw03;dw04;dw05;dw06;dw07;dw08,dw00;dw01;dw02;dw03;dw04;dw05;dw06;dw07;dw08,dw08,105,1,2026-08-27T12:49:34.121+0200,dw05,4B92,100,2168,52,-540,2100,3.01,72326
ground-height-0m-20260825-163632,d022m_r180_run01.csv,0,22,180,dw00;dw01;dw02;dw03;dw04;dw05;dw06;dw07;dw08,dw00;dw01;dw02;dw03;dw04;dw05;dw06;dw07;dw08,dw08,90,1,2026-08-27T12:49:34.211+0200,dw04,0F85,100,2162,-3,-1290,1735,2.95,62225
ground-height-0m-20260825-163632,d022m_r180_run01.csv,0,22,180,dw00;dw01;dw02;dw03;dw04;dw05;dw06;dw07;dw08,dw00;dw01;dw02;dw03;dw04;dw05;dw06;dw07;dw08,dw08,145,1,2026-08-27T12:49:34.241+0200,dw07,5783,66,2165,141,651,2065,2.32,2147483
ground-height-0m-20260825-163632,d022m_r180_run01.csv,0,22,180,dw00;dw01;dw02;dw03;dw04;dw05;dw06;dw07;dw08,dw00;dw01;dw02;dw03;dw04;dw05;dw06;dw07;dw08,dw08,75,1,2026-08-27T12:49:34.260+0200,dw03,021B,101,2160,-39,-1758,1255,1.93,12298
ground-height-0m-20260825-163632,d022m_r180_run01.csv,0,22,180,dw00;dw01;dw02;dw03;dw04;dw05;dw06;dw07;dw08,dw00;dw01;dw02;dw03;dw04;dw05;dw06;dw07;dw08,dw08,125,1,2026-08-27T12:49:34.280+0200,dw06,0789,70,2167,104,149,2162,-2.47,31982
ground-height-0m-20260825-163632,d022m_r180_run01.csv,0,22,180,dw00;dw01;dw02;dw03;dw04;dw05;dw06;dw07;dw08,dw00;dw01;dw02;dw03;dw04;dw05;dw06;dw07;dw08,dw08,55,1,2026-08-27T12:49:34.300+0200,dw02,8FB0,101,2166,-98,2166,0,3.27,52307
ground-height-0m-20260825-163632,d022m_r180_run01.csv,0,22,180,dw00;dw01;dw02;dw03;dw04;dw05;dw06;dw07;dw08,dw00;dw01;dw02;dw03;dw04;dw05;dw06;dw07;dw08,dw08,105,1,2026-08-27T12:49:34.321+0200,dw05,4B92,101,2169,41,-683,2059,3.06,72204
ground-height-0m-20260825-163632,d022m_r180_run01.csv,0,22,180,dw00;dw01;dw02;dw03;dw04;dw05;dw06;dw07;dw08,dw00;dw01;dw02;dw03;dw04;dw05;dw06;dw07;dw08,dw08,90,1,2026-08-27T12:49:34.411+0200,dw04,0F85,101,2164,-1,-1256,1763,2.89,62225
ground-height-0m-20260825-163632,d022m_r180_run01.csv,0,22,180,dw00;dw01;dw02;dw03;dw04;dw05;dw06;dw07;dw08,dw00;dw01;dw02;dw03;dw04;dw05;dw06;dw07;dw08,dw08,145,1,2026-08-27T12:49:34.441+0200,dw07,5783,67,2169,139,625,2076,2.38,2147483
ground-height-0m-20260825-163632,d022m_r180_run01.csv,0,22,180,dw00;dw01;dw02;dw03;dw04;dw05;dw06;dw07;dw08,dw00;dw01;dw02;dw03;dw04;dw05;dw06;dw07;dw08,dw08,75,1,2026-08-27T12:49:34.461+0200,dw03,021B,102,2162,-49,-1898,1033,1.99,12298
ground-height-0m-20260825-163632,d022m_r180_run01.csv,0,22,180,dw00;dw01;dw02;dw03;dw04;dw05;dw06;dw07;dw08,dw00;dw01;dw02;dw03;dw04;dw05;dw06;dw07;dw08,dw08,15,1,2026-08-27T12:49:34.496+0200,dw00,8103,91,2182,-155,1496,1588,2.14,47790
ground-height-0m-20260825-163632,d022m_r180_run01.csv,0,22,180,dw00;dw01;dw02;dw03;dw04;dw05;dw06;dw07;dw08,dw00;dw01;dw02;dw03;dw04;dw05;dw06;dw07;dw08,dw08,105,1,2026-08-27T12:49:34.520+0200,dw05,4B92,102,2170,50,-573,2093,3.01,72296
ground-height-0m-20260825-163632,d022m_r180_run01.csv,0,22,180,dw00;dw01;dw02;dw03;dw04;dw05;dw06;dw07;dw08,dw00;dw01;dw02;dw03;dw04;dw05;dw06;dw07;dw08,dw08,125,1,2026-08-27T12:49:34.531+0200,dw06,0789,71,2166,105,161,2160,-2.59,82275
ground-height-0m-20260825-163632,d022m_r180_run01.csv,0,22,180,dw00;dw01;dw02;dw03;dw04;dw05;dw06;dw07;dw08,dw00;dw01;dw02;dw03;dw04;dw05;dw06;dw07;dw08,dw08,90,1,2026-08-27T12:49:34.611+0200,dw04,0F85,102,2164,-3,-1287,1739,3.06,62286
ground-height-0m-20260825-163632,d022m_r180_run01.csv,0,22,180,dw00;dw01;dw02;dw03;dw04;dw05;dw06;dw07;dw08,dw00;dw01;dw02;dw03;dw04;dw05;dw06;dw07;dw08,dw08,75,1,2026-08-27T12:49:34.661+0200,dw03,021B,103,2161,-49,-1891,1045,1.93,12298
ground-height-0m-20260825-163632,d022m_r180_run01.csv,0,22,180,dw00;dw01;dw02;dw03;dw04;dw05;dw06;dw07;dw08,dw00;dw01;dw02;dw03;dw04;dw05;dw06;dw07;dw08,dw08,15,1,2026-08-27T12:49:34.680+0200,dw00,8103,92,2175,-165,1364,1694,1.99,32257
ground-height-0m-20260825-163632,d022m_r180_run01.csv,0,22,180,dw00;dw01;dw02;dw03;dw04;dw05;dw06;dw07;dw08,dw00;dw01;dw02;dw03;dw04;dw05;dw06;dw07;dw08,dw08,55,1,2026-08-27T12:49:34.716+0200,dw02,8FB0,103,2169,-105,2156,239,3.33,68206
ground-height-0m-20260825-163632,d022m_r180_run01.csv,0,22,180,dw00;dw01;dw02;dw03;dw04;dw05;dw06;dw07;dw08,dw00;dw01;dw02;dw03;dw04;dw05;dw06;dw07;dw08,dw08,125,1,2026-08-27T12:49:34.730+0200,dw06,0789,72,2169,100,107,2166,-2.59,82275
ground-height-0m-20260825-163632,d022m_r180_run01.csv,0,22,180,dw00;dw01;dw02;dw03;dw04;dw05;dw06;dw07;dw08,dw00;dw01;dw02;dw03;dw04;dw05;dw06;dw07;dw08,dw08,90,1,2026-08-27T12:49:34.810+0200,dw04,0F85,103,2162,4,-1173,1817,2.83,62194
ground-height-0m-20260825-163632,d022m_r180_run01.csv,0,22,180,dw00;dw01;dw02;dw03;dw04;dw05;dw06;dw07;dw08,dw00;dw01;dw02;dw03;dw04;dw05;dw06;dw07;dw08,dw08,145,1,2026-08-27T12:49:34.856+0200,dw07,5783,69,2164,139,627,2071,2.38,2147483
ground-height-0m-20260825-163632,d022m_r180_run01.csv,0,22,180,dw00;dw01;dw02;dw03;dw04;dw05;dw06;dw07;dw08,dw00;dw01;dw02;dw03;dw04;dw05;dw06;dw07;dw08,dw08,15,1,2026-08-27T12:49:34.880+0200,dw00,8103,93,2174,-161,1419,1647,1.87,2147483
ground-height-0m-20260825-163632,d022m_r180_run01.csv,0,22,180,dw00;dw01;dw02;dw03;dw04;dw05;dw06;dw07;dw08,dw00;dw01;dw02;dw03;dw04;dw05;dw06;dw07;dw08,dw08,55,1,2026-08-27T12:49:34.901+0200,dw02,8FB0,104,2167,-109,2106,509,3.15,2147483
ground-height-0m-20260825-163632,d022m_r180_run01.csv,0,22,180,dw00;dw01;dw02;dw03;dw04;dw05;dw06;dw07;dw08,dw00;dw01;dw02;dw03;dw04;dw05;dw06;dw07;dw08,dw08,125,1,2026-08-27T12:49:34.931+0200,dw06,0789,73,2166,102,134,2162,-2.65,2147483
ground-height-0m-20260825-163632,d022m_r180_run01.csv,0,22,180,dw00;dw01;dw02;dw03;dw04;dw05;dw06;dw07;dw08,dw00;dw01;dw02;dw03;dw04;dw05;dw06;dw07;dw08,dw08,105,1,2026-08-27T12:49:34.936+0200,dw05,4B92,104,2171,41,-684,2060,3.27,2147483
ground-height-0m-20260825-163632,d022m_r180_run01.csv,0,22,180,dw00;dw01;dw02;dw03;dw04;dw05;dw06;dw07;dw08,dw00;dw01;dw02;dw03;dw04;dw05;dw06;dw07;dw08,dw08,90,1,2026-08-27T12:49:35.010+0200,dw04,0F85,104,2165,1,-1218,1790,3.06,62255
ground-height-0m-20260825-163632,d022m_r180_run01.csv,0,22,180,dw00;dw01;dw02;dw03;dw04;dw05;dw06;dw07;dw08,dw00;dw01;dw02;dw03;dw04;dw05;dw06;dw07;dw08,dw08,75,1,2026-08-27T12:49:35.076+0200,dw03,021B,105,2160,-42,-1795,1200,2.14,27862
ground-height-0m-20260825-163632,d022m_r180_run01.csv,0,22,180,dw00;dw01;dw02;dw03;dw04;dw05;dw06;dw07;dw08,dw00;dw01;dw02;dw03;dw04;dw05;dw06;dw07;dw08,dw08,15,1,2026-08-27T12:49:35.099+0200,dw00,8103,94,2181,-161,1411,1662,1.87,50689
ground-height-0m-20260825-163632,d022m_r180_run01.csv,0,22,180,dw00;dw01;dw02;dw03;dw04;dw05;dw06;dw07;dw08,dw00;dw01;dw02;dw03;dw04;dw05;dw06;dw07;dw08,dw08,55,1,2026-08-27T12:49:35.119+0200,dw02,8FB0,105,2166,-94,2166,0,3.27,71075
ground-height-0m-20260825-163632,d022m_r180_run01.csv,0,22,180,dw00;dw01;dw02;dw03;dw04;dw05;dw06;dw07;dw08,dw00;dw01;dw02;dw03;dw04;dw05;dw06;dw07;dw08,dw08,145,1,2026-08-27T12:49:35.140+0200,dw07,5783,70,2167,148,742,2036,2.32,2147483
ground-height-0m-20260825-163632,d022m_r180_run01.csv,0,22,180,dw00;dw01;dw02;dw03;dw04;dw05;dw06;dw07;dw08,dw00;dw01;dw02;dw03;dw04;dw05;dw06;dw07;dw08,dw08,125,1,2026-08-27T12:49:35.150+0200,dw06,0789,74,2167,104,159,2161,-2.47,762
ground-height-0m-20260825-163632,d022m_r180_run01.csv,0,22,180,dw00;dw01;dw02;dw03;dw04;dw05;dw06;dw07;dw08,dw00;dw01;dw02;dw03;dw04;dw05;dw06;dw07;dw08,dw08,105,1,2026-08-27T12:49:35.159+0200,dw05,4B92,105,2172,55,-504,2112,3.09,6042
ground-height-0m-20260825-163632,d022m_r180_run01.csv,0,22,180,dw00;dw01;dw02;dw03;dw04;dw05;dw06;dw07;dw08,dw00;dw01;dw02;dw03;dw04;dw05;dw06;dw07;dw08,dw08,90,1,2026-08-27T12:49:35.211+0200,dw04,0F85,105,2161,-1,-1259,1756,2.95,62225
ground-height-0m-20260825-163632,d022m_r180_run01.csv,0,22,180,dw00;dw01;dw02;dw03;dw04;dw05;dw06;dw07;dw08,dw00;dw01;dw02;dw03;dw04;dw05;dw06;dw07;dw08,dw08,75,1,2026-08-27T12:49:35.260+0200,dw03,021B,106,2159,-38,-1746,1270,1.87,12329
ground-height-0m-20260825-163632,d022m_r180_run01.csv,0,22,180,dw00;dw01;dw02;dw03;dw04;dw05;dw06;dw07;dw08,dw00;dw01;dw02;dw03;dw04;dw05;dw06;dw07;dw08,dw08,15,1,2026-08-27T12:49:35.281+0200,dw00,8103,95,2177,-149,1573,1506,1.87,32348
ground-height-0m-20260825-163632,d022m_r180_run01.csv,0,22,180,dw00;dw01;dw02;dw03;dw04;dw05;dw06;dw07;dw08,dw00;dw01;dw02;dw03;dw04;dw05;dw06;dw07;dw08,dw08,55,1,2026-08-27T12:49:35.301+0200,dw02,8FB0,106,2165,-87,2165,0,3.27,52368
ground-height-0m-20260825-163632,d022m_r180_run01.csv,0,22,180,dw00;dw01;dw02;dw03;dw04;dw05;dw06;dw07;dw08,dw00;dw01;dw02;dw03;dw04;dw05;dw06;dw07;dw08,dw08,145,1,2026-08-27T12:49:35.340+0200,dw07,5783,71,2169,151,784,2022,2.38,2147483
ground-height-0m-20260825-163632,d022m_r180_run01.csv,0,22,180,dw00;dw01;dw02;dw03;dw04;dw05;dw06;dw07;dw08,dw00;dw01;dw02;dw03;dw04;dw05;dw06;dw07;dw08,dw08,90,1,2026-08-27T12:49:35.411+0200,dw04,0F85,106,2161,0,-1224,1781,3.06,62255
ground-height-0m-20260825-163632,d022m_r180_run01.csv,0,22,180,dw00;dw01;dw02;dw03;dw04;dw05;dw06;dw07;dw08,dw00;dw01;dw02;dw03;dw04;dw05;dw06;dw07;dw08,dw08,105,1,2026-08-27T12:49:35.421+0200,dw05,4B92,106,2172,51,-549,2101,3.01,72265
ground-height-0m-20260825-163632,d022m_r180_run01.csv,0,22,180,dw00;dw01;dw02;dw03;dw04;dw05;dw06;dw07;dw08,dw00;dw01;dw02;dw03;dw04;dw05;dw06;dw07;dw08,dw08,125,1,2026-08-27T12:49:35.430+0200,dw06,0789,75,2168,105,172,2161,-2.47,82244
ground-height-0m-20260825-163632,d022m_r180_run01.csv,0,22,180,dw00;dw01;dw02;dw03;dw04;dw05;dw06;dw07;dw08,dw00;dw01;dw02;dw03;dw04;dw05;dw06;dw07;dw08,dw08,75,1,2026-08-27T12:49:35.461+0200,dw03,021B,107,2157,-51,-1921,982,1.99,12298
ground-height-0m-20260825-163632,d022m_r180_run01.csv,0,22,180,dw00;dw01;dw02;dw03;dw04;dw05;dw06;dw07;dw08,dw00;dw01;dw02;dw03;dw04;dw05;dw06;dw07;dw08,dw08,15,1,2026-08-27T12:49:35.480+0200,dw00,8103,96,2176,-154,1506,1571,1.93,32257
ground-height-0m-20260825-163632,d022m_r180_run01.csv,0,22,180,dw00;dw01;dw02;dw03;dw04;dw05;dw06;dw07;dw08,dw00;dw01;dw02;dw03;dw04;dw05;dw06;dw07;dw08,dw08,55,1,2026-08-27T12:49:35.501+0200,dw02,8FB0,107,2164,-89,2164,0,3.21,52276
ground-height-0m-20260825-163632,d022m_r180_run01.csv,0,22,180,dw00;dw01;dw02;dw03;dw04;dw05;dw06;dw07;dw08,dw00;dw01;dw02;dw03;dw04;dw05;dw06;dw07;dw08,dw08,90,1,2026-08-27T12:49:35.610+0200,dw04,0F85,107,2163,6,-1147,1834,3.06,62225
ground-height-0m-20260825-163632,d022m_r180_run01.csv,0,22,180,dw00;dw01;dw02;dw03;dw04;dw05;dw06;dw07;dw08,dw00;dw01;dw02;dw03;dw04;dw05;dw06;dw07;dw08,dw08,105,1,2026-08-27T12:49:35.621+0200,dw05,4B92,107,2171,49,-577,2093,3.15,72235
ground-height-0m-20260825-163632,d022m_r180_run01.csv,0,22,180,dw00;dw01;dw02;dw03;dw04;dw05;dw06;dw07;dw08,dw00;dw01;dw02;dw03;dw04;dw05;dw06;dw07;dw08,dw08,125,1,2026-08-27T12:49:35.630+0200,dw06,0789,76,2166,97,66,2165,-2.47,82305
ground-height-0m-20260825-163632,d022m_r180_run01.csv,0,22,180,dw00;dw01;dw02;dw03;dw04;dw05;dw06;dw07;dw08,dw00;dw01;dw02;dw03;dw04;dw05;dw06;dw07;dw08,dw08,75,1,2026-08-27T12:49:35.661+0200,dw03,021B,108,2162,-43,-1821,1165,1.93,12298
ground-height-0m-20260825-163632,d022m_r180_run01.csv,0,22,180,dw00;dw01;dw02;dw03;dw04;dw05;dw06;dw07;dw08,dw00;dw01;dw02;dw03;dw04;dw05;dw06;dw07;dw08,dw08,15,1,2026-08-27T12:49:35.680+0200,dw00,8103,97,2179,-159,1444,1632,1.93,32287
ground-height-0m-20260825-163632,d022m_r180_run01.csv,0,22,180,dw00;dw01;dw02;dw03;dw04;dw05;dw06;dw07;dw08,dw00;dw01;dw02;dw03;dw04;dw05;dw06;dw07;dw08,dw08,55,1,2026-08-27T12:49:35.700+0200,dw02,8FB0,108,2168,-101,2168,0,3.21,52337
ground-height-0m-20260825-163632,d022m_r180_run01.csv,0,22,180,dw00;dw01;dw02;dw03;dw04;dw05;dw06;dw07;dw08,dw00;dw01;dw02;dw03;dw04;dw05;dw06;dw07;dw08,dw08,145,1,2026-08-27T12:49:35.740+0200,dw07,5783,73,2165,135,567,2090,2.38,2147483
ground-height-0m-20260825-163632,d022m_r180_run01.csv,0,22,180,dw00;dw01;dw02;dw03;dw04;dw05;dw06;dw07;dw08,dw00;dw01;dw02;dw03;dw04;dw05;dw06;dw07;dw08,dw08,90,1,2026-08-27T12:49:35.810+0200,dw04,0F85,108,2164,3,-1195,1804,3.01,62225
ground-height-0m-20260825-163632,d022m_r180_run01.csv,0,22,180,dw00;dw01;dw02;dw03;dw04;dw05;dw06;dw07;dw08,dw00;dw01;dw02;dw03;dw04;dw05;dw06;dw07;dw08,dw08,105,1,2026-08-27T12:49:35.820+0200,dw05,4B92,108,2173,55,-505,2114,3.01,72235
ground-height-0m-20260825-163632,d022m_r180_run01.csv,0,22,180,dw00;dw01;dw02;dw03;dw04;dw05;dw06;dw07;dw08,dw00;dw01;dw02;dw03;dw04;dw05;dw06;dw07;dw08,dw08,125,1,2026-08-27T12:49:35.831+0200,dw06,0789,77,2167,107,199,2157,-2.59,82244
ground-height-0m-20260825-163632,d022m_r180_run01.csv,0,22,180,dw00;dw01;dw02;dw03;dw04;dw05;dw06;dw07;dw08,dw00;dw01;dw02;dw03;dw04;dw05;dw06;dw07;dw08,dw08,75,1,2026-08-27T12:49:35.861+0200,dw03,021B,109,2162,-42,-1809,1183,1.87,12298
ground-height-0m-20260825-163632,d022m_r180_run01.csv,0,22,180,dw00;dw01;dw02;dw03;dw04;dw05;dw06;dw07;dw08,dw00;dw01;dw02;dw03;dw04;dw05;dw06;dw07;dw08,dw08,15,1,2026-08-27T12:49:35.881+0200,dw00,8103,98,2178,-164,1379,1686,1.87,32318
ground-height-0m-20260825-163632,d022m_r180_run01.csv,0,22,180,dw00;dw01;dw02;dw03;dw04;dw05;dw06;dw07;dw08,dw00;dw01;dw02;dw03;dw04;dw05;dw06;dw07;dw08,dw08,55,1,2026-08-27T12:49:35.901+0200,dw02,8FB0,109,2167,-104,2167,0,3.15,52307
ground-height-0m-20260825-163632,d022m_r180_run01.csv,0,22,180,dw00;dw01;dw02;dw03;dw04;dw05;dw06;dw07;dw08,dw00;dw01;dw02;dw03;dw04;dw05;dw06;dw07;dw08,dw08,35,1,2026-08-27T12:49:35.907+0200,dw01,1729,19,2173,-54,-1975,905,1.99,58227
ground-height-0m-20260825-163632,d022m_r180_run01.csv,0,22,180,dw00;dw01;dw02;dw03;dw04;dw05;dw06;dw07;dw08,dw00;dw01;dw02;dw03;dw04;dw05;dw06;dw07;dw08,dw08,145,1,2026-08-27T12:49:35.941+0200,dw07,5783,74,2165,131,514,2103,2.38,2147483
ground-height-0m-20260825-163632,d022m_r180_run01.csv,0,22,180,dw00;dw01;dw02;dw03;dw04;dw05;dw06;dw07;dw08,dw00;dw01;dw02;dw03;dw04;dw05;dw06;dw07;dw08,dw08,90,1,2026-08-27T12:49:36.011+0200,dw04,0F85,109,2166,1,-1224,1786,3.06,62194
ground-height-0m-20260825-163632,d022m_r180_run01.csv,0,22,180,dw00;dw01;dw02;dw03;dw04;dw05;dw06;dw07;dw08,dw00;dw01;dw02;dw03;dw04;dw05;dw06;dw07;dw08,dw08,105,1,2026-08-27T12:49:36.021+0200,dw05,4B92,109,2171,48,-591,2089,3.01,72265
ground-height-0m-20260825-163632,d022m_r180_run01.csv,0,22,180,dw00;dw01;dw02;dw03;dw04;dw05;dw06;dw07;dw08,dw00;dw01;dw02;dw03;dw04;dw05;dw06;dw07;dw08,dw08,125,1,2026-08-27T12:49:36.031+0200,dw06,0789,78,2168,92,-1,2168,-2.35,82305
ground-height-0m-20260825-163632,d022m_r180_run01.csv,0,22,180,dw00;dw01;dw02;dw03;dw04;dw05;dw06;dw07;dw08,dw00;dw01;dw02;dw03;dw04;dw05;dw06;dw07;dw08,dw08,75,1,2026-08-27T12:49:36.061+0200,dw03,021B,110,2161,-47,-1867,1087,1.93,12298
ground-height-0m-20260825-163632,d022m_r180_run01.csv,0,22,180,dw00;dw01;dw02;dw03;dw04;dw05;dw06;dw07;dw08,dw00;dw01;dw02;dw03;dw04;dw05;dw06;dw07;dw08,dw08,15,1,2026-08-27T12:49:36.080+0200,dw00,8103,99,2177,-162,1397,1670,1.87,32287
ground-height-0m-20260825-163632,d022m_r180_run01.csv,0,22,180,dw00;dw01;dw02;dw03;dw04;dw05;dw06;dw07;dw08,dw00;dw01;dw02;dw03;dw04;dw05;dw06;dw07;dw08,dw08,55,1,2026-08-27T12:49:36.101+0200,dw02,8FB0,110,2168,-100,2168,0,3.27,52307
ground-height-0m-20260825-163632,d022m_r180_run01.csv,0,22,180,dw00;dw01;dw02;dw03;dw04;dw05;dw06;dw07;dw08,dw00;dw01;dw02;dw03;dw04;dw05;dw06;dw07;dw08,dw08,145,1,2026-08-27T12:49:36.141+0200,dw07,5783,75,2168,129,483,2113,2.38,2147483
ground-height-0m-20260825-163632,d022m_r180_run01.csv,0,22,180,dw00;dw01;dw02;dw03;dw04;dw05;dw06;dw07;dw08,dw00;dw01;dw02;dw03;dw04;dw05;dw06;dw07;dw08,dw08,90,1,2026-08-27T12:49:36.212+0200,dw04,0F85,110,2164,1,-1221,1787,3.01,62286
ground-height-0m-20260825-163632,d022m_r180_run01.csv,0,22,180,dw00;dw01;dw02;dw03;dw04;dw05;dw06;dw07;dw08,dw00;dw01;dw02;dw03;dw04;dw05;dw06;dw07;dw08,dw08,105,1,2026-08-27T12:49:36.221+0200,dw05,4B92,110,2173,49,-580,2094,3.06,72235
ground-height-0m-20260825-163632,d022m_r180_run01.csv,0,22,180,dw00;dw01;dw02;dw03;dw04;dw05;dw06;dw07;dw08,dw00;dw01;dw02;dw03;dw04;dw05;dw06;dw07;dw08,dw08,125,1,2026-08-27T12:49:36.231+0200,dw06,0789,79,2165,92,-7,2165,-2.47,82275
ground-height-0m-20260825-163632,d022m_r180_run01.csv,0,22,180,dw00;dw01;dw02;dw03;dw04;dw05;dw06;dw07;dw08,dw00;dw01;dw02;dw03;dw04;dw05;dw06;dw07;dw08,dw08,75,1,2026-08-27T12:49:36.261+0200,dw03,021B,111,2161,-40,-1781,1223,1.93,12298
ground-height-0m-20260825-163632,d022m_r180_run01.csv,0,22,180,dw00;dw01;dw02;dw03;dw04;dw05;dw06;dw07;dw08,dw00;dw01;dw02;dw03;dw04;dw05;dw06;dw07;dw08,dw08,15,1,2026-08-27T12:49:36.281+0200,dw00,8103,100,2181,-163,1393,1678,1.87,32257
ground-height-0m-20260825-163632,d022m_r180_run01.csv,0,22,180,dw00;dw01;dw02;dw03;dw04;dw05;dw06;dw07;dw08,dw00;dw01;dw02;dw03;dw04;dw05;dw06;dw07;dw08,dw08,55,1,2026-08-27T12:49:36.301+0200,dw02,8FB0,111,2163,-103,2163,0,3.15,52337
ground-height-0m-20260825-163632,d022m_r180_run01.csv,0,22,180,dw00;dw01;dw02;dw03;dw04;dw05;dw06;dw07;dw08,dw00;dw01;dw02;dw03;dw04;dw05;dw06;dw07;dw08,dw08,145,1,2026-08-27T12:49:36.341+0200,dw07,5783,76,2158,127,459,2108,2.32,2147483
ground-height-0m-20260825-163632,d022m_r180_run01.csv,0,22,180,dw00;dw01;dw02;dw03;dw04;dw05;dw06;dw07;dw08,dw00;dw01;dw02;dw03;dw04;dw05;dw06;dw07;dw08,dw08,90,1,2026-08-27T12:49:36.411+0200,dw04,0F85,111,2164,2,-1208,1796,3.01,62255
ground-height-0m-20260825-163632,d022m_r180_run01.csv,0,22,180,dw00;dw01;dw02;dw03;dw04;dw05;dw06;dw07;dw08,dw00;dw01;dw02;dw03;dw04;dw05;dw06;dw07;dw08,dw08,105,1,2026-08-27T12:49:36.422+0200,dw05,4B92,111,2170,48,-590,2088,3.06,72265
ground-height-0m-20260825-163632,d022m_r180_run01.csv,0,22,180,dw00;dw01;dw02;dw03;dw04;dw05;dw06;dw07;dw08,dw00;dw01;dw02;dw03;dw04;dw05;dw06;dw07;dw08,dw08,125,1,2026-08-27T12:49:36.431+0200,dw06,0789,80,2162,109,215,2151,-2.47,82275
ground-height-0m-20260825-163632,d022m_r180_run01.csv,0,22,180,dw00;dw01;dw02;dw03;dw04;dw05;dw06;dw07;dw08,dw00;dw01;dw02;dw03;dw04;dw05;dw06;dw07;dw08,dw08,75,1,2026-08-27T12:49:36.461+0200,dw03,021B,112,2160,-42,-1800,1194,1.93,12298
ground-height-0m-20260825-163632,d022m_r180_run01.csv,0,22,180,dw00;dw01;dw02;dw03;dw04;dw05;dw06;dw07;dw08,dw00;dw01;dw02;dw03;dw04;dw05;dw06;dw07;dw08,dw08,15,1,2026-08-27T12:49:36.481+0200,dw00,8103,101,2180,-164,1374,1692,1.81,32348
ground-height-0m-20260825-163632,d022m_r180_run01.csv,0,22,180,dw00;dw01;dw02;dw03;dw04;dw05;dw06;dw07;dw08,dw00;dw01;dw02;dw03;dw04;dw05;dw06;dw07;dw08,dw08,55,1,2026-08-27T12:49:36.500+0200,dw02,8FB0,112,2168,-100,2168,0,3.21,52307
ground-height-0m-20260825-163632,d022m_r180_run01.csv,0,22,180,dw00;dw01;dw02;dw03;dw04;dw05;dw06;dw07;dw08,dw00;dw01;dw02;dw03;dw04;dw05;dw06;dw07;dw08,dw08,145,1,2026-08-27T12:49:36.540+0200,dw07,5783,77,2162,132,524,2098,2.32,2147483
ground-height-0m-20260825-163632,d022m_r180_run01.csv,0,22,180,dw00;dw01;dw02;dw03;dw04;dw05;dw06;dw07;dw08,dw00;dw01;dw02;dw03;dw04;dw05;dw06;dw07;dw08,dw08,90,1,2026-08-27T12:49:36.611+0200,dw04,0F85,112,2161,-4,-1295,1730,2.95,62194
ground-height-0m-20260825-163632,d022m_r180_run01.csv,0,22,180,dw00;dw01;dw02;dw03;dw04;dw05;dw06;dw07;dw08,dw00;dw01;dw02;dw03;dw04;dw05;dw06;dw07;dw08,dw08,105,1,2026-08-27T12:49:36.620+0200,dw05,4B92,112,2171,43,-659,2068,3.01,72235
ground-height-0m-20260825-163632,d022m_r180_run01.csv,0,22,180,dw00;dw01;dw02;dw03;dw04;dw05;dw06;dw07;dw08,dw00;dw01;dw02;dw03;dw04;dw05;dw06;dw07;dw08,dw08,125,1,2026-08-27T12:49:36.631+0200,dw06,0789,81,2165,105,167,2158,-2.59,82275
ground-height-0m-20260825-163632,d022m_r180_run01.csv,0,22,180,dw00;dw01;dw02;dw03;dw04;dw05;dw06;dw07;dw08,dw00;dw01;dw02;dw03;dw04;dw05;dw06;dw07;dw08,dw08,75,1,2026-08-27T12:49:36.660+0200,dw03,021B,113,2159,-42,-1796,1198,1.81,12298
ground-height-0m-20260825-163632,d022m_r180_run01.csv,0,22,180,dw00;dw01;dw02;dw03;dw04;dw05;dw06;dw07;dw08,dw00;dw01;dw02;dw03;dw04;dw05;dw06;dw07;dw08,dw08,15,1,2026-08-27T12:49:36.681+0200,dw00,8103,102,2177,-163,1393,1673,1.87,32318
ground-height-0m-20260825-163632,d022m_r180_run01.csv,0,22,180,dw00;dw01;dw02;dw03;dw04;dw05;dw06;dw07;dw08,dw00;dw01;dw02;dw03;dw04;dw05;dw06;dw07;dw08,dw08,55,1,2026-08-27T12:49:36.701+0200,dw02,8FB0,113,2166,-91,2166,0,3.27,52307
ground-height-0m-20260825-163632,d022m_r180_run01.csv,0,22,180,dw00;dw01;dw02;dw03;dw04;dw05;dw06;dw07;dw08,dw00;dw01;dw02;dw03;dw04;dw05;dw06;dw07;dw08,dw08,145,1,2026-08-27T12:49:36.741+0200,dw07,5783,78,2161,146,719,2037,2.26,2147483
ground-height-0m-20260825-163632,d022m_r180_run01.csv,0,22,180,dw00;dw01;dw02;dw03;dw04;dw05;dw06;dw07;dw08,dw00;dw01;dw02;dw03;dw04;dw05;dw06;dw07;dw08,dw08,90,1,2026-08-27T12:49:36.811+0200,dw04,0F85,113,2166,6,-1154,1832,2.89,62255
ground-height-0m-20260825-163632,d022m_r180_run01.csv,0,22,180,dw00;dw01;dw02;dw03;dw04;dw05;dw06;dw07;dw08,dw00;dw01;dw02;dw03;dw04;dw05;dw06;dw07;dw08,dw08,105,1,2026-08-27T12:49:36.821+0200,dw05,4B92,113,2174,46,-614,2085,2.95,72235
ground-height-0m-20260825-163632,d022m_r180_run01.csv,0,22,180,dw00;dw01;dw02;dw03;dw04;dw05;dw06;dw07;dw08,dw00;dw01;dw02;dw03;dw04;dw05;dw06;dw07;dw08,dw08,125,1,2026-08-27T12:49:36.830+0200,dw06,0789,82,2167,107,193,2158,-2.59,82275
ground-height-0m-20260825-163632,d022m_r180_run01.csv,0,22,180,dw00;dw01;dw02;dw03;dw04;dw05;dw06;dw07;dw08,dw00;dw01;dw02;dw03;dw04;dw05;dw06;dw07;dw08,dw08,75,1,2026-08-27T12:49:36.861+0200,dw03,021B,114,2159,-43,-1813,1173,1.87,12298
ground-height-0m-20260825-163632,d022m_r180_run01.csv,0,22,180,dw00;dw01;dw02;dw03;dw04;dw05;dw06;dw07;dw08,dw00;dw01;dw02;dw03;dw04;dw05;dw06;dw07;dw08,dw08,15,1,2026-08-27T12:49:36.880+0200,dw00,8103,103,2179,-147,1599,1479,1.93,32287
ground-height-0m-20260825-163632,d022m_r180_run01.csv,0,22,180,dw00;dw01;dw02;dw03;dw04;dw05;dw06;dw07;dw08,dw00;dw01;dw02;dw03;dw04;dw05;dw06;dw07;dw08,dw08,55,1,2026-08-27T12:49:36.901+0200,dw02,8FB0,114,2169,-88,2169,0,3.27,52307
ground-height-0m-20260825-163632,d022m_r180_run01.csv,0,22,180,dw00;dw01;dw02;dw03;dw04;dw05;dw06;dw07;dw08,dw00;dw01;dw02;dw03;dw04;dw05;dw06;dw07;dw08,dw08,145,1,2026-08-27T12:49:36.941+0200,dw07,5783,79,2165,144,686,2054,2.20,2147483
ground-height-0m-20260825-163632,d022m_r180_run01.csv,0,22,180,dw00;dw01;dw02;dw03;dw04;dw05;dw06;dw07;dw08,dw00;dw01;dw02;dw03;dw04;dw05;dw06;dw07;dw08,dw08,90,1,2026-08-27T12:49:37.010+0200,dw04,0F85,114,2162,0,-1236,1774,2.89,62225
ground-height-0m-20260825-163632,d022m_r180_run01.csv,0,22,180,dw00;dw01;dw02;dw03;dw04;dw05;dw06;dw07;dw08,dw00;dw01;dw02;dw03;dw04;dw05;dw06;dw07;dw08,dw08,105,1,2026-08-27T12:49:37.021+0200,dw05,4B92,114,2168,50,-572,2091,3.09,72265
ground-height-0m-20260825-163632,d022m_r180_run01.csv,0,22,180,dw00;dw01;dw02;dw03;dw04;dw05;dw06;dw07;dw08,dw00;dw01;dw02;dw03;dw04;dw05;dw06;dw07;dw08,dw08,125,1,2026-08-27T12:49:37.031+0200,dw06,0789,83,2170,99,86,2169,-2.59,82275
ground-height-0m-20260825-163632,d022m_r180_run01.csv,0,22,180,dw00;dw01;dw02;dw03;dw04;dw05;dw06;dw07;dw08,dw00;dw01;dw02;dw03;dw04;dw05;dw06;dw07;dw08,dw08,75,1,2026-08-27T12:49:37.061+0200,dw03,021B,115,2162,-41,-1788,1214,1.87,12298
ground-height-0m-20260825-163632,d022m_r180_run01.csv,0,22,180,dw00;dw01;dw02;dw03;dw04;dw05;dw06;dw07;dw08,dw00;dw01;dw02;dw03;dw04;dw05;dw06;dw07;dw08,dw08,15,1,2026-08-27T12:49:37.080+0200,dw00,8103,104,2182,-153,1526,1559,1.93,32287
ground-height-0m-20260825-163632,d022m_r180_run01.csv,0,22,180,dw00;dw01;dw02;dw03;dw04;dw05;dw06;dw07;dw08,dw00;dw01;dw02;dw03;dw04;dw05;dw06;dw07;dw08,dw08,55,1,2026-08-27T12:49:37.101+0200,dw02,8FB0,115,2166,-96,2166,0,3.15,52307
ground-height-0m-20260825-163632,d022m_r180_run01.csv,0,22,180,dw00;dw01;dw02;dw03;dw04;dw05;dw06;dw07;dw08,dw00;dw01;dw02;dw03;dw04;dw05;dw06;dw07;dw08,dw08,145,1,2026-08-27T12:49:37.141+0200,dw07,5783,80,2169,142,660,2066,2.38,2147483
ground-height-0m-20260825-163632,d022m_r180_run01.csv,0,22,180,dw00;dw01;dw02;dw03;dw04;dw05;dw06;dw07;dw08,dw00;dw01;dw02;dw03;dw04;dw05;dw06;dw07;dw08,dw08,90,1,2026-08-27T12:49:37.210+0200,dw04,0F85,115,2163,1,-1220,1786,2.95,62225
ground-height-0m-20260825-163632,d022m_r180_run01.csv,0,22,180,dw00;dw01;dw02;dw03;dw04;dw05;dw06;dw07;dw08,dw00;dw01;dw02;dw03;dw04;dw05;dw06;dw07;dw08,dw08,105,1,2026-08-27T12:49:37.221+0200,dw05,4B92,115,2169,47,-606,2082,3.06,72235
ground-height-0m-20260825-163632,d022m_r180_run01.csv,0,22,180,dw00;dw01;dw02;dw03;dw04;dw05;dw06;dw07;dw08,dw00;dw01;dw02;dw03;dw04;dw05;dw06;dw07;dw08,dw08,125,1,2026-08-27T12:49:37.231+0200,dw06,0789,84,2165,101,111,2162,-2.47,82275
ground-height-0m-20260825-163632,d022m_r180_run01.csv,0,22,180,dw00;dw01;dw02;dw03;dw04;dw05;dw06;dw07;dw08,dw00;dw01;dw02;dw03;dw04;dw05;dw06;dw07;dw08,dw08,75,1,2026-08-27T12:49:37.261+0200,dw03,021B,116,2162,-39,-1760,1257,1.81,12329
ground-height-0m-20260825-163632,d022m_r180_run01.csv,0,22,180,dw00;dw01;dw02;dw03;dw04;dw05;dw06;dw07;dw08,dw00;dw01;dw02;dw03;dw04;dw05;dw06;dw07;dw08,dw08,15,1,2026-08-27T12:49:37.281+0200,dw00,8103,105,2176,-161,1411,1657,1.99,32287
ground-height-0m-20260825-163632,d022m_r180_run01.csv,0,22,180,dw00;dw01;dw02;dw03;dw04;dw05;dw06;dw07;dw08,dw00;dw01;dw02;dw03;dw04;dw05;dw06;dw07;dw08,dw08,55,1,2026-08-27T12:49:37.300+0200,dw02,8FB0,116,2164,-99,2164,0,3.21,52337
ground-height-0m-20260825-163632,d022m_r180_run01.csv,0,22,180,dw00;dw01;dw02;dw03;dw04;dw05;dw06;dw07;dw08,dw00;dw01;dw02;dw03;dw04;dw05;dw06;dw07;dw08,dw08,145,1,2026-08-27T12:49:37.340+0200,dw07,5783,81,2169,144,685,2057,2.26,2147483
ground-height-0m-20260825-163632,d022m_r180_run01.csv,0,22,180,dw00;dw01;dw02;dw03;dw04;dw05;dw06;dw07;dw08,dw00;dw01;dw02;dw03;dw04;dw05;dw06;dw07;dw08,dw08,90,1,2026-08-27T12:49:37.410+0200,dw04,0F85,116,2166,1,-1221,1789,2.95,62225
ground-height-0m-20260825-163632,d022m_r180_run01.csv,0,22,180,dw00;dw01;dw02;dw03;dw04;dw05;dw06;dw07;dw08,dw00;dw01;dw02;dw03;dw04;dw05;dw06;dw07;dw08,dw08,105,1,2026-08-27T12:49:37.420+0200,dw05,4B92,116,2172,53,-524,2108,3.01,72235
ground-height-0m-20260825-163632,d022m_r180_run01.csv,0,22,180,dw00;dw01;dw02;dw03;dw04;dw05;dw06;dw07;dw08,dw00;dw01;dw02;dw03;dw04;dw05;dw06;dw07;dw08,dw08,125,1,2026-08-27T12:49:37.431+0200,dw06,0789,85,2167,104,161,2161,-2.47,82275
ground-height-0m-20260825-163632,d022m_r180_run01.csv,0,22,180,dw00;dw01;dw02;dw03;dw04;dw05;dw06;dw07;dw08,dw00;dw01;dw02;dw03;dw04;dw05;dw06;dw07;dw08,dw08,75,1,2026-08-27T12:49:37.460+0200,dw03,021B,117,2157,-46,-1849,1112,1.87,12298
ground-height-0m-20260825-163632,d022m_r180_run01.csv,0,22,180,dw00;dw01;dw02;dw03;dw04;dw05;dw06;dw07;dw08,dw00;dw01;dw02;dw03;dw04;dw05;dw06;dw07;dw08,dw08,15,1,2026-08-27T12:49:37.481+0200,dw00,8103,106,2174,-159,1441,1627,1.87,32287
ground-height-0m-20260825-163632,d022m_r180_run01.csv,0,22,180,dw00;dw01;dw02;dw03;dw04;dw05;dw06;dw07;dw08,dw00;dw01;dw02;dw03;dw04;dw05;dw06;dw07;dw08,dw08,55,1,2026-08-27T12:49:37.500+0200,dw02,8FB0,117,2165,-98,2165,0,3.15,52307
ground-height-0m-20260825-163632,d022m_r180_run01.csv,0,22,180,dw00;dw01;dw02;dw03;dw04;dw05;dw06;dw07;dw08,dw00;dw01;dw02;dw03;dw04;dw05;dw06;dw07;dw08,dw08,90,1,2026-08-27T12:49:37.611+0200,dw04,0F85,117,2162,0,-1245,1767,2.95,62225
ground-height-0m-20260825-163632,d022m_r180_run01.csv,0,22,180,dw00;dw01;dw02;dw03;dw04;dw05;dw06;dw07;dw08,dw00;dw01;dw02;dw03;dw04;dw05;dw06;dw07;dw08,dw08,105,1,2026-08-27T12:49:37.620+0200,dw05,4B92,117,2170,52,-536,2103,2.95,72235
ground-height-0m-20260825-163632,d022m_r180_run01.csv,0,22,180,dw00;dw01;dw02;dw03;dw04;dw05;dw06;dw07;dw08,dw00;dw01;dw02;dw03;dw04;dw05;dw06;dw07;dw08,dw08,125,1,2026-08-27T12:49:37.630+0200,dw06,0789,86,2162,107,190,2154,-2.59,82275
ground-height-0m-20260825-163632,d022m_r180_run01.csv,0,22,180,dw00;dw01;dw02;dw03;dw04;dw05;dw06;dw07;dw08,dw00;dw01;dw02;dw03;dw04;dw05;dw06;dw07;dw08,dw08,75,1,2026-08-27T12:49:37.660+0200,dw03,021B,118,2160,-40,-1777,1228,1.87,12298
ground-height-0m-20260825-163632,d022m_r180_run01.csv,0,22,180,dw00;dw01;dw02;dw03;dw04;dw05;dw06;dw07;dw08,dw00;dw01;dw02;dw03;dw04;dw05;dw06;dw07;dw08,dw08,15,1,2026-08-27T12:49:37.681+0200,dw00,8103,107,2174,-167,1339,1713,1.87,32287
ground-height-0m-20260825-163632,d022m_r180_run01.csv,0,22,180,dw00;dw01;dw02;dw03;dw04;dw05;dw06;dw07;dw08,dw00;dw01;dw02;dw03;dw04;dw05;dw06;dw07;dw08,dw08,55,1,2026-08-27T12:49:37.700+0200,dw02,8FB0,118,2166,-94,2166,0,3.27,52337
ground-height-0m-20260825-163632,d022m_r180_run01.csv,0,22,180,dw00;dw01;dw02;dw03;dw04;dw05;dw06;dw07;dw08,dw00;dw01;dw02;dw03;dw04;dw05;dw06;dw07;dw08,dw08,145,1,2026-08-27T12:49:37.756+0200,dw07,5783,83,2162,119,350,2133,2.50,2147483
ground-height-0m-20260825-163632,d022m_r180_run01.csv,0,22,180,dw00;dw01;dw02;dw03;dw04;dw05;dw06;dw07;dw08,dw00;dw01;dw02;dw03;dw04;dw05;dw06;dw07;dw08,dw08,90,1,2026-08-27T12:49:37.811+0200,dw04,0F85,118,2167,3,-1188,1812,2.95,2147483
ground-height-0m-20260825-163632,d022m_r180_run01.csv,0,22,180,dw00;dw01;dw02;dw03;dw04;dw05;dw06;dw07;dw08,dw00;dw01;dw02;dw03;dw04;dw05;dw06;dw07;dw08,dw08,105,1,2026-08-27T12:49:37.820+0200,dw05,4B92,118,2171,45,-631,2078,3.01,2147483
ground-height-0m-20260825-163632,d022m_r180_run01.csv,0,22,180,dw00;dw01;dw02;dw03;dw04;dw05;dw06;dw07;dw08,dw00;dw01;dw02;dw03;dw04;dw05;dw06;dw07;dw08,dw08,125,1,2026-08-27T12:49:37.830+0200,dw06,0789,87,2168,102,130,2164,-2.53,2147483
ground-height-0m-20260825-163632,d022m_r180_run01.csv,0,22,180,dw00;dw01;dw02;dw03;dw04;dw05;dw06;dw07;dw08,dw00;dw01;dw02;dw03;dw04;dw05;dw06;dw07;dw08,dw08,75,1,2026-08-27T12:49:37.861+0200,dw03,021B,119,2161,-45,-1839,1135,1.99,12298
ground-height-0m-20260825-163632,d022m_r180_run01.csv,0,22,180,dw00;dw01;dw02;dw03;dw04;dw05;dw06;dw07;dw08,dw00;dw01;dw02;dw03;dw04;dw05;dw06;dw07;dw08,dw08,15,1,2026-08-27T12:49:37.880+0200,dw00,8103,108,2183,-166,1349,1716,1.81,32287
ground-height-0m-20260825-163632,d022m_r180_run01.csv,0,22,180,dw00;dw01;dw02;dw03;dw04;dw05;dw06;dw07;dw08,dw00;dw01;dw02;dw03;dw04;dw05;dw06;dw07;dw08,dw08,55,1,2026-08-27T12:49:37.901+0200,dw02,8FB0,119,2167,-88,2167,0,3.21,52337
ground-height-0m-20260825-163632,d022m_r180_run01.csv,0,22,180,dw00;dw01;dw02;dw03;dw04;dw05;dw06;dw07;dw08,dw00;dw01;dw02;dw03;dw04;dw05;dw06;dw07;dw08,dw08,90,1,2026-08-27T12:49:38.029+0200,dw04,0F85,119,2164,2,-1202,1800,3.01,80535
ground-height-0m-20260825-163632,d022m_r180_run01.csv,0,22,180,dw00;dw01;dw02;dw03;dw04;dw05;dw06;dw07;dw08,dw00;dw01;dw02;dw03;dw04;dw05;dw06;dw07;dw08,dw08,105,1,2026-08-27T12:49:38.038+0200,dw05,4B92,119,2172,53,-533,2105,3.09,90484
ground-height-0m-20260825-163632,d022m_r180_run01.csv,0,22,180,dw00;dw01;dw02;dw03;dw04;dw05;dw06;dw07;dw08,dw00;dw01;dw02;dw03;dw04;dw05;dw06;dw07;dw08,dw08,125,1,2026-08-27T12:49:38.049+0200,dw06,0789,88,2167,114,282,2149,-2.47,762
ground-height-0m-20260825-163632,d022m_r180_run01.csv,0,22,180,dw00;dw01;dw02;dw03;dw04;dw05;dw06;dw07;dw08,dw00;dw01;dw02;dw03;dw04;dw05;dw06;dw07;dw08,dw08,75,1,2026-08-27T12:49:38.060+0200,dw03,021B,120,2158,-48,-1878,1063,1.93,12298
ground-height-0m-20260825-163632,d022m_r180_run01.csv,0,22,180,dw00;dw01;dw02;dw03;dw04;dw05;dw06;dw07;dw08,dw00;dw01;dw02;dw03;dw04;dw05;dw06;dw07;dw08,dw08,15,1,2026-08-27T12:49:38.080+0200,dw00,8103,109,2174,-140,1695,1362,1.75,32287
ground-height-0m-20260825-163632,d022m_r180_run01.csv,0,22,180,dw00;dw01;dw02;dw03;dw04;dw05;dw06;dw07;dw08,dw00;dw01;dw02;dw03;dw04;dw05;dw06;dw07;dw08,dw08,55,1,2026-08-27T12:49:38.100+0200,dw02,8FB0,120,2168,-104,2163,146,3.21,52307
ground-height-0m-20260825-163632,d022m_r180_run01.csv,0,22,180,dw00;dw01;dw02;dw03;dw04;dw05;dw06;dw07;dw08,dw00;dw01;dw02;dw03;dw04;dw05;dw06;dw07;dw08,dw08,90,1,2026-08-27T12:49:38.210+0200,dw04,0F85,120,2164,6,-1157,1829,3.09,62255
ground-height-0m-20260825-163632,d022m_r180_run01.csv,0,22,180,dw00;dw01;dw02;dw03;dw04;dw05;dw06;dw07;dw08,dw00;dw01;dw02;dw03;dw04;dw05;dw06;dw07;dw08,dw08,105,1,2026-08-27T12:49:38.220+0200,dw05,4B92,120,2170,50,-572,2093,3.01,72265
ground-height-0m-20260825-163632,d022m_r180_run01.csv,0,22,180,dw00;dw01;dw02;dw03;dw04;dw05;dw06;dw07;dw08,dw00;dw01;dw02;dw03;dw04;dw05;dw06;dw07;dw08,dw08,145,1,2026-08-27T12:49:38.256+0200,dw07,5783,85,2165,138,602,2080,2.50,2147483
ground-height-0m-20260825-163632,d022m_r180_run01.csv,0,22,180,dw00;dw01;dw02;dw03;dw04;dw05;dw06;dw07;dw08,dw00;dw01;dw02;dw03;dw04;dw05;dw06;dw07;dw08,dw08,15,1,2026-08-27T12:49:38.280+0200,dw00,8103,110,2179,-159,1445,1631,1.81,2147483
ground-height-0m-20260825-163632,d022m_r180_run01.csv,0,22,180,dw00;dw01;dw02;dw03;dw04;dw05;dw06;dw07;dw08,dw00;dw01;dw02;dw03;dw04;dw05;dw06;dw07;dw08,dw08,55,1,2026-08-27T12:49:38.300+0200,dw02,8FB0,121,2163,-105,2158,153,3.21,2147483
ground-height-0m-20260825-163632,d022m_r180_run01.csv,0,22,180,dw00;dw01;dw02;dw03;dw04;dw05;dw06;dw07;dw08,dw00;dw01;dw02;dw03;dw04;dw05;dw06;dw07;dw08,dw08,125,1,2026-08-27T12:49:38.330+0200,dw06,0789,89,2167,95,37,2167,-2.47,2147483
ground-height-0m-20260825-163632,d022m_r180_run01.csv,0,22,180,dw00;dw01;dw02;dw03;dw04;dw05;dw06;dw07;dw08,dw00;dw01;dw02;dw03;dw04;dw05;dw06;dw07;dw08,dw08,90,1,2026-08-27T12:49:38.410+0200,dw04,0F85,121,2161,-1,-1263,1753,3.15,62225
ground-height-0m-20260825-163632,d022m_r180_run01.csv,0,22,180,dw00;dw01;dw02;dw03;dw04;dw05;dw06;dw07;dw08,dw00;dw01;dw02;dw03;dw04;dw05;dw06;dw07;dw08,dw08,105,1,2026-08-27T12:49:38.420+0200,dw05,4B92,121,2170,50,-566,2095,3.06,72235
ground-height-0m-20260825-163632,d022m_r180_run01.csv,0,22,180,dw00;dw01;dw02;dw03;dw04;dw05;dw06;dw07;dw08,dw00;dw01;dw02;dw03;dw04;dw05;dw06;dw07;dw08,dw08,75,1,2026-08-27T12:49:38.476+0200,dw03,021B,122,2160,-39,-1768,1241,2.08,27954
ground-height-0m-20260825-163632,d022m_r180_run01.csv,0,22,180,dw00;dw01;dw02;dw03;dw04;dw05;dw06;dw07;dw08,dw00;dw01;dw02;dw03;dw04;dw05;dw06;dw07;dw08,dw08,15,1,2026-08-27T12:49:38.498+0200,dw00,8103,111,2177,-149,1573,1504,1.99,50689
ground-height-0m-20260825-163632,d022m_r180_run01.csv,0,22,180,dw00;dw01;dw02;dw03;dw04;dw05;dw06;dw07;dw08,dw00;dw01;dw02;dw03;dw04;dw05;dw06;dw07;dw08,dw08,55,1,2026-08-27T12:49:38.519+0200,dw02,8FB0,122,2165,-91,2165,0,3.15,71014
ground-height-0m-20260825-163632,d022m_r180_run01.csv,0,22,180,dw00;dw01;dw02;dw03;dw04;dw05;dw06;dw07;dw08,dw00;dw01;dw02;dw03;dw04;dw05;dw06;dw07;dw08,dw08,145,1,2026-08-27T12:49:38.541+0200,dw07,5783,86,2162,152,799,2009,2.32,2147483
ground-height-0m-20260825-163632,d022m_r180_run01.csv,0,22,180,dw00;dw01;dw02;dw03;dw04;dw05;dw06;dw07;dw08,dw00;dw01;dw02;dw03;dw04;dw05;dw06;dw07;dw08,dw08,125,1,2026-08-27T12:49:38.549+0200,dw06,0789,90,2166,104,160,2160,-2.59,762
ground-height-0m-20260825-163632,d022m_r180_run01.csv,0,22,180,dw00;dw01;dw02;dw03;dw04;dw05;dw06;dw07;dw08,dw00;dw01;dw02;dw03;dw04;dw05;dw06;dw07;dw08,dw08,105,1,2026-08-27T12:49:38.620+0200,dw05,4B92,122,2170,49,-583,2091,3.06,72235
ground-height-0m-20260825-163632,d022m_r180_run01.csv,0,22,180,dw00;dw01;dw02;dw03;dw04;dw05;dw06;dw07;dw08,dw00;dw01;dw02;dw03;dw04;dw05;dw06;dw07;dw08,dw08,75,1,2026-08-27T12:49:38.660+0200,dw03,021B,123,2160,-47,-1872,1076,2.02,12329
ground-height-0m-20260825-163632,d022m_r180_run01.csv,0,22,180,dw00;dw01;dw02;dw03;dw04;dw05;dw06;dw07;dw08,dw00;dw01;dw02;dw03;dw04;dw05;dw06;dw07;dw08,dw08,15,1,2026-08-27T12:49:38.680+0200,dw00,8103,112,2174,-159,1435,1633,1.93,32348
ground-height-0m-20260825-163632,d022m_r180_run01.csv,0,22,180,dw00;dw01;dw02;dw03;dw04;dw05;dw06;dw07;dw08,dw00;dw01;dw02;dw03;dw04;dw05;dw06;dw07;dw08,dw08,55,1,2026-08-27T12:49:38.700+0200,dw02,8FB0,123,2169,-78,-2169,0,3.15,52337
ground-height-0m-20260825-163632,d022m_r180_run01.csv,0,22,180,dw00;dw01;dw02;dw03;dw04;dw05;dw06;dw07;dw08,dw00;dw01;dw02;dw03;dw04;dw05;dw06;dw07;dw08,dw08,145,1,2026-08-27T12:49:38.740+0200,dw07,5783,87,2168,128,472,2116,2.38,2147483
ground-height-0m-20260825-163632,d022m_r180_run01.csv,0,22,180,dw00;dw01;dw02;dw03;dw04;dw05;dw06;dw07;dw08,dw00;dw01;dw02;dw03;dw04;dw05;dw06;dw07;dw08,dw08,105,1,2026-08-27T12:49:38.821+0200,dw05,4B92,123,2170,48,-593,2087,3.15,72235
ground-height-0m-20260825-163632,d022m_r180_run01.csv,0,22,180,dw00;dw01;dw02;dw03;dw04;dw05;dw06;dw07;dw08,dw00;dw01;dw02;dw03;dw04;dw05;dw06;dw07;dw08,dw08,90,1,2026-08-27T12:49:38.830+0200,dw04,0F85,123,2162,0,-1224,1782,3.69,77758
ground-height-0m-20260825-163632,d022m_r180_run01.csv,0,22,180,dw00;dw01;dw02;dw03;dw04;dw05;dw06;dw07;dw08,dw00;dw01;dw02;dw03;dw04;dw05;dw06;dw07;dw08,dw08,75,1,2026-08-27T12:49:38.860+0200,dw03,021B,124,2160,-45,-1839,1132,2.02,12298
ground-height-0m-20260825-163632,d022m_r180_run01.csv,0,22,180,dw00;dw01;dw02;dw03;dw04;dw05;dw06;dw07;dw08,dw00;dw01;dw02;dw03;dw04;dw05;dw06;dw07;dw08,dw08,15,1,2026-08-27T12:49:38.880+0200,dw00,8103,113,2182,-169,1312,1743,1.87,32257
ground-height-0m-20260825-163632,d022m_r180_run01.csv,0,22,180,dw00;dw01;dw02;dw03;dw04;dw05;dw06;dw07;dw08,dw00;dw01;dw02;dw03;dw04;dw05;dw06;dw07;dw08,dw08,55,1,2026-08-27T12:49:38.900+0200,dw02,8FB0,124,2170,-89,2170,0,3.06,52307
ground-height-0m-20260825-163632,d022m_r180_run01.csv,0,22,180,dw00;dw01;dw02;dw03;dw04;dw05;dw06;dw07;dw08,dw00;dw01;dw02;dw03;dw04;dw05;dw06;dw07;dw08,dw08,145,1,2026-08-27T12:49:38.940+0200,dw07,5783,88,2162,143,679,2052,2.38,2147483
ground-height-0m-20260825-163632,d022m_r180_run01.csv,0,22,180,dw00;dw01;dw02;dw03;dw04;dw05;dw06;dw07;dw08,dw00;dw01;dw02;dw03;dw04;dw05;dw06;dw07;dw08,dw08,90,1,2026-08-27T12:49:39.010+0200,dw04,0F85,124,2166,-1,-1257,1764,3.33,62316
ground-height-0m-20260825-163632,d022m_r180_run01.csv,0,22,180,dw00;dw01;dw02;dw03;dw04;dw05;dw06;dw07;dw08,dw00;dw01;dw02;dw03;dw04;dw05;dw06;dw07;dw08,dw08,105,1,2026-08-27T12:49:39.020+0200,dw05,4B92,124,2172,50,-567,2097,3.06,72265
ground-height-0m-20260825-163632,d022m_r180_run01.csv,0,22,180,dw00;dw01;dw02;dw03;dw04;dw05;dw06;dw07;dw08,dw00;dw01;dw02;dw03;dw04;dw05;dw06;dw07;dw08,dw08,125,1,2026-08-27T12:49:39.046+0200,dw06,0789,92,2167,97,66,2166,-2.47,2147483
ground-height-0m-20260825-163632,d022m_r180_run01.csv,0,22,180,dw00;dw01;dw02;dw03;dw04;dw05;dw06;dw07;dw08,dw00;dw01;dw02;dw03;dw04;dw05;dw06;dw07;dw08,dw08,75,1,2026-08-27T12:49:39.060+0200,dw03,021B,125,2159,-37,-1738,1279,1.87,12298
ground-height-0m-20260825-163632,d022m_r180_run01.csv,0,22,180,dw00;dw01;dw02;dw03;dw04;dw05;dw06;dw07;dw08,dw00;dw01;dw02;dw03;dw04;dw05;dw06;dw07;dw08,dw08,15,1,2026-08-27T12:49:39.080+0200,dw00,8103,114,2178,-152,1542,1539,1.93,32257
ground-height-0m-20260825-163632,d022m_r180_run01.csv,0,22,180,dw00;dw01;dw02;dw03;dw04;dw05;dw06;dw07;dw08,dw00;dw01;dw02;dw03;dw04;dw05;dw06;dw07;dw08,dw08,55,1,2026-08-27T12:49:39.100+0200,dw02,8FB0,125,2167,-103,2167,0,3.21,52307
ground-height-0m-20260825-163632,d022m_r180_run01.csv,0,22,180,dw00;dw01;dw02;dw03;dw04;dw05;dw06;dw07;dw08,dw00;dw01;dw02;dw03;dw04;dw05;dw06;dw07;dw08,dw08,145,1,2026-08-27T12:49:39.140+0200,dw07,5783,89,2165,128,473,2113,2.32,2147483
ground-height-0m-20260825-163632,d022m_r180_run01.csv,0,22,180,dw00;dw01;dw02;dw03;dw04;dw05;dw06;dw07;dw08,dw00;dw01;dw02;dw03;dw04;dw05;dw06;dw07;dw08,dw08,90,1,2026-08-27T12:49:39.210+0200,dw04,0F85,125,2162,3,-1184,1808,3.15,62225
ground-height-0m-20260825-163632,d022m_r180_run01.csv,0,22,180,dw00;dw01;dw02;dw03;dw04;dw05;dw06;dw07;dw08,dw00;dw01;dw02;dw03;dw04;dw05;dw06;dw07;dw08,dw08,105,1,2026-08-27T12:49:39.220+0200,dw05,4B92,125,2169,49,-576,2091,3.06,72265
ground-height-0m-20260825-163632,d022m_r180_run01.csv,0,22,180,dw00;dw01;dw02;dw03;dw04;dw05;dw06;dw07;dw08,dw00;dw01;dw02;dw03;dw04;dw05;dw06;dw07;dw08,dw08,125,1,2026-08-27T12:49:39.230+0200,dw06,0789,93,2168,106,187,2160,-2.53,82336
ground-height-0m-20260825-163632,d022m_r180_run01.csv,0,22,180,dw00;dw01;dw02;dw03;dw04;dw05;dw06;dw07;dw08,dw00;dw01;dw02;dw03;dw04;dw05;dw06;dw07;dw08,dw08,75,1,2026-08-27T12:49:39.260+0200,dw03,021B,126,2158,-48,-1882,1056,1.99,12298
ground-height-0m-20260825-163632,d022m_r180_run01.csv,0,22,180,dw00;dw01;dw02;dw03;dw04;dw05;dw06;dw07;dw08,dw00;dw01;dw02;dw03;dw04;dw05;dw06;dw07;dw08,dw08,15,1,2026-08-27T12:49:39.279+0200,dw00,8103,115,2182,-155,1496,1588,1.93,32287
ground-height-0m-20260825-163632,d022m_r180_run01.csv,0,22,180,dw00;dw01;dw02;dw03;dw04;dw05;dw06;dw07;dw08,dw00;dw01;dw02;dw03;dw04;dw05;dw06;dw07;dw08,dw08,55,1,2026-08-27T12:49:39.300+0200,dw02,8FB0,126,2166,-99,2166,0,3.15,52307
ground-height-0m-20260825-163632,d022m_r180_run01.csv,0,22,180,dw00;dw01;dw02;dw03;dw04;dw05;dw06;dw07;dw08,dw00;dw01;dw02;dw03;dw04;dw05;dw06;dw07;dw08,dw08,145,1,2026-08-27T12:49:39.340+0200,dw07,5783,90,2162,135,569,2086,2.32,2147483
ground-height-0m-20260825-163632,d022m_r180_run01.csv,0,22,180,dw00;dw01;dw02;dw03;dw04;dw05;dw06;dw07;dw08,dw00;dw01;dw02;dw03;dw04;dw05;dw06;dw07;dw08,dw08,90,1,2026-08-27T12:49:39.409+0200,dw04,0F85,126,2165,0,-1235,1778,3.27,62225
ground-height-0m-20260825-163632,d022m_r180_run01.csv,0,22,180,dw00;dw01;dw02;dw03;dw04;dw05;dw06;dw07;dw08,dw00;dw01;dw02;dw03;dw04;dw05;dw06;dw07;dw08,dw08,105,1,2026-08-27T12:49:39.420+0200,dw05,4B92,126,2170,57,-472,2119,3.09,72265
ground-height-0m-20260825-163632,d022m_r180_run01.csv,0,22,180,dw00;dw01;dw02;dw03;dw04;dw05;dw06;dw07;dw08,dw00;dw01;dw02;dw03;dw04;dw05;dw06;dw07;dw08,dw08,125,1,2026-08-27T12:49:39.430+0200,dw06,0789,94,2169,103,135,2164,-2.59,82275
ground-height-0m-20260825-163632,d022m_r180_run01.csv,0,22,180,dw00;dw01;dw02;dw03;dw04;dw05;dw06;dw07;dw08,dw00;dw01;dw02;dw03;dw04;dw05;dw06;dw07;dw08,dw08,75,1,2026-08-27T12:49:39.460+0200,dw03,021B,127,2162,-46,-1859,1102,1.99,12298
ground-height-0m-20260825-163632,d022m_r180_run01.csv,0,22,180,dw00;dw01;dw02;dw03;dw04;dw05;dw06;dw07;dw08,dw00;dw01;dw02;dw03;dw04;dw05;dw06;dw07;dw08,dw08,15,1,2026-08-27T12:49:39.480+0200,dw00,8103,116,2177,-151,1554,1525,1.87,32287
ground-height-0m-20260825-163632,d022m_r180_run01.csv,0,22,180,dw00;dw01;dw02;dw03;dw04;dw05;dw06;dw07;dw08,dw00;dw01;dw02;dw03;dw04;dw05;dw06;dw07;dw08,dw08,55,1,2026-08-27T12:49:39.500+0200,dw02,8FB0,127,2166,-85,-2166,0,3.09,52337
ground-height-0m-20260825-163632,d022m_r180_run01.csv,0,22,180,dw00;dw01;dw02;dw03;dw04;dw05;dw06;dw07;dw08,dw00;dw01;dw02;dw03;dw04;dw05;dw06;dw07;dw08,dw08,145,1,2026-08-27T12:49:39.540+0200,dw07,5783,91,2163,140,633,2068,2.44,2147483
ground-height-0m-20260825-163632,d022m_r180_run01.csv,0,22,180,dw00;dw01;dw02;dw03;dw04;dw05;dw06;dw07;dw08,dw00;dw01;dw02;dw03;dw04;dw05;dw06;dw07;dw08,dw08,90,1,2026-08-27T12:49:39.609+0200,dw04,0F85,127,2163,-6,-1328,1707,3.21,62225
ground-height-0m-20260825-163632,d022m_r180_run01.csv,0,22,180,dw00;dw01;dw02;dw03;dw04;dw05;dw06;dw07;dw08,dw00;dw01;dw02;dw03;dw04;dw05;dw06;dw07;dw08,dw08,105,1,2026-08-27T12:49:39.620+0200,dw05,4B92,127,2173,44,-648,2074,3.06,72265
ground-height-0m-20260825-163632,d022m_r180_run01.csv,0,22,180,dw00;dw01;dw02;dw03;dw04;dw05;dw06;dw07;dw08,dw00;dw01;dw02;dw03;dw04;dw05;dw06;dw07;dw08,dw08,125,1,2026-08-27T12:49:39.630+0200,dw06,0789,95,2167,105,168,2161,-2.59,82275
ground-height-0m-20260825-163632,d022m_r180_run01.csv,0,22,180,dw00;dw01;dw02;dw03;dw04;dw05;dw06;dw07;dw08,dw00;dw01;dw02;dw03;dw04;dw05;dw06;dw07;dw08,dw08,75,1,2026-08-27T12:49:39.660+0200,dw03,021B,128,2162,-43,-1823,1162,1.93,12298
ground-height-0m-20260825-163632,d022m_r180_run01.csv,0,22,180,dw00;dw01;dw02;dw03;dw04;dw05;dw06;dw07;dw08,dw00;dw01;dw02;dw03;dw04;dw05;dw06;dw07;dw08,dw08,15,1,2026-08-27T12:49:39.680+0200,dw00,8103,117,2181,-168,1321,1735,1.87,32287
ground-height-0m-20260825-163632,d022m_r180_run01.csv,0,22,180,dw00;dw01;dw02;dw03;dw04;dw05;dw06;dw07;dw08,dw00;dw01;dw02;dw03;dw04;dw05;dw06;dw07;dw08,dw08,55,1,2026-08-27T12:49:39.699+0200,dw02,8FB0,128,2166,-87,2166,0,3.15,52337
ground-height-0m-20260825-163632,d022m_r180_run01.csv,0,22,180,dw00;dw01;dw02;dw03;dw04;dw05;dw06;dw07;dw08,dw00;dw01;dw02;dw03;dw04;dw05;dw06;dw07;dw08,dw08,90,1,2026-08-27T12:49:39.810+0200,dw04,0F85,128,2165,-4,-1293,1736,3.27,62225
ground-height-0m-20260825-163632,d022m_r180_run01.csv,0,22,180,dw00;dw01;dw02;dw03;dw04;dw05;dw06;dw07;dw08,dw00;dw01;dw02;dw03;dw04;dw05;dw06;dw07;dw08,dw08,105,1,2026-08-27T12:49:39.819+0200,dw05,4B92,128,2170,53,-530,2104,3.06,72296
ground-height-0m-20260825-163632,d022m_r180_run01.csv,0,22,180,dw00;dw01;dw02;dw03;dw04;dw05;dw06;dw07;dw08,dw00;dw01;dw02;dw03;dw04;dw05;dw06;dw07;dw08,dw08,125,1,2026-08-27T12:49:39.830+0200,dw06,0789,96,2167,99,85,2165,-2.59,82275
ground-height-0m-20260825-163632,d022m_r180_run01.csv,0,22,180,dw00;dw01;dw02;dw03;dw04;dw05;dw06;dw07;dw08,dw00;dw01;dw02;dw03;dw04;dw05;dw06;dw07;dw08,dw08,75,1,2026-08-27T12:49:39.859+0200,dw03,021B,129,2157,-42,-1805,1181,1.93,12329
ground-height-0m-20260825-163632,d022m_r180_run01.csv,0,22,180,dw00;dw01;dw02;dw03;dw04;dw05;dw06;dw07;dw08,dw00;dw01;dw02;dw03;dw04;dw05;dw06;dw07;dw08,dw08,15,1,2026-08-27T12:49:39.880+0200,dw00,8103,118,2181,-156,1485,1597,1.81,32318
ground-height-0m-20260825-163632,d022m_r180_run01.csv,0,22,180,dw00;dw01;dw02;dw03;dw04;dw05;dw06;dw07;dw08,dw00;dw01;dw02;dw03;dw04;dw05;dw06;dw07;dw08,dw08,55,1,2026-08-27T12:49:39.899+0200,dw02,8FB0,129,2167,-107,2132,386,3.15,52307
ground-height-0m-20260825-163632,d022m_r180_run01.csv,0,22,180,dw00;dw01;dw02;dw03;dw04;dw05;dw06;dw07;dw08,dw00;dw01;dw02;dw03;dw04;dw05;dw06;dw07;dw08,dw08,145,1,2026-08-27T12:49:39.955+0200,dw07,5783,93,2162,137,599,2077,2.50,2147483
ground-height-0m-20260825-163632,d022m_r180_run01.csv,0,22,180,dw00;dw01;dw02;dw03;dw04;dw05;dw06;dw07;dw08,dw00;dw01;dw02;dw03;dw04;dw05;dw06;dw07;dw08,dw08,90,1,2026-08-27T12:49:40.010+0200,dw04,0F85,129,2164,0,-1240,1774,3.33,2147483
ground-height-0m-20260825-163632,d022m_r180_run01.csv,0,22,180,dw00;dw01;dw02;dw03;dw04;dw05;dw06;dw07;dw08,dw00;dw01;dw02;dw03;dw04;dw05;dw06;dw07;dw08,dw08,105,1,2026-08-27T12:49:40.020+0200,dw05,4B92,129,2170,52,-543,2101,3.06,2147483
ground-height-0m-20260825-163632,d022m_r180_run01.csv,0,22,180,dw00;dw01;dw02;dw03;dw04;dw05;dw06;dw07;dw08,dw00;dw01;dw02;dw03;dw04;dw05;dw06;dw07;dw08,dw08,125,1,2026-08-27T12:49:40.029+0200,dw06,0789,97,2169,107,192,2160,-2.59,2147483
ground-height-0m-20260825-163632,d022m_r180_run01.csv,0,22,180,dw00;dw01;dw02;dw03;dw04;dw05;dw06;dw07;dw08,dw00;dw01;dw02;dw03;dw04;dw05;dw06;dw07;dw08,dw08,75,1,2026-08-27T12:49:40.060+0200,dw03,021B,130,2162,-52,-1934,965,1.81,12298
ground-height-0m-20260825-163632,d022m_r180_run01.csv,0,22,180,dw00;dw01;dw02;dw03;dw04;dw05;dw06;dw07;dw08,dw00;dw01;dw02;dw03;dw04;dw05;dw06;dw07;dw08,dw08,15,1,2026-08-27T12:49:40.079+0200,dw00,8103,119,2180,-150,1558,1525,1.87,32257
ground-height-0m-20260825-163632,d022m_r180_run01.csv,0,22,180,dw00;dw01;dw02;dw03;dw04;dw05;dw06;dw07;dw08,dw00;dw01;dw02;dw03;dw04;dw05;dw06;dw07;dw08,dw08,55,1,2026-08-27T12:49:40.100+0200,dw02,8FB0,130,2165,-97,2165,0,3.15,52307
ground-height-0m-20260825-163632,d022m_r180_run01.csv,0,22,180,dw00;dw01;dw02;dw03;dw04;dw05;dw06;dw07;dw08,dw00;dw01;dw02;dw03;dw04;dw05;dw06;dw07;dw08,dw08,90,1,2026-08-27T12:49:40.228+0200,dw04,0F85,130,2165,0,-1228,1783,3.33,80535
ground-height-0m-20260825-163632,d022m_r180_run01.csv,0,22,180,dw00;dw01;dw02;dw03;dw04;dw05;dw06;dw07;dw08,dw00;dw01;dw02;dw03;dw04;dw05;dw06;dw07;dw08,dw08,105,1,2026-08-27T12:49:40.238+0200,dw05,4B92,130,2171,52,-534,2104,3.09,90606
ground-height-0m-20260825-163632,d022m_r180_run01.csv,0,22,180,dw00;dw01;dw02;dw03;dw04;dw05;dw06;dw07;dw08,dw00;dw01;dw02;dw03;dw04;dw05;dw06;dw07;dw08,dw08,125,1,2026-08-27T12:49:40.248+0200,dw06,0789,98,2166,105,171,2159,-2.59,732
ground-height-0m-20260825-163632,d022m_r180_run01.csv,0,22,180,dw00;dw01;dw02;dw03;dw04;dw05;dw06;dw07;dw08,dw00;dw01;dw02;dw03;dw04;dw05;dw06;dw07;dw08,dw08,75,1,2026-08-27T12:49:40.260+0200,dw03,021B,131,2162,-49,-1895,1041,1.99,12298
ground-height-0m-20260825-163632,d022m_r180_run01.csv,0,22,180,dw00;dw01;dw02;dw03;dw04;dw05;dw06;dw07;dw08,dw00;dw01;dw02;dw03;dw04;dw05;dw06;dw07;dw08,dw08,15,1,2026-08-27T12:49:40.279+0200,dw00,8103,120,2179,-162,1404,1667,1.93,32318
ground-height-0m-20260825-163632,d022m_r180_run01.csv,0,22,180,dw00;dw01;dw02;dw03;dw04;dw05;dw06;dw07;dw08,dw00;dw01;dw02;dw03;dw04;dw05;dw06;dw07;dw08,dw08,55,1,2026-08-27T12:49:40.300+0200,dw02,8FB0,131,2165,-97,2165,0,3.15,52307
ground-height-0m-20260825-163632,d022m_r180_run01.csv,0,22,180,dw00;dw01;dw02;dw03;dw04;dw05;dw06;dw07;dw08,dw00;dw01;dw02;dw03;dw04;dw05;dw06;dw07;dw08,dw08,90,1,2026-08-27T12:49:40.409+0200,dw04,0F85,131,2164,5,-1163,1825,3.39,62286
ground-height-0m-20260825-163632,d022m_r180_run01.csv,0,22,180,dw00;dw01;dw02;dw03;dw04;dw05;dw06;dw07;dw08,dw00;dw01;dw02;dw03;dw04;dw05;dw06;dw07;dw08,dw08,105,1,2026-08-27T12:49:40.420+0200,dw05,4B92,131,2169,48,-595,2086,3.06,72326
ground-height-0m-20260825-163632,d022m_r180_run01.csv,0,22,180,dw00;dw01;dw02;dw03;dw04;dw05;dw06;dw07;dw08,dw00;dw01;dw02;dw03;dw04;dw05;dw06;dw07;dw08,dw08,75,1,2026-08-27T12:49:40.460+0200,dw03,021B,132,2158,-42,-1806,1181,1.93,2147483
ground-height-0m-20260825-163632,d022m_r180_run01.csv,0,22,180,dw00;dw01;dw02;dw03;dw04;dw05;dw06;dw07;dw08,dw00;dw01;dw02;dw03;dw04;dw05;dw06;dw07;dw08,dw08,15,1,2026-08-27T12:49:40.480+0200,dw00,8103,121,2181,-157,1473,1608,1.87,2147483
ground-height-0m-20260825-163632,d022m_r180_run01.csv,0,22,180,dw00;dw01;dw02;dw03;dw04;dw05;dw06;dw07;dw08,dw00;dw01;dw02;dw03;dw04;dw05;dw06;dw07;dw08,dw08,55,1,2026-08-27T12:49:40.499+0200,dw02,8FB0,132,2167,-104,2167,0,3.09,2147483
ground-height-0m-20260825-163632,d022m_r180_run01.csv,0,22,180,dw00;dw01;dw02;dw03;dw04;dw05;dw06;dw07;dw08,dw00;dw01;dw02;dw03;dw04;dw05;dw06;dw07;dw08,dw08,125,1,2026-08-27T12:49:40.529+0200,dw06,0789,99,2168,106,177,2161,-2.53,2147483
ground-height-0m-20260825-163632,d022m_r180_run01.csv,0,22,180,dw00;dw01;dw02;dw03;dw04;dw05;dw06;dw07;dw08,dw00;dw01;dw02;dw03;dw04;dw05;dw06;dw07;dw08,dw08,90,1,2026-08-27T12:49:40.609+0200,dw04,0F85,132,2165,4,-1180,1815,3.33,62225
ground-height-0m-20260825-163632,d022m_r180_run01.csv,0,22,180,dw00;dw01;dw02;dw03;dw04;dw05;dw06;dw07;dw08,dw00;dw01;dw02;dw03;dw04;dw05;dw06;dw07;dw08,dw08,105,1,2026-08-27T12:49:40.619+0200,dw05,4B92,132,2168,46,-613,2079,3.09,72235
ground-height-0m-20260825-163632,d022m_r180_run01.csv,0,22,180,dw00;dw01;dw02;dw03;dw04;dw05;dw06;dw07;dw08,dw00;dw01;dw02;dw03;dw04;dw05;dw06;dw07;dw08,dw08,75,1,2026-08-27T12:49:40.678+0200,dw03,021B,133,2158,-47,-1863,1089,1.87,30761
ground-height-0m-20260825-163632,d022m_r180_run01.csv,0,22,180,dw00;dw01;dw02;dw03;dw04;dw05;dw06;dw07;dw08,dw00;dw01;dw02;dw03;dw04;dw05;dw06;dw07;dw08,dw08,15,1,2026-08-27T12:49:40.698+0200,dw00,8103,122,2177,-167,1339,1717,1.93,50689
ground-height-0m-20260825-163632,d022m_r180_run01.csv,0,22,180,dw00;dw01;dw02;dw03;dw04;dw05;dw06;dw07;dw08,dw00;dw01;dw02;dw03;dw04;dw05;dw06;dw07;dw08,dw08,55,1,2026-08-27T12:49:40.718+0200,dw02,8FB0,133,2169,-106,2146,314,3.15,71044
ground-height-0m-20260825-163632,d022m_r180_run01.csv,0,22,180,dw00;dw01;dw02;dw03;dw04;dw05;dw06;dw07;dw08,dw00;dw01;dw02;dw03;dw04;dw05;dw06;dw07;dw08,dw08,145,1,2026-08-27T12:49:40.739+0200,dw07,5783,96,2163,133,536,2096,2.32,2147483
ground-height-0m-20260825-163632,d022m_r180_run01.csv,0,22,180,dw00;dw01;dw02;dw03;dw04;dw05;dw06;dw07;dw08,dw00;dw01;dw02;dw03;dw04;dw05;dw06;dw07;dw08,dw08,125,1,2026-08-27T12:49:40.748+0200,dw06,0789,100,2164,93,4,2164,-2.53,762
ground-height-0m-20260825-163632,d022m_r180_run01.csv,0,22,180,dw00;dw01;dw02;dw03;dw04;dw05;dw06;dw07;dw08,dw00;dw01;dw02;dw03;dw04;dw05;dw06;dw07;dw08,dw08,90,1,2026-08-27T12:49:40.810+0200,dw04,0F85,133,2165,2,-1210,1795,3.33,62225
ground-height-0m-20260825-163632,d022m_r180_run01.csv,0,22,180,dw00;dw01;dw02;dw03;dw04;dw05;dw06;dw07;dw08,dw00;dw01;dw02;dw03;dw04;dw05;dw06;dw07;dw08,dw08,105,1,2026-08-27T12:49:40.819+0200,dw05,4B92,133,2170,43,-654,2069,2.95,72265
ground-height-0m-20260825-163632,d022m_r180_run01.csv,0,22,180,dw00;dw01;dw02;dw03;dw04;dw05;dw06;dw07;dw08,dw00;dw01;dw02;dw03;dw04;dw05;dw06;dw07;dw08,dw08,75,1,2026-08-27T12:49:40.859+0200,dw03,021B,134,2162,-48,-1878,1070,1.75,12329
ground-height-0m-20260825-163632,d022m_r180_run01.csv,0,22,180,dw00;dw01;dw02;dw03;dw04;dw05;dw06;dw07;dw08,dw00;dw01;dw02;dw03;dw04;dw05;dw06;dw07;dw08,dw08,15,1,2026-08-27T12:49:40.880+0200,dw00,8103,123,2174,-162,1395,1666,1.99,32318
ground-height-0m-20260825-163632,d022m_r180_run01.csv,0,22,180,dw00;dw01;dw02;dw03;dw04;dw05;dw06;dw07;dw08,dw00;dw01;dw02;dw03;dw04;dw05;dw06;dw07;dw08,dw08,55,1,2026-08-27T12:49:40.899+0200,dw02,8FB0,134,2167,-108,2120,445,3.06,52368
ground-height-0m-20260825-163632,d022m_r180_run01.csv,0,22,180,dw00;dw01;dw02;dw03;dw04;dw05;dw06;dw07;dw08,dw00;dw01;dw02;dw03;dw04;dw05;dw06;dw07;dw08,dw08,145,1,2026-08-27T12:49:40.939+0200,dw07,5783,97,2166,149,753,2031,2.38,2147483
ground-height-0m-20260825-163632,d022m_r180_run01.csv,0,22,180,dw00;dw01;dw02;dw03;dw04;dw05;dw06;dw07;dw08,dw00;dw01;dw02;dw03;dw04;dw05;dw06;dw07;dw08,dw08,90,1,2026-08-27T12:49:41.010+0200,dw04,0F85,134,2162,3,-1185,1807,3.45,62255
ground-height-0m-20260825-163632,d022m_r180_run01.csv,0,22,180,dw00;dw01;dw02;dw03;dw04;dw05;dw06;dw07;dw08,dw00;dw01;dw02;dw03;dw04;dw05;dw06;dw07;dw08,dw08,105,1,2026-08-27T12:49:41.020+0200,dw05,4B92,134,2171,53,-525,2107,3.01,72296
ground-height-0m-20260825-163632,d022m_r180_run01.csv,0,22,180,dw00;dw01;dw02;dw03;dw04;dw05;dw06;dw07;dw08,dw00;dw01;dw02;dw03;dw04;dw05;dw06;dw07;dw08,dw08,125,1,2026-08-27T12:49:41.029+0200,dw06,0789,101,2168,106,183,2160,-2.59,82305
ground-height-0m-20260825-163632,d022m_r180_run01.csv,0,22,180,dw00;dw01;dw02;dw03;dw04;dw05;dw06;dw07;dw08,dw00;dw01;dw02;dw03;dw04;dw05;dw06;dw07;dw08,dw08,75,1,2026-08-27T12:49:41.060+0200,dw03,021B,135,2161,-38,-1747,1271,1.81,12298
ground-height-0m-20260825-163632,d022m_r180_run01.csv,0,22,180,dw00;dw01;dw02;dw03;dw04;dw05;dw06;dw07;dw08,dw00;dw01;dw02;dw03;dw04;dw05;dw06;dw07;dw08,dw08,15,1,2026-08-27T12:49:41.079+0200,dw00,8103,124,2177,-154,1508,1570,1.87,32257
ground-height-0m-20260825-163632,d022m_r180_run01.csv,0,22,180,dw00;dw01;dw02;dw03;dw04;dw05;dw06;dw07;dw08,dw00;dw01;dw02;dw03;dw04;dw05;dw06;dw07;dw08,dw08,55,1,2026-08-27T12:49:41.100+0200,dw02,8FB0,135,2167,-102,2167,0,3.15,52337
ground-height-0m-20260825-163632,d022m_r180_run01.csv,0,22,180,dw00;dw01;dw02;dw03;dw04;dw05;dw06;dw07;dw08,dw00;dw01;dw02;dw03;dw04;dw05;dw06;dw07;dw08,dw08,145,1,2026-08-27T12:49:41.140+0200,dw07,5783,98,2167,143,674,2060,2.44,2147483
ground-height-0m-20260825-163632,d022m_r180_run01.csv,0,22,180,dw00;dw01;dw02;dw03;dw04;dw05;dw06;dw07;dw08,dw00;dw01;dw02;dw03;dw04;dw05;dw06;dw07;dw08,dw08,90,1,2026-08-27T12:49:41.209+0200,dw04,0F85,135,2165,5,-1171,1821,3.33,62225
ground-height-0m-20260825-163632,d022m_r180_run01.csv,0,22,180,dw00;dw01;dw02;dw03;dw04;dw05;dw06;dw07;dw08,dw00;dw01;dw02;dw03;dw04;dw05;dw06;dw07;dw08,dw08,105,1,2026-08-27T12:49:41.220+0200,dw05,4B92,135,2173,56,-492,2116,3.06,72204
ground-height-0m-20260825-163632,d022m_r180_run01.csv,0,22,180,dw00;dw01;dw02;dw03;dw04;dw05;dw06;dw07;dw08,dw00;dw01;dw02;dw03;dw04;dw05;dw06;dw07;dw08,dw08,125,1,2026-08-27T12:49:41.230+0200,dw06,0789,102,2164,101,116,2161,-2.53,82275
ground-height-0m-20260825-163632,d022m_r180_run01.csv,0,22,180,dw00;dw01;dw02;dw03;dw04;dw05;dw06;dw07;dw08,dw00;dw01;dw02;dw03;dw04;dw05;dw06;dw07;dw08,dw08,75,1,2026-08-27T12:49:41.260+0200,dw03,021B,136,2159,-46,-1850,1112,1.87,12298
ground-height-0m-20260825-163632,d022m_r180_run01.csv,0,22,180,dw00;dw01;dw02;dw03;dw04;dw05;dw06;dw07;dw08,dw00;dw01;dw02;dw03;dw04;dw05;dw06;dw07;dw08,dw08,15,1,2026-08-27T12:49:41.279+0200,dw00,8103,125,2181,-160,1431,1645,1.87,32287
ground-height-0m-20260825-163632,d022m_r180_run01.csv,0,22,180,dw00;dw01;dw02;dw03;dw04;dw05;dw06;dw07;dw08,dw00;dw01;dw02;dw03;dw04;dw05;dw06;dw07;dw08,dw08,55,1,2026-08-27T12:49:41.299+0200,dw02,8FB0,136,2165,-109,2097,541,3.06,52276
ground-height-0m-20260825-163632,d022m_r180_run01.csv,0,22,180,dw00;dw01;dw02;dw03;dw04;dw05;dw06;dw07;dw08,dw00;dw01;dw02;dw03;dw04;dw05;dw06;dw07;dw08,dw08,145,1,2026-08-27T12:49:41.339+0200,dw07,5783,99,2169,133,543,2099,2.38,2147483
ground-height-0m-20260825-163632,d022m_r180_run01.csv,0,22,180,dw00;dw01;dw02;dw03;dw04;dw05;dw06;dw07;dw08,dw00;dw01;dw02;dw03;dw04;dw05;dw06;dw07;dw08,dw08,90,1,2026-08-27T12:49:41.410+0200,dw04,0F85,136,2164,1,-1216,1790,3.39,62225
ground-height-0m-20260825-163632,d022m_r180_run01.csv,0,22,180,dw00;dw01;dw02;dw03;dw04;dw05;dw06;dw07;dw08,dw00;dw01;dw02;dw03;dw04;dw05;dw06;dw07;dw08,dw08,105,1,2026-08-27T12:49:41.420+0200,dw05,4B92,136,2172,54,-513,2110,3.09,72235
ground-height-0m-20260825-163632,d022m_r180_run01.csv,0,22,180,dw00;dw01;dw02;dw03;dw04;dw05;dw06;dw07;dw08,dw00;dw01;dw02;dw03;dw04;dw05;dw06;dw07;dw08,dw08,125,1,2026-08-27T12:49:41.431+0200,dw06,0789,103,2165,106,178,2158,-2.47,82275
ground-height-0m-20260825-163632,d022m_r180_run01.csv,0,22,180,dw00;dw01;dw02;dw03;dw04;dw05;dw06;dw07;dw08,dw00;dw01;dw02;dw03;dw04;dw05;dw06;dw07;dw08,dw08,75,1,2026-08-27T12:49:41.460+0200,dw03,021B,137,2163,-41,-1791,1213,1.81,12298
ground-height-0m-20260825-163632,d022m_r180_run01.csv,0,22,180,dw00;dw01;dw02;dw03;dw04;dw05;dw06;dw07;dw08,dw00;dw01;dw02;dw03;dw04;dw05;dw06;dw07;dw08,dw08,15,1,2026-08-27T12:49:41.480+0200,dw00,8103,126,2178,-176,1212,1810,1.93,32287
ground-height-0m-20260825-163632,d022m_r180_run01.csv,0,22,180,dw00;dw01;dw02;dw03;dw04;dw05;dw06;dw07;dw08,dw00;dw01;dw02;dw03;dw04;dw05;dw06;dw07;dw08,dw08,55,1,2026-08-27T12:49:41.500+0200,dw02,8FB0,137,2169,-96,2169,0,3.06,52337
ground-height-0m-20260825-163632,d022m_r180_run01.csv,0,22,180,dw00;dw01;dw02;dw03;dw04;dw05;dw06;dw07;dw08,dw00;dw01;dw02;dw03;dw04;dw05;dw06;dw07;dw08,dw08,145,1,2026-08-27T12:49:41.540+0200,dw07,5783,100,2167,119,358,2137,2.44,2147483
ground-height-0m-20260825-163632,d022m_r180_run01.csv,0,22,180,dw00;dw01;dw02;dw03;dw04;dw05;dw06;dw07;dw08,dw00;dw01;dw02;dw03;dw04;dw05;dw06;dw07;dw08,dw08,90,1,2026-08-27T12:49:41.610+0200,dw04,0F85,137,2165,-6,-1320,1716,3.33,62225
ground-height-0m-20260825-163632,d022m_r180_run01.csv,0,22,180,dw00;dw01;dw02;dw03;dw04;dw05;dw06;dw07;dw08,dw00;dw01;dw02;dw03;dw04;dw05;dw06;dw07;dw08,dw08,105,1,2026-08-27T12:49:41.620+0200,dw05,4B92,137,2173,47,-605,2087,2.89,72265
ground-height-0m-20260825-163632,d022m_r180_run01.csv,0,22,180,dw00;dw01;dw02;dw03;dw04;dw05;dw06;dw07;dw08,dw00;dw01;dw02;dw03;dw04;dw05;dw06;dw07;dw08,dw08,125,1,2026-08-27T12:49:41.630+0200,dw06,0789,104,2163,90,-32,2163,-2.47,82275
ground-height-0m-20260825-163632,d022m_r180_run01.csv,0,22,180,dw00;dw01;dw02;dw03;dw04;dw05;dw06;dw07;dw08,dw00;dw01;dw02;dw03;dw04;dw05;dw06;dw07;dw08,dw08,75,1,2026-08-27T12:49:41.660+0200,dw03,021B,138,2159,-37,-1739,1279,1.87,12298
ground-height-0m-20260825-163632,d022m_r180_run01.csv,0,22,180,dw00;dw01;dw02;dw03;dw04;dw05;dw06;dw07;dw08,dw00;dw01;dw02;dw03;dw04;dw05;dw06;dw07;dw08,dw08,15,1,2026-08-27T12:49:41.680+0200,dw00,8103,127,2177,-152,1535,1544,1.87,32287
ground-height-0m-20260825-163632,d022m_r180_run01.csv,0,22,180,dw00;dw01;dw02;dw03;dw04;dw05;dw06;dw07;dw08,dw00;dw01;dw02;dw03;dw04;dw05;dw06;dw07;dw08,dw08,55,1,2026-08-27T12:49:41.700+0200,dw02,8FB0,138,2168,-108,2120,453,3.01,52307
ground-height-0m-20260825-163632,d022m_r180_run01.csv,0,22,180,dw00;dw01;dw02;dw03;dw04;dw05;dw06;dw07;dw08,dw00;dw01;dw02;dw03;dw04;dw05;dw06;dw07;dw08,dw08,90,1,2026-08-27T12:49:41.811+0200,dw04,0F85,138,2164,0,-1235,1777,3.33,62255
ground-height-0m-20260825-163632,d022m_r180_run01.csv,0,22,180,dw00;dw01;dw02;dw03;dw04;dw05;dw06;dw07;dw08,dw00;dw01;dw02;dw03;dw04;dw05;dw06;dw07;dw08,dw08,105,1,2026-08-27T12:49:41.820+0200,dw05,4B92,138,2169,41,-683,2059,2.95,72296
ground-height-0m-20260825-163632,d022m_r180_run01.csv,0,22,180,dw00;dw01;dw02;dw03;dw04;dw05;dw06;dw07;dw08,dw00;dw01;dw02;dw03;dw04;dw05;dw06;dw07;dw08,dw08,125,1,2026-08-27T12:49:41.830+0200,dw06,0789,105,2167,101,110,2164,-2.59,82275
ground-height-0m-20260825-163632,d022m_r180_run01.csv,0,22,180,dw00;dw01;dw02;dw03;dw04;dw05;dw06;dw07;dw08,dw00;dw01;dw02;dw03;dw04;dw05;dw06;dw07;dw08,dw08,75,1,2026-08-27T12:49:41.860+0200,dw03,021B,139,2160,-44,-1831,1146,2.02,12329
ground-height-0m-20260825-163632,d022m_r180_run01.csv,0,22,180,dw00;dw01;dw02;dw03;dw04;dw05;dw06;dw07;dw08,dw00;dw01;dw02;dw03;dw04;dw05;dw06;dw07;dw08,dw08,15,1,2026-08-27T12:49:41.880+0200,dw00,8103,128,2178,-155,1502,1577,1.93,32287
ground-height-0m-20260825-163632,d022m_r180_run01.csv,0,22,180,dw00;dw01;dw02;dw03;dw04;dw05;dw06;dw07;dw08,dw00;dw01;dw02;dw03;dw04;dw05;dw06;dw07;dw08,dw08,55,1,2026-08-27T12:49:41.900+0200,dw02,8FB0,139,2169,-110,2089,581,3.06,52276
ground-height-0m-20260825-163632,d022m_r180_run01.csv,0,22,180,dw00;dw01;dw02;dw03;dw04;dw05;dw06;dw07;dw08,dw00;dw01;dw02;dw03;dw04;dw05;dw06;dw07;dw08,dw08,145,1,2026-08-27T12:49:41.940+0200,dw07,5783,102,2164,144,691,2051,2.38,2147483
ground-height-0m-20260825-163632,d022m_r180_run01.csv,0,22,180,dw00;dw01;dw02;dw03;dw04;dw05;dw06;dw07;dw08,dw00;dw01;dw02;dw03;dw04;dw05;dw06;dw07;dw08,dw08,90,1,2026-08-27T12:49:42.010+0200,dw04,0F85,139,2162,-2,-1275,1747,3.33,62225
ground-height-0m-20260825-163632,d022m_r180_run01.csv,0,22,180,dw00;dw01;dw02;dw03;dw04;dw05;dw06;dw07;dw08,dw00;dw01;dw02;dw03;dw04;dw05;dw06;dw07;dw08,dw08,105,1,2026-08-27T12:49:42.021+0200,dw05,4B92,139,2170,48,-590,2089,3.06,72204
ground-height-0m-20260825-163632,d022m_r180_run01.csv,0,22,180,dw00;dw01;dw02;dw03;dw04;dw05;dw06;dw07;dw08,dw00;dw01;dw02;dw03;dw04;dw05;dw06;dw07;dw08,dw08,125,1,2026-08-27T12:49:42.030+0200,dw06,0789,106,2166,101,110,2163,-2.53,82275
ground-height-0m-20260825-163632,d022m_r180_run01.csv,0,22,180,dw00;dw01;dw02;dw03;dw04;dw05;dw06;dw07;dw08,dw00;dw01;dw02;dw03;dw04;dw05;dw06;dw07;dw08,dw08,75,1,2026-08-27T12:49:42.060+0200,dw03,021B,140,2159,-46,-1852,1110,1.81,12298
ground-height-0m-20260825-163632,d022m_r180_run01.csv,0,22,180,dw00;dw01;dw02;dw03;dw04;dw05;dw06;dw07;dw08,dw00;dw01;dw02;dw03;dw04;dw05;dw06;dw07;dw08,dw08,15,1,2026-08-27T12:49:42.080+0200,dw00,8103,129,2180,-159,1439,1637,1.81,32287
ground-height-0m-20260825-163632,d022m_r180_run01.csv,0,22,180,dw00;dw01;dw02;dw03;dw04;dw05;dw06;dw07;dw08,dw00;dw01;dw02;dw03;dw04;dw05;dw06;dw07;dw08,dw08,55,1,2026-08-27T12:49:42.099+0200,dw02,8FB0,140,2165,-100,2165,0,3.06,52337
ground-height-0m-20260825-163632,d022m_r180_run01.csv,0,22,180,dw00;dw01;dw02;dw03;dw04;dw05;dw06;dw07;dw08,dw00;dw01;dw02;dw03;dw04;dw05;dw06;dw07;dw08,dw08,90,1,2026-08-27T12:49:42.210+0200,dw04,0F85,140,2165,2,-1205,1798,3.33,62225
ground-height-0m-20260825-163632,d022m_r180_run01.csv,0,22,180,dw00;dw01;dw02;dw03;dw04;dw05;dw06;dw07;dw08,dw00;dw01;dw02;dw03;dw04;dw05;dw06;dw07;dw08,dw08,105,1,2026-08-27T12:49:42.220+0200,dw05,4B92,140,2172,41,-681,2063,3.06,72326
ground-height-0m-20260825-163632,d022m_r180_run01.csv,0,22,180,dw00;dw01;dw02;dw03;dw04;dw05;dw06;dw07;dw08,dw00;dw01;dw02;dw03;dw04;dw05;dw06;dw07;dw08,dw08,125,1,2026-08-27T12:49:42.230+0200,dw06,0789,107,2169,109,226,2157,-2.59,82275
ground-height-0m-20260825-163632,d022m_r180_run01.csv,0,22,180,dw00;dw01;dw02;dw03;dw04;dw05;dw06;dw07;dw08,dw00;dw01;dw02;dw03;dw04;dw05;dw06;dw07;dw08,dw08,75,1,2026-08-27T12:49:42.260+0200,dw03,021B,141,2160,-37,-1736,1285,2.08,12298
ground-height-0m-20260825-163632,d022m_r180_run01.csv,0,22,180,dw00;dw01;dw02;dw03;dw04;dw05;dw06;dw07;dw08,dw00;dw01;dw02;dw03;dw04;dw05;dw06;dw07;dw08,dw08,15,1,2026-08-27T12:49:42.280+0200,dw00,8103,130,2183,-157,1472,1612,1.81,32257
ground-height-0m-20260825-163632,d022m_r180_run01.csv,0,22,180,dw00;dw01;dw02;dw03;dw04;dw05;dw06;dw07;dw08,dw00;dw01;dw02;dw03;dw04;dw05;dw06;dw07;dw08,dw08,55,1,2026-08-27T12:49:42.300+0200,dw02,8FB0,141,2167,-98,2167,0,3.09,52337
ground-height-0m-20260825-163632,d022m_r180_run01.csv,0,22,180,dw00;dw01;dw02;dw03;dw04;dw05;dw06;dw07;dw08,dw00;dw01;dw02;dw03;dw04;dw05;dw06;dw07;dw08,dw08,90,1,2026-08-27T12:49:42.410+0200,dw04,0F85,141,2163,-8,-1357,1684,3.33,62225
ground-height-0m-20260825-163632,d022m_r180_run01.csv,0,22,180,dw00;dw01;dw02;dw03;dw04;dw05;dw06;dw07;dw08,dw00;dw01;dw02;dw03;dw04;dw05;dw06;dw07;dw08,dw08,105,1,2026-08-27T12:49:42.420+0200,dw05,4B92,141,2173,46,-625,2081,2.95,72235
ground-height-0m-20260825-163632,d022m_r180_run01.csv,0,22,180,dw00;dw01;dw02;dw03;dw04;dw05;dw06;dw07;dw08,dw00;dw01;dw02;dw03;dw04;dw05;dw06;dw07;dw08,dw08,125,1,2026-08-27T12:49:42.429+0200,dw06,0789,108,2165,99,91,2163,-2.47,82275
ground-height-0m-20260825-163632,d022m_r180_run01.csv,0,22,180,dw00;dw01;dw02;dw03;dw04;dw05;dw06;dw07;dw08,dw00;dw01;dw02;dw03;dw04;dw05;dw06;dw07;dw08,dw08,75,1,2026-08-27T12:49:42.460+0200,dw03,021B,142,2160,-40,-1775,1229,1.93,12329
ground-height-0m-20260825-163632,d022m_r180_run01.csv,0,22,180,dw00;dw01;dw02;dw03;dw04;dw05;dw06;dw07;dw08,dw00;dw01;dw02;dw03;dw04;dw05;dw06;dw07;dw08,dw08,15,1,2026-08-27T12:49:42.480+0200,dw00,8103,131,2181,-152,1541,1543,1.75,32318
ground-height-0m-20260825-163632,d022m_r180_run01.csv,0,22,180,dw00;dw01;dw02;dw03;dw04;dw05;dw06;dw07;dw08,dw00;dw01;dw02;dw03;dw04;dw05;dw06;dw07;dw08,dw08,55,1,2026-08-27T12:49:42.500+0200,dw02,8FB0,142,2168,-105,2152,262,3.09,52337
ground-height-0m-20260825-163632,d022m_r180_run01.csv,0,22,180,dw00;dw01;dw02;dw03;dw04;dw05;dw06;dw07;dw08,dw00;dw01;dw02;dw03;dw04;dw05;dw06;dw07;dw08,dw08,145,1,2026-08-27T12:49:42.540+0200,dw07,5783,105,2167,128,471,2115,2.38,2147483
ground-height-0m-20260825-163632,d022m_r180_run01.csv,0,22,180,dw00;dw01;dw02;dw03;dw04;dw05;dw06;dw07;dw08,dw00;dw01;dw02;dw03;dw04;dw05;dw06;dw07;dw08,dw08,90,1,2026-08-27T12:49:42.609+0200,dw04,0F85,142,2163,3,-1191,1806,3.33,62225
ground-height-0m-20260825-163632,d022m_r180_run01.csv,0,22,180,dw00;dw01;dw02;dw03;dw04;dw05;dw06;dw07;dw08,dw00;dw01;dw02;dw03;dw04;dw05;dw06;dw07;dw08,dw08,105,1,2026-08-27T12:49:42.620+0200,dw05,4B92,142,2170,44,-647,2071,2.95,72235
ground-height-0m-20260825-163632,d022m_r180_run01.csv,0,22,180,dw00;dw01;dw02;dw03;dw04;dw05;dw06;dw07;dw08,dw00;dw01;dw02;dw03;dw04;dw05;dw06;dw07;dw08,dw08,125,1,2026-08-27T12:49:42.630+0200,dw06,0789,109,2168,106,180,2160,-2.47,82275
ground-height-0m-20260825-163632,d022m_r180_run01.csv,0,22,180,dw00;dw01;dw02;dw03;dw04;dw05;dw06;dw07;dw08,dw00;dw01;dw02;dw03;dw04;dw05;dw06;dw07;dw08,dw08,75,1,2026-08-27T12:49:42.660+0200,dw03,021B,143,2158,-40,-1772,1232,1.93,12329
ground-height-0m-20260825-163632,d022m_r180_run01.csv,0,22,180,dw00;dw01;dw02;dw03;dw04;dw05;dw06;dw07;dw08,dw00;dw01;dw02;dw03;dw04;dw05;dw06;dw07;dw08,dw08,15,1,2026-08-27T12:49:42.679+0200,dw00,8103,132,2179,-171,1285,1760,1.93,32348
ground-height-0m-20260825-163632,d022m_r180_run01.csv,0,22,180,dw00;dw01;dw02;dw03;dw04;dw05;dw06;dw07;dw08,dw00;dw01;dw02;dw03;dw04;dw05;dw06;dw07;dw08,dw08,55,1,2026-08-27T12:49:42.700+0200,dw02,8FB0,143,2161,-104,2161,0,3.15,52337
ground-height-0m-20260825-163632,d022m_r180_run01.csv,0,22,180,dw00;dw01;dw02;dw03;dw04;dw05;dw06;dw07;dw08,dw00;dw01;dw02;dw03;dw04;dw05;dw06;dw07;dw08,dw08,145,1,2026-08-27T12:49:42.740+0200,dw07,5783,106,2167,151,780,2022,2.38,2147483
ground-height-0m-20260825-163632,d022m_r180_run01.csv,0,22,180,dw00;dw01;dw02;dw03;dw04;dw05;dw06;dw07;dw08,dw00;dw01;dw02;dw03;dw04;dw05;dw06;dw07;dw08,dw08,90,1,2026-08-27T12:49:42.809+0200,dw04,0F85,143,2163,-4,-1294,1733,3.33,62225
ground-height-0m-20260825-163632,d022m_r180_run01.csv,0,22,180,dw00;dw01;dw02;dw03;dw04;dw05;dw06;dw07;dw08,dw00;dw01;dw02;dw03;dw04;dw05;dw06;dw07;dw08,dw08,105,1,2026-08-27T12:49:42.820+0200,dw05,4B92,143,2168,46,-616,2078,3.01,72235
ground-height-0m-20260825-163632,d022m_r180_run01.csv,0,22,180,dw00;dw01;dw02;dw03;dw04;dw05;dw06;dw07;dw08,dw00;dw01;dw02;dw03;dw04;dw05;dw06;dw07;dw08,dw08,125,1,2026-08-27T12:49:42.830+0200,dw06,0789,110,2166,110,240,2152,-2.53,82275
ground-height-0m-20260825-163632,d022m_r180_run01.csv,0,22,180,dw00;dw01;dw02;dw03;dw04;dw05;dw06;dw07;dw08,dw00;dw01;dw02;dw03;dw04;dw05;dw06;dw07;dw08,dw08,75,1,2026-08-27T12:49:42.860+0200,dw03,021B,144,2162,-37,-1734,1290,1.99,12298
ground-height-0m-20260825-163632,d022m_r180_run01.csv,0,22,180,dw00;dw01;dw02;dw03;dw04;dw05;dw06;dw07;dw08,dw00;dw01;dw02;dw03;dw04;dw05;dw06;dw07;dw08,dw08,15,1,2026-08-27T12:49:42.880+0200,dw00,8103,133,2177,-156,1479,1597,1.99,32287
ground-height-0m-20260825-163632,d022m_r180_run01.csv,0,22,180,dw00;dw01;dw02;dw03;dw04;dw05;dw06;dw07;dw08,dw00;dw01;dw02;dw03;dw04;dw05;dw06;dw07;dw08,dw08,55,1,2026-08-27T12:49:42.899+0200,dw02,8FB0,144,2169,-94,2169,0,3.06,52307
ground-height-0m-20260825-163632,d022m_r180_run01.csv,0,22,180,dw00;dw01;dw02;dw03;dw04;dw05;dw06;dw07;dw08,dw00;dw01;dw02;dw03;dw04;dw05;dw06;dw07;dw08,dw08,90,1,2026-08-27T12:49:43.009+0200,dw04,0F85,144,2162,1,-1216,1788,3.27,62255
ground-height-0m-20260825-163632,d022m_r180_run01.csv,0,22,180,dw00;dw01;dw02;dw03;dw04;dw05;dw06;dw07;dw08,dw00;dw01;dw02;dw03;dw04;dw05;dw06;dw07;dw08,dw08,105,1,2026-08-27T12:49:43.019+0200,dw05,4B92,144,2169,52,-545,2099,3.06,72235
ground-height-0m-20260825-163632,d022m_r180_run01.csv,0,22,180,dw00;dw01;dw02;dw03;dw04;dw05;dw06;dw07;dw08,dw00;dw01;dw02;dw03;dw04;dw05;dw06;dw07;dw08,dw08,125,1,2026-08-27T12:49:43.030+0200,dw06,0789,111,2165,109,219,2154,-2.47,82275
ground-height-0m-20260825-163632,d022m_r180_run01.csv,0,22,180,dw00;dw01;dw02;dw03;dw04;dw05;dw06;dw07;dw08,dw00;dw01;dw02;dw03;dw04;dw05;dw06;dw07;dw08,dw08,75,1,2026-08-27T12:49:43.059+0200,dw03,021B,145,2162,-53,-1947,941,1.87,12268
ground-height-0m-20260825-163632,d022m_r180_run01.csv,0,22,180,dw00;dw01;dw02;dw03;dw04;dw05;dw06;dw07;dw08,dw00;dw01;dw02;dw03;dw04;dw05;dw06;dw07;dw08,dw08,15,1,2026-08-27T12:49:43.080+0200,dw00,8103,134,2177,-163,1383,1682,1.75,32287
ground-height-0m-20260825-163632,d022m_r180_run01.csv,0,22,180,dw00;dw01;dw02;dw03;dw04;dw05;dw06;dw07;dw08,dw00;dw01;dw02;dw03;dw04;dw05;dw06;dw07;dw08,dw08,55,1,2026-08-27T12:49:43.099+0200,dw02,8FB0,145,2164,-96,2164,0,3.01,52337
ground-height-0m-20260825-163632,d022m_r180_run01.csv,0,22,180,dw00;dw01;dw02;dw03;dw04;dw05;dw06;dw07;dw08,dw00;dw01;dw02;dw03;dw04;dw05;dw06;dw07;dw08,dw08,145,1,2026-08-27T12:49:43.155+0200,dw07,5783,108,2163,129,483,2108,2.53,2147483
ground-height-0m-20260825-163632,d022m_r180_run01.csv,0,22,180,dw00;dw01;dw02;dw03;dw04;dw05;dw06;dw07;dw08,dw00;dw01;dw02;dw03;dw04;dw05;dw06;dw07;dw08,dw08,90,1,2026-08-27T12:49:43.210+0200,dw04,0F85,145,2166,0,-1252,1767,3.33,2147483
ground-height-0m-20260825-163632,d022m_r180_run01.csv,0,22,180,dw00;dw01;dw02;dw03;dw04;dw05;dw06;dw07;dw08,dw00;dw01;dw02;dw03;dw04;dw05;dw06;dw07;dw08,dw08,105,1,2026-08-27T12:49:43.219+0200,dw05,4B92,145,2172,49,-578,2093,3.09,2147483
ground-height-0m-20260825-163632,d022m_r180_run01.csv,0,22,180,dw00;dw01;dw02;dw03;dw04;dw05;dw06;dw07;dw08,dw00;dw01;dw02;dw03;dw04;dw05;dw06;dw07;dw08,dw08,125,1,2026-08-27T12:49:43.229+0200,dw06,0789,112,2165,90,-26,2165,-2.59,2147483
ground-height-0m-20260825-163632,d022m_r180_run01.csv,0,22,180,dw00;dw01;dw02;dw03;dw04;dw05;dw06;dw07;dw08,dw00;dw01;dw02;dw03;dw04;dw05;dw06;dw07;dw08,dw08,75,1,2026-08-27T12:49:43.259+0200,dw03,021B,146,2157,-46,-1858,1096,1.81,12329
ground-height-0m-20260825-163632,d022m_r180_run01.csv,0,22,180,dw00;dw01;dw02;dw03;dw04;dw05;dw06;dw07;dw08,dw00;dw01;dw02;dw03;dw04;dw05;dw06;dw07;dw08,dw08,15,1,2026-08-27T12:49:43.279+0200,dw00,8103,135,2177,-151,1549,1528,1.87,32287
ground-height-0m-20260825-163632,d022m_r180_run01.csv,0,22,180,dw00;dw01;dw02;dw03;dw04;dw05;dw06;dw07;dw08,dw00;dw01;dw02;dw03;dw04;dw05;dw06;dw07;dw08,dw08,55,1,2026-08-27T12:49:43.299+0200,dw02,8FB0,146,2167,-102,2167,0,3.09,52307
ground-height-0m-20260825-163632,d022m_r180_run01.csv,0,22,180,dw00;dw01;dw02;dw03;dw04;dw05;dw06;dw07;dw08,dw00;dw01;dw02;dw03;dw04;dw05;dw06;dw07;dw08,dw08,90,1,2026-08-27T12:49:43.427+0200,dw04,0F85,146,2161,7,-1136,1838,3.33,80535
ground-height-0m-20260825-163632,d022m_r180_run01.csv,0,22,180,dw00;dw01;dw02;dw03;dw04;dw05;dw06;dw07;dw08,dw00;dw01;dw02;dw03;dw04;dw05;dw06;dw07;dw08,dw08,105,1,2026-08-27T12:49:43.437+0200,dw05,4B92,146,2175,46,-617,2085,3.01,90484
ground-height-0m-20260825-163632,d022m_r180_run01.csv,0,22,180,dw00;dw01;dw02;dw03;dw04;dw05;dw06;dw07;dw08,dw00;dw01;dw02;dw03;dw04;dw05;dw06;dw07;dw08,dw08,125,1,2026-08-27T12:49:43.448+0200,dw06,0789,113,2170,98,72,2168,-2.53,732
ground-height-0m-20260825-163632,d022m_r180_run01.csv,0,22,180,dw00;dw01;dw02;dw03;dw04;dw05;dw06;dw07;dw08,dw00;dw01;dw02;dw03;dw04;dw05;dw06;dw07;dw08,dw08,75,1,2026-08-27T12:49:43.460+0200,dw03,021B,147,2163,-38,-1752,1269,1.81,12329
ground-height-0m-20260825-163632,d022m_r180_run01.csv,0,22,180,dw00;dw01;dw02;dw03;dw04;dw05;dw06;dw07;dw08,dw00;dw01;dw02;dw03;dw04;dw05;dw06;dw07;dw08,dw08,15,1,2026-08-27T12:49:43.479+0200,dw00,8103,136,2177,-155,1497,1580,1.99,32257
ground-height-0m-20260825-163632,d022m_r180_run01.csv,0,22,180,dw00;dw01;dw02;dw03;dw04;dw05;dw06;dw07;dw08,dw00;dw01;dw02;dw03;dw04;dw05;dw06;dw07;dw08,dw08,55,1,2026-08-27T12:49:43.500+0200,dw02,8FB0,147,2170,-97,2170,0,3.06,52307
ground-height-0m-20260825-163632,d022m_r180_run01.csv,0,22,180,dw00;dw01;dw02;dw03;dw04;dw05;dw06;dw07;dw08,dw00;dw01;dw02;dw03;dw04;dw05;dw06;dw07;dw08,dw08,90,1,2026-08-27T12:49:43.609+0200,dw04,0F85,147,2165,-1,-1266,1757,3.45,62255
ground-height-0m-20260825-163632,d022m_r180_run01.csv,0,22,180,dw00;dw01;dw02;dw03;dw04;dw05;dw06;dw07;dw08,dw00;dw01;dw02;dw03;dw04;dw05;dw06;dw07;dw08,dw08,105,1,2026-08-27T12:49:43.620+0200,dw05,4B92,147,2171,51,-548,2101,3.01,72357
ground-height-0m-20260825-163632,d022m_r180_run01.csv,0,22,180,dw00;dw01;dw02;dw03;dw04;dw05;dw06;dw07;dw08,dw00;dw01;dw02;dw03;dw04;dw05;dw06;dw07;dw08,dw08,145,1,2026-08-27T12:49:43.655+0200,dw07,5783,110,2163,142,665,2058,2.50,2147483
ground-height-0m-20260825-163632,d022m_r180_run01.csv,0,22,180,dw00;dw01;dw02;dw03;dw04;dw05;dw06;dw07;dw08,dw00;dw01;dw02;dw03;dw04;dw05;dw06;dw07;dw08,dw08,15,1,2026-08-27T12:49:43.679+0200,dw00,8103,137,2182,-166,1354,1711,1.69,2147483
ground-height-0m-20260825-163632,d022m_r180_run01.csv,0,22,180,dw00;dw01;dw02;dw03;dw04;dw05;dw06;dw07;dw08,dw00;dw01;dw02;dw03;dw04;dw05;dw06;dw07;dw08,dw08,55,1,2026-08-27T12:49:43.699+0200,dw02,8FB0,148,2167,-102,2167,0,3.06,2147483
ground-height-0m-20260825-163632,d022m_r180_run01.csv,0,22,180,dw00;dw01;dw02;dw03;dw04;dw05;dw06;dw07;dw08,dw00;dw01;dw02;dw03;dw04;dw05;dw06;dw07;dw08,dw08,125,1,2026-08-27T12:49:43.729+0200,dw06,0789,114,2167,105,173,2160,-2.53,2147483
ground-height-0m-20260825-163632,d022m_r180_run01.csv,0,22,180,dw00;dw01;dw02;dw03;dw04;dw05;dw06;dw07;dw08,dw00;dw01;dw02;dw03;dw04;dw05;dw06;dw07;dw08,dw08,90,1,2026-08-27T12:49:43.809+0200,dw04,0F85,148,2162,7,-1133,1842,3.33,62225
ground-height-0m-20260825-163632,d022m_r180_run01.csv,0,22,180,dw00;dw01;dw02;dw03;dw04;dw05;dw06;dw07;dw08,dw00;dw01;dw02;dw03;dw04;dw05;dw06;dw07;dw08,dw08,105,1,2026-08-27T12:49:43.819+0200,dw05,4B92,148,2169,47,-610,2081,3.06,72235
ground-height-0m-20260825-163632,d022m_r180_run01.csv,0,22,180,dw00;dw01;dw02;dw03;dw04;dw05;dw06;dw07;dw08,dw00;dw01;dw02;dw03;dw04;dw05;dw06;dw07;dw08,dw08,75,1,2026-08-27T12:49:43.875+0200,dw03,021B,149,2159,-35,-1708,1321,1.99,27923
ground-height-0m-20260825-163632,d022m_r180_run01.csv,0,22,180,dw00;dw01;dw02;dw03;dw04;dw05;dw06;dw07;dw08,dw00;dw01;dw02;dw03;dw04;dw05;dw06;dw07;dw08,dw08,15,1,2026-08-27T12:49:43.898+0200,dw00,8103,138,2176,-161,1408,1659,1.81,50720
ground-height-0m-20260825-163632,d022m_r180_run01.csv,0,22,180,dw00;dw01;dw02;dw03;dw04;dw05;dw06;dw07;dw08,dw00;dw01;dw02;dw03;dw04;dw05;dw06;dw07;dw08,dw08,55,1,2026-08-27T12:49:43.918+0200,dw02,8FB0,149,2167,-109,2107,505,3.06,70983
ground-height-0m-20260825-163632,d022m_r180_run01.csv,0,22,180,dw00;dw01;dw02;dw03;dw04;dw05;dw06;dw07;dw08,dw00;dw01;dw02;dw03;dw04;dw05;dw06;dw07;dw08,dw08,145,1,2026-08-27T12:49:43.939+0200,dw07,5783,111,2169,147,735,2040,2.26,2147483
ground-height-0m-20260825-163632,d022m_r180_run01.csv,0,22,180,dw00;dw01;dw02;dw03;dw04;dw05;dw06;dw07;dw08,dw00;dw01;dw02;dw03;dw04;dw05;dw06;dw07;dw08,dw08,125,1,2026-08-27T12:49:43.948+0200,dw06,0789,115,2168,111,243,2154,-2.53,762
ground-height-0m-20260825-163632,d022m_r180_run01.csv,0,22,180,dw00;dw01;dw02;dw03;dw04;dw05;dw06;dw07;dw08,dw00;dw01;dw02;dw03;dw04;dw05;dw06;dw07;dw08,dw08,90,1,2026-08-27T12:49:44.009+0200,dw04,0F85,149,2165,-6,-1319,1716,3.33,62225
ground-height-0m-20260825-163632,d022m_r180_run01.csv,0,22,180,dw00;dw01;dw02;dw03;dw04;dw05;dw06;dw07;dw08,dw00;dw01;dw02;dw03;dw04;dw05;dw06;dw07;dw08,dw08,105,1,2026-08-27T12:49:44.019+0200,dw05,4B92,149,2171,54,-516,2109,3.06,72296
ground-height-0m-20260825-163632,d022m_r180_run01.csv,0,22,180,dw00;dw01;dw02;dw03;dw04;dw05;dw06;dw07;dw08,dw00;dw01;dw02;dw03;dw04;dw05;dw06;dw07;dw08,dw08,75,1,2026-08-27T12:49:44.059+0200,dw03,021B,150,2161,-42,-1807,1185,1.81,12359
ground-height-0m-20260825-163632,d022m_r180_run01.csv,0,22,180,dw00;dw01;dw02;dw03;dw04;dw05;dw06;dw07;dw08,dw00;dw01;dw02;dw03;dw04;dw05;dw06;dw07;dw08,dw08,15,1,2026-08-27T12:49:44.080+0200,dw00,8103,139,2179,-152,1544,1538,1.93,32287
ground-height-0m-20260825-163632,d022m_r180_run01.csv,0,22,180,dw00;dw01;dw02;dw03;dw04;dw05;dw06;dw07;dw08,dw00;dw01;dw02;dw03;dw04;dw05;dw06;dw07;dw08,dw08,55,1,2026-08-27T12:49:44.099+0200,dw02,8FB0,150,2170,-93,2169,0,3.06,52398
ground-height-0m-20260825-163632,d022m_r180_run01.csv,0,22,180,dw00;dw01;dw02;dw03;dw04;dw05;dw06;dw07;dw08,dw00;dw01;dw02;dw03;dw04;dw05;dw06;dw07;dw08,dw08,145,1,2026-08-27T12:49:44.139+0200,dw07,5783,112,2165,128,468,2114,2.38,2147483
ground-height-0m-20260825-163632,d022m_r180_run01.csv,0,22,180,dw00;dw01;dw02;dw03;dw04;dw05;dw06;dw07;dw08,dw00;dw01;dw02;dw03;dw04;dw05;dw06;dw07;dw08,dw08,90,1,2026-08-27T12:49:44.210+0200,dw04,0F85,150,2162,7,-1136,1839,3.33,62225
ground-height-0m-20260825-163632,d022m_r180_run01.csv,0,22,180,dw00;dw01;dw02;dw03;dw04;dw05;dw06;dw07;dw08,dw00;dw01;dw02;dw03;dw04;dw05;dw06;dw07;dw08,dw08,105,1,2026-08-27T12:49:44.219+0200,dw05,4B92,150,2169,50,-565,2094,3.15,72235
ground-height-0m-20260825-163632,d022m_r180_run01.csv,0,22,180,dw00;dw01;dw02;dw03;dw04;dw05;dw06;dw07;dw08,dw00;dw01;dw02;dw03;dw04;dw05;dw06;dw07;dw08,dw08,125,1,2026-08-27T12:49:44.229+0200,dw06,0789,116,2165,103,142,2161,-2.59,82305
ground-height-0m-20260825-163632,d022m_r180_run01.csv,0,22,180,dw00;dw01;dw02;dw03;dw04;dw05;dw06;dw07;dw08,dw00;dw01;dw02;dw03;dw04;dw05;dw06;dw07;dw08,dw08,75,1,2026-08-27T12:49:44.259+0200,dw03,021B,151,2162,-43,-1821,1166,1.87,12298
ground-height-0m-20260825-163632,d022m_r180_run01.csv,0,22,180,dw00;dw01;dw02;dw03;dw04;dw05;dw06;dw07;dw08,dw00;dw01;dw02;dw03;dw04;dw05;dw06;dw07;dw08,dw08,15,1,2026-08-27T12:49:44.279+0200,dw00,8103,140,2180,-165,1367,1697,1.87,32348
ground-height-0m-20260825-163632,d022m_r180_run01.csv,0,22,180,dw00;dw01;dw02;dw03;dw04;dw05;dw06;dw07;dw08,dw00;dw01;dw02;dw03;dw04;dw05;dw06;dw07;dw08,dw08,55,1,2026-08-27T12:49:44.299+0200,dw02,8FB0,151,2170,-93,2170,0,3.06,52337
ground-height-0m-20260825-163632,d022m_r180_run01.csv,0,22,180,dw00;dw01;dw02;dw03;dw04;dw05;dw06;dw07;dw08,dw00;dw01;dw02;dw03;dw04;dw05;dw06;dw07;dw08,dw08,90,1,2026-08-27T12:49:44.409+0200,dw04,0F85,151,2164,0,-1229,1781,3.39,62225
ground-height-0m-20260825-163632,d022m_r180_run01.csv,0,22,180,dw00;dw01;dw02;dw03;dw04;dw05;dw06;dw07;dw08,dw00;dw01;dw02;dw03;dw04;dw05;dw06;dw07;dw08,dw08,105,1,2026-08-27T12:49:44.420+0200,dw05,4B92,151,2171,49,-577,2093,2.95,72235
ground-height-0m-20260825-163632,d022m_r180_run01.csv,0,22,180,dw00;dw01;dw02;dw03;dw04;dw05;dw06;dw07;dw08,dw00;dw01;dw02;dw03;dw04;dw05;dw06;dw07;dw08,dw08,125,1,2026-08-27T12:49:44.429+0200,dw06,0789,117,2170,97,57,2169,-2.59,82275
ground-height-0m-20260825-163632,d022m_r180_run01.csv,0,22,180,dw00;dw01;dw02;dw03;dw04;dw05;dw06;dw07;dw08,dw00;dw01;dw02;dw03;dw04;dw05;dw06;dw07;dw08,dw08,75,1,2026-08-27T12:49:44.460+0200,dw03,021B,152,2160,-50,-1908,1012,1.87,12298
ground-height-0m-20260825-163632,d022m_r180_run01.csv,0,22,180,dw00;dw01;dw02;dw03;dw04;dw05;dw06;dw07;dw08,dw00;dw01;dw02;dw03;dw04;dw05;dw06;dw07;dw08,dw08,15,1,2026-08-27T12:49:44.479+0200,dw00,8103,141,2181,-164,1380,1689,1.81,32287
ground-height-0m-20260825-163632,d022m_r180_run01.csv,0,22,180,dw00;dw01;dw02;dw03;dw04;dw05;dw06;dw07;dw08,dw00;dw01;dw02;dw03;dw04;dw05;dw06;dw07;dw08,dw08,55,1,2026-08-27T12:49:44.499+0200,dw02,8FB0,152,2163,-94,2163,0,3.06,52337
ground-height-0m-20260825-163632,d022m_r180_run01.csv,0,22,180,dw00;dw01;dw02;dw03;dw04;dw05;dw06;dw07;dw08,dw00;dw01;dw02;dw03;dw04;dw05;dw06;dw07;dw08,dw08,145,1,2026-08-27T12:49:44.539+0200,dw07,5783,114,2165,137,591,2083,2.38,2147483
ground-height-0m-20260825-163632,d022m_r180_run01.csv,0,22,180,dw00;dw01;dw02;dw03;dw04;dw05;dw06;dw07;dw08,dw00;dw01;dw02;dw03;dw04;dw05;dw06;dw07;dw08,dw08,90,1,2026-08-27T12:49:44.609+0200,dw04,0F85,152,2161,-3,-1282,1739,3.39,62225
ground-height-0m-20260825-163632,d022m_r180_run01.csv,0,22,180,dw00;dw01;dw02;dw03;dw04;dw05;dw06;dw07;dw08,dw00;dw01;dw02;dw03;dw04;dw05;dw06;dw07;dw08,dw08,105,1,2026-08-27T12:49:44.619+0200,dw05,4B92,152,2171,55,-499,2113,3.01,72265
ground-height-0m-20260825-163632,d022m_r180_run01.csv,0,22,180,dw00;dw01;dw02;dw03;dw04;dw05;dw06;dw07;dw08,dw00;dw01;dw02;dw03;dw04;dw05;dw06;dw07;dw08,dw08,125,1,2026-08-27T12:49:44.629+0200,dw06,0789,118,2167,97,63,2166,-2.47,82275
ground-height-0m-20260825-163632,d022m_r180_run01.csv,0,22,180,dw00;dw01;dw02;dw03;dw04;dw05;dw06;dw07;dw08,dw00;dw01;dw02;dw03;dw04;dw05;dw06;dw07;dw08,dw08,75,1,2026-08-27T12:49:44.659+0200,dw03,021B,153,2162,-53,-1951,931,1.81,12298
ground-height-0m-20260825-163632,d022m_r180_run01.csv,0,22,180,dw00;dw01;dw02;dw03;dw04;dw05;dw06;dw07;dw08,dw00;dw01;dw02;dw03;dw04;dw05;dw06;dw07;dw08,dw08,15,1,2026-08-27T12:49:44.679+0200,dw00,8103,142,2180,-161,1420,1654,1.87,32287
ground-height-0m-20260825-163632,d022m_r180_run01.csv,0,22,180,dw00;dw01;dw02;dw03;dw04;dw05;dw06;dw07;dw08,dw00;dw01;dw02;dw03;dw04;dw05;dw06;dw07;dw08,dw08,55,1,2026-08-27T12:49:44.699+0200,dw02,8FB0,153,2165,-98,2165,0,2.95,52307
ground-height-0m-20260825-163632,d022m_r180_run01.csv,0,22,180,dw00;dw01;dw02;dw03;dw04;dw05;dw06;dw07;dw08,dw00;dw01;dw02;dw03;dw04;dw05;dw06;dw07;dw08,dw08,90,1,2026-08-27T12:49:44.809+0200,dw04,0F85,153,2162,8,-1128,1844,3.33,62255
ground-height-0m-20260825-163632,d022m_r180_run01.csv,0,22,180,dw00;dw01;dw02;dw03;dw04;dw05;dw06;dw07;dw08,dw00;dw01;dw02;dw03;dw04;dw05;dw06;dw07;dw08,dw08,105,1,2026-08-27T12:49:44.819+0200,dw05,4B92,153,2168,49,-576,2089,3.01,72235
ground-height-0m-20260825-163632,d022m_r180_run01.csv,0,22,180,dw00;dw01;dw02;dw03;dw04;dw05;dw06;dw07;dw08,dw00;dw01;dw02;dw03;dw04;dw05;dw06;dw07;dw08,dw08,125,1,2026-08-27T12:49:44.829+0200,dw06,0789,119,2164,118,339,2138,-2.53,82275
ground-height-0m-20260825-163632,d022m_r180_run01.csv,0,22,180,dw00;dw01;dw02;dw03;dw04;dw05;dw06;dw07;dw08,dw00;dw01;dw02;dw03;dw04;dw05;dw06;dw07;dw08,dw08,75,1,2026-08-27T12:49:44.859+0200,dw03,021B,154,2158,-46,-1851,1109,1.81,12329
ground-height-0m-20260825-163632,d022m_r180_run01.csv,0,22,180,dw00;dw01;dw02;dw03;dw04;dw05;dw06;dw07;dw08,dw00;dw01;dw02;dw03;dw04;dw05;dw06;dw07;dw08,dw08,15,1,2026-08-27T12:49:44.878+0200,dw00,8103,143,2180,-153,1518,1565,1.87,32287
ground-height-0m-20260825-163632,d022m_r180_run01.csv,0,22,180,dw00;dw01;dw02;dw03;dw04;dw05;dw06;dw07;dw08,dw00;dw01;dw02;dw03;dw04;dw05;dw06;dw07;dw08,dw08,55,1,2026-08-27T12:49:44.899+0200,dw02,8FB0,154,2170,-103,2170,0,2.95,52307
ground-height-0m-20260825-163632,d022m_r180_run01.csv,0,22,180,dw00;dw01;dw02;dw03;dw04;dw05;dw06;dw07;dw08,dw00;dw01;dw02;dw03;dw04;dw05;dw06;dw07;dw08,dw08,145,1,2026-08-27T12:49:44.939+0200,dw07,5783,116,2160,147,726,2034,2.38,2147483
ground-height-0m-20260825-163632,d022m_r180_run01.csv,0,22,180,dw00;dw01;dw02;dw03;dw04;dw05;dw06;dw07;dw08,dw00;dw01;dw02;dw03;dw04;dw05;dw06;dw07;dw08,dw08,90,1,2026-08-27T12:49:45.010+0200,dw04,0F85,154,2162,0,-1245,1767,3.33,62255
ground-height-0m-20260825-163632,d022m_r180_run01.csv,0,22,180,dw00;dw01;dw02;dw03;dw04;dw05;dw06;dw07;dw08,dw00;dw01;dw02;dw03;dw04;dw05;dw06;dw07;dw08,dw08,105,1,2026-08-27T12:49:45.019+0200,dw05,4B92,154,2173,51,-554,2101,2.95,72235
ground-height-0m-20260825-163632,d022m_r180_run01.csv,0,22,180,dw00;dw01;dw02;dw03;dw04;dw05;dw06;dw07;dw08,dw00;dw01;dw02;dw03;dw04;dw05;dw06;dw07;dw08,dw08,125,1,2026-08-27T12:49:45.029+0200,dw06,0789,120,2169,96,53,2168,-2.47,82275
ground-height-0m-20260825-163632,d022m_r180_run01.csv,0,22,180,dw00;dw01;dw02;dw03;dw04;dw05;dw06;dw07;dw08,dw00;dw01;dw02;dw03;dw04;dw05;dw06;dw07;dw08,dw08,75,1,2026-08-27T12:49:45.059+0200,dw03,021B,155,2164,-50,-1918,1002,1.81,12298
ground-height-0m-20260825-163632,d022m_r180_run01.csv,0,22,180,dw00;dw01;dw02;dw03;dw04;dw05;dw06;dw07;dw08,dw00;dw01;dw02;dw03;dw04;dw05;dw06;dw07;dw08,dw08,15,1,2026-08-27T12:49:45.079+0200,dw00,8103,144,2179,-162,1399,1671,1.69,32287
ground-height-0m-20260825-163632,d022m_r180_run01.csv,0,22,180,dw00;dw01;dw02;dw03;dw04;dw05;dw06;dw07;dw08,dw00;dw01;dw02;dw03;dw04;dw05;dw06;dw07;dw08,dw08,55,1,2026-08-27T12:49:45.099+0200,dw02,8FB0,155,2168,-109,2100,537,3.09,52307
ground-height-0m-20260825-163632,d022m_r180_run01.csv,0,22,180,dw00;dw01;dw02;dw03;dw04;dw05;dw06;dw07;dw08,dw00;dw01;dw02;dw03;dw04;dw05;dw06;dw07;dw08,dw08,145,1,2026-08-27T12:49:45.139+0200,dw07,5783,117,2162,138,606,2075,2.38,2147483
ground-height-0m-20260825-163632,d022m_r180_run01.csv,0,22,180,dw00;dw01;dw02;dw03;dw04;dw05;dw06;dw07;dw08,dw00;dw01;dw02;dw03;dw04;dw05;dw06;dw07;dw08,dw08,105,1,2026-08-27T12:49:45.218+0200,dw05,4B92,155,2170,44,-652,2070,3.01,72235
ground-height-0m-20260825-163632,d022m_r180_run01.csv,0,22,180,dw00;dw01;dw02;dw03;dw04;dw05;dw06;dw07;dw08,dw00;dw01;dw02;dw03;dw04;dw05;dw06;dw07;dw08,dw08,125,1,2026-08-27T12:49:45.229+0200,dw06,0789,121,2170,104,158,2164,-2.59,82275
ground-height-0m-20260825-163632,d022m_r180_run01.csv,0,22,180,dw00;dw01;dw02;dw03;dw04;dw05;dw06;dw07;dw08,dw00;dw01;dw02;dw03;dw04;dw05;dw06;dw07;dw08,dw08,75,1,2026-08-27T12:49:45.259+0200,dw03,021B,156,2163,-41,-1793,1211,1.81,12298
ground-height-0m-20260825-163632,d022m_r180_run01.csv,0,22,180,dw00;dw01;dw02;dw03;dw04;dw05;dw06;dw07;dw08,dw00;dw01;dw02;dw03;dw04;dw05;dw06;dw07;dw08,dw08,15,1,2026-08-27T12:49:45.279+0200,dw00,8103,145,2179,-158,1452,1625,1.93,32257
ground-height-0m-20260825-163632,d022m_r180_run01.csv,0,22,180,dw00;dw01;dw02;dw03;dw04;dw05;dw06;dw07;dw08,dw00;dw01;dw02;dw03;dw04;dw05;dw06;dw07;dw08,dw08,55,1,2026-08-27T12:49:45.299+0200,dw02,8FB0,156,2170,-109,2105,525,3.06,52337
ground-height-0m-20260825-163632,d022m_r180_run01.csv,0,22,180,dw00;dw01;dw02;dw03;dw04;dw05;dw06;dw07;dw08,dw00;dw01;dw02;dw03;dw04;dw05;dw06;dw07;dw08,dw08,145,1,2026-08-27T12:49:45.338+0200,dw07,5783,118,2166,151,777,2022,2.32,2092254
ground-height-0m-20260825-163632,d022m_r180_run01.csv,0,22,180,dw00;dw01;dw02;dw03;dw04;dw05;dw06;dw07;dw08,dw00;dw01;dw02;dw03;dw04;dw05;dw06;dw07;dw08,dw08,105,1,2026-08-27T12:49:45.418+0200,dw05,4B92,156,2171,59,-444,2126,3.01,72265
ground-height-0m-20260825-163632,d022m_r180_run01.csv,0,22,180,dw00;dw01;dw02;dw03;dw04;dw05;dw06;dw07;dw08,dw00;dw01;dw02;dw03;dw04;dw05;dw06;dw07;dw08,dw08,90,1,2026-08-27T12:49:45.424+0200,dw04,0F85,156,2160,5,-1158,1823,3.84,77789
ground-height-0m-20260825-163632,d022m_r180_run01.csv,0,22,180,dw00;dw01;dw02;dw03;dw04;dw05;dw06;dw07;dw08,dw00;dw01;dw02;dw03;dw04;dw05;dw06;dw07;dw08,dw08,75,1,2026-08-27T12:49:45.458+0200,dw03,021B,157,2160,-39,-1766,1243,1.93,12298
ground-height-0m-20260825-163632,d022m_r180_run01.csv,0,22,180,dw00;dw01;dw02;dw03;dw04;dw05;dw06;dw07;dw08,dw00;dw01;dw02;dw03;dw04;dw05;dw06;dw07;dw08,dw08,15,1,2026-08-27T12:49:45.479+0200,dw00,8103,146,2178,-152,1535,1545,1.75,32318
ground-height-0m-20260825-163632,d022m_r180_run01.csv,0,22,180,dw00;dw01;dw02;dw03;dw04;dw05;dw06;dw07;dw08,dw00;dw01;dw02;dw03;dw04;dw05;dw06;dw07;dw08,dw08,55,1,2026-08-27T12:49:45.498+0200,dw02,8FB0,157,2167,-103,2167,0,3.06,52337
ground-height-0m-20260825-163632,d022m_r180_run01.csv,0,22,180,dw00;dw01;dw02;dw03;dw04;dw05;dw06;dw07;dw08,dw00;dw01;dw02;dw03;dw04;dw05;dw06;dw07;dw08,dw08,145,1,2026-08-27T12:49:45.539+0200,dw07,5783,119,2166,136,582,2086,2.32,92285
ground-height-0m-20260825-163632,d022m_r180_run01.csv,0,22,180,dw00;dw01;dw02;dw03;dw04;dw05;dw06;dw07;dw08,dw00;dw01;dw02;dw03;dw04;dw05;dw06;dw07;dw08,dw08,90,1,2026-08-27T12:49:45.609+0200,dw04,0F85,157,2163,1,-1223,1784,3.57,62286
ground-height-0m-20260825-163632,d022m_r180_run01.csv,0,22,180,dw00;dw01;dw02;dw03;dw04;dw05;dw06;dw07;dw08,dw00;dw01;dw02;dw03;dw04;dw05;dw06;dw07;dw08,dw08,105,1,2026-08-27T12:49:45.619+0200,dw05,4B92,157,2171,45,-634,2076,3.06,72265
ground-height-0m-20260825-163632,d022m_r180_run01.csv,0,22,180,dw00;dw01;dw02;dw03;dw04;dw05;dw06;dw07;dw08,dw00;dw01;dw02;dw03;dw04;dw05;dw06;dw07;dw08,dw08,125,1,2026-08-27T12:49:45.644+0200,dw06,0789,123,2168,98,77,2167,-2.47,2147483
ground-height-0m-20260825-163632,d022m_r180_run01.csv,0,22,180,dw00;dw01;dw02;dw03;dw04;dw05;dw06;dw07;dw08,dw00;dw01;dw02;dw03;dw04;dw05;dw06;dw07;dw08,dw08,75,1,2026-08-27T12:49:45.659+0200,dw03,021B,158,2164,-43,-1814,1181,1.81,12329
ground-height-0m-20260825-163632,d022m_r180_run01.csv,0,22,180,dw00;dw01;dw02;dw03;dw04;dw05;dw06;dw07;dw08,dw00;dw01;dw02;dw03;dw04;dw05;dw06;dw07;dw08,dw08,15,1,2026-08-27T12:49:45.678+0200,dw00,8103,147,2181,-161,1418,1657,1.81,32257
ground-height-0m-20260825-163632,d022m_r180_run01.csv,0,22,180,dw00;dw01;dw02;dw03;dw04;dw05;dw06;dw07;dw08,dw00;dw01;dw02;dw03;dw04;dw05;dw06;dw07;dw08,dw08,55,1,2026-08-27T12:49:45.699+0200,dw02,8FB0,158,2168,-91,2168,0,3.01,52307
ground-height-0m-20260825-163632,d022m_r180_run01.csv,0,22,180,dw00;dw01;dw02;dw03;dw04;dw05;dw06;dw07;dw08,dw00;dw01;dw02;dw03;dw04;dw05;dw06;dw07;dw08,dw08,145,1,2026-08-27T12:49:45.739+0200,dw07,5783,120,2162,135,563,2087,2.32,2147483
ground-height-0m-20260825-163632,d022m_r180_run01.csv,0,22,180,dw00;dw01;dw02;dw03;dw04;dw05;dw06;dw07;dw08,dw00;dw01;dw02;dw03;dw04;dw05;dw06;dw07;dw08,dw08,90,1,2026-08-27T12:49:45.808+0200,dw04,0F85,158,2161,1,-1222,1782,3.45,62225
ground-height-0m-20260825-163632,d022m_r180_run01.csv,0,22,180,dw00;dw01;dw02;dw03;dw04;dw05;dw06;dw07;dw08,dw00;dw01;dw02;dw03;dw04;dw05;dw06;dw07;dw08,dw08,105,1,2026-08-27T12:49:45.819+0200,dw05,4B92,158,2171,50,-568,2096,3.01,72265
ground-height-0m-20260825-163632,d022m_r180_run01.csv,0,22,180,dw00;dw01;dw02;dw03;dw04;dw05;dw06;dw07;dw08,dw00;dw01;dw02;dw03;dw04;dw05;dw06;dw07;dw08,dw08,125,1,2026-08-27T12:49:45.829+0200,dw06,0789,124,2167,103,137,2163,-2.59,82336
ground-height-0m-20260825-163632,d022m_r180_run01.csv,0,22,180,dw00;dw01;dw02;dw03;dw04;dw05;dw06;dw07;dw08,dw00;dw01;dw02;dw03;dw04;dw05;dw06;dw07;dw08,dw08,75,1,2026-08-27T12:49:45.859+0200,dw03,021B,159,2160,-48,-1882,1060,1.87,12298
ground-height-0m-20260825-163632,d022m_r180_run01.csv,0,22,180,dw00;dw01;dw02;dw03;dw04;dw05;dw06;dw07;dw08,dw00;dw01;dw02;dw03;dw04;dw05;dw06;dw07;dw08,dw08,15,1,2026-08-27T12:49:45.878+0200,dw00,8103,148,2176,-163,1384,1679,1.81,32287
ground-height-0m-20260825-163632,d022m_r180_run01.csv,0,22,180,dw00;dw01;dw02;dw03;dw04;dw05;dw06;dw07;dw08,dw00;dw01;dw02;dw03;dw04;dw05;dw06;dw07;dw08,dw08,55,1,2026-08-27T12:49:45.899+0200,dw02,8FB0,159,2170,-106,2146,320,2.95,52337
ground-height-0m-20260825-163632,d022m_r180_run01.csv,0,22,180,dw00;dw01;dw02;dw03;dw04;dw05;dw06;dw07;dw08,dw00;dw01;dw02;dw03;dw04;dw05;dw06;dw07;dw08,dw08,90,1,2026-08-27T12:49:46.008+0200,dw04,0F85,159,2163,0,-1247,1768,3.39,62225
ground-height-0m-20260825-163632,d022m_r180_run01.csv,0,22,180,dw00;dw01;dw02;dw03;dw04;dw05;dw06;dw07;dw08,dw00;dw01;dw02;dw03;dw04;dw05;dw06;dw07;dw08,dw08,105,1,2026-08-27T12:49:46.019+0200,dw05,4B92,159,2169,49,-578,2090,3.15,72235
ground-height-0m-20260825-163632,d022m_r180_run01.csv,0,22,180,dw00;dw01;dw02;dw03;dw04;dw05;dw06;dw07;dw08,dw00;dw01;dw02;dw03;dw04;dw05;dw06;dw07;dw08,dw08,125,1,2026-08-27T12:49:46.029+0200,dw06,0789,125,2167,101,109,2164,-2.47,82275
ground-height-0m-20260825-163632,d022m_r180_run01.csv,0,22,180,dw00;dw01;dw02;dw03;dw04;dw05;dw06;dw07;dw08,dw00;dw01;dw02;dw03;dw04;dw05;dw06;dw07;dw08,dw08,75,1,2026-08-27T12:49:46.059+0200,dw03,021B,160,2161,-46,-1857,1104,1.81,12298
ground-height-0m-20260825-163632,d022m_r180_run01.csv,0,22,180,dw00;dw01;dw02;dw03;dw04;dw05;dw06;dw07;dw08,dw00;dw01;dw02;dw03;dw04;dw05;dw06;dw07;dw08,dw08,15,1,2026-08-27T12:49:46.079+0200,dw00,8103,149,2181,-153,1530,1554,1.87,32287
ground-height-0m-20260825-163632,d022m_r180_run01.csv,0,22,180,dw00;dw01;dw02;dw03;dw04;dw05;dw06;dw07;dw08,dw00;dw01;dw02;dw03;dw04;dw05;dw06;dw07;dw08,dw08,55,1,2026-08-27T12:49:46.098+0200,dw02,8FB0,160,2168,-84,-2168,0,3.01,52337
ground-height-0m-20260825-163632,d022m_r180_run01.csv,0,22,180,dw00;dw01;dw02;dw03;dw04;dw05;dw06;dw07;dw08,dw00;dw01;dw02;dw03;dw04;dw05;dw06;dw07;dw08,dw08,145,1,2026-08-27T12:49:46.138+0200,dw07,5783,122,2164,143,674,2056,2.26,2147483
ground-height-0m-20260825-163632,d022m_r180_run01.csv,0,22,180,dw00;dw01;dw02;dw03;dw04;dw05;dw06;dw07;dw08,dw00;dw01;dw02;dw03;dw04;dw05;dw06;dw07;dw08,dw08,90,1,2026-08-27T12:49:46.208+0200,dw04,0F85,160,2162,1,-1212,1790,3.33,62255
ground-height-0m-20260825-163632,d022m_r180_run01.csv,0,22,180,dw00;dw01;dw02;dw03;dw04;dw05;dw06;dw07;dw08,dw00;dw01;dw02;dw03;dw04;dw05;dw06;dw07;dw08,dw08,105,1,2026-08-27T12:49:46.218+0200,dw05,4B92,160,2173,51,-559,2100,2.95,72296
ground-height-0m-20260825-163632,d022m_r180_run01.csv,0,22,180,dw00;dw01;dw02;dw03;dw04;dw05;dw06;dw07;dw08,dw00;dw01;dw02;dw03;dw04;dw05;dw06;dw07;dw08,dw08,125,1,2026-08-27T12:49:46.229+0200,dw06,0789,126,2168,96,43,2167,-2.53,82275
ground-height-0m-20260825-163632,d022m_r180_run01.csv,0,22,180,dw00;dw01;dw02;dw03;dw04;dw05;dw06;dw07;dw08,dw00;dw01;dw02;dw03;dw04;dw05;dw06;dw07;dw08,dw08,75,1,2026-08-27T12:49:46.258+0200,dw03,021B,161,2162,-52,-1935,965,1.81,12298
ground-height-0m-20260825-163632,d022m_r180_run01.csv,0,22,180,dw00;dw01;dw02;dw03;dw04;dw05;dw06;dw07;dw08,dw00;dw01;dw02;dw03;dw04;dw05;dw06;dw07;dw08,dw08,15,1,2026-08-27T12:49:46.279+0200,dw00,8103,150,2177,-158,1450,1623,1.75,32318
ground-height-0m-20260825-163632,d022m_r180_run01.csv,0,22,180,dw00;dw01;dw02;dw03;dw04;dw05;dw06;dw07;dw08,dw00;dw01;dw02;dw03;dw04;dw05;dw06;dw07;dw08,dw08,55,1,2026-08-27T12:49:46.298+0200,dw02,8FB0,161,2166,-93,2166,0,3.06,52307
ground-height-0m-20260825-163632,d022m_r180_run01.csv,0,22,180,dw00;dw01;dw02;dw03;dw04;dw05;dw06;dw07;dw08,dw00;dw01;dw02;dw03;dw04;dw05;dw06;dw07;dw08,dw08,145,1,2026-08-27T12:49:46.338+0200,dw07,5783,123,2165,130,500,2107,2.38,2147483
ground-height-0m-20260825-163632,d022m_r180_run01.csv,0,22,180,dw00;dw01;dw02;dw03;dw04;dw05;dw06;dw07;dw08,dw00;dw01;dw02;dw03;dw04;dw05;dw06;dw07;dw08,dw08,90,1,2026-08-27T12:49:46.409+0200,dw04,0F85,161,2166,3,-1190,1809,3.45,62225
ground-height-0m-20260825-163632,d022m_r180_run01.csv,0,22,180,dw00;dw01;dw02;dw03;dw04;dw05;dw06;dw07;dw08,dw00;dw01;dw02;dw03;dw04;dw05;dw06;dw07;dw08,dw08,105,1,2026-08-27T12:49:46.418+0200,dw05,4B92,161,2171,52,-545,2101,3.09,72265
ground-height-0m-20260825-163632,d022m_r180_run01.csv,0,22,180,dw00;dw01;dw02;dw03;dw04;dw05;dw06;dw07;dw08,dw00;dw01;dw02;dw03;dw04;dw05;dw06;dw07;dw08,dw08,125,1,2026-08-27T12:49:46.428+0200,dw06,0789,127,2165,102,126,2162,-2.47,82275
ground-height-0m-20260825-163632,d022m_r180_run01.csv,0,22,180,dw00;dw01;dw02;dw03;dw04;dw05;dw06;dw07;dw08,dw00;dw01;dw02;dw03;dw04;dw05;dw06;dw07;dw08,dw08,75,1,2026-08-27T12:49:46.458+0200,dw03,021B,162,2161,-38,-1753,1263,1.81,12298
ground-height-0m-20260825-163632,d022m_r180_run01.csv,0,22,180,dw00;dw01;dw02;dw03;dw04;dw05;dw06;dw07;dw08,dw00;dw01;dw02;dw03;dw04;dw05;dw06;dw07;dw08,dw08,15,1,2026-08-27T12:49:46.479+0200,dw00,8103,151,2177,-154,1514,1564,1.87,32318
ground-height-0m-20260825-163632,d022m_r180_run01.csv,0,22,180,dw00;dw01;dw02;dw03;dw04;dw05;dw06;dw07;dw08,dw00;dw01;dw02;dw03;dw04;dw05;dw06;dw07;dw08,dw08,55,1,2026-08-27T12:49:46.498+0200,dw02,8FB0,162,2163,-103,2163,0,2.95,52307
ground-height-0m-20260825-163632,d022m_r180_run01.csv,0,22,180,dw00;dw01;dw02;dw03;dw04;dw05;dw06;dw07;dw08,dw00;dw01;dw02;dw03;dw04;dw05;dw06;dw07;dw08,dw08,145,1,2026-08-27T12:49:46.539+0200,dw07,5783,124,2163,140,631,2069,2.44,2147483
ground-height-0m-20260825-163632,d022m_r180_run01.csv,0,22,180,dw00;dw01;dw02;dw03;dw04;dw05;dw06;dw07;dw08,dw00;dw01;dw02;dw03;dw04;dw05;dw06;dw07;dw08,dw08,90,1,2026-08-27T12:49:46.608+0200,dw04,0F85,162,2164,5,-1158,1827,3.57,62225
ground-height-0m-20260825-163632,d022m_r180_run01.csv,0,22,180,dw00;dw01;dw02;dw03;dw04;dw05;dw06;dw07;dw08,dw00;dw01;dw02;dw03;dw04;dw05;dw06;dw07;dw08,dw08,105,1,2026-08-27T12:49:46.619+0200,dw05,4B92,162,2171,47,-605,2085,3.01,72265
ground-height-0m-20260825-163632,d022m_r180_run01.csv,0,22,180,dw00;dw01;dw02;dw03;dw04;dw05;dw06;dw07;dw08,dw00;dw01;dw02;dw03;dw04;dw05;dw06;dw07;dw08,dw08,125,1,2026-08-27T12:49:46.628+0200,dw06,0789,128,2164,105,172,2157,-2.53,82275
ground-height-0m-20260825-163632,d022m_r180_run01.csv,0,22,180,dw00;dw01;dw02;dw03;dw04;dw05;dw06;dw07;dw08,dw00;dw01;dw02;dw03;dw04;dw05;dw06;dw07;dw08,dw08,75,1,2026-08-27T12:49:46.659+0200,dw03,021B,163,2160,-46,-1854,1108,1.93,12298
ground-height-0m-20260825-163632,d022m_r180_run01.csv,0,22,180,dw00;dw01;dw02;dw03;dw04;dw05;dw06;dw07;dw08,dw00;dw01;dw02;dw03;dw04;dw05;dw06;dw07;dw08,dw08,15,1,2026-08-27T12:49:46.678+0200,dw00,8103,152,2177,-160,1431,1641,1.81,32257
ground-height-0m-20260825-163632,d022m_r180_run01.csv,0,22,180,dw00;dw01;dw02;dw03;dw04;dw05;dw06;dw07;dw08,dw00;dw01;dw02;dw03;dw04;dw05;dw06;dw07;dw08,dw08,55,1,2026-08-27T12:49:46.699+0200,dw02,8FB0,163,2170,-86,-2170,0,2.95,52337
ground-height-0m-20260825-163632,d022m_r180_run01.csv,0,22,180,dw00;dw01;dw02;dw03;dw04;dw05;dw06;dw07;dw08,dw00;dw01;dw02;dw03;dw04;dw05;dw06;dw07;dw08,dw08,90,1,2026-08-27T12:49:46.808+0200,dw04,0F85,163,2164,1,-1213,1792,3.33,62225
ground-height-0m-20260825-163632,d022m_r180_run01.csv,0,22,180,dw00;dw01;dw02;dw03;dw04;dw05;dw06;dw07;dw08,dw00;dw01;dw02;dw03;dw04;dw05;dw06;dw07;dw08,dw08,105,1,2026-08-27T12:49:46.819+0200,dw05,4B92,163,2168,44,-641,2071,3.09,72265
ground-height-0m-20260825-163632,d022m_r180_run01.csv,0,22,180,dw00;dw01;dw02;dw03;dw04;dw05;dw06;dw07;dw08,dw00;dw01;dw02;dw03;dw04;dw05;dw06;dw07;dw08,dw08,125,1,2026-08-27T12:49:46.829+0200,dw06,0789,129,2163,112,259,2147,-2.53,82275
ground-height-0m-20260825-163632,d022m_r180_run01.csv,0,22,180,dw00;dw01;dw02;dw03;dw04;dw05;dw06;dw07;dw08,dw00;dw01;dw02;dw03;dw04;dw05;dw06;dw07;dw08,dw08,75,1,2026-08-27T12:49:46.859+0200,dw03,021B,164,2158,-47,-1864,1087,1.87,12298
ground-height-0m-20260825-163632,d022m_r180_run01.csv,0,22,180,dw00;dw01;dw02;dw03;dw04;dw05;dw06;dw07;dw08,dw00;dw01;dw02;dw03;dw04;dw05;dw06;dw07;dw08,dw08,15,1,2026-08-27T12:49:46.878+0200,dw00,8103,153,2180,-166,1344,1716,1.87,32287
ground-height-0m-20260825-163632,d022m_r180_run01.csv,0,22,180,dw00;dw01;dw02;dw03;dw04;dw05;dw06;dw07;dw08,dw00;dw01;dw02;dw03;dw04;dw05;dw06;dw07;dw08,dw08,55,1,2026-08-27T12:49:46.899+0200,dw02,8FB0,164,2169,-110,2088,587,2.95,52337
ground-height-0m-20260825-163632,d022m_r180_run01.csv,0,22,180,dw00;dw01;dw02;dw03;dw04;dw05;dw06;dw07;dw08,dw00;dw01;dw02;dw03;dw04;dw05;dw06;dw07;dw08,dw08,145,1,2026-08-27T12:49:46.938+0200,dw07,5783,126,2164,138,603,2079,2.38,2147483
ground-height-0m-20260825-163632,d022m_r180_run01.csv,0,22,180,dw00;dw01;dw02;dw03;dw04;dw05;dw06;dw07;dw08,dw00;dw01;dw02;dw03;dw04;dw05;dw06;dw07;dw08,dw08,90,1,2026-08-27T12:49:47.008+0200,dw04,0F85,164,2164,1,-1221,1787,3.39,62255
ground-height-0m-20260825-163632,d022m_r180_run01.csv,0,22,180,dw00;dw01;dw02;dw03;dw04;dw05;dw06;dw07;dw08,dw00;dw01;dw02;dw03;dw04;dw05;dw06;dw07;dw08,dw08,105,1,2026-08-27T12:49:47.018+0200,dw05,4B92,164,2170,51,-559,2096,2.95,72235
ground-height-0m-20260825-163632,d022m_r180_run01.csv,0,22,180,dw00;dw01;dw02;dw03;dw04;dw05;dw06;dw07;dw08,dw00;dw01;dw02;dw03;dw04;dw05;dw06;dw07;dw08,dw08,125,1,2026-08-27T12:49:47.029+0200,dw06,0789,130,2169,97,65,2168,-2.71,82275
ground-height-0m-20260825-163632,d022m_r180_run01.csv,0,22,180,dw00;dw01;dw02;dw03;dw04;dw05;dw06;dw07;dw08,dw00;dw01;dw02;dw03;dw04;dw05;dw06;dw07;dw08,dw08,75,1,2026-08-27T12:49:47.058+0200,dw03,021B,165,2162,-58,-2021,769,1.75,12298
ground-height-0m-20260825-163632,d022m_r180_run01.csv,0,22,180,dw00;dw01;dw02;dw03;dw04;dw05;dw06;dw07;dw08,dw00;dw01;dw02;dw03;dw04;dw05;dw06;dw07;dw08,dw08,15,1,2026-08-27T12:49:47.079+0200,dw00,8103,154,2177,-172,1273,1766,1.87,32318
ground-height-0m-20260825-163632,d022m_r180_run01.csv,0,22,180,dw00;dw01;dw02;dw03;dw04;dw05;dw06;dw07;dw08,dw00;dw01;dw02;dw03;dw04;dw05;dw06;dw07;dw08,dw08,55,1,2026-08-27T12:49:47.098+0200,dw02,8FB0,165,2171,-94,2171,0,3.06,52337
ground-height-0m-20260825-163632,d022m_r180_run01.csv,0,22,180,dw00;dw01;dw02;dw03;dw04;dw05;dw06;dw07;dw08,dw00;dw01;dw02;dw03;dw04;dw05;dw06;dw07;dw08,dw08,90,1,2026-08-27T12:49:47.209+0200,dw04,0F85,165,2164,3,-1190,1807,3.39,62255
ground-height-0m-20260825-163632,d022m_r180_run01.csv,0,22,180,dw00;dw01;dw02;dw03;dw04;dw05;dw06;dw07;dw08,dw00;dw01;dw02;dw03;dw04;dw05;dw06;dw07;dw08,dw08,105,1,2026-08-27T12:49:47.218+0200,dw05,4B92,165,2169,55,-503,2109,3.06,72296
ground-height-0m-20260825-163632,d022m_r180_run01.csv,0,22,180,dw00;dw01;dw02;dw03;dw04;dw05;dw06;dw07;dw08,dw00;dw01;dw02;dw03;dw04;dw05;dw06;dw07;dw08,dw08,125,1,2026-08-27T12:49:47.228+0200,dw06,0789,131,2166,103,136,2162,-2.59,82275
ground-height-0m-20260825-163632,d022m_r180_run01.csv,0,22,180,dw00;dw01;dw02;dw03;dw04;dw05;dw06;dw07;dw08,dw00;dw01;dw02;dw03;dw04;dw05;dw06;dw07;dw08,dw08,75,1,2026-08-27T12:49:47.259+0200,dw03,021B,166,2163,-39,-1770,1243,1.81,12298
ground-height-0m-20260825-163632,d022m_r180_run01.csv,0,22,180,dw00;dw01;dw02;dw03;dw04;dw05;dw06;dw07;dw08,dw00;dw01;dw02;dw03;dw04;dw05;dw06;dw07;dw08,dw08,15,1,2026-08-27T12:49:47.280+0200,dw00,8103,155,2178,-162,1403,1667,1.81,32318
ground-height-0m-20260825-163632,d022m_r180_run01.csv,0,22,180,dw00;dw01;dw02;dw03;dw04;dw05;dw06;dw07;dw08,dw00;dw01;dw02;dw03;dw04;dw05;dw06;dw07;dw08,dw08,55,1,2026-08-27T12:49:47.299+0200,dw02,8FB0,166,2166,-100,2166,0,2.95,52307
ground-height-0m-20260825-163632,d022m_r180_run01.csv,0,22,180,dw00;dw01;dw02;dw03;dw04;dw05;dw06;dw07;dw08,dw00;dw01;dw02;dw03;dw04;dw05;dw06;dw07;dw08,dw08,145,1,2026-08-27T12:49:47.355+0200,dw07,5783,128,2165,137,599,2081,2.59,2147483
ground-height-0m-20260825-163632,d022m_r180_run01.csv,0,22,180,dw00;dw01;dw02;dw03;dw04;dw05;dw06;dw07;dw08,dw00;dw01;dw02;dw03;dw04;dw05;dw06;dw07;dw08,dw08,90,1,2026-08-27T12:49:47.410+0200,dw04,0F85,166,2161,2,-1202,1796,3.45,2147483
ground-height-0m-20260825-163632,d022m_r180_run01.csv,0,22,180,dw00;dw01;dw02;dw03;dw04;dw05;dw06;dw07;dw08,dw00;dw01;dw02;dw03;dw04;dw05;dw06;dw07;dw08,dw08,105,1,2026-08-27T12:49:47.419+0200,dw05,4B92,166,2171,51,-550,2100,3.06,2147483
ground-height-0m-20260825-163632,d022m_r180_run01.csv,0,22,180,dw00;dw01;dw02;dw03;dw04;dw05;dw06;dw07;dw08,dw00;dw01;dw02;dw03;dw04;dw05;dw06;dw07;dw08,dw08,125,1,2026-08-27T12:49:47.429+0200,dw06,0789,132,2163,102,130,2159,-2.53,2147483
ground-height-0m-20260825-163632,d022m_r180_run01.csv,0,22,180,dw00;dw01;dw02;dw03;dw04;dw05;dw06;dw07;dw08,dw00;dw01;dw02;dw03;dw04;dw05;dw06;dw07;dw08,dw08,75,1,2026-08-27T12:49:47.459+0200,dw03,021B,167,2163,-38,-1750,1271,1.81,12298
ground-height-0m-20260825-163632,d022m_r180_run01.csv,0,22,180,dw00;dw01;dw02;dw03;dw04;dw05;dw06;dw07;dw08,dw00;dw01;dw02;dw03;dw04;dw05;dw06;dw07;dw08,dw08,15,1,2026-08-27T12:49:47.479+0200,dw00,8103,156,2178,-155,1491,1587,1.87,32348
ground-height-0m-20260825-163632,d022m_r180_run01.csv,0,22,180,dw00;dw01;dw02;dw03;dw04;dw05;dw06;dw07;dw08,dw00;dw01;dw02;dw03;dw04;dw05;dw06;dw07;dw08,dw08,55,1,2026-08-27T12:49:47.499+0200,dw02,8FB0,167,2168,-91,2168,0,3.01,52307
ground-height-0m-20260825-163632,d022m_r180_run01.csv,0,22,180,dw00;dw01;dw02;dw03;dw04;dw05;dw06;dw07;dw08,dw00;dw01;dw02;dw03;dw04;dw05;dw06;dw07;dw08,dw08,90,1,2026-08-27T12:49:47.627+0200,dw04,0F85,167,2165,-1,-1262,1759,3.45,80566
ground-height-0m-20260825-163632,d022m_r180_run01.csv,0,22,180,dw00;dw01;dw02;dw03;dw04;dw05;dw06;dw07;dw08,dw00;dw01;dw02;dw03;dw04;dw05;dw06;dw07;dw08,dw08,105,1,2026-08-27T12:49:47.637+0200,dw05,4B92,167,2171,57,-475,2119,3.06,90545
ground-height-0m-20260825-163632,d022m_r180_run01.csv,0,22,180,dw00;dw01;dw02;dw03;dw04;dw05;dw06;dw07;dw08,dw00;dw01;dw02;dw03;dw04;dw05;dw06;dw07;dw08,dw08,125,1,2026-08-27T12:49:47.648+0200,dw06,0789,133,2169,103,140,2164,-2.59,732
ground-height-0m-20260825-163632,d022m_r180_run01.csv,0,22,180,dw00;dw01;dw02;dw03;dw04;dw05;dw06;dw07;dw08,dw00;dw01;dw02;dw03;dw04;dw05;dw06;dw07;dw08,dw08,75,1,2026-08-27T12:49:47.659+0200,dw03,021B,168,2162,-39,-1759,1257,1.69,12298
ground-height-0m-20260825-163632,d022m_r180_run01.csv,0,22,180,dw00;dw01;dw02;dw03;dw04;dw05;dw06;dw07;dw08,dw00;dw01;dw02;dw03;dw04;dw05;dw06;dw07;dw08,dw08,15,1,2026-08-27T12:49:47.679+0200,dw00,8103,157,2178,-145,1624,1452,1.93,32287
ground-height-0m-20260825-163632,d022m_r180_run01.csv,0,22,180,dw00;dw01;dw02;dw03;dw04;dw05;dw06;dw07;dw08,dw00;dw01;dw02;dw03;dw04;dw05;dw06;dw07;dw08,dw08,55,1,2026-08-27T12:49:47.698+0200,dw02,8FB0,168,2164,-102,2164,0,2.89,52368
ground-height-0m-20260825-163632,d022m_r180_run01.csv,0,22,180,dw00;dw01;dw02;dw03;dw04;dw05;dw06;dw07;dw08,dw00;dw01;dw02;dw03;dw04;dw05;dw06;dw07;dw08,dw08,90,1,2026-08-27T12:49:47.809+0200,dw04,0F85,168,2160,-1,-1253,1759,3.57,62255
ground-height-0m-20260825-163632,d022m_r180_run01.csv,0,22,180,dw00;dw01;dw02;dw03;dw04;dw05;dw06;dw07;dw08,dw00;dw01;dw02;dw03;dw04;dw05;dw06;dw07;dw08,dw08,105,1,2026-08-27T12:49:47.819+0200,dw05,4B92,168,2170,50,-566,2094,3.06,72357
ground-height-0m-20260825-163632,d022m_r180_run01.csv,0,22,180,dw00;dw01;dw02;dw03;dw04;dw05;dw06;dw07;dw08,dw00;dw01;dw02;dw03;dw04;dw05;dw06;dw07;dw08,dw08,75,1,2026-08-27T12:49:47.859+0200,dw03,021B,169,2165,-45,-1852,1121,1.93,2147483
ground-height-0m-20260825-163632,d022m_r180_run01.csv,0,22,180,dw00;dw01;dw02;dw03;dw04;dw05;dw06;dw07;dw08,dw00;dw01;dw02;dw03;dw04;dw05;dw06;dw07;dw08,dw08,15,1,2026-08-27T12:49:47.879+0200,dw00,8103,158,2176,-148,1583,1492,1.93,2147483
ground-height-0m-20260825-163632,d022m_r180_run01.csv,0,22,180,dw00;dw01;dw02;dw03;dw04;dw05;dw06;dw07;dw08,dw00;dw01;dw02;dw03;dw04;dw05;dw06;dw07;dw08,dw08,55,1,2026-08-27T12:49:47.899+0200,dw02,8FB0,169,2167,-99,2167,0,3.06,2147483
ground-height-0m-20260825-163632,d022m_r180_run01.csv,0,22,180,dw00;dw01;dw02;dw03;dw04;dw05;dw06;dw07;dw08,dw00;dw01;dw02;dw03;dw04;dw05;dw06;dw07;dw08,dw08,125,1,2026-08-27T12:49:47.929+0200,dw06,0789,134,2166,95,39,2165,-2.59,2147483
ground-height-0m-20260825-163632,d022m_r180_run01.csv,0,22,180,dw00;dw01;dw02;dw03;dw04;dw05;dw06;dw07;dw08,dw00;dw01;dw02;dw03;dw04;dw05;dw06;dw07;dw08,dw08,90,1,2026-08-27T12:49:48.009+0200,dw04,0F85,169,2163,6,-1152,1831,3.45,62225
ground-height-0m-20260825-163632,d022m_r180_run01.csv,0,22,180,dw00;dw01;dw02;dw03;dw04;dw05;dw06;dw07;dw08,dw00;dw01;dw02;dw03;dw04;dw05;dw06;dw07;dw08,dw08,105,1,2026-08-27T12:49:48.019+0200,dw05,4B92,169,2172,57,-471,2121,2.95,72265
ground-height-0m-20260825-163632,d022m_r180_run01.csv,0,22,180,dw00;dw01;dw02;dw03;dw04;dw05;dw06;dw07;dw08,dw00;dw01;dw02;dw03;dw04;dw05;dw06;dw07;dw08,dw08,75,1,2026-08-27T12:49:48.077+0200,dw03,021B,170,2158,-31,-1658,1381,1.87,30761
ground-height-0m-20260825-163632,d022m_r180_run01.csv,0,22,180,dw00;dw01;dw02;dw03;dw04;dw05;dw06;dw07;dw08,dw00;dw01;dw02;dw03;dw04;dw05;dw06;dw07;dw08,dw08,15,1,2026-08-27T12:49:48.097+0200,dw00,8103,159,2175,-154,1505,1570,1.81,50750
ground-height-0m-20260825-163632,d022m_r180_run01.csv,0,22,180,dw00;dw01;dw02;dw03;dw04;dw05;dw06;dw07;dw08,dw00;dw01;dw02;dw03;dw04;dw05;dw06;dw07;dw08,dw08,55,1,2026-08-27T12:49:48.117+0200,dw02,8FB0,170,2167,-100,2167,0,3.09,71014
ground-height-0m-20260825-163632,d022m_r180_run01.csv,0,22,180,dw00;dw01;dw02;dw03;dw04;dw05;dw06;dw07;dw08,dw00;dw01;dw02;dw03;dw04;dw05;dw06;dw07;dw08,dw08,145,1,2026-08-27T12:49:48.140+0200,dw07,5783,131,2162,150,765,2022,2.32,2147483
ground-height-0m-20260825-163632,d022m_r180_run01.csv,0,22,180,dw00;dw01;dw02;dw03;dw04;dw05;dw06;dw07;dw08,dw00;dw01;dw02;dw03;dw04;dw05;dw06;dw07;dw08,dw08,125,1,2026-08-27T12:49:48.148+0200,dw06,0789,135,2166,106,187,2158,-2.59,732
ground-height-0m-20260825-163632,d022m_r180_run01.csv,0,22,180,dw00;dw01;dw02;dw03;dw04;dw05;dw06;dw07;dw08,dw00;dw01;dw02;dw03;dw04;dw05;dw06;dw07;dw08,dw08,90,1,2026-08-27T12:49:48.208+0200,dw04,0F85,170,2162,-2,-1273,1747,3.51,62225
ground-height-0m-20260825-163632,d022m_r180_run01.csv,0,22,180,dw00;dw01;dw02;dw03;dw04;dw05;dw06;dw07;dw08,dw00;dw01;dw02;dw03;dw04;dw05;dw06;dw07;dw08,dw08,105,1,2026-08-27T12:49:48.219+0200,dw05,4B92,170,2171,43,-655,2070,3.01,72204
ground-height-0m-20260825-163632,d022m_r180_run01.csv,0,22,180,dw00;dw01;dw02;dw03;dw04;dw05;dw06;dw07;dw08,dw00;dw01;dw02;dw03;dw04;dw05;dw06;dw07;dw08,dw08,75,1,2026-08-27T12:49:48.259+0200,dw03,021B,171,2160,-48,-1887,1052,1.93,12359
ground-height-0m-20260825-163632,d022m_r180_run01.csv,0,22,180,dw00;dw01;dw02;dw03;dw04;dw05;dw06;dw07;dw08,dw00;dw01;dw02;dw03;dw04;dw05;dw06;dw07;dw08,dw08,15,1,2026-08-27T12:49:48.278+0200,dw00,8103,160,2178,-153,1522,1558,1.93,32348
ground-height-0m-20260825-163632,d022m_r180_run01.csv,0,22,180,dw00;dw01;dw02;dw03;dw04;dw05;dw06;dw07;dw08,dw00;dw01;dw02;dw03;dw04;dw05;dw06;dw07;dw08,dw08,55,1,2026-08-27T12:49:48.299+0200,dw02,8FB0,171,2168,-100,2168,0,3.01,52337
ground-height-0m-20260825-163632,d022m_r180_run01.csv,0,22,180,dw00;dw01;dw02;dw03;dw04;dw05;dw06;dw07;dw08,dw00;dw01;dw02;dw03;dw04;dw05;dw06;dw07;dw08,dw08,145,1,2026-08-27T12:49:48.339+0200,dw07,5783,132,2167,164,961,1942,2.44,2147483
ground-height-0m-20260825-163632,d022m_r180_run01.csv,0,22,180,dw00;dw01;dw02;dw03;dw04;dw05;dw06;dw07;dw08,dw00;dw01;dw02;dw03;dw04;dw05;dw06;dw07;dw08,dw08,90,1,2026-08-27T12:49:48.408+0200,dw04,0F85,171,2164,0,-1251,1765,3.51,62225
ground-height-0m-20260825-163632,d022m_r180_run01.csv,0,22,180,dw00;dw01;dw02;dw03;dw04;dw05;dw06;dw07;dw08,dw00;dw01;dw02;dw03;dw04;dw05;dw06;dw07;dw08,dw08,105,1,2026-08-27T12:49:48.419+0200,dw05,4B92,171,2172,48,-588,2091,3.06,72235
ground-height-0m-20260825-163632,d022m_r180_run01.csv,0,22,180,dw00;dw01;dw02;dw03;dw04;dw05;dw06;dw07;dw08,dw00;dw01;dw02;dw03;dw04;dw05;dw06;dw07;dw08,dw08,125,1,2026-08-27T12:49:48.429+0200,dw06,0789,136,2168,111,244,2154,-2.53,82336
ground-height-0m-20260825-163632,d022m_r180_run01.csv,0,22,180,dw00;dw01;dw02;dw03;dw04;dw05;dw06;dw07;dw08,dw00;dw01;dw02;dw03;dw04;dw05;dw06;dw07;dw08,dw08,75,1,2026-08-27T12:49:48.459+0200,dw03,021B,172,2159,-40,-1772,1233,1.75,12268
ground-height-0m-20260825-163632,d022m_r180_run01.csv,0,22,180,dw00;dw01;dw02;dw03;dw04;dw05;dw06;dw07;dw08,dw00;dw01;dw02;dw03;dw04;dw05;dw06;dw07;dw08,dw08,15,1,2026-08-27T12:49:48.479+0200,dw00,8103,161,2179,-159,1447,1629,1.81,32257
ground-height-0m-20260825-163632,d022m_r180_run01.csv,0,22,180,dw00;dw01;dw02;dw03;dw04;dw05;dw06;dw07;dw08,dw00;dw01;dw02;dw03;dw04;dw05;dw06;dw07;dw08,dw08,55,1,2026-08-27T12:49:48.498+0200,dw02,8FB0,172,2165,-94,2165,0,2.95,52337
ground-height-0m-20260825-163632,d022m_r180_run01.csv,0,22,180,dw00;dw01;dw02;dw03;dw04;dw05;dw06;dw07;dw08,dw00;dw01;dw02;dw03;dw04;dw05;dw06;dw07;dw08,dw08,90,1,2026-08-27T12:49:48.608+0200,dw04,0F85,172,2162,6,-1153,1829,3.45,62225
ground-height-0m-20260825-163632,d022m_r180_run01.csv,0,22,180,dw00;dw01;dw02;dw03;dw04;dw05;dw06;dw07;dw08,dw00;dw01;dw02;dw03;dw04;dw05;dw06;dw07;dw08,dw08,105,1,2026-08-27T12:49:48.618+0200,dw05,4B92,172,2169,53,-523,2105,3.06,72235
ground-height-0m-20260825-163632,d022m_r180_run01.csv,0,22,180,dw00;dw01;dw02;dw03;dw04;dw05;dw06;dw07;dw08,dw00;dw01;dw02;dw03;dw04;dw05;dw06;dw07;dw08,dw08,125,1,2026-08-27T12:49:48.629+0200,dw06,0789,137,2163,109,222,2152,-2.59,82244
ground-height-0m-20260825-163632,d022m_r180_run01.csv,0,22,180,dw00;dw01;dw02;dw03;dw04;dw05;dw06;dw07;dw08,dw00;dw01;dw02;dw03;dw04;dw05;dw06;dw07;dw08,dw08,75,1,2026-08-27T12:49:48.658+0200,dw03,021B,173,2165,-37,-1736,1294,1.75,12329
ground-height-0m-20260825-163632,d022m_r180_run01.csv,0,22,180,dw00;dw01;dw02;dw03;dw04;dw05;dw06;dw07;dw08,dw00;dw01;dw02;dw03;dw04;dw05;dw06;dw07;dw08,dw08,15,1,2026-08-27T12:49:48.679+0200,dw00,8103,162,2182,-167,1342,1720,1.93,32318
ground-height-0m-20260825-163632,d022m_r180_run01.csv,0,22,180,dw00;dw01;dw02;dw03;dw04;dw05;dw06;dw07;dw08,dw00;dw01;dw02;dw03;dw04;dw05;dw06;dw07;dw08,dw08,55,1,2026-08-27T12:49:48.698+0200,dw02,8FB0,173,2167,-106,2143,324,2.89,52307
ground-height-0m-20260825-163632,d022m_r180_run01.csv,0,22,180,dw00;dw01;dw02;dw03;dw04;dw05;dw06;dw07;dw08,dw00;dw01;dw02;dw03;dw04;dw05;dw06;dw07;dw08,dw08,145,1,2026-08-27T12:49:48.738+0200,dw07,5783,134,2167,142,656,2065,2.38,2147483
ground-height-0m-20260825-163632,d022m_r180_run01.csv,0,22,180,dw00;dw01;dw02;dw03;dw04;dw05;dw06;dw07;dw08,dw00;dw01;dw02;dw03;dw04;dw05;dw06;dw07;dw08,dw08,90,1,2026-08-27T12:49:48.809+0200,dw04,0F85,173,2162,3,-1187,1807,3.51,62225
ground-height-0m-20260825-163632,d022m_r180_run01.csv,0,22,180,dw00;dw01;dw02;dw03;dw04;dw05;dw06;dw07;dw08,dw00;dw01;dw02;dw03;dw04;dw05;dw06;dw07;dw08,dw08,105,1,2026-08-27T12:49:48.818+0200,dw05,4B92,173,2170,46,-620,2079,3.06,72265
ground-height-0m-20260825-163632,d022m_r180_run01.csv,0,22,180,dw00;dw01;dw02;dw03;dw04;dw05;dw06;dw07;dw08,dw00;dw01;dw02;dw03;dw04;dw05;dw06;dw07;dw08,dw08,125,1,2026-08-27T12:49:48.828+0200,dw06,0789,138,2168,101,116,2165,-2.35,82275
ground-height-0m-20260825-163632,d022m_r180_run01.csv,0,22,180,dw00;dw01;dw02;dw03;dw04;dw05;dw06;dw07;dw08,dw00;dw01;dw02;dw03;dw04;dw05;dw06;dw07;dw08,dw08,75,1,2026-08-27T12:49:48.859+0200,dw03,021B,174,2158,-39,-1762,1245,1.99,12298
ground-height-0m-20260825-163632,d022m_r180_run01.csv,0,22,180,dw00;dw01;dw02;dw03;dw04;dw05;dw06;dw07;dw08,dw00;dw01;dw02;dw03;dw04;dw05;dw06;dw07;dw08,dw08,15,1,2026-08-27T12:49:48.878+0200,dw00,8103,163,2179,-161,1415,1657,1.87,32257
ground-height-0m-20260825-163632,d022m_r180_run01.csv,0,22,180,dw00;dw01;dw02;dw03;dw04;dw05;dw06;dw07;dw08,dw00;dw01;dw02;dw03;dw04;dw05;dw06;dw07;dw08,dw08,55,1,2026-08-27T12:49:48.898+0200,dw02,8FB0,174,2171,-99,2171,0,2.89,52337
ground-height-0m-20260825-163632,d022m_r180_run01.csv,0,22,180,dw00;dw01;dw02;dw03;dw04;dw05;dw06;dw07;dw08,dw00;dw01;dw02;dw03;dw04;dw05;dw06;dw07;dw08,dw08,145,1,2026-08-27T12:49:48.939+0200,dw07,5783,135,2163,153,811,2006,2.50,2147483
ground-height-0m-20260825-163632,d022m_r180_run01.csv,0,22,180,dw00;dw01;dw02;dw03;dw04;dw05;dw06;dw07;dw08,dw00;dw01;dw02;dw03;dw04;dw05;dw06;dw07;dw08,dw08,90,1,2026-08-27T12:49:49.008+0200,dw04,0F85,174,2162,6,-1152,1830,3.45,62225
ground-height-0m-20260825-163632,d022m_r180_run01.csv,0,22,180,dw00;dw01;dw02;dw03;dw04;dw05;dw06;dw07;dw08,dw00;dw01;dw02;dw03;dw04;dw05;dw06;dw07;dw08,dw08,105,1,2026-08-27T12:49:49.019+0200,dw05,4B92,174,2172,55,-497,2114,3.09,72235
ground-height-0m-20260825-163632,d022m_r180_run01.csv,0,22,180,dw00;dw01;dw02;dw03;dw04;dw05;dw06;dw07;dw08,dw00;dw01;dw02;dw03;dw04;dw05;dw06;dw07;dw08,dw08,125,1,2026-08-27T12:49:49.028+0200,dw06,0789,139,2164,103,143,2159,-2.59,82275
ground-height-0m-20260825-163632,d022m_r180_run01.csv,0,22,180,dw00;dw01;dw02;dw03;dw04;dw05;dw06;dw07;dw08,dw00;dw01;dw02;dw03;dw04;dw05;dw06;dw07;dw08,dw08,75,1,2026-08-27T12:49:49.059+0200,dw03,021B,175,2162,-49,-1894,1043,1.57,12298
ground-height-0m-20260825-163632,d022m_r180_run01.csv,0,22,180,dw00;dw01;dw02;dw03;dw04;dw05;dw06;dw07;dw08,dw00;dw01;dw02;dw03;dw04;dw05;dw06;dw07;dw08,dw08,15,1,2026-08-27T12:49:49.078+0200,dw00,8103,164,2182,-155,1502,1582,1.87,32287
ground-height-0m-20260825-163632,d022m_r180_run01.csv,0,22,180,dw00;dw01;dw02;dw03;dw04;dw05;dw06;dw07;dw08,dw00;dw01;dw02;dw03;dw04;dw05;dw06;dw07;dw08,dw08,55,1,2026-08-27T12:49:49.099+0200,dw02,8FB0,175,2170,-99,2169,0,3.06,52337
ground-height-0m-20260825-163632,d022m_r180_run01.csv,0,22,180,dw00;dw01;dw02;dw03;dw04;dw05;dw06;dw07;dw08,dw00;dw01;dw02;dw03;dw04;dw05;dw06;dw07;dw08,dw08,145,1,2026-08-27T12:49:49.139+0200,dw07,5783,136,2169,140,633,2075,2.38,2147483
ground-height-0m-20260825-163632,d022m_r180_run01.csv,0,22,180,dw00;dw01;dw02;dw03;dw04;dw05;dw06;dw07;dw08,dw00;dw01;dw02;dw03;dw04;dw05;dw06;dw07;dw08,dw08,90,1,2026-08-27T12:49:49.208+0200,dw04,0F85,175,2164,0,-1235,1777,3.57,62255
ground-height-0m-20260825-163632,d022m_r180_run01.csv,0,22,180,dw00;dw01;dw02;dw03;dw04;dw05;dw06;dw07;dw08,dw00;dw01;dw02;dw03;dw04;dw05;dw06;dw07;dw08,dw08,105,1,2026-08-27T12:49:49.219+0200,dw05,4B92,175,2170,47,-607,2083,2.95,72235
ground-height-0m-20260825-163632,d022m_r180_run01.csv,0,22,180,dw00;dw01;dw02;dw03;dw04;dw05;dw06;dw07;dw08,dw00;dw01;dw02;dw03;dw04;dw05;dw06;dw07;dw08,dw08,125,1,2026-08-27T12:49:49.229+0200,dw06,0789,140,2168,100,106,2165,-2.59,82275
ground-height-0m-20260825-163632,d022m_r180_run01.csv,0,22,180,dw00;dw01;dw02;dw03;dw04;dw05;dw06;dw07;dw08,dw00;dw01;dw02;dw03;dw04;dw05;dw06;dw07;dw08,dw08,75,1,2026-08-27T12:49:49.259+0200,dw03,021B,176,2161,-52,-1939,954,1.81,12298
ground-height-0m-20260825-163632,d022m_r180_run01.csv,0,22,180,dw00;dw01;dw02;dw03;dw04;dw05;dw06;dw07;dw08,dw00;dw01;dw02;dw03;dw04;dw05;dw06;dw07;dw08,dw08,15,1,2026-08-27T12:49:49.278+0200,dw00,8103,165,2179,-149,1571,1509,1.81,32287
ground-height-0m-20260825-163632,d022m_r180_run01.csv,0,22,180,dw00;dw01;dw02;dw03;dw04;dw05;dw06;dw07;dw08,dw00;dw01;dw02;dw03;dw04;dw05;dw06;dw07;dw08,dw08,55,1,2026-08-27T12:49:49.298+0200,dw02,8FB0,176,2172,-94,2172,0,3.01,52337
ground-height-0m-20260825-163632,d022m_r180_run01.csv,0,22,180,dw00;dw01;dw02;dw03;dw04;dw05;dw06;dw07;dw08,dw00;dw01;dw02;dw03;dw04;dw05;dw06;dw07;dw08,dw08,90,1,2026-08-27T12:49:49.408+0200,dw04,0F85,176,2165,-3,-1292,1737,3.45,62225
ground-height-0m-20260825-163632,d022m_r180_run01.csv,0,22,180,dw00;dw01;dw02;dw03;dw04;dw05;dw06;dw07;dw08,dw00;dw01;dw02;dw03;dw04;dw05;dw06;dw07;dw08,dw08,105,1,2026-08-27T12:49:49.418+0200,dw05,4B92,176,2173,50,-571,2096,3.06,72204
ground-height-0m-20260825-163632,d022m_r180_run01.csv,0,22,180,dw00;dw01;dw02;dw03;dw04;dw05;dw06;dw07;dw08,dw00;dw01;dw02;dw03;dw04;dw05;dw06;dw07;dw08,dw08,125,1,2026-08-27T12:49:49.429+0200,dw06,0789,141,2167,106,182,2159,-2.53,82275
ground-height-0m-20260825-163632,d022m_r180_run01.csv,0,22,180,dw00;dw01;dw02;dw03;dw04;dw05;dw06;dw07;dw08,dw00;dw01;dw02;dw03;dw04;dw05;dw06;dw07;dw08,dw08,75,1,2026-08-27T12:49:49.458+0200,dw03,021B,177,2161,-43,-1811,1179,1.81,12298
ground-height-0m-20260825-163632,d022m_r180_run01.csv,0,22,180,dw00;dw01;dw02;dw03;dw04;dw05;dw06;dw07;dw08,dw00;dw01;dw02;dw03;dw04;dw05;dw06;dw07;dw08,dw08,15,1,2026-08-27T12:49:49.479+0200,dw00,8103,166,2176,-146,1616,1457,1.81,32287
ground-height-0m-20260825-163632,d022m_r180_run01.csv,0,22,180,dw00;dw01;dw02;dw03;dw04;dw05;dw06;dw07;dw08,dw00;dw01;dw02;dw03;dw04;dw05;dw06;dw07;dw08,dw08,55,1,2026-08-27T12:49:49.498+0200,dw02,8FB0,177,2166,-101,2166,0,2.83,52337
ground-height-0m-20260825-163632,d022m_r180_run01.csv,0,22,180,dw00;dw01;dw02;dw03;dw04;dw05;dw06;dw07;dw08,dw00;dw01;dw02;dw03;dw04;dw05;dw06;dw07;dw08,dw08,35,1,2026-08-27T12:49:49.588+0200,dw01,1729,10,2169,14,-1052,1897,3.15,42358
ground-height-0m-20260825-163632,d022m_r180_run01.csv,0,22,180,dw00;dw01;dw02;dw03;dw04;dw05;dw06;dw07;dw08,dw00;dw01;dw02;dw03;dw04;dw05;dw06;dw07;dw08,dw08,90,1,2026-08-27T12:49:49.608+0200,dw04,0F85,177,2164,5,-1159,1828,3.39,62225
ground-height-0m-20260825-163632,d022m_r180_run01.csv,0,22,180,dw00;dw01;dw02;dw03;dw04;dw05;dw06;dw07;dw08,dw00;dw01;dw02;dw03;dw04;dw05;dw06;dw07;dw08,dw08,105,1,2026-08-27T12:49:49.618+0200,dw05,4B92,177,2171,47,-611,2083,3.06,72265
ground-height-0m-20260825-163632,d022m_r180_run01.csv,0,22,180,dw00;dw01;dw02;dw03;dw04;dw05;dw06;dw07;dw08,dw00;dw01;dw02;dw03;dw04;dw05;dw06;dw07;dw08,dw08,125,1,2026-08-27T12:49:49.628+0200,dw06,0789,142,2167,109,215,2156,-2.59,82275
ground-height-0m-20260825-163632,d022m_r180_run01.csv,0,22,180,dw00;dw01;dw02;dw03;dw04;dw05;dw06;dw07;dw08,dw00;dw01;dw02;dw03;dw04;dw05;dw06;dw07;dw08,dw08,75,1,2026-08-27T12:49:49.658+0200,dw03,021B,178,2159,-49,-1897,1031,1.75,12298
ground-height-0m-20260825-163632,d022m_r180_run01.csv,0,22,180,dw00;dw01;dw02;dw03;dw04;dw05;dw06;dw07;dw08,dw00;dw01;dw02;dw03;dw04;dw05;dw06;dw07;dw08,dw08,15,1,2026-08-27T12:49:49.679+0200,dw00,8103,167,2181,-154,1515,1569,1.87,32348
ground-height-0m-20260825-163632,d022m_r180_run01.csv,0,22,180,dw00;dw01;dw02;dw03;dw04;dw05;dw06;dw07;dw08,dw00;dw01;dw02;dw03;dw04;dw05;dw06;dw07;dw08,dw08,55,1,2026-08-27T12:49:49.698+0200,dw02,8FB0,178,2170,-105,2163,177,3.06,52368
ground-height-0m-20260825-163632,d022m_r180_run01.csv,0,22,180,dw00;dw01;dw02;dw03;dw04;dw05;dw06;dw07;dw08,dw00;dw01;dw02;dw03;dw04;dw05;dw06;dw07;dw08,dw08,90,1,2026-08-27T12:49:49.809+0200,dw04,0F85,178,2163,7,-1142,1837,3.57,62286
ground-height-0m-20260825-163632,d022m_r180_run01.csv,0,22,180,dw00;dw01;dw02;dw03;dw04;dw05;dw06;dw07;dw08,dw00;dw01;dw02;dw03;dw04;dw05;dw06;dw07;dw08,dw08,105,1,2026-08-27T12:49:49.818+0200,dw05,4B92,178,2170,57,-479,2116,3.06,72265
ground-height-0m-20260825-163632,d022m_r180_run01.csv,0,22,180,dw00;dw01;dw02;dw03;dw04;dw05;dw06;dw07;dw08,dw00;dw01;dw02;dw03;dw04;dw05;dw06;dw07;dw08,dw08,125,1,2026-08-27T12:49:49.828+0200,dw06,0789,143,2169,104,161,2163,-2.47,82275
ground-height-0m-20260825-163632,d022m_r180_run01.csv,0,22,180,dw00;dw01;dw02;dw03;dw04;dw05;dw06;dw07;dw08,dw00;dw01;dw02;dw03;dw04;dw05;dw06;dw07;dw08,dw08,75,1,2026-08-27T12:49:49.858+0200,dw03,021B,179,2156,-52,-1930,961,1.93,12298
ground-height-0m-20260825-163632,d022m_r180_run01.csv,0,22,180,dw00;dw01;dw02;dw03;dw04;dw05;dw06;dw07;dw08,dw00;dw01;dw02;dw03;dw04;dw05;dw06;dw07;dw08,dw08,15,1,2026-08-27T12:49:49.878+0200,dw00,8103,168,2174,-152,1529,1545,1.93,32257
ground-height-0m-20260825-163632,d022m_r180_run01.csv,0,22,180,dw00;dw01;dw02;dw03;dw04;dw05;dw06;dw07;dw08,dw00;dw01;dw02;dw03;dw04;dw05;dw06;dw07;dw08,dw08,55,1,2026-08-27T12:49:49.898+0200,dw02,8FB0,179,2169,-96,2169,0,2.95,52276
ground-height-0m-20260825-163632,d022m_r180_run01.csv,0,22,180,dw00;dw01;dw02;dw03;dw04;dw05;dw06;dw07;dw08,dw00;dw01;dw02;dw03;dw04;dw05;dw06;dw07;dw08,dw08,145,1,2026-08-27T12:49:49.938+0200,dw07,5783,140,2167,140,636,2071,2.38,2147483
ground-height-0m-20260825-163632,d022m_r180_run01.csv,0,22,180,dw00;dw01;dw02;dw03;dw04;dw05;dw06;dw07;dw08,dw00;dw01;dw02;dw03;dw04;dw05;dw06;dw07;dw08,dw08,90,1,2026-08-27T12:49:50.008+0200,dw04,0F85,179,2165,0,-1240,1775,3.57,62225
ground-height-0m-20260825-163632,d022m_r180_run01.csv,0,22,180,dw00;dw01;dw02;dw03;dw04;dw05;dw06;dw07;dw08,dw00;dw01;dw02;dw03;dw04;dw05;dw06;dw07;dw08,dw08,105,1,2026-08-27T12:49:50.018+0200,dw05,4B92,179,2171,52,-536,2104,3.01,72204
ground-height-0m-20260825-163632,d022m_r180_run01.csv,0,22,180,dw00;dw01;dw02;dw03;dw04;dw05;dw06;dw07;dw08,dw00;dw01;dw02;dw03;dw04;dw05;dw06;dw07;dw08,dw08,125,1,2026-08-27T12:49:50.028+0200,dw06,0789,144,2167,99,87,2165,-2.59,82275
ground-height-0m-20260825-163632,d022m_r180_run01.csv,0,22,180,dw00;dw01;dw02;dw03;dw04;dw05;dw06;dw07;dw08,dw00;dw01;dw02;dw03;dw04;dw05;dw06;dw07;dw08,dw08,75,1,2026-08-27T12:49:50.059+0200,dw03,021B,180,2158,-44,-1826,1150,1.87,12298
ground-height-0m-20260825-163632,d022m_r180_run01.csv,0,22,180,dw00;dw01;dw02;dw03;dw04;dw05;dw06;dw07;dw08,dw00;dw01;dw02;dw03;dw04;dw05;dw06;dw07;dw08,dw08,15,1,2026-08-27T12:49:50.078+0200,dw00,8103,169,2180,-144,1645,1430,1.87,32287
ground-height-0m-20260825-163632,d022m_r180_run01.csv,0,22,180,dw00;dw01;dw02;dw03;dw04;dw05;dw06;dw07;dw08,dw00;dw01;dw02;dw03;dw04;dw05;dw06;dw07;dw08,dw08,55,1,2026-08-27T12:49:50.099+0200,dw02,8FB0,180,2168,-108,2122,443,3.01,52337
ground-height-0m-20260825-163632,d022m_r180_run01.csv,0,22,180,dw00;dw01;dw02;dw03;dw04;dw05;dw06;dw07;dw08,dw00;dw01;dw02;dw03;dw04;dw05;dw06;dw07;dw08,dw08,145,1,2026-08-27T12:49:50.138+0200,dw07,5783,141,2168,128,480,2114,2.44,2147483
ground-height-0m-20260825-163632,d022m_r180_run01.csv,0,22,180,dw00;dw01;dw02;dw03;dw04;dw05;dw06;dw07;dw08,dw00;dw01;dw02;dw03;dw04;dw05;dw06;dw07;dw08,dw08,90,1,2026-08-27T12:49:50.208+0200,dw04,0F85,180,2164,5,-1164,1825,3.51,62225
ground-height-0m-20260825-163632,d022m_r180_run01.csv,0,22,180,dw00;dw01;dw02;dw03;dw04;dw05;dw06;dw07;dw08,dw00;dw01;dw02;dw03;dw04;dw05;dw06;dw07;dw08,dw08,105,1,2026-08-27T12:49:50.218+0200,dw05,4B92,180,2170,48,-591,2088,2.95,72265
ground-height-0m-20260825-163632,d022m_r180_run01.csv,0,22,180,dw00;dw01;dw02;dw03;dw04;dw05;dw06;dw07;dw08,dw00;dw01;dw02;dw03;dw04;dw05;dw06;dw07;dw08,dw08,125,1,2026-08-27T12:49:50.228+0200,dw06,0789,145,2168,109,216,2157,-2.53,82275
ground-height-0m-20260825-163632,d022m_r180_run01.csv,0,22,180,dw00;dw01;dw02;dw03;dw04;dw05;dw06;dw07;dw08,dw00;dw01;dw02;dw03;dw04;dw05;dw06;dw07;dw08,dw08,75,1,2026-08-27T12:49:50.258+0200,dw03,021B,181,2159,-43,-1810,1177,1.93,12298
ground-height-0m-20260825-163632,d022m_r180_run01.csv,0,22,180,dw00;dw01;dw02;dw03;dw04;dw05;dw06;dw07;dw08,dw00;dw01;dw02;dw03;dw04;dw05;dw06;dw07;dw08,dw08,15,1,2026-08-27T12:49:50.278+0200,dw00,8103,170,2181,-152,1536,1547,1.87,32287
ground-height-0m-20260825-163632,d022m_r180_run01.csv,0,22,180,dw00;dw01;dw02;dw03;dw04;dw05;dw06;dw07;dw08,dw00;dw01;dw02;dw03;dw04;dw05;dw06;dw07;dw08,dw08,55,1,2026-08-27T12:49:50.298+0200,dw02,8FB0,181,2163,-90,2163,0,2.89,52307
ground-height-0m-20260825-163632,d022m_r180_run01.csv,0,22,180,dw00;dw01;dw02;dw03;dw04;dw05;dw06;dw07;dw08,dw00;dw01;dw02;dw03;dw04;dw05;dw06;dw07;dw08,dw08,145,1,2026-08-27T12:49:50.338+0200,dw07,5783,142,2161,143,674,2053,2.38,2147483
ground-height-0m-20260825-163632,d022m_r180_run01.csv,0,22,180,dw00;dw01;dw02;dw03;dw04;dw05;dw06;dw07;dw08,dw00;dw01;dw02;dw03;dw04;dw05;dw06;dw07;dw08,dw08,90,1,2026-08-27T12:49:50.408+0200,dw04,0F85,181,2162,-5,-1316,1715,3.57,62225
ground-height-0m-20260825-163632,d022m_r180_run01.csv,0,22,180,dw00;dw01;dw02;dw03;dw04;dw05;dw06;dw07;dw08,dw00;dw01;dw02;dw03;dw04;dw05;dw06;dw07;dw08,dw08,105,1,2026-08-27T12:49:50.418+0200,dw05,4B92,181,2171,53,-522,2107,3.06,72265
ground-height-0m-20260825-163632,d022m_r180_run01.csv,0,22,180,dw00;dw01;dw02;dw03;dw04;dw05;dw06;dw07;dw08,dw00;dw01;dw02;dw03;dw04;dw05;dw06;dw07;dw08,dw08,125,1,2026-08-27T12:49:50.428+0200,dw06,0789,146,2171,105,173,2164,-2.47,82275
ground-height-0m-20260825-163632,d022m_r180_run01.csv,0,22,180,dw00;dw01;dw02;dw03;dw04;dw05;dw06;dw07;dw08,dw00;dw01;dw02;dw03;dw04;dw05;dw06;dw07;dw08,dw08,75,1,2026-08-27T12:49:50.458+0200,dw03,021B,182,2158,-40,-1768,1236,1.75,12298
ground-height-0m-20260825-163632,d022m_r180_run01.csv,0,22,180,dw00;dw01;dw02;dw03;dw04;dw05;dw06;dw07;dw08,dw00;dw01;dw02;dw03;dw04;dw05;dw06;dw07;dw08,dw08,15,1,2026-08-27T12:49:50.478+0200,dw00,8103,171,2177,-163,1389,1677,1.87,32348
ground-height-0m-20260825-163632,d022m_r180_run01.csv,0,22,180,dw00;dw01;dw02;dw03;dw04;dw05;dw06;dw07;dw08,dw00;dw01;dw02;dw03;dw04;dw05;dw06;dw07;dw08,dw08,55,1,2026-08-27T12:49:50.498+0200,dw02,8FB0,182,2171,-117,2002,840,3.01,52307
ground-height-0m-20260825-163632,d022m_r180_run01.csv,0,22,180,dw00;dw01;dw02;dw03;dw04;dw05;dw06;dw07;dw08,dw00;dw01;dw02;dw03;dw04;dw05;dw06;dw07;dw08,dw08,145,1,2026-08-27T12:49:50.538+0200,dw07,5783,143,2164,149,751,2030,2.44,2147483
ground-height-0m-20260825-163632,d022m_r180_run01.csv,0,22,180,dw00;dw01;dw02;dw03;dw04;dw05;dw06;dw07;dw08,dw00;dw01;dw02;dw03;dw04;dw05;dw06;dw07;dw08,dw08,90,1,2026-08-27T12:49:50.609+0200,dw04,0F85,182,2161,5,-1169,1817,3.63,62255
ground-height-0m-20260825-163632,d022m_r180_run01.csv,0,22,180,dw00;dw01;dw02;dw03;dw04;dw05;dw06;dw07;dw08,dw00;dw01;dw02;dw03;dw04;dw05;dw06;dw07;dw08,dw08,105,1,2026-08-27T12:49:50.618+0200,dw05,4B92,182,2169,47,-601,2083,3.06,72204
ground-height-0m-20260825-163632,d022m_r180_run01.csv,0,22,180,dw00;dw01;dw02;dw03;dw04;dw05;dw06;dw07;dw08,dw00;dw01;dw02;dw03;dw04;dw05;dw06;dw07;dw08,dw08,125,1,2026-08-27T12:49:50.628+0200,dw06,0789,147,2165,98,68,2164,-2.47,82275
ground-height-0m-20260825-163632,d022m_r180_run01.csv,0,22,180,dw00;dw01;dw02;dw03;dw04;dw05;dw06;dw07;dw08,dw00;dw01;dw02;dw03;dw04;dw05;dw06;dw07;dw08,dw08,75,1,2026-08-27T12:49:50.658+0200,dw03,021B,183,2158,-32,-1663,1375,1.87,12298
ground-height-0m-20260825-163632,d022m_r180_run01.csv,0,22,180,dw00;dw01;dw02;dw03;dw04;dw05;dw06;dw07;dw08,dw00;dw01;dw02;dw03;dw04;dw05;dw06;dw07;dw08,dw08,15,1,2026-08-27T12:49:50.678+0200,dw00,8103,172,2178,-156,1486,1593,1.81,32287
ground-height-0m-20260825-163632,d022m_r180_run01.csv,0,22,180,dw00;dw01;dw02;dw03;dw04;dw05;dw06;dw07;dw08,dw00;dw01;dw02;dw03;dw04;dw05;dw06;dw07;dw08,dw08,55,1,2026-08-27T12:49:50.698+0200,dw02,8FB0,183,2168,-87,2168,0,2.89,52337
ground-height-0m-20260825-163632,d022m_r180_run01.csv,0,22,180,dw00;dw01;dw02;dw03;dw04;dw05;dw06;dw07;dw08,dw00;dw01;dw02;dw03;dw04;dw05;dw06;dw07;dw08,dw08,145,1,2026-08-27T12:49:50.738+0200,dw07,5783,144,2169,131,512,2107,2.38,2147483
ground-height-0m-20260825-163632,d022m_r180_run01.csv,0,22,180,dw00;dw01;dw02;dw03;dw04;dw05;dw06;dw07;dw08,dw00;dw01;dw02;dw03;dw04;dw05;dw06;dw07;dw08,dw08,90,1,2026-08-27T12:49:50.808+0200,dw04,0F85,183,2162,-1,-1256,1760,3.69,62225
ground-height-0m-20260825-163632,d022m_r180_run01.csv,0,22,180,dw00;dw01;dw02;dw03;dw04;dw05;dw06;dw07;dw08,dw00;dw01;dw02;dw03;dw04;dw05;dw06;dw07;dw08,dw08,105,1,2026-08-27T12:49:50.819+0200,dw05,4B92,183,2168,52,-535,2101,3.01,72296
ground-height-0m-20260825-163632,d022m_r180_run01.csv,0,22,180,dw00;dw01;dw02;dw03;dw04;dw05;dw06;dw07;dw08,dw00;dw01;dw02;dw03;dw04;dw05;dw06;dw07;dw08,dw08,125,1,2026-08-27T12:49:50.828+0200,dw06,0789,148,2168,103,137,2164,-2.65,82275
ground-height-0m-20260825-163632,d022m_r180_run01.csv,0,22,180,dw00;dw01;dw02;dw03;dw04;dw05;dw06;dw07;dw08,dw00;dw01;dw02;dw03;dw04;dw05;dw06;dw07;dw08,dw08,75,1,2026-08-27T12:49:50.858+0200,dw03,021B,184,2159,-48,-1884,1054,1.75,12298
ground-height-0m-20260825-163632,d022m_r180_run01.csv,0,22,180,dw00;dw01;dw02;dw03;dw04;dw05;dw06;dw07;dw08,dw00;dw01;dw02;dw03;dw04;dw05;dw06;dw07;dw08,dw08,15,1,2026-08-27T12:49:50.878+0200,dw00,8103,173,2182,-156,1481,1602,1.93,32287
ground-height-0m-20260825-163632,d022m_r180_run01.csv,0,22,180,dw00;dw01;dw02;dw03;dw04;dw05;dw06;dw07;dw08,dw00;dw01;dw02;dw03;dw04;dw05;dw06;dw07;dw08,dw08,55,1,2026-08-27T12:49:50.897+0200,dw02,8FB0,184,2166,-103,2166,0,2.83,52337
ground-height-0m-20260825-163632,d022m_r180_run01.csv,0,22,180,dw00;dw01;dw02;dw03;dw04;dw05;dw06;dw07;dw08,dw00;dw01;dw02;dw03;dw04;dw05;dw06;dw07;dw08,dw08,145,1,2026-08-27T12:49:50.937+0200,dw07,5783,145,2165,153,802,2011,2.50,2147483
ground-height-0m-20260825-163632,d022m_r180_run01.csv,0,22,180,dw00;dw01;dw02;dw03;dw04;dw05;dw06;dw07;dw08,dw00;dw01;dw02;dw03;dw04;dw05;dw06;dw07;dw08,dw08,90,1,2026-08-27T12:49:51.008+0200,dw04,0F85,184,2165,-2,-1269,1753,3.69,62225
ground-height-0m-20260825-163632,d022m_r180_run01.csv,0,22,180,dw00;dw01;dw02;dw03;dw04;dw05;dw06;dw07;dw08,dw00;dw01;dw02;dw03;dw04;dw05;dw06;dw07;dw08,dw08,105,1,2026-08-27T12:49:51.017+0200,dw05,4B92,184,2169,49,-579,2090,3.06,72235
ground-height-0m-20260825-163632,d022m_r180_run01.csv,0,22,180,dw00;dw01;dw02;dw03;dw04;dw05;dw06;dw07;dw08,dw00;dw01;dw02;dw03;dw04;dw05;dw06;dw07;dw08,dw08,125,1,2026-08-27T12:49:51.028+0200,dw06,0789,149,2168,104,161,2162,-2.53,82275
ground-height-0m-20260825-163632,d022m_r180_run01.csv,0,22,180,dw00;dw01;dw02;dw03;dw04;dw05;dw06;dw07;dw08,dw00;dw01;dw02;dw03;dw04;dw05;dw06;dw07;dw08,dw08,75,1,2026-08-27T12:49:51.057+0200,dw03,021B,185,2162,-52,-1932,970,1.87,12298
ground-height-0m-20260825-163632,d022m_r180_run01.csv,0,22,180,dw00;dw01;dw02;dw03;dw04;dw05;dw06;dw07;dw08,dw00;dw01;dw02;dw03;dw04;dw05;dw06;dw07;dw08,dw08,15,1,2026-08-27T12:49:51.078+0200,dw00,8103,174,2178,-158,1451,1624,1.81,32257
ground-height-0m-20260825-163632,d022m_r180_run01.csv,0,22,180,dw00;dw01;dw02;dw03;dw04;dw05;dw06;dw07;dw08,dw00;dw01;dw02;dw03;dw04;dw05;dw06;dw07;dw08,dw08,55,1,2026-08-27T12:49:51.098+0200,dw02,8FB0,185,2166,-110,2091,565,2.83,52337
ground-height-0m-20260825-163632,d022m_r180_run01.csv,0,22,180,dw00;dw01;dw02;dw03;dw04;dw05;dw06;dw07;dw08,dw00;dw01;dw02;dw03;dw04;dw05;dw06;dw07;dw08,dw08,145,1,2026-08-27T12:49:51.138+0200,dw07,5783,146,2160,135,562,2085,2.38,2147483
ground-height-0m-20260825-163632,d022m_r180_run01.csv,0,22,180,dw00;dw01;dw02;dw03;dw04;dw05;dw06;dw07;dw08,dw00;dw01;dw02;dw03;dw04;dw05;dw06;dw07;dw08,dw08,90,1,2026-08-27T12:49:51.208+0200,dw04,0F85,185,2166,-5,-1309,1726,3.69,62225
ground-height-0m-20260825-163632,d022m_r180_run01.csv,0,22,180,dw00;dw01;dw02;dw03;dw04;dw05;dw06;dw07;dw08,dw00;dw01;dw02;dw03;dw04;dw05;dw06;dw07;dw08,dw08,105,1,2026-08-27T12:49:51.218+0200,dw05,4B92,185,2172,58,-459,2123,3.01,72235
ground-height-0m-20260825-163632,d022m_r180_run01.csv,0,22,180,dw00;dw01;dw02;dw03;dw04;dw05;dw06;dw07;dw08,dw00;dw01;dw02;dw03;dw04;dw05;dw06;dw07;dw08,dw08,125,1,2026-08-27T12:49:51.227+0200,dw06,0789,150,2166,108,204,2157,-2.59,82275
ground-height-0m-20260825-163632,d022m_r180_run01.csv,0,22,180,dw00;dw01;dw02;dw03;dw04;dw05;dw06;dw07;dw08,dw00;dw01;dw02;dw03;dw04;dw05;dw06;dw07;dw08,dw08,75,1,2026-08-27T12:49:51.258+0200,dw03,021B,186,2161,-47,-1868,1086,1.81,12298
ground-height-0m-20260825-163632,d022m_r180_run01.csv,0,22,180,dw00;dw01;dw02;dw03;dw04;dw05;dw06;dw07;dw08,dw00;dw01;dw02;dw03;dw04;dw05;dw06;dw07;dw08,dw08,15,1,2026-08-27T12:49:51.278+0200,dw00,8103,175,2177,-164,1381,1682,1.87,32348
ground-height-0m-20260825-163632,d022m_r180_run01.csv,0,22,180,dw00;dw01;dw02;dw03;dw04;dw05;dw06;dw07;dw08,dw00;dw01;dw02;dw03;dw04;dw05;dw06;dw07;dw08,dw08,55,1,2026-08-27T12:49:51.298+0200,dw02,8FB0,186,2165,-102,2165,0,2.95,52368
ground-height-0m-20260825-163632,d022m_r180_run01.csv,0,22,180,dw00;dw01;dw02;dw03;dw04;dw05;dw06;dw07;dw08,dw00;dw01;dw02;dw03;dw04;dw05;dw06;dw07;dw08,dw08,145,1,2026-08-27T12:49:51.338+0200,dw07,5783,147,2167,143,676,2058,2.38,2147483
ground-height-0m-20260825-163632,d022m_r180_run01.csv,0,22,180,dw00;dw01;dw02;dw03;dw04;dw05;dw06;dw07;dw08,dw00;dw01;dw02;dw03;dw04;dw05;dw06;dw07;dw08,dw08,90,1,2026-08-27T12:49:51.407+0200,dw04,0F85,186,2163,2,-1207,1795,3.72,62225
ground-height-0m-20260825-163632,d022m_r180_run01.csv,0,22,180,dw00;dw01;dw02;dw03;dw04;dw05;dw06;dw07;dw08,dw00;dw01;dw02;dw03;dw04;dw05;dw06;dw07;dw08,dw08,105,1,2026-08-27T12:49:51.418+0200,dw05,4B92,186,2173,49,-587,2092,3.06,72235
ground-height-0m-20260825-163632,d022m_r180_run01.csv,0,22,180,dw00;dw01;dw02;dw03;dw04;dw05;dw06;dw07;dw08,dw00;dw01;dw02;dw03;dw04;dw05;dw06;dw07;dw08,dw08,125,1,2026-08-27T12:49:51.428+0200,dw06,0789,151,2169,104,153,2164,-2.59,82275
ground-height-0m-20260825-163632,d022m_r180_run01.csv,0,22,180,dw00;dw01;dw02;dw03;dw04;dw05;dw06;dw07;dw08,dw00;dw01;dw02;dw03;dw04;dw05;dw06;dw07;dw08,dw08,75,1,2026-08-27T12:49:51.458+0200,dw03,021B,187,2159,-41,-1788,1210,1.75,12298
ground-height-0m-20260825-163632,d022m_r180_run01.csv,0,22,180,dw00;dw01;dw02;dw03;dw04;dw05;dw06;dw07;dw08,dw00;dw01;dw02;dw03;dw04;dw05;dw06;dw07;dw08,dw08,15,1,2026-08-27T12:49:51.477+0200,dw00,8103,176,2180,-161,1423,1651,1.81,32287
ground-height-0m-20260825-163632,d022m_r180_run01.csv,0,22,180,dw00;dw01;dw02;dw03;dw04;dw05;dw06;dw07;dw08,dw00;dw01;dw02;dw03;dw04;dw05;dw06;dw07;dw08,dw08,55,1,2026-08-27T12:49:51.498+0200,dw02,8FB0,187,2170,-98,2170,0,3.06,52337
ground-height-0m-20260825-163632,d022m_r180_run01.csv,0,22,180,dw00;dw01;dw02;dw03;dw04;dw05;dw06;dw07;dw08,dw00;dw01;dw02;dw03;dw04;dw05;dw06;dw07;dw08,dw08,145,1,2026-08-27T12:49:51.538+0200,dw07,5783,148,2164,130,505,2105,2.44,2147483
ground-height-0m-20260825-163632,d022m_r180_run01.csv,0,22,180,dw00;dw01;dw02;dw03;dw04;dw05;dw06;dw07;dw08,dw00;dw01;dw02;dw03;dw04;dw05;dw06;dw07;dw08,dw08,35,1,2026-08-27T12:49:51.588+0200,dw01,1729,20,2171,23,-934,1960,3.21,42327
ground-height-0m-20260825-163632,d022m_r180_run01.csv,0,22,180,dw00;dw01;dw02;dw03;dw04;dw05;dw06;dw07;dw08,dw00;dw01;dw02;dw03;dw04;dw05;dw06;dw07;dw08,dw08,90,1,2026-08-27T12:49:51.607+0200,dw04,0F85,187,2161,0,-1227,1779,3.78,62225
ground-height-0m-20260825-163632,d022m_r180_run01.csv,0,22,180,dw00;dw01;dw02;dw03;dw04;dw05;dw06;dw07;dw08,dw00;dw01;dw02;dw03;dw04;dw05;dw06;dw07;dw08,dw08,105,1,2026-08-27T12:49:51.618+0200,dw05,4B92,187,2170,53,-524,2105,2.95,72235
ground-height-0m-20260825-163632,d022m_r180_run01.csv,0,22,180,dw00;dw01;dw02;dw03;dw04;dw05;dw06;dw07;dw08,dw00;dw01;dw02;dw03;dw04;dw05;dw06;dw07;dw08,dw08,125,1,2026-08-27T12:49:51.628+0200,dw06,0789,152,2165,94,21,2165,-2.47,82275
ground-height-0m-20260825-163632,d022m_r180_run01.csv,0,22,180,dw00;dw01;dw02;dw03;dw04;dw05;dw06;dw07;dw08,dw00;dw01;dw02;dw03;dw04;dw05;dw06;dw07;dw08,dw08,75,1,2026-08-27T12:49:51.658+0200,dw03,021B,188,2163,-34,-1700,1337,1.81,12298
ground-height-0m-20260825-163632,d022m_r180_run01.csv,0,22,180,dw00;dw01;dw02;dw03;dw04;dw05;dw06;dw07;dw08,dw00;dw01;dw02;dw03;dw04;dw05;dw06;dw07;dw08,dw08,15,1,2026-08-27T12:49:51.678+0200,dw00,8103,177,2179,-158,1453,1624,1.93,32287
ground-height-0m-20260825-163632,d022m_r180_run01.csv,0,22,180,dw00;dw01;dw02;dw03;dw04;dw05;dw06;dw07;dw08,dw00;dw01;dw02;dw03;dw04;dw05;dw06;dw07;dw08,dw08,55,1,2026-08-27T12:49:51.697+0200,dw02,8FB0,188,2171,-92,2171,0,3.06,52337
ground-height-0m-20260825-163632,d022m_r180_run01.csv,0,22,180,dw00;dw01;dw02;dw03;dw04;dw05;dw06;dw07;dw08,dw00;dw01;dw02;dw03;dw04;dw05;dw06;dw07;dw08,dw08,145,1,2026-08-27T12:49:51.737+0200,dw07,5783,149,2164,148,744,2032,2.38,2147483
ground-height-0m-20260825-163632,d022m_r180_run01.csv,0,22,180,dw00;dw01;dw02;dw03;dw04;dw05;dw06;dw07;dw08,dw00;dw01;dw02;dw03;dw04;dw05;dw06;dw07;dw08,dw08,90,1,2026-08-27T12:49:51.807+0200,dw04,0F85,188,2165,5,-1161,1827,3.78,62225
ground-height-0m-20260825-163632,d022m_r180_run01.csv,0,22,180,dw00;dw01;dw02;dw03;dw04;dw05;dw06;dw07;dw08,dw00;dw01;dw02;dw03;dw04;dw05;dw06;dw07;dw08,dw08,105,1,2026-08-27T12:49:51.817+0200,dw05,4B92,188,2171,56,-491,2115,3.01,72235
ground-height-0m-20260825-163632,d022m_r180_run01.csv,0,22,180,dw00;dw01;dw02;dw03;dw04;dw05;dw06;dw07;dw08,dw00;dw01;dw02;dw03;dw04;dw05;dw06;dw07;dw08,dw08,125,1,2026-08-27T12:49:51.828+0200,dw06,0789,153,2163,103,142,2159,-2.47,82275
ground-height-0m-20260825-163632,d022m_r180_run01.csv,0,22,180,dw00;dw01;dw02;dw03;dw04;dw05;dw06;dw07;dw08,dw00;dw01;dw02;dw03;dw04;dw05;dw06;dw07;dw08,dw08,75,1,2026-08-27T12:49:51.857+0200,dw03,021B,189,2157,-39,-1760,1247,1.81,12298
ground-height-0m-20260825-163632,d022m_r180_run01.csv,0,22,180,dw00;dw01;dw02;dw03;dw04;dw05;dw06;dw07;dw08,dw00;dw01;dw02;dw03;dw04;dw05;dw06;dw07;dw08,dw08,15,1,2026-08-27T12:49:51.878+0200,dw00,8103,178,2180,-160,1432,1643,1.81,32287
ground-height-0m-20260825-163632,d022m_r180_run01.csv,0,22,180,dw00;dw01;dw02;dw03;dw04;dw05;dw06;dw07;dw08,dw00;dw01;dw02;dw03;dw04;dw05;dw06;dw07;dw08,dw08,55,1,2026-08-27T12:49:51.897+0200,dw02,8FB0,189,2171,-97,2171,0,2.95,52307
ground-height-0m-20260825-163632,d022m_r180_run01.csv,0,22,180,dw00;dw01;dw02;dw03;dw04;dw05;dw06;dw07;dw08,dw00;dw01;dw02;dw03;dw04;dw05;dw06;dw07;dw08,dw08,145,1,2026-08-27T12:49:51.937+0200,dw07,5783,150,2164,146,708,2045,2.44,2147483
ground-height-0m-20260825-163632,d022m_r180_run01.csv,0,22,180,dw00;dw01;dw02;dw03;dw04;dw05;dw06;dw07;dw08,dw00;dw01;dw02;dw03;dw04;dw05;dw06;dw07;dw08,dw08,90,1,2026-08-27T12:49:52.008+0200,dw04,0F85,189,2163,1,-1215,1789,3.84,62225
ground-height-0m-20260825-163632,d022m_r180_run01.csv,0,22,180,dw00;dw01;dw02;dw03;dw04;dw05;dw06;dw07;dw08,dw00;dw01;dw02;dw03;dw04;dw05;dw06;dw07;dw08,dw08,105,1,2026-08-27T12:49:52.017+0200,dw05,4B92,189,2170,50,-561,2096,2.95,72235
ground-height-0m-20260825-163632,d022m_r180_run01.csv,0,22,180,dw00;dw01;dw02;dw03;dw04;dw05;dw06;dw07;dw08,dw00;dw01;dw02;dw03;dw04;dw05;dw06;dw07;dw08,dw08,125,1,2026-08-27T12:49:52.027+0200,dw06,0789,154,2168,103,137,2163,-2.53,82275
ground-height-0m-20260825-163632,d022m_r180_run01.csv,0,22,180,dw00;dw01;dw02;dw03;dw04;dw05;dw06;dw07;dw08,dw00;dw01;dw02;dw03;dw04;dw05;dw06;dw07;dw08,dw08,75,1,2026-08-27T12:49:52.057+0200,dw03,021B,190,2163,-40,-1775,1236,1.81,12329
ground-height-0m-20260825-163632,d022m_r180_run01.csv,0,22,180,dw00;dw01;dw02;dw03;dw04;dw05;dw06;dw07;dw08,dw00;dw01;dw02;dw03;dw04;dw05;dw06;dw07;dw08,dw08,15,1,2026-08-27T12:49:52.077+0200,dw00,8103,179,2178,-146,1617,1459,1.93,32287
ground-height-0m-20260825-163632,d022m_r180_run01.csv,0,22,180,dw00;dw01;dw02;dw03;dw04;dw05;dw06;dw07;dw08,dw00;dw01;dw02;dw03;dw04;dw05;dw06;dw07;dw08,dw08,55,1,2026-08-27T12:49:52.097+0200,dw02,8FB0,190,2168,-95,2168,0,3.09,52307
ground-height-0m-20260825-163632,d022m_r180_run01.csv,0,22,180,dw00;dw01;dw02;dw03;dw04;dw05;dw06;dw07;dw08,dw00;dw01;dw02;dw03;dw04;dw05;dw06;dw07;dw08,dw08,145,1,2026-08-27T12:49:52.137+0200,dw07,5783,151,2165,140,628,2072,2.38,2147483
ground-height-0m-20260825-163632,d022m_r180_run01.csv,0,22,180,dw00;dw01;dw02;dw03;dw04;dw05;dw06;dw07;dw08,dw00;dw01;dw02;dw03;dw04;dw05;dw06;dw07;dw08,dw08,90,1,2026-08-27T12:49:52.207+0200,dw04,0F85,190,2162,2,-1206,1794,3.78,62225
ground-height-0m-20260825-163632,d022m_r180_run01.csv,0,22,180,dw00;dw01;dw02;dw03;dw04;dw05;dw06;dw07;dw08,dw00;dw01;dw02;dw03;dw04;dw05;dw06;dw07;dw08,dw08,105,1,2026-08-27T12:49:52.218+0200,dw05,4B92,190,2169,50,-563,2095,2.95,72235
ground-height-0m-20260825-163632,d022m_r180_run01.csv,0,22,180,dw00;dw01;dw02;dw03;dw04;dw05;dw06;dw07;dw08,dw00;dw01;dw02;dw03;dw04;dw05;dw06;dw07;dw08,dw08,125,1,2026-08-27T12:49:52.227+0200,dw06,0789,155,2166,120,374,2134,-2.59,82305
ground-height-0m-20260825-163632,d022m_r180_run01.csv,0,22,180,dw00;dw01;dw02;dw03;dw04;dw05;dw06;dw07;dw08,dw00;dw01;dw02;dw03;dw04;dw05;dw06;dw07;dw08,dw08,75,1,2026-08-27T12:49:52.258+0200,dw03,021B,191,2160,-45,-1847,1120,1.81,12298
ground-height-0m-20260825-163632,d022m_r180_run01.csv,0,22,180,dw00;dw01;dw02;dw03;dw04;dw05;dw06;dw07;dw08,dw00;dw01;dw02;dw03;dw04;dw05;dw06;dw07;dw08,dw08,15,1,2026-08-27T12:49:52.277+0200,dw00,8103,180,2176,-150,1566,1511,1.87,32287
ground-height-0m-20260825-163632,d022m_r180_run01.csv,0,22,180,dw00;dw01;dw02;dw03;dw04;dw05;dw06;dw07;dw08,dw00;dw01;dw02;dw03;dw04;dw05;dw06;dw07;dw08,dw08,55,1,2026-08-27T12:49:52.298+0200,dw02,8FB0,191,2168,-104,2168,0,2.95,52337
ground-height-0m-20260825-163632,d022m_r180_run01.csv,0,22,180,dw00;dw01;dw02;dw03;dw04;dw05;dw06;dw07;dw08,dw00;dw01;dw02;dw03;dw04;dw05;dw06;dw07;dw08,dw08,90,1,2026-08-27T12:49:52.407+0200,dw04,0F85,191,2162,0,-1234,1775,3.78,62225
ground-height-0m-20260825-163632,d022m_r180_run01.csv,0,22,180,dw00;dw01;dw02;dw03;dw04;dw05;dw06;dw07;dw08,dw00;dw01;dw02;dw03;dw04;dw05;dw06;dw07;dw08,dw08,105,1,2026-08-27T12:49:52.418+0200,dw05,4B92,191,2172,40,-706,2054,2.89,72235
ground-height-0m-20260825-163632,d022m_r180_run01.csv,0,22,180,dw00;dw01;dw02;dw03;dw04;dw05;dw06;dw07;dw08,dw00;dw01;dw02;dw03;dw04;dw05;dw06;dw07;dw08,dw08,125,1,2026-08-27T12:49:52.428+0200,dw06,0789,156,2167,103,137,2163,-2.35,82244
ground-height-0m-20260825-163632,d022m_r180_run01.csv,0,22,180,dw00;dw01;dw02;dw03;dw04;dw05;dw06;dw07;dw08,dw00;dw01;dw02;dw03;dw04;dw05;dw06;dw07;dw08,dw08,75,1,2026-08-27T12:49:52.458+0200,dw03,021B,192,2162,-35,-1709,1324,1.69,12298
ground-height-0m-20260825-163632,d022m_r180_run01.csv,0,22,180,dw00;dw01;dw02;dw03;dw04;dw05;dw06;dw07;dw08,dw00;dw01;dw02;dw03;dw04;dw05;dw06;dw07;dw08,dw08,15,1,2026-08-27T12:49:52.477+0200,dw00,8103,181,2179,-145,1624,1453,1.93,32287
ground-height-0m-20260825-163632,d022m_r180_run01.csv,0,22,180,dw00;dw01;dw02;dw03;dw04;dw05;dw06;dw07;dw08,dw00;dw01;dw02;dw03;dw04;dw05;dw06;dw07;dw08,dw08,55,1,2026-08-27T12:49:52.498+0200,dw02,8FB0,192,2167,-107,2122,438,2.95,52337
ground-height-0m-20260825-163632,d022m_r180_run01.csv,0,22,180,dw00;dw01;dw02;dw03;dw04;dw05;dw06;dw07;dw08,dw00;dw01;dw02;dw03;dw04;dw05;dw06;dw07;dw08,dw08,90,1,2026-08-27T12:49:52.607+0200,dw04,0F85,192,2162,0,-1232,1776,3.78,62255
ground-height-0m-20260825-163632,d022m_r180_run01.csv,0,22,180,dw00;dw01;dw02;dw03;dw04;dw05;dw06;dw07;dw08,dw00;dw01;dw02;dw03;dw04;dw05;dw06;dw07;dw08,dw08,105,1,2026-08-27T12:49:52.617+0200,dw05,4B92,192,2172,52,-539,2104,3.01,72235
ground-height-0m-20260825-163632,d022m_r180_run01.csv,0,22,180,dw00;dw01;dw02;dw03;dw04;dw05;dw06;dw07;dw08,dw00;dw01;dw02;dw03;dw04;dw05;dw06;dw07;dw08,dw08,125,1,2026-08-27T12:49:52.628+0200,dw06,0789,157,2166,99,85,2164,-2.53,82275
ground-height-0m-20260825-163632,d022m_r180_run01.csv,0,22,180,dw00;dw01;dw02;dw03;dw04;dw05;dw06;dw07;dw08,dw00;dw01;dw02;dw03;dw04;dw05;dw06;dw07;dw08,dw08,75,1,2026-08-27T12:49:52.657+0200,dw03,021B,193,2162,-47,-1872,1081,1.69,12298
ground-height-0m-20260825-163632,d022m_r180_run01.csv,0,22,180,dw00;dw01;dw02;dw03;dw04;dw05;dw06;dw07;dw08,dw00;dw01;dw02;dw03;dw04;dw05;dw06;dw07;dw08,dw08,15,1,2026-08-27T12:49:52.678+0200,dw00,8103,182,2182,-161,1423,1653,1.81,32287
ground-height-0m-20260825-163632,d022m_r180_run01.csv,0,22,180,dw00;dw01;dw02;dw03;dw04;dw05;dw06;dw07;dw08,dw00;dw01;dw02;dw03;dw04;dw05;dw06;dw07;dw08,dw08,55,1,2026-08-27T12:49:52.697+0200,dw02,8FB0,193,2166,-105,2154,227,2.95,52307
ground-height-0m-20260825-163632,d022m_r180_run01.csv,0,22,180,dw00;dw01;dw02;dw03;dw04;dw05;dw06;dw07;dw08,dw00;dw01;dw02;dw03;dw04;dw05;dw06;dw07;dw08,dw08,145,1,2026-08-27T12:49:52.753+0200,dw07,5783,154,2166,130,498,2108,2.50,2147483
ground-height-0m-20260825-163632,d022m_r180_run01.csv,0,22,180,dw00;dw01;dw02;dw03;dw04;dw05;dw06;dw07;dw08,dw00;dw01;dw02;dw03;dw04;dw05;dw06;dw07;dw08,dw08,90,1,2026-08-27T12:49:52.807+0200,dw04,0F85,193,2159,3,-1191,1801,3.78,2147483
ground-height-0m-20260825-163632,d022m_r180_run01.csv,0,22,180,dw00;dw01;dw02;dw03;dw04;dw05;dw06;dw07;dw08,dw00;dw01;dw02;dw03;dw04;dw05;dw06;dw07;dw08,dw08,105,1,2026-08-27T12:49:52.817+0200,dw05,4B92,193,2172,47,-605,2086,3.09,2147483
ground-height-0m-20260825-163632,d022m_r180_run01.csv,0,22,180,dw00;dw01;dw02;dw03;dw04;dw05;dw06;dw07;dw08,dw00;dw01;dw02;dw03;dw04;dw05;dw06;dw07;dw08,dw08,125,1,2026-08-27T12:49:52.827+0200,dw06,0789,158,2166,105,163,2160,-2.59,2147483
ground-height-0m-20260825-163632,d022m_r180_run01.csv,0,22,180,dw00;dw01;dw02;dw03;dw04;dw05;dw06;dw07;dw08,dw00;dw01;dw02;dw03;dw04;dw05;dw06;dw07;dw08,dw08,75,1,2026-08-27T12:49:52.857+0200,dw03,021B,194,2158,-37,-1735,1283,1.69,12298
ground-height-0m-20260825-163632,d022m_r180_run01.csv,0,22,180,dw00;dw01;dw02;dw03;dw04;dw05;dw06;dw07;dw08,dw00;dw01;dw02;dw03;dw04;dw05;dw06;dw07;dw08,dw08,15,1,2026-08-27T12:49:52.877+0200,dw00,8103,183,2181,-150,1565,1519,1.75,32287
ground-height-0m-20260825-163632,d022m_r180_run01.csv,0,22,180,dw00;dw01;dw02;dw03;dw04;dw05;dw06;dw07;dw08,dw00;dw01;dw02;dw03;dw04;dw05;dw06;dw07;dw08,dw08,55,1,2026-08-27T12:49:52.897+0200,dw02,8FB0,194,2164,-93,2164,0,3.06,52337
ground-height-0m-20260825-163632,d022m_r180_run01.csv,0,22,180,dw00;dw01;dw02;dw03;dw04;dw05;dw06;dw07;dw08,dw00;dw01;dw02;dw03;dw04;dw05;dw06;dw07;dw08,dw08,90,1,2026-08-27T12:49:53.025+0200,dw04,0F85,194,2162,0,-1228,1780,3.78,80535
ground-height-0m-20260825-163632,d022m_r180_run01.csv,0,22,180,dw00;dw01;dw02;dw03;dw04;dw05;dw06;dw07;dw08,dw00;dw01;dw02;dw03;dw04;dw05;dw06;dw07;dw08,dw08,105,1,2026-08-27T12:49:53.035+0200,dw05,4B92,194,2170,54,-512,2109,2.95,90515
ground-height-0m-20260825-163632,d022m_r180_run01.csv,0,22,180,dw00;dw01;dw02;dw03;dw04;dw05;dw06;dw07;dw08,dw00;dw01;dw02;dw03;dw04;dw05;dw06;dw07;dw08,dw08,125,1,2026-08-27T12:49:53.046+0200,dw06,0789,159,2167,103,146,2162,-2.53,732
ground-height-0m-20260825-163632,d022m_r180_run01.csv,0,22,180,dw00;dw01;dw02;dw03;dw04;dw05;dw06;dw07;dw08,dw00;dw01;dw02;dw03;dw04;dw05;dw06;dw07;dw08,dw08,75,1,2026-08-27T12:49:53.057+0200,dw03,021B,195,2161,-45,-1848,1119,1.81,12298
ground-height-0m-20260825-163632,d022m_r180_run01.csv,0,22,180,dw00;dw01;dw02;dw03;dw04;dw05;dw06;dw07;dw08,dw00;dw01;dw02;dw03;dw04;dw05;dw06;dw07;dw08,dw08,15,1,2026-08-27T12:49:53.077+0200,dw00,8103,184,2177,-163,1383,1681,1.87,32287
ground-height-0m-20260825-163632,d022m_r180_run01.csv,0,22,180,dw00;dw01;dw02;dw03;dw04;dw05;dw06;dw07;dw08,dw00;dw01;dw02;dw03;dw04;dw05;dw06;dw07;dw08,dw08,55,1,2026-08-27T12:49:53.098+0200,dw02,8FB0,195,2168,-103,2168,0,2.95,52276
ground-height-0m-20260825-163632,d022m_r180_run01.csv,0,22,180,dw00;dw01;dw02;dw03;dw04;dw05;dw06;dw07;dw08,dw00;dw01;dw02;dw03;dw04;dw05;dw06;dw07;dw08,dw08,90,1,2026-08-27T12:49:53.207+0200,dw04,0F85,195,2162,-2,-1276,1746,3.78,62286
ground-height-0m-20260825-163632,d022m_r180_run01.csv,0,22,180,dw00;dw01;dw02;dw03;dw04;dw05;dw06;dw07;dw08,dw00;dw01;dw02;dw03;dw04;dw05;dw06;dw07;dw08,dw08,105,1,2026-08-27T12:49:53.218+0200,dw05,4B92,195,2172,52,-540,2104,3.06,72265
ground-height-0m-20260825-163632,d022m_r180_run01.csv,0,22,180,dw00;dw01;dw02;dw03;dw04;dw05;dw06;dw07;dw08,dw00;dw01;dw02;dw03;dw04;dw05;dw06;dw07;dw08,dw08,75,1,2026-08-27T12:49:53.258+0200,dw03,021B,196,2160,-44,-1831,1146,1.81,12298
ground-height-0m-20260825-163632,d022m_r180_run01.csv,0,22,180,dw00;dw01;dw02;dw03;dw04;dw05;dw06;dw07;dw08,dw00;dw01;dw02;dw03;dw04;dw05;dw06;dw07;dw08,dw08,15,1,2026-08-27T12:49:53.277+0200,dw00,8103,185,2180,-171,1277,1766,1.81,32257
ground-height-0m-20260825-163632,d022m_r180_run01.csv,0,22,180,dw00;dw01;dw02;dw03;dw04;dw05;dw06;dw07;dw08,dw00;dw01;dw02;dw03;dw04;dw05;dw06;dw07;dw08,dw08,55,1,2026-08-27T12:49:53.297+0200,dw02,8FB0,196,2167,-86,-2167,0,3.06,52337
ground-height-0m-20260825-163632,d022m_r180_run01.csv,0,22,180,dw00;dw01;dw02;dw03;dw04;dw05;dw06;dw07;dw08,dw00;dw01;dw02;dw03;dw04;dw05;dw06;dw07;dw08,dw08,125,1,2026-08-27T12:49:53.327+0200,dw06,0789,160,2164,101,110,2161,-2.53,82305
ground-height-0m-20260825-163632,d022m_r180_run01.csv,0,22,180,dw00;dw01;dw02;dw03;dw04;dw05;dw06;dw07;dw08,dw00;dw01;dw02;dw03;dw04;dw05;dw06;dw07;dw08,dw08,90,1,2026-08-27T12:49:53.408+0200,dw04,0F85,196,2165,3,-1195,1805,3.90,62225
ground-height-0m-20260825-163632,d022m_r180_run01.csv,0,22,180,dw00;dw01;dw02;dw03;dw04;dw05;dw06;dw07;dw08,dw00;dw01;dw02;dw03;dw04;dw05;dw06;dw07;dw08,dw08,105,1,2026-08-27T12:49:53.418+0200,dw05,4B92,196,2172,48,-590,2091,2.95,72235
ground-height-0m-20260825-163632,d022m_r180_run01.csv,0,22,180,dw00;dw01;dw02;dw03;dw04;dw05;dw06;dw07;dw08,dw00;dw01;dw02;dw03;dw04;dw05;dw06;dw07;dw08,dw08,75,1,2026-08-27T12:49:53.458+0200,dw03,021B,197,2163,-41,-1790,1214,1.75,12298
ground-height-0m-20260825-163632,d022m_r180_run01.csv,0,22,180,dw00;dw01;dw02;dw03;dw04;dw05;dw06;dw07;dw08,dw00;dw01;dw02;dw03;dw04;dw05;dw06;dw07;dw08,dw08,145,1,2026-08-27T12:49:53.469+0200,dw07,5783,157,2167,143,675,2059,2.59,2147483
ground-height-0m-20260825-163632,d022m_r180_run01.csv,0,22,180,dw00;dw01;dw02;dw03;dw04;dw05;dw06;dw07;dw08,dw00;dw01;dw02;dw03;dw04;dw05;dw06;dw07;dw08,dw08,15,1,2026-08-27T12:49:53.478+0200,dw00,8103,186,2177,-170,1294,1750,1.87,2147483
ground-height-0m-20260825-163632,d022m_r180_run01.csv,0,22,180,dw00;dw01;dw02;dw03;dw04;dw05;dw06;dw07;dw08,dw00;dw01;dw02;dw03;dw04;dw05;dw06;dw07;dw08,dw08,55,1,2026-08-27T12:49:53.498+0200,dw02,8FB0,197,2166,-104,2166,0,2.95,2147483
ground-height-0m-20260825-163632,d022m_r180_run01.csv,0,22,180,dw00;dw01;dw02;dw03;dw04;dw05;dw06;dw07;dw08,dw00;dw01;dw02;dw03;dw04;dw05;dw06;dw07;dw08,dw08,125,1,2026-08-27T12:49:53.528+0200,dw06,0789,161,2166,98,72,2165,-2.47,2147483
ground-height-0m-20260825-163632,d022m_r180_run01.csv,0,22,180,dw00;dw01;dw02;dw03;dw04;dw05;dw06;dw07;dw08,dw00;dw01;dw02;dw03;dw04;dw05;dw06;dw07;dw08,dw08,90,1,2026-08-27T12:49:53.608+0200,dw04,0F85,197,2165,-2,-1275,1749,3.78,62225
ground-height-0m-20260825-163632,d022m_r180_run01.csv,0,22,180,dw00;dw01;dw02;dw03;dw04;dw05;dw06;dw07;dw08,dw00;dw01;dw02;dw03;dw04;dw05;dw06;dw07;dw08,dw08,105,1,2026-08-27T12:49:53.618+0200,dw05,4B92,197,2172,44,-643,2074,3.01,72235
ground-height-0m-20260825-163632,d022m_r180_run01.csv,0,22,180,dw00;dw01;dw02;dw03;dw04;dw05;dw06;dw07;dw08,dw00;dw01;dw02;dw03;dw04;dw05;dw06;dw07;dw08,dw08,75,1,2026-08-27T12:49:53.658+0200,dw03,021B,198,2159,-45,-1837,1135,1.75,12298
ground-height-0m-20260825-163632,d022m_r180_run01.csv,0,22,180,dw00;dw01;dw02;dw03;dw04;dw05;dw06;dw07;dw08,dw00;dw01;dw02;dw03;dw04;dw05;dw06;dw07;dw08,dw08,15,1,2026-08-27T12:49:53.696+0200,dw00,8103,187,2177,-150,1556,1522,1.87,50689
ground-height-0m-20260825-163632,d022m_r180_run01.csv,0,22,180,dw00;dw01;dw02;dw03;dw04;dw05;dw06;dw07;dw08,dw00;dw01;dw02;dw03;dw04;dw05;dw06;dw07;dw08,dw08,55,1,2026-08-27T12:49:53.716+0200,dw02,8FB0,198,2165,-99,2165,0,2.95,71044
ground-height-0m-20260825-163632,d022m_r180_run01.csv,0,22,180,dw00;dw01;dw02;dw03;dw04;dw05;dw06;dw07;dw08,dw00;dw01;dw02;dw03;dw04;dw05;dw06;dw07;dw08,dw08,145,1,2026-08-27T12:49:53.739+0200,dw07,5783,158,2162,140,633,2068,2.32,2147483
ground-height-0m-20260825-163632,d022m_r180_run01.csv,0,22,180,dw00;dw01;dw02;dw03;dw04;dw05;dw06;dw07;dw08,dw00;dw01;dw02;dw03;dw04;dw05;dw06;dw07;dw08,dw08,125,1,2026-08-27T12:49:53.746+0200,dw06,0789,162,2165,90,-27,2165,-2.47,701
ground-height-0m-20260825-163632,d022m_r180_run01.csv,0,22,180,dw00;dw01;dw02;dw03;dw04;dw05;dw06;dw07;dw08,dw00;dw01;dw02;dw03;dw04;dw05;dw06;dw07;dw08,dw08,90,1,2026-08-27T12:49:53.807+0200,dw04,0F85,198,2163,6,-1147,1834,3.78,62225
ground-height-0m-20260825-163632,d022m_r180_run01.csv,0,22,180,dw00;dw01;dw02;dw03;dw04;dw05;dw06;dw07;dw08,dw00;dw01;dw02;dw03;dw04;dw05;dw06;dw07;dw08,dw08,105,1,2026-08-27T12:49:53.818+0200,dw05,4B92,198,2172,47,-607,2085,3.01,72235
ground-height-0m-20260825-163632,d022m_r180_run01.csv,0,22,180,dw00;dw01;dw02;dw03;dw04;dw05;dw06;dw07;dw08,dw00;dw01;dw02;dw03;dw04;dw05;dw06;dw07;dw08,dw08,75,1,2026-08-27T12:49:53.858+0200,dw03,021B,199,2159,-46,-1851,1111,1.81,12298
ground-height-0m-20260825-163632,d022m_r180_run01.csv,0,22,180,dw00;dw01;dw02;dw03;dw04;dw05;dw06;dw07;dw08,dw00;dw01;dw02;dw03;dw04;dw05;dw06;dw07;dw08,dw08,15,1,2026-08-27T12:49:53.877+0200,dw00,8103,188,2179,-165,1356,1706,1.87,32318
ground-height-0m-20260825-163632,d022m_r180_run01.csv,0,22,180,dw00;dw01;dw02;dw03;dw04;dw05;dw06;dw07;dw08,dw00;dw01;dw02;dw03;dw04;dw05;dw06;dw07;dw08,dw08,55,1,2026-08-27T12:49:53.898+0200,dw02,8FB0,199,2165,-99,2165,0,2.95,52307
ground-height-0m-20260825-163632,d022m_r180_run01.csv,0,22,180,dw00;dw01;dw02;dw03;dw04;dw05;dw06;dw07;dw08,dw00;dw01;dw02;dw03;dw04;dw05;dw06;dw07;dw08,dw08,145,1,2026-08-27T12:49:53.938+0200,dw07,5783,159,2164,130,497,2106,2.44,2147483
ground-height-0m-20260825-163632,d022m_r180_run01.csv,0,22,180,dw00;dw01;dw02;dw03;dw04;dw05;dw06;dw07;dw08,dw00;dw01;dw02;dw03;dw04;dw05;dw06;dw07;dw08,dw08,90,1,2026-08-27T12:49:54.007+0200,dw04,0F85,199,2167,2,-1203,1802,3.78,62225
ground-height-0m-20260825-163632,d022m_r180_run01.csv,0,22,180,dw00;dw01;dw02;dw03;dw04;dw05;dw06;dw07;dw08,dw00;dw01;dw02;dw03;dw04;dw05;dw06;dw07;dw08,dw08,105,1,2026-08-27T12:49:54.018+0200,dw05,4B92,199,2172,48,-594,2089,3.01,72235
ground-height-0m-20260825-163632,d022m_r180_run01.csv,0,22,180,dw00;dw01;dw02;dw03;dw04;dw05;dw06;dw07;dw08,dw00;dw01;dw02;dw03;dw04;dw05;dw06;dw07;dw08,dw08,125,1,2026-08-27T12:49:54.028+0200,dw06,0789,163,2168,93,8,2168,-2.53,82336
ground-height-0m-20260825-163632,d022m_r180_run01.csv,0,22,180,dw00;dw01;dw02;dw03;dw04;dw05;dw06;dw07;dw08,dw00;dw01;dw02;dw03;dw04;dw05;dw06;dw07;dw08,dw08,75,1,2026-08-27T12:49:54.058+0200,dw03,021B,200,2160,-53,-1945,939,1.81,12298
ground-height-0m-20260825-163632,d022m_r180_run01.csv,0,22,180,dw00;dw01;dw02;dw03;dw04;dw05;dw06;dw07;dw08,dw00;dw01;dw02;dw03;dw04;dw05;dw06;dw07;dw08,dw08,15,1,2026-08-27T12:49:54.078+0200,dw00,8103,189,2180,-156,1482,1598,1.87,32318
ground-height-0m-20260825-163632,d022m_r180_run01.csv,0,22,180,dw00;dw01;dw02;dw03;dw04;dw05;dw06;dw07;dw08,dw00;dw01;dw02;dw03;dw04;dw05;dw06;dw07;dw08,dw08,55,1,2026-08-27T12:49:54.097+0200,dw02,8FB0,200,2170,-102,2170,0,3.06,52337
ground-height-0m-20260825-163632,d022m_r180_run01.csv,0,22,180,dw00;dw01;dw02;dw03;dw04;dw05;dw06;dw07;dw08,dw00;dw01;dw02;dw03;dw04;dw05;dw06;dw07;dw08,dw08,145,1,2026-08-27T12:49:54.137+0200,dw07,5783,160,2164,139,625,2072,2.38,2147483
ground-height-0m-20260825-163632,d022m_r180_run01.csv,0,22,180,dw00;dw01;dw02;dw03;dw04;dw05;dw06;dw07;dw08,dw00;dw01;dw02;dw03;dw04;dw05;dw06;dw07;dw08,dw08,90,1,2026-08-27T12:49:54.208+0200,dw04,0F85,200,2162,0,-1242,1769,3.84,62225
ground-height-0m-20260825-163632,d022m_r180_run01.csv,0,22,180,dw00;dw01;dw02;dw03;dw04;dw05;dw06;dw07;dw08,dw00;dw01;dw02;dw03;dw04;dw05;dw06;dw07;dw08,dw08,105,1,2026-08-27T12:49:54.217+0200,dw05,4B92,200,2173,47,-606,2086,2.95,72235
ground-height-0m-20260825-163632,d022m_r180_run01.csv,0,22,180,dw00;dw01;dw02;dw03;dw04;dw05;dw06;dw07;dw08,dw00;dw01;dw02;dw03;dw04;dw05;dw06;dw07;dw08,dw08,125,1,2026-08-27T12:49:54.228+0200,dw06,0789,164,2167,99,89,2165,-2.47,82244
ground-height-0m-20260825-163632,d022m_r180_run01.csv,0,22,180,dw00;dw01;dw02;dw03;dw04;dw05;dw06;dw07;dw08,dw00;dw01;dw02;dw03;dw04;dw05;dw06;dw07;dw08,dw08,75,1,2026-08-27T12:49:54.257+0200,dw03,021B,201,2161,-46,-1852,1114,1.69,12298
ground-height-0m-20260825-163632,d022m_r180_run01.csv,0,22,180,dw00;dw01;dw02;dw03;dw04;dw05;dw06;dw07;dw08,dw00;dw01;dw02;dw03;dw04;dw05;dw06;dw07;dw08,dw08,15,1,2026-08-27T12:49:54.278+0200,dw00,8103,190,2176,-155,1494,1581,1.93,32348
ground-height-0m-20260825-163632,d022m_r180_run01.csv,0,22,180,dw00;dw01;dw02;dw03;dw04;dw05;dw06;dw07;dw08,dw00;dw01;dw02;dw03;dw04;dw05;dw06;dw07;dw08,dw08,55,1,2026-08-27T12:49:54.297+0200,dw02,8FB0,201,2168,-101,2168,0,2.95,52307
ground-height-0m-20260825-163632,d022m_r180_run01.csv,0,22,180,dw00;dw01;dw02;dw03;dw04;dw05;dw06;dw07;dw08,dw00;dw01;dw02;dw03;dw04;dw05;dw06;dw07;dw08,dw08,90,1,2026-08-27T12:49:54.408+0200,dw04,0F85,201,2164,-4,-1295,1733,3.72,62225
ground-height-0m-20260825-163632,d022m_r180_run01.csv,0,22,180,dw00;dw01;dw02;dw03;dw04;dw05;dw06;dw07;dw08,dw00;dw01;dw02;dw03;dw04;dw05;dw06;dw07;dw08,dw08,105,1,2026-08-27T12:49:54.418+0200,dw05,4B92,201,2168,53,-529,2102,3.01,72296
ground-height-0m-20260825-163632,d022m_r180_run01.csv,0,22,180,dw00;dw01;dw02;dw03;dw04;dw05;dw06;dw07;dw08,dw00;dw01;dw02;dw03;dw04;dw05;dw06;dw07;dw08,dw08,125,1,2026-08-27T12:49:54.427+0200,dw06,0789,165,2166,99,86,2164,-2.59,82275
ground-height-0m-20260825-163632,d022m_r180_run01.csv,0,22,180,dw00;dw01;dw02;dw03;dw04;dw05;dw06;dw07;dw08,dw00;dw01;dw02;dw03;dw04;dw05;dw06;dw07;dw08,dw08,75,1,2026-08-27T12:49:54.458+0200,dw03,021B,202,2161,-50,-1903,1023,1.69,12329
ground-height-0m-20260825-163632,d022m_r180_run01.csv,0,22,180,dw00;dw01;dw02;dw03;dw04;dw05;dw06;dw07;dw08,dw00;dw01;dw02;dw03;dw04;dw05;dw06;dw07;dw08,dw08,15,1,2026-08-27T12:49:54.477+0200,dw00,8103,191,2180,-147,1598,1483,1.99,32257
ground-height-0m-20260825-163632,d022m_r180_run01.csv,0,22,180,dw00;dw01;dw02;dw03;dw04;dw05;dw06;dw07;dw08,dw00;dw01;dw02;dw03;dw04;dw05;dw06;dw07;dw08,dw08,55,1,2026-08-27T12:49:54.498+0200,dw02,8FB0,202,2169,-103,2169,0,2.95,52337
ground-height-0m-20260825-163632,d022m_r180_run01.csv,0,22,180,dw00;dw01;dw02;dw03;dw04;dw05;dw06;dw07;dw08,dw00;dw01;dw02;dw03;dw04;dw05;dw06;dw07;dw08,dw08,90,1,2026-08-27T12:49:54.607+0200,dw04,0F85,202,2167,3,-1195,1807,3.78,2147483
ground-height-0m-20260825-163632,d022m_r180_run01.csv,0,22,180,dw00;dw01;dw02;dw03;dw04;dw05;dw06;dw07;dw08,dw00;dw01;dw02;dw03;dw04;dw05;dw06;dw07;dw08,dw08,105,1,2026-08-27T12:49:54.618+0200,dw05,4B92,202,2174,52,-547,2104,3.06,2147483
ground-height-0m-20260825-163632,d022m_r180_run01.csv,0,22,180,dw00;dw01;dw02;dw03;dw04;dw05;dw06;dw07;dw08,dw00;dw01;dw02;dw03;dw04;dw05;dw06;dw07;dw08,dw08,125,1,2026-08-27T12:49:54.627+0200,dw06,0789,166,2162,113,270,2145,-2.47,2147483
ground-height-0m-20260825-163632,d022m_r180_run01.csv,0,22,180,dw00;dw01;dw02;dw03;dw04;dw05;dw06;dw07;dw08,dw00;dw01;dw02;dw03;dw04;dw05;dw06;dw07;dw08,dw08,75,1,2026-08-27T12:49:54.658+0200,dw03,021B,203,2161,-47,-1868,1086,1.81,12298
ground-height-0m-20260825-163632,d022m_r180_run01.csv,0,22,180,dw00;dw01;dw02;dw03;dw04;dw05;dw06;dw07;dw08,dw00;dw01;dw02;dw03;dw04;dw05;dw06;dw07;dw08,dw08,15,1,2026-08-27T12:49:54.677+0200,dw00,8103,192,2177,-145,1626,1447,1.87,32318
ground-height-0m-20260825-163632,d022m_r180_run01.csv,0,22,180,dw00;dw01;dw02;dw03;dw04;dw05;dw06;dw07;dw08,dw00;dw01;dw02;dw03;dw04;dw05;dw06;dw07;dw08,dw08,55,1,2026-08-27T12:49:54.698+0200,dw02,8FB0,203,2165,-95,2165,0,2.83,52276
ground-height-0m-20260825-163632,d022m_r180_run01.csv,0,22,180,dw00;dw01;dw02;dw03;dw04;dw05;dw06;dw07;dw08,dw00;dw01;dw02;dw03;dw04;dw05;dw06;dw07;dw08,dw08,90,1,2026-08-27T12:49:54.826+0200,dw04,0F85,203,2165,3,-1196,1804,3.78,80566
ground-height-0m-20260825-163632,d022m_r180_run01.csv,0,22,180,dw00;dw01;dw02;dw03;dw04;dw05;dw06;dw07;dw08,dw00;dw01;dw02;dw03;dw04;dw05;dw06;dw07;dw08,dw08,105,1,2026-08-27T12:49:54.835+0200,dw05,4B92,203,2173,50,-571,2096,2.95,90515
ground-height-0m-20260825-163632,d022m_r180_run01.csv,0,22,180,dw00;dw01;dw02;dw03;dw04;dw05;dw06;dw07;dw08,dw00;dw01;dw02;dw03;dw04;dw05;dw06;dw07;dw08,dw08,125,1,2026-08-27T12:49:54.846+0200,dw06,0789,167,2166,96,51,2165,-2.53,732
ground-height-0m-20260825-163632,d022m_r180_run01.csv,0,22,180,dw00;dw01;dw02;dw03;dw04;dw05;dw06;dw07;dw08,dw00;dw01;dw02;dw03;dw04;dw05;dw06;dw07;dw08,dw08,75,1,2026-08-27T12:49:54.857+0200,dw03,021B,204,2159,-41,-1792,1205,1.81,12298
ground-height-0m-20260825-163632,d022m_r180_run01.csv,0,22,180,dw00;dw01;dw02;dw03;dw04;dw05;dw06;dw07;dw08,dw00;dw01;dw02;dw03;dw04;dw05;dw06;dw07;dw08,dw08,15,1,2026-08-27T12:49:54.877+0200,dw00,8103,193,2178,-167,1332,1723,1.75,32226
ground-height-0m-20260825-163632,d022m_r180_run01.csv,0,22,180,dw00;dw01;dw02;dw03;dw04;dw05;dw06;dw07;dw08,dw00;dw01;dw02;dw03;dw04;dw05;dw06;dw07;dw08,dw08,55,1,2026-08-27T12:49:54.897+0200,dw02,8FB0,204,2169,-97,2169,0,2.95,52337
ground-height-0m-20260825-163632,d022m_r180_run01.csv,0,22,180,dw00;dw01;dw02;dw03;dw04;dw05;dw06;dw07;dw08,dw00;dw01;dw02;dw03;dw04;dw05;dw06;dw07;dw08,dw08,90,1,2026-08-27T12:49:55.007+0200,dw04,0F85,204,2164,0,-1242,1773,3.84,62286
ground-height-0m-20260825-163632,d022m_r180_run01.csv,0,22,180,dw00;dw01;dw02;dw03;dw04;dw05;dw06;dw07;dw08,dw00;dw01;dw02;dw03;dw04;dw05;dw06;dw07;dw08,dw08,105,1,2026-08-27T12:49:55.017+0200,dw05,4B92,204,2171,47,-606,2085,3.09,72326
ground-height-0m-20260825-163632,d022m_r180_run01.csv,0,22,180,dw00;dw01;dw02;dw03;dw04;dw05;dw06;dw07;dw08,dw00;dw01;dw02;dw03;dw04;dw05;dw06;dw07;dw08,dw08,145,1,2026-08-27T12:49:55.053+0200,dw07,5783,164,2161,125,430,2118,2.59,2147483
ground-height-0m-20260825-163632,d022m_r180_run01.csv,0,22,180,dw00;dw01;dw02;dw03;dw04;dw05;dw06;dw07;dw08,dw00;dw01;dw02;dw03;dw04;dw05;dw06;dw07;dw08,dw08,15,1,2026-08-27T12:49:55.078+0200,dw00,8103,194,2179,-162,1397,1672,1.87,2147483
ground-height-0m-20260825-163632,d022m_r180_run01.csv,0,22,180,dw00;dw01;dw02;dw03;dw04;dw05;dw06;dw07;dw08,dw00;dw01;dw02;dw03;dw04;dw05;dw06;dw07;dw08,dw08,55,1,2026-08-27T12:49:55.097+0200,dw02,8FB0,205,2169,-114,2042,731,2.95,2147483
ground-height-0m-20260825-163632,d022m_r180_run01.csv,0,22,180,dw00;dw01;dw02;dw03;dw04;dw05;dw06;dw07;dw08,dw00;dw01;dw02;dw03;dw04;dw05;dw06;dw07;dw08,dw08,125,1,2026-08-27T12:49:55.127+0200,dw06,0789,168,2163,109,222,2152,-2.41,2147483
ground-height-0m-20260825-163632,d022m_r180_run01.csv,0,22,180,dw00;dw01;dw02;dw03;dw04;dw05;dw06;dw07;dw08,dw00;dw01;dw02;dw03;dw04;dw05;dw06;dw07;dw08,dw08,90,1,2026-08-27T12:49:55.207+0200,dw04,0F85,205,2163,2,-1199,1800,3.78,62255
ground-height-0m-20260825-163632,d022m_r180_run01.csv,0,22,180,dw00;dw01;dw02;dw03;dw04;dw05;dw06;dw07;dw08,dw00;dw01;dw02;dw03;dw04;dw05;dw06;dw07;dw08,dw08,105,1,2026-08-27T12:49:55.217+0200,dw05,4B92,205,2172,50,-564,2097,2.89,72235
ground-height-0m-20260825-163632,d022m_r180_run01.csv,0,22,180,dw00;dw01;dw02;dw03;dw04;dw05;dw06;dw07;dw08,dw00;dw01;dw02;dw03;dw04;dw05;dw06;dw07;dw08,dw08,75,1,2026-08-27T12:49:55.273+0200,dw03,021B,206,2160,-48,-1887,1050,1.93,27984
ground-height-0m-20260825-163632,d022m_r180_run01.csv,0,22,180,dw00;dw01;dw02;dw03;dw04;dw05;dw06;dw07;dw08,dw00;dw01;dw02;dw03;dw04;dw05;dw06;dw07;dw08,dw08,15,1,2026-08-27T12:49:55.295+0200,dw00,8103,195,2181,-172,1266,1775,1.81,50720
ground-height-0m-20260825-163632,d022m_r180_run01.csv,0,22,180,dw00;dw01;dw02;dw03;dw04;dw05;dw06;dw07;dw08,dw00;dw01;dw02;dw03;dw04;dw05;dw06;dw07;dw08,dw08,55,1,2026-08-27T12:49:55.316+0200,dw02,8FB0,206,2171,-105,2160,217,3.01,71014
ground-height-0m-20260825-163632,d022m_r180_run01.csv,0,22,180,dw00;dw01;dw02;dw03;dw04;dw05;dw06;dw07;dw08,dw00;dw01;dw02;dw03;dw04;dw05;dw06;dw07;dw08,dw08,145,1,2026-08-27T12:49:55.338+0200,dw07,5783,165,2165,149,760,2027,2.38,2147483
ground-height-0m-20260825-163632,d022m_r180_run01.csv,0,22,180,dw00;dw01;dw02;dw03;dw04;dw05;dw06;dw07;dw08,dw00;dw01;dw02;dw03;dw04;dw05;dw06;dw07;dw08,dw08,125,1,2026-08-27T12:49:55.346+0200,dw06,0789,169,2166,106,187,2158,-2.59,732
ground-height-0m-20260825-163632,d022m_r180_run01.csv,0,22,180,dw00;dw01;dw02;dw03;dw04;dw05;dw06;dw07;dw08,dw00;dw01;dw02;dw03;dw04;dw05;dw06;dw07;dw08,dw08,90,1,2026-08-27T12:49:55.408+0200,dw04,0F85,206,2162,1,-1217,1788,3.69,62255
ground-height-0m-20260825-163632,d022m_r180_run01.csv,0,22,180,dw00;dw01;dw02;dw03;dw04;dw05;dw06;dw07;dw08,dw00;dw01;dw02;dw03;dw04;dw05;dw06;dw07;dw08,dw08,105,1,2026-08-27T12:49:55.417+0200,dw05,4B92,206,2171,43,-661,2068,3.06,72235
ground-height-0m-20260825-163632,d022m_r180_run01.csv,0,22,180,dw00;dw01;dw02;dw03;dw04;dw05;dw06;dw07;dw08,dw00;dw01;dw02;dw03;dw04;dw05;dw06;dw07;dw08,dw08,75,1,2026-08-27T12:49:55.457+0200,dw03,021B,207,2159,-55,-1978,864,1.75,12329
ground-height-0m-20260825-163632,d022m_r180_run01.csv,0,22,180,dw00;dw01;dw02;dw03;dw04;dw05;dw06;dw07;dw08,dw00;dw01;dw02;dw03;dw04;dw05;dw06;dw07;dw08,dw08,15,1,2026-08-27T12:49:55.477+0200,dw00,8103,196,2182,-165,1370,1698,1.75,32318
ground-height-0m-20260825-163632,d022m_r180_run01.csv,0,22,180,dw00;dw01;dw02;dw03;dw04;dw05;dw06;dw07;dw08,dw00;dw01;dw02;dw03;dw04;dw05;dw06;dw07;dw08,dw08,55,1,2026-08-27T12:49:55.497+0200,dw02,8FB0,207,2165,-89,2165,0,2.95,52398
ground-height-0m-20260825-163632,d022m_r180_run01.csv,0,22,180,dw00;dw01;dw02;dw03;dw04;dw05;dw06;dw07;dw08,dw00;dw01;dw02;dw03;dw04;dw05;dw06;dw07;dw08,dw08,145,1,2026-08-27T12:49:55.538+0200,dw07,5783,166,2162,148,739,2032,2.26,2147483
ground-height-0m-20260825-163632,d022m_r180_run01.csv,0,22,180,dw00;dw01;dw02;dw03;dw04;dw05;dw06;dw07;dw08,dw00;dw01;dw02;dw03;dw04;dw05;dw06;dw07;dw08,dw08,90,1,2026-08-27T12:49:55.607+0200,dw04,0F85,207,2163,1,-1218,1787,3.69,62255
ground-height-0m-20260825-163632,d022m_r180_run01.csv,0,22,180,dw00;dw01;dw02;dw03;dw04;dw05;dw06;dw07;dw08,dw00;dw01;dw02;dw03;dw04;dw05;dw06;dw07;dw08,dw08,105,1,2026-08-27T12:49:55.618+0200,dw05,4B92,207,2169,56,-484,2114,2.95,72235
ground-height-0m-20260825-163632,d022m_r180_run01.csv,0,22,180,dw00;dw01;dw02;dw03;dw04;dw05;dw06;dw07;dw08,dw00;dw01;dw02;dw03;dw04;dw05;dw06;dw07;dw08,dw08,125,1,2026-08-27T12:49:55.627+0200,dw06,0789,170,2165,103,140,2161,-2.47,82336
ground-height-0m-20260825-163632,d022m_r180_run01.csv,0,22,180,dw00;dw01;dw02;dw03;dw04;dw05;dw06;dw07;dw08,dw00;dw01;dw02;dw03;dw04;dw05;dw06;dw07;dw08,dw08,75,1,2026-08-27T12:49:55.658+0200,dw03,021B,208,2159,-45,-1847,1117,1.75,12298
ground-height-0m-20260825-163632,d022m_r180_run01.csv,0,22,180,dw00;dw01;dw02;dw03;dw04;dw05;dw06;dw07;dw08,dw00;dw01;dw02;dw03;dw04;dw05;dw06;dw07;dw08,dw08,15,1,2026-08-27T12:49:55.677+0200,dw00,8103,197,2177,-169,1310,1738,1.87,32287
ground-height-0m-20260825-163632,d022m_r180_run01.csv,0,22,180,dw00;dw01;dw02;dw03;dw04;dw05;dw06;dw07;dw08,dw00;dw01;dw02;dw03;dw04;dw05;dw06;dw07;dw08,dw08,55,1,2026-08-27T12:49:55.697+0200,dw02,8FB0,208,2166,-90,2166,0,2.83,52337
ground-height-0m-20260825-163632,d022m_r180_run01.csv,0,22,180,dw00;dw01;dw02;dw03;dw04;dw05;dw06;dw07;dw08,dw00;dw01;dw02;dw03;dw04;dw05;dw06;dw07;dw08,dw08,145,1,2026-08-27T12:49:55.737+0200,dw07,5783,167,2166,132,531,2100,2.50,2147483
ground-height-0m-20260825-163632,d022m_r180_run01.csv,0,22,180,dw00;dw01;dw02;dw03;dw04;dw05;dw06;dw07;dw08,dw00;dw01;dw02;dw03;dw04;dw05;dw06;dw07;dw08,dw08,90,1,2026-08-27T12:49:55.807+0200,dw04,0F85,208,2165,3,-1195,1805,3.78,62225
ground-height-0m-20260825-163632,d022m_r180_run01.csv,0,22,180,dw00;dw01;dw02;dw03;dw04;dw05;dw06;dw07;dw08,dw00;dw01;dw02;dw03;dw04;dw05;dw06;dw07;dw08,dw08,105,1,2026-08-27T12:49:55.817+0200,dw05,4B92,208,2171,48,-594,2088,2.95,72235
ground-height-0m-20260825-163632,d022m_r180_run01.csv,0,22,180,dw00;dw01;dw02;dw03;dw04;dw05;dw06;dw07;dw08,dw00;dw01;dw02;dw03;dw04;dw05;dw06;dw07;dw08,dw08,125,1,2026-08-27T12:49:55.828+0200,dw06,0789,171,2168,96,48,2167,-2.53,82244
ground-height-0m-20260825-163632,d022m_r180_run01.csv,0,22,180,dw00;dw01;dw02;dw03;dw04;dw05;dw06;dw07;dw08,dw00;dw01;dw02;dw03;dw04;dw05;dw06;dw07;dw08,dw08,75,1,2026-08-27T12:49:55.857+0200,dw03,021B,209,2159,-44,-1823,1156,1.75,12298
ground-height-0m-20260825-163632,d022m_r180_run01.csv,0,22,180,dw00;dw01;dw02;dw03;dw04;dw05;dw06;dw07;dw08,dw00;dw01;dw02;dw03;dw04;dw05;dw06;dw07;dw08,dw08,15,1,2026-08-27T12:49:55.877+0200,dw00,8103,198,2180,-151,1545,1538,1.81,32287
ground-height-0m-20260825-163632,d022m_r180_run01.csv,0,22,180,dw00;dw01;dw02;dw03;dw04;dw05;dw06;dw07;dw08,dw00;dw01;dw02;dw03;dw04;dw05;dw06;dw07;dw08,dw08,55,1,2026-08-27T12:49:55.897+0200,dw02,8FB0,209,2168,-84,-2168,0,2.89,52307
ground-height-0m-20260825-163632,d022m_r180_run01.csv,0,22,180,dw00;dw01;dw02;dw03;dw04;dw05;dw06;dw07;dw08,dw00;dw01;dw02;dw03;dw04;dw05;dw06;dw07;dw08,dw08,145,1,2026-08-27T12:49:55.937+0200,dw07,5783,168,2168,127,457,2119,2.38,2147483
ground-height-0m-20260825-163632,d022m_r180_run01.csv,0,22,180,dw00;dw01;dw02;dw03;dw04;dw05;dw06;dw07;dw08,dw00;dw01;dw02;dw03;dw04;dw05;dw06;dw07;dw08,dw08,90,1,2026-08-27T12:49:56.007+0200,dw04,0F85,209,2164,6,-1153,1831,3.90,62225
ground-height-0m-20260825-163632,d022m_r180_run01.csv,0,22,180,dw00;dw01;dw02;dw03;dw04;dw05;dw06;dw07;dw08,dw00;dw01;dw02;dw03;dw04;dw05;dw06;dw07;dw08,dw08,105,1,2026-08-27T12:49:56.017+0200,dw05,4B92,209,2171,54,-513,2109,2.95,72265
ground-height-0m-20260825-163632,d022m_r180_run01.csv,0,22,180,dw00;dw01;dw02;dw03;dw04;dw05;dw06;dw07;dw08,dw00;dw01;dw02;dw03;dw04;dw05;dw06;dw07;dw08,dw08,125,1,2026-08-27T12:49:56.027+0200,dw06,0789,172,2168,106,178,2160,-2.53,82275
ground-height-0m-20260825-163632,d022m_r180_run01.csv,0,22,180,dw00;dw01;dw02;dw03;dw04;dw05;dw06;dw07;dw08,dw00;dw01;dw02;dw03;dw04;dw05;dw06;dw07;dw08,dw08,75,1,2026-08-27T12:49:56.057+0200,dw03,021B,210,2161,-49,-1891,1046,1.69,12298
ground-height-0m-20260825-163632,d022m_r180_run01.csv,0,22,180,dw00;dw01;dw02;dw03;dw04;dw05;dw06;dw07;dw08,dw00;dw01;dw02;dw03;dw04;dw05;dw06;dw07;dw08,dw08,15,1,2026-08-27T12:49:56.077+0200,dw00,8103,199,2177,-153,1528,1551,1.81,32257
ground-height-0m-20260825-163632,d022m_r180_run01.csv,0,22,180,dw00;dw01;dw02;dw03;dw04;dw05;dw06;dw07;dw08,dw00;dw01;dw02;dw03;dw04;dw05;dw06;dw07;dw08,dw08,55,1,2026-08-27T12:49:56.097+0200,dw02,8FB0,210,2164,-102,2164,0,2.77,52307
ground-height-0m-20260825-163632,d022m_r180_run01.csv,0,22,180,dw00;dw01;dw02;dw03;dw04;dw05;dw06;dw07;dw08,dw00;dw01;dw02;dw03;dw04;dw05;dw06;dw07;dw08,dw08,145,1,2026-08-27T12:49:56.137+0200,dw07,5783,169,2162,140,628,2069,2.38,2147483
ground-height-0m-20260825-163632,d022m_r180_run01.csv,0,22,180,dw00;dw01;dw02;dw03;dw04;dw05;dw06;dw07;dw08,dw00;dw01;dw02;dw03;dw04;dw05;dw06;dw07;dw08,dw08,90,1,2026-08-27T12:49:56.208+0200,dw04,0F85,210,2162,0,-1237,1774,3.78,62225
ground-height-0m-20260825-163632,d022m_r180_run01.csv,0,22,180,dw00;dw01;dw02;dw03;dw04;dw05;dw06;dw07;dw08,dw00;dw01;dw02;dw03;dw04;dw05;dw06;dw07;dw08,dw08,105,1,2026-08-27T12:49:56.217+0200,dw05,4B92,210,2170,54,-511,2109,2.95,72235
ground-height-0m-20260825-163632,d022m_r180_run01.csv,0,22,180,dw00;dw01;dw02;dw03;dw04;dw05;dw06;dw07;dw08,dw00;dw01;dw02;dw03;dw04;dw05;dw06;dw07;dw08,dw08,125,1,2026-08-27T12:49:56.227+0200,dw06,0789,173,2164,106,180,2157,-2.47,82305
ground-height-0m-20260825-163632,d022m_r180_run01.csv,0,22,180,dw00;dw01;dw02;dw03;dw04;dw05;dw06;dw07;dw08,dw00;dw01;dw02;dw03;dw04;dw05;dw06;dw07;dw08,dw08,75,1,2026-08-27T12:49:56.257+0200,dw03,021B,211,2159,-50,-1910,1006,1.81,12298
ground-height-0m-20260825-163632,d022m_r180_run01.csv,0,22,180,dw00;dw01;dw02;dw03;dw04;dw05;dw06;dw07;dw08,dw00;dw01;dw02;dw03;dw04;dw05;dw06;dw07;dw08,dw08,15,1,2026-08-27T12:49:56.277+0200,dw00,8103,200,2178,-161,1411,1659,1.75,32287
ground-height-0m-20260825-163632,d022m_r180_run01.csv,0,22,180,dw00;dw01;dw02;dw03;dw04;dw05;dw06;dw07;dw08,dw00;dw01;dw02;dw03;dw04;dw05;dw06;dw07;dw08,dw08,55,1,2026-08-27T12:49:56.297+0200,dw02,8FB0,211,2170,-88,2169,0,2.89,52307
ground-height-0m-20260825-163632,d022m_r180_run01.csv,0,22,180,dw00;dw01;dw02;dw03;dw04;dw05;dw06;dw07;dw08,dw00;dw01;dw02;dw03;dw04;dw05;dw06;dw07;dw08,dw08,145,1,2026-08-27T12:49:56.337+0200,dw07,5783,170,2164,139,627,2071,2.38,2147483
ground-height-0m-20260825-163632,d022m_r180_run01.csv,0,22,180,dw00;dw01;dw02;dw03;dw04;dw05;dw06;dw07;dw08,dw00;dw01;dw02;dw03;dw04;dw05;dw06;dw07;dw08,dw08,90,1,2026-08-27T12:49:56.407+0200,dw04,0F85,211,2165,-2,-1266,1756,3.78,62225
ground-height-0m-20260825-163632,d022m_r180_run01.csv,0,22,180,dw00;dw01;dw02;dw03;dw04;dw05;dw06;dw07;dw08,dw00;dw01;dw02;dw03;dw04;dw05;dw06;dw07;dw08,dw08,105,1,2026-08-27T12:49:56.418+0200,dw05,4B92,211,2172,49,-579,2093,3.01,72265
ground-height-0m-20260825-163632,d022m_r180_run01.csv,0,22,180,dw00;dw01;dw02;dw03;dw04;dw05;dw06;dw07;dw08,dw00;dw01;dw02;dw03;dw04;dw05;dw06;dw07;dw08,dw08,125,1,2026-08-27T12:49:56.427+0200,dw06,0789,174,2166,101,115,2163,-2.59,82244
ground-height-0m-20260825-163632,d022m_r180_run01.csv,0,22,180,dw00;dw01;dw02;dw03;dw04;dw05;dw06;dw07;dw08,dw00;dw01;dw02;dw03;dw04;dw05;dw06;dw07;dw08,dw08,75,1,2026-08-27T12:49:56.457+0200,dw03,021B,212,2166,-48,-1893,1052,1.69,12298
ground-height-0m-20260825-163632,d022m_r180_run01.csv,0,22,180,dw00;dw01;dw02;dw03;dw04;dw05;dw06;dw07;dw08,dw00;dw01;dw02;dw03;dw04;dw05;dw06;dw07;dw08,dw08,15,1,2026-08-27T12:49:56.477+0200,dw00,8103,201,2178,-167,1333,1722,1.93,32287
ground-height-0m-20260825-163632,d022m_r180_run01.csv,0,22,180,dw00;dw01;dw02;dw03;dw04;dw05;dw06;dw07;dw08,dw00;dw01;dw02;dw03;dw04;dw05;dw06;dw07;dw08,dw08,55,1,2026-08-27T12:49:56.496+0200,dw02,8FB0,212,2168,-96,2168,0,2.95,52337
ground-height-0m-20260825-163632,d022m_r180_run01.csv,0,22,180,dw00;dw01;dw02;dw03;dw04;dw05;dw06;dw07;dw08,dw00;dw01;dw02;dw03;dw04;dw05;dw06;dw07;dw08,dw08,145,1,2026-08-27T12:49:56.536+0200,dw07,5783,171,2167,145,699,2051,2.38,2147483
ground-height-0m-20260825-163632,d022m_r180_run01.csv,0,22,180,dw00;dw01;dw02;dw03;dw04;dw05;dw06;dw07;dw08,dw00;dw01;dw02;dw03;dw04;dw05;dw06;dw07;dw08,dw08,90,1,2026-08-27T12:49:56.607+0200,dw04,0F85,212,2165,2,-1209,1796,3.78,62225
ground-height-0m-20260825-163632,d022m_r180_run01.csv,0,22,180,dw00;dw01;dw02;dw03;dw04;dw05;dw06;dw07;dw08,dw00;dw01;dw02;dw03;dw04;dw05;dw06;dw07;dw08,dw08,105,1,2026-08-27T12:49:56.617+0200,dw05,4B92,212,2173,53,-525,2109,2.95,72204
ground-height-0m-20260825-163632,d022m_r180_run01.csv,0,22,180,dw00;dw01;dw02;dw03;dw04;dw05;dw06;dw07;dw08,dw00;dw01;dw02;dw03;dw04;dw05;dw06;dw07;dw08,dw08,125,1,2026-08-27T12:49:56.627+0200,dw06,0789,175,2168,105,169,2162,-2.53,82275
ground-height-0m-20260825-163632,d022m_r180_run01.csv,0,22,180,dw00;dw01;dw02;dw03;dw04;dw05;dw06;dw07;dw08,dw00;dw01;dw02;dw03;dw04;dw05;dw06;dw07;dw08,dw08,75,1,2026-08-27T12:49:56.657+0200,dw03,021B,213,2163,-52,-1934,968,1.81,12298
ground-height-0m-20260825-163632,d022m_r180_run01.csv,0,22,180,dw00;dw01;dw02;dw03;dw04;dw05;dw06;dw07;dw08,dw00;dw01;dw02;dw03;dw04;dw05;dw06;dw07;dw08,dw08,15,1,2026-08-27T12:49:56.677+0200,dw00,8103,202,2181,-159,1449,1630,1.87,32287
ground-height-0m-20260825-163632,d022m_r180_run01.csv,0,22,180,dw00;dw01;dw02;dw03;dw04;dw05;dw06;dw07;dw08,dw00;dw01;dw02;dw03;dw04;dw05;dw06;dw07;dw08,dw08,55,1,2026-08-27T12:49:56.697+0200,dw02,8FB0,213,2169,-106,2143,337,2.95,52307
ground-height-0m-20260825-163632,d022m_r180_run01.csv,0,22,180,dw00;dw01;dw02;dw03;dw04;dw05;dw06;dw07;dw08,dw00;dw01;dw02;dw03;dw04;dw05;dw06;dw07;dw08,dw08,145,1,2026-08-27T12:49:56.737+0200,dw07,5783,172,2166,145,695,2051,2.32,2147483
ground-height-0m-20260825-163632,d022m_r180_run01.csv,0,22,180,dw00;dw01;dw02;dw03;dw04;dw05;dw06;dw07;dw08,dw00;dw01;dw02;dw03;dw04;dw05;dw06;dw07;dw08,dw08,90,1,2026-08-27T12:49:56.807+0200,dw04,0F85,213,2165,2,-1204,1799,3.78,62225
ground-height-0m-20260825-163632,d022m_r180_run01.csv,0,22,180,dw00;dw01;dw02;dw03;dw04;dw05;dw06;dw07;dw08,dw00;dw01;dw02;dw03;dw04;dw05;dw06;dw07;dw08,dw08,105,1,2026-08-27T12:49:56.817+0200,dw05,4B92,213,2171,47,-608,2084,2.95,72296
ground-height-0m-20260825-163632,d022m_r180_run01.csv,0,22,180,dw00;dw01;dw02;dw03;dw04;dw05;dw06;dw07;dw08,dw00;dw01;dw02;dw03;dw04;dw05;dw06;dw07;dw08,dw08,125,1,2026-08-27T12:49:56.826+0200,dw06,0789,176,2166,108,207,2156,-2.53,82275
ground-height-0m-20260825-163632,d022m_r180_run01.csv,0,22,180,dw00;dw01;dw02;dw03;dw04;dw05;dw06;dw07;dw08,dw00;dw01;dw02;dw03;dw04;dw05;dw06;dw07;dw08,dw08,75,1,2026-08-27T12:49:56.857+0200,dw03,021B,214,2158,-49,-1894,1034,1.87,12329
ground-height-0m-20260825-163632,d022m_r180_run01.csv,0,22,180,dw00;dw01;dw02;dw03;dw04;dw05;dw06;dw07;dw08,dw00;dw01;dw02;dw03;dw04;dw05;dw06;dw07;dw08,dw08,15,1,2026-08-27T12:49:56.877+0200,dw00,8103,203,2177,-157,1465,1611,1.75,32318
ground-height-0m-20260825-163632,d022m_r180_run01.csv,0,22,180,dw00;dw01;dw02;dw03;dw04;dw05;dw06;dw07;dw08,dw00;dw01;dw02;dw03;dw04;dw05;dw06;dw07;dw08,dw08,55,1,2026-08-27T12:49:56.897+0200,dw02,8FB0,214,2170,-93,2170,0,3.01,52307
ground-height-0m-20260825-163632,d022m_r180_run01.csv,0,22,180,dw00;dw01;dw02;dw03;dw04;dw05;dw06;dw07;dw08,dw00;dw01;dw02;dw03;dw04;dw05;dw06;dw07;dw08,dw08,145,1,2026-08-27T12:49:56.937+0200,dw07,5783,173,2163,146,709,2044,2.44,2147483
ground-height-0m-20260825-163632,d022m_r180_run01.csv,0,22,180,dw00;dw01;dw02;dw03;dw04;dw05;dw06;dw07;dw08,dw00;dw01;dw02;dw03;dw04;dw05;dw06;dw07;dw08,dw08,90,1,2026-08-27T12:49:57.006+0200,dw04,0F85,214,2165,6,-1150,1834,3.78,62225
ground-height-0m-20260825-163632,d022m_r180_run01.csv,0,22,180,dw00;dw01;dw02;dw03;dw04;dw05;dw06;dw07;dw08,dw00;dw01;dw02;dw03;dw04;dw05;dw06;dw07;dw08,dw08,105,1,2026-08-27T12:49:57.017+0200,dw05,4B92,214,2170,43,-664,2066,3.01,72235
ground-height-0m-20260825-163632,d022m_r180_run01.csv,0,22,180,dw00;dw01;dw02;dw03;dw04;dw05;dw06;dw07;dw08,dw00;dw01;dw02;dw03;dw04;dw05;dw06;dw07;dw08,dw08,125,1,2026-08-27T12:49:57.027+0200,dw06,0789,177,2170,105,166,2163,-2.53,82275
ground-height-0m-20260825-163632,d022m_r180_run01.csv,0,22,180,dw00;dw01;dw02;dw03;dw04;dw05;dw06;dw07;dw08,dw00;dw01;dw02;dw03;dw04;dw05;dw06;dw07;dw08,dw08,75,1,2026-08-27T12:49:57.057+0200,dw03,021B,215,2162,-44,-1836,1140,1.75,12268
ground-height-0m-20260825-163632,d022m_r180_run01.csv,0,22,180,dw00;dw01;dw02;dw03;dw04;dw05;dw06;dw07;dw08,dw00;dw01;dw02;dw03;dw04;dw05;dw06;dw07;dw08,dw08,15,1,2026-08-27T12:49:57.076+0200,dw00,8103,204,2183,-154,1514,1572,1.81,32287
ground-height-0m-20260825-163632,d022m_r180_run01.csv,0,22,180,dw00;dw01;dw02;dw03;dw04;dw05;dw06;dw07;dw08,dw00;dw01;dw02;dw03;dw04;dw05;dw06;dw07;dw08,dw08,55,1,2026-08-27T12:49:57.097+0200,dw02,8FB0,215,2163,-109,2104,501,2.89,52307
ground-height-0m-20260825-163632,d022m_r180_run01.csv,0,22,180,dw00;dw01;dw02;dw03;dw04;dw05;dw06;dw07;dw08,dw00;dw01;dw02;dw03;dw04;dw05;dw06;dw07;dw08,dw08,145,1,2026-08-27T12:49:57.137+0200,dw07,5783,174,2162,133,544,2093,2.38,2147483
ground-height-0m-20260825-163632,d022m_r180_run01.csv,0,22,180,dw00;dw01;dw02;dw03;dw04;dw05;dw06;dw07;dw08,dw00;dw01;dw02;dw03;dw04;dw05;dw06;dw07;dw08,dw08,90,1,2026-08-27T12:49:57.206+0200,dw04,0F85,215,2163,4,-1177,1815,3.78,62255
ground-height-0m-20260825-163632,d022m_r180_run01.csv,0,22,180,dw00;dw01;dw02;dw03;dw04;dw05;dw06;dw07;dw08,dw00;dw01;dw02;dw03;dw04;dw05;dw06;dw07;dw08,dw08,105,1,2026-08-27T12:49:57.217+0200,dw05,4B92,215,2171,45,-636,2076,2.95,72235
ground-height-0m-20260825-163632,d022m_r180_run01.csv,0,22,180,dw00;dw01;dw02;dw03;dw04;dw05;dw06;dw07;dw08,dw00;dw01;dw02;dw03;dw04;dw05;dw06;dw07;dw08,dw08,125,1,2026-08-27T12:49:57.227+0200,dw06,0789,178,2164,101,114,2161,-2.53,82305
ground-height-0m-20260825-163632,d022m_r180_run01.csv,0,22,180,dw00;dw01;dw02;dw03;dw04;dw05;dw06;dw07;dw08,dw00;dw01;dw02;dw03;dw04;dw05;dw06;dw07;dw08,dw08,75,1,2026-08-27T12:49:57.257+0200,dw03,021B,216,2158,-44,-1833,1139,1.75,12329
ground-height-0m-20260825-163632,d022m_r180_run01.csv,0,22,180,dw00;dw01;dw02;dw03;dw04;dw05;dw06;dw07;dw08,dw00;dw01;dw02;dw03;dw04;dw05;dw06;dw07;dw08,dw08,15,1,2026-08-27T12:49:57.277+0200,dw00,8103,205,2178,-147,1609,1469,1.81,32287
ground-height-0m-20260825-163632,d022m_r180_run01.csv,0,22,180,dw00;dw01;dw02;dw03;dw04;dw05;dw06;dw07;dw08,dw00;dw01;dw02;dw03;dw04;dw05;dw06;dw07;dw08,dw08,55,1,2026-08-27T12:49:57.296+0200,dw02,8FB0,216,2165,-90,2165,0,2.83,52337
ground-height-0m-20260825-163632,d022m_r180_run01.csv,0,22,180,dw00;dw01;dw02;dw03;dw04;dw05;dw06;dw07;dw08,dw00;dw01;dw02;dw03;dw04;dw05;dw06;dw07;dw08,dw08,145,1,2026-08-27T12:49:57.336+0200,dw07,5783,175,2162,59,-444,2116,2.32,2147483
ground-height-0m-20260825-163632,d022m_r180_run01.csv,0,22,180,dw00;dw01;dw02;dw03;dw04;dw05;dw06;dw07;dw08,dw00;dw01;dw02;dw03;dw04;dw05;dw06;dw07;dw08,dw08,105,1,2026-08-27T12:49:57.416+0200,dw05,4B92,216,2173,55,-506,2113,2.95,72265
ground-height-0m-20260825-163632,d022m_r180_run01.csv,0,22,180,dw00;dw01;dw02;dw03;dw04;dw05;dw06;dw07;dw08,dw00;dw01;dw02;dw03;dw04;dw05;dw06;dw07;dw08,dw08,125,1,2026-08-27T12:49:57.427+0200,dw06,0789,179,2166,99,87,2164,-2.53,82244
ground-height-0m-20260825-163632,d022m_r180_run01.csv,0,22,180,dw00;dw01;dw02;dw03;dw04;dw05;dw06;dw07;dw08,dw00;dw01;dw02;dw03;dw04;dw05;dw06;dw07;dw08,dw08,75,1,2026-08-27T12:49:57.456+0200,dw03,021B,217,2160,-55,-1971,882,1.81,12268
ground-height-0m-20260825-163632,d022m_r180_run01.csv,0,22,180,dw00;dw01;dw02;dw03;dw04;dw05;dw06;dw07;dw08,dw00;dw01;dw02;dw03;dw04;dw05;dw06;dw07;dw08,dw08,15,1,2026-08-27T12:49:57.477+0200,dw00,8103,206,2180,-151,1545,1538,1.87,32257
ground-height-0m-20260825-163632,d022m_r180_run01.csv,0,22,180,dw00;dw01;dw02;dw03;dw04;dw05;dw06;dw07;dw08,dw00;dw01;dw02;dw03;dw04;dw05;dw06;dw07;dw08,dw08,55,1,2026-08-27T12:49:57.496+0200,dw02,8FB0,217,2171,-111,2084,611,2.89,52307
ground-height-0m-20260825-163632,d022m_r180_run01.csv,0,22,180,dw00;dw01;dw02;dw03;dw04;dw05;dw06;dw07;dw08,dw00;dw01;dw02;dw03;dw04;dw05;dw06;dw07;dw08,dw08,145,1,2026-08-27T12:49:57.536+0200,dw07,5783,176,2165,145,702,2048,2.38,2147483
ground-height-0m-20260825-163632,d022m_r180_run01.csv,0,22,180,dw00;dw01;dw02;dw03;dw04;dw05;dw06;dw07;dw08,dw00;dw01;dw02;dw03;dw04;dw05;dw06;dw07;dw08,dw08,105,1,2026-08-27T12:49:57.617+0200,dw05,4B92,217,2172,48,-588,2091,2.95,72235
ground-height-0m-20260825-163632,d022m_r180_run01.csv,0,22,180,dw00;dw01;dw02;dw03;dw04;dw05;dw06;dw07;dw08,dw00;dw01;dw02;dw03;dw04;dw05;dw06;dw07;dw08,dw08,90,1,2026-08-27T12:49:57.622+0200,dw04,0F85,217,2164,4,-1172,1819,4.20,77789
ground-height-0m-20260825-163632,d022m_r180_run01.csv,0,22,180,dw00;dw01;dw02;dw03;dw04;dw05;dw06;dw07;dw08,dw00;dw01;dw02;dw03;dw04;dw05;dw06;dw07;dw08,dw08,75,1,2026-08-27T12:49:57.656+0200,dw03,021B,218,2162,-44,-1827,1156,1.57,12298
ground-height-0m-20260825-163632,d022m_r180_run01.csv,0,22,180,dw00;dw01;dw02;dw03;dw04;dw05;dw06;dw07;dw08,dw00;dw01;dw02;dw03;dw04;dw05;dw06;dw07;dw08,dw08,15,1,2026-08-27T12:49:57.676+0200,dw00,8103,207,2180,-154,1507,1575,1.75,32287
ground-height-0m-20260825-163632,d022m_r180_run01.csv,0,22,180,dw00;dw01;dw02;dw03;dw04;dw05;dw06;dw07;dw08,dw00;dw01;dw02;dw03;dw04;dw05;dw06;dw07;dw08,dw08,55,1,2026-08-27T12:49:57.696+0200,dw02,8FB0,218,2164,-92,2164,0,2.89,52337
ground-height-0m-20260825-163632,d022m_r180_run01.csv,0,22,180,dw00;dw01;dw02;dw03;dw04;dw05;dw06;dw07;dw08,dw00;dw01;dw02;dw03;dw04;dw05;dw06;dw07;dw08,dw08,145,1,2026-08-27T12:49:57.737+0200,dw07,5783,177,2165,132,530,2099,2.38,2147483
ground-height-0m-20260825-163632,d022m_r180_run01.csv,0,22,180,dw00;dw01;dw02;dw03;dw04;dw05;dw06;dw07;dw08,dw00;dw01;dw02;dw03;dw04;dw05;dw06;dw07;dw08,dw08,90,1,2026-08-27T12:49:57.807+0200,dw04,0F85,218,2162,4,-1180,1811,3.72,62286
ground-height-0m-20260825-163632,d022m_r180_run01.csv,0,22,180,dw00;dw01;dw02;dw03;dw04;dw05;dw06;dw07;dw08,dw00;dw01;dw02;dw03;dw04;dw05;dw06;dw07;dw08,dw08,105,1,2026-08-27T12:49:57.817+0200,dw05,4B92,218,2170,52,-544,2101,3.01,72204
ground-height-0m-20260825-163632,d022m_r180_run01.csv,0,22,180,dw00;dw01;dw02;dw03;dw04;dw05;dw06;dw07;dw08,dw00;dw01;dw02;dw03;dw04;dw05;dw06;dw07;dw08,dw08,125,1,2026-08-27T12:49:57.842+0200,dw06,0789,181,2167,105,171,2160,-2.35,2147483
ground-height-0m-20260825-163632,d022m_r180_run01.csv,0,22,180,dw00;dw01;dw02;dw03;dw04;dw05;dw06;dw07;dw08,dw00;dw01;dw02;dw03;dw04;dw05;dw06;dw07;dw08,dw08,75,1,2026-08-27T12:49:57.857+0200,dw03,021B,219,2161,-38,-1746,1273,1.69,12329
ground-height-0m-20260825-163632,d022m_r180_run01.csv,0,22,180,dw00;dw01;dw02;dw03;dw04;dw05;dw06;dw07;dw08,dw00;dw01;dw02;dw03;dw04;dw05;dw06;dw07;dw08,dw08,15,1,2026-08-27T12:49:57.876+0200,dw00,8103,208,2177,-163,1387,1677,1.87,32287
ground-height-0m-20260825-163632,d022m_r180_run01.csv,0,22,180,dw00;dw01;dw02;dw03;dw04;dw05;dw06;dw07;dw08,dw00;dw01;dw02;dw03;dw04;dw05;dw06;dw07;dw08,dw08,55,1,2026-08-27T12:49:57.897+0200,dw02,8FB0,219,2169,-95,2169,0,2.95,52307
ground-height-0m-20260825-163632,d022m_r180_run01.csv,0,22,180,dw00;dw01;dw02;dw03;dw04;dw05;dw06;dw07;dw08,dw00;dw01;dw02;dw03;dw04;dw05;dw06;dw07;dw08,dw08,145,1,2026-08-27T12:49:57.937+0200,dw07,5783,178,2170,141,643,2073,2.44,2147483
ground-height-0m-20260825-163632,d022m_r180_run01.csv,0,22,180,dw00;dw01;dw02;dw03;dw04;dw05;dw06;dw07;dw08,dw00;dw01;dw02;dw03;dw04;dw05;dw06;dw07;dw08,dw08,90,1,2026-08-27T12:49:58.006+0200,dw04,0F85,219,2162,6,-1149,1831,3.78,62286
ground-height-0m-20260825-163632,d022m_r180_run01.csv,0,22,180,dw00;dw01;dw02;dw03;dw04;dw05;dw06;dw07;dw08,dw00;dw01;dw02;dw03;dw04;dw05;dw06;dw07;dw08,dw08,105,1,2026-08-27T12:49:58.017+0200,dw05,4B92,219,2170,50,-572,2093,3.01,72265
ground-height-0m-20260825-163632,d022m_r180_run01.csv,0,22,180,dw00;dw01;dw02;dw03;dw04;dw05;dw06;dw07;dw08,dw00;dw01;dw02;dw03;dw04;dw05;dw06;dw07;dw08,dw08,125,1,2026-08-27T12:49:58.027+0200,dw06,0789,182,2166,102,125,2163,-2.59,82336
ground-height-0m-20260825-163632,d022m_r180_run01.csv,0,22,180,dw00;dw01;dw02;dw03;dw04;dw05;dw06;dw07;dw08,dw00;dw01;dw02;dw03;dw04;dw05;dw06;dw07;dw08,dw08,75,1,2026-08-27T12:49:58.057+0200,dw03,021B,220,2163,-48,-1888,1054,1.81,12298
ground-height-0m-20260825-163632,d022m_r180_run01.csv,0,22,180,dw00;dw01;dw02;dw03;dw04;dw05;dw06;dw07;dw08,dw00;dw01;dw02;dw03;dw04;dw05;dw06;dw07;dw08,dw08,15,1,2026-08-27T12:49:58.076+0200,dw00,8103,209,2179,-157,1470,1609,1.81,32287
ground-height-0m-20260825-163632,d022m_r180_run01.csv,0,22,180,dw00;dw01;dw02;dw03;dw04;dw05;dw06;dw07;dw08,dw00;dw01;dw02;dw03;dw04;dw05;dw06;dw07;dw08,dw08,55,1,2026-08-27T12:49:58.096+0200,dw02,8FB0,220,2170,-83,-2170,0,2.83,52337
ground-height-0m-20260825-163632,d022m_r180_run01.csv,0,22,180,dw00;dw01;dw02;dw03;dw04;dw05;dw06;dw07;dw08,dw00;dw01;dw02;dw03;dw04;dw05;dw06;dw07;dw08,dw08,145,1,2026-08-27T12:49:58.136+0200,dw07,5783,179,2166,133,541,2097,2.38,2147483
ground-height-0m-20260825-163632,d022m_r180_run01.csv,0,22,180,dw00;dw01;dw02;dw03;dw04;dw05;dw06;dw07;dw08,dw00;dw01;dw02;dw03;dw04;dw05;dw06;dw07;dw08,dw08,90,1,2026-08-27T12:49:58.206+0200,dw04,0F85,220,2162,4,-1171,1817,3.78,62194
ground-height-0m-20260825-163632,d022m_r180_run01.csv,0,22,180,dw00;dw01;dw02;dw03;dw04;dw05;dw06;dw07;dw08,dw00;dw01;dw02;dw03;dw04;dw05;dw06;dw07;dw08,dw08,105,1,2026-08-27T12:49:58.216+0200,dw05,4B92,220,2169,45,-628,2076,3.06,72235
ground-height-0m-20260825-163632,d022m_r180_run01.csv,0,22,180,dw00;dw01;dw02;dw03;dw04;dw05;dw06;dw07;dw08,dw00;dw01;dw02;dw03;dw04;dw05;dw06;dw07;dw08,dw08,125,1,2026-08-27T12:49:58.227+0200,dw06,0789,183,2167,100,102,2164,-2.59,82275
ground-height-0m-20260825-163632,d022m_r180_run01.csv,0,22,180,dw00;dw01;dw02;dw03;dw04;dw05;dw06;dw07;dw08,dw00;dw01;dw02;dw03;dw04;dw05;dw06;dw07;dw08,dw08,75,1,2026-08-27T12:49:58.256+0200,dw03,021B,221,2161,-42,-1808,1183,1.69,12298
ground-height-0m-20260825-163632,d022m_r180_run01.csv,0,22,180,dw00;dw01;dw02;dw03;dw04;dw05;dw06;dw07;dw08,dw00;dw01;dw02;dw03;dw04;dw05;dw06;dw07;dw08,dw08,15,1,2026-08-27T12:49:58.277+0200,dw00,8103,210,2178,-145,1634,1440,1.93,32287
ground-height-0m-20260825-163632,d022m_r180_run01.csv,0,22,180,dw00;dw01;dw02;dw03;dw04;dw05;dw06;dw07;dw08,dw00;dw01;dw02;dw03;dw04;dw05;dw06;dw07;dw08,dw08,55,1,2026-08-27T12:49:58.296+0200,dw02,8FB0,221,2164,-99,2164,0,2.95,52307
ground-height-0m-20260825-163632,d022m_r180_run01.csv,0,22,180,dw00;dw01;dw02;dw03;dw04;dw05;dw06;dw07;dw08,dw00;dw01;dw02;dw03;dw04;dw05;dw06;dw07;dw08,dw08,145,1,2026-08-27T12:49:58.336+0200,dw07,5783,180,2170,136,578,2092,2.44,2147483
ground-height-0m-20260825-163632,d022m_r180_run01.csv,0,22,180,dw00;dw01;dw02;dw03;dw04;dw05;dw06;dw07;dw08,dw00;dw01;dw02;dw03;dw04;dw05;dw06;dw07;dw08,dw08,90,1,2026-08-27T12:49:58.406+0200,dw04,0F85,221,2161,-3,-1288,1735,3.78,62286
ground-height-0m-20260825-163632,d022m_r180_run01.csv,0,22,180,dw00;dw01;dw02;dw03;dw04;dw05;dw06;dw07;dw08,dw00;dw01;dw02;dw03;dw04;dw05;dw06;dw07;dw08,dw08,105,1,2026-08-27T12:49:58.416+0200,dw05,4B92,221,2170,52,-540,2101,3.06,72296
ground-height-0m-20260825-163632,d022m_r180_run01.csv,0,22,180,dw00;dw01;dw02;dw03;dw04;dw05;dw06;dw07;dw08,dw00;dw01;dw02;dw03;dw04;dw05;dw06;dw07;dw08,dw08,125,1,2026-08-27T12:49:58.426+0200,dw06,0789,184,2166,101,115,2163,-2.59,82275
ground-height-0m-20260825-163632,d022m_r180_run01.csv,0,22,180,dw00;dw01;dw02;dw03;dw04;dw05;dw06;dw07;dw08,dw00;dw01;dw02;dw03;dw04;dw05;dw06;dw07;dw08,dw08,75,1,2026-08-27T12:49:58.456+0200,dw03,021B,222,2161,-44,-1826,1155,1.69,12298
ground-height-0m-20260825-163632,d022m_r180_run01.csv,0,22,180,dw00;dw01;dw02;dw03;dw04;dw05;dw06;dw07;dw08,dw00;dw01;dw02;dw03;dw04;dw05;dw06;dw07;dw08,dw08,15,1,2026-08-27T12:49:58.476+0200,dw00,8103,211,2177,-177,1203,1815,1.87,32287
ground-height-0m-20260825-163632,d022m_r180_run01.csv,0,22,180,dw00;dw01;dw02;dw03;dw04;dw05;dw06;dw07;dw08,dw00;dw01;dw02;dw03;dw04;dw05;dw06;dw07;dw08,dw08,55,1,2026-08-27T12:49:58.496+0200,dw02,8FB0,222,2167,-91,2167,0,2.89,52337
ground-height-0m-20260825-163632,d022m_r180_run01.csv,0,22,180,dw00;dw01;dw02;dw03;dw04;dw05;dw06;dw07;dw08,dw00;dw01;dw02;dw03;dw04;dw05;dw06;dw07;dw08,dw08,90,1,2026-08-27T12:49:58.606+0200,dw04,0F85,222,2165,-2,-1277,1748,3.78,62225
ground-height-0m-20260825-163632,d022m_r180_run01.csv,0,22,180,dw00;dw01;dw02;dw03;dw04;dw05;dw06;dw07;dw08,dw00;dw01;dw02;dw03;dw04;dw05;dw06;dw07;dw08,dw08,105,1,2026-08-27T12:49:58.616+0200,dw05,4B92,222,2172,52,-545,2102,3.01,72296
ground-height-0m-20260825-163632,d022m_r180_run01.csv,0,22,180,dw00;dw01;dw02;dw03;dw04;dw05;dw06;dw07;dw08,dw00;dw01;dw02;dw03;dw04;dw05;dw06;dw07;dw08,dw08,125,1,2026-08-27T12:49:58.626+0200,dw06,0789,185,2170,102,131,2166,-2.59,82244
ground-height-0m-20260825-163632,d022m_r180_run01.csv,0,22,180,dw00;dw01;dw02;dw03;dw04;dw05;dw06;dw07;dw08,dw00;dw01;dw02;dw03;dw04;dw05;dw06;dw07;dw08,dw08,75,1,2026-08-27T12:49:58.656+0200,dw03,021B,223,2162,-45,-1848,1121,1.75,12298
ground-height-0m-20260825-163632,d022m_r180_run01.csv,0,22,180,dw00;dw01;dw02;dw03;dw04;dw05;dw06;dw07;dw08,dw00;dw01;dw02;dw03;dw04;dw05;dw06;dw07;dw08,dw08,15,1,2026-08-27T12:49:58.676+0200,dw00,8103,212,2180,-165,1364,1701,1.87,32287
ground-height-0m-20260825-163632,d022m_r180_run01.csv,0,22,180,dw00;dw01;dw02;dw03;dw04;dw05;dw06;dw07;dw08,dw00;dw01;dw02;dw03;dw04;dw05;dw06;dw07;dw08,dw08,55,1,2026-08-27T12:49:58.696+0200,dw02,8FB0,223,2168,-103,2168,0,2.95,52307
ground-height-0m-20260825-163632,d022m_r180_run01.csv,0,22,180,dw00;dw01;dw02;dw03;dw04;dw05;dw06;dw07;dw08,dw00;dw01;dw02;dw03;dw04;dw05;dw06;dw07;dw08,dw08,145,1,2026-08-27T12:49:58.737+0200,dw07,5783,182,2162,129,484,2108,2.38,2147483
ground-height-0m-20260825-163632,d022m_r180_run01.csv,0,22,180,dw00;dw01;dw02;dw03;dw04;dw05;dw06;dw07;dw08,dw00;dw01;dw02;dw03;dw04;dw05;dw06;dw07;dw08,dw08,90,1,2026-08-27T12:49:58.806+0200,dw04,0F85,223,2162,0,-1230,1778,3.69,62225
ground-height-0m-20260825-163632,d022m_r180_run01.csv,0,22,180,dw00;dw01;dw02;dw03;dw04;dw05;dw06;dw07;dw08,dw00;dw01;dw02;dw03;dw04;dw05;dw06;dw07;dw08,dw08,105,1,2026-08-27T12:49:58.817+0200,dw05,4B92,223,2175,48,-596,2091,3.01,72235
ground-height-0m-20260825-163632,d022m_r180_run01.csv,0,22,180,dw00;dw01;dw02;dw03;dw04;dw05;dw06;dw07;dw08,dw00;dw01;dw02;dw03;dw04;dw05;dw06;dw07;dw08,dw08,125,1,2026-08-27T12:49:58.826+0200,dw06,0789,186,2166,103,145,2161,-2.59,82305
ground-height-0m-20260825-163632,d022m_r180_run01.csv,0,22,180,dw00;dw01;dw02;dw03;dw04;dw05;dw06;dw07;dw08,dw00;dw01;dw02;dw03;dw04;dw05;dw06;dw07;dw08,dw08,75,1,2026-08-27T12:49:58.857+0200,dw03,021B,224,2157,-40,-1770,1233,1.69,12298
ground-height-0m-20260825-163632,d022m_r180_run01.csv,0,22,180,dw00;dw01;dw02;dw03;dw04;dw05;dw06;dw07;dw08,dw00;dw01;dw02;dw03;dw04;dw05;dw06;dw07;dw08,dw08,15,1,2026-08-27T12:49:58.876+0200,dw00,8103,213,2177,-161,1409,1660,1.87,32287
ground-height-0m-20260825-163632,d022m_r180_run01.csv,0,22,180,dw00;dw01;dw02;dw03;dw04;dw05;dw06;dw07;dw08,dw00;dw01;dw02;dw03;dw04;dw05;dw06;dw07;dw08,dw08,55,1,2026-08-27T12:49:58.896+0200,dw02,8FB0,224,2168,-96,2168,0,2.89,52276
ground-height-0m-20260825-163632,d022m_r180_run01.csv,0,22,180,dw00;dw01;dw02;dw03;dw04;dw05;dw06;dw07;dw08,dw00;dw01;dw02;dw03;dw04;dw05;dw06;dw07;dw08,dw08,90,1,2026-08-27T12:49:59.006+0200,dw04,0F85,224,2162,1,-1216,1787,3.78,62225
ground-height-0m-20260825-163632,d022m_r180_run01.csv,0,22,180,dw00;dw01;dw02;dw03;dw04;dw05;dw06;dw07;dw08,dw00;dw01;dw02;dw03;dw04;dw05;dw06;dw07;dw08,dw08,105,1,2026-08-27T12:49:59.016+0200,dw05,4B92,224,2172,48,-597,2089,2.95,72204
ground-height-0m-20260825-163632,d022m_r180_run01.csv,0,22,180,dw00;dw01;dw02;dw03;dw04;dw05;dw06;dw07;dw08,dw00;dw01;dw02;dw03;dw04;dw05;dw06;dw07;dw08,dw08,125,1,2026-08-27T12:49:59.027+0200,dw06,0789,187,2162,107,190,2154,-2.59,82275
ground-height-0m-20260825-163632,d022m_r180_run01.csv,0,22,180,dw00;dw01;dw02;dw03;dw04;dw05;dw06;dw07;dw08,dw00;dw01;dw02;dw03;dw04;dw05;dw06;dw07;dw08,dw08,75,1,2026-08-27T12:49:59.056+0200,dw03,021B,225,2159,-42,-1802,1188,1.81,12298
ground-height-0m-20260825-163632,d022m_r180_run01.csv,0,22,180,dw00;dw01;dw02;dw03;dw04;dw05;dw06;dw07;dw08,dw00;dw01;dw02;dw03;dw04;dw05;dw06;dw07;dw08,dw08,15,1,2026-08-27T12:49:59.076+0200,dw00,8103,214,2181,-147,1600,1482,1.75,32318
ground-height-0m-20260825-163632,d022m_r180_run01.csv,0,22,180,dw00;dw01;dw02;dw03;dw04;dw05;dw06;dw07;dw08,dw00;dw01;dw02;dw03;dw04;dw05;dw06;dw07;dw08,dw08,55,1,2026-08-27T12:49:59.096+0200,dw02,8FB0,225,2170,-90,2170,0,2.83,52307
ground-height-0m-20260825-163632,d022m_r180_run01.csv,0,22,180,dw00;dw01;dw02;dw03;dw04;dw05;dw06;dw07;dw08,dw00;dw01;dw02;dw03;dw04;dw05;dw06;dw07;dw08,dw08,145,1,2026-08-27T12:49:59.136+0200,dw07,5783,184,2163,134,548,2092,2.32,2147483
ground-height-0m-20260825-163632,d022m_r180_run01.csv,0,22,180,dw00;dw01;dw02;dw03;dw04;dw05;dw06;dw07;dw08,dw00;dw01;dw02;dw03;dw04;dw05;dw06;dw07;dw08,dw08,90,1,2026-08-27T12:49:59.206+0200,dw04,0F85,225,2159,5,-1158,1822,3.72,62225
ground-height-0m-20260825-163632,d022m_r180_run01.csv,0,22,180,dw00;dw01;dw02;dw03;dw04;dw05;dw06;dw07;dw08,dw00;dw01;dw02;dw03;dw04;dw05;dw06;dw07;dw08,dw08,105,1,2026-08-27T12:49:59.216+0200,dw05,4B92,225,2169,44,-642,2071,3.06,72296
ground-height-0m-20260825-163632,d022m_r180_run01.csv,0,22,180,dw00;dw01;dw02;dw03;dw04;dw05;dw06;dw07;dw08,dw00;dw01;dw02;dw03;dw04;dw05;dw06;dw07;dw08,dw08,125,1,2026-08-27T12:49:59.226+0200,dw06,0789,188,2166,97,65,2165,-2.53,82244
ground-height-0m-20260825-163632,d022m_r180_run01.csv,0,22,180,dw00;dw01;dw02;dw03;dw04;dw05;dw06;dw07;dw08,dw00;dw01;dw02;dw03;dw04;dw05;dw06;dw07;dw08,dw08,75,1,2026-08-27T12:49:59.256+0200,dw03,021B,226,2158,-41,-1791,1203,1.75,12298
ground-height-0m-20260825-163632,d022m_r180_run01.csv,0,22,180,dw00;dw01;dw02;dw03;dw04;dw05;dw06;dw07;dw08,dw00;dw01;dw02;dw03;dw04;dw05;dw06;dw07;dw08,dw08,15,1,2026-08-27T12:49:59.277+0200,dw00,8103,215,2179,-165,1368,1695,1.87,32318
ground-height-0m-20260825-163632,d022m_r180_run01.csv,0,22,180,dw00;dw01;dw02;dw03;dw04;dw05;dw06;dw07;dw08,dw00;dw01;dw02;dw03;dw04;dw05;dw06;dw07;dw08,dw08,55,1,2026-08-27T12:49:59.296+0200,dw02,8FB0,226,2166,-97,2166,0,2.95,52337
ground-height-0m-20260825-163632,d022m_r180_run01.csv,0,22,180,dw00;dw01;dw02;dw03;dw04;dw05;dw06;dw07;dw08,dw00;dw01;dw02;dw03;dw04;dw05;dw06;dw07;dw08,dw08,145,1,2026-08-27T12:49:59.336+0200,dw07,5783,185,2165,144,693,2051,2.38,2147483
ground-height-0m-20260825-163632,d022m_r180_run01.csv,0,22,180,dw00;dw01;dw02;dw03;dw04;dw05;dw06;dw07;dw08,dw00;dw01;dw02;dw03;dw04;dw05;dw06;dw07;dw08,dw08,90,1,2026-08-27T12:49:59.405+0200,dw04,0F85,226,2162,7,-1142,1835,3.75,62225
ground-height-0m-20260825-163632,d022m_r180_run01.csv,0,22,180,dw00;dw01;dw02;dw03;dw04;dw05;dw06;dw07;dw08,dw00;dw01;dw02;dw03;dw04;dw05;dw06;dw07;dw08,dw08,105,1,2026-08-27T12:49:59.416+0200,dw05,4B92,226,2170,51,-555,2098,2.95,72204
ground-height-0m-20260825-163632,d022m_r180_run01.csv,0,22,180,dw00;dw01;dw02;dw03;dw04;dw05;dw06;dw07;dw08,dw00;dw01;dw02;dw03;dw04;dw05;dw06;dw07;dw08,dw08,125,1,2026-08-27T12:49:59.426+0200,dw06,0789,189,2167,107,200,2158,-2.47,82275
ground-height-0m-20260825-163632,d022m_r180_run01.csv,0,22,180,dw00;dw01;dw02;dw03;dw04;dw05;dw06;dw07;dw08,dw00;dw01;dw02;dw03;dw04;dw05;dw06;dw07;dw08,dw08,75,1,2026-08-27T12:49:59.456+0200,dw03,021B,227,2160,-48,-1883,1057,1.69,12298
ground-height-0m-20260825-163632,d022m_r180_run01.csv,0,22,180,dw00;dw01;dw02;dw03;dw04;dw05;dw06;dw07;dw08,dw00;dw01;dw02;dw03;dw04;dw05;dw06;dw07;dw08,dw08,15,1,2026-08-27T12:49:59.476+0200,dw00,8103,216,2175,-162,1405,1660,1.81,32287
ground-height-0m-20260825-163632,d022m_r180_run01.csv,0,22,180,dw00;dw01;dw02;dw03;dw04;dw05;dw06;dw07;dw08,dw00;dw01;dw02;dw03;dw04;dw05;dw06;dw07;dw08,dw08,55,1,2026-08-27T12:49:59.496+0200,dw02,8FB0,227,2168,-97,2168,0,2.77,52276
ground-height-0m-20260825-163632,d022m_r180_run01.csv,0,22,180,dw00;dw01;dw02;dw03;dw04;dw05;dw06;dw07;dw08,dw00;dw01;dw02;dw03;dw04;dw05;dw06;dw07;dw08,dw08,90,1,2026-08-27T12:49:59.606+0200,dw04,0F85,227,2165,0,-1236,1778,3.69,62255
ground-height-0m-20260825-163632,d022m_r180_run01.csv,0,22,180,dw00;dw01;dw02;dw03;dw04;dw05;dw06;dw07;dw08,dw00;dw01;dw02;dw03;dw04;dw05;dw06;dw07;dw08,dw08,105,1,2026-08-27T12:49:59.617+0200,dw05,4B92,227,2171,46,-614,2082,3.15,72235
ground-height-0m-20260825-163632,d022m_r180_run01.csv,0,22,180,dw00;dw01;dw02;dw03;dw04;dw05;dw06;dw07;dw08,dw00;dw01;dw02;dw03;dw04;dw05;dw06;dw07;dw08,dw08,125,1,2026-08-27T12:49:59.626+0200,dw06,0789,190,2162,105,162,2156,-2.53,82305
ground-height-0m-20260825-163632,d022m_r180_run01.csv,0,22,180,dw00;dw01;dw02;dw03;dw04;dw05;dw06;dw07;dw08,dw00;dw01;dw02;dw03;dw04;dw05;dw06;dw07;dw08,dw08,75,1,2026-08-27T12:49:59.656+0200,dw03,021B,228,2161,-45,-1840,1133,1.69,12329
ground-height-0m-20260825-163632,d022m_r180_run01.csv,0,22,180,dw00;dw01;dw02;dw03;dw04;dw05;dw06;dw07;dw08,dw00;dw01;dw02;dw03;dw04;dw05;dw06;dw07;dw08,dw08,15,1,2026-08-27T12:49:59.677+0200,dw00,8103,217,2179,-161,1413,1659,1.81,32287
ground-height-0m-20260825-163632,d022m_r180_run01.csv,0,22,180,dw00;dw01;dw02;dw03;dw04;dw05;dw06;dw07;dw08,dw00;dw01;dw02;dw03;dw04;dw05;dw06;dw07;dw08,dw08,55,1,2026-08-27T12:49:59.696+0200,dw02,8FB0,228,2161,-102,2161,0,2.83,52307
ground-height-0m-20260825-163632,d022m_r180_run01.csv,0,22,180,dw00;dw01;dw02;dw03;dw04;dw05;dw06;dw07;dw08,dw00;dw01;dw02;dw03;dw04;dw05;dw06;dw07;dw08,dw08,90,1,2026-08-27T12:49:59.807+0200,dw04,0F85,228,2162,0,-1228,1779,3.69,62225
ground-height-0m-20260825-163632,d022m_r180_run01.csv,0,22,180,dw00;dw01;dw02;dw03;dw04;dw05;dw06;dw07;dw08,dw00;dw01;dw02;dw03;dw04;dw05;dw06;dw07;dw08,dw08,105,1,2026-08-27T12:49:59.816+0200,dw05,4B92,228,2170,49,-574,2093,2.95,72326
ground-height-0m-20260825-163632,d022m_r180_run01.csv,0,22,180,dw00;dw01;dw02;dw03;dw04;dw05;dw06;dw07;dw08,dw00;dw01;dw02;dw03;dw04;dw05;dw06;dw07;dw08,dw08,75,1,2026-08-27T12:49:59.856+0200,dw03,021B,229,2161,-55,-1970,886,1.69,12298
ground-height-0m-20260825-163632,d022m_r180_run01.csv,0,22,180,dw00;dw01;dw02;dw03;dw04;dw05;dw06;dw07;dw08,dw00;dw01;dw02;dw03;dw04;dw05;dw06;dw07;dw08,dw08,15,1,2026-08-27T12:49:59.877+0200,dw00,8103,218,2177,-160,1434,1638,1.75,32318
ground-height-0m-20260825-163632,d022m_r180_run01.csv,0,22,180,dw00;dw01;dw02;dw03;dw04;dw05;dw06;dw07;dw08,dw00;dw01;dw02;dw03;dw04;dw05;dw06;dw07;dw08,dw08,55,1,2026-08-27T12:49:59.896+0200,dw02,8FB0,229,2166,-111,2069,643,2.83,52337
ground-height-0m-20260825-163632,d022m_r180_run01.csv,0,22,180,dw00;dw01;dw02;dw03;dw04;dw05;dw06;dw07;dw08,dw00;dw01;dw02;dw03;dw04;dw05;dw06;dw07;dw08,dw08,90,1,2026-08-27T12:50:00.007+0200,dw04,0F85,229,2166,8,-1130,1848,3.78,2147483
ground-height-0m-20260825-163632,d022m_r180_run01.csv,0,22,180,dw00;dw01;dw02;dw03;dw04;dw05;dw06;dw07;dw08,dw00;dw01;dw02;dw03;dw04;dw05;dw06;dw07;dw08,dw08,105,1,2026-08-27T12:50:00.017+0200,dw05,4B92,229,2170,47,-605,2084,2.95,2147483
ground-height-0m-20260825-163632,d022m_r180_run01.csv,0,22,180,dw00;dw01;dw02;dw03;dw04;dw05;dw06;dw07;dw08,dw00;dw01;dw02;dw03;dw04;dw05;dw06;dw07;dw08,dw08,125,1,2026-08-27T12:50:00.042+0200,dw06,0789,192,2170,107,191,2162,-2.47,2147483
ground-height-0m-20260825-163632,d022m_r180_run01.csv,0,22,180,dw00;dw01;dw02;dw03;dw04;dw05;dw06;dw07;dw08,dw00;dw01;dw02;dw03;dw04;dw05;dw06;dw07;dw08,dw08,75,1,2026-08-27T12:50:00.057+0200,dw03,021B,230,2163,-45,-1840,1138,1.69,12268
ground-height-0m-20260825-163632,d022m_r180_run01.csv,0,22,180,dw00;dw01;dw02;dw03;dw04;dw05;dw06;dw07;dw08,dw00;dw01;dw02;dw03;dw04;dw05;dw06;dw07;dw08,dw08,15,1,2026-08-27T12:50:00.076+0200,dw00,8103,219,2181,-161,1420,1655,1.81,32287
ground-height-0m-20260825-163632,d022m_r180_run01.csv,0,22,180,dw00;dw01;dw02;dw03;dw04;dw05;dw06;dw07;dw08,dw00;dw01;dw02;dw03;dw04;dw05;dw06;dw07;dw08,dw08,55,1,2026-08-27T12:50:00.097+0200,dw02,8FB0,230,2164,-103,2164,0,2.89,52276
ground-height-0m-20260825-163632,d022m_r180_run01.csv,0,22,180,dw00;dw01;dw02;dw03;dw04;dw05;dw06;dw07;dw08,dw00;dw01;dw02;dw03;dw04;dw05;dw06;dw07;dw08,dw08,145,1,2026-08-27T12:50:00.168+0200,dw07,5783,189,2158,128,470,2106,2.53,2147483
ground-height-0m-20260825-163632,d022m_r180_run01.csv,0,22,180,dw00;dw01;dw02;dw03;dw04;dw05;dw06;dw07;dw08,dw00;dw01;dw02;dw03;dw04;dw05;dw06;dw07;dw08,dw08,90,1,2026-08-27T12:50:00.225+0200,dw04,0F85,230,2164,-1,-1264,1757,3.72,2147483
ground-height-0m-20260825-163632,d022m_r180_run01.csv,0,22,180,dw00;dw01;dw02;dw03;dw04;dw05;dw06;dw07;dw08,dw00;dw01;dw02;dw03;dw04;dw05;dw06;dw07;dw08,dw08,105,1,2026-08-27T12:50:00.235+0200,dw05,4B92,230,2171,50,-570,2095,3.01,2147483
ground-height-0m-20260825-163632,d022m_r180_run01.csv,0,22,180,dw00;dw01;dw02;dw03;dw04;dw05;dw06;dw07;dw08,dw00;dw01;dw02;dw03;dw04;dw05;dw06;dw07;dw08,dw08,75,1,2026-08-27T12:50:00.257+0200,dw03,021B,231,2157,-53,-1947,927,1.57,12329
ground-height-0m-20260825-163632,d022m_r180_run01.csv,0,22,180,dw00;dw01;dw02;dw03;dw04;dw05;dw06;dw07;dw08,dw00;dw01;dw02;dw03;dw04;dw05;dw06;dw07;dw08,dw08,15,1,2026-08-27T12:50:00.276+0200,dw00,8103,220,2178,-169,1310,1740,1.81,32348
ground-height-0m-20260825-163632,d022m_r180_run01.csv,0,22,180,dw00;dw01;dw02;dw03;dw04;dw05;dw06;dw07;dw08,dw00;dw01;dw02;dw03;dw04;dw05;dw06;dw07;dw08,dw08,55,1,2026-08-27T12:50:00.297+0200,dw02,8FB0,231,2167,-97,2167,0,2.89,52368
ground-height-0m-20260825-163632,d022m_r180_run01.csv,0,22,180,dw00;dw01;dw02;dw03;dw04;dw05;dw06;dw07;dw08,dw00;dw01;dw02;dw03;dw04;dw05;dw06;dw07;dw08,dw08,90,1,2026-08-27T12:50:00.443+0200,dw04,0F85,231,2161,-1,-1260,1755,3.78,2147483
ground-height-0m-20260825-163632,d022m_r180_run01.csv,0,22,180,dw00;dw01;dw02;dw03;dw04;dw05;dw06;dw07;dw08,dw00;dw01;dw02;dw03;dw04;dw05;dw06;dw07;dw08,dw08,105,1,2026-08-27T12:50:00.453+0200,dw05,4B92,231,2170,54,-512,2109,2.89,8880
ground-height-0m-20260825-163632,d022m_r180_run01.csv,0,22,180,dw00;dw01;dw02;dw03;dw04;dw05;dw06;dw07;dw08,dw00;dw01;dw02;dw03;dw04;dw05;dw06;dw07;dw08,dw08,125,1,2026-08-27T12:50:00.476+0200,dw06,0789,194,2170,101,116,2167,-2.47,31982
ground-height-0m-20260825-163632,d022m_r180_run01.csv,0,22,180,dw00;dw01;dw02;dw03;dw04;dw05;dw06;dw07;dw08,dw00;dw01;dw02;dw03;dw04;dw05;dw06;dw07;dw08,dw08,55,1,2026-08-27T12:50:00.497+0200,dw02,8FB0,232,2167,-113,2048,707,2.83,52337
ground-height-0m-20260825-163632,d022m_r180_run01.csv,0,22,180,dw00;dw01;dw02;dw03;dw04;dw05;dw06;dw07;dw08,dw00;dw01;dw02;dw03;dw04;dw05;dw06;dw07;dw08,dw08,145,1,2026-08-27T12:50:00.637+0200,dw07,5783,191,2161,142,661,2057,2.32,2147483
ground-height-0m-20260825-163632,d022m_r180_run01.csv,0,22,180,dw00;dw01;dw02;dw03;dw04;dw05;dw06;dw07;dw08,dw00;dw01;dw02;dw03;dw04;dw05;dw06;dw07;dw08,dw08,90,1,2026-08-27T12:50:00.661+0200,dw04,0F85,232,2160,-1,-1259,1755,3.78,17181
ground-height-0m-20260825-163632,d022m_r180_run01.csv,0,22,180,dw00;dw01;dw02;dw03;dw04;dw05;dw06;dw07;dw08,dw00;dw01;dw02;dw03;dw04;dw05;dw06;dw07;dw08,dw08,75,1,2026-08-27T12:50:00.672+0200,dw03,021B,233,2163,-41,-1792,1211,1.75,27893
ground-height-0m-20260825-163632,d022m_r180_run01.csv,0,22,180,dw00;dw01;dw02;dw03;dw04;dw05;dw06;dw07;dw08,dw00;dw01;dw02;dw03;dw04;dw05;dw06;dw07;dw08,dw08,15,1,2026-08-27T12:50:00.692+0200,dw00,8103,222,2179,-158,1458,1619,1.93,47851
ground-height-0m-20260825-163632,d022m_r180_run01.csv,0,22,180,dw00;dw01;dw02;dw03;dw04;dw05;dw06;dw07;dw08,dw00;dw01;dw02;dw03;dw04;dw05;dw06;dw07;dw08,dw08,105,1,2026-08-27T12:50:00.717+0200,dw05,4B92,232,2170,56,-490,2114,3.01,72204
ground-height-0m-20260825-163632,d022m_r180_run01.csv,0,22,180,dw00;dw01;dw02;dw03;dw04;dw05;dw06;dw07;dw08,dw00;dw01;dw02;dw03;dw04;dw05;dw06;dw07;dw08,dw08,125,1,2026-08-27T12:50:00.726+0200,dw06,0789,195,2165,111,244,2151,-2.59,82275
ground-height-0m-20260825-163632,d022m_r180_run01.csv,0,22,180,dw00;dw01;dw02;dw03;dw04;dw05;dw06;dw07;dw08,dw00;dw01;dw02;dw03;dw04;dw05;dw06;dw07;dw08,dw08,145,1,2026-08-27T12:50:00.837+0200,dw07,5783,192,2162,128,476,2108,2.38,2147483
ground-height-0m-20260825-163632,d022m_r180_run01.csv,0,22,180,dw00;dw01;dw02;dw03;dw04;dw05;dw06;dw07;dw08,dw00;dw01;dw02;dw03;dw04;dw05;dw06;dw07;dw08,dw08,15,1,2026-08-27T12:50:00.877+0200,dw00,8103,223,2180,-164,1375,1692,1.75,32318
ground-height-0m-20260825-163632,d022m_r180_run01.csv,0,22,180,dw00;dw01;dw02;dw03;dw04;dw05;dw06;dw07;dw08,dw00;dw01;dw02;dw03;dw04;dw05;dw06;dw07;dw08,dw08,90,1,2026-08-27T12:50:00.906+0200,dw04,0F85,233,2160,0,-1236,1771,3.84,62255
ground-height-0m-20260825-163632,d022m_r180_run01.csv,0,22,180,dw00;dw01;dw02;dw03;dw04;dw05;dw06;dw07;dw08,dw00;dw01;dw02;dw03;dw04;dw05;dw06;dw07;dw08,dw08,55,1,2026-08-27T12:50:00.912+0200,dw02,8FB0,234,2170,-97,2169,0,3.01,68176
ground-height-0m-20260825-163632,d022m_r180_run01.csv,0,22,180,dw00;dw01;dw02;dw03;dw04;dw05;dw06;dw07;dw08,dw00;dw01;dw02;dw03;dw04;dw05;dw06;dw07;dw08,dw08,125,1,2026-08-27T12:50:00.927+0200,dw06,0789,196,2167,98,79,2165,-2.53,82275
ground-height-0m-20260825-163632,d022m_r180_run01.csv,0,22,180,dw00;dw01;dw02;dw03;dw04;dw05;dw06;dw07;dw08,dw00;dw01;dw02;dw03;dw04;dw05;dw06;dw07;dw08,dw08,145,1,2026-08-27T12:50:01.036+0200,dw07,5783,193,2167,148,744,2035,2.38,2147483
ground-height-0m-20260825-163632,d022m_r180_run01.csv,0,22,180,dw00;dw01;dw02;dw03;dw04;dw05;dw06;dw07;dw08,dw00;dw01;dw02;dw03;dw04;dw05;dw06;dw07;dw08,dw08,75,1,2026-08-27T12:50:01.072+0200,dw03,021B,235,2159,-42,-1806,1183,1.63,28015
ground-height-0m-20260825-163632,d022m_r180_run01.csv,0,22,180,dw00;dw01;dw02;dw03;dw04;dw05;dw06;dw07;dw08,dw00;dw01;dw02;dw03;dw04;dw05;dw06;dw07;dw08,dw08,55,1,2026-08-27T12:50:01.096+0200,dw02,8FB0,235,2168,-92,2168,0,2.77,52398
ground-height-0m-20260825-163632,d022m_r180_run01.csv,0,22,180,dw00;dw01;dw02;dw03;dw04;dw05;dw06;dw07;dw08,dw00;dw01;dw02;dw03;dw04;dw05;dw06;dw07;dw08,dw08,90,1,2026-08-27T12:50:01.106+0200,dw04,0F85,234,2164,0,-1232,1779,3.84,62225
ground-height-0m-20260825-163632,d022m_r180_run01.csv,0,22,180,dw00;dw01;dw02;dw03;dw04;dw05;dw06;dw07;dw08,dw00;dw01;dw02;dw03;dw04;dw05;dw06;dw07;dw08,dw08,125,1,2026-08-27T12:50:01.126+0200,dw06,0789,197,2167,94,16,2167,-2.53,82305
ground-height-0m-20260825-163632,d022m_r180_run01.csv,0,22,180,dw00;dw01;dw02;dw03;dw04;dw05;dw06;dw07;dw08,dw00;dw01;dw02;dw03;dw04;dw05;dw06;dw07;dw08,dw08,105,1,2026-08-27T12:50:01.132+0200,dw05,4B92,234,2171,47,-603,2086,3.15,87829
ground-height-0m-20260825-163632,d022m_r180_run01.csv,0,22,180,dw00;dw01;dw02;dw03;dw04;dw05;dw06;dw07;dw08,dw00;dw01;dw02;dw03;dw04;dw05;dw06;dw07;dw08,dw08,145,1,2026-08-27T12:50:01.236+0200,dw07,5783,194,2165,132,527,2100,2.38,2147483
ground-height-0m-20260825-163632,d022m_r180_run01.csv,0,22,180,dw00;dw01;dw02;dw03;dw04;dw05;dw06;dw07;dw08,dw00;dw01;dw02;dw03;dw04;dw05;dw06;dw07;dw08,dw08,75,1,2026-08-27T12:50:01.257+0200,dw03,021B,236,2157,-43,-1808,1177,1.75,12390
ground-height-0m-20260825-163632,d022m_r180_run01.csv,0,22,180,dw00;dw01;dw02;dw03;dw04;dw05;dw06;dw07;dw08,dw00;dw01;dw02;dw03;dw04;dw05;dw06;dw07;dw08,dw08,15,1,2026-08-27T12:50:01.292+0200,dw00,8103,225,2182,-169,1308,1746,1.93,47851
ground-height-0m-20260825-163632,d022m_r180_run01.csv,0,22,180,dw00;dw01;dw02;dw03;dw04;dw05;dw06;dw07;dw08,dw00;dw01;dw02;dw03;dw04;dw05;dw06;dw07;dw08,dw08,90,1,2026-08-27T12:50:01.306+0200,dw04,0F85,235,2162,-6,-1322,1711,3.84,62255
ground-height-0m-20260825-163632,d022m_r180_run01.csv,0,22,180,dw00;dw01;dw02;dw03;dw04;dw05;dw06;dw07;dw08,dw00;dw01;dw02;dw03;dw04;dw05;dw06;dw07;dw08,dw08,105,1,2026-08-27T12:50:01.316+0200,dw05,4B92,235,2171,52,-538,2103,3.15,72235
ground-height-0m-20260825-163632,d022m_r180_run01.csv,0,22,180,dw00;dw01;dw02;dw03;dw04;dw05;dw06;dw07;dw08,dw00;dw01;dw02;dw03;dw04;dw05;dw06;dw07;dw08,dw08,125,1,2026-08-27T12:50:01.326+0200,dw06,0789,198,2167,109,216,2156,-2.59,82244
ground-height-0m-20260825-163632,d022m_r180_run01.csv,0,22,180,dw00;dw01;dw02;dw03;dw04;dw05;dw06;dw07;dw08,dw00;dw01;dw02;dw03;dw04;dw05;dw06;dw07;dw08,dw08,145,1,2026-08-27T12:50:01.436+0200,dw07,5783,195,2167,134,550,2096,2.53,2147483
ground-height-0m-20260825-163632,d022m_r180_run01.csv,0,22,180,dw00;dw01;dw02;dw03;dw04;dw05;dw06;dw07;dw08,dw00;dw01;dw02;dw03;dw04;dw05;dw06;dw07;dw08,dw08,75,1,2026-08-27T12:50:01.456+0200,dw03,021B,237,2165,-44,-1839,1142,1.63,12298
ground-height-0m-20260825-163632,d022m_r180_run01.csv,0,22,180,dw00;dw01;dw02;dw03;dw04;dw05;dw06;dw07;dw08,dw00;dw01;dw02;dw03;dw04;dw05;dw06;dw07;dw08,dw08,15,1,2026-08-27T12:50:01.476+0200,dw00,8103,226,2179,-175,1231,1798,1.87,32379
ground-height-0m-20260825-163632,d022m_r180_run01.csv,0,22,180,dw00;dw01;dw02;dw03;dw04;dw05;dw06;dw07;dw08,dw00;dw01;dw02;dw03;dw04;dw05;dw06;dw07;dw08,dw08,90,1,2026-08-27T12:50:01.506+0200,dw04,0F85,236,2160,0,-1232,1774,3.84,62255
ground-height-0m-20260825-163632,d022m_r180_run01.csv,0,22,180,dw00;dw01;dw02;dw03;dw04;dw05;dw06;dw07;dw08,dw00;dw01;dw02;dw03;dw04;dw05;dw06;dw07;dw08,dw08,55,1,2026-08-27T12:50:01.512+0200,dw02,8FB0,237,2163,-92,2163,0,2.89,68206
ground-height-0m-20260825-163632,d022m_r180_run01.csv,0,22,180,dw00;dw01;dw02;dw03;dw04;dw05;dw06;dw07;dw08,dw00;dw01;dw02;dw03;dw04;dw05;dw06;dw07;dw08,dw08,125,1,2026-08-27T12:50:01.526+0200,dw06,0789,199,2163,96,41,2163,-2.47,82305
ground-height-0m-20260825-163632,d022m_r180_run01.csv,0,22,180,dw00;dw01;dw02;dw03;dw04;dw05;dw06;dw07;dw08,dw00;dw01;dw02;dw03;dw04;dw05;dw06;dw07;dw08,dw08,145,1,2026-08-27T12:50:01.636+0200,dw07,5783,196,2163,134,552,2091,2.38,2147483
ground-height-0m-20260825-163632,d022m_r180_run01.csv,0,22,180,dw00;dw01;dw02;dw03;dw04;dw05;dw06;dw07;dw08,dw00;dw01;dw02;dw03;dw04;dw05;dw06;dw07;dw08,dw08,75,1,2026-08-27T12:50:01.656+0200,dw03,021B,238,2159,-37,-1735,1285,1.63,12298
ground-height-0m-20260825-163632,d022m_r180_run01.csv,0,22,180,dw00;dw01;dw02;dw03;dw04;dw05;dw06;dw07;dw08,dw00;dw01;dw02;dw03;dw04;dw05;dw06;dw07;dw08,dw08,15,1,2026-08-27T12:50:01.676+0200,dw00,8103,227,2178,-145,1635,1439,1.75,32287
ground-height-0m-20260825-163632,d022m_r180_run01.csv,0,22,180,dw00;dw01;dw02;dw03;dw04;dw05;dw06;dw07;dw08,dw00;dw01;dw02;dw03;dw04;dw05;dw06;dw07;dw08,dw08,35,1,2026-08-27T12:50:01.686+0200,dw01,1729,29,2168,106,185,2160,3.06,42358
ground-height-0m-20260825-163632,d022m_r180_run01.csv,0,22,180,dw00;dw01;dw02;dw03;dw04;dw05;dw06;dw07;dw08,dw00;dw01;dw02;dw03;dw04;dw05;dw06;dw07;dw08,dw08,55,1,2026-08-27T12:50:01.696+0200,dw02,8FB0,238,2168,-98,2168,0,2.71,52398
ground-height-0m-20260825-163632,d022m_r180_run01.csv,0,22,180,dw00;dw01;dw02;dw03;dw04;dw05;dw06;dw07;dw08,dw00;dw01;dw02;dw03;dw04;dw05;dw06;dw07;dw08,dw08,90,1,2026-08-27T12:50:01.706+0200,dw04,0F85,237,2165,2,-1210,1795,3.90,62255
ground-height-0m-20260825-163632,d022m_r180_run01.csv,0,22,180,dw00;dw01;dw02;dw03;dw04;dw05;dw06;dw07;dw08,dw00;dw01;dw02;dw03;dw04;dw05;dw06;dw07;dw08,dw08,125,1,2026-08-27T12:50:01.726+0200,dw06,0789,200,2169,102,132,2165,-2.59,82244
ground-height-0m-20260825-163632,d022m_r180_run01.csv,0,22,180,dw00;dw01;dw02;dw03;dw04;dw05;dw06;dw07;dw08,dw00;dw01;dw02;dw03;dw04;dw05;dw06;dw07;dw08,dw08,105,1,2026-08-27T12:50:01.731+0200,dw05,4B92,237,2171,46,-618,2082,3.15,87799
ground-height-0m-20260825-163632,d022m_r180_run01.csv,0,22,180,dw00;dw01;dw02;dw03;dw04;dw05;dw06;dw07;dw08,dw00;dw01;dw02;dw03;dw04;dw05;dw06;dw07;dw08,dw08,75,1,2026-08-27T12:50:01.856+0200,dw03,021B,239,2158,-45,-1837,1133,1.63,12298
ground-height-0m-20260825-163632,d022m_r180_run01.csv,0,22,180,dw00;dw01;dw02;dw03;dw04;dw05;dw06;dw07;dw08,dw00;dw01;dw02;dw03;dw04;dw05;dw06;dw07;dw08,dw08,15,1,2026-08-27T12:50:01.876+0200,dw00,8103,228,2178,-159,1440,1634,1.69,32318
ground-height-0m-20260825-163632,d022m_r180_run01.csv,0,22,180,dw00;dw01;dw02;dw03;dw04;dw05;dw06;dw07;dw08,dw00;dw01;dw02;dw03;dw04;dw05;dw06;dw07;dw08,dw08,55,1,2026-08-27T12:50:01.896+0200,dw02,8FB0,239,2168,-99,2168,0,2.77,52307
ground-height-0m-20260825-163632,d022m_r180_run01.csv,0,22,180,dw00;dw01;dw02;dw03;dw04;dw05;dw06;dw07;dw08,dw00;dw01;dw02;dw03;dw04;dw05;dw06;dw07;dw08,dw08,90,1,2026-08-27T12:50:01.906+0200,dw04,0F85,238,2164,4,-1177,1816,3.78,62225
ground-height-0m-20260825-163632,d022m_r180_run01.csv,0,22,180,dw00;dw01;dw02;dw03;dw04;dw05;dw06;dw07;dw08,dw00;dw01;dw02;dw03;dw04;dw05;dw06;dw07;dw08,dw08,105,1,2026-08-27T12:50:01.916+0200,dw05,4B92,238,2173,53,-533,2107,2.95,72296
ground-height-0m-20260825-163632,d022m_r180_run01.csv,0,22,180,dw00;dw01;dw02;dw03;dw04;dw05;dw06;dw07;dw08,dw00;dw01;dw02;dw03;dw04;dw05;dw06;dw07;dw08,dw08,125,1,2026-08-27T12:50:01.926+0200,dw06,0789,201,2168,97,56,2167,-2.53,82275
ground-height-0m-20260825-163632,d022m_r180_run01.csv,0,22,180,dw00;dw01;dw02;dw03;dw04;dw05;dw06;dw07;dw08,dw00;dw01;dw02;dw03;dw04;dw05;dw06;dw07;dw08,dw08,145,1,2026-08-27T12:50:02.036+0200,dw07,5783,198,2166,136,583,2086,2.38,2147483
ground-height-0m-20260825-163632,d022m_r180_run01.csv,0,22,180,dw00;dw01;dw02;dw03;dw04;dw05;dw06;dw07;dw08,dw00;dw01;dw02;dw03;dw04;dw05;dw06;dw07;dw08,dw08,75,1,2026-08-27T12:50:02.056+0200,dw03,021B,240,2163,-51,-1919,999,1.69,12298
ground-height-0m-20260825-163632,d022m_r180_run01.csv,0,22,180,dw00;dw01;dw02;dw03;dw04;dw05;dw06;dw07;dw08,dw00;dw01;dw02;dw03;dw04;dw05;dw06;dw07;dw08,dw08,15,1,2026-08-27T12:50:02.076+0200,dw00,8103,229,2179,-154,1512,1569,1.69,32318
ground-height-0m-20260825-163632,d022m_r180_run01.csv,0,22,180,dw00;dw01;dw02;dw03;dw04;dw05;dw06;dw07;dw08,dw00;dw01;dw02;dw03;dw04;dw05;dw06;dw07;dw08,dw08,55,1,2026-08-27T12:50:02.095+0200,dw02,8FB0,240,2167,-98,2167,0,2.83,52307
ground-height-0m-20260825-163632,d022m_r180_run01.csv,0,22,180,dw00;dw01;dw02;dw03;dw04;dw05;dw06;dw07;dw08,dw00;dw01;dw02;dw03;dw04;dw05;dw06;dw07;dw08,dw08,90,1,2026-08-27T12:50:02.106+0200,dw04,0F85,239,2164,1,-1224,1784,3.72,62255
ground-height-0m-20260825-163632,d022m_r180_run01.csv,0,22,180,dw00;dw01;dw02;dw03;dw04;dw05;dw06;dw07;dw08,dw00;dw01;dw02;dw03;dw04;dw05;dw06;dw07;dw08,dw08,105,1,2026-08-27T12:50:02.116+0200,dw05,4B92,239,2175,48,-600,2090,3.01,72326
ground-height-0m-20260825-163632,d022m_r180_run01.csv,0,22,180,dw00;dw01;dw02;dw03;dw04;dw05;dw06;dw07;dw08,dw00;dw01;dw02;dw03;dw04;dw05;dw06;dw07;dw08,dw08,125,1,2026-08-27T12:50:02.126+0200,dw06,0789,202,2165,102,126,2162,-2.47,82336
ground-height-0m-20260825-163632,d022m_r180_run01.csv,0,22,180,dw00;dw01;dw02;dw03;dw04;dw05;dw06;dw07;dw08,dw00;dw01;dw02;dw03;dw04;dw05;dw06;dw07;dw08,dw08,75,1,2026-08-27T12:50:02.256+0200,dw03,021B,241,2160,-46,-1861,1096,1.75,12298
ground-height-0m-20260825-163632,d022m_r180_run01.csv,0,22,180,dw00;dw01;dw02;dw03;dw04;dw05;dw06;dw07;dw08,dw00;dw01;dw02;dw03;dw04;dw05;dw06;dw07;dw08,dw08,15,1,2026-08-27T12:50:02.276+0200,dw00,8103,230,2184,-159,1442,1640,1.69,32257
ground-height-0m-20260825-163632,d022m_r180_run01.csv,0,22,180,dw00;dw01;dw02;dw03;dw04;dw05;dw06;dw07;dw08,dw00;dw01;dw02;dw03;dw04;dw05;dw06;dw07;dw08,dw08,55,1,2026-08-27T12:50:02.296+0200,dw02,8FB0,241,2171,-90,2171,0,2.77,52307
ground-height-0m-20260825-163632,d022m_r180_run01.csv,0,22,180,dw00;dw01;dw02;dw03;dw04;dw05;dw06;dw07;dw08,dw00;dw01;dw02;dw03;dw04;dw05;dw06;dw07;dw08,dw08,90,1,2026-08-27T12:50:02.305+0200,dw04,0F85,240,2166,2,-1206,1799,3.78,62255
ground-height-0m-20260825-163632,d022m_r180_run01.csv,0,22,180,dw00;dw01;dw02;dw03;dw04;dw05;dw06;dw07;dw08,dw00;dw01;dw02;dw03;dw04;dw05;dw06;dw07;dw08,dw08,105,1,2026-08-27T12:50:02.316+0200,dw05,4B92,240,2172,55,-503,2113,3.01,72265
ground-height-0m-20260825-163632,d022m_r180_run01.csv,0,22,180,dw00;dw01;dw02;dw03;dw04;dw05;dw06;dw07;dw08,dw00;dw01;dw02;dw03;dw04;dw05;dw06;dw07;dw08,dw08,125,1,2026-08-27T12:50:02.326+0200,dw06,0789,203,2164,98,74,2163,-2.53,82275
ground-height-0m-20260825-163632,d022m_r180_run01.csv,0,22,180,dw00;dw01;dw02;dw03;dw04;dw05;dw06;dw07;dw08,dw00;dw01;dw02;dw03;dw04;dw05;dw06;dw07;dw08,dw08,145,1,2026-08-27T12:50:02.452+0200,dw07,5783,200,2166,147,727,2040,2.44,2147483
ground-height-0m-20260825-163632,d022m_r180_run01.csv,0,22,180,dw00;dw01;dw02;dw03;dw04;dw05;dw06;dw07;dw08,dw00;dw01;dw02;dw03;dw04;dw05;dw06;dw07;dw08,dw08,15,1,2026-08-27T12:50:02.475+0200,dw00,8103,231,2180,-174,1245,1789,1.87,2147483
ground-height-0m-20260825-163632,d022m_r180_run01.csv,0,22,180,dw00;dw01;dw02;dw03;dw04;dw05;dw06;dw07;dw08,dw00;dw01;dw02;dw03;dw04;dw05;dw06;dw07;dw08,dw08,55,1,2026-08-27T12:50:02.496+0200,dw02,8FB0,242,2167,-109,2105,513,2.71,2147483
ground-height-0m-20260825-163632,d022m_r180_run01.csv,0,22,180,dw00;dw01;dw02;dw03;dw04;dw05;dw06;dw07;dw08,dw00;dw01;dw02;dw03;dw04;dw05;dw06;dw07;dw08,dw08,90,1,2026-08-27T12:50:02.506+0200,dw04,0F85,241,2166,3,-1198,1804,3.69,2147483
ground-height-0m-20260825-163632,d022m_r180_run01.csv,0,22,180,dw00;dw01;dw02;dw03;dw04;dw05;dw06;dw07;dw08,dw00;dw01;dw02;dw03;dw04;dw05;dw06;dw07;dw08,dw08,105,1,2026-08-27T12:50:02.515+0200,dw05,4B92,241,2172,49,-574,2095,2.95,2147483
ground-height-0m-20260825-163632,d022m_r180_run01.csv,0,22,180,dw00;dw01;dw02;dw03;dw04;dw05;dw06;dw07;dw08,dw00;dw01;dw02;dw03;dw04;dw05;dw06;dw07;dw08,dw08,125,1,2026-08-27T12:50:02.526+0200,dw06,0789,204,2166,105,169,2160,-2.59,2147483
ground-height-0m-20260825-163632,d022m_r180_run01.csv,0,22,180,dw00;dw01;dw02;dw03;dw04;dw05;dw06;dw07;dw08,dw00;dw01;dw02;dw03;dw04;dw05;dw06;dw07;dw08,dw08,75,1,2026-08-27T12:50:02.672+0200,dw03,021B,243,2160,-44,-1830,1147,1.81,27954
ground-height-0m-20260825-163632,d022m_r180_run01.csv,0,22,180,dw00;dw01;dw02;dw03;dw04;dw05;dw06;dw07;dw08,dw00;dw01;dw02;dw03;dw04;dw05;dw06;dw07;dw08,dw08,15,1,2026-08-27T12:50:02.694+0200,dw00,8103,232,2177,-159,1446,1628,1.63,50689
ground-height-0m-20260825-163632,d022m_r180_run01.csv,0,22,180,dw00;dw01;dw02;dw03;dw04;dw05;dw06;dw07;dw08,dw00;dw01;dw02;dw03;dw04;dw05;dw06;dw07;dw08,dw08,55,1,2026-08-27T12:50:02.715+0200,dw02,8FB0,243,2171,-90,2171,0,2.95,71014
ground-height-0m-20260825-163632,d022m_r180_run01.csv,0,22,180,dw00;dw01;dw02;dw03;dw04;dw05;dw06;dw07;dw08,dw00;dw01;dw02;dw03;dw04;dw05;dw06;dw07;dw08,dw08,90,1,2026-08-27T12:50:02.724+0200,dw04,0F85,242,2164,4,-1185,1811,3.72,80566
ground-height-0m-20260825-163632,d022m_r180_run01.csv,0,22,180,dw00;dw01;dw02;dw03;dw04;dw05;dw06;dw07;dw08,dw00;dw01;dw02;dw03;dw04;dw05;dw06;dw07;dw08,dw08,105,1,2026-08-27T12:50:02.734+0200,dw05,4B92,242,2172,49,-578,2094,2.95,90545
ground-height-0m-20260825-163632,d022m_r180_run01.csv,0,22,180,dw00;dw01;dw02;dw03;dw04;dw05;dw06;dw07;dw08,dw00;dw01;dw02;dw03;dw04;dw05;dw06;dw07;dw08,dw08,125,1,2026-08-27T12:50:02.744+0200,dw06,0789,205,2168,104,160,2162,-2.47,701
ground-height-0m-20260825-163632,d022m_r180_run01.csv,0,22,180,dw00;dw01;dw02;dw03;dw04;dw05;dw06;dw07;dw08,dw00;dw01;dw02;dw03;dw04;dw05;dw06;dw07;dw08,dw08,75,1,2026-08-27T12:50:02.856+0200,dw03,021B,244,2161,-46,-1853,1111,1.69,12359
ground-height-0m-20260825-163632,d022m_r180_run01.csv,0,22,180,dw00;dw01;dw02;dw03;dw04;dw05;dw06;dw07;dw08,dw00;dw01;dw02;dw03;dw04;dw05;dw06;dw07;dw08,dw08,15,1,2026-08-27T12:50:02.876+0200,dw00,8103,233,2179,-164,1370,1694,1.69,32348
ground-height-0m-20260825-163632,d022m_r180_run01.csv,0,22,180,dw00;dw01;dw02;dw03;dw04;dw05;dw06;dw07;dw08,dw00;dw01;dw02;dw03;dw04;dw05;dw06;dw07;dw08,dw08,55,1,2026-08-27T12:50:02.896+0200,dw02,8FB0,244,2166,-105,2153,236,2.71,52368
ground-height-0m-20260825-163632,d022m_r180_run01.csv,0,22,180,dw00;dw01;dw02;dw03;dw04;dw05;dw06;dw07;dw08,dw00;dw01;dw02;dw03;dw04;dw05;dw06;dw07;dw08,dw08,90,1,2026-08-27T12:50:02.906+0200,dw04,0F85,243,2162,4,-1178,1813,3.57,62255
ground-height-0m-20260825-163632,d022m_r180_run01.csv,0,22,180,dw00;dw01;dw02;dw03;dw04;dw05;dw06;dw07;dw08,dw00;dw01;dw02;dw03;dw04;dw05;dw06;dw07;dw08,dw08,105,1,2026-08-27T12:50:02.916+0200,dw05,4B92,243,2170,48,-588,2089,2.95,72296
ground-height-0m-20260825-163632,d022m_r180_run01.csv,0,22,180,dw00;dw01;dw02;dw03;dw04;dw05;dw06;dw07;dw08,dw00;dw01;dw02;dw03;dw04;dw05;dw06;dw07;dw08,dw08,125,1,2026-08-27T12:50:03.026+0200,dw06,0789,206,2169,113,273,2152,-2.59,2147483
ground-height-0m-20260825-163632,d022m_r180_run01.csv,0,22,180,dw00;dw01;dw02;dw03;dw04;dw05;dw06;dw07;dw08,dw00;dw01;dw02;dw03;dw04;dw05;dw06;dw07;dw08,dw08,75,1,2026-08-27T12:50:03.055+0200,dw03,021B,245,2159,-44,-1823,1156,1.51,12298
ground-height-0m-20260825-163632,d022m_r180_run01.csv,0,22,180,dw00;dw01;dw02;dw03;dw04;dw05;dw06;dw07;dw08,dw00;dw01;dw02;dw03;dw04;dw05;dw06;dw07;dw08,dw08,15,1,2026-08-27T12:50:03.076+0200,dw00,8103,234,2177,-147,1598,1477,1.87,32287
ground-height-0m-20260825-163632,d022m_r180_run01.csv,0,22,180,dw00;dw01;dw02;dw03;dw04;dw05;dw06;dw07;dw08,dw00;dw01;dw02;dw03;dw04;dw05;dw06;dw07;dw08,dw08,55,1,2026-08-27T12:50:03.095+0200,dw02,8FB0,245,2169,-96,2169,0,2.71,52337
ground-height-0m-20260825-163632,d022m_r180_run01.csv,0,22,180,dw00;dw01;dw02;dw03;dw04;dw05;dw06;dw07;dw08,dw00;dw01;dw02;dw03;dw04;dw05;dw06;dw07;dw08,dw08,90,1,2026-08-27T12:50:03.105+0200,dw04,0F85,244,2164,6,-1153,1831,3.72,62255
ground-height-0m-20260825-163632,d022m_r180_run01.csv,0,22,180,dw00;dw01;dw02;dw03;dw04;dw05;dw06;dw07;dw08,dw00;dw01;dw02;dw03;dw04;dw05;dw06;dw07;dw08,dw08,105,1,2026-08-27T12:50:03.116+0200,dw05,4B92,244,2171,54,-520,2108,2.95,72235
ground-height-0m-20260825-163632,d022m_r180_run01.csv,0,22,180,dw00;dw01;dw02;dw03;dw04;dw05;dw06;dw07;dw08,dw00;dw01;dw02;dw03;dw04;dw05;dw06;dw07;dw08,dw08,125,1,2026-08-27T12:50:03.244+0200,dw06,0789,207,2168,96,49,2167,-2.47,762
ground-height-0m-20260825-163632,d022m_r180_run01.csv,0,22,180,dw00;dw01;dw02;dw03;dw04;dw05;dw06;dw07;dw08,dw00;dw01;dw02;dw03;dw04;dw05;dw06;dw07;dw08,dw08,75,1,2026-08-27T12:50:03.255+0200,dw03,021B,246,2159,-46,-1859,1098,1.63,12329
ground-height-0m-20260825-163632,d022m_r180_run01.csv,0,22,180,dw00;dw01;dw02;dw03;dw04;dw05;dw06;dw07;dw08,dw00;dw01;dw02;dw03;dw04;dw05;dw06;dw07;dw08,dw08,15,1,2026-08-27T12:50:03.275+0200,dw00,8103,235,2174,-166,1341,1711,1.63,32287
ground-height-0m-20260825-163632,d022m_r180_run01.csv,0,22,180,dw00;dw01;dw02;dw03;dw04;dw05;dw06;dw07;dw08,dw00;dw01;dw02;dw03;dw04;dw05;dw06;dw07;dw08,dw08,55,1,2026-08-27T12:50:03.296+0200,dw02,8FB0,246,2166,-95,2166,0,2.83,52307
ground-height-0m-20260825-163632,d022m_r180_run01.csv,0,22,180,dw00;dw01;dw02;dw03;dw04;dw05;dw06;dw07;dw08,dw00;dw01;dw02;dw03;dw04;dw05;dw06;dw07;dw08,dw08,90,1,2026-08-27T12:50:03.305+0200,dw04,0F85,245,2164,3,-1195,1804,3.63,62255
ground-height-0m-20260825-163632,d022m_r180_run01.csv,0,22,180,dw00;dw01;dw02;dw03;dw04;dw05;dw06;dw07;dw08,dw00;dw01;dw02;dw03;dw04;dw05;dw06;dw07;dw08,dw08,105,1,2026-08-27T12:50:03.315+0200,dw05,4B92,245,2171,47,-605,2085,3.06,72265
ground-height-0m-20260825-163632,d022m_r180_run01.csv,0,22,180,dw00;dw01;dw02;dw03;dw04;dw05;dw06;dw07;dw08,dw00;dw01;dw02;dw03;dw04;dw05;dw06;dw07;dw08,dw08,145,1,2026-08-27T12:50:03.435+0200,dw07,5783,204,2164,134,551,2093,2.38,2147483
ground-height-0m-20260825-163632,d022m_r180_run01.csv,0,22,180,dw00;dw01;dw02;dw03;dw04;dw05;dw06;dw07;dw08,dw00;dw01;dw02;dw03;dw04;dw05;dw06;dw07;dw08,dw08,75,1,2026-08-27T12:50:03.456+0200,dw03,021B,247,2159,-39,-1767,1241,1.69,12298
ground-height-0m-20260825-163632,d022m_r180_run01.csv,0,22,180,dw00;dw01;dw02;dw03;dw04;dw05;dw06;dw07;dw08,dw00;dw01;dw02;dw03;dw04;dw05;dw06;dw07;dw08,dw08,15,1,2026-08-27T12:50:03.475+0200,dw00,8103,236,2177,-151,1550,1529,1.75,32257
ground-height-0m-20260825-163632,d022m_r180_run01.csv,0,22,180,dw00;dw01;dw02;dw03;dw04;dw05;dw06;dw07;dw08,dw00;dw01;dw02;dw03;dw04;dw05;dw06;dw07;dw08,dw08,55,1,2026-08-27T12:50:03.496+0200,dw02,8FB0,247,2166,-96,2166,0,2.71,52337
ground-height-0m-20260825-163632,d022m_r180_run01.csv,0,22,180,dw00;dw01;dw02;dw03;dw04;dw05;dw06;dw07;dw08,dw00;dw01;dw02;dw03;dw04;dw05;dw06;dw07;dw08,dw08,35,1,2026-08-27T12:50:03.502+0200,dw01,1729,38,2170,-39,-1772,1251,3.27,58135
ground-height-0m-20260825-163632,d022m_r180_run01.csv,0,22,180,dw00;dw01;dw02;dw03;dw04;dw05;dw06;dw07;dw08,dw00;dw01;dw02;dw03;dw04;dw05;dw06;dw07;dw08,dw08,105,1,2026-08-27T12:50:03.515+0200,dw05,4B92,246,2172,49,-580,2093,3.01,72265
ground-height-0m-20260825-163632,d022m_r180_run01.csv,0,22,180,dw00;dw01;dw02;dw03;dw04;dw05;dw06;dw07;dw08,dw00;dw01;dw02;dw03;dw04;dw05;dw06;dw07;dw08,dw08,125,1,2026-08-27T12:50:03.525+0200,dw06,0789,208,2165,108,213,2155,-2.59,82305
ground-height-0m-20260825-163632,d022m_r180_run01.csv,0,22,180,dw00;dw01;dw02;dw03;dw04;dw05;dw06;dw07;dw08,dw00;dw01;dw02;dw03;dw04;dw05;dw06;dw07;dw08,dw08,145,1,2026-08-27T12:50:03.635+0200,dw07,5783,205,2164,146,710,2044,2.38,2147483
ground-height-0m-20260825-163632,d022m_r180_run01.csv,0,22,180,dw00;dw01;dw02;dw03;dw04;dw05;dw06;dw07;dw08,dw00;dw01;dw02;dw03;dw04;dw05;dw06;dw07;dw08,dw08,75,1,2026-08-27T12:50:03.656+0200,dw03,021B,248,2158,-42,-1801,1188,1.63,12298
ground-height-0m-20260825-163632,d022m_r180_run01.csv,0,22,180,dw00;dw01;dw02;dw03;dw04;dw05;dw06;dw07;dw08,dw00;dw01;dw02;dw03;dw04;dw05;dw06;dw07;dw08,dw08,15,1,2026-08-27T12:50:03.675+0200,dw00,8103,237,2181,-153,1519,1565,1.81,32318
ground-height-0m-20260825-163632,d022m_r180_run01.csv,0,22,180,dw00;dw01;dw02;dw03;dw04;dw05;dw06;dw07;dw08,dw00;dw01;dw02;dw03;dw04;dw05;dw06;dw07;dw08,dw08,55,1,2026-08-27T12:50:03.695+0200,dw02,8FB0,248,2169,-101,2169,0,2.83,52337
ground-height-0m-20260825-163632,d022m_r180_run01.csv,0,22,180,dw00;dw01;dw02;dw03;dw04;dw05;dw06;dw07;dw08,dw00;dw01;dw02;dw03;dw04;dw05;dw06;dw07;dw08,dw08,105,1,2026-08-27T12:50:03.716+0200,dw05,4B92,247,2173,50,-569,2097,2.95,72265
ground-height-0m-20260825-163632,d022m_r180_run01.csv,0,22,180,dw00;dw01;dw02;dw03;dw04;dw05;dw06;dw07;dw08,dw00;dw01;dw02;dw03;dw04;dw05;dw06;dw07;dw08,dw08,90,1,2026-08-27T12:50:03.721+0200,dw04,0F85,247,2168,4,-1185,1815,4.08,77850
ground-height-0m-20260825-163632,d022m_r180_run01.csv,0,22,180,dw00;dw01;dw02;dw03;dw04;dw05;dw06;dw07;dw08,dw00;dw01;dw02;dw03;dw04;dw05;dw06;dw07;dw08,dw08,75,1,2026-08-27T12:50:03.855+0200,dw03,021B,249,2159,-50,-1905,1016,1.51,12329
ground-height-0m-20260825-163632,d022m_r180_run01.csv,0,22,180,dw00;dw01;dw02;dw03;dw04;dw05;dw06;dw07;dw08,dw00;dw01;dw02;dw03;dw04;dw05;dw06;dw07;dw08,dw08,15,1,2026-08-27T12:50:03.876+0200,dw00,8103,238,2179,-154,1507,1574,1.81,32257
ground-height-0m-20260825-163632,d022m_r180_run01.csv,0,22,180,dw00;dw01;dw02;dw03;dw04;dw05;dw06;dw07;dw08,dw00;dw01;dw02;dw03;dw04;dw05;dw06;dw07;dw08,dw08,55,1,2026-08-27T12:50:03.895+0200,dw02,8FB0,249,2167,-102,2167,0,2.77,52337
ground-height-0m-20260825-163632,d022m_r180_run01.csv,0,22,180,dw00;dw01;dw02;dw03;dw04;dw05;dw06;dw07;dw08,dw00;dw01;dw02;dw03;dw04;dw05;dw06;dw07;dw08,dw08,105,1,2026-08-27T12:50:03.916+0200,dw05,4B92,248,2169,50,-573,2091,3.06,72235
ground-height-0m-20260825-163632,d022m_r180_run01.csv,0,22,180,dw00;dw01;dw02;dw03;dw04;dw05;dw06;dw07;dw08,dw00;dw01;dw02;dw03;dw04;dw05;dw06;dw07;dw08,dw08,125,1,2026-08-27T12:50:03.941+0200,dw06,0789,210,2167,99,82,2166,-2.35,2147483
ground-height-0m-20260825-163632,d022m_r180_run01.csv,0,22,180,dw00;dw01;dw02;dw03;dw04;dw05;dw06;dw07;dw08,dw00;dw01;dw02;dw03;dw04;dw05;dw06;dw07;dw08,dw08,145,1,2026-08-27T12:50:04.051+0200,dw07,5783,207,2168,136,583,2088,2.53,2147483
ground-height-0m-20260825-163632,d022m_r180_run01.csv,0,22,180,dw00;dw01;dw02;dw03;dw04;dw05;dw06;dw07;dw08,dw00;dw01;dw02;dw03;dw04;dw05;dw06;dw07;dw08,dw08,15,1,2026-08-27T12:50:04.075+0200,dw00,8103,239,2182,-174,1244,1792,1.81,2147483
ground-height-0m-20260825-163632,d022m_r180_run01.csv,0,22,180,dw00;dw01;dw02;dw03;dw04;dw05;dw06;dw07;dw08,dw00;dw01;dw02;dw03;dw04;dw05;dw06;dw07;dw08,dw08,55,1,2026-08-27T12:50:04.095+0200,dw02,8FB0,250,2169,-107,2124,436,2.83,2147483
ground-height-0m-20260825-163632,d022m_r180_run01.csv,0,22,180,dw00;dw01;dw02;dw03;dw04;dw05;dw06;dw07;dw08,dw00;dw01;dw02;dw03;dw04;dw05;dw06;dw07;dw08,dw08,105,1,2026-08-27T12:50:04.115+0200,dw05,4B92,249,2172,41,-684,2061,3.01,2147483
ground-height-0m-20260825-163632,d022m_r180_run01.csv,0,22,180,dw00;dw01;dw02;dw03;dw04;dw05;dw06;dw07;dw08,dw00;dw01;dw02;dw03;dw04;dw05;dw06;dw07;dw08,dw08,90,1,2026-08-27T12:50:04.121+0200,dw04,0F85,249,2163,3,-1193,1805,4.26,2147483
ground-height-0m-20260825-163632,d022m_r180_run01.csv,0,22,180,dw00;dw01;dw02;dw03;dw04;dw05;dw06;dw07;dw08,dw00;dw01;dw02;dw03;dw04;dw05;dw06;dw07;dw08,dw08,75,1,2026-08-27T12:50:04.271+0200,dw03,021B,251,2160,-50,-1910,1010,1.69,27893
ground-height-0m-20260825-163632,d022m_r180_run01.csv,0,22,180,dw00;dw01;dw02;dw03;dw04;dw05;dw06;dw07;dw08,dw00;dw01;dw02;dw03;dw04;dw05;dw06;dw07;dw08,dw08,15,1,2026-08-27T12:50:04.293+0200,dw00,8103,240,2181,-166,1349,1714,1.75,50598
ground-height-0m-20260825-163632,d022m_r180_run01.csv,0,22,180,dw00;dw01;dw02;dw03;dw04;dw05;dw06;dw07;dw08,dw00;dw01;dw02;dw03;dw04;dw05;dw06;dw07;dw08,dw08,55,1,2026-08-27T12:50:04.314+0200,dw02,8FB0,251,2169,-91,2169,0,2.71,71044
ground-height-0m-20260825-163632,d022m_r180_run01.csv,0,22,180,dw00;dw01;dw02;dw03;dw04;dw05;dw06;dw07;dw08,dw00;dw01;dw02;dw03;dw04;dw05;dw06;dw07;dw08,dw08,105,1,2026-08-27T12:50:04.334+0200,dw05,4B92,250,2171,49,-584,2091,3.06,90606
ground-height-0m-20260825-163632,d022m_r180_run01.csv,0,22,180,dw00;dw01;dw02;dw03;dw04;dw05;dw06;dw07;dw08,dw00;dw01;dw02;dw03;dw04;dw05;dw06;dw07;dw08,dw08,90,1,2026-08-27T12:50:04.339+0200,dw04,0F85,250,2164,2,-1200,1800,3.63,2147483
ground-height-0m-20260825-163632,d022m_r180_run01.csv,0,22,180,dw00;dw01;dw02;dw03;dw04;dw05;dw06;dw07;dw08,dw00;dw01;dw02;dw03;dw04;dw05;dw06;dw07;dw08,dw08,75,1,2026-08-27T12:50:04.456+0200,dw03,021B,252,2160,-51,-1920,990,1.69,12390
ground-height-0m-20260825-163632,d022m_r180_run01.csv,0,22,180,dw00;dw01;dw02;dw03;dw04;dw05;dw06;dw07;dw08,dw00;dw01;dw02;dw03;dw04;dw05;dw06;dw07;dw08,dw08,15,1,2026-08-27T12:50:04.475+0200,dw00,8103,241,2177,-156,1482,1594,1.63,32348
ground-height-0m-20260825-163632,d022m_r180_run01.csv,0,22,180,dw00;dw01;dw02;dw03;dw04;dw05;dw06;dw07;dw08,dw00;dw01;dw02;dw03;dw04;dw05;dw06;dw07;dw08,dw08,55,1,2026-08-27T12:50:04.495+0200,dw02,8FB0,252,2169,-80,-2169,0,2.71,52368
ground-height-0m-20260825-163632,d022m_r180_run01.csv,0,22,180,dw00;dw01;dw02;dw03;dw04;dw05;dw06;dw07;dw08,dw00;dw01;dw02;dw03;dw04;dw05;dw06;dw07;dw08,dw08,105,1,2026-08-27T12:50:04.515+0200,dw05,4B92,251,2169,50,-564,2094,3.06,72265
ground-height-0m-20260825-163632,d022m_r180_run01.csv,0,22,180,dw00;dw01;dw02;dw03;dw04;dw05;dw06;dw07;dw08,dw00;dw01;dw02;dw03;dw04;dw05;dw06;dw07;dw08,dw08,145,1,2026-08-27T12:50:04.551+0200,dw07,5783,209,2162,137,587,2080,2.59,2147483
ground-height-0m-20260825-163632,d022m_r180_run01.csv,0,22,180,dw00;dw01;dw02;dw03;dw04;dw05;dw06;dw07;dw08,dw00;dw01;dw02;dw03;dw04;dw05;dw06;dw07;dw08,dw08,125,1,2026-08-27T12:50:04.556+0200,dw06,0789,213,2170,106,185,2163,-2.47,2147483
ground-height-0m-20260825-163632,d022m_r180_run01.csv,0,22,180,dw00;dw01;dw02;dw03;dw04;dw05;dw06;dw07;dw08,dw00;dw01;dw02;dw03;dw04;dw05;dw06;dw07;dw08,dw08,90,1,2026-08-27T12:50:04.605+0200,dw04,0F85,251,2164,0,-1237,1775,3.63,2147483
ground-height-0m-20260825-163632,d022m_r180_run01.csv,0,22,180,dw00;dw01;dw02;dw03;dw04;dw05;dw06;dw07;dw08,dw00;dw01;dw02;dw03;dw04;dw05;dw06;dw07;dw08,dw08,75,1,2026-08-27T12:50:04.655+0200,dw03,021B,253,2160,-31,-1649,1395,1.69,12298
ground-height-0m-20260825-163632,d022m_r180_run01.csv,0,22,180,dw00;dw01;dw02;dw03;dw04;dw05;dw06;dw07;dw08,dw00;dw01;dw02;dw03;dw04;dw05;dw06;dw07;dw08,dw08,15,1,2026-08-27T12:50:04.675+0200,dw00,8103,242,2179,-164,1372,1693,1.69,32318
ground-height-0m-20260825-163632,d022m_r180_run01.csv,0,22,180,dw00;dw01;dw02;dw03;dw04;dw05;dw06;dw07;dw08,dw00;dw01;dw02;dw03;dw04;dw05;dw06;dw07;dw08,dw08,55,1,2026-08-27T12:50:04.695+0200,dw02,8FB0,253,2164,-104,2164,0,2.83,52307
ground-height-0m-20260825-163632,d022m_r180_run01.csv,0,22,180,dw00;dw01;dw02;dw03;dw04;dw05;dw06;dw07;dw08,dw00;dw01;dw02;dw03;dw04;dw05;dw06;dw07;dw08,dw08,105,1,2026-08-27T12:50:04.715+0200,dw05,4B92,252,2172,52,-539,2104,2.95,72235
ground-height-0m-20260825-163632,d022m_r180_run01.csv,0,22,180,dw00;dw01;dw02;dw03;dw04;dw05;dw06;dw07;dw08,dw00;dw01;dw02;dw03;dw04;dw05;dw06;dw07;dw08,dw08,125,1,2026-08-27T12:50:04.775+0200,dw06,0789,214,2165,115,297,2144,-2.59,32012
ground-height-0m-20260825-163632,d022m_r180_run01.csv,0,22,180,dw00;dw01;dw02;dw03;dw04;dw05;dw06;dw07;dw08,dw00;dw01;dw02;dw03;dw04;dw05;dw06;dw07;dw08,dw08,90,1,2026-08-27T12:50:04.824+0200,dw04,0F85,252,2163,0,-1230,1780,3.57,80627
ground-height-0m-20260825-163632,d022m_r180_run01.csv,0,22,180,dw00;dw01;dw02;dw03;dw04;dw05;dw06;dw07;dw08,dw00;dw01;dw02;dw03;dw04;dw05;dw06;dw07;dw08,dw08,145,1,2026-08-27T12:50:04.835+0200,dw07,5783,210,2168,140,636,2072,2.44,2147483
ground-height-0m-20260825-163632,d022m_r180_run01.csv,0,22,180,dw00;dw01;dw02;dw03;dw04;dw05;dw06;dw07;dw08,dw00;dw01;dw02;dw03;dw04;dw05;dw06;dw07;dw08,dw08,75,1,2026-08-27T12:50:04.855+0200,dw03,021B,254,2160,-44,-1828,1150,1.57,12329
ground-height-0m-20260825-163632,d022m_r180_run01.csv,0,22,180,dw00;dw01;dw02;dw03;dw04;dw05;dw06;dw07;dw08,dw00;dw01;dw02;dw03;dw04;dw05;dw06;dw07;dw08,dw08,15,1,2026-08-27T12:50:04.875+0200,dw00,8103,243,2178,-151,1548,1532,1.63,32287
ground-height-0m-20260825-163632,d022m_r180_run01.csv,0,22,180,dw00;dw01;dw02;dw03;dw04;dw05;dw06;dw07;dw08,dw00;dw01;dw02;dw03;dw04;dw05;dw06;dw07;dw08,dw08,55,1,2026-08-27T12:50:04.895+0200,dw02,8FB0,254,2167,-95,2167,0,2.77,52337
ground-height-0m-20260825-163632,d022m_r180_run01.csv,0,22,180,dw00;dw01;dw02;dw03;dw04;dw05;dw06;dw07;dw08,dw00;dw01;dw02;dw03;dw04;dw05;dw06;dw07;dw08,dw08,105,1,2026-08-27T12:50:04.915+0200,dw05,4B92,253,2172,52,-544,2102,3.01,72235
ground-height-0m-20260825-163632,d022m_r180_run01.csv,0,22,180,dw00;dw01;dw02;dw03;dw04;dw05;dw06;dw07;dw08,dw00;dw01;dw02;dw03;dw04;dw05;dw06;dw07;dw08,dw08,90,1,2026-08-27T12:50:05.005+0200,dw04,0F85,253,2163,7,-1142,1837,3.57,62255
ground-height-0m-20260825-163632,d022m_r180_run01.csv,0,22,180,dw00;dw01;dw02;dw03;dw04;dw05;dw06;dw07;dw08,dw00;dw01;dw02;dw03;dw04;dw05;dw06;dw07;dw08,dw08,125,1,2026-08-27T12:50:05.025+0200,dw06,0789,215,2173,109,226,2161,-2.59,82244
ground-height-0m-20260825-163632,d022m_r180_run01.csv,0,22,180,dw00;dw01;dw02;dw03;dw04;dw05;dw06;dw07;dw08,dw00;dw01;dw02;dw03;dw04;dw05;dw06;dw07;dw08,dw08,145,1,2026-08-27T12:50:05.035+0200,dw07,5783,211,2164,124,422,2123,2.38,2147483
ground-height-0m-20260825-163632,d022m_r180_run01.csv,0,22,180,dw00;dw01;dw02;dw03;dw04;dw05;dw06;dw07;dw08,dw00;dw01;dw02;dw03;dw04;dw05;dw06;dw07;dw08,dw08,75,1,2026-08-27T12:50:05.055+0200,dw03,021B,255,2163,-51,-1921,995,1.69,12329
ground-height-0m-20260825-163632,d022m_r180_run01.csv,0,22,180,dw00;dw01;dw02;dw03;dw04;dw05;dw06;dw07;dw08,dw00;dw01;dw02;dw03;dw04;dw05;dw06;dw07;dw08,dw08,15,1,2026-08-27T12:50:05.075+0200,dw00,8103,244,2178,-157,1473,1604,1.69,32287
ground-height-0m-20260825-163632,d022m_r180_run01.csv,0,22,180,dw00;dw01;dw02;dw03;dw04;dw05;dw06;dw07;dw08,dw00;dw01;dw02;dw03;dw04;dw05;dw06;dw07;dw08,dw08,55,1,2026-08-27T12:50:05.095+0200,dw02,8FB0,255,2165,-98,2165,0,2.83,52337
ground-height-0m-20260825-163632,d022m_r180_run01.csv,0,22,180,dw00;dw01;dw02;dw03;dw04;dw05;dw06;dw07;dw08,dw00;dw01;dw02;dw03;dw04;dw05;dw06;dw07;dw08,dw08,105,1,2026-08-27T12:50:05.115+0200,dw05,4B92,254,2171,52,-543,2102,3.01,72265
ground-height-0m-20260825-163632,d022m_r180_run01.csv,0,22,180,dw00;dw01;dw02;dw03;dw04;dw05;dw06;dw07;dw08,dw00;dw01;dw02;dw03;dw04;dw05;dw06;dw07;dw08,dw08,90,1,2026-08-27T12:50:05.205+0200,dw04,0F85,254,2161,-5,-1308,1720,3.57,62255
ground-height-0m-20260825-163632,d022m_r180_run01.csv,0,22,180,dw00;dw01;dw02;dw03;dw04;dw05;dw06;dw07;dw08,dw00;dw01;dw02;dw03;dw04;dw05;dw06;dw07;dw08,dw08,125,1,2026-08-27T12:50:05.225+0200,dw06,0789,216,2166,100,106,2164,-2.59,82336
ground-height-0m-20260825-163632,d022m_r180_run01.csv,0,22,180,dw00;dw01;dw02;dw03;dw04;dw05;dw06;dw07;dw08,dw00;dw01;dw02;dw03;dw04;dw05;dw06;dw07;dw08,dw08,145,1,2026-08-27T12:50:05.235+0200,dw07,5783,212,2163,153,812,2004,2.38,2147483
ground-height-0m-20260825-163632,d022m_r180_run01.csv,0,22,180,dw00;dw01;dw02;dw03;dw04;dw05;dw06;dw07;dw08,dw00;dw01;dw02;dw03;dw04;dw05;dw06;dw07;dw08,dw08,75,1,2026-08-27T12:50:05.255+0200,dw03,021B,0,2163,-43,-1817,1173,1.69,12298
ground-height-0m-20260825-163632,d022m_r180_run01.csv,0,22,180,dw00;dw01;dw02;dw03;dw04;dw05;dw06;dw07;dw08,dw00;dw01;dw02;dw03;dw04;dw05;dw06;dw07;dw08,dw08,15,1,2026-08-27T12:50:05.275+0200,dw00,8103,245,2177,-149,1576,1501,1.69,32287
ground-height-0m-20260825-163632,d022m_r180_run01.csv,0,22,180,dw00;dw01;dw02;dw03;dw04;dw05;dw06;dw07;dw08,dw00;dw01;dw02;dw03;dw04;dw05;dw06;dw07;dw08,dw08,55,1,2026-08-27T12:50:05.294+0200,dw02,8FB0,0,2170,-105,2154,269,2.83,52307
ground-height-0m-20260825-163632,d022m_r180_run01.csv,0,22,180,dw00;dw01;dw02;dw03;dw04;dw05;dw06;dw07;dw08,dw00;dw01;dw02;dw03;dw04;dw05;dw06;dw07;dw08,dw08,105,1,2026-08-27T12:50:05.315+0200,dw05,4B92,255,2172,49,-579,2094,2.95,72265
ground-height-0m-20260825-163632,d022m_r180_run01.csv,0,22,180,dw00;dw01;dw02;dw03;dw04;dw05;dw06;dw07;dw08,dw00;dw01;dw02;dw03;dw04;dw05;dw06;dw07;dw08,dw08,90,1,2026-08-27T12:50:05.405+0200,dw04,0F85,255,2166,3,-1196,1806,3.45,62255
ground-height-0m-20260825-163632,d022m_r180_run01.csv,0,22,180,dw00;dw01;dw02;dw03;dw04;dw05;dw06;dw07;dw08,dw00;dw01;dw02;dw03;dw04;dw05;dw06;dw07;dw08,dw08,125,1,2026-08-27T12:50:05.426+0200,dw06,0789,217,2167,105,170,2160,-2.59,82244
ground-height-0m-20260825-163632,d022m_r180_run01.csv,0,22,180,dw00;dw01;dw02;dw03;dw04;dw05;dw06;dw07;dw08,dw00;dw01;dw02;dw03;dw04;dw05;dw06;dw07;dw08,dw08,75,1,2026-08-27T12:50:05.455+0200,dw03,021B,1,2162,-43,-1821,1165,1.63,12298
ground-height-0m-20260825-163632,d022m_r180_run01.csv,0,22,180,dw00;dw01;dw02;dw03;dw04;dw05;dw06;dw07;dw08,dw00;dw01;dw02;dw03;dw04;dw05;dw06;dw07;dw08,dw08,15,1,2026-08-27T12:50:05.475+0200,dw00,8103,246,2179,-152,1542,1539,1.87,32287
ground-height-0m-20260825-163632,d022m_r180_run01.csv,0,22,180,dw00;dw01;dw02;dw03;dw04;dw05;dw06;dw07;dw08,dw00;dw01;dw02;dw03;dw04;dw05;dw06;dw07;dw08,dw08,55,1,2026-08-27T12:50:05.495+0200,dw02,8FB0,1,2165,-99,2165,0,2.71,52276
ground-height-0m-20260825-163632,d022m_r180_run01.csv,0,22,180,dw00;dw01;dw02;dw03;dw04;dw05;dw06;dw07;dw08,dw00;dw01;dw02;dw03;dw04;dw05;dw06;dw07;dw08,dw08,105,1,2026-08-27T12:50:05.515+0200,dw05,4B92,0,2171,46,-617,2081,3.06,72235
ground-height-0m-20260825-163632,d022m_r180_run01.csv,0,22,180,dw00;dw01;dw02;dw03;dw04;dw05;dw06;dw07;dw08,dw00;dw01;dw02;dw03;dw04;dw05;dw06;dw07;dw08,dw08,90,1,2026-08-27T12:50:05.605+0200,dw04,0F85,0,2164,-2,-1266,1755,3.63,62255
ground-height-0m-20260825-163632,d022m_r180_run01.csv,0,22,180,dw00;dw01;dw02;dw03;dw04;dw05;dw06;dw07;dw08,dw00;dw01;dw02;dw03;dw04;dw05;dw06;dw07;dw08,dw08,125,1,2026-08-27T12:50:05.625+0200,dw06,0789,218,2170,110,228,2157,-2.74,82275
ground-height-0m-20260825-163632,d022m_r180_run01.csv,0,22,180,dw00;dw01;dw02;dw03;dw04;dw05;dw06;dw07;dw08,dw00;dw01;dw02;dw03;dw04;dw05;dw06;dw07;dw08,dw08,145,1,2026-08-27T12:50:05.635+0200,dw07,5783,214,2162,138,606,2076,2.20,2147483
ground-height-0m-20260825-163632,d022m_r180_run01.csv,0,22,180,dw00;dw01;dw02;dw03;dw04;dw05;dw06;dw07;dw08,dw00;dw01;dw02;dw03;dw04;dw05;dw06;dw07;dw08,dw08,75,1,2026-08-27T12:50:05.655+0200,dw03,021B,2,2157,-39,-1764,1241,1.57,12298
ground-height-0m-20260825-163632,d022m_r180_run01.csv,0,22,180,dw00;dw01;dw02;dw03;dw04;dw05;dw06;dw07;dw08,dw00;dw01;dw02;dw03;dw04;dw05;dw06;dw07;dw08,dw08,15,1,2026-08-27T12:50:05.675+0200,dw00,8103,247,2175,-148,1592,1482,1.69,32287
ground-height-0m-20260825-163632,d022m_r180_run01.csv,0,22,180,dw00;dw01;dw02;dw03;dw04;dw05;dw06;dw07;dw08,dw00;dw01;dw02;dw03;dw04;dw05;dw06;dw07;dw08,dw08,55,1,2026-08-27T12:50:05.695+0200,dw02,8FB0,2,2170,-81,-2170,0,2.71,52337
ground-height-0m-20260825-163632,d022m_r180_run01.csv,0,22,180,dw00;dw01;dw02;dw03;dw04;dw05;dw06;dw07;dw08,dw00;dw01;dw02;dw03;dw04;dw05;dw06;dw07;dw08,dw08,105,1,2026-08-27T12:50:05.714+0200,dw05,4B92,1,2171,55,-506,2111,3.06,72235
ground-height-0m-20260825-163632,d022m_r180_run01.csv,0,22,180,dw00;dw01;dw02;dw03;dw04;dw05;dw06;dw07;dw08,dw00;dw01;dw02;dw03;dw04;dw05;dw06;dw07;dw08,dw08,90,1,2026-08-27T12:50:05.804+0200,dw04,0F85,1,2162,-2,-1265,1754,3.57,62225
ground-height-0m-20260825-163632,d022m_r180_run01.csv,0,22,180,dw00;dw01;dw02;dw03;dw04;dw05;dw06;dw07;dw08,dw00;dw01;dw02;dw03;dw04;dw05;dw06;dw07;dw08,dw08,125,1,2026-08-27T12:50:05.825+0200,dw06,0789,219,2166,96,44,2165,-2.65,82275
ground-height-0m-20260825-163632,d022m_r180_run01.csv,0,22,180,dw00;dw01;dw02;dw03;dw04;dw05;dw06;dw07;dw08,dw00;dw01;dw02;dw03;dw04;dw05;dw06;dw07;dw08,dw08,145,1,2026-08-27T12:50:05.835+0200,dw07,5783,215,2168,150,765,2029,2.44,2147483
ground-height-0m-20260825-163632,d022m_r180_run01.csv,0,22,180,dw00;dw01;dw02;dw03;dw04;dw05;dw06;dw07;dw08,dw00;dw01;dw02;dw03;dw04;dw05;dw06;dw07;dw08,dw08,75,1,2026-08-27T12:50:05.855+0200,dw03,021B,3,2159,-40,-1773,1231,1.57,12298
ground-height-0m-20260825-163632,d022m_r180_run01.csv,0,22,180,dw00;dw01;dw02;dw03;dw04;dw05;dw06;dw07;dw08,dw00;dw01;dw02;dw03;dw04;dw05;dw06;dw07;dw08,dw08,15,1,2026-08-27T12:50:05.875+0200,dw00,8103,248,2181,-151,1556,1528,1.63,32287
ground-height-0m-20260825-163632,d022m_r180_run01.csv,0,22,180,dw00;dw01;dw02;dw03;dw04;dw05;dw06;dw07;dw08,dw00;dw01;dw02;dw03;dw04;dw05;dw06;dw07;dw08,dw08,55,1,2026-08-27T12:50:05.895+0200,dw02,8FB0,3,2169,-106,2148,297,2.83,52337
ground-height-0m-20260825-163632,d022m_r180_run01.csv,0,22,180,dw00;dw01;dw02;dw03;dw04;dw05;dw06;dw07;dw08,dw00;dw01;dw02;dw03;dw04;dw05;dw06;dw07;dw08,dw08,105,1,2026-08-27T12:50:05.915+0200,dw05,4B92,2,2170,52,-536,2103,3.01,72235
ground-height-0m-20260825-163632,d022m_r180_run01.csv,0,22,180,dw00;dw01;dw02;dw03;dw04;dw05;dw06;dw07;dw08,dw00;dw01;dw02;dw03;dw04;dw05;dw06;dw07;dw08,dw08,90,1,2026-08-27T12:50:06.004+0200,dw04,0F85,2,2166,-3,-1286,1742,3.39,62194
ground-height-0m-20260825-163632,d022m_r180_run01.csv,0,22,180,dw00;dw01;dw02;dw03;dw04;dw05;dw06;dw07;dw08,dw00;dw01;dw02;dw03;dw04;dw05;dw06;dw07;dw08,dw08,125,1,2026-08-27T12:50:06.025+0200,dw06,0789,220,2167,102,131,2163,-2.59,82305
ground-height-0m-20260825-163632,d022m_r180_run01.csv,0,22,180,dw00;dw01;dw02;dw03;dw04;dw05;dw06;dw07;dw08,dw00;dw01;dw02;dw03;dw04;dw05;dw06;dw07;dw08,dw08,145,1,2026-08-27T12:50:06.035+0200,dw07,5783,216,2164,144,691,2051,2.44,2147483
ground-height-0m-20260825-163632,d022m_r180_run01.csv,0,22,180,dw00;dw01;dw02;dw03;dw04;dw05;dw06;dw07;dw08,dw00;dw01;dw02;dw03;dw04;dw05;dw06;dw07;dw08,dw08,75,1,2026-08-27T12:50:06.055+0200,dw03,021B,4,2160,-31,-1660,1381,1.57,12298
ground-height-0m-20260825-163632,d022m_r180_run01.csv,0,22,180,dw00;dw01;dw02;dw03;dw04;dw05;dw06;dw07;dw08,dw00;dw01;dw02;dw03;dw04;dw05;dw06;dw07;dw08,dw08,15,1,2026-08-27T12:50:06.075+0200,dw00,8103,249,2179,-157,1467,1611,1.81,32318
ground-height-0m-20260825-163632,d022m_r180_run01.csv,0,22,180,dw00;dw01;dw02;dw03;dw04;dw05;dw06;dw07;dw08,dw00;dw01;dw02;dw03;dw04;dw05;dw06;dw07;dw08,dw08,55,1,2026-08-27T12:50:06.094+0200,dw02,8FB0,4,2168,-98,2168,0,2.77,52307
ground-height-0m-20260825-163632,d022m_r180_run01.csv,0,22,180,dw00;dw01;dw02;dw03;dw04;dw05;dw06;dw07;dw08,dw00;dw01;dw02;dw03;dw04;dw05;dw06;dw07;dw08,dw08,105,1,2026-08-27T12:50:06.115+0200,dw05,4B92,3,2174,46,-617,2084,3.06,72235
ground-height-0m-20260825-163632,d022m_r180_run01.csv,0,22,180,dw00;dw01;dw02;dw03;dw04;dw05;dw06;dw07;dw08,dw00;dw01;dw02;dw03;dw04;dw05;dw06;dw07;dw08,dw08,90,1,2026-08-27T12:50:06.205+0200,dw04,0F85,3,2162,-1,-1251,1763,3.57,62286
ground-height-0m-20260825-163632,d022m_r180_run01.csv,0,22,180,dw00;dw01;dw02;dw03;dw04;dw05;dw06;dw07;dw08,dw00;dw01;dw02;dw03;dw04;dw05;dw06;dw07;dw08,dw08,125,1,2026-08-27T12:50:06.226+0200,dw06,0789,221,2169,102,127,2165,-2.59,82244
ground-height-0m-20260825-163632,d022m_r180_run01.csv,0,22,180,dw00;dw01;dw02;dw03;dw04;dw05;dw06;dw07;dw08,dw00;dw01;dw02;dw03;dw04;dw05;dw06;dw07;dw08,dw08,75,1,2026-08-27T12:50:06.255+0200,dw03,021B,5,2162,-38,-1753,1265,1.63,12298
ground-height-0m-20260825-163632,d022m_r180_run01.csv,0,22,180,dw00;dw01;dw02;dw03;dw04;dw05;dw06;dw07;dw08,dw00;dw01;dw02;dw03;dw04;dw05;dw06;dw07;dw08,dw08,15,1,2026-08-27T12:50:06.276+0200,dw00,8103,250,2180,-165,1357,1707,1.75,32257
ground-height-0m-20260825-163632,d022m_r180_run01.csv,0,22,180,dw00;dw01;dw02;dw03;dw04;dw05;dw06;dw07;dw08,dw00;dw01;dw02;dw03;dw04;dw05;dw06;dw07;dw08,dw08,55,1,2026-08-27T12:50:06.295+0200,dw02,8FB0,5,2170,-100,2169,0,2.83,52337
ground-height-0m-20260825-163632,d022m_r180_run01.csv,0,22,180,dw00;dw01;dw02;dw03;dw04;dw05;dw06;dw07;dw08,dw00;dw01;dw02;dw03;dw04;dw05;dw06;dw07;dw08,dw08,105,1,2026-08-27T12:50:06.316+0200,dw05,4B92,4,2174,53,-527,2109,2.95,72265
ground-height-0m-20260825-163632,d022m_r180_run01.csv,0,22,180,dw00;dw01;dw02;dw03;dw04;dw05;dw06;dw07;dw08,dw00;dw01;dw02;dw03;dw04;dw05;dw06;dw07;dw08,dw08,90,1,2026-08-27T12:50:06.406+0200,dw04,0F85,4,2164,-7,-1343,1697,3.39,62225
ground-height-0m-20260825-163632,d022m_r180_run01.csv,0,22,180,dw00;dw01;dw02;dw03;dw04;dw05;dw06;dw07;dw08,dw00;dw01;dw02;dw03;dw04;dw05;dw06;dw07;dw08,dw08,125,1,2026-08-27T12:50:06.425+0200,dw06,0789,222,2168,102,132,2164,-2.59,82305
ground-height-0m-20260825-163632,d022m_r180_run01.csv,0,22,180,dw00;dw01;dw02;dw03;dw04;dw05;dw06;dw07;dw08,dw00;dw01;dw02;dw03;dw04;dw05;dw06;dw07;dw08,dw08,145,1,2026-08-27T12:50:06.451+0200,dw07,5783,218,2170,143,676,2062,2.53,2147483
ground-height-0m-20260825-163632,d022m_r180_run01.csv,0,22,180,dw00;dw01;dw02;dw03;dw04;dw05;dw06;dw07;dw08,dw00;dw01;dw02;dw03;dw04;dw05;dw06;dw07;dw08,dw08,15,1,2026-08-27T12:50:06.475+0200,dw00,8103,251,2178,-158,1461,1615,1.81,2147483
ground-height-0m-20260825-163632,d022m_r180_run01.csv,0,22,180,dw00;dw01;dw02;dw03;dw04;dw05;dw06;dw07;dw08,dw00;dw01;dw02;dw03;dw04;dw05;dw06;dw07;dw08,dw08,55,1,2026-08-27T12:50:06.495+0200,dw02,8FB0,6,2163,-91,2163,0,2.71,2147483
ground-height-0m-20260825-163632,d022m_r180_run01.csv,0,22,180,dw00;dw01;dw02;dw03;dw04;dw05;dw06;dw07;dw08,dw00;dw01;dw02;dw03;dw04;dw05;dw06;dw07;dw08,dw08,105,1,2026-08-27T12:50:06.515+0200,dw05,4B92,5,2172,50,-569,2096,2.95,2147483
ground-height-0m-20260825-163632,d022m_r180_run01.csv,0,22,180,dw00;dw01;dw02;dw03;dw04;dw05;dw06;dw07;dw08,dw00;dw01;dw02;dw03;dw04;dw05;dw06;dw07;dw08,dw08,90,1,2026-08-27T12:50:06.605+0200,dw04,0F85,5,2164,2,-1209,1795,3.51,62225
ground-height-0m-20260825-163632,d022m_r180_run01.csv,0,22,180,dw00;dw01;dw02;dw03;dw04;dw05;dw06;dw07;dw08,dw00;dw01;dw02;dw03;dw04;dw05;dw06;dw07;dw08,dw08,125,1,2026-08-27T12:50:06.625+0200,dw06,0789,223,2167,99,93,2165,-2.59,82275
ground-height-0m-20260825-163632,d022m_r180_run01.csv,0,22,180,dw00;dw01;dw02;dw03;dw04;dw05;dw06;dw07;dw08,dw00;dw01;dw02;dw03;dw04;dw05;dw06;dw07;dw08,dw08,75,1,2026-08-27T12:50:06.671+0200,dw03,021B,7,2161,-42,-1808,1183,1.81,27923
ground-height-0m-20260825-163632,d022m_r180_run01.csv,0,22,180,dw00;dw01;dw02;dw03;dw04;dw05;dw06;dw07;dw08,dw00;dw01;dw02;dw03;dw04;dw05;dw06;dw07;dw08,dw08,15,1,2026-08-27T12:50:06.694+0200,dw00,8103,252,2176,-170,1291,1751,1.75,50689
ground-height-0m-20260825-163632,d022m_r180_run01.csv,0,22,180,dw00;dw01;dw02;dw03;dw04;dw05;dw06;dw07;dw08,dw00;dw01;dw02;dw03;dw04;dw05;dw06;dw07;dw08,dw08,55,1,2026-08-27T12:50:06.714+0200,dw02,8FB0,7,2162,-99,2162,0,2.59,71014
ground-height-0m-20260825-163632,d022m_r180_run01.csv,0,22,180,dw00;dw01;dw02;dw03;dw04;dw05;dw06;dw07;dw08,dw00;dw01;dw02;dw03;dw04;dw05;dw06;dw07;dw08,dw08,105,1,2026-08-27T12:50:06.734+0200,dw05,4B92,6,2173,54,-513,2112,2.89,90515
ground-height-0m-20260825-163632,d022m_r180_run01.csv,0,22,180,dw00;dw01;dw02;dw03;dw04;dw05;dw06;dw07;dw08,dw00;dw01;dw02;dw03;dw04;dw05;dw06;dw07;dw08,dw08,90,1,2026-08-27T12:50:06.805+0200,dw04,0F85,6,2167,0,-1236,1779,3.39,62194
ground-height-0m-20260825-163632,d022m_r180_run01.csv,0,22,180,dw00;dw01;dw02;dw03;dw04;dw05;dw06;dw07;dw08,dw00;dw01;dw02;dw03;dw04;dw05;dw06;dw07;dw08,dw08,125,1,2026-08-27T12:50:06.825+0200,dw06,0789,224,2168,91,-13,2168,-2.47,82275
ground-height-0m-20260825-163632,d022m_r180_run01.csv,0,22,180,dw00;dw01;dw02;dw03;dw04;dw05;dw06;dw07;dw08,dw00;dw01;dw02;dw03;dw04;dw05;dw06;dw07;dw08,dw08,75,1,2026-08-27T12:50:06.856+0200,dw03,021B,8,2161,-46,-1853,1113,1.69,12329
ground-height-0m-20260825-163632,d022m_r180_run01.csv,0,22,180,dw00;dw01;dw02;dw03;dw04;dw05;dw06;dw07;dw08,dw00;dw01;dw02;dw03;dw04;dw05;dw06;dw07;dw08,dw08,15,1,2026-08-27T12:50:06.875+0200,dw00,8103,253,2176,-166,1343,1712,1.75,32348
ground-height-0m-20260825-163632,d022m_r180_run01.csv,0,22,180,dw00;dw01;dw02;dw03;dw04;dw05;dw06;dw07;dw08,dw00;dw01;dw02;dw03;dw04;dw05;dw06;dw07;dw08,dw08,55,1,2026-08-27T12:50:06.895+0200,dw02,8FB0,8,2162,-92,2162,0,2.71,52337
ground-height-0m-20260825-163632,d022m_r180_run01.csv,0,22,180,dw00;dw01;dw02;dw03;dw04;dw05;dw06;dw07;dw08,dw00;dw01;dw02;dw03;dw04;dw05;dw06;dw07;dw08,dw08,105,1,2026-08-27T12:50:06.915+0200,dw05,4B92,7,2173,44,-646,2075,2.95,72326
ground-height-0m-20260825-163632,d022m_r180_run01.csv,0,22,180,dw00;dw01;dw02;dw03;dw04;dw05;dw06;dw07;dw08,dw00;dw01;dw02;dw03;dw04;dw05;dw06;dw07;dw08,dw08,145,1,2026-08-27T12:50:06.951+0200,dw07,5783,220,2167,136,583,2087,2.50,2147483
ground-height-0m-20260825-163632,d022m_r180_run01.csv,0,22,180,dw00;dw01;dw02;dw03;dw04;dw05;dw06;dw07;dw08,dw00;dw01;dw02;dw03;dw04;dw05;dw06;dw07;dw08,dw08,90,1,2026-08-27T12:50:07.005+0200,dw04,0F85,7,2165,1,-1215,1791,3.57,2147483
ground-height-0m-20260825-163632,d022m_r180_run01.csv,0,22,180,dw00;dw01;dw02;dw03;dw04;dw05;dw06;dw07;dw08,dw00;dw01;dw02;dw03;dw04;dw05;dw06;dw07;dw08,dw08,125,1,2026-08-27T12:50:07.026+0200,dw06,0789,225,2167,108,201,2157,-2.59,2147483
ground-height-0m-20260825-163632,d022m_r180_run01.csv,0,22,180,dw00;dw01;dw02;dw03;dw04;dw05;dw06;dw07;dw08,dw00;dw01;dw02;dw03;dw04;dw05;dw06;dw07;dw08,dw08,75,1,2026-08-27T12:50:07.055+0200,dw03,021B,9,2163,-40,-1772,1241,1.69,12298
ground-height-0m-20260825-163632,d022m_r180_run01.csv,0,22,180,dw00;dw01;dw02;dw03;dw04;dw05;dw06;dw07;dw08,dw00;dw01;dw02;dw03;dw04;dw05;dw06;dw07;dw08,dw08,15,1,2026-08-27T12:50:07.075+0200,dw00,8103,254,2179,-154,1505,1576,1.69,32287
ground-height-0m-20260825-163632,d022m_r180_run01.csv,0,22,180,dw00;dw01;dw02;dw03;dw04;dw05;dw06;dw07;dw08,dw00;dw01;dw02;dw03;dw04;dw05;dw06;dw07;dw08,dw08,55,1,2026-08-27T12:50:07.095+0200,dw02,8FB0,9,2171,-99,2171,0,2.71,52337
ground-height-0m-20260825-163632,d022m_r180_run01.csv,0,22,180,dw00;dw01;dw02;dw03;dw04;dw05;dw06;dw07;dw08,dw00;dw01;dw02;dw03;dw04;dw05;dw06;dw07;dw08,dw08,105,1,2026-08-27T12:50:07.115+0200,dw05,4B92,8,2170,47,-610,2083,2.95,72235
ground-height-0m-20260825-163632,d022m_r180_run01.csv,0,22,180,dw00;dw01;dw02;dw03;dw04;dw05;dw06;dw07;dw08,dw00;dw01;dw02;dw03;dw04;dw05;dw06;dw07;dw08,dw08,90,1,2026-08-27T12:50:07.224+0200,dw04,0F85,8,2166,8,-1130,1848,3.45,80535
ground-height-0m-20260825-163632,d022m_r180_run01.csv,0,22,180,dw00;dw01;dw02;dw03;dw04;dw05;dw06;dw07;dw08,dw00;dw01;dw02;dw03;dw04;dw05;dw06;dw07;dw08,dw08,125,1,2026-08-27T12:50:07.243+0200,dw06,0789,226,2166,105,172,2159,-2.59,701
ground-height-0m-20260825-163632,d022m_r180_run01.csv,0,22,180,dw00;dw01;dw02;dw03;dw04;dw05;dw06;dw07;dw08,dw00;dw01;dw02;dw03;dw04;dw05;dw06;dw07;dw08,dw08,75,1,2026-08-27T12:50:07.255+0200,dw03,021B,10,2162,-49,-1898,1035,1.75,12298
ground-height-0m-20260825-163632,d022m_r180_run01.csv,0,22,180,dw00;dw01;dw02;dw03;dw04;dw05;dw06;dw07;dw08,dw00;dw01;dw02;dw03;dw04;dw05;dw06;dw07;dw08,dw08,15,1,2026-08-27T12:50:07.275+0200,dw00,8103,255,2179,-157,1472,1607,1.69,32287
ground-height-0m-20260825-163632,d022m_r180_run01.csv,0,22,180,dw00;dw01;dw02;dw03;dw04;dw05;dw06;dw07;dw08,dw00;dw01;dw02;dw03;dw04;dw05;dw06;dw07;dw08,dw08,55,1,2026-08-27T12:50:07.295+0200,dw02,8FB0,10,2169,-98,2169,0,2.83,52337
ground-height-0m-20260825-163632,d022m_r180_run01.csv,0,22,180,dw00;dw01;dw02;dw03;dw04;dw05;dw06;dw07;dw08,dw00;dw01;dw02;dw03;dw04;dw05;dw06;dw07;dw08,dw08,105,1,2026-08-27T12:50:07.315+0200,dw05,4B92,9,2170,45,-634,2075,2.95,72204
ground-height-0m-20260825-163632,d022m_r180_run01.csv,0,22,180,dw00;dw01;dw02;dw03;dw04;dw05;dw06;dw07;dw08,dw00;dw01;dw02;dw03;dw04;dw05;dw06;dw07;dw08,dw08,90,1,2026-08-27T12:50:07.405+0200,dw04,0F85,9,2163,5,-1160,1826,3.51,62286
ground-height-0m-20260825-163632,d022m_r180_run01.csv,0,22,180,dw00;dw01;dw02;dw03;dw04;dw05;dw06;dw07;dw08,dw00;dw01;dw02;dw03;dw04;dw05;dw06;dw07;dw08,dw08,75,1,2026-08-27T12:50:07.455+0200,dw03,021B,11,2162,-36,-1728,1298,1.63,2147483
ground-height-0m-20260825-163632,d022m_r180_run01.csv,0,22,180,dw00;dw01;dw02;dw03;dw04;dw05;dw06;dw07;dw08,dw00;dw01;dw02;dw03;dw04;dw05;dw06;dw07;dw08,dw08,15,1,2026-08-27T12:50:07.475+0200,dw00,8103,0,2181,-148,1587,1497,1.63,2147483
ground-height-0m-20260825-163632,d022m_r180_run01.csv,0,22,180,dw00;dw01;dw02;dw03;dw04;dw05;dw06;dw07;dw08,dw00;dw01;dw02;dw03;dw04;dw05;dw06;dw07;dw08,dw08,55,1,2026-08-27T12:50:07.495+0200,dw02,8FB0,11,2168,-101,2168,0,2.59,2147483
ground-height-0m-20260825-163632,d022m_r180_run01.csv,0,22,180,dw00;dw01;dw02;dw03;dw04;dw05;dw06;dw07;dw08,dw00;dw01;dw02;dw03;dw04;dw05;dw06;dw07;dw08,dw08,105,1,2026-08-27T12:50:07.515+0200,dw05,4B92,10,2175,47,-604,2089,3.01,2147483
ground-height-0m-20260825-163632,d022m_r180_run01.csv,0,22,180,dw00;dw01;dw02;dw03;dw04;dw05;dw06;dw07;dw08,dw00;dw01;dw02;dw03;dw04;dw05;dw06;dw07;dw08,dw08,125,1,2026-08-27T12:50:07.525+0200,dw06,0789,227,2166,94,26,2166,-2.59,2147483
ground-height-0m-20260825-163632,d022m_r180_run01.csv,0,22,180,dw00;dw01;dw02;dw03;dw04;dw05;dw06;dw07;dw08,dw00;dw01;dw02;dw03;dw04;dw05;dw06;dw07;dw08,dw08,90,1,2026-08-27T12:50:07.605+0200,dw04,0F85,10,2164,7,-1134,1843,3.51,62225
ground-height-0m-20260825-163632,d022m_r180_run01.csv,0,22,180,dw00;dw01;dw02;dw03;dw04;dw05;dw06;dw07;dw08,dw00;dw01;dw02;dw03;dw04;dw05;dw06;dw07;dw08,dw08,75,1,2026-08-27T12:50:07.673+0200,dw03,021B,12,2164,-43,-1824,1165,1.57,30761
ground-height-0m-20260825-163632,d022m_r180_run01.csv,0,22,180,dw00;dw01;dw02;dw03;dw04;dw05;dw06;dw07;dw08,dw00;dw01;dw02;dw03;dw04;dw05;dw06;dw07;dw08,dw08,105,1,2026-08-27T12:50:07.734+0200,dw05,4B92,11,2169,46,-626,2077,3.06,90545
ground-height-0m-20260825-163632,d022m_r180_run01.csv,0,22,180,dw00;dw01;dw02;dw03;dw04;dw05;dw06;dw07;dw08,dw00;dw01;dw02;dw03;dw04;dw05;dw06;dw07;dw08,dw08,125,1,2026-08-27T12:50:07.743+0200,dw06,0789,228,2168,107,190,2159,-2.47,762
ground-height-0m-20260825-163632,d022m_r180_run01.csv,0,22,180,dw00;dw01;dw02;dw03;dw04;dw05;dw06;dw07;dw08,dw00;dw01;dw02;dw03;dw04;dw05;dw06;dw07;dw08,dw08,90,1,2026-08-27T12:50:07.805+0200,dw04,0F85,11,2165,2,-1200,1801,3.45,62225
ground-height-0m-20260825-163632,d022m_r180_run01.csv,0,22,180,dw00;dw01;dw02;dw03;dw04;dw05;dw06;dw07;dw08,dw00;dw01;dw02;dw03;dw04;dw05;dw06;dw07;dw08,dw08,75,1,2026-08-27T12:50:07.855+0200,dw03,021B,13,2158,-54,-1954,916,1.63,12359
ground-height-0m-20260825-163632,d022m_r180_run01.csv,0,22,180,dw00;dw01;dw02;dw03;dw04;dw05;dw06;dw07;dw08,dw00;dw01;dw02;dw03;dw04;dw05;dw06;dw07;dw08,dw08,105,1,2026-08-27T12:50:07.915+0200,dw05,4B92,12,2172,56,-488,2117,2.95,72296
ground-height-0m-20260825-163632,d022m_r180_run01.csv,0,22,180,dw00;dw01;dw02;dw03;dw04;dw05;dw06;dw07;dw08,dw00;dw01;dw02;dw03;dw04;dw05;dw06;dw07;dw08,dw08,145,1,2026-08-27T12:50:07.950+0200,dw07,5783,224,2164,132,520,2100,2.59,2147483
ground-height-0m-20260825-163632,d022m_r180_run01.csv,0,22,180,dw00;dw01;dw02;dw03;dw04;dw05;dw06;dw07;dw08,dw00;dw01;dw02;dw03;dw04;dw05;dw06;dw07;dw08,dw08,90,1,2026-08-27T12:50:08.005+0200,dw04,0F85,12,2163,5,-1161,1825,3.57,2147483
ground-height-0m-20260825-163632,d022m_r180_run01.csv,0,22,180,dw00;dw01;dw02;dw03;dw04;dw05;dw06;dw07;dw08,dw00;dw01;dw02;dw03;dw04;dw05;dw06;dw07;dw08,dw08,125,1,2026-08-27T12:50:08.025+0200,dw06,0789,229,2170,104,154,2165,-2.53,2147483
ground-height-0m-20260825-163632,d022m_r180_run01.csv,0,22,180,dw00;dw01;dw02;dw03;dw04;dw05;dw06;dw07;dw08,dw00;dw01;dw02;dw03;dw04;dw05;dw06;dw07;dw08,dw08,75,1,2026-08-27T12:50:08.055+0200,dw03,021B,14,2158,-36,-1725,1295,1.63,12329
ground-height-0m-20260825-163632,d022m_r180_run01.csv,0,22,180,dw00;dw01;dw02;dw03;dw04;dw05;dw06;dw07;dw08,dw00;dw01;dw02;dw03;dw04;dw05;dw06;dw07;dw08,dw08,90,1,2026-08-27T12:50:08.223+0200,dw04,0F85,13,2163,5,-1162,1825,3.57,80535
ground-height-0m-20260825-163632,d022m_r180_run01.csv,0,22,180,dw00;dw01;dw02;dw03;dw04;dw05;dw06;dw07;dw08,dw00;dw01;dw02;dw03;dw04;dw05;dw06;dw07;dw08,dw08,145,1,2026-08-27T12:50:08.235+0200,dw07,5783,225,2165,145,702,2048,2.38,2147483
ground-height-0m-20260825-163632,d022m_r180_run01.csv,0,22,180,dw00;dw01;dw02;dw03;dw04;dw05;dw06;dw07;dw08,dw00;dw01;dw02;dw03;dw04;dw05;dw06;dw07;dw08,dw08,125,1,2026-08-27T12:50:08.243+0200,dw06,0789,230,2169,98,69,2167,-2.59,732
ground-height-0m-20260825-163632,d022m_r180_run01.csv,0,22,180,dw00;dw01;dw02;dw03;dw04;dw05;dw06;dw07;dw08,dw00;dw01;dw02;dw03;dw04;dw05;dw06;dw07;dw08,dw08,75,1,2026-08-27T12:50:08.255+0200,dw03,021B,15,2163,-37,-1735,1292,1.69,12298
ground-height-0m-20260825-163632,d022m_r180_run01.csv,0,22,180,dw00;dw01;dw02;dw03;dw04;dw05;dw06;dw07;dw08,dw00;dw01;dw02;dw03;dw04;dw05;dw06;dw07;dw08,dw08,145,1,2026-08-27T12:50:08.435+0200,dw07,5783,226,2167,135,569,2091,2.38,2147483
ground-height-0m-20260825-163632,d022m_r180_run01.csv,0,22,180,dw00;dw01;dw02;dw03;dw04;dw05;dw06;dw07;dw08,dw00;dw01;dw02;dw03;dw04;dw05;dw06;dw07;dw08,dw08,75,1,2026-08-27T12:50:08.455+0200,dw03,021B,16,2163,-43,-1818,1172,1.69,12298
ground-height-0m-20260825-163632,d022m_r180_run01.csv,0,22,180,dw00;dw01;dw02;dw03;dw04;dw05;dw06;dw07;dw08,dw00;dw01;dw02;dw03;dw04;dw05;dw06;dw07;dw08,dw08,125,1,2026-08-27T12:50:08.525+0200,dw06,0789,231,2168,102,122,2165,-2.59,82336
ground-height-0m-20260825-163632,d022m_r180_run01.csv,0,22,180,dw00;dw01;dw02;dw03;dw04;dw05;dw06;dw07;dw08,dw00;dw01;dw02;dw03;dw04;dw05;dw06;dw07;dw08,dw08,75,1,2026-08-27T12:50:08.654+0200,dw03,021B,17,2159,-50,-1907,1012,1.46,12298
ground-height-0m-20260825-163632,d022m_r180_run01.csv,0,22,180,dw00;dw01;dw02;dw03;dw04;dw05;dw06;dw07;dw08,dw00;dw01;dw02;dw03;dw04;dw05;dw06;dw07;dw08,dw08,125,1,2026-08-27T12:50:08.725+0200,dw06,0789,232,2165,109,216,2154,-2.59,82275
ground-height-0m-20260825-163632,d022m_r180_run01.csv,0,22,180,dw00;dw01;dw02;dw03;dw04;dw05;dw06;dw07;dw08,dw00;dw01;dw02;dw03;dw04;dw05;dw06;dw07;dw08,dw08,145,1,2026-08-27T12:50:08.835+0200,dw07,5783,228,2162,132,526,2096,2.32,2147483
ground-height-0m-20260825-163632,d022m_r180_run01.csv,0,22,180,dw00;dw01;dw02;dw03;dw04;dw05;dw06;dw07;dw08,dw00;dw01;dw02;dw03;dw04;dw05;dw06;dw07;dw08,dw08,125,1,2026-08-27T12:50:08.925+0200,dw06,0789,233,2167,102,129,2163,-2.59,82275
ground-height-0m-20260825-163632,d022m_r180_run01.csv,0,22,180,dw00;dw01;dw02;dw03;dw04;dw05;dw06;dw07;dw08,dw00;dw01;dw02;dw03;dw04;dw05;dw06;dw07;dw08,dw08,145,1,2026-08-27T12:50:09.034+0200,dw07,5783,229,2164,136,575,2087,2.38,2147483
ground-height-0m-20260825-163632,d022m_r180_run01.csv,0,22,180,dw00;dw01;dw02;dw03;dw04;dw05;dw06;dw07;dw08,dw00;dw01;dw02;dw03;dw04;dw05;dw06;dw07;dw08,dw08,125,1,2026-08-27T12:50:09.124+0200,dw06,0789,234,2168,104,152,2162,-2.53,82275
ground-height-0m-20260825-163632,d022m_r180_run01.csv,0,22,180,dw00;dw01;dw02;dw03;dw04;dw05;dw06;dw07;dw08,dw00;dw01;dw02;dw03;dw04;dw05;dw06;dw07;dw08,dw08,145,1,2026-08-27T12:50:09.234+0200,dw07,5783,230,2166,136,580,2087,2.38,2147483
ground-height-0m-20260825-163632,d022m_r180_run01.csv,0,22,180,dw00;dw01;dw02;dw03;dw04;dw05;dw06;dw07;dw08,dw00;dw01;dw02;dw03;dw04;dw05;dw06;dw07;dw08,dw08,125,1,2026-08-27T12:50:09.324+0200,dw06,0789,235,2167,99,86,2165,-2.47,82275
ground-height-0m-20260825-163632,d022m_r180_run01.csv,0,22,180,dw00;dw01;dw02;dw03;dw04;dw05;dw06;dw07;dw08,dw00;dw01;dw02;dw03;dw04;dw05;dw06;dw07;dw08,dw08,145,1,2026-08-27T12:50:09.435+0200,dw07,5783,231,2162,138,604,2076,2.38,2147483
ground-height-0m-20260825-163632,d022m_r180_run01.csv,0,22,180,dw00;dw01;dw02;dw03;dw04;dw05;dw06;dw07;dw08,dw00;dw01;dw02;dw03;dw04;dw05;dw06;dw07;dw08,dw08,125,1,2026-08-27T12:50:09.524+0200,dw06,0789,236,2169,97,62,2168,-2.59,82275
ground-height-0m-20260825-163632,d022m_r180_run01.csv,0,22,180,dw00;dw01;dw02;dw03;dw04;dw05;dw06;dw07;dw08,dw00;dw01;dw02;dw03;dw04;dw05;dw06;dw07;dw08,dw08,145,1,2026-08-27T12:50:09.635+0200,dw07,5783,232,2163,136,584,2083,2.38,2147483
ground-height-0m-20260825-163632,d022m_r180_run01.csv,0,22,180,dw00;dw01;dw02;dw03;dw04;dw05;dw06;dw07;dw08,dw00;dw01;dw02;dw03;dw04;dw05;dw06;dw07;dw08,dw08,125,1,2026-08-27T12:50:09.725+0200,dw06,0789,237,2166,105,169,2160,-2.59,82275
ground-height-0m-20260825-163632,d022m_r180_run01.csv,0,22,180,dw00;dw01;dw02;dw03;dw04;dw05;dw06;dw07;dw08,dw00;dw01;dw02;dw03;dw04;dw05;dw06;dw07;dw08,dw08,125,1,2026-08-27T12:50:09.924+0200,dw06,0789,238,2166,106,174,2159,-2.59,82275
ground-height-0m-20260825-163632,d022m_r180_run01.csv,0,22,180,dw00;dw01;dw02;dw03;dw04;dw05;dw06;dw07;dw08,dw00;dw01;dw02;dw03;dw04;dw05;dw06;dw07;dw08,dw08,145,1,2026-08-27T12:50:10.034+0200,dw07,5783,234,2162,129,483,2107,2.50,2147483
ground-height-0m-20260825-163632,d022m_r180_run01.csv,0,22,180,dw00;dw01;dw02;dw03;dw04;dw05;dw06;dw07;dw08,dw00;dw01;dw02;dw03;dw04;dw05;dw06;dw07;dw08,dw08,125,1,2026-08-27T12:50:10.124+0200,dw06,0789,239,2167,98,73,2166,-2.47,82275
ground-height-0m-20260825-163632,d022m_r180_run01.csv,0,22,180,dw00;dw01;dw02;dw03;dw04;dw05;dw06;dw07;dw08,dw00;dw01;dw02;dw03;dw04;dw05;dw06;dw07;dw08,dw08,125,1,2026-08-27T12:50:10.324+0200,dw06,0789,240,2168,97,65,2167,-2.53,82275
ground-height-0m-20260825-163632,d022m_r180_run01.csv,0,22,180,dw00;dw01;dw02;dw03;dw04;dw05;dw06;dw07;dw08,dw00;dw01;dw02;dw03;dw04;dw05;dw06;dw07;dw08,dw08,145,1,2026-08-27T12:50:10.434+0200,dw07,5783,236,2165,140,639,2069,2.38,2147483
ground-height-0m-20260825-163632,d022m_r180_run01.csv,0,22,180,dw00;dw01;dw02;dw03;dw04;dw05;dw06;dw07;dw08,dw00;dw01;dw02;dw03;dw04;dw05;dw06;dw07;dw08,dw08,125,1,2026-08-27T12:50:10.524+0200,dw06,0789,241,2170,94,20,2169,-2.53,82275
ground-height-0m-20260825-163632,d022m_r180_run01.csv,0,22,180,dw00;dw01;dw02;dw03;dw04;dw05;dw06;dw07;dw08,dw00;dw01;dw02;dw03;dw04;dw05;dw06;dw07;dw08,dw08,145,1,2026-08-27T12:50:10.634+0200,dw07,5783,237,2164,139,619,2074,2.38,2147483
ground-height-0m-20260825-163632,d022m_r180_run01.csv,0,22,180,dw00;dw01;dw02;dw03;dw04;dw05;dw06;dw07;dw08,dw00;dw01;dw02;dw03;dw04;dw05;dw06;dw07;dw08,dw08,125,1,2026-08-27T12:50:10.724+0200,dw06,0789,242,2169,101,116,2166,-2.59,82275
ground-height-0m-20260825-163632,d022m_r180_run01.csv,0,22,180,dw00;dw01;dw02;dw03;dw04;dw05;dw06;dw07;dw08,dw00;dw01;dw02;dw03;dw04;dw05;dw06;dw07;dw08,dw08,145,1,2026-08-27T12:50:10.834+0200,dw07,5783,238,2163,173,1077,1876,2.50,2147483
ground-height-0m-20260825-163632,d022m_r180_run01.csv,0,22,180,dw00;dw01;dw02;dw03;dw04;dw05;dw06;dw07;dw08,dw00;dw01;dw02;dw03;dw04;dw05;dw06;dw07;dw08,dw08,125,1,2026-08-27T12:50:10.924+0200,dw06,0789,243,2166,100,98,2164,-2.59,82275
ground-height-0m-20260825-163632,d022m_r180_run01.csv,0,22,180,dw00;dw01;dw02;dw03;dw04;dw05;dw06;dw07;dw08,dw00;dw01;dw02;dw03;dw04;dw05;dw06;dw07;dw08,dw08,145,1,2026-08-27T12:50:11.034+0200,dw07,5783,239,2164,137,593,2081,2.38,2147483
ground-height-0m-20260825-163632,d022m_r180_run01.csv,0,22,180,dw00;dw01;dw02;dw03;dw04;dw05;dw06;dw07;dw08,dw00;dw01;dw02;dw03;dw04;dw05;dw06;dw07;dw08,dw08,145,1,2026-08-27T12:50:11.234+0200,dw07,5783,240,2167,128,475,2114,2.44,2147483
ground-height-0m-20260825-163632,d022m_r180_run01.csv,0,22,180,dw00;dw01;dw02;dw03;dw04;dw05;dw06;dw07;dw08,dw00;dw01;dw02;dw03;dw04;dw05;dw06;dw07;dw08,dw08,145,1,2026-08-27T12:50:11.433+0200,dw07,5783,241,2166,143,674,2058,2.38,2147483
ground-height-0m-20260825-163632,d022m_r180_run01.csv,0,22,180,dw00;dw01;dw02;dw03;dw04;dw05;dw06;dw07;dw08,dw00;dw01;dw02;dw03;dw04;dw05;dw06;dw07;dw08,dw08,145,1,2026-08-27T12:50:11.634+0200,dw07,5783,242,2165,137,593,2082,2.38,2147483
ground-height-0m-20260825-163632,d022m_r180_run01.csv,0,22,180,dw00;dw01;dw02;dw03;dw04;dw05;dw06;dw07;dw08,dw00;dw01;dw02;dw03;dw04;dw05;dw06;dw07;dw08,dw08,35,1,2026-08-27T12:50:11.728+0200,dw01,1729,3,2166,150,773,2023,-12.75,87341
ground-height-0m-20260825-163632,d022m_r180_run01.csv,0,22,180,dw00;dw01;dw02;dw03;dw04;dw05;dw06;dw07;dw08,dw00;dw01;dw02;dw03;dw04;dw05;dw06;dw07;dw08,dw08,145,1,2026-08-27T12:50:11.834+0200,dw07,5783,243,2167,130,503,2108,2.38,2147483
ground-height-0m-20260825-163632,d022m_r180_run01.csv,0,22,180,dw00;dw01;dw02;dw03;dw04;dw05;dw06;dw07;dw08,dw00;dw01;dw02;dw03;dw04;dw05;dw06;dw07;dw08,dw08,145,1,2026-08-27T12:50:12.034+0200,dw07,5783,244,2165,134,551,2093,2.38,2147483
ground-height-0m-20260825-163632,d022m_r180_run01.csv,0,22,180,dw00;dw01;dw02;dw03;dw04;dw05;dw06;dw07;dw08,dw00;dw01;dw02;dw03;dw04;dw05;dw06;dw07;dw08,dw08,145,1,2026-08-27T12:50:12.233+0200,dw07,5783,245,2165,137,591,2083,2.38,2147483
ground-height-0m-20260825-163632,d022m_r180_run01.csv,0,22,180,dw00;dw01;dw02;dw03;dw04;dw05;dw06;dw07;dw08,dw00;dw01;dw02;dw03;dw04;dw05;dw06;dw07;dw08,dw08,145,1,2026-08-27T12:50:12.433+0200,dw07,5783,246,2162,144,688,2050,2.32,2147483
ground-height-0m-20260825-163632,d022m_r180_run01.csv,0,22,180,dw00;dw01;dw02;dw03;dw04;dw05;dw06;dw07;dw08,dw00;dw01;dw02;dw03;dw04;dw05;dw06;dw07;dw08,dw08,145,1,2026-08-27T12:50:12.634+0200,dw07,5783,247,2167,135,572,2090,2.44,2147483
ground-height-0m-20260825-163632,d022m_r180_run01.csv,0,22,180,dw00;dw01;dw02;dw03;dw04;dw05;dw06;dw07;dw08,dw00;dw01;dw02;dw03;dw04;dw05;dw06;dw07;dw08,dw08,145,1,2026-08-27T12:50:12.834+0200,dw07,5783,248,2166,141,652,2065,2.38,2147483
ground-height-0m-20260825-163632,d022m_r180_run01.csv,0,22,180,dw00;dw01;dw02;dw03;dw04;dw05;dw06;dw07;dw08,dw00;dw01;dw02;dw03;dw04;dw05;dw06;dw07;dw08,dw08,145,1,2026-08-27T12:50:13.234+0200,dw07,5783,250,2166,120,369,2134,2.38,2147483
ground-height-0m-20260825-163632,d022m_r180_run01.csv,0,22,180,dw00;dw01;dw02;dw03;dw04;dw05;dw06;dw07;dw08,dw00;dw01;dw02;dw03;dw04;dw05;dw06;dw07;dw08,dw08,145,1,2026-08-27T12:50:13.434+0200,dw07,5783,251,2165,141,653,2064,2.38,2147483
ground-height-0m-20260825-163632,d022m_r180_run01.csv,0,22,180,dw00;dw01;dw02;dw03;dw04;dw05;dw06;dw07;dw08,dw00;dw01;dw02;dw03;dw04;dw05;dw06;dw07;dw08,dw08,145,1,2026-08-27T12:50:13.634+0200,dw07,5783,252,2165,122,393,2129,2.38,2147483
ground-height-0m-20260825-163632,d022m_r180_run01.csv,0,22,180,dw00;dw01;dw02;dw03;dw04;dw05;dw06;dw07;dw08,dw00;dw01;dw02;dw03;dw04;dw05;dw06;dw07;dw08,dw08,145,1,2026-08-27T12:50:13.834+0200,dw07,5783,253,2161,137,598,2076,2.38,2147483
ground-height-0m-20260825-163632,d022m_r180_run01.csv,0,22,180,dw00;dw01;dw02;dw03;dw04;dw05;dw06;dw07;dw08,dw00;dw01;dw02;dw03;dw04;dw05;dw06;dw07;dw08,dw08,145,1,2026-08-27T12:50:14.034+0200,dw07,5783,254,2166,138,612,2077,2.38,2147483
ground-height-0m-20260825-163632,d022m_r180_run01.csv,0,22,180,dw00;dw01;dw02;dw03;dw04;dw05;dw06;dw07;dw08,dw00;dw01;dw02;dw03;dw04;dw05;dw06;dw07;dw08,dw08,145,1,2026-08-27T12:50:14.234+0200,dw07,5783,255,2164,139,622,2072,2.50,2147483
ground-height-0m-20260825-163632,d022m_r180_run01.csv,0,22,180,dw00;dw01;dw02;dw03;dw04;dw05;dw06;dw07;dw08,dw00;dw01;dw02;dw03;dw04;dw05;dw06;dw07;dw08,dw08,145,1,2026-08-27T12:50:14.434+0200,dw07,5783,0,2164,137,600,2079,2.38,2147483
ground-height-0m-20260825-163632,d022m_r180_run01.csv,0,22,180,dw00;dw01;dw02;dw03;dw04;dw05;dw06;dw07;dw08,dw00;dw01;dw02;dw03;dw04;dw05;dw06;dw07;dw08,dw08,145,1,2026-08-27T12:50:14.633+0200,dw07,5783,1,2163,133,544,2093,2.44,2147483
ground-height-0m-20260825-163632,d022m_r180_run01.csv,0,22,180,dw00;dw01;dw02;dw03;dw04;dw05;dw06;dw07;dw08,dw00;dw01;dw02;dw03;dw04;dw05;dw06;dw07;dw08,dw08,145,1,2026-08-27T12:50:14.833+0200,dw07,5783,2,2167,135,561,2093,2.38,2147483
ground-height-0m-20260825-163632,d022m_r180_run01.csv,0,22,180,dw00;dw01;dw02;dw03;dw04;dw05;dw06;dw07;dw08,dw00;dw01;dw02;dw03;dw04;dw05;dw06;dw07;dw08,dw08,145,1,2026-08-27T12:50:15.034+0200,dw07,5783,3,2166,140,632,2071,2.38,2147483
ground-height-0m-20260825-163632,d022m_r180_run01.csv,0,22,180,dw00;dw01;dw02;dw03;dw04;dw05;dw06;dw07;dw08,dw00;dw01;dw02;dw03;dw04;dw05;dw06;dw07;dw08,dw08,145,1,2026-08-27T12:50:15.234+0200,dw07,5783,4,2167,137,591,2084,2.44,2147483
ground-height-0m-20260825-163632,d022m_r180_run01.csv,0,22,180,dw00;dw01;dw02;dw03;dw04;dw05;dw06;dw07;dw08,dw00;dw01;dw02;dw03;dw04;dw05;dw06;dw07;dw08,dw08,145,1,2026-08-27T12:50:15.433+0200,dw07,5783,5,2159,128,477,2105,2.32,2147483
ground-height-0m-20260825-163632,d022m_r180_run01.csv,0,22,180,dw00;dw01;dw02;dw03;dw04;dw05;dw06;dw07;dw08,dw00;dw01;dw02;dw03;dw04;dw05;dw06;dw07;dw08,dw08,145,1,2026-08-27T12:50:15.633+0200,dw07,5783,6,2166,145,696,2051,2.38,2147483
ground-height-0m-20260825-163632,d022m_r180_run01.csv,0,22,180,dw00;dw01;dw02;dw03;dw04;dw05;dw06;dw07;dw08,dw00;dw01;dw02;dw03;dw04;dw05;dw06;dw07;dw08,dw08,145,1,2026-08-27T12:50:16.034+0200,dw07,5783,8,2165,155,832,1999,2.38,2147483
ground-height-0m-20260825-163632,d022m_r180_run01.csv,0,22,180,dw00;dw01;dw02;dw03;dw04;dw05;dw06;dw07;dw08,dw00;dw01;dw02;dw03;dw04;dw05;dw06;dw07;dw08,dw08,145,1,2026-08-27T12:50:16.233+0200,dw07,5783,9,2160,146,713,2038,2.38,2147483
ground-height-0m-20260825-163632,d022m_r180_run01.csv,0,22,180,dw00;dw01;dw02;dw03;dw04;dw05;dw06;dw07;dw08,dw00;dw01;dw02;dw03;dw04;dw05;dw06;dw07;dw08,dw08,145,1,2026-08-27T12:50:16.433+0200,dw07,5783,10,2167,151,781,2021,2.44,2147483
ground-height-0m-20260825-163632,d022m_r180_run01.csv,0,22,180,dw00;dw01;dw02;dw03;dw04;dw05;dw06;dw07;dw08,dw00;dw01;dw02;dw03;dw04;dw05;dw06;dw07;dw08,dw08,145,1,2026-08-27T12:50:16.633+0200,dw07,5783,11,2164,148,734,2035,2.38,2147483
ground-height-0m-20260825-163632,d022m_r180_run01.csv,0,22,180,dw00;dw01;dw02;dw03;dw04;dw05;dw06;dw07;dw08,dw00;dw01;dw02;dw03;dw04;dw05;dw06;dw07;dw08,dw08,145,1,2026-08-27T12:50:16.833+0200,dw07,5783,12,2164,140,633,2070,2.38,2147483
ground-height-0m-20260825-163632,d022m_r180_run01.csv,0,22,180,dw00;dw01;dw02;dw03;dw04;dw05;dw06;dw07;dw08,dw00;dw01;dw02;dw03;dw04;dw05;dw06;dw07;dw08,dw08,145,1,2026-08-27T12:50:17.233+0200,dw07,5783,14,2168,143,679,2058,2.50,2147483
ground-height-0m-20260825-163632,d022m_r180_run01.csv,0,22,180,dw00;dw01;dw02;dw03;dw04;dw05;dw06;dw07;dw08,dw00;dw01;dw02;dw03;dw04;dw05;dw06;dw07;dw08,dw08,145,1,2026-08-27T12:50:17.633+0200,dw07,5783,16,2163,142,654,2062,2.44,2147483
ground-height-0m-20260825-163632,d022m_r180_run01.csv,0,22,180,dw00;dw01;dw02;dw03;dw04;dw05;dw06;dw07;dw08,dw00;dw01;dw02;dw03;dw04;dw05;dw06;dw07;dw08,dw08,145,1,2026-08-27T12:50:17.832+0200,dw07,5783,17,2170,134,554,2098,2.38,2147483
ground-height-0m-20260825-163632,d022m_r180_run01.csv,0,22,180,dw00;dw01;dw02;dw03;dw04;dw05;dw06;dw07;dw08,dw00;dw01;dw02;dw03;dw04;dw05;dw06;dw07;dw08,dw08,145,1,2026-08-27T12:50:18.032+0200,dw07,5783,18,2163,147,728,2037,2.38,2147483
ground-height-0m-20260825-163632,d022m_r180_run01.csv,0,22,180,dw00;dw01;dw02;dw03;dw04;dw05;dw06;dw07;dw08,dw00;dw01;dw02;dw03;dw04;dw05;dw06;dw07;dw08,dw08,145,1,2026-08-27T12:50:18.233+0200,dw07,5783,19,2164,133,544,2094,2.44,2147483
ground-height-0m-20260825-163632,d022m_r180_run01.csv,0,22,180,dw00;dw01;dw02;dw03;dw04;dw05;dw06;dw07;dw08,dw00;dw01;dw02;dw03;dw04;dw05;dw06;dw07;dw08,dw08,145,1,2026-08-27T12:50:18.433+0200,dw07,5783,20,2161,140,638,2064,2.38,2147483
ground-height-0m-20260825-163632,d022m_r180_run01.csv,0,22,180,dw00;dw01;dw02;dw03;dw04;dw05;dw06;dw07;dw08,dw00;dw01;dw02;dw03;dw04;dw05;dw06;dw07;dw08,dw08,145,1,2026-08-27T12:50:18.632+0200,dw07,5783,21,2170,129,484,2115,2.38,2147483
ground-height-0m-20260825-163632,d022m_r180_run01.csv,0,22,180,dw00;dw01;dw02;dw03;dw04;dw05;dw06;dw07;dw08,dw00;dw01;dw02;dw03;dw04;dw05;dw06;dw07;dw08,dw08,145,1,2026-08-27T12:50:18.832+0200,dw07,5783,22,2167,142,667,2061,2.44,2147483
ground-height-0m-20260825-163632,d022m_r180_run01.csv,0,22,180,dw00;dw01;dw02;dw03;dw04;dw05;dw06;dw07;dw08,dw00;dw01;dw02;dw03;dw04;dw05;dw06;dw07;dw08,dw08,145,1,2026-08-27T12:50:19.032+0200,dw07,5783,23,2163,136,585,2082,2.38,2147483
ground-height-0m-20260825-163632,d022m_r180_run01.csv,0,22,180,dw00;dw01;dw02;dw03;dw04;dw05;dw06;dw07;dw08,dw00;dw01;dw02;dw03;dw04;dw05;dw06;dw07;dw08,dw08,145,1,2026-08-27T12:50:19.232+0200,dw07,5783,24,2165,151,780,2019,2.38,2147483
ground-height-0m-20260825-163632,d022m_r180_run01.csv,0,22,180,dw00;dw01;dw02;dw03;dw04;dw05;dw06;dw07;dw08,dw00;dw01;dw02;dw03;dw04;dw05;dw06;dw07;dw08,dw08,145,1,2026-08-27T12:50:19.632+0200,dw07,5783,26,2162,-146,1603,1451,2.38,2147483
ground-height-0m-20260825-163632,d022m_r180_run01.csv,0,22,180,dw00;dw01;dw02;dw03;dw04;dw05;dw06;dw07;dw08,dw00;dw01;dw02;dw03;dw04;dw05;dw06;dw07;dw08,dw08,145,1,2026-08-27T12:50:19.832+0200,dw07,5783,27,2164,142,659,2061,2.38,2147483
ground-height-0m-20260825-163632,d022m_r180_run01.csv,0,22,180,dw00;dw01;dw02;dw03;dw04;dw05;dw06;dw07;dw08,dw00;dw01;dw02;dw03;dw04;dw05;dw06;dw07;dw08,dw08,145,1,2026-08-27T12:50:20.033+0200,dw07,5783,28,2165,132,526,2100,2.38,2147483
ground-height-0m-20260825-163632,d022m_r180_run01.csv,0,22,180,dw00;dw01;dw02;dw03;dw04;dw05;dw06;dw07;dw08,dw00;dw01;dw02;dw03;dw04;dw05;dw06;dw07;dw08,dw08,145,1,2026-08-27T12:50:20.232+0200,dw07,5783,29,2167,138,606,2081,2.44,2147483
ground-height-0m-20260825-163632,d022m_r180_run01.csv,0,22,180,dw00;dw01;dw02;dw03;dw04;dw05;dw06;dw07;dw08,dw00;dw01;dw02;dw03;dw04;dw05;dw06;dw07;dw08,dw08,145,1,2026-08-27T12:50:20.648+0200,dw07,5783,31,2162,132,533,2096,2.50,2147483
ground-height-0m-20260825-163632,d022m_r180_run01.csv,0,22,180,dw00;dw01;dw02;dw03;dw04;dw05;dw06;dw07;dw08,dw00;dw01;dw02;dw03;dw04;dw05;dw06;dw07;dw08,dw08,145,1,2026-08-27T12:50:21.148+0200,dw07,5783,33,2164,142,663,2060,2.53,2147483
ground-height-0m-20260825-163632,d022m_r180_run01.csv,0,22,180,dw00;dw01;dw02;dw03;dw04;dw05;dw06;dw07;dw08,dw00;dw01;dw02;dw03;dw04;dw05;dw06;dw07;dw08,dw08,145,1,2026-08-27T12:50:21.433+0200,dw07,5783,34,2167,147,729,2040,2.38,2147483
ground-height-0m-20260825-163632,d022m_r180_run01.csv,0,22,180,dw00;dw01;dw02;dw03;dw04;dw05;dw06;dw07;dw08,dw00;dw01;dw02;dw03;dw04;dw05;dw06;dw07;dw08,dw08,145,1,2026-08-27T12:50:21.832+0200,dw07,5783,36,2162,147,724,2037,2.38,2147483
ground-height-0m-20260825-163632,d022m_r180_run01.csv,0,22,180,dw00;dw01;dw02;dw03;dw04;dw05;dw06;dw07;dw08,dw00;dw01;dw02;dw03;dw04;dw05;dw06;dw07;dw08,dw08,145,1,2026-08-27T12:50:22.032+0200,dw07,5783,37,2164,140,628,2071,2.44,2147483
ground-height-0m-20260825-163632,d022m_r180_run01.csv,0,22,180,dw00;dw01;dw02;dw03;dw04;dw05;dw06;dw07;dw08,dw00;dw01;dw02;dw03;dw04;dw05;dw06;dw07;dw08,dw08,145,1,2026-08-27T12:50:22.232+0200,dw07,5783,38,2163,127,461,2114,2.38,2147483
ground-height-0m-20260825-163632,d022m_r180_run01.csv,0,22,180,dw00;dw01;dw02;dw03;dw04;dw05;dw06;dw07;dw08,dw00;dw01;dw02;dw03;dw04;dw05;dw06;dw07;dw08,dw08,145,1,2026-08-27T12:50:22.432+0200,dw07,5783,39,2163,133,541,2095,2.44,2147483
ground-height-0m-20260825-163632,d022m_r180_run01.csv,0,22,180,dw00;dw01;dw02;dw03;dw04;dw05;dw06;dw07;dw08,dw00;dw01;dw02;dw03;dw04;dw05;dw06;dw07;dw08,dw08,145,1,2026-08-27T12:50:22.631+0200,dw07,5783,40,2164,146,707,2045,2.44,2147483
ground-height-0m-20260825-163632,d022m_r180_run01.csv,0,22,180,dw00;dw01;dw02;dw03;dw04;dw05;dw06;dw07;dw08,dw00;dw01;dw02;dw03;dw04;dw05;dw06;dw07;dw08,dw08,145,1,2026-08-27T12:50:22.832+0200,dw07,5783,41,2169,142,655,2068,2.50,2147483
ground-height-0m-20260825-163632,d022m_r180_run01.csv,0,22,180,dw00;dw01;dw02;dw03;dw04;dw05;dw06;dw07;dw08,dw00;dw01;dw02;dw03;dw04;dw05;dw06;dw07;dw08,dw08,35,1,2026-08-27T12:50:24.310+0200,dw01,1729,2,2170,101,119,2167,-12.93,71563
ground-height-0m-20260825-163632,d022m_r180_run01.csv,0,22,180,dw00;dw01;dw02;dw03;dw04;dw05;dw06;dw07;dw08,dw00;dw01;dw02;dw03;dw04;dw05;dw06;dw07;dw08,dw08,35,1,2026-08-27T12:50:39.708+0200,dw01,1729,2,2173,-137,1734,1310,-12.87,71502
ground-height-0m-20260825-163632,d022m_r180_run01.csv,0,22,180,dw00;dw01;dw02;dw03;dw04;dw05;dw06;dw07;dw08,dw00;dw01;dw02;dw03;dw04;dw05;dw06;dw07;dw08,dw08,35,1,2026-08-27T12:50:39.879+0200,dw01,1729,3,2170,-145,1621,1444,1.25,42327
ground-height-0m-20260825-163632,d022m_r180_run01.csv,0,22,180,dw00;dw01;dw02;dw03;dw04;dw05;dw06;dw07;dw08,dw00;dw01;dw02;dw03;dw04;dw05;dw06;dw07;dw08,dw08,35,1,2026-08-27T12:50:40.079+0200,dw01,1729,4,2173,-151,1546,1527,2.83,42358
ground-height-0m-20260825-163632,d022m_r180_run01.csv,0,22,180,dw00;dw01;dw02;dw03;dw04;dw05;dw06;dw07;dw08,dw00;dw01;dw02;dw03;dw04;dw05;dw06;dw07;dw08,dw08,35,1,2026-08-27T12:50:40.278+0200,dw01,1729,5,2170,-127,1863,1114,2.89,2147483
ground-height-0m-20260825-163632,d022m_r180_run01.csv,0,22,180,dw00;dw01;dw02;dw03;dw04;dw05;dw06;dw07;dw08,dw00;dw01;dw02;dw03;dw04;dw05;dw06;dw07;dw08,dw08,35,1,2026-08-27T12:50:40.497+0200,dw01,1729,6,2177,-143,1656,1412,2.83,60943
ground-height-0m-20260825-163632,d022m_r180_run01.csv,0,22,180,dw00;dw01;dw02;dw03;dw04;dw05;dw06;dw07;dw08,dw00;dw01;dw02;dw03;dw04;dw05;dw06;dw07;dw08,dw08,35,1,2026-08-27T12:50:40.678+0200,dw01,1729,7,2171,-136,1740,1298,2.89,42297
ground-height-0m-20260825-163632,d022m_r180_run01.csv,0,22,180,dw00;dw01;dw02;dw03;dw04;dw05;dw06;dw07;dw08,dw00;dw01;dw02;dw03;dw04;dw05;dw06;dw07;dw08,dw08,35,1,2026-08-27T12:50:40.879+0200,dw01,1729,8,2176,-133,1795,1229,2.83,42297
ground-height-0m-20260825-163632,d022m_r180_run01.csv,0,22,180,dw00;dw01;dw02;dw03;dw04;dw05;dw06;dw07;dw08,dw00;dw01;dw02;dw03;dw04;dw05;dw06;dw07;dw08,dw08,35,1,2026-08-27T12:50:41.079+0200,dw01,1729,9,2171,-132,1794,1223,2.89,42327
ground-height-0m-20260825-163632,d022m_r180_run01.csv,0,22,180,dw00;dw01;dw02;dw03;dw04;dw05;dw06;dw07;dw08,dw00;dw01;dw02;dw03;dw04;dw05;dw06;dw07;dw08,dw08,35,1,2026-08-27T12:50:41.278+0200,dw01,1729,10,2170,105,165,2164,2.83,42297
ground-height-0m-20260825-163632,d022m_r180_run01.csv,0,22,180,dw00;dw01;dw02;dw03;dw04;dw05;dw06;dw07;dw08,dw00;dw01;dw02;dw03;dw04;dw05;dw06;dw07;dw08,dw08,35,1,2026-08-27T12:50:41.478+0200,dw01,1729,11,2174,88,-64,2173,2.71,42327
ground-height-0m-20260825-163632,d022m_r180_run01.csv,0,22,180,dw00;dw01;dw02;dw03;dw04;dw05;dw06;dw07;dw08,dw00;dw01;dw02;dw03;dw04;dw05;dw06;dw07;dw08,dw08,35,1,2026-08-27T12:50:41.678+0200,dw01,1729,12,2179,106,180,2171,3.01,42327
ground-height-0m-20260825-163632,d022m_r180_run01.csv,0,22,180,dw00;dw01;dw02;dw03;dw04;dw05;dw06;dw07;dw08,dw00;dw01;dw02;dw03;dw04;dw05;dw06;dw07;dw08,dw08,35,1,2026-08-27T12:50:41.878+0200,dw01,1729,13,2167,112,255,2152,2.83,42297
ground-height-0m-20260825-163632,d022m_r180_run01.csv,0,22,180,dw00;dw01;dw02;dw03;dw04;dw05;dw06;dw07;dw08,dw00;dw01;dw02;dw03;dw04;dw05;dw06;dw07;dw08,dw08,35,1,2026-08-27T12:50:42.078+0200,dw01,1729,14,2176,-131,1812,1204,2.77,42266
ground-height-0m-20260825-163632,d022m_r180_run01.csv,0,22,180,dw00;dw01;dw02;dw03;dw04;dw05;dw06;dw07;dw08,dw00;dw01;dw02;dw03;dw04;dw05;dw06;dw07;dw08,dw08,35,1,2026-08-27T12:50:42.278+0200,dw01,1729,15,2171,102,126,2168,2.95,42297
ground-height-0m-20260825-163632,d022m_r180_run01.csv,0,22,180,dw00;dw01;dw02;dw03;dw04;dw05;dw06;dw07;dw08,dw00;dw01;dw02;dw03;dw04;dw05;dw06;dw07;dw08,dw08,35,1,2026-08-27T12:50:42.679+0200,dw01,1729,17,2172,-127,1859,1122,2.77,42327
ground-height-0m-20260825-163632,d022m_r180_run01.csv,0,22,180,dw00;dw01;dw02;dw03;dw04;dw05;dw06;dw07;dw08,dw00;dw01;dw02;dw03;dw04;dw05;dw06;dw07;dw08,dw08,35,1,2026-08-27T12:50:42.877+0200,dw01,1729,18,2172,101,108,2170,2.95,42327
ground-height-0m-20260825-163632,d022m_r180_run01.csv,0,22,180,dw00;dw01;dw02;dw03;dw04;dw05;dw06;dw07;dw08,dw00;dw01;dw02;dw03;dw04;dw05;dw06;dw07;dw08,dw08,35,1,2026-08-27T12:50:43.078+0200,dw01,1729,19,2176,94,25,2175,2.89,42266
ground-height-0m-20260825-163632,d022m_r180_run01.csv,0,22,180,dw00;dw01;dw02;dw03;dw04;dw05;dw06;dw07;dw08,dw00;dw01;dw02;dw03;dw04;dw05;dw06;dw07;dw08,dw08,35,1,2026-08-27T12:50:43.278+0200,dw01,1729,20,2174,-141,1677,1383,2.83,42327
ground-height-0m-20260825-163632,d022m_r180_run01.csv,0,22,180,dw00;dw01;dw02;dw03;dw04;dw05;dw06;dw07;dw08,dw00;dw01;dw02;dw03;dw04;dw05;dw06;dw07;dw08,dw08,35,1,2026-08-27T12:50:43.696+0200,dw01,1729,22,2173,62,-402,2135,2.83,60913
ground-height-0m-20260825-163632,d022m_r180_run01.csv,0,22,180,dw00;dw01;dw02;dw03;dw04;dw05;dw06;dw07;dw08,dw00;dw01;dw02;dw03;dw04;dw05;dw06;dw07;dw08,dw08,35,1,2026-08-27T12:50:43.877+0200,dw01,1729,23,2175,65,-363,2145,2.77,42358
ground-height-0m-20260825-163632,d022m_r180_run01.csv,0,22,180,dw00;dw01;dw02;dw03;dw04;dw05;dw06;dw07;dw08,dw00;dw01;dw02;dw03;dw04;dw05;dw06;dw07;dw08,dw08,35,1,2026-08-27T12:50:44.078+0200,dw01,1729,24,2178,-138,1730,1323,2.89,42266
ground-height-0m-20260825-163632,d022m_r180_run01.csv,0,22,180,dw00;dw01;dw02;dw03;dw04;dw05;dw06;dw07;dw08,dw00;dw01;dw02;dw03;dw04;dw05;dw06;dw07;dw08,dw08,35,1,2026-08-27T12:50:44.477+0200,dw01,1729,26,2173,-144,1637,1429,2.83,42297
ground-height-0m-20260825-163632,d022m_r180_run01.csv,0,22,180,dw00;dw01;dw02;dw03;dw04;dw05;dw06;dw07;dw08,dw00;dw01;dw02;dw03;dw04;dw05;dw06;dw07;dw08,dw08,35,1,2026-08-27T12:50:44.677+0200,dw01,1729,27,2171,103,144,2167,2.89,42266
ground-height-0m-20260825-163632,d022m_r180_run01.csv,0,22,180,dw00;dw01;dw02;dw03;dw04;dw05;dw06;dw07;dw08,dw00;dw01;dw02;dw03;dw04;dw05;dw06;dw07;dw08,dw08,35,1,2026-08-27T12:50:44.877+0200,dw01,1729,28,2175,-136,1744,1299,2.89,2147483
ground-height-0m-20260825-163632,d022m_r180_run01.csv,0,22,180,dw00;dw01;dw02;dw03;dw04;dw05;dw06;dw07;dw08,dw00;dw01;dw02;dw03;dw04;dw05;dw06;dw07;dw08,dw08,35,1,2026-08-27T12:50:45.097+0200,dw01,1729,29,2176,-135,1769,1267,2.77,60913
ground-height-0m-20260825-163632,d022m_r180_run01.csv,0,22,180,dw00;dw01;dw02;dw03;dw04;dw05;dw06;dw07;dw08,dw00;dw01;dw02;dw03;dw04;dw05;dw06;dw07;dw08,dw08,35,1,2026-08-27T12:50:45.278+0200,dw01,1729,30,2171,93,6,2171,2.83,42297
ground-height-0m-20260825-163632,d022m_r180_run01.csv,0,22,180,dw00;dw01;dw02;dw03;dw04;dw05;dw06;dw07;dw08,dw00;dw01;dw02;dw03;dw04;dw05;dw06;dw07;dw08,dw08,35,1,2026-08-27T12:50:45.478+0200,dw01,1729,31,2168,-128,1854,1123,2.77,42297
ground-height-0m-20260825-163632,d022m_r180_run01.csv,0,22,180,dw00;dw01;dw02;dw03;dw04;dw05;dw06;dw07;dw08,dw00;dw01;dw02;dw03;dw04;dw05;dw06;dw07;dw08,dw08,35,1,2026-08-27T12:50:45.678+0200,dw01,1729,32,2171,104,153,2166,2.95,42327
ground-height-0m-20260825-163632,d022m_r180_run01.csv,0,22,180,dw00;dw01;dw02;dw03;dw04;dw05;dw06;dw07;dw08,dw00;dw01;dw02;dw03;dw04;dw05;dw06;dw07;dw08,dw08,35,1,2026-08-27T12:50:45.878+0200,dw01,1729,33,2172,-141,1677,1381,2.83,42297
ground-height-0m-20260825-163632,d022m_r180_run01.csv,0,22,180,dw00;dw01;dw02;dw03;dw04;dw05;dw06;dw07;dw08,dw00;dw01;dw02;dw03;dw04;dw05;dw06;dw07;dw08,dw08,35,1,2026-08-27T12:50:46.077+0200,dw01,1729,34,2169,-135,1757,1270,2.83,42266
ground-height-0m-20260825-163632,d022m_r180_run01.csv,0,22,180,dw00;dw01;dw02;dw03;dw04;dw05;dw06;dw07;dw08,dw00;dw01;dw02;dw03;dw04;dw05;dw06;dw07;dw08,dw08,35,1,2026-08-27T12:50:46.278+0200,dw01,1729,35,2180,105,167,2174,2.95,42266
ground-height-0m-20260825-163632,d022m_r180_run01.csv,0,22,180,dw00;dw01;dw02;dw03;dw04;dw05;dw06;dw07;dw08,dw00;dw01;dw02;dw03;dw04;dw05;dw06;dw07;dw08,dw08,35,1,2026-08-27T12:50:46.478+0200,dw01,1729,36,2176,96,46,2176,2.65,42266
ground-height-0m-20260825-163632,d022m_r180_run01.csv,0,22,180,dw00;dw01;dw02;dw03;dw04;dw05;dw06;dw07;dw08,dw00;dw01;dw02;dw03;dw04;dw05;dw06;dw07;dw08,dw08,35,1,2026-08-27T12:50:46.678+0200,dw01,1729,37,2175,-134,1770,1264,2.83,42297
ground-height-0m-20260825-163632,d022m_r180_run01.csv,0,22,180,dw00;dw01;dw02;dw03;dw04;dw05;dw06;dw07;dw08,dw00;dw01;dw02;dw03;dw04;dw05;dw06;dw07;dw08,dw08,35,1,2026-08-27T12:50:46.877+0200,dw01,1729,38,2174,-134,1779,1249,2.83,42327
ground-height-0m-20260825-163632,d022m_r180_run01.csv,0,22,180,dw00;dw01;dw02;dw03;dw04;dw05;dw06;dw07;dw08,dw00;dw01;dw02;dw03;dw04;dw05;dw06;dw07;dw08,dw08,35,1,2026-08-27T12:50:47.277+0200,dw01,1729,40,2176,-144,1644,1426,2.71,42297
ground-height-0m-20260825-163632,d022m_r180_run01.csv,0,22,180,dw00;dw01;dw02;dw03;dw04;dw05;dw06;dw07;dw08,dw00;dw01;dw02;dw03;dw04;dw05;dw06;dw07;dw08,dw08,35,1,2026-08-27T12:50:47.677+0200,dw01,1729,42,2175,-144,1639,1429,2.83,42297
ground-height-0m-20260825-163632,d022m_r180_run01.csv,0,22,180,dw00;dw01;dw02;dw03;dw04;dw05;dw06;dw07;dw08,dw00;dw01;dw02;dw03;dw04;dw05;dw06;dw07;dw08,dw08,35,1,2026-08-27T12:50:47.877+0200,dw01,1729,43,2172,111,248,2158,2.77,42297
ground-height-0m-20260825-163632,d022m_r180_run01.csv,0,22,180,dw00;dw01;dw02;dw03;dw04;dw05;dw06;dw07;dw08,dw00;dw01;dw02;dw03;dw04;dw05;dw06;dw07;dw08,dw08,35,1,2026-08-27T12:50:48.077+0200,dw01,1729,44,2174,-138,1715,1336,2.71,42297
ground-height-0m-20260825-163632,d022m_r180_run01.csv,0,22,180,dw00;dw01;dw02;dw03;dw04;dw05;dw06;dw07;dw08,dw00;dw01;dw02;dw03;dw04;dw05;dw06;dw07;dw08,dw08,35,1,2026-08-27T12:50:48.276+0200,dw01,1729,45,2174,119,361,2144,2.95,42266
ground-height-0m-20260825-163632,d022m_r180_run01.csv,0,22,180,dw00;dw01;dw02;dw03;dw04;dw05;dw06;dw07;dw08,dw00;dw01;dw02;dw03;dw04;dw05;dw06;dw07;dw08,dw08,35,1,2026-08-27T12:50:48.477+0200,dw01,1729,46,2173,117,326,2149,2.77,42297
ground-height-0m-20260825-163632,d022m_r180_run01.csv,0,22,180,dw00;dw01;dw02;dw03;dw04;dw05;dw06;dw07;dw08,dw00;dw01;dw02;dw03;dw04;dw05;dw06;dw07;dw08,dw08,35,1,2026-08-27T12:50:48.677+0200,dw01,1729,47,2173,107,189,2164,2.83,42297
ground-height-0m-20260825-163632,d022m_r180_run01.csv,0,22,180,dw00;dw01;dw02;dw03;dw04;dw05;dw06;dw07;dw08,dw00;dw01;dw02;dw03;dw04;dw05;dw06;dw07;dw08,dw08,35,1,2026-08-27T12:50:48.877+0200,dw01,1729,48,2170,96,42,2170,2.83,42266
ground-height-0m-20260825-163632,d022m_r180_run01.csv,0,22,180,dw00;dw01;dw02;dw03;dw04;dw05;dw06;dw07;dw08,dw00;dw01;dw02;dw03;dw04;dw05;dw06;dw07;dw08,dw08,35,1,2026-08-27T12:50:49.077+0200,dw01,1729,49,2176,114,288,2156,2.89,42327
ground-height-0m-20260825-163632,d022m_r180_run01.csv,0,22,180,dw00;dw01;dw02;dw03;dw04;dw05;dw06;dw07;dw08,dw00;dw01;dw02;dw03;dw04;dw05;dw06;dw07;dw08,dw08,35,1,2026-08-27T12:50:49.276+0200,dw01,1729,50,2179,91,-14,2179,2.77,42266
ground-height-0m-20260825-163632,d022m_r180_run01.csv,0,22,180,dw00;dw01;dw02;dw03;dw04;dw05;dw06;dw07;dw08,dw00;dw01;dw02;dw03;dw04;dw05;dw06;dw07;dw08,dw08,35,1,2026-08-27T12:50:49.476+0200,dw01,1729,51,2174,-131,1818,1192,2.83,42266
ground-height-0m-20260825-163632,d022m_r180_run01.csv,0,22,180,dw00;dw01;dw02;dw03;dw04;dw05;dw06;dw07;dw08,dw00;dw01;dw02;dw03;dw04;dw05;dw06;dw07;dw08,dw08,35,1,2026-08-27T12:50:49.677+0200,dw01,1729,52,2169,109,222,2158,2.83,42266
ground-height-0m-20260825-163632,d022m_r180_run01.csv,0,22,180,dw00;dw01;dw02;dw03;dw04;dw05;dw06;dw07;dw08,dw00;dw01;dw02;dw03;dw04;dw05;dw06;dw07;dw08,dw08,35,1,2026-08-27T12:50:49.877+0200,dw01,1729,53,2174,111,249,2160,2.83,42297
ground-height-0m-20260825-163632,d022m_r180_run01.csv,0,22,180,dw00;dw01;dw02;dw03;dw04;dw05;dw06;dw07;dw08,dw00;dw01;dw02;dw03;dw04;dw05;dw06;dw07;dw08,dw08,35,1,2026-08-27T12:50:50.076+0200,dw01,1729,54,2176,-126,1877,1101,2.83,42297
ground-height-0m-20260825-163632,d022m_r180_run01.csv,0,22,180,dw00;dw01;dw02;dw03;dw04;dw05;dw06;dw07;dw08,dw00;dw01;dw02;dw03;dw04;dw05;dw06;dw07;dw08,dw08,35,1,2026-08-27T12:50:50.276+0200,dw01,1729,55,2178,-126,1887,1087,2.89,42297
ground-height-0m-20260825-163632,d022m_r180_run01.csv,0,22,180,dw00;dw01;dw02;dw03;dw04;dw05;dw06;dw07;dw08,dw00;dw01;dw02;dw03;dw04;dw05;dw06;dw07;dw08,dw08,35,1,2026-08-27T12:50:50.476+0200,dw01,1729,56,2176,-141,1677,1385,2.89,42297
ground-height-0m-20260825-163632,d022m_r180_run01.csv,0,22,180,dw00;dw01;dw02;dw03;dw04;dw05;dw06;dw07;dw08,dw00;dw01;dw02;dw03;dw04;dw05;dw06;dw07;dw08,dw08,35,1,2026-08-27T12:50:50.677+0200,dw01,1729,57,2171,-136,1743,1295,2.77,42358
ground-height-0m-20260825-163632,d022m_r180_run01.csv,0,22,180,dw00;dw01;dw02;dw03;dw04;dw05;dw06;dw07;dw08,dw00;dw01;dw02;dw03;dw04;dw05;dw06;dw07;dw08,dw08,35,1,2026-08-27T12:50:51.076+0200,dw01,1729,59,2175,117,329,2150,2.83,42327
ground-height-0m-20260825-163632,d022m_r180_run01.csv,0,22,180,dw00;dw01;dw02;dw03;dw04;dw05;dw06;dw07;dw08,dw00;dw01;dw02;dw03;dw04;dw05;dw06;dw07;dw08,dw08,35,1,2026-08-27T12:50:51.277+0200,dw01,1729,60,2172,123,409,2133,2.89,42327
ground-height-0m-20260825-163632,d022m_r180_run01.csv,0,22,180,dw00;dw01;dw02;dw03;dw04;dw05;dw06;dw07;dw08,dw00;dw01;dw02;dw03;dw04;dw05;dw06;dw07;dw08,dw08,35,1,2026-08-27T12:50:51.476+0200,dw01,1729,61,2173,153,815,2015,2.95,42297
ground-height-0m-20260825-163632,d022m_r180_run01.csv,0,22,180,dw00;dw01;dw02;dw03;dw04;dw05;dw06;dw07;dw08,dw00;dw01;dw02;dw03;dw04;dw05;dw06;dw07;dw08,dw08,35,1,2026-08-27T12:50:51.676+0200,dw01,1729,62,2175,-124,1907,1044,3.06,42266
ground-height-0m-20260825-163632,d022m_r180_run01.csv,0,22,180,dw00;dw01;dw02;dw03;dw04;dw05;dw06;dw07;dw08,dw00;dw01;dw02;dw03;dw04;dw05;dw06;dw07;dw08,dw08,35,1,2026-08-27T12:50:51.877+0200,dw01,1729,63,2170,122,395,2134,2.83,42266
ground-height-0m-20260825-163632,d022m_r180_run01.csv,0,22,180,dw00;dw01;dw02;dw03;dw04;dw05;dw06;dw07;dw08,dw00;dw01;dw02;dw03;dw04;dw05;dw06;dw07;dw08,dw08,35,1,2026-08-27T12:50:52.077+0200,dw01,1729,64,2174,-126,1877,1097,2.83,42266
ground-height-0m-20260825-163632,d022m_r180_run01.csv,0,22,180,dw00;dw01;dw02;dw03;dw04;dw05;dw06;dw07;dw08,dw00;dw01;dw02;dw03;dw04;dw05;dw06;dw07;dw08,dw08,35,1,2026-08-27T12:50:52.277+0200,dw01,1729,65,2177,-139,1706,1353,2.83,42297
ground-height-0m-20260825-163632,d022m_r180_run01.csv,0,22,180,dw00;dw01;dw02;dw03;dw04;dw05;dw06;dw07;dw08,dw00;dw01;dw02;dw03;dw04;dw05;dw06;dw07;dw08,dw08,35,1,2026-08-27T12:50:52.476+0200,dw01,1729,66,2177,-119,1981,901,2.95,42297
ground-height-0m-20260825-163632,d022m_r180_run01.csv,0,22,180,dw00;dw01;dw02;dw03;dw04;dw05;dw06;dw07;dw08,dw00;dw01;dw02;dw03;dw04;dw05;dw06;dw07;dw08,dw08,35,1,2026-08-27T12:50:52.676+0200,dw01,1729,67,2172,114,290,2153,2.83,42327
ground-height-0m-20260825-163632,d022m_r180_run01.csv,0,22,180,dw00;dw01;dw02;dw03;dw04;dw05;dw06;dw07;dw08,dw00;dw01;dw02;dw03;dw04;dw05;dw06;dw07;dw08,dw08,35,1,2026-08-27T12:50:52.876+0200,dw01,1729,68,2174,-136,1747,1294,2.89,42266
ground-height-0m-20260825-163632,d022m_r180_run01.csv,0,22,180,dw00;dw01;dw02;dw03;dw04;dw05;dw06;dw07;dw08,dw00;dw01;dw02;dw03;dw04;dw05;dw06;dw07;dw08,dw08,35,1,2026-08-27T12:50:53.076+0200,dw01,1729,69,2173,100,104,2170,2.71,42327
ground-height-0m-20260825-163632,d022m_r180_run01.csv,0,22,180,dw00;dw01;dw02;dw03;dw04;dw05;dw06;dw07;dw08,dw00;dw01;dw02;dw03;dw04;dw05;dw06;dw07;dw08,dw08,35,1,2026-08-27T12:50:53.276+0200,dw01,1729,70,2173,-142,1661,1401,2.77,42236
ground-height-0m-20260825-163632,d022m_r180_run01.csv,0,22,180,dw00;dw01;dw02;dw03;dw04;dw05;dw06;dw07;dw08,dw00;dw01;dw02;dw03;dw04;dw05;dw06;dw07;dw08,dw08,35,1,2026-08-27T12:50:53.476+0200,dw01,1729,71,2176,-131,1818,1195,2.83,42266
ground-height-0m-20260825-163632,d022m_r180_run01.csv,0,22,180,dw00;dw01;dw02;dw03;dw04;dw05;dw06;dw07;dw08,dw00;dw01;dw02;dw03;dw04;dw05;dw06;dw07;dw08,dw08,35,1,2026-08-27T12:50:53.676+0200,dw01,1729,72,2175,-140,1697,1360,2.77,42358
ground-height-0m-20260825-163632,d022m_r180_run01.csv,0,22,180,dw00;dw01;dw02;dw03;dw04;dw05;dw06;dw07;dw08,dw00;dw01;dw02;dw03;dw04;dw05;dw06;dw07;dw08,dw08,35,1,2026-08-27T12:50:53.877+0200,dw01,1729,73,2174,-119,1977,905,2.83,42327
ground-height-0m-20260825-163632,d022m_r180_run01.csv,0,22,180,dw00;dw01;dw02;dw03;dw04;dw05;dw06;dw07;dw08,dw00;dw01;dw02;dw03;dw04;dw05;dw06;dw07;dw08,dw08,35,1,2026-08-27T12:50:54.076+0200,dw01,1729,74,2171,151,784,2024,2.89,42236
ground-height-0m-20260825-163632,d022m_r180_run01.csv,0,22,180,dw00;dw01;dw02;dw03;dw04;dw05;dw06;dw07;dw08,dw00;dw01;dw02;dw03;dw04;dw05;dw06;dw07;dw08,dw08,35,1,2026-08-27T12:50:54.276+0200,dw01,1729,75,2171,-144,1637,1427,2.77,42327
ground-height-0m-20260825-163632,d022m_r180_run01.csv,0,22,180,dw00;dw01;dw02;dw03;dw04;dw05;dw06;dw07;dw08,dw00;dw01;dw02;dw03;dw04;dw05;dw06;dw07;dw08,dw08,35,1,2026-08-27T12:50:54.675+0200,dw01,1729,77,2178,-141,1688,1377,2.89,42266
ground-height-0m-20260825-163632,d022m_r180_run01.csv,0,22,180,dw00;dw01;dw02;dw03;dw04;dw05;dw06;dw07;dw08,dw00;dw01;dw02;dw03;dw04;dw05;dw06;dw07;dw08,dw08,35,1,2026-08-27T12:50:54.875+0200,dw01,1729,78,2173,157,867,1992,2.83,42266
ground-height-0m-20260825-163632,d022m_r180_run01.csv,0,22,180,dw00;dw01;dw02;dw03;dw04;dw05;dw06;dw07;dw08,dw00;dw01;dw02;dw03;dw04;dw05;dw06;dw07;dw08,dw08,35,1,2026-08-27T12:50:55.075+0200,dw01,1729,79,2173,158,872,1990,2.83,42266
ground-height-0m-20260825-163632,d022m_r180_run01.csv,0,22,180,dw00;dw01;dw02;dw03;dw04;dw05;dw06;dw07;dw08,dw00;dw01;dw02;dw03;dw04;dw05;dw06;dw07;dw08,dw08,35,1,2026-08-27T12:50:55.276+0200,dw01,1729,80,2178,169,1030,1919,2.83,42266
ground-height-0m-20260825-163632,d022m_r180_run01.csv,0,22,180,dw00;dw01;dw02;dw03;dw04;dw05;dw06;dw07;dw08,dw00;dw01;dw02;dw03;dw04;dw05;dw06;dw07;dw08,dw08,35,1,2026-08-27T12:50:55.475+0200,dw01,1729,81,2172,-130,1829,1171,2.83,42297
ground-height-0m-20260825-163632,d022m_r180_run01.csv,0,22,180,dw00;dw01;dw02;dw03;dw04;dw05;dw06;dw07;dw08,dw00;dw01;dw02;dw03;dw04;dw05;dw06;dw07;dw08,dw08,35,1,2026-08-27T12:50:55.675+0200,dw01,1729,82,2171,168,1005,1924,2.89,42266
ground-height-0m-20260825-163632,d022m_r180_run01.csv,0,22,180,dw00;dw01;dw02;dw03;dw04;dw05;dw06;dw07;dw08,dw00;dw01;dw02;dw03;dw04;dw05;dw06;dw07;dw08,dw08,35,1,2026-08-27T12:50:55.875+0200,dw01,1729,83,2175,-143,1657,1408,2.95,42297
ground-height-0m-20260825-163632,d022m_r180_run01.csv,0,22,180,dw00;dw01;dw02;dw03;dw04;dw05;dw06;dw07;dw08,dw00;dw01;dw02;dw03;dw04;dw05;dw06;dw07;dw08,dw08,35,1,2026-08-27T12:50:56.075+0200,dw01,1729,84,2178,155,833,2012,2.89,42266
ground-height-0m-20260825-163632,d022m_r180_run01.csv,0,22,180,dw00;dw01;dw02;dw03;dw04;dw05;dw06;dw07;dw08,dw00;dw01;dw02;dw03;dw04;dw05;dw06;dw07;dw08,dw08,35,1,2026-08-27T12:50:56.275+0200,dw01,1729,85,2174,148,745,2042,2.77,42297
ground-height-0m-20260825-163632,d022m_r180_run01.csv,0,22,180,dw00;dw01;dw02;dw03;dw04;dw05;dw06;dw07;dw08,dw00;dw01;dw02;dw03;dw04;dw05;dw06;dw07;dw08,dw08,35,1,2026-08-27T12:50:56.475+0200,dw01,1729,86,2176,150,766,2036,2.89,42266
ground-height-0m-20260825-163632,d022m_r180_run01.csv,0,22,180,dw00;dw01;dw02;dw03;dw04;dw05;dw06;dw07;dw08,dw00;dw01;dw02;dw03;dw04;dw05;dw06;dw07;dw08,dw08,35,1,2026-08-27T12:50:56.675+0200,dw01,1729,87,2175,137,590,2093,2.89,42327
ground-height-0m-20260825-163632,d022m_r180_run01.csv,0,22,180,dw00;dw01;dw02;dw03;dw04;dw05;dw06;dw07;dw08,dw00;dw01;dw02;dw03;dw04;dw05;dw06;dw07;dw08,dw08,35,1,2026-08-27T12:50:56.875+0200,dw01,1729,88,2175,-152,1540,1536,2.95,42266
ground-height-0m-20260825-163632,d022m_r180_run01.csv,0,22,180,dw00;dw01;dw02;dw03;dw04;dw05;dw06;dw07;dw08,dw00;dw01;dw02;dw03;dw04;dw05;dw06;dw07;dw08,dw08,35,1,2026-08-27T12:50:57.074+0200,dw01,1729,89,2178,149,755,2043,2.89,42266
ground-height-0m-20260825-163632,d022m_r180_run01.csv,0,22,180,dw00;dw01;dw02;dw03;dw04;dw05;dw06;dw07;dw08,dw00;dw01;dw02;dw03;dw04;dw05;dw06;dw07;dw08,dw08,35,1,2026-08-27T12:50:57.275+0200,dw01,1729,90,2172,-87,2172,0,2.77,2147483
ground-height-0m-20260825-163632,d022m_r180_run01.csv,0,22,180,dw00;dw01;dw02;dw03;dw04;dw05;dw06;dw07;dw08,dw00;dw01;dw02;dw03;dw04;dw05;dw06;dw07;dw08,dw08,35,1,2026-08-27T12:50:57.676+0200,dw01,1729,92,2171,157,859,1994,2.77,42358
ground-height-0m-20260825-163632,d022m_r180_run01.csv,0,22,180,dw00;dw01;dw02;dw03;dw04;dw05;dw06;dw07;dw08,dw00;dw01;dw02;dw03;dw04;dw05;dw06;dw07;dw08,dw08,35,1,2026-08-27T12:50:58.075+0200,dw01,1729,94,2174,-145,1628,1440,2.71,42297
ground-height-0m-20260825-163632,d022m_r180_run01.csv,0,22,180,dw00;dw01;dw02;dw03;dw04;dw05;dw06;dw07;dw08,dw00;dw01;dw02;dw03;dw04;dw05;dw06;dw07;dw08,dw08,35,1,2026-08-27T12:50:58.275+0200,dw01,1729,95,2176,165,970,1947,2.77,42266
ground-height-0m-20260825-163632,d022m_r180_run01.csv,0,22,180,dw00;dw01;dw02;dw03;dw04;dw05;dw06;dw07;dw08,dw00;dw01;dw02;dw03;dw04;dw05;dw06;dw07;dw08,dw08,35,1,2026-08-27T12:50:58.476+0200,dw01,1729,96,2172,159,892,1980,2.89,42266
ground-height-0m-20260825-163632,d022m_r180_run01.csv,0,22,180,dw00;dw01;dw02;dw03;dw04;dw05;dw06;dw07;dw08,dw00;dw01;dw02;dw03;dw04;dw05;dw06;dw07;dw08,dw08,35,1,2026-08-27T12:50:58.875+0200,dw01,1729,98,2173,165,968,1946,2.71,42266
ground-height-0m-20260825-163632,d022m_r180_run01.csv,0,22,180,dw00;dw01;dw02;dw03;dw04;dw05;dw06;dw07;dw08,dw00;dw01;dw02;dw03;dw04;dw05;dw06;dw07;dw08,dw08,35,1,2026-08-27T12:50:59.075+0200,dw01,1729,99,2173,-138,1724,1323,2.77,42297
ground-height-0m-20260825-163632,d022m_r180_run01.csv,0,22,180,dw00;dw01;dw02;dw03;dw04;dw05;dw06;dw07;dw08,dw00;dw01;dw02;dw03;dw04;dw05;dw06;dw07;dw08,dw08,35,1,2026-08-27T12:50:59.275+0200,dw01,1729,100,2170,-169,1298,1739,2.71,42266
ground-height-0m-20260825-163632,d022m_r180_run01.csv,0,22,180,dw00;dw01;dw02;dw03;dw04;dw05;dw06;dw07;dw08,dw00;dw01;dw02;dw03;dw04;dw05;dw06;dw07;dw08,dw08,35,1,2026-08-27T12:50:59.474+0200,dw01,1729,101,2178,-120,1967,935,2.77,42266
ground-height-0m-20260825-163632,d022m_r180_run01.csv,0,22,180,dw00;dw01;dw02;dw03;dw04;dw05;dw06;dw07;dw08,dw00;dw01;dw02;dw03;dw04;dw05;dw06;dw07;dw08,dw08,35,1,2026-08-27T12:50:59.675+0200,dw01,1729,102,2174,-150,1559,1514,2.83,42266
ground-height-0m-20260825-163632,d022m_r180_run01.csv,0,22,180,dw00;dw01;dw02;dw03;dw04;dw05;dw06;dw07;dw08,dw00;dw01;dw02;dw03;dw04;dw05;dw06;dw07;dw08,dw08,35,1,2026-08-27T12:50:59.875+0200,dw01,1729,103,2175,-119,1981,898,2.77,42266
ground-height-0m-20260825-163632,d022m_r180_run01.csv,0,22,180,dw00;dw01;dw02;dw03;dw04;dw05;dw06;dw07;dw08,dw00;dw01;dw02;dw03;dw04;dw05;dw06;dw07;dw08,dw08,35,1,2026-08-27T12:51:00.294+0200,dw01,1729,105,2176,141,655,2075,2.89,60913
ground-height-0m-20260825-163632,d022m_r180_run01.csv,0,22,180,dw00;dw01;dw02;dw03;dw04;dw05;dw06;dw07;dw08,dw00;dw01;dw02;dw03;dw04;dw05;dw06;dw07;dw08,dw08,35,1,2026-08-27T12:51:00.474+0200,dw01,1729,106,2173,176,1117,1864,2.71,42297
ground-height-0m-20260825-163632,d022m_r180_run01.csv,0,22,180,dw00;dw01;dw02;dw03;dw04;dw05;dw06;dw07;dw08,dw00;dw01;dw02;dw03;dw04;dw05;dw06;dw07;dw08,dw08,35,1,2026-08-27T12:51:00.675+0200,dw01,1729,107,2170,-142,1669,1386,2.77,42266
ground-height-0m-20260825-163632,d022m_r180_run01.csv,0,22,180,dw00;dw01;dw02;dw03;dw04;dw05;dw06;dw07;dw08,dw00;dw01;dw02;dw03;dw04;dw05;dw06;dw07;dw08,dw08,35,1,2026-08-27T12:51:00.875+0200,dw01,1729,108,2177,-179,1180,1829,2.83,42327
ground-height-0m-20260825-163632,d022m_r180_run01.csv,0,22,180,dw00;dw01;dw02;dw03;dw04;dw05;dw06;dw07;dw08,dw00;dw01;dw02;dw03;dw04;dw05;dw06;dw07;dw08,dw08,35,1,2026-08-27T12:51:01.274+0200,dw01,1729,110,2175,178,1141,1851,2.83,42297
ground-height-0m-20260825-163632,d022m_r180_run01.csv,0,22,180,dw00;dw01;dw02;dw03;dw04;dw05;dw06;dw07;dw08,dw00;dw01;dw02;dw03;dw04;dw05;dw06;dw07;dw08,dw08,35,1,2026-08-27T12:51:01.474+0200,dw01,1729,111,2172,155,832,2006,2.77,42327
ground-height-0m-20260825-163632,d022m_r180_run01.csv,0,22,180,dw00;dw01;dw02;dw03;dw04;dw05;dw06;dw07;dw08,dw00;dw01;dw02;dw03;dw04;dw05;dw06;dw07;dw08,dw08,35,1,2026-08-27T12:51:01.674+0200,dw01,1729,112,2175,-132,1805,1213,2.83,42327
ground-height-0m-20260825-163632,d022m_r180_run01.csv,0,22,180,dw00;dw01;dw02;dw03;dw04;dw05;dw06;dw07;dw08,dw00;dw01;dw02;dw03;dw04;dw05;dw06;dw07;dw08,dw08,35,1,2026-08-27T12:51:01.874+0200,dw01,1729,113,2170,-126,1879,1086,2.83,42266
ground-height-0m-20260825-163632,d022m_r180_run01.csv,0,22,180,dw00;dw01;dw02;dw03;dw04;dw05;dw06;dw07;dw08,dw00;dw01;dw02;dw03;dw04;dw05;dw06;dw07;dw08,dw08,35,1,2026-08-27T12:51:02.274+0200,dw01,1729,115,2177,174,1098,1879,2.71,42327
ground-height-0m-20260825-163632,d022m_r180_run01.csv,0,22,180,dw00;dw01;dw02;dw03;dw04;dw05;dw06;dw07;dw08,dw00;dw01;dw02;dw03;dw04;dw05;dw06;dw07;dw08,dw08,35,1,2026-08-27T12:51:02.474+0200,dw01,1729,116,2170,-150,1555,1513,2.83,2147483
ground-height-0m-20260825-163632,d022m_r180_run01.csv,0,22,180,dw00;dw01;dw02;dw03;dw04;dw05;dw06;dw07;dw08,dw00;dw01;dw02;dw03;dw04;dw05;dw06;dw07;dw08,dw08,35,1,2026-08-27T12:51:02.692+0200,dw01,1729,117,2177,126,451,2130,2.77,60882
ground-height-0m-20260825-163632,d022m_r180_run01.csv,0,22,180,dw00;dw01;dw02;dw03;dw04;dw05;dw06;dw07;dw08,dw00;dw01;dw02;dw03;dw04;dw05;dw06;dw07;dw08,dw08,35,1,2026-08-27T12:51:02.874+0200,dw01,1729,118,2173,-146,1613,1456,2.83,42297
ground-height-0m-20260825-163632,d022m_r180_run01.csv,0,22,180,dw00;dw01;dw02;dw03;dw04;dw05;dw06;dw07;dw08,dw00;dw01;dw02;dw03;dw04;dw05;dw06;dw07;dw08,dw08,35,1,2026-08-27T12:51:03.074+0200,dw01,1729,119,2172,168,1004,1926,2.83,42358
ground-height-0m-20260825-163632,d022m_r180_run01.csv,0,22,180,dw00;dw01;dw02;dw03;dw04;dw05;dw06;dw07;dw08,dw00;dw01;dw02;dw03;dw04;dw05;dw06;dw07;dw08,dw08,35,1,2026-08-27T12:51:03.274+0200,dw01,1729,120,2177,-142,1665,1402,2.83,42297
ground-height-0m-20260825-163632,d022m_r180_run01.csv,0,22,180,dw00;dw01;dw02;dw03;dw04;dw05;dw06;dw07;dw08,dw00;dw01;dw02;dw03;dw04;dw05;dw06;dw07;dw08,dw08,35,1,2026-08-27T12:51:03.473+0200,dw01,1729,121,2179,-178,1192,1824,2.77,42297
ground-height-0m-20260825-163632,d022m_r180_run01.csv,0,22,180,dw00;dw01;dw02;dw03;dw04;dw05;dw06;dw07;dw08,dw00;dw01;dw02;dw03;dw04;dw05;dw06;dw07;dw08,dw08,35,1,2026-08-27T12:51:03.673+0200,dw01,1729,122,2177,-127,1866,1121,2.77,42297
ground-height-0m-20260825-163632,d022m_r180_run01.csv,0,22,180,dw00;dw01;dw02;dw03;dw04;dw05;dw06;dw07;dw08,dw00;dw01;dw02;dw03;dw04;dw05;dw06;dw07;dw08,dw08,35,1,2026-08-27T12:51:03.874+0200,dw01,1729,123,2173,143,683,2063,2.83,42327
ground-height-0m-20260825-163632,d022m_r180_run01.csv,0,22,180,dw00;dw01;dw02;dw03;dw04;dw05;dw06;dw07;dw08,dw00;dw01;dw02;dw03;dw04;dw05;dw06;dw07;dw08,dw08,35,1,2026-08-27T12:51:04.074+0200,dw01,1729,124,2173,163,950,1955,2.89,42327
ground-height-0m-20260825-163632,d022m_r180_run01.csv,0,22,180,dw00;dw01;dw02;dw03;dw04;dw05;dw06;dw07;dw08,dw00;dw01;dw02;dw03;dw04;dw05;dw06;dw07;dw08,dw08,35,1,2026-08-27T12:51:04.474+0200,dw01,1729,126,2170,-176,1216,1797,2.71,42297
ground-height-0m-20260825-163632,d022m_r180_run01.csv,0,22,180,dw00;dw01;dw02;dw03;dw04;dw05;dw06;dw07;dw08,dw00;dw01;dw02;dw03;dw04;dw05;dw06;dw07;dw08,dw08,35,1,2026-08-27T12:51:04.674+0200,dw01,1729,127,2172,-150,1562,1509,2.89,42327
ground-height-0m-20260825-163632,d022m_r180_run01.csv,0,22,180,dw00;dw01;dw02;dw03;dw04;dw05;dw06;dw07;dw08,dw00;dw01;dw02;dw03;dw04;dw05;dw06;dw07;dw08,dw08,35,1,2026-08-27T12:51:04.874+0200,dw01,1729,128,2175,170,1038,1911,2.83,42327
ground-height-0m-20260825-163632,d022m_r180_run01.csv,0,22,180,dw00;dw01;dw02;dw03;dw04;dw05;dw06;dw07;dw08,dw00;dw01;dw02;dw03;dw04;dw05;dw06;dw07;dw08,dw08,35,1,2026-08-27T12:51:05.274+0200,dw01,1729,130,2175,-137,1734,1313,2.77,42297
ground-height-0m-20260825-163632,d022m_r180_run01.csv,0,22,180,dw00;dw01;dw02;dw03;dw04;dw05;dw06;dw07;dw08,dw00;dw01;dw02;dw03;dw04;dw05;dw06;dw07;dw08,dw08,35,1,2026-08-27T12:51:05.474+0200,dw01,1729,131,2176,144,693,2062,2.77,42327
ground-height-0m-20260825-163632,d022m_r180_run01.csv,0,22,180,dw00;dw01;dw02;dw03;dw04;dw05;dw06;dw07;dw08,dw00;dw01;dw02;dw03;dw04;dw05;dw06;dw07;dw08,dw08,35,1,2026-08-27T12:51:05.674+0200,dw01,1729,132,2170,174,1093,1875,2.83,42327
ground-height-0m-20260825-163632,d022m_r180_run01.csv,0,22,180,dw00;dw01;dw02;dw03;dw04;dw05;dw06;dw07;dw08,dw00;dw01;dw02;dw03;dw04;dw05;dw06;dw07;dw08,dw08,35,1,2026-08-27T12:51:05.873+0200,dw01,1729,133,2174,-144,1643,1423,2.83,42297
ground-height-0m-20260825-163632,d022m_r180_run01.csv,0,22,180,dw00;dw01;dw02;dw03;dw04;dw05;dw06;dw07;dw08,dw00;dw01;dw02;dw03;dw04;dw05;dw06;dw07;dw08,dw08,35,1,2026-08-27T12:51:06.073+0200,dw01,1729,134,2172,178,1139,1850,2.95,42297
ground-height-0m-20260825-163632,d022m_r180_run01.csv,0,22,180,dw00;dw01;dw02;dw03;dw04;dw05;dw06;dw07;dw08,dw00;dw01;dw02;dw03;dw04;dw05;dw06;dw07;dw08,dw08,35,1,2026-08-27T12:51:06.274+0200,dw01,1729,135,2176,-140,1696,1363,2.77,42297
ground-height-0m-20260825-163632,d022m_r180_run01.csv,0,22,180,dw00;dw01;dw02;dw03;dw04;dw05;dw06;dw07;dw08,dw00;dw01;dw02;dw03;dw04;dw05;dw06;dw07;dw08,dw08,35,1,2026-08-27T12:51:06.474+0200,dw01,1729,136,2179,164,956,1958,2.77,42327
ground-height-0m-20260825-163632,d022m_r180_run01.csv,0,22,180,dw00;dw01;dw02;dw03;dw04;dw05;dw06;dw07;dw08,dw00;dw01;dw02;dw03;dw04;dw05;dw06;dw07;dw08,dw08,35,1,2026-08-27T12:51:06.674+0200,dw01,1729,137,2172,-130,1827,1174,2.77,42327
ground-height-0m-20260825-163632,d022m_r180_run01.csv,0,22,180,dw00;dw01;dw02;dw03;dw04;dw05;dw06;dw07;dw08,dw00;dw01;dw02;dw03;dw04;dw05;dw06;dw07;dw08,dw08,35,1,2026-08-27T12:51:06.873+0200,dw01,1729,138,2178,-175,1223,1802,2.77,42236
ground-height-0m-20260825-163632,d022m_r180_run01.csv,0,22,180,dw00;dw01;dw02;dw03;dw04;dw05;dw06;dw07;dw08,dw00;dw01;dw02;dw03;dw04;dw05;dw06;dw07;dw08,dw08,35,1,2026-08-27T12:51:07.073+0200,dw01,1729,139,2174,91,-24,2174,2.83,42358
ground-height-0m-20260825-163632,d022m_r180_run01.csv,0,22,180,dw00;dw01;dw02;dw03;dw04;dw05;dw06;dw07;dw08,dw00;dw01;dw02;dw03;dw04;dw05;dw06;dw07;dw08,dw08,35,1,2026-08-27T12:51:07.273+0200,dw01,1729,140,2171,-50,-1914,1026,2.83,2147483
ground-height-0m-20260825-163632,d022m_r180_run01.csv,0,22,180,dw00;dw01;dw02;dw03;dw04;dw05;dw06;dw07;dw08,dw00;dw01;dw02;dw03;dw04;dw05;dw06;dw07;dw08,dw08,35,1,2026-08-27T12:51:07.492+0200,dw01,1729,141,2176,121,384,2141,2.77,60974
ground-height-0m-20260825-163632,d022m_r180_run01.csv,0,22,180,dw00;dw01;dw02;dw03;dw04;dw05;dw06;dw07;dw08,dw00;dw01;dw02;dw03;dw04;dw05;dw06;dw07;dw08,dw08,35,1,2026-08-27T12:51:07.673+0200,dw01,1729,142,2175,130,501,2116,2.71,42327
ground-height-0m-20260825-163632,d022m_r180_run01.csv,0,22,180,dw00;dw01;dw02;dw03;dw04;dw05;dw06;dw07;dw08,dw00;dw01;dw02;dw03;dw04;dw05;dw06;dw07;dw08,dw08,35,1,2026-08-27T12:51:07.873+0200,dw01,1729,143,2171,171,1052,1899,2.77,42327
ground-height-0m-20260825-163632,d022m_r180_run01.csv,0,22,180,dw00;dw01;dw02;dw03;dw04;dw05;dw06;dw07;dw08,dw00;dw01;dw02;dw03;dw04;dw05;dw06;dw07;dw08,dw08,35,1,2026-08-27T12:51:08.073+0200,dw01,1729,144,2176,169,1025,1919,2.77,42327
ground-height-0m-20260825-163632,d022m_r180_run01.csv,0,22,180,dw00;dw01;dw02;dw03;dw04;dw05;dw06;dw07;dw08,dw00;dw01;dw02;dw03;dw04;dw05;dw06;dw07;dw08,dw08,35,1,2026-08-27T12:51:08.272+0200,dw01,1729,145,2173,-118,1987,879,2.71,42297
ground-height-0m-20260825-163632,d022m_r180_run01.csv,0,22,180,dw00;dw01;dw02;dw03;dw04;dw05;dw06;dw07;dw08,dw00;dw01;dw02;dw03;dw04;dw05;dw06;dw07;dw08,dw08,35,1,2026-08-27T12:51:08.473+0200,dw01,1729,146,2177,177,1139,1856,2.83,42327
ground-height-0m-20260825-163632,d022m_r180_run01.csv,0,22,180,dw00;dw01;dw02;dw03;dw04;dw05;dw06;dw07;dw08,dw00;dw01;dw02;dw03;dw04;dw05;dw06;dw07;dw08,dw08,35,1,2026-08-27T12:51:08.673+0200,dw01,1729,147,2177,-136,1752,1291,2.83,42327
ground-height-0m-20260825-163632,d022m_r180_run01.csv,0,22,180,dw00;dw01;dw02;dw03;dw04;dw05;dw06;dw07;dw08,dw00;dw01;dw02;dw03;dw04;dw05;dw06;dw07;dw08,dw08,35,1,2026-08-27T12:51:08.873+0200,dw01,1729,148,2171,166,979,1938,2.83,42327
ground-height-0m-20260825-163632,d022m_r180_run01.csv,0,22,180,dw00;dw01;dw02;dw03;dw04;dw05;dw06;dw07;dw08,dw00;dw01;dw02;dw03;dw04;dw05;dw06;dw07;dw08,dw08,35,1,2026-08-27T12:51:09.472+0200,dw01,1729,151,2170,-134,1773,1251,2.77,42327
ground-height-0m-20260825-163632,d022m_r180_run01.csv,0,22,180,dw00;dw01;dw02;dw03;dw04;dw05;dw06;dw07;dw08,dw00;dw01;dw02;dw03;dw04;dw05;dw06;dw07;dw08,dw08,35,1,2026-08-27T12:51:09.673+0200,dw01,1729,152,2172,-129,1833,1164,2.65,42358
ground-height-0m-20260825-163632,d022m_r180_run01.csv,0,22,180,dw00;dw01;dw02;dw03;dw04;dw05;dw06;dw07;dw08,dw00;dw01;dw02;dw03;dw04;dw05;dw06;dw07;dw08,dw08,35,1,2026-08-27T12:51:09.872+0200,dw01,1729,153,2172,155,838,2004,2.65,42266
ground-height-0m-20260825-163632,d022m_r180_run01.csv,0,22,180,dw00;dw01;dw02;dw03;dw04;dw05;dw06;dw07;dw08,dw00;dw01;dw02;dw03;dw04;dw05;dw06;dw07;dw08,dw08,35,1,2026-08-27T12:51:10.072+0200,dw01,1729,154,2174,162,931,1964,2.71,42266
ground-height-0m-20260825-163632,d022m_r180_run01.csv,0,22,180,dw00;dw01;dw02;dw03;dw04;dw05;dw06;dw07;dw08,dw00;dw01;dw02;dw03;dw04;dw05;dw06;dw07;dw08,dw08,35,1,2026-08-27T12:51:10.272+0200,dw01,1729,155,2172,-150,1563,1507,2.77,42358
ground-height-0m-20260825-163632,d022m_r180_run01.csv,0,22,180,dw00;dw01;dw02;dw03;dw04;dw05;dw06;dw07;dw08,dw00;dw01;dw02;dw03;dw04;dw05;dw06;dw07;dw08,dw08,35,1,2026-08-27T12:51:10.473+0200,dw01,1729,156,2176,179,1153,1845,2.65,42327
ground-height-0m-20260825-163632,d022m_r180_run01.csv,0,22,180,dw00;dw01;dw02;dw03;dw04;dw05;dw06;dw07;dw08,dw00;dw01;dw02;dw03;dw04;dw05;dw06;dw07;dw08,dw08,35,1,2026-08-27T12:51:10.672+0200,dw01,1729,157,2176,133,546,2106,2.77,42297
ground-height-0m-20260825-163632,d022m_r180_run01.csv,0,22,180,dw00;dw01;dw02;dw03;dw04;dw05;dw06;dw07;dw08,dw00;dw01;dw02;dw03;dw04;dw05;dw06;dw07;dw08,dw08,35,1,2026-08-27T12:51:10.873+0200,dw01,1729,158,2168,159,885,1979,2.77,42297
ground-height-0m-20260825-163632,d022m_r180_run01.csv,0,22,180,dw00;dw01;dw02;dw03;dw04;dw05;dw06;dw07;dw08,dw00;dw01;dw02;dw03;dw04;dw05;dw06;dw07;dw08,dw08,35,1,2026-08-27T12:51:11.073+0200,dw01,1729,159,2171,-135,1760,1272,2.53,42327
ground-height-0m-20260825-163632,d022m_r180_run01.csv,0,22,180,dw00;dw01;dw02;dw03;dw04;dw05;dw06;dw07;dw08,dw00;dw01;dw02;dw03;dw04;dw05;dw06;dw07;dw08,dw08,35,1,2026-08-27T12:51:11.273+0200,dw01,1729,160,2176,153,815,2018,2.83,42266
ground-height-0m-20260825-163632,d022m_r180_run01.csv,0,22,180,dw00;dw01;dw02;dw03;dw04;dw05;dw06;dw07;dw08,dw00;dw01;dw02;dw03;dw04;dw05;dw06;dw07;dw08,dw08,35,1,2026-08-27T12:51:11.472+0200,dw01,1729,161,2176,-152,1537,1540,2.59,42297
ground-height-0m-20260825-163632,d022m_r180_run01.csv,0,22,180,dw00;dw01;dw02;dw03;dw04;dw05;dw06;dw07;dw08,dw00;dw01;dw02;dw03;dw04;dw05;dw06;dw07;dw08,dw08,35,1,2026-08-27T12:51:11.672+0200,dw01,1729,162,2175,-128,1859,1127,2.65,42297
ground-height-0m-20260825-163632,d022m_r180_run01.csv,0,22,180,dw00;dw01;dw02;dw03;dw04;dw05;dw06;dw07;dw08,dw00;dw01;dw02;dw03;dw04;dw05;dw06;dw07;dw08,dw08,35,1,2026-08-27T12:51:11.873+0200,dw01,1729,163,2173,146,722,2050,2.71,42327
ground-height-0m-20260825-163632,d022m_r180_run01.csv,0,22,180,dw00;dw01;dw02;dw03;dw04;dw05;dw06;dw07;dw08,dw00;dw01;dw02;dw03;dw04;dw05;dw06;dw07;dw08,dw08,35,1,2026-08-27T12:51:12.073+0200,dw01,1729,164,2171,-145,1630,1434,2.71,42266
ground-height-0m-20260825-163632,d022m_r180_run01.csv,0,22,180,dw00;dw01;dw02;dw03;dw04;dw05;dw06;dw07;dw08,dw00;dw01;dw02;dw03;dw04;dw05;dw06;dw07;dw08,dw08,35,1,2026-08-27T12:51:12.272+0200,dw01,1729,165,2170,117,327,2145,2.59,42297
ground-height-0m-20260825-163632,d022m_r180_run01.csv,0,22,180,dw00;dw01;dw02;dw03;dw04;dw05;dw06;dw07;dw08,dw00;dw01;dw02;dw03;dw04;dw05;dw06;dw07;dw08,dw08,35,1,2026-08-27T12:51:12.672+0200,dw01,1729,167,2178,137,591,2096,2.71,42327
ground-height-0m-20260825-163632,d022m_r180_run01.csv,0,22,180,dw00;dw01;dw02;dw03;dw04;dw05;dw06;dw07;dw08,dw00;dw01;dw02;dw03;dw04;dw05;dw06;dw07;dw08,dw08,35,1,2026-08-27T12:51:12.872+0200,dw01,1729,168,2173,-134,1772,1258,2.53,42297
ground-height-0m-20260825-163632,d022m_r180_run01.csv,0,22,180,dw00;dw01;dw02;dw03;dw04;dw05;dw06;dw07;dw08,dw00;dw01;dw02;dw03;dw04;dw05;dw06;dw07;dw08,dw08,35,1,2026-08-27T12:51:13.072+0200,dw01,1729,169,2177,138,614,2088,2.71,42297
ground-height-0m-20260825-163632,d022m_r180_run01.csv,0,22,180,dw00;dw01;dw02;dw03;dw04;dw05;dw06;dw07;dw08,dw00;dw01;dw02;dw03;dw04;dw05;dw06;dw07;dw08,dw08,35,1,2026-08-27T12:51:13.272+0200,dw01,1729,170,2176,147,724,2052,2.71,42266
ground-height-0m-20260825-163632,d022m_r180_run01.csv,0,22,180,dw00;dw01;dw02;dw03;dw04;dw05;dw06;dw07;dw08,dw00;dw01;dw02;dw03;dw04;dw05;dw06;dw07;dw08,dw08,35,1,2026-08-27T12:51:13.472+0200,dw01,1729,171,2170,139,617,2081,2.65,42327
ground-height-0m-20260825-163632,d022m_r180_run01.csv,0,22,180,dw00;dw01;dw02;dw03;dw04;dw05;dw06;dw07;dw08,dw00;dw01;dw02;dw03;dw04;dw05;dw06;dw07;dw08,dw08,35,1,2026-08-27T12:51:13.871+0200,dw01,1729,173,2173,146,714,2052,2.71,42297
ground-height-0m-20260825-163632,d022m_r180_run01.csv,0,22,180,dw00;dw01;dw02;dw03;dw04;dw05;dw06;dw07;dw08,dw00;dw01;dw02;dw03;dw04;dw05;dw06;dw07;dw08,dw08,35,1,2026-08-27T12:51:14.072+0200,dw01,1729,174,2173,152,794,2022,2.59,42266
ground-height-0m-20260825-163632,d022m_r180_run01.csv,0,22,180,dw00;dw01;dw02;dw03;dw04;dw05;dw06;dw07;dw08,dw00;dw01;dw02;dw03;dw04;dw05;dw06;dw07;dw08,dw08,35,1,2026-08-27T12:51:14.272+0200,dw01,1729,175,2173,136,585,2092,2.59,42266
ground-height-0m-20260825-163632,d022m_r180_run01.csv,0,22,180,dw00;dw01;dw02;dw03;dw04;dw05;dw06;dw07;dw08,dw00;dw01;dw02;dw03;dw04;dw05;dw06;dw07;dw08,dw08,35,1,2026-08-27T12:51:14.472+0200,dw01,1729,176,2173,134,560,2099,2.71,42297
ground-height-0m-20260825-163632,d022m_r180_run01.csv,0,22,180,dw00;dw01;dw02;dw03;dw04;dw05;dw06;dw07;dw08,dw00;dw01;dw02;dw03;dw04;dw05;dw06;dw07;dw08,dw08,35,1,2026-08-27T12:51:14.671+0200,dw01,1729,177,2179,123,411,2140,2.65,42266
ground-height-0m-20260825-163632,d022m_r180_run01.csv,0,22,180,dw00;dw01;dw02;dw03;dw04;dw05;dw06;dw07;dw08,dw00;dw01;dw02;dw03;dw04;dw05;dw06;dw07;dw08,dw08,35,1,2026-08-27T12:51:14.871+0200,dw01,1729,178,2172,-141,1676,1381,2.65,42266
ground-height-0m-20260825-163632,d022m_r180_run01.csv,0,22,180,dw00;dw01;dw02;dw03;dw04;dw05;dw06;dw07;dw08,dw00;dw01;dw02;dw03;dw04;dw05;dw06;dw07;dw08,dw08,35,1,2026-08-27T12:51:15.290+0200,dw01,1729,180,2175,121,381,2141,2.65,60882
ground-height-0m-20260825-163632,d022m_r180_run01.csv,0,22,180,dw00;dw01;dw02;dw03;dw04;dw05;dw06;dw07;dw08,dw00;dw01;dw02;dw03;dw04;dw05;dw06;dw07;dw08,dw08,35,1,2026-08-27T12:51:15.871+0200,dw01,1729,183,2171,156,851,1998,2.71,42266
ground-height-0m-20260825-163632,d022m_r180_run01.csv,0,22,180,dw00;dw01;dw02;dw03;dw04;dw05;dw06;dw07;dw08,dw00;dw01;dw02;dw03;dw04;dw05;dw06;dw07;dw08,dw08,35,1,2026-08-27T12:51:16.071+0200,dw01,1729,184,2176,140,630,2082,2.53,42297
ground-height-0m-20260825-163632,d022m_r180_run01.csv,0,22,180,dw00;dw01;dw02;dw03;dw04;dw05;dw06;dw07;dw08,dw00;dw01;dw02;dw03;dw04;dw05;dw06;dw07;dw08,dw08,35,1,2026-08-27T12:51:16.271+0200,dw01,1729,185,2176,131,513,2115,2.50,42297
ground-height-0m-20260825-163632,d022m_r180_run01.csv,0,22,180,dw00;dw01;dw02;dw03;dw04;dw05;dw06;dw07;dw08,dw00;dw01;dw02;dw03;dw04;dw05;dw06;dw07;dw08,dw08,35,1,2026-08-27T12:51:16.471+0200,dw01,1729,186,2176,113,274,2158,2.65,42266
ground-height-0m-20260825-163632,d022m_r180_run01.csv,0,22,180,dw00;dw01;dw02;dw03;dw04;dw05;dw06;dw07;dw08,dw00;dw01;dw02;dw03;dw04;dw05;dw06;dw07;dw08,dw08,35,1,2026-08-27T12:51:16.671+0200,dw01,1729,187,2173,129,486,2118,2.53,42266
ground-height-0m-20260825-163632,d022m_r180_run01.csv,0,22,180,dw00;dw01;dw02;dw03;dw04;dw05;dw06;dw07;dw08,dw00;dw01;dw02;dw03;dw04;dw05;dw06;dw07;dw08,dw08,35,1,2026-08-27T12:51:16.871+0200,dw01,1729,188,2177,128,470,2126,2.59,42327
ground-height-0m-20260825-163632,d022m_r180_run01.csv,0,22,180,dw00;dw01;dw02;dw03;dw04;dw05;dw06;dw07;dw08,dw00;dw01;dw02;dw03;dw04;dw05;dw06;dw07;dw08,dw08,35,1,2026-08-27T12:51:17.289+0200,dw01,1729,190,2173,65,-360,2143,2.50,60882
ground-height-0m-20260825-163632,d022m_r180_run01.csv,0,22,180,dw00;dw01;dw02;dw03;dw04;dw05;dw06;dw07;dw08,dw00;dw01;dw02;dw03;dw04;dw05;dw06;dw07;dw08,dw08,35,1,2026-08-27T12:51:17.472+0200,dw01,1729,191,2175,-137,1736,1309,2.50,42358
ground-height-0m-20260825-163632,d022m_r180_run01.csv,0,22,180,dw00;dw01;dw02;dw03;dw04;dw05;dw06;dw07;dw08,dw00;dw01;dw02;dw03;dw04;dw05;dw06;dw07;dw08,dw08,35,1,2026-08-27T12:51:17.672+0200,dw01,1729,192,2170,-140,1691,1359,2.50,42327
ground-height-0m-20260825-163632,d022m_r180_run01.csv,0,22,180,dw00;dw01;dw02;dw03;dw04;dw05;dw06;dw07;dw08,dw00;dw01;dw02;dw03;dw04;dw05;dw06;dw07;dw08,dw08,35,1,2026-08-27T12:51:17.871+0200,dw01,1729,193,2174,-146,1618,1452,2.59,42297
ground-height-0m-20260825-163632,d022m_r180_run01.csv,0,22,180,dw00;dw01;dw02;dw03;dw04;dw05;dw06;dw07;dw08,dw00;dw01;dw02;dw03;dw04;dw05;dw06;dw07;dw08,dw08,35,1,2026-08-27T12:51:18.071+0200,dw01,1729,194,2176,-127,1865,1120,2.59,42266
ground-height-0m-20260825-163632,d022m_r180_run01.csv,0,22,180,dw00;dw01;dw02;dw03;dw04;dw05;dw06;dw07;dw08,dw00;dw01;dw02;dw03;dw04;dw05;dw06;dw07;dw08,dw08,35,1,2026-08-27T12:51:18.271+0200,dw01,1729,195,2177,-141,1679,1385,2.50,42327
ground-height-0m-20260825-163632,d022m_r180_run01.csv,0,22,180,dw00;dw01;dw02;dw03;dw04;dw05;dw06;dw07;dw08,dw00;dw01;dw02;dw03;dw04;dw05;dw06;dw07;dw08,dw08,35,1,2026-08-27T12:51:18.472+0200,dw01,1729,196,2175,-145,1622,1449,2.59,42297
ground-height-0m-20260825-163632,d022m_r180_run01.csv,0,22,180,dw00;dw01;dw02;dw03;dw04;dw05;dw06;dw07;dw08,dw00;dw01;dw02;dw03;dw04;dw05;dw06;dw07;dw08,dw08,35,1,2026-08-27T12:51:18.871+0200,dw01,1729,198,2176,136,589,2095,2.50,42266
ground-height-0m-20260825-163632,d022m_r180_run01.csv,0,22,180,dw00;dw01;dw02;dw03;dw04;dw05;dw06;dw07;dw08,dw00;dw01;dw02;dw03;dw04;dw05;dw06;dw07;dw08,dw08,35,1,2026-08-27T12:51:19.071+0200,dw01,1729,199,2177,-149,1576,1502,2.65,42327
ground-height-0m-20260825-163632,d022m_r180_run01.csv,0,22,180,dw00;dw01;dw02;dw03;dw04;dw05;dw06;dw07;dw08,dw00;dw01;dw02;dw03;dw04;dw05;dw06;dw07;dw08,dw08,35,1,2026-08-27T12:51:19.271+0200,dw01,1729,200,2178,119,357,2149,2.50,42297
ground-height-0m-20260825-163632,d022m_r180_run01.csv,0,22,180,dw00;dw01;dw02;dw03;dw04;dw05;dw06;dw07;dw08,dw00;dw01;dw02;dw03;dw04;dw05;dw06;dw07;dw08,dw08,35,1,2026-08-27T12:51:19.470+0200,dw01,1729,201,2176,132,523,2112,2.77,42297
ground-height-0m-20260825-163632,d022m_r180_run01.csv,0,22,180,dw00;dw01;dw02;dw03;dw04;dw05;dw06;dw07;dw08,dw00;dw01;dw02;dw03;dw04;dw05;dw06;dw07;dw08,dw08,35,1,2026-08-27T12:51:19.871+0200,dw01,1729,203,2177,144,694,2064,2.38,42358
ground-height-0m-20260825-163632,d022m_r180_run01.csv,0,22,180,dw00;dw01;dw02;dw03;dw04;dw05;dw06;dw07;dw08,dw00;dw01;dw02;dw03;dw04;dw05;dw06;dw07;dw08,dw08,35,1,2026-08-27T12:51:20.071+0200,dw01,1729,204,2169,-141,1671,1383,2.59,42327
ground-height-0m-20260825-163632,d022m_r180_run01.csv,0,22,180,dw00;dw01;dw02;dw03;dw04;dw05;dw06;dw07;dw08,dw00;dw01;dw02;dw03;dw04;dw05;dw06;dw07;dw08,dw08,35,1,2026-08-27T12:51:20.270+0200,dw01,1729,205,2180,-135,1764,1281,2.59,42297
ground-height-0m-20260825-163632,d022m_r180_run01.csv,0,22,180,dw00;dw01;dw02;dw03;dw04;dw05;dw06;dw07;dw08,dw00;dw01;dw02;dw03;dw04;dw05;dw06;dw07;dw08,dw08,35,1,2026-08-27T12:51:20.470+0200,dw01,1729,206,2179,130,505,2119,2.71,42327
ground-height-0m-20260825-163632,d022m_r180_run01.csv,0,22,180,dw00;dw01;dw02;dw03;dw04;dw05;dw06;dw07;dw08,dw00;dw01;dw02;dw03;dw04;dw05;dw06;dw07;dw08,dw08,35,1,2026-08-27T12:51:20.671+0200,dw01,1729,207,2173,-142,1672,1387,2.50,42236
ground-height-0m-20260825-163632,d022m_r180_run01.csv,0,22,180,dw00;dw01;dw02;dw03;dw04;dw05;dw06;dw07;dw08,dw00;dw01;dw02;dw03;dw04;dw05;dw06;dw07;dw08,dw08,35,1,2026-08-27T12:51:20.871+0200,dw01,1729,208,2174,144,694,2060,2.53,42297
ground-height-0m-20260825-163632,d022m_r180_run01.csv,0,22,180,dw00;dw01;dw02;dw03;dw04;dw05;dw06;dw07;dw08,dw00;dw01;dw02;dw03;dw04;dw05;dw06;dw07;dw08,dw08,35,1,2026-08-27T12:51:21.070+0200,dw01,1729,209,2169,128,481,2115,2.50,42297
ground-height-0m-20260825-163632,d022m_r180_run01.csv,0,22,180,dw00;dw01;dw02;dw03;dw04;dw05;dw06;dw07;dw08,dw00;dw01;dw02;dw03;dw04;dw05;dw06;dw07;dw08,dw08,35,1,2026-08-27T12:51:21.270+0200,dw01,1729,210,2177,-140,1692,1369,2.50,42327
ground-height-0m-20260825-163632,d022m_r180_run01.csv,0,22,180,dw00;dw01;dw02;dw03;dw04;dw05;dw06;dw07;dw08,dw00;dw01;dw02;dw03;dw04;dw05;dw06;dw07;dw08,dw08,35,1,2026-08-27T12:51:21.470+0200,dw01,1729,211,2176,-124,1903,1055,2.53,42327
ground-height-0m-20260825-163632,d022m_r180_run01.csv,0,22,180,dw00;dw01;dw02;dw03;dw04;dw05;dw06;dw07;dw08,dw00;dw01;dw02;dw03;dw04;dw05;dw06;dw07;dw08,dw08,35,1,2026-08-27T12:51:21.670+0200,dw01,1729,212,2174,132,531,2108,2.53,42297
ground-height-0m-20260825-163632,d022m_r180_run01.csv,0,22,180,dw00;dw01;dw02;dw03;dw04;dw05;dw06;dw07;dw08,dw00;dw01;dw02;dw03;dw04;dw05;dw06;dw07;dw08,dw08,35,1,2026-08-27T12:51:21.870+0200,dw01,1729,213,2174,132,534,2108,2.53,42297
ground-height-0m-20260825-163632,d022m_r180_run01.csv,0,22,180,dw00;dw01;dw02;dw03;dw04;dw05;dw06;dw07;dw08,dw00;dw01;dw02;dw03;dw04;dw05;dw06;dw07;dw08,dw08,35,1,2026-08-27T12:51:22.070+0200,dw01,1729,214,2178,71,-285,2159,2.53,42266
ground-height-0m-20260825-163632,d022m_r180_run01.csv,0,22,180,dw00;dw01;dw02;dw03;dw04;dw05;dw06;dw07;dw08,dw00;dw01;dw02;dw03;dw04;dw05;dw06;dw07;dw08,dw08,35,1,2026-08-27T12:51:22.470+0200,dw01,1729,216,2171,-146,1610,1457,2.59,42266
ground-height-0m-20260825-163632,d022m_r180_run01.csv,0,22,180,dw00;dw01;dw02;dw03;dw04;dw05;dw06;dw07;dw08,dw00;dw01;dw02;dw03;dw04;dw05;dw06;dw07;dw08,dw08,35,1,2026-08-27T12:51:23.070+0200,dw01,1729,219,2167,-151,1539,1526,2.59,42327
ground-height-0m-20260825-163632,d022m_r180_run01.csv,0,22,180,dw00;dw01;dw02;dw03;dw04;dw05;dw06;dw07;dw08,dw00;dw01;dw02;dw03;dw04;dw05;dw06;dw07;dw08,dw08,165,1,2026-08-27T12:51:23.157+0200,dw08,028E,134,2158,-45,-1846,1118,3.01,2147483
ground-height-0m-20260825-163632,d022m_r180_run01.csv,0,22,180,dw00;dw01;dw02;dw03;dw04;dw05;dw06;dw07;dw08,dw00;dw01;dw02;dw03;dw04;dw05;dw06;dw07;dw08,dw08,35,1,2026-08-27T12:51:23.685+0200,dw01,1729,222,2174,60,-438,2130,2.77,2147483
ground-height-0m-20260825-163632,d022m_r180_run01.csv,0,22,180,dw00;dw01;dw02;dw03;dw04;dw05;dw06;dw07;dw08,dw00;dw01;dw02;dw03;dw04;dw05;dw06;dw07;dw08,dw08,165,1,2026-08-27T12:51:23.806+0200,dw08,028E,137,2162,-54,-1961,911,2.95,79223
ground-height-0m-20260825-163632,d022m_r180_run01.csv,0,22,180,dw00;dw01;dw02;dw03;dw04;dw05;dw06;dw07;dw08,dw00;dw01;dw02;dw03;dw04;dw05;dw06;dw07;dw08,dw08,165,1,2026-08-27T12:51:24.049+0200,dw08,028E,138,2161,-47,-1865,1090,2.77,22308
ground-height-0m-20260825-163632,d022m_r180_run01.csv,0,22,180,dw00;dw01;dw02;dw03;dw04;dw05;dw06;dw07;dw08,dw00;dw01;dw02;dw03;dw04;dw05;dw06;dw07;dw08,dw08,165,1,2026-08-27T12:51:24.250+0200,dw08,028E,139,2162,-47,-1865,1093,2.83,22277
ground-height-0m-20260825-163632,d022m_r180_run01.csv,0,22,180,dw00;dw01;dw02;dw03;dw04;dw05;dw06;dw07;dw08,dw00;dw01;dw02;dw03;dw04;dw05;dw06;dw07;dw08,dw08,35,1,2026-08-27T12:51:24.389+0200,dw01,1729,225,2175,-171,1278,1760,2.59,61004
ground-height-0m-20260825-163632,d022m_r180_run01.csv,0,22,180,dw00;dw01;dw02;dw03;dw04;dw05;dw06;dw07;dw08,dw00;dw01;dw02;dw03;dw04;dw05;dw06;dw07;dw08,dw08,165,1,2026-08-27T12:51:24.450+0200,dw08,028E,140,2158,-48,-1881,1058,2.95,22277
ground-height-0m-20260825-163632,d022m_r180_run01.csv,0,22,180,dw00;dw01;dw02;dw03;dw04;dw05;dw06;dw07;dw08,dw00;dw01;dw02;dw03;dw04;dw05;dw06;dw07;dw08,dw08,35,1,2026-08-27T12:51:24.571+0200,dw01,1729,226,2176,-158,1450,1621,2.53,42266
ground-height-0m-20260825-163632,d022m_r180_run01.csv,0,22,180,dw00;dw01;dw02;dw03;dw04;dw05;dw06;dw07;dw08,dw00;dw01;dw02;dw03;dw04;dw05;dw06;dw07;dw08,dw08,165,1,2026-08-27T12:51:24.650+0200,dw08,028E,141,2160,-55,-1978,866,2.83,22277
ground-height-0m-20260825-163632,d022m_r180_run01.csv,0,22,180,dw00;dw01;dw02;dw03;dw04;dw05;dw06;dw07;dw08,dw00;dw01;dw02;dw03;dw04;dw05;dw06;dw07;dw08,dw08,165,1,2026-08-27T12:51:24.850+0200,dw08,028E,142,2161,-35,-1713,1317,2.83,22277
ground-height-0m-20260825-163632,d022m_r180_run01.csv,0,22,180,dw00;dw01;dw02;dw03;dw04;dw05;dw06;dw07;dw08,dw00;dw01;dw02;dw03;dw04;dw05;dw06;dw07;dw08,dw08,165,1,2026-08-27T12:51:25.050+0200,dw08,028E,143,2158,-47,-1863,1089,2.83,22308
ground-height-0m-20260825-163632,d022m_r180_run01.csv,0,22,180,dw00;dw01;dw02;dw03;dw04;dw05;dw06;dw07;dw08,dw00;dw01;dw02;dw03;dw04;dw05;dw06;dw07;dw08,dw08,165,1,2026-08-27T12:51:25.250+0200,dw08,028E,144,2160,-49,-1899,1029,2.77,22277
ground-height-0m-20260825-163632,d022m_r180_run01.csv,0,22,180,dw00;dw01;dw02;dw03;dw04;dw05;dw06;dw07;dw08,dw00;dw01;dw02;dw03;dw04;dw05;dw06;dw07;dw08,dw08,165,1,2026-08-27T12:51:25.449+0200,dw08,028E,145,2159,-46,-1850,1113,2.89,22277
ground-height-0m-20260825-163632,d022m_r180_run01.csv,0,22,180,dw00;dw01;dw02;dw03;dw04;dw05;dw06;dw07;dw08,dw00;dw01;dw02;dw03;dw04;dw05;dw06;dw07;dw08,dw08,165,1,2026-08-27T12:51:25.650+0200,dw08,028E,146,2160,-46,-1850,1115,2.77,22277
ground-height-0m-20260825-163632,d022m_r180_run01.csv,0,22,180,dw00;dw01;dw02;dw03;dw04;dw05;dw06;dw07;dw08,dw00;dw01;dw02;dw03;dw04;dw05;dw06;dw07;dw08,dw08,165,1,2026-08-27T12:51:25.850+0200,dw08,028E,147,2159,-48,-1878,1064,2.83,22277
ground-height-0m-20260825-163632,d022m_r180_run01.csv,0,22,180,dw00;dw01;dw02;dw03;dw04;dw05;dw06;dw07;dw08,dw00;dw01;dw02;dw03;dw04;dw05;dw06;dw07;dw08,dw08,165,1,2026-08-27T12:51:26.050+0200,dw08,028E,148,2160,-38,-1755,1259,2.95,2147483
ground-height-0m-20260825-163632,d022m_r180_run01.csv,0,22,180,dw00;dw01;dw02;dw03;dw04;dw05;dw06;dw07;dw08,dw00;dw01;dw02;dw03;dw04;dw05;dw06;dw07;dw08,dw08,165,1,2026-08-27T12:51:26.268+0200,dw08,028E,149,2159,-49,-1898,1029,2.71,40710
ground-height-0m-20260825-163632,d022m_r180_run01.csv,0,22,180,dw00;dw01;dw02;dw03;dw04;dw05;dw06;dw07;dw08,dw00;dw01;dw02;dw03;dw04;dw05;dw06;dw07;dw08,dw08,165,1,2026-08-27T12:51:26.449+0200,dw08,028E,150,2160,-50,-1911,1007,2.77,22277
ground-height-0m-20260825-163632,d022m_r180_run01.csv,0,22,180,dw00;dw01;dw02;dw03;dw04;dw05;dw06;dw07;dw08,dw00;dw01;dw02;dw03;dw04;dw05;dw06;dw07;dw08,dw08,165,1,2026-08-27T12:51:26.649+0200,dw08,028E,151,2162,-52,-1932,968,2.83,22277
ground-height-0m-20260825-163632,d022m_r180_run01.csv,0,22,180,dw00;dw01;dw02;dw03;dw04;dw05;dw06;dw07;dw08,dw00;dw01;dw02;dw03;dw04;dw05;dw06;dw07;dw08,dw08,165,1,2026-08-27T12:51:26.850+0200,dw08,028E,152,2160,-49,-1899,1028,2.83,22308
ground-height-0m-20260825-163632,d022m_r180_run01.csv,0,22,180,dw00;dw01;dw02;dw03;dw04;dw05;dw06;dw07;dw08,dw00;dw01;dw02;dw03;dw04;dw05;dw06;dw07;dw08,dw08,165,1,2026-08-27T12:51:27.049+0200,dw08,028E,153,2156,-36,-1716,1305,2.77,22247
ground-height-0m-20260825-163632,d022m_r180_run01.csv,0,22,180,dw00;dw01;dw02;dw03;dw04;dw05;dw06;dw07;dw08,dw00;dw01;dw02;dw03;dw04;dw05;dw06;dw07;dw08,dw08,165,1,2026-08-27T12:51:27.249+0200,dw08,028E,154,2160,-40,-1769,1239,2.77,22308
ground-height-0m-20260825-163632,d022m_r180_run01.csv,0,22,180,dw00;dw01;dw02;dw03;dw04;dw05;dw06;dw07;dw08,dw00;dw01;dw02;dw03;dw04;dw05;dw06;dw07;dw08,dw08,165,1,2026-08-27T12:51:27.449+0200,dw08,028E,155,2163,-44,-1828,1157,2.77,2147483
ground-height-0m-20260825-163632,d022m_r180_run01.csv,0,22,180,dw00;dw01;dw02;dw03;dw04;dw05;dw06;dw07;dw08,dw00;dw01;dw02;dw03;dw04;dw05;dw06;dw07;dw08,dw08,165,1,2026-08-27T12:51:27.668+0200,dw08,028E,156,2162,-43,-1814,1175,2.71,40710
ground-height-0m-20260825-163632,d022m_r180_run01.csv,0,22,180,dw00;dw01;dw02;dw03;dw04;dw05;dw06;dw07;dw08,dw00;dw01;dw02;dw03;dw04;dw05;dw06;dw07;dw08,dw08,165,1,2026-08-27T12:51:27.850+0200,dw08,028E,157,2161,-49,-1900,1029,2.77,22308
ground-height-0m-20260825-163632,d022m_r180_run01.csv,0,22,180,dw00;dw01;dw02;dw03;dw04;dw05;dw06;dw07;dw08,dw00;dw01;dw02;dw03;dw04;dw05;dw06;dw07;dw08,dw08,165,1,2026-08-27T12:51:28.049+0200,dw08,028E,158,2160,-50,-1912,1003,2.83,22277
ground-height-0m-20260825-163632,d022m_r180_run01.csv,0,22,180,dw00;dw01;dw02;dw03;dw04;dw05;dw06;dw07;dw08,dw00;dw01;dw02;dw03;dw04;dw05;dw06;dw07;dw08,dw08,165,1,2026-08-27T12:51:28.249+0200,dw08,028E,159,2161,-50,-1905,1019,2.77,22277
ground-height-0m-20260825-163632,d022m_r180_run01.csv,0,22,180,dw00;dw01;dw02;dw03;dw04;dw05;dw06;dw07;dw08,dw00;dw01;dw02;dw03;dw04;dw05;dw06;dw07;dw08,dw08,165,1,2026-08-27T12:51:28.449+0200,dw08,028E,160,2161,-44,-1831,1147,2.65,22308
ground-height-0m-20260825-163632,d022m_r180_run01.csv,0,22,180,dw00;dw01;dw02;dw03;dw04;dw05;dw06;dw07;dw08,dw00;dw01;dw02;dw03;dw04;dw05;dw06;dw07;dw08,dw08,165,1,2026-08-27T12:51:28.648+0200,dw08,028E,161,2162,-49,-1901,1029,2.71,22277
ground-height-0m-20260825-163632,d022m_r180_run01.csv,0,22,180,dw00;dw01;dw02;dw03;dw04;dw05;dw06;dw07;dw08,dw00;dw01;dw02;dw03;dw04;dw05;dw06;dw07;dw08,dw08,165,1,2026-08-27T12:51:28.848+0200,dw08,028E,162,2160,-45,-1838,1134,2.89,2147483
ground-height-0m-20260825-163632,d022m_r180_run01.csv,0,22,180,dw00;dw01;dw02;dw03;dw04;dw05;dw06;dw07;dw08,dw00;dw01;dw02;dw03;dw04;dw05;dw06;dw07;dw08,dw08,165,1,2026-08-27T12:51:29.067+0200,dw08,028E,163,2160,-54,-1966,893,2.83,40679
ground-height-0m-20260825-163632,d022m_r180_run01.csv,0,22,180,dw00;dw01;dw02;dw03;dw04;dw05;dw06;dw07;dw08,dw00;dw01;dw02;dw03;dw04;dw05;dw06;dw07;dw08,dw08,165,1,2026-08-27T12:51:29.249+0200,dw08,028E,164,2159,-38,-1748,1266,2.71,22308
ground-height-0m-20260825-163632,d022m_r180_run01.csv,0,22,180,dw00;dw01;dw02;dw03;dw04;dw05;dw06;dw07;dw08,dw00;dw01;dw02;dw03;dw04;dw05;dw06;dw07;dw08,dw08,165,1,2026-08-27T12:51:29.448+0200,dw08,028E,165,2162,-42,-1798,1201,2.83,22277
ground-height-0m-20260825-163632,d022m_r180_run01.csv,0,22,180,dw00;dw01;dw02;dw03;dw04;dw05;dw06;dw07;dw08,dw00;dw01;dw02;dw03;dw04;dw05;dw06;dw07;dw08,dw08,165,1,2026-08-27T12:51:29.648+0200,dw08,028E,166,2164,-48,-1884,1065,2.65,22277
ground-height-0m-20260825-163632,d022m_r180_run01.csv,0,22,180,dw00;dw01;dw02;dw03;dw04;dw05;dw06;dw07;dw08,dw00;dw01;dw02;dw03;dw04;dw05;dw06;dw07;dw08,dw08,165,1,2026-08-27T12:51:29.848+0200,dw08,028E,167,2162,-48,-1880,1068,2.71,22277
ground-height-0m-20260825-163632,d022m_r180_run01.csv,0,22,180,dw00;dw01;dw02;dw03;dw04;dw05;dw06;dw07;dw08,dw00;dw01;dw02;dw03;dw04;dw05;dw06;dw07;dw08,dw08,165,1,2026-08-27T12:51:30.049+0200,dw08,028E,168,2158,-49,-1895,1032,2.71,22277
ground-height-0m-20260825-163632,d022m_r180_run01.csv,0,22,180,dw00;dw01;dw02;dw03;dw04;dw05;dw06;dw07;dw08,dw00;dw01;dw02;dw03;dw04;dw05;dw06;dw07;dw08,dw08,165,1,2026-08-27T12:51:30.248+0200,dw08,028E,169,2159,-43,-1811,1175,2.77,22277
ground-height-0m-20260825-163632,d022m_r180_run01.csv,0,22,180,dw00;dw01;dw02;dw03;dw04;dw05;dw06;dw07;dw08,dw00;dw01;dw02;dw03;dw04;dw05;dw06;dw07;dw08,dw08,165,1,2026-08-27T12:51:30.448+0200,dw08,028E,170,2160,-48,-1879,1065,2.65,2147483
ground-height-0m-20260825-163632,d022m_r180_run01.csv,0,22,180,dw00;dw01;dw02;dw03;dw04;dw05;dw06;dw07;dw08,dw00;dw01;dw02;dw03;dw04;dw05;dw06;dw07;dw08,dw08,165,1,2026-08-27T12:51:30.667+0200,dw08,028E,171,2161,-45,-1836,1139,2.71,40710
ground-height-0m-20260825-163632,d022m_r180_run01.csv,0,22,180,dw00;dw01;dw02;dw03;dw04;dw05;dw06;dw07;dw08,dw00;dw01;dw02;dw03;dw04;dw05;dw06;dw07;dw08,dw08,165,1,2026-08-27T12:51:30.848+0200,dw08,028E,172,2161,-39,-1756,1259,2.77,22338
ground-height-0m-20260825-163632,d022m_r180_run01.csv,0,22,180,dw00;dw01;dw02;dw03;dw04;dw05;dw06;dw07;dw08,dw00;dw01;dw02;dw03;dw04;dw05;dw06;dw07;dw08,dw08,165,1,2026-08-27T12:51:31.048+0200,dw08,028E,173,2160,-47,-1872,1076,2.83,22277
ground-height-0m-20260825-163632,d022m_r180_run01.csv,0,22,180,dw00;dw01;dw02;dw03;dw04;dw05;dw06;dw07;dw08,dw00;dw01;dw02;dw03;dw04;dw05;dw06;dw07;dw08,dw08,165,1,2026-08-27T12:51:31.249+0200,dw08,028E,174,2162,-44,-1832,1147,2.71,22277
ground-height-0m-20260825-163632,d022m_r180_run01.csv,0,22,180,dw00;dw01;dw02;dw03;dw04;dw05;dw06;dw07;dw08,dw00;dw01;dw02;dw03;dw04;dw05;dw06;dw07;dw08,dw08,165,1,2026-08-27T12:51:31.449+0200,dw08,028E,175,2160,-41,-1784,1217,2.59,22277
ground-height-0m-20260825-163632,d022m_r180_run01.csv,0,22,180,dw00;dw01;dw02;dw03;dw04;dw05;dw06;dw07;dw08,dw00;dw01;dw02;dw03;dw04;dw05;dw06;dw07;dw08,dw08,165,1,2026-08-27T12:51:31.649+0200,dw08,028E,176,2161,-48,-1882,1062,2.71,22277
ground-height-0m-20260825-163632,d022m_r180_run01.csv,0,22,180,dw00;dw01;dw02;dw03;dw04;dw05;dw06;dw07;dw08,dw00;dw01;dw02;dw03;dw04;dw05;dw06;dw07;dw08,dw08,165,1,2026-08-27T12:51:31.848+0200,dw08,028E,177,2160,-44,-1830,1146,2.83,22277
ground-height-0m-20260825-163632,d022m_r180_run01.csv,0,22,180,dw00;dw01;dw02;dw03;dw04;dw05;dw06;dw07;dw08,dw00;dw01;dw02;dw03;dw04;dw05;dw06;dw07;dw08,dw08,165,1,2026-08-27T12:51:32.048+0200,dw08,028E,178,2158,-48,-1886,1048,2.71,22277
ground-height-0m-20260825-163632,d022m_r180_run01.csv,0,22,180,dw00;dw01;dw02;dw03;dw04;dw05;dw06;dw07;dw08,dw00;dw01;dw02;dw03;dw04;dw05;dw06;dw07;dw08,dw08,165,1,2026-08-27T12:51:32.248+0200,dw08,028E,179,2159,-38,-1749,1265,2.83,22277
ground-height-0m-20260825-163632,d022m_r180_run01.csv,0,22,180,dw00;dw01;dw02;dw03;dw04;dw05;dw06;dw07;dw08,dw00;dw01;dw02;dw03;dw04;dw05;dw06;dw07;dw08,dw08,165,1,2026-08-27T12:51:32.449+0200,dw08,028E,180,2159,-41,-1785,1213,2.71,22277
ground-height-0m-20260825-163632,d022m_r180_run01.csv,0,22,180,dw00;dw01;dw02;dw03;dw04;dw05;dw06;dw07;dw08,dw00;dw01;dw02;dw03;dw04;dw05;dw06;dw07;dw08,dw08,165,1,2026-08-27T12:51:32.648+0200,dw08,028E,181,2157,-54,-1961,898,2.77,22277
ground-height-0m-20260825-163632,d022m_r180_run01.csv,0,22,180,dw00;dw01;dw02;dw03;dw04;dw05;dw06;dw07;dw08,dw00;dw01;dw02;dw03;dw04;dw05;dw06;dw07;dw08,dw08,165,1,2026-08-27T12:51:32.848+0200,dw08,028E,182,2159,-44,-1827,1150,2.59,22308
ground-height-0m-20260825-163632,d022m_r180_run01.csv,0,22,180,dw00;dw01;dw02;dw03;dw04;dw05;dw06;dw07;dw08,dw00;dw01;dw02;dw03;dw04;dw05;dw06;dw07;dw08,dw08,165,1,2026-08-27T12:51:33.048+0200,dw08,028E,183,2160,-49,-1893,1040,2.71,2147483
ground-height-0m-20260825-163632,d022m_r180_run01.csv,0,22,180,dw00;dw01;dw02;dw03;dw04;dw05;dw06;dw07;dw08,dw00;dw01;dw02;dw03;dw04;dw05;dw06;dw07;dw08,dw08,165,1,2026-08-27T12:51:33.267+0200,dw08,028E,184,2157,-38,-1749,1261,2.77,40710
ground-height-0m-20260825-163632,d022m_r180_run01.csv,0,22,180,dw00;dw01;dw02;dw03;dw04;dw05;dw06;dw07;dw08,dw00;dw01;dw02;dw03;dw04;dw05;dw06;dw07;dw08,dw08,165,1,2026-08-27T12:51:33.448+0200,dw08,028E,185,2160,-41,-1786,1214,2.77,22308
ground-height-0m-20260825-163632,d022m_r180_run01.csv,0,22,180,dw00;dw01;dw02;dw03;dw04;dw05;dw06;dw07;dw08,dw00;dw01;dw02;dw03;dw04;dw05;dw06;dw07;dw08,dw08,165,1,2026-08-27T12:51:33.648+0200,dw08,028E,186,2163,-47,-1864,1096,2.65,22277
ground-height-0m-20260825-163632,d022m_r180_run01.csv,0,22,180,dw00;dw01;dw02;dw03;dw04;dw05;dw06;dw07;dw08,dw00;dw01;dw02;dw03;dw04;dw05;dw06;dw07;dw08,dw08,165,1,2026-08-27T12:51:33.848+0200,dw08,028E,187,2162,-44,-1824,1161,2.65,22277
ground-height-0m-20260825-163632,d022m_r180_run01.csv,0,22,180,dw00;dw01;dw02;dw03;dw04;dw05;dw06;dw07;dw08,dw00;dw01;dw02;dw03;dw04;dw05;dw06;dw07;dw08,dw08,165,1,2026-08-27T12:51:34.048+0200,dw08,028E,188,2160,-35,-1712,1316,2.65,22277
ground-height-0m-20260825-163632,d022m_r180_run01.csv,0,22,180,dw00;dw01;dw02;dw03;dw04;dw05;dw06;dw07;dw08,dw00;dw01;dw02;dw03;dw04;dw05;dw06;dw07;dw08,dw08,165,1,2026-08-27T12:51:34.247+0200,dw08,028E,189,2164,-53,-1957,923,2.65,22277
ground-height-0m-20260825-163632,d022m_r180_run01.csv,0,22,180,dw00;dw01;dw02;dw03;dw04;dw05;dw06;dw07;dw08,dw00;dw01;dw02;dw03;dw04;dw05;dw06;dw07;dw08,dw08,165,1,2026-08-27T12:51:34.447+0200,dw08,028E,190,2162,-50,-1916,1003,2.71,22277
ground-height-0m-20260825-163632,d022m_r180_run01.csv,0,22,180,dw00;dw01;dw02;dw03;dw04;dw05;dw06;dw07;dw08,dw00;dw01;dw02;dw03;dw04;dw05;dw06;dw07;dw08,dw08,165,1,2026-08-27T12:51:34.648+0200,dw08,028E,191,2159,-36,-1722,1302,2.71,22277
ground-height-0m-20260825-163632,d022m_r180_run01.csv,0,22,180,dw00;dw01;dw02;dw03;dw04;dw05;dw06;dw07;dw08,dw00;dw01;dw02;dw03;dw04;dw05;dw06;dw07;dw08,dw08,165,1,2026-08-27T12:51:34.848+0200,dw08,028E,192,2161,-37,-1739,1282,2.53,22308
ground-height-0m-20260825-163632,d022m_r180_run01.csv,0,22,180,dw00;dw01;dw02;dw03;dw04;dw05;dw06;dw07;dw08,dw00;dw01;dw02;dw03;dw04;dw05;dw06;dw07;dw08,dw08,165,1,2026-08-27T12:51:35.047+0200,dw08,028E,193,2163,-44,-1836,1143,2.77,22277
ground-height-0m-20260825-163632,d022m_r180_run01.csv,0,22,180,dw00;dw01;dw02;dw03;dw04;dw05;dw06;dw07;dw08,dw00;dw01;dw02;dw03;dw04;dw05;dw06;dw07;dw08,dw08,165,1,2026-08-27T12:51:35.247+0200,dw08,028E,194,2161,-35,-1709,1323,2.65,22277
ground-height-0m-20260825-163632,d022m_r180_run01.csv,0,22,180,dw00;dw01;dw02;dw03;dw04;dw05;dw06;dw07;dw08,dw00;dw01;dw02;dw03;dw04;dw05;dw06;dw07;dw08,dw08,165,1,2026-08-27T12:51:35.447+0200,dw08,028E,195,2162,-48,-1886,1056,2.71,2147483
ground-height-0m-20260825-163632,d022m_r180_run01.csv,0,22,180,dw00;dw01;dw02;dw03;dw04;dw05;dw06;dw07;dw08,dw00;dw01;dw02;dw03;dw04;dw05;dw06;dw07;dw08,dw08,165,1,2026-08-27T12:51:35.666+0200,dw08,028E,196,2160,-43,-1820,1163,2.71,40710
ground-height-0m-20260825-163632,d022m_r180_run01.csv,0,22,180,dw00;dw01;dw02;dw03;dw04;dw05;dw06;dw07;dw08,dw00;dw01;dw02;dw03;dw04;dw05;dw06;dw07;dw08,dw08,165,1,2026-08-27T12:51:35.848+0200,dw08,028E,197,2159,-45,-1847,1117,2.59,22308
ground-height-0m-20260825-163632,d022m_r180_run01.csv,0,22,180,dw00;dw01;dw02;dw03;dw04;dw05;dw06;dw07;dw08,dw00;dw01;dw02;dw03;dw04;dw05;dw06;dw07;dw08,dw08,165,1,2026-08-27T12:51:36.047+0200,dw08,028E,198,2159,-35,-1711,1316,2.71,22308
ground-height-0m-20260825-163632,d022m_r180_run01.csv,0,22,180,dw00;dw01;dw02;dw03;dw04;dw05;dw06;dw07;dw08,dw00;dw01;dw02;dw03;dw04;dw05;dw06;dw07;dw08,dw08,165,1,2026-08-27T12:51:36.247+0200,dw08,028E,199,2161,-47,-1866,1090,2.65,22247
ground-height-0m-20260825-163632,d022m_r180_run01.csv,0,22,180,dw00;dw01;dw02;dw03;dw04;dw05;dw06;dw07;dw08,dw00;dw01;dw02;dw03;dw04;dw05;dw06;dw07;dw08,dw08,165,1,2026-08-27T12:51:36.447+0200,dw08,028E,200,2164,-41,-1793,1211,2.65,22277
ground-height-0m-20260825-163632,d022m_r180_run01.csv,0,22,180,dw00;dw01;dw02;dw03;dw04;dw05;dw06;dw07;dw08,dw00;dw01;dw02;dw03;dw04;dw05;dw06;dw07;dw08,dw08,165,1,2026-08-27T12:51:36.648+0200,dw08,028E,201,2158,-37,-1733,1286,2.59,22308
ground-height-0m-20260825-163632,d022m_r180_run01.csv,0,22,180,dw00;dw01;dw02;dw03;dw04;dw05;dw06;dw07;dw08,dw00;dw01;dw02;dw03;dw04;dw05;dw06;dw07;dw08,dw08,165,1,2026-08-27T12:51:36.847+0200,dw08,028E,202,2159,-57,-1996,822,2.71,22277
ground-height-0m-20260825-163632,d022m_r180_run01.csv,0,22,180,dw00;dw01;dw02;dw03;dw04;dw05;dw06;dw07;dw08,dw00;dw01;dw02;dw03;dw04;dw05;dw06;dw07;dw08,dw08,165,1,2026-08-27T12:51:37.047+0200,dw08,028E,203,2162,-47,-1865,1094,2.53,22277
ground-height-0m-20260825-163632,d022m_r180_run01.csv,0,22,180,dw00;dw01;dw02;dw03;dw04;dw05;dw06;dw07;dw08,dw00;dw01;dw02;dw03;dw04;dw05;dw06;dw07;dw08,dw08,165,1,2026-08-27T12:51:37.247+0200,dw08,028E,204,2163,-39,-1770,1242,2.65,22277
ground-height-0m-20260825-163632,d022m_r180_run01.csv,0,22,180,dw00;dw01;dw02;dw03;dw04;dw05;dw06;dw07;dw08,dw00;dw01;dw02;dw03;dw04;dw05;dw06;dw07;dw08,dw08,165,1,2026-08-27T12:51:37.448+0200,dw08,028E,205,2157,-40,-1779,1220,2.71,22308
ground-height-0m-20260825-163632,d022m_r180_run01.csv,0,22,180,dw00;dw01;dw02;dw03;dw04;dw05;dw06;dw07;dw08,dw00;dw01;dw02;dw03;dw04;dw05;dw06;dw07;dw08,dw08,165,1,2026-08-27T12:51:37.647+0200,dw08,028E,206,2161,-40,-1782,1223,2.53,22277
ground-height-0m-20260825-163632,d022m_r180_run01.csv,0,22,180,dw00;dw01;dw02;dw03;dw04;dw05;dw06;dw07;dw08,dw00;dw01;dw02;dw03;dw04;dw05;dw06;dw07;dw08,dw08,165,1,2026-08-27T12:51:37.848+0200,dw08,028E,207,2159,-35,-1714,1312,2.71,22277
ground-height-0m-20260825-163632,d022m_r180_run01.csv,0,22,180,dw00;dw01;dw02;dw03;dw04;dw05;dw06;dw07;dw08,dw00;dw01;dw02;dw03;dw04;dw05;dw06;dw07;dw08,dw08,165,1,2026-08-27T12:51:38.048+0200,dw08,028E,208,2158,-43,-1812,1172,2.71,22277
ground-height-0m-20260825-163632,d022m_r180_run01.csv,0,22,180,dw00;dw01;dw02;dw03;dw04;dw05;dw06;dw07;dw08,dw00;dw01;dw02;dw03;dw04;dw05;dw06;dw07;dw08,dw08,165,1,2026-08-27T12:51:38.247+0200,dw08,028E,209,2159,-49,-1894,1035,2.59,22277
ground-height-0m-20260825-163632,d022m_r180_run01.csv,0,22,180,dw00;dw01;dw02;dw03;dw04;dw05;dw06;dw07;dw08,dw00;dw01;dw02;dw03;dw04;dw05;dw06;dw07;dw08,dw08,165,1,2026-08-27T12:51:38.447+0200,dw08,028E,210,2164,-42,-1809,1188,2.65,22308
ground-height-0m-20260825-163632,d022m_r180_run01.csv,0,22,180,dw00;dw01;dw02;dw03;dw04;dw05;dw06;dw07;dw08,dw00;dw01;dw02;dw03;dw04;dw05;dw06;dw07;dw08,dw08,165,1,2026-08-27T12:51:38.647+0200,dw08,028E,211,2162,-47,-1876,1074,2.71,22247
ground-height-0m-20260825-163632,d022m_r180_run01.csv,0,22,180,dw00;dw01;dw02;dw03;dw04;dw05;dw06;dw07;dw08,dw00;dw01;dw02;dw03;dw04;dw05;dw06;dw07;dw08,dw08,165,1,2026-08-27T12:51:38.847+0200,dw08,028E,212,2162,-45,-1837,1139,2.71,22277
ground-height-0m-20260825-163632,d022m_r180_run01.csv,0,22,180,dw00;dw01;dw02;dw03;dw04;dw05;dw06;dw07;dw08,dw00;dw01;dw02;dw03;dw04;dw05;dw06;dw07;dw08,dw08,165,1,2026-08-27T12:51:39.048+0200,dw08,028E,213,2158,-40,-1770,1234,2.59,22308
ground-height-0m-20260825-163632,d022m_r180_run01.csv,0,22,180,dw00;dw01;dw02;dw03;dw04;dw05;dw06;dw07;dw08,dw00;dw01;dw02;dw03;dw04;dw05;dw06;dw07;dw08,dw08,165,1,2026-08-27T12:51:39.247+0200,dw08,028E,214,2161,-42,-1804,1189,2.53,22247
ground-height-0m-20260825-163632,d022m_r180_run01.csv,0,22,180,dw00;dw01;dw02;dw03;dw04;dw05;dw06;dw07;dw08,dw00;dw01;dw02;dw03;dw04;dw05;dw06;dw07;dw08,dw08,165,1,2026-08-27T12:51:39.414+0200,dw08,028E,213,2172,48,-595,2089,2.77,89294
ground-height-0m-20260825-163632,d022m_r180_run01.csv,0,22,180,dw00;dw01;dw02;dw03;dw04;dw05;dw06;dw07;dw08,dw00;dw01;dw02;dw03;dw04;dw05;dw06;dw07;dw08,dw08,165,1,2026-08-27T12:51:39.447+0200,dw08,028E,215,2160,-41,-1791,1207,2.77,22277
ground-height-0m-20260825-163632,d022m_r180_run01.csv,0,22,180,dw00;dw01;dw02;dw03;dw04;dw05;dw06;dw07;dw08,dw00;dw01;dw02;dw03;dw04;dw05;dw06;dw07;dw08,dw08,165,1,2026-08-27T12:51:39.865+0200,dw08,028E,215,2173,50,-572,2097,2.65,40527
ground-height-0m-20260825-163632,d022m_r180_run01.csv,0,22,180,dw00;dw01;dw02;dw03;dw04;dw05;dw06;dw07;dw08,dw00;dw01;dw02;dw03;dw04;dw05;dw06;dw07;dw08,dw08,165,1,2026-08-27T12:51:40.047+0200,dw08,028E,216,2170,40,-702,2054,2.65,22308
ground-height-0m-20260825-163632,d022m_r180_run01.csv,0,22,180,dw00;dw01;dw02;dw03;dw04;dw05;dw06;dw07;dw08,dw00;dw01;dw02;dw03;dw04;dw05;dw06;dw07;dw08,dw08,165,1,2026-08-27T12:51:40.081+0200,dw08,028E,218,2159,-45,-1836,1136,2.71,56365
ground-height-0m-20260825-163632,d022m_r180_run01.csv,0,22,180,dw00;dw01;dw02;dw03;dw04;dw05;dw06;dw07;dw08,dw00;dw01;dw02;dw03;dw04;dw05;dw06;dw07;dw08,dw08,165,1,2026-08-27T12:51:40.247+0200,dw08,028E,217,2169,40,-698,2053,2.59,22247
ground-height-0m-20260825-163632,d022m_r180_run01.csv,0,22,180,dw00;dw01;dw02;dw03;dw04;dw05;dw06;dw07;dw08,dw00;dw01;dw02;dw03;dw04;dw05;dw06;dw07;dw08,dw08,165,1,2026-08-27T12:51:40.346+0200,dw08,028E,219,2162,-55,-1981,864,2.59,22308
ground-height-0m-20260825-163632,d022m_r180_run01.csv,0,22,180,dw00;dw01;dw02;dw03;dw04;dw05;dw06;dw07;dw08,dw00;dw01;dw02;dw03;dw04;dw05;dw06;dw07;dw08,dw08,165,1,2026-08-27T12:51:40.447+0200,dw08,028E,218,2176,42,-672,2069,2.53,22277
ground-height-0m-20260825-163632,d022m_r180_run01.csv,0,22,180,dw00;dw01;dw02;dw03;dw04;dw05;dw06;dw07;dw08,dw00;dw01;dw02;dw03;dw04;dw05;dw06;dw07;dw08,dw08,165,1,2026-08-27T12:51:40.546+0200,dw08,028E,220,2161,-39,-1766,1245,2.53,22277
ground-height-0m-20260825-163632,d022m_r180_run01.csv,0,22,180,dw00;dw01;dw02;dw03;dw04;dw05;dw06;dw07;dw08,dw00;dw01;dw02;dw03;dw04;dw05;dw06;dw07;dw08,dw08,165,1,2026-08-27T12:51:40.646+0200,dw08,028E,219,2170,46,-620,2080,2.59,22247
ground-height-0m-20260825-163632,d022m_r180_run01.csv,0,22,180,dw00;dw01;dw02;dw03;dw04;dw05;dw06;dw07;dw08,dw00;dw01;dw02;dw03;dw04;dw05;dw06;dw07;dw08,dw08,165,1,2026-08-27T12:51:40.747+0200,dw08,028E,221,2158,-43,-1819,1161,2.65,22277
ground-height-0m-20260825-163632,d022m_r180_run01.csv,0,22,180,dw00;dw01;dw02;dw03;dw04;dw05;dw06;dw07;dw08,dw00;dw01;dw02;dw03;dw04;dw05;dw06;dw07;dw08,dw08,165,1,2026-08-27T12:51:40.846+0200,dw08,028E,220,2173,39,-709,2054,2.59,22247
ground-height-0m-20260825-163632,d022m_r180_run01.csv,0,22,180,dw00;dw01;dw02;dw03;dw04;dw05;dw06;dw07;dw08,dw00;dw01;dw02;dw03;dw04;dw05;dw06;dw07;dw08,dw08,165,1,2026-08-27T12:51:40.947+0200,dw08,028E,222,2159,-44,-1825,1152,2.59,22277
ground-height-0m-20260825-163632,d022m_r180_run01.csv,0,22,180,dw00;dw01;dw02;dw03;dw04;dw05;dw06;dw07;dw08,dw00;dw01;dw02;dw03;dw04;dw05;dw06;dw07;dw08,dw08,165,1,2026-08-27T12:51:41.046+0200,dw08,028E,221,2172,52,-539,2104,2.53,22247
ground-height-0m-20260825-163632,d022m_r180_run01.csv,0,22,180,dw00;dw01;dw02;dw03;dw04;dw05;dw06;dw07;dw08,dw00;dw01;dw02;dw03;dw04;dw05;dw06;dw07;dw08,dw08,165,1,2026-08-27T12:51:41.146+0200,dw08,028E,223,2164,-46,-1855,1114,2.59,22277
ground-height-0m-20260825-163632,d022m_r180_run01.csv,0,22,180,dw00;dw01;dw02;dw03;dw04;dw05;dw06;dw07;dw08,dw00;dw01;dw02;dw03;dw04;dw05;dw06;dw07;dw08,dw08,165,1,2026-08-27T12:51:41.247+0200,dw08,028E,222,2176,42,-670,2070,2.53,22277
ground-height-0m-20260825-163632,d022m_r180_run01.csv,0,22,180,dw00;dw01;dw02;dw03;dw04;dw05;dw06;dw07;dw08,dw00;dw01;dw02;dw03;dw04;dw05;dw06;dw07;dw08,dw08,165,1,2026-08-27T12:51:41.346+0200,dw08,028E,224,2162,-47,-1868,1089,2.59,22277
ground-height-0m-20260825-163632,d022m_r180_run01.csv,0,22,180,dw00;dw01;dw02;dw03;dw04;dw05;dw06;dw07;dw08,dw00;dw01;dw02;dw03;dw04;dw05;dw06;dw07;dw08,dw08,165,1,2026-08-27T12:51:41.447+0200,dw08,028E,223,2174,43,-661,2071,2.59,22338
ground-height-0m-20260825-163632,d022m_r180_run01.csv,0,22,180,dw00;dw01;dw02;dw03;dw04;dw05;dw06;dw07;dw08,dw00;dw01;dw02;dw03;dw04;dw05;dw06;dw07;dw08,dw08,165,1,2026-08-27T12:51:41.546+0200,dw08,028E,225,2162,-48,-1882,1065,2.59,22277
ground-height-0m-20260825-163632,d022m_r180_run01.csv,0,22,180,dw00;dw01;dw02;dw03;dw04;dw05;dw06;dw07;dw08,dw00;dw01;dw02;dw03;dw04;dw05;dw06;dw07;dw08,dw08,165,1,2026-08-27T12:51:41.646+0200,dw08,028E,224,2171,60,-433,2128,2.71,22247
ground-height-0m-20260825-163632,d022m_r180_run01.csv,0,22,180,dw00;dw01;dw02;dw03;dw04;dw05;dw06;dw07;dw08,dw00;dw01;dw02;dw03;dw04;dw05;dw06;dw07;dw08,dw08,165,1,2026-08-27T12:51:41.747+0200,dw08,028E,226,2162,-49,-1892,1046,2.59,2147483
ground-height-0m-20260825-163632,d022m_r180_run01.csv,0,22,180,dw00;dw01;dw02;dw03;dw04;dw05;dw06;dw07;dw08,dw00;dw01;dw02;dw03;dw04;dw05;dw06;dw07;dw08,dw08,165,1,2026-08-27T12:51:41.846+0200,dw08,028E,225,2170,55,-502,2111,2.59,22308
ground-height-0m-20260825-163632,d022m_r180_run01.csv,0,22,180,dw00;dw01;dw02;dw03;dw04;dw05;dw06;dw07;dw08,dw00;dw01;dw02;dw03;dw04;dw05;dw06;dw07;dw08,dw08,165,1,2026-08-27T12:51:41.964+0200,dw08,028E,227,2166,-42,-1812,1186,2.53,40771
ground-height-0m-20260825-163632,d022m_r180_run01.csv,0,22,180,dw00;dw01;dw02;dw03;dw04;dw05;dw06;dw07;dw08,dw00;dw01;dw02;dw03;dw04;dw05;dw06;dw07;dw08,dw08,165,1,2026-08-27T12:51:42.046+0200,dw08,028E,226,2175,50,-566,2100,2.59,22247
ground-height-0m-20260825-163632,d022m_r180_run01.csv,0,22,180,dw00;dw01;dw02;dw03;dw04;dw05;dw06;dw07;dw08,dw00;dw01;dw02;dw03;dw04;dw05;dw06;dw07;dw08,dw08,165,1,2026-08-27T12:51:42.146+0200,dw08,028E,228,2163,-41,-1790,1214,2.65,22277
ground-height-0m-20260825-163632,d022m_r180_run01.csv,0,22,180,dw00;dw01;dw02;dw03;dw04;dw05;dw06;dw07;dw08,dw00;dw01;dw02;dw03;dw04;dw05;dw06;dw07;dw08,dw08,165,1,2026-08-27T12:51:42.245+0200,dw08,028E,227,2176,48,-591,2094,2.65,22308
ground-height-0m-20260825-163632,d022m_r180_run01.csv,0,22,180,dw00;dw01;dw02;dw03;dw04;dw05;dw06;dw07;dw08,dw00;dw01;dw02;dw03;dw04;dw05;dw06;dw07;dw08,dw08,165,1,2026-08-27T12:51:42.346+0200,dw08,028E,229,2157,-42,-1797,1193,2.53,22277
ground-height-0m-20260825-163632,d022m_r180_run01.csv,0,22,180,dw00;dw01;dw02;dw03;dw04;dw05;dw06;dw07;dw08,dw00;dw01;dw02;dw03;dw04;dw05;dw06;dw07;dw08,dw08,165,1,2026-08-27T12:51:42.446+0200,dw08,028E,228,2169,33,-787,2021,2.59,2147483
ground-height-0m-20260825-163632,d022m_r180_run01.csv,0,22,180,dw00;dw01;dw02;dw03;dw04;dw05;dw06;dw07;dw08,dw00;dw01;dw02;dw03;dw04;dw05;dw06;dw07;dw08,dw08,165,1,2026-08-27T12:51:42.546+0200,dw08,028E,230,2160,-34,-1697,1336,2.65,22308
ground-height-0m-20260825-163632,d022m_r180_run01.csv,0,22,180,dw00;dw01;dw02;dw03;dw04;dw05;dw06;dw07;dw08,dw00;dw01;dw02;dw03;dw04;dw05;dw06;dw07;dw08,dw08,165,1,2026-08-27T12:51:42.664+0200,dw08,028E,229,2168,52,-542,2099,2.65,40527
ground-height-0m-20260825-163632,d022m_r180_run01.csv,0,22,180,dw00;dw01;dw02;dw03;dw04;dw05;dw06;dw07;dw08,dw00;dw01;dw02;dw03;dw04;dw05;dw06;dw07;dw08,dw08,165,1,2026-08-27T12:51:42.745+0200,dw08,028E,231,2163,-43,-1814,1178,2.65,22247
ground-height-0m-20260825-163632,d022m_r180_run01.csv,0,22,180,dw00;dw01;dw02;dw03;dw04;dw05;dw06;dw07;dw08,dw00;dw01;dw02;dw03;dw04;dw05;dw06;dw07;dw08,dw08,165,1,2026-08-27T12:51:42.846+0200,dw08,028E,230,2171,52,-542,2102,2.65,22338
ground-height-0m-20260825-163632,d022m_r180_run01.csv,0,22,180,dw00;dw01;dw02;dw03;dw04;dw05;dw06;dw07;dw08,dw00;dw01;dw02;dw03;dw04;dw05;dw06;dw07;dw08,dw08,165,1,2026-08-27T12:51:42.946+0200,dw08,028E,232,2162,-47,-1868,1088,2.53,22277
ground-height-0m-20260825-163632,d022m_r180_run01.csv,0,22,180,dw00;dw01;dw02;dw03;dw04;dw05;dw06;dw07;dw08,dw00;dw01;dw02;dw03;dw04;dw05;dw06;dw07;dw08,dw08,165,1,2026-08-27T12:51:43.046+0200,dw08,028E,231,2173,46,-623,2081,2.59,22308
ground-height-0m-20260825-163632,d022m_r180_run01.csv,0,22,180,dw00;dw01;dw02;dw03;dw04;dw05;dw06;dw07;dw08,dw00;dw01;dw02;dw03;dw04;dw05;dw06;dw07;dw08,dw08,165,1,2026-08-27T12:51:43.146+0200,dw08,028E,233,2163,-47,-1877,1076,2.53,22277
ground-height-0m-20260825-163632,d022m_r180_run01.csv,0,22,180,dw00;dw01;dw02;dw03;dw04;dw05;dw06;dw07;dw08,dw00;dw01;dw02;dw03;dw04;dw05;dw06;dw07;dw08,dw08,165,1,2026-08-27T12:51:43.245+0200,dw08,028E,232,2170,44,-644,2073,2.65,22247
ground-height-0m-20260825-163632,d022m_r180_run01.csv,0,22,180,dw00;dw01;dw02;dw03;dw04;dw05;dw06;dw07;dw08,dw00;dw01;dw02;dw03;dw04;dw05;dw06;dw07;dw08,dw08,165,1,2026-08-27T12:51:43.346+0200,dw08,028E,234,2159,-49,-1892,1040,2.59,22308
ground-height-0m-20260825-163632,d022m_r180_run01.csv,0,22,180,dw00;dw01;dw02;dw03;dw04;dw05;dw06;dw07;dw08,dw00;dw01;dw02;dw03;dw04;dw05;dw06;dw07;dw08,dw08,165,1,2026-08-27T12:51:43.446+0200,dw08,028E,233,2168,47,-603,2082,2.65,22277
ground-height-0m-20260825-163632,d022m_r180_run01.csv,0,22,180,dw00;dw01;dw02;dw03;dw04;dw05;dw06;dw07;dw08,dw00;dw01;dw02;dw03;dw04;dw05;dw06;dw07;dw08,dw08,165,1,2026-08-27T12:51:43.545+0200,dw08,028E,235,2162,-46,-1861,1101,2.59,22277
ground-height-0m-20260825-163632,d022m_r180_run01.csv,0,22,180,dw00;dw01;dw02;dw03;dw04;dw05;dw06;dw07;dw08,dw00;dw01;dw02;dw03;dw04;dw05;dw06;dw07;dw08,dw08,165,1,2026-08-27T12:51:43.646+0200,dw08,028E,234,2170,46,-624,2078,2.71,22308
ground-height-0m-20260825-163632,d022m_r180_run01.csv,0,22,180,dw00;dw01;dw02;dw03;dw04;dw05;dw06;dw07;dw08,dw00;dw01;dw02;dw03;dw04;dw05;dw06;dw07;dw08,dw08,165,1,2026-08-27T12:51:43.745+0200,dw08,028E,236,2162,-57,-2009,799,2.65,22277
ground-height-0m-20260825-163632,d022m_r180_run01.csv,0,22,180,dw00;dw01;dw02;dw03;dw04;dw05;dw06;dw07;dw08,dw00;dw01;dw02;dw03;dw04;dw05;dw06;dw07;dw08,dw08,165,1,2026-08-27T12:51:43.846+0200,dw08,028E,235,2167,53,-525,2102,2.71,22308
ground-height-0m-20260825-163632,d022m_r180_run01.csv,0,22,180,dw00;dw01;dw02;dw03;dw04;dw05;dw06;dw07;dw08,dw00;dw01;dw02;dw03;dw04;dw05;dw06;dw07;dw08,dw08,165,1,2026-08-27T12:51:43.946+0200,dw08,028E,237,2156,-44,-1823,1151,2.65,22277
ground-height-0m-20260825-163632,d022m_r180_run01.csv,0,22,180,dw00;dw01;dw02;dw03;dw04;dw05;dw06;dw07;dw08,dw00;dw01;dw02;dw03;dw04;dw05;dw06;dw07;dw08,dw08,165,1,2026-08-27T12:51:44.045+0200,dw08,028E,236,2170,42,-674,2062,2.59,22247
ground-height-0m-20260825-163632,d022m_r180_run01.csv,0,22,180,dw00;dw01;dw02;dw03;dw04;dw05;dw06;dw07;dw08,dw00;dw01;dw02;dw03;dw04;dw05;dw06;dw07;dw08,dw08,165,1,2026-08-27T12:51:44.146+0200,dw08,028E,238,2163,-47,-1867,1092,2.59,22308
ground-height-0m-20260825-163632,d022m_r180_run01.csv,0,22,180,dw00;dw01;dw02;dw03;dw04;dw05;dw06;dw07;dw08,dw00;dw01;dw02;dw03;dw04;dw05;dw06;dw07;dw08,dw08,165,1,2026-08-27T12:51:44.245+0200,dw08,028E,237,2176,54,-516,2114,2.71,22247
ground-height-0m-20260825-163632,d022m_r180_run01.csv,0,22,180,dw00;dw01;dw02;dw03;dw04;dw05;dw06;dw07;dw08,dw00;dw01;dw02;dw03;dw04;dw05;dw06;dw07;dw08,dw08,165,1,2026-08-27T12:51:44.345+0200,dw08,028E,239,2165,-55,-1974,890,2.71,22277
ground-height-0m-20260825-163632,d022m_r180_run01.csv,0,22,180,dw00;dw01;dw02;dw03;dw04;dw05;dw06;dw07;dw08,dw00;dw01;dw02;dw03;dw04;dw05;dw06;dw07;dw08,dw08,165,1,2026-08-27T12:51:44.446+0200,dw08,028E,238,2171,53,-523,2107,2.53,22308
ground-height-0m-20260825-163632,d022m_r180_run01.csv,0,22,180,dw00;dw01;dw02;dw03;dw04;dw05;dw06;dw07;dw08,dw00;dw01;dw02;dw03;dw04;dw05;dw06;dw07;dw08,dw08,165,1,2026-08-27T12:51:44.546+0200,dw08,028E,240,2159,-45,-1843,1123,2.59,22277
ground-height-0m-20260825-163632,d022m_r180_run01.csv,0,22,180,dw00;dw01;dw02;dw03;dw04;dw05;dw06;dw07;dw08,dw00;dw01;dw02;dw03;dw04;dw05;dw06;dw07;dw08,dw08,165,1,2026-08-27T12:51:44.647+0200,dw08,028E,239,2175,40,-698,2060,2.65,22308
ground-height-0m-20260825-163632,d022m_r180_run01.csv,0,22,180,dw00;dw01;dw02;dw03;dw04;dw05;dw06;dw07;dw08,dw00;dw01;dw02;dw03;dw04;dw05;dw06;dw07;dw08,dw08,165,1,2026-08-27T12:51:44.746+0200,dw08,028E,241,2159,-44,-1827,1150,2.65,22277
ground-height-0m-20260825-163632,d022m_r180_run01.csv,0,22,180,dw00;dw01;dw02;dw03;dw04;dw05;dw06;dw07;dw08,dw00;dw01;dw02;dw03;dw04;dw05;dw06;dw07;dw08,dw08,165,1,2026-08-27T12:51:44.846+0200,dw08,028E,240,2171,39,-712,2051,2.53,22277
ground-height-0m-20260825-163632,d022m_r180_run01.csv,0,22,180,dw00;dw01;dw02;dw03;dw04;dw05;dw06;dw07;dw08,dw00;dw01;dw02;dw03;dw04;dw05;dw06;dw07;dw08,dw08,165,1,2026-08-27T12:51:44.946+0200,dw08,028E,242,2158,-47,-1866,1083,2.53,2147483
ground-height-0m-20260825-163632,d022m_r180_run01.csv,0,22,180,dw00;dw01;dw02;dw03;dw04;dw05;dw06;dw07;dw08,dw00;dw01;dw02;dw03;dw04;dw05;dw06;dw07;dw08,dw08,165,1,2026-08-27T12:51:45.046+0200,dw08,028E,241,2170,45,-639,2074,2.50,22277
ground-height-0m-20260825-163632,d022m_r180_run01.csv,0,22,180,dw00;dw01;dw02;dw03;dw04;dw05;dw06;dw07;dw08,dw00;dw01;dw02;dw03;dw04;dw05;dw06;dw07;dw08,dw08,165,1,2026-08-27T12:51:45.164+0200,dw08,028E,243,2161,-39,-1763,1248,2.65,2147483
ground-height-0m-20260825-163632,d022m_r180_run01.csv,0,22,180,dw00;dw01;dw02;dw03;dw04;dw05;dw06;dw07;dw08,dw00;dw01;dw02;dw03;dw04;dw05;dw06;dw07;dw08,dw08,165,1,2026-08-27T12:51:45.246+0200,dw08,028E,242,2170,55,-504,2110,2.59,22277
ground-height-0m-20260825-163632,d022m_r180_run01.csv,0,22,180,dw00;dw01;dw02;dw03;dw04;dw05;dw06;dw07;dw08,dw00;dw01;dw02;dw03;dw04;dw05;dw06;dw07;dw08,dw08,165,1,2026-08-27T12:51:45.383+0200,dw08,028E,244,2161,-39,-1762,1250,2.65,59143
ground-height-0m-20260825-163632,d022m_r180_run01.csv,0,22,180,dw00;dw01;dw02;dw03;dw04;dw05;dw06;dw07;dw08,dw00;dw01;dw02;dw03;dw04;dw05;dw06;dw07;dw08,dw08,165,1,2026-08-27T12:51:45.447+0200,dw08,028E,243,2173,50,-561,2099,2.71,22308
ground-height-0m-20260825-163632,d022m_r180_run01.csv,0,22,180,dw00;dw01;dw02;dw03;dw04;dw05;dw06;dw07;dw08,dw00;dw01;dw02;dw03;dw04;dw05;dw06;dw07;dw08,dw08,165,1,2026-08-27T12:51:46.046+0200,dw08,028E,246,2171,41,-687,2060,2.65,22277
ground-height-0m-20260825-163632,d022m_r180_run01.csv,0,22,180,dw00;dw01;dw02;dw03;dw04;dw05;dw06;dw07;dw08,dw00;dw01;dw02;dw03;dw04;dw05;dw06;dw07;dw08,dw08,165,1,2026-08-27T12:51:46.245+0200,dw08,028E,247,128,-45,-109,67,2.59,22277
ground-height-0m-20260825-163632,d022m_r180_run01.csv,0,22,180,dw00;dw01;dw02;dw03;dw04;dw05;dw06;dw07;dw08,dw00;dw01;dw02;dw03;dw04;dw05;dw06;dw07;dw08,dw08,165,1,2026-08-27T12:51:46.445+0200,dw08,028E,249,2162,-45,-1842,1131,2.71,22277
ground-height-0m-20260825-163632,d022m_r180_run01.csv,0,22,180,dw00;dw01;dw02;dw03;dw04;dw05;dw06;dw07;dw08,dw00;dw01;dw02;dw03;dw04;dw05;dw06;dw07;dw08,dw08,165,1,2026-08-27T12:51:46.645+0200,dw08,028E,249,464,-44,-392,248,2.71,22338
ground-height-0m-20260825-163632,d022m_r180_run01.csv,0,22,180,dw00;dw01;dw02;dw03;dw04;dw05;dw06;dw07;dw08,dw00;dw01;dw02;dw03;dw04;dw05;dw06;dw07;dw08,dw08,165,1,2026-08-27T12:51:46.846+0200,dw08,028E,251,2161,-47,-1873,1078,2.59,22247
ground-height-0m-20260825-163632,d022m_r180_run01.csv,0,22,180,dw00;dw01;dw02;dw03;dw04;dw05;dw06;dw07;dw08,dw00;dw01;dw02;dw03;dw04;dw05;dw06;dw07;dw08,dw08,165,1,2026-08-27T12:51:47.045+0200,dw08,028E,252,2163,-49,-1903,1029,2.65,22277
ground-height-0m-20260825-163632,d022m_r180_run01.csv,0,22,180,dw00;dw01;dw02;dw03;dw04;dw05;dw06;dw07;dw08,dw00;dw01;dw02;dw03;dw04;dw05;dw06;dw07;dw08,dw08,165,1,2026-08-27T12:51:47.245+0200,dw08,028E,253,2162,-52,-1932,970,2.71,22308
ground-height-0m-20260825-163632,d022m_r180_run01.csv,0,22,180,dw00;dw01;dw02;dw03;dw04;dw05;dw06;dw07;dw08,dw00;dw01;dw02;dw03;dw04;dw05;dw06;dw07;dw08,dw08,165,1,2026-08-27T12:51:47.261+0200,dw08,028E,252,2174,52,-543,2105,2.89,37841
ground-height-0m-20260825-163632,d022m_r180_run01.csv,0,22,180,dw00;dw01;dw02;dw03;dw04;dw05;dw06;dw07;dw08,dw00;dw01;dw02;dw03;dw04;dw05;dw06;dw07;dw08,dw08,165,1,2026-08-27T12:51:47.445+0200,dw08,028E,254,2159,-45,-1841,1128,2.59,22277
ground-height-0m-20260825-163632,d022m_r180_run01.csv,0,22,180,dw00;dw01;dw02;dw03;dw04;dw05;dw06;dw07;dw08,dw00;dw01;dw02;dw03;dw04;dw05;dw06;dw07;dw08,dw08,165,1,2026-08-27T12:51:47.645+0200,dw08,028E,255,2160,-46,-1859,1099,2.65,22247
ground-height-0m-20260825-163632,d022m_r180_run01.csv,0,22,180,dw00;dw01;dw02;dw03;dw04;dw05;dw06;dw07;dw08,dw00;dw01;dw02;dw03;dw04;dw05;dw06;dw07;dw08,dw08,165,1,2026-08-27T12:51:47.845+0200,dw08,028E,0,2160,-52,-1934,962,2.59,2147483
ground-height-0m-20260825-163632,d022m_r180_run01.csv,0,22,180,dw00;dw01;dw02;dw03;dw04;dw05;dw06;dw07;dw08,dw00;dw01;dw02;dw03;dw04;dw05;dw06;dw07;dw08,dw08,165,1,2026-08-27T12:51:48.060+0200,dw08,028E,0,2175,49,-578,2096,2.77,37872
ground-height-0m-20260825-163632,d022m_r180_run01.csv,0,22,180,dw00;dw01;dw02;dw03;dw04;dw05;dw06;dw07;dw08,dw00;dw01;dw02;dw03;dw04;dw05;dw06;dw07;dw08,dw08,165,1,2026-08-27T12:51:48.245+0200,dw08,028E,1,2168,52,-537,2100,2.53,22308
ground-height-0m-20260825-163632,d022m_r180_run01.csv,0,22,180,dw00;dw01;dw02;dw03;dw04;dw05;dw06;dw07;dw08,dw00;dw01;dw02;dw03;dw04;dw05;dw06;dw07;dw08,dw08,165,1,2026-08-27T12:51:48.279+0200,dw08,028E,2,2160,-42,-1797,1198,2.77,56335
ground-height-0m-20260825-163632,d022m_r180_run01.csv,0,22,180,dw00;dw01;dw02;dw03;dw04;dw05;dw06;dw07;dw08,dw00;dw01;dw02;dw03;dw04;dw05;dw06;dw07;dw08,dw08,165,1,2026-08-27T12:51:48.445+0200,dw08,028E,2,2174,46,-616,2085,2.77,22247
ground-height-0m-20260825-163632,d022m_r180_run01.csv,0,22,180,dw00;dw01;dw02;dw03;dw04;dw05;dw06;dw07;dw08,dw00;dw01;dw02;dw03;dw04;dw05;dw06;dw07;dw08,dw08,165,1,2026-08-27T12:51:48.545+0200,dw08,028E,3,2158,-45,-1836,1133,2.59,22277
ground-height-0m-20260825-163632,d022m_r180_run01.csv,0,22,180,dw00;dw01;dw02;dw03;dw04;dw05;dw06;dw07;dw08,dw00;dw01;dw02;dw03;dw04;dw05;dw06;dw07;dw08,dw08,165,1,2026-08-27T12:51:48.645+0200,dw08,028E,3,2172,52,-537,2105,2.71,22308
ground-height-0m-20260825-163632,d022m_r180_run01.csv,0,22,180,dw00;dw01;dw02;dw03;dw04;dw05;dw06;dw07;dw08,dw00;dw01;dw02;dw03;dw04;dw05;dw06;dw07;dw08,dw08,165,1,2026-08-27T12:51:48.745+0200,dw08,028E,4,2162,-42,-1807,1186,2.59,22277
ground-height-0m-20260825-163632,d022m_r180_run01.csv,0,22,180,dw00;dw01;dw02;dw03;dw04;dw05;dw06;dw07;dw08,dw00;dw01;dw02;dw03;dw04;dw05;dw06;dw07;dw08,dw08,165,1,2026-08-27T12:51:48.844+0200,dw08,028E,4,2174,53,-532,2108,2.59,22277
ground-height-0m-20260825-163632,d022m_r180_run01.csv,0,22,180,dw00;dw01;dw02;dw03;dw04;dw05;dw06;dw07;dw08,dw00;dw01;dw02;dw03;dw04;dw05;dw06;dw07;dw08,dw08,165,1,2026-08-27T12:51:48.945+0200,dw08,028E,5,2162,-49,-1900,1031,2.65,22308
ground-height-0m-20260825-163632,d022m_r180_run01.csv,0,22,180,dw00;dw01;dw02;dw03;dw04;dw05;dw06;dw07;dw08,dw00;dw01;dw02;dw03;dw04;dw05;dw06;dw07;dw08,dw08,165,1,2026-08-27T12:51:49.045+0200,dw08,028E,5,2169,45,-630,2075,2.59,22277
ground-height-0m-20260825-163632,d022m_r180_run01.csv,0,22,180,dw00;dw01;dw02;dw03;dw04;dw05;dw06;dw07;dw08,dw00;dw01;dw02;dw03;dw04;dw05;dw06;dw07;dw08,dw08,165,1,2026-08-27T12:51:49.144+0200,dw08,028E,6,2159,-35,-1709,1319,2.59,2147483
ground-height-0m-20260825-163632,d022m_r180_run01.csv,0,22,180,dw00;dw01;dw02;dw03;dw04;dw05;dw06;dw07;dw08,dw00;dw01;dw02;dw03;dw04;dw05;dw06;dw07;dw08,dw08,165,1,2026-08-27T12:51:49.245+0200,dw08,028E,6,2169,48,-591,2086,2.50,22308
ground-height-0m-20260825-163632,d022m_r180_run01.csv,0,22,180,dw00;dw01;dw02;dw03;dw04;dw05;dw06;dw07;dw08,dw00;dw01;dw02;dw03;dw04;dw05;dw06;dw07;dw08,dw08,165,1,2026-08-27T12:51:49.363+0200,dw08,028E,7,2152,-34,-1695,1325,2.65,40740
ground-height-0m-20260825-163632,d022m_r180_run01.csv,0,22,180,dw00;dw01;dw02;dw03;dw04;dw05;dw06;dw07;dw08,dw00;dw01;dw02;dw03;dw04;dw05;dw06;dw07;dw08,dw08,165,1,2026-08-27T12:51:49.444+0200,dw08,028E,7,2172,45,-631,2078,2.53,22308
ground-height-0m-20260825-163632,d022m_r180_run01.csv,0,22,180,dw00;dw01;dw02;dw03;dw04;dw05;dw06;dw07;dw08,dw00;dw01;dw02;dw03;dw04;dw05;dw06;dw07;dw08,dw08,165,1,2026-08-27T12:51:49.545+0200,dw08,028E,8,2156,-45,-1844,1117,2.71,22308
ground-height-0m-20260825-163632,d022m_r180_run01.csv,0,22,180,dw00;dw01;dw02;dw03;dw04;dw05;dw06;dw07;dw08,dw00;dw01;dw02;dw03;dw04;dw05;dw06;dw07;dw08,dw08,165,1,2026-08-27T12:51:49.644+0200,dw08,028E,8,2176,47,-606,2090,2.59,22277
ground-height-0m-20260825-163632,d022m_r180_run01.csv,0,22,180,dw00;dw01;dw02;dw03;dw04;dw05;dw06;dw07;dw08,dw00;dw01;dw02;dw03;dw04;dw05;dw06;dw07;dw08,dw08,165,1,2026-08-27T12:51:49.745+0200,dw08,028E,9,2157,-34,-1692,1338,2.71,22247
ground-height-0m-20260825-163632,d022m_r180_run01.csv,0,22,180,dw00;dw01;dw02;dw03;dw04;dw05;dw06;dw07;dw08,dw00;dw01;dw02;dw03;dw04;dw05;dw06;dw07;dw08,dw08,165,1,2026-08-27T12:51:49.844+0200,dw08,028E,9,2167,56,-480,2113,2.65,22247
ground-height-0m-20260825-163632,d022m_r180_run01.csv,0,22,180,dw00;dw01;dw02;dw03;dw04;dw05;dw06;dw07;dw08,dw00;dw01;dw02;dw03;dw04;dw05;dw06;dw07;dw08,dw08,165,1,2026-08-27T12:51:49.944+0200,dw08,028E,10,2157,-21,-1525,1525,2.53,22308
ground-height-0m-20260825-163632,d022m_r180_run01.csv,0,22,180,dw00;dw01;dw02;dw03;dw04;dw05;dw06;dw07;dw08,dw00;dw01;dw02;dw03;dw04;dw05;dw06;dw07;dw08,dw08,165,1,2026-08-27T12:51:50.045+0200,dw08,028E,10,2169,52,-535,2102,2.59,2147483
ground-height-0m-20260825-163632,d022m_r180_run01.csv,0,22,180,dw00;dw01;dw02;dw03;dw04;dw05;dw06;dw07;dw08,dw00;dw01;dw02;dw03;dw04;dw05;dw06;dw07;dw08,dw08,165,1,2026-08-27T12:51:50.144+0200,dw08,028E,11,2156,-48,-1879,1057,2.77,22277
ground-height-0m-20260825-163632,d022m_r180_run01.csv,0,22,180,dw00;dw01;dw02;dw03;dw04;dw05;dw06;dw07;dw08,dw00;dw01;dw02;dw03;dw04;dw05;dw06;dw07;dw08,dw08,165,1,2026-08-27T12:51:50.262+0200,dw08,028E,11,2169,45,-636,2073,2.71,40557
ground-height-0m-20260825-163632,d022m_r180_run01.csv,0,22,180,dw00;dw01;dw02;dw03;dw04;dw05;dw06;dw07;dw08,dw00;dw01;dw02;dw03;dw04;dw05;dw06;dw07;dw08,dw08,165,1,2026-08-27T12:51:50.344+0200,dw08,028E,12,2157,-43,-1811,1171,2.65,22277
ground-height-0m-20260825-163632,d022m_r180_run01.csv,0,22,180,dw00;dw01;dw02;dw03;dw04;dw05;dw06;dw07;dw08,dw00;dw01;dw02;dw03;dw04;dw05;dw06;dw07;dw08,dw08,165,1,2026-08-27T12:51:50.444+0200,dw08,028E,12,2173,52,-535,2106,2.71,22277
ground-height-0m-20260825-163632,d022m_r180_run01.csv,0,22,180,dw00;dw01;dw02;dw03;dw04;dw05;dw06;dw07;dw08,dw00;dw01;dw02;dw03;dw04;dw05;dw06;dw07;dw08,dw08,165,1,2026-08-27T12:51:50.545+0200,dw08,028E,13,2157,-36,-1723,1299,2.59,22277
ground-height-0m-20260825-163632,d022m_r180_run01.csv,0,22,180,dw00;dw01;dw02;dw03;dw04;dw05;dw06;dw07;dw08,dw00;dw01;dw02;dw03;dw04;dw05;dw06;dw07;dw08,dw08,165,1,2026-08-27T12:51:50.644+0200,dw08,028E,13,2174,46,-626,2082,2.59,22247
ground-height-0m-20260825-163632,d022m_r180_run01.csv,0,22,180,dw00;dw01;dw02;dw03;dw04;dw05;dw06;dw07;dw08,dw00;dw01;dw02;dw03;dw04;dw05;dw06;dw07;dw08,dw08,165,1,2026-08-27T12:51:50.744+0200,dw08,028E,14,2155,-39,-1757,1247,2.71,22277
ground-height-0m-20260825-163632,d022m_r180_run01.csv,0,22,180,dw00;dw01;dw02;dw03;dw04;dw05;dw06;dw07;dw08,dw00;dw01;dw02;dw03;dw04;dw05;dw06;dw07;dw08,dw08,165,1,2026-08-27T12:51:50.844+0200,dw08,028E,14,2175,54,-518,2112,2.65,22247
ground-height-0m-20260825-163632,d022m_r180_run01.csv,0,22,180,dw00;dw01;dw02;dw03;dw04;dw05;dw06;dw07;dw08,dw00;dw01;dw02;dw03;dw04;dw05;dw06;dw07;dw08,dw08,165,1,2026-08-27T12:51:50.944+0200,dw08,028E,15,2159,-41,-1793,1203,2.71,22308
ground-height-0m-20260825-163632,d022m_r180_run01.csv,0,22,180,dw00;dw01;dw02;dw03;dw04;dw05;dw06;dw07;dw08,dw00;dw01;dw02;dw03;dw04;dw05;dw06;dw07;dw08,dw08,165,1,2026-08-27T12:51:51.045+0200,dw08,028E,15,2174,52,-543,2105,2.59,22308
ground-height-0m-20260825-163632,d022m_r180_run01.csv,0,22,180,dw00;dw01;dw02;dw03;dw04;dw05;dw06;dw07;dw08,dw00;dw01;dw02;dw03;dw04;dw05;dw06;dw07;dw08,dw08,165,1,2026-08-27T12:51:51.144+0200,dw08,028E,16,2160,-37,-1737,1283,2.65,22277
ground-height-0m-20260825-163632,d022m_r180_run01.csv,0,22,180,dw00;dw01;dw02;dw03;dw04;dw05;dw06;dw07;dw08,dw00;dw01;dw02;dw03;dw04;dw05;dw06;dw07;dw08,dw08,165,1,2026-08-27T12:51:51.244+0200,dw08,028E,16,2171,53,-528,2106,2.71,22338
ground-height-0m-20260825-163632,d022m_r180_run01.csv,0,22,180,dw00;dw01;dw02;dw03;dw04;dw05;dw06;dw07;dw08,dw00;dw01;dw02;dw03;dw04;dw05;dw06;dw07;dw08,dw08,165,1,2026-08-27T12:51:51.344+0200,dw08,028E,17,2160,-35,-1712,1316,2.65,22277
ground-height-0m-20260825-163632,d022m_r180_run01.csv,0,22,180,dw00;dw01;dw02;dw03;dw04;dw05;dw06;dw07;dw08,dw00;dw01;dw02;dw03;dw04;dw05;dw06;dw07;dw08,dw08,165,1,2026-08-27T12:51:51.444+0200,dw08,028E,17,2170,46,-622,2079,2.59,22247
ground-height-0m-20260825-163632,d022m_r180_run01.csv,0,22,180,dw00;dw01;dw02;dw03;dw04;dw05;dw06;dw07;dw08,dw00;dw01;dw02;dw03;dw04;dw05;dw06;dw07;dw08,dw08,165,1,2026-08-27T12:51:51.544+0200,dw08,028E,18,2156,-56,-1980,854,2.77,22277
ground-height-0m-20260825-163632,d022m_r180_run01.csv,0,22,180,dw00;dw01;dw02;dw03;dw04;dw05;dw06;dw07;dw08,dw00;dw01;dw02;dw03;dw04;dw05;dw06;dw07;dw08,dw08,165,1,2026-08-27T12:51:51.645+0200,dw08,028E,18,2170,52,-534,2104,2.65,22277
ground-height-0m-20260825-163632,d022m_r180_run01.csv,0,22,180,dw00;dw01;dw02;dw03;dw04;dw05;dw06;dw07;dw08,dw00;dw01;dw02;dw03;dw04;dw05;dw06;dw07;dw08,dw08,165,1,2026-08-27T12:51:51.745+0200,dw08,028E,19,2157,-44,-1821,1156,2.83,22277
ground-height-0m-20260825-163632,d022m_r180_run01.csv,0,22,180,dw00;dw01;dw02;dw03;dw04;dw05;dw06;dw07;dw08,dw00;dw01;dw02;dw03;dw04;dw05;dw06;dw07;dw08,dw08,165,1,2026-08-27T12:51:51.844+0200,dw08,028E,19,2173,46,-619,2083,2.71,22308
ground-height-0m-20260825-163632,d022m_r180_run01.csv,0,22,180,dw00;dw01;dw02;dw03;dw04;dw05;dw06;dw07;dw08,dw00;dw01;dw02;dw03;dw04;dw05;dw06;dw07;dw08,dw08,165,1,2026-08-27T12:51:51.945+0200,dw08,028E,20,2159,-39,-1765,1242,2.71,22277
ground-height-0m-20260825-163632,d022m_r180_run01.csv,0,22,180,dw00;dw01;dw02;dw03;dw04;dw05;dw06;dw07;dw08,dw00;dw01;dw02;dw03;dw04;dw05;dw06;dw07;dw08,dw08,165,1,2026-08-27T12:51:52.044+0200,dw08,028E,20,2175,48,-590,2093,2.65,22277
ground-height-0m-20260825-163632,d022m_r180_run01.csv,0,22,180,dw00;dw01;dw02;dw03;dw04;dw05;dw06;dw07;dw08,dw00;dw01;dw02;dw03;dw04;dw05;dw06;dw07;dw08,dw08,165,1,2026-08-27T12:51:52.145+0200,dw08,028E,21,2155,-47,-1858,1090,2.71,2147483
ground-height-0m-20260825-163632,d022m_r180_run01.csv,0,22,180,dw00;dw01;dw02;dw03;dw04;dw05;dw06;dw07;dw08,dw00;dw01;dw02;dw03;dw04;dw05;dw06;dw07;dw08,dw08,165,1,2026-08-27T12:51:52.245+0200,dw08,028E,21,2170,45,-638,2074,2.59,22308
ground-height-0m-20260825-163632,d022m_r180_run01.csv,0,22,180,dw00;dw01;dw02;dw03;dw04;dw05;dw06;dw07;dw08,dw00;dw01;dw02;dw03;dw04;dw05;dw06;dw07;dw08,dw08,165,1,2026-08-27T12:51:52.363+0200,dw08,028E,22,2159,-37,-1735,1285,2.83,40710
ground-height-0m-20260825-163632,d022m_r180_run01.csv,0,22,180,dw00;dw01;dw02;dw03;dw04;dw05;dw06;dw07;dw08,dw00;dw01;dw02;dw03;dw04;dw05;dw06;dw07;dw08,dw08,165,1,2026-08-27T12:51:52.445+0200,dw08,028E,22,2170,49,-585,2089,2.59,22308
ground-height-0m-20260825-163632,d022m_r180_run01.csv,0,22,180,dw00;dw01;dw02;dw03;dw04;dw05;dw06;dw07;dw08,dw00;dw01;dw02;dw03;dw04;dw05;dw06;dw07;dw08,dw08,165,1,2026-08-27T12:51:52.544+0200,dw08,028E,23,2158,-35,-1710,1315,2.71,22308
ground-height-0m-20260825-163632,d022m_r180_run01.csv,0,22,180,dw00;dw01;dw02;dw03;dw04;dw05;dw06;dw07;dw08,dw00;dw01;dw02;dw03;dw04;dw05;dw06;dw07;dw08,dw08,165,1,2026-08-27T12:51:52.644+0200,dw08,028E,23,2171,52,-543,2102,2.65,22247
ground-height-0m-20260825-163632,d022m_r180_run01.csv,0,22,180,dw00;dw01;dw02;dw03;dw04;dw05;dw06;dw07;dw08,dw00;dw01;dw02;dw03;dw04;dw05;dw06;dw07;dw08,dw08,165,1,2026-08-27T12:51:52.744+0200,dw08,028E,24,2158,-43,-1812,1172,2.77,22277
ground-height-0m-20260825-163632,d022m_r180_run01.csv,0,22,180,dw00;dw01;dw02;dw03;dw04;dw05;dw06;dw07;dw08,dw00;dw01;dw02;dw03;dw04;dw05;dw06;dw07;dw08,dw08,165,1,2026-08-27T12:51:52.844+0200,dw08,028E,24,2170,45,-629,2077,2.59,22247
ground-height-0m-20260825-163632,d022m_r180_run01.csv,0,22,180,dw00;dw01;dw02;dw03;dw04;dw05;dw06;dw07;dw08,dw00;dw01;dw02;dw03;dw04;dw05;dw06;dw07;dw08,dw08,165,1,2026-08-27T12:51:52.945+0200,dw08,028E,25,2160,-32,-1669,1371,2.77,22277
ground-height-0m-20260825-163632,d022m_r180_run01.csv,0,22,180,dw00;dw01;dw02;dw03;dw04;dw05;dw06;dw07;dw08,dw00;dw01;dw02;dw03;dw04;dw05;dw06;dw07;dw08,dw08,165,1,2026-08-27T12:51:53.044+0200,dw08,028E,25,2172,38,-721,2049,2.65,22308
ground-height-0m-20260825-163632,d022m_r180_run01.csv,0,22,180,dw00;dw01;dw02;dw03;dw04;dw05;dw06;dw07;dw08,dw00;dw01;dw02;dw03;dw04;dw05;dw06;dw07;dw08,dw08,165,1,2026-08-27T12:51:53.144+0200,dw08,028E,26,2155,-44,-1819,1155,2.59,22308
ground-height-0m-20260825-163632,d022m_r180_run01.csv,0,22,180,dw00;dw01;dw02;dw03;dw04;dw05;dw06;dw07;dw08,dw00;dw01;dw02;dw03;dw04;dw05;dw06;dw07;dw08,dw08,165,1,2026-08-27T12:51:53.244+0200,dw08,028E,26,2173,44,-647,2075,2.53,22308
