experiment_id,run_file,node_height_m,target_distance_m,tag_rotation_deg,expected_tags,participating_tags,missing_tags,tag_bearing_deg,valid_position,time,tag,a16,seq,range_cm,pdoa_deg,x_cm,y_cm,clk_ppm,t_us
ground-height-0m-20260825-163632,d028m_r090_run01.csv,0,28,90,dw00;dw01;dw02;dw03;dw04;dw05;dw06;dw07;dw08,dw00;dw01;dw02;dw03;dw04;dw05;dw06;dw07;dw08,dw07;dw08,90,1,2026-08-27T10:26:57.035+0200,dw04,0F85,214,2764,-1,-1599,2254,2.53,62255
ground-height-0m-20260825-163632,d028m_r090_run01.csv,0,28,90,dw00;dw01;dw02;dw03;dw04;dw05;dw06;dw07;dw08,dw00;dw01;dw02;dw03;dw04;dw05;dw06;dw07;dw08,dw07;dw08,125,1,2026-08-27T10:26:57.070+0200,dw06,0789,7,2762,97,76,2761,1.99,2147483
ground-height-0m-20260825-163632,d028m_r090_run01.csv,0,28,90,dw00;dw01;dw02;dw03;dw04;dw05;dw06;dw07;dw08,dw00;dw01;dw02;dw03;dw04;dw05;dw06;dw07;dw08,dw07;dw08,75,1,2026-08-27T10:26:57.085+0200,dw03,021B,160,2750,-39,-2250,1581,3.27,12268
ground-height-0m-20260825-163632,d028m_r090_run01.csv,0,28,90,dw00;dw01;dw02;dw03;dw04;dw05;dw06;dw07;dw08,dw00;dw01;dw02;dw03;dw04;dw05;dw06;dw07;dw08,dw07;dw08,15,1,2026-08-27T10:26:57.104+0200,dw00,8103,205,2778,-167,1705,2194,2.20,32226
ground-height-0m-20260825-163632,d028m_r090_run01.csv,0,28,90,dw00;dw01;dw02;dw03;dw04;dw05;dw06;dw07;dw08,dw00;dw01;dw02;dw03;dw04;dw05;dw06;dw07;dw08,dw07;dw08,35,1,2026-08-27T10:26:57.115+0200,dw01,1729,21,2767,-122,2456,1274,2.02,42358
ground-height-0m-20260825-163632,d028m_r090_run01.csv,0,28,90,dw00;dw01;dw02;dw03;dw04;dw05;dw06;dw07;dw08,dw00;dw01;dw02;dw03;dw04;dw05;dw06;dw07;dw08,dw07;dw08,55,1,2026-08-27T10:26:57.125+0200,dw02,8FB0,77,2761,-93,2761,0,2.89,52337
ground-height-0m-20260825-163632,d028m_r090_run01.csv,0,28,90,dw00;dw01;dw02;dw03;dw04;dw05;dw06;dw07;dw08,dw00;dw01;dw02;dw03;dw04;dw05;dw06;dw07;dw08,dw07;dw08,105,1,2026-08-27T10:26:57.144+0200,dw05,4B92,238,2761,45,-808,2641,3.15,72235
ground-height-0m-20260825-163632,d028m_r090_run01.csv,0,28,90,dw00;dw01;dw02;dw03;dw04;dw05;dw06;dw07;dw08,dw00;dw01;dw02;dw03;dw04;dw05;dw06;dw07;dw08,dw07;dw08,90,1,2026-08-27T10:26:57.234+0200,dw04,0F85,215,2759,10,-1399,2378,2.50,62225
ground-height-0m-20260825-163632,d028m_r090_run01.csv,0,28,90,dw00;dw01;dw02;dw03;dw04;dw05;dw06;dw07;dw08,dw00;dw01;dw02;dw03;dw04;dw05;dw06;dw07;dw08,dw07;dw08,75,1,2026-08-27T10:26:57.285+0200,dw03,021B,161,2753,-34,-2168,1697,3.21,12268
ground-height-0m-20260825-163632,d028m_r090_run01.csv,0,28,90,dw00;dw01;dw02;dw03;dw04;dw05;dw06;dw07;dw08,dw00;dw01;dw02;dw03;dw04;dw05;dw06;dw07;dw08,dw07;dw08,15,1,2026-08-27T10:26:57.305+0200,dw00,8103,206,2780,-166,1721,2183,2.26,32226
ground-height-0m-20260825-163632,d028m_r090_run01.csv,0,28,90,dw00;dw01;dw02;dw03;dw04;dw05;dw06;dw07;dw08,dw00;dw01;dw02;dw03;dw04;dw05;dw06;dw07;dw08,dw07;dw08,35,1,2026-08-27T10:26:57.316+0200,dw01,1729,22,2768,-148,2028,1885,2.14,42388
ground-height-0m-20260825-163632,d028m_r090_run01.csv,0,28,90,dw00;dw01;dw02;dw03;dw04;dw05;dw06;dw07;dw08,dw00;dw01;dw02;dw03;dw04;dw05;dw06;dw07;dw08,dw07;dw08,55,1,2026-08-27T10:26:57.325+0200,dw02,8FB0,78,2758,-98,2758,0,2.83,52276
ground-height-0m-20260825-163632,d028m_r090_run01.csv,0,28,90,dw00;dw01;dw02;dw03;dw04;dw05;dw06;dw07;dw08,dw00;dw01;dw02;dw03;dw04;dw05;dw06;dw07;dw08,dw07;dw08,105,1,2026-08-27T10:26:57.345+0200,dw05,4B92,239,2767,49,-738,2667,3.15,72235
ground-height-0m-20260825-163632,d028m_r090_run01.csv,0,28,90,dw00;dw01;dw02;dw03;dw04;dw05;dw06;dw07;dw08,dw00;dw01;dw02;dw03;dw04;dw05;dw06;dw07;dw08,dw07;dw08,90,1,2026-08-27T10:26:57.434+0200,dw04,0F85,216,2761,6,-1467,2338,2.53,62225
ground-height-0m-20260825-163632,d028m_r090_run01.csv,0,28,90,dw00;dw01;dw02;dw03;dw04;dw05;dw06;dw07;dw08,dw00;dw01;dw02;dw03;dw04;dw05;dw06;dw07;dw08,dw07;dw08,125,1,2026-08-27T10:26:57.471+0200,dw06,0789,9,2766,89,-57,2765,1.99,2147483
ground-height-0m-20260825-163632,d028m_r090_run01.csv,0,28,90,dw00;dw01;dw02;dw03;dw04;dw05;dw06;dw07;dw08,dw00;dw01;dw02;dw03;dw04;dw05;dw06;dw07;dw08,dw07;dw08,75,1,2026-08-27T10:26:57.484+0200,dw03,021B,162,2754,-28,-2059,1829,3.27,12268
ground-height-0m-20260825-163632,d028m_r090_run01.csv,0,28,90,dw00;dw01;dw02;dw03;dw04;dw05;dw06;dw07;dw08,dw00;dw01;dw02;dw03;dw04;dw05;dw06;dw07;dw08,dw07;dw08,15,1,2026-08-27T10:26:57.505+0200,dw00,8103,207,2778,-164,1758,2151,2.26,32226
ground-height-0m-20260825-163632,d028m_r090_run01.csv,0,28,90,dw00;dw01;dw02;dw03;dw04;dw05;dw06;dw07;dw08,dw00;dw01;dw02;dw03;dw04;dw05;dw06;dw07;dw08,dw07;dw08,35,1,2026-08-27T10:26:57.515+0200,dw01,1729,23,2766,-131,2312,1518,2.08,42327
ground-height-0m-20260825-163632,d028m_r090_run01.csv,0,28,90,dw00;dw01;dw02;dw03;dw04;dw05;dw06;dw07;dw08,dw00;dw01;dw02;dw03;dw04;dw05;dw06;dw07;dw08,dw07;dw08,55,1,2026-08-27T10:26:57.524+0200,dw02,8FB0,79,2760,-99,2760,0,2.71,52337
ground-height-0m-20260825-163632,d028m_r090_run01.csv,0,28,90,dw00;dw01;dw02;dw03;dw04;dw05;dw06;dw07;dw08,dw00;dw01;dw02;dw03;dw04;dw05;dw06;dw07;dw08,dw07;dw08,105,1,2026-08-27T10:26:57.545+0200,dw05,4B92,240,2761,49,-730,2663,3.15,72265
ground-height-0m-20260825-163632,d028m_r090_run01.csv,0,28,90,dw00;dw01;dw02;dw03;dw04;dw05;dw06;dw07;dw08,dw00;dw01;dw02;dw03;dw04;dw05;dw06;dw07;dw08,dw07;dw08,90,1,2026-08-27T10:26:57.635+0200,dw04,0F85,217,2762,1,-1557,2281,2.59,62255
ground-height-0m-20260825-163632,d028m_r090_run01.csv,0,28,90,dw00;dw01;dw02;dw03;dw04;dw05;dw06;dw07;dw08,dw00;dw01;dw02;dw03;dw04;dw05;dw06;dw07;dw08,dw07;dw08,125,1,2026-08-27T10:26:57.655+0200,dw06,0789,10,2758,105,212,2750,1.87,82305
ground-height-0m-20260825-163632,d028m_r090_run01.csv,0,28,90,dw00;dw01;dw02;dw03;dw04;dw05;dw06;dw07;dw08,dw00;dw01;dw02;dw03;dw04;dw05;dw06;dw07;dw08,dw07;dw08,75,1,2026-08-27T10:26:57.684+0200,dw03,021B,163,2752,-50,-2434,1282,3.27,12268
ground-height-0m-20260825-163632,d028m_r090_run01.csv,0,28,90,dw00;dw01;dw02;dw03;dw04;dw05;dw06;dw07;dw08,dw00;dw01;dw02;dw03;dw04;dw05;dw06;dw07;dw08,dw07;dw08,15,1,2026-08-27T10:26:57.705+0200,dw00,8103,208,2781,-148,2033,1897,2.14,32226
ground-height-0m-20260825-163632,d028m_r090_run01.csv,0,28,90,dw00;dw01;dw02;dw03;dw04;dw05;dw06;dw07;dw08,dw00;dw01;dw02;dw03;dw04;dw05;dw06;dw07;dw08,dw07;dw08,35,1,2026-08-27T10:26:57.715+0200,dw01,1729,24,2767,-142,2129,1766,2.08,42327
ground-height-0m-20260825-163632,d028m_r090_run01.csv,0,28,90,dw00;dw01;dw02;dw03;dw04;dw05;dw06;dw07;dw08,dw00;dw01;dw02;dw03;dw04;dw05;dw06;dw07;dw08,dw07;dw08,55,1,2026-08-27T10:26:57.724+0200,dw02,8FB0,80,2761,-93,2761,0,2.89,52307
ground-height-0m-20260825-163632,d028m_r090_run01.csv,0,28,90,dw00;dw01;dw02;dw03;dw04;dw05;dw06;dw07;dw08,dw00;dw01;dw02;dw03;dw04;dw05;dw06;dw07;dw08,dw07;dw08,105,1,2026-08-27T10:26:57.745+0200,dw05,4B92,241,2764,43,-850,2630,3.15,72265
ground-height-0m-20260825-163632,d028m_r090_run01.csv,0,28,90,dw00;dw01;dw02;dw03;dw04;dw05;dw06;dw07;dw08,dw00;dw01;dw02;dw03;dw04;dw05;dw06;dw07;dw08,dw07;dw08,90,1,2026-08-27T10:26:57.835+0200,dw04,0F85,218,2759,6,-1471,2334,2.50,62255
ground-height-0m-20260825-163632,d028m_r090_run01.csv,0,28,90,dw00;dw01;dw02;dw03;dw04;dw05;dw06;dw07;dw08,dw00;dw01;dw02;dw03;dw04;dw05;dw06;dw07;dw08,dw07;dw08,125,1,2026-08-27T10:26:57.854+0200,dw06,0789,11,2763,97,85,2762,1.75,82275
ground-height-0m-20260825-163632,d028m_r090_run01.csv,0,28,90,dw00;dw01;dw02;dw03;dw04;dw05;dw06;dw07;dw08,dw00;dw01;dw02;dw03;dw04;dw05;dw06;dw07;dw08,dw07;dw08,75,1,2026-08-27T10:26:57.885+0200,dw03,021B,164,2752,-34,-2156,1710,3.15,12298
ground-height-0m-20260825-163632,d028m_r090_run01.csv,0,28,90,dw00;dw01;dw02;dw03;dw04;dw05;dw06;dw07;dw08,dw00;dw01;dw02;dw03;dw04;dw05;dw06;dw07;dw08,dw07;dw08,15,1,2026-08-27T10:26:57.904+0200,dw00,8103,209,2781,-155,1917,2014,2.20,32226
ground-height-0m-20260825-163632,d028m_r090_run01.csv,0,28,90,dw00;dw01;dw02;dw03;dw04;dw05;dw06;dw07;dw08,dw00;dw01;dw02;dw03;dw04;dw05;dw06;dw07;dw08,dw07;dw08,35,1,2026-08-27T10:26:57.915+0200,dw01,1729,25,2771,-129,2342,1481,2.26,42358
ground-height-0m-20260825-163632,d028m_r090_run01.csv,0,28,90,dw00;dw01;dw02;dw03;dw04;dw05;dw06;dw07;dw08,dw00;dw01;dw02;dw03;dw04;dw05;dw06;dw07;dw08,dw07;dw08,55,1,2026-08-27T10:26:57.925+0200,dw02,8FB0,81,2760,-81,-2760,0,2.83,52276
ground-height-0m-20260825-163632,d028m_r090_run01.csv,0,28,90,dw00;dw01;dw02;dw03;dw04;dw05;dw06;dw07;dw08,dw00;dw01;dw02;dw03;dw04;dw05;dw06;dw07;dw08,dw07;dw08,105,1,2026-08-27T10:26:57.944+0200,dw05,4B92,242,2763,45,-806,2643,3.27,72235
ground-height-0m-20260825-163632,d028m_r090_run01.csv,0,28,90,dw00;dw01;dw02;dw03;dw04;dw05;dw06;dw07;dw08,dw00;dw01;dw02;dw03;dw04;dw05;dw06;dw07;dw08,dw07;dw08,90,1,2026-08-27T10:26:58.034+0200,dw04,0F85,219,2765,-2,-1632,2231,2.53,62194
ground-height-0m-20260825-163632,d028m_r090_run01.csv,0,28,90,dw00;dw01;dw02;dw03;dw04;dw05;dw06;dw07;dw08,dw00;dw01;dw02;dw03;dw04;dw05;dw06;dw07;dw08,dw07;dw08,125,1,2026-08-27T10:26:58.054+0200,dw06,0789,12,2763,96,68,2762,1.69,82305
ground-height-0m-20260825-163632,d028m_r090_run01.csv,0,28,90,dw00;dw01;dw02;dw03;dw04;dw05;dw06;dw07;dw08,dw00;dw01;dw02;dw03;dw04;dw05;dw06;dw07;dw08,dw07;dw08,75,1,2026-08-27T10:26:58.085+0200,dw03,021B,165,2752,-27,-2046,1839,3.27,12268
ground-height-0m-20260825-163632,d028m_r090_run01.csv,0,28,90,dw00;dw01;dw02;dw03;dw04;dw05;dw06;dw07;dw08,dw00;dw01;dw02;dw03;dw04;dw05;dw06;dw07;dw08,dw07;dw08,15,1,2026-08-27T10:26:58.104+0200,dw00,8103,210,2779,-164,1759,2152,2.20,32226
ground-height-0m-20260825-163632,d028m_r090_run01.csv,0,28,90,dw00;dw01;dw02;dw03;dw04;dw05;dw06;dw07;dw08,dw00;dw01;dw02;dw03;dw04;dw05;dw06;dw07;dw08,dw07;dw08,35,1,2026-08-27T10:26:58.115+0200,dw01,1729,26,2771,-139,2168,1725,2.26,42358
ground-height-0m-20260825-163632,d028m_r090_run01.csv,0,28,90,dw00;dw01;dw02;dw03;dw04;dw05;dw06;dw07;dw08,dw00;dw01;dw02;dw03;dw04;dw05;dw06;dw07;dw08,dw07;dw08,55,1,2026-08-27T10:26:58.125+0200,dw02,8FB0,82,2760,-106,2719,469,2.83,52337
ground-height-0m-20260825-163632,d028m_r090_run01.csv,0,28,90,dw00;dw01;dw02;dw03;dw04;dw05;dw06;dw07;dw08,dw00;dw01;dw02;dw03;dw04;dw05;dw06;dw07;dw08,dw07;dw08,105,1,2026-08-27T10:26:58.144+0200,dw05,4B92,243,2762,53,-664,2681,3.15,72235
ground-height-0m-20260825-163632,d028m_r090_run01.csv,0,28,90,dw00;dw01;dw02;dw03;dw04;dw05;dw06;dw07;dw08,dw00;dw01;dw02;dw03;dw04;dw05;dw06;dw07;dw08,dw07;dw08,90,1,2026-08-27T10:26:58.234+0200,dw04,0F85,220,2762,4,-1513,2311,2.50,62225
ground-height-0m-20260825-163632,d028m_r090_run01.csv,0,28,90,dw00;dw01;dw02;dw03;dw04;dw05;dw06;dw07;dw08,dw00;dw01;dw02;dw03;dw04;dw05;dw06;dw07;dw08,dw07;dw08,125,1,2026-08-27T10:26:58.255+0200,dw06,0789,13,2761,94,25,2760,1.93,82366
ground-height-0m-20260825-163632,d028m_r090_run01.csv,0,28,90,dw00;dw01;dw02;dw03;dw04;dw05;dw06;dw07;dw08,dw00;dw01;dw02;dw03;dw04;dw05;dw06;dw07;dw08,dw07;dw08,75,1,2026-08-27T10:26:58.284+0200,dw03,021B,166,2753,-45,-2347,1438,3.21,12268
ground-height-0m-20260825-163632,d028m_r090_run01.csv,0,28,90,dw00;dw01;dw02;dw03;dw04;dw05;dw06;dw07;dw08,dw00;dw01;dw02;dw03;dw04;dw05;dw06;dw07;dw08,dw07;dw08,15,1,2026-08-27T10:26:58.306+0200,dw00,8103,211,2780,-152,1957,1975,2.02,32257
ground-height-0m-20260825-163632,d028m_r090_run01.csv,0,28,90,dw00;dw01;dw02;dw03;dw04;dw05;dw06;dw07;dw08,dw00;dw01;dw02;dw03;dw04;dw05;dw06;dw07;dw08,dw07;dw08,35,1,2026-08-27T10:26:58.314+0200,dw01,1729,27,2767,-128,2359,1446,2.08,42327
ground-height-0m-20260825-163632,d028m_r090_run01.csv,0,28,90,dw00;dw01;dw02;dw03;dw04;dw05;dw06;dw07;dw08,dw00;dw01;dw02;dw03;dw04;dw05;dw06;dw07;dw08,dw07;dw08,55,1,2026-08-27T10:26:58.324+0200,dw02,8FB0,83,2761,-97,2760,0,2.83,52307
ground-height-0m-20260825-163632,d028m_r090_run01.csv,0,28,90,dw00;dw01;dw02;dw03;dw04;dw05;dw06;dw07;dw08,dw00;dw01;dw02;dw03;dw04;dw05;dw06;dw07;dw08,dw07;dw08,105,1,2026-08-27T10:26:58.344+0200,dw05,4B92,244,2760,49,-737,2659,3.09,72296
ground-height-0m-20260825-163632,d028m_r090_run01.csv,0,28,90,dw00;dw01;dw02;dw03;dw04;dw05;dw06;dw07;dw08,dw00;dw01;dw02;dw03;dw04;dw05;dw06;dw07;dw08,dw07;dw08,90,1,2026-08-27T10:26:58.434+0200,dw04,0F85,221,2762,5,-1482,2331,2.44,62255
ground-height-0m-20260825-163632,d028m_r090_run01.csv,0,28,90,dw00;dw01;dw02;dw03;dw04;dw05;dw06;dw07;dw08,dw00;dw01;dw02;dw03;dw04;dw05;dw06;dw07;dw08,dw07;dw08,75,1,2026-08-27T10:26:58.484+0200,dw03,021B,167,2755,-32,-2129,1748,3.21,12268
ground-height-0m-20260825-163632,d028m_r090_run01.csv,0,28,90,dw00;dw01;dw02;dw03;dw04;dw05;dw06;dw07;dw08,dw00;dw01;dw02;dw03;dw04;dw05;dw06;dw07;dw08,dw07;dw08,15,1,2026-08-27T10:26:58.505+0200,dw00,8103,212,2781,-151,1971,1962,2.08,32226
ground-height-0m-20260825-163632,d028m_r090_run01.csv,0,28,90,dw00;dw01;dw02;dw03;dw04;dw05;dw06;dw07;dw08,dw00;dw01;dw02;dw03;dw04;dw05;dw06;dw07;dw08,dw07;dw08,35,1,2026-08-27T10:26:58.514+0200,dw01,1729,28,2767,-138,2193,1687,2.14,42327
ground-height-0m-20260825-163632,d028m_r090_run01.csv,0,28,90,dw00;dw01;dw02;dw03;dw04;dw05;dw06;dw07;dw08,dw00;dw01;dw02;dw03;dw04;dw05;dw06;dw07;dw08,dw07;dw08,55,1,2026-08-27T10:26:58.524+0200,dw02,8FB0,84,2758,-97,2758,0,2.83,52337
ground-height-0m-20260825-163632,d028m_r090_run01.csv,0,28,90,dw00;dw01;dw02;dw03;dw04;dw05;dw06;dw07;dw08,dw00;dw01;dw02;dw03;dw04;dw05;dw06;dw07;dw08,dw07;dw08,105,1,2026-08-27T10:26:58.545+0200,dw05,4B92,245,2764,47,-773,2653,3.21,72204
ground-height-0m-20260825-163632,d028m_r090_run01.csv,0,28,90,dw00;dw01;dw02;dw03;dw04;dw05;dw06;dw07;dw08,dw00;dw01;dw02;dw03;dw04;dw05;dw06;dw07;dw08,dw07;dw08,90,1,2026-08-27T10:26:58.635+0200,dw04,0F85,222,2762,0,-1567,2274,2.59,62255
ground-height-0m-20260825-163632,d028m_r090_run01.csv,0,28,90,dw00;dw01;dw02;dw03;dw04;dw05;dw06;dw07;dw08,dw00;dw01;dw02;dw03;dw04;dw05;dw06;dw07;dw08,dw07;dw08,125,1,2026-08-27T10:26:58.670+0200,dw06,0789,15,2763,93,4,2763,1.99,2147483
ground-height-0m-20260825-163632,d028m_r090_run01.csv,0,28,90,dw00;dw01;dw02;dw03;dw04;dw05;dw06;dw07;dw08,dw00;dw01;dw02;dw03;dw04;dw05;dw06;dw07;dw08,dw07;dw08,75,1,2026-08-27T10:26:58.684+0200,dw03,021B,168,2754,-43,-2307,1504,3.27,12268
ground-height-0m-20260825-163632,d028m_r090_run01.csv,0,28,90,dw00;dw01;dw02;dw03;dw04;dw05;dw06;dw07;dw08,dw00;dw01;dw02;dw03;dw04;dw05;dw06;dw07;dw08,dw07;dw08,15,1,2026-08-27T10:26:58.704+0200,dw00,8103,213,2777,-154,1927,2000,2.02,32226
ground-height-0m-20260825-163632,d028m_r090_run01.csv,0,28,90,dw00;dw01;dw02;dw03;dw04;dw05;dw06;dw07;dw08,dw00;dw01;dw02;dw03;dw04;dw05;dw06;dw07;dw08,dw07;dw08,35,1,2026-08-27T10:26:58.715+0200,dw01,1729,29,2765,-136,2221,1645,2.14,42327
ground-height-0m-20260825-163632,d028m_r090_run01.csv,0,28,90,dw00;dw01;dw02;dw03;dw04;dw05;dw06;dw07;dw08,dw00;dw01;dw02;dw03;dw04;dw05;dw06;dw07;dw08,dw07;dw08,55,1,2026-08-27T10:26:58.724+0200,dw02,8FB0,85,2765,-90,2765,0,2.89,52337
ground-height-0m-20260825-163632,d028m_r090_run01.csv,0,28,90,dw00;dw01;dw02;dw03;dw04;dw05;dw06;dw07;dw08,dw00;dw01;dw02;dw03;dw04;dw05;dw06;dw07;dw08,dw07;dw08,105,1,2026-08-27T10:26:58.744+0200,dw05,4B92,246,2761,56,-612,2692,3.21,72235
ground-height-0m-20260825-163632,d028m_r090_run01.csv,0,28,90,dw00;dw01;dw02;dw03;dw04;dw05;dw06;dw07;dw08,dw00;dw01;dw02;dw03;dw04;dw05;dw06;dw07;dw08,dw07;dw08,90,1,2026-08-27T10:26:58.834+0200,dw04,0F85,223,2764,4,-1498,2323,2.53,62194
ground-height-0m-20260825-163632,d028m_r090_run01.csv,0,28,90,dw00;dw01;dw02;dw03;dw04;dw05;dw06;dw07;dw08,dw00;dw01;dw02;dw03;dw04;dw05;dw06;dw07;dw08,dw07;dw08,125,1,2026-08-27T10:26:58.854+0200,dw06,0789,16,2762,107,241,2752,1.87,82336
ground-height-0m-20260825-163632,d028m_r090_run01.csv,0,28,90,dw00;dw01;dw02;dw03;dw04;dw05;dw06;dw07;dw08,dw00;dw01;dw02;dw03;dw04;dw05;dw06;dw07;dw08,dw07;dw08,75,1,2026-08-27T10:26:58.885+0200,dw03,021B,169,2752,-44,-2328,1467,3.27,12268
ground-height-0m-20260825-163632,d028m_r090_run01.csv,0,28,90,dw00;dw01;dw02;dw03;dw04;dw05;dw06;dw07;dw08,dw00;dw01;dw02;dw03;dw04;dw05;dw06;dw07;dw08,dw07;dw08,15,1,2026-08-27T10:26:58.904+0200,dw00,8103,214,2781,-163,1773,2142,2.08,32287
ground-height-0m-20260825-163632,d028m_r090_run01.csv,0,28,90,dw00;dw01;dw02;dw03;dw04;dw05;dw06;dw07;dw08,dw00;dw01;dw02;dw03;dw04;dw05;dw06;dw07;dw08,dw07;dw08,35,1,2026-08-27T10:26:58.914+0200,dw01,1729,30,2768,-133,2283,1565,2.14,42327
ground-height-0m-20260825-163632,d028m_r090_run01.csv,0,28,90,dw00;dw01;dw02;dw03;dw04;dw05;dw06;dw07;dw08,dw00;dw01;dw02;dw03;dw04;dw05;dw06;dw07;dw08,dw07;dw08,55,1,2026-08-27T10:26:58.925+0200,dw02,8FB0,86,2761,-94,2761,0,2.89,52307
ground-height-0m-20260825-163632,d028m_r090_run01.csv,0,28,90,dw00;dw01;dw02;dw03;dw04;dw05;dw06;dw07;dw08,dw00;dw01;dw02;dw03;dw04;dw05;dw06;dw07;dw08,dw07;dw08,105,1,2026-08-27T10:26:58.944+0200,dw05,4B92,247,2761,51,-698,2672,3.15,72296
ground-height-0m-20260825-163632,d028m_r090_run01.csv,0,28,90,dw00;dw01;dw02;dw03;dw04;dw05;dw06;dw07;dw08,dw00;dw01;dw02;dw03;dw04;dw05;dw06;dw07;dw08,dw07;dw08,90,1,2026-08-27T10:26:59.034+0200,dw04,0F85,224,2761,4,-1496,2321,2.53,62225
ground-height-0m-20260825-163632,d028m_r090_run01.csv,0,28,90,dw00;dw01;dw02;dw03;dw04;dw05;dw06;dw07;dw08,dw00;dw01;dw02;dw03;dw04;dw05;dw06;dw07;dw08,dw07;dw08,125,1,2026-08-27T10:26:59.054+0200,dw06,0789,17,2757,98,86,2756,1.93,82336
ground-height-0m-20260825-163632,d028m_r090_run01.csv,0,28,90,dw00;dw01;dw02;dw03;dw04;dw05;dw06;dw07;dw08,dw00;dw01;dw02;dw03;dw04;dw05;dw06;dw07;dw08,dw07;dw08,75,1,2026-08-27T10:26:59.084+0200,dw03,021B,170,2754,-45,-2350,1435,3.33,12268
ground-height-0m-20260825-163632,d028m_r090_run01.csv,0,28,90,dw00;dw01;dw02;dw03;dw04;dw05;dw06;dw07;dw08,dw00;dw01;dw02;dw03;dw04;dw05;dw06;dw07;dw08,dw07;dw08,15,1,2026-08-27T10:26:59.104+0200,dw00,8103,215,2776,-161,1810,2105,2.02,32196
ground-height-0m-20260825-163632,d028m_r090_run01.csv,0,28,90,dw00;dw01;dw02;dw03;dw04;dw05;dw06;dw07;dw08,dw00;dw01;dw02;dw03;dw04;dw05;dw06;dw07;dw08,dw07;dw08,35,1,2026-08-27T10:26:59.114+0200,dw01,1729,31,2768,-130,2330,1494,2.20,42358
ground-height-0m-20260825-163632,d028m_r090_run01.csv,0,28,90,dw00;dw01;dw02;dw03;dw04;dw05;dw06;dw07;dw08,dw00;dw01;dw02;dw03;dw04;dw05;dw06;dw07;dw08,dw07;dw08,55,1,2026-08-27T10:26:59.124+0200,dw02,8FB0,87,2764,-112,2627,858,2.89,52307
ground-height-0m-20260825-163632,d028m_r090_run01.csv,0,28,90,dw00;dw01;dw02;dw03;dw04;dw05;dw06;dw07;dw08,dw00;dw01;dw02;dw03;dw04;dw05;dw06;dw07;dw08,dw07;dw08,105,1,2026-08-27T10:26:59.144+0200,dw05,4B92,248,2767,52,-690,2680,3.21,72235
ground-height-0m-20260825-163632,d028m_r090_run01.csv,0,28,90,dw00;dw01;dw02;dw03;dw04;dw05;dw06;dw07;dw08,dw00;dw01;dw02;dw03;dw04;dw05;dw06;dw07;dw08,dw07;dw08,90,1,2026-08-27T10:26:59.234+0200,dw04,0F85,225,2757,3,-1511,2306,2.53,62255
ground-height-0m-20260825-163632,d028m_r090_run01.csv,0,28,90,dw00;dw01;dw02;dw03;dw04;dw05;dw06;dw07;dw08,dw00;dw01;dw02;dw03;dw04;dw05;dw06;dw07;dw08,dw07;dw08,125,1,2026-08-27T10:26:59.255+0200,dw06,0789,18,2765,98,96,2763,1.93,82305
ground-height-0m-20260825-163632,d028m_r090_run01.csv,0,28,90,dw00;dw01;dw02;dw03;dw04;dw05;dw06;dw07;dw08,dw00;dw01;dw02;dw03;dw04;dw05;dw06;dw07;dw08,dw07;dw08,75,1,2026-08-27T10:26:59.284+0200,dw03,021B,171,2753,-39,-2250,1586,3.33,12268
ground-height-0m-20260825-163632,d028m_r090_run01.csv,0,28,90,dw00;dw01;dw02;dw03;dw04;dw05;dw06;dw07;dw08,dw00;dw01;dw02;dw03;dw04;dw05;dw06;dw07;dw08,dw07;dw08,15,1,2026-08-27T10:26:59.304+0200,dw00,8103,216,2777,-154,1928,1998,1.99,32348
ground-height-0m-20260825-163632,d028m_r090_run01.csv,0,28,90,dw00;dw01;dw02;dw03;dw04;dw05;dw06;dw07;dw08,dw00;dw01;dw02;dw03;dw04;dw05;dw06;dw07;dw08,dw07;dw08,35,1,2026-08-27T10:26:59.314+0200,dw01,1729,32,2769,-118,2537,1111,2.20,42358
ground-height-0m-20260825-163632,d028m_r090_run01.csv,0,28,90,dw00;dw01;dw02;dw03;dw04;dw05;dw06;dw07;dw08,dw00;dw01;dw02;dw03;dw04;dw05;dw06;dw07;dw08,dw07;dw08,55,1,2026-08-27T10:26:59.324+0200,dw02,8FB0,88,2765,-89,2765,0,2.77,52307
ground-height-0m-20260825-163632,d028m_r090_run01.csv,0,28,90,dw00;dw01;dw02;dw03;dw04;dw05;dw06;dw07;dw08,dw00;dw01;dw02;dw03;dw04;dw05;dw06;dw07;dw08,dw07;dw08,105,1,2026-08-27T10:26:59.344+0200,dw05,4B92,249,2764,45,-800,2646,3.33,72204
ground-height-0m-20260825-163632,d028m_r090_run01.csv,0,28,90,dw00;dw01;dw02;dw03;dw04;dw05;dw06;dw07;dw08,dw00;dw01;dw02;dw03;dw04;dw05;dw06;dw07;dw08,dw07;dw08,90,1,2026-08-27T10:26:59.434+0200,dw04,0F85,226,2762,-2,-1616,2240,2.44,62255
ground-height-0m-20260825-163632,d028m_r090_run01.csv,0,28,90,dw00;dw01;dw02;dw03;dw04;dw05;dw06;dw07;dw08,dw00;dw01;dw02;dw03;dw04;dw05;dw06;dw07;dw08,dw07;dw08,125,1,2026-08-27T10:26:59.454+0200,dw06,0789,19,2765,94,26,2765,1.93,82336
ground-height-0m-20260825-163632,d028m_r090_run01.csv,0,28,90,dw00;dw01;dw02;dw03;dw04;dw05;dw06;dw07;dw08,dw00;dw01;dw02;dw03;dw04;dw05;dw06;dw07;dw08,dw07;dw08,75,1,2026-08-27T10:26:59.484+0200,dw03,021B,172,2756,-41,-2274,1557,3.33,12268
ground-height-0m-20260825-163632,d028m_r090_run01.csv,0,28,90,dw00;dw01;dw02;dw03;dw04;dw05;dw06;dw07;dw08,dw00;dw01;dw02;dw03;dw04;dw05;dw06;dw07;dw08,dw07;dw08,15,1,2026-08-27T10:26:59.504+0200,dw00,8103,217,2776,-145,2081,1837,1.93,32287
ground-height-0m-20260825-163632,d028m_r090_run01.csv,0,28,90,dw00;dw01;dw02;dw03;dw04;dw05;dw06;dw07;dw08,dw00;dw01;dw02;dw03;dw04;dw05;dw06;dw07;dw08,dw07;dw08,35,1,2026-08-27T10:26:59.514+0200,dw01,1729,33,2768,-140,2159,1731,2.14,42388
ground-height-0m-20260825-163632,d028m_r090_run01.csv,0,28,90,dw00;dw01;dw02;dw03;dw04;dw05;dw06;dw07;dw08,dw00;dw01;dw02;dw03;dw04;dw05;dw06;dw07;dw08,dw07;dw08,55,1,2026-08-27T10:26:59.524+0200,dw02,8FB0,89,2761,-99,2761,0,2.95,52307
ground-height-0m-20260825-163632,d028m_r090_run01.csv,0,28,90,dw00;dw01;dw02;dw03;dw04;dw05;dw06;dw07;dw08,dw00;dw01;dw02;dw03;dw04;dw05;dw06;dw07;dw08,dw07;dw08,105,1,2026-08-27T10:26:59.544+0200,dw05,4B92,250,2762,50,-719,2667,3.15,72265
ground-height-0m-20260825-163632,d028m_r090_run01.csv,0,28,90,dw00;dw01;dw02;dw03;dw04;dw05;dw06;dw07;dw08,dw00;dw01;dw02;dw03;dw04;dw05;dw06;dw07;dw08,dw07;dw08,90,1,2026-08-27T10:26:59.633+0200,dw04,0F85,227,2764,4,-1508,2316,2.53,62225
ground-height-0m-20260825-163632,d028m_r090_run01.csv,0,28,90,dw00;dw01;dw02;dw03;dw04;dw05;dw06;dw07;dw08,dw00;dw01;dw02;dw03;dw04;dw05;dw06;dw07;dw08,dw07;dw08,125,1,2026-08-27T10:26:59.654+0200,dw06,0789,20,2761,94,24,2760,1.93,82305
ground-height-0m-20260825-163632,d028m_r090_run01.csv,0,28,90,dw00;dw01;dw02;dw03;dw04;dw05;dw06;dw07;dw08,dw00;dw01;dw02;dw03;dw04;dw05;dw06;dw07;dw08,dw07;dw08,75,1,2026-08-27T10:26:59.684+0200,dw03,021B,173,2750,-40,-2263,1563,3.33,12268
ground-height-0m-20260825-163632,d028m_r090_run01.csv,0,28,90,dw00;dw01;dw02;dw03;dw04;dw05;dw06;dw07;dw08,dw00;dw01;dw02;dw03;dw04;dw05;dw06;dw07;dw08,dw07;dw08,15,1,2026-08-27T10:26:59.704+0200,dw00,8103,218,2776,-143,2104,1810,2.02,32287
ground-height-0m-20260825-163632,d028m_r090_run01.csv,0,28,90,dw00;dw01;dw02;dw03;dw04;dw05;dw06;dw07;dw08,dw00;dw01;dw02;dw03;dw04;dw05;dw06;dw07;dw08,dw07;dw08,35,1,2026-08-27T10:26:59.715+0200,dw01,1729,34,2767,-139,2167,1720,2.20,42327
ground-height-0m-20260825-163632,d028m_r090_run01.csv,0,28,90,dw00;dw01;dw02;dw03;dw04;dw05;dw06;dw07;dw08,dw00;dw01;dw02;dw03;dw04;dw05;dw06;dw07;dw08,dw07;dw08,55,1,2026-08-27T10:26:59.724+0200,dw02,8FB0,90,2757,-98,2757,0,2.89,52337
ground-height-0m-20260825-163632,d028m_r090_run01.csv,0,28,90,dw00;dw01;dw02;dw03;dw04;dw05;dw06;dw07;dw08,dw00;dw01;dw02;dw03;dw04;dw05;dw06;dw07;dw08,dw07;dw08,105,1,2026-08-27T10:26:59.744+0200,dw05,4B92,251,2761,41,-868,2621,3.27,72235
ground-height-0m-20260825-163632,d028m_r090_run01.csv,0,28,90,dw00;dw01;dw02;dw03;dw04;dw05;dw06;dw07;dw08,dw00;dw01;dw02;dw03;dw04;dw05;dw06;dw07;dw08,dw07;dw08,90,1,2026-08-27T10:26:59.834+0200,dw04,0F85,228,2765,3,-1524,2307,2.53,62255
ground-height-0m-20260825-163632,d028m_r090_run01.csv,0,28,90,dw00;dw01;dw02;dw03;dw04;dw05;dw06;dw07;dw08,dw00;dw01;dw02;dw03;dw04;dw05;dw06;dw07;dw08,dw07;dw08,125,1,2026-08-27T10:26:59.854+0200,dw06,0789,21,2763,103,182,2757,1.93,82305
ground-height-0m-20260825-163632,d028m_r090_run01.csv,0,28,90,dw00;dw01;dw02;dw03;dw04;dw05;dw06;dw07;dw08,dw00;dw01;dw02;dw03;dw04;dw05;dw06;dw07;dw08,dw07;dw08,75,1,2026-08-27T10:26:59.883+0200,dw03,021B,174,2754,-40,-2266,1565,3.27,12298
ground-height-0m-20260825-163632,d028m_r090_run01.csv,0,28,90,dw00;dw01;dw02;dw03;dw04;dw05;dw06;dw07;dw08,dw00;dw01;dw02;dw03;dw04;dw05;dw06;dw07;dw08,dw07;dw08,15,1,2026-08-27T10:26:59.904+0200,dw00,8103,219,2778,-158,1850,2073,1.87,32318
ground-height-0m-20260825-163632,d028m_r090_run01.csv,0,28,90,dw00;dw01;dw02;dw03;dw04;dw05;dw06;dw07;dw08,dw00;dw01;dw02;dw03;dw04;dw05;dw06;dw07;dw08,dw07;dw08,35,1,2026-08-27T10:26:59.914+0200,dw01,1729,35,2769,-134,2257,1604,2.20,42358
ground-height-0m-20260825-163632,d028m_r090_run01.csv,0,28,90,dw00;dw01;dw02;dw03;dw04;dw05;dw06;dw07;dw08,dw00;dw01;dw02;dw03;dw04;dw05;dw06;dw07;dw08,dw07;dw08,55,1,2026-08-27T10:26:59.923+0200,dw02,8FB0,91,2761,-106,2730,410,3.06,52307
ground-height-0m-20260825-163632,d028m_r090_run01.csv,0,28,90,dw00;dw01;dw02;dw03;dw04;dw05;dw06;dw07;dw08,dw00;dw01;dw02;dw03;dw04;dw05;dw06;dw07;dw08,dw07;dw08,105,1,2026-08-27T10:26:59.944+0200,dw05,4B92,252,2761,41,-881,2617,3.21,72235
ground-height-0m-20260825-163632,d028m_r090_run01.csv,0,28,90,dw00;dw01;dw02;dw03;dw04;dw05;dw06;dw07;dw08,dw00;dw01;dw02;dw03;dw04;dw05;dw06;dw07;dw08,dw07;dw08,90,1,2026-08-27T10:27:00.034+0200,dw04,0F85,229,2763,7,-1450,2352,2.59,62225
ground-height-0m-20260825-163632,d028m_r090_run01.csv,0,28,90,dw00;dw01;dw02;dw03;dw04;dw05;dw06;dw07;dw08,dw00;dw01;dw02;dw03;dw04;dw05;dw06;dw07;dw08,dw07;dw08,125,1,2026-08-27T10:27:00.054+0200,dw06,0789,22,2762,100,124,2759,1.87,82305
ground-height-0m-20260825-163632,d028m_r090_run01.csv,0,28,90,dw00;dw01;dw02;dw03;dw04;dw05;dw06;dw07;dw08,dw00;dw01;dw02;dw03;dw04;dw05;dw06;dw07;dw08,dw07;dw08,75,1,2026-08-27T10:27:00.084+0200,dw03,021B,175,2755,-39,-2242,1601,3.27,12237
ground-height-0m-20260825-163632,d028m_r090_run01.csv,0,28,90,dw00;dw01;dw02;dw03;dw04;dw05;dw06;dw07;dw08,dw00;dw01;dw02;dw03;dw04;dw05;dw06;dw07;dw08,dw07;dw08,15,1,2026-08-27T10:27:00.104+0200,dw00,8103,220,2779,-169,1671,2220,1.93,32257
ground-height-0m-20260825-163632,d028m_r090_run01.csv,0,28,90,dw00;dw01;dw02;dw03;dw04;dw05;dw06;dw07;dw08,dw00;dw01;dw02;dw03;dw04;dw05;dw06;dw07;dw08,dw07;dw08,35,1,2026-08-27T10:27:00.114+0200,dw01,1729,36,2771,-136,2230,1644,2.26,42358
ground-height-0m-20260825-163632,d028m_r090_run01.csv,0,28,90,dw00;dw01;dw02;dw03;dw04;dw05;dw06;dw07;dw08,dw00;dw01;dw02;dw03;dw04;dw05;dw06;dw07;dw08,dw07;dw08,55,1,2026-08-27T10:27:00.124+0200,dw02,8FB0,92,2755,-85,-2755,0,2.95,52307
ground-height-0m-20260825-163632,d028m_r090_run01.csv,0,28,90,dw00;dw01;dw02;dw03;dw04;dw05;dw06;dw07;dw08,dw00;dw01;dw02;dw03;dw04;dw05;dw06;dw07;dw08,dw07;dw08,105,1,2026-08-27T10:27:00.144+0200,dw05,4B92,253,2765,45,-811,2643,3.09,72235
ground-height-0m-20260825-163632,d028m_r090_run01.csv,0,28,90,dw00;dw01;dw02;dw03;dw04;dw05;dw06;dw07;dw08,dw00;dw01;dw02;dw03;dw04;dw05;dw06;dw07;dw08,dw07;dw08,90,1,2026-08-27T10:27:00.234+0200,dw04,0F85,230,2760,1,-1548,2284,2.59,62255
ground-height-0m-20260825-163632,d028m_r090_run01.csv,0,28,90,dw00;dw01;dw02;dw03;dw04;dw05;dw06;dw07;dw08,dw00;dw01;dw02;dw03;dw04;dw05;dw06;dw07;dw08,dw07;dw08,125,1,2026-08-27T10:27:00.254+0200,dw06,0789,23,2762,99,111,2760,1.93,82336
ground-height-0m-20260825-163632,d028m_r090_run01.csv,0,28,90,dw00;dw01;dw02;dw03;dw04;dw05;dw06;dw07;dw08,dw00;dw01;dw02;dw03;dw04;dw05;dw06;dw07;dw08,dw07;dw08,75,1,2026-08-27T10:27:00.284+0200,dw03,021B,176,2757,-36,-2191,1673,3.21,12298
ground-height-0m-20260825-163632,d028m_r090_run01.csv,0,28,90,dw00;dw01;dw02;dw03;dw04;dw05;dw06;dw07;dw08,dw00;dw01;dw02;dw03;dw04;dw05;dw06;dw07;dw08,dw07;dw08,15,1,2026-08-27T10:27:00.303+0200,dw00,8103,221,2776,-166,1719,2179,1.99,32287
ground-height-0m-20260825-163632,d028m_r090_run01.csv,0,28,90,dw00;dw01;dw02;dw03;dw04;dw05;dw06;dw07;dw08,dw00;dw01;dw02;dw03;dw04;dw05;dw06;dw07;dw08,dw07;dw08,35,1,2026-08-27T10:27:00.314+0200,dw01,1729,37,2769,-131,2313,1522,2.14,42327
ground-height-0m-20260825-163632,d028m_r090_run01.csv,0,28,90,dw00;dw01;dw02;dw03;dw04;dw05;dw06;dw07;dw08,dw00;dw01;dw02;dw03;dw04;dw05;dw06;dw07;dw08,dw07;dw08,55,1,2026-08-27T10:27:00.324+0200,dw02,8FB0,93,2761,-91,2761,0,2.95,52276
ground-height-0m-20260825-163632,d028m_r090_run01.csv,0,28,90,dw00;dw01;dw02;dw03;dw04;dw05;dw06;dw07;dw08,dw00;dw01;dw02;dw03;dw04;dw05;dw06;dw07;dw08,dw07;dw08,105,1,2026-08-27T10:27:00.343+0200,dw05,4B92,254,2761,44,-830,2633,3.21,72235
ground-height-0m-20260825-163632,d028m_r090_run01.csv,0,28,90,dw00;dw01;dw02;dw03;dw04;dw05;dw06;dw07;dw08,dw00;dw01;dw02;dw03;dw04;dw05;dw06;dw07;dw08,dw07;dw08,90,1,2026-08-27T10:27:00.433+0200,dw04,0F85,231,2764,1,-1549,2289,2.53,62194
ground-height-0m-20260825-163632,d028m_r090_run01.csv,0,28,90,dw00;dw01;dw02;dw03;dw04;dw05;dw06;dw07;dw08,dw00;dw01;dw02;dw03;dw04;dw05;dw06;dw07;dw08,dw07;dw08,125,1,2026-08-27T10:27:00.454+0200,dw06,0789,24,2760,100,125,2757,1.93,82275
ground-height-0m-20260825-163632,d028m_r090_run01.csv,0,28,90,dw00;dw01;dw02;dw03;dw04;dw05;dw06;dw07;dw08,dw00;dw01;dw02;dw03;dw04;dw05;dw06;dw07;dw08,dw07;dw08,75,1,2026-08-27T10:27:00.483+0200,dw03,021B,177,2755,-35,-2186,1677,3.27,12268
ground-height-0m-20260825-163632,d028m_r090_run01.csv,0,28,90,dw00;dw01;dw02;dw03;dw04;dw05;dw06;dw07;dw08,dw00;dw01;dw02;dw03;dw04;dw05;dw06;dw07;dw08,dw07;dw08,15,1,2026-08-27T10:27:00.503+0200,dw00,8103,222,2776,-153,1948,1977,1.81,32318
ground-height-0m-20260825-163632,d028m_r090_run01.csv,0,28,90,dw00;dw01;dw02;dw03;dw04;dw05;dw06;dw07;dw08,dw00;dw01;dw02;dw03;dw04;dw05;dw06;dw07;dw08,dw07;dw08,35,1,2026-08-27T10:27:00.514+0200,dw01,1729,38,2771,-135,2245,1624,2.20,42358
ground-height-0m-20260825-163632,d028m_r090_run01.csv,0,28,90,dw00;dw01;dw02;dw03;dw04;dw05;dw06;dw07;dw08,dw00;dw01;dw02;dw03;dw04;dw05;dw06;dw07;dw08,dw07;dw08,55,1,2026-08-27T10:27:00.523+0200,dw02,8FB0,94,2757,-87,2757,0,3.06,52337
ground-height-0m-20260825-163632,d028m_r090_run01.csv,0,28,90,dw00;dw01;dw02;dw03;dw04;dw05;dw06;dw07;dw08,dw00;dw01;dw02;dw03;dw04;dw05;dw06;dw07;dw08,dw07;dw08,105,1,2026-08-27T10:27:00.543+0200,dw05,4B92,255,2765,44,-831,2637,3.33,72265
ground-height-0m-20260825-163632,d028m_r090_run01.csv,0,28,90,dw00;dw01;dw02;dw03;dw04;dw05;dw06;dw07;dw08,dw00;dw01;dw02;dw03;dw04;dw05;dw06;dw07;dw08,dw07;dw08,90,1,2026-08-27T10:27:00.633+0200,dw04,0F85,232,2761,10,-1399,2380,2.53,62225
ground-height-0m-20260825-163632,d028m_r090_run01.csv,0,28,90,dw00;dw01;dw02;dw03;dw04;dw05;dw06;dw07;dw08,dw00;dw01;dw02;dw03;dw04;dw05;dw06;dw07;dw08,dw07;dw08,125,1,2026-08-27T10:27:00.653+0200,dw06,0789,25,2764,92,-13,2764,1.93,82305
ground-height-0m-20260825-163632,d028m_r090_run01.csv,0,28,90,dw00;dw01;dw02;dw03;dw04;dw05;dw06;dw07;dw08,dw00;dw01;dw02;dw03;dw04;dw05;dw06;dw07;dw08,dw07;dw08,75,1,2026-08-27T10:27:00.682+0200,dw03,021B,178,2753,-52,-2462,1231,3.33,12268
ground-height-0m-20260825-163632,d028m_r090_run01.csv,0,28,90,dw00;dw01;dw02;dw03;dw04;dw05;dw06;dw07;dw08,dw00;dw01;dw02;dw03;dw04;dw05;dw06;dw07;dw08,dw07;dw08,15,1,2026-08-27T10:27:00.703+0200,dw00,8103,223,2777,-156,1892,2033,1.99,32287
ground-height-0m-20260825-163632,d028m_r090_run01.csv,0,28,90,dw00;dw01;dw02;dw03;dw04;dw05;dw06;dw07;dw08,dw00;dw01;dw02;dw03;dw04;dw05;dw06;dw07;dw08,dw07;dw08,35,1,2026-08-27T10:27:00.713+0200,dw01,1729,39,2764,-140,2151,1735,2.26,42358
ground-height-0m-20260825-163632,d028m_r090_run01.csv,0,28,90,dw00;dw01;dw02;dw03;dw04;dw05;dw06;dw07;dw08,dw00;dw01;dw02;dw03;dw04;dw05;dw06;dw07;dw08,dw07;dw08,55,1,2026-08-27T10:27:00.722+0200,dw02,8FB0,95,2758,-105,2743,287,2.95,52307
ground-height-0m-20260825-163632,d028m_r090_run01.csv,0,28,90,dw00;dw01;dw02;dw03;dw04;dw05;dw06;dw07;dw08,dw00;dw01;dw02;dw03;dw04;dw05;dw06;dw07;dw08,dw07;dw08,105,1,2026-08-27T10:27:00.743+0200,dw05,4B92,0,2762,52,-695,2673,3.27,72235
ground-height-0m-20260825-163632,d028m_r090_run01.csv,0,28,90,dw00;dw01;dw02;dw03;dw04;dw05;dw06;dw07;dw08,dw00;dw01;dw02;dw03;dw04;dw05;dw06;dw07;dw08,dw07;dw08,90,1,2026-08-27T10:27:00.833+0200,dw04,0F85,233,2760,9,-1413,2371,2.65,62286
ground-height-0m-20260825-163632,d028m_r090_run01.csv,0,28,90,dw00;dw01;dw02;dw03;dw04;dw05;dw06;dw07;dw08,dw00;dw01;dw02;dw03;dw04;dw05;dw06;dw07;dw08,dw07;dw08,125,1,2026-08-27T10:27:00.853+0200,dw06,0789,26,2762,102,169,2757,1.75,82305
ground-height-0m-20260825-163632,d028m_r090_run01.csv,0,28,90,dw00;dw01;dw02;dw03;dw04;dw05;dw06;dw07;dw08,dw00;dw01;dw02;dw03;dw04;dw05;dw06;dw07;dw08,dw07;dw08,75,1,2026-08-27T10:27:00.882+0200,dw03,021B,179,2751,-36,-2186,1670,3.21,12268
ground-height-0m-20260825-163632,d028m_r090_run01.csv,0,28,90,dw00;dw01;dw02;dw03;dw04;dw05;dw06;dw07;dw08,dw00;dw01;dw02;dw03;dw04;dw05;dw06;dw07;dw08,dw07;dw08,15,1,2026-08-27T10:27:00.903+0200,dw00,8103,224,2779,-157,1876,2050,1.81,32287
ground-height-0m-20260825-163632,d028m_r090_run01.csv,0,28,90,dw00;dw01;dw02;dw03;dw04;dw05;dw06;dw07;dw08,dw00;dw01;dw02;dw03;dw04;dw05;dw06;dw07;dw08,dw07;dw08,35,1,2026-08-27T10:27:00.913+0200,dw01,1729,40,2767,-139,2171,1716,2.20,42358
ground-height-0m-20260825-163632,d028m_r090_run01.csv,0,28,90,dw00;dw01;dw02;dw03;dw04;dw05;dw06;dw07;dw08,dw00;dw01;dw02;dw03;dw04;dw05;dw06;dw07;dw08,dw07;dw08,55,1,2026-08-27T10:27:00.922+0200,dw02,8FB0,96,2759,-101,2759,0,2.83,52276
ground-height-0m-20260825-163632,d028m_r090_run01.csv,0,28,90,dw00;dw01;dw02;dw03;dw04;dw05;dw06;dw07;dw08,dw00;dw01;dw02;dw03;dw04;dw05;dw06;dw07;dw08,dw07;dw08,105,1,2026-08-27T10:27:00.943+0200,dw05,4B92,1,2766,52,-689,2679,3.15,72265
ground-height-0m-20260825-163632,d028m_r090_run01.csv,0,28,90,dw00;dw01;dw02;dw03;dw04;dw05;dw06;dw07;dw08,dw00;dw01;dw02;dw03;dw04;dw05;dw06;dw07;dw08,dw07;dw08,90,1,2026-08-27T10:27:01.033+0200,dw04,0F85,234,2760,2,-1534,2294,2.53,62255
ground-height-0m-20260825-163632,d028m_r090_run01.csv,0,28,90,dw00;dw01;dw02;dw03;dw04;dw05;dw06;dw07;dw08,dw00;dw01;dw02;dw03;dw04;dw05;dw06;dw07;dw08,dw07;dw08,125,1,2026-08-27T10:27:01.052+0200,dw06,0789,27,2763,95,42,2763,1.99,82305
ground-height-0m-20260825-163632,d028m_r090_run01.csv,0,28,90,dw00;dw01;dw02;dw03;dw04;dw05;dw06;dw07;dw08,dw00;dw01;dw02;dw03;dw04;dw05;dw06;dw07;dw08,dw07;dw08,75,1,2026-08-27T10:27:01.083+0200,dw03,021B,180,2754,-52,-2469,1220,3.27,12268
ground-height-0m-20260825-163632,d028m_r090_run01.csv,0,28,90,dw00;dw01;dw02;dw03;dw04;dw05;dw06;dw07;dw08,dw00;dw01;dw02;dw03;dw04;dw05;dw06;dw07;dw08,dw07;dw08,15,1,2026-08-27T10:27:01.102+0200,dw00,8103,225,2777,-151,1972,1955,1.87,32318
ground-height-0m-20260825-163632,d028m_r090_run01.csv,0,28,90,dw00;dw01;dw02;dw03;dw04;dw05;dw06;dw07;dw08,dw00;dw01;dw02;dw03;dw04;dw05;dw06;dw07;dw08,dw07;dw08,35,1,2026-08-27T10:27:01.113+0200,dw01,1729,41,2772,-125,2420,1351,2.14,42327
ground-height-0m-20260825-163632,d028m_r090_run01.csv,0,28,90,dw00;dw01;dw02;dw03;dw04;dw05;dw06;dw07;dw08,dw00;dw01;dw02;dw03;dw04;dw05;dw06;dw07;dw08,dw07;dw08,55,1,2026-08-27T10:27:01.123+0200,dw02,8FB0,97,2760,-99,2760,0,2.95,52337
ground-height-0m-20260825-163632,d028m_r090_run01.csv,0,28,90,dw00;dw01;dw02;dw03;dw04;dw05;dw06;dw07;dw08,dw00;dw01;dw02;dw03;dw04;dw05;dw06;dw07;dw08,dw07;dw08,105,1,2026-08-27T10:27:01.142+0200,dw05,4B92,2,2762,48,-764,2655,3.21,72235
ground-height-0m-20260825-163632,d028m_r090_run01.csv,0,28,90,dw00;dw01;dw02;dw03;dw04;dw05;dw06;dw07;dw08,dw00;dw01;dw02;dw03;dw04;dw05;dw06;dw07;dw08,dw07;dw08,90,1,2026-08-27T10:27:01.232+0200,dw04,0F85,235,2761,0,-1582,2263,2.65,62225
ground-height-0m-20260825-163632,d028m_r090_run01.csv,0,28,90,dw00;dw01;dw02;dw03;dw04;dw05;dw06;dw07;dw08,dw00;dw01;dw02;dw03;dw04;dw05;dw06;dw07;dw08,dw07;dw08,125,1,2026-08-27T10:27:01.252+0200,dw06,0789,28,2763,99,105,2761,1.93,82336
ground-height-0m-20260825-163632,d028m_r090_run01.csv,0,28,90,dw00;dw01;dw02;dw03;dw04;dw05;dw06;dw07;dw08,dw00;dw01;dw02;dw03;dw04;dw05;dw06;dw07;dw08,dw07;dw08,75,1,2026-08-27T10:27:01.283+0200,dw03,021B,181,2754,-46,-2360,1420,3.33,12268
ground-height-0m-20260825-163632,d028m_r090_run01.csv,0,28,90,dw00;dw01;dw02;dw03;dw04;dw05;dw06;dw07;dw08,dw00;dw01;dw02;dw03;dw04;dw05;dw06;dw07;dw08,dw07;dw08,15,1,2026-08-27T10:27:01.302+0200,dw00,8103,226,2779,-159,1837,2085,1.93,32287
ground-height-0m-20260825-163632,d028m_r090_run01.csv,0,28,90,dw00;dw01;dw02;dw03;dw04;dw05;dw06;dw07;dw08,dw00;dw01;dw02;dw03;dw04;dw05;dw06;dw07;dw08,dw07;dw08,35,1,2026-08-27T10:27:01.313+0200,dw01,1729,42,2770,-125,2410,1365,2.32,42358
ground-height-0m-20260825-163632,d028m_r090_run01.csv,0,28,90,dw00;dw01;dw02;dw03;dw04;dw05;dw06;dw07;dw08,dw00;dw01;dw02;dw03;dw04;dw05;dw06;dw07;dw08,dw07;dw08,55,1,2026-08-27T10:27:01.323+0200,dw02,8FB0,98,2759,-94,2759,0,3.06,52307
ground-height-0m-20260825-163632,d028m_r090_run01.csv,0,28,90,dw00;dw01;dw02;dw03;dw04;dw05;dw06;dw07;dw08,dw00;dw01;dw02;dw03;dw04;dw05;dw06;dw07;dw08,dw07;dw08,105,1,2026-08-27T10:27:01.342+0200,dw05,4B92,3,2763,50,-718,2668,3.27,72265
ground-height-0m-20260825-163632,d028m_r090_run01.csv,0,28,90,dw00;dw01;dw02;dw03;dw04;dw05;dw06;dw07;dw08,dw00;dw01;dw02;dw03;dw04;dw05;dw06;dw07;dw08,dw07;dw08,90,1,2026-08-27T10:27:01.432+0200,dw04,0F85,236,2764,-6,-1698,2181,2.59,62255
ground-height-0m-20260825-163632,d028m_r090_run01.csv,0,28,90,dw00;dw01;dw02;dw03;dw04;dw05;dw06;dw07;dw08,dw00;dw01;dw02;dw03;dw04;dw05;dw06;dw07;dw08,dw07;dw08,125,1,2026-08-27T10:27:01.453+0200,dw06,0789,29,2760,89,-66,2759,1.93,82305
ground-height-0m-20260825-163632,d028m_r090_run01.csv,0,28,90,dw00;dw01;dw02;dw03;dw04;dw05;dw06;dw07;dw08,dw00;dw01;dw02;dw03;dw04;dw05;dw06;dw07;dw08,dw07;dw08,75,1,2026-08-27T10:27:01.482+0200,dw03,021B,182,2753,-37,-2220,1628,3.21,12268
ground-height-0m-20260825-163632,d028m_r090_run01.csv,0,28,90,dw00;dw01;dw02;dw03;dw04;dw05;dw06;dw07;dw08,dw00;dw01;dw02;dw03;dw04;dw05;dw06;dw07;dw08,dw07;dw08,15,1,2026-08-27T10:27:01.502+0200,dw00,8103,227,2777,-151,1982,1945,1.69,32287
ground-height-0m-20260825-163632,d028m_r090_run01.csv,0,28,90,dw00;dw01;dw02;dw03;dw04;dw05;dw06;dw07;dw08,dw00;dw01;dw02;dw03;dw04;dw05;dw06;dw07;dw08,dw07;dw08,35,1,2026-08-27T10:27:01.512+0200,dw01,1729,43,2768,-133,2273,1578,2.14,42327
ground-height-0m-20260825-163632,d028m_r090_run01.csv,0,28,90,dw00;dw01;dw02;dw03;dw04;dw05;dw06;dw07;dw08,dw00;dw01;dw02;dw03;dw04;dw05;dw06;dw07;dw08,dw07;dw08,55,1,2026-08-27T10:27:01.522+0200,dw02,8FB0,99,2757,-90,2757,0,2.89,52307
ground-height-0m-20260825-163632,d028m_r090_run01.csv,0,28,90,dw00;dw01;dw02;dw03;dw04;dw05;dw06;dw07;dw08,dw00;dw01;dw02;dw03;dw04;dw05;dw06;dw07;dw08,dw07;dw08,105,1,2026-08-27T10:27:01.542+0200,dw05,4B92,4,2761,50,-727,2664,3.09,72235
ground-height-0m-20260825-163632,d028m_r090_run01.csv,0,28,90,dw00;dw01;dw02;dw03;dw04;dw05;dw06;dw07;dw08,dw00;dw01;dw02;dw03;dw04;dw05;dw06;dw07;dw08,dw07;dw08,90,1,2026-08-27T10:27:01.632+0200,dw04,0F85,237,2762,1,-1558,2281,2.59,62225
ground-height-0m-20260825-163632,d028m_r090_run01.csv,0,28,90,dw00;dw01;dw02;dw03;dw04;dw05;dw06;dw07;dw08,dw00;dw01;dw02;dw03;dw04;dw05;dw06;dw07;dw08,dw07;dw08,125,1,2026-08-27T10:27:01.653+0200,dw06,0789,30,2766,96,60,2765,1.87,82336
ground-height-0m-20260825-163632,d028m_r090_run01.csv,0,28,90,dw00;dw01;dw02;dw03;dw04;dw05;dw06;dw07;dw08,dw00;dw01;dw02;dw03;dw04;dw05;dw06;dw07;dw08,dw07;dw08,75,1,2026-08-27T10:27:01.682+0200,dw03,021B,183,2756,-42,-2297,1522,3.21,12268
ground-height-0m-20260825-163632,d028m_r090_run01.csv,0,28,90,dw00;dw01;dw02;dw03;dw04;dw05;dw06;dw07;dw08,dw00;dw01;dw02;dw03;dw04;dw05;dw06;dw07;dw08,dw07;dw08,15,1,2026-08-27T10:27:01.703+0200,dw00,8103,228,2781,-159,1845,2081,1.69,32287
ground-height-0m-20260825-163632,d028m_r090_run01.csv,0,28,90,dw00;dw01;dw02;dw03;dw04;dw05;dw06;dw07;dw08,dw00;dw01;dw02;dw03;dw04;dw05;dw06;dw07;dw08,dw07;dw08,35,1,2026-08-27T10:27:01.712+0200,dw01,1729,44,2767,-133,2277,1570,2.08,42327
ground-height-0m-20260825-163632,d028m_r090_run01.csv,0,28,90,dw00;dw01;dw02;dw03;dw04;dw05;dw06;dw07;dw08,dw00;dw01;dw02;dw03;dw04;dw05;dw06;dw07;dw08,dw07;dw08,55,1,2026-08-27T10:27:01.722+0200,dw02,8FB0,100,2763,-96,2763,0,2.95,52337
ground-height-0m-20260825-163632,d028m_r090_run01.csv,0,28,90,dw00;dw01;dw02;dw03;dw04;dw05;dw06;dw07;dw08,dw00;dw01;dw02;dw03;dw04;dw05;dw06;dw07;dw08,dw07;dw08,105,1,2026-08-27T10:27:01.743+0200,dw05,4B92,5,2764,44,-826,2638,3.27,72235
ground-height-0m-20260825-163632,d028m_r090_run01.csv,0,28,90,dw00;dw01;dw02;dw03;dw04;dw05;dw06;dw07;dw08,dw00;dw01;dw02;dw03;dw04;dw05;dw06;dw07;dw08,dw07;dw08,90,1,2026-08-27T10:27:01.832+0200,dw04,0F85,238,2761,13,-1346,2410,2.53,62255
ground-height-0m-20260825-163632,d028m_r090_run01.csv,0,28,90,dw00;dw01;dw02;dw03;dw04;dw05;dw06;dw07;dw08,dw00;dw01;dw02;dw03;dw04;dw05;dw06;dw07;dw08,dw07;dw08,125,1,2026-08-27T10:27:01.852+0200,dw06,0789,31,2761,97,71,2760,1.87,82275
ground-height-0m-20260825-163632,d028m_r090_run01.csv,0,28,90,dw00;dw01;dw02;dw03;dw04;dw05;dw06;dw07;dw08,dw00;dw01;dw02;dw03;dw04;dw05;dw06;dw07;dw08,dw07;dw08,75,1,2026-08-27T10:27:01.882+0200,dw03,021B,184,2753,-51,-2457,1243,3.33,12268
ground-height-0m-20260825-163632,d028m_r090_run01.csv,0,28,90,dw00;dw01;dw02;dw03;dw04;dw05;dw06;dw07;dw08,dw00;dw01;dw02;dw03;dw04;dw05;dw06;dw07;dw08,dw07;dw08,15,1,2026-08-27T10:27:01.902+0200,dw00,8103,229,2781,-155,1907,2024,1.75,32287
ground-height-0m-20260825-163632,d028m_r090_run01.csv,0,28,90,dw00;dw01;dw02;dw03;dw04;dw05;dw06;dw07;dw08,dw00;dw01;dw02;dw03;dw04;dw05;dw06;dw07;dw08,dw07;dw08,35,1,2026-08-27T10:27:01.912+0200,dw01,1729,45,2767,-130,2327,1497,2.14,42358
ground-height-0m-20260825-163632,d028m_r090_run01.csv,0,28,90,dw00;dw01;dw02;dw03;dw04;dw05;dw06;dw07;dw08,dw00;dw01;dw02;dw03;dw04;dw05;dw06;dw07;dw08,dw07;dw08,55,1,2026-08-27T10:27:01.922+0200,dw02,8FB0,101,2760,-96,2760,0,2.95,52337
ground-height-0m-20260825-163632,d028m_r090_run01.csv,0,28,90,dw00;dw01;dw02;dw03;dw04;dw05;dw06;dw07;dw08,dw00;dw01;dw02;dw03;dw04;dw05;dw06;dw07;dw08,dw07;dw08,105,1,2026-08-27T10:27:01.942+0200,dw05,4B92,6,2761,56,-616,2691,3.21,72235
ground-height-0m-20260825-163632,d028m_r090_run01.csv,0,28,90,dw00;dw01;dw02;dw03;dw04;dw05;dw06;dw07;dw08,dw00;dw01;dw02;dw03;dw04;dw05;dw06;dw07;dw08,dw07;dw08,90,1,2026-08-27T10:27:02.032+0200,dw04,0F85,239,2764,11,-1389,2389,2.53,62225
ground-height-0m-20260825-163632,d028m_r090_run01.csv,0,28,90,dw00;dw01;dw02;dw03;dw04;dw05;dw06;dw07;dw08,dw00;dw01;dw02;dw03;dw04;dw05;dw06;dw07;dw08,dw07;dw08,125,1,2026-08-27T10:27:02.052+0200,dw06,0789,32,2761,102,167,2756,1.81,82305
ground-height-0m-20260825-163632,d028m_r090_run01.csv,0,28,90,dw00;dw01;dw02;dw03;dw04;dw05;dw06;dw07;dw08,dw00;dw01;dw02;dw03;dw04;dw05;dw06;dw07;dw08,dw07;dw08,75,1,2026-08-27T10:27:02.082+0200,dw03,021B,185,2753,-35,-2183,1677,3.21,12268
ground-height-0m-20260825-163632,d028m_r090_run01.csv,0,28,90,dw00;dw01;dw02;dw03;dw04;dw05;dw06;dw07;dw08,dw00;dw01;dw02;dw03;dw04;dw05;dw06;dw07;dw08,dw07;dw08,15,1,2026-08-27T10:27:02.102+0200,dw00,8103,230,2776,-154,1925,2000,1.69,32287
ground-height-0m-20260825-163632,d028m_r090_run01.csv,0,28,90,dw00;dw01;dw02;dw03;dw04;dw05;dw06;dw07;dw08,dw00;dw01;dw02;dw03;dw04;dw05;dw06;dw07;dw08,dw07;dw08,35,1,2026-08-27T10:27:02.113+0200,dw01,1729,46,2766,-141,2135,1758,2.20,42388
ground-height-0m-20260825-163632,d028m_r090_run01.csv,0,28,90,dw00;dw01;dw02;dw03;dw04;dw05;dw06;dw07;dw08,dw00;dw01;dw02;dw03;dw04;dw05;dw06;dw07;dw08,dw07;dw08,55,1,2026-08-27T10:27:02.122+0200,dw02,8FB0,102,2760,-87,2760,0,3.01,52307
ground-height-0m-20260825-163632,d028m_r090_run01.csv,0,28,90,dw00;dw01;dw02;dw03;dw04;dw05;dw06;dw07;dw08,dw00;dw01;dw02;dw03;dw04;dw05;dw06;dw07;dw08,dw07;dw08,105,1,2026-08-27T10:27:02.142+0200,dw05,4B92,7,2766,55,-638,2691,3.21,72235
ground-height-0m-20260825-163632,d028m_r090_run01.csv,0,28,90,dw00;dw01;dw02;dw03;dw04;dw05;dw06;dw07;dw08,dw00;dw01;dw02;dw03;dw04;dw05;dw06;dw07;dw08,dw07;dw08,90,1,2026-08-27T10:27:02.232+0200,dw04,0F85,240,2762,3,-1513,2311,2.59,62225
ground-height-0m-20260825-163632,d028m_r090_run01.csv,0,28,90,dw00;dw01;dw02;dw03;dw04;dw05;dw06;dw07;dw08,dw00;dw01;dw02;dw03;dw04;dw05;dw06;dw07;dw08,dw07;dw08,125,1,2026-08-27T10:27:02.252+0200,dw06,0789,33,2758,90,-35,2758,1.87,82336
ground-height-0m-20260825-163632,d028m_r090_run01.csv,0,28,90,dw00;dw01;dw02;dw03;dw04;dw05;dw06;dw07;dw08,dw00;dw01;dw02;dw03;dw04;dw05;dw06;dw07;dw08,dw07;dw08,75,1,2026-08-27T10:27:02.282+0200,dw03,021B,186,2755,-31,-2105,1777,3.33,12298
ground-height-0m-20260825-163632,d028m_r090_run01.csv,0,28,90,dw00;dw01;dw02;dw03;dw04;dw05;dw06;dw07;dw08,dw00;dw01;dw02;dw03;dw04;dw05;dw06;dw07;dw08,dw07;dw08,15,1,2026-08-27T10:27:02.302+0200,dw00,8103,231,2782,-161,1810,2112,1.75,32318
ground-height-0m-20260825-163632,d028m_r090_run01.csv,0,28,90,dw00;dw01;dw02;dw03;dw04;dw05;dw06;dw07;dw08,dw00;dw01;dw02;dw03;dw04;dw05;dw06;dw07;dw08,dw07;dw08,35,1,2026-08-27T10:27:02.312+0200,dw01,1729,47,2765,-123,2444,1294,2.14,42358
ground-height-0m-20260825-163632,d028m_r090_run01.csv,0,28,90,dw00;dw01;dw02;dw03;dw04;dw05;dw06;dw07;dw08,dw00;dw01;dw02;dw03;dw04;dw05;dw06;dw07;dw08,dw07;dw08,55,1,2026-08-27T10:27:02.322+0200,dw02,8FB0,103,2764,-114,2603,929,2.95,52337
ground-height-0m-20260825-163632,d028m_r090_run01.csv,0,28,90,dw00;dw01;dw02;dw03;dw04;dw05;dw06;dw07;dw08,dw00;dw01;dw02;dw03;dw04;dw05;dw06;dw07;dw08,dw07;dw08,105,1,2026-08-27T10:27:02.342+0200,dw05,4B92,8,2765,45,-800,2646,3.21,72265
ground-height-0m-20260825-163632,d028m_r090_run01.csv,0,28,90,dw00;dw01;dw02;dw03;dw04;dw05;dw06;dw07;dw08,dw00;dw01;dw02;dw03;dw04;dw05;dw06;dw07;dw08,dw07;dw08,90,1,2026-08-27T10:27:02.432+0200,dw04,0F85,241,2766,3,-1528,2305,2.59,62255
ground-height-0m-20260825-163632,d028m_r090_run01.csv,0,28,90,dw00;dw01;dw02;dw03;dw04;dw05;dw06;dw07;dw08,dw00;dw01;dw02;dw03;dw04;dw05;dw06;dw07;dw08,dw07;dw08,125,1,2026-08-27T10:27:02.452+0200,dw06,0789,34,2763,94,21,2763,1.99,82336
ground-height-0m-20260825-163632,d028m_r090_run01.csv,0,28,90,dw00;dw01;dw02;dw03;dw04;dw05;dw06;dw07;dw08,dw00;dw01;dw02;dw03;dw04;dw05;dw06;dw07;dw08,dw07;dw08,75,1,2026-08-27T10:27:02.482+0200,dw03,021B,187,2753,-36,-2193,1665,3.33,12237
ground-height-0m-20260825-163632,d028m_r090_run01.csv,0,28,90,dw00;dw01;dw02;dw03;dw04;dw05;dw06;dw07;dw08,dw00;dw01;dw02;dw03;dw04;dw05;dw06;dw07;dw08,dw07;dw08,15,1,2026-08-27T10:27:02.502+0200,dw00,8103,232,2780,-162,1792,2125,1.69,32287
ground-height-0m-20260825-163632,d028m_r090_run01.csv,0,28,90,dw00;dw01;dw02;dw03;dw04;dw05;dw06;dw07;dw08,dw00;dw01;dw02;dw03;dw04;dw05;dw06;dw07;dw08,dw07;dw08,35,1,2026-08-27T10:27:02.512+0200,dw01,1729,48,2770,-131,2318,1517,2.20,42327
ground-height-0m-20260825-163632,d028m_r090_run01.csv,0,28,90,dw00;dw01;dw02;dw03;dw04;dw05;dw06;dw07;dw08,dw00;dw01;dw02;dw03;dw04;dw05;dw06;dw07;dw08,dw07;dw08,55,1,2026-08-27T10:27:02.522+0200,dw02,8FB0,104,2757,-97,2757,0,3.01,52307
ground-height-0m-20260825-163632,d028m_r090_run01.csv,0,28,90,dw00;dw01;dw02;dw03;dw04;dw05;dw06;dw07;dw08,dw00;dw01;dw02;dw03;dw04;dw05;dw06;dw07;dw08,dw07;dw08,105,1,2026-08-27T10:27:02.542+0200,dw05,4B92,9,2764,46,-788,2649,3.21,72235
ground-height-0m-20260825-163632,d028m_r090_run01.csv,0,28,90,dw00;dw01;dw02;dw03;dw04;dw05;dw06;dw07;dw08,dw00;dw01;dw02;dw03;dw04;dw05;dw06;dw07;dw08,dw07;dw08,90,1,2026-08-27T10:27:02.632+0200,dw04,0F85,242,2763,13,-1347,2412,2.59,62255
ground-height-0m-20260825-163632,d028m_r090_run01.csv,0,28,90,dw00;dw01;dw02;dw03;dw04;dw05;dw06;dw07;dw08,dw00;dw01;dw02;dw03;dw04;dw05;dw06;dw07;dw08,dw07;dw08,125,1,2026-08-27T10:27:02.652+0200,dw06,0789,35,2758,90,-41,2757,1.99,82305
ground-height-0m-20260825-163632,d028m_r090_run01.csv,0,28,90,dw00;dw01;dw02;dw03;dw04;dw05;dw06;dw07;dw08,dw00;dw01;dw02;dw03;dw04;dw05;dw06;dw07;dw08,dw07;dw08,75,1,2026-08-27T10:27:02.682+0200,dw03,021B,188,2752,-35,-2182,1677,3.15,12298
ground-height-0m-20260825-163632,d028m_r090_run01.csv,0,28,90,dw00;dw01;dw02;dw03;dw04;dw05;dw06;dw07;dw08,dw00;dw01;dw02;dw03;dw04;dw05;dw06;dw07;dw08,dw07;dw08,15,1,2026-08-27T10:27:02.701+0200,dw00,8103,233,2776,-155,1914,2010,1.69,32287
ground-height-0m-20260825-163632,d028m_r090_run01.csv,0,28,90,dw00;dw01;dw02;dw03;dw04;dw05;dw06;dw07;dw08,dw00;dw01;dw02;dw03;dw04;dw05;dw06;dw07;dw08,dw07;dw08,35,1,2026-08-27T10:27:02.712+0200,dw01,1729,49,2768,-119,2519,1149,2.14,42358
ground-height-0m-20260825-163632,d028m_r090_run01.csv,0,28,90,dw00;dw01;dw02;dw03;dw04;dw05;dw06;dw07;dw08,dw00;dw01;dw02;dw03;dw04;dw05;dw06;dw07;dw08,dw07;dw08,55,1,2026-08-27T10:27:02.722+0200,dw02,8FB0,105,2759,-93,2759,0,2.95,52307
ground-height-0m-20260825-163632,d028m_r090_run01.csv,0,28,90,dw00;dw01;dw02;dw03;dw04;dw05;dw06;dw07;dw08,dw00;dw01;dw02;dw03;dw04;dw05;dw06;dw07;dw08,dw07;dw08,105,1,2026-08-27T10:27:02.741+0200,dw05,4B92,10,2763,43,-840,2632,3.33,72235
ground-height-0m-20260825-163632,d028m_r090_run01.csv,0,28,90,dw00;dw01;dw02;dw03;dw04;dw05;dw06;dw07;dw08,dw00;dw01;dw02;dw03;dw04;dw05;dw06;dw07;dw08,dw07;dw08,90,1,2026-08-27T10:27:02.831+0200,dw04,0F85,243,2762,2,-1541,2292,2.71,62255
ground-height-0m-20260825-163632,d028m_r090_run01.csv,0,28,90,dw00;dw01;dw02;dw03;dw04;dw05;dw06;dw07;dw08,dw00;dw01;dw02;dw03;dw04;dw05;dw06;dw07;dw08,dw07;dw08,125,1,2026-08-27T10:27:02.852+0200,dw06,0789,36,2761,92,-6,2761,1.99,82305
ground-height-0m-20260825-163632,d028m_r090_run01.csv,0,28,90,dw00;dw01;dw02;dw03;dw04;dw05;dw06;dw07;dw08,dw00;dw01;dw02;dw03;dw04;dw05;dw06;dw07;dw08,dw07;dw08,75,1,2026-08-27T10:27:02.882+0200,dw03,021B,189,2751,-42,-2303,1504,3.27,12268
ground-height-0m-20260825-163632,d028m_r090_run01.csv,0,28,90,dw00;dw01;dw02;dw03;dw04;dw05;dw06;dw07;dw08,dw00;dw01;dw02;dw03;dw04;dw05;dw06;dw07;dw08,dw07;dw08,15,1,2026-08-27T10:27:02.902+0200,dw00,8103,234,2779,-154,1926,2003,1.75,32287
ground-height-0m-20260825-163632,d028m_r090_run01.csv,0,28,90,dw00;dw01;dw02;dw03;dw04;dw05;dw06;dw07;dw08,dw00;dw01;dw02;dw03;dw04;dw05;dw06;dw07;dw08,dw07;dw08,35,1,2026-08-27T10:27:02.913+0200,dw01,1729,50,2768,-130,2323,1504,2.26,42327
ground-height-0m-20260825-163632,d028m_r090_run01.csv,0,28,90,dw00;dw01;dw02;dw03;dw04;dw05;dw06;dw07;dw08,dw00;dw01;dw02;dw03;dw04;dw05;dw06;dw07;dw08,dw07;dw08,55,1,2026-08-27T10:27:02.922+0200,dw02,8FB0,106,2759,-100,2759,0,2.95,52337
ground-height-0m-20260825-163632,d028m_r090_run01.csv,0,28,90,dw00;dw01;dw02;dw03;dw04;dw05;dw06;dw07;dw08,dw00;dw01;dw02;dw03;dw04;dw05;dw06;dw07;dw08,dw07;dw08,105,1,2026-08-27T10:27:02.942+0200,dw05,4B92,11,2763,42,-862,2625,3.15,72265
ground-height-0m-20260825-163632,d028m_r090_run01.csv,0,28,90,dw00;dw01;dw02;dw03;dw04;dw05;dw06;dw07;dw08,dw00;dw01;dw02;dw03;dw04;dw05;dw06;dw07;dw08,dw07;dw08,90,1,2026-08-27T10:27:03.031+0200,dw04,0F85,244,2760,8,-1441,2353,2.71,62225
ground-height-0m-20260825-163632,d028m_r090_run01.csv,0,28,90,dw00;dw01;dw02;dw03;dw04;dw05;dw06;dw07;dw08,dw00;dw01;dw02;dw03;dw04;dw05;dw06;dw07;dw08,dw07;dw08,125,1,2026-08-27T10:27:03.052+0200,dw06,0789,37,2766,84,-136,2762,1.99,82305
ground-height-0m-20260825-163632,d028m_r090_run01.csv,0,28,90,dw00;dw01;dw02;dw03;dw04;dw05;dw06;dw07;dw08,dw00;dw01;dw02;dw03;dw04;dw05;dw06;dw07;dw08,dw07;dw08,75,1,2026-08-27T10:27:03.081+0200,dw03,021B,190,2750,-36,-2190,1663,3.27,12268
ground-height-0m-20260825-163632,d028m_r090_run01.csv,0,28,90,dw00;dw01;dw02;dw03;dw04;dw05;dw06;dw07;dw08,dw00;dw01;dw02;dw03;dw04;dw05;dw06;dw07;dw08,dw07;dw08,15,1,2026-08-27T10:27:03.102+0200,dw00,8103,235,2776,-154,1915,2009,1.69,32287
ground-height-0m-20260825-163632,d028m_r090_run01.csv,0,28,90,dw00;dw01;dw02;dw03;dw04;dw05;dw06;dw07;dw08,dw00;dw01;dw02;dw03;dw04;dw05;dw06;dw07;dw08,dw07;dw08,35,1,2026-08-27T10:27:03.112+0200,dw01,1729,51,2767,-125,2413,1353,2.20,42358
ground-height-0m-20260825-163632,d028m_r090_run01.csv,0,28,90,dw00;dw01;dw02;dw03;dw04;dw05;dw06;dw07;dw08,dw00;dw01;dw02;dw03;dw04;dw05;dw06;dw07;dw08,dw07;dw08,55,1,2026-08-27T10:27:03.121+0200,dw02,8FB0,107,2759,-99,2759,0,3.06,52307
ground-height-0m-20260825-163632,d028m_r090_run01.csv,0,28,90,dw00;dw01;dw02;dw03;dw04;dw05;dw06;dw07;dw08,dw00;dw01;dw02;dw03;dw04;dw05;dw06;dw07;dw08,dw07;dw08,105,1,2026-08-27T10:27:03.142+0200,dw05,4B92,12,2762,44,-819,2638,3.27,72235
ground-height-0m-20260825-163632,d028m_r090_run01.csv,0,28,90,dw00;dw01;dw02;dw03;dw04;dw05;dw06;dw07;dw08,dw00;dw01;dw02;dw03;dw04;dw05;dw06;dw07;dw08,dw07;dw08,90,1,2026-08-27T10:27:03.232+0200,dw04,0F85,245,2761,0,-1569,2272,2.65,62225
ground-height-0m-20260825-163632,d028m_r090_run01.csv,0,28,90,dw00;dw01;dw02;dw03;dw04;dw05;dw06;dw07;dw08,dw00;dw01;dw02;dw03;dw04;dw05;dw06;dw07;dw08,dw07;dw08,125,1,2026-08-27T10:27:03.252+0200,dw06,0789,38,2767,84,-146,2763,1.99,82305
ground-height-0m-20260825-163632,d028m_r090_run01.csv,0,28,90,dw00;dw01;dw02;dw03;dw04;dw05;dw06;dw07;dw08,dw00;dw01;dw02;dw03;dw04;dw05;dw06;dw07;dw08,dw07;dw08,75,1,2026-08-27T10:27:03.281+0200,dw03,021B,191,2752,-40,-2267,1559,3.27,12268
ground-height-0m-20260825-163632,d028m_r090_run01.csv,0,28,90,dw00;dw01;dw02;dw03;dw04;dw05;dw06;dw07;dw08,dw00;dw01;dw02;dw03;dw04;dw05;dw06;dw07;dw08,dw07;dw08,15,1,2026-08-27T10:27:03.302+0200,dw00,8103,236,2781,-154,1921,2011,1.63,32287
ground-height-0m-20260825-163632,d028m_r090_run01.csv,0,28,90,dw00;dw01;dw02;dw03;dw04;dw05;dw06;dw07;dw08,dw00;dw01;dw02;dw03;dw04;dw05;dw06;dw07;dw08,dw07;dw08,35,1,2026-08-27T10:27:03.312+0200,dw01,1729,52,2769,-122,2457,1278,2.20,42358
ground-height-0m-20260825-163632,d028m_r090_run01.csv,0,28,90,dw00;dw01;dw02;dw03;dw04;dw05;dw06;dw07;dw08,dw00;dw01;dw02;dw03;dw04;dw05;dw06;dw07;dw08,dw07;dw08,55,1,2026-08-27T10:27:03.321+0200,dw02,8FB0,108,2761,-101,2760,0,2.89,52307
ground-height-0m-20260825-163632,d028m_r090_run01.csv,0,28,90,dw00;dw01;dw02;dw03;dw04;dw05;dw06;dw07;dw08,dw00;dw01;dw02;dw03;dw04;dw05;dw06;dw07;dw08,dw07;dw08,105,1,2026-08-27T10:27:03.342+0200,dw05,4B92,13,2762,50,-722,2666,3.15,72265
ground-height-0m-20260825-163632,d028m_r090_run01.csv,0,28,90,dw00;dw01;dw02;dw03;dw04;dw05;dw06;dw07;dw08,dw00;dw01;dw02;dw03;dw04;dw05;dw06;dw07;dw08,dw07;dw08,90,1,2026-08-27T10:27:03.432+0200,dw04,0F85,246,2761,11,-1390,2386,2.59,62255
ground-height-0m-20260825-163632,d028m_r090_run01.csv,0,28,90,dw00;dw01;dw02;dw03;dw04;dw05;dw06;dw07;dw08,dw00;dw01;dw02;dw03;dw04;dw05;dw06;dw07;dw08,dw07;dw08,125,1,2026-08-27T10:27:03.451+0200,dw06,0789,39,2762,95,39,2762,2.08,82275
ground-height-0m-20260825-163632,d028m_r090_run01.csv,0,28,90,dw00;dw01;dw02;dw03;dw04;dw05;dw06;dw07;dw08,dw00;dw01;dw02;dw03;dw04;dw05;dw06;dw07;dw08,dw07;dw08,75,1,2026-08-27T10:27:03.482+0200,dw03,021B,192,2755,-41,-2275,1554,3.27,12268
ground-height-0m-20260825-163632,d028m_r090_run01.csv,0,28,90,dw00;dw01;dw02;dw03;dw04;dw05;dw06;dw07;dw08,dw00;dw01;dw02;dw03;dw04;dw05;dw06;dw07;dw08,dw07;dw08,15,1,2026-08-27T10:27:03.501+0200,dw00,8103,237,2779,-166,1724,2180,1.63,32287
ground-height-0m-20260825-163632,d028m_r090_run01.csv,0,28,90,dw00;dw01;dw02;dw03;dw04;dw05;dw06;dw07;dw08,dw00;dw01;dw02;dw03;dw04;dw05;dw06;dw07;dw08,dw07;dw08,35,1,2026-08-27T10:27:03.512+0200,dw01,1729,53,2766,-138,2187,1694,2.32,42327
ground-height-0m-20260825-163632,d028m_r090_run01.csv,0,28,90,dw00;dw01;dw02;dw03;dw04;dw05;dw06;dw07;dw08,dw00;dw01;dw02;dw03;dw04;dw05;dw06;dw07;dw08,dw07;dw08,55,1,2026-08-27T10:27:03.522+0200,dw02,8FB0,109,2761,-88,2761,0,3.06,52368
ground-height-0m-20260825-163632,d028m_r090_run01.csv,0,28,90,dw00;dw01;dw02;dw03;dw04;dw05;dw06;dw07;dw08,dw00;dw01;dw02;dw03;dw04;dw05;dw06;dw07;dw08,dw07;dw08,105,1,2026-08-27T10:27:03.541+0200,dw05,4B92,14,2761,49,-745,2659,3.27,72235
ground-height-0m-20260825-163632,d028m_r090_run01.csv,0,28,90,dw00;dw01;dw02;dw03;dw04;dw05;dw06;dw07;dw08,dw00;dw01;dw02;dw03;dw04;dw05;dw06;dw07;dw08,dw07;dw08,90,1,2026-08-27T10:27:03.631+0200,dw04,0F85,247,2765,12,-1377,2397,2.53,62255
ground-height-0m-20260825-163632,d028m_r090_run01.csv,0,28,90,dw00;dw01;dw02;dw03;dw04;dw05;dw06;dw07;dw08,dw00;dw01;dw02;dw03;dw04;dw05;dw06;dw07;dw08,dw07;dw08,125,1,2026-08-27T10:27:03.651+0200,dw06,0789,40,2765,89,-66,2764,1.93,82305
ground-height-0m-20260825-163632,d028m_r090_run01.csv,0,28,90,dw00;dw01;dw02;dw03;dw04;dw05;dw06;dw07;dw08,dw00;dw01;dw02;dw03;dw04;dw05;dw06;dw07;dw08,dw07;dw08,75,1,2026-08-27T10:27:03.682+0200,dw03,021B,193,2752,-24,-1986,1904,3.27,12268
ground-height-0m-20260825-163632,d028m_r090_run01.csv,0,28,90,dw00;dw01;dw02;dw03;dw04;dw05;dw06;dw07;dw08,dw00;dw01;dw02;dw03;dw04;dw05;dw06;dw07;dw08,dw07;dw08,15,1,2026-08-27T10:27:03.701+0200,dw00,8103,238,2777,-162,1793,2120,1.63,32287
ground-height-0m-20260825-163632,d028m_r090_run01.csv,0,28,90,dw00;dw01;dw02;dw03;dw04;dw05;dw06;dw07;dw08,dw00;dw01;dw02;dw03;dw04;dw05;dw06;dw07;dw08,dw07;dw08,35,1,2026-08-27T10:27:03.712+0200,dw01,1729,54,2770,-124,2435,1319,2.20,42358
ground-height-0m-20260825-163632,d028m_r090_run01.csv,0,28,90,dw00;dw01;dw02;dw03;dw04;dw05;dw06;dw07;dw08,dw00;dw01;dw02;dw03;dw04;dw05;dw06;dw07;dw08,dw07;dw08,55,1,2026-08-27T10:27:03.722+0200,dw02,8FB0,110,2761,-88,2760,0,3.01,52307
ground-height-0m-20260825-163632,d028m_r090_run01.csv,0,28,90,dw00;dw01;dw02;dw03;dw04;dw05;dw06;dw07;dw08,dw00;dw01;dw02;dw03;dw04;dw05;dw06;dw07;dw08,dw07;dw08,105,1,2026-08-27T10:27:03.741+0200,dw05,4B92,15,2764,40,-891,2616,3.33,72235
ground-height-0m-20260825-163632,d028m_r090_run01.csv,0,28,90,dw00;dw01;dw02;dw03;dw04;dw05;dw06;dw07;dw08,dw00;dw01;dw02;dw03;dw04;dw05;dw06;dw07;dw08,dw07;dw08,90,1,2026-08-27T10:27:03.831+0200,dw04,0F85,248,2763,6,-1476,2335,2.59,62194
ground-height-0m-20260825-163632,d028m_r090_run01.csv,0,28,90,dw00;dw01;dw02;dw03;dw04;dw05;dw06;dw07;dw08,dw00;dw01;dw02;dw03;dw04;dw05;dw06;dw07;dw08,dw07;dw08,125,1,2026-08-27T10:27:03.852+0200,dw06,0789,41,2763,103,171,2758,1.99,82305
ground-height-0m-20260825-163632,d028m_r090_run01.csv,0,28,90,dw00;dw01;dw02;dw03;dw04;dw05;dw06;dw07;dw08,dw00;dw01;dw02;dw03;dw04;dw05;dw06;dw07;dw08,dw07;dw08,75,1,2026-08-27T10:27:03.881+0200,dw03,021B,194,2752,-36,-2193,1662,3.33,12268
ground-height-0m-20260825-163632,d028m_r090_run01.csv,0,28,90,dw00;dw01;dw02;dw03;dw04;dw05;dw06;dw07;dw08,dw00;dw01;dw02;dw03;dw04;dw05;dw06;dw07;dw08,dw07;dw08,15,1,2026-08-27T10:27:03.902+0200,dw00,8103,239,2780,-162,1790,2126,1.57,32287
ground-height-0m-20260825-163632,d028m_r090_run01.csv,0,28,90,dw00;dw01;dw02;dw03;dw04;dw05;dw06;dw07;dw08,dw00;dw01;dw02;dw03;dw04;dw05;dw06;dw07;dw08,dw07;dw08,35,1,2026-08-27T10:27:03.911+0200,dw01,1729,55,2766,-34,-2164,1722,2.20,42358
ground-height-0m-20260825-163632,d028m_r090_run01.csv,0,28,90,dw00;dw01;dw02;dw03;dw04;dw05;dw06;dw07;dw08,dw00;dw01;dw02;dw03;dw04;dw05;dw06;dw07;dw08,dw07;dw08,55,1,2026-08-27T10:27:03.921+0200,dw02,8FB0,111,2764,-87,2764,0,2.89,52307
ground-height-0m-20260825-163632,d028m_r090_run01.csv,0,28,90,dw00;dw01;dw02;dw03;dw04;dw05;dw06;dw07;dw08,dw00;dw01;dw02;dw03;dw04;dw05;dw06;dw07;dw08,dw07;dw08,105,1,2026-08-27T10:27:03.941+0200,dw05,4B92,16,2763,47,-774,2652,3.27,72235
ground-height-0m-20260825-163632,d028m_r090_run01.csv,0,28,90,dw00;dw01;dw02;dw03;dw04;dw05;dw06;dw07;dw08,dw00;dw01;dw02;dw03;dw04;dw05;dw06;dw07;dw08,dw07;dw08,90,1,2026-08-27T10:27:04.031+0200,dw04,0F85,249,2761,9,-1413,2372,2.71,62255
ground-height-0m-20260825-163632,d028m_r090_run01.csv,0,28,90,dw00;dw01;dw02;dw03;dw04;dw05;dw06;dw07;dw08,dw00;dw01;dw02;dw03;dw04;dw05;dw06;dw07;dw08,dw07;dw08,125,1,2026-08-27T10:27:04.052+0200,dw06,0789,42,2763,103,174,2758,1.99,82305
ground-height-0m-20260825-163632,d028m_r090_run01.csv,0,28,90,dw00;dw01;dw02;dw03;dw04;dw05;dw06;dw07;dw08,dw00;dw01;dw02;dw03;dw04;dw05;dw06;dw07;dw08,dw07;dw08,75,1,2026-08-27T10:27:04.081+0200,dw03,021B,195,2753,-42,-2295,1522,3.33,12268
ground-height-0m-20260825-163632,d028m_r090_run01.csv,0,28,90,dw00;dw01;dw02;dw03;dw04;dw05;dw06;dw07;dw08,dw00;dw01;dw02;dw03;dw04;dw05;dw06;dw07;dw08,dw07;dw08,15,1,2026-08-27T10:27:04.102+0200,dw00,8103,240,2780,-166,1715,2188,1.57,32287
ground-height-0m-20260825-163632,d028m_r090_run01.csv,0,28,90,dw00;dw01;dw02;dw03;dw04;dw05;dw06;dw07;dw08,dw00;dw01;dw02;dw03;dw04;dw05;dw06;dw07;dw08,dw07;dw08,35,1,2026-08-27T10:27:04.111+0200,dw01,1729,56,2766,-139,2176,1707,2.20,42358
ground-height-0m-20260825-163632,d028m_r090_run01.csv,0,28,90,dw00;dw01;dw02;dw03;dw04;dw05;dw06;dw07;dw08,dw00;dw01;dw02;dw03;dw04;dw05;dw06;dw07;dw08,dw07;dw08,55,1,2026-08-27T10:27:04.121+0200,dw02,8FB0,112,2760,-110,2656,747,2.95,52307
ground-height-0m-20260825-163632,d028m_r090_run01.csv,0,28,90,dw00;dw01;dw02;dw03;dw04;dw05;dw06;dw07;dw08,dw00;dw01;dw02;dw03;dw04;dw05;dw06;dw07;dw08,dw07;dw08,105,1,2026-08-27T10:27:04.142+0200,dw05,4B92,17,2763,48,-757,2657,3.27,72265
ground-height-0m-20260825-163632,d028m_r090_run01.csv,0,28,90,dw00;dw01;dw02;dw03;dw04;dw05;dw06;dw07;dw08,dw00;dw01;dw02;dw03;dw04;dw05;dw06;dw07;dw08,dw07;dw08,90,1,2026-08-27T10:27:04.232+0200,dw04,0F85,250,2761,11,-1381,2391,2.65,62225
ground-height-0m-20260825-163632,d028m_r090_run01.csv,0,28,90,dw00;dw01;dw02;dw03;dw04;dw05;dw06;dw07;dw08,dw00;dw01;dw02;dw03;dw04;dw05;dw06;dw07;dw08,dw07;dw08,125,1,2026-08-27T10:27:04.251+0200,dw06,0789,43,2766,98,96,2764,1.99,82305
ground-height-0m-20260825-163632,d028m_r090_run01.csv,0,28,90,dw00;dw01;dw02;dw03;dw04;dw05;dw06;dw07;dw08,dw00;dw01;dw02;dw03;dw04;dw05;dw06;dw07;dw08,dw07;dw08,75,1,2026-08-27T10:27:04.281+0200,dw03,021B,196,2755,-33,-2149,1723,3.27,12268
ground-height-0m-20260825-163632,d028m_r090_run01.csv,0,28,90,dw00;dw01;dw02;dw03;dw04;dw05;dw06;dw07;dw08,dw00;dw01;dw02;dw03;dw04;dw05;dw06;dw07;dw08,dw07;dw08,15,1,2026-08-27T10:27:04.301+0200,dw00,8103,241,2777,-158,1850,2071,1.46,32287
ground-height-0m-20260825-163632,d028m_r090_run01.csv,0,28,90,dw00;dw01;dw02;dw03;dw04;dw05;dw06;dw07;dw08,dw00;dw01;dw02;dw03;dw04;dw05;dw06;dw07;dw08,dw07;dw08,35,1,2026-08-27T10:27:04.312+0200,dw01,1729,57,2768,-130,2322,1507,2.14,42358
ground-height-0m-20260825-163632,d028m_r090_run01.csv,0,28,90,dw00;dw01;dw02;dw03;dw04;dw05;dw06;dw07;dw08,dw00;dw01;dw02;dw03;dw04;dw05;dw06;dw07;dw08,dw07;dw08,55,1,2026-08-27T10:27:04.321+0200,dw02,8FB0,113,2765,-99,2765,0,3.01,52337
ground-height-0m-20260825-163632,d028m_r090_run01.csv,0,28,90,dw00;dw01;dw02;dw03;dw04;dw05;dw06;dw07;dw08,dw00;dw01;dw02;dw03;dw04;dw05;dw06;dw07;dw08,dw07;dw08,105,1,2026-08-27T10:27:04.341+0200,dw05,4B92,18,2764,50,-728,2666,3.33,72235
ground-height-0m-20260825-163632,d028m_r090_run01.csv,0,28,90,dw00;dw01;dw02;dw03;dw04;dw05;dw06;dw07;dw08,dw00;dw01;dw02;dw03;dw04;dw05;dw06;dw07;dw08,dw07;dw08,90,1,2026-08-27T10:27:04.431+0200,dw04,0F85,251,2762,-1,-1614,2241,2.59,62225
ground-height-0m-20260825-163632,d028m_r090_run01.csv,0,28,90,dw00;dw01;dw02;dw03;dw04;dw05;dw06;dw07;dw08,dw00;dw01;dw02;dw03;dw04;dw05;dw06;dw07;dw08,dw07;dw08,75,1,2026-08-27T10:27:04.482+0200,dw03,021B,197,2753,-44,-2334,1458,3.33,12268
ground-height-0m-20260825-163632,d028m_r090_run01.csv,0,28,90,dw00;dw01;dw02;dw03;dw04;dw05;dw06;dw07;dw08,dw00;dw01;dw02;dw03;dw04;dw05;dw06;dw07;dw08,dw07;dw08,15,1,2026-08-27T10:27:04.501+0200,dw00,8103,242,2778,-154,1931,1997,1.63,32287
ground-height-0m-20260825-163632,d028m_r090_run01.csv,0,28,90,dw00;dw01;dw02;dw03;dw04;dw05;dw06;dw07;dw08,dw00;dw01;dw02;dw03;dw04;dw05;dw06;dw07;dw08,dw07;dw08,35,1,2026-08-27T10:27:04.511+0200,dw01,1729,58,2768,-137,2211,1665,2.32,42327
ground-height-0m-20260825-163632,d028m_r090_run01.csv,0,28,90,dw00;dw01;dw02;dw03;dw04;dw05;dw06;dw07;dw08,dw00;dw01;dw02;dw03;dw04;dw05;dw06;dw07;dw08,dw07;dw08,55,1,2026-08-27T10:27:04.522+0200,dw02,8FB0,114,2759,-96,2759,0,2.89,52337
ground-height-0m-20260825-163632,d028m_r090_run01.csv,0,28,90,dw00;dw01;dw02;dw03;dw04;dw05;dw06;dw07;dw08,dw00;dw01;dw02;dw03;dw04;dw05;dw06;dw07;dw08,dw07;dw08,105,1,2026-08-27T10:27:04.541+0200,dw05,4B92,19,2762,46,-783,2648,3.27,72296
ground-height-0m-20260825-163632,d028m_r090_run01.csv,0,28,90,dw00;dw01;dw02;dw03;dw04;dw05;dw06;dw07;dw08,dw00;dw01;dw02;dw03;dw04;dw05;dw06;dw07;dw08,dw07;dw08,90,1,2026-08-27T10:27:04.631+0200,dw04,0F85,252,2762,-4,-1652,2213,2.59,62255
ground-height-0m-20260825-163632,d028m_r090_run01.csv,0,28,90,dw00;dw01;dw02;dw03;dw04;dw05;dw06;dw07;dw08,dw00;dw01;dw02;dw03;dw04;dw05;dw06;dw07;dw08,dw07;dw08,125,1,2026-08-27T10:27:04.667+0200,dw06,0789,45,2763,108,256,2751,2.08,2147483
ground-height-0m-20260825-163632,d028m_r090_run01.csv,0,28,90,dw00;dw01;dw02;dw03;dw04;dw05;dw06;dw07;dw08,dw00;dw01;dw02;dw03;dw04;dw05;dw06;dw07;dw08,dw07;dw08,75,1,2026-08-27T10:27:04.681+0200,dw03,021B,198,2753,-41,-2281,1542,3.39,12268
ground-height-0m-20260825-163632,d028m_r090_run01.csv,0,28,90,dw00;dw01;dw02;dw03;dw04;dw05;dw06;dw07;dw08,dw00;dw01;dw02;dw03;dw04;dw05;dw06;dw07;dw08,dw07;dw08,15,1,2026-08-27T10:27:04.701+0200,dw00,8103,243,2778,-165,1729,2175,1.69,32318
ground-height-0m-20260825-163632,d028m_r090_run01.csv,0,28,90,dw00;dw01;dw02;dw03;dw04;dw05;dw06;dw07;dw08,dw00;dw01;dw02;dw03;dw04;dw05;dw06;dw07;dw08,dw07;dw08,35,1,2026-08-27T10:27:04.711+0200,dw01,1729,59,2769,-127,2385,1407,2.20,42327
ground-height-0m-20260825-163632,d028m_r090_run01.csv,0,28,90,dw00;dw01;dw02;dw03;dw04;dw05;dw06;dw07;dw08,dw00;dw01;dw02;dw03;dw04;dw05;dw06;dw07;dw08,dw07;dw08,55,1,2026-08-27T10:27:04.721+0200,dw02,8FB0,115,2757,-95,2757,0,3.06,52337
ground-height-0m-20260825-163632,d028m_r090_run01.csv,0,28,90,dw00;dw01;dw02;dw03;dw04;dw05;dw06;dw07;dw08,dw00;dw01;dw02;dw03;dw04;dw05;dw06;dw07;dw08,dw07;dw08,105,1,2026-08-27T10:27:04.741+0200,dw05,4B92,20,2761,49,-732,2662,3.21,72235
ground-height-0m-20260825-163632,d028m_r090_run01.csv,0,28,90,dw00;dw01;dw02;dw03;dw04;dw05;dw06;dw07;dw08,dw00;dw01;dw02;dw03;dw04;dw05;dw06;dw07;dw08,dw07;dw08,90,1,2026-08-27T10:27:04.831+0200,dw04,0F85,253,2761,6,-1463,2341,2.71,62225
ground-height-0m-20260825-163632,d028m_r090_run01.csv,0,28,90,dw00;dw01;dw02;dw03;dw04;dw05;dw06;dw07;dw08,dw00;dw01;dw02;dw03;dw04;dw05;dw06;dw07;dw08,dw07;dw08,125,1,2026-08-27T10:27:04.852+0200,dw06,0789,46,2762,99,109,2760,1.99,82366
ground-height-0m-20260825-163632,d028m_r090_run01.csv,0,28,90,dw00;dw01;dw02;dw03;dw04;dw05;dw06;dw07;dw08,dw00;dw01;dw02;dw03;dw04;dw05;dw06;dw07;dw08,dw07;dw08,75,1,2026-08-27T10:27:04.881+0200,dw03,021B,199,2757,-49,-2414,1331,3.21,12268
ground-height-0m-20260825-163632,d028m_r090_run01.csv,0,28,90,dw00;dw01;dw02;dw03;dw04;dw05;dw06;dw07;dw08,dw00;dw01;dw02;dw03;dw04;dw05;dw06;dw07;dw08,dw07;dw08,15,1,2026-08-27T10:27:04.901+0200,dw00,8103,244,2779,-166,1728,2176,1.57,32287
ground-height-0m-20260825-163632,d028m_r090_run01.csv,0,28,90,dw00;dw01;dw02;dw03;dw04;dw05;dw06;dw07;dw08,dw00;dw01;dw02;dw03;dw04;dw05;dw06;dw07;dw08,dw07;dw08,35,1,2026-08-27T10:27:04.911+0200,dw01,1729,60,2766,-122,2456,1273,2.32,42327
ground-height-0m-20260825-163632,d028m_r090_run01.csv,0,28,90,dw00;dw01;dw02;dw03;dw04;dw05;dw06;dw07;dw08,dw00;dw01;dw02;dw03;dw04;dw05;dw06;dw07;dw08,dw07;dw08,55,1,2026-08-27T10:27:04.921+0200,dw02,8FB0,116,2759,-110,2653,757,3.06,52307
ground-height-0m-20260825-163632,d028m_r090_run01.csv,0,28,90,dw00;dw01;dw02;dw03;dw04;dw05;dw06;dw07;dw08,dw00;dw01;dw02;dw03;dw04;dw05;dw06;dw07;dw08,dw07;dw08,105,1,2026-08-27T10:27:04.941+0200,dw05,4B92,21,2760,46,-787,2645,3.21,72235
ground-height-0m-20260825-163632,d028m_r090_run01.csv,0,28,90,dw00;dw01;dw02;dw03;dw04;dw05;dw06;dw07;dw08,dw00;dw01;dw02;dw03;dw04;dw05;dw06;dw07;dw08,dw07;dw08,90,1,2026-08-27T10:27:05.031+0200,dw04,0F85,254,2762,18,-1260,2458,2.53,62225
ground-height-0m-20260825-163632,d028m_r090_run01.csv,0,28,90,dw00;dw01;dw02;dw03;dw04;dw05;dw06;dw07;dw08,dw00;dw01;dw02;dw03;dw04;dw05;dw06;dw07;dw08,dw07;dw08,75,1,2026-08-27T10:27:05.081+0200,dw03,021B,200,2756,-39,-2253,1587,3.27,12268
ground-height-0m-20260825-163632,d028m_r090_run01.csv,0,28,90,dw00;dw01;dw02;dw03;dw04;dw05;dw06;dw07;dw08,dw00;dw01;dw02;dw03;dw04;dw05;dw06;dw07;dw08,dw07;dw08,15,1,2026-08-27T10:27:05.101+0200,dw00,8103,245,2777,-157,1881,2043,1.63,32287
ground-height-0m-20260825-163632,d028m_r090_run01.csv,0,28,90,dw00;dw01;dw02;dw03;dw04;dw05;dw06;dw07;dw08,dw00;dw01;dw02;dw03;dw04;dw05;dw06;dw07;dw08,dw07;dw08,35,1,2026-08-27T10:27:05.111+0200,dw01,1729,61,2770,-131,2317,1518,2.32,42297
ground-height-0m-20260825-163632,d028m_r090_run01.csv,0,28,90,dw00;dw01;dw02;dw03;dw04;dw05;dw06;dw07;dw08,dw00;dw01;dw02;dw03;dw04;dw05;dw06;dw07;dw08,dw07;dw08,55,1,2026-08-27T10:27:05.121+0200,dw02,8FB0,117,2760,-112,2629,839,3.01,52337
ground-height-0m-20260825-163632,d028m_r090_run01.csv,0,28,90,dw00;dw01;dw02;dw03;dw04;dw05;dw06;dw07;dw08,dw00;dw01;dw02;dw03;dw04;dw05;dw06;dw07;dw08,dw07;dw08,105,1,2026-08-27T10:27:05.141+0200,dw05,4B92,22,2760,43,-839,2629,3.21,72204
ground-height-0m-20260825-163632,d028m_r090_run01.csv,0,28,90,dw00;dw01;dw02;dw03;dw04;dw05;dw06;dw07;dw08,dw00;dw01;dw02;dw03;dw04;dw05;dw06;dw07;dw08,dw07;dw08,90,1,2026-08-27T10:27:05.230+0200,dw04,0F85,255,2760,1,-1552,2282,2.71,62225
ground-height-0m-20260825-163632,d028m_r090_run01.csv,0,28,90,dw00;dw01;dw02;dw03;dw04;dw05;dw06;dw07;dw08,dw00;dw01;dw02;dw03;dw04;dw05;dw06;dw07;dw08,dw07;dw08,125,1,2026-08-27T10:27:05.267+0200,dw06,0789,48,2763,100,136,2760,2.08,2147483
ground-height-0m-20260825-163632,d028m_r090_run01.csv,0,28,90,dw00;dw01;dw02;dw03;dw04;dw05;dw06;dw07;dw08,dw00;dw01;dw02;dw03;dw04;dw05;dw06;dw07;dw08,dw07;dw08,75,1,2026-08-27T10:27:05.281+0200,dw03,021B,201,2754,-37,-2208,1646,3.27,12298
ground-height-0m-20260825-163632,d028m_r090_run01.csv,0,28,90,dw00;dw01;dw02;dw03;dw04;dw05;dw06;dw07;dw08,dw00;dw01;dw02;dw03;dw04;dw05;dw06;dw07;dw08,dw07;dw08,15,1,2026-08-27T10:27:05.301+0200,dw00,8103,246,2777,-154,1919,2008,1.57,32287
ground-height-0m-20260825-163632,d028m_r090_run01.csv,0,28,90,dw00;dw01;dw02;dw03;dw04;dw05;dw06;dw07;dw08,dw00;dw01;dw02;dw03;dw04;dw05;dw06;dw07;dw08,dw07;dw08,35,1,2026-08-27T10:27:05.311+0200,dw01,1729,62,2771,-128,2368,1438,2.14,42327
ground-height-0m-20260825-163632,d028m_r090_run01.csv,0,28,90,dw00;dw01;dw02;dw03;dw04;dw05;dw06;dw07;dw08,dw00;dw01;dw02;dw03;dw04;dw05;dw06;dw07;dw08,dw07;dw08,55,1,2026-08-27T10:27:05.321+0200,dw02,8FB0,118,2759,-97,2759,0,3.06,52276
ground-height-0m-20260825-163632,d028m_r090_run01.csv,0,28,90,dw00;dw01;dw02;dw03;dw04;dw05;dw06;dw07;dw08,dw00;dw01;dw02;dw03;dw04;dw05;dw06;dw07;dw08,dw07;dw08,105,1,2026-08-27T10:27:05.341+0200,dw05,4B92,23,2767,47,-773,2656,3.15,72265
ground-height-0m-20260825-163632,d028m_r090_run01.csv,0,28,90,dw00;dw01;dw02;dw03;dw04;dw05;dw06;dw07;dw08,dw00;dw01;dw02;dw03;dw04;dw05;dw06;dw07;dw08,dw07;dw08,90,1,2026-08-27T10:27:05.431+0200,dw04,0F85,0,2764,3,-1518,2310,2.71,62255
ground-height-0m-20260825-163632,d028m_r090_run01.csv,0,28,90,dw00;dw01;dw02;dw03;dw04;dw05;dw06;dw07;dw08,dw00;dw01;dw02;dw03;dw04;dw05;dw06;dw07;dw08,dw07;dw08,75,1,2026-08-27T10:27:05.480+0200,dw03,021B,202,2753,-37,-2210,1641,3.33,12268
ground-height-0m-20260825-163632,d028m_r090_run01.csv,0,28,90,dw00;dw01;dw02;dw03;dw04;dw05;dw06;dw07;dw08,dw00;dw01;dw02;dw03;dw04;dw05;dw06;dw07;dw08,dw07;dw08,15,1,2026-08-27T10:27:05.501+0200,dw00,8103,247,2781,-159,1836,2089,1.63,32287
ground-height-0m-20260825-163632,d028m_r090_run01.csv,0,28,90,dw00;dw01;dw02;dw03;dw04;dw05;dw06;dw07;dw08,dw00;dw01;dw02;dw03;dw04;dw05;dw06;dw07;dw08,dw07;dw08,35,1,2026-08-27T10:27:05.511+0200,dw01,1729,63,2766,-138,2195,1682,2.32,42327
ground-height-0m-20260825-163632,d028m_r090_run01.csv,0,28,90,dw00;dw01;dw02;dw03;dw04;dw05;dw06;dw07;dw08,dw00;dw01;dw02;dw03;dw04;dw05;dw06;dw07;dw08,dw07;dw08,55,1,2026-08-27T10:27:05.520+0200,dw02,8FB0,119,2761,-92,2760,0,3.01,52368
ground-height-0m-20260825-163632,d028m_r090_run01.csv,0,28,90,dw00;dw01;dw02;dw03;dw04;dw05;dw06;dw07;dw08,dw00;dw01;dw02;dw03;dw04;dw05;dw06;dw07;dw08,dw07;dw08,105,1,2026-08-27T10:27:05.541+0200,dw05,4B92,24,2760,40,-896,2611,3.27,72265
ground-height-0m-20260825-163632,d028m_r090_run01.csv,0,28,90,dw00;dw01;dw02;dw03;dw04;dw05;dw06;dw07;dw08,dw00;dw01;dw02;dw03;dw04;dw05;dw06;dw07;dw08,dw07;dw08,90,1,2026-08-27T10:27:05.631+0200,dw04,0F85,1,2761,9,-1411,2372,2.83,62225
ground-height-0m-20260825-163632,d028m_r090_run01.csv,0,28,90,dw00;dw01;dw02;dw03;dw04;dw05;dw06;dw07;dw08,dw00;dw01;dw02;dw03;dw04;dw05;dw06;dw07;dw08,dw07;dw08,125,1,2026-08-27T10:27:05.667+0200,dw06,0789,50,2762,99,108,2760,2.14,2147483
ground-height-0m-20260825-163632,d028m_r090_run01.csv,0,28,90,dw00;dw01;dw02;dw03;dw04;dw05;dw06;dw07;dw08,dw00;dw01;dw02;dw03;dw04;dw05;dw06;dw07;dw08,dw07;dw08,75,1,2026-08-27T10:27:05.681+0200,dw03,021B,203,2751,-34,-2167,1693,3.27,12268
ground-height-0m-20260825-163632,d028m_r090_run01.csv,0,28,90,dw00;dw01;dw02;dw03;dw04;dw05;dw06;dw07;dw08,dw00;dw01;dw02;dw03;dw04;dw05;dw06;dw07;dw08,dw07;dw08,15,1,2026-08-27T10:27:05.701+0200,dw00,8103,248,2774,-148,2020,1901,1.51,32287
ground-height-0m-20260825-163632,d028m_r090_run01.csv,0,28,90,dw00;dw01;dw02;dw03;dw04;dw05;dw06;dw07;dw08,dw00;dw01;dw02;dw03;dw04;dw05;dw06;dw07;dw08,dw07;dw08,35,1,2026-08-27T10:27:05.711+0200,dw01,1729,64,2769,-134,2263,1596,2.32,42358
ground-height-0m-20260825-163632,d028m_r090_run01.csv,0,28,90,dw00;dw01;dw02;dw03;dw04;dw05;dw06;dw07;dw08,dw00;dw01;dw02;dw03;dw04;dw05;dw06;dw07;dw08,dw07;dw08,55,1,2026-08-27T10:27:05.721+0200,dw02,8FB0,120,2758,-72,-2758,0,3.06,52307
ground-height-0m-20260825-163632,d028m_r090_run01.csv,0,28,90,dw00;dw01;dw02;dw03;dw04;dw05;dw06;dw07;dw08,dw00;dw01;dw02;dw03;dw04;dw05;dw06;dw07;dw08,dw07;dw08,105,1,2026-08-27T10:27:05.741+0200,dw05,4B92,25,2765,55,-643,2689,3.27,72235
ground-height-0m-20260825-163632,d028m_r090_run01.csv,0,28,90,dw00;dw01;dw02;dw03;dw04;dw05;dw06;dw07;dw08,dw00;dw01;dw02;dw03;dw04;dw05;dw06;dw07;dw08,dw07;dw08,90,1,2026-08-27T10:27:05.831+0200,dw04,0F85,2,2763,3,-1521,2307,2.59,62225
ground-height-0m-20260825-163632,d028m_r090_run01.csv,0,28,90,dw00;dw01;dw02;dw03;dw04;dw05;dw06;dw07;dw08,dw00;dw01;dw02;dw03;dw04;dw05;dw06;dw07;dw08,dw07;dw08,125,1,2026-08-27T10:27:05.851+0200,dw06,0789,51,2763,90,-44,2763,2.02,82305
ground-height-0m-20260825-163632,d028m_r090_run01.csv,0,28,90,dw00;dw01;dw02;dw03;dw04;dw05;dw06;dw07;dw08,dw00;dw01;dw02;dw03;dw04;dw05;dw06;dw07;dw08,dw07;dw08,75,1,2026-08-27T10:27:05.881+0200,dw03,021B,204,2754,-33,-2151,1720,3.27,12268
ground-height-0m-20260825-163632,d028m_r090_run01.csv,0,28,90,dw00;dw01;dw02;dw03;dw04;dw05;dw06;dw07;dw08,dw00;dw01;dw02;dw03;dw04;dw05;dw06;dw07;dw08,dw07;dw08,15,1,2026-08-27T10:27:05.900+0200,dw00,8103,249,2776,-161,1806,2107,1.63,32287
ground-height-0m-20260825-163632,d028m_r090_run01.csv,0,28,90,dw00;dw01;dw02;dw03;dw04;dw05;dw06;dw07;dw08,dw00;dw01;dw02;dw03;dw04;dw05;dw06;dw07;dw08,dw07;dw08,35,1,2026-08-27T10:27:05.911+0200,dw01,1729,65,2767,-135,2249,1611,2.20,42297
ground-height-0m-20260825-163632,d028m_r090_run01.csv,0,28,90,dw00;dw01;dw02;dw03;dw04;dw05;dw06;dw07;dw08,dw00;dw01;dw02;dw03;dw04;dw05;dw06;dw07;dw08,dw07;dw08,55,1,2026-08-27T10:27:05.921+0200,dw02,8FB0,121,2760,-93,2760,0,3.06,52307
ground-height-0m-20260825-163632,d028m_r090_run01.csv,0,28,90,dw00;dw01;dw02;dw03;dw04;dw05;dw06;dw07;dw08,dw00;dw01;dw02;dw03;dw04;dw05;dw06;dw07;dw08,dw07;dw08,105,1,2026-08-27T10:27:05.940+0200,dw05,4B92,26,2762,49,-744,2660,3.27,72265
ground-height-0m-20260825-163632,d028m_r090_run01.csv,0,28,90,dw00;dw01;dw02;dw03;dw04;dw05;dw06;dw07;dw08,dw00;dw01;dw02;dw03;dw04;dw05;dw06;dw07;dw08,dw07;dw08,90,1,2026-08-27T10:27:06.030+0200,dw04,0F85,3,2764,11,-1387,2391,2.65,62255
ground-height-0m-20260825-163632,d028m_r090_run01.csv,0,28,90,dw00;dw01;dw02;dw03;dw04;dw05;dw06;dw07;dw08,dw00;dw01;dw02;dw03;dw04;dw05;dw06;dw07;dw08,dw07;dw08,125,1,2026-08-27T10:27:06.051+0200,dw06,0789,52,2757,109,289,2742,1.93,82305
ground-height-0m-20260825-163632,d028m_r090_run01.csv,0,28,90,dw00;dw01;dw02;dw03;dw04;dw05;dw06;dw07;dw08,dw00;dw01;dw02;dw03;dw04;dw05;dw06;dw07;dw08,dw07;dw08,75,1,2026-08-27T10:27:06.081+0200,dw03,021B,205,2753,-24,-1990,1902,3.33,12268
ground-height-0m-20260825-163632,d028m_r090_run01.csv,0,28,90,dw00;dw01;dw02;dw03;dw04;dw05;dw06;dw07;dw08,dw00;dw01;dw02;dw03;dw04;dw05;dw06;dw07;dw08,dw07;dw08,15,1,2026-08-27T10:27:06.100+0200,dw00,8103,250,2777,-160,1827,2091,1.57,32287
ground-height-0m-20260825-163632,d028m_r090_run01.csv,0,28,90,dw00;dw01;dw02;dw03;dw04;dw05;dw06;dw07;dw08,dw00;dw01;dw02;dw03;dw04;dw05;dw06;dw07;dw08,dw07;dw08,35,1,2026-08-27T10:27:06.110+0200,dw01,1729,66,2773,-144,2085,1828,2.32,42297
ground-height-0m-20260825-163632,d028m_r090_run01.csv,0,28,90,dw00;dw01;dw02;dw03;dw04;dw05;dw06;dw07;dw08,dw00;dw01;dw02;dw03;dw04;dw05;dw06;dw07;dw08,dw07;dw08,55,1,2026-08-27T10:27:06.121+0200,dw02,8FB0,122,2758,-102,2758,0,3.06,52307
ground-height-0m-20260825-163632,d028m_r090_run01.csv,0,28,90,dw00;dw01;dw02;dw03;dw04;dw05;dw06;dw07;dw08,dw00;dw01;dw02;dw03;dw04;dw05;dw06;dw07;dw08,dw07;dw08,105,1,2026-08-27T10:27:06.141+0200,dw05,4B92,27,2762,44,-821,2637,3.33,72235
ground-height-0m-20260825-163632,d028m_r090_run01.csv,0,28,90,dw00;dw01;dw02;dw03;dw04;dw05;dw06;dw07;dw08,dw00;dw01;dw02;dw03;dw04;dw05;dw06;dw07;dw08,dw07;dw08,90,1,2026-08-27T10:27:06.230+0200,dw04,0F85,4,2762,9,-1426,2365,2.71,62225
ground-height-0m-20260825-163632,d028m_r090_run01.csv,0,28,90,dw00;dw01;dw02;dw03;dw04;dw05;dw06;dw07;dw08,dw00;dw01;dw02;dw03;dw04;dw05;dw06;dw07;dw08,dw07;dw08,125,1,2026-08-27T10:27:06.251+0200,dw06,0789,53,2760,85,-130,2757,1.99,82275
ground-height-0m-20260825-163632,d028m_r090_run01.csv,0,28,90,dw00;dw01;dw02;dw03;dw04;dw05;dw06;dw07;dw08,dw00;dw01;dw02;dw03;dw04;dw05;dw06;dw07;dw08,dw07;dw08,75,1,2026-08-27T10:27:06.280+0200,dw03,021B,206,2752,-38,-2222,1624,3.27,12268
ground-height-0m-20260825-163632,d028m_r090_run01.csv,0,28,90,dw00;dw01;dw02;dw03;dw04;dw05;dw06;dw07;dw08,dw00;dw01;dw02;dw03;dw04;dw05;dw06;dw07;dw08,dw07;dw08,15,1,2026-08-27T10:27:06.301+0200,dw00,8103,251,2778,-159,1833,2087,1.51,32287
ground-height-0m-20260825-163632,d028m_r090_run01.csv,0,28,90,dw00;dw01;dw02;dw03;dw04;dw05;dw06;dw07;dw08,dw00;dw01;dw02;dw03;dw04;dw05;dw06;dw07;dw08,dw07;dw08,35,1,2026-08-27T10:27:06.310+0200,dw01,1729,67,2766,-131,2316,1512,2.26,42388
ground-height-0m-20260825-163632,d028m_r090_run01.csv,0,28,90,dw00;dw01;dw02;dw03;dw04;dw05;dw06;dw07;dw08,dw00;dw01;dw02;dw03;dw04;dw05;dw06;dw07;dw08,dw07;dw08,55,1,2026-08-27T10:27:06.320+0200,dw02,8FB0,123,2763,-79,-2763,0,3.06,52307
ground-height-0m-20260825-163632,d028m_r090_run01.csv,0,28,90,dw00;dw01;dw02;dw03;dw04;dw05;dw06;dw07;dw08,dw00;dw01;dw02;dw03;dw04;dw05;dw06;dw07;dw08,dw07;dw08,105,1,2026-08-27T10:27:06.341+0200,dw05,4B92,28,2761,52,-690,2673,3.21,72235
ground-height-0m-20260825-163632,d028m_r090_run01.csv,0,28,90,dw00;dw01;dw02;dw03;dw04;dw05;dw06;dw07;dw08,dw00;dw01;dw02;dw03;dw04;dw05;dw06;dw07;dw08,dw07;dw08,90,1,2026-08-27T10:27:06.431+0200,dw04,0F85,5,2761,6,-1477,2332,2.65,62255
ground-height-0m-20260825-163632,d028m_r090_run01.csv,0,28,90,dw00;dw01;dw02;dw03;dw04;dw05;dw06;dw07;dw08,dw00;dw01;dw02;dw03;dw04;dw05;dw06;dw07;dw08,dw07;dw08,125,1,2026-08-27T10:27:06.451+0200,dw06,0789,54,2756,95,50,2756,2.02,82305
ground-height-0m-20260825-163632,d028m_r090_run01.csv,0,28,90,dw00;dw01;dw02;dw03;dw04;dw05;dw06;dw07;dw08,dw00;dw01;dw02;dw03;dw04;dw05;dw06;dw07;dw08,dw07;dw08,75,1,2026-08-27T10:27:06.480+0200,dw03,021B,207,2755,-44,-2330,1470,3.27,12268
ground-height-0m-20260825-163632,d028m_r090_run01.csv,0,28,90,dw00;dw01;dw02;dw03;dw04;dw05;dw06;dw07;dw08,dw00;dw01;dw02;dw03;dw04;dw05;dw06;dw07;dw08,dw07;dw08,15,1,2026-08-27T10:27:06.501+0200,dw00,8103,252,2777,-153,1945,1982,1.63,32287
ground-height-0m-20260825-163632,d028m_r090_run01.csv,0,28,90,dw00;dw01;dw02;dw03;dw04;dw05;dw06;dw07;dw08,dw00;dw01;dw02;dw03;dw04;dw05;dw06;dw07;dw08,dw07;dw08,35,1,2026-08-27T10:27:06.511+0200,dw01,1729,68,2762,-146,2045,1857,2.38,42297
ground-height-0m-20260825-163632,d028m_r090_run01.csv,0,28,90,dw00;dw01;dw02;dw03;dw04;dw05;dw06;dw07;dw08,dw00;dw01;dw02;dw03;dw04;dw05;dw06;dw07;dw08,dw07;dw08,55,1,2026-08-27T10:27:06.520+0200,dw02,8FB0,124,2759,-89,2759,0,3.06,52337
ground-height-0m-20260825-163632,d028m_r090_run01.csv,0,28,90,dw00;dw01;dw02;dw03;dw04;dw05;dw06;dw07;dw08,dw00;dw01;dw02;dw03;dw04;dw05;dw06;dw07;dw08,dw07;dw08,105,1,2026-08-27T10:27:06.540+0200,dw05,4B92,29,2766,48,-764,2658,3.33,72265
ground-height-0m-20260825-163632,d028m_r090_run01.csv,0,28,90,dw00;dw01;dw02;dw03;dw04;dw05;dw06;dw07;dw08,dw00;dw01;dw02;dw03;dw04;dw05;dw06;dw07;dw08,dw07;dw08,90,1,2026-08-27T10:27:06.630+0200,dw04,0F85,6,2762,8,-1438,2358,2.83,62255
ground-height-0m-20260825-163632,d028m_r090_run01.csv,0,28,90,dw00;dw01;dw02;dw03;dw04;dw05;dw06;dw07;dw08,dw00;dw01;dw02;dw03;dw04;dw05;dw06;dw07;dw08,dw07;dw08,75,1,2026-08-27T10:27:06.680+0200,dw03,021B,208,2753,-46,-2365,1410,3.33,12268
ground-height-0m-20260825-163632,d028m_r090_run01.csv,0,28,90,dw00;dw01;dw02;dw03;dw04;dw05;dw06;dw07;dw08,dw00;dw01;dw02;dw03;dw04;dw05;dw06;dw07;dw08,dw07;dw08,15,1,2026-08-27T10:27:06.699+0200,dw00,8103,253,2778,-159,1847,2075,1.57,32287
ground-height-0m-20260825-163632,d028m_r090_run01.csv,0,28,90,dw00;dw01;dw02;dw03;dw04;dw05;dw06;dw07;dw08,dw00;dw01;dw02;dw03;dw04;dw05;dw06;dw07;dw08,dw07;dw08,35,1,2026-08-27T10:27:06.710+0200,dw01,1729,69,2767,-133,2267,1586,2.32,42327
ground-height-0m-20260825-163632,d028m_r090_run01.csv,0,28,90,dw00;dw01;dw02;dw03;dw04;dw05;dw06;dw07;dw08,dw00;dw01;dw02;dw03;dw04;dw05;dw06;dw07;dw08,dw07;dw08,55,1,2026-08-27T10:27:06.720+0200,dw02,8FB0,125,2759,-109,2670,696,2.95,52337
ground-height-0m-20260825-163632,d028m_r090_run01.csv,0,28,90,dw00;dw01;dw02;dw03;dw04;dw05;dw06;dw07;dw08,dw00;dw01;dw02;dw03;dw04;dw05;dw06;dw07;dw08,dw07;dw08,105,1,2026-08-27T10:27:06.739+0200,dw05,4B92,30,2760,43,-836,2630,3.33,72235
ground-height-0m-20260825-163632,d028m_r090_run01.csv,0,28,90,dw00;dw01;dw02;dw03;dw04;dw05;dw06;dw07;dw08,dw00;dw01;dw02;dw03;dw04;dw05;dw06;dw07;dw08,dw07;dw08,90,1,2026-08-27T10:27:06.829+0200,dw04,0F85,7,2764,1,-1560,2281,2.77,62255
ground-height-0m-20260825-163632,d028m_r090_run01.csv,0,28,90,dw00;dw01;dw02;dw03;dw04;dw05;dw06;dw07;dw08,dw00;dw01;dw02;dw03;dw04;dw05;dw06;dw07;dw08,dw07;dw08,125,1,2026-08-27T10:27:06.865+0200,dw06,0789,56,2761,89,-51,2761,2.20,2147483
ground-height-0m-20260825-163632,d028m_r090_run01.csv,0,28,90,dw00;dw01;dw02;dw03;dw04;dw05;dw06;dw07;dw08,dw00;dw01;dw02;dw03;dw04;dw05;dw06;dw07;dw08,dw07;dw08,75,1,2026-08-27T10:27:06.880+0200,dw03,021B,209,2755,-40,-2267,1566,3.15,12268
ground-height-0m-20260825-163632,d028m_r090_run01.csv,0,28,90,dw00;dw01;dw02;dw03;dw04;dw05;dw06;dw07;dw08,dw00;dw01;dw02;dw03;dw04;dw05;dw06;dw07;dw08,dw07;dw08,15,1,2026-08-27T10:27:06.899+0200,dw00,8103,254,2779,-155,1901,2026,1.69,32287
ground-height-0m-20260825-163632,d028m_r090_run01.csv,0,28,90,dw00;dw01;dw02;dw03;dw04;dw05;dw06;dw07;dw08,dw00;dw01;dw02;dw03;dw04;dw05;dw06;dw07;dw08,dw07;dw08,35,1,2026-08-27T10:27:06.909+0200,dw01,1729,70,2769,-129,2351,1463,2.32,42327
ground-height-0m-20260825-163632,d028m_r090_run01.csv,0,28,90,dw00;dw01;dw02;dw03;dw04;dw05;dw06;dw07;dw08,dw00;dw01;dw02;dw03;dw04;dw05;dw06;dw07;dw08,dw07;dw08,55,1,2026-08-27T10:27:06.920+0200,dw02,8FB0,126,2760,-93,2760,0,3.06,52307
ground-height-0m-20260825-163632,d028m_r090_run01.csv,0,28,90,dw00;dw01;dw02;dw03;dw04;dw05;dw06;dw07;dw08,dw00;dw01;dw02;dw03;dw04;dw05;dw06;dw07;dw08,dw07;dw08,105,1,2026-08-27T10:27:06.939+0200,dw05,4B92,31,2763,47,-773,2652,3.27,72235
ground-height-0m-20260825-163632,d028m_r090_run01.csv,0,28,90,dw00;dw01;dw02;dw03;dw04;dw05;dw06;dw07;dw08,dw00;dw01;dw02;dw03;dw04;dw05;dw06;dw07;dw08,dw07;dw08,90,1,2026-08-27T10:27:07.029+0200,dw04,0F85,8,2762,4,-1497,2321,2.71,62255
ground-height-0m-20260825-163632,d028m_r090_run01.csv,0,28,90,dw00;dw01;dw02;dw03;dw04;dw05;dw06;dw07;dw08,dw00;dw01;dw02;dw03;dw04;dw05;dw06;dw07;dw08,dw07;dw08,125,1,2026-08-27T10:27:07.050+0200,dw06,0789,57,2762,98,99,2761,1.99,82305
ground-height-0m-20260825-163632,d028m_r090_run01.csv,0,28,90,dw00;dw01;dw02;dw03;dw04;dw05;dw06;dw07;dw08,dw00;dw01;dw02;dw03;dw04;dw05;dw06;dw07;dw08,dw07;dw08,75,1,2026-08-27T10:27:07.079+0200,dw03,021B,210,2750,-39,-2241,1593,3.27,12298
ground-height-0m-20260825-163632,d028m_r090_run01.csv,0,28,90,dw00;dw01;dw02;dw03;dw04;dw05;dw06;dw07;dw08,dw00;dw01;dw02;dw03;dw04;dw05;dw06;dw07;dw08,dw07;dw08,15,1,2026-08-27T10:27:07.100+0200,dw00,8103,255,2780,-155,1913,2016,1.57,32318
ground-height-0m-20260825-163632,d028m_r090_run01.csv,0,28,90,dw00;dw01;dw02;dw03;dw04;dw05;dw06;dw07;dw08,dw00;dw01;dw02;dw03;dw04;dw05;dw06;dw07;dw08,dw07;dw08,35,1,2026-08-27T10:27:07.109+0200,dw01,1729,71,2767,-122,2467,1252,2.38,42358
ground-height-0m-20260825-163632,d028m_r090_run01.csv,0,28,90,dw00;dw01;dw02;dw03;dw04;dw05;dw06;dw07;dw08,dw00;dw01;dw02;dw03;dw04;dw05;dw06;dw07;dw08,dw07;dw08,55,1,2026-08-27T10:27:07.120+0200,dw02,8FB0,127,2760,-107,2711,513,2.95,52398
ground-height-0m-20260825-163632,d028m_r090_run01.csv,0,28,90,dw00;dw01;dw02;dw03;dw04;dw05;dw06;dw07;dw08,dw00;dw01;dw02;dw03;dw04;dw05;dw06;dw07;dw08,dw07;dw08,105,1,2026-08-27T10:27:07.140+0200,dw05,4B92,32,2760,43,-841,2628,3.33,72235
ground-height-0m-20260825-163632,d028m_r090_run01.csv,0,28,90,dw00;dw01;dw02;dw03;dw04;dw05;dw06;dw07;dw08,dw00;dw01;dw02;dw03;dw04;dw05;dw06;dw07;dw08,dw07;dw08,90,1,2026-08-27T10:27:07.229+0200,dw04,0F85,9,2762,4,-1500,2319,2.59,62225
ground-height-0m-20260825-163632,d028m_r090_run01.csv,0,28,90,dw00;dw01;dw02;dw03;dw04;dw05;dw06;dw07;dw08,dw00;dw01;dw02;dw03;dw04;dw05;dw06;dw07;dw08,dw07;dw08,125,1,2026-08-27T10:27:07.250+0200,dw06,0789,58,2761,94,19,2760,2.02,82305
ground-height-0m-20260825-163632,d028m_r090_run01.csv,0,28,90,dw00;dw01;dw02;dw03;dw04;dw05;dw06;dw07;dw08,dw00;dw01;dw02;dw03;dw04;dw05;dw06;dw07;dw08,dw07;dw08,75,1,2026-08-27T10:27:07.279+0200,dw03,021B,211,2753,-41,-2282,1538,3.33,12237
ground-height-0m-20260825-163632,d028m_r090_run01.csv,0,28,90,dw00;dw01;dw02;dw03;dw04;dw05;dw06;dw07;dw08,dw00;dw01;dw02;dw03;dw04;dw05;dw06;dw07;dw08,dw07;dw08,15,1,2026-08-27T10:27:07.300+0200,dw00,8103,0,2782,-157,1884,2046,1.69,32287
ground-height-0m-20260825-163632,d028m_r090_run01.csv,0,28,90,dw00;dw01;dw02;dw03;dw04;dw05;dw06;dw07;dw08,dw00;dw01;dw02;dw03;dw04;dw05;dw06;dw07;dw08,dw07;dw08,35,1,2026-08-27T10:27:07.309+0200,dw01,1729,72,2772,-138,2197,1690,2.26,42297
ground-height-0m-20260825-163632,d028m_r090_run01.csv,0,28,90,dw00;dw01;dw02;dw03;dw04;dw05;dw06;dw07;dw08,dw00;dw01;dw02;dw03;dw04;dw05;dw06;dw07;dw08,dw07;dw08,55,1,2026-08-27T10:27:07.319+0200,dw02,8FB0,128,2761,-97,2761,0,3.06,52307
ground-height-0m-20260825-163632,d028m_r090_run01.csv,0,28,90,dw00;dw01;dw02;dw03;dw04;dw05;dw06;dw07;dw08,dw00;dw01;dw02;dw03;dw04;dw05;dw06;dw07;dw08,dw07;dw08,105,1,2026-08-27T10:27:07.340+0200,dw05,4B92,33,2761,58,-585,2698,3.21,72235
ground-height-0m-20260825-163632,d028m_r090_run01.csv,0,28,90,dw00;dw01;dw02;dw03;dw04;dw05;dw06;dw07;dw08,dw00;dw01;dw02;dw03;dw04;dw05;dw06;dw07;dw08,dw07;dw08,90,1,2026-08-27T10:27:07.429+0200,dw04,0F85,10,2764,1,-1550,2288,2.77,62255
ground-height-0m-20260825-163632,d028m_r090_run01.csv,0,28,90,dw00;dw01;dw02;dw03;dw04;dw05;dw06;dw07;dw08,dw00;dw01;dw02;dw03;dw04;dw05;dw06;dw07;dw08,dw07;dw08,125,1,2026-08-27T10:27:07.449+0200,dw06,0789,59,2763,113,345,2742,2.08,82305
ground-height-0m-20260825-163632,d028m_r090_run01.csv,0,28,90,dw00;dw01;dw02;dw03;dw04;dw05;dw06;dw07;dw08,dw00;dw01;dw02;dw03;dw04;dw05;dw06;dw07;dw08,dw07;dw08,75,1,2026-08-27T10:27:07.479+0200,dw03,021B,212,2755,-49,-2420,1316,3.21,12298
ground-height-0m-20260825-163632,d028m_r090_run01.csv,0,28,90,dw00;dw01;dw02;dw03;dw04;dw05;dw06;dw07;dw08,dw00;dw01;dw02;dw03;dw04;dw05;dw06;dw07;dw08,dw07;dw08,15,1,2026-08-27T10:27:07.499+0200,dw00,8103,1,2776,-162,1793,2119,1.63,32257
ground-height-0m-20260825-163632,d028m_r090_run01.csv,0,28,90,dw00;dw01;dw02;dw03;dw04;dw05;dw06;dw07;dw08,dw00;dw01;dw02;dw03;dw04;dw05;dw06;dw07;dw08,dw07;dw08,35,1,2026-08-27T10:27:07.510+0200,dw01,1729,73,2768,-141,2141,1755,2.26,42297
ground-height-0m-20260825-163632,d028m_r090_run01.csv,0,28,90,dw00;dw01;dw02;dw03;dw04;dw05;dw06;dw07;dw08,dw00;dw01;dw02;dw03;dw04;dw05;dw06;dw07;dw08,dw07;dw08,55,1,2026-08-27T10:27:07.519+0200,dw02,8FB0,129,2758,58,-578,2697,2.95,52307
ground-height-0m-20260825-163632,d028m_r090_run01.csv,0,28,90,dw00;dw01;dw02;dw03;dw04;dw05;dw06;dw07;dw08,dw00;dw01;dw02;dw03;dw04;dw05;dw06;dw07;dw08,dw07;dw08,105,1,2026-08-27T10:27:07.539+0200,dw05,4B92,34,2763,53,-665,2682,3.33,72235
ground-height-0m-20260825-163632,d028m_r090_run01.csv,0,28,90,dw00;dw01;dw02;dw03;dw04;dw05;dw06;dw07;dw08,dw00;dw01;dw02;dw03;dw04;dw05;dw06;dw07;dw08,dw07;dw08,90,1,2026-08-27T10:27:07.629+0200,dw04,0F85,11,2764,-4,-1655,2213,2.65,62194
ground-height-0m-20260825-163632,d028m_r090_run01.csv,0,28,90,dw00;dw01;dw02;dw03;dw04;dw05;dw06;dw07;dw08,dw00;dw01;dw02;dw03;dw04;dw05;dw06;dw07;dw08,dw07;dw08,75,1,2026-08-27T10:27:07.679+0200,dw03,021B,213,2752,-36,-2198,1656,3.33,12268
ground-height-0m-20260825-163632,d028m_r090_run01.csv,0,28,90,dw00;dw01;dw02;dw03;dw04;dw05;dw06;dw07;dw08,dw00;dw01;dw02;dw03;dw04;dw05;dw06;dw07;dw08,dw07;dw08,15,1,2026-08-27T10:27:07.699+0200,dw00,8103,2,2778,-165,1736,2168,1.51,32318
ground-height-0m-20260825-163632,d028m_r090_run01.csv,0,28,90,dw00;dw01;dw02;dw03;dw04;dw05;dw06;dw07;dw08,dw00;dw01;dw02;dw03;dw04;dw05;dw06;dw07;dw08,dw07;dw08,35,1,2026-08-27T10:27:07.709+0200,dw01,1729,74,2763,-135,2242,1615,2.26,42297
ground-height-0m-20260825-163632,d028m_r090_run01.csv,0,28,90,dw00;dw01;dw02;dw03;dw04;dw05;dw06;dw07;dw08,dw00;dw01;dw02;dw03;dw04;dw05;dw06;dw07;dw08,dw07;dw08,55,1,2026-08-27T10:27:07.719+0200,dw02,8FB0,130,2757,-101,2757,0,3.01,52307
ground-height-0m-20260825-163632,d028m_r090_run01.csv,0,28,90,dw00;dw01;dw02;dw03;dw04;dw05;dw06;dw07;dw08,dw00;dw01;dw02;dw03;dw04;dw05;dw06;dw07;dw08,dw07;dw08,105,1,2026-08-27T10:27:07.739+0200,dw05,4B92,35,2762,48,-756,2657,3.21,72235
ground-height-0m-20260825-163632,d028m_r090_run01.csv,0,28,90,dw00;dw01;dw02;dw03;dw04;dw05;dw06;dw07;dw08,dw00;dw01;dw02;dw03;dw04;dw05;dw06;dw07;dw08,dw07;dw08,90,1,2026-08-27T10:27:07.829+0200,dw04,0F85,12,2761,10,-1403,2378,2.71,62225
ground-height-0m-20260825-163632,d028m_r090_run01.csv,0,28,90,dw00;dw01;dw02;dw03;dw04;dw05;dw06;dw07;dw08,dw00;dw01;dw02;dw03;dw04;dw05;dw06;dw07;dw08,dw07;dw08,125,1,2026-08-27T10:27:07.865+0200,dw06,0789,61,2761,94,27,2761,2.26,2147483
ground-height-0m-20260825-163632,d028m_r090_run01.csv,0,28,90,dw00;dw01;dw02;dw03;dw04;dw05;dw06;dw07;dw08,dw00;dw01;dw02;dw03;dw04;dw05;dw06;dw07;dw08,dw07;dw08,75,1,2026-08-27T10:27:07.879+0200,dw03,021B,214,2752,-39,-2243,1593,3.33,12268
ground-height-0m-20260825-163632,d028m_r090_run01.csv,0,28,90,dw00;dw01;dw02;dw03;dw04;dw05;dw06;dw07;dw08,dw00;dw01;dw02;dw03;dw04;dw05;dw06;dw07;dw08,dw07;dw08,15,1,2026-08-27T10:27:07.899+0200,dw00,8103,3,2776,-158,1860,2060,1.63,32287
ground-height-0m-20260825-163632,d028m_r090_run01.csv,0,28,90,dw00;dw01;dw02;dw03;dw04;dw05;dw06;dw07;dw08,dw00;dw01;dw02;dw03;dw04;dw05;dw06;dw07;dw08,dw07;dw08,35,1,2026-08-27T10:27:07.909+0200,dw01,1729,75,2767,-132,2288,1556,2.38,42327
ground-height-0m-20260825-163632,d028m_r090_run01.csv,0,28,90,dw00;dw01;dw02;dw03;dw04;dw05;dw06;dw07;dw08,dw00;dw01;dw02;dw03;dw04;dw05;dw06;dw07;dw08,dw07;dw08,55,1,2026-08-27T10:27:07.919+0200,dw02,8FB0,131,2760,-93,2760,0,2.95,52337
ground-height-0m-20260825-163632,d028m_r090_run01.csv,0,28,90,dw00;dw01;dw02;dw03;dw04;dw05;dw06;dw07;dw08,dw00;dw01;dw02;dw03;dw04;dw05;dw06;dw07;dw08,dw07;dw08,105,1,2026-08-27T10:27:07.939+0200,dw05,4B92,36,2762,51,-707,2670,3.27,72235
ground-height-0m-20260825-163632,d028m_r090_run01.csv,0,28,90,dw00;dw01;dw02;dw03;dw04;dw05;dw06;dw07;dw08,dw00;dw01;dw02;dw03;dw04;dw05;dw06;dw07;dw08,dw07;dw08,90,1,2026-08-27T10:27:08.029+0200,dw04,0F85,13,2763,8,-1436,2361,2.77,62255
ground-height-0m-20260825-163632,d028m_r090_run01.csv,0,28,90,dw00;dw01;dw02;dw03;dw04;dw05;dw06;dw07;dw08,dw00;dw01;dw02;dw03;dw04;dw05;dw06;dw07;dw08,dw07;dw08,125,1,2026-08-27T10:27:08.049+0200,dw06,0789,62,2762,94,30,2762,1.99,82305
ground-height-0m-20260825-163632,d028m_r090_run01.csv,0,28,90,dw00;dw01;dw02;dw03;dw04;dw05;dw06;dw07;dw08,dw00;dw01;dw02;dw03;dw04;dw05;dw06;dw07;dw08,dw07;dw08,75,1,2026-08-27T10:27:08.079+0200,dw03,021B,215,2753,-44,-2335,1459,3.45,12268
ground-height-0m-20260825-163632,d028m_r090_run01.csv,0,28,90,dw00;dw01;dw02;dw03;dw04;dw05;dw06;dw07;dw08,dw00;dw01;dw02;dw03;dw04;dw05;dw06;dw07;dw08,dw07;dw08,15,1,2026-08-27T10:27:08.099+0200,dw00,8103,4,2778,-156,1891,2035,1.51,32287
ground-height-0m-20260825-163632,d028m_r090_run01.csv,0,28,90,dw00;dw01;dw02;dw03;dw04;dw05;dw06;dw07;dw08,dw00;dw01;dw02;dw03;dw04;dw05;dw06;dw07;dw08,dw07;dw08,35,1,2026-08-27T10:27:08.109+0200,dw01,1729,76,2766,-127,2372,1421,2.20,42327
ground-height-0m-20260825-163632,d028m_r090_run01.csv,0,28,90,dw00;dw01;dw02;dw03;dw04;dw05;dw06;dw07;dw08,dw00;dw01;dw02;dw03;dw04;dw05;dw06;dw07;dw08,dw07;dw08,55,1,2026-08-27T10:27:08.119+0200,dw02,8FB0,132,2758,-94,2758,0,3.06,52276
ground-height-0m-20260825-163632,d028m_r090_run01.csv,0,28,90,dw00;dw01;dw02;dw03;dw04;dw05;dw06;dw07;dw08,dw00;dw01;dw02;dw03;dw04;dw05;dw06;dw07;dw08,dw07;dw08,105,1,2026-08-27T10:27:08.139+0200,dw05,4B92,37,2764,47,-772,2654,3.33,72235
ground-height-0m-20260825-163632,d028m_r090_run01.csv,0,28,90,dw00;dw01;dw02;dw03;dw04;dw05;dw06;dw07;dw08,dw00;dw01;dw02;dw03;dw04;dw05;dw06;dw07;dw08,dw07;dw08,90,1,2026-08-27T10:27:08.229+0200,dw04,0F85,14,2763,2,-1546,2290,2.71,62255
ground-height-0m-20260825-163632,d028m_r090_run01.csv,0,28,90,dw00;dw01;dw02;dw03;dw04;dw05;dw06;dw07;dw08,dw00;dw01;dw02;dw03;dw04;dw05;dw06;dw07;dw08,dw07;dw08,125,1,2026-08-27T10:27:08.249+0200,dw06,0789,63,2761,96,63,2760,2.02,82305
ground-height-0m-20260825-163632,d028m_r090_run01.csv,0,28,90,dw00;dw01;dw02;dw03;dw04;dw05;dw06;dw07;dw08,dw00;dw01;dw02;dw03;dw04;dw05;dw06;dw07;dw08,dw07;dw08,75,1,2026-08-27T10:27:08.279+0200,dw03,021B,216,2752,-42,-2302,1508,3.39,12268
ground-height-0m-20260825-163632,d028m_r090_run01.csv,0,28,90,dw00;dw01;dw02;dw03;dw04;dw05;dw06;dw07;dw08,dw00;dw01;dw02;dw03;dw04;dw05;dw06;dw07;dw08,dw07;dw08,15,1,2026-08-27T10:27:08.298+0200,dw00,8103,5,2777,-160,1823,2094,1.51,32287
ground-height-0m-20260825-163632,d028m_r090_run01.csv,0,28,90,dw00;dw01;dw02;dw03;dw04;dw05;dw06;dw07;dw08,dw00;dw01;dw02;dw03;dw04;dw05;dw06;dw07;dw08,dw07;dw08,35,1,2026-08-27T10:27:08.309+0200,dw01,1729,77,2766,-137,2203,1672,2.32,42297
ground-height-0m-20260825-163632,d028m_r090_run01.csv,0,28,90,dw00;dw01;dw02;dw03;dw04;dw05;dw06;dw07;dw08,dw00;dw01;dw02;dw03;dw04;dw05;dw06;dw07;dw08,dw07;dw08,55,1,2026-08-27T10:27:08.319+0200,dw02,8FB0,133,2761,-87,2761,0,3.09,52307
ground-height-0m-20260825-163632,d028m_r090_run01.csv,0,28,90,dw00;dw01;dw02;dw03;dw04;dw05;dw06;dw07;dw08,dw00;dw01;dw02;dw03;dw04;dw05;dw06;dw07;dw08,dw07;dw08,105,1,2026-08-27T10:27:08.338+0200,dw05,4B92,38,2763,49,-735,2664,3.15,72235
ground-height-0m-20260825-163632,d028m_r090_run01.csv,0,28,90,dw00;dw01;dw02;dw03;dw04;dw05;dw06;dw07;dw08,dw00;dw01;dw02;dw03;dw04;dw05;dw06;dw07;dw08,dw07;dw08,90,1,2026-08-27T10:27:08.428+0200,dw04,0F85,15,2762,9,-1425,2366,2.71,62225
ground-height-0m-20260825-163632,d028m_r090_run01.csv,0,28,90,dw00;dw01;dw02;dw03;dw04;dw05;dw06;dw07;dw08,dw00;dw01;dw02;dw03;dw04;dw05;dw06;dw07;dw08,dw07;dw08,125,1,2026-08-27T10:27:08.449+0200,dw06,0789,64,2764,111,315,2746,2.08,82305
ground-height-0m-20260825-163632,d028m_r090_run01.csv,0,28,90,dw00;dw01;dw02;dw03;dw04;dw05;dw06;dw07;dw08,dw00;dw01;dw02;dw03;dw04;dw05;dw06;dw07;dw08,dw07;dw08,75,1,2026-08-27T10:27:08.479+0200,dw03,021B,217,2753,-46,-2360,1417,3.33,12268
ground-height-0m-20260825-163632,d028m_r090_run01.csv,0,28,90,dw00;dw01;dw02;dw03;dw04;dw05;dw06;dw07;dw08,dw00;dw01;dw02;dw03;dw04;dw05;dw06;dw07;dw08,dw07;dw08,15,1,2026-08-27T10:27:08.499+0200,dw00,8103,6,2778,-160,1820,2099,1.51,32287
ground-height-0m-20260825-163632,d028m_r090_run01.csv,0,28,90,dw00;dw01;dw02;dw03;dw04;dw05;dw06;dw07;dw08,dw00;dw01;dw02;dw03;dw04;dw05;dw06;dw07;dw08,dw07;dw08,35,1,2026-08-27T10:27:08.508+0200,dw01,1729,78,2764,-143,2110,1785,2.38,42327
ground-height-0m-20260825-163632,d028m_r090_run01.csv,0,28,90,dw00;dw01;dw02;dw03;dw04;dw05;dw06;dw07;dw08,dw00;dw01;dw02;dw03;dw04;dw05;dw06;dw07;dw08,dw07;dw08,55,1,2026-08-27T10:27:08.519+0200,dw02,8FB0,134,2753,-92,2753,0,3.09,52337
ground-height-0m-20260825-163632,d028m_r090_run01.csv,0,28,90,dw00;dw01;dw02;dw03;dw04;dw05;dw06;dw07;dw08,dw00;dw01;dw02;dw03;dw04;dw05;dw06;dw07;dw08,dw07;dw08,105,1,2026-08-27T10:27:08.539+0200,dw05,4B92,39,2764,47,-769,2655,3.21,72235
ground-height-0m-20260825-163632,d028m_r090_run01.csv,0,28,90,dw00;dw01;dw02;dw03;dw04;dw05;dw06;dw07;dw08,dw00;dw01;dw02;dw03;dw04;dw05;dw06;dw07;dw08,dw07;dw08,90,1,2026-08-27T10:27:08.629+0200,dw04,0F85,16,2762,7,-1445,2354,2.71,62225
ground-height-0m-20260825-163632,d028m_r090_run01.csv,0,28,90,dw00;dw01;dw02;dw03;dw04;dw05;dw06;dw07;dw08,dw00;dw01;dw02;dw03;dw04;dw05;dw06;dw07;dw08,dw07;dw08,125,1,2026-08-27T10:27:08.649+0200,dw06,0789,65,2761,86,-104,2759,2.08,82275
ground-height-0m-20260825-163632,d028m_r090_run01.csv,0,28,90,dw00;dw01;dw02;dw03;dw04;dw05;dw06;dw07;dw08,dw00;dw01;dw02;dw03;dw04;dw05;dw06;dw07;dw08,dw07;dw08,75,1,2026-08-27T10:27:08.678+0200,dw03,021B,218,2751,-48,-2402,1340,3.33,12268
ground-height-0m-20260825-163632,d028m_r090_run01.csv,0,28,90,dw00;dw01;dw02;dw03;dw04;dw05;dw06;dw07;dw08,dw00;dw01;dw02;dw03;dw04;dw05;dw06;dw07;dw08,dw07;dw08,15,1,2026-08-27T10:27:08.699+0200,dw00,8103,7,2779,-161,1801,2116,1.57,32287
ground-height-0m-20260825-163632,d028m_r090_run01.csv,0,28,90,dw00;dw01;dw02;dw03;dw04;dw05;dw06;dw07;dw08,dw00;dw01;dw02;dw03;dw04;dw05;dw06;dw07;dw08,dw07;dw08,35,1,2026-08-27T10:27:08.709+0200,dw01,1729,79,2768,-135,2246,1617,2.38,42297
ground-height-0m-20260825-163632,d028m_r090_run01.csv,0,28,90,dw00;dw01;dw02;dw03;dw04;dw05;dw06;dw07;dw08,dw00;dw01;dw02;dw03;dw04;dw05;dw06;dw07;dw08,dw07;dw08,55,1,2026-08-27T10:27:08.718+0200,dw02,8FB0,135,2759,-87,2759,0,3.06,52276
ground-height-0m-20260825-163632,d028m_r090_run01.csv,0,28,90,dw00;dw01;dw02;dw03;dw04;dw05;dw06;dw07;dw08,dw00;dw01;dw02;dw03;dw04;dw05;dw06;dw07;dw08,dw07;dw08,105,1,2026-08-27T10:27:08.739+0200,dw05,4B92,40,2760,34,-992,2575,3.27,72235
ground-height-0m-20260825-163632,d028m_r090_run01.csv,0,28,90,dw00;dw01;dw02;dw03;dw04;dw05;dw06;dw07;dw08,dw00;dw01;dw02;dw03;dw04;dw05;dw06;dw07;dw08,dw07;dw08,90,1,2026-08-27T10:27:08.829+0200,dw04,0F85,17,2762,0,-1566,2275,2.71,62225
ground-height-0m-20260825-163632,d028m_r090_run01.csv,0,28,90,dw00;dw01;dw02;dw03;dw04;dw05;dw06;dw07;dw08,dw00;dw01;dw02;dw03;dw04;dw05;dw06;dw07;dw08,dw07;dw08,125,1,2026-08-27T10:27:08.848+0200,dw06,0789,66,2758,84,-142,2754,2.08,82275
ground-height-0m-20260825-163632,d028m_r090_run01.csv,0,28,90,dw00;dw01;dw02;dw03;dw04;dw05;dw06;dw07;dw08,dw00;dw01;dw02;dw03;dw04;dw05;dw06;dw07;dw08,dw07;dw08,75,1,2026-08-27T10:27:08.878+0200,dw03,021B,219,2754,-52,-2464,1230,3.27,12268
ground-height-0m-20260825-163632,d028m_r090_run01.csv,0,28,90,dw00;dw01;dw02;dw03;dw04;dw05;dw06;dw07;dw08,dw00;dw01;dw02;dw03;dw04;dw05;dw06;dw07;dw08,dw07;dw08,15,1,2026-08-27T10:27:08.899+0200,dw00,8103,8,2778,-158,1863,2061,1.51,32318
ground-height-0m-20260825-163632,d028m_r090_run01.csv,0,28,90,dw00;dw01;dw02;dw03;dw04;dw05;dw06;dw07;dw08,dw00;dw01;dw02;dw03;dw04;dw05;dw06;dw07;dw08,dw07;dw08,35,1,2026-08-27T10:27:08.909+0200,dw01,1729,80,2770,-138,2189,1698,2.38,42327
ground-height-0m-20260825-163632,d028m_r090_run01.csv,0,28,90,dw00;dw01;dw02;dw03;dw04;dw05;dw06;dw07;dw08,dw00;dw01;dw02;dw03;dw04;dw05;dw06;dw07;dw08,dw07;dw08,55,1,2026-08-27T10:27:08.919+0200,dw02,8FB0,136,2764,-98,2764,0,3.01,52337
ground-height-0m-20260825-163632,d028m_r090_run01.csv,0,28,90,dw00;dw01;dw02;dw03;dw04;dw05;dw06;dw07;dw08,dw00;dw01;dw02;dw03;dw04;dw05;dw06;dw07;dw08,dw07;dw08,105,1,2026-08-27T10:27:08.939+0200,dw05,4B92,41,2766,55,-645,2689,3.27,72235
ground-height-0m-20260825-163632,d028m_r090_run01.csv,0,28,90,dw00;dw01;dw02;dw03;dw04;dw05;dw06;dw07;dw08,dw00;dw01;dw02;dw03;dw04;dw05;dw06;dw07;dw08,dw07;dw08,90,1,2026-08-27T10:27:09.029+0200,dw04,0F85,18,2761,0,-1586,2259,2.65,62225
ground-height-0m-20260825-163632,d028m_r090_run01.csv,0,28,90,dw00;dw01;dw02;dw03;dw04;dw05;dw06;dw07;dw08,dw00;dw01;dw02;dw03;dw04;dw05;dw06;dw07;dw08,dw07;dw08,125,1,2026-08-27T10:27:09.048+0200,dw06,0789,67,2759,95,51,2758,2.14,82275
ground-height-0m-20260825-163632,d028m_r090_run01.csv,0,28,90,dw00;dw01;dw02;dw03;dw04;dw05;dw06;dw07;dw08,dw00;dw01;dw02;dw03;dw04;dw05;dw06;dw07;dw08,dw07;dw08,75,1,2026-08-27T10:27:09.079+0200,dw03,021B,220,2751,-34,-2160,1703,3.27,12268
ground-height-0m-20260825-163632,d028m_r090_run01.csv,0,28,90,dw00;dw01;dw02;dw03;dw04;dw05;dw06;dw07;dw08,dw00;dw01;dw02;dw03;dw04;dw05;dw06;dw07;dw08,dw07;dw08,15,1,2026-08-27T10:27:09.098+0200,dw00,8103,9,2781,-155,1910,2021,1.51,32287
ground-height-0m-20260825-163632,d028m_r090_run01.csv,0,28,90,dw00;dw01;dw02;dw03;dw04;dw05;dw06;dw07;dw08,dw00;dw01;dw02;dw03;dw04;dw05;dw06;dw07;dw08,dw07;dw08,35,1,2026-08-27T10:27:09.109+0200,dw01,1729,81,2768,-136,2224,1648,2.38,42327
ground-height-0m-20260825-163632,d028m_r090_run01.csv,0,28,90,dw00;dw01;dw02;dw03;dw04;dw05;dw06;dw07;dw08,dw00;dw01;dw02;dw03;dw04;dw05;dw06;dw07;dw08,dw07;dw08,55,1,2026-08-27T10:27:09.119+0200,dw02,8FB0,137,2760,-94,2760,0,3.15,52368
ground-height-0m-20260825-163632,d028m_r090_run01.csv,0,28,90,dw00;dw01;dw02;dw03;dw04;dw05;dw06;dw07;dw08,dw00;dw01;dw02;dw03;dw04;dw05;dw06;dw07;dw08,dw07;dw08,105,1,2026-08-27T10:27:09.138+0200,dw05,4B92,42,2762,47,-775,2651,3.33,72235
ground-height-0m-20260825-163632,d028m_r090_run01.csv,0,28,90,dw00;dw01;dw02;dw03;dw04;dw05;dw06;dw07;dw08,dw00;dw01;dw02;dw03;dw04;dw05;dw06;dw07;dw08,dw07;dw08,90,1,2026-08-27T10:27:09.228+0200,dw04,0F85,19,2764,7,-1461,2347,2.71,62255
ground-height-0m-20260825-163632,d028m_r090_run01.csv,0,28,90,dw00;dw01;dw02;dw03;dw04;dw05;dw06;dw07;dw08,dw00;dw01;dw02;dw03;dw04;dw05;dw06;dw07;dw08,dw07;dw08,125,1,2026-08-27T10:27:09.249+0200,dw06,0789,68,2763,92,-4,2763,2.08,82275
ground-height-0m-20260825-163632,d028m_r090_run01.csv,0,28,90,dw00;dw01;dw02;dw03;dw04;dw05;dw06;dw07;dw08,dw00;dw01;dw02;dw03;dw04;dw05;dw06;dw07;dw08,dw07;dw08,75,1,2026-08-27T10:27:09.279+0200,dw03,021B,221,2753,-39,-2251,1585,3.33,12268
ground-height-0m-20260825-163632,d028m_r090_run01.csv,0,28,90,dw00;dw01;dw02;dw03;dw04;dw05;dw06;dw07;dw08,dw00;dw01;dw02;dw03;dw04;dw05;dw06;dw07;dw08,dw07;dw08,15,1,2026-08-27T10:27:09.298+0200,dw00,8103,10,2776,-161,1797,2116,1.46,32318
ground-height-0m-20260825-163632,d028m_r090_run01.csv,0,28,90,dw00;dw01;dw02;dw03;dw04;dw05;dw06;dw07;dw08,dw00;dw01;dw02;dw03;dw04;dw05;dw06;dw07;dw08,dw07;dw08,35,1,2026-08-27T10:27:09.308+0200,dw01,1729,82,2770,-146,2053,1859,2.32,42297
ground-height-0m-20260825-163632,d028m_r090_run01.csv,0,28,90,dw00;dw01;dw02;dw03;dw04;dw05;dw06;dw07;dw08,dw00;dw01;dw02;dw03;dw04;dw05;dw06;dw07;dw08,dw07;dw08,55,1,2026-08-27T10:27:09.319+0200,dw02,8FB0,138,2758,-79,-2758,0,3.06,52276
ground-height-0m-20260825-163632,d028m_r090_run01.csv,0,28,90,dw00;dw01;dw02;dw03;dw04;dw05;dw06;dw07;dw08,dw00;dw01;dw02;dw03;dw04;dw05;dw06;dw07;dw08,dw07;dw08,105,1,2026-08-27T10:27:09.338+0200,dw05,4B92,43,2764,49,-745,2662,3.33,72235
ground-height-0m-20260825-163632,d028m_r090_run01.csv,0,28,90,dw00;dw01;dw02;dw03;dw04;dw05;dw06;dw07;dw08,dw00;dw01;dw02;dw03;dw04;dw05;dw06;dw07;dw08,dw07;dw08,90,1,2026-08-27T10:27:09.428+0200,dw04,0F85,20,2767,0,-1585,2267,2.59,62255
ground-height-0m-20260825-163632,d028m_r090_run01.csv,0,28,90,dw00;dw01;dw02;dw03;dw04;dw05;dw06;dw07;dw08,dw00;dw01;dw02;dw03;dw04;dw05;dw06;dw07;dw08,dw07;dw08,125,1,2026-08-27T10:27:09.449+0200,dw06,0789,69,2762,91,-28,2762,1.93,82275
ground-height-0m-20260825-163632,d028m_r090_run01.csv,0,28,90,dw00;dw01;dw02;dw03;dw04;dw05;dw06;dw07;dw08,dw00;dw01;dw02;dw03;dw04;dw05;dw06;dw07;dw08,dw07;dw08,75,1,2026-08-27T10:27:09.478+0200,dw03,021B,222,2753,-36,-2203,1651,3.21,12268
ground-height-0m-20260825-163632,d028m_r090_run01.csv,0,28,90,dw00;dw01;dw02;dw03;dw04;dw05;dw06;dw07;dw08,dw00;dw01;dw02;dw03;dw04;dw05;dw06;dw07;dw08,dw07;dw08,15,1,2026-08-27T10:27:09.499+0200,dw00,8103,11,2780,-156,1885,2042,1.57,32287
ground-height-0m-20260825-163632,d028m_r090_run01.csv,0,28,90,dw00;dw01;dw02;dw03;dw04;dw05;dw06;dw07;dw08,dw00;dw01;dw02;dw03;dw04;dw05;dw06;dw07;dw08,dw07;dw08,35,1,2026-08-27T10:27:09.508+0200,dw01,1729,83,2766,-134,2261,1593,2.38,42327
ground-height-0m-20260825-163632,d028m_r090_run01.csv,0,28,90,dw00;dw01;dw02;dw03;dw04;dw05;dw06;dw07;dw08,dw00;dw01;dw02;dw03;dw04;dw05;dw06;dw07;dw08,dw07;dw08,55,1,2026-08-27T10:27:09.518+0200,dw02,8FB0,139,2759,-88,2759,0,3.06,52368
ground-height-0m-20260825-163632,d028m_r090_run01.csv,0,28,90,dw00;dw01;dw02;dw03;dw04;dw05;dw06;dw07;dw08,dw00;dw01;dw02;dw03;dw04;dw05;dw06;dw07;dw08,dw07;dw08,105,1,2026-08-27T10:27:09.539+0200,dw05,4B92,44,2766,48,-756,2661,3.27,72235
ground-height-0m-20260825-163632,d028m_r090_run01.csv,0,28,90,dw00;dw01;dw02;dw03;dw04;dw05;dw06;dw07;dw08,dw00;dw01;dw02;dw03;dw04;dw05;dw06;dw07;dw08,dw07;dw08,90,1,2026-08-27T10:27:09.628+0200,dw04,0F85,21,2763,0,-1574,2270,2.59,62225
ground-height-0m-20260825-163632,d028m_r090_run01.csv,0,28,90,dw00;dw01;dw02;dw03;dw04;dw05;dw06;dw07;dw08,dw00;dw01;dw02;dw03;dw04;dw05;dw06;dw07;dw08,dw07;dw08,125,1,2026-08-27T10:27:09.649+0200,dw06,0789,70,2763,94,18,2763,1.99,82275
ground-height-0m-20260825-163632,d028m_r090_run01.csv,0,28,90,dw00;dw01;dw02;dw03;dw04;dw05;dw06;dw07;dw08,dw00;dw01;dw02;dw03;dw04;dw05;dw06;dw07;dw08,dw07;dw08,75,1,2026-08-27T10:27:09.678+0200,dw03,021B,223,2751,-49,-2419,1308,3.33,12268
ground-height-0m-20260825-163632,d028m_r090_run01.csv,0,28,90,dw00;dw01;dw02;dw03;dw04;dw05;dw06;dw07;dw08,dw00;dw01;dw02;dw03;dw04;dw05;dw06;dw07;dw08,dw07;dw08,15,1,2026-08-27T10:27:09.699+0200,dw00,8103,12,2780,-158,1864,2063,1.51,32318
ground-height-0m-20260825-163632,d028m_r090_run01.csv,0,28,90,dw00;dw01;dw02;dw03;dw04;dw05;dw06;dw07;dw08,dw00;dw01;dw02;dw03;dw04;dw05;dw06;dw07;dw08,dw07;dw08,35,1,2026-08-27T10:27:09.708+0200,dw01,1729,84,2767,-134,2253,1606,2.38,42297
ground-height-0m-20260825-163632,d028m_r090_run01.csv,0,28,90,dw00;dw01;dw02;dw03;dw04;dw05;dw06;dw07;dw08,dw00;dw01;dw02;dw03;dw04;dw05;dw06;dw07;dw08,dw07;dw08,55,1,2026-08-27T10:27:09.718+0200,dw02,8FB0,140,2762,-92,2762,0,3.06,52337
ground-height-0m-20260825-163632,d028m_r090_run01.csv,0,28,90,dw00;dw01;dw02;dw03;dw04;dw05;dw06;dw07;dw08,dw00;dw01;dw02;dw03;dw04;dw05;dw06;dw07;dw08,dw07;dw08,105,1,2026-08-27T10:27:09.739+0200,dw05,4B92,45,2761,42,-860,2623,3.33,72235
ground-height-0m-20260825-163632,d028m_r090_run01.csv,0,28,90,dw00;dw01;dw02;dw03;dw04;dw05;dw06;dw07;dw08,dw00;dw01;dw02;dw03;dw04;dw05;dw06;dw07;dw08,dw07;dw08,90,1,2026-08-27T10:27:09.829+0200,dw04,0F85,22,2763,4,-1497,2323,2.77,62255
ground-height-0m-20260825-163632,d028m_r090_run01.csv,0,28,90,dw00;dw01;dw02;dw03;dw04;dw05;dw06;dw07;dw08,dw00;dw01;dw02;dw03;dw04;dw05;dw06;dw07;dw08,dw07;dw08,125,1,2026-08-27T10:27:09.848+0200,dw06,0789,71,2762,93,2,2762,2.14,82305
ground-height-0m-20260825-163632,d028m_r090_run01.csv,0,28,90,dw00;dw01;dw02;dw03;dw04;dw05;dw06;dw07;dw08,dw00;dw01;dw02;dw03;dw04;dw05;dw06;dw07;dw08,dw07;dw08,75,1,2026-08-27T10:27:09.878+0200,dw03,021B,224,2754,-42,-2290,1529,3.33,12298
ground-height-0m-20260825-163632,d028m_r090_run01.csv,0,28,90,dw00;dw01;dw02;dw03;dw04;dw05;dw06;dw07;dw08,dw00;dw01;dw02;dw03;dw04;dw05;dw06;dw07;dw08,dw07;dw08,15,1,2026-08-27T10:27:09.898+0200,dw00,8103,13,2779,-163,1771,2142,1.46,32318
ground-height-0m-20260825-163632,d028m_r090_run01.csv,0,28,90,dw00;dw01;dw02;dw03;dw04;dw05;dw06;dw07;dw08,dw00;dw01;dw02;dw03;dw04;dw05;dw06;dw07;dw08,dw07;dw08,35,1,2026-08-27T10:27:09.909+0200,dw01,1729,85,2770,-128,2369,1436,2.20,42327
ground-height-0m-20260825-163632,d028m_r090_run01.csv,0,28,90,dw00;dw01;dw02;dw03;dw04;dw05;dw06;dw07;dw08,dw00;dw01;dw02;dw03;dw04;dw05;dw06;dw07;dw08,dw07;dw08,55,1,2026-08-27T10:27:09.918+0200,dw02,8FB0,141,2757,-81,-2757,0,3.09,52307
ground-height-0m-20260825-163632,d028m_r090_run01.csv,0,28,90,dw00;dw01;dw02;dw03;dw04;dw05;dw06;dw07;dw08,dw00;dw01;dw02;dw03;dw04;dw05;dw06;dw07;dw08,dw07;dw08,105,1,2026-08-27T10:27:09.938+0200,dw05,4B92,46,2762,42,-855,2626,3.27,72235
ground-height-0m-20260825-163632,d028m_r090_run01.csv,0,28,90,dw00;dw01;dw02;dw03;dw04;dw05;dw06;dw07;dw08,dw00;dw01;dw02;dw03;dw04;dw05;dw06;dw07;dw08,dw07;dw08,90,1,2026-08-27T10:27:10.028+0200,dw04,0F85,23,2764,-2,-1619,2240,2.83,62194
ground-height-0m-20260825-163632,d028m_r090_run01.csv,0,28,90,dw00;dw01;dw02;dw03;dw04;dw05;dw06;dw07;dw08,dw00;dw01;dw02;dw03;dw04;dw05;dw06;dw07;dw08,dw07;dw08,125,1,2026-08-27T10:27:10.048+0200,dw06,0789,72,2761,76,-282,2746,2.14,82244
ground-height-0m-20260825-163632,d028m_r090_run01.csv,0,28,90,dw00;dw01;dw02;dw03;dw04;dw05;dw06;dw07;dw08,dw00;dw01;dw02;dw03;dw04;dw05;dw06;dw07;dw08,dw07;dw08,75,1,2026-08-27T10:27:10.079+0200,dw03,021B,225,2756,-44,-2338,1458,3.27,12268
ground-height-0m-20260825-163632,d028m_r090_run01.csv,0,28,90,dw00;dw01;dw02;dw03;dw04;dw05;dw06;dw07;dw08,dw00;dw01;dw02;dw03;dw04;dw05;dw06;dw07;dw08,dw07;dw08,15,1,2026-08-27T10:27:10.098+0200,dw00,8103,14,2776,-166,1711,2186,1.57,32287
ground-height-0m-20260825-163632,d028m_r090_run01.csv,0,28,90,dw00;dw01;dw02;dw03;dw04;dw05;dw06;dw07;dw08,dw00;dw01;dw02;dw03;dw04;dw05;dw06;dw07;dw08,dw07;dw08,35,1,2026-08-27T10:27:10.108+0200,dw01,1729,86,2769,-144,2094,1812,2.38,42327
ground-height-0m-20260825-163632,d028m_r090_run01.csv,0,28,90,dw00;dw01;dw02;dw03;dw04;dw05;dw06;dw07;dw08,dw00;dw01;dw02;dw03;dw04;dw05;dw06;dw07;dw08,dw07;dw08,55,1,2026-08-27T10:27:10.119+0200,dw02,8FB0,142,2760,-103,2760,0,3.09,52307
ground-height-0m-20260825-163632,d028m_r090_run01.csv,0,28,90,dw00;dw01;dw02;dw03;dw04;dw05;dw06;dw07;dw08,dw00;dw01;dw02;dw03;dw04;dw05;dw06;dw07;dw08,dw07;dw08,105,1,2026-08-27T10:27:10.138+0200,dw05,4B92,47,2762,55,-643,2686,3.27,72265
ground-height-0m-20260825-163632,d028m_r090_run01.csv,0,28,90,dw00;dw01;dw02;dw03;dw04;dw05;dw06;dw07;dw08,dw00;dw01;dw02;dw03;dw04;dw05;dw06;dw07;dw08,dw07;dw08,90,1,2026-08-27T10:27:10.228+0200,dw04,0F85,24,2763,0,-1592,2258,2.71,62255
ground-height-0m-20260825-163632,d028m_r090_run01.csv,0,28,90,dw00;dw01;dw02;dw03;dw04;dw05;dw06;dw07;dw08,dw00;dw01;dw02;dw03;dw04;dw05;dw06;dw07;dw08,dw07;dw08,125,1,2026-08-27T10:27:10.248+0200,dw06,0789,73,2760,91,-29,2759,2.02,82275
ground-height-0m-20260825-163632,d028m_r090_run01.csv,0,28,90,dw00;dw01;dw02;dw03;dw04;dw05;dw06;dw07;dw08,dw00;dw01;dw02;dw03;dw04;dw05;dw06;dw07;dw08,dw07;dw08,75,1,2026-08-27T10:27:10.278+0200,dw03,021B,226,2755,-40,-2268,1564,3.21,12268
ground-height-0m-20260825-163632,d028m_r090_run01.csv,0,28,90,dw00;dw01;dw02;dw03;dw04;dw05;dw06;dw07;dw08,dw00;dw01;dw02;dw03;dw04;dw05;dw06;dw07;dw08,dw07;dw08,15,1,2026-08-27T10:27:10.298+0200,dw00,8103,15,2776,-158,1857,2064,1.57,32287
ground-height-0m-20260825-163632,d028m_r090_run01.csv,0,28,90,dw00;dw01;dw02;dw03;dw04;dw05;dw06;dw07;dw08,dw00;dw01;dw02;dw03;dw04;dw05;dw06;dw07;dw08,dw07;dw08,35,1,2026-08-27T10:27:10.308+0200,dw01,1729,87,2767,-146,2054,1853,2.32,42327
ground-height-0m-20260825-163632,d028m_r090_run01.csv,0,28,90,dw00;dw01;dw02;dw03;dw04;dw05;dw06;dw07;dw08,dw00;dw01;dw02;dw03;dw04;dw05;dw06;dw07;dw08,dw07;dw08,55,1,2026-08-27T10:27:10.318+0200,dw02,8FB0,143,2757,-95,2757,0,3.09,52307
ground-height-0m-20260825-163632,d028m_r090_run01.csv,0,28,90,dw00;dw01;dw02;dw03;dw04;dw05;dw06;dw07;dw08,dw00;dw01;dw02;dw03;dw04;dw05;dw06;dw07;dw08,dw07;dw08,105,1,2026-08-27T10:27:10.338+0200,dw05,4B92,48,2761,56,-617,2691,3.21,72235
ground-height-0m-20260825-163632,d028m_r090_run01.csv,0,28,90,dw00;dw01;dw02;dw03;dw04;dw05;dw06;dw07;dw08,dw00;dw01;dw02;dw03;dw04;dw05;dw06;dw07;dw08,dw07;dw08,90,1,2026-08-27T10:27:10.428+0200,dw04,0F85,25,2759,1,-1550,2282,2.71,62225
ground-height-0m-20260825-163632,d028m_r090_run01.csv,0,28,90,dw00;dw01;dw02;dw03;dw04;dw05;dw06;dw07;dw08,dw00;dw01;dw02;dw03;dw04;dw05;dw06;dw07;dw08,dw07;dw08,125,1,2026-08-27T10:27:10.449+0200,dw06,0789,74,2763,90,-36,2763,2.08,82305
ground-height-0m-20260825-163632,d028m_r090_run01.csv,0,28,90,dw00;dw01;dw02;dw03;dw04;dw05;dw06;dw07;dw08,dw00;dw01;dw02;dw03;dw04;dw05;dw06;dw07;dw08,dw07;dw08,75,1,2026-08-27T10:27:10.478+0200,dw03,021B,227,2750,-43,-2305,1500,3.33,12268
ground-height-0m-20260825-163632,d028m_r090_run01.csv,0,28,90,dw00;dw01;dw02;dw03;dw04;dw05;dw06;dw07;dw08,dw00;dw01;dw02;dw03;dw04;dw05;dw06;dw07;dw08,dw07;dw08,15,1,2026-08-27T10:27:10.498+0200,dw00,8103,16,2777,-152,1959,1968,1.46,32287
ground-height-0m-20260825-163632,d028m_r090_run01.csv,0,28,90,dw00;dw01;dw02;dw03;dw04;dw05;dw06;dw07;dw08,dw00;dw01;dw02;dw03;dw04;dw05;dw06;dw07;dw08,dw07;dw08,35,1,2026-08-27T10:27:10.508+0200,dw01,1729,88,2768,-133,2278,1573,2.38,42297
ground-height-0m-20260825-163632,d028m_r090_run01.csv,0,28,90,dw00;dw01;dw02;dw03;dw04;dw05;dw06;dw07;dw08,dw00;dw01;dw02;dw03;dw04;dw05;dw06;dw07;dw08,dw07;dw08,55,1,2026-08-27T10:27:10.518+0200,dw02,8FB0,144,2758,-86,-2758,0,3.06,52307
ground-height-0m-20260825-163632,d028m_r090_run01.csv,0,28,90,dw00;dw01;dw02;dw03;dw04;dw05;dw06;dw07;dw08,dw00;dw01;dw02;dw03;dw04;dw05;dw06;dw07;dw08,dw07;dw08,105,1,2026-08-27T10:27:10.538+0200,dw05,4B92,49,2764,41,-873,2622,3.21,72265
ground-height-0m-20260825-163632,d028m_r090_run01.csv,0,28,90,dw00;dw01;dw02;dw03;dw04;dw05;dw06;dw07;dw08,dw00;dw01;dw02;dw03;dw04;dw05;dw06;dw07;dw08,dw07;dw08,90,1,2026-08-27T10:27:10.628+0200,dw04,0F85,26,2762,5,-1489,2326,2.83,62255
ground-height-0m-20260825-163632,d028m_r090_run01.csv,0,28,90,dw00;dw01;dw02;dw03;dw04;dw05;dw06;dw07;dw08,dw00;dw01;dw02;dw03;dw04;dw05;dw06;dw07;dw08,dw07;dw08,125,1,2026-08-27T10:27:10.648+0200,dw06,0789,75,2762,100,122,2759,2.08,82244
ground-height-0m-20260825-163632,d028m_r090_run01.csv,0,28,90,dw00;dw01;dw02;dw03;dw04;dw05;dw06;dw07;dw08,dw00;dw01;dw02;dw03;dw04;dw05;dw06;dw07;dw08,dw07;dw08,75,1,2026-08-27T10:27:10.678+0200,dw03,021B,228,2757,-42,-2305,1513,3.33,12268
ground-height-0m-20260825-163632,d028m_r090_run01.csv,0,28,90,dw00;dw01;dw02;dw03;dw04;dw05;dw06;dw07;dw08,dw00;dw01;dw02;dw03;dw04;dw05;dw06;dw07;dw08,dw07;dw08,15,1,2026-08-27T10:27:10.698+0200,dw00,8103,17,2779,-160,1814,2104,1.57,32287
ground-height-0m-20260825-163632,d028m_r090_run01.csv,0,28,90,dw00;dw01;dw02;dw03;dw04;dw05;dw06;dw07;dw08,dw00;dw01;dw02;dw03;dw04;dw05;dw06;dw07;dw08,dw07;dw08,35,1,2026-08-27T10:27:10.708+0200,dw01,1729,89,2769,-137,2216,1659,2.32,42327
ground-height-0m-20260825-163632,d028m_r090_run01.csv,0,28,90,dw00;dw01;dw02;dw03;dw04;dw05;dw06;dw07;dw08,dw00;dw01;dw02;dw03;dw04;dw05;dw06;dw07;dw08,dw07;dw08,55,1,2026-08-27T10:27:10.718+0200,dw02,8FB0,145,2757,-77,-2757,0,3.09,52337
ground-height-0m-20260825-163632,d028m_r090_run01.csv,0,28,90,dw00;dw01;dw02;dw03;dw04;dw05;dw06;dw07;dw08,dw00;dw01;dw02;dw03;dw04;dw05;dw06;dw07;dw08,dw07;dw08,105,1,2026-08-27T10:27:10.738+0200,dw05,4B92,50,2762,51,-706,2670,3.27,72235
ground-height-0m-20260825-163632,d028m_r090_run01.csv,0,28,90,dw00;dw01;dw02;dw03;dw04;dw05;dw06;dw07;dw08,dw00;dw01;dw02;dw03;dw04;dw05;dw06;dw07;dw08,dw07;dw08,90,1,2026-08-27T10:27:10.827+0200,dw04,0F85,27,2765,1,-1554,2287,2.77,62225
ground-height-0m-20260825-163632,d028m_r090_run01.csv,0,28,90,dw00;dw01;dw02;dw03;dw04;dw05;dw06;dw07;dw08,dw00;dw01;dw02;dw03;dw04;dw05;dw06;dw07;dw08,dw07;dw08,125,1,2026-08-27T10:27:10.848+0200,dw06,0789,76,2762,109,274,2748,2.20,82305
ground-height-0m-20260825-163632,d028m_r090_run01.csv,0,28,90,dw00;dw01;dw02;dw03;dw04;dw05;dw06;dw07;dw08,dw00;dw01;dw02;dw03;dw04;dw05;dw06;dw07;dw08,dw07;dw08,75,1,2026-08-27T10:27:10.878+0200,dw03,021B,229,2753,-31,-2104,1775,3.33,12268
ground-height-0m-20260825-163632,d028m_r090_run01.csv,0,28,90,dw00;dw01;dw02;dw03;dw04;dw05;dw06;dw07;dw08,dw00;dw01;dw02;dw03;dw04;dw05;dw06;dw07;dw08,dw07;dw08,15,1,2026-08-27T10:27:10.898+0200,dw00,8103,18,2779,-166,1720,2183,1.63,32318
ground-height-0m-20260825-163632,d028m_r090_run01.csv,0,28,90,dw00;dw01;dw02;dw03;dw04;dw05;dw06;dw07;dw08,dw00;dw01;dw02;dw03;dw04;dw05;dw06;dw07;dw08,dw07;dw08,35,1,2026-08-27T10:27:10.908+0200,dw01,1729,90,2766,-128,2360,1443,2.38,42297
ground-height-0m-20260825-163632,d028m_r090_run01.csv,0,28,90,dw00;dw01;dw02;dw03;dw04;dw05;dw06;dw07;dw08,dw00;dw01;dw02;dw03;dw04;dw05;dw06;dw07;dw08,dw07;dw08,55,1,2026-08-27T10:27:10.918+0200,dw02,8FB0,146,2761,-86,-2761,0,3.09,52276
ground-height-0m-20260825-163632,d028m_r090_run01.csv,0,28,90,dw00;dw01;dw02;dw03;dw04;dw05;dw06;dw07;dw08,dw00;dw01;dw02;dw03;dw04;dw05;dw06;dw07;dw08,dw07;dw08,105,1,2026-08-27T10:27:10.938+0200,dw05,4B92,51,2763,45,-815,2640,3.15,72204
ground-height-0m-20260825-163632,d028m_r090_run01.csv,0,28,90,dw00;dw01;dw02;dw03;dw04;dw05;dw06;dw07;dw08,dw00;dw01;dw02;dw03;dw04;dw05;dw06;dw07;dw08,dw07;dw08,90,1,2026-08-27T10:27:11.028+0200,dw04,0F85,28,2762,1,-1552,2285,2.83,62255
ground-height-0m-20260825-163632,d028m_r090_run01.csv,0,28,90,dw00;dw01;dw02;dw03;dw04;dw05;dw06;dw07;dw08,dw00;dw01;dw02;dw03;dw04;dw05;dw06;dw07;dw08,dw07;dw08,125,1,2026-08-27T10:27:11.048+0200,dw06,0789,77,2761,99,115,2759,2.02,82275
ground-height-0m-20260825-163632,d028m_r090_run01.csv,0,28,90,dw00;dw01;dw02;dw03;dw04;dw05;dw06;dw07;dw08,dw00;dw01;dw02;dw03;dw04;dw05;dw06;dw07;dw08,dw07;dw08,75,1,2026-08-27T10:27:11.077+0200,dw03,021B,230,2750,-30,-2098,1778,3.33,12268
ground-height-0m-20260825-163632,d028m_r090_run01.csv,0,28,90,dw00;dw01;dw02;dw03;dw04;dw05;dw06;dw07;dw08,dw00;dw01;dw02;dw03;dw04;dw05;dw06;dw07;dw08,dw07;dw08,15,1,2026-08-27T10:27:11.098+0200,dw00,8103,19,2778,-155,1909,2018,1.51,32287
ground-height-0m-20260825-163632,d028m_r090_run01.csv,0,28,90,dw00;dw01;dw02;dw03;dw04;dw05;dw06;dw07;dw08,dw00;dw01;dw02;dw03;dw04;dw05;dw06;dw07;dw08,dw07;dw08,35,1,2026-08-27T10:27:11.108+0200,dw01,1729,91,2766,-132,2288,1554,2.26,42358
ground-height-0m-20260825-163632,d028m_r090_run01.csv,0,28,90,dw00;dw01;dw02;dw03;dw04;dw05;dw06;dw07;dw08,dw00;dw01;dw02;dw03;dw04;dw05;dw06;dw07;dw08,dw07;dw08,55,1,2026-08-27T10:27:11.117+0200,dw02,8FB0,147,2764,-97,2764,0,3.21,52337
ground-height-0m-20260825-163632,d028m_r090_run01.csv,0,28,90,dw00;dw01;dw02;dw03;dw04;dw05;dw06;dw07;dw08,dw00;dw01;dw02;dw03;dw04;dw05;dw06;dw07;dw08,dw07;dw08,105,1,2026-08-27T10:27:11.138+0200,dw05,4B92,52,2759,51,-701,2668,3.27,72265
ground-height-0m-20260825-163632,d028m_r090_run01.csv,0,28,90,dw00;dw01;dw02;dw03;dw04;dw05;dw06;dw07;dw08,dw00;dw01;dw02;dw03;dw04;dw05;dw06;dw07;dw08,dw07;dw08,90,1,2026-08-27T10:27:11.228+0200,dw04,0F85,29,2761,6,-1474,2335,2.83,62225
ground-height-0m-20260825-163632,d028m_r090_run01.csv,0,28,90,dw00;dw01;dw02;dw03;dw04;dw05;dw06;dw07;dw08,dw00;dw01;dw02;dw03;dw04;dw05;dw06;dw07;dw08,dw07;dw08,125,1,2026-08-27T10:27:11.247+0200,dw06,0789,78,2761,91,-24,2761,2.02,82244
ground-height-0m-20260825-163632,d028m_r090_run01.csv,0,28,90,dw00;dw01;dw02;dw03;dw04;dw05;dw06;dw07;dw08,dw00;dw01;dw02;dw03;dw04;dw05;dw06;dw07;dw08,dw07;dw08,75,1,2026-08-27T10:27:11.278+0200,dw03,021B,231,2753,-33,-2146,1724,3.45,12268
ground-height-0m-20260825-163632,d028m_r090_run01.csv,0,28,90,dw00;dw01;dw02;dw03;dw04;dw05;dw06;dw07;dw08,dw00;dw01;dw02;dw03;dw04;dw05;dw06;dw07;dw08,dw07;dw08,15,1,2026-08-27T10:27:11.298+0200,dw00,8103,20,2777,-156,1886,2038,1.63,32287
ground-height-0m-20260825-163632,d028m_r090_run01.csv,0,28,90,dw00;dw01;dw02;dw03;dw04;dw05;dw06;dw07;dw08,dw00;dw01;dw02;dw03;dw04;dw05;dw06;dw07;dw08,dw07;dw08,35,1,2026-08-27T10:27:11.308+0200,dw01,1729,92,2766,-135,2242,1619,2.38,42297
ground-height-0m-20260825-163632,d028m_r090_run01.csv,0,28,90,dw00;dw01;dw02;dw03;dw04;dw05;dw06;dw07;dw08,dw00;dw01;dw02;dw03;dw04;dw05;dw06;dw07;dw08,dw07;dw08,55,1,2026-08-27T10:27:11.318+0200,dw02,8FB0,148,2757,-98,2757,0,3.09,52337
ground-height-0m-20260825-163632,d028m_r090_run01.csv,0,28,90,dw00;dw01;dw02;dw03;dw04;dw05;dw06;dw07;dw08,dw00;dw01;dw02;dw03;dw04;dw05;dw06;dw07;dw08,dw07;dw08,105,1,2026-08-27T10:27:11.338+0200,dw05,4B92,53,2762,49,-732,2663,3.27,72265
ground-height-0m-20260825-163632,d028m_r090_run01.csv,0,28,90,dw00;dw01;dw02;dw03;dw04;dw05;dw06;dw07;dw08,dw00;dw01;dw02;dw03;dw04;dw05;dw06;dw07;dw08,dw07;dw08,90,1,2026-08-27T10:27:11.428+0200,dw04,0F85,30,2760,4,-1503,2315,2.77,62255
ground-height-0m-20260825-163632,d028m_r090_run01.csv,0,28,90,dw00;dw01;dw02;dw03;dw04;dw05;dw06;dw07;dw08,dw00;dw01;dw02;dw03;dw04;dw05;dw06;dw07;dw08,dw07;dw08,125,1,2026-08-27T10:27:11.448+0200,dw06,0789,79,2761,89,-57,2760,2.02,82336
ground-height-0m-20260825-163632,d028m_r090_run01.csv,0,28,90,dw00;dw01;dw02;dw03;dw04;dw05;dw06;dw07;dw08,dw00;dw01;dw02;dw03;dw04;dw05;dw06;dw07;dw08,dw07;dw08,75,1,2026-08-27T10:27:11.478+0200,dw03,021B,232,2756,-51,-2447,1269,3.33,12268
ground-height-0m-20260825-163632,d028m_r090_run01.csv,0,28,90,dw00;dw01;dw02;dw03;dw04;dw05;dw06;dw07;dw08,dw00;dw01;dw02;dw03;dw04;dw05;dw06;dw07;dw08,dw07;dw08,15,1,2026-08-27T10:27:11.497+0200,dw00,8103,21,2782,-165,1742,2168,1.63,32287
ground-height-0m-20260825-163632,d028m_r090_run01.csv,0,28,90,dw00;dw01;dw02;dw03;dw04;dw05;dw06;dw07;dw08,dw00;dw01;dw02;dw03;dw04;dw05;dw06;dw07;dw08,dw07;dw08,35,1,2026-08-27T10:27:11.508+0200,dw01,1729,93,2770,-127,2374,1427,2.38,42358
ground-height-0m-20260825-163632,d028m_r090_run01.csv,0,28,90,dw00;dw01;dw02;dw03;dw04;dw05;dw06;dw07;dw08,dw00;dw01;dw02;dw03;dw04;dw05;dw06;dw07;dw08,dw07;dw08,55,1,2026-08-27T10:27:11.518+0200,dw02,8FB0,149,2760,-95,2760,0,3.09,52337
ground-height-0m-20260825-163632,d028m_r090_run01.csv,0,28,90,dw00;dw01;dw02;dw03;dw04;dw05;dw06;dw07;dw08,dw00;dw01;dw02;dw03;dw04;dw05;dw06;dw07;dw08,dw07;dw08,105,1,2026-08-27T10:27:11.537+0200,dw05,4B92,54,2762,41,-881,2618,3.27,72235
ground-height-0m-20260825-163632,d028m_r090_run01.csv,0,28,90,dw00;dw01;dw02;dw03;dw04;dw05;dw06;dw07;dw08,dw00;dw01;dw02;dw03;dw04;dw05;dw06;dw07;dw08,dw07;dw08,90,1,2026-08-27T10:27:11.627+0200,dw04,0F85,31,2762,1,-1563,2277,2.77,62255
ground-height-0m-20260825-163632,d028m_r090_run01.csv,0,28,90,dw00;dw01;dw02;dw03;dw04;dw05;dw06;dw07;dw08,dw00;dw01;dw02;dw03;dw04;dw05;dw06;dw07;dw08,dw07;dw08,125,1,2026-08-27T10:27:11.648+0200,dw06,0789,80,2765,98,93,2763,2.02,82244
ground-height-0m-20260825-163632,d028m_r090_run01.csv,0,28,90,dw00;dw01;dw02;dw03;dw04;dw05;dw06;dw07;dw08,dw00;dw01;dw02;dw03;dw04;dw05;dw06;dw07;dw08,dw07;dw08,75,1,2026-08-27T10:27:11.678+0200,dw03,021B,233,2751,-42,-2294,1518,3.27,12268
ground-height-0m-20260825-163632,d028m_r090_run01.csv,0,28,90,dw00;dw01;dw02;dw03;dw04;dw05;dw06;dw07;dw08,dw00;dw01;dw02;dw03;dw04;dw05;dw06;dw07;dw08,dw07;dw08,15,1,2026-08-27T10:27:11.697+0200,dw00,8103,22,2780,-148,2027,1901,1.57,32287
ground-height-0m-20260825-163632,d028m_r090_run01.csv,0,28,90,dw00;dw01;dw02;dw03;dw04;dw05;dw06;dw07;dw08,dw00;dw01;dw02;dw03;dw04;dw05;dw06;dw07;dw08,dw07;dw08,35,1,2026-08-27T10:27:11.707+0200,dw01,1729,94,2766,-135,2237,1626,2.38,42327
ground-height-0m-20260825-163632,d028m_r090_run01.csv,0,28,90,dw00;dw01;dw02;dw03;dw04;dw05;dw06;dw07;dw08,dw00;dw01;dw02;dw03;dw04;dw05;dw06;dw07;dw08,dw07;dw08,55,1,2026-08-27T10:27:11.718+0200,dw02,8FB0,150,2757,-95,2757,0,3.09,52276
ground-height-0m-20260825-163632,d028m_r090_run01.csv,0,28,90,dw00;dw01;dw02;dw03;dw04;dw05;dw06;dw07;dw08,dw00;dw01;dw02;dw03;dw04;dw05;dw06;dw07;dw08,dw07;dw08,105,1,2026-08-27T10:27:11.738+0200,dw05,4B92,55,2763,40,-894,2614,3.27,72265
ground-height-0m-20260825-163632,d028m_r090_run01.csv,0,28,90,dw00;dw01;dw02;dw03;dw04;dw05;dw06;dw07;dw08,dw00;dw01;dw02;dw03;dw04;dw05;dw06;dw07;dw08,dw07;dw08,90,1,2026-08-27T10:27:11.827+0200,dw04,0F85,32,2763,-6,-1685,2189,2.71,62225
ground-height-0m-20260825-163632,d028m_r090_run01.csv,0,28,90,dw00;dw01;dw02;dw03;dw04;dw05;dw06;dw07;dw08,dw00;dw01;dw02;dw03;dw04;dw05;dw06;dw07;dw08,dw07;dw08,125,1,2026-08-27T10:27:11.848+0200,dw06,0789,81,2761,98,102,2759,2.14,82305
ground-height-0m-20260825-163632,d028m_r090_run01.csv,0,28,90,dw00;dw01;dw02;dw03;dw04;dw05;dw06;dw07;dw08,dw00;dw01;dw02;dw03;dw04;dw05;dw06;dw07;dw08,dw07;dw08,75,1,2026-08-27T10:27:11.877+0200,dw03,021B,234,2751,-38,-2232,1608,3.33,12268
ground-height-0m-20260825-163632,d028m_r090_run01.csv,0,28,90,dw00;dw01;dw02;dw03;dw04;dw05;dw06;dw07;dw08,dw00;dw01;dw02;dw03;dw04;dw05;dw06;dw07;dw08,dw07;dw08,15,1,2026-08-27T10:27:11.898+0200,dw00,8103,23,2780,-152,1963,1969,1.57,32287
ground-height-0m-20260825-163632,d028m_r090_run01.csv,0,28,90,dw00;dw01;dw02;dw03;dw04;dw05;dw06;dw07;dw08,dw00;dw01;dw02;dw03;dw04;dw05;dw06;dw07;dw08,dw07;dw08,35,1,2026-08-27T10:27:11.907+0200,dw01,1729,95,2768,-124,2427,1331,2.44,42327
ground-height-0m-20260825-163632,d028m_r090_run01.csv,0,28,90,dw00;dw01;dw02;dw03;dw04;dw05;dw06;dw07;dw08,dw00;dw01;dw02;dw03;dw04;dw05;dw06;dw07;dw08,dw07;dw08,55,1,2026-08-27T10:27:11.917+0200,dw02,8FB0,151,2762,-101,2762,0,3.15,52307
ground-height-0m-20260825-163632,d028m_r090_run01.csv,0,28,90,dw00;dw01;dw02;dw03;dw04;dw05;dw06;dw07;dw08,dw00;dw01;dw02;dw03;dw04;dw05;dw06;dw07;dw08,dw07;dw08,105,1,2026-08-27T10:27:11.938+0200,dw05,4B92,56,2761,44,-828,2633,3.21,72265
ground-height-0m-20260825-163632,d028m_r090_run01.csv,0,28,90,dw00;dw01;dw02;dw03;dw04;dw05;dw06;dw07;dw08,dw00;dw01;dw02;dw03;dw04;dw05;dw06;dw07;dw08,dw07;dw08,90,1,2026-08-27T10:27:12.028+0200,dw04,0F85,33,2761,3,-1518,2307,2.71,62225
ground-height-0m-20260825-163632,d028m_r090_run01.csv,0,28,90,dw00;dw01;dw02;dw03;dw04;dw05;dw06;dw07;dw08,dw00;dw01;dw02;dw03;dw04;dw05;dw06;dw07;dw08,dw07;dw08,125,1,2026-08-27T10:27:12.048+0200,dw06,0789,82,2761,81,-196,2754,2.14,82305
ground-height-0m-20260825-163632,d028m_r090_run01.csv,0,28,90,dw00;dw01;dw02;dw03;dw04;dw05;dw06;dw07;dw08,dw00;dw01;dw02;dw03;dw04;dw05;dw06;dw07;dw08,dw07;dw08,75,1,2026-08-27T10:27:12.077+0200,dw03,021B,235,2750,-41,-2279,1540,3.27,12268
ground-height-0m-20260825-163632,d028m_r090_run01.csv,0,28,90,dw00;dw01;dw02;dw03;dw04;dw05;dw06;dw07;dw08,dw00;dw01;dw02;dw03;dw04;dw05;dw06;dw07;dw08,dw07;dw08,15,1,2026-08-27T10:27:12.098+0200,dw00,8103,24,2777,-162,1787,2126,1.63,32318
ground-height-0m-20260825-163632,d028m_r090_run01.csv,0,28,90,dw00;dw01;dw02;dw03;dw04;dw05;dw06;dw07;dw08,dw00;dw01;dw02;dw03;dw04;dw05;dw06;dw07;dw08,dw07;dw08,35,1,2026-08-27T10:27:12.108+0200,dw01,1729,96,2767,-126,2393,1388,2.44,42327
ground-height-0m-20260825-163632,d028m_r090_run01.csv,0,28,90,dw00;dw01;dw02;dw03;dw04;dw05;dw06;dw07;dw08,dw00;dw01;dw02;dw03;dw04;dw05;dw06;dw07;dw08,dw07;dw08,55,1,2026-08-27T10:27:12.117+0200,dw02,8FB0,152,2757,-115,2578,976,3.21,52368
ground-height-0m-20260825-163632,d028m_r090_run01.csv,0,28,90,dw00;dw01;dw02;dw03;dw04;dw05;dw06;dw07;dw08,dw00;dw01;dw02;dw03;dw04;dw05;dw06;dw07;dw08,dw07;dw08,105,1,2026-08-27T10:27:12.138+0200,dw05,4B92,57,2761,50,-728,2663,3.27,72235
ground-height-0m-20260825-163632,d028m_r090_run01.csv,0,28,90,dw00;dw01;dw02;dw03;dw04;dw05;dw06;dw07;dw08,dw00;dw01;dw02;dw03;dw04;dw05;dw06;dw07;dw08,dw07;dw08,90,1,2026-08-27T10:27:12.228+0200,dw04,0F85,34,2764,7,-1452,2352,2.77,62286
ground-height-0m-20260825-163632,d028m_r090_run01.csv,0,28,90,dw00;dw01;dw02;dw03;dw04;dw05;dw06;dw07;dw08,dw00;dw01;dw02;dw03;dw04;dw05;dw06;dw07;dw08,dw07;dw08,125,1,2026-08-27T10:27:12.247+0200,dw06,0789,83,2764,100,126,2761,2.14,82244
ground-height-0m-20260825-163632,d028m_r090_run01.csv,0,28,90,dw00;dw01;dw02;dw03;dw04;dw05;dw06;dw07;dw08,dw00;dw01;dw02;dw03;dw04;dw05;dw06;dw07;dw08,dw07;dw08,75,1,2026-08-27T10:27:12.278+0200,dw03,021B,236,2754,-38,-2229,1617,3.33,12298
ground-height-0m-20260825-163632,d028m_r090_run01.csv,0,28,90,dw00;dw01;dw02;dw03;dw04;dw05;dw06;dw07;dw08,dw00;dw01;dw02;dw03;dw04;dw05;dw06;dw07;dw08,dw07;dw08,15,1,2026-08-27T10:27:12.297+0200,dw00,8103,25,2778,-151,1972,1956,1.57,32287
ground-height-0m-20260825-163632,d028m_r090_run01.csv,0,28,90,dw00;dw01;dw02;dw03;dw04;dw05;dw06;dw07;dw08,dw00;dw01;dw02;dw03;dw04;dw05;dw06;dw07;dw08,dw07;dw08,35,1,2026-08-27T10:27:12.308+0200,dw01,1729,97,2771,-131,2320,1514,2.44,42327
ground-height-0m-20260825-163632,d028m_r090_run01.csv,0,28,90,dw00;dw01;dw02;dw03;dw04;dw05;dw06;dw07;dw08,dw00;dw01;dw02;dw03;dw04;dw05;dw06;dw07;dw08,dw07;dw08,55,1,2026-08-27T10:27:12.318+0200,dw02,8FB0,153,2759,-99,2759,0,3.06,52337
ground-height-0m-20260825-163632,d028m_r090_run01.csv,0,28,90,dw00;dw01;dw02;dw03;dw04;dw05;dw06;dw07;dw08,dw00;dw01;dw02;dw03;dw04;dw05;dw06;dw07;dw08,dw07;dw08,105,1,2026-08-27T10:27:12.337+0200,dw05,4B92,58,2763,43,-847,2630,3.27,72235
ground-height-0m-20260825-163632,d028m_r090_run01.csv,0,28,90,dw00;dw01;dw02;dw03;dw04;dw05;dw06;dw07;dw08,dw00;dw01;dw02;dw03;dw04;dw05;dw06;dw07;dw08,dw07;dw08,90,1,2026-08-27T10:27:12.427+0200,dw04,0F85,35,2760,0,-1595,2252,2.83,62225
ground-height-0m-20260825-163632,d028m_r090_run01.csv,0,28,90,dw00;dw01;dw02;dw03;dw04;dw05;dw06;dw07;dw08,dw00;dw01;dw02;dw03;dw04;dw05;dw06;dw07;dw08,dw07;dw08,75,1,2026-08-27T10:27:12.478+0200,dw03,021B,237,2755,-34,-2167,1702,3.27,12268
ground-height-0m-20260825-163632,d028m_r090_run01.csv,0,28,90,dw00;dw01;dw02;dw03;dw04;dw05;dw06;dw07;dw08,dw00;dw01;dw02;dw03;dw04;dw05;dw06;dw07;dw08,dw07;dw08,15,1,2026-08-27T10:27:12.497+0200,dw00,8103,26,2777,-172,1617,2258,1.63,32287
ground-height-0m-20260825-163632,d028m_r090_run01.csv,0,28,90,dw00;dw01;dw02;dw03;dw04;dw05;dw06;dw07;dw08,dw00;dw01;dw02;dw03;dw04;dw05;dw06;dw07;dw08,dw07;dw08,35,1,2026-08-27T10:27:12.507+0200,dw01,1729,98,2767,-148,2016,1895,2.38,42327
ground-height-0m-20260825-163632,d028m_r090_run01.csv,0,28,90,dw00;dw01;dw02;dw03;dw04;dw05;dw06;dw07;dw08,dw00;dw01;dw02;dw03;dw04;dw05;dw06;dw07;dw08,dw07;dw08,55,1,2026-08-27T10:27:12.518+0200,dw02,8FB0,154,2757,-98,2757,0,3.09,52337
ground-height-0m-20260825-163632,d028m_r090_run01.csv,0,28,90,dw00;dw01;dw02;dw03;dw04;dw05;dw06;dw07;dw08,dw00;dw01;dw02;dw03;dw04;dw05;dw06;dw07;dw08,dw07;dw08,105,1,2026-08-27T10:27:12.537+0200,dw05,4B92,59,2761,47,-768,2652,3.21,72265
ground-height-0m-20260825-163632,d028m_r090_run01.csv,0,28,90,dw00;dw01;dw02;dw03;dw04;dw05;dw06;dw07;dw08,dw00;dw01;dw02;dw03;dw04;dw05;dw06;dw07;dw08,dw07;dw08,90,1,2026-08-27T10:27:12.626+0200,dw04,0F85,36,2762,0,-1584,2262,2.83,62255
ground-height-0m-20260825-163632,d028m_r090_run01.csv,0,28,90,dw00;dw01;dw02;dw03;dw04;dw05;dw06;dw07;dw08,dw00;dw01;dw02;dw03;dw04;dw05;dw06;dw07;dw08,dw07;dw08,125,1,2026-08-27T10:27:12.662+0200,dw06,0789,85,2762,98,93,2760,2.32,2147483
ground-height-0m-20260825-163632,d028m_r090_run01.csv,0,28,90,dw00;dw01;dw02;dw03;dw04;dw05;dw06;dw07;dw08,dw00;dw01;dw02;dw03;dw04;dw05;dw06;dw07;dw08,dw07;dw08,75,1,2026-08-27T10:27:12.676+0200,dw03,021B,238,2755,-43,-2319,1487,3.27,12268
ground-height-0m-20260825-163632,d028m_r090_run01.csv,0,28,90,dw00;dw01;dw02;dw03;dw04;dw05;dw06;dw07;dw08,dw00;dw01;dw02;dw03;dw04;dw05;dw06;dw07;dw08,dw07;dw08,15,1,2026-08-27T10:27:12.697+0200,dw00,8103,27,2781,-161,1799,2121,1.63,32287
ground-height-0m-20260825-163632,d028m_r090_run01.csv,0,28,90,dw00;dw01;dw02;dw03;dw04;dw05;dw06;dw07;dw08,dw00;dw01;dw02;dw03;dw04;dw05;dw06;dw07;dw08,dw07;dw08,35,1,2026-08-27T10:27:12.706+0200,dw01,1729,99,2765,-136,2215,1655,2.50,42327
ground-height-0m-20260825-163632,d028m_r090_run01.csv,0,28,90,dw00;dw01;dw02;dw03;dw04;dw05;dw06;dw07;dw08,dw00;dw01;dw02;dw03;dw04;dw05;dw06;dw07;dw08,dw07;dw08,55,1,2026-08-27T10:27:12.716+0200,dw02,8FB0,155,2762,-91,2762,0,3.15,52337
ground-height-0m-20260825-163632,d028m_r090_run01.csv,0,28,90,dw00;dw01;dw02;dw03;dw04;dw05;dw06;dw07;dw08,dw00;dw01;dw02;dw03;dw04;dw05;dw06;dw07;dw08,dw07;dw08,105,1,2026-08-27T10:27:12.737+0200,dw05,4B92,60,2762,42,-860,2625,3.27,72235
ground-height-0m-20260825-163632,d028m_r090_run01.csv,0,28,90,dw00;dw01;dw02;dw03;dw04;dw05;dw06;dw07;dw08,dw00;dw01;dw02;dw03;dw04;dw05;dw06;dw07;dw08,dw07;dw08,90,1,2026-08-27T10:27:12.826+0200,dw04,0F85,37,2761,11,-1379,2392,2.65,62225
ground-height-0m-20260825-163632,d028m_r090_run01.csv,0,28,90,dw00;dw01;dw02;dw03;dw04;dw05;dw06;dw07;dw08,dw00;dw01;dw02;dw03;dw04;dw05;dw06;dw07;dw08,dw07;dw08,125,1,2026-08-27T10:27:12.847+0200,dw06,0789,86,2762,85,-126,2759,2.20,82305
ground-height-0m-20260825-163632,d028m_r090_run01.csv,0,28,90,dw00;dw01;dw02;dw03;dw04;dw05;dw06;dw07;dw08,dw00;dw01;dw02;dw03;dw04;dw05;dw06;dw07;dw08,dw07;dw08,75,1,2026-08-27T10:27:12.876+0200,dw03,021B,239,2755,-39,-2240,1603,3.33,12268
ground-height-0m-20260825-163632,d028m_r090_run01.csv,0,28,90,dw00;dw01;dw02;dw03;dw04;dw05;dw06;dw07;dw08,dw00;dw01;dw02;dw03;dw04;dw05;dw06;dw07;dw08,dw07;dw08,15,1,2026-08-27T10:27:12.897+0200,dw00,8103,28,2780,-162,1786,2130,1.57,32287
ground-height-0m-20260825-163632,d028m_r090_run01.csv,0,28,90,dw00;dw01;dw02;dw03;dw04;dw05;dw06;dw07;dw08,dw00;dw01;dw02;dw03;dw04;dw05;dw06;dw07;dw08,dw07;dw08,35,1,2026-08-27T10:27:12.907+0200,dw01,1729,100,2764,-126,2392,1386,2.38,42297
ground-height-0m-20260825-163632,d028m_r090_run01.csv,0,28,90,dw00;dw01;dw02;dw03;dw04;dw05;dw06;dw07;dw08,dw00;dw01;dw02;dw03;dw04;dw05;dw06;dw07;dw08,dw07;dw08,55,1,2026-08-27T10:27:12.916+0200,dw02,8FB0,156,2759,-90,2759,0,2.95,52337
ground-height-0m-20260825-163632,d028m_r090_run01.csv,0,28,90,dw00;dw01;dw02;dw03;dw04;dw05;dw06;dw07;dw08,dw00;dw01;dw02;dw03;dw04;dw05;dw06;dw07;dw08,dw07;dw08,105,1,2026-08-27T10:27:12.937+0200,dw05,4B92,61,2763,49,-742,2662,3.27,72235
ground-height-0m-20260825-163632,d028m_r090_run01.csv,0,28,90,dw00;dw01;dw02;dw03;dw04;dw05;dw06;dw07;dw08,dw00;dw01;dw02;dw03;dw04;dw05;dw06;dw07;dw08,dw07;dw08,90,1,2026-08-27T10:27:13.027+0200,dw04,0F85,38,2763,4,-1501,2319,2.83,62255
ground-height-0m-20260825-163632,d028m_r090_run01.csv,0,28,90,dw00;dw01;dw02;dw03;dw04;dw05;dw06;dw07;dw08,dw00;dw01;dw02;dw03;dw04;dw05;dw06;dw07;dw08,dw07;dw08,125,1,2026-08-27T10:27:13.046+0200,dw06,0789,87,2763,86,-116,2761,2.20,82305
ground-height-0m-20260825-163632,d028m_r090_run01.csv,0,28,90,dw00;dw01;dw02;dw03;dw04;dw05;dw06;dw07;dw08,dw00;dw01;dw02;dw03;dw04;dw05;dw06;dw07;dw08,dw07;dw08,75,1,2026-08-27T10:27:13.076+0200,dw03,021B,240,2753,-38,-2221,1625,3.33,12268
ground-height-0m-20260825-163632,d028m_r090_run01.csv,0,28,90,dw00;dw01;dw02;dw03;dw04;dw05;dw06;dw07;dw08,dw00;dw01;dw02;dw03;dw04;dw05;dw06;dw07;dw08,dw07;dw08,15,1,2026-08-27T10:27:13.096+0200,dw00,8103,29,2778,-152,1957,1972,1.57,32318
ground-height-0m-20260825-163632,d028m_r090_run01.csv,0,28,90,dw00;dw01;dw02;dw03;dw04;dw05;dw06;dw07;dw08,dw00;dw01;dw02;dw03;dw04;dw05;dw06;dw07;dw08,dw07;dw08,35,1,2026-08-27T10:27:13.107+0200,dw01,1729,101,2767,-140,2149,1743,2.38,42327
ground-height-0m-20260825-163632,d028m_r090_run01.csv,0,28,90,dw00;dw01;dw02;dw03;dw04;dw05;dw06;dw07;dw08,dw00;dw01;dw02;dw03;dw04;dw05;dw06;dw07;dw08,dw07;dw08,55,1,2026-08-27T10:27:13.116+0200,dw02,8FB0,157,2759,-92,2759,0,3.06,52307
ground-height-0m-20260825-163632,d028m_r090_run01.csv,0,28,90,dw00;dw01;dw02;dw03;dw04;dw05;dw06;dw07;dw08,dw00;dw01;dw02;dw03;dw04;dw05;dw06;dw07;dw08,dw07;dw08,105,1,2026-08-27T10:27:13.136+0200,dw05,4B92,62,2760,49,-745,2657,3.27,72235
ground-height-0m-20260825-163632,d028m_r090_run01.csv,0,28,90,dw00;dw01;dw02;dw03;dw04;dw05;dw06;dw07;dw08,dw00;dw01;dw02;dw03;dw04;dw05;dw06;dw07;dw08,dw07;dw08,90,1,2026-08-27T10:27:13.226+0200,dw04,0F85,39,2762,3,-1522,2305,2.77,62255
ground-height-0m-20260825-163632,d028m_r090_run01.csv,0,28,90,dw00;dw01;dw02;dw03;dw04;dw05;dw06;dw07;dw08,dw00;dw01;dw02;dw03;dw04;dw05;dw06;dw07;dw08,dw07;dw08,125,1,2026-08-27T10:27:13.246+0200,dw06,0789,88,2763,98,97,2762,2.08,82244
ground-height-0m-20260825-163632,d028m_r090_run01.csv,0,28,90,dw00;dw01;dw02;dw03;dw04;dw05;dw06;dw07;dw08,dw00;dw01;dw02;dw03;dw04;dw05;dw06;dw07;dw08,dw07;dw08,75,1,2026-08-27T10:27:13.277+0200,dw03,021B,241,2753,-36,-2196,1661,3.33,12268
ground-height-0m-20260825-163632,d028m_r090_run01.csv,0,28,90,dw00;dw01;dw02;dw03;dw04;dw05;dw06;dw07;dw08,dw00;dw01;dw02;dw03;dw04;dw05;dw06;dw07;dw08,dw07;dw08,15,1,2026-08-27T10:27:13.296+0200,dw00,8103,30,2779,-152,1956,1974,1.69,32287
ground-height-0m-20260825-163632,d028m_r090_run01.csv,0,28,90,dw00;dw01;dw02;dw03;dw04;dw05;dw06;dw07;dw08,dw00;dw01;dw02;dw03;dw04;dw05;dw06;dw07;dw08,dw07;dw08,35,1,2026-08-27T10:27:13.307+0200,dw01,1729,102,2766,-126,2401,1372,2.50,42358
ground-height-0m-20260825-163632,d028m_r090_run01.csv,0,28,90,dw00;dw01;dw02;dw03;dw04;dw05;dw06;dw07;dw08,dw00;dw01;dw02;dw03;dw04;dw05;dw06;dw07;dw08,dw07;dw08,55,1,2026-08-27T10:27:13.317+0200,dw02,8FB0,158,2758,-80,-2758,0,3.06,52337
ground-height-0m-20260825-163632,d028m_r090_run01.csv,0,28,90,dw00;dw01;dw02;dw03;dw04;dw05;dw06;dw07;dw08,dw00;dw01;dw02;dw03;dw04;dw05;dw06;dw07;dw08,dw07;dw08,105,1,2026-08-27T10:27:13.336+0200,dw05,4B92,63,2762,48,-748,2659,3.27,72265
ground-height-0m-20260825-163632,d028m_r090_run01.csv,0,28,90,dw00;dw01;dw02;dw03;dw04;dw05;dw06;dw07;dw08,dw00;dw01;dw02;dw03;dw04;dw05;dw06;dw07;dw08,dw07;dw08,90,1,2026-08-27T10:27:13.426+0200,dw04,0F85,40,2761,10,-1397,2382,2.71,62255
ground-height-0m-20260825-163632,d028m_r090_run01.csv,0,28,90,dw00;dw01;dw02;dw03;dw04;dw05;dw06;dw07;dw08,dw00;dw01;dw02;dw03;dw04;dw05;dw06;dw07;dw08,dw07;dw08,125,1,2026-08-27T10:27:13.446+0200,dw06,0789,89,2763,107,240,2753,2.14,82275
ground-height-0m-20260825-163632,d028m_r090_run01.csv,0,28,90,dw00;dw01;dw02;dw03;dw04;dw05;dw06;dw07;dw08,dw00;dw01;dw02;dw03;dw04;dw05;dw06;dw07;dw08,dw07;dw08,75,1,2026-08-27T10:27:13.476+0200,dw03,021B,242,2753,-26,-2018,1872,3.27,12268
ground-height-0m-20260825-163632,d028m_r090_run01.csv,0,28,90,dw00;dw01;dw02;dw03;dw04;dw05;dw06;dw07;dw08,dw00;dw01;dw02;dw03;dw04;dw05;dw06;dw07;dw08,dw07;dw08,15,1,2026-08-27T10:27:13.496+0200,dw00,8103,31,2781,-155,1908,2023,1.46,32287
ground-height-0m-20260825-163632,d028m_r090_run01.csv,0,28,90,dw00;dw01;dw02;dw03;dw04;dw05;dw06;dw07;dw08,dw00;dw01;dw02;dw03;dw04;dw05;dw06;dw07;dw08,dw07;dw08,35,1,2026-08-27T10:27:13.506+0200,dw01,1729,103,2764,-145,2068,1833,2.50,42297
ground-height-0m-20260825-163632,d028m_r090_run01.csv,0,28,90,dw00;dw01;dw02;dw03;dw04;dw05;dw06;dw07;dw08,dw00;dw01;dw02;dw03;dw04;dw05;dw06;dw07;dw08,dw07;dw08,55,1,2026-08-27T10:27:13.516+0200,dw02,8FB0,159,2758,-98,2758,0,3.15,52276
ground-height-0m-20260825-163632,d028m_r090_run01.csv,0,28,90,dw00;dw01;dw02;dw03;dw04;dw05;dw06;dw07;dw08,dw00;dw01;dw02;dw03;dw04;dw05;dw06;dw07;dw08,dw07;dw08,105,1,2026-08-27T10:27:13.536+0200,dw05,4B92,64,2766,46,-798,2649,3.27,72235
ground-height-0m-20260825-163632,d028m_r090_run01.csv,0,28,90,dw00;dw01;dw02;dw03;dw04;dw05;dw06;dw07;dw08,dw00;dw01;dw02;dw03;dw04;dw05;dw06;dw07;dw08,dw07;dw08,90,1,2026-08-27T10:27:13.626+0200,dw04,0F85,41,2761,1,-1552,2284,2.83,62255
ground-height-0m-20260825-163632,d028m_r090_run01.csv,0,28,90,dw00;dw01;dw02;dw03;dw04;dw05;dw06;dw07;dw08,dw00;dw01;dw02;dw03;dw04;dw05;dw06;dw07;dw08,dw07;dw08,125,1,2026-08-27T10:27:13.647+0200,dw06,0789,90,2764,104,196,2757,2.14,82305
ground-height-0m-20260825-163632,d028m_r090_run01.csv,0,28,90,dw00;dw01;dw02;dw03;dw04;dw05;dw06;dw07;dw08,dw00;dw01;dw02;dw03;dw04;dw05;dw06;dw07;dw08,dw07;dw08,75,1,2026-08-27T10:27:13.676+0200,dw03,021B,243,2753,-36,-2195,1661,3.33,12268
ground-height-0m-20260825-163632,d028m_r090_run01.csv,0,28,90,dw00;dw01;dw02;dw03;dw04;dw05;dw06;dw07;dw08,dw00;dw01;dw02;dw03;dw04;dw05;dw06;dw07;dw08,dw07;dw08,15,1,2026-08-27T10:27:13.696+0200,dw00,8103,32,2780,-152,1954,1978,1.57,32318
ground-height-0m-20260825-163632,d028m_r090_run01.csv,0,28,90,dw00;dw01;dw02;dw03;dw04;dw05;dw06;dw07;dw08,dw00;dw01;dw02;dw03;dw04;dw05;dw06;dw07;dw08,dw07;dw08,35,1,2026-08-27T10:27:13.706+0200,dw01,1729,104,2765,-133,2277,1569,2.50,42327
ground-height-0m-20260825-163632,d028m_r090_run01.csv,0,28,90,dw00;dw01;dw02;dw03;dw04;dw05;dw06;dw07;dw08,dw00;dw01;dw02;dw03;dw04;dw05;dw06;dw07;dw08,dw07;dw08,55,1,2026-08-27T10:27:13.716+0200,dw02,8FB0,160,2761,-101,2760,0,3.15,52337
ground-height-0m-20260825-163632,d028m_r090_run01.csv,0,28,90,dw00;dw01;dw02;dw03;dw04;dw05;dw06;dw07;dw08,dw00;dw01;dw02;dw03;dw04;dw05;dw06;dw07;dw08,dw07;dw08,105,1,2026-08-27T10:27:13.736+0200,dw05,4B92,65,2763,47,-768,2654,3.27,72235
ground-height-0m-20260825-163632,d028m_r090_run01.csv,0,28,90,dw00;dw01;dw02;dw03;dw04;dw05;dw06;dw07;dw08,dw00;dw01;dw02;dw03;dw04;dw05;dw06;dw07;dw08,dw07;dw08,90,1,2026-08-27T10:27:13.826+0200,dw04,0F85,42,2763,9,-1419,2371,2.77,62255
ground-height-0m-20260825-163632,d028m_r090_run01.csv,0,28,90,dw00;dw01;dw02;dw03;dw04;dw05;dw06;dw07;dw08,dw00;dw01;dw02;dw03;dw04;dw05;dw06;dw07;dw08,dw07;dw08,125,1,2026-08-27T10:27:13.846+0200,dw06,0789,91,2763,86,-104,2761,2.14,82305
ground-height-0m-20260825-163632,d028m_r090_run01.csv,0,28,90,dw00;dw01;dw02;dw03;dw04;dw05;dw06;dw07;dw08,dw00;dw01;dw02;dw03;dw04;dw05;dw06;dw07;dw08,dw07;dw08,75,1,2026-08-27T10:27:13.876+0200,dw03,021B,244,2753,-36,-2193,1663,3.45,12268
ground-height-0m-20260825-163632,d028m_r090_run01.csv,0,28,90,dw00;dw01;dw02;dw03;dw04;dw05;dw06;dw07;dw08,dw00;dw01;dw02;dw03;dw04;dw05;dw06;dw07;dw08,dw07;dw08,15,1,2026-08-27T10:27:13.897+0200,dw00,8103,33,2779,-152,1957,1972,1.69,32318
ground-height-0m-20260825-163632,d028m_r090_run01.csv,0,28,90,dw00;dw01;dw02;dw03;dw04;dw05;dw06;dw07;dw08,dw00;dw01;dw02;dw03;dw04;dw05;dw06;dw07;dw08,dw07;dw08,35,1,2026-08-27T10:27:13.906+0200,dw01,1729,105,2767,-134,2265,1588,2.50,42327
ground-height-0m-20260825-163632,d028m_r090_run01.csv,0,28,90,dw00;dw01;dw02;dw03;dw04;dw05;dw06;dw07;dw08,dw00;dw01;dw02;dw03;dw04;dw05;dw06;dw07;dw08,dw07;dw08,55,1,2026-08-27T10:27:13.916+0200,dw02,8FB0,161,2761,-89,2761,0,3.21,52276
ground-height-0m-20260825-163632,d028m_r090_run01.csv,0,28,90,dw00;dw01;dw02;dw03;dw04;dw05;dw06;dw07;dw08,dw00;dw01;dw02;dw03;dw04;dw05;dw06;dw07;dw08,dw07;dw08,105,1,2026-08-27T10:27:13.936+0200,dw05,4B92,66,2762,46,-798,2644,3.27,72235
ground-height-0m-20260825-163632,d028m_r090_run01.csv,0,28,90,dw00;dw01;dw02;dw03;dw04;dw05;dw06;dw07;dw08,dw00;dw01;dw02;dw03;dw04;dw05;dw06;dw07;dw08,dw07;dw08,90,1,2026-08-27T10:27:14.025+0200,dw04,0F85,43,2761,-2,-1620,2236,2.83,62225
ground-height-0m-20260825-163632,d028m_r090_run01.csv,0,28,90,dw00;dw01;dw02;dw03;dw04;dw05;dw06;dw07;dw08,dw00;dw01;dw02;dw03;dw04;dw05;dw06;dw07;dw08,dw07;dw08,75,1,2026-08-27T10:27:14.076+0200,dw03,021B,245,2750,-35,-2173,1685,3.33,12268
ground-height-0m-20260825-163632,d028m_r090_run01.csv,0,28,90,dw00;dw01;dw02;dw03;dw04;dw05;dw06;dw07;dw08,dw00;dw01;dw02;dw03;dw04;dw05;dw06;dw07;dw08,dw07;dw08,15,1,2026-08-27T10:27:14.096+0200,dw00,8103,34,2777,-155,1908,2017,1.63,32318
ground-height-0m-20260825-163632,d028m_r090_run01.csv,0,28,90,dw00;dw01;dw02;dw03;dw04;dw05;dw06;dw07;dw08,dw00;dw01;dw02;dw03;dw04;dw05;dw06;dw07;dw08,dw07;dw08,35,1,2026-08-27T10:27:14.105+0200,dw01,1729,106,2770,-135,2243,1625,2.44,42327
ground-height-0m-20260825-163632,d028m_r090_run01.csv,0,28,90,dw00;dw01;dw02;dw03;dw04;dw05;dw06;dw07;dw08,dw00;dw01;dw02;dw03;dw04;dw05;dw06;dw07;dw08,dw07;dw08,55,1,2026-08-27T10:27:14.116+0200,dw02,8FB0,162,2762,-99,2762,0,3.27,52307
ground-height-0m-20260825-163632,d028m_r090_run01.csv,0,28,90,dw00;dw01;dw02;dw03;dw04;dw05;dw06;dw07;dw08,dw00;dw01;dw02;dw03;dw04;dw05;dw06;dw07;dw08,dw07;dw08,105,1,2026-08-27T10:27:14.136+0200,dw05,4B92,67,2766,46,-794,2650,3.21,72235
ground-height-0m-20260825-163632,d028m_r090_run01.csv,0,28,90,dw00;dw01;dw02;dw03;dw04;dw05;dw06;dw07;dw08,dw00;dw01;dw02;dw03;dw04;dw05;dw06;dw07;dw08,dw07;dw08,90,1,2026-08-27T10:27:14.226+0200,dw04,0F85,44,2762,6,-1478,2333,2.83,62255
ground-height-0m-20260825-163632,d028m_r090_run01.csv,0,28,90,dw00;dw01;dw02;dw03;dw04;dw05;dw06;dw07;dw08,dw00;dw01;dw02;dw03;dw04;dw05;dw06;dw07;dw08,dw07;dw08,125,1,2026-08-27T10:27:14.262+0200,dw06,0789,93,2761,80,-205,2753,2.26,2147483
ground-height-0m-20260825-163632,d028m_r090_run01.csv,0,28,90,dw00;dw01;dw02;dw03;dw04;dw05;dw06;dw07;dw08,dw00;dw01;dw02;dw03;dw04;dw05;dw06;dw07;dw08,dw07;dw08,75,1,2026-08-27T10:27:14.275+0200,dw03,021B,246,2755,-31,-2110,1771,3.33,12268
ground-height-0m-20260825-163632,d028m_r090_run01.csv,0,28,90,dw00;dw01;dw02;dw03;dw04;dw05;dw06;dw07;dw08,dw00;dw01;dw02;dw03;dw04;dw05;dw06;dw07;dw08,dw07;dw08,15,1,2026-08-27T10:27:14.296+0200,dw00,8103,35,2777,-162,1787,2126,1.57,32257
ground-height-0m-20260825-163632,d028m_r090_run01.csv,0,28,90,dw00;dw01;dw02;dw03;dw04;dw05;dw06;dw07;dw08,dw00;dw01;dw02;dw03;dw04;dw05;dw06;dw07;dw08,dw07;dw08,35,1,2026-08-27T10:27:14.306+0200,dw01,1729,107,2767,-133,2279,1570,2.44,42297
ground-height-0m-20260825-163632,d028m_r090_run01.csv,0,28,90,dw00;dw01;dw02;dw03;dw04;dw05;dw06;dw07;dw08,dw00;dw01;dw02;dw03;dw04;dw05;dw06;dw07;dw08,dw07;dw08,55,1,2026-08-27T10:27:14.315+0200,dw02,8FB0,163,2763,-94,2763,0,3.21,52368
ground-height-0m-20260825-163632,d028m_r090_run01.csv,0,28,90,dw00;dw01;dw02;dw03;dw04;dw05;dw06;dw07;dw08,dw00;dw01;dw02;dw03;dw04;dw05;dw06;dw07;dw08,dw07;dw08,105,1,2026-08-27T10:27:14.336+0200,dw05,4B92,68,2764,51,-706,2672,3.21,72235
ground-height-0m-20260825-163632,d028m_r090_run01.csv,0,28,90,dw00;dw01;dw02;dw03;dw04;dw05;dw06;dw07;dw08,dw00;dw01;dw02;dw03;dw04;dw05;dw06;dw07;dw08,dw07;dw08,90,1,2026-08-27T10:27:14.426+0200,dw04,0F85,45,2759,13,-1344,2409,2.71,62255
ground-height-0m-20260825-163632,d028m_r090_run01.csv,0,28,90,dw00;dw01;dw02;dw03;dw04;dw05;dw06;dw07;dw08,dw00;dw01;dw02;dw03;dw04;dw05;dw06;dw07;dw08,dw07;dw08,125,1,2026-08-27T10:27:14.446+0200,dw06,0789,94,2761,92,-6,2761,2.08,82336
ground-height-0m-20260825-163632,d028m_r090_run01.csv,0,28,90,dw00;dw01;dw02;dw03;dw04;dw05;dw06;dw07;dw08,dw00;dw01;dw02;dw03;dw04;dw05;dw06;dw07;dw08,dw07;dw08,75,1,2026-08-27T10:27:14.475+0200,dw03,021B,247,2753,-44,-2329,1467,3.33,12268
ground-height-0m-20260825-163632,d028m_r090_run01.csv,0,28,90,dw00;dw01;dw02;dw03;dw04;dw05;dw06;dw07;dw08,dw00;dw01;dw02;dw03;dw04;dw05;dw06;dw07;dw08,dw07;dw08,15,1,2026-08-27T10:27:14.496+0200,dw00,8103,36,2776,-151,1972,1953,1.69,32348
ground-height-0m-20260825-163632,d028m_r090_run01.csv,0,28,90,dw00;dw01;dw02;dw03;dw04;dw05;dw06;dw07;dw08,dw00;dw01;dw02;dw03;dw04;dw05;dw06;dw07;dw08,dw07;dw08,35,1,2026-08-27T10:27:14.506+0200,dw01,1729,108,2765,-129,2343,1468,2.50,42327
ground-height-0m-20260825-163632,d028m_r090_run01.csv,0,28,90,dw00;dw01;dw02;dw03;dw04;dw05;dw06;dw07;dw08,dw00;dw01;dw02;dw03;dw04;dw05;dw06;dw07;dw08,dw07;dw08,55,1,2026-08-27T10:27:14.516+0200,dw02,8FB0,164,2758,-88,2758,0,3.15,52337
ground-height-0m-20260825-163632,d028m_r090_run01.csv,0,28,90,dw00;dw01;dw02;dw03;dw04;dw05;dw06;dw07;dw08,dw00;dw01;dw02;dw03;dw04;dw05;dw06;dw07;dw08,dw07;dw08,105,1,2026-08-27T10:27:14.536+0200,dw05,4B92,69,2762,55,-629,2690,3.33,72235
ground-height-0m-20260825-163632,d028m_r090_run01.csv,0,28,90,dw00;dw01;dw02;dw03;dw04;dw05;dw06;dw07;dw08,dw00;dw01;dw02;dw03;dw04;dw05;dw06;dw07;dw08,dw07;dw08,90,1,2026-08-27T10:27:14.626+0200,dw04,0F85,46,2761,-2,-1619,2237,2.83,62225
ground-height-0m-20260825-163632,d028m_r090_run01.csv,0,28,90,dw00;dw01;dw02;dw03;dw04;dw05;dw06;dw07;dw08,dw00;dw01;dw02;dw03;dw04;dw05;dw06;dw07;dw08,dw07;dw08,125,1,2026-08-27T10:27:14.645+0200,dw06,0789,95,2763,80,-219,2755,2.26,82275
ground-height-0m-20260825-163632,d028m_r090_run01.csv,0,28,90,dw00;dw01;dw02;dw03;dw04;dw05;dw06;dw07;dw08,dw00;dw01;dw02;dw03;dw04;dw05;dw06;dw07;dw08,dw07;dw08,75,1,2026-08-27T10:27:14.676+0200,dw03,021B,248,2752,-32,-2131,1741,3.27,12268
ground-height-0m-20260825-163632,d028m_r090_run01.csv,0,28,90,dw00;dw01;dw02;dw03;dw04;dw05;dw06;dw07;dw08,dw00;dw01;dw02;dw03;dw04;dw05;dw06;dw07;dw08,dw07;dw08,15,1,2026-08-27T10:27:14.695+0200,dw00,8103,37,2780,-159,1836,2087,1.69,32287
ground-height-0m-20260825-163632,d028m_r090_run01.csv,0,28,90,dw00;dw01;dw02;dw03;dw04;dw05;dw06;dw07;dw08,dw00;dw01;dw02;dw03;dw04;dw05;dw06;dw07;dw08,dw07;dw08,35,1,2026-08-27T10:27:14.706+0200,dw01,1729,109,2770,-127,2375,1424,2.38,42327
ground-height-0m-20260825-163632,d028m_r090_run01.csv,0,28,90,dw00;dw01;dw02;dw03;dw04;dw05;dw06;dw07;dw08,dw00;dw01;dw02;dw03;dw04;dw05;dw06;dw07;dw08,dw07;dw08,55,1,2026-08-27T10:27:14.716+0200,dw02,8FB0,165,2759,-88,2759,0,3.01,52307
ground-height-0m-20260825-163632,d028m_r090_run01.csv,0,28,90,dw00;dw01;dw02;dw03;dw04;dw05;dw06;dw07;dw08,dw00;dw01;dw02;dw03;dw04;dw05;dw06;dw07;dw08,dw07;dw08,105,1,2026-08-27T10:27:14.735+0200,dw05,4B92,70,2762,39,-906,2609,3.33,72235
ground-height-0m-20260825-163632,d028m_r090_run01.csv,0,28,90,dw00;dw01;dw02;dw03;dw04;dw05;dw06;dw07;dw08,dw00;dw01;dw02;dw03;dw04;dw05;dw06;dw07;dw08,dw07;dw08,90,1,2026-08-27T10:27:14.826+0200,dw04,0F85,47,2764,7,-1455,2350,2.77,62255
ground-height-0m-20260825-163632,d028m_r090_run01.csv,0,28,90,dw00;dw01;dw02;dw03;dw04;dw05;dw06;dw07;dw08,dw00;dw01;dw02;dw03;dw04;dw05;dw06;dw07;dw08,dw07;dw08,125,1,2026-08-27T10:27:14.846+0200,dw06,0789,96,2762,87,-88,2761,2.02,82275
ground-height-0m-20260825-163632,d028m_r090_run01.csv,0,28,90,dw00;dw01;dw02;dw03;dw04;dw05;dw06;dw07;dw08,dw00;dw01;dw02;dw03;dw04;dw05;dw06;dw07;dw08,dw07;dw08,75,1,2026-08-27T10:27:14.876+0200,dw03,021B,249,2756,-53,-2493,1174,3.27,12298
ground-height-0m-20260825-163632,d028m_r090_run01.csv,0,28,90,dw00;dw01;dw02;dw03;dw04;dw05;dw06;dw07;dw08,dw00;dw01;dw02;dw03;dw04;dw05;dw06;dw07;dw08,dw07;dw08,15,1,2026-08-27T10:27:14.895+0200,dw00,8103,38,2779,-156,1889,2038,1.69,32287
ground-height-0m-20260825-163632,d028m_r090_run01.csv,0,28,90,dw00;dw01;dw02;dw03;dw04;dw05;dw06;dw07;dw08,dw00;dw01;dw02;dw03;dw04;dw05;dw06;dw07;dw08,dw07;dw08,35,1,2026-08-27T10:27:14.905+0200,dw01,1729,110,2765,-137,2203,1671,2.53,42297
ground-height-0m-20260825-163632,d028m_r090_run01.csv,0,28,90,dw00;dw01;dw02;dw03;dw04;dw05;dw06;dw07;dw08,dw00;dw01;dw02;dw03;dw04;dw05;dw06;dw07;dw08,dw07;dw08,55,1,2026-08-27T10:27:14.916+0200,dw02,8FB0,166,2761,-98,2761,0,3.21,52307
ground-height-0m-20260825-163632,d028m_r090_run01.csv,0,28,90,dw00;dw01;dw02;dw03;dw04;dw05;dw06;dw07;dw08,dw00;dw01;dw02;dw03;dw04;dw05;dw06;dw07;dw08,dw07;dw08,105,1,2026-08-27T10:27:14.935+0200,dw05,4B92,71,2761,44,-819,2637,3.33,72235
ground-height-0m-20260825-163632,d028m_r090_run01.csv,0,28,90,dw00;dw01;dw02;dw03;dw04;dw05;dw06;dw07;dw08,dw00;dw01;dw02;dw03;dw04;dw05;dw06;dw07;dw08,dw07;dw08,90,1,2026-08-27T10:27:15.025+0200,dw04,0F85,48,2763,1,-1562,2278,2.83,62255
ground-height-0m-20260825-163632,d028m_r090_run01.csv,0,28,90,dw00;dw01;dw02;dw03;dw04;dw05;dw06;dw07;dw08,dw00;dw01;dw02;dw03;dw04;dw05;dw06;dw07;dw08,dw07;dw08,125,1,2026-08-27T10:27:15.046+0200,dw06,0789,97,2758,97,69,2757,2.08,82305
ground-height-0m-20260825-163632,d028m_r090_run01.csv,0,28,90,dw00;dw01;dw02;dw03;dw04;dw05;dw06;dw07;dw08,dw00;dw01;dw02;dw03;dw04;dw05;dw06;dw07;dw08,dw07;dw08,75,1,2026-08-27T10:27:15.075+0200,dw03,021B,250,2750,-48,-2395,1352,3.33,12237
ground-height-0m-20260825-163632,d028m_r090_run01.csv,0,28,90,dw00;dw01;dw02;dw03;dw04;dw05;dw06;dw07;dw08,dw00;dw01;dw02;dw03;dw04;dw05;dw06;dw07;dw08,dw07;dw08,15,1,2026-08-27T10:27:15.095+0200,dw00,8103,39,2780,-160,1827,2095,1.57,32287
ground-height-0m-20260825-163632,d028m_r090_run01.csv,0,28,90,dw00;dw01;dw02;dw03;dw04;dw05;dw06;dw07;dw08,dw00;dw01;dw02;dw03;dw04;dw05;dw06;dw07;dw08,dw07;dw08,35,1,2026-08-27T10:27:15.105+0200,dw01,1729,111,2769,-130,2330,1497,2.59,42297
ground-height-0m-20260825-163632,d028m_r090_run01.csv,0,28,90,dw00;dw01;dw02;dw03;dw04;dw05;dw06;dw07;dw08,dw00;dw01;dw02;dw03;dw04;dw05;dw06;dw07;dw08,dw07;dw08,55,1,2026-08-27T10:27:15.115+0200,dw02,8FB0,167,2763,-94,2763,0,3.15,52307
ground-height-0m-20260825-163632,d028m_r090_run01.csv,0,28,90,dw00;dw01;dw02;dw03;dw04;dw05;dw06;dw07;dw08,dw00;dw01;dw02;dw03;dw04;dw05;dw06;dw07;dw08,dw07;dw08,105,1,2026-08-27T10:27:15.136+0200,dw05,4B92,72,2766,56,-618,2696,3.27,72265
ground-height-0m-20260825-163632,d028m_r090_run01.csv,0,28,90,dw00;dw01;dw02;dw03;dw04;dw05;dw06;dw07;dw08,dw00;dw01;dw02;dw03;dw04;dw05;dw06;dw07;dw08,dw07;dw08,90,1,2026-08-27T10:27:15.225+0200,dw04,0F85,49,2758,6,-1475,2330,2.83,62286
ground-height-0m-20260825-163632,d028m_r090_run01.csv,0,28,90,dw00;dw01;dw02;dw03;dw04;dw05;dw06;dw07;dw08,dw00;dw01;dw02;dw03;dw04;dw05;dw06;dw07;dw08,dw07;dw08,125,1,2026-08-27T10:27:15.246+0200,dw06,0789,98,2761,90,-43,2761,2.20,82305
ground-height-0m-20260825-163632,d028m_r090_run01.csv,0,28,90,dw00;dw01;dw02;dw03;dw04;dw05;dw06;dw07;dw08,dw00;dw01;dw02;dw03;dw04;dw05;dw06;dw07;dw08,dw07;dw08,75,1,2026-08-27T10:27:15.275+0200,dw03,021B,251,2752,-39,-2250,1583,3.27,12268
ground-height-0m-20260825-163632,d028m_r090_run01.csv,0,28,90,dw00;dw01;dw02;dw03;dw04;dw05;dw06;dw07;dw08,dw00;dw01;dw02;dw03;dw04;dw05;dw06;dw07;dw08,dw07;dw08,15,1,2026-08-27T10:27:15.296+0200,dw00,8103,40,2778,-147,2039,1887,1.81,32287
ground-height-0m-20260825-163632,d028m_r090_run01.csv,0,28,90,dw00;dw01;dw02;dw03;dw04;dw05;dw06;dw07;dw08,dw00;dw01;dw02;dw03;dw04;dw05;dw06;dw07;dw08,dw07;dw08,35,1,2026-08-27T10:27:15.305+0200,dw01,1729,112,2768,-133,2284,1564,2.53,42297
ground-height-0m-20260825-163632,d028m_r090_run01.csv,0,28,90,dw00;dw01;dw02;dw03;dw04;dw05;dw06;dw07;dw08,dw00;dw01;dw02;dw03;dw04;dw05;dw06;dw07;dw08,dw07;dw08,55,1,2026-08-27T10:27:15.315+0200,dw02,8FB0,168,2756,-91,2756,0,3.15,52307
ground-height-0m-20260825-163632,d028m_r090_run01.csv,0,28,90,dw00;dw01;dw02;dw03;dw04;dw05;dw06;dw07;dw08,dw00;dw01;dw02;dw03;dw04;dw05;dw06;dw07;dw08,dw07;dw08,105,1,2026-08-27T10:27:15.336+0200,dw05,4B92,73,2764,48,-755,2659,3.33,72235
ground-height-0m-20260825-163632,d028m_r090_run01.csv,0,28,90,dw00;dw01;dw02;dw03;dw04;dw05;dw06;dw07;dw08,dw00;dw01;dw02;dw03;dw04;dw05;dw06;dw07;dw08,dw07;dw08,90,1,2026-08-27T10:27:15.426+0200,dw04,0F85,50,2762,5,-1481,2331,2.83,62225
ground-height-0m-20260825-163632,d028m_r090_run01.csv,0,28,90,dw00;dw01;dw02;dw03;dw04;dw05;dw06;dw07;dw08,dw00;dw01;dw02;dw03;dw04;dw05;dw06;dw07;dw08,dw07;dw08,125,1,2026-08-27T10:27:15.445+0200,dw06,0789,99,2762,102,169,2757,2.08,82275
ground-height-0m-20260825-163632,d028m_r090_run01.csv,0,28,90,dw00;dw01;dw02;dw03;dw04;dw05;dw06;dw07;dw08,dw00;dw01;dw02;dw03;dw04;dw05;dw06;dw07;dw08,dw07;dw08,75,1,2026-08-27T10:27:15.475+0200,dw03,021B,252,2753,-36,-2198,1657,3.33,12268
ground-height-0m-20260825-163632,d028m_r090_run01.csv,0,28,90,dw00;dw01;dw02;dw03;dw04;dw05;dw06;dw07;dw08,dw00;dw01;dw02;dw03;dw04;dw05;dw06;dw07;dw08,dw07;dw08,15,1,2026-08-27T10:27:15.495+0200,dw00,8103,41,2777,-152,1962,1965,1.75,32287
ground-height-0m-20260825-163632,d028m_r090_run01.csv,0,28,90,dw00;dw01;dw02;dw03;dw04;dw05;dw06;dw07;dw08,dw00;dw01;dw02;dw03;dw04;dw05;dw06;dw07;dw08,dw07;dw08,35,1,2026-08-27T10:27:15.506+0200,dw01,1729,113,2765,-136,2219,1648,2.44,42327
ground-height-0m-20260825-163632,d028m_r090_run01.csv,0,28,90,dw00;dw01;dw02;dw03;dw04;dw05;dw06;dw07;dw08,dw00;dw01;dw02;dw03;dw04;dw05;dw06;dw07;dw08,dw07;dw08,55,1,2026-08-27T10:27:15.515+0200,dw02,8FB0,169,2758,-100,2758,0,3.15,52307
ground-height-0m-20260825-163632,d028m_r090_run01.csv,0,28,90,dw00;dw01;dw02;dw03;dw04;dw05;dw06;dw07;dw08,dw00;dw01;dw02;dw03;dw04;dw05;dw06;dw07;dw08,dw07;dw08,105,1,2026-08-27T10:27:15.535+0200,dw05,4B92,74,2762,43,-841,2631,3.33,72235
ground-height-0m-20260825-163632,d028m_r090_run01.csv,0,28,90,dw00;dw01;dw02;dw03;dw04;dw05;dw06;dw07;dw08,dw00;dw01;dw02;dw03;dw04;dw05;dw06;dw07;dw08,dw07;dw08,90,1,2026-08-27T10:27:15.625+0200,dw04,0F85,51,2763,13,-1346,2413,2.83,62255
ground-height-0m-20260825-163632,d028m_r090_run01.csv,0,28,90,dw00;dw01;dw02;dw03;dw04;dw05;dw06;dw07;dw08,dw00;dw01;dw02;dw03;dw04;dw05;dw06;dw07;dw08,dw07;dw08,75,1,2026-08-27T10:27:15.676+0200,dw03,021B,253,2753,-32,-2129,1745,3.27,12237
ground-height-0m-20260825-163632,d028m_r090_run01.csv,0,28,90,dw00;dw01;dw02;dw03;dw04;dw05;dw06;dw07;dw08,dw00;dw01;dw02;dw03;dw04;dw05;dw06;dw07;dw08,dw07;dw08,15,1,2026-08-27T10:27:15.695+0200,dw00,8103,42,2776,-153,1941,1984,1.69,32287
ground-height-0m-20260825-163632,d028m_r090_run01.csv,0,28,90,dw00;dw01;dw02;dw03;dw04;dw05;dw06;dw07;dw08,dw00;dw01;dw02;dw03;dw04;dw05;dw06;dw07;dw08,dw07;dw08,35,1,2026-08-27T10:27:15.705+0200,dw01,1729,114,2766,-135,2236,1627,2.50,42327
ground-height-0m-20260825-163632,d028m_r090_run01.csv,0,28,90,dw00;dw01;dw02;dw03;dw04;dw05;dw06;dw07;dw08,dw00;dw01;dw02;dw03;dw04;dw05;dw06;dw07;dw08,dw07;dw08,55,1,2026-08-27T10:27:15.716+0200,dw02,8FB0,170,2762,-83,-2762,0,3.27,52368
ground-height-0m-20260825-163632,d028m_r090_run01.csv,0,28,90,dw00;dw01;dw02;dw03;dw04;dw05;dw06;dw07;dw08,dw00;dw01;dw02;dw03;dw04;dw05;dw06;dw07;dw08,dw07;dw08,105,1,2026-08-27T10:27:15.735+0200,dw05,4B92,75,2763,47,-774,2653,3.21,72265
ground-height-0m-20260825-163632,d028m_r090_run01.csv,0,28,90,dw00;dw01;dw02;dw03;dw04;dw05;dw06;dw07;dw08,dw00;dw01;dw02;dw03;dw04;dw05;dw06;dw07;dw08,dw07;dw08,90,1,2026-08-27T10:27:15.825+0200,dw04,0F85,52,2764,9,-1426,2368,3.01,62255
ground-height-0m-20260825-163632,d028m_r090_run01.csv,0,28,90,dw00;dw01;dw02;dw03;dw04;dw05;dw06;dw07;dw08,dw00;dw01;dw02;dw03;dw04;dw05;dw06;dw07;dw08,dw07;dw08,125,1,2026-08-27T10:27:15.861+0200,dw06,0789,101,2762,98,92,2761,2.20,2147483
ground-height-0m-20260825-163632,d028m_r090_run01.csv,0,28,90,dw00;dw01;dw02;dw03;dw04;dw05;dw06;dw07;dw08,dw00;dw01;dw02;dw03;dw04;dw05;dw06;dw07;dw08,dw07;dw08,75,1,2026-08-27T10:27:15.875+0200,dw03,021B,254,2753,-39,-2250,1586,3.33,12268
ground-height-0m-20260825-163632,d028m_r090_run01.csv,0,28,90,dw00;dw01;dw02;dw03;dw04;dw05;dw06;dw07;dw08,dw00;dw01;dw02;dw03;dw04;dw05;dw06;dw07;dw08,dw07;dw08,15,1,2026-08-27T10:27:15.895+0200,dw00,8103,43,2781,-151,1983,1949,1.63,32287
ground-height-0m-20260825-163632,d028m_r090_run01.csv,0,28,90,dw00;dw01;dw02;dw03;dw04;dw05;dw06;dw07;dw08,dw00;dw01;dw02;dw03;dw04;dw05;dw06;dw07;dw08,dw07;dw08,35,1,2026-08-27T10:27:15.905+0200,dw01,1729,115,2767,-146,2046,1863,2.53,42297
ground-height-0m-20260825-163632,d028m_r090_run01.csv,0,28,90,dw00;dw01;dw02;dw03;dw04;dw05;dw06;dw07;dw08,dw00;dw01;dw02;dw03;dw04;dw05;dw06;dw07;dw08,dw07;dw08,55,1,2026-08-27T10:27:15.915+0200,dw02,8FB0,171,2763,-105,2755,211,3.15,52307
ground-height-0m-20260825-163632,d028m_r090_run01.csv,0,28,90,dw00;dw01;dw02;dw03;dw04;dw05;dw06;dw07;dw08,dw00;dw01;dw02;dw03;dw04;dw05;dw06;dw07;dw08,dw07;dw08,105,1,2026-08-27T10:27:15.935+0200,dw05,4B92,76,2761,55,-633,2688,3.27,72235
ground-height-0m-20260825-163632,d028m_r090_run01.csv,0,28,90,dw00;dw01;dw02;dw03;dw04;dw05;dw06;dw07;dw08,dw00;dw01;dw02;dw03;dw04;dw05;dw06;dw07;dw08,dw07;dw08,90,1,2026-08-27T10:27:16.025+0200,dw04,0F85,53,2759,7,-1456,2343,2.83,62255
ground-height-0m-20260825-163632,d028m_r090_run01.csv,0,28,90,dw00;dw01;dw02;dw03;dw04;dw05;dw06;dw07;dw08,dw00;dw01;dw02;dw03;dw04;dw05;dw06;dw07;dw08,dw07;dw08,125,1,2026-08-27T10:27:16.046+0200,dw06,0789,102,2763,89,-56,2762,2.08,82336
ground-height-0m-20260825-163632,d028m_r090_run01.csv,0,28,90,dw00;dw01;dw02;dw03;dw04;dw05;dw06;dw07;dw08,dw00;dw01;dw02;dw03;dw04;dw05;dw06;dw07;dw08,dw07;dw08,75,1,2026-08-27T10:27:16.075+0200,dw03,021B,255,2754,-32,-2132,1744,3.27,12268
ground-height-0m-20260825-163632,d028m_r090_run01.csv,0,28,90,dw00;dw01;dw02;dw03;dw04;dw05;dw06;dw07;dw08,dw00;dw01;dw02;dw03;dw04;dw05;dw06;dw07;dw08,dw07;dw08,15,1,2026-08-27T10:27:16.095+0200,dw00,8103,44,2779,-155,1910,2018,1.69,32287
ground-height-0m-20260825-163632,d028m_r090_run01.csv,0,28,90,dw00;dw01;dw02;dw03;dw04;dw05;dw06;dw07;dw08,dw00;dw01;dw02;dw03;dw04;dw05;dw06;dw07;dw08,dw07;dw08,35,1,2026-08-27T10:27:16.105+0200,dw01,1729,116,2767,-143,2104,1797,2.50,42297
ground-height-0m-20260825-163632,d028m_r090_run01.csv,0,28,90,dw00;dw01;dw02;dw03;dw04;dw05;dw06;dw07;dw08,dw00;dw01;dw02;dw03;dw04;dw05;dw06;dw07;dw08,dw07;dw08,55,1,2026-08-27T10:27:16.115+0200,dw02,8FB0,172,2757,-100,2757,0,3.27,52368
ground-height-0m-20260825-163632,d028m_r090_run01.csv,0,28,90,dw00;dw01;dw02;dw03;dw04;dw05;dw06;dw07;dw08,dw00;dw01;dw02;dw03;dw04;dw05;dw06;dw07;dw08,dw07;dw08,105,1,2026-08-27T10:27:16.135+0200,dw05,4B92,77,2764,45,-807,2644,3.27,72235
ground-height-0m-20260825-163632,d028m_r090_run01.csv,0,28,90,dw00;dw01;dw02;dw03;dw04;dw05;dw06;dw07;dw08,dw00;dw01;dw02;dw03;dw04;dw05;dw06;dw07;dw08,dw07;dw08,90,1,2026-08-27T10:27:16.225+0200,dw04,0F85,54,2762,11,-1392,2385,2.95,62286
ground-height-0m-20260825-163632,d028m_r090_run01.csv,0,28,90,dw00;dw01;dw02;dw03;dw04;dw05;dw06;dw07;dw08,dw00;dw01;dw02;dw03;dw04;dw05;dw06;dw07;dw08,dw07;dw08,125,1,2026-08-27T10:27:16.245+0200,dw06,0789,103,2765,102,161,2760,2.02,82275
ground-height-0m-20260825-163632,d028m_r090_run01.csv,0,28,90,dw00;dw01;dw02;dw03;dw04;dw05;dw06;dw07;dw08,dw00;dw01;dw02;dw03;dw04;dw05;dw06;dw07;dw08,dw07;dw08,75,1,2026-08-27T10:27:16.275+0200,dw03,021B,0,2752,-29,-2070,1813,3.27,12268
ground-height-0m-20260825-163632,d028m_r090_run01.csv,0,28,90,dw00;dw01;dw02;dw03;dw04;dw05;dw06;dw07;dw08,dw00;dw01;dw02;dw03;dw04;dw05;dw06;dw07;dw08,dw07;dw08,15,1,2026-08-27T10:27:16.295+0200,dw00,8103,45,2781,-157,1881,2048,1.75,32287
ground-height-0m-20260825-163632,d028m_r090_run01.csv,0,28,90,dw00;dw01;dw02;dw03;dw04;dw05;dw06;dw07;dw08,dw00;dw01;dw02;dw03;dw04;dw05;dw06;dw07;dw08,dw07;dw08,35,1,2026-08-27T10:27:16.305+0200,dw01,1729,117,2766,-154,1924,1987,2.59,42297
ground-height-0m-20260825-163632,d028m_r090_run01.csv,0,28,90,dw00;dw01;dw02;dw03;dw04;dw05;dw06;dw07;dw08,dw00;dw01;dw02;dw03;dw04;dw05;dw06;dw07;dw08,dw07;dw08,55,1,2026-08-27T10:27:16.315+0200,dw02,8FB0,173,2762,-95,2762,0,3.15,52337
ground-height-0m-20260825-163632,d028m_r090_run01.csv,0,28,90,dw00;dw01;dw02;dw03;dw04;dw05;dw06;dw07;dw08,dw00;dw01;dw02;dw03;dw04;dw05;dw06;dw07;dw08,dw07;dw08,105,1,2026-08-27T10:27:16.335+0200,dw05,4B92,78,2760,50,-719,2665,3.27,72235
ground-height-0m-20260825-163632,d028m_r090_run01.csv,0,28,90,dw00;dw01;dw02;dw03;dw04;dw05;dw06;dw07;dw08,dw00;dw01;dw02;dw03;dw04;dw05;dw06;dw07;dw08,dw07;dw08,90,1,2026-08-27T10:27:16.424+0200,dw04,0F85,55,2762,8,-1432,2362,2.77,62255
ground-height-0m-20260825-163632,d028m_r090_run01.csv,0,28,90,dw00;dw01;dw02;dw03;dw04;dw05;dw06;dw07;dw08,dw00;dw01;dw02;dw03;dw04;dw05;dw06;dw07;dw08,dw07;dw08,125,1,2026-08-27T10:27:16.445+0200,dw06,0789,104,2763,93,5,2763,2.08,82275
ground-height-0m-20260825-163632,d028m_r090_run01.csv,0,28,90,dw00;dw01;dw02;dw03;dw04;dw05;dw06;dw07;dw08,dw00;dw01;dw02;dw03;dw04;dw05;dw06;dw07;dw08,dw07;dw08,75,1,2026-08-27T10:27:16.475+0200,dw03,021B,1,2749,-37,-2205,1642,3.33,12268
ground-height-0m-20260825-163632,d028m_r090_run01.csv,0,28,90,dw00;dw01;dw02;dw03;dw04;dw05;dw06;dw07;dw08,dw00;dw01;dw02;dw03;dw04;dw05;dw06;dw07;dw08,dw07;dw08,15,1,2026-08-27T10:27:16.495+0200,dw00,8103,46,2778,-158,1855,2068,1.69,32318
ground-height-0m-20260825-163632,d028m_r090_run01.csv,0,28,90,dw00;dw01;dw02;dw03;dw04;dw05;dw06;dw07;dw08,dw00;dw01;dw02;dw03;dw04;dw05;dw06;dw07;dw08,dw07;dw08,35,1,2026-08-27T10:27:16.506+0200,dw01,1729,118,2764,-134,2263,1588,2.50,42358
ground-height-0m-20260825-163632,d028m_r090_run01.csv,0,28,90,dw00;dw01;dw02;dw03;dw04;dw05;dw06;dw07;dw08,dw00;dw01;dw02;dw03;dw04;dw05;dw06;dw07;dw08,dw07;dw08,55,1,2026-08-27T10:27:16.515+0200,dw02,8FB0,174,2755,-95,2755,0,3.15,52307
ground-height-0m-20260825-163632,d028m_r090_run01.csv,0,28,90,dw00;dw01;dw02;dw03;dw04;dw05;dw06;dw07;dw08,dw00;dw01;dw02;dw03;dw04;dw05;dw06;dw07;dw08,dw07;dw08,105,1,2026-08-27T10:27:16.535+0200,dw05,4B92,79,2764,48,-754,2659,3.33,72265
ground-height-0m-20260825-163632,d028m_r090_run01.csv,0,28,90,dw00;dw01;dw02;dw03;dw04;dw05;dw06;dw07;dw08,dw00;dw01;dw02;dw03;dw04;dw05;dw06;dw07;dw08,dw07;dw08,90,1,2026-08-27T10:27:16.625+0200,dw04,0F85,56,2761,10,-1399,2380,2.89,62225
ground-height-0m-20260825-163632,d028m_r090_run01.csv,0,28,90,dw00;dw01;dw02;dw03;dw04;dw05;dw06;dw07;dw08,dw00;dw01;dw02;dw03;dw04;dw05;dw06;dw07;dw08,dw07;dw08,75,1,2026-08-27T10:27:16.674+0200,dw03,021B,2,2754,-42,-2290,1530,3.33,12268
ground-height-0m-20260825-163632,d028m_r090_run01.csv,0,28,90,dw00;dw01;dw02;dw03;dw04;dw05;dw06;dw07;dw08,dw00;dw01;dw02;dw03;dw04;dw05;dw06;dw07;dw08,dw07;dw08,15,1,2026-08-27T10:27:16.695+0200,dw00,8103,47,2779,-164,1761,2149,1.69,32318
ground-height-0m-20260825-163632,d028m_r090_run01.csv,0,28,90,dw00;dw01;dw02;dw03;dw04;dw05;dw06;dw07;dw08,dw00;dw01;dw02;dw03;dw04;dw05;dw06;dw07;dw08,dw07;dw08,35,1,2026-08-27T10:27:16.705+0200,dw01,1729,119,2768,-137,2211,1666,2.53,42297
ground-height-0m-20260825-163632,d028m_r090_run01.csv,0,28,90,dw00;dw01;dw02;dw03;dw04;dw05;dw06;dw07;dw08,dw00;dw01;dw02;dw03;dw04;dw05;dw06;dw07;dw08,dw07;dw08,55,1,2026-08-27T10:27:16.714+0200,dw02,8FB0,175,2758,-95,2758,0,3.15,52337
ground-height-0m-20260825-163632,d028m_r090_run01.csv,0,28,90,dw00;dw01;dw02;dw03;dw04;dw05;dw06;dw07;dw08,dw00;dw01;dw02;dw03;dw04;dw05;dw06;dw07;dw08,dw07;dw08,105,1,2026-08-27T10:27:16.735+0200,dw05,4B92,80,2764,38,-925,2604,3.33,72235
ground-height-0m-20260825-163632,d028m_r090_run01.csv,0,28,90,dw00;dw01;dw02;dw03;dw04;dw05;dw06;dw07;dw08,dw00;dw01;dw02;dw03;dw04;dw05;dw06;dw07;dw08,dw07;dw08,90,1,2026-08-27T10:27:16.825+0200,dw04,0F85,57,2764,11,-1386,2392,2.89,62255
ground-height-0m-20260825-163632,d028m_r090_run01.csv,0,28,90,dw00;dw01;dw02;dw03;dw04;dw05;dw06;dw07;dw08,dw00;dw01;dw02;dw03;dw04;dw05;dw06;dw07;dw08,dw07;dw08,125,1,2026-08-27T10:27:16.861+0200,dw06,0789,106,2764,88,-77,2763,2.26,2147483
ground-height-0m-20260825-163632,d028m_r090_run01.csv,0,28,90,dw00;dw01;dw02;dw03;dw04;dw05;dw06;dw07;dw08,dw00;dw01;dw02;dw03;dw04;dw05;dw06;dw07;dw08,dw07;dw08,75,1,2026-08-27T10:27:16.875+0200,dw03,021B,3,2755,-40,-2270,1562,3.27,12298
ground-height-0m-20260825-163632,d028m_r090_run01.csv,0,28,90,dw00;dw01;dw02;dw03;dw04;dw05;dw06;dw07;dw08,dw00;dw01;dw02;dw03;dw04;dw05;dw06;dw07;dw08,dw07;dw08,15,1,2026-08-27T10:27:16.895+0200,dw00,8103,48,2780,-163,1775,2140,1.69,32287
ground-height-0m-20260825-163632,d028m_r090_run01.csv,0,28,90,dw00;dw01;dw02;dw03;dw04;dw05;dw06;dw07;dw08,dw00;dw01;dw02;dw03;dw04;dw05;dw06;dw07;dw08,dw07;dw08,35,1,2026-08-27T10:27:16.905+0200,dw01,1729,120,2766,-134,2261,1593,2.50,42358
ground-height-0m-20260825-163632,d028m_r090_run01.csv,0,28,90,dw00;dw01;dw02;dw03;dw04;dw05;dw06;dw07;dw08,dw00;dw01;dw02;dw03;dw04;dw05;dw06;dw07;dw08,dw07;dw08,55,1,2026-08-27T10:27:16.915+0200,dw02,8FB0,176,2759,-110,2665,713,3.15,52337
ground-height-0m-20260825-163632,d028m_r090_run01.csv,0,28,90,dw00;dw01;dw02;dw03;dw04;dw05;dw06;dw07;dw08,dw00;dw01;dw02;dw03;dw04;dw05;dw06;dw07;dw08,dw07;dw08,105,1,2026-08-27T10:27:16.935+0200,dw05,4B92,81,2765,53,-668,2683,3.21,72265
ground-height-0m-20260825-163632,d028m_r090_run01.csv,0,28,90,dw00;dw01;dw02;dw03;dw04;dw05;dw06;dw07;dw08,dw00;dw01;dw02;dw03;dw04;dw05;dw06;dw07;dw08,dw07;dw08,90,1,2026-08-27T10:27:17.025+0200,dw04,0F85,58,2759,9,-1421,2365,2.83,62286
ground-height-0m-20260825-163632,d028m_r090_run01.csv,0,28,90,dw00;dw01;dw02;dw03;dw04;dw05;dw06;dw07;dw08,dw00;dw01;dw02;dw03;dw04;dw05;dw06;dw07;dw08,dw07;dw08,125,1,2026-08-27T10:27:17.045+0200,dw06,0789,107,2763,90,-44,2763,2.02,82336
ground-height-0m-20260825-163632,d028m_r090_run01.csv,0,28,90,dw00;dw01;dw02;dw03;dw04;dw05;dw06;dw07;dw08,dw00;dw01;dw02;dw03;dw04;dw05;dw06;dw07;dw08,dw07;dw08,75,1,2026-08-27T10:27:17.075+0200,dw03,021B,4,2753,-34,-2156,1712,3.21,12268
ground-height-0m-20260825-163632,d028m_r090_run01.csv,0,28,90,dw00;dw01;dw02;dw03;dw04;dw05;dw06;dw07;dw08,dw00;dw01;dw02;dw03;dw04;dw05;dw06;dw07;dw08,dw07;dw08,15,1,2026-08-27T10:27:17.094+0200,dw00,8103,49,2779,-157,1874,2052,1.69,32318
ground-height-0m-20260825-163632,d028m_r090_run01.csv,0,28,90,dw00;dw01;dw02;dw03;dw04;dw05;dw06;dw07;dw08,dw00;dw01;dw02;dw03;dw04;dw05;dw06;dw07;dw08,dw07;dw08,35,1,2026-08-27T10:27:17.105+0200,dw01,1729,121,2766,-126,2393,1386,2.59,42327
ground-height-0m-20260825-163632,d028m_r090_run01.csv,0,28,90,dw00;dw01;dw02;dw03;dw04;dw05;dw06;dw07;dw08,dw00;dw01;dw02;dw03;dw04;dw05;dw06;dw07;dw08,dw07;dw08,55,1,2026-08-27T10:27:17.115+0200,dw02,8FB0,177,2759,-104,2759,0,3.15,52276
ground-height-0m-20260825-163632,d028m_r090_run01.csv,0,28,90,dw00;dw01;dw02;dw03;dw04;dw05;dw06;dw07;dw08,dw00;dw01;dw02;dw03;dw04;dw05;dw06;dw07;dw08,dw07;dw08,105,1,2026-08-27T10:27:17.134+0200,dw05,4B92,82,2760,54,-652,2681,3.15,72265
ground-height-0m-20260825-163632,d028m_r090_run01.csv,0,28,90,dw00;dw01;dw02;dw03;dw04;dw05;dw06;dw07;dw08,dw00;dw01;dw02;dw03;dw04;dw05;dw06;dw07;dw08,dw07;dw08,90,1,2026-08-27T10:27:17.224+0200,dw04,0F85,59,2759,4,-1502,2314,2.95,62225
ground-height-0m-20260825-163632,d028m_r090_run01.csv,0,28,90,dw00;dw01;dw02;dw03;dw04;dw05;dw06;dw07;dw08,dw00;dw01;dw02;dw03;dw04;dw05;dw06;dw07;dw08,dw07;dw08,125,1,2026-08-27T10:27:17.245+0200,dw06,0789,108,2763,103,180,2757,2.02,82244
ground-height-0m-20260825-163632,d028m_r090_run01.csv,0,28,90,dw00;dw01;dw02;dw03;dw04;dw05;dw06;dw07;dw08,dw00;dw01;dw02;dw03;dw04;dw05;dw06;dw07;dw08,dw07;dw08,75,1,2026-08-27T10:27:17.275+0200,dw03,021B,5,2752,-52,-2471,1212,3.33,12268
ground-height-0m-20260825-163632,d028m_r090_run01.csv,0,28,90,dw00;dw01;dw02;dw03;dw04;dw05;dw06;dw07;dw08,dw00;dw01;dw02;dw03;dw04;dw05;dw06;dw07;dw08,dw07;dw08,15,1,2026-08-27T10:27:17.295+0200,dw00,8103,50,2776,-154,1919,2006,1.69,32287
ground-height-0m-20260825-163632,d028m_r090_run01.csv,0,28,90,dw00;dw01;dw02;dw03;dw04;dw05;dw06;dw07;dw08,dw00;dw01;dw02;dw03;dw04;dw05;dw06;dw07;dw08,dw07;dw08,35,1,2026-08-27T10:27:17.304+0200,dw01,1729,122,2767,-139,2179,1705,2.44,42327
ground-height-0m-20260825-163632,d028m_r090_run01.csv,0,28,90,dw00;dw01;dw02;dw03;dw04;dw05;dw06;dw07;dw08,dw00;dw01;dw02;dw03;dw04;dw05;dw06;dw07;dw08,dw07;dw08,55,1,2026-08-27T10:27:17.315+0200,dw02,8FB0,178,2758,-95,2758,0,3.15,52337
ground-height-0m-20260825-163632,d028m_r090_run01.csv,0,28,90,dw00;dw01;dw02;dw03;dw04;dw05;dw06;dw07;dw08,dw00;dw01;dw02;dw03;dw04;dw05;dw06;dw07;dw08,dw07;dw08,105,1,2026-08-27T10:27:17.335+0200,dw05,4B92,83,2761,47,-765,2652,3.21,72265
ground-height-0m-20260825-163632,d028m_r090_run01.csv,0,28,90,dw00;dw01;dw02;dw03;dw04;dw05;dw06;dw07;dw08,dw00;dw01;dw02;dw03;dw04;dw05;dw06;dw07;dw08,dw07;dw08,90,1,2026-08-27T10:27:17.424+0200,dw04,0F85,60,2762,3,-1522,2304,2.83,62225
ground-height-0m-20260825-163632,d028m_r090_run01.csv,0,28,90,dw00;dw01;dw02;dw03;dw04;dw05;dw06;dw07;dw08,dw00;dw01;dw02;dw03;dw04;dw05;dw06;dw07;dw08,dw07;dw08,75,1,2026-08-27T10:27:17.474+0200,dw03,021B,6,2753,-33,-2148,1720,3.45,12268
ground-height-0m-20260825-163632,d028m_r090_run01.csv,0,28,90,dw00;dw01;dw02;dw03;dw04;dw05;dw06;dw07;dw08,dw00;dw01;dw02;dw03;dw04;dw05;dw06;dw07;dw08,dw07;dw08,15,1,2026-08-27T10:27:17.495+0200,dw00,8103,51,2781,-159,1848,2078,1.75,32287
ground-height-0m-20260825-163632,d028m_r090_run01.csv,0,28,90,dw00;dw01;dw02;dw03;dw04;dw05;dw06;dw07;dw08,dw00;dw01;dw02;dw03;dw04;dw05;dw06;dw07;dw08,dw07;dw08,35,1,2026-08-27T10:27:17.504+0200,dw01,1729,123,2765,-122,2462,1258,2.53,42327
ground-height-0m-20260825-163632,d028m_r090_run01.csv,0,28,90,dw00;dw01;dw02;dw03;dw04;dw05;dw06;dw07;dw08,dw00;dw01;dw02;dw03;dw04;dw05;dw06;dw07;dw08,dw07;dw08,55,1,2026-08-27T10:27:17.514+0200,dw02,8FB0,179,2758,-85,-2758,0,3.15,52307
ground-height-0m-20260825-163632,d028m_r090_run01.csv,0,28,90,dw00;dw01;dw02;dw03;dw04;dw05;dw06;dw07;dw08,dw00;dw01;dw02;dw03;dw04;dw05;dw06;dw07;dw08,dw07;dw08,105,1,2026-08-27T10:27:17.535+0200,dw05,4B92,84,2762,52,-692,2674,3.27,72235
ground-height-0m-20260825-163632,d028m_r090_run01.csv,0,28,90,dw00;dw01;dw02;dw03;dw04;dw05;dw06;dw07;dw08,dw00;dw01;dw02;dw03;dw04;dw05;dw06;dw07;dw08,dw07;dw08,90,1,2026-08-27T10:27:17.625+0200,dw04,0F85,61,2763,0,-1572,2272,2.83,62286
ground-height-0m-20260825-163632,d028m_r090_run01.csv,0,28,90,dw00;dw01;dw02;dw03;dw04;dw05;dw06;dw07;dw08,dw00;dw01;dw02;dw03;dw04;dw05;dw06;dw07;dw08,dw07;dw08,125,1,2026-08-27T10:27:17.661+0200,dw06,0789,110,2764,104,200,2757,2.32,2147483
ground-height-0m-20260825-163632,d028m_r090_run01.csv,0,28,90,dw00;dw01;dw02;dw03;dw04;dw05;dw06;dw07;dw08,dw00;dw01;dw02;dw03;dw04;dw05;dw06;dw07;dw08,dw07;dw08,75,1,2026-08-27T10:27:17.674+0200,dw03,021B,7,2752,-34,-2166,1697,3.33,12268
ground-height-0m-20260825-163632,d028m_r090_run01.csv,0,28,90,dw00;dw01;dw02;dw03;dw04;dw05;dw06;dw07;dw08,dw00;dw01;dw02;dw03;dw04;dw05;dw06;dw07;dw08,dw07;dw08,15,1,2026-08-27T10:27:17.695+0200,dw00,8103,52,2777,-158,1854,2067,1.75,32287
ground-height-0m-20260825-163632,d028m_r090_run01.csv,0,28,90,dw00;dw01;dw02;dw03;dw04;dw05;dw06;dw07;dw08,dw00;dw01;dw02;dw03;dw04;dw05;dw06;dw07;dw08,dw07;dw08,35,1,2026-08-27T10:27:17.705+0200,dw01,1729,124,2765,-143,2103,1795,2.59,42327
ground-height-0m-20260825-163632,d028m_r090_run01.csv,0,28,90,dw00;dw01;dw02;dw03;dw04;dw05;dw06;dw07;dw08,dw00;dw01;dw02;dw03;dw04;dw05;dw06;dw07;dw08,dw07;dw08,55,1,2026-08-27T10:27:17.714+0200,dw02,8FB0,180,2754,-95,2754,0,3.15,52276
ground-height-0m-20260825-163632,d028m_r090_run01.csv,0,28,90,dw00;dw01;dw02;dw03;dw04;dw05;dw06;dw07;dw08,dw00;dw01;dw02;dw03;dw04;dw05;dw06;dw07;dw08,dw07;dw08,105,1,2026-08-27T10:27:17.735+0200,dw05,4B92,85,2762,56,-627,2690,3.21,72235
ground-height-0m-20260825-163632,d028m_r090_run01.csv,0,28,90,dw00;dw01;dw02;dw03;dw04;dw05;dw06;dw07;dw08,dw00;dw01;dw02;dw03;dw04;dw05;dw06;dw07;dw08,dw07;dw08,90,1,2026-08-27T10:27:17.825+0200,dw04,0F85,62,2759,4,-1496,2318,2.95,62225
ground-height-0m-20260825-163632,d028m_r090_run01.csv,0,28,90,dw00;dw01;dw02;dw03;dw04;dw05;dw06;dw07;dw08,dw00;dw01;dw02;dw03;dw04;dw05;dw06;dw07;dw08,dw07;dw08,125,1,2026-08-27T10:27:17.844+0200,dw06,0789,111,2762,96,54,2762,2.02,82336
ground-height-0m-20260825-163632,d028m_r090_run01.csv,0,28,90,dw00;dw01;dw02;dw03;dw04;dw05;dw06;dw07;dw08,dw00;dw01;dw02;dw03;dw04;dw05;dw06;dw07;dw08,dw07;dw08,75,1,2026-08-27T10:27:17.875+0200,dw03,021B,8,2756,-35,-2180,1686,3.33,12268
ground-height-0m-20260825-163632,d028m_r090_run01.csv,0,28,90,dw00;dw01;dw02;dw03;dw04;dw05;dw06;dw07;dw08,dw00;dw01;dw02;dw03;dw04;dw05;dw06;dw07;dw08,dw07;dw08,15,1,2026-08-27T10:27:17.894+0200,dw00,8103,53,2778,-161,1809,2107,1.75,32287
ground-height-0m-20260825-163632,d028m_r090_run01.csv,0,28,90,dw00;dw01;dw02;dw03;dw04;dw05;dw06;dw07;dw08,dw00;dw01;dw02;dw03;dw04;dw05;dw06;dw07;dw08,dw07;dw08,35,1,2026-08-27T10:27:17.905+0200,dw01,1729,125,2767,-137,2210,1664,2.50,42327
ground-height-0m-20260825-163632,d028m_r090_run01.csv,0,28,90,dw00;dw01;dw02;dw03;dw04;dw05;dw06;dw07;dw08,dw00;dw01;dw02;dw03;dw04;dw05;dw06;dw07;dw08,dw07;dw08,55,1,2026-08-27T10:27:17.915+0200,dw02,8FB0,181,2756,-118,2518,1121,3.27,52337
ground-height-0m-20260825-163632,d028m_r090_run01.csv,0,28,90,dw00;dw01;dw02;dw03;dw04;dw05;dw06;dw07;dw08,dw00;dw01;dw02;dw03;dw04;dw05;dw06;dw07;dw08,dw07;dw08,105,1,2026-08-27T10:27:17.934+0200,dw05,4B92,86,2761,56,-612,2693,3.27,72235
ground-height-0m-20260825-163632,d028m_r090_run01.csv,0,28,90,dw00;dw01;dw02;dw03;dw04;dw05;dw06;dw07;dw08,dw00;dw01;dw02;dw03;dw04;dw05;dw06;dw07;dw08,dw07;dw08,90,1,2026-08-27T10:27:18.024+0200,dw04,0F85,63,2761,12,-1366,2400,2.95,62255
ground-height-0m-20260825-163632,d028m_r090_run01.csv,0,28,90,dw00;dw01;dw02;dw03;dw04;dw05;dw06;dw07;dw08,dw00;dw01;dw02;dw03;dw04;dw05;dw06;dw07;dw08,dw07;dw08,125,1,2026-08-27T10:27:18.044+0200,dw06,0789,112,2761,91,-30,2761,2.14,82244
ground-height-0m-20260825-163632,d028m_r090_run01.csv,0,28,90,dw00;dw01;dw02;dw03;dw04;dw05;dw06;dw07;dw08,dw00;dw01;dw02;dw03;dw04;dw05;dw06;dw07;dw08,dw07;dw08,75,1,2026-08-27T10:27:18.075+0200,dw03,021B,9,2749,-30,-2092,1783,3.33,12268
ground-height-0m-20260825-163632,d028m_r090_run01.csv,0,28,90,dw00;dw01;dw02;dw03;dw04;dw05;dw06;dw07;dw08,dw00;dw01;dw02;dw03;dw04;dw05;dw06;dw07;dw08,dw07;dw08,15,1,2026-08-27T10:27:18.094+0200,dw00,8103,54,2779,-161,1798,2118,1.81,32318
ground-height-0m-20260825-163632,d028m_r090_run01.csv,0,28,90,dw00;dw01;dw02;dw03;dw04;dw05;dw06;dw07;dw08,dw00;dw01;dw02;dw03;dw04;dw05;dw06;dw07;dw08,dw07;dw08,35,1,2026-08-27T10:27:18.104+0200,dw01,1729,126,2763,-130,2317,1506,2.59,42297
ground-height-0m-20260825-163632,d028m_r090_run01.csv,0,28,90,dw00;dw01;dw02;dw03;dw04;dw05;dw06;dw07;dw08,dw00;dw01;dw02;dw03;dw04;dw05;dw06;dw07;dw08,dw07;dw08,55,1,2026-08-27T10:27:18.115+0200,dw02,8FB0,182,2758,-90,2758,0,3.15,52307
ground-height-0m-20260825-163632,d028m_r090_run01.csv,0,28,90,dw00;dw01;dw02;dw03;dw04;dw05;dw06;dw07;dw08,dw00;dw01;dw02;dw03;dw04;dw05;dw06;dw07;dw08,dw07;dw08,105,1,2026-08-27T10:27:18.134+0200,dw05,4B92,87,2761,54,-661,2680,3.21,72265
ground-height-0m-20260825-163632,d028m_r090_run01.csv,0,28,90,dw00;dw01;dw02;dw03;dw04;dw05;dw06;dw07;dw08,dw00;dw01;dw02;dw03;dw04;dw05;dw06;dw07;dw08,dw07;dw08,90,1,2026-08-27T10:27:18.224+0200,dw04,0F85,64,2762,7,-1445,2354,2.95,62286
ground-height-0m-20260825-163632,d028m_r090_run01.csv,0,28,90,dw00;dw01;dw02;dw03;dw04;dw05;dw06;dw07;dw08,dw00;dw01;dw02;dw03;dw04;dw05;dw06;dw07;dw08,dw07;dw08,75,1,2026-08-27T10:27:18.274+0200,dw03,021B,10,2753,-38,-2222,1624,3.33,12268
ground-height-0m-20260825-163632,d028m_r090_run01.csv,0,28,90,dw00;dw01;dw02;dw03;dw04;dw05;dw06;dw07;dw08,dw00;dw01;dw02;dw03;dw04;dw05;dw06;dw07;dw08,dw07;dw08,15,1,2026-08-27T10:27:18.294+0200,dw00,8103,55,2777,-170,1656,2229,1.75,32257
ground-height-0m-20260825-163632,d028m_r090_run01.csv,0,28,90,dw00;dw01;dw02;dw03;dw04;dw05;dw06;dw07;dw08,dw00;dw01;dw02;dw03;dw04;dw05;dw06;dw07;dw08,dw07;dw08,35,1,2026-08-27T10:27:18.304+0200,dw01,1729,127,2768,-133,2282,1567,2.53,42327
ground-height-0m-20260825-163632,d028m_r090_run01.csv,0,28,90,dw00;dw01;dw02;dw03;dw04;dw05;dw06;dw07;dw08,dw00;dw01;dw02;dw03;dw04;dw05;dw06;dw07;dw08,dw07;dw08,55,1,2026-08-27T10:27:18.314+0200,dw02,8FB0,183,2761,-102,2760,0,3.15,52307
ground-height-0m-20260825-163632,d028m_r090_run01.csv,0,28,90,dw00;dw01;dw02;dw03;dw04;dw05;dw06;dw07;dw08,dw00;dw01;dw02;dw03;dw04;dw05;dw06;dw07;dw08,dw07;dw08,105,1,2026-08-27T10:27:18.334+0200,dw05,4B92,88,2763,51,-710,2671,3.27,72235
ground-height-0m-20260825-163632,d028m_r090_run01.csv,0,28,90,dw00;dw01;dw02;dw03;dw04;dw05;dw06;dw07;dw08,dw00;dw01;dw02;dw03;dw04;dw05;dw06;dw07;dw08,dw07;dw08,90,1,2026-08-27T10:27:18.424+0200,dw04,0F85,65,2763,3,-1524,2305,2.89,62225
ground-height-0m-20260825-163632,d028m_r090_run01.csv,0,28,90,dw00;dw01;dw02;dw03;dw04;dw05;dw06;dw07;dw08,dw00;dw01;dw02;dw03;dw04;dw05;dw06;dw07;dw08,dw07;dw08,125,1,2026-08-27T10:27:18.460+0200,dw06,0789,114,2760,98,96,2758,2.26,2147483
ground-height-0m-20260825-163632,d028m_r090_run01.csv,0,28,90,dw00;dw01;dw02;dw03;dw04;dw05;dw06;dw07;dw08,dw00;dw01;dw02;dw03;dw04;dw05;dw06;dw07;dw08,dw07;dw08,75,1,2026-08-27T10:27:18.474+0200,dw03,021B,11,2752,-43,-2310,1494,3.27,12268
ground-height-0m-20260825-163632,d028m_r090_run01.csv,0,28,90,dw00;dw01;dw02;dw03;dw04;dw05;dw06;dw07;dw08,dw00;dw01;dw02;dw03;dw04;dw05;dw06;dw07;dw08,dw07;dw08,15,1,2026-08-27T10:27:18.495+0200,dw00,8103,56,2780,-151,1984,1946,1.81,32318
ground-height-0m-20260825-163632,d028m_r090_run01.csv,0,28,90,dw00;dw01;dw02;dw03;dw04;dw05;dw06;dw07;dw08,dw00;dw01;dw02;dw03;dw04;dw05;dw06;dw07;dw08,dw07;dw08,35,1,2026-08-27T10:27:18.504+0200,dw01,1729,128,2767,-133,2282,1563,2.38,42327
ground-height-0m-20260825-163632,d028m_r090_run01.csv,0,28,90,dw00;dw01;dw02;dw03;dw04;dw05;dw06;dw07;dw08,dw00;dw01;dw02;dw03;dw04;dw05;dw06;dw07;dw08,dw07;dw08,55,1,2026-08-27T10:27:18.514+0200,dw02,8FB0,184,2761,-88,2760,0,3.21,52337
ground-height-0m-20260825-163632,d028m_r090_run01.csv,0,28,90,dw00;dw01;dw02;dw03;dw04;dw05;dw06;dw07;dw08,dw00;dw01;dw02;dw03;dw04;dw05;dw06;dw07;dw08,dw07;dw08,105,1,2026-08-27T10:27:18.535+0200,dw05,4B92,89,2767,38,-927,2606,3.15,72235
ground-height-0m-20260825-163632,d028m_r090_run01.csv,0,28,90,dw00;dw01;dw02;dw03;dw04;dw05;dw06;dw07;dw08,dw00;dw01;dw02;dw03;dw04;dw05;dw06;dw07;dw08,dw07;dw08,90,1,2026-08-27T10:27:18.624+0200,dw04,0F85,66,2761,10,-1407,2376,2.95,62225
ground-height-0m-20260825-163632,d028m_r090_run01.csv,0,28,90,dw00;dw01;dw02;dw03;dw04;dw05;dw06;dw07;dw08,dw00;dw01;dw02;dw03;dw04;dw05;dw06;dw07;dw08,dw07;dw08,125,1,2026-08-27T10:27:18.643+0200,dw06,0789,115,2764,92,-8,2764,2.14,82366
ground-height-0m-20260825-163632,d028m_r090_run01.csv,0,28,90,dw00;dw01;dw02;dw03;dw04;dw05;dw06;dw07;dw08,dw00;dw01;dw02;dw03;dw04;dw05;dw06;dw07;dw08,dw07;dw08,75,1,2026-08-27T10:27:18.673+0200,dw03,021B,12,2757,-37,-2213,1644,3.33,12268
ground-height-0m-20260825-163632,d028m_r090_run01.csv,0,28,90,dw00;dw01;dw02;dw03;dw04;dw05;dw06;dw07;dw08,dw00;dw01;dw02;dw03;dw04;dw05;dw06;dw07;dw08,dw07;dw08,15,1,2026-08-27T10:27:18.693+0200,dw00,8103,57,2777,-160,1822,2095,1.75,32287
ground-height-0m-20260825-163632,d028m_r090_run01.csv,0,28,90,dw00;dw01;dw02;dw03;dw04;dw05;dw06;dw07;dw08,dw00;dw01;dw02;dw03;dw04;dw05;dw06;dw07;dw08,dw07;dw08,35,1,2026-08-27T10:27:18.704+0200,dw01,1729,129,2765,-131,2300,1535,2.59,42327
ground-height-0m-20260825-163632,d028m_r090_run01.csv,0,28,90,dw00;dw01;dw02;dw03;dw04;dw05;dw06;dw07;dw08,dw00;dw01;dw02;dw03;dw04;dw05;dw06;dw07;dw08,dw07;dw08,55,1,2026-08-27T10:27:18.713+0200,dw02,8FB0,185,2757,-88,2757,0,3.15,52307
ground-height-0m-20260825-163632,d028m_r090_run01.csv,0,28,90,dw00;dw01;dw02;dw03;dw04;dw05;dw06;dw07;dw08,dw00;dw01;dw02;dw03;dw04;dw05;dw06;dw07;dw08,dw07;dw08,105,1,2026-08-27T10:27:18.733+0200,dw05,4B92,90,2762,47,-765,2654,3.27,72265
ground-height-0m-20260825-163632,d028m_r090_run01.csv,0,28,90,dw00;dw01;dw02;dw03;dw04;dw05;dw06;dw07;dw08,dw00;dw01;dw02;dw03;dw04;dw05;dw06;dw07;dw08,dw07;dw08,90,1,2026-08-27T10:27:18.823+0200,dw04,0F85,67,2763,7,-1460,2346,2.95,62255
ground-height-0m-20260825-163632,d028m_r090_run01.csv,0,28,90,dw00;dw01;dw02;dw03;dw04;dw05;dw06;dw07;dw08,dw00;dw01;dw02;dw03;dw04;dw05;dw06;dw07;dw08,dw07;dw08,125,1,2026-08-27T10:27:18.843+0200,dw06,0789,116,2762,96,64,2761,1.99,82305
ground-height-0m-20260825-163632,d028m_r090_run01.csv,0,28,90,dw00;dw01;dw02;dw03;dw04;dw05;dw06;dw07;dw08,dw00;dw01;dw02;dw03;dw04;dw05;dw06;dw07;dw08,dw07;dw08,75,1,2026-08-27T10:27:18.874+0200,dw03,021B,13,2754,-34,-2159,1709,3.33,12268
ground-height-0m-20260825-163632,d028m_r090_run01.csv,0,28,90,dw00;dw01;dw02;dw03;dw04;dw05;dw06;dw07;dw08,dw00;dw01;dw02;dw03;dw04;dw05;dw06;dw07;dw08,dw07;dw08,15,1,2026-08-27T10:27:18.893+0200,dw00,8103,58,2780,-161,1800,2118,1.75,32287
ground-height-0m-20260825-163632,d028m_r090_run01.csv,0,28,90,dw00;dw01;dw02;dw03;dw04;dw05;dw06;dw07;dw08,dw00;dw01;dw02;dw03;dw04;dw05;dw06;dw07;dw08,dw07;dw08,35,1,2026-08-27T10:27:18.903+0200,dw01,1729,130,2766,-119,2516,1149,2.59,42297
ground-height-0m-20260825-163632,d028m_r090_run01.csv,0,28,90,dw00;dw01;dw02;dw03;dw04;dw05;dw06;dw07;dw08,dw00;dw01;dw02;dw03;dw04;dw05;dw06;dw07;dw08,dw07;dw08,55,1,2026-08-27T10:27:18.914+0200,dw02,8FB0,186,2761,-92,2760,0,3.15,52368
ground-height-0m-20260825-163632,d028m_r090_run01.csv,0,28,90,dw00;dw01;dw02;dw03;dw04;dw05;dw06;dw07;dw08,dw00;dw01;dw02;dw03;dw04;dw05;dw06;dw07;dw08,dw07;dw08,105,1,2026-08-27T10:27:18.933+0200,dw05,4B92,91,2762,44,-828,2635,3.27,72265
ground-height-0m-20260825-163632,d028m_r090_run01.csv,0,28,90,dw00;dw01;dw02;dw03;dw04;dw05;dw06;dw07;dw08,dw00;dw01;dw02;dw03;dw04;dw05;dw06;dw07;dw08,dw07;dw08,90,1,2026-08-27T10:27:19.023+0200,dw04,0F85,68,2762,3,-1516,2309,2.95,62286
ground-height-0m-20260825-163632,d028m_r090_run01.csv,0,28,90,dw00;dw01;dw02;dw03;dw04;dw05;dw06;dw07;dw08,dw00;dw01;dw02;dw03;dw04;dw05;dw06;dw07;dw08,dw07;dw08,125,1,2026-08-27T10:27:19.044+0200,dw06,0789,117,2761,83,-168,2755,2.20,82275
ground-height-0m-20260825-163632,d028m_r090_run01.csv,0,28,90,dw00;dw01;dw02;dw03;dw04;dw05;dw06;dw07;dw08,dw00;dw01;dw02;dw03;dw04;dw05;dw06;dw07;dw08,dw07;dw08,75,1,2026-08-27T10:27:19.073+0200,dw03,021B,14,2753,-42,-2300,1513,3.33,12268
ground-height-0m-20260825-163632,d028m_r090_run01.csv,0,28,90,dw00;dw01;dw02;dw03;dw04;dw05;dw06;dw07;dw08,dw00;dw01;dw02;dw03;dw04;dw05;dw06;dw07;dw08,dw07;dw08,15,1,2026-08-27T10:27:19.093+0200,dw00,8103,59,2778,-157,1872,2053,1.93,32287
ground-height-0m-20260825-163632,d028m_r090_run01.csv,0,28,90,dw00;dw01;dw02;dw03;dw04;dw05;dw06;dw07;dw08,dw00;dw01;dw02;dw03;dw04;dw05;dw06;dw07;dw08,dw07;dw08,35,1,2026-08-27T10:27:19.103+0200,dw01,1729,131,2767,-125,2403,1370,2.59,42327
ground-height-0m-20260825-163632,d028m_r090_run01.csv,0,28,90,dw00;dw01;dw02;dw03;dw04;dw05;dw06;dw07;dw08,dw00;dw01;dw02;dw03;dw04;dw05;dw06;dw07;dw08,dw07;dw08,55,1,2026-08-27T10:27:19.113+0200,dw02,8FB0,187,2761,-96,2760,0,3.15,52276
ground-height-0m-20260825-163632,d028m_r090_run01.csv,0,28,90,dw00;dw01;dw02;dw03;dw04;dw05;dw06;dw07;dw08,dw00;dw01;dw02;dw03;dw04;dw05;dw06;dw07;dw08,dw07;dw08,105,1,2026-08-27T10:27:19.133+0200,dw05,4B92,92,2763,52,-691,2675,3.33,72235
ground-height-0m-20260825-163632,d028m_r090_run01.csv,0,28,90,dw00;dw01;dw02;dw03;dw04;dw05;dw06;dw07;dw08,dw00;dw01;dw02;dw03;dw04;dw05;dw06;dw07;dw08,dw07;dw08,90,1,2026-08-27T10:27:19.223+0200,dw04,0F85,69,2764,2,-1547,2291,2.89,62225
ground-height-0m-20260825-163632,d028m_r090_run01.csv,0,28,90,dw00;dw01;dw02;dw03;dw04;dw05;dw06;dw07;dw08,dw00;dw01;dw02;dw03;dw04;dw05;dw06;dw07;dw08,dw07;dw08,125,1,2026-08-27T10:27:19.244+0200,dw06,0789,118,2762,96,55,2762,2.02,82275
ground-height-0m-20260825-163632,d028m_r090_run01.csv,0,28,90,dw00;dw01;dw02;dw03;dw04;dw05;dw06;dw07;dw08,dw00;dw01;dw02;dw03;dw04;dw05;dw06;dw07;dw08,dw07;dw08,75,1,2026-08-27T10:27:19.273+0200,dw03,021B,15,2752,-54,-2491,1169,3.27,12298
ground-height-0m-20260825-163632,d028m_r090_run01.csv,0,28,90,dw00;dw01;dw02;dw03;dw04;dw05;dw06;dw07;dw08,dw00;dw01;dw02;dw03;dw04;dw05;dw06;dw07;dw08,dw07;dw08,15,1,2026-08-27T10:27:19.293+0200,dw00,8103,60,2778,-176,1544,2309,1.75,32287
ground-height-0m-20260825-163632,d028m_r090_run01.csv,0,28,90,dw00;dw01;dw02;dw03;dw04;dw05;dw06;dw07;dw08,dw00;dw01;dw02;dw03;dw04;dw05;dw06;dw07;dw08,dw07;dw08,35,1,2026-08-27T10:27:19.303+0200,dw01,1729,132,2768,-129,2345,1469,2.65,42297
ground-height-0m-20260825-163632,d028m_r090_run01.csv,0,28,90,dw00;dw01;dw02;dw03;dw04;dw05;dw06;dw07;dw08,dw00;dw01;dw02;dw03;dw04;dw05;dw06;dw07;dw08,dw07;dw08,55,1,2026-08-27T10:27:19.313+0200,dw02,8FB0,188,2761,-90,2760,0,3.27,52337
ground-height-0m-20260825-163632,d028m_r090_run01.csv,0,28,90,dw00;dw01;dw02;dw03;dw04;dw05;dw06;dw07;dw08,dw00;dw01;dw02;dw03;dw04;dw05;dw06;dw07;dw08,dw07;dw08,105,1,2026-08-27T10:27:19.333+0200,dw05,4B92,93,2763,38,-926,2603,3.27,72235
ground-height-0m-20260825-163632,d028m_r090_run01.csv,0,28,90,dw00;dw01;dw02;dw03;dw04;dw05;dw06;dw07;dw08,dw00;dw01;dw02;dw03;dw04;dw05;dw06;dw07;dw08,dw07;dw08,90,1,2026-08-27T10:27:19.423+0200,dw04,0F85,70,2760,7,-1446,2350,3.01,62286
ground-height-0m-20260825-163632,d028m_r090_run01.csv,0,28,90,dw00;dw01;dw02;dw03;dw04;dw05;dw06;dw07;dw08,dw00;dw01;dw02;dw03;dw04;dw05;dw06;dw07;dw08,dw07;dw08,125,1,2026-08-27T10:27:19.443+0200,dw06,0789,119,2759,79,-222,2750,2.08,82275
ground-height-0m-20260825-163632,d028m_r090_run01.csv,0,28,90,dw00;dw01;dw02;dw03;dw04;dw05;dw06;dw07;dw08,dw00;dw01;dw02;dw03;dw04;dw05;dw06;dw07;dw08,dw07;dw08,75,1,2026-08-27T10:27:19.473+0200,dw03,021B,16,2752,-48,-2396,1354,3.27,12268
ground-height-0m-20260825-163632,d028m_r090_run01.csv,0,28,90,dw00;dw01;dw02;dw03;dw04;dw05;dw06;dw07;dw08,dw00;dw01;dw02;dw03;dw04;dw05;dw06;dw07;dw08,dw07;dw08,15,1,2026-08-27T10:27:19.493+0200,dw00,8103,61,2777,-157,1870,2052,1.75,32287
ground-height-0m-20260825-163632,d028m_r090_run01.csv,0,28,90,dw00;dw01;dw02;dw03;dw04;dw05;dw06;dw07;dw08,dw00;dw01;dw02;dw03;dw04;dw05;dw06;dw07;dw08,dw07;dw08,35,1,2026-08-27T10:27:19.503+0200,dw01,1729,133,2768,-125,2407,1366,2.53,42358
ground-height-0m-20260825-163632,d028m_r090_run01.csv,0,28,90,dw00;dw01;dw02;dw03;dw04;dw05;dw06;dw07;dw08,dw00;dw01;dw02;dw03;dw04;dw05;dw06;dw07;dw08,dw07;dw08,55,1,2026-08-27T10:27:19.513+0200,dw02,8FB0,189,2758,-88,2758,0,3.15,52307
ground-height-0m-20260825-163632,d028m_r090_run01.csv,0,28,90,dw00;dw01;dw02;dw03;dw04;dw05;dw06;dw07;dw08,dw00;dw01;dw02;dw03;dw04;dw05;dw06;dw07;dw08,dw07;dw08,105,1,2026-08-27T10:27:19.533+0200,dw05,4B92,94,2763,51,-708,2671,3.27,72265
ground-height-0m-20260825-163632,d028m_r090_run01.csv,0,28,90,dw00;dw01;dw02;dw03;dw04;dw05;dw06;dw07;dw08,dw00;dw01;dw02;dw03;dw04;dw05;dw06;dw07;dw08,dw07;dw08,90,1,2026-08-27T10:27:19.622+0200,dw04,0F85,71,2766,1,-1560,2284,3.01,62255
ground-height-0m-20260825-163632,d028m_r090_run01.csv,0,28,90,dw00;dw01;dw02;dw03;dw04;dw05;dw06;dw07;dw08,dw00;dw01;dw02;dw03;dw04;dw05;dw06;dw07;dw08,dw07;dw08,125,1,2026-08-27T10:27:19.643+0200,dw06,0789,120,2762,100,120,2759,2.20,82275
ground-height-0m-20260825-163632,d028m_r090_run01.csv,0,28,90,dw00;dw01;dw02;dw03;dw04;dw05;dw06;dw07;dw08,dw00;dw01;dw02;dw03;dw04;dw05;dw06;dw07;dw08,dw07;dw08,75,1,2026-08-27T10:27:19.673+0200,dw03,021B,17,2754,-46,-2360,1419,3.33,12268
ground-height-0m-20260825-163632,d028m_r090_run01.csv,0,28,90,dw00;dw01;dw02;dw03;dw04;dw05;dw06;dw07;dw08,dw00;dw01;dw02;dw03;dw04;dw05;dw06;dw07;dw08,dw07;dw08,15,1,2026-08-27T10:27:19.693+0200,dw00,8103,62,2783,-161,1816,2108,1.81,32318
ground-height-0m-20260825-163632,d028m_r090_run01.csv,0,28,90,dw00;dw01;dw02;dw03;dw04;dw05;dw06;dw07;dw08,dw00;dw01;dw02;dw03;dw04;dw05;dw06;dw07;dw08,dw07;dw08,35,1,2026-08-27T10:27:19.702+0200,dw01,1729,134,2766,-136,2220,1649,2.59,42297
ground-height-0m-20260825-163632,d028m_r090_run01.csv,0,28,90,dw00;dw01;dw02;dw03;dw04;dw05;dw06;dw07;dw08,dw00;dw01;dw02;dw03;dw04;dw05;dw06;dw07;dw08,dw07;dw08,55,1,2026-08-27T10:27:19.713+0200,dw02,8FB0,190,2757,-84,-2757,0,3.21,52307
ground-height-0m-20260825-163632,d028m_r090_run01.csv,0,28,90,dw00;dw01;dw02;dw03;dw04;dw05;dw06;dw07;dw08,dw00;dw01;dw02;dw03;dw04;dw05;dw06;dw07;dw08,dw07;dw08,105,1,2026-08-27T10:27:19.733+0200,dw05,4B92,95,2763,44,-820,2638,3.27,72235
ground-height-0m-20260825-163632,d028m_r090_run01.csv,0,28,90,dw00;dw01;dw02;dw03;dw04;dw05;dw06;dw07;dw08,dw00;dw01;dw02;dw03;dw04;dw05;dw06;dw07;dw08,dw07;dw08,90,1,2026-08-27T10:27:19.823+0200,dw04,0F85,72,2762,16,-1303,2435,2.95,62225
ground-height-0m-20260825-163632,d028m_r090_run01.csv,0,28,90,dw00;dw01;dw02;dw03;dw04;dw05;dw06;dw07;dw08,dw00;dw01;dw02;dw03;dw04;dw05;dw06;dw07;dw08,dw07;dw08,125,1,2026-08-27T10:27:19.843+0200,dw06,0789,121,2762,96,56,2762,2.02,82275
ground-height-0m-20260825-163632,d028m_r090_run01.csv,0,28,90,dw00;dw01;dw02;dw03;dw04;dw05;dw06;dw07;dw08,dw00;dw01;dw02;dw03;dw04;dw05;dw06;dw07;dw08,dw07;dw08,75,1,2026-08-27T10:27:19.872+0200,dw03,021B,18,2753,-23,-1970,1923,3.33,12237
ground-height-0m-20260825-163632,d028m_r090_run01.csv,0,28,90,dw00;dw01;dw02;dw03;dw04;dw05;dw06;dw07;dw08,dw00;dw01;dw02;dw03;dw04;dw05;dw06;dw07;dw08,dw07;dw08,15,1,2026-08-27T10:27:19.893+0200,dw00,8103,63,2779,-154,1932,1997,1.81,32257
ground-height-0m-20260825-163632,d028m_r090_run01.csv,0,28,90,dw00;dw01;dw02;dw03;dw04;dw05;dw06;dw07;dw08,dw00;dw01;dw02;dw03;dw04;dw05;dw06;dw07;dw08,dw07;dw08,35,1,2026-08-27T10:27:19.903+0200,dw01,1729,135,2768,-133,2269,1586,2.44,42297
ground-height-0m-20260825-163632,d028m_r090_run01.csv,0,28,90,dw00;dw01;dw02;dw03;dw04;dw05;dw06;dw07;dw08,dw00;dw01;dw02;dw03;dw04;dw05;dw06;dw07;dw08,dw07;dw08,55,1,2026-08-27T10:27:19.912+0200,dw02,8FB0,191,2755,-99,2755,0,3.15,52307
ground-height-0m-20260825-163632,d028m_r090_run01.csv,0,28,90,dw00;dw01;dw02;dw03;dw04;dw05;dw06;dw07;dw08,dw00;dw01;dw02;dw03;dw04;dw05;dw06;dw07;dw08,dw07;dw08,105,1,2026-08-27T10:27:19.933+0200,dw05,4B92,96,2762,49,-744,2660,3.33,72235
ground-height-0m-20260825-163632,d028m_r090_run01.csv,0,28,90,dw00;dw01;dw02;dw03;dw04;dw05;dw06;dw07;dw08,dw00;dw01;dw02;dw03;dw04;dw05;dw06;dw07;dw08,dw07;dw08,90,1,2026-08-27T10:27:20.023+0200,dw04,0F85,73,2762,10,-1410,2375,2.95,62255
ground-height-0m-20260825-163632,d028m_r090_run01.csv,0,28,90,dw00;dw01;dw02;dw03;dw04;dw05;dw06;dw07;dw08,dw00;dw01;dw02;dw03;dw04;dw05;dw06;dw07;dw08,dw07;dw08,125,1,2026-08-27T10:27:20.043+0200,dw06,0789,122,2761,94,28,2761,2.14,82275
ground-height-0m-20260825-163632,d028m_r090_run01.csv,0,28,90,dw00;dw01;dw02;dw03;dw04;dw05;dw06;dw07;dw08,dw00;dw01;dw02;dw03;dw04;dw05;dw06;dw07;dw08,dw07;dw08,75,1,2026-08-27T10:27:20.073+0200,dw03,021B,19,2754,-32,-2123,1755,3.27,12298
ground-height-0m-20260825-163632,d028m_r090_run01.csv,0,28,90,dw00;dw01;dw02;dw03;dw04;dw05;dw06;dw07;dw08,dw00;dw01;dw02;dw03;dw04;dw05;dw06;dw07;dw08,dw07;dw08,15,1,2026-08-27T10:27:20.093+0200,dw00,8103,64,2780,-150,1989,1941,1.81,32287
ground-height-0m-20260825-163632,d028m_r090_run01.csv,0,28,90,dw00;dw01;dw02;dw03;dw04;dw05;dw06;dw07;dw08,dw00;dw01;dw02;dw03;dw04;dw05;dw06;dw07;dw08,dw07;dw08,35,1,2026-08-27T10:27:20.103+0200,dw01,1729,136,2771,-128,2366,1442,2.53,42327
ground-height-0m-20260825-163632,d028m_r090_run01.csv,0,28,90,dw00;dw01;dw02;dw03;dw04;dw05;dw06;dw07;dw08,dw00;dw01;dw02;dw03;dw04;dw05;dw06;dw07;dw08,dw07;dw08,55,1,2026-08-27T10:27:20.113+0200,dw02,8FB0,192,2760,-90,2759,0,3.21,52276
ground-height-0m-20260825-163632,d028m_r090_run01.csv,0,28,90,dw00;dw01;dw02;dw03;dw04;dw05;dw06;dw07;dw08,dw00;dw01;dw02;dw03;dw04;dw05;dw06;dw07;dw08,dw07;dw08,105,1,2026-08-27T10:27:20.133+0200,dw05,4B92,97,2764,47,-769,2655,3.33,72265
ground-height-0m-20260825-163632,d028m_r090_run01.csv,0,28,90,dw00;dw01;dw02;dw03;dw04;dw05;dw06;dw07;dw08,dw00;dw01;dw02;dw03;dw04;dw05;dw06;dw07;dw08,dw07;dw08,90,1,2026-08-27T10:27:20.223+0200,dw04,0F85,74,2762,-6,-1685,2188,3.06,62255
ground-height-0m-20260825-163632,d028m_r090_run01.csv,0,28,90,dw00;dw01;dw02;dw03;dw04;dw05;dw06;dw07;dw08,dw00;dw01;dw02;dw03;dw04;dw05;dw06;dw07;dw08,dw07;dw08,125,1,2026-08-27T10:27:20.242+0200,dw06,0789,123,2761,82,-182,2755,2.14,82336
ground-height-0m-20260825-163632,d028m_r090_run01.csv,0,28,90,dw00;dw01;dw02;dw03;dw04;dw05;dw06;dw07;dw08,dw00;dw01;dw02;dw03;dw04;dw05;dw06;dw07;dw08,dw07;dw08,75,1,2026-08-27T10:27:20.273+0200,dw03,021B,20,2750,-41,-2276,1544,3.33,12268
ground-height-0m-20260825-163632,d028m_r090_run01.csv,0,28,90,dw00;dw01;dw02;dw03;dw04;dw05;dw06;dw07;dw08,dw00;dw01;dw02;dw03;dw04;dw05;dw06;dw07;dw08,dw07;dw08,15,1,2026-08-27T10:27:20.292+0200,dw00,8103,65,2780,-158,1862,2064,1.69,32287
ground-height-0m-20260825-163632,d028m_r090_run01.csv,0,28,90,dw00;dw01;dw02;dw03;dw04;dw05;dw06;dw07;dw08,dw00;dw01;dw02;dw03;dw04;dw05;dw06;dw07;dw08,dw07;dw08,35,1,2026-08-27T10:27:20.303+0200,dw01,1729,137,2769,-139,2177,1712,2.50,42297
ground-height-0m-20260825-163632,d028m_r090_run01.csv,0,28,90,dw00;dw01;dw02;dw03;dw04;dw05;dw06;dw07;dw08,dw00;dw01;dw02;dw03;dw04;dw05;dw06;dw07;dw08,dw07;dw08,55,1,2026-08-27T10:27:20.313+0200,dw02,8FB0,193,2757,-89,2757,0,3.27,52337
ground-height-0m-20260825-163632,d028m_r090_run01.csv,0,28,90,dw00;dw01;dw02;dw03;dw04;dw05;dw06;dw07;dw08,dw00;dw01;dw02;dw03;dw04;dw05;dw06;dw07;dw08,dw07;dw08,105,1,2026-08-27T10:27:20.332+0200,dw05,4B92,98,2760,56,-617,2690,3.27,72265
ground-height-0m-20260825-163632,d028m_r090_run01.csv,0,28,90,dw00;dw01;dw02;dw03;dw04;dw05;dw06;dw07;dw08,dw00;dw01;dw02;dw03;dw04;dw05;dw06;dw07;dw08,dw07;dw08,90,1,2026-08-27T10:27:20.422+0200,dw04,0F85,75,2763,8,-1434,2362,2.89,62225
ground-height-0m-20260825-163632,d028m_r090_run01.csv,0,28,90,dw00;dw01;dw02;dw03;dw04;dw05;dw06;dw07;dw08,dw00;dw01;dw02;dw03;dw04;dw05;dw06;dw07;dw08,dw07;dw08,125,1,2026-08-27T10:27:20.443+0200,dw06,0789,124,2762,102,166,2757,2.08,82244
ground-height-0m-20260825-163632,d028m_r090_run01.csv,0,28,90,dw00;dw01;dw02;dw03;dw04;dw05;dw06;dw07;dw08,dw00;dw01;dw02;dw03;dw04;dw05;dw06;dw07;dw08,dw07;dw08,75,1,2026-08-27T10:27:20.473+0200,dw03,021B,21,2754,-38,-2237,1607,3.33,12268
ground-height-0m-20260825-163632,d028m_r090_run01.csv,0,28,90,dw00;dw01;dw02;dw03;dw04;dw05;dw06;dw07;dw08,dw00;dw01;dw02;dw03;dw04;dw05;dw06;dw07;dw08,dw07;dw08,15,1,2026-08-27T10:27:20.492+0200,dw00,8103,66,2780,-166,1724,2180,1.81,32318
ground-height-0m-20260825-163632,d028m_r090_run01.csv,0,28,90,dw00;dw01;dw02;dw03;dw04;dw05;dw06;dw07;dw08,dw00;dw01;dw02;dw03;dw04;dw05;dw06;dw07;dw08,dw07;dw08,35,1,2026-08-27T10:27:20.502+0200,dw01,1729,138,2765,-136,2221,1646,2.65,42327
ground-height-0m-20260825-163632,d028m_r090_run01.csv,0,28,90,dw00;dw01;dw02;dw03;dw04;dw05;dw06;dw07;dw08,dw00;dw01;dw02;dw03;dw04;dw05;dw06;dw07;dw08,dw07;dw08,55,1,2026-08-27T10:27:20.513+0200,dw02,8FB0,194,2757,-93,2757,0,3.09,52307
ground-height-0m-20260825-163632,d028m_r090_run01.csv,0,28,90,dw00;dw01;dw02;dw03;dw04;dw05;dw06;dw07;dw08,dw00;dw01;dw02;dw03;dw04;dw05;dw06;dw07;dw08,dw07;dw08,105,1,2026-08-27T10:27:20.532+0200,dw05,4B92,99,2760,47,-780,2647,3.33,72265
ground-height-0m-20260825-163632,d028m_r090_run01.csv,0,28,90,dw00;dw01;dw02;dw03;dw04;dw05;dw06;dw07;dw08,dw00;dw01;dw02;dw03;dw04;dw05;dw06;dw07;dw08,dw07;dw08,90,1,2026-08-27T10:27:20.622+0200,dw04,0F85,76,2761,11,-1386,2388,3.01,62286
ground-height-0m-20260825-163632,d028m_r090_run01.csv,0,28,90,dw00;dw01;dw02;dw03;dw04;dw05;dw06;dw07;dw08,dw00;dw01;dw02;dw03;dw04;dw05;dw06;dw07;dw08,dw07;dw08,75,1,2026-08-27T10:27:20.672+0200,dw03,021B,22,2752,-39,-2248,1586,3.27,12268
ground-height-0m-20260825-163632,d028m_r090_run01.csv,0,28,90,dw00;dw01;dw02;dw03;dw04;dw05;dw06;dw07;dw08,dw00;dw01;dw02;dw03;dw04;dw05;dw06;dw07;dw08,dw07;dw08,15,1,2026-08-27T10:27:20.693+0200,dw00,8103,67,2779,-156,1889,2038,1.81,32257
ground-height-0m-20260825-163632,d028m_r090_run01.csv,0,28,90,dw00;dw01;dw02;dw03;dw04;dw05;dw06;dw07;dw08,dw00;dw01;dw02;dw03;dw04;dw05;dw06;dw07;dw08,dw07;dw08,35,1,2026-08-27T10:27:20.702+0200,dw01,1729,139,2762,-126,2383,1397,2.59,42297
ground-height-0m-20260825-163632,d028m_r090_run01.csv,0,28,90,dw00;dw01;dw02;dw03;dw04;dw05;dw06;dw07;dw08,dw00;dw01;dw02;dw03;dw04;dw05;dw06;dw07;dw08,dw07;dw08,55,1,2026-08-27T10:27:20.712+0200,dw02,8FB0,195,2757,-108,2696,575,3.21,52337
ground-height-0m-20260825-163632,d028m_r090_run01.csv,0,28,90,dw00;dw01;dw02;dw03;dw04;dw05;dw06;dw07;dw08,dw00;dw01;dw02;dw03;dw04;dw05;dw06;dw07;dw08,dw07;dw08,105,1,2026-08-27T10:27:20.733+0200,dw05,4B92,100,2760,44,-821,2634,3.33,72235
ground-height-0m-20260825-163632,d028m_r090_run01.csv,0,28,90,dw00;dw01;dw02;dw03;dw04;dw05;dw06;dw07;dw08,dw00;dw01;dw02;dw03;dw04;dw05;dw06;dw07;dw08,dw07;dw08,90,1,2026-08-27T10:27:20.822+0200,dw04,0F85,77,2761,0,-1565,2275,3.06,62225
ground-height-0m-20260825-163632,d028m_r090_run01.csv,0,28,90,dw00;dw01;dw02;dw03;dw04;dw05;dw06;dw07;dw08,dw00;dw01;dw02;dw03;dw04;dw05;dw06;dw07;dw08,dw07;dw08,125,1,2026-08-27T10:27:20.859+0200,dw06,0789,126,2765,98,92,2763,2.26,2147483
ground-height-0m-20260825-163632,d028m_r090_run01.csv,0,28,90,dw00;dw01;dw02;dw03;dw04;dw05;dw06;dw07;dw08,dw00;dw01;dw02;dw03;dw04;dw05;dw06;dw07;dw08,dw07;dw08,75,1,2026-08-27T10:27:20.872+0200,dw03,021B,23,2753,-35,-2170,1694,3.33,12268
ground-height-0m-20260825-163632,d028m_r090_run01.csv,0,28,90,dw00;dw01;dw02;dw03;dw04;dw05;dw06;dw07;dw08,dw00;dw01;dw02;dw03;dw04;dw05;dw06;dw07;dw08,dw07;dw08,15,1,2026-08-27T10:27:20.893+0200,dw00,8103,68,2779,-160,1816,2104,1.87,32287
ground-height-0m-20260825-163632,d028m_r090_run01.csv,0,28,90,dw00;dw01;dw02;dw03;dw04;dw05;dw06;dw07;dw08,dw00;dw01;dw02;dw03;dw04;dw05;dw06;dw07;dw08,dw07;dw08,35,1,2026-08-27T10:27:20.902+0200,dw01,1729,140,2769,-139,2172,1717,2.59,42327
ground-height-0m-20260825-163632,d028m_r090_run01.csv,0,28,90,dw00;dw01;dw02;dw03;dw04;dw05;dw06;dw07;dw08,dw00;dw01;dw02;dw03;dw04;dw05;dw06;dw07;dw08,dw07;dw08,55,1,2026-08-27T10:27:20.912+0200,dw02,8FB0,196,2761,-91,2761,0,3.21,52307
ground-height-0m-20260825-163632,d028m_r090_run01.csv,0,28,90,dw00;dw01;dw02;dw03;dw04;dw05;dw06;dw07;dw08,dw00;dw01;dw02;dw03;dw04;dw05;dw06;dw07;dw08,dw07;dw08,105,1,2026-08-27T10:27:20.933+0200,dw05,4B92,101,2762,39,-903,2610,3.33,72235
ground-height-0m-20260825-163632,d028m_r090_run01.csv,0,28,90,dw00;dw01;dw02;dw03;dw04;dw05;dw06;dw07;dw08,dw00;dw01;dw02;dw03;dw04;dw05;dw06;dw07;dw08,dw07;dw08,90,1,2026-08-27T10:27:21.023+0200,dw04,0F85,78,2761,1,-1556,2280,3.01,62286
ground-height-0m-20260825-163632,d028m_r090_run01.csv,0,28,90,dw00;dw01;dw02;dw03;dw04;dw05;dw06;dw07;dw08,dw00;dw01;dw02;dw03;dw04;dw05;dw06;dw07;dw08,dw07;dw08,125,1,2026-08-27T10:27:21.042+0200,dw06,0789,127,2762,90,-44,2762,2.14,82336
ground-height-0m-20260825-163632,d028m_r090_run01.csv,0,28,90,dw00;dw01;dw02;dw03;dw04;dw05;dw06;dw07;dw08,dw00;dw01;dw02;dw03;dw04;dw05;dw06;dw07;dw08,dw07;dw08,75,1,2026-08-27T10:27:21.072+0200,dw03,021B,24,2753,-46,-2358,1419,3.33,12268
ground-height-0m-20260825-163632,d028m_r090_run01.csv,0,28,90,dw00;dw01;dw02;dw03;dw04;dw05;dw06;dw07;dw08,dw00;dw01;dw02;dw03;dw04;dw05;dw06;dw07;dw08,dw07;dw08,15,1,2026-08-27T10:27:21.092+0200,dw00,8103,69,2778,-159,1834,2087,1.81,32287
ground-height-0m-20260825-163632,d028m_r090_run01.csv,0,28,90,dw00;dw01;dw02;dw03;dw04;dw05;dw06;dw07;dw08,dw00;dw01;dw02;dw03;dw04;dw05;dw06;dw07;dw08,dw07;dw08,35,1,2026-08-27T10:27:21.103+0200,dw01,1729,141,2763,-134,2258,1593,2.77,42297
ground-height-0m-20260825-163632,d028m_r090_run01.csv,0,28,90,dw00;dw01;dw02;dw03;dw04;dw05;dw06;dw07;dw08,dw00;dw01;dw02;dw03;dw04;dw05;dw06;dw07;dw08,dw07;dw08,55,1,2026-08-27T10:27:21.112+0200,dw02,8FB0,197,2756,-83,-2756,0,3.33,52307
ground-height-0m-20260825-163632,d028m_r090_run01.csv,0,28,90,dw00;dw01;dw02;dw03;dw04;dw05;dw06;dw07;dw08,dw00;dw01;dw02;dw03;dw04;dw05;dw06;dw07;dw08,dw07;dw08,105,1,2026-08-27T10:27:21.132+0200,dw05,4B92,102,2763,45,-809,2642,3.27,72235
ground-height-0m-20260825-163632,d028m_r090_run01.csv,0,28,90,dw00;dw01;dw02;dw03;dw04;dw05;dw06;dw07;dw08,dw00;dw01;dw02;dw03;dw04;dw05;dw06;dw07;dw08,dw07;dw08,90,1,2026-08-27T10:27:21.222+0200,dw04,0F85,79,2763,5,-1490,2327,2.95,62255
ground-height-0m-20260825-163632,d028m_r090_run01.csv,0,28,90,dw00;dw01;dw02;dw03;dw04;dw05;dw06;dw07;dw08,dw00;dw01;dw02;dw03;dw04;dw05;dw06;dw07;dw08,dw07;dw08,125,1,2026-08-27T10:27:21.242+0200,dw06,0789,128,2762,99,106,2760,2.02,82275
ground-height-0m-20260825-163632,d028m_r090_run01.csv,0,28,90,dw00;dw01;dw02;dw03;dw04;dw05;dw06;dw07;dw08,dw00;dw01;dw02;dw03;dw04;dw05;dw06;dw07;dw08,dw07;dw08,75,1,2026-08-27T10:27:21.273+0200,dw03,021B,25,2757,-55,-2525,1107,3.27,12298
ground-height-0m-20260825-163632,d028m_r090_run01.csv,0,28,90,dw00;dw01;dw02;dw03;dw04;dw05;dw06;dw07;dw08,dw00;dw01;dw02;dw03;dw04;dw05;dw06;dw07;dw08,dw07;dw08,15,1,2026-08-27T10:27:21.292+0200,dw00,8103,70,2780,-166,1721,2183,1.81,32318
ground-height-0m-20260825-163632,d028m_r090_run01.csv,0,28,90,dw00;dw01;dw02;dw03;dw04;dw05;dw06;dw07;dw08,dw00;dw01;dw02;dw03;dw04;dw05;dw06;dw07;dw08,dw07;dw08,35,1,2026-08-27T10:27:21.302+0200,dw01,1729,142,2772,-130,2322,1514,2.53,42327
ground-height-0m-20260825-163632,d028m_r090_run01.csv,0,28,90,dw00;dw01;dw02;dw03;dw04;dw05;dw06;dw07;dw08,dw00;dw01;dw02;dw03;dw04;dw05;dw06;dw07;dw08,dw07;dw08,55,1,2026-08-27T10:27:21.313+0200,dw02,8FB0,198,2756,-89,2756,0,3.21,52307
ground-height-0m-20260825-163632,d028m_r090_run01.csv,0,28,90,dw00;dw01;dw02;dw03;dw04;dw05;dw06;dw07;dw08,dw00;dw01;dw02;dw03;dw04;dw05;dw06;dw07;dw08,dw07;dw08,105,1,2026-08-27T10:27:21.332+0200,dw05,4B92,103,2763,41,-868,2623,3.33,72265
ground-height-0m-20260825-163632,d028m_r090_run01.csv,0,28,90,dw00;dw01;dw02;dw03;dw04;dw05;dw06;dw07;dw08,dw00;dw01;dw02;dw03;dw04;dw05;dw06;dw07;dw08,dw07;dw08,90,1,2026-08-27T10:27:21.422+0200,dw04,0F85,80,2762,3,-1524,2303,2.95,62255
ground-height-0m-20260825-163632,d028m_r090_run01.csv,0,28,90,dw00;dw01;dw02;dw03;dw04;dw05;dw06;dw07;dw08,dw00;dw01;dw02;dw03;dw04;dw05;dw06;dw07;dw08,dw07;dw08,125,1,2026-08-27T10:27:21.442+0200,dw06,0789,129,2759,98,98,2757,2.08,82305
ground-height-0m-20260825-163632,d028m_r090_run01.csv,0,28,90,dw00;dw01;dw02;dw03;dw04;dw05;dw06;dw07;dw08,dw00;dw01;dw02;dw03;dw04;dw05;dw06;dw07;dw08,dw07;dw08,75,1,2026-08-27T10:27:21.472+0200,dw03,021B,26,2753,-46,-2371,1399,3.33,12237
ground-height-0m-20260825-163632,d028m_r090_run01.csv,0,28,90,dw00;dw01;dw02;dw03;dw04;dw05;dw06;dw07;dw08,dw00;dw01;dw02;dw03;dw04;dw05;dw06;dw07;dw08,dw07;dw08,15,1,2026-08-27T10:27:21.492+0200,dw00,8103,71,2778,-155,1907,2020,1.87,32287
ground-height-0m-20260825-163632,d028m_r090_run01.csv,0,28,90,dw00;dw01;dw02;dw03;dw04;dw05;dw06;dw07;dw08,dw00;dw01;dw02;dw03;dw04;dw05;dw06;dw07;dw08,dw07;dw08,35,1,2026-08-27T10:27:21.502+0200,dw01,1729,143,2772,-131,2314,1526,2.53,42327
ground-height-0m-20260825-163632,d028m_r090_run01.csv,0,28,90,dw00;dw01;dw02;dw03;dw04;dw05;dw06;dw07;dw08,dw00;dw01;dw02;dw03;dw04;dw05;dw06;dw07;dw08,dw07;dw08,55,1,2026-08-27T10:27:21.512+0200,dw02,8FB0,199,2759,-75,-2759,0,3.21,52337
ground-height-0m-20260825-163632,d028m_r090_run01.csv,0,28,90,dw00;dw01;dw02;dw03;dw04;dw05;dw06;dw07;dw08,dw00;dw01;dw02;dw03;dw04;dw05;dw06;dw07;dw08,dw07;dw08,105,1,2026-08-27T10:27:21.532+0200,dw05,4B92,104,2760,50,-723,2663,3.27,72265
ground-height-0m-20260825-163632,d028m_r090_run01.csv,0,28,90,dw00;dw01;dw02;dw03;dw04;dw05;dw06;dw07;dw08,dw00;dw01;dw02;dw03;dw04;dw05;dw06;dw07;dw08,dw07;dw08,90,1,2026-08-27T10:27:21.622+0200,dw04,0F85,81,2761,1,-1550,2284,3.01,62255
ground-height-0m-20260825-163632,d028m_r090_run01.csv,0,28,90,dw00;dw01;dw02;dw03;dw04;dw05;dw06;dw07;dw08,dw00;dw01;dw02;dw03;dw04;dw05;dw06;dw07;dw08,dw07;dw08,125,1,2026-08-27T10:27:21.643+0200,dw06,0789,130,2761,98,102,2760,2.14,82305
ground-height-0m-20260825-163632,d028m_r090_run01.csv,0,28,90,dw00;dw01;dw02;dw03;dw04;dw05;dw06;dw07;dw08,dw00;dw01;dw02;dw03;dw04;dw05;dw06;dw07;dw08,dw07;dw08,75,1,2026-08-27T10:27:21.672+0200,dw03,021B,27,2753,-31,-2105,1773,3.45,12298
ground-height-0m-20260825-163632,d028m_r090_run01.csv,0,28,90,dw00;dw01;dw02;dw03;dw04;dw05;dw06;dw07;dw08,dw00;dw01;dw02;dw03;dw04;dw05;dw06;dw07;dw08,dw07;dw08,15,1,2026-08-27T10:27:21.692+0200,dw00,8103,72,2780,-158,1853,2072,1.93,32257
ground-height-0m-20260825-163632,d028m_r090_run01.csv,0,28,90,dw00;dw01;dw02;dw03;dw04;dw05;dw06;dw07;dw08,dw00;dw01;dw02;dw03;dw04;dw05;dw06;dw07;dw08,dw07;dw08,35,1,2026-08-27T10:27:21.702+0200,dw01,1729,144,2768,-131,2313,1521,2.65,42327
ground-height-0m-20260825-163632,d028m_r090_run01.csv,0,28,90,dw00;dw01;dw02;dw03;dw04;dw05;dw06;dw07;dw08,dw00;dw01;dw02;dw03;dw04;dw05;dw06;dw07;dw08,dw07;dw08,55,1,2026-08-27T10:27:21.712+0200,dw02,8FB0,200,2761,-101,2760,0,3.27,52276
ground-height-0m-20260825-163632,d028m_r090_run01.csv,0,28,90,dw00;dw01;dw02;dw03;dw04;dw05;dw06;dw07;dw08,dw00;dw01;dw02;dw03;dw04;dw05;dw06;dw07;dw08,dw07;dw08,105,1,2026-08-27T10:27:21.732+0200,dw05,4B92,105,2762,46,-796,2645,3.33,72235
ground-height-0m-20260825-163632,d028m_r090_run01.csv,0,28,90,dw00;dw01;dw02;dw03;dw04;dw05;dw06;dw07;dw08,dw00;dw01;dw02;dw03;dw04;dw05;dw06;dw07;dw08,dw07;dw08,90,1,2026-08-27T10:27:21.822+0200,dw04,0F85,82,2762,5,-1481,2331,3.01,62255
ground-height-0m-20260825-163632,d028m_r090_run01.csv,0,28,90,dw00;dw01;dw02;dw03;dw04;dw05;dw06;dw07;dw08,dw00;dw01;dw02;dw03;dw04;dw05;dw06;dw07;dw08,dw07;dw08,125,1,2026-08-27T10:27:21.842+0200,dw06,0789,131,2765,94,30,2765,2.14,82275
ground-height-0m-20260825-163632,d028m_r090_run01.csv,0,28,90,dw00;dw01;dw02;dw03;dw04;dw05;dw06;dw07;dw08,dw00;dw01;dw02;dw03;dw04;dw05;dw06;dw07;dw08,dw07;dw08,75,1,2026-08-27T10:27:21.872+0200,dw03,021B,28,2751,-42,-2294,1517,3.27,12237
ground-height-0m-20260825-163632,d028m_r090_run01.csv,0,28,90,dw00;dw01;dw02;dw03;dw04;dw05;dw06;dw07;dw08,dw00;dw01;dw02;dw03;dw04;dw05;dw06;dw07;dw08,dw07;dw08,15,1,2026-08-27T10:27:21.892+0200,dw00,8103,73,2777,-153,1936,1990,1.99,32287
ground-height-0m-20260825-163632,d028m_r090_run01.csv,0,28,90,dw00;dw01;dw02;dw03;dw04;dw05;dw06;dw07;dw08,dw00;dw01;dw02;dw03;dw04;dw05;dw06;dw07;dw08,dw07;dw08,35,1,2026-08-27T10:27:21.902+0200,dw01,1729,145,2768,-143,2101,1802,2.53,42358
ground-height-0m-20260825-163632,d028m_r090_run01.csv,0,28,90,dw00;dw01;dw02;dw03;dw04;dw05;dw06;dw07;dw08,dw00;dw01;dw02;dw03;dw04;dw05;dw06;dw07;dw08,dw07;dw08,55,1,2026-08-27T10:27:21.912+0200,dw02,8FB0,201,2758,-104,2758,0,3.15,52337
ground-height-0m-20260825-163632,d028m_r090_run01.csv,0,28,90,dw00;dw01;dw02;dw03;dw04;dw05;dw06;dw07;dw08,dw00;dw01;dw02;dw03;dw04;dw05;dw06;dw07;dw08,dw07;dw08,105,1,2026-08-27T10:27:21.932+0200,dw05,4B92,106,2763,48,-753,2658,3.27,72235
ground-height-0m-20260825-163632,d028m_r090_run01.csv,0,28,90,dw00;dw01;dw02;dw03;dw04;dw05;dw06;dw07;dw08,dw00;dw01;dw02;dw03;dw04;dw05;dw06;dw07;dw08,dw07;dw08,90,1,2026-08-27T10:27:22.022+0200,dw04,0F85,83,2765,8,-1438,2361,3.01,62255
ground-height-0m-20260825-163632,d028m_r090_run01.csv,0,28,90,dw00;dw01;dw02;dw03;dw04;dw05;dw06;dw07;dw08,dw00;dw01;dw02;dw03;dw04;dw05;dw06;dw07;dw08,dw07;dw08,125,1,2026-08-27T10:27:22.042+0200,dw06,0789,132,2760,99,104,2758,2.20,82275
ground-height-0m-20260825-163632,d028m_r090_run01.csv,0,28,90,dw00;dw01;dw02;dw03;dw04;dw05;dw06;dw07;dw08,dw00;dw01;dw02;dw03;dw04;dw05;dw06;dw07;dw08,dw07;dw08,75,1,2026-08-27T10:27:22.072+0200,dw03,021B,29,2753,-30,-2088,1793,3.39,12298
ground-height-0m-20260825-163632,d028m_r090_run01.csv,0,28,90,dw00;dw01;dw02;dw03;dw04;dw05;dw06;dw07;dw08,dw00;dw01;dw02;dw03;dw04;dw05;dw06;dw07;dw08,dw07;dw08,15,1,2026-08-27T10:27:22.092+0200,dw00,8103,74,2780,-161,1811,2108,1.93,32318
ground-height-0m-20260825-163632,d028m_r090_run01.csv,0,28,90,dw00;dw01;dw02;dw03;dw04;dw05;dw06;dw07;dw08,dw00;dw01;dw02;dw03;dw04;dw05;dw06;dw07;dw08,dw07;dw08,35,1,2026-08-27T10:27:22.102+0200,dw01,1729,146,2766,-132,2287,1555,2.59,42297
ground-height-0m-20260825-163632,d028m_r090_run01.csv,0,28,90,dw00;dw01;dw02;dw03;dw04;dw05;dw06;dw07;dw08,dw00;dw01;dw02;dw03;dw04;dw05;dw06;dw07;dw08,dw07;dw08,55,1,2026-08-27T10:27:22.112+0200,dw02,8FB0,202,2759,-106,2723,441,3.15,52337
ground-height-0m-20260825-163632,d028m_r090_run01.csv,0,28,90,dw00;dw01;dw02;dw03;dw04;dw05;dw06;dw07;dw08,dw00;dw01;dw02;dw03;dw04;dw05;dw06;dw07;dw08,dw07;dw08,105,1,2026-08-27T10:27:22.132+0200,dw05,4B92,107,2761,37,-938,2597,3.27,72235
ground-height-0m-20260825-163632,d028m_r090_run01.csv,0,28,90,dw00;dw01;dw02;dw03;dw04;dw05;dw06;dw07;dw08,dw00;dw01;dw02;dw03;dw04;dw05;dw06;dw07;dw08,dw07;dw08,90,1,2026-08-27T10:27:22.222+0200,dw04,0F85,84,2764,6,-1479,2335,3.01,62255
ground-height-0m-20260825-163632,d028m_r090_run01.csv,0,28,90,dw00;dw01;dw02;dw03;dw04;dw05;dw06;dw07;dw08,dw00;dw01;dw02;dw03;dw04;dw05;dw06;dw07;dw08,dw07;dw08,125,1,2026-08-27T10:27:22.242+0200,dw06,0789,133,2766,91,-23,2766,2.08,82275
ground-height-0m-20260825-163632,d028m_r090_run01.csv,0,28,90,dw00;dw01;dw02;dw03;dw04;dw05;dw06;dw07;dw08,dw00;dw01;dw02;dw03;dw04;dw05;dw06;dw07;dw08,dw07;dw08,75,1,2026-08-27T10:27:22.271+0200,dw03,021B,30,2752,-45,-2348,1434,3.33,12268
ground-height-0m-20260825-163632,d028m_r090_run01.csv,0,28,90,dw00;dw01;dw02;dw03;dw04;dw05;dw06;dw07;dw08,dw00;dw01;dw02;dw03;dw04;dw05;dw06;dw07;dw08,dw07;dw08,15,1,2026-08-27T10:27:22.292+0200,dw00,8103,75,2778,-161,1799,2117,1.99,32287
ground-height-0m-20260825-163632,d028m_r090_run01.csv,0,28,90,dw00;dw01;dw02;dw03;dw04;dw05;dw06;dw07;dw08,dw00;dw01;dw02;dw03;dw04;dw05;dw06;dw07;dw08,dw07;dw08,35,1,2026-08-27T10:27:22.302+0200,dw01,1729,147,2769,-126,2391,1396,2.71,42327
ground-height-0m-20260825-163632,d028m_r090_run01.csv,0,28,90,dw00;dw01;dw02;dw03;dw04;dw05;dw06;dw07;dw08,dw00;dw01;dw02;dw03;dw04;dw05;dw06;dw07;dw08,dw07;dw08,55,1,2026-08-27T10:27:22.312+0200,dw02,8FB0,203,2760,-95,2760,0,3.21,52307
ground-height-0m-20260825-163632,d028m_r090_run01.csv,0,28,90,dw00;dw01;dw02;dw03;dw04;dw05;dw06;dw07;dw08,dw00;dw01;dw02;dw03;dw04;dw05;dw06;dw07;dw08,dw07;dw08,105,1,2026-08-27T10:27:22.332+0200,dw05,4B92,108,2765,49,-742,2663,3.33,72265
ground-height-0m-20260825-163632,d028m_r090_run01.csv,0,28,90,dw00;dw01;dw02;dw03;dw04;dw05;dw06;dw07;dw08,dw00;dw01;dw02;dw03;dw04;dw05;dw06;dw07;dw08,dw07;dw08,90,1,2026-08-27T10:27:22.422+0200,dw04,0F85,85,2763,0,-1594,2257,3.09,62255
ground-height-0m-20260825-163632,d028m_r090_run01.csv,0,28,90,dw00;dw01;dw02;dw03;dw04;dw05;dw06;dw07;dw08,dw00;dw01;dw02;dw03;dw04;dw05;dw06;dw07;dw08,dw07;dw08,125,1,2026-08-27T10:27:22.442+0200,dw06,0789,134,2764,82,-171,2758,2.26,82275
ground-height-0m-20260825-163632,d028m_r090_run01.csv,0,28,90,dw00;dw01;dw02;dw03;dw04;dw05;dw06;dw07;dw08,dw00;dw01;dw02;dw03;dw04;dw05;dw06;dw07;dw08,dw07;dw08,75,1,2026-08-27T10:27:22.472+0200,dw03,021B,31,2754,-37,-2206,1648,3.27,12268
ground-height-0m-20260825-163632,d028m_r090_run01.csv,0,28,90,dw00;dw01;dw02;dw03;dw04;dw05;dw06;dw07;dw08,dw00;dw01;dw02;dw03;dw04;dw05;dw06;dw07;dw08,dw07;dw08,15,1,2026-08-27T10:27:22.492+0200,dw00,8103,76,2781,-159,1847,2078,1.99,32318
ground-height-0m-20260825-163632,d028m_r090_run01.csv,0,28,90,dw00;dw01;dw02;dw03;dw04;dw05;dw06;dw07;dw08,dw00;dw01;dw02;dw03;dw04;dw05;dw06;dw07;dw08,dw07;dw08,35,1,2026-08-27T10:27:22.502+0200,dw01,1729,148,2767,-149,2009,1902,2.59,42327
ground-height-0m-20260825-163632,d028m_r090_run01.csv,0,28,90,dw00;dw01;dw02;dw03;dw04;dw05;dw06;dw07;dw08,dw00;dw01;dw02;dw03;dw04;dw05;dw06;dw07;dw08,dw07;dw08,55,1,2026-08-27T10:27:22.512+0200,dw02,8FB0,204,2755,-89,2755,0,3.15,52307
ground-height-0m-20260825-163632,d028m_r090_run01.csv,0,28,90,dw00;dw01;dw02;dw03;dw04;dw05;dw06;dw07;dw08,dw00;dw01;dw02;dw03;dw04;dw05;dw06;dw07;dw08,dw07;dw08,105,1,2026-08-27T10:27:22.532+0200,dw05,4B92,109,2759,30,-1069,2544,3.27,72235
ground-height-0m-20260825-163632,d028m_r090_run01.csv,0,28,90,dw00;dw01;dw02;dw03;dw04;dw05;dw06;dw07;dw08,dw00;dw01;dw02;dw03;dw04;dw05;dw06;dw07;dw08,dw07;dw08,90,1,2026-08-27T10:27:22.622+0200,dw04,0F85,86,2758,4,-1510,2308,3.06,62255
ground-height-0m-20260825-163632,d028m_r090_run01.csv,0,28,90,dw00;dw01;dw02;dw03;dw04;dw05;dw06;dw07;dw08,dw00;dw01;dw02;dw03;dw04;dw05;dw06;dw07;dw08,dw07;dw08,125,1,2026-08-27T10:27:22.642+0200,dw06,0789,135,2759,85,-127,2756,2.20,82275
ground-height-0m-20260825-163632,d028m_r090_run01.csv,0,28,90,dw00;dw01;dw02;dw03;dw04;dw05;dw06;dw07;dw08,dw00;dw01;dw02;dw03;dw04;dw05;dw06;dw07;dw08,dw07;dw08,75,1,2026-08-27T10:27:22.672+0200,dw03,021B,32,2754,-37,-2208,1647,3.27,12298
ground-height-0m-20260825-163632,d028m_r090_run01.csv,0,28,90,dw00;dw01;dw02;dw03;dw04;dw05;dw06;dw07;dw08,dw00;dw01;dw02;dw03;dw04;dw05;dw06;dw07;dw08,dw07;dw08,15,1,2026-08-27T10:27:22.691+0200,dw00,8103,77,2779,-157,1875,2051,1.99,32287
ground-height-0m-20260825-163632,d028m_r090_run01.csv,0,28,90,dw00;dw01;dw02;dw03;dw04;dw05;dw06;dw07;dw08,dw00;dw01;dw02;dw03;dw04;dw05;dw06;dw07;dw08,dw07;dw08,35,1,2026-08-27T10:27:22.702+0200,dw01,1729,149,2767,-133,2278,1570,2.65,42327
ground-height-0m-20260825-163632,d028m_r090_run01.csv,0,28,90,dw00;dw01;dw02;dw03;dw04;dw05;dw06;dw07;dw08,dw00;dw01;dw02;dw03;dw04;dw05;dw06;dw07;dw08,dw07;dw08,55,1,2026-08-27T10:27:22.712+0200,dw02,8FB0,205,2757,-84,-2757,0,3.21,52337
ground-height-0m-20260825-163632,d028m_r090_run01.csv,0,28,90,dw00;dw01;dw02;dw03;dw04;dw05;dw06;dw07;dw08,dw00;dw01;dw02;dw03;dw04;dw05;dw06;dw07;dw08,dw07;dw08,105,1,2026-08-27T10:27:22.731+0200,dw05,4B92,110,2762,44,-826,2636,3.27,72204
ground-height-0m-20260825-163632,d028m_r090_run01.csv,0,28,90,dw00;dw01;dw02;dw03;dw04;dw05;dw06;dw07;dw08,dw00;dw01;dw02;dw03;dw04;dw05;dw06;dw07;dw08,dw07;dw08,90,1,2026-08-27T10:27:22.821+0200,dw04,0F85,87,2765,12,-1374,2399,3.06,62255
ground-height-0m-20260825-163632,d028m_r090_run01.csv,0,28,90,dw00;dw01;dw02;dw03;dw04;dw05;dw06;dw07;dw08,dw00;dw01;dw02;dw03;dw04;dw05;dw06;dw07;dw08,dw07;dw08,125,1,2026-08-27T10:27:22.842+0200,dw06,0789,136,2763,94,33,2763,2.20,82275
ground-height-0m-20260825-163632,d028m_r090_run01.csv,0,28,90,dw00;dw01;dw02;dw03;dw04;dw05;dw06;dw07;dw08,dw00;dw01;dw02;dw03;dw04;dw05;dw06;dw07;dw08,dw07;dw08,75,1,2026-08-27T10:27:22.872+0200,dw03,021B,33,2756,-50,-2427,1305,3.27,12268
ground-height-0m-20260825-163632,d028m_r090_run01.csv,0,28,90,dw00;dw01;dw02;dw03;dw04;dw05;dw06;dw07;dw08,dw00;dw01;dw02;dw03;dw04;dw05;dw06;dw07;dw08,dw07;dw08,15,1,2026-08-27T10:27:22.892+0200,dw00,8103,78,2777,-160,1817,2100,1.87,32287
ground-height-0m-20260825-163632,d028m_r090_run01.csv,0,28,90,dw00;dw01;dw02;dw03;dw04;dw05;dw06;dw07;dw08,dw00;dw01;dw02;dw03;dw04;dw05;dw06;dw07;dw08,dw07;dw08,35,1,2026-08-27T10:27:22.901+0200,dw01,1729,150,2768,-133,2269,1586,2.65,42327
ground-height-0m-20260825-163632,d028m_r090_run01.csv,0,28,90,dw00;dw01;dw02;dw03;dw04;dw05;dw06;dw07;dw08,dw00;dw01;dw02;dw03;dw04;dw05;dw06;dw07;dw08,dw07;dw08,55,1,2026-08-27T10:27:22.912+0200,dw02,8FB0,206,2760,-95,2760,0,3.27,52307
ground-height-0m-20260825-163632,d028m_r090_run01.csv,0,28,90,dw00;dw01;dw02;dw03;dw04;dw05;dw06;dw07;dw08,dw00;dw01;dw02;dw03;dw04;dw05;dw06;dw07;dw08,dw07;dw08,105,1,2026-08-27T10:27:22.932+0200,dw05,4B92,111,2761,39,-905,2608,3.33,72235
ground-height-0m-20260825-163632,d028m_r090_run01.csv,0,28,90,dw00;dw01;dw02;dw03;dw04;dw05;dw06;dw07;dw08,dw00;dw01;dw02;dw03;dw04;dw05;dw06;dw07;dw08,dw07;dw08,90,1,2026-08-27T10:27:23.021+0200,dw04,0F85,88,2764,0,-1587,2263,3.09,62255
ground-height-0m-20260825-163632,d028m_r090_run01.csv,0,28,90,dw00;dw01;dw02;dw03;dw04;dw05;dw06;dw07;dw08,dw00;dw01;dw02;dw03;dw04;dw05;dw06;dw07;dw08,dw07;dw08,125,1,2026-08-27T10:27:23.042+0200,dw06,0789,137,2764,93,8,2764,2.26,82275
ground-height-0m-20260825-163632,d028m_r090_run01.csv,0,28,90,dw00;dw01;dw02;dw03;dw04;dw05;dw06;dw07;dw08,dw00;dw01;dw02;dw03;dw04;dw05;dw06;dw07;dw08,dw07;dw08,75,1,2026-08-27T10:27:23.071+0200,dw03,021B,34,2755,-40,-2270,1561,3.27,12268
ground-height-0m-20260825-163632,d028m_r090_run01.csv,0,28,90,dw00;dw01;dw02;dw03;dw04;dw05;dw06;dw07;dw08,dw00;dw01;dw02;dw03;dw04;dw05;dw06;dw07;dw08,dw07;dw08,15,1,2026-08-27T10:27:23.092+0200,dw00,8103,79,2776,-152,1949,1976,1.99,32287
ground-height-0m-20260825-163632,d028m_r090_run01.csv,0,28,90,dw00;dw01;dw02;dw03;dw04;dw05;dw06;dw07;dw08,dw00;dw01;dw02;dw03;dw04;dw05;dw06;dw07;dw08,dw07;dw08,35,1,2026-08-27T10:27:23.101+0200,dw01,1729,151,2765,-142,2115,1780,2.65,42297
ground-height-0m-20260825-163632,d028m_r090_run01.csv,0,28,90,dw00;dw01;dw02;dw03;dw04;dw05;dw06;dw07;dw08,dw00;dw01;dw02;dw03;dw04;dw05;dw06;dw07;dw08,dw07;dw08,55,1,2026-08-27T10:27:23.111+0200,dw02,8FB0,207,2758,-103,2758,0,3.33,52307
ground-height-0m-20260825-163632,d028m_r090_run01.csv,0,28,90,dw00;dw01;dw02;dw03;dw04;dw05;dw06;dw07;dw08,dw00;dw01;dw02;dw03;dw04;dw05;dw06;dw07;dw08,dw07;dw08,105,1,2026-08-27T10:27:23.132+0200,dw05,4B92,112,2761,41,-869,2621,3.21,72265
ground-height-0m-20260825-163632,d028m_r090_run01.csv,0,28,90,dw00;dw01;dw02;dw03;dw04;dw05;dw06;dw07;dw08,dw00;dw01;dw02;dw03;dw04;dw05;dw06;dw07;dw08,dw07;dw08,90,1,2026-08-27T10:27:23.222+0200,dw04,0F85,89,2761,1,-1549,2285,3.01,62255
ground-height-0m-20260825-163632,d028m_r090_run01.csv,0,28,90,dw00;dw01;dw02;dw03;dw04;dw05;dw06;dw07;dw08,dw00;dw01;dw02;dw03;dw04;dw05;dw06;dw07;dw08,dw07;dw08,125,1,2026-08-27T10:27:23.242+0200,dw06,0789,138,2760,88,-75,2759,2.26,82275
ground-height-0m-20260825-163632,d028m_r090_run01.csv,0,28,90,dw00;dw01;dw02;dw03;dw04;dw05;dw06;dw07;dw08,dw00;dw01;dw02;dw03;dw04;dw05;dw06;dw07;dw08,dw07;dw08,75,1,2026-08-27T10:27:23.271+0200,dw03,021B,35,2754,-48,-2394,1361,3.33,12268
ground-height-0m-20260825-163632,d028m_r090_run01.csv,0,28,90,dw00;dw01;dw02;dw03;dw04;dw05;dw06;dw07;dw08,dw00;dw01;dw02;dw03;dw04;dw05;dw06;dw07;dw08,dw07;dw08,15,1,2026-08-27T10:27:23.292+0200,dw00,8103,80,2779,-162,1782,2132,1.93,32287
ground-height-0m-20260825-163632,d028m_r090_run01.csv,0,28,90,dw00;dw01;dw02;dw03;dw04;dw05;dw06;dw07;dw08,dw00;dw01;dw02;dw03;dw04;dw05;dw06;dw07;dw08,dw07;dw08,35,1,2026-08-27T10:27:23.302+0200,dw01,1729,152,2767,-126,2394,1386,2.50,42266
ground-height-0m-20260825-163632,d028m_r090_run01.csv,0,28,90,dw00;dw01;dw02;dw03;dw04;dw05;dw06;dw07;dw08,dw00;dw01;dw02;dw03;dw04;dw05;dw06;dw07;dw08,dw07;dw08,55,1,2026-08-27T10:27:23.311+0200,dw02,8FB0,208,2758,-100,2758,0,3.27,52307
ground-height-0m-20260825-163632,d028m_r090_run01.csv,0,28,90,dw00;dw01;dw02;dw03;dw04;dw05;dw06;dw07;dw08,dw00;dw01;dw02;dw03;dw04;dw05;dw06;dw07;dw08,dw07;dw08,105,1,2026-08-27T10:27:23.332+0200,dw05,4B92,113,2764,53,-672,2681,3.21,72204
ground-height-0m-20260825-163632,d028m_r090_run01.csv,0,28,90,dw00;dw01;dw02;dw03;dw04;dw05;dw06;dw07;dw08,dw00;dw01;dw02;dw03;dw04;dw05;dw06;dw07;dw08,dw07;dw08,90,1,2026-08-27T10:27:23.422+0200,dw04,0F85,90,2763,0,-1582,2265,2.95,62255
ground-height-0m-20260825-163632,d028m_r090_run01.csv,0,28,90,dw00;dw01;dw02;dw03;dw04;dw05;dw06;dw07;dw08,dw00;dw01;dw02;dw03;dw04;dw05;dw06;dw07;dw08,dw07;dw08,125,1,2026-08-27T10:27:23.441+0200,dw06,0789,139,2759,104,201,2752,2.20,82275
ground-height-0m-20260825-163632,d028m_r090_run01.csv,0,28,90,dw00;dw01;dw02;dw03;dw04;dw05;dw06;dw07;dw08,dw00;dw01;dw02;dw03;dw04;dw05;dw06;dw07;dw08,dw07;dw08,75,1,2026-08-27T10:27:23.472+0200,dw03,021B,36,2757,-38,-2240,1608,3.33,12268
ground-height-0m-20260825-163632,d028m_r090_run01.csv,0,28,90,dw00;dw01;dw02;dw03;dw04;dw05;dw06;dw07;dw08,dw00;dw01;dw02;dw03;dw04;dw05;dw06;dw07;dw08,dw07;dw08,15,1,2026-08-27T10:27:23.491+0200,dw00,8103,81,2780,-149,2016,1914,1.81,32287
ground-height-0m-20260825-163632,d028m_r090_run01.csv,0,28,90,dw00;dw01;dw02;dw03;dw04;dw05;dw06;dw07;dw08,dw00;dw01;dw02;dw03;dw04;dw05;dw06;dw07;dw08,dw07;dw08,35,1,2026-08-27T10:27:23.502+0200,dw01,1729,153,2770,-131,2317,1517,2.71,42358
ground-height-0m-20260825-163632,d028m_r090_run01.csv,0,28,90,dw00;dw01;dw02;dw03;dw04;dw05;dw06;dw07;dw08,dw00;dw01;dw02;dw03;dw04;dw05;dw06;dw07;dw08,dw07;dw08,55,1,2026-08-27T10:27:23.512+0200,dw02,8FB0,209,2764,-110,2667,724,3.33,52307
ground-height-0m-20260825-163632,d028m_r090_run01.csv,0,28,90,dw00;dw01;dw02;dw03;dw04;dw05;dw06;dw07;dw08,dw00;dw01;dw02;dw03;dw04;dw05;dw06;dw07;dw08,dw07;dw08,105,1,2026-08-27T10:27:23.531+0200,dw05,4B92,114,2763,42,-853,2628,3.27,72265
ground-height-0m-20260825-163632,d028m_r090_run01.csv,0,28,90,dw00;dw01;dw02;dw03;dw04;dw05;dw06;dw07;dw08,dw00;dw01;dw02;dw03;dw04;dw05;dw06;dw07;dw08,dw07;dw08,90,1,2026-08-27T10:27:23.621+0200,dw04,0F85,91,2763,1,-1549,2288,3.06,62255
ground-height-0m-20260825-163632,d028m_r090_run01.csv,0,28,90,dw00;dw01;dw02;dw03;dw04;dw05;dw06;dw07;dw08,dw00;dw01;dw02;dw03;dw04;dw05;dw06;dw07;dw08,dw07;dw08,125,1,2026-08-27T10:27:23.641+0200,dw06,0789,140,2761,97,69,2761,2.14,82275
ground-height-0m-20260825-163632,d028m_r090_run01.csv,0,28,90,dw00;dw01;dw02;dw03;dw04;dw05;dw06;dw07;dw08,dw00;dw01;dw02;dw03;dw04;dw05;dw06;dw07;dw08,dw07;dw08,75,1,2026-08-27T10:27:23.672+0200,dw03,021B,37,2754,-42,-2298,1518,3.33,12268
ground-height-0m-20260825-163632,d028m_r090_run01.csv,0,28,90,dw00;dw01;dw02;dw03;dw04;dw05;dw06;dw07;dw08,dw00;dw01;dw02;dw03;dw04;dw05;dw06;dw07;dw08,dw07;dw08,15,1,2026-08-27T10:27:23.691+0200,dw00,8103,82,2777,-166,1720,2180,1.99,32318
ground-height-0m-20260825-163632,d028m_r090_run01.csv,0,28,90,dw00;dw01;dw02;dw03;dw04;dw05;dw06;dw07;dw08,dw00;dw01;dw02;dw03;dw04;dw05;dw06;dw07;dw08,dw07;dw08,35,1,2026-08-27T10:27:23.701+0200,dw01,1729,154,2765,-142,2114,1781,2.53,42327
ground-height-0m-20260825-163632,d028m_r090_run01.csv,0,28,90,dw00;dw01;dw02;dw03;dw04;dw05;dw06;dw07;dw08,dw00;dw01;dw02;dw03;dw04;dw05;dw06;dw07;dw08,dw07;dw08,55,1,2026-08-27T10:27:23.712+0200,dw02,8FB0,210,2758,-104,2756,92,3.33,52337
ground-height-0m-20260825-163632,d028m_r090_run01.csv,0,28,90,dw00;dw01;dw02;dw03;dw04;dw05;dw06;dw07;dw08,dw00;dw01;dw02;dw03;dw04;dw05;dw06;dw07;dw08,dw07;dw08,105,1,2026-08-27T10:27:23.731+0200,dw05,4B92,115,2760,50,-726,2662,3.33,72235
ground-height-0m-20260825-163632,d028m_r090_run01.csv,0,28,90,dw00;dw01;dw02;dw03;dw04;dw05;dw06;dw07;dw08,dw00;dw01;dw02;dw03;dw04;dw05;dw06;dw07;dw08,dw07;dw08,90,1,2026-08-27T10:27:23.821+0200,dw04,0F85,92,2760,7,-1446,2350,3.09,62255
ground-height-0m-20260825-163632,d028m_r090_run01.csv,0,28,90,dw00;dw01;dw02;dw03;dw04;dw05;dw06;dw07;dw08,dw00;dw01;dw02;dw03;dw04;dw05;dw06;dw07;dw08,dw07;dw08,125,1,2026-08-27T10:27:23.842+0200,dw06,0789,141,2760,86,-110,2758,2.26,82275
ground-height-0m-20260825-163632,d028m_r090_run01.csv,0,28,90,dw00;dw01;dw02;dw03;dw04;dw05;dw06;dw07;dw08,dw00;dw01;dw02;dw03;dw04;dw05;dw06;dw07;dw08,dw07;dw08,75,1,2026-08-27T10:27:23.871+0200,dw03,021B,38,2753,-32,-2129,1745,3.45,12268
ground-height-0m-20260825-163632,d028m_r090_run01.csv,0,28,90,dw00;dw01;dw02;dw03;dw04;dw05;dw06;dw07;dw08,dw00;dw01;dw02;dw03;dw04;dw05;dw06;dw07;dw08,dw07;dw08,15,1,2026-08-27T10:27:23.891+0200,dw00,8103,83,2778,-166,1714,2186,1.99,32287
ground-height-0m-20260825-163632,d028m_r090_run01.csv,0,28,90,dw00;dw01;dw02;dw03;dw04;dw05;dw06;dw07;dw08,dw00;dw01;dw02;dw03;dw04;dw05;dw06;dw07;dw08,dw07;dw08,35,1,2026-08-27T10:27:23.901+0200,dw01,1729,155,2766,-134,2253,1604,2.65,42297
ground-height-0m-20260825-163632,d028m_r090_run01.csv,0,28,90,dw00;dw01;dw02;dw03;dw04;dw05;dw06;dw07;dw08,dw00;dw01;dw02;dw03;dw04;dw05;dw06;dw07;dw08,dw07;dw08,55,1,2026-08-27T10:27:23.911+0200,dw02,8FB0,211,2755,-76,-2755,0,3.27,52337
ground-height-0m-20260825-163632,d028m_r090_run01.csv,0,28,90,dw00;dw01;dw02;dw03;dw04;dw05;dw06;dw07;dw08,dw00;dw01;dw02;dw03;dw04;dw05;dw06;dw07;dw08,dw07;dw08,105,1,2026-08-27T10:27:23.931+0200,dw05,4B92,116,2762,53,-674,2679,3.15,72265
ground-height-0m-20260825-163632,d028m_r090_run01.csv,0,28,90,dw00;dw01;dw02;dw03;dw04;dw05;dw06;dw07;dw08,dw00;dw01;dw02;dw03;dw04;dw05;dw06;dw07;dw08,dw07;dw08,90,1,2026-08-27T10:27:24.021+0200,dw04,0F85,93,2764,5,-1493,2325,3.15,62255
ground-height-0m-20260825-163632,d028m_r090_run01.csv,0,28,90,dw00;dw01;dw02;dw03;dw04;dw05;dw06;dw07;dw08,dw00;dw01;dw02;dw03;dw04;dw05;dw06;dw07;dw08,dw07;dw08,125,1,2026-08-27T10:27:24.042+0200,dw06,0789,142,2764,104,192,2757,2.26,82275
ground-height-0m-20260825-163632,d028m_r090_run01.csv,0,28,90,dw00;dw01;dw02;dw03;dw04;dw05;dw06;dw07;dw08,dw00;dw01;dw02;dw03;dw04;dw05;dw06;dw07;dw08,dw07;dw08,75,1,2026-08-27T10:27:24.071+0200,dw03,021B,39,2754,-37,-2221,1628,3.33,12268
ground-height-0m-20260825-163632,d028m_r090_run01.csv,0,28,90,dw00;dw01;dw02;dw03;dw04;dw05;dw06;dw07;dw08,dw00;dw01;dw02;dw03;dw04;dw05;dw06;dw07;dw08,dw07;dw08,15,1,2026-08-27T10:27:24.092+0200,dw00,8103,84,2781,-150,1988,1945,1.99,32287
ground-height-0m-20260825-163632,d028m_r090_run01.csv,0,28,90,dw00;dw01;dw02;dw03;dw04;dw05;dw06;dw07;dw08,dw00;dw01;dw02;dw03;dw04;dw05;dw06;dw07;dw08,dw07;dw08,35,1,2026-08-27T10:27:24.101+0200,dw01,1729,156,2769,-140,2166,1726,2.59,42297
ground-height-0m-20260825-163632,d028m_r090_run01.csv,0,28,90,dw00;dw01;dw02;dw03;dw04;dw05;dw06;dw07;dw08,dw00;dw01;dw02;dw03;dw04;dw05;dw06;dw07;dw08,dw07;dw08,55,1,2026-08-27T10:27:24.111+0200,dw02,8FB0,212,2761,-96,2761,0,3.21,52307
ground-height-0m-20260825-163632,d028m_r090_run01.csv,0,28,90,dw00;dw01;dw02;dw03;dw04;dw05;dw06;dw07;dw08,dw00;dw01;dw02;dw03;dw04;dw05;dw06;dw07;dw08,dw07;dw08,105,1,2026-08-27T10:27:24.132+0200,dw05,4B92,117,2762,46,-795,2645,3.33,72235
ground-height-0m-20260825-163632,d028m_r090_run01.csv,0,28,90,dw00;dw01;dw02;dw03;dw04;dw05;dw06;dw07;dw08,dw00;dw01;dw02;dw03;dw04;dw05;dw06;dw07;dw08,dw07;dw08,90,1,2026-08-27T10:27:24.221+0200,dw04,0F85,94,2764,13,-1347,2413,3.01,62255
ground-height-0m-20260825-163632,d028m_r090_run01.csv,0,28,90,dw00;dw01;dw02;dw03;dw04;dw05;dw06;dw07;dw08,dw00;dw01;dw02;dw03;dw04;dw05;dw06;dw07;dw08,dw07;dw08,125,1,2026-08-27T10:27:24.241+0200,dw06,0789,143,2761,92,-5,2761,2.20,82275
ground-height-0m-20260825-163632,d028m_r090_run01.csv,0,28,90,dw00;dw01;dw02;dw03;dw04;dw05;dw06;dw07;dw08,dw00;dw01;dw02;dw03;dw04;dw05;dw06;dw07;dw08,dw07;dw08,75,1,2026-08-27T10:27:24.271+0200,dw03,021B,40,2755,-43,-2318,1488,3.33,12298
ground-height-0m-20260825-163632,d028m_r090_run01.csv,0,28,90,dw00;dw01;dw02;dw03;dw04;dw05;dw06;dw07;dw08,dw00;dw01;dw02;dw03;dw04;dw05;dw06;dw07;dw08,dw07;dw08,15,1,2026-08-27T10:27:24.291+0200,dw00,8103,85,2780,-148,2020,1909,1.93,32257
ground-height-0m-20260825-163632,d028m_r090_run01.csv,0,28,90,dw00;dw01;dw02;dw03;dw04;dw05;dw06;dw07;dw08,dw00;dw01;dw02;dw03;dw04;dw05;dw06;dw07;dw08,dw07;dw08,35,1,2026-08-27T10:27:24.302+0200,dw01,1729,157,2768,-131,2306,1530,2.83,42327
ground-height-0m-20260825-163632,d028m_r090_run01.csv,0,28,90,dw00;dw01;dw02;dw03;dw04;dw05;dw06;dw07;dw08,dw00;dw01;dw02;dw03;dw04;dw05;dw06;dw07;dw08,dw07;dw08,55,1,2026-08-27T10:27:24.311+0200,dw02,8FB0,213,2756,-83,-2756,0,3.27,52307
ground-height-0m-20260825-163632,d028m_r090_run01.csv,0,28,90,dw00;dw01;dw02;dw03;dw04;dw05;dw06;dw07;dw08,dw00;dw01;dw02;dw03;dw04;dw05;dw06;dw07;dw08,dw07;dw08,105,1,2026-08-27T10:27:24.331+0200,dw05,4B92,118,2765,49,-735,2665,3.33,72235
ground-height-0m-20260825-163632,d028m_r090_run01.csv,0,28,90,dw00;dw01;dw02;dw03;dw04;dw05;dw06;dw07;dw08,dw00;dw01;dw02;dw03;dw04;dw05;dw06;dw07;dw08,dw07;dw08,90,1,2026-08-27T10:27:24.421+0200,dw04,0F85,95,2762,10,-1409,2375,3.06,62255
ground-height-0m-20260825-163632,d028m_r090_run01.csv,0,28,90,dw00;dw01;dw02;dw03;dw04;dw05;dw06;dw07;dw08,dw00;dw01;dw02;dw03;dw04;dw05;dw06;dw07;dw08,dw07;dw08,125,1,2026-08-27T10:27:24.441+0200,dw06,0789,144,2758,98,95,2757,2.20,82275
ground-height-0m-20260825-163632,d028m_r090_run01.csv,0,28,90,dw00;dw01;dw02;dw03;dw04;dw05;dw06;dw07;dw08,dw00;dw01;dw02;dw03;dw04;dw05;dw06;dw07;dw08,dw07;dw08,75,1,2026-08-27T10:27:24.471+0200,dw03,021B,41,2754,-40,-2271,1558,3.33,12268
ground-height-0m-20260825-163632,d028m_r090_run01.csv,0,28,90,dw00;dw01;dw02;dw03;dw04;dw05;dw06;dw07;dw08,dw00;dw01;dw02;dw03;dw04;dw05;dw06;dw07;dw08,dw07;dw08,15,1,2026-08-27T10:27:24.491+0200,dw00,8103,86,2777,-152,1956,1970,1.99,32257
ground-height-0m-20260825-163632,d028m_r090_run01.csv,0,28,90,dw00;dw01;dw02;dw03;dw04;dw05;dw06;dw07;dw08,dw00;dw01;dw02;dw03;dw04;dw05;dw06;dw07;dw08,dw07;dw08,35,1,2026-08-27T10:27:24.501+0200,dw01,1729,158,2764,-143,2105,1791,2.71,42327
ground-height-0m-20260825-163632,d028m_r090_run01.csv,0,28,90,dw00;dw01;dw02;dw03;dw04;dw05;dw06;dw07;dw08,dw00;dw01;dw02;dw03;dw04;dw05;dw06;dw07;dw08,dw07;dw08,55,1,2026-08-27T10:27:24.511+0200,dw02,8FB0,214,2759,-82,-2759,0,3.27,52337
ground-height-0m-20260825-163632,d028m_r090_run01.csv,0,28,90,dw00;dw01;dw02;dw03;dw04;dw05;dw06;dw07;dw08,dw00;dw01;dw02;dw03;dw04;dw05;dw06;dw07;dw08,dw07;dw08,105,1,2026-08-27T10:27:24.531+0200,dw05,4B92,119,2766,47,-769,2657,3.27,72265
ground-height-0m-20260825-163632,d028m_r090_run01.csv,0,28,90,dw00;dw01;dw02;dw03;dw04;dw05;dw06;dw07;dw08,dw00;dw01;dw02;dw03;dw04;dw05;dw06;dw07;dw08,dw07;dw08,90,1,2026-08-27T10:27:24.621+0200,dw04,0F85,96,2761,8,-1442,2355,2.95,62255
ground-height-0m-20260825-163632,d028m_r090_run01.csv,0,28,90,dw00;dw01;dw02;dw03;dw04;dw05;dw06;dw07;dw08,dw00;dw01;dw02;dw03;dw04;dw05;dw06;dw07;dw08,dw07;dw08,125,1,2026-08-27T10:27:24.641+0200,dw06,0789,145,2761,96,66,2760,2.14,82275
ground-height-0m-20260825-163632,d028m_r090_run01.csv,0,28,90,dw00;dw01;dw02;dw03;dw04;dw05;dw06;dw07;dw08,dw00;dw01;dw02;dw03;dw04;dw05;dw06;dw07;dw08,dw07;dw08,75,1,2026-08-27T10:27:24.671+0200,dw03,021B,42,2752,-35,-2173,1689,3.33,12268
ground-height-0m-20260825-163632,d028m_r090_run01.csv,0,28,90,dw00;dw01;dw02;dw03;dw04;dw05;dw06;dw07;dw08,dw00;dw01;dw02;dw03;dw04;dw05;dw06;dw07;dw08,dw07;dw08,15,1,2026-08-27T10:27:24.690+0200,dw00,8103,87,2777,-146,2057,1866,1.93,32287
ground-height-0m-20260825-163632,d028m_r090_run01.csv,0,28,90,dw00;dw01;dw02;dw03;dw04;dw05;dw06;dw07;dw08,dw00;dw01;dw02;dw03;dw04;dw05;dw06;dw07;dw08,dw07;dw08,35,1,2026-08-27T10:27:24.700+0200,dw01,1729,159,2771,-129,2353,1463,2.71,42297
ground-height-0m-20260825-163632,d028m_r090_run01.csv,0,28,90,dw00;dw01;dw02;dw03;dw04;dw05;dw06;dw07;dw08,dw00;dw01;dw02;dw03;dw04;dw05;dw06;dw07;dw08,dw07;dw08,55,1,2026-08-27T10:27:24.710+0200,dw02,8FB0,215,2757,-89,2757,0,3.21,52307
ground-height-0m-20260825-163632,d028m_r090_run01.csv,0,28,90,dw00;dw01;dw02;dw03;dw04;dw05;dw06;dw07;dw08,dw00;dw01;dw02;dw03;dw04;dw05;dw06;dw07;dw08,dw07;dw08,105,1,2026-08-27T10:27:24.730+0200,dw05,4B92,120,2761,46,-793,2644,3.21,72235
ground-height-0m-20260825-163632,d028m_r090_run01.csv,0,28,90,dw00;dw01;dw02;dw03;dw04;dw05;dw06;dw07;dw08,dw00;dw01;dw02;dw03;dw04;dw05;dw06;dw07;dw08,dw07;dw08,90,1,2026-08-27T10:27:24.820+0200,dw04,0F85,97,2761,-3,-1643,2219,2.95,62255
ground-height-0m-20260825-163632,d028m_r090_run01.csv,0,28,90,dw00;dw01;dw02;dw03;dw04;dw05;dw06;dw07;dw08,dw00;dw01;dw02;dw03;dw04;dw05;dw06;dw07;dw08,dw07;dw08,125,1,2026-08-27T10:27:24.841+0200,dw06,0789,146,2763,98,102,2761,2.26,82275
ground-height-0m-20260825-163632,d028m_r090_run01.csv,0,28,90,dw00;dw01;dw02;dw03;dw04;dw05;dw06;dw07;dw08,dw00;dw01;dw02;dw03;dw04;dw05;dw06;dw07;dw08,dw07;dw08,75,1,2026-08-27T10:27:24.870+0200,dw03,021B,43,2754,-45,-2355,1427,3.33,12268
ground-height-0m-20260825-163632,d028m_r090_run01.csv,0,28,90,dw00;dw01;dw02;dw03;dw04;dw05;dw06;dw07;dw08,dw00;dw01;dw02;dw03;dw04;dw05;dw06;dw07;dw08,dw07;dw08,15,1,2026-08-27T10:27:24.890+0200,dw00,8103,88,2776,-164,1752,2153,2.02,32287
ground-height-0m-20260825-163632,d028m_r090_run01.csv,0,28,90,dw00;dw01;dw02;dw03;dw04;dw05;dw06;dw07;dw08,dw00;dw01;dw02;dw03;dw04;dw05;dw06;dw07;dw08,dw07;dw08,35,1,2026-08-27T10:27:24.900+0200,dw01,1729,160,2763,-142,2116,1777,2.59,42297
ground-height-0m-20260825-163632,d028m_r090_run01.csv,0,28,90,dw00;dw01;dw02;dw03;dw04;dw05;dw06;dw07;dw08,dw00;dw01;dw02;dw03;dw04;dw05;dw06;dw07;dw08,dw07;dw08,55,1,2026-08-27T10:27:24.910+0200,dw02,8FB0,216,2758,-91,2758,0,3.33,52276
ground-height-0m-20260825-163632,d028m_r090_run01.csv,0,28,90,dw00;dw01;dw02;dw03;dw04;dw05;dw06;dw07;dw08,dw00;dw01;dw02;dw03;dw04;dw05;dw06;dw07;dw08,dw07;dw08,105,1,2026-08-27T10:27:24.931+0200,dw05,4B92,121,2762,45,-809,2641,3.27,72235
ground-height-0m-20260825-163632,d028m_r090_run01.csv,0,28,90,dw00;dw01;dw02;dw03;dw04;dw05;dw06;dw07;dw08,dw00;dw01;dw02;dw03;dw04;dw05;dw06;dw07;dw08,dw07;dw08,90,1,2026-08-27T10:27:25.020+0200,dw04,0F85,98,2765,6,-1473,2339,3.09,62225
ground-height-0m-20260825-163632,d028m_r090_run01.csv,0,28,90,dw00;dw01;dw02;dw03;dw04;dw05;dw06;dw07;dw08,dw00;dw01;dw02;dw03;dw04;dw05;dw06;dw07;dw08,dw07;dw08,125,1,2026-08-27T10:27:25.040+0200,dw06,0789,147,2761,106,222,2752,2.32,82275
ground-height-0m-20260825-163632,d028m_r090_run01.csv,0,28,90,dw00;dw01;dw02;dw03;dw04;dw05;dw06;dw07;dw08,dw00;dw01;dw02;dw03;dw04;dw05;dw06;dw07;dw08,dw07;dw08,75,1,2026-08-27T10:27:25.070+0200,dw03,021B,44,2754,-42,-2294,1523,3.27,12268
ground-height-0m-20260825-163632,d028m_r090_run01.csv,0,28,90,dw00;dw01;dw02;dw03;dw04;dw05;dw06;dw07;dw08,dw00;dw01;dw02;dw03;dw04;dw05;dw06;dw07;dw08,dw07;dw08,15,1,2026-08-27T10:27:25.090+0200,dw00,8103,89,2777,-157,1868,2055,2.08,32287
ground-height-0m-20260825-163632,d028m_r090_run01.csv,0,28,90,dw00;dw01;dw02;dw03;dw04;dw05;dw06;dw07;dw08,dw00;dw01;dw02;dw03;dw04;dw05;dw06;dw07;dw08,dw07;dw08,35,1,2026-08-27T10:27:25.100+0200,dw01,1729,161,2765,-124,2421,1337,2.71,42358
ground-height-0m-20260825-163632,d028m_r090_run01.csv,0,28,90,dw00;dw01;dw02;dw03;dw04;dw05;dw06;dw07;dw08,dw00;dw01;dw02;dw03;dw04;dw05;dw06;dw07;dw08,dw07;dw08,55,1,2026-08-27T10:27:25.110+0200,dw02,8FB0,217,2758,-86,-2758,0,3.27,52368
ground-height-0m-20260825-163632,d028m_r090_run01.csv,0,28,90,dw00;dw01;dw02;dw03;dw04;dw05;dw06;dw07;dw08,dw00;dw01;dw02;dw03;dw04;dw05;dw06;dw07;dw08,dw07;dw08,105,1,2026-08-27T10:27:25.130+0200,dw05,4B92,122,2761,55,-636,2687,3.33,72204
ground-height-0m-20260825-163632,d028m_r090_run01.csv,0,28,90,dw00;dw01;dw02;dw03;dw04;dw05;dw06;dw07;dw08,dw00;dw01;dw02;dw03;dw04;dw05;dw06;dw07;dw08,dw07;dw08,90,1,2026-08-27T10:27:25.220+0200,dw04,0F85,99,2759,8,-1434,2357,3.06,62255
ground-height-0m-20260825-163632,d028m_r090_run01.csv,0,28,90,dw00;dw01;dw02;dw03;dw04;dw05;dw06;dw07;dw08,dw00;dw01;dw02;dw03;dw04;dw05;dw06;dw07;dw08,dw07;dw08,125,1,2026-08-27T10:27:25.240+0200,dw06,0789,148,2766,93,17,2766,2.32,82275
ground-height-0m-20260825-163632,d028m_r090_run01.csv,0,28,90,dw00;dw01;dw02;dw03;dw04;dw05;dw06;dw07;dw08,dw00;dw01;dw02;dw03;dw04;dw05;dw06;dw07;dw08,dw07;dw08,75,1,2026-08-27T10:27:25.270+0200,dw03,021B,45,2755,-30,-2091,1793,3.39,12268
ground-height-0m-20260825-163632,d028m_r090_run01.csv,0,28,90,dw00;dw01;dw02;dw03;dw04;dw05;dw06;dw07;dw08,dw00;dw01;dw02;dw03;dw04;dw05;dw06;dw07;dw08,dw07;dw08,15,1,2026-08-27T10:27:25.290+0200,dw00,8103,90,2780,-162,1784,2132,2.02,32287
ground-height-0m-20260825-163632,d028m_r090_run01.csv,0,28,90,dw00;dw01;dw02;dw03;dw04;dw05;dw06;dw07;dw08,dw00;dw01;dw02;dw03;dw04;dw05;dw06;dw07;dw08,dw07;dw08,35,1,2026-08-27T10:27:25.300+0200,dw01,1729,162,2768,-131,2305,1532,2.65,42297
ground-height-0m-20260825-163632,d028m_r090_run01.csv,0,28,90,dw00;dw01;dw02;dw03;dw04;dw05;dw06;dw07;dw08,dw00;dw01;dw02;dw03;dw04;dw05;dw06;dw07;dw08,dw07;dw08,55,1,2026-08-27T10:27:25.310+0200,dw02,8FB0,218,2764,-91,2764,0,3.33,52307
ground-height-0m-20260825-163632,d028m_r090_run01.csv,0,28,90,dw00;dw01;dw02;dw03;dw04;dw05;dw06;dw07;dw08,dw00;dw01;dw02;dw03;dw04;dw05;dw06;dw07;dw08,dw07;dw08,105,1,2026-08-27T10:27:25.330+0200,dw05,4B92,123,2765,42,-856,2629,3.33,72265
ground-height-0m-20260825-163632,d028m_r090_run01.csv,0,28,90,dw00;dw01;dw02;dw03;dw04;dw05;dw06;dw07;dw08,dw00;dw01;dw02;dw03;dw04;dw05;dw06;dw07;dw08,dw07;dw08,90,1,2026-08-27T10:27:25.420+0200,dw04,0F85,100,2764,4,-1512,2314,3.15,62255
ground-height-0m-20260825-163632,d028m_r090_run01.csv,0,28,90,dw00;dw01;dw02;dw03;dw04;dw05;dw06;dw07;dw08,dw00;dw01;dw02;dw03;dw04;dw05;dw06;dw07;dw08,dw07;dw08,125,1,2026-08-27T10:27:25.440+0200,dw06,0789,149,2762,98,86,2761,2.32,82275
ground-height-0m-20260825-163632,d028m_r090_run01.csv,0,28,90,dw00;dw01;dw02;dw03;dw04;dw05;dw06;dw07;dw08,dw00;dw01;dw02;dw03;dw04;dw05;dw06;dw07;dw08,dw07;dw08,75,1,2026-08-27T10:27:25.469+0200,dw03,021B,46,2752,-40,-2269,1557,3.33,12268
ground-height-0m-20260825-163632,d028m_r090_run01.csv,0,28,90,dw00;dw01;dw02;dw03;dw04;dw05;dw06;dw07;dw08,dw00;dw01;dw02;dw03;dw04;dw05;dw06;dw07;dw08,dw07;dw08,15,1,2026-08-27T10:27:25.490+0200,dw00,8103,91,2778,-148,2036,1890,2.02,32226
ground-height-0m-20260825-163632,d028m_r090_run01.csv,0,28,90,dw00;dw01;dw02;dw03;dw04;dw05;dw06;dw07;dw08,dw00;dw01;dw02;dw03;dw04;dw05;dw06;dw07;dw08,dw07;dw08,35,1,2026-08-27T10:27:25.500+0200,dw01,1729,163,2765,-132,2293,1545,2.77,42327
ground-height-0m-20260825-163632,d028m_r090_run01.csv,0,28,90,dw00;dw01;dw02;dw03;dw04;dw05;dw06;dw07;dw08,dw00;dw01;dw02;dw03;dw04;dw05;dw06;dw07;dw08,dw07;dw08,55,1,2026-08-27T10:27:25.509+0200,dw02,8FB0,219,2756,-88,2756,0,3.33,52337
ground-height-0m-20260825-163632,d028m_r090_run01.csv,0,28,90,dw00;dw01;dw02;dw03;dw04;dw05;dw06;dw07;dw08,dw00;dw01;dw02;dw03;dw04;dw05;dw06;dw07;dw08,dw07;dw08,105,1,2026-08-27T10:27:25.530+0200,dw05,4B92,124,2761,46,-796,2644,3.33,72235
ground-height-0m-20260825-163632,d028m_r090_run01.csv,0,28,90,dw00;dw01;dw02;dw03;dw04;dw05;dw06;dw07;dw08,dw00;dw01;dw02;dw03;dw04;dw05;dw06;dw07;dw08,dw07;dw08,90,1,2026-08-27T10:27:25.620+0200,dw04,0F85,101,2765,1,-1548,2290,3.09,62255
ground-height-0m-20260825-163632,d028m_r090_run01.csv,0,28,90,dw00;dw01;dw02;dw03;dw04;dw05;dw06;dw07;dw08,dw00;dw01;dw02;dw03;dw04;dw05;dw06;dw07;dw08,dw07;dw08,125,1,2026-08-27T10:27:25.640+0200,dw06,0789,150,2763,96,62,2762,2.20,82275
ground-height-0m-20260825-163632,d028m_r090_run01.csv,0,28,90,dw00;dw01;dw02;dw03;dw04;dw05;dw06;dw07;dw08,dw00;dw01;dw02;dw03;dw04;dw05;dw06;dw07;dw08,dw07;dw08,15,1,2026-08-27T10:27:25.690+0200,dw00,8103,92,2781,-156,1896,2034,2.08,32226
ground-height-0m-20260825-163632,d028m_r090_run01.csv,0,28,90,dw00;dw01;dw02;dw03;dw04;dw05;dw06;dw07;dw08,dw00;dw01;dw02;dw03;dw04;dw05;dw06;dw07;dw08,dw07;dw08,35,1,2026-08-27T10:27:25.700+0200,dw01,1729,164,2763,-138,2191,1684,2.77,42297
ground-height-0m-20260825-163632,d028m_r090_run01.csv,0,28,90,dw00;dw01;dw02;dw03;dw04;dw05;dw06;dw07;dw08,dw00;dw01;dw02;dw03;dw04;dw05;dw06;dw07;dw08,dw07;dw08,55,1,2026-08-27T10:27:25.710+0200,dw02,8FB0,220,2758,41,-878,2614,3.27,52307
ground-height-0m-20260825-163632,d028m_r090_run01.csv,0,28,90,dw00;dw01;dw02;dw03;dw04;dw05;dw06;dw07;dw08,dw00;dw01;dw02;dw03;dw04;dw05;dw06;dw07;dw08,dw07;dw08,105,1,2026-08-27T10:27:25.730+0200,dw05,4B92,125,2763,55,-632,2690,3.27,72265
ground-height-0m-20260825-163632,d028m_r090_run01.csv,0,28,90,dw00;dw01;dw02;dw03;dw04;dw05;dw06;dw07;dw08,dw00;dw01;dw02;dw03;dw04;dw05;dw06;dw07;dw08,dw07;dw08,90,1,2026-08-27T10:27:25.820+0200,dw04,0F85,102,2763,4,-1512,2313,3.06,62255
ground-height-0m-20260825-163632,d028m_r090_run01.csv,0,28,90,dw00;dw01;dw02;dw03;dw04;dw05;dw06;dw07;dw08,dw00;dw01;dw02;dw03;dw04;dw05;dw06;dw07;dw08,dw07;dw08,125,1,2026-08-27T10:27:25.839+0200,dw06,0789,151,2765,96,65,2764,2.14,82275
ground-height-0m-20260825-163632,d028m_r090_run01.csv,0,28,90,dw00;dw01;dw02;dw03;dw04;dw05;dw06;dw07;dw08,dw00;dw01;dw02;dw03;dw04;dw05;dw06;dw07;dw08,dw07;dw08,75,1,2026-08-27T10:27:25.885+0200,dw03,021B,48,2755,-41,-2281,1544,3.39,27893
ground-height-0m-20260825-163632,d028m_r090_run01.csv,0,28,90,dw00;dw01;dw02;dw03;dw04;dw05;dw06;dw07;dw08,dw00;dw01;dw02;dw03;dw04;dw05;dw06;dw07;dw08,dw07;dw08,35,1,2026-08-27T10:27:25.900+0200,dw01,1729,165,2763,-130,2329,1487,2.59,42327
ground-height-0m-20260825-163632,d028m_r090_run01.csv,0,28,90,dw00;dw01;dw02;dw03;dw04;dw05;dw06;dw07;dw08,dw00;dw01;dw02;dw03;dw04;dw05;dw06;dw07;dw08,dw07;dw08,55,1,2026-08-27T10:27:25.910+0200,dw02,8FB0,221,2758,-86,-2758,0,3.33,52307
ground-height-0m-20260825-163632,d028m_r090_run01.csv,0,28,90,dw00;dw01;dw02;dw03;dw04;dw05;dw06;dw07;dw08,dw00;dw01;dw02;dw03;dw04;dw05;dw06;dw07;dw08,dw07;dw08,105,1,2026-08-27T10:27:25.929+0200,dw05,4B92,126,2762,45,-813,2640,3.33,72235
ground-height-0m-20260825-163632,d028m_r090_run01.csv,0,28,90,dw00;dw01;dw02;dw03;dw04;dw05;dw06;dw07;dw08,dw00;dw01;dw02;dw03;dw04;dw05;dw06;dw07;dw08,dw07;dw08,90,1,2026-08-27T10:27:26.020+0200,dw04,0F85,103,2763,3,-1525,2303,3.06,62286
ground-height-0m-20260825-163632,d028m_r090_run01.csv,0,28,90,dw00;dw01;dw02;dw03;dw04;dw05;dw06;dw07;dw08,dw00;dw01;dw02;dw03;dw04;dw05;dw06;dw07;dw08,dw07;dw08,125,1,2026-08-27T10:27:26.040+0200,dw06,0789,152,2764,91,-20,2764,2.26,82275
ground-height-0m-20260825-163632,d028m_r090_run01.csv,0,28,90,dw00;dw01;dw02;dw03;dw04;dw05;dw06;dw07;dw08,dw00;dw01;dw02;dw03;dw04;dw05;dw06;dw07;dw08,dw07;dw08,75,1,2026-08-27T10:27:26.070+0200,dw03,021B,49,2753,-48,-2402,1345,3.33,12298
ground-height-0m-20260825-163632,d028m_r090_run01.csv,0,28,90,dw00;dw01;dw02;dw03;dw04;dw05;dw06;dw07;dw08,dw00;dw01;dw02;dw03;dw04;dw05;dw06;dw07;dw08,dw07;dw08,35,1,2026-08-27T10:27:26.099+0200,dw01,1729,166,2766,-133,2276,1570,2.71,42297
ground-height-0m-20260825-163632,d028m_r090_run01.csv,0,28,90,dw00;dw01;dw02;dw03;dw04;dw05;dw06;dw07;dw08,dw00;dw01;dw02;dw03;dw04;dw05;dw06;dw07;dw08,dw07;dw08,15,1,2026-08-27T10:27:26.105+0200,dw00,8103,94,2779,-163,1778,2136,2.20,47851
ground-height-0m-20260825-163632,d028m_r090_run01.csv,0,28,90,dw00;dw01;dw02;dw03;dw04;dw05;dw06;dw07;dw08,dw00;dw01;dw02;dw03;dw04;dw05;dw06;dw07;dw08,dw07;dw08,105,1,2026-08-27T10:27:26.129+0200,dw05,4B92,127,2762,39,-901,2611,3.33,72265
ground-height-0m-20260825-163632,d028m_r090_run01.csv,0,28,90,dw00;dw01;dw02;dw03;dw04;dw05;dw06;dw07;dw08,dw00;dw01;dw02;dw03;dw04;dw05;dw06;dw07;dw08,dw07;dw08,90,1,2026-08-27T10:27:26.219+0200,dw04,0F85,104,2762,10,-1410,2374,2.95,62255
ground-height-0m-20260825-163632,d028m_r090_run01.csv,0,28,90,dw00;dw01;dw02;dw03;dw04;dw05;dw06;dw07;dw08,dw00;dw01;dw02;dw03;dw04;dw05;dw06;dw07;dw08,dw07;dw08,125,1,2026-08-27T10:27:26.240+0200,dw06,0789,153,2763,81,-197,2756,2.20,82275
ground-height-0m-20260825-163632,d028m_r090_run01.csv,0,28,90,dw00;dw01;dw02;dw03;dw04;dw05;dw06;dw07;dw08,dw00;dw01;dw02;dw03;dw04;dw05;dw06;dw07;dw08,dw07;dw08,75,1,2026-08-27T10:27:26.269+0200,dw03,021B,50,2753,-35,-2184,1675,3.33,12268
ground-height-0m-20260825-163632,d028m_r090_run01.csv,0,28,90,dw00;dw01;dw02;dw03;dw04;dw05;dw06;dw07;dw08,dw00;dw01;dw02;dw03;dw04;dw05;dw06;dw07;dw08,dw07;dw08,15,1,2026-08-27T10:27:26.290+0200,dw00,8103,95,2779,-176,1543,2311,2.02,32318
ground-height-0m-20260825-163632,d028m_r090_run01.csv,0,28,90,dw00;dw01;dw02;dw03;dw04;dw05;dw06;dw07;dw08,dw00;dw01;dw02;dw03;dw04;dw05;dw06;dw07;dw08,dw07;dw08,35,1,2026-08-27T10:27:26.299+0200,dw01,1729,167,2765,-141,2135,1757,2.65,42327
ground-height-0m-20260825-163632,d028m_r090_run01.csv,0,28,90,dw00;dw01;dw02;dw03;dw04;dw05;dw06;dw07;dw08,dw00;dw01;dw02;dw03;dw04;dw05;dw06;dw07;dw08,dw07;dw08,55,1,2026-08-27T10:27:26.326+0200,dw02,8FB0,223,2761,-85,-2761,0,3.51,68176
ground-height-0m-20260825-163632,d028m_r090_run01.csv,0,28,90,dw00;dw01;dw02;dw03;dw04;dw05;dw06;dw07;dw08,dw00;dw01;dw02;dw03;dw04;dw05;dw06;dw07;dw08,dw07;dw08,90,1,2026-08-27T10:27:26.419+0200,dw04,0F85,105,2761,10,-1396,2382,3.01,62225
ground-height-0m-20260825-163632,d028m_r090_run01.csv,0,28,90,dw00;dw01;dw02;dw03;dw04;dw05;dw06;dw07;dw08,dw00;dw01;dw02;dw03;dw04;dw05;dw06;dw07;dw08,dw07;dw08,125,1,2026-08-27T10:27:26.440+0200,dw06,0789,154,2762,97,73,2761,2.26,82275
ground-height-0m-20260825-163632,d028m_r090_run01.csv,0,28,90,dw00;dw01;dw02;dw03;dw04;dw05;dw06;dw07;dw08,dw00;dw01;dw02;dw03;dw04;dw05;dw06;dw07;dw08,dw07;dw08,75,1,2026-08-27T10:27:26.469+0200,dw03,021B,51,2754,-52,-2472,1214,3.33,12268
ground-height-0m-20260825-163632,d028m_r090_run01.csv,0,28,90,dw00;dw01;dw02;dw03;dw04;dw05;dw06;dw07;dw08,dw00;dw01;dw02;dw03;dw04;dw05;dw06;dw07;dw08,dw07;dw08,15,1,2026-08-27T10:27:26.490+0200,dw00,8103,96,2777,-166,1717,2182,2.08,32257
ground-height-0m-20260825-163632,d028m_r090_run01.csv,0,28,90,dw00;dw01;dw02;dw03;dw04;dw05;dw06;dw07;dw08,dw00;dw01;dw02;dw03;dw04;dw05;dw06;dw07;dw08,dw07;dw08,35,1,2026-08-27T10:27:26.499+0200,dw01,1729,168,2768,-134,2265,1592,2.77,42297
ground-height-0m-20260825-163632,d028m_r090_run01.csv,0,28,90,dw00;dw01;dw02;dw03;dw04;dw05;dw06;dw07;dw08,dw00;dw01;dw02;dw03;dw04;dw05;dw06;dw07;dw08,dw07;dw08,55,1,2026-08-27T10:27:26.509+0200,dw02,8FB0,224,2757,-87,2757,0,3.33,52337
ground-height-0m-20260825-163632,d028m_r090_run01.csv,0,28,90,dw00;dw01;dw02;dw03;dw04;dw05;dw06;dw07;dw08,dw00;dw01;dw02;dw03;dw04;dw05;dw06;dw07;dw08,dw07;dw08,105,1,2026-08-27T10:27:26.545+0200,dw05,4B92,129,2764,45,-812,2642,3.39,87829
ground-height-0m-20260825-163632,d028m_r090_run01.csv,0,28,90,dw00;dw01;dw02;dw03;dw04;dw05;dw06;dw07;dw08,dw00;dw01;dw02;dw03;dw04;dw05;dw06;dw07;dw08,dw07;dw08,90,1,2026-08-27T10:27:26.620+0200,dw04,0F85,106,2761,9,-1412,2372,3.09,62286
ground-height-0m-20260825-163632,d028m_r090_run01.csv,0,28,90,dw00;dw01;dw02;dw03;dw04;dw05;dw06;dw07;dw08,dw00;dw01;dw02;dw03;dw04;dw05;dw06;dw07;dw08,dw07;dw08,125,1,2026-08-27T10:27:26.639+0200,dw06,0789,155,2760,99,119,2757,2.20,82275
ground-height-0m-20260825-163632,d028m_r090_run01.csv,0,28,90,dw00;dw01;dw02;dw03;dw04;dw05;dw06;dw07;dw08,dw00;dw01;dw02;dw03;dw04;dw05;dw06;dw07;dw08,dw07;dw08,75,1,2026-08-27T10:27:26.669+0200,dw03,021B,52,2754,-32,-2122,1756,3.33,12298
ground-height-0m-20260825-163632,d028m_r090_run01.csv,0,28,90,dw00;dw01;dw02;dw03;dw04;dw05;dw06;dw07;dw08,dw00;dw01;dw02;dw03;dw04;dw05;dw06;dw07;dw08,dw07;dw08,15,1,2026-08-27T10:27:26.689+0200,dw00,8103,97,2779,-163,1763,2148,2.02,32257
ground-height-0m-20260825-163632,d028m_r090_run01.csv,0,28,90,dw00;dw01;dw02;dw03;dw04;dw05;dw06;dw07;dw08,dw00;dw01;dw02;dw03;dw04;dw05;dw06;dw07;dw08,dw07;dw08,35,1,2026-08-27T10:27:26.700+0200,dw01,1729,169,2768,-137,2204,1675,2.83,42327
ground-height-0m-20260825-163632,d028m_r090_run01.csv,0,28,90,dw00;dw01;dw02;dw03;dw04;dw05;dw06;dw07;dw08,dw00;dw01;dw02;dw03;dw04;dw05;dw06;dw07;dw08,dw07;dw08,55,1,2026-08-27T10:27:26.709+0200,dw02,8FB0,225,2761,-90,2760,0,3.39,52337
ground-height-0m-20260825-163632,d028m_r090_run01.csv,0,28,90,dw00;dw01;dw02;dw03;dw04;dw05;dw06;dw07;dw08,dw00;dw01;dw02;dw03;dw04;dw05;dw06;dw07;dw08,dw07;dw08,105,1,2026-08-27T10:27:26.729+0200,dw05,4B92,130,2761,45,-807,2641,3.33,72296
ground-height-0m-20260825-163632,d028m_r090_run01.csv,0,28,90,dw00;dw01;dw02;dw03;dw04;dw05;dw06;dw07;dw08,dw00;dw01;dw02;dw03;dw04;dw05;dw06;dw07;dw08,dw07;dw08,90,1,2026-08-27T10:27:26.819+0200,dw04,0F85,107,2763,4,-1505,2317,3.09,62225
ground-height-0m-20260825-163632,d028m_r090_run01.csv,0,28,90,dw00;dw01;dw02;dw03;dw04;dw05;dw06;dw07;dw08,dw00;dw01;dw02;dw03;dw04;dw05;dw06;dw07;dw08,dw07;dw08,125,1,2026-08-27T10:27:26.839+0200,dw06,0789,156,2765,99,118,2763,2.20,82275
ground-height-0m-20260825-163632,d028m_r090_run01.csv,0,28,90,dw00;dw01;dw02;dw03;dw04;dw05;dw06;dw07;dw08,dw00;dw01;dw02;dw03;dw04;dw05;dw06;dw07;dw08,dw07;dw08,75,1,2026-08-27T10:27:26.870+0200,dw03,021B,53,2752,-36,-2194,1661,3.33,12268
ground-height-0m-20260825-163632,d028m_r090_run01.csv,0,28,90,dw00;dw01;dw02;dw03;dw04;dw05;dw06;dw07;dw08,dw00;dw01;dw02;dw03;dw04;dw05;dw06;dw07;dw08,dw07;dw08,15,1,2026-08-27T10:27:26.889+0200,dw00,8103,98,2779,-164,1751,2157,2.14,32226
ground-height-0m-20260825-163632,d028m_r090_run01.csv,0,28,90,dw00;dw01;dw02;dw03;dw04;dw05;dw06;dw07;dw08,dw00;dw01;dw02;dw03;dw04;dw05;dw06;dw07;dw08,dw07;dw08,35,1,2026-08-27T10:27:26.899+0200,dw01,1729,170,2764,-132,2286,1553,2.71,42327
ground-height-0m-20260825-163632,d028m_r090_run01.csv,0,28,90,dw00;dw01;dw02;dw03;dw04;dw05;dw06;dw07;dw08,dw00;dw01;dw02;dw03;dw04;dw05;dw06;dw07;dw08,dw07;dw08,55,1,2026-08-27T10:27:26.910+0200,dw02,8FB0,226,2758,-102,2758,0,3.33,52337
ground-height-0m-20260825-163632,d028m_r090_run01.csv,0,28,90,dw00;dw01;dw02;dw03;dw04;dw05;dw06;dw07;dw08,dw00;dw01;dw02;dw03;dw04;dw05;dw06;dw07;dw08,dw07;dw08,105,1,2026-08-27T10:27:26.929+0200,dw05,4B92,131,2762,51,-703,2671,3.33,72265
ground-height-0m-20260825-163632,d028m_r090_run01.csv,0,28,90,dw00;dw01;dw02;dw03;dw04;dw05;dw06;dw07;dw08,dw00;dw01;dw02;dw03;dw04;dw05;dw06;dw07;dw08,dw07;dw08,90,1,2026-08-27T10:27:27.019+0200,dw04,0F85,108,2760,3,-1528,2298,2.95,62255
ground-height-0m-20260825-163632,d028m_r090_run01.csv,0,28,90,dw00;dw01;dw02;dw03;dw04;dw05;dw06;dw07;dw08,dw00;dw01;dw02;dw03;dw04;dw05;dw06;dw07;dw08,dw07;dw08,125,1,2026-08-27T10:27:27.039+0200,dw06,0789,157,2762,98,99,2760,2.32,82305
ground-height-0m-20260825-163632,d028m_r090_run01.csv,0,28,90,dw00;dw01;dw02;dw03;dw04;dw05;dw06;dw07;dw08,dw00;dw01;dw02;dw03;dw04;dw05;dw06;dw07;dw08,dw07;dw08,75,1,2026-08-27T10:27:27.069+0200,dw03,021B,54,2753,-35,-2171,1692,3.21,12268
ground-height-0m-20260825-163632,d028m_r090_run01.csv,0,28,90,dw00;dw01;dw02;dw03;dw04;dw05;dw06;dw07;dw08,dw00;dw01;dw02;dw03;dw04;dw05;dw06;dw07;dw08,dw07;dw08,15,1,2026-08-27T10:27:27.089+0200,dw00,8103,99,2781,-160,1815,2106,1.99,32287
ground-height-0m-20260825-163632,d028m_r090_run01.csv,0,28,90,dw00;dw01;dw02;dw03;dw04;dw05;dw06;dw07;dw08,dw00;dw01;dw02;dw03;dw04;dw05;dw06;dw07;dw08,dw07;dw08,35,1,2026-08-27T10:27:27.099+0200,dw01,1729,171,2763,-124,2426,1322,2.77,42297
ground-height-0m-20260825-163632,d028m_r090_run01.csv,0,28,90,dw00;dw01;dw02;dw03;dw04;dw05;dw06;dw07;dw08,dw00;dw01;dw02;dw03;dw04;dw05;dw06;dw07;dw08,dw07;dw08,55,1,2026-08-27T10:27:27.109+0200,dw02,8FB0,227,2758,-100,2758,0,3.33,52276
ground-height-0m-20260825-163632,d028m_r090_run01.csv,0,28,90,dw00;dw01;dw02;dw03;dw04;dw05;dw06;dw07;dw08,dw00;dw01;dw02;dw03;dw04;dw05;dw06;dw07;dw08,dw07;dw08,105,1,2026-08-27T10:27:27.129+0200,dw05,4B92,132,2761,45,-809,2640,3.33,72265
ground-height-0m-20260825-163632,d028m_r090_run01.csv,0,28,90,dw00;dw01;dw02;dw03;dw04;dw05;dw06;dw07;dw08,dw00;dw01;dw02;dw03;dw04;dw05;dw06;dw07;dw08,dw07;dw08,90,1,2026-08-27T10:27:27.219+0200,dw04,0F85,109,2761,15,-1318,2426,3.09,62255
ground-height-0m-20260825-163632,d028m_r090_run01.csv,0,28,90,dw00;dw01;dw02;dw03;dw04;dw05;dw06;dw07;dw08,dw00;dw01;dw02;dw03;dw04;dw05;dw06;dw07;dw08,dw07;dw08,125,1,2026-08-27T10:27:27.240+0200,dw06,0789,158,2758,104,189,2752,2.32,82244
ground-height-0m-20260825-163632,d028m_r090_run01.csv,0,28,90,dw00;dw01;dw02;dw03;dw04;dw05;dw06;dw07;dw08,dw00;dw01;dw02;dw03;dw04;dw05;dw06;dw07;dw08,dw07;dw08,75,1,2026-08-27T10:27:27.269+0200,dw03,021B,55,2752,-36,-2191,1665,3.27,12268
ground-height-0m-20260825-163632,d028m_r090_run01.csv,0,28,90,dw00;dw01;dw02;dw03;dw04;dw05;dw06;dw07;dw08,dw00;dw01;dw02;dw03;dw04;dw05;dw06;dw07;dw08,dw07;dw08,15,1,2026-08-27T10:27:27.289+0200,dw00,8103,100,2779,-170,1656,2232,2.08,32226
ground-height-0m-20260825-163632,d028m_r090_run01.csv,0,28,90,dw00;dw01;dw02;dw03;dw04;dw05;dw06;dw07;dw08,dw00;dw01;dw02;dw03;dw04;dw05;dw06;dw07;dw08,dw07;dw08,35,1,2026-08-27T10:27:27.299+0200,dw01,1729,172,2762,-136,2216,1648,2.83,42297
ground-height-0m-20260825-163632,d028m_r090_run01.csv,0,28,90,dw00;dw01;dw02;dw03;dw04;dw05;dw06;dw07;dw08,dw00;dw01;dw02;dw03;dw04;dw05;dw06;dw07;dw08,dw07;dw08,55,1,2026-08-27T10:27:27.309+0200,dw02,8FB0,228,2755,-92,2755,0,3.27,52307
ground-height-0m-20260825-163632,d028m_r090_run01.csv,0,28,90,dw00;dw01;dw02;dw03;dw04;dw05;dw06;dw07;dw08,dw00;dw01;dw02;dw03;dw04;dw05;dw06;dw07;dw08,dw07;dw08,105,1,2026-08-27T10:27:27.329+0200,dw05,4B92,133,2761,46,-787,2647,3.27,72265
ground-height-0m-20260825-163632,d028m_r090_run01.csv,0,28,90,dw00;dw01;dw02;dw03;dw04;dw05;dw06;dw07;dw08,dw00;dw01;dw02;dw03;dw04;dw05;dw06;dw07;dw08,dw07;dw08,90,1,2026-08-27T10:27:27.419+0200,dw04,0F85,110,2760,10,-1397,2380,3.06,62286
ground-height-0m-20260825-163632,d028m_r090_run01.csv,0,28,90,dw00;dw01;dw02;dw03;dw04;dw05;dw06;dw07;dw08,dw00;dw01;dw02;dw03;dw04;dw05;dw06;dw07;dw08,dw07;dw08,125,1,2026-08-27T10:27:27.439+0200,dw06,0789,159,2761,109,284,2747,2.32,82305
ground-height-0m-20260825-163632,d028m_r090_run01.csv,0,28,90,dw00;dw01;dw02;dw03;dw04;dw05;dw06;dw07;dw08,dw00;dw01;dw02;dw03;dw04;dw05;dw06;dw07;dw08,dw07;dw08,75,1,2026-08-27T10:27:27.469+0200,dw03,021B,56,2750,-42,-2302,1504,3.33,12268
ground-height-0m-20260825-163632,d028m_r090_run01.csv,0,28,90,dw00;dw01;dw02;dw03;dw04;dw05;dw06;dw07;dw08,dw00;dw01;dw02;dw03;dw04;dw05;dw06;dw07;dw08,dw07;dw08,15,1,2026-08-27T10:27:27.489+0200,dw00,8103,101,2779,-166,1715,2186,2.08,32226
ground-height-0m-20260825-163632,d028m_r090_run01.csv,0,28,90,dw00;dw01;dw02;dw03;dw04;dw05;dw06;dw07;dw08,dw00;dw01;dw02;dw03;dw04;dw05;dw06;dw07;dw08,dw07;dw08,35,1,2026-08-27T10:27:27.499+0200,dw01,1729,173,2768,-124,2430,1324,2.89,42327
ground-height-0m-20260825-163632,d028m_r090_run01.csv,0,28,90,dw00;dw01;dw02;dw03;dw04;dw05;dw06;dw07;dw08,dw00;dw01;dw02;dw03;dw04;dw05;dw06;dw07;dw08,dw07;dw08,55,1,2026-08-27T10:27:27.509+0200,dw02,8FB0,229,2758,-88,2758,0,3.27,52337
ground-height-0m-20260825-163632,d028m_r090_run01.csv,0,28,90,dw00;dw01;dw02;dw03;dw04;dw05;dw06;dw07;dw08,dw00;dw01;dw02;dw03;dw04;dw05;dw06;dw07;dw08,dw07;dw08,105,1,2026-08-27T10:27:27.529+0200,dw05,4B92,134,2761,41,-868,2621,3.33,72235
ground-height-0m-20260825-163632,d028m_r090_run01.csv,0,28,90,dw00;dw01;dw02;dw03;dw04;dw05;dw06;dw07;dw08,dw00;dw01;dw02;dw03;dw04;dw05;dw06;dw07;dw08,dw07;dw08,90,1,2026-08-27T10:27:27.619+0200,dw04,0F85,111,2760,9,-1418,2367,3.06,62225
ground-height-0m-20260825-163632,d028m_r090_run01.csv,0,28,90,dw00;dw01;dw02;dw03;dw04;dw05;dw06;dw07;dw08,dw00;dw01;dw02;dw03;dw04;dw05;dw06;dw07;dw08,dw07;dw08,75,1,2026-08-27T10:27:27.669+0200,dw03,021B,57,2753,-36,-2202,1653,3.39,12268
ground-height-0m-20260825-163632,d028m_r090_run01.csv,0,28,90,dw00;dw01;dw02;dw03;dw04;dw05;dw06;dw07;dw08,dw00;dw01;dw02;dw03;dw04;dw05;dw06;dw07;dw08,dw07;dw08,15,1,2026-08-27T10:27:27.689+0200,dw00,8103,102,2779,-163,1769,2144,2.14,32226
ground-height-0m-20260825-163632,d028m_r090_run01.csv,0,28,90,dw00;dw01;dw02;dw03;dw04;dw05;dw06;dw07;dw08,dw00;dw01;dw02;dw03;dw04;dw05;dw06;dw07;dw08,dw07;dw08,35,1,2026-08-27T10:27:27.699+0200,dw01,1729,174,2771,-136,2221,1656,2.89,42297
ground-height-0m-20260825-163632,d028m_r090_run01.csv,0,28,90,dw00;dw01;dw02;dw03;dw04;dw05;dw06;dw07;dw08,dw00;dw01;dw02;dw03;dw04;dw05;dw06;dw07;dw08,dw07;dw08,55,1,2026-08-27T10:27:27.709+0200,dw02,8FB0,230,2759,-90,2759,0,3.27,52398
ground-height-0m-20260825-163632,d028m_r090_run01.csv,0,28,90,dw00;dw01;dw02;dw03;dw04;dw05;dw06;dw07;dw08,dw00;dw01;dw02;dw03;dw04;dw05;dw06;dw07;dw08,dw07;dw08,105,1,2026-08-27T10:27:27.729+0200,dw05,4B92,135,2762,53,-670,2680,3.27,72235
ground-height-0m-20260825-163632,d028m_r090_run01.csv,0,28,90,dw00;dw01;dw02;dw03;dw04;dw05;dw06;dw07;dw08,dw00;dw01;dw02;dw03;dw04;dw05;dw06;dw07;dw08,dw07;dw08,90,1,2026-08-27T10:27:27.819+0200,dw04,0F85,112,2760,12,-1367,2397,3.06,62286
ground-height-0m-20260825-163632,d028m_r090_run01.csv,0,28,90,dw00;dw01;dw02;dw03;dw04;dw05;dw06;dw07;dw08,dw00;dw01;dw02;dw03;dw04;dw05;dw06;dw07;dw08,dw07;dw08,125,1,2026-08-27T10:27:27.855+0200,dw06,0789,161,2765,97,79,2764,2.44,2147483
ground-height-0m-20260825-163632,d028m_r090_run01.csv,0,28,90,dw00;dw01;dw02;dw03;dw04;dw05;dw06;dw07;dw08,dw00;dw01;dw02;dw03;dw04;dw05;dw06;dw07;dw08,dw07;dw08,75,1,2026-08-27T10:27:27.868+0200,dw03,021B,58,2753,-49,-2416,1321,3.33,12268
ground-height-0m-20260825-163632,d028m_r090_run01.csv,0,28,90,dw00;dw01;dw02;dw03;dw04;dw05;dw06;dw07;dw08,dw00;dw01;dw02;dw03;dw04;dw05;dw06;dw07;dw08,dw07;dw08,15,1,2026-08-27T10:27:27.889+0200,dw00,8103,103,2777,-166,1712,2187,2.08,32226
ground-height-0m-20260825-163632,d028m_r090_run01.csv,0,28,90,dw00;dw01;dw02;dw03;dw04;dw05;dw06;dw07;dw08,dw00;dw01;dw02;dw03;dw04;dw05;dw06;dw07;dw08,dw07;dw08,35,1,2026-08-27T10:27:27.899+0200,dw01,1729,175,2771,-134,2258,1605,2.77,42327
ground-height-0m-20260825-163632,d028m_r090_run01.csv,0,28,90,dw00;dw01;dw02;dw03;dw04;dw05;dw06;dw07;dw08,dw00;dw01;dw02;dw03;dw04;dw05;dw06;dw07;dw08,dw07;dw08,55,1,2026-08-27T10:27:27.909+0200,dw02,8FB0,231,2760,-82,-2760,0,3.27,52276
ground-height-0m-20260825-163632,d028m_r090_run01.csv,0,28,90,dw00;dw01;dw02;dw03;dw04;dw05;dw06;dw07;dw08,dw00;dw01;dw02;dw03;dw04;dw05;dw06;dw07;dw08,dw07;dw08,105,1,2026-08-27T10:27:27.929+0200,dw05,4B92,136,2761,44,-826,2635,3.33,72235
ground-height-0m-20260825-163632,d028m_r090_run01.csv,0,28,90,dw00;dw01;dw02;dw03;dw04;dw05;dw06;dw07;dw08,dw00;dw01;dw02;dw03;dw04;dw05;dw06;dw07;dw08,dw07;dw08,90,1,2026-08-27T10:27:28.019+0200,dw04,0F85,113,2761,1,-1561,2277,3.09,62255
ground-height-0m-20260825-163632,d028m_r090_run01.csv,0,28,90,dw00;dw01;dw02;dw03;dw04;dw05;dw06;dw07;dw08,dw00;dw01;dw02;dw03;dw04;dw05;dw06;dw07;dw08,dw07;dw08,125,1,2026-08-27T10:27:28.039+0200,dw06,0789,162,2756,101,149,2752,2.32,82305
ground-height-0m-20260825-163632,d028m_r090_run01.csv,0,28,90,dw00;dw01;dw02;dw03;dw04;dw05;dw06;dw07;dw08,dw00;dw01;dw02;dw03;dw04;dw05;dw06;dw07;dw08,dw07;dw08,75,1,2026-08-27T10:27:28.069+0200,dw03,021B,59,2753,-30,-2096,1785,3.33,12268
ground-height-0m-20260825-163632,d028m_r090_run01.csv,0,28,90,dw00;dw01;dw02;dw03;dw04;dw05;dw06;dw07;dw08,dw00;dw01;dw02;dw03;dw04;dw05;dw06;dw07;dw08,dw07;dw08,15,1,2026-08-27T10:27:28.089+0200,dw00,8103,104,2779,-172,1619,2259,2.14,32226
ground-height-0m-20260825-163632,d028m_r090_run01.csv,0,28,90,dw00;dw01;dw02;dw03;dw04;dw05;dw06;dw07;dw08,dw00;dw01;dw02;dw03;dw04;dw05;dw06;dw07;dw08,dw07;dw08,35,1,2026-08-27T10:27:28.099+0200,dw01,1729,176,2768,-134,2256,1604,2.77,42327
ground-height-0m-20260825-163632,d028m_r090_run01.csv,0,28,90,dw00;dw01;dw02;dw03;dw04;dw05;dw06;dw07;dw08,dw00;dw01;dw02;dw03;dw04;dw05;dw06;dw07;dw08,dw07;dw08,55,1,2026-08-27T10:27:28.109+0200,dw02,8FB0,232,2755,-93,2755,0,3.27,52337
ground-height-0m-20260825-163632,d028m_r090_run01.csv,0,28,90,dw00;dw01;dw02;dw03;dw04;dw05;dw06;dw07;dw08,dw00;dw01;dw02;dw03;dw04;dw05;dw06;dw07;dw08,dw07;dw08,105,1,2026-08-27T10:27:28.129+0200,dw05,4B92,137,2764,53,-679,2679,3.33,72235
ground-height-0m-20260825-163632,d028m_r090_run01.csv,0,28,90,dw00;dw01;dw02;dw03;dw04;dw05;dw06;dw07;dw08,dw00;dw01;dw02;dw03;dw04;dw05;dw06;dw07;dw08,dw07;dw08,90,1,2026-08-27T10:27:28.219+0200,dw04,0F85,114,2764,-1,-1612,2246,3.15,62225
ground-height-0m-20260825-163632,d028m_r090_run01.csv,0,28,90,dw00;dw01;dw02;dw03;dw04;dw05;dw06;dw07;dw08,dw00;dw01;dw02;dw03;dw04;dw05;dw06;dw07;dw08,dw07;dw08,125,1,2026-08-27T10:27:28.239+0200,dw06,0789,163,2759,92,-12,2759,2.32,82305
ground-height-0m-20260825-163632,d028m_r090_run01.csv,0,28,90,dw00;dw01;dw02;dw03;dw04;dw05;dw06;dw07;dw08,dw00;dw01;dw02;dw03;dw04;dw05;dw06;dw07;dw08,dw07;dw08,75,1,2026-08-27T10:27:28.269+0200,dw03,021B,60,2753,-43,-2307,1502,3.33,12268
ground-height-0m-20260825-163632,d028m_r090_run01.csv,0,28,90,dw00;dw01;dw02;dw03;dw04;dw05;dw06;dw07;dw08,dw00;dw01;dw02;dw03;dw04;dw05;dw06;dw07;dw08,dw07;dw08,15,1,2026-08-27T10:27:28.288+0200,dw00,8103,105,2778,-153,1945,1983,1.99,32226
ground-height-0m-20260825-163632,d028m_r090_run01.csv,0,28,90,dw00;dw01;dw02;dw03;dw04;dw05;dw06;dw07;dw08,dw00;dw01;dw02;dw03;dw04;dw05;dw06;dw07;dw08,dw07;dw08,35,1,2026-08-27T10:27:28.299+0200,dw01,1729,177,2768,-155,1906,2007,2.77,42327
ground-height-0m-20260825-163632,d028m_r090_run01.csv,0,28,90,dw00;dw01;dw02;dw03;dw04;dw05;dw06;dw07;dw08,dw00;dw01;dw02;dw03;dw04;dw05;dw06;dw07;dw08,dw07;dw08,55,1,2026-08-27T10:27:28.309+0200,dw02,8FB0,233,2758,-92,2758,0,3.27,52307
ground-height-0m-20260825-163632,d028m_r090_run01.csv,0,28,90,dw00;dw01;dw02;dw03;dw04;dw05;dw06;dw07;dw08,dw00;dw01;dw02;dw03;dw04;dw05;dw06;dw07;dw08,dw07;dw08,105,1,2026-08-27T10:27:28.328+0200,dw05,4B92,138,2762,58,-591,2698,3.33,72265
ground-height-0m-20260825-163632,d028m_r090_run01.csv,0,28,90,dw00;dw01;dw02;dw03;dw04;dw05;dw06;dw07;dw08,dw00;dw01;dw02;dw03;dw04;dw05;dw06;dw07;dw08,dw07;dw08,90,1,2026-08-27T10:27:28.419+0200,dw04,0F85,115,2762,0,-1566,2275,3.12,62286
ground-height-0m-20260825-163632,d028m_r090_run01.csv,0,28,90,dw00;dw01;dw02;dw03;dw04;dw05;dw06;dw07;dw08,dw00;dw01;dw02;dw03;dw04;dw05;dw06;dw07;dw08,dw07;dw08,125,1,2026-08-27T10:27:28.439+0200,dw06,0789,164,2763,100,136,2760,2.32,82275
ground-height-0m-20260825-163632,d028m_r090_run01.csv,0,28,90,dw00;dw01;dw02;dw03;dw04;dw05;dw06;dw07;dw08,dw00;dw01;dw02;dw03;dw04;dw05;dw06;dw07;dw08,dw07;dw08,75,1,2026-08-27T10:27:28.469+0200,dw03,021B,61,2752,-49,-2420,1310,3.33,12268
ground-height-0m-20260825-163632,d028m_r090_run01.csv,0,28,90,dw00;dw01;dw02;dw03;dw04;dw05;dw06;dw07;dw08,dw00;dw01;dw02;dw03;dw04;dw05;dw06;dw07;dw08,dw07;dw08,15,1,2026-08-27T10:27:28.489+0200,dw00,8103,106,2777,-167,1707,2190,2.08,32257
ground-height-0m-20260825-163632,d028m_r090_run01.csv,0,28,90,dw00;dw01;dw02;dw03;dw04;dw05;dw06;dw07;dw08,dw00;dw01;dw02;dw03;dw04;dw05;dw06;dw07;dw08,dw07;dw08,35,1,2026-08-27T10:27:28.498+0200,dw01,1729,178,2767,-129,2344,1469,2.59,42297
ground-height-0m-20260825-163632,d028m_r090_run01.csv,0,28,90,dw00;dw01;dw02;dw03;dw04;dw05;dw06;dw07;dw08,dw00;dw01;dw02;dw03;dw04;dw05;dw06;dw07;dw08,dw07;dw08,55,1,2026-08-27T10:27:28.509+0200,dw02,8FB0,234,2759,-89,2759,0,3.33,52307
ground-height-0m-20260825-163632,d028m_r090_run01.csv,0,28,90,dw00;dw01;dw02;dw03;dw04;dw05;dw06;dw07;dw08,dw00;dw01;dw02;dw03;dw04;dw05;dw06;dw07;dw08,dw07;dw08,105,1,2026-08-27T10:27:28.529+0200,dw05,4B92,139,2767,51,-704,2676,3.33,72235
ground-height-0m-20260825-163632,d028m_r090_run01.csv,0,28,90,dw00;dw01;dw02;dw03;dw04;dw05;dw06;dw07;dw08,dw00;dw01;dw02;dw03;dw04;dw05;dw06;dw07;dw08,dw07;dw08,90,1,2026-08-27T10:27:28.618+0200,dw04,0F85,116,2760,2,-1540,2290,3.06,62255
ground-height-0m-20260825-163632,d028m_r090_run01.csv,0,28,90,dw00;dw01;dw02;dw03;dw04;dw05;dw06;dw07;dw08,dw00;dw01;dw02;dw03;dw04;dw05;dw06;dw07;dw08,dw07;dw08,125,1,2026-08-27T10:27:28.639+0200,dw06,0789,165,2762,94,29,2762,2.32,82275
ground-height-0m-20260825-163632,d028m_r090_run01.csv,0,28,90,dw00;dw01;dw02;dw03;dw04;dw05;dw06;dw07;dw08,dw00;dw01;dw02;dw03;dw04;dw05;dw06;dw07;dw08,dw07;dw08,75,1,2026-08-27T10:27:28.668+0200,dw03,021B,62,2756,-42,-2298,1520,3.27,12268
ground-height-0m-20260825-163632,d028m_r090_run01.csv,0,28,90,dw00;dw01;dw02;dw03;dw04;dw05;dw06;dw07;dw08,dw00;dw01;dw02;dw03;dw04;dw05;dw06;dw07;dw08,dw07;dw08,15,1,2026-08-27T10:27:28.689+0200,dw00,8103,107,2782,-156,1887,2044,2.14,32226
ground-height-0m-20260825-163632,d028m_r090_run01.csv,0,28,90,dw00;dw01;dw02;dw03;dw04;dw05;dw06;dw07;dw08,dw00;dw01;dw02;dw03;dw04;dw05;dw06;dw07;dw08,dw07;dw08,35,1,2026-08-27T10:27:28.698+0200,dw01,1729,179,2767,-138,2181,1702,2.71,42266
ground-height-0m-20260825-163632,d028m_r090_run01.csv,0,28,90,dw00;dw01;dw02;dw03;dw04;dw05;dw06;dw07;dw08,dw00;dw01;dw02;dw03;dw04;dw05;dw06;dw07;dw08,dw07;dw08,55,1,2026-08-27T10:27:28.708+0200,dw02,8FB0,235,2757,-95,2757,0,3.33,52307
ground-height-0m-20260825-163632,d028m_r090_run01.csv,0,28,90,dw00;dw01;dw02;dw03;dw04;dw05;dw06;dw07;dw08,dw00;dw01;dw02;dw03;dw04;dw05;dw06;dw07;dw08,dw07;dw08,105,1,2026-08-27T10:27:28.729+0200,dw05,4B92,140,2761,48,-761,2653,3.39,72296
ground-height-0m-20260825-163632,d028m_r090_run01.csv,0,28,90,dw00;dw01;dw02;dw03;dw04;dw05;dw06;dw07;dw08,dw00;dw01;dw02;dw03;dw04;dw05;dw06;dw07;dw08,dw07;dw08,90,1,2026-08-27T10:27:28.819+0200,dw04,0F85,117,2763,0,-1588,2261,3.06,62225
ground-height-0m-20260825-163632,d028m_r090_run01.csv,0,28,90,dw00;dw01;dw02;dw03;dw04;dw05;dw06;dw07;dw08,dw00;dw01;dw02;dw03;dw04;dw05;dw06;dw07;dw08,dw07;dw08,75,1,2026-08-27T10:27:28.868+0200,dw03,021B,63,2752,-40,-2270,1556,3.33,12268
ground-height-0m-20260825-163632,d028m_r090_run01.csv,0,28,90,dw00;dw01;dw02;dw03;dw04;dw05;dw06;dw07;dw08,dw00;dw01;dw02;dw03;dw04;dw05;dw06;dw07;dw08,dw07;dw08,15,1,2026-08-27T10:27:28.889+0200,dw00,8103,108,2777,-155,1900,2025,2.08,32226
ground-height-0m-20260825-163632,d028m_r090_run01.csv,0,28,90,dw00;dw01;dw02;dw03;dw04;dw05;dw06;dw07;dw08,dw00;dw01;dw02;dw03;dw04;dw05;dw06;dw07;dw08,dw07;dw08,35,1,2026-08-27T10:27:28.899+0200,dw01,1729,180,2769,-5,-1676,2205,2.83,42327
ground-height-0m-20260825-163632,d028m_r090_run01.csv,0,28,90,dw00;dw01;dw02;dw03;dw04;dw05;dw06;dw07;dw08,dw00;dw01;dw02;dw03;dw04;dw05;dw06;dw07;dw08,dw07;dw08,55,1,2026-08-27T10:27:28.908+0200,dw02,8FB0,236,2761,-101,2761,0,3.39,52307
ground-height-0m-20260825-163632,d028m_r090_run01.csv,0,28,90,dw00;dw01;dw02;dw03;dw04;dw05;dw06;dw07;dw08,dw00;dw01;dw02;dw03;dw04;dw05;dw06;dw07;dw08,dw07;dw08,105,1,2026-08-27T10:27:28.929+0200,dw05,4B92,141,2758,51,-706,2666,3.27,72235
ground-height-0m-20260825-163632,d028m_r090_run01.csv,0,28,90,dw00;dw01;dw02;dw03;dw04;dw05;dw06;dw07;dw08,dw00;dw01;dw02;dw03;dw04;dw05;dw06;dw07;dw08,dw07;dw08,90,1,2026-08-27T10:27:29.019+0200,dw04,0F85,118,2762,5,-1490,2325,2.95,62255
ground-height-0m-20260825-163632,d028m_r090_run01.csv,0,28,90,dw00;dw01;dw02;dw03;dw04;dw05;dw06;dw07;dw08,dw00;dw01;dw02;dw03;dw04;dw05;dw06;dw07;dw08,dw07;dw08,125,1,2026-08-27T10:27:29.054+0200,dw06,0789,167,2760,94,26,2759,2.32,2147483
ground-height-0m-20260825-163632,d028m_r090_run01.csv,0,28,90,dw00;dw01;dw02;dw03;dw04;dw05;dw06;dw07;dw08,dw00;dw01;dw02;dw03;dw04;dw05;dw06;dw07;dw08,dw07;dw08,75,1,2026-08-27T10:27:29.069+0200,dw03,021B,64,2755,-45,-2358,1426,3.27,12298
ground-height-0m-20260825-163632,d028m_r090_run01.csv,0,28,90,dw00;dw01;dw02;dw03;dw04;dw05;dw06;dw07;dw08,dw00;dw01;dw02;dw03;dw04;dw05;dw06;dw07;dw08,dw07;dw08,15,1,2026-08-27T10:27:29.088+0200,dw00,8103,109,2779,-167,1711,2189,2.14,32257
ground-height-0m-20260825-163632,d028m_r090_run01.csv,0,28,90,dw00;dw01;dw02;dw03;dw04;dw05;dw06;dw07;dw08,dw00;dw01;dw02;dw03;dw04;dw05;dw06;dw07;dw08,dw07;dw08,35,1,2026-08-27T10:27:29.099+0200,dw01,1729,181,2767,-121,2478,1231,2.71,42327
ground-height-0m-20260825-163632,d028m_r090_run01.csv,0,28,90,dw00;dw01;dw02;dw03;dw04;dw05;dw06;dw07;dw08,dw00;dw01;dw02;dw03;dw04;dw05;dw06;dw07;dw08,dw07;dw08,55,1,2026-08-27T10:27:29.109+0200,dw02,8FB0,237,2758,-96,2758,0,3.33,52307
ground-height-0m-20260825-163632,d028m_r090_run01.csv,0,28,90,dw00;dw01;dw02;dw03;dw04;dw05;dw06;dw07;dw08,dw00;dw01;dw02;dw03;dw04;dw05;dw06;dw07;dw08,dw07;dw08,105,1,2026-08-27T10:27:29.128+0200,dw05,4B92,142,2762,52,-694,2673,3.33,72265
ground-height-0m-20260825-163632,d028m_r090_run01.csv,0,28,90,dw00;dw01;dw02;dw03;dw04;dw05;dw06;dw07;dw08,dw00;dw01;dw02;dw03;dw04;dw05;dw06;dw07;dw08,dw07;dw08,90,1,2026-08-27T10:27:29.218+0200,dw04,0F85,119,2761,4,-1509,2312,3.06,62255
ground-height-0m-20260825-163632,d028m_r090_run01.csv,0,28,90,dw00;dw01;dw02;dw03;dw04;dw05;dw06;dw07;dw08,dw00;dw01;dw02;dw03;dw04;dw05;dw06;dw07;dw08,dw07;dw08,125,1,2026-08-27T10:27:29.238+0200,dw06,0789,168,2762,90,-36,2762,2.32,82305
ground-height-0m-20260825-163632,d028m_r090_run01.csv,0,28,90,dw00;dw01;dw02;dw03;dw04;dw05;dw06;dw07;dw08,dw00;dw01;dw02;dw03;dw04;dw05;dw06;dw07;dw08,dw07;dw08,75,1,2026-08-27T10:27:29.269+0200,dw03,021B,65,2753,-43,-2316,1489,3.27,12268
ground-height-0m-20260825-163632,d028m_r090_run01.csv,0,28,90,dw00;dw01;dw02;dw03;dw04;dw05;dw06;dw07;dw08,dw00;dw01;dw02;dw03;dw04;dw05;dw06;dw07;dw08,dw07;dw08,15,1,2026-08-27T10:27:29.288+0200,dw00,8103,110,2779,-162,1796,2120,2.02,32257
ground-height-0m-20260825-163632,d028m_r090_run01.csv,0,28,90,dw00;dw01;dw02;dw03;dw04;dw05;dw06;dw07;dw08,dw00;dw01;dw02;dw03;dw04;dw05;dw06;dw07;dw08,dw07;dw08,35,1,2026-08-27T10:27:29.298+0200,dw01,1729,182,2773,-127,2376,1430,2.83,42327
ground-height-0m-20260825-163632,d028m_r090_run01.csv,0,28,90,dw00;dw01;dw02;dw03;dw04;dw05;dw06;dw07;dw08,dw00;dw01;dw02;dw03;dw04;dw05;dw06;dw07;dw08,dw07;dw08,55,1,2026-08-27T10:27:29.309+0200,dw02,8FB0,238,2757,-64,-2678,656,3.33,52337
ground-height-0m-20260825-163632,d028m_r090_run01.csv,0,28,90,dw00;dw01;dw02;dw03;dw04;dw05;dw06;dw07;dw08,dw00;dw01;dw02;dw03;dw04;dw05;dw06;dw07;dw08,dw07;dw08,105,1,2026-08-27T10:27:29.328+0200,dw05,4B92,143,2762,51,-713,2669,3.33,72235
ground-height-0m-20260825-163632,d028m_r090_run01.csv,0,28,90,dw00;dw01;dw02;dw03;dw04;dw05;dw06;dw07;dw08,dw00;dw01;dw02;dw03;dw04;dw05;dw06;dw07;dw08,dw07;dw08,90,1,2026-08-27T10:27:29.418+0200,dw04,0F85,120,2759,4,-1497,2317,2.95,62255
ground-height-0m-20260825-163632,d028m_r090_run01.csv,0,28,90,dw00;dw01;dw02;dw03;dw04;dw05;dw06;dw07;dw08,dw00;dw01;dw02;dw03;dw04;dw05;dw06;dw07;dw08,dw07;dw08,125,1,2026-08-27T10:27:29.439+0200,dw06,0789,169,2761,91,-28,2761,2.26,82275
ground-height-0m-20260825-163632,d028m_r090_run01.csv,0,28,90,dw00;dw01;dw02;dw03;dw04;dw05;dw06;dw07;dw08,dw00;dw01;dw02;dw03;dw04;dw05;dw06;dw07;dw08,dw07;dw08,75,1,2026-08-27T10:27:29.468+0200,dw03,021B,66,2751,-45,-2339,1447,3.33,12268
ground-height-0m-20260825-163632,d028m_r090_run01.csv,0,28,90,dw00;dw01;dw02;dw03;dw04;dw05;dw06;dw07;dw08,dw00;dw01;dw02;dw03;dw04;dw05;dw06;dw07;dw08,dw07;dw08,15,1,2026-08-27T10:27:29.488+0200,dw00,8103,111,2780,-161,1808,2111,2.14,32226
ground-height-0m-20260825-163632,d028m_r090_run01.csv,0,28,90,dw00;dw01;dw02;dw03;dw04;dw05;dw06;dw07;dw08,dw00;dw01;dw02;dw03;dw04;dw05;dw06;dw07;dw08,dw07;dw08,35,1,2026-08-27T10:27:29.498+0200,dw01,1729,183,2768,-132,2300,1539,2.83,42297
ground-height-0m-20260825-163632,d028m_r090_run01.csv,0,28,90,dw00;dw01;dw02;dw03;dw04;dw05;dw06;dw07;dw08,dw00;dw01;dw02;dw03;dw04;dw05;dw06;dw07;dw08,dw07;dw08,55,1,2026-08-27T10:27:29.508+0200,dw02,8FB0,239,2762,-99,2762,0,3.33,52307
ground-height-0m-20260825-163632,d028m_r090_run01.csv,0,28,90,dw00;dw01;dw02;dw03;dw04;dw05;dw06;dw07;dw08,dw00;dw01;dw02;dw03;dw04;dw05;dw06;dw07;dw08,dw07;dw08,105,1,2026-08-27T10:27:29.528+0200,dw05,4B92,144,2761,55,-634,2687,3.39,72235
ground-height-0m-20260825-163632,d028m_r090_run01.csv,0,28,90,dw00;dw01;dw02;dw03;dw04;dw05;dw06;dw07;dw08,dw00;dw01;dw02;dw03;dw04;dw05;dw06;dw07;dw08,dw07;dw08,90,1,2026-08-27T10:27:29.618+0200,dw04,0F85,121,2757,4,-1504,2310,3.06,62255
ground-height-0m-20260825-163632,d028m_r090_run01.csv,0,28,90,dw00;dw01;dw02;dw03;dw04;dw05;dw06;dw07;dw08,dw00;dw01;dw02;dw03;dw04;dw05;dw06;dw07;dw08,dw07;dw08,125,1,2026-08-27T10:27:29.639+0200,dw06,0789,170,2762,95,37,2762,2.14,82275
ground-height-0m-20260825-163632,d028m_r090_run01.csv,0,28,90,dw00;dw01;dw02;dw03;dw04;dw05;dw06;dw07;dw08,dw00;dw01;dw02;dw03;dw04;dw05;dw06;dw07;dw08,dw07;dw08,75,1,2026-08-27T10:27:29.668+0200,dw03,021B,67,2752,-44,-2327,1469,3.33,12268
ground-height-0m-20260825-163632,d028m_r090_run01.csv,0,28,90,dw00;dw01;dw02;dw03;dw04;dw05;dw06;dw07;dw08,dw00;dw01;dw02;dw03;dw04;dw05;dw06;dw07;dw08,dw07;dw08,15,1,2026-08-27T10:27:29.689+0200,dw00,8103,112,2779,-146,2054,1872,2.14,32226
ground-height-0m-20260825-163632,d028m_r090_run01.csv,0,28,90,dw00;dw01;dw02;dw03;dw04;dw05;dw06;dw07;dw08,dw00;dw01;dw02;dw03;dw04;dw05;dw06;dw07;dw08,dw07;dw08,35,1,2026-08-27T10:27:29.698+0200,dw01,1729,184,2764,-145,2068,1833,2.83,42327
ground-height-0m-20260825-163632,d028m_r090_run01.csv,0,28,90,dw00;dw01;dw02;dw03;dw04;dw05;dw06;dw07;dw08,dw00;dw01;dw02;dw03;dw04;dw05;dw06;dw07;dw08,dw07;dw08,55,1,2026-08-27T10:27:29.708+0200,dw02,8FB0,240,2761,-88,2761,0,3.33,52307
ground-height-0m-20260825-163632,d028m_r090_run01.csv,0,28,90,dw00;dw01;dw02;dw03;dw04;dw05;dw06;dw07;dw08,dw00;dw01;dw02;dw03;dw04;dw05;dw06;dw07;dw08,dw07;dw08,105,1,2026-08-27T10:27:29.729+0200,dw05,4B92,145,2759,47,-777,2647,3.27,72235
ground-height-0m-20260825-163632,d028m_r090_run01.csv,0,28,90,dw00;dw01;dw02;dw03;dw04;dw05;dw06;dw07;dw08,dw00;dw01;dw02;dw03;dw04;dw05;dw06;dw07;dw08,dw07;dw08,90,1,2026-08-27T10:27:29.818+0200,dw04,0F85,122,2765,1,-1564,2279,3.09,62255
ground-height-0m-20260825-163632,d028m_r090_run01.csv,0,28,90,dw00;dw01;dw02;dw03;dw04;dw05;dw06;dw07;dw08,dw00;dw01;dw02;dw03;dw04;dw05;dw06;dw07;dw08,dw07;dw08,125,1,2026-08-27T10:27:29.838+0200,dw06,0789,171,2761,94,21,2761,2.26,82275
ground-height-0m-20260825-163632,d028m_r090_run01.csv,0,28,90,dw00;dw01;dw02;dw03;dw04;dw05;dw06;dw07;dw08,dw00;dw01;dw02;dw03;dw04;dw05;dw06;dw07;dw08,dw07;dw08,75,1,2026-08-27T10:27:29.868+0200,dw03,021B,68,2754,-41,-2275,1553,3.33,12268
ground-height-0m-20260825-163632,d028m_r090_run01.csv,0,28,90,dw00;dw01;dw02;dw03;dw04;dw05;dw06;dw07;dw08,dw00;dw01;dw02;dw03;dw04;dw05;dw06;dw07;dw08,dw07;dw08,15,1,2026-08-27T10:27:29.888+0200,dw00,8103,113,2776,-153,1933,1992,2.14,32226
ground-height-0m-20260825-163632,d028m_r090_run01.csv,0,28,90,dw00;dw01;dw02;dw03;dw04;dw05;dw06;dw07;dw08,dw00;dw01;dw02;dw03;dw04;dw05;dw06;dw07;dw08,dw07;dw08,35,1,2026-08-27T10:27:29.899+0200,dw01,1729,185,2764,-126,2387,1394,2.89,42297
ground-height-0m-20260825-163632,d028m_r090_run01.csv,0,28,90,dw00;dw01;dw02;dw03;dw04;dw05;dw06;dw07;dw08,dw00;dw01;dw02;dw03;dw04;dw05;dw06;dw07;dw08,dw07;dw08,55,1,2026-08-27T10:27:29.908+0200,dw02,8FB0,241,2762,-83,-2762,0,3.33,52307
ground-height-0m-20260825-163632,d028m_r090_run01.csv,0,28,90,dw00;dw01;dw02;dw03;dw04;dw05;dw06;dw07;dw08,dw00;dw01;dw02;dw03;dw04;dw05;dw06;dw07;dw08,dw07;dw08,105,1,2026-08-27T10:27:29.928+0200,dw05,4B92,146,2763,47,-765,2655,3.27,72265
ground-height-0m-20260825-163632,d028m_r090_run01.csv,0,28,90,dw00;dw01;dw02;dw03;dw04;dw05;dw06;dw07;dw08,dw00;dw01;dw02;dw03;dw04;dw05;dw06;dw07;dw08,dw07;dw08,90,1,2026-08-27T10:27:30.018+0200,dw04,0F85,123,2761,0,-1586,2261,3.06,62225
ground-height-0m-20260825-163632,d028m_r090_run01.csv,0,28,90,dw00;dw01;dw02;dw03;dw04;dw05;dw06;dw07;dw08,dw00;dw01;dw02;dw03;dw04;dw05;dw06;dw07;dw08,dw07;dw08,125,1,2026-08-27T10:27:30.038+0200,dw06,0789,172,2763,90,-36,2763,2.20,82275
ground-height-0m-20260825-163632,d028m_r090_run01.csv,0,28,90,dw00;dw01;dw02;dw03;dw04;dw05;dw06;dw07;dw08,dw00;dw01;dw02;dw03;dw04;dw05;dw06;dw07;dw08,dw07;dw08,75,1,2026-08-27T10:27:30.068+0200,dw03,021B,69,2753,-38,-2236,1604,3.33,12237
ground-height-0m-20260825-163632,d028m_r090_run01.csv,0,28,90,dw00;dw01;dw02;dw03;dw04;dw05;dw06;dw07;dw08,dw00;dw01;dw02;dw03;dw04;dw05;dw06;dw07;dw08,dw07;dw08,15,1,2026-08-27T10:27:30.088+0200,dw00,8103,114,2778,-159,1846,2076,2.14,32226
ground-height-0m-20260825-163632,d028m_r090_run01.csv,0,28,90,dw00;dw01;dw02;dw03;dw04;dw05;dw06;dw07;dw08,dw00;dw01;dw02;dw03;dw04;dw05;dw06;dw07;dw08,dw07;dw08,35,1,2026-08-27T10:27:30.098+0200,dw01,1729,186,2770,-140,2156,1739,2.83,42297
ground-height-0m-20260825-163632,d028m_r090_run01.csv,0,28,90,dw00;dw01;dw02;dw03;dw04;dw05;dw06;dw07;dw08,dw00;dw01;dw02;dw03;dw04;dw05;dw06;dw07;dw08,dw07;dw08,55,1,2026-08-27T10:27:30.108+0200,dw02,8FB0,242,2761,-95,2761,0,3.39,52368
ground-height-0m-20260825-163632,d028m_r090_run01.csv,0,28,90,dw00;dw01;dw02;dw03;dw04;dw05;dw06;dw07;dw08,dw00;dw01;dw02;dw03;dw04;dw05;dw06;dw07;dw08,dw07;dw08,105,1,2026-08-27T10:27:30.128+0200,dw05,4B92,147,2759,58,-586,2696,3.27,72265
ground-height-0m-20260825-163632,d028m_r090_run01.csv,0,28,90,dw00;dw01;dw02;dw03;dw04;dw05;dw06;dw07;dw08,dw00;dw01;dw02;dw03;dw04;dw05;dw06;dw07;dw08,dw07;dw08,90,1,2026-08-27T10:27:30.218+0200,dw04,0F85,124,2763,8,-1442,2357,2.95,62225
ground-height-0m-20260825-163632,d028m_r090_run01.csv,0,28,90,dw00;dw01;dw02;dw03;dw04;dw05;dw06;dw07;dw08,dw00;dw01;dw02;dw03;dw04;dw05;dw06;dw07;dw08,dw07;dw08,75,1,2026-08-27T10:27:30.268+0200,dw03,021B,70,2756,-35,-2175,1692,3.33,12298
ground-height-0m-20260825-163632,d028m_r090_run01.csv,0,28,90,dw00;dw01;dw02;dw03;dw04;dw05;dw06;dw07;dw08,dw00;dw01;dw02;dw03;dw04;dw05;dw06;dw07;dw08,dw07;dw08,15,1,2026-08-27T10:27:30.288+0200,dw00,8103,115,2779,-154,1918,2011,2.08,32226
ground-height-0m-20260825-163632,d028m_r090_run01.csv,0,28,90,dw00;dw01;dw02;dw03;dw04;dw05;dw06;dw07;dw08,dw00;dw01;dw02;dw03;dw04;dw05;dw06;dw07;dw08,dw07;dw08,35,1,2026-08-27T10:27:30.298+0200,dw01,1729,187,2765,-140,2149,1739,2.77,42327
ground-height-0m-20260825-163632,d028m_r090_run01.csv,0,28,90,dw00;dw01;dw02;dw03;dw04;dw05;dw06;dw07;dw08,dw00;dw01;dw02;dw03;dw04;dw05;dw06;dw07;dw08,dw07;dw08,55,1,2026-08-27T10:27:30.308+0200,dw02,8FB0,243,2761,-91,2760,0,3.51,52307
ground-height-0m-20260825-163632,d028m_r090_run01.csv,0,28,90,dw00;dw01;dw02;dw03;dw04;dw05;dw06;dw07;dw08,dw00;dw01;dw02;dw03;dw04;dw05;dw06;dw07;dw08,dw07;dw08,105,1,2026-08-27T10:27:30.328+0200,dw05,4B92,148,2763,48,-758,2657,3.27,72235
ground-height-0m-20260825-163632,d028m_r090_run01.csv,0,28,90,dw00;dw01;dw02;dw03;dw04;dw05;dw06;dw07;dw08,dw00;dw01;dw02;dw03;dw04;dw05;dw06;dw07;dw08,dw07;dw08,90,1,2026-08-27T10:27:30.418+0200,dw04,0F85,125,2764,9,-1415,2374,3.09,62286
ground-height-0m-20260825-163632,d028m_r090_run01.csv,0,28,90,dw00;dw01;dw02;dw03;dw04;dw05;dw06;dw07;dw08,dw00;dw01;dw02;dw03;dw04;dw05;dw06;dw07;dw08,dw07;dw08,125,1,2026-08-27T10:27:30.454+0200,dw06,0789,174,2765,98,100,2763,2.44,2147483
ground-height-0m-20260825-163632,d028m_r090_run01.csv,0,28,90,dw00;dw01;dw02;dw03;dw04;dw05;dw06;dw07;dw08,dw00;dw01;dw02;dw03;dw04;dw05;dw06;dw07;dw08,dw07;dw08,75,1,2026-08-27T10:27:30.468+0200,dw03,021B,71,2753,-33,-2148,1721,3.33,12268
ground-height-0m-20260825-163632,d028m_r090_run01.csv,0,28,90,dw00;dw01;dw02;dw03;dw04;dw05;dw06;dw07;dw08,dw00;dw01;dw02;dw03;dw04;dw05;dw06;dw07;dw08,dw07;dw08,15,1,2026-08-27T10:27:30.488+0200,dw00,8103,116,2776,-174,1580,2282,2.14,32287
ground-height-0m-20260825-163632,d028m_r090_run01.csv,0,28,90,dw00;dw01;dw02;dw03;dw04;dw05;dw06;dw07;dw08,dw00;dw01;dw02;dw03;dw04;dw05;dw06;dw07;dw08,dw07;dw08,35,1,2026-08-27T10:27:30.498+0200,dw01,1729,188,2768,-134,2260,1598,2.89,42327
ground-height-0m-20260825-163632,d028m_r090_run01.csv,0,28,90,dw00;dw01;dw02;dw03;dw04;dw05;dw06;dw07;dw08,dw00;dw01;dw02;dw03;dw04;dw05;dw06;dw07;dw08,dw07;dw08,55,1,2026-08-27T10:27:30.508+0200,dw02,8FB0,244,2755,-81,-2755,0,3.33,52307
ground-height-0m-20260825-163632,d028m_r090_run01.csv,0,28,90,dw00;dw01;dw02;dw03;dw04;dw05;dw06;dw07;dw08,dw00;dw01;dw02;dw03;dw04;dw05;dw06;dw07;dw08,dw07;dw08,105,1,2026-08-27T10:27:30.528+0200,dw05,4B92,149,2758,48,-757,2652,3.33,72235
ground-height-0m-20260825-163632,d028m_r090_run01.csv,0,28,90,dw00;dw01;dw02;dw03;dw04;dw05;dw06;dw07;dw08,dw00;dw01;dw02;dw03;dw04;dw05;dw06;dw07;dw08,dw07;dw08,90,1,2026-08-27T10:27:30.618+0200,dw04,0F85,126,2760,5,-1480,2329,2.95,62225
ground-height-0m-20260825-163632,d028m_r090_run01.csv,0,28,90,dw00;dw01;dw02;dw03;dw04;dw05;dw06;dw07;dw08,dw00;dw01;dw02;dw03;dw04;dw05;dw06;dw07;dw08,dw07;dw08,125,1,2026-08-27T10:27:30.638+0200,dw06,0789,175,2761,91,-32,2761,2.26,82336
ground-height-0m-20260825-163632,d028m_r090_run01.csv,0,28,90,dw00;dw01;dw02;dw03;dw04;dw05;dw06;dw07;dw08,dw00;dw01;dw02;dw03;dw04;dw05;dw06;dw07;dw08,dw07;dw08,75,1,2026-08-27T10:27:30.668+0200,dw03,021B,72,2756,-32,-2130,1749,3.21,12268
ground-height-0m-20260825-163632,d028m_r090_run01.csv,0,28,90,dw00;dw01;dw02;dw03;dw04;dw05;dw06;dw07;dw08,dw00;dw01;dw02;dw03;dw04;dw05;dw06;dw07;dw08,dw07;dw08,15,1,2026-08-27T10:27:30.687+0200,dw00,8103,117,2779,-148,2020,1908,2.14,32226
ground-height-0m-20260825-163632,d028m_r090_run01.csv,0,28,90,dw00;dw01;dw02;dw03;dw04;dw05;dw06;dw07;dw08,dw00;dw01;dw02;dw03;dw04;dw05;dw06;dw07;dw08,dw07;dw08,35,1,2026-08-27T10:27:30.698+0200,dw01,1729,189,2765,-135,2231,1633,2.89,42297
ground-height-0m-20260825-163632,d028m_r090_run01.csv,0,28,90,dw00;dw01;dw02;dw03;dw04;dw05;dw06;dw07;dw08,dw00;dw01;dw02;dw03;dw04;dw05;dw06;dw07;dw08,dw07;dw08,55,1,2026-08-27T10:27:30.708+0200,dw02,8FB0,245,2756,-112,2622,849,3.39,52307
ground-height-0m-20260825-163632,d028m_r090_run01.csv,0,28,90,dw00;dw01;dw02;dw03;dw04;dw05;dw06;dw07;dw08,dw00;dw01;dw02;dw03;dw04;dw05;dw06;dw07;dw08,dw07;dw08,105,1,2026-08-27T10:27:30.728+0200,dw05,4B92,150,2761,35,-975,2583,3.33,72235
ground-height-0m-20260825-163632,d028m_r090_run01.csv,0,28,90,dw00;dw01;dw02;dw03;dw04;dw05;dw06;dw07;dw08,dw00;dw01;dw02;dw03;dw04;dw05;dw06;dw07;dw08,dw07;dw08,90,1,2026-08-27T10:27:30.818+0200,dw04,0F85,127,2763,-2,-1629,2232,3.06,62286
ground-height-0m-20260825-163632,d028m_r090_run01.csv,0,28,90,dw00;dw01;dw02;dw03;dw04;dw05;dw06;dw07;dw08,dw00;dw01;dw02;dw03;dw04;dw05;dw06;dw07;dw08,dw07;dw08,125,1,2026-08-27T10:27:30.837+0200,dw06,0789,176,2766,100,136,2762,2.32,82275
ground-height-0m-20260825-163632,d028m_r090_run01.csv,0,28,90,dw00;dw01;dw02;dw03;dw04;dw05;dw06;dw07;dw08,dw00;dw01;dw02;dw03;dw04;dw05;dw06;dw07;dw08,dw07;dw08,75,1,2026-08-27T10:27:30.867+0200,dw03,021B,73,2753,-32,-2124,1752,3.39,12268
ground-height-0m-20260825-163632,d028m_r090_run01.csv,0,28,90,dw00;dw01;dw02;dw03;dw04;dw05;dw06;dw07;dw08,dw00;dw01;dw02;dw03;dw04;dw05;dw06;dw07;dw08,dw07;dw08,15,1,2026-08-27T10:27:30.887+0200,dw00,8103,118,2780,-164,1763,2149,2.14,32226
ground-height-0m-20260825-163632,d028m_r090_run01.csv,0,28,90,dw00;dw01;dw02;dw03;dw04;dw05;dw06;dw07;dw08,dw00;dw01;dw02;dw03;dw04;dw05;dw06;dw07;dw08,dw07;dw08,35,1,2026-08-27T10:27:30.898+0200,dw01,1729,190,2764,-148,2014,1893,2.95,42327
ground-height-0m-20260825-163632,d028m_r090_run01.csv,0,28,90,dw00;dw01;dw02;dw03;dw04;dw05;dw06;dw07;dw08,dw00;dw01;dw02;dw03;dw04;dw05;dw06;dw07;dw08,dw07;dw08,55,1,2026-08-27T10:27:30.907+0200,dw02,8FB0,246,2761,-95,2761,0,3.33,52276
ground-height-0m-20260825-163632,d028m_r090_run01.csv,0,28,90,dw00;dw01;dw02;dw03;dw04;dw05;dw06;dw07;dw08,dw00;dw01;dw02;dw03;dw04;dw05;dw06;dw07;dw08,dw07;dw08,105,1,2026-08-27T10:27:30.927+0200,dw05,4B92,151,2763,44,-826,2637,3.33,72235
ground-height-0m-20260825-163632,d028m_r090_run01.csv,0,28,90,dw00;dw01;dw02;dw03;dw04;dw05;dw06;dw07;dw08,dw00;dw01;dw02;dw03;dw04;dw05;dw06;dw07;dw08,dw07;dw08,90,1,2026-08-27T10:27:31.017+0200,dw04,0F85,128,2768,-3,-1642,2229,3.01,62255
ground-height-0m-20260825-163632,d028m_r090_run01.csv,0,28,90,dw00;dw01;dw02;dw03;dw04;dw05;dw06;dw07;dw08,dw00;dw01;dw02;dw03;dw04;dw05;dw06;dw07;dw08,dw07;dw08,125,1,2026-08-27T10:27:31.037+0200,dw06,0789,177,2758,97,74,2757,2.32,82275
ground-height-0m-20260825-163632,d028m_r090_run01.csv,0,28,90,dw00;dw01;dw02;dw03;dw04;dw05;dw06;dw07;dw08,dw00;dw01;dw02;dw03;dw04;dw05;dw06;dw07;dw08,dw07;dw08,75,1,2026-08-27T10:27:31.067+0200,dw03,021B,74,2754,-40,-2256,1581,3.33,12268
ground-height-0m-20260825-163632,d028m_r090_run01.csv,0,28,90,dw00;dw01;dw02;dw03;dw04;dw05;dw06;dw07;dw08,dw00;dw01;dw02;dw03;dw04;dw05;dw06;dw07;dw08,dw07;dw08,15,1,2026-08-27T10:27:31.087+0200,dw00,8103,119,2776,-166,1714,2184,2.08,32226
ground-height-0m-20260825-163632,d028m_r090_run01.csv,0,28,90,dw00;dw01;dw02;dw03;dw04;dw05;dw06;dw07;dw08,dw00;dw01;dw02;dw03;dw04;dw05;dw06;dw07;dw08,dw07;dw08,35,1,2026-08-27T10:27:31.097+0200,dw01,1729,191,2767,-128,2353,1454,2.83,42297
ground-height-0m-20260825-163632,d028m_r090_run01.csv,0,28,90,dw00;dw01;dw02;dw03;dw04;dw05;dw06;dw07;dw08,dw00;dw01;dw02;dw03;dw04;dw05;dw06;dw07;dw08,dw07;dw08,55,1,2026-08-27T10:27:31.107+0200,dw02,8FB0,247,2758,-109,2667,702,3.33,52337
ground-height-0m-20260825-163632,d028m_r090_run01.csv,0,28,90,dw00;dw01;dw02;dw03;dw04;dw05;dw06;dw07;dw08,dw00;dw01;dw02;dw03;dw04;dw05;dw06;dw07;dw08,dw07;dw08,105,1,2026-08-27T10:27:31.127+0200,dw05,4B92,152,2761,54,-661,2681,3.33,72235
ground-height-0m-20260825-163632,d028m_r090_run01.csv,0,28,90,dw00;dw01;dw02;dw03;dw04;dw05;dw06;dw07;dw08,dw00;dw01;dw02;dw03;dw04;dw05;dw06;dw07;dw08,dw07;dw08,90,1,2026-08-27T10:27:31.217+0200,dw04,0F85,129,2764,1,-1564,2278,3.06,62255
ground-height-0m-20260825-163632,d028m_r090_run01.csv,0,28,90,dw00;dw01;dw02;dw03;dw04;dw05;dw06;dw07;dw08,dw00;dw01;dw02;dw03;dw04;dw05;dw06;dw07;dw08,dw07;dw08,75,1,2026-08-27T10:27:31.267+0200,dw03,021B,75,2754,-40,-2267,1564,3.33,12268
ground-height-0m-20260825-163632,d028m_r090_run01.csv,0,28,90,dw00;dw01;dw02;dw03;dw04;dw05;dw06;dw07;dw08,dw00;dw01;dw02;dw03;dw04;dw05;dw06;dw07;dw08,dw07;dw08,15,1,2026-08-27T10:27:31.287+0200,dw00,8103,120,2774,-173,1606,2262,2.08,32257
ground-height-0m-20260825-163632,d028m_r090_run01.csv,0,28,90,dw00;dw01;dw02;dw03;dw04;dw05;dw06;dw07;dw08,dw00;dw01;dw02;dw03;dw04;dw05;dw06;dw07;dw08,dw07;dw08,35,1,2026-08-27T10:27:31.297+0200,dw01,1729,192,2767,-125,2418,1345,2.77,42327
ground-height-0m-20260825-163632,d028m_r090_run01.csv,0,28,90,dw00;dw01;dw02;dw03;dw04;dw05;dw06;dw07;dw08,dw00;dw01;dw02;dw03;dw04;dw05;dw06;dw07;dw08,dw07;dw08,55,1,2026-08-27T10:27:31.307+0200,dw02,8FB0,248,2759,-94,2759,0,3.33,52307
ground-height-0m-20260825-163632,d028m_r090_run01.csv,0,28,90,dw00;dw01;dw02;dw03;dw04;dw05;dw06;dw07;dw08,dw00;dw01;dw02;dw03;dw04;dw05;dw06;dw07;dw08,dw07;dw08,105,1,2026-08-27T10:27:31.327+0200,dw05,4B92,153,2762,47,-772,2652,3.33,72235
ground-height-0m-20260825-163632,d028m_r090_run01.csv,0,28,90,dw00;dw01;dw02;dw03;dw04;dw05;dw06;dw07;dw08,dw00;dw01;dw02;dw03;dw04;dw05;dw06;dw07;dw08,dw07;dw08,90,1,2026-08-27T10:27:31.417+0200,dw04,0F85,130,2759,3,-1518,2304,3.06,62255
ground-height-0m-20260825-163632,d028m_r090_run01.csv,0,28,90,dw00;dw01;dw02;dw03;dw04;dw05;dw06;dw07;dw08,dw00;dw01;dw02;dw03;dw04;dw05;dw06;dw07;dw08,dw07;dw08,125,1,2026-08-27T10:27:31.452+0200,dw06,0789,179,2765,88,-77,2764,2.53,2147483
ground-height-0m-20260825-163632,d028m_r090_run01.csv,0,28,90,dw00;dw01;dw02;dw03;dw04;dw05;dw06;dw07;dw08,dw00;dw01;dw02;dw03;dw04;dw05;dw06;dw07;dw08,dw07;dw08,75,1,2026-08-27T10:27:31.467+0200,dw03,021B,76,2752,-39,-2245,1592,3.27,12298
ground-height-0m-20260825-163632,d028m_r090_run01.csv,0,28,90,dw00;dw01;dw02;dw03;dw04;dw05;dw06;dw07;dw08,dw00;dw01;dw02;dw03;dw04;dw05;dw06;dw07;dw08,dw07;dw08,15,1,2026-08-27T10:27:31.486+0200,dw00,8103,121,2778,-164,1758,2151,2.08,32226
ground-height-0m-20260825-163632,d028m_r090_run01.csv,0,28,90,dw00;dw01;dw02;dw03;dw04;dw05;dw06;dw07;dw08,dw00;dw01;dw02;dw03;dw04;dw05;dw06;dw07;dw08,dw07;dw08,35,1,2026-08-27T10:27:31.497+0200,dw01,1729,193,2768,-143,2108,1794,2.89,42327
ground-height-0m-20260825-163632,d028m_r090_run01.csv,0,28,90,dw00;dw01;dw02;dw03;dw04;dw05;dw06;dw07;dw08,dw00;dw01;dw02;dw03;dw04;dw05;dw06;dw07;dw08,dw07;dw08,55,1,2026-08-27T10:27:31.507+0200,dw02,8FB0,249,2762,-94,2762,0,3.45,52307
ground-height-0m-20260825-163632,d028m_r090_run01.csv,0,28,90,dw00;dw01;dw02;dw03;dw04;dw05;dw06;dw07;dw08,dw00;dw01;dw02;dw03;dw04;dw05;dw06;dw07;dw08,dw07;dw08,105,1,2026-08-27T10:27:31.526+0200,dw05,4B92,154,2762,51,-701,2672,3.27,72296
ground-height-0m-20260825-163632,d028m_r090_run01.csv,0,28,90,dw00;dw01;dw02;dw03;dw04;dw05;dw06;dw07;dw08,dw00;dw01;dw02;dw03;dw04;dw05;dw06;dw07;dw08,dw07;dw08,90,1,2026-08-27T10:27:31.616+0200,dw04,0F85,131,2761,3,-1528,2300,3.01,62225
ground-height-0m-20260825-163632,d028m_r090_run01.csv,0,28,90,dw00;dw01;dw02;dw03;dw04;dw05;dw06;dw07;dw08,dw00;dw01;dw02;dw03;dw04;dw05;dw06;dw07;dw08,dw07;dw08,125,1,2026-08-27T10:27:31.637+0200,dw06,0789,180,2762,92,-12,2762,2.26,82305
ground-height-0m-20260825-163632,d028m_r090_run01.csv,0,28,90,dw00;dw01;dw02;dw03;dw04;dw05;dw06;dw07;dw08,dw00;dw01;dw02;dw03;dw04;dw05;dw06;dw07;dw08,dw07;dw08,75,1,2026-08-27T10:27:31.667+0200,dw03,021B,77,2752,-54,-2500,1149,3.33,12268
ground-height-0m-20260825-163632,d028m_r090_run01.csv,0,28,90,dw00;dw01;dw02;dw03;dw04;dw05;dw06;dw07;dw08,dw00;dw01;dw02;dw03;dw04;dw05;dw06;dw07;dw08,dw07;dw08,15,1,2026-08-27T10:27:31.686+0200,dw00,8103,122,2780,-163,1764,2148,2.14,32226
ground-height-0m-20260825-163632,d028m_r090_run01.csv,0,28,90,dw00;dw01;dw02;dw03;dw04;dw05;dw06;dw07;dw08,dw00;dw01;dw02;dw03;dw04;dw05;dw06;dw07;dw08,dw07;dw08,35,1,2026-08-27T10:27:31.696+0200,dw01,1729,194,2767,-139,2172,1713,2.83,42266
ground-height-0m-20260825-163632,d028m_r090_run01.csv,0,28,90,dw00;dw01;dw02;dw03;dw04;dw05;dw06;dw07;dw08,dw00;dw01;dw02;dw03;dw04;dw05;dw06;dw07;dw08,dw07;dw08,55,1,2026-08-27T10:27:31.707+0200,dw02,8FB0,250,2754,-92,2754,0,3.33,52307
ground-height-0m-20260825-163632,d028m_r090_run01.csv,0,28,90,dw00;dw01;dw02;dw03;dw04;dw05;dw06;dw07;dw08,dw00;dw01;dw02;dw03;dw04;dw05;dw06;dw07;dw08,dw07;dw08,105,1,2026-08-27T10:27:31.727+0200,dw05,4B92,155,2762,46,-781,2650,3.33,72204
ground-height-0m-20260825-163632,d028m_r090_run01.csv,0,28,90,dw00;dw01;dw02;dw03;dw04;dw05;dw06;dw07;dw08,dw00;dw01;dw02;dw03;dw04;dw05;dw06;dw07;dw08,dw07;dw08,90,1,2026-08-27T10:27:31.816+0200,dw04,0F85,132,2760,7,-1450,2348,3.01,62255
ground-height-0m-20260825-163632,d028m_r090_run01.csv,0,28,90,dw00;dw01;dw02;dw03;dw04;dw05;dw06;dw07;dw08,dw00;dw01;dw02;dw03;dw04;dw05;dw06;dw07;dw08,dw07;dw08,125,1,2026-08-27T10:27:31.837+0200,dw06,0789,181,2761,91,-17,2761,2.20,82275
ground-height-0m-20260825-163632,d028m_r090_run01.csv,0,28,90,dw00;dw01;dw02;dw03;dw04;dw05;dw06;dw07;dw08,dw00;dw01;dw02;dw03;dw04;dw05;dw06;dw07;dw08,dw07;dw08,75,1,2026-08-27T10:27:31.866+0200,dw03,021B,78,2751,-38,-2224,1618,3.33,12268
ground-height-0m-20260825-163632,d028m_r090_run01.csv,0,28,90,dw00;dw01;dw02;dw03;dw04;dw05;dw06;dw07;dw08,dw00;dw01;dw02;dw03;dw04;dw05;dw06;dw07;dw08,dw07;dw08,15,1,2026-08-27T10:27:31.887+0200,dw00,8103,123,2778,-155,1908,2020,2.14,32257
ground-height-0m-20260825-163632,d028m_r090_run01.csv,0,28,90,dw00;dw01;dw02;dw03;dw04;dw05;dw06;dw07;dw08,dw00;dw01;dw02;dw03;dw04;dw05;dw06;dw07;dw08,dw07;dw08,35,1,2026-08-27T10:27:31.896+0200,dw01,1729,195,2769,-140,2156,1737,2.95,42297
ground-height-0m-20260825-163632,d028m_r090_run01.csv,0,28,90,dw00;dw01;dw02;dw03;dw04;dw05;dw06;dw07;dw08,dw00;dw01;dw02;dw03;dw04;dw05;dw06;dw07;dw08,dw07;dw08,55,1,2026-08-27T10:27:31.906+0200,dw02,8FB0,251,2758,-92,2758,0,3.45,52337
ground-height-0m-20260825-163632,d028m_r090_run01.csv,0,28,90,dw00;dw01;dw02;dw03;dw04;dw05;dw06;dw07;dw08,dw00;dw01;dw02;dw03;dw04;dw05;dw06;dw07;dw08,dw07;dw08,105,1,2026-08-27T10:27:31.927+0200,dw05,4B92,156,2761,51,-701,2671,3.33,72235
ground-height-0m-20260825-163632,d028m_r090_run01.csv,0,28,90,dw00;dw01;dw02;dw03;dw04;dw05;dw06;dw07;dw08,dw00;dw01;dw02;dw03;dw04;dw05;dw06;dw07;dw08,dw07;dw08,90,1,2026-08-27T10:27:32.016+0200,dw04,0F85,133,2762,8,-1433,2361,3.06,62225
ground-height-0m-20260825-163632,d028m_r090_run01.csv,0,28,90,dw00;dw01;dw02;dw03;dw04;dw05;dw06;dw07;dw08,dw00;dw01;dw02;dw03;dw04;dw05;dw06;dw07;dw08,dw07;dw08,125,1,2026-08-27T10:27:32.037+0200,dw06,0789,182,2763,94,28,2763,2.20,82275
ground-height-0m-20260825-163632,d028m_r090_run01.csv,0,28,90,dw00;dw01;dw02;dw03;dw04;dw05;dw06;dw07;dw08,dw00;dw01;dw02;dw03;dw04;dw05;dw06;dw07;dw08,dw07;dw08,75,1,2026-08-27T10:27:32.066+0200,dw03,021B,79,2753,-38,-2224,1621,3.33,12268
ground-height-0m-20260825-163632,d028m_r090_run01.csv,0,28,90,dw00;dw01;dw02;dw03;dw04;dw05;dw06;dw07;dw08,dw00;dw01;dw02;dw03;dw04;dw05;dw06;dw07;dw08,dw07;dw08,15,1,2026-08-27T10:27:32.087+0200,dw00,8103,124,2777,-148,2031,1893,2.20,32257
ground-height-0m-20260825-163632,d028m_r090_run01.csv,0,28,90,dw00;dw01;dw02;dw03;dw04;dw05;dw06;dw07;dw08,dw00;dw01;dw02;dw03;dw04;dw05;dw06;dw07;dw08,dw07;dw08,35,1,2026-08-27T10:27:32.097+0200,dw01,1729,196,2762,-150,1977,1929,2.95,42358
ground-height-0m-20260825-163632,d028m_r090_run01.csv,0,28,90,dw00;dw01;dw02;dw03;dw04;dw05;dw06;dw07;dw08,dw00;dw01;dw02;dw03;dw04;dw05;dw06;dw07;dw08,dw07;dw08,55,1,2026-08-27T10:27:32.106+0200,dw02,8FB0,252,2760,-100,2760,0,3.57,52307
ground-height-0m-20260825-163632,d028m_r090_run01.csv,0,28,90,dw00;dw01;dw02;dw03;dw04;dw05;dw06;dw07;dw08,dw00;dw01;dw02;dw03;dw04;dw05;dw06;dw07;dw08,dw07;dw08,105,1,2026-08-27T10:27:32.127+0200,dw05,4B92,157,2759,50,-717,2664,3.27,72265
ground-height-0m-20260825-163632,d028m_r090_run01.csv,0,28,90,dw00;dw01;dw02;dw03;dw04;dw05;dw06;dw07;dw08,dw00;dw01;dw02;dw03;dw04;dw05;dw06;dw07;dw08,dw07;dw08,90,1,2026-08-27T10:27:32.217+0200,dw04,0F85,134,2761,3,-1519,2306,3.06,62225
ground-height-0m-20260825-163632,d028m_r090_run01.csv,0,28,90,dw00;dw01;dw02;dw03;dw04;dw05;dw06;dw07;dw08,dw00;dw01;dw02;dw03;dw04;dw05;dw06;dw07;dw08,dw07;dw08,125,1,2026-08-27T10:27:32.236+0200,dw06,0789,183,2758,86,-113,2756,2.32,82275
ground-height-0m-20260825-163632,d028m_r090_run01.csv,0,28,90,dw00;dw01;dw02;dw03;dw04;dw05;dw06;dw07;dw08,dw00;dw01;dw02;dw03;dw04;dw05;dw06;dw07;dw08,dw07;dw08,75,1,2026-08-27T10:27:32.266+0200,dw03,021B,80,2753,-41,-2282,1540,3.33,12268
ground-height-0m-20260825-163632,d028m_r090_run01.csv,0,28,90,dw00;dw01;dw02;dw03;dw04;dw05;dw06;dw07;dw08,dw00;dw01;dw02;dw03;dw04;dw05;dw06;dw07;dw08,dw07;dw08,15,1,2026-08-27T10:27:32.286+0200,dw00,8103,125,2776,-160,1827,2089,2.14,32257
ground-height-0m-20260825-163632,d028m_r090_run01.csv,0,28,90,dw00;dw01;dw02;dw03;dw04;dw05;dw06;dw07;dw08,dw00;dw01;dw02;dw03;dw04;dw05;dw06;dw07;dw08,dw07;dw08,35,1,2026-08-27T10:27:32.297+0200,dw01,1729,197,2768,-139,2173,1714,2.89,42297
ground-height-0m-20260825-163632,d028m_r090_run01.csv,0,28,90,dw00;dw01;dw02;dw03;dw04;dw05;dw06;dw07;dw08,dw00;dw01;dw02;dw03;dw04;dw05;dw06;dw07;dw08,dw07;dw08,55,1,2026-08-27T10:27:32.306+0200,dw02,8FB0,253,2760,-93,2760,0,3.51,52337
ground-height-0m-20260825-163632,d028m_r090_run01.csv,0,28,90,dw00;dw01;dw02;dw03;dw04;dw05;dw06;dw07;dw08,dw00;dw01;dw02;dw03;dw04;dw05;dw06;dw07;dw08,dw07;dw08,105,1,2026-08-27T10:27:32.326+0200,dw05,4B92,158,2762,48,-761,2655,3.33,72204
ground-height-0m-20260825-163632,d028m_r090_run01.csv,0,28,90,dw00;dw01;dw02;dw03;dw04;dw05;dw06;dw07;dw08,dw00;dw01;dw02;dw03;dw04;dw05;dw06;dw07;dw08,dw07;dw08,90,1,2026-08-27T10:27:32.416+0200,dw04,0F85,135,2761,5,-1494,2322,3.01,62225
ground-height-0m-20260825-163632,d028m_r090_run01.csv,0,28,90,dw00;dw01;dw02;dw03;dw04;dw05;dw06;dw07;dw08,dw00;dw01;dw02;dw03;dw04;dw05;dw06;dw07;dw08,dw07;dw08,125,1,2026-08-27T10:27:32.436+0200,dw06,0789,184,2761,97,78,2760,2.32,82275
ground-height-0m-20260825-163632,d028m_r090_run01.csv,0,28,90,dw00;dw01;dw02;dw03;dw04;dw05;dw06;dw07;dw08,dw00;dw01;dw02;dw03;dw04;dw05;dw06;dw07;dw08,dw07;dw08,75,1,2026-08-27T10:27:32.467+0200,dw03,021B,81,2754,-51,-2444,1268,3.27,12268
ground-height-0m-20260825-163632,d028m_r090_run01.csv,0,28,90,dw00;dw01;dw02;dw03;dw04;dw05;dw06;dw07;dw08,dw00;dw01;dw02;dw03;dw04;dw05;dw06;dw07;dw08,dw07;dw08,15,1,2026-08-27T10:27:32.486+0200,dw00,8103,126,2778,-162,1789,2125,2.14,32226
ground-height-0m-20260825-163632,d028m_r090_run01.csv,0,28,90,dw00;dw01;dw02;dw03;dw04;dw05;dw06;dw07;dw08,dw00;dw01;dw02;dw03;dw04;dw05;dw06;dw07;dw08,dw07;dw08,35,1,2026-08-27T10:27:32.496+0200,dw01,1729,198,2772,-140,2162,1735,2.89,42297
ground-height-0m-20260825-163632,d028m_r090_run01.csv,0,28,90,dw00;dw01;dw02;dw03;dw04;dw05;dw06;dw07;dw08,dw00;dw01;dw02;dw03;dw04;dw05;dw06;dw07;dw08,dw07;dw08,55,1,2026-08-27T10:27:32.507+0200,dw02,8FB0,254,2758,-85,-2758,0,3.45,52307
ground-height-0m-20260825-163632,d028m_r090_run01.csv,0,28,90,dw00;dw01;dw02;dw03;dw04;dw05;dw06;dw07;dw08,dw00;dw01;dw02;dw03;dw04;dw05;dw06;dw07;dw08,dw07;dw08,105,1,2026-08-27T10:27:32.526+0200,dw05,4B92,159,2763,48,-757,2657,3.33,72235
ground-height-0m-20260825-163632,d028m_r090_run01.csv,0,28,90,dw00;dw01;dw02;dw03;dw04;dw05;dw06;dw07;dw08,dw00;dw01;dw02;dw03;dw04;dw05;dw06;dw07;dw08,dw07;dw08,90,1,2026-08-27T10:27:32.616+0200,dw04,0F85,136,2762,1,-1560,2279,3.15,62255
ground-height-0m-20260825-163632,d028m_r090_run01.csv,0,28,90,dw00;dw01;dw02;dw03;dw04;dw05;dw06;dw07;dw08,dw00;dw01;dw02;dw03;dw04;dw05;dw06;dw07;dw08,dw07;dw08,125,1,2026-08-27T10:27:32.636+0200,dw06,0789,185,2765,84,-139,2762,2.32,82275
ground-height-0m-20260825-163632,d028m_r090_run01.csv,0,28,90,dw00;dw01;dw02;dw03;dw04;dw05;dw06;dw07;dw08,dw00;dw01;dw02;dw03;dw04;dw05;dw06;dw07;dw08,dw07;dw08,75,1,2026-08-27T10:27:32.666+0200,dw03,021B,82,2753,-45,-2343,1443,3.45,12268
ground-height-0m-20260825-163632,d028m_r090_run01.csv,0,28,90,dw00;dw01;dw02;dw03;dw04;dw05;dw06;dw07;dw08,dw00;dw01;dw02;dw03;dw04;dw05;dw06;dw07;dw08,dw07;dw08,15,1,2026-08-27T10:27:32.686+0200,dw00,8103,127,2776,-163,1774,2135,2.20,32226
ground-height-0m-20260825-163632,d028m_r090_run01.csv,0,28,90,dw00;dw01;dw02;dw03;dw04;dw05;dw06;dw07;dw08,dw00;dw01;dw02;dw03;dw04;dw05;dw06;dw07;dw08,dw07;dw08,35,1,2026-08-27T10:27:32.696+0200,dw01,1729,199,2765,-138,2180,1700,2.83,42297
ground-height-0m-20260825-163632,d028m_r090_run01.csv,0,28,90,dw00;dw01;dw02;dw03;dw04;dw05;dw06;dw07;dw08,dw00;dw01;dw02;dw03;dw04;dw05;dw06;dw07;dw08,dw07;dw08,55,1,2026-08-27T10:27:32.706+0200,dw02,8FB0,255,2757,-87,2757,0,3.57,52337
ground-height-0m-20260825-163632,d028m_r090_run01.csv,0,28,90,dw00;dw01;dw02;dw03;dw04;dw05;dw06;dw07;dw08,dw00;dw01;dw02;dw03;dw04;dw05;dw06;dw07;dw08,dw07;dw08,105,1,2026-08-27T10:27:32.726+0200,dw05,4B92,160,2766,43,-842,2634,3.33,72235
ground-height-0m-20260825-163632,d028m_r090_run01.csv,0,28,90,dw00;dw01;dw02;dw03;dw04;dw05;dw06;dw07;dw08,dw00;dw01;dw02;dw03;dw04;dw05;dw06;dw07;dw08,dw07;dw08,90,1,2026-08-27T10:27:32.816+0200,dw04,0F85,137,2764,0,-1573,2272,3.15,62255
ground-height-0m-20260825-163632,d028m_r090_run01.csv,0,28,90,dw00;dw01;dw02;dw03;dw04;dw05;dw06;dw07;dw08,dw00;dw01;dw02;dw03;dw04;dw05;dw06;dw07;dw08,dw07;dw08,125,1,2026-08-27T10:27:32.837+0200,dw06,0789,186,2760,90,-41,2759,2.38,82275
ground-height-0m-20260825-163632,d028m_r090_run01.csv,0,28,90,dw00;dw01;dw02;dw03;dw04;dw05;dw06;dw07;dw08,dw00;dw01;dw02;dw03;dw04;dw05;dw06;dw07;dw08,dw07;dw08,75,1,2026-08-27T10:27:32.866+0200,dw03,021B,83,2751,-41,-2272,1551,3.33,12268
ground-height-0m-20260825-163632,d028m_r090_run01.csv,0,28,90,dw00;dw01;dw02;dw03;dw04;dw05;dw06;dw07;dw08,dw00;dw01;dw02;dw03;dw04;dw05;dw06;dw07;dw08,dw07;dw08,15,1,2026-08-27T10:27:32.886+0200,dw00,8103,128,2777,-163,1777,2134,2.20,32226
ground-height-0m-20260825-163632,d028m_r090_run01.csv,0,28,90,dw00;dw01;dw02;dw03;dw04;dw05;dw06;dw07;dw08,dw00;dw01;dw02;dw03;dw04;dw05;dw06;dw07;dw08,dw07;dw08,55,1,2026-08-27T10:27:32.906+0200,dw02,8FB0,0,2759,-93,2759,0,3.45,52307
ground-height-0m-20260825-163632,d028m_r090_run01.csv,0,28,90,dw00;dw01;dw02;dw03;dw04;dw05;dw06;dw07;dw08,dw00;dw01;dw02;dw03;dw04;dw05;dw06;dw07;dw08,dw07;dw08,105,1,2026-08-27T10:27:32.927+0200,dw05,4B92,161,2763,52,-694,2675,3.27,72265
ground-height-0m-20260825-163632,d028m_r090_run01.csv,0,28,90,dw00;dw01;dw02;dw03;dw04;dw05;dw06;dw07;dw08,dw00;dw01;dw02;dw03;dw04;dw05;dw06;dw07;dw08,dw07;dw08,90,1,2026-08-27T10:27:33.016+0200,dw04,0F85,138,2761,0,-1571,2270,3.01,62255
ground-height-0m-20260825-163632,d028m_r090_run01.csv,0,28,90,dw00;dw01;dw02;dw03;dw04;dw05;dw06;dw07;dw08,dw00;dw01;dw02;dw03;dw04;dw05;dw06;dw07;dw08,dw07;dw08,125,1,2026-08-27T10:27:33.036+0200,dw06,0789,187,2762,88,-82,2761,2.32,82275
ground-height-0m-20260825-163632,d028m_r090_run01.csv,0,28,90,dw00;dw01;dw02;dw03;dw04;dw05;dw06;dw07;dw08,dw00;dw01;dw02;dw03;dw04;dw05;dw06;dw07;dw08,dw07;dw08,75,1,2026-08-27T10:27:33.066+0200,dw03,021B,84,2758,-33,-2148,1730,3.27,12237
ground-height-0m-20260825-163632,d028m_r090_run01.csv,0,28,90,dw00;dw01;dw02;dw03;dw04;dw05;dw06;dw07;dw08,dw00;dw01;dw02;dw03;dw04;dw05;dw06;dw07;dw08,dw07;dw08,15,1,2026-08-27T10:27:33.086+0200,dw00,8103,129,2777,-155,1905,2020,2.14,32257
ground-height-0m-20260825-163632,d028m_r090_run01.csv,0,28,90,dw00;dw01;dw02;dw03;dw04;dw05;dw06;dw07;dw08,dw00;dw01;dw02;dw03;dw04;dw05;dw06;dw07;dw08,dw07;dw08,35,1,2026-08-27T10:27:33.096+0200,dw01,1729,201,2768,-138,2188,1695,2.95,42327
ground-height-0m-20260825-163632,d028m_r090_run01.csv,0,28,90,dw00;dw01;dw02;dw03;dw04;dw05;dw06;dw07;dw08,dw00;dw01;dw02;dw03;dw04;dw05;dw06;dw07;dw08,dw07;dw08,55,1,2026-08-27T10:27:33.106+0200,dw02,8FB0,1,2763,-100,2763,0,3.51,52337
ground-height-0m-20260825-163632,d028m_r090_run01.csv,0,28,90,dw00;dw01;dw02;dw03;dw04;dw05;dw06;dw07;dw08,dw00;dw01;dw02;dw03;dw04;dw05;dw06;dw07;dw08,dw07;dw08,105,1,2026-08-27T10:27:33.126+0200,dw05,4B92,162,2763,51,-713,2670,3.39,72235
ground-height-0m-20260825-163632,d028m_r090_run01.csv,0,28,90,dw00;dw01;dw02;dw03;dw04;dw05;dw06;dw07;dw08,dw00;dw01;dw02;dw03;dw04;dw05;dw06;dw07;dw08,dw07;dw08,90,1,2026-08-27T10:27:33.216+0200,dw04,0F85,139,2761,5,-1487,2326,3.01,62255
ground-height-0m-20260825-163632,d028m_r090_run01.csv,0,28,90,dw00;dw01;dw02;dw03;dw04;dw05;dw06;dw07;dw08,dw00;dw01;dw02;dw03;dw04;dw05;dw06;dw07;dw08,dw07;dw08,125,1,2026-08-27T10:27:33.236+0200,dw06,0789,188,2766,93,3,2766,2.32,82275
ground-height-0m-20260825-163632,d028m_r090_run01.csv,0,28,90,dw00;dw01;dw02;dw03;dw04;dw05;dw06;dw07;dw08,dw00;dw01;dw02;dw03;dw04;dw05;dw06;dw07;dw08,dw07;dw08,75,1,2026-08-27T10:27:33.266+0200,dw03,021B,85,2753,-28,-2056,1831,3.33,12268
ground-height-0m-20260825-163632,d028m_r090_run01.csv,0,28,90,dw00;dw01;dw02;dw03;dw04;dw05;dw06;dw07;dw08,dw00;dw01;dw02;dw03;dw04;dw05;dw06;dw07;dw08,dw07;dw08,15,1,2026-08-27T10:27:33.286+0200,dw00,8103,130,2780,-155,1903,2026,2.02,32196
ground-height-0m-20260825-163632,d028m_r090_run01.csv,0,28,90,dw00;dw01;dw02;dw03;dw04;dw05;dw06;dw07;dw08,dw00;dw01;dw02;dw03;dw04;dw05;dw06;dw07;dw08,dw07;dw08,35,1,2026-08-27T10:27:33.297+0200,dw01,1729,202,2769,-145,2079,1829,2.95,42327
ground-height-0m-20260825-163632,d028m_r090_run01.csv,0,28,90,dw00;dw01;dw02;dw03;dw04;dw05;dw06;dw07;dw08,dw00;dw01;dw02;dw03;dw04;dw05;dw06;dw07;dw08,dw07;dw08,55,1,2026-08-27T10:27:33.306+0200,dw02,8FB0,2,2763,-87,2763,0,3.33,52307
ground-height-0m-20260825-163632,d028m_r090_run01.csv,0,28,90,dw00;dw01;dw02;dw03;dw04;dw05;dw06;dw07;dw08,dw00;dw01;dw02;dw03;dw04;dw05;dw06;dw07;dw08,dw07;dw08,105,1,2026-08-27T10:27:33.326+0200,dw05,4B92,163,2763,45,-804,2643,3.33,72235
ground-height-0m-20260825-163632,d028m_r090_run01.csv,0,28,90,dw00;dw01;dw02;dw03;dw04;dw05;dw06;dw07;dw08,dw00;dw01;dw02;dw03;dw04;dw05;dw06;dw07;dw08,dw07;dw08,90,1,2026-08-27T10:27:33.416+0200,dw04,0F85,140,2760,8,-1439,2355,2.95,62225
ground-height-0m-20260825-163632,d028m_r090_run01.csv,0,28,90,dw00;dw01;dw02;dw03;dw04;dw05;dw06;dw07;dw08,dw00;dw01;dw02;dw03;dw04;dw05;dw06;dw07;dw08,dw07;dw08,125,1,2026-08-27T10:27:33.436+0200,dw06,0789,189,2766,95,38,2765,2.32,82275
ground-height-0m-20260825-163632,d028m_r090_run01.csv,0,28,90,dw00;dw01;dw02;dw03;dw04;dw05;dw06;dw07;dw08,dw00;dw01;dw02;dw03;dw04;dw05;dw06;dw07;dw08,dw07;dw08,75,1,2026-08-27T10:27:33.466+0200,dw03,021B,86,2755,-36,-2200,1659,3.27,12268
ground-height-0m-20260825-163632,d028m_r090_run01.csv,0,28,90,dw00;dw01;dw02;dw03;dw04;dw05;dw06;dw07;dw08,dw00;dw01;dw02;dw03;dw04;dw05;dw06;dw07;dw08,dw07;dw08,15,1,2026-08-27T10:27:33.486+0200,dw00,8103,131,2779,-147,2044,1882,2.14,32226
ground-height-0m-20260825-163632,d028m_r090_run01.csv,0,28,90,dw00;dw01;dw02;dw03;dw04;dw05;dw06;dw07;dw08,dw00;dw01;dw02;dw03;dw04;dw05;dw06;dw07;dw08,dw07;dw08,35,1,2026-08-27T10:27:33.496+0200,dw01,1729,203,2764,-136,2229,1634,2.83,42327
ground-height-0m-20260825-163632,d028m_r090_run01.csv,0,28,90,dw00;dw01;dw02;dw03;dw04;dw05;dw06;dw07;dw08,dw00;dw01;dw02;dw03;dw04;dw05;dw06;dw07;dw08,dw07;dw08,55,1,2026-08-27T10:27:33.506+0200,dw02,8FB0,3,2761,-89,2761,0,3.39,52307
ground-height-0m-20260825-163632,d028m_r090_run01.csv,0,28,90,dw00;dw01;dw02;dw03;dw04;dw05;dw06;dw07;dw08,dw00;dw01;dw02;dw03;dw04;dw05;dw06;dw07;dw08,dw07;dw08,105,1,2026-08-27T10:27:33.526+0200,dw05,4B92,164,2760,43,-840,2629,3.33,72235
ground-height-0m-20260825-163632,d028m_r090_run01.csv,0,28,90,dw00;dw01;dw02;dw03;dw04;dw05;dw06;dw07;dw08,dw00;dw01;dw02;dw03;dw04;dw05;dw06;dw07;dw08,dw07;dw08,90,1,2026-08-27T10:27:33.616+0200,dw04,0F85,141,2761,6,-1474,2335,3.01,62225
ground-height-0m-20260825-163632,d028m_r090_run01.csv,0,28,90,dw00;dw01;dw02;dw03;dw04;dw05;dw06;dw07;dw08,dw00;dw01;dw02;dw03;dw04;dw05;dw06;dw07;dw08,dw07;dw08,125,1,2026-08-27T10:27:33.636+0200,dw06,0789,190,2758,96,52,2758,2.32,82305
ground-height-0m-20260825-163632,d028m_r090_run01.csv,0,28,90,dw00;dw01;dw02;dw03;dw04;dw05;dw06;dw07;dw08,dw00;dw01;dw02;dw03;dw04;dw05;dw06;dw07;dw08,dw07;dw08,75,1,2026-08-27T10:27:33.666+0200,dw03,021B,87,2754,-51,-2444,1270,3.33,12237
ground-height-0m-20260825-163632,d028m_r090_run01.csv,0,28,90,dw00;dw01;dw02;dw03;dw04;dw05;dw06;dw07;dw08,dw00;dw01;dw02;dw03;dw04;dw05;dw06;dw07;dw08,dw07;dw08,15,1,2026-08-27T10:27:33.686+0200,dw00,8103,132,2779,-166,1716,2186,2.26,32257
ground-height-0m-20260825-163632,d028m_r090_run01.csv,0,28,90,dw00;dw01;dw02;dw03;dw04;dw05;dw06;dw07;dw08,dw00;dw01;dw02;dw03;dw04;dw05;dw06;dw07;dw08,dw07;dw08,35,1,2026-08-27T10:27:33.696+0200,dw01,1729,204,2765,-142,2127,1766,2.89,42297
ground-height-0m-20260825-163632,d028m_r090_run01.csv,0,28,90,dw00;dw01;dw02;dw03;dw04;dw05;dw06;dw07;dw08,dw00;dw01;dw02;dw03;dw04;dw05;dw06;dw07;dw08,dw07;dw08,55,1,2026-08-27T10:27:33.706+0200,dw02,8FB0,4,2761,-95,2760,0,3.45,52368
ground-height-0m-20260825-163632,d028m_r090_run01.csv,0,28,90,dw00;dw01;dw02;dw03;dw04;dw05;dw06;dw07;dw08,dw00;dw01;dw02;dw03;dw04;dw05;dw06;dw07;dw08,dw07;dw08,105,1,2026-08-27T10:27:33.726+0200,dw05,4B92,165,2761,53,-670,2678,3.39,72265
ground-height-0m-20260825-163632,d028m_r090_run01.csv,0,28,90,dw00;dw01;dw02;dw03;dw04;dw05;dw06;dw07;dw08,dw00;dw01;dw02;dw03;dw04;dw05;dw06;dw07;dw08,dw07;dw08,90,1,2026-08-27T10:27:33.816+0200,dw04,0F85,142,2760,7,-1451,2348,3.06,62255
ground-height-0m-20260825-163632,d028m_r090_run01.csv,0,28,90,dw00;dw01;dw02;dw03;dw04;dw05;dw06;dw07;dw08,dw00;dw01;dw02;dw03;dw04;dw05;dw06;dw07;dw08,dw07;dw08,125,1,2026-08-27T10:27:33.836+0200,dw06,0789,191,2762,97,78,2761,2.32,82244
ground-height-0m-20260825-163632,d028m_r090_run01.csv,0,28,90,dw00;dw01;dw02;dw03;dw04;dw05;dw06;dw07;dw08,dw00;dw01;dw02;dw03;dw04;dw05;dw06;dw07;dw08,dw07;dw08,75,1,2026-08-27T10:27:33.866+0200,dw03,021B,88,2752,-34,-2159,1706,3.27,12268
ground-height-0m-20260825-163632,d028m_r090_run01.csv,0,28,90,dw00;dw01;dw02;dw03;dw04;dw05;dw06;dw07;dw08,dw00;dw01;dw02;dw03;dw04;dw05;dw06;dw07;dw08,dw07;dw08,15,1,2026-08-27T10:27:33.885+0200,dw00,8103,133,2778,-157,1881,2044,2.08,32257
ground-height-0m-20260825-163632,d028m_r090_run01.csv,0,28,90,dw00;dw01;dw02;dw03;dw04;dw05;dw06;dw07;dw08,dw00;dw01;dw02;dw03;dw04;dw05;dw06;dw07;dw08,dw07;dw08,35,1,2026-08-27T10:27:33.896+0200,dw01,1729,205,2764,-135,2232,1630,2.95,42327
ground-height-0m-20260825-163632,d028m_r090_run01.csv,0,28,90,dw00;dw01;dw02;dw03;dw04;dw05;dw06;dw07;dw08,dw00;dw01;dw02;dw03;dw04;dw05;dw06;dw07;dw08,dw07;dw08,55,1,2026-08-27T10:27:33.906+0200,dw02,8FB0,5,2761,-94,2760,0,3.39,52307
ground-height-0m-20260825-163632,d028m_r090_run01.csv,0,28,90,dw00;dw01;dw02;dw03;dw04;dw05;dw06;dw07;dw08,dw00;dw01;dw02;dw03;dw04;dw05;dw06;dw07;dw08,dw07;dw08,105,1,2026-08-27T10:27:33.925+0200,dw05,4B92,166,2763,47,-769,2653,3.33,72235
ground-height-0m-20260825-163632,d028m_r090_run01.csv,0,28,90,dw00;dw01;dw02;dw03;dw04;dw05;dw06;dw07;dw08,dw00;dw01;dw02;dw03;dw04;dw05;dw06;dw07;dw08,dw07;dw08,90,1,2026-08-27T10:27:34.015+0200,dw04,0F85,143,2761,3,-1518,2307,3.06,62255
ground-height-0m-20260825-163632,d028m_r090_run01.csv,0,28,90,dw00;dw01;dw02;dw03;dw04;dw05;dw06;dw07;dw08,dw00;dw01;dw02;dw03;dw04;dw05;dw06;dw07;dw08,dw07;dw08,125,1,2026-08-27T10:27:34.036+0200,dw06,0789,192,2761,91,-21,2761,2.26,82305
ground-height-0m-20260825-163632,d028m_r090_run01.csv,0,28,90,dw00;dw01;dw02;dw03;dw04;dw05;dw06;dw07;dw08,dw00;dw01;dw02;dw03;dw04;dw05;dw06;dw07;dw08,dw07;dw08,75,1,2026-08-27T10:27:34.066+0200,dw03,021B,89,2753,-41,-2279,1545,3.33,12298
ground-height-0m-20260825-163632,d028m_r090_run01.csv,0,28,90,dw00;dw01;dw02;dw03;dw04;dw05;dw06;dw07;dw08,dw00;dw01;dw02;dw03;dw04;dw05;dw06;dw07;dw08,dw07;dw08,15,1,2026-08-27T10:27:34.086+0200,dw00,8103,134,2772,-162,1778,2127,2.14,32257
ground-height-0m-20260825-163632,d028m_r090_run01.csv,0,28,90,dw00;dw01;dw02;dw03;dw04;dw05;dw06;dw07;dw08,dw00;dw01;dw02;dw03;dw04;dw05;dw06;dw07;dw08,dw07;dw08,35,1,2026-08-27T10:27:34.096+0200,dw01,1729,206,2767,-127,2383,1404,2.95,42327
ground-height-0m-20260825-163632,d028m_r090_run01.csv,0,28,90,dw00;dw01;dw02;dw03;dw04;dw05;dw06;dw07;dw08,dw00;dw01;dw02;dw03;dw04;dw05;dw06;dw07;dw08,dw07;dw08,55,1,2026-08-27T10:27:34.106+0200,dw02,8FB0,6,2754,-94,2754,0,3.45,52337
ground-height-0m-20260825-163632,d028m_r090_run01.csv,0,28,90,dw00;dw01;dw02;dw03;dw04;dw05;dw06;dw07;dw08,dw00;dw01;dw02;dw03;dw04;dw05;dw06;dw07;dw08,dw07;dw08,105,1,2026-08-27T10:27:34.126+0200,dw05,4B92,167,2764,45,-805,2644,3.33,72296
ground-height-0m-20260825-163632,d028m_r090_run01.csv,0,28,90,dw00;dw01;dw02;dw03;dw04;dw05;dw06;dw07;dw08,dw00;dw01;dw02;dw03;dw04;dw05;dw06;dw07;dw08,dw07;dw08,90,1,2026-08-27T10:27:34.215+0200,dw04,0F85,144,2764,2,-1532,2300,2.95,62225
ground-height-0m-20260825-163632,d028m_r090_run01.csv,0,28,90,dw00;dw01;dw02;dw03;dw04;dw05;dw06;dw07;dw08,dw00;dw01;dw02;dw03;dw04;dw05;dw06;dw07;dw08,dw07;dw08,125,1,2026-08-27T10:27:34.236+0200,dw06,0789,193,2759,101,137,2756,2.20,82244
ground-height-0m-20260825-163632,d028m_r090_run01.csv,0,28,90,dw00;dw01;dw02;dw03;dw04;dw05;dw06;dw07;dw08,dw00;dw01;dw02;dw03;dw04;dw05;dw06;dw07;dw08,dw07;dw08,75,1,2026-08-27T10:27:34.265+0200,dw03,021B,90,2751,-48,-2391,1361,3.21,12268
ground-height-0m-20260825-163632,d028m_r090_run01.csv,0,28,90,dw00;dw01;dw02;dw03;dw04;dw05;dw06;dw07;dw08,dw00;dw01;dw02;dw03;dw04;dw05;dw06;dw07;dw08,dw07;dw08,15,1,2026-08-27T10:27:34.286+0200,dw00,8103,135,2777,-163,1767,2143,2.08,32257
ground-height-0m-20260825-163632,d028m_r090_run01.csv,0,28,90,dw00;dw01;dw02;dw03;dw04;dw05;dw06;dw07;dw08,dw00;dw01;dw02;dw03;dw04;dw05;dw06;dw07;dw08,dw07;dw08,35,1,2026-08-27T10:27:34.295+0200,dw01,1729,207,2774,-148,2020,1901,2.95,42358
ground-height-0m-20260825-163632,d028m_r090_run01.csv,0,28,90,dw00;dw01;dw02;dw03;dw04;dw05;dw06;dw07;dw08,dw00;dw01;dw02;dw03;dw04;dw05;dw06;dw07;dw08,dw07;dw08,55,1,2026-08-27T10:27:34.305+0200,dw02,8FB0,7,2761,-106,2735,374,3.39,52337
ground-height-0m-20260825-163632,d028m_r090_run01.csv,0,28,90,dw00;dw01;dw02;dw03;dw04;dw05;dw06;dw07;dw08,dw00;dw01;dw02;dw03;dw04;dw05;dw06;dw07;dw08,dw07;dw08,105,1,2026-08-27T10:27:34.326+0200,dw05,4B92,168,2762,44,-828,2635,3.33,72235
ground-height-0m-20260825-163632,d028m_r090_run01.csv,0,28,90,dw00;dw01;dw02;dw03;dw04;dw05;dw06;dw07;dw08,dw00;dw01;dw02;dw03;dw04;dw05;dw06;dw07;dw08,dw07;dw08,90,1,2026-08-27T10:27:34.416+0200,dw04,0F85,145,2764,2,-1546,2291,3.15,62225
ground-height-0m-20260825-163632,d028m_r090_run01.csv,0,28,90,dw00;dw01;dw02;dw03;dw04;dw05;dw06;dw07;dw08,dw00;dw01;dw02;dw03;dw04;dw05;dw06;dw07;dw08,dw07;dw08,125,1,2026-08-27T10:27:34.436+0200,dw06,0789,194,2764,92,0,2764,2.26,82305
ground-height-0m-20260825-163632,d028m_r090_run01.csv,0,28,90,dw00;dw01;dw02;dw03;dw04;dw05;dw06;dw07;dw08,dw00;dw01;dw02;dw03;dw04;dw05;dw06;dw07;dw08,dw07;dw08,75,1,2026-08-27T10:27:34.465+0200,dw03,021B,91,2751,-53,-2474,1202,3.33,12268
ground-height-0m-20260825-163632,d028m_r090_run01.csv,0,28,90,dw00;dw01;dw02;dw03;dw04;dw05;dw06;dw07;dw08,dw00;dw01;dw02;dw03;dw04;dw05;dw06;dw07;dw08,dw07;dw08,15,1,2026-08-27T10:27:34.486+0200,dw00,8103,136,2778,-158,1852,2071,2.14,32257
ground-height-0m-20260825-163632,d028m_r090_run01.csv,0,28,90,dw00;dw01;dw02;dw03;dw04;dw05;dw06;dw07;dw08,dw00;dw01;dw02;dw03;dw04;dw05;dw06;dw07;dw08,dw07;dw08,35,1,2026-08-27T10:27:34.496+0200,dw01,1729,208,2769,-128,2369,1433,2.83,42327
ground-height-0m-20260825-163632,d028m_r090_run01.csv,0,28,90,dw00;dw01;dw02;dw03;dw04;dw05;dw06;dw07;dw08,dw00;dw01;dw02;dw03;dw04;dw05;dw06;dw07;dw08,dw07;dw08,55,1,2026-08-27T10:27:34.505+0200,dw02,8FB0,8,2759,-88,2759,0,3.45,52307
ground-height-0m-20260825-163632,d028m_r090_run01.csv,0,28,90,dw00;dw01;dw02;dw03;dw04;dw05;dw06;dw07;dw08,dw00;dw01;dw02;dw03;dw04;dw05;dw06;dw07;dw08,dw07;dw08,105,1,2026-08-27T10:27:34.526+0200,dw05,4B92,169,2763,46,-795,2646,3.33,72296
ground-height-0m-20260825-163632,d028m_r090_run01.csv,0,28,90,dw00;dw01;dw02;dw03;dw04;dw05;dw06;dw07;dw08,dw00;dw01;dw02;dw03;dw04;dw05;dw06;dw07;dw08,dw07;dw08,90,1,2026-08-27T10:27:34.616+0200,dw04,0F85,146,2762,10,-1405,2377,3.06,62255
ground-height-0m-20260825-163632,d028m_r090_run01.csv,0,28,90,dw00;dw01;dw02;dw03;dw04;dw05;dw06;dw07;dw08,dw00;dw01;dw02;dw03;dw04;dw05;dw06;dw07;dw08,dw07;dw08,125,1,2026-08-27T10:27:34.635+0200,dw06,0789,195,2759,106,229,2750,2.20,82244
ground-height-0m-20260825-163632,d028m_r090_run01.csv,0,28,90,dw00;dw01;dw02;dw03;dw04;dw05;dw06;dw07;dw08,dw00;dw01;dw02;dw03;dw04;dw05;dw06;dw07;dw08,dw07;dw08,75,1,2026-08-27T10:27:34.666+0200,dw03,021B,92,2749,-48,-2391,1356,3.33,12268
ground-height-0m-20260825-163632,d028m_r090_run01.csv,0,28,90,dw00;dw01;dw02;dw03;dw04;dw05;dw06;dw07;dw08,dw00;dw01;dw02;dw03;dw04;dw05;dw06;dw07;dw08,dw07;dw08,15,1,2026-08-27T10:27:34.685+0200,dw00,8103,137,2780,-154,1930,2001,2.26,32287
ground-height-0m-20260825-163632,d028m_r090_run01.csv,0,28,90,dw00;dw01;dw02;dw03;dw04;dw05;dw06;dw07;dw08,dw00;dw01;dw02;dw03;dw04;dw05;dw06;dw07;dw08,dw07;dw08,35,1,2026-08-27T10:27:34.696+0200,dw01,1729,209,2765,-145,2061,1842,2.77,42327
ground-height-0m-20260825-163632,d028m_r090_run01.csv,0,28,90,dw00;dw01;dw02;dw03;dw04;dw05;dw06;dw07;dw08,dw00;dw01;dw02;dw03;dw04;dw05;dw06;dw07;dw08,dw07;dw08,55,1,2026-08-27T10:27:34.706+0200,dw02,8FB0,9,2762,-105,2749,271,3.45,52307
ground-height-0m-20260825-163632,d028m_r090_run01.csv,0,28,90,dw00;dw01;dw02;dw03;dw04;dw05;dw06;dw07;dw08,dw00;dw01;dw02;dw03;dw04;dw05;dw06;dw07;dw08,dw07;dw08,105,1,2026-08-27T10:27:34.725+0200,dw05,4B92,170,2763,45,-805,2643,3.27,72265
ground-height-0m-20260825-163632,d028m_r090_run01.csv,0,28,90,dw00;dw01;dw02;dw03;dw04;dw05;dw06;dw07;dw08,dw00;dw01;dw02;dw03;dw04;dw05;dw06;dw07;dw08,dw07;dw08,90,1,2026-08-27T10:27:34.815+0200,dw04,0F85,147,2763,9,-1426,2366,3.06,62225
ground-height-0m-20260825-163632,d028m_r090_run01.csv,0,28,90,dw00;dw01;dw02;dw03;dw04;dw05;dw06;dw07;dw08,dw00;dw01;dw02;dw03;dw04;dw05;dw06;dw07;dw08,dw07;dw08,125,1,2026-08-27T10:27:34.835+0200,dw06,0789,196,2759,105,214,2751,2.20,82305
ground-height-0m-20260825-163632,d028m_r090_run01.csv,0,28,90,dw00;dw01;dw02;dw03;dw04;dw05;dw06;dw07;dw08,dw00;dw01;dw02;dw03;dw04;dw05;dw06;dw07;dw08,dw07;dw08,75,1,2026-08-27T10:27:34.866+0200,dw03,021B,93,2751,-40,-2254,1577,3.33,12268
ground-height-0m-20260825-163632,d028m_r090_run01.csv,0,28,90,dw00;dw01;dw02;dw03;dw04;dw05;dw06;dw07;dw08,dw00;dw01;dw02;dw03;dw04;dw05;dw06;dw07;dw08,dw07;dw08,15,1,2026-08-27T10:27:34.885+0200,dw00,8103,138,2780,-152,1964,1967,2.26,32196
ground-height-0m-20260825-163632,d028m_r090_run01.csv,0,28,90,dw00;dw01;dw02;dw03;dw04;dw05;dw06;dw07;dw08,dw00;dw01;dw02;dw03;dw04;dw05;dw06;dw07;dw08,dw07;dw08,35,1,2026-08-27T10:27:34.895+0200,dw01,1729,210,2763,-144,2087,1810,2.83,42327
ground-height-0m-20260825-163632,d028m_r090_run01.csv,0,28,90,dw00;dw01;dw02;dw03;dw04;dw05;dw06;dw07;dw08,dw00;dw01;dw02;dw03;dw04;dw05;dw06;dw07;dw08,dw07;dw08,55,1,2026-08-27T10:27:34.906+0200,dw02,8FB0,10,2759,-91,2759,0,3.45,52337
ground-height-0m-20260825-163632,d028m_r090_run01.csv,0,28,90,dw00;dw01;dw02;dw03;dw04;dw05;dw06;dw07;dw08,dw00;dw01;dw02;dw03;dw04;dw05;dw06;dw07;dw08,dw07;dw08,105,1,2026-08-27T10:27:34.925+0200,dw05,4B92,171,2761,44,-824,2636,3.33,72235
ground-height-0m-20260825-163632,d028m_r090_run01.csv,0,28,90,dw00;dw01;dw02;dw03;dw04;dw05;dw06;dw07;dw08,dw00;dw01;dw02;dw03;dw04;dw05;dw06;dw07;dw08,dw07;dw08,90,1,2026-08-27T10:27:35.015+0200,dw04,0F85,148,2758,12,-1361,2399,2.95,62225
ground-height-0m-20260825-163632,d028m_r090_run01.csv,0,28,90,dw00;dw01;dw02;dw03;dw04;dw05;dw06;dw07;dw08,dw00;dw01;dw02;dw03;dw04;dw05;dw06;dw07;dw08,dw07;dw08,125,1,2026-08-27T10:27:35.036+0200,dw06,0789,197,2761,93,7,2761,2.26,82275
ground-height-0m-20260825-163632,d028m_r090_run01.csv,0,28,90,dw00;dw01;dw02;dw03;dw04;dw05;dw06;dw07;dw08,dw00;dw01;dw02;dw03;dw04;dw05;dw06;dw07;dw08,dw07;dw08,75,1,2026-08-27T10:27:35.065+0200,dw03,021B,94,2752,-27,-2042,1844,3.27,12268
ground-height-0m-20260825-163632,d028m_r090_run01.csv,0,28,90,dw00;dw01;dw02;dw03;dw04;dw05;dw06;dw07;dw08,dw00;dw01;dw02;dw03;dw04;dw05;dw06;dw07;dw08,dw07;dw08,15,1,2026-08-27T10:27:35.085+0200,dw00,8103,139,2776,-158,1861,2060,2.14,32226
ground-height-0m-20260825-163632,d028m_r090_run01.csv,0,28,90,dw00;dw01;dw02;dw03;dw04;dw05;dw06;dw07;dw08,dw00;dw01;dw02;dw03;dw04;dw05;dw06;dw07;dw08,dw07;dw08,35,1,2026-08-27T10:27:35.095+0200,dw01,1729,211,2761,-132,2289,1545,2.95,42297
ground-height-0m-20260825-163632,d028m_r090_run01.csv,0,28,90,dw00;dw01;dw02;dw03;dw04;dw05;dw06;dw07;dw08,dw00;dw01;dw02;dw03;dw04;dw05;dw06;dw07;dw08,dw07;dw08,55,1,2026-08-27T10:27:35.105+0200,dw02,8FB0,11,2759,-96,2759,0,3.39,52307
ground-height-0m-20260825-163632,d028m_r090_run01.csv,0,28,90,dw00;dw01;dw02;dw03;dw04;dw05;dw06;dw07;dw08,dw00;dw01;dw02;dw03;dw04;dw05;dw06;dw07;dw08,dw07;dw08,105,1,2026-08-27T10:27:35.125+0200,dw05,4B92,172,2761,48,-751,2657,3.33,72265
ground-height-0m-20260825-163632,d028m_r090_run01.csv,0,28,90,dw00;dw01;dw02;dw03;dw04;dw05;dw06;dw07;dw08,dw00;dw01;dw02;dw03;dw04;dw05;dw06;dw07;dw08,dw07;dw08,90,1,2026-08-27T10:27:35.215+0200,dw04,0F85,149,2760,4,-1497,2319,3.15,62225
ground-height-0m-20260825-163632,d028m_r090_run01.csv,0,28,90,dw00;dw01;dw02;dw03;dw04;dw05;dw06;dw07;dw08,dw00;dw01;dw02;dw03;dw04;dw05;dw06;dw07;dw08,dw07;dw08,125,1,2026-08-27T10:27:35.235+0200,dw06,0789,198,2762,84,-143,2759,2.32,82244
ground-height-0m-20260825-163632,d028m_r090_run01.csv,0,28,90,dw00;dw01;dw02;dw03;dw04;dw05;dw06;dw07;dw08,dw00;dw01;dw02;dw03;dw04;dw05;dw06;dw07;dw08,dw07;dw08,75,1,2026-08-27T10:27:35.265+0200,dw03,021B,95,2753,-42,-2299,1514,3.33,12268
ground-height-0m-20260825-163632,d028m_r090_run01.csv,0,28,90,dw00;dw01;dw02;dw03;dw04;dw05;dw06;dw07;dw08,dw00;dw01;dw02;dw03;dw04;dw05;dw06;dw07;dw08,dw07;dw08,15,1,2026-08-27T10:27:35.286+0200,dw00,8103,140,2778,-158,1854,2068,2.08,32287
ground-height-0m-20260825-163632,d028m_r090_run01.csv,0,28,90,dw00;dw01;dw02;dw03;dw04;dw05;dw06;dw07;dw08,dw00;dw01;dw02;dw03;dw04;dw05;dw06;dw07;dw08,dw07;dw08,35,1,2026-08-27T10:27:35.295+0200,dw01,1729,212,2767,-134,2253,1606,2.83,42327
ground-height-0m-20260825-163632,d028m_r090_run01.csv,0,28,90,dw00;dw01;dw02;dw03;dw04;dw05;dw06;dw07;dw08,dw00;dw01;dw02;dw03;dw04;dw05;dw06;dw07;dw08,dw07;dw08,55,1,2026-08-27T10:27:35.305+0200,dw02,8FB0,12,2760,-75,-2760,0,3.39,52307
ground-height-0m-20260825-163632,d028m_r090_run01.csv,0,28,90,dw00;dw01;dw02;dw03;dw04;dw05;dw06;dw07;dw08,dw00;dw01;dw02;dw03;dw04;dw05;dw06;dw07;dw08,dw07;dw08,105,1,2026-08-27T10:27:35.326+0200,dw05,4B92,173,2759,57,-603,2692,3.33,72265
ground-height-0m-20260825-163632,d028m_r090_run01.csv,0,28,90,dw00;dw01;dw02;dw03;dw04;dw05;dw06;dw07;dw08,dw00;dw01;dw02;dw03;dw04;dw05;dw06;dw07;dw08,dw07;dw08,90,1,2026-08-27T10:27:35.415+0200,dw04,0F85,150,2762,1,-1562,2278,3.01,62255
ground-height-0m-20260825-163632,d028m_r090_run01.csv,0,28,90,dw00;dw01;dw02;dw03;dw04;dw05;dw06;dw07;dw08,dw00;dw01;dw02;dw03;dw04;dw05;dw06;dw07;dw08,dw07;dw08,125,1,2026-08-27T10:27:35.435+0200,dw06,0789,199,2762,95,49,2762,2.20,82305
ground-height-0m-20260825-163632,d028m_r090_run01.csv,0,28,90,dw00;dw01;dw02;dw03;dw04;dw05;dw06;dw07;dw08,dw00;dw01;dw02;dw03;dw04;dw05;dw06;dw07;dw08,dw07;dw08,75,1,2026-08-27T10:27:35.465+0200,dw03,021B,96,2754,-54,-2506,1143,3.33,12268
ground-height-0m-20260825-163632,d028m_r090_run01.csv,0,28,90,dw00;dw01;dw02;dw03;dw04;dw05;dw06;dw07;dw08,dw00;dw01;dw02;dw03;dw04;dw05;dw06;dw07;dw08,dw07;dw08,15,1,2026-08-27T10:27:35.485+0200,dw00,8103,141,2777,-154,1927,2000,2.20,32257
ground-height-0m-20260825-163632,d028m_r090_run01.csv,0,28,90,dw00;dw01;dw02;dw03;dw04;dw05;dw06;dw07;dw08,dw00;dw01;dw02;dw03;dw04;dw05;dw06;dw07;dw08,dw07;dw08,35,1,2026-08-27T10:27:35.496+0200,dw01,1729,213,2774,-125,2413,1368,2.95,42327
ground-height-0m-20260825-163632,d028m_r090_run01.csv,0,28,90,dw00;dw01;dw02;dw03;dw04;dw05;dw06;dw07;dw08,dw00;dw01;dw02;dw03;dw04;dw05;dw06;dw07;dw08,dw07;dw08,55,1,2026-08-27T10:27:35.505+0200,dw02,8FB0,13,2760,-95,2760,0,3.45,52307
ground-height-0m-20260825-163632,d028m_r090_run01.csv,0,28,90,dw00;dw01;dw02;dw03;dw04;dw05;dw06;dw07;dw08,dw00;dw01;dw02;dw03;dw04;dw05;dw06;dw07;dw08,dw07;dw08,105,1,2026-08-27T10:27:35.525+0200,dw05,4B92,174,2762,53,-670,2679,3.33,72235
ground-height-0m-20260825-163632,d028m_r090_run01.csv,0,28,90,dw00;dw01;dw02;dw03;dw04;dw05;dw06;dw07;dw08,dw00;dw01;dw02;dw03;dw04;dw05;dw06;dw07;dw08,dw07;dw08,90,1,2026-08-27T10:27:35.615+0200,dw04,0F85,151,2761,-1,-1607,2245,3.09,62255
ground-height-0m-20260825-163632,d028m_r090_run01.csv,0,28,90,dw00;dw01;dw02;dw03;dw04;dw05;dw06;dw07;dw08,dw00;dw01;dw02;dw03;dw04;dw05;dw06;dw07;dw08,dw07;dw08,75,1,2026-08-27T10:27:35.665+0200,dw03,021B,97,2754,-43,-2318,1487,3.33,12298
ground-height-0m-20260825-163632,d028m_r090_run01.csv,0,28,90,dw00;dw01;dw02;dw03;dw04;dw05;dw06;dw07;dw08,dw00;dw01;dw02;dw03;dw04;dw05;dw06;dw07;dw08,dw07;dw08,15,1,2026-08-27T10:27:35.685+0200,dw00,8103,142,2779,-163,1778,2136,2.14,32196
ground-height-0m-20260825-163632,d028m_r090_run01.csv,0,28,90,dw00;dw01;dw02;dw03;dw04;dw05;dw06;dw07;dw08,dw00;dw01;dw02;dw03;dw04;dw05;dw06;dw07;dw08,dw07;dw08,35,1,2026-08-27T10:27:35.695+0200,dw01,1729,214,2768,-132,2288,1559,2.77,42327
ground-height-0m-20260825-163632,d028m_r090_run01.csv,0,28,90,dw00;dw01;dw02;dw03;dw04;dw05;dw06;dw07;dw08,dw00;dw01;dw02;dw03;dw04;dw05;dw06;dw07;dw08,dw07;dw08,55,1,2026-08-27T10:27:35.705+0200,dw02,8FB0,14,2759,-88,2759,0,3.45,52307
ground-height-0m-20260825-163632,d028m_r090_run01.csv,0,28,90,dw00;dw01;dw02;dw03;dw04;dw05;dw06;dw07;dw08,dw00;dw01;dw02;dw03;dw04;dw05;dw06;dw07;dw08,dw07;dw08,105,1,2026-08-27T10:27:35.725+0200,dw05,4B92,175,2758,39,-906,2605,3.33,72204
ground-height-0m-20260825-163632,d028m_r090_run01.csv,0,28,90,dw00;dw01;dw02;dw03;dw04;dw05;dw06;dw07;dw08,dw00;dw01;dw02;dw03;dw04;dw05;dw06;dw07;dw08,dw07;dw08,90,1,2026-08-27T10:27:35.815+0200,dw04,0F85,152,2761,6,-1476,2334,3.06,62225
ground-height-0m-20260825-163632,d028m_r090_run01.csv,0,28,90,dw00;dw01;dw02;dw03;dw04;dw05;dw06;dw07;dw08,dw00;dw01;dw02;dw03;dw04;dw05;dw06;dw07;dw08,dw07;dw08,125,1,2026-08-27T10:27:35.851+0200,dw06,0789,201,2761,95,45,2760,2.38,2147483
ground-height-0m-20260825-163632,d028m_r090_run01.csv,0,28,90,dw00;dw01;dw02;dw03;dw04;dw05;dw06;dw07;dw08,dw00;dw01;dw02;dw03;dw04;dw05;dw06;dw07;dw08,dw07;dw08,75,1,2026-08-27T10:27:35.865+0200,dw03,021B,98,2755,-38,-2225,1624,3.33,12268
ground-height-0m-20260825-163632,d028m_r090_run01.csv,0,28,90,dw00;dw01;dw02;dw03;dw04;dw05;dw06;dw07;dw08,dw00;dw01;dw02;dw03;dw04;dw05;dw06;dw07;dw08,dw07;dw08,15,1,2026-08-27T10:27:35.885+0200,dw00,8103,143,2779,-154,1926,2004,2.14,32226
ground-height-0m-20260825-163632,d028m_r090_run01.csv,0,28,90,dw00;dw01;dw02;dw03;dw04;dw05;dw06;dw07;dw08,dw00;dw01;dw02;dw03;dw04;dw05;dw06;dw07;dw08,dw07;dw08,35,1,2026-08-27T10:27:35.895+0200,dw01,1729,215,2768,-129,2341,1478,2.89,42327
ground-height-0m-20260825-163632,d028m_r090_run01.csv,0,28,90,dw00;dw01;dw02;dw03;dw04;dw05;dw06;dw07;dw08,dw00;dw01;dw02;dw03;dw04;dw05;dw06;dw07;dw08,dw07;dw08,55,1,2026-08-27T10:27:35.905+0200,dw02,8FB0,15,2760,-88,2760,0,3.57,52337
ground-height-0m-20260825-163632,d028m_r090_run01.csv,0,28,90,dw00;dw01;dw02;dw03;dw04;dw05;dw06;dw07;dw08,dw00;dw01;dw02;dw03;dw04;dw05;dw06;dw07;dw08,dw07;dw08,105,1,2026-08-27T10:27:35.925+0200,dw05,4B92,176,2761,47,-775,2649,3.33,72265
ground-height-0m-20260825-163632,d028m_r090_run01.csv,0,28,90,dw00;dw01;dw02;dw03;dw04;dw05;dw06;dw07;dw08,dw00;dw01;dw02;dw03;dw04;dw05;dw06;dw07;dw08,dw07;dw08,90,1,2026-08-27T10:27:36.015+0200,dw04,0F85,153,2762,1,-1550,2286,3.06,62255
ground-height-0m-20260825-163632,d028m_r090_run01.csv,0,28,90,dw00;dw01;dw02;dw03;dw04;dw05;dw06;dw07;dw08,dw00;dw01;dw02;dw03;dw04;dw05;dw06;dw07;dw08,dw07;dw08,125,1,2026-08-27T10:27:36.036+0200,dw06,0789,202,2760,106,229,2750,2.32,82336
ground-height-0m-20260825-163632,d028m_r090_run01.csv,0,28,90,dw00;dw01;dw02;dw03;dw04;dw05;dw06;dw07;dw08,dw00;dw01;dw02;dw03;dw04;dw05;dw06;dw07;dw08,dw07;dw08,75,1,2026-08-27T10:27:36.065+0200,dw03,021B,99,2752,-34,-2168,1694,3.27,12268
ground-height-0m-20260825-163632,d028m_r090_run01.csv,0,28,90,dw00;dw01;dw02;dw03;dw04;dw05;dw06;dw07;dw08,dw00;dw01;dw02;dw03;dw04;dw05;dw06;dw07;dw08,dw07;dw08,15,1,2026-08-27T10:27:36.085+0200,dw00,8103,144,2777,-162,1795,2119,2.08,32226
ground-height-0m-20260825-163632,d028m_r090_run01.csv,0,28,90,dw00;dw01;dw02;dw03;dw04;dw05;dw06;dw07;dw08,dw00;dw01;dw02;dw03;dw04;dw05;dw06;dw07;dw08,dw07;dw08,35,1,2026-08-27T10:27:36.095+0200,dw01,1729,216,2768,-134,2266,1589,3.06,42327
ground-height-0m-20260825-163632,d028m_r090_run01.csv,0,28,90,dw00;dw01;dw02;dw03;dw04;dw05;dw06;dw07;dw08,dw00;dw01;dw02;dw03;dw04;dw05;dw06;dw07;dw08,dw07;dw08,55,1,2026-08-27T10:27:36.105+0200,dw02,8FB0,16,2757,-87,2757,0,3.45,52368
ground-height-0m-20260825-163632,d028m_r090_run01.csv,0,28,90,dw00;dw01;dw02;dw03;dw04;dw05;dw06;dw07;dw08,dw00;dw01;dw02;dw03;dw04;dw05;dw06;dw07;dw08,dw07;dw08,105,1,2026-08-27T10:27:36.125+0200,dw05,4B92,177,2761,46,-795,2644,3.39,72265
ground-height-0m-20260825-163632,d028m_r090_run01.csv,0,28,90,dw00;dw01;dw02;dw03;dw04;dw05;dw06;dw07;dw08,dw00;dw01;dw02;dw03;dw04;dw05;dw06;dw07;dw08,dw07;dw08,90,1,2026-08-27T10:27:36.215+0200,dw04,0F85,154,2762,16,-1304,2435,3.01,62225
ground-height-0m-20260825-163632,d028m_r090_run01.csv,0,28,90,dw00;dw01;dw02;dw03;dw04;dw05;dw06;dw07;dw08,dw00;dw01;dw02;dw03;dw04;dw05;dw06;dw07;dw08,dw07;dw08,125,1,2026-08-27T10:27:36.235+0200,dw06,0789,203,2765,99,110,2763,2.26,82275
ground-height-0m-20260825-163632,d028m_r090_run01.csv,0,28,90,dw00;dw01;dw02;dw03;dw04;dw05;dw06;dw07;dw08,dw00;dw01;dw02;dw03;dw04;dw05;dw06;dw07;dw08,dw07;dw08,75,1,2026-08-27T10:27:36.265+0200,dw03,021B,100,2754,-33,-2152,1719,3.33,12268
ground-height-0m-20260825-163632,d028m_r090_run01.csv,0,28,90,dw00;dw01;dw02;dw03;dw04;dw05;dw06;dw07;dw08,dw00;dw01;dw02;dw03;dw04;dw05;dw06;dw07;dw08,dw07;dw08,15,1,2026-08-27T10:27:36.285+0200,dw00,8103,145,2779,-160,1815,2105,2.14,32257
ground-height-0m-20260825-163632,d028m_r090_run01.csv,0,28,90,dw00;dw01;dw02;dw03;dw04;dw05;dw06;dw07;dw08,dw00;dw01;dw02;dw03;dw04;dw05;dw06;dw07;dw08,dw07;dw08,35,1,2026-08-27T10:27:36.295+0200,dw01,1729,217,2764,-133,2272,1574,3.01,42327
ground-height-0m-20260825-163632,d028m_r090_run01.csv,0,28,90,dw00;dw01;dw02;dw03;dw04;dw05;dw06;dw07;dw08,dw00;dw01;dw02;dw03;dw04;dw05;dw06;dw07;dw08,dw07;dw08,55,1,2026-08-27T10:27:36.305+0200,dw02,8FB0,17,2760,-92,2760,0,3.57,52307
ground-height-0m-20260825-163632,d028m_r090_run01.csv,0,28,90,dw00;dw01;dw02;dw03;dw04;dw05;dw06;dw07;dw08,dw00;dw01;dw02;dw03;dw04;dw05;dw06;dw07;dw08,dw07;dw08,105,1,2026-08-27T10:27:36.325+0200,dw05,4B92,178,2763,48,-759,2657,3.33,72265
ground-height-0m-20260825-163632,d028m_r090_run01.csv,0,28,90,dw00;dw01;dw02;dw03;dw04;dw05;dw06;dw07;dw08,dw00;dw01;dw02;dw03;dw04;dw05;dw06;dw07;dw08,dw07;dw08,90,1,2026-08-27T10:27:36.414+0200,dw04,0F85,155,2761,9,-1412,2373,3.06,62225
ground-height-0m-20260825-163632,d028m_r090_run01.csv,0,28,90,dw00;dw01;dw02;dw03;dw04;dw05;dw06;dw07;dw08,dw00;dw01;dw02;dw03;dw04;dw05;dw06;dw07;dw08,dw07;dw08,125,1,2026-08-27T10:27:36.435+0200,dw06,0789,204,2758,93,5,2758,2.20,82275
ground-height-0m-20260825-163632,d028m_r090_run01.csv,0,28,90,dw00;dw01;dw02;dw03;dw04;dw05;dw06;dw07;dw08,dw00;dw01;dw02;dw03;dw04;dw05;dw06;dw07;dw08,dw07;dw08,75,1,2026-08-27T10:27:36.465+0200,dw03,021B,101,2752,-32,-2131,1741,3.39,12268
ground-height-0m-20260825-163632,d028m_r090_run01.csv,0,28,90,dw00;dw01;dw02;dw03;dw04;dw05;dw06;dw07;dw08,dw00;dw01;dw02;dw03;dw04;dw05;dw06;dw07;dw08,dw07;dw08,15,1,2026-08-27T10:27:36.485+0200,dw00,8103,146,2781,-164,1755,2158,2.20,32257
ground-height-0m-20260825-163632,d028m_r090_run01.csv,0,28,90,dw00;dw01;dw02;dw03;dw04;dw05;dw06;dw07;dw08,dw00;dw01;dw02;dw03;dw04;dw05;dw06;dw07;dw08,dw07;dw08,35,1,2026-08-27T10:27:36.494+0200,dw01,1729,218,2765,-129,2349,1458,2.89,42327
ground-height-0m-20260825-163632,d028m_r090_run01.csv,0,28,90,dw00;dw01;dw02;dw03;dw04;dw05;dw06;dw07;dw08,dw00;dw01;dw02;dw03;dw04;dw05;dw06;dw07;dw08,dw07;dw08,55,1,2026-08-27T10:27:36.505+0200,dw02,8FB0,18,2762,-104,2758,144,3.57,52307
ground-height-0m-20260825-163632,d028m_r090_run01.csv,0,28,90,dw00;dw01;dw02;dw03;dw04;dw05;dw06;dw07;dw08,dw00;dw01;dw02;dw03;dw04;dw05;dw06;dw07;dw08,dw07;dw08,105,1,2026-08-27T10:27:36.525+0200,dw05,4B92,179,2761,49,-737,2660,3.27,72265
ground-height-0m-20260825-163632,d028m_r090_run01.csv,0,28,90,dw00;dw01;dw02;dw03;dw04;dw05;dw06;dw07;dw08,dw00;dw01;dw02;dw03;dw04;dw05;dw06;dw07;dw08,dw07;dw08,90,1,2026-08-27T10:27:36.615+0200,dw04,0F85,156,2763,7,-1460,2346,3.06,62225
ground-height-0m-20260825-163632,d028m_r090_run01.csv,0,28,90,dw00;dw01;dw02;dw03;dw04;dw05;dw06;dw07;dw08,dw00;dw01;dw02;dw03;dw04;dw05;dw06;dw07;dw08,dw07;dw08,125,1,2026-08-27T10:27:36.635+0200,dw06,0789,205,2760,92,-11,2760,2.38,82275
ground-height-0m-20260825-163632,d028m_r090_run01.csv,0,28,90,dw00;dw01;dw02;dw03;dw04;dw05;dw06;dw07;dw08,dw00;dw01;dw02;dw03;dw04;dw05;dw06;dw07;dw08,dw07;dw08,75,1,2026-08-27T10:27:36.664+0200,dw03,021B,102,2752,-27,-2039,1848,3.33,12268
ground-height-0m-20260825-163632,d028m_r090_run01.csv,0,28,90,dw00;dw01;dw02;dw03;dw04;dw05;dw06;dw07;dw08,dw00;dw01;dw02;dw03;dw04;dw05;dw06;dw07;dw08,dw07;dw08,15,1,2026-08-27T10:27:36.685+0200,dw00,8103,147,2777,-158,1852,2069,2.20,32226
ground-height-0m-20260825-163632,d028m_r090_run01.csv,0,28,90,dw00;dw01;dw02;dw03;dw04;dw05;dw06;dw07;dw08,dw00;dw01;dw02;dw03;dw04;dw05;dw06;dw07;dw08,dw07;dw08,35,1,2026-08-27T10:27:36.695+0200,dw01,1729,219,2769,-136,2230,1641,2.95,42297
ground-height-0m-20260825-163632,d028m_r090_run01.csv,0,28,90,dw00;dw01;dw02;dw03;dw04;dw05;dw06;dw07;dw08,dw00;dw01;dw02;dw03;dw04;dw05;dw06;dw07;dw08,dw07;dw08,55,1,2026-08-27T10:27:36.704+0200,dw02,8FB0,19,2761,-93,2761,0,3.39,52276
ground-height-0m-20260825-163632,d028m_r090_run01.csv,0,28,90,dw00;dw01;dw02;dw03;dw04;dw05;dw06;dw07;dw08,dw00;dw01;dw02;dw03;dw04;dw05;dw06;dw07;dw08,dw07;dw08,105,1,2026-08-27T10:27:36.725+0200,dw05,4B92,180,2763,47,-774,2652,3.33,72235
ground-height-0m-20260825-163632,d028m_r090_run01.csv,0,28,90,dw00;dw01;dw02;dw03;dw04;dw05;dw06;dw07;dw08,dw00;dw01;dw02;dw03;dw04;dw05;dw06;dw07;dw08,dw07;dw08,90,1,2026-08-27T10:27:36.814+0200,dw04,0F85,157,2759,0,-1586,2258,3.06,62225
ground-height-0m-20260825-163632,d028m_r090_run01.csv,0,28,90,dw00;dw01;dw02;dw03;dw04;dw05;dw06;dw07;dw08,dw00;dw01;dw02;dw03;dw04;dw05;dw06;dw07;dw08,dw07;dw08,125,1,2026-08-27T10:27:36.833+0200,dw06,0789,206,2761,94,22,2761,2.32,82275
ground-height-0m-20260825-163632,d028m_r090_run01.csv,0,28,90,dw00;dw01;dw02;dw03;dw04;dw05;dw06;dw07;dw08,dw00;dw01;dw02;dw03;dw04;dw05;dw06;dw07;dw08,dw07;dw08,75,1,2026-08-27T10:27:36.864+0200,dw03,021B,103,2754,-40,-2269,1562,3.33,12268
ground-height-0m-20260825-163632,d028m_r090_run01.csv,0,28,90,dw00;dw01;dw02;dw03;dw04;dw05;dw06;dw07;dw08,dw00;dw01;dw02;dw03;dw04;dw05;dw06;dw07;dw08,dw07;dw08,15,1,2026-08-27T10:27:36.884+0200,dw00,8103,148,2777,-152,1954,1973,2.20,32226
ground-height-0m-20260825-163632,d028m_r090_run01.csv,0,28,90,dw00;dw01;dw02;dw03;dw04;dw05;dw06;dw07;dw08,dw00;dw01;dw02;dw03;dw04;dw05;dw06;dw07;dw08,dw07;dw08,35,1,2026-08-27T10:27:36.894+0200,dw01,1729,220,2768,-132,2296,1546,2.89,42327
ground-height-0m-20260825-163632,d028m_r090_run01.csv,0,28,90,dw00;dw01;dw02;dw03;dw04;dw05;dw06;dw07;dw08,dw00;dw01;dw02;dw03;dw04;dw05;dw06;dw07;dw08,dw07;dw08,55,1,2026-08-27T10:27:36.904+0200,dw02,8FB0,20,2756,-105,2743,274,3.57,52368
ground-height-0m-20260825-163632,d028m_r090_run01.csv,0,28,90,dw00;dw01;dw02;dw03;dw04;dw05;dw06;dw07;dw08,dw00;dw01;dw02;dw03;dw04;dw05;dw06;dw07;dw08,dw07;dw08,105,1,2026-08-27T10:27:36.924+0200,dw05,4B92,181,2761,39,-908,2608,3.33,72235
ground-height-0m-20260825-163632,d028m_r090_run01.csv,0,28,90,dw00;dw01;dw02;dw03;dw04;dw05;dw06;dw07;dw08,dw00;dw01;dw02;dw03;dw04;dw05;dw06;dw07;dw08,dw07;dw08,125,1,2026-08-27T10:27:37.034+0200,dw06,0789,207,2766,90,-37,2766,2.38,82275
ground-height-0m-20260825-163632,d028m_r090_run01.csv,0,28,90,dw00;dw01;dw02;dw03;dw04;dw05;dw06;dw07;dw08,dw00;dw01;dw02;dw03;dw04;dw05;dw06;dw07;dw08,dw07;dw08,75,1,2026-08-27T10:27:37.064+0200,dw03,021B,104,2756,-47,-2383,1384,3.45,12268
ground-height-0m-20260825-163632,d028m_r090_run01.csv,0,28,90,dw00;dw01;dw02;dw03;dw04;dw05;dw06;dw07;dw08,dw00;dw01;dw02;dw03;dw04;dw05;dw06;dw07;dw08,dw07;dw08,15,1,2026-08-27T10:27:37.083+0200,dw00,8103,149,2781,-156,1888,2042,2.20,32226
ground-height-0m-20260825-163632,d028m_r090_run01.csv,0,28,90,dw00;dw01;dw02;dw03;dw04;dw05;dw06;dw07;dw08,dw00;dw01;dw02;dw03;dw04;dw05;dw06;dw07;dw08,dw07;dw08,35,1,2026-08-27T10:27:37.094+0200,dw01,1729,221,2768,-145,2071,1837,2.89,42327
ground-height-0m-20260825-163632,d028m_r090_run01.csv,0,28,90,dw00;dw01;dw02;dw03;dw04;dw05;dw06;dw07;dw08,dw00;dw01;dw02;dw03;dw04;dw05;dw06;dw07;dw08,dw07;dw08,55,1,2026-08-27T10:27:37.104+0200,dw02,8FB0,21,2759,-87,2759,0,3.39,52337
ground-height-0m-20260825-163632,d028m_r090_run01.csv,0,28,90,dw00;dw01;dw02;dw03;dw04;dw05;dw06;dw07;dw08,dw00;dw01;dw02;dw03;dw04;dw05;dw06;dw07;dw08,dw07;dw08,105,1,2026-08-27T10:27:37.123+0200,dw05,4B92,182,2760,46,-788,2644,3.39,72235
ground-height-0m-20260825-163632,d028m_r090_run01.csv,0,28,90,dw00;dw01;dw02;dw03;dw04;dw05;dw06;dw07;dw08,dw00;dw01;dw02;dw03;dw04;dw05;dw06;dw07;dw08,dw07;dw08,125,1,2026-08-27T10:27:37.234+0200,dw06,0789,208,2762,89,-66,2761,2.38,82275
ground-height-0m-20260825-163632,d028m_r090_run01.csv,0,28,90,dw00;dw01;dw02;dw03;dw04;dw05;dw06;dw07;dw08,dw00;dw01;dw02;dw03;dw04;dw05;dw06;dw07;dw08,dw07;dw08,125,1,2026-08-27T10:27:37.434+0200,dw06,0789,209,2760,98,100,2758,2.38,82275
ground-height-0m-20260825-163632,d028m_r090_run01.csv,0,28,90,dw00;dw01;dw02;dw03;dw04;dw05;dw06;dw07;dw08,dw00;dw01;dw02;dw03;dw04;dw05;dw06;dw07;dw08,dw07;dw08,125,1,2026-08-27T10:27:37.634+0200,dw06,0789,210,2762,79,-221,2753,2.14,82275
ground-height-0m-20260825-163632,d028m_r090_run01.csv,0,28,90,dw00;dw01;dw02;dw03;dw04;dw05;dw06;dw07;dw08,dw00;dw01;dw02;dw03;dw04;dw05;dw06;dw07;dw08,dw07;dw08,125,1,2026-08-27T10:27:40.046+0200,dw06,0789,1,2760,101,153,2756,-0.44,95489
ground-height-0m-20260825-163632,d028m_r090_run01.csv,0,28,90,dw00;dw01;dw02;dw03;dw04;dw05;dw06;dw07;dw08,dw00;dw01;dw02;dw03;dw04;dw05;dw06;dw07;dw08,dw07;dw08,125,1,2026-08-27T10:27:40.448+0200,dw06,0789,3,2760,101,144,2756,2.32,2147483
ground-height-0m-20260825-163632,d028m_r090_run01.csv,0,28,90,dw00;dw01;dw02;dw03;dw04;dw05;dw06;dw07;dw08,dw00;dw01;dw02;dw03;dw04;dw05;dw06;dw07;dw08,dw07;dw08,125,1,2026-08-27T10:27:40.848+0200,dw06,0789,5,2762,101,140,2759,2.38,2147483
ground-height-0m-20260825-163632,d028m_r090_run01.csv,0,28,90,dw00;dw01;dw02;dw03;dw04;dw05;dw06;dw07;dw08,dw00;dw01;dw02;dw03;dw04;dw05;dw06;dw07;dw08,dw07;dw08,125,1,2026-08-27T10:27:41.032+0200,dw06,0789,6,2764,102,162,2759,2.26,82275
ground-height-0m-20260825-163632,d028m_r090_run01.csv,0,28,90,dw00;dw01;dw02;dw03;dw04;dw05;dw06;dw07;dw08,dw00;dw01;dw02;dw03;dw04;dw05;dw06;dw07;dw08,dw07;dw08,125,1,2026-08-27T10:27:41.232+0200,dw06,0789,7,2761,86,-116,2759,2.32,82305
ground-height-0m-20260825-163632,d028m_r090_run01.csv,0,28,90,dw00;dw01;dw02;dw03;dw04;dw05;dw06;dw07;dw08,dw00;dw01;dw02;dw03;dw04;dw05;dw06;dw07;dw08,dw07;dw08,125,1,2026-08-27T10:27:41.432+0200,dw06,0789,8,2763,101,146,2759,2.38,82275
ground-height-0m-20260825-163632,d028m_r090_run01.csv,0,28,90,dw00;dw01;dw02;dw03;dw04;dw05;dw06;dw07;dw08,dw00;dw01;dw02;dw03;dw04;dw05;dw06;dw07;dw08,dw07;dw08,125,1,2026-08-27T10:27:41.633+0200,dw06,0789,9,2768,103,177,2763,2.38,82305
ground-height-0m-20260825-163632,d028m_r090_run01.csv,0,28,90,dw00;dw01;dw02;dw03;dw04;dw05;dw06;dw07;dw08,dw00;dw01;dw02;dw03;dw04;dw05;dw06;dw07;dw08,dw07;dw08,125,1,2026-08-27T10:27:41.832+0200,dw06,0789,10,2759,91,-26,2759,2.32,82275
ground-height-0m-20260825-163632,d028m_r090_run01.csv,0,28,90,dw00;dw01;dw02;dw03;dw04;dw05;dw06;dw07;dw08,dw00;dw01;dw02;dw03;dw04;dw05;dw06;dw07;dw08,dw07;dw08,125,1,2026-08-27T10:27:42.032+0200,dw06,0789,11,2763,90,-45,2763,2.26,82275
ground-height-0m-20260825-163632,d028m_r090_run01.csv,0,28,90,dw00;dw01;dw02;dw03;dw04;dw05;dw06;dw07;dw08,dw00;dw01;dw02;dw03;dw04;dw05;dw06;dw07;dw08,dw07;dw08,125,1,2026-08-27T10:27:42.232+0200,dw06,0789,12,2764,83,-168,2759,2.38,82275
ground-height-0m-20260825-163632,d028m_r090_run01.csv,0,28,90,dw00;dw01;dw02;dw03;dw04;dw05;dw06;dw07;dw08,dw00;dw01;dw02;dw03;dw04;dw05;dw06;dw07;dw08,dw07;dw08,125,1,2026-08-27T10:27:42.432+0200,dw06,0789,13,2759,98,89,2758,2.32,82275
ground-height-0m-20260825-163632,d028m_r090_run01.csv,0,28,90,dw00;dw01;dw02;dw03;dw04;dw05;dw06;dw07;dw08,dw00;dw01;dw02;dw03;dw04;dw05;dw06;dw07;dw08,dw07;dw08,125,1,2026-08-27T10:27:42.631+0200,dw06,0789,14,2761,94,24,2761,2.38,82275
ground-height-0m-20260825-163632,d028m_r090_run01.csv,0,28,90,dw00;dw01;dw02;dw03;dw04;dw05;dw06;dw07;dw08,dw00;dw01;dw02;dw03;dw04;dw05;dw06;dw07;dw08,dw07;dw08,125,1,2026-08-27T10:27:42.831+0200,dw06,0789,15,2762,98,94,2761,2.26,82275
ground-height-0m-20260825-163632,d028m_r090_run01.csv,0,28,90,dw00;dw01;dw02;dw03;dw04;dw05;dw06;dw07;dw08,dw00;dw01;dw02;dw03;dw04;dw05;dw06;dw07;dw08,dw07;dw08,125,1,2026-08-27T10:27:43.031+0200,dw06,0789,16,2762,97,85,2761,2.32,82275
ground-height-0m-20260825-163632,d028m_r090_run01.csv,0,28,90,dw00;dw01;dw02;dw03;dw04;dw05;dw06;dw07;dw08,dw00;dw01;dw02;dw03;dw04;dw05;dw06;dw07;dw08,dw07;dw08,125,1,2026-08-27T10:27:43.231+0200,dw06,0789,17,2761,99,110,2759,2.26,82275
ground-height-0m-20260825-163632,d028m_r090_run01.csv,0,28,90,dw00;dw01;dw02;dw03;dw04;dw05;dw06;dw07;dw08,dw00;dw01;dw02;dw03;dw04;dw05;dw06;dw07;dw08,dw07;dw08,145,1,2026-08-27T10:28:27.331+0200,dw07,5783,1,2759,123,527,2708,-6.67,2147483
ground-height-0m-20260825-163632,d028m_r090_run01.csv,0,28,90,dw00;dw01;dw02;dw03;dw04;dw05;dw06;dw07;dw08,dw00;dw01;dw02;dw03;dw04;dw05;dw06;dw07;dw08,dw07;dw08,145,1,2026-08-27T10:28:50.319+0200,dw07,5783,1,2762,118,438,2727,-6.73,2147483
ground-height-0m-20260825-163632,d028m_r090_run01.csv,0,28,90,dw00;dw01;dw02;dw03;dw04;dw05;dw06;dw07;dw08,dw00;dw01;dw02;dw03;dw04;dw05;dw06;dw07;dw08,dw07;dw08,145,1,2026-08-27T10:28:50.821+0200,dw07,5783,3,2764,138,779,2652,1.93,2147483
ground-height-0m-20260825-163632,d028m_r090_run01.csv,0,28,90,dw00;dw01;dw02;dw03;dw04;dw05;dw06;dw07;dw08,dw00;dw01;dw02;dw03;dw04;dw05;dw06;dw07;dw08,dw07;dw08,145,1,2026-08-27T10:28:51.737+0200,dw07,5783,7,2762,-131,2304,1522,2.08,2147483
ground-height-0m-20260825-163632,d028m_r090_run01.csv,0,28,90,dw00;dw01;dw02;dw03;dw04;dw05;dw06;dw07;dw08,dw00;dw01;dw02;dw03;dw04;dw05;dw06;dw07;dw08,dw07;dw08,145,1,2026-08-27T10:28:56.316+0200,dw07,5783,1,2762,120,469,2722,-6.67,2147483
ground-height-0m-20260825-163632,d028m_r090_run01.csv,0,28,90,dw00;dw01;dw02;dw03;dw04;dw05;dw06;dw07;dw08,dw00;dw01;dw02;dw03;dw04;dw05;dw06;dw07;dw08,dw07;dw08,145,1,2026-08-27T10:28:56.603+0200,dw07,5783,2,2768,126,577,2707,1.81,2147483
ground-height-0m-20260825-163632,d028m_r090_run01.csv,0,28,90,dw00;dw01;dw02;dw03;dw04;dw05;dw06;dw07;dw08,dw00;dw01;dw02;dw03;dw04;dw05;dw06;dw07;dw08,dw07;dw08,145,1,2026-08-27T10:28:56.803+0200,dw07,5783,3,2761,142,840,2629,1.87,2147483
ground-height-0m-20260825-163632,d028m_r090_run01.csv,0,28,90,dw00;dw01;dw02;dw03;dw04;dw05;dw06;dw07;dw08,dw00;dw01;dw02;dw03;dw04;dw05;dw06;dw07;dw08,dw07;dw08,145,1,2026-08-27T10:28:57.003+0200,dw07,5783,4,2767,135,723,2671,1.87,2147483
ground-height-0m-20260825-163632,d028m_r090_run01.csv,0,28,90,dw00;dw01;dw02;dw03;dw04;dw05;dw06;dw07;dw08,dw00;dw01;dw02;dw03;dw04;dw05;dw06;dw07;dw08,dw07;dw08,145,1,2026-08-27T10:28:57.202+0200,dw07,5783,5,2770,140,815,2648,1.81,2147483
ground-height-0m-20260825-163632,d028m_r090_run01.csv,0,28,90,dw00;dw01;dw02;dw03;dw04;dw05;dw06;dw07;dw08,dw00;dw01;dw02;dw03;dw04;dw05;dw06;dw07;dw08,dw07;dw08,145,1,2026-08-27T10:28:57.402+0200,dw07,5783,6,2766,122,509,2719,1.81,2147483
ground-height-0m-20260825-163632,d028m_r090_run01.csv,0,28,90,dw00;dw01;dw02;dw03;dw04;dw05;dw06;dw07;dw08,dw00;dw01;dw02;dw03;dw04;dw05;dw06;dw07;dw08,dw07;dw08,145,1,2026-08-27T10:28:57.818+0200,dw07,5783,8,2767,139,799,2649,2.02,2147483
ground-height-0m-20260825-163632,d028m_r090_run01.csv,0,28,90,dw00;dw01;dw02;dw03;dw04;dw05;dw06;dw07;dw08,dw00;dw01;dw02;dw03;dw04;dw05;dw06;dw07;dw08,dw07;dw08,145,1,2026-08-27T10:28:58.318+0200,dw07,5783,10,2767,132,681,2681,2.08,2147483
ground-height-0m-20260825-163632,d028m_r090_run01.csv,0,28,90,dw00;dw01;dw02;dw03;dw04;dw05;dw06;dw07;dw08,dw00;dw01;dw02;dw03;dw04;dw05;dw06;dw07;dw08,dw07;dw08,145,1,2026-08-27T10:28:58.601+0200,dw07,5783,11,2764,122,507,2717,1.93,2147483
ground-height-0m-20260825-163632,d028m_r090_run01.csv,0,28,90,dw00;dw01;dw02;dw03;dw04;dw05;dw06;dw07;dw08,dw00;dw01;dw02;dw03;dw04;dw05;dw06;dw07;dw08,dw07;dw08,145,1,2026-08-27T10:28:58.802+0200,dw07,5783,12,2764,141,826,2638,1.99,2147483
ground-height-0m-20260825-163632,d028m_r090_run01.csv,0,28,90,dw00;dw01;dw02;dw03;dw04;dw05;dw06;dw07;dw08,dw00;dw01;dw02;dw03;dw04;dw05;dw06;dw07;dw08,dw07;dw08,145,1,2026-08-27T10:28:59.002+0200,dw07,5783,13,2767,135,729,2669,1.87,2147483
ground-height-0m-20260825-163632,d028m_r090_run01.csv,0,28,90,dw00;dw01;dw02;dw03;dw04;dw05;dw06;dw07;dw08,dw00;dw01;dw02;dw03;dw04;dw05;dw06;dw07;dw08,dw07;dw08,145,1,2026-08-27T10:28:59.202+0200,dw07,5783,14,2764,134,704,2673,1.93,2147483
ground-height-0m-20260825-163632,d028m_r090_run01.csv,0,28,90,dw00;dw01;dw02;dw03;dw04;dw05;dw06;dw07;dw08,dw00;dw01;dw02;dw03;dw04;dw05;dw06;dw07;dw08,dw07;dw08,145,1,2026-08-27T10:28:59.402+0200,dw07,5783,15,2763,136,734,2664,1.93,2147483
ground-height-0m-20260825-163632,d028m_r090_run01.csv,0,28,90,dw00;dw01;dw02;dw03;dw04;dw05;dw06;dw07;dw08,dw00;dw01;dw02;dw03;dw04;dw05;dw06;dw07;dw08,dw07;dw08,145,1,2026-08-27T10:28:59.601+0200,dw07,5783,16,2768,135,720,2673,1.93,2147483
ground-height-0m-20260825-163632,d028m_r090_run01.csv,0,28,90,dw00;dw01;dw02;dw03;dw04;dw05;dw06;dw07;dw08,dw00;dw01;dw02;dw03;dw04;dw05;dw06;dw07;dw08,dw07;dw08,145,1,2026-08-27T10:28:59.801+0200,dw07,5783,17,2765,126,576,2704,1.81,2147483
ground-height-0m-20260825-163632,d028m_r090_run01.csv,0,28,90,dw00;dw01;dw02;dw03;dw04;dw05;dw06;dw07;dw08,dw00;dw01;dw02;dw03;dw04;dw05;dw06;dw07;dw08,dw07;dw08,145,1,2026-08-27T10:29:00.002+0200,dw07,5783,18,2766,133,688,2679,1.93,2147483
ground-height-0m-20260825-163632,d028m_r090_run01.csv,0,28,90,dw00;dw01;dw02;dw03;dw04;dw05;dw06;dw07;dw08,dw00;dw01;dw02;dw03;dw04;dw05;dw06;dw07;dw08,dw07;dw08,145,1,2026-08-27T10:29:00.202+0200,dw07,5783,19,2764,122,506,2717,1.93,2147483
ground-height-0m-20260825-163632,d028m_r090_run01.csv,0,28,90,dw00;dw01;dw02;dw03;dw04;dw05;dw06;dw07;dw08,dw00;dw01;dw02;dw03;dw04;dw05;dw06;dw07;dw08,dw07;dw08,145,1,2026-08-27T10:29:00.617+0200,dw07,5783,21,2770,133,687,2683,2.08,2147483
ground-height-0m-20260825-163632,d028m_r090_run01.csv,0,28,90,dw00;dw01;dw02;dw03;dw04;dw05;dw06;dw07;dw08,dw00;dw01;dw02;dw03;dw04;dw05;dw06;dw07;dw08,dw07;dw08,145,1,2026-08-27T10:29:01.117+0200,dw07,5783,23,2762,138,766,2654,2.08,2147483
ground-height-0m-20260825-163632,d028m_r090_run01.csv,0,28,90,dw00;dw01;dw02;dw03;dw04;dw05;dw06;dw07;dw08,dw00;dw01;dw02;dw03;dw04;dw05;dw06;dw07;dw08,dw07;dw08,145,1,2026-08-27T10:29:01.401+0200,dw07,5783,24,2762,140,805,2642,1.87,2147483
ground-height-0m-20260825-163632,d028m_r090_run01.csv,0,28,90,dw00;dw01;dw02;dw03;dw04;dw05;dw06;dw07;dw08,dw00;dw01;dw02;dw03;dw04;dw05;dw06;dw07;dw08,dw07;dw08,145,1,2026-08-27T10:29:01.601+0200,dw07,5783,25,2762,114,358,2739,1.87,2147483
ground-height-0m-20260825-163632,d028m_r090_run01.csv,0,28,90,dw00;dw01;dw02;dw03;dw04;dw05;dw06;dw07;dw08,dw00;dw01;dw02;dw03;dw04;dw05;dw06;dw07;dw08,dw07;dw08,145,1,2026-08-27T10:29:01.800+0200,dw07,5783,26,2764,135,726,2667,2.08,2147483
ground-height-0m-20260825-163632,d028m_r090_run01.csv,0,28,90,dw00;dw01;dw02;dw03;dw04;dw05;dw06;dw07;dw08,dw00;dw01;dw02;dw03;dw04;dw05;dw06;dw07;dw08,dw07;dw08,145,1,2026-08-27T10:29:02.000+0200,dw07,5783,27,2763,138,769,2654,1.99,2147483
ground-height-0m-20260825-163632,d028m_r090_run01.csv,0,28,90,dw00;dw01;dw02;dw03;dw04;dw05;dw06;dw07;dw08,dw00;dw01;dw02;dw03;dw04;dw05;dw06;dw07;dw08,dw07;dw08,145,1,2026-08-27T10:29:02.200+0200,dw07,5783,28,2766,129,626,2694,1.99,2147483
ground-height-0m-20260825-163632,d028m_r090_run01.csv,0,28,90,dw00;dw01;dw02;dw03;dw04;dw05;dw06;dw07;dw08,dw00;dw01;dw02;dw03;dw04;dw05;dw06;dw07;dw08,dw07;dw08,145,1,2026-08-27T10:29:02.400+0200,dw07,5783,29,2767,128,610,2698,1.99,2147483
ground-height-0m-20260825-163632,d028m_r090_run01.csv,0,28,90,dw00;dw01;dw02;dw03;dw04;dw05;dw06;dw07;dw08,dw00;dw01;dw02;dw03;dw04;dw05;dw06;dw07;dw08,dw07;dw08,145,1,2026-08-27T10:29:02.599+0200,dw07,5783,30,2764,136,745,2662,1.93,2147483
ground-height-0m-20260825-163632,d028m_r090_run01.csv,0,28,90,dw00;dw01;dw02;dw03;dw04;dw05;dw06;dw07;dw08,dw00;dw01;dw02;dw03;dw04;dw05;dw06;dw07;dw08,dw07;dw08,145,1,2026-08-27T10:29:02.799+0200,dw07,5783,31,2768,144,881,2623,1.93,2147483
ground-height-0m-20260825-163632,d028m_r090_run01.csv,0,28,90,dw00;dw01;dw02;dw03;dw04;dw05;dw06;dw07;dw08,dw00;dw01;dw02;dw03;dw04;dw05;dw06;dw07;dw08,dw07;dw08,145,1,2026-08-27T10:29:02.999+0200,dw07,5783,32,2766,138,769,2657,1.93,2147483
ground-height-0m-20260825-163632,d028m_r090_run01.csv,0,28,90,dw00;dw01;dw02;dw03;dw04;dw05;dw06;dw07;dw08,dw00;dw01;dw02;dw03;dw04;dw05;dw06;dw07;dw08,dw07;dw08,145,1,2026-08-27T10:29:03.199+0200,dw07,5783,33,2765,130,633,2691,2.02,2147483
ground-height-0m-20260825-163632,d028m_r090_run01.csv,0,28,90,dw00;dw01;dw02;dw03;dw04;dw05;dw06;dw07;dw08,dw00;dw01;dw02;dw03;dw04;dw05;dw06;dw07;dw08,dw07;dw08,145,1,2026-08-27T10:29:03.614+0200,dw07,5783,35,2765,126,566,2707,2.20,2147483
ground-height-0m-20260825-163632,d028m_r090_run01.csv,0,28,90,dw00;dw01;dw02;dw03;dw04;dw05;dw06;dw07;dw08,dw00;dw01;dw02;dw03;dw04;dw05;dw06;dw07;dw08,dw07;dw08,145,1,2026-08-27T10:29:04.330+0200,dw07,5783,38,2764,134,699,2674,2.26,2147483
ground-height-0m-20260825-163632,d028m_r090_run01.csv,0,28,90,dw00;dw01;dw02;dw03;dw04;dw05;dw06;dw07;dw08,dw00;dw01;dw02;dw03;dw04;dw05;dw06;dw07;dw08,dw07;dw08,145,1,2026-08-27T10:29:04.599+0200,dw07,5783,39,2770,139,786,2656,1.99,2147483
ground-height-0m-20260825-163632,d028m_r090_run01.csv,0,28,90,dw00;dw01;dw02;dw03;dw04;dw05;dw06;dw07;dw08,dw00;dw01;dw02;dw03;dw04;dw05;dw06;dw07;dw08,dw07;dw08,145,1,2026-08-27T10:29:04.799+0200,dw07,5783,40,2764,126,576,2703,2.02,2147483
ground-height-0m-20260825-163632,d028m_r090_run01.csv,0,28,90,dw00;dw01;dw02;dw03;dw04;dw05;dw06;dw07;dw08,dw00;dw01;dw02;dw03;dw04;dw05;dw06;dw07;dw08,dw07;dw08,145,1,2026-08-27T10:29:04.998+0200,dw07,5783,41,2766,127,583,2703,1.99,2147483
ground-height-0m-20260825-163632,d028m_r090_run01.csv,0,28,90,dw00;dw01;dw02;dw03;dw04;dw05;dw06;dw07;dw08,dw00;dw01;dw02;dw03;dw04;dw05;dw06;dw07;dw08,dw07;dw08,145,1,2026-08-27T10:29:05.198+0200,dw07,5783,42,2765,144,872,2624,2.02,2147483
ground-height-0m-20260825-163632,d028m_r090_run01.csv,0,28,90,dw00;dw01;dw02;dw03;dw04;dw05;dw06;dw07;dw08,dw00;dw01;dw02;dw03;dw04;dw05;dw06;dw07;dw08,dw07;dw08,145,1,2026-08-27T10:29:11.624+0200,dw07,5783,2,2764,124,538,2711,-6.40,2147483
ground-height-0m-20260825-163632,d028m_r090_run01.csv,0,28,90,dw00;dw01;dw02;dw03;dw04;dw05;dw06;dw07;dw08,dw00;dw01;dw02;dw03;dw04;dw05;dw06;dw07;dw08,dw07;dw08,145,1,2026-08-27T10:29:11.895+0200,dw07,5783,3,2762,131,660,2682,2.02,2147483
ground-height-0m-20260825-163632,d028m_r090_run01.csv,0,28,90,dw00;dw01;dw02;dw03;dw04;dw05;dw06;dw07;dw08,dw00;dw01;dw02;dw03;dw04;dw05;dw06;dw07;dw08,dw07;dw08,145,1,2026-08-27T10:29:12.095+0200,dw07,5783,4,2768,128,600,2702,2.14,2147483
ground-height-0m-20260825-163632,d028m_r090_run01.csv,0,28,90,dw00;dw01;dw02;dw03;dw04;dw05;dw06;dw07;dw08,dw00;dw01;dw02;dw03;dw04;dw05;dw06;dw07;dw08,dw07;dw08,145,1,2026-08-27T10:29:12.511+0200,dw07,5783,6,2761,140,807,2640,2.26,2147483
ground-height-0m-20260825-163632,d028m_r090_run01.csv,0,28,90,dw00;dw01;dw02;dw03;dw04;dw05;dw06;dw07;dw08,dw00;dw01;dw02;dw03;dw04;dw05;dw06;dw07;dw08,dw07;dw08,145,1,2026-08-27T10:29:13.226+0200,dw07,5783,9,2768,128,599,2702,2.26,2147483
ground-height-0m-20260825-163632,d028m_r090_run01.csv,0,28,90,dw00;dw01;dw02;dw03;dw04;dw05;dw06;dw07;dw08,dw00;dw01;dw02;dw03;dw04;dw05;dw06;dw07;dw08,dw07;dw08,145,1,2026-08-27T10:29:13.494+0200,dw07,5783,10,2765,135,716,2670,2.02,2147483
ground-height-0m-20260825-163632,d028m_r090_run01.csv,0,28,90,dw00;dw01;dw02;dw03;dw04;dw05;dw06;dw07;dw08,dw00;dw01;dw02;dw03;dw04;dw05;dw06;dw07;dw08,dw07;dw08,145,1,2026-08-27T10:29:13.694+0200,dw07,5783,11,2766,116,404,2736,2.08,2147483
ground-height-0m-20260825-163632,d028m_r090_run01.csv,0,28,90,dw00;dw01;dw02;dw03;dw04;dw05;dw06;dw07;dw08,dw00;dw01;dw02;dw03;dw04;dw05;dw06;dw07;dw08,dw07;dw08,145,1,2026-08-27T10:29:13.895+0200,dw07,5783,12,2766,140,801,2647,2.08,2147483
ground-height-0m-20260825-163632,d028m_r090_run01.csv,0,28,90,dw00;dw01;dw02;dw03;dw04;dw05;dw06;dw07;dw08,dw00;dw01;dw02;dw03;dw04;dw05;dw06;dw07;dw08,dw07;dw08,145,1,2026-08-27T10:29:14.094+0200,dw07,5783,13,2762,139,795,2645,2.08,2147483
ground-height-0m-20260825-163632,d028m_r090_run01.csv,0,28,90,dw00;dw01;dw02;dw03;dw04;dw05;dw06;dw07;dw08,dw00;dw01;dw02;dw03;dw04;dw05;dw06;dw07;dw08,dw07;dw08,145,1,2026-08-27T10:29:14.293+0200,dw07,5783,14,2765,132,675,2681,2.14,2147483
ground-height-0m-20260825-163632,d028m_r090_run01.csv,0,28,90,dw00;dw01;dw02;dw03;dw04;dw05;dw06;dw07;dw08,dw00;dw01;dw02;dw03;dw04;dw05;dw06;dw07;dw08,dw07;dw08,145,1,2026-08-27T10:29:14.493+0200,dw07,5783,15,2764,136,741,2663,2.20,2147483
ground-height-0m-20260825-163632,d028m_r090_run01.csv,0,28,90,dw00;dw01;dw02;dw03;dw04;dw05;dw06;dw07;dw08,dw00;dw01;dw02;dw03;dw04;dw05;dw06;dw07;dw08,dw07;dw08,145,1,2026-08-27T10:29:14.693+0200,dw07,5783,16,2763,133,688,2676,2.08,2147483
ground-height-0m-20260825-163632,d028m_r090_run01.csv,0,28,90,dw00;dw01;dw02;dw03;dw04;dw05;dw06;dw07;dw08,dw00;dw01;dw02;dw03;dw04;dw05;dw06;dw07;dw08,dw07;dw08,145,1,2026-08-27T10:29:15.108+0200,dw07,5783,18,2765,150,981,2585,2.32,2147483
ground-height-0m-20260825-163632,d028m_r090_run01.csv,0,28,90,dw00;dw01;dw02;dw03;dw04;dw05;dw06;dw07;dw08,dw00;dw01;dw02;dw03;dw04;dw05;dw06;dw07;dw08,dw07;dw08,145,1,2026-08-27T10:29:15.608+0200,dw07,5783,20,2763,122,502,2717,2.38,2147483
ground-height-0m-20260825-163632,d028m_r090_run01.csv,0,28,90,dw00;dw01;dw02;dw03;dw04;dw05;dw06;dw07;dw08,dw00;dw01;dw02;dw03;dw04;dw05;dw06;dw07;dw08,dw07;dw08,145,1,2026-08-27T10:29:15.892+0200,dw07,5783,21,2763,130,630,2690,2.08,2147483
ground-height-0m-20260825-163632,d028m_r090_run01.csv,0,28,90,dw00;dw01;dw02;dw03;dw04;dw05;dw06;dw07;dw08,dw00;dw01;dw02;dw03;dw04;dw05;dw06;dw07;dw08,dw07;dw08,145,1,2026-08-27T10:29:16.524+0200,dw07,5783,24,2767,135,718,2672,2.32,2147483
ground-height-0m-20260825-163632,d028m_r090_run01.csv,0,28,90,dw00;dw01;dw02;dw03;dw04;dw05;dw06;dw07;dw08,dw00;dw01;dw02;dw03;dw04;dw05;dw06;dw07;dw08,dw07;dw08,145,1,2026-08-27T10:29:17.008+0200,dw07,5783,26,2762,141,824,2636,2.32,2147483
ground-height-0m-20260825-163632,d028m_r090_run01.csv,0,28,90,dw00;dw01;dw02;dw03;dw04;dw05;dw06;dw07;dw08,dw00;dw01;dw02;dw03;dw04;dw05;dw06;dw07;dw08,dw07;dw08,145,1,2026-08-27T10:29:17.723+0200,dw07,5783,29,2766,132,671,2683,2.20,2147483
ground-height-0m-20260825-163632,d028m_r090_run01.csv,0,28,90,dw00;dw01;dw02;dw03;dw04;dw05;dw06;dw07;dw08,dw00;dw01;dw02;dw03;dw04;dw05;dw06;dw07;dw08,dw07;dw08,145,1,2026-08-27T10:29:18.423+0200,dw07,5783,32,2762,133,696,2673,2.20,2147483
ground-height-0m-20260825-163632,d028m_r090_run01.csv,0,28,90,dw00;dw01;dw02;dw03;dw04;dw05;dw06;dw07;dw08,dw00;dw01;dw02;dw03;dw04;dw05;dw06;dw07;dw08,dw07;dw08,145,1,2026-08-27T10:29:21.431+0200,dw07,5783,2,2764,137,763,2657,-6.34,2147483
ground-height-0m-20260825-163632,d028m_r090_run01.csv,0,28,90,dw00;dw01;dw02;dw03;dw04;dw05;dw06;dw07;dw08,dw00;dw01;dw02;dw03;dw04;dw05;dw06;dw07;dw08,dw07;dw08,145,1,2026-08-27T10:29:21.905+0200,dw07,5783,4,2765,129,616,2695,2.26,2147483
ground-height-0m-20260825-163632,d028m_r090_run01.csv,0,28,90,dw00;dw01;dw02;dw03;dw04;dw05;dw06;dw07;dw08,dw00;dw01;dw02;dw03;dw04;dw05;dw06;dw07;dw08,dw07;dw08,145,1,2026-08-27T10:29:22.621+0200,dw07,5783,7,2763,132,678,2679,2.26,2147483
ground-height-0m-20260825-163632,d028m_r090_run01.csv,0,28,90,dw00;dw01;dw02;dw03;dw04;dw05;dw06;dw07;dw08,dw00;dw01;dw02;dw03;dw04;dw05;dw06;dw07;dw08,dw07;dw08,145,1,2026-08-27T10:29:28.499+0200,dw07,5783,1,2763,144,871,2622,-6.40,2147483
ground-height-0m-20260825-163632,d028m_r090_run01.csv,0,28,90,dw00;dw01;dw02;dw03;dw04;dw05;dw06;dw07;dw08,dw00;dw01;dw02;dw03;dw04;dw05;dw06;dw07;dw08,dw07;dw08,145,1,2026-08-27T10:29:28.786+0200,dw07,5783,2,2764,132,669,2682,2.02,2147483
ground-height-0m-20260825-163632,d028m_r090_run01.csv,0,28,90,dw00;dw01;dw02;dw03;dw04;dw05;dw06;dw07;dw08,dw00;dw01;dw02;dw03;dw04;dw05;dw06;dw07;dw08,dw07;dw08,145,1,2026-08-27T10:29:28.986+0200,dw07,5783,3,2766,143,854,2631,2.08,2147483
ground-height-0m-20260825-163632,d028m_r090_run01.csv,0,28,90,dw00;dw01;dw02;dw03;dw04;dw05;dw06;dw07;dw08,dw00;dw01;dw02;dw03;dw04;dw05;dw06;dw07;dw08,dw07;dw08,145,1,2026-08-27T10:29:29.186+0200,dw07,5783,4,2762,130,644,2686,2.02,2147483
ground-height-0m-20260825-163632,d028m_r090_run01.csv,0,28,90,dw00;dw01;dw02;dw03;dw04;dw05;dw06;dw07;dw08,dw00;dw01;dw02;dw03;dw04;dw05;dw06;dw07;dw08,dw07;dw08,145,1,2026-08-27T10:29:29.386+0200,dw07,5783,5,2766,133,699,2676,2.08,2147483
ground-height-0m-20260825-163632,d028m_r090_run01.csv,0,28,90,dw00;dw01;dw02;dw03;dw04;dw05;dw06;dw07;dw08,dw00;dw01;dw02;dw03;dw04;dw05;dw06;dw07;dw08,dw07;dw08,145,1,2026-08-27T10:29:29.586+0200,dw07,5783,6,2763,129,629,2690,1.99,2147483
ground-height-0m-20260825-163632,d028m_r090_run01.csv,0,28,90,dw00;dw01;dw02;dw03;dw04;dw05;dw06;dw07;dw08,dw00;dw01;dw02;dw03;dw04;dw05;dw06;dw07;dw08,dw07;dw08,145,1,2026-08-27T10:29:29.785+0200,dw07,5783,7,2764,137,752,2660,2.02,2147483
ground-height-0m-20260825-163632,d028m_r090_run01.csv,0,28,90,dw00;dw01;dw02;dw03;dw04;dw05;dw06;dw07;dw08,dw00;dw01;dw02;dw03;dw04;dw05;dw06;dw07;dw08,dw07;dw08,145,1,2026-08-27T10:29:29.986+0200,dw07,5783,8,2768,130,635,2695,2.02,2147483
ground-height-0m-20260825-163632,d028m_r090_run01.csv,0,28,90,dw00;dw01;dw02;dw03;dw04;dw05;dw06;dw07;dw08,dw00;dw01;dw02;dw03;dw04;dw05;dw06;dw07;dw08,dw07;dw08,145,1,2026-08-27T10:29:30.186+0200,dw07,5783,9,2764,125,559,2707,2.02,2147483
ground-height-0m-20260825-163632,d028m_r090_run01.csv,0,28,90,dw00;dw01;dw02;dw03;dw04;dw05;dw06;dw07;dw08,dw00;dw01;dw02;dw03;dw04;dw05;dw06;dw07;dw08,dw07;dw08,145,1,2026-08-27T10:29:30.386+0200,dw07,5783,10,2763,135,722,2667,1.99,2147483
ground-height-0m-20260825-163632,d028m_r090_run01.csv,0,28,90,dw00;dw01;dw02;dw03;dw04;dw05;dw06;dw07;dw08,dw00;dw01;dw02;dw03;dw04;dw05;dw06;dw07;dw08,dw07;dw08,145,1,2026-08-27T10:29:30.585+0200,dw07,5783,11,2763,131,650,2685,1.99,2147483
ground-height-0m-20260825-163632,d028m_r090_run01.csv,0,28,90,dw00;dw01;dw02;dw03;dw04;dw05;dw06;dw07;dw08,dw00;dw01;dw02;dw03;dw04;dw05;dw06;dw07;dw08,dw07;dw08,145,1,2026-08-27T10:29:30.785+0200,dw07,5783,12,2764,132,671,2681,2.14,2147483
ground-height-0m-20260825-163632,d028m_r090_run01.csv,0,28,90,dw00;dw01;dw02;dw03;dw04;dw05;dw06;dw07;dw08,dw00;dw01;dw02;dw03;dw04;dw05;dw06;dw07;dw08,dw07;dw08,145,1,2026-08-27T10:29:30.985+0200,dw07,5783,13,2761,117,423,2729,2.08,2147483
ground-height-0m-20260825-163632,d028m_r090_run01.csv,0,28,90,dw00;dw01;dw02;dw03;dw04;dw05;dw06;dw07;dw08,dw00;dw01;dw02;dw03;dw04;dw05;dw06;dw07;dw08,dw07;dw08,145,1,2026-08-27T10:29:31.186+0200,dw07,5783,14,2764,114,371,2739,2.02,2147483
ground-height-0m-20260825-163632,d028m_r090_run01.csv,0,28,90,dw00;dw01;dw02;dw03;dw04;dw05;dw06;dw07;dw08,dw00;dw01;dw02;dw03;dw04;dw05;dw06;dw07;dw08,dw07;dw08,145,1,2026-08-27T10:29:31.385+0200,dw07,5783,15,2765,130,643,2689,2.02,2147483
ground-height-0m-20260825-163632,d028m_r090_run01.csv,0,28,90,dw00;dw01;dw02;dw03;dw04;dw05;dw06;dw07;dw08,dw00;dw01;dw02;dw03;dw04;dw05;dw06;dw07;dw08,dw07;dw08,145,1,2026-08-27T10:29:31.585+0200,dw07,5783,16,2764,151,1004,2575,2.08,2147483
ground-height-0m-20260825-163632,d028m_r090_run01.csv,0,28,90,dw00;dw01;dw02;dw03;dw04;dw05;dw06;dw07;dw08,dw00;dw01;dw02;dw03;dw04;dw05;dw06;dw07;dw08,dw07;dw08,145,1,2026-08-27T10:29:31.785+0200,dw07,5783,17,2762,128,607,2694,2.08,2147483
ground-height-0m-20260825-163632,d028m_r090_run01.csv,0,28,90,dw00;dw01;dw02;dw03;dw04;dw05;dw06;dw07;dw08,dw00;dw01;dw02;dw03;dw04;dw05;dw06;dw07;dw08,dw07;dw08,145,1,2026-08-27T10:29:31.985+0200,dw07,5783,18,2762,133,694,2673,2.08,2147483
ground-height-0m-20260825-163632,d028m_r090_run01.csv,0,28,90,dw00;dw01;dw02;dw03;dw04;dw05;dw06;dw07;dw08,dw00;dw01;dw02;dw03;dw04;dw05;dw06;dw07;dw08,dw07;dw08,145,1,2026-08-27T10:29:32.185+0200,dw07,5783,19,2764,147,931,2602,2.02,2147483
ground-height-0m-20260825-163632,d028m_r090_run01.csv,0,28,90,dw00;dw01;dw02;dw03;dw04;dw05;dw06;dw07;dw08,dw00;dw01;dw02;dw03;dw04;dw05;dw06;dw07;dw08,dw07;dw08,145,1,2026-08-27T10:29:32.384+0200,dw07,5783,20,2765,129,621,2694,2.02,2147483
ground-height-0m-20260825-163632,d028m_r090_run01.csv,0,28,90,dw00;dw01;dw02;dw03;dw04;dw05;dw06;dw07;dw08,dw00;dw01;dw02;dw03;dw04;dw05;dw06;dw07;dw08,dw07;dw08,145,1,2026-08-27T10:29:32.584+0200,dw07,5783,21,2763,125,551,2708,1.99,2147483
ground-height-0m-20260825-163632,d028m_r090_run01.csv,0,28,90,dw00;dw01;dw02;dw03;dw04;dw05;dw06;dw07;dw08,dw00;dw01;dw02;dw03;dw04;dw05;dw06;dw07;dw08,dw07;dw08,145,1,2026-08-27T10:29:32.784+0200,dw07,5783,22,2765,129,627,2693,2.14,2147483
ground-height-0m-20260825-163632,d028m_r090_run01.csv,0,28,90,dw00;dw01;dw02;dw03;dw04;dw05;dw06;dw07;dw08,dw00;dw01;dw02;dw03;dw04;dw05;dw06;dw07;dw08,dw07;dw08,145,1,2026-08-27T10:29:32.983+0200,dw07,5783,23,2761,136,747,2658,2.02,2147483
ground-height-0m-20260825-163632,d028m_r090_run01.csv,0,28,90,dw00;dw01;dw02;dw03;dw04;dw05;dw06;dw07;dw08,dw00;dw01;dw02;dw03;dw04;dw05;dw06;dw07;dw08,dw07;dw08,145,1,2026-08-27T10:29:33.183+0200,dw07,5783,24,2768,131,651,2691,2.02,2147483
ground-height-0m-20260825-163632,d028m_r090_run01.csv,0,28,90,dw00;dw01;dw02;dw03;dw04;dw05;dw06;dw07;dw08,dw00;dw01;dw02;dw03;dw04;dw05;dw06;dw07;dw08,dw07;dw08,145,1,2026-08-27T10:29:33.384+0200,dw07,5783,25,2763,121,481,2721,2.08,2147483
ground-height-0m-20260825-163632,d028m_r090_run01.csv,0,28,90,dw00;dw01;dw02;dw03;dw04;dw05;dw06;dw07;dw08,dw00;dw01;dw02;dw03;dw04;dw05;dw06;dw07;dw08,dw07;dw08,145,1,2026-08-27T10:29:33.584+0200,dw07,5783,26,2766,114,360,2742,2.08,2147483
ground-height-0m-20260825-163632,d028m_r090_run01.csv,0,28,90,dw00;dw01;dw02;dw03;dw04;dw05;dw06;dw07;dw08,dw00;dw01;dw02;dw03;dw04;dw05;dw06;dw07;dw08,dw07;dw08,145,1,2026-08-27T10:29:33.783+0200,dw07,5783,27,2766,136,749,2662,2.08,2147483
ground-height-0m-20260825-163632,d028m_r090_run01.csv,0,28,90,dw00;dw01;dw02;dw03;dw04;dw05;dw06;dw07;dw08,dw00;dw01;dw02;dw03;dw04;dw05;dw06;dw07;dw08,dw07;dw08,145,1,2026-08-27T10:29:33.983+0200,dw07,5783,28,2764,129,627,2692,2.02,2147483
ground-height-0m-20260825-163632,d028m_r090_run01.csv,0,28,90,dw00;dw01;dw02;dw03;dw04;dw05;dw06;dw07;dw08,dw00;dw01;dw02;dw03;dw04;dw05;dw06;dw07;dw08,dw07;dw08,145,1,2026-08-27T10:29:34.183+0200,dw07,5783,29,2768,130,645,2691,2.14,2147483
ground-height-0m-20260825-163632,d028m_r090_run01.csv,0,28,90,dw00;dw01;dw02;dw03;dw04;dw05;dw06;dw07;dw08,dw00;dw01;dw02;dw03;dw04;dw05;dw06;dw07;dw08,dw07;dw08,145,1,2026-08-27T10:29:34.383+0200,dw07,5783,30,2764,127,580,2703,2.08,2147483
ground-height-0m-20260825-163632,d028m_r090_run01.csv,0,28,90,dw00;dw01;dw02;dw03;dw04;dw05;dw06;dw07;dw08,dw00;dw01;dw02;dw03;dw04;dw05;dw06;dw07;dw08,dw07;dw08,145,1,2026-08-27T10:29:34.583+0200,dw07,5783,31,2763,133,694,2675,2.02,2147483
ground-height-0m-20260825-163632,d028m_r090_run01.csv,0,28,90,dw00;dw01;dw02;dw03;dw04;dw05;dw06;dw07;dw08,dw00;dw01;dw02;dw03;dw04;dw05;dw06;dw07;dw08,dw07;dw08,145,1,2026-08-27T10:29:34.783+0200,dw07,5783,32,2766,136,744,2664,2.08,2147483
ground-height-0m-20260825-163632,d028m_r090_run01.csv,0,28,90,dw00;dw01;dw02;dw03;dw04;dw05;dw06;dw07;dw08,dw00;dw01;dw02;dw03;dw04;dw05;dw06;dw07;dw08,dw07;dw08,145,1,2026-08-27T10:29:34.983+0200,dw07,5783,33,2765,125,560,2708,1.99,2147483
ground-height-0m-20260825-163632,d028m_r090_run01.csv,0,28,90,dw00;dw01;dw02;dw03;dw04;dw05;dw06;dw07;dw08,dw00;dw01;dw02;dw03;dw04;dw05;dw06;dw07;dw08,dw07;dw08,145,1,2026-08-27T10:29:35.183+0200,dw07,5783,34,2766,136,735,2667,2.08,2147483
ground-height-0m-20260825-163632,d028m_r090_run01.csv,0,28,90,dw00;dw01;dw02;dw03;dw04;dw05;dw06;dw07;dw08,dw00;dw01;dw02;dw03;dw04;dw05;dw06;dw07;dw08,dw07;dw08,145,1,2026-08-27T10:29:35.382+0200,dw07,5783,35,2765,126,565,2707,2.14,2147483
ground-height-0m-20260825-163632,d028m_r090_run01.csv,0,28,90,dw00;dw01;dw02;dw03;dw04;dw05;dw06;dw07;dw08,dw00;dw01;dw02;dw03;dw04;dw05;dw06;dw07;dw08,dw07;dw08,145,1,2026-08-27T10:29:35.583+0200,dw07,5783,36,2766,134,708,2674,2.20,2147483
ground-height-0m-20260825-163632,d028m_r090_run01.csv,0,28,90,dw00;dw01;dw02;dw03;dw04;dw05;dw06;dw07;dw08,dw00;dw01;dw02;dw03;dw04;dw05;dw06;dw07;dw08,dw07;dw08,145,1,2026-08-27T10:29:35.783+0200,dw07,5783,37,2762,137,758,2656,1.99,2147483
ground-height-0m-20260825-163632,d028m_r090_run01.csv,0,28,90,dw00;dw01;dw02;dw03;dw04;dw05;dw06;dw07;dw08,dw00;dw01;dw02;dw03;dw04;dw05;dw06;dw07;dw08,dw07;dw08,145,1,2026-08-27T10:29:35.983+0200,dw07,5783,38,2764,131,662,2683,2.02,2147483
ground-height-0m-20260825-163632,d028m_r090_run01.csv,0,28,90,dw00;dw01;dw02;dw03;dw04;dw05;dw06;dw07;dw08,dw00;dw01;dw02;dw03;dw04;dw05;dw06;dw07;dw08,dw07;dw08,145,1,2026-08-27T10:29:36.182+0200,dw07,5783,39,2763,139,785,2649,2.08,2147483
ground-height-0m-20260825-163632,d028m_r090_run01.csv,0,28,90,dw00;dw01;dw02;dw03;dw04;dw05;dw06;dw07;dw08,dw00;dw01;dw02;dw03;dw04;dw05;dw06;dw07;dw08,dw07;dw08,145,1,2026-08-27T10:29:36.383+0200,dw07,5783,40,2764,136,745,2661,2.02,2147483
ground-height-0m-20260825-163632,d028m_r090_run01.csv,0,28,90,dw00;dw01;dw02;dw03;dw04;dw05;dw06;dw07;dw08,dw00;dw01;dw02;dw03;dw04;dw05;dw06;dw07;dw08,dw07;dw08,145,1,2026-08-27T10:29:36.582+0200,dw07,5783,41,2765,129,623,2693,2.02,2147483
ground-height-0m-20260825-163632,d028m_r090_run01.csv,0,28,90,dw00;dw01;dw02;dw03;dw04;dw05;dw06;dw07;dw08,dw00;dw01;dw02;dw03;dw04;dw05;dw06;dw07;dw08,dw07;dw08,145,1,2026-08-27T10:29:36.783+0200,dw07,5783,42,2764,123,521,2714,2.02,2147483
ground-height-0m-20260825-163632,d028m_r090_run01.csv,0,28,90,dw00;dw01;dw02;dw03;dw04;dw05;dw06;dw07;dw08,dw00;dw01;dw02;dw03;dw04;dw05;dw06;dw07;dw08,dw07;dw08,145,1,2026-08-27T10:29:36.982+0200,dw07,5783,43,2763,135,717,2668,2.08,2147483
ground-height-0m-20260825-163632,d028m_r090_run01.csv,0,28,90,dw00;dw01;dw02;dw03;dw04;dw05;dw06;dw07;dw08,dw00;dw01;dw02;dw03;dw04;dw05;dw06;dw07;dw08,dw07;dw08,145,1,2026-08-27T10:29:37.182+0200,dw07,5783,44,2762,132,667,2680,1.99,2147483
ground-height-0m-20260825-163632,d028m_r090_run01.csv,0,28,90,dw00;dw01;dw02;dw03;dw04;dw05;dw06;dw07;dw08,dw00;dw01;dw02;dw03;dw04;dw05;dw06;dw07;dw08,dw07;dw08,145,1,2026-08-27T10:29:37.382+0200,dw07,5783,45,2763,123,526,2712,2.08,2147483
ground-height-0m-20260825-163632,d028m_r090_run01.csv,0,28,90,dw00;dw01;dw02;dw03;dw04;dw05;dw06;dw07;dw08,dw00;dw01;dw02;dw03;dw04;dw05;dw06;dw07;dw08,dw07;dw08,145,1,2026-08-27T10:29:37.582+0200,dw07,5783,46,2764,126,569,2705,2.14,2147483
ground-height-0m-20260825-163632,d028m_r090_run01.csv,0,28,90,dw00;dw01;dw02;dw03;dw04;dw05;dw06;dw07;dw08,dw00;dw01;dw02;dw03;dw04;dw05;dw06;dw07;dw08,dw07;dw08,145,1,2026-08-27T10:29:37.783+0200,dw07,5783,47,2762,132,668,2680,2.08,2147483
ground-height-0m-20260825-163632,d028m_r090_run01.csv,0,28,90,dw00;dw01;dw02;dw03;dw04;dw05;dw06;dw07;dw08,dw00;dw01;dw02;dw03;dw04;dw05;dw06;dw07;dw08,dw07;dw08,145,1,2026-08-27T10:29:37.982+0200,dw07,5783,48,2764,136,749,2661,2.02,2147483
ground-height-0m-20260825-163632,d028m_r090_run01.csv,0,28,90,dw00;dw01;dw02;dw03;dw04;dw05;dw06;dw07;dw08,dw00;dw01;dw02;dw03;dw04;dw05;dw06;dw07;dw08,dw07;dw08,145,1,2026-08-27T10:29:38.181+0200,dw07,5783,49,2766,129,618,2696,2.02,2147483
ground-height-0m-20260825-163632,d028m_r090_run01.csv,0,28,90,dw00;dw01;dw02;dw03;dw04;dw05;dw06;dw07;dw08,dw00;dw01;dw02;dw03;dw04;dw05;dw06;dw07;dw08,dw07;dw08,145,1,2026-08-27T10:29:38.381+0200,dw07,5783,50,2764,133,685,2677,2.02,2147483
ground-height-0m-20260825-163632,d028m_r090_run01.csv,0,28,90,dw00;dw01;dw02;dw03;dw04;dw05;dw06;dw07;dw08,dw00;dw01;dw02;dw03;dw04;dw05;dw06;dw07;dw08,dw07;dw08,145,1,2026-08-27T10:29:38.580+0200,dw07,5783,51,2764,124,534,2712,2.08,2147483
ground-height-0m-20260825-163632,d028m_r090_run01.csv,0,28,90,dw00;dw01;dw02;dw03;dw04;dw05;dw06;dw07;dw08,dw00;dw01;dw02;dw03;dw04;dw05;dw06;dw07;dw08,dw07;dw08,145,1,2026-08-27T10:29:38.781+0200,dw07,5783,52,2762,135,719,2667,2.08,2147483
ground-height-0m-20260825-163632,d028m_r090_run01.csv,0,28,90,dw00;dw01;dw02;dw03;dw04;dw05;dw06;dw07;dw08,dw00;dw01;dw02;dw03;dw04;dw05;dw06;dw07;dw08,dw07;dw08,145,1,2026-08-27T10:29:38.981+0200,dw07,5783,53,2761,137,763,2653,2.02,2147483
ground-height-0m-20260825-163632,d028m_r090_run01.csv,0,28,90,dw00;dw01;dw02;dw03;dw04;dw05;dw06;dw07;dw08,dw00;dw01;dw02;dw03;dw04;dw05;dw06;dw07;dw08,dw07;dw08,145,1,2026-08-27T10:29:39.181+0200,dw07,5783,54,2764,125,556,2707,2.26,2147483
ground-height-0m-20260825-163632,d028m_r090_run01.csv,0,28,90,dw00;dw01;dw02;dw03;dw04;dw05;dw06;dw07;dw08,dw00;dw01;dw02;dw03;dw04;dw05;dw06;dw07;dw08,dw07;dw08,145,1,2026-08-27T10:29:39.380+0200,dw07,5783,55,2764,122,507,2717,2.02,2147483
ground-height-0m-20260825-163632,d028m_r090_run01.csv,0,28,90,dw00;dw01;dw02;dw03;dw04;dw05;dw06;dw07;dw08,dw00;dw01;dw02;dw03;dw04;dw05;dw06;dw07;dw08,dw07;dw08,145,1,2026-08-27T10:29:39.580+0200,dw07,5783,56,2762,131,660,2682,2.08,2147483
ground-height-0m-20260825-163632,d028m_r090_run01.csv,0,28,90,dw00;dw01;dw02;dw03;dw04;dw05;dw06;dw07;dw08,dw00;dw01;dw02;dw03;dw04;dw05;dw06;dw07;dw08,dw07;dw08,145,1,2026-08-27T10:29:39.780+0200,dw07,5783,57,2762,122,495,2717,1.99,2147483
ground-height-0m-20260825-163632,d028m_r090_run01.csv,0,28,90,dw00;dw01;dw02;dw03;dw04;dw05;dw06;dw07;dw08,dw00;dw01;dw02;dw03;dw04;dw05;dw06;dw07;dw08,dw07;dw08,145,1,2026-08-27T10:29:39.980+0200,dw07,5783,58,2765,125,550,2710,2.02,2147483
ground-height-0m-20260825-163632,d028m_r090_run01.csv,0,28,90,dw00;dw01;dw02;dw03;dw04;dw05;dw06;dw07;dw08,dw00;dw01;dw02;dw03;dw04;dw05;dw06;dw07;dw08,dw07;dw08,145,1,2026-08-27T10:29:40.180+0200,dw07,5783,59,2767,133,699,2677,1.99,2147483
ground-height-0m-20260825-163632,d028m_r090_run01.csv,0,28,90,dw00;dw01;dw02;dw03;dw04;dw05;dw06;dw07;dw08,dw00;dw01;dw02;dw03;dw04;dw05;dw06;dw07;dw08,dw07;dw08,145,1,2026-08-27T10:29:40.380+0200,dw07,5783,60,2764,124,534,2712,2.08,2147483
ground-height-0m-20260825-163632,d028m_r090_run01.csv,0,28,90,dw00;dw01;dw02;dw03;dw04;dw05;dw06;dw07;dw08,dw00;dw01;dw02;dw03;dw04;dw05;dw06;dw07;dw08,dw07;dw08,145,1,2026-08-27T10:29:40.580+0200,dw07,5783,61,2763,135,731,2665,1.99,2147483
ground-height-0m-20260825-163632,d028m_r090_run01.csv,0,28,90,dw00;dw01;dw02;dw03;dw04;dw05;dw06;dw07;dw08,dw00;dw01;dw02;dw03;dw04;dw05;dw06;dw07;dw08,dw07;dw08,145,1,2026-08-27T10:29:40.780+0200,dw07,5783,62,2766,125,547,2711,2.08,2147483
ground-height-0m-20260825-163632,d028m_r090_run01.csv,0,28,90,dw00;dw01;dw02;dw03;dw04;dw05;dw06;dw07;dw08,dw00;dw01;dw02;dw03;dw04;dw05;dw06;dw07;dw08,dw07;dw08,145,1,2026-08-27T10:29:40.980+0200,dw07,5783,63,2766,142,837,2636,2.08,2147483
ground-height-0m-20260825-163632,d028m_r090_run01.csv,0,28,90,dw00;dw01;dw02;dw03;dw04;dw05;dw06;dw07;dw08,dw00;dw01;dw02;dw03;dw04;dw05;dw06;dw07;dw08,dw07;dw08,145,1,2026-08-27T10:29:41.180+0200,dw07,5783,64,2766,138,772,2656,1.99,2147483
ground-height-0m-20260825-163632,d028m_r090_run01.csv,0,28,90,dw00;dw01;dw02;dw03;dw04;dw05;dw06;dw07;dw08,dw00;dw01;dw02;dw03;dw04;dw05;dw06;dw07;dw08,dw07;dw08,145,1,2026-08-27T10:29:41.380+0200,dw07,5783,65,2766,126,579,2704,2.08,2147483
ground-height-0m-20260825-163632,d028m_r090_run01.csv,0,28,90,dw00;dw01;dw02;dw03;dw04;dw05;dw06;dw07;dw08,dw00;dw01;dw02;dw03;dw04;dw05;dw06;dw07;dw08,dw07;dw08,145,1,2026-08-27T10:29:41.580+0200,dw07,5783,66,2767,123,525,2716,2.08,2147483
ground-height-0m-20260825-163632,d028m_r090_run01.csv,0,28,90,dw00;dw01;dw02;dw03;dw04;dw05;dw06;dw07;dw08,dw00;dw01;dw02;dw03;dw04;dw05;dw06;dw07;dw08,dw07;dw08,145,1,2026-08-27T10:29:41.779+0200,dw07,5783,67,2764,141,820,2639,2.14,2147483
ground-height-0m-20260825-163632,d028m_r090_run01.csv,0,28,90,dw00;dw01;dw02;dw03;dw04;dw05;dw06;dw07;dw08,dw00;dw01;dw02;dw03;dw04;dw05;dw06;dw07;dw08,dw07;dw08,145,1,2026-08-27T10:29:41.979+0200,dw07,5783,68,2766,125,546,2712,2.02,2147483
ground-height-0m-20260825-163632,d028m_r090_run01.csv,0,28,90,dw00;dw01;dw02;dw03;dw04;dw05;dw06;dw07;dw08,dw00;dw01;dw02;dw03;dw04;dw05;dw06;dw07;dw08,dw07;dw08,145,1,2026-08-27T10:29:42.179+0200,dw07,5783,69,2765,134,709,2672,2.02,2147483
ground-height-0m-20260825-163632,d028m_r090_run01.csv,0,28,90,dw00;dw01;dw02;dw03;dw04;dw05;dw06;dw07;dw08,dw00;dw01;dw02;dw03;dw04;dw05;dw06;dw07;dw08,dw07;dw08,145,1,2026-08-27T10:29:42.380+0200,dw07,5783,70,2764,125,549,2709,2.02,2147483
ground-height-0m-20260825-163632,d028m_r090_run01.csv,0,28,90,dw00;dw01;dw02;dw03;dw04;dw05;dw06;dw07;dw08,dw00;dw01;dw02;dw03;dw04;dw05;dw06;dw07;dw08,dw07;dw08,145,1,2026-08-27T10:29:42.579+0200,dw07,5783,71,2764,131,657,2685,2.02,2147483
ground-height-0m-20260825-163632,d028m_r090_run01.csv,0,28,90,dw00;dw01;dw02;dw03;dw04;dw05;dw06;dw07;dw08,dw00;dw01;dw02;dw03;dw04;dw05;dw06;dw07;dw08,dw07;dw08,145,1,2026-08-27T10:29:42.779+0200,dw07,5783,72,2763,122,507,2716,2.08,2147483
ground-height-0m-20260825-163632,d028m_r090_run01.csv,0,28,90,dw00;dw01;dw02;dw03;dw04;dw05;dw06;dw07;dw08,dw00;dw01;dw02;dw03;dw04;dw05;dw06;dw07;dw08,dw07;dw08,145,1,2026-08-27T10:29:42.979+0200,dw07,5783,73,2762,146,909,2608,2.08,2147483
ground-height-0m-20260825-163632,d028m_r090_run01.csv,0,28,90,dw00;dw01;dw02;dw03;dw04;dw05;dw06;dw07;dw08,dw00;dw01;dw02;dw03;dw04;dw05;dw06;dw07;dw08,dw07;dw08,145,1,2026-08-27T10:29:43.179+0200,dw07,5783,74,2762,141,832,2633,1.99,2147483
ground-height-0m-20260825-163632,d028m_r090_run01.csv,0,28,90,dw00;dw01;dw02;dw03;dw04;dw05;dw06;dw07;dw08,dw00;dw01;dw02;dw03;dw04;dw05;dw06;dw07;dw08,dw07;dw08,145,1,2026-08-27T10:29:43.379+0200,dw07,5783,75,2763,137,753,2658,1.99,2147483
ground-height-0m-20260825-163632,d028m_r090_run01.csv,0,28,90,dw00;dw01;dw02;dw03;dw04;dw05;dw06;dw07;dw08,dw00;dw01;dw02;dw03;dw04;dw05;dw06;dw07;dw08,dw07;dw08,145,1,2026-08-27T10:29:43.579+0200,dw07,5783,76,2765,137,766,2657,2.02,2147483
ground-height-0m-20260825-163632,d028m_r090_run01.csv,0,28,90,dw00;dw01;dw02;dw03;dw04;dw05;dw06;dw07;dw08,dw00;dw01;dw02;dw03;dw04;dw05;dw06;dw07;dw08,dw07;dw08,145,1,2026-08-27T10:29:43.779+0200,dw07,5783,77,2765,128,598,2700,2.08,2147483
ground-height-0m-20260825-163632,d028m_r090_run01.csv,0,28,90,dw00;dw01;dw02;dw03;dw04;dw05;dw06;dw07;dw08,dw00;dw01;dw02;dw03;dw04;dw05;dw06;dw07;dw08,dw07;dw08,145,1,2026-08-27T10:29:43.979+0200,dw07,5783,78,2764,131,661,2684,2.02,2147483
ground-height-0m-20260825-163632,d028m_r090_run01.csv,0,28,90,dw00;dw01;dw02;dw03;dw04;dw05;dw06;dw07;dw08,dw00;dw01;dw02;dw03;dw04;dw05;dw06;dw07;dw08,dw07;dw08,145,1,2026-08-27T10:29:44.178+0200,dw07,5783,79,2764,137,761,2657,2.02,2147483
ground-height-0m-20260825-163632,d028m_r090_run01.csv,0,28,90,dw00;dw01;dw02;dw03;dw04;dw05;dw06;dw07;dw08,dw00;dw01;dw02;dw03;dw04;dw05;dw06;dw07;dw08,dw07;dw08,145,1,2026-08-27T10:29:44.378+0200,dw07,5783,80,2765,136,736,2665,2.02,2147483
ground-height-0m-20260825-163632,d028m_r090_run01.csv,0,28,90,dw00;dw01;dw02;dw03;dw04;dw05;dw06;dw07;dw08,dw00;dw01;dw02;dw03;dw04;dw05;dw06;dw07;dw08,dw07;dw08,145,1,2026-08-27T10:29:44.579+0200,dw07,5783,81,2767,132,675,2683,1.93,2147483
ground-height-0m-20260825-163632,d028m_r090_run01.csv,0,28,90,dw00;dw01;dw02;dw03;dw04;dw05;dw06;dw07;dw08,dw00;dw01;dw02;dw03;dw04;dw05;dw06;dw07;dw08,dw07;dw08,145,1,2026-08-27T10:29:44.779+0200,dw07,5783,82,2765,132,674,2681,1.93,2147483
ground-height-0m-20260825-163632,d028m_r090_run01.csv,0,28,90,dw00;dw01;dw02;dw03;dw04;dw05;dw06;dw07;dw08,dw00;dw01;dw02;dw03;dw04;dw05;dw06;dw07;dw08,dw07;dw08,145,1,2026-08-27T10:29:45.194+0200,dw07,5783,84,2766,128,597,2700,2.20,2147483
ground-height-0m-20260825-163632,d028m_r090_run01.csv,0,28,90,dw00;dw01;dw02;dw03;dw04;dw05;dw06;dw07;dw08,dw00;dw01;dw02;dw03;dw04;dw05;dw06;dw07;dw08,dw07;dw08,145,1,2026-08-27T10:29:45.910+0200,dw07,5783,87,2766,119,444,2730,2.14,2147483
ground-height-0m-20260825-163632,d028m_r090_run01.csv,0,28,90,dw00;dw01;dw02;dw03;dw04;dw05;dw06;dw07;dw08,dw00;dw01;dw02;dw03;dw04;dw05;dw06;dw07;dw08,dw07;dw08,145,1,2026-08-27T10:29:46.394+0200,dw07,5783,89,2765,130,641,2689,2.14,2147483
ground-height-0m-20260825-163632,d028m_r090_run01.csv,0,28,90,dw00;dw01;dw02;dw03;dw04;dw05;dw06;dw07;dw08,dw00;dw01;dw02;dw03;dw04;dw05;dw06;dw07;dw08,dw07;dw08,145,1,2026-08-27T10:29:46.679+0200,dw07,5783,90,2760,142,848,2627,2.02,2147483
ground-height-0m-20260825-163632,d028m_r090_run01.csv,0,28,90,dw00;dw01;dw02;dw03;dw04;dw05;dw06;dw07;dw08,dw00;dw01;dw02;dw03;dw04;dw05;dw06;dw07;dw08,dw07;dw08,145,1,2026-08-27T10:29:46.879+0200,dw07,5783,91,2766,124,541,2713,1.93,2147483
ground-height-0m-20260825-163632,d028m_r090_run01.csv,0,28,90,dw00;dw01;dw02;dw03;dw04;dw05;dw06;dw07;dw08,dw00;dw01;dw02;dw03;dw04;dw05;dw06;dw07;dw08,dw07;dw08,145,1,2026-08-27T10:29:47.078+0200,dw07,5783,92,2766,130,638,2692,1.93,2147483
ground-height-0m-20260825-163632,d028m_r090_run01.csv,0,28,90,dw00;dw01;dw02;dw03;dw04;dw05;dw06;dw07;dw08,dw00;dw01;dw02;dw03;dw04;dw05;dw06;dw07;dw08,dw07;dw08,145,1,2026-08-27T10:29:47.279+0200,dw07,5783,93,2762,140,805,2642,1.87,2147483
ground-height-0m-20260825-163632,d028m_r090_run01.csv,0,28,90,dw00;dw01;dw02;dw03;dw04;dw05;dw06;dw07;dw08,dw00;dw01;dw02;dw03;dw04;dw05;dw06;dw07;dw08,dw07;dw08,145,1,2026-08-27T10:29:47.479+0200,dw07,5783,94,2765,121,493,2720,1.93,2147483
ground-height-0m-20260825-163632,d028m_r090_run01.csv,0,28,90,dw00;dw01;dw02;dw03;dw04;dw05;dw06;dw07;dw08,dw00;dw01;dw02;dw03;dw04;dw05;dw06;dw07;dw08,dw07;dw08,145,1,2026-08-27T10:29:47.679+0200,dw07,5783,95,2769,139,792,2653,1.93,2147483
ground-height-0m-20260825-163632,d028m_r090_run01.csv,0,28,90,dw00;dw01;dw02;dw03;dw04;dw05;dw06;dw07;dw08,dw00;dw01;dw02;dw03;dw04;dw05;dw06;dw07;dw08,dw07;dw08,145,1,2026-08-27T10:29:47.878+0200,dw07,5783,96,2765,127,596,2700,2.02,2147483
ground-height-0m-20260825-163632,d028m_r090_run01.csv,0,28,90,dw00;dw01;dw02;dw03;dw04;dw05;dw06;dw07;dw08,dw00;dw01;dw02;dw03;dw04;dw05;dw06;dw07;dw08,dw07;dw08,145,1,2026-08-27T10:29:48.078+0200,dw07,5783,97,2767,130,645,2690,1.99,2147483
ground-height-0m-20260825-163632,d028m_r090_run01.csv,0,28,90,dw00;dw01;dw02;dw03;dw04;dw05;dw06;dw07;dw08,dw00;dw01;dw02;dw03;dw04;dw05;dw06;dw07;dw08,dw07;dw08,145,1,2026-08-27T10:29:48.278+0200,dw07,5783,98,2766,124,536,2714,2.02,2147483
ground-height-0m-20260825-163632,d028m_r090_run01.csv,0,28,90,dw00;dw01;dw02;dw03;dw04;dw05;dw06;dw07;dw08,dw00;dw01;dw02;dw03;dw04;dw05;dw06;dw07;dw08,dw07;dw08,145,1,2026-08-27T10:29:48.479+0200,dw07,5783,99,2763,130,638,2688,1.99,2147483
ground-height-0m-20260825-163632,d028m_r090_run01.csv,0,28,90,dw00;dw01;dw02;dw03;dw04;dw05;dw06;dw07;dw08,dw00;dw01;dw02;dw03;dw04;dw05;dw06;dw07;dw08,dw07;dw08,145,1,2026-08-27T10:29:48.678+0200,dw07,5783,100,2768,138,772,2658,2.02,2147483
ground-height-0m-20260825-163632,d028m_r090_run01.csv,0,28,90,dw00;dw01;dw02;dw03;dw04;dw05;dw06;dw07;dw08,dw00;dw01;dw02;dw03;dw04;dw05;dw06;dw07;dw08,dw07;dw08,145,1,2026-08-27T10:29:48.878+0200,dw07,5783,101,2765,133,685,2679,1.93,2147483
ground-height-0m-20260825-163632,d028m_r090_run01.csv,0,28,90,dw00;dw01;dw02;dw03;dw04;dw05;dw06;dw07;dw08,dw00;dw01;dw02;dw03;dw04;dw05;dw06;dw07;dw08,dw07;dw08,145,1,2026-08-27T10:29:49.078+0200,dw07,5783,102,2766,109,283,2751,1.99,2147483
ground-height-0m-20260825-163632,d028m_r090_run01.csv,0,28,90,dw00;dw01;dw02;dw03;dw04;dw05;dw06;dw07;dw08,dw00;dw01;dw02;dw03;dw04;dw05;dw06;dw07;dw08,dw07;dw08,145,1,2026-08-27T10:29:49.278+0200,dw07,5783,103,2759,135,722,2663,1.99,2147483
ground-height-0m-20260825-163632,d028m_r090_run01.csv,0,28,90,dw00;dw01;dw02;dw03;dw04;dw05;dw06;dw07;dw08,dw00;dw01;dw02;dw03;dw04;dw05;dw06;dw07;dw08,dw07;dw08,145,1,2026-08-27T10:29:49.478+0200,dw07,5783,104,2767,137,757,2662,2.14,2147483
ground-height-0m-20260825-163632,d028m_r090_run01.csv,0,28,90,dw00;dw01;dw02;dw03;dw04;dw05;dw06;dw07;dw08,dw00;dw01;dw02;dw03;dw04;dw05;dw06;dw07;dw08,dw07;dw08,145,1,2026-08-27T10:29:49.678+0200,dw07,5783,105,2762,130,644,2686,1.99,2147483
ground-height-0m-20260825-163632,d028m_r090_run01.csv,0,28,90,dw00;dw01;dw02;dw03;dw04;dw05;dw06;dw07;dw08,dw00;dw01;dw02;dw03;dw04;dw05;dw06;dw07;dw08,dw07;dw08,145,1,2026-08-27T10:29:49.878+0200,dw07,5783,106,2765,128,598,2699,2.02,2147483
ground-height-0m-20260825-163632,d028m_r090_run01.csv,0,28,90,dw00;dw01;dw02;dw03;dw04;dw05;dw06;dw07;dw08,dw00;dw01;dw02;dw03;dw04;dw05;dw06;dw07;dw08,dw07;dw08,145,1,2026-08-27T10:29:50.078+0200,dw07,5783,107,2763,135,729,2665,1.99,2147483
ground-height-0m-20260825-163632,d028m_r090_run01.csv,0,28,90,dw00;dw01;dw02;dw03;dw04;dw05;dw06;dw07;dw08,dw00;dw01;dw02;dw03;dw04;dw05;dw06;dw07;dw08,dw07;dw08,145,1,2026-08-27T10:29:50.277+0200,dw07,5783,108,2765,129,621,2694,1.93,2147483
ground-height-0m-20260825-163632,d028m_r090_run01.csv,0,28,90,dw00;dw01;dw02;dw03;dw04;dw05;dw06;dw07;dw08,dw00;dw01;dw02;dw03;dw04;dw05;dw06;dw07;dw08,dw07;dw08,145,1,2026-08-27T10:29:50.477+0200,dw07,5783,109,2764,131,663,2683,2.02,2092254
ground-height-0m-20260825-163632,d028m_r090_run01.csv,0,28,90,dw00;dw01;dw02;dw03;dw04;dw05;dw06;dw07;dw08,dw00;dw01;dw02;dw03;dw04;dw05;dw06;dw07;dw08,dw07;dw08,145,1,2026-08-27T10:29:50.678+0200,dw07,5783,110,2767,135,725,2670,1.99,92285
ground-height-0m-20260825-163632,d028m_r090_run01.csv,0,28,90,dw00;dw01;dw02;dw03;dw04;dw05;dw06;dw07;dw08,dw00;dw01;dw02;dw03;dw04;dw05;dw06;dw07;dw08,dw07;dw08,145,1,2026-08-27T10:29:50.878+0200,dw07,5783,111,2765,138,776,2653,1.93,2147483
ground-height-0m-20260825-163632,d028m_r090_run01.csv,0,28,90,dw00;dw01;dw02;dw03;dw04;dw05;dw06;dw07;dw08,dw00;dw01;dw02;dw03;dw04;dw05;dw06;dw07;dw08,dw07;dw08,145,1,2026-08-27T10:29:51.077+0200,dw07,5783,112,2758,128,609,2690,1.87,2147483
ground-height-0m-20260825-163632,d028m_r090_run01.csv,0,28,90,dw00;dw01;dw02;dw03;dw04;dw05;dw06;dw07;dw08,dw00;dw01;dw02;dw03;dw04;dw05;dw06;dw07;dw08,dw07;dw08,145,1,2026-08-27T10:29:51.277+0200,dw07,5783,113,2761,124,531,2709,2.02,2147483
ground-height-0m-20260825-163632,d028m_r090_run01.csv,0,28,90,dw00;dw01;dw02;dw03;dw04;dw05;dw06;dw07;dw08,dw00;dw01;dw02;dw03;dw04;dw05;dw06;dw07;dw08,dw07;dw08,145,1,2026-08-27T10:29:51.478+0200,dw07,5783,114,2769,130,641,2694,1.93,2147483
ground-height-0m-20260825-163632,d028m_r090_run01.csv,0,28,90,dw00;dw01;dw02;dw03;dw04;dw05;dw06;dw07;dw08,dw00;dw01;dw02;dw03;dw04;dw05;dw06;dw07;dw08,dw07;dw08,145,1,2026-08-27T10:29:51.678+0200,dw07,5783,115,2766,132,676,2682,1.99,2147483
ground-height-0m-20260825-163632,d028m_r090_run01.csv,0,28,90,dw00;dw01;dw02;dw03;dw04;dw05;dw06;dw07;dw08,dw00;dw01;dw02;dw03;dw04;dw05;dw06;dw07;dw08,dw07;dw08,145,1,2026-08-27T10:29:51.878+0200,dw07,5783,116,2767,139,798,2649,2.02,2147483
ground-height-0m-20260825-163632,d028m_r090_run01.csv,0,28,90,dw00;dw01;dw02;dw03;dw04;dw05;dw06;dw07;dw08,dw00;dw01;dw02;dw03;dw04;dw05;dw06;dw07;dw08,dw07;dw08,145,1,2026-08-27T10:29:52.078+0200,dw07,5783,117,2763,124,539,2710,1.99,2147483
ground-height-0m-20260825-163632,d028m_r090_run01.csv,0,28,90,dw00;dw01;dw02;dw03;dw04;dw05;dw06;dw07;dw08,dw00;dw01;dw02;dw03;dw04;dw05;dw06;dw07;dw08,dw07;dw08,145,1,2026-08-27T10:29:52.278+0200,dw07,5783,118,2764,127,580,2702,2.02,2147483
ground-height-0m-20260825-163632,d028m_r090_run01.csv,0,28,90,dw00;dw01;dw02;dw03;dw04;dw05;dw06;dw07;dw08,dw00;dw01;dw02;dw03;dw04;dw05;dw06;dw07;dw08,dw07;dw08,145,1,2026-08-27T10:29:52.478+0200,dw07,5783,119,2764,138,769,2655,1.93,2147483
ground-height-0m-20260825-163632,d028m_r090_run01.csv,0,28,90,dw00;dw01;dw02;dw03;dw04;dw05;dw06;dw07;dw08,dw00;dw01;dw02;dw03;dw04;dw05;dw06;dw07;dw08,dw07;dw08,145,1,2026-08-27T10:29:52.677+0200,dw07,5783,120,2764,112,338,2743,2.02,2147483
ground-height-0m-20260825-163632,d028m_r090_run01.csv,0,28,90,dw00;dw01;dw02;dw03;dw04;dw05;dw06;dw07;dw08,dw00;dw01;dw02;dw03;dw04;dw05;dw06;dw07;dw08,dw07;dw08,145,1,2026-08-27T10:29:52.878+0200,dw07,5783,121,2759,126,569,2700,1.87,2147483
ground-height-0m-20260825-163632,d028m_r090_run01.csv,0,28,90,dw00;dw01;dw02;dw03;dw04;dw05;dw06;dw07;dw08,dw00;dw01;dw02;dw03;dw04;dw05;dw06;dw07;dw08,dw07;dw08,145,1,2026-08-27T10:29:53.078+0200,dw07,5783,122,2768,130,643,2693,1.93,2147483
ground-height-0m-20260825-163632,d028m_r090_run01.csv,0,28,90,dw00;dw01;dw02;dw03;dw04;dw05;dw06;dw07;dw08,dw00;dw01;dw02;dw03;dw04;dw05;dw06;dw07;dw08,dw07;dw08,145,1,2026-08-27T10:29:53.278+0200,dw07,5783,123,2763,136,740,2662,1.99,2147483
ground-height-0m-20260825-163632,d028m_r090_run01.csv,0,28,90,dw00;dw01;dw02;dw03;dw04;dw05;dw06;dw07;dw08,dw00;dw01;dw02;dw03;dw04;dw05;dw06;dw07;dw08,dw07;dw08,145,1,2026-08-27T10:29:53.477+0200,dw07,5783,124,2764,135,729,2666,2.02,2147483
ground-height-0m-20260825-163632,d028m_r090_run01.csv,0,28,90,dw00;dw01;dw02;dw03;dw04;dw05;dw06;dw07;dw08,dw00;dw01;dw02;dw03;dw04;dw05;dw06;dw07;dw08,dw07;dw08,145,1,2026-08-27T10:29:53.677+0200,dw07,5783,125,2764,139,784,2651,1.93,2147483
ground-height-0m-20260825-163632,d028m_r090_run01.csv,0,28,90,dw00;dw01;dw02;dw03;dw04;dw05;dw06;dw07;dw08,dw00;dw01;dw02;dw03;dw04;dw05;dw06;dw07;dw08,dw07;dw08,145,1,2026-08-27T10:29:53.877+0200,dw07,5783,126,2765,130,645,2689,2.02,2147483
ground-height-0m-20260825-163632,d028m_r090_run01.csv,0,28,90,dw00;dw01;dw02;dw03;dw04;dw05;dw06;dw07;dw08,dw00;dw01;dw02;dw03;dw04;dw05;dw06;dw07;dw08,dw07;dw08,145,1,2026-08-27T10:29:54.078+0200,dw07,5783,127,2764,119,458,2726,1.93,2147483
ground-height-0m-20260825-163632,d028m_r090_run01.csv,0,28,90,dw00;dw01;dw02;dw03;dw04;dw05;dw06;dw07;dw08,dw00;dw01;dw02;dw03;dw04;dw05;dw06;dw07;dw08,dw07;dw08,145,1,2026-08-27T10:29:54.277+0200,dw07,5783,128,2765,131,651,2687,1.93,2147483
ground-height-0m-20260825-163632,d028m_r090_run01.csv,0,28,90,dw00;dw01;dw02;dw03;dw04;dw05;dw06;dw07;dw08,dw00;dw01;dw02;dw03;dw04;dw05;dw06;dw07;dw08,dw07;dw08,145,1,2026-08-27T10:29:54.477+0200,dw07,5783,129,2766,147,923,2607,1.93,2147483
ground-height-0m-20260825-163632,d028m_r090_run01.csv,0,28,90,dw00;dw01;dw02;dw03;dw04;dw05;dw06;dw07;dw08,dw00;dw01;dw02;dw03;dw04;dw05;dw06;dw07;dw08,dw07;dw08,145,1,2026-08-27T10:29:54.677+0200,dw07,5783,130,2763,134,706,2671,1.87,2147483
ground-height-0m-20260825-163632,d028m_r090_run01.csv,0,28,90,dw00;dw01;dw02;dw03;dw04;dw05;dw06;dw07;dw08,dw00;dw01;dw02;dw03;dw04;dw05;dw06;dw07;dw08,dw07;dw08,145,1,2026-08-27T10:29:54.877+0200,dw07,5783,131,2762,117,423,2729,1.99,2147483
ground-height-0m-20260825-163632,d028m_r090_run01.csv,0,28,90,dw00;dw01;dw02;dw03;dw04;dw05;dw06;dw07;dw08,dw00;dw01;dw02;dw03;dw04;dw05;dw06;dw07;dw08,dw07;dw08,145,1,2026-08-27T10:29:55.077+0200,dw07,5783,132,2761,123,512,2713,2.02,2147483
ground-height-0m-20260825-163632,d028m_r090_run01.csv,0,28,90,dw00;dw01;dw02;dw03;dw04;dw05;dw06;dw07;dw08,dw00;dw01;dw02;dw03;dw04;dw05;dw06;dw07;dw08,dw07;dw08,145,1,2026-08-27T10:29:55.277+0200,dw07,5783,133,2764,126,578,2703,1.93,2147483
ground-height-0m-20260825-163632,d028m_r090_run01.csv,0,28,90,dw00;dw01;dw02;dw03;dw04;dw05;dw06;dw07;dw08,dw00;dw01;dw02;dw03;dw04;dw05;dw06;dw07;dw08,dw07;dw08,145,1,2026-08-27T10:29:55.477+0200,dw07,5783,134,2767,150,986,2585,2.02,2147483
ground-height-0m-20260825-163632,d028m_r090_run01.csv,0,28,90,dw00;dw01;dw02;dw03;dw04;dw05;dw06;dw07;dw08,dw00;dw01;dw02;dw03;dw04;dw05;dw06;dw07;dw08,dw07;dw08,145,1,2026-08-27T10:29:55.677+0200,dw07,5783,135,2763,138,779,2651,1.93,2147483
ground-height-0m-20260825-163632,d028m_r090_run01.csv,0,28,90,dw00;dw01;dw02;dw03;dw04;dw05;dw06;dw07;dw08,dw00;dw01;dw02;dw03;dw04;dw05;dw06;dw07;dw08,dw07;dw08,145,1,2026-08-27T10:29:55.876+0200,dw07,5783,136,2767,141,831,2639,1.99,2147483
ground-height-0m-20260825-163632,d028m_r090_run01.csv,0,28,90,dw00;dw01;dw02;dw03;dw04;dw05;dw06;dw07;dw08,dw00;dw01;dw02;dw03;dw04;dw05;dw06;dw07;dw08,dw07;dw08,145,1,2026-08-27T10:29:56.077+0200,dw07,5783,137,2765,128,603,2698,2.02,2147483
ground-height-0m-20260825-163632,d028m_r090_run01.csv,0,28,90,dw00;dw01;dw02;dw03;dw04;dw05;dw06;dw07;dw08,dw00;dw01;dw02;dw03;dw04;dw05;dw06;dw07;dw08,dw07;dw08,145,1,2026-08-27T10:29:56.277+0200,dw07,5783,138,2768,141,821,2644,1.93,2147483
ground-height-0m-20260825-163632,d028m_r090_run01.csv,0,28,90,dw00;dw01;dw02;dw03;dw04;dw05;dw06;dw07;dw08,dw00;dw01;dw02;dw03;dw04;dw05;dw06;dw07;dw08,dw07;dw08,145,1,2026-08-27T10:29:56.477+0200,dw07,5783,139,2765,136,733,2666,1.87,2147483
ground-height-0m-20260825-163632,d028m_r090_run01.csv,0,28,90,dw00;dw01;dw02;dw03;dw04;dw05;dw06;dw07;dw08,dw00;dw01;dw02;dw03;dw04;dw05;dw06;dw07;dw08,dw07;dw08,145,1,2026-08-27T10:29:56.677+0200,dw07,5783,140,2767,142,845,2635,1.93,2147483
ground-height-0m-20260825-163632,d028m_r090_run01.csv,0,28,90,dw00;dw01;dw02;dw03;dw04;dw05;dw06;dw07;dw08,dw00;dw01;dw02;dw03;dw04;dw05;dw06;dw07;dw08,dw07;dw08,145,1,2026-08-27T10:29:56.877+0200,dw07,5783,141,2765,136,733,2666,1.93,2147483
ground-height-0m-20260825-163632,d028m_r090_run01.csv,0,28,90,dw00;dw01;dw02;dw03;dw04;dw05;dw06;dw07;dw08,dw00;dw01;dw02;dw03;dw04;dw05;dw06;dw07;dw08,dw07;dw08,145,1,2026-08-27T10:29:57.077+0200,dw07,5783,142,2763,134,700,2673,1.93,2147483
ground-height-0m-20260825-163632,d028m_r090_run01.csv,0,28,90,dw00;dw01;dw02;dw03;dw04;dw05;dw06;dw07;dw08,dw00;dw01;dw02;dw03;dw04;dw05;dw06;dw07;dw08,dw07;dw08,145,1,2026-08-27T10:29:57.277+0200,dw07,5783,143,2769,121,479,2727,1.93,2147483
ground-height-0m-20260825-163632,d028m_r090_run01.csv,0,28,90,dw00;dw01;dw02;dw03;dw04;dw05;dw06;dw07;dw08,dw00;dw01;dw02;dw03;dw04;dw05;dw06;dw07;dw08,dw07;dw08,165,1,2026-08-27T10:32:07.770+0200,dw08,028E,4,2769,117,424,2737,2.32,22308
ground-height-0m-20260825-163632,d028m_r090_run01.csv,0,28,90,dw00;dw01;dw02;dw03;dw04;dw05;dw06;dw07;dw08,dw00;dw01;dw02;dw03;dw04;dw05;dw06;dw07;dw08,dw07;dw08,165,1,2026-08-27T10:32:09.370+0200,dw08,028E,12,2766,92,-15,2766,2.26,22308
ground-height-0m-20260825-163632,d028m_r090_run01.csv,0,28,90,dw00;dw01;dw02;dw03;dw04;dw05;dw06;dw07;dw08,dw00;dw01;dw02;dw03;dw04;dw05;dw06;dw07;dw08,dw07;dw08,165,1,2026-08-27T10:32:09.985+0200,dw08,028E,15,2760,-94,2760,0,2.26,37902
ground-height-0m-20260825-163632,d028m_r090_run01.csv,0,28,90,dw00;dw01;dw02;dw03;dw04;dw05;dw06;dw07;dw08,dw00;dw01;dw02;dw03;dw04;dw05;dw06;dw07;dw08,dw07;dw08,165,1,2026-08-27T10:32:10.569+0200,dw08,028E,18,2768,139,787,2654,2.08,22338
ground-height-0m-20260825-163632,d028m_r090_run01.csv,0,28,90,dw00;dw01;dw02;dw03;dw04;dw05;dw06;dw07;dw08,dw00;dw01;dw02;dw03;dw04;dw05;dw06;dw07;dw08,dw07;dw08,165,1,2026-08-27T10:32:11.168+0200,dw08,028E,21,2763,145,888,2617,2.08,22308
ground-height-0m-20260825-163632,d028m_r090_run01.csv,0,28,90,dw00;dw01;dw02;dw03;dw04;dw05;dw06;dw07;dw08,dw00;dw01;dw02;dw03;dw04;dw05;dw06;dw07;dw08,dw07;dw08,165,1,2026-08-27T10:32:11.769+0200,dw08,028E,24,2761,63,-501,2716,2.26,22369
ground-height-0m-20260825-163632,d028m_r090_run01.csv,0,28,90,dw00;dw01;dw02;dw03;dw04;dw05;dw06;dw07;dw08,dw00;dw01;dw02;dw03;dw04;dw05;dw06;dw07;dw08,dw07;dw08,165,1,2026-08-27T10:32:11.968+0200,dw08,028E,25,2767,136,736,2667,2.14,22277
ground-height-0m-20260825-163632,d028m_r090_run01.csv,0,28,90,dw00;dw01;dw02;dw03;dw04;dw05;dw06;dw07;dw08,dw00;dw01;dw02;dw03;dw04;dw05;dw06;dw07;dw08,dw07;dw08,165,1,2026-08-27T10:32:12.168+0200,dw08,028E,26,2764,141,820,2639,2.26,22338
ground-height-0m-20260825-163632,d028m_r090_run01.csv,0,28,90,dw00;dw01;dw02;dw03;dw04;dw05;dw06;dw07;dw08,dw00;dw01;dw02;dw03;dw04;dw05;dw06;dw07;dw08,dw07;dw08,165,1,2026-08-27T10:32:12.368+0200,dw08,028E,27,2766,-54,-2513,1155,2.20,22277
ground-height-0m-20260825-163632,d028m_r090_run01.csv,0,28,90,dw00;dw01;dw02;dw03;dw04;dw05;dw06;dw07;dw08,dw00;dw01;dw02;dw03;dw04;dw05;dw06;dw07;dw08,dw07;dw08,165,1,2026-08-27T10:32:12.568+0200,dw08,028E,28,2765,127,589,2701,2.26,22338
ground-height-0m-20260825-163632,d028m_r090_run01.csv,0,28,90,dw00;dw01;dw02;dw03;dw04;dw05;dw06;dw07;dw08,dw00;dw01;dw02;dw03;dw04;dw05;dw06;dw07;dw08,dw07;dw08,165,1,2026-08-27T10:32:12.768+0200,dw08,028E,29,2761,126,571,2701,2.20,22277
ground-height-0m-20260825-163632,d028m_r090_run01.csv,0,28,90,dw00;dw01;dw02;dw03;dw04;dw05;dw06;dw07;dw08,dw00;dw01;dw02;dw03;dw04;dw05;dw06;dw07;dw08,dw07;dw08,165,1,2026-08-27T10:32:12.968+0200,dw08,028E,30,2765,136,745,2663,2.20,22308
ground-height-0m-20260825-163632,d028m_r090_run01.csv,0,28,90,dw00;dw01;dw02;dw03;dw04;dw05;dw06;dw07;dw08,dw00;dw01;dw02;dw03;dw04;dw05;dw06;dw07;dw08,dw07;dw08,165,1,2026-08-27T10:32:13.168+0200,dw08,028E,31,2759,-78,-2759,0,2.02,22338
ground-height-0m-20260825-163632,d028m_r090_run01.csv,0,28,90,dw00;dw01;dw02;dw03;dw04;dw05;dw06;dw07;dw08,dw00;dw01;dw02;dw03;dw04;dw05;dw06;dw07;dw08,dw07;dw08,165,1,2026-08-27T10:32:13.567+0200,dw08,028E,33,2767,142,836,2637,2.08,22308
ground-height-0m-20260825-163632,d028m_r090_run01.csv,0,28,90,dw00;dw01;dw02;dw03;dw04;dw05;dw06;dw07;dw08,dw00;dw01;dw02;dw03;dw04;dw05;dw06;dw07;dw08,dw07;dw08,165,1,2026-08-27T10:32:13.768+0200,dw08,028E,34,2761,125,558,2704,2.14,22308
ground-height-0m-20260825-163632,d028m_r090_run01.csv,0,28,90,dw00;dw01;dw02;dw03;dw04;dw05;dw06;dw07;dw08,dw00;dw01;dw02;dw03;dw04;dw05;dw06;dw07;dw08,dw07;dw08,165,1,2026-08-27T10:32:14.399+0200,dw08,028E,37,2768,-155,1893,2018,2.26,53558
ground-height-0m-20260825-163632,d028m_r090_run01.csv,0,28,90,dw00;dw01;dw02;dw03;dw04;dw05;dw06;dw07;dw08,dw00;dw01;dw02;dw03;dw04;dw05;dw06;dw07;dw08,dw07;dw08,165,1,2026-08-27T10:32:14.767+0200,dw08,028E,39,2760,-142,2108,1780,2.08,22308
ground-height-0m-20260825-163632,d028m_r090_run01.csv,0,28,90,dw00;dw01;dw02;dw03;dw04;dw05;dw06;dw07;dw08,dw00;dw01;dw02;dw03;dw04;dw05;dw06;dw07;dw08,dw07;dw08,165,1,2026-08-27T10:32:14.968+0200,dw08,028E,40,2761,163,1204,2485,2.14,22308
ground-height-0m-20260825-163632,d028m_r090_run01.csv,0,28,90,dw00;dw01;dw02;dw03;dw04;dw05;dw06;dw07;dw08,dw00;dw01;dw02;dw03;dw04;dw05;dw06;dw07;dw08,dw07;dw08,165,1,2026-08-27T10:32:15.383+0200,dw08,028E,42,2769,-117,2552,1073,2.26,37933
ground-height-0m-20260825-163632,d028m_r090_run01.csv,0,28,90,dw00;dw01;dw02;dw03;dw04;dw05;dw06;dw07;dw08,dw00;dw01;dw02;dw03;dw04;dw05;dw06;dw07;dw08,dw07;dw08,165,1,2026-08-27T10:32:15.567+0200,dw08,028E,43,2771,118,443,2735,2.26,22338
ground-height-0m-20260825-163632,d028m_r090_run01.csv,0,28,90,dw00;dw01;dw02;dw03;dw04;dw05;dw06;dw07;dw08,dw00;dw01;dw02;dw03;dw04;dw05;dw06;dw07;dw08,dw07;dw08,165,1,2026-08-27T10:32:15.767+0200,dw08,028E,44,2763,88,-67,2763,2.02,22308
ground-height-0m-20260825-163632,d028m_r090_run01.csv,0,28,90,dw00;dw01;dw02;dw03;dw04;dw05;dw06;dw07;dw08,dw00;dw01;dw02;dw03;dw04;dw05;dw06;dw07;dw08,dw07;dw08,165,1,2026-08-27T10:32:15.966+0200,dw08,028E,45,2767,-154,1921,1991,2.20,22308
ground-height-0m-20260825-163632,d028m_r090_run01.csv,0,28,90,dw00;dw01;dw02;dw03;dw04;dw05;dw06;dw07;dw08,dw00;dw01;dw02;dw03;dw04;dw05;dw06;dw07;dw08,dw07;dw08,165,1,2026-08-27T10:32:16.167+0200,dw08,028E,46,2765,138,778,2653,2.14,22308
ground-height-0m-20260825-163632,d028m_r090_run01.csv,0,28,90,dw00;dw01;dw02;dw03;dw04;dw05;dw06;dw07;dw08,dw00;dw01;dw02;dw03;dw04;dw05;dw06;dw07;dw08,dw07;dw08,165,1,2026-08-27T10:32:16.367+0200,dw08,028E,47,2761,144,876,2618,2.14,22338
ground-height-0m-20260825-163632,d028m_r090_run01.csv,0,28,90,dw00;dw01;dw02;dw03;dw04;dw05;dw06;dw07;dw08,dw00;dw01;dw02;dw03;dw04;dw05;dw06;dw07;dw08,dw07;dw08,165,1,2026-08-27T10:32:16.783+0200,dw08,028E,49,2757,-50,-2434,1296,2.14,37933
ground-height-0m-20260825-163632,d028m_r090_run01.csv,0,28,90,dw00;dw01;dw02;dw03;dw04;dw05;dw06;dw07;dw08,dw00;dw01;dw02;dw03;dw04;dw05;dw06;dw07;dw08,dw07;dw08,165,1,2026-08-27T10:32:17.167+0200,dw08,028E,51,2765,-159,1835,2068,2.14,22308
ground-height-0m-20260825-163632,d028m_r090_run01.csv,0,28,90,dw00;dw01;dw02;dw03;dw04;dw05;dw06;dw07;dw08,dw00;dw01;dw02;dw03;dw04;dw05;dw06;dw07;dw08,dw07;dw08,165,1,2026-08-27T10:32:17.367+0200,dw08,028E,52,2765,87,-88,2763,2.14,22308
ground-height-0m-20260825-163632,d028m_r090_run01.csv,0,28,90,dw00;dw01;dw02;dw03;dw04;dw05;dw06;dw07;dw08,dw00;dw01;dw02;dw03;dw04;dw05;dw06;dw07;dw08,dw07;dw08,165,1,2026-08-27T10:32:17.566+0200,dw08,028E,53,2763,84,-143,2759,2.08,22338
ground-height-0m-20260825-163632,d028m_r090_run01.csv,0,28,90,dw00;dw01;dw02;dw03;dw04;dw05;dw06;dw07;dw08,dw00;dw01;dw02;dw03;dw04;dw05;dw06;dw07;dw08,dw07;dw08,165,1,2026-08-27T10:32:17.766+0200,dw08,028E,54,2762,126,572,2702,1.99,22308
ground-height-0m-20260825-163632,d028m_r090_run01.csv,0,28,90,dw00;dw01;dw02;dw03;dw04;dw05;dw06;dw07;dw08,dw00;dw01;dw02;dw03;dw04;dw05;dw06;dw07;dw08,dw07;dw08,165,1,2026-08-27T10:32:17.966+0200,dw08,028E,55,2761,107,252,2749,2.02,22308
ground-height-0m-20260825-163632,d028m_r090_run01.csv,0,28,90,dw00;dw01;dw02;dw03;dw04;dw05;dw06;dw07;dw08,dw00;dw01;dw02;dw03;dw04;dw05;dw06;dw07;dw08,dw07;dw08,165,1,2026-08-27T10:32:18.166+0200,dw08,028E,56,2767,110,307,2750,2.02,22308
ground-height-0m-20260825-163632,d028m_r090_run01.csv,0,28,90,dw00;dw01;dw02;dw03;dw04;dw05;dw06;dw07;dw08,dw00;dw01;dw02;dw03;dw04;dw05;dw06;dw07;dw08,dw07;dw08,165,1,2026-08-27T10:32:18.367+0200,dw08,028E,57,2765,45,-813,2643,2.02,22338
ground-height-0m-20260825-163632,d028m_r090_run01.csv,0,28,90,dw00;dw01;dw02;dw03;dw04;dw05;dw06;dw07;dw08,dw00;dw01;dw02;dw03;dw04;dw05;dw06;dw07;dw08,dw07;dw08,165,1,2026-08-27T10:32:18.566+0200,dw08,028E,58,2761,132,666,2679,2.14,22308
ground-height-0m-20260825-163632,d028m_r090_run01.csv,0,28,90,dw00;dw01;dw02;dw03;dw04;dw05;dw06;dw07;dw08,dw00;dw01;dw02;dw03;dw04;dw05;dw06;dw07;dw08,dw07;dw08,165,1,2026-08-27T10:32:19.182+0200,dw08,028E,61,2762,-168,1683,2191,2.20,37902
ground-height-0m-20260825-163632,d028m_r090_run01.csv,0,28,90,dw00;dw01;dw02;dw03;dw04;dw05;dw06;dw07;dw08,dw00;dw01;dw02;dw03;dw04;dw05;dw06;dw07;dw08,dw07;dw08,165,1,2026-08-27T10:32:19.581+0200,dw08,028E,63,2766,-109,2680,686,2.14,37933
ground-height-0m-20260825-163632,d028m_r090_run01.csv,0,28,90,dw00;dw01;dw02;dw03;dw04;dw05;dw06;dw07;dw08,dw00;dw01;dw02;dw03;dw04;dw05;dw06;dw07;dw08,dw07;dw08,165,1,2026-08-27T10:32:20.566+0200,dw08,028E,68,2765,116,398,2736,2.02,22308
ground-height-0m-20260825-163632,d028m_r090_run01.csv,0,28,90,dw00;dw01;dw02;dw03;dw04;dw05;dw06;dw07;dw08,dw00;dw01;dw02;dw03;dw04;dw05;dw06;dw07;dw08,dw07;dw08,165,1,2026-08-27T10:32:20.765+0200,dw08,028E,69,2764,109,286,2749,2.08,22338
ground-height-0m-20260825-163632,d028m_r090_run01.csv,0,28,90,dw00;dw01;dw02;dw03;dw04;dw05;dw06;dw07;dw08,dw00;dw01;dw02;dw03;dw04;dw05;dw06;dw07;dw08,dw07;dw08,165,1,2026-08-27T10:32:21.181+0200,dw08,028E,71,2768,-90,2768,0,2.32,37902
ground-height-0m-20260825-163632,d028m_r090_run01.csv,0,28,90,dw00;dw01;dw02;dw03;dw04;dw05;dw06;dw07;dw08,dw00;dw01;dw02;dw03;dw04;dw05;dw06;dw07;dw08,dw07;dw08,165,1,2026-08-27T10:32:21.765+0200,dw08,028E,74,2763,-98,2763,0,1.99,22369
ground-height-0m-20260825-163632,d028m_r090_run01.csv,0,28,90,dw00;dw01;dw02;dw03;dw04;dw05;dw06;dw07;dw08,dw00;dw01;dw02;dw03;dw04;dw05;dw06;dw07;dw08,dw07;dw08,165,1,2026-08-27T10:32:21.965+0200,dw08,028E,75,2761,135,731,2662,2.02,22308
ground-height-0m-20260825-163632,d028m_r090_run01.csv,0,28,90,dw00;dw01;dw02;dw03;dw04;dw05;dw06;dw07;dw08,dw00;dw01;dw02;dw03;dw04;dw05;dw06;dw07;dw08,dw07;dw08,165,1,2026-08-27T10:32:22.165+0200,dw08,028E,76,2768,90,-38,2768,1.93,22308
ground-height-0m-20260825-163632,d028m_r090_run01.csv,0,28,90,dw00;dw01;dw02;dw03;dw04;dw05;dw06;dw07;dw08,dw00;dw01;dw02;dw03;dw04;dw05;dw06;dw07;dw08,dw07;dw08,165,1,2026-08-27T10:32:22.364+0200,dw08,028E,77,2770,88,-68,2770,1.99,22308
ground-height-0m-20260825-163632,d028m_r090_run01.csv,0,28,90,dw00;dw01;dw02;dw03;dw04;dw05;dw06;dw07;dw08,dw00;dw01;dw02;dw03;dw04;dw05;dw06;dw07;dw08,dw07;dw08,165,1,2026-08-27T10:32:23.364+0200,dw08,028E,82,2770,136,740,2669,1.87,22308
ground-height-0m-20260825-163632,d028m_r090_run01.csv,0,28,90,dw00;dw01;dw02;dw03;dw04;dw05;dw06;dw07;dw08,dw00;dw01;dw02;dw03;dw04;dw05;dw06;dw07;dw08,dw07;dw08,165,1,2026-08-27T10:32:23.963+0200,dw08,028E,85,2768,81,-197,2761,1.93,22308
ground-height-0m-20260825-163632,d028m_r090_run01.csv,0,28,90,dw00;dw01;dw02;dw03;dw04;dw05;dw06;dw07;dw08,dw00;dw01;dw02;dw03;dw04;dw05;dw06;dw07;dw08,dw07;dw08,165,1,2026-08-27T10:32:24.163+0200,dw08,028E,86,2767,43,-837,2637,1.87,22308
ground-height-0m-20260825-163632,d028m_r090_run01.csv,0,28,90,dw00;dw01;dw02;dw03;dw04;dw05;dw06;dw07;dw08,dw00;dw01;dw02;dw03;dw04;dw05;dw06;dw07;dw08,dw07;dw08,165,1,2026-08-27T10:32:24.363+0200,dw08,028E,87,2762,66,-457,2724,3.33,22308
ground-height-0m-20260825-163632,d028m_r090_run01.csv,0,28,90,dw00;dw01;dw02;dw03;dw04;dw05;dw06;dw07;dw08,dw00;dw01;dw02;dw03;dw04;dw05;dw06;dw07;dw08,dw07;dw08,165,1,2026-08-27T10:32:24.763+0200,dw08,028E,89,2768,-1,-1618,2245,3.39,22277
ground-height-0m-20260825-163632,d028m_r090_run01.csv,0,28,90,dw00;dw01;dw02;dw03;dw04;dw05;dw06;dw07;dw08,dw00;dw01;dw02;dw03;dw04;dw05;dw06;dw07;dw08,dw07;dw08,165,1,2026-08-27T10:32:24.963+0200,dw08,028E,90,2764,-9,-1746,2143,3.33,22277
ground-height-0m-20260825-163632,d028m_r090_run01.csv,0,28,90,dw00;dw01;dw02;dw03;dw04;dw05;dw06;dw07;dw08,dw00;dw01;dw02;dw03;dw04;dw05;dw06;dw07;dw08,dw07;dw08,165,1,2026-08-27T10:32:25.163+0200,dw08,028E,91,2765,-10,-1760,2132,3.39,22247
ground-height-0m-20260825-163632,d028m_r090_run01.csv,0,28,90,dw00;dw01;dw02;dw03;dw04;dw05;dw06;dw07;dw08,dw00;dw01;dw02;dw03;dw04;dw05;dw06;dw07;dw08,dw07;dw08,165,1,2026-08-27T10:32:25.363+0200,dw08,028E,92,2766,11,-1385,2394,3.33,22247
ground-height-0m-20260825-163632,d028m_r090_run01.csv,0,28,90,dw00;dw01;dw02;dw03;dw04;dw05;dw06;dw07;dw08,dw00;dw01;dw02;dw03;dw04;dw05;dw06;dw07;dw08,dw07;dw08,165,1,2026-08-27T10:32:25.562+0200,dw08,028E,93,2762,8,-1431,2362,3.33,22277
ground-height-0m-20260825-163632,d028m_r090_run01.csv,0,28,90,dw00;dw01;dw02;dw03;dw04;dw05;dw06;dw07;dw08,dw00;dw01;dw02;dw03;dw04;dw05;dw06;dw07;dw08,dw07;dw08,165,1,2026-08-27T10:32:25.762+0200,dw08,028E,94,2763,-4,-1653,2214,3.39,22277
ground-height-0m-20260825-163632,d028m_r090_run01.csv,0,28,90,dw00;dw01;dw02;dw03;dw04;dw05;dw06;dw07;dw08,dw00;dw01;dw02;dw03;dw04;dw05;dw06;dw07;dw08,dw07;dw08,165,1,2026-08-27T10:32:25.963+0200,dw08,028E,95,2761,-1,-1606,2245,3.33,22277
ground-height-0m-20260825-163632,d028m_r090_run01.csv,0,28,90,dw00;dw01;dw02;dw03;dw04;dw05;dw06;dw07;dw08,dw00;dw01;dw02;dw03;dw04;dw05;dw06;dw07;dw08,dw07;dw08,165,1,2026-08-27T10:32:26.163+0200,dw08,028E,96,2765,-114,2591,965,3.33,22277
ground-height-0m-20260825-163632,d028m_r090_run01.csv,0,28,90,dw00;dw01;dw02;dw03;dw04;dw05;dw06;dw07;dw08,dw00;dw01;dw02;dw03;dw04;dw05;dw06;dw07;dw08,dw07;dw08,165,1,2026-08-27T10:32:26.362+0200,dw08,028E,97,2764,76,-273,2750,3.33,22247
ground-height-0m-20260825-163632,d028m_r090_run01.csv,0,28,90,dw00;dw01;dw02;dw03;dw04;dw05;dw06;dw07;dw08,dw00;dw01;dw02;dw03;dw04;dw05;dw06;dw07;dw08,dw07;dw08,165,1,2026-08-27T10:32:26.562+0200,dw08,028E,98,2766,-19,-1909,2001,3.45,22277
ground-height-0m-20260825-163632,d028m_r090_run01.csv,0,28,90,dw00;dw01;dw02;dw03;dw04;dw05;dw06;dw07;dw08,dw00;dw01;dw02;dw03;dw04;dw05;dw06;dw07;dw08,dw07;dw08,165,1,2026-08-27T10:32:26.762+0200,dw08,028E,99,2767,-14,-1831,2075,3.33,22277
ground-height-0m-20260825-163632,d028m_r090_run01.csv,0,28,90,dw00;dw01;dw02;dw03;dw04;dw05;dw06;dw07;dw08,dw00;dw01;dw02;dw03;dw04;dw05;dw06;dw07;dw08,dw07;dw08,165,1,2026-08-27T10:32:26.962+0200,dw08,028E,100,2764,1,-1551,2288,3.33,22308
ground-height-0m-20260825-163632,d028m_r090_run01.csv,0,28,90,dw00;dw01;dw02;dw03;dw04;dw05;dw06;dw07;dw08,dw00;dw01;dw02;dw03;dw04;dw05;dw06;dw07;dw08,dw07;dw08,165,1,2026-08-27T10:32:27.162+0200,dw08,028E,101,2764,1,-1557,2284,3.33,22247
ground-height-0m-20260825-163632,d028m_r090_run01.csv,0,28,90,dw00;dw01;dw02;dw03;dw04;dw05;dw06;dw07;dw08,dw00;dw01;dw02;dw03;dw04;dw05;dw06;dw07;dw08,dw07;dw08,165,1,2026-08-27T10:32:27.362+0200,dw08,028E,102,2766,-7,-1706,2177,3.33,22247
ground-height-0m-20260825-163632,d028m_r090_run01.csv,0,28,90,dw00;dw01;dw02;dw03;dw04;dw05;dw06;dw07;dw08,dw00;dw01;dw02;dw03;dw04;dw05;dw06;dw07;dw08,dw07;dw08,165,1,2026-08-27T10:32:27.562+0200,dw08,028E,103,2765,-2,-1632,2232,3.33,22247
ground-height-0m-20260825-163632,d028m_r090_run01.csv,0,28,90,dw00;dw01;dw02;dw03;dw04;dw05;dw06;dw07;dw08,dw00;dw01;dw02;dw03;dw04;dw05;dw06;dw07;dw08,dw07;dw08,165,1,2026-08-27T10:32:27.762+0200,dw08,028E,104,2766,-15,-1840,2064,3.33,22247
ground-height-0m-20260825-163632,d028m_r090_run01.csv,0,28,90,dw00;dw01;dw02;dw03;dw04;dw05;dw06;dw07;dw08,dw00;dw01;dw02;dw03;dw04;dw05;dw06;dw07;dw08,dw07;dw08,165,1,2026-08-27T10:32:27.961+0200,dw08,028E,105,2766,-38,-2246,1614,3.21,22247
ground-height-0m-20260825-163632,d028m_r090_run01.csv,0,28,90,dw00;dw01;dw02;dw03;dw04;dw05;dw06;dw07;dw08,dw00;dw01;dw02;dw03;dw04;dw05;dw06;dw07;dw08,dw07;dw08,165,1,2026-08-27T10:32:28.162+0200,dw08,028E,106,2761,6,-1465,2341,3.27,22247
ground-height-0m-20260825-163632,d028m_r090_run01.csv,0,28,90,dw00;dw01;dw02;dw03;dw04;dw05;dw06;dw07;dw08,dw00;dw01;dw02;dw03;dw04;dw05;dw06;dw07;dw08,dw07;dw08,165,1,2026-08-27T10:32:28.577+0200,dw08,028E,108,2761,98,87,2760,3.39,37872
ground-height-0m-20260825-163632,d028m_r090_run01.csv,0,28,90,dw00;dw01;dw02;dw03;dw04;dw05;dw06;dw07;dw08,dw00;dw01;dw02;dw03;dw04;dw05;dw06;dw07;dw08,dw07;dw08,165,1,2026-08-27T10:32:29.161+0200,dw08,028E,111,2761,-32,-2134,1752,3.27,22247
ground-height-0m-20260825-163632,d028m_r090_run01.csv,0,28,90,dw00;dw01;dw02;dw03;dw04;dw05;dw06;dw07;dw08,dw00;dw01;dw02;dw03;dw04;dw05;dw06;dw07;dw08,dw07;dw08,165,1,2026-08-27T10:32:29.362+0200,dw08,028E,112,2766,-58,-2580,998,3.15,22247
ground-height-0m-20260825-163632,d028m_r090_run01.csv,0,28,90,dw00;dw01;dw02;dw03;dw04;dw05;dw06;dw07;dw08,dw00;dw01;dw02;dw03;dw04;dw05;dw06;dw07;dw08,dw07;dw08,165,1,2026-08-27T10:32:29.561+0200,dw08,028E,113,2763,-1,-1611,2245,3.33,22247
ground-height-0m-20260825-163632,d028m_r090_run01.csv,0,28,90,dw00;dw01;dw02;dw03;dw04;dw05;dw06;dw07;dw08,dw00;dw01;dw02;dw03;dw04;dw05;dw06;dw07;dw08,dw07;dw08,165,1,2026-08-27T10:32:29.761+0200,dw08,028E,114,2766,-6,-1690,2189,3.15,22216
ground-height-0m-20260825-163632,d028m_r090_run01.csv,0,28,90,dw00;dw01;dw02;dw03;dw04;dw05;dw06;dw07;dw08,dw00;dw01;dw02;dw03;dw04;dw05;dw06;dw07;dw08,dw07;dw08,165,1,2026-08-27T10:32:29.961+0200,dw08,028E,115,2768,-48,-2417,1349,3.09,22277
ground-height-0m-20260825-163632,d028m_r090_run01.csv,0,28,90,dw00;dw01;dw02;dw03;dw04;dw05;dw06;dw07;dw08,dw00;dw01;dw02;dw03;dw04;dw05;dw06;dw07;dw08,dw07;dw08,165,1,2026-08-27T10:32:30.161+0200,dw08,028E,116,2764,-40,-2266,1583,3.33,22247
ground-height-0m-20260825-163632,d028m_r090_run01.csv,0,28,90,dw00;dw01;dw02;dw03;dw04;dw05;dw06;dw07;dw08,dw00;dw01;dw02;dw03;dw04;dw05;dw06;dw07;dw08,dw07;dw08,165,1,2026-08-27T10:32:30.576+0200,dw08,028E,118,2765,-171,1618,2242,3.45,37872
ground-height-0m-20260825-163632,d028m_r090_run01.csv,0,28,90,dw00;dw01;dw02;dw03;dw04;dw05;dw06;dw07;dw08,dw00;dw01;dw02;dw03;dw04;dw05;dw06;dw07;dw08,dw07;dw08,165,1,2026-08-27T10:32:31.592+0200,dw08,028E,123,2768,98,92,2766,3.39,53436
ground-height-0m-20260825-163632,d028m_r090_run01.csv,0,28,90,dw00;dw01;dw02;dw03;dw04;dw05;dw06;dw07;dw08,dw00;dw01;dw02;dw03;dw04;dw05;dw06;dw07;dw08,dw07;dw08,165,1,2026-08-27T10:32:31.960+0200,dw08,028E,125,2767,-19,-1910,2001,3.06,22277
ground-height-0m-20260825-163632,d028m_r090_run01.csv,0,28,90,dw00;dw01;dw02;dw03;dw04;dw05;dw06;dw07;dw08,dw00;dw01;dw02;dw03;dw04;dw05;dw06;dw07;dw08,dw07;dw08,165,1,2026-08-27T10:32:32.160+0200,dw08,028E,126,2764,-113,2613,902,3.27,22247
ground-height-0m-20260825-163632,d028m_r090_run01.csv,0,28,90,dw00;dw01;dw02;dw03;dw04;dw05;dw06;dw07;dw08,dw00;dw01;dw02;dw03;dw04;dw05;dw06;dw07;dw08,dw07;dw08,165,1,2026-08-27T10:32:32.360+0200,dw08,028E,127,2768,-36,-2202,1677,3.21,22277
ground-height-0m-20260825-163632,d028m_r090_run01.csv,0,28,90,dw00;dw01;dw02;dw03;dw04;dw05;dw06;dw07;dw08,dw00;dw01;dw02;dw03;dw04;dw05;dw06;dw07;dw08,dw07;dw08,165,1,2026-08-27T10:32:32.760+0200,dw08,028E,129,2762,-35,-2186,1688,3.15,22247
ground-height-0m-20260825-163632,d028m_r090_run01.csv,0,28,90,dw00;dw01;dw02;dw03;dw04;dw05;dw06;dw07;dw08,dw00;dw01;dw02;dw03;dw04;dw05;dw06;dw07;dw08,dw07;dw08,165,1,2026-08-27T10:32:32.960+0200,dw08,028E,130,2768,-145,2072,1835,3.15,22247
ground-height-0m-20260825-163632,d028m_r090_run01.csv,0,28,90,dw00;dw01;dw02;dw03;dw04;dw05;dw06;dw07;dw08,dw00;dw01;dw02;dw03;dw04;dw05;dw06;dw07;dw08,dw07;dw08,165,1,2026-08-27T10:32:33.360+0200,dw08,028E,132,2767,171,1343,2418,3.15,22338
ground-height-0m-20260825-163632,d028m_r090_run01.csv,0,28,90,dw00;dw01;dw02;dw03;dw04;dw05;dw06;dw07;dw08,dw00;dw01;dw02;dw03;dw04;dw05;dw06;dw07;dw08,dw07;dw08,165,1,2026-08-27T10:32:33.960+0200,dw08,028E,135,2763,20,-1226,2476,3.06,22308
ground-height-0m-20260825-163632,d028m_r090_run01.csv,0,28,90,dw00;dw01;dw02;dw03;dw04;dw05;dw06;dw07;dw08,dw00;dw01;dw02;dw03;dw04;dw05;dw06;dw07;dw08,dw07;dw08,165,1,2026-08-27T10:32:34.160+0200,dw08,028E,136,2765,-40,-2273,1574,3.15,22277
ground-height-0m-20260825-163632,d028m_r090_run01.csv,0,28,90,dw00;dw01;dw02;dw03;dw04;dw05;dw06;dw07;dw08,dw00;dw01;dw02;dw03;dw04;dw05;dw06;dw07;dw08,dw07;dw08,165,1,2026-08-27T10:32:34.575+0200,dw08,028E,138,2763,50,-728,2665,3.27,37811
ground-height-0m-20260825-163632,d028m_r090_run01.csv,0,28,90,dw00;dw01;dw02;dw03;dw04;dw05;dw06;dw07;dw08,dw00;dw01;dw02;dw03;dw04;dw05;dw06;dw07;dw08,dw07;dw08,165,1,2026-08-27T10:32:35.375+0200,dw08,028E,142,2764,102,155,2760,3.33,37841
ground-height-0m-20260825-163632,d028m_r090_run01.csv,0,28,90,dw00;dw01;dw02;dw03;dw04;dw05;dw06;dw07;dw08,dw00;dw01;dw02;dw03;dw04;dw05;dw06;dw07;dw08,dw07;dw08,165,1,2026-08-27T10:32:35.559+0200,dw08,028E,143,2766,-35,-2181,1701,3.06,22338
ground-height-0m-20260825-163632,d028m_r090_run01.csv,0,28,90,dw00;dw01;dw02;dw03;dw04;dw05;dw06;dw07;dw08,dw00;dw01;dw02;dw03;dw04;dw05;dw06;dw07;dw08,dw07;dw08,165,1,2026-08-27T10:32:38.187+0200,dw08,028E,2,2767,-33,-2155,1735,-14.15,51055
ground-height-0m-20260825-163632,d028m_r090_run01.csv,0,28,90,dw00;dw01;dw02;dw03;dw04;dw05;dw06;dw07;dw08,dw00;dw01;dw02;dw03;dw04;dw05;dw06;dw07;dw08,dw07;dw08,165,1,2026-08-27T10:32:38.958+0200,dw08,028E,6,2769,-86,-2769,0,2.89,22308
ground-height-0m-20260825-163632,d028m_r090_run01.csv,0,28,90,dw00;dw01;dw02;dw03;dw04;dw05;dw06;dw07;dw08,dw00;dw01;dw02;dw03;dw04;dw05;dw06;dw07;dw08,dw07;dw08,165,1,2026-08-27T10:32:39.157+0200,dw08,028E,7,2762,-6,-1688,2186,2.95,22247
ground-height-0m-20260825-163632,d028m_r090_run01.csv,0,28,90,dw00;dw01;dw02;dw03;dw04;dw05;dw06;dw07;dw08,dw00;dw01;dw02;dw03;dw04;dw05;dw06;dw07;dw08,dw07;dw08,165,1,2026-08-27T10:32:40.373+0200,dw08,028E,13,2768,81,-200,2761,3.06,37841
ground-height-0m-20260825-163632,d028m_r090_run01.csv,0,28,90,dw00;dw01;dw02;dw03;dw04;dw05;dw06;dw07;dw08,dw00;dw01;dw02;dw03;dw04;dw05;dw06;dw07;dw08,dw07;dw08,165,1,2026-08-27T10:32:40.558+0200,dw08,028E,14,2765,169,1301,2440,2.83,22308
ground-height-0m-20260825-163632,d028m_r090_run01.csv,0,28,90,dw00;dw01;dw02;dw03;dw04;dw05;dw06;dw07;dw08,dw00;dw01;dw02;dw03;dw04;dw05;dw06;dw07;dw08,dw07;dw08,165,1,2026-08-27T10:32:42.870+0200,dw08,028E,1,2763,15,-1318,2428,-14.42,35461
ground-height-0m-20260825-163632,d028m_r090_run01.csv,0,28,90,dw00;dw01;dw02;dw03;dw04;dw05;dw06;dw07;dw08,dw00;dw01;dw02;dw03;dw04;dw05;dw06;dw07;dw08,dw07;dw08,165,1,2026-08-27T10:32:43.056+0200,dw08,028E,2,2766,-131,2314,1515,-0.05,22277
ground-height-0m-20260825-163632,d028m_r090_run01.csv,0,28,90,dw00;dw01;dw02;dw03;dw04;dw05;dw06;dw07;dw08,dw00;dw01;dw02;dw03;dw04;dw05;dw06;dw07;dw08,dw07;dw08,165,1,2026-08-27T10:32:43.457+0200,dw08,028E,4,2770,40,-899,2620,2.71,22338
ground-height-0m-20260825-163632,d028m_r090_run01.csv,0,28,90,dw00;dw01;dw02;dw03;dw04;dw05;dw06;dw07;dw08,dw00;dw01;dw02;dw03;dw04;dw05;dw06;dw07;dw08,dw07;dw08,165,1,2026-08-27T10:32:43.656+0200,dw08,028E,5,2765,55,-634,2692,2.83,22277
ground-height-0m-20260825-163632,d028m_r090_run01.csv,0,28,90,dw00;dw01;dw02;dw03;dw04;dw05;dw06;dw07;dw08,dw00;dw01;dw02;dw03;dw04;dw05;dw06;dw07;dw08,dw07;dw08,165,1,2026-08-27T10:32:44.471+0200,dw08,028E,9,2767,111,322,2748,2.95,37902
ground-height-0m-20260825-163632,d028m_r090_run01.csv,0,28,90,dw00;dw01;dw02;dw03;dw04;dw05;dw06;dw07;dw08,dw00;dw01;dw02;dw03;dw04;dw05;dw06;dw07;dw08,dw07;dw08,165,1,2026-08-27T10:32:44.656+0200,dw08,028E,10,2766,79,-235,2756,2.83,22308
ground-height-0m-20260825-163632,d028m_r090_run01.csv,0,28,90,dw00;dw01;dw02;dw03;dw04;dw05;dw06;dw07;dw08,dw00;dw01;dw02;dw03;dw04;dw05;dw06;dw07;dw08,dw07;dw08,165,1,2026-08-27T10:32:45.056+0200,dw08,028E,12,2766,-6,-1698,2183,2.83,22247
ground-height-0m-20260825-163632,d028m_r090_run01.csv,0,28,90,dw00;dw01;dw02;dw03;dw04;dw05;dw06;dw07;dw08,dw00;dw01;dw02;dw03;dw04;dw05;dw06;dw07;dw08,dw07;dw08,165,1,2026-08-27T10:32:45.255+0200,dw08,028E,13,2767,-106,2741,379,2.83,22247
ground-height-0m-20260825-163632,d028m_r090_run01.csv,0,28,90,dw00;dw01;dw02;dw03;dw04;dw05;dw06;dw07;dw08,dw00;dw01;dw02;dw03;dw04;dw05;dw06;dw07;dw08,dw07;dw08,165,1,2026-08-27T10:32:48.255+0200,dw08,028E,2,2764,179,1475,2337,0.00,22277
ground-height-0m-20260825-163632,d028m_r090_run01.csv,0,28,90,dw00;dw01;dw02;dw03;dw04;dw05;dw06;dw07;dw08,dw00;dw01;dw02;dw03;dw04;dw05;dw06;dw07;dw08,dw07;dw08,165,1,2026-08-27T10:32:48.654+0200,dw08,028E,4,2767,42,-856,2631,2.71,22308
ground-height-0m-20260825-163632,d028m_r090_run01.csv,0,28,90,dw00;dw01;dw02;dw03;dw04;dw05;dw06;dw07;dw08,dw00;dw01;dw02;dw03;dw04;dw05;dw06;dw07;dw08,dw07;dw08,165,1,2026-08-27T10:32:48.854+0200,dw08,028E,5,2758,65,-473,2717,2.59,22277
ground-height-0m-20260825-163632,d028m_r090_run01.csv,0,28,90,dw00;dw01;dw02;dw03;dw04;dw05;dw06;dw07;dw08,dw00;dw01;dw02;dw03;dw04;dw05;dw06;dw07;dw08,dw07;dw08,165,1,2026-08-27T10:32:49.269+0200,dw08,028E,7,2762,40,-891,2614,2.83,37811
ground-height-0m-20260825-163632,d028m_r090_run01.csv,0,28,90,dw00;dw01;dw02;dw03;dw04;dw05;dw06;dw07;dw08,dw00;dw01;dw02;dw03;dw04;dw05;dw06;dw07;dw08,dw07;dw08,165,1,2026-08-27T10:32:49.454+0200,dw08,028E,8,2763,40,-896,2613,2.83,22308
ground-height-0m-20260825-163632,d028m_r090_run01.csv,0,28,90,dw00;dw01;dw02;dw03;dw04;dw05;dw06;dw07;dw08,dw00;dw01;dw02;dw03;dw04;dw05;dw06;dw07;dw08,dw07;dw08,165,1,2026-08-27T10:32:49.654+0200,dw08,028E,9,2767,27,-1112,2533,2.83,22277
ground-height-0m-20260825-163632,d028m_r090_run01.csv,0,28,90,dw00;dw01;dw02;dw03;dw04;dw05;dw06;dw07;dw08,dw00;dw01;dw02;dw03;dw04;dw05;dw06;dw07;dw08,dw07;dw08,165,1,2026-08-27T10:32:49.854+0200,dw08,028E,10,2764,-41,-2296,1539,2.71,22277
ground-height-0m-20260825-163632,d028m_r090_run01.csv,0,28,90,dw00;dw01;dw02;dw03;dw04;dw05;dw06;dw07;dw08,dw00;dw01;dw02;dw03;dw04;dw05;dw06;dw07;dw08,dw07;dw08,165,1,2026-08-27T10:32:50.454+0200,dw08,028E,13,2764,49,-740,2663,2.83,22247
ground-height-0m-20260825-163632,d028m_r090_run01.csv,0,28,90,dw00;dw01;dw02;dw03;dw04;dw05;dw06;dw07;dw08,dw00;dw01;dw02;dw03;dw04;dw05;dw06;dw07;dw08,dw07;dw08,165,1,2026-08-27T10:32:50.654+0200,dw08,028E,14,2761,11,-1379,2391,2.77,22247
ground-height-0m-20260825-163632,d028m_r090_run01.csv,0,28,90,dw00;dw01;dw02;dw03;dw04;dw05;dw06;dw07;dw08,dw00;dw01;dw02;dw03;dw04;dw05;dw06;dw07;dw08,dw07;dw08,165,1,2026-08-27T10:32:50.853+0200,dw08,028E,15,2765,27,-1106,2534,2.77,22247
ground-height-0m-20260825-163632,d028m_r090_run01.csv,0,28,90,dw00;dw01;dw02;dw03;dw04;dw05;dw06;dw07;dw08,dw00;dw01;dw02;dw03;dw04;dw05;dw06;dw07;dw08,dw07;dw08,165,1,2026-08-27T10:32:51.653+0200,dw08,028E,19,2768,43,-848,2635,2.83,22247
ground-height-0m-20260825-163632,d028m_r090_run01.csv,0,28,90,dw00;dw01;dw02;dw03;dw04;dw05;dw06;dw07;dw08,dw00;dw01;dw02;dw03;dw04;dw05;dw06;dw07;dw08,dw07;dw08,165,1,2026-08-27T10:32:52.268+0200,dw08,028E,22,2763,117,419,2731,2.83,37811
ground-height-0m-20260825-163632,d028m_r090_run01.csv,0,28,90,dw00;dw01;dw02;dw03;dw04;dw05;dw06;dw07;dw08,dw00;dw01;dw02;dw03;dw04;dw05;dw06;dw07;dw08,dw07;dw08,165,1,2026-08-27T10:32:52.452+0200,dw08,028E,23,2767,35,-972,2590,2.71,22308
ground-height-0m-20260825-163632,d028m_r090_run01.csv,0,28,90,dw00;dw01;dw02;dw03;dw04;dw05;dw06;dw07;dw08,dw00;dw01;dw02;dw03;dw04;dw05;dw06;dw07;dw08,dw07;dw08,165,1,2026-08-27T10:32:52.653+0200,dw08,028E,24,2768,22,-1194,2497,2.65,22247
ground-height-0m-20260825-163632,d028m_r090_run01.csv,0,28,90,dw00;dw01;dw02;dw03;dw04;dw05;dw06;dw07;dw08,dw00;dw01;dw02;dw03;dw04;dw05;dw06;dw07;dw08,dw07;dw08,165,1,2026-08-27T10:32:53.052+0200,dw08,028E,26,2762,35,-976,2584,2.83,22247
ground-height-0m-20260825-163632,d028m_r090_run01.csv,0,28,90,dw00;dw01;dw02;dw03;dw04;dw05;dw06;dw07;dw08,dw00;dw01;dw02;dw03;dw04;dw05;dw06;dw07;dw08,dw07;dw08,165,1,2026-08-27T10:32:53.252+0200,dw08,028E,27,2761,29,-1078,2541,2.65,22277
ground-height-0m-20260825-163632,d028m_r090_run01.csv,0,28,90,dw00;dw01;dw02;dw03;dw04;dw05;dw06;dw07;dw08,dw00;dw01;dw02;dw03;dw04;dw05;dw06;dw07;dw08,dw07;dw08,165,1,2026-08-27T10:32:53.452+0200,dw08,028E,28,2765,53,-676,2681,2.65,22277
ground-height-0m-20260825-163632,d028m_r090_run01.csv,0,28,90,dw00;dw01;dw02;dw03;dw04;dw05;dw06;dw07;dw08,dw00;dw01;dw02;dw03;dw04;dw05;dw06;dw07;dw08,dw07;dw08,165,1,2026-08-27T10:32:53.652+0200,dw08,028E,29,2762,96,53,2761,2.71,22308
ground-height-0m-20260825-163632,d028m_r090_run01.csv,0,28,90,dw00;dw01;dw02;dw03;dw04;dw05;dw06;dw07;dw08,dw00;dw01;dw02;dw03;dw04;dw05;dw06;dw07;dw08,dw07;dw08,165,1,2026-08-27T10:32:54.051+0200,dw08,028E,31,2762,-45,-2355,1444,2.71,22247
ground-height-0m-20260825-163632,d028m_r090_run01.csv,0,28,90,dw00;dw01;dw02;dw03;dw04;dw05;dw06;dw07;dw08,dw00;dw01;dw02;dw03;dw04;dw05;dw06;dw07;dw08,dw07;dw08,165,1,2026-08-27T10:32:54.251+0200,dw08,028E,32,2768,45,-806,2647,2.65,22247
ground-height-0m-20260825-163632,d028m_r090_run01.csv,0,28,90,dw00;dw01;dw02;dw03;dw04;dw05;dw06;dw07;dw08,dw00;dw01;dw02;dw03;dw04;dw05;dw06;dw07;dw08,dw07;dw08,165,1,2026-08-27T10:32:54.452+0200,dw08,028E,33,2761,171,1336,2416,2.77,22247
ground-height-0m-20260825-163632,d028m_r090_run01.csv,0,28,90,dw00;dw01;dw02;dw03;dw04;dw05;dw06;dw07;dw08,dw00;dw01;dw02;dw03;dw04;dw05;dw06;dw07;dw08,dw07;dw08,165,1,2026-08-27T10:32:54.652+0200,dw08,028E,34,2767,-58,-2586,985,2.71,22247
ground-height-0m-20260825-163632,d028m_r090_run01.csv,0,28,90,dw00;dw01;dw02;dw03;dw04;dw05;dw06;dw07;dw08,dw00;dw01;dw02;dw03;dw04;dw05;dw06;dw07;dw08,dw07;dw08,165,1,2026-08-27T10:32:54.851+0200,dw08,028E,35,2767,49,-732,2668,2.65,22247
ground-height-0m-20260825-163632,d028m_r090_run01.csv,0,28,90,dw00;dw01;dw02;dw03;dw04;dw05;dw06;dw07;dw08,dw00;dw01;dw02;dw03;dw04;dw05;dw06;dw07;dw08,dw07;dw08,165,1,2026-08-27T10:32:55.251+0200,dw08,028E,37,2764,21,-1211,2485,2.83,22247
ground-height-0m-20260825-163632,d028m_r090_run01.csv,0,28,90,dw00;dw01;dw02;dw03;dw04;dw05;dw06;dw07;dw08,dw00;dw01;dw02;dw03;dw04;dw05;dw06;dw07;dw08,dw07;dw08,165,1,2026-08-27T10:32:55.451+0200,dw08,028E,38,2764,-1,-1602,2252,2.83,22308
ground-height-0m-20260825-163632,d028m_r090_run01.csv,0,28,90,dw00;dw01;dw02;dw03;dw04;dw05;dw06;dw07;dw08,dw00;dw01;dw02;dw03;dw04;dw05;dw06;dw07;dw08,dw07;dw08,165,1,2026-08-27T10:32:55.651+0200,dw08,028E,39,2767,24,-1163,2511,2.77,22247
ground-height-0m-20260825-163632,d028m_r090_run01.csv,0,28,90,dw00;dw01;dw02;dw03;dw04;dw05;dw06;dw07;dw08,dw00;dw01;dw02;dw03;dw04;dw05;dw06;dw07;dw08,dw07;dw08,165,1,2026-08-27T10:32:55.851+0200,dw08,028E,40,2766,38,-932,2604,2.71,22247
ground-height-0m-20260825-163632,d028m_r090_run01.csv,0,28,90,dw00;dw01;dw02;dw03;dw04;dw05;dw06;dw07;dw08,dw00;dw01;dw02;dw03;dw04;dw05;dw06;dw07;dw08,dw07;dw08,165,1,2026-08-27T10:32:56.051+0200,dw08,028E,41,2768,66,-453,2730,2.71,22247
ground-height-0m-20260825-163632,d028m_r090_run01.csv,0,28,90,dw00;dw01;dw02;dw03;dw04;dw05;dw06;dw07;dw08,dw00;dw01;dw02;dw03;dw04;dw05;dw06;dw07;dw08,dw07;dw08,165,1,2026-08-27T10:32:56.251+0200,dw08,028E,42,2763,135,719,2668,2.71,22247
ground-height-0m-20260825-163632,d028m_r090_run01.csv,0,28,90,dw00;dw01;dw02;dw03;dw04;dw05;dw06;dw07;dw08,dw00;dw01;dw02;dw03;dw04;dw05;dw06;dw07;dw08,dw07;dw08,165,1,2026-08-27T10:32:56.450+0200,dw08,028E,43,2767,-49,-2419,1343,2.83,22247
ground-height-0m-20260825-163632,d028m_r090_run01.csv,0,28,90,dw00;dw01;dw02;dw03;dw04;dw05;dw06;dw07;dw08,dw00;dw01;dw02;dw03;dw04;dw05;dw06;dw07;dw08,dw07;dw08,165,1,2026-08-27T10:32:56.650+0200,dw08,028E,44,2762,62,-521,2712,2.71,22277
ground-height-0m-20260825-163632,d028m_r090_run01.csv,0,28,90,dw00;dw01;dw02;dw03;dw04;dw05;dw06;dw07;dw08,dw00;dw01;dw02;dw03;dw04;dw05;dw06;dw07;dw08,dw07;dw08,165,1,2026-08-27T10:32:57.051+0200,dw08,028E,46,2761,34,-988,2578,2.65,22247
ground-height-0m-20260825-163632,d028m_r090_run01.csv,0,28,90,dw00;dw01;dw02;dw03;dw04;dw05;dw06;dw07;dw08,dw00;dw01;dw02;dw03;dw04;dw05;dw06;dw07;dw08,dw07;dw08,165,1,2026-08-27T10:32:57.450+0200,dw08,028E,48,2765,-142,2112,1783,2.77,22247
ground-height-0m-20260825-163632,d028m_r090_run01.csv,0,28,90,dw00;dw01;dw02;dw03;dw04;dw05;dw06;dw07;dw08,dw00;dw01;dw02;dw03;dw04;dw05;dw06;dw07;dw08,dw07;dw08,165,1,2026-08-27T10:32:59.949+0200,dw08,028E,5,2770,-100,2770,0,2.53,22277
ground-height-0m-20260825-163632,d028m_r090_run01.csv,0,28,90,dw00;dw01;dw02;dw03;dw04;dw05;dw06;dw07;dw08,dw00;dw01;dw02;dw03;dw04;dw05;dw06;dw07;dw08,dw07;dw08,165,1,2026-08-27T10:33:00.549+0200,dw08,028E,8,2760,-130,2314,1503,2.50,22247
ground-height-0m-20260825-163632,d028m_r090_run01.csv,0,28,90,dw00;dw01;dw02;dw03;dw04;dw05;dw06;dw07;dw08,dw00;dw01;dw02;dw03;dw04;dw05;dw06;dw07;dw08,dw07;dw08,165,1,2026-08-27T10:33:00.949+0200,dw08,028E,10,2766,-125,2412,1353,2.50,22247
ground-height-0m-20260825-163632,d028m_r090_run01.csv,0,28,90,dw00;dw01;dw02;dw03;dw04;dw05;dw06;dw07;dw08,dw00;dw01;dw02;dw03;dw04;dw05;dw06;dw07;dw08,dw07;dw08,165,1,2026-08-27T10:33:01.149+0200,dw08,028E,11,2766,-139,2176,1706,2.71,22308
ground-height-0m-20260825-163632,d028m_r090_run01.csv,0,28,90,dw00;dw01;dw02;dw03;dw04;dw05;dw06;dw07;dw08,dw00;dw01;dw02;dw03;dw04;dw05;dw06;dw07;dw08,dw07;dw08,165,1,2026-08-27T10:33:01.349+0200,dw08,028E,12,2768,-123,2439,1310,2.65,22247
ground-height-0m-20260825-163632,d028m_r090_run01.csv,0,28,90,dw00;dw01;dw02;dw03;dw04;dw05;dw06;dw07;dw08,dw00;dw01;dw02;dw03;dw04;dw05;dw06;dw07;dw08,dw07;dw08,165,1,2026-08-27T10:33:01.548+0200,dw08,028E,13,2760,-161,1790,2100,2.65,22277
ground-height-0m-20260825-163632,d028m_r090_run01.csv,0,28,90,dw00;dw01;dw02;dw03;dw04;dw05;dw06;dw07;dw08,dw00;dw01;dw02;dw03;dw04;dw05;dw06;dw07;dw08,dw07;dw08,165,1,2026-08-27T10:33:02.348+0200,dw08,028E,17,2764,-124,2427,1323,2.59,22277
ground-height-0m-20260825-163632,d028m_r090_run01.csv,0,28,90,dw00;dw01;dw02;dw03;dw04;dw05;dw06;dw07;dw08,dw00;dw01;dw02;dw03;dw04;dw05;dw06;dw07;dw08,dw07;dw08,165,1,2026-08-27T10:33:02.764+0200,dw08,028E,19,2768,35,-978,2589,2.65,37872
ground-height-0m-20260825-163632,d028m_r090_run01.csv,0,28,90,dw00;dw01;dw02;dw03;dw04;dw05;dw06;dw07;dw08,dw00;dw01;dw02;dw03;dw04;dw05;dw06;dw07;dw08,dw07;dw08,165,1,2026-08-27T10:33:02.949+0200,dw08,028E,20,2764,98,99,2762,2.59,22247
ground-height-0m-20260825-163632,d028m_r090_run01.csv,0,28,90,dw00;dw01;dw02;dw03;dw04;dw05;dw06;dw07;dw08,dw00;dw01;dw02;dw03;dw04;dw05;dw06;dw07;dw08,dw07;dw08,165,1,2026-08-27T10:33:03.148+0200,dw08,028E,21,2763,-174,1578,2269,2.59,22277
ground-height-0m-20260825-163632,d028m_r090_run01.csv,0,28,90,dw00;dw01;dw02;dw03;dw04;dw05;dw06;dw07;dw08,dw00;dw01;dw02;dw03;dw04;dw05;dw06;dw07;dw08,dw07;dw08,165,1,2026-08-27T10:33:03.348+0200,dw08,028E,22,2766,-136,2231,1634,2.59,22277
ground-height-0m-20260825-163632,d028m_r090_run01.csv,0,28,90,dw00;dw01;dw02;dw03;dw04;dw05;dw06;dw07;dw08,dw00;dw01;dw02;dw03;dw04;dw05;dw06;dw07;dw08,dw07;dw08,165,1,2026-08-27T10:33:03.764+0200,dw08,028E,24,2762,40,-896,2612,2.83,37811
ground-height-0m-20260825-163632,d028m_r090_run01.csv,0,28,90,dw00;dw01;dw02;dw03;dw04;dw05;dw06;dw07;dw08,dw00;dw01;dw02;dw03;dw04;dw05;dw06;dw07;dw08,dw07;dw08,165,1,2026-08-27T10:33:03.948+0200,dw08,028E,25,2767,84,-136,2763,2.59,22308
ground-height-0m-20260825-163632,d028m_r090_run01.csv,0,28,90,dw00;dw01;dw02;dw03;dw04;dw05;dw06;dw07;dw08,dw00;dw01;dw02;dw03;dw04;dw05;dw06;dw07;dw08,dw07;dw08,165,1,2026-08-27T10:33:04.363+0200,dw08,028E,27,2763,56,-614,2694,2.77,37872
ground-height-0m-20260825-163632,d028m_r090_run01.csv,0,28,90,dw00;dw01;dw02;dw03;dw04;dw05;dw06;dw07;dw08,dw00;dw01;dw02;dw03;dw04;dw05;dw06;dw07;dw08,dw07;dw08,165,1,2026-08-27T10:33:04.548+0200,dw08,028E,28,2762,164,1211,2482,2.59,22277
ground-height-0m-20260825-163632,d028m_r090_run01.csv,0,28,90,dw00;dw01;dw02;dw03;dw04;dw05;dw06;dw07;dw08,dw00;dw01;dw02;dw03;dw04;dw05;dw06;dw07;dw08,dw07;dw08,165,1,2026-08-27T10:33:04.747+0200,dw08,028E,29,2767,-40,-2281,1565,2.50,22247
ground-height-0m-20260825-163632,d028m_r090_run01.csv,0,28,90,dw00;dw01;dw02;dw03;dw04;dw05;dw06;dw07;dw08,dw00;dw01;dw02;dw03;dw04;dw05;dw06;dw07;dw08,dw07;dw08,165,1,2026-08-27T10:33:04.947+0200,dw08,028E,30,2762,-133,2279,1560,2.71,22277
ground-height-0m-20260825-163632,d028m_r090_run01.csv,0,28,90,dw00;dw01;dw02;dw03;dw04;dw05;dw06;dw07;dw08,dw00;dw01;dw02;dw03;dw04;dw05;dw06;dw07;dw08,dw07;dw08,165,1,2026-08-27T10:33:05.148+0200,dw08,028E,31,2768,-137,2215,1660,2.50,22216
ground-height-0m-20260825-163632,d028m_r090_run01.csv,0,28,90,dw00;dw01;dw02;dw03;dw04;dw05;dw06;dw07;dw08,dw00;dw01;dw02;dw03;dw04;dw05;dw06;dw07;dw08,dw07;dw08,165,1,2026-08-27T10:33:05.348+0200,dw08,028E,32,2765,-135,2243,1616,2.53,22247
ground-height-0m-20260825-163632,d028m_r090_run01.csv,0,28,90,dw00;dw01;dw02;dw03;dw04;dw05;dw06;dw07;dw08,dw00;dw01;dw02;dw03;dw04;dw05;dw06;dw07;dw08,dw07;dw08,165,1,2026-08-27T10:33:05.547+0200,dw08,028E,33,2768,162,1190,2499,2.53,22277
ground-height-0m-20260825-163632,d028m_r090_run01.csv,0,28,90,dw00;dw01;dw02;dw03;dw04;dw05;dw06;dw07;dw08,dw00;dw01;dw02;dw03;dw04;dw05;dw06;dw07;dw08,dw07;dw08,165,1,2026-08-27T10:33:05.947+0200,dw08,028E,35,2767,-130,2318,1510,2.50,22216
ground-height-0m-20260825-163632,d028m_r090_run01.csv,0,28,90,dw00;dw01;dw02;dw03;dw04;dw05;dw06;dw07;dw08,dw00;dw01;dw02;dw03;dw04;dw05;dw06;dw07;dw08,dw07;dw08,165,1,2026-08-27T10:33:06.147+0200,dw08,028E,36,2763,-107,2708,550,2.65,22277
ground-height-0m-20260825-163632,d028m_r090_run01.csv,0,28,90,dw00;dw01;dw02;dw03;dw04;dw05;dw06;dw07;dw08,dw00;dw01;dw02;dw03;dw04;dw05;dw06;dw07;dw08,dw07;dw08,165,1,2026-08-27T10:33:06.347+0200,dw08,028E,37,2768,174,1388,2394,2.65,22247
ground-height-0m-20260825-163632,d028m_r090_run01.csv,0,28,90,dw00;dw01;dw02;dw03;dw04;dw05;dw06;dw07;dw08,dw00;dw01;dw02;dw03;dw04;dw05;dw06;dw07;dw08,dw07;dw08,165,1,2026-08-27T10:33:06.963+0200,dw08,028E,40,2766,64,-484,2723,2.71,37811
ground-height-0m-20260825-163632,d028m_r090_run01.csv,0,28,90,dw00;dw01;dw02;dw03;dw04;dw05;dw06;dw07;dw08,dw00;dw01;dw02;dw03;dw04;dw05;dw06;dw07;dw08,dw07;dw08,165,1,2026-08-27T10:33:07.146+0200,dw08,028E,41,2765,-138,2182,1698,2.53,22308
ground-height-0m-20260825-163632,d028m_r090_run01.csv,0,28,90,dw00;dw01;dw02;dw03;dw04;dw05;dw06;dw07;dw08,dw00;dw01;dw02;dw03;dw04;dw05;dw06;dw07;dw08,dw07;dw08,165,1,2026-08-27T10:33:07.778+0200,dw08,028E,44,2764,35,-973,2587,2.65,53497
ground-height-0m-20260825-163632,d028m_r090_run01.csv,0,28,90,dw00;dw01;dw02;dw03;dw04;dw05;dw06;dw07;dw08,dw00;dw01;dw02;dw03;dw04;dw05;dw06;dw07;dw08,dw07;dw08,165,1,2026-08-27T10:33:07.946+0200,dw08,028E,45,2763,-104,2763,0,2.59,22277
ground-height-0m-20260825-163632,d028m_r090_run01.csv,0,28,90,dw00;dw01;dw02;dw03;dw04;dw05;dw06;dw07;dw08,dw00;dw01;dw02;dw03;dw04;dw05;dw06;dw07;dw08,dw07;dw08,165,1,2026-08-27T10:33:08.946+0200,dw08,028E,50,2770,-85,-2770,0,2.59,22308
ground-height-0m-20260825-163632,d028m_r090_run01.csv,0,28,90,dw00;dw01;dw02;dw03;dw04;dw05;dw06;dw07;dw08,dw00;dw01;dw02;dw03;dw04;dw05;dw06;dw07;dw08,dw07;dw08,165,1,2026-08-27T10:33:09.146+0200,dw08,028E,51,2764,-148,2013,1894,2.50,22247
ground-height-0m-20260825-163632,d028m_r090_run01.csv,0,28,90,dw00;dw01;dw02;dw03;dw04;dw05;dw06;dw07;dw08,dw00;dw01;dw02;dw03;dw04;dw05;dw06;dw07;dw08,dw07;dw08,165,1,2026-08-27T10:33:09.346+0200,dw08,028E,52,2761,-170,1636,2224,2.53,22247
ground-height-0m-20260825-163632,d028m_r090_run01.csv,0,28,90,dw00;dw01;dw02;dw03;dw04;dw05;dw06;dw07;dw08,dw00;dw01;dw02;dw03;dw04;dw05;dw06;dw07;dw08,dw07;dw08,165,1,2026-08-27T10:33:09.746+0200,dw08,028E,54,2766,-100,2766,0,2.59,22277
ground-height-0m-20260825-163632,d028m_r090_run01.csv,0,28,90,dw00;dw01;dw02;dw03;dw04;dw05;dw06;dw07;dw08,dw00;dw01;dw02;dw03;dw04;dw05;dw06;dw07;dw08,dw07;dw08,165,1,2026-08-27T10:33:10.746+0200,dw08,028E,59,2768,129,616,2699,2.65,22247
ground-height-0m-20260825-163632,d028m_r090_run01.csv,0,28,90,dw00;dw01;dw02;dw03;dw04;dw05;dw06;dw07;dw08,dw00;dw01;dw02;dw03;dw04;dw05;dw06;dw07;dw08,dw07;dw08,165,1,2026-08-27T10:33:11.145+0200,dw08,028E,61,2767,133,695,2678,2.44,22247
ground-height-0m-20260825-163632,d028m_r090_run01.csv,0,28,90,dw00;dw01;dw02;dw03;dw04;dw05;dw06;dw07;dw08,dw00;dw01;dw02;dw03;dw04;dw05;dw06;dw07;dw08,dw07;dw08,165,1,2026-08-27T10:33:11.545+0200,dw08,028E,63,2765,-171,1620,2241,2.59,22247
ground-height-0m-20260825-163632,d028m_r090_run01.csv,0,28,90,dw00;dw01;dw02;dw03;dw04;dw05;dw06;dw07;dw08,dw00;dw01;dw02;dw03;dw04;dw05;dw06;dw07;dw08,dw07;dw08,165,1,2026-08-27T10:33:11.745+0200,dw08,028E,64,2766,-119,2517,1145,2.59,22277
ground-height-0m-20260825-163632,d028m_r090_run01.csv,0,28,90,dw00;dw01;dw02;dw03;dw04;dw05;dw06;dw07;dw08,dw00;dw01;dw02;dw03;dw04;dw05;dw06;dw07;dw08,dw07;dw08,165,1,2026-08-27T10:33:11.945+0200,dw08,028E,65,2771,-112,2632,867,2.65,22247
ground-height-0m-20260825-163632,d028m_r090_run01.csv,0,28,90,dw00;dw01;dw02;dw03;dw04;dw05;dw06;dw07;dw08,dw00;dw01;dw02;dw03;dw04;dw05;dw06;dw07;dw08,dw07;dw08,165,1,2026-08-27T10:33:12.145+0200,dw08,028E,66,2767,158,1111,2534,2.59,22277
ground-height-0m-20260825-163632,d028m_r090_run01.csv,0,28,90,dw00;dw01;dw02;dw03;dw04;dw05;dw06;dw07;dw08,dw00;dw01;dw02;dw03;dw04;dw05;dw06;dw07;dw08,dw07;dw08,165,1,2026-08-27T10:33:12.560+0200,dw08,028E,68,2765,-14,-1836,2067,2.77,37811
ground-height-0m-20260825-163632,d028m_r090_run01.csv,0,28,90,dw00;dw01;dw02;dw03;dw04;dw05;dw06;dw07;dw08,dw00;dw01;dw02;dw03;dw04;dw05;dw06;dw07;dw08,dw07;dw08,165,1,2026-08-27T10:33:12.744+0200,dw08,028E,69,2770,-124,2438,1314,2.53,22308
ground-height-0m-20260825-163632,d028m_r090_run01.csv,0,28,90,dw00;dw01;dw02;dw03;dw04;dw05;dw06;dw07;dw08,dw00;dw01;dw02;dw03;dw04;dw05;dw06;dw07;dw08,dw07;dw08,165,1,2026-08-27T10:33:12.944+0200,dw08,028E,70,2763,-2,-1628,2232,2.59,22247
ground-height-0m-20260825-163632,d028m_r090_run01.csv,0,28,90,dw00;dw01;dw02;dw03;dw04;dw05;dw06;dw07;dw08,dw00;dw01;dw02;dw03;dw04;dw05;dw06;dw07;dw08,dw07;dw08,165,1,2026-08-27T10:33:13.360+0200,dw08,028E,72,2765,44,-823,2639,2.65,37841
ground-height-0m-20260825-163632,d028m_r090_run01.csv,0,28,90,dw00;dw01;dw02;dw03;dw04;dw05;dw06;dw07;dw08,dw00;dw01;dw02;dw03;dw04;dw05;dw06;dw07;dw08,dw07;dw08,165,1,2026-08-27T10:33:13.543+0200,dw08,028E,73,2767,-121,2475,1237,2.50,22308
ground-height-0m-20260825-163632,d028m_r090_run01.csv,0,28,90,dw00;dw01;dw02;dw03;dw04;dw05;dw06;dw07;dw08,dw00;dw01;dw02;dw03;dw04;dw05;dw06;dw07;dw08,dw07;dw08,165,1,2026-08-27T10:33:13.743+0200,dw08,028E,74,2761,-119,2512,1146,2.44,22247
ground-height-0m-20260825-163632,d028m_r090_run01.csv,0,28,90,dw00;dw01;dw02;dw03;dw04;dw05;dw06;dw07;dw08,dw00;dw01;dw02;dw03;dw04;dw05;dw06;dw07;dw08,dw07;dw08,165,1,2026-08-27T10:33:14.159+0200,dw08,028E,76,2759,-59,-2595,938,2.71,37872
ground-height-0m-20260825-163632,d028m_r090_run01.csv,0,28,90,dw00;dw01;dw02;dw03;dw04;dw05;dw06;dw07;dw08,dw00;dw01;dw02;dw03;dw04;dw05;dw06;dw07;dw08,dw07;dw08,165,1,2026-08-27T10:33:14.343+0200,dw08,028E,77,2768,-135,2244,1620,2.53,22338
ground-height-0m-20260825-163632,d028m_r090_run01.csv,0,28,90,dw00;dw01;dw02;dw03;dw04;dw05;dw06;dw07;dw08,dw00;dw01;dw02;dw03;dw04;dw05;dw06;dw07;dw08,dw07;dw08,165,1,2026-08-27T10:33:14.543+0200,dw08,028E,78,2762,-151,1957,1949,2.59,22247
ground-height-0m-20260825-163632,d028m_r090_run01.csv,0,28,90,dw00;dw01;dw02;dw03;dw04;dw05;dw06;dw07;dw08,dw00;dw01;dw02;dw03;dw04;dw05;dw06;dw07;dw08,dw07;dw08,165,1,2026-08-27T10:33:15.543+0200,dw08,028E,83,2768,-144,2085,1821,2.53,22247
ground-height-0m-20260825-163632,d028m_r090_run01.csv,0,28,90,dw00;dw01;dw02;dw03;dw04;dw05;dw06;dw07;dw08,dw00;dw01;dw02;dw03;dw04;dw05;dw06;dw07;dw08,dw07;dw08,165,1,2026-08-27T10:33:15.942+0200,dw08,028E,85,2761,-113,2615,885,2.44,22247
ground-height-0m-20260825-163632,d028m_r090_run01.csv,0,28,90,dw00;dw01;dw02;dw03;dw04;dw05;dw06;dw07;dw08,dw00;dw01;dw02;dw03;dw04;dw05;dw06;dw07;dw08,dw07;dw08,165,1,2026-08-27T10:33:16.142+0200,dw08,028E,86,2763,-154,1920,1987,2.65,22247
ground-height-0m-20260825-163632,d028m_r090_run01.csv,0,28,90,dw00;dw01;dw02;dw03;dw04;dw05;dw06;dw07;dw08,dw00;dw01;dw02;dw03;dw04;dw05;dw06;dw07;dw08,dw07;dw08,165,1,2026-08-27T10:33:16.343+0200,dw08,028E,87,2765,-134,2262,1590,2.59,22247
ground-height-0m-20260825-163632,d028m_r090_run01.csv,0,28,90,dw00;dw01;dw02;dw03;dw04;dw05;dw06;dw07;dw08,dw00;dw01;dw02;dw03;dw04;dw05;dw06;dw07;dw08,dw07;dw08,165,1,2026-08-27T10:33:16.543+0200,dw08,028E,88,2767,-63,-2666,737,2.50,22277
ground-height-0m-20260825-163632,d028m_r090_run01.csv,0,28,90,dw00;dw01;dw02;dw03;dw04;dw05;dw06;dw07;dw08,dw00;dw01;dw02;dw03;dw04;dw05;dw06;dw07;dw08,dw07;dw08,165,1,2026-08-27T10:33:16.958+0200,dw08,028E,90,2763,116,408,2733,2.77,37872
ground-height-0m-20260825-163632,d028m_r090_run01.csv,0,28,90,dw00;dw01;dw02;dw03;dw04;dw05;dw06;dw07;dw08,dw00;dw01;dw02;dw03;dw04;dw05;dw06;dw07;dw08,dw07;dw08,165,1,2026-08-27T10:33:17.757+0200,dw08,028E,94,2764,55,-644,2688,2.83,37811
ground-height-0m-20260825-163632,d028m_r090_run01.csv,0,28,90,dw00;dw01;dw02;dw03;dw04;dw05;dw06;dw07;dw08,dw00;dw01;dw02;dw03;dw04;dw05;dw06;dw07;dw08,dw07;dw08,165,1,2026-08-27T10:33:17.942+0200,dw08,028E,95,2761,-139,2166,1712,2.65,22338
ground-height-0m-20260825-163632,d028m_r090_run01.csv,0,28,90,dw00;dw01;dw02;dw03;dw04;dw05;dw06;dw07;dw08,dw00;dw01;dw02;dw03;dw04;dw05;dw06;dw07;dw08,dw07;dw08,165,1,2026-08-27T10:33:18.142+0200,dw08,028E,96,2764,18,-1267,2456,2.71,22247
ground-height-0m-20260825-163632,d028m_r090_run01.csv,0,28,90,dw00;dw01;dw02;dw03;dw04;dw05;dw06;dw07;dw08,dw00;dw01;dw02;dw03;dw04;dw05;dw06;dw07;dw08,dw07;dw08,165,1,2026-08-27T10:33:18.742+0200,dw08,028E,99,2767,-103,2767,0,2.50,22247
ground-height-0m-20260825-163632,d028m_r090_run01.csv,0,28,90,dw00;dw01;dw02;dw03;dw04;dw05;dw06;dw07;dw08,dw00;dw01;dw02;dw03;dw04;dw05;dw06;dw07;dw08,dw07;dw08,165,1,2026-08-27T10:33:18.942+0200,dw08,028E,100,2764,-108,2695,612,2.53,22247
ground-height-0m-20260825-163632,d028m_r090_run01.csv,0,28,90,dw00;dw01;dw02;dw03;dw04;dw05;dw06;dw07;dw08,dw00;dw01;dw02;dw03;dw04;dw05;dw06;dw07;dw08,dw07;dw08,165,1,2026-08-27T10:33:19.573+0200,dw08,028E,103,2766,50,-721,2670,2.83,53497
ground-height-0m-20260825-163632,d028m_r090_run01.csv,0,28,90,dw00;dw01;dw02;dw03;dw04;dw05;dw06;dw07;dw08,dw00;dw01;dw02;dw03;dw04;dw05;dw06;dw07;dw08,dw07;dw08,165,1,2026-08-27T10:33:19.742+0200,dw08,028E,104,2763,-108,2704,567,2.59,22308
ground-height-0m-20260825-163632,d028m_r090_run01.csv,0,28,90,dw00;dw01;dw02;dw03;dw04;dw05;dw06;dw07;dw08,dw00;dw01;dw02;dw03;dw04;dw05;dw06;dw07;dw08,dw07;dw08,165,1,2026-08-27T10:33:20.141+0200,dw08,028E,106,2765,-63,-2660,754,2.59,22277
ground-height-0m-20260825-163632,d028m_r090_run01.csv,0,28,90,dw00;dw01;dw02;dw03;dw04;dw05;dw06;dw07;dw08,dw00;dw01;dw02;dw03;dw04;dw05;dw06;dw07;dw08,dw07;dw08,165,1,2026-08-27T10:33:20.741+0200,dw08,028E,109,2761,-173,1590,2257,2.71,22277
ground-height-0m-20260825-163632,d028m_r090_run01.csv,0,28,90,dw00;dw01;dw02;dw03;dw04;dw05;dw06;dw07;dw08,dw00;dw01;dw02;dw03;dw04;dw05;dw06;dw07;dw08,dw07;dw08,165,1,2026-08-27T10:33:20.941+0200,dw08,028E,110,2769,-113,2613,918,2.59,22247
ground-height-0m-20260825-163632,d028m_r090_run01.csv,0,28,90,dw00;dw01;dw02;dw03;dw04;dw05;dw06;dw07;dw08,dw00;dw01;dw02;dw03;dw04;dw05;dw06;dw07;dw08,dw07;dw08,165,1,2026-08-27T10:33:21.556+0200,dw08,028E,113,2765,-17,-1875,2032,2.83,37872
ground-height-0m-20260825-163632,d028m_r090_run01.csv,0,28,90,dw00;dw01;dw02;dw03;dw04;dw05;dw06;dw07;dw08,dw00;dw01;dw02;dw03;dw04;dw05;dw06;dw07;dw08,dw07;dw08,165,1,2026-08-27T10:33:21.941+0200,dw08,028E,115,2765,-112,2627,861,2.65,22247
ground-height-0m-20260825-163632,d028m_r090_run01.csv,0,28,90,dw00;dw01;dw02;dw03;dw04;dw05;dw06;dw07;dw08,dw00;dw01;dw02;dw03;dw04;dw05;dw06;dw07;dw08,dw07;dw08,165,1,2026-08-27T10:33:22.540+0200,dw08,028E,118,2765,-84,-2765,0,2.59,22308
ground-height-0m-20260825-163632,d028m_r090_run01.csv,0,28,90,dw00;dw01;dw02;dw03;dw04;dw05;dw06;dw07;dw08,dw00;dw01;dw02;dw03;dw04;dw05;dw06;dw07;dw08,dw07;dw08,165,1,2026-08-27T10:33:22.940+0200,dw08,028E,120,2772,-77,-2772,0,2.65,22247
ground-height-0m-20260825-163632,d028m_r090_run01.csv,0,28,90,dw00;dw01;dw02;dw03;dw04;dw05;dw06;dw07;dw08,dw00;dw01;dw02;dw03;dw04;dw05;dw06;dw07;dw08,dw07;dw08,165,1,2026-08-27T10:33:23.355+0200,dw08,028E,122,2766,114,361,2742,2.89,37902
ground-height-0m-20260825-163632,d028m_r090_run01.csv,0,28,90,dw00;dw01;dw02;dw03;dw04;dw05;dw06;dw07;dw08,dw00;dw01;dw02;dw03;dw04;dw05;dw06;dw07;dw08,dw07;dw08,165,1,2026-08-27T10:33:23.540+0200,dw08,028E,123,2762,79,-221,2753,2.71,22338
ground-height-0m-20260825-163632,d028m_r090_run01.csv,0,28,90,dw00;dw01;dw02;dw03;dw04;dw05;dw06;dw07;dw08,dw00;dw01;dw02;dw03;dw04;dw05;dw06;dw07;dw08,dw07;dw08,165,1,2026-08-27T10:33:23.740+0200,dw08,028E,124,2771,-54,-2509,1176,2.65,22216
ground-height-0m-20260825-163632,d028m_r090_run01.csv,0,28,90,dw00;dw01;dw02;dw03;dw04;dw05;dw06;dw07;dw08,dw00;dw01;dw02;dw03;dw04;dw05;dw06;dw07;dw08,dw07;dw08,165,1,2026-08-27T10:33:24.340+0200,dw08,028E,127,2766,-99,2766,0,2.71,22308
